Device_id,Model ID,Task ID,Stream ID,Name,Type,OP State,Accelerator Core,Start Time(us),Duration(us),Wait Time(us),Block Num,Mix Block Num,HF32 Eligible,Input Shapes,Input Data Types,Input Formats,Output Shapes,Output Data Types,Output Formats,Context ID
0,4294967295,1981,46,aclnnInplaceFillScalar_FillAiCore_Fill,Fill,dynamic,AI_VECTOR_CORE,1790269978253067.212	,0.980,0,1,0,NO,"""1;""",INT64;INT32,ND;ND,"""1""",INT32,ND,N/A
0,4294967295,1984,46,aclnnInplaceFillScalar_FillAiCore_Fill,Fill,dynamic,AI_VECTOR_CORE,1790269978253589.213	,0.920,521.020000,1,0,NO,"""1;""",INT64;INT32,ND;ND,"""1""",INT32,ND,N/A
0,4294967295,1989,46,aclnnIndex_IndexAiCore_Index,Index,dynamic,AI_VECTOR_CORE,1790269978254084.853	,9.020,494.580000,48,0,NO,"""1;1;1;10""",INT32;INT64;INT64;INT64,ND;ND;ND;ND,"""10""",INT32,ND,N/A
0,4294967295,1990,46,aclnnInplaceCopy_CastAiCore_Cast,Cast,dynamic,AI_VECTOR_CORE,1790269978254103.833	,0.900,9.980000,1,0,NO,"""10""",INT32,ND,"""10""",INT64,ND,N/A
0,4294967295,1991,46,aclnnAdd_AddAiCore_Add,Add,dynamic,AI_VECTOR_CORE,1790269978254125.214	,2.540,20.600000,1,0,NO,"""10;10""",INT64;INT64,ND;ND,"""10""",INT64,ND,N/A
0,4294967295,1993,46,aclnnAdd_AddAiCore_Add,Add,dynamic,AI_VECTOR_CORE,1790269978254210.037	,1.161,82.210000,1,0,NO,"""1;1""",INT32;INT32,ND;ND,"""1""",INT32,ND,N/A
0,4294967295,1995,46,_compute_slot_mapping_kernel,_compute_slot_mapping_kernel,static,AI_VECTOR_CORE,1790269978254806.201	,120.245,595.089000,2,0,YES,"""2;10;1,2""",2864699776;32729;INT32,ND;ND;ND,"""258""",INT64,ND,N/A
0,4294967295,1996,46,aclnnSubs_SubAiCore_Sub,Sub,dynamic,AI_VECTOR_CORE,1790269978255101.793	,1.400,175.255000,1,0,NO,"""1;""",INT32;INT32,ND;ND,"""1""",INT32,ND,N/A
0,4294967295,1998,46,aclnnIndexSelect_GatherV3AiCore_GatherV3,GatherV3,dynamic,AI_VECTOR_CORE,1790269978255705.137	,4.080,602.100000,10,0,NO,"""32768,64;10;1""",DT_BF16;INT64;INT64,ND;ND;ND,"""10,64""",DT_BF16,ND,N/A
0,4294967295,1999,46,aclnnRepeat_TileAiCore_Tile,Tile,dynamic,AI_VECTOR_CORE,1790269978255709.237	,1.900,0.000000,1,0,NO,"""10,2,32;3""",DT_BF16;INT64,NCL;ND,"""10,2,64""",DT_BF16,ND,N/A
0,4294967295,2000,46,aclnnInplaceCopy_SliceAiCore_Slice,Slice,dynamic,AI_VECTOR_CORE,1790269978255761.739	,2.621,50.600000,10,0,NO,"""10,128;2;2""",DT_BF16;INT64;INT64,NCHW;ND;ND,"""10,64""",DT_BF16,NCHW,N/A
0,4294967295,2001,46,aclnnIndexSelect_GatherV3AiCore_GatherV3,GatherV3,dynamic,AI_VECTOR_CORE,1790269978255764.400	,3.860,0.129000,10,0,NO,"""32768,64;10;1""",DT_BF16;INT64;INT64,ND;ND;ND,"""10,64""",DT_BF16,ND,N/A
0,4294967295,2002,46,aclnnRepeat_TileAiCore_Tile,Tile,dynamic,AI_VECTOR_CORE,1790269978255769.020	,1.360,0.640000,1,0,NO,"""10,2,32;3""",DT_BF16;INT64,NCL;ND,"""10,2,64""",DT_BF16,ND,N/A
0,4294967295,2003,46,aclnnInplaceCopy_SliceAiCore_Slice,Slice,dynamic,AI_VECTOR_CORE,1790269978255800.841	,2.340,30.390000,10,0,NO,"""10,128;2;2""",DT_BF16;INT64;INT64,NCHW;ND;ND,"""10,64""",DT_BF16,NCHW,N/A
0,4294967295,2004,46,aclnnInplaceCopy_CastAiCore_Cast,Cast,dynamic,AI_VECTOR_CORE,1790269978256293.361	,0.840,490.160000,1,0,NO,"""10""",INT32,ND,"""10""",INT64,ND,N/A
0,4294967295,2005,46,aclnnEmbedding_GatherV2AiCore_GatherV2,GatherV2,dynamic,AI_VECTOR_CORE,1790269978256319.242	,3.700,25.160000,10,0,NO,"""151936,896;10;1""",DT_BF16;INT64;INT64,ND;ND;ND,"""10,896""",DT_BF16,ND,N/A
0,4294967295,2006,46,RmsNorm,RmsNorm,dynamic,AI_VECTOR_CORE,1790269978256464.488	,6.240,141.550000,10,0,NO,"""10,896;896""",DT_BF16;DT_BF16,ND;ND,"""10,896;10,1""",DT_BF16;FLOAT,ND;ND,N/A
0,4294967295,2007,46,aclnnAddmm_CastAiCore_Cast,Cast,dynamic,AI_VECTOR_CORE,1790269978256679.016	,1.060,208.260000,2,0,NO,"""1152""",DT_BF16,ND,"""1152""",FLOAT,ND,N/A
0,4294967295,2008,46,aclnnAddmm_MatMulCommon_MatMulV2,MatMulV2,dynamic,AI_CORE,1790269978256682.296	,7.441,2.190000,24,0,NO,"""10,896;1152,896;1152""",DT_BF16;DT_BF16;FLOAT,ND;ND;ND,"""10,1152""",DT_BF16,ND,N/A
0,4294967295,2009,46,aclnnInplaceCopy_SliceAiCore_Slice,Slice,dynamic,AI_VECTOR_CORE,1790269978256867.104	,2.360,177.309000,10,0,NO,"""10,18,64;3;3""",DT_BF16;INT64;INT64,NCL;ND;ND,"""10,14,64""",DT_BF16,NCL,N/A
0,4294967295,2010,46,aclnnInplaceCopy_SliceAiCore_Slice,Slice,dynamic,AI_VECTOR_CORE,1790269978256869.624	,1.980,0.140000,10,0,NO,"""10,18,64;3;3""",DT_BF16;INT64;INT64,NCL;ND;ND,"""10,2,64""",DT_BF16,NCL,N/A
0,4294967295,2011,46,_triton_rope,_triton_rope,static,AI_VECTOR_CORE,1790269978257448.387	,4.560,577.020000,10,0,YES,"""10,14,64;10,2,64;32768,64""",DT_BF16;32729;DT_BF16,ND;ND;ND,"""10,14,64;10,2,64""",DT_BF16;32729,ND;ND,N/A
0,4294967295,2012,46,aclnnInplaceCopy_SliceAiCore_Slice,Slice,dynamic,AI_VECTOR_CORE,1790269978258183.096	,2.140,729.940000,10,0,NO,"""10,18,64;3;3""",DT_BF16;INT64;INT64,NCL;ND;ND,"""10,2,64""",DT_BF16,NCL,N/A
0,4294967295,2013,46,ReshapeAndCacheNdKernel,ReshapeAndCacheNdKernel,dynamic,AI_VECTOR_CORE,1790269978258255.579	,3.300,70.360000,10,0,NO,"""10,2,64;10,2,64;11823,128,2,64;11823,128,2,64;10""",DT_BF16;DT_BF16;DT_BF16;DT_BF16;INT32,ND;ND;ND;ND;ND,"""11823,128,2,64;11823,128,2,64""",DT_BF16;DT_BF16,ND;ND,N/A
0,4294967295,2014,46,aclnnContiguous_SliceAiCore_Slice,Slice,dynamic,AI_VECTOR_CORE,1790269978258770.920	,1.520,512.200000,10,0,NO,"""10,18,64;3;3""",DT_BF16;INT64;INT64,NCL;ND;ND,"""10,2,64""",DT_BF16,NCL,N/A
0,4294967295,2015,46,FusedInferAttentionScore,FusedInferAttentionScore,dynamic,MIX_AIC,1790269978258828.122	,23.181,55.480000,24,48,NO,"""10,14,64;10,2,64;10,2,64;;2048,2048;1;1;;;;;;;;;;;;;;;;;;;;;;;;""",DT_BF16;DT_BF16;DT_BF16;DT_UNDEFINED;INT8;INT64;INT64;DT_UNDEFINED;DT_UNDEFINED;DT_UNDEFINED;DT_UNDEFINED;DT_UNDEFINED;DT_UNDEFINED;DT_UNDEFINED;DT_UNDEFINED;DT_UNDEFINED;DT_UNDEFINED;DT_UNDEFINED;DT_UNDEFINED;DT_UNDEFINED;DT_UNDEFINED;DT_UNDEFINED;DT_UNDEFINED;DT_UNDEFINED;DT_UNDEFINED;DT_UNDEFINED;DT_UNDEFINED;DT_UNDEFINED;DT_UNDEFINED;DT_UNDEFINED;DT_UNDEFINED,ND;ND;ND;NULL;ND;ND;ND;NULL;NULL;NULL;NULL;NULL;NULL;NULL;NULL;NULL;NULL;NULL;NULL;NULL;NULL;NULL;NULL;NULL;NULL;NULL;NULL;NULL;NULL;NULL;NULL,"""10,14,64;""",DT_BF16;FLOAT,ND;ND,0
0,4294967295,2017,46,aclnnMatmul_MatMulCommon_MatMulV2,MatMulV2,dynamic,AI_CORE,1790269978259240.099	,5.820,388.819000,19,0,NO,"""10,896;896,896""",DT_BF16;DT_BF16,ND;ND,"""10,896""",DT_BF16,ND,N/A
0,4294967295,2018,46,AddRmsNormBias,AddRmsNormBias,dynamic,AI_VECTOR_CORE,1790269978259415.246	,3.820,169.430000,10,0,NO,"""10,896;10,896;896;""",DT_BF16;DT_BF16;DT_BF16;DT_UNDEFINED,ND;ND;ND;NULL,"""10,896;10,1;10,896""",DT_BF16;FLOAT;DT_BF16,ND;ND;ND,N/A
0,4294967295,2019,46,aclnnMatmul_MatMulCommon_MatMulV2,MatMulV2,dynamic,AI_CORE,1790269978259555.871	,19.281,136.680000,22,0,NO,"""10,896;9728,896""",DT_BF16;DT_BF16,ND;ND,"""10,9728""",DT_BF16,ND,N/A
0,4294967295,2020,46,SwiGlu,SwiGlu,dynamic,AI_VECTOR_CORE,1790269978259680.076	,6.040,104.969000,10,0,NO,"""10,9728""",DT_BF16,ND,"""10,4864""",DT_BF16,ND,N/A
0,4294967295,2021,46,aclnnMatmul_MatMulCommon_MatMulV2,MatMulV2,dynamic,AI_CORE,1790269978259815.342	,16.740,129.210000,19,0,NO,"""10,4864;896,4864""",DT_BF16;DT_BF16,ND;ND,"""10,896""",DT_BF16,ND,N/A
0,4294967295,2022,46,AddRmsNormBias,AddRmsNormBias,dynamic,AI_VECTOR_CORE,1790269978259977.228	,3.120,145.260000,10,0,NO,"""10,896;10,896;896;""",DT_BF16;DT_BF16;DT_BF16;DT_UNDEFINED,ND;ND;ND;NULL,"""10,896;10,1;10,896""",DT_BF16;FLOAT;DT_BF16,ND;ND;ND,N/A
0,4294967295,2023,46,aclnnAddmm_CastAiCore_Cast,Cast,dynamic,AI_VECTOR_CORE,1790269978260132.654	,1.080,152.380000,2,0,NO,"""1152""",DT_BF16,ND,"""1152""",FLOAT,ND,N/A
0,4294967295,2024,46,aclnnAddmm_MatMulCommon_MatMulV2,MatMulV2,dynamic,AI_CORE,1790269978260134.994	,8.281,1.170000,24,0,NO,"""10,896;1152,896;1152""",DT_BF16;DT_BF16;FLOAT,ND;ND;ND,"""10,1152""",DT_BF16,ND,N/A
0,4294967295,2025,46,aclnnInplaceCopy_SliceAiCore_Slice,Slice,dynamic,AI_VECTOR_CORE,1790269978260284.980	,2.060,141.719000,10,0,NO,"""10,18,64;3;3""",DT_BF16;INT64;INT64,NCL;ND;ND,"""10,14,64""",DT_BF16,NCL,N/A
0,4294967295,2026,46,aclnnInplaceCopy_SliceAiCore_Slice,Slice,dynamic,AI_VECTOR_CORE,1790269978260288.501	,1.980,1.440000,10,0,NO,"""10,18,64;3;3""",DT_BF16;INT64;INT64,NCL;ND;ND,"""10,2,64""",DT_BF16,NCL,N/A
0,4294967295,2027,46,_triton_rope,_triton_rope,static,AI_VECTOR_CORE,1790269978260857.243	,3.940,566.770000,10,0,YES,"""10,14,64;10,2,64;32768,64""",DT_BF16;32729;DT_BF16,ND;ND;ND,"""10,14,64;10,2,64""",DT_BF16;32729,ND;ND,N/A
0,4294967295,2028,46,aclnnInplaceCopy_SliceAiCore_Slice,Slice,dynamic,AI_VECTOR_CORE,1790269978261540.711	,2.240,679.560000,10,0,NO,"""10,18,64;3;3""",DT_BF16;INT64;INT64,NCL;ND;ND,"""10,2,64""",DT_BF16,NCL,N/A
0,4294967295,2029,46,ReshapeAndCacheNdKernel,ReshapeAndCacheNdKernel,dynamic,AI_VECTOR_CORE,1790269978261568.752	,3.140,25.760000,10,0,NO,"""10,2,64;10,2,64;11823,128,2,64;11823,128,2,64;10""",DT_BF16;DT_BF16;DT_BF16;DT_BF16;INT32,ND;ND;ND;ND;ND,"""11823,128,2,64;11823,128,2,64""",DT_BF16;DT_BF16,ND;ND,N/A
0,4294967295,2030,46,aclnnContiguous_SliceAiCore_Slice,Slice,dynamic,AI_VECTOR_CORE,1790269978262023.450	,1.520,451.610000,10,0,NO,"""10,18,64;3;3""",DT_BF16;INT64;INT64,NCL;ND;ND,"""10,2,64""",DT_BF16,NCL,N/A
0,4294967295,2031,46,FusedInferAttentionScore,FusedInferAttentionScore,dynamic,MIX_AIC,1790269978262040.391	,20.120,15.480000,24,48,NO,"""10,14,64;10,2,64;10,2,64;;2048,2048;1;1;;;;;;;;;;;;;;;;;;;;;;;;""",DT_BF16;DT_BF16;DT_BF16;DT_UNDEFINED;INT8;INT64;INT64;DT_UNDEFINED;DT_UNDEFINED;DT_UNDEFINED;DT_UNDEFINED;DT_UNDEFINED;DT_UNDEFINED;DT_UNDEFINED;DT_UNDEFINED;DT_UNDEFINED;DT_UNDEFINED;DT_UNDEFINED;DT_UNDEFINED;DT_UNDEFINED;DT_UNDEFINED;DT_UNDEFINED;DT_UNDEFINED;DT_UNDEFINED;DT_UNDEFINED;DT_UNDEFINED;DT_UNDEFINED;DT_UNDEFINED;DT_UNDEFINED;DT_UNDEFINED;DT_UNDEFINED,ND;ND;ND;NULL;ND;ND;ND;NULL;NULL;NULL;NULL;NULL;NULL;NULL;NULL;NULL;NULL;NULL;NULL;NULL;NULL;NULL;NULL;NULL;NULL;NULL;NULL;NULL;NULL;NULL;NULL,"""10,14,64;""",DT_BF16;FLOAT,ND;ND,0
0,4294967295,2033,46,aclnnMatmul_MatMulCommon_MatMulV2,MatMulV2,dynamic,AI_CORE,1790269978262516.650	,6.000,456.130000,19,0,NO,"""10,896;896,896""",DT_BF16;DT_BF16,ND;ND,"""10,896""",DT_BF16,ND,N/A
0,4294967295,2034,46,AddRmsNormBias,AddRmsNormBias,dynamic,AI_VECTOR_CORE,1790269978262670.976	,2.720,148.250000,10,0,NO,"""10,896;10,896;896;""",DT_BF16;DT_BF16;DT_BF16;DT_UNDEFINED,ND;ND;ND;NULL,"""10,896;10,1;10,896""",DT_BF16;FLOAT;DT_BF16,ND;ND;ND,N/A
0,4294967295,2035,46,aclnnMatmul_MatMulCommon_MatMulV2,MatMulV2,dynamic,AI_CORE,1790269978262814.621	,18.881,140.780000,22,0,NO,"""10,896;9728,896""",DT_BF16;DT_BF16,ND;ND,"""10,9728""",DT_BF16,ND,N/A
0,4294967295,2036,46,SwiGlu,SwiGlu,dynamic,AI_VECTOR_CORE,1790269978262926.666	,4.760,93.369000,10,0,NO,"""10,9728""",DT_BF16,ND,"""10,4864""",DT_BF16,ND,N/A
0,4294967295,2037,46,aclnnMatmul_MatMulCommon_MatMulV2,MatMulV2,dynamic,AI_CORE,1790269978263054.511	,16.441,122.990000,19,0,NO,"""10,4864;896,4864""",DT_BF16;DT_BF16,ND;ND,"""10,896""",DT_BF16,ND,N/A
0,4294967295,2038,46,AddRmsNormBias,AddRmsNormBias,dynamic,AI_VECTOR_CORE,1790269978263207.737	,2.880,136.809000,10,0,NO,"""10,896;10,896;896;""",DT_BF16;DT_BF16;DT_BF16;DT_UNDEFINED,ND;ND;ND;NULL,"""10,896;10,1;10,896""",DT_BF16;FLOAT;DT_BF16,ND;ND;ND,N/A
0,4294967295,2039,46,aclnnAddmm_CastAiCore_Cast,Cast,dynamic,AI_VECTOR_CORE,1790269978263353.743	,1.100,143.120000,2,0,NO,"""1152""",DT_BF16,ND,"""1152""",FLOAT,ND,N/A
0,4294967295,2040,46,aclnnAddmm_MatMulCommon_MatMulV2,MatMulV2,dynamic,AI_CORE,1790269978263357.283	,7.600,2.400000,24,0,NO,"""10,896;1152,896;1152""",DT_BF16;DT_BF16;FLOAT,ND;ND;ND,"""10,1152""",DT_BF16,ND,N/A
0,4294967295,2041,46,aclnnInplaceCopy_SliceAiCore_Slice,Slice,dynamic,AI_VECTOR_CORE,1790269978263502.609	,2.280,137.650000,10,0,NO,"""10,18,64;3;3""",DT_BF16;INT64;INT64,NCL;ND;ND,"""10,14,64""",DT_BF16,NCL,N/A
0,4294967295,2042,46,aclnnInplaceCopy_SliceAiCore_Slice,Slice,dynamic,AI_VECTOR_CORE,1790269978263506.129	,2.320,1.470000,10,0,NO,"""10,18,64;3;3""",DT_BF16;INT64;INT64,NCL;ND;ND,"""10,2,64""",DT_BF16,NCL,N/A
0,4294967295,2043,46,_triton_rope,_triton_rope,static,AI_VECTOR_CORE,1790269978264054.411	,4.320,545.930000,10,0,YES,"""10,14,64;10,2,64;32768,64""",DT_BF16;32729;DT_BF16,ND;ND;ND,"""10,14,64;10,2,64""",DT_BF16;32729,ND;ND,N/A
0,4294967295,2044,46,aclnnInplaceCopy_SliceAiCore_Slice,Slice,dynamic,AI_VECTOR_CORE,1790269978264715.157	,2.241,656.430000,10,0,NO,"""10,18,64;3;3""",DT_BF16;INT64;INT64,NCL;ND;ND,"""10,2,64""",DT_BF16,NCL,N/A
0,4294967295,2045,46,ReshapeAndCacheNdKernel,ReshapeAndCacheNdKernel,dynamic,AI_VECTOR_CORE,1790269978264731.938	,3.080,14.509000,10,0,NO,"""10,2,64;10,2,64;11823,128,2,64;11823,128,2,64;10""",DT_BF16;DT_BF16;DT_BF16;DT_BF16;INT32,ND;ND;ND;ND;ND,"""11823,128,2,64;11823,128,2,64""",DT_BF16;DT_BF16,ND;ND,N/A
0,4294967295,2046,46,aclnnContiguous_SliceAiCore_Slice,Slice,dynamic,AI_VECTOR_CORE,1790269978265218.358	,1.400,483.170000,10,0,NO,"""10,18,64;3;3""",DT_BF16;INT64;INT64,NCL;ND;ND,"""10,2,64""",DT_BF16,NCL,N/A
0,4294967295,2047,46,FusedInferAttentionScore,FusedInferAttentionScore,dynamic,MIX_AIC,1790269978265232.258	,19.501,12.600000,24,48,NO,"""10,14,64;10,2,64;10,2,64;;2048,2048;1;1;;;;;;;;;;;;;;;;;;;;;;;;""",DT_BF16;DT_BF16;DT_BF16;DT_UNDEFINED;INT8;INT64;INT64;DT_UNDEFINED;DT_UNDEFINED;DT_UNDEFINED;DT_UNDEFINED;DT_UNDEFINED;DT_UNDEFINED;DT_UNDEFINED;DT_UNDEFINED;DT_UNDEFINED;DT_UNDEFINED;DT_UNDEFINED;DT_UNDEFINED;DT_UNDEFINED;DT_UNDEFINED;DT_UNDEFINED;DT_UNDEFINED;DT_UNDEFINED;DT_UNDEFINED;DT_UNDEFINED;DT_UNDEFINED;DT_UNDEFINED;DT_UNDEFINED;DT_UNDEFINED;DT_UNDEFINED,ND;ND;ND;NULL;ND;ND;ND;NULL;NULL;NULL;NULL;NULL;NULL;NULL;NULL;NULL;NULL;NULL;NULL;NULL;NULL;NULL;NULL;NULL;NULL;NULL;NULL;NULL;NULL;NULL;NULL,"""10,14,64;""",DT_BF16;FLOAT,ND;ND,0
0,4294967295,2049,46,aclnnMatmul_MatMulCommon_MatMulV2,MatMulV2,dynamic,AI_CORE,1790269978265733.438	,5.860,481.749000,19,0,NO,"""10,896;896,896""",DT_BF16;DT_BF16,ND;ND,"""10,896""",DT_BF16,ND,N/A
0,4294967295,2050,46,AddRmsNormBias,AddRmsNormBias,dynamic,AI_VECTOR_CORE,1790269978265887.804	,2.981,148.390000,10,0,NO,"""10,896;10,896;896;""",DT_BF16;DT_BF16;DT_BF16;DT_UNDEFINED,ND;ND;ND;NULL,"""10,896;10,1;10,896""",DT_BF16;FLOAT;DT_BF16,ND;ND;ND,N/A
0,4294967295,2051,46,aclnnMatmul_MatMulCommon_MatMulV2,MatMulV2,dynamic,AI_CORE,1790269978266033.970	,19.581,143.269000,22,0,NO,"""10,896;9728,896""",DT_BF16;DT_BF16,ND;ND,"""10,9728""",DT_BF16,ND,N/A
0,4294967295,2052,46,SwiGlu,SwiGlu,dynamic,AI_VECTOR_CORE,1790269978266147.015	,5.360,93.419000,10,0,NO,"""10,9728""",DT_BF16,ND,"""10,4864""",DT_BF16,ND,N/A
0,4294967295,2053,46,aclnnMatmul_MatMulCommon_MatMulV2,MatMulV2,dynamic,AI_CORE,1790269978266270.440	,17.200,118.140000,19,0,NO,"""10,4864;896,4864""",DT_BF16;DT_BF16,ND;ND,"""10,896""",DT_BF16,ND,N/A
0,4294967295,2054,46,AddRmsNormBias,AddRmsNormBias,dynamic,AI_VECTOR_CORE,1790269978266413.865	,2.880,126.050000,10,0,NO,"""10,896;10,896;896;""",DT_BF16;DT_BF16;DT_BF16;DT_UNDEFINED,ND;ND;ND;NULL,"""10,896;10,1;10,896""",DT_BF16;FLOAT;DT_BF16,ND;ND;ND,N/A
0,4294967295,2055,46,aclnnAddmm_CastAiCore_Cast,Cast,dynamic,AI_VECTOR_CORE,1790269978266559.571	,1.060,142.870000,2,0,NO,"""1152""",DT_BF16,ND,"""1152""",FLOAT,ND,N/A
0,4294967295,2056,46,aclnnAddmm_MatMulCommon_MatMulV2,MatMulV2,dynamic,AI_CORE,1790269978266562.671	,8.201,2.190000,24,0,NO,"""10,896;1152,896;1152""",DT_BF16;DT_BF16;FLOAT,ND;ND;ND,"""10,1152""",DT_BF16,ND,N/A
0,4294967295,2057,46,aclnnInplaceCopy_SliceAiCore_Slice,Slice,dynamic,AI_VECTOR_CORE,1790269978266714.897	,2.360,144.049000,10,0,NO,"""10,18,64;3;3""",DT_BF16;INT64;INT64,NCL;ND;ND,"""10,14,64""",DT_BF16,NCL,N/A
0,4294967295,2058,46,aclnnInplaceCopy_SliceAiCore_Slice,Slice,dynamic,AI_VECTOR_CORE,1790269978266717.277	,2.301,0.000000,10,0,NO,"""10,18,64;3;3""",DT_BF16;INT64;INT64,NCL;ND;ND,"""10,2,64""",DT_BF16,NCL,N/A
0,4294967295,2059,46,_triton_rope,_triton_rope,static,AI_VECTOR_CORE,1790269978267247.979	,4.140,528.449000,10,0,YES,"""10,14,64;10,2,64;32768,64""",DT_BF16;32729;DT_BF16,ND;ND;ND,"""10,14,64;10,2,64""",DT_BF16;32729,ND;ND,N/A
0,4294967295,2060,46,aclnnInplaceCopy_SliceAiCore_Slice,Slice,dynamic,AI_VECTOR_CORE,1790269978267886.384	,2.240,634.360000,10,0,NO,"""10,18,64;3;3""",DT_BF16;INT64;INT64,NCL;ND;ND,"""10,2,64""",DT_BF16,NCL,N/A
0,4294967295,2061,46,ReshapeAndCacheNdKernel,ReshapeAndCacheNdKernel,dynamic,AI_VECTOR_CORE,1790269978267916.365	,3.641,27.510000,10,0,NO,"""10,2,64;10,2,64;11823,128,2,64;11823,128,2,64;10""",DT_BF16;DT_BF16;DT_BF16;DT_BF16;INT32,ND;ND;ND;ND;ND,"""11823,128,2,64;11823,128,2,64""",DT_BF16;DT_BF16,ND;ND,N/A
0,4294967295,2062,46,aclnnContiguous_SliceAiCore_Slice,Slice,dynamic,AI_VECTOR_CORE,1790269978268363.763	,1.520,443.859000,10,0,NO,"""10,18,64;3;3""",DT_BF16;INT64;INT64,NCL;ND;ND,"""10,2,64""",DT_BF16,NCL,N/A
0,4294967295,2063,46,FusedInferAttentionScore,FusedInferAttentionScore,dynamic,MIX_AIC,1790269978268385.864	,20.161,20.480000,24,48,NO,"""10,14,64;10,2,64;10,2,64;;2048,2048;1;1;;;;;;;;;;;;;;;;;;;;;;;;""",DT_BF16;DT_BF16;DT_BF16;DT_UNDEFINED;INT8;INT64;INT64;DT_UNDEFINED;DT_UNDEFINED;DT_UNDEFINED;DT_UNDEFINED;DT_UNDEFINED;DT_UNDEFINED;DT_UNDEFINED;DT_UNDEFINED;DT_UNDEFINED;DT_UNDEFINED;DT_UNDEFINED;DT_UNDEFINED;DT_UNDEFINED;DT_UNDEFINED;DT_UNDEFINED;DT_UNDEFINED;DT_UNDEFINED;DT_UNDEFINED;DT_UNDEFINED;DT_UNDEFINED;DT_UNDEFINED;DT_UNDEFINED;DT_UNDEFINED;DT_UNDEFINED,ND;ND;ND;NULL;ND;ND;ND;NULL;NULL;NULL;NULL;NULL;NULL;NULL;NULL;NULL;NULL;NULL;NULL;NULL;NULL;NULL;NULL;NULL;NULL;NULL;NULL;NULL;NULL;NULL;NULL,"""10,14,64;""",DT_BF16;FLOAT,ND;ND,0
0,4294967295,2065,46,aclnnMatmul_MatMulCommon_MatMulV2,MatMulV2,dynamic,AI_CORE,1790269978268815.981	,5.621,410.089000,19,0,NO,"""10,896;896,896""",DT_BF16;DT_BF16,ND;ND,"""10,896""",DT_BF16,ND,N/A
0,4294967295,2066,46,AddRmsNormBias,AddRmsNormBias,dynamic,AI_VECTOR_CORE,1790269978268981.668	,2.780,160.129000,10,0,NO,"""10,896;10,896;896;""",DT_BF16;DT_BF16;DT_BF16;DT_UNDEFINED,ND;ND;ND;NULL,"""10,896;10,1;10,896""",DT_BF16;FLOAT;DT_BF16,ND;ND;ND,N/A
0,4294967295,2067,46,aclnnMatmul_MatMulCommon_MatMulV2,MatMulV2,dynamic,AI_CORE,1790269978269129.274	,19.041,144.720000,22,0,NO,"""10,896;9728,896""",DT_BF16;DT_BF16,ND;ND,"""10,9728""",DT_BF16,ND,N/A
0,4294967295,2068,46,SwiGlu,SwiGlu,dynamic,AI_VECTOR_CORE,1790269978269260.959	,5.260,112.709000,10,0,NO,"""10,9728""",DT_BF16,ND,"""10,4864""",DT_BF16,ND,N/A
0,4294967295,2069,46,aclnnMatmul_MatMulCommon_MatMulV2,MatMulV2,dynamic,AI_CORE,1790269978269391.704	,16.501,125.490000,19,0,NO,"""10,4864;896,4864""",DT_BF16;DT_BF16,ND;ND,"""10,896""",DT_BF16,ND,N/A
0,4294967295,2070,46,AddRmsNormBias,AddRmsNormBias,dynamic,AI_VECTOR_CORE,1790269978269551.731	,2.900,143.499000,10,0,NO,"""10,896;10,896;896;""",DT_BF16;DT_BF16;DT_BF16;DT_UNDEFINED,ND;ND;ND;NULL,"""10,896;10,1;10,896""",DT_BF16;FLOAT;DT_BF16,ND;ND;ND,N/A
0,4294967295,2071,46,aclnnAddmm_CastAiCore_Cast,Cast,dynamic,AI_VECTOR_CORE,1790269978269691.456	,1.041,136.850000,2,0,NO,"""1152""",DT_BF16,ND,"""1152""",FLOAT,ND,N/A
0,4294967295,2072,46,aclnnAddmm_MatMulCommon_MatMulV2,MatMulV2,dynamic,AI_CORE,1790269978269694.757	,7.840,2.209000,24,0,NO,"""10,896;1152,896;1152""",DT_BF16;DT_BF16;FLOAT,ND;ND;ND,"""10,1152""",DT_BF16,ND,N/A
0,4294967295,2073,46,aclnnInplaceCopy_SliceAiCore_Slice,Slice,dynamic,AI_VECTOR_CORE,1790269978269836.542	,2.220,133.910000,10,0,NO,"""10,18,64;3;3""",DT_BF16;INT64;INT64,NCL;ND;ND,"""10,14,64""",DT_BF16,NCL,N/A
0,4294967295,2074,46,aclnnInplaceCopy_SliceAiCore_Slice,Slice,dynamic,AI_VECTOR_CORE,1790269978269838.782	,2.220,0.030000,10,0,NO,"""10,18,64;3;3""",DT_BF16;INT64;INT64,NCL;ND;ND,"""10,2,64""",DT_BF16,NCL,N/A
0,4294967295,2075,46,_triton_rope,_triton_rope,static,AI_VECTOR_CORE,1790269978270372.524	,4.020,531.530000,10,0,YES,"""10,14,64;10,2,64;32768,64""",DT_BF16;32729;DT_BF16,ND;ND;ND,"""10,14,64;10,2,64""",DT_BF16;32729,ND;ND,N/A
0,4294967295,2076,46,aclnnInplaceCopy_SliceAiCore_Slice,Slice,dynamic,AI_VECTOR_CORE,1790269978271015.329	,2.160,638.730000,10,0,NO,"""10,18,64;3;3""",DT_BF16;INT64;INT64,NCL;ND;ND,"""10,2,64""",DT_BF16,NCL,N/A
0,4294967295,2077,46,ReshapeAndCacheNdKernel,ReshapeAndCacheNdKernel,dynamic,AI_VECTOR_CORE,1790269978271042.550	,2.701,25.090000,10,0,NO,"""10,2,64;10,2,64;11823,128,2,64;11823,128,2,64;10""",DT_BF16;DT_BF16;DT_BF16;DT_BF16;INT32,ND;ND;ND;ND;ND,"""11823,128,2,64;11823,128,2,64""",DT_BF16;DT_BF16,ND;ND,N/A
0,4294967295,2078,46,aclnnContiguous_SliceAiCore_Slice,Slice,dynamic,AI_VECTOR_CORE,1790269978271499.809	,1.420,454.549000,10,0,NO,"""10,18,64;3;3""",DT_BF16;INT64;INT64,NCL;ND;ND,"""10,2,64""",DT_BF16,NCL,N/A
0,4294967295,2079,46,FusedInferAttentionScore,FusedInferAttentionScore,dynamic,MIX_AIC,1790269978271522.230	,20.400,21.080000,24,48,NO,"""10,14,64;10,2,64;10,2,64;;2048,2048;1;1;;;;;;;;;;;;;;;;;;;;;;;;""",DT_BF16;DT_BF16;DT_BF16;DT_UNDEFINED;INT8;INT64;INT64;DT_UNDEFINED;DT_UNDEFINED;DT_UNDEFINED;DT_UNDEFINED;DT_UNDEFINED;DT_UNDEFINED;DT_UNDEFINED;DT_UNDEFINED;DT_UNDEFINED;DT_UNDEFINED;DT_UNDEFINED;DT_UNDEFINED;DT_UNDEFINED;DT_UNDEFINED;DT_UNDEFINED;DT_UNDEFINED;DT_UNDEFINED;DT_UNDEFINED;DT_UNDEFINED;DT_UNDEFINED;DT_UNDEFINED;DT_UNDEFINED;DT_UNDEFINED;DT_UNDEFINED,ND;ND;ND;NULL;ND;ND;ND;NULL;NULL;NULL;NULL;NULL;NULL;NULL;NULL;NULL;NULL;NULL;NULL;NULL;NULL;NULL;NULL;NULL;NULL;NULL;NULL;NULL;NULL;NULL;NULL,"""10,14,64;""",DT_BF16;FLOAT,ND;ND,0
0,4294967295,2081,46,aclnnMatmul_MatMulCommon_MatMulV2,MatMulV2,dynamic,AI_CORE,1790269978271967.267	,5.801,424.600000,19,0,NO,"""10,896;896,896""",DT_BF16;DT_BF16,ND;ND,"""10,896""",DT_BF16,ND,N/A
0,4294967295,2082,46,AddRmsNormBias,AddRmsNormBias,dynamic,AI_VECTOR_CORE,1790269978272123.354	,3.060,150.199000,10,0,NO,"""10,896;10,896;896;""",DT_BF16;DT_BF16;DT_BF16;DT_UNDEFINED,ND;ND;ND;NULL,"""10,896;10,1;10,896""",DT_BF16;FLOAT;DT_BF16,ND;ND;ND,N/A
0,4294967295,2083,46,aclnnMatmul_MatMulCommon_MatMulV2,MatMulV2,dynamic,AI_CORE,1790269978272262.859	,19.201,136.440000,22,0,NO,"""10,896;9728,896""",DT_BF16;DT_BF16,ND;ND,"""10,9728""",DT_BF16,ND,N/A
0,4294967295,2084,46,SwiGlu,SwiGlu,dynamic,AI_VECTOR_CORE,1790269978272372.504	,5.680,90.549000,10,0,NO,"""10,9728""",DT_BF16,ND,"""10,4864""",DT_BF16,ND,N/A
0,4294967295,2085,46,aclnnMatmul_MatMulCommon_MatMulV2,MatMulV2,dynamic,AI_CORE,1790269978272493.248	,17.201,115.070000,19,0,NO,"""10,4864;896,4864""",DT_BF16;DT_BF16,ND;ND,"""10,896""",DT_BF16,ND,N/A
0,4294967295,2086,46,AddRmsNormBias,AddRmsNormBias,dynamic,AI_VECTOR_CORE,1790269978272635.154	,3.220,124.799000,10,0,NO,"""10,896;10,896;896;""",DT_BF16;DT_BF16;DT_BF16;DT_UNDEFINED,ND;ND;ND;NULL,"""10,896;10,1;10,896""",DT_BF16;FLOAT;DT_BF16,ND;ND;ND,N/A
0,4294967295,2087,46,aclnnAddmm_CastAiCore_Cast,Cast,dynamic,AI_VECTOR_CORE,1790269978272788.520	,1.200,150.030000,2,0,NO,"""1152""",DT_BF16,ND,"""1152""",FLOAT,ND,N/A
0,4294967295,2088,46,aclnnAddmm_MatMulCommon_MatMulV2,MatMulV2,dynamic,AI_CORE,1790269978272791.920	,8.221,2.300000,24,0,NO,"""10,896;1152,896;1152""",DT_BF16;DT_BF16;FLOAT,ND;ND;ND,"""10,1152""",DT_BF16,ND,N/A
0,4294967295,2089,46,aclnnInplaceCopy_SliceAiCore_Slice,Slice,dynamic,AI_VECTOR_CORE,1790269978272948.447	,2.600,148.279000,10,0,NO,"""10,18,64;3;3""",DT_BF16;INT64;INT64,NCL;ND;ND,"""10,14,64""",DT_BF16,NCL,N/A
0,4294967295,2090,46,aclnnInplaceCopy_SliceAiCore_Slice,Slice,dynamic,AI_VECTOR_CORE,1790269978272952.307	,2.440,1.150000,10,0,NO,"""10,18,64;3;3""",DT_BF16;INT64;INT64,NCL;ND;ND,"""10,2,64""",DT_BF16,NCL,N/A
0,4294967295,2091,46,_triton_rope,_triton_rope,static,AI_VECTOR_CORE,1790269978273500.769	,4.820,546.060000,10,0,YES,"""10,14,64;10,2,64;32768,64""",DT_BF16;32729;DT_BF16,ND;ND;ND,"""10,14,64;10,2,64""",DT_BF16;32729,ND;ND,N/A
0,4294967295,2092,46,aclnnInplaceCopy_SliceAiCore_Slice,Slice,dynamic,AI_VECTOR_CORE,1790269978274145.855	,2.280,640.180000,10,0,NO,"""10,18,64;3;3""",DT_BF16;INT64;INT64,NCL;ND;ND,"""10,2,64""",DT_BF16,NCL,N/A
0,4294967295,2093,46,ReshapeAndCacheNdKernel,ReshapeAndCacheNdKernel,dynamic,AI_VECTOR_CORE,1790269978274176.336	,3.180,28.220000,10,0,NO,"""10,2,64;10,2,64;11823,128,2,64;11823,128,2,64;10""",DT_BF16;DT_BF16;DT_BF16;DT_BF16;INT32,ND;ND;ND;ND;ND,"""11823,128,2,64;11823,128,2,64""",DT_BF16;DT_BF16,ND;ND,N/A
0,4294967295,2094,46,aclnnContiguous_SliceAiCore_Slice,Slice,dynamic,AI_VECTOR_CORE,1790269978274624.694	,1.520,445.320000,10,0,NO,"""10,18,64;3;3""",DT_BF16;INT64;INT64,NCL;ND;ND,"""10,2,64""",DT_BF16,NCL,N/A
0,4294967295,2095,46,FusedInferAttentionScore,FusedInferAttentionScore,dynamic,MIX_AIC,1790269978274639.194	,19.061,12.980000,24,48,NO,"""10,14,64;10,2,64;10,2,64;;2048,2048;1;1;;;;;;;;;;;;;;;;;;;;;;;;""",DT_BF16;DT_BF16;DT_BF16;DT_UNDEFINED;INT8;INT64;INT64;DT_UNDEFINED;DT_UNDEFINED;DT_UNDEFINED;DT_UNDEFINED;DT_UNDEFINED;DT_UNDEFINED;DT_UNDEFINED;DT_UNDEFINED;DT_UNDEFINED;DT_UNDEFINED;DT_UNDEFINED;DT_UNDEFINED;DT_UNDEFINED;DT_UNDEFINED;DT_UNDEFINED;DT_UNDEFINED;DT_UNDEFINED;DT_UNDEFINED;DT_UNDEFINED;DT_UNDEFINED;DT_UNDEFINED;DT_UNDEFINED;DT_UNDEFINED;DT_UNDEFINED,ND;ND;ND;NULL;ND;ND;ND;NULL;NULL;NULL;NULL;NULL;NULL;NULL;NULL;NULL;NULL;NULL;NULL;NULL;NULL;NULL;NULL;NULL;NULL;NULL;NULL;NULL;NULL;NULL;NULL,"""10,14,64;""",DT_BF16;FLOAT,ND;ND,0
0,4294967295,2097,46,aclnnMatmul_MatMulCommon_MatMulV2,MatMulV2,dynamic,AI_CORE,1790269978275099.793	,5.640,441.439000,19,0,NO,"""10,896;896,896""",DT_BF16;DT_BF16,ND;ND,"""10,896""",DT_BF16,ND,N/A
0,4294967295,2098,46,AddRmsNormBias,AddRmsNormBias,dynamic,AI_VECTOR_CORE,1790269978275267.099	,2.740,161.610000,10,0,NO,"""10,896;10,896;896;""",DT_BF16;DT_BF16;DT_BF16;DT_UNDEFINED,ND;ND;ND;NULL,"""10,896;10,1;10,896""",DT_BF16;FLOAT;DT_BF16,ND;ND;ND,N/A
0,4294967295,2099,46,aclnnMatmul_MatMulCommon_MatMulV2,MatMulV2,dynamic,AI_CORE,1790269978275430.566	,18.621,160.760000,22,0,NO,"""10,896;9728,896""",DT_BF16;DT_BF16,ND;ND,"""10,9728""",DT_BF16,ND,N/A
0,4294967295,2100,46,SwiGlu,SwiGlu,dynamic,AI_VECTOR_CORE,1790269978275551.971	,5.300,102.879000,10,0,NO,"""10,9728""",DT_BF16,ND,"""10,4864""",DT_BF16,ND,N/A
0,4294967295,2101,46,aclnnMatmul_MatMulCommon_MatMulV2,MatMulV2,dynamic,AI_CORE,1790269978275683.916	,16.961,126.700000,19,0,NO,"""10,4864;896,4864""",DT_BF16;DT_BF16,ND;ND,"""10,896""",DT_BF16,ND,N/A
0,4294967295,2102,46,AddRmsNormBias,AddRmsNormBias,dynamic,AI_VECTOR_CORE,1790269978275837.922	,2.860,137.039000,10,0,NO,"""10,896;10,896;896;""",DT_BF16;DT_BF16;DT_BF16;DT_UNDEFINED,ND;ND;ND;NULL,"""10,896;10,1;10,896""",DT_BF16;FLOAT;DT_BF16,ND;ND;ND,N/A
0,4294967295,2103,46,aclnnAddmm_CastAiCore_Cast,Cast,dynamic,AI_VECTOR_CORE,1790269978275995.128	,1.021,154.390000,2,0,NO,"""1152""",DT_BF16,ND,"""1152""",FLOAT,ND,N/A
0,4294967295,2104,46,aclnnAddmm_MatMulCommon_MatMulV2,MatMulV2,dynamic,AI_CORE,1790269978275997.689	,7.360,1.479000,24,0,NO,"""10,896;1152,896;1152""",DT_BF16;DT_BF16;FLOAT,ND;ND;ND,"""10,1152""",DT_BF16,ND,N/A
0,4294967295,2105,46,aclnnInplaceCopy_SliceAiCore_Slice,Slice,dynamic,AI_VECTOR_CORE,1790269978276147.755	,2.180,142.640000,10,0,NO,"""10,18,64;3;3""",DT_BF16;INT64;INT64,NCL;ND;ND,"""10,14,64""",DT_BF16,NCL,N/A
0,4294967295,2106,46,aclnnInplaceCopy_SliceAiCore_Slice,Slice,dynamic,AI_VECTOR_CORE,1790269978276150.035	,2.300,0.070000,10,0,NO,"""10,18,64;3;3""",DT_BF16;INT64;INT64,NCL;ND;ND,"""10,2,64""",DT_BF16,NCL,N/A
0,4294967295,2107,46,_triton_rope,_triton_rope,static,AI_VECTOR_CORE,1790269978276716.917	,4.300,564.700000,10,0,YES,"""10,14,64;10,2,64;32768,64""",DT_BF16;32729;DT_BF16,ND;ND;ND,"""10,14,64;10,2,64""",DT_BF16;32729,ND;ND,N/A
0,4294967295,2108,46,aclnnInplaceCopy_SliceAiCore_Slice,Slice,dynamic,AI_VECTOR_CORE,1790269978277374.524	,2.120,653.200000,10,0,NO,"""10,18,64;3;3""",DT_BF16;INT64;INT64,NCL;ND;ND,"""10,2,64""",DT_BF16,NCL,N/A
0,4294967295,2109,46,ReshapeAndCacheNdKernel,ReshapeAndCacheNdKernel,dynamic,AI_VECTOR_CORE,1790269978277404.265	,3.080,27.630000,10,0,NO,"""10,2,64;10,2,64;11823,128,2,64;11823,128,2,64;10""",DT_BF16;DT_BF16;DT_BF16;DT_BF16;INT32,ND;ND;ND;ND;ND,"""11823,128,2,64;11823,128,2,64""",DT_BF16;DT_BF16,ND;ND,N/A
0,4294967295,2110,46,aclnnContiguous_SliceAiCore_Slice,Slice,dynamic,AI_VECTOR_CORE,1790269978277862.123	,1.440,454.670000,10,0,NO,"""10,18,64;3;3""",DT_BF16;INT64;INT64,NCL;ND;ND,"""10,2,64""",DT_BF16,NCL,N/A
0,4294967295,2111,46,FusedInferAttentionScore,FusedInferAttentionScore,dynamic,MIX_AIC,1790269978277884.724	,23.801,21.310000,24,48,NO,"""10,14,64;10,2,64;10,2,64;;2048,2048;1;1;;;;;;;;;;;;;;;;;;;;;;;;""",DT_BF16;DT_BF16;DT_BF16;DT_UNDEFINED;INT8;INT64;INT64;DT_UNDEFINED;DT_UNDEFINED;DT_UNDEFINED;DT_UNDEFINED;DT_UNDEFINED;DT_UNDEFINED;DT_UNDEFINED;DT_UNDEFINED;DT_UNDEFINED;DT_UNDEFINED;DT_UNDEFINED;DT_UNDEFINED;DT_UNDEFINED;DT_UNDEFINED;DT_UNDEFINED;DT_UNDEFINED;DT_UNDEFINED;DT_UNDEFINED;DT_UNDEFINED;DT_UNDEFINED;DT_UNDEFINED;DT_UNDEFINED;DT_UNDEFINED;DT_UNDEFINED,ND;ND;ND;NULL;ND;ND;ND;NULL;NULL;NULL;NULL;NULL;NULL;NULL;NULL;NULL;NULL;NULL;NULL;NULL;NULL;NULL;NULL;NULL;NULL;NULL;NULL;NULL;NULL;NULL;NULL,"""10,14,64;""",DT_BF16;FLOAT,ND;ND,0
0,4294967295,2113,46,aclnnMatmul_MatMulCommon_MatMulV2,MatMulV2,dynamic,AI_CORE,1790269978278370.543	,6.081,461.949000,19,0,NO,"""10,896;896,896""",DT_BF16;DT_BF16,ND;ND,"""10,896""",DT_BF16,ND,N/A
0,4294967295,2114,46,AddRmsNormBias,AddRmsNormBias,dynamic,AI_VECTOR_CORE,1790269978278535.750	,3.800,159.169000,10,0,NO,"""10,896;10,896;896;""",DT_BF16;DT_BF16;DT_BF16;DT_UNDEFINED,ND;ND;ND;NULL,"""10,896;10,1;10,896""",DT_BF16;FLOAT;DT_BF16,ND;ND;ND,N/A
0,4294967295,2115,46,aclnnMatmul_MatMulCommon_MatMulV2,MatMulV2,dynamic,AI_CORE,1790269978278682.116	,19.901,142.450000,22,0,NO,"""10,896;9728,896""",DT_BF16;DT_BF16,ND;ND,"""10,9728""",DT_BF16,ND,N/A
0,4294967295,2116,46,SwiGlu,SwiGlu,dynamic,AI_VECTOR_CORE,1790269978278808.781	,5.540,106.849000,10,0,NO,"""10,9728""",DT_BF16,ND,"""10,4864""",DT_BF16,ND,N/A
0,4294967295,2117,46,aclnnMatmul_MatMulCommon_MatMulV2,MatMulV2,dynamic,AI_CORE,1790269978278953.327	,16.900,138.960000,19,0,NO,"""10,4864;896,4864""",DT_BF16;DT_BF16,ND;ND,"""10,896""",DT_BF16,ND,N/A
0,4294967295,2118,46,AddRmsNormBias,AddRmsNormBias,dynamic,AI_VECTOR_CORE,1790269978279115.193	,3.580,145.100000,10,0,NO,"""10,896;10,896;896;""",DT_BF16;DT_BF16;DT_BF16;DT_UNDEFINED,ND;ND;ND;NULL,"""10,896;10,1;10,896""",DT_BF16;FLOAT;DT_BF16,ND;ND;ND,N/A
0,4294967295,2119,46,aclnnAddmm_CastAiCore_Cast,Cast,dynamic,AI_VECTOR_CORE,1790269978279272.839	,1.221,153.920000,2,0,NO,"""1152""",DT_BF16,ND,"""1152""",FLOAT,ND,N/A
0,4294967295,2120,46,aclnnAddmm_MatMulCommon_MatMulV2,MatMulV2,dynamic,AI_CORE,1790269978279275.240	,7.840,1.279000,24,0,NO,"""10,896;1152,896;1152""",DT_BF16;DT_BF16;FLOAT,ND;ND;ND,"""10,1152""",DT_BF16,ND,N/A
0,4294967295,2121,46,aclnnInplaceCopy_SliceAiCore_Slice,Slice,dynamic,AI_VECTOR_CORE,1790269978279420.265	,2.500,137.160000,10,0,NO,"""10,18,64;3;3""",DT_BF16;INT64;INT64,NCL;ND;ND,"""10,14,64""",DT_BF16,NCL,N/A
0,4294967295,2122,46,aclnnInplaceCopy_SliceAiCore_Slice,Slice,dynamic,AI_VECTOR_CORE,1790269978279423.425	,2.361,0.750000,10,0,NO,"""10,18,64;3;3""",DT_BF16;INT64;INT64,NCL;ND;ND,"""10,2,64""",DT_BF16,NCL,N/A
0,4294967295,2123,46,_triton_rope,_triton_rope,static,AI_VECTOR_CORE,1790269978279969.587	,4.060,543.639000,10,0,YES,"""10,14,64;10,2,64;32768,64""",DT_BF16;32729;DT_BF16,ND;ND;ND,"""10,14,64;10,2,64""",DT_BF16;32729,ND;ND,N/A
0,4294967295,2124,46,aclnnInplaceCopy_SliceAiCore_Slice,Slice,dynamic,AI_VECTOR_CORE,1790269978280619.993	,2.380,646.440000,10,0,NO,"""10,18,64;3;3""",DT_BF16;INT64;INT64,NCL;ND;ND,"""10,2,64""",DT_BF16,NCL,N/A
0,4294967295,2125,46,ReshapeAndCacheNdKernel,ReshapeAndCacheNdKernel,dynamic,AI_VECTOR_CORE,1790269978280649.175	,3.400,26.870000,10,0,NO,"""10,2,64;10,2,64;11823,128,2,64;11823,128,2,64;10""",DT_BF16;DT_BF16;DT_BF16;DT_BF16;INT32,ND;ND;ND;ND;ND,"""11823,128,2,64;11823,128,2,64""",DT_BF16;DT_BF16,ND;ND,N/A
0,4294967295,2126,46,aclnnContiguous_SliceAiCore_Slice,Slice,dynamic,AI_VECTOR_CORE,1790269978281104.293	,1.420,451.600000,10,0,NO,"""10,18,64;3;3""",DT_BF16;INT64;INT64,NCL;ND;ND,"""10,2,64""",DT_BF16,NCL,N/A
0,4294967295,2127,46,FusedInferAttentionScore,FusedInferAttentionScore,dynamic,MIX_AIC,1790269978281132.514	,20.181,26.830000,24,48,NO,"""10,14,64;10,2,64;10,2,64;;2048,2048;1;1;;;;;;;;;;;;;;;;;;;;;;;;""",DT_BF16;DT_BF16;DT_BF16;DT_UNDEFINED;INT8;INT64;INT64;DT_UNDEFINED;DT_UNDEFINED;DT_UNDEFINED;DT_UNDEFINED;DT_UNDEFINED;DT_UNDEFINED;DT_UNDEFINED;DT_UNDEFINED;DT_UNDEFINED;DT_UNDEFINED;DT_UNDEFINED;DT_UNDEFINED;DT_UNDEFINED;DT_UNDEFINED;DT_UNDEFINED;DT_UNDEFINED;DT_UNDEFINED;DT_UNDEFINED;DT_UNDEFINED;DT_UNDEFINED;DT_UNDEFINED;DT_UNDEFINED;DT_UNDEFINED;DT_UNDEFINED,ND;ND;ND;NULL;ND;ND;ND;NULL;NULL;NULL;NULL;NULL;NULL;NULL;NULL;NULL;NULL;NULL;NULL;NULL;NULL;NULL;NULL;NULL;NULL;NULL;NULL;NULL;NULL;NULL;NULL,"""10,14,64;""",DT_BF16;FLOAT,ND;ND,0
0,4294967295,2129,46,aclnnMatmul_MatMulCommon_MatMulV2,MatMulV2,dynamic,AI_CORE,1790269978281585.972	,5.640,433.319000,19,0,NO,"""10,896;896,896""",DT_BF16;DT_BF16,ND;ND,"""10,896""",DT_BF16,ND,N/A
0,4294967295,2130,46,AddRmsNormBias,AddRmsNormBias,dynamic,AI_VECTOR_CORE,1790269978281752.719	,2.760,161.110000,10,0,NO,"""10,896;10,896;896;""",DT_BF16;DT_BF16;DT_BF16;DT_UNDEFINED,ND;ND;ND;NULL,"""10,896;10,1;10,896""",DT_BF16;FLOAT;DT_BF16,ND;ND;ND,N/A
0,4294967295,2131,46,aclnnMatmul_MatMulCommon_MatMulV2,MatMulV2,dynamic,AI_CORE,1790269978281913.285	,22.061,157.740000,22,0,NO,"""10,896;9728,896""",DT_BF16;DT_BF16,ND;ND,"""10,9728""",DT_BF16,ND,N/A
0,4294967295,2132,46,SwiGlu,SwiGlu,dynamic,AI_VECTOR_CORE,1790269978282038.830	,5.200,103.439000,10,0,NO,"""10,9728""",DT_BF16,ND,"""10,4864""",DT_BF16,ND,N/A
0,4294967295,2133,46,aclnnMatmul_MatMulCommon_MatMulV2,MatMulV2,dynamic,AI_CORE,1790269978282168.035	,16.541,124.050000,19,0,NO,"""10,4864;896,4864""",DT_BF16;DT_BF16,ND;ND,"""10,896""",DT_BF16,ND,N/A
0,4294967295,2134,46,AddRmsNormBias,AddRmsNormBias,dynamic,AI_VECTOR_CORE,1790269978282322.761	,2.821,138.209000,10,0,NO,"""10,896;10,896;896;""",DT_BF16;DT_BF16;DT_BF16;DT_UNDEFINED,ND;ND;ND;NULL,"""10,896;10,1;10,896""",DT_BF16;FLOAT;DT_BF16,ND;ND;ND,N/A
0,4294967295,2135,46,aclnnAddmm_CastAiCore_Cast,Cast,dynamic,AI_VECTOR_CORE,1790269978282476.708	,1.260,151.179000,2,0,NO,"""1152""",DT_BF16,ND,"""1152""",FLOAT,ND,N/A
0,4294967295,2136,46,aclnnAddmm_MatMulCommon_MatMulV2,MatMulV2,dynamic,AI_CORE,1790269978282480.228	,7.300,2.240000,24,0,NO,"""10,896;1152,896;1152""",DT_BF16;DT_BF16;FLOAT,ND;ND;ND,"""10,1152""",DT_BF16,ND,N/A
0,4294967295,2137,46,aclnnInplaceCopy_SliceAiCore_Slice,Slice,dynamic,AI_VECTOR_CORE,1790269978282627.234	,2.180,139.700000,10,0,NO,"""10,18,64;3;3""",DT_BF16;INT64;INT64,NCL;ND;ND,"""10,14,64""",DT_BF16,NCL,N/A
0,4294967295,2138,46,aclnnInplaceCopy_SliceAiCore_Slice,Slice,dynamic,AI_VECTOR_CORE,1790269978282630.594	,2.240,1.070000,10,0,NO,"""10,18,64;3;3""",DT_BF16;INT64;INT64,NCL;ND;ND,"""10,2,64""",DT_BF16,NCL,N/A
0,4294967295,2139,46,_triton_rope,_triton_rope,static,AI_VECTOR_CORE,1790269978283166.655	,4.200,534.010000,10,0,YES,"""10,14,64;10,2,64;32768,64""",DT_BF16;32729;DT_BF16,ND;ND;ND,"""10,14,64;10,2,64""",DT_BF16;32729,ND;ND,N/A
0,4294967295,2140,46,aclnnInplaceCopy_SliceAiCore_Slice,Slice,dynamic,AI_VECTOR_CORE,1790269978283812.641	,2.260,641.800000,10,0,NO,"""10,18,64;3;3""",DT_BF16;INT64;INT64,NCL;ND;ND,"""10,2,64""",DT_BF16,NCL,N/A
0,4294967295,2141,46,ReshapeAndCacheNdKernel,ReshapeAndCacheNdKernel,dynamic,AI_VECTOR_CORE,1790269978283837.202	,2.940,22.240000,10,0,NO,"""10,2,64;10,2,64;11823,128,2,64;11823,128,2,64;10""",DT_BF16;DT_BF16;DT_BF16;DT_BF16;INT32,ND;ND;ND;ND;ND,"""11823,128,2,64;11823,128,2,64""",DT_BF16;DT_BF16,ND;ND,N/A
0,4294967295,2142,46,aclnnContiguous_SliceAiCore_Slice,Slice,dynamic,AI_VECTOR_CORE,1790269978284278.860	,1.400,438.560000,10,0,NO,"""10,18,64;3;3""",DT_BF16;INT64;INT64,NCL;ND;ND,"""10,2,64""",DT_BF16,NCL,N/A
0,4294967295,2143,46,FusedInferAttentionScore,FusedInferAttentionScore,dynamic,MIX_AIC,1790269978284300.541	,20.460,20.350000,24,48,NO,"""10,14,64;10,2,64;10,2,64;;2048,2048;1;1;;;;;;;;;;;;;;;;;;;;;;;;""",DT_BF16;DT_BF16;DT_BF16;DT_UNDEFINED;INT8;INT64;INT64;DT_UNDEFINED;DT_UNDEFINED;DT_UNDEFINED;DT_UNDEFINED;DT_UNDEFINED;DT_UNDEFINED;DT_UNDEFINED;DT_UNDEFINED;DT_UNDEFINED;DT_UNDEFINED;DT_UNDEFINED;DT_UNDEFINED;DT_UNDEFINED;DT_UNDEFINED;DT_UNDEFINED;DT_UNDEFINED;DT_UNDEFINED;DT_UNDEFINED;DT_UNDEFINED;DT_UNDEFINED;DT_UNDEFINED;DT_UNDEFINED;DT_UNDEFINED;DT_UNDEFINED,ND;ND;ND;NULL;ND;ND;ND;NULL;NULL;NULL;NULL;NULL;NULL;NULL;NULL;NULL;NULL;NULL;NULL;NULL;NULL;NULL;NULL;NULL;NULL;NULL;NULL;NULL;NULL;NULL;NULL,"""10,14,64;""",DT_BF16;FLOAT,ND;ND,0
0,4294967295,2145,46,aclnnMatmul_MatMulCommon_MatMulV2,MatMulV2,dynamic,AI_CORE,1790269978284776.720	,5.900,455.790000,19,0,NO,"""10,896;896,896""",DT_BF16;DT_BF16,ND;ND,"""10,896""",DT_BF16,ND,N/A
0,4294967295,2146,46,AddRmsNormBias,AddRmsNormBias,dynamic,AI_VECTOR_CORE,1790269978284934.426	,3.080,151.850000,10,0,NO,"""10,896;10,896;896;""",DT_BF16;DT_BF16;DT_BF16;DT_UNDEFINED,ND;ND;ND;NULL,"""10,896;10,1;10,896""",DT_BF16;FLOAT;DT_BF16,ND;ND;ND,N/A
0,4294967295,2147,46,aclnnMatmul_MatMulCommon_MatMulV2,MatMulV2,dynamic,AI_CORE,1790269978285079.772	,19.200,142.170000,22,0,NO,"""10,896;9728,896""",DT_BF16;DT_BF16,ND;ND,"""10,9728""",DT_BF16,ND,N/A
0,4294967295,2148,46,SwiGlu,SwiGlu,dynamic,AI_VECTOR_CORE,1790269978285212.717	,5.200,113.800000,10,0,NO,"""10,9728""",DT_BF16,ND,"""10,4864""",DT_BF16,ND,N/A
0,4294967295,2149,46,aclnnMatmul_MatMulCommon_MatMulV2,MatMulV2,dynamic,AI_CORE,1790269978285351.123	,16.880,133.050000,19,0,NO,"""10,4864;896,4864""",DT_BF16;DT_BF16,ND;ND,"""10,896""",DT_BF16,ND,N/A
0,4294967295,2150,46,AddRmsNormBias,AddRmsNormBias,dynamic,AI_VECTOR_CORE,1790269978285509.469	,3.040,141.620000,10,0,NO,"""10,896;10,896;896;""",DT_BF16;DT_BF16;DT_BF16;DT_UNDEFINED,ND;ND;ND;NULL,"""10,896;10,1;10,896""",DT_BF16;FLOAT;DT_BF16,ND;ND;ND,N/A
0,4294967295,2151,46,aclnnAddmm_CastAiCore_Cast,Cast,dynamic,AI_VECTOR_CORE,1790269978285649.754	,1.061,137.210000,2,0,NO,"""1152""",DT_BF16,ND,"""1152""",FLOAT,ND,N/A
0,4294967295,2152,46,aclnnAddmm_MatMulCommon_MatMulV2,MatMulV2,dynamic,AI_CORE,1790269978285652.875	,8.020,2.189000,24,0,NO,"""10,896;1152,896;1152""",DT_BF16;DT_BF16;FLOAT,ND;ND;ND,"""10,1152""",DT_BF16,ND,N/A
0,4294967295,2153,46,aclnnInplaceCopy_SliceAiCore_Slice,Slice,dynamic,AI_VECTOR_CORE,1790269978285792.820	,2.320,131.730000,10,0,NO,"""10,18,64;3;3""",DT_BF16;INT64;INT64,NCL;ND;ND,"""10,14,64""",DT_BF16,NCL,N/A
0,4294967295,2154,46,aclnnInplaceCopy_SliceAiCore_Slice,Slice,dynamic,AI_VECTOR_CORE,1790269978285796.280	,2.440,1.180000,10,0,NO,"""10,18,64;3;3""",DT_BF16;INT64;INT64,NCL;ND;ND,"""10,2,64""",DT_BF16,NCL,N/A
0,4294967295,2155,46,_triton_rope,_triton_rope,static,AI_VECTOR_CORE,1790269978286325.461	,4.541,526.810000,10,0,YES,"""10,14,64;10,2,64;32768,64""",DT_BF16;32729;DT_BF16,ND;ND;ND,"""10,14,64;10,2,64""",DT_BF16;32729,ND;ND,N/A
0,4294967295,2156,46,aclnnInplaceCopy_SliceAiCore_Slice,Slice,dynamic,AI_VECTOR_CORE,1790269978286961.727	,2.220,631.709000,10,0,NO,"""10,18,64;3;3""",DT_BF16;INT64;INT64,NCL;ND;ND,"""10,2,64""",DT_BF16,NCL,N/A
0,4294967295,2157,46,ReshapeAndCacheNdKernel,ReshapeAndCacheNdKernel,dynamic,AI_VECTOR_CORE,1790269978286984.788	,2.740,20.780000,10,0,NO,"""10,2,64;10,2,64;11823,128,2,64;11823,128,2,64;10""",DT_BF16;DT_BF16;DT_BF16;DT_BF16;INT32,ND;ND;ND;ND;ND,"""11823,128,2,64;11823,128,2,64""",DT_BF16;DT_BF16,ND;ND,N/A
0,4294967295,2158,46,aclnnContiguous_SliceAiCore_Slice,Slice,dynamic,AI_VECTOR_CORE,1790269978287423.385	,1.500,436.010000,10,0,NO,"""10,18,64;3;3""",DT_BF16;INT64;INT64,NCL;ND;ND,"""10,2,64""",DT_BF16,NCL,N/A
0,4294967295,2159,46,FusedInferAttentionScore,FusedInferAttentionScore,dynamic,MIX_AIC,1790269978287443.946	,17.921,19.000000,24,48,NO,"""10,14,64;10,2,64;10,2,64;;2048,2048;1;1;;;;;;;;;;;;;;;;;;;;;;;;""",DT_BF16;DT_BF16;DT_BF16;DT_UNDEFINED;INT8;INT64;INT64;DT_UNDEFINED;DT_UNDEFINED;DT_UNDEFINED;DT_UNDEFINED;DT_UNDEFINED;DT_UNDEFINED;DT_UNDEFINED;DT_UNDEFINED;DT_UNDEFINED;DT_UNDEFINED;DT_UNDEFINED;DT_UNDEFINED;DT_UNDEFINED;DT_UNDEFINED;DT_UNDEFINED;DT_UNDEFINED;DT_UNDEFINED;DT_UNDEFINED;DT_UNDEFINED;DT_UNDEFINED;DT_UNDEFINED;DT_UNDEFINED;DT_UNDEFINED;DT_UNDEFINED,ND;ND;ND;NULL;ND;ND;ND;NULL;NULL;NULL;NULL;NULL;NULL;NULL;NULL;NULL;NULL;NULL;NULL;NULL;NULL;NULL;NULL;NULL;NULL;NULL;NULL;NULL;NULL;NULL;NULL,"""10,14,64;""",DT_BF16;FLOAT,ND;ND,0
0,4294967295,2161,46,aclnnMatmul_MatMulCommon_MatMulV2,MatMulV2,dynamic,AI_CORE,1790269978287914.625	,5.880,452.579000,19,0,NO,"""10,896;896,896""",DT_BF16;DT_BF16,ND;ND,"""10,896""",DT_BF16,ND,N/A
0,4294967295,2162,46,AddRmsNormBias,AddRmsNormBias,dynamic,AI_VECTOR_CORE,1790269978288071.431	,2.780,151.120000,10,0,NO,"""10,896;10,896;896;""",DT_BF16;DT_BF16;DT_BF16;DT_UNDEFINED,ND;ND;ND;NULL,"""10,896;10,1;10,896""",DT_BF16;FLOAT;DT_BF16,ND;ND;ND,N/A
0,4294967295,2163,46,aclnnMatmul_MatMulCommon_MatMulV2,MatMulV2,dynamic,AI_CORE,1790269978288218.137	,19.501,143.970000,22,0,NO,"""10,896;9728,896""",DT_BF16;DT_BF16,ND;ND,"""10,9728""",DT_BF16,ND,N/A
0,4294967295,2164,46,SwiGlu,SwiGlu,dynamic,AI_VECTOR_CORE,1790269978288336.402	,5.940,98.749000,10,0,NO,"""10,9728""",DT_BF16,ND,"""10,4864""",DT_BF16,ND,N/A
0,4294967295,2165,46,aclnnMatmul_MatMulCommon_MatMulV2,MatMulV2,dynamic,AI_CORE,1790269978288461.347	,16.520,118.810000,19,0,NO,"""10,4864;896,4864""",DT_BF16;DT_BF16,ND;ND,"""10,896""",DT_BF16,ND,N/A
0,4294967295,2166,46,AddRmsNormBias,AddRmsNormBias,dynamic,AI_VECTOR_CORE,1790269978288621.193	,2.860,143.480000,10,0,NO,"""10,896;10,896;896;""",DT_BF16;DT_BF16;DT_BF16;DT_UNDEFINED,ND;ND;ND;NULL,"""10,896;10,1;10,896""",DT_BF16;FLOAT;DT_BF16,ND;ND;ND,N/A
0,4294967295,2167,46,aclnnAddmm_CastAiCore_Cast,Cast,dynamic,AI_VECTOR_CORE,1790269978288766.159	,1.080,142.140000,2,0,NO,"""1152""",DT_BF16,ND,"""1152""",FLOAT,ND,N/A
0,4294967295,2168,46,aclnnAddmm_MatMulCommon_MatMulV2,MatMulV2,dynamic,AI_CORE,1790269978288769.739	,7.280,2.420000,24,0,NO,"""10,896;1152,896;1152""",DT_BF16;DT_BF16;FLOAT,ND;ND;ND,"""10,1152""",DT_BF16,ND,N/A
0,4294967295,2169,46,aclnnInplaceCopy_SliceAiCore_Slice,Slice,dynamic,AI_VECTOR_CORE,1790269978288916.185	,2.320,139.220000,10,0,NO,"""10,18,64;3;3""",DT_BF16;INT64;INT64,NCL;ND;ND,"""10,14,64""",DT_BF16,NCL,N/A
0,4294967295,2170,46,aclnnInplaceCopy_SliceAiCore_Slice,Slice,dynamic,AI_VECTOR_CORE,1790269978288918.525	,2.140,0.000000,10,0,NO,"""10,18,64;3;3""",DT_BF16;INT64;INT64,NCL;ND;ND,"""10,2,64""",DT_BF16,NCL,N/A
0,4294967295,2171,46,_triton_rope,_triton_rope,static,AI_VECTOR_CORE,1790269978289486.168	,4.200,565.610000,10,0,YES,"""10,14,64;10,2,64;32768,64""",DT_BF16;32729;DT_BF16,ND;ND;ND,"""10,14,64;10,2,64""",DT_BF16;32729,ND;ND,N/A
0,4294967295,2172,46,aclnnInplaceCopy_SliceAiCore_Slice,Slice,dynamic,AI_VECTOR_CORE,1790269978290152.014	,2.241,661.550000,10,0,NO,"""10,18,64;3;3""",DT_BF16;INT64;INT64,NCL;ND;ND,"""10,2,64""",DT_BF16,NCL,N/A
0,4294967295,2173,46,ReshapeAndCacheNdKernel,ReshapeAndCacheNdKernel,dynamic,AI_VECTOR_CORE,1790269978290167.615	,3.060,13.259000,10,0,NO,"""10,2,64;10,2,64;11823,128,2,64;11823,128,2,64;10""",DT_BF16;DT_BF16;DT_BF16;DT_BF16;INT32,ND;ND;ND;ND;ND,"""11823,128,2,64;11823,128,2,64""",DT_BF16;DT_BF16,ND;ND,N/A
0,4294967295,2174,46,aclnnContiguous_SliceAiCore_Slice,Slice,dynamic,AI_VECTOR_CORE,1790269978290612.333	,1.460,441.690000,10,0,NO,"""10,18,64;3;3""",DT_BF16;INT64;INT64,NCL;ND;ND,"""10,2,64""",DT_BF16,NCL,N/A
0,4294967295,2175,46,FusedInferAttentionScore,FusedInferAttentionScore,dynamic,MIX_AIC,1790269978290624.453	,24.161,10.790000,24,48,NO,"""10,14,64;10,2,64;10,2,64;;2048,2048;1;1;;;;;;;;;;;;;;;;;;;;;;;;""",DT_BF16;DT_BF16;DT_BF16;DT_UNDEFINED;INT8;INT64;INT64;DT_UNDEFINED;DT_UNDEFINED;DT_UNDEFINED;DT_UNDEFINED;DT_UNDEFINED;DT_UNDEFINED;DT_UNDEFINED;DT_UNDEFINED;DT_UNDEFINED;DT_UNDEFINED;DT_UNDEFINED;DT_UNDEFINED;DT_UNDEFINED;DT_UNDEFINED;DT_UNDEFINED;DT_UNDEFINED;DT_UNDEFINED;DT_UNDEFINED;DT_UNDEFINED;DT_UNDEFINED;DT_UNDEFINED;DT_UNDEFINED;DT_UNDEFINED;DT_UNDEFINED,ND;ND;ND;NULL;ND;ND;ND;NULL;NULL;NULL;NULL;NULL;NULL;NULL;NULL;NULL;NULL;NULL;NULL;NULL;NULL;NULL;NULL;NULL;NULL;NULL;NULL;NULL;NULL;NULL;NULL,"""10,14,64;""",DT_BF16;FLOAT,ND;ND,0
0,4294967295,2177,46,aclnnMatmul_MatMulCommon_MatMulV2,MatMulV2,dynamic,AI_CORE,1790269978291097.792	,5.561,449.089000,19,0,NO,"""10,896;896,896""",DT_BF16;DT_BF16,ND;ND,"""10,896""",DT_BF16,ND,N/A
0,4294967295,2178,46,AddRmsNormBias,AddRmsNormBias,dynamic,AI_VECTOR_CORE,1790269978291255.319	,2.920,151.939000,10,0,NO,"""10,896;10,896;896;""",DT_BF16;DT_BF16;DT_BF16;DT_UNDEFINED,ND;ND;ND;NULL,"""10,896;10,1;10,896""",DT_BF16;FLOAT;DT_BF16,ND;ND;ND,N/A
0,4294967295,2179,46,aclnnMatmul_MatMulCommon_MatMulV2,MatMulV2,dynamic,AI_CORE,1790269978291397.024	,18.941,138.830000,22,0,NO,"""10,896;9728,896""",DT_BF16;DT_BF16,ND;ND,"""10,9728""",DT_BF16,ND,N/A
0,4294967295,2180,46,SwiGlu,SwiGlu,dynamic,AI_VECTOR_CORE,1790269978291508.869	,5.360,92.809000,10,0,NO,"""10,9728""",DT_BF16,ND,"""10,4864""",DT_BF16,ND,N/A
0,4294967295,2181,46,aclnnMatmul_MatMulCommon_MatMulV2,MatMulV2,dynamic,AI_CORE,1790269978291629.113	,16.561,114.890000,19,0,NO,"""10,4864;896,4864""",DT_BF16;DT_BF16,ND;ND,"""10,896""",DT_BF16,ND,N/A
0,4294967295,2182,46,AddRmsNormBias,AddRmsNormBias,dynamic,AI_VECTOR_CORE,1790269978291776.099	,2.800,130.439000,10,0,NO,"""10,896;10,896;896;""",DT_BF16;DT_BF16;DT_BF16;DT_UNDEFINED,ND;ND;ND;NULL,"""10,896;10,1;10,896""",DT_BF16;FLOAT;DT_BF16,ND;ND;ND,N/A
0,4294967295,2183,46,aclnnAddmm_CastAiCore_Cast,Cast,dynamic,AI_VECTOR_CORE,1790269978291925.925	,1.120,147.200000,2,0,NO,"""1152""",DT_BF16,ND,"""1152""",FLOAT,ND,N/A
0,4294967295,2184,46,aclnnAddmm_MatMulCommon_MatMulV2,MatMulV2,dynamic,AI_CORE,1790269978291929.745	,7.421,2.630000,24,0,NO,"""10,896;1152,896;1152""",DT_BF16;DT_BF16;FLOAT,ND;ND;ND,"""10,1152""",DT_BF16,ND,N/A
0,4294967295,2185,46,aclnnInplaceCopy_SliceAiCore_Slice,Slice,dynamic,AI_VECTOR_CORE,1790269978292081.612	,2.180,144.329000,10,0,NO,"""10,18,64;3;3""",DT_BF16;INT64;INT64,NCL;ND;ND,"""10,14,64""",DT_BF16,NCL,N/A
0,4294967295,2186,46,aclnnInplaceCopy_SliceAiCore_Slice,Slice,dynamic,AI_VECTOR_CORE,1790269978292083.872	,2.200,0.070000,10,0,NO,"""10,18,64;3;3""",DT_BF16;INT64;INT64,NCL;ND;ND,"""10,2,64""",DT_BF16,NCL,N/A
0,4294967295,2187,46,_triton_rope,_triton_rope,static,AI_VECTOR_CORE,1790269978292618.953	,5.300,533.050000,10,0,YES,"""10,14,64;10,2,64;32768,64""",DT_BF16;32729;DT_BF16,ND;ND;ND,"""10,14,64;10,2,64""",DT_BF16;32729,ND;ND,N/A
0,4294967295,2188,46,aclnnInplaceCopy_SliceAiCore_Slice,Slice,dynamic,AI_VECTOR_CORE,1790269978293282.200	,2.260,657.950000,10,0,NO,"""10,18,64;3;3""",DT_BF16;INT64;INT64,NCL;ND;ND,"""10,2,64""",DT_BF16,NCL,N/A
0,4294967295,2189,46,ReshapeAndCacheNdKernel,ReshapeAndCacheNdKernel,dynamic,AI_VECTOR_CORE,1790269978293298.300	,3.380,13.740000,10,0,NO,"""10,2,64;10,2,64;11823,128,2,64;11823,128,2,64;10""",DT_BF16;DT_BF16;DT_BF16;DT_BF16;INT32,ND;ND;ND;ND;ND,"""11823,128,2,64;11823,128,2,64""",DT_BF16;DT_BF16,ND;ND,N/A
0,4294967295,2190,46,aclnnContiguous_SliceAiCore_Slice,Slice,dynamic,AI_VECTOR_CORE,1790269978293752.378	,1.420,450.870000,10,0,NO,"""10,18,64;3;3""",DT_BF16;INT64;INT64,NCL;ND;ND,"""10,2,64""",DT_BF16,NCL,N/A
0,4294967295,2191,46,FusedInferAttentionScore,FusedInferAttentionScore,dynamic,MIX_AIC,1790269978293767.959	,20.661,14.080000,24,48,NO,"""10,14,64;10,2,64;10,2,64;;2048,2048;1;1;;;;;;;;;;;;;;;;;;;;;;;;""",DT_BF16;DT_BF16;DT_BF16;DT_UNDEFINED;INT8;INT64;INT64;DT_UNDEFINED;DT_UNDEFINED;DT_UNDEFINED;DT_UNDEFINED;DT_UNDEFINED;DT_UNDEFINED;DT_UNDEFINED;DT_UNDEFINED;DT_UNDEFINED;DT_UNDEFINED;DT_UNDEFINED;DT_UNDEFINED;DT_UNDEFINED;DT_UNDEFINED;DT_UNDEFINED;DT_UNDEFINED;DT_UNDEFINED;DT_UNDEFINED;DT_UNDEFINED;DT_UNDEFINED;DT_UNDEFINED;DT_UNDEFINED;DT_UNDEFINED;DT_UNDEFINED,ND;ND;ND;NULL;ND;ND;ND;NULL;NULL;NULL;NULL;NULL;NULL;NULL;NULL;NULL;NULL;NULL;NULL;NULL;NULL;NULL;NULL;NULL;NULL;NULL;NULL;NULL;NULL;NULL;NULL,"""10,14,64;""",DT_BF16;FLOAT,ND;ND,0
0,4294967295,2193,46,aclnnMatmul_MatMulCommon_MatMulV2,MatMulV2,dynamic,AI_CORE,1790269978294206.797	,6.020,418.089000,19,0,NO,"""10,896;896,896""",DT_BF16;DT_BF16,ND;ND,"""10,896""",DT_BF16,ND,N/A
0,4294967295,2194,46,AddRmsNormBias,AddRmsNormBias,dynamic,AI_VECTOR_CORE,1790269978294367.263	,2.960,154.480000,10,0,NO,"""10,896;10,896;896;""",DT_BF16;DT_BF16;DT_BF16;DT_UNDEFINED,ND;ND;ND;NULL,"""10,896;10,1;10,896""",DT_BF16;FLOAT;DT_BF16,ND;ND;ND,N/A
0,4294967295,2195,46,aclnnMatmul_MatMulCommon_MatMulV2,MatMulV2,dynamic,AI_CORE,1790269978294512.769	,18.961,142.540000,22,0,NO,"""10,896;9728,896""",DT_BF16;DT_BF16,ND;ND,"""10,9728""",DT_BF16,ND,N/A
0,4294967295,2196,46,SwiGlu,SwiGlu,dynamic,AI_VECTOR_CORE,1790269978294627.973	,5.281,96.289000,10,0,NO,"""10,9728""",DT_BF16,ND,"""10,4864""",DT_BF16,ND,N/A
0,4294967295,2197,46,aclnnMatmul_MatMulCommon_MatMulV2,MatMulV2,dynamic,AI_CORE,1790269978294751.658	,16.661,118.469000,19,0,NO,"""10,4864;896,4864""",DT_BF16;DT_BF16,ND;ND,"""10,896""",DT_BF16,ND,N/A
0,4294967295,2198,46,AddRmsNormBias,AddRmsNormBias,dynamic,AI_VECTOR_CORE,1790269978294896.304	,2.940,127.839000,10,0,NO,"""10,896;10,896;896;""",DT_BF16;DT_BF16;DT_BF16;DT_UNDEFINED,ND;ND;ND;NULL,"""10,896;10,1;10,896""",DT_BF16;FLOAT;DT_BF16,ND;ND;ND,N/A
0,4294967295,2199,46,aclnnAddmm_CastAiCore_Cast,Cast,dynamic,AI_VECTOR_CORE,1790269978295033.430	,1.100,134.310000,2,0,NO,"""1152""",DT_BF16,ND,"""1152""",FLOAT,ND,N/A
0,4294967295,2200,46,aclnnAddmm_MatMulCommon_MatMulV2,MatMulV2,dynamic,AI_CORE,1790269978295036.770	,8.340,2.150000,24,0,NO,"""10,896;1152,896;1152""",DT_BF16;DT_BF16;FLOAT,ND;ND;ND,"""10,1152""",DT_BF16,ND,N/A
0,4294967295,2201,46,aclnnInplaceCopy_SliceAiCore_Slice,Slice,dynamic,AI_VECTOR_CORE,1790269978295186.796	,2.420,141.660000,10,0,NO,"""10,18,64;3;3""",DT_BF16;INT64;INT64,NCL;ND;ND,"""10,14,64""",DT_BF16,NCL,N/A
0,4294967295,2202,46,aclnnInplaceCopy_SliceAiCore_Slice,Slice,dynamic,AI_VECTOR_CORE,1790269978295190.236	,2.360,1.080000,10,0,NO,"""10,18,64;3;3""",DT_BF16;INT64;INT64,NCL;ND;ND,"""10,2,64""",DT_BF16,NCL,N/A
0,4294967295,2203,46,_triton_rope,_triton_rope,static,AI_VECTOR_CORE,1790269978295737.618	,4.220,544.890000,10,0,YES,"""10,14,64;10,2,64;32768,64""",DT_BF16;32729;DT_BF16,ND;ND;ND,"""10,14,64;10,2,64""",DT_BF16;32729,ND;ND,N/A
0,4294967295,2204,46,aclnnInplaceCopy_SliceAiCore_Slice,Slice,dynamic,AI_VECTOR_CORE,1790269978296366.303	,2.240,624.530000,10,0,NO,"""10,18,64;3;3""",DT_BF16;INT64;INT64,NCL;ND;ND,"""10,2,64""",DT_BF16,NCL,N/A
0,4294967295,2205,46,ReshapeAndCacheNdKernel,ReshapeAndCacheNdKernel,dynamic,AI_VECTOR_CORE,1790269978296394.324	,3.280,25.760000,10,0,NO,"""10,2,64;10,2,64;11823,128,2,64;11823,128,2,64;10""",DT_BF16;DT_BF16;DT_BF16;DT_BF16;INT32,ND;ND;ND;ND;ND,"""11823,128,2,64;11823,128,2,64""",DT_BF16;DT_BF16,ND;ND,N/A
0,4294967295,2206,46,aclnnContiguous_SliceAiCore_Slice,Slice,dynamic,AI_VECTOR_CORE,1790269978296852.462	,1.980,454.970000,10,0,NO,"""10,18,64;3;3""",DT_BF16;INT64;INT64,NCL;ND;ND,"""10,2,64""",DT_BF16,NCL,N/A
0,4294967295,2207,46,FusedInferAttentionScore,FusedInferAttentionScore,dynamic,MIX_AIC,1790269978296870.943	,20.561,16.520000,24,48,NO,"""10,14,64;10,2,64;10,2,64;;2048,2048;1;1;;;;;;;;;;;;;;;;;;;;;;;;""",DT_BF16;DT_BF16;DT_BF16;DT_UNDEFINED;INT8;INT64;INT64;DT_UNDEFINED;DT_UNDEFINED;DT_UNDEFINED;DT_UNDEFINED;DT_UNDEFINED;DT_UNDEFINED;DT_UNDEFINED;DT_UNDEFINED;DT_UNDEFINED;DT_UNDEFINED;DT_UNDEFINED;DT_UNDEFINED;DT_UNDEFINED;DT_UNDEFINED;DT_UNDEFINED;DT_UNDEFINED;DT_UNDEFINED;DT_UNDEFINED;DT_UNDEFINED;DT_UNDEFINED;DT_UNDEFINED;DT_UNDEFINED;DT_UNDEFINED;DT_UNDEFINED,ND;ND;ND;NULL;ND;ND;ND;NULL;NULL;NULL;NULL;NULL;NULL;NULL;NULL;NULL;NULL;NULL;NULL;NULL;NULL;NULL;NULL;NULL;NULL;NULL;NULL;NULL;NULL;NULL;NULL,"""10,14,64;""",DT_BF16;FLOAT,ND;ND,0
0,4294967295,2209,46,aclnnMatmul_MatMulCommon_MatMulV2,MatMulV2,dynamic,AI_CORE,1790269978297358.583	,5.600,466.939000,19,0,NO,"""10,896;896,896""",DT_BF16;DT_BF16,ND;ND,"""10,896""",DT_BF16,ND,N/A
0,4294967295,2210,46,AddRmsNormBias,AddRmsNormBias,dynamic,AI_VECTOR_CORE,1790269978297517.669	,2.900,153.650000,10,0,NO,"""10,896;10,896;896;""",DT_BF16;DT_BF16;DT_BF16;DT_UNDEFINED,ND;ND;ND;NULL,"""10,896;10,1;10,896""",DT_BF16;FLOAT;DT_BF16,ND;ND;ND,N/A
0,4294967295,2211,46,aclnnMatmul_MatMulCommon_MatMulV2,MatMulV2,dynamic,AI_CORE,1790269978297677.155	,20.761,156.600000,22,0,NO,"""10,896;9728,896""",DT_BF16;DT_BF16,ND;ND,"""10,9728""",DT_BF16,ND,N/A
0,4294967295,2212,46,SwiGlu,SwiGlu,dynamic,AI_VECTOR_CORE,1790269978297797.240	,5.440,99.239000,10,0,NO,"""10,9728""",DT_BF16,ND,"""10,4864""",DT_BF16,ND,N/A
0,4294967295,2213,46,aclnnMatmul_MatMulCommon_MatMulV2,MatMulV2,dynamic,AI_CORE,1790269978297924.545	,16.561,121.810000,19,0,NO,"""10,4864;896,4864""",DT_BF16;DT_BF16,ND;ND,"""10,896""",DT_BF16,ND,N/A
0,4294967295,2214,46,AddRmsNormBias,AddRmsNormBias,dynamic,AI_VECTOR_CORE,1790269978298070.611	,3.360,129.439000,10,0,NO,"""10,896;10,896;896;""",DT_BF16;DT_BF16;DT_BF16;DT_UNDEFINED,ND;ND;ND;NULL,"""10,896;10,1;10,896""",DT_BF16;FLOAT;DT_BF16,ND;ND;ND,N/A
0,4294967295,2215,46,aclnnAddmm_CastAiCore_Cast,Cast,dynamic,AI_VECTOR_CORE,1790269978298216.657	,1.180,142.890000,2,0,NO,"""1152""",DT_BF16,ND,"""1152""",FLOAT,ND,N/A
0,4294967295,2216,46,aclnnAddmm_MatMulCommon_MatMulV2,MatMulV2,dynamic,AI_CORE,1790269978298219.297	,7.760,1.320000,24,0,NO,"""10,896;1152,896;1152""",DT_BF16;DT_BF16;FLOAT,ND;ND;ND,"""10,1152""",DT_BF16,ND,N/A
0,4294967295,2217,46,aclnnInplaceCopy_SliceAiCore_Slice,Slice,dynamic,AI_VECTOR_CORE,1790269978298365.703	,2.660,138.740000,10,0,NO,"""10,18,64;3;3""",DT_BF16;INT64;INT64,NCL;ND;ND,"""10,14,64""",DT_BF16,NCL,N/A
0,4294967295,2218,46,aclnnInplaceCopy_SliceAiCore_Slice,Slice,dynamic,AI_VECTOR_CORE,1790269978298369.103	,2.460,0.590000,10,0,NO,"""10,18,64;3;3""",DT_BF16;INT64;INT64,NCL;ND;ND,"""10,2,64""",DT_BF16,NCL,N/A
0,4294967295,2219,46,_triton_rope,_triton_rope,static,AI_VECTOR_CORE,1790269978298902.804	,4.721,531.290000,10,0,YES,"""10,14,64;10,2,64;32768,64""",DT_BF16;32729;DT_BF16,ND;ND;ND,"""10,14,64;10,2,64""",DT_BF16;32729,ND;ND,N/A
0,4294967295,2220,46,aclnnInplaceCopy_SliceAiCore_Slice,Slice,dynamic,AI_VECTOR_CORE,1790269978299544.690	,2.380,637.279000,10,0,NO,"""10,18,64;3;3""",DT_BF16;INT64;INT64,NCL;ND;ND,"""10,2,64""",DT_BF16,NCL,N/A
0,4294967295,2221,46,ReshapeAndCacheNdKernel,ReshapeAndCacheNdKernel,dynamic,AI_VECTOR_CORE,1790269978299568.851	,3.160,21.620000,10,0,NO,"""10,2,64;10,2,64;11823,128,2,64;11823,128,2,64;10""",DT_BF16;DT_BF16;DT_BF16;DT_BF16;INT32,ND;ND;ND;ND;ND,"""11823,128,2,64;11823,128,2,64""",DT_BF16;DT_BF16,ND;ND,N/A
0,4294967295,2222,46,aclnnContiguous_SliceAiCore_Slice,Slice,dynamic,AI_VECTOR_CORE,1790269978300009.669	,1.460,437.840000,10,0,NO,"""10,18,64;3;3""",DT_BF16;INT64;INT64,NCL;ND;ND,"""10,2,64""",DT_BF16,NCL,N/A
0,4294967295,2223,46,FusedInferAttentionScore,FusedInferAttentionScore,dynamic,MIX_AIC,1790269978300024.389	,19.181,13.290000,24,48,NO,"""10,14,64;10,2,64;10,2,64;;2048,2048;1;1;;;;;;;;;;;;;;;;;;;;;;;;""",DT_BF16;DT_BF16;DT_BF16;DT_UNDEFINED;INT8;INT64;INT64;DT_UNDEFINED;DT_UNDEFINED;DT_UNDEFINED;DT_UNDEFINED;DT_UNDEFINED;DT_UNDEFINED;DT_UNDEFINED;DT_UNDEFINED;DT_UNDEFINED;DT_UNDEFINED;DT_UNDEFINED;DT_UNDEFINED;DT_UNDEFINED;DT_UNDEFINED;DT_UNDEFINED;DT_UNDEFINED;DT_UNDEFINED;DT_UNDEFINED;DT_UNDEFINED;DT_UNDEFINED;DT_UNDEFINED;DT_UNDEFINED;DT_UNDEFINED;DT_UNDEFINED,ND;ND;ND;NULL;ND;ND;ND;NULL;NULL;NULL;NULL;NULL;NULL;NULL;NULL;NULL;NULL;NULL;NULL;NULL;NULL;NULL;NULL;NULL;NULL;NULL;NULL;NULL;NULL;NULL;NULL,"""10,14,64;""",DT_BF16;FLOAT,ND;ND,0
0,4294967295,2225,46,aclnnMatmul_MatMulCommon_MatMulV2,MatMulV2,dynamic,AI_CORE,1790269978300489.928	,5.940,446.319000,19,0,NO,"""10,896;896,896""",DT_BF16;DT_BF16,ND;ND,"""10,896""",DT_BF16,ND,N/A
0,4294967295,2226,46,AddRmsNormBias,AddRmsNormBias,dynamic,AI_VECTOR_CORE,1790269978300645.554	,2.940,149.560000,10,0,NO,"""10,896;10,896;896;""",DT_BF16;DT_BF16;DT_BF16;DT_UNDEFINED,ND;ND;ND;NULL,"""10,896;10,1;10,896""",DT_BF16;FLOAT;DT_BF16,ND;ND;ND,N/A
0,4294967295,2227,46,aclnnMatmul_MatMulCommon_MatMulV2,MatMulV2,dynamic,AI_CORE,1790269978300783.499	,19.121,135.060000,22,0,NO,"""10,896;9728,896""",DT_BF16;DT_BF16,ND;ND,"""10,9728""",DT_BF16,ND,N/A
0,4294967295,2228,46,SwiGlu,SwiGlu,dynamic,AI_VECTOR_CORE,1790269978300893.404	,5.480,90.879000,10,0,NO,"""10,9728""",DT_BF16,ND,"""10,4864""",DT_BF16,ND,N/A
0,4294967295,2229,46,aclnnMatmul_MatMulCommon_MatMulV2,MatMulV2,dynamic,AI_CORE,1790269978301030.529	,16.661,131.520000,19,0,NO,"""10,4864;896,4864""",DT_BF16;DT_BF16,ND;ND,"""10,896""",DT_BF16,ND,N/A
0,4294967295,2230,46,AddRmsNormBias,AddRmsNormBias,dynamic,AI_VECTOR_CORE,1790269978301190.996	,3.040,143.839000,10,0,NO,"""10,896;10,896;896;""",DT_BF16;DT_BF16;DT_BF16;DT_UNDEFINED,ND;ND;ND;NULL,"""10,896;10,1;10,896""",DT_BF16;FLOAT;DT_BF16,ND;ND;ND,N/A
0,4294967295,2231,46,aclnnAddmm_CastAiCore_Cast,Cast,dynamic,AI_VECTOR_CORE,1790269978301339.202	,1.140,145.210000,2,0,NO,"""1152""",DT_BF16,ND,"""1152""",FLOAT,ND,N/A
0,4294967295,2232,46,aclnnAddmm_MatMulCommon_MatMulV2,MatMulV2,dynamic,AI_CORE,1790269978301341.542	,7.880,1.110000,24,0,NO,"""10,896;1152,896;1152""",DT_BF16;DT_BF16;FLOAT,ND;ND;ND,"""10,1152""",DT_BF16,ND,N/A
0,4294967295,2233,46,aclnnInplaceCopy_SliceAiCore_Slice,Slice,dynamic,AI_VECTOR_CORE,1790269978301487.028	,2.440,137.620000,10,0,NO,"""10,18,64;3;3""",DT_BF16;INT64;INT64,NCL;ND;ND,"""10,14,64""",DT_BF16,NCL,N/A
0,4294967295,2234,46,aclnnInplaceCopy_SliceAiCore_Slice,Slice,dynamic,AI_VECTOR_CORE,1790269978301489.488	,2.260,0.060000,10,0,NO,"""10,18,64;3;3""",DT_BF16;INT64;INT64,NCL;ND;ND,"""10,2,64""",DT_BF16,NCL,N/A
0,4294967295,2235,46,_triton_rope,_triton_rope,static,AI_VECTOR_CORE,1790269978302033.909	,4.161,542.240000,10,0,YES,"""10,14,64;10,2,64;32768,64""",DT_BF16;32729;DT_BF16,ND;ND;ND,"""10,14,64;10,2,64""",DT_BF16;32729,ND;ND,N/A
0,4294967295,2236,46,aclnnInplaceCopy_SliceAiCore_Slice,Slice,dynamic,AI_VECTOR_CORE,1790269978302674.595	,2.260,636.339000,10,0,NO,"""10,18,64;3;3""",DT_BF16;INT64;INT64,NCL;ND;ND,"""10,2,64""",DT_BF16,NCL,N/A
0,4294967295,2237,46,ReshapeAndCacheNdKernel,ReshapeAndCacheNdKernel,dynamic,AI_VECTOR_CORE,1790269978302690.576	,3.100,13.740000,10,0,NO,"""10,2,64;10,2,64;11823,128,2,64;11823,128,2,64;10""",DT_BF16;DT_BF16;DT_BF16;DT_BF16;INT32,ND;ND;ND;ND;ND,"""11823,128,2,64;11823,128,2,64""",DT_BF16;DT_BF16,ND;ND,N/A
0,4294967295,2238,46,aclnnContiguous_SliceAiCore_Slice,Slice,dynamic,AI_VECTOR_CORE,1790269978303153.594	,1.520,459.900000,10,0,NO,"""10,18,64;3;3""",DT_BF16;INT64;INT64,NCL;ND;ND,"""10,2,64""",DT_BF16,NCL,N/A
0,4294967295,2239,46,FusedInferAttentionScore,FusedInferAttentionScore,dynamic,MIX_AIC,1790269978303165.635	,24.181,10.730000,24,48,NO,"""10,14,64;10,2,64;10,2,64;;2048,2048;1;1;;;;;;;;;;;;;;;;;;;;;;;;""",DT_BF16;DT_BF16;DT_BF16;DT_UNDEFINED;INT8;INT64;INT64;DT_UNDEFINED;DT_UNDEFINED;DT_UNDEFINED;DT_UNDEFINED;DT_UNDEFINED;DT_UNDEFINED;DT_UNDEFINED;DT_UNDEFINED;DT_UNDEFINED;DT_UNDEFINED;DT_UNDEFINED;DT_UNDEFINED;DT_UNDEFINED;DT_UNDEFINED;DT_UNDEFINED;DT_UNDEFINED;DT_UNDEFINED;DT_UNDEFINED;DT_UNDEFINED;DT_UNDEFINED;DT_UNDEFINED;DT_UNDEFINED;DT_UNDEFINED;DT_UNDEFINED,ND;ND;ND;NULL;ND;ND;ND;NULL;NULL;NULL;NULL;NULL;NULL;NULL;NULL;NULL;NULL;NULL;NULL;NULL;NULL;NULL;NULL;NULL;NULL;NULL;NULL;NULL;NULL;NULL;NULL,"""10,14,64;""",DT_BF16;FLOAT,ND;ND,0
0,4294967295,2241,46,aclnnMatmul_MatMulCommon_MatMulV2,MatMulV2,dynamic,AI_CORE,1790269978303607.852	,5.701,417.819000,19,0,NO,"""10,896;896,896""",DT_BF16;DT_BF16,ND;ND,"""10,896""",DT_BF16,ND,N/A
0,4294967295,2242,46,AddRmsNormBias,AddRmsNormBias,dynamic,AI_VECTOR_CORE,1790269978303764.639	,3.060,151.299000,10,0,NO,"""10,896;10,896;896;""",DT_BF16;DT_BF16;DT_BF16;DT_UNDEFINED,ND;ND;ND;NULL,"""10,896;10,1;10,896""",DT_BF16;FLOAT;DT_BF16,ND;ND;ND,N/A
0,4294967295,2243,46,aclnnMatmul_MatMulCommon_MatMulV2,MatMulV2,dynamic,AI_CORE,1790269978303917.385	,18.721,149.690000,22,0,NO,"""10,896;9728,896""",DT_BF16;DT_BF16,ND;ND,"""10,9728""",DT_BF16,ND,N/A
0,4294967295,2244,46,SwiGlu,SwiGlu,dynamic,AI_VECTOR_CORE,1790269978304029.469	,5.740,93.279000,10,0,NO,"""10,9728""",DT_BF16,ND,"""10,4864""",DT_BF16,ND,N/A
0,4294967295,2245,46,aclnnMatmul_MatMulCommon_MatMulV2,MatMulV2,dynamic,AI_CORE,1790269978304159.034	,16.821,123.760000,19,0,NO,"""10,4864;896,4864""",DT_BF16;DT_BF16,ND;ND,"""10,896""",DT_BF16,ND,N/A
0,4294967295,2246,46,AddRmsNormBias,AddRmsNormBias,dynamic,AI_VECTOR_CORE,1790269978304312.701	,2.860,136.929000,10,0,NO,"""10,896;10,896;896;""",DT_BF16;DT_BF16;DT_BF16;DT_UNDEFINED,ND;ND;ND;NULL,"""10,896;10,1;10,896""",DT_BF16;FLOAT;DT_BF16,ND;ND;ND,N/A
0,4294967295,2247,46,aclnnAddmm_CastAiCore_Cast,Cast,dynamic,AI_VECTOR_CORE,1790269978304453.166	,1.100,137.640000,2,0,NO,"""1152""",DT_BF16,ND,"""1152""",FLOAT,ND,N/A
0,4294967295,2248,46,aclnnAddmm_MatMulCommon_MatMulV2,MatMulV2,dynamic,AI_CORE,1790269978304455.706	,7.401,1.400000,24,0,NO,"""10,896;1152,896;1152""",DT_BF16;DT_BF16;FLOAT,ND;ND;ND,"""10,1152""",DT_BF16,ND,N/A
0,4294967295,2249,46,aclnnInplaceCopy_SliceAiCore_Slice,Slice,dynamic,AI_VECTOR_CORE,1790269978304605.832	,2.260,142.599000,10,0,NO,"""10,18,64;3;3""",DT_BF16;INT64;INT64,NCL;ND;ND,"""10,14,64""",DT_BF16,NCL,N/A
0,4294967295,2250,46,aclnnInplaceCopy_SliceAiCore_Slice,Slice,dynamic,AI_VECTOR_CORE,1790269978304608.132	,2.181,0.240000,10,0,NO,"""10,18,64;3;3""",DT_BF16;INT64;INT64,NCL;ND;ND,"""10,2,64""",DT_BF16,NCL,N/A
0,4294967295,2251,46,_triton_rope,_triton_rope,static,AI_VECTOR_CORE,1790269978305154.974	,4.240,544.569000,10,0,YES,"""10,14,64;10,2,64;32768,64""",DT_BF16;32729;DT_BF16,ND;ND;ND,"""10,14,64;10,2,64""",DT_BF16;32729,ND;ND,N/A
0,4294967295,2252,46,aclnnInplaceCopy_SliceAiCore_Slice,Slice,dynamic,AI_VECTOR_CORE,1790269978305832.201	,2.660,673.010000,10,0,NO,"""10,18,64;3;3""",DT_BF16;INT64;INT64,NCL;ND;ND,"""10,2,64""",DT_BF16,NCL,N/A
0,4294967295,2253,46,ReshapeAndCacheNdKernel,ReshapeAndCacheNdKernel,dynamic,AI_VECTOR_CORE,1790269978305854.002	,3.140,19.090000,10,0,NO,"""10,2,64;10,2,64;11823,128,2,64;11823,128,2,64;10""",DT_BF16;DT_BF16;DT_BF16;DT_BF16;INT32,ND;ND;ND;ND;ND,"""11823,128,2,64;11823,128,2,64""",DT_BF16;DT_BF16,ND;ND,N/A
0,4294967295,2254,46,aclnnContiguous_SliceAiCore_Slice,Slice,dynamic,AI_VECTOR_CORE,1790269978306306.940	,1.420,449.860000,10,0,NO,"""10,18,64;3;3""",DT_BF16;INT64;INT64,NCL;ND;ND,"""10,2,64""",DT_BF16,NCL,N/A
0,4294967295,2255,46,FusedInferAttentionScore,FusedInferAttentionScore,dynamic,MIX_AIC,1790269978306329.461	,20.661,21.080000,24,48,NO,"""10,14,64;10,2,64;10,2,64;;2048,2048;1;1;;;;;;;;;;;;;;;;;;;;;;;;""",DT_BF16;DT_BF16;DT_BF16;DT_UNDEFINED;INT8;INT64;INT64;DT_UNDEFINED;DT_UNDEFINED;DT_UNDEFINED;DT_UNDEFINED;DT_UNDEFINED;DT_UNDEFINED;DT_UNDEFINED;DT_UNDEFINED;DT_UNDEFINED;DT_UNDEFINED;DT_UNDEFINED;DT_UNDEFINED;DT_UNDEFINED;DT_UNDEFINED;DT_UNDEFINED;DT_UNDEFINED;DT_UNDEFINED;DT_UNDEFINED;DT_UNDEFINED;DT_UNDEFINED;DT_UNDEFINED;DT_UNDEFINED;DT_UNDEFINED;DT_UNDEFINED,ND;ND;ND;NULL;ND;ND;ND;NULL;NULL;NULL;NULL;NULL;NULL;NULL;NULL;NULL;NULL;NULL;NULL;NULL;NULL;NULL;NULL;NULL;NULL;NULL;NULL;NULL;NULL;NULL;NULL,"""10,14,64;""",DT_BF16;FLOAT,ND;ND,0
0,4294967295,2257,46,aclnnMatmul_MatMulCommon_MatMulV2,MatMulV2,dynamic,AI_CORE,1790269978306777.579	,5.960,427.339000,19,0,NO,"""10,896;896,896""",DT_BF16;DT_BF16,ND;ND,"""10,896""",DT_BF16,ND,N/A
0,4294967295,2258,46,AddRmsNormBias,AddRmsNormBias,dynamic,AI_VECTOR_CORE,1790269978306937.265	,2.921,153.790000,10,0,NO,"""10,896;10,896;896;""",DT_BF16;DT_BF16;DT_BF16;DT_UNDEFINED,ND;ND;ND;NULL,"""10,896;10,1;10,896""",DT_BF16;FLOAT;DT_BF16,ND;ND;ND,N/A
0,4294967295,2259,46,aclnnMatmul_MatMulCommon_MatMulV2,MatMulV2,dynamic,AI_CORE,1790269978307077.891	,19.421,137.829000,22,0,NO,"""10,896;9728,896""",DT_BF16;DT_BF16,ND;ND,"""10,9728""",DT_BF16,ND,N/A
0,4294967295,2260,46,SwiGlu,SwiGlu,dynamic,AI_VECTOR_CORE,1790269978307191.276	,4.980,93.829000,10,0,NO,"""10,9728""",DT_BF16,ND,"""10,4864""",DT_BF16,ND,N/A
0,4294967295,2261,46,aclnnMatmul_MatMulCommon_MatMulV2,MatMulV2,dynamic,AI_CORE,1790269978307317.201	,16.800,121.020000,19,0,NO,"""10,4864;896,4864""",DT_BF16;DT_BF16,ND;ND,"""10,896""",DT_BF16,ND,N/A
0,4294967295,2262,46,AddRmsNormBias,AddRmsNormBias,dynamic,AI_VECTOR_CORE,1790269978307475.907	,3.000,141.950000,10,0,NO,"""10,896;10,896;896;""",DT_BF16;DT_BF16;DT_BF16;DT_UNDEFINED,ND;ND;ND;NULL,"""10,896;10,1;10,896""",DT_BF16;FLOAT;DT_BF16,ND;ND;ND,N/A
0,4294967295,2263,46,aclnnAddmm_CastAiCore_Cast,Cast,dynamic,AI_VECTOR_CORE,1790269978307617.793	,1.040,138.750000,2,0,NO,"""1152""",DT_BF16,ND,"""1152""",FLOAT,ND,N/A
0,4294967295,2264,46,aclnnAddmm_MatMulCommon_MatMulV2,MatMulV2,dynamic,AI_CORE,1790269978307621.153	,7.620,2.460000,24,0,NO,"""10,896;1152,896;1152""",DT_BF16;DT_BF16;FLOAT,ND;ND;ND,"""10,1152""",DT_BF16,ND,N/A
0,4294967295,2265,46,aclnnInplaceCopy_SliceAiCore_Slice,Slice,dynamic,AI_VECTOR_CORE,1790269978307765.499	,2.400,136.630000,10,0,NO,"""10,18,64;3;3""",DT_BF16;INT64;INT64,NCL;ND;ND,"""10,14,64""",DT_BF16,NCL,N/A
0,4294967295,2266,46,aclnnInplaceCopy_SliceAiCore_Slice,Slice,dynamic,AI_VECTOR_CORE,1790269978307768.719	,2.220,0.850000,10,0,NO,"""10,18,64;3;3""",DT_BF16;INT64;INT64,NCL;ND;ND,"""10,2,64""",DT_BF16,NCL,N/A
0,4294967295,2267,46,_triton_rope,_triton_rope,static,AI_VECTOR_CORE,1790269978308315.181	,4.120,544.280000,10,0,YES,"""10,14,64;10,2,64;32768,64""",DT_BF16;32729;DT_BF16,ND;ND;ND,"""10,14,64;10,2,64""",DT_BF16;32729,ND;ND,N/A
0,4294967295,2268,46,aclnnInplaceCopy_SliceAiCore_Slice,Slice,dynamic,AI_VECTOR_CORE,1790269978308976.027	,2.160,656.630000,10,0,NO,"""10,18,64;3;3""",DT_BF16;INT64;INT64,NCL;ND;ND,"""10,2,64""",DT_BF16,NCL,N/A
0,4294967295,2269,46,ReshapeAndCacheNdKernel,ReshapeAndCacheNdKernel,dynamic,AI_VECTOR_CORE,1790269978308998.728	,2.880,20.590000,10,0,NO,"""10,2,64;10,2,64;11823,128,2,64;11823,128,2,64;10""",DT_BF16;DT_BF16;DT_BF16;DT_BF16;INT32,ND;ND;ND;ND;ND,"""11823,128,2,64;11823,128,2,64""",DT_BF16;DT_BF16,ND;ND,N/A
0,4294967295,2270,46,aclnnContiguous_SliceAiCore_Slice,Slice,dynamic,AI_VECTOR_CORE,1790269978309492.268	,1.440,490.620000,10,0,NO,"""10,18,64;3;3""",DT_BF16;INT64;INT64,NCL;ND;ND,"""10,2,64""",DT_BF16,NCL,N/A
0,4294967295,2271,46,FusedInferAttentionScore,FusedInferAttentionScore,dynamic,MIX_AIC,1790269978309504.748	,20.381,11.060000,24,48,NO,"""10,14,64;10,2,64;10,2,64;;2048,2048;1;1;;;;;;;;;;;;;;;;;;;;;;;;""",DT_BF16;DT_BF16;DT_BF16;DT_UNDEFINED;INT8;INT64;INT64;DT_UNDEFINED;DT_UNDEFINED;DT_UNDEFINED;DT_UNDEFINED;DT_UNDEFINED;DT_UNDEFINED;DT_UNDEFINED;DT_UNDEFINED;DT_UNDEFINED;DT_UNDEFINED;DT_UNDEFINED;DT_UNDEFINED;DT_UNDEFINED;DT_UNDEFINED;DT_UNDEFINED;DT_UNDEFINED;DT_UNDEFINED;DT_UNDEFINED;DT_UNDEFINED;DT_UNDEFINED;DT_UNDEFINED;DT_UNDEFINED;DT_UNDEFINED;DT_UNDEFINED,ND;ND;ND;NULL;ND;ND;ND;NULL;NULL;NULL;NULL;NULL;NULL;NULL;NULL;NULL;NULL;NULL;NULL;NULL;NULL;NULL;NULL;NULL;NULL;NULL;NULL;NULL;NULL;NULL;NULL,"""10,14,64;""",DT_BF16;FLOAT,ND;ND,0
0,4294967295,2273,46,aclnnMatmul_MatMulCommon_MatMulV2,MatMulV2,dynamic,AI_CORE,1790269978309957.546	,5.721,432.369000,19,0,NO,"""10,896;896,896""",DT_BF16;DT_BF16,ND;ND,"""10,896""",DT_BF16,ND,N/A
0,4294967295,2274,46,AddRmsNormBias,AddRmsNormBias,dynamic,AI_VECTOR_CORE,1790269978310109.952	,2.961,146.779000,10,0,NO,"""10,896;10,896;896;""",DT_BF16;DT_BF16;DT_BF16;DT_UNDEFINED,ND;ND;ND;NULL,"""10,896;10,1;10,896""",DT_BF16;FLOAT;DT_BF16,ND;ND;ND,N/A
0,4294967295,2275,46,aclnnMatmul_MatMulCommon_MatMulV2,MatMulV2,dynamic,AI_CORE,1790269978310264.259	,19.300,151.289000,22,0,NO,"""10,896;9728,896""",DT_BF16;DT_BF16,ND;ND,"""10,9728""",DT_BF16,ND,N/A
0,4294967295,2276,46,SwiGlu,SwiGlu,dynamic,AI_VECTOR_CORE,1790269978310383.343	,5.380,99.700000,10,0,NO,"""10,9728""",DT_BF16,ND,"""10,4864""",DT_BF16,ND,N/A
0,4294967295,2277,46,aclnnMatmul_MatMulCommon_MatMulV2,MatMulV2,dynamic,AI_CORE,1790269978310515.609	,16.600,126.870000,19,0,NO,"""10,4864;896,4864""",DT_BF16;DT_BF16,ND;ND,"""10,896""",DT_BF16,ND,N/A
0,4294967295,2278,46,AddRmsNormBias,AddRmsNormBias,dynamic,AI_VECTOR_CORE,1790269978310664.975	,2.880,132.900000,10,0,NO,"""10,896;10,896;896;""",DT_BF16;DT_BF16;DT_BF16;DT_UNDEFINED,ND;ND;ND;NULL,"""10,896;10,1;10,896""",DT_BF16;FLOAT;DT_BF16,ND;ND;ND,N/A
0,4294967295,2279,46,aclnnAddmm_CastAiCore_Cast,Cast,dynamic,AI_VECTOR_CORE,1790269978310808.380	,1.080,140.620000,2,0,NO,"""1152""",DT_BF16,ND,"""1152""",FLOAT,ND,N/A
0,4294967295,2280,46,aclnnAddmm_MatMulCommon_MatMulV2,MatMulV2,dynamic,AI_CORE,1790269978310811.760	,7.721,2.170000,24,0,NO,"""10,896;1152,896;1152""",DT_BF16;DT_BF16;FLOAT,ND;ND;ND,"""10,1152""",DT_BF16,ND,N/A
0,4294967295,2281,46,aclnnInplaceCopy_SliceAiCore_Slice,Slice,dynamic,AI_VECTOR_CORE,1790269978310954.026	,2.220,134.529000,10,0,NO,"""10,18,64;3;3""",DT_BF16;INT64;INT64,NCL;ND;ND,"""10,14,64""",DT_BF16,NCL,N/A
0,4294967295,2282,46,aclnnInplaceCopy_SliceAiCore_Slice,Slice,dynamic,AI_VECTOR_CORE,1790269978310957.566	,2.260,1.280000,10,0,NO,"""10,18,64;3;3""",DT_BF16;INT64;INT64,NCL;ND;ND,"""10,2,64""",DT_BF16,NCL,N/A
0,4294967295,2283,46,_triton_rope,_triton_rope,static,AI_VECTOR_CORE,1790269978311499.328	,4.040,539.490000,10,0,YES,"""10,14,64;10,2,64;32768,64""",DT_BF16;32729;DT_BF16,ND;ND;ND,"""10,14,64;10,2,64""",DT_BF16;32729,ND;ND,N/A
0,4294967295,2284,46,aclnnInplaceCopy_SliceAiCore_Slice,Slice,dynamic,AI_VECTOR_CORE,1790269978312148.014	,2.200,644.710000,10,0,NO,"""10,18,64;3;3""",DT_BF16;INT64;INT64,NCL;ND;ND,"""10,2,64""",DT_BF16,NCL,N/A
0,4294967295,2285,46,ReshapeAndCacheNdKernel,ReshapeAndCacheNdKernel,dynamic,AI_VECTOR_CORE,1790269978312167.015	,2.920,16.800000,10,0,NO,"""10,2,64;10,2,64;11823,128,2,64;11823,128,2,64;10""",DT_BF16;DT_BF16;DT_BF16;DT_BF16;INT32,ND;ND;ND;ND;ND,"""11823,128,2,64;11823,128,2,64""",DT_BF16;DT_BF16,ND;ND,N/A
0,4294967295,2286,46,aclnnContiguous_SliceAiCore_Slice,Slice,dynamic,AI_VECTOR_CORE,1790269978312656.614	,1.400,486.580000,10,0,NO,"""10,18,64;3;3""",DT_BF16;INT64;INT64,NCL;ND;ND,"""10,2,64""",DT_BF16,NCL,N/A
0,4294967295,2287,46,FusedInferAttentionScore,FusedInferAttentionScore,dynamic,MIX_AIC,1790269978312669.115	,18.460,11.100000,24,48,NO,"""10,14,64;10,2,64;10,2,64;;2048,2048;1;1;;;;;;;;;;;;;;;;;;;;;;;;""",DT_BF16;DT_BF16;DT_BF16;DT_UNDEFINED;INT8;INT64;INT64;DT_UNDEFINED;DT_UNDEFINED;DT_UNDEFINED;DT_UNDEFINED;DT_UNDEFINED;DT_UNDEFINED;DT_UNDEFINED;DT_UNDEFINED;DT_UNDEFINED;DT_UNDEFINED;DT_UNDEFINED;DT_UNDEFINED;DT_UNDEFINED;DT_UNDEFINED;DT_UNDEFINED;DT_UNDEFINED;DT_UNDEFINED;DT_UNDEFINED;DT_UNDEFINED;DT_UNDEFINED;DT_UNDEFINED;DT_UNDEFINED;DT_UNDEFINED;DT_UNDEFINED,ND;ND;ND;NULL;ND;ND;ND;NULL;NULL;NULL;NULL;NULL;NULL;NULL;NULL;NULL;NULL;NULL;NULL;NULL;NULL;NULL;NULL;NULL;NULL;NULL;NULL;NULL;NULL;NULL;NULL,"""10,14,64;""",DT_BF16;FLOAT,ND;ND,0
0,4294967295,2289,46,aclnnMatmul_MatMulCommon_MatMulV2,MatMulV2,dynamic,AI_CORE,1790269978313119.773	,5.920,432.290000,19,0,NO,"""10,896;896,896""",DT_BF16;DT_BF16,ND;ND,"""10,896""",DT_BF16,ND,N/A
0,4294967295,2290,46,AddRmsNormBias,AddRmsNormBias,dynamic,AI_VECTOR_CORE,1790269978313277.639	,3.120,152.080000,10,0,NO,"""10,896;10,896;896;""",DT_BF16;DT_BF16;DT_BF16;DT_UNDEFINED,ND;ND;ND;NULL,"""10,896;10,1;10,896""",DT_BF16;FLOAT;DT_BF16,ND;ND;ND,N/A
0,4294967295,2291,46,aclnnMatmul_MatMulCommon_MatMulV2,MatMulV2,dynamic,AI_CORE,1790269978313422.085	,19.021,141.130000,22,0,NO,"""10,896;9728,896""",DT_BF16;DT_BF16,ND;ND,"""10,9728""",DT_BF16,ND,N/A
0,4294967295,2292,46,SwiGlu,SwiGlu,dynamic,AI_VECTOR_CORE,1790269978313535.409	,5.521,94.479000,10,0,NO,"""10,9728""",DT_BF16,ND,"""10,4864""",DT_BF16,ND,N/A
0,4294967295,2293,46,aclnnMatmul_MatMulCommon_MatMulV2,MatMulV2,dynamic,AI_CORE,1790269978313670.275	,16.760,129.229000,19,0,NO,"""10,4864;896,4864""",DT_BF16;DT_BF16,ND;ND,"""10,896""",DT_BF16,ND,N/A
0,4294967295,2294,46,AddRmsNormBias,AddRmsNormBias,dynamic,AI_VECTOR_CORE,1790269978313825.181	,3.040,138.240000,10,0,NO,"""10,896;10,896;896;""",DT_BF16;DT_BF16;DT_BF16;DT_UNDEFINED,ND;ND;ND;NULL,"""10,896;10,1;10,896""",DT_BF16;FLOAT;DT_BF16,ND;ND;ND,N/A
0,4294967295,2295,46,aclnnAddmm_CastAiCore_Cast,Cast,dynamic,AI_VECTOR_CORE,1790269978313971.987	,1.040,143.710000,2,0,NO,"""1152""",DT_BF16,ND,"""1152""",FLOAT,ND,N/A
0,4294967295,2296,46,aclnnAddmm_MatMulCommon_MatMulV2,MatMulV2,dynamic,AI_CORE,1790269978313975.167	,7.580,2.210000,24,0,NO,"""10,896;1152,896;1152""",DT_BF16;DT_BF16;FLOAT,ND;ND;ND,"""10,1152""",DT_BF16,ND,N/A
0,4294967295,2297,46,aclnnInplaceCopy_SliceAiCore_Slice,Slice,dynamic,AI_VECTOR_CORE,1790269978314122.353	,2.240,139.420000,10,0,NO,"""10,18,64;3;3""",DT_BF16;INT64;INT64,NCL;ND;ND,"""10,14,64""",DT_BF16,NCL,N/A
0,4294967295,2298,46,aclnnInplaceCopy_SliceAiCore_Slice,Slice,dynamic,AI_VECTOR_CORE,1790269978314125.633	,2.280,1.260000,10,0,NO,"""10,18,64;3;3""",DT_BF16;INT64;INT64,NCL;ND;ND,"""10,2,64""",DT_BF16,NCL,N/A
0,4294967295,2299,46,_triton_rope,_triton_rope,static,AI_VECTOR_CORE,1790269978314657.394	,4.340,529.470000,10,0,YES,"""10,14,64;10,2,64;32768,64""",DT_BF16;32729;DT_BF16,ND;ND;ND,"""10,14,64;10,2,64""",DT_BF16;32729,ND;ND,N/A
0,4294967295,2300,46,aclnnInplaceCopy_SliceAiCore_Slice,Slice,dynamic,AI_VECTOR_CORE,1790269978315306.060	,2.240,644.160000,10,0,NO,"""10,18,64;3;3""",DT_BF16;INT64;INT64,NCL;ND;ND,"""10,2,64""",DT_BF16,NCL,N/A
0,4294967295,2301,46,ReshapeAndCacheNdKernel,ReshapeAndCacheNdKernel,dynamic,AI_VECTOR_CORE,1790269978315326.041	,3.200,17.760000,10,0,NO,"""10,2,64;10,2,64;11823,128,2,64;11823,128,2,64;10""",DT_BF16;DT_BF16;DT_BF16;DT_BF16;INT32,ND;ND;ND;ND;ND,"""11823,128,2,64;11823,128,2,64""",DT_BF16;DT_BF16,ND;ND,N/A
0,4294967295,2302,46,aclnnContiguous_SliceAiCore_Slice,Slice,dynamic,AI_VECTOR_CORE,1790269978315782.219	,1.480,453.050000,10,0,NO,"""10,18,64;3;3""",DT_BF16;INT64;INT64,NCL;ND;ND,"""10,2,64""",DT_BF16,NCL,N/A
0,4294967295,2303,46,FusedInferAttentionScore,FusedInferAttentionScore,dynamic,MIX_AIC,1790269978315794.940	,23.121,11.270000,24,48,NO,"""10,14,64;10,2,64;10,2,64;;2048,2048;1;1;;;;;;;;;;;;;;;;;;;;;;;;""",DT_BF16;DT_BF16;DT_BF16;DT_UNDEFINED;INT8;INT64;INT64;DT_UNDEFINED;DT_UNDEFINED;DT_UNDEFINED;DT_UNDEFINED;DT_UNDEFINED;DT_UNDEFINED;DT_UNDEFINED;DT_UNDEFINED;DT_UNDEFINED;DT_UNDEFINED;DT_UNDEFINED;DT_UNDEFINED;DT_UNDEFINED;DT_UNDEFINED;DT_UNDEFINED;DT_UNDEFINED;DT_UNDEFINED;DT_UNDEFINED;DT_UNDEFINED;DT_UNDEFINED;DT_UNDEFINED;DT_UNDEFINED;DT_UNDEFINED;DT_UNDEFINED,ND;ND;ND;NULL;ND;ND;ND;NULL;NULL;NULL;NULL;NULL;NULL;NULL;NULL;NULL;NULL;NULL;NULL;NULL;NULL;NULL;NULL;NULL;NULL;NULL;NULL;NULL;NULL;NULL;NULL,"""10,14,64;""",DT_BF16;FLOAT,ND;ND,0
0,4294967295,2305,46,aclnnMatmul_MatMulCommon_MatMulV2,MatMulV2,dynamic,AI_CORE,1790269978316272.179	,5.860,454.129000,19,0,NO,"""10,896;896,896""",DT_BF16;DT_BF16,ND;ND,"""10,896""",DT_BF16,ND,N/A
0,4294967295,2306,46,AddRmsNormBias,AddRmsNormBias,dynamic,AI_VECTOR_CORE,1790269978316424.665	,3.020,146.640000,10,0,NO,"""10,896;10,896;896;""",DT_BF16;DT_BF16;DT_BF16;DT_UNDEFINED,ND;ND;ND;NULL,"""10,896;10,1;10,896""",DT_BF16;FLOAT;DT_BF16,ND;ND;ND,N/A
0,4294967295,2307,46,aclnnMatmul_MatMulCommon_MatMulV2,MatMulV2,dynamic,AI_CORE,1790269978316564.970	,19.001,137.230000,22,0,NO,"""10,896;9728,896""",DT_BF16;DT_BF16,ND;ND,"""10,9728""",DT_BF16,ND,N/A
0,4294967295,2308,46,SwiGlu,SwiGlu,dynamic,AI_VECTOR_CORE,1790269978316679.675	,5.660,95.749000,10,0,NO,"""10,9728""",DT_BF16,ND,"""10,4864""",DT_BF16,ND,N/A
0,4294967295,2309,46,aclnnMatmul_MatMulCommon_MatMulV2,MatMulV2,dynamic,AI_CORE,1790269978316802.460	,17.181,117.090000,19,0,NO,"""10,4864;896,4864""",DT_BF16;DT_BF16,ND;ND,"""10,896""",DT_BF16,ND,N/A
0,4294967295,2310,46,AddRmsNormBias,AddRmsNormBias,dynamic,AI_VECTOR_CORE,1790269978316955.586	,3.380,135.819000,10,0,NO,"""10,896;10,896;896;""",DT_BF16;DT_BF16;DT_BF16;DT_UNDEFINED,ND;ND;ND;NULL,"""10,896;10,1;10,896""",DT_BF16;FLOAT;DT_BF16,ND;ND;ND,N/A
0,4294967295,2311,46,aclnnAddmm_CastAiCore_Cast,Cast,dynamic,AI_VECTOR_CORE,1790269978317099.792	,1.260,140.870000,2,0,NO,"""1152""",DT_BF16,ND,"""1152""",FLOAT,ND,N/A
0,4294967295,2312,46,aclnnAddmm_MatMulCommon_MatMulV2,MatMulV2,dynamic,AI_CORE,1790269978317103.332	,8.320,2.240000,24,0,NO,"""10,896;1152,896;1152""",DT_BF16;DT_BF16;FLOAT,ND;ND;ND,"""10,1152""",DT_BF16,ND,N/A
0,4294967295,2313,46,aclnnInplaceCopy_SliceAiCore_Slice,Slice,dynamic,AI_VECTOR_CORE,1790269978317259.178	,2.180,147.680000,10,0,NO,"""10,18,64;3;3""",DT_BF16;INT64;INT64,NCL;ND;ND,"""10,14,64""",DT_BF16,NCL,N/A
0,4294967295,2314,46,aclnnInplaceCopy_SliceAiCore_Slice,Slice,dynamic,AI_VECTOR_CORE,1790269978317262.338	,2.220,0.820000,10,0,NO,"""10,18,64;3;3""",DT_BF16;INT64;INT64,NCL;ND;ND,"""10,2,64""",DT_BF16,NCL,N/A
0,4294967295,2315,46,_triton_rope,_triton_rope,static,AI_VECTOR_CORE,1790269978317792.039	,4.801,527.530000,10,0,YES,"""10,14,64;10,2,64;32768,64""",DT_BF16;32729;DT_BF16,ND;ND;ND,"""10,14,64;10,2,64""",DT_BF16;32729,ND;ND,N/A
0,4294967295,2316,46,aclnnInplaceCopy_SliceAiCore_Slice,Slice,dynamic,AI_VECTOR_CORE,1790269978318437.625	,2.400,640.699000,10,0,NO,"""10,18,64;3;3""",DT_BF16;INT64;INT64,NCL;ND;ND,"""10,2,64""",DT_BF16,NCL,N/A
0,4294967295,2317,46,ReshapeAndCacheNdKernel,ReshapeAndCacheNdKernel,dynamic,AI_VECTOR_CORE,1790269978318454.786	,3.460,14.850000,10,0,NO,"""10,2,64;10,2,64;11823,128,2,64;11823,128,2,64;10""",DT_BF16;DT_BF16;DT_BF16;DT_BF16;INT32,ND;ND;ND;ND;ND,"""11823,128,2,64;11823,128,2,64""",DT_BF16;DT_BF16,ND;ND,N/A
0,4294967295,2318,46,aclnnContiguous_SliceAiCore_Slice,Slice,dynamic,AI_VECTOR_CORE,1790269978318899.664	,1.460,441.540000,10,0,NO,"""10,18,64;3;3""",DT_BF16;INT64;INT64,NCL;ND;ND,"""10,2,64""",DT_BF16,NCL,N/A
0,4294967295,2319,46,FusedInferAttentionScore,FusedInferAttentionScore,dynamic,MIX_AIC,1790269978318913.404	,21.601,12.290000,24,48,NO,"""10,14,64;10,2,64;10,2,64;;2048,2048;1;1;;;;;;;;;;;;;;;;;;;;;;;;""",DT_BF16;DT_BF16;DT_BF16;DT_UNDEFINED;INT8;INT64;INT64;DT_UNDEFINED;DT_UNDEFINED;DT_UNDEFINED;DT_UNDEFINED;DT_UNDEFINED;DT_UNDEFINED;DT_UNDEFINED;DT_UNDEFINED;DT_UNDEFINED;DT_UNDEFINED;DT_UNDEFINED;DT_UNDEFINED;DT_UNDEFINED;DT_UNDEFINED;DT_UNDEFINED;DT_UNDEFINED;DT_UNDEFINED;DT_UNDEFINED;DT_UNDEFINED;DT_UNDEFINED;DT_UNDEFINED;DT_UNDEFINED;DT_UNDEFINED;DT_UNDEFINED,ND;ND;ND;NULL;ND;ND;ND;NULL;NULL;NULL;NULL;NULL;NULL;NULL;NULL;NULL;NULL;NULL;NULL;NULL;NULL;NULL;NULL;NULL;NULL;NULL;NULL;NULL;NULL;NULL;NULL,"""10,14,64;""",DT_BF16;FLOAT,ND;ND,0
0,4294967295,2321,46,aclnnMatmul_MatMulCommon_MatMulV2,MatMulV2,dynamic,AI_CORE,1790269978319354.382	,5.740,419.399000,19,0,NO,"""10,896;896,896""",DT_BF16;DT_BF16,ND;ND,"""10,896""",DT_BF16,ND,N/A
0,4294967295,2322,46,AddRmsNormBias,AddRmsNormBias,dynamic,AI_VECTOR_CORE,1790269978319522.289	,2.680,162.010000,10,0,NO,"""10,896;10,896;896;""",DT_BF16;DT_BF16;DT_BF16;DT_UNDEFINED,ND;ND;ND;NULL,"""10,896;10,1;10,896""",DT_BF16;FLOAT;DT_BF16,ND;ND;ND,N/A
0,4294967295,2323,46,aclnnMatmul_MatMulCommon_MatMulV2,MatMulV2,dynamic,AI_CORE,1790269978319668.355	,19.320,143.320000,22,0,NO,"""10,896;9728,896""",DT_BF16;DT_BF16,ND;ND,"""10,9728""",DT_BF16,ND,N/A
0,4294967295,2324,46,SwiGlu,SwiGlu,dynamic,AI_VECTOR_CORE,1790269978319784.839	,4.960,97.180000,10,0,NO,"""10,9728""",DT_BF16,ND,"""10,4864""",DT_BF16,ND,N/A
0,4294967295,2325,46,aclnnMatmul_MatMulCommon_MatMulV2,MatMulV2,dynamic,AI_CORE,1790269978319920.125	,16.500,130.290000,19,0,NO,"""10,4864;896,4864""",DT_BF16;DT_BF16,ND;ND,"""10,896""",DT_BF16,ND,N/A
0,4294967295,2326,46,AddRmsNormBias,AddRmsNormBias,dynamic,AI_VECTOR_CORE,1790269978320066.750	,2.781,130.250000,10,0,NO,"""10,896;10,896;896;""",DT_BF16;DT_BF16;DT_BF16;DT_UNDEFINED,ND;ND;ND;NULL,"""10,896;10,1;10,896""",DT_BF16;FLOAT;DT_BF16,ND;ND;ND,N/A
0,4294967295,2327,46,aclnnAddmm_CastAiCore_Cast,Cast,dynamic,AI_VECTOR_CORE,1790269978320207.796	,1.280,138.219000,2,0,NO,"""1152""",DT_BF16,ND,"""1152""",FLOAT,ND,N/A
0,4294967295,2328,46,aclnnAddmm_MatMulCommon_MatMulV2,MatMulV2,dynamic,AI_CORE,1790269978320211.036	,7.881,1.970000,24,0,NO,"""10,896;1152,896;1152""",DT_BF16;DT_BF16;FLOAT,ND;ND;ND,"""10,1152""",DT_BF16,ND,N/A
0,4294967295,2329,46,aclnnInplaceCopy_SliceAiCore_Slice,Slice,dynamic,AI_VECTOR_CORE,1790269978320350.962	,2.720,132.119000,10,0,NO,"""10,18,64;3;3""",DT_BF16;INT64;INT64,NCL;ND;ND,"""10,14,64""",DT_BF16,NCL,N/A
0,4294967295,2330,46,aclnnInplaceCopy_SliceAiCore_Slice,Slice,dynamic,AI_VECTOR_CORE,1790269978320354.462	,2.680,0.780000,10,0,NO,"""10,18,64;3;3""",DT_BF16;INT64;INT64,NCL;ND;ND,"""10,2,64""",DT_BF16,NCL,N/A
0,4294967295,2331,46,_triton_rope,_triton_rope,static,AI_VECTOR_CORE,1790269978320884.043	,4.160,526.820000,10,0,YES,"""10,14,64;10,2,64;32768,64""",DT_BF16;32729;DT_BF16,ND;ND;ND,"""10,14,64;10,2,64""",DT_BF16;32729,ND;ND,N/A
0,4294967295,2332,46,aclnnInplaceCopy_SliceAiCore_Slice,Slice,dynamic,AI_VECTOR_CORE,1790269978321563.830	,2.260,675.590000,10,0,NO,"""10,18,64;3;3""",DT_BF16;INT64;INT64,NCL;ND;ND,"""10,2,64""",DT_BF16,NCL,N/A
0,4294967295,2333,46,ReshapeAndCacheNdKernel,ReshapeAndCacheNdKernel,dynamic,AI_VECTOR_CORE,1790269978321588.811	,3.180,22.740000,10,0,NO,"""10,2,64;10,2,64;11823,128,2,64;11823,128,2,64;10""",DT_BF16;DT_BF16;DT_BF16;DT_BF16;INT32,ND;ND;ND;ND;ND,"""11823,128,2,64;11823,128,2,64""",DT_BF16;DT_BF16,ND;ND,N/A
0,4294967295,2334,46,aclnnContiguous_SliceAiCore_Slice,Slice,dynamic,AI_VECTOR_CORE,1790269978322037.069	,1.440,445.070000,10,0,NO,"""10,18,64;3;3""",DT_BF16;INT64;INT64,NCL;ND;ND,"""10,2,64""",DT_BF16,NCL,N/A
0,4294967295,2335,46,FusedInferAttentionScore,FusedInferAttentionScore,dynamic,MIX_AIC,1790269978322049.510	,20.741,11.060000,24,48,NO,"""10,14,64;10,2,64;10,2,64;;2048,2048;1;1;;;;;;;;;;;;;;;;;;;;;;;;""",DT_BF16;DT_BF16;DT_BF16;DT_UNDEFINED;INT8;INT64;INT64;DT_UNDEFINED;DT_UNDEFINED;DT_UNDEFINED;DT_UNDEFINED;DT_UNDEFINED;DT_UNDEFINED;DT_UNDEFINED;DT_UNDEFINED;DT_UNDEFINED;DT_UNDEFINED;DT_UNDEFINED;DT_UNDEFINED;DT_UNDEFINED;DT_UNDEFINED;DT_UNDEFINED;DT_UNDEFINED;DT_UNDEFINED;DT_UNDEFINED;DT_UNDEFINED;DT_UNDEFINED;DT_UNDEFINED;DT_UNDEFINED;DT_UNDEFINED;DT_UNDEFINED,ND;ND;ND;NULL;ND;ND;ND;NULL;NULL;NULL;NULL;NULL;NULL;NULL;NULL;NULL;NULL;NULL;NULL;NULL;NULL;NULL;NULL;NULL;NULL;NULL;NULL;NULL;NULL;NULL;NULL,"""10,14,64;""",DT_BF16;FLOAT,ND;ND,0
0,4294967295,2337,46,aclnnMatmul_MatMulCommon_MatMulV2,MatMulV2,dynamic,AI_CORE,1790269978322492.107	,5.921,421.759000,19,0,NO,"""10,896;896,896""",DT_BF16;DT_BF16,ND;ND,"""10,896""",DT_BF16,ND,N/A
0,4294967295,2338,46,AddRmsNormBias,AddRmsNormBias,dynamic,AI_VECTOR_CORE,1790269978322642.553	,3.041,144.579000,10,0,NO,"""10,896;10,896;896;""",DT_BF16;DT_BF16;DT_BF16;DT_UNDEFINED,ND;ND;ND;NULL,"""10,896;10,1;10,896""",DT_BF16;FLOAT;DT_BF16,ND;ND;ND,N/A
0,4294967295,2339,46,aclnnMatmul_MatMulCommon_MatMulV2,MatMulV2,dynamic,AI_CORE,1790269978322783.279	,19.521,137.709000,22,0,NO,"""10,896;9728,896""",DT_BF16;DT_BF16,ND;ND,"""10,9728""",DT_BF16,ND,N/A
0,4294967295,2340,46,SwiGlu,SwiGlu,dynamic,AI_VECTOR_CORE,1790269978322901.344	,5.660,98.479000,10,0,NO,"""10,9728""",DT_BF16,ND,"""10,4864""",DT_BF16,ND,N/A
0,4294967295,2341,46,aclnnMatmul_MatMulCommon_MatMulV2,MatMulV2,dynamic,AI_CORE,1790269978323063.850	,16.761,156.840000,19,0,NO,"""10,4864;896,4864""",DT_BF16;DT_BF16,ND;ND,"""10,896""",DT_BF16,ND,N/A
0,4294967295,2342,46,AddRmsNormBias,AddRmsNormBias,dynamic,AI_VECTOR_CORE,1790269978323224.277	,2.980,143.739000,10,0,NO,"""10,896;10,896;896;""",DT_BF16;DT_BF16;DT_BF16;DT_UNDEFINED,ND;ND;ND;NULL,"""10,896;10,1;10,896""",DT_BF16;FLOAT;DT_BF16,ND;ND;ND,N/A
0,4294967295,2343,46,aclnnAddmm_CastAiCore_Cast,Cast,dynamic,AI_VECTOR_CORE,1790269978323369.963	,1.040,142.770000,2,0,NO,"""1152""",DT_BF16,ND,"""1152""",FLOAT,ND,N/A
0,4294967295,2344,46,aclnnAddmm_MatMulCommon_MatMulV2,MatMulV2,dynamic,AI_CORE,1790269978323373.543	,8.240,2.460000,24,0,NO,"""10,896;1152,896;1152""",DT_BF16;DT_BF16;FLOAT,ND;ND;ND,"""10,1152""",DT_BF16,ND,N/A
0,4294967295,2345,46,aclnnInplaceCopy_SliceAiCore_Slice,Slice,dynamic,AI_VECTOR_CORE,1790269978323518.348	,2.221,136.510000,10,0,NO,"""10,18,64;3;3""",DT_BF16;INT64;INT64,NCL;ND;ND,"""10,14,64""",DT_BF16,NCL,N/A
0,4294967295,2346,46,aclnnInplaceCopy_SliceAiCore_Slice,Slice,dynamic,AI_VECTOR_CORE,1790269978323521.969	,2.260,1.529000,10,0,NO,"""10,18,64;3;3""",DT_BF16;INT64;INT64,NCL;ND;ND,"""10,2,64""",DT_BF16,NCL,N/A
0,4294967295,2347,46,_triton_rope,_triton_rope,static,AI_VECTOR_CORE,1790269978324066.850	,4.101,542.490000,10,0,YES,"""10,14,64;10,2,64;32768,64""",DT_BF16;32729;DT_BF16,ND;ND;ND,"""10,14,64;10,2,64""",DT_BF16;32729,ND;ND,N/A
0,4294967295,2348,46,aclnnInplaceCopy_SliceAiCore_Slice,Slice,dynamic,AI_VECTOR_CORE,1790269978324709.316	,2.340,638.399000,10,0,NO,"""10,18,64;3;3""",DT_BF16;INT64;INT64,NCL;ND;ND,"""10,2,64""",DT_BF16,NCL,N/A
0,4294967295,2349,46,ReshapeAndCacheNdKernel,ReshapeAndCacheNdKernel,dynamic,AI_VECTOR_CORE,1790269978324726.337	,3.020,14.660000,10,0,NO,"""10,2,64;10,2,64;11823,128,2,64;11823,128,2,64;10""",DT_BF16;DT_BF16;DT_BF16;DT_BF16;INT32,ND;ND;ND;ND;ND,"""11823,128,2,64;11823,128,2,64""",DT_BF16;DT_BF16,ND;ND,N/A
0,4294967295,2350,46,aclnnContiguous_SliceAiCore_Slice,Slice,dynamic,AI_VECTOR_CORE,1790269978325179.855	,1.520,450.480000,10,0,NO,"""10,18,64;3;3""",DT_BF16;INT64;INT64,NCL;ND;ND,"""10,2,64""",DT_BF16,NCL,N/A
0,4294967295,2351,46,FusedInferAttentionScore,FusedInferAttentionScore,dynamic,MIX_AIC,1790269978325198.356	,18.440,16.980000,24,48,NO,"""10,14,64;10,2,64;10,2,64;;2048,2048;1;1;;;;;;;;;;;;;;;;;;;;;;;;""",DT_BF16;DT_BF16;DT_BF16;DT_UNDEFINED;INT8;INT64;INT64;DT_UNDEFINED;DT_UNDEFINED;DT_UNDEFINED;DT_UNDEFINED;DT_UNDEFINED;DT_UNDEFINED;DT_UNDEFINED;DT_UNDEFINED;DT_UNDEFINED;DT_UNDEFINED;DT_UNDEFINED;DT_UNDEFINED;DT_UNDEFINED;DT_UNDEFINED;DT_UNDEFINED;DT_UNDEFINED;DT_UNDEFINED;DT_UNDEFINED;DT_UNDEFINED;DT_UNDEFINED;DT_UNDEFINED;DT_UNDEFINED;DT_UNDEFINED;DT_UNDEFINED,ND;ND;ND;NULL;ND;ND;ND;NULL;NULL;NULL;NULL;NULL;NULL;NULL;NULL;NULL;NULL;NULL;NULL;NULL;NULL;NULL;NULL;NULL;NULL;NULL;NULL;NULL;NULL;NULL;NULL,"""10,14,64;""",DT_BF16;FLOAT,ND;ND,0
0,4294967295,2353,46,aclnnMatmul_MatMulCommon_MatMulV2,MatMulV2,dynamic,AI_CORE,1790269978325684.915	,5.660,468.310000,19,0,NO,"""10,896;896,896""",DT_BF16;DT_BF16,ND;ND,"""10,896""",DT_BF16,ND,N/A
0,4294967295,2354,46,AddRmsNormBias,AddRmsNormBias,dynamic,AI_VECTOR_CORE,1790269978325840.541	,2.760,149.840000,10,0,NO,"""10,896;10,896;896;""",DT_BF16;DT_BF16;DT_BF16;DT_UNDEFINED,ND;ND;ND;NULL,"""10,896;10,1;10,896""",DT_BF16;FLOAT;DT_BF16,ND;ND;ND,N/A
0,4294967295,2355,46,aclnnMatmul_MatMulCommon_MatMulV2,MatMulV2,dynamic,AI_CORE,1790269978325988.187	,18.721,144.990000,22,0,NO,"""10,896;9728,896""",DT_BF16;DT_BF16,ND;ND,"""10,9728""",DT_BF16,ND,N/A
0,4294967295,2356,46,SwiGlu,SwiGlu,dynamic,AI_VECTOR_CORE,1790269978326100.952	,5.160,94.029000,10,0,NO,"""10,9728""",DT_BF16,ND,"""10,4864""",DT_BF16,ND,N/A
0,4294967295,2357,46,aclnnMatmul_MatMulCommon_MatMulV2,MatMulV2,dynamic,AI_CORE,1790269978326223.917	,16.760,117.840000,19,0,NO,"""10,4864;896,4864""",DT_BF16;DT_BF16,ND;ND,"""10,896""",DT_BF16,ND,N/A
0,4294967295,2358,46,AddRmsNormBias,AddRmsNormBias,dynamic,AI_VECTOR_CORE,1790269978326368.082	,2.881,127.240000,10,0,NO,"""10,896;10,896;896;""",DT_BF16;DT_BF16;DT_BF16;DT_UNDEFINED,ND;ND;ND;NULL,"""10,896;10,1;10,896""",DT_BF16;FLOAT;DT_BF16,ND;ND;ND,N/A
0,4294967295,2359,46,aclnnAddmm_CastAiCore_Cast,Cast,dynamic,AI_VECTOR_CORE,1790269978326519.228	,1.060,148.369000,2,0,NO,"""1152""",DT_BF16,ND,"""1152""",FLOAT,ND,N/A
0,4294967295,2360,46,aclnnAddmm_MatMulCommon_MatMulV2,MatMulV2,dynamic,AI_CORE,1790269978326522.529	,7.440,2.190000,24,0,NO,"""10,896;1152,896;1152""",DT_BF16;DT_BF16;FLOAT,ND;ND;ND,"""10,1152""",DT_BF16,ND,N/A
0,4294967295,2361,46,aclnnInplaceCopy_SliceAiCore_Slice,Slice,dynamic,AI_VECTOR_CORE,1790269978326674.495	,2.180,144.560000,10,0,NO,"""10,18,64;3;3""",DT_BF16;INT64;INT64,NCL;ND;ND,"""10,14,64""",DT_BF16,NCL,N/A
0,4294967295,2362,46,aclnnInplaceCopy_SliceAiCore_Slice,Slice,dynamic,AI_VECTOR_CORE,1790269978326677.395	,2.600,0.820000,10,0,NO,"""10,18,64;3;3""",DT_BF16;INT64;INT64,NCL;ND;ND,"""10,2,64""",DT_BF16,NCL,N/A
0,4294967295,2363,46,_triton_rope,_triton_rope,static,AI_VECTOR_CORE,1790269978327202.556	,4.080,522.400000,10,0,YES,"""10,14,64;10,2,64;32768,64""",DT_BF16;32729;DT_BF16,ND;ND;ND,"""10,14,64;10,2,64""",DT_BF16;32729,ND;ND,N/A
0,4294967295,2364,46,aclnnInplaceCopy_SliceAiCore_Slice,Slice,dynamic,AI_VECTOR_CORE,1790269978327843.101	,2.240,636.420000,10,0,NO,"""10,18,64;3;3""",DT_BF16;INT64;INT64,NCL;ND;ND,"""10,2,64""",DT_BF16,NCL,N/A
0,4294967295,2365,46,ReshapeAndCacheNdKernel,ReshapeAndCacheNdKernel,dynamic,AI_VECTOR_CORE,1790269978327861.962	,3.080,16.760000,10,0,NO,"""10,2,64;10,2,64;11823,128,2,64;11823,128,2,64;10""",DT_BF16;DT_BF16;DT_BF16;DT_BF16;INT32,ND;ND;ND;ND;ND,"""11823,128,2,64;11823,128,2,64""",DT_BF16;DT_BF16,ND;ND,N/A
0,4294967295,2366,46,aclnnContiguous_SliceAiCore_Slice,Slice,dynamic,AI_VECTOR_CORE,1790269978328317.680	,1.420,452.670000,10,0,NO,"""10,18,64;3;3""",DT_BF16;INT64;INT64,NCL;ND;ND,"""10,2,64""",DT_BF16,NCL,N/A
0,4294967295,2367,46,FusedInferAttentionScore,FusedInferAttentionScore,dynamic,MIX_AIC,1790269978328330.221	,23.761,11.080000,24,48,NO,"""10,14,64;10,2,64;10,2,64;;2048,2048;1;1;;;;;;;;;;;;;;;;;;;;;;;;""",DT_BF16;DT_BF16;DT_BF16;DT_UNDEFINED;INT8;INT64;INT64;DT_UNDEFINED;DT_UNDEFINED;DT_UNDEFINED;DT_UNDEFINED;DT_UNDEFINED;DT_UNDEFINED;DT_UNDEFINED;DT_UNDEFINED;DT_UNDEFINED;DT_UNDEFINED;DT_UNDEFINED;DT_UNDEFINED;DT_UNDEFINED;DT_UNDEFINED;DT_UNDEFINED;DT_UNDEFINED;DT_UNDEFINED;DT_UNDEFINED;DT_UNDEFINED;DT_UNDEFINED;DT_UNDEFINED;DT_UNDEFINED;DT_UNDEFINED;DT_UNDEFINED,ND;ND;ND;NULL;ND;ND;ND;NULL;NULL;NULL;NULL;NULL;NULL;NULL;NULL;NULL;NULL;NULL;NULL;NULL;NULL;NULL;NULL;NULL;NULL;NULL;NULL;NULL;NULL;NULL;NULL,"""10,14,64;""",DT_BF16;FLOAT,ND;ND,0
0,4294967295,2369,46,aclnnMatmul_MatMulCommon_MatMulV2,MatMulV2,dynamic,AI_CORE,1790269978328782.419	,6.440,428.489000,19,0,NO,"""10,896;896,896""",DT_BF16;DT_BF16,ND;ND,"""10,896""",DT_BF16,ND,N/A
0,4294967295,2370,46,AddRmsNormBias,AddRmsNormBias,dynamic,AI_VECTOR_CORE,1790269978328936.845	,3.720,147.810000,10,0,NO,"""10,896;10,896;896;""",DT_BF16;DT_BF16;DT_BF16;DT_UNDEFINED,ND;ND;ND;NULL,"""10,896;10,1;10,896""",DT_BF16;FLOAT;DT_BF16,ND;ND;ND,N/A
0,4294967295,2371,46,aclnnMatmul_MatMulCommon_MatMulV2,MatMulV2,dynamic,AI_CORE,1790269978329073.531	,19.240,133.030000,22,0,NO,"""10,896;9728,896""",DT_BF16;DT_BF16,ND;ND,"""10,9728""",DT_BF16,ND,N/A
0,4294967295,2372,46,SwiGlu,SwiGlu,dynamic,AI_VECTOR_CORE,1790269978329322.361	,5.500,229.510000,10,0,NO,"""10,9728""",DT_BF16,ND,"""10,4864""",DT_BF16,ND,N/A
0,4294967295,2373,46,aclnnMatmul_MatMulCommon_MatMulV2,MatMulV2,dynamic,AI_CORE,1790269978329450.426	,17.300,122.750000,19,0,NO,"""10,4864;896,4864""",DT_BF16;DT_BF16,ND;ND,"""10,896""",DT_BF16,ND,N/A
0,4294967295,2374,46,AddRmsNormBias,AddRmsNormBias,dynamic,AI_VECTOR_CORE,1790269978329613.372	,3.680,145.450000,10,0,NO,"""10,896;10,896;896;""",DT_BF16;DT_BF16;DT_BF16;DT_UNDEFINED,ND;ND;ND;NULL,"""10,896;10,1;10,896""",DT_BF16;FLOAT;DT_BF16,ND;ND;ND,N/A
0,4294967295,2375,46,aclnnAddmm_CastAiCore_Cast,Cast,dynamic,AI_VECTOR_CORE,1790269978329749.958	,1.300,133.070000,2,0,NO,"""1152""",DT_BF16,ND,"""1152""",FLOAT,ND,N/A
0,4294967295,2376,46,aclnnAddmm_MatMulCommon_MatMulV2,MatMulV2,dynamic,AI_CORE,1790269978329752.418	,7.640,1.200000,24,0,NO,"""10,896;1152,896;1152""",DT_BF16;DT_BF16;FLOAT,ND;ND;ND,"""10,1152""",DT_BF16,ND,N/A
0,4294967295,2377,46,aclnnInplaceCopy_SliceAiCore_Slice,Slice,dynamic,AI_VECTOR_CORE,1790269978329891.163	,2.300,131.110000,10,0,NO,"""10,18,64;3;3""",DT_BF16;INT64;INT64,NCL;ND;ND,"""10,14,64""",DT_BF16,NCL,N/A
0,4294967295,2378,46,aclnnInplaceCopy_SliceAiCore_Slice,Slice,dynamic,AI_VECTOR_CORE,1790269978329894.323	,2.200,0.700000,10,0,NO,"""10,18,64;3;3""",DT_BF16;INT64;INT64,NCL;ND;ND,"""10,2,64""",DT_BF16,NCL,N/A
0,4294967295,2379,46,_triton_rope,_triton_rope,static,AI_VECTOR_CORE,1790269978330429.485	,4.200,533.050000,10,0,YES,"""10,14,64;10,2,64;32768,64""",DT_BF16;32729;DT_BF16,ND;ND;ND,"""10,14,64;10,2,64""",DT_BF16;32729,ND;ND,N/A
0,4294967295,2380,46,aclnnInplaceCopy_SliceAiCore_Slice,Slice,dynamic,AI_VECTOR_CORE,1790269978331061.330	,2.460,627.550000,10,0,NO,"""10,18,64;3;3""",DT_BF16;INT64;INT64,NCL;ND;ND,"""10,2,64""",DT_BF16,NCL,N/A
0,4294967295,2381,46,ReshapeAndCacheNdKernel,ReshapeAndCacheNdKernel,dynamic,AI_VECTOR_CORE,1790269978331081.191	,2.940,17.540000,10,0,NO,"""10,2,64;10,2,64;11823,128,2,64;11823,128,2,64;10""",DT_BF16;DT_BF16;DT_BF16;DT_BF16;INT32,ND;ND;ND;ND;ND,"""11823,128,2,64;11823,128,2,64""",DT_BF16;DT_BF16,ND;ND,N/A
0,4294967295,2382,46,aclnnContiguous_SliceAiCore_Slice,Slice,dynamic,AI_VECTOR_CORE,1790269978331555.530	,1.460,471.310000,10,0,NO,"""10,18,64;3;3""",DT_BF16;INT64;INT64,NCL;ND;ND,"""10,2,64""",DT_BF16,NCL,N/A
0,4294967295,2383,46,FusedInferAttentionScore,FusedInferAttentionScore,dynamic,MIX_AIC,1790269978331568.110	,20.281,11.040000,24,48,NO,"""10,14,64;10,2,64;10,2,64;;2048,2048;1;1;;;;;;;;;;;;;;;;;;;;;;;;""",DT_BF16;DT_BF16;DT_BF16;DT_UNDEFINED;INT8;INT64;INT64;DT_UNDEFINED;DT_UNDEFINED;DT_UNDEFINED;DT_UNDEFINED;DT_UNDEFINED;DT_UNDEFINED;DT_UNDEFINED;DT_UNDEFINED;DT_UNDEFINED;DT_UNDEFINED;DT_UNDEFINED;DT_UNDEFINED;DT_UNDEFINED;DT_UNDEFINED;DT_UNDEFINED;DT_UNDEFINED;DT_UNDEFINED;DT_UNDEFINED;DT_UNDEFINED;DT_UNDEFINED;DT_UNDEFINED;DT_UNDEFINED;DT_UNDEFINED;DT_UNDEFINED,ND;ND;ND;NULL;ND;ND;ND;NULL;NULL;NULL;NULL;NULL;NULL;NULL;NULL;NULL;NULL;NULL;NULL;NULL;NULL;NULL;NULL;NULL;NULL;NULL;NULL;NULL;NULL;NULL;NULL,"""10,14,64;""",DT_BF16;FLOAT,ND;ND,0
0,4294967295,2385,46,aclnnMatmul_MatMulCommon_MatMulV2,MatMulV2,dynamic,AI_CORE,1790269978332026.049	,5.640,437.719000,19,0,NO,"""10,896;896,896""",DT_BF16;DT_BF16,ND;ND,"""10,896""",DT_BF16,ND,N/A
0,4294967295,2386,46,AddRmsNormBias,AddRmsNormBias,dynamic,AI_VECTOR_CORE,1790269978332187.115	,2.940,155.360000,10,0,NO,"""10,896;10,896;896;""",DT_BF16;DT_BF16;DT_BF16;DT_UNDEFINED,ND;ND;ND;NULL,"""10,896;10,1;10,896""",DT_BF16;FLOAT;DT_BF16,ND;ND;ND,N/A
0,4294967295,2387,46,aclnnMatmul_MatMulCommon_MatMulV2,MatMulV2,dynamic,AI_CORE,1790269978332326.341	,19.520,136.310000,22,0,NO,"""10,896;9728,896""",DT_BF16;DT_BF16,ND;ND,"""10,9728""",DT_BF16,ND,N/A
0,4294967295,2388,46,SwiGlu,SwiGlu,dynamic,AI_VECTOR_CORE,1790269978332453.566	,5.220,107.730000,10,0,NO,"""10,9728""",DT_BF16,ND,"""10,4864""",DT_BF16,ND,N/A
0,4294967295,2389,46,aclnnMatmul_MatMulCommon_MatMulV2,MatMulV2,dynamic,AI_CORE,1790269978332585.191	,16.561,126.530000,19,0,NO,"""10,4864;896,4864""",DT_BF16;DT_BF16,ND;ND,"""10,896""",DT_BF16,ND,N/A
0,4294967295,2390,46,AddRmsNormBias,AddRmsNormBias,dynamic,AI_VECTOR_CORE,1790269978332732.897	,2.760,131.189000,10,0,NO,"""10,896;10,896;896;""",DT_BF16;DT_BF16;DT_BF16;DT_UNDEFINED,ND;ND;ND;NULL,"""10,896;10,1;10,896""",DT_BF16;FLOAT;DT_BF16,ND;ND;ND,N/A
0,4294967295,2391,46,aclnnIndex_IndexAiCore_Index,Index,dynamic,AI_VECTOR_CORE,1790269978332907.664	,8.480,171.990000,48,0,NO,"""10,896;1;2;1""",DT_BF16;INT64;INT64;INT32,ND;ND;ND;ND,"""1,896""",DT_BF16,ND,N/A
0,4294967295,2392,46,aclnnMatmul_MatMulCommon_MatMulV2,MatMulV2,dynamic,AI_CORE,1790269978332953.346	,221.409,37.020000,24,0,NO,"""1,896;151936,896""",DT_BF16;DT_BF16,ND;ND,"""1,151936""",DT_BF16,ND,N/A
0,4294967295,2393,46,aclnnInplaceCopy_CastAiCore_Cast,Cast,dynamic,AI_VECTOR_CORE,1790269978333453.646	,7.300,279.091000,48,0,NO,"""1,151936""",DT_BF16,ND,"""1,151936""",FLOAT,ND,N/A
0,4294967295,2394,46,aclnnInplaceZero_ZerosLikeAiCore_ZerosLike,ZerosLike,dynamic,AI_VECTOR_CORE,1790269978333660.534	,7.300,199.450000,48,0,NO,"""1,151936""",INT32,ND,"""1,151936""",INT32,ND,N/A
0,4294967295,2395,46,token_bin_counts_and_mask_kernel,token_bin_counts_and_mask_kernel,static,AI_VECTOR_CORE,1790269978334121.372	,66.783,453.450000,1,0,YES,"""1,10;1,151936""",INT64;FLOAT,ND;ND,"""1,151936""",FLOAT,ND,N/A
0,4294967295,2396,46,aclnnGtScalar_CastAiCore_Cast,Cast,dynamic,AI_VECTOR_CORE,1790269978334355.442	,8.660,167.467000,48,0,NO,"""1,151936""",INT32,ND,"""1,151936""",INT64,ND,N/A
0,4294967295,2397,46,aclnnGtScalar_GreaterAiCore_Greater,Greater,dynamic,AI_VECTOR_CORE,1790269978334364.122	,16.341,0.000000,48,0,NO,"""1,151936;""",INT64;INT64,ND;ND,"""1,151936""",BOOL,ND,N/A
0,4294967295,2398,46,aclnnInplaceZero_ZerosLikeAiCore_ZerosLike,ZerosLike,dynamic,AI_VECTOR_CORE,1790269978334380.483	,2.300,0.159000,48,0,NO,"""1,151936""",INT32,ND,"""1,151936""",INT32,ND,N/A
0,4294967295,2399,46,aclnnGtScalar_CastAiCore_Cast,Cast,dynamic,AI_VECTOR_CORE,1790269978334382.803	,2.560,0.000000,48,0,NO,"""1,151936""",INT32,ND,"""1,151936""",INT64,ND,N/A
0,4294967295,2400,46,aclnnGtScalar_GreaterAiCore_Greater,Greater,dynamic,AI_VECTOR_CORE,1790269978334385.383	,11.260,0.190000,48,0,NO,"""1,151936;""",INT64;INT64,ND;ND,"""1,151936""",BOOL,ND,N/A
0,4294967295,2401,46,apply_all_penalties_kernel,apply_all_penalties_kernel,static,AI_VECTOR_CORE,1790269978334953.106	,76.023,556.240000,1,0,YES,"""1,151936;1,151936;1,151936;1,151936""",FLOAT;BOOL;BOOL;INT32,ND;ND;ND;ND,"""1,151936""",FLOAT,ND,N/A
0,4294967295,2402,46,aclnnArgMax_ArgMaxV2AiCore_ArgMaxV2,ArgMaxV2,dynamic,AI_VECTOR_CORE,1790269978335237.177	,18.741,208.227000,1,0,NO,"""1,151936;""",FLOAT;INT64,ND;ND,"""1""",INT32,ND,N/A
0,4294967295,2403,46,aclnnArgMax_CastAiCore_Cast,Cast,dynamic,AI_VECTOR_CORE,1790269978335255.938	,0.760,0.009000,1,0,NO,"""1""",INT32,ND,"""1""",INT64,ND,N/A
0,4294967295,2404,46,aclnnInplaceCopy_CastAiCore_Cast,Cast,dynamic,AI_VECTOR_CORE,1790269978335275.979	,1.360,19.240000,1,0,NO,"""1""",INT64,ND,"""1""",INT32,ND,N/A
0,4294967295,2409,46,aclnnInplaceFillScalar_FillAiCore_Fill,Fill,dynamic,AI_VECTOR_CORE,1790269978338464.426	,1.080,3187.140000,1,0,NO,"""1;""",INT64;INT32,ND;ND,"""1""",INT32,ND,N/A
0,4294967295,2412,46,aclnnInplaceFillScalar_FillAiCore_Fill,Fill,dynamic,AI_VECTOR_CORE,1790269978338963.006	,1.000,497.420000,1,0,NO,"""1;""",INT64;INT32,ND;ND,"""1""",INT32,ND,N/A
0,4294967295,2417,46,aclnnIndex_IndexAiCore_Index,Index,dynamic,AI_VECTOR_CORE,1790269978339454.926	,8.700,491.000000,48,0,NO,"""1;1;1;1""",INT32;INT64;INT64;INT64,ND;ND;ND;ND,"""1""",INT32,ND,N/A
0,4294967295,2418,46,aclnnInplaceCopy_CastAiCore_Cast,Cast,dynamic,AI_VECTOR_CORE,1790269978339463.646	,0.960,0.050000,1,0,NO,"""1""",INT32,ND,"""1""",INT64,ND,N/A
0,4294967295,2419,46,aclnnAdd_AddAiCore_Add,Add,dynamic,AI_VECTOR_CORE,1790269978339495.267	,2.160,30.540000,1,0,NO,"""1;1""",INT64;INT64,ND;ND,"""1""",INT64,ND,N/A
0,4294967295,2421,46,aclnnAdd_AddAiCore_Add,Add,dynamic,AI_VECTOR_CORE,1790269978339534.469	,1.200,37.090000,1,0,NO,"""1;1""",INT32;INT32,ND;ND,"""1""",INT32,ND,N/A
0,4294967295,2423,46,_compute_slot_mapping_kernel,_compute_slot_mapping_kernel,static,AI_VECTOR_CORE,1790269978340073.030	,120.145,537.300000,2,0,YES,"""2;1;1,2""",2864699776;32729;INT32,ND;ND;ND,"""258""",INT64,ND,N/A
0,4294967295,2424,46,aclnnSubs_SubAiCore_Sub,Sub,dynamic,AI_VECTOR_CORE,1790269978340336.461	,1.360,143.355000,1,0,NO,"""1;""",INT32;INT32,ND;ND,"""1""",INT32,ND,N/A
0,4294967295,2426,46,aclnnIndexSelect_GatherV3AiCore_GatherV3,GatherV3,dynamic,AI_VECTOR_CORE,1790269978340819.700	,2.360,481.890000,1,0,NO,"""32768,64;1;1""",DT_BF16;INT64;INT64,ND;ND;ND,"""1,64""",DT_BF16,ND,N/A
0,4294967295,2427,46,aclnnRepeat_TileAiCore_Tile,Tile,dynamic,AI_VECTOR_CORE,1790269978340827.781	,1.700,5.640000,1,0,NO,"""1,2,32;3""",DT_BF16;INT64,NCL;ND,"""1,2,64""",DT_BF16,ND,N/A
0,4294967295,2429,46,aclnnIndexSelect_GatherV3AiCore_GatherV3,GatherV3,dynamic,AI_VECTOR_CORE,1790269978340892.063	,2.120,62.550000,1,0,NO,"""32768,64;1;1""",DT_BF16;INT64;INT64,ND;ND;ND,"""1,64""",DT_BF16,ND,N/A
0,4294967295,2430,46,aclnnRepeat_TileAiCore_Tile,Tile,dynamic,AI_VECTOR_CORE,1790269978340895.403	,1.800,1.380000,1,0,NO,"""1,2,32;3""",DT_BF16;INT64,NCL;ND,"""1,2,64""",DT_BF16,ND,N/A
0,4294967295,2432,46,aclnnInplaceCopy_CastAiCore_Cast,Cast,dynamic,AI_VECTOR_CORE,1790269978341407.344	,1.000,509.950000,1,0,NO,"""1""",INT32,ND,"""1""",INT64,ND,N/A
0,4294967295,2433,46,aclnnEmbedding_GatherV2AiCore_GatherV2,GatherV2,dynamic,AI_VECTOR_CORE,1790269978341418.704	,11.561,10.500000,48,0,NO,"""151936,896;1;1""",DT_BF16;INT64;INT64,ND;ND;ND,"""1,896""",DT_BF16,ND,N/A
0,4294967295,2434,46,RmsNorm,RmsNorm,dynamic,AI_VECTOR_CORE,1790269978341524.488	,5.341,94.189000,1,0,NO,"""1,896;896""",DT_BF16;DT_BF16,ND;ND,"""1,896;1,1""",DT_BF16;FLOAT,ND;ND,N/A
0,4294967295,2435,46,aclnnAddmm_CastAiCore_Cast,Cast,dynamic,AI_VECTOR_CORE,1790269978341708.156	,1.140,178.409000,2,0,NO,"""1152""",DT_BF16,ND,"""1152""",FLOAT,ND,N/A
0,4294967295,2436,46,aclnnAddmm_MatMulCommon_MatMulV2,MatMulV2,dynamic,AI_CORE,1790269978341710.496	,7.600,1.110000,24,0,NO,"""1,896;1152,896;1152""",DT_BF16;DT_BF16;FLOAT,ND;ND;ND,"""1,1152""",DT_BF16,ND,N/A
0,4294967295,2437,46,_triton_rope,_triton_rope,static,AI_VECTOR_CORE,1790269978342394.263	,3.640,676.150000,1,0,YES,"""1,14,64;1,2,64;32768,64""",DT_BF16;32729;DT_BF16,ND;ND;ND,"""1,14,64;1,2,64""",DT_BF16;32729,ND;ND,N/A
0,4294967295,2438,46,ReshapeAndCacheNdKernel,ReshapeAndCacheNdKernel,dynamic,AI_VECTOR_CORE,1790269978343105.251	,1.821,707.360000,1,0,NO,"""1,2,64;1,2,64;11823,128,2,64;11823,128,2,64;1""",DT_BF16;DT_BF16;DT_BF16;DT_BF16;INT32,ND;ND;ND;ND;ND,"""11823,128,2,64;11823,128,2,64""",DT_BF16;DT_BF16,ND;ND,N/A
0,4294967295,2439,46,FusedInferAttentionScore,FusedInferAttentionScore,dynamic,MIX_AIC,1790269978343559.710	,20.601,452.679000,24,48,NO,"""1,14,64;11823,128,128;11823,128,128;;2048,2048;1;1;;;;;;;;1,2;;;;;;;;;;;;;;;;""",DT_BF16;DT_BF16;DT_BF16;DT_UNDEFINED;INT8;INT64;INT64;DT_UNDEFINED;DT_UNDEFINED;DT_UNDEFINED;DT_UNDEFINED;DT_UNDEFINED;DT_UNDEFINED;DT_UNDEFINED;INT32;DT_UNDEFINED;DT_UNDEFINED;DT_UNDEFINED;DT_UNDEFINED;DT_UNDEFINED;DT_UNDEFINED;DT_UNDEFINED;DT_UNDEFINED;DT_UNDEFINED;DT_UNDEFINED;DT_UNDEFINED;DT_UNDEFINED;DT_UNDEFINED;DT_UNDEFINED;DT_UNDEFINED;DT_UNDEFINED,ND;ND;ND;NULL;ND;ND;ND;NULL;NULL;NULL;NULL;NULL;NULL;NULL;ND;NULL;NULL;NULL;NULL;NULL;NULL;NULL;NULL;NULL;NULL;NULL;NULL;NULL;NULL;NULL;NULL,"""1,14,64;""",DT_BF16;FLOAT,ND;ND,0
0,4294967295,2441,46,aclnnMatmul_MatMulCommon_MatMulV2,MatMulV2,dynamic,AI_CORE,1790269978344011.168	,5.660,430.899000,19,0,NO,"""1,896;896,896""",DT_BF16;DT_BF16,ND;ND,"""1,896""",DT_BF16,ND,N/A
0,4294967295,2442,46,AddRmsNormBias,AddRmsNormBias,dynamic,AI_VECTOR_CORE,1790269978344176.534	,1.980,159.590000,1,0,NO,"""1,896;1,896;896;""",DT_BF16;DT_BF16;DT_BF16;DT_UNDEFINED,ND;ND;ND;NULL,"""1,896;1,1;1,896""",DT_BF16;FLOAT;DT_BF16,ND;ND;ND,N/A
0,4294967295,2443,46,aclnnMatmul_MatMulCommon_MatMulV2,MatMulV2,dynamic,AI_CORE,1790269978344319.500	,19.321,141.020000,22,0,NO,"""1,896;9728,896""",DT_BF16;DT_BF16,ND;ND,"""1,9728""",DT_BF16,ND,N/A
0,4294967295,2444,46,SwiGlu,SwiGlu,dynamic,AI_VECTOR_CORE,1790269978344432.745	,4.120,93.929000,1,0,NO,"""1,9728""",DT_BF16,ND,"""1,4864""",DT_BF16,ND,N/A
0,4294967295,2445,46,aclnnMatmul_MatMulCommon_MatMulV2,MatMulV2,dynamic,AI_CORE,1790269978344562.150	,16.600,125.380000,19,0,NO,"""1,4864;896,4864""",DT_BF16;DT_BF16,ND;ND,"""1,896""",DT_BF16,ND,N/A
0,4294967295,2446,46,AddRmsNormBias,AddRmsNormBias,dynamic,AI_VECTOR_CORE,1790269978344722.196	,1.620,143.400000,1,0,NO,"""1,896;1,896;896;""",DT_BF16;DT_BF16;DT_BF16;DT_UNDEFINED,ND;ND;ND;NULL,"""1,896;1,1;1,896""",DT_BF16;FLOAT;DT_BF16,ND;ND;ND,N/A
0,4294967295,2447,46,aclnnAddmm_CastAiCore_Cast,Cast,dynamic,AI_VECTOR_CORE,1790269978344878.582	,1.080,154.630000,2,0,NO,"""1152""",DT_BF16,ND,"""1152""",FLOAT,ND,N/A
0,4294967295,2448,46,aclnnAddmm_MatMulCommon_MatMulV2,MatMulV2,dynamic,AI_CORE,1790269978344881.563	,7.840,1.920000,24,0,NO,"""1,896;1152,896;1152""",DT_BF16;DT_BF16;FLOAT,ND;ND;ND,"""1,1152""",DT_BF16,ND,N/A
0,4294967295,2449,46,_triton_rope,_triton_rope,static,AI_VECTOR_CORE,1790269978345565.410	,2.880,676.160000,1,0,YES,"""1,14,64;1,2,64;32768,64""",DT_BF16;32729;DT_BF16,ND;ND;ND,"""1,14,64;1,2,64""",DT_BF16;32729,ND;ND,N/A
0,4294967295,2450,46,ReshapeAndCacheNdKernel,ReshapeAndCacheNdKernel,dynamic,AI_VECTOR_CORE,1790269978346216.736	,1.520,648.370000,1,0,NO,"""1,2,64;1,2,64;11823,128,2,64;11823,128,2,64;1""",DT_BF16;DT_BF16;DT_BF16;DT_BF16;INT32,ND;ND;ND;ND;ND,"""11823,128,2,64;11823,128,2,64""",DT_BF16;DT_BF16,ND;ND,N/A
0,4294967295,2451,46,FusedInferAttentionScore,FusedInferAttentionScore,dynamic,MIX_AIC,1790269978346660.734	,19.740,442.480000,24,48,NO,"""1,14,64;11823,128,128;11823,128,128;;2048,2048;1;1;;;;;;;;1,2;;;;;;;;;;;;;;;;""",DT_BF16;DT_BF16;DT_BF16;DT_UNDEFINED;INT8;INT64;INT64;DT_UNDEFINED;DT_UNDEFINED;DT_UNDEFINED;DT_UNDEFINED;DT_UNDEFINED;DT_UNDEFINED;DT_UNDEFINED;INT32;DT_UNDEFINED;DT_UNDEFINED;DT_UNDEFINED;DT_UNDEFINED;DT_UNDEFINED;DT_UNDEFINED;DT_UNDEFINED;DT_UNDEFINED;DT_UNDEFINED;DT_UNDEFINED;DT_UNDEFINED;DT_UNDEFINED;DT_UNDEFINED;DT_UNDEFINED;DT_UNDEFINED;DT_UNDEFINED,ND;ND;ND;NULL;ND;ND;ND;NULL;NULL;NULL;NULL;NULL;NULL;NULL;ND;NULL;NULL;NULL;NULL;NULL;NULL;NULL;NULL;NULL;NULL;NULL;NULL;NULL;NULL;NULL;NULL,"""1,14,64;""",DT_BF16;FLOAT,ND;ND,0
0,4294967295,2453,46,aclnnMatmul_MatMulCommon_MatMulV2,MatMulV2,dynamic,AI_CORE,1790269978347139.313	,6.140,458.760000,19,0,NO,"""1,896;896,896""",DT_BF16;DT_BF16,ND;ND,"""1,896""",DT_BF16,ND,N/A
0,4294967295,2454,46,AddRmsNormBias,AddRmsNormBias,dynamic,AI_VECTOR_CORE,1790269978347307.539	,1.741,162.110000,1,0,NO,"""1,896;1,896;896;""",DT_BF16;DT_BF16;DT_BF16;DT_UNDEFINED,ND;ND;ND;NULL,"""1,896;1,1;1,896""",DT_BF16;FLOAT;DT_BF16,ND;ND;ND,N/A
0,4294967295,2455,46,aclnnMatmul_MatMulCommon_MatMulV2,MatMulV2,dynamic,AI_CORE,1790269978347453.085	,20.021,143.759000,22,0,NO,"""1,896;9728,896""",DT_BF16;DT_BF16,ND;ND,"""1,9728""",DT_BF16,ND,N/A
0,4294967295,2456,46,SwiGlu,SwiGlu,dynamic,AI_VECTOR_CORE,1790269978347565.470	,3.020,92.479000,1,0,NO,"""1,9728""",DT_BF16,ND,"""1,4864""",DT_BF16,ND,N/A
0,4294967295,2457,46,aclnnMatmul_MatMulCommon_MatMulV2,MatMulV2,dynamic,AI_CORE,1790269978347690.055	,16.880,121.480000,19,0,NO,"""1,4864;896,4864""",DT_BF16;DT_BF16,ND;ND,"""1,896""",DT_BF16,ND,N/A
0,4294967295,2458,46,AddRmsNormBias,AddRmsNormBias,dynamic,AI_VECTOR_CORE,1790269978347843.661	,1.660,136.870000,1,0,NO,"""1,896;1,896;896;""",DT_BF16;DT_BF16;DT_BF16;DT_UNDEFINED,ND;ND;ND;NULL,"""1,896;1,1;1,896""",DT_BF16;FLOAT;DT_BF16,ND;ND;ND,N/A
0,4294967295,2459,46,aclnnAddmm_CastAiCore_Cast,Cast,dynamic,AI_VECTOR_CORE,1790269978347992.747	,1.020,147.340000,2,0,NO,"""1152""",DT_BF16,ND,"""1152""",FLOAT,ND,N/A
0,4294967295,2460,46,aclnnAddmm_MatMulCommon_MatMulV2,MatMulV2,dynamic,AI_CORE,1790269978347995.967	,7.860,2.230000,24,0,NO,"""1,896;1152,896;1152""",DT_BF16;DT_BF16;FLOAT,ND;ND;ND,"""1,1152""",DT_BF16,ND,N/A
0,4294967295,2461,46,_triton_rope,_triton_rope,static,AI_VECTOR_CORE,1790269978348638.273	,2.840,634.390000,1,0,YES,"""1,14,64;1,2,64;32768,64""",DT_BF16;32729;DT_BF16,ND;ND;ND,"""1,14,64;1,2,64""",DT_BF16;32729,ND;ND,N/A
0,4294967295,2462,46,ReshapeAndCacheNdKernel,ReshapeAndCacheNdKernel,dynamic,AI_VECTOR_CORE,1790269978349300.399	,1.560,659.410000,1,0,NO,"""1,2,64;1,2,64;11823,128,2,64;11823,128,2,64;1""",DT_BF16;DT_BF16;DT_BF16;DT_BF16;INT32,ND;ND;ND;ND;ND,"""11823,128,2,64;11823,128,2,64""",DT_BF16;DT_BF16,ND;ND,N/A
0,4294967295,2463,46,FusedInferAttentionScore,FusedInferAttentionScore,dynamic,MIX_AIC,1790269978349735.337	,17.300,433.190000,24,48,NO,"""1,14,64;11823,128,128;11823,128,128;;2048,2048;1;1;;;;;;;;1,2;;;;;;;;;;;;;;;;""",DT_BF16;DT_BF16;DT_BF16;DT_UNDEFINED;INT8;INT64;INT64;DT_UNDEFINED;DT_UNDEFINED;DT_UNDEFINED;DT_UNDEFINED;DT_UNDEFINED;DT_UNDEFINED;DT_UNDEFINED;INT32;DT_UNDEFINED;DT_UNDEFINED;DT_UNDEFINED;DT_UNDEFINED;DT_UNDEFINED;DT_UNDEFINED;DT_UNDEFINED;DT_UNDEFINED;DT_UNDEFINED;DT_UNDEFINED;DT_UNDEFINED;DT_UNDEFINED;DT_UNDEFINED;DT_UNDEFINED;DT_UNDEFINED;DT_UNDEFINED,ND;ND;ND;NULL;ND;ND;ND;NULL;NULL;NULL;NULL;NULL;NULL;NULL;ND;NULL;NULL;NULL;NULL;NULL;NULL;NULL;NULL;NULL;NULL;NULL;NULL;NULL;NULL;NULL;NULL,"""1,14,64;""",DT_BF16;FLOAT,ND;ND,0
0,4294967295,2465,46,aclnnMatmul_MatMulCommon_MatMulV2,MatMulV2,dynamic,AI_CORE,1790269978350238.457	,5.580,485.950000,19,0,NO,"""1,896;896,896""",DT_BF16;DT_BF16,ND;ND,"""1,896""",DT_BF16,ND,N/A
0,4294967295,2466,46,AddRmsNormBias,AddRmsNormBias,dynamic,AI_VECTOR_CORE,1790269978350399.943	,1.700,155.920000,1,0,NO,"""1,896;1,896;896;""",DT_BF16;DT_BF16;DT_BF16;DT_UNDEFINED,ND;ND;ND;NULL,"""1,896;1,1;1,896""",DT_BF16;FLOAT;DT_BF16,ND;ND;ND,N/A
0,4294967295,2467,46,aclnnMatmul_MatMulCommon_MatMulV2,MatMulV2,dynamic,AI_CORE,1790269978350551.029	,19.461,149.300000,22,0,NO,"""1,896;9728,896""",DT_BF16;DT_BF16,ND;ND,"""1,9728""",DT_BF16,ND,N/A
0,4294967295,2468,46,SwiGlu,SwiGlu,dynamic,AI_VECTOR_CORE,1790269978350680.634	,2.981,110.289000,1,0,NO,"""1,9728""",DT_BF16,ND,"""1,4864""",DT_BF16,ND,N/A
0,4294967295,2469,46,aclnnMatmul_MatMulCommon_MatMulV2,MatMulV2,dynamic,AI_CORE,1790269978350815.040	,16.560,131.269000,19,0,NO,"""1,4864;896,4864""",DT_BF16;DT_BF16,ND;ND,"""1,896""",DT_BF16,ND,N/A
0,4294967295,2470,46,AddRmsNormBias,AddRmsNormBias,dynamic,AI_VECTOR_CORE,1790269978350973.146	,1.760,141.690000,1,0,NO,"""1,896;1,896;896;""",DT_BF16;DT_BF16;DT_BF16;DT_UNDEFINED,ND;ND;ND;NULL,"""1,896;1,1;1,896""",DT_BF16;FLOAT;DT_BF16,ND;ND;ND,N/A
0,4294967295,2471,46,aclnnAddmm_CastAiCore_Cast,Cast,dynamic,AI_VECTOR_CORE,1790269978351135.053	,1.180,159.990000,2,0,NO,"""1152""",DT_BF16,ND,"""1152""",FLOAT,ND,N/A
0,4294967295,2472,46,aclnnAddmm_MatMulCommon_MatMulV2,MatMulV2,dynamic,AI_CORE,1790269978351138.733	,7.420,2.570000,24,0,NO,"""1,896;1152,896;1152""",DT_BF16;DT_BF16;FLOAT,ND;ND;ND,"""1,1152""",DT_BF16,ND,N/A
0,4294967295,2473,46,_triton_rope,_triton_rope,static,AI_VECTOR_CORE,1790269978351790.219	,2.920,644.080000,1,0,YES,"""1,14,64;1,2,64;32768,64""",DT_BF16;32729;DT_BF16,ND;ND;ND,"""1,14,64;1,2,64""",DT_BF16;32729,ND;ND,N/A
0,4294967295,2474,46,ReshapeAndCacheNdKernel,ReshapeAndCacheNdKernel,dynamic,AI_VECTOR_CORE,1790269978352445.665	,2.200,652.580000,1,0,NO,"""1,2,64;1,2,64;11823,128,2,64;11823,128,2,64;1""",DT_BF16;DT_BF16;DT_BF16;DT_BF16;INT32,ND;ND;ND;ND;ND,"""11823,128,2,64;11823,128,2,64""",DT_BF16;DT_BF16,ND;ND,N/A
0,4294967295,2475,46,FusedInferAttentionScore,FusedInferAttentionScore,dynamic,MIX_AIC,1790269978352916.504	,22.381,468.550000,24,48,NO,"""1,14,64;11823,128,128;11823,128,128;;2048,2048;1;1;;;;;;;;1,2;;;;;;;;;;;;;;;;""",DT_BF16;DT_BF16;DT_BF16;DT_UNDEFINED;INT8;INT64;INT64;DT_UNDEFINED;DT_UNDEFINED;DT_UNDEFINED;DT_UNDEFINED;DT_UNDEFINED;DT_UNDEFINED;DT_UNDEFINED;INT32;DT_UNDEFINED;DT_UNDEFINED;DT_UNDEFINED;DT_UNDEFINED;DT_UNDEFINED;DT_UNDEFINED;DT_UNDEFINED;DT_UNDEFINED;DT_UNDEFINED;DT_UNDEFINED;DT_UNDEFINED;DT_UNDEFINED;DT_UNDEFINED;DT_UNDEFINED;DT_UNDEFINED;DT_UNDEFINED,ND;ND;ND;NULL;ND;ND;ND;NULL;NULL;NULL;NULL;NULL;NULL;NULL;ND;NULL;NULL;NULL;NULL;NULL;NULL;NULL;NULL;NULL;NULL;NULL;NULL;NULL;NULL;NULL;NULL,"""1,14,64;""",DT_BF16;FLOAT,ND;ND,0
0,4294967295,2477,46,aclnnMatmul_MatMulCommon_MatMulV2,MatMulV2,dynamic,AI_CORE,1790269978353473.406	,5.640,534.619000,19,0,NO,"""1,896;896,896""",DT_BF16;DT_BF16,ND;ND,"""1,896""",DT_BF16,ND,N/A
0,4294967295,2478,46,AddRmsNormBias,AddRmsNormBias,dynamic,AI_VECTOR_CORE,1790269978353643.933	,1.680,164.860000,1,0,NO,"""1,896;1,896;896;""",DT_BF16;DT_BF16;DT_BF16;DT_UNDEFINED,ND;ND;ND;NULL,"""1,896;1,1;1,896""",DT_BF16;FLOAT;DT_BF16,ND;ND;ND,N/A
0,4294967295,2479,46,aclnnMatmul_MatMulCommon_MatMulV2,MatMulV2,dynamic,AI_CORE,1790269978353792.899	,19.161,147.320000,22,0,NO,"""1,896;9728,896""",DT_BF16;DT_BF16,ND;ND,"""1,9728""",DT_BF16,ND,N/A
0,4294967295,2480,46,SwiGlu,SwiGlu,dynamic,AI_VECTOR_CORE,1790269978353907.303	,3.000,95.089000,1,0,NO,"""1,9728""",DT_BF16,ND,"""1,4864""",DT_BF16,ND,N/A
0,4294967295,2481,46,aclnnMatmul_MatMulCommon_MatMulV2,MatMulV2,dynamic,AI_CORE,1790269978354038.849	,16.780,128.500000,19,0,NO,"""1,4864;896,4864""",DT_BF16;DT_BF16,ND;ND,"""1,896""",DT_BF16,ND,N/A
0,4294967295,2482,46,AddRmsNormBias,AddRmsNormBias,dynamic,AI_VECTOR_CORE,1790269978354191.775	,1.720,136.220000,1,0,NO,"""1,896;1,896;896;""",DT_BF16;DT_BF16;DT_BF16;DT_UNDEFINED,ND;ND;ND;NULL,"""1,896;1,1;1,896""",DT_BF16;FLOAT;DT_BF16,ND;ND;ND,N/A
0,4294967295,2483,46,aclnnAddmm_CastAiCore_Cast,Cast,dynamic,AI_VECTOR_CORE,1790269978354356.601	,1.160,163.030000,2,0,NO,"""1152""",DT_BF16,ND,"""1152""",FLOAT,ND,N/A
0,4294967295,2484,46,aclnnAddmm_MatMulCommon_MatMulV2,MatMulV2,dynamic,AI_CORE,1790269978354359.981	,7.621,2.340000,24,0,NO,"""1,896;1152,896;1152""",DT_BF16;DT_BF16;FLOAT,ND;ND;ND,"""1,1152""",DT_BF16,ND,N/A
0,4294967295,2485,46,_triton_rope,_triton_rope,static,AI_VECTOR_CORE,1790269978355031.348	,2.860,663.629000,1,0,YES,"""1,14,64;1,2,64;32768,64""",DT_BF16;32729;DT_BF16,ND;ND;ND,"""1,14,64;1,2,64""",DT_BF16;32729,ND;ND,N/A
0,4294967295,2486,46,ReshapeAndCacheNdKernel,ReshapeAndCacheNdKernel,dynamic,AI_VECTOR_CORE,1790269978355705.915	,2.100,671.890000,1,0,NO,"""1,2,64;1,2,64;11823,128,2,64;11823,128,2,64;1""",DT_BF16;DT_BF16;DT_BF16;DT_BF16;INT32,ND;ND;ND;ND;ND,"""11823,128,2,64;11823,128,2,64""",DT_BF16;DT_BF16,ND;ND,N/A
0,4294967295,2487,46,FusedInferAttentionScore,FusedInferAttentionScore,dynamic,MIX_AIC,1790269978356156.593	,22.981,448.400000,24,48,NO,"""1,14,64;11823,128,128;11823,128,128;;2048,2048;1;1;;;;;;;;1,2;;;;;;;;;;;;;;;;""",DT_BF16;DT_BF16;DT_BF16;DT_UNDEFINED;INT8;INT64;INT64;DT_UNDEFINED;DT_UNDEFINED;DT_UNDEFINED;DT_UNDEFINED;DT_UNDEFINED;DT_UNDEFINED;DT_UNDEFINED;INT32;DT_UNDEFINED;DT_UNDEFINED;DT_UNDEFINED;DT_UNDEFINED;DT_UNDEFINED;DT_UNDEFINED;DT_UNDEFINED;DT_UNDEFINED;DT_UNDEFINED;DT_UNDEFINED;DT_UNDEFINED;DT_UNDEFINED;DT_UNDEFINED;DT_UNDEFINED;DT_UNDEFINED;DT_UNDEFINED,ND;ND;ND;NULL;ND;ND;ND;NULL;NULL;NULL;NULL;NULL;NULL;NULL;ND;NULL;NULL;NULL;NULL;NULL;NULL;NULL;NULL;NULL;NULL;NULL;NULL;NULL;NULL;NULL;NULL,"""1,14,64;""",DT_BF16;FLOAT,ND;ND,0
0,4294967295,2489,46,aclnnMatmul_MatMulCommon_MatMulV2,MatMulV2,dynamic,AI_CORE,1790269978356625.152	,6.000,445.769000,19,0,NO,"""1,896;896,896""",DT_BF16;DT_BF16,ND;ND,"""1,896""",DT_BF16,ND,N/A
0,4294967295,2490,46,AddRmsNormBias,AddRmsNormBias,dynamic,AI_VECTOR_CORE,1790269978356778.658	,1.780,147.500000,1,0,NO,"""1,896;1,896;896;""",DT_BF16;DT_BF16;DT_BF16;DT_UNDEFINED,ND;ND;ND;NULL,"""1,896;1,1;1,896""",DT_BF16;FLOAT;DT_BF16,ND;ND;ND,N/A
0,4294967295,2491,46,aclnnMatmul_MatMulCommon_MatMulV2,MatMulV2,dynamic,AI_CORE,1790269978356914.864	,19.260,134.220000,22,0,NO,"""1,896;9728,896""",DT_BF16;DT_BF16,ND;ND,"""1,9728""",DT_BF16,ND,N/A
0,4294967295,2492,46,SwiGlu,SwiGlu,dynamic,AI_VECTOR_CORE,1790269978357028.668	,3.100,94.740000,1,0,NO,"""1,9728""",DT_BF16,ND,"""1,4864""",DT_BF16,ND,N/A
0,4294967295,2493,46,aclnnMatmul_MatMulCommon_MatMulV2,MatMulV2,dynamic,AI_CORE,1790269978357164.474	,16.860,132.650000,19,0,NO,"""1,4864;896,4864""",DT_BF16;DT_BF16,ND;ND,"""1,896""",DT_BF16,ND,N/A
0,4294967295,2494,46,AddRmsNormBias,AddRmsNormBias,dynamic,AI_VECTOR_CORE,1790269978357322.780	,2.020,141.390000,1,0,NO,"""1,896;1,896;896;""",DT_BF16;DT_BF16;DT_BF16;DT_UNDEFINED,ND;ND;ND;NULL,"""1,896;1,1;1,896""",DT_BF16;FLOAT;DT_BF16,ND;ND;ND,N/A
0,4294967295,2495,46,aclnnAddmm_CastAiCore_Cast,Cast,dynamic,AI_VECTOR_CORE,1790269978357467.946	,1.540,143.230000,2,0,NO,"""1152""",DT_BF16,ND,"""1152""",FLOAT,ND,N/A
0,4294967295,2496,46,aclnnAddmm_MatMulCommon_MatMulV2,MatMulV2,dynamic,AI_CORE,1790269978357471.186	,7.460,1.710000,24,0,NO,"""1,896;1152,896;1152""",DT_BF16;DT_BF16;FLOAT,ND;ND;ND,"""1,1152""",DT_BF16,ND,N/A
0,4294967295,2497,46,_triton_rope,_triton_rope,static,AI_VECTOR_CORE,1790269978358122.632	,3.060,644.040000,1,0,YES,"""1,14,64;1,2,64;32768,64""",DT_BF16;32729;DT_BF16,ND;ND;ND,"""1,14,64;1,2,64""",DT_BF16;32729,ND;ND,N/A
0,4294967295,2498,46,ReshapeAndCacheNdKernel,ReshapeAndCacheNdKernel,dynamic,AI_VECTOR_CORE,1790269978358762.777	,1.741,636.940000,1,0,NO,"""1,2,64;1,2,64;11823,128,2,64;11823,128,2,64;1""",DT_BF16;DT_BF16;DT_BF16;DT_BF16;INT32,ND;ND;ND;ND;ND,"""11823,128,2,64;11823,128,2,64""",DT_BF16;DT_BF16,ND;ND,N/A
0,4294967295,2499,46,FusedInferAttentionScore,FusedInferAttentionScore,dynamic,MIX_AIC,1790269978359218.356	,18.340,453.759000,24,48,NO,"""1,14,64;11823,128,128;11823,128,128;;2048,2048;1;1;;;;;;;;1,2;;;;;;;;;;;;;;;;""",DT_BF16;DT_BF16;DT_BF16;DT_UNDEFINED;INT8;INT64;INT64;DT_UNDEFINED;DT_UNDEFINED;DT_UNDEFINED;DT_UNDEFINED;DT_UNDEFINED;DT_UNDEFINED;DT_UNDEFINED;INT32;DT_UNDEFINED;DT_UNDEFINED;DT_UNDEFINED;DT_UNDEFINED;DT_UNDEFINED;DT_UNDEFINED;DT_UNDEFINED;DT_UNDEFINED;DT_UNDEFINED;DT_UNDEFINED;DT_UNDEFINED;DT_UNDEFINED;DT_UNDEFINED;DT_UNDEFINED;DT_UNDEFINED;DT_UNDEFINED,ND;ND;ND;NULL;ND;ND;ND;NULL;NULL;NULL;NULL;NULL;NULL;NULL;ND;NULL;NULL;NULL;NULL;NULL;NULL;NULL;NULL;NULL;NULL;NULL;NULL;NULL;NULL;NULL;NULL,"""1,14,64;""",DT_BF16;FLOAT,ND;ND,0
0,4294967295,2501,46,aclnnMatmul_MatMulCommon_MatMulV2,MatMulV2,dynamic,AI_CORE,1790269978359707.435	,5.620,470.910000,19,0,NO,"""1,896;896,896""",DT_BF16;DT_BF16,ND;ND,"""1,896""",DT_BF16,ND,N/A
0,4294967295,2502,46,AddRmsNormBias,AddRmsNormBias,dynamic,AI_VECTOR_CORE,1790269978359863.401	,1.661,150.380000,1,0,NO,"""1,896;1,896;896;""",DT_BF16;DT_BF16;DT_BF16;DT_UNDEFINED,ND;ND;ND;NULL,"""1,896;1,1;1,896""",DT_BF16;FLOAT;DT_BF16,ND;ND;ND,N/A
0,4294967295,2503,46,aclnnMatmul_MatMulCommon_MatMulV2,MatMulV2,dynamic,AI_CORE,1790269978360001.727	,19.121,136.589000,22,0,NO,"""1,896;9728,896""",DT_BF16;DT_BF16,ND;ND,"""1,9728""",DT_BF16,ND,N/A
0,4294967295,2504,46,SwiGlu,SwiGlu,dynamic,AI_VECTOR_CORE,1790269978360115.132	,4.040,94.379000,1,0,NO,"""1,9728""",DT_BF16,ND,"""1,4864""",DT_BF16,ND,N/A
0,4294967295,2505,46,aclnnMatmul_MatMulCommon_MatMulV2,MatMulV2,dynamic,AI_CORE,1790269978360238.717	,16.520,119.460000,19,0,NO,"""1,4864;896,4864""",DT_BF16;DT_BF16,ND;ND,"""1,896""",DT_BF16,ND,N/A
0,4294967295,2506,46,AddRmsNormBias,AddRmsNormBias,dynamic,AI_VECTOR_CORE,1790269978360396.423	,1.660,141.230000,1,0,NO,"""1,896;1,896;896;""",DT_BF16;DT_BF16;DT_BF16;DT_UNDEFINED,ND;ND;ND;NULL,"""1,896;1,1;1,896""",DT_BF16;FLOAT;DT_BF16,ND;ND;ND,N/A
0,4294967295,2507,46,aclnnAddmm_CastAiCore_Cast,Cast,dynamic,AI_VECTOR_CORE,1790269978360545.549	,1.100,147.340000,2,0,NO,"""1152""",DT_BF16,ND,"""1152""",FLOAT,ND,N/A
0,4294967295,2508,46,aclnnAddmm_MatMulCommon_MatMulV2,MatMulV2,dynamic,AI_CORE,1790269978360548.689	,7.240,2.150000,24,0,NO,"""1,896;1152,896;1152""",DT_BF16;DT_BF16;FLOAT,ND;ND;ND,"""1,1152""",DT_BF16,ND,N/A
0,4294967295,2509,46,_triton_rope,_triton_rope,static,AI_VECTOR_CORE,1790269978361212.535	,2.901,656.510000,1,0,YES,"""1,14,64;1,2,64;32768,64""",DT_BF16;32729;DT_BF16,ND;ND;ND,"""1,14,64;1,2,64""",DT_BF16;32729,ND;ND,N/A
0,4294967295,2510,46,ReshapeAndCacheNdKernel,ReshapeAndCacheNdKernel,dynamic,AI_VECTOR_CORE,1790269978361865.562	,2.100,650.099000,1,0,NO,"""1,2,64;1,2,64;11823,128,2,64;11823,128,2,64;1""",DT_BF16;DT_BF16;DT_BF16;DT_BF16;INT32,ND;ND;ND;ND;ND,"""11823,128,2,64;11823,128,2,64""",DT_BF16;DT_BF16,ND;ND,N/A
0,4294967295,2511,46,FusedInferAttentionScore,FusedInferAttentionScore,dynamic,MIX_AIC,1790269978362299.579	,20.021,431.900000,24,48,NO,"""1,14,64;11823,128,128;11823,128,128;;2048,2048;1;1;;;;;;;;1,2;;;;;;;;;;;;;;;;""",DT_BF16;DT_BF16;DT_BF16;DT_UNDEFINED;INT8;INT64;INT64;DT_UNDEFINED;DT_UNDEFINED;DT_UNDEFINED;DT_UNDEFINED;DT_UNDEFINED;DT_UNDEFINED;DT_UNDEFINED;INT32;DT_UNDEFINED;DT_UNDEFINED;DT_UNDEFINED;DT_UNDEFINED;DT_UNDEFINED;DT_UNDEFINED;DT_UNDEFINED;DT_UNDEFINED;DT_UNDEFINED;DT_UNDEFINED;DT_UNDEFINED;DT_UNDEFINED;DT_UNDEFINED;DT_UNDEFINED;DT_UNDEFINED;DT_UNDEFINED,ND;ND;ND;NULL;ND;ND;ND;NULL;NULL;NULL;NULL;NULL;NULL;NULL;ND;NULL;NULL;NULL;NULL;NULL;NULL;NULL;NULL;NULL;NULL;NULL;NULL;NULL;NULL;NULL;NULL,"""1,14,64;""",DT_BF16;FLOAT,ND;ND,0
0,4294967295,2513,46,aclnnMatmul_MatMulCommon_MatMulV2,MatMulV2,dynamic,AI_CORE,1790269978362784.858	,5.961,465.229000,19,0,NO,"""1,896;896,896""",DT_BF16;DT_BF16,ND;ND,"""1,896""",DT_BF16,ND,N/A
0,4294967295,2514,46,AddRmsNormBias,AddRmsNormBias,dynamic,AI_VECTOR_CORE,1790269978362956.665	,1.760,166.039000,1,0,NO,"""1,896;1,896;896;""",DT_BF16;DT_BF16;DT_BF16;DT_UNDEFINED,ND;ND;ND;NULL,"""1,896;1,1;1,896""",DT_BF16;FLOAT;DT_BF16,ND;ND;ND,N/A
0,4294967295,2515,46,aclnnMatmul_MatMulCommon_MatMulV2,MatMulV2,dynamic,AI_CORE,1790269978363104.931	,20.181,146.490000,22,0,NO,"""1,896;9728,896""",DT_BF16;DT_BF16,ND;ND,"""1,9728""",DT_BF16,ND,N/A
0,4294967295,2516,46,SwiGlu,SwiGlu,dynamic,AI_VECTOR_CORE,1790269978363222.036	,2.980,96.819000,1,0,NO,"""1,9728""",DT_BF16,ND,"""1,4864""",DT_BF16,ND,N/A
0,4294967295,2517,46,aclnnMatmul_MatMulCommon_MatMulV2,MatMulV2,dynamic,AI_CORE,1790269978363348.981	,16.961,124.020000,19,0,NO,"""1,4864;896,4864""",DT_BF16;DT_BF16,ND;ND,"""1,896""",DT_BF16,ND,N/A
0,4294967295,2518,46,AddRmsNormBias,AddRmsNormBias,dynamic,AI_VECTOR_CORE,1790269978363494.847	,1.800,128.789000,1,0,NO,"""1,896;1,896;896;""",DT_BF16;DT_BF16;DT_BF16;DT_UNDEFINED,ND;ND;ND;NULL,"""1,896;1,1;1,896""",DT_BF16;FLOAT;DT_BF16,ND;ND;ND,N/A
0,4294967295,2519,46,aclnnAddmm_CastAiCore_Cast,Cast,dynamic,AI_VECTOR_CORE,1790269978363649.093	,1.160,152.450000,2,0,NO,"""1152""",DT_BF16,ND,"""1152""",FLOAT,ND,N/A
0,4294967295,2520,46,aclnnAddmm_MatMulCommon_MatMulV2,MatMulV2,dynamic,AI_CORE,1790269978363652.373	,7.760,2.090000,24,0,NO,"""1,896;1152,896;1152""",DT_BF16;DT_BF16;FLOAT,ND;ND;ND,"""1,1152""",DT_BF16,ND,N/A
0,4294967295,2521,46,_triton_rope,_triton_rope,static,AI_VECTOR_CORE,1790269978364312.579	,2.820,652.490000,1,0,YES,"""1,14,64;1,2,64;32768,64""",DT_BF16;32729;DT_BF16,ND;ND;ND,"""1,14,64;1,2,64""",DT_BF16;32729,ND;ND,N/A
0,4294967295,2522,46,ReshapeAndCacheNdKernel,ReshapeAndCacheNdKernel,dynamic,AI_VECTOR_CORE,1790269978364952.625	,1.560,637.180000,1,0,NO,"""1,2,64;1,2,64;11823,128,2,64;11823,128,2,64;1""",DT_BF16;DT_BF16;DT_BF16;DT_BF16;INT32,ND;ND;ND;ND;ND,"""11823,128,2,64;11823,128,2,64""",DT_BF16;DT_BF16,ND;ND,N/A
0,4294967295,2523,46,FusedInferAttentionScore,FusedInferAttentionScore,dynamic,MIX_AIC,1790269978365407.743	,16.861,453.690000,24,48,NO,"""1,14,64;11823,128,128;11823,128,128;;2048,2048;1;1;;;;;;;;1,2;;;;;;;;;;;;;;;;""",DT_BF16;DT_BF16;DT_BF16;DT_UNDEFINED;INT8;INT64;INT64;DT_UNDEFINED;DT_UNDEFINED;DT_UNDEFINED;DT_UNDEFINED;DT_UNDEFINED;DT_UNDEFINED;DT_UNDEFINED;INT32;DT_UNDEFINED;DT_UNDEFINED;DT_UNDEFINED;DT_UNDEFINED;DT_UNDEFINED;DT_UNDEFINED;DT_UNDEFINED;DT_UNDEFINED;DT_UNDEFINED;DT_UNDEFINED;DT_UNDEFINED;DT_UNDEFINED;DT_UNDEFINED;DT_UNDEFINED;DT_UNDEFINED;DT_UNDEFINED,ND;ND;ND;NULL;ND;ND;ND;NULL;NULL;NULL;NULL;NULL;NULL;NULL;ND;NULL;NULL;NULL;NULL;NULL;NULL;NULL;NULL;NULL;NULL;NULL;NULL;NULL;NULL;NULL;NULL,"""1,14,64;""",DT_BF16;FLOAT,ND;ND,0
0,4294967295,2525,46,aclnnMatmul_MatMulCommon_MatMulV2,MatMulV2,dynamic,AI_CORE,1790269978365886.842	,5.761,462.139000,19,0,NO,"""1,896;896,896""",DT_BF16;DT_BF16,ND;ND,"""1,896""",DT_BF16,ND,N/A
0,4294967295,2526,46,AddRmsNormBias,AddRmsNormBias,dynamic,AI_VECTOR_CORE,1790269978366042.869	,1.680,150.239000,1,0,NO,"""1,896;1,896;896;""",DT_BF16;DT_BF16;DT_BF16;DT_UNDEFINED,ND;ND;ND;NULL,"""1,896;1,1;1,896""",DT_BF16;FLOAT;DT_BF16,ND;ND;ND,N/A
0,4294967295,2527,46,aclnnMatmul_MatMulCommon_MatMulV2,MatMulV2,dynamic,AI_CORE,1790269978366180.994	,21.941,136.570000,22,0,NO,"""1,896;9728,896""",DT_BF16;DT_BF16,ND;ND,"""1,9728""",DT_BF16,ND,N/A
0,4294967295,2528,46,SwiGlu,SwiGlu,dynamic,AI_VECTOR_CORE,1790269978366293.559	,2.880,90.559000,1,0,NO,"""1,9728""",DT_BF16,ND,"""1,4864""",DT_BF16,ND,N/A
0,4294967295,2529,46,aclnnMatmul_MatMulCommon_MatMulV2,MatMulV2,dynamic,AI_CORE,1790269978366422.364	,16.580,125.870000,19,0,NO,"""1,4864;896,4864""",DT_BF16;DT_BF16,ND;ND,"""1,896""",DT_BF16,ND,N/A
0,4294967295,2530,46,AddRmsNormBias,AddRmsNormBias,dynamic,AI_VECTOR_CORE,1790269978366568.530	,1.640,129.670000,1,0,NO,"""1,896;1,896;896;""",DT_BF16;DT_BF16;DT_BF16;DT_UNDEFINED,ND;ND;ND;NULL,"""1,896;1,1;1,896""",DT_BF16;FLOAT;DT_BF16,ND;ND;ND,N/A
0,4294967295,2531,46,aclnnAddmm_CastAiCore_Cast,Cast,dynamic,AI_VECTOR_CORE,1790269978366739.376	,1.040,169.360000,2,0,NO,"""1152""",DT_BF16,ND,"""1152""",FLOAT,ND,N/A
0,4294967295,2532,46,aclnnAddmm_MatMulCommon_MatMulV2,MatMulV2,dynamic,AI_CORE,1790269978366742.457	,7.380,1.960000,24,0,NO,"""1,896;1152,896;1152""",DT_BF16;DT_BF16;FLOAT,ND;ND;ND,"""1,1152""",DT_BF16,ND,N/A
0,4294967295,2533,46,_triton_rope,_triton_rope,static,AI_VECTOR_CORE,1790269978367403.543	,3.080,653.620000,1,0,YES,"""1,14,64;1,2,64;32768,64""",DT_BF16;32729;DT_BF16,ND;ND;ND,"""1,14,64;1,2,64""",DT_BF16;32729,ND;ND,N/A
0,4294967295,2534,46,ReshapeAndCacheNdKernel,ReshapeAndCacheNdKernel,dynamic,AI_VECTOR_CORE,1790269978368057.789	,2.380,651.170000,1,0,NO,"""1,2,64;1,2,64;11823,128,2,64;11823,128,2,64;1""",DT_BF16;DT_BF16;DT_BF16;DT_BF16;INT32,ND;ND;ND;ND;ND,"""11823,128,2,64;11823,128,2,64""",DT_BF16;DT_BF16,ND;ND,N/A
0,4294967295,2535,46,FusedInferAttentionScore,FusedInferAttentionScore,dynamic,MIX_AIC,1790269978368497.927	,22.641,437.870000,24,48,NO,"""1,14,64;11823,128,128;11823,128,128;;2048,2048;1;1;;;;;;;;1,2;;;;;;;;;;;;;;;;""",DT_BF16;DT_BF16;DT_BF16;DT_UNDEFINED;INT8;INT64;INT64;DT_UNDEFINED;DT_UNDEFINED;DT_UNDEFINED;DT_UNDEFINED;DT_UNDEFINED;DT_UNDEFINED;DT_UNDEFINED;INT32;DT_UNDEFINED;DT_UNDEFINED;DT_UNDEFINED;DT_UNDEFINED;DT_UNDEFINED;DT_UNDEFINED;DT_UNDEFINED;DT_UNDEFINED;DT_UNDEFINED;DT_UNDEFINED;DT_UNDEFINED;DT_UNDEFINED;DT_UNDEFINED;DT_UNDEFINED;DT_UNDEFINED;DT_UNDEFINED,ND;ND;ND;NULL;ND;ND;ND;NULL;NULL;NULL;NULL;NULL;NULL;NULL;ND;NULL;NULL;NULL;NULL;NULL;NULL;NULL;NULL;NULL;NULL;NULL;NULL;NULL;NULL;NULL;NULL,"""1,14,64;""",DT_BF16;FLOAT,ND;ND,0
0,4294967295,2537,46,aclnnMatmul_MatMulCommon_MatMulV2,MatMulV2,dynamic,AI_CORE,1790269978368973.946	,5.620,453.359000,19,0,NO,"""1,896;896,896""",DT_BF16;DT_BF16,ND;ND,"""1,896""",DT_BF16,ND,N/A
0,4294967295,2538,46,AddRmsNormBias,AddRmsNormBias,dynamic,AI_VECTOR_CORE,1790269978369170.114	,1.760,190.380000,1,0,NO,"""1,896;1,896;896;""",DT_BF16;DT_BF16;DT_BF16;DT_UNDEFINED,ND;ND;ND;NULL,"""1,896;1,1;1,896""",DT_BF16;FLOAT;DT_BF16,ND;ND;ND,N/A
0,4294967295,2539,46,aclnnMatmul_MatMulCommon_MatMulV2,MatMulV2,dynamic,AI_CORE,1790269978369323.340	,19.161,151.490000,22,0,NO,"""1,896;9728,896""",DT_BF16;DT_BF16,ND;ND,"""1,9728""",DT_BF16,ND,N/A
0,4294967295,2540,46,SwiGlu,SwiGlu,dynamic,AI_VECTOR_CORE,1790269978369443.945	,2.940,101.589000,1,0,NO,"""1,9728""",DT_BF16,ND,"""1,4864""",DT_BF16,ND,N/A
0,4294967295,2541,46,aclnnMatmul_MatMulCommon_MatMulV2,MatMulV2,dynamic,AI_CORE,1790269978369569.570	,16.560,122.560000,19,0,NO,"""1,4864;896,4864""",DT_BF16;DT_BF16,ND;ND,"""1,896""",DT_BF16,ND,N/A
0,4294967295,2542,46,AddRmsNormBias,AddRmsNormBias,dynamic,AI_VECTOR_CORE,1790269978369717.195	,1.661,131.190000,1,0,NO,"""1,896;1,896;896;""",DT_BF16;DT_BF16;DT_BF16;DT_UNDEFINED,ND;ND;ND;NULL,"""1,896;1,1;1,896""",DT_BF16;FLOAT;DT_BF16,ND;ND;ND,N/A
0,4294967295,2543,46,aclnnAddmm_CastAiCore_Cast,Cast,dynamic,AI_VECTOR_CORE,1790269978369854.221	,1.080,135.339000,2,0,NO,"""1152""",DT_BF16,ND,"""1152""",FLOAT,ND,N/A
0,4294967295,2544,46,aclnnAddmm_MatMulCommon_MatMulV2,MatMulV2,dynamic,AI_CORE,1790269978369858.041	,7.960,2.670000,24,0,NO,"""1,896;1152,896;1152""",DT_BF16;DT_BF16;FLOAT,ND;ND;ND,"""1,1152""",DT_BF16,ND,N/A
0,4294967295,2545,46,_triton_rope,_triton_rope,static,AI_VECTOR_CORE,1790269978370508.147	,2.840,642.290000,1,0,YES,"""1,14,64;1,2,64;32768,64""",DT_BF16;32729;DT_BF16,ND;ND;ND,"""1,14,64;1,2,64""",DT_BF16;32729,ND;ND,N/A
0,4294967295,2546,46,ReshapeAndCacheNdKernel,ReshapeAndCacheNdKernel,dynamic,AI_VECTOR_CORE,1790269978371163.953	,1.600,652.910000,1,0,NO,"""1,2,64;1,2,64;11823,128,2,64;11823,128,2,64;1""",DT_BF16;DT_BF16;DT_BF16;DT_BF16;INT32,ND;ND;ND;ND;ND,"""11823,128,2,64;11823,128,2,64""",DT_BF16;DT_BF16,ND;ND,N/A
0,4294967295,2547,46,FusedInferAttentionScore,FusedInferAttentionScore,dynamic,MIX_AIC,1790269978371612.851	,21.121,447.150000,24,48,NO,"""1,14,64;11823,128,128;11823,128,128;;2048,2048;1;1;;;;;;;;1,2;;;;;;;;;;;;;;;;""",DT_BF16;DT_BF16;DT_BF16;DT_UNDEFINED;INT8;INT64;INT64;DT_UNDEFINED;DT_UNDEFINED;DT_UNDEFINED;DT_UNDEFINED;DT_UNDEFINED;DT_UNDEFINED;DT_UNDEFINED;INT32;DT_UNDEFINED;DT_UNDEFINED;DT_UNDEFINED;DT_UNDEFINED;DT_UNDEFINED;DT_UNDEFINED;DT_UNDEFINED;DT_UNDEFINED;DT_UNDEFINED;DT_UNDEFINED;DT_UNDEFINED;DT_UNDEFINED;DT_UNDEFINED;DT_UNDEFINED;DT_UNDEFINED;DT_UNDEFINED,ND;ND;ND;NULL;ND;ND;ND;NULL;NULL;NULL;NULL;NULL;NULL;NULL;ND;NULL;NULL;NULL;NULL;NULL;NULL;NULL;NULL;NULL;NULL;NULL;NULL;NULL;NULL;NULL;NULL,"""1,14,64;""",DT_BF16;FLOAT,ND;ND,0
0,4294967295,2549,46,aclnnMatmul_MatMulCommon_MatMulV2,MatMulV2,dynamic,AI_CORE,1790269978372072.850	,5.900,438.879000,19,0,NO,"""1,896;896,896""",DT_BF16;DT_BF16,ND;ND,"""1,896""",DT_BF16,ND,N/A
0,4294967295,2550,46,AddRmsNormBias,AddRmsNormBias,dynamic,AI_VECTOR_CORE,1790269978372220.256	,1.680,141.600000,1,0,NO,"""1,896;1,896;896;""",DT_BF16;DT_BF16;DT_BF16;DT_UNDEFINED,ND;ND;ND;NULL,"""1,896;1,1;1,896""",DT_BF16;FLOAT;DT_BF16,ND;ND;ND,N/A
0,4294967295,2551,46,aclnnMatmul_MatMulCommon_MatMulV2,MatMulV2,dynamic,AI_CORE,1790269978372357.081	,19.141,135.070000,22,0,NO,"""1,896;9728,896""",DT_BF16;DT_BF16,ND;ND,"""1,9728""",DT_BF16,ND,N/A
0,4294967295,2552,46,SwiGlu,SwiGlu,dynamic,AI_VECTOR_CORE,1790269978372468.785	,2.981,92.609000,1,0,NO,"""1,9728""",DT_BF16,ND,"""1,4864""",DT_BF16,ND,N/A
0,4294967295,2553,46,aclnnMatmul_MatMulCommon_MatMulV2,MatMulV2,dynamic,AI_CORE,1790269978372600.871	,16.740,129.019000,19,0,NO,"""1,4864;896,4864""",DT_BF16;DT_BF16,ND;ND,"""1,896""",DT_BF16,ND,N/A
0,4294967295,2554,46,AddRmsNormBias,AddRmsNormBias,dynamic,AI_VECTOR_CORE,1790269978372755.977	,1.700,138.510000,1,0,NO,"""1,896;1,896;896;""",DT_BF16;DT_BF16;DT_BF16;DT_UNDEFINED,ND;ND;ND;NULL,"""1,896;1,1;1,896""",DT_BF16;FLOAT;DT_BF16,ND;ND;ND,N/A
0,4294967295,2555,46,aclnnAddmm_CastAiCore_Cast,Cast,dynamic,AI_VECTOR_CORE,1790269978372898.083	,1.140,140.300000,2,0,NO,"""1152""",DT_BF16,ND,"""1152""",FLOAT,ND,N/A
0,4294967295,2556,46,aclnnAddmm_MatMulCommon_MatMulV2,MatMulV2,dynamic,AI_CORE,1790269978372901.603	,7.620,2.360000,24,0,NO,"""1,896;1152,896;1152""",DT_BF16;DT_BF16;FLOAT,ND;ND;ND,"""1,1152""",DT_BF16,ND,N/A
0,4294967295,2557,46,_triton_rope,_triton_rope,static,AI_VECTOR_CORE,1790269978373565.729	,2.960,656.630000,1,0,YES,"""1,14,64;1,2,64;32768,64""",DT_BF16;32729;DT_BF16,ND;ND;ND,"""1,14,64;1,2,64""",DT_BF16;32729,ND;ND,N/A
0,4294967295,2558,46,ReshapeAndCacheNdKernel,ReshapeAndCacheNdKernel,dynamic,AI_VECTOR_CORE,1790269978374211.375	,2.160,642.790000,1,0,NO,"""1,2,64;1,2,64;11823,128,2,64;11823,128,2,64;1""",DT_BF16;DT_BF16;DT_BF16;DT_BF16;INT32,ND;ND;ND;ND;ND,"""11823,128,2,64;11823,128,2,64""",DT_BF16;DT_BF16,ND;ND,N/A
0,4294967295,2559,46,FusedInferAttentionScore,FusedInferAttentionScore,dynamic,MIX_AIC,1790269978374648.553	,22.680,434.840000,24,48,NO,"""1,14,64;11823,128,128;11823,128,128;;2048,2048;1;1;;;;;;;;1,2;;;;;;;;;;;;;;;;""",DT_BF16;DT_BF16;DT_BF16;DT_UNDEFINED;INT8;INT64;INT64;DT_UNDEFINED;DT_UNDEFINED;DT_UNDEFINED;DT_UNDEFINED;DT_UNDEFINED;DT_UNDEFINED;DT_UNDEFINED;INT32;DT_UNDEFINED;DT_UNDEFINED;DT_UNDEFINED;DT_UNDEFINED;DT_UNDEFINED;DT_UNDEFINED;DT_UNDEFINED;DT_UNDEFINED;DT_UNDEFINED;DT_UNDEFINED;DT_UNDEFINED;DT_UNDEFINED;DT_UNDEFINED;DT_UNDEFINED;DT_UNDEFINED;DT_UNDEFINED,ND;ND;ND;NULL;ND;ND;ND;NULL;NULL;NULL;NULL;NULL;NULL;NULL;ND;NULL;NULL;NULL;NULL;NULL;NULL;NULL;NULL;NULL;NULL;NULL;NULL;NULL;NULL;NULL;NULL,"""1,14,64;""",DT_BF16;FLOAT,ND;ND,0
0,4294967295,2561,46,aclnnMatmul_MatMulCommon_MatMulV2,MatMulV2,dynamic,AI_CORE,1790269978375156.473	,5.920,485.320000,19,0,NO,"""1,896;896,896""",DT_BF16;DT_BF16,ND;ND,"""1,896""",DT_BF16,ND,N/A
0,4294967295,2562,46,AddRmsNormBias,AddRmsNormBias,dynamic,AI_VECTOR_CORE,1790269978375310.279	,1.620,147.830000,1,0,NO,"""1,896;1,896;896;""",DT_BF16;DT_BF16;DT_BF16;DT_UNDEFINED,ND;ND;ND;NULL,"""1,896;1,1;1,896""",DT_BF16;FLOAT;DT_BF16,ND;ND;ND,N/A
0,4294967295,2563,46,aclnnMatmul_MatMulCommon_MatMulV2,MatMulV2,dynamic,AI_CORE,1790269978375457.805	,19.401,145.880000,22,0,NO,"""1,896;9728,896""",DT_BF16;DT_BF16,ND;ND,"""1,9728""",DT_BF16,ND,N/A
0,4294967295,2564,46,SwiGlu,SwiGlu,dynamic,AI_VECTOR_CORE,1790269978375577.490	,3.040,100.349000,1,0,NO,"""1,9728""",DT_BF16,ND,"""1,4864""",DT_BF16,ND,N/A
0,4294967295,2565,46,aclnnMatmul_MatMulCommon_MatMulV2,MatMulV2,dynamic,AI_CORE,1790269978375705.135	,16.901,124.710000,19,0,NO,"""1,4864;896,4864""",DT_BF16;DT_BF16,ND;ND,"""1,896""",DT_BF16,ND,N/A
0,4294967295,2566,46,AddRmsNormBias,AddRmsNormBias,dynamic,AI_VECTOR_CORE,1790269978375855.461	,1.620,133.349000,1,0,NO,"""1,896;1,896;896;""",DT_BF16;DT_BF16;DT_BF16;DT_UNDEFINED,ND;ND;ND;NULL,"""1,896;1,1;1,896""",DT_BF16;FLOAT;DT_BF16,ND;ND;ND,N/A
0,4294967295,2567,46,aclnnAddmm_CastAiCore_Cast,Cast,dynamic,AI_VECTOR_CORE,1790269978376009.487	,1.080,152.380000,2,0,NO,"""1152""",DT_BF16,ND,"""1152""",FLOAT,ND,N/A
0,4294967295,2568,46,aclnnAddmm_MatMulCommon_MatMulV2,MatMulV2,dynamic,AI_CORE,1790269978376012.847	,7.740,2.170000,24,0,NO,"""1,896;1152,896;1152""",DT_BF16;DT_BF16;FLOAT,ND;ND;ND,"""1,1152""",DT_BF16,ND,N/A
0,4294967295,2569,46,_triton_rope,_triton_rope,static,AI_VECTOR_CORE,1790269978376668.473	,2.900,648.010000,1,0,YES,"""1,14,64;1,2,64;32768,64""",DT_BF16;32729;DT_BF16,ND;ND;ND,"""1,14,64;1,2,64""",DT_BF16;32729,ND;ND,N/A
0,4294967295,2570,46,ReshapeAndCacheNdKernel,ReshapeAndCacheNdKernel,dynamic,AI_VECTOR_CORE,1790269978377340.720	,1.780,669.350000,1,0,NO,"""1,2,64;1,2,64;11823,128,2,64;11823,128,2,64;1""",DT_BF16;DT_BF16;DT_BF16;DT_BF16;INT32,ND;ND;ND;ND;ND,"""11823,128,2,64;11823,128,2,64""",DT_BF16;DT_BF16,ND;ND,N/A
0,4294967295,2571,46,FusedInferAttentionScore,FusedInferAttentionScore,dynamic,MIX_AIC,1790269978377783.618	,19.081,440.970000,24,48,NO,"""1,14,64;11823,128,128;11823,128,128;;2048,2048;1;1;;;;;;;;1,2;;;;;;;;;;;;;;;;""",DT_BF16;DT_BF16;DT_BF16;DT_UNDEFINED;INT8;INT64;INT64;DT_UNDEFINED;DT_UNDEFINED;DT_UNDEFINED;DT_UNDEFINED;DT_UNDEFINED;DT_UNDEFINED;DT_UNDEFINED;INT32;DT_UNDEFINED;DT_UNDEFINED;DT_UNDEFINED;DT_UNDEFINED;DT_UNDEFINED;DT_UNDEFINED;DT_UNDEFINED;DT_UNDEFINED;DT_UNDEFINED;DT_UNDEFINED;DT_UNDEFINED;DT_UNDEFINED;DT_UNDEFINED;DT_UNDEFINED;DT_UNDEFINED;DT_UNDEFINED,ND;ND;ND;NULL;ND;ND;ND;NULL;NULL;NULL;NULL;NULL;NULL;NULL;ND;NULL;NULL;NULL;NULL;NULL;NULL;NULL;NULL;NULL;NULL;NULL;NULL;NULL;NULL;NULL;NULL,"""1,14,64;""",DT_BF16;FLOAT,ND;ND,0
0,4294967295,2573,46,aclnnMatmul_MatMulCommon_MatMulV2,MatMulV2,dynamic,AI_CORE,1790269978378242.276	,5.821,439.669000,19,0,NO,"""1,896;896,896""",DT_BF16;DT_BF16,ND;ND,"""1,896""",DT_BF16,ND,N/A
0,4294967295,2574,46,AddRmsNormBias,AddRmsNormBias,dynamic,AI_VECTOR_CORE,1790269978378404.923	,1.720,156.929000,1,0,NO,"""1,896;1,896;896;""",DT_BF16;DT_BF16;DT_BF16;DT_UNDEFINED,ND;ND;ND;NULL,"""1,896;1,1;1,896""",DT_BF16;FLOAT;DT_BF16,ND;ND;ND,N/A
0,4294967295,2575,46,aclnnMatmul_MatMulCommon_MatMulV2,MatMulV2,dynamic,AI_CORE,1790269978378554.709	,19.161,148.030000,22,0,NO,"""1,896;9728,896""",DT_BF16;DT_BF16,ND;ND,"""1,9728""",DT_BF16,ND,N/A
0,4294967295,2576,46,SwiGlu,SwiGlu,dynamic,AI_VECTOR_CORE,1790269978378670.653	,3.081,96.839000,1,0,NO,"""1,9728""",DT_BF16,ND,"""1,4864""",DT_BF16,ND,N/A
0,4294967295,2577,46,aclnnMatmul_MatMulCommon_MatMulV2,MatMulV2,dynamic,AI_CORE,1790269978378796.618	,16.501,122.669000,19,0,NO,"""1,4864;896,4864""",DT_BF16;DT_BF16,ND;ND,"""1,896""",DT_BF16,ND,N/A
0,4294967295,2578,46,AddRmsNormBias,AddRmsNormBias,dynamic,AI_VECTOR_CORE,1790269978378948.785	,1.720,135.749000,1,0,NO,"""1,896;1,896;896;""",DT_BF16;DT_BF16;DT_BF16;DT_UNDEFINED,ND;ND;ND;NULL,"""1,896;1,1;1,896""",DT_BF16;FLOAT;DT_BF16,ND;ND;ND,N/A
0,4294967295,2579,46,aclnnAddmm_CastAiCore_Cast,Cast,dynamic,AI_VECTOR_CORE,1790269978379089.590	,1.100,139.030000,2,0,NO,"""1152""",DT_BF16,ND,"""1152""",FLOAT,ND,N/A
0,4294967295,2580,46,aclnnAddmm_MatMulCommon_MatMulV2,MatMulV2,dynamic,AI_CORE,1790269978379093.030	,7.861,2.400000,24,0,NO,"""1,896;1152,896;1152""",DT_BF16;DT_BF16;FLOAT,ND;ND;ND,"""1,1152""",DT_BF16,ND,N/A
0,4294967295,2581,46,_triton_rope,_triton_rope,static,AI_VECTOR_CORE,1790269978379739.896	,2.840,639.139000,1,0,YES,"""1,14,64;1,2,64;32768,64""",DT_BF16;32729;DT_BF16,ND;ND;ND,"""1,14,64;1,2,64""",DT_BF16;32729,ND;ND,N/A
0,4294967295,2582,46,ReshapeAndCacheNdKernel,ReshapeAndCacheNdKernel,dynamic,AI_VECTOR_CORE,1790269978380375.882	,2.200,633.160000,1,0,NO,"""1,2,64;1,2,64;11823,128,2,64;11823,128,2,64;1""",DT_BF16;DT_BF16;DT_BF16;DT_BF16;INT32,ND;ND;ND;ND;ND,"""11823,128,2,64;11823,128,2,64""",DT_BF16;DT_BF16,ND;ND,N/A
0,4294967295,2583,46,FusedInferAttentionScore,FusedInferAttentionScore,dynamic,MIX_AIC,1790269978380813.899	,20.081,435.800000,24,48,NO,"""1,14,64;11823,128,128;11823,128,128;;2048,2048;1;1;;;;;;;;1,2;;;;;;;;;;;;;;;;""",DT_BF16;DT_BF16;DT_BF16;DT_UNDEFINED;INT8;INT64;INT64;DT_UNDEFINED;DT_UNDEFINED;DT_UNDEFINED;DT_UNDEFINED;DT_UNDEFINED;DT_UNDEFINED;DT_UNDEFINED;INT32;DT_UNDEFINED;DT_UNDEFINED;DT_UNDEFINED;DT_UNDEFINED;DT_UNDEFINED;DT_UNDEFINED;DT_UNDEFINED;DT_UNDEFINED;DT_UNDEFINED;DT_UNDEFINED;DT_UNDEFINED;DT_UNDEFINED;DT_UNDEFINED;DT_UNDEFINED;DT_UNDEFINED;DT_UNDEFINED,ND;ND;ND;NULL;ND;ND;ND;NULL;NULL;NULL;NULL;NULL;NULL;NULL;ND;NULL;NULL;NULL;NULL;NULL;NULL;NULL;NULL;NULL;NULL;NULL;NULL;NULL;NULL;NULL;NULL,"""1,14,64;""",DT_BF16;FLOAT,ND;ND,0
0,4294967295,2585,46,aclnnMatmul_MatMulCommon_MatMulV2,MatMulV2,dynamic,AI_CORE,1790269978381272.517	,5.581,438.419000,19,0,NO,"""1,896;896,896""",DT_BF16;DT_BF16,ND;ND,"""1,896""",DT_BF16,ND,N/A
0,4294967295,2586,46,AddRmsNormBias,AddRmsNormBias,dynamic,AI_VECTOR_CORE,1790269978381423.203	,1.761,145.169000,1,0,NO,"""1,896;1,896;896;""",DT_BF16;DT_BF16;DT_BF16;DT_UNDEFINED,ND;ND;ND;NULL,"""1,896;1,1;1,896""",DT_BF16;FLOAT;DT_BF16,ND;ND;ND,N/A
0,4294967295,2587,46,aclnnMatmul_MatMulCommon_MatMulV2,MatMulV2,dynamic,AI_CORE,1790269978381576.010	,21.040,150.989000,22,0,NO,"""1,896;9728,896""",DT_BF16;DT_BF16,ND;ND,"""1,9728""",DT_BF16,ND,N/A
0,4294967295,2588,46,SwiGlu,SwiGlu,dynamic,AI_VECTOR_CORE,1790269978381698.475	,2.880,101.460000,1,0,NO,"""1,9728""",DT_BF16,ND,"""1,4864""",DT_BF16,ND,N/A
0,4294967295,2589,46,aclnnMatmul_MatMulCommon_MatMulV2,MatMulV2,dynamic,AI_CORE,1790269978381831.200	,16.540,129.870000,19,0,NO,"""1,4864;896,4864""",DT_BF16;DT_BF16,ND;ND,"""1,896""",DT_BF16,ND,N/A
0,4294967295,2590,46,AddRmsNormBias,AddRmsNormBias,dynamic,AI_VECTOR_CORE,1790269978381995.026	,2.060,147.210000,1,0,NO,"""1,896;1,896;896;""",DT_BF16;DT_BF16;DT_BF16;DT_UNDEFINED,ND;ND;ND;NULL,"""1,896;1,1;1,896""",DT_BF16;FLOAT;DT_BF16,ND;ND;ND,N/A
0,4294967295,2591,46,aclnnAddmm_CastAiCore_Cast,Cast,dynamic,AI_VECTOR_CORE,1790269978382148.352	,1.381,151.190000,2,0,NO,"""1152""",DT_BF16,ND,"""1152""",FLOAT,ND,N/A
0,4294967295,2592,46,aclnnAddmm_MatMulCommon_MatMulV2,MatMulV2,dynamic,AI_CORE,1790269978382151.653	,7.880,2.119000,24,0,NO,"""1,896;1152,896;1152""",DT_BF16;DT_BF16;FLOAT,ND;ND;ND,"""1,1152""",DT_BF16,ND,N/A
0,4294967295,2593,46,_triton_rope,_triton_rope,static,AI_VECTOR_CORE,1790269978382834.340	,3.120,674.620000,1,0,YES,"""1,14,64;1,2,64;32768,64""",DT_BF16;32729;DT_BF16,ND;ND;ND,"""1,14,64;1,2,64""",DT_BF16;32729,ND;ND,N/A
0,4294967295,2594,46,ReshapeAndCacheNdKernel,ReshapeAndCacheNdKernel,dynamic,AI_VECTOR_CORE,1790269978383489.666	,2.060,652.380000,1,0,NO,"""1,2,64;1,2,64;11823,128,2,64;11823,128,2,64;1""",DT_BF16;DT_BF16;DT_BF16;DT_BF16;INT32,ND;ND;ND;ND;ND,"""11823,128,2,64;11823,128,2,64""",DT_BF16;DT_BF16,ND;ND,N/A
0,4294967295,2595,46,FusedInferAttentionScore,FusedInferAttentionScore,dynamic,MIX_AIC,1790269978383924.043	,15.581,432.190000,24,48,NO,"""1,14,64;11823,128,128;11823,128,128;;2048,2048;1;1;;;;;;;;1,2;;;;;;;;;;;;;;;;""",DT_BF16;DT_BF16;DT_BF16;DT_UNDEFINED;INT8;INT64;INT64;DT_UNDEFINED;DT_UNDEFINED;DT_UNDEFINED;DT_UNDEFINED;DT_UNDEFINED;DT_UNDEFINED;DT_UNDEFINED;INT32;DT_UNDEFINED;DT_UNDEFINED;DT_UNDEFINED;DT_UNDEFINED;DT_UNDEFINED;DT_UNDEFINED;DT_UNDEFINED;DT_UNDEFINED;DT_UNDEFINED;DT_UNDEFINED;DT_UNDEFINED;DT_UNDEFINED;DT_UNDEFINED;DT_UNDEFINED;DT_UNDEFINED;DT_UNDEFINED,ND;ND;ND;NULL;ND;ND;ND;NULL;NULL;NULL;NULL;NULL;NULL;NULL;ND;NULL;NULL;NULL;NULL;NULL;NULL;NULL;NULL;NULL;NULL;NULL;NULL;NULL;NULL;NULL;NULL,"""1,14,64;""",DT_BF16;FLOAT,ND;ND,0
0,4294967295,2597,46,aclnnMatmul_MatMulCommon_MatMulV2,MatMulV2,dynamic,AI_CORE,1790269978384448.444	,5.981,508.919000,19,0,NO,"""1,896;896,896""",DT_BF16;DT_BF16,ND;ND,"""1,896""",DT_BF16,ND,N/A
0,4294967295,2598,46,AddRmsNormBias,AddRmsNormBias,dynamic,AI_VECTOR_CORE,1790269978384612.171	,1.740,157.769000,1,0,NO,"""1,896;1,896;896;""",DT_BF16;DT_BF16;DT_BF16;DT_UNDEFINED,ND;ND;ND;NULL,"""1,896;1,1;1,896""",DT_BF16;FLOAT;DT_BF16,ND;ND;ND,N/A
0,4294967295,2599,46,aclnnMatmul_MatMulCommon_MatMulV2,MatMulV2,dynamic,AI_CORE,1790269978384765.097	,18.781,151.010000,22,0,NO,"""1,896;9728,896""",DT_BF16;DT_BF16,ND;ND,"""1,9728""",DT_BF16,ND,N/A
0,4294967295,2600,46,SwiGlu,SwiGlu,dynamic,AI_VECTOR_CORE,1790269978384881.862	,3.080,97.969000,1,0,NO,"""1,9728""",DT_BF16,ND,"""1,4864""",DT_BF16,ND,N/A
0,4294967295,2601,46,aclnnMatmul_MatMulCommon_MatMulV2,MatMulV2,dynamic,AI_CORE,1790269978385017.287	,16.701,132.420000,19,0,NO,"""1,4864;896,4864""",DT_BF16;DT_BF16,ND;ND,"""1,896""",DT_BF16,ND,N/A
0,4294967295,2602,46,AddRmsNormBias,AddRmsNormBias,dynamic,AI_VECTOR_CORE,1790269978385189.774	,1.780,155.799000,1,0,NO,"""1,896;1,896;896;""",DT_BF16;DT_BF16;DT_BF16;DT_UNDEFINED,ND;ND;ND;NULL,"""1,896;1,1;1,896""",DT_BF16;FLOAT;DT_BF16,ND;ND;ND,N/A
0,4294967295,2603,46,aclnnAddmm_CastAiCore_Cast,Cast,dynamic,AI_VECTOR_CORE,1790269978385344.560	,1.160,152.970000,2,0,NO,"""1152""",DT_BF16,ND,"""1152""",FLOAT,ND,N/A
0,4294967295,2604,46,aclnnAddmm_MatMulCommon_MatMulV2,MatMulV2,dynamic,AI_CORE,1790269978385347.800	,7.861,2.090000,24,0,NO,"""1,896;1152,896;1152""",DT_BF16;DT_BF16;FLOAT,ND;ND;ND,"""1,1152""",DT_BF16,ND,N/A
0,4294967295,2605,46,_triton_rope,_triton_rope,static,AI_VECTOR_CORE,1790269978386014.587	,2.820,658.889000,1,0,YES,"""1,14,64;1,2,64;32768,64""",DT_BF16;32729;DT_BF16,ND;ND;ND,"""1,14,64;1,2,64""",DT_BF16;32729,ND;ND,N/A
0,4294967295,2606,46,ReshapeAndCacheNdKernel,ReshapeAndCacheNdKernel,dynamic,AI_VECTOR_CORE,1790269978386675.073	,1.780,657.680000,1,0,NO,"""1,2,64;1,2,64;11823,128,2,64;11823,128,2,64;1""",DT_BF16;DT_BF16;DT_BF16;DT_BF16;INT32,ND;ND;ND;ND;ND,"""11823,128,2,64;11823,128,2,64""",DT_BF16;DT_BF16,ND;ND,N/A
0,4294967295,2607,46,FusedInferAttentionScore,FusedInferAttentionScore,dynamic,MIX_AIC,1790269978387109.651	,24.321,432.970000,24,48,NO,"""1,14,64;11823,128,128;11823,128,128;;2048,2048;1;1;;;;;;;;1,2;;;;;;;;;;;;;;;;""",DT_BF16;DT_BF16;DT_BF16;DT_UNDEFINED;INT8;INT64;INT64;DT_UNDEFINED;DT_UNDEFINED;DT_UNDEFINED;DT_UNDEFINED;DT_UNDEFINED;DT_UNDEFINED;DT_UNDEFINED;INT32;DT_UNDEFINED;DT_UNDEFINED;DT_UNDEFINED;DT_UNDEFINED;DT_UNDEFINED;DT_UNDEFINED;DT_UNDEFINED;DT_UNDEFINED;DT_UNDEFINED;DT_UNDEFINED;DT_UNDEFINED;DT_UNDEFINED;DT_UNDEFINED;DT_UNDEFINED;DT_UNDEFINED;DT_UNDEFINED,ND;ND;ND;NULL;ND;ND;ND;NULL;NULL;NULL;NULL;NULL;NULL;NULL;ND;NULL;NULL;NULL;NULL;NULL;NULL;NULL;NULL;NULL;NULL;NULL;NULL;NULL;NULL;NULL;NULL,"""1,14,64;""",DT_BF16;FLOAT,ND;ND,0
0,4294967295,2609,46,aclnnMatmul_MatMulCommon_MatMulV2,MatMulV2,dynamic,AI_CORE,1790269978387568.949	,5.740,434.929000,19,0,NO,"""1,896;896,896""",DT_BF16;DT_BF16,ND;ND,"""1,896""",DT_BF16,ND,N/A
0,4294967295,2610,46,AddRmsNormBias,AddRmsNormBias,dynamic,AI_VECTOR_CORE,1790269978387718.975	,1.660,144.260000,1,0,NO,"""1,896;1,896;896;""",DT_BF16;DT_BF16;DT_BF16;DT_UNDEFINED,ND;ND;ND;NULL,"""1,896;1,1;1,896""",DT_BF16;FLOAT;DT_BF16,ND;ND;ND,N/A
0,4294967295,2611,46,aclnnMatmul_MatMulCommon_MatMulV2,MatMulV2,dynamic,AI_CORE,1790269978387866.861	,18.721,146.090000,22,0,NO,"""1,896;9728,896""",DT_BF16;DT_BF16,ND;ND,"""1,9728""",DT_BF16,ND,N/A
0,4294967295,2612,46,SwiGlu,SwiGlu,dynamic,AI_VECTOR_CORE,1790269978387981.086	,4.140,95.529000,1,0,NO,"""1,9728""",DT_BF16,ND,"""1,4864""",DT_BF16,ND,N/A
0,4294967295,2613,46,aclnnMatmul_MatMulCommon_MatMulV2,MatMulV2,dynamic,AI_CORE,1790269978388103.771	,16.660,118.610000,19,0,NO,"""1,4864;896,4864""",DT_BF16;DT_BF16,ND;ND,"""1,896""",DT_BF16,ND,N/A
0,4294967295,2614,46,AddRmsNormBias,AddRmsNormBias,dynamic,AI_VECTOR_CORE,1790269978388248.716	,1.640,128.340000,1,0,NO,"""1,896;1,896;896;""",DT_BF16;DT_BF16;DT_BF16;DT_UNDEFINED,ND;ND;ND;NULL,"""1,896;1,1;1,896""",DT_BF16;FLOAT;DT_BF16,ND;ND;ND,N/A
0,4294967295,2615,46,aclnnAddmm_CastAiCore_Cast,Cast,dynamic,AI_VECTOR_CORE,1790269978388385.902	,1.100,135.610000,2,0,NO,"""1152""",DT_BF16,ND,"""1152""",FLOAT,ND,N/A
0,4294967295,2616,46,aclnnAddmm_MatMulCommon_MatMulV2,MatMulV2,dynamic,AI_CORE,1790269978388389.762	,7.380,2.650000,24,0,NO,"""1,896;1152,896;1152""",DT_BF16;DT_BF16;FLOAT,ND;ND;ND,"""1,1152""",DT_BF16,ND,N/A
0,4294967295,2617,46,_triton_rope,_triton_rope,static,AI_VECTOR_CORE,1790269978389040.168	,3.140,643.120000,1,0,YES,"""1,14,64;1,2,64;32768,64""",DT_BF16;32729;DT_BF16,ND;ND;ND,"""1,14,64;1,2,64""",DT_BF16;32729,ND;ND,N/A
0,4294967295,2618,46,ReshapeAndCacheNdKernel,ReshapeAndCacheNdKernel,dynamic,AI_VECTOR_CORE,1790269978389694.534	,1.620,651.110000,1,0,NO,"""1,2,64;1,2,64;11823,128,2,64;11823,128,2,64;1""",DT_BF16;DT_BF16;DT_BF16;DT_BF16;INT32,ND;ND;ND;ND;ND,"""11823,128,2,64;11823,128,2,64""",DT_BF16;DT_BF16,ND;ND,N/A
0,4294967295,2619,46,FusedInferAttentionScore,FusedInferAttentionScore,dynamic,MIX_AIC,1790269978390140.292	,21.481,444.130000,24,48,NO,"""1,14,64;11823,128,128;11823,128,128;;2048,2048;1;1;;;;;;;;1,2;;;;;;;;;;;;;;;;""",DT_BF16;DT_BF16;DT_BF16;DT_UNDEFINED;INT8;INT64;INT64;DT_UNDEFINED;DT_UNDEFINED;DT_UNDEFINED;DT_UNDEFINED;DT_UNDEFINED;DT_UNDEFINED;DT_UNDEFINED;INT32;DT_UNDEFINED;DT_UNDEFINED;DT_UNDEFINED;DT_UNDEFINED;DT_UNDEFINED;DT_UNDEFINED;DT_UNDEFINED;DT_UNDEFINED;DT_UNDEFINED;DT_UNDEFINED;DT_UNDEFINED;DT_UNDEFINED;DT_UNDEFINED;DT_UNDEFINED;DT_UNDEFINED;DT_UNDEFINED,ND;ND;ND;NULL;ND;ND;ND;NULL;NULL;NULL;NULL;NULL;NULL;NULL;ND;NULL;NULL;NULL;NULL;NULL;NULL;NULL;NULL;NULL;NULL;NULL;NULL;NULL;NULL;NULL;NULL,"""1,14,64;""",DT_BF16;FLOAT,ND;ND,0
0,4294967295,2621,46,aclnnMatmul_MatMulCommon_MatMulV2,MatMulV2,dynamic,AI_CORE,1790269978390620.331	,5.760,458.519000,19,0,NO,"""1,896;896,896""",DT_BF16;DT_BF16,ND;ND,"""1,896""",DT_BF16,ND,N/A
0,4294967295,2622,46,AddRmsNormBias,AddRmsNormBias,dynamic,AI_VECTOR_CORE,1790269978390772.117	,1.700,145.990000,1,0,NO,"""1,896;1,896;896;""",DT_BF16;DT_BF16;DT_BF16;DT_UNDEFINED,ND;ND;ND;NULL,"""1,896;1,1;1,896""",DT_BF16;FLOAT;DT_BF16,ND;ND;ND,N/A
0,4294967295,2623,46,aclnnMatmul_MatMulCommon_MatMulV2,MatMulV2,dynamic,AI_CORE,1790269978390922.163	,18.661,148.550000,22,0,NO,"""1,896;9728,896""",DT_BF16;DT_BF16,ND;ND,"""1,9728""",DT_BF16,ND,N/A
0,4294967295,2624,46,SwiGlu,SwiGlu,dynamic,AI_VECTOR_CORE,1790269978391047.288	,2.960,106.339000,1,0,NO,"""1,9728""",DT_BF16,ND,"""1,4864""",DT_BF16,ND,N/A
0,4294967295,2625,46,aclnnMatmul_MatMulCommon_MatMulV2,MatMulV2,dynamic,AI_CORE,1790269978391172.693	,16.741,122.540000,19,0,NO,"""1,4864;896,4864""",DT_BF16;DT_BF16,ND;ND,"""1,896""",DT_BF16,ND,N/A
0,4294967295,2626,46,AddRmsNormBias,AddRmsNormBias,dynamic,AI_VECTOR_CORE,1790269978391327.199	,1.740,137.759000,1,0,NO,"""1,896;1,896;896;""",DT_BF16;DT_BF16;DT_BF16;DT_UNDEFINED,ND;ND;ND;NULL,"""1,896;1,1;1,896""",DT_BF16;FLOAT;DT_BF16,ND;ND;ND,N/A
0,4294967295,2627,46,aclnnAddmm_CastAiCore_Cast,Cast,dynamic,AI_VECTOR_CORE,1790269978391470.505	,1.040,141.510000,2,0,NO,"""1152""",DT_BF16,ND,"""1152""",FLOAT,ND,N/A
0,4294967295,2628,46,aclnnAddmm_MatMulCommon_MatMulV2,MatMulV2,dynamic,AI_CORE,1790269978391474.145	,7.721,2.710000,24,0,NO,"""1,896;1152,896;1152""",DT_BF16;DT_BF16;FLOAT,ND;ND;ND,"""1,1152""",DT_BF16,ND,N/A
0,4294967295,2629,46,_triton_rope,_triton_rope,static,AI_VECTOR_CORE,1790269978392123.851	,2.820,641.779000,1,0,YES,"""1,14,64;1,2,64;32768,64""",DT_BF16;32729;DT_BF16,ND;ND;ND,"""1,14,64;1,2,64""",DT_BF16;32729,ND;ND,N/A
0,4294967295,2630,46,ReshapeAndCacheNdKernel,ReshapeAndCacheNdKernel,dynamic,AI_VECTOR_CORE,1790269978392765.197	,1.920,638.680000,1,0,NO,"""1,2,64;1,2,64;11823,128,2,64;11823,128,2,64;1""",DT_BF16;DT_BF16;DT_BF16;DT_BF16;INT32,ND;ND;ND;ND;ND,"""11823,128,2,64;11823,128,2,64""",DT_BF16;DT_BF16,ND;ND,N/A
0,4294967295,2631,46,FusedInferAttentionScore,FusedInferAttentionScore,dynamic,MIX_AIC,1790269978393249.256	,18.801,482.080000,24,48,NO,"""1,14,64;11823,128,128;11823,128,128;;2048,2048;1;1;;;;;;;;1,2;;;;;;;;;;;;;;;;""",DT_BF16;DT_BF16;DT_BF16;DT_UNDEFINED;INT8;INT64;INT64;DT_UNDEFINED;DT_UNDEFINED;DT_UNDEFINED;DT_UNDEFINED;DT_UNDEFINED;DT_UNDEFINED;DT_UNDEFINED;INT32;DT_UNDEFINED;DT_UNDEFINED;DT_UNDEFINED;DT_UNDEFINED;DT_UNDEFINED;DT_UNDEFINED;DT_UNDEFINED;DT_UNDEFINED;DT_UNDEFINED;DT_UNDEFINED;DT_UNDEFINED;DT_UNDEFINED;DT_UNDEFINED;DT_UNDEFINED;DT_UNDEFINED;DT_UNDEFINED,ND;ND;ND;NULL;ND;ND;ND;NULL;NULL;NULL;NULL;NULL;NULL;NULL;ND;NULL;NULL;NULL;NULL;NULL;NULL;NULL;NULL;NULL;NULL;NULL;NULL;NULL;NULL;NULL;NULL,"""1,14,64;""",DT_BF16;FLOAT,ND;ND,0
0,4294967295,2633,46,aclnnMatmul_MatMulCommon_MatMulV2,MatMulV2,dynamic,AI_CORE,1790269978393720.315	,5.940,452.199000,19,0,NO,"""1,896;896,896""",DT_BF16;DT_BF16,ND;ND,"""1,896""",DT_BF16,ND,N/A
0,4294967295,2634,46,AddRmsNormBias,AddRmsNormBias,dynamic,AI_VECTOR_CORE,1790269978393880.281	,1.661,154.060000,1,0,NO,"""1,896;1,896;896;""",DT_BF16;DT_BF16;DT_BF16;DT_UNDEFINED,ND;ND;ND;NULL,"""1,896;1,1;1,896""",DT_BF16;FLOAT;DT_BF16,ND;ND;ND,N/A
0,4294967295,2635,46,aclnnMatmul_MatMulCommon_MatMulV2,MatMulV2,dynamic,AI_CORE,1790269978394041.408	,19.601,159.589000,22,0,NO,"""1,896;9728,896""",DT_BF16;DT_BF16,ND;ND,"""1,9728""",DT_BF16,ND,N/A
0,4294967295,2636,46,SwiGlu,SwiGlu,dynamic,AI_VECTOR_CORE,1790269978394168.833	,3.080,107.649000,1,0,NO,"""1,9728""",DT_BF16,ND,"""1,4864""",DT_BF16,ND,N/A
0,4294967295,2637,46,aclnnMatmul_MatMulCommon_MatMulV2,MatMulV2,dynamic,AI_CORE,1790269978394300.738	,16.901,128.920000,19,0,NO,"""1,4864;896,4864""",DT_BF16;DT_BF16,ND;ND,"""1,896""",DT_BF16,ND,N/A
0,4294967295,2638,46,AddRmsNormBias,AddRmsNormBias,dynamic,AI_VECTOR_CORE,1790269978394451.904	,1.740,134.349000,1,0,NO,"""1,896;1,896;896;""",DT_BF16;DT_BF16;DT_BF16;DT_UNDEFINED,ND;ND;ND;NULL,"""1,896;1,1;1,896""",DT_BF16;FLOAT;DT_BF16,ND;ND;ND,N/A
0,4294967295,2639,46,aclnnAddmm_CastAiCore_Cast,Cast,dynamic,AI_VECTOR_CORE,1790269978394588.730	,1.140,135.010000,2,0,NO,"""1152""",DT_BF16,ND,"""1152""",FLOAT,ND,N/A
0,4294967295,2640,46,aclnnAddmm_MatMulCommon_MatMulV2,MatMulV2,dynamic,AI_CORE,1790269978394592.130	,7.360,2.360000,24,0,NO,"""1,896;1152,896;1152""",DT_BF16;DT_BF16;FLOAT,ND;ND;ND,"""1,1152""",DT_BF16,ND,N/A
0,4294967295,2641,46,_triton_rope,_triton_rope,static,AI_VECTOR_CORE,1790269978395245.596	,2.860,645.890000,1,0,YES,"""1,14,64;1,2,64;32768,64""",DT_BF16;32729;DT_BF16,ND;ND;ND,"""1,14,64;1,2,64""",DT_BF16;32729,ND;ND,N/A
0,4294967295,2642,46,ReshapeAndCacheNdKernel,ReshapeAndCacheNdKernel,dynamic,AI_VECTOR_CORE,1790269978395902.402	,2.040,654.140000,1,0,NO,"""1,2,64;1,2,64;11823,128,2,64;11823,128,2,64;1""",DT_BF16;DT_BF16;DT_BF16;DT_BF16;INT32,ND;ND;ND;ND;ND,"""11823,128,2,64;11823,128,2,64""",DT_BF16;DT_BF16,ND;ND,N/A
0,4294967295,2643,46,FusedInferAttentionScore,FusedInferAttentionScore,dynamic,MIX_AIC,1790269978396355.200	,19.841,450.710000,24,48,NO,"""1,14,64;11823,128,128;11823,128,128;;2048,2048;1;1;;;;;;;;1,2;;;;;;;;;;;;;;;;""",DT_BF16;DT_BF16;DT_BF16;DT_UNDEFINED;INT8;INT64;INT64;DT_UNDEFINED;DT_UNDEFINED;DT_UNDEFINED;DT_UNDEFINED;DT_UNDEFINED;DT_UNDEFINED;DT_UNDEFINED;INT32;DT_UNDEFINED;DT_UNDEFINED;DT_UNDEFINED;DT_UNDEFINED;DT_UNDEFINED;DT_UNDEFINED;DT_UNDEFINED;DT_UNDEFINED;DT_UNDEFINED;DT_UNDEFINED;DT_UNDEFINED;DT_UNDEFINED;DT_UNDEFINED;DT_UNDEFINED;DT_UNDEFINED;DT_UNDEFINED,ND;ND;ND;NULL;ND;ND;ND;NULL;NULL;NULL;NULL;NULL;NULL;NULL;ND;NULL;NULL;NULL;NULL;NULL;NULL;NULL;NULL;NULL;NULL;NULL;NULL;NULL;NULL;NULL;NULL,"""1,14,64;""",DT_BF16;FLOAT,ND;ND,0
0,4294967295,2645,46,aclnnMatmul_MatMulCommon_MatMulV2,MatMulV2,dynamic,AI_CORE,1790269978396816.279	,5.620,441.159000,19,0,NO,"""1,896;896,896""",DT_BF16;DT_BF16,ND;ND,"""1,896""",DT_BF16,ND,N/A
0,4294967295,2646,46,AddRmsNormBias,AddRmsNormBias,dynamic,AI_VECTOR_CORE,1790269978396966.945	,1.640,145.130000,1,0,NO,"""1,896;1,896;896;""",DT_BF16;DT_BF16;DT_BF16;DT_UNDEFINED,ND;ND;ND;NULL,"""1,896;1,1;1,896""",DT_BF16;FLOAT;DT_BF16,ND;ND;ND,N/A
0,4294967295,2647,46,aclnnMatmul_MatMulCommon_MatMulV2,MatMulV2,dynamic,AI_CORE,1790269978397105.170	,18.841,136.610000,22,0,NO,"""1,896;9728,896""",DT_BF16;DT_BF16,ND;ND,"""1,9728""",DT_BF16,ND,N/A
0,4294967295,2648,46,SwiGlu,SwiGlu,dynamic,AI_VECTOR_CORE,1790269978397248.276	,3.020,124.159000,1,0,NO,"""1,9728""",DT_BF16,ND,"""1,4864""",DT_BF16,ND,N/A
0,4294967295,2649,46,aclnnMatmul_MatMulCommon_MatMulV2,MatMulV2,dynamic,AI_CORE,1790269978397373.821	,16.501,122.480000,19,0,NO,"""1,4864;896,4864""",DT_BF16;DT_BF16,ND;ND,"""1,896""",DT_BF16,ND,N/A
0,4294967295,2650,46,AddRmsNormBias,AddRmsNormBias,dynamic,AI_VECTOR_CORE,1790269978397528.267	,1.660,137.999000,1,0,NO,"""1,896;1,896;896;""",DT_BF16;DT_BF16;DT_BF16;DT_UNDEFINED,ND;ND;ND;NULL,"""1,896;1,1;1,896""",DT_BF16;FLOAT;DT_BF16,ND;ND;ND,N/A
0,4294967295,2651,46,aclnnAddmm_CastAiCore_Cast,Cast,dynamic,AI_VECTOR_CORE,1790269978397681.833	,1.061,151.840000,2,0,NO,"""1152""",DT_BF16,ND,"""1152""",FLOAT,ND,N/A
0,4294967295,2652,46,aclnnAddmm_MatMulCommon_MatMulV2,MatMulV2,dynamic,AI_CORE,1790269978397685.014	,7.420,2.189000,24,0,NO,"""1,896;1152,896;1152""",DT_BF16;DT_BF16;FLOAT,ND;ND;ND,"""1,1152""",DT_BF16,ND,N/A
0,4294967295,2653,46,_triton_rope,_triton_rope,static,AI_VECTOR_CORE,1790269978398354.860	,2.901,662.330000,1,0,YES,"""1,14,64;1,2,64;32768,64""",DT_BF16;32729;DT_BF16,ND;ND;ND,"""1,14,64;1,2,64""",DT_BF16;32729,ND;ND,N/A
0,4294967295,2654,46,ReshapeAndCacheNdKernel,ReshapeAndCacheNdKernel,dynamic,AI_VECTOR_CORE,1790269978399011.647	,2.100,654.099000,1,0,NO,"""1,2,64;1,2,64;11823,128,2,64;11823,128,2,64;1""",DT_BF16;DT_BF16;DT_BF16;DT_BF16;INT32,ND;ND;ND;ND;ND,"""11823,128,2,64;11823,128,2,64""",DT_BF16;DT_BF16,ND;ND,N/A
0,4294967295,2655,46,FusedInferAttentionScore,FusedInferAttentionScore,dynamic,MIX_AIC,1790269978399450.704	,17.461,436.900000,24,48,NO,"""1,14,64;11823,128,128;11823,128,128;;2048,2048;1;1;;;;;;;;1,2;;;;;;;;;;;;;;;;""",DT_BF16;DT_BF16;DT_BF16;DT_UNDEFINED;INT8;INT64;INT64;DT_UNDEFINED;DT_UNDEFINED;DT_UNDEFINED;DT_UNDEFINED;DT_UNDEFINED;DT_UNDEFINED;DT_UNDEFINED;INT32;DT_UNDEFINED;DT_UNDEFINED;DT_UNDEFINED;DT_UNDEFINED;DT_UNDEFINED;DT_UNDEFINED;DT_UNDEFINED;DT_UNDEFINED;DT_UNDEFINED;DT_UNDEFINED;DT_UNDEFINED;DT_UNDEFINED;DT_UNDEFINED;DT_UNDEFINED;DT_UNDEFINED;DT_UNDEFINED,ND;ND;ND;NULL;ND;ND;ND;NULL;NULL;NULL;NULL;NULL;NULL;NULL;ND;NULL;NULL;NULL;NULL;NULL;NULL;NULL;NULL;NULL;NULL;NULL;NULL;NULL;NULL;NULL;NULL,"""1,14,64;""",DT_BF16;FLOAT,ND;ND,0
0,4294967295,2657,46,aclnnMatmul_MatMulCommon_MatMulV2,MatMulV2,dynamic,AI_CORE,1790269978399919.143	,5.840,451.039000,19,0,NO,"""1,896;896,896""",DT_BF16;DT_BF16,ND;ND,"""1,896""",DT_BF16,ND,N/A
0,4294967295,2658,46,AddRmsNormBias,AddRmsNormBias,dynamic,AI_VECTOR_CORE,1790269978400073.209	,1.760,148.160000,1,0,NO,"""1,896;1,896;896;""",DT_BF16;DT_BF16;DT_BF16;DT_UNDEFINED,ND;ND;ND;NULL,"""1,896;1,1;1,896""",DT_BF16;FLOAT;DT_BF16,ND;ND;ND,N/A
0,4294967295,2659,46,aclnnMatmul_MatMulCommon_MatMulV2,MatMulV2,dynamic,AI_CORE,1790269978400220.735	,19.161,145.740000,22,0,NO,"""1,896;9728,896""",DT_BF16;DT_BF16,ND;ND,"""1,9728""",DT_BF16,ND,N/A
0,4294967295,2660,46,SwiGlu,SwiGlu,dynamic,AI_VECTOR_CORE,1790269978400333.359	,3.161,93.339000,1,0,NO,"""1,9728""",DT_BF16,ND,"""1,4864""",DT_BF16,ND,N/A
0,4294967295,2661,46,aclnnMatmul_MatMulCommon_MatMulV2,MatMulV2,dynamic,AI_CORE,1790269978400457.024	,16.781,120.589000,19,0,NO,"""1,4864;896,4864""",DT_BF16;DT_BF16,ND;ND,"""1,896""",DT_BF16,ND,N/A
0,4294967295,2662,46,AddRmsNormBias,AddRmsNormBias,dynamic,AI_VECTOR_CORE,1790269978400600.970	,2.080,127.219000,1,0,NO,"""1,896;1,896;896;""",DT_BF16;DT_BF16;DT_BF16;DT_UNDEFINED,ND;ND;ND;NULL,"""1,896;1,1;1,896""",DT_BF16;FLOAT;DT_BF16,ND;ND;ND,N/A
0,4294967295,2663,46,aclnnAddmm_CastAiCore_Cast,Cast,dynamic,AI_VECTOR_CORE,1790269978400738.676	,1.340,135.670000,2,0,NO,"""1152""",DT_BF16,ND,"""1152""",FLOAT,ND,N/A
0,4294967295,2664,46,aclnnAddmm_MatMulCommon_MatMulV2,MatMulV2,dynamic,AI_CORE,1790269978400741.816	,8.000,1.660000,24,0,NO,"""1,896;1152,896;1152""",DT_BF16;DT_BF16;FLOAT,ND;ND;ND,"""1,1152""",DT_BF16,ND,N/A
0,4294967295,2665,46,_triton_rope,_triton_rope,static,AI_VECTOR_CORE,1790269978401411.423	,3.100,661.750000,1,0,YES,"""1,14,64;1,2,64;32768,64""",DT_BF16;32729;DT_BF16,ND;ND;ND,"""1,14,64;1,2,64""",DT_BF16;32729,ND;ND,N/A
0,4294967295,2666,46,ReshapeAndCacheNdKernel,ReshapeAndCacheNdKernel,dynamic,AI_VECTOR_CORE,1790269978402048.068	,1.560,633.400000,1,0,NO,"""1,2,64;1,2,64;11823,128,2,64;11823,128,2,64;1""",DT_BF16;DT_BF16;DT_BF16;DT_BF16;INT32,ND;ND;ND;ND;ND,"""11823,128,2,64;11823,128,2,64""",DT_BF16;DT_BF16,ND;ND,N/A
0,4294967295,2667,46,FusedInferAttentionScore,FusedInferAttentionScore,dynamic,MIX_AIC,1790269978402507.806	,23.581,458.190000,24,48,NO,"""1,14,64;11823,128,128;11823,128,128;;2048,2048;1;1;;;;;;;;1,2;;;;;;;;;;;;;;;;""",DT_BF16;DT_BF16;DT_BF16;DT_UNDEFINED;INT8;INT64;INT64;DT_UNDEFINED;DT_UNDEFINED;DT_UNDEFINED;DT_UNDEFINED;DT_UNDEFINED;DT_UNDEFINED;DT_UNDEFINED;INT32;DT_UNDEFINED;DT_UNDEFINED;DT_UNDEFINED;DT_UNDEFINED;DT_UNDEFINED;DT_UNDEFINED;DT_UNDEFINED;DT_UNDEFINED;DT_UNDEFINED;DT_UNDEFINED;DT_UNDEFINED;DT_UNDEFINED;DT_UNDEFINED;DT_UNDEFINED;DT_UNDEFINED;DT_UNDEFINED,ND;ND;ND;NULL;ND;ND;ND;NULL;NULL;NULL;NULL;NULL;NULL;NULL;ND;NULL;NULL;NULL;NULL;NULL;NULL;NULL;NULL;NULL;NULL;NULL;NULL;NULL;NULL;NULL;NULL,"""1,14,64;""",DT_BF16;FLOAT,ND;ND,0
0,4294967295,2669,46,aclnnMatmul_MatMulCommon_MatMulV2,MatMulV2,dynamic,AI_CORE,1790269978402960.985	,5.900,429.669000,19,0,NO,"""1,896;896,896""",DT_BF16;DT_BF16,ND;ND,"""1,896""",DT_BF16,ND,N/A
0,4294967295,2670,46,AddRmsNormBias,AddRmsNormBias,dynamic,AI_VECTOR_CORE,1790269978403109.831	,1.720,142.850000,1,0,NO,"""1,896;1,896;896;""",DT_BF16;DT_BF16;DT_BF16;DT_UNDEFINED,ND;ND;ND;NULL,"""1,896;1,1;1,896""",DT_BF16;FLOAT;DT_BF16,ND;ND;ND,N/A
0,4294967295,2671,46,aclnnMatmul_MatMulCommon_MatMulV2,MatMulV2,dynamic,AI_CORE,1790269978403253.436	,18.941,142.030000,22,0,NO,"""1,896;9728,896""",DT_BF16;DT_BF16,ND;ND,"""1,9728""",DT_BF16,ND,N/A
0,4294967295,2672,46,SwiGlu,SwiGlu,dynamic,AI_VECTOR_CORE,1790269978403376.441	,4.220,104.059000,1,0,NO,"""1,9728""",DT_BF16,ND,"""1,4864""",DT_BF16,ND,N/A
0,4294967295,2673,46,aclnnMatmul_MatMulCommon_MatMulV2,MatMulV2,dynamic,AI_CORE,1790269978403505.646	,16.501,125.030000,19,0,NO,"""1,4864;896,4864""",DT_BF16;DT_BF16,ND;ND,"""1,896""",DT_BF16,ND,N/A
0,4294967295,2674,46,AddRmsNormBias,AddRmsNormBias,dynamic,AI_VECTOR_CORE,1790269978403654.652	,1.660,132.499000,1,0,NO,"""1,896;1,896;896;""",DT_BF16;DT_BF16;DT_BF16;DT_UNDEFINED,ND;ND;ND;NULL,"""1,896;1,1;1,896""",DT_BF16;FLOAT;DT_BF16,ND;ND;ND,N/A
0,4294967295,2675,46,aclnnAddmm_CastAiCore_Cast,Cast,dynamic,AI_VECTOR_CORE,1790269978403794.738	,1.220,138.340000,2,0,NO,"""1152""",DT_BF16,ND,"""1152""",FLOAT,ND,N/A
0,4294967295,2676,46,aclnnAddmm_MatMulCommon_MatMulV2,MatMulV2,dynamic,AI_CORE,1790269978403797.918	,7.320,2.030000,24,0,NO,"""1,896;1152,896;1152""",DT_BF16;DT_BF16;FLOAT,ND;ND;ND,"""1,1152""",DT_BF16,ND,N/A
0,4294967295,2677,46,_triton_rope,_triton_rope,static,AI_VECTOR_CORE,1790269978404450.944	,2.880,645.680000,1,0,YES,"""1,14,64;1,2,64;32768,64""",DT_BF16;32729;DT_BF16,ND;ND;ND,"""1,14,64;1,2,64""",DT_BF16;32729,ND;ND,N/A
0,4294967295,2678,46,ReshapeAndCacheNdKernel,ReshapeAndCacheNdKernel,dynamic,AI_VECTOR_CORE,1790269978405082.649	,1.560,628.870000,1,0,NO,"""1,2,64;1,2,64;11823,128,2,64;11823,128,2,64;1""",DT_BF16;DT_BF16;DT_BF16;DT_BF16;INT32,ND;ND;ND;ND;ND,"""11823,128,2,64;11823,128,2,64""",DT_BF16;DT_BF16,ND;ND,N/A
0,4294967295,2679,46,FusedInferAttentionScore,FusedInferAttentionScore,dynamic,MIX_AIC,1790269978405541.988	,22.281,457.690000,24,48,NO,"""1,14,64;11823,128,128;11823,128,128;;2048,2048;1;1;;;;;;;;1,2;;;;;;;;;;;;;;;;""",DT_BF16;DT_BF16;DT_BF16;DT_UNDEFINED;INT8;INT64;INT64;DT_UNDEFINED;DT_UNDEFINED;DT_UNDEFINED;DT_UNDEFINED;DT_UNDEFINED;DT_UNDEFINED;DT_UNDEFINED;INT32;DT_UNDEFINED;DT_UNDEFINED;DT_UNDEFINED;DT_UNDEFINED;DT_UNDEFINED;DT_UNDEFINED;DT_UNDEFINED;DT_UNDEFINED;DT_UNDEFINED;DT_UNDEFINED;DT_UNDEFINED;DT_UNDEFINED;DT_UNDEFINED;DT_UNDEFINED;DT_UNDEFINED;DT_UNDEFINED,ND;ND;ND;NULL;ND;ND;ND;NULL;NULL;NULL;NULL;NULL;NULL;NULL;ND;NULL;NULL;NULL;NULL;NULL;NULL;NULL;NULL;NULL;NULL;NULL;NULL;NULL;NULL;NULL;NULL,"""1,14,64;""",DT_BF16;FLOAT,ND;ND,0
0,4294967295,2681,46,aclnnMatmul_MatMulCommon_MatMulV2,MatMulV2,dynamic,AI_CORE,1790269978406039.048	,5.580,474.719000,19,0,NO,"""1,896;896,896""",DT_BF16;DT_BF16,ND;ND,"""1,896""",DT_BF16,ND,N/A
0,4294967295,2682,46,AddRmsNormBias,AddRmsNormBias,dynamic,AI_VECTOR_CORE,1790269978406193.974	,1.720,149.420000,1,0,NO,"""1,896;1,896;896;""",DT_BF16;DT_BF16;DT_BF16;DT_UNDEFINED,ND;ND;ND;NULL,"""1,896;1,1;1,896""",DT_BF16;FLOAT;DT_BF16,ND;ND;ND,N/A
0,4294967295,2683,46,aclnnMatmul_MatMulCommon_MatMulV2,MatMulV2,dynamic,AI_CORE,1790269978406335.379	,19.161,139.780000,22,0,NO,"""1,896;9728,896""",DT_BF16;DT_BF16,ND;ND,"""1,9728""",DT_BF16,ND,N/A
0,4294967295,2684,46,SwiGlu,SwiGlu,dynamic,AI_VECTOR_CORE,1790269978406446.224	,3.020,91.589000,1,0,NO,"""1,9728""",DT_BF16,ND,"""1,4864""",DT_BF16,ND,N/A
0,4294967295,2685,46,aclnnMatmul_MatMulCommon_MatMulV2,MatMulV2,dynamic,AI_CORE,1790269978406573.089	,16.601,123.730000,19,0,NO,"""1,4864;896,4864""",DT_BF16;DT_BF16,ND;ND,"""1,896""",DT_BF16,ND,N/A
0,4294967295,2686,46,AddRmsNormBias,AddRmsNormBias,dynamic,AI_VECTOR_CORE,1790269978406730.015	,1.760,140.399000,1,0,NO,"""1,896;1,896;896;""",DT_BF16;DT_BF16;DT_BF16;DT_UNDEFINED,ND;ND;ND;NULL,"""1,896;1,1;1,896""",DT_BF16;FLOAT;DT_BF16,ND;ND;ND,N/A
0,4294967295,2687,46,aclnnAddmm_CastAiCore_Cast,Cast,dynamic,AI_VECTOR_CORE,1790269978406878.661	,1.000,146.990000,2,0,NO,"""1152""",DT_BF16,ND,"""1152""",FLOAT,ND,N/A
0,4294967295,2688,46,aclnnAddmm_MatMulCommon_MatMulV2,MatMulV2,dynamic,AI_CORE,1790269978406881.801	,7.481,2.000000,24,0,NO,"""1,896;1152,896;1152""",DT_BF16;DT_BF16;FLOAT,ND;ND;ND,"""1,1152""",DT_BF16,ND,N/A
0,4294967295,2689,46,_triton_rope,_triton_rope,static,AI_VECTOR_CORE,1790269978407537.247	,3.301,648.019000,1,0,YES,"""1,14,64;1,2,64;32768,64""",DT_BF16;32729;DT_BF16,ND;ND;ND,"""1,14,64;1,2,64""",DT_BF16;32729,ND;ND,N/A
0,4294967295,2690,46,ReshapeAndCacheNdKernel,ReshapeAndCacheNdKernel,dynamic,AI_VECTOR_CORE,1790269978408173.693	,2.020,633.199000,1,0,NO,"""1,2,64;1,2,64;11823,128,2,64;11823,128,2,64;1""",DT_BF16;DT_BF16;DT_BF16;DT_BF16;INT32,ND;ND;ND;ND;ND,"""11823,128,2,64;11823,128,2,64""",DT_BF16;DT_BF16,ND;ND,N/A
0,4294967295,2691,46,FusedInferAttentionScore,FusedInferAttentionScore,dynamic,MIX_AIC,1790269978408606.390	,18.741,430.730000,24,48,NO,"""1,14,64;11823,128,128;11823,128,128;;2048,2048;1;1;;;;;;;;1,2;;;;;;;;;;;;;;;;""",DT_BF16;DT_BF16;DT_BF16;DT_UNDEFINED;INT8;INT64;INT64;DT_UNDEFINED;DT_UNDEFINED;DT_UNDEFINED;DT_UNDEFINED;DT_UNDEFINED;DT_UNDEFINED;DT_UNDEFINED;INT32;DT_UNDEFINED;DT_UNDEFINED;DT_UNDEFINED;DT_UNDEFINED;DT_UNDEFINED;DT_UNDEFINED;DT_UNDEFINED;DT_UNDEFINED;DT_UNDEFINED;DT_UNDEFINED;DT_UNDEFINED;DT_UNDEFINED;DT_UNDEFINED;DT_UNDEFINED;DT_UNDEFINED;DT_UNDEFINED,ND;ND;ND;NULL;ND;ND;ND;NULL;NULL;NULL;NULL;NULL;NULL;NULL;ND;NULL;NULL;NULL;NULL;NULL;NULL;NULL;NULL;NULL;NULL;NULL;NULL;NULL;NULL;NULL;NULL,"""1,14,64;""",DT_BF16;FLOAT,ND;ND,0
0,4294967295,2693,46,aclnnMatmul_MatMulCommon_MatMulV2,MatMulV2,dynamic,AI_CORE,1790269978409082.989	,5.641,457.759000,19,0,NO,"""1,896;896,896""",DT_BF16;DT_BF16,ND;ND,"""1,896""",DT_BF16,ND,N/A
0,4294967295,2694,46,AddRmsNormBias,AddRmsNormBias,dynamic,AI_VECTOR_CORE,1790269978409252.536	,1.680,163.859000,1,0,NO,"""1,896;1,896;896;""",DT_BF16;DT_BF16;DT_BF16;DT_UNDEFINED,ND;ND;ND;NULL,"""1,896;1,1;1,896""",DT_BF16;FLOAT;DT_BF16,ND;ND;ND,N/A
0,4294967295,2695,46,aclnnMatmul_MatMulCommon_MatMulV2,MatMulV2,dynamic,AI_CORE,1790269978409395.362	,18.821,141.070000,22,0,NO,"""1,896;9728,896""",DT_BF16;DT_BF16,ND;ND,"""1,9728""",DT_BF16,ND,N/A
0,4294967295,2696,46,SwiGlu,SwiGlu,dynamic,AI_VECTOR_CORE,1790269978409504.926	,2.880,90.929000,1,0,NO,"""1,9728""",DT_BF16,ND,"""1,4864""",DT_BF16,ND,N/A
0,4294967295,2697,46,aclnnMatmul_MatMulCommon_MatMulV2,MatMulV2,dynamic,AI_CORE,1790269978409631.031	,16.501,123.120000,19,0,NO,"""1,4864;896,4864""",DT_BF16;DT_BF16,ND;ND,"""1,896""",DT_BF16,ND,N/A
0,4294967295,2698,46,AddRmsNormBias,AddRmsNormBias,dynamic,AI_VECTOR_CORE,1790269978409780.017	,1.740,132.499000,1,0,NO,"""1,896;1,896;896;""",DT_BF16;DT_BF16;DT_BF16;DT_UNDEFINED,ND;ND;ND;NULL,"""1,896;1,1;1,896""",DT_BF16;FLOAT;DT_BF16,ND;ND;ND,N/A
0,4294967295,2699,46,aclnnAddmm_CastAiCore_Cast,Cast,dynamic,AI_VECTOR_CORE,1790269978409947.984	,1.120,166.260000,2,0,NO,"""1152""",DT_BF16,ND,"""1152""",FLOAT,ND,N/A
0,4294967295,2700,46,aclnnAddmm_MatMulCommon_MatMulV2,MatMulV2,dynamic,AI_CORE,1790269978409951.444	,7.280,2.380000,24,0,NO,"""1,896;1152,896;1152""",DT_BF16;DT_BF16;FLOAT,ND;ND;ND,"""1,1152""",DT_BF16,ND,N/A
0,4294967295,2701,46,_triton_rope,_triton_rope,static,AI_VECTOR_CORE,1790269978410602.910	,3.400,644.220000,1,0,YES,"""1,14,64;1,2,64;32768,64""",DT_BF16;32729;DT_BF16,ND;ND;ND,"""1,14,64;1,2,64""",DT_BF16;32729,ND;ND,N/A
0,4294967295,2702,46,ReshapeAndCacheNdKernel,ReshapeAndCacheNdKernel,dynamic,AI_VECTOR_CORE,1790269978411242.436	,1.540,636.100000,1,0,NO,"""1,2,64;1,2,64;11823,128,2,64;11823,128,2,64;1""",DT_BF16;DT_BF16;DT_BF16;DT_BF16;INT32,ND;ND;ND;ND;ND,"""11823,128,2,64;11823,128,2,64""",DT_BF16;DT_BF16,ND;ND,N/A
0,4294967295,2703,46,FusedInferAttentionScore,FusedInferAttentionScore,dynamic,MIX_AIC,1790269978411686.633	,19.761,442.710000,24,48,NO,"""1,14,64;11823,128,128;11823,128,128;;2048,2048;1;1;;;;;;;;1,2;;;;;;;;;;;;;;;;""",DT_BF16;DT_BF16;DT_BF16;DT_UNDEFINED;INT8;INT64;INT64;DT_UNDEFINED;DT_UNDEFINED;DT_UNDEFINED;DT_UNDEFINED;DT_UNDEFINED;DT_UNDEFINED;DT_UNDEFINED;INT32;DT_UNDEFINED;DT_UNDEFINED;DT_UNDEFINED;DT_UNDEFINED;DT_UNDEFINED;DT_UNDEFINED;DT_UNDEFINED;DT_UNDEFINED;DT_UNDEFINED;DT_UNDEFINED;DT_UNDEFINED;DT_UNDEFINED;DT_UNDEFINED;DT_UNDEFINED;DT_UNDEFINED;DT_UNDEFINED,ND;ND;ND;NULL;ND;ND;ND;NULL;NULL;NULL;NULL;NULL;NULL;NULL;ND;NULL;NULL;NULL;NULL;NULL;NULL;NULL;NULL;NULL;NULL;NULL;NULL;NULL;NULL;NULL;NULL,"""1,14,64;""",DT_BF16;FLOAT,ND;ND,0
0,4294967295,2705,46,aclnnMatmul_MatMulCommon_MatMulV2,MatMulV2,dynamic,AI_CORE,1790269978412170.253	,5.880,463.739000,19,0,NO,"""1,896;896,896""",DT_BF16;DT_BF16,ND;ND,"""1,896""",DT_BF16,ND,N/A
0,4294967295,2706,46,AddRmsNormBias,AddRmsNormBias,dynamic,AI_VECTOR_CORE,1790269978412319.679	,1.660,143.620000,1,0,NO,"""1,896;1,896;896;""",DT_BF16;DT_BF16;DT_BF16;DT_UNDEFINED,ND;ND;ND;NULL,"""1,896;1,1;1,896""",DT_BF16;FLOAT;DT_BF16,ND;ND;ND,N/A
0,4294967295,2707,46,aclnnMatmul_MatMulCommon_MatMulV2,MatMulV2,dynamic,AI_CORE,1790269978412461.284	,19.121,139.840000,22,0,NO,"""1,896;9728,896""",DT_BF16;DT_BF16,ND;ND,"""1,9728""",DT_BF16,ND,N/A
0,4294967295,2708,46,SwiGlu,SwiGlu,dynamic,AI_VECTOR_CORE,1790269978412573.489	,2.980,93.129000,1,0,NO,"""1,9728""",DT_BF16,ND,"""1,4864""",DT_BF16,ND,N/A
0,4294967295,2709,46,aclnnMatmul_MatMulCommon_MatMulV2,MatMulV2,dynamic,AI_CORE,1790269978412697.974	,16.901,121.520000,19,0,NO,"""1,4864;896,4864""",DT_BF16;DT_BF16,ND;ND,"""1,896""",DT_BF16,ND,N/A
0,4294967295,2710,46,AddRmsNormBias,AddRmsNormBias,dynamic,AI_VECTOR_CORE,1790269978412846.480	,1.660,131.599000,1,0,NO,"""1,896;1,896;896;""",DT_BF16;DT_BF16;DT_BF16;DT_UNDEFINED,ND;ND;ND;NULL,"""1,896;1,1;1,896""",DT_BF16;FLOAT;DT_BF16,ND;ND;ND,N/A
0,4294967295,2711,46,aclnnAddmm_CastAiCore_Cast,Cast,dynamic,AI_VECTOR_CORE,1790269978412994.746	,1.060,146.590000,2,0,NO,"""1152""",DT_BF16,ND,"""1152""",FLOAT,ND,N/A
0,4294967295,2712,46,aclnnAddmm_MatMulCommon_MatMulV2,MatMulV2,dynamic,AI_CORE,1790269978412997.326	,8.060,1.440000,24,0,NO,"""1,896;1152,896;1152""",DT_BF16;DT_BF16;FLOAT,ND;ND;ND,"""1,1152""",DT_BF16,ND,N/A
0,4294967295,2713,46,_triton_rope,_triton_rope,static,AI_VECTOR_CORE,1790269978413697.674	,3.040,692.440000,1,0,YES,"""1,14,64;1,2,64;32768,64""",DT_BF16;32729;DT_BF16,ND;ND;ND,"""1,14,64;1,2,64""",DT_BF16;32729,ND;ND,N/A
0,4294967295,2714,46,ReshapeAndCacheNdKernel,ReshapeAndCacheNdKernel,dynamic,AI_VECTOR_CORE,1790269978414363.360	,2.041,662.460000,1,0,NO,"""1,2,64;1,2,64;11823,128,2,64;11823,128,2,64;1""",DT_BF16;DT_BF16;DT_BF16;DT_BF16;INT32,ND;ND;ND;ND;ND,"""11823,128,2,64;11823,128,2,64""",DT_BF16;DT_BF16,ND;ND,N/A
0,4294967295,2715,46,FusedInferAttentionScore,FusedInferAttentionScore,dynamic,MIX_AIC,1790269978414804.998	,17.181,439.709000,24,48,NO,"""1,14,64;11823,128,128;11823,128,128;;2048,2048;1;1;;;;;;;;1,2;;;;;;;;;;;;;;;;""",DT_BF16;DT_BF16;DT_BF16;DT_UNDEFINED;INT8;INT64;INT64;DT_UNDEFINED;DT_UNDEFINED;DT_UNDEFINED;DT_UNDEFINED;DT_UNDEFINED;DT_UNDEFINED;DT_UNDEFINED;INT32;DT_UNDEFINED;DT_UNDEFINED;DT_UNDEFINED;DT_UNDEFINED;DT_UNDEFINED;DT_UNDEFINED;DT_UNDEFINED;DT_UNDEFINED;DT_UNDEFINED;DT_UNDEFINED;DT_UNDEFINED;DT_UNDEFINED;DT_UNDEFINED;DT_UNDEFINED;DT_UNDEFINED;DT_UNDEFINED,ND;ND;ND;NULL;ND;ND;ND;NULL;NULL;NULL;NULL;NULL;NULL;NULL;ND;NULL;NULL;NULL;NULL;NULL;NULL;NULL;NULL;NULL;NULL;NULL;NULL;NULL;NULL;NULL;NULL,"""1,14,64;""",DT_BF16;FLOAT,ND;ND,0
0,4294967295,2717,46,aclnnMatmul_MatMulCommon_MatMulV2,MatMulV2,dynamic,AI_CORE,1790269978415296.638	,5.800,474.569000,19,0,NO,"""1,896;896,896""",DT_BF16;DT_BF16,ND;ND,"""1,896""",DT_BF16,ND,N/A
0,4294967295,2718,46,AddRmsNormBias,AddRmsNormBias,dynamic,AI_VECTOR_CORE,1790269978415450.704	,1.680,148.200000,1,0,NO,"""1,896;1,896;896;""",DT_BF16;DT_BF16;DT_BF16;DT_UNDEFINED,ND;ND;ND;NULL,"""1,896;1,1;1,896""",DT_BF16;FLOAT;DT_BF16,ND;ND;ND,N/A
0,4294967295,2719,46,aclnnMatmul_MatMulCommon_MatMulV2,MatMulV2,dynamic,AI_CORE,1790269978415591.449	,19.861,139.070000,22,0,NO,"""1,896;9728,896""",DT_BF16;DT_BF16,ND;ND,"""1,9728""",DT_BF16,ND,N/A
0,4294967295,2720,46,SwiGlu,SwiGlu,dynamic,AI_VECTOR_CORE,1790269978415704.054	,3.040,92.639000,1,0,NO,"""1,9728""",DT_BF16,ND,"""1,4864""",DT_BF16,ND,N/A
0,4294967295,2721,46,aclnnMatmul_MatMulCommon_MatMulV2,MatMulV2,dynamic,AI_CORE,1790269978415838.399	,16.521,131.460000,19,0,NO,"""1,4864;896,4864""",DT_BF16;DT_BF16,ND;ND,"""1,896""",DT_BF16,ND,N/A
0,4294967295,2722,46,AddRmsNormBias,AddRmsNormBias,dynamic,AI_VECTOR_CORE,1790269978415988.065	,1.780,132.979000,1,0,NO,"""1,896;1,896;896;""",DT_BF16;DT_BF16;DT_BF16;DT_UNDEFINED,ND;ND;ND;NULL,"""1,896;1,1;1,896""",DT_BF16;FLOAT;DT_BF16,ND;ND;ND,N/A
0,4294967295,2723,46,aclnnIndex_IndexAiCore_Index,Index,dynamic,AI_VECTOR_CORE,1790269978416164.572	,14.401,174.720000,48,0,NO,"""1,896;1;2;1""",DT_BF16;INT64;INT64;INT32,ND;ND;ND;ND,"""1,896""",DT_BF16,ND,N/A
0,4294967295,2724,46,aclnnMatmul_MatMulCommon_MatMulV2,MatMulV2,dynamic,AI_CORE,1790269978416210.414	,219.349,31.599000,24,0,NO,"""1,896;151936,896""",DT_BF16;DT_BF16,ND;ND,"""1,151936""",DT_BF16,ND,N/A
0,4294967295,2725,46,aclnnInplaceCopy_CastAiCore_Cast,Cast,dynamic,AI_VECTOR_CORE,1790269978416663.132	,7.221,233.401000,48,0,NO,"""1,151936""",DT_BF16,ND,"""1,151936""",FLOAT,ND,N/A
0,4294967295,2728,46,aclnnEqScalar_EqualAiCore_Equal,Equal,dynamic,AI_VECTOR_CORE,1790269978416780.657	,2.460,110.279000,1,0,NO,"""1,1;""",INT64;INT64,ND;ND,"""1,1""",BOOL,ND,N/A
0,4294967295,2729,46,aclnnInplaceMaskedFillScalar_MaskedFillAiCpu_MaskedFill,MaskedFill,dynamic,AI_CPU,1790269978416842.199	,130.186,59.040000,0,0,NO,"""1,1;1,1;""",INT64;BOOL;INT64,ND;ND;ND,"""1,1""",INT64,ND,N/A
0,4294967295,2730,46,aclnnInplaceZero_ZerosLikeAiCore_ZerosLike,ZerosLike,dynamic,AI_VECTOR_CORE,1790269978416972.405	,7.380,0.064000,48,0,NO,"""1,151936""",INT32,ND,"""1,151936""",INT32,ND,N/A
0,4294967295,2731,46,token_bin_counts_and_mask_kernel,token_bin_counts_and_mask_kernel,static,AI_VECTOR_CORE,1790269978417377.981	,66.343,398.120000,1,0,NO,"""1,10;1,151936""",INT64;FLOAT,ND;ND,"""1,151936""",FLOAT,ND,N/A
0,4294967295,2732,46,aclnnGtScalar_CastAiCore_Cast,Cast,dynamic,AI_VECTOR_CORE,1790269978417615.130	,8.601,170.907000,48,0,NO,"""1,151936""",INT32,ND,"""1,151936""",INT64,ND,N/A
0,4294967295,2733,46,aclnnGtScalar_GreaterAiCore_Greater,Greater,dynamic,AI_VECTOR_CORE,1790269978417623.751	,16.480,0.000000,48,0,NO,"""1,151936;""",INT64;INT64,ND;ND,"""1,151936""",BOOL,ND,N/A
0,4294967295,2734,46,aclnnInplaceZero_ZerosLikeAiCore_ZerosLike,ZerosLike,dynamic,AI_VECTOR_CORE,1790269978417640.251	,2.240,0.020000,48,0,NO,"""1,151936""",INT32,ND,"""1,151936""",INT32,ND,N/A
0,4294967295,2735,46,token_bin_counts_and_mask_kernel,token_bin_counts_and_mask_kernel,static,AI_VECTOR_CORE,1790269978418078.229	,74.983,435.760000,1,0,NO,"""1,1;1,151936""",INT64;FLOAT,ND;ND,"""1,151936""",FLOAT,ND,N/A
0,4294967295,2736,46,aclnnGtScalar_CastAiCore_Cast,Cast,dynamic,AI_VECTOR_CORE,1790269978418291.337	,3.041,138.017000,48,0,NO,"""1,151936""",INT32,ND,"""1,151936""",INT64,ND,N/A
0,4294967295,2737,46,aclnnGtScalar_GreaterAiCore_Greater,Greater,dynamic,AI_VECTOR_CORE,1790269978418294.398	,11.200,0.209000,48,0,NO,"""1,151936;""",INT64;INT64,ND;ND,"""1,151936""",BOOL,ND,N/A
0,4294967295,2738,46,apply_all_penalties_kernel,apply_all_penalties_kernel,static,AI_VECTOR_CORE,1790269978418846.840	,75.923,541.050000,1,0,YES,"""1,151936;1,151936;1,151936;1,151936""",FLOAT;BOOL;BOOL;INT32,ND;ND;ND;ND,"""1,151936""",FLOAT,ND,N/A
0,4294967295,2739,46,aclnnArgMax_ArgMaxV2AiCore_ArgMaxV2,ArgMaxV2,dynamic,AI_VECTOR_CORE,1790269978419130.591	,18.981,207.827000,1,0,NO,"""1,151936;""",FLOAT;INT64,ND;ND,"""1""",INT32,ND,N/A
0,4294967295,2740,46,aclnnArgMax_CastAiCore_Cast,Cast,dynamic,AI_VECTOR_CORE,1790269978419149.592	,0.860,0.019000,1,0,NO,"""1""",INT32,ND,"""1""",INT64,ND,N/A
0,4294967295,2741,46,aclnnInplaceCopy_CastAiCore_Cast,Cast,dynamic,AI_VECTOR_CORE,1790269978419150.472	,1.320,0.140000,1,0,NO,"""1""",INT64,ND,"""1""",INT32,ND,N/A
0,4294967295,2746,46,aclnnInplaceFillScalar_FillAiCore_Fill,Fill,dynamic,AI_VECTOR_CORE,1790269978422177.133	,1.140,3025.430000,1,0,NO,"""1;""",INT64;INT32,ND;ND,"""1""",INT32,ND,N/A
0,4294967295,2749,46,aclnnInplaceFillScalar_FillAiCore_Fill,Fill,dynamic,AI_VECTOR_CORE,1790269978422651.552	,0.960,473.110000,1,0,NO,"""1;""",INT64;INT32,ND;ND,"""1""",INT32,ND,N/A
0,4294967295,2754,46,aclnnIndex_IndexAiCore_Index,Index,dynamic,AI_VECTOR_CORE,1790269978423142.351	,8.681,489.790000,48,0,NO,"""1;1;1;1""",INT32;INT64;INT64;INT64,ND;ND;ND;ND,"""1""",INT32,ND,N/A
0,4294967295,2755,46,aclnnInplaceCopy_CastAiCore_Cast,Cast,dynamic,AI_VECTOR_CORE,1790269978423151.052	,0.900,0.069000,1,0,NO,"""1""",INT32,ND,"""1""",INT64,ND,N/A
0,4294967295,2756,46,aclnnAdd_AddAiCore_Add,Add,dynamic,AI_VECTOR_CORE,1790269978423164.952	,2.540,13.100000,1,0,NO,"""1;1""",INT64;INT64,ND;ND,"""1""",INT64,ND,N/A
0,4294967295,2758,46,aclnnAdd_AddAiCore_Add,Add,dynamic,AI_VECTOR_CORE,1790269978423215.874	,1.600,48.210000,1,0,NO,"""1;1""",INT32;INT32,ND;ND,"""1""",INT32,ND,N/A
0,4294967295,2760,46,_compute_slot_mapping_kernel,_compute_slot_mapping_kernel,static,AI_VECTOR_CORE,1790269978423762.876	,120.385,545.650000,2,0,YES,"""2;1;1,2""",2864699776;32729;INT32,ND;ND;ND,"""258""",INT64,ND,N/A
0,4294967295,2761,46,aclnnSubs_SubAiCore_Sub,Sub,dynamic,AI_VECTOR_CORE,1790269978424042.107	,1.240,158.615000,1,0,NO,"""1;""",INT32;INT32,ND;ND,"""1""",INT32,ND,N/A
0,4294967295,2763,46,aclnnIndexSelect_GatherV3AiCore_GatherV3,GatherV3,dynamic,AI_VECTOR_CORE,1790269978424508.966	,2.380,465.760000,1,0,NO,"""32768,64;1;1""",DT_BF16;INT64;INT64,ND;ND;ND,"""1,64""",DT_BF16,ND,N/A
0,4294967295,2764,46,aclnnRepeat_TileAiCore_Tile,Tile,dynamic,AI_VECTOR_CORE,1790269978424511.446	,1.680,0.120000,1,0,NO,"""1,2,32;3""",DT_BF16;INT64,NCL;ND,"""1,2,64""",DT_BF16,ND,N/A
0,4294967295,2766,46,aclnnIndexSelect_GatherV3AiCore_GatherV3,GatherV3,dynamic,AI_VECTOR_CORE,1790269978424575.289	,2.040,62.070000,1,0,NO,"""32768,64;1;1""",DT_BF16;INT64;INT64,ND;ND;ND,"""1,64""",DT_BF16,ND,N/A
0,4294967295,2767,46,aclnnRepeat_TileAiCore_Tile,Tile,dynamic,AI_VECTOR_CORE,1790269978424578.429	,1.280,1.210000,1,0,NO,"""1,2,32;3""",DT_BF16;INT64,NCL;ND,"""1,2,64""",DT_BF16,ND,N/A
0,4294967295,2769,46,aclnnInplaceCopy_CastAiCore_Cast,Cast,dynamic,AI_VECTOR_CORE,1790269978425062.328	,0.980,482.470000,1,0,NO,"""1""",INT32,ND,"""1""",INT64,ND,N/A
0,4294967295,2770,46,aclnnEmbedding_GatherV2AiCore_GatherV2,GatherV2,dynamic,AI_VECTOR_CORE,1790269978425081.949	,11.560,18.770000,48,0,NO,"""151936,896;1;1""",DT_BF16;INT64;INT64,ND;ND;ND,"""1,896""",DT_BF16,ND,N/A
0,4294967295,2771,46,RmsNorm,RmsNorm,dynamic,AI_VECTOR_CORE,1790269978425218.914	,4.941,125.440000,1,0,NO,"""1,896;896""",DT_BF16;DT_BF16,ND;ND,"""1,896;1,1""",DT_BF16;FLOAT,ND;ND,N/A
0,4294967295,2772,46,aclnnAddmm_CastAiCore_Cast,Cast,dynamic,AI_VECTOR_CORE,1790269978425426.643	,1.100,202.809000,2,0,NO,"""1152""",DT_BF16,ND,"""1152""",FLOAT,ND,N/A
0,4294967295,2773,46,aclnnAddmm_MatMulCommon_MatMulV2,MatMulV2,dynamic,AI_CORE,1790269978425428.923	,7.580,1.150000,24,0,NO,"""1,896;1152,896;1152""",DT_BF16;DT_BF16;FLOAT,ND;ND;ND,"""1,1152""",DT_BF16,ND,N/A
0,4294967295,2774,46,_triton_rope,_triton_rope,static,AI_VECTOR_CORE,1790269978426133.051	,3.100,696.420000,1,0,YES,"""1,14,64;1,2,64;32768,64""",DT_BF16;32729;DT_BF16,ND;ND;ND,"""1,14,64;1,2,64""",DT_BF16;32729,ND;ND,N/A
0,4294967295,2775,46,ReshapeAndCacheNdKernel,ReshapeAndCacheNdKernel,dynamic,AI_VECTOR_CORE,1790269978426835.479	,2.540,699.400000,1,0,NO,"""1,2,64;1,2,64;11823,128,2,64;11823,128,2,64;1""",DT_BF16;DT_BF16;DT_BF16;DT_BF16;INT32,ND;ND;ND;ND;ND,"""11823,128,2,64;11823,128,2,64""",DT_BF16;DT_BF16,ND;ND,N/A
0,4294967295,2776,46,FusedInferAttentionScore,FusedInferAttentionScore,dynamic,MIX_AIC,1790269978427284.957	,20.941,446.960000,24,48,NO,"""1,14,64;11823,128,128;11823,128,128;;2048,2048;1;1;;;;;;;;1,2;;;;;;;;;;;;;;;;""",DT_BF16;DT_BF16;DT_BF16;DT_UNDEFINED;INT8;INT64;INT64;DT_UNDEFINED;DT_UNDEFINED;DT_UNDEFINED;DT_UNDEFINED;DT_UNDEFINED;DT_UNDEFINED;DT_UNDEFINED;INT32;DT_UNDEFINED;DT_UNDEFINED;DT_UNDEFINED;DT_UNDEFINED;DT_UNDEFINED;DT_UNDEFINED;DT_UNDEFINED;DT_UNDEFINED;DT_UNDEFINED;DT_UNDEFINED;DT_UNDEFINED;DT_UNDEFINED;DT_UNDEFINED;DT_UNDEFINED;DT_UNDEFINED;DT_UNDEFINED,ND;ND;ND;NULL;ND;ND;ND;NULL;NULL;NULL;NULL;NULL;NULL;NULL;ND;NULL;NULL;NULL;NULL;NULL;NULL;NULL;NULL;NULL;NULL;NULL;NULL;NULL;NULL;NULL;NULL,"""1,14,64;""",DT_BF16;FLOAT,ND;ND,0
0,4294967295,2778,46,aclnnMatmul_MatMulCommon_MatMulV2,MatMulV2,dynamic,AI_CORE,1790269978427746.615	,5.721,440.559000,19,0,NO,"""1,896;896,896""",DT_BF16;DT_BF16,ND;ND,"""1,896""",DT_BF16,ND,N/A
0,4294967295,2779,46,AddRmsNormBias,AddRmsNormBias,dynamic,AI_VECTOR_CORE,1790269978427897.701	,2.161,145.529000,1,0,NO,"""1,896;1,896;896;""",DT_BF16;DT_BF16;DT_BF16;DT_UNDEFINED,ND;ND;ND;NULL,"""1,896;1,1;1,896""",DT_BF16;FLOAT;DT_BF16,ND;ND;ND,N/A
0,4294967295,2780,46,aclnnMatmul_MatMulCommon_MatMulV2,MatMulV2,dynamic,AI_CORE,1790269978428031.727	,19.881,131.839000,22,0,NO,"""1,896;9728,896""",DT_BF16;DT_BF16,ND;ND,"""1,9728""",DT_BF16,ND,N/A
0,4294967295,2781,46,SwiGlu,SwiGlu,dynamic,AI_VECTOR_CORE,1790269978428144.671	,4.381,93.119000,1,0,NO,"""1,9728""",DT_BF16,ND,"""1,4864""",DT_BF16,ND,N/A
0,4294967295,2782,46,aclnnMatmul_MatMulCommon_MatMulV2,MatMulV2,dynamic,AI_CORE,1790269978428266.236	,16.581,117.119000,19,0,NO,"""1,4864;896,4864""",DT_BF16;DT_BF16,ND;ND,"""1,896""",DT_BF16,ND,N/A
0,4294967295,2783,46,AddRmsNormBias,AddRmsNormBias,dynamic,AI_VECTOR_CORE,1790269978428411.562	,1.700,128.669000,1,0,NO,"""1,896;1,896;896;""",DT_BF16;DT_BF16;DT_BF16;DT_UNDEFINED,ND;ND;ND;NULL,"""1,896;1,1;1,896""",DT_BF16;FLOAT;DT_BF16,ND;ND;ND,N/A
0,4294967295,2784,46,aclnnAddmm_CastAiCore_Cast,Cast,dynamic,AI_VECTOR_CORE,1790269978428553.648	,1.020,140.550000,2,0,NO,"""1152""",DT_BF16,ND,"""1152""",FLOAT,ND,N/A
0,4294967295,2785,46,aclnnAddmm_MatMulCommon_MatMulV2,MatMulV2,dynamic,AI_CORE,1790269978428556.848	,7.420,1.980000,24,0,NO,"""1,896;1152,896;1152""",DT_BF16;DT_BF16;FLOAT,ND;ND;ND,"""1,1152""",DT_BF16,ND,N/A
0,4294967295,2786,46,_triton_rope,_triton_rope,static,AI_VECTOR_CORE,1790269978429219.074	,2.861,654.830000,1,0,YES,"""1,14,64;1,2,64;32768,64""",DT_BF16;32729;DT_BF16,ND;ND;ND,"""1,14,64;1,2,64""",DT_BF16;32729,ND;ND,N/A
0,4294967295,2787,46,ReshapeAndCacheNdKernel,ReshapeAndCacheNdKernel,dynamic,AI_VECTOR_CORE,1790269978429880.521	,1.580,658.639000,1,0,NO,"""1,2,64;1,2,64;11823,128,2,64;11823,128,2,64;1""",DT_BF16;DT_BF16;DT_BF16;DT_BF16;INT32,ND;ND;ND;ND;ND,"""11823,128,2,64;11823,128,2,64""",DT_BF16;DT_BF16,ND;ND,N/A
0,4294967295,2788,46,FusedInferAttentionScore,FusedInferAttentionScore,dynamic,MIX_AIC,1790269978430313.698	,19.781,431.670000,24,48,NO,"""1,14,64;11823,128,128;11823,128,128;;2048,2048;1;1;;;;;;;;1,2;;;;;;;;;;;;;;;;""",DT_BF16;DT_BF16;DT_BF16;DT_UNDEFINED;INT8;INT64;INT64;DT_UNDEFINED;DT_UNDEFINED;DT_UNDEFINED;DT_UNDEFINED;DT_UNDEFINED;DT_UNDEFINED;DT_UNDEFINED;INT32;DT_UNDEFINED;DT_UNDEFINED;DT_UNDEFINED;DT_UNDEFINED;DT_UNDEFINED;DT_UNDEFINED;DT_UNDEFINED;DT_UNDEFINED;DT_UNDEFINED;DT_UNDEFINED;DT_UNDEFINED;DT_UNDEFINED;DT_UNDEFINED;DT_UNDEFINED;DT_UNDEFINED;DT_UNDEFINED,ND;ND;ND;NULL;ND;ND;ND;NULL;NULL;NULL;NULL;NULL;NULL;NULL;ND;NULL;NULL;NULL;NULL;NULL;NULL;NULL;NULL;NULL;NULL;NULL;NULL;NULL;NULL;NULL;NULL,"""1,14,64;""",DT_BF16;FLOAT,ND;ND,0
0,4294967295,2790,46,aclnnMatmul_MatMulCommon_MatMulV2,MatMulV2,dynamic,AI_CORE,1790269978430786.797	,5.440,453.219000,19,0,NO,"""1,896;896,896""",DT_BF16;DT_BF16,ND;ND,"""1,896""",DT_BF16,ND,N/A
0,4294967295,2791,46,AddRmsNormBias,AddRmsNormBias,dynamic,AI_VECTOR_CORE,1790269978430940.163	,1.740,148.060000,1,0,NO,"""1,896;1,896;896;""",DT_BF16;DT_BF16;DT_BF16;DT_UNDEFINED,ND;ND;ND;NULL,"""1,896;1,1;1,896""",DT_BF16;FLOAT;DT_BF16,ND;ND;ND,N/A
0,4294967295,2792,46,aclnnMatmul_MatMulCommon_MatMulV2,MatMulV2,dynamic,AI_CORE,1790269978431086.329	,19.381,144.260000,22,0,NO,"""1,896;9728,896""",DT_BF16;DT_BF16,ND;ND,"""1,9728""",DT_BF16,ND,N/A
0,4294967295,2793,46,SwiGlu,SwiGlu,dynamic,AI_VECTOR_CORE,1790269978431197.333	,2.961,91.619000,1,0,NO,"""1,9728""",DT_BF16,ND,"""1,4864""",DT_BF16,ND,N/A
0,4294967295,2794,46,aclnnMatmul_MatMulCommon_MatMulV2,MatMulV2,dynamic,AI_CORE,1790269978431319.038	,16.281,118.789000,19,0,NO,"""1,4864;896,4864""",DT_BF16;DT_BF16,ND;ND,"""1,896""",DT_BF16,ND,N/A
0,4294967295,2795,46,AddRmsNormBias,AddRmsNormBias,dynamic,AI_VECTOR_CORE,1790269978431461.904	,1.760,126.719000,1,0,NO,"""1,896;1,896;896;""",DT_BF16;DT_BF16;DT_BF16;DT_UNDEFINED,ND;ND;ND;NULL,"""1,896;1,1;1,896""",DT_BF16;FLOAT;DT_BF16,ND;ND;ND,N/A
0,4294967295,2796,46,aclnnAddmm_CastAiCore_Cast,Cast,dynamic,AI_VECTOR_CORE,1790269978431614.870	,1.160,150.990000,2,0,NO,"""1152""",DT_BF16,ND,"""1152""",FLOAT,ND,N/A
0,4294967295,2797,46,aclnnAddmm_MatMulCommon_MatMulV2,MatMulV2,dynamic,AI_CORE,1790269978431618.130	,7.361,2.340000,24,0,NO,"""1,896;1152,896;1152""",DT_BF16;DT_BF16;FLOAT,ND;ND;ND,"""1,1152""",DT_BF16,ND,N/A
0,4294967295,2798,46,_triton_rope,_triton_rope,static,AI_VECTOR_CORE,1790269978432262.856	,2.820,637.139000,1,0,YES,"""1,14,64;1,2,64;32768,64""",DT_BF16;32729;DT_BF16,ND;ND;ND,"""1,14,64;1,2,64""",DT_BF16;32729,ND;ND,N/A
0,4294967295,2799,46,ReshapeAndCacheNdKernel,ReshapeAndCacheNdKernel,dynamic,AI_VECTOR_CORE,1790269978432917.962	,1.680,652.430000,1,0,NO,"""1,2,64;1,2,64;11823,128,2,64;11823,128,2,64;1""",DT_BF16;DT_BF16;DT_BF16;DT_BF16;INT32,ND;ND;ND;ND;ND,"""11823,128,2,64;11823,128,2,64""",DT_BF16;DT_BF16,ND;ND,N/A
0,4294967295,2800,46,FusedInferAttentionScore,FusedInferAttentionScore,dynamic,MIX_AIC,1790269978433378.661	,17.600,459.070000,24,48,NO,"""1,14,64;11823,128,128;11823,128,128;;2048,2048;1;1;;;;;;;;1,2;;;;;;;;;;;;;;;;""",DT_BF16;DT_BF16;DT_BF16;DT_UNDEFINED;INT8;INT64;INT64;DT_UNDEFINED;DT_UNDEFINED;DT_UNDEFINED;DT_UNDEFINED;DT_UNDEFINED;DT_UNDEFINED;DT_UNDEFINED;INT32;DT_UNDEFINED;DT_UNDEFINED;DT_UNDEFINED;DT_UNDEFINED;DT_UNDEFINED;DT_UNDEFINED;DT_UNDEFINED;DT_UNDEFINED;DT_UNDEFINED;DT_UNDEFINED;DT_UNDEFINED;DT_UNDEFINED;DT_UNDEFINED;DT_UNDEFINED;DT_UNDEFINED;DT_UNDEFINED,ND;ND;ND;NULL;ND;ND;ND;NULL;NULL;NULL;NULL;NULL;NULL;NULL;ND;NULL;NULL;NULL;NULL;NULL;NULL;NULL;NULL;NULL;NULL;NULL;NULL;NULL;NULL;NULL;NULL,"""1,14,64;""",DT_BF16;FLOAT,ND;ND,0
0,4294967295,2802,46,aclnnMatmul_MatMulCommon_MatMulV2,MatMulV2,dynamic,AI_CORE,1790269978433854.680	,5.620,458.400000,19,0,NO,"""1,896;896,896""",DT_BF16;DT_BF16,ND;ND,"""1,896""",DT_BF16,ND,N/A
0,4294967295,2803,46,AddRmsNormBias,AddRmsNormBias,dynamic,AI_VECTOR_CORE,1790269978434010.046	,1.640,149.630000,1,0,NO,"""1,896;1,896;896;""",DT_BF16;DT_BF16;DT_BF16;DT_UNDEFINED,ND;ND;ND;NULL,"""1,896;1,1;1,896""",DT_BF16;FLOAT;DT_BF16,ND;ND;ND,N/A
0,4294967295,2804,46,aclnnMatmul_MatMulCommon_MatMulV2,MatMulV2,dynamic,AI_CORE,1790269978434148.531	,19.761,136.860000,22,0,NO,"""1,896;9728,896""",DT_BF16;DT_BF16,ND;ND,"""1,9728""",DT_BF16,ND,N/A
0,4294967295,2805,46,SwiGlu,SwiGlu,dynamic,AI_VECTOR_CORE,1790269978434262.856	,2.920,94.489000,1,0,NO,"""1,9728""",DT_BF16,ND,"""1,4864""",DT_BF16,ND,N/A
0,4294967295,2806,46,aclnnMatmul_MatMulCommon_MatMulV2,MatMulV2,dynamic,AI_CORE,1790269978434384.601	,16.460,118.830000,19,0,NO,"""1,4864;896,4864""",DT_BF16;DT_BF16,ND;ND,"""1,896""",DT_BF16,ND,N/A
0,4294967295,2807,46,AddRmsNormBias,AddRmsNormBias,dynamic,AI_VECTOR_CORE,1790269978434528.647	,1.680,127.790000,1,0,NO,"""1,896;1,896;896;""",DT_BF16;DT_BF16;DT_BF16;DT_UNDEFINED,ND;ND;ND;NULL,"""1,896;1,1;1,896""",DT_BF16;FLOAT;DT_BF16,ND;ND;ND,N/A
0,4294967295,2808,46,aclnnAddmm_CastAiCore_Cast,Cast,dynamic,AI_VECTOR_CORE,1790269978434668.372	,1.220,137.820000,2,0,NO,"""1152""",DT_BF16,ND,"""1152""",FLOAT,ND,N/A
0,4294967295,2809,46,aclnnAddmm_MatMulCommon_MatMulV2,MatMulV2,dynamic,AI_CORE,1790269978434671.572	,7.941,2.030000,24,0,NO,"""1,896;1152,896;1152""",DT_BF16;DT_BF16;FLOAT,ND;ND;ND,"""1,1152""",DT_BF16,ND,N/A
0,4294967295,2810,46,_triton_rope,_triton_rope,static,AI_VECTOR_CORE,1790269978435320.658	,2.860,641.309000,1,0,YES,"""1,14,64;1,2,64;32768,64""",DT_BF16;32729;DT_BF16,ND;ND;ND,"""1,14,64;1,2,64""",DT_BF16;32729,ND;ND,N/A
0,4294967295,2811,46,ReshapeAndCacheNdKernel,ReshapeAndCacheNdKernel,dynamic,AI_VECTOR_CORE,1790269978435978.285	,2.240,654.640000,1,0,NO,"""1,2,64;1,2,64;11823,128,2,64;11823,128,2,64;1""",DT_BF16;DT_BF16;DT_BF16;DT_BF16;INT32,ND;ND;ND;ND;ND,"""11823,128,2,64;11823,128,2,64""",DT_BF16;DT_BF16,ND;ND,N/A
0,4294967295,2812,46,FusedInferAttentionScore,FusedInferAttentionScore,dynamic,MIX_AIC,1790269978436436.623	,23.001,456.010000,24,48,NO,"""1,14,64;11823,128,128;11823,128,128;;2048,2048;1;1;;;;;;;;1,2;;;;;;;;;;;;;;;;""",DT_BF16;DT_BF16;DT_BF16;DT_UNDEFINED;INT8;INT64;INT64;DT_UNDEFINED;DT_UNDEFINED;DT_UNDEFINED;DT_UNDEFINED;DT_UNDEFINED;DT_UNDEFINED;DT_UNDEFINED;INT32;DT_UNDEFINED;DT_UNDEFINED;DT_UNDEFINED;DT_UNDEFINED;DT_UNDEFINED;DT_UNDEFINED;DT_UNDEFINED;DT_UNDEFINED;DT_UNDEFINED;DT_UNDEFINED;DT_UNDEFINED;DT_UNDEFINED;DT_UNDEFINED;DT_UNDEFINED;DT_UNDEFINED;DT_UNDEFINED,ND;ND;ND;NULL;ND;ND;ND;NULL;NULL;NULL;NULL;NULL;NULL;NULL;ND;NULL;NULL;NULL;NULL;NULL;NULL;NULL;NULL;NULL;NULL;NULL;NULL;NULL;NULL;NULL;NULL,"""1,14,64;""",DT_BF16;FLOAT,ND;ND,0
0,4294967295,2814,46,aclnnMatmul_MatMulCommon_MatMulV2,MatMulV2,dynamic,AI_CORE,1790269978436893.761	,5.820,434.249000,19,0,NO,"""1,896;896,896""",DT_BF16;DT_BF16,ND;ND,"""1,896""",DT_BF16,ND,N/A
0,4294967295,2815,46,AddRmsNormBias,AddRmsNormBias,dynamic,AI_VECTOR_CORE,1790269978437052.427	,1.721,152.930000,1,0,NO,"""1,896;1,896;896;""",DT_BF16;DT_BF16;DT_BF16;DT_UNDEFINED,ND;ND;ND;NULL,"""1,896;1,1;1,896""",DT_BF16;FLOAT;DT_BF16,ND;ND;ND,N/A
0,4294967295,2816,46,aclnnMatmul_MatMulCommon_MatMulV2,MatMulV2,dynamic,AI_CORE,1790269978437207.854	,19.741,153.529000,22,0,NO,"""1,896;9728,896""",DT_BF16;DT_BF16,ND;ND,"""1,9728""",DT_BF16,ND,N/A
0,4294967295,2817,46,SwiGlu,SwiGlu,dynamic,AI_VECTOR_CORE,1790269978437329.079	,3.120,101.509000,1,0,NO,"""1,9728""",DT_BF16,ND,"""1,4864""",DT_BF16,ND,N/A
0,4294967295,2818,46,aclnnMatmul_MatMulCommon_MatMulV2,MatMulV2,dynamic,AI_CORE,1790269978437466.844	,16.541,134.630000,19,0,NO,"""1,4864;896,4864""",DT_BF16;DT_BF16,ND;ND,"""1,896""",DT_BF16,ND,N/A
0,4294967295,2819,46,AddRmsNormBias,AddRmsNormBias,dynamic,AI_VECTOR_CORE,1790269978437619.110	,1.720,135.709000,1,0,NO,"""1,896;1,896;896;""",DT_BF16;DT_BF16;DT_BF16;DT_UNDEFINED,ND;ND;ND;NULL,"""1,896;1,1;1,896""",DT_BF16;FLOAT;DT_BF16,ND;ND;ND,N/A
0,4294967295,2820,46,aclnnAddmm_CastAiCore_Cast,Cast,dynamic,AI_VECTOR_CORE,1790269978437758.176	,1.060,137.530000,2,0,NO,"""1152""",DT_BF16,ND,"""1152""",FLOAT,ND,N/A
0,4294967295,2821,46,aclnnAddmm_MatMulCommon_MatMulV2,MatMulV2,dynamic,AI_CORE,1790269978437760.816	,7.820,1.440000,24,0,NO,"""1,896;1152,896;1152""",DT_BF16;DT_BF16;FLOAT,ND;ND;ND,"""1,1152""",DT_BF16,ND,N/A
0,4294967295,2822,46,_triton_rope,_triton_rope,static,AI_VECTOR_CORE,1790269978438405.662	,3.320,637.180000,1,0,YES,"""1,14,64;1,2,64;32768,64""",DT_BF16;32729;DT_BF16,ND;ND;ND,"""1,14,64;1,2,64""",DT_BF16;32729,ND;ND,N/A
0,4294967295,2823,46,ReshapeAndCacheNdKernel,ReshapeAndCacheNdKernel,dynamic,AI_VECTOR_CORE,1790269978439036.067	,2.460,626.930000,1,0,NO,"""1,2,64;1,2,64;11823,128,2,64;11823,128,2,64;1""",DT_BF16;DT_BF16;DT_BF16;DT_BF16;INT32,ND;ND;ND;ND;ND,"""11823,128,2,64;11823,128,2,64""",DT_BF16;DT_BF16,ND;ND,N/A
0,4294967295,2824,46,FusedInferAttentionScore,FusedInferAttentionScore,dynamic,MIX_AIC,1790269978439469.284	,18.941,430.790000,24,48,NO,"""1,14,64;11823,128,128;11823,128,128;;2048,2048;1;1;;;;;;;;1,2;;;;;;;;;;;;;;;;""",DT_BF16;DT_BF16;DT_BF16;DT_UNDEFINED;INT8;INT64;INT64;DT_UNDEFINED;DT_UNDEFINED;DT_UNDEFINED;DT_UNDEFINED;DT_UNDEFINED;DT_UNDEFINED;DT_UNDEFINED;INT32;DT_UNDEFINED;DT_UNDEFINED;DT_UNDEFINED;DT_UNDEFINED;DT_UNDEFINED;DT_UNDEFINED;DT_UNDEFINED;DT_UNDEFINED;DT_UNDEFINED;DT_UNDEFINED;DT_UNDEFINED;DT_UNDEFINED;DT_UNDEFINED;DT_UNDEFINED;DT_UNDEFINED;DT_UNDEFINED,ND;ND;ND;NULL;ND;ND;ND;NULL;NULL;NULL;NULL;NULL;NULL;NULL;ND;NULL;NULL;NULL;NULL;NULL;NULL;NULL;NULL;NULL;NULL;NULL;NULL;NULL;NULL;NULL;NULL,"""1,14,64;""",DT_BF16;FLOAT,ND;ND,0
0,4294967295,2826,46,aclnnMatmul_MatMulCommon_MatMulV2,MatMulV2,dynamic,AI_CORE,1790269978439933.223	,5.560,445.059000,19,0,NO,"""1,896;896,896""",DT_BF16;DT_BF16,ND;ND,"""1,896""",DT_BF16,ND,N/A
0,4294967295,2827,46,AddRmsNormBias,AddRmsNormBias,dynamic,AI_VECTOR_CORE,1790269978440083.769	,1.660,144.940000,1,0,NO,"""1,896;1,896;896;""",DT_BF16;DT_BF16;DT_BF16;DT_UNDEFINED,ND;ND;ND;NULL,"""1,896;1,1;1,896""",DT_BF16;FLOAT;DT_BF16,ND;ND;ND,N/A
0,4294967295,2828,46,aclnnMatmul_MatMulCommon_MatMulV2,MatMulV2,dynamic,AI_CORE,1790269978440221.574	,19.541,136.090000,22,0,NO,"""1,896;9728,896""",DT_BF16;DT_BF16,ND;ND,"""1,9728""",DT_BF16,ND,N/A
0,4294967295,2829,46,SwiGlu,SwiGlu,dynamic,AI_VECTOR_CORE,1790269978440330.819	,3.080,89.709000,1,0,NO,"""1,9728""",DT_BF16,ND,"""1,4864""",DT_BF16,ND,N/A
0,4294967295,2830,46,aclnnMatmul_MatMulCommon_MatMulV2,MatMulV2,dynamic,AI_CORE,1790269978440458.364	,16.500,124.420000,19,0,NO,"""1,4864;896,4864""",DT_BF16;DT_BF16,ND;ND,"""1,896""",DT_BF16,ND,N/A
0,4294967295,2831,46,AddRmsNormBias,AddRmsNormBias,dynamic,AI_VECTOR_CORE,1790269978440605.830	,1.960,131.000000,1,0,NO,"""1,896;1,896;896;""",DT_BF16;DT_BF16;DT_BF16;DT_UNDEFINED,ND;ND;ND;NULL,"""1,896;1,1;1,896""",DT_BF16;FLOAT;DT_BF16,ND;ND;ND,N/A
0,4294967295,2832,46,aclnnAddmm_CastAiCore_Cast,Cast,dynamic,AI_VECTOR_CORE,1790269978440748.335	,1.280,140.540000,2,0,NO,"""1152""",DT_BF16,ND,"""1152""",FLOAT,ND,N/A
0,4294967295,2833,46,aclnnAddmm_MatMulCommon_MatMulV2,MatMulV2,dynamic,AI_CORE,1790269978440751.435	,7.501,1.970000,24,0,NO,"""1,896;1152,896;1152""",DT_BF16;DT_BF16;FLOAT,ND;ND;ND,"""1,1152""",DT_BF16,ND,N/A
0,4294967295,2834,46,_triton_rope,_triton_rope,static,AI_VECTOR_CORE,1790269978441408.762	,3.060,649.749000,1,0,YES,"""1,14,64;1,2,64;32768,64""",DT_BF16;32729;DT_BF16,ND;ND;ND,"""1,14,64;1,2,64""",DT_BF16;32729,ND;ND,N/A
0,4294967295,2835,46,ReshapeAndCacheNdKernel,ReshapeAndCacheNdKernel,dynamic,AI_VECTOR_CORE,1790269978442050.687	,2.260,638.940000,1,0,NO,"""1,2,64;1,2,64;11823,128,2,64;11823,128,2,64;1""",DT_BF16;DT_BF16;DT_BF16;DT_BF16;INT32,ND;ND;ND;ND;ND,"""11823,128,2,64;11823,128,2,64""",DT_BF16;DT_BF16,ND;ND,N/A
0,4294967295,2836,46,FusedInferAttentionScore,FusedInferAttentionScore,dynamic,MIX_AIC,1790269978442482.065	,20.400,428.990000,24,48,NO,"""1,14,64;11823,128,128;11823,128,128;;2048,2048;1;1;;;;;;;;1,2;;;;;;;;;;;;;;;;""",DT_BF16;DT_BF16;DT_BF16;DT_UNDEFINED;INT8;INT64;INT64;DT_UNDEFINED;DT_UNDEFINED;DT_UNDEFINED;DT_UNDEFINED;DT_UNDEFINED;DT_UNDEFINED;DT_UNDEFINED;INT32;DT_UNDEFINED;DT_UNDEFINED;DT_UNDEFINED;DT_UNDEFINED;DT_UNDEFINED;DT_UNDEFINED;DT_UNDEFINED;DT_UNDEFINED;DT_UNDEFINED;DT_UNDEFINED;DT_UNDEFINED;DT_UNDEFINED;DT_UNDEFINED;DT_UNDEFINED;DT_UNDEFINED;DT_UNDEFINED,ND;ND;ND;NULL;ND;ND;ND;NULL;NULL;NULL;NULL;NULL;NULL;NULL;ND;NULL;NULL;NULL;NULL;NULL;NULL;NULL;NULL;NULL;NULL;NULL;NULL;NULL;NULL;NULL;NULL,"""1,14,64;""",DT_BF16;FLOAT,ND;ND,0
0,4294967295,2838,46,aclnnMatmul_MatMulCommon_MatMulV2,MatMulV2,dynamic,AI_CORE,1790269978442970.284	,5.380,467.850000,19,0,NO,"""1,896;896,896""",DT_BF16;DT_BF16,ND;ND,"""1,896""",DT_BF16,ND,N/A
0,4294967295,2839,46,AddRmsNormBias,AddRmsNormBias,dynamic,AI_VECTOR_CORE,1790269978443120.730	,1.840,145.120000,1,0,NO,"""1,896;1,896;896;""",DT_BF16;DT_BF16;DT_BF16;DT_UNDEFINED,ND;ND;ND;NULL,"""1,896;1,1;1,896""",DT_BF16;FLOAT;DT_BF16,ND;ND;ND,N/A
0,4294967295,2840,46,aclnnMatmul_MatMulCommon_MatMulV2,MatMulV2,dynamic,AI_CORE,1790269978443256.696	,19.140,134.160000,22,0,NO,"""1,896;9728,896""",DT_BF16;DT_BF16,ND;ND,"""1,9728""",DT_BF16,ND,N/A
0,4294967295,2841,46,SwiGlu,SwiGlu,dynamic,AI_VECTOR_CORE,1790269978443363.980	,4.220,88.110000,1,0,NO,"""1,9728""",DT_BF16,ND,"""1,4864""",DT_BF16,ND,N/A
0,4294967295,2842,46,aclnnMatmul_MatMulCommon_MatMulV2,MatMulV2,dynamic,AI_CORE,1790269978443484.285	,16.260,116.030000,19,0,NO,"""1,4864;896,4864""",DT_BF16;DT_BF16,ND;ND,"""1,896""",DT_BF16,ND,N/A
0,4294967295,2843,46,AddRmsNormBias,AddRmsNormBias,dynamic,AI_VECTOR_CORE,1790269978443629.030	,1.641,128.490000,1,0,NO,"""1,896;1,896;896;""",DT_BF16;DT_BF16;DT_BF16;DT_UNDEFINED,ND;ND;ND;NULL,"""1,896;1,1;1,896""",DT_BF16;FLOAT;DT_BF16,ND;ND;ND,N/A
0,4294967295,2844,46,aclnnAddmm_CastAiCore_Cast,Cast,dynamic,AI_VECTOR_CORE,1790269978443766.556	,1.080,135.859000,2,0,NO,"""1152""",DT_BF16,ND,"""1152""",FLOAT,ND,N/A
0,4294967295,2845,46,aclnnAddmm_MatMulCommon_MatMulV2,MatMulV2,dynamic,AI_CORE,1790269978443769.796	,7.220,2.170000,24,0,NO,"""1,896;1152,896;1152""",DT_BF16;DT_BF16;FLOAT,ND;ND;ND,"""1,1152""",DT_BF16,ND,N/A
0,4294967295,2846,46,_triton_rope,_triton_rope,static,AI_VECTOR_CORE,1790269978444416.982	,2.860,640.030000,1,0,YES,"""1,14,64;1,2,64;32768,64""",DT_BF16;32729;DT_BF16,ND;ND;ND,"""1,14,64;1,2,64""",DT_BF16;32729,ND;ND,N/A
0,4294967295,2847,46,ReshapeAndCacheNdKernel,ReshapeAndCacheNdKernel,dynamic,AI_VECTOR_CORE,1790269978445069.288	,2.200,649.390000,1,0,NO,"""1,2,64;1,2,64;11823,128,2,64;11823,128,2,64;1""",DT_BF16;DT_BF16;DT_BF16;DT_BF16;INT32,ND;ND;ND;ND;ND,"""11823,128,2,64;11823,128,2,64""",DT_BF16;DT_BF16,ND;ND,N/A
0,4294967295,2848,46,FusedInferAttentionScore,FusedInferAttentionScore,dynamic,MIX_AIC,1790269978445558.728	,17.600,487.300000,24,48,NO,"""1,14,64;11823,128,128;11823,128,128;;2048,2048;1;1;;;;;;;;1,2;;;;;;;;;;;;;;;;""",DT_BF16;DT_BF16;DT_BF16;DT_UNDEFINED;INT8;INT64;INT64;DT_UNDEFINED;DT_UNDEFINED;DT_UNDEFINED;DT_UNDEFINED;DT_UNDEFINED;DT_UNDEFINED;DT_UNDEFINED;INT32;DT_UNDEFINED;DT_UNDEFINED;DT_UNDEFINED;DT_UNDEFINED;DT_UNDEFINED;DT_UNDEFINED;DT_UNDEFINED;DT_UNDEFINED;DT_UNDEFINED;DT_UNDEFINED;DT_UNDEFINED;DT_UNDEFINED;DT_UNDEFINED;DT_UNDEFINED;DT_UNDEFINED;DT_UNDEFINED,ND;ND;ND;NULL;ND;ND;ND;NULL;NULL;NULL;NULL;NULL;NULL;NULL;ND;NULL;NULL;NULL;NULL;NULL;NULL;NULL;NULL;NULL;NULL;NULL;NULL;NULL;NULL;NULL;NULL,"""1,14,64;""",DT_BF16;FLOAT,ND;ND,0
0,4294967295,2850,46,aclnnMatmul_MatMulCommon_MatMulV2,MatMulV2,dynamic,AI_CORE,1790269978446022.506	,5.680,446.150000,19,0,NO,"""1,896;896,896""",DT_BF16;DT_BF16,ND;ND,"""1,896""",DT_BF16,ND,N/A
0,4294967295,2851,46,AddRmsNormBias,AddRmsNormBias,dynamic,AI_VECTOR_CORE,1790269978446175.252	,1.680,147.070000,1,0,NO,"""1,896;1,896;896;""",DT_BF16;DT_BF16;DT_BF16;DT_UNDEFINED,ND;ND;ND;NULL,"""1,896;1,1;1,896""",DT_BF16;FLOAT;DT_BF16,ND;ND;ND,N/A
0,4294967295,2852,46,aclnnMatmul_MatMulCommon_MatMulV2,MatMulV2,dynamic,AI_CORE,1790269978446319.538	,20.061,142.570000,22,0,NO,"""1,896;9728,896""",DT_BF16;DT_BF16,ND;ND,"""1,9728""",DT_BF16,ND,N/A
0,4294967295,2853,46,SwiGlu,SwiGlu,dynamic,AI_VECTOR_CORE,1790269978446432.183	,3.020,92.689000,1,0,NO,"""1,9728""",DT_BF16,ND,"""1,4864""",DT_BF16,ND,N/A
0,4294967295,2854,46,aclnnMatmul_MatMulCommon_MatMulV2,MatMulV2,dynamic,AI_CORE,1790269978446553.627	,16.681,118.480000,19,0,NO,"""1,4864;896,4864""",DT_BF16;DT_BF16,ND;ND,"""1,896""",DT_BF16,ND,N/A
0,4294967295,2855,46,AddRmsNormBias,AddRmsNormBias,dynamic,AI_VECTOR_CORE,1790269978446696.533	,1.680,126.069000,1,0,NO,"""1,896;1,896;896;""",DT_BF16;DT_BF16;DT_BF16;DT_UNDEFINED,ND;ND;ND;NULL,"""1,896;1,1;1,896""",DT_BF16;FLOAT;DT_BF16,ND;ND;ND,N/A
0,4294967295,2856,46,aclnnAddmm_CastAiCore_Cast,Cast,dynamic,AI_VECTOR_CORE,1790269978446832.039	,1.120,133.820000,2,0,NO,"""1152""",DT_BF16,ND,"""1152""",FLOAT,ND,N/A
0,4294967295,2857,46,aclnnAddmm_MatMulCommon_MatMulV2,MatMulV2,dynamic,AI_CORE,1790269978446835.519	,7.720,2.380000,24,0,NO,"""1,896;1152,896;1152""",DT_BF16;DT_BF16;FLOAT,ND;ND;ND,"""1,1152""",DT_BF16,ND,N/A
0,4294967295,2858,46,_triton_rope,_triton_rope,static,AI_VECTOR_CORE,1790269978447495.425	,2.940,652.280000,1,0,YES,"""1,14,64;1,2,64;32768,64""",DT_BF16;32729;DT_BF16,ND;ND;ND,"""1,14,64;1,2,64""",DT_BF16;32729,ND;ND,N/A
0,4294967295,2859,46,ReshapeAndCacheNdKernel,ReshapeAndCacheNdKernel,dynamic,AI_VECTOR_CORE,1790269978448125.430	,1.580,627.060000,1,0,NO,"""1,2,64;1,2,64;11823,128,2,64;11823,128,2,64;1""",DT_BF16;DT_BF16;DT_BF16;DT_BF16;INT32,ND;ND;ND;ND;ND,"""11823,128,2,64;11823,128,2,64""",DT_BF16;DT_BF16,ND;ND,N/A
0,4294967295,2860,46,FusedInferAttentionScore,FusedInferAttentionScore,dynamic,MIX_AIC,1790269978448564.808	,21.921,437.670000,24,48,NO,"""1,14,64;11823,128,128;11823,128,128;;2048,2048;1;1;;;;;;;;1,2;;;;;;;;;;;;;;;;""",DT_BF16;DT_BF16;DT_BF16;DT_UNDEFINED;INT8;INT64;INT64;DT_UNDEFINED;DT_UNDEFINED;DT_UNDEFINED;DT_UNDEFINED;DT_UNDEFINED;DT_UNDEFINED;DT_UNDEFINED;INT32;DT_UNDEFINED;DT_UNDEFINED;DT_UNDEFINED;DT_UNDEFINED;DT_UNDEFINED;DT_UNDEFINED;DT_UNDEFINED;DT_UNDEFINED;DT_UNDEFINED;DT_UNDEFINED;DT_UNDEFINED;DT_UNDEFINED;DT_UNDEFINED;DT_UNDEFINED;DT_UNDEFINED;DT_UNDEFINED,ND;ND;ND;NULL;ND;ND;ND;NULL;NULL;NULL;NULL;NULL;NULL;NULL;ND;NULL;NULL;NULL;NULL;NULL;NULL;NULL;NULL;NULL;NULL;NULL;NULL;NULL;NULL;NULL;NULL,"""1,14,64;""",DT_BF16;FLOAT,ND;ND,0
0,4294967295,2862,46,aclnnMatmul_MatMulCommon_MatMulV2,MatMulV2,dynamic,AI_CORE,1790269978449035.907	,5.560,449.329000,19,0,NO,"""1,896;896,896""",DT_BF16;DT_BF16,ND;ND,"""1,896""",DT_BF16,ND,N/A
0,4294967295,2863,46,AddRmsNormBias,AddRmsNormBias,dynamic,AI_VECTOR_CORE,1790269978449196.813	,1.760,155.190000,1,0,NO,"""1,896;1,896;896;""",DT_BF16;DT_BF16;DT_BF16;DT_UNDEFINED,ND;ND;ND;NULL,"""1,896;1,1;1,896""",DT_BF16;FLOAT;DT_BF16,ND;ND;ND,N/A
0,4294967295,2864,46,aclnnMatmul_MatMulCommon_MatMulV2,MatMulV2,dynamic,AI_CORE,1790269978449336.919	,21.580,138.490000,22,0,NO,"""1,896;9728,896""",DT_BF16;DT_BF16,ND;ND,"""1,9728""",DT_BF16,ND,N/A
0,4294967295,2865,46,SwiGlu,SwiGlu,dynamic,AI_VECTOR_CORE,1790269978449450.123	,2.900,91.420000,1,0,NO,"""1,9728""",DT_BF16,ND,"""1,4864""",DT_BF16,ND,N/A
0,4294967295,2866,46,aclnnMatmul_MatMulCommon_MatMulV2,MatMulV2,dynamic,AI_CORE,1790269978449578.308	,16.241,125.350000,19,0,NO,"""1,4864;896,4864""",DT_BF16;DT_BF16,ND;ND,"""1,896""",DT_BF16,ND,N/A
0,4294967295,2867,46,AddRmsNormBias,AddRmsNormBias,dynamic,AI_VECTOR_CORE,1790269978449737.075	,1.660,142.509000,1,0,NO,"""1,896;1,896;896;""",DT_BF16;DT_BF16;DT_BF16;DT_UNDEFINED,ND;ND;ND;NULL,"""1,896;1,1;1,896""",DT_BF16;FLOAT;DT_BF16,ND;ND;ND,N/A
0,4294967295,2868,46,aclnnAddmm_CastAiCore_Cast,Cast,dynamic,AI_VECTOR_CORE,1790269978449877.660	,1.080,139.090000,2,0,NO,"""1152""",DT_BF16,ND,"""1152""",FLOAT,ND,N/A
0,4294967295,2869,46,aclnnAddmm_MatMulCommon_MatMulV2,MatMulV2,dynamic,AI_CORE,1790269978449880.760	,7.341,1.920000,24,0,NO,"""1,896;1152,896;1152""",DT_BF16;DT_BF16;FLOAT,ND;ND;ND,"""1,1152""",DT_BF16,ND,N/A
0,4294967295,2870,46,_triton_rope,_triton_rope,static,AI_VECTOR_CORE,1790269978450516.086	,3.000,627.909000,1,0,YES,"""1,14,64;1,2,64;32768,64""",DT_BF16;32729;DT_BF16,ND;ND;ND,"""1,14,64;1,2,64""",DT_BF16;32729,ND;ND,N/A
0,4294967295,2871,46,ReshapeAndCacheNdKernel,ReshapeAndCacheNdKernel,dynamic,AI_VECTOR_CORE,1790269978451148.291	,2.480,629.250000,1,0,NO,"""1,2,64;1,2,64;11823,128,2,64;11823,128,2,64;1""",DT_BF16;DT_BF16;DT_BF16;DT_BF16;INT32,ND;ND;ND;ND;ND,"""11823,128,2,64;11823,128,2,64""",DT_BF16;DT_BF16,ND;ND,N/A
0,4294967295,2872,46,FusedInferAttentionScore,FusedInferAttentionScore,dynamic,MIX_AIC,1790269978451566.828	,23.361,416.020000,24,48,NO,"""1,14,64;11823,128,128;11823,128,128;;2048,2048;1;1;;;;;;;;1,2;;;;;;;;;;;;;;;;""",DT_BF16;DT_BF16;DT_BF16;DT_UNDEFINED;INT8;INT64;INT64;DT_UNDEFINED;DT_UNDEFINED;DT_UNDEFINED;DT_UNDEFINED;DT_UNDEFINED;DT_UNDEFINED;DT_UNDEFINED;INT32;DT_UNDEFINED;DT_UNDEFINED;DT_UNDEFINED;DT_UNDEFINED;DT_UNDEFINED;DT_UNDEFINED;DT_UNDEFINED;DT_UNDEFINED;DT_UNDEFINED;DT_UNDEFINED;DT_UNDEFINED;DT_UNDEFINED;DT_UNDEFINED;DT_UNDEFINED;DT_UNDEFINED;DT_UNDEFINED,ND;ND;ND;NULL;ND;ND;ND;NULL;NULL;NULL;NULL;NULL;NULL;NULL;ND;NULL;NULL;NULL;NULL;NULL;NULL;NULL;NULL;NULL;NULL;NULL;NULL;NULL;NULL;NULL;NULL,"""1,14,64;""",DT_BF16;FLOAT,ND;ND,0
0,4294967295,2874,46,aclnnMatmul_MatMulCommon_MatMulV2,MatMulV2,dynamic,AI_CORE,1790269978452037.847	,5.300,447.639000,19,0,NO,"""1,896;896,896""",DT_BF16;DT_BF16,ND;ND,"""1,896""",DT_BF16,ND,N/A
0,4294967295,2875,46,AddRmsNormBias,AddRmsNormBias,dynamic,AI_VECTOR_CORE,1790269978452194.673	,1.680,151.700000,1,0,NO,"""1,896;1,896;896;""",DT_BF16;DT_BF16;DT_BF16;DT_UNDEFINED,ND;ND;ND;NULL,"""1,896;1,1;1,896""",DT_BF16;FLOAT;DT_BF16,ND;ND;ND,N/A
0,4294967295,2876,46,aclnnMatmul_MatMulCommon_MatMulV2,MatMulV2,dynamic,AI_CORE,1790269978452338.279	,19.320,141.820000,22,0,NO,"""1,896;9728,896""",DT_BF16;DT_BF16,ND;ND,"""1,9728""",DT_BF16,ND,N/A
0,4294967295,2877,46,SwiGlu,SwiGlu,dynamic,AI_VECTOR_CORE,1790269978452448.763	,2.980,91.180000,1,0,NO,"""1,9728""",DT_BF16,ND,"""1,4864""",DT_BF16,ND,N/A
0,4294967295,2878,46,aclnnMatmul_MatMulCommon_MatMulV2,MatMulV2,dynamic,AI_CORE,1790269978452572.308	,16.261,120.520000,19,0,NO,"""1,4864;896,4864""",DT_BF16;DT_BF16,ND;ND,"""1,896""",DT_BF16,ND,N/A
0,4294967295,2879,46,AddRmsNormBias,AddRmsNormBias,dynamic,AI_VECTOR_CORE,1790269978452715.374	,1.740,126.739000,1,0,NO,"""1,896;1,896;896;""",DT_BF16;DT_BF16;DT_BF16;DT_UNDEFINED,ND;ND;ND;NULL,"""1,896;1,1;1,896""",DT_BF16;FLOAT;DT_BF16,ND;ND;ND,N/A
0,4294967295,2880,46,aclnnAddmm_CastAiCore_Cast,Cast,dynamic,AI_VECTOR_CORE,1790269978452872.500	,1.160,155.510000,2,0,NO,"""1152""",DT_BF16,ND,"""1152""",FLOAT,ND,N/A
0,4294967295,2881,46,aclnnAddmm_MatMulCommon_MatMulV2,MatMulV2,dynamic,AI_CORE,1790269978452875.680	,7.720,2.090000,24,0,NO,"""1,896;1152,896;1152""",DT_BF16;DT_BF16;FLOAT,ND;ND;ND,"""1,1152""",DT_BF16,ND,N/A
0,4294967295,2882,46,_triton_rope,_triton_rope,static,AI_VECTOR_CORE,1790269978453540.607	,2.840,657.030000,1,0,YES,"""1,14,64;1,2,64;32768,64""",DT_BF16;32729;DT_BF16,ND;ND;ND,"""1,14,64;1,2,64""",DT_BF16;32729,ND;ND,N/A
0,4294967295,2883,46,ReshapeAndCacheNdKernel,ReshapeAndCacheNdKernel,dynamic,AI_VECTOR_CORE,1790269978454178.792	,1.640,635.410000,1,0,NO,"""1,2,64;1,2,64;11823,128,2,64;11823,128,2,64;1""",DT_BF16;DT_BF16;DT_BF16;DT_BF16;INT32,ND;ND;ND;ND;ND,"""11823,128,2,64;11823,128,2,64""",DT_BF16;DT_BF16,ND;ND,N/A
0,4294967295,2884,46,FusedInferAttentionScore,FusedInferAttentionScore,dynamic,MIX_AIC,1790269978454615.650	,18.340,435.360000,24,48,NO,"""1,14,64;11823,128,128;11823,128,128;;2048,2048;1;1;;;;;;;;1,2;;;;;;;;;;;;;;;;""",DT_BF16;DT_BF16;DT_BF16;DT_UNDEFINED;INT8;INT64;INT64;DT_UNDEFINED;DT_UNDEFINED;DT_UNDEFINED;DT_UNDEFINED;DT_UNDEFINED;DT_UNDEFINED;DT_UNDEFINED;INT32;DT_UNDEFINED;DT_UNDEFINED;DT_UNDEFINED;DT_UNDEFINED;DT_UNDEFINED;DT_UNDEFINED;DT_UNDEFINED;DT_UNDEFINED;DT_UNDEFINED;DT_UNDEFINED;DT_UNDEFINED;DT_UNDEFINED;DT_UNDEFINED;DT_UNDEFINED;DT_UNDEFINED;DT_UNDEFINED,ND;ND;ND;NULL;ND;ND;ND;NULL;NULL;NULL;NULL;NULL;NULL;NULL;ND;NULL;NULL;NULL;NULL;NULL;NULL;NULL;NULL;NULL;NULL;NULL;NULL;NULL;NULL;NULL;NULL,"""1,14,64;""",DT_BF16;FLOAT,ND;ND,0
0,4294967295,2886,46,aclnnMatmul_MatMulCommon_MatMulV2,MatMulV2,dynamic,AI_CORE,1790269978455061.788	,5.540,427.660000,19,0,NO,"""1,896;896,896""",DT_BF16;DT_BF16,ND;ND,"""1,896""",DT_BF16,ND,N/A
0,4294967295,2887,46,AddRmsNormBias,AddRmsNormBias,dynamic,AI_VECTOR_CORE,1790269978455207.253	,1.660,139.960000,1,0,NO,"""1,896;1,896;896;""",DT_BF16;DT_BF16;DT_BF16;DT_UNDEFINED,ND;ND;ND;NULL,"""1,896;1,1;1,896""",DT_BF16;FLOAT;DT_BF16,ND;ND;ND,N/A
0,4294967295,2888,46,aclnnMatmul_MatMulCommon_MatMulV2,MatMulV2,dynamic,AI_CORE,1790269978455345.639	,19.941,136.840000,22,0,NO,"""1,896;9728,896""",DT_BF16;DT_BF16,ND;ND,"""1,9728""",DT_BF16,ND,N/A
0,4294967295,2889,46,SwiGlu,SwiGlu,dynamic,AI_VECTOR_CORE,1790269978455459.083	,3.021,93.309000,1,0,NO,"""1,9728""",DT_BF16,ND,"""1,4864""",DT_BF16,ND,N/A
0,4294967295,2890,46,aclnnMatmul_MatMulCommon_MatMulV2,MatMulV2,dynamic,AI_CORE,1790269978455592.929	,16.540,130.979000,19,0,NO,"""1,4864;896,4864""",DT_BF16;DT_BF16,ND;ND,"""1,896""",DT_BF16,ND,N/A
0,4294967295,2891,46,AddRmsNormBias,AddRmsNormBias,dynamic,AI_VECTOR_CORE,1790269978455743.855	,1.660,134.210000,1,0,NO,"""1,896;1,896;896;""",DT_BF16;DT_BF16;DT_BF16;DT_UNDEFINED,ND;ND;ND;NULL,"""1,896;1,1;1,896""",DT_BF16;FLOAT;DT_BF16,ND;ND;ND,N/A
0,4294967295,2892,46,aclnnAddmm_CastAiCore_Cast,Cast,dynamic,AI_VECTOR_CORE,1790269978455877.960	,1.100,132.590000,2,0,NO,"""1152""",DT_BF16,ND,"""1152""",FLOAT,ND,N/A
0,4294967295,2893,46,aclnnAddmm_MatMulCommon_MatMulV2,MatMulV2,dynamic,AI_CORE,1790269978455881.340	,8.241,2.150000,24,0,NO,"""1,896;1152,896;1152""",DT_BF16;DT_BF16;FLOAT,ND;ND;ND,"""1,1152""",DT_BF16,ND,N/A
0,4294967295,2894,46,_triton_rope,_triton_rope,static,AI_VECTOR_CORE,1790269978456529.526	,2.900,640.009000,1,0,YES,"""1,14,64;1,2,64;32768,64""",DT_BF16;32729;DT_BF16,ND;ND;ND,"""1,14,64;1,2,64""",DT_BF16;32729,ND;ND,N/A
0,4294967295,2895,46,ReshapeAndCacheNdKernel,ReshapeAndCacheNdKernel,dynamic,AI_VECTOR_CORE,1790269978457189.193	,1.660,656.850000,1,0,NO,"""1,2,64;1,2,64;11823,128,2,64;11823,128,2,64;1""",DT_BF16;DT_BF16;DT_BF16;DT_BF16;INT32,ND;ND;ND;ND;ND,"""11823,128,2,64;11823,128,2,64""",DT_BF16;DT_BF16,ND;ND,N/A
0,4294967295,2896,46,FusedInferAttentionScore,FusedInferAttentionScore,dynamic,MIX_AIC,1790269978457631.350	,20.421,440.340000,24,48,NO,"""1,14,64;11823,128,128;11823,128,128;;2048,2048;1;1;;;;;;;;1,2;;;;;;;;;;;;;;;;""",DT_BF16;DT_BF16;DT_BF16;DT_UNDEFINED;INT8;INT64;INT64;DT_UNDEFINED;DT_UNDEFINED;DT_UNDEFINED;DT_UNDEFINED;DT_UNDEFINED;DT_UNDEFINED;DT_UNDEFINED;INT32;DT_UNDEFINED;DT_UNDEFINED;DT_UNDEFINED;DT_UNDEFINED;DT_UNDEFINED;DT_UNDEFINED;DT_UNDEFINED;DT_UNDEFINED;DT_UNDEFINED;DT_UNDEFINED;DT_UNDEFINED;DT_UNDEFINED;DT_UNDEFINED;DT_UNDEFINED;DT_UNDEFINED;DT_UNDEFINED,ND;ND;ND;NULL;ND;ND;ND;NULL;NULL;NULL;NULL;NULL;NULL;NULL;ND;NULL;NULL;NULL;NULL;NULL;NULL;NULL;NULL;NULL;NULL;NULL;NULL;NULL;NULL;NULL;NULL,"""1,14,64;""",DT_BF16;FLOAT,ND;ND,0
0,4294967295,2898,46,aclnnMatmul_MatMulCommon_MatMulV2,MatMulV2,dynamic,AI_CORE,1790269978458110.909	,5.281,459.329000,19,0,NO,"""1,896;896,896""",DT_BF16;DT_BF16,ND;ND,"""1,896""",DT_BF16,ND,N/A
0,4294967295,2899,46,AddRmsNormBias,AddRmsNormBias,dynamic,AI_VECTOR_CORE,1790269978458258.755	,1.740,142.469000,1,0,NO,"""1,896;1,896;896;""",DT_BF16;DT_BF16;DT_BF16;DT_UNDEFINED,ND;ND;ND;NULL,"""1,896;1,1;1,896""",DT_BF16;FLOAT;DT_BF16,ND;ND;ND,N/A
0,4294967295,2900,46,aclnnMatmul_MatMulCommon_MatMulV2,MatMulV2,dynamic,AI_CORE,1790269978458400.821	,19.221,140.260000,22,0,NO,"""1,896;9728,896""",DT_BF16;DT_BF16,ND;ND,"""1,9728""",DT_BF16,ND,N/A
0,4294967295,2901,46,SwiGlu,SwiGlu,dynamic,AI_VECTOR_CORE,1790269978458512.265	,3.141,92.279000,1,0,NO,"""1,9728""",DT_BF16,ND,"""1,4864""",DT_BF16,ND,N/A
0,4294967295,2902,46,aclnnMatmul_MatMulCommon_MatMulV2,MatMulV2,dynamic,AI_CORE,1790269978458645.551	,16.260,130.109000,19,0,NO,"""1,4864;896,4864""",DT_BF16;DT_BF16,ND;ND,"""1,896""",DT_BF16,ND,N/A
0,4294967295,2903,46,AddRmsNormBias,AddRmsNormBias,dynamic,AI_VECTOR_CORE,1790269978458795.517	,1.640,133.740000,1,0,NO,"""1,896;1,896;896;""",DT_BF16;DT_BF16;DT_BF16;DT_UNDEFINED,ND;ND;ND;NULL,"""1,896;1,1;1,896""",DT_BF16;FLOAT;DT_BF16,ND;ND;ND,N/A
0,4294967295,2904,46,aclnnAddmm_CastAiCore_Cast,Cast,dynamic,AI_VECTOR_CORE,1790269978458935.182	,1.080,138.110000,2,0,NO,"""1152""",DT_BF16,ND,"""1152""",FLOAT,ND,N/A
0,4294967295,2905,46,aclnnAddmm_MatMulCommon_MatMulV2,MatMulV2,dynamic,AI_CORE,1790269978458938.243	,7.520,1.920000,24,0,NO,"""1,896;1152,896;1152""",DT_BF16;DT_BF16;FLOAT,ND;ND;ND,"""1,1152""",DT_BF16,ND,N/A
0,4294967295,2906,46,_triton_rope,_triton_rope,static,AI_VECTOR_CORE,1790269978459603.449	,2.880,657.730000,1,0,YES,"""1,14,64;1,2,64;32768,64""",DT_BF16;32729;DT_BF16,ND;ND;ND,"""1,14,64;1,2,64""",DT_BF16;32729,ND;ND,N/A
0,4294967295,2907,46,ReshapeAndCacheNdKernel,ReshapeAndCacheNdKernel,dynamic,AI_VECTOR_CORE,1790269978460247.815	,2.080,641.370000,1,0,NO,"""1,2,64;1,2,64;11823,128,2,64;11823,128,2,64;1""",DT_BF16;DT_BF16;DT_BF16;DT_BF16;INT32,ND;ND;ND;ND;ND,"""11823,128,2,64;11823,128,2,64""",DT_BF16;DT_BF16,ND;ND,N/A
0,4294967295,2908,46,FusedInferAttentionScore,FusedInferAttentionScore,dynamic,MIX_AIC,1790269978460706.393	,15.621,456.670000,24,48,NO,"""1,14,64;11823,128,128;11823,128,128;;2048,2048;1;1;;;;;;;;1,2;;;;;;;;;;;;;;;;""",DT_BF16;DT_BF16;DT_BF16;DT_UNDEFINED;INT8;INT64;INT64;DT_UNDEFINED;DT_UNDEFINED;DT_UNDEFINED;DT_UNDEFINED;DT_UNDEFINED;DT_UNDEFINED;DT_UNDEFINED;INT32;DT_UNDEFINED;DT_UNDEFINED;DT_UNDEFINED;DT_UNDEFINED;DT_UNDEFINED;DT_UNDEFINED;DT_UNDEFINED;DT_UNDEFINED;DT_UNDEFINED;DT_UNDEFINED;DT_UNDEFINED;DT_UNDEFINED;DT_UNDEFINED;DT_UNDEFINED;DT_UNDEFINED;DT_UNDEFINED,ND;ND;ND;NULL;ND;ND;ND;NULL;NULL;NULL;NULL;NULL;NULL;NULL;ND;NULL;NULL;NULL;NULL;NULL;NULL;NULL;NULL;NULL;NULL;NULL;NULL;NULL;NULL;NULL;NULL,"""1,14,64;""",DT_BF16;FLOAT,ND;ND,0
0,4294967295,2910,46,aclnnMatmul_MatMulCommon_MatMulV2,MatMulV2,dynamic,AI_CORE,1790269978461174.452	,5.440,452.379000,19,0,NO,"""1,896;896,896""",DT_BF16;DT_BF16,ND;ND,"""1,896""",DT_BF16,ND,N/A
0,4294967295,2911,46,AddRmsNormBias,AddRmsNormBias,dynamic,AI_VECTOR_CORE,1790269978461333.518	,1.620,153.560000,1,0,NO,"""1,896;1,896;896;""",DT_BF16;DT_BF16;DT_BF16;DT_UNDEFINED,ND;ND;ND;NULL,"""1,896;1,1;1,896""",DT_BF16;FLOAT;DT_BF16,ND;ND;ND,N/A
0,4294967295,2912,46,aclnnMatmul_MatMulCommon_MatMulV2,MatMulV2,dynamic,AI_CORE,1790269978461479.644	,19.001,144.630000,22,0,NO,"""1,896;9728,896""",DT_BF16;DT_BF16,ND;ND,"""1,9728""",DT_BF16,ND,N/A
0,4294967295,2913,46,SwiGlu,SwiGlu,dynamic,AI_VECTOR_CORE,1790269978461600.169	,3.000,101.499000,1,0,NO,"""1,9728""",DT_BF16,ND,"""1,4864""",DT_BF16,ND,N/A
0,4294967295,2914,46,aclnnMatmul_MatMulCommon_MatMulV2,MatMulV2,dynamic,AI_CORE,1790269978461726.454	,16.381,123.250000,19,0,NO,"""1,4864;896,4864""",DT_BF16;DT_BF16,ND;ND,"""1,896""",DT_BF16,ND,N/A
0,4294967295,2915,46,AddRmsNormBias,AddRmsNormBias,dynamic,AI_VECTOR_CORE,1790269978461878.740	,1.760,135.869000,1,0,NO,"""1,896;1,896;896;""",DT_BF16;DT_BF16;DT_BF16;DT_UNDEFINED,ND;ND;ND;NULL,"""1,896;1,1;1,896""",DT_BF16;FLOAT;DT_BF16,ND;ND;ND,N/A
0,4294967295,2916,46,aclnnAddmm_CastAiCore_Cast,Cast,dynamic,AI_VECTOR_CORE,1790269978462012.785	,1.120,132.240000,2,0,NO,"""1152""",DT_BF16,ND,"""1152""",FLOAT,ND,N/A
0,4294967295,2917,46,aclnnAddmm_MatMulCommon_MatMulV2,MatMulV2,dynamic,AI_CORE,1790269978462015.126	,8.060,1.380000,24,0,NO,"""1,896;1152,896;1152""",DT_BF16;DT_BF16;FLOAT,ND;ND;ND,"""1,1152""",DT_BF16,ND,N/A
0,4294967295,2918,46,_triton_rope,_triton_rope,static,AI_VECTOR_CORE,1790269978462667.592	,2.980,644.190000,1,0,YES,"""1,14,64;1,2,64;32768,64""",DT_BF16;32729;DT_BF16,ND;ND;ND,"""1,14,64;1,2,64""",DT_BF16;32729,ND;ND,N/A
0,4294967295,2919,46,ReshapeAndCacheNdKernel,ReshapeAndCacheNdKernel,dynamic,AI_VECTOR_CORE,1790269978463305.037	,1.660,634.520000,1,0,NO,"""1,2,64;1,2,64;11823,128,2,64;11823,128,2,64;1""",DT_BF16;DT_BF16;DT_BF16;DT_BF16;INT32,ND;ND;ND;ND;ND,"""11823,128,2,64;11823,128,2,64""",DT_BF16;DT_BF16,ND;ND,N/A
0,4294967295,2920,46,FusedInferAttentionScore,FusedInferAttentionScore,dynamic,MIX_AIC,1790269978463739.455	,22.960,432.840000,24,48,NO,"""1,14,64;11823,128,128;11823,128,128;;2048,2048;1;1;;;;;;;;1,2;;;;;;;;;;;;;;;;""",DT_BF16;DT_BF16;DT_BF16;DT_UNDEFINED;INT8;INT64;INT64;DT_UNDEFINED;DT_UNDEFINED;DT_UNDEFINED;DT_UNDEFINED;DT_UNDEFINED;DT_UNDEFINED;DT_UNDEFINED;INT32;DT_UNDEFINED;DT_UNDEFINED;DT_UNDEFINED;DT_UNDEFINED;DT_UNDEFINED;DT_UNDEFINED;DT_UNDEFINED;DT_UNDEFINED;DT_UNDEFINED;DT_UNDEFINED;DT_UNDEFINED;DT_UNDEFINED;DT_UNDEFINED;DT_UNDEFINED;DT_UNDEFINED;DT_UNDEFINED,ND;ND;ND;NULL;ND;ND;ND;NULL;NULL;NULL;NULL;NULL;NULL;NULL;ND;NULL;NULL;NULL;NULL;NULL;NULL;NULL;NULL;NULL;NULL;NULL;NULL;NULL;NULL;NULL;NULL,"""1,14,64;""",DT_BF16;FLOAT,ND;ND,0
0,4294967295,2922,46,aclnnMatmul_MatMulCommon_MatMulV2,MatMulV2,dynamic,AI_CORE,1790269978464201.633	,5.560,439.290000,19,0,NO,"""1,896;896,896""",DT_BF16;DT_BF16,ND;ND,"""1,896""",DT_BF16,ND,N/A
0,4294967295,2923,46,AddRmsNormBias,AddRmsNormBias,dynamic,AI_VECTOR_CORE,1790269978464350.519	,1.740,143.190000,1,0,NO,"""1,896;1,896;896;""",DT_BF16;DT_BF16;DT_BF16;DT_UNDEFINED,ND;ND;ND;NULL,"""1,896;1,1;1,896""",DT_BF16;FLOAT;DT_BF16,ND;ND;ND,N/A
0,4294967295,2924,46,aclnnMatmul_MatMulCommon_MatMulV2,MatMulV2,dynamic,AI_CORE,1790269978464488.204	,21.321,136.010000,22,0,NO,"""1,896;9728,896""",DT_BF16;DT_BF16,ND;ND,"""1,9728""",DT_BF16,ND,N/A
0,4294967295,2925,46,SwiGlu,SwiGlu,dynamic,AI_VECTOR_CORE,1790269978464609.249	,3.060,99.679000,1,0,NO,"""1,9728""",DT_BF16,ND,"""1,4864""",DT_BF16,ND,N/A
0,4294967295,2926,46,aclnnMatmul_MatMulCommon_MatMulV2,MatMulV2,dynamic,AI_CORE,1790269978464743.655	,16.560,131.440000,19,0,NO,"""1,4864;896,4864""",DT_BF16;DT_BF16,ND;ND,"""1,896""",DT_BF16,ND,N/A
0,4294967295,2927,46,AddRmsNormBias,AddRmsNormBias,dynamic,AI_VECTOR_CORE,1790269978464896.401	,2.120,136.190000,1,0,NO,"""1,896;1,896;896;""",DT_BF16;DT_BF16;DT_BF16;DT_UNDEFINED,ND;ND;ND;NULL,"""1,896;1,1;1,896""",DT_BF16;FLOAT;DT_BF16,ND;ND;ND,N/A
0,4294967295,2928,46,aclnnAddmm_CastAiCore_Cast,Cast,dynamic,AI_VECTOR_CORE,1790269978465037.646	,1.220,139.130000,2,0,NO,"""1152""",DT_BF16,ND,"""1152""",FLOAT,ND,N/A
0,4294967295,2929,46,aclnnAddmm_MatMulCommon_MatMulV2,MatMulV2,dynamic,AI_CORE,1790269978465040.987	,7.340,2.030000,24,0,NO,"""1,896;1152,896;1152""",DT_BF16;DT_BF16;FLOAT,ND;ND;ND,"""1,1152""",DT_BF16,ND,N/A
0,4294967295,2930,46,_triton_rope,_triton_rope,static,AI_VECTOR_CORE,1790269978465699.053	,3.080,650.660000,1,0,YES,"""1,14,64;1,2,64;32768,64""",DT_BF16;32729;DT_BF16,ND;ND;ND,"""1,14,64;1,2,64""",DT_BF16;32729,ND;ND,N/A
0,4294967295,2931,46,ReshapeAndCacheNdKernel,ReshapeAndCacheNdKernel,dynamic,AI_VECTOR_CORE,1790269978466357.819	,2.080,655.670000,1,0,NO,"""1,2,64;1,2,64;11823,128,2,64;11823,128,2,64;1""",DT_BF16;DT_BF16;DT_BF16;DT_BF16;INT32,ND;ND;ND;ND;ND,"""11823,128,2,64;11823,128,2,64""",DT_BF16;DT_BF16,ND;ND,N/A
0,4294967295,2932,46,FusedInferAttentionScore,FusedInferAttentionScore,dynamic,MIX_AIC,1790269978466801.297	,21.661,441.420000,24,48,NO,"""1,14,64;11823,128,128;11823,128,128;;2048,2048;1;1;;;;;;;;1,2;;;;;;;;;;;;;;;;""",DT_BF16;DT_BF16;DT_BF16;DT_UNDEFINED;INT8;INT64;INT64;DT_UNDEFINED;DT_UNDEFINED;DT_UNDEFINED;DT_UNDEFINED;DT_UNDEFINED;DT_UNDEFINED;DT_UNDEFINED;INT32;DT_UNDEFINED;DT_UNDEFINED;DT_UNDEFINED;DT_UNDEFINED;DT_UNDEFINED;DT_UNDEFINED;DT_UNDEFINED;DT_UNDEFINED;DT_UNDEFINED;DT_UNDEFINED;DT_UNDEFINED;DT_UNDEFINED;DT_UNDEFINED;DT_UNDEFINED;DT_UNDEFINED;DT_UNDEFINED,ND;ND;ND;NULL;ND;ND;ND;NULL;NULL;NULL;NULL;NULL;NULL;NULL;ND;NULL;NULL;NULL;NULL;NULL;NULL;NULL;NULL;NULL;NULL;NULL;NULL;NULL;NULL;NULL;NULL,"""1,14,64;""",DT_BF16;FLOAT,ND;ND,0
0,4294967295,2934,46,aclnnMatmul_MatMulCommon_MatMulV2,MatMulV2,dynamic,AI_CORE,1790269978467258.915	,5.700,436.089000,19,0,NO,"""1,896;896,896""",DT_BF16;DT_BF16,ND;ND,"""1,896""",DT_BF16,ND,N/A
0,4294967295,2935,46,AddRmsNormBias,AddRmsNormBias,dynamic,AI_VECTOR_CORE,1790269978467409.821	,1.700,145.050000,1,0,NO,"""1,896;1,896;896;""",DT_BF16;DT_BF16;DT_BF16;DT_UNDEFINED,ND;ND;ND;NULL,"""1,896;1,1;1,896""",DT_BF16;FLOAT;DT_BF16,ND;ND;ND,N/A
0,4294967295,2936,46,aclnnMatmul_MatMulCommon_MatMulV2,MatMulV2,dynamic,AI_CORE,1790269978467547.487	,19.180,136.050000,22,0,NO,"""1,896;9728,896""",DT_BF16;DT_BF16,ND;ND,"""1,9728""",DT_BF16,ND,N/A
0,4294967295,2937,46,SwiGlu,SwiGlu,dynamic,AI_VECTOR_CORE,1790269978467658.651	,2.940,92.070000,1,0,NO,"""1,9728""",DT_BF16,ND,"""1,4864""",DT_BF16,ND,N/A
0,4294967295,2938,46,aclnnMatmul_MatMulCommon_MatMulV2,MatMulV2,dynamic,AI_CORE,1790269978467787.656	,16.241,126.060000,19,0,NO,"""1,4864;896,4864""",DT_BF16;DT_BF16,ND;ND,"""1,896""",DT_BF16,ND,N/A
0,4294967295,2939,46,AddRmsNormBias,AddRmsNormBias,dynamic,AI_VECTOR_CORE,1790269978467941.022	,1.701,137.009000,1,0,NO,"""1,896;1,896;896;""",DT_BF16;DT_BF16;DT_BF16;DT_UNDEFINED,ND;ND;ND;NULL,"""1,896;1,1;1,896""",DT_BF16;FLOAT;DT_BF16,ND;ND;ND,N/A
0,4294967295,2940,46,aclnnAddmm_CastAiCore_Cast,Cast,dynamic,AI_VECTOR_CORE,1790269978468081.028	,1.200,138.299000,2,0,NO,"""1152""",DT_BF16,ND,"""1152""",FLOAT,ND,N/A
0,4294967295,2941,46,aclnnAddmm_MatMulCommon_MatMulV2,MatMulV2,dynamic,AI_CORE,1790269978468083.908	,7.400,1.800000,24,0,NO,"""1,896;1152,896;1152""",DT_BF16;DT_BF16;FLOAT,ND;ND;ND,"""1,1152""",DT_BF16,ND,N/A
0,4294967295,2942,46,_triton_rope,_triton_rope,static,AI_VECTOR_CORE,1790269978468724.534	,2.920,633.100000,1,0,YES,"""1,14,64;1,2,64;32768,64""",DT_BF16;32729;DT_BF16,ND;ND;ND,"""1,14,64;1,2,64""",DT_BF16;32729,ND;ND,N/A
0,4294967295,2943,46,ReshapeAndCacheNdKernel,ReshapeAndCacheNdKernel,dynamic,AI_VECTOR_CORE,1790269978469402.801	,1.920,675.330000,1,0,NO,"""1,2,64;1,2,64;11823,128,2,64;11823,128,2,64;1""",DT_BF16;DT_BF16;DT_BF16;DT_BF16;INT32,ND;ND;ND;ND;ND,"""11823,128,2,64;11823,128,2,64""",DT_BF16;DT_BF16,ND;ND,N/A
0,4294967295,2944,46,FusedInferAttentionScore,FusedInferAttentionScore,dynamic,MIX_AIC,1790269978469847.679	,23.101,443.080000,24,48,NO,"""1,14,64;11823,128,128;11823,128,128;;2048,2048;1;1;;;;;;;;1,2;;;;;;;;;;;;;;;;""",DT_BF16;DT_BF16;DT_BF16;DT_UNDEFINED;INT8;INT64;INT64;DT_UNDEFINED;DT_UNDEFINED;DT_UNDEFINED;DT_UNDEFINED;DT_UNDEFINED;DT_UNDEFINED;DT_UNDEFINED;INT32;DT_UNDEFINED;DT_UNDEFINED;DT_UNDEFINED;DT_UNDEFINED;DT_UNDEFINED;DT_UNDEFINED;DT_UNDEFINED;DT_UNDEFINED;DT_UNDEFINED;DT_UNDEFINED;DT_UNDEFINED;DT_UNDEFINED;DT_UNDEFINED;DT_UNDEFINED;DT_UNDEFINED;DT_UNDEFINED,ND;ND;ND;NULL;ND;ND;ND;NULL;NULL;NULL;NULL;NULL;NULL;NULL;ND;NULL;NULL;NULL;NULL;NULL;NULL;NULL;NULL;NULL;NULL;NULL;NULL;NULL;NULL;NULL;NULL,"""1,14,64;""",DT_BF16;FLOAT,ND;ND,0
0,4294967295,2946,46,aclnnMatmul_MatMulCommon_MatMulV2,MatMulV2,dynamic,AI_CORE,1790269978470331.778	,5.400,460.899000,19,0,NO,"""1,896;896,896""",DT_BF16;DT_BF16,ND;ND,"""1,896""",DT_BF16,ND,N/A
0,4294967295,2947,46,AddRmsNormBias,AddRmsNormBias,dynamic,AI_VECTOR_CORE,1790269978470478.764	,1.680,141.600000,1,0,NO,"""1,896;1,896;896;""",DT_BF16;DT_BF16;DT_BF16;DT_UNDEFINED,ND;ND;ND;NULL,"""1,896;1,1;1,896""",DT_BF16;FLOAT;DT_BF16,ND;ND;ND,N/A
0,4294967295,2948,46,aclnnMatmul_MatMulCommon_MatMulV2,MatMulV2,dynamic,AI_CORE,1790269978470625.030	,19.321,144.570000,22,0,NO,"""1,896;9728,896""",DT_BF16;DT_BF16,ND;ND,"""1,9728""",DT_BF16,ND,N/A
0,4294967295,2949,46,SwiGlu,SwiGlu,dynamic,AI_VECTOR_CORE,1790269978470736.154	,4.260,91.929000,1,0,NO,"""1,9728""",DT_BF16,ND,"""1,4864""",DT_BF16,ND,N/A
0,4294967295,2950,46,aclnnMatmul_MatMulCommon_MatMulV2,MatMulV2,dynamic,AI_CORE,1790269978470858.639	,16.421,118.240000,19,0,NO,"""1,4864;896,4864""",DT_BF16;DT_BF16,ND;ND,"""1,896""",DT_BF16,ND,N/A
0,4294967295,2951,46,AddRmsNormBias,AddRmsNormBias,dynamic,AI_VECTOR_CORE,1790269978471010.045	,1.660,134.829000,1,0,NO,"""1,896;1,896;896;""",DT_BF16;DT_BF16;DT_BF16;DT_UNDEFINED,ND;ND;ND;NULL,"""1,896;1,1;1,896""",DT_BF16;FLOAT;DT_BF16,ND;ND;ND,N/A
0,4294967295,2952,46,aclnnAddmm_CastAiCore_Cast,Cast,dynamic,AI_VECTOR_CORE,1790269978471153.351	,1.020,141.590000,2,0,NO,"""1152""",DT_BF16,ND,"""1152""",FLOAT,ND,N/A
0,4294967295,2953,46,aclnnAddmm_MatMulCommon_MatMulV2,MatMulV2,dynamic,AI_CORE,1790269978471156.411	,7.400,2.230000,24,0,NO,"""1,896;1152,896;1152""",DT_BF16;DT_BF16;FLOAT,ND;ND;ND,"""1,1152""",DT_BF16,ND,N/A
0,4294967295,2954,46,_triton_rope,_triton_rope,static,AI_VECTOR_CORE,1790269978471808.817	,3.220,644.850000,1,0,YES,"""1,14,64;1,2,64;32768,64""",DT_BF16;32729;DT_BF16,ND;ND;ND,"""1,14,64;1,2,64""",DT_BF16;32729,ND;ND,N/A
0,4294967295,2955,46,ReshapeAndCacheNdKernel,ReshapeAndCacheNdKernel,dynamic,AI_VECTOR_CORE,1790269978472453.723	,2.360,641.780000,1,0,NO,"""1,2,64;1,2,64;11823,128,2,64;11823,128,2,64;1""",DT_BF16;DT_BF16;DT_BF16;DT_BF16;INT32,ND;ND;ND;ND;ND,"""11823,128,2,64;11823,128,2,64""",DT_BF16;DT_BF16,ND;ND,N/A
0,4294967295,2956,46,FusedInferAttentionScore,FusedInferAttentionScore,dynamic,MIX_AIC,1790269978472882.380	,18.401,426.390000,24,48,NO,"""1,14,64;11823,128,128;11823,128,128;;2048,2048;1;1;;;;;;;;1,2;;;;;;;;;;;;;;;;""",DT_BF16;DT_BF16;DT_BF16;DT_UNDEFINED;INT8;INT64;INT64;DT_UNDEFINED;DT_UNDEFINED;DT_UNDEFINED;DT_UNDEFINED;DT_UNDEFINED;DT_UNDEFINED;DT_UNDEFINED;INT32;DT_UNDEFINED;DT_UNDEFINED;DT_UNDEFINED;DT_UNDEFINED;DT_UNDEFINED;DT_UNDEFINED;DT_UNDEFINED;DT_UNDEFINED;DT_UNDEFINED;DT_UNDEFINED;DT_UNDEFINED;DT_UNDEFINED;DT_UNDEFINED;DT_UNDEFINED;DT_UNDEFINED;DT_UNDEFINED,ND;ND;ND;NULL;ND;ND;ND;NULL;NULL;NULL;NULL;NULL;NULL;NULL;ND;NULL;NULL;NULL;NULL;NULL;NULL;NULL;NULL;NULL;NULL;NULL;NULL;NULL;NULL;NULL;NULL,"""1,14,64;""",DT_BF16;FLOAT,ND;ND,0
0,4294967295,2958,46,aclnnMatmul_MatMulCommon_MatMulV2,MatMulV2,dynamic,AI_CORE,1790269978473375.800	,5.360,474.849000,19,0,NO,"""1,896;896,896""",DT_BF16;DT_BF16,ND;ND,"""1,896""",DT_BF16,ND,N/A
0,4294967295,2959,46,AddRmsNormBias,AddRmsNormBias,dynamic,AI_VECTOR_CORE,1790269978473530.126	,1.960,149.140000,1,0,NO,"""1,896;1,896;896;""",DT_BF16;DT_BF16;DT_BF16;DT_UNDEFINED,ND;ND;ND;NULL,"""1,896;1,1;1,896""",DT_BF16;FLOAT;DT_BF16,ND;ND;ND,N/A
0,4294967295,2960,46,aclnnMatmul_MatMulCommon_MatMulV2,MatMulV2,dynamic,AI_CORE,1790269978473666.631	,19.581,134.540000,22,0,NO,"""1,896;9728,896""",DT_BF16;DT_BF16,ND;ND,"""1,9728""",DT_BF16,ND,N/A
0,4294967295,2961,46,SwiGlu,SwiGlu,dynamic,AI_VECTOR_CORE,1790269978473775.236	,3.080,88.919000,1,0,NO,"""1,9728""",DT_BF16,ND,"""1,4864""",DT_BF16,ND,N/A
0,4294967295,2962,46,aclnnMatmul_MatMulCommon_MatMulV2,MatMulV2,dynamic,AI_CORE,1790269978473897.741	,16.560,119.420000,19,0,NO,"""1,4864;896,4864""",DT_BF16;DT_BF16,ND;ND,"""1,896""",DT_BF16,ND,N/A
0,4294967295,2963,46,AddRmsNormBias,AddRmsNormBias,dynamic,AI_VECTOR_CORE,1790269978474047.167	,1.800,132.940000,1,0,NO,"""1,896;1,896;896;""",DT_BF16;DT_BF16;DT_BF16;DT_UNDEFINED,ND;ND;ND;NULL,"""1,896;1,1;1,896""",DT_BF16;FLOAT;DT_BF16,ND;ND;ND,N/A
0,4294967295,2964,46,aclnnAddmm_CastAiCore_Cast,Cast,dynamic,AI_VECTOR_CORE,1790269978474198.333	,1.060,149.200000,2,0,NO,"""1152""",DT_BF16,ND,"""1152""",FLOAT,ND,N/A
0,4294967295,2965,46,aclnnAddmm_MatMulCommon_MatMulV2,MatMulV2,dynamic,AI_CORE,1790269978474201.693	,7.800,2.440000,24,0,NO,"""1,896;1152,896;1152""",DT_BF16;DT_BF16;FLOAT,ND;ND;ND,"""1,1152""",DT_BF16,ND,N/A
0,4294967295,2966,46,_triton_rope,_triton_rope,static,AI_VECTOR_CORE,1790269978474851.279	,2.840,641.700000,1,0,YES,"""1,14,64;1,2,64;32768,64""",DT_BF16;32729;DT_BF16,ND;ND;ND,"""1,14,64;1,2,64""",DT_BF16;32729,ND;ND,N/A
0,4294967295,2967,46,ReshapeAndCacheNdKernel,ReshapeAndCacheNdKernel,dynamic,AI_VECTOR_CORE,1790269978475501.425	,1.640,647.410000,1,0,NO,"""1,2,64;1,2,64;11823,128,2,64;11823,128,2,64;1""",DT_BF16;DT_BF16;DT_BF16;DT_BF16;INT32,ND;ND;ND;ND;ND,"""11823,128,2,64;11823,128,2,64""",DT_BF16;DT_BF16,ND;ND,N/A
0,4294967295,2968,46,FusedInferAttentionScore,FusedInferAttentionScore,dynamic,MIX_AIC,1790269978475931.362	,19.921,428.110000,24,48,NO,"""1,14,64;11823,128,128;11823,128,128;;2048,2048;1;1;;;;;;;;1,2;;;;;;;;;;;;;;;;""",DT_BF16;DT_BF16;DT_BF16;DT_UNDEFINED;INT8;INT64;INT64;DT_UNDEFINED;DT_UNDEFINED;DT_UNDEFINED;DT_UNDEFINED;DT_UNDEFINED;DT_UNDEFINED;DT_UNDEFINED;INT32;DT_UNDEFINED;DT_UNDEFINED;DT_UNDEFINED;DT_UNDEFINED;DT_UNDEFINED;DT_UNDEFINED;DT_UNDEFINED;DT_UNDEFINED;DT_UNDEFINED;DT_UNDEFINED;DT_UNDEFINED;DT_UNDEFINED;DT_UNDEFINED;DT_UNDEFINED;DT_UNDEFINED;DT_UNDEFINED,ND;ND;ND;NULL;ND;ND;ND;NULL;NULL;NULL;NULL;NULL;NULL;NULL;ND;NULL;NULL;NULL;NULL;NULL;NULL;NULL;NULL;NULL;NULL;NULL;NULL;NULL;NULL;NULL;NULL,"""1,14,64;""",DT_BF16;FLOAT,ND;ND,0
0,4294967295,2970,46,aclnnMatmul_MatMulCommon_MatMulV2,MatMulV2,dynamic,AI_CORE,1790269978476411.961	,5.660,460.829000,19,0,NO,"""1,896;896,896""",DT_BF16;DT_BF16,ND;ND,"""1,896""",DT_BF16,ND,N/A
0,4294967295,2971,46,AddRmsNormBias,AddRmsNormBias,dynamic,AI_VECTOR_CORE,1790269978476565.687	,1.680,148.090000,1,0,NO,"""1,896;1,896;896;""",DT_BF16;DT_BF16;DT_BF16;DT_UNDEFINED,ND;ND;ND;NULL,"""1,896;1,1;1,896""",DT_BF16;FLOAT;DT_BF16,ND;ND;ND,N/A
0,4294967295,2972,46,aclnnMatmul_MatMulCommon_MatMulV2,MatMulV2,dynamic,AI_CORE,1790269978476709.853	,19.681,142.320000,22,0,NO,"""1,896;9728,896""",DT_BF16;DT_BF16,ND;ND,"""1,9728""",DT_BF16,ND,N/A
0,4294967295,2973,46,SwiGlu,SwiGlu,dynamic,AI_VECTOR_CORE,1790269978476829.058	,3.080,99.569000,1,0,NO,"""1,9728""",DT_BF16,ND,"""1,4864""",DT_BF16,ND,N/A
0,4294967295,2974,46,aclnnMatmul_MatMulCommon_MatMulV2,MatMulV2,dynamic,AI_CORE,1790269978476965.563	,16.441,133.420000,19,0,NO,"""1,4864;896,4864""",DT_BF16;DT_BF16,ND;ND,"""1,896""",DT_BF16,ND,N/A
0,4294967295,2975,46,AddRmsNormBias,AddRmsNormBias,dynamic,AI_VECTOR_CORE,1790269978477120.649	,1.700,138.809000,1,0,NO,"""1,896;1,896;896;""",DT_BF16;DT_BF16;DT_BF16;DT_UNDEFINED,ND;ND;ND;NULL,"""1,896;1,1;1,896""",DT_BF16;FLOAT;DT_BF16,ND;ND;ND,N/A
0,4294967295,2976,46,aclnnAddmm_CastAiCore_Cast,Cast,dynamic,AI_VECTOR_CORE,1790269978477300.717	,1.120,178.300000,2,0,NO,"""1152""",DT_BF16,ND,"""1152""",FLOAT,ND,N/A
0,4294967295,2977,46,aclnnAddmm_MatMulCommon_MatMulV2,MatMulV2,dynamic,AI_CORE,1790269978477303.777	,7.500,1.880000,24,0,NO,"""1,896;1152,896;1152""",DT_BF16;DT_BF16;FLOAT,ND;ND;ND,"""1,1152""",DT_BF16,ND,N/A
0,4294967295,2978,46,_triton_rope,_triton_rope,static,AI_VECTOR_CORE,1790269978477960.123	,2.900,648.750000,1,0,YES,"""1,14,64;1,2,64;32768,64""",DT_BF16;32729;DT_BF16,ND;ND;ND,"""1,14,64;1,2,64""",DT_BF16;32729,ND;ND,N/A
0,4294967295,2979,46,ReshapeAndCacheNdKernel,ReshapeAndCacheNdKernel,dynamic,AI_VECTOR_CORE,1790269978478609.469	,2.260,646.600000,1,0,NO,"""1,2,64;1,2,64;11823,128,2,64;11823,128,2,64;1""",DT_BF16;DT_BF16;DT_BF16;DT_BF16;INT32,ND;ND;ND;ND;ND,"""11823,128,2,64;11823,128,2,64""",DT_BF16;DT_BF16,ND;ND,N/A
0,4294967295,2980,46,FusedInferAttentionScore,FusedInferAttentionScore,dynamic,MIX_AIC,1790269978479040.346	,16.981,428.490000,24,48,NO,"""1,14,64;11823,128,128;11823,128,128;;2048,2048;1;1;;;;;;;;1,2;;;;;;;;;;;;;;;;""",DT_BF16;DT_BF16;DT_BF16;DT_UNDEFINED;INT8;INT64;INT64;DT_UNDEFINED;DT_UNDEFINED;DT_UNDEFINED;DT_UNDEFINED;DT_UNDEFINED;DT_UNDEFINED;DT_UNDEFINED;INT32;DT_UNDEFINED;DT_UNDEFINED;DT_UNDEFINED;DT_UNDEFINED;DT_UNDEFINED;DT_UNDEFINED;DT_UNDEFINED;DT_UNDEFINED;DT_UNDEFINED;DT_UNDEFINED;DT_UNDEFINED;DT_UNDEFINED;DT_UNDEFINED;DT_UNDEFINED;DT_UNDEFINED;DT_UNDEFINED,ND;ND;ND;NULL;ND;ND;ND;NULL;NULL;NULL;NULL;NULL;NULL;NULL;ND;NULL;NULL;NULL;NULL;NULL;NULL;NULL;NULL;NULL;NULL;NULL;NULL;NULL;NULL;NULL;NULL,"""1,14,64;""",DT_BF16;FLOAT,ND;ND,0
0,4294967295,2982,46,aclnnMatmul_MatMulCommon_MatMulV2,MatMulV2,dynamic,AI_CORE,1790269978479502.265	,5.380,445.019000,19,0,NO,"""1,896;896,896""",DT_BF16;DT_BF16,ND;ND,"""1,896""",DT_BF16,ND,N/A
0,4294967295,2983,46,AddRmsNormBias,AddRmsNormBias,dynamic,AI_VECTOR_CORE,1790269978479648.631	,1.740,141.120000,1,0,NO,"""1,896;1,896;896;""",DT_BF16;DT_BF16;DT_BF16;DT_UNDEFINED,ND;ND;ND;NULL,"""1,896;1,1;1,896""",DT_BF16;FLOAT;DT_BF16,ND;ND;ND,N/A
0,4294967295,2984,46,aclnnMatmul_MatMulCommon_MatMulV2,MatMulV2,dynamic,AI_CORE,1790269978479786.776	,18.921,136.260000,22,0,NO,"""1,896;9728,896""",DT_BF16;DT_BF16,ND;ND,"""1,9728""",DT_BF16,ND,N/A
0,4294967295,2985,46,SwiGlu,SwiGlu,dynamic,AI_VECTOR_CORE,1790269978479894.640	,3.041,89.079000,1,0,NO,"""1,9728""",DT_BF16,ND,"""1,4864""",DT_BF16,ND,N/A
0,4294967295,2986,46,aclnnMatmul_MatMulCommon_MatMulV2,MatMulV2,dynamic,AI_CORE,1790269978480017.905	,16.201,120.209000,19,0,NO,"""1,4864;896,4864""",DT_BF16;DT_BF16,ND;ND,"""1,896""",DT_BF16,ND,N/A
0,4294967295,2987,46,AddRmsNormBias,AddRmsNormBias,dynamic,AI_VECTOR_CORE,1790269978480163.031	,1.740,128.799000,1,0,NO,"""1,896;1,896;896;""",DT_BF16;DT_BF16;DT_BF16;DT_UNDEFINED,ND;ND;ND;NULL,"""1,896;1,1;1,896""",DT_BF16;FLOAT;DT_BF16,ND;ND;ND,N/A
0,4294967295,2988,46,aclnnAddmm_CastAiCore_Cast,Cast,dynamic,AI_VECTOR_CORE,1790269978480309.857	,1.060,145.010000,2,0,NO,"""1152""",DT_BF16,ND,"""1152""",FLOAT,ND,N/A
0,4294967295,2989,46,aclnnAddmm_MatMulCommon_MatMulV2,MatMulV2,dynamic,AI_CORE,1790269978480313.057	,7.520,2.190000,24,0,NO,"""1,896;1152,896;1152""",DT_BF16;DT_BF16;FLOAT,ND;ND;ND,"""1,1152""",DT_BF16,ND,N/A
0,4294967295,2990,46,_triton_rope,_triton_rope,static,AI_VECTOR_CORE,1790269978480966.123	,2.860,645.480000,1,0,YES,"""1,14,64;1,2,64;32768,64""",DT_BF16;32729;DT_BF16,ND;ND;ND,"""1,14,64;1,2,64""",DT_BF16;32729,ND;ND,N/A
0,4294967295,2991,46,ReshapeAndCacheNdKernel,ReshapeAndCacheNdKernel,dynamic,AI_VECTOR_CORE,1790269978481616.109	,1.860,647.140000,1,0,NO,"""1,2,64;1,2,64;11823,128,2,64;11823,128,2,64;1""",DT_BF16;DT_BF16;DT_BF16;DT_BF16;INT32,ND;ND;ND;ND;ND,"""11823,128,2,64;11823,128,2,64""",DT_BF16;DT_BF16,ND;ND,N/A
0,4294967295,2992,46,FusedInferAttentionScore,FusedInferAttentionScore,dynamic,MIX_AIC,1790269978482057.307	,22.481,439.390000,24,48,NO,"""1,14,64;11823,128,128;11823,128,128;;2048,2048;1;1;;;;;;;;1,2;;;;;;;;;;;;;;;;""",DT_BF16;DT_BF16;DT_BF16;DT_UNDEFINED;INT8;INT64;INT64;DT_UNDEFINED;DT_UNDEFINED;DT_UNDEFINED;DT_UNDEFINED;DT_UNDEFINED;DT_UNDEFINED;DT_UNDEFINED;INT32;DT_UNDEFINED;DT_UNDEFINED;DT_UNDEFINED;DT_UNDEFINED;DT_UNDEFINED;DT_UNDEFINED;DT_UNDEFINED;DT_UNDEFINED;DT_UNDEFINED;DT_UNDEFINED;DT_UNDEFINED;DT_UNDEFINED;DT_UNDEFINED;DT_UNDEFINED;DT_UNDEFINED;DT_UNDEFINED,ND;ND;ND;NULL;ND;ND;ND;NULL;NULL;NULL;NULL;NULL;NULL;NULL;ND;NULL;NULL;NULL;NULL;NULL;NULL;NULL;NULL;NULL;NULL;NULL;NULL;NULL;NULL;NULL;NULL,"""1,14,64;""",DT_BF16;FLOAT,ND;ND,0
0,4294967295,2994,46,aclnnMatmul_MatMulCommon_MatMulV2,MatMulV2,dynamic,AI_CORE,1790269978482524.285	,5.701,444.519000,19,0,NO,"""1,896;896,896""",DT_BF16;DT_BF16,ND;ND,"""1,896""",DT_BF16,ND,N/A
0,4294967295,2995,46,AddRmsNormBias,AddRmsNormBias,dynamic,AI_VECTOR_CORE,1790269978482681.472	,1.720,151.549000,1,0,NO,"""1,896;1,896;896;""",DT_BF16;DT_BF16;DT_BF16;DT_UNDEFINED,ND;ND;ND;NULL,"""1,896;1,1;1,896""",DT_BF16;FLOAT;DT_BF16,ND;ND;ND,N/A
0,4294967295,2996,46,aclnnMatmul_MatMulCommon_MatMulV2,MatMulV2,dynamic,AI_CORE,1790269978482819.317	,20.221,136.030000,22,0,NO,"""1,896;9728,896""",DT_BF16;DT_BF16,ND;ND,"""1,9728""",DT_BF16,ND,N/A
0,4294967295,2997,46,SwiGlu,SwiGlu,dynamic,AI_VECTOR_CORE,1790269978482931.962	,3.040,92.529000,1,0,NO,"""1,9728""",DT_BF16,ND,"""1,4864""",DT_BF16,ND,N/A
0,4294967295,2998,46,aclnnMatmul_MatMulCommon_MatMulV2,MatMulV2,dynamic,AI_CORE,1790269978483052.587	,16.580,117.460000,19,0,NO,"""1,4864;896,4864""",DT_BF16;DT_BF16,ND;ND,"""1,896""",DT_BF16,ND,N/A
0,4294967295,2999,46,AddRmsNormBias,AddRmsNormBias,dynamic,AI_VECTOR_CORE,1790269978483196.512	,2.100,127.420000,1,0,NO,"""1,896;1,896;896;""",DT_BF16;DT_BF16;DT_BF16;DT_UNDEFINED,ND;ND;ND;NULL,"""1,896;1,1;1,896""",DT_BF16;FLOAT;DT_BF16,ND;ND;ND,N/A
0,4294967295,3000,46,aclnnAddmm_CastAiCore_Cast,Cast,dynamic,AI_VECTOR_CORE,1790269978483348.698	,1.421,150.150000,2,0,NO,"""1152""",DT_BF16,ND,"""1152""",FLOAT,ND,N/A
0,4294967295,3001,46,aclnnAddmm_MatMulCommon_MatMulV2,MatMulV2,dynamic,AI_CORE,1790269978483351.999	,7.740,1.829000,24,0,NO,"""1,896;1152,896;1152""",DT_BF16;DT_BF16;FLOAT,ND;ND;ND,"""1,1152""",DT_BF16,ND,N/A
0,4294967295,3002,46,_triton_rope,_triton_rope,static,AI_VECTOR_CORE,1790269978484014.885	,3.140,655.260000,1,0,YES,"""1,14,64;1,2,64;32768,64""",DT_BF16;32729;DT_BF16,ND;ND;ND,"""1,14,64;1,2,64""",DT_BF16;32729,ND;ND,N/A
0,4294967295,3003,46,ReshapeAndCacheNdKernel,ReshapeAndCacheNdKernel,dynamic,AI_VECTOR_CORE,1790269978484672.251	,1.840,654.110000,1,0,NO,"""1,2,64;1,2,64;11823,128,2,64;11823,128,2,64;1""",DT_BF16;DT_BF16;DT_BF16;DT_BF16;INT32,ND;ND;ND;ND;ND,"""11823,128,2,64;11823,128,2,64""",DT_BF16;DT_BF16,ND;ND,N/A
0,4294967295,3004,46,FusedInferAttentionScore,FusedInferAttentionScore,dynamic,MIX_AIC,1790269978485112.989	,21.761,438.910000,24,48,NO,"""1,14,64;11823,128,128;11823,128,128;;2048,2048;1;1;;;;;;;;1,2;;;;;;;;;;;;;;;;""",DT_BF16;DT_BF16;DT_BF16;DT_UNDEFINED;INT8;INT64;INT64;DT_UNDEFINED;DT_UNDEFINED;DT_UNDEFINED;DT_UNDEFINED;DT_UNDEFINED;DT_UNDEFINED;DT_UNDEFINED;INT32;DT_UNDEFINED;DT_UNDEFINED;DT_UNDEFINED;DT_UNDEFINED;DT_UNDEFINED;DT_UNDEFINED;DT_UNDEFINED;DT_UNDEFINED;DT_UNDEFINED;DT_UNDEFINED;DT_UNDEFINED;DT_UNDEFINED;DT_UNDEFINED;DT_UNDEFINED;DT_UNDEFINED;DT_UNDEFINED,ND;ND;ND;NULL;ND;ND;ND;NULL;NULL;NULL;NULL;NULL;NULL;NULL;ND;NULL;NULL;NULL;NULL;NULL;NULL;NULL;NULL;NULL;NULL;NULL;NULL;NULL;NULL;NULL;NULL,"""1,14,64;""",DT_BF16;FLOAT,ND;ND,0
0,4294967295,3006,46,aclnnMatmul_MatMulCommon_MatMulV2,MatMulV2,dynamic,AI_CORE,1790269978485595.328	,5.601,460.489000,19,0,NO,"""1,896;896,896""",DT_BF16;DT_BF16,ND;ND,"""1,896""",DT_BF16,ND,N/A
0,4294967295,3007,46,AddRmsNormBias,AddRmsNormBias,dynamic,AI_VECTOR_CORE,1790269978485743.494	,1.680,142.649000,1,0,NO,"""1,896;1,896;896;""",DT_BF16;DT_BF16;DT_BF16;DT_UNDEFINED,ND;ND;ND;NULL,"""1,896;1,1;1,896""",DT_BF16;FLOAT;DT_BF16,ND;ND;ND,N/A
0,4294967295,3008,46,aclnnMatmul_MatMulCommon_MatMulV2,MatMulV2,dynamic,AI_CORE,1790269978485882.840	,19.521,137.570000,22,0,NO,"""1,896;9728,896""",DT_BF16;DT_BF16,ND;ND,"""1,9728""",DT_BF16,ND,N/A
0,4294967295,3009,46,SwiGlu,SwiGlu,dynamic,AI_VECTOR_CORE,1790269978485990.024	,4.340,87.729000,1,0,NO,"""1,9728""",DT_BF16,ND,"""1,4864""",DT_BF16,ND,N/A
0,4294967295,3010,46,aclnnMatmul_MatMulCommon_MatMulV2,MatMulV2,dynamic,AI_CORE,1790269978486112.989	,16.261,118.660000,19,0,NO,"""1,4864;896,4864""",DT_BF16;DT_BF16,ND;ND,"""1,896""",DT_BF16,ND,N/A
0,4294967295,3011,46,AddRmsNormBias,AddRmsNormBias,dynamic,AI_VECTOR_CORE,1790269978486274.615	,1.720,145.239000,1,0,NO,"""1,896;1,896;896;""",DT_BF16;DT_BF16;DT_BF16;DT_UNDEFINED,ND;ND;ND;NULL,"""1,896;1,1;1,896""",DT_BF16;FLOAT;DT_BF16,ND;ND;ND,N/A
0,4294967295,3012,46,aclnnAddmm_CastAiCore_Cast,Cast,dynamic,AI_VECTOR_CORE,1790269978486432.922	,1.120,156.780000,2,0,NO,"""1152""",DT_BF16,ND,"""1152""",FLOAT,ND,N/A
0,4294967295,3013,46,aclnnAddmm_MatMulCommon_MatMulV2,MatMulV2,dynamic,AI_CORE,1790269978486436.342	,7.300,2.130000,24,0,NO,"""1,896;1152,896;1152""",DT_BF16;DT_BF16;FLOAT,ND;ND;ND,"""1,1152""",DT_BF16,ND,N/A
0,4294967295,3014,46,_triton_rope,_triton_rope,static,AI_VECTOR_CORE,1790269978487093.488	,2.860,649.950000,1,0,YES,"""1,14,64;1,2,64;32768,64""",DT_BF16;32729;DT_BF16,ND;ND;ND,"""1,14,64;1,2,64""",DT_BF16;32729,ND;ND,N/A
0,4294967295,3015,46,ReshapeAndCacheNdKernel,ReshapeAndCacheNdKernel,dynamic,AI_VECTOR_CORE,1790269978487736.074	,1.700,639.640000,1,0,NO,"""1,2,64;1,2,64;11823,128,2,64;11823,128,2,64;1""",DT_BF16;DT_BF16;DT_BF16;DT_BF16;INT32,ND;ND;ND;ND;ND,"""11823,128,2,64;11823,128,2,64""",DT_BF16;DT_BF16,ND;ND,N/A
0,4294967295,3016,46,FusedInferAttentionScore,FusedInferAttentionScore,dynamic,MIX_AIC,1790269978488179.872	,18.440,442.050000,24,48,NO,"""1,14,64;11823,128,128;11823,128,128;;2048,2048;1;1;;;;;;;;1,2;;;;;;;;;;;;;;;;""",DT_BF16;DT_BF16;DT_BF16;DT_UNDEFINED;INT8;INT64;INT64;DT_UNDEFINED;DT_UNDEFINED;DT_UNDEFINED;DT_UNDEFINED;DT_UNDEFINED;DT_UNDEFINED;DT_UNDEFINED;INT32;DT_UNDEFINED;DT_UNDEFINED;DT_UNDEFINED;DT_UNDEFINED;DT_UNDEFINED;DT_UNDEFINED;DT_UNDEFINED;DT_UNDEFINED;DT_UNDEFINED;DT_UNDEFINED;DT_UNDEFINED;DT_UNDEFINED;DT_UNDEFINED;DT_UNDEFINED;DT_UNDEFINED;DT_UNDEFINED,ND;ND;ND;NULL;ND;ND;ND;NULL;NULL;NULL;NULL;NULL;NULL;NULL;ND;NULL;NULL;NULL;NULL;NULL;NULL;NULL;NULL;NULL;NULL;NULL;NULL;NULL;NULL;NULL;NULL,"""1,14,64;""",DT_BF16;FLOAT,ND;ND,0
0,4294967295,3018,46,aclnnMatmul_MatMulCommon_MatMulV2,MatMulV2,dynamic,AI_CORE,1790269978488664.471	,5.320,466.310000,19,0,NO,"""1,896;896,896""",DT_BF16;DT_BF16,ND;ND,"""1,896""",DT_BF16,ND,N/A
0,4294967295,3019,46,AddRmsNormBias,AddRmsNormBias,dynamic,AI_VECTOR_CORE,1790269978488829.838	,1.720,159.930000,1,0,NO,"""1,896;1,896;896;""",DT_BF16;DT_BF16;DT_BF16;DT_UNDEFINED,ND;ND;ND;NULL,"""1,896;1,1;1,896""",DT_BF16;FLOAT;DT_BF16,ND;ND;ND,N/A
0,4294967295,3020,46,aclnnMatmul_MatMulCommon_MatMulV2,MatMulV2,dynamic,AI_CORE,1790269978488967.183	,19.721,135.780000,22,0,NO,"""1,896;9728,896""",DT_BF16;DT_BF16,ND;ND,"""1,9728""",DT_BF16,ND,N/A
0,4294967295,3021,46,SwiGlu,SwiGlu,dynamic,AI_VECTOR_CORE,1790269978489082.188	,2.920,95.279000,1,0,NO,"""1,9728""",DT_BF16,ND,"""1,4864""",DT_BF16,ND,N/A
0,4294967295,3022,46,aclnnMatmul_MatMulCommon_MatMulV2,MatMulV2,dynamic,AI_CORE,1790269978489215.733	,16.321,130.580000,19,0,NO,"""1,4864;896,4864""",DT_BF16;DT_BF16,ND;ND,"""1,896""",DT_BF16,ND,N/A
0,4294967295,3023,46,AddRmsNormBias,AddRmsNormBias,dynamic,AI_VECTOR_CORE,1790269978489357.279	,1.840,125.179000,1,0,NO,"""1,896;1,896;896;""",DT_BF16;DT_BF16;DT_BF16;DT_UNDEFINED,ND;ND;ND;NULL,"""1,896;1,1;1,896""",DT_BF16;FLOAT;DT_BF16,ND;ND;ND,N/A
0,4294967295,3024,46,aclnnAddmm_CastAiCore_Cast,Cast,dynamic,AI_VECTOR_CORE,1790269978489496.244	,1.120,137.160000,2,0,NO,"""1152""",DT_BF16,ND,"""1152""",FLOAT,ND,N/A
0,4294967295,3025,46,aclnnAddmm_MatMulCommon_MatMulV2,MatMulV2,dynamic,AI_CORE,1790269978489499.444	,7.741,2.130000,24,0,NO,"""1,896;1152,896;1152""",DT_BF16;DT_BF16;FLOAT,ND;ND;ND,"""1,1152""",DT_BF16,ND,N/A
0,4294967295,3026,46,_triton_rope,_triton_rope,static,AI_VECTOR_CORE,1790269978490146.270	,2.980,639.009000,1,0,YES,"""1,14,64;1,2,64;32768,64""",DT_BF16;32729;DT_BF16,ND;ND;ND,"""1,14,64;1,2,64""",DT_BF16;32729,ND;ND,N/A
0,4294967295,3027,46,ReshapeAndCacheNdKernel,ReshapeAndCacheNdKernel,dynamic,AI_VECTOR_CORE,1790269978490787.816	,2.120,638.520000,1,0,NO,"""1,2,64;1,2,64;11823,128,2,64;11823,128,2,64;1""",DT_BF16;DT_BF16;DT_BF16;DT_BF16;INT32,ND;ND;ND;ND;ND,"""11823,128,2,64;11823,128,2,64""",DT_BF16;DT_BF16,ND;ND,N/A
0,4294967295,3028,46,FusedInferAttentionScore,FusedInferAttentionScore,dynamic,MIX_AIC,1790269978491231.894	,20.140,442.130000,24,48,NO,"""1,14,64;11823,128,128;11823,128,128;;2048,2048;1;1;;;;;;;;1,2;;;;;;;;;;;;;;;;""",DT_BF16;DT_BF16;DT_BF16;DT_UNDEFINED;INT8;INT64;INT64;DT_UNDEFINED;DT_UNDEFINED;DT_UNDEFINED;DT_UNDEFINED;DT_UNDEFINED;DT_UNDEFINED;DT_UNDEFINED;INT32;DT_UNDEFINED;DT_UNDEFINED;DT_UNDEFINED;DT_UNDEFINED;DT_UNDEFINED;DT_UNDEFINED;DT_UNDEFINED;DT_UNDEFINED;DT_UNDEFINED;DT_UNDEFINED;DT_UNDEFINED;DT_UNDEFINED;DT_UNDEFINED;DT_UNDEFINED;DT_UNDEFINED;DT_UNDEFINED,ND;ND;ND;NULL;ND;ND;ND;NULL;NULL;NULL;NULL;NULL;NULL;NULL;ND;NULL;NULL;NULL;NULL;NULL;NULL;NULL;NULL;NULL;NULL;NULL;NULL;NULL;NULL;NULL;NULL,"""1,14,64;""",DT_BF16;FLOAT,ND;ND,0
0,4294967295,3030,46,aclnnMatmul_MatMulCommon_MatMulV2,MatMulV2,dynamic,AI_CORE,1790269978491692.552	,5.600,440.360000,19,0,NO,"""1,896;896,896""",DT_BF16;DT_BF16,ND;ND,"""1,896""",DT_BF16,ND,N/A
0,4294967295,3031,46,AddRmsNormBias,AddRmsNormBias,dynamic,AI_VECTOR_CORE,1790269978491839.158	,1.660,141.150000,1,0,NO,"""1,896;1,896;896;""",DT_BF16;DT_BF16;DT_BF16;DT_UNDEFINED,ND;ND;ND;NULL,"""1,896;1,1;1,896""",DT_BF16;FLOAT;DT_BF16,ND;ND;ND,N/A
0,4294967295,3032,46,aclnnMatmul_MatMulCommon_MatMulV2,MatMulV2,dynamic,AI_CORE,1790269978491979.183	,19.241,138.340000,22,0,NO,"""1,896;9728,896""",DT_BF16;DT_BF16,ND;ND,"""1,9728""",DT_BF16,ND,N/A
0,4294967295,3033,46,SwiGlu,SwiGlu,dynamic,AI_VECTOR_CORE,1790269978492099.148	,2.860,100.759000,1,0,NO,"""1,9728""",DT_BF16,ND,"""1,4864""",DT_BF16,ND,N/A
0,4294967295,3034,46,aclnnMatmul_MatMulCommon_MatMulV2,MatMulV2,dynamic,AI_CORE,1790269978492239.574	,16.541,137.390000,19,0,NO,"""1,4864;896,4864""",DT_BF16;DT_BF16,ND;ND,"""1,896""",DT_BF16,ND,N/A
0,4294967295,3035,46,AddRmsNormBias,AddRmsNormBias,dynamic,AI_VECTOR_CORE,1790269978492394.260	,1.640,138.209000,1,0,NO,"""1,896;1,896;896;""",DT_BF16;DT_BF16;DT_BF16;DT_UNDEFINED,ND;ND;ND;NULL,"""1,896;1,1;1,896""",DT_BF16;FLOAT;DT_BF16,ND;ND;ND,N/A
0,4294967295,3036,46,aclnnAddmm_CastAiCore_Cast,Cast,dynamic,AI_VECTOR_CORE,1790269978492535.166	,1.080,139.360000,2,0,NO,"""1152""",DT_BF16,ND,"""1152""",FLOAT,ND,N/A
0,4294967295,3037,46,aclnnAddmm_MatMulCommon_MatMulV2,MatMulV2,dynamic,AI_CORE,1790269978492538.486	,7.780,2.170000,24,0,NO,"""1,896;1152,896;1152""",DT_BF16;DT_BF16;FLOAT,ND;ND;ND,"""1,1152""",DT_BF16,ND,N/A
0,4294967295,3038,46,_triton_rope,_triton_rope,static,AI_VECTOR_CORE,1790269978493183.412	,2.880,637.220000,1,0,YES,"""1,14,64;1,2,64;32768,64""",DT_BF16;32729;DT_BF16,ND;ND;ND,"""1,14,64;1,2,64""",DT_BF16;32729,ND;ND,N/A
0,4294967295,3039,46,ReshapeAndCacheNdKernel,ReshapeAndCacheNdKernel,dynamic,AI_VECTOR_CORE,1790269978493834.238	,2.020,647.870000,1,0,NO,"""1,2,64;1,2,64;11823,128,2,64;11823,128,2,64;1""",DT_BF16;DT_BF16;DT_BF16;DT_BF16;INT32,ND;ND;ND;ND;ND,"""11823,128,2,64;11823,128,2,64""",DT_BF16;DT_BF16,ND;ND,N/A
0,4294967295,3040,46,FusedInferAttentionScore,FusedInferAttentionScore,dynamic,MIX_AIC,1790269978494263.815	,17.281,427.480000,24,48,NO,"""1,14,64;11823,128,128;11823,128,128;;2048,2048;1;1;;;;;;;;1,2;;;;;;;;;;;;;;;;""",DT_BF16;DT_BF16;DT_BF16;DT_UNDEFINED;INT8;INT64;INT64;DT_UNDEFINED;DT_UNDEFINED;DT_UNDEFINED;DT_UNDEFINED;DT_UNDEFINED;DT_UNDEFINED;DT_UNDEFINED;INT32;DT_UNDEFINED;DT_UNDEFINED;DT_UNDEFINED;DT_UNDEFINED;DT_UNDEFINED;DT_UNDEFINED;DT_UNDEFINED;DT_UNDEFINED;DT_UNDEFINED;DT_UNDEFINED;DT_UNDEFINED;DT_UNDEFINED;DT_UNDEFINED;DT_UNDEFINED;DT_UNDEFINED;DT_UNDEFINED,ND;ND;ND;NULL;ND;ND;ND;NULL;NULL;NULL;NULL;NULL;NULL;NULL;ND;NULL;NULL;NULL;NULL;NULL;NULL;NULL;NULL;NULL;NULL;NULL;NULL;NULL;NULL;NULL;NULL,"""1,14,64;""",DT_BF16;FLOAT,ND;ND,0
0,4294967295,3042,46,aclnnMatmul_MatMulCommon_MatMulV2,MatMulV2,dynamic,AI_CORE,1790269978494726.173	,5.401,445.219000,19,0,NO,"""1,896;896,896""",DT_BF16;DT_BF16,ND;ND,"""1,896""",DT_BF16,ND,N/A
0,4294967295,3043,46,AddRmsNormBias,AddRmsNormBias,dynamic,AI_VECTOR_CORE,1790269978494881.920	,1.720,150.349000,1,0,NO,"""1,896;1,896;896;""",DT_BF16;DT_BF16;DT_BF16;DT_UNDEFINED,ND;ND;ND;NULL,"""1,896;1,1;1,896""",DT_BF16;FLOAT;DT_BF16,ND;ND;ND,N/A
0,4294967295,3044,46,aclnnMatmul_MatMulCommon_MatMulV2,MatMulV2,dynamic,AI_CORE,1790269978495017.765	,19.721,134.030000,22,0,NO,"""1,896;9728,896""",DT_BF16;DT_BF16,ND;ND,"""1,9728""",DT_BF16,ND,N/A
0,4294967295,3045,46,SwiGlu,SwiGlu,dynamic,AI_VECTOR_CORE,1790269978495127.689	,3.020,90.279000,1,0,NO,"""1,9728""",DT_BF16,ND,"""1,4864""",DT_BF16,ND,N/A
0,4294967295,3046,46,aclnnMatmul_MatMulCommon_MatMulV2,MatMulV2,dynamic,AI_CORE,1790269978495244.974	,16.281,114.230000,19,0,NO,"""1,4864;896,4864""",DT_BF16;DT_BF16,ND;ND,"""1,896""",DT_BF16,ND,N/A
0,4294967295,3047,46,AddRmsNormBias,AddRmsNormBias,dynamic,AI_VECTOR_CORE,1790269978495386.000	,1.700,124.719000,1,0,NO,"""1,896;1,896;896;""",DT_BF16;DT_BF16;DT_BF16;DT_UNDEFINED,ND;ND;ND;NULL,"""1,896;1,1;1,896""",DT_BF16;FLOAT;DT_BF16,ND;ND;ND,N/A
0,4294967295,3048,46,aclnnAddmm_CastAiCore_Cast,Cast,dynamic,AI_VECTOR_CORE,1790269978495533.466	,1.020,145.800000,2,0,NO,"""1152""",DT_BF16,ND,"""1152""",FLOAT,ND,N/A
0,4294967295,3049,46,aclnnAddmm_MatMulCommon_MatMulV2,MatMulV2,dynamic,AI_CORE,1790269978495536.926	,7.520,2.480000,24,0,NO,"""1,896;1152,896;1152""",DT_BF16;DT_BF16;FLOAT,ND;ND;ND,"""1,1152""",DT_BF16,ND,N/A
0,4294967295,3050,46,_triton_rope,_triton_rope,static,AI_VECTOR_CORE,1790269978496189.072	,3.220,644.480000,1,0,YES,"""1,14,64;1,2,64;32768,64""",DT_BF16;32729;DT_BF16,ND;ND;ND,"""1,14,64;1,2,64""",DT_BF16;32729,ND;ND,N/A
0,4294967295,3051,46,ReshapeAndCacheNdKernel,ReshapeAndCacheNdKernel,dynamic,AI_VECTOR_CORE,1790269978496822.597	,1.800,630.280000,1,0,NO,"""1,2,64;1,2,64;11823,128,2,64;11823,128,2,64;1""",DT_BF16;DT_BF16;DT_BF16;DT_BF16;INT32,ND;ND;ND;ND;ND,"""11823,128,2,64;11823,128,2,64""",DT_BF16;DT_BF16,ND;ND,N/A
0,4294967295,3052,46,FusedInferAttentionScore,FusedInferAttentionScore,dynamic,MIX_AIC,1790269978497304.276	,22.421,479.950000,24,48,NO,"""1,14,64;11823,128,128;11823,128,128;;2048,2048;1;1;;;;;;;;1,2;;;;;;;;;;;;;;;;""",DT_BF16;DT_BF16;DT_BF16;DT_UNDEFINED;INT8;INT64;INT64;DT_UNDEFINED;DT_UNDEFINED;DT_UNDEFINED;DT_UNDEFINED;DT_UNDEFINED;DT_UNDEFINED;DT_UNDEFINED;INT32;DT_UNDEFINED;DT_UNDEFINED;DT_UNDEFINED;DT_UNDEFINED;DT_UNDEFINED;DT_UNDEFINED;DT_UNDEFINED;DT_UNDEFINED;DT_UNDEFINED;DT_UNDEFINED;DT_UNDEFINED;DT_UNDEFINED;DT_UNDEFINED;DT_UNDEFINED;DT_UNDEFINED;DT_UNDEFINED,ND;ND;ND;NULL;ND;ND;ND;NULL;NULL;NULL;NULL;NULL;NULL;NULL;ND;NULL;NULL;NULL;NULL;NULL;NULL;NULL;NULL;NULL;NULL;NULL;NULL;NULL;NULL;NULL;NULL,"""1,14,64;""",DT_BF16;FLOAT,ND;ND,0
0,4294967295,3054,46,aclnnMatmul_MatMulCommon_MatMulV2,MatMulV2,dynamic,AI_CORE,1790269978497763.135	,5.360,436.579000,19,0,NO,"""1,896;896,896""",DT_BF16;DT_BF16,ND;ND,"""1,896""",DT_BF16,ND,N/A
0,4294967295,3055,46,AddRmsNormBias,AddRmsNormBias,dynamic,AI_VECTOR_CORE,1790269978497915.501	,1.700,146.890000,1,0,NO,"""1,896;1,896;896;""",DT_BF16;DT_BF16;DT_BF16;DT_UNDEFINED,ND;ND;ND;NULL,"""1,896;1,1;1,896""",DT_BF16;FLOAT;DT_BF16,ND;ND;ND,N/A
0,4294967295,3056,46,aclnnMatmul_MatMulCommon_MatMulV2,MatMulV2,dynamic,AI_CORE,1790269978498051.966	,19.881,134.800000,22,0,NO,"""1,896;9728,896""",DT_BF16;DT_BF16,ND;ND,"""1,9728""",DT_BF16,ND,N/A
0,4294967295,3057,46,SwiGlu,SwiGlu,dynamic,AI_VECTOR_CORE,1790269978498162.311	,2.980,90.369000,1,0,NO,"""1,9728""",DT_BF16,ND,"""1,4864""",DT_BF16,ND,N/A
0,4294967295,3058,46,aclnnMatmul_MatMulCommon_MatMulV2,MatMulV2,dynamic,AI_CORE,1790269978498290.956	,16.401,125.770000,19,0,NO,"""1,4864;896,4864""",DT_BF16;DT_BF16,ND;ND,"""1,896""",DT_BF16,ND,N/A
0,4294967295,3059,46,AddRmsNormBias,AddRmsNormBias,dynamic,AI_VECTOR_CORE,1790269978498464.203	,1.680,156.849000,1,0,NO,"""1,896;1,896;896;""",DT_BF16;DT_BF16;DT_BF16;DT_UNDEFINED,ND;ND;ND;NULL,"""1,896;1,1;1,896""",DT_BF16;FLOAT;DT_BF16,ND;ND;ND,N/A
0,4294967295,3060,46,aclnnIndex_IndexAiCore_Index,Index,dynamic,AI_VECTOR_CORE,1790269978498634.970	,9.040,169.070000,48,0,NO,"""1,896;1;2;1""",DT_BF16;INT64;INT64;INT32,ND;ND;ND;ND,"""1,896""",DT_BF16,ND,N/A
0,4294967295,3061,46,aclnnMatmul_MatMulCommon_MatMulV2,MatMulV2,dynamic,AI_CORE,1790269978498675.571	,219.049,31.460000,24,0,NO,"""1,896;151936,896""",DT_BF16;DT_BF16,ND;ND,"""1,151936""",DT_BF16,ND,N/A
0,4294967295,3062,46,aclnnInplaceCopy_CastAiCore_Cast,Cast,dynamic,AI_VECTOR_CORE,1790269978499119.889	,7.520,225.451000,48,0,NO,"""1,151936""",DT_BF16,ND,"""1,151936""",FLOAT,ND,N/A
0,4294967295,3065,46,aclnnEqScalar_EqualAiCore_Equal,Equal,dynamic,AI_VECTOR_CORE,1790269978499235.174	,2.160,107.730000,1,0,NO,"""1,2;""",INT64;INT64,ND;ND,"""1,2""",BOOL,ND,N/A
0,4294967295,3066,46,aclnnInplaceMaskedFillScalar_MaskedFillAiCpu_MaskedFill,MaskedFill,dynamic,AI_CPU,1790269978499286.896	,79.363,49.590000,0,0,NO,"""1,2;1,2;""",INT64;BOOL;INT64,ND;ND;ND,"""1,2""",INT64,ND,N/A
0,4294967295,3067,46,aclnnInplaceZero_ZerosLikeAiCore_ZerosLike,ZerosLike,dynamic,AI_VECTOR_CORE,1790269978499366.279	,7.620,0.000000,48,0,NO,"""1,151936""",INT32,ND,"""1,151936""",INT32,ND,N/A
0,4294967295,3068,46,token_bin_counts_and_mask_kernel,token_bin_counts_and_mask_kernel,static,AI_VECTOR_CORE,1790269978499805.216	,60.463,431.380000,1,0,NO,"""1,10;1,151936""",INT64;FLOAT,ND;ND,"""1,151936""",FLOAT,ND,N/A
0,4294967295,3069,46,aclnnGtScalar_CastAiCore_Cast,Cast,dynamic,AI_VECTOR_CORE,1790269978500039.546	,8.560,173.787000,48,0,NO,"""1,151936""",INT32,ND,"""1,151936""",INT64,ND,N/A
0,4294967295,3070,46,aclnnGtScalar_GreaterAiCore_Greater,Greater,dynamic,AI_VECTOR_CORE,1790269978500048.126	,17.021,0.190000,48,0,NO,"""1,151936;""",INT64;INT64,ND;ND,"""1,151936""",BOOL,ND,N/A
0,4294967295,3071,46,aclnnInplaceZero_ZerosLikeAiCore_ZerosLike,ZerosLike,dynamic,AI_VECTOR_CORE,1790269978500065.167	,2.580,0.000000,48,0,NO,"""1,151936""",INT32,ND,"""1,151936""",INT32,ND,N/A
0,4294967295,3072,46,token_bin_counts_and_mask_kernel,token_bin_counts_and_mask_kernel,static,AI_VECTOR_CORE,1790269978500493.044	,64.382,425.170000,1,0,NO,"""1,2;1,151936""",INT64;FLOAT,ND;ND,"""1,151936""",FLOAT,ND,N/A
0,4294967295,3073,46,aclnnGtScalar_CastAiCore_Cast,Cast,dynamic,AI_VECTOR_CORE,1790269978500705.432	,2.761,148.118000,48,0,NO,"""1,151936""",INT32,ND,"""1,151936""",INT64,ND,N/A
0,4294967295,3074,46,aclnnGtScalar_GreaterAiCore_Greater,Greater,dynamic,AI_VECTOR_CORE,1790269978500708.293	,9.520,0.000000,48,0,NO,"""1,151936;""",INT64;INT64,ND;ND,"""1,151936""",BOOL,ND,N/A
0,4294967295,3075,46,apply_all_penalties_kernel,apply_all_penalties_kernel,static,AI_VECTOR_CORE,1790269978501446.162	,76.583,728.480000,1,0,YES,"""1,151936;1,151936;1,151936;1,151936""",FLOAT;BOOL;BOOL;INT32,ND;ND;ND;ND,"""1,151936""",FLOAT,ND,N/A
0,4294967295,3076,46,aclnnArgMax_ArgMaxV2AiCore_ArgMaxV2,ArgMaxV2,dynamic,AI_VECTOR_CORE,1790269978501729.193	,18.801,206.417000,1,0,NO,"""1,151936;""",FLOAT;INT64,ND;ND,"""1""",INT32,ND,N/A
0,4294967295,3077,46,aclnnArgMax_CastAiCore_Cast,Cast,dynamic,AI_VECTOR_CORE,1790269978501748.014	,0.880,0.000000,1,0,NO,"""1""",INT32,ND,"""1""",INT64,ND,N/A
0,4294967295,3078,46,aclnnInplaceCopy_CastAiCore_Cast,Cast,dynamic,AI_VECTOR_CORE,1790269978501748.914	,1.420,0.120000,1,0,NO,"""1""",INT64,ND,"""1""",INT32,ND,N/A
0,4294967295,3083,46,aclnnInplaceFillScalar_FillAiCore_Fill,Fill,dynamic,AI_VECTOR_CORE,1790269978504662.051	,1.080,2911.580000,1,0,NO,"""1;""",INT64;INT32,ND;ND,"""1""",INT32,ND,N/A
0,4294967295,3086,46,aclnnInplaceFillScalar_FillAiCore_Fill,Fill,dynamic,AI_VECTOR_CORE,1790269978505140.270	,0.900,477.170000,1,0,NO,"""1;""",INT64;INT32,ND;ND,"""1""",INT32,ND,N/A
0,4294967295,3091,46,aclnnIndex_IndexAiCore_Index,Index,dynamic,AI_VECTOR_CORE,1790269978505652.830	,8.861,511.600000,48,0,NO,"""1;1;1;1""",INT32;INT64;INT64;INT64,ND;ND;ND;ND,"""1""",INT32,ND,N/A
0,4294967295,3092,46,aclnnInplaceCopy_CastAiCore_Cast,Cast,dynamic,AI_VECTOR_CORE,1790269978505661.711	,0.920,0.139000,1,0,NO,"""1""",INT32,ND,"""1""",INT64,ND,N/A
0,4294967295,3093,46,aclnnAdd_AddAiCore_Add,Add,dynamic,AI_VECTOR_CORE,1790269978505682.851	,2.600,20.080000,1,0,NO,"""1;1""",INT64;INT64,ND;ND,"""1""",INT64,ND,N/A
0,4294967295,3095,46,aclnnAdd_AddAiCore_Add,Add,dynamic,AI_VECTOR_CORE,1790269978505718.713	,1.220,33.400000,1,0,NO,"""1;1""",INT32;INT32,ND;ND,"""1""",INT32,ND,N/A
0,4294967295,3097,46,_compute_slot_mapping_kernel,_compute_slot_mapping_kernel,static,AI_VECTOR_CORE,1790269978506248.154	,120.325,528.280000,2,0,YES,"""2;1;1,2""",2864699776;32729;INT32,ND;ND;ND,"""258""",INT64,ND,N/A
0,4294967295,3098,46,aclnnSubs_SubAiCore_Sub,Sub,dynamic,AI_VECTOR_CORE,1790269978506533.905	,1.220,165.425000,1,0,NO,"""1;""",INT32;INT32,ND;ND,"""1""",INT32,ND,N/A
0,4294967295,3100,46,aclnnIndexSelect_GatherV3AiCore_GatherV3,GatherV3,dynamic,AI_VECTOR_CORE,1790269978506974.843	,2.680,439.530000,1,0,NO,"""32768,64;1;1""",DT_BF16;INT64;INT64,ND;ND;ND,"""1,64""",DT_BF16,ND,N/A
0,4294967295,3101,46,aclnnRepeat_TileAiCore_Tile,Tile,dynamic,AI_VECTOR_CORE,1790269978507000.064	,1.780,22.570000,1,0,NO,"""1,2,32;3""",DT_BF16;INT64,NCL;ND,"""1,2,64""",DT_BF16,ND,N/A
0,4294967295,3103,46,aclnnIndexSelect_GatherV3AiCore_GatherV3,GatherV3,dynamic,AI_VECTOR_CORE,1790269978507053.666	,2.120,51.970000,1,0,NO,"""32768,64;1;1""",DT_BF16;INT64;INT64,ND;ND;ND,"""1,64""",DT_BF16,ND,N/A
0,4294967295,3104,46,aclnnRepeat_TileAiCore_Tile,Tile,dynamic,AI_VECTOR_CORE,1790269978507059.266	,1.340,3.380000,1,0,NO,"""1,2,32;3""",DT_BF16;INT64,NCL;ND,"""1,2,64""",DT_BF16,ND,N/A
0,4294967295,3106,46,aclnnInplaceCopy_CastAiCore_Cast,Cast,dynamic,AI_VECTOR_CORE,1790269978507525.925	,1.140,465.410000,1,0,NO,"""1""",INT32,ND,"""1""",INT64,ND,N/A
0,4294967295,3107,46,aclnnEmbedding_GatherV2AiCore_GatherV2,GatherV2,dynamic,AI_VECTOR_CORE,1790269978507541.966	,11.580,14.860000,48,0,NO,"""151936,896;1;1""",DT_BF16;INT64;INT64,ND;ND;ND,"""1,896""",DT_BF16,ND,N/A
0,4294967295,3108,46,RmsNorm,RmsNorm,dynamic,AI_VECTOR_CORE,1790269978507642.090	,4.900,88.420000,1,0,NO,"""1,896;896""",DT_BF16;DT_BF16,ND;ND,"""1,896;1,1""",DT_BF16;FLOAT,ND;ND,N/A
0,4294967295,3109,46,aclnnAddmm_CastAiCore_Cast,Cast,dynamic,AI_VECTOR_CORE,1790269978507823.877	,1.120,177.100000,2,0,NO,"""1152""",DT_BF16,ND,"""1152""",FLOAT,ND,N/A
0,4294967295,3110,46,aclnnAddmm_MatMulCommon_MatMulV2,MatMulV2,dynamic,AI_CORE,1790269978507826.497	,6.740,1.380000,24,0,NO,"""1,896;1152,896;1152""",DT_BF16;DT_BF16;FLOAT,ND;ND;ND,"""1,1152""",DT_BF16,ND,N/A
0,4294967295,3111,46,_triton_rope,_triton_rope,static,AI_VECTOR_CORE,1790269978508499.004	,3.060,665.760000,1,0,YES,"""1,14,64;1,2,64;32768,64""",DT_BF16;32729;DT_BF16,ND;ND;ND,"""1,14,64;1,2,64""",DT_BF16;32729,ND;ND,N/A
0,4294967295,3112,46,ReshapeAndCacheNdKernel,ReshapeAndCacheNdKernel,dynamic,AI_VECTOR_CORE,1790269978509403.160	,2.460,901.190000,1,0,NO,"""1,2,64;1,2,64;11823,128,2,64;11823,128,2,64;1""",DT_BF16;DT_BF16;DT_BF16;DT_BF16;INT32,ND;ND;ND;ND;ND,"""11823,128,2,64;11823,128,2,64""",DT_BF16;DT_BF16,ND;ND,N/A
0,4294967295,3113,46,FusedInferAttentionScore,FusedInferAttentionScore,dynamic,MIX_AIC,1790269978509877.119	,21.141,471.290000,24,48,NO,"""1,14,64;11823,128,128;11823,128,128;;2048,2048;1;1;;;;;;;;1,2;;;;;;;;;;;;;;;;""",DT_BF16;DT_BF16;DT_BF16;DT_UNDEFINED;INT8;INT64;INT64;DT_UNDEFINED;DT_UNDEFINED;DT_UNDEFINED;DT_UNDEFINED;DT_UNDEFINED;DT_UNDEFINED;DT_UNDEFINED;INT32;DT_UNDEFINED;DT_UNDEFINED;DT_UNDEFINED;DT_UNDEFINED;DT_UNDEFINED;DT_UNDEFINED;DT_UNDEFINED;DT_UNDEFINED;DT_UNDEFINED;DT_UNDEFINED;DT_UNDEFINED;DT_UNDEFINED;DT_UNDEFINED;DT_UNDEFINED;DT_UNDEFINED;DT_UNDEFINED,ND;ND;ND;NULL;ND;ND;ND;NULL;NULL;NULL;NULL;NULL;NULL;NULL;ND;NULL;NULL;NULL;NULL;NULL;NULL;NULL;NULL;NULL;NULL;NULL;NULL;NULL;NULL;NULL;NULL,"""1,14,64;""",DT_BF16;FLOAT,ND;ND,0
0,4294967295,3115,46,aclnnMatmul_MatMulCommon_MatMulV2,MatMulV2,dynamic,AI_CORE,1790269978510364.239	,5.340,466.109000,19,0,NO,"""1,896;896,896""",DT_BF16;DT_BF16,ND;ND,"""1,896""",DT_BF16,ND,N/A
0,4294967295,3116,46,AddRmsNormBias,AddRmsNormBias,dynamic,AI_VECTOR_CORE,1790269978510528.705	,2.080,159.160000,1,0,NO,"""1,896;1,896;896;""",DT_BF16;DT_BF16;DT_BF16;DT_UNDEFINED,ND;ND;ND;NULL,"""1,896;1,1;1,896""",DT_BF16;FLOAT;DT_BF16,ND;ND;ND,N/A
0,4294967295,3117,46,aclnnMatmul_MatMulCommon_MatMulV2,MatMulV2,dynamic,AI_CORE,1790269978510670.971	,19.841,140.170000,22,0,NO,"""1,896;9728,896""",DT_BF16;DT_BF16,ND;ND,"""1,9728""",DT_BF16,ND,N/A
0,4294967295,3118,46,SwiGlu,SwiGlu,dynamic,AI_VECTOR_CORE,1790269978510784.475	,4.180,93.659000,1,0,NO,"""1,9728""",DT_BF16,ND,"""1,4864""",DT_BF16,ND,N/A
0,4294967295,3119,46,aclnnMatmul_MatMulCommon_MatMulV2,MatMulV2,dynamic,AI_CORE,1790269978510904.980	,16.301,116.320000,19,0,NO,"""1,4864;896,4864""",DT_BF16;DT_BF16,ND;ND,"""1,896""",DT_BF16,ND,N/A
0,4294967295,3120,46,AddRmsNormBias,AddRmsNormBias,dynamic,AI_VECTOR_CORE,1790269978511048.446	,1.760,127.199000,1,0,NO,"""1,896;1,896;896;""",DT_BF16;DT_BF16;DT_BF16;DT_UNDEFINED,ND;ND;ND;NULL,"""1,896;1,1;1,896""",DT_BF16;FLOAT;DT_BF16,ND;ND;ND,N/A
0,4294967295,3121,46,aclnnAddmm_CastAiCore_Cast,Cast,dynamic,AI_VECTOR_CORE,1790269978511193.432	,1.180,143.240000,2,0,NO,"""1152""",DT_BF16,ND,"""1152""",FLOAT,ND,N/A
0,4294967295,3122,46,aclnnAddmm_MatMulCommon_MatMulV2,MatMulV2,dynamic,AI_CORE,1790269978511196.992	,7.220,2.320000,24,0,NO,"""1,896;1152,896;1152""",DT_BF16;DT_BF16;FLOAT,ND;ND;ND,"""1,1152""",DT_BF16,ND,N/A
0,4294967295,3123,46,_triton_rope,_triton_rope,static,AI_VECTOR_CORE,1790269978511860.498	,2.841,656.280000,1,0,YES,"""1,14,64;1,2,64;32768,64""",DT_BF16;32729;DT_BF16,ND;ND;ND,"""1,14,64;1,2,64""",DT_BF16;32729,ND;ND,N/A
0,4294967295,3124,46,ReshapeAndCacheNdKernel,ReshapeAndCacheNdKernel,dynamic,AI_VECTOR_CORE,1790269978512515.785	,1.620,652.409000,1,0,NO,"""1,2,64;1,2,64;11823,128,2,64;11823,128,2,64;1""",DT_BF16;DT_BF16;DT_BF16;DT_BF16;INT32,ND;ND;ND;ND;ND,"""11823,128,2,64;11823,128,2,64""",DT_BF16;DT_BF16,ND;ND,N/A
0,4294967295,3125,46,FusedInferAttentionScore,FusedInferAttentionScore,dynamic,MIX_AIC,1790269978512951.642	,19.701,434.380000,24,48,NO,"""1,14,64;11823,128,128;11823,128,128;;2048,2048;1;1;;;;;;;;1,2;;;;;;;;;;;;;;;;""",DT_BF16;DT_BF16;DT_BF16;DT_UNDEFINED;INT8;INT64;INT64;DT_UNDEFINED;DT_UNDEFINED;DT_UNDEFINED;DT_UNDEFINED;DT_UNDEFINED;DT_UNDEFINED;DT_UNDEFINED;INT32;DT_UNDEFINED;DT_UNDEFINED;DT_UNDEFINED;DT_UNDEFINED;DT_UNDEFINED;DT_UNDEFINED;DT_UNDEFINED;DT_UNDEFINED;DT_UNDEFINED;DT_UNDEFINED;DT_UNDEFINED;DT_UNDEFINED;DT_UNDEFINED;DT_UNDEFINED;DT_UNDEFINED;DT_UNDEFINED,ND;ND;ND;NULL;ND;ND;ND;NULL;NULL;NULL;NULL;NULL;NULL;NULL;ND;NULL;NULL;NULL;NULL;NULL;NULL;NULL;NULL;NULL;NULL;NULL;NULL;NULL;NULL;NULL;NULL,"""1,14,64;""",DT_BF16;FLOAT,ND;ND,0
0,4294967295,3127,46,aclnnMatmul_MatMulCommon_MatMulV2,MatMulV2,dynamic,AI_CORE,1790269978513457.242	,5.600,485.799000,19,0,NO,"""1,896;896,896""",DT_BF16;DT_BF16,ND;ND,"""1,896""",DT_BF16,ND,N/A
0,4294967295,3128,46,AddRmsNormBias,AddRmsNormBias,dynamic,AI_VECTOR_CORE,1790269978513611.448	,1.660,148.650000,1,0,NO,"""1,896;1,896;896;""",DT_BF16;DT_BF16;DT_BF16;DT_UNDEFINED,ND;ND;ND;NULL,"""1,896;1,1;1,896""",DT_BF16;FLOAT;DT_BF16,ND;ND;ND,N/A
0,4294967295,3129,46,aclnnMatmul_MatMulCommon_MatMulV2,MatMulV2,dynamic,AI_CORE,1790269978513750.854	,20.461,137.590000,22,0,NO,"""1,896;9728,896""",DT_BF16;DT_BF16,ND;ND,"""1,9728""",DT_BF16,ND,N/A
0,4294967295,3130,46,SwiGlu,SwiGlu,dynamic,AI_VECTOR_CORE,1790269978513861.998	,2.921,90.789000,1,0,NO,"""1,9728""",DT_BF16,ND,"""1,4864""",DT_BF16,ND,N/A
0,4294967295,3131,46,aclnnMatmul_MatMulCommon_MatMulV2,MatMulV2,dynamic,AI_CORE,1790269978513988.863	,16.581,123.829000,19,0,NO,"""1,4864;896,4864""",DT_BF16;DT_BF16,ND;ND,"""1,896""",DT_BF16,ND,N/A
0,4294967295,3132,46,AddRmsNormBias,AddRmsNormBias,dynamic,AI_VECTOR_CORE,1790269978514138.229	,1.680,132.919000,1,0,NO,"""1,896;1,896;896;""",DT_BF16;DT_BF16;DT_BF16;DT_UNDEFINED,ND;ND;ND;NULL,"""1,896;1,1;1,896""",DT_BF16;FLOAT;DT_BF16,ND;ND;ND,N/A
0,4294967295,3133,46,aclnnAddmm_CastAiCore_Cast,Cast,dynamic,AI_VECTOR_CORE,1790269978514286.955	,1.200,147.070000,2,0,NO,"""1152""",DT_BF16,ND,"""1152""",FLOAT,ND,N/A
0,4294967295,3134,46,aclnnAddmm_MatMulCommon_MatMulV2,MatMulV2,dynamic,AI_CORE,1790269978514289.475	,7.361,1.300000,24,0,NO,"""1,896;1152,896;1152""",DT_BF16;DT_BF16;FLOAT,ND;ND;ND,"""1,1152""",DT_BF16,ND,N/A
0,4294967295,3135,46,_triton_rope,_triton_rope,static,AI_VECTOR_CORE,1790269978514952.282	,2.880,655.389000,1,0,YES,"""1,14,64;1,2,64;32768,64""",DT_BF16;32729;DT_BF16,ND;ND;ND,"""1,14,64;1,2,64""",DT_BF16;32729,ND;ND,N/A
0,4294967295,3136,46,ReshapeAndCacheNdKernel,ReshapeAndCacheNdKernel,dynamic,AI_VECTOR_CORE,1790269978515603.588	,2.240,648.370000,1,0,NO,"""1,2,64;1,2,64;11823,128,2,64;11823,128,2,64;1""",DT_BF16;DT_BF16;DT_BF16;DT_BF16;INT32,ND;ND;ND;ND;ND,"""11823,128,2,64;11823,128,2,64""",DT_BF16;DT_BF16,ND;ND,N/A
0,4294967295,3137,46,FusedInferAttentionScore,FusedInferAttentionScore,dynamic,MIX_AIC,1790269978516036.505	,19.581,430.760000,24,48,NO,"""1,14,64;11823,128,128;11823,128,128;;2048,2048;1;1;;;;;;;;1,2;;;;;;;;;;;;;;;;""",DT_BF16;DT_BF16;DT_BF16;DT_UNDEFINED;INT8;INT64;INT64;DT_UNDEFINED;DT_UNDEFINED;DT_UNDEFINED;DT_UNDEFINED;DT_UNDEFINED;DT_UNDEFINED;DT_UNDEFINED;INT32;DT_UNDEFINED;DT_UNDEFINED;DT_UNDEFINED;DT_UNDEFINED;DT_UNDEFINED;DT_UNDEFINED;DT_UNDEFINED;DT_UNDEFINED;DT_UNDEFINED;DT_UNDEFINED;DT_UNDEFINED;DT_UNDEFINED;DT_UNDEFINED;DT_UNDEFINED;DT_UNDEFINED;DT_UNDEFINED,ND;ND;ND;NULL;ND;ND;ND;NULL;NULL;NULL;NULL;NULL;NULL;NULL;ND;NULL;NULL;NULL;NULL;NULL;NULL;NULL;NULL;NULL;NULL;NULL;NULL;NULL;NULL;NULL;NULL,"""1,14,64;""",DT_BF16;FLOAT,ND;ND,0
0,4294967295,3139,46,aclnnMatmul_MatMulCommon_MatMulV2,MatMulV2,dynamic,AI_CORE,1790269978516536.185	,5.340,480.169000,19,0,NO,"""1,896;896,896""",DT_BF16;DT_BF16,ND;ND,"""1,896""",DT_BF16,ND,N/A
0,4294967295,3140,46,AddRmsNormBias,AddRmsNormBias,dynamic,AI_VECTOR_CORE,1790269978516694.172	,1.780,152.660000,1,0,NO,"""1,896;1,896;896;""",DT_BF16;DT_BF16;DT_BF16;DT_UNDEFINED,ND;ND;ND;NULL,"""1,896;1,1;1,896""",DT_BF16;FLOAT;DT_BF16,ND;ND;ND,N/A
0,4294967295,3141,46,aclnnMatmul_MatMulCommon_MatMulV2,MatMulV2,dynamic,AI_CORE,1790269978516836.957	,19.581,140.970000,22,0,NO,"""1,896;9728,896""",DT_BF16;DT_BF16,ND;ND,"""1,9728""",DT_BF16,ND,N/A
0,4294967295,3142,46,SwiGlu,SwiGlu,dynamic,AI_VECTOR_CORE,1790269978516947.502	,3.000,90.919000,1,0,NO,"""1,9728""",DT_BF16,ND,"""1,4864""",DT_BF16,ND,N/A
0,4294967295,3143,46,aclnnMatmul_MatMulCommon_MatMulV2,MatMulV2,dynamic,AI_CORE,1790269978517072.447	,16.320,122.000000,19,0,NO,"""1,4864;896,4864""",DT_BF16;DT_BF16,ND;ND,"""1,896""",DT_BF16,ND,N/A
0,4294967295,3144,46,AddRmsNormBias,AddRmsNormBias,dynamic,AI_VECTOR_CORE,1790269978517235.513	,1.660,146.680000,1,0,NO,"""1,896;1,896;896;""",DT_BF16;DT_BF16;DT_BF16;DT_UNDEFINED,ND;ND;ND;NULL,"""1,896;1,1;1,896""",DT_BF16;FLOAT;DT_BF16,ND;ND;ND,N/A
0,4294967295,3145,46,aclnnAddmm_CastAiCore_Cast,Cast,dynamic,AI_VECTOR_CORE,1790269978517377.459	,1.080,140.340000,2,0,NO,"""1152""",DT_BF16,ND,"""1152""",FLOAT,ND,N/A
0,4294967295,3146,46,aclnnAddmm_MatMulCommon_MatMulV2,MatMulV2,dynamic,AI_CORE,1790269978517380.659	,6.820,2.170000,24,0,NO,"""1,896;1152,896;1152""",DT_BF16;DT_BF16;FLOAT,ND;ND;ND,"""1,1152""",DT_BF16,ND,N/A
0,4294967295,3147,46,_triton_rope,_triton_rope,static,AI_VECTOR_CORE,1790269978518045.466	,2.840,657.930000,1,0,YES,"""1,14,64;1,2,64;32768,64""",DT_BF16;32729;DT_BF16,ND;ND;ND,"""1,14,64;1,2,64""",DT_BF16;32729,ND;ND,N/A
0,4294967295,3148,46,ReshapeAndCacheNdKernel,ReshapeAndCacheNdKernel,dynamic,AI_VECTOR_CORE,1790269978518689.571	,1.660,641.160000,1,0,NO,"""1,2,64;1,2,64;11823,128,2,64;11823,128,2,64;1""",DT_BF16;DT_BF16;DT_BF16;DT_BF16;INT32,ND;ND;ND;ND;ND,"""11823,128,2,64;11823,128,2,64""",DT_BF16;DT_BF16,ND;ND,N/A
0,4294967295,3149,46,FusedInferAttentionScore,FusedInferAttentionScore,dynamic,MIX_AIC,1790269978519146.810	,19.860,455.590000,24,48,NO,"""1,14,64;11823,128,128;11823,128,128;;2048,2048;1;1;;;;;;;;1,2;;;;;;;;;;;;;;;;""",DT_BF16;DT_BF16;DT_BF16;DT_UNDEFINED;INT8;INT64;INT64;DT_UNDEFINED;DT_UNDEFINED;DT_UNDEFINED;DT_UNDEFINED;DT_UNDEFINED;DT_UNDEFINED;DT_UNDEFINED;INT32;DT_UNDEFINED;DT_UNDEFINED;DT_UNDEFINED;DT_UNDEFINED;DT_UNDEFINED;DT_UNDEFINED;DT_UNDEFINED;DT_UNDEFINED;DT_UNDEFINED;DT_UNDEFINED;DT_UNDEFINED;DT_UNDEFINED;DT_UNDEFINED;DT_UNDEFINED;DT_UNDEFINED;DT_UNDEFINED,ND;ND;ND;NULL;ND;ND;ND;NULL;NULL;NULL;NULL;NULL;NULL;NULL;ND;NULL;NULL;NULL;NULL;NULL;NULL;NULL;NULL;NULL;NULL;NULL;NULL;NULL;NULL;NULL;NULL,"""1,14,64;""",DT_BF16;FLOAT,ND;ND,0
0,4294967295,3151,46,aclnnMatmul_MatMulCommon_MatMulV2,MatMulV2,dynamic,AI_CORE,1790269978519604.388	,5.300,437.890000,19,0,NO,"""1,896;896,896""",DT_BF16;DT_BF16,ND;ND,"""1,896""",DT_BF16,ND,N/A
0,4294967295,3152,46,AddRmsNormBias,AddRmsNormBias,dynamic,AI_VECTOR_CORE,1790269978519753.214	,1.900,143.450000,1,0,NO,"""1,896;1,896;896;""",DT_BF16;DT_BF16;DT_BF16;DT_UNDEFINED,ND;ND;ND;NULL,"""1,896;1,1;1,896""",DT_BF16;FLOAT;DT_BF16,ND;ND;ND,N/A
0,4294967295,3153,46,aclnnMatmul_MatMulCommon_MatMulV2,MatMulV2,dynamic,AI_CORE,1790269978519888.759	,19.581,133.600000,22,0,NO,"""1,896;9728,896""",DT_BF16;DT_BF16,ND;ND,"""1,9728""",DT_BF16,ND,N/A
0,4294967295,3154,46,SwiGlu,SwiGlu,dynamic,AI_VECTOR_CORE,1790269978520008.124	,2.960,99.669000,1,0,NO,"""1,9728""",DT_BF16,ND,"""1,4864""",DT_BF16,ND,N/A
0,4294967295,3155,46,aclnnMatmul_MatMulCommon_MatMulV2,MatMulV2,dynamic,AI_CORE,1790269978520147.390	,16.540,136.540000,19,0,NO,"""1,4864;896,4864""",DT_BF16;DT_BF16,ND;ND,"""1,896""",DT_BF16,ND,N/A
0,4294967295,3156,46,AddRmsNormBias,AddRmsNormBias,dynamic,AI_VECTOR_CORE,1790269978520303.856	,1.740,139.710000,1,0,NO,"""1,896;1,896;896;""",DT_BF16;DT_BF16;DT_BF16;DT_UNDEFINED,ND;ND;ND;NULL,"""1,896;1,1;1,896""",DT_BF16;FLOAT;DT_BF16,ND;ND;ND,N/A
0,4294967295,3157,46,aclnnAddmm_CastAiCore_Cast,Cast,dynamic,AI_VECTOR_CORE,1790269978520443.941	,1.161,138.510000,2,0,NO,"""1152""",DT_BF16,ND,"""1152""",FLOAT,ND,N/A
0,4294967295,3158,46,aclnnAddmm_MatMulCommon_MatMulV2,MatMulV2,dynamic,AI_CORE,1790269978520447.442	,7.340,2.339000,24,0,NO,"""1,896;1152,896;1152""",DT_BF16;DT_BF16;FLOAT,ND;ND;ND,"""1,1152""",DT_BF16,ND,N/A
0,4294967295,3159,46,_triton_rope,_triton_rope,static,AI_VECTOR_CORE,1790269978521091.147	,2.980,636.410000,1,0,YES,"""1,14,64;1,2,64;32768,64""",DT_BF16;32729;DT_BF16,ND;ND;ND,"""1,14,64;1,2,64""",DT_BF16;32729,ND;ND,N/A
0,4294967295,3160,46,ReshapeAndCacheNdKernel,ReshapeAndCacheNdKernel,dynamic,AI_VECTOR_CORE,1790269978521748.314	,2.420,654.020000,1,0,NO,"""1,2,64;1,2,64;11823,128,2,64;11823,128,2,64;1""",DT_BF16;DT_BF16;DT_BF16;DT_BF16;INT32,ND;ND;ND;ND;ND,"""11823,128,2,64;11823,128,2,64""",DT_BF16;DT_BF16,ND;ND,N/A
0,4294967295,3161,46,FusedInferAttentionScore,FusedInferAttentionScore,dynamic,MIX_AIC,1790269978522177.571	,17.981,426.830000,24,48,NO,"""1,14,64;11823,128,128;11823,128,128;;2048,2048;1;1;;;;;;;;1,2;;;;;;;;;;;;;;;;""",DT_BF16;DT_BF16;DT_BF16;DT_UNDEFINED;INT8;INT64;INT64;DT_UNDEFINED;DT_UNDEFINED;DT_UNDEFINED;DT_UNDEFINED;DT_UNDEFINED;DT_UNDEFINED;DT_UNDEFINED;INT32;DT_UNDEFINED;DT_UNDEFINED;DT_UNDEFINED;DT_UNDEFINED;DT_UNDEFINED;DT_UNDEFINED;DT_UNDEFINED;DT_UNDEFINED;DT_UNDEFINED;DT_UNDEFINED;DT_UNDEFINED;DT_UNDEFINED;DT_UNDEFINED;DT_UNDEFINED;DT_UNDEFINED;DT_UNDEFINED,ND;ND;ND;NULL;ND;ND;ND;NULL;NULL;NULL;NULL;NULL;NULL;NULL;ND;NULL;NULL;NULL;NULL;NULL;NULL;NULL;NULL;NULL;NULL;NULL;NULL;NULL;NULL;NULL;NULL,"""1,14,64;""",DT_BF16;FLOAT,ND;ND,0
0,4294967295,3163,46,aclnnMatmul_MatMulCommon_MatMulV2,MatMulV2,dynamic,AI_CORE,1790269978522673.351	,5.480,477.769000,19,0,NO,"""1,896;896,896""",DT_BF16;DT_BF16,ND;ND,"""1,896""",DT_BF16,ND,N/A
0,4294967295,3164,46,AddRmsNormBias,AddRmsNormBias,dynamic,AI_VECTOR_CORE,1790269978522824.697	,1.720,146.020000,1,0,NO,"""1,896;1,896;896;""",DT_BF16;DT_BF16;DT_BF16;DT_UNDEFINED,ND;ND;ND;NULL,"""1,896;1,1;1,896""",DT_BF16;FLOAT;DT_BF16,ND;ND;ND,N/A
0,4294967295,3165,46,aclnnMatmul_MatMulCommon_MatMulV2,MatMulV2,dynamic,AI_CORE,1790269978522969.243	,19.660,142.780000,22,0,NO,"""1,896;9728,896""",DT_BF16;DT_BF16,ND;ND,"""1,9728""",DT_BF16,ND,N/A
0,4294967295,3166,46,SwiGlu,SwiGlu,dynamic,AI_VECTOR_CORE,1790269978523081.047	,2.960,92.090000,1,0,NO,"""1,9728""",DT_BF16,ND,"""1,4864""",DT_BF16,ND,N/A
0,4294967295,3167,46,aclnnMatmul_MatMulCommon_MatMulV2,MatMulV2,dynamic,AI_CORE,1790269978523201.912	,16.500,118.040000,19,0,NO,"""1,4864;896,4864""",DT_BF16;DT_BF16,ND;ND,"""1,896""",DT_BF16,ND,N/A
0,4294967295,3168,46,AddRmsNormBias,AddRmsNormBias,dynamic,AI_VECTOR_CORE,1790269978523360.558	,1.920,142.000000,1,0,NO,"""1,896;1,896;896;""",DT_BF16;DT_BF16;DT_BF16;DT_UNDEFINED,ND;ND;ND;NULL,"""1,896;1,1;1,896""",DT_BF16;FLOAT;DT_BF16,ND;ND;ND,N/A
0,4294967295,3169,46,aclnnAddmm_CastAiCore_Cast,Cast,dynamic,AI_VECTOR_CORE,1790269978523506.324	,1.360,143.830000,2,0,NO,"""1152""",DT_BF16,ND,"""1152""",FLOAT,ND,N/A
0,4294967295,3170,46,aclnnAddmm_MatMulCommon_MatMulV2,MatMulV2,dynamic,AI_CORE,1790269978523509.664	,6.940,2.140000,24,0,NO,"""1,896;1152,896;1152""",DT_BF16;DT_BF16;FLOAT,ND;ND;ND,"""1,1152""",DT_BF16,ND,N/A
0,4294967295,3171,46,_triton_rope,_triton_rope,static,AI_VECTOR_CORE,1790269978524152.970	,3.020,636.310000,1,0,YES,"""1,14,64;1,2,64;32768,64""",DT_BF16;32729;DT_BF16,ND;ND;ND,"""1,14,64;1,2,64""",DT_BF16;32729,ND;ND,N/A
0,4294967295,3172,46,ReshapeAndCacheNdKernel,ReshapeAndCacheNdKernel,dynamic,AI_VECTOR_CORE,1790269978524796.416	,2.240,640.480000,1,0,NO,"""1,2,64;1,2,64;11823,128,2,64;11823,128,2,64;1""",DT_BF16;DT_BF16;DT_BF16;DT_BF16;INT32,ND;ND;ND;ND;ND,"""11823,128,2,64;11823,128,2,64""",DT_BF16;DT_BF16,ND;ND,N/A
0,4294967295,3173,46,FusedInferAttentionScore,FusedInferAttentionScore,dynamic,MIX_AIC,1790269978525241.413	,23.341,442.760000,24,48,NO,"""1,14,64;11823,128,128;11823,128,128;;2048,2048;1;1;;;;;;;;1,2;;;;;;;;;;;;;;;;""",DT_BF16;DT_BF16;DT_BF16;DT_UNDEFINED;INT8;INT64;INT64;DT_UNDEFINED;DT_UNDEFINED;DT_UNDEFINED;DT_UNDEFINED;DT_UNDEFINED;DT_UNDEFINED;DT_UNDEFINED;INT32;DT_UNDEFINED;DT_UNDEFINED;DT_UNDEFINED;DT_UNDEFINED;DT_UNDEFINED;DT_UNDEFINED;DT_UNDEFINED;DT_UNDEFINED;DT_UNDEFINED;DT_UNDEFINED;DT_UNDEFINED;DT_UNDEFINED;DT_UNDEFINED;DT_UNDEFINED;DT_UNDEFINED;DT_UNDEFINED,ND;ND;ND;NULL;ND;ND;ND;NULL;NULL;NULL;NULL;NULL;NULL;NULL;ND;NULL;NULL;NULL;NULL;NULL;NULL;NULL;NULL;NULL;NULL;NULL;NULL;NULL;NULL;NULL;NULL,"""1,14,64;""",DT_BF16;FLOAT,ND;ND,0
0,4294967295,3175,46,aclnnMatmul_MatMulCommon_MatMulV2,MatMulV2,dynamic,AI_CORE,1790269978525777.075	,5.340,512.159000,19,0,NO,"""1,896;896,896""",DT_BF16;DT_BF16,ND;ND,"""1,896""",DT_BF16,ND,N/A
0,4294967295,3176,46,AddRmsNormBias,AddRmsNormBias,dynamic,AI_VECTOR_CORE,1790269978525949.082	,1.740,166.660000,1,0,NO,"""1,896;1,896;896;""",DT_BF16;DT_BF16;DT_BF16;DT_UNDEFINED,ND;ND;ND;NULL,"""1,896;1,1;1,896""",DT_BF16;FLOAT;DT_BF16,ND;ND;ND,N/A
0,4294967295,3177,46,aclnnMatmul_MatMulCommon_MatMulV2,MatMulV2,dynamic,AI_CORE,1790269978526097.148	,19.040,146.510000,22,0,NO,"""1,896;9728,896""",DT_BF16;DT_BF16,ND;ND,"""1,9728""",DT_BF16,ND,N/A
0,4294967295,3178,46,SwiGlu,SwiGlu,dynamic,AI_VECTOR_CORE,1790269978526215.912	,4.380,99.710000,1,0,NO,"""1,9728""",DT_BF16,ND,"""1,4864""",DT_BF16,ND,N/A
0,4294967295,3179,46,aclnnMatmul_MatMulCommon_MatMulV2,MatMulV2,dynamic,AI_CORE,1790269978526347.118	,16.180,126.620000,19,0,NO,"""1,4864;896,4864""",DT_BF16;DT_BF16,ND;ND,"""1,896""",DT_BF16,ND,N/A
0,4294967295,3180,46,AddRmsNormBias,AddRmsNormBias,dynamic,AI_VECTOR_CORE,1790269978526510.344	,1.780,147.070000,1,0,NO,"""1,896;1,896;896;""",DT_BF16;DT_BF16;DT_BF16;DT_UNDEFINED,ND;ND;ND;NULL,"""1,896;1,1;1,896""",DT_BF16;FLOAT;DT_BF16,ND;ND;ND,N/A
0,4294967295,3181,46,aclnnAddmm_CastAiCore_Cast,Cast,dynamic,AI_VECTOR_CORE,1790269978526667.210	,1.140,155.220000,2,0,NO,"""1152""",DT_BF16,ND,"""1152""",FLOAT,ND,N/A
0,4294967295,3182,46,aclnnAddmm_MatMulCommon_MatMulV2,MatMulV2,dynamic,AI_CORE,1790269978526670.550	,6.721,2.110000,24,0,NO,"""1,896;1152,896;1152""",DT_BF16;DT_BF16;FLOAT,ND;ND;ND,"""1,1152""",DT_BF16,ND,N/A
0,4294967295,3183,46,_triton_rope,_triton_rope,static,AI_VECTOR_CORE,1790269978527333.257	,3.360,656.029000,1,0,YES,"""1,14,64;1,2,64;32768,64""",DT_BF16;32729;DT_BF16,ND;ND;ND,"""1,14,64;1,2,64""",DT_BF16;32729,ND;ND,N/A
0,4294967295,3184,46,ReshapeAndCacheNdKernel,ReshapeAndCacheNdKernel,dynamic,AI_VECTOR_CORE,1790269978527977.883	,2.040,641.390000,1,0,NO,"""1,2,64;1,2,64;11823,128,2,64;11823,128,2,64;1""",DT_BF16;DT_BF16;DT_BF16;DT_BF16;INT32,ND;ND;ND;ND;ND,"""11823,128,2,64;11823,128,2,64""",DT_BF16;DT_BF16,ND;ND,N/A
0,4294967295,3185,46,FusedInferAttentionScore,FusedInferAttentionScore,dynamic,MIX_AIC,1790269978528410.740	,22.741,430.710000,24,48,NO,"""1,14,64;11823,128,128;11823,128,128;;2048,2048;1;1;;;;;;;;1,2;;;;;;;;;;;;;;;;""",DT_BF16;DT_BF16;DT_BF16;DT_UNDEFINED;INT8;INT64;INT64;DT_UNDEFINED;DT_UNDEFINED;DT_UNDEFINED;DT_UNDEFINED;DT_UNDEFINED;DT_UNDEFINED;DT_UNDEFINED;INT32;DT_UNDEFINED;DT_UNDEFINED;DT_UNDEFINED;DT_UNDEFINED;DT_UNDEFINED;DT_UNDEFINED;DT_UNDEFINED;DT_UNDEFINED;DT_UNDEFINED;DT_UNDEFINED;DT_UNDEFINED;DT_UNDEFINED;DT_UNDEFINED;DT_UNDEFINED;DT_UNDEFINED;DT_UNDEFINED,ND;ND;ND;NULL;ND;ND;ND;NULL;NULL;NULL;NULL;NULL;NULL;NULL;ND;NULL;NULL;NULL;NULL;NULL;NULL;NULL;NULL;NULL;NULL;NULL;NULL;NULL;NULL;NULL;NULL,"""1,14,64;""",DT_BF16;FLOAT,ND;ND,0
0,4294967295,3187,46,aclnnMatmul_MatMulCommon_MatMulV2,MatMulV2,dynamic,AI_CORE,1790269978528880.059	,5.720,446.509000,19,0,NO,"""1,896;896,896""",DT_BF16;DT_BF16,ND;ND,"""1,896""",DT_BF16,ND,N/A
0,4294967295,3188,46,AddRmsNormBias,AddRmsNormBias,dynamic,AI_VECTOR_CORE,1790269978529030.605	,1.860,144.780000,1,0,NO,"""1,896;1,896;896;""",DT_BF16;DT_BF16;DT_BF16;DT_UNDEFINED,ND;ND;ND;NULL,"""1,896;1,1;1,896""",DT_BF16;FLOAT;DT_BF16,ND;ND;ND,N/A
0,4294967295,3189,46,aclnnMatmul_MatMulCommon_MatMulV2,MatMulV2,dynamic,AI_CORE,1790269978529209.852	,20.001,177.390000,22,0,NO,"""1,896;9728,896""",DT_BF16;DT_BF16,ND;ND,"""1,9728""",DT_BF16,ND,N/A
0,4294967295,3190,46,SwiGlu,SwiGlu,dynamic,AI_VECTOR_CORE,1790269978529326.477	,2.860,96.749000,1,0,NO,"""1,9728""",DT_BF16,ND,"""1,4864""",DT_BF16,ND,N/A
0,4294967295,3191,46,aclnnMatmul_MatMulCommon_MatMulV2,MatMulV2,dynamic,AI_CORE,1790269978529455.902	,16.581,126.640000,19,0,NO,"""1,4864;896,4864""",DT_BF16;DT_BF16,ND;ND,"""1,896""",DT_BF16,ND,N/A
0,4294967295,3192,46,AddRmsNormBias,AddRmsNormBias,dynamic,AI_VECTOR_CORE,1790269978529599.988	,1.780,127.419000,1,0,NO,"""1,896;1,896;896;""",DT_BF16;DT_BF16;DT_BF16;DT_UNDEFINED,ND;ND;ND;NULL,"""1,896;1,1;1,896""",DT_BF16;FLOAT;DT_BF16,ND;ND;ND,N/A
0,4294967295,3193,46,aclnnAddmm_CastAiCore_Cast,Cast,dynamic,AI_VECTOR_CORE,1790269978529752.194	,1.100,150.470000,2,0,NO,"""1152""",DT_BF16,ND,"""1152""",FLOAT,ND,N/A
0,4294967295,3194,46,aclnnAddmm_MatMulCommon_MatMulV2,MatMulV2,dynamic,AI_CORE,1790269978529755.794	,7.200,2.400000,24,0,NO,"""1,896;1152,896;1152""",DT_BF16;DT_BF16;FLOAT,ND;ND;ND,"""1,1152""",DT_BF16,ND,N/A
0,4294967295,3195,46,_triton_rope,_triton_rope,static,AI_VECTOR_CORE,1790269978530407.820	,2.860,644.800000,1,0,YES,"""1,14,64;1,2,64;32768,64""",DT_BF16;32729;DT_BF16,ND;ND;ND,"""1,14,64;1,2,64""",DT_BF16;32729,ND;ND,N/A
0,4294967295,3196,46,ReshapeAndCacheNdKernel,ReshapeAndCacheNdKernel,dynamic,AI_VECTOR_CORE,1790269978531050.666	,1.780,640.140000,1,0,NO,"""1,2,64;1,2,64;11823,128,2,64;11823,128,2,64;1""",DT_BF16;DT_BF16;DT_BF16;DT_BF16;INT32,ND;ND;ND;ND;ND,"""11823,128,2,64;11823,128,2,64""",DT_BF16;DT_BF16,ND;ND,N/A
0,4294967295,3197,46,FusedInferAttentionScore,FusedInferAttentionScore,dynamic,MIX_AIC,1790269978531493.283	,22.681,440.720000,24,48,NO,"""1,14,64;11823,128,128;11823,128,128;;2048,2048;1;1;;;;;;;;1,2;;;;;;;;;;;;;;;;""",DT_BF16;DT_BF16;DT_BF16;DT_UNDEFINED;INT8;INT64;INT64;DT_UNDEFINED;DT_UNDEFINED;DT_UNDEFINED;DT_UNDEFINED;DT_UNDEFINED;DT_UNDEFINED;DT_UNDEFINED;INT32;DT_UNDEFINED;DT_UNDEFINED;DT_UNDEFINED;DT_UNDEFINED;DT_UNDEFINED;DT_UNDEFINED;DT_UNDEFINED;DT_UNDEFINED;DT_UNDEFINED;DT_UNDEFINED;DT_UNDEFINED;DT_UNDEFINED;DT_UNDEFINED;DT_UNDEFINED;DT_UNDEFINED;DT_UNDEFINED,ND;ND;ND;NULL;ND;ND;ND;NULL;NULL;NULL;NULL;NULL;NULL;NULL;ND;NULL;NULL;NULL;NULL;NULL;NULL;NULL;NULL;NULL;NULL;NULL;NULL;NULL;NULL;NULL;NULL,"""1,14,64;""",DT_BF16;FLOAT,ND;ND,0
0,4294967295,3199,46,aclnnMatmul_MatMulCommon_MatMulV2,MatMulV2,dynamic,AI_CORE,1790269978531949.341	,6.061,433.319000,19,0,NO,"""1,896;896,896""",DT_BF16;DT_BF16,ND;ND,"""1,896""",DT_BF16,ND,N/A
0,4294967295,3200,46,AddRmsNormBias,AddRmsNormBias,dynamic,AI_VECTOR_CORE,1790269978532104.628	,1.760,149.439000,1,0,NO,"""1,896;1,896;896;""",DT_BF16;DT_BF16;DT_BF16;DT_UNDEFINED,ND;ND;ND;NULL,"""1,896;1,1;1,896""",DT_BF16;FLOAT;DT_BF16,ND;ND;ND,N/A
0,4294967295,3201,46,aclnnMatmul_MatMulCommon_MatMulV2,MatMulV2,dynamic,AI_CORE,1790269978532240.453	,21.661,133.990000,22,0,NO,"""1,896;9728,896""",DT_BF16;DT_BF16,ND;ND,"""1,9728""",DT_BF16,ND,N/A
0,4294967295,3202,46,SwiGlu,SwiGlu,dynamic,AI_VECTOR_CORE,1790269978532350.918	,3.100,88.839000,1,0,NO,"""1,9728""",DT_BF16,ND,"""1,4864""",DT_BF16,ND,N/A
0,4294967295,3203,46,aclnnMatmul_MatMulCommon_MatMulV2,MatMulV2,dynamic,AI_CORE,1790269978532475.343	,16.440,121.150000,19,0,NO,"""1,4864;896,4864""",DT_BF16;DT_BF16,ND;ND,"""1,896""",DT_BF16,ND,N/A
0,4294967295,3204,46,AddRmsNormBias,AddRmsNormBias,dynamic,AI_VECTOR_CORE,1790269978532617.828	,1.880,126.060000,1,0,NO,"""1,896;1,896;896;""",DT_BF16;DT_BF16;DT_BF16;DT_UNDEFINED,ND;ND;ND;NULL,"""1,896;1,1;1,896""",DT_BF16;FLOAT;DT_BF16,ND;ND;ND,N/A
0,4294967295,3205,46,aclnnAddmm_CastAiCore_Cast,Cast,dynamic,AI_VECTOR_CORE,1790269978532751.774	,1.140,132.120000,2,0,NO,"""1152""",DT_BF16,ND,"""1152""",FLOAT,ND,N/A
0,4294967295,3206,46,aclnnAddmm_MatMulCommon_MatMulV2,MatMulV2,dynamic,AI_CORE,1790269978532755.234	,7.160,2.360000,24,0,NO,"""1,896;1152,896;1152""",DT_BF16;DT_BF16;FLOAT,ND;ND;ND,"""1,1152""",DT_BF16,ND,N/A
0,4294967295,3207,46,_triton_rope,_triton_rope,static,AI_VECTOR_CORE,1790269978533416.420	,3.000,654.090000,1,0,YES,"""1,14,64;1,2,64;32768,64""",DT_BF16;32729;DT_BF16,ND;ND;ND,"""1,14,64;1,2,64""",DT_BF16;32729,ND;ND,N/A
0,4294967295,3208,46,ReshapeAndCacheNdKernel,ReshapeAndCacheNdKernel,dynamic,AI_VECTOR_CORE,1790269978534059.906	,2.380,640.500000,1,0,NO,"""1,2,64;1,2,64;11823,128,2,64;11823,128,2,64;1""",DT_BF16;DT_BF16;DT_BF16;DT_BF16;INT32,ND;ND;ND;ND;ND,"""11823,128,2,64;11823,128,2,64""",DT_BF16;DT_BF16,ND;ND,N/A
0,4294967295,3209,46,FusedInferAttentionScore,FusedInferAttentionScore,dynamic,MIX_AIC,1790269978534500.723	,20.241,438.370000,24,48,NO,"""1,14,64;11823,128,128;11823,128,128;;2048,2048;1;1;;;;;;;;1,2;;;;;;;;;;;;;;;;""",DT_BF16;DT_BF16;DT_BF16;DT_UNDEFINED;INT8;INT64;INT64;DT_UNDEFINED;DT_UNDEFINED;DT_UNDEFINED;DT_UNDEFINED;DT_UNDEFINED;DT_UNDEFINED;DT_UNDEFINED;INT32;DT_UNDEFINED;DT_UNDEFINED;DT_UNDEFINED;DT_UNDEFINED;DT_UNDEFINED;DT_UNDEFINED;DT_UNDEFINED;DT_UNDEFINED;DT_UNDEFINED;DT_UNDEFINED;DT_UNDEFINED;DT_UNDEFINED;DT_UNDEFINED;DT_UNDEFINED;DT_UNDEFINED;DT_UNDEFINED,ND;ND;ND;NULL;ND;ND;ND;NULL;NULL;NULL;NULL;NULL;NULL;NULL;ND;NULL;NULL;NULL;NULL;NULL;NULL;NULL;NULL;NULL;NULL;NULL;NULL;NULL;NULL;NULL;NULL,"""1,14,64;""",DT_BF16;FLOAT,ND;ND,0
0,4294967295,3211,46,aclnnMatmul_MatMulCommon_MatMulV2,MatMulV2,dynamic,AI_CORE,1790269978534956.122	,5.620,435.009000,19,0,NO,"""1,896;896,896""",DT_BF16;DT_BF16,ND;ND,"""1,896""",DT_BF16,ND,N/A
0,4294967295,3212,46,AddRmsNormBias,AddRmsNormBias,dynamic,AI_VECTOR_CORE,1790269978535110.248	,1.660,148.630000,1,0,NO,"""1,896;1,896;896;""",DT_BF16;DT_BF16;DT_BF16;DT_UNDEFINED,ND;ND;ND;NULL,"""1,896;1,1;1,896""",DT_BF16;FLOAT;DT_BF16,ND;ND;ND,N/A
0,4294967295,3213,46,aclnnMatmul_MatMulCommon_MatMulV2,MatMulV2,dynamic,AI_CORE,1790269978535251.594	,19.440,139.590000,22,0,NO,"""1,896;9728,896""",DT_BF16;DT_BF16,ND;ND,"""1,9728""",DT_BF16,ND,N/A
0,4294967295,3214,46,SwiGlu,SwiGlu,dynamic,AI_VECTOR_CORE,1790269978535376.219	,2.920,105.310000,1,0,NO,"""1,9728""",DT_BF16,ND,"""1,4864""",DT_BF16,ND,N/A
0,4294967295,3215,46,aclnnMatmul_MatMulCommon_MatMulV2,MatMulV2,dynamic,AI_CORE,1790269978535504.784	,16.560,125.580000,19,0,NO,"""1,4864;896,4864""",DT_BF16;DT_BF16,ND;ND,"""1,896""",DT_BF16,ND,N/A
0,4294967295,3216,46,AddRmsNormBias,AddRmsNormBias,dynamic,AI_VECTOR_CORE,1790269978535655.390	,1.700,134.190000,1,0,NO,"""1,896;1,896;896;""",DT_BF16;DT_BF16;DT_BF16;DT_UNDEFINED,ND;ND;ND;NULL,"""1,896;1,1;1,896""",DT_BF16;FLOAT;DT_BF16,ND;ND;ND,N/A
0,4294967295,3217,46,aclnnAddmm_CastAiCore_Cast,Cast,dynamic,AI_VECTOR_CORE,1790269978535793.915	,1.080,136.800000,2,0,NO,"""1152""",DT_BF16,ND,"""1152""",FLOAT,ND,N/A
0,4294967295,3218,46,aclnnAddmm_MatMulCommon_MatMulV2,MatMulV2,dynamic,AI_CORE,1790269978535797.355	,6.861,2.170000,24,0,NO,"""1,896;1152,896;1152""",DT_BF16;DT_BF16;FLOAT,ND;ND;ND,"""1,1152""",DT_BF16,ND,N/A
0,4294967295,3219,46,_triton_rope,_triton_rope,static,AI_VECTOR_CORE,1790269978536442.341	,2.920,638.139000,1,0,YES,"""1,14,64;1,2,64;32768,64""",DT_BF16;32729;DT_BF16,ND;ND;ND,"""1,14,64;1,2,64""",DT_BF16;32729,ND;ND,N/A
0,4294967295,3220,46,ReshapeAndCacheNdKernel,ReshapeAndCacheNdKernel,dynamic,AI_VECTOR_CORE,1790269978537088.847	,2.000,643.580000,1,0,NO,"""1,2,64;1,2,64;11823,128,2,64;11823,128,2,64;1""",DT_BF16;DT_BF16;DT_BF16;DT_BF16;INT32,ND;ND;ND;ND;ND,"""11823,128,2,64;11823,128,2,64""",DT_BF16;DT_BF16,ND;ND,N/A
0,4294967295,3221,46,FusedInferAttentionScore,FusedInferAttentionScore,dynamic,MIX_AIC,1790269978537553.086	,20.080,462.250000,24,48,NO,"""1,14,64;11823,128,128;11823,128,128;;2048,2048;1;1;;;;;;;;1,2;;;;;;;;;;;;;;;;""",DT_BF16;DT_BF16;DT_BF16;DT_UNDEFINED;INT8;INT64;INT64;DT_UNDEFINED;DT_UNDEFINED;DT_UNDEFINED;DT_UNDEFINED;DT_UNDEFINED;DT_UNDEFINED;DT_UNDEFINED;INT32;DT_UNDEFINED;DT_UNDEFINED;DT_UNDEFINED;DT_UNDEFINED;DT_UNDEFINED;DT_UNDEFINED;DT_UNDEFINED;DT_UNDEFINED;DT_UNDEFINED;DT_UNDEFINED;DT_UNDEFINED;DT_UNDEFINED;DT_UNDEFINED;DT_UNDEFINED;DT_UNDEFINED;DT_UNDEFINED,ND;ND;ND;NULL;ND;ND;ND;NULL;NULL;NULL;NULL;NULL;NULL;NULL;ND;NULL;NULL;NULL;NULL;NULL;NULL;NULL;NULL;NULL;NULL;NULL;NULL;NULL;NULL;NULL;NULL,"""1,14,64;""",DT_BF16;FLOAT,ND;ND,0
0,4294967295,3223,46,aclnnMatmul_MatMulCommon_MatMulV2,MatMulV2,dynamic,AI_CORE,1790269978538033.345	,5.280,460.170000,19,0,NO,"""1,896;896,896""",DT_BF16;DT_BF16,ND;ND,"""1,896""",DT_BF16,ND,N/A
0,4294967295,3224,46,AddRmsNormBias,AddRmsNormBias,dynamic,AI_VECTOR_CORE,1790269978538183.271	,1.680,144.720000,1,0,NO,"""1,896;1,896;896;""",DT_BF16;DT_BF16;DT_BF16;DT_UNDEFINED,ND;ND;ND;NULL,"""1,896;1,1;1,896""",DT_BF16;FLOAT;DT_BF16,ND;ND;ND,N/A
0,4294967295,3225,46,aclnnMatmul_MatMulCommon_MatMulV2,MatMulV2,dynamic,AI_CORE,1790269978538317.716	,19.781,132.820000,22,0,NO,"""1,896;9728,896""",DT_BF16;DT_BF16,ND;ND,"""1,9728""",DT_BF16,ND,N/A
0,4294967295,3226,46,SwiGlu,SwiGlu,dynamic,AI_VECTOR_CORE,1790269978538426.440	,2.961,88.969000,1,0,NO,"""1,9728""",DT_BF16,ND,"""1,4864""",DT_BF16,ND,N/A
0,4294967295,3227,46,aclnnMatmul_MatMulCommon_MatMulV2,MatMulV2,dynamic,AI_CORE,1790269978538550.305	,16.281,120.789000,19,0,NO,"""1,4864;896,4864""",DT_BF16;DT_BF16,ND;ND,"""1,896""",DT_BF16,ND,N/A
0,4294967295,3228,46,AddRmsNormBias,AddRmsNormBias,dynamic,AI_VECTOR_CORE,1790269978538693.491	,1.680,126.969000,1,0,NO,"""1,896;1,896;896;""",DT_BF16;DT_BF16;DT_BF16;DT_UNDEFINED,ND;ND;ND;NULL,"""1,896;1,1;1,896""",DT_BF16;FLOAT;DT_BF16,ND;ND;ND,N/A
0,4294967295,3229,46,aclnnAddmm_CastAiCore_Cast,Cast,dynamic,AI_VECTOR_CORE,1790269978538828.177	,1.040,133.070000,2,0,NO,"""1152""",DT_BF16,ND,"""1152""",FLOAT,ND,N/A
0,4294967295,3230,46,aclnnAddmm_MatMulCommon_MatMulV2,MatMulV2,dynamic,AI_CORE,1790269978538831.557	,6.900,2.210000,24,0,NO,"""1,896;1152,896;1152""",DT_BF16;DT_BF16;FLOAT,ND;ND;ND,"""1,1152""",DT_BF16,ND,N/A
0,4294967295,3231,46,_triton_rope,_triton_rope,static,AI_VECTOR_CORE,1790269978539488.043	,2.800,649.600000,1,0,YES,"""1,14,64;1,2,64;32768,64""",DT_BF16;32729;DT_BF16,ND;ND;ND,"""1,14,64;1,2,64""",DT_BF16;32729,ND;ND,N/A
0,4294967295,3232,46,ReshapeAndCacheNdKernel,ReshapeAndCacheNdKernel,dynamic,AI_VECTOR_CORE,1790269978540112.108	,1.660,621.200000,1,0,NO,"""1,2,64;1,2,64;11823,128,2,64;11823,128,2,64;1""",DT_BF16;DT_BF16;DT_BF16;DT_BF16;INT32,ND;ND;ND;ND;ND,"""11823,128,2,64;11823,128,2,64""",DT_BF16;DT_BF16,ND;ND,N/A
0,4294967295,3233,46,FusedInferAttentionScore,FusedInferAttentionScore,dynamic,MIX_AIC,1790269978540549.845	,18.001,436.090000,24,48,NO,"""1,14,64;11823,128,128;11823,128,128;;2048,2048;1;1;;;;;;;;1,2;;;;;;;;;;;;;;;;""",DT_BF16;DT_BF16;DT_BF16;DT_UNDEFINED;INT8;INT64;INT64;DT_UNDEFINED;DT_UNDEFINED;DT_UNDEFINED;DT_UNDEFINED;DT_UNDEFINED;DT_UNDEFINED;DT_UNDEFINED;INT32;DT_UNDEFINED;DT_UNDEFINED;DT_UNDEFINED;DT_UNDEFINED;DT_UNDEFINED;DT_UNDEFINED;DT_UNDEFINED;DT_UNDEFINED;DT_UNDEFINED;DT_UNDEFINED;DT_UNDEFINED;DT_UNDEFINED;DT_UNDEFINED;DT_UNDEFINED;DT_UNDEFINED;DT_UNDEFINED,ND;ND;ND;NULL;ND;ND;ND;NULL;NULL;NULL;NULL;NULL;NULL;NULL;ND;NULL;NULL;NULL;NULL;NULL;NULL;NULL;NULL;NULL;NULL;NULL;NULL;NULL;NULL;NULL;NULL,"""1,14,64;""",DT_BF16;FLOAT,ND;ND,0
0,4294967295,3235,46,aclnnMatmul_MatMulCommon_MatMulV2,MatMulV2,dynamic,AI_CORE,1790269978540992.303	,5.480,424.499000,19,0,NO,"""1,896;896,896""",DT_BF16;DT_BF16,ND;ND,"""1,896""",DT_BF16,ND,N/A
0,4294967295,3236,46,AddRmsNormBias,AddRmsNormBias,dynamic,AI_VECTOR_CORE,1790269978541158.670	,1.700,161.020000,1,0,NO,"""1,896;1,896;896;""",DT_BF16;DT_BF16;DT_BF16;DT_UNDEFINED,ND;ND;ND;NULL,"""1,896;1,1;1,896""",DT_BF16;FLOAT;DT_BF16,ND;ND;ND,N/A
0,4294967295,3237,46,aclnnMatmul_MatMulCommon_MatMulV2,MatMulV2,dynamic,AI_CORE,1790269978541322.036	,19.681,161.550000,22,0,NO,"""1,896;9728,896""",DT_BF16;DT_BF16,ND;ND,"""1,9728""",DT_BF16,ND,N/A
0,4294967295,3238,46,SwiGlu,SwiGlu,dynamic,AI_VECTOR_CORE,1790269978541444.401	,3.080,102.819000,1,0,NO,"""1,9728""",DT_BF16,ND,"""1,4864""",DT_BF16,ND,N/A
0,4294967295,3239,46,aclnnMatmul_MatMulCommon_MatMulV2,MatMulV2,dynamic,AI_CORE,1790269978541571.026	,16.481,123.420000,19,0,NO,"""1,4864;896,4864""",DT_BF16;DT_BF16,ND;ND,"""1,896""",DT_BF16,ND,N/A
0,4294967295,3240,46,AddRmsNormBias,AddRmsNormBias,dynamic,AI_VECTOR_CORE,1790269978541720.252	,1.920,132.769000,1,0,NO,"""1,896;1,896;896;""",DT_BF16;DT_BF16;DT_BF16;DT_UNDEFINED,ND;ND;ND;NULL,"""1,896;1,1;1,896""",DT_BF16;FLOAT;DT_BF16,ND;ND;ND,N/A
0,4294967295,3241,46,aclnnAddmm_CastAiCore_Cast,Cast,dynamic,AI_VECTOR_CORE,1790269978541857.458	,1.160,135.330000,2,0,NO,"""1152""",DT_BF16,ND,"""1152""",FLOAT,ND,N/A
0,4294967295,3242,46,aclnnAddmm_MatMulCommon_MatMulV2,MatMulV2,dynamic,AI_CORE,1790269978541860.838	,7.420,2.090000,24,0,NO,"""1,896;1152,896;1152""",DT_BF16;DT_BF16;FLOAT,ND;ND;ND,"""1,1152""",DT_BF16,ND,N/A
0,4294967295,3243,46,_triton_rope,_triton_rope,static,AI_VECTOR_CORE,1790269978542509.304	,2.900,641.080000,1,0,YES,"""1,14,64;1,2,64;32768,64""",DT_BF16;32729;DT_BF16,ND;ND;ND,"""1,14,64;1,2,64""",DT_BF16;32729,ND;ND,N/A
0,4294967295,3244,46,ReshapeAndCacheNdKernel,ReshapeAndCacheNdKernel,dynamic,AI_VECTOR_CORE,1790269978543153.629	,2.061,641.600000,1,0,NO,"""1,2,64;1,2,64;11823,128,2,64;11823,128,2,64;1""",DT_BF16;DT_BF16;DT_BF16;DT_BF16;INT32,ND;ND;ND;ND;ND,"""11823,128,2,64;11823,128,2,64""",DT_BF16;DT_BF16,ND;ND,N/A
0,4294967295,3245,46,FusedInferAttentionScore,FusedInferAttentionScore,dynamic,MIX_AIC,1790269978543609.448	,22.661,453.689000,24,48,NO,"""1,14,64;11823,128,128;11823,128,128;;2048,2048;1;1;;;;;;;;1,2;;;;;;;;;;;;;;;;""",DT_BF16;DT_BF16;DT_BF16;DT_UNDEFINED;INT8;INT64;INT64;DT_UNDEFINED;DT_UNDEFINED;DT_UNDEFINED;DT_UNDEFINED;DT_UNDEFINED;DT_UNDEFINED;DT_UNDEFINED;INT32;DT_UNDEFINED;DT_UNDEFINED;DT_UNDEFINED;DT_UNDEFINED;DT_UNDEFINED;DT_UNDEFINED;DT_UNDEFINED;DT_UNDEFINED;DT_UNDEFINED;DT_UNDEFINED;DT_UNDEFINED;DT_UNDEFINED;DT_UNDEFINED;DT_UNDEFINED;DT_UNDEFINED;DT_UNDEFINED,ND;ND;ND;NULL;ND;ND;ND;NULL;NULL;NULL;NULL;NULL;NULL;NULL;ND;NULL;NULL;NULL;NULL;NULL;NULL;NULL;NULL;NULL;NULL;NULL;NULL;NULL;NULL;NULL;NULL,"""1,14,64;""",DT_BF16;FLOAT,ND;ND,0
0,4294967295,3247,46,aclnnMatmul_MatMulCommon_MatMulV2,MatMulV2,dynamic,AI_CORE,1790269978544071.686	,5.720,439.589000,19,0,NO,"""1,896;896,896""",DT_BF16;DT_BF16,ND;ND,"""1,896""",DT_BF16,ND,N/A
0,4294967295,3248,46,AddRmsNormBias,AddRmsNormBias,dynamic,AI_VECTOR_CORE,1790269978544218.932	,1.680,141.530000,1,0,NO,"""1,896;1,896;896;""",DT_BF16;DT_BF16;DT_BF16;DT_UNDEFINED,ND;ND;ND;NULL,"""1,896;1,1;1,896""",DT_BF16;FLOAT;DT_BF16,ND;ND;ND,N/A
0,4294967295,3249,46,aclnnMatmul_MatMulCommon_MatMulV2,MatMulV2,dynamic,AI_CORE,1790269978544353.717	,19.061,133.070000,22,0,NO,"""1,896;9728,896""",DT_BF16;DT_BF16,ND;ND,"""1,9728""",DT_BF16,ND,N/A
0,4294967295,3250,46,SwiGlu,SwiGlu,dynamic,AI_VECTOR_CORE,1790269978544472.782	,3.000,99.939000,1,0,NO,"""1,9728""",DT_BF16,ND,"""1,4864""",DT_BF16,ND,N/A
0,4294967295,3251,46,aclnnMatmul_MatMulCommon_MatMulV2,MatMulV2,dynamic,AI_CORE,1790269978544610.548	,16.260,134.750000,19,0,NO,"""1,4864;896,4864""",DT_BF16;DT_BF16,ND;ND,"""1,896""",DT_BF16,ND,N/A
0,4294967295,3252,46,AddRmsNormBias,AddRmsNormBias,dynamic,AI_VECTOR_CORE,1790269978544762.474	,1.700,135.740000,1,0,NO,"""1,896;1,896;896;""",DT_BF16;DT_BF16;DT_BF16;DT_UNDEFINED,ND;ND;ND;NULL,"""1,896;1,1;1,896""",DT_BF16;FLOAT;DT_BF16,ND;ND;ND,N/A
0,4294967295,3253,46,aclnnAddmm_CastAiCore_Cast,Cast,dynamic,AI_VECTOR_CORE,1790269978544899.779	,1.060,135.550000,2,0,NO,"""1152""",DT_BF16,ND,"""1152""",FLOAT,ND,N/A
0,4294967295,3254,46,aclnnAddmm_MatMulCommon_MatMulV2,MatMulV2,dynamic,AI_CORE,1790269978544903.179	,6.781,2.440000,24,0,NO,"""1,896;1152,896;1152""",DT_BF16;DT_BF16;FLOAT,ND;ND;ND,"""1,1152""",DT_BF16,ND,N/A
0,4294967295,3255,46,_triton_rope,_triton_rope,static,AI_VECTOR_CORE,1790269978545574.266	,2.900,664.219000,1,0,YES,"""1,14,64;1,2,64;32768,64""",DT_BF16;32729;DT_BF16,ND;ND;ND,"""1,14,64;1,2,64""",DT_BF16;32729,ND;ND,N/A
0,4294967295,3256,46,ReshapeAndCacheNdKernel,ReshapeAndCacheNdKernel,dynamic,AI_VECTOR_CORE,1790269978546214.872	,1.980,637.600000,1,0,NO,"""1,2,64;1,2,64;11823,128,2,64;11823,128,2,64;1""",DT_BF16;DT_BF16;DT_BF16;DT_BF16;INT32,ND;ND;ND;ND;ND,"""11823,128,2,64;11823,128,2,64""",DT_BF16;DT_BF16,ND;ND,N/A
0,4294967295,3257,46,FusedInferAttentionScore,FusedInferAttentionScore,dynamic,MIX_AIC,1790269978546670.810	,22.221,454.020000,24,48,NO,"""1,14,64;11823,128,128;11823,128,128;;2048,2048;1;1;;;;;;;;1,2;;;;;;;;;;;;;;;;""",DT_BF16;DT_BF16;DT_BF16;DT_UNDEFINED;INT8;INT64;INT64;DT_UNDEFINED;DT_UNDEFINED;DT_UNDEFINED;DT_UNDEFINED;DT_UNDEFINED;DT_UNDEFINED;DT_UNDEFINED;INT32;DT_UNDEFINED;DT_UNDEFINED;DT_UNDEFINED;DT_UNDEFINED;DT_UNDEFINED;DT_UNDEFINED;DT_UNDEFINED;DT_UNDEFINED;DT_UNDEFINED;DT_UNDEFINED;DT_UNDEFINED;DT_UNDEFINED;DT_UNDEFINED;DT_UNDEFINED;DT_UNDEFINED;DT_UNDEFINED,ND;ND;ND;NULL;ND;ND;ND;NULL;NULL;NULL;NULL;NULL;NULL;NULL;ND;NULL;NULL;NULL;NULL;NULL;NULL;NULL;NULL;NULL;NULL;NULL;NULL;NULL;NULL;NULL;NULL,"""1,14,64;""",DT_BF16;FLOAT,ND;ND,0
0,4294967295,3259,46,aclnnMatmul_MatMulCommon_MatMulV2,MatMulV2,dynamic,AI_CORE,1790269978547166.770	,5.360,473.779000,19,0,NO,"""1,896;896,896""",DT_BF16;DT_BF16,ND;ND,"""1,896""",DT_BF16,ND,N/A
0,4294967295,3260,46,AddRmsNormBias,AddRmsNormBias,dynamic,AI_VECTOR_CORE,1790269978547324.476	,1.700,152.390000,1,0,NO,"""1,896;1,896;896;""",DT_BF16;DT_BF16;DT_BF16;DT_UNDEFINED,ND;ND;ND;NULL,"""1,896;1,1;1,896""",DT_BF16;FLOAT;DT_BF16,ND;ND;ND,N/A
0,4294967295,3261,46,aclnnMatmul_MatMulCommon_MatMulV2,MatMulV2,dynamic,AI_CORE,1790269978547467.062	,22.161,140.800000,22,0,NO,"""1,896;9728,896""",DT_BF16;DT_BF16,ND;ND,"""1,9728""",DT_BF16,ND,N/A
0,4294967295,3262,46,SwiGlu,SwiGlu,dynamic,AI_VECTOR_CORE,1790269978547587.667	,3.120,98.589000,1,0,NO,"""1,9728""",DT_BF16,ND,"""1,4864""",DT_BF16,ND,N/A
0,4294967295,3263,46,aclnnMatmul_MatMulCommon_MatMulV2,MatMulV2,dynamic,AI_CORE,1790269978547715.452	,16.381,124.630000,19,0,NO,"""1,4864;896,4864""",DT_BF16;DT_BF16,ND;ND,"""1,896""",DT_BF16,ND,N/A
0,4294967295,3264,46,AddRmsNormBias,AddRmsNormBias,dynamic,AI_VECTOR_CORE,1790269978547862.598	,2.120,130.619000,1,0,NO,"""1,896;1,896;896;""",DT_BF16;DT_BF16;DT_BF16;DT_UNDEFINED,ND;ND;ND;NULL,"""1,896;1,1;1,896""",DT_BF16;FLOAT;DT_BF16,ND;ND;ND,N/A
0,4294967295,3265,46,aclnnAddmm_CastAiCore_Cast,Cast,dynamic,AI_VECTOR_CORE,1790269978548003.343	,1.220,138.630000,2,0,NO,"""1152""",DT_BF16,ND,"""1152""",FLOAT,ND,N/A
0,4294967295,3266,46,aclnnAddmm_MatMulCommon_MatMulV2,MatMulV2,dynamic,AI_CORE,1790269978548006.963	,7.861,2.530000,24,0,NO,"""1,896;1152,896;1152""",DT_BF16;DT_BF16;FLOAT,ND;ND;ND,"""1,1152""",DT_BF16,ND,N/A
0,4294967295,3267,46,_triton_rope,_triton_rope,static,AI_VECTOR_CORE,1790269978548656.889	,3.101,642.139000,1,0,YES,"""1,14,64;1,2,64;32768,64""",DT_BF16;32729;DT_BF16,ND;ND;ND,"""1,14,64;1,2,64""",DT_BF16;32729,ND;ND,N/A
0,4294967295,3268,46,ReshapeAndCacheNdKernel,ReshapeAndCacheNdKernel,dynamic,AI_VECTOR_CORE,1790269978549306.035	,1.580,645.899000,1,0,NO,"""1,2,64;1,2,64;11823,128,2,64;11823,128,2,64;1""",DT_BF16;DT_BF16;DT_BF16;DT_BF16;INT32,ND;ND;ND;ND;ND,"""11823,128,2,64;11823,128,2,64""",DT_BF16;DT_BF16,ND;ND,N/A
0,4294967295,3269,46,FusedInferAttentionScore,FusedInferAttentionScore,dynamic,MIX_AIC,1790269978549733.133	,17.520,425.670000,24,48,NO,"""1,14,64;11823,128,128;11823,128,128;;2048,2048;1;1;;;;;;;;1,2;;;;;;;;;;;;;;;;""",DT_BF16;DT_BF16;DT_BF16;DT_UNDEFINED;INT8;INT64;INT64;DT_UNDEFINED;DT_UNDEFINED;DT_UNDEFINED;DT_UNDEFINED;DT_UNDEFINED;DT_UNDEFINED;DT_UNDEFINED;INT32;DT_UNDEFINED;DT_UNDEFINED;DT_UNDEFINED;DT_UNDEFINED;DT_UNDEFINED;DT_UNDEFINED;DT_UNDEFINED;DT_UNDEFINED;DT_UNDEFINED;DT_UNDEFINED;DT_UNDEFINED;DT_UNDEFINED;DT_UNDEFINED;DT_UNDEFINED;DT_UNDEFINED;DT_UNDEFINED,ND;ND;ND;NULL;ND;ND;ND;NULL;NULL;NULL;NULL;NULL;NULL;NULL;ND;NULL;NULL;NULL;NULL;NULL;NULL;NULL;NULL;NULL;NULL;NULL;NULL;NULL;NULL;NULL;NULL,"""1,14,64;""",DT_BF16;FLOAT,ND;ND,0
0,4294967295,3271,46,aclnnMatmul_MatMulCommon_MatMulV2,MatMulV2,dynamic,AI_CORE,1790269978550218.412	,5.660,467.730000,19,0,NO,"""1,896;896,896""",DT_BF16;DT_BF16,ND;ND,"""1,896""",DT_BF16,ND,N/A
0,4294967295,3272,46,AddRmsNormBias,AddRmsNormBias,dynamic,AI_VECTOR_CORE,1790269978550366.498	,1.640,142.340000,1,0,NO,"""1,896;1,896;896;""",DT_BF16;DT_BF16;DT_BF16;DT_UNDEFINED,ND;ND;ND;NULL,"""1,896;1,1;1,896""",DT_BF16;FLOAT;DT_BF16,ND;ND;ND,N/A
0,4294967295,3273,46,aclnnMatmul_MatMulCommon_MatMulV2,MatMulV2,dynamic,AI_CORE,1790269978550501.823	,19.981,133.610000,22,0,NO,"""1,896;9728,896""",DT_BF16;DT_BF16,ND;ND,"""1,9728""",DT_BF16,ND,N/A
0,4294967295,3274,46,SwiGlu,SwiGlu,dynamic,AI_VECTOR_CORE,1790269978550620.208	,2.920,98.519000,1,0,NO,"""1,9728""",DT_BF16,ND,"""1,4864""",DT_BF16,ND,N/A
0,4294967295,3275,46,aclnnMatmul_MatMulCommon_MatMulV2,MatMulV2,dynamic,AI_CORE,1790269978550757.133	,16.421,134.080000,19,0,NO,"""1,4864;896,4864""",DT_BF16;DT_BF16,ND;ND,"""1,896""",DT_BF16,ND,N/A
0,4294967295,3276,46,AddRmsNormBias,AddRmsNormBias,dynamic,AI_VECTOR_CORE,1790269978550905.119	,1.680,131.329000,1,0,NO,"""1,896;1,896;896;""",DT_BF16;DT_BF16;DT_BF16;DT_UNDEFINED,ND;ND;ND;NULL,"""1,896;1,1;1,896""",DT_BF16;FLOAT;DT_BF16,ND;ND;ND,N/A
0,4294967295,3277,46,aclnnAddmm_CastAiCore_Cast,Cast,dynamic,AI_VECTOR_CORE,1790269978551059.546	,1.180,152.820000,2,0,NO,"""1152""",DT_BF16,ND,"""1152""",FLOAT,ND,N/A
0,4294967295,3278,46,aclnnAddmm_MatMulCommon_MatMulV2,MatMulV2,dynamic,AI_CORE,1790269978551062.746	,7.140,2.070000,24,0,NO,"""1,896;1152,896;1152""",DT_BF16;DT_BF16;FLOAT,ND;ND;ND,"""1,1152""",DT_BF16,ND,N/A
0,4294967295,3279,46,_triton_rope,_triton_rope,static,AI_VECTOR_CORE,1790269978551712.892	,2.880,643.110000,1,0,YES,"""1,14,64;1,2,64;32768,64""",DT_BF16;32729;DT_BF16,ND;ND;ND,"""1,14,64;1,2,64""",DT_BF16;32729,ND;ND,N/A
0,4294967295,3280,46,ReshapeAndCacheNdKernel,ReshapeAndCacheNdKernel,dynamic,AI_VECTOR_CORE,1790269978552354.837	,1.640,638.870000,1,0,NO,"""1,2,64;1,2,64;11823,128,2,64;11823,128,2,64;1""",DT_BF16;DT_BF16;DT_BF16;DT_BF16;INT32,ND;ND;ND;ND;ND,"""11823,128,2,64;11823,128,2,64""",DT_BF16;DT_BF16,ND;ND,N/A
0,4294967295,3281,46,FusedInferAttentionScore,FusedInferAttentionScore,dynamic,MIX_AIC,1790269978552784.115	,20.380,427.610000,24,48,NO,"""1,14,64;11823,128,128;11823,128,128;;2048,2048;1;1;;;;;;;;1,2;;;;;;;;;;;;;;;;""",DT_BF16;DT_BF16;DT_BF16;DT_UNDEFINED;INT8;INT64;INT64;DT_UNDEFINED;DT_UNDEFINED;DT_UNDEFINED;DT_UNDEFINED;DT_UNDEFINED;DT_UNDEFINED;DT_UNDEFINED;INT32;DT_UNDEFINED;DT_UNDEFINED;DT_UNDEFINED;DT_UNDEFINED;DT_UNDEFINED;DT_UNDEFINED;DT_UNDEFINED;DT_UNDEFINED;DT_UNDEFINED;DT_UNDEFINED;DT_UNDEFINED;DT_UNDEFINED;DT_UNDEFINED;DT_UNDEFINED;DT_UNDEFINED;DT_UNDEFINED,ND;ND;ND;NULL;ND;ND;ND;NULL;NULL;NULL;NULL;NULL;NULL;NULL;ND;NULL;NULL;NULL;NULL;NULL;NULL;NULL;NULL;NULL;NULL;NULL;NULL;NULL;NULL;NULL;NULL,"""1,14,64;""",DT_BF16;FLOAT,ND;ND,0
0,4294967295,3283,46,aclnnMatmul_MatMulCommon_MatMulV2,MatMulV2,dynamic,AI_CORE,1790269978553277.654	,5.280,473.370000,19,0,NO,"""1,896;896,896""",DT_BF16;DT_BF16,ND;ND,"""1,896""",DT_BF16,ND,N/A
0,4294967295,3284,46,AddRmsNormBias,AddRmsNormBias,dynamic,AI_VECTOR_CORE,1790269978553437.341	,1.780,154.220000,1,0,NO,"""1,896;1,896;896;""",DT_BF16;DT_BF16;DT_BF16;DT_UNDEFINED,ND;ND;ND;NULL,"""1,896;1,1;1,896""",DT_BF16;FLOAT;DT_BF16,ND;ND;ND,N/A
0,4294967295,3285,46,aclnnMatmul_MatMulCommon_MatMulV2,MatMulV2,dynamic,AI_CORE,1790269978553577.846	,19.341,138.720000,22,0,NO,"""1,896;9728,896""",DT_BF16;DT_BF16,ND;ND,"""1,9728""",DT_BF16,ND,N/A
0,4294967295,3286,46,SwiGlu,SwiGlu,dynamic,AI_VECTOR_CORE,1790269978553689.431	,4.300,92.409000,1,0,NO,"""1,9728""",DT_BF16,ND,"""1,4864""",DT_BF16,ND,N/A
0,4294967295,3287,46,aclnnMatmul_MatMulCommon_MatMulV2,MatMulV2,dynamic,AI_CORE,1790269978553808.415	,16.361,114.700000,19,0,NO,"""1,4864;896,4864""",DT_BF16;DT_BF16,ND;ND,"""1,896""",DT_BF16,ND,N/A
0,4294967295,3288,46,AddRmsNormBias,AddRmsNormBias,dynamic,AI_VECTOR_CORE,1790269978553951.061	,1.780,126.139000,1,0,NO,"""1,896;1,896;896;""",DT_BF16;DT_BF16;DT_BF16;DT_UNDEFINED,ND;ND;ND;NULL,"""1,896;1,1;1,896""",DT_BF16;FLOAT;DT_BF16,ND;ND;ND,N/A
0,4294967295,3289,46,aclnnAddmm_CastAiCore_Cast,Cast,dynamic,AI_VECTOR_CORE,1790269978554092.427	,1.180,139.720000,2,0,NO,"""1152""",DT_BF16,ND,"""1152""",FLOAT,ND,N/A
0,4294967295,3290,46,aclnnAddmm_MatMulCommon_MatMulV2,MatMulV2,dynamic,AI_CORE,1790269978554095.987	,7.000,2.320000,24,0,NO,"""1,896;1152,896;1152""",DT_BF16;DT_BF16;FLOAT,ND;ND;ND,"""1,1152""",DT_BF16,ND,N/A
0,4294967295,3291,46,_triton_rope,_triton_rope,static,AI_VECTOR_CORE,1790269978554754.933	,3.000,652.000000,1,0,YES,"""1,14,64;1,2,64;32768,64""",DT_BF16;32729;DT_BF16,ND;ND;ND,"""1,14,64;1,2,64""",DT_BF16;32729,ND;ND,N/A
0,4294967295,3292,46,ReshapeAndCacheNdKernel,ReshapeAndCacheNdKernel,dynamic,AI_VECTOR_CORE,1790269978555400.059	,2.160,642.000000,1,0,NO,"""1,2,64;1,2,64;11823,128,2,64;11823,128,2,64;1""",DT_BF16;DT_BF16;DT_BF16;DT_BF16;INT32,ND;ND;ND;ND;ND,"""11823,128,2,64;11823,128,2,64""",DT_BF16;DT_BF16,ND;ND,N/A
0,4294967295,3293,46,FusedInferAttentionScore,FusedInferAttentionScore,dynamic,MIX_AIC,1790269978555831.916	,17.081,429.840000,24,48,NO,"""1,14,64;11823,128,128;11823,128,128;;2048,2048;1;1;;;;;;;;1,2;;;;;;;;;;;;;;;;""",DT_BF16;DT_BF16;DT_BF16;DT_UNDEFINED;INT8;INT64;INT64;DT_UNDEFINED;DT_UNDEFINED;DT_UNDEFINED;DT_UNDEFINED;DT_UNDEFINED;DT_UNDEFINED;DT_UNDEFINED;INT32;DT_UNDEFINED;DT_UNDEFINED;DT_UNDEFINED;DT_UNDEFINED;DT_UNDEFINED;DT_UNDEFINED;DT_UNDEFINED;DT_UNDEFINED;DT_UNDEFINED;DT_UNDEFINED;DT_UNDEFINED;DT_UNDEFINED;DT_UNDEFINED;DT_UNDEFINED;DT_UNDEFINED;DT_UNDEFINED,ND;ND;ND;NULL;ND;ND;ND;NULL;NULL;NULL;NULL;NULL;NULL;NULL;ND;NULL;NULL;NULL;NULL;NULL;NULL;NULL;NULL;NULL;NULL;NULL;NULL;NULL;NULL;NULL;NULL,"""1,14,64;""",DT_BF16;FLOAT,ND;ND,0
0,4294967295,3295,46,aclnnMatmul_MatMulCommon_MatMulV2,MatMulV2,dynamic,AI_CORE,1790269978556308.635	,5.381,459.669000,19,0,NO,"""1,896;896,896""",DT_BF16;DT_BF16,ND;ND,"""1,896""",DT_BF16,ND,N/A
0,4294967295,3296,46,AddRmsNormBias,AddRmsNormBias,dynamic,AI_VECTOR_CORE,1790269978556462.442	,1.840,148.369000,1,0,NO,"""1,896;1,896;896;""",DT_BF16;DT_BF16;DT_BF16;DT_UNDEFINED,ND;ND;ND;NULL,"""1,896;1,1;1,896""",DT_BF16;FLOAT;DT_BF16,ND;ND;ND,N/A
0,4294967295,3297,46,aclnnMatmul_MatMulCommon_MatMulV2,MatMulV2,dynamic,AI_CORE,1790269978556599.607	,20.001,135.160000,22,0,NO,"""1,896;9728,896""",DT_BF16;DT_BF16,ND;ND,"""1,9728""",DT_BF16,ND,N/A
0,4294967295,3298,46,SwiGlu,SwiGlu,dynamic,AI_VECTOR_CORE,1790269978556716.752	,3.040,97.249000,1,0,NO,"""1,9728""",DT_BF16,ND,"""1,4864""",DT_BF16,ND,N/A
0,4294967295,3299,46,aclnnMatmul_MatMulCommon_MatMulV2,MatMulV2,dynamic,AI_CORE,1790269978556848.557	,16.501,128.710000,19,0,NO,"""1,4864;896,4864""",DT_BF16;DT_BF16,ND;ND,"""1,896""",DT_BF16,ND,N/A
0,4294967295,3300,46,AddRmsNormBias,AddRmsNormBias,dynamic,AI_VECTOR_CORE,1790269978557001.243	,1.720,136.249000,1,0,NO,"""1,896;1,896;896;""",DT_BF16;DT_BF16;DT_BF16;DT_UNDEFINED,ND;ND;ND;NULL,"""1,896;1,1;1,896""",DT_BF16;FLOAT;DT_BF16,ND;ND;ND,N/A
0,4294967295,3301,46,aclnnAddmm_CastAiCore_Cast,Cast,dynamic,AI_VECTOR_CORE,1790269978557153.429	,1.120,150.530000,2,0,NO,"""1152""",DT_BF16,ND,"""1152""",FLOAT,ND,N/A
0,4294967295,3302,46,aclnnAddmm_MatMulCommon_MatMulV2,MatMulV2,dynamic,AI_CORE,1790269978557156.669	,7.341,2.130000,24,0,NO,"""1,896;1152,896;1152""",DT_BF16;DT_BF16;FLOAT,ND;ND;ND,"""1,1152""",DT_BF16,ND,N/A
0,4294967295,3303,46,_triton_rope,_triton_rope,static,AI_VECTOR_CORE,1790269978557813.456	,3.400,649.409000,1,0,YES,"""1,14,64;1,2,64;32768,64""",DT_BF16;32729;DT_BF16,ND;ND;ND,"""1,14,64;1,2,64""",DT_BF16;32729,ND;ND,N/A
0,4294967295,3304,46,ReshapeAndCacheNdKernel,ReshapeAndCacheNdKernel,dynamic,AI_VECTOR_CORE,1790269978558449.061	,1.620,632.100000,1,0,NO,"""1,2,64;1,2,64;11823,128,2,64;11823,128,2,64;1""",DT_BF16;DT_BF16;DT_BF16;DT_BF16;INT32,ND;ND;ND;ND;ND,"""11823,128,2,64;11823,128,2,64""",DT_BF16;DT_BF16,ND;ND,N/A
0,4294967295,3305,46,FusedInferAttentionScore,FusedInferAttentionScore,dynamic,MIX_AIC,1790269978558899.859	,23.241,449.130000,24,48,NO,"""1,14,64;11823,128,128;11823,128,128;;2048,2048;1;1;;;;;;;;1,2;;;;;;;;;;;;;;;;""",DT_BF16;DT_BF16;DT_BF16;DT_UNDEFINED;INT8;INT64;INT64;DT_UNDEFINED;DT_UNDEFINED;DT_UNDEFINED;DT_UNDEFINED;DT_UNDEFINED;DT_UNDEFINED;DT_UNDEFINED;INT32;DT_UNDEFINED;DT_UNDEFINED;DT_UNDEFINED;DT_UNDEFINED;DT_UNDEFINED;DT_UNDEFINED;DT_UNDEFINED;DT_UNDEFINED;DT_UNDEFINED;DT_UNDEFINED;DT_UNDEFINED;DT_UNDEFINED;DT_UNDEFINED;DT_UNDEFINED;DT_UNDEFINED;DT_UNDEFINED,ND;ND;ND;NULL;ND;ND;ND;NULL;NULL;NULL;NULL;NULL;NULL;NULL;ND;NULL;NULL;NULL;NULL;NULL;NULL;NULL;NULL;NULL;NULL;NULL;NULL;NULL;NULL;NULL;NULL,"""1,14,64;""",DT_BF16;FLOAT,ND;ND,0
0,4294967295,3307,46,aclnnMatmul_MatMulCommon_MatMulV2,MatMulV2,dynamic,AI_CORE,1790269978559354.097	,5.880,431.009000,19,0,NO,"""1,896;896,896""",DT_BF16;DT_BF16,ND;ND,"""1,896""",DT_BF16,ND,N/A
0,4294967295,3308,46,AddRmsNormBias,AddRmsNormBias,dynamic,AI_VECTOR_CORE,1790269978559505.563	,1.640,145.620000,1,0,NO,"""1,896;1,896;896;""",DT_BF16;DT_BF16;DT_BF16;DT_UNDEFINED,ND;ND;ND;NULL,"""1,896;1,1;1,896""",DT_BF16;FLOAT;DT_BF16,ND;ND;ND,N/A
0,4294967295,3309,46,aclnnMatmul_MatMulCommon_MatMulV2,MatMulV2,dynamic,AI_CORE,1790269978559642.509	,19.680,135.360000,22,0,NO,"""1,896;9728,896""",DT_BF16;DT_BF16,ND;ND,"""1,9728""",DT_BF16,ND,N/A
0,4294967295,3310,46,SwiGlu,SwiGlu,dynamic,AI_VECTOR_CORE,1790269978559751.053	,2.940,88.820000,1,0,NO,"""1,9728""",DT_BF16,ND,"""1,4864""",DT_BF16,ND,N/A
0,4294967295,3311,46,aclnnMatmul_MatMulCommon_MatMulV2,MatMulV2,dynamic,AI_CORE,1790269978559869.798	,16.460,115.810000,19,0,NO,"""1,4864;896,4864""",DT_BF16;DT_BF16,ND;ND,"""1,896""",DT_BF16,ND,N/A
0,4294967295,3312,46,AddRmsNormBias,AddRmsNormBias,dynamic,AI_VECTOR_CORE,1790269978560019.684	,1.660,133.540000,1,0,NO,"""1,896;1,896;896;""",DT_BF16;DT_BF16;DT_BF16;DT_UNDEFINED,ND;ND;ND;NULL,"""1,896;1,1;1,896""",DT_BF16;FLOAT;DT_BF16,ND;ND;ND,N/A
0,4294967295,3313,46,aclnnAddmm_CastAiCore_Cast,Cast,dynamic,AI_VECTOR_CORE,1790269978560157.289	,1.060,135.840000,2,0,NO,"""1152""",DT_BF16,ND,"""1152""",FLOAT,ND,N/A
0,4294967295,3314,46,aclnnAddmm_MatMulCommon_MatMulV2,MatMulV2,dynamic,AI_CORE,1790269978560160.789	,6.961,2.440000,24,0,NO,"""1,896;1152,896;1152""",DT_BF16;DT_BF16;FLOAT,ND;ND;ND,"""1,1152""",DT_BF16,ND,N/A
0,4294967295,3315,46,_triton_rope,_triton_rope,static,AI_VECTOR_CORE,1790269978560815.396	,2.840,647.789000,1,0,YES,"""1,14,64;1,2,64;32768,64""",DT_BF16;32729;DT_BF16,ND;ND;ND,"""1,14,64;1,2,64""",DT_BF16;32729,ND;ND,N/A
0,4294967295,3316,46,ReshapeAndCacheNdKernel,ReshapeAndCacheNdKernel,dynamic,AI_VECTOR_CORE,1790269978561459.061	,2.180,640.660000,1,0,NO,"""1,2,64;1,2,64;11823,128,2,64;11823,128,2,64;1""",DT_BF16;DT_BF16;DT_BF16;DT_BF16;INT32,ND;ND;ND;ND;ND,"""11823,128,2,64;11823,128,2,64""",DT_BF16;DT_BF16,ND;ND,N/A
0,4294967295,3317,46,FusedInferAttentionScore,FusedInferAttentionScore,dynamic,MIX_AIC,1790269978561912.859	,21.541,451.570000,24,48,NO,"""1,14,64;11823,128,128;11823,128,128;;2048,2048;1;1;;;;;;;;1,2;;;;;;;;;;;;;;;;""",DT_BF16;DT_BF16;DT_BF16;DT_UNDEFINED;INT8;INT64;INT64;DT_UNDEFINED;DT_UNDEFINED;DT_UNDEFINED;DT_UNDEFINED;DT_UNDEFINED;DT_UNDEFINED;DT_UNDEFINED;INT32;DT_UNDEFINED;DT_UNDEFINED;DT_UNDEFINED;DT_UNDEFINED;DT_UNDEFINED;DT_UNDEFINED;DT_UNDEFINED;DT_UNDEFINED;DT_UNDEFINED;DT_UNDEFINED;DT_UNDEFINED;DT_UNDEFINED;DT_UNDEFINED;DT_UNDEFINED;DT_UNDEFINED;DT_UNDEFINED,ND;ND;ND;NULL;ND;ND;ND;NULL;NULL;NULL;NULL;NULL;NULL;NULL;ND;NULL;NULL;NULL;NULL;NULL;NULL;NULL;NULL;NULL;NULL;NULL;NULL;NULL;NULL;NULL;NULL,"""1,14,64;""",DT_BF16;FLOAT,ND;ND,0
0,4294967295,3319,46,aclnnMatmul_MatMulCommon_MatMulV2,MatMulV2,dynamic,AI_CORE,1790269978562364.577	,5.521,430.209000,19,0,NO,"""1,896;896,896""",DT_BF16;DT_BF16,ND;ND,"""1,896""",DT_BF16,ND,N/A
0,4294967295,3320,46,AddRmsNormBias,AddRmsNormBias,dynamic,AI_VECTOR_CORE,1790269978562524.824	,1.680,154.729000,1,0,NO,"""1,896;1,896;896;""",DT_BF16;DT_BF16;DT_BF16;DT_UNDEFINED,ND;ND;ND;NULL,"""1,896;1,1;1,896""",DT_BF16;FLOAT;DT_BF16,ND;ND;ND,N/A
0,4294967295,3321,46,aclnnMatmul_MatMulCommon_MatMulV2,MatMulV2,dynamic,AI_CORE,1790269978562662.869	,18.961,136.320000,22,0,NO,"""1,896;9728,896""",DT_BF16;DT_BF16,ND;ND,"""1,9728""",DT_BF16,ND,N/A
0,4294967295,3322,46,SwiGlu,SwiGlu,dynamic,AI_VECTOR_CORE,1790269978562780.694	,3.000,99.039000,1,0,NO,"""1,9728""",DT_BF16,ND,"""1,4864""",DT_BF16,ND,N/A
0,4294967295,3323,46,aclnnMatmul_MatMulCommon_MatMulV2,MatMulV2,dynamic,AI_CORE,1790269978562913.919	,16.141,130.250000,19,0,NO,"""1,4864;896,4864""",DT_BF16;DT_BF16,ND;ND,"""1,896""",DT_BF16,ND,N/A
0,4294967295,3324,46,AddRmsNormBias,AddRmsNormBias,dynamic,AI_VECTOR_CORE,1790269978563061.625	,1.700,131.359000,1,0,NO,"""1,896;1,896;896;""",DT_BF16;DT_BF16;DT_BF16;DT_UNDEFINED,ND;ND;ND;NULL,"""1,896;1,1;1,896""",DT_BF16;FLOAT;DT_BF16,ND;ND;ND,N/A
0,4294967295,3325,46,aclnnAddmm_CastAiCore_Cast,Cast,dynamic,AI_VECTOR_CORE,1790269978563199.571	,1.160,136.300000,2,0,NO,"""1152""",DT_BF16,ND,"""1152""",FLOAT,ND,N/A
0,4294967295,3326,46,aclnnAddmm_MatMulCommon_MatMulV2,MatMulV2,dynamic,AI_CORE,1790269978563202.831	,6.800,2.090000,24,0,NO,"""1,896;1152,896;1152""",DT_BF16;DT_BF16;FLOAT,ND;ND;ND,"""1,1152""",DT_BF16,ND,N/A
0,4294967295,3327,46,_triton_rope,_triton_rope,static,AI_VECTOR_CORE,1790269978563848.897	,3.300,639.450000,1,0,YES,"""1,14,64;1,2,64;32768,64""",DT_BF16;32729;DT_BF16,ND;ND;ND,"""1,14,64;1,2,64""",DT_BF16;32729,ND;ND,N/A
0,4294967295,3328,46,ReshapeAndCacheNdKernel,ReshapeAndCacheNdKernel,dynamic,AI_VECTOR_CORE,1790269978564483.362	,1.840,630.950000,1,0,NO,"""1,2,64;1,2,64;11823,128,2,64;11823,128,2,64;1""",DT_BF16;DT_BF16;DT_BF16;DT_BF16;INT32,ND;ND;ND;ND;ND,"""11823,128,2,64;11823,128,2,64""",DT_BF16;DT_BF16,ND;ND,N/A
0,4294967295,3329,46,FusedInferAttentionScore,FusedInferAttentionScore,dynamic,MIX_AIC,1790269978564916.800	,18.480,431.660000,24,48,NO,"""1,14,64;11823,128,128;11823,128,128;;2048,2048;1;1;;;;;;;;1,2;;;;;;;;;;;;;;;;""",DT_BF16;DT_BF16;DT_BF16;DT_UNDEFINED;INT8;INT64;INT64;DT_UNDEFINED;DT_UNDEFINED;DT_UNDEFINED;DT_UNDEFINED;DT_UNDEFINED;DT_UNDEFINED;DT_UNDEFINED;INT32;DT_UNDEFINED;DT_UNDEFINED;DT_UNDEFINED;DT_UNDEFINED;DT_UNDEFINED;DT_UNDEFINED;DT_UNDEFINED;DT_UNDEFINED;DT_UNDEFINED;DT_UNDEFINED;DT_UNDEFINED;DT_UNDEFINED;DT_UNDEFINED;DT_UNDEFINED;DT_UNDEFINED;DT_UNDEFINED,ND;ND;ND;NULL;ND;ND;ND;NULL;NULL;NULL;NULL;NULL;NULL;NULL;ND;NULL;NULL;NULL;NULL;NULL;NULL;NULL;NULL;NULL;NULL;NULL;NULL;NULL;NULL;NULL;NULL,"""1,14,64;""",DT_BF16;FLOAT,ND;ND,0
0,4294967295,3331,46,aclnnMatmul_MatMulCommon_MatMulV2,MatMulV2,dynamic,AI_CORE,1790269978565400.939	,5.740,465.770000,19,0,NO,"""1,896;896,896""",DT_BF16;DT_BF16,ND;ND,"""1,896""",DT_BF16,ND,N/A
0,4294967295,3332,46,AddRmsNormBias,AddRmsNormBias,dynamic,AI_VECTOR_CORE,1790269978565558.605	,1.640,151.760000,1,0,NO,"""1,896;1,896;896;""",DT_BF16;DT_BF16;DT_BF16;DT_UNDEFINED,ND;ND;ND;NULL,"""1,896;1,1;1,896""",DT_BF16;FLOAT;DT_BF16,ND;ND;ND,N/A
0,4294967295,3333,46,aclnnMatmul_MatMulCommon_MatMulV2,MatMulV2,dynamic,AI_CORE,1790269978565699.271	,18.881,139.110000,22,0,NO,"""1,896;9728,896""",DT_BF16;DT_BF16,ND;ND,"""1,9728""",DT_BF16,ND,N/A
0,4294967295,3334,46,SwiGlu,SwiGlu,dynamic,AI_VECTOR_CORE,1790269978565816.055	,2.961,97.869000,1,0,NO,"""1,9728""",DT_BF16,ND,"""1,4864""",DT_BF16,ND,N/A
0,4294967295,3335,46,aclnnMatmul_MatMulCommon_MatMulV2,MatMulV2,dynamic,AI_CORE,1790269978565945.601	,16.280,126.539000,19,0,NO,"""1,4864;896,4864""",DT_BF16;DT_BF16,ND;ND,"""1,896""",DT_BF16,ND,N/A
0,4294967295,3336,46,AddRmsNormBias,AddRmsNormBias,dynamic,AI_VECTOR_CORE,1790269978566088.886	,1.961,127.220000,1,0,NO,"""1,896;1,896;896;""",DT_BF16;DT_BF16;DT_BF16;DT_UNDEFINED,ND;ND;ND;NULL,"""1,896;1,1;1,896""",DT_BF16;FLOAT;DT_BF16,ND;ND;ND,N/A
0,4294967295,3337,46,aclnnAddmm_CastAiCore_Cast,Cast,dynamic,AI_VECTOR_CORE,1790269978566244.213	,1.380,153.289000,2,0,NO,"""1152""",DT_BF16,ND,"""1152""",FLOAT,ND,N/A
0,4294967295,3338,46,aclnnAddmm_MatMulCommon_MatMulV2,MatMulV2,dynamic,AI_CORE,1790269978566247.933	,6.900,2.370000,24,0,NO,"""1,896;1152,896;1152""",DT_BF16;DT_BF16;FLOAT,ND;ND;ND,"""1,1152""",DT_BF16,ND,N/A
0,4294967295,3339,46,_triton_rope,_triton_rope,static,AI_VECTOR_CORE,1790269978566920.940	,3.040,666.100000,1,0,YES,"""1,14,64;1,2,64;32768,64""",DT_BF16;32729;DT_BF16,ND;ND;ND,"""1,14,64;1,2,64""",DT_BF16;32729,ND;ND,N/A
0,4294967295,3340,46,ReshapeAndCacheNdKernel,ReshapeAndCacheNdKernel,dynamic,AI_VECTOR_CORE,1790269978567572.346	,1.880,648.210000,1,0,NO,"""1,2,64;1,2,64;11823,128,2,64;11823,128,2,64;1""",DT_BF16;DT_BF16;DT_BF16;DT_BF16;INT32,ND;ND;ND;ND;ND,"""11823,128,2,64;11823,128,2,64""",DT_BF16;DT_BF16,ND;ND,N/A
0,4294967295,3341,46,FusedInferAttentionScore,FusedInferAttentionScore,dynamic,MIX_AIC,1790269978568005.363	,20.361,431.120000,24,48,NO,"""1,14,64;11823,128,128;11823,128,128;;2048,2048;1;1;;;;;;;;1,2;;;;;;;;;;;;;;;;""",DT_BF16;DT_BF16;DT_BF16;DT_UNDEFINED;INT8;INT64;INT64;DT_UNDEFINED;DT_UNDEFINED;DT_UNDEFINED;DT_UNDEFINED;DT_UNDEFINED;DT_UNDEFINED;DT_UNDEFINED;INT32;DT_UNDEFINED;DT_UNDEFINED;DT_UNDEFINED;DT_UNDEFINED;DT_UNDEFINED;DT_UNDEFINED;DT_UNDEFINED;DT_UNDEFINED;DT_UNDEFINED;DT_UNDEFINED;DT_UNDEFINED;DT_UNDEFINED;DT_UNDEFINED;DT_UNDEFINED;DT_UNDEFINED;DT_UNDEFINED,ND;ND;ND;NULL;ND;ND;ND;NULL;NULL;NULL;NULL;NULL;NULL;NULL;ND;NULL;NULL;NULL;NULL;NULL;NULL;NULL;NULL;NULL;NULL;NULL;NULL;NULL;NULL;NULL;NULL,"""1,14,64;""",DT_BF16;FLOAT,ND;ND,0
0,4294967295,3343,46,aclnnMatmul_MatMulCommon_MatMulV2,MatMulV2,dynamic,AI_CORE,1790269978568483.902	,5.420,458.389000,19,0,NO,"""1,896;896,896""",DT_BF16;DT_BF16,ND;ND,"""1,896""",DT_BF16,ND,N/A
0,4294967295,3344,46,AddRmsNormBias,AddRmsNormBias,dynamic,AI_VECTOR_CORE,1790269978568638.868	,1.780,149.330000,1,0,NO,"""1,896;1,896;896;""",DT_BF16;DT_BF16;DT_BF16;DT_UNDEFINED,ND;ND;ND;NULL,"""1,896;1,1;1,896""",DT_BF16;FLOAT;DT_BF16,ND;ND;ND,N/A
0,4294967295,3345,46,aclnnMatmul_MatMulCommon_MatMulV2,MatMulV2,dynamic,AI_CORE,1790269978568776.594	,19.361,135.970000,22,0,NO,"""1,896;9728,896""",DT_BF16;DT_BF16,ND;ND,"""1,9728""",DT_BF16,ND,N/A
0,4294967295,3346,46,SwiGlu,SwiGlu,dynamic,AI_VECTOR_CORE,1790269978568889.678	,4.201,93.889000,1,0,NO,"""1,9728""",DT_BF16,ND,"""1,4864""",DT_BF16,ND,N/A
0,4294967295,3347,46,aclnnMatmul_MatMulCommon_MatMulV2,MatMulV2,dynamic,AI_CORE,1790269978569028.164	,16.441,134.299000,19,0,NO,"""1,4864;896,4864""",DT_BF16;DT_BF16,ND;ND,"""1,896""",DT_BF16,ND,N/A
0,4294967295,3348,46,AddRmsNormBias,AddRmsNormBias,dynamic,AI_VECTOR_CORE,1790269978569193.731	,1.720,149.059000,1,0,NO,"""1,896;1,896;896;""",DT_BF16;DT_BF16;DT_BF16;DT_UNDEFINED,ND;ND;ND;NULL,"""1,896;1,1;1,896""",DT_BF16;FLOAT;DT_BF16,ND;ND;ND,N/A
0,4294967295,3349,46,aclnnAddmm_CastAiCore_Cast,Cast,dynamic,AI_VECTOR_CORE,1790269978569344.657	,1.220,149.280000,2,0,NO,"""1152""",DT_BF16,ND,"""1152""",FLOAT,ND,N/A
0,4294967295,3350,46,aclnnAddmm_MatMulCommon_MatMulV2,MatMulV2,dynamic,AI_CORE,1790269978569347.857	,7.220,1.780000,24,0,NO,"""1,896;1152,896;1152""",DT_BF16;DT_BF16;FLOAT,ND;ND;ND,"""1,1152""",DT_BF16,ND,N/A
0,4294967295,3351,46,_triton_rope,_triton_rope,static,AI_VECTOR_CORE,1790269978570004.503	,2.940,649.530000,1,0,YES,"""1,14,64;1,2,64;32768,64""",DT_BF16;32729;DT_BF16,ND;ND;ND,"""1,14,64;1,2,64""",DT_BF16;32729,ND;ND,N/A
0,4294967295,3352,46,ReshapeAndCacheNdKernel,ReshapeAndCacheNdKernel,dynamic,AI_VECTOR_CORE,1790269978570662.369	,1.820,654.810000,1,0,NO,"""1,2,64;1,2,64;11823,128,2,64;11823,128,2,64;1""",DT_BF16;DT_BF16;DT_BF16;DT_BF16;INT32,ND;ND;ND;ND;ND,"""11823,128,2,64;11823,128,2,64""",DT_BF16;DT_BF16,ND;ND,N/A
0,4294967295,3353,46,FusedInferAttentionScore,FusedInferAttentionScore,dynamic,MIX_AIC,1790269978571113.467	,18.721,449.430000,24,48,NO,"""1,14,64;11823,128,128;11823,128,128;;2048,2048;1;1;;;;;;;;1,2;;;;;;;;;;;;;;;;""",DT_BF16;DT_BF16;DT_BF16;DT_UNDEFINED;INT8;INT64;INT64;DT_UNDEFINED;DT_UNDEFINED;DT_UNDEFINED;DT_UNDEFINED;DT_UNDEFINED;DT_UNDEFINED;DT_UNDEFINED;INT32;DT_UNDEFINED;DT_UNDEFINED;DT_UNDEFINED;DT_UNDEFINED;DT_UNDEFINED;DT_UNDEFINED;DT_UNDEFINED;DT_UNDEFINED;DT_UNDEFINED;DT_UNDEFINED;DT_UNDEFINED;DT_UNDEFINED;DT_UNDEFINED;DT_UNDEFINED;DT_UNDEFINED;DT_UNDEFINED,ND;ND;ND;NULL;ND;ND;ND;NULL;NULL;NULL;NULL;NULL;NULL;NULL;ND;NULL;NULL;NULL;NULL;NULL;NULL;NULL;NULL;NULL;NULL;NULL;NULL;NULL;NULL;NULL;NULL,"""1,14,64;""",DT_BF16;FLOAT,ND;ND,0
0,4294967295,3355,46,aclnnMatmul_MatMulCommon_MatMulV2,MatMulV2,dynamic,AI_CORE,1790269978571583.346	,5.600,451.029000,19,0,NO,"""1,896;896,896""",DT_BF16;DT_BF16,ND;ND,"""1,896""",DT_BF16,ND,N/A
0,4294967295,3356,46,AddRmsNormBias,AddRmsNormBias,dynamic,AI_VECTOR_CORE,1790269978571737.632	,1.720,148.900000,1,0,NO,"""1,896;1,896;896;""",DT_BF16;DT_BF16;DT_BF16;DT_UNDEFINED,ND;ND;ND;NULL,"""1,896;1,1;1,896""",DT_BF16;FLOAT;DT_BF16,ND;ND;ND,N/A
0,4294967295,3357,46,aclnnMatmul_MatMulCommon_MatMulV2,MatMulV2,dynamic,AI_CORE,1790269978571874.998	,20.041,135.530000,22,0,NO,"""1,896;9728,896""",DT_BF16;DT_BF16,ND;ND,"""1,9728""",DT_BF16,ND,N/A
0,4294967295,3358,46,SwiGlu,SwiGlu,dynamic,AI_VECTOR_CORE,1790269978571978.382	,2.980,83.459000,1,0,NO,"""1,9728""",DT_BF16,ND,"""1,4864""",DT_BF16,ND,N/A
0,4294967295,3359,46,aclnnMatmul_MatMulCommon_MatMulV2,MatMulV2,dynamic,AI_CORE,1790269978572109.547	,16.641,128.020000,19,0,NO,"""1,4864;896,4864""",DT_BF16;DT_BF16,ND;ND,"""1,896""",DT_BF16,ND,N/A
0,4294967295,3360,46,AddRmsNormBias,AddRmsNormBias,dynamic,AI_VECTOR_CORE,1790269978572253.153	,1.860,127.109000,1,0,NO,"""1,896;1,896;896;""",DT_BF16;DT_BF16;DT_BF16;DT_UNDEFINED,ND;ND;ND;NULL,"""1,896;1,1;1,896""",DT_BF16;FLOAT;DT_BF16,ND;ND;ND,N/A
0,4294967295,3361,46,aclnnAddmm_CastAiCore_Cast,Cast,dynamic,AI_VECTOR_CORE,1790269978572407.319	,1.100,152.140000,2,0,NO,"""1152""",DT_BF16,ND,"""1152""",FLOAT,ND,N/A
0,4294967295,3362,46,aclnnAddmm_MatMulCommon_MatMulV2,MatMulV2,dynamic,AI_CORE,1790269978572410.939	,6.880,2.650000,24,0,NO,"""1,896;1152,896;1152""",DT_BF16;DT_BF16;FLOAT,ND;ND;ND,"""1,1152""",DT_BF16,ND,N/A
0,4294967295,3363,46,_triton_rope,_triton_rope,static,AI_VECTOR_CORE,1790269978573059.825	,2.900,641.870000,1,0,YES,"""1,14,64;1,2,64;32768,64""",DT_BF16;32729;DT_BF16,ND;ND;ND,"""1,14,64;1,2,64""",DT_BF16;32729,ND;ND,N/A
0,4294967295,3364,46,ReshapeAndCacheNdKernel,ReshapeAndCacheNdKernel,dynamic,AI_VECTOR_CORE,1790269978573716.231	,2.000,653.600000,1,0,NO,"""1,2,64;1,2,64;11823,128,2,64;11823,128,2,64;1""",DT_BF16;DT_BF16;DT_BF16;DT_BF16;INT32,ND;ND;ND;ND;ND,"""11823,128,2,64;11823,128,2,64""",DT_BF16;DT_BF16,ND;ND,N/A
0,4294967295,3365,46,FusedInferAttentionScore,FusedInferAttentionScore,dynamic,MIX_AIC,1790269978574165.549	,22.581,447.250000,24,48,NO,"""1,14,64;11823,128,128;11823,128,128;;2048,2048;1;1;;;;;;;;1,2;;;;;;;;;;;;;;;;""",DT_BF16;DT_BF16;DT_BF16;DT_UNDEFINED;INT8;INT64;INT64;DT_UNDEFINED;DT_UNDEFINED;DT_UNDEFINED;DT_UNDEFINED;DT_UNDEFINED;DT_UNDEFINED;DT_UNDEFINED;INT32;DT_UNDEFINED;DT_UNDEFINED;DT_UNDEFINED;DT_UNDEFINED;DT_UNDEFINED;DT_UNDEFINED;DT_UNDEFINED;DT_UNDEFINED;DT_UNDEFINED;DT_UNDEFINED;DT_UNDEFINED;DT_UNDEFINED;DT_UNDEFINED;DT_UNDEFINED;DT_UNDEFINED;DT_UNDEFINED,ND;ND;ND;NULL;ND;ND;ND;NULL;NULL;NULL;NULL;NULL;NULL;NULL;ND;NULL;NULL;NULL;NULL;NULL;NULL;NULL;NULL;NULL;NULL;NULL;NULL;NULL;NULL;NULL;NULL,"""1,14,64;""",DT_BF16;FLOAT,ND;ND,0
0,4294967295,3367,46,aclnnMatmul_MatMulCommon_MatMulV2,MatMulV2,dynamic,AI_CORE,1790269978574634.488	,5.820,446.419000,19,0,NO,"""1,896;896,896""",DT_BF16;DT_BF16,ND;ND,"""1,896""",DT_BF16,ND,N/A
0,4294967295,3368,46,AddRmsNormBias,AddRmsNormBias,dynamic,AI_VECTOR_CORE,1790269978574790.934	,1.800,150.680000,1,0,NO,"""1,896;1,896;896;""",DT_BF16;DT_BF16;DT_BF16;DT_UNDEFINED,ND;ND;ND;NULL,"""1,896;1,1;1,896""",DT_BF16;FLOAT;DT_BF16,ND;ND;ND,N/A
0,4294967295,3369,46,aclnnMatmul_MatMulCommon_MatMulV2,MatMulV2,dynamic,AI_CORE,1790269978574928.760	,19.261,135.950000,22,0,NO,"""1,896;9728,896""",DT_BF16;DT_BF16,ND;ND,"""1,9728""",DT_BF16,ND,N/A
0,4294967295,3370,46,SwiGlu,SwiGlu,dynamic,AI_VECTOR_CORE,1790269978575044.304	,3.021,96.239000,1,0,NO,"""1,9728""",DT_BF16,ND,"""1,4864""",DT_BF16,ND,N/A
0,4294967295,3371,46,aclnnMatmul_MatMulCommon_MatMulV2,MatMulV2,dynamic,AI_CORE,1790269978575165.529	,16.261,118.229000,19,0,NO,"""1,4864;896,4864""",DT_BF16;DT_BF16,ND;ND,"""1,896""",DT_BF16,ND,N/A
0,4294967295,3372,46,AddRmsNormBias,AddRmsNormBias,dynamic,AI_VECTOR_CORE,1790269978575318.795	,1.660,136.989000,1,0,NO,"""1,896;1,896;896;""",DT_BF16;DT_BF16;DT_BF16;DT_UNDEFINED,ND;ND;ND;NULL,"""1,896;1,1;1,896""",DT_BF16;FLOAT;DT_BF16,ND;ND;ND,N/A
0,4294967295,3373,46,aclnnAddmm_CastAiCore_Cast,Cast,dynamic,AI_VECTOR_CORE,1790269978575457.201	,1.240,136.840000,2,0,NO,"""1152""",DT_BF16,ND,"""1152""",FLOAT,ND,N/A
0,4294967295,3374,46,aclnnAddmm_MatMulCommon_MatMulV2,MatMulV2,dynamic,AI_CORE,1790269978575460.861	,6.800,2.260000,24,0,NO,"""1,896;1152,896;1152""",DT_BF16;DT_BF16;FLOAT,ND;ND;ND,"""1,1152""",DT_BF16,ND,N/A
0,4294967295,3375,46,_triton_rope,_triton_rope,static,AI_VECTOR_CORE,1790269978576120.927	,2.821,653.450000,1,0,YES,"""1,14,64;1,2,64;32768,64""",DT_BF16;32729;DT_BF16,ND;ND;ND,"""1,14,64;1,2,64""",DT_BF16;32729,ND;ND,N/A
0,4294967295,3376,46,ReshapeAndCacheNdKernel,ReshapeAndCacheNdKernel,dynamic,AI_VECTOR_CORE,1790269978576782.834	,2.180,658.929000,1,0,NO,"""1,2,64;1,2,64;11823,128,2,64;11823,128,2,64;1""",DT_BF16;DT_BF16;DT_BF16;DT_BF16;INT32,ND;ND;ND;ND;ND,"""11823,128,2,64;11823,128,2,64""",DT_BF16;DT_BF16,ND;ND,N/A
0,4294967295,3377,46,FusedInferAttentionScore,FusedInferAttentionScore,dynamic,MIX_AIC,1790269978577246.453	,23.080,461.570000,24,48,NO,"""1,14,64;11823,128,128;11823,128,128;;2048,2048;1;1;;;;;;;;1,2;;;;;;;;;;;;;;;;""",DT_BF16;DT_BF16;DT_BF16;DT_UNDEFINED;INT8;INT64;INT64;DT_UNDEFINED;DT_UNDEFINED;DT_UNDEFINED;DT_UNDEFINED;DT_UNDEFINED;DT_UNDEFINED;DT_UNDEFINED;INT32;DT_UNDEFINED;DT_UNDEFINED;DT_UNDEFINED;DT_UNDEFINED;DT_UNDEFINED;DT_UNDEFINED;DT_UNDEFINED;DT_UNDEFINED;DT_UNDEFINED;DT_UNDEFINED;DT_UNDEFINED;DT_UNDEFINED;DT_UNDEFINED;DT_UNDEFINED;DT_UNDEFINED;DT_UNDEFINED,ND;ND;ND;NULL;ND;ND;ND;NULL;NULL;NULL;NULL;NULL;NULL;NULL;ND;NULL;NULL;NULL;NULL;NULL;NULL;NULL;NULL;NULL;NULL;NULL;NULL;NULL;NULL;NULL;NULL,"""1,14,64;""",DT_BF16;FLOAT,ND;ND,0
0,4294967295,3379,46,aclnnMatmul_MatMulCommon_MatMulV2,MatMulV2,dynamic,AI_CORE,1790269978577727.912	,5.640,458.420000,19,0,NO,"""1,896;896,896""",DT_BF16;DT_BF16,ND;ND,"""1,896""",DT_BF16,ND,N/A
0,4294967295,3380,46,AddRmsNormBias,AddRmsNormBias,dynamic,AI_VECTOR_CORE,1790269978577886.858	,1.660,153.110000,1,0,NO,"""1,896;1,896;896;""",DT_BF16;DT_BF16;DT_BF16;DT_UNDEFINED,ND;ND;ND;NULL,"""1,896;1,1;1,896""",DT_BF16;FLOAT;DT_BF16,ND;ND;ND,N/A
0,4294967295,3381,46,aclnnMatmul_MatMulCommon_MatMulV2,MatMulV2,dynamic,AI_CORE,1790269978578026.544	,19.460,138.090000,22,0,NO,"""1,896;9728,896""",DT_BF16;DT_BF16,ND;ND,"""1,9728""",DT_BF16,ND,N/A
0,4294967295,3382,46,SwiGlu,SwiGlu,dynamic,AI_VECTOR_CORE,1790269978578146.929	,2.940,101.040000,1,0,NO,"""1,9728""",DT_BF16,ND,"""1,4864""",DT_BF16,ND,N/A
0,4294967295,3383,46,aclnnMatmul_MatMulCommon_MatMulV2,MatMulV2,dynamic,AI_CORE,1790269978578269.813	,16.501,119.810000,19,0,NO,"""1,4864;896,4864""",DT_BF16;DT_BF16,ND;ND,"""1,896""",DT_BF16,ND,N/A
0,4294967295,3384,46,AddRmsNormBias,AddRmsNormBias,dynamic,AI_VECTOR_CORE,1790269978578418.399	,1.740,132.249000,1,0,NO,"""1,896;1,896;896;""",DT_BF16;DT_BF16;DT_BF16;DT_UNDEFINED,ND;ND;ND;NULL,"""1,896;1,1;1,896""",DT_BF16;FLOAT;DT_BF16,ND;ND;ND,N/A
0,4294967295,3385,46,aclnnAddmm_CastAiCore_Cast,Cast,dynamic,AI_VECTOR_CORE,1790269978578563.825	,1.160,143.510000,2,0,NO,"""1152""",DT_BF16,ND,"""1152""",FLOAT,ND,N/A
0,4294967295,3386,46,aclnnAddmm_MatMulCommon_MatMulV2,MatMulV2,dynamic,AI_CORE,1790269978578567.145	,7.481,2.340000,24,0,NO,"""1,896;1152,896;1152""",DT_BF16;DT_BF16;FLOAT,ND;ND;ND,"""1,1152""",DT_BF16,ND,N/A
0,4294967295,3387,46,_triton_rope,_triton_rope,static,AI_VECTOR_CORE,1790269978579220.071	,3.040,645.269000,1,0,YES,"""1,14,64;1,2,64;32768,64""",DT_BF16;32729;DT_BF16,ND;ND;ND,"""1,14,64;1,2,64""",DT_BF16;32729,ND;ND,N/A
0,4294967295,3388,46,ReshapeAndCacheNdKernel,ReshapeAndCacheNdKernel,dynamic,AI_VECTOR_CORE,1790269978579880.618	,1.960,657.460000,1,0,NO,"""1,2,64;1,2,64;11823,128,2,64;11823,128,2,64;1""",DT_BF16;DT_BF16;DT_BF16;DT_BF16;INT32,ND;ND;ND;ND;ND,"""11823,128,2,64;11823,128,2,64""",DT_BF16;DT_BF16,ND;ND,N/A
0,4294967295,3389,46,FusedInferAttentionScore,FusedInferAttentionScore,dynamic,MIX_AIC,1790269978580316.615	,21.401,434.040000,24,48,NO,"""1,14,64;11823,128,128;11823,128,128;;2048,2048;1;1;;;;;;;;1,2;;;;;;;;;;;;;;;;""",DT_BF16;DT_BF16;DT_BF16;DT_UNDEFINED;INT8;INT64;INT64;DT_UNDEFINED;DT_UNDEFINED;DT_UNDEFINED;DT_UNDEFINED;DT_UNDEFINED;DT_UNDEFINED;DT_UNDEFINED;INT32;DT_UNDEFINED;DT_UNDEFINED;DT_UNDEFINED;DT_UNDEFINED;DT_UNDEFINED;DT_UNDEFINED;DT_UNDEFINED;DT_UNDEFINED;DT_UNDEFINED;DT_UNDEFINED;DT_UNDEFINED;DT_UNDEFINED;DT_UNDEFINED;DT_UNDEFINED;DT_UNDEFINED;DT_UNDEFINED,ND;ND;ND;NULL;ND;ND;ND;NULL;NULL;NULL;NULL;NULL;NULL;NULL;ND;NULL;NULL;NULL;NULL;NULL;NULL;NULL;NULL;NULL;NULL;NULL;NULL;NULL;NULL;NULL;NULL,"""1,14,64;""",DT_BF16;FLOAT,ND;ND,0
0,4294967295,3391,46,aclnnMatmul_MatMulCommon_MatMulV2,MatMulV2,dynamic,AI_CORE,1790269978580774.694	,5.700,436.849000,19,0,NO,"""1,896;896,896""",DT_BF16;DT_BF16,ND;ND,"""1,896""",DT_BF16,ND,N/A
0,4294967295,3392,46,AddRmsNormBias,AddRmsNormBias,dynamic,AI_VECTOR_CORE,1790269978580931.120	,1.640,150.550000,1,0,NO,"""1,896;1,896;896;""",DT_BF16;DT_BF16;DT_BF16;DT_UNDEFINED,ND;ND;ND;NULL,"""1,896;1,1;1,896""",DT_BF16;FLOAT;DT_BF16,ND;ND;ND,N/A
0,4294967295,3393,46,aclnnMatmul_MatMulCommon_MatMulV2,MatMulV2,dynamic,AI_CORE,1790269978581068.165	,19.661,135.610000,22,0,NO,"""1,896;9728,896""",DT_BF16;DT_BF16,ND;ND,"""1,9728""",DT_BF16,ND,N/A
0,4294967295,3394,46,SwiGlu,SwiGlu,dynamic,AI_VECTOR_CORE,1790269978581213.491	,2.880,125.589000,1,0,NO,"""1,9728""",DT_BF16,ND,"""1,4864""",DT_BF16,ND,N/A
0,4294967295,3395,46,aclnnMatmul_MatMulCommon_MatMulV2,MatMulV2,dynamic,AI_CORE,1790269978581351.177	,16.340,134.870000,19,0,NO,"""1,4864;896,4864""",DT_BF16;DT_BF16,ND;ND,"""1,896""",DT_BF16,ND,N/A
0,4294967295,3396,46,AddRmsNormBias,AddRmsNormBias,dynamic,AI_VECTOR_CORE,1790269978581499.663	,1.680,132.160000,1,0,NO,"""1,896;1,896;896;""",DT_BF16;DT_BF16;DT_BF16;DT_UNDEFINED,ND;ND;ND;NULL,"""1,896;1,1;1,896""",DT_BF16;FLOAT;DT_BF16,ND;ND;ND,N/A
0,4294967295,3397,46,aclnnIndex_IndexAiCore_Index,Index,dynamic,AI_VECTOR_CORE,1790269978581656.349	,14.640,154.820000,48,0,NO,"""1,896;1;2;1""",DT_BF16;INT64;INT64;INT32,ND;ND;ND;ND,"""1,896""",DT_BF16,ND,N/A
0,4294967295,3398,46,aclnnMatmul_MatMulCommon_MatMulV2,MatMulV2,dynamic,AI_CORE,1790269978581693.470	,221.309,22.610000,24,0,NO,"""1,896;151936,896""",DT_BF16;DT_BF16,ND;ND,"""1,151936""",DT_BF16,ND,N/A
0,4294967295,3399,46,aclnnInplaceCopy_CastAiCore_Cast,Cast,dynamic,AI_VECTOR_CORE,1790269978582152.489	,7.160,237.691000,48,0,NO,"""1,151936""",DT_BF16,ND,"""1,151936""",FLOAT,ND,N/A
0,4294967295,3402,46,aclnnEqScalar_EqualAiCore_Equal,Equal,dynamic,AI_VECTOR_CORE,1790269978582262.813	,2.060,103.090000,1,0,NO,"""1,3;""",INT64;INT64,ND;ND,"""1,3""",BOOL,ND,N/A
0,4294967295,3403,46,aclnnInplaceMaskedFillScalar_MaskedFillAiCpu_MaskedFill,MaskedFill,dynamic,AI_CPU,1790269978582317.575	,63.523,52.690000,0,0,NO,"""1,3;1,3;""",INT64;BOOL;INT64,ND;ND;ND,"""1,3""",INT64,ND,N/A
0,4294967295,3404,46,aclnnInplaceZero_ZerosLikeAiCore_ZerosLike,ZerosLike,dynamic,AI_VECTOR_CORE,1790269978582381.118	,7.500,0.000000,48,0,NO,"""1,151936""",INT32,ND,"""1,151936""",INT32,ND,N/A
0,4294967295,3405,46,token_bin_counts_and_mask_kernel,token_bin_counts_and_mask_kernel,static,AI_VECTOR_CORE,1790269978582819.055	,57.863,430.500000,1,0,NO,"""1,10;1,151936""",INT64;FLOAT,ND;ND,"""1,151936""",FLOAT,ND,N/A
0,4294967295,3406,46,aclnnGtScalar_CastAiCore_Cast,Cast,dynamic,AI_VECTOR_CORE,1790269978583054.445	,8.540,177.637000,48,0,NO,"""1,151936""",INT32,ND,"""1,151936""",INT64,ND,N/A
0,4294967295,3407,46,aclnnGtScalar_GreaterAiCore_Greater,Greater,dynamic,AI_VECTOR_CORE,1790269978583063.005	,15.681,0.000000,48,0,NO,"""1,151936;""",INT64;INT64,ND;ND,"""1,151936""",BOOL,ND,N/A
0,4294967295,3408,46,aclnnInplaceZero_ZerosLikeAiCore_ZerosLike,ZerosLike,dynamic,AI_VECTOR_CORE,1790269978583078.726	,2.820,0.069000,48,0,NO,"""1,151936""",INT32,ND,"""1,151936""",INT32,ND,N/A
0,4294967295,3409,46,token_bin_counts_and_mask_kernel,token_bin_counts_and_mask_kernel,static,AI_VECTOR_CORE,1790269978583509.583	,61.702,427.930000,1,0,NO,"""1,3;1,151936""",INT64;FLOAT,ND;ND,"""1,151936""",FLOAT,ND,N/A
0,4294967295,3410,46,aclnnGtScalar_CastAiCore_Cast,Cast,dynamic,AI_VECTOR_CORE,1790269978583724.091	,2.801,152.798000,48,0,NO,"""1,151936""",INT32,ND,"""1,151936""",INT64,ND,N/A
0,4294967295,3411,46,aclnnGtScalar_GreaterAiCore_Greater,Greater,dynamic,AI_VECTOR_CORE,1790269978583727.492	,10.400,0.699000,48,0,NO,"""1,151936;""",INT64;INT64,ND;ND,"""1,151936""",BOOL,ND,N/A
0,4294967295,3412,46,apply_all_penalties_kernel,apply_all_penalties_kernel,static,AI_VECTOR_CORE,1790269978584283.314	,76.043,545.350000,1,0,YES,"""1,151936;1,151936;1,151936;1,151936""",FLOAT;BOOL;BOOL;INT32,ND;ND;ND;ND,"""1,151936""",FLOAT,ND,N/A
0,4294967295,3413,46,aclnnArgMax_ArgMaxV2AiCore_ArgMaxV2,ArgMaxV2,dynamic,AI_VECTOR_CORE,1790269978584570.605	,18.861,211.207000,1,0,NO,"""1,151936;""",FLOAT;INT64,ND;ND,"""1""",INT32,ND,N/A
0,4294967295,3414,46,aclnnArgMax_CastAiCore_Cast,Cast,dynamic,AI_VECTOR_CORE,1790269978584589.486	,0.880,0.139000,1,0,NO,"""1""",INT32,ND,"""1""",INT64,ND,N/A
0,4294967295,3415,46,aclnnInplaceCopy_CastAiCore_Cast,Cast,dynamic,AI_VECTOR_CORE,1790269978584590.386	,1.360,0.120000,1,0,NO,"""1""",INT64,ND,"""1""",INT32,ND,N/A
