Name,Input Shapes,Call Stack,Host Self Duration(us),Host Total Duration(us),Device Self Duration(us),Device Total Duration(us),Device Self Duration With AICore(us),Device Total Duration With AICore(us)
P13/1104248/00033/runner,,,2128.637,114294.804,0,2837.142,0,1405.461
aten::slice,,,19.023,29.058,0,0,0,0
aten::as_strided,,,10.035,10.035,0,0,0,0
aten::slice,,,2.103,4.095,0,0,0,0
aten::as_strided,,,1.992,1.992,0,0,0,0
aten::copy_,,,28.422,36.705,0,2.76,0,0
acl_memcpy_host_to_device,,,8.283,8.283,2.76,2.76,0,0
aten::slice,,,0.906,1.607,0,0,0,0
aten::as_strided,,,0.701,0.701,0,0,0,0
aten::slice,,,0.911,1.364,0,0,0,0
aten::as_strided,,,0.453,0.453,0,0,0,0
aten::copy_,,,3.222,5.012,0,2.96,0,0
acl_memcpy_host_to_device,,,1.79,1.79,2.96,2.96,0,0
aten::slice,,,0.767,1.254,0,0,0,0
aten::as_strided,,,0.487,0.487,0,0,0,0
aten::slice,,,0.712,0.971,0,0,0,0
aten::as_strided,,,0.259,0.259,0,0,0,0
aten::copy_,,,2.476,3.969,0,2.761,0,0
acl_memcpy_host_to_device,,,1.493,1.493,2.761,2.761,0,0
aten::empty,,,115.537,115.537,0,0,0,0
aten::detach,,,2.198,2.198,0,0,0,0
aten::to,,,1.69,1.69,0,0,0,0
aten::resolve_conj,,,0.707,0.707,0,0,0,0
aten::resolve_neg,,,0.521,0.521,0,0,0,0
aten::to,,,1.7,29.568,0,2.821,0,0
aten::_to_copy,,,4.442,27.868,0,2.821,0,0
aten::empty_strided,,,11.128,16.061,0,0,0,0
empty_tensor,,,4.933,4.933,0,0,0,0
aten::copy_,,,4.979,7.365,0,2.821,0,0
acl_memcpy_host_to_device,,,2.386,2.386,2.821,2.821,0,0
aten::slice,,,1.3,2.03,0,0,0,0
aten::as_strided,,,0.73,0.73,0,0,0,0
aten::slice,,,0.616,1.15,0,0,0,0
aten::as_strided,,,0.534,0.534,0,0,0,0
aten::slice,,,0.595,1.174,0,0,0,0
aten::as_strided,,,0.579,0.579,0,0,0,0
record_event,,,3.557,3.557,0.0,0.0,0,0
P13/1104248/00034/prepare,,,1260.008,3425.956,0,161.36700000000002,0,0
P13/1104248/00035/buffer_copy,,,123.024,138.942,0,2.74,0,0
aten::slice,,,2.117,3.984,0,0,0,0
aten::as_strided,,,1.867,1.867,0,0,0,0
aten::slice,,,0.773,1.484,0,0,0,0
aten::as_strided,,,0.711,0.711,0,0,0,0
aten::copy_,,,7.058,10.45,0,2.74,0,0
acl_memcpy_host_to_device,,,3.392,3.392,2.74,2.74,0,0
aten::lift_fresh,,,2.519,2.519,0,0,0,0
aten::lift_fresh,,,0.119,0.119,0,0,0,0
aten::flatten,,,9.478,15.476,0,0,0,0
aten::view,,,5.998,5.998,0,0,0,0
aten::slice,,,1.562,2.225,0,0,0,0
aten::as_strided,,,0.663,0.663,0,0,0,0
aten::index_select,,,5.922,5.922,0,0,0,0
P13/1104248/00036/buffer_copy,,,96.921,117.833,0,2.78,0,0
aten::copy_,,,8.564,20.912,0,2.78,0,0
acl_memcpy_host_to_device,,,12.348,12.348,2.78,2.78,0,0
aten::slice,,,1.906,2.445,0,0,0,0
aten::as_strided,,,0.539,0.539,0,0,0,0
aten::lift_fresh,,,0.187,0.187,0,0,0,0
aten::slice,,,0.751,1.086,0,0,0,0
aten::as_strided,,,0.335,0.335,0,0,0,0
aten::add,,,11.516,11.516,0,0,0,0
aten::slice,,,0.625,0.878,0,0,0,0
aten::as_strided,,,0.253,0.253,0,0,0,0
aten::fill_,,,3.812,3.812,0,0,0,0
aten::slice,,,0.727,2.429,0,0,0,0
aten::as_strided,,,1.702,1.702,0,0,0,0
aten::fill_,,,17.149,21.144,0,1.02,0,0
aclnnInplaceFillScalar,,,3.995,3.995,1.02,1.02,0,0
P13/1104248/00037/buffer_copy,,,86.105,98.266,0,2.74,0,0
aten::slice,,,1.169,2.093,0,0,0,0
aten::as_strided,,,0.924,0.924,0,0,0,0
aten::slice,,,1.111,1.476,0,0,0,0
aten::as_strided,,,0.365,0.365,0,0,0,0
aten::copy_,,,6.187,8.592,0,2.74,0,0
acl_memcpy_host_to_device,,,2.405,2.405,2.74,2.74,0,0
aten::slice,,,1.17,1.521,0,0,0,0
aten::as_strided,,,0.351,0.351,0,0,0,0
aten::detach,,,2.062,2.062,0,0,0,0
aten::to,,,0.861,0.861,0,0,0,0
aten::resolve_conj,,,0.451,0.451,0,0,0,0
aten::resolve_neg,,,1.767,1.767,0,0,0,0
P13/1104248/00038/buffer_copy,,,77.513,82.306,0,0,0,0
aten::slice,,,1.397,2.822,0,0,0,0
aten::as_strided,,,1.425,1.425,0,0,0,0
aten::slice,,,0.914,1.227,0,0,0,0
aten::as_strided,,,0.313,0.313,0,0,0,0
aten::copy_,,,0.744,0.744,0,0,0,0
P13/1104248/00039/buffer_copy,,,73.169,86.601,0,2.84,0,0
aten::slice,,,1.175,2.217,0,0,0,0
aten::as_strided,,,1.042,1.042,0,0,0,0
aten::slice,,,0.715,1.203,0,0,0,0
aten::as_strided,,,0.488,0.488,0,0,0,0
aten::copy_,,,6.327,10.012,0,2.84,0,0
acl_memcpy_host_to_device,,,3.685,3.685,2.84,2.84,0,0
aten::fill_,,,6.041,8.593,0,0.96,0,0
aclnnInplaceFillScalar,,,2.552,2.552,0.96,0.96,0,0
aten::slice,,,1.032,2.115,0,0,0,0
aten::as_strided,,,1.083,1.083,0,0,0,0
aten::slice,,,0.633,0.913,0,0,0,0
aten::as_strided,,,0.28,0.28,0,0,0,0
aten::copy_,,,4.167,4.959,0,2.74,0,0
acl_memcpy_host_to_device,,,0.792,0.792,2.74,2.74,0,0
P13/1104248/00040/buffer_copy,,,351.641,366.914,0,2.72,0,0
aten::slice,,,1.869,3.899,0,0,0,0
aten::as_strided,,,2.03,2.03,0,0,0,0
aten::slice,,,0.833,1.235,0,0,0,0
aten::as_strided,,,0.402,0.402,0,0,0,0
aten::copy_,,,6.808,10.139,0,2.72,0,0
acl_memcpy_host_to_device,,,3.331,3.331,2.72,2.72,0,0
aten::slice,,,1.123,2.143,0,0,0,0
aten::as_strided,,,1.02,1.02,0,0,0,0
P13/1104248/00041/buffer_copy,,,88.893,111.562,0,2.861,0,0
aten::slice,,,1.149,2.049,0,0,0,0
aten::as_strided,,,0.9,0.9,0,0,0,0
aten::slice,,,0.856,1.208,0,0,0,0
aten::as_strided,,,0.352,0.352,0,0,0,0
aten::copy_,,,6.129,19.412,0,2.861,0,0
acl_memcpy_host_to_device,,,13.283,13.283,2.861,2.861,0,0
P13/1104248/00042/buffer_copy,,,77.521,89.127,0,2.76,0,0
aten::slice,,,1.73,2.748,0,0,0,0
aten::as_strided,,,1.018,1.018,0,0,0,0
aten::slice,,,0.679,1.129,0,0,0,0
aten::as_strided,,,0.45,0.45,0,0,0,0
aten::copy_,,,5.196,7.729,0,2.76,0,0
acl_memcpy_host_to_device,,,2.533,2.533,2.76,2.76,0,0
aten::slice,,,0.939,1.75,0,0,0,0
aten::as_strided,,,0.811,0.811,0,0,0,0
aten::index,,,15.198,26.056,0,9.04,0,0
empty_tensor,,,3.236,3.236,0,0,0,0
empty_tensor,,,4.432,4.432,0,0,0,0
aclnnIndex,,,3.19,3.19,9.04,9.04,0,0
aten::to,,,1.098,12.555,0,0.901,0,0
aten::_to_copy,,,2.608,11.457,0,0.901,0,0
aten::empty,,,1.145,3.424,0,0,0,0
empty_tensor,,,2.279,2.279,0,0,0,0
aten::copy_,,,4.546,5.425,0,0.901,0,0
aclnnInplaceCopy,,,0.879,0.879,0.901,0.901,0,0
aten::slice,,,1.031,1.752,0,0,0,0
aten::as_strided,,,0.721,0.721,0,0,0,0
aten::add,,,8.137,12.428,0,2.74,0,0
empty_tensor,,,2.08,2.08,0,0,0,0
aclnnAdd,,,2.211,2.211,2.74,2.74,0,0
aten::slice,,,0.68,1.307,0,0,0,0
aten::as_strided,,,0.627,0.627,0,0,0,0
aten::copy_,,,50.549,53.09,0,0.72,0,0
aclnnInplaceCopy,,,2.541,2.541,0.72,0.72,0,0
aten::slice,,,0.754,1.258,0,0,0,0
aten::as_strided,,,0.504,0.504,0,0,0,0
aten::add,,,2.872,4.7,0,1.46,0,0
empty_tensor,,,1.089,1.089,0,0,0,0
aclnnAdd,,,0.739,0.739,1.46,1.46,0,0
aten::copy_,,,7.621,11.545,0,0.76,0,0
aclnnInplaceCopy,,,3.924,3.924,0.76,0.76,0,0
aten::slice,,,0.634,1.058,0,0,0,0
aten::as_strided,,,0.424,0.424,0,0,0,0
aten::fill_,,,3.576,5.085,0,0,0,0
aclnnInplaceFillScalar,,,1.509,1.509,0,0,0,0
aten::slice,,,0.917,1.447,0,0,0,0
aten::as_strided,,,0.53,0.53,0,0,0,0
aten::slice,,,0.606,1.033,0,0,0,0
aten::as_strided,,,0.427,0.427,0,0,0,0
P13/1104248/00043/jit_run,,,631.173,814.473,0,120.245,0,0
P13/1104248/00044/launch,,,177.732,183.3,0,120.245,0,0
_compute_slot_mapping_kernel,,,5.568,5.568,120.245,120.245,0,0
aten::slice,,,3.356,5.465,0,0,0,0
aten::as_strided,,,2.109,2.109,0,0,0,0
aten::sub,,,11.401,24.252,0,1.34,0,0
empty_tensor,,,4.753,4.753,0,0,0,0
aten::item,,,1.738,5.058,0,0,0,0
aten::_local_scalar_dense,,,3.32,3.32,0,0,0,0
aclnnSubs,,,3.04,3.04,1.34,1.34,0,0
aten::detach,,,1.547,1.547,0,0,0,0
aten::to,,,0.843,0.843,0,0,0,0
aten::resolve_conj,,,0.391,0.391,0,0,0,0
aten::resolve_neg,,,0.116,0.116,0,0,0,0
aten::slice,,,2.313,3.741,0,0,0,0
aten::as_strided,,,1.428,1.428,0,0,0,0
aten::slice,,,2.151,3.086,0,0,0,0
aten::as_strided,,,0.935,0.935,0,0,0,0
aten::slice,,,0.947,1.863,0,0,0,0
aten::as_strided,,,0.916,0.916,0,0,0,0
aten::slice,,,1.28,1.798,0,0,0,0
aten::as_strided,,,0.518,0.518,0,0,0,0
aten::fill_,,,5.974,9.026,0,0,0,0
aclnnInplaceFillScalar,,,3.052,3.052,0,0,0,0
aten::slice,,,0.613,1.042,0,0,0,0
aten::as_strided,,,0.429,0.429,0,0,0,0
aten::fill_,,,1.887,4.385,0,0,0,0
aclnnInplaceFillScalar,,,2.498,2.498,0,0,0,0
aten::slice,,,0.713,1.19,0,0,0,0
aten::as_strided,,,0.477,0.477,0,0,0,0
aten::slice,,,0.748,1.039,0,0,0,0
aten::as_strided,,,0.291,0.291,0,0,0,0
aten::lt,,,8.334,8.334,0,0,0,0
aten::lift_fresh,,,0.56,0.56,0,0,0,0
aten::slice,,,0.334,1.016,0,0,0,0
aten::as_strided,,,0.682,0.682,0,0,0,0
aten::fill_,,,1.353,5.923,0,0,0,0
aten::copy_,,,4.57,4.57,0,0,0,0
aten::slice,,,0.668,0.919,0,0,0,0
aten::as_strided,,,0.251,0.251,0,0,0,0
aten::slice,,,0.575,1.013,0,0,0,0
aten::as_strided,,,0.438,0.438,0,0,0,0
aten::slice,,,0.552,1.363,0,0,0,0
aten::as_strided,,,0.811,0.811,0,0,0,0
aten::slice,,,0.783,1.35,0,0,0,0
aten::as_strided,,,0.567,0.567,0,0,0,0
aten::slice,,,0.612,0.888,0,0,0,0
aten::as_strided,,,0.276,0.276,0,0,0,0
aten::slice,,,0.45,0.666,0,0,0,0
aten::as_strided,,,0.216,0.216,0,0,0,0
aten::slice,,,0.711,2.04,0,0,0,0
aten::as_strided,,,1.329,1.329,0,0,0,0
aten::slice,,,0.655,1.143,0,0,0,0
aten::as_strided,,,0.488,0.488,0,0,0,0
aten::slice,,,0.49,0.968,0,0,0,0
aten::as_strided,,,0.478,0.478,0,0,0,0
aten::sub,,,4.192,4.192,0,0,0,0
aten::gt,,,6.844,15.297,0,0,0,0
aten::to,,,0.55,8.453,0,0,0,0
aten::_to_copy,,,2.954,7.903,0,0,0,0
aten::empty_strided,,,1.827,1.827,0,0,0,0
aten::copy_,,,3.122,3.122,0,0,0,0
aten::any,,,4.312,8.322,0,0,0,0
aten::view_as,,,1.267,2.078,0,0,0,0
aten::view,,,0.811,0.811,0,0,0,0
aten::to,,,0.083,0.083,0,0,0,0
aten::copy_,,,1.849,1.849,0,0,0,0
aten::is_nonzero,,,3.423,4.296,0,0,0,0
aten::item,,,0.469,0.873,0,0,0,0
aten::_local_scalar_dense,,,0.404,0.404,0,0,0,0
aten::to,,,0.771,3.98,0,0,0,0
aten::_to_copy,,,0.625,3.209,0,0,0,0
aten::empty_strided,,,0.543,0.543,0,0,0,0
aten::copy_,,,2.041,2.041,0,0,0,0
aten::argmax,,,3.136,3.416,0,0,0,0
aten::fill_,,,0.28,0.28,0,0,0,0
aten::item,,,0.177,0.44,0,0,0,0
aten::_local_scalar_dense,,,0.263,0.263,0,0,0,0
aten::select,,,4.366,4.677,0,0,0,0
aten::as_strided,,,0.311,0.311,0,0,0,0
aten::item,,,0.219,0.553,0,0,0,0
aten::_local_scalar_dense,,,0.334,0.334,0,0,0,0
aten::slice,,,0.799,1.151,0,0,0,0
aten::as_strided,,,0.352,0.352,0,0,0,0
aten::slice,,,0.731,1.478,0,0,0,0
aten::as_strided,,,0.747,0.747,0,0,0,0
aten::pin_memory,,,2.417,13.483,0,0,0,0
aten::is_pinned,,,11.066,11.066,0,0,0,0
aten::to,,,0.694,18.197,0,2.78,0,0
aten::_to_copy,,,1.661,17.503,0,2.78,0,0
aten::empty_strided,,,4.61,6.987,0,0,0,0
empty_tensor,,,2.377,2.377,0,0,0,0
aten::copy_,,,5.67,8.855,0,2.78,0,0
acl_memcpy_host_to_device,,,3.185,3.185,2.78,2.78,0,0
aten::resolve_conj,,,0.16,0.16,0,0,0,0
aten::resolve_neg,,,0.198,0.198,0,0,0,0
aten::slice,,,0.772,1.202,0,0,0,0
aten::as_strided,,,0.43,0.43,0,0,0,0
aten::resolve_conj,,,1.613,1.613,0,0,0,0
aten::resolve_neg,,,0.198,0.198,0,0,0,0
aten::slice,,,0.673,1.26,0,0,0,0
aten::as_strided,,,0.587,0.587,0,0,0,0
aten::slice,,,0.558,0.887,0,0,0,0
aten::as_strided,,,0.329,0.329,0,0,0,0
aten::index_select,,,9.997,15.13,0,3.96,0,0
empty_tensor,,,2.664,2.664,0,0,0,0
aclnnIndexSelect,,,2.469,2.469,3.96,3.96,0,0
aten::view,,,2.218,2.218,0,0,0,0
aten::repeat,,,5.171,18.684,0,1.82,0,0
empty_tensor,,,5.151,5.151,0,0,0,0
aclnnRepeat,,,8.362,8.362,1.82,1.82,0,0
aten::chunk,,,2.771,10.231,0,0,0,0
aten::split,,,1.913,7.46,0,0,0,0
aten::narrow,,,2.12,4.264,0,0,0,0
aten::slice,,,0.514,2.144,0,0,0,0
aten::as_strided,,,1.63,1.63,0,0,0,0
aten::narrow,,,0.348,1.283,0,0,0,0
aten::slice,,,0.31,0.935,0,0,0,0
aten::as_strided,,,0.625,0.625,0,0,0,0
aten::slice,,,1.928,2.798,0,0,0,0
aten::as_strided,,,0.87,0.87,0,0,0,0
aten::view,,,0.877,0.877,0,0,0,0
aten::expand,,,2.211,2.939,0,0,0,0
aten::as_strided,,,0.728,0.728,0,0,0,0
aten::copy_,,,3.725,6.108,0,3.02,0,0
aclnnInplaceCopy,,,2.383,2.383,3.02,3.02,0,0
aten::index_select,,,2.971,5.082,0,3.78,0,0
empty_tensor,,,1.299,1.299,0,0,0,0
aclnnIndexSelect,,,0.812,0.812,3.78,3.78,0,0
aten::view,,,0.688,0.688,0,0,0,0
aten::repeat,,,3.226,4.917,0,1.9,0,0
empty_tensor,,,1.104,1.104,0,0,0,0
aclnnRepeat,,,0.587,0.587,1.9,1.9,0,0
aten::chunk,,,0.422,4.308,0,0,0,0
aten::split,,,0.516,3.886,0,0,0,0
aten::narrow,,,0.367,1.298,0,0,0,0
aten::slice,,,0.316,0.931,0,0,0,0
aten::as_strided,,,0.615,0.615,0,0,0,0
aten::narrow,,,1.334,2.072,0,0,0,0
aten::slice,,,0.244,0.738,0,0,0,0
aten::as_strided,,,0.494,0.494,0,0,0,0
aten::slice,,,1.955,2.493,0,0,0,0
aten::as_strided,,,0.538,0.538,0,0,0,0
aten::view,,,0.414,0.414,0,0,0,0
aten::expand,,,0.351,0.784,0,0,0,0
aten::as_strided,,,0.433,0.433,0,0,0,0
aten::copy_,,,2.449,4.576,0,2.34,0,0
aclnnInplaceCopy,,,2.127,2.127,2.34,2.34,0,0
aten::slice,,,0.537,0.911,0,0,0,0
aten::as_strided,,,0.374,0.374,0,0,0,0
aten::slice,,,0.68,1.21,0,0,0,0
aten::as_strided,,,0.53,0.53,0,0,0,0
P13/1104248/00045/forward,,,7763.327,108230.595,0,2417.383,0,1186.572
P13/1104248/00046/acl_dispatch,,,318.468,2483.127,0,32.863,0,11.7
P13/1104248/00047/partition_body,,,226.831,2164.659,0,32.863,0,11.7
npu_fx_compiler inference,,,363.744,1937.828,0,32.863,0,11.7
aten::_to_copy,,,5.178,26.494,0,0.86,0,0
aten::empty,,,2.271,9.411,0,0,0,0
empty_tensor,,,7.14,7.14,0,0,0,0
aten::copy_,,,7.539,11.905,0,0.86,0,0
aclnnInplaceCopy,,,4.366,4.366,0.86,0.86,0,0
aten::embedding,,,12.309,17.643,0,3.36,0,0
empty_tensor,,,2.967,2.967,0,0,0,0
aclnnEmbedding,,,2.367,2.367,3.36,3.36,0,0
vllm::maybe_pad_and_reduce,,,27.941,27.941,0,0,0,0
npu::npu_rms_norm,,,48.031,56.564,0,6.501,0,0
empty_tensor,,,2.201,2.201,0,0,0,0
empty_tensor,,,1.507,1.507,0,0,0,0
aclnnRmsNorm,,,4.825,4.825,6.501,6.501,0,0
vllm::unquantized_gemm,,,92.139,244.812,0,12.921,0,11.7
P13/1104248/00048/linear,,,121.764,152.673,0,12.921,0,11.7
aten::linear,,,3.832,30.909,0,12.921,0,11.7
aten::t,,,3.552,8.434,0,0,0,0
aten::transpose,,,2.488,4.882,0,0,0,0
aten::as_strided,,,2.394,2.394,0,0,0,0
aten::addmm,,,12.539,18.643,0,12.921,0,11.7
empty_tensor,,,2.792,2.792,0,0,0,0
aclnnAddmm,,,3.312,3.312,12.921,12.921,11.7,11.7
aten::split_with_sizes,,,5.719,7.686,0,0,0,0
aten::as_strided,,,1.438,1.438,0,0,0,0
aten::as_strided,,,0.32,0.32,0,0,0,0
aten::as_strided,,,0.209,0.209,0,0,0,0
vllm::npu_rotary_embedding,,,210.099,1168.168,0,9.221,0,0
aten::view,,,1.765,1.765,0,0,0,0
aten::view,,,0.553,0.553,0,0,0,0
aten::contiguous,,,4.238,18.93,0,2.06,0,0
aten::clone,,,2.213,14.692,0,2.06,0,0
empty_tensor,,,2.318,2.318,0,0,0,0
aten::copy_,,,4.957,10.161,0,2.06,0,0
aclnnInplaceCopy,,,5.204,5.204,2.06,2.06,0,0
aten::contiguous,,,0.611,6.246,0,1.901,0,0
aten::clone,,,0.603,5.635,0,1.901,0,0
empty_tensor,,,1.33,1.33,0,0,0,0
aten::copy_,,,1.904,3.702,0,1.901,0,0
aclnnInplaceCopy,,,1.798,1.798,1.901,1.901,0,0
P13/1104248/00049/jit_run,,,723.715,926.987,0,5.26,0,0
P13/1104248/00050/launch,,,198.282,203.272,0,5.26,0,0
_triton_rope,,,4.99,4.99,5.26,5.26,0,0
aten::view,,,3.035,3.035,0,0,0,0
aten::view,,,0.553,0.553,0,0,0,0
aten::empty,,,2.649,7.944,0,0,0,0
empty_tensor,,,5.295,5.295,0,0,0,0
aten::detach,,,1.869,1.869,0,0,0,0
aten::reshape,,,1.501,2.44,0,0,0,0
aten::view,,,0.939,0.939,0,0,0,0
aten::reshape,,,0.536,1.23,0,0,0,0
aten::view,,,0.694,0.694,0,0,0,0
aten::reshape,,,0.541,1.026,0,0,0,0
aten::view,,,0.485,0.485,0,0,0,0
aten::reshape,,,6.096,10.267,0,0,0,0
aten::_reshape_alias,,,3.301,4.171,0,0,0,0
aten::view,,,0.87,0.87,0,0,0,0
vllm::unified_attention_with_output,,,165.727,1302.357,0,31.660999999999998,0,0
P13/1104248/00051/attention,,,294.714,1136.63,0,31.660999999999998,0,0
aten::slice,,,2.133,4.178,0,0,0,0
aten::as_strided,,,2.045,2.045,0,0,0,0
aten::slice,,,0.651,1.361,0,0,0,0
aten::as_strided,,,0.71,0.71,0,0,0,0
aten::slice,,,2.827,3.702,0,0,0,0
aten::as_strided,,,0.875,0.875,0,0,0,0
P13/1104248/00052/cache_write,,,148.619,287.358,0,5.640000000000001,0,0
P13/1104248/00053/torch_api,,,82.576,138.739,0,5.640000000000001,0,0
atb::_npu_reshape_and_cache,,,29.658,56.163,0,5.640000000000001,0,0
aten::contiguous,,,1.16,23.988,0,2.4,0,0
aten::clone,,,2.229,22.828,0,2.4,0,0
empty_tensor,,,5.355,5.355,0,0,0,0
aten::copy_,,,8.36,15.244,0,2.4,0,0
aclnnInplaceCopy,,,6.884,6.884,2.4,2.4,0,0
ReshapeCacheOperation,,,2.517,2.517,3.24,3.24,0,0
P13/1104248/00054/fia,,,254.351,528.905,0,26.020999999999997,0,0
aten::slice,,,1.306,2.774,0,0,0,0
aten::as_strided,,,1.468,1.468,0,0,0,0
aten::slice,,,0.461,0.996,0,0,0,0
aten::as_strided,,,0.535,0.535,0,0,0,0
aten::slice,,,0.411,1.072,0,0,0,0
aten::as_strided,,,0.661,0.661,0,0,0,0
P13/1104248/00055/torch_api,,,113.365,236.807,0,25.401,0,0
npu::npu_fused_infer_attention_score,,,111.159,123.442,0,25.401,0,0
empty_tensor,,,4.721,4.721,0,0,0,0
empty_tensor,,,1.71,1.71,0,0,0,0
empty_tensor,,,1.079,1.079,0,0,0,0
empty_tensor,,,0.725,0.725,0,0,0,0
aclnnFusedInferAttentionScoreV3,,,4.048,4.048,25.401,25.401,0,0
aten::view,,,2.371,2.371,0,0,0,0
aten::slice,,,1.127,2.282,0,0,0,0
aten::as_strided,,,1.155,1.155,0,0,0,0
aten::copy_,,,18.813,28.252,0,0.62,0,0
aclnnInplaceCopy,,,9.439,9.439,0.62,0.62,0,0
aten::slice,,,0.704,1.666,0,0,0,0
aten::as_strided,,,0.962,0.962,0,0,0,0
aten::copy_,,,11.033,14.746,0,0,0,0
aclnnInplaceCopy,,,3.713,3.713,0,0,0,0
P13/1104248/00056/acl_dispatch,,,311.157,2995.345,0,73.164,0,50.522999999999996
P13/1104248/00057/partition_body,,,214.371,2684.188,0,73.164,0,50.522999999999996
npu_fx_compiler inference,,,436.5,2469.817,0,73.164,0,50.522999999999996
aten::reshape,,,2.418,5.136,0,0,0,0
aten::view,,,2.718,2.718,0,0,0,0
vllm::unquantized_gemm,,,76.013,197.217,0,5.74,0,5.74
P13/1104248/00058/linear,,,89.66,121.204,0,5.74,0,5.74
aten::linear,,,2.766,31.544,0,5.74,0,5.74
aten::t,,,2.908,6.537,0,0,0,0
aten::transpose,,,1.624,3.629,0,0,0,0
aten::as_strided,,,2.005,2.005,0,0,0,0
aten::matmul,,,12.866,22.241,0,5.74,0,5.74
empty_tensor,,,5.526,5.526,0,0,0,0
aclnnMatmul,,,3.849,3.849,5.74,5.74,5.74,5.74
vllm::maybe_chunk_residual,,,10.636,10.636,0,0,0,0
_C_ascend::npu_add_rms_norm_bias,,,36.544,51.365,0,3.841,0,0
aten::empty,,,1.327,4.561,0,0,0,0
empty_tensor,,,3.234,3.234,0,0,0,0
aten::empty,,,0.739,2.481,0,0,0,0
empty_tensor,,,1.742,1.742,0,0,0,0
aten::empty,,,0.228,1.341,0,0,0,0
empty_tensor,,,1.113,1.113,0,0,0,0
aten::empty,,,0.382,3.03,0,0,0,0
empty_tensor,,,2.648,2.648,0,0,0,0
aclnnAddRmsNormBias,,,3.408,3.408,3.841,3.841,0,0
vllm::unquantized_gemm,,,73.186,169.955,0,20.441,0,20.441
P13/1104248/00059/linear,,,80.351,96.769,0,20.441,0,20.441
aten::linear,,,1.179,16.418,0,20.441,0,20.441
aten::t,,,1.289,4.184,0,0,0,0
aten::transpose,,,1.287,2.895,0,0,0,0
aten::as_strided,,,1.608,1.608,0,0,0,0
aten::matmul,,,6.03,11.055,0,20.441,0,20.441
empty_tensor,,,2.344,2.344,0,0,0,0
aclnnMatmul,,,2.681,2.681,20.441,20.441,20.441,20.441
npu::npu_swiglu,,,19.548,24.144,0,6.28,0,0
empty_tensor,,,1.88,1.88,0,0,0,0
aclnnSwiGlu,,,2.716,2.716,6.28,6.28,0,0
vllm::unquantized_gemm,,,63.599,150.388,0,16.441,0,16.441
P13/1104248/00060/linear,,,73.161,86.789,0,16.441,0,16.441
aten::linear,,,0.878,13.628,0,16.441,0,16.441
aten::t,,,1.082,3.472,0,0,0,0
aten::transpose,,,1.133,2.39,0,0,0,0
aten::as_strided,,,1.257,1.257,0,0,0,0
aten::matmul,,,4.504,9.278,0,16.441,0,16.441
empty_tensor,,,2.311,2.311,0,0,0,0
aclnnMatmul,,,2.463,2.463,16.441,16.441,16.441,16.441
vllm::maybe_chunk_residual,,,8.875,8.875,0,0,0,0
_C_ascend::npu_add_rms_norm_bias,,,13.157,29.34,0,3.24,0,0
aten::empty,,,0.669,3.089,0,0,0,0
empty_tensor,,,2.42,2.42,0,0,0,0
aten::empty,,,0.26,4.063,0,0,0,0
empty_tensor,,,3.803,3.803,0,0,0,0
aten::empty,,,0.345,1.108,0,0,0,0
empty_tensor,,,0.763,0.763,0,0,0,0
aten::empty,,,0.382,2.401,0,0,0,0
empty_tensor,,,2.019,2.019,0,0,0,0
aclnnAddRmsNormBias,,,5.522,5.522,3.24,3.24,0,0
vllm::unquantized_gemm,,,70.383,168.44,0,9.141,0,7.901
P13/1104248/00061/linear,,,79.968,98.057,0,9.141,0,7.901
aten::linear,,,1.399,18.089,0,9.141,0,7.901
aten::t,,,1.111,3.467,0,0,0,0
aten::transpose,,,1.041,2.356,0,0,0,0
aten::as_strided,,,1.315,1.315,0,0,0,0
aten::addmm,,,8.184,13.223,0,9.141,0,7.901
empty_tensor,,,2.418,2.418,0,0,0,0
aclnnAddmm,,,2.621,2.621,9.141,9.141,7.901,7.901
aten::split_with_sizes,,,3.395,5.162,0,0,0,0
aten::as_strided,,,1.252,1.252,0,0,0,0
aten::as_strided,,,0.246,0.246,0,0,0,0
aten::as_strided,,,0.269,0.269,0,0,0,0
vllm::npu_rotary_embedding,,,210.113,1191.708,0,8.04,0,0
aten::view,,,1.645,1.645,0,0,0,0
aten::view,,,0.639,0.639,0,0,0,0
aten::contiguous,,,1.105,12.375,0,1.92,0,0
aten::clone,,,1.615,11.27,0,1.92,0,0
empty_tensor,,,2.056,2.056,0,0,0,0
aten::copy_,,,4.821,7.599,0,1.92,0,0
aclnnInplaceCopy,,,2.778,2.778,1.92,1.92,0,0
aten::contiguous,,,0.352,5.313,0,2.1,0,0
aten::clone,,,0.587,4.961,0,2.1,0,0
empty_tensor,,,1.606,1.606,0,0,0,0
aten::copy_,,,1.762,2.768,0,2.1,0,0
aclnnInplaceCopy,,,1.006,1.006,2.1,2.1,0,0
P13/1104248/00062/jit_run,,,733.506,958.254,0,4.02,0,0
P13/1104248/00063/launch,,,220.194,224.748,0,4.02,0,0
_triton_rope,,,4.554,4.554,4.02,4.02,0,0
aten::view,,,2.799,2.799,0,0,0,0
aten::view,,,0.57,0.57,0,0,0,0
aten::empty,,,2.633,7.972,0,0,0,0
empty_tensor,,,5.339,5.339,0,0,0,0
aten::detach,,,1.401,1.401,0,0,0,0
aten::reshape,,,1.164,2.085,0,0,0,0
aten::view,,,0.921,0.921,0,0,0,0
aten::reshape,,,0.656,1.399,0,0,0,0
aten::view,,,0.743,0.743,0,0,0,0
aten::reshape,,,0.49,0.943,0,0,0,0
aten::view,,,0.453,0.453,0,0,0,0
aten::reshape,,,3.64,7.151,0,0,0,0
aten::_reshape_alias,,,0.96,3.511,0,0,0,0
aten::view,,,2.551,2.551,0,0,0,0
vllm::unified_attention_with_output,,,115.145,1202.729,0,28.221,0,0
P13/1104248/00064/attention,,,295.098,1087.584,0,28.221,0,0
aten::slice,,,1.863,3.94,0,0,0,0
aten::as_strided,,,2.077,2.077,0,0,0,0
aten::slice,,,0.428,1.166,0,0,0,0
aten::as_strided,,,0.738,0.738,0,0,0,0
aten::slice,,,2.982,4.179,0,0,0,0
aten::as_strided,,,1.197,1.197,0,0,0,0
P13/1104248/00065/cache_write,,,155.226,294.317,0,5.5600000000000005,0,0
P13/1104248/00066/torch_api,,,85.456,139.091,0,5.5600000000000005,0,0
atb::_npu_reshape_and_cache,,,27.64,53.635,0,5.5600000000000005,0,0
aten::contiguous,,,1.182,21.421,0,2.62,0,0
aten::clone,,,2.113,20.239,0,2.62,0,0
empty_tensor,,,4.808,4.808,0,0,0,0
aten::copy_,,,8.192,13.318,0,2.62,0,0
aclnnInplaceCopy,,,5.126,5.126,2.62,2.62,0,0
ReshapeCacheOperation,,,4.574,4.574,2.94,2.94,0,0
P13/1104248/00067/fia,,,242.755,472.532,0,22.661,0,0
aten::slice,,,1.299,2.744,0,0,0,0
aten::as_strided,,,1.445,1.445,0,0,0,0
aten::slice,,,0.41,0.878,0,0,0,0
aten::as_strided,,,0.468,0.468,0,0,0,0
aten::slice,,,0.591,1.155,0,0,0,0
aten::as_strided,,,0.564,0.564,0,0,0,0
P13/1104248/00068/torch_api,,,107.978,191.329,0,22.041,0,0
npu::npu_fused_infer_attention_score,,,71.731,83.351,0,22.041,0,0
empty_tensor,,,3.965,3.965,0,0,0,0
empty_tensor,,,2.485,2.485,0,0,0,0
empty_tensor,,,0.748,0.748,0,0,0,0
empty_tensor,,,0.74,0.74,0,0,0,0
aclnnFusedInferAttentionScoreV3,,,3.682,3.682,22.041,22.041,0,0
aten::view,,,2.394,2.394,0,0,0,0
aten::slice,,,1.024,2.19,0,0,0,0
aten::as_strided,,,1.166,1.166,0,0,0,0
aten::copy_,,,18.277,29.087,0,0.62,0,0
aclnnInplaceCopy,,,10.81,10.81,0.62,0.62,0,0
aten::slice,,,0.718,1.763,0,0,0,0
aten::as_strided,,,1.045,1.045,0,0,0,0
aten::copy_,,,11.728,14.589,0,0,0,0
aclnnInplaceCopy,,,2.861,2.861,0,0,0,0
P13/1104248/00069/acl_dispatch,,,310.475,3303.731,0,70.42399999999999,0,48.403
P13/1104248/00070/partition_body,,,202.679,2993.256,0,70.42399999999999,0,48.403
npu_fx_compiler inference,,,432.522,2790.577,0,70.42399999999999,0,48.403
aten::reshape,,,2.4,4.782,0,0,0,0
aten::view,,,2.382,2.382,0,0,0,0
vllm::unquantized_gemm,,,71.309,178.392,0,5.5,0,5.5
P13/1104248/00071/linear,,,79.919,107.083,0,5.5,0,5.5
aten::linear,,,2.095,27.164,0,5.5,0,5.5
aten::t,,,2.95,6.012,0,0,0,0
aten::transpose,,,1.41,3.062,0,0,0,0
aten::as_strided,,,1.652,1.652,0,0,0,0
aten::matmul,,,9.27,19.057,0,5.5,0,5.5
empty_tensor,,,5.835,5.835,0,0,0,0
aclnnMatmul,,,3.952,3.952,5.5,5.5,5.5,5.5
vllm::maybe_chunk_residual,,,10.328,10.328,0,0,0,0
_C_ascend::npu_add_rms_norm_bias,,,19.677,37.792,0,2.92,0,0
aten::empty,,,1.272,7.504,0,0,0,0
empty_tensor,,,6.232,6.232,0,0,0,0
aten::empty,,,0.265,1.412,0,0,0,0
empty_tensor,,,1.147,1.147,0,0,0,0
aten::empty,,,1.934,3.048,0,0,0,0
empty_tensor,,,1.114,1.114,0,0,0,0
aten::empty,,,0.434,2.729,0,0,0,0
empty_tensor,,,2.295,2.295,0,0,0,0
aclnnAddRmsNormBias,,,3.422,3.422,2.92,2.92,0,0
vllm::unquantized_gemm,,,71.111,174.452,0,19.241,0,19.241
P13/1104248/00072/linear,,,84.728,103.341,0,19.241,0,19.241
aten::linear,,,3.354,18.613,0,19.241,0,19.241
aten::t,,,1.477,4.345,0,0,0,0
aten::transpose,,,1.113,2.868,0,0,0,0
aten::as_strided,,,1.755,1.755,0,0,0,0
aten::matmul,,,5.991,10.914,0,19.241,0,19.241
empty_tensor,,,2.232,2.232,0,0,0,0
aclnnMatmul,,,2.691,2.691,19.241,19.241,19.241,19.241
npu::npu_swiglu,,,14.942,21.287,0,5.18,0,0
empty_tensor,,,2.197,2.197,0,0,0,0
aclnnSwiGlu,,,4.148,4.148,5.18,5.18,0,0
vllm::unquantized_gemm,,,67.058,156.3,0,16.281,0,16.281
P13/1104248/00073/linear,,,75.828,89.242,0,16.281,0,16.281
aten::linear,,,0.888,13.414,0,16.281,0,16.281
aten::t,,,1.052,3.103,0,0,0,0
aten::transpose,,,0.687,2.051,0,0,0,0
aten::as_strided,,,1.364,1.364,0,0,0,0
aten::matmul,,,4.656,9.423,0,16.281,0,16.281
empty_tensor,,,2.12,2.12,0,0,0,0
aclnnMatmul,,,2.647,2.647,16.281,16.281,16.281,16.281
vllm::maybe_chunk_residual,,,9.198,9.198,0,0,0,0
_C_ascend::npu_add_rms_norm_bias,,,13.351,31.393,0,3.2,0,0
aten::empty,,,0.83,6.912,0,0,0,0
empty_tensor,,,6.082,6.082,0,0,0,0
aten::empty,,,0.345,3.696,0,0,0,0
empty_tensor,,,3.351,3.351,0,0,0,0
aten::empty,,,0.225,1.195,0,0,0,0
empty_tensor,,,0.97,0.97,0,0,0,0
aten::empty,,,0.314,1.971,0,0,0,0
empty_tensor,,,1.657,1.657,0,0,0,0
aclnnAddRmsNormBias,,,4.268,4.268,3.2,3.2,0,0
vllm::unquantized_gemm,,,67.96,168.293,0,8.521,0,7.381
P13/1104248/00074/linear,,,81.59,100.333,0,8.521,0,7.381
aten::linear,,,2.711,18.743,0,8.521,0,7.381
aten::t,,,1.304,3.366,0,0,0,0
aten::transpose,,,0.783,2.062,0,0,0,0
aten::as_strided,,,1.279,1.279,0,0,0,0
aten::addmm,,,7.84,12.666,0,8.521,0,7.381
empty_tensor,,,2.191,2.191,0,0,0,0
aclnnAddmm,,,2.635,2.635,8.521,8.521,7.381,7.381
aten::split_with_sizes,,,3.533,5.393,0,0,0,0
aten::as_strided,,,1.309,1.309,0,0,0,0
aten::as_strided,,,0.294,0.294,0,0,0,0
aten::as_strided,,,0.257,0.257,0,0,0,0
vllm::npu_rotary_embedding,,,211.674,1540.607,0,9.581,0,0
aten::view,,,1.428,1.428,0,0,0,0
aten::view,,,0.305,0.305,0,0,0,0
aten::contiguous,,,1.048,12.762,0,2.72,0,0
aten::clone,,,1.627,11.714,0,2.72,0,0
empty_tensor,,,2.345,2.345,0,0,0,0
aten::copy_,,,4.988,7.742,0,2.72,0,0
aclnnInplaceCopy,,,2.754,2.754,2.72,2.72,0,0
aten::contiguous,,,0.47,6.321,0,2.44,0,0
aten::clone,,,0.645,5.851,0,2.44,0,0
empty_tensor,,,2.464,2.464,0,0,0,0
aten::copy_,,,1.916,2.742,0,2.44,0,0
aclnnInplaceCopy,,,0.826,0.826,2.44,2.44,0,0
P13/1104248/00075/jit_run,,,1075.563,1304.566,0,4.421,0,0
P13/1104248/00076/launch,,,223.506,229.003,0,4.421,0,0
_triton_rope,,,5.497,5.497,4.421,4.421,0,0
aten::view,,,2.964,2.964,0,0,0,0
aten::view,,,0.587,0.587,0,0,0,0
aten::empty,,,2.138,7.933,0,0,0,0
empty_tensor,,,5.795,5.795,0,0,0,0
aten::detach,,,2.523,2.523,0,0,0,0
aten::reshape,,,1.14,2.082,0,0,0,0
aten::view,,,0.942,0.942,0,0,0,0
aten::reshape,,,0.464,1.031,0,0,0,0
aten::view,,,0.567,0.567,0,0,0,0
aten::reshape,,,0.451,0.91,0,0,0,0
aten::view,,,0.459,0.459,0,0,0,0
aten::reshape,,,3.379,5.359,0,0,0,0
aten::_reshape_alias,,,1.113,1.98,0,0,0,0
aten::view,,,0.867,0.867,0,0,0,0
vllm::unified_attention_with_output,,,107.665,1199.583,0,26.342,0,0
P13/1104248/00077/attention,,,295.794,1091.918,0,26.342,0,0
aten::slice,,,1.833,4.054,0,0,0,0
aten::as_strided,,,2.221,2.221,0,0,0,0
aten::slice,,,0.426,1.093,0,0,0,0
aten::as_strided,,,0.667,0.667,0,0,0,0
aten::slice,,,2.843,3.7,0,0,0,0
aten::as_strided,,,0.857,0.857,0,0,0,0
P13/1104248/00078/cache_write,,,160.848,298.085,0,5.621,0,0
P13/1104248/00079/torch_api,,,85.252,137.237,0,5.621,0,0
atb::_npu_reshape_and_cache,,,29.08,51.985,0,5.621,0,0
aten::contiguous,,,1.111,20.588,0,2.381,0,0
aten::clone,,,2.164,19.477,0,2.381,0,0
empty_tensor,,,4.853,4.853,0,0,0,0
aten::copy_,,,8.186,12.46,0,2.381,0,0
aclnnInplaceCopy,,,4.274,4.274,2.381,2.381,0,0
ReshapeCacheOperation,,,2.317,2.317,3.24,3.24,0,0
P13/1104248/00080/fia,,,245.484,474.173,0,20.720999999999997,0,0
aten::slice,,,1.369,2.823,0,0,0,0
aten::as_strided,,,1.454,1.454,0,0,0,0
aten::slice,,,0.503,1.123,0,0,0,0
aten::as_strided,,,0.62,0.62,0,0,0,0
aten::slice,,,0.388,1.023,0,0,0,0
aten::as_strided,,,0.635,0.635,0,0,0,0
P13/1104248/00081/torch_api,,,108.491,190.554,0,20.121,0,0
npu::npu_fused_infer_attention_score,,,69.855,82.063,0,20.121,0,0
empty_tensor,,,4.428,4.428,0,0,0,0
empty_tensor,,,1.364,1.364,0,0,0,0
empty_tensor,,,0.759,0.759,0,0,0,0
empty_tensor,,,0.889,0.889,0,0,0,0
aclnnFusedInferAttentionScoreV3,,,4.768,4.768,20.121,20.121,0,0
aten::view,,,2.159,2.159,0,0,0,0
aten::slice,,,1.068,2.236,0,0,0,0
aten::as_strided,,,1.168,1.168,0,0,0,0
aten::copy_,,,18.009,28.771,0,0.6,0,0
aclnnInplaceCopy,,,10.762,10.762,0.6,0.6,0,0
aten::slice,,,0.65,1.584,0,0,0,0
aten::as_strided,,,0.934,0.934,0,0,0,0
aten::copy_,,,10.75,13.435,0,0,0,0
aclnnInplaceCopy,,,2.685,2.685,0,0,0,0
P13/1104248/00082/acl_dispatch,,,314.487,2956.012,0,70.123,0,48.443
P13/1104248/00083/partition_body,,,204.66,2641.525,0,70.123,0,48.443
npu_fx_compiler inference,,,432.642,2436.865,0,70.123,0,48.443
aten::reshape,,,2.46,4.865,0,0,0,0
aten::view,,,2.405,2.405,0,0,0,0
vllm::unquantized_gemm,,,74.702,183.345,0,5.581,0,5.581
P13/1104248/00084/linear,,,82.158,108.643,0,5.581,0,5.581
aten::linear,,,2.037,26.485,0,5.581,0,5.581
aten::t,,,2.685,6.017,0,0,0,0
aten::transpose,,,1.555,3.332,0,0,0,0
aten::as_strided,,,1.777,1.777,0,0,0,0
aten::matmul,,,9.555,18.431,0,5.581,0,5.581
empty_tensor,,,5.221,5.221,0,0,0,0
aclnnMatmul,,,3.655,3.655,5.581,5.581,5.581,5.581
vllm::maybe_chunk_residual,,,10.076,10.076,0,0,0,0
_C_ascend::npu_add_rms_norm_bias,,,19.786,34.475,0,2.94,0,0
aten::empty,,,1.23,4.94,0,0,0,0
empty_tensor,,,3.71,3.71,0,0,0,0
aten::empty,,,0.275,1.686,0,0,0,0
empty_tensor,,,1.411,1.411,0,0,0,0
aten::empty,,,0.322,1.208,0,0,0,0
empty_tensor,,,0.886,0.886,0,0,0,0
aten::empty,,,0.6,3.161,0,0,0,0
empty_tensor,,,2.561,2.561,0,0,0,0
aclnnAddRmsNormBias,,,3.694,3.694,2.94,2.94,0,0
vllm::unquantized_gemm,,,72.099,180.69,0,19.36,0,19.36
P13/1104248/00085/linear,,,91.741,108.591,0,19.36,0,19.36
aten::linear,,,1.25,16.85,0,19.36,0,19.36
aten::t,,,1.413,3.997,0,0,0,0
aten::transpose,,,0.962,2.584,0,0,0,0
aten::as_strided,,,1.622,1.622,0,0,0,0
aten::matmul,,,6.012,11.603,0,19.36,0,19.36
empty_tensor,,,2.681,2.681,0,0,0,0
aclnnMatmul,,,2.91,2.91,19.36,19.36,19.36,19.36
npu::npu_swiglu,,,15.103,19.398,0,5.38,0,0
empty_tensor,,,2.131,2.131,0,0,0,0
aclnnSwiGlu,,,2.164,2.164,5.38,5.38,0,0
vllm::unquantized_gemm,,,65.367,154.73,0,16.161,0,16.161
P13/1104248/00086/linear,,,75.743,89.363,0,16.161,0,16.161
aten::linear,,,1.131,13.62,0,16.161,0,16.161
aten::t,,,0.971,2.816,0,0,0,0
aten::transpose,,,0.606,1.845,0,0,0,0
aten::as_strided,,,1.239,1.239,0,0,0,0
aten::matmul,,,4.697,9.673,0,16.161,0,16.161
empty_tensor,,,2.097,2.097,0,0,0,0
aclnnMatmul,,,2.879,2.879,16.161,16.161,16.161,16.161
vllm::maybe_chunk_residual,,,8.811,8.811,0,0,0,0
_C_ascend::npu_add_rms_norm_bias,,,12.333,26.906,0,3.14,0,0
aten::empty,,,0.684,2.954,0,0,0,0
empty_tensor,,,2.27,2.27,0,0,0,0
aten::empty,,,0.405,1.608,0,0,0,0
empty_tensor,,,1.203,1.203,0,0,0,0
aten::empty,,,0.25,1.293,0,0,0,0
empty_tensor,,,1.043,1.043,0,0,0,0
aten::empty,,,0.381,2.306,0,0,0,0
empty_tensor,,,1.925,1.925,0,0,0,0
aclnnAddRmsNormBias,,,6.412,6.412,3.14,3.14,0,0
vllm::unquantized_gemm,,,72.696,168.259,0,8.501,0,7.341
P13/1104248/00087/linear,,,78.621,95.563,0,8.501,0,7.341
aten::linear,,,1.315,16.942,0,8.501,0,7.341
aten::t,,,1.099,2.968,0,0,0,0
aten::transpose,,,0.698,1.869,0,0,0,0
aten::as_strided,,,1.171,1.171,0,0,0,0
aten::addmm,,,7.884,12.659,0,8.501,0,7.341
empty_tensor,,,2.223,2.223,0,0,0,0
aclnnAddmm,,,2.552,2.552,8.501,8.501,7.341,7.341
aten::split_with_sizes,,,3.559,5.523,0,0,0,0
aten::as_strided,,,1.303,1.303,0,0,0,0
aten::as_strided,,,0.32,0.32,0,0,0,0
aten::as_strided,,,0.341,0.341,0,0,0,0
vllm::npu_rotary_embedding,,,206.205,1188.873,0,9.059999999999999,0,0
aten::view,,,1.592,1.592,0,0,0,0
aten::view,,,0.493,0.493,0,0,0,0
aten::contiguous,,,1.087,12.877,0,2.44,0,0
aten::clone,,,1.657,11.79,0,2.44,0,0
empty_tensor,,,2.475,2.475,0,0,0,0
aten::copy_,,,4.954,7.658,0,2.44,0,0
aclnnInplaceCopy,,,2.704,2.704,2.44,2.44,0,0
aten::contiguous,,,0.362,5.028,0,2.44,0,0
aten::clone,,,0.799,4.666,0,2.44,0,0
empty_tensor,,,1.131,1.131,0,0,0,0
aten::copy_,,,1.758,2.736,0,2.44,0,0
aclnnInplaceCopy,,,0.978,0.978,2.44,2.44,0,0
P13/1104248/00088/jit_run,,,730.067,959.218,0,4.18,0,0
P13/1104248/00089/launch,,,224.746,229.151,0,4.18,0,0
_triton_rope,,,4.405,4.405,4.18,4.18,0,0
aten::view,,,2.91,2.91,0,0,0,0
aten::view,,,0.55,0.55,0,0,0,0
aten::empty,,,2.168,7.546,0,0,0,0
empty_tensor,,,5.378,5.378,0,0,0,0
aten::detach,,,1.372,1.372,0,0,0,0
aten::reshape,,,1.052,2.04,0,0,0,0
aten::view,,,0.988,0.988,0,0,0,0
aten::reshape,,,0.8,1.303,0,0,0,0
aten::view,,,0.503,0.503,0,0,0,0
aten::reshape,,,0.408,0.85,0,0,0,0
aten::view,,,0.442,0.442,0,0,0,0
aten::reshape,,,3.461,5.161,0,0,0,0
aten::_reshape_alias,,,0.907,1.7,0,0,0,0
aten::view,,,0.793,0.793,0,0,0,0
vllm::unified_attention_with_output,,,113.422,1193.927,0,28.001,0,0
P13/1104248/00090/attention,,,295.181,1080.505,0,28.001,0,0
aten::slice,,,2.059,4.211,0,0,0,0
aten::as_strided,,,2.152,2.152,0,0,0,0
aten::slice,,,0.359,1.397,0,0,0,0
aten::as_strided,,,1.038,1.038,0,0,0,0
aten::slice,,,2.923,3.811,0,0,0,0
aten::as_strided,,,0.888,0.888,0,0,0,0
P13/1104248/00091/cache_write,,,154.922,290.345,0,5.88,0,0
P13/1104248/00092/torch_api,,,85.462,135.423,0,5.88,0,0
atb::_npu_reshape_and_cache,,,26.945,49.961,0,5.88,0,0
aten::contiguous,,,1.107,20.404,0,2.38,0,0
aten::clone,,,2.005,19.297,0,2.38,0,0
empty_tensor,,,4.84,4.84,0,0,0,0
aten::copy_,,,8.013,12.452,0,2.38,0,0
aclnnInplaceCopy,,,4.439,4.439,2.38,2.38,0,0
ReshapeCacheOperation,,,2.612,2.612,3.5,3.5,0,0
P13/1104248/00093/fia,,,236.061,469.32,0,22.121,0,0
aten::slice,,,1.243,2.555,0,0,0,0
aten::as_strided,,,1.312,1.312,0,0,0,0
aten::slice,,,0.757,1.235,0,0,0,0
aten::as_strided,,,0.478,0.478,0,0,0,0
aten::slice,,,0.382,0.905,0,0,0,0
aten::as_strided,,,0.523,0.523,0,0,0,0
P13/1104248/00094/torch_api,,,112.479,193.32,0,21.481,0,0
npu::npu_fused_infer_attention_score,,,69.495,80.841,0,21.481,0,0
empty_tensor,,,4.128,4.128,0,0,0,0
empty_tensor,,,1.3,1.3,0,0,0,0
empty_tensor,,,1.167,1.167,0,0,0,0
empty_tensor,,,0.711,0.711,0,0,0,0
aclnnFusedInferAttentionScoreV3,,,4.04,4.04,21.481,21.481,0,0
aten::view,,,2.208,2.208,0,0,0,0
aten::slice,,,0.915,2.484,0,0,0,0
aten::as_strided,,,1.569,1.569,0,0,0,0
aten::copy_,,,17.68,30.552,0,0.64,0,0
aclnnInplaceCopy,,,12.872,12.872,0.64,0.64,0,0
aten::slice,,,0.755,1.825,0,0,0,0
aten::as_strided,,,1.07,1.07,0,0,0,0
aten::copy_,,,11.615,14.415,0,0,0,0
aclnnInplaceCopy,,,2.8,2.8,0,0,0,0
P13/1104248/00095/acl_dispatch,,,298.524,2949.649,0,70.643,0,49.003
P13/1104248/00096/partition_body,,,200.431,2651.125,0,70.643,0,49.003
npu_fx_compiler inference,,,439.04,2450.694,0,70.643,0,49.003
aten::reshape,,,2.478,4.78,0,0,0,0
aten::view,,,2.302,2.302,0,0,0,0
vllm::unquantized_gemm,,,69.827,176.876,0,5.36,0,5.36
P13/1104248/00097/linear,,,80.692,107.049,0,5.36,0,5.36
aten::linear,,,2.027,26.357,0,5.36,0,5.36
aten::t,,,2.762,5.94,0,0,0,0
aten::transpose,,,1.417,3.178,0,0,0,0
aten::as_strided,,,1.761,1.761,0,0,0,0
aten::matmul,,,9.393,18.39,0,5.36,0,5.36
empty_tensor,,,5.395,5.395,0,0,0,0
aclnnMatmul,,,3.602,3.602,5.36,5.36,5.36,5.36
vllm::maybe_chunk_residual,,,9.544,9.544,0,0,0,0
_C_ascend::npu_add_rms_norm_bias,,,18.947,33.11,0,3.2,0,0
aten::empty,,,1.34,4.56,0,0,0,0
empty_tensor,,,3.22,3.22,0,0,0,0
aten::empty,,,0.238,1.787,0,0,0,0
empty_tensor,,,1.549,1.549,0,0,0,0
aten::empty,,,0.2,1.315,0,0,0,0
empty_tensor,,,1.115,1.115,0,0,0,0
aten::empty,,,0.387,3.049,0,0,0,0
empty_tensor,,,2.662,2.662,0,0,0,0
aclnnAddRmsNormBias,,,3.452,3.452,3.2,3.2,0,0
vllm::unquantized_gemm,,,72.103,182.743,0,19.441,0,19.441
P13/1104248/00098/linear,,,93.941,110.64,0,19.441,0,19.441
aten::linear,,,1.154,16.699,0,19.441,0,19.441
aten::t,,,1.234,3.969,0,0,0,0
aten::transpose,,,1.272,2.735,0,0,0,0
aten::as_strided,,,1.463,1.463,0,0,0,0
aten::matmul,,,5.828,11.576,0,19.441,0,19.441
empty_tensor,,,2.936,2.936,0,0,0,0
aclnnMatmul,,,2.812,2.812,19.441,19.441,19.441,19.441
npu::npu_swiglu,,,14.441,19.37,0,5.18,0,0
empty_tensor,,,2.322,2.322,0,0,0,0
aclnnSwiGlu,,,2.607,2.607,5.18,5.18,0,0
vllm::unquantized_gemm,,,65.732,152.983,0,16.521,0,16.521
P13/1104248/00099/linear,,,73.901,87.251,0,16.521,0,16.521
aten::linear,,,0.871,13.35,0,16.521,0,16.521
aten::t,,,1.011,3.259,0,0,0,0
aten::transpose,,,0.722,2.248,0,0,0,0
aten::as_strided,,,1.526,1.526,0,0,0,0
aten::matmul,,,4.5,9.22,0,16.521,0,16.521
empty_tensor,,,2.203,2.203,0,0,0,0
aclnnMatmul,,,2.517,2.517,16.521,16.521,16.521,16.521
vllm::maybe_chunk_residual,,,8.708,8.708,0,0,0,0
_C_ascend::npu_add_rms_norm_bias,,,12.258,26.931,0,3.16,0,0
aten::empty,,,0.677,3.007,0,0,0,0
empty_tensor,,,2.33,2.33,0,0,0,0
aten::empty,,,0.364,1.619,0,0,0,0
empty_tensor,,,1.255,1.255,0,0,0,0
aten::empty,,,0.457,1.275,0,0,0,0
empty_tensor,,,0.818,0.818,0,0,0,0
aten::empty,,,0.375,2.51,0,0,0,0
empty_tensor,,,2.135,2.135,0,0,0,0
aclnnAddRmsNormBias,,,6.262,6.262,3.16,3.16,0,0
vllm::unquantized_gemm,,,71.858,166.233,0,8.861,0,7.681
P13/1104248/00100/linear,,,76.717,94.375,0,8.861,0,7.681
aten::linear,,,1.253,17.658,0,8.861,0,7.681
aten::t,,,0.97,2.928,0,0,0,0
aten::transpose,,,0.707,1.958,0,0,0,0
aten::as_strided,,,1.251,1.251,0,0,0,0
aten::addmm,,,8.364,13.477,0,8.861,0,7.681
empty_tensor,,,2.292,2.292,0,0,0,0
aclnnAddmm,,,2.821,2.821,8.861,8.861,7.681,7.681
aten::split_with_sizes,,,3.754,5.643,0,0,0,0
aten::as_strided,,,1.283,1.283,0,0,0,0
aten::as_strided,,,0.302,0.302,0,0,0,0
aten::as_strided,,,0.304,0.304,0,0,0,0
vllm::npu_rotary_embedding,,,217.584,1204.463,0,8.92,0,0
aten::view,,,1.409,1.409,0,0,0,0
aten::view,,,0.54,0.54,0,0,0,0
aten::contiguous,,,1.276,28.209,0,2.36,0,0
aten::clone,,,1.655,26.933,0,2.36,0,0
empty_tensor,,,3.246,3.246,0,0,0,0
aten::copy_,,,6.328,22.032,0,2.36,0,0
aclnnInplaceCopy,,,15.704,15.704,2.36,2.36,0,0
aten::contiguous,,,0.559,8.109,0,2.42,0,0
aten::clone,,,0.902,7.55,0,2.42,0,0
empty_tensor,,,1.49,1.49,0,0,0,0
aten::copy_,,,2.957,5.158,0,2.42,0,0
aclnnInplaceCopy,,,2.201,2.201,2.42,2.42,0,0
P13/1104248/00101/jit_run,,,717.851,945.07,0,4.14,0,0
P13/1104248/00102/launch,,,222.319,227.219,0,4.14,0,0
_triton_rope,,,4.9,4.9,4.14,4.14,0,0
aten::view,,,2.952,2.952,0,0,0,0
aten::view,,,0.59,0.59,0,0,0,0
aten::empty,,,2.285,8.984,0,0,0,0
empty_tensor,,,6.699,6.699,0,0,0,0
aten::detach,,,1.366,1.366,0,0,0,0
aten::reshape,,,1.095,2.08,0,0,0,0
aten::view,,,0.985,0.985,0,0,0,0
aten::reshape,,,0.611,1.21,0,0,0,0
aten::view,,,0.599,0.599,0,0,0,0
aten::reshape,,,0.553,1.074,0,0,0,0
aten::view,,,0.521,0.521,0,0,0,0
aten::reshape,,,3.727,5.556,0,0,0,0
aten::_reshape_alias,,,0.88,1.829,0,0,0,0
aten::view,,,0.949,0.949,0,0,0,0
vllm::unified_attention_with_output,,,108.28,1170.043,0,27.541,0,0
P13/1104248/00103/attention,,,292.346,1061.763,0,27.541,0,0
aten::slice,,,1.976,4.035,0,0,0,0
aten::as_strided,,,2.059,2.059,0,0,0,0
aten::slice,,,0.515,1.315,0,0,0,0
aten::as_strided,,,0.8,0.8,0,0,0,0
aten::slice,,,3.449,4.495,0,0,0,0
aten::as_strided,,,1.046,1.046,0,0,0,0
P13/1104248/00104/cache_write,,,152.845,283.174,0,5.359999999999999,0,0
P13/1104248/00105/torch_api,,,86.81,130.329,0,5.359999999999999,0,0
atb::_npu_reshape_and_cache,,,21.615,43.519,0,5.359999999999999,0,0
aten::contiguous,,,1.138,20.328,0,2.44,0,0
aten::clone,,,2.045,19.19,0,2.44,0,0
empty_tensor,,,4.705,4.705,0,0,0,0
aten::copy_,,,8.0,12.44,0,2.44,0,0
aclnnInplaceCopy,,,4.44,4.44,2.44,2.44,0,0
ReshapeCacheOperation,,,1.576,1.576,2.92,2.92,0,0
P13/1104248/00106/fia,,,234.372,459.248,0,22.181,0,0
aten::slice,,,1.075,2.422,0,0,0,0
aten::as_strided,,,1.347,1.347,0,0,0,0
aten::slice,,,0.442,0.997,0,0,0,0
aten::as_strided,,,0.555,0.555,0,0,0,0
aten::slice,,,0.274,0.963,0,0,0,0
aten::as_strided,,,0.689,0.689,0,0,0,0
P13/1104248/00107/torch_api,,,109.02,191.578,0,21.561,0,0
npu::npu_fused_infer_attention_score,,,69.467,82.558,0,21.561,0,0
empty_tensor,,,3.85,3.85,0,0,0,0
empty_tensor,,,1.474,1.474,0,0,0,0
empty_tensor,,,3.405,3.405,0,0,0,0
empty_tensor,,,0.668,0.668,0,0,0,0
aclnnFusedInferAttentionScoreV3,,,3.694,3.694,21.561,21.561,0,0
aten::view,,,2.169,2.169,0,0,0,0
aten::slice,,,0.966,2.074,0,0,0,0
aten::as_strided,,,1.108,1.108,0,0,0,0
aten::copy_,,,17.593,24.673,0,0.62,0,0
aclnnInplaceCopy,,,7.08,7.08,0.62,0.62,0,0
aten::slice,,,0.588,1.567,0,0,0,0
aten::as_strided,,,0.979,0.979,0,0,0,0
aten::copy_,,,10.812,15.583,0,0,0,0
aclnnInplaceCopy,,,4.771,4.771,0,0,0,0
P13/1104248/00108/acl_dispatch,,,316.51,2971.11,0,71.32300000000001,0,48.521
P13/1104248/00109/partition_body,,,205.05,2654.6,0,71.32300000000001,0,48.521
npu_fx_compiler inference,,,433.528,2449.55,0,71.32300000000001,0,48.521
aten::reshape,,,2.334,4.648,0,0,0,0
aten::view,,,2.314,2.314,0,0,0,0
vllm::unquantized_gemm,,,75.324,185.207,0,5.68,0,5.68
P13/1104248/00110/linear,,,83.395,109.883,0,5.68,0,5.68
aten::linear,,,2.063,26.488,0,5.68,0,5.68
aten::t,,,2.748,5.905,0,0,0,0
aten::transpose,,,1.498,3.157,0,0,0,0
aten::as_strided,,,1.659,1.659,0,0,0,0
aten::matmul,,,9.443,18.52,0,5.68,0,5.68
empty_tensor,,,4.836,4.836,0,0,0,0
aclnnMatmul,,,4.241,4.241,5.68,5.68,5.68,5.68
vllm::maybe_chunk_residual,,,9.806,9.806,0,0,0,0
_C_ascend::npu_add_rms_norm_bias,,,19.38,33.827,0,3.34,0,0
aten::empty,,,1.43,4.947,0,0,0,0
empty_tensor,,,3.517,3.517,0,0,0,0
aten::empty,,,0.404,2.14,0,0,0,0
empty_tensor,,,1.736,1.736,0,0,0,0
aten::empty,,,0.2,0.882,0,0,0,0
empty_tensor,,,0.682,0.682,0,0,0,0
aten::empty,,,0.361,2.628,0,0,0,0
empty_tensor,,,2.267,2.267,0,0,0,0
aclnnAddRmsNormBias,,,3.85,3.85,3.34,3.34,0,0
vllm::unquantized_gemm,,,66.947,162.926,0,19.201,0,19.201
P13/1104248/00111/linear,,,79.769,95.979,0,19.201,0,19.201
aten::linear,,,1.176,16.21,0,19.201,0,19.201
aten::t,,,1.185,4.013,0,0,0,0
aten::transpose,,,1.339,2.828,0,0,0,0
aten::as_strided,,,1.489,1.489,0,0,0,0
aten::matmul,,,5.757,11.021,0,19.201,0,19.201
empty_tensor,,,2.477,2.477,0,0,0,0
aclnnMatmul,,,2.787,2.787,19.201,19.201,19.201,19.201
npu::npu_swiglu,,,14.511,19.264,0,5.28,0,0
empty_tensor,,,2.132,2.132,0,0,0,0
aclnnSwiGlu,,,2.621,2.621,5.28,5.28,0,0
vllm::unquantized_gemm,,,63.908,149.949,0,16.14,0,16.14
P13/1104248/00112/linear,,,73.565,86.041,0,16.14,0,16.14
aten::linear,,,0.89,12.476,0,16.14,0,16.14
aten::t,,,0.99,2.875,0,0,0,0
aten::transpose,,,0.628,1.885,0,0,0,0
aten::as_strided,,,1.257,1.257,0,0,0,0
aten::matmul,,,4.508,8.711,0,16.14,0,16.14
empty_tensor,,,2.236,2.236,0,0,0,0
aclnnMatmul,,,1.967,1.967,16.14,16.14,16.14,16.14
vllm::maybe_chunk_residual,,,8.855,8.855,0,0,0,0
_C_ascend::npu_add_rms_norm_bias,,,14.086,42.528,0,3.18,0,0
aten::empty,,,0.647,2.882,0,0,0,0
empty_tensor,,,2.235,2.235,0,0,0,0
aten::empty,,,0.384,1.481,0,0,0,0
empty_tensor,,,1.097,1.097,0,0,0,0
aten::empty,,,0.198,1.18,0,0,0,0
empty_tensor,,,0.982,0.982,0,0,0,0
aten::empty,,,0.458,2.243,0,0,0,0
empty_tensor,,,1.785,1.785,0,0,0,0
aclnnAddRmsNormBias,,,20.656,20.656,3.18,3.18,0,0
vllm::unquantized_gemm,,,72.94,183.519,0,8.66,0,7.5
P13/1104248/00113/linear,,,91.81,110.579,0,8.66,0,7.5
aten::linear,,,1.35,18.769,0,8.66,0,7.5
aten::t,,,1.044,3.721,0,0,0,0
aten::transpose,,,1.256,2.677,0,0,0,0
aten::as_strided,,,1.421,1.421,0,0,0,0
aten::addmm,,,8.353,13.698,0,8.66,0,7.5
empty_tensor,,,2.581,2.581,0,0,0,0
aclnnAddmm,,,2.764,2.764,8.66,8.66,7.5,7.5
aten::split_with_sizes,,,3.538,5.463,0,0,0,0
aten::as_strided,,,1.277,1.277,0,0,0,0
aten::as_strided,,,0.31,0.31,0,0,0,0
aten::as_strided,,,0.338,0.338,0,0,0,0
vllm::npu_rotary_embedding,,,210.781,1191.85,0,9.842,0,0
aten::view,,,1.522,1.522,0,0,0,0
aten::view,,,0.477,0.477,0,0,0,0
aten::contiguous,,,1.114,12.299,0,3.1,0,0
aten::clone,,,1.586,11.185,0,3.1,0,0
empty_tensor,,,2.066,2.066,0,0,0,0
aten::copy_,,,4.748,7.533,0,3.1,0,0
aclnnInplaceCopy,,,2.785,2.785,3.1,3.1,0,0
aten::contiguous,,,0.519,5.001,0,2.441,0,0
aten::clone,,,0.483,4.482,0,2.441,0,0
empty_tensor,,,1.25,1.25,0,0,0,0
aten::copy_,,,1.803,2.749,0,2.441,0,0
aclnnInplaceCopy,,,0.946,0.946,2.441,2.441,0,0
P13/1104248/00114/jit_run,,,723.557,958.355,0,4.301,0,0
P13/1104248/00115/launch,,,230.203,234.798,0,4.301,0,0
_triton_rope,,,4.595,4.595,4.301,4.301,0,0
aten::view,,,2.878,2.878,0,0,0,0
aten::view,,,0.537,0.537,0,0,0,0
aten::empty,,,2.304,7.202,0,0,0,0
empty_tensor,,,4.898,4.898,0,0,0,0
aten::detach,,,1.349,1.349,0,0,0,0
aten::reshape,,,1.852,2.796,0,0,0,0
aten::view,,,0.944,0.944,0,0,0,0
aten::reshape,,,0.444,0.928,0,0,0,0
aten::view,,,0.484,0.484,0,0,0,0
aten::reshape,,,0.376,0.796,0,0,0,0
aten::view,,,0.42,0.42,0,0,0,0
aten::reshape,,,3.426,5.109,0,0,0,0
aten::_reshape_alias,,,0.846,1.683,0,0,0,0
aten::view,,,0.837,0.837,0,0,0,0
vllm::unified_attention_with_output,,,106.035,1180.038,0,25.581,0,0
P13/1104248/00116/attention,,,290.032,1074.003,0,25.581,0,0
aten::slice,,,1.924,3.853,0,0,0,0
aten::as_strided,,,1.929,1.929,0,0,0,0
aten::slice,,,0.475,1.132,0,0,0,0
aten::as_strided,,,0.657,0.657,0,0,0,0
aten::slice,,,2.732,3.756,0,0,0,0
aten::as_strided,,,1.024,1.024,0,0,0,0
P13/1104248/00117/cache_write,,,155.609,285.632,0,5.7,0,0
P13/1104248/00118/torch_api,,,84.79,130.023,0,5.7,0,0
atb::_npu_reshape_and_cache,,,20.314,45.233,0,5.7,0,0
aten::contiguous,,,1.117,20.252,0,2.5,0,0
aten::clone,,,2.143,19.135,0,2.5,0,0
empty_tensor,,,4.674,4.674,0,0,0,0
aten::copy_,,,7.722,12.318,0,2.5,0,0
aclnnInplaceCopy,,,4.596,4.596,2.5,2.5,0,0
ReshapeCacheOperation,,,4.667,4.667,3.2,3.2,0,0
P13/1104248/00119/fia,,,246.799,474.953,0,19.880999999999997,0,0
aten::slice,,,1.272,2.597,0,0,0,0
aten::as_strided,,,1.325,1.325,0,0,0,0
aten::slice,,,0.4,0.875,0,0,0,0
aten::as_strided,,,0.475,0.475,0,0,0,0
aten::slice,,,0.377,1.005,0,0,0,0
aten::as_strided,,,0.628,0.628,0,0,0,0
P13/1104248/00120/torch_api,,,113.932,194.682,0,19.261,0,0
npu::npu_fused_infer_attention_score,,,70.061,80.75,0,19.261,0,0
empty_tensor,,,4.093,4.093,0,0,0,0
empty_tensor,,,1.33,1.33,0,0,0,0
empty_tensor,,,0.771,0.771,0,0,0,0
empty_tensor,,,0.725,0.725,0,0,0,0
aclnnFusedInferAttentionScoreV3,,,3.77,3.77,19.261,19.261,0,0
aten::view,,,2.092,2.092,0,0,0,0
aten::slice,,,0.954,1.973,0,0,0,0
aten::as_strided,,,1.019,1.019,0,0,0,0
aten::copy_,,,17.864,24.93,0,0.62,0,0
aclnnInplaceCopy,,,7.066,7.066,0.62,0.62,0,0
aten::slice,,,0.658,1.493,0,0,0,0
aten::as_strided,,,0.835,0.835,0,0,0,0
aten::copy_,,,10.47,13.152,0,0,0,0
aclnnInplaceCopy,,,2.682,2.682,0,0,0,0
P13/1104248/00121/acl_dispatch,,,310.255,2961.066,0,71.983,0,49.202
P13/1104248/00122/partition_body,,,202.445,2650.811,0,71.983,0,49.202
npu_fx_compiler inference,,,432.424,2448.366,0,71.983,0,49.202
aten::reshape,,,2.971,5.417,0,0,0,0
aten::view,,,2.446,2.446,0,0,0,0
vllm::unquantized_gemm,,,74.76,189.968,0,5.321,0,5.321
P13/1104248/00123/linear,,,88.826,115.208,0,5.321,0,5.321
aten::linear,,,1.893,26.382,0,5.321,0,5.321
aten::t,,,2.782,5.962,0,0,0,0
aten::transpose,,,1.431,3.18,0,0,0,0
aten::as_strided,,,1.749,1.749,0,0,0,0
aten::matmul,,,9.524,18.527,0,5.321,0,5.321
empty_tensor,,,5.341,5.341,0,0,0,0
aclnnMatmul,,,3.662,3.662,5.321,5.321,5.321,5.321
vllm::maybe_chunk_residual,,,9.595,9.595,0,0,0,0
_C_ascend::npu_add_rms_norm_bias,,,18.636,34.808,0,3.18,0,0
aten::empty,,,1.199,4.951,0,0,0,0
empty_tensor,,,3.752,3.752,0,0,0,0
aten::empty,,,0.411,1.858,0,0,0,0
empty_tensor,,,1.447,1.447,0,0,0,0
aten::empty,,,0.373,1.502,0,0,0,0
empty_tensor,,,1.129,1.129,0,0,0,0
aten::empty,,,0.373,3.008,0,0,0,0
empty_tensor,,,2.635,2.635,0,0,0,0
aclnnAddRmsNormBias,,,4.853,4.853,3.18,3.18,0,0
vllm::unquantized_gemm,,,67.873,164.686,0,19.521,0,19.521
P13/1104248/00124/linear,,,80.464,96.813,0,19.521,0,19.521
aten::linear,,,1.286,16.349,0,19.521,0,19.521
aten::t,,,1.281,3.928,0,0,0,0
aten::transpose,,,1.017,2.647,0,0,0,0
aten::as_strided,,,1.63,1.63,0,0,0,0
aten::matmul,,,5.908,11.135,0,19.521,0,19.521
empty_tensor,,,2.482,2.482,0,0,0,0
aclnnMatmul,,,2.745,2.745,19.521,19.521,19.521,19.521
npu::npu_swiglu,,,14.388,18.995,0,5.541,0,0
empty_tensor,,,2.038,2.038,0,0,0,0
aclnnSwiGlu,,,2.569,2.569,5.541,5.541,0,0
vllm::unquantized_gemm,,,66.032,152.025,0,16.44,0,16.44
P13/1104248/00125/linear,,,73.255,85.993,0,16.44,0,16.44
aten::linear,,,0.859,12.738,0,16.44,0,16.44
aten::t,,,0.934,2.866,0,0,0,0
aten::transpose,,,0.7,1.932,0,0,0,0
aten::as_strided,,,1.232,1.232,0,0,0,0
aten::matmul,,,4.204,9.013,0,16.44,0,16.44
empty_tensor,,,2.207,2.207,0,0,0,0
aclnnMatmul,,,2.602,2.602,16.44,16.44,16.44,16.44
vllm::maybe_chunk_residual,,,8.685,8.685,0,0,0,0
_C_ascend::npu_add_rms_norm_bias,,,12.187,27.425,0,3.12,0,0
aten::empty,,,0.682,3.393,0,0,0,0
empty_tensor,,,2.711,2.711,0,0,0,0
aten::empty,,,0.456,1.724,0,0,0,0
empty_tensor,,,1.268,1.268,0,0,0,0
aten::empty,,,0.234,0.974,0,0,0,0
empty_tensor,,,0.74,0.74,0,0,0,0
aten::empty,,,0.325,2.077,0,0,0,0
empty_tensor,,,1.752,1.752,0,0,0,0
aclnnAddRmsNormBias,,,7.07,7.07,3.12,3.12,0,0
vllm::unquantized_gemm,,,74.478,185.941,0,9.06,0,7.92
P13/1104248/00126/linear,,,91.4,111.463,0,9.06,0,7.92
aten::linear,,,1.315,20.063,0,9.06,0,7.92
aten::t,,,0.988,3.211,0,0,0,0
aten::transpose,,,0.806,2.223,0,0,0,0
aten::as_strided,,,1.417,1.417,0,0,0,0
aten::addmm,,,10.512,15.537,0,9.06,0,7.92
empty_tensor,,,2.298,2.298,0,0,0,0
aclnnAddmm,,,2.727,2.727,9.06,9.06,7.92,7.92
aten::split_with_sizes,,,3.576,5.386,0,0,0,0
aten::as_strided,,,1.25,1.25,0,0,0,0
aten::as_strided,,,0.288,0.288,0,0,0,0
aten::as_strided,,,0.272,0.272,0,0,0,0
vllm::npu_rotary_embedding,,,215.045,1192.945,0,9.8,0,0
aten::view,,,1.415,1.415,0,0,0,0
aten::view,,,0.476,0.476,0,0,0,0
aten::contiguous,,,1.152,12.433,0,2.92,0,0
aten::clone,,,1.618,11.281,0,2.92,0,0
empty_tensor,,,1.959,1.959,0,0,0,0
aten::copy_,,,4.766,7.704,0,2.92,0,0
aclnnInplaceCopy,,,2.938,2.938,2.92,2.92,0,0
aten::contiguous,,,0.516,5.453,0,2.62,0,0
aten::clone,,,0.571,4.937,0,2.62,0,0
empty_tensor,,,1.638,1.638,0,0,0,0
aten::copy_,,,1.754,2.728,0,2.62,0,0
aclnnInplaceCopy,,,0.974,0.974,2.62,2.62,0,0
P13/1104248/00127/jit_run,,,731.77,954.562,0,4.26,0,0
P13/1104248/00128/launch,,,218.117,222.792,0,4.26,0,0
_triton_rope,,,4.675,4.675,4.26,4.26,0,0
aten::view,,,2.917,2.917,0,0,0,0
aten::view,,,0.644,0.644,0,0,0,0
aten::empty,,,2.236,7.438,0,0,0,0
empty_tensor,,,5.202,5.202,0,0,0,0
aten::detach,,,1.309,1.309,0,0,0,0
aten::reshape,,,1.044,2.032,0,0,0,0
aten::view,,,0.988,0.988,0,0,0,0
aten::reshape,,,0.457,2.737,0,0,0,0
aten::view,,,2.28,2.28,0,0,0,0
aten::reshape,,,0.593,1.201,0,0,0,0
aten::view,,,0.608,0.608,0,0,0,0
aten::reshape,,,3.614,5.349,0,0,0,0
aten::_reshape_alias,,,0.858,1.735,0,0,0,0
aten::view,,,0.877,0.877,0,0,0,0
vllm::unified_attention_with_output,,,112.743,1190.393,0,31.141,0,0
P13/1104248/00129/attention,,,291.643,1077.65,0,31.141,0,0
aten::slice,,,1.927,3.971,0,0,0,0
aten::as_strided,,,2.044,2.044,0,0,0,0
aten::slice,,,0.489,1.313,0,0,0,0
aten::as_strided,,,0.824,0.824,0,0,0,0
aten::slice,,,2.738,3.708,0,0,0,0
aten::as_strided,,,0.97,0.97,0,0,0,0
P13/1104248/00130/cache_write,,,156.491,286.07,0,5.640000000000001,0,0
P13/1104248/00131/torch_api,,,86.546,129.579,0,5.640000000000001,0,0
atb::_npu_reshape_and_cache,,,20.813,43.033,0,5.640000000000001,0,0
aten::contiguous,,,1.895,20.665,0,2.4,0,0
aten::clone,,,2.141,18.77,0,2.4,0,0
empty_tensor,,,4.679,4.679,0,0,0,0
aten::copy_,,,7.771,11.95,0,2.4,0,0
aclnnInplaceCopy,,,4.179,4.179,2.4,2.4,0,0
ReshapeCacheOperation,,,1.555,1.555,3.24,3.24,0,0
P13/1104248/00132/fia,,,244.463,475.568,0,25.500999999999998,0,0
aten::slice,,,1.156,2.504,0,0,0,0
aten::as_strided,,,1.348,1.348,0,0,0,0
aten::slice,,,0.55,1.049,0,0,0,0
aten::as_strided,,,0.499,0.499,0,0,0,0
aten::slice,,,0.403,1.098,0,0,0,0
aten::as_strided,,,0.695,0.695,0,0,0,0
P13/1104248/00133/torch_api,,,116.48,197.567,0,24.901,0,0
npu::npu_fused_infer_attention_score,,,70.007,81.087,0,24.901,0,0
empty_tensor,,,4.066,4.066,0,0,0,0
empty_tensor,,,1.602,1.602,0,0,0,0
empty_tensor,,,0.92,0.92,0,0,0,0
empty_tensor,,,0.753,0.753,0,0,0,0
aclnnFusedInferAttentionScoreV3,,,3.739,3.739,24.901,24.901,0,0
aten::view,,,2.154,2.154,0,0,0,0
aten::slice,,,1.098,2.213,0,0,0,0
aten::as_strided,,,1.115,1.115,0,0,0,0
aten::copy_,,,17.191,24.52,0,0.6,0,0
aclnnInplaceCopy,,,7.329,7.329,0.6,0.6,0,0
aten::slice,,,0.74,1.717,0,0,0,0
aten::as_strided,,,0.977,0.977,0,0,0,0
aten::copy_,,,11.103,13.66,0,0,0,0
aclnnInplaceCopy,,,2.557,2.557,0,0,0,0
P13/1104248/00134/acl_dispatch,,,303.299,2930.046,0,75.145,0,52.104
P13/1104248/00135/partition_body,,,202.661,2626.747,0,75.145,0,52.104
npu_fx_compiler inference,,,435.536,2424.086,0,75.145,0,52.104
aten::reshape,,,2.419,4.549,0,0,0,0
aten::view,,,2.13,2.13,0,0,0,0
vllm::unquantized_gemm,,,73.798,188.73,0,5.72,0,5.72
P13/1104248/00136/linear,,,88.448,114.932,0,5.72,0,5.72
aten::linear,,,1.984,26.484,0,5.72,0,5.72
aten::t,,,2.708,6.041,0,0,0,0
aten::transpose,,,1.462,3.333,0,0,0,0
aten::as_strided,,,1.871,1.871,0,0,0,0
aten::matmul,,,9.531,18.459,0,5.72,0,5.72
empty_tensor,,,4.963,4.963,0,0,0,0
aclnnMatmul,,,3.965,3.965,5.72,5.72,5.72,5.72
vllm::maybe_chunk_residual,,,9.665,9.665,0,0,0,0
_C_ascend::npu_add_rms_norm_bias,,,18.915,34.137,0,3.26,0,0
aten::empty,,,1.866,5.268,0,0,0,0
empty_tensor,,,3.402,3.402,0,0,0,0
aten::empty,,,0.377,2.75,0,0,0,0
empty_tensor,,,2.373,2.373,0,0,0,0
aten::empty,,,0.359,1.124,0,0,0,0
empty_tensor,,,0.765,0.765,0,0,0,0
aten::empty,,,0.374,2.72,0,0,0,0
empty_tensor,,,2.346,2.346,0,0,0,0
aclnnAddRmsNormBias,,,3.36,3.36,3.26,3.26,0,0
vllm::unquantized_gemm,,,69.674,164.207,0,22.342,0,22.342
P13/1104248/00137/linear,,,77.351,94.533,0,22.342,0,22.342
aten::linear,,,1.155,17.182,0,22.342,0,22.342
aten::t,,,1.234,3.639,0,0,0,0
aten::transpose,,,0.931,2.405,0,0,0,0
aten::as_strided,,,1.474,1.474,0,0,0,0
aten::matmul,,,5.891,12.388,0,22.342,0,22.342
empty_tensor,,,2.323,2.323,0,0,0,0
aclnnMatmul,,,4.174,4.174,22.342,22.342,22.342,22.342
npu::npu_swiglu,,,14.669,18.986,0,5.561,0,0
empty_tensor,,,2.072,2.072,0,0,0,0
aclnnSwiGlu,,,2.245,2.245,5.561,5.561,0,0
vllm::unquantized_gemm,,,65.91,150.6,0,16.201,0,16.201
P13/1104248/00138/linear,,,71.661,84.69,0,16.201,0,16.201
aten::linear,,,1.041,13.029,0,16.201,0,16.201
aten::t,,,0.921,2.854,0,0,0,0
aten::transpose,,,0.687,1.933,0,0,0,0
aten::as_strided,,,1.246,1.246,0,0,0,0
aten::matmul,,,4.47,9.134,0,16.201,0,16.201
empty_tensor,,,1.917,1.917,0,0,0,0
aclnnMatmul,,,2.747,2.747,16.201,16.201,16.201,16.201
vllm::maybe_chunk_residual,,,8.625,8.625,0,0,0,0
_C_ascend::npu_add_rms_norm_bias,,,12.809,27.715,0,3.16,0,0
aten::empty,,,0.742,3.268,0,0,0,0
empty_tensor,,,2.526,2.526,0,0,0,0
aten::empty,,,0.491,1.975,0,0,0,0
empty_tensor,,,1.484,1.484,0,0,0,0
aten::empty,,,0.254,1.224,0,0,0,0
empty_tensor,,,0.97,0.97,0,0,0,0
aten::empty,,,0.397,2.463,0,0,0,0
empty_tensor,,,2.066,2.066,0,0,0,0
aclnnAddRmsNormBias,,,5.976,5.976,3.16,3.16,0,0
vllm::unquantized_gemm,,,72.026,176.752,0,9.221,0,7.841
P13/1104248/00139/linear,,,86.813,104.726,0,9.221,0,7.841
aten::linear,,,1.309,17.913,0,9.221,0,7.841
aten::t,,,1.074,3.228,0,0,0,0
aten::transpose,,,0.858,2.154,0,0,0,0
aten::as_strided,,,1.296,1.296,0,0,0,0
aten::addmm,,,8.314,13.376,0,9.221,0,7.841
empty_tensor,,,2.522,2.522,0,0,0,0
aclnnAddmm,,,2.54,2.54,9.221,9.221,7.841,7.841
aten::split_with_sizes,,,3.483,5.376,0,0,0,0
aten::as_strided,,,1.265,1.265,0,0,0,0
aten::as_strided,,,0.304,0.304,0,0,0,0
aten::as_strided,,,0.324,0.324,0,0,0,0
vllm::npu_rotary_embedding,,,210.938,1181.284,0,9.68,0,0
aten::view,,,1.489,1.489,0,0,0,0
aten::view,,,0.388,0.388,0,0,0,0
aten::contiguous,,,0.988,12.721,0,2.42,0,0
aten::clone,,,1.564,11.733,0,2.42,0,0
empty_tensor,,,2.185,2.185,0,0,0,0
aten::copy_,,,4.97,7.984,0,2.42,0,0
aclnnInplaceCopy,,,3.014,3.014,2.42,2.42,0,0
aten::contiguous,,,0.351,5.527,0,2.54,0,0
aten::clone,,,0.499,5.176,0,2.54,0,0
empty_tensor,,,1.308,1.308,0,0,0,0
aten::copy_,,,1.728,3.369,0,2.54,0,0
aclnnInplaceCopy,,,1.641,1.641,2.54,2.54,0,0
P13/1104248/00140/jit_run,,,728.837,946.718,0,4.72,0,0
P13/1104248/00141/launch,,,213.6,217.881,0,4.72,0,0
_triton_rope,,,4.281,4.281,4.72,4.72,0,0
aten::view,,,2.927,2.927,0,0,0,0
aten::view,,,0.576,0.576,0,0,0,0
aten::empty,,,2.296,7.315,0,0,0,0
empty_tensor,,,5.019,5.019,0,0,0,0
aten::detach,,,1.275,1.275,0,0,0,0
aten::reshape,,,0.966,1.944,0,0,0,0
aten::view,,,0.978,0.978,0,0,0,0
aten::reshape,,,0.574,1.216,0,0,0,0
aten::view,,,0.642,0.642,0,0,0,0
aten::reshape,,,0.561,1.01,0,0,0,0
aten::view,,,0.449,0.449,0,0,0,0
aten::reshape,,,3.417,5.164,0,0,0,0
aten::_reshape_alias,,,0.879,1.747,0,0,0,0
aten::view,,,0.868,0.868,0,0,0,0
vllm::unified_attention_with_output,,,108.005,1175.934,0,27.661,0,0
P13/1104248/00142/attention,,,292.134,1067.929,0,27.661,0,0
aten::slice,,,1.918,3.898,0,0,0,0
aten::as_strided,,,1.98,1.98,0,0,0,0
aten::slice,,,0.378,1.044,0,0,0,0
aten::as_strided,,,0.666,0.666,0,0,0,0
aten::slice,,,2.793,3.757,0,0,0,0
aten::as_strided,,,0.964,0.964,0,0,0,0
P13/1104248/00143/cache_write,,,155.907,282.008,0,5.62,0,0
P13/1104248/00144/torch_api,,,84.45,126.101,0,5.62,0,0
atb::_npu_reshape_and_cache,,,19.928,41.651,0,5.62,0,0
aten::contiguous,,,1.096,20.037,0,2.4,0,0
aten::clone,,,2.292,18.941,0,2.4,0,0
empty_tensor,,,5.273,5.273,0,0,0,0
aten::copy_,,,7.688,11.376,0,2.4,0,0
aclnnInplaceCopy,,,3.688,3.688,2.4,2.4,0,0
ReshapeCacheOperation,,,1.686,1.686,3.22,3.22,0,0
P13/1104248/00145/fia,,,246.166,469.843,0,22.041,0,0
aten::slice,,,1.15,2.53,0,0,0,0
aten::as_strided,,,1.38,1.38,0,0,0,0
aten::slice,,,0.494,0.962,0,0,0,0
aten::as_strided,,,0.468,0.468,0,0,0,0
aten::slice,,,0.407,1.172,0,0,0,0
aten::as_strided,,,0.765,0.765,0,0,0,0
P13/1104248/00146/torch_api,,,109.654,190.051,0,21.421,0,0
npu::npu_fused_infer_attention_score,,,69.234,80.397,0,21.421,0,0
empty_tensor,,,3.916,3.916,0,0,0,0
empty_tensor,,,1.47,1.47,0,0,0,0
empty_tensor,,,0.893,0.893,0,0,0,0
empty_tensor,,,0.959,0.959,0,0,0,0
aclnnFusedInferAttentionScoreV3,,,3.925,3.925,21.421,21.421,0,0
aten::view,,,2.086,2.086,0,0,0,0
aten::slice,,,0.932,2.046,0,0,0,0
aten::as_strided,,,1.114,1.114,0,0,0,0
aten::copy_,,,17.149,24.83,0,0.62,0,0
aclnnInplaceCopy,,,7.681,7.681,0.62,0.62,0,0
aten::slice,,,0.678,1.626,0,0,0,0
aten::as_strided,,,0.948,0.948,0,0,0,0
aten::copy_,,,10.767,13.619,0,0,0,0
aclnnInplaceCopy,,,2.852,2.852,0,0,0,0
P13/1104248/00147/acl_dispatch,,,299.071,2935.103,0,72.943,0,50.622
P13/1104248/00148/partition_body,,,204.673,2636.032,0,72.943,0,50.622
npu_fx_compiler inference,,,431.48,2431.359,0,72.943,0,50.622
aten::reshape,,,2.208,4.613,0,0,0,0
aten::view,,,2.405,2.405,0,0,0,0
vllm::unquantized_gemm,,,72.943,186.44,0,5.3,0,5.3
P13/1104248/00149/linear,,,85.873,113.497,0,5.3,0,5.3
aten::linear,,,2.043,27.624,0,5.3,0,5.3
aten::t,,,3.592,6.797,0,0,0,0
aten::transpose,,,1.418,3.205,0,0,0,0
aten::as_strided,,,1.787,1.787,0,0,0,0
aten::matmul,,,9.611,18.784,0,5.3,0,5.3
empty_tensor,,,5.163,5.163,0,0,0,0
aclnnMatmul,,,4.01,4.01,5.3,5.3,5.3,5.3
vllm::maybe_chunk_residual,,,9.666,9.666,0,0,0,0
_C_ascend::npu_add_rms_norm_bias,,,19.124,32.933,0,2.7,0,0
aten::empty,,,1.13,4.376,0,0,0,0
empty_tensor,,,3.246,3.246,0,0,0,0
aten::empty,,,0.425,1.762,0,0,0,0
empty_tensor,,,1.337,1.337,0,0,0,0
aten::empty,,,0.21,1.093,0,0,0,0
empty_tensor,,,0.883,0.883,0,0,0,0
aten::empty,,,0.385,2.929,0,0,0,0
empty_tensor,,,2.544,2.544,0,0,0,0
aclnnAddRmsNormBias,,,3.649,3.649,2.7,2.7,0,0
vllm::unquantized_gemm,,,67.829,161.097,0,20.881,0,20.881
P13/1104248/00150/linear,,,77.423,93.268,0,20.881,0,20.881
aten::linear,,,1.175,15.845,0,20.881,0,20.881
aten::t,,,1.276,3.6,0,0,0,0
aten::transpose,,,0.991,2.324,0,0,0,0
aten::as_strided,,,1.333,1.333,0,0,0,0
aten::matmul,,,5.7,11.07,0,20.881,0,20.881
empty_tensor,,,2.523,2.523,0,0,0,0
aclnnMatmul,,,2.847,2.847,20.881,20.881,20.881,20.881
npu::npu_swiglu,,,14.557,19.787,0,5.2,0,0
empty_tensor,,,1.941,1.941,0,0,0,0
aclnnSwiGlu,,,3.289,3.289,5.2,5.2,0,0
vllm::unquantized_gemm,,,69.217,180.042,0,16.561,0,16.561
P13/1104248/00151/linear,,,97.557,110.825,0,16.561,0,16.561
aten::linear,,,0.923,13.268,0,16.561,0,16.561
aten::t,,,1.043,3.146,0,0,0,0
aten::transpose,,,0.741,2.103,0,0,0,0
aten::as_strided,,,1.362,1.362,0,0,0,0
aten::matmul,,,4.691,9.199,0,16.561,0,16.561
empty_tensor,,,2.23,2.23,0,0,0,0
aclnnMatmul,,,2.278,2.278,16.561,16.561,16.561,16.561
vllm::maybe_chunk_residual,,,9.143,9.143,0,0,0,0
_C_ascend::npu_add_rms_norm_bias,,,13.523,28.042,0,3.381,0,0
aten::empty,,,0.746,2.967,0,0,0,0
empty_tensor,,,2.221,2.221,0,0,0,0
aten::empty,,,0.485,1.875,0,0,0,0
empty_tensor,,,1.39,1.39,0,0,0,0
aten::empty,,,0.422,1.333,0,0,0,0
empty_tensor,,,0.911,0.911,0,0,0,0
aten::empty,,,0.35,1.877,0,0,0,0
empty_tensor,,,1.527,1.527,0,0,0,0
aclnnAddRmsNormBias,,,6.467,6.467,3.381,3.381,0,0
vllm::unquantized_gemm,,,67.942,166.389,0,9.06,0,7.88
P13/1104248/00152/linear,,,80.799,98.447,0,9.06,0,7.88
aten::linear,,,1.44,17.648,0,9.06,0,7.88
aten::t,,,1.003,3.11,0,0,0,0
aten::transpose,,,0.776,2.107,0,0,0,0
aten::as_strided,,,1.331,1.331,0,0,0,0
aten::addmm,,,8.006,13.098,0,9.06,0,7.88
empty_tensor,,,2.215,2.215,0,0,0,0
aclnnAddmm,,,2.877,2.877,9.06,9.06,7.88,7.88
aten::split_with_sizes,,,3.593,5.362,0,0,0,0
aten::as_strided,,,1.202,1.202,0,0,0,0
aten::as_strided,,,0.315,0.315,0,0,0,0
aten::as_strided,,,0.252,0.252,0,0,0,0
vllm::npu_rotary_embedding,,,213.958,1177.919,0,9.86,0,0
aten::view,,,2.11,2.11,0,0,0,0
aten::view,,,0.515,0.515,0,0,0,0
aten::contiguous,,,1.099,12.179,0,2.54,0,0
aten::clone,,,1.577,11.08,0,2.54,0,0
empty_tensor,,,1.964,1.964,0,0,0,0
aten::copy_,,,4.846,7.539,0,2.54,0,0
aclnnInplaceCopy,,,2.693,2.693,2.54,2.54,0,0
aten::contiguous,,,0.603,6.807,0,2.52,0,0
aten::clone,,,0.694,6.204,0,2.52,0,0
empty_tensor,,,1.23,1.23,0,0,0,0
aten::copy_,,,1.775,4.28,0,2.52,0,0
aclnnInplaceCopy,,,2.505,2.505,2.52,2.52,0,0
P13/1104248/00153/jit_run,,,722.953,939.036,0,4.8,0,0
P13/1104248/00154/launch,,,211.251,216.083,0,4.8,0,0
_triton_rope,,,4.832,4.832,4.8,4.8,0,0
aten::view,,,2.76,2.76,0,0,0,0
aten::view,,,0.554,0.554,0,0,0,0
aten::empty,,,2.118,7.55,0,0,0,0
empty_tensor,,,5.432,5.432,0,0,0,0
aten::detach,,,1.278,1.278,0,0,0,0
aten::reshape,,,1.046,2.03,0,0,0,0
aten::view,,,0.984,0.984,0,0,0,0
aten::reshape,,,0.502,1.08,0,0,0,0
aten::view,,,0.578,0.578,0,0,0,0
aten::reshape,,,0.478,0.905,0,0,0,0
aten::view,,,0.427,0.427,0,0,0,0
aten::reshape,,,3.66,5.603,0,0,0,0
aten::_reshape_alias,,,0.819,1.943,0,0,0,0
aten::view,,,1.124,1.124,0,0,0,0
vllm::unified_attention_with_output,,,107.138,1186.138,0,28.401,0,0
P13/1104248/00155/attention,,,290.388,1079.0,0,28.401,0,0
aten::slice,,,1.943,3.928,0,0,0,0
aten::as_strided,,,1.985,1.985,0,0,0,0
aten::slice,,,2.924,3.756,0,0,0,0
aten::as_strided,,,0.832,0.832,0,0,0,0
aten::slice,,,2.736,3.72,0,0,0,0
aten::as_strided,,,0.984,0.984,0,0,0,0
P13/1104248/00156/cache_write,,,156.205,293.035,0,5.54,0,0
P13/1104248/00157/torch_api,,,85.387,136.83,0,5.54,0,0
atb::_npu_reshape_and_cache,,,29.189,51.443,0,5.54,0,0
aten::contiguous,,,1.147,19.879,0,2.52,0,0
aten::clone,,,2.143,18.732,0,2.52,0,0
empty_tensor,,,4.643,4.643,0,0,0,0
aten::copy_,,,7.671,11.946,0,2.52,0,0
aclnnInplaceCopy,,,4.275,4.275,2.52,2.52,0,0
ReshapeCacheOperation,,,2.375,2.375,3.02,3.02,0,0
P13/1104248/00158/fia,,,246.422,468.653,0,22.861,0,0
aten::slice,,,1.047,2.47,0,0,0,0
aten::as_strided,,,1.423,1.423,0,0,0,0
aten::slice,,,0.426,0.93,0,0,0,0
aten::as_strided,,,0.504,0.504,0,0,0,0
aten::slice,,,0.309,0.724,0,0,0,0
aten::as_strided,,,0.415,0.415,0,0,0,0
P13/1104248/00159/torch_api,,,107.829,188.772,0,22.261,0,0
npu::npu_fused_infer_attention_score,,,69.035,80.943,0,22.261,0,0
empty_tensor,,,3.954,3.954,0,0,0,0
empty_tensor,,,1.44,1.44,0,0,0,0
empty_tensor,,,1.07,1.07,0,0,0,0
empty_tensor,,,1.247,1.247,0,0,0,0
aclnnFusedInferAttentionScoreV3,,,4.197,4.197,22.261,22.261,0,0
aten::view,,,2.225,2.225,0,0,0,0
aten::slice,,,0.949,2.065,0,0,0,0
aten::as_strided,,,1.116,1.116,0,0,0,0
aten::copy_,,,18.106,25.045,0,0.6,0,0
aclnnInplaceCopy,,,6.939,6.939,0.6,0.6,0,0
aten::slice,,,0.612,1.528,0,0,0,0
aten::as_strided,,,0.916,0.916,0,0,0,0
aten::copy_,,,10.896,13.992,0,0,0,0
aclnnInplaceCopy,,,3.096,3.096,0,0,0,0
P13/1104248/00160/acl_dispatch,,,310.534,2904.103,0,71.742,0,48.482
P13/1104248/00161/partition_body,,,208.678,2593.569,0,71.742,0,48.482
npu_fx_compiler inference,,,428.568,2384.891,0,71.742,0,48.482
aten::reshape,,,2.325,4.682,0,0,0,0
aten::view,,,2.357,2.357,0,0,0,0
vllm::unquantized_gemm,,,75.513,192.332,0,5.62,0,5.62
P13/1104248/00162/linear,,,90.537,116.819,0,5.62,0,5.62
aten::linear,,,2.216,26.282,0,5.62,0,5.62
aten::t,,,2.759,5.903,0,0,0,0
aten::transpose,,,1.407,3.144,0,0,0,0
aten::as_strided,,,1.737,1.737,0,0,0,0
aten::matmul,,,9.572,18.163,0,5.62,0,5.62
empty_tensor,,,4.792,4.792,0,0,0,0
aclnnMatmul,,,3.799,3.799,5.62,5.62,5.62,5.62
vllm::maybe_chunk_residual,,,9.91,9.91,0,0,0,0
_C_ascend::npu_add_rms_norm_bias,,,19.349,35.091,0,3.86,0,0
aten::empty,,,2.276,5.887,0,0,0,0
empty_tensor,,,3.611,3.611,0,0,0,0
aten::empty,,,0.331,1.593,0,0,0,0
empty_tensor,,,1.262,1.262,0,0,0,0
aten::empty,,,0.206,0.96,0,0,0,0
empty_tensor,,,0.754,0.754,0,0,0,0
aten::empty,,,0.407,3.557,0,0,0,0
empty_tensor,,,3.15,3.15,0,0,0,0
aclnnAddRmsNormBias,,,3.745,3.745,3.86,3.86,0,0
vllm::unquantized_gemm,,,67.046,161.772,0,19.221,0,19.221
P13/1104248/00163/linear,,,78.718,94.726,0,19.221,0,19.221
aten::linear,,,1.21,16.008,0,19.221,0,19.221
aten::t,,,1.36,3.83,0,0,0,0
aten::transpose,,,0.98,2.47,0,0,0,0
aten::as_strided,,,1.49,1.49,0,0,0,0
aten::matmul,,,5.776,10.968,0,19.221,0,19.221
empty_tensor,,,2.376,2.376,0,0,0,0
aclnnMatmul,,,2.816,2.816,19.221,19.221,19.221,19.221
npu::npu_swiglu,,,14.463,18.98,0,6.02,0,0
empty_tensor,,,2.015,2.015,0,0,0,0
aclnnSwiGlu,,,2.502,2.502,6.02,6.02,0,0
vllm::unquantized_gemm,,,64.665,155.216,0,16.221,0,16.221
P13/1104248/00164/linear,,,76.252,90.551,0,16.221,0,16.221
aten::linear,,,0.937,14.299,0,16.221,0,16.221
aten::t,,,0.964,3.042,0,0,0,0
aten::transpose,,,0.768,2.078,0,0,0,0
aten::as_strided,,,1.31,1.31,0,0,0,0
aten::matmul,,,4.547,10.32,0,16.221,0,16.221
empty_tensor,,,1.998,1.998,0,0,0,0
aclnnMatmul,,,3.775,3.775,16.221,16.221,16.221,16.221
vllm::maybe_chunk_residual,,,8.369,8.369,0,0,0,0
_C_ascend::npu_add_rms_norm_bias,,,11.099,26.02,0,3.52,0,0
aten::empty,,,0.69,2.9,0,0,0,0
empty_tensor,,,2.21,2.21,0,0,0,0
aten::empty,,,0.353,1.62,0,0,0,0
empty_tensor,,,1.267,1.267,0,0,0,0
aten::empty,,,0.224,1.47,0,0,0,0
empty_tensor,,,1.246,1.246,0,0,0,0
aten::empty,,,0.487,2.564,0,0,0,0
empty_tensor,,,2.077,2.077,0,0,0,0
aclnnAddRmsNormBias,,,6.367,6.367,3.52,3.52,0,0
vllm::unquantized_gemm,,,70.436,165.603,0,8.58,0,7.42
P13/1104248/00165/linear,,,77.611,95.167,0,8.58,0,7.42
aten::linear,,,1.303,17.556,0,8.58,0,7.42
aten::t,,,0.971,3.003,0,0,0,0
aten::transpose,,,0.726,2.032,0,0,0,0
aten::as_strided,,,1.306,1.306,0,0,0,0
aten::addmm,,,8.146,13.25,0,8.58,0,7.42
empty_tensor,,,2.287,2.287,0,0,0,0
aclnnAddmm,,,2.817,2.817,8.58,8.58,7.42,7.42
aten::split_with_sizes,,,3.607,5.397,0,0,0,0
aten::as_strided,,,1.231,1.231,0,0,0,0
aten::as_strided,,,0.312,0.312,0,0,0,0
aten::as_strided,,,0.247,0.247,0,0,0,0
vllm::npu_rotary_embedding,,,204.532,1155.094,0,8.7,0,0
aten::view,,,1.528,1.528,0,0,0,0
aten::view,,,0.503,0.503,0,0,0,0
aten::contiguous,,,1.058,12.473,0,2.28,0,0
aten::clone,,,1.697,11.415,0,2.28,0,0
empty_tensor,,,2.038,2.038,0,0,0,0
aten::copy_,,,4.788,7.68,0,2.28,0,0
aclnnInplaceCopy,,,2.892,2.892,2.28,2.28,0,0
aten::contiguous,,,0.374,4.786,0,2.26,0,0
aten::clone,,,0.468,4.412,0,2.26,0,0
empty_tensor,,,1.357,1.357,0,0,0,0
aten::copy_,,,1.698,2.587,0,2.26,0,0
aclnnInplaceCopy,,,0.889,0.889,2.26,2.26,0,0
P13/1104248/00166/jit_run,,,719.196,928.185,0,4.16,0,0
P13/1104248/00167/launch,,,204.413,208.989,0,4.16,0,0
_triton_rope,,,4.576,4.576,4.16,4.16,0,0
aten::view,,,2.581,2.581,0,0,0,0
aten::view,,,0.506,0.506,0,0,0,0
aten::empty,,,2.809,7.712,0,0,0,0
empty_tensor,,,4.903,4.903,0,0,0,0
aten::detach,,,1.336,1.336,0,0,0,0
aten::reshape,,,1.007,1.987,0,0,0,0
aten::view,,,0.98,0.98,0,0,0,0
aten::reshape,,,0.575,1.114,0,0,0,0
aten::view,,,0.539,0.539,0,0,0,0
aten::reshape,,,0.399,0.851,0,0,0,0
aten::view,,,0.452,0.452,0,0,0,0
aten::reshape,,,3.252,4.857,0,0,0,0
aten::_reshape_alias,,,0.855,1.605,0,0,0,0
aten::view,,,0.75,0.75,0,0,0,0
vllm::unified_attention_with_output,,,111.692,1185.467,0,25.901,0,0
P13/1104248/00168/attention,,,293.673,1073.775,0,25.901,0,0
aten::slice,,,1.861,3.866,0,0,0,0
aten::as_strided,,,2.005,2.005,0,0,0,0
aten::slice,,,0.414,1.076,0,0,0,0
aten::as_strided,,,0.662,0.662,0,0,0,0
aten::slice,,,2.758,3.526,0,0,0,0
aten::as_strided,,,0.768,0.768,0,0,0,0
P13/1104248/00169/cache_write,,,150.252,275.977,0,5.98,0,0
P13/1104248/00170/torch_api,,,80.882,125.725,0,5.98,0,0
atb::_npu_reshape_and_cache,,,20.732,44.843,0,5.98,0,0
aten::contiguous,,,1.187,22.287,0,2.46,0,0
aten::clone,,,2.133,21.1,0,2.46,0,0
empty_tensor,,,4.605,4.605,0,0,0,0
aten::copy_,,,9.815,14.362,0,2.46,0,0
aclnnInplaceCopy,,,4.547,4.547,2.46,2.46,0,0
ReshapeCacheOperation,,,1.824,1.824,3.52,3.52,0,0
P13/1104248/00171/fia,,,252.846,472.188,0,19.921,0,0
aten::slice,,,1.068,2.36,0,0,0,0
aten::as_strided,,,1.292,1.292,0,0,0,0
aten::slice,,,0.446,0.967,0,0,0,0
aten::as_strided,,,0.521,0.521,0,0,0,0
aten::slice,,,0.922,1.566,0,0,0,0
aten::as_strided,,,0.644,0.644,0,0,0,0
P13/1104248/00172/torch_api,,,109.866,189.596,0,19.301000000000002,0,0
npu::npu_fused_infer_attention_score,,,68.913,79.73,0,19.301000000000002,0,0
empty_tensor,,,3.838,3.838,0,0,0,0
empty_tensor,,,1.403,1.403,0,0,0,0
empty_tensor,,,0.961,0.961,0,0,0,0
empty_tensor,,,0.95,0.95,0,0,0,0
aclnnFusedInferAttentionScoreV3,,,3.665,3.665,19.301000000000002,19.301000000000002,0,0
aten::view,,,2.173,2.173,0,0,0,0
aten::slice,,,0.918,2.033,0,0,0,0
aten::as_strided,,,1.115,1.115,0,0,0,0
aten::copy_,,,17.639,20.647,0,0.62,0,0
aclnnInplaceCopy,,,3.008,3.008,0.62,0.62,0,0
aten::slice,,,0.659,1.587,0,0,0,0
aten::as_strided,,,0.928,0.928,0,0,0,0
aten::copy_,,,10.97,21.882,0,0,0,0
aclnnInplaceCopy,,,10.912,10.912,0,0,0,0
P13/1104248/00173/acl_dispatch,,,340.381,2974.666,0,71.803,0,50.021
P13/1104248/00174/partition_body,,,202.467,2634.285,0,71.803,0,50.021
npu_fx_compiler inference,,,432.903,2431.818,0,71.803,0,50.021
aten::reshape,,,2.37,5.076,0,0,0,0
aten::view,,,2.706,2.706,0,0,0,0
vllm::unquantized_gemm,,,75.717,187.154,0,5.34,0,5.34
P13/1104248/00175/linear,,,83.612,111.437,0,5.34,0,5.34
aten::linear,,,2.058,27.825,0,5.34,0,5.34
aten::t,,,2.82,6.165,0,0,0,0
aten::transpose,,,1.515,3.345,0,0,0,0
aten::as_strided,,,1.83,1.83,0,0,0,0
aten::matmul,,,10.089,19.602,0,5.34,0,5.34
empty_tensor,,,6.276,6.276,0,0,0,0
aclnnMatmul,,,3.237,3.237,5.34,5.34,5.34,5.34
vllm::maybe_chunk_residual,,,9.975,9.975,0,0,0,0
_C_ascend::npu_add_rms_norm_bias,,,19.662,33.249,0,2.98,0,0
aten::empty,,,1.252,4.652,0,0,0,0
empty_tensor,,,3.4,3.4,0,0,0,0
aten::empty,,,0.276,1.453,0,0,0,0
empty_tensor,,,1.177,1.177,0,0,0,0
aten::empty,,,0.36,1.54,0,0,0,0
empty_tensor,,,1.18,1.18,0,0,0,0
aten::empty,,,0.355,2.753,0,0,0,0
empty_tensor,,,2.398,2.398,0,0,0,0
aclnnAddRmsNormBias,,,3.189,3.189,2.98,2.98,0,0
vllm::unquantized_gemm,,,67.9,163.017,0,20.321,0,20.321
P13/1104248/00176/linear,,,79.511,95.117,0,20.321,0,20.321
aten::linear,,,1.237,15.606,0,20.321,0,20.321
aten::t,,,1.336,3.614,0,0,0,0
aten::transpose,,,0.873,2.278,0,0,0,0
aten::as_strided,,,1.405,1.405,0,0,0,0
aten::matmul,,,5.784,10.755,0,20.321,0,20.321
empty_tensor,,,2.207,2.207,0,0,0,0
aclnnMatmul,,,2.764,2.764,20.321,20.321,20.321,20.321
npu::npu_swiglu,,,14.111,18.67,0,5.341,0,0
empty_tensor,,,1.826,1.826,0,0,0,0
aclnnSwiGlu,,,2.733,2.733,5.341,5.341,0,0
vllm::unquantized_gemm,,,66.705,157.036,0,16.52,0,16.52
P13/1104248/00177/linear,,,76.363,90.331,0,16.52,0,16.52
aten::linear,,,0.854,13.968,0,16.52,0,16.52
aten::t,,,1.068,2.903,0,0,0,0
aten::transpose,,,0.629,1.835,0,0,0,0
aten::as_strided,,,1.206,1.206,0,0,0,0
aten::matmul,,,5.123,10.211,0,16.52,0,16.52
empty_tensor,,,2.32,2.32,0,0,0,0
aclnnMatmul,,,2.768,2.768,16.52,16.52,16.52,16.52
vllm::maybe_chunk_residual,,,8.952,8.952,0,0,0,0
_C_ascend::npu_add_rms_norm_bias,,,12.055,27.889,0,3.18,0,0
aten::empty,,,0.665,3.103,0,0,0,0
empty_tensor,,,2.438,2.438,0,0,0,0
aten::empty,,,0.462,1.846,0,0,0,0
empty_tensor,,,1.384,1.384,0,0,0,0
aten::empty,,,0.266,0.971,0,0,0,0
empty_tensor,,,0.705,0.705,0,0,0,0
aten::empty,,,0.341,1.914,0,0,0,0
empty_tensor,,,1.573,1.573,0,0,0,0
aclnnAddRmsNormBias,,,8.0,8.0,3.18,3.18,0,0
vllm::unquantized_gemm,,,66.457,163.519,0,9.18,0,7.84
P13/1104248/00178/linear,,,80.509,97.062,0,9.18,0,7.84
aten::linear,,,1.286,16.553,0,9.18,0,7.84
aten::t,,,1.055,3.145,0,0,0,0
aten::transpose,,,0.767,2.09,0,0,0,0
aten::as_strided,,,1.323,1.323,0,0,0,0
aten::addmm,,,7.477,12.122,0,9.18,0,7.84
empty_tensor,,,2.013,2.013,0,0,0,0
aclnnAddmm,,,2.632,2.632,9.18,9.18,7.84,7.84
aten::split_with_sizes,,,3.447,5.434,0,0,0,0
aten::as_strided,,,1.295,1.295,0,0,0,0
aten::as_strided,,,0.325,0.325,0,0,0,0
aten::as_strided,,,0.367,0.367,0,0,0,0
vllm::npu_rotary_embedding,,,207.1,1201.535,0,8.940999999999999,0,0
aten::view,,,1.479,1.479,0,0,0,0
aten::view,,,0.36,0.36,0,0,0,0
aten::contiguous,,,1.051,14.606,0,2.42,0,0
aten::clone,,,1.608,13.555,0,2.42,0,0
empty_tensor,,,2.092,2.092,0,0,0,0
aten::copy_,,,7.174,9.855,0,2.42,0,0
aclnnInplaceCopy,,,2.681,2.681,2.42,2.42,0,0
aten::contiguous,,,0.454,5.003,0,2.38,0,0
aten::clone,,,0.496,4.549,0,2.38,0,0
empty_tensor,,,1.25,1.25,0,0,0,0
aten::copy_,,,1.897,2.803,0,2.38,0,0
aclnnInplaceCopy,,,0.906,0.906,2.38,2.38,0,0
P13/1104248/00179/jit_run,,,732.725,969.76,0,4.141,0,0
P13/1104248/00180/launch,,,232.247,237.035,0,4.141,0,0
_triton_rope,,,4.788,4.788,4.141,4.141,0,0
aten::view,,,2.615,2.615,0,0,0,0
aten::view,,,0.612,0.612,0,0,0,0
aten::empty,,,2.221,7.406,0,0,0,0
empty_tensor,,,5.185,5.185,0,0,0,0
aten::detach,,,1.224,1.224,0,0,0,0
aten::reshape,,,1.043,1.916,0,0,0,0
aten::view,,,0.873,0.873,0,0,0,0
aten::reshape,,,0.543,1.044,0,0,0,0
aten::view,,,0.501,0.501,0,0,0,0
aten::reshape,,,0.369,0.809,0,0,0,0
aten::view,,,0.44,0.44,0,0,0,0
aten::reshape,,,3.385,5.01,0,0,0,0
aten::_reshape_alias,,,0.848,1.625,0,0,0,0
aten::view,,,0.777,0.777,0,0,0,0
vllm::unified_attention_with_output,,,110.529,1183.133,0,31.500999999999998,0,0
P13/1104248/00181/attention,,,300.726,1072.604,0,31.500999999999998,0,0
aten::slice,,,1.973,4.044,0,0,0,0
aten::as_strided,,,2.071,2.071,0,0,0,0
aten::slice,,,0.817,1.69,0,0,0,0
aten::as_strided,,,0.873,0.873,0,0,0,0
aten::slice,,,2.816,3.818,0,0,0,0
aten::as_strided,,,1.002,1.002,0,0,0,0
P13/1104248/00182/cache_write,,,156.125,282.219,0,6.02,0,0
P13/1104248/00183/torch_api,,,83.932,126.094,0,6.02,0,0
atb::_npu_reshape_and_cache,,,19.988,42.162,0,6.02,0,0
aten::contiguous,,,1.105,20.313,0,2.78,0,0
aten::clone,,,2.385,19.208,0,2.78,0,0
empty_tensor,,,4.765,4.765,0,0,0,0
aten::copy_,,,8.144,12.058,0,2.78,0,0
aclnnInplaceCopy,,,3.914,3.914,2.78,2.78,0,0
ReshapeCacheOperation,,,1.861,1.861,3.24,3.24,0,0
P13/1104248/00184/fia,,,239.324,456.165,0,25.480999999999998,0,0
aten::slice,,,1.047,2.462,0,0,0,0
aten::as_strided,,,1.415,1.415,0,0,0,0
aten::slice,,,0.538,1.136,0,0,0,0
aten::as_strided,,,0.598,0.598,0,0,0,0
aten::slice,,,0.429,1.085,0,0,0,0
aten::as_strided,,,0.656,0.656,0,0,0,0
P13/1104248/00185/torch_api,,,106.84,187.413,0,24.861,0,0
npu::npu_fused_infer_attention_score,,,69.684,80.573,0,24.861,0,0
empty_tensor,,,3.702,3.702,0,0,0,0
empty_tensor,,,1.346,1.346,0,0,0,0
empty_tensor,,,0.987,0.987,0,0,0,0
empty_tensor,,,0.987,0.987,0,0,0,0
aclnnFusedInferAttentionScoreV3,,,3.867,3.867,24.861,24.861,0,0
aten::view,,,2.184,2.184,0,0,0,0
aten::slice,,,0.9,1.915,0,0,0,0
aten::as_strided,,,1.015,1.015,0,0,0,0
aten::copy_,,,17.514,20.646,0,0.62,0,0
aclnnInplaceCopy,,,3.132,3.132,0.62,0.62,0,0
aten::slice,,,0.724,1.804,0,0,0,0
aten::as_strided,,,1.08,1.08,0,0,0,0
aten::copy_,,,11.66,22.138,0,0,0,0
aclnnInplaceCopy,,,10.478,10.478,0,0,0,0
P13/1104248/00186/acl_dispatch,,,312.437,3200.733,0,70.863,0,48.760999999999996
P13/1104248/00187/partition_body,,,201.86,2888.296,0,70.863,0,48.760999999999996
npu_fx_compiler inference,,,426.765,2686.436,0,70.863,0,48.760999999999996
aten::reshape,,,2.42,4.7,0,0,0,0
aten::view,,,2.28,2.28,0,0,0,0
vllm::unquantized_gemm,,,72.174,183.193,0,5.54,0,5.54
P13/1104248/00188/linear,,,84.714,111.019,0,5.54,0,5.54
aten::linear,,,2.0,26.305,0,5.54,0,5.54
aten::t,,,2.756,5.877,0,0,0,0
aten::transpose,,,1.435,3.121,0,0,0,0
aten::as_strided,,,1.686,1.686,0,0,0,0
aten::matmul,,,9.72,18.428,0,5.54,0,5.54
empty_tensor,,,4.884,4.884,0,0,0,0
aclnnMatmul,,,3.824,3.824,5.54,5.54,5.54,5.54
vllm::maybe_chunk_residual,,,9.642,9.642,0,0,0,0
_C_ascend::npu_add_rms_norm_bias,,,19.549,34.136,0,3.2,0,0
aten::empty,,,1.419,4.808,0,0,0,0
empty_tensor,,,3.389,3.389,0,0,0,0
aten::empty,,,0.296,1.869,0,0,0,0
empty_tensor,,,1.573,1.573,0,0,0,0
aten::empty,,,0.353,1.205,0,0,0,0
empty_tensor,,,0.852,0.852,0,0,0,0
aten::empty,,,0.395,2.928,0,0,0,0
empty_tensor,,,2.533,2.533,0,0,0,0
aclnnAddRmsNormBias,,,3.777,3.777,3.2,3.2,0,0
vllm::unquantized_gemm,,,70.297,162.846,0,19.24,0,19.24
P13/1104248/00189/linear,,,76.544,92.549,0,19.24,0,19.24
aten::linear,,,1.117,16.005,0,19.24,0,19.24
aten::t,,,1.873,4.076,0,0,0,0
aten::transpose,,,0.811,2.203,0,0,0,0
aten::as_strided,,,1.392,1.392,0,0,0,0
aten::matmul,,,5.559,10.812,0,19.24,0,19.24
empty_tensor,,,2.599,2.599,0,0,0,0
aclnnMatmul,,,2.654,2.654,19.24,19.24,19.24,19.24
npu::npu_swiglu,,,14.576,19.159,0,5.2,0,0
empty_tensor,,,2.123,2.123,0,0,0,0
aclnnSwiGlu,,,2.46,2.46,5.2,5.2,0,0
vllm::unquantized_gemm,,,62.867,148.399,0,16.241,0,16.241
P13/1104248/00190/linear,,,72.659,85.532,0,16.241,0,16.241
aten::linear,,,0.952,12.873,0,16.241,0,16.241
aten::t,,,1.024,2.912,0,0,0,0
aten::transpose,,,0.631,1.888,0,0,0,0
aten::as_strided,,,1.257,1.257,0,0,0,0
aten::matmul,,,4.399,9.009,0,16.241,0,16.241
empty_tensor,,,2.063,2.063,0,0,0,0
aclnnMatmul,,,2.547,2.547,16.241,16.241,16.241,16.241
vllm::maybe_chunk_residual,,,8.704,8.704,0,0,0,0
_C_ascend::npu_add_rms_norm_bias,,,12.571,26.642,0,3.22,0,0
aten::empty,,,0.636,2.904,0,0,0,0
empty_tensor,,,2.268,2.268,0,0,0,0
aten::empty,,,0.389,1.557,0,0,0,0
empty_tensor,,,1.168,1.168,0,0,0,0
aten::empty,,,0.195,1.159,0,0,0,0
empty_tensor,,,0.964,0.964,0,0,0,0
aten::empty,,,0.434,2.143,0,0,0,0
empty_tensor,,,1.709,1.709,0,0,0,0
aclnnAddRmsNormBias,,,6.308,6.308,3.22,3.22,0,0
vllm::unquantized_gemm,,,72.849,178.914,0,8.92,0,7.74
P13/1104248/00191/linear,,,85.96,106.065,0,8.92,0,7.74
aten::linear,,,1.351,20.105,0,8.92,0,7.74
aten::t,,,1.694,3.792,0,0,0,0
aten::transpose,,,0.716,2.098,0,0,0,0
aten::as_strided,,,1.382,1.382,0,0,0,0
aten::addmm,,,8.26,14.962,0,8.92,0,7.74
empty_tensor,,,2.23,2.23,0,0,0,0
aclnnAddmm,,,4.472,4.472,8.92,8.92,7.74,7.74
aten::split_with_sizes,,,3.536,5.504,0,0,0,0
aten::as_strided,,,1.325,1.325,0,0,0,0
aten::as_strided,,,0.287,0.287,0,0,0,0
aten::as_strided,,,0.356,0.356,0,0,0,0
vllm::npu_rotary_embedding,,,208.74,1459.65,0,9.302,0,0
aten::view,,,1.562,1.562,0,0,0,0
aten::view,,,0.478,0.478,0,0,0,0
aten::contiguous,,,0.998,12.261,0,2.481,0,0
aten::clone,,,1.538,11.263,0,2.481,0,0
empty_tensor,,,1.984,1.984,0,0,0,0
aten::copy_,,,4.842,7.741,0,2.481,0,0
aclnnInplaceCopy,,,2.899,2.899,2.481,2.481,0,0
aten::contiguous,,,0.586,5.089,0,2.42,0,0
aten::clone,,,0.64,4.503,0,2.42,0,0
empty_tensor,,,1.174,1.174,0,0,0,0
aten::copy_,,,1.713,2.689,0,2.42,0,0
aclnnInplaceCopy,,,0.976,0.976,2.42,2.42,0,0
P13/1104248/00192/jit_run,,,724.698,1228.303,0,4.401,0,0
P13/1104248/00193/launch,,,499.512,503.605,0,4.401,0,0
_triton_rope,,,4.093,4.093,4.401,4.401,0,0
aten::view,,,2.668,2.668,0,0,0,0
aten::view,,,0.549,0.549,0,0,0,0
aten::empty,,,2.165,7.045,0,0,0,0
empty_tensor,,,4.88,4.88,0,0,0,0
aten::detach,,,1.316,1.316,0,0,0,0
aten::reshape,,,1.08,2.05,0,0,0,0
aten::view,,,0.97,0.97,0,0,0,0
aten::reshape,,,1.208,1.778,0,0,0,0
aten::view,,,0.57,0.57,0,0,0,0
aten::reshape,,,0.606,1.037,0,0,0,0
aten::view,,,0.431,0.431,0,0,0,0
aten::reshape,,,3.276,4.956,0,0,0,0
aten::_reshape_alias,,,0.844,1.68,0,0,0,0
aten::view,,,0.836,0.836,0,0,0,0
vllm::unified_attention_with_output,,,108.786,1199.287,0,28.22,0,0
P13/1104248/00194/attention,,,289.205,1090.501,0,28.22,0,0
aten::slice,,,2.033,3.992,0,0,0,0
aten::as_strided,,,1.959,1.959,0,0,0,0
aten::slice,,,0.374,1.142,0,0,0,0
aten::as_strided,,,0.768,0.768,0,0,0,0
aten::slice,,,2.666,3.605,0,0,0,0
aten::as_strided,,,0.939,0.939,0,0,0,0
P13/1104248/00195/cache_write,,,158.319,295.514,0,5.9399999999999995,0,0
P13/1104248/00196/torch_api,,,82.665,137.195,0,5.9399999999999995,0,0
atb::_npu_reshape_and_cache,,,32.445,54.53,0,5.9399999999999995,0,0
aten::contiguous,,,1.293,20.276,0,2.36,0,0
aten::clone,,,2.088,18.983,0,2.36,0,0
empty_tensor,,,4.422,4.422,0,0,0,0
aten::copy_,,,7.951,12.473,0,2.36,0,0
aclnnInplaceCopy,,,4.522,4.522,2.36,2.36,0,0
ReshapeCacheOperation,,,1.809,1.809,3.58,3.58,0,0
P13/1104248/00197/fia,,,251.631,472.837,0,22.279999999999998,0,0
aten::slice,,,1.175,2.69,0,0,0,0
aten::as_strided,,,1.515,1.515,0,0,0,0
aten::slice,,,0.484,1.015,0,0,0,0
aten::as_strided,,,0.531,0.531,0,0,0,0
aten::slice,,,0.359,0.939,0,0,0,0
aten::as_strided,,,0.58,0.58,0,0,0,0
P13/1104248/00198/torch_api,,,111.679,191.587,0,21.66,0,0
npu::npu_fused_infer_attention_score,,,68.621,79.908,0,21.66,0,0
empty_tensor,,,4.561,4.561,0,0,0,0
empty_tensor,,,1.39,1.39,0,0,0,0
empty_tensor,,,0.794,0.794,0,0,0,0
empty_tensor,,,0.714,0.714,0,0,0,0
aclnnFusedInferAttentionScoreV3,,,3.828,3.828,21.66,21.66,0,0
aten::view,,,2.095,2.095,0,0,0,0
aten::slice,,,0.92,2.07,0,0,0,0
aten::as_strided,,,1.15,1.15,0,0,0,0
aten::copy_,,,17.895,20.81,0,0.62,0,0
aclnnInplaceCopy,,,2.915,2.915,0.62,0.62,0,0
aten::slice,,,0.646,1.583,0,0,0,0
aten::as_strided,,,0.937,0.937,0,0,0,0
aten::copy_,,,10.499,22.623,0,0,0,0
aclnnInplaceCopy,,,12.124,12.124,0,0,0,0
P13/1104248/00199/acl_dispatch,,,311.588,2902.445,0,70.484,0,48.923
P13/1104248/00200/partition_body,,,201.982,2590.857,0,70.484,0,48.923
npu_fx_compiler inference,,,427.18,2388.875,0,70.484,0,48.923
aten::reshape,,,2.17,4.507,0,0,0,0
aten::view,,,2.337,2.337,0,0,0,0
vllm::unquantized_gemm,,,74.283,188.494,0,5.321,0,5.321
P13/1104248/00201/linear,,,87.666,114.211,0,5.321,0,5.321
aten::linear,,,2.054,26.545,0,5.321,0,5.321
aten::t,,,2.766,5.953,0,0,0,0
aten::transpose,,,1.388,3.187,0,0,0,0
aten::as_strided,,,1.799,1.799,0,0,0,0
aten::matmul,,,9.794,18.538,0,5.321,0,5.321
empty_tensor,,,5.013,5.013,0,0,0,0
aclnnMatmul,,,3.731,3.731,5.321,5.321,5.321,5.321
vllm::maybe_chunk_residual,,,9.445,9.445,0,0,0,0
_C_ascend::npu_add_rms_norm_bias,,,18.987,33.723,0,3.1,0,0
aten::empty,,,1.217,4.617,0,0,0,0
empty_tensor,,,3.4,3.4,0,0,0,0
aten::empty,,,0.403,2.406,0,0,0,0
empty_tensor,,,2.003,2.003,0,0,0,0
aten::empty,,,0.378,1.526,0,0,0,0
empty_tensor,,,1.148,1.148,0,0,0,0
aten::empty,,,0.366,2.804,0,0,0,0
empty_tensor,,,2.438,2.438,0,0,0,0
aclnnAddRmsNormBias,,,3.383,3.383,3.1,3.1,0,0
vllm::unquantized_gemm,,,68.035,165.715,0,19.181,0,19.181
P13/1104248/00202/linear,,,81.453,97.68,0,19.181,0,19.181
aten::linear,,,1.117,16.227,0,19.181,0,19.181
aten::t,,,1.326,3.816,0,0,0,0
aten::transpose,,,0.996,2.49,0,0,0,0
aten::as_strided,,,1.494,1.494,0,0,0,0
aten::matmul,,,5.935,11.294,0,19.181,0,19.181
empty_tensor,,,2.498,2.498,0,0,0,0
aclnnMatmul,,,2.861,2.861,19.181,19.181,19.181,19.181
npu::npu_swiglu,,,14.711,19.471,0,4.88,0,0
empty_tensor,,,2.004,2.004,0,0,0,0
aclnnSwiGlu,,,2.756,2.756,4.88,4.88,0,0
vllm::unquantized_gemm,,,64.115,149.98,0,16.56,0,16.56
P13/1104248/00203/linear,,,72.817,85.865,0,16.56,0,16.56
aten::linear,,,0.899,13.048,0,16.56,0,16.56
aten::t,,,0.844,2.868,0,0,0,0
aten::transpose,,,0.699,2.024,0,0,0,0
aten::as_strided,,,1.325,1.325,0,0,0,0
aten::matmul,,,4.332,9.281,0,16.56,0,16.56
empty_tensor,,,2.134,2.134,0,0,0,0
aclnnMatmul,,,2.815,2.815,16.56,16.56,16.56,16.56
vllm::maybe_chunk_residual,,,9.247,9.247,0,0,0,0
_C_ascend::npu_add_rms_norm_bias,,,11.615,23.386,0,3.22,0,0
aten::empty,,,0.677,3.095,0,0,0,0
empty_tensor,,,2.418,2.418,0,0,0,0
aten::empty,,,0.946,2.216,0,0,0,0
empty_tensor,,,1.27,1.27,0,0,0,0
aten::empty,,,0.418,1.47,0,0,0,0
empty_tensor,,,1.052,1.052,0,0,0,0
aten::empty,,,0.351,1.945,0,0,0,0
empty_tensor,,,1.594,1.594,0,0,0,0
aclnnAddRmsNormBias,,,3.045,3.045,3.22,3.22,0,0
vllm::unquantized_gemm,,,69.036,168.637,0,9.100999999999999,0,7.861
P13/1104248/00204/linear,,,76.416,99.601,0,9.100999999999999,0,7.861
aten::linear,,,1.297,23.185,0,9.100999999999999,0,7.861
aten::t,,,0.81,2.693,0,0,0,0
aten::transpose,,,0.697,1.883,0,0,0,0
aten::as_strided,,,1.186,1.186,0,0,0,0
aten::addmm,,,7.492,19.195,0,9.100999999999999,0,7.861
empty_tensor,,,2.091,2.091,0,0,0,0
aclnnAddmm,,,9.612,9.612,9.100999999999999,9.100999999999999,7.861,7.861
aten::split_with_sizes,,,3.522,5.453,0,0,0,0
aten::as_strided,,,1.34,1.34,0,0,0,0
aten::as_strided,,,0.299,0.299,0,0,0,0
aten::as_strided,,,0.292,0.292,0,0,0,0
vllm::npu_rotary_embedding,,,207.62,1165.682,0,9.120999999999999,0,0
aten::view,,,1.419,1.419,0,0,0,0
aten::view,,,0.575,0.575,0,0,0,0
aten::contiguous,,,1.134,12.856,0,2.481,0,0
aten::clone,,,1.62,11.722,0,2.481,0,0
empty_tensor,,,2.235,2.235,0,0,0,0
aten::copy_,,,4.881,7.867,0,2.481,0,0
aclnnInplaceCopy,,,2.986,2.986,2.481,2.481,0,0
aten::contiguous,,,0.49,5.062,0,2.42,0,0
aten::clone,,,0.469,4.572,0,2.42,0,0
empty_tensor,,,1.153,1.153,0,0,0,0
aten::copy_,,,2.055,2.95,0,2.42,0,0
aclnnInplaceCopy,,,0.895,0.895,2.42,2.42,0,0
P13/1104248/00205/jit_run,,,723.264,934.941,0,4.22,0,0
P13/1104248/00206/launch,,,207.074,211.677,0,4.22,0,0
_triton_rope,,,4.603,4.603,4.22,4.22,0,0
aten::view,,,2.653,2.653,0,0,0,0
aten::view,,,0.556,0.556,0,0,0,0
aten::empty,,,2.131,7.358,0,0,0,0
empty_tensor,,,5.227,5.227,0,0,0,0
aten::detach,,,1.244,1.244,0,0,0,0
aten::reshape,,,1.047,1.935,0,0,0,0
aten::view,,,0.888,0.888,0,0,0,0
aten::reshape,,,0.596,1.318,0,0,0,0
aten::view,,,0.722,0.722,0,0,0,0
aten::reshape,,,0.393,0.994,0,0,0,0
aten::view,,,0.601,0.601,0,0,0,0
aten::reshape,,,3.463,5.106,0,0,0,0
aten::_reshape_alias,,,0.825,1.643,0,0,0,0
aten::view,,,0.818,0.818,0,0,0,0
vllm::unified_attention_with_output,,,110.062,1199.294,0,28.421,0,0
P13/1104248/00207/attention,,,297.964,1089.232,0,28.421,0,0
aten::slice,,,2.076,4.137,0,0,0,0
aten::as_strided,,,2.061,2.061,0,0,0,0
aten::slice,,,0.379,1.047,0,0,0,0
aten::as_strided,,,0.668,0.668,0,0,0,0
aten::slice,,,2.8,3.735,0,0,0,0
aten::as_strided,,,0.935,0.935,0,0,0,0
P13/1104248/00208/cache_write,,,156.761,290.931,0,5.4399999999999995,0,0
P13/1104248/00209/torch_api,,,83.972,134.17,0,5.4399999999999995,0,0
atb::_npu_reshape_and_cache,,,25.266,50.198,0,5.4399999999999995,0,0
aten::contiguous,,,1.067,22.357,0,2.54,0,0
aten::clone,,,1.859,21.29,0,2.54,0,0
empty_tensor,,,7.216,7.216,0,0,0,0
aten::copy_,,,8.193,12.215,0,2.54,0,0
aclnnInplaceCopy,,,4.022,4.022,2.54,2.54,0,0
ReshapeCacheOperation,,,2.575,2.575,2.9,2.9,0,0
P13/1104248/00210/fia,,,248.931,467.316,0,22.980999999999998,0,0
aten::slice,,,1.095,2.426,0,0,0,0
aten::as_strided,,,1.331,1.331,0,0,0,0
aten::slice,,,0.475,0.96,0,0,0,0
aten::as_strided,,,0.485,0.485,0,0,0,0
aten::slice,,,0.257,0.74,0,0,0,0
aten::as_strided,,,0.483,0.483,0,0,0,0
P13/1104248/00211/torch_api,,,109.426,189.051,0,22.381,0,0
npu::npu_fused_infer_attention_score,,,69.112,79.625,0,22.381,0,0
empty_tensor,,,3.969,3.969,0,0,0,0
empty_tensor,,,1.222,1.222,0,0,0,0
empty_tensor,,,0.96,0.96,0,0,0,0
empty_tensor,,,0.738,0.738,0,0,0,0
aclnnFusedInferAttentionScoreV3,,,3.624,3.624,22.381,22.381,0,0
aten::view,,,2.153,2.153,0,0,0,0
aten::slice,,,0.981,2.107,0,0,0,0
aten::as_strided,,,1.126,1.126,0,0,0,0
aten::copy_,,,17.638,20.948,0,0.6,0,0
aclnnInplaceCopy,,,3.31,3.31,0.6,0.6,0,0
aten::slice,,,0.628,1.584,0,0,0,0
aten::as_strided,,,0.956,0.956,0,0,0,0
aten::copy_,,,11.186,22.518,0,0,0,0
aclnnInplaceCopy,,,11.332,11.332,0,0,0,0
P13/1104248/00212/acl_dispatch,,,315.971,2920.518,0,72.144,0,49.203
P13/1104248/00213/partition_body,,,202.077,2604.547,0,72.144,0,49.203
npu_fx_compiler inference,,,431.253,2402.47,0,72.144,0,49.203
aten::reshape,,,2.26,4.728,0,0,0,0
aten::view,,,2.468,2.468,0,0,0,0
vllm::unquantized_gemm,,,74.059,185.972,0,5.82,0,5.82
P13/1104248/00214/linear,,,85.43,111.913,0,5.82,0,5.82
aten::linear,,,2.711,26.483,0,5.82,0,5.82
aten::t,,,2.66,5.815,0,0,0,0
aten::transpose,,,1.458,3.155,0,0,0,0
aten::as_strided,,,1.697,1.697,0,0,0,0
aten::matmul,,,9.524,17.957,0,5.82,0,5.82
empty_tensor,,,4.839,4.839,0,0,0,0
aclnnMatmul,,,3.594,3.594,5.82,5.82,5.82,5.82
vllm::maybe_chunk_residual,,,9.616,9.616,0,0,0,0
_C_ascend::npu_add_rms_norm_bias,,,19.382,33.185,0,3.961,0,0
aten::empty,,,1.43,4.65,0,0,0,0
empty_tensor,,,3.22,3.22,0,0,0,0
aten::empty,,,0.449,1.807,0,0,0,0
empty_tensor,,,1.358,1.358,0,0,0,0
aten::empty,,,0.242,1.028,0,0,0,0
empty_tensor,,,0.786,0.786,0,0,0,0
aten::empty,,,0.409,2.878,0,0,0,0
empty_tensor,,,2.469,2.469,0,0,0,0
aclnnAddRmsNormBias,,,3.44,3.44,3.961,3.961,0,0
vllm::unquantized_gemm,,,68.974,168.164,0,19.361,0,19.361
P13/1104248/00215/linear,,,83.7,99.19,0,19.361,0,19.361
aten::linear,,,1.074,15.49,0,19.361,0,19.361
aten::t,,,1.253,3.745,0,0,0,0
aten::transpose,,,1.107,2.492,0,0,0,0
aten::as_strided,,,1.385,1.385,0,0,0,0
aten::matmul,,,5.734,10.671,0,19.361,0,19.361
empty_tensor,,,2.282,2.282,0,0,0,0
aclnnMatmul,,,2.655,2.655,19.361,19.361,19.361,19.361
npu::npu_swiglu,,,14.761,19.808,0,5.22,0,0
empty_tensor,,,2.076,2.076,0,0,0,0
aclnnSwiGlu,,,2.971,2.971,5.22,5.22,0,0
vllm::unquantized_gemm,,,63.417,148.366,0,16.161,0,16.161
P13/1104248/00216/linear,,,72.239,84.949,0,16.161,0,16.161
aten::linear,,,0.921,12.71,0,16.161,0,16.161
aten::t,,,0.871,2.768,0,0,0,0
aten::transpose,,,0.649,1.897,0,0,0,0
aten::as_strided,,,1.248,1.248,0,0,0,0
aten::matmul,,,4.406,9.021,0,16.161,0,16.161
empty_tensor,,,2.062,2.062,0,0,0,0
aclnnMatmul,,,2.553,2.553,16.161,16.161,16.161,16.161
vllm::maybe_chunk_residual,,,8.573,8.573,0,0,0,0
_C_ascend::npu_add_rms_norm_bias,,,12.713,24.088,0,3.1,0,0
aten::empty,,,0.61,2.856,0,0,0,0
empty_tensor,,,2.246,2.246,0,0,0,0
aten::empty,,,0.231,1.632,0,0,0,0
empty_tensor,,,1.401,1.401,0,0,0,0
aten::empty,,,0.349,1.49,0,0,0,0
empty_tensor,,,1.141,1.141,0,0,0,0
aten::empty,,,0.455,2.348,0,0,0,0
empty_tensor,,,1.893,1.893,0,0,0,0
aclnnAddRmsNormBias,,,3.049,3.049,3.1,3.1,0,0
vllm::unquantized_gemm,,,69.793,163.407,0,9.161,0,7.861
P13/1104248/00217/linear,,,74.409,93.614,0,9.161,0,7.861
aten::linear,,,1.316,19.205,0,9.161,0,7.861
aten::t,,,0.858,2.554,0,0,0,0
aten::transpose,,,0.597,1.696,0,0,0,0
aten::as_strided,,,1.099,1.099,0,0,0,0
aten::addmm,,,7.873,15.335,0,9.161,0,7.861
empty_tensor,,,2.05,2.05,0,0,0,0
aclnnAddmm,,,5.412,5.412,9.161,9.161,7.861,7.861
aten::split_with_sizes,,,3.496,5.375,0,0,0,0
aten::as_strided,,,1.342,1.342,0,0,0,0
aten::as_strided,,,0.289,0.289,0,0,0,0
aten::as_strided,,,0.248,0.248,0,0,0,0
vllm::npu_rotary_embedding,,,209.235,1182.397,0,9.36,0,0
aten::view,,,1.434,1.434,0,0,0,0
aten::view,,,0.53,0.53,0,0,0,0
aten::contiguous,,,1.041,12.83,0,2.92,0,0
aten::clone,,,1.567,11.789,0,2.92,0,0
empty_tensor,,,2.262,2.262,0,0,0,0
aten::copy_,,,4.704,7.96,0,2.92,0,0
aclnnInplaceCopy,,,3.256,3.256,2.92,2.92,0,0
aten::contiguous,,,0.504,4.871,0,2.32,0,0
aten::clone,,,0.492,4.367,0,2.32,0,0
empty_tensor,,,1.397,1.397,0,0,0,0
aten::copy_,,,1.683,2.478,0,2.32,0,0
aclnnInplaceCopy,,,0.795,0.795,2.32,2.32,0,0
P13/1104248/00218/jit_run,,,729.028,950.433,0,4.12,0,0
P13/1104248/00219/launch,,,217.308,221.405,0,4.12,0,0
_triton_rope,,,4.097,4.097,4.12,4.12,0,0
aten::view,,,2.537,2.537,0,0,0,0
aten::view,,,0.527,0.527,0,0,0,0
aten::empty,,,1.967,6.361,0,0,0,0
empty_tensor,,,4.394,4.394,0,0,0,0
aten::detach,,,1.258,1.258,0,0,0,0
aten::reshape,,,1.077,2.024,0,0,0,0
aten::view,,,0.947,0.947,0,0,0,0
aten::reshape,,,0.555,1.311,0,0,0,0
aten::view,,,0.756,0.756,0,0,0,0
aten::reshape,,,0.383,0.83,0,0,0,0
aten::view,,,0.447,0.447,0,0,0,0
aten::reshape,,,3.379,5.754,0,0,0,0
aten::_reshape_alias,,,0.894,2.375,0,0,0,0
aten::view,,,1.481,1.481,0,0,0,0
vllm::unified_attention_with_output,,,110.638,1170.565,0,26.141000000000002,0,0
P13/1104248/00220/attention,,,290.319,1059.927,0,26.141000000000002,0,0
aten::slice,,,2.041,4.183,0,0,0,0
aten::as_strided,,,2.142,2.142,0,0,0,0
aten::slice,,,0.41,1.04,0,0,0,0
aten::as_strided,,,0.63,0.63,0,0,0,0
aten::slice,,,2.835,3.8,0,0,0,0
aten::as_strided,,,0.965,0.965,0,0,0,0
P13/1104248/00221/cache_write,,,152.085,286.818,0,5.619999999999999,0,0
P13/1104248/00222/torch_api,,,81.343,134.733,0,5.619999999999999,0,0
atb::_npu_reshape_and_cache,,,30.939,53.39,0,5.619999999999999,0,0
aten::contiguous,,,1.185,19.942,0,2.36,0,0
aten::clone,,,2.15,18.757,0,2.36,0,0
empty_tensor,,,4.744,4.744,0,0,0,0
aten::copy_,,,7.829,11.863,0,2.36,0,0
aclnnInplaceCopy,,,4.034,4.034,2.36,2.36,0,0
ReshapeCacheOperation,,,2.509,2.509,3.26,3.26,0,0
P13/1104248/00223/fia,,,233.392,450.68,0,20.521,0,0
aten::slice,,,1.104,2.462,0,0,0,0
aten::as_strided,,,1.358,1.358,0,0,0,0
aten::slice,,,0.466,1.014,0,0,0,0
aten::as_strided,,,0.548,0.548,0,0,0,0
aten::slice,,,0.283,0.82,0,0,0,0
aten::as_strided,,,0.537,0.537,0,0,0,0
P13/1104248/00224/torch_api,,,106.675,188.405,0,19.901,0,0
npu::npu_fused_infer_attention_score,,,70.444,81.73,0,19.901,0,0
empty_tensor,,,3.75,3.75,0,0,0,0
empty_tensor,,,1.195,1.195,0,0,0,0
empty_tensor,,,1.102,1.102,0,0,0,0
empty_tensor,,,0.895,0.895,0,0,0,0
aclnnFusedInferAttentionScoreV3,,,4.344,4.344,19.901,19.901,0,0
aten::view,,,2.124,2.124,0,0,0,0
aten::slice,,,1.01,2.041,0,0,0,0
aten::as_strided,,,1.031,1.031,0,0,0,0
aten::copy_,,,17.461,20.422,0,0.62,0,0
aclnnInplaceCopy,,,2.961,2.961,0.62,0.62,0,0
aten::slice,,,0.692,1.557,0,0,0,0
aten::as_strided,,,0.865,0.865,0,0,0,0
aten::copy_,,,10.315,21.53,0,0,0,0
aclnnInplaceCopy,,,11.215,11.215,0,0,0,0
P13/1104248/00225/acl_dispatch,,,308.449,2950.335,0,73.023,0,50.222
P13/1104248/00226/partition_body,,,199.495,2641.886,0,73.023,0,50.222
npu_fx_compiler inference,,,428.519,2442.391,0,73.023,0,50.222
aten::reshape,,,1.974,4.338,0,0,0,0
aten::view,,,2.364,2.364,0,0,0,0
vllm::unquantized_gemm,,,70.311,177.189,0,5.26,0,5.26
P13/1104248/00227/linear,,,81.224,106.878,0,5.26,0,5.26
aten::linear,,,1.962,25.654,0,5.26,0,5.26
aten::t,,,2.695,5.915,0,0,0,0
aten::transpose,,,1.42,3.22,0,0,0,0
aten::as_strided,,,1.8,1.8,0,0,0,0
aten::matmul,,,9.555,17.777,0,5.26,0,5.26
empty_tensor,,,5.001,5.001,0,0,0,0
aclnnMatmul,,,3.221,3.221,5.26,5.26,5.26,5.26
vllm::maybe_chunk_residual,,,9.833,9.833,0,0,0,0
_C_ascend::npu_add_rms_norm_bias,,,19.58,33.672,0,3.08,0,0
aten::empty,,,1.326,4.647,0,0,0,0
empty_tensor,,,3.321,3.321,0,0,0,0
aten::empty,,,0.231,1.451,0,0,0,0
empty_tensor,,,1.22,1.22,0,0,0,0
aten::empty,,,0.197,1.246,0,0,0,0
empty_tensor,,,1.049,1.049,0,0,0,0
aten::empty,,,0.398,3.442,0,0,0,0
empty_tensor,,,3.044,3.044,0,0,0,0
aclnnAddRmsNormBias,,,3.306,3.306,3.08,3.08,0,0
vllm::unquantized_gemm,,,72.437,184.15,0,19.881,0,19.881
P13/1104248/00228/linear,,,95.051,111.713,0,19.881,0,19.881
aten::linear,,,1.256,16.662,0,19.881,0,19.881
aten::t,,,1.368,4.068,0,0,0,0
aten::transpose,,,1.097,2.7,0,0,0,0
aten::as_strided,,,1.603,1.603,0,0,0,0
aten::matmul,,,6.016,11.338,0,19.881,0,19.881
empty_tensor,,,2.482,2.482,0,0,0,0
aclnnMatmul,,,2.84,2.84,19.881,19.881,19.881,19.881
npu::npu_swiglu,,,14.909,19.459,0,5.46,0,0
empty_tensor,,,1.983,1.983,0,0,0,0
aclnnSwiGlu,,,2.567,2.567,5.46,5.46,0,0
vllm::unquantized_gemm,,,65.357,152.487,0,16.98,0,16.98
P13/1104248/00229/linear,,,74.311,87.13,0,16.98,0,16.98
aten::linear,,,0.892,12.819,0,16.98,0,16.98
aten::t,,,0.956,2.813,0,0,0,0
aten::transpose,,,0.651,1.857,0,0,0,0
aten::as_strided,,,1.206,1.206,0,0,0,0
aten::matmul,,,4.305,9.114,0,16.98,0,16.98
empty_tensor,,,2.114,2.114,0,0,0,0
aclnnMatmul,,,2.695,2.695,16.98,16.98,16.98,16.98
vllm::maybe_chunk_residual,,,9.172,9.172,0,0,0,0
_C_ascend::npu_add_rms_norm_bias,,,12.467,23.949,0,3.221,0,0
aten::empty,,,0.657,3.209,0,0,0,0
empty_tensor,,,2.552,2.552,0,0,0,0
aten::empty,,,0.43,1.505,0,0,0,0
empty_tensor,,,1.075,1.075,0,0,0,0
aten::empty,,,0.195,1.12,0,0,0,0
empty_tensor,,,0.925,0.925,0,0,0,0
aten::empty,,,0.982,2.88,0,0,0,0
empty_tensor,,,1.898,1.898,0,0,0,0
aclnnAddRmsNormBias,,,2.768,2.768,3.221,3.221,0,0
vllm::unquantized_gemm,,,70.52,166.964,0,9.241000000000001,0,8.101
P13/1104248/00230/linear,,,77.201,96.444,0,9.241000000000001,0,8.101
aten::linear,,,1.311,19.243,0,9.241000000000001,0,8.101
aten::t,,,0.902,2.795,0,0,0,0
aten::transpose,,,0.626,1.893,0,0,0,0
aten::as_strided,,,1.267,1.267,0,0,0,0
aten::addmm,,,7.631,15.137,0,9.241000000000001,0,8.101
empty_tensor,,,1.99,1.99,0,0,0,0
aclnnAddmm,,,5.516,5.516,9.241000000000001,9.241000000000001,8.101,8.101
aten::split_with_sizes,,,3.418,5.423,0,0,0,0
aten::as_strided,,,1.358,1.358,0,0,0,0
aten::as_strided,,,0.305,0.305,0,0,0,0
aten::as_strided,,,0.342,0.342,0,0,0,0
vllm::npu_rotary_embedding,,,211.515,1208.483,0,9.9,0,0
aten::view,,,1.565,1.565,0,0,0,0
aten::view,,,0.505,0.505,0,0,0,0
aten::contiguous,,,1.075,12.594,0,2.64,0,0
aten::clone,,,1.563,11.519,0,2.64,0,0
empty_tensor,,,2.178,2.178,0,0,0,0
aten::copy_,,,4.871,7.778,0,2.64,0,0
aclnnInplaceCopy,,,2.907,2.907,2.64,2.64,0,0
aten::contiguous,,,0.685,9.43,0,2.42,0,0
aten::clone,,,0.737,8.745,0,2.42,0,0
empty_tensor,,,1.525,1.525,0,0,0,0
aten::copy_,,,1.93,6.483,0,2.42,0,0
aclnnInplaceCopy,,,4.553,4.553,2.42,2.42,0,0
P13/1104248/00231/jit_run,,,723.569,969.224,0,4.84,0,0
P13/1104248/00232/launch,,,238.586,245.655,0,4.84,0,0
_triton_rope,,,7.069,7.069,4.84,4.84,0,0
aten::view,,,3.1,3.1,0,0,0,0
aten::view,,,0.55,0.55,0,0,0,0
aten::empty,,,2.258,7.877,0,0,0,0
empty_tensor,,,5.619,5.619,0,0,0,0
aten::detach,,,1.267,1.267,0,0,0,0
aten::reshape,,,1.115,2.151,0,0,0,0
aten::view,,,1.036,1.036,0,0,0,0
aten::reshape,,,0.566,1.074,0,0,0,0
aten::view,,,0.508,0.508,0,0,0,0
aten::reshape,,,0.526,1.155,0,0,0,0
aten::view,,,0.629,0.629,0,0,0,0
aten::reshape,,,3.399,5.229,0,0,0,0
aten::_reshape_alias,,,0.893,1.83,0,0,0,0
aten::view,,,0.937,0.937,0,0,0,0
vllm::unified_attention_with_output,,,109.457,1192.747,0,31.382,0,0
P13/1104248/00233/attention,,,295.752,1083.29,0,31.382,0,0
aten::slice,,,2.089,4.084,0,0,0,0
aten::as_strided,,,1.995,1.995,0,0,0,0
aten::slice,,,0.485,1.355,0,0,0,0
aten::as_strided,,,0.87,0.87,0,0,0,0
aten::slice,,,2.711,3.458,0,0,0,0
aten::as_strided,,,0.747,0.747,0,0,0,0
P13/1104248/00234/cache_write,,,154.797,291.927,0,5.381,0,0
P13/1104248/00235/torch_api,,,89.787,137.13,0,5.381,0,0
atb::_npu_reshape_and_cache,,,24.9,47.343,0,5.381,0,0
aten::contiguous,,,1.083,20.708,0,2.321,0,0
aten::clone,,,2.118,19.625,0,2.321,0,0
empty_tensor,,,4.726,4.726,0,0,0,0
aten::copy_,,,8.438,12.781,0,2.321,0,0
aclnnInplaceCopy,,,4.343,4.343,2.321,2.321,0,0
ReshapeCacheOperation,,,1.735,1.735,3.06,3.06,0,0
P13/1104248/00236/fia,,,236.95,463.244,0,26.001,0,0
aten::slice,,,1.086,2.423,0,0,0,0
aten::as_strided,,,1.337,1.337,0,0,0,0
aten::slice,,,0.338,1.368,0,0,0,0
aten::as_strided,,,1.03,1.03,0,0,0,0
aten::slice,,,0.533,1.041,0,0,0,0
aten::as_strided,,,0.508,0.508,0,0,0,0
P13/1104248/00237/torch_api,,,115.548,196.09,0,25.401,0,0
npu::npu_fused_infer_attention_score,,,69.647,80.542,0,25.401,0,0
empty_tensor,,,3.965,3.965,0,0,0,0
empty_tensor,,,1.421,1.421,0,0,0,0
empty_tensor,,,1.14,1.14,0,0,0,0
empty_tensor,,,0.745,0.745,0,0,0,0
aclnnFusedInferAttentionScoreV3,,,3.624,3.624,25.401,25.401,0,0
aten::view,,,2.26,2.26,0,0,0,0
aten::slice,,,1.023,2.158,0,0,0,0
aten::as_strided,,,1.135,1.135,0,0,0,0
aten::copy_,,,18.129,20.954,0,0.6,0,0
aclnnInplaceCopy,,,2.825,2.825,0.6,0.6,0,0
aten::slice,,,0.656,1.616,0,0,0,0
aten::as_strided,,,0.96,0.96,0,0,0,0
aten::copy_,,,10.966,21.854,0,0,0,0
aclnnInplaceCopy,,,10.888,10.888,0,0,0,0
P13/1104248/00238/acl_dispatch,,,304.26,2917.038,0,72.003,0,48.462999999999994
P13/1104248/00239/partition_body,,,201.818,2612.778,0,72.003,0,48.462999999999994
npu_fx_compiler inference,,,428.424,2410.96,0,72.003,0,48.462999999999994
aten::reshape,,,2.215,4.728,0,0,0,0
aten::view,,,2.513,2.513,0,0,0,0
vllm::unquantized_gemm,,,78.269,192.018,0,5.56,0,5.56
P13/1104248/00240/linear,,,86.908,113.749,0,5.56,0,5.56
aten::linear,,,2.015,26.841,0,5.56,0,5.56
aten::t,,,2.74,6.082,0,0,0,0
aten::transpose,,,1.487,3.342,0,0,0,0
aten::as_strided,,,1.855,1.855,0,0,0,0
aten::matmul,,,9.399,18.744,0,5.56,0,5.56
empty_tensor,,,5.664,5.664,0,0,0,0
aclnnMatmul,,,3.681,3.681,5.56,5.56,5.56,5.56
vllm::maybe_chunk_residual,,,9.766,9.766,0,0,0,0
_C_ascend::npu_add_rms_norm_bias,,,19.659,34.032,0,3.48,0,0
aten::empty,,,1.492,5.03,0,0,0,0
empty_tensor,,,3.538,3.538,0,0,0,0
aten::empty,,,0.424,2.102,0,0,0,0
empty_tensor,,,1.678,1.678,0,0,0,0
aten::empty,,,0.274,0.964,0,0,0,0
empty_tensor,,,0.69,0.69,0,0,0,0
aten::empty,,,0.376,2.623,0,0,0,0
empty_tensor,,,2.247,2.247,0,0,0,0
aclnnAddRmsNormBias,,,3.654,3.654,3.48,3.48,0,0
vllm::unquantized_gemm,,,67.397,162.864,0,19.081,0,19.081
P13/1104248/00241/linear,,,79.425,95.467,0,19.081,0,19.081
aten::linear,,,1.347,16.042,0,19.081,0,19.081
aten::t,,,1.433,3.78,0,0,0,0
aten::transpose,,,1.008,2.347,0,0,0,0
aten::as_strided,,,1.339,1.339,0,0,0,0
aten::matmul,,,5.534,10.915,0,19.081,0,19.081
empty_tensor,,,2.503,2.503,0,0,0,0
aclnnMatmul,,,2.878,2.878,19.081,19.081,19.081,19.081
npu::npu_swiglu,,,14.256,18.648,0,5.08,0,0
empty_tensor,,,2.12,2.12,0,0,0,0
aclnnSwiGlu,,,2.272,2.272,5.08,5.08,0,0
vllm::unquantized_gemm,,,65.915,150.922,0,16.121,0,16.121
P13/1104248/00242/linear,,,71.504,85.007,0,16.121,0,16.121
aten::linear,,,0.923,13.503,0,16.121,0,16.121
aten::t,,,1.696,3.529,0,0,0,0
aten::transpose,,,0.645,1.833,0,0,0,0
aten::as_strided,,,1.188,1.188,0,0,0,0
aten::matmul,,,4.348,9.051,0,16.121,0,16.121
empty_tensor,,,1.996,1.996,0,0,0,0
aclnnMatmul,,,2.707,2.707,16.121,16.121,16.121,16.121
vllm::maybe_chunk_residual,,,8.854,8.854,0,0,0,0
_C_ascend::npu_add_rms_norm_bias,,,13.138,24.004,0,3.74,0,0
aten::empty,,,0.709,3.164,0,0,0,0
empty_tensor,,,2.455,2.455,0,0,0,0
aten::empty,,,0.375,1.365,0,0,0,0
empty_tensor,,,0.99,0.99,0,0,0,0
aten::empty,,,0.218,1.275,0,0,0,0
empty_tensor,,,1.057,1.057,0,0,0,0
aten::empty,,,0.416,2.208,0,0,0,0
empty_tensor,,,1.792,1.792,0,0,0,0
aclnnAddRmsNormBias,,,2.854,2.854,3.74,3.74,0,0
vllm::unquantized_gemm,,,67.247,166.641,0,9.161,0,7.701
P13/1104248/00243/linear,,,78.917,99.394,0,9.161,0,7.701
aten::linear,,,1.327,20.477,0,9.161,0,7.701
aten::t,,,1.099,2.931,0,0,0,0
aten::transpose,,,0.685,1.832,0,0,0,0
aten::as_strided,,,1.147,1.147,0,0,0,0
aten::addmm,,,8.194,16.219,0,9.161,0,7.701
empty_tensor,,,2.198,2.198,0,0,0,0
aclnnAddmm,,,5.827,5.827,9.161,9.161,7.701,7.701
aten::split_with_sizes,,,3.37,5.15,0,0,0,0
aten::as_strided,,,1.225,1.225,0,0,0,0
aten::as_strided,,,0.299,0.299,0,0,0,0
aten::as_strided,,,0.256,0.256,0,0,0,0
vllm::npu_rotary_embedding,,,208.578,1186.819,0,9.780000000000001,0,0
aten::view,,,1.65,1.65,0,0,0,0
aten::view,,,0.619,0.619,0,0,0,0
aten::contiguous,,,1.115,13.102,0,2.36,0,0
aten::clone,,,1.669,11.987,0,2.36,0,0
empty_tensor,,,2.481,2.481,0,0,0,0
aten::copy_,,,5.105,7.837,0,2.36,0,0
aclnnInplaceCopy,,,2.732,2.732,2.36,2.36,0,0
aten::contiguous,,,0.549,5.323,0,2.68,0,0
aten::clone,,,0.527,4.774,0,2.68,0,0
empty_tensor,,,1.436,1.436,0,0,0,0
aten::copy_,,,1.589,2.811,0,2.68,0,0
aclnnInplaceCopy,,,1.222,1.222,2.68,2.68,0,0
P13/1104248/00244/jit_run,,,729.907,954.22,0,4.74,0,0
P13/1104248/00245/launch,,,216.816,224.313,0,4.74,0,0
_triton_rope,,,7.497,7.497,4.74,4.74,0,0
aten::view,,,2.743,2.743,0,0,0,0
aten::view,,,0.584,0.584,0,0,0,0
aten::empty,,,2.28,7.223,0,0,0,0
empty_tensor,,,4.943,4.943,0,0,0,0
aten::detach,,,1.283,1.283,0,0,0,0
aten::reshape,,,1.109,2.088,0,0,0,0
aten::view,,,0.979,0.979,0,0,0,0
aten::reshape,,,0.675,1.196,0,0,0,0
aten::view,,,0.521,0.521,0,0,0,0
aten::reshape,,,0.486,1.061,0,0,0,0
aten::view,,,0.575,0.575,0,0,0,0
aten::reshape,,,3.518,5.239,0,0,0,0
aten::_reshape_alias,,,0.851,1.721,0,0,0,0
aten::view,,,0.87,0.87,0,0,0,0
vllm::unified_attention_with_output,,,111.452,1175.777,0,28.12,0,0
P13/1104248/00246/attention,,,291.16,1064.325,0,28.12,0,0
aten::slice,,,1.961,3.949,0,0,0,0
aten::as_strided,,,1.988,1.988,0,0,0,0
aten::slice,,,0.412,1.094,0,0,0,0
aten::as_strided,,,0.682,0.682,0,0,0,0
aten::slice,,,2.632,3.466,0,0,0,0
aten::as_strided,,,0.834,0.834,0,0,0,0
P13/1104248/00247/cache_write,,,150.313,285.038,0,5.859999999999999,0,0
P13/1104248/00248/torch_api,,,85.46,134.725,0,5.859999999999999,0,0
atb::_npu_reshape_and_cache,,,26.461,49.265,0,5.859999999999999,0,0
aten::contiguous,,,1.36,20.359,0,2.56,0,0
aten::clone,,,1.939,18.999,0,2.56,0,0
empty_tensor,,,4.653,4.653,0,0,0,0
aten::copy_,,,7.942,12.407,0,2.56,0,0
aclnnInplaceCopy,,,4.465,4.465,2.56,2.56,0,0
ReshapeCacheOperation,,,2.445,2.445,3.3,3.3,0,0
P13/1104248/00249/fia,,,236.696,457.305,0,22.26,0,0
aten::slice,,,1.015,2.36,0,0,0,0
aten::as_strided,,,1.345,1.345,0,0,0,0
aten::slice,,,0.366,0.858,0,0,0,0
aten::as_strided,,,0.492,0.492,0,0,0,0
aten::slice,,,0.409,1.024,0,0,0,0
aten::as_strided,,,0.615,0.615,0,0,0,0
P13/1104248/00250/torch_api,,,110.442,191.237,0,21.64,0,0
npu::npu_fused_infer_attention_score,,,69.963,80.795,0,21.64,0,0
empty_tensor,,,3.963,3.963,0,0,0,0
empty_tensor,,,1.175,1.175,0,0,0,0
empty_tensor,,,0.855,0.855,0,0,0,0
empty_tensor,,,0.937,0.937,0,0,0,0
aclnnFusedInferAttentionScoreV3,,,3.902,3.902,21.64,21.64,0,0
aten::view,,,2.225,2.225,0,0,0,0
aten::slice,,,1.013,2.077,0,0,0,0
aten::as_strided,,,1.064,1.064,0,0,0,0
aten::copy_,,,17.722,20.828,0,0.62,0,0
aclnnInplaceCopy,,,3.106,3.106,0.62,0.62,0,0
aten::slice,,,0.578,1.514,0,0,0,0
aten::as_strided,,,0.936,0.936,0,0,0,0
aten::copy_,,,10.237,20.799,0,0,0,0
aclnnInplaceCopy,,,10.562,10.562,0,0,0,0
P13/1104248/00251/acl_dispatch,,,303.574,2909.204,0,71.102,0,49.261
P13/1104248/00252/partition_body,,,199.783,2605.63,0,71.102,0,49.261
npu_fx_compiler inference,,,429.96,2405.847,0,71.102,0,49.261
aten::reshape,,,2.325,4.74,0,0,0,0
aten::view,,,2.415,2.415,0,0,0,0
vllm::unquantized_gemm,,,72.283,185.353,0,5.42,0,5.42
P13/1104248/00253/linear,,,87.023,113.07,0,5.42,0,5.42
aten::linear,,,1.912,26.047,0,5.42,0,5.42
aten::t,,,2.644,5.749,0,0,0,0
aten::transpose,,,1.346,3.105,0,0,0,0
aten::as_strided,,,1.759,1.759,0,0,0,0
aten::matmul,,,9.616,18.386,0,5.42,0,5.42
empty_tensor,,,5.067,5.067,0,0,0,0
aclnnMatmul,,,3.703,3.703,5.42,5.42,5.42,5.42
vllm::maybe_chunk_residual,,,9.779,9.779,0,0,0,0
_C_ascend::npu_add_rms_norm_bias,,,19.789,33.153,0,3.0,0,0
aten::empty,,,1.268,4.534,0,0,0,0
empty_tensor,,,3.266,3.266,0,0,0,0
aten::empty,,,0.369,1.824,0,0,0,0
empty_tensor,,,1.455,1.455,0,0,0,0
aten::empty,,,0.315,1.055,0,0,0,0
empty_tensor,,,0.74,0.74,0,0,0,0
aten::empty,,,0.428,2.84,0,0,0,0
empty_tensor,,,2.412,2.412,0,0,0,0
aclnnAddRmsNormBias,,,3.111,3.111,3.0,3.0,0,0
vllm::unquantized_gemm,,,66.713,161.836,0,19.741,0,19.741
P13/1104248/00254/linear,,,78.511,95.123,0,19.741,0,19.741
aten::linear,,,1.129,16.612,0,19.741,0,19.741
aten::t,,,1.319,4.208,0,0,0,0
aten::transpose,,,0.845,2.889,0,0,0,0
aten::as_strided,,,2.044,2.044,0,0,0,0
aten::matmul,,,5.727,11.275,0,19.741,0,19.741
empty_tensor,,,2.538,2.538,0,0,0,0
aclnnMatmul,,,3.01,3.01,19.741,19.741,19.741,19.741
npu::npu_swiglu,,,14.829,19.393,0,5.461,0,0
empty_tensor,,,2.057,2.057,0,0,0,0
aclnnSwiGlu,,,2.507,2.507,5.461,5.461,0,0
vllm::unquantized_gemm,,,65.438,154.073,0,16.44,0,16.44
P13/1104248/00255/linear,,,75.375,88.635,0,16.44,0,16.44
aten::linear,,,0.939,13.26,0,16.44,0,16.44
aten::t,,,0.985,2.818,0,0,0,0
aten::transpose,,,0.63,1.833,0,0,0,0
aten::as_strided,,,1.203,1.203,0,0,0,0
aten::matmul,,,4.459,9.503,0,16.44,0,16.44
empty_tensor,,,2.088,2.088,0,0,0,0
aclnnMatmul,,,2.956,2.956,16.44,16.44,16.44,16.44
vllm::maybe_chunk_residual,,,9.189,9.189,0,0,0,0
_C_ascend::npu_add_rms_norm_bias,,,11.644,23.135,0,3.32,0,0
aten::empty,,,0.629,2.93,0,0,0,0
empty_tensor,,,2.301,2.301,0,0,0,0
aten::empty,,,0.36,1.625,0,0,0,0
empty_tensor,,,1.265,1.265,0,0,0,0
aten::empty,,,0.39,1.213,0,0,0,0
empty_tensor,,,0.823,0.823,0,0,0,0
aten::empty,,,0.491,2.518,0,0,0,0
empty_tensor,,,2.027,2.027,0,0,0,0
aclnnAddRmsNormBias,,,3.205,3.205,3.32,3.32,0,0
vllm::unquantized_gemm,,,68.484,171.589,0,8.84,0,7.66
P13/1104248/00256/linear,,,79.905,103.105,0,8.84,0,7.66
aten::linear,,,1.295,23.2,0,8.84,0,7.66
aten::t,,,0.957,6.412,0,0,0,0
aten::transpose,,,0.736,5.455,0,0,0,0
aten::as_strided,,,4.719,4.719,0,0,0,0
aten::addmm,,,7.828,15.493,0,8.84,0,7.66
empty_tensor,,,2.121,2.121,0,0,0,0
aclnnAddmm,,,5.544,5.544,8.84,8.84,7.66,7.66
aten::split_with_sizes,,,3.601,5.5,0,0,0,0
aten::as_strided,,,1.266,1.266,0,0,0,0
aten::as_strided,,,0.294,0.294,0,0,0,0
aten::as_strided,,,0.339,0.339,0,0,0,0
vllm::npu_rotary_embedding,,,219.593,1178.788,0,8.879999999999999,0,0
aten::view,,,1.483,1.483,0,0,0,0
aten::view,,,0.5,0.5,0,0,0,0
aten::contiguous,,,1.019,12.134,0,2.36,0,0
aten::clone,,,1.557,11.115,0,2.36,0,0
empty_tensor,,,2.063,2.063,0,0,0,0
aten::copy_,,,4.804,7.495,0,2.36,0,0
aclnnInplaceCopy,,,2.691,2.691,2.36,2.36,0,0
aten::contiguous,,,0.577,5.248,0,2.36,0,0
aten::clone,,,0.58,4.671,0,2.36,0,0
empty_tensor,,,1.348,1.348,0,0,0,0
aten::copy_,,,1.682,2.743,0,2.36,0,0
aclnnInplaceCopy,,,1.061,1.061,2.36,2.36,0,0
P13/1104248/00257/jit_run,,,713.958,936.109,0,4.16,0,0
P13/1104248/00258/launch,,,217.323,222.151,0,4.16,0,0
_triton_rope,,,4.828,4.828,4.16,4.16,0,0
aten::view,,,3.137,3.137,0,0,0,0
aten::view,,,0.584,0.584,0,0,0,0
aten::empty,,,2.125,7.239,0,0,0,0
empty_tensor,,,5.114,5.114,0,0,0,0
aten::detach,,,1.308,1.308,0,0,0,0
aten::reshape,,,1.079,3.304,0,0,0,0
aten::view,,,2.225,2.225,0,0,0,0
aten::reshape,,,0.471,1.115,0,0,0,0
aten::view,,,0.644,0.644,0,0,0,0
aten::reshape,,,0.573,1.063,0,0,0,0
aten::view,,,0.49,0.49,0,0,0,0
aten::reshape,,,3.629,5.33,0,0,0,0
aten::_reshape_alias,,,0.868,1.701,0,0,0,0
aten::view,,,0.833,0.833,0,0,0,0
vllm::unified_attention_with_output,,,112.082,1189.324,0,28.04,0,0
P13/1104248/00259/attention,,,293.261,1077.242,0,28.04,0,0
aten::slice,,,2.169,4.238,0,0,0,0
aten::as_strided,,,2.069,2.069,0,0,0,0
aten::slice,,,0.441,1.3,0,0,0,0
aten::as_strided,,,0.859,0.859,0,0,0,0
aten::slice,,,2.799,3.675,0,0,0,0
aten::as_strided,,,0.876,0.876,0,0,0,0
P13/1104248/00260/cache_write,,,152.98,286.033,0,5.38,0,0
P13/1104248/00261/torch_api,,,83.61,133.053,0,5.38,0,0
atb::_npu_reshape_and_cache,,,25.153,49.443,0,5.38,0,0
aten::contiguous,,,1.131,21.812,0,2.4,0,0
aten::clone,,,2.034,20.681,0,2.4,0,0
empty_tensor,,,4.669,4.669,0,0,0,0
aten::copy_,,,8.051,13.978,0,2.4,0,0
aclnnInplaceCopy,,,5.927,5.927,2.4,2.4,0,0
ReshapeCacheOperation,,,2.478,2.478,2.98,2.98,0,0
P13/1104248/00262/fia,,,242.924,465.123,0,22.66,0,0
aten::slice,,,1.108,2.471,0,0,0,0
aten::as_strided,,,1.363,1.363,0,0,0,0
aten::slice,,,0.518,0.926,0,0,0,0
aten::as_strided,,,0.408,0.408,0,0,0,0
aten::slice,,,0.259,0.893,0,0,0,0
aten::as_strided,,,0.634,0.634,0,0,0,0
P13/1104248/00263/torch_api,,,112.421,193.405,0,22.04,0,0
npu::npu_fused_infer_attention_score,,,69.594,80.984,0,22.04,0,0
empty_tensor,,,5.046,5.046,0,0,0,0
empty_tensor,,,1.316,1.316,0,0,0,0
empty_tensor,,,0.855,0.855,0,0,0,0
empty_tensor,,,0.702,0.702,0,0,0,0
aclnnFusedInferAttentionScoreV3,,,3.471,3.471,22.04,22.04,0,0
aten::view,,,2.213,2.213,0,0,0,0
aten::slice,,,1.001,2.107,0,0,0,0
aten::as_strided,,,1.106,1.106,0,0,0,0
aten::copy_,,,17.082,20.184,0,0.62,0,0
aclnnInplaceCopy,,,3.102,3.102,0.62,0.62,0,0
aten::slice,,,0.619,1.506,0,0,0,0
aten::as_strided,,,0.887,0.887,0,0,0,0
aten::copy_,,,10.588,22.106,0,0,0,0
aclnnInplaceCopy,,,11.518,11.518,0,0,0,0
P13/1104248/00264/acl_dispatch,,,299.656,2933.063,0,72.16199999999999,0,48.501
P13/1104248/00265/partition_body,,,200.788,2633.407,0,72.16199999999999,0,48.501
npu_fx_compiler inference,,,423.762,2432.619,0,72.16199999999999,0,48.501
aten::reshape,,,2.168,4.481,0,0,0,0
aten::view,,,2.313,2.313,0,0,0,0
vllm::unquantized_gemm,,,76.299,199.072,0,5.66,0,5.66
P13/1104248/00266/linear,,,96.024,122.773,0,5.66,0,5.66
aten::linear,,,2.022,26.749,0,5.66,0,5.66
aten::t,,,2.666,6.004,0,0,0,0
aten::transpose,,,1.48,3.338,0,0,0,0
aten::as_strided,,,1.858,1.858,0,0,0,0
aten::matmul,,,9.925,18.723,0,5.66,0,5.66
empty_tensor,,,5.018,5.018,0,0,0,0
aclnnMatmul,,,3.78,3.78,5.66,5.66,5.66,5.66
vllm::maybe_chunk_residual,,,9.754,9.754,0,0,0,0
_C_ascend::npu_add_rms_norm_bias,,,19.179,34.906,0,3.28,0,0
aten::empty,,,1.552,5.024,0,0,0,0
empty_tensor,,,3.472,3.472,0,0,0,0
aten::empty,,,1.094,2.488,0,0,0,0
empty_tensor,,,1.394,1.394,0,0,0,0
aten::empty,,,0.404,1.509,0,0,0,0
empty_tensor,,,1.105,1.105,0,0,0,0
aten::empty,,,0.49,3.11,0,0,0,0
empty_tensor,,,2.62,2.62,0,0,0,0
aclnnAddRmsNormBias,,,3.596,3.596,3.28,3.28,0,0
vllm::unquantized_gemm,,,71.025,170.007,0,19.281,0,19.281
P13/1104248/00267/linear,,,82.916,98.982,0,19.281,0,19.281
aten::linear,,,1.21,16.066,0,19.281,0,19.281
aten::t,,,1.285,3.797,0,0,0,0
aten::transpose,,,0.986,2.512,0,0,0,0
aten::as_strided,,,1.526,1.526,0,0,0,0
aten::matmul,,,5.775,11.059,0,19.281,0,19.281
empty_tensor,,,2.403,2.403,0,0,0,0
aclnnMatmul,,,2.881,2.881,19.281,19.281,19.281,19.281
npu::npu_swiglu,,,14.849,19.325,0,5.881,0,0
empty_tensor,,,2.04,2.04,0,0,0,0
aclnnSwiGlu,,,2.436,2.436,5.881,5.881,0,0
vllm::unquantized_gemm,,,75.779,160.538,0,16.18,0,16.18
P13/1104248/00268/linear,,,72.249,84.759,0,16.18,0,16.18
aten::linear,,,0.839,12.51,0,16.18,0,16.18
aten::t,,,0.954,2.678,0,0,0,0
aten::transpose,,,0.582,1.724,0,0,0,0
aten::as_strided,,,1.142,1.142,0,0,0,0
aten::matmul,,,4.481,8.993,0,16.18,0,16.18
empty_tensor,,,1.947,1.947,0,0,0,0
aclnnMatmul,,,2.565,2.565,16.18,16.18,16.18,16.18
vllm::maybe_chunk_residual,,,8.805,8.805,0,0,0,0
_C_ascend::npu_add_rms_norm_bias,,,12.965,24.609,0,3.24,0,0
aten::empty,,,0.718,3.471,0,0,0,0
empty_tensor,,,2.753,2.753,0,0,0,0
aten::empty,,,0.433,1.654,0,0,0,0
empty_tensor,,,1.221,1.221,0,0,0,0
aten::empty,,,0.433,1.537,0,0,0,0
empty_tensor,,,1.104,1.104,0,0,0,0
aten::empty,,,0.364,2.004,0,0,0,0
empty_tensor,,,1.64,1.64,0,0,0,0
aclnnAddRmsNormBias,,,2.978,2.978,3.24,3.24,0,0
vllm::unquantized_gemm,,,68.656,166.166,0,8.54,0,7.38
P13/1104248/00269/linear,,,77.664,97.51,0,8.54,0,7.38
aten::linear,,,1.36,19.846,0,8.54,0,7.38
aten::t,,,0.94,2.862,0,0,0,0
aten::transpose,,,0.638,1.922,0,0,0,0
aten::as_strided,,,1.284,1.284,0,0,0,0
aten::addmm,,,8.214,15.624,0,8.54,0,7.38
empty_tensor,,,2.135,2.135,0,0,0,0
aclnnAddmm,,,5.275,5.275,8.54,8.54,7.38,7.38
aten::split_with_sizes,,,3.496,5.347,0,0,0,0
aten::as_strided,,,1.248,1.248,0,0,0,0
aten::as_strided,,,0.26,0.26,0,0,0,0
aten::as_strided,,,0.343,0.343,0,0,0,0
vllm::npu_rotary_embedding,,,212.662,1188.242,0,10.1,0,0
aten::view,,,1.503,1.503,0,0,0,0
aten::view,,,0.425,0.425,0,0,0,0
aten::contiguous,,,1.082,12.017,0,3.34,0,0
aten::clone,,,1.593,10.935,0,3.34,0,0
empty_tensor,,,1.953,1.953,0,0,0,0
aten::copy_,,,4.602,7.389,0,3.34,0,0
aclnnInplaceCopy,,,2.787,2.787,3.34,3.34,0,0
aten::contiguous,,,0.378,7.411,0,2.38,0,0
aten::clone,,,0.552,7.033,0,2.38,0,0
empty_tensor,,,2.01,2.01,0,0,0,0
aten::copy_,,,1.945,4.471,0,2.38,0,0
aclnnInplaceCopy,,,2.526,2.526,2.38,2.38,0,0
P13/1104248/00270/jit_run,,,726.115,951.083,0,4.38,0,0
P13/1104248/00271/launch,,,220.204,224.968,0,4.38,0,0
_triton_rope,,,4.764,4.764,4.38,4.38,0,0
aten::view,,,2.604,2.604,0,0,0,0
aten::view,,,0.537,0.537,0,0,0,0
aten::empty,,,2.239,7.304,0,0,0,0
empty_tensor,,,5.065,5.065,0,0,0,0
aten::detach,,,1.309,1.309,0,0,0,0
aten::reshape,,,1.115,2.055,0,0,0,0
aten::view,,,0.94,0.94,0,0,0,0
aten::reshape,,,0.486,0.99,0,0,0,0
aten::view,,,0.504,0.504,0,0,0,0
aten::reshape,,,0.345,0.788,0,0,0,0
aten::view,,,0.443,0.443,0,0,0,0
aten::reshape,,,3.423,5.159,0,0,0,0
aten::_reshape_alias,,,0.833,1.736,0,0,0,0
aten::view,,,0.903,0.903,0,0,0,0
vllm::unified_attention_with_output,,,108.767,1187.002,0,26.041,0,0
P13/1104248/00272/attention,,,294.551,1078.235,0,26.041,0,0
aten::slice,,,1.845,3.862,0,0,0,0
aten::as_strided,,,2.017,2.017,0,0,0,0
aten::slice,,,0.536,1.442,0,0,0,0
aten::as_strided,,,0.906,0.906,0,0,0,0
aten::slice,,,2.786,3.606,0,0,0,0
aten::as_strided,,,0.82,0.82,0,0,0,0
P13/1104248/00273/cache_write,,,152.835,294.295,0,5.359999999999999,0,0
P13/1104248/00274/torch_api,,,89.581,141.46,0,5.359999999999999,0,0
atb::_npu_reshape_and_cache,,,26.168,51.879,0,5.359999999999999,0,0
aten::contiguous,,,1.248,20.811,0,2.3,0,0
aten::clone,,,2.605,19.563,0,2.3,0,0
empty_tensor,,,4.683,4.683,0,0,0,0
aten::copy_,,,7.936,12.275,0,2.3,0,0
aclnnInplaceCopy,,,4.339,4.339,2.3,2.3,0,0
ReshapeCacheOperation,,,4.9,4.9,3.06,3.06,0,0
P13/1104248/00275/fia,,,238.586,456.386,0,20.681,0,0
aten::slice,,,1.121,2.6,0,0,0,0
aten::as_strided,,,1.479,1.479,0,0,0,0
aten::slice,,,0.497,1.368,0,0,0,0
aten::as_strided,,,0.871,0.871,0,0,0,0
aten::slice,,,0.412,0.919,0,0,0,0
aten::as_strided,,,0.507,0.507,0,0,0,0
P13/1104248/00276/torch_api,,,107.135,188.385,0,20.061,0,0
npu::npu_fused_infer_attention_score,,,70.361,81.25,0,20.061,0,0
empty_tensor,,,3.86,3.86,0,0,0,0
empty_tensor,,,1.598,1.598,0,0,0,0
empty_tensor,,,1.013,1.013,0,0,0,0
empty_tensor,,,0.74,0.74,0,0,0,0
aclnnFusedInferAttentionScoreV3,,,3.678,3.678,20.061,20.061,0,0
aten::view,,,2.232,2.232,0,0,0,0
aten::slice,,,0.915,2.0,0,0,0,0
aten::as_strided,,,1.085,1.085,0,0,0,0
aten::copy_,,,17.441,20.296,0,0.62,0,0
aclnnInplaceCopy,,,2.855,2.855,0.62,0.62,0,0
aten::slice,,,0.637,1.6,0,0,0,0
aten::as_strided,,,0.963,0.963,0,0,0,0
aten::copy_,,,10.935,22.493,0,0,0,0
aclnnInplaceCopy,,,11.558,11.558,0,0,0,0
P13/1104248/00277/acl_dispatch,,,306.646,2924.82,0,71.142,0,49.882
P13/1104248/00278/partition_body,,,204.18,2618.174,0,71.142,0,49.882
npu_fx_compiler inference,,,426.628,2413.994,0,71.142,0,49.882
aten::reshape,,,2.142,4.592,0,0,0,0
aten::view,,,2.45,2.45,0,0,0,0
vllm::unquantized_gemm,,,72.012,182.162,0,5.88,0,5.88
P13/1104248/00279/linear,,,83.692,110.15,0,5.88,0,5.88
aten::linear,,,2.059,26.458,0,5.88,0,5.88
aten::t,,,2.71,5.826,0,0,0,0
aten::transpose,,,1.402,3.116,0,0,0,0
aten::as_strided,,,1.714,1.714,0,0,0,0
aten::matmul,,,9.735,18.573,0,5.88,0,5.88
empty_tensor,,,5.113,5.113,0,0,0,0
aclnnMatmul,,,3.725,3.725,5.88,5.88,5.88,5.88
vllm::maybe_chunk_residual,,,9.395,9.395,0,0,0,0
_C_ascend::npu_add_rms_norm_bias,,,18.766,41.176,0,3.16,0,0
aten::empty,,,1.309,4.841,0,0,0,0
empty_tensor,,,3.532,3.532,0,0,0,0
aten::empty,,,0.268,1.453,0,0,0,0
empty_tensor,,,1.185,1.185,0,0,0,0
aten::empty,,,0.223,1.036,0,0,0,0
empty_tensor,,,0.813,0.813,0,0,0,0
aten::empty,,,0.597,11.44,0,0,0,0
empty_tensor,,,10.843,10.843,0,0,0,0
aclnnAddRmsNormBias,,,3.64,3.64,3.16,3.16,0,0
vllm::unquantized_gemm,,,66.614,161.491,0,19.961,0,19.961
P13/1104248/00280/linear,,,78.775,94.877,0,19.961,0,19.961
aten::linear,,,1.21,16.102,0,19.961,0,19.961
aten::t,,,1.304,3.738,0,0,0,0
aten::transpose,,,0.968,2.434,0,0,0,0
aten::as_strided,,,1.466,1.466,0,0,0,0
aten::matmul,,,5.937,11.154,0,19.961,0,19.961
empty_tensor,,,2.523,2.523,0,0,0,0
aclnnMatmul,,,2.694,2.694,19.961,19.961,19.961,19.961
npu::npu_swiglu,,,15.048,19.66,0,4.98,0,0
empty_tensor,,,2.153,2.153,0,0,0,0
aclnnSwiGlu,,,2.459,2.459,4.98,4.98,0,0
vllm::unquantized_gemm,,,67.897,152.542,0,16.421,0,16.421
P13/1104248/00281/linear,,,72.078,84.645,0,16.421,0,16.421
aten::linear,,,0.925,12.567,0,16.421,0,16.421
aten::t,,,1.011,2.848,0,0,0,0
aten::transpose,,,0.664,1.837,0,0,0,0
aten::as_strided,,,1.173,1.173,0,0,0,0
aten::matmul,,,4.36,8.794,0,16.421,0,16.421
empty_tensor,,,2.129,2.129,0,0,0,0
aclnnMatmul,,,2.305,2.305,16.421,16.421,16.421,16.421
vllm::maybe_chunk_residual,,,9.189,9.189,0,0,0,0
_C_ascend::npu_add_rms_norm_bias,,,12.538,23.369,0,2.98,0,0
aten::empty,,,0.715,3.162,0,0,0,0
empty_tensor,,,2.447,2.447,0,0,0,0
aten::empty,,,0.351,1.476,0,0,0,0
empty_tensor,,,1.125,1.125,0,0,0,0
aten::empty,,,0.217,0.916,0,0,0,0
empty_tensor,,,0.699,0.699,0,0,0,0
aten::empty,,,0.325,2.238,0,0,0,0
empty_tensor,,,1.913,1.913,0,0,0,0
aclnnAddRmsNormBias,,,3.039,3.039,2.98,2.98,0,0
vllm::unquantized_gemm,,,72.154,174.064,0,8.68,0,7.62
P13/1104248/00282/linear,,,82.057,101.91,0,8.68,0,7.62
aten::linear,,,1.237,19.853,0,8.68,0,7.62
aten::t,,,1.04,3.162,0,0,0,0
aten::transpose,,,0.78,2.122,0,0,0,0
aten::as_strided,,,1.342,1.342,0,0,0,0
aten::addmm,,,7.71,15.454,0,8.68,0,7.62
empty_tensor,,,2.179,2.179,0,0,0,0
aclnnAddmm,,,5.565,5.565,8.68,8.68,7.62,7.62
aten::split_with_sizes,,,3.592,5.387,0,0,0,0
aten::as_strided,,,1.273,1.273,0,0,0,0
aten::as_strided,,,0.251,0.251,0,0,0,0
aten::as_strided,,,0.271,0.271,0,0,0,0
vllm::npu_rotary_embedding,,,208.938,1183.971,0,9.08,0,0
aten::view,,,1.557,1.557,0,0,0,0
aten::view,,,0.43,0.43,0,0,0,0
aten::contiguous,,,1.085,19.786,0,2.42,0,0
aten::clone,,,1.71,18.701,0,2.42,0,0
empty_tensor,,,2.135,2.135,0,0,0,0
aten::copy_,,,4.744,14.856,0,2.42,0,0
aclnnInplaceCopy,,,10.112,10.112,2.42,2.42,0,0
aten::contiguous,,,0.55,5.24,0,2.4,0,0
aten::clone,,,0.622,4.69,0,2.4,0,0
empty_tensor,,,1.429,1.429,0,0,0,0
aten::copy_,,,1.742,2.639,0,2.4,0,0
aclnnInplaceCopy,,,0.897,0.897,2.4,2.4,0,0
P13/1104248/00283/jit_run,,,715.443,944.873,0,4.26,0,0
P13/1104248/00284/launch,,,225.03,229.43,0,4.26,0,0
_triton_rope,,,4.4,4.4,4.26,4.26,0,0
aten::view,,,2.605,2.605,0,0,0,0
aten::view,,,0.542,0.542,0,0,0,0
aten::empty,,,2.206,7.248,0,0,0,0
empty_tensor,,,5.042,5.042,0,0,0,0
aten::detach,,,1.268,1.268,0,0,0,0
aten::reshape,,,1.113,2.064,0,0,0,0
aten::view,,,0.951,0.951,0,0,0,0
aten::reshape,,,0.552,1.082,0,0,0,0
aten::view,,,0.53,0.53,0,0,0,0
aten::reshape,,,0.521,1.076,0,0,0,0
aten::view,,,0.555,0.555,0,0,0,0
aten::reshape,,,3.485,7.63,0,0,0,0
aten::_reshape_alias,,,3.122,4.145,0,0,0,0
aten::view,,,1.023,1.023,0,0,0,0
vllm::unified_attention_with_output,,,112.068,1186.317,0,31.021,0,0
P13/1104248/00285/attention,,,297.826,1074.249,0,31.021,0,0
aten::slice,,,1.759,3.727,0,0,0,0
aten::as_strided,,,1.968,1.968,0,0,0,0
aten::slice,,,0.542,1.21,0,0,0,0
aten::as_strided,,,0.668,0.668,0,0,0,0
aten::slice,,,2.905,3.88,0,0,0,0
aten::as_strided,,,0.975,0.975,0,0,0,0
P13/1104248/00286/cache_write,,,152.652,284.481,0,5.6,0,0
P13/1104248/00287/torch_api,,,86.979,131.829,0,5.6,0,0
atb::_npu_reshape_and_cache,,,22.607,44.85,0,5.6,0,0
aten::contiguous,,,1.162,19.793,0,2.38,0,0
aten::clone,,,2.106,18.631,0,2.38,0,0
empty_tensor,,,4.63,4.63,0,0,0,0
aten::copy_,,,7.925,11.895,0,2.38,0,0
aclnnInplaceCopy,,,3.97,3.97,2.38,2.38,0,0
ReshapeCacheOperation,,,2.45,2.45,3.22,3.22,0,0
P13/1104248/00288/fia,,,237.75,458.73,0,25.421000000000003,0,0
aten::slice,,,1.134,2.55,0,0,0,0
aten::as_strided,,,1.416,1.416,0,0,0,0
aten::slice,,,0.455,0.969,0,0,0,0
aten::as_strided,,,0.514,0.514,0,0,0,0
aten::slice,,,0.367,1.006,0,0,0,0
aten::as_strided,,,0.639,0.639,0,0,0,0
P13/1104248/00289/torch_api,,,107.474,191.269,0,24.801000000000002,0,0
npu::npu_fused_infer_attention_score,,,69.858,83.795,0,24.801000000000002,0,0
empty_tensor,,,3.886,3.886,0,0,0,0
empty_tensor,,,1.49,1.49,0,0,0,0
empty_tensor,,,0.892,0.892,0,0,0,0
empty_tensor,,,1.243,1.243,0,0,0,0
aclnnFusedInferAttentionScoreV3,,,6.426,6.426,24.801000000000002,24.801000000000002,0,0
aten::view,,,2.134,2.134,0,0,0,0
aten::slice,,,1.022,2.092,0,0,0,0
aten::as_strided,,,1.07,1.07,0,0,0,0
aten::copy_,,,17.961,20.96,0,0.62,0,0
aclnnInplaceCopy,,,2.999,2.999,0.62,0.62,0,0
aten::slice,,,0.717,1.771,0,0,0,0
aten::as_strided,,,1.054,1.054,0,0,0,0
aten::copy_,,,11.239,22.624,0,0,0,0
aclnnInplaceCopy,,,11.385,11.385,0,0,0,0
P13/1104248/00290/acl_dispatch,,,300.126,2890.245,0,72.423,0,49.303
P13/1104248/00291/partition_body,,,211.354,2590.119,0,72.423,0,49.303
npu_fx_compiler inference,,,424.53,2378.765,0,72.423,0,49.303
aten::reshape,,,2.248,4.766,0,0,0,0
aten::view,,,2.518,2.518,0,0,0,0
vllm::unquantized_gemm,,,68.842,177.349,0,5.681,0,5.681
P13/1104248/00292/linear,,,81.979,108.507,0,5.681,0,5.681
aten::linear,,,2.014,26.528,0,5.681,0,5.681
aten::t,,,2.554,5.847,0,0,0,0
aten::transpose,,,1.628,3.293,0,0,0,0
aten::as_strided,,,1.665,1.665,0,0,0,0
aten::matmul,,,9.879,18.667,0,5.681,0,5.681
empty_tensor,,,5.088,5.088,0,0,0,0
aclnnMatmul,,,3.7,3.7,5.681,5.681,5.681,5.681
vllm::maybe_chunk_residual,,,9.905,9.905,0,0,0,0
_C_ascend::npu_add_rms_norm_bias,,,19.672,35.342,0,3.24,0,0
aten::empty,,,1.474,4.533,0,0,0,0
empty_tensor,,,3.059,3.059,0,0,0,0
aten::empty,,,0.385,1.944,0,0,0,0
empty_tensor,,,1.559,1.559,0,0,0,0
aten::empty,,,0.187,1.136,0,0,0,0
empty_tensor,,,0.949,0.949,0,0,0,0
aten::empty,,,2.286,4.713,0,0,0,0
empty_tensor,,,2.427,2.427,0,0,0,0
aclnnAddRmsNormBias,,,3.344,3.344,3.24,3.24,0,0
vllm::unquantized_gemm,,,68.813,165.879,0,19.301,0,19.301
P13/1104248/00293/linear,,,81.449,97.066,0,19.301,0,19.301
aten::linear,,,1.267,15.617,0,19.301,0,19.301
aten::t,,,1.172,3.551,0,0,0,0
aten::transpose,,,0.969,2.379,0,0,0,0
aten::as_strided,,,1.41,1.41,0,0,0,0
aten::matmul,,,5.85,10.799,0,19.301,0,19.301
empty_tensor,,,2.277,2.277,0,0,0,0
aclnnMatmul,,,2.672,2.672,19.301,19.301,19.301,19.301
npu::npu_swiglu,,,14.662,18.91,0,5.94,0,0
empty_tensor,,,1.94,1.94,0,0,0,0
aclnnSwiGlu,,,2.308,2.308,5.94,5.94,0,0
vllm::unquantized_gemm,,,65.893,155.478,0,16.421,0,16.421
P13/1104248/00294/linear,,,76.74,89.585,0,16.421,0,16.421
aten::linear,,,0.998,12.845,0,16.421,0,16.421
aten::t,,,0.898,2.887,0,0,0,0
aten::transpose,,,0.655,1.989,0,0,0,0
aten::as_strided,,,1.334,1.334,0,0,0,0
aten::matmul,,,4.456,8.96,0,16.421,0,16.421
empty_tensor,,,1.962,1.962,0,0,0,0
aclnnMatmul,,,2.542,2.542,16.421,16.421,16.421,16.421
vllm::maybe_chunk_residual,,,8.758,8.758,0,0,0,0
_C_ascend::npu_add_rms_norm_bias,,,12.694,23.39,0,3.28,0,0
aten::empty,,,0.606,2.887,0,0,0,0
empty_tensor,,,2.281,2.281,0,0,0,0
aten::empty,,,0.279,1.209,0,0,0,0
empty_tensor,,,0.93,0.93,0,0,0,0
aten::empty,,,0.193,1.521,0,0,0,0
empty_tensor,,,1.328,1.328,0,0,0,0
aten::empty,,,0.385,2.103,0,0,0,0
empty_tensor,,,1.718,1.718,0,0,0,0
aclnnAddRmsNormBias,,,2.976,2.976,3.28,3.28,0,0
vllm::unquantized_gemm,,,68.846,162.528,0,9.1,0,7.9
P13/1104248/00295/linear,,,76.825,93.682,0,9.1,0,7.9
aten::linear,,,1.579,16.857,0,9.1,0,7.9
aten::t,,,0.904,2.796,0,0,0,0
aten::transpose,,,0.733,1.892,0,0,0,0
aten::as_strided,,,1.159,1.159,0,0,0,0
aten::addmm,,,7.856,12.482,0,9.1,0,7.9
empty_tensor,,,1.863,1.863,0,0,0,0
aclnnAddmm,,,2.763,2.763,9.1,9.1,7.9,7.9
aten::split_with_sizes,,,3.508,5.391,0,0,0,0
aten::as_strided,,,1.243,1.243,0,0,0,0
aten::as_strided,,,0.288,0.288,0,0,0,0
aten::as_strided,,,0.352,0.352,0,0,0,0
vllm::npu_rotary_embedding,,,207.681,1168.643,0,9.46,0,0
aten::view,,,1.406,1.406,0,0,0,0
aten::view,,,0.439,0.439,0,0,0,0
aten::contiguous,,,1.036,19.192,0,2.86,0,0
aten::clone,,,1.617,18.156,0,2.86,0,0
empty_tensor,,,1.997,1.997,0,0,0,0
aten::copy_,,,4.767,14.542,0,2.86,0,0
aclnnInplaceCopy,,,9.775,9.775,2.86,2.86,0,0
aten::contiguous,,,0.571,5.297,0,2.32,0,0
aten::clone,,,0.752,4.726,0,2.32,0,0
empty_tensor,,,1.304,1.304,0,0,0,0
aten::copy_,,,1.716,2.67,0,2.32,0,0
aclnnInplaceCopy,,,0.954,0.954,2.32,2.32,0,0
P13/1104248/00296/jit_run,,,711.475,931.461,0,4.28,0,0
P13/1104248/00297/launch,,,215.012,219.986,0,4.28,0,0
_triton_rope,,,4.974,4.974,4.28,4.28,0,0
aten::view,,,2.63,2.63,0,0,0,0
aten::view,,,0.537,0.537,0,0,0,0
aten::empty,,,2.2,7.142,0,0,0,0
empty_tensor,,,4.942,4.942,0,0,0,0
aten::detach,,,1.268,1.268,0,0,0,0
aten::reshape,,,1.038,2.01,0,0,0,0
aten::view,,,0.972,0.972,0,0,0,0
aten::reshape,,,0.67,1.205,0,0,0,0
aten::view,,,0.535,0.535,0,0,0,0
aten::reshape,,,0.629,1.208,0,0,0,0
aten::view,,,0.579,0.579,0,0,0,0
aten::reshape,,,3.283,5.063,0,0,0,0
aten::_reshape_alias,,,0.901,1.78,0,0,0,0
aten::view,,,0.879,0.879,0,0,0,0
vllm::unified_attention_with_output,,,109.589,1170.049,0,27.982,0,0
P13/1104248/00298/attention,,,292.154,1060.46,0,27.982,0,0
aten::slice,,,2.062,4.072,0,0,0,0
aten::as_strided,,,2.01,2.01,0,0,0,0
aten::slice,,,0.671,1.57,0,0,0,0
aten::as_strided,,,0.899,0.899,0,0,0,0
aten::slice,,,2.745,3.602,0,0,0,0
aten::as_strided,,,0.857,0.857,0,0,0,0
P13/1104248/00299/cache_write,,,154.793,280.42,0,5.920999999999999,0,0
P13/1104248/00300/torch_api,,,83.513,125.627,0,5.920999999999999,0,0
atb::_npu_reshape_and_cache,,,19.804,42.114,0,5.920999999999999,0,0
aten::contiguous,,,1.164,20.482,0,2.42,0,0
aten::clone,,,2.101,19.318,0,2.42,0,0
empty_tensor,,,4.842,4.842,0,0,0,0
aten::copy_,,,8.072,12.375,0,2.42,0,0
aclnnInplaceCopy,,,4.303,4.303,2.42,2.42,0,0
ReshapeCacheOperation,,,1.828,1.828,3.501,3.501,0,0
P13/1104248/00301/fia,,,235.471,453.78,0,22.061,0,0
aten::slice,,,1.023,2.316,0,0,0,0
aten::as_strided,,,1.293,1.293,0,0,0,0
aten::slice,,,1.199,1.824,0,0,0,0
aten::as_strided,,,0.625,0.625,0,0,0,0
aten::slice,,,0.401,0.9,0,0,0,0
aten::as_strided,,,0.499,0.499,0,0,0,0
P13/1104248/00302/torch_api,,,105.527,185.623,0,21.441000000000003,0,0
npu::npu_fused_infer_attention_score,,,69.603,80.096,0,21.441000000000003,0,0
empty_tensor,,,3.814,3.814,0,0,0,0
empty_tensor,,,1.214,1.214,0,0,0,0
empty_tensor,,,0.833,0.833,0,0,0,0
empty_tensor,,,0.734,0.734,0,0,0,0
aclnnFusedInferAttentionScoreV3,,,3.898,3.898,21.441000000000003,21.441000000000003,0,0
aten::view,,,2.155,2.155,0,0,0,0
aten::slice,,,0.811,1.885,0,0,0,0
aten::as_strided,,,1.074,1.074,0,0,0,0
aten::copy_,,,18.071,23.606,0,0.62,0,0
aclnnInplaceCopy,,,5.535,5.535,0.62,0.62,0,0
aten::slice,,,0.69,1.712,0,0,0,0
aten::as_strided,,,1.022,1.022,0,0,0,0
aten::copy_,,,11.392,23.15,0,0,0,0
aclnnInplaceCopy,,,11.758,11.758,0,0,0,0
P13/1104248/00303/acl_dispatch,,,314.077,2923.135,0,71.023,0,49.120999999999995
P13/1104248/00304/partition_body,,,202.698,2609.058,0,71.023,0,49.120999999999995
npu_fx_compiler inference,,,430.528,2406.36,0,71.023,0,49.120999999999995
aten::reshape,,,2.114,4.521,0,0,0,0
aten::view,,,2.407,2.407,0,0,0,0
vllm::unquantized_gemm,,,72.253,185.266,0,5.56,0,5.56
P13/1104248/00305/linear,,,85.401,113.013,0,5.56,0,5.56
aten::linear,,,1.917,27.612,0,5.56,0,5.56
aten::t,,,2.632,5.98,0,0,0,0
aten::transpose,,,1.616,3.348,0,0,0,0
aten::as_strided,,,1.732,1.732,0,0,0,0
aten::matmul,,,10.612,19.715,0,5.56,0,5.56
empty_tensor,,,5.183,5.183,0,0,0,0
aclnnMatmul,,,3.92,3.92,5.56,5.56,5.56,5.56
vllm::maybe_chunk_residual,,,9.645,9.645,0,0,0,0
_C_ascend::npu_add_rms_norm_bias,,,19.996,33.895,0,3.12,0,0
aten::empty,,,1.281,4.605,0,0,0,0
empty_tensor,,,3.324,3.324,0,0,0,0
aten::empty,,,0.455,1.71,0,0,0,0
empty_tensor,,,1.255,1.255,0,0,0,0
aten::empty,,,0.221,1.223,0,0,0,0
empty_tensor,,,1.002,1.002,0,0,0,0
aten::empty,,,0.499,3.157,0,0,0,0
empty_tensor,,,2.658,2.658,0,0,0,0
aclnnAddRmsNormBias,,,3.204,3.204,3.12,3.12,0,0
vllm::unquantized_gemm,,,67.728,159.495,0,19.441,0,19.441
P13/1104248/00306/linear,,,76.769,91.767,0,19.441,0,19.441
aten::linear,,,1.114,14.998,0,19.441,0,19.441
aten::t,,,1.269,3.569,0,0,0,0
aten::transpose,,,0.872,2.3,0,0,0,0
aten::as_strided,,,1.428,1.428,0,0,0,0
aten::matmul,,,5.514,10.315,0,19.441,0,19.441
empty_tensor,,,2.284,2.284,0,0,0,0
aclnnMatmul,,,2.517,2.517,19.441,19.441,19.441,19.441
npu::npu_swiglu,,,14.686,19.065,0,5.12,0,0
empty_tensor,,,1.886,1.886,0,0,0,0
aclnnSwiGlu,,,2.493,2.493,5.12,5.12,0,0
vllm::unquantized_gemm,,,63.997,157.165,0,16.72,0,16.72
P13/1104248/00307/linear,,,77.239,93.168,0,16.72,0,16.72
aten::linear,,,0.897,15.929,0,16.72,0,16.72
aten::t,,,0.933,5.682,0,0,0,0
aten::transpose,,,0.746,4.749,0,0,0,0
aten::as_strided,,,4.003,4.003,0,0,0,0
aten::matmul,,,4.45,9.35,0,16.72,0,16.72
empty_tensor,,,2.375,2.375,0,0,0,0
aclnnMatmul,,,2.525,2.525,16.72,16.72,16.72,16.72
vllm::maybe_chunk_residual,,,9.005,9.005,0,0,0,0
_C_ascend::npu_add_rms_norm_bias,,,12.43,23.46,0,3.181,0,0
aten::empty,,,0.7,2.985,0,0,0,0
empty_tensor,,,2.285,2.285,0,0,0,0
aten::empty,,,0.357,1.632,0,0,0,0
empty_tensor,,,1.275,1.275,0,0,0,0
aten::empty,,,0.444,1.139,0,0,0,0
empty_tensor,,,0.695,0.695,0,0,0,0
aten::empty,,,0.36,2.183,0,0,0,0
empty_tensor,,,1.823,1.823,0,0,0,0
aclnnAddRmsNormBias,,,3.091,3.091,3.181,3.181,0,0
vllm::unquantized_gemm,,,70.7,170.832,0,8.76,0,7.4
P13/1104248/00308/linear,,,83.434,100.132,0,8.76,0,7.4
aten::linear,,,1.265,16.698,0,8.76,0,7.4
aten::t,,,0.863,2.762,0,0,0,0
aten::transpose,,,0.693,1.899,0,0,0,0
aten::as_strided,,,1.206,1.206,0,0,0,0
aten::addmm,,,7.875,12.671,0,8.76,0,7.4
empty_tensor,,,2.084,2.084,0,0,0,0
aclnnAddmm,,,2.712,2.712,8.76,8.76,7.4,7.4
aten::split_with_sizes,,,3.449,5.28,0,0,0,0
aten::as_strided,,,1.281,1.281,0,0,0,0
aten::as_strided,,,0.293,0.293,0,0,0,0
aten::as_strided,,,0.257,0.257,0,0,0,0
vllm::npu_rotary_embedding,,,211.817,1180.809,0,9.121,0,0
aten::view,,,1.672,1.672,0,0,0,0
aten::view,,,0.579,0.579,0,0,0,0
aten::contiguous,,,1.121,21.668,0,2.501,0,0
aten::clone,,,1.601,20.547,0,2.501,0,0
empty_tensor,,,3.396,3.396,0,0,0,0
aten::copy_,,,5.061,15.55,0,2.501,0,0
aclnnInplaceCopy,,,10.489,10.489,2.501,2.501,0,0
aten::contiguous,,,0.435,4.764,0,2.34,0,0
aten::clone,,,0.506,4.329,0,2.34,0,0
empty_tensor,,,1.183,1.183,0,0,0,0
aten::copy_,,,1.713,2.64,0,2.34,0,0
aclnnInplaceCopy,,,0.927,0.927,2.34,2.34,0,0
P13/1104248/00309/jit_run,,,727.194,937.116,0,4.28,0,0
P13/1104248/00310/launch,,,205.888,209.922,0,4.28,0,0
_triton_rope,,,4.034,4.034,4.28,4.28,0,0
aten::view,,,2.675,2.675,0,0,0,0
aten::view,,,0.518,0.518,0,0,0,0
aten::empty,,,2.202,7.37,0,0,0,0
empty_tensor,,,5.168,5.168,0,0,0,0
aten::detach,,,1.264,1.264,0,0,0,0
aten::reshape,,,1.039,1.975,0,0,0,0
aten::view,,,0.936,0.936,0,0,0,0
aten::reshape,,,0.462,0.935,0,0,0,0
aten::view,,,0.473,0.473,0,0,0,0
aten::reshape,,,0.405,0.836,0,0,0,0
aten::view,,,0.431,0.431,0,0,0,0
aten::reshape,,,3.375,5.014,0,0,0,0
aten::_reshape_alias,,,0.878,1.639,0,0,0,0
aten::view,,,0.761,0.761,0,0,0,0
vllm::unified_attention_with_output,,,109.304,1179.008,0,28.842,0,0
P13/1104248/00311/attention,,,286.897,1069.704,0,28.842,0,0
aten::slice,,,2.046,4.107,0,0,0,0
aten::as_strided,,,2.061,2.061,0,0,0,0
aten::slice,,,0.35,0.877,0,0,0,0
aten::as_strided,,,0.527,0.527,0,0,0,0
aten::slice,,,5.23,6.251,0,0,0,0
aten::as_strided,,,1.021,1.021,0,0,0,0
P13/1104248/00312/cache_write,,,146.447,272.499,0,5.561,0,0
P13/1104248/00313/torch_api,,,78.759,126.052,0,5.561,0,0
atb::_npu_reshape_and_cache,,,25.201,47.293,0,5.561,0,0
aten::contiguous,,,1.048,19.506,0,2.36,0,0
aten::clone,,,1.996,18.458,0,2.36,0,0
empty_tensor,,,4.576,4.576,0,0,0,0
aten::copy_,,,8.174,11.886,0,2.36,0,0
aclnnInplaceCopy,,,3.712,3.712,2.36,2.36,0,0
ReshapeCacheOperation,,,2.586,2.586,3.201,3.201,0,0
P13/1104248/00314/fia,,,245.541,473.737,0,23.281,0,0
aten::slice,,,1.248,2.734,0,0,0,0
aten::as_strided,,,1.486,1.486,0,0,0,0
aten::slice,,,0.324,0.668,0,0,0,0
aten::as_strided,,,0.344,0.344,0,0,0,0
aten::slice,,,0.39,1.146,0,0,0,0
aten::as_strided,,,0.756,0.756,0,0,0,0
P13/1104248/00315/torch_api,,,118.566,198.948,0,22.661,0,0
npu::npu_fused_infer_attention_score,,,69.257,80.382,0,22.661,0,0
empty_tensor,,,3.863,3.863,0,0,0,0
empty_tensor,,,1.514,1.514,0,0,0,0
empty_tensor,,,1.006,1.006,0,0,0,0
empty_tensor,,,1.013,1.013,0,0,0,0
aclnnFusedInferAttentionScoreV3,,,3.729,3.729,22.661,22.661,0,0
aten::view,,,2.181,2.181,0,0,0,0
aten::slice,,,1.071,2.244,0,0,0,0
aten::as_strided,,,1.173,1.173,0,0,0,0
aten::copy_,,,17.792,20.275,0,0.62,0,0
aclnnInplaceCopy,,,2.483,2.483,0.62,0.62,0,0
aten::slice,,,0.668,1.717,0,0,0,0
aten::as_strided,,,1.049,1.049,0,0,0,0
aten::copy_,,,11.347,23.619,0,0,0,0
aclnnInplaceCopy,,,12.272,12.272,0,0,0,0
P13/1104248/00316/acl_dispatch,,,323.858,2885.355,0,71.745,0,49.423
P13/1104248/00317/partition_body,,,203.138,2561.497,0,71.745,0,49.423
npu_fx_compiler inference,,,429.069,2358.359,0,71.745,0,49.423
aten::reshape,,,2.321,4.711,0,0,0,0
aten::view,,,2.39,2.39,0,0,0,0
vllm::unquantized_gemm,,,72.614,181.83,0,5.3,0,5.3
P13/1104248/00318/linear,,,83.012,109.216,0,5.3,0,5.3
aten::linear,,,2.001,26.204,0,5.3,0,5.3
aten::t,,,2.755,5.949,0,0,0,0
aten::transpose,,,1.395,3.194,0,0,0,0
aten::as_strided,,,1.799,1.799,0,0,0,0
aten::matmul,,,9.445,18.254,0,5.3,0,5.3
empty_tensor,,,4.972,4.972,0,0,0,0
aclnnMatmul,,,3.837,3.837,5.3,5.3,5.3,5.3
vllm::maybe_chunk_residual,,,9.58,9.58,0,0,0,0
_C_ascend::npu_add_rms_norm_bias,,,19.408,32.754,0,3.32,0,0
aten::empty,,,1.427,4.719,0,0,0,0
empty_tensor,,,3.292,3.292,0,0,0,0
aten::empty,,,0.278,1.513,0,0,0,0
empty_tensor,,,1.235,1.235,0,0,0,0
aten::empty,,,0.195,1.002,0,0,0,0
empty_tensor,,,0.807,0.807,0,0,0,0
aten::empty,,,0.466,2.918,0,0,0,0
empty_tensor,,,2.452,2.452,0,0,0,0
aclnnAddRmsNormBias,,,3.194,3.194,3.32,3.32,0,0
vllm::unquantized_gemm,,,70.91,164.582,0,19.761,0,19.761
P13/1104248/00319/linear,,,77.39,93.672,0,19.761,0,19.761
aten::linear,,,1.194,16.282,0,19.761,0,19.761
aten::t,,,1.268,4.203,0,0,0,0
aten::transpose,,,1.553,2.935,0,0,0,0
aten::as_strided,,,1.382,1.382,0,0,0,0
aten::matmul,,,5.735,10.885,0,19.761,0,19.761
empty_tensor,,,2.364,2.364,0,0,0,0
aclnnMatmul,,,2.786,2.786,19.761,19.761,19.761,19.761
npu::npu_swiglu,,,14.921,19.495,0,5.441,0,0
empty_tensor,,,1.957,1.957,0,0,0,0
aclnnSwiGlu,,,2.617,2.617,5.441,5.441,0,0
vllm::unquantized_gemm,,,63.573,148.614,0,16.481,0,16.481
P13/1104248/00320/linear,,,72.401,85.041,0,16.481,0,16.481
aten::linear,,,0.929,12.64,0,16.481,0,16.481
aten::t,,,0.93,2.881,0,0,0,0
aten::transpose,,,0.705,1.951,0,0,0,0
aten::as_strided,,,1.246,1.246,0,0,0,0
aten::matmul,,,4.47,8.83,0,16.481,0,16.481
empty_tensor,,,1.916,1.916,0,0,0,0
aclnnMatmul,,,2.444,2.444,16.481,16.481,16.481,16.481
vllm::maybe_chunk_residual,,,8.657,8.657,0,0,0,0
_C_ascend::npu_add_rms_norm_bias,,,12.007,22.993,0,3.26,0,0
aten::empty,,,0.672,2.9,0,0,0,0
empty_tensor,,,2.228,2.228,0,0,0,0
aten::empty,,,0.217,1.224,0,0,0,0
empty_tensor,,,1.007,1.007,0,0,0,0
aten::empty,,,0.33,1.503,0,0,0,0
empty_tensor,,,1.173,1.173,0,0,0,0
aten::empty,,,0.368,2.121,0,0,0,0
empty_tensor,,,1.753,1.753,0,0,0,0
aclnnAddRmsNormBias,,,3.238,3.238,3.26,3.26,0,0
vllm::unquantized_gemm,,,68.51,164.166,0,9.141,0,7.881
P13/1104248/00321/linear,,,78.08,95.656,0,9.141,0,7.881
aten::linear,,,1.218,17.576,0,9.141,0,7.881
aten::t,,,1.048,3.628,0,0,0,0
aten::transpose,,,1.228,2.58,0,0,0,0
aten::as_strided,,,1.352,1.352,0,0,0,0
aten::addmm,,,7.952,12.73,0,9.141,0,7.881
empty_tensor,,,2.183,2.183,0,0,0,0
aclnnAddmm,,,2.595,2.595,9.141,9.141,7.881,7.881
aten::split_with_sizes,,,3.472,5.318,0,0,0,0
aten::as_strided,,,1.305,1.305,0,0,0,0
aten::as_strided,,,0.278,0.278,0,0,0,0
aten::as_strided,,,0.263,0.263,0,0,0,0
vllm::npu_rotary_embedding,,,202.983,1148.78,0,9.041,0,0
aten::view,,,1.478,1.478,0,0,0,0
aten::view,,,0.441,0.441,0,0,0,0
aten::contiguous,,,1.002,19.052,0,2.32,0,0
aten::clone,,,1.544,18.05,0,2.32,0,0
empty_tensor,,,1.957,1.957,0,0,0,0
aten::copy_,,,4.783,14.549,0,2.32,0,0
aclnnInplaceCopy,,,9.766,9.766,2.32,2.32,0,0
aten::contiguous,,,0.605,5.295,0,2.52,0,0
aten::clone,,,0.536,4.69,0,2.52,0,0
empty_tensor,,,1.301,1.301,0,0,0,0
aten::copy_,,,1.901,2.853,0,2.52,0,0
aclnnInplaceCopy,,,0.952,0.952,2.52,2.52,0,0
P13/1104248/00322/jit_run,,,705.912,916.309,0,4.201,0,0
P13/1104248/00323/launch,,,206.12,210.397,0,4.201,0,0
_triton_rope,,,4.277,4.277,4.201,4.201,0,0
aten::view,,,2.68,2.68,0,0,0,0
aten::view,,,0.542,0.542,0,0,0,0
aten::empty,,,2.26,6.76,0,0,0,0
empty_tensor,,,4.5,4.5,0,0,0,0
aten::detach,,,1.247,1.247,0,0,0,0
aten::reshape,,,1.74,2.774,0,0,0,0
aten::view,,,1.034,1.034,0,0,0,0
aten::reshape,,,0.64,1.096,0,0,0,0
aten::view,,,0.456,0.456,0,0,0,0
aten::reshape,,,0.366,0.789,0,0,0,0
aten::view,,,0.423,0.423,0,0,0,0
aten::reshape,,,3.443,5.144,0,0,0,0
aten::_reshape_alias,,,0.856,1.701,0,0,0,0
aten::view,,,0.845,0.845,0,0,0,0
vllm::unified_attention_with_output,,,112.302,1195.233,0,27.660999999999998,0,0
P13/1104248/00324/attention,,,301.09,1082.931,0,27.660999999999998,0,0
aten::slice,,,1.971,3.966,0,0,0,0
aten::as_strided,,,1.995,1.995,0,0,0,0
aten::slice,,,0.322,1.065,0,0,0,0
aten::as_strided,,,0.743,0.743,0,0,0,0
aten::slice,,,2.707,3.683,0,0,0,0
aten::as_strided,,,0.976,0.976,0,0,0,0
P13/1104248/00325/cache_write,,,151.475,273.185,0,5.58,0,0
P13/1104248/00326/torch_api,,,80.622,121.71,0,5.58,0,0
atb::_npu_reshape_and_cache,,,19.912,41.088,0,5.58,0,0
aten::contiguous,,,1.31,19.625,0,2.52,0,0
aten::clone,,,2.003,18.315,0,2.52,0,0
empty_tensor,,,4.332,4.332,0,0,0,0
aten::copy_,,,7.728,11.98,0,2.52,0,0
aclnnInplaceCopy,,,4.252,4.252,2.52,2.52,0,0
ReshapeCacheOperation,,,1.551,1.551,3.06,3.06,0,0
P13/1104248/00327/fia,,,259.7,481.59,0,22.081,0,0
aten::slice,,,1.224,2.531,0,0,0,0
aten::as_strided,,,1.307,1.307,0,0,0,0
aten::slice,,,0.659,1.213,0,0,0,0
aten::as_strided,,,0.554,0.554,0,0,0,0
aten::slice,,,0.429,0.902,0,0,0,0
aten::as_strided,,,0.473,0.473,0,0,0,0
P13/1104248/00328/torch_api,,,109.512,191.54,0,21.461,0,0
npu::npu_fused_infer_attention_score,,,71.201,82.028,0,21.461,0,0
empty_tensor,,,3.723,3.723,0,0,0,0
empty_tensor,,,1.487,1.487,0,0,0,0
empty_tensor,,,0.763,0.763,0,0,0,0
empty_tensor,,,0.79,0.79,0,0,0,0
aclnnFusedInferAttentionScoreV3,,,4.064,4.064,21.461,21.461,0,0
aten::view,,,2.142,2.142,0,0,0,0
aten::slice,,,1.032,2.15,0,0,0,0
aten::as_strided,,,1.118,1.118,0,0,0,0
aten::copy_,,,18.493,21.412,0,0.62,0,0
aclnnInplaceCopy,,,2.919,2.919,0.62,0.62,0,0
aten::slice,,,0.672,1.575,0,0,0,0
aten::as_strided,,,0.903,0.903,0,0,0,0
aten::copy_,,,10.379,16.777,0,0,0,0
aclnnInplaceCopy,,,6.398,6.398,0,0,0,0
P13/1104248/00329/acl_dispatch,,,313.006,2912.212,0,70.241,0,48.321
P13/1104248/00330/partition_body,,,204.212,2599.206,0,70.241,0,48.321
npu_fx_compiler inference,,,423.969,2394.994,0,70.241,0,48.321
aten::reshape,,,2.183,4.496,0,0,0,0
aten::view,,,2.313,2.313,0,0,0,0
vllm::unquantized_gemm,,,74.619,186.573,0,5.54,0,5.54
P13/1104248/00331/linear,,,85.358,111.954,0,5.54,0,5.54
aten::linear,,,2.074,26.596,0,5.54,0,5.54
aten::t,,,2.669,5.912,0,0,0,0
aten::transpose,,,1.421,3.243,0,0,0,0
aten::as_strided,,,1.822,1.822,0,0,0,0
aten::matmul,,,9.572,18.61,0,5.54,0,5.54
empty_tensor,,,5.05,5.05,0,0,0,0
aclnnMatmul,,,3.988,3.988,5.54,5.54,5.54,5.54
vllm::maybe_chunk_residual,,,9.61,9.61,0,0,0,0
_C_ascend::npu_add_rms_norm_bias,,,19.585,36.122,0,3.0,0,0
aten::empty,,,1.175,5.117,0,0,0,0
empty_tensor,,,3.942,3.942,0,0,0,0
aten::empty,,,0.268,1.582,0,0,0,0
empty_tensor,,,1.314,1.314,0,0,0,0
aten::empty,,,0.381,1.511,0,0,0,0
empty_tensor,,,1.13,1.13,0,0,0,0
aten::empty,,,0.37,2.878,0,0,0,0
empty_tensor,,,2.508,2.508,0,0,0,0
aclnnAddRmsNormBias,,,5.449,5.449,3.0,3.0,0,0
vllm::unquantized_gemm,,,72.717,167.897,0,19.08,0,19.08
P13/1104248/00332/linear,,,79.715,95.18,0,19.08,0,19.08
aten::linear,,,1.271,15.465,0,19.08,0,19.08
aten::t,,,1.243,3.523,0,0,0,0
aten::transpose,,,0.925,2.28,0,0,0,0
aten::as_strided,,,1.355,1.355,0,0,0,0
aten::matmul,,,5.753,10.671,0,19.08,0,19.08
empty_tensor,,,2.381,2.381,0,0,0,0
aclnnMatmul,,,2.537,2.537,19.08,19.08,19.08,19.08
npu::npu_swiglu,,,14.904,19.558,0,4.96,0,0
empty_tensor,,,2.035,2.035,0,0,0,0
aclnnSwiGlu,,,2.619,2.619,4.96,4.96,0,0
vllm::unquantized_gemm,,,64.624,150.392,0,16.321,0,16.321
P13/1104248/00333/linear,,,73.165,85.768,0,16.321,0,16.321
aten::linear,,,0.904,12.603,0,16.321,0,16.321
aten::t,,,0.915,2.842,0,0,0,0
aten::transpose,,,0.66,1.927,0,0,0,0
aten::as_strided,,,1.267,1.267,0,0,0,0
aten::matmul,,,4.195,8.857,0,16.321,0,16.321
empty_tensor,,,2.227,2.227,0,0,0,0
aclnnMatmul,,,2.435,2.435,16.321,16.321,16.321,16.321
vllm::maybe_chunk_residual,,,8.667,8.667,0,0,0,0
_C_ascend::npu_add_rms_norm_bias,,,11.964,23.435,0,3.18,0,0
aten::empty,,,0.645,3.373,0,0,0,0
empty_tensor,,,2.728,2.728,0,0,0,0
aten::empty,,,0.463,1.577,0,0,0,0
empty_tensor,,,1.114,1.114,0,0,0,0
aten::empty,,,0.415,1.375,0,0,0,0
empty_tensor,,,0.96,0.96,0,0,0,0
aten::empty,,,0.363,2.022,0,0,0,0
empty_tensor,,,1.659,1.659,0,0,0,0
aclnnAddRmsNormBias,,,3.124,3.124,3.18,3.18,0,0
vllm::unquantized_gemm,,,66.769,159.449,0,8.62,0,7.38
P13/1104248/00334/linear,,,76.012,92.68,0,8.62,0,7.38
aten::linear,,,1.35,16.668,0,8.62,0,7.38
aten::t,,,1.053,3.108,0,0,0,0
aten::transpose,,,0.672,2.055,0,0,0,0
aten::as_strided,,,1.383,1.383,0,0,0,0
aten::addmm,,,7.633,12.21,0,8.62,0,7.38
empty_tensor,,,1.924,1.924,0,0,0,0
aclnnAddmm,,,2.653,2.653,8.62,8.62,7.38,7.38
aten::split_with_sizes,,,3.297,5.252,0,0,0,0
aten::as_strided,,,1.328,1.328,0,0,0,0
aten::as_strided,,,0.275,0.275,0,0,0,0
aten::as_strided,,,0.352,0.352,0,0,0,0
vllm::npu_rotary_embedding,,,205.048,1181.741,0,9.54,0,0
aten::view,,,1.498,1.498,0,0,0,0
aten::view,,,0.604,0.604,0,0,0,0
aten::contiguous,,,1.023,19.49,0,2.34,0,0
aten::clone,,,1.613,18.467,0,2.34,0,0
empty_tensor,,,2.078,2.078,0,0,0,0
aten::copy_,,,4.703,14.776,0,2.34,0,0
aclnnInplaceCopy,,,10.073,10.073,2.34,2.34,0,0
aten::contiguous,,,0.684,5.765,0,2.46,0,0
aten::clone,,,0.641,5.081,0,2.46,0,0
empty_tensor,,,1.757,1.757,0,0,0,0
aten::copy_,,,1.778,2.683,0,2.46,0,0
aclnnInplaceCopy,,,0.905,0.905,2.46,2.46,0,0
P13/1104248/00335/jit_run,,,720.759,946.05,0,4.74,0,0
P13/1104248/00336/launch,,,220.616,225.291,0,4.74,0,0
_triton_rope,,,4.675,4.675,4.74,4.74,0,0
aten::view,,,2.741,2.741,0,0,0,0
aten::view,,,0.545,0.545,0,0,0,0
aten::empty,,,2.214,7.33,0,0,0,0
empty_tensor,,,5.116,5.116,0,0,0,0
aten::detach,,,1.271,1.271,0,0,0,0
aten::reshape,,,0.979,1.924,0,0,0,0
aten::view,,,0.945,0.945,0,0,0,0
aten::reshape,,,0.511,1.161,0,0,0,0
aten::view,,,0.65,0.65,0,0,0,0
aten::reshape,,,0.564,1.063,0,0,0,0
aten::view,,,0.499,0.499,0,0,0,0
aten::reshape,,,3.376,5.084,0,0,0,0
aten::_reshape_alias,,,0.818,1.708,0,0,0,0
aten::view,,,0.89,0.89,0,0,0,0
vllm::unified_attention_with_output,,,110.992,1173.177,0,30.863,0,0
P13/1104248/00337/attention,,,297.307,1062.185,0,30.863,0,0
aten::slice,,,1.964,3.965,0,0,0,0
aten::as_strided,,,2.001,2.001,0,0,0,0
aten::slice,,,0.342,0.955,0,0,0,0
aten::as_strided,,,0.613,0.613,0,0,0,0
aten::slice,,,2.833,3.695,0,0,0,0
aten::as_strided,,,0.862,0.862,0,0,0,0
P13/1104248/00338/cache_write,,,150.154,282.409,0,5.461,0,0
P13/1104248/00339/torch_api,,,84.135,132.255,0,5.461,0,0
atb::_npu_reshape_and_cache,,,24.153,48.12,0,5.461,0,0
aten::contiguous,,,3.556,22.334,0,2.321,0,0
aten::clone,,,2.051,18.778,0,2.321,0,0
empty_tensor,,,4.736,4.736,0,0,0,0
aten::copy_,,,8.047,11.991,0,2.321,0,0
aclnnInplaceCopy,,,3.944,3.944,2.321,2.321,0,0
ReshapeCacheOperation,,,1.633,1.633,3.14,3.14,0,0
P13/1104248/00340/fia,,,238.967,454.887,0,25.402,0,0
aten::slice,,,1.129,2.478,0,0,0,0
aten::as_strided,,,1.349,1.349,0,0,0,0
aten::slice,,,0.434,0.974,0,0,0,0
aten::as_strided,,,0.54,0.54,0,0,0,0
aten::slice,,,0.422,1.142,0,0,0,0
aten::as_strided,,,0.72,0.72,0,0,0,0
P13/1104248/00341/torch_api,,,107.162,186.293,0,24.802,0,0
npu::npu_fused_infer_attention_score,,,68.515,79.131,0,24.802,0,0
empty_tensor,,,3.888,3.888,0,0,0,0
empty_tensor,,,1.192,1.192,0,0,0,0
empty_tensor,,,1.186,1.186,0,0,0,0
empty_tensor,,,0.712,0.712,0,0,0,0
aclnnFusedInferAttentionScoreV3,,,3.638,3.638,24.802,24.802,0,0
aten::view,,,2.122,2.122,0,0,0,0
aten::slice,,,1.021,2.144,0,0,0,0
aten::as_strided,,,1.123,1.123,0,0,0,0
aten::copy_,,,17.764,20.767,0,0.6,0,0
aclnnInplaceCopy,,,3.003,3.003,0.6,0.6,0,0
aten::slice,,,0.651,1.577,0,0,0,0
aten::as_strided,,,0.926,0.926,0,0,0,0
aten::copy_,,,10.376,17.39,0,0,0,0
aclnnInplaceCopy,,,7.014,7.014,0,0,0,0
P13/1104248/00342/acl_dispatch,,,311.816,2940.04,0,71.783,0,48.942
P13/1104248/00343/partition_body,,,231.787,2628.224,0,71.783,0,48.942
npu_fx_compiler inference,,,425.869,2396.437,0,71.783,0,48.942
aten::reshape,,,2.259,4.485,0,0,0,0
aten::view,,,2.226,2.226,0,0,0,0
vllm::unquantized_gemm,,,72.85,178.516,0,5.32,0,5.32
P13/1104248/00344/linear,,,79.834,105.666,0,5.32,0,5.32
aten::linear,,,1.975,25.832,0,5.32,0,5.32
aten::t,,,2.648,5.997,0,0,0,0
aten::transpose,,,1.485,3.349,0,0,0,0
aten::as_strided,,,1.864,1.864,0,0,0,0
aten::matmul,,,9.359,17.86,0,5.32,0,5.32
empty_tensor,,,4.777,4.777,0,0,0,0
aclnnMatmul,,,3.724,3.724,5.32,5.32,5.32,5.32
vllm::maybe_chunk_residual,,,9.738,9.738,0,0,0,0
_C_ascend::npu_add_rms_norm_bias,,,18.928,33.153,0,3.1,0,0
aten::empty,,,2.408,5.695,0,0,0,0
empty_tensor,,,3.287,3.287,0,0,0,0
aten::empty,,,0.384,1.862,0,0,0,0
empty_tensor,,,1.478,1.478,0,0,0,0
aten::empty,,,0.2,1.004,0,0,0,0
empty_tensor,,,0.804,0.804,0,0,0,0
aten::empty,,,0.479,2.719,0,0,0,0
empty_tensor,,,2.24,2.24,0,0,0,0
aclnnAddRmsNormBias,,,2.945,2.945,3.1,3.1,0,0
vllm::unquantized_gemm,,,71.315,181.506,0,19.181,0,19.181
P13/1104248/00345/linear,,,91.524,110.191,0,19.181,0,19.181
aten::linear,,,1.222,18.667,0,19.181,0,19.181
aten::t,,,1.377,3.954,0,0,0,0
aten::transpose,,,0.966,2.577,0,0,0,0
aten::as_strided,,,1.611,1.611,0,0,0,0
aten::matmul,,,5.92,13.491,0,19.181,0,19.181
empty_tensor,,,2.547,2.547,0,0,0,0
aclnnMatmul,,,5.024,5.024,19.181,19.181,19.181,19.181
npu::npu_swiglu,,,15.121,19.667,0,6.14,0,0
empty_tensor,,,2.073,2.073,0,0,0,0
aclnnSwiGlu,,,2.473,2.473,6.14,6.14,0,0
vllm::unquantized_gemm,,,67.061,152.856,0,16.341,0,16.341
P13/1104248/00346/linear,,,73.362,85.795,0,16.341,0,16.341
aten::linear,,,0.857,12.433,0,16.341,0,16.341
aten::t,,,0.935,2.775,0,0,0,0
aten::transpose,,,0.639,1.84,0,0,0,0
aten::as_strided,,,1.201,1.201,0,0,0,0
aten::matmul,,,4.491,8.801,0,16.341,0,16.341
empty_tensor,,,1.919,1.919,0,0,0,0
aclnnMatmul,,,2.391,2.391,16.341,16.341,16.341,16.341
vllm::maybe_chunk_residual,,,8.718,8.718,0,0,0,0
_C_ascend::npu_add_rms_norm_bias,,,13.52,24.413,0,3.2,0,0
aten::empty,,,0.691,3.107,0,0,0,0
empty_tensor,,,2.416,2.416,0,0,0,0
aten::empty,,,0.403,1.372,0,0,0,0
empty_tensor,,,0.969,0.969,0,0,0,0
aten::empty,,,0.235,1.165,0,0,0,0
empty_tensor,,,0.93,0.93,0,0,0,0
aten::empty,,,0.349,2.164,0,0,0,0
empty_tensor,,,1.815,1.815,0,0,0,0
aclnnAddRmsNormBias,,,3.085,3.085,3.2,3.2,0,0
vllm::unquantized_gemm,,,73.07,164.98,0,9.459999999999999,0,8.1
P13/1104248/00347/linear,,,75.373,91.91,0,9.459999999999999,0,8.1
aten::linear,,,1.234,16.537,0,9.459999999999999,0,8.1
aten::t,,,0.914,2.692,0,0,0,0
aten::transpose,,,0.594,1.778,0,0,0,0
aten::as_strided,,,1.184,1.184,0,0,0,0
aten::addmm,,,7.924,12.611,0,9.459999999999999,0,8.1
empty_tensor,,,2.14,2.14,0,0,0,0
aclnnAddmm,,,2.547,2.547,9.459999999999999,9.459999999999999,8.1,8.1
aten::split_with_sizes,,,3.61,5.471,0,0,0,0
aten::as_strided,,,1.313,1.313,0,0,0,0
aten::as_strided,,,0.305,0.305,0,0,0,0
aten::as_strided,,,0.243,0.243,0,0,0,0
vllm::npu_rotary_embedding,,,204.617,1168.669,0,9.041,0,0
aten::view,,,1.618,1.618,0,0,0,0
aten::view,,,0.455,0.455,0,0,0,0
aten::contiguous,,,1.139,19.691,0,2.46,0,0
aten::clone,,,1.7,18.552,0,2.46,0,0
empty_tensor,,,2.2,2.2,0,0,0,0
aten::copy_,,,4.78,14.652,0,2.46,0,0
aclnnInplaceCopy,,,9.872,9.872,2.46,2.46,0,0
aten::contiguous,,,0.601,5.691,0,2.381,0,0
aten::clone,,,0.646,5.09,0,2.381,0,0
empty_tensor,,,1.562,1.562,0,0,0,0
aten::copy_,,,1.852,2.882,0,2.381,0,0
aclnnInplaceCopy,,,1.03,1.03,2.381,2.381,0,0
P13/1104248/00348/jit_run,,,711.984,933.609,0,4.2,0,0
P13/1104248/00349/launch,,,217.472,221.625,0,4.2,0,0
_triton_rope,,,4.153,4.153,4.2,4.2,0,0
aten::view,,,2.475,2.475,0,0,0,0
aten::view,,,0.513,0.513,0,0,0,0
aten::empty,,,2.308,7.22,0,0,0,0
empty_tensor,,,4.912,4.912,0,0,0,0
aten::detach,,,1.297,1.297,0,0,0,0
aten::reshape,,,1.109,2.014,0,0,0,0
aten::view,,,0.905,0.905,0,0,0,0
aten::reshape,,,0.607,1.126,0,0,0,0
aten::view,,,0.519,0.519,0,0,0,0
aten::reshape,,,0.424,0.83,0,0,0,0
aten::view,,,0.406,0.406,0,0,0,0
aten::reshape,,,4.219,5.909,0,0,0,0
aten::_reshape_alias,,,0.903,1.69,0,0,0,0
aten::view,,,0.787,0.787,0,0,0,0
vllm::unified_attention_with_output,,,108.411,1164.119,0,27.921,0,0
P13/1104248/00350/attention,,,282.304,1055.708,0,27.921,0,0
aten::slice,,,1.969,4.155,0,0,0,0
aten::as_strided,,,2.186,2.186,0,0,0,0
aten::slice,,,0.387,1.154,0,0,0,0
aten::as_strided,,,0.767,0.767,0,0,0,0
aten::slice,,,2.724,3.604,0,0,0,0
aten::as_strided,,,0.88,0.88,0,0,0,0
P13/1104248/00351/cache_write,,,155.462,289.124,0,5.42,0,0
P13/1104248/00352/torch_api,,,84.946,133.662,0,5.42,0,0
atb::_npu_reshape_and_cache,,,25.949,48.716,0,5.42,0,0
aten::contiguous,,,1.11,20.258,0,2.4,0,0
aten::clone,,,2.043,19.148,0,2.4,0,0
empty_tensor,,,4.963,4.963,0,0,0,0
aten::copy_,,,8.032,12.142,0,2.4,0,0
aclnnInplaceCopy,,,4.11,4.11,2.4,2.4,0,0
ReshapeCacheOperation,,,2.509,2.509,3.02,3.02,0,0
P13/1104248/00353/fia,,,236.782,456.858,0,22.501,0,0
aten::slice,,,1.028,2.283,0,0,0,0
aten::as_strided,,,1.255,1.255,0,0,0,0
aten::slice,,,0.485,1.116,0,0,0,0
aten::as_strided,,,0.631,0.631,0,0,0,0
aten::slice,,,0.276,0.853,0,0,0,0
aten::as_strided,,,0.577,0.577,0,0,0,0
P13/1104248/00354/torch_api,,,110.121,191.285,0,21.861,0,0
npu::npu_fused_infer_attention_score,,,69.317,81.164,0,21.861,0,0
empty_tensor,,,3.912,3.912,0,0,0,0
empty_tensor,,,1.471,1.471,0,0,0,0
empty_tensor,,,0.88,0.88,0,0,0,0
empty_tensor,,,1.495,1.495,0,0,0,0
aclnnFusedInferAttentionScoreV3,,,4.089,4.089,21.861,21.861,0,0
aten::view,,,2.203,2.203,0,0,0,0
aten::slice,,,0.87,1.96,0,0,0,0
aten::as_strided,,,1.09,1.09,0,0,0,0
aten::copy_,,,17.201,20.376,0,0.64,0,0
aclnnInplaceCopy,,,3.175,3.175,0.64,0.64,0,0
aten::slice,,,0.568,1.501,0,0,0,0
aten::as_strided,,,0.933,0.933,0,0,0,0
aten::copy_,,,10.641,17.008,0,0,0,0
aclnnInplaceCopy,,,6.367,6.367,0,0,0,0
P13/1104248/00355/acl_dispatch,,,275.44,1342.526,0,52.482,0,41.222
P13/1104248/00356/partition_body,,,191.521,1067.086,0,52.482,0,41.222
npu_fx_compiler inference,,,279.774,875.565,0,52.482,0,41.222
aten::reshape,,,2.168,4.438,0,0,0,0
aten::view,,,2.27,2.27,0,0,0,0
vllm::unquantized_gemm,,,72.902,184.022,0,5.681,0,5.681
P13/1104248/00357/linear,,,85.375,111.12,0,5.681,0,5.681
aten::linear,,,1.967,25.745,0,5.681,0,5.681
aten::t,,,2.835,6.043,0,0,0,0
aten::transpose,,,1.454,3.208,0,0,0,0
aten::as_strided,,,1.754,1.754,0,0,0,0
aten::matmul,,,8.981,17.735,0,5.681,0,5.681
empty_tensor,,,4.881,4.881,0,0,0,0
aclnnMatmul,,,3.873,3.873,5.681,5.681,5.681,5.681
vllm::maybe_chunk_residual,,,9.576,9.576,0,0,0,0
_C_ascend::npu_add_rms_norm_bias,,,18.747,34.247,0,3.38,0,0
aten::empty,,,1.21,4.713,0,0,0,0
empty_tensor,,,3.503,3.503,0,0,0,0
aten::empty,,,0.264,1.435,0,0,0,0
empty_tensor,,,1.171,1.171,0,0,0,0
aten::empty,,,0.199,2.56,0,0,0,0
empty_tensor,,,2.361,2.361,0,0,0,0
aten::empty,,,0.421,3.267,0,0,0,0
empty_tensor,,,2.846,2.846,0,0,0,0
aclnnAddRmsNormBias,,,3.525,3.525,3.38,3.38,0,0
vllm::unquantized_gemm,,,69.627,161.73,0,19.28,0,19.28
P13/1104248/00358/linear,,,76.983,92.103,0,19.28,0,19.28
aten::linear,,,1.09,15.12,0,19.28,0,19.28
aten::t,,,1.298,3.549,0,0,0,0
aten::transpose,,,0.841,2.251,0,0,0,0
aten::as_strided,,,1.41,1.41,0,0,0,0
aten::matmul,,,5.575,10.481,0,19.28,0,19.28
empty_tensor,,,2.311,2.311,0,0,0,0
aclnnMatmul,,,2.595,2.595,19.28,19.28,19.28,19.28
npu::npu_swiglu,,,14.981,21.875,0,5.02,0,0
empty_tensor,,,2.015,2.015,0,0,0,0
aclnnSwiGlu,,,4.879,4.879,5.02,5.02,0,0
vllm::unquantized_gemm,,,62.193,146.135,0,16.261,0,16.261
P13/1104248/00359/linear,,,71.279,83.942,0,16.261,0,16.261
aten::linear,,,0.93,12.663,0,16.261,0,16.261
aten::t,,,0.932,2.841,0,0,0,0
aten::transpose,,,0.729,1.909,0,0,0,0
aten::as_strided,,,1.18,1.18,0,0,0,0
aten::matmul,,,4.466,8.892,0,16.261,0,16.261
empty_tensor,,,2.061,2.061,0,0,0,0
aclnnMatmul,,,2.365,2.365,16.261,16.261,16.261,16.261
vllm::maybe_chunk_residual,,,8.677,8.677,0,0,0,0
_C_ascend::npu_add_rms_norm_bias,,,11.901,25.091,0,2.86,0,0
aten::empty,,,0.671,2.918,0,0,0,0
empty_tensor,,,2.247,2.247,0,0,0,0
aten::empty,,,0.468,1.553,0,0,0,0
empty_tensor,,,1.085,1.085,0,0,0,0
aten::empty,,,0.357,3.676,0,0,0,0
empty_tensor,,,3.319,3.319,0,0,0,0
aten::empty,,,0.439,2.19,0,0,0,0
empty_tensor,,,1.751,1.751,0,0,0,0
aclnnAddRmsNormBias,,,2.853,2.853,2.86,2.86,0,0
aten::index,,,10.051,17.795,0,8.601,0,0
empty_tensor,,,1.978,1.978,0,0,0,0
empty_tensor,,,2.6,2.6,0,0,0,0
aclnnIndex,,,3.166,3.166,8.601,8.601,0,0
aten::linear,,,1.336,22.761,0,218.889,0,218.889
aten::t,,,1.348,3.939,0,0,0,0
aten::transpose,,,1.102,2.591,0,0,0,0
aten::as_strided,,,1.489,1.489,0,0,0,0
aten::matmul,,,5.501,17.486,0,218.889,0,218.889
empty_tensor,,,1.734,1.734,0,0,0,0
aclnnMatmul,,,10.251,10.251,218.889,218.889,218.889,218.889
aten::alias,,,1.275,1.275,0,0,0,0
P13/1104248/00360/sample,,,970.718,4621.661,0,356.25600000000003,0,0
aten::log_softmax,,,6.922,32.971,0,57.183,0,0
aten::to,,,1.318,18.085,0,8.881,0,0
aten::_to_copy,,,2.635,16.767,0,8.881,0,0
aten::empty,,,0.959,4.636,0,0,0,0
empty_tensor,,,3.677,3.677,0,0,0,0
aten::copy_,,,6.353,9.496,0,8.881,0,0
aclnnInplaceCopy,,,3.143,3.143,8.881,8.881,0,0
aten::_log_softmax,,,5.912,7.964,0,48.302,0,0
empty_tensor,,,1.287,1.287,0,0,0,0
aclnnLogSoftmax,,,0.765,0.765,48.302,48.302,0,0
aten::to,,,0.486,6.644,0,2.76,0,0
aten::_to_copy,,,0.864,6.158,0,2.76,0,0
aten::empty,,,0.448,1.577,0,0,0,0
empty_tensor,,,1.129,1.129,0,0,0,0
aten::copy_,,,1.867,3.717,0,2.76,0,0
aclnnInplaceCopy,,,1.85,1.85,2.76,2.76,0,0
aten::lift_fresh,,,0.285,0.285,0,0,0,0
aten::to,,,0.563,0.563,0,0,0,0
aten::pin_memory,,,2.296,29.201,0,0,0,0
aten::is_pinned,,,12.145,12.145,0,0,0,0
aten::_pin_memory,,,6.013,14.76,0,0,0,0
aten::set_,,,5.133,5.133,0,0,0,0
aten::copy_,,,3.614,3.614,0,0,0,0
aten::to,,,0.612,5.161,0,0,0,0
aten::_to_copy,,,1.464,4.549,0,0,0,0
aten::empty_strided,,,1.508,2.796,0,0,0,0
empty_tensor,,,1.288,1.288,0,0,0,0
aten::copy_,,,0.289,0.289,0,0,0,0
aten::eq,,,5.091,8.673,0,0,0,0
empty_tensor,,,1.082,1.082,0,0,0,0
aclnnEqScalar,,,2.5,2.5,0,0,0,0
aten::masked_fill_,,,3.733,5.315,0,0,0,0
aclnnInplaceMaskedFillScalar,,,1.582,1.582,0,0,0,0
aten::zeros,,,3.109,10.416,0,8.98,0,0
empty_tensor,,,1.825,1.825,0,0,0,0
aten::zero_,,,4.523,5.482,0,8.98,0,0
aclnnInplaceZero,,,0.959,0.959,8.98,8.98,0,0
P13/1104248/00361/jit_run,,,608.477,765.768,0,62.023,0,0
P13/1104248/00362/launch,,,149.643,157.291,0,62.023,0,0
token_bin_counts_and_mask_kernel,,,7.648,7.648,62.023,62.023,0,0
aten::gt,,,10.047,17.29,0,27.581,0,0
empty_tensor,,,4.197,4.197,0,0,0,0
aclnnGtScalar,,,3.046,3.046,27.581,27.581,0,0
aten::zeros,,,1.56,6.746,0,2.68,0,0
empty_tensor,,,1.555,1.555,0,0,0,0
aten::zero_,,,2.605,3.631,0,2.68,0,0
aclnnInplaceZero,,,1.026,1.026,2.68,2.68,0,0
aten::gt,,,2.555,4.769,0,12.341000000000001,0,0
empty_tensor,,,1.566,1.566,0,0,0,0
aclnnGtScalar,,,0.648,0.648,12.341000000000001,12.341000000000001,0,0
P13/1104248/00363/jit_run,,,713.874,902.09,0,75.923,0,0
P13/1104248/00364/launch,,,183.352,188.216,0,75.923,0,0
apply_all_penalties_kernel,,,4.864,4.864,75.923,75.923,0,0
aten::argmax,,,4.912,28.509,0,19.521,0,0
aten::empty,,,1.199,5.588,0,0,0,0
empty_tensor,,,4.389,4.389,0,0,0,0
aten::argmax,,,10.978,18.009,0,19.521,0,0
aten::reshape,,,0.628,2.776,0,0,0,0
aten::view,,,2.148,2.148,0,0,0,0
aclnnArgMax,,,4.255,4.255,19.521,19.521,0,0
aten::view,,,0.731,0.731,0,0,0,0
aten::to,,,0.442,0.442,0,0,0,0
aten::topk,,,7.182,12.333,0,32.982,0,0
empty_tensor,,,1.772,1.772,0,0,0,0
empty_tensor,,,0.941,0.941,0,0,0,0
aclnnTopk,,,2.438,2.438,32.982,32.982,0,0
aten::unsqueeze,,,1.636,3.177,0,0,0,0
aten::as_strided,,,1.541,1.541,0,0,0,0
aten::gather,,,6.896,8.814,0,5.2,0,0
empty_tensor,,,1.228,1.228,0,0,0,0
aclnnGather,,,0.69,0.69,5.2,5.2,0,0
TorchDynamo Cache Lookup,,,36.465,36.465,0,0,0,0
Torch-Compiled Region: 1/0,,,168.157,195.777,0,40.862,0,0
aten::_assert_scalar,,,3.033,3.033,0,0,0,0
aten::_assert_scalar,,,0.251,0.251,0,0,0,0
aten::_assert_scalar,,,0.091,0.091,0,0,0,0
aten::ge,,,5.214,15.917,0,9.021,0,0
empty_tensor,,,1.933,1.933,0,0,0,0
aclnnGeTensor,,,8.77,8.77,9.021,9.021,0,0
aten::sum,,,6.096,8.328,0,31.841,0,0
empty_tensor,,,1.455,1.455,0,0,0,0
aclnnReduceSum,,,0.777,0.777,31.841,31.841,0,0
aten::cat,,,8.228,11.616,0,2.2,0,0
empty_tensor,,,1.12,1.12,0,0,0,0
aclnnCat,,,2.268,2.268,2.2,2.2,0,0
aten::cat,,,2.154,4.265,0,1.74,0,0
empty_tensor,,,1.198,1.198,0,0,0,0
aclnnCat,,,0.913,0.913,1.74,1.74,0,0
aten::to,,,0.661,9.179,0,1.02,0,0
aten::_to_copy,,,2.092,8.518,0,1.02,0,0
aten::empty,,,0.59,1.767,0,0,0,0
empty_tensor,,,1.177,1.177,0,0,0,0
aten::copy_,,,3.772,4.659,0,1.02,0,0
aclnnInplaceCopy,,,0.887,0.887,1.02,1.02,0,0
aten::to,,,0.284,7.1,0,1.02,0,0
aten::_to_copy,,,0.861,6.816,0,1.02,0,0
aten::empty,,,0.326,1.345,0,0,0,0
empty_tensor,,,1.019,1.019,0,0,0,0
aten::copy_,,,2.145,4.61,0,1.02,0,0
aclnnInplaceCopy,,,2.465,2.465,1.02,1.02,0,0
aten::unsqueeze,,,0.858,2.037,0,0,0,0
aten::as_strided,,,1.179,1.179,0,0,0,0
P13/1104248/00365/to_list,,,163.461,1243.804,0,2.24,0,0
aten::slice,,,4.281,5.619,0,0,0,0
aten::as_strided,,,1.338,1.338,0,0,0,0
aten::copy_,,,11.389,14.452,0,2.22,0,0
acl_memcpy_device_to_host,,,3.063,3.063,2.22,2.22,0,0
Event::record,,,197.433,641.508,0,0.02,0,0
P13/1104248/00366/event_record,,,440.303,444.075,0,0.02,0,0
record_event,,,3.772,3.772,0.02,0.02,0,0
Event::synchronize,,,185.887,418.217,0,0,0,0
P13/1104248/00367/synchronize,,,232.33,232.33,0,0,0,0
aten::resolve_conj,,,0.418,0.418,0,0,0,0
aten::resolve_neg,,,0.129,0.129,0,0,0,0
aten::to,,,1.68,119.238,0,0,0,0
aten::_to_copy,,,2.537,117.558,0,0,0,0
aten::empty,,,2.637,2.637,0,0,0,0
aten::copy_,,,112.384,112.384,0,0,0,0
aten::detach,,,1.138,1.138,0,0,0,0
aten::to,,,0.281,0.281,0,0,0,0
aten::resolve_conj,,,0.188,0.188,0,0,0,0
aten::resolve_neg,,,0.227,0.227,0,0,0,0
aten::to,,,0.509,88.59,0,0,0,0
aten::_to_copy,,,1.374,88.081,0,0,0,0
aten::empty,,,0.997,0.997,0,0,0,0
aten::copy_,,,85.71,85.71,0,0,0,0
aten::detach,,,0.296,0.296,0,0,0,0
aten::to,,,0.296,0.296,0,0,0,0
aten::resolve_conj,,,0.148,0.148,0,0,0,0
aten::resolve_neg,,,0.084,0.084,0,0,0,0
aten::to,,,0.404,75.647,0,0,0,0
aten::_to_copy,,,0.934,75.243,0,0,0,0
aten::empty,,,0.589,0.589,0,0,0,0
aten::copy_,,,73.72,73.72,0,0,0,0
aten::detach,,,0.178,0.178,0,0,0,0
aten::to,,,0.2,0.2,0,0,0,0
aten::resolve_conj,,,0.232,0.232,0,0,0,0
aten::resolve_neg,,,0.07,0.07,0,0,0,0
aten::slice,,,1.809,3.989,0,0,0,0
aten::as_strided,,,2.18,2.18,0,0,0,0
P13/1104248/00368/runner,,,1609.826,56880.75,0,957.421,0,224.229
P13/1104248/00369/prepare,,,1089.959,2785.283,0,162.27,0,0
P13/1104248/00370/buffer_copy,,,98.821,136.608,0,2.82,0,0
aten::slice,,,5.449,9.218,0,0,0,0
aten::as_strided,,,3.769,3.769,0,0,0,0
aten::slice,,,0.785,1.998,0,0,0,0
aten::as_strided,,,1.213,1.213,0,0,0,0
aten::copy_,,,14.474,26.571,0,2.82,0,0
acl_memcpy_host_to_device,,,12.097,12.097,2.82,2.82,0,0
aten::lift_fresh,,,0.401,0.401,0,0,0,0
aten::lift_fresh,,,0.078,0.078,0,0,0,0
aten::flatten,,,1.315,3.565,0,0,0,0
aten::view,,,2.25,2.25,0,0,0,0
aten::slice,,,1.289,1.83,0,0,0,0
aten::as_strided,,,0.541,0.541,0,0,0,0
aten::index_select,,,2.74,2.74,0,0,0,0
P13/1104248/00371/buffer_copy,,,95.552,108.963,0,2.801,0,0
aten::copy_,,,9.63,13.411,0,2.801,0,0
acl_memcpy_host_to_device,,,3.781,3.781,2.801,2.801,0,0
aten::slice,,,1.514,1.97,0,0,0,0
aten::as_strided,,,0.456,0.456,0,0,0,0
aten::lift_fresh,,,0.194,0.194,0,0,0,0
aten::slice,,,0.754,1.029,0,0,0,0
aten::as_strided,,,0.275,0.275,0,0,0,0
aten::add,,,5.658,5.658,0,0,0,0
aten::slice,,,0.517,0.812,0,0,0,0
aten::as_strided,,,0.295,0.295,0,0,0,0
aten::fill_,,,1.939,1.939,0,0,0,0
aten::slice,,,0.759,2.495,0,0,0,0
aten::as_strided,,,1.736,1.736,0,0,0,0
aten::fill_,,,8.286,11.31,0,1.14,0,0
aclnnInplaceFillScalar,,,3.024,3.024,1.14,1.14,0,0
P13/1104248/00372/buffer_copy,,,81.081,101.42,0,2.821,0,0
aten::slice,,,1.361,2.372,0,0,0,0
aten::as_strided,,,1.011,1.011,0,0,0,0
aten::slice,,,0.617,0.922,0,0,0,0
aten::as_strided,,,0.305,0.305,0,0,0,0
aten::copy_,,,15.321,17.045,0,2.821,0,0
acl_memcpy_host_to_device,,,1.724,1.724,2.821,2.821,0,0
aten::slice,,,1.062,1.445,0,0,0,0
aten::as_strided,,,0.383,0.383,0,0,0,0
aten::detach,,,1.285,1.285,0,0,0,0
aten::to,,,0.75,0.75,0,0,0,0
aten::resolve_conj,,,0.35,0.35,0,0,0,0
aten::resolve_neg,,,0.223,0.223,0,0,0,0
P13/1104248/00373/buffer_copy,,,73.944,78.829,0,0,0,0
aten::slice,,,1.233,2.621,0,0,0,0
aten::as_strided,,,1.388,1.388,0,0,0,0
aten::slice,,,1.375,1.716,0,0,0,0
aten::as_strided,,,0.341,0.341,0,0,0,0
aten::copy_,,,0.548,0.548,0,0,0,0
P13/1104248/00374/buffer_copy,,,67.75,80.156,0,2.78,0,0
aten::slice,,,1.25,2.303,0,0,0,0
aten::as_strided,,,1.053,1.053,0,0,0,0
aten::slice,,,0.868,1.208,0,0,0,0
aten::as_strided,,,0.34,0.34,0,0,0,0
aten::copy_,,,5.917,8.895,0,2.78,0,0
acl_memcpy_host_to_device,,,2.978,2.978,2.78,2.78,0,0
aten::fill_,,,5.882,10.48,0,1.12,0,0
aclnnInplaceFillScalar,,,4.598,4.598,1.12,1.12,0,0
aten::slice,,,0.97,1.765,0,0,0,0
aten::as_strided,,,0.795,0.795,0,0,0,0
aten::slice,,,0.643,1.015,0,0,0,0
aten::as_strided,,,0.372,0.372,0,0,0,0
aten::copy_,,,4.173,5.305,0,2.72,0,0
acl_memcpy_host_to_device,,,1.132,1.132,2.72,2.72,0,0
P13/1104248/00375/buffer_copy,,,73.66,90.493,0,2.76,0,0
aten::slice,,,1.09,2.066,0,0,0,0
aten::as_strided,,,0.976,0.976,0,0,0,0
aten::slice,,,0.855,1.223,0,0,0,0
aten::as_strided,,,0.368,0.368,0,0,0,0
aten::copy_,,,4.053,13.544,0,2.76,0,0
acl_memcpy_host_to_device,,,9.491,9.491,2.76,2.76,0,0
aten::slice,,,0.834,1.602,0,0,0,0
aten::as_strided,,,0.768,0.768,0,0,0,0
P13/1104248/00376/buffer_copy,,,68.554,79.788,0,2.78,0,0
aten::slice,,,1.031,1.756,0,0,0,0
aten::as_strided,,,0.725,0.725,0,0,0,0
aten::slice,,,0.799,2.013,0,0,0,0
aten::as_strided,,,1.214,1.214,0,0,0,0
aten::copy_,,,4.878,7.465,0,2.78,0,0
acl_memcpy_host_to_device,,,2.587,2.587,2.78,2.78,0,0
P13/1104248/00377/buffer_copy,,,65.347,76.917,0,2.781,0,0
aten::slice,,,1.251,2.293,0,0,0,0
aten::as_strided,,,1.042,1.042,0,0,0,0
aten::slice,,,0.702,1.004,0,0,0,0
aten::as_strided,,,0.302,0.302,0,0,0,0
aten::copy_,,,4.739,8.273,0,2.781,0,0
acl_memcpy_host_to_device,,,3.534,3.534,2.781,2.781,0,0
aten::slice,,,0.944,1.704,0,0,0,0
aten::as_strided,,,0.76,0.76,0,0,0,0
aten::index,,,9.66,19.431,0,8.84,0,0
empty_tensor,,,2.977,2.977,0,0,0,0
empty_tensor,,,3.84,3.84,0,0,0,0
aclnnIndex,,,2.954,2.954,8.84,8.84,0,0
aten::to,,,0.822,11.337,0,0.94,0,0
aten::_to_copy,,,2.12,10.515,0,0.94,0,0
aten::empty,,,0.928,2.72,0,0,0,0
empty_tensor,,,1.792,1.792,0,0,0,0
aten::copy_,,,3.98,5.675,0,0.94,0,0
aclnnInplaceCopy,,,1.695,1.695,0.94,0.94,0,0
aten::slice,,,0.835,1.412,0,0,0,0
aten::as_strided,,,0.577,0.577,0,0,0,0
aten::add,,,5.197,7.959,0,3.02,0,0
empty_tensor,,,1.16,1.16,0,0,0,0
aclnnAdd,,,1.602,1.602,3.02,3.02,0,0
aten::slice,,,0.779,1.253,0,0,0,0
aten::as_strided,,,0.474,0.474,0,0,0,0
aten::copy_,,,24.246,26.738,0,0.54,0,0
aclnnInplaceCopy,,,2.492,2.492,0.54,0.54,0,0
aten::slice,,,1.043,1.514,0,0,0,0
aten::as_strided,,,0.471,0.471,0,0,0,0
aten::add,,,3.055,5.107,0,1.661,0,0
empty_tensor,,,1.111,1.111,0,0,0,0
aclnnAdd,,,0.941,0.941,1.661,1.661,0,0
aten::copy_,,,6.352,14.752,0,0.58,0,0
aclnnInplaceCopy,,,8.4,8.4,0.58,0.58,0,0
aten::slice,,,0.714,1.245,0,0,0,0
aten::as_strided,,,0.531,0.531,0,0,0,0
aten::fill_,,,2.371,3.33,0,0,0,0
aclnnInplaceFillScalar,,,0.959,0.959,0,0,0,0
aten::slice,,,0.572,0.994,0,0,0,0
aten::as_strided,,,0.422,0.422,0,0,0,0
aten::slice,,,0.825,1.362,0,0,0,0
aten::as_strided,,,0.537,0.537,0,0,0,0
P13/1104248/00378/jit_run,,,598.027,762.122,0,121.025,0,0
P13/1104248/00379/launch,,,158.57,164.095,0,121.025,0,0
_compute_slot_mapping_kernel,,,5.525,5.525,121.025,121.025,0,0
aten::slice,,,3.168,5.074,0,0,0,0
aten::as_strided,,,1.906,1.906,0,0,0,0
aten::sub,,,8.846,18.575,0,1.141,0,0
empty_tensor,,,4.656,4.656,0,0,0,0
aten::item,,,1.009,1.663,0,0,0,0
aten::_local_scalar_dense,,,0.654,0.654,0,0,0,0
aclnnSubs,,,3.41,3.41,1.141,1.141,0,0
aten::detach,,,1.589,1.589,0,0,0,0
aten::to,,,0.857,0.857,0,0,0,0
aten::resolve_conj,,,0.394,0.394,0,0,0,0
aten::resolve_neg,,,0.25,0.25,0,0,0,0
aten::slice,,,2.063,3.507,0,0,0,0
aten::as_strided,,,1.444,1.444,0,0,0,0
aten::slice,,,0.862,1.768,0,0,0,0
aten::as_strided,,,0.906,0.906,0,0,0,0
aten::slice,,,0.955,1.862,0,0,0,0
aten::as_strided,,,0.907,0.907,0,0,0,0
aten::slice,,,3.871,4.568,0,0,0,0
aten::as_strided,,,0.697,0.697,0,0,0,0
aten::fill_,,,5.76,9.094,0,0,0,0
aclnnInplaceFillScalar,,,3.334,3.334,0,0,0,0
aten::slice,,,0.828,1.441,0,0,0,0
aten::as_strided,,,0.613,0.613,0,0,0,0
aten::fill_,,,1.964,4.019,0,0,0,0
aclnnInplaceFillScalar,,,2.055,2.055,0,0,0,0
aten::slice,,,0.588,0.905,0,0,0,0
aten::as_strided,,,0.317,0.317,0,0,0,0
aten::slice,,,0.656,1.04,0,0,0,0
aten::as_strided,,,0.384,0.384,0,0,0,0
aten::lt,,,5.933,5.933,0,0,0,0
aten::lift_fresh,,,0.265,0.265,0,0,0,0
aten::slice,,,0.579,1.061,0,0,0,0
aten::as_strided,,,0.482,0.482,0,0,0,0
aten::fill_,,,1.123,3.773,0,0,0,0
aten::copy_,,,2.65,2.65,0,0,0,0
aten::slice,,,0.692,0.977,0,0,0,0
aten::as_strided,,,0.285,0.285,0,0,0,0
aten::slice,,,0.828,1.491,0,0,0,0
aten::as_strided,,,0.663,0.663,0,0,0,0
aten::slice,,,0.814,1.181,0,0,0,0
aten::as_strided,,,0.367,0.367,0,0,0,0
aten::slice,,,0.629,1.311,0,0,0,0
aten::as_strided,,,0.682,0.682,0,0,0,0
aten::slice,,,0.836,1.008,0,0,0,0
aten::as_strided,,,0.172,0.172,0,0,0,0
aten::slice,,,0.587,0.842,0,0,0,0
aten::as_strided,,,0.255,0.255,0,0,0,0
aten::slice,,,1.046,1.408,0,0,0,0
aten::as_strided,,,0.362,0.362,0,0,0,0
aten::slice,,,0.766,0.93,0,0,0,0
aten::as_strided,,,0.164,0.164,0,0,0,0
aten::slice,,,0.453,0.907,0,0,0,0
aten::as_strided,,,0.454,0.454,0,0,0,0
aten::pin_memory,,,1.159,10.404,0,0,0,0
aten::is_pinned,,,9.245,9.245,0,0,0,0
aten::to,,,1.237,20.542,0,2.74,0,0
aten::_to_copy,,,2.171,19.305,0,2.74,0,0
aten::empty_strided,,,4.411,6.551,0,0,0,0
empty_tensor,,,2.14,2.14,0,0,0,0
aten::copy_,,,5.527,10.583,0,2.74,0,0
acl_memcpy_host_to_device,,,5.056,5.056,2.74,2.74,0,0
aten::resolve_conj,,,0.193,0.193,0,0,0,0
aten::resolve_neg,,,0.204,0.204,0,0,0,0
aten::slice,,,0.91,1.23,0,0,0,0
aten::as_strided,,,0.32,0.32,0,0,0,0
aten::resolve_conj,,,0.07,0.07,0,0,0,0
aten::resolve_neg,,,0.295,0.295,0,0,0,0
aten::slice,,,0.67,1.324,0,0,0,0
aten::as_strided,,,0.654,0.654,0,0,0,0
aten::slice,,,0.518,0.863,0,0,0,0
aten::as_strided,,,0.345,0.345,0,0,0,0
aten::index_select,,,7.953,21.215,0,2.54,0,0
empty_tensor,,,2.72,2.72,0,0,0,0
aclnnIndexSelect,,,10.542,10.542,2.54,2.54,0,0
aten::view,,,1.584,1.584,0,0,0,0
aten::repeat,,,3.866,7.441,0,1.76,0,0
empty_tensor,,,1.963,1.963,0,0,0,0
aclnnRepeat,,,1.612,1.612,1.76,1.76,0,0
aten::chunk,,,1.468,6.601,0,0,0,0
aten::split,,,1.15,5.133,0,0,0,0
aten::narrow,,,1.485,2.963,0,0,0,0
aten::slice,,,0.591,1.478,0,0,0,0
aten::as_strided,,,0.887,0.887,0,0,0,0
aten::narrow,,,0.371,1.02,0,0,0,0
aten::slice,,,0.212,0.649,0,0,0,0
aten::as_strided,,,0.437,0.437,0,0,0,0
aten::slice,,,0.622,1.361,0,0,0,0
aten::as_strided,,,0.739,0.739,0,0,0,0
aten::view,,,0.608,0.608,0,0,0,0
aten::expand,,,1.223,1.912,0,0,0,0
aten::as_strided,,,0.689,0.689,0,0,0,0
aten::copy_,,,25.361,27.736,0,0.52,0,0
aclnnInplaceCopy,,,2.375,2.375,0.52,0.52,0,0
aten::index_select,,,3.574,6.019,0,2.08,0,0
empty_tensor,,,1.432,1.432,0,0,0,0
aclnnIndexSelect,,,1.013,1.013,2.08,2.08,0,0
aten::view,,,0.802,0.802,0,0,0,0
aten::repeat,,,2.212,4.917,0,1.88,0,0
empty_tensor,,,0.882,0.882,0,0,0,0
aclnnRepeat,,,1.823,1.823,1.88,1.88,0,0
aten::chunk,,,0.507,3.875,0,0,0,0
aten::split,,,0.707,3.368,0,0,0,0
aten::narrow,,,0.729,1.678,0,0,0,0
aten::slice,,,0.325,0.949,0,0,0,0
aten::as_strided,,,0.624,0.624,0,0,0,0
aten::narrow,,,0.355,0.983,0,0,0,0
aten::slice,,,0.231,0.628,0,0,0,0
aten::as_strided,,,0.397,0.397,0,0,0,0
aten::slice,,,0.9,1.319,0,0,0,0
aten::as_strided,,,0.419,0.419,0,0,0,0
aten::view,,,0.441,0.441,0,0,0,0
aten::expand,,,0.493,0.935,0,0,0,0
aten::as_strided,,,0.442,0.442,0,0,0,0
aten::copy_,,,8.542,10.686,0,0.5,0,0
aclnnInplaceCopy,,,2.144,2.144,0.5,0.5,0,0
aten::slice,,,0.595,0.935,0,0,0,0
aten::as_strided,,,0.34,0.34,0,0,0,0
aten::slice,,,0.509,0.841,0,0,0,0
aten::as_strided,,,0.332,0.332,0,0,0,0
P13/1104248/00380/forward,,,7524.842,52255.339,0,550.221,0,0
P13/1104248/00381/acl_dispatch,,,423.563,705.902,0,0,0,0
P13/1104248/00382/graph_replay,,,282.339,282.339,0,0,0,0
vllm::unified_attention_with_output,,,161.023,1213.978,0,24.081,0,0
P13/1104248/00383/attention,,,298.648,1052.955,0,24.081,0,0
aten::slice,,,2.177,4.805,0,0,0,0
aten::as_strided,,,2.628,2.628,0,0,0,0
aten::slice,,,0.451,0.808,0,0,0,0
aten::as_strided,,,0.357,0.357,0,0,0,0
aten::slice,,,2.617,3.577,0,0,0,0
aten::as_strided,,,0.96,0.96,0,0,0,0
P13/1104248/00384/cache_write,,,142.872,251.862,0,2.4,0,0
P13/1104248/00385/torch_api,,,83.304,108.99,0,2.4,0,0
atb::_npu_reshape_and_cache,,,20.845,25.686,0,2.4,0,0
ReshapeCacheOperation,,,4.841,4.841,2.4,2.4,0,0
P13/1104248/00386/fia,,,254.696,476.899,0,21.681,0,0
aten::view,,,3.989,3.989,0,0,0,0
aten::view,,,2.679,2.679,0,0,0,0
aten::slice,,,0.691,1.695,0,0,0,0
aten::as_strided,,,1.004,1.004,0,0,0,0
P13/1104248/00387/torch_api,,,117.33,175.105,0,21.081,0,0
npu::npu_fused_infer_attention_score,,,44.565,57.775,0,21.081,0,0
empty_tensor,,,6.665,6.665,0,0,0,0
empty_tensor,,,1.082,1.082,0,0,0,0
empty_tensor,,,0.78,0.78,0,0,0,0
empty_tensor,,,0.738,0.738,0,0,0,0
aclnnFusedInferAttentionScoreV3,,,3.945,3.945,21.081,21.081,0,0
aten::view,,,1.817,1.817,0,0,0,0
aten::slice,,,0.897,1.945,0,0,0,0
aten::as_strided,,,1.048,1.048,0,0,0,0
aten::copy_,,,24.956,34.973,0,0.6,0,0
aclnnInplaceCopy,,,10.017,10.017,0.6,0.6,0,0
aten::slice,,,0.671,1.563,0,0,0,0
aten::as_strided,,,0.892,0.892,0,0,0,0
aten::copy_,,,11.901,14.793,0,0,0,0
aclnnInplaceCopy,,,2.892,2.892,0,0,0,0
P13/1104248/00388/acl_dispatch,,,410.305,675.949,0,0,0,0
P13/1104248/00389/graph_replay,,,265.644,265.644,0,0,0,0
vllm::unified_attention_with_output,,,108.512,1163.541,0,21.161,0,0
P13/1104248/00390/attention,,,303.287,1055.029,0,21.161,0,0
aten::slice,,,1.932,4.15,0,0,0,0
aten::as_strided,,,2.218,2.218,0,0,0,0
aten::slice,,,0.735,1.103,0,0,0,0
aten::as_strided,,,0.368,0.368,0,0,0,0
aten::slice,,,2.948,3.785,0,0,0,0
aten::as_strided,,,0.837,0.837,0,0,0,0
P13/1104248/00391/cache_write,,,147.613,260.717,0,1.54,0,0
P13/1104248/00392/torch_api,,,86.004,113.104,0,1.54,0,0
atb::_npu_reshape_and_cache,,,22.57,27.1,0,1.54,0,0
ReshapeCacheOperation,,,4.53,4.53,1.54,1.54,0,0
P13/1104248/00393/fia,,,254.262,466.496,0,19.621,0,0
aten::view,,,3.797,3.797,0,0,0,0
aten::view,,,1.035,1.035,0,0,0,0
aten::slice,,,0.804,1.767,0,0,0,0
aten::as_strided,,,0.963,0.963,0,0,0,0
P13/1104248/00394/torch_api,,,117.986,174.746,0,19.081,0,0
npu::npu_fused_infer_attention_score,,,42.897,56.76,0,19.081,0,0
empty_tensor,,,6.735,6.735,0,0,0,0
empty_tensor,,,1.306,1.306,0,0,0,0
empty_tensor,,,1.117,1.117,0,0,0,0
empty_tensor,,,1.043,1.043,0,0,0,0
aclnnFusedInferAttentionScoreV3,,,3.662,3.662,19.081,19.081,0,0
aten::view,,,1.626,1.626,0,0,0,0
aten::slice,,,0.839,1.956,0,0,0,0
aten::as_strided,,,1.117,1.117,0,0,0,0
aten::copy_,,,24.249,27.307,0,0.54,0,0
aclnnInplaceCopy,,,3.058,3.058,0.54,0.54,0,0
aten::slice,,,0.733,1.696,0,0,0,0
aten::as_strided,,,0.963,0.963,0,0,0,0
aten::copy_,,,11.208,13.795,0,0,0,0
aclnnInplaceCopy,,,2.587,2.587,0,0,0,0
P13/1104248/00395/acl_dispatch,,,450.182,720.812,0,0,0,0
P13/1104248/00396/graph_replay,,,270.63,270.63,0,0,0,0
vllm::unified_attention_with_output,,,107.988,1156.187,0,19.34,0,0
P13/1104248/00397/attention,,,297.071,1048.199,0,19.34,0,0
aten::slice,,,2.101,4.565,0,0,0,0
aten::as_strided,,,2.464,2.464,0,0,0,0
aten::slice,,,0.5,1.033,0,0,0,0
aten::as_strided,,,0.533,0.533,0,0,0,0
aten::slice,,,2.945,3.894,0,0,0,0
aten::as_strided,,,0.949,0.949,0,0,0,0
P13/1104248/00398/cache_write,,,152.522,262.638,0,1.62,0,0
P13/1104248/00399/torch_api,,,82.134,110.116,0,1.62,0,0
atb::_npu_reshape_and_cache,,,21.595,27.982,0,1.62,0,0
ReshapeCacheOperation,,,6.387,6.387,1.62,1.62,0,0
P13/1104248/00400/fia,,,248.029,463.293,0,17.720000000000002,0,0
aten::view,,,4.045,4.045,0,0,0,0
aten::view,,,1.06,1.06,0,0,0,0
aten::slice,,,0.867,1.879,0,0,0,0
aten::as_strided,,,1.012,1.012,0,0,0,0
P13/1104248/00401/torch_api,,,109.737,175.915,0,17.12,0,0
npu::npu_fused_infer_attention_score,,,43.815,66.178,0,17.12,0,0
empty_tensor,,,6.83,6.83,0,0,0,0
empty_tensor,,,1.488,1.488,0,0,0,0
empty_tensor,,,0.807,0.807,0,0,0,0
empty_tensor,,,0.777,0.777,0,0,0,0
aclnnFusedInferAttentionScoreV3,,,12.461,12.461,17.12,17.12,0,0
aten::view,,,1.611,1.611,0,0,0,0
aten::slice,,,0.882,2.066,0,0,0,0
aten::as_strided,,,1.184,1.184,0,0,0,0
aten::copy_,,,25.815,28.688,0,0.6,0,0
aclnnInplaceCopy,,,2.873,2.873,0.6,0.6,0,0
aten::slice,,,0.757,1.697,0,0,0,0
aten::as_strided,,,0.94,0.94,0,0,0,0
aten::copy_,,,11.12,14.008,0,0,0,0
aclnnInplaceCopy,,,2.888,2.888,0,0,0,0
P13/1104248/00402/acl_dispatch,,,404.287,674.162,0,0,0,0
P13/1104248/00403/graph_replay,,,269.875,269.875,0,0,0,0
vllm::unified_attention_with_output,,,105.798,1154.776,0,25.540999999999997,0,0
P13/1104248/00404/attention,,,301.477,1048.978,0,25.540999999999997,0,0
aten::slice,,,1.796,3.971,0,0,0,0
aten::as_strided,,,2.175,2.175,0,0,0,0
aten::slice,,,0.562,2.951,0,0,0,0
aten::as_strided,,,2.389,2.389,0,0,0,0
aten::slice,,,3.205,4.148,0,0,0,0
aten::as_strided,,,0.943,0.943,0,0,0,0
P13/1104248/00405/cache_write,,,153.965,259.242,0,2.16,0,0
P13/1104248/00406/torch_api,,,80.591,105.277,0,2.16,0,0
atb::_npu_reshape_and_cache,,,19.023,24.686,0,2.16,0,0
ReshapeCacheOperation,,,5.663,5.663,2.16,2.16,0,0
P13/1104248/00407/fia,,,255.484,461.586,0,23.380999999999997,0,0
aten::view,,,3.854,3.854,0,0,0,0
aten::view,,,1.062,1.062,0,0,0,0
aten::slice,,,0.92,1.787,0,0,0,0
aten::as_strided,,,0.867,0.867,0,0,0,0
P13/1104248/00408/torch_api,,,112.887,168.464,0,22.801,0,0
npu::npu_fused_infer_attention_score,,,42.532,55.577,0,22.801,0,0
empty_tensor,,,6.419,6.419,0,0,0,0
empty_tensor,,,1.302,1.302,0,0,0,0
empty_tensor,,,0.82,0.82,0,0,0,0
empty_tensor,,,0.796,0.796,0,0,0,0
aclnnFusedInferAttentionScoreV3,,,3.708,3.708,22.801,22.801,0,0
aten::view,,,1.658,1.658,0,0,0,0
aten::slice,,,0.886,1.878,0,0,0,0
aten::as_strided,,,0.992,0.992,0,0,0,0
aten::copy_,,,24.36,27.399,0,0.58,0,0
aclnnInplaceCopy,,,3.039,3.039,0.58,0.58,0,0
aten::slice,,,0.718,1.64,0,0,0,0
aten::as_strided,,,0.922,0.922,0,0,0,0
aten::copy_,,,11.374,13.963,0,0,0,0
aclnnInplaceCopy,,,2.589,2.589,0,0,0,0
P13/1104248/00409/acl_dispatch,,,405.55,670.338,0,0,0,0
P13/1104248/00410/graph_replay,,,264.788,264.788,0,0,0,0
vllm::unified_attention_with_output,,,104.587,1133.985,0,24.641,0,0
P13/1104248/00411/attention,,,297.457,1029.398,0,24.641,0,0
aten::slice,,,2.139,4.492,0,0,0,0
aten::as_strided,,,2.353,2.353,0,0,0,0
aten::slice,,,0.528,1.03,0,0,0,0
aten::as_strided,,,0.502,0.502,0,0,0,0
aten::slice,,,3.058,4.077,0,0,0,0
aten::as_strided,,,1.019,1.019,0,0,0,0
P13/1104248/00412/cache_write,,,144.425,245.998,0,2.321,0,0
P13/1104248/00413/torch_api,,,82.114,101.573,0,2.321,0,0
atb::_npu_reshape_and_cache,,,15.064,19.459,0,2.321,0,0
ReshapeCacheOperation,,,4.395,4.395,2.321,2.321,0,0
P13/1104248/00414/fia,,,245.344,460.186,0,22.319999999999997,0,0
aten::view,,,3.844,3.844,0,0,0,0
aten::view,,,1.108,1.108,0,0,0,0
aten::slice,,,0.781,1.732,0,0,0,0
aten::as_strided,,,0.951,0.951,0,0,0,0
P13/1104248/00415/torch_api,,,112.529,176.702,0,21.74,0,0
npu::npu_fused_infer_attention_score,,,42.725,64.173,0,21.74,0,0
empty_tensor,,,6.561,6.561,0,0,0,0
empty_tensor,,,1.32,1.32,0,0,0,0
empty_tensor,,,1.121,1.121,0,0,0,0
empty_tensor,,,1.044,1.044,0,0,0,0
aclnnFusedInferAttentionScoreV3,,,11.402,11.402,21.74,21.74,0,0
aten::view,,,1.606,1.606,0,0,0,0
aten::slice,,,0.904,2.037,0,0,0,0
aten::as_strided,,,1.133,1.133,0,0,0,0
aten::copy_,,,24.737,27.813,0,0.58,0,0
aclnnInplaceCopy,,,3.076,3.076,0.58,0.58,0,0
aten::slice,,,0.732,1.824,0,0,0,0
aten::as_strided,,,1.092,1.092,0,0,0,0
aten::copy_,,,11.418,14.334,0,0,0,0
aclnnInplaceCopy,,,2.916,2.916,0,0,0,0
P13/1104248/00416/acl_dispatch,,,407.475,680.175,0,0,0,0
P13/1104248/00417/graph_replay,,,272.7,272.7,0,0,0,0
vllm::unified_attention_with_output,,,107.481,1161.018,0,27.261,0,0
P13/1104248/00418/attention,,,310.054,1053.537,0,27.261,0,0
aten::slice,,,1.961,4.406,0,0,0,0
aten::as_strided,,,2.445,2.445,0,0,0,0
aten::slice,,,0.475,1.005,0,0,0,0
aten::as_strided,,,0.53,0.53,0,0,0,0
aten::slice,,,2.89,3.837,0,0,0,0
aten::as_strided,,,0.947,0.947,0,0,0,0
P13/1104248/00419/cache_write,,,155.409,265.375,0,1.66,0,0
P13/1104248/00420/torch_api,,,89.482,109.966,0,1.66,0,0
atb::_npu_reshape_and_cache,,,16.033,20.484,0,1.66,0,0
ReshapeCacheOperation,,,4.451,4.451,1.66,1.66,0,0
P13/1104248/00421/fia,,,238.831,452.86,0,25.601,0,0
aten::view,,,3.721,3.721,0,0,0,0
aten::view,,,1.059,1.059,0,0,0,0
aten::slice,,,0.742,1.769,0,0,0,0
aten::as_strided,,,1.027,1.027,0,0,0,0
P13/1104248/00422/torch_api,,,119.748,176.485,0,25.021,0,0
npu::npu_fused_infer_attention_score,,,42.528,56.737,0,25.021,0,0
empty_tensor,,,6.664,6.664,0,0,0,0
empty_tensor,,,1.222,1.222,0,0,0,0
empty_tensor,,,0.817,0.817,0,0,0,0
empty_tensor,,,1.768,1.768,0,0,0,0
aclnnFusedInferAttentionScoreV3,,,3.738,3.738,25.021,25.021,0,0
aten::view,,,1.865,1.865,0,0,0,0
aten::slice,,,0.911,2.03,0,0,0,0
aten::as_strided,,,1.119,1.119,0,0,0,0
aten::copy_,,,24.093,27.1,0,0.58,0,0
aclnnInplaceCopy,,,3.007,3.007,0.58,0.58,0,0
aten::slice,,,0.709,1.68,0,0,0,0
aten::as_strided,,,0.971,0.971,0,0,0,0
aten::copy_,,,11.687,14.32,0,0,0,0
aclnnInplaceCopy,,,2.633,2.633,0,0,0,0
P13/1104248/00423/acl_dispatch,,,421.531,688.213,0,0,0,0
P13/1104248/00424/graph_replay,,,266.682,266.682,0,0,0,0
vllm::unified_attention_with_output,,,110.114,1163.566,0,20.701999999999998,0,0
P13/1104248/00425/attention,,,302.579,1053.452,0,20.701999999999998,0,0
aten::slice,,,1.845,4.12,0,0,0,0
aten::as_strided,,,2.275,2.275,0,0,0,0
aten::slice,,,0.439,0.737,0,0,0,0
aten::as_strided,,,0.298,0.298,0,0,0,0
aten::slice,,,3.146,3.993,0,0,0,0
aten::as_strided,,,0.847,0.847,0,0,0,0
P13/1104248/00426/cache_write,,,149.77,266.174,0,2.161,0,0
P13/1104248/00427/torch_api,,,85.619,116.404,0,2.161,0,0
atb::_npu_reshape_and_cache,,,16.542,30.785,0,2.161,0,0
ReshapeCacheOperation,,,14.243,14.243,2.161,2.161,0,0
P13/1104248/00428/fia,,,250.452,460.62,0,18.540999999999997,0,0
aten::view,,,3.925,3.925,0,0,0,0
aten::view,,,1.173,1.173,0,0,0,0
aten::slice,,,0.806,1.767,0,0,0,0
aten::as_strided,,,0.961,0.961,0,0,0,0
P13/1104248/00429/torch_api,,,112.4,172.193,0,17.961,0,0
npu::npu_fused_infer_attention_score,,,43.173,59.793,0,17.961,0,0
empty_tensor,,,8.872,8.872,0,0,0,0
empty_tensor,,,2.198,2.198,0,0,0,0
empty_tensor,,,0.833,0.833,0,0,0,0
empty_tensor,,,0.742,0.742,0,0,0,0
aclnnFusedInferAttentionScoreV3,,,3.975,3.975,17.961,17.961,0,0
aten::view,,,1.807,1.807,0,0,0,0
aten::slice,,,0.9,2.003,0,0,0,0
aten::as_strided,,,1.103,1.103,0,0,0,0
aten::copy_,,,24.538,27.3,0,0.58,0,0
aclnnInplaceCopy,,,2.762,2.762,0.58,0.58,0,0
aten::slice,,,0.654,1.559,0,0,0,0
aten::as_strided,,,0.905,0.905,0,0,0,0
aten::copy_,,,11.105,13.67,0,0,0,0
aclnnInplaceCopy,,,2.565,2.565,0,0,0,0
P13/1104248/00430/acl_dispatch,,,415.051,682.784,0,0,0,0
P13/1104248/00431/graph_replay,,,267.733,267.733,0,0,0,0
vllm::unified_attention_with_output,,,104.343,1142.668,0,22.501,0,0
P13/1104248/00432/attention,,,308.028,1038.325,0,22.501,0,0
aten::slice,,,2.057,4.474,0,0,0,0
aten::as_strided,,,2.417,2.417,0,0,0,0
aten::slice,,,0.468,0.825,0,0,0,0
aten::as_strided,,,0.357,0.357,0,0,0,0
aten::slice,,,2.954,3.946,0,0,0,0
aten::as_strided,,,0.992,0.992,0,0,0,0
P13/1104248/00433/cache_write,,,150.639,258.542,0,1.76,0,0
P13/1104248/00434/torch_api,,,87.156,107.903,0,1.76,0,0
atb::_npu_reshape_and_cache,,,16.125,20.747,0,1.76,0,0
ReshapeCacheOperation,,,4.622,4.622,1.76,1.76,0,0
P13/1104248/00435/fia,,,243.17,447.659,0,20.741,0,0
aten::view,,,3.832,3.832,0,0,0,0
aten::view,,,1.21,1.21,0,0,0,0
aten::slice,,,0.898,1.803,0,0,0,0
aten::as_strided,,,0.905,0.905,0,0,0,0
P13/1104248/00436/torch_api,,,111.656,167.59,0,20.161,0,0
npu::npu_fused_infer_attention_score,,,42.345,55.934,0,20.161,0,0
empty_tensor,,,6.73,6.73,0,0,0,0
empty_tensor,,,1.311,1.311,0,0,0,0
empty_tensor,,,0.985,0.985,0,0,0,0
empty_tensor,,,1.02,1.02,0,0,0,0
aclnnFusedInferAttentionScoreV3,,,3.543,3.543,20.161,20.161,0,0
aten::view,,,1.603,1.603,0,0,0,0
aten::slice,,,0.864,1.834,0,0,0,0
aten::as_strided,,,0.97,0.97,0,0,0,0
aten::copy_,,,23.995,26.617,0,0.58,0,0
aclnnInplaceCopy,,,2.622,2.622,0.58,0.58,0,0
aten::slice,,,0.62,1.513,0,0,0,0
aten::as_strided,,,0.893,0.893,0,0,0,0
aten::copy_,,,10.76,13.338,0,0,0,0
aclnnInplaceCopy,,,2.578,2.578,0,0,0,0
P13/1104248/00437/acl_dispatch,,,407.6,671.727,0,0,0,0
P13/1104248/00438/graph_replay,,,264.127,264.127,0,0,0,0
vllm::unified_attention_with_output,,,103.91,1133.0,0,23.28,0,0
P13/1104248/00439/attention,,,290.884,1029.09,0,23.28,0,0
aten::slice,,,2.012,4.255,0,0,0,0
aten::as_strided,,,2.243,2.243,0,0,0,0
aten::slice,,,0.354,0.714,0,0,0,0
aten::as_strided,,,0.36,0.36,0,0,0,0
aten::slice,,,2.858,3.726,0,0,0,0
aten::as_strided,,,0.868,0.868,0,0,0,0
P13/1104248/00440/cache_write,,,154.35,268.107,0,2.16,0,0
P13/1104248/00441/torch_api,,,85.194,113.757,0,2.16,0,0
atb::_npu_reshape_and_cache,,,16.593,28.563,0,2.16,0,0
ReshapeCacheOperation,,,11.97,11.97,2.16,2.16,0,0
P13/1104248/00442/fia,,,244.957,446.395,0,21.12,0,0
aten::view,,,3.902,3.902,0,0,0,0
aten::view,,,1.85,1.85,0,0,0,0
aten::slice,,,0.834,1.869,0,0,0,0
aten::as_strided,,,1.035,1.035,0,0,0,0
P13/1104248/00443/torch_api,,,108.331,163.538,0,20.52,0,0
npu::npu_fused_infer_attention_score,,,41.483,55.207,0,20.52,0,0
empty_tensor,,,6.757,6.757,0,0,0,0
empty_tensor,,,1.402,1.402,0,0,0,0
empty_tensor,,,1.067,1.067,0,0,0,0
empty_tensor,,,1.045,1.045,0,0,0,0
aclnnFusedInferAttentionScoreV3,,,3.453,3.453,20.52,20.52,0,0
aten::view,,,1.708,1.708,0,0,0,0
aten::slice,,,0.933,2.121,0,0,0,0
aten::as_strided,,,1.188,1.188,0,0,0,0
aten::copy_,,,23.612,26.45,0,0.6,0,0
aclnnInplaceCopy,,,2.838,2.838,0.6,0.6,0,0
aten::slice,,,0.716,1.635,0,0,0,0
aten::as_strided,,,0.919,0.919,0,0,0,0
aten::copy_,,,10.949,13.374,0,0,0,0
aclnnInplaceCopy,,,2.425,2.425,0,0,0,0
P13/1104248/00444/acl_dispatch,,,406.913,670.496,0,0,0,0
P13/1104248/00445/graph_replay,,,263.583,263.583,0,0,0,0
vllm::unified_attention_with_output,,,107.134,1165.633,0,24.601000000000003,0,0
P13/1104248/00446/attention,,,293.234,1058.499,0,24.601000000000003,0,0
aten::slice,,,1.881,4.048,0,0,0,0
aten::as_strided,,,2.167,2.167,0,0,0,0
aten::slice,,,0.469,0.799,0,0,0,0
aten::as_strided,,,0.33,0.33,0,0,0,0
aten::slice,,,2.918,3.8,0,0,0,0
aten::as_strided,,,0.882,0.882,0,0,0,0
P13/1104248/00447/cache_write,,,148.005,263.296,0,2.04,0,0
P13/1104248/00448/torch_api,,,93.288,115.291,0,2.04,0,0
atb::_npu_reshape_and_cache,,,17.611,22.003,0,2.04,0,0
ReshapeCacheOperation,,,4.392,4.392,2.04,2.04,0,0
P13/1104248/00449/fia,,,260.836,474.451,0,22.561,0,0
aten::view,,,3.869,3.869,0,0,0,0
aten::view,,,1.047,1.047,0,0,0,0
aten::slice,,,0.785,1.613,0,0,0,0
aten::as_strided,,,0.828,0.828,0,0,0,0
P13/1104248/00450/torch_api,,,119.37,176.665,0,22.001,0,0
npu::npu_fused_infer_attention_score,,,43.632,57.295,0,22.001,0,0
empty_tensor,,,6.609,6.609,0,0,0,0
empty_tensor,,,1.213,1.213,0,0,0,0
empty_tensor,,,1.315,1.315,0,0,0,0
empty_tensor,,,0.789,0.789,0,0,0,0
aclnnFusedInferAttentionScoreV3,,,3.737,3.737,22.001,22.001,0,0
aten::view,,,1.684,1.684,0,0,0,0
aten::slice,,,0.757,1.9,0,0,0,0
aten::as_strided,,,1.143,1.143,0,0,0,0
aten::copy_,,,23.939,26.837,0,0.56,0,0
aclnnInplaceCopy,,,2.898,2.898,0.56,0.56,0,0
aten::slice,,,0.646,1.604,0,0,0,0
aten::as_strided,,,0.958,0.958,0,0,0,0
aten::copy_,,,11.377,17.267,0,0,0,0
aclnnInplaceCopy,,,5.89,5.89,0,0,0,0
P13/1104248/00451/acl_dispatch,,,408.02,670.254,0,0,0,0
P13/1104248/00452/graph_replay,,,262.234,262.234,0,0,0,0
vllm::unified_attention_with_output,,,108.171,1137.393,0,21.921,0,0
P13/1104248/00453/attention,,,295.84,1029.222,0,21.921,0,0
aten::slice,,,1.877,4.152,0,0,0,0
aten::as_strided,,,2.275,2.275,0,0,0,0
aten::slice,,,0.38,0.819,0,0,0,0
aten::as_strided,,,0.439,0.439,0,0,0,0
aten::slice,,,2.913,3.983,0,0,0,0
aten::as_strided,,,1.07,1.07,0,0,0,0
P13/1104248/00454/cache_write,,,148.255,253.307,0,1.62,0,0
P13/1104248/00455/torch_api,,,83.052,105.052,0,1.62,0,0
atb::_npu_reshape_and_cache,,,16.064,22.0,0,1.62,0,0
ReshapeCacheOperation,,,5.936,5.936,1.62,1.62,0,0
P13/1104248/00456/fia,,,248.969,455.255,0,20.301000000000002,0,0
aten::view,,,3.9,3.9,0,0,0,0
aten::view,,,1.037,1.037,0,0,0,0
aten::slice,,,0.821,1.685,0,0,0,0
aten::as_strided,,,0.864,0.864,0,0,0,0
P13/1104248/00457/torch_api,,,114.189,169.596,0,19.701,0,0
npu::npu_fused_infer_attention_score,,,42.134,55.407,0,19.701,0,0
empty_tensor,,,6.556,6.556,0,0,0,0
empty_tensor,,,1.297,1.297,0,0,0,0
empty_tensor,,,0.953,0.953,0,0,0,0
empty_tensor,,,0.835,0.835,0,0,0,0
aclnnFusedInferAttentionScoreV3,,,3.632,3.632,19.701,19.701,0,0
aten::view,,,1.68,1.68,0,0,0,0
aten::slice,,,0.946,1.966,0,0,0,0
aten::as_strided,,,1.02,1.02,0,0,0,0
aten::copy_,,,23.576,26.422,0,0.6,0,0
aclnnInplaceCopy,,,2.846,2.846,0.6,0.6,0,0
aten::slice,,,0.702,1.578,0,0,0,0
aten::as_strided,,,0.876,0.876,0,0,0,0
aten::copy_,,,11.566,14.288,0,0,0,0
aclnnInplaceCopy,,,2.722,2.722,0,0,0,0
P13/1104248/00458/acl_dispatch,,,401.28,671.612,0,0,0,0
P13/1104248/00459/graph_replay,,,270.332,270.332,0,0,0,0
vllm::unified_attention_with_output,,,139.519,1225.177,0,22.9,0,0
P13/1104248/00460/attention,,,312.868,1085.658,0,22.9,0,0
aten::slice,,,2.158,4.627,0,0,0,0
aten::as_strided,,,2.469,2.469,0,0,0,0
aten::slice,,,0.643,3.614,0,0,0,0
aten::as_strided,,,2.971,2.971,0,0,0,0
aten::slice,,,3.014,3.973,0,0,0,0
aten::as_strided,,,0.959,0.959,0,0,0,0
P13/1104248/00461/cache_write,,,153.187,270.552,0,1.6,0,0
P13/1104248/00462/torch_api,,,88.39,117.365,0,1.6,0,0
atb::_npu_reshape_and_cache,,,24.568,28.975,0,1.6,0,0
ReshapeCacheOperation,,,4.407,4.407,1.6,1.6,0,0
P13/1104248/00463/fia,,,261.584,467.672,0,21.299999999999997,0,0
aten::view,,,3.865,3.865,0,0,0,0
aten::view,,,1.073,1.073,0,0,0,0
aten::slice,,,0.848,1.989,0,0,0,0
aten::as_strided,,,1.141,1.141,0,0,0,0
P13/1104248/00464/torch_api,,,113.547,168.99,0,20.72,0,0
npu::npu_fused_infer_attention_score,,,42.069,55.443,0,20.72,0,0
empty_tensor,,,6.71,6.71,0,0,0,0
empty_tensor,,,1.324,1.324,0,0,0,0
empty_tensor,,,1.004,1.004,0,0,0,0
empty_tensor,,,0.769,0.769,0,0,0,0
aclnnFusedInferAttentionScoreV3,,,3.567,3.567,20.72,20.72,0,0
aten::view,,,1.542,1.542,0,0,0,0
aten::slice,,,0.89,1.962,0,0,0,0
aten::as_strided,,,1.072,1.072,0,0,0,0
aten::copy_,,,23.356,26.667,0,0.58,0,0
aclnnInplaceCopy,,,3.311,3.311,0.58,0.58,0,0
aten::slice,,,0.705,1.563,0,0,0,0
aten::as_strided,,,0.858,0.858,0,0,0,0
aten::copy_,,,10.989,20.789,0,0,0,0
aclnnInplaceCopy,,,9.8,9.8,0,0,0,0
P13/1104248/00465/acl_dispatch,,,418.928,681.681,0,0,0,0
P13/1104248/00466/graph_replay,,,262.753,262.753,0,0,0,0
vllm::unified_attention_with_output,,,112.296,1162.278,0,19.041,0,0
P13/1104248/00467/attention,,,303.611,1049.982,0,19.041,0,0
aten::slice,,,1.877,4.163,0,0,0,0
aten::as_strided,,,2.286,2.286,0,0,0,0
aten::slice,,,0.468,0.986,0,0,0,0
aten::as_strided,,,0.518,0.518,0,0,0,0
aten::slice,,,2.998,3.96,0,0,0,0
aten::as_strided,,,0.962,0.962,0,0,0,0
P13/1104248/00468/cache_write,,,147.267,254.683,0,2.2,0,0
P13/1104248/00469/torch_api,,,83.92,107.416,0,2.2,0,0
atb::_npu_reshape_and_cache,,,18.962,23.496,0,2.2,0,0
ReshapeCacheOperation,,,4.534,4.534,2.2,2.2,0,0
P13/1104248/00470/fia,,,249.881,467.498,0,16.841,0,0
aten::view,,,4.052,4.052,0,0,0,0
aten::view,,,1.041,1.041,0,0,0,0
aten::slice,,,0.791,1.714,0,0,0,0
aten::as_strided,,,0.923,0.923,0,0,0,0
P13/1104248/00471/torch_api,,,122.577,179.391,0,16.241,0,0
npu::npu_fused_infer_attention_score,,,43.496,56.814,0,16.241,0,0
empty_tensor,,,6.561,6.561,0,0,0,0
empty_tensor,,,1.171,1.171,0,0,0,0
empty_tensor,,,1.112,1.112,0,0,0,0
empty_tensor,,,0.777,0.777,0,0,0,0
aclnnFusedInferAttentionScoreV3,,,3.697,3.697,16.241,16.241,0,0
aten::view,,,1.81,1.81,0,0,0,0
aten::slice,,,0.874,1.918,0,0,0,0
aten::as_strided,,,1.044,1.044,0,0,0,0
aten::copy_,,,24.725,27.691,0,0.6,0,0
aclnnInplaceCopy,,,2.966,2.966,0.6,0.6,0,0
aten::slice,,,0.744,1.67,0,0,0,0
aten::as_strided,,,0.926,0.926,0,0,0,0
aten::copy_,,,10.976,13.411,0,0,0,0
aclnnInplaceCopy,,,2.435,2.435,0,0,0,0
P13/1104248/00472/acl_dispatch,,,407.146,681.265,0,0,0,0
P13/1104248/00473/graph_replay,,,274.119,274.119,0,0,0,0
vllm::unified_attention_with_output,,,106.404,1148.728,0,21.160999999999998,0,0
P13/1104248/00474/attention,,,305.604,1042.324,0,21.160999999999998,0,0
aten::slice,,,1.922,4.194,0,0,0,0
aten::as_strided,,,2.272,2.272,0,0,0,0
aten::slice,,,0.503,1.018,0,0,0,0
aten::as_strided,,,0.515,0.515,0,0,0,0
aten::slice,,,2.857,3.956,0,0,0,0
aten::as_strided,,,1.099,1.099,0,0,0,0
P13/1104248/00475/cache_write,,,148.024,252.259,0,1.8,0,0
P13/1104248/00476/torch_api,,,84.37,104.235,0,1.8,0,0
atb::_npu_reshape_and_cache,,,15.801,19.865,0,1.8,0,0
ReshapeCacheOperation,,,4.064,4.064,1.8,1.8,0,0
P13/1104248/00477/fia,,,245.439,459.331,0,19.360999999999997,0,0
aten::view,,,3.9,3.9,0,0,0,0
aten::view,,,1.258,1.258,0,0,0,0
aten::slice,,,0.807,1.77,0,0,0,0
aten::as_strided,,,0.963,0.963,0,0,0,0
P13/1104248/00478/torch_api,,,115.978,172.935,0,18.781,0,0
npu::npu_fused_infer_attention_score,,,42.376,56.957,0,18.781,0,0
empty_tensor,,,6.781,6.781,0,0,0,0
empty_tensor,,,1.188,1.188,0,0,0,0
empty_tensor,,,1.067,1.067,0,0,0,0
empty_tensor,,,1.686,1.686,0,0,0,0
aclnnFusedInferAttentionScoreV3,,,3.859,3.859,18.781,18.781,0,0
aten::view,,,1.683,1.683,0,0,0,0
aten::slice,,,0.87,1.927,0,0,0,0
aten::as_strided,,,1.057,1.057,0,0,0,0
aten::copy_,,,24.057,30.419,0,0.58,0,0
aclnnInplaceCopy,,,6.362,6.362,0.58,0.58,0,0
aten::slice,,,0.647,1.639,0,0,0,0
aten::as_strided,,,0.992,0.992,0,0,0,0
aten::copy_,,,11.783,14.323,0,0,0,0
aclnnInplaceCopy,,,2.54,2.54,0,0,0,0
P13/1104248/00479/acl_dispatch,,,403.917,673.645,0,0,0,0
P13/1104248/00480/graph_replay,,,269.728,269.728,0,0,0,0
vllm::unified_attention_with_output,,,106.252,1145.227,0,24.821,0,0
P13/1104248/00481/attention,,,300.081,1038.975,0,24.821,0,0
aten::slice,,,1.887,4.125,0,0,0,0
aten::as_strided,,,2.238,2.238,0,0,0,0
aten::slice,,,0.321,0.677,0,0,0,0
aten::as_strided,,,0.356,0.356,0,0,0,0
aten::slice,,,2.917,3.914,0,0,0,0
aten::as_strided,,,0.997,0.997,0,0,0,0
P13/1104248/00482/cache_write,,,145.951,260.302,0,1.76,0,0
P13/1104248/00483/torch_api,,,83.736,114.351,0,1.76,0,0
atb::_npu_reshape_and_cache,,,25.235,30.615,0,1.76,0,0
ReshapeCacheOperation,,,5.38,5.38,1.76,1.76,0,0
P13/1104248/00484/fia,,,243.987,454.74,0,23.061,0,0
aten::view,,,4.105,4.105,0,0,0,0
aten::view,,,1.05,1.05,0,0,0,0
aten::slice,,,0.79,1.72,0,0,0,0
aten::as_strided,,,0.93,0.93,0,0,0,0
P13/1104248/00485/torch_api,,,116.86,173.094,0,22.481,0,0
npu::npu_fused_infer_attention_score,,,42.075,56.234,0,22.481,0,0
empty_tensor,,,6.851,6.851,0,0,0,0
empty_tensor,,,1.861,1.861,0,0,0,0
empty_tensor,,,0.97,0.97,0,0,0,0
empty_tensor,,,0.695,0.695,0,0,0,0
aclnnFusedInferAttentionScoreV3,,,3.782,3.782,22.481,22.481,0,0
aten::view,,,1.677,1.677,0,0,0,0
aten::slice,,,0.831,1.991,0,0,0,0
aten::as_strided,,,1.16,1.16,0,0,0,0
aten::copy_,,,24.011,27.116,0,0.58,0,0
aclnnInplaceCopy,,,3.105,3.105,0.58,0.58,0,0
aten::slice,,,0.682,1.597,0,0,0,0
aten::as_strided,,,0.915,0.915,0,0,0,0
aten::copy_,,,10.794,13.539,0,0,0,0
aclnnInplaceCopy,,,2.745,2.745,0,0,0,0
P13/1104248/00486/acl_dispatch,,,410.888,688.728,0,0,0,0
P13/1104248/00487/graph_replay,,,277.84,277.84,0,0,0,0
vllm::unified_attention_with_output,,,105.49,1153.498,0,27.021,0,0
P13/1104248/00488/attention,,,293.646,1048.008,0,27.021,0,0
aten::slice,,,1.97,4.205,0,0,0,0
aten::as_strided,,,2.235,2.235,0,0,0,0
aten::slice,,,0.403,0.773,0,0,0,0
aten::as_strided,,,0.37,0.37,0,0,0,0
aten::slice,,,2.813,3.725,0,0,0,0
aten::as_strided,,,0.912,0.912,0,0,0,0
P13/1104248/00489/cache_write,,,159.113,267.54,0,1.6,0,0
P13/1104248/00490/torch_api,,,85.942,108.427,0,1.6,0,0
atb::_npu_reshape_and_cache,,,18.092,22.485,0,1.6,0,0
ReshapeCacheOperation,,,4.393,4.393,1.6,1.6,0,0
P13/1104248/00491/fia,,,250.573,461.857,0,25.421,0,0
aten::view,,,3.774,3.774,0,0,0,0
aten::view,,,1.171,1.171,0,0,0,0
aten::slice,,,0.773,1.636,0,0,0,0
aten::as_strided,,,0.863,0.863,0,0,0,0
P13/1104248/00492/torch_api,,,111.848,166.993,0,24.841,0,0
npu::npu_fused_infer_attention_score,,,42.027,55.145,0,24.841,0,0
empty_tensor,,,6.706,6.706,0,0,0,0
empty_tensor,,,1.394,1.394,0,0,0,0
empty_tensor,,,0.863,0.863,0,0,0,0
empty_tensor,,,0.763,0.763,0,0,0,0
aclnnFusedInferAttentionScoreV3,,,3.392,3.392,24.841,24.841,0,0
aten::view,,,1.699,1.699,0,0,0,0
aten::slice,,,0.855,1.798,0,0,0,0
aten::as_strided,,,0.943,0.943,0,0,0,0
aten::copy_,,,23.588,34.213,0,0.58,0,0
aclnnInplaceCopy,,,10.625,10.625,0.58,0.58,0,0
aten::slice,,,0.783,1.685,0,0,0,0
aten::as_strided,,,0.902,0.902,0,0,0,0
aten::copy_,,,11.988,14.577,0,0,0,0
aclnnInplaceCopy,,,2.589,2.589,0,0,0,0
P13/1104248/00493/acl_dispatch,,,410.375,675.655,0,0,0,0
P13/1104248/00494/graph_replay,,,265.28,265.28,0,0,0,0
vllm::unified_attention_with_output,,,103.105,1125.626,0,21.480999999999998,0,0
P13/1104248/00495/attention,,,294.658,1022.521,0,21.480999999999998,0,0
aten::slice,,,1.978,4.301,0,0,0,0
aten::as_strided,,,2.323,2.323,0,0,0,0
aten::slice,,,0.588,1.241,0,0,0,0
aten::as_strided,,,0.653,0.653,0,0,0,0
aten::slice,,,3.072,4.212,0,0,0,0
aten::as_strided,,,1.14,1.14,0,0,0,0
P13/1104248/00496/cache_write,,,156.091,260.895,0,1.94,0,0
P13/1104248/00497/torch_api,,,84.024,104.804,0,1.94,0,0
atb::_npu_reshape_and_cache,,,16.34,20.78,0,1.94,0,0
ReshapeCacheOperation,,,4.44,4.44,1.94,1.94,0,0
P13/1104248/00498/fia,,,237.088,440.978,0,19.540999999999997,0,0
aten::view,,,4.075,4.075,0,0,0,0
aten::view,,,2.165,2.165,0,0,0,0
aten::slice,,,0.801,1.695,0,0,0,0
aten::as_strided,,,0.894,0.894,0,0,0,0
P13/1104248/00499/torch_api,,,110.236,165.859,0,18.961,0,0
npu::npu_fused_infer_attention_score,,,42.367,55.623,0,18.961,0,0
empty_tensor,,,6.768,6.768,0,0,0,0
empty_tensor,,,1.196,1.196,0,0,0,0
empty_tensor,,,1.009,1.009,0,0,0,0
empty_tensor,,,0.79,0.79,0,0,0,0
aclnnFusedInferAttentionScoreV3,,,3.493,3.493,18.961,18.961,0,0
aten::view,,,1.673,1.673,0,0,0,0
aten::slice,,,0.802,1.904,0,0,0,0
aten::as_strided,,,1.102,1.102,0,0,0,0
aten::copy_,,,23.502,26.519,0,0.58,0,0
aclnnInplaceCopy,,,3.017,3.017,0.58,0.58,0,0
aten::slice,,,0.7,1.709,0,0,0,0
aten::as_strided,,,1.009,1.009,0,0,0,0
aten::copy_,,,11.791,14.527,0,0,0,0
aclnnInplaceCopy,,,2.736,2.736,0,0,0,0
P13/1104248/00500/acl_dispatch,,,420.95,691.478,0,0,0,0
P13/1104248/00501/graph_replay,,,270.528,270.528,0,0,0,0
vllm::unified_attention_with_output,,,104.157,1146.677,0,21.840999999999998,0,0
P13/1104248/00502/attention,,,298.824,1042.52,0,21.840999999999998,0,0
aten::slice,,,1.887,4.203,0,0,0,0
aten::as_strided,,,2.316,2.316,0,0,0,0
aten::slice,,,0.572,1.01,0,0,0,0
aten::as_strided,,,0.438,0.438,0,0,0,0
aten::slice,,,3.019,3.998,0,0,0,0
aten::as_strided,,,0.979,0.979,0,0,0,0
P13/1104248/00503/cache_write,,,149.381,267.736,0,2.16,0,0
P13/1104248/00504/torch_api,,,93.171,118.355,0,2.16,0,0
atb::_npu_reshape_and_cache,,,20.449,25.184,0,2.16,0,0
ReshapeCacheOperation,,,4.735,4.735,2.16,2.16,0,0
P13/1104248/00505/fia,,,242.847,450.888,0,19.680999999999997,0,0
aten::view,,,3.923,3.923,0,0,0,0
aten::view,,,1.01,1.01,0,0,0,0
aten::slice,,,0.918,1.915,0,0,0,0
aten::as_strided,,,0.997,0.997,0,0,0,0
P13/1104248/00506/torch_api,,,111.343,170.975,0,19.101,0,0
npu::npu_fused_infer_attention_score,,,42.854,59.632,0,19.101,0,0
empty_tensor,,,6.787,6.787,0,0,0,0
empty_tensor,,,1.194,1.194,0,0,0,0
empty_tensor,,,1.015,1.015,0,0,0,0
empty_tensor,,,0.961,0.961,0,0,0,0
aclnnFusedInferAttentionScoreV3,,,6.821,6.821,19.101,19.101,0,0
aten::view,,,1.73,1.73,0,0,0,0
aten::slice,,,0.86,1.943,0,0,0,0
aten::as_strided,,,1.083,1.083,0,0,0,0
aten::copy_,,,23.769,26.545,0,0.58,0,0
aclnnInplaceCopy,,,2.776,2.776,0.58,0.58,0,0
aten::slice,,,0.746,1.665,0,0,0,0
aten::as_strided,,,0.919,0.919,0,0,0,0
aten::copy_,,,11.516,14.196,0,0,0,0
aclnnInplaceCopy,,,2.68,2.68,0,0,0,0
P13/1104248/00507/acl_dispatch,,,418.004,683.904,0,0,0,0
P13/1104248/00508/graph_replay,,,265.9,265.9,0,0,0,0
vllm::unified_attention_with_output,,,104.082,1143.138,0,23.34,0,0
P13/1104248/00509/attention,,,303.259,1039.056,0,23.34,0,0
aten::slice,,,1.994,4.317,0,0,0,0
aten::as_strided,,,2.323,2.323,0,0,0,0
aten::slice,,,0.335,0.66,0,0,0,0
aten::as_strided,,,0.325,0.325,0,0,0,0
aten::slice,,,2.989,4.068,0,0,0,0
aten::as_strided,,,1.079,1.079,0,0,0,0
P13/1104248/00510/cache_write,,,152.833,265.156,0,1.96,0,0
P13/1104248/00511/torch_api,,,91.165,112.323,0,1.96,0,0
atb::_npu_reshape_and_cache,,,15.78,21.158,0,1.96,0,0
ReshapeCacheOperation,,,5.378,5.378,1.96,1.96,0,0
P13/1104248/00512/fia,,,241.653,445.255,0,21.38,0,0
aten::view,,,3.736,3.736,0,0,0,0
aten::view,,,1.211,1.211,0,0,0,0
aten::slice,,,0.892,1.861,0,0,0,0
aten::as_strided,,,0.969,0.969,0,0,0,0
P13/1104248/00513/torch_api,,,110.149,166.333,0,20.8,0,0
npu::npu_fused_infer_attention_score,,,42.718,56.184,0,20.8,0,0
empty_tensor,,,6.532,6.532,0,0,0,0
empty_tensor,,,1.3,1.3,0,0,0,0
empty_tensor,,,1.211,1.211,0,0,0,0
empty_tensor,,,0.93,0.93,0,0,0,0
aclnnFusedInferAttentionScoreV3,,,3.493,3.493,20.8,20.8,0,0
aten::view,,,1.73,1.73,0,0,0,0
aten::slice,,,0.867,1.972,0,0,0,0
aten::as_strided,,,1.105,1.105,0,0,0,0
aten::copy_,,,23.839,26.759,0,0.58,0,0
aclnnInplaceCopy,,,2.92,2.92,0.58,0.58,0,0
aten::slice,,,0.779,1.781,0,0,0,0
aten::as_strided,,,1.002,1.002,0,0,0,0
aten::copy_,,,11.749,14.56,0,0,0,0
aclnnInplaceCopy,,,2.811,2.811,0,0,0,0
P13/1104248/00514/acl_dispatch,,,408.639,672.492,0,0,0,0
P13/1104248/00515/graph_replay,,,263.853,263.853,0,0,0,0
vllm::unified_attention_with_output,,,108.713,1149.976,0,24.781,0,0
P13/1104248/00516/attention,,,293.974,1041.263,0,24.781,0,0
aten::slice,,,1.903,4.284,0,0,0,0
aten::as_strided,,,2.381,2.381,0,0,0,0
aten::slice,,,0.496,1.798,0,0,0,0
aten::as_strided,,,1.302,1.302,0,0,0,0
aten::slice,,,2.885,3.752,0,0,0,0
aten::as_strided,,,0.867,0.867,0,0,0,0
P13/1104248/00517/cache_write,,,144.716,249.94,0,2.32,0,0
P13/1104248/00518/torch_api,,,84.864,105.224,0,2.32,0,0
atb::_npu_reshape_and_cache,,,15.944,20.36,0,2.32,0,0
ReshapeCacheOperation,,,4.416,4.416,2.32,2.32,0,0
P13/1104248/00519/fia,,,248.556,471.624,0,22.461,0,0
aten::view,,,3.782,3.782,0,0,0,0
aten::view,,,1.541,1.541,0,0,0,0
aten::slice,,,0.735,1.642,0,0,0,0
aten::as_strided,,,0.907,0.907,0,0,0,0
P13/1104248/00520/torch_api,,,120.556,184.428,0,21.881,0,0
npu::npu_fused_infer_attention_score,,,42.149,63.872,0,21.881,0,0
empty_tensor,,,6.563,6.563,0,0,0,0
empty_tensor,,,1.007,1.007,0,0,0,0
empty_tensor,,,0.957,0.957,0,0,0,0
empty_tensor,,,0.917,0.917,0,0,0,0
aclnnFusedInferAttentionScoreV3,,,12.279,12.279,21.881,21.881,0,0
aten::view,,,1.848,1.848,0,0,0,0
aten::slice,,,0.981,2.094,0,0,0,0
aten::as_strided,,,1.113,1.113,0,0,0,0
aten::copy_,,,24.872,27.733,0,0.58,0,0
aclnnInplaceCopy,,,2.861,2.861,0.58,0.58,0,0
aten::slice,,,0.735,1.706,0,0,0,0
aten::as_strided,,,0.971,0.971,0,0,0,0
aten::copy_,,,11.572,14.185,0,0,0,0
aclnnInplaceCopy,,,2.613,2.613,0,0,0,0
P13/1104248/00521/acl_dispatch,,,409.318,673.022,0,0,0,0
P13/1104248/00522/graph_replay,,,263.704,263.704,0,0,0,0
vllm::unified_attention_with_output,,,106.462,1134.477,0,22.081,0,0
P13/1104248/00523/attention,,,306.94,1028.015,0,22.081,0,0
aten::slice,,,1.75,3.953,0,0,0,0
aten::as_strided,,,2.203,2.203,0,0,0,0
aten::slice,,,0.484,0.965,0,0,0,0
aten::as_strided,,,0.481,0.481,0,0,0,0
aten::slice,,,2.898,3.838,0,0,0,0
aten::as_strided,,,0.94,0.94,0,0,0,0
P13/1104248/00524/cache_write,,,145.542,248.425,0,1.58,0,0
P13/1104248/00525/torch_api,,,83.054,102.883,0,1.58,0,0
atb::_npu_reshape_and_cache,,,15.242,19.829,0,1.58,0,0
ReshapeCacheOperation,,,4.587,4.587,1.58,1.58,0,0
P13/1104248/00526/fia,,,241.866,448.506,0,20.500999999999998,0,0
aten::view,,,3.701,3.701,0,0,0,0
aten::view,,,1.135,1.135,0,0,0,0
aten::slice,,,0.74,1.61,0,0,0,0
aten::as_strided,,,0.87,0.87,0,0,0,0
P13/1104248/00527/torch_api,,,112.547,168.141,0,19.921,0,0
npu::npu_fused_infer_attention_score,,,42.133,55.594,0,19.921,0,0
empty_tensor,,,6.548,6.548,0,0,0,0
empty_tensor,,,1.345,1.345,0,0,0,0
empty_tensor,,,1.179,1.179,0,0,0,0
empty_tensor,,,0.717,0.717,0,0,0,0
aclnnFusedInferAttentionScoreV3,,,3.672,3.672,19.921,19.921,0,0
aten::view,,,1.827,1.827,0,0,0,0
aten::slice,,,0.873,2.011,0,0,0,0
aten::as_strided,,,1.138,1.138,0,0,0,0
aten::copy_,,,25.282,28.215,0,0.58,0,0
aclnnInplaceCopy,,,2.933,2.933,0.58,0.58,0,0
aten::slice,,,0.675,1.673,0,0,0,0
aten::as_strided,,,0.998,0.998,0,0,0,0
aten::copy_,,,11.005,13.715,0,0,0,0
aclnnInplaceCopy,,,2.71,2.71,0,0,0,0
P13/1104248/00528/acl_dispatch,,,407.513,671.74,0,0,0,0
P13/1104248/00529/graph_replay,,,264.227,264.227,0,0,0,0
vllm::unified_attention_with_output,,,105.196,1134.374,0,22.281000000000002,0,0
P13/1104248/00530/attention,,,295.691,1029.178,0,22.281000000000002,0,0
aten::slice,,,1.834,3.987,0,0,0,0
aten::as_strided,,,2.153,2.153,0,0,0,0
aten::slice,,,0.488,0.943,0,0,0,0
aten::as_strided,,,0.455,0.455,0,0,0,0
aten::slice,,,2.972,3.897,0,0,0,0
aten::as_strided,,,0.925,0.925,0,0,0,0
P13/1104248/00531/cache_write,,,151.713,262.158,0,2.36,0,0
P13/1104248/00532/torch_api,,,86.115,110.445,0,2.36,0,0
atb::_npu_reshape_and_cache,,,16.316,24.33,0,2.36,0,0
ReshapeCacheOperation,,,8.014,8.014,2.36,2.36,0,0
P13/1104248/00533/fia,,,244.186,447.172,0,19.921,0,0
aten::view,,,3.75,3.75,0,0,0,0
aten::view,,,1.107,1.107,0,0,0,0
aten::slice,,,0.777,1.755,0,0,0,0
aten::as_strided,,,0.978,0.978,0,0,0,0
P13/1104248/00534/torch_api,,,108.645,165.67,0,19.341,0,0
npu::npu_fused_infer_attention_score,,,42.413,57.025,0,19.341,0,0
empty_tensor,,,6.946,6.946,0,0,0,0
empty_tensor,,,1.442,1.442,0,0,0,0
empty_tensor,,,0.834,0.834,0,0,0,0
empty_tensor,,,1.708,1.708,0,0,0,0
aclnnFusedInferAttentionScoreV3,,,3.682,3.682,19.341,19.341,0,0
aten::view,,,1.695,1.695,0,0,0,0
aten::slice,,,0.935,2.059,0,0,0,0
aten::as_strided,,,1.124,1.124,0,0,0,0
aten::copy_,,,23.728,26.95,0,0.58,0,0
aclnnInplaceCopy,,,3.222,3.222,0.58,0.58,0,0
aten::slice,,,0.709,1.609,0,0,0,0
aten::as_strided,,,0.9,0.9,0,0,0,0
aten::copy_,,,11.04,13.721,0,0,0,0
aclnnInplaceCopy,,,2.681,2.681,0,0,0,0
P13/1104248/00535/acl_dispatch,,,417.546,682.839,0,0,0,0
P13/1104248/00536/graph_replay,,,265.293,265.293,0,0,0,0
vllm::unified_attention_with_output,,,103.811,1166.898,0,23.381,0,0
P13/1104248/00537/attention,,,291.719,1063.087,0,23.381,0,0
aten::slice,,,1.981,4.185,0,0,0,0
aten::as_strided,,,2.204,2.204,0,0,0,0
aten::slice,,,0.358,0.7,0,0,0,0
aten::as_strided,,,0.342,0.342,0,0,0,0
aten::slice,,,2.97,3.965,0,0,0,0
aten::as_strided,,,0.995,0.995,0,0,0,0
P13/1104248/00538/cache_write,,,153.728,262.529,0,2.2,0,0
P13/1104248/00539/torch_api,,,86.681,108.801,0,2.2,0,0
atb::_npu_reshape_and_cache,,,15.307,22.12,0,2.2,0,0
ReshapeCacheOperation,,,6.813,6.813,2.2,2.2,0,0
P13/1104248/00540/fia,,,250.472,484.489,0,21.180999999999997,0,0
aten::view,,,3.748,3.748,0,0,0,0
aten::view,,,0.943,0.943,0,0,0,0
aten::slice,,,0.789,1.686,0,0,0,0
aten::as_strided,,,0.897,0.897,0,0,0,0
P13/1104248/00541/torch_api,,,140.019,195.69,0,20.601,0,0
npu::npu_fused_infer_attention_score,,,41.961,55.671,0,20.601,0,0
empty_tensor,,,6.387,6.387,0,0,0,0
empty_tensor,,,1.632,1.632,0,0,0,0
empty_tensor,,,1.128,1.128,0,0,0,0
empty_tensor,,,0.916,0.916,0,0,0,0
aclnnFusedInferAttentionScoreV3,,,3.647,3.647,20.601,20.601,0,0
aten::view,,,1.934,1.934,0,0,0,0
aten::slice,,,0.956,2.091,0,0,0,0
aten::as_strided,,,1.135,1.135,0,0,0,0
aten::copy_,,,24.984,27.925,0,0.58,0,0
aclnnInplaceCopy,,,2.941,2.941,0.58,0.58,0,0
aten::slice,,,0.841,1.865,0,0,0,0
aten::as_strided,,,1.024,1.024,0,0,0,0
aten::copy_,,,11.018,13.635,0,0,0,0
aclnnInplaceCopy,,,2.617,2.617,0,0,0,0
P13/1104248/00542/acl_dispatch,,,431.165,700.398,0,0,0,0
P13/1104248/00543/graph_replay,,,269.233,269.233,0,0,0,0
vllm::unified_attention_with_output,,,109.849,1163.337,0,21.061,0,0
P13/1104248/00544/attention,,,306.711,1053.488,0,21.061,0,0
aten::slice,,,1.994,4.249,0,0,0,0
aten::as_strided,,,2.255,2.255,0,0,0,0
aten::slice,,,0.669,1.269,0,0,0,0
aten::as_strided,,,0.6,0.6,0,0,0,0
aten::slice,,,3.008,3.78,0,0,0,0
aten::as_strided,,,0.772,0.772,0,0,0,0
P13/1104248/00545/cache_write,,,148.42,263.981,0,1.92,0,0
P13/1104248/00546/torch_api,,,82.139,115.561,0,1.92,0,0
atb::_npu_reshape_and_cache,,,16.17,33.422,0,1.92,0,0
ReshapeCacheOperation,,,17.252,17.252,1.92,1.92,0,0
P13/1104248/00547/fia,,,251.224,457.927,0,19.141,0,0
aten::view,,,3.985,3.985,0,0,0,0
aten::view,,,1.085,1.085,0,0,0,0
aten::slice,,,0.776,1.795,0,0,0,0
aten::as_strided,,,1.019,1.019,0,0,0,0
P13/1104248/00548/torch_api,,,114.149,169.368,0,18.561,0,0
npu::npu_fused_infer_attention_score,,,41.893,55.219,0,18.561,0,0
empty_tensor,,,6.443,6.443,0,0,0,0
empty_tensor,,,1.119,1.119,0,0,0,0
empty_tensor,,,0.93,0.93,0,0,0,0
empty_tensor,,,1.075,1.075,0,0,0,0
aclnnFusedInferAttentionScoreV3,,,3.759,3.759,18.561,18.561,0,0
aten::view,,,1.587,1.587,0,0,0,0
aten::slice,,,0.914,1.979,0,0,0,0
aten::as_strided,,,1.065,1.065,0,0,0,0
aten::copy_,,,24.053,26.904,0,0.58,0,0
aclnnInplaceCopy,,,2.851,2.851,0.58,0.58,0,0
aten::slice,,,0.694,1.536,0,0,0,0
aten::as_strided,,,0.842,0.842,0,0,0,0
aten::copy_,,,11.347,14.035,0,0,0,0
aclnnInplaceCopy,,,2.688,2.688,0,0,0,0
P13/1104248/00549/acl_dispatch,,,381.401,646.07,0,0,0,0
P13/1104248/00550/graph_replay,,,264.669,264.669,0,0,0,0
aten::index,,,12.249,23.508,0,8.681,0,0
empty_tensor,,,3.361,3.361,0,0,0,0
empty_tensor,,,3.992,3.992,0,0,0,0
aclnnIndex,,,3.906,3.906,8.681,8.681,0,0
aten::linear,,,2.05,18.891,0,224.229,0,224.229
aten::t,,,2.431,5.878,0,0,0,0
aten::transpose,,,1.454,3.447,0,0,0,0
aten::as_strided,,,1.993,1.993,0,0,0,0
aten::matmul,,,6.709,10.963,0,224.229,0,224.229
empty_tensor,,,1.77,1.77,0,0,0,0
aclnnMatmul,,,2.484,2.484,224.229,224.229,224.229,224.229
aten::alias,,,1.169,1.169,0,0,0,0
P13/1104248/00551/sample,,,1440.739,5926.327,0,537.922,0,0
aten::log_softmax,,,3.503,45.793,0,57.821999999999996,0,0
aten::to,,,1.604,28.213,0,8.94,0,0
aten::_to_copy,,,3.353,26.609,0,8.94,0,0
aten::empty,,,1.589,9.44,0,0,0,0
empty_tensor,,,7.851,7.851,0,0,0,0
aten::copy_,,,9.43,13.816,0,8.94,0,0
aclnnInplaceCopy,,,4.386,4.386,8.94,8.94,0,0
aten::_log_softmax,,,6.273,14.077,0,48.882,0,0
empty_tensor,,,2.134,2.134,0,0,0,0
aclnnLogSoftmax,,,5.67,5.67,48.882,48.882,0,0
aten::to,,,0.493,7.787,0,2.62,0,0
aten::_to_copy,,,0.924,7.294,0,2.62,0,0
aten::empty,,,0.39,1.835,0,0,0,0
empty_tensor,,,1.445,1.445,0,0,0,0
aten::copy_,,,2.345,4.535,0,2.62,0,0
aclnnInplaceCopy,,,2.19,2.19,2.62,2.62,0,0
aten::lift_fresh,,,0.33,0.33,0,0,0,0
aten::to,,,0.529,0.529,0,0,0,0
aten::pin_memory,,,1.394,122.912,0,0,0,0
aten::is_pinned,,,13.032,13.032,0,0,0,0
aten::_pin_memory,,,100.956,108.486,0,0,0,0
aten::set_,,,1.612,1.612,0,0,0,0
aten::copy_,,,5.918,5.918,0,0,0,0
aten::to,,,0.706,16.956,0,2.76,0,0
aten::_to_copy,,,1.519,16.25,0,2.76,0,0
aten::empty_strided,,,4.794,6.166,0,0,0,0
empty_tensor,,,1.372,1.372,0,0,0,0
aten::copy_,,,5.93,8.565,0,2.76,0,0
acl_memcpy_host_to_device,,,2.635,2.635,2.76,2.76,0,0
record_event,,,2.1,2.1,0.02,0.02,0,0
aten::eq,,,4.422,6.778,0,2.441,0,0
empty_tensor,,,1.688,1.688,0,0,0,0
aclnnEqScalar,,,0.668,0.668,2.441,2.441,0,0
aten::masked_fill_,,,35.608,36.468,0,101.504,0,0
aclnnInplaceMaskedFillScalar,,,0.86,0.86,101.504,101.504,0,0
aten::zeros,,,2.112,8.552,0,9.06,0,0
empty_tensor,,,1.843,1.843,0,0,0,0
aten::zero_,,,3.073,4.597,0,9.06,0,0
aclnnInplaceZero,,,1.524,1.524,9.06,9.06,0,0
P13/1104248/00552/jit_run,,,631.819,783.618,0,72.283,0,0
P13/1104248/00553/launch,,,143.36,151.799,0,72.283,0,0
token_bin_counts_and_mask_kernel,,,8.439,8.439,72.283,72.283,0,0
aten::gt,,,10.194,18.539,0,24.141,0,0
empty_tensor,,,5.198,5.198,0,0,0,0
aclnnGtScalar,,,3.147,3.147,24.141,24.141,0,0
aten::zeros,,,1.73,9.236,0,2.32,0,0
empty_tensor,,,1.808,1.808,0,0,0,0
aten::zero_,,,3.072,5.698,0,2.32,0,0
aclnnInplaceZero,,,2.626,2.626,2.32,2.32,0,0
P13/1104248/00554/jit_run,,,558.636,690.586,0,70.303,0,0
P13/1104248/00555/launch,,,128.186,131.95,0,70.303,0,0
token_bin_counts_and_mask_kernel,,,3.764,3.764,70.303,70.303,0,0
aten::gt,,,7.792,14.139,0,12.44,0,0
empty_tensor,,,3.583,3.583,0,0,0,0
aclnnGtScalar,,,2.764,2.764,12.44,12.44,0,0
P13/1104248/00556/jit_run,,,705.617,869.449,0,75.923,0,0
P13/1104248/00557/launch,,,158.505,163.832,0,75.923,0,0
apply_all_penalties_kernel,,,5.327,5.327,75.923,75.923,0,0
aten::argmax,,,3.565,23.66,0,19.58,0,0
aten::empty,,,1.129,4.991,0,0,0,0
empty_tensor,,,3.862,3.862,0,0,0,0
aten::argmax,,,9.126,15.104,0,19.58,0,0
aten::reshape,,,0.648,2.808,0,0,0,0
aten::view,,,2.16,2.16,0,0,0,0
aclnnArgMax,,,3.17,3.17,19.58,19.58,0,0
aten::view,,,0.681,0.681,0,0,0,0
aten::to,,,1.049,1.049,0,0,0,0
aten::topk,,,5.875,10.882,0,31.742,0,0
empty_tensor,,,1.743,1.743,0,0,0,0
empty_tensor,,,0.868,0.868,0,0,0,0
aclnnTopk,,,2.396,2.396,31.742,31.742,0,0
aten::unsqueeze,,,1.182,2.719,0,0,0,0
aten::as_strided,,,1.537,1.537,0,0,0,0
aten::gather,,,5.638,8.028,0,5.14,0,0
empty_tensor,,,1.27,1.27,0,0,0,0
aclnnGather,,,1.12,1.12,5.14,5.14,0,0
TorchDynamo Cache Lookup,,,29.473,29.473,0,0,0,0
Torch-Compiled Region: 1/0,,,168.137,193.694,0,39.602000000000004,0,0
aten::_assert_scalar,,,0.937,0.937,0,0,0,0
aten::_assert_scalar,,,0.291,0.291,0,0,0,0
aten::_assert_scalar,,,0.197,0.197,0,0,0,0
aten::ge,,,4.355,16.511,0,8.941,0,0
empty_tensor,,,2.085,2.085,0,0,0,0
aclnnGeTensor,,,10.071,10.071,8.941,8.941,0,0
aten::sum,,,4.811,7.621,0,30.661,0,0
empty_tensor,,,1.774,1.774,0,0,0,0
aclnnReduceSum,,,1.036,1.036,30.661,30.661,0,0
aten::cat,,,5.482,9.077,0,2.26,0,0
empty_tensor,,,1.19,1.19,0,0,0,0
aclnnCat,,,2.405,2.405,2.26,2.26,0,0
aten::cat,,,2.188,5.069,0,1.62,0,0
empty_tensor,,,1.305,1.305,0,0,0,0
aclnnCat,,,1.576,1.576,1.62,1.62,0,0
aten::to,,,0.767,10.609,0,1.02,0,0
aten::_to_copy,,,2.109,9.842,0,1.02,0,0
aten::empty,,,0.601,1.894,0,0,0,0
empty_tensor,,,1.293,1.293,0,0,0,0
aten::copy_,,,3.883,5.839,0,1.02,0,0
aclnnInplaceCopy,,,1.956,1.956,1.02,1.02,0,0
aten::to,,,0.394,7.498,0,1.04,0,0
aten::_to_copy,,,0.679,7.104,0,1.04,0,0
aten::empty,,,0.292,1.61,0,0,0,0
empty_tensor,,,1.318,1.318,0,0,0,0
aten::copy_,,,2.193,4.815,0,1.04,0,0
aclnnInplaceCopy,,,2.622,2.622,1.04,1.04,0,0
aten::unsqueeze,,,0.864,2.006,0,0,0,0
aten::as_strided,,,1.142,1.142,0,0,0,0
P13/1104248/00558/to_list,,,174.726,1265.144,0,2.281,0,0
aten::slice,,,4.323,5.713,0,0,0,0
aten::as_strided,,,1.39,1.39,0,0,0,0
aten::copy_,,,11.808,16.373,0,2.261,0,0
acl_memcpy_device_to_host,,,4.565,4.565,2.261,2.261,0,0
Event::record,,,196.229,633.027,0,0.02,0,0
P13/1104248/00559/event_record,,,425.999,436.798,0,0.02,0,0
record_event,,,10.799,10.799,0.02,0.02,0,0
Event::synchronize,,,208.781,434.721,0,0,0,0
P13/1104248/00560/synchronize,,,225.94,225.94,0,0,0,0
aten::resolve_conj,,,0.452,0.452,0,0,0,0
aten::resolve_neg,,,0.132,0.132,0,0,0,0
aten::to,,,1.483,116.54,0,0,0,0
aten::_to_copy,,,2.398,115.057,0,0,0,0
aten::empty,,,2.47,2.47,0,0,0,0
aten::copy_,,,110.189,110.189,0,0,0,0
aten::detach,,,1.09,1.09,0,0,0,0
aten::to,,,0.327,0.327,0,0,0,0
aten::resolve_conj,,,0.29,0.29,0,0,0,0
aten::resolve_neg,,,0.207,0.207,0,0,0,0
aten::to,,,0.434,84.437,0,0,0,0
aten::_to_copy,,,1.455,84.003,0,0,0,0
aten::empty,,,3.166,3.166,0,0,0,0
aten::copy_,,,79.382,79.382,0,0,0,0
aten::detach,,,0.39,0.39,0,0,0,0
aten::to,,,0.38,0.38,0,0,0,0
aten::resolve_conj,,,0.358,0.358,0,0,0,0
aten::resolve_neg,,,0.396,0.396,0,0,0,0
aten::to,,,0.518,73.25,0,0,0,0
aten::_to_copy,,,1.079,72.732,0,0,0,0
aten::empty,,,0.683,0.683,0,0,0,0
aten::copy_,,,70.97,70.97,0,0,0,0
aten::detach,,,0.184,0.184,0,0,0,0
aten::to,,,0.117,0.117,0,0,0,0
aten::resolve_conj,,,0.088,0.088,0,0,0,0
aten::resolve_neg,,,0.073,0.073,0,0,0,0
aten::slice,,,1.887,4.1,0,0,0,0
aten::as_strided,,,2.213,2.213,0,0,0,0
P13/1104248/00561/runner,,,1577.34,56676.633,0,953.458,0,224.189
P13/1104248/00562/prepare,,,1072.209,2748.74,0,161.167,0,0
P13/1104248/00563/buffer_copy,,,106.773,137.372,0,2.8,0,0
aten::slice,,,5.548,9.255,0,0,0,0
aten::as_strided,,,3.707,3.707,0,0,0,0
aten::slice,,,0.805,2.119,0,0,0,0
aten::as_strided,,,1.314,1.314,0,0,0,0
aten::copy_,,,14.3,19.225,0,2.8,0,0
acl_memcpy_host_to_device,,,4.925,4.925,2.8,2.8,0,0
aten::lift_fresh,,,0.429,0.429,0,0,0,0
aten::lift_fresh,,,0.108,0.108,0,0,0,0
aten::flatten,,,1.269,3.601,0,0,0,0
aten::view,,,2.332,2.332,0,0,0,0
aten::slice,,,1.52,1.938,0,0,0,0
aten::as_strided,,,0.418,0.418,0,0,0,0
aten::index_select,,,2.648,2.648,0,0,0,0
P13/1104248/00564/buffer_copy,,,86.113,98.437,0,2.78,0,0
aten::copy_,,,8.537,12.324,0,2.78,0,0
acl_memcpy_host_to_device,,,3.787,3.787,2.78,2.78,0,0
aten::slice,,,1.49,2.015,0,0,0,0
aten::as_strided,,,0.525,0.525,0,0,0,0
aten::lift_fresh,,,0.225,0.225,0,0,0,0
aten::slice,,,0.825,1.011,0,0,0,0
aten::as_strided,,,0.186,0.186,0,0,0,0
aten::add,,,7.006,7.006,0,0,0,0
aten::slice,,,0.693,0.937,0,0,0,0
aten::as_strided,,,0.244,0.244,0,0,0,0
aten::fill_,,,1.828,1.828,0,0,0,0
aten::slice,,,0.81,2.583,0,0,0,0
aten::as_strided,,,1.773,1.773,0,0,0,0
aten::fill_,,,8.407,11.406,0,1.04,0,0
aclnnInplaceFillScalar,,,2.999,2.999,1.04,1.04,0,0
P13/1104248/00565/buffer_copy,,,81.38,93.249,0,2.74,0,0
aten::slice,,,1.224,2.208,0,0,0,0
aten::as_strided,,,0.984,0.984,0,0,0,0
aten::slice,,,0.762,1.036,0,0,0,0
aten::as_strided,,,0.274,0.274,0,0,0,0
aten::copy_,,,6.064,8.625,0,2.74,0,0
acl_memcpy_host_to_device,,,2.561,2.561,2.74,2.74,0,0
aten::slice,,,1.048,1.401,0,0,0,0
aten::as_strided,,,0.353,0.353,0,0,0,0
aten::detach,,,1.319,1.319,0,0,0,0
aten::to,,,0.733,0.733,0,0,0,0
aten::resolve_conj,,,0.34,0.34,0,0,0,0
aten::resolve_neg,,,0.121,0.121,0,0,0,0
P13/1104248/00566/buffer_copy,,,73.463,77.516,0,0,0,0
aten::slice,,,1.291,2.572,0,0,0,0
aten::as_strided,,,1.281,1.281,0,0,0,0
aten::slice,,,0.587,0.891,0,0,0,0
aten::as_strided,,,0.304,0.304,0,0,0,0
aten::copy_,,,0.59,0.59,0,0,0,0
P13/1104248/00567/buffer_copy,,,68.314,81.076,0,2.82,0,0
aten::slice,,,1.096,2.038,0,0,0,0
aten::as_strided,,,0.942,0.942,0,0,0,0
aten::slice,,,1.44,1.871,0,0,0,0
aten::as_strided,,,0.431,0.431,0,0,0,0
aten::copy_,,,5.787,8.853,0,2.82,0,0
acl_memcpy_host_to_device,,,3.066,3.066,2.82,2.82,0,0
aten::fill_,,,4.953,7.783,0,1.04,0,0
aclnnInplaceFillScalar,,,2.83,2.83,1.04,1.04,0,0
aten::slice,,,1.104,1.954,0,0,0,0
aten::as_strided,,,0.85,0.85,0,0,0,0
aten::slice,,,0.823,1.121,0,0,0,0
aten::as_strided,,,0.298,0.298,0,0,0,0
aten::copy_,,,3.998,4.757,0,2.74,0,0
acl_memcpy_host_to_device,,,0.759,0.759,2.74,2.74,0,0
P13/1104248/00568/buffer_copy,,,77.545,95.243,0,2.7,0,0
aten::slice,,,1.12,2.15,0,0,0,0
aten::as_strided,,,1.03,1.03,0,0,0,0
aten::slice,,,0.68,0.947,0,0,0,0
aten::as_strided,,,0.267,0.267,0,0,0,0
aten::copy_,,,4.437,14.601,0,2.7,0,0
acl_memcpy_host_to_device,,,10.164,10.164,2.7,2.7,0,0
aten::slice,,,0.958,1.83,0,0,0,0
aten::as_strided,,,0.872,0.872,0,0,0,0
P13/1104248/00569/buffer_copy,,,69.84,80.376,0,2.82,0,0
aten::slice,,,1.071,1.907,0,0,0,0
aten::as_strided,,,0.836,0.836,0,0,0,0
aten::slice,,,0.735,1.018,0,0,0,0
aten::as_strided,,,0.283,0.283,0,0,0,0
aten::copy_,,,4.861,7.611,0,2.82,0,0
acl_memcpy_host_to_device,,,2.75,2.75,2.82,2.82,0,0
P13/1104248/00570/buffer_copy,,,66.709,77.185,0,2.74,0,0
aten::slice,,,1.113,2.091,0,0,0,0
aten::as_strided,,,0.978,0.978,0,0,0,0
aten::slice,,,1.029,1.328,0,0,0,0
aten::as_strided,,,0.299,0.299,0,0,0,0
aten::copy_,,,4.639,7.057,0,2.74,0,0
acl_memcpy_host_to_device,,,2.418,2.418,2.74,2.74,0,0
aten::slice,,,0.819,1.582,0,0,0,0
aten::as_strided,,,0.763,0.763,0,0,0,0
aten::index,,,8.756,18.176,0,8.901,0,0
empty_tensor,,,3.086,3.086,0,0,0,0
empty_tensor,,,3.722,3.722,0,0,0,0
aclnnIndex,,,2.612,2.612,8.901,8.901,0,0
aten::to,,,0.769,10.926,0,0.94,0,0
aten::_to_copy,,,2.214,10.157,0,0.94,0,0
aten::empty,,,1.012,2.712,0,0,0,0
empty_tensor,,,1.7,1.7,0,0,0,0
aten::copy_,,,3.623,5.231,0,0.94,0,0
aclnnInplaceCopy,,,1.608,1.608,0.94,0.94,0,0
aten::slice,,,0.848,1.442,0,0,0,0
aten::as_strided,,,0.594,0.594,0,0,0,0
aten::add,,,5.563,8.249,0,2.681,0,0
empty_tensor,,,1.108,1.108,0,0,0,0
aclnnAdd,,,1.578,1.578,2.681,2.681,0,0
aten::slice,,,0.646,1.235,0,0,0,0
aten::as_strided,,,0.589,0.589,0,0,0,0
aten::copy_,,,25.621,28.178,0,0.56,0,0
aclnnInplaceCopy,,,2.557,2.557,0.56,0.56,0,0
aten::slice,,,0.763,1.181,0,0,0,0
aten::as_strided,,,0.418,0.418,0,0,0,0
aten::add,,,3.063,15.118,0,1.66,0,0
empty_tensor,,,1.005,1.005,0,0,0,0
aclnnAdd,,,11.05,11.05,1.66,1.66,0,0
aten::copy_,,,8.33,10.192,0,0.6,0,0
aclnnInplaceCopy,,,1.862,1.862,0.6,0.6,0,0
aten::slice,,,0.675,1.164,0,0,0,0
aten::as_strided,,,0.489,0.489,0,0,0,0
aten::fill_,,,3.141,4.689,0,0,0,0
aclnnInplaceFillScalar,,,1.548,1.548,0,0,0,0
aten::slice,,,0.757,1.212,0,0,0,0
aten::as_strided,,,0.455,0.455,0,0,0,0
aten::slice,,,0.671,1.301,0,0,0,0
aten::as_strided,,,0.63,0.63,0,0,0,0
P13/1104248/00571/jit_run,,,590.033,751.658,0,120.285,0,0
P13/1104248/00572/launch,,,156.628,161.625,0,120.285,0,0
_compute_slot_mapping_kernel,,,4.997,4.997,120.285,120.285,0,0
aten::slice,,,2.943,5.074,0,0,0,0
aten::as_strided,,,2.131,2.131,0,0,0,0
aten::sub,,,8.603,17.606,0,1.32,0,0
empty_tensor,,,4.6,4.6,0,0,0,0
aten::item,,,0.886,1.47,0,0,0,0
aten::_local_scalar_dense,,,0.584,0.584,0,0,0,0
aclnnSubs,,,2.933,2.933,1.32,1.32,0,0
aten::detach,,,1.7,1.7,0,0,0,0
aten::to,,,0.864,0.864,0,0,0,0
aten::resolve_conj,,,0.37,0.37,0,0,0,0
aten::resolve_neg,,,0.166,0.166,0,0,0,0
aten::slice,,,2.057,3.547,0,0,0,0
aten::as_strided,,,1.49,1.49,0,0,0,0
aten::slice,,,0.841,1.741,0,0,0,0
aten::as_strided,,,0.9,0.9,0,0,0,0
aten::slice,,,0.834,1.712,0,0,0,0
aten::as_strided,,,0.878,0.878,0,0,0,0
aten::slice,,,0.851,1.379,0,0,0,0
aten::as_strided,,,0.528,0.528,0,0,0,0
aten::fill_,,,5.445,8.34,0,0,0,0
aclnnInplaceFillScalar,,,2.895,2.895,0,0,0,0
aten::slice,,,0.666,1.115,0,0,0,0
aten::as_strided,,,0.449,0.449,0,0,0,0
aten::fill_,,,1.955,4.28,0,0,0,0
aclnnInplaceFillScalar,,,2.325,2.325,0,0,0,0
aten::slice,,,0.621,0.861,0,0,0,0
aten::as_strided,,,0.24,0.24,0,0,0,0
aten::slice,,,0.466,0.619,0,0,0,0
aten::as_strided,,,0.153,0.153,0,0,0,0
aten::lt,,,5.589,5.589,0,0,0,0
aten::lift_fresh,,,0.324,0.324,0,0,0,0
aten::slice,,,0.273,0.591,0,0,0,0
aten::as_strided,,,0.318,0.318,0,0,0,0
aten::fill_,,,0.97,3.53,0,0,0,0
aten::copy_,,,2.56,2.56,0,0,0,0
aten::slice,,,0.745,1.076,0,0,0,0
aten::as_strided,,,0.331,0.331,0,0,0,0
aten::slice,,,0.791,1.323,0,0,0,0
aten::as_strided,,,0.532,0.532,0,0,0,0
aten::slice,,,0.675,0.883,0,0,0,0
aten::as_strided,,,0.208,0.208,0,0,0,0
aten::slice,,,0.589,1.005,0,0,0,0
aten::as_strided,,,0.416,0.416,0,0,0,0
aten::slice,,,0.532,0.937,0,0,0,0
aten::as_strided,,,0.405,0.405,0,0,0,0
aten::slice,,,0.379,0.529,0,0,0,0
aten::as_strided,,,0.15,0.15,0,0,0,0
aten::slice,,,0.976,1.286,0,0,0,0
aten::as_strided,,,0.31,0.31,0,0,0,0
aten::slice,,,0.899,1.203,0,0,0,0
aten::as_strided,,,0.304,0.304,0,0,0,0
aten::slice,,,0.663,1.249,0,0,0,0
aten::as_strided,,,0.586,0.586,0,0,0,0
aten::pin_memory,,,1.13,10.04,0,0,0,0
aten::is_pinned,,,8.91,8.91,0,0,0,0
aten::to,,,0.966,17.805,0,2.921,0,0
aten::_to_copy,,,2.143,16.839,0,2.921,0,0
aten::empty_strided,,,4.133,6.448,0,0,0,0
empty_tensor,,,2.315,2.315,0,0,0,0
aten::copy_,,,5.52,8.248,0,2.921,0,0
acl_memcpy_host_to_device,,,2.728,2.728,2.921,2.921,0,0
aten::resolve_conj,,,0.14,0.14,0,0,0,0
aten::resolve_neg,,,0.13,0.13,0,0,0,0
aten::slice,,,0.79,1.111,0,0,0,0
aten::as_strided,,,0.321,0.321,0,0,0,0
aten::resolve_conj,,,0.282,0.282,0,0,0,0
aten::resolve_neg,,,0.208,0.208,0,0,0,0
aten::slice,,,0.707,1.376,0,0,0,0
aten::as_strided,,,0.669,0.669,0,0,0,0
aten::slice,,,0.574,0.914,0,0,0,0
aten::as_strided,,,0.34,0.34,0,0,0,0
aten::index_select,,,7.905,20.921,0,2.74,0,0
empty_tensor,,,2.546,2.546,0,0,0,0
aclnnIndexSelect,,,10.47,10.47,2.74,2.74,0,0
aten::view,,,1.545,1.545,0,0,0,0
aten::repeat,,,3.614,6.804,0,1.82,0,0
empty_tensor,,,1.62,1.62,0,0,0,0
aclnnRepeat,,,1.57,1.57,1.82,1.82,0,0
aten::chunk,,,1.442,7.574,0,0,0,0
aten::split,,,1.128,6.132,0,0,0,0
aten::narrow,,,1.471,2.856,0,0,0,0
aten::slice,,,0.446,1.385,0,0,0,0
aten::as_strided,,,0.939,0.939,0,0,0,0
aten::narrow,,,0.473,2.148,0,0,0,0
aten::slice,,,1.152,1.675,0,0,0,0
aten::as_strided,,,0.523,0.523,0,0,0,0
aten::slice,,,0.935,2.083,0,0,0,0
aten::as_strided,,,1.148,1.148,0,0,0,0
aten::view,,,0.852,0.852,0,0,0,0
aten::expand,,,1.054,1.68,0,0,0,0
aten::as_strided,,,0.626,0.626,0,0,0,0
aten::copy_,,,25.839,28.239,0,0.52,0,0
aclnnInplaceCopy,,,2.4,2.4,0.52,0.52,0,0
aten::index_select,,,3.735,6.454,0,2.3,0,0
empty_tensor,,,1.569,1.569,0,0,0,0
aclnnIndexSelect,,,1.15,1.15,2.3,2.3,0,0
aten::view,,,0.829,0.829,0,0,0,0
aten::repeat,,,1.924,3.983,0,1.38,0,0
empty_tensor,,,1.201,1.201,0,0,0,0
aclnnRepeat,,,0.858,0.858,1.38,1.38,0,0
aten::chunk,,,0.536,4.134,0,0,0,0
aten::split,,,0.599,3.598,0,0,0,0
aten::narrow,,,0.465,1.581,0,0,0,0
aten::slice,,,0.508,1.116,0,0,0,0
aten::as_strided,,,0.608,0.608,0,0,0,0
aten::narrow,,,0.458,1.418,0,0,0,0
aten::slice,,,0.348,0.96,0,0,0,0
aten::as_strided,,,0.612,0.612,0,0,0,0
aten::slice,,,0.585,1.035,0,0,0,0
aten::as_strided,,,0.45,0.45,0,0,0,0
aten::view,,,0.362,0.362,0,0,0,0
aten::expand,,,0.448,1.067,0,0,0,0
aten::as_strided,,,0.619,0.619,0,0,0,0
aten::copy_,,,7.485,9.485,0,0.48,0,0
aclnnInplaceCopy,,,2.0,2.0,0.48,0.48,0,0
aten::slice,,,0.924,1.309,0,0,0,0
aten::as_strided,,,0.385,0.385,0,0,0,0
aten::slice,,,0.634,0.94,0,0,0,0
aten::as_strided,,,0.306,0.306,0,0,0,0
P13/1104248/00573/forward,,,7463.32,52128.469,0,546.581,0,0
P13/1104248/00574/acl_dispatch,,,408.941,682.593,0,0,0,0
P13/1104248/00575/graph_replay,,,273.652,273.652,0,0,0,0
vllm::unified_attention_with_output,,,163.721,1211.94,0,23.700999999999997,0,0
P13/1104248/00576/attention,,,299.991,1048.219,0,23.700999999999997,0,0
aten::slice,,,2.283,5.08,0,0,0,0
aten::as_strided,,,2.797,2.797,0,0,0,0
aten::slice,,,0.404,0.798,0,0,0,0
aten::as_strided,,,0.394,0.394,0,0,0,0
aten::slice,,,2.782,3.812,0,0,0,0
aten::as_strided,,,1.03,1.03,0,0,0,0
P13/1104248/00577/cache_write,,,146.256,248.585,0,2.3,0,0
P13/1104248/00578/torch_api,,,79.855,102.329,0,2.3,0,0
atb::_npu_reshape_and_cache,,,17.417,22.474,0,2.3,0,0
ReshapeCacheOperation,,,5.057,5.057,2.3,2.3,0,0
P13/1104248/00579/fia,,,252.484,475.118,0,21.401,0,0
aten::view,,,3.947,3.947,0,0,0,0
aten::view,,,1.049,1.049,0,0,0,0
aten::slice,,,0.783,1.716,0,0,0,0
aten::as_strided,,,0.933,0.933,0,0,0,0
P13/1104248/00580/torch_api,,,113.721,183.723,0,20.781,0,0
npu::npu_fused_infer_attention_score,,,45.2,70.002,0,20.781,0,0
empty_tensor,,,6.75,6.75,0,0,0,0
empty_tensor,,,3.395,3.395,0,0,0,0
empty_tensor,,,1.122,1.122,0,0,0,0
empty_tensor,,,1.149,1.149,0,0,0,0
aclnnFusedInferAttentionScoreV3,,,12.386,12.386,20.781,20.781,0,0
aten::view,,,2.163,2.163,0,0,0,0
aten::slice,,,0.964,2.052,0,0,0,0
aten::as_strided,,,1.088,1.088,0,0,0,0
aten::copy_,,,24.959,27.984,0,0.62,0,0
aclnnInplaceCopy,,,3.025,3.025,0.62,0.62,0,0
aten::slice,,,0.751,1.689,0,0,0,0
aten::as_strided,,,0.938,0.938,0,0,0,0
aten::copy_,,,10.578,13.146,0,0,0,0
aclnnInplaceCopy,,,2.568,2.568,0,0,0,0
P13/1104248/00581/acl_dispatch,,,418.101,677.743,0,0,0,0
P13/1104248/00582/graph_replay,,,259.642,259.642,0,0,0,0
vllm::unified_attention_with_output,,,109.8,1154.015,0,21.241999999999997,0,0
P13/1104248/00583/attention,,,303.769,1044.215,0,21.241999999999997,0,0
aten::slice,,,2.187,4.654,0,0,0,0
aten::as_strided,,,2.467,2.467,0,0,0,0
aten::slice,,,0.603,1.152,0,0,0,0
aten::as_strided,,,0.549,0.549,0,0,0,0
aten::slice,,,2.922,3.912,0,0,0,0
aten::as_strided,,,0.99,0.99,0,0,0,0
P13/1104248/00584/cache_write,,,154.772,257.407,0,1.58,0,0
P13/1104248/00585/torch_api,,,81.346,102.635,0,1.58,0,0
atb::_npu_reshape_and_cache,,,16.789,21.289,0,1.58,0,0
ReshapeCacheOperation,,,4.5,4.5,1.58,1.58,0,0
P13/1104248/00586/fia,,,245.725,457.957,0,19.662,0,0
aten::view,,,3.868,3.868,0,0,0,0
aten::view,,,0.986,0.986,0,0,0,0
aten::slice,,,0.927,1.865,0,0,0,0
aten::as_strided,,,0.938,0.938,0,0,0,0
P13/1104248/00587/torch_api,,,116.135,174.234,0,19.121,0,0
npu::npu_fused_infer_attention_score,,,44.243,58.099,0,19.121,0,0
empty_tensor,,,6.533,6.533,0,0,0,0
empty_tensor,,,1.286,1.286,0,0,0,0
empty_tensor,,,1.2,1.2,0,0,0,0
empty_tensor,,,0.891,0.891,0,0,0,0
aclnnFusedInferAttentionScoreV3,,,3.946,3.946,19.121,19.121,0,0
aten::view,,,1.757,1.757,0,0,0,0
aten::slice,,,0.88,1.939,0,0,0,0
aten::as_strided,,,1.059,1.059,0,0,0,0
aten::copy_,,,24.621,27.583,0,0.541,0,0
aclnnInplaceCopy,,,2.962,2.962,0.541,0.541,0,0
aten::slice,,,0.667,1.666,0,0,0,0
aten::as_strided,,,0.999,0.999,0,0,0,0
aten::copy_,,,10.96,13.698,0,0,0,0
aclnnInplaceCopy,,,2.738,2.738,0,0,0,0
P13/1104248/00588/acl_dispatch,,,402.63,676.298,0,0,0,0
P13/1104248/00589/graph_replay,,,273.668,273.668,0,0,0,0
vllm::unified_attention_with_output,,,105.125,1137.523,0,19.621,0,0
P13/1104248/00590/attention,,,294.68,1032.398,0,19.621,0,0
aten::slice,,,1.95,4.062,0,0,0,0
aten::as_strided,,,2.112,2.112,0,0,0,0
aten::slice,,,0.33,0.605,0,0,0,0
aten::as_strided,,,0.275,0.275,0,0,0,0
aten::slice,,,2.823,3.812,0,0,0,0
aten::as_strided,,,0.989,0.989,0,0,0,0
P13/1104248/00591/cache_write,,,145.51,248.485,0,2.1,0,0
P13/1104248/00592/torch_api,,,82.665,102.975,0,2.1,0,0
atb::_npu_reshape_and_cache,,,15.528,20.31,0,2.1,0,0
ReshapeCacheOperation,,,4.782,4.782,2.1,2.1,0,0
P13/1104248/00593/fia,,,249.959,465.346,0,17.521,0,0
aten::view,,,3.934,3.934,0,0,0,0
aten::view,,,2.02,2.02,0,0,0,0
aten::slice,,,0.783,1.718,0,0,0,0
aten::as_strided,,,0.935,0.935,0,0,0,0
P13/1104248/00594/torch_api,,,114.194,176.592,0,16.921,0,0
npu::npu_fused_infer_attention_score,,,42.066,62.398,0,16.921,0,0
empty_tensor,,,6.312,6.312,0,0,0,0
empty_tensor,,,1.293,1.293,0,0,0,0
empty_tensor,,,0.76,0.76,0,0,0,0
empty_tensor,,,0.763,0.763,0,0,0,0
aclnnFusedInferAttentionScoreV3,,,11.204,11.204,16.921,16.921,0,0
aten::view,,,1.88,1.88,0,0,0,0
aten::slice,,,0.974,2.023,0,0,0,0
aten::as_strided,,,1.049,1.049,0,0,0,0
aten::copy_,,,24.591,27.22,0,0.6,0,0
aclnnInplaceCopy,,,2.629,2.629,0.6,0.6,0,0
aten::slice,,,0.685,1.602,0,0,0,0
aten::as_strided,,,0.917,0.917,0,0,0,0
aten::copy_,,,11.244,13.806,0,0,0,0
aclnnInplaceCopy,,,2.562,2.562,0,0,0,0
P13/1104248/00595/acl_dispatch,,,408.695,713.828,0,0,0,0
P13/1104248/00596/graph_replay,,,305.133,305.133,0,0,0,0
vllm::unified_attention_with_output,,,107.01,1138.477,0,23.641000000000002,0,0
P13/1104248/00597/attention,,,298.568,1031.467,0,23.641000000000002,0,0
aten::slice,,,2.125,4.666,0,0,0,0
aten::as_strided,,,2.541,2.541,0,0,0,0
aten::slice,,,0.55,0.808,0,0,0,0
aten::as_strided,,,0.258,0.258,0,0,0,0
aten::slice,,,3.019,4.144,0,0,0,0
aten::as_strided,,,1.125,1.125,0,0,0,0
P13/1104248/00598/cache_write,,,150.384,258.665,0,1.58,0,0
P13/1104248/00599/torch_api,,,86.579,108.281,0,1.58,0,0
atb::_npu_reshape_and_cache,,,17.2,21.702,0,1.58,0,0
ReshapeCacheOperation,,,4.502,4.502,1.58,1.58,0,0
P13/1104248/00600/fia,,,241.855,446.799,0,22.061,0,0
aten::view,,,3.68,3.68,0,0,0,0
aten::view,,,1.234,1.234,0,0,0,0
aten::slice,,,0.816,1.689,0,0,0,0
aten::as_strided,,,0.873,0.873,0,0,0,0
P13/1104248/00601/torch_api,,,110.642,166.88,0,21.481,0,0
npu::npu_fused_infer_attention_score,,,43.099,56.238,0,21.481,0,0
empty_tensor,,,6.591,6.591,0,0,0,0
empty_tensor,,,1.22,1.22,0,0,0,0
empty_tensor,,,0.811,0.811,0,0,0,0
empty_tensor,,,0.772,0.772,0,0,0,0
aclnnFusedInferAttentionScoreV3,,,3.745,3.745,21.481,21.481,0,0
aten::view,,,1.752,1.752,0,0,0,0
aten::slice,,,0.937,1.941,0,0,0,0
aten::as_strided,,,1.004,1.004,0,0,0,0
aten::copy_,,,24.548,27.768,0,0.58,0,0
aclnnInplaceCopy,,,3.22,3.22,0.58,0.58,0,0
aten::slice,,,0.684,1.615,0,0,0,0
aten::as_strided,,,0.931,0.931,0,0,0,0
aten::copy_,,,12.246,16.202,0,0,0,0
aclnnInplaceCopy,,,3.956,3.956,0,0,0,0
P13/1104248/00602/acl_dispatch,,,405.584,674.502,0,0,0,0
P13/1104248/00603/graph_replay,,,268.918,268.918,0,0,0,0
vllm::unified_attention_with_output,,,106.679,1137.527,0,24.661,0,0
P13/1104248/00604/attention,,,304.104,1030.848,0,24.661,0,0
aten::slice,,,1.951,4.167,0,0,0,0
aten::as_strided,,,2.216,2.216,0,0,0,0
aten::slice,,,0.301,0.586,0,0,0,0
aten::as_strided,,,0.285,0.285,0,0,0,0
aten::slice,,,2.754,3.842,0,0,0,0
aten::as_strided,,,1.088,1.088,0,0,0,0
P13/1104248/00605/cache_write,,,148.987,259.207,0,2.4,0,0
P13/1104248/00606/torch_api,,,85.997,110.22,0,2.4,0,0
atb::_npu_reshape_and_cache,,,16.082,24.223,0,2.4,0,0
ReshapeCacheOperation,,,8.141,8.141,2.4,2.4,0,0
P13/1104248/00607/fia,,,240.777,443.631,0,22.261,0,0
aten::view,,,3.851,3.851,0,0,0,0
aten::view,,,1.025,1.025,0,0,0,0
aten::slice,,,0.83,1.885,0,0,0,0
aten::as_strided,,,1.055,1.055,0,0,0,0
P13/1104248/00608/torch_api,,,108.676,165.867,0,21.681,0,0
npu::npu_fused_infer_attention_score,,,42.417,57.191,0,21.681,0,0
empty_tensor,,,6.633,6.633,0,0,0,0
empty_tensor,,,1.215,1.215,0,0,0,0
empty_tensor,,,1.121,1.121,0,0,0,0
empty_tensor,,,1.037,1.037,0,0,0,0
aclnnFusedInferAttentionScoreV3,,,4.768,4.768,21.681,21.681,0,0
aten::view,,,1.67,1.67,0,0,0,0
aten::slice,,,0.858,1.972,0,0,0,0
aten::as_strided,,,1.114,1.114,0,0,0,0
aten::copy_,,,23.783,26.584,0,0.58,0,0
aclnnInplaceCopy,,,2.801,2.801,0.58,0.58,0,0
aten::slice,,,0.816,1.658,0,0,0,0
aten::as_strided,,,0.842,0.842,0,0,0,0
aten::copy_,,,11.096,13.653,0,0,0,0
aclnnInplaceCopy,,,2.557,2.557,0,0,0,0
P13/1104248/00609/acl_dispatch,,,412.135,681.657,0,0,0,0
P13/1104248/00610/graph_replay,,,269.522,269.522,0,0,0,0
vllm::unified_attention_with_output,,,107.715,1142.363,0,27.501,0,0
P13/1104248/00611/attention,,,299.602,1034.648,0,27.501,0,0
aten::slice,,,2.136,4.285,0,0,0,0
aten::as_strided,,,2.149,2.149,0,0,0,0
aten::slice,,,0.382,1.588,0,0,0,0
aten::as_strided,,,1.206,1.206,0,0,0,0
aten::slice,,,2.958,3.958,0,0,0,0
aten::as_strided,,,1.0,1.0,0,0,0,0
P13/1104248/00612/cache_write,,,148.369,265.497,0,2.08,0,0
P13/1104248/00613/torch_api,,,91.606,117.128,0,2.08,0,0
atb::_npu_reshape_and_cache,,,20.847,25.522,0,2.08,0,0
ReshapeCacheOperation,,,4.675,4.675,2.08,2.08,0,0
P13/1104248/00614/fia,,,241.941,444.8,0,25.421,0,0
aten::view,,,3.779,3.779,0,0,0,0
aten::view,,,0.987,0.987,0,0,0,0
aten::slice,,,0.769,1.755,0,0,0,0
aten::as_strided,,,0.986,0.986,0,0,0,0
P13/1104248/00615/torch_api,,,109.363,165.813,0,24.841,0,0
npu::npu_fused_infer_attention_score,,,42.571,56.45,0,24.841,0,0
empty_tensor,,,6.863,6.863,0,0,0,0
empty_tensor,,,1.26,1.26,0,0,0,0
empty_tensor,,,0.88,0.88,0,0,0,0
empty_tensor,,,0.996,0.996,0,0,0,0
aclnnFusedInferAttentionScoreV3,,,3.88,3.88,24.841,24.841,0,0
aten::view,,,1.75,1.75,0,0,0,0
aten::slice,,,0.936,1.988,0,0,0,0
aten::as_strided,,,1.052,1.052,0,0,0,0
aten::copy_,,,23.97,26.787,0,0.58,0,0
aclnnInplaceCopy,,,2.817,2.817,0.58,0.58,0,0
aten::slice,,,0.708,1.664,0,0,0,0
aten::as_strided,,,0.956,0.956,0,0,0,0
aten::copy_,,,10.726,13.254,0,0,0,0
aclnnInplaceCopy,,,2.528,2.528,0,0,0,0
P13/1104248/00616/acl_dispatch,,,404.33,671.02,0,0,0,0
P13/1104248/00617/graph_replay,,,266.69,266.69,0,0,0,0
vllm::unified_attention_with_output,,,103.313,1139.88,0,19.98,0,0
P13/1104248/00618/attention,,,296.392,1036.567,0,19.98,0,0
aten::slice,,,2.114,4.297,0,0,0,0
aten::as_strided,,,2.183,2.183,0,0,0,0
aten::slice,,,0.548,1.138,0,0,0,0
aten::as_strided,,,0.59,0.59,0,0,0,0
aten::slice,,,2.947,4.008,0,0,0,0
aten::as_strided,,,1.061,1.061,0,0,0,0
P13/1104248/00619/cache_write,,,149.73,267.228,0,2.06,0,0
P13/1104248/00620/torch_api,,,89.321,117.498,0,2.06,0,0
atb::_npu_reshape_and_cache,,,15.221,28.177,0,2.06,0,0
ReshapeCacheOperation,,,12.956,12.956,2.06,2.06,0,0
P13/1104248/00621/fia,,,240.551,448.137,0,17.919999999999998,0,0
aten::view,,,4.148,4.148,0,0,0,0
aten::view,,,1.017,1.017,0,0,0,0
aten::slice,,,0.785,1.698,0,0,0,0
aten::as_strided,,,0.913,0.913,0,0,0,0
P13/1104248/00622/torch_api,,,113.367,169.331,0,17.34,0,0
npu::npu_fused_infer_attention_score,,,42.642,55.964,0,17.34,0,0
empty_tensor,,,6.63,6.63,0,0,0,0
empty_tensor,,,1.161,1.161,0,0,0,0
empty_tensor,,,1.132,1.132,0,0,0,0
empty_tensor,,,0.897,0.897,0,0,0,0
aclnnFusedInferAttentionScoreV3,,,3.502,3.502,17.34,17.34,0,0
aten::view,,,1.698,1.698,0,0,0,0
aten::slice,,,0.865,1.871,0,0,0,0
aten::as_strided,,,1.006,1.006,0,0,0,0
aten::copy_,,,24.752,27.823,0,0.58,0,0
aclnnInplaceCopy,,,3.071,3.071,0.58,0.58,0,0
aten::slice,,,0.674,1.585,0,0,0,0
aten::as_strided,,,0.911,0.911,0,0,0,0
aten::copy_,,,11.107,13.782,0,0,0,0
aclnnInplaceCopy,,,2.675,2.675,0,0,0,0
P13/1104248/00623/acl_dispatch,,,423.339,687.916,0,0,0,0
P13/1104248/00624/graph_replay,,,264.577,264.577,0,0,0,0
vllm::unified_attention_with_output,,,105.501,1144.363,0,22.26,0,0
P13/1104248/00625/attention,,,296.773,1038.862,0,22.26,0,0
aten::slice,,,2.192,4.53,0,0,0,0
aten::as_strided,,,2.338,2.338,0,0,0,0
aten::slice,,,0.507,0.957,0,0,0,0
aten::as_strided,,,0.45,0.45,0,0,0,0
aten::slice,,,2.79,3.687,0,0,0,0
aten::as_strided,,,0.897,0.897,0,0,0,0
P13/1104248/00626/cache_write,,,155.537,261.12,0,1.68,0,0
P13/1104248/00627/torch_api,,,84.593,105.583,0,1.68,0,0
atb::_npu_reshape_and_cache,,,15.82,20.99,0,1.68,0,0
ReshapeCacheOperation,,,5.17,5.17,1.68,1.68,0,0
P13/1104248/00628/fia,,,242.735,450.281,0,20.58,0,0
aten::view,,,3.81,3.81,0,0,0,0
aten::view,,,1.137,1.137,0,0,0,0
aten::slice,,,0.941,1.836,0,0,0,0
aten::as_strided,,,0.895,0.895,0,0,0,0
P13/1104248/00629/torch_api,,,111.202,170.922,0,20.0,0,0
npu::npu_fused_infer_attention_score,,,42.927,59.72,0,20.0,0,0
empty_tensor,,,6.807,6.807,0,0,0,0
empty_tensor,,,1.155,1.155,0,0,0,0
empty_tensor,,,0.819,0.819,0,0,0,0
empty_tensor,,,4.301,4.301,0,0,0,0
aclnnFusedInferAttentionScoreV3,,,3.711,3.711,20.0,20.0,0,0
aten::view,,,1.606,1.606,0,0,0,0
aten::slice,,,0.926,2.105,0,0,0,0
aten::as_strided,,,1.179,1.179,0,0,0,0
aten::copy_,,,23.36,26.13,0,0.58,0,0
aclnnInplaceCopy,,,2.77,2.77,0.58,0.58,0,0
aten::slice,,,0.633,1.61,0,0,0,0
aten::as_strided,,,0.977,0.977,0,0,0,0
aten::copy_,,,11.383,19.904,0,0,0,0
aclnnInplaceCopy,,,8.521,8.521,0,0,0,0
P13/1104248/00630/acl_dispatch,,,414.268,676.11,0,0,0,0
P13/1104248/00631/graph_replay,,,261.842,261.842,0,0,0,0
vllm::unified_attention_with_output,,,114.373,1143.4,0,23.660999999999998,0,0
P13/1104248/00632/attention,,,291.056,1029.027,0,23.660999999999998,0,0
aten::slice,,,2.112,4.265,0,0,0,0
aten::as_strided,,,2.153,2.153,0,0,0,0
aten::slice,,,0.629,1.166,0,0,0,0
aten::as_strided,,,0.537,0.537,0,0,0,0
aten::slice,,,2.953,3.94,0,0,0,0
aten::as_strided,,,0.987,0.987,0,0,0,0
P13/1104248/00633/cache_write,,,150.254,253.014,0,2.32,0,0
P13/1104248/00634/torch_api,,,83.246,102.76,0,2.32,0,0
atb::_npu_reshape_and_cache,,,15.088,19.514,0,2.32,0,0
ReshapeCacheOperation,,,4.426,4.426,2.32,2.32,0,0
P13/1104248/00635/fia,,,252.24,460.33,0,21.341,0,0
aten::view,,,3.724,3.724,0,0,0,0
aten::view,,,1.049,1.049,0,0,0,0
aten::slice,,,0.825,1.758,0,0,0,0
aten::as_strided,,,0.933,0.933,0,0,0,0
P13/1104248/00636/torch_api,,,111.409,171.215,0,20.741,0,0
npu::npu_fused_infer_attention_score,,,42.076,59.806,0,20.741,0,0
empty_tensor,,,6.46,6.46,0,0,0,0
empty_tensor,,,3.489,3.489,0,0,0,0
empty_tensor,,,1.125,1.125,0,0,0,0
empty_tensor,,,1.025,1.025,0,0,0,0
aclnnFusedInferAttentionScoreV3,,,5.631,5.631,20.741,20.741,0,0
aten::view,,,1.653,1.653,0,0,0,0
aten::slice,,,0.98,2.197,0,0,0,0
aten::as_strided,,,1.217,1.217,0,0,0,0
aten::copy_,,,23.607,26.494,0,0.6,0,0
aclnnInplaceCopy,,,2.887,2.887,0.6,0.6,0,0
aten::slice,,,0.672,1.578,0,0,0,0
aten::as_strided,,,0.906,0.906,0,0,0,0
aten::copy_,,,10.989,13.678,0,0,0,0
aclnnInplaceCopy,,,2.689,2.689,0,0,0,0
P13/1104248/00637/acl_dispatch,,,405.318,666.828,0,0,0,0
P13/1104248/00638/graph_replay,,,261.51,261.51,0,0,0,0
vllm::unified_attention_with_output,,,112.95,1143.578,0,25.141000000000002,0,0
P13/1104248/00639/attention,,,301.873,1030.628,0,25.141000000000002,0,0
aten::slice,,,1.929,4.131,0,0,0,0
aten::as_strided,,,2.202,2.202,0,0,0,0
aten::slice,,,0.912,1.725,0,0,0,0
aten::as_strided,,,0.813,0.813,0,0,0,0
aten::slice,,,2.945,3.821,0,0,0,0
aten::as_strided,,,0.876,0.876,0,0,0,0
P13/1104248/00640/cache_write,,,147.187,251.043,0,2.2,0,0
P13/1104248/00641/torch_api,,,83.348,103.856,0,2.2,0,0
atb::_npu_reshape_and_cache,,,15.954,20.508,0,2.2,0,0
ReshapeCacheOperation,,,4.554,4.554,2.2,2.2,0,0
P13/1104248/00642/fia,,,242.015,444.439,0,22.941,0,0
aten::view,,,3.588,3.588,0,0,0,0
aten::view,,,1.082,1.082,0,0,0,0
aten::slice,,,0.821,1.736,0,0,0,0
aten::as_strided,,,0.915,0.915,0,0,0,0
P13/1104248/00643/torch_api,,,110.258,165.779,0,22.361,0,0
npu::npu_fused_infer_attention_score,,,42.886,55.521,0,22.361,0,0
empty_tensor,,,6.174,6.174,0,0,0,0
empty_tensor,,,1.255,1.255,0,0,0,0
empty_tensor,,,0.815,0.815,0,0,0,0
empty_tensor,,,1.06,1.06,0,0,0,0
aclnnFusedInferAttentionScoreV3,,,3.331,3.331,22.361,22.361,0,0
aten::view,,,1.725,1.725,0,0,0,0
aten::slice,,,0.851,1.881,0,0,0,0
aten::as_strided,,,1.03,1.03,0,0,0,0
aten::copy_,,,23.833,26.633,0,0.58,0,0
aclnnInplaceCopy,,,2.8,2.8,0.58,0.58,0,0
aten::slice,,,0.685,1.668,0,0,0,0
aten::as_strided,,,0.983,0.983,0,0,0,0
aten::copy_,,,11.556,21.928,0,0,0,0
aclnnInplaceCopy,,,10.372,10.372,0,0,0,0
P13/1104248/00644/acl_dispatch,,,412.134,672.395,0,0,0,0
P13/1104248/00645/graph_replay,,,260.261,260.261,0,0,0,0
vllm::unified_attention_with_output,,,109.178,1185.504,0,23.521,0,0
P13/1104248/00646/attention,,,303.157,1076.326,0,23.521,0,0
aten::slice,,,2.001,4.218,0,0,0,0
aten::as_strided,,,2.217,2.217,0,0,0,0
aten::slice,,,0.481,0.933,0,0,0,0
aten::as_strided,,,0.452,0.452,0,0,0,0
aten::slice,,,3.0,3.853,0,0,0,0
aten::as_strided,,,0.853,0.853,0,0,0,0
P13/1104248/00647/cache_write,,,147.547,247.309,0,2.34,0,0
P13/1104248/00648/torch_api,,,79.898,99.762,0,2.34,0,0
atb::_npu_reshape_and_cache,,,15.403,19.864,0,2.34,0,0
ReshapeCacheOperation,,,4.461,4.461,2.34,2.34,0,0
P13/1104248/00649/fia,,,249.454,499.967,0,21.181,0,0
aten::view,,,3.745,3.745,0,0,0,0
aten::view,,,1.971,1.971,0,0,0,0
aten::slice,,,0.714,1.703,0,0,0,0
aten::as_strided,,,0.989,0.989,0,0,0,0
P13/1104248/00650/torch_api,,,119.487,175.099,0,20.581,0,0
npu::npu_fused_infer_attention_score,,,42.157,55.612,0,20.581,0,0
empty_tensor,,,6.655,6.655,0,0,0,0
empty_tensor,,,1.425,1.425,0,0,0,0
empty_tensor,,,0.806,0.806,0,0,0,0
empty_tensor,,,0.921,0.921,0,0,0,0
aclnnFusedInferAttentionScoreV3,,,3.648,3.648,20.581,20.581,0,0
aten::view,,,1.633,1.633,0,0,0,0
aten::slice,,,0.791,1.845,0,0,0,0
aten::as_strided,,,1.054,1.054,0,0,0,0
aten::copy_,,,61.358,64.517,0,0.6,0,0
aclnnInplaceCopy,,,3.159,3.159,0.6,0.6,0,0
aten::slice,,,0.744,1.731,0,0,0,0
aten::as_strided,,,0.987,0.987,0,0,0,0
aten::copy_,,,12.526,15.158,0,0,0,0
aclnnInplaceCopy,,,2.632,2.632,0,0,0,0
P13/1104248/00651/acl_dispatch,,,409.346,678.599,0,0,0,0
P13/1104248/00652/graph_replay,,,269.253,269.253,0,0,0,0
vllm::unified_attention_with_output,,,104.867,1144.247,0,19.381,0,0
P13/1104248/00653/attention,,,300.006,1039.38,0,19.381,0,0
aten::slice,,,2.018,4.2,0,0,0,0
aten::as_strided,,,2.182,2.182,0,0,0,0
aten::slice,,,0.448,1.003,0,0,0,0
aten::as_strided,,,0.555,0.555,0,0,0,0
aten::slice,,,2.991,3.928,0,0,0,0
aten::as_strided,,,0.937,0.937,0,0,0,0
P13/1104248/00654/cache_write,,,148.879,264.273,0,1.7,0,0
P13/1104248/00655/torch_api,,,88.047,115.394,0,1.7,0,0
atb::_npu_reshape_and_cache,,,22.581,27.347,0,1.7,0,0
ReshapeCacheOperation,,,4.766,4.766,1.7,1.7,0,0
P13/1104248/00656/fia,,,243.222,449.725,0,17.680999999999997,0,0
aten::view,,,3.826,3.826,0,0,0,0
aten::view,,,0.906,0.906,0,0,0,0
aten::slice,,,0.802,1.815,0,0,0,0
aten::as_strided,,,1.013,1.013,0,0,0,0
P13/1104248/00657/torch_api,,,108.563,164.469,0,17.101,0,0
npu::npu_fused_infer_attention_score,,,42.971,55.906,0,17.101,0,0
empty_tensor,,,6.778,6.778,0,0,0,0
empty_tensor,,,1.182,1.182,0,0,0,0
empty_tensor,,,0.799,0.799,0,0,0,0
empty_tensor,,,0.715,0.715,0,0,0,0
aclnnFusedInferAttentionScoreV3,,,3.461,3.461,17.101,17.101,0,0
aten::view,,,1.695,1.695,0,0,0,0
aten::slice,,,0.826,1.939,0,0,0,0
aten::as_strided,,,1.113,1.113,0,0,0,0
aten::copy_,,,24.011,31.853,0,0.58,0,0
aclnnInplaceCopy,,,7.842,7.842,0.58,0.58,0,0
aten::slice,,,0.614,1.556,0,0,0,0
aten::as_strided,,,0.942,0.942,0,0,0,0
aten::copy_,,,11.604,14.689,0,0,0,0
aclnnInplaceCopy,,,3.085,3.085,0,0,0,0
P13/1104248/00658/acl_dispatch,,,402.83,667.917,0,0,0,0
P13/1104248/00659/graph_replay,,,265.087,265.087,0,0,0,0
vllm::unified_attention_with_output,,,110.677,1155.662,0,22.341,0,0
P13/1104248/00660/attention,,,297.798,1044.985,0,22.341,0,0
aten::slice,,,1.944,4.135,0,0,0,0
aten::as_strided,,,2.191,2.191,0,0,0,0
aten::slice,,,0.385,0.743,0,0,0,0
aten::as_strided,,,0.358,0.358,0,0,0,0
aten::slice,,,2.927,3.774,0,0,0,0
aten::as_strided,,,0.847,0.847,0,0,0,0
P13/1104248/00661/cache_write,,,143.768,248.568,0,2.74,0,0
P13/1104248/00662/torch_api,,,82.491,104.8,0,2.74,0,0
atb::_npu_reshape_and_cache,,,18.371,22.309,0,2.74,0,0
ReshapeCacheOperation,,,3.938,3.938,2.74,2.74,0,0
P13/1104248/00663/fia,,,248.519,475.838,0,19.601,0,0
aten::view,,,3.984,3.984,0,0,0,0
aten::view,,,0.89,0.89,0,0,0,0
aten::slice,,,0.803,1.787,0,0,0,0
aten::as_strided,,,0.984,0.984,0,0,0,0
P13/1104248/00664/torch_api,,,134.7,190.861,0,19.021,0,0
npu::npu_fused_infer_attention_score,,,41.541,56.161,0,19.021,0,0
empty_tensor,,,6.838,6.838,0,0,0,0
empty_tensor,,,1.199,1.199,0,0,0,0
empty_tensor,,,1.258,1.258,0,0,0,0
empty_tensor,,,0.819,0.819,0,0,0,0
aclnnFusedInferAttentionScoreV3,,,4.506,4.506,19.021,19.021,0,0
aten::view,,,1.813,1.813,0,0,0,0
aten::slice,,,0.819,1.892,0,0,0,0
aten::as_strided,,,1.073,1.073,0,0,0,0
aten::copy_,,,23.689,26.092,0,0.58,0,0
aclnnInplaceCopy,,,2.403,2.403,0.58,0.58,0,0
aten::slice,,,0.657,1.565,0,0,0,0
aten::as_strided,,,0.908,0.908,0,0,0,0
aten::copy_,,,10.753,12.564,0,0,0,0
aclnnInplaceCopy,,,1.811,1.811,0,0,0,0
P13/1104248/00665/acl_dispatch,,,404.414,666.581,0,0,0,0
P13/1104248/00666/graph_replay,,,262.167,262.167,0,0,0,0
vllm::unified_attention_with_output,,,105.735,1139.758,0,23.901,0,0
P13/1104248/00667/attention,,,301.498,1034.023,0,23.901,0,0
aten::slice,,,2.048,4.318,0,0,0,0
aten::as_strided,,,2.27,2.27,0,0,0,0
aten::slice,,,0.603,2.23,0,0,0,0
aten::as_strided,,,1.627,1.627,0,0,0,0
aten::slice,,,3.056,3.933,0,0,0,0
aten::as_strided,,,0.877,0.877,0,0,0,0
P13/1104248/00668/cache_write,,,152.749,256.372,0,2.32,0,0
P13/1104248/00669/torch_api,,,83.453,103.623,0,2.32,0,0
atb::_npu_reshape_and_cache,,,15.455,20.17,0,2.32,0,0
ReshapeCacheOperation,,,4.715,4.715,2.32,2.32,0,0
P13/1104248/00670/fia,,,239.921,449.061,0,21.581,0,0
aten::view,,,3.75,3.75,0,0,0,0
aten::view,,,0.947,0.947,0,0,0,0
aten::slice,,,0.735,1.628,0,0,0,0
aten::as_strided,,,0.893,0.893,0,0,0,0
P13/1104248/00671/torch_api,,,110.289,164.582,0,21.001,0,0
npu::npu_fused_infer_attention_score,,,41.339,54.293,0,21.001,0,0
empty_tensor,,,6.611,6.611,0,0,0,0
empty_tensor,,,1.068,1.068,0,0,0,0
empty_tensor,,,0.904,0.904,0,0,0,0
empty_tensor,,,0.889,0.889,0,0,0,0
aclnnFusedInferAttentionScoreV3,,,3.482,3.482,21.001,21.001,0,0
aten::view,,,1.732,1.732,0,0,0,0
aten::slice,,,0.914,1.981,0,0,0,0
aten::as_strided,,,1.067,1.067,0,0,0,0
aten::copy_,,,23.964,34.52,0,0.58,0,0
aclnnInplaceCopy,,,10.556,10.556,0.58,0.58,0,0
aten::slice,,,0.739,1.755,0,0,0,0
aten::as_strided,,,1.016,1.016,0,0,0,0
aten::copy_,,,11.972,14.856,0,0,0,0
aclnnInplaceCopy,,,2.884,2.884,0,0,0,0
P13/1104248/00672/acl_dispatch,,,416.442,683.725,0,0,0,0
P13/1104248/00673/graph_replay,,,267.283,267.283,0,0,0,0
vllm::unified_attention_with_output,,,108.114,1157.115,0,19.581,0,0
P13/1104248/00674/attention,,,325.536,1049.001,0,19.581,0,0
aten::slice,,,1.953,4.055,0,0,0,0
aten::as_strided,,,2.102,2.102,0,0,0,0
aten::slice,,,0.443,0.718,0,0,0,0
aten::as_strided,,,0.275,0.275,0,0,0,0
aten::slice,,,2.913,3.835,0,0,0,0
aten::as_strided,,,0.922,0.922,0,0,0,0
P13/1104248/00675/cache_write,,,145.901,254.113,0,1.76,0,0
P13/1104248/00676/torch_api,,,83.383,108.212,0,1.76,0,0
atb::_npu_reshape_and_cache,,,20.474,24.829,0,1.76,0,0
ReshapeCacheOperation,,,4.355,4.355,1.76,1.76,0,0
P13/1104248/00677/fia,,,240.238,444.848,0,17.821,0,0
aten::view,,,4.296,4.296,0,0,0,0
aten::view,,,0.882,0.882,0,0,0,0
aten::slice,,,0.852,1.832,0,0,0,0
aten::as_strided,,,0.98,0.98,0,0,0,0
P13/1104248/00678/torch_api,,,110.877,166.214,0,17.221,0,0
npu::npu_fused_infer_attention_score,,,42.714,55.337,0,17.221,0,0
empty_tensor,,,6.531,6.531,0,0,0,0
empty_tensor,,,1.096,1.096,0,0,0,0
empty_tensor,,,0.877,0.877,0,0,0,0
empty_tensor,,,0.744,0.744,0,0,0,0
aclnnFusedInferAttentionScoreV3,,,3.375,3.375,17.221,17.221,0,0
aten::view,,,1.641,1.641,0,0,0,0
aten::slice,,,0.841,1.864,0,0,0,0
aten::as_strided,,,1.023,1.023,0,0,0,0
aten::copy_,,,24.941,27.881,0,0.6,0,0
aclnnInplaceCopy,,,2.94,2.94,0.6,0.6,0,0
aten::slice,,,0.705,1.647,0,0,0,0
aten::as_strided,,,0.942,0.942,0,0,0,0
aten::copy_,,,11.586,14.249,0,0,0,0
aclnnInplaceCopy,,,2.663,2.663,0,0,0,0
P13/1104248/00679/acl_dispatch,,,429.667,693.875,0,0,0,0
P13/1104248/00680/graph_replay,,,264.208,264.208,0,0,0,0
vllm::unified_attention_with_output,,,113.0,1168.382,0,21.8,0,0
P13/1104248/00681/attention,,,306.069,1055.382,0,21.8,0,0
aten::slice,,,1.861,4.1,0,0,0,0
aten::as_strided,,,2.239,2.239,0,0,0,0
aten::slice,,,0.372,0.727,0,0,0,0
aten::as_strided,,,0.355,0.355,0,0,0,0
aten::slice,,,2.822,3.673,0,0,0,0
aten::as_strided,,,0.851,0.851,0,0,0,0
P13/1104248/00682/cache_write,,,149.068,250.563,0,2.2,0,0
P13/1104248/00683/torch_api,,,81.355,101.495,0,2.2,0,0
atb::_npu_reshape_and_cache,,,15.549,20.14,0,2.2,0,0
ReshapeCacheOperation,,,4.591,4.591,2.2,2.2,0,0
P13/1104248/00684/fia,,,259.972,474.712,0,19.599999999999998,0,0
aten::view,,,3.514,3.514,0,0,0,0
aten::view,,,0.797,0.797,0,0,0,0
aten::slice,,,0.815,1.702,0,0,0,0
aten::as_strided,,,0.887,0.887,0,0,0,0
P13/1104248/00685/torch_api,,,112.231,176.644,0,19.02,0,0
npu::npu_fused_infer_attention_score,,,42.242,64.413,0,19.02,0,0
empty_tensor,,,6.459,6.459,0,0,0,0
empty_tensor,,,1.264,1.264,0,0,0,0
empty_tensor,,,0.923,0.923,0,0,0,0
empty_tensor,,,3.348,3.348,0,0,0,0
aclnnFusedInferAttentionScoreV3,,,10.177,10.177,19.02,19.02,0,0
aten::view,,,1.827,1.827,0,0,0,0
aten::slice,,,0.89,2.094,0,0,0,0
aten::as_strided,,,1.204,1.204,0,0,0,0
aten::copy_,,,24.671,28.162,0,0.58,0,0
aclnnInplaceCopy,,,3.491,3.491,0.58,0.58,0,0
aten::slice,,,0.759,1.706,0,0,0,0
aten::as_strided,,,0.947,0.947,0,0,0,0
aten::copy_,,,11.481,13.832,0,0,0,0
aclnnInplaceCopy,,,2.351,2.351,0,0,0,0
P13/1104248/00686/acl_dispatch,,,409.099,682.336,0,0,0,0
P13/1104248/00687/graph_replay,,,273.237,273.237,0,0,0,0
vllm::unified_attention_with_output,,,109.34,1156.272,0,23.801000000000002,0,0
P13/1104248/00688/attention,,,301.123,1046.932,0,23.801000000000002,0,0
aten::slice,,,1.981,4.117,0,0,0,0
aten::as_strided,,,2.136,2.136,0,0,0,0
aten::slice,,,0.333,0.711,0,0,0,0
aten::as_strided,,,0.378,0.378,0,0,0,0
aten::slice,,,2.814,3.772,0,0,0,0
aten::as_strided,,,0.958,0.958,0,0,0,0
P13/1104248/00689/cache_write,,,153.725,255.594,0,1.7,0,0
P13/1104248/00690/torch_api,,,81.5,101.869,0,1.7,0,0
atb::_npu_reshape_and_cache,,,15.703,20.369,0,1.7,0,0
ReshapeCacheOperation,,,4.666,4.666,1.7,1.7,0,0
P13/1104248/00691/fia,,,255.007,465.482,0,22.101,0,0
aten::view,,,3.645,3.645,0,0,0,0
aten::view,,,1.167,1.167,0,0,0,0
aten::slice,,,0.809,1.712,0,0,0,0
aten::as_strided,,,0.903,0.903,0,0,0,0
P13/1104248/00692/torch_api,,,113.529,173.24,0,21.521,0,0
npu::npu_fused_infer_attention_score,,,42.94,59.711,0,21.521,0,0
empty_tensor,,,6.355,6.355,0,0,0,0
empty_tensor,,,2.448,2.448,0,0,0,0
empty_tensor,,,1.133,1.133,0,0,0,0
empty_tensor,,,1.0,1.0,0,0,0,0
aclnnFusedInferAttentionScoreV3,,,5.835,5.835,21.521,21.521,0,0
aten::view,,,1.656,1.656,0,0,0,0
aten::slice,,,0.805,1.975,0,0,0,0
aten::as_strided,,,1.17,1.17,0,0,0,0
aten::copy_,,,24.045,27.08,0,0.58,0,0
aclnnInplaceCopy,,,3.035,3.035,0.58,0.58,0,0
aten::slice,,,0.655,1.649,0,0,0,0
aten::as_strided,,,0.994,0.994,0,0,0,0
aten::copy_,,,11.579,14.484,0,0,0,0
aclnnInplaceCopy,,,2.905,2.905,0,0,0,0
P13/1104248/00693/acl_dispatch,,,403.367,670.093,0,0,0,0
P13/1104248/00694/graph_replay,,,266.726,266.726,0,0,0,0
vllm::unified_attention_with_output,,,106.427,1148.773,0,27.46,0,0
P13/1104248/00695/attention,,,299.757,1042.346,0,27.46,0,0
aten::slice,,,1.916,3.943,0,0,0,0
aten::as_strided,,,2.027,2.027,0,0,0,0
aten::slice,,,0.535,0.882,0,0,0,0
aten::as_strided,,,0.347,0.347,0,0,0,0
aten::slice,,,2.795,3.749,0,0,0,0
aten::as_strided,,,0.954,0.954,0,0,0,0
P13/1104248/00696/cache_write,,,148.195,262.653,0,2.1,0,0
P13/1104248/00697/torch_api,,,89.72,114.458,0,2.1,0,0
atb::_npu_reshape_and_cache,,,19.936,24.738,0,2.1,0,0
ReshapeCacheOperation,,,4.802,4.802,2.1,2.1,0,0
P13/1104248/00698/fia,,,246.679,455.479,0,25.36,0,0
aten::view,,,3.912,3.912,0,0,0,0
aten::view,,,1.08,1.08,0,0,0,0
aten::slice,,,0.861,1.815,0,0,0,0
aten::as_strided,,,0.954,0.954,0,0,0,0
P13/1104248/00699/torch_api,,,109.989,171.957,0,24.78,0,0
npu::npu_fused_infer_attention_score,,,41.758,61.968,0,24.78,0,0
empty_tensor,,,6.315,6.315,0,0,0,0
empty_tensor,,,1.249,1.249,0,0,0,0
empty_tensor,,,1.01,1.01,0,0,0,0
empty_tensor,,,0.907,0.907,0,0,0,0
aclnnFusedInferAttentionScoreV3,,,10.729,10.729,24.78,24.78,0,0
aten::view,,,1.683,1.683,0,0,0,0
aten::slice,,,0.908,1.998,0,0,0,0
aten::as_strided,,,1.09,1.09,0,0,0,0
aten::copy_,,,23.698,26.355,0,0.58,0,0
aclnnInplaceCopy,,,2.657,2.657,0.58,0.58,0,0
aten::slice,,,0.616,1.587,0,0,0,0
aten::as_strided,,,0.971,0.971,0,0,0,0
aten::copy_,,,11.479,14.296,0,0,0,0
aclnnInplaceCopy,,,2.817,2.817,0,0,0,0
P13/1104248/00700/acl_dispatch,,,413.71,676.429,0,0,0,0
P13/1104248/00701/graph_replay,,,262.719,262.719,0,0,0,0
vllm::unified_attention_with_output,,,116.48,1138.195,0,20.741,0,0
P13/1104248/00702/attention,,,298.929,1021.715,0,20.741,0,0
aten::slice,,,1.985,4.129,0,0,0,0
aten::as_strided,,,2.144,2.144,0,0,0,0
aten::slice,,,0.457,0.81,0,0,0,0
aten::as_strided,,,0.353,0.353,0,0,0,0
aten::slice,,,2.851,3.815,0,0,0,0
aten::as_strided,,,0.964,0.964,0,0,0,0
P13/1104248/00703/cache_write,,,143.633,251.807,0,2.3,0,0
P13/1104248/00704/torch_api,,,88.465,108.174,0,2.3,0,0
atb::_npu_reshape_and_cache,,,15.434,19.709,0,2.3,0,0
ReshapeCacheOperation,,,4.275,4.275,2.3,2.3,0,0
P13/1104248/00705/fia,,,239.905,446.401,0,18.441000000000003,0,0
aten::view,,,3.676,3.676,0,0,0,0
aten::view,,,2.178,2.178,0,0,0,0
aten::slice,,,0.724,1.593,0,0,0,0
aten::as_strided,,,0.869,0.869,0,0,0,0
P13/1104248/00706/torch_api,,,114.198,168.415,0,17.841,0,0
npu::npu_fused_infer_attention_score,,,41.004,54.217,0,17.841,0,0
empty_tensor,,,6.342,6.342,0,0,0,0
empty_tensor,,,1.253,1.253,0,0,0,0
empty_tensor,,,0.91,0.91,0,0,0,0
empty_tensor,,,0.961,0.961,0,0,0,0
aclnnFusedInferAttentionScoreV3,,,3.747,3.747,17.841,17.841,0,0
aten::view,,,1.64,1.64,0,0,0,0
aten::slice,,,0.899,1.984,0,0,0,0
aten::as_strided,,,1.085,1.085,0,0,0,0
aten::copy_,,,24.075,27.01,0,0.6,0,0
aclnnInplaceCopy,,,2.935,2.935,0.6,0.6,0,0
aten::slice,,,0.679,1.693,0,0,0,0
aten::as_strided,,,1.014,1.014,0,0,0,0
aten::copy_,,,11.516,14.131,0,0,0,0
aclnnInplaceCopy,,,2.615,2.615,0,0,0,0
P13/1104248/00707/acl_dispatch,,,422.153,682.944,0,0,0,0
P13/1104248/00708/graph_replay,,,260.791,260.791,0,0,0,0
vllm::unified_attention_with_output,,,107.778,1143.097,0,21.361,0,0
P13/1104248/00709/attention,,,299.136,1035.319,0,21.361,0,0
aten::slice,,,1.896,4.012,0,0,0,0
aten::as_strided,,,2.116,2.116,0,0,0,0
aten::slice,,,0.431,0.747,0,0,0,0
aten::as_strided,,,0.316,0.316,0,0,0,0
aten::slice,,,2.823,3.688,0,0,0,0
aten::as_strided,,,0.865,0.865,0,0,0,0
P13/1104248/00710/cache_write,,,145.78,253.093,0,1.8,0,0
P13/1104248/00711/torch_api,,,83.038,107.313,0,1.8,0,0
atb::_npu_reshape_and_cache,,,16.396,24.275,0,1.8,0,0
ReshapeCacheOperation,,,7.879,7.879,1.8,1.8,0,0
P13/1104248/00712/fia,,,245.723,459.302,0,19.561,0,0
aten::view,,,3.79,3.79,0,0,0,0
aten::view,,,1.155,1.155,0,0,0,0
aten::slice,,,1.018,1.87,0,0,0,0
aten::as_strided,,,0.852,0.852,0,0,0,0
P13/1104248/00713/torch_api,,,121.269,176.113,0,18.981,0,0
npu::npu_fused_infer_attention_score,,,41.475,54.844,0,18.981,0,0
empty_tensor,,,6.545,6.545,0,0,0,0
empty_tensor,,,1.178,1.178,0,0,0,0
empty_tensor,,,0.938,0.938,0,0,0,0
empty_tensor,,,1.073,1.073,0,0,0,0
aclnnFusedInferAttentionScoreV3,,,3.635,3.635,18.981,18.981,0,0
aten::view,,,1.774,1.774,0,0,0,0
aten::slice,,,0.849,1.888,0,0,0,0
aten::as_strided,,,1.039,1.039,0,0,0,0
aten::copy_,,,24.037,26.989,0,0.58,0,0
aclnnInplaceCopy,,,2.952,2.952,0.58,0.58,0,0
aten::slice,,,0.702,1.609,0,0,0,0
aten::as_strided,,,0.907,0.907,0,0,0,0
aten::copy_,,,11.29,13.732,0,0,0,0
aclnnInplaceCopy,,,2.442,2.442,0,0,0,0
P13/1104248/00714/acl_dispatch,,,427.529,695.445,0,0,0,0
P13/1104248/00715/graph_replay,,,267.916,267.916,0,0,0,0
vllm::unified_attention_with_output,,,108.491,1146.223,0,22.481,0,0
P13/1104248/00716/attention,,,304.074,1037.732,0,22.481,0,0
aten::slice,,,1.982,4.244,0,0,0,0
aten::as_strided,,,2.262,2.262,0,0,0,0
aten::slice,,,0.521,0.892,0,0,0,0
aten::as_strided,,,0.371,0.371,0,0,0,0
aten::slice,,,2.829,3.792,0,0,0,0
aten::as_strided,,,0.963,0.963,0,0,0,0
P13/1104248/00717/cache_write,,,144.026,245.267,0,1.68,0,0
P13/1104248/00718/torch_api,,,81.476,101.241,0,1.68,0,0
atb::_npu_reshape_and_cache,,,15.405,19.765,0,1.68,0,0
ReshapeCacheOperation,,,4.36,4.36,1.68,1.68,0,0
P13/1104248/00719/fia,,,246.737,464.352,0,20.801,0,0
aten::view,,,3.842,3.842,0,0,0,0
aten::view,,,1.143,1.143,0,0,0,0
aten::slice,,,0.784,1.631,0,0,0,0
aten::as_strided,,,0.847,0.847,0,0,0,0
P13/1104248/00720/torch_api,,,122.901,180.673,0,20.221,0,0
npu::npu_fused_infer_attention_score,,,42.597,57.772,0,20.221,0,0
empty_tensor,,,7.607,7.607,0,0,0,0
empty_tensor,,,1.41,1.41,0,0,0,0
empty_tensor,,,0.789,0.789,0,0,0,0
empty_tensor,,,0.769,0.769,0,0,0,0
aclnnFusedInferAttentionScoreV3,,,4.6,4.6,20.221,20.221,0,0
aten::view,,,1.739,1.739,0,0,0,0
aten::slice,,,0.95,1.965,0,0,0,0
aten::as_strided,,,1.015,1.015,0,0,0,0
aten::copy_,,,23.882,26.622,0,0.58,0,0
aclnnInplaceCopy,,,2.74,2.74,0.58,0.58,0,0
aten::slice,,,0.671,1.569,0,0,0,0
aten::as_strided,,,0.898,0.898,0,0,0,0
aten::copy_,,,10.759,13.542,0,0,0,0
aclnnInplaceCopy,,,2.783,2.783,0,0,0,0
P13/1104248/00721/acl_dispatch,,,406.218,678.262,0,0,0,0
P13/1104248/00722/graph_replay,,,272.044,272.044,0,0,0,0
vllm::unified_attention_with_output,,,105.658,1140.713,0,25.261,0,0
P13/1104248/00723/attention,,,293.139,1035.055,0,25.261,0,0
aten::slice,,,2.007,4.125,0,0,0,0
aten::as_strided,,,2.118,2.118,0,0,0,0
aten::slice,,,0.483,2.08,0,0,0,0
aten::as_strided,,,1.597,1.597,0,0,0,0
aten::slice,,,2.78,3.845,0,0,0,0
aten::as_strided,,,1.065,1.065,0,0,0,0
P13/1104248/00724/cache_write,,,152.416,263.018,0,2.32,0,0
P13/1104248/00725/torch_api,,,81.212,110.602,0,2.32,0,0
atb::_npu_reshape_and_cache,,,16.419,29.39,0,2.32,0,0
ReshapeCacheOperation,,,12.971,12.971,2.32,2.32,0,0
P13/1104248/00726/fia,,,249.618,453.532,0,22.941,0,0
aten::view,,,3.751,3.751,0,0,0,0
aten::view,,,0.981,0.981,0,0,0,0
aten::slice,,,1.023,2.008,0,0,0,0
aten::as_strided,,,0.985,0.985,0,0,0,0
P13/1104248/00727/torch_api,,,111.248,166.513,0,22.381,0,0
npu::npu_fused_infer_attention_score,,,42.337,55.265,0,22.381,0,0
empty_tensor,,,6.756,6.756,0,0,0,0
empty_tensor,,,1.165,1.165,0,0,0,0
empty_tensor,,,0.867,0.867,0,0,0,0
empty_tensor,,,0.813,0.813,0,0,0,0
aclnnFusedInferAttentionScoreV3,,,3.327,3.327,22.381,22.381,0,0
aten::view,,,1.687,1.687,0,0,0,0
aten::slice,,,0.934,1.928,0,0,0,0
aten::as_strided,,,0.994,0.994,0,0,0,0
aten::copy_,,,24.271,27.046,0,0.56,0,0
aclnnInplaceCopy,,,2.775,2.775,0.56,0.56,0,0
aten::slice,,,0.762,1.681,0,0,0,0
aten::as_strided,,,0.919,0.919,0,0,0,0
aten::copy_,,,11.112,13.635,0,0,0,0
aclnnInplaceCopy,,,2.523,2.523,0,0,0,0
P13/1104248/00728/acl_dispatch,,,424.068,733.66,0,0,0,0
P13/1104248/00729/graph_replay,,,309.592,309.592,0,0,0,0
vllm::unified_attention_with_output,,,111.08,1142.473,0,23.921,0,0
P13/1104248/00730/attention,,,299.654,1031.393,0,23.921,0,0
aten::slice,,,2.388,4.818,0,0,0,0
aten::as_strided,,,2.43,2.43,0,0,0,0
aten::slice,,,0.592,1.195,0,0,0,0
aten::as_strided,,,0.603,0.603,0,0,0,0
aten::slice,,,2.858,3.862,0,0,0,0
aten::as_strided,,,1.004,1.004,0,0,0,0
P13/1104248/00731/cache_write,,,150.578,255.79,0,2.84,0,0
P13/1104248/00732/torch_api,,,85.024,105.212,0,2.84,0,0
atb::_npu_reshape_and_cache,,,15.667,20.188,0,2.84,0,0
ReshapeCacheOperation,,,4.521,4.521,2.84,2.84,0,0
P13/1104248/00733/fia,,,247.086,450.009,0,21.081,0,0
aten::view,,,3.666,3.666,0,0,0,0
aten::view,,,0.885,0.885,0,0,0,0
aten::slice,,,0.8,1.741,0,0,0,0
aten::as_strided,,,0.941,0.941,0,0,0,0
P13/1104248/00734/torch_api,,,109.366,165.898,0,20.501,0,0
npu::npu_fused_infer_attention_score,,,43.357,56.532,0,20.501,0,0
empty_tensor,,,6.589,6.589,0,0,0,0
empty_tensor,,,1.24,1.24,0,0,0,0
empty_tensor,,,1.05,1.05,0,0,0,0
empty_tensor,,,0.852,0.852,0,0,0,0
aclnnFusedInferAttentionScoreV3,,,3.444,3.444,20.501,20.501,0,0
aten::view,,,1.568,1.568,0,0,0,0
aten::slice,,,0.945,2.003,0,0,0,0
aten::as_strided,,,1.058,1.058,0,0,0,0
aten::copy_,,,24.464,27.162,0,0.58,0,0
aclnnInplaceCopy,,,2.698,2.698,0.58,0.58,0,0
aten::slice,,,0.844,1.793,0,0,0,0
aten::as_strided,,,0.949,0.949,0,0,0,0
aten::copy_,,,11.546,14.272,0,0,0,0
aclnnInplaceCopy,,,2.726,2.726,0,0,0,0
P13/1104248/00735/acl_dispatch,,,412.624,688.696,0,0,0,0
P13/1104248/00736/graph_replay,,,276.072,276.072,0,0,0,0
vllm::unified_attention_with_output,,,108.253,1162.118,0,19.621000000000002,0,0
P13/1104248/00737/attention,,,300.72,1053.865,0,19.621000000000002,0,0
aten::slice,,,2.03,4.191,0,0,0,0
aten::as_strided,,,2.161,2.161,0,0,0,0
aten::slice,,,0.584,1.156,0,0,0,0
aten::as_strided,,,0.572,0.572,0,0,0,0
aten::slice,,,2.971,3.88,0,0,0,0
aten::as_strided,,,0.909,0.909,0,0,0,0
P13/1104248/00738/cache_write,,,163.733,274.436,0,1.68,0,0
P13/1104248/00739/torch_api,,,83.478,110.703,0,1.68,0,0
atb::_npu_reshape_and_cache,,,16.15,27.225,0,1.68,0,0
ReshapeCacheOperation,,,11.075,11.075,1.68,1.68,0,0
P13/1104248/00740/fia,,,249.753,454.808,0,17.941,0,0
aten::view,,,3.754,3.754,0,0,0,0
aten::view,,,0.762,0.762,0,0,0,0
aten::slice,,,0.831,1.698,0,0,0,0
aten::as_strided,,,0.867,0.867,0,0,0,0
P13/1104248/00741/torch_api,,,111.918,168.729,0,17.361,0,0
npu::npu_fused_infer_attention_score,,,41.713,56.811,0,17.361,0,0
empty_tensor,,,6.526,6.526,0,0,0,0
empty_tensor,,,1.072,1.072,0,0,0,0
empty_tensor,,,0.794,0.794,0,0,0,0
empty_tensor,,,3.38,3.38,0,0,0,0
aclnnFusedInferAttentionScoreV3,,,3.326,3.326,17.361,17.361,0,0
aten::view,,,1.518,1.518,0,0,0,0
aten::slice,,,0.865,1.935,0,0,0,0
aten::as_strided,,,1.07,1.07,0,0,0,0
aten::copy_,,,23.772,26.659,0,0.58,0,0
aclnnInplaceCopy,,,2.887,2.887,0.58,0.58,0,0
aten::slice,,,0.645,1.454,0,0,0,0
aten::as_strided,,,0.809,0.809,0,0,0,0
aten::copy_,,,10.747,13.22,0,0,0,0
aclnnInplaceCopy,,,2.473,2.473,0,0,0,0
P13/1104248/00742/acl_dispatch,,,383.756,664.099,0,0,0,0
P13/1104248/00743/graph_replay,,,280.343,280.343,0,0,0,0
aten::index,,,11.86,23.393,0,9.36,0,0
empty_tensor,,,3.297,3.297,0,0,0,0
empty_tensor,,,4.197,4.197,0,0,0,0
aclnnIndex,,,4.039,4.039,9.36,9.36,0,0
aten::linear,,,2.175,19.947,0,224.189,0,224.189
aten::t,,,2.671,6.151,0,0,0,0
aten::transpose,,,1.564,3.48,0,0,0,0
aten::as_strided,,,1.916,1.916,0,0,0,0
aten::matmul,,,7.058,11.621,0,224.189,0,224.189
empty_tensor,,,1.972,1.972,0,0,0,0
aclnnMatmul,,,2.591,2.591,224.189,224.189,224.189,224.189
aten::alias,,,1.223,1.223,0,0,0,0
P13/1104248/00744/sample,,,1050.252,5456.47,0,501.42,0,0
aten::log_softmax,,,2.826,40.411,0,56.982,0,0
aten::to,,,1.484,19.598,0,9.0,0,0
aten::_to_copy,,,2.784,18.114,0,9.0,0,0
aten::empty,,,1.114,4.636,0,0,0,0
empty_tensor,,,3.522,3.522,0,0,0,0
aten::copy_,,,6.811,10.694,0,9.0,0,0
aclnnInplaceCopy,,,3.883,3.883,9.0,9.0,0,0
aten::_log_softmax,,,6.239,17.987,0,47.982,0,0
empty_tensor,,,1.55,1.55,0,0,0,0
aclnnLogSoftmax,,,10.198,10.198,47.982,47.982,0,0
aten::to,,,0.479,7.727,0,2.7,0,0
aten::_to_copy,,,1.027,7.248,0,2.7,0,0
aten::empty,,,1.464,2.653,0,0,0,0
empty_tensor,,,1.189,1.189,0,0,0,0
aten::copy_,,,2.094,3.568,0,2.7,0,0
aclnnInplaceCopy,,,1.474,1.474,2.7,2.7,0,0
aten::lift_fresh,,,0.305,0.305,0,0,0,0
aten::to,,,0.566,0.566,0,0,0,0
aten::pin_memory,,,1.239,114.756,0,0,0,0
aten::is_pinned,,,11.055,11.055,0,0,0,0
aten::_pin_memory,,,95.305,102.462,0,0,0,0
aten::set_,,,1.6,1.6,0,0,0,0
aten::copy_,,,5.557,5.557,0,0,0,0
aten::to,,,0.488,16.234,0,2.68,0,0
aten::_to_copy,,,1.61,15.746,0,2.68,0,0
aten::empty_strided,,,4.083,5.141,0,0,0,0
empty_tensor,,,1.058,1.058,0,0,0,0
aten::copy_,,,6.572,8.995,0,2.68,0,0
acl_memcpy_host_to_device,,,2.423,2.423,2.68,2.68,0,0
record_event,,,2.267,2.267,0.0,0.0,0,0
aten::eq,,,4.317,7.055,0,1.96,0,0
empty_tensor,,,1.408,1.408,0,0,0,0
aclnnEqScalar,,,1.33,1.33,1.96,1.96,0,0
aten::masked_fill_,,,30.536,31.294,0,75.643,0,0
aclnnInplaceMaskedFillScalar,,,0.758,0.758,75.643,75.643,0,0
aten::zeros,,,1.735,6.638,0,9.12,0,0
empty_tensor,,,1.496,1.496,0,0,0,0
aten::zero_,,,2.722,3.407,0,9.12,0,0
aclnnInplaceZero,,,0.685,0.685,9.12,9.12,0,0
P13/1104248/00745/jit_run,,,611.773,761.529,0,67.183,0,0
P13/1104248/00746/launch,,,141.762,149.756,0,67.183,0,0
token_bin_counts_and_mask_kernel,,,7.994,7.994,67.183,67.183,0,0
aten::gt,,,9.994,18.32,0,23.820999999999998,0,0
empty_tensor,,,5.35,5.35,0,0,0,0
aclnnGtScalar,,,2.976,2.976,23.820999999999998,23.820999999999998,0,0
aten::zeros,,,1.806,8.456,0,2.28,0,0
empty_tensor,,,1.538,1.538,0,0,0,0
aten::zero_,,,2.787,5.112,0,2.28,0,0
aclnnInplaceZero,,,2.325,2.325,2.28,2.28,0,0
P13/1104248/00747/jit_run,,,564.106,693.837,0,64.943,0,0
P13/1104248/00748/launch,,,125.794,129.731,0,64.943,0,0
token_bin_counts_and_mask_kernel,,,3.937,3.937,64.943,64.943,0,0
aten::gt,,,7.439,14.709,0,13.161,0,0
empty_tensor,,,4.607,4.607,0,0,0,0
aclnnGtScalar,,,2.663,2.663,13.161,13.161,0,0
P13/1104248/00749/jit_run,,,702.046,860.913,0,75.983,0,0
P13/1104248/00750/launch,,,154.363,158.867,0,75.983,0,0
apply_all_penalties_kernel,,,4.504,4.504,75.983,75.983,0,0
aten::argmax,,,3.296,23.465,0,19.641,0,0
aten::empty,,,1.046,5.162,0,0,0,0
empty_tensor,,,4.116,4.116,0,0,0,0
aten::argmax,,,9.177,15.007,0,19.641,0,0
aten::reshape,,,0.668,2.748,0,0,0,0
aten::view,,,2.08,2.08,0,0,0,0
aclnnArgMax,,,3.082,3.082,19.641,19.641,0,0
aten::view,,,0.76,0.76,0,0,0,0
aten::to,,,0.458,0.458,0,0,0,0
aten::topk,,,5.282,10.432,0,31.841,0,0
empty_tensor,,,1.667,1.667,0,0,0,0
empty_tensor,,,1.013,1.013,0,0,0,0
aclnnTopk,,,2.47,2.47,31.841,31.841,0,0
aten::unsqueeze,,,1.075,3.041,0,0,0,0
aten::as_strided,,,1.966,1.966,0,0,0,0
aten::gather,,,5.954,16.323,0,5.08,0,0
empty_tensor,,,1.183,1.183,0,0,0,0
aclnnGather,,,9.186,9.186,5.08,5.08,0,0
TorchDynamo Cache Lookup,,,27.526,27.526,0,0,0,0
Torch-Compiled Region: 1/0,,,161.068,177.966,0,40.181,0,0
aten::_assert_scalar,,,0.935,0.935,0,0,0,0
aten::_assert_scalar,,,0.15,0.15,0,0,0,0
aten::_assert_scalar,,,0.115,0.115,0,0,0,0
aten::ge,,,4.153,9.06,0,8.84,0,0
empty_tensor,,,2.007,2.007,0,0,0,0
aclnnGeTensor,,,2.9,2.9,8.84,8.84,0,0
aten::sum,,,4.563,6.638,0,31.341,0,0
empty_tensor,,,1.476,1.476,0,0,0,0
aclnnReduceSum,,,0.599,0.599,31.341,31.341,0,0
aten::cat,,,5.705,8.883,0,2.201,0,0
empty_tensor,,,1.14,1.14,0,0,0,0
aclnnCat,,,2.038,2.038,2.201,2.201,0,0
aten::cat,,,1.767,3.455,0,1.78,0,0
empty_tensor,,,1.005,1.005,0,0,0,0
aclnnCat,,,0.683,0.683,1.78,1.78,0,0
aten::to,,,0.726,10.253,0,1.06,0,0
aten::_to_copy,,,2.071,9.527,0,1.06,0,0
aten::empty,,,0.559,1.564,0,0,0,0
empty_tensor,,,1.005,1.005,0,0,0,0
aten::copy_,,,3.688,5.892,0,1.06,0,0
aclnnInplaceCopy,,,2.204,2.204,1.06,1.06,0,0
aten::to,,,0.273,7.531,0,1.02,0,0
aten::_to_copy,,,0.656,7.258,0,1.02,0,0
aten::empty,,,0.326,2.035,0,0,0,0
empty_tensor,,,1.709,1.709,0,0,0,0
aten::copy_,,,2.189,4.567,0,1.02,0,0
aclnnInplaceCopy,,,2.378,2.378,1.02,1.02,0,0
aten::unsqueeze,,,0.745,1.857,0,0,0,0
aten::as_strided,,,1.112,1.112,0,0,0,0
P13/1104248/00751/to_list,,,170.811,1254.965,0,2.16,0,0
aten::slice,,,4.686,6.088,0,0,0,0
aten::as_strided,,,1.402,1.402,0,0,0,0
aten::copy_,,,11.16,14.203,0,2.14,0,0
acl_memcpy_device_to_host,,,3.043,3.043,2.14,2.14,0,0
Event::record,,,194.729,628.714,0,0.02,0,0
P13/1104248/00752/event_record,,,423.986,433.985,0,0.02,0,0
record_event,,,9.999,9.999,0.02,0.02,0,0
Event::synchronize,,,209.557,434.591,0,0,0,0
P13/1104248/00753/synchronize,,,225.034,225.034,0,0,0,0
aten::resolve_conj,,,0.447,0.447,0,0,0,0
aten::resolve_neg,,,0.111,0.111,0,0,0,0
aten::to,,,1.56,113.01,0,0,0,0
aten::_to_copy,,,2.302,111.45,0,0,0,0
aten::empty,,,2.714,2.714,0,0,0,0
aten::copy_,,,106.434,106.434,0,0,0,0
aten::detach,,,1.062,1.062,0,0,0,0
aten::to,,,0.269,0.269,0,0,0,0
aten::resolve_conj,,,0.225,0.225,0,0,0,0
aten::resolve_neg,,,0.11,0.11,0,0,0,0
aten::to,,,0.452,81.844,0,0,0,0
aten::_to_copy,,,0.964,81.392,0,0,0,0
aten::empty,,,0.9,0.9,0,0,0,0
aten::copy_,,,79.528,79.528,0,0,0,0
aten::detach,,,0.263,0.263,0,0,0,0
aten::to,,,0.128,0.128,0,0,0,0
aten::resolve_conj,,,0.096,0.096,0,0,0,0
aten::resolve_neg,,,0.071,0.071,0,0,0,0
aten::to,,,0.367,72.566,0,0,0,0
aten::_to_copy,,,0.761,72.199,0,0,0,0
aten::empty,,,1.4,1.4,0,0,0,0
aten::copy_,,,70.038,70.038,0,0,0,0
aten::detach,,,0.167,0.167,0,0,0,0
aten::to,,,0.185,0.185,0,0,0,0
aten::resolve_conj,,,0.172,0.172,0,0,0,0
aten::resolve_neg,,,0.069,0.069,0,0,0,0
aten::slice,,,1.896,4.049,0,0,0,0
aten::as_strided,,,2.153,2.153,0,0,0,0
P13/1104248/00754/runner,,,1580.898,56019.397,0,953.622,0,224.249
P13/1104248/00755/prepare,,,1083.499,2772.267,0,160.589,0,0
P13/1104248/00756/buffer_copy,,,101.422,131.512,0,2.74,0,0
aten::slice,,,5.415,9.212,0,0,0,0
aten::as_strided,,,3.797,3.797,0,0,0,0
aten::slice,,,0.679,1.866,0,0,0,0
aten::as_strided,,,1.187,1.187,0,0,0,0
aten::copy_,,,14.057,19.012,0,2.74,0,0
acl_memcpy_host_to_device,,,4.955,4.955,2.74,2.74,0,0
aten::lift_fresh,,,0.417,0.417,0,0,0,0
aten::lift_fresh,,,0.09,0.09,0,0,0,0
aten::flatten,,,1.287,3.646,0,0,0,0
aten::view,,,2.359,2.359,0,0,0,0
aten::slice,,,1.319,1.769,0,0,0,0
aten::as_strided,,,0.45,0.45,0,0,0,0
aten::index_select,,,2.627,2.627,0,0,0,0
P13/1104248/00757/buffer_copy,,,93.513,105.56,0,2.741,0,0
aten::copy_,,,8.407,12.047,0,2.741,0,0
acl_memcpy_host_to_device,,,3.64,3.64,2.741,2.741,0,0
aten::slice,,,1.452,1.905,0,0,0,0
aten::as_strided,,,0.453,0.453,0,0,0,0
aten::lift_fresh,,,0.212,0.212,0,0,0,0
aten::slice,,,0.655,0.831,0,0,0,0
aten::as_strided,,,0.176,0.176,0,0,0,0
aten::add,,,5.661,5.661,0,0,0,0
aten::slice,,,0.5,0.738,0,0,0,0
aten::as_strided,,,0.238,0.238,0,0,0,0
aten::fill_,,,2.143,2.143,0,0,0,0
aten::slice,,,0.712,2.219,0,0,0,0
aten::as_strided,,,1.507,1.507,0,0,0,0
aten::fill_,,,8.404,11.328,0,1.141,0,0
aclnnInplaceFillScalar,,,2.924,2.924,1.141,1.141,0,0
P13/1104248/00758/buffer_copy,,,79.538,92.053,0,2.66,0,0
aten::slice,,,1.757,2.879,0,0,0,0
aten::as_strided,,,1.122,1.122,0,0,0,0
aten::slice,,,0.669,0.961,0,0,0,0
aten::as_strided,,,0.292,0.292,0,0,0,0
aten::copy_,,,5.783,8.675,0,2.66,0,0
acl_memcpy_host_to_device,,,2.892,2.892,2.66,2.66,0,0
aten::slice,,,0.975,1.294,0,0,0,0
aten::as_strided,,,0.319,0.319,0,0,0,0
aten::detach,,,1.36,1.36,0,0,0,0
aten::to,,,0.806,0.806,0,0,0,0
aten::resolve_conj,,,0.34,0.34,0,0,0,0
aten::resolve_neg,,,0.16,0.16,0,0,0,0
P13/1104248/00759/buffer_copy,,,73.872,77.712,0,0,0,0
aten::slice,,,1.192,2.364,0,0,0,0
aten::as_strided,,,1.172,1.172,0,0,0,0
aten::slice,,,0.574,0.871,0,0,0,0
aten::as_strided,,,0.297,0.297,0,0,0,0
aten::copy_,,,0.605,0.605,0,0,0,0
P13/1104248/00760/buffer_copy,,,66.656,78.312,0,2.8,0,0
aten::slice,,,1.262,2.222,0,0,0,0
aten::as_strided,,,0.96,0.96,0,0,0,0
aten::slice,,,0.656,0.938,0,0,0,0
aten::as_strided,,,0.282,0.282,0,0,0,0
aten::copy_,,,5.72,8.496,0,2.8,0,0
acl_memcpy_host_to_device,,,2.776,2.776,2.8,2.8,0,0
aten::fill_,,,5.048,7.774,0,1.1,0,0
aclnnInplaceFillScalar,,,2.726,2.726,1.1,1.1,0,0
aten::slice,,,0.972,1.777,0,0,0,0
aten::as_strided,,,0.805,0.805,0,0,0,0
aten::slice,,,0.691,1.071,0,0,0,0
aten::as_strided,,,0.38,0.38,0,0,0,0
aten::copy_,,,5.297,15.062,0,2.64,0,0
acl_memcpy_host_to_device,,,9.765,9.765,2.64,2.64,0,0
P13/1104248/00761/buffer_copy,,,70.709,82.331,0,2.661,0,0
aten::slice,,,0.991,1.887,0,0,0,0
aten::as_strided,,,0.896,0.896,0,0,0,0
aten::slice,,,0.566,0.843,0,0,0,0
aten::as_strided,,,0.277,0.277,0,0,0,0
aten::copy_,,,4.623,8.892,0,2.661,0,0
acl_memcpy_host_to_device,,,4.269,4.269,2.661,2.661,0,0
aten::slice,,,0.964,1.76,0,0,0,0
aten::as_strided,,,0.796,0.796,0,0,0,0
P13/1104248/00762/buffer_copy,,,65.328,74.943,0,2.68,0,0
aten::slice,,,1.062,1.76,0,0,0,0
aten::as_strided,,,0.698,0.698,0,0,0,0
aten::slice,,,0.51,0.79,0,0,0,0
aten::as_strided,,,0.28,0.28,0,0,0,0
aten::copy_,,,4.525,7.065,0,2.68,0,0
acl_memcpy_host_to_device,,,2.54,2.54,2.68,2.68,0,0
P13/1104248/00763/buffer_copy,,,65.835,76.091,0,2.701,0,0
aten::slice,,,1.104,2.016,0,0,0,0
aten::as_strided,,,0.912,0.912,0,0,0,0
aten::slice,,,0.922,1.2,0,0,0,0
aten::as_strided,,,0.278,0.278,0,0,0,0
aten::copy_,,,4.463,7.04,0,2.701,0,0
acl_memcpy_host_to_device,,,2.577,2.577,2.701,2.701,0,0
aten::slice,,,0.9,1.648,0,0,0,0
aten::as_strided,,,0.748,0.748,0,0,0,0
aten::index,,,8.793,19.068,0,8.88,0,0
empty_tensor,,,3.074,3.074,0,0,0,0
empty_tensor,,,3.782,3.782,0,0,0,0
aclnnIndex,,,3.419,3.419,8.88,8.88,0,0
aten::to,,,0.773,10.846,0,0.84,0,0
aten::_to_copy,,,2.052,10.073,0,0.84,0,0
aten::empty,,,0.979,2.884,0,0,0,0
empty_tensor,,,1.905,1.905,0,0,0,0
aten::copy_,,,3.595,5.137,0,0.84,0,0
aclnnInplaceCopy,,,1.542,1.542,0.84,0.84,0,0
aten::slice,,,1.013,1.671,0,0,0,0
aten::as_strided,,,0.658,0.658,0,0,0,0
aten::add,,,4.924,7.553,0,2.68,0,0
empty_tensor,,,1.115,1.115,0,0,0,0
aclnnAdd,,,1.514,1.514,2.68,2.68,0,0
aten::slice,,,0.661,1.15,0,0,0,0
aten::as_strided,,,0.489,0.489,0,0,0,0
aten::copy_,,,24.416,27.225,0,0.54,0,0
aclnnInplaceCopy,,,2.809,2.809,0.54,0.54,0,0
aten::slice,,,0.691,1.157,0,0,0,0
aten::as_strided,,,0.466,0.466,0,0,0,0
aten::add,,,2.994,12.056,0,1.66,0,0
empty_tensor,,,1.212,1.212,0,0,0,0
aclnnAdd,,,7.85,7.85,1.66,1.66,0,0
aten::copy_,,,7.352,8.929,0,0.58,0,0
aclnnInplaceCopy,,,1.577,1.577,0.58,0.58,0,0
aten::slice,,,0.554,1.008,0,0,0,0
aten::as_strided,,,0.454,0.454,0,0,0,0
aten::fill_,,,2.47,4.448,0,0,0,0
aclnnInplaceFillScalar,,,1.978,1.978,0,0,0,0
aten::slice,,,0.682,1.384,0,0,0,0
aten::as_strided,,,0.702,0.702,0,0,0,0
aten::slice,,,0.742,1.327,0,0,0,0
aten::as_strided,,,0.585,0.585,0,0,0,0
P13/1104248/00764/jit_run,,,617.033,782.107,0,120.325,0,0
P13/1104248/00765/launch,,,160.669,165.074,0,120.325,0,0
_compute_slot_mapping_kernel,,,4.405,4.405,120.325,120.325,0,0
aten::slice,,,3.112,5.101,0,0,0,0
aten::as_strided,,,1.989,1.989,0,0,0,0
aten::sub,,,9.318,18.586,0,1.22,0,0
empty_tensor,,,4.62,4.62,0,0,0,0
aten::item,,,0.928,1.571,0,0,0,0
aten::_local_scalar_dense,,,0.643,0.643,0,0,0,0
aclnnSubs,,,3.077,3.077,1.22,1.22,0,0
aten::detach,,,1.551,1.551,0,0,0,0
aten::to,,,0.814,0.814,0,0,0,0
aten::resolve_conj,,,0.363,0.363,0,0,0,0
aten::resolve_neg,,,0.187,0.187,0,0,0,0
aten::slice,,,2.085,3.463,0,0,0,0
aten::as_strided,,,1.378,1.378,0,0,0,0
aten::slice,,,0.658,1.453,0,0,0,0
aten::as_strided,,,0.795,0.795,0,0,0,0
aten::slice,,,0.868,1.607,0,0,0,0
aten::as_strided,,,0.739,0.739,0,0,0,0
aten::slice,,,0.944,1.45,0,0,0,0
aten::as_strided,,,0.506,0.506,0,0,0,0
aten::fill_,,,5.021,8.156,0,0,0,0
aclnnInplaceFillScalar,,,3.135,3.135,0,0,0,0
aten::slice,,,0.545,1.053,0,0,0,0
aten::as_strided,,,0.508,0.508,0,0,0,0
aten::fill_,,,1.856,3.499,0,0,0,0
aclnnInplaceFillScalar,,,1.643,1.643,0,0,0,0
aten::slice,,,0.673,1.072,0,0,0,0
aten::as_strided,,,0.399,0.399,0,0,0,0
aten::slice,,,0.481,0.685,0,0,0,0
aten::as_strided,,,0.204,0.204,0,0,0,0
aten::lt,,,5.724,5.724,0,0,0,0
aten::lift_fresh,,,0.293,0.293,0,0,0,0
aten::slice,,,2.838,3.341,0,0,0,0
aten::as_strided,,,0.503,0.503,0,0,0,0
aten::fill_,,,1.113,3.832,0,0,0,0
aten::copy_,,,2.719,2.719,0,0,0,0
aten::slice,,,0.897,1.178,0,0,0,0
aten::as_strided,,,0.281,0.281,0,0,0,0
aten::slice,,,0.456,0.934,0,0,0,0
aten::as_strided,,,0.478,0.478,0,0,0,0
aten::slice,,,0.755,1.135,0,0,0,0
aten::as_strided,,,0.38,0.38,0,0,0,0
aten::slice,,,0.49,0.901,0,0,0,0
aten::as_strided,,,0.411,0.411,0,0,0,0
aten::slice,,,0.422,0.587,0,0,0,0
aten::as_strided,,,0.165,0.165,0,0,0,0
aten::slice,,,0.571,0.756,0,0,0,0
aten::as_strided,,,0.185,0.185,0,0,0,0
aten::slice,,,0.808,1.215,0,0,0,0
aten::as_strided,,,0.407,0.407,0,0,0,0
aten::slice,,,0.699,0.88,0,0,0,0
aten::as_strided,,,0.181,0.181,0,0,0,0
aten::slice,,,0.772,1.33,0,0,0,0
aten::as_strided,,,0.558,0.558,0,0,0,0
aten::pin_memory,,,1.126,11.275,0,0,0,0
aten::is_pinned,,,10.149,10.149,0,0,0,0
aten::to,,,1.0,21.475,0,2.66,0,0
aten::_to_copy,,,2.129,20.475,0,2.66,0,0
aten::empty_strided,,,4.402,6.59,0,0,0,0
empty_tensor,,,2.188,2.188,0,0,0,0
aten::copy_,,,5.482,11.756,0,2.66,0,0
acl_memcpy_host_to_device,,,6.274,6.274,2.66,2.66,0,0
aten::resolve_conj,,,0.177,0.177,0,0,0,0
aten::resolve_neg,,,0.196,0.196,0,0,0,0
aten::slice,,,0.865,1.224,0,0,0,0
aten::as_strided,,,0.359,0.359,0,0,0,0
aten::resolve_conj,,,0.288,0.288,0,0,0,0
aten::resolve_neg,,,0.213,0.213,0,0,0,0
aten::slice,,,0.58,1.102,0,0,0,0
aten::as_strided,,,0.522,0.522,0,0,0,0
aten::slice,,,0.572,0.957,0,0,0,0
aten::as_strided,,,0.385,0.385,0,0,0,0
aten::index_select,,,8.065,13.307,0,2.66,0,0
empty_tensor,,,2.622,2.622,0,0,0,0
aclnnIndexSelect,,,2.62,2.62,2.66,2.66,0,0
aten::view,,,1.605,1.605,0,0,0,0
aten::repeat,,,3.552,8.257,0,1.821,0,0
empty_tensor,,,1.537,1.537,0,0,0,0
aclnnRepeat,,,3.168,3.168,1.821,1.821,0,0
aten::chunk,,,1.592,7.179,0,0,0,0
aten::split,,,1.239,5.587,0,0,0,0
aten::narrow,,,1.554,2.986,0,0,0,0
aten::slice,,,0.535,1.432,0,0,0,0
aten::as_strided,,,0.897,0.897,0,0,0,0
aten::narrow,,,0.486,1.362,0,0,0,0
aten::slice,,,0.419,0.876,0,0,0,0
aten::as_strided,,,0.457,0.457,0,0,0,0
aten::slice,,,0.668,1.497,0,0,0,0
aten::as_strided,,,0.829,0.829,0,0,0,0
aten::view,,,0.68,0.68,0,0,0,0
aten::expand,,,1.084,1.568,0,0,0,0
aten::as_strided,,,0.484,0.484,0,0,0,0
aten::copy_,,,25.367,28.279,0,0.5,0,0
aclnnInplaceCopy,,,2.912,2.912,0.5,0.5,0,0
aten::index_select,,,3.789,7.342,0,2.34,0,0
empty_tensor,,,1.55,1.55,0,0,0,0
aclnnIndexSelect,,,2.003,2.003,2.34,2.34,0,0
aten::view,,,0.723,0.723,0,0,0,0
aten::repeat,,,1.992,4.636,0,1.88,0,0
empty_tensor,,,1.046,1.046,0,0,0,0
aclnnRepeat,,,1.598,1.598,1.88,1.88,0,0
aten::chunk,,,0.495,3.58,0,0,0,0
aten::split,,,0.628,3.085,0,0,0,0
aten::narrow,,,0.544,1.477,0,0,0,0
aten::slice,,,0.343,0.933,0,0,0,0
aten::as_strided,,,0.59,0.59,0,0,0,0
aten::narrow,,,0.348,0.98,0,0,0,0
aten::slice,,,0.247,0.632,0,0,0,0
aten::as_strided,,,0.385,0.385,0,0,0,0
aten::slice,,,0.654,1.058,0,0,0,0
aten::as_strided,,,0.404,0.404,0,0,0,0
aten::view,,,0.512,0.512,0,0,0,0
aten::expand,,,0.445,0.805,0,0,0,0
aten::as_strided,,,0.36,0.36,0,0,0,0
aten::copy_,,,7.713,10.206,0,0.5,0,0
aclnnInplaceCopy,,,2.493,2.493,0.5,0.5,0,0
aten::slice,,,0.538,0.882,0,0,0,0
aten::as_strided,,,0.344,0.344,0,0,0,0
aten::slice,,,0.544,0.818,0,0,0,0
aten::as_strided,,,0.274,0.274,0,0,0,0
P13/1104248/00766/forward,,,7344.201,51444.434,0,547.762,0,0
P13/1104248/00767/acl_dispatch,,,411.834,676.148,0,0,0,0
P13/1104248/00768/graph_replay,,,264.314,264.314,0,0,0,0
vllm::unified_attention_with_output,,,154.177,1204.183,0,23.701,0,0
P13/1104248/00769/attention,,,298.74,1050.006,0,23.701,0,0
aten::slice,,,2.23,4.749,0,0,0,0
aten::as_strided,,,2.519,2.519,0,0,0,0
aten::slice,,,0.44,0.735,0,0,0,0
aten::as_strided,,,0.295,0.295,0,0,0,0
aten::slice,,,2.696,3.738,0,0,0,0
aten::as_strided,,,1.042,1.042,0,0,0,0
P13/1104248/00770/cache_write,,,152.748,259.071,0,2.36,0,0
P13/1104248/00771/torch_api,,,80.367,106.323,0,2.36,0,0
atb::_npu_reshape_and_cache,,,20.199,25.956,0,2.36,0,0
ReshapeCacheOperation,,,5.757,5.757,2.36,2.36,0,0
P13/1104248/00772/fia,,,251.094,468.102,0,21.341,0,0
aten::view,,,3.68,3.68,0,0,0,0
aten::view,,,1.183,1.183,0,0,0,0
aten::slice,,,0.869,1.789,0,0,0,0
aten::as_strided,,,0.92,0.92,0,0,0,0
P13/1104248/00773/torch_api,,,112.895,178.775,0,20.741,0,0
npu::npu_fused_infer_attention_score,,,45.309,65.88,0,20.741,0,0
empty_tensor,,,6.56,6.56,0,0,0,0
empty_tensor,,,1.19,1.19,0,0,0,0
empty_tensor,,,1.012,1.012,0,0,0,0
empty_tensor,,,1.052,1.052,0,0,0,0
aclnnFusedInferAttentionScoreV3,,,10.757,10.757,20.741,20.741,0,0
aten::view,,,1.886,1.886,0,0,0,0
aten::slice,,,0.9,2.013,0,0,0,0
aten::as_strided,,,1.113,1.113,0,0,0,0
aten::copy_,,,24.986,27.682,0,0.6,0,0
aclnnInplaceCopy,,,2.696,2.696,0.6,0.6,0,0
aten::slice,,,0.621,1.534,0,0,0,0
aten::as_strided,,,0.913,0.913,0,0,0,0
aten::copy_,,,10.829,13.337,0,0,0,0
aclnnInplaceCopy,,,2.508,2.508,0,0,0,0
P13/1104248/00774/acl_dispatch,,,407.464,678.286,0,0,0,0
P13/1104248/00775/graph_replay,,,270.822,270.822,0,0,0,0
vllm::unified_attention_with_output,,,106.442,1127.932,0,20.661,0,0
P13/1104248/00776/attention,,,296.286,1021.49,0,20.661,0,0
aten::slice,,,1.913,4.155,0,0,0,0
aten::as_strided,,,2.242,2.242,0,0,0,0
aten::slice,,,0.531,0.887,0,0,0,0
aten::as_strided,,,0.356,0.356,0,0,0,0
aten::slice,,,2.985,3.935,0,0,0,0
aten::as_strided,,,0.95,0.95,0,0,0,0
P13/1104248/00777/cache_write,,,150.412,255.575,0,2.2,0,0
P13/1104248/00778/torch_api,,,85.454,105.163,0,2.2,0,0
atb::_npu_reshape_and_cache,,,15.694,19.709,0,2.2,0,0
ReshapeCacheOperation,,,4.015,4.015,2.2,2.2,0,0
P13/1104248/00779/fia,,,245.633,446.27,0,18.461,0,0
aten::view,,,3.771,3.771,0,0,0,0
aten::view,,,0.97,0.97,0,0,0,0
aten::slice,,,0.73,1.645,0,0,0,0
aten::as_strided,,,0.915,0.915,0,0,0,0
P13/1104248/00780/torch_api,,,107.741,163.878,0,17.921,0,0
npu::npu_fused_infer_attention_score,,,42.284,56.137,0,17.921,0,0
empty_tensor,,,6.55,6.55,0,0,0,0
empty_tensor,,,1.324,1.324,0,0,0,0
empty_tensor,,,0.757,0.757,0,0,0,0
empty_tensor,,,1.744,1.744,0,0,0,0
aclnnFusedInferAttentionScoreV3,,,3.478,3.478,17.921,17.921,0,0
aten::view,,,1.713,1.713,0,0,0,0
aten::slice,,,0.857,1.902,0,0,0,0
aten::as_strided,,,1.045,1.045,0,0,0,0
aten::copy_,,,24.005,26.758,0,0.54,0,0
aclnnInplaceCopy,,,2.753,2.753,0.54,0.54,0,0
aten::slice,,,0.595,1.358,0,0,0,0
aten::as_strided,,,0.763,0.763,0,0,0,0
aten::copy_,,,10.416,13.024,0,0,0,0
aclnnInplaceCopy,,,2.608,2.608,0,0,0,0
P13/1104248/00781/acl_dispatch,,,404.016,662.216,0,0,0,0
P13/1104248/00782/graph_replay,,,258.2,258.2,0,0,0,0
vllm::unified_attention_with_output,,,107.544,1169.158,0,22.121000000000002,0,0
P13/1104248/00783/attention,,,332.727,1061.614,0,22.121000000000002,0,0
aten::slice,,,1.889,4.135,0,0,0,0
aten::as_strided,,,2.246,2.246,0,0,0,0
aten::slice,,,0.42,0.745,0,0,0,0
aten::as_strided,,,0.325,0.325,0,0,0,0
aten::slice,,,2.941,3.901,0,0,0,0
aten::as_strided,,,0.96,0.96,0,0,0,0
P13/1104248/00784/cache_write,,,148.021,258.352,0,1.52,0,0
P13/1104248/00785/torch_api,,,85.291,110.331,0,1.52,0,0
atb::_npu_reshape_and_cache,,,15.736,25.04,0,1.52,0,0
ReshapeCacheOperation,,,9.304,9.304,1.52,1.52,0,0
P13/1104248/00786/fia,,,239.998,444.636,0,20.601000000000003,0,0
aten::view,,,3.942,3.942,0,0,0,0
aten::view,,,1.37,1.37,0,0,0,0
aten::slice,,,0.757,1.654,0,0,0,0
aten::as_strided,,,0.897,0.897,0,0,0,0
P13/1104248/00787/torch_api,,,110.607,167.025,0,20.001,0,0
npu::npu_fused_infer_attention_score,,,41.813,56.418,0,20.001,0,0
empty_tensor,,,6.473,6.473,0,0,0,0
empty_tensor,,,2.433,2.433,0,0,0,0
empty_tensor,,,1.019,1.019,0,0,0,0
empty_tensor,,,0.962,0.962,0,0,0,0
aclnnFusedInferAttentionScoreV3,,,3.718,3.718,20.001,20.001,0,0
aten::view,,,1.59,1.59,0,0,0,0
aten::slice,,,0.908,1.86,0,0,0,0
aten::as_strided,,,0.952,0.952,0,0,0,0
aten::copy_,,,23.334,27.197,0,0.6,0,0
aclnnInplaceCopy,,,3.863,3.863,0.6,0.6,0,0
aten::slice,,,0.774,1.753,0,0,0,0
aten::as_strided,,,0.979,0.979,0,0,0,0
aten::copy_,,,12.984,15.365,0,0,0,0
aclnnInplaceCopy,,,2.381,2.381,0,0,0,0
P13/1104248/00788/acl_dispatch,,,400.604,667.84,0,0,0,0
P13/1104248/00789/graph_replay,,,267.236,267.236,0,0,0,0
vllm::unified_attention_with_output,,,104.964,1116.089,0,19.0,0,0
P13/1104248/00790/attention,,,294.45,1011.125,0,19.0,0,0
aten::slice,,,1.796,4.132,0,0,0,0
aten::as_strided,,,2.336,2.336,0,0,0,0
aten::slice,,,0.46,0.72,0,0,0,0
aten::as_strided,,,0.26,0.26,0,0,0,0
aten::slice,,,3.063,3.964,0,0,0,0
aten::as_strided,,,0.901,0.901,0,0,0,0
P13/1104248/00791/cache_write,,,146.455,247.566,0,1.56,0,0
P13/1104248/00792/torch_api,,,81.676,101.111,0,1.56,0,0
atb::_npu_reshape_and_cache,,,15.485,19.435,0,1.56,0,0
ReshapeCacheOperation,,,3.95,3.95,1.56,1.56,0,0
P13/1104248/00793/fia,,,241.946,444.255,0,17.439999999999998,0,0
aten::view,,,3.545,3.545,0,0,0,0
aten::view,,,1.243,1.243,0,0,0,0
aten::slice,,,0.857,1.73,0,0,0,0
aten::as_strided,,,0.873,0.873,0,0,0,0
P13/1104248/00794/torch_api,,,110.948,165.538,0,16.86,0,0
npu::npu_fused_infer_attention_score,,,41.434,54.59,0,16.86,0,0
empty_tensor,,,6.58,6.58,0,0,0,0
empty_tensor,,,1.269,1.269,0,0,0,0
empty_tensor,,,1.008,1.008,0,0,0,0
empty_tensor,,,0.731,0.731,0,0,0,0
aclnnFusedInferAttentionScoreV3,,,3.568,3.568,16.86,16.86,0,0
aten::view,,,1.655,1.655,0,0,0,0
aten::slice,,,0.848,1.993,0,0,0,0
aten::as_strided,,,1.145,1.145,0,0,0,0
aten::copy_,,,23.955,26.605,0,0.58,0,0
aclnnInplaceCopy,,,2.65,2.65,0.58,0.58,0,0
aten::slice,,,0.725,1.735,0,0,0,0
aten::as_strided,,,1.01,1.01,0,0,0,0
aten::copy_,,,11.55,14.303,0,0,0,0
aclnnInplaceCopy,,,2.753,2.753,0,0,0,0
P13/1104248/00795/acl_dispatch,,,400.799,664.999,0,0,0,0
P13/1104248/00796/graph_replay,,,264.2,264.2,0,0,0,0
vllm::unified_attention_with_output,,,106.193,1180.238,0,22.001,0,0
P13/1104248/00797/attention,,,297.377,1074.045,0,22.001,0,0
aten::slice,,,1.936,4.237,0,0,0,0
aten::as_strided,,,2.301,2.301,0,0,0,0
aten::slice,,,0.453,0.921,0,0,0,0
aten::as_strided,,,0.468,0.468,0,0,0,0
aten::slice,,,2.872,3.8,0,0,0,0
aten::as_strided,,,0.928,0.928,0,0,0,0
P13/1104248/00798/cache_write,,,141.235,251.015,0,2.4,0,0
P13/1104248/00799/torch_api,,,83.823,109.78,0,2.4,0,0
atb::_npu_reshape_and_cache,,,14.822,25.957,0,2.4,0,0
ReshapeCacheOperation,,,11.135,11.135,2.4,2.4,0,0
P13/1104248/00800/fia,,,253.621,501.709,0,19.601,0,0
aten::view,,,3.841,3.841,0,0,0,0
aten::view,,,2.91,2.91,0,0,0,0
aten::slice,,,0.979,1.911,0,0,0,0
aten::as_strided,,,0.932,0.932,0,0,0,0
P13/1104248/00801/torch_api,,,150.582,206.653,0,19.021,0,0
npu::npu_fused_infer_attention_score,,,42.44,56.071,0,19.021,0,0
empty_tensor,,,6.481,6.481,0,0,0,0
empty_tensor,,,1.306,1.306,0,0,0,0
empty_tensor,,,1.138,1.138,0,0,0,0
empty_tensor,,,0.996,0.996,0,0,0,0
aclnnFusedInferAttentionScoreV3,,,3.71,3.71,19.021,19.021,0,0
aten::view,,,1.893,1.893,0,0,0,0
aten::slice,,,1.012,2.248,0,0,0,0
aten::as_strided,,,1.236,1.236,0,0,0,0
aten::copy_,,,25.458,28.632,0,0.58,0,0
aclnnInplaceCopy,,,3.174,3.174,0.58,0.58,0,0
aten::slice,,,0.676,1.726,0,0,0,0
aten::as_strided,,,1.05,1.05,0,0,0,0
aten::copy_,,,10.87,13.26,0,0,0,0
aclnnInplaceCopy,,,2.39,2.39,0,0,0,0
P13/1104248/00802/acl_dispatch,,,400.799,664.232,0,0,0,0
P13/1104248/00803/graph_replay,,,263.433,263.433,0,0,0,0
vllm::unified_attention_with_output,,,108.645,1136.973,0,24.14,0,0
P13/1104248/00804/attention,,,299.572,1028.328,0,24.14,0,0
aten::slice,,,1.901,4.05,0,0,0,0
aten::as_strided,,,2.149,2.149,0,0,0,0
aten::slice,,,0.489,0.774,0,0,0,0
aten::as_strided,,,0.285,0.285,0,0,0,0
aten::slice,,,2.838,3.855,0,0,0,0
aten::as_strided,,,1.017,1.017,0,0,0,0
P13/1104248/00805/cache_write,,,147.201,254.912,0,1.92,0,0
P13/1104248/00806/torch_api,,,82.364,107.711,0,1.92,0,0
atb::_npu_reshape_and_cache,,,20.76,25.347,0,1.92,0,0
ReshapeCacheOperation,,,4.587,4.587,1.92,1.92,0,0
P13/1104248/00807/fia,,,241.183,447.469,0,22.22,0,0
aten::view,,,3.73,3.73,0,0,0,0
aten::view,,,0.945,0.945,0,0,0,0
aten::slice,,,0.822,1.663,0,0,0,0
aten::as_strided,,,0.841,0.841,0,0,0,0
P13/1104248/00808/torch_api,,,112.135,169.035,0,21.64,0,0
npu::npu_fused_infer_attention_score,,,43.412,56.9,0,21.64,0,0
empty_tensor,,,6.899,6.899,0,0,0,0
empty_tensor,,,1.34,1.34,0,0,0,0
empty_tensor,,,0.805,0.805,0,0,0,0
empty_tensor,,,0.707,0.707,0,0,0,0
aclnnFusedInferAttentionScoreV3,,,3.737,3.737,21.64,21.64,0,0
aten::view,,,1.663,1.663,0,0,0,0
aten::slice,,,0.876,1.913,0,0,0,0
aten::as_strided,,,1.037,1.037,0,0,0,0
aten::copy_,,,24.224,27.337,0,0.58,0,0
aclnnInplaceCopy,,,3.113,3.113,0.58,0.58,0,0
aten::slice,,,0.708,1.604,0,0,0,0
aten::as_strided,,,0.896,0.896,0,0,0,0
aten::copy_,,,10.198,16.092,0,0,0,0
aclnnInplaceCopy,,,5.894,5.894,0,0,0,0
P13/1104248/00809/acl_dispatch,,,391.779,663.126,0,0,0,0
P13/1104248/00810/graph_replay,,,271.347,271.347,0,0,0,0
vllm::unified_attention_with_output,,,106.643,1135.357,0,27.522,0,0
P13/1104248/00811/attention,,,297.281,1028.714,0,27.522,0,0
aten::slice,,,1.824,4.045,0,0,0,0
aten::as_strided,,,2.221,2.221,0,0,0,0
aten::slice,,,0.328,0.761,0,0,0,0
aten::as_strided,,,0.433,0.433,0,0,0,0
aten::slice,,,2.832,3.873,0,0,0,0
aten::as_strided,,,1.041,1.041,0,0,0,0
P13/1104248/00812/cache_write,,,149.096,249.466,0,2.1,0,0
P13/1104248/00813/torch_api,,,80.74,100.37,0,2.1,0,0
atb::_npu_reshape_and_cache,,,15.238,19.63,0,2.1,0,0
ReshapeCacheOperation,,,4.392,4.392,2.1,2.1,0,0
P13/1104248/00814/fia,,,249.442,458.605,0,25.422,0,0
aten::view,,,3.755,3.755,0,0,0,0
aten::view,,,1.0,1.0,0,0,0,0
aten::slice,,,0.779,1.721,0,0,0,0
aten::as_strided,,,0.942,0.942,0,0,0,0
P13/1104248/00815/torch_api,,,116.014,171.588,0,24.822,0,0
npu::npu_fused_infer_attention_score,,,42.469,55.574,0,24.822,0,0
empty_tensor,,,6.686,6.686,0,0,0,0
empty_tensor,,,1.269,1.269,0,0,0,0
empty_tensor,,,0.785,0.785,0,0,0,0
empty_tensor,,,0.827,0.827,0,0,0,0
aclnnFusedInferAttentionScoreV3,,,3.538,3.538,24.822,24.822,0,0
aten::view,,,1.588,1.588,0,0,0,0
aten::slice,,,0.781,1.857,0,0,0,0
aten::as_strided,,,1.076,1.076,0,0,0,0
aten::copy_,,,23.672,27.654,0,0.6,0,0
aclnnInplaceCopy,,,3.982,3.982,0.6,0.6,0,0
aten::slice,,,0.709,1.572,0,0,0,0
aten::as_strided,,,0.863,0.863,0,0,0,0
aten::copy_,,,10.554,13.111,0,0,0,0
aclnnInplaceCopy,,,2.557,2.557,0,0,0,0
P13/1104248/00816/acl_dispatch,,,401.699,667.598,0,0,0,0
P13/1104248/00817/graph_replay,,,265.899,265.899,0,0,0,0
vllm::unified_attention_with_output,,,105.672,1144.161,0,20.921,0,0
P13/1104248/00818/attention,,,302.339,1038.489,0,20.921,0,0
aten::slice,,,2.067,4.234,0,0,0,0
aten::as_strided,,,2.167,2.167,0,0,0,0
aten::slice,,,0.484,1.725,0,0,0,0
aten::as_strided,,,1.241,1.241,0,0,0,0
aten::slice,,,2.858,3.816,0,0,0,0
aten::as_strided,,,0.958,0.958,0,0,0,0
P13/1104248/00819/cache_write,,,150.574,251.882,0,1.721,0,0
P13/1104248/00820/torch_api,,,80.956,101.308,0,1.721,0,0
atb::_npu_reshape_and_cache,,,16.083,20.352,0,1.721,0,0
ReshapeCacheOperation,,,4.269,4.269,1.721,1.721,0,0
P13/1104248/00821/fia,,,244.878,450.876,0,19.2,0,0
aten::view,,,3.798,3.798,0,0,0,0
aten::view,,,0.985,0.985,0,0,0,0
aten::slice,,,0.695,1.622,0,0,0,0
aten::as_strided,,,0.927,0.927,0,0,0,0
P13/1104248/00822/torch_api,,,113.973,168.788,0,18.62,0,0
npu::npu_fused_infer_attention_score,,,41.955,54.815,0,18.62,0,0
empty_tensor,,,6.459,6.459,0,0,0,0
empty_tensor,,,1.232,1.232,0,0,0,0
empty_tensor,,,0.803,0.803,0,0,0,0
empty_tensor,,,0.921,0.921,0,0,0,0
aclnnFusedInferAttentionScoreV3,,,3.445,3.445,18.62,18.62,0,0
aten::view,,,1.582,1.582,0,0,0,0
aten::slice,,,0.891,1.954,0,0,0,0
aten::as_strided,,,1.063,1.063,0,0,0,0
aten::copy_,,,24.414,27.269,0,0.58,0,0
aclnnInplaceCopy,,,2.855,2.855,0.58,0.58,0,0
aten::slice,,,0.699,1.519,0,0,0,0
aten::as_strided,,,0.82,0.82,0,0,0,0
aten::copy_,,,10.447,22.098,0,0,0,0
aclnnInplaceCopy,,,11.651,11.651,0,0,0,0
P13/1104248/00823/acl_dispatch,,,407.923,671.324,0,0,0,0
P13/1104248/00824/graph_replay,,,263.401,263.401,0,0,0,0
vllm::unified_attention_with_output,,,104.607,1135.462,0,22.281,0,0
P13/1104248/00825/attention,,,304.212,1030.855,0,22.281,0,0
aten::slice,,,1.994,4.263,0,0,0,0
aten::as_strided,,,2.269,2.269,0,0,0,0
aten::slice,,,0.603,1.053,0,0,0,0
aten::as_strided,,,0.45,0.45,0,0,0,0
aten::slice,,,2.955,3.826,0,0,0,0
aten::as_strided,,,0.871,0.871,0,0,0,0
P13/1104248/00826/cache_write,,,143.943,242.473,0,2.96,0,0
P13/1104248/00827/torch_api,,,79.324,98.53,0,2.96,0,0
atb::_npu_reshape_and_cache,,,15.099,19.206,0,2.96,0,0
ReshapeCacheOperation,,,4.107,4.107,2.96,2.96,0,0
P13/1104248/00828/fia,,,254.429,459.662,0,19.320999999999998,0,0
aten::view,,,3.747,3.747,0,0,0,0
aten::view,,,1.055,1.055,0,0,0,0
aten::slice,,,0.86,1.857,0,0,0,0
aten::as_strided,,,0.997,0.997,0,0,0,0
P13/1104248/00829/torch_api,,,112.017,168.037,0,18.741,0,0
npu::npu_fused_infer_attention_score,,,42.718,56.02,0,18.741,0,0
empty_tensor,,,6.679,6.679,0,0,0,0
empty_tensor,,,1.14,1.14,0,0,0,0
empty_tensor,,,0.954,0.954,0,0,0,0
empty_tensor,,,0.921,0.921,0,0,0,0
aclnnFusedInferAttentionScoreV3,,,3.608,3.608,18.741,18.741,0,0
aten::view,,,1.626,1.626,0,0,0,0
aten::slice,,,0.855,1.938,0,0,0,0
aten::as_strided,,,1.083,1.083,0,0,0,0
aten::copy_,,,24.083,26.973,0,0.58,0,0
aclnnInplaceCopy,,,2.89,2.89,0.58,0.58,0,0
aten::slice,,,0.64,1.503,0,0,0,0
aten::as_strided,,,0.863,0.863,0,0,0,0
aten::copy_,,,11.238,13.863,0,0,0,0
aclnnInplaceCopy,,,2.625,2.625,0,0,0,0
P13/1104248/00830/acl_dispatch,,,410.16,670.717,0,0,0,0
P13/1104248/00831/graph_replay,,,260.557,260.557,0,0,0,0
vllm::unified_attention_with_output,,,107.767,1134.169,0,23.401,0,0
P13/1104248/00832/attention,,,301.798,1026.402,0,23.401,0,0
aten::slice,,,2.005,4.19,0,0,0,0
aten::as_strided,,,2.185,2.185,0,0,0,0
aten::slice,,,0.663,1.251,0,0,0,0
aten::as_strided,,,0.588,0.588,0,0,0,0
aten::slice,,,2.956,3.902,0,0,0,0
aten::as_strided,,,0.946,0.946,0,0,0,0
P13/1104248/00833/cache_write,,,153.518,256.412,0,1.96,0,0
P13/1104248/00834/torch_api,,,83.361,102.894,0,1.96,0,0
atb::_npu_reshape_and_cache,,,15.457,19.533,0,1.96,0,0
ReshapeCacheOperation,,,4.076,4.076,1.96,1.96,0,0
P13/1104248/00835/fia,,,239.278,442.932,0,21.441,0,0
aten::view,,,3.703,3.703,0,0,0,0
aten::view,,,1.036,1.036,0,0,0,0
aten::slice,,,0.779,1.668,0,0,0,0
aten::as_strided,,,0.889,0.889,0,0,0,0
P13/1104248/00836/torch_api,,,106.424,164.005,0,20.881,0,0
npu::npu_fused_infer_attention_score,,,43.599,57.581,0,20.881,0,0
empty_tensor,,,6.551,6.551,0,0,0,0
empty_tensor,,,1.142,1.142,0,0,0,0
empty_tensor,,,1.049,1.049,0,0,0,0
empty_tensor,,,1.45,1.45,0,0,0,0
aclnnFusedInferAttentionScoreV3,,,3.79,3.79,20.881,20.881,0,0
aten::view,,,1.655,1.655,0,0,0,0
aten::slice,,,0.837,1.809,0,0,0,0
aten::as_strided,,,0.972,0.972,0,0,0,0
aten::copy_,,,23.528,29.778,0,0.56,0,0
aclnnInplaceCopy,,,6.25,6.25,0.56,0.56,0,0
aten::slice,,,0.63,1.617,0,0,0,0
aten::as_strided,,,0.987,0.987,0,0,0,0
aten::copy_,,,11.507,14.3,0,0,0,0
aclnnInplaceCopy,,,2.793,2.793,0,0,0,0
P13/1104248/00837/acl_dispatch,,,396.275,650.073,0,0,0,0
P13/1104248/00838/graph_replay,,,253.798,253.798,0,0,0,0
vllm::unified_attention_with_output,,,107.264,1119.669,0,24.482,0,0
P13/1104248/00839/attention,,,292.89,1012.405,0,24.482,0,0
aten::slice,,,1.863,4.008,0,0,0,0
aten::as_strided,,,2.145,2.145,0,0,0,0
aten::slice,,,0.656,1.183,0,0,0,0
aten::as_strided,,,0.527,0.527,0,0,0,0
aten::slice,,,3.015,3.895,0,0,0,0
aten::as_strided,,,0.88,0.88,0,0,0,0
P13/1104248/00840/cache_write,,,144.5,258.126,0,1.841,0,0
P13/1104248/00841/torch_api,,,90.863,113.626,0,1.841,0,0
atb::_npu_reshape_and_cache,,,18.373,22.763,0,1.841,0,0
ReshapeCacheOperation,,,4.39,4.39,1.841,1.841,0,0
P13/1104248/00842/fia,,,235.857,436.475,0,22.641,0,0
aten::view,,,3.641,3.641,0,0,0,0
aten::view,,,1.175,1.175,0,0,0,0
aten::slice,,,0.815,1.697,0,0,0,0
aten::as_strided,,,0.882,0.882,0,0,0,0
P13/1104248/00843/torch_api,,,106.33,162.793,0,22.061,0,0
npu::npu_fused_infer_attention_score,,,42.344,56.463,0,22.061,0,0
empty_tensor,,,6.815,6.815,0,0,0,0
empty_tensor,,,2.197,2.197,0,0,0,0
empty_tensor,,,0.757,0.757,0,0,0,0
empty_tensor,,,0.82,0.82,0,0,0,0
aclnnFusedInferAttentionScoreV3,,,3.53,3.53,22.061,22.061,0,0
aten::view,,,1.704,1.704,0,0,0,0
aten::slice,,,0.838,1.928,0,0,0,0
aten::as_strided,,,1.09,1.09,0,0,0,0
aten::copy_,,,22.792,27.68,0,0.58,0,0
aclnnInplaceCopy,,,4.888,4.888,0.58,0.58,0,0
aten::slice,,,0.66,1.626,0,0,0,0
aten::as_strided,,,0.966,0.966,0,0,0,0
aten::copy_,,,11.554,14.202,0,0,0,0
aclnnInplaceCopy,,,2.648,2.648,0,0,0,0
P13/1104248/00844/acl_dispatch,,,403.04,658.024,0,0,0,0
P13/1104248/00845/graph_replay,,,254.984,254.984,0,0,0,0
vllm::unified_attention_with_output,,,106.97,1133.853,0,24.761,0,0
P13/1104248/00846/attention,,,302.179,1026.883,0,24.761,0,0
aten::slice,,,2.002,4.177,0,0,0,0
aten::as_strided,,,2.175,2.175,0,0,0,0
aten::slice,,,0.631,1.305,0,0,0,0
aten::as_strided,,,0.674,0.674,0,0,0,0
aten::slice,,,3.092,3.95,0,0,0,0
aten::as_strided,,,0.858,0.858,0,0,0,0
P13/1104248/00847/cache_write,,,142.142,243.9,0,3.1,0,0
P13/1104248/00848/torch_api,,,82.349,101.758,0,3.1,0,0
atb::_npu_reshape_and_cache,,,15.304,19.409,0,3.1,0,0
ReshapeCacheOperation,,,4.105,4.105,3.1,3.1,0,0
P13/1104248/00849/fia,,,245.45,455.808,0,21.660999999999998,0,0
aten::view,,,3.493,3.493,0,0,0,0
aten::view,,,0.947,0.947,0,0,0,0
aten::slice,,,0.773,1.586,0,0,0,0
aten::as_strided,,,0.813,0.813,0,0,0,0
P13/1104248/00850/torch_api,,,110.002,165.912,0,21.081,0,0
npu::npu_fused_infer_attention_score,,,42.103,55.91,0,21.081,0,0
empty_tensor,,,7.198,7.198,0,0,0,0
empty_tensor,,,1.375,1.375,0,0,0,0
empty_tensor,,,1.03,1.03,0,0,0,0
empty_tensor,,,0.75,0.75,0,0,0,0
aclnnFusedInferAttentionScoreV3,,,3.454,3.454,21.081,21.081,0,0
aten::view,,,1.751,1.751,0,0,0,0
aten::slice,,,0.92,1.993,0,0,0,0
aten::as_strided,,,1.073,1.073,0,0,0,0
aten::copy_,,,23.949,34.676,0,0.58,0,0
aclnnInplaceCopy,,,10.727,10.727,0.58,0.58,0,0
aten::slice,,,0.741,1.665,0,0,0,0
aten::as_strided,,,0.924,0.924,0,0,0,0
aten::copy_,,,11.408,13.899,0,0,0,0
aclnnInplaceCopy,,,2.491,2.491,0,0,0,0
P13/1104248/00851/acl_dispatch,,,418.475,679.891,0,0,0,0
P13/1104248/00852/graph_replay,,,261.416,261.416,0,0,0,0
vllm::unified_attention_with_output,,,107.464,1151.132,0,19.16,0,0
P13/1104248/00853/attention,,,296.446,1043.668,0,19.16,0,0
aten::slice,,,2.035,13.165,0,0,0,0
aten::as_strided,,,11.13,11.13,0,0,0,0
aten::slice,,,0.342,0.76,0,0,0,0
aten::as_strided,,,0.418,0.418,0,0,0,0
aten::slice,,,2.886,3.933,0,0,0,0
aten::as_strided,,,1.047,1.047,0,0,0,0
P13/1104248/00854/cache_write,,,145.543,251.342,0,1.62,0,0
P13/1104248/00855/torch_api,,,84.003,105.799,0,1.62,0,0
atb::_npu_reshape_and_cache,,,17.529,21.796,0,1.62,0,0
ReshapeCacheOperation,,,4.267,4.267,1.62,1.62,0,0
P13/1104248/00856/fia,,,246.116,462.53,0,17.54,0,0
aten::view,,,3.662,3.662,0,0,0,0
aten::view,,,2.967,2.967,0,0,0,0
aten::slice,,,0.921,1.923,0,0,0,0
aten::as_strided,,,1.002,1.002,0,0,0,0
P13/1104248/00857/torch_api,,,120.791,177.828,0,16.96,0,0
npu::npu_fused_infer_attention_score,,,43.482,57.037,0,16.96,0,0
empty_tensor,,,6.533,6.533,0,0,0,0
empty_tensor,,,1.237,1.237,0,0,0,0
empty_tensor,,,1.057,1.057,0,0,0,0
empty_tensor,,,1.005,1.005,0,0,0,0
aclnnFusedInferAttentionScoreV3,,,3.723,3.723,16.96,16.96,0,0
aten::view,,,1.555,1.555,0,0,0,0
aten::slice,,,0.74,1.724,0,0,0,0
aten::as_strided,,,0.984,0.984,0,0,0,0
aten::copy_,,,23.725,26.755,0,0.58,0,0
aclnnInplaceCopy,,,3.03,3.03,0.58,0.58,0,0
aten::slice,,,0.631,1.533,0,0,0,0
aten::as_strided,,,0.902,0.902,0,0,0,0
aten::copy_,,,11.221,13.959,0,0,0,0
aclnnInplaceCopy,,,2.738,2.738,0,0,0,0
P13/1104248/00858/acl_dispatch,,,411.172,670.082,0,0,0,0
P13/1104248/00859/graph_replay,,,258.91,258.91,0,0,0,0
vllm::unified_attention_with_output,,,106.031,1132.151,0,23.621000000000002,0,0
P13/1104248/00860/attention,,,296.595,1026.12,0,23.621000000000002,0,0
aten::slice,,,1.83,3.949,0,0,0,0
aten::as_strided,,,2.119,2.119,0,0,0,0
aten::slice,,,0.518,0.952,0,0,0,0
aten::as_strided,,,0.434,0.434,0,0,0,0
aten::slice,,,2.882,3.845,0,0,0,0
aten::as_strided,,,0.963,0.963,0,0,0,0
P13/1104248/00861/cache_write,,,154.394,254.151,0,2.36,0,0
P13/1104248/00862/torch_api,,,79.987,99.757,0,2.36,0,0
atb::_npu_reshape_and_cache,,,15.611,19.77,0,2.36,0,0
ReshapeCacheOperation,,,4.159,4.159,2.36,2.36,0,0
P13/1104248/00863/fia,,,244.541,451.973,0,21.261,0,0
aten::view,,,3.552,3.552,0,0,0,0
aten::view,,,1.095,1.095,0,0,0,0
aten::slice,,,0.819,1.758,0,0,0,0
aten::as_strided,,,0.939,0.939,0,0,0,0
P13/1104248/00864/torch_api,,,112.637,170.818,0,20.701,0,0
npu::npu_fused_infer_attention_score,,,41.488,58.181,0,20.701,0,0
empty_tensor,,,6.535,6.535,0,0,0,0
empty_tensor,,,1.269,1.269,0,0,0,0
empty_tensor,,,0.839,0.839,0,0,0,0
empty_tensor,,,0.994,0.994,0,0,0,0
aclnnFusedInferAttentionScoreV3,,,7.056,7.056,20.701,20.701,0,0
aten::view,,,1.772,1.772,0,0,0,0
aten::slice,,,0.867,1.937,0,0,0,0
aten::as_strided,,,1.07,1.07,0,0,0,0
aten::copy_,,,23.57,26.5,0,0.56,0,0
aclnnInplaceCopy,,,2.93,2.93,0.56,0.56,0,0
aten::slice,,,0.651,1.527,0,0,0,0
aten::as_strided,,,0.876,0.876,0,0,0,0
aten::copy_,,,10.522,13.128,0,0,0,0
aclnnInplaceCopy,,,2.606,2.606,0,0,0,0
P13/1104248/00865/acl_dispatch,,,404.775,667.549,0,0,0,0
P13/1104248/00866/graph_replay,,,262.774,262.774,0,0,0,0
vllm::unified_attention_with_output,,,105.463,1121.832,0,21.6,0,0
P13/1104248/00867/attention,,,291.568,1016.369,0,21.6,0,0
aten::slice,,,2.07,4.247,0,0,0,0
aten::as_strided,,,2.177,2.177,0,0,0,0
aten::slice,,,0.701,1.521,0,0,0,0
aten::as_strided,,,0.82,0.82,0,0,0,0
aten::slice,,,2.818,3.769,0,0,0,0
aten::as_strided,,,0.951,0.951,0,0,0,0
P13/1104248/00868/cache_write,,,147.222,246.945,0,2.16,0,0
P13/1104248/00869/torch_api,,,80.673,99.723,0,2.16,0,0
atb::_npu_reshape_and_cache,,,15.112,19.05,0,2.16,0,0
ReshapeCacheOperation,,,3.938,3.938,2.16,2.16,0,0
P13/1104248/00870/fia,,,248.271,453.663,0,19.44,0,0
aten::view,,,3.772,3.772,0,0,0,0
aten::view,,,1.125,1.125,0,0,0,0
aten::slice,,,0.823,1.711,0,0,0,0
aten::as_strided,,,0.888,0.888,0,0,0,0
P13/1104248/00871/torch_api,,,110.514,166.46,0,18.84,0,0
npu::npu_fused_infer_attention_score,,,42.086,55.946,0,18.84,0,0
empty_tensor,,,6.653,6.653,0,0,0,0
empty_tensor,,,1.325,1.325,0,0,0,0
empty_tensor,,,1.135,1.135,0,0,0,0
empty_tensor,,,0.979,0.979,0,0,0,0
aclnnFusedInferAttentionScoreV3,,,3.768,3.768,18.84,18.84,0,0
aten::view,,,1.855,1.855,0,0,0,0
aten::slice,,,0.835,1.968,0,0,0,0
aten::as_strided,,,1.133,1.133,0,0,0,0
aten::copy_,,,23.453,28.501,0,0.6,0,0
aclnnInplaceCopy,,,5.048,5.048,0.6,0.6,0,0
aten::slice,,,0.713,1.565,0,0,0,0
aten::as_strided,,,0.852,0.852,0,0,0,0
aten::copy_,,,10.694,13.091,0,0,0,0
aclnnInplaceCopy,,,2.397,2.397,0,0,0,0
P13/1104248/00872/acl_dispatch,,,402.48,672.216,0,0,0,0
P13/1104248/00873/graph_replay,,,269.736,269.736,0,0,0,0
vllm::unified_attention_with_output,,,104.983,1141.762,0,23.221,0,0
P13/1104248/00874/attention,,,294.09,1036.779,0,23.221,0,0
aten::slice,,,1.936,4.111,0,0,0,0
aten::as_strided,,,2.175,2.175,0,0,0,0
aten::slice,,,0.567,2.062,0,0,0,0
aten::as_strided,,,1.495,1.495,0,0,0,0
aten::slice,,,2.867,3.638,0,0,0,0
aten::as_strided,,,0.771,0.771,0,0,0,0
P13/1104248/00875/cache_write,,,158.252,257.347,0,2.3,0,0
P13/1104248/00876/torch_api,,,80.145,99.095,0,2.3,0,0
atb::_npu_reshape_and_cache,,,14.614,18.95,0,2.3,0,0
ReshapeCacheOperation,,,4.336,4.336,2.3,2.3,0,0
P13/1104248/00877/fia,,,250.457,460.617,0,20.921,0,0
aten::view,,,3.685,3.685,0,0,0,0
aten::view,,,1.075,1.075,0,0,0,0
aten::slice,,,1.045,1.911,0,0,0,0
aten::as_strided,,,0.866,0.866,0,0,0,0
P13/1104248/00878/torch_api,,,110.186,172.78,0,20.341,0,0
npu::npu_fused_infer_attention_score,,,41.603,62.594,0,20.341,0,0
empty_tensor,,,6.648,6.648,0,0,0,0
empty_tensor,,,1.439,1.439,0,0,0,0
empty_tensor,,,1.092,1.092,0,0,0,0
empty_tensor,,,0.732,0.732,0,0,0,0
aclnnFusedInferAttentionScoreV3,,,11.08,11.08,20.341,20.341,0,0
aten::view,,,1.705,1.705,0,0,0,0
aten::slice,,,0.878,1.9,0,0,0,0
aten::as_strided,,,1.022,1.022,0,0,0,0
aten::copy_,,,24.152,27.104,0,0.58,0,0
aclnnInplaceCopy,,,2.952,2.952,0.58,0.58,0,0
aten::slice,,,0.702,1.539,0,0,0,0
aten::as_strided,,,0.837,0.837,0,0,0,0
aten::copy_,,,10.683,13.375,0,0,0,0
aclnnInplaceCopy,,,2.692,2.692,0,0,0,0
P13/1104248/00879/acl_dispatch,,,434.019,698.081,0,0,0,0
P13/1104248/00880/graph_replay,,,264.062,264.062,0,0,0,0
vllm::unified_attention_with_output,,,107.888,1131.346,0,19.041,0,0
P13/1104248/00881/attention,,,295.898,1023.458,0,19.041,0,0
aten::slice,,,2.076,4.396,0,0,0,0
aten::as_strided,,,2.32,2.32,0,0,0,0
aten::slice,,,0.362,0.738,0,0,0,0
aten::as_strided,,,0.376,0.376,0,0,0,0
aten::slice,,,2.908,3.832,0,0,0,0
aten::as_strided,,,0.924,0.924,0,0,0,0
P13/1104248/00882/cache_write,,,146.637,246.264,0,2.3,0,0
P13/1104248/00883/torch_api,,,79.307,99.627,0,2.3,0,0
atb::_npu_reshape_and_cache,,,16.15,20.32,0,2.3,0,0
ReshapeCacheOperation,,,4.17,4.17,2.3,2.3,0,0
P13/1104248/00884/fia,,,246.167,456.573,0,16.741,0,0
aten::view,,,3.994,3.994,0,0,0,0
aten::view,,,1.08,1.08,0,0,0,0
aten::slice,,,0.815,1.697,0,0,0,0
aten::as_strided,,,0.882,0.882,0,0,0,0
P13/1104248/00885/torch_api,,,116.795,172.304,0,16.161,0,0
npu::npu_fused_infer_attention_score,,,42.173,55.509,0,16.161,0,0
empty_tensor,,,6.635,6.635,0,0,0,0
empty_tensor,,,1.248,1.248,0,0,0,0
empty_tensor,,,1.022,1.022,0,0,0,0
empty_tensor,,,0.776,0.776,0,0,0,0
aclnnFusedInferAttentionScoreV3,,,3.655,3.655,16.161,16.161,0,0
aten::view,,,1.66,1.66,0,0,0,0
aten::slice,,,0.761,1.8,0,0,0,0
aten::as_strided,,,1.039,1.039,0,0,0,0
aten::copy_,,,24.876,27.871,0,0.58,0,0
aclnnInplaceCopy,,,2.995,2.995,0.58,0.58,0,0
aten::slice,,,0.644,1.546,0,0,0,0
aten::as_strided,,,0.902,0.902,0,0,0,0
aten::copy_,,,11.672,14.211,0,0,0,0
aclnnInplaceCopy,,,2.539,2.539,0,0,0,0
P13/1104248/00886/acl_dispatch,,,399.528,668.652,0,0,0,0
P13/1104248/00887/graph_replay,,,269.124,269.124,0,0,0,0
vllm::unified_attention_with_output,,,104.581,1133.333,0,21.980999999999998,0,0
P13/1104248/00888/attention,,,295.844,1028.752,0,21.980999999999998,0,0
aten::slice,,,1.941,4.084,0,0,0,0
aten::as_strided,,,2.143,2.143,0,0,0,0
aten::slice,,,0.597,0.912,0,0,0,0
aten::as_strided,,,0.315,0.315,0,0,0,0
aten::slice,,,2.835,3.936,0,0,0,0
aten::as_strided,,,1.101,1.101,0,0,0,0
P13/1104248/00889/cache_write,,,141.56,248.68,0,2.28,0,0
P13/1104248/00890/torch_api,,,83.06,107.12,0,2.28,0,0
atb::_npu_reshape_and_cache,,,19.774,24.06,0,2.28,0,0
ReshapeCacheOperation,,,4.286,4.286,2.28,2.28,0,0
P13/1104248/00891/fia,,,245.284,459.553,0,19.700999999999997,0,0
aten::view,,,4.005,4.005,0,0,0,0
aten::view,,,1.128,1.128,0,0,0,0
aten::slice,,,0.825,1.675,0,0,0,0
aten::as_strided,,,0.85,0.85,0,0,0,0
P13/1104248/00892/torch_api,,,111.424,176.448,0,19.121,0,0
npu::npu_fused_infer_attention_score,,,41.77,65.024,0,19.121,0,0
empty_tensor,,,6.447,6.447,0,0,0,0
empty_tensor,,,1.298,1.298,0,0,0,0
empty_tensor,,,0.994,0.994,0,0,0,0
empty_tensor,,,1.672,1.672,0,0,0,0
aclnnFusedInferAttentionScoreV3,,,12.843,12.843,19.121,19.121,0,0
aten::view,,,1.855,1.855,0,0,0,0
aten::slice,,,0.968,2.035,0,0,0,0
aten::as_strided,,,1.067,1.067,0,0,0,0
aten::copy_,,,24.425,27.123,0,0.58,0,0
aclnnInplaceCopy,,,2.698,2.698,0.58,0.58,0,0
aten::slice,,,0.73,1.708,0,0,0,0
aten::as_strided,,,0.978,0.978,0,0,0,0
aten::copy_,,,11.263,14.035,0,0,0,0
aclnnInplaceCopy,,,2.772,2.772,0,0,0,0
P13/1104248/00893/acl_dispatch,,,411.207,684.556,0,0,0,0
P13/1104248/00894/graph_replay,,,273.349,273.349,0,0,0,0
vllm::unified_attention_with_output,,,107.665,1123.245,0,24.480999999999998,0,0
P13/1104248/00895/attention,,,291.957,1015.58,0,24.480999999999998,0,0
aten::slice,,,1.959,4.162,0,0,0,0
aten::as_strided,,,2.203,2.203,0,0,0,0
aten::slice,,,0.685,1.225,0,0,0,0
aten::as_strided,,,0.54,0.54,0,0,0,0
aten::slice,,,3.052,4.169,0,0,0,0
aten::as_strided,,,1.117,1.117,0,0,0,0
P13/1104248/00896/cache_write,,,145.131,254.443,0,2.48,0,0
P13/1104248/00897/torch_api,,,89.742,109.312,0,2.48,0,0
atb::_npu_reshape_and_cache,,,15.251,19.57,0,2.48,0,0
ReshapeCacheOperation,,,4.319,4.319,2.48,2.48,0,0
P13/1104248/00898/fia,,,241.294,444.585,0,22.000999999999998,0,0
aten::view,,,3.895,3.895,0,0,0,0
aten::view,,,1.473,1.473,0,0,0,0
aten::slice,,,0.82,1.746,0,0,0,0
aten::as_strided,,,0.926,0.926,0,0,0,0
P13/1104248/00899/torch_api,,,109.409,166.034,0,21.421,0,0
npu::npu_fused_infer_attention_score,,,42.582,56.625,0,21.421,0,0
empty_tensor,,,6.373,6.373,0,0,0,0
empty_tensor,,,2.204,2.204,0,0,0,0
empty_tensor,,,1.222,1.222,0,0,0,0
empty_tensor,,,0.71,0.71,0,0,0,0
aclnnFusedInferAttentionScoreV3,,,3.534,3.534,21.421,21.421,0,0
aten::view,,,1.512,1.512,0,0,0,0
aten::slice,,,0.839,1.849,0,0,0,0
aten::as_strided,,,1.01,1.01,0,0,0,0
aten::copy_,,,22.855,26.782,0,0.58,0,0
aclnnInplaceCopy,,,3.927,3.927,0.58,0.58,0,0
aten::slice,,,0.691,1.519,0,0,0,0
aten::as_strided,,,0.828,0.828,0,0,0,0
aten::copy_,,,10.852,13.52,0,0,0,0
aclnnInplaceCopy,,,2.668,2.668,0,0,0,0
P13/1104248/00900/acl_dispatch,,,400.382,662.22,0,0,0,0
P13/1104248/00901/graph_replay,,,261.838,261.838,0,0,0,0
vllm::unified_attention_with_output,,,107.674,1132.225,0,27.442,0,0
P13/1104248/00902/attention,,,292.234,1024.551,0,27.442,0,0
aten::slice,,,1.747,4.021,0,0,0,0
aten::as_strided,,,2.274,2.274,0,0,0,0
aten::slice,,,0.468,0.713,0,0,0,0
aten::as_strided,,,0.245,0.245,0,0,0,0
aten::slice,,,2.983,3.941,0,0,0,0
aten::as_strided,,,0.958,0.958,0,0,0,0
P13/1104248/00903/cache_write,,,142.792,248.609,0,1.72,0,0
P13/1104248/00904/torch_api,,,78.981,105.817,0,1.72,0,0
atb::_npu_reshape_and_cache,,,15.394,26.836,0,1.72,0,0
ReshapeCacheOperation,,,11.442,11.442,1.72,1.72,0,0
P13/1104248/00905/fia,,,245.066,460.028,0,25.721999999999998,0,0
aten::view,,,3.726,3.726,0,0,0,0
aten::view,,,1.16,1.16,0,0,0,0
aten::slice,,,0.812,1.707,0,0,0,0
aten::as_strided,,,0.895,0.895,0,0,0,0
P13/1104248/00906/torch_api,,,122.945,178.149,0,25.142,0,0
npu::npu_fused_infer_attention_score,,,42.006,55.204,0,25.142,0,0
empty_tensor,,,6.704,6.704,0,0,0,0
empty_tensor,,,1.142,1.142,0,0,0,0
empty_tensor,,,0.891,0.891,0,0,0,0
empty_tensor,,,0.768,0.768,0,0,0,0
aclnnFusedInferAttentionScoreV3,,,3.693,3.693,25.142,25.142,0,0
aten::view,,,1.658,1.658,0,0,0,0
aten::slice,,,0.947,1.989,0,0,0,0
aten::as_strided,,,1.042,1.042,0,0,0,0
aten::copy_,,,23.727,26.573,0,0.58,0,0
aclnnInplaceCopy,,,2.846,2.846,0.58,0.58,0,0
aten::slice,,,0.632,1.584,0,0,0,0
aten::as_strided,,,0.952,0.952,0,0,0,0
aten::copy_,,,10.97,13.421,0,0,0,0
aclnnInplaceCopy,,,2.451,2.451,0,0,0,0
P13/1104248/00907/acl_dispatch,,,413.597,684.14,0,0,0,0
P13/1104248/00908/graph_replay,,,270.543,270.543,0,0,0,0
vllm::unified_attention_with_output,,,106.642,1135.375,0,20.421,0,0
P13/1104248/00909/attention,,,295.05,1028.733,0,20.421,0,0
aten::slice,,,1.895,4.111,0,0,0,0
aten::as_strided,,,2.216,2.216,0,0,0,0
aten::slice,,,0.472,0.929,0,0,0,0
aten::as_strided,,,0.457,0.457,0,0,0,0
aten::slice,,,2.737,3.666,0,0,0,0
aten::as_strided,,,0.929,0.929,0,0,0,0
P13/1104248/00910/cache_write,,,144.386,241.945,0,2.48,0,0
P13/1104248/00911/torch_api,,,78.505,97.559,0,2.48,0,0
atb::_npu_reshape_and_cache,,,14.969,19.054,0,2.48,0,0
ReshapeCacheOperation,,,4.085,4.085,2.48,2.48,0,0
P13/1104248/00912/fia,,,250.506,468.441,0,17.941,0,0
aten::view,,,3.713,3.713,0,0,0,0
aten::view,,,3.306,3.306,0,0,0,0
aten::slice,,,0.781,1.728,0,0,0,0
aten::as_strided,,,0.947,0.947,0,0,0,0
P13/1104248/00913/torch_api,,,121.111,178.127,0,17.361,0,0
npu::npu_fused_infer_attention_score,,,43.092,57.016,0,17.361,0,0
empty_tensor,,,6.717,6.717,0,0,0,0
empty_tensor,,,1.351,1.351,0,0,0,0
empty_tensor,,,1.026,1.026,0,0,0,0
empty_tensor,,,1.085,1.085,0,0,0,0
aclnnFusedInferAttentionScoreV3,,,3.745,3.745,17.361,17.361,0,0
aten::view,,,1.68,1.68,0,0,0,0
aten::slice,,,0.816,1.888,0,0,0,0
aten::as_strided,,,1.072,1.072,0,0,0,0
aten::copy_,,,24.518,27.493,0,0.58,0,0
aclnnInplaceCopy,,,2.975,2.975,0.58,0.58,0,0
aten::slice,,,0.623,1.456,0,0,0,0
aten::as_strided,,,0.833,0.833,0,0,0,0
aten::copy_,,,10.347,13.135,0,0,0,0
aclnnInplaceCopy,,,2.788,2.788,0,0,0,0
P13/1104248/00914/acl_dispatch,,,412.847,681.086,0,0,0,0
P13/1104248/00915/graph_replay,,,268.239,268.239,0,0,0,0
vllm::unified_attention_with_output,,,103.079,1131.074,0,22.500999999999998,0,0
P13/1104248/00916/attention,,,291.911,1027.995,0,22.500999999999998,0,0
aten::slice,,,1.978,4.257,0,0,0,0
aten::as_strided,,,2.279,2.279,0,0,0,0
aten::slice,,,0.477,0.87,0,0,0,0
aten::as_strided,,,0.393,0.393,0,0,0,0
aten::slice,,,2.982,4.125,0,0,0,0
aten::as_strided,,,1.143,1.143,0,0,0,0
P13/1104248/00917/cache_write,,,152.021,261.196,0,1.8,0,0
P13/1104248/00918/torch_api,,,81.233,109.175,0,1.8,0,0
atb::_npu_reshape_and_cache,,,15.869,27.942,0,1.8,0,0
ReshapeCacheOperation,,,12.073,12.073,1.8,1.8,0,0
P13/1104248/00919/fia,,,247.492,450.337,0,20.700999999999997,0,0
aten::view,,,3.882,3.882,0,0,0,0
aten::view,,,1.075,1.075,0,0,0,0
aten::slice,,,0.87,1.827,0,0,0,0
aten::as_strided,,,0.957,0.957,0,0,0,0
P13/1104248/00920/torch_api,,,109.376,165.443,0,20.121,0,0
npu::npu_fused_infer_attention_score,,,42.816,56.067,0,20.121,0,0
empty_tensor,,,6.482,6.482,0,0,0,0
empty_tensor,,,1.27,1.27,0,0,0,0
empty_tensor,,,0.84,0.84,0,0,0,0
empty_tensor,,,1.009,1.009,0,0,0,0
aclnnFusedInferAttentionScoreV3,,,3.65,3.65,20.121,20.121,0,0
aten::view,,,1.721,1.721,0,0,0,0
aten::slice,,,1.033,2.092,0,0,0,0
aten::as_strided,,,1.059,1.059,0,0,0,0
aten::copy_,,,23.798,26.805,0,0.58,0,0
aclnnInplaceCopy,,,3.007,3.007,0.58,0.58,0,0
aten::slice,,,0.749,1.739,0,0,0,0
aten::as_strided,,,0.99,0.99,0,0,0,0
aten::copy_,,,10.689,13.56,0,0,0,0
aclnnInplaceCopy,,,2.871,2.871,0,0,0,0
P13/1104248/00921/acl_dispatch,,,425.253,689.943,0,0,0,0
P13/1104248/00922/graph_replay,,,264.69,264.69,0,0,0,0
vllm::unified_attention_with_output,,,106.146,1126.337,0,24.54,0,0
P13/1104248/00923/attention,,,293.369,1020.191,0,24.54,0,0
aten::slice,,,2.005,4.235,0,0,0,0
aten::as_strided,,,2.23,2.23,0,0,0,0
aten::slice,,,0.766,1.472,0,0,0,0
aten::as_strided,,,0.706,0.706,0,0,0,0
aten::slice,,,2.835,3.76,0,0,0,0
aten::as_strided,,,0.925,0.925,0,0,0,0
P13/1104248/00924/cache_write,,,148.168,250.581,0,3.08,0,0
P13/1104248/00925/torch_api,,,82.963,102.413,0,3.08,0,0
atb::_npu_reshape_and_cache,,,14.929,19.45,0,3.08,0,0
ReshapeCacheOperation,,,4.521,4.521,3.08,3.08,0,0
P13/1104248/00926/fia,,,242.114,443.984,0,21.46,0,0
aten::view,,,3.664,3.664,0,0,0,0
aten::view,,,1.07,1.07,0,0,0,0
aten::slice,,,0.815,1.725,0,0,0,0
aten::as_strided,,,0.91,0.91,0,0,0,0
P13/1104248/00927/torch_api,,,108.842,163.853,0,20.86,0,0
npu::npu_fused_infer_attention_score,,,41.967,55.011,0,20.86,0,0
empty_tensor,,,6.273,6.273,0,0,0,0
empty_tensor,,,1.25,1.25,0,0,0,0
empty_tensor,,,0.969,0.969,0,0,0,0
empty_tensor,,,0.862,0.862,0,0,0,0
aclnnFusedInferAttentionScoreV3,,,3.69,3.69,20.86,20.86,0,0
aten::view,,,1.707,1.707,0,0,0,0
aten::slice,,,0.865,1.883,0,0,0,0
aten::as_strided,,,1.018,1.018,0,0,0,0
aten::copy_,,,23.296,27.968,0,0.6,0,0
aclnnInplaceCopy,,,4.672,4.672,0.6,0.6,0,0
aten::slice,,,0.776,1.704,0,0,0,0
aten::as_strided,,,0.928,0.928,0,0,0,0
aten::copy_,,,11.241,21.086,0,0,0,0
aclnnInplaceCopy,,,9.845,9.845,0,0,0,0
P13/1104248/00928/acl_dispatch,,,406.613,674.354,0,0,0,0
P13/1104248/00929/graph_replay,,,267.741,267.741,0,0,0,0
vllm::unified_attention_with_output,,,106.398,1132.245,0,24.761,0,0
P13/1104248/00930/attention,,,299.267,1025.847,0,24.761,0,0
aten::slice,,,2.078,4.278,0,0,0,0
aten::as_strided,,,2.2,2.2,0,0,0,0
aten::slice,,,0.437,1.863,0,0,0,0
aten::as_strided,,,1.426,1.426,0,0,0,0
aten::slice,,,2.897,3.995,0,0,0,0
aten::as_strided,,,1.098,1.098,0,0,0,0
P13/1104248/00931/cache_write,,,149.086,251.974,0,1.82,0,0
P13/1104248/00932/torch_api,,,82.742,102.888,0,1.82,0,0
atb::_npu_reshape_and_cache,,,15.714,20.146,0,1.82,0,0
ReshapeCacheOperation,,,4.432,4.432,1.82,1.82,0,0
P13/1104248/00933/fia,,,245.945,448.293,0,22.941,0,0
aten::view,,,3.738,3.738,0,0,0,0
aten::view,,,1.083,1.083,0,0,0,0
aten::slice,,,0.812,1.69,0,0,0,0
aten::as_strided,,,0.878,0.878,0,0,0,0
P13/1104248/00934/torch_api,,,110.384,165.796,0,22.361,0,0
npu::npu_fused_infer_attention_score,,,41.882,55.412,0,22.361,0,0
empty_tensor,,,6.39,6.39,0,0,0,0
empty_tensor,,,1.366,1.366,0,0,0,0
empty_tensor,,,0.898,0.898,0,0,0,0
empty_tensor,,,0.784,0.784,0,0,0,0
aclnnFusedInferAttentionScoreV3,,,4.092,4.092,22.361,22.361,0,0
aten::view,,,1.575,1.575,0,0,0,0
aten::slice,,,0.846,1.878,0,0,0,0
aten::as_strided,,,1.032,1.032,0,0,0,0
aten::copy_,,,23.761,26.588,0,0.58,0,0
aclnnInplaceCopy,,,2.827,2.827,0.58,0.58,0,0
aten::slice,,,0.694,1.672,0,0,0,0
aten::as_strided,,,0.978,0.978,0,0,0,0
aten::copy_,,,11.715,14.505,0,0,0,0
aclnnInplaceCopy,,,2.79,2.79,0,0,0,0
P13/1104248/00935/acl_dispatch,,,376.322,643.579,0,0,0,0
P13/1104248/00936/graph_replay,,,267.257,267.257,0,0,0,0
aten::index,,,11.927,24.075,0,8.661,0,0
empty_tensor,,,3.169,3.169,0,0,0,0
empty_tensor,,,4.909,4.909,0,0,0,0
aclnnIndex,,,4.07,4.07,8.661,8.661,0,0
aten::linear,,,2.038,19.283,0,224.249,0,224.249
aten::t,,,2.665,6.145,0,0,0,0
aten::transpose,,,1.523,3.48,0,0,0,0
aten::as_strided,,,1.957,1.957,0,0,0,0
aten::matmul,,,6.564,11.1,0,224.249,0,224.249
empty_tensor,,,1.722,1.722,0,0,0,0
aclnnMatmul,,,2.814,2.814,224.249,224.249,224.249,224.249
aten::alias,,,1.14,1.14,0,0,0,0
P13/1104248/00937/sample,,,1044.859,5447.435,0,465.798,0,0
aten::log_softmax,,,3.02,45.129,0,57.503,0,0
aten::to,,,1.455,18.061,0,8.941,0,0
aten::_to_copy,,,2.576,16.606,0,8.941,0,0
aten::empty,,,1.107,4.652,0,0,0,0
empty_tensor,,,3.545,3.545,0,0,0,0
aten::copy_,,,6.384,9.378,0,8.941,0,0
aclnnInplaceCopy,,,2.994,2.994,8.941,8.941,0,0
aten::_log_softmax,,,5.666,24.048,0,48.562,0,0
empty_tensor,,,1.697,1.697,0,0,0,0
aclnnLogSoftmax,,,16.685,16.685,48.562,48.562,0,0
aten::to,,,0.493,7.097,0,2.62,0,0
aten::_to_copy,,,0.886,6.604,0,2.62,0,0
aten::empty,,,0.397,2.008,0,0,0,0
empty_tensor,,,1.611,1.611,0,0,0,0
aten::copy_,,,2.131,3.71,0,2.62,0,0
aclnnInplaceCopy,,,1.579,1.579,2.62,2.62,0,0
aten::lift_fresh,,,0.365,0.365,0,0,0,0
aten::to,,,0.46,0.46,0,0,0,0
aten::pin_memory,,,1.212,116.808,0,0,0,0
aten::is_pinned,,,11.52,11.52,0,0,0,0
aten::_pin_memory,,,97.635,104.076,0,0,0,0
aten::set_,,,1.475,1.475,0,0,0,0
aten::copy_,,,4.966,4.966,0,0,0,0
aten::to,,,0.603,16.758,0,2.84,0,0
aten::_to_copy,,,1.677,16.155,0,2.84,0,0
aten::empty_strided,,,4.37,5.485,0,0,0,0
empty_tensor,,,1.115,1.115,0,0,0,0
aten::copy_,,,6.2,8.993,0,2.84,0,0
acl_memcpy_host_to_device,,,2.793,2.793,2.84,2.84,0,0
record_event,,,2.472,2.472,0.0,0.0,0,0
aten::eq,,,3.675,6.26,0,2.02,0,0
empty_tensor,,,1.633,1.633,0,0,0,0
aclnnEqScalar,,,0.952,0.952,2.02,2.02,0,0
aten::masked_fill_,,,28.955,29.762,0,49.942,0,0
aclnnInplaceMaskedFillScalar,,,0.807,0.807,49.942,49.942,0,0
aten::zeros,,,1.67,6.726,0,8.96,0,0
empty_tensor,,,1.605,1.605,0,0,0,0
aten::zero_,,,2.498,3.451,0,8.96,0,0
aclnnInplaceZero,,,0.953,0.953,8.96,8.96,0,0
P13/1104248/00938/jit_run,,,619.441,777.587,0,62.242,0,0
P13/1104248/00939/launch,,,146.253,158.146,0,62.242,0,0
token_bin_counts_and_mask_kernel,,,11.893,11.893,62.242,62.242,0,0
aten::gt,,,10.302,20.458,0,24.121000000000002,0,0
empty_tensor,,,5.01,5.01,0,0,0,0
aclnnGtScalar,,,5.146,5.146,24.121000000000002,24.121000000000002,0,0
aten::zeros,,,1.881,8.609,0,2.52,0,0
empty_tensor,,,1.63,1.63,0,0,0,0
aten::zero_,,,3.36,5.098,0,2.52,0,0
aclnnInplaceZero,,,1.738,1.738,2.52,2.52,0,0
P13/1104248/00940/jit_run,,,550.954,676.125,0,59.802,0,0
P13/1104248/00941/launch,,,121.148,125.171,0,59.802,0,0
token_bin_counts_and_mask_kernel,,,4.023,4.023,59.802,59.802,0,0
aten::gt,,,7.71,14.629,0,12.879999999999999,0,0
empty_tensor,,,3.889,3.889,0,0,0,0
aclnnGtScalar,,,3.03,3.03,12.879999999999999,12.879999999999999,0,0
P13/1104248/00942/jit_run,,,706.751,861.85,0,76.583,0,0
P13/1104248/00943/launch,,,151.412,155.099,0,76.583,0,0
apply_all_penalties_kernel,,,3.687,3.687,76.583,76.583,0,0
aten::argmax,,,3.503,23.506,0,19.661,0,0
aten::empty,,,1.22,4.935,0,0,0,0
empty_tensor,,,3.715,3.715,0,0,0,0
aten::argmax,,,9.112,15.068,0,19.661,0,0
aten::reshape,,,0.649,2.732,0,0,0,0
aten::view,,,2.083,2.083,0,0,0,0
aclnnArgMax,,,3.224,3.224,19.661,19.661,0,0
aten::view,,,0.765,0.765,0,0,0,0
aten::to,,,0.465,0.465,0,0,0,0
aten::topk,,,5.386,10.507,0,30.982,0,0
empty_tensor,,,1.765,1.765,0,0,0,0
empty_tensor,,,0.748,0.748,0,0,0,0
aclnnTopk,,,2.608,2.608,30.982,30.982,0,0
aten::unsqueeze,,,1.112,2.616,0,0,0,0
aten::as_strided,,,1.504,1.504,0,0,0,0
aten::gather,,,5.729,16.596,0,5.34,0,0
empty_tensor,,,1.442,1.442,0,0,0,0
aclnnGather,,,9.425,9.425,5.34,5.34,0,0
TorchDynamo Cache Lookup,,,26.915,26.915,0,0,0,0
Torch-Compiled Region: 1/0,,,160.911,181.015,0,39.601,0,0
aten::_assert_scalar,,,1.625,1.625,0,0,0,0
aten::_assert_scalar,,,0.158,0.158,0,0,0,0
aten::_assert_scalar,,,0.254,0.254,0,0,0,0
aten::ge,,,4.111,8.841,0,8.82,0,0
empty_tensor,,,2.089,2.089,0,0,0,0
aclnnGeTensor,,,2.641,2.641,8.82,8.82,0,0
aten::sum,,,4.849,9.226,0,30.781,0,0
empty_tensor,,,1.529,1.529,0,0,0,0
aclnnReduceSum,,,2.848,2.848,30.781,30.781,0,0
aten::cat,,,5.173,8.62,0,2.341,0,0
empty_tensor,,,1.086,1.086,0,0,0,0
aclnnCat,,,2.361,2.361,2.341,2.341,0,0
aten::cat,,,1.934,3.952,0,1.66,0,0
empty_tensor,,,1.25,1.25,0,0,0,0
aclnnCat,,,0.768,0.768,1.66,1.66,0,0
aten::to,,,0.676,10.865,0,1.0,0,0
aten::_to_copy,,,2.077,10.189,0,1.0,0,0
aten::empty,,,0.645,1.941,0,0,0,0
empty_tensor,,,1.296,1.296,0,0,0,0
aten::copy_,,,3.889,6.171,0,1.0,0,0
aclnnInplaceCopy,,,2.282,2.282,1.0,1.0,0,0
aten::to,,,0.413,6.816,0,1.02,0,0
aten::_to_copy,,,0.661,6.403,0,1.02,0,0
aten::empty,,,0.315,1.358,0,0,0,0
empty_tensor,,,1.043,1.043,0,0,0,0
aten::copy_,,,2.112,4.384,0,1.02,0,0
aclnnInplaceCopy,,,2.272,2.272,1.02,1.02,0,0
aten::unsqueeze,,,0.813,1.984,0,0,0,0
aten::as_strided,,,1.171,1.171,0,0,0,0
P13/1104248/00944/to_list,,,167.522,1239.167,0,2.16,0,0
aten::slice,,,4.454,5.757,0,0,0,0
aten::as_strided,,,1.303,1.303,0,0,0,0
aten::copy_,,,11.273,18.176,0,2.14,0,0
acl_memcpy_device_to_host,,,6.903,6.903,2.14,2.14,0,0
Event::record,,,192.492,620.087,0,0.02,0,0
P13/1104248/00945/event_record,,,423.683,427.595,0,0.02,0,0
record_event,,,3.912,3.912,0.02,0.02,0,0
Event::synchronize,,,202.958,427.04,0,0,0,0
P13/1104248/00946/synchronize,,,224.082,224.082,0,0,0,0
aten::resolve_conj,,,0.45,0.45,0,0,0,0
aten::resolve_neg,,,0.135,0.135,0,0,0,0
aten::to,,,1.363,113.836,0,0,0,0
aten::_to_copy,,,2.231,112.473,0,0,0,0
aten::empty,,,2.712,2.712,0,0,0,0
aten::copy_,,,107.53,107.53,0,0,0,0
aten::detach,,,0.989,0.989,0,0,0,0
aten::to,,,0.383,0.383,0,0,0,0
aten::resolve_conj,,,0.19,0.19,0,0,0,0
aten::resolve_neg,,,0.328,0.328,0,0,0,0
aten::to,,,0.595,81.725,0,0,0,0
aten::_to_copy,,,1.171,81.13,0,0,0,0
aten::empty,,,1.017,1.017,0,0,0,0
aten::copy_,,,78.942,78.942,0,0,0,0
aten::detach,,,0.233,0.233,0,0,0,0
aten::to,,,0.218,0.218,0,0,0,0
aten::resolve_conj,,,0.219,0.219,0,0,0,0
aten::resolve_neg,,,0.267,0.267,0,0,0,0
aten::to,,,0.476,74.325,0,0,0,0
aten::_to_copy,,,0.964,73.849,0,0,0,0
aten::empty,,,0.567,0.567,0,0,0,0
aten::copy_,,,72.318,72.318,0,0,0,0
aten::detach,,,0.207,0.207,0,0,0,0
aten::to,,,0.277,0.277,0,0,0,0
aten::resolve_conj,,,0.282,0.282,0,0,0,0
aten::resolve_neg,,,0.31,0.31,0,0,0,0
aten::slice,,,1.8,3.903,0,0,0,0
aten::as_strided,,,2.103,2.103,0,0,0,0
aten::slice,,,5.252,8.388,0,0,0,0
aten::as_strided,,,3.136,3.136,0,0,0,0
aten::slice,,,0.751,1.132,0,0,0,0
aten::as_strided,,,0.381,0.381,0,0,0,0
aten::slice,,,0.546,0.967,0,0,0,0
aten::as_strided,,,0.421,0.421,0,0,0,0
P13/1104248/00947/runner,,,1816.56,111629.373,0,2823.241,0,1394.378
aten::slice,,,4.816,7.892,0,0,0,0
aten::as_strided,,,3.076,3.076,0,0,0,0
aten::slice,,,2.006,3.143,0,0,0,0
aten::as_strided,,,1.137,1.137,0,0,0,0
aten::copy_,,,16.814,23.468,0,2.8,0,0
acl_memcpy_host_to_device,,,6.654,6.654,2.8,2.8,0,0
aten::slice,,,0.659,1.141,0,0,0,0
aten::as_strided,,,0.482,0.482,0,0,0,0
aten::slice,,,0.882,1.219,0,0,0,0
aten::as_strided,,,0.337,0.337,0,0,0,0
aten::copy_,,,2.794,5.422,0,2.78,0,0
acl_memcpy_host_to_device,,,2.628,2.628,2.78,2.78,0,0
aten::slice,,,0.526,0.831,0,0,0,0
aten::as_strided,,,0.305,0.305,0,0,0,0
aten::slice,,,0.54,0.768,0,0,0,0
aten::as_strided,,,0.228,0.228,0,0,0,0
aten::copy_,,,2.083,3.71,0,2.78,0,0
acl_memcpy_host_to_device,,,1.627,1.627,2.78,2.78,0,0
aten::empty,,,98.136,98.136,0,0,0,0
aten::detach,,,0.858,0.858,0,0,0,0
aten::to,,,0.764,0.764,0,0,0,0
aten::resolve_conj,,,0.337,0.337,0,0,0,0
aten::resolve_neg,,,0.174,0.174,0,0,0,0
aten::to,,,0.736,18.185,0,2.72,0,0
aten::_to_copy,,,2.285,17.449,0,2.72,0,0
aten::empty_strided,,,5.624,8.314,0,0,0,0
empty_tensor,,,2.69,2.69,0,0,0,0
aten::copy_,,,4.254,6.85,0,2.72,0,0
acl_memcpy_host_to_device,,,2.596,2.596,2.72,2.72,0,0
aten::slice,,,1.38,2.052,0,0,0,0
aten::as_strided,,,0.672,0.672,0,0,0,0
aten::slice,,,0.867,1.351,0,0,0,0
aten::as_strided,,,0.484,0.484,0,0,0,0
aten::slice,,,0.775,1.49,0,0,0,0
aten::as_strided,,,0.715,0.715,0,0,0,0
record_event,,,3.07,3.07,0.02,0.02,0,0
P13/1104248/00948/prepare,,,1108.589,2793.29,0,161.367,0,0
P13/1104248/00949/buffer_copy,,,101.494,115.302,0,2.62,0,0
aten::slice,,,1.776,3.213,0,0,0,0
aten::as_strided,,,1.437,1.437,0,0,0,0
aten::slice,,,1.0,1.615,0,0,0,0
aten::as_strided,,,0.615,0.615,0,0,0,0
aten::copy_,,,6.013,8.98,0,2.62,0,0
acl_memcpy_host_to_device,,,2.967,2.967,2.62,2.62,0,0
aten::lift_fresh,,,0.324,0.324,0,0,0,0
aten::lift_fresh,,,0.101,0.101,0,0,0,0
aten::flatten,,,1.261,3.549,0,0,0,0
aten::view,,,2.288,2.288,0,0,0,0
aten::slice,,,1.311,1.766,0,0,0,0
aten::as_strided,,,0.455,0.455,0,0,0,0
aten::index_select,,,2.58,2.58,0,0,0,0
P13/1104248/00950/buffer_copy,,,90.208,146.505,0,2.64,0,0
aten::copy_,,,7.924,56.297,0,2.64,0,0
acl_memcpy_host_to_device,,,48.373,48.373,2.64,2.64,0,0
aten::slice,,,1.845,2.366,0,0,0,0
aten::as_strided,,,0.521,0.521,0,0,0,0
aten::lift_fresh,,,0.189,0.189,0,0,0,0
aten::slice,,,0.892,1.224,0,0,0,0
aten::as_strided,,,0.332,0.332,0,0,0,0
aten::add,,,5.63,5.63,0,0,0,0
aten::slice,,,0.523,0.76,0,0,0,0
aten::as_strided,,,0.237,0.237,0,0,0,0
aten::fill_,,,1.786,1.786,0,0,0,0
aten::slice,,,0.782,2.233,0,0,0,0
aten::as_strided,,,1.451,1.451,0,0,0,0
aten::fill_,,,8.643,12.506,0,1.12,0,0
aclnnInplaceFillScalar,,,3.863,3.863,1.12,1.12,0,0
P13/1104248/00951/buffer_copy,,,94.7,106.85,0,2.66,0,0
aten::slice,,,1.144,2.125,0,0,0,0
aten::as_strided,,,0.981,0.981,0,0,0,0
aten::slice,,,0.752,1.072,0,0,0,0
aten::as_strided,,,0.32,0.32,0,0,0,0
aten::copy_,,,6.289,8.953,0,2.66,0,0
acl_memcpy_host_to_device,,,2.664,2.664,2.66,2.66,0,0
aten::slice,,,0.909,1.29,0,0,0,0
aten::as_strided,,,0.381,0.381,0,0,0,0
aten::detach,,,1.405,1.405,0,0,0,0
aten::to,,,0.741,0.741,0,0,0,0
aten::resolve_conj,,,0.259,0.259,0,0,0,0
aten::resolve_neg,,,0.1,0.1,0,0,0,0
P13/1104248/00952/buffer_copy,,,76.13,80.088,0,0,0,0
aten::slice,,,1.257,2.577,0,0,0,0
aten::as_strided,,,1.32,1.32,0,0,0,0
aten::slice,,,0.504,0.809,0,0,0,0
aten::as_strided,,,0.305,0.305,0,0,0,0
aten::copy_,,,0.572,0.572,0,0,0,0
P13/1104248/00953/buffer_copy,,,67.449,79.543,0,2.78,0,0
aten::slice,,,1.198,2.16,0,0,0,0
aten::as_strided,,,0.962,0.962,0,0,0,0
aten::slice,,,1.074,1.485,0,0,0,0
aten::as_strided,,,0.411,0.411,0,0,0,0
aten::copy_,,,5.461,8.449,0,2.78,0,0
acl_memcpy_host_to_device,,,2.988,2.988,2.78,2.78,0,0
aten::fill_,,,5.383,7.913,0,0.96,0,0
aclnnInplaceFillScalar,,,2.53,2.53,0.96,0.96,0,0
aten::slice,,,1.049,1.804,0,0,0,0
aten::as_strided,,,0.755,0.755,0,0,0,0
aten::slice,,,0.722,1.754,0,0,0,0
aten::as_strided,,,1.032,1.032,0,0,0,0
aten::copy_,,,4.31,6.103,0,2.641,0,0
acl_memcpy_host_to_device,,,1.793,1.793,2.641,2.641,0,0
P13/1104248/00954/buffer_copy,,,71.766,80.839,0,2.7,0,0
aten::slice,,,1.092,1.93,0,0,0,0
aten::as_strided,,,0.838,0.838,0,0,0,0
aten::slice,,,0.655,1.002,0,0,0,0
aten::as_strided,,,0.347,0.347,0,0,0,0
aten::copy_,,,3.836,6.141,0,2.7,0,0
acl_memcpy_host_to_device,,,2.305,2.305,2.7,2.7,0,0
aten::slice,,,0.879,1.602,0,0,0,0
aten::as_strided,,,0.723,0.723,0,0,0,0
P13/1104248/00955/buffer_copy,,,65.866,78.652,0,2.761,0,0
aten::slice,,,1.014,1.781,0,0,0,0
aten::as_strided,,,0.767,0.767,0,0,0,0
aten::slice,,,0.85,1.107,0,0,0,0
aten::as_strided,,,0.257,0.257,0,0,0,0
aten::copy_,,,4.75,9.898,0,2.761,0,0
acl_memcpy_host_to_device,,,5.148,5.148,2.761,2.761,0,0
P13/1104248/00956/buffer_copy,,,65.331,76.535,0,2.66,0,0
aten::slice,,,1.118,2.253,0,0,0,0
aten::as_strided,,,1.135,1.135,0,0,0,0
aten::slice,,,0.525,0.797,0,0,0,0
aten::as_strided,,,0.272,0.272,0,0,0,0
aten::copy_,,,4.097,8.154,0,2.66,0,0
acl_memcpy_host_to_device,,,4.057,4.057,2.66,2.66,0,0
aten::slice,,,0.972,1.805,0,0,0,0
aten::as_strided,,,0.833,0.833,0,0,0,0
aten::index,,,8.892,19.23,0,9.1,0,0
empty_tensor,,,3.058,3.058,0,0,0,0
empty_tensor,,,4.397,4.397,0,0,0,0
aclnnIndex,,,2.883,2.883,9.1,9.1,0,0
aten::to,,,0.769,11.81,0,0.94,0,0
aten::_to_copy,,,2.168,11.041,0,0.94,0,0
aten::empty,,,0.804,2.57,0,0,0,0
empty_tensor,,,1.766,1.766,0,0,0,0
aten::copy_,,,3.681,6.303,0,0.94,0,0
aclnnInplaceCopy,,,2.622,2.622,0.94,0.94,0,0
aten::slice,,,1.008,1.741,0,0,0,0
aten::as_strided,,,0.733,0.733,0,0,0,0
aten::add,,,5.254,7.785,0,2.88,0,0
empty_tensor,,,0.966,0.966,0,0,0,0
aclnnAdd,,,1.565,1.565,2.88,2.88,0,0
aten::slice,,,0.754,1.269,0,0,0,0
aten::as_strided,,,0.515,0.515,0,0,0,0
aten::copy_,,,23.768,26.183,0,0.72,0,0
aclnnInplaceCopy,,,2.415,2.415,0.72,0.72,0,0
aten::slice,,,0.761,1.248,0,0,0,0
aten::as_strided,,,0.487,0.487,0,0,0,0
aten::add,,,2.949,5.7,0,1.72,0,0
empty_tensor,,,1.174,1.174,0,0,0,0
aclnnAdd,,,1.577,1.577,1.72,1.72,0,0
aten::copy_,,,6.502,8.199,0,0.62,0,0
aclnnInplaceCopy,,,1.697,1.697,0.62,0.62,0,0
aten::slice,,,0.797,1.408,0,0,0,0
aten::as_strided,,,0.611,0.611,0,0,0,0
aten::fill_,,,2.52,13.218,0,0,0,0
aclnnInplaceFillScalar,,,10.698,10.698,0,0,0,0
aten::slice,,,0.608,1.043,0,0,0,0
aten::as_strided,,,0.435,0.435,0,0,0,0
aten::slice,,,1.099,1.635,0,0,0,0
aten::as_strided,,,0.536,0.536,0,0,0,0
P13/1104248/00957/jit_run,,,586.563,738.507,0,120.605,0,0
P13/1104248/00958/launch,,,146.831,151.944,0,120.605,0,0
_compute_slot_mapping_kernel,,,5.113,5.113,120.605,120.605,0,0
aten::slice,,,2.553,4.22,0,0,0,0
aten::as_strided,,,1.667,1.667,0,0,0,0
aten::sub,,,8.587,17.401,0,1.24,0,0
empty_tensor,,,4.336,4.336,0,0,0,0
aten::item,,,0.826,1.363,0,0,0,0
aten::_local_scalar_dense,,,0.537,0.537,0,0,0,0
aclnnSubs,,,3.115,3.115,1.24,1.24,0,0
aten::detach,,,1.559,1.559,0,0,0,0
aten::to,,,0.877,0.877,0,0,0,0
aten::resolve_conj,,,0.364,0.364,0,0,0,0
aten::resolve_neg,,,0.125,0.125,0,0,0,0
aten::slice,,,2.011,3.35,0,0,0,0
aten::as_strided,,,1.339,1.339,0,0,0,0
aten::slice,,,0.802,1.654,0,0,0,0
aten::as_strided,,,0.852,0.852,0,0,0,0
aten::slice,,,0.672,1.368,0,0,0,0
aten::as_strided,,,0.696,0.696,0,0,0,0
aten::slice,,,0.912,1.471,0,0,0,0
aten::as_strided,,,0.559,0.559,0,0,0,0
aten::fill_,,,5.367,8.59,0,0,0,0
aclnnInplaceFillScalar,,,3.223,3.223,0,0,0,0
aten::slice,,,0.707,1.178,0,0,0,0
aten::as_strided,,,0.471,0.471,0,0,0,0
aten::fill_,,,1.772,3.532,0,0,0,0
aclnnInplaceFillScalar,,,1.76,1.76,0,0,0,0
aten::slice,,,0.59,0.831,0,0,0,0
aten::as_strided,,,0.241,0.241,0,0,0,0
aten::slice,,,1.208,1.442,0,0,0,0
aten::as_strided,,,0.234,0.234,0,0,0,0
aten::lt,,,6.387,6.387,0,0,0,0
aten::lift_fresh,,,0.289,0.289,0,0,0,0
aten::slice,,,0.279,0.571,0,0,0,0
aten::as_strided,,,0.292,0.292,0,0,0,0
aten::fill_,,,1.057,3.817,0,0,0,0
aten::copy_,,,2.76,2.76,0,0,0,0
aten::slice,,,0.639,0.963,0,0,0,0
aten::as_strided,,,0.324,0.324,0,0,0,0
aten::slice,,,0.482,0.924,0,0,0,0
aten::as_strided,,,0.442,0.442,0,0,0,0
aten::slice,,,0.447,0.647,0,0,0,0
aten::as_strided,,,0.2,0.2,0,0,0,0
aten::slice,,,0.726,1.229,0,0,0,0
aten::as_strided,,,0.503,0.503,0,0,0,0
aten::slice,,,0.452,0.625,0,0,0,0
aten::as_strided,,,0.173,0.173,0,0,0,0
aten::slice,,,0.357,0.465,0,0,0,0
aten::as_strided,,,0.108,0.108,0,0,0,0
aten::slice,,,0.749,1.061,0,0,0,0
aten::as_strided,,,0.312,0.312,0,0,0,0
aten::slice,,,0.608,0.784,0,0,0,0
aten::as_strided,,,0.176,0.176,0,0,0,0
aten::slice,,,0.943,1.1,0,0,0,0
aten::as_strided,,,0.157,0.157,0,0,0,0
aten::sub,,,4.018,4.018,0,0,0,0
aten::gt,,,6.077,14.033,0,0,0,0
aten::to,,,0.62,7.956,0,0,0,0
aten::_to_copy,,,2.437,7.336,0,0,0,0
aten::empty_strided,,,2.103,2.103,0,0,0,0
aten::copy_,,,2.796,2.796,0,0,0,0
aten::any,,,3.621,7.447,0,0,0,0
aten::view_as,,,1.207,2.075,0,0,0,0
aten::view,,,0.868,0.868,0,0,0,0
aten::to,,,0.168,0.168,0,0,0,0
aten::copy_,,,1.583,1.583,0,0,0,0
aten::is_nonzero,,,1.322,2.218,0,0,0,0
aten::item,,,0.572,0.896,0,0,0,0
aten::_local_scalar_dense,,,0.324,0.324,0,0,0,0
aten::to,,,0.31,3.29,0,0,0,0
aten::_to_copy,,,0.73,2.98,0,0,0,0
aten::empty_strided,,,0.595,0.595,0,0,0,0
aten::copy_,,,1.655,1.655,0,0,0,0
aten::argmax,,,1.829,2.104,0,0,0,0
aten::fill_,,,0.275,0.275,0,0,0,0
aten::item,,,0.39,0.677,0,0,0,0
aten::_local_scalar_dense,,,0.287,0.287,0,0,0,0
aten::select,,,3.826,4.311,0,0,0,0
aten::as_strided,,,0.485,0.485,0,0,0,0
aten::item,,,0.311,0.522,0,0,0,0
aten::_local_scalar_dense,,,0.211,0.211,0,0,0,0
aten::slice,,,0.57,1.028,0,0,0,0
aten::as_strided,,,0.458,0.458,0,0,0,0
aten::slice,,,0.468,1.052,0,0,0,0
aten::as_strided,,,0.584,0.584,0,0,0,0
aten::pin_memory,,,1.28,13.753,0,0,0,0
aten::is_pinned,,,12.473,12.473,0,0,0,0
aten::to,,,1.0,17.81,0,2.7,0,0
aten::_to_copy,,,1.861,16.81,0,2.7,0,0
aten::empty_strided,,,4.449,6.66,0,0,0,0
empty_tensor,,,2.211,2.211,0,0,0,0
aten::copy_,,,5.627,8.289,0,2.7,0,0
acl_memcpy_host_to_device,,,2.662,2.662,2.7,2.7,0,0
aten::resolve_conj,,,0.17,0.17,0,0,0,0
aten::resolve_neg,,,0.135,0.135,0,0,0,0
aten::slice,,,0.649,0.83,0,0,0,0
aten::as_strided,,,0.181,0.181,0,0,0,0
aten::resolve_conj,,,0.067,0.067,0,0,0,0
aten::resolve_neg,,,0.12,0.12,0,0,0,0
aten::slice,,,0.987,1.546,0,0,0,0
aten::as_strided,,,0.559,0.559,0,0,0,0
aten::slice,,,0.643,1.056,0,0,0,0
aten::as_strided,,,0.413,0.413,0,0,0,0
aten::index_select,,,8.433,13.812,0,4.101,0,0
empty_tensor,,,2.741,2.741,0,0,0,0
aclnnIndexSelect,,,2.638,2.638,4.101,4.101,0,0
aten::view,,,1.534,1.534,0,0,0,0
aten::repeat,,,3.679,10.824,0,1.72,0,0
empty_tensor,,,1.184,1.184,0,0,0,0
aclnnRepeat,,,5.961,5.961,1.72,1.72,0,0
aten::chunk,,,1.416,6.688,0,0,0,0
aten::split,,,1.087,5.272,0,0,0,0
aten::narrow,,,1.151,3.076,0,0,0,0
aten::slice,,,0.545,1.925,0,0,0,0
aten::as_strided,,,1.38,1.38,0,0,0,0
aten::narrow,,,0.359,1.109,0,0,0,0
aten::slice,,,0.221,0.75,0,0,0,0
aten::as_strided,,,0.529,0.529,0,0,0,0
aten::slice,,,0.777,1.586,0,0,0,0
aten::as_strided,,,0.809,0.809,0,0,0,0
aten::view,,,0.77,0.77,0,0,0,0
aten::expand,,,1.042,1.779,0,0,0,0
aten::as_strided,,,0.737,0.737,0,0,0,0
aten::copy_,,,5.674,8.176,0,2.66,0,0
aclnnInplaceCopy,,,2.502,2.502,2.66,2.66,0,0
aten::index_select,,,3.011,5.456,0,3.901,0,0
empty_tensor,,,1.548,1.548,0,0,0,0
aclnnIndexSelect,,,0.897,0.897,3.901,3.901,0,0
aten::view,,,0.635,0.635,0,0,0,0
aten::repeat,,,1.551,3.533,0,1.9,0,0
empty_tensor,,,1.088,1.088,0,0,0,0
aclnnRepeat,,,0.894,0.894,1.9,1.9,0,0
aten::chunk,,,0.418,4.339,0,0,0,0
aten::split,,,0.617,3.921,0,0,0,0
aten::narrow,,,0.423,1.744,0,0,0,0
aten::slice,,,0.482,1.321,0,0,0,0
aten::as_strided,,,0.839,0.839,0,0,0,0
aten::narrow,,,0.433,1.56,0,0,0,0
aten::slice,,,0.527,1.127,0,0,0,0
aten::as_strided,,,0.6,0.6,0,0,0,0
aten::slice,,,0.615,0.999,0,0,0,0
aten::as_strided,,,0.384,0.384,0,0,0,0
aten::view,,,0.539,0.539,0,0,0,0
aten::expand,,,0.496,0.818,0,0,0,0
aten::as_strided,,,0.322,0.322,0,0,0,0
aten::copy_,,,2.026,6.133,0,2.42,0,0
aclnnInplaceCopy,,,4.107,4.107,2.42,2.42,0,0
aten::slice,,,0.519,0.815,0,0,0,0
aten::as_strided,,,0.296,0.296,0,0,0,0
aten::slice,,,0.539,0.808,0,0,0,0
aten::as_strided,,,0.269,0.269,0,0,0,0
P13/1104248/00959/forward,,,7396.257,106620.26,0,2404.083,0,1175.929
P13/1104248/00960/acl_dispatch,,,321.857,2320.194,0,32.541000000000004,0,11.32
P13/1104248/00961/partition_body,,,204.788,1998.337,0,32.541000000000004,0,11.32
npu_fx_compiler inference,,,318.903,1793.549,0,32.541000000000004,0,11.32
aten::_to_copy,,,4.28,25.261,0,0.9,0,0
aten::empty,,,1.629,8.367,0,0,0,0
empty_tensor,,,6.738,6.738,0,0,0,0
aten::copy_,,,7.856,12.614,0,0.9,0,0
aclnnInplaceCopy,,,4.758,4.758,0.9,0.9,0,0
aten::embedding,,,6.073,11.332,0,3.72,0,0
empty_tensor,,,2.814,2.814,0,0,0,0
aclnnEmbedding,,,2.445,2.445,3.72,3.72,0,0
vllm::maybe_pad_and_reduce,,,24.033,24.033,0,0,0,0
npu::npu_rms_norm,,,29.357,34.752,0,6.381,0,0
empty_tensor,,,2.029,2.029,0,0,0,0
empty_tensor,,,0.927,0.927,0,0,0,0
aclnnRmsNorm,,,2.439,2.439,6.381,6.381,0,0
vllm::unquantized_gemm,,,83.799,220.796,0,12.5,0,11.32
P13/1104248/00962/linear,,,107.345,136.997,0,12.5,0,11.32
aten::linear,,,2.277,29.652,0,12.5,0,11.32
aten::t,,,2.492,6.282,0,0,0,0
aten::transpose,,,1.52,3.79,0,0,0,0
aten::as_strided,,,2.27,2.27,0,0,0,0
aten::addmm,,,9.358,21.093,0,12.5,0,11.32
empty_tensor,,,2.388,2.388,0,0,0,0
aclnnAddmm,,,9.347,9.347,12.5,12.5,11.32,11.32
aten::split_with_sizes,,,4.193,6.215,0,0,0,0
aten::as_strided,,,1.469,1.469,0,0,0,0
aten::as_strided,,,0.312,0.312,0,0,0,0
aten::as_strided,,,0.241,0.241,0,0,0,0
vllm::npu_rotary_embedding,,,197.135,1133.71,0,9.04,0,0
aten::view,,,1.691,1.691,0,0,0,0
aten::view,,,1.041,1.041,0,0,0,0
aten::contiguous,,,1.405,13.1,0,2.14,0,0
aten::clone,,,1.642,11.695,0,2.14,0,0
empty_tensor,,,2.332,2.332,0,0,0,0
aten::copy_,,,4.831,7.721,0,2.14,0,0
aclnnInplaceCopy,,,2.89,2.89,2.14,2.14,0,0
aten::contiguous,,,0.394,5.465,0,2.1,0,0
aten::clone,,,0.494,5.071,0,2.1,0,0
empty_tensor,,,1.701,1.701,0,0,0,0
aten::copy_,,,1.961,2.876,0,2.1,0,0
aclnnInplaceCopy,,,0.915,0.915,2.1,2.1,0,0
P13/1104248/00963/jit_run,,,714.307,911.977,0,4.8,0,0
P13/1104248/00964/launch,,,193.0,197.67,0,4.8,0,0
_triton_rope,,,4.67,4.67,4.8,4.8,0,0
aten::view,,,2.754,2.754,0,0,0,0
aten::view,,,0.547,0.547,0,0,0,0
aten::empty,,,2.529,7.859,0,0,0,0
empty_tensor,,,5.33,5.33,0,0,0,0
aten::detach,,,1.23,1.23,0,0,0,0
aten::reshape,,,1.236,2.273,0,0,0,0
aten::view,,,1.037,1.037,0,0,0,0
aten::reshape,,,0.511,1.07,0,0,0,0
aten::view,,,0.559,0.559,0,0,0,0
aten::reshape,,,0.585,1.337,0,0,0,0
aten::view,,,0.752,0.752,0,0,0,0
aten::reshape,,,3.179,4.778,0,0,0,0
aten::_reshape_alias,,,0.807,1.599,0,0,0,0
aten::view,,,0.792,0.792,0,0,0,0
vllm::unified_attention_with_output,,,158.87,1218.05,0,31.881,0,0
P13/1104248/00965/attention,,,288.1,1059.18,0,31.881,0,0
aten::slice,,,1.913,4.407,0,0,0,0
aten::as_strided,,,2.494,2.494,0,0,0,0
aten::slice,,,0.476,1.282,0,0,0,0
aten::as_strided,,,0.806,0.806,0,0,0,0
aten::slice,,,2.728,3.532,0,0,0,0
aten::as_strided,,,0.804,0.804,0,0,0,0
P13/1104248/00966/cache_write,,,153.568,282.714,0,5.82,0,0
P13/1104248/00967/torch_api,,,85.191,129.146,0,5.82,0,0
atb::_npu_reshape_and_cache,,,22.26,43.955,0,5.82,0,0
aten::contiguous,,,0.965,19.883,0,2.36,0,0
aten::clone,,,1.939,18.918,0,2.36,0,0
empty_tensor,,,5.02,5.02,0,0,0,0
aten::copy_,,,7.481,11.959,0,2.36,0,0
aclnnInplaceCopy,,,4.478,4.478,2.36,2.36,0,0
ReshapeCacheOperation,,,1.812,1.812,3.46,3.46,0,0
P13/1104248/00968/fia,,,240.095,463.921,0,26.061,0,0
aten::slice,,,1.226,2.47,0,0,0,0
aten::as_strided,,,1.244,1.244,0,0,0,0
aten::slice,,,0.437,0.945,0,0,0,0
aten::as_strided,,,0.508,0.508,0,0,0,0
aten::slice,,,0.281,0.79,0,0,0,0
aten::as_strided,,,0.509,0.509,0,0,0,0
P13/1104248/00969/torch_api,,,108.624,190.92,0,25.421,0,0
npu::npu_fused_infer_attention_score,,,71.648,82.296,0,25.421,0,0
empty_tensor,,,3.929,3.929,0,0,0,0
empty_tensor,,,1.304,1.304,0,0,0,0
empty_tensor,,,0.742,0.742,0,0,0,0
empty_tensor,,,0.732,0.732,0,0,0,0
aclnnFusedInferAttentionScoreV3,,,3.941,3.941,25.421,25.421,0,0
aten::view,,,2.03,2.03,0,0,0,0
aten::slice,,,0.995,2.065,0,0,0,0
aten::as_strided,,,1.07,1.07,0,0,0,0
aten::copy_,,,17.501,24.606,0,0.64,0,0
aclnnInplaceCopy,,,7.105,7.105,0.64,0.64,0,0
aten::slice,,,0.708,1.658,0,0,0,0
aten::as_strided,,,0.95,0.95,0,0,0,0
aten::copy_,,,10.968,13.566,0,0,0,0
aclnnInplaceCopy,,,2.598,2.598,0,0,0,0
P13/1104248/00970/acl_dispatch,,,311.22,2927.234,0,71.904,0,49.842999999999996
P13/1104248/00971/partition_body,,,208.496,2616.014,0,71.904,0,49.842999999999996
npu_fx_compiler inference,,,410.349,2407.518,0,71.904,0,49.842999999999996
aten::reshape,,,2.24,4.59,0,0,0,0
aten::view,,,2.35,2.35,0,0,0,0
vllm::unquantized_gemm,,,72.382,186.24,0,5.681,0,5.681
P13/1104248/00972/linear,,,87.073,113.858,0,5.681,0,5.681
aten::linear,,,2.276,26.785,0,5.681,0,5.681
aten::t,,,2.77,5.92,0,0,0,0
aten::transpose,,,1.358,3.15,0,0,0,0
aten::as_strided,,,1.792,1.792,0,0,0,0
aten::matmul,,,9.521,18.589,0,5.681,0,5.681
empty_tensor,,,5.222,5.222,0,0,0,0
aclnnMatmul,,,3.846,3.846,5.681,5.681,5.681,5.681
vllm::maybe_chunk_residual,,,9.764,9.764,0,0,0,0
_C_ascend::npu_add_rms_norm_bias,,,19.745,36.618,0,3.62,0,0
aten::empty,,,1.306,4.677,0,0,0,0
empty_tensor,,,3.371,3.371,0,0,0,0
aten::empty,,,0.254,1.408,0,0,0,0
empty_tensor,,,1.154,1.154,0,0,0,0
aten::empty,,,0.381,1.98,0,0,0,0
empty_tensor,,,1.599,1.599,0,0,0,0
aten::empty,,,0.413,5.365,0,0,0,0
empty_tensor,,,4.952,4.952,0,0,0,0
aclnnAddRmsNormBias,,,3.443,3.443,3.62,3.62,0,0
vllm::unquantized_gemm,,,66.967,159.944,0,20.781,0,20.781
P13/1104248/00973/linear,,,77.397,92.977,0,20.781,0,20.781
aten::linear,,,1.42,15.58,0,20.781,0,20.781
aten::t,,,1.298,3.553,0,0,0,0
aten::transpose,,,0.82,2.255,0,0,0,0
aten::as_strided,,,1.435,1.435,0,0,0,0
aten::matmul,,,5.585,10.607,0,20.781,0,20.781
empty_tensor,,,2.415,2.415,0,0,0,0
aclnnMatmul,,,2.607,2.607,20.781,20.781,20.781,20.781
npu::npu_swiglu,,,14.262,20.614,0,6.24,0,0
empty_tensor,,,1.88,1.88,0,0,0,0
aclnnSwiGlu,,,4.472,4.472,6.24,6.24,0,0
vllm::unquantized_gemm,,,72.572,166.981,0,16.52,0,16.52
P13/1104248/00974/linear,,,80.711,94.409,0,16.52,0,16.52
aten::linear,,,1.176,13.698,0,16.52,0,16.52
aten::t,,,0.881,2.9,0,0,0,0
aten::transpose,,,0.658,2.019,0,0,0,0
aten::as_strided,,,1.361,1.361,0,0,0,0
aten::matmul,,,4.739,9.622,0,16.52,0,16.52
empty_tensor,,,2.437,2.437,0,0,0,0
aclnnMatmul,,,2.446,2.446,16.52,16.52,16.52,16.52
vllm::maybe_chunk_residual,,,9.299,9.299,0,0,0,0
_C_ascend::npu_add_rms_norm_bias,,,11.845,26.199,0,3.2,0,0
aten::empty,,,0.68,3.058,0,0,0,0
empty_tensor,,,2.378,2.378,0,0,0,0
aten::empty,,,0.239,1.324,0,0,0,0
empty_tensor,,,1.085,1.085,0,0,0,0
aten::empty,,,0.212,1.041,0,0,0,0
empty_tensor,,,0.829,0.829,0,0,0,0
aten::empty,,,1.058,2.883,0,0,0,0
empty_tensor,,,1.825,1.825,0,0,0,0
aclnnAddRmsNormBias,,,6.048,6.048,3.2,3.2,0,0
vllm::unquantized_gemm,,,72.175,172.163,0,7.981,0,6.861
P13/1104248/00975/linear,,,82.727,99.988,0,7.981,0,6.861
aten::linear,,,1.32,17.261,0,7.981,0,6.861
aten::t,,,0.884,2.745,0,0,0,0
aten::transpose,,,0.713,1.861,0,0,0,0
aten::as_strided,,,1.148,1.148,0,0,0,0
aten::addmm,,,8.188,13.196,0,7.981,0,6.861
empty_tensor,,,2.078,2.078,0,0,0,0
aclnnAddmm,,,2.93,2.93,7.981,7.981,6.861,6.861
aten::split_with_sizes,,,3.509,5.342,0,0,0,0
aten::as_strided,,,1.155,1.155,0,0,0,0
aten::as_strided,,,0.315,0.315,0,0,0,0
aten::as_strided,,,0.363,0.363,0,0,0,0
vllm::npu_rotary_embedding,,,217.619,1181.82,0,7.881,0,0
aten::view,,,2.192,2.192,0,0,0,0
aten::view,,,0.615,0.615,0,0,0,0
aten::contiguous,,,1.054,12.547,0,1.78,0,0
aten::clone,,,1.665,11.493,0,1.78,0,0
empty_tensor,,,2.279,2.279,0,0,0,0
aten::copy_,,,4.756,7.549,0,1.78,0,0
aclnnInplaceCopy,,,2.793,2.793,1.78,1.78,0,0
aten::contiguous,,,0.375,4.863,0,2.08,0,0
aten::clone,,,0.508,4.488,0,2.08,0,0
empty_tensor,,,1.362,1.362,0,0,0,0
aten::copy_,,,1.611,2.618,0,2.08,0,0
aclnnInplaceCopy,,,1.007,1.007,2.08,2.08,0,0
P13/1104248/00976/jit_run,,,727.234,940.632,0,4.021,0,0
P13/1104248/00977/launch,,,208.022,213.398,0,4.021,0,0
_triton_rope,,,5.376,5.376,4.021,4.021,0,0
aten::view,,,2.813,2.813,0,0,0,0
aten::view,,,0.539,0.539,0,0,0,0
aten::empty,,,2.099,7.253,0,0,0,0
empty_tensor,,,5.154,5.154,0,0,0,0
aten::detach,,,1.33,1.33,0,0,0,0
aten::reshape,,,1.069,2.071,0,0,0,0
aten::view,,,1.002,1.002,0,0,0,0
aten::reshape,,,0.559,1.03,0,0,0,0
aten::view,,,0.471,0.471,0,0,0,0
aten::reshape,,,0.421,0.846,0,0,0,0
aten::view,,,0.425,0.425,0,0,0,0
aten::reshape,,,3.237,5.065,0,0,0,0
aten::_reshape_alias,,,0.954,1.828,0,0,0,0
aten::view,,,0.874,0.874,0,0,0,0
vllm::unified_attention_with_output,,,108.669,1197.025,0,27.802999999999997,0,0
P13/1104248/00978/attention,,,299.044,1088.356,0,27.802999999999997,0,0
aten::slice,,,2.074,3.958,0,0,0,0
aten::as_strided,,,1.884,1.884,0,0,0,0
aten::slice,,,0.344,1.052,0,0,0,0
aten::as_strided,,,0.708,0.708,0,0,0,0
aten::slice,,,2.681,3.65,0,0,0,0
aten::as_strided,,,0.969,0.969,0,0,0,0
P13/1104248/00979/cache_write,,,158.717,285.44,0,5.7620000000000005,0,0
P13/1104248/00980/torch_api,,,86.016,126.723,0,5.7620000000000005,0,0
atb::_npu_reshape_and_cache,,,19.008,40.707,0,5.7620000000000005,0,0
aten::contiguous,,,1.051,20.039,0,2.361,0,0
aten::clone,,,2.104,18.988,0,2.361,0,0
empty_tensor,,,4.586,4.586,0,0,0,0
aten::copy_,,,7.625,12.298,0,2.361,0,0
aclnnInplaceCopy,,,4.673,4.673,2.361,2.361,0,0
ReshapeCacheOperation,,,1.66,1.66,3.401,3.401,0,0
P13/1104248/00981/fia,,,252.022,480.158,0,22.040999999999997,0,0
aten::slice,,,1.098,2.382,0,0,0,0
aten::as_strided,,,1.284,1.284,0,0,0,0
aten::slice,,,0.433,1.677,0,0,0,0
aten::as_strided,,,1.244,1.244,0,0,0,0
aten::slice,,,0.471,1.049,0,0,0,0
aten::as_strided,,,0.578,0.578,0,0,0,0
P13/1104248/00982/torch_api,,,115.045,194.865,0,21.401,0,0
npu::npu_fused_infer_attention_score,,,69.251,79.82,0,21.401,0,0
empty_tensor,,,3.938,3.938,0,0,0,0
empty_tensor,,,1.256,1.256,0,0,0,0
empty_tensor,,,0.593,0.593,0,0,0,0
empty_tensor,,,0.978,0.978,0,0,0,0
aclnnFusedInferAttentionScoreV3,,,3.804,3.804,21.401,21.401,0,0
aten::view,,,2.072,2.072,0,0,0,0
aten::slice,,,0.858,1.951,0,0,0,0
aten::as_strided,,,1.093,1.093,0,0,0,0
aten::copy_,,,17.214,24.14,0,0.64,0,0
aclnnInplaceCopy,,,6.926,6.926,0.64,0.64,0,0
aten::slice,,,0.68,1.575,0,0,0,0
aten::as_strided,,,0.895,0.895,0,0,0,0
aten::copy_,,,10.74,13.479,0,0,0,0
aclnnInplaceCopy,,,2.739,2.739,0,0,0,0
P13/1104248/00983/acl_dispatch,,,304.371,2934.225,0,69.944,0,48.662
P13/1104248/00984/partition_body,,,202.177,2629.854,0,69.944,0,48.662
npu_fx_compiler inference,,,428.534,2427.677,0,69.944,0,48.662
aten::reshape,,,2.439,4.836,0,0,0,0
aten::view,,,2.397,2.397,0,0,0,0
vllm::unquantized_gemm,,,74.046,189.521,0,5.84,0,5.84
P13/1104248/00985/linear,,,86.88,115.475,0,5.84,0,5.84
aten::linear,,,2.05,28.595,0,5.84,0,5.84
aten::t,,,2.577,5.879,0,0,0,0
aten::transpose,,,1.538,3.302,0,0,0,0
aten::as_strided,,,1.764,1.764,0,0,0,0
aten::matmul,,,9.635,20.666,0,5.84,0,5.84
empty_tensor,,,7.26,7.26,0,0,0,0
aclnnMatmul,,,3.771,3.771,5.84,5.84,5.84,5.84
vllm::maybe_chunk_residual,,,9.771,9.771,0,0,0,0
_C_ascend::npu_add_rms_norm_bias,,,19.336,34.205,0,3.2,0,0
aten::empty,,,1.305,4.501,0,0,0,0
empty_tensor,,,3.196,3.196,0,0,0,0
aten::empty,,,0.374,2.148,0,0,0,0
empty_tensor,,,1.774,1.774,0,0,0,0
aten::empty,,,0.439,1.43,0,0,0,0
empty_tensor,,,0.991,0.991,0,0,0,0
aten::empty,,,0.372,3.205,0,0,0,0
empty_tensor,,,2.833,2.833,0,0,0,0
aclnnAddRmsNormBias,,,3.585,3.585,3.2,3.2,0,0
vllm::unquantized_gemm,,,67.744,162.567,0,19.081,0,19.081
P13/1104248/00986/linear,,,79.549,94.823,0,19.081,0,19.081
aten::linear,,,1.389,15.274,0,19.081,0,19.081
aten::t,,,1.278,3.435,0,0,0,0
aten::transpose,,,0.884,2.157,0,0,0,0
aten::as_strided,,,1.273,1.273,0,0,0,0
aten::matmul,,,5.486,10.45,0,19.081,0,19.081
empty_tensor,,,2.272,2.272,0,0,0,0
aclnnMatmul,,,2.692,2.692,19.081,19.081,19.081,19.081
npu::npu_swiglu,,,15.001,19.408,0,4.981,0,0
empty_tensor,,,1.91,1.91,0,0,0,0
aclnnSwiGlu,,,2.497,2.497,4.981,4.981,0,0
vllm::unquantized_gemm,,,65.285,158.377,0,16.561,0,16.561
P13/1104248/00987/linear,,,77.401,93.092,0,16.561,0,16.561
aten::linear,,,0.988,15.691,0,16.561,0,16.561
aten::t,,,1.803,3.758,0,0,0,0
aten::transpose,,,0.684,1.955,0,0,0,0
aten::as_strided,,,1.271,1.271,0,0,0,0
aten::matmul,,,4.527,10.945,0,16.561,0,16.561
empty_tensor,,,2.183,2.183,0,0,0,0
aclnnMatmul,,,4.235,4.235,16.561,16.561,16.561,16.561
vllm::maybe_chunk_residual,,,8.611,8.611,0,0,0,0
_C_ascend::npu_add_rms_norm_bias,,,12.401,26.96,0,3.24,0,0
aten::empty,,,0.661,3.06,0,0,0,0
empty_tensor,,,2.399,2.399,0,0,0,0
aten::empty,,,0.388,1.392,0,0,0,0
empty_tensor,,,1.004,1.004,0,0,0,0
aten::empty,,,0.449,1.42,0,0,0,0
empty_tensor,,,0.971,0.971,0,0,0,0
aten::empty,,,0.461,2.339,0,0,0,0
empty_tensor,,,1.878,1.878,0,0,0,0
aclnnAddRmsNormBias,,,6.348,6.348,3.24,3.24,0,0
vllm::unquantized_gemm,,,72.985,179.939,0,8.421,0,7.18
P13/1104248/00988/linear,,,89.501,106.954,0,8.421,0,7.18
aten::linear,,,1.49,17.453,0,8.421,0,7.18
aten::t,,,0.91,2.925,0,0,0,0
aten::transpose,,,0.665,2.015,0,0,0,0
aten::as_strided,,,1.35,1.35,0,0,0,0
aten::addmm,,,8.138,13.038,0,8.421,0,7.18
empty_tensor,,,2.2,2.2,0,0,0,0
aclnnAddmm,,,2.7,2.7,8.421,8.421,7.18,7.18
aten::split_with_sizes,,,3.633,5.484,0,0,0,0
aten::as_strided,,,1.17,1.17,0,0,0,0
aten::as_strided,,,0.329,0.329,0,0,0,0
aten::as_strided,,,0.352,0.352,0,0,0,0
vllm::npu_rotary_embedding,,,209.074,1180.562,0,8.62,0,0
aten::view,,,1.505,1.505,0,0,0,0
aten::view,,,0.52,0.52,0,0,0,0
aten::contiguous,,,1.167,13.183,0,2.18,0,0
aten::clone,,,1.63,12.016,0,2.18,0,0
empty_tensor,,,3.06,3.06,0,0,0,0
aten::copy_,,,4.506,7.326,0,2.18,0,0
aclnnInplaceCopy,,,2.82,2.82,2.18,2.18,0,0
aten::contiguous,,,0.353,5.49,0,2.34,0,0
aten::clone,,,0.471,5.137,0,2.34,0,0
empty_tensor,,,1.21,1.21,0,0,0,0
aten::copy_,,,1.95,3.456,0,2.34,0,0
aclnnInplaceCopy,,,1.506,1.506,2.34,2.34,0,0
P13/1104248/00989/jit_run,,,738.494,947.47,0,4.1,0,0
P13/1104248/00990/launch,,,204.513,208.976,0,4.1,0,0
_triton_rope,,,4.463,4.463,4.1,4.1,0,0
aten::view,,,2.73,2.73,0,0,0,0
aten::view,,,0.59,0.59,0,0,0,0
aten::empty,,,2.332,7.892,0,0,0,0
empty_tensor,,,5.56,5.56,0,0,0,0
aten::detach,,,1.344,1.344,0,0,0,0
aten::reshape,,,1.187,2.203,0,0,0,0
aten::view,,,1.016,1.016,0,0,0,0
aten::reshape,,,0.587,1.157,0,0,0,0
aten::view,,,0.57,0.57,0,0,0,0
aten::reshape,,,0.555,1.138,0,0,0,0
aten::view,,,0.583,0.583,0,0,0,0
aten::reshape,,,3.412,5.168,0,0,0,0
aten::_reshape_alias,,,0.821,1.756,0,0,0,0
aten::view,,,0.935,0.935,0,0,0,0
vllm::unified_attention_with_output,,,106.055,1175.964,0,25.542,0,0
P13/1104248/00991/attention,,,286.032,1069.909,0,25.542,0,0
aten::slice,,,1.864,3.727,0,0,0,0
aten::as_strided,,,1.863,1.863,0,0,0,0
aten::slice,,,0.368,1.132,0,0,0,0
aten::as_strided,,,0.764,0.764,0,0,0,0
aten::slice,,,3.02,4.021,0,0,0,0
aten::as_strided,,,1.001,1.001,0,0,0,0
P13/1104248/00992/cache_write,,,148.606,280.52,0,5.48,0,0
P13/1104248/00993/torch_api,,,89.633,131.914,0,5.48,0,0
atb::_npu_reshape_and_cache,,,19.357,42.281,0,5.48,0,0
aten::contiguous,,,1.028,21.0,0,2.38,0,0
aten::clone,,,2.204,19.972,0,2.38,0,0
empty_tensor,,,4.499,4.499,0,0,0,0
aten::copy_,,,7.621,13.269,0,2.38,0,0
aclnnInplaceCopy,,,5.648,5.648,2.38,2.38,0,0
ReshapeCacheOperation,,,1.924,1.924,3.1,3.1,0,0
P13/1104248/00994/fia,,,242.713,469.709,0,20.062,0,0
aten::slice,,,1.073,2.443,0,0,0,0
aten::as_strided,,,1.37,1.37,0,0,0,0
aten::slice,,,0.426,0.944,0,0,0,0
aten::as_strided,,,0.518,0.518,0,0,0,0
aten::slice,,,2.101,2.672,0,0,0,0
aten::as_strided,,,0.571,0.571,0,0,0,0
P13/1104248/00995/torch_api,,,108.903,195.958,0,19.422,0,0
npu::npu_fused_infer_attention_score,,,76.823,87.055,0,19.422,0,0
empty_tensor,,,3.842,3.842,0,0,0,0
empty_tensor,,,1.068,1.068,0,0,0,0
empty_tensor,,,0.709,0.709,0,0,0,0
empty_tensor,,,0.959,0.959,0,0,0,0
aclnnFusedInferAttentionScoreV3,,,3.654,3.654,19.422,19.422,0,0
aten::view,,,2.191,2.191,0,0,0,0
aten::slice,,,0.967,2.115,0,0,0,0
aten::as_strided,,,1.148,1.148,0,0,0,0
aten::copy_,,,17.819,20.673,0,0.64,0,0
aclnnInplaceCopy,,,2.854,2.854,0.64,0.64,0,0
aten::slice,,,0.71,1.689,0,0,0,0
aten::as_strided,,,0.979,0.979,0,0,0,0
aten::copy_,,,11.783,23.079,0,0,0,0
aclnnInplaceCopy,,,11.296,11.296,0,0,0,0
P13/1104248/00996/acl_dispatch,,,314.389,2921.555,0,69.983,0,48.141
P13/1104248/00997/partition_body,,,205.314,2607.166,0,69.983,0,48.141
npu_fx_compiler inference,,,426.077,2401.852,0,69.983,0,48.141
aten::reshape,,,2.302,4.499,0,0,0,0
aten::view,,,2.197,2.197,0,0,0,0
vllm::unquantized_gemm,,,73.576,185.75,0,5.3,0,5.3
P13/1104248/00998/linear,,,85.069,112.174,0,5.3,0,5.3
aten::linear,,,2.201,27.105,0,5.3,0,5.3
aten::t,,,2.729,5.923,0,0,0,0
aten::transpose,,,1.459,3.194,0,0,0,0
aten::as_strided,,,1.735,1.735,0,0,0,0
aten::matmul,,,9.914,18.981,0,5.3,0,5.3
empty_tensor,,,5.36,5.36,0,0,0,0
aclnnMatmul,,,3.707,3.707,5.3,5.3,5.3,5.3
vllm::maybe_chunk_residual,,,9.587,9.587,0,0,0,0
_C_ascend::npu_add_rms_norm_bias,,,19.666,33.37,0,3.16,0,0
aten::empty,,,1.319,4.406,0,0,0,0
empty_tensor,,,3.087,3.087,0,0,0,0
aten::empty,,,0.343,1.96,0,0,0,0
empty_tensor,,,1.617,1.617,0,0,0,0
aten::empty,,,0.199,1.156,0,0,0,0
empty_tensor,,,0.957,0.957,0,0,0,0
aten::empty,,,0.371,2.873,0,0,0,0
empty_tensor,,,2.502,2.502,0,0,0,0
aclnnAddRmsNormBias,,,3.309,3.309,3.16,3.16,0,0
vllm::unquantized_gemm,,,71.693,164.883,0,19.401,0,19.401
P13/1104248/00999/linear,,,77.188,93.19,0,19.401,0,19.401
aten::linear,,,1.176,16.002,0,19.401,0,19.401
aten::t,,,1.172,4.313,0,0,0,0
aten::transpose,,,0.872,3.141,0,0,0,0
aten::as_strided,,,2.269,2.269,0,0,0,0
aten::matmul,,,5.538,10.513,0,19.401,0,19.401
empty_tensor,,,2.411,2.411,0,0,0,0
aclnnMatmul,,,2.564,2.564,19.401,19.401,19.401,19.401
npu::npu_swiglu,,,14.917,19.625,0,5.24,0,0
empty_tensor,,,2.085,2.085,0,0,0,0
aclnnSwiGlu,,,2.623,2.623,5.24,5.24,0,0
vllm::unquantized_gemm,,,63.941,149.575,0,16.62,0,16.62
P13/1104248/01000/linear,,,72.474,85.634,0,16.62,0,16.62
aten::linear,,,1.101,13.16,0,16.62,0,16.62
aten::t,,,1.049,2.941,0,0,0,0
aten::transpose,,,0.672,1.892,0,0,0,0
aten::as_strided,,,1.22,1.22,0,0,0,0
aten::matmul,,,4.669,9.118,0,16.62,0,16.62
empty_tensor,,,1.897,1.897,0,0,0,0
aclnnMatmul,,,2.552,2.552,16.62,16.62,16.62,16.62
vllm::maybe_chunk_residual,,,8.388,8.388,0,0,0,0
_C_ascend::npu_add_rms_norm_bias,,,12.408,28.239,0,3.241,0,0
aten::empty,,,0.801,2.875,0,0,0,0
empty_tensor,,,2.074,2.074,0,0,0,0
aten::empty,,,0.369,1.734,0,0,0,0
empty_tensor,,,1.365,1.365,0,0,0,0
aten::empty,,,0.522,1.411,0,0,0,0
empty_tensor,,,0.889,0.889,0,0,0,0
aten::empty,,,0.329,2.319,0,0,0,0
empty_tensor,,,1.99,1.99,0,0,0,0
aclnnAddRmsNormBias,,,7.492,7.492,3.241,3.241,0,0
vllm::unquantized_gemm,,,67.982,166.29,0,8.040000000000001,0,6.82
P13/1104248/01001/linear,,,80.488,98.308,0,8.040000000000001,0,6.82
aten::linear,,,1.307,17.82,0,8.040000000000001,0,6.82
aten::t,,,0.951,3.431,0,0,0,0
aten::transpose,,,0.804,2.48,0,0,0,0
aten::as_strided,,,1.676,1.676,0,0,0,0
aten::addmm,,,8.058,13.082,0,8.040000000000001,0,6.82
empty_tensor,,,2.454,2.454,0,0,0,0
aclnnAddmm,,,2.57,2.57,8.040000000000001,8.040000000000001,6.82,6.82
aten::split_with_sizes,,,3.389,5.199,0,0,0,0
aten::as_strided,,,1.279,1.279,0,0,0,0
aten::as_strided,,,0.276,0.276,0,0,0,0
aten::as_strided,,,0.255,0.255,0,0,0,0
vllm::npu_rotary_embedding,,,205.595,1181.589,0,8.981,0,0
aten::view,,,1.409,1.409,0,0,0,0
aten::view,,,0.509,0.509,0,0,0,0
aten::contiguous,,,0.995,12.53,0,2.46,0,0
aten::clone,,,1.628,11.535,0,2.46,0,0
empty_tensor,,,2.374,2.374,0,0,0,0
aten::copy_,,,4.803,7.533,0,2.46,0,0
aclnnInplaceCopy,,,2.73,2.73,2.46,2.46,0,0
aten::contiguous,,,0.649,6.685,0,2.4,0,0
aten::clone,,,0.674,6.036,0,2.4,0,0
empty_tensor,,,1.162,1.162,0,0,0,0
aten::copy_,,,2.202,4.2,0,2.4,0,0
aclnnInplaceCopy,,,1.998,1.998,2.4,2.4,0,0
P13/1104248/01002/jit_run,,,728.832,951.662,0,4.121,0,0
P13/1104248/01003/launch,,,218.805,222.83,0,4.121,0,0
_triton_rope,,,4.025,4.025,4.121,4.121,0,0
aten::view,,,2.697,2.697,0,0,0,0
aten::view,,,0.502,0.502,0,0,0,0
aten::empty,,,2.205,7.274,0,0,0,0
empty_tensor,,,5.069,5.069,0,0,0,0
aten::detach,,,1.315,1.315,0,0,0,0
aten::reshape,,,1.0,2.825,0,0,0,0
aten::view,,,1.825,1.825,0,0,0,0
aten::reshape,,,0.596,1.105,0,0,0,0
aten::view,,,0.509,0.509,0,0,0,0
aten::reshape,,,0.48,1.055,0,0,0,0
aten::view,,,0.575,0.575,0,0,0,0
aten::reshape,,,3.557,5.207,0,0,0,0
aten::_reshape_alias,,,0.878,1.65,0,0,0,0
aten::view,,,0.772,0.772,0,0,0,0
vllm::unified_attention_with_output,,,108.269,1235.137,0,32.241,0,0
P13/1104248/01004/attention,,,291.607,1126.868,0,32.241,0,0
aten::slice,,,1.881,3.783,0,0,0,0
aten::as_strided,,,1.902,1.902,0,0,0,0
aten::slice,,,1.967,2.656,0,0,0,0
aten::as_strided,,,0.689,0.689,0,0,0,0
aten::slice,,,2.796,3.741,0,0,0,0
aten::as_strided,,,0.945,0.945,0,0,0,0
P13/1104248/01005/cache_write,,,185.562,313.283,0,5.66,0,0
P13/1104248/01006/torch_api,,,87.285,127.721,0,5.66,0,0
atb::_npu_reshape_and_cache,,,18.859,40.436,0,5.66,0,0
aten::contiguous,,,1.109,19.932,0,2.46,0,0
aten::clone,,,2.195,18.823,0,2.46,0,0
empty_tensor,,,4.636,4.636,0,0,0,0
aten::copy_,,,7.872,11.992,0,2.46,0,0
aclnnInplaceCopy,,,4.12,4.12,2.46,2.46,0,0
ReshapeCacheOperation,,,1.645,1.645,3.2,3.2,0,0
P13/1104248/01007/fia,,,255.063,488.583,0,26.581,0,0
aten::slice,,,1.257,2.81,0,0,0,0
aten::as_strided,,,1.553,1.553,0,0,0,0
aten::slice,,,0.336,0.796,0,0,0,0
aten::as_strided,,,0.46,0.46,0,0,0,0
aten::slice,,,0.401,1.029,0,0,0,0
aten::as_strided,,,0.628,0.628,0,0,0,0
P13/1104248/01008/torch_api,,,118.781,202.949,0,25.941000000000003,0,0
npu::npu_fused_infer_attention_score,,,71.051,84.168,0,25.941000000000003,0,0
empty_tensor,,,5.68,5.68,0,0,0,0
empty_tensor,,,1.354,1.354,0,0,0,0
empty_tensor,,,0.86,0.86,0,0,0,0
empty_tensor,,,0.865,0.865,0,0,0,0
aclnnFusedInferAttentionScoreV3,,,4.358,4.358,25.941000000000003,25.941000000000003,0,0
aten::view,,,2.258,2.258,0,0,0,0
aten::slice,,,0.987,2.185,0,0,0,0
aten::as_strided,,,1.198,1.198,0,0,0,0
aten::copy_,,,18.232,21.493,0,0.64,0,0
aclnnInplaceCopy,,,3.261,3.261,0.64,0.64,0,0
aten::slice,,,0.664,1.593,0,0,0,0
aten::as_strided,,,0.929,0.929,0,0,0,0
aten::copy_,,,11.032,21.622,0,0,0,0
aclnnInplaceCopy,,,10.59,10.59,0,0,0,0
P13/1104248/01009/acl_dispatch,,,317.579,2915.663,0,71.362,0,48.882000000000005
P13/1104248/01010/partition_body,,,202.676,2598.084,0,71.362,0,48.882000000000005
npu_fx_compiler inference,,,427.151,2395.408,0,71.362,0,48.882000000000005
aten::reshape,,,2.197,4.444,0,0,0,0
aten::view,,,2.247,2.247,0,0,0,0
vllm::unquantized_gemm,,,76.052,187.255,0,5.541,0,5.541
P13/1104248/01011/linear,,,84.643,111.203,0,5.541,0,5.541
aten::linear,,,2.036,26.56,0,5.541,0,5.541
aten::t,,,2.721,5.898,0,0,0,0
aten::transpose,,,1.51,3.177,0,0,0,0
aten::as_strided,,,1.667,1.667,0,0,0,0
aten::matmul,,,9.44,18.626,0,5.541,0,5.541
empty_tensor,,,5.266,5.266,0,0,0,0
aclnnMatmul,,,3.92,3.92,5.541,5.541,5.541,5.541
vllm::maybe_chunk_residual,,,9.747,9.747,0,0,0,0
_C_ascend::npu_add_rms_norm_bias,,,19.201,34.729,0,3.5,0,0
aten::empty,,,1.173,4.198,0,0,0,0
empty_tensor,,,3.025,3.025,0,0,0,0
aten::empty,,,1.201,2.803,0,0,0,0
empty_tensor,,,1.602,1.602,0,0,0,0
aten::empty,,,0.489,1.765,0,0,0,0
empty_tensor,,,1.276,1.276,0,0,0,0
aten::empty,,,0.482,3.147,0,0,0,0
empty_tensor,,,2.665,2.665,0,0,0,0
aclnnAddRmsNormBias,,,3.615,3.615,3.5,3.5,0,0
vllm::unquantized_gemm,,,67.798,167.263,0,19.541,0,19.541
P13/1104248/01012/linear,,,83.032,99.465,0,19.541,0,19.541
aten::linear,,,1.486,16.433,0,19.541,0,19.541
aten::t,,,1.409,3.886,0,0,0,0
aten::transpose,,,0.993,2.477,0,0,0,0
aten::as_strided,,,1.484,1.484,0,0,0,0
aten::matmul,,,5.974,11.061,0,19.541,0,19.541
empty_tensor,,,2.59,2.59,0,0,0,0
aclnnMatmul,,,2.497,2.497,19.541,19.541,19.541,19.541
npu::npu_swiglu,,,14.824,19.765,0,5.3,0,0
empty_tensor,,,2.252,2.252,0,0,0,0
aclnnSwiGlu,,,2.689,2.689,5.3,5.3,0,0
vllm::unquantized_gemm,,,63.956,150.535,0,16.6,0,16.6
P13/1104248/01013/linear,,,73.592,86.579,0,16.6,0,16.6
aten::linear,,,0.914,12.987,0,16.6,0,16.6
aten::t,,,1.097,3.118,0,0,0,0
aten::transpose,,,0.681,2.021,0,0,0,0
aten::as_strided,,,1.34,1.34,0,0,0,0
aten::matmul,,,4.378,8.955,0,16.6,0,16.6
empty_tensor,,,2.191,2.191,0,0,0,0
aclnnMatmul,,,2.386,2.386,16.6,16.6,16.6,16.6
vllm::maybe_chunk_residual,,,8.741,8.741,0,0,0,0
_C_ascend::npu_add_rms_norm_bias,,,11.94,26.658,0,3.38,0,0
aten::empty,,,0.593,3.446,0,0,0,0
empty_tensor,,,2.853,2.853,0,0,0,0
aten::empty,,,0.4,1.592,0,0,0,0
empty_tensor,,,1.192,1.192,0,0,0,0
aten::empty,,,0.394,1.545,0,0,0,0
empty_tensor,,,1.151,1.151,0,0,0,0
aten::empty,,,0.415,2.339,0,0,0,0
empty_tensor,,,1.924,1.924,0,0,0,0
aclnnAddRmsNormBias,,,5.796,5.796,3.38,3.38,0,0
vllm::unquantized_gemm,,,67.408,162.285,0,8.38,0,7.2
P13/1104248/01014/linear,,,75.425,94.877,0,8.38,0,7.2
aten::linear,,,1.488,19.452,0,8.38,0,7.2
aten::t,,,0.925,2.922,0,0,0,0
aten::transpose,,,0.692,1.997,0,0,0,0
aten::as_strided,,,1.305,1.305,0,0,0,0
aten::addmm,,,7.7,15.042,0,8.38,0,7.2
empty_tensor,,,2.081,2.081,0,0,0,0
aclnnAddmm,,,5.261,5.261,8.38,8.38,7.2,7.2
aten::split_with_sizes,,,3.707,5.541,0,0,0,0
aten::as_strided,,,1.288,1.288,0,0,0,0
aten::as_strided,,,0.286,0.286,0,0,0,0
aten::as_strided,,,0.26,0.26,0,0,0,0
vllm::npu_rotary_embedding,,,204.883,1173.518,0,9.12,0,0
aten::view,,,1.495,1.495,0,0,0,0
aten::view,,,0.484,0.484,0,0,0,0
aten::contiguous,,,1.24,12.05,0,2.68,0,0
aten::clone,,,1.743,10.81,0,2.68,0,0
empty_tensor,,,1.965,1.965,0,0,0,0
aten::copy_,,,4.523,7.102,0,2.68,0,0
aclnnInplaceCopy,,,2.579,2.579,2.68,2.68,0,0
aten::contiguous,,,0.517,6.622,0,2.3,0,0
aten::clone,,,0.685,6.105,0,2.3,0,0
empty_tensor,,,1.878,1.878,0,0,0,0
aten::copy_,,,1.84,3.542,0,2.3,0,0
aclnnInplaceCopy,,,1.702,1.702,2.3,2.3,0,0
P13/1104248/01015/jit_run,,,729.05,944.782,0,4.14,0,0
P13/1104248/01016/launch,,,211.173,215.732,0,4.14,0,0
_triton_rope,,,4.559,4.559,4.14,4.14,0,0
aten::view,,,2.686,2.686,0,0,0,0
aten::view,,,0.516,0.516,0,0,0,0
aten::empty,,,2.233,7.155,0,0,0,0
empty_tensor,,,4.922,4.922,0,0,0,0
aten::detach,,,1.337,1.337,0,0,0,0
aten::reshape,,,1.169,2.153,0,0,0,0
aten::view,,,0.984,0.984,0,0,0,0
aten::reshape,,,0.605,1.112,0,0,0,0
aten::view,,,0.507,0.507,0,0,0,0
aten::reshape,,,0.358,0.812,0,0,0,0
aten::view,,,0.454,0.454,0,0,0,0
aten::reshape,,,3.413,5.207,0,0,0,0
aten::_reshape_alias,,,0.883,1.794,0,0,0,0
aten::view,,,0.911,0.911,0,0,0,0
vllm::unified_attention_with_output,,,118.794,1184.253,0,29.880999999999997,0,0
P13/1104248/01017/attention,,,291.828,1065.459,0,29.880999999999997,0,0
aten::slice,,,1.944,3.916,0,0,0,0
aten::as_strided,,,1.972,1.972,0,0,0,0
aten::slice,,,0.337,1.072,0,0,0,0
aten::as_strided,,,0.735,0.735,0,0,0,0
aten::slice,,,3.017,3.85,0,0,0,0
aten::as_strided,,,0.833,0.833,0,0,0,0
P13/1104248/01018/cache_write,,,146.14,272.59,0,5.52,0,0
P13/1104248/01019/torch_api,,,84.953,126.45,0,5.52,0,0
atb::_npu_reshape_and_cache,,,18.837,41.497,0,5.52,0,0
aten::contiguous,,,1.093,20.848,0,2.44,0,0
aten::clone,,,2.906,19.755,0,2.44,0,0
empty_tensor,,,4.782,4.782,0,0,0,0
aten::copy_,,,7.905,12.067,0,2.44,0,0
aclnnInplaceCopy,,,4.162,4.162,2.44,2.44,0,0
ReshapeCacheOperation,,,1.812,1.812,3.08,3.08,0,0
P13/1104248/01020/fia,,,249.056,470.195,0,24.360999999999997,0,0
aten::slice,,,1.087,2.518,0,0,0,0
aten::as_strided,,,1.431,1.431,0,0,0,0
aten::slice,,,0.469,1.367,0,0,0,0
aten::as_strided,,,0.898,0.898,0,0,0,0
aten::slice,,,0.398,1.055,0,0,0,0
aten::as_strided,,,0.657,0.657,0,0,0,0
P13/1104248/01021/torch_api,,,110.651,190.956,0,23.741,0,0
npu::npu_fused_infer_attention_score,,,69.348,80.305,0,23.741,0,0
empty_tensor,,,3.8,3.8,0,0,0,0
empty_tensor,,,1.443,1.443,0,0,0,0
empty_tensor,,,0.89,0.89,0,0,0,0
empty_tensor,,,0.847,0.847,0,0,0,0
aclnnFusedInferAttentionScoreV3,,,3.977,3.977,23.741,23.741,0,0
aten::view,,,2.16,2.16,0,0,0,0
aten::slice,,,0.832,1.901,0,0,0,0
aten::as_strided,,,1.069,1.069,0,0,0,0
aten::copy_,,,18.149,21.182,0,0.62,0,0
aclnnInplaceCopy,,,3.033,3.033,0.62,0.62,0,0
aten::slice,,,0.599,1.483,0,0,0,0
aten::as_strided,,,0.884,0.884,0,0,0,0
aten::copy_,,,10.123,20.525,0,0,0,0
aclnnInplaceCopy,,,10.402,10.402,0,0,0,0
P13/1104248/01022/acl_dispatch,,,314.402,2901.258,0,71.582,0,49.681999999999995
P13/1104248/01023/partition_body,,,202.536,2586.856,0,71.582,0,49.681999999999995
npu_fx_compiler inference,,,433.199,2384.32,0,71.582,0,49.681999999999995
aten::reshape,,,2.268,4.359,0,0,0,0
aten::view,,,2.091,2.091,0,0,0,0
vllm::unquantized_gemm,,,74.135,188.335,0,5.62,0,5.62
P13/1104248/01024/linear,,,87.245,114.2,0,5.62,0,5.62
aten::linear,,,2.157,26.955,0,5.62,0,5.62
aten::t,,,2.685,5.898,0,0,0,0
aten::transpose,,,1.595,3.213,0,0,0,0
aten::as_strided,,,1.618,1.618,0,0,0,0
aten::matmul,,,9.775,18.9,0,5.62,0,5.62
empty_tensor,,,5.23,5.23,0,0,0,0
aclnnMatmul,,,3.895,3.895,5.62,5.62,5.62,5.62
vllm::maybe_chunk_residual,,,9.687,9.687,0,0,0,0
_C_ascend::npu_add_rms_norm_bias,,,19.055,32.762,0,3.08,0,0
aten::empty,,,1.291,4.47,0,0,0,0
empty_tensor,,,3.179,3.179,0,0,0,0
aten::empty,,,0.257,1.993,0,0,0,0
empty_tensor,,,1.736,1.736,0,0,0,0
aten::empty,,,0.383,1.153,0,0,0,0
empty_tensor,,,0.77,0.77,0,0,0,0
aten::empty,,,0.357,2.797,0,0,0,0
empty_tensor,,,2.44,2.44,0,0,0,0
aclnnAddRmsNormBias,,,3.294,3.294,3.08,3.08,0,0
vllm::unquantized_gemm,,,68.248,165.947,0,19.601,0,19.601
P13/1104248/01025/linear,,,81.987,97.699,0,19.601,0,19.601
aten::linear,,,1.181,15.712,0,19.601,0,19.601
aten::t,,,1.255,3.708,0,0,0,0
aten::transpose,,,0.923,2.453,0,0,0,0
aten::as_strided,,,1.53,1.53,0,0,0,0
aten::matmul,,,5.728,10.823,0,19.601,0,19.601
empty_tensor,,,2.37,2.37,0,0,0,0
aclnnMatmul,,,2.725,2.725,19.601,19.601,19.601,19.601
npu::npu_swiglu,,,14.999,19.768,0,5.32,0,0
empty_tensor,,,1.939,1.939,0,0,0,0
aclnnSwiGlu,,,2.83,2.83,5.32,5.32,0,0
vllm::unquantized_gemm,,,64.527,149.841,0,16.74,0,16.74
P13/1104248/01026/linear,,,72.383,85.314,0,16.74,0,16.74
aten::linear,,,1.036,12.931,0,16.74,0,16.74
aten::t,,,0.894,2.853,0,0,0,0
aten::transpose,,,0.737,1.959,0,0,0,0
aten::as_strided,,,1.222,1.222,0,0,0,0
aten::matmul,,,4.251,9.042,0,16.74,0,16.74
empty_tensor,,,2.074,2.074,0,0,0,0
aclnnMatmul,,,2.717,2.717,16.74,16.74,16.74,16.74
vllm::maybe_chunk_residual,,,8.351,8.351,0,0,0,0
_C_ascend::npu_add_rms_norm_bias,,,12.196,22.992,0,3.22,0,0
aten::empty,,,0.63,2.932,0,0,0,0
empty_tensor,,,2.302,2.302,0,0,0,0
aten::empty,,,0.479,1.684,0,0,0,0
empty_tensor,,,1.205,1.205,0,0,0,0
aten::empty,,,0.215,1.255,0,0,0,0
empty_tensor,,,1.04,1.04,0,0,0,0
aten::empty,,,0.482,2.056,0,0,0,0
empty_tensor,,,1.574,1.574,0,0,0,0
aclnnAddRmsNormBias,,,2.869,2.869,3.22,3.22,0,0
vllm::unquantized_gemm,,,73.052,171.511,0,8.841000000000001,0,7.721
P13/1104248/01027/linear,,,74.955,98.459,0,8.841000000000001,0,7.721
aten::linear,,,1.315,23.504,0,8.841000000000001,0,7.721
aten::t,,,0.888,2.64,0,0,0,0
aten::transpose,,,0.648,1.752,0,0,0,0
aten::as_strided,,,1.104,1.104,0,0,0,0
aten::addmm,,,7.682,19.549,0,8.841000000000001,0,7.721
empty_tensor,,,2.1,2.1,0,0,0,0
aclnnAddmm,,,9.767,9.767,8.841000000000001,8.841000000000001,7.721,7.721
aten::split_with_sizes,,,3.558,5.428,0,0,0,0
aten::as_strided,,,1.282,1.282,0,0,0,0
aten::as_strided,,,0.32,0.32,0,0,0,0
aten::as_strided,,,0.268,0.268,0,0,0,0
vllm::npu_rotary_embedding,,,204.168,1153.765,0,9.16,0,0
aten::view,,,1.473,1.473,0,0,0,0
aten::view,,,0.334,0.334,0,0,0,0
aten::contiguous,,,1.02,13.525,0,2.36,0,0
aten::clone,,,1.576,12.505,0,2.36,0,0
empty_tensor,,,2.395,2.395,0,0,0,0
aten::copy_,,,4.944,8.534,0,2.36,0,0
aclnnInplaceCopy,,,3.59,3.59,2.36,2.36,0,0
aten::contiguous,,,0.386,6.616,0,2.4,0,0
aten::clone,,,0.574,6.23,0,2.4,0,0
empty_tensor,,,1.537,1.537,0,0,0,0
aten::copy_,,,2.089,4.119,0,2.4,0,0
aclnnInplaceCopy,,,2.03,2.03,2.4,2.4,0,0
P13/1104248/01028/jit_run,,,715.118,924.575,0,4.4,0,0
P13/1104248/01029/launch,,,205.393,209.457,0,4.4,0,0
_triton_rope,,,4.064,4.064,4.4,4.4,0,0
aten::view,,,2.493,2.493,0,0,0,0
aten::view,,,0.581,0.581,0,0,0,0
aten::empty,,,2.126,6.871,0,0,0,0
empty_tensor,,,4.745,4.745,0,0,0,0
aten::detach,,,1.28,1.28,0,0,0,0
aten::reshape,,,0.995,2.122,0,0,0,0
aten::view,,,1.127,1.127,0,0,0,0
aten::reshape,,,0.521,1.163,0,0,0,0
aten::view,,,0.642,0.642,0,0,0,0
aten::reshape,,,0.561,1.137,0,0,0,0
aten::view,,,0.576,0.576,0,0,0,0
aten::reshape,,,3.4,5.802,0,0,0,0
aten::_reshape_alias,,,1.511,2.402,0,0,0,0
aten::view,,,0.891,0.891,0,0,0,0
vllm::unified_attention_with_output,,,109.887,1169.792,0,27.101,0,0
P13/1104248/01030/attention,,,288.667,1059.905,0,27.101,0,0
aten::slice,,,1.914,3.851,0,0,0,0
aten::as_strided,,,1.937,1.937,0,0,0,0
aten::slice,,,0.459,1.107,0,0,0,0
aten::as_strided,,,0.648,0.648,0,0,0,0
aten::slice,,,2.792,3.633,0,0,0,0
aten::as_strided,,,0.841,0.841,0,0,0,0
P13/1104248/01031/cache_write,,,150.411,275.321,0,5.26,0,0
P13/1104248/01032/torch_api,,,81.418,124.91,0,5.26,0,0
atb::_npu_reshape_and_cache,,,21.811,43.492,0,5.26,0,0
aten::contiguous,,,1.073,20.006,0,2.48,0,0
aten::clone,,,2.12,18.933,0,2.48,0,0
empty_tensor,,,4.766,4.766,0,0,0,0
aten::copy_,,,8.059,12.047,0,2.48,0,0
aclnnInplaceCopy,,,3.988,3.988,2.48,2.48,0,0
ReshapeCacheOperation,,,1.675,1.675,2.78,2.78,0,0
P13/1104248/01033/fia,,,242.677,464.407,0,21.841,0,0
aten::slice,,,1.081,2.34,0,0,0,0
aten::as_strided,,,1.259,1.259,0,0,0,0
aten::slice,,,0.44,0.97,0,0,0,0
aten::as_strided,,,0.53,0.53,0,0,0,0
aten::slice,,,0.281,0.71,0,0,0,0
aten::as_strided,,,0.429,0.429,0,0,0,0
P13/1104248/01034/torch_api,,,110.538,192.703,0,21.221,0,0
npu::npu_fused_infer_attention_score,,,68.98,82.165,0,21.221,0,0
empty_tensor,,,4.033,4.033,0,0,0,0
empty_tensor,,,1.395,1.395,0,0,0,0
empty_tensor,,,1.086,1.086,0,0,0,0
empty_tensor,,,2.772,2.772,0,0,0,0
aclnnFusedInferAttentionScoreV3,,,3.899,3.899,21.221,21.221,0,0
aten::view,,,2.119,2.119,0,0,0,0
aten::slice,,,0.936,2.123,0,0,0,0
aten::as_strided,,,1.187,1.187,0,0,0,0
aten::copy_,,,17.595,20.765,0,0.62,0,0
aclnnInplaceCopy,,,3.17,3.17,0.62,0.62,0,0
aten::slice,,,0.578,1.503,0,0,0,0
aten::as_strided,,,0.925,0.925,0,0,0,0
aten::copy_,,,10.371,21.416,0,0,0,0
aclnnInplaceCopy,,,11.045,11.045,0,0,0,0
P13/1104248/01035/acl_dispatch,,,297.384,2902.388,0,70.444,0,48.123
P13/1104248/01036/partition_body,,,195.837,2605.004,0,70.444,0,48.123
npu_fx_compiler inference,,,429.097,2409.167,0,70.444,0,48.123
aten::reshape,,,2.255,4.518,0,0,0,0
aten::view,,,2.263,2.263,0,0,0,0
vllm::unquantized_gemm,,,74.105,189.672,0,5.3,0,5.3
P13/1104248/01037/linear,,,89.435,115.567,0,5.3,0,5.3
aten::linear,,,2.071,26.132,0,5.3,0,5.3
aten::t,,,2.681,5.836,0,0,0,0
aten::transpose,,,1.388,3.155,0,0,0,0
aten::as_strided,,,1.767,1.767,0,0,0,0
aten::matmul,,,9.454,18.225,0,5.3,0,5.3
empty_tensor,,,5.169,5.169,0,0,0,0
aclnnMatmul,,,3.602,3.602,5.3,5.3,5.3,5.3
vllm::maybe_chunk_residual,,,9.77,9.77,0,0,0,0
_C_ascend::npu_add_rms_norm_bias,,,18.553,33.758,0,3.08,0,0
aten::empty,,,1.24,4.382,0,0,0,0
empty_tensor,,,3.142,3.142,0,0,0,0
aten::empty,,,0.302,1.344,0,0,0,0
empty_tensor,,,1.042,1.042,0,0,0,0
aten::empty,,,0.597,1.821,0,0,0,0
empty_tensor,,,1.224,1.224,0,0,0,0
aten::empty,,,1.483,4.22,0,0,0,0
empty_tensor,,,2.737,2.737,0,0,0,0
aclnnAddRmsNormBias,,,3.438,3.438,3.08,3.08,0,0
vllm::unquantized_gemm,,,67.445,168.668,0,19.261,0,19.261
P13/1104248/01038/linear,,,85.639,101.223,0,19.261,0,19.261
aten::linear,,,1.223,15.584,0,19.261,0,19.261
aten::t,,,1.267,3.523,0,0,0,0
aten::transpose,,,0.933,2.256,0,0,0,0
aten::as_strided,,,1.323,1.323,0,0,0,0
aten::matmul,,,5.776,10.838,0,19.261,0,19.261
empty_tensor,,,2.382,2.382,0,0,0,0
aclnnMatmul,,,2.68,2.68,19.261,19.261,19.261,19.261
npu::npu_swiglu,,,14.854,19.366,0,5.22,0,0
empty_tensor,,,1.965,1.965,0,0,0,0
aclnnSwiGlu,,,2.547,2.547,5.22,5.22,0,0
vllm::unquantized_gemm,,,63.962,149.041,0,16.221,0,16.221
P13/1104248/01039/linear,,,72.194,85.079,0,16.221,0,16.221
aten::linear,,,0.979,12.885,0,16.221,0,16.221
aten::t,,,0.867,2.621,0,0,0,0
aten::transpose,,,0.652,1.754,0,0,0,0
aten::as_strided,,,1.102,1.102,0,0,0,0
aten::matmul,,,4.315,9.285,0,16.221,0,16.221
empty_tensor,,,2.302,2.302,0,0,0,0
aclnnMatmul,,,2.668,2.668,16.221,16.221,16.221,16.221
vllm::maybe_chunk_residual,,,9.17,9.17,0,0,0,0
_C_ascend::npu_add_rms_norm_bias,,,12.387,23.644,0,3.201,0,0
aten::empty,,,0.613,2.858,0,0,0,0
empty_tensor,,,2.245,2.245,0,0,0,0
aten::empty,,,0.416,1.407,0,0,0,0
empty_tensor,,,0.991,0.991,0,0,0,0
aten::empty,,,0.381,2.042,0,0,0,0
empty_tensor,,,1.661,1.661,0,0,0,0
aten::empty,,,0.484,2.232,0,0,0,0
empty_tensor,,,1.748,1.748,0,0,0,0
aclnnAddRmsNormBias,,,2.718,2.718,3.201,3.201,0,0
vllm::unquantized_gemm,,,70.401,164.917,0,8.481,0,7.341
P13/1104248/01040/linear,,,75.547,94.516,0,8.481,0,7.341
aten::linear,,,1.486,18.969,0,8.481,0,7.341
aten::t,,,0.833,2.568,0,0,0,0
aten::transpose,,,0.593,1.735,0,0,0,0
aten::as_strided,,,1.142,1.142,0,0,0,0
aten::addmm,,,7.46,14.915,0,8.481,0,7.341
empty_tensor,,,1.741,1.741,0,0,0,0
aclnnAddmm,,,5.714,5.714,8.481,8.481,7.341,7.341
aten::split_with_sizes,,,3.658,5.585,0,0,0,0
aten::as_strided,,,1.282,1.282,0,0,0,0
aten::as_strided,,,0.305,0.305,0,0,0,0
aten::as_strided,,,0.34,0.34,0,0,0,0
vllm::npu_rotary_embedding,,,209.389,1183.702,0,9.68,0,0
aten::view,,,1.521,1.521,0,0,0,0
aten::view,,,0.503,0.503,0,0,0,0
aten::contiguous,,,1.195,14.43,0,2.92,0,0
aten::clone,,,1.585,13.235,0,2.92,0,0
empty_tensor,,,2.06,2.06,0,0,0,0
aten::copy_,,,4.788,9.59,0,2.92,0,0
aclnnInplaceCopy,,,4.802,4.802,2.92,2.92,0,0
aten::contiguous,,,0.441,5.25,0,2.46,0,0
aten::clone,,,0.644,4.809,0,2.46,0,0
empty_tensor,,,1.27,1.27,0,0,0,0
aten::copy_,,,1.742,2.895,0,2.46,0,0
aclnnInplaceCopy,,,1.153,1.153,2.46,2.46,0,0
P13/1104248/01041/jit_run,,,726.088,948.913,0,4.3,0,0
P13/1104248/01042/launch,,,218.29,222.825,0,4.3,0,0
_triton_rope,,,4.535,4.535,4.3,4.3,0,0
aten::view,,,3.109,3.109,0,0,0,0
aten::view,,,0.587,0.587,0,0,0,0
aten::empty,,,2.332,7.699,0,0,0,0
empty_tensor,,,5.367,5.367,0,0,0,0
aten::detach,,,1.285,1.285,0,0,0,0
aten::reshape,,,1.126,2.034,0,0,0,0
aten::view,,,0.908,0.908,0,0,0,0
aten::reshape,,,0.606,1.273,0,0,0,0
aten::view,,,0.667,0.667,0,0,0,0
aten::reshape,,,0.544,0.955,0,0,0,0
aten::view,,,0.411,0.411,0,0,0,0
aten::reshape,,,3.377,5.013,0,0,0,0
aten::_reshape_alias,,,0.806,1.636,0,0,0,0
aten::view,,,0.83,0.83,0,0,0,0
vllm::unified_attention_with_output,,,106.942,1177.262,0,28.982,0,0
P13/1104248/01043/attention,,,287.397,1070.32,0,28.982,0,0
aten::slice,,,1.958,3.923,0,0,0,0
aten::as_strided,,,1.965,1.965,0,0,0,0
aten::slice,,,0.376,1.043,0,0,0,0
aten::as_strided,,,0.667,0.667,0,0,0,0
aten::slice,,,2.891,3.91,0,0,0,0
aten::as_strided,,,1.019,1.019,0,0,0,0
P13/1104248/01044/cache_write,,,156.843,289.065,0,5.901,0,0
P13/1104248/01045/torch_api,,,90.32,132.222,0,5.901,0,0
atb::_npu_reshape_and_cache,,,19.559,41.902,0,5.901,0,0
aten::contiguous,,,1.073,19.376,0,2.4,0,0
aten::clone,,,2.037,18.303,0,2.4,0,0
empty_tensor,,,4.673,4.673,0,0,0,0
aten::copy_,,,7.54,11.593,0,2.4,0,0
aclnnInplaceCopy,,,4.053,4.053,2.4,2.4,0,0
ReshapeCacheOperation,,,2.967,2.967,3.501,3.501,0,0
P13/1104248/01046/fia,,,240.793,461.647,0,23.081,0,0
aten::slice,,,1.09,2.36,0,0,0,0
aten::as_strided,,,1.27,1.27,0,0,0,0
aten::slice,,,1.021,1.5,0,0,0,0
aten::as_strided,,,0.479,0.479,0,0,0,0
aten::slice,,,0.439,1.193,0,0,0,0
aten::as_strided,,,0.754,0.754,0,0,0,0
P13/1104248/01047/torch_api,,,111.172,191.349,0,22.481,0,0
npu::npu_fused_infer_attention_score,,,69.629,80.177,0,22.481,0,0
empty_tensor,,,3.684,3.684,0,0,0,0
empty_tensor,,,1.415,1.415,0,0,0,0
empty_tensor,,,0.972,0.972,0,0,0,0
empty_tensor,,,0.717,0.717,0,0,0,0
aclnnFusedInferAttentionScoreV3,,,3.76,3.76,22.481,22.481,0,0
aten::view,,,2.113,2.113,0,0,0,0
aten::slice,,,1.01,2.075,0,0,0,0
aten::as_strided,,,1.065,1.065,0,0,0,0
aten::copy_,,,17.349,20.264,0,0.6,0,0
aclnnInplaceCopy,,,2.915,2.915,0.6,0.6,0,0
aten::slice,,,0.643,1.557,0,0,0,0
aten::as_strided,,,0.914,0.914,0,0,0,0
aten::copy_,,,10.698,21.778,0,0,0,0
aclnnInplaceCopy,,,11.08,11.08,0,0,0,0
P13/1104248/01048/acl_dispatch,,,307.531,2934.022,0,74.062,0,51.342
P13/1104248/01049/partition_body,,,200.672,2626.491,0,74.062,0,51.342
npu_fx_compiler inference,,,431.214,2425.819,0,74.062,0,51.342
aten::reshape,,,2.099,4.32,0,0,0,0
aten::view,,,2.221,2.221,0,0,0,0
vllm::unquantized_gemm,,,79.711,193.082,0,5.56,0,5.56
P13/1104248/01050/linear,,,86.257,113.371,0,5.56,0,5.56
aten::linear,,,2.192,27.114,0,5.56,0,5.56
aten::t,,,2.571,5.883,0,0,0,0
aten::transpose,,,1.628,3.312,0,0,0,0
aten::as_strided,,,1.684,1.684,0,0,0,0
aten::matmul,,,10.198,19.039,0,5.56,0,5.56
empty_tensor,,,5.124,5.124,0,0,0,0
aclnnMatmul,,,3.717,3.717,5.56,5.56,5.56,5.56
vllm::maybe_chunk_residual,,,9.689,9.689,0,0,0,0
_C_ascend::npu_add_rms_norm_bias,,,19.443,34.084,0,3.38,0,0
aten::empty,,,1.302,4.923,0,0,0,0
empty_tensor,,,3.621,3.621,0,0,0,0
aten::empty,,,0.435,1.93,0,0,0,0
empty_tensor,,,1.495,1.495,0,0,0,0
aten::empty,,,0.2,1.195,0,0,0,0
empty_tensor,,,0.995,0.995,0,0,0,0
aten::empty,,,0.538,3.145,0,0,0,0
empty_tensor,,,2.607,2.607,0,0,0,0
aclnnAddRmsNormBias,,,3.448,3.448,3.38,3.38,0,0
vllm::unquantized_gemm,,,67.743,163.697,0,21.681,0,21.681
P13/1104248/01051/linear,,,80.164,95.954,0,21.681,0,21.681
aten::linear,,,1.184,15.79,0,21.681,0,21.681
aten::t,,,1.238,3.79,0,0,0,0
aten::transpose,,,1.111,2.552,0,0,0,0
aten::as_strided,,,1.441,1.441,0,0,0,0
aten::matmul,,,5.634,10.816,0,21.681,0,21.681
empty_tensor,,,2.54,2.54,0,0,0,0
aclnnMatmul,,,2.642,2.642,21.681,21.681,21.681,21.681
npu::npu_swiglu,,,14.192,18.877,0,5.36,0,0
empty_tensor,,,2.069,2.069,0,0,0,0
aclnnSwiGlu,,,2.616,2.616,5.36,5.36,0,0
vllm::unquantized_gemm,,,63.399,148.288,0,16.341,0,16.341
P13/1104248/01052/linear,,,71.356,84.889,0,16.341,0,16.341
aten::linear,,,1.112,13.533,0,16.341,0,16.341
aten::t,,,1.01,3.598,0,0,0,0
aten::transpose,,,0.684,2.588,0,0,0,0
aten::as_strided,,,1.904,1.904,0,0,0,0
aten::matmul,,,4.343,8.823,0,16.341,0,16.341
empty_tensor,,,1.94,1.94,0,0,0,0
aclnnMatmul,,,2.54,2.54,16.341,16.341,16.341,16.341
vllm::maybe_chunk_residual,,,8.963,8.963,0,0,0,0
_C_ascend::npu_add_rms_norm_bias,,,12.749,23.462,0,3.4,0,0
aten::empty,,,0.817,2.971,0,0,0,0
empty_tensor,,,2.154,2.154,0,0,0,0
aten::empty,,,0.467,1.739,0,0,0,0
empty_tensor,,,1.272,1.272,0,0,0,0
aten::empty,,,0.194,1.206,0,0,0,0
empty_tensor,,,1.012,1.012,0,0,0,0
aten::empty,,,0.343,2.016,0,0,0,0
empty_tensor,,,1.673,1.673,0,0,0,0
aclnnAddRmsNormBias,,,2.781,2.781,3.4,3.4,0,0
vllm::unquantized_gemm,,,71.713,171.91,0,9.14,0,7.76
P13/1104248/01053/linear,,,80.015,100.197,0,9.14,0,7.76
aten::linear,,,1.268,20.182,0,9.14,0,7.76
aten::t,,,0.882,2.768,0,0,0,0
aten::transpose,,,0.651,1.886,0,0,0,0
aten::as_strided,,,1.235,1.235,0,0,0,0
aten::addmm,,,8.189,16.146,0,9.14,0,7.76
empty_tensor,,,2.248,2.248,0,0,0,0
aclnnAddmm,,,5.709,5.709,9.14,9.14,7.76,7.76
aten::split_with_sizes,,,3.603,5.425,0,0,0,0
aten::as_strided,,,1.263,1.263,0,0,0,0
aten::as_strided,,,0.267,0.267,0,0,0,0
aten::as_strided,,,0.292,0.292,0,0,0,0
vllm::npu_rotary_embedding,,,216.796,1194.592,0,9.2,0,0
aten::view,,,1.471,1.471,0,0,0,0
aten::view,,,0.608,0.608,0,0,0,0
aten::contiguous,,,1.052,13.496,0,2.42,0,0
aten::clone,,,1.577,12.444,0,2.42,0,0
empty_tensor,,,3.102,3.102,0,0,0,0
aten::copy_,,,4.843,7.765,0,2.42,0,0
aclnnInplaceCopy,,,2.922,2.922,2.42,2.42,0,0
aten::contiguous,,,0.577,6.214,0,2.4,0,0
aten::clone,,,0.645,5.637,0,2.4,0,0
empty_tensor,,,1.363,1.363,0,0,0,0
aten::copy_,,,1.731,3.629,0,2.4,0,0
aclnnInplaceCopy,,,1.898,1.898,2.4,2.4,0,0
P13/1104248/01054/jit_run,,,736.135,952.603,0,4.38,0,0
P13/1104248/01055/launch,,,212.146,216.468,0,4.38,0,0
_triton_rope,,,4.322,4.322,4.38,4.38,0,0
aten::view,,,2.854,2.854,0,0,0,0
aten::view,,,0.55,0.55,0,0,0,0
aten::empty,,,2.231,7.386,0,0,0,0
empty_tensor,,,5.155,5.155,0,0,0,0
aten::detach,,,1.328,1.328,0,0,0,0
aten::reshape,,,0.969,2.122,0,0,0,0
aten::view,,,1.153,1.153,0,0,0,0
aten::reshape,,,0.566,1.011,0,0,0,0
aten::view,,,0.445,0.445,0,0,0,0
aten::reshape,,,0.599,1.172,0,0,0,0
aten::view,,,0.573,0.573,0,0,0,0
aten::reshape,,,3.407,5.197,0,0,0,0
aten::_reshape_alias,,,0.868,1.79,0,0,0,0
aten::view,,,0.922,0.922,0,0,0,0
vllm::unified_attention_with_output,,,107.203,1185.03,0,26.701,0,0
P13/1104248/01056/attention,,,291.341,1077.827,0,26.701,0,0
aten::slice,,,1.838,3.787,0,0,0,0
aten::as_strided,,,1.949,1.949,0,0,0,0
aten::slice,,,0.458,1.235,0,0,0,0
aten::as_strided,,,0.777,0.777,0,0,0,0
aten::slice,,,3.693,4.509,0,0,0,0
aten::as_strided,,,0.816,0.816,0,0,0,0
P13/1104248/01057/cache_write,,,156.016,284.078,0,5.699999999999999,0,0
P13/1104248/01058/torch_api,,,87.339,128.062,0,5.699999999999999,0,0
atb::_npu_reshape_and_cache,,,18.877,40.723,0,5.699999999999999,0,0
aten::contiguous,,,1.163,20.126,0,2.42,0,0
aten::clone,,,2.074,18.963,0,2.42,0,0
empty_tensor,,,4.572,4.572,0,0,0,0
aten::copy_,,,7.978,12.317,0,2.42,0,0
aclnnInplaceCopy,,,4.339,4.339,2.42,2.42,0,0
ReshapeCacheOperation,,,1.72,1.72,3.28,3.28,0,0
P13/1104248/01059/fia,,,243.192,467.029,0,21.001,0,0
aten::slice,,,1.1,2.441,0,0,0,0
aten::as_strided,,,1.341,1.341,0,0,0,0
aten::slice,,,0.395,0.938,0,0,0,0
aten::as_strided,,,0.543,0.543,0,0,0,0
aten::slice,,,0.294,0.916,0,0,0,0
aten::as_strided,,,0.622,0.622,0,0,0,0
P13/1104248/01060/torch_api,,,114.272,194.97,0,20.381,0,0
npu::npu_fused_infer_attention_score,,,70.368,80.698,0,20.381,0,0
empty_tensor,,,3.901,3.901,0,0,0,0
empty_tensor,,,1.174,1.174,0,0,0,0
empty_tensor,,,0.595,0.595,0,0,0,0
empty_tensor,,,0.738,0.738,0,0,0,0
aclnnFusedInferAttentionScoreV3,,,3.922,3.922,20.381,20.381,0,0
aten::view,,,2.319,2.319,0,0,0,0
aten::slice,,,0.972,2.092,0,0,0,0
aten::as_strided,,,1.12,1.12,0,0,0,0
aten::copy_,,,17.275,20.161,0,0.62,0,0
aclnnInplaceCopy,,,2.886,2.886,0.62,0.62,0,0
aten::slice,,,0.567,1.582,0,0,0,0
aten::as_strided,,,1.015,1.015,0,0,0,0
aten::copy_,,,10.611,24.266,0,0,0,0
aclnnInplaceCopy,,,13.655,13.655,0,0,0,0
P13/1104248/01061/acl_dispatch,,,313.55,2942.003,0,73.404,0,50.343
P13/1104248/01062/partition_body,,,202.427,2628.453,0,73.404,0,50.343
npu_fx_compiler inference,,,427.655,2426.026,0,73.404,0,50.343
aten::reshape,,,2.162,4.472,0,0,0,0
aten::view,,,2.31,2.31,0,0,0,0
vllm::unquantized_gemm,,,72.346,188.363,0,5.74,0,5.74
P13/1104248/01063/linear,,,89.722,116.017,0,5.74,0,5.74
aten::linear,,,1.917,26.295,0,5.74,0,5.74
aten::t,,,2.768,5.916,0,0,0,0
aten::transpose,,,1.448,3.148,0,0,0,0
aten::as_strided,,,1.7,1.7,0,0,0,0
aten::matmul,,,9.441,18.462,0,5.74,0,5.74
empty_tensor,,,5.036,5.036,0,0,0,0
aclnnMatmul,,,3.985,3.985,5.74,5.74,5.74,5.74
vllm::maybe_chunk_residual,,,9.778,9.778,0,0,0,0
_C_ascend::npu_add_rms_norm_bias,,,19.024,32.641,0,2.96,0,0
aten::empty,,,1.17,4.48,0,0,0,0
empty_tensor,,,3.31,3.31,0,0,0,0
aten::empty,,,0.456,1.687,0,0,0,0
empty_tensor,,,1.231,1.231,0,0,0,0
aten::empty,,,0.412,1.153,0,0,0,0
empty_tensor,,,0.741,0.741,0,0,0,0
aten::empty,,,0.396,2.964,0,0,0,0
empty_tensor,,,2.568,2.568,0,0,0,0
aclnnAddRmsNormBias,,,3.333,3.333,2.96,2.96,0,0
vllm::unquantized_gemm,,,68.481,163.203,0,21.381,0,21.381
P13/1104248/01064/linear,,,78.469,94.722,0,21.381,0,21.381
aten::linear,,,1.322,16.253,0,21.381,0,21.381
aten::t,,,1.312,4.484,0,0,0,0
aten::transpose,,,1.644,3.172,0,0,0,0
aten::as_strided,,,1.528,1.528,0,0,0,0
aten::matmul,,,5.521,10.447,0,21.381,0,21.381
empty_tensor,,,2.492,2.492,0,0,0,0
aclnnMatmul,,,2.434,2.434,21.381,21.381,21.381,21.381
npu::npu_swiglu,,,14.898,19.473,0,5.34,0,0
empty_tensor,,,2.097,2.097,0,0,0,0
aclnnSwiGlu,,,2.478,2.478,5.34,5.34,0,0
vllm::unquantized_gemm,,,63.515,147.946,0,16.261,0,16.261
P13/1104248/01065/linear,,,72.486,84.431,0,16.261,0,16.261
aten::linear,,,0.9,11.945,0,16.261,0,16.261
aten::t,,,0.913,2.716,0,0,0,0
aten::transpose,,,0.629,1.803,0,0,0,0
aten::as_strided,,,1.174,1.174,0,0,0,0
aten::matmul,,,4.018,8.329,0,16.261,0,16.261
empty_tensor,,,1.992,1.992,0,0,0,0
aclnnMatmul,,,2.319,2.319,16.261,16.261,16.261,16.261
vllm::maybe_chunk_residual,,,8.645,8.645,0,0,0,0
_C_ascend::npu_add_rms_norm_bias,,,11.71,22.166,0,4.08,0,0
aten::empty,,,0.603,2.848,0,0,0,0
empty_tensor,,,2.245,2.245,0,0,0,0
aten::empty,,,0.233,1.433,0,0,0,0
empty_tensor,,,1.2,1.2,0,0,0,0
aten::empty,,,0.58,1.49,0,0,0,0
empty_tensor,,,0.91,0.91,0,0,0,0
aten::empty,,,0.338,1.938,0,0,0,0
empty_tensor,,,1.6,1.6,0,0,0,0
aclnnAddRmsNormBias,,,2.747,2.747,4.08,4.08,0,0
vllm::unquantized_gemm,,,73.306,186.885,0,8.161,0,6.961
P13/1104248/01066/linear,,,92.555,113.579,0,8.161,0,6.961
aten::linear,,,1.555,21.024,0,8.161,0,6.961
aten::t,,,1.018,3.656,0,0,0,0
aten::transpose,,,1.28,2.638,0,0,0,0
aten::as_strided,,,1.358,1.358,0,0,0,0
aten::addmm,,,8.227,15.813,0,8.161,0,6.961
empty_tensor,,,2.296,2.296,0,0,0,0
aclnnAddmm,,,5.29,5.29,8.161,8.161,6.961,6.961
aten::split_with_sizes,,,3.778,5.582,0,0,0,0
aten::as_strided,,,1.311,1.311,0,0,0,0
aten::as_strided,,,0.282,0.282,0,0,0,0
aten::as_strided,,,0.211,0.211,0,0,0,0
vllm::npu_rotary_embedding,,,209.899,1190.267,0,9.481,0,0
aten::view,,,1.451,1.451,0,0,0,0
aten::view,,,0.523,0.523,0,0,0,0
aten::contiguous,,,1.223,12.385,0,2.3,0,0
aten::clone,,,1.595,11.162,0,2.3,0,0
empty_tensor,,,2.067,2.067,0,0,0,0
aten::copy_,,,4.913,7.5,0,2.3,0,0
aclnnInplaceCopy,,,2.587,2.587,2.3,2.3,0,0
aten::contiguous,,,0.366,4.695,0,2.481,0,0
aten::clone,,,0.492,4.329,0,2.481,0,0
empty_tensor,,,1.16,1.16,0,0,0,0
aten::copy_,,,1.716,2.677,0,2.481,0,0
aclnnInplaceCopy,,,0.961,0.961,2.481,2.481,0,0
P13/1104248/01067/jit_run,,,730.606,957.957,0,4.7,0,0
P13/1104248/01068/launch,,,220.622,227.351,0,4.7,0,0
_triton_rope,,,6.729,6.729,4.7,4.7,0,0
aten::view,,,2.783,2.783,0,0,0,0
aten::view,,,0.574,0.574,0,0,0,0
aten::empty,,,2.418,7.762,0,0,0,0
empty_tensor,,,5.344,5.344,0,0,0,0
aten::detach,,,1.332,1.332,0,0,0,0
aten::reshape,,,1.673,2.65,0,0,0,0
aten::view,,,0.977,0.977,0,0,0,0
aten::reshape,,,0.525,1.022,0,0,0,0
aten::view,,,0.497,0.497,0,0,0,0
aten::reshape,,,0.397,0.872,0,0,0,0
aten::view,,,0.475,0.475,0,0,0,0
aten::reshape,,,3.491,5.312,0,0,0,0
aten::_reshape_alias,,,0.935,1.821,0,0,0,0
aten::view,,,0.886,0.886,0,0,0,0
vllm::unified_attention_with_output,,,113.328,1177.243,0,30.561,0,0
P13/1104248/01069/attention,,,284.013,1063.915,0,30.561,0,0
aten::slice,,,1.858,3.763,0,0,0,0
aten::as_strided,,,1.905,1.905,0,0,0,0
aten::slice,,,0.319,1.044,0,0,0,0
aten::as_strided,,,0.725,0.725,0,0,0,0
aten::slice,,,2.833,3.635,0,0,0,0
aten::as_strided,,,0.802,0.802,0,0,0,0
P13/1104248/01070/cache_write,,,155.082,284.947,0,5.4,0,0
P13/1104248/01071/torch_api,,,89.263,129.865,0,5.4,0,0
atb::_npu_reshape_and_cache,,,18.73,40.602,0,5.4,0,0
aten::contiguous,,,1.235,20.21,0,2.28,0,0
aten::clone,,,2.143,18.975,0,2.28,0,0
empty_tensor,,,4.907,4.907,0,0,0,0
aten::copy_,,,7.872,11.925,0,2.28,0,0
aclnnInplaceCopy,,,4.053,4.053,2.28,2.28,0,0
ReshapeCacheOperation,,,1.662,1.662,3.12,3.12,0,0
P13/1104248/01072/fia,,,240.622,460.732,0,25.160999999999998,0,0
aten::slice,,,1.061,2.412,0,0,0,0
aten::as_strided,,,1.351,1.351,0,0,0,0
aten::slice,,,0.455,0.994,0,0,0,0
aten::as_strided,,,0.539,0.539,0,0,0,0
aten::slice,,,0.266,0.828,0,0,0,0
aten::as_strided,,,0.562,0.562,0,0,0,0
P13/1104248/01073/torch_api,,,109.708,190.92,0,24.561,0,0
npu::npu_fused_infer_attention_score,,,70.497,81.212,0,24.561,0,0
empty_tensor,,,3.887,3.887,0,0,0,0
empty_tensor,,,1.376,1.376,0,0,0,0
empty_tensor,,,1.006,1.006,0,0,0,0
empty_tensor,,,0.718,0.718,0,0,0,0
aclnnFusedInferAttentionScoreV3,,,3.728,3.728,24.561,24.561,0,0
aten::view,,,2.22,2.22,0,0,0,0
aten::slice,,,1.04,2.19,0,0,0,0
aten::as_strided,,,1.15,1.15,0,0,0,0
aten::copy_,,,17.523,20.546,0,0.6,0,0
aclnnInplaceCopy,,,3.023,3.023,0.6,0.6,0,0
aten::slice,,,0.694,1.573,0,0,0,0
aten::as_strided,,,0.879,0.879,0,0,0,0
aten::copy_,,,11.029,24.208,0,0,0,0
aclnnInplaceCopy,,,13.179,13.179,0,0,0,0
P13/1104248/01074/acl_dispatch,,,300.541,2910.573,0,71.961,0,48.641
P13/1104248/01075/partition_body,,,198.415,2610.032,0,71.961,0,48.641
npu_fx_compiler inference,,,424.575,2411.617,0,71.961,0,48.641
aten::reshape,,,2.076,4.242,0,0,0,0
aten::view,,,2.166,2.166,0,0,0,0
vllm::unquantized_gemm,,,72.767,186.136,0,5.76,0,5.76
P13/1104248/01076/linear,,,87.218,113.369,0,5.76,0,5.76
aten::linear,,,2.022,26.151,0,5.76,0,5.76
aten::t,,,2.675,5.884,0,0,0,0
aten::transpose,,,1.541,3.209,0,0,0,0
aten::as_strided,,,1.668,1.668,0,0,0,0
aten::matmul,,,9.443,18.245,0,5.76,0,5.76
empty_tensor,,,4.966,4.966,0,0,0,0
aclnnMatmul,,,3.836,3.836,5.76,5.76,5.76,5.76
vllm::maybe_chunk_residual,,,9.571,9.571,0,0,0,0
_C_ascend::npu_add_rms_norm_bias,,,18.749,34.017,0,3.54,0,0
aten::empty,,,1.307,5.652,0,0,0,0
empty_tensor,,,4.345,4.345,0,0,0,0
aten::empty,,,0.247,1.975,0,0,0,0
empty_tensor,,,1.728,1.728,0,0,0,0
aten::empty,,,0.448,1.453,0,0,0,0
empty_tensor,,,1.005,1.005,0,0,0,0
aten::empty,,,0.406,2.788,0,0,0,0
empty_tensor,,,2.382,2.382,0,0,0,0
aclnnAddRmsNormBias,,,3.4,3.4,3.54,3.54,0,0
vllm::unquantized_gemm,,,67.984,160.39,0,19.221,0,19.221
P13/1104248/01077/linear,,,76.781,92.406,0,19.221,0,19.221
aten::linear,,,1.248,15.625,0,19.221,0,19.221
aten::t,,,1.335,3.75,0,0,0,0
aten::transpose,,,0.929,2.415,0,0,0,0
aten::as_strided,,,1.486,1.486,0,0,0,0
aten::matmul,,,5.642,10.627,0,19.221,0,19.221
empty_tensor,,,2.259,2.259,0,0,0,0
aclnnMatmul,,,2.726,2.726,19.221,19.221,19.221,19.221
npu::npu_swiglu,,,14.876,19.637,0,6.1,0,0
empty_tensor,,,2.11,2.11,0,0,0,0
aclnnSwiGlu,,,2.651,2.651,6.1,6.1,0,0
vllm::unquantized_gemm,,,66.077,149.335,0,16.46,0,16.46
P13/1104248/01078/linear,,,70.826,83.258,0,16.46,0,16.46
aten::linear,,,1.018,12.432,0,16.46,0,16.46
aten::t,,,0.896,2.72,0,0,0,0
aten::transpose,,,0.651,1.824,0,0,0,0
aten::as_strided,,,1.173,1.173,0,0,0,0
aten::matmul,,,4.207,8.694,0,16.46,0,16.46
empty_tensor,,,2.038,2.038,0,0,0,0
aclnnMatmul,,,2.449,2.449,16.46,16.46,16.46,16.46
vllm::maybe_chunk_residual,,,8.493,8.493,0,0,0,0
_C_ascend::npu_add_rms_norm_bias,,,12.656,23.963,0,3.42,0,0
aten::empty,,,0.609,3.335,0,0,0,0
empty_tensor,,,2.726,2.726,0,0,0,0
aten::empty,,,0.471,1.918,0,0,0,0
empty_tensor,,,1.447,1.447,0,0,0,0
aten::empty,,,0.334,1.592,0,0,0,0
empty_tensor,,,1.258,1.258,0,0,0,0
aten::empty,,,0.393,1.977,0,0,0,0
empty_tensor,,,1.584,1.584,0,0,0,0
aclnnAddRmsNormBias,,,2.485,2.485,3.42,3.42,0,0
vllm::unquantized_gemm,,,70.773,184.313,0,8.3,0,7.2
P13/1104248/01079/linear,,,93.032,113.54,0,8.3,0,7.2
aten::linear,,,1.335,20.508,0,8.3,0,7.2
aten::t,,,0.967,2.993,0,0,0,0
aten::transpose,,,0.762,2.026,0,0,0,0
aten::as_strided,,,1.264,1.264,0,0,0,0
aten::addmm,,,8.164,16.18,0,8.3,0,7.2
empty_tensor,,,2.366,2.366,0,0,0,0
aclnnAddmm,,,5.65,5.65,8.3,8.3,7.2,7.2
aten::split_with_sizes,,,3.483,5.439,0,0,0,0
aten::as_strided,,,1.359,1.359,0,0,0,0
aten::as_strided,,,0.354,0.354,0,0,0,0
aten::as_strided,,,0.243,0.243,0,0,0,0
vllm::npu_rotary_embedding,,,214.585,1183.746,0,9.16,0,0
aten::view,,,1.482,1.482,0,0,0,0
aten::view,,,0.514,0.514,0,0,0,0
aten::contiguous,,,1.049,12.587,0,2.5,0,0
aten::clone,,,1.608,11.538,0,2.5,0,0
empty_tensor,,,2.17,2.17,0,0,0,0
aten::copy_,,,4.96,7.76,0,2.5,0,0
aclnnInplaceCopy,,,2.8,2.8,2.5,2.5,0,0
aten::contiguous,,,0.538,7.181,0,2.46,0,0
aten::clone,,,0.61,6.643,0,2.46,0,0
empty_tensor,,,2.243,2.243,0,0,0,0
aten::copy_,,,2.006,3.79,0,2.46,0,0
aclnnInplaceCopy,,,1.784,1.784,2.46,2.46,0,0
P13/1104248/01080/jit_run,,,724.624,944.133,0,4.2,0,0
P13/1104248/01081/launch,,,215.306,219.509,0,4.2,0,0
_triton_rope,,,4.203,4.203,4.2,4.2,0,0
aten::view,,,2.768,2.768,0,0,0,0
aten::view,,,0.496,0.496,0,0,0,0
aten::empty,,,2.131,7.197,0,0,0,0
empty_tensor,,,5.066,5.066,0,0,0,0
aten::detach,,,1.309,1.309,0,0,0,0
aten::reshape,,,1.037,2.042,0,0,0,0
aten::view,,,1.005,1.005,0,0,0,0
aten::reshape,,,0.522,1.049,0,0,0,0
aten::view,,,0.527,0.527,0,0,0,0
aten::reshape,,,0.585,1.056,0,0,0,0
aten::view,,,0.471,0.471,0,0,0,0
aten::reshape,,,3.525,5.107,0,0,0,0
aten::_reshape_alias,,,0.837,1.582,0,0,0,0
aten::view,,,0.745,0.745,0,0,0,0
vllm::unified_attention_with_output,,,109.414,1173.204,0,27.841,0,0
P13/1104248/01082/attention,,,289.717,1063.79,0,27.841,0,0
aten::slice,,,2.01,3.945,0,0,0,0
aten::as_strided,,,1.935,1.935,0,0,0,0
aten::slice,,,0.507,1.708,0,0,0,0
aten::as_strided,,,1.201,1.201,0,0,0,0
aten::slice,,,2.797,3.628,0,0,0,0
aten::as_strided,,,0.831,0.831,0,0,0,0
P13/1104248/01083/cache_write,,,154.367,287.248,0,5.8,0,0
P13/1104248/01084/torch_api,,,90.186,132.881,0,5.8,0,0
atb::_npu_reshape_and_cache,,,18.886,42.695,0,5.8,0,0
aten::contiguous,,,2.091,22.076,0,2.4,0,0
aten::clone,,,2.056,19.985,0,2.4,0,0
empty_tensor,,,4.632,4.632,0,0,0,0
aten::copy_,,,7.546,13.297,0,2.4,0,0
aclnnInplaceCopy,,,5.751,5.751,2.4,2.4,0,0
ReshapeCacheOperation,,,1.733,1.733,3.4,3.4,0,0
P13/1104248/01085/fia,,,239.445,455.101,0,22.041,0,0
aten::slice,,,1.073,2.313,0,0,0,0
aten::as_strided,,,1.24,1.24,0,0,0,0
aten::slice,,,0.386,0.841,0,0,0,0
aten::as_strided,,,0.455,0.455,0,0,0,0
aten::slice,,,0.361,0.921,0,0,0,0
aten::as_strided,,,0.56,0.56,0,0,0,0
P13/1104248/01086/torch_api,,,104.944,187.017,0,21.421,0,0
npu::npu_fused_infer_attention_score,,,70.996,82.073,0,21.421,0,0
empty_tensor,,,3.911,3.911,0,0,0,0
empty_tensor,,,1.56,1.56,0,0,0,0
empty_tensor,,,0.858,0.858,0,0,0,0
empty_tensor,,,0.785,0.785,0,0,0,0
aclnnFusedInferAttentionScoreV3,,,3.963,3.963,21.421,21.421,0,0
aten::view,,,2.13,2.13,0,0,0,0
aten::slice,,,0.945,1.975,0,0,0,0
aten::as_strided,,,1.03,1.03,0,0,0,0
aten::copy_,,,17.458,20.459,0,0.62,0,0
aclnnInplaceCopy,,,3.001,3.001,0.62,0.62,0,0
aten::slice,,,0.581,1.495,0,0,0,0
aten::as_strided,,,0.914,0.914,0,0,0,0
aten::copy_,,,10.345,20.948,0,0,0,0
aclnnInplaceCopy,,,10.603,10.603,0,0,0,0
P13/1104248/01087/acl_dispatch,,,298.319,2910.234,0,70.444,0,48.162
P13/1104248/01088/partition_body,,,200.412,2611.915,0,70.444,0,48.162
npu_fx_compiler inference,,,426.039,2411.503,0,70.444,0,48.162
aten::reshape,,,2.392,4.806,0,0,0,0
aten::view,,,2.414,2.414,0,0,0,0
vllm::unquantized_gemm,,,74.942,185.638,0,5.36,0,5.36
P13/1104248/01089/linear,,,84.663,110.696,0,5.36,0,5.36
aten::linear,,,2.072,26.033,0,5.36,0,5.36
aten::t,,,2.616,5.501,0,0,0,0
aten::transpose,,,1.315,2.885,0,0,0,0
aten::as_strided,,,1.57,1.57,0,0,0,0
aten::matmul,,,9.492,18.46,0,5.36,0,5.36
empty_tensor,,,5.118,5.118,0,0,0,0
aclnnMatmul,,,3.85,3.85,5.36,5.36,5.36,5.36
vllm::maybe_chunk_residual,,,9.602,9.602,0,0,0,0
_C_ascend::npu_add_rms_norm_bias,,,18.779,32.487,0,3.2,0,0
aten::empty,,,1.158,4.569,0,0,0,0
empty_tensor,,,3.411,3.411,0,0,0,0
aten::empty,,,0.473,1.936,0,0,0,0
empty_tensor,,,1.463,1.463,0,0,0,0
aten::empty,,,0.42,1.204,0,0,0,0
empty_tensor,,,0.784,0.784,0,0,0,0
aten::empty,,,0.455,2.965,0,0,0,0
empty_tensor,,,2.51,2.51,0,0,0,0
aclnnAddRmsNormBias,,,3.034,3.034,3.2,3.2,0,0
vllm::unquantized_gemm,,,74.694,167.801,0,19.681,0,19.681
P13/1104248/01090/linear,,,75.969,93.107,0,19.681,0,19.681
aten::linear,,,1.64,17.138,0,19.681,0,19.681
aten::t,,,1.208,3.488,0,0,0,0
aten::transpose,,,0.899,2.28,0,0,0,0
aten::as_strided,,,1.381,1.381,0,0,0,0
aten::matmul,,,5.773,12.01,0,19.681,0,19.681
empty_tensor,,,2.383,2.383,0,0,0,0
aclnnMatmul,,,3.854,3.854,19.681,19.681,19.681,19.681
npu::npu_swiglu,,,15.332,20.285,0,5.5,0,0
empty_tensor,,,2.257,2.257,0,0,0,0
aclnnSwiGlu,,,2.696,2.696,5.5,5.5,0,0
vllm::unquantized_gemm,,,72.487,169.623,0,16.301,0,16.301
P13/1104248/01091/linear,,,83.824,97.136,0,16.301,0,16.301
aten::linear,,,0.988,13.312,0,16.301,0,16.301
aten::t,,,0.963,2.974,0,0,0,0
aten::transpose,,,0.744,2.011,0,0,0,0
aten::as_strided,,,1.267,1.267,0,0,0,0
aten::matmul,,,4.534,9.35,0,16.301,0,16.301
empty_tensor,,,2.227,2.227,0,0,0,0
aclnnMatmul,,,2.589,2.589,16.301,16.301,16.301,16.301
vllm::maybe_chunk_residual,,,9.141,9.141,0,0,0,0
_C_ascend::npu_add_rms_norm_bias,,,12.72,23.579,0,3.1,0,0
aten::empty,,,0.772,3.107,0,0,0,0
empty_tensor,,,2.335,2.335,0,0,0,0
aten::empty,,,0.377,1.29,0,0,0,0
empty_tensor,,,0.913,0.913,0,0,0,0
aten::empty,,,0.362,1.05,0,0,0,0
empty_tensor,,,0.688,0.688,0,0,0,0
aten::empty,,,0.346,2.424,0,0,0,0
empty_tensor,,,2.078,2.078,0,0,0,0
aclnnAddRmsNormBias,,,2.988,2.988,3.1,3.1,0,0
vllm::unquantized_gemm,,,68.934,168.088,0,7.98,0,6.82
P13/1104248/01092/linear,,,78.529,99.154,0,7.98,0,6.82
aten::linear,,,1.512,20.625,0,7.98,0,6.82
aten::t,,,0.863,2.795,0,0,0,0
aten::transpose,,,0.691,1.932,0,0,0,0
aten::as_strided,,,1.241,1.241,0,0,0,0
aten::addmm,,,8.478,16.318,0,7.98,0,6.82
empty_tensor,,,2.242,2.242,0,0,0,0
aclnnAddmm,,,5.598,5.598,7.98,7.98,6.82,6.82
aten::split_with_sizes,,,3.651,5.542,0,0,0,0
aten::as_strided,,,1.256,1.256,0,0,0,0
aten::as_strided,,,0.27,0.27,0,0,0,0
aten::as_strided,,,0.365,0.365,0,0,0,0
vllm::npu_rotary_embedding,,,207.645,1169.88,0,9.322,0,0
aten::view,,,1.48,1.48,0,0,0,0
aten::view,,,0.491,0.491,0,0,0,0
aten::contiguous,,,1.21,12.49,0,2.401,0,0
aten::clone,,,1.7,11.28,0,2.401,0,0
empty_tensor,,,2.034,2.034,0,0,0,0
aten::copy_,,,4.911,7.546,0,2.401,0,0
aclnnInplaceCopy,,,2.635,2.635,2.401,2.401,0,0
aten::contiguous,,,0.366,5.567,0,2.78,0,0
aten::clone,,,0.49,5.201,0,2.78,0,0
empty_tensor,,,1.503,1.503,0,0,0,0
aten::copy_,,,1.804,3.208,0,2.78,0,0
aclnnInplaceCopy,,,1.404,1.404,2.78,2.78,0,0
P13/1104248/01093/jit_run,,,720.294,938.788,0,4.141,0,0
P13/1104248/01094/launch,,,213.225,218.494,0,4.141,0,0
_triton_rope,,,5.269,5.269,4.141,4.141,0,0
aten::view,,,2.877,2.877,0,0,0,0
aten::view,,,0.542,0.542,0,0,0,0
aten::empty,,,2.188,7.62,0,0,0,0
empty_tensor,,,5.432,5.432,0,0,0,0
aten::detach,,,1.243,1.243,0,0,0,0
aten::reshape,,,1.105,2.068,0,0,0,0
aten::view,,,0.963,0.963,0,0,0,0
aten::reshape,,,0.532,1.092,0,0,0,0
aten::view,,,0.56,0.56,0,0,0,0
aten::reshape,,,0.567,1.107,0,0,0,0
aten::view,,,0.54,0.54,0,0,0,0
aten::reshape,,,4.172,5.862,0,0,0,0
aten::_reshape_alias,,,0.86,1.69,0,0,0,0
aten::view,,,0.83,0.83,0,0,0,0
vllm::unified_attention_with_output,,,107.831,1175.164,0,28.301,0,0
P13/1104248/01095/attention,,,288.202,1067.333,0,28.301,0,0
aten::slice,,,1.883,3.758,0,0,0,0
aten::as_strided,,,1.875,1.875,0,0,0,0
aten::slice,,,0.36,0.913,0,0,0,0
aten::as_strided,,,0.553,0.553,0,0,0,0
aten::slice,,,2.722,3.647,0,0,0,0
aten::as_strided,,,0.925,0.925,0,0,0,0
P13/1104248/01096/cache_write,,,155.288,279.874,0,5.24,0,0
P13/1104248/01097/torch_api,,,82.558,124.586,0,5.24,0,0
atb::_npu_reshape_and_cache,,,19.471,42.028,0,5.24,0,0
aten::contiguous,,,1.039,19.264,0,2.38,0,0
aten::clone,,,1.982,18.225,0,2.38,0,0
empty_tensor,,,4.664,4.664,0,0,0,0
aten::copy_,,,7.412,11.579,0,2.38,0,0
aclnnInplaceCopy,,,4.167,4.167,2.38,2.38,0,0
ReshapeCacheOperation,,,3.293,3.293,2.86,2.86,0,0
P13/1104248/01098/fia,,,248.56,467.7,0,23.061,0,0
aten::slice,,,1.12,2.478,0,0,0,0
aten::as_strided,,,1.358,1.358,0,0,0,0
aten::slice,,,0.294,0.839,0,0,0,0
aten::as_strided,,,0.545,0.545,0,0,0,0
aten::slice,,,0.387,0.888,0,0,0,0
aten::as_strided,,,0.501,0.501,0,0,0,0
P13/1104248/01099/torch_api,,,110.595,190.286,0,22.441,0,0
npu::npu_fused_infer_attention_score,,,68.771,79.691,0,22.441,0,0
empty_tensor,,,3.844,3.844,0,0,0,0
empty_tensor,,,1.24,1.24,0,0,0,0
empty_tensor,,,0.714,0.714,0,0,0,0
empty_tensor,,,1.402,1.402,0,0,0,0
aclnnFusedInferAttentionScoreV3,,,3.72,3.72,22.441,22.441,0,0
aten::view,,,2.171,2.171,0,0,0,0
aten::slice,,,0.975,2.044,0,0,0,0
aten::as_strided,,,1.069,1.069,0,0,0,0
aten::copy_,,,17.482,20.434,0,0.62,0,0
aclnnInplaceCopy,,,2.952,2.952,0.62,0.62,0,0
aten::slice,,,0.614,1.51,0,0,0,0
aten::as_strided,,,0.896,0.896,0,0,0,0
aten::copy_,,,10.446,21.729,0,0,0,0
aclnnInplaceCopy,,,11.283,11.283,0,0,0,0
P13/1104248/01100/acl_dispatch,,,299.407,2905.827,0,71.824,0,48.841
P13/1104248/01101/partition_body,,,203.635,2606.42,0,71.824,0,48.841
npu_fx_compiler inference,,,427.998,2402.785,0,71.824,0,48.841
aten::reshape,,,2.202,4.469,0,0,0,0
aten::view,,,2.267,2.267,0,0,0,0
vllm::unquantized_gemm,,,75.201,194.422,0,6.0,0,6.0
P13/1104248/01102/linear,,,92.897,119.221,0,6.0,0,6.0
aten::linear,,,2.197,26.324,0,6.0,0,6.0
aten::t,,,2.586,5.694,0,0,0,0
aten::transpose,,,1.394,3.108,0,0,0,0
aten::as_strided,,,1.714,1.714,0,0,0,0
aten::matmul,,,9.766,18.433,0,6.0,0,6.0
empty_tensor,,,5.102,5.102,0,0,0,0
aclnnMatmul,,,3.565,3.565,6.0,6.0,6.0,6.0
vllm::maybe_chunk_residual,,,9.657,9.657,0,0,0,0
_C_ascend::npu_add_rms_norm_bias,,,19.257,33.963,0,3.48,0,0
aten::empty,,,1.384,4.69,0,0,0,0
empty_tensor,,,3.306,3.306,0,0,0,0
aten::empty,,,0.242,1.495,0,0,0,0
empty_tensor,,,1.253,1.253,0,0,0,0
aten::empty,,,0.227,1.785,0,0,0,0
empty_tensor,,,1.558,1.558,0,0,0,0
aten::empty,,,0.533,3.215,0,0,0,0
empty_tensor,,,2.682,2.682,0,0,0,0
aclnnAddRmsNormBias,,,3.521,3.521,3.48,3.48,0,0
vllm::unquantized_gemm,,,69.109,161.359,0,19.181,0,19.181
P13/1104248/01103/linear,,,77.51,92.25,0,19.181,0,19.181
aten::linear,,,1.034,14.74,0,19.181,0,19.181
aten::t,,,1.249,3.326,0,0,0,0
aten::transpose,,,0.754,2.077,0,0,0,0
aten::as_strided,,,1.323,1.323,0,0,0,0
aten::matmul,,,5.419,10.38,0,19.181,0,19.181
empty_tensor,,,2.304,2.304,0,0,0,0
aclnnMatmul,,,2.657,2.657,19.181,19.181,19.181,19.181
npu::npu_swiglu,,,14.154,18.618,0,5.501,0,0
empty_tensor,,,2.106,2.106,0,0,0,0
aclnnSwiGlu,,,2.358,2.358,5.501,5.501,0,0
vllm::unquantized_gemm,,,63.969,151.814,0,16.46,0,16.46
P13/1104248/01104/linear,,,75.211,87.845,0,16.46,0,16.46
aten::linear,,,0.884,12.634,0,16.46,0,16.46
aten::t,,,0.924,2.782,0,0,0,0
aten::transpose,,,0.67,1.858,0,0,0,0
aten::as_strided,,,1.188,1.188,0,0,0,0
aten::matmul,,,4.32,8.968,0,16.46,0,16.46
empty_tensor,,,2.096,2.096,0,0,0,0
aclnnMatmul,,,2.552,2.552,16.46,16.46,16.46,16.46
vllm::maybe_chunk_residual,,,8.951,8.951,0,0,0,0
_C_ascend::npu_add_rms_norm_bias,,,11.985,22.726,0,3.94,0,0
aten::empty,,,0.589,2.728,0,0,0,0
empty_tensor,,,2.139,2.139,0,0,0,0
aten::empty,,,0.335,1.27,0,0,0,0
empty_tensor,,,0.935,0.935,0,0,0,0
aten::empty,,,0.258,1.658,0,0,0,0
empty_tensor,,,1.4,1.4,0,0,0,0
aten::empty,,,0.336,2.05,0,0,0,0
empty_tensor,,,1.714,1.714,0,0,0,0
aclnnAddRmsNormBias,,,3.035,3.035,3.94,3.94,0,0
vllm::unquantized_gemm,,,66.639,157.718,0,8.48,0,7.2
P13/1104248/01105/linear,,,74.403,91.079,0,8.48,0,7.2
aten::linear,,,1.293,16.676,0,8.48,0,7.2
aten::t,,,0.841,2.622,0,0,0,0
aten::transpose,,,0.633,1.781,0,0,0,0
aten::as_strided,,,1.148,1.148,0,0,0,0
aten::addmm,,,7.84,12.761,0,8.48,0,7.2
empty_tensor,,,2.251,2.251,0,0,0,0
aclnnAddmm,,,2.67,2.67,8.48,8.48,7.2,7.2
aten::split_with_sizes,,,3.563,5.365,0,0,0,0
aten::as_strided,,,1.266,1.266,0,0,0,0
aten::as_strided,,,0.285,0.285,0,0,0,0
aten::as_strided,,,0.251,0.251,0,0,0,0
vllm::npu_rotary_embedding,,,212.391,1188.121,0,8.782,0,0
aten::view,,,1.465,1.465,0,0,0,0
aten::view,,,0.347,0.347,0,0,0,0
aten::contiguous,,,1.049,19.915,0,2.381,0,0
aten::clone,,,1.598,18.866,0,2.381,0,0
empty_tensor,,,2.213,2.213,0,0,0,0
aten::copy_,,,4.942,15.055,0,2.381,0,0
aclnnInplaceCopy,,,10.113,10.113,2.381,2.381,0,0
aten::contiguous,,,0.511,5.275,0,2.32,0,0
aten::clone,,,0.537,4.764,0,2.32,0,0
empty_tensor,,,1.466,1.466,0,0,0,0
aten::copy_,,,1.861,2.761,0,2.32,0,0
aclnnInplaceCopy,,,0.9,0.9,2.32,2.32,0,0
P13/1104248/01106/jit_run,,,722.107,945.299,0,4.081,0,0
P13/1104248/01107/launch,,,218.607,223.192,0,4.081,0,0
_triton_rope,,,4.585,4.585,4.081,4.081,0,0
aten::view,,,2.894,2.894,0,0,0,0
aten::view,,,0.535,0.535,0,0,0,0
aten::empty,,,2.262,7.052,0,0,0,0
empty_tensor,,,4.79,4.79,0,0,0,0
aten::detach,,,1.365,1.365,0,0,0,0
aten::reshape,,,1.037,1.928,0,0,0,0
aten::view,,,0.891,0.891,0,0,0,0
aten::reshape,,,0.468,1.005,0,0,0,0
aten::view,,,0.537,0.537,0,0,0,0
aten::reshape,,,0.498,0.956,0,0,0,0
aten::view,,,0.458,0.458,0,0,0,0
aten::reshape,,,3.375,5.298,0,0,0,0
aten::_reshape_alias,,,1.029,1.923,0,0,0,0
aten::view,,,0.894,0.894,0,0,0,0
vllm::unified_attention_with_output,,,106.817,1159.037,0,25.382,0,0
P13/1104248/01108/attention,,,286.776,1052.22,0,25.382,0,0
aten::slice,,,1.909,3.815,0,0,0,0
aten::as_strided,,,1.906,1.906,0,0,0,0
aten::slice,,,0.397,0.939,0,0,0,0
aten::as_strided,,,0.542,0.542,0,0,0,0
aten::slice,,,2.813,3.663,0,0,0,0
aten::as_strided,,,0.85,0.85,0,0,0,0
P13/1104248/01109/cache_write,,,155.805,280.573,0,5.401,0,0
P13/1104248/01110/torch_api,,,83.604,124.768,0,5.401,0,0
atb::_npu_reshape_and_cache,,,18.639,41.164,0,5.401,0,0
aten::contiguous,,,1.172,20.153,0,2.441,0,0
aten::clone,,,2.235,18.981,0,2.441,0,0
empty_tensor,,,4.629,4.629,0,0,0,0
aten::copy_,,,7.624,12.117,0,2.441,0,0
aclnnInplaceCopy,,,4.493,4.493,2.441,2.441,0,0
ReshapeCacheOperation,,,2.372,2.372,2.96,2.96,0,0
P13/1104248/01111/fia,,,237.317,453.374,0,19.981,0,0
aten::slice,,,1.132,2.373,0,0,0,0
aten::as_strided,,,1.241,1.241,0,0,0,0
aten::slice,,,0.359,0.73,0,0,0,0
aten::as_strided,,,0.371,0.371,0,0,0,0
aten::slice,,,0.268,0.722,0,0,0,0
aten::as_strided,,,0.454,0.454,0,0,0,0
P13/1104248/01112/torch_api,,,107.529,188.124,0,19.361,0,0
npu::npu_fused_infer_attention_score,,,69.405,80.595,0,19.361,0,0
empty_tensor,,,3.875,3.875,0,0,0,0
empty_tensor,,,1.194,1.194,0,0,0,0
empty_tensor,,,0.658,0.658,0,0,0,0
empty_tensor,,,0.693,0.693,0,0,0,0
aclnnFusedInferAttentionScoreV3,,,4.77,4.77,19.361,19.361,0,0
aten::view,,,2.156,2.156,0,0,0,0
aten::slice,,,0.868,2.005,0,0,0,0
aten::as_strided,,,1.137,1.137,0,0,0,0
aten::copy_,,,17.123,19.947,0,0.62,0,0
aclnnInplaceCopy,,,2.824,2.824,0.62,0.62,0,0
aten::slice,,,0.699,1.57,0,0,0,0
aten::as_strided,,,0.871,0.871,0,0,0,0
aten::copy_,,,10.618,21.51,0,0,0,0
aclnnInplaceCopy,,,10.892,10.892,0,0,0,0
P13/1104248/01113/acl_dispatch,,,344.462,2975.329,0,69.504,0,48.062
P13/1104248/01114/partition_body,,,200.285,2630.867,0,69.504,0,48.062
npu_fx_compiler inference,,,429.876,2430.582,0,69.504,0,48.062
aten::reshape,,,2.613,5.059,0,0,0,0
aten::view,,,2.446,2.446,0,0,0,0
vllm::unquantized_gemm,,,72.377,186.5,0,5.32,0,5.32
P13/1104248/01115/linear,,,84.164,114.123,0,5.32,0,5.32
aten::linear,,,2.045,29.959,0,5.32,0,5.32
aten::t,,,5.121,8.473,0,0,0,0
aten::transpose,,,1.474,3.352,0,0,0,0
aten::as_strided,,,1.878,1.878,0,0,0,0
aten::matmul,,,9.708,19.441,0,5.32,0,5.32
empty_tensor,,,5.611,5.611,0,0,0,0
aclnnMatmul,,,4.122,4.122,5.32,5.32,5.32,5.32
vllm::maybe_chunk_residual,,,9.578,9.578,0,0,0,0
_C_ascend::npu_add_rms_norm_bias,,,19.927,33.723,0,3.101,0,0
aten::empty,,,1.247,4.547,0,0,0,0
empty_tensor,,,3.3,3.3,0,0,0,0
aten::empty,,,0.402,1.548,0,0,0,0
empty_tensor,,,1.146,1.146,0,0,0,0
aten::empty,,,0.371,1.415,0,0,0,0
empty_tensor,,,1.044,1.044,0,0,0,0
aten::empty,,,0.423,3.078,0,0,0,0
empty_tensor,,,2.655,2.655,0,0,0,0
aclnnAddRmsNormBias,,,3.208,3.208,3.101,3.101,0,0
vllm::unquantized_gemm,,,68.925,162.152,0,19.281,0,19.281
P13/1104248/01116/linear,,,77.523,93.227,0,19.281,0,19.281
aten::linear,,,1.263,15.704,0,19.281,0,19.281
aten::t,,,1.29,3.839,0,0,0,0
aten::transpose,,,1.025,2.549,0,0,0,0
aten::as_strided,,,1.524,1.524,0,0,0,0
aten::matmul,,,5.679,10.602,0,19.281,0,19.281
empty_tensor,,,2.281,2.281,0,0,0,0
aclnnMatmul,,,2.642,2.642,19.281,19.281,19.281,19.281
npu::npu_swiglu,,,14.466,18.956,0,5.24,0,0
empty_tensor,,,2.006,2.006,0,0,0,0
aclnnSwiGlu,,,2.484,2.484,5.24,5.24,0,0
vllm::unquantized_gemm,,,69.752,170.885,0,16.261,0,16.261
P13/1104248/01117/linear,,,86.778,101.133,0,16.261,0,16.261
aten::linear,,,1.04,14.355,0,16.261,0,16.261
aten::t,,,1.006,4.147,0,0,0,0
aten::transpose,,,1.704,3.141,0,0,0,0
aten::as_strided,,,1.437,1.437,0,0,0,0
aten::matmul,,,4.801,9.168,0,16.261,0,16.261
empty_tensor,,,2.028,2.028,0,0,0,0
aclnnMatmul,,,2.339,2.339,16.261,16.261,16.261,16.261
vllm::maybe_chunk_residual,,,8.87,8.87,0,0,0,0
_C_ascend::npu_add_rms_norm_bias,,,12.313,23.953,0,3.08,0,0
aten::empty,,,0.783,3.141,0,0,0,0
empty_tensor,,,2.358,2.358,0,0,0,0
aten::empty,,,0.391,1.564,0,0,0,0
empty_tensor,,,1.173,1.173,0,0,0,0
aten::empty,,,0.53,1.663,0,0,0,0
empty_tensor,,,1.133,1.133,0,0,0,0
aten::empty,,,0.339,2.209,0,0,0,0
empty_tensor,,,1.87,1.87,0,0,0,0
aclnnAddRmsNormBias,,,3.063,3.063,3.08,3.08,0,0
vllm::unquantized_gemm,,,69.605,164.01,0,8.38,0,7.2
P13/1104248/01118/linear,,,78.019,94.405,0,8.38,0,7.2
aten::linear,,,1.453,16.386,0,8.38,0,7.2
aten::t,,,0.97,2.922,0,0,0,0
aten::transpose,,,0.701,1.952,0,0,0,0
aten::as_strided,,,1.251,1.251,0,0,0,0
aten::addmm,,,7.669,12.011,0,8.38,0,7.2
empty_tensor,,,1.802,1.802,0,0,0,0
aclnnAddmm,,,2.54,2.54,8.38,8.38,7.2,7.2
aten::split_with_sizes,,,3.495,5.432,0,0,0,0
aten::as_strided,,,1.307,1.307,0,0,0,0
aten::as_strided,,,0.328,0.328,0,0,0,0
aten::as_strided,,,0.302,0.302,0,0,0,0
vllm::npu_rotary_embedding,,,209.149,1193.594,0,8.841,0,0
aten::view,,,1.606,1.606,0,0,0,0
aten::view,,,0.526,0.526,0,0,0,0
aten::contiguous,,,1.367,20.015,0,2.361,0,0
aten::clone,,,2.055,18.648,0,2.361,0,0
empty_tensor,,,2.047,2.047,0,0,0,0
aten::copy_,,,4.784,14.546,0,2.361,0,0
aclnnInplaceCopy,,,9.762,9.762,2.361,2.361,0,0
aten::contiguous,,,0.579,5.54,0,2.3,0,0
aten::clone,,,0.702,4.961,0,2.3,0,0
empty_tensor,,,1.435,1.435,0,0,0,0
aten::copy_,,,1.76,2.824,0,2.3,0,0
aclnnInplaceCopy,,,1.064,1.064,2.3,2.3,0,0
P13/1104248/01119/jit_run,,,732.283,953.398,0,4.18,0,0
P13/1104248/01120/launch,,,216.439,221.115,0,4.18,0,0
_triton_rope,,,4.676,4.676,4.18,4.18,0,0
aten::view,,,2.81,2.81,0,0,0,0
aten::view,,,0.55,0.55,0,0,0,0
aten::empty,,,2.217,7.209,0,0,0,0
empty_tensor,,,4.992,4.992,0,0,0,0
aten::detach,,,1.292,1.292,0,0,0,0
aten::reshape,,,1.146,2.135,0,0,0,0
aten::view,,,0.989,0.989,0,0,0,0
aten::reshape,,,0.515,1.02,0,0,0,0
aten::view,,,0.505,0.505,0,0,0,0
aten::reshape,,,0.557,1.067,0,0,0,0
aten::view,,,0.51,0.51,0,0,0,0
aten::reshape,,,3.395,5.271,0,0,0,0
aten::_reshape_alias,,,0.911,1.876,0,0,0,0
aten::view,,,0.965,0.965,0,0,0,0
vllm::unified_attention_with_output,,,112.596,1189.451,0,30.921,0,0
P13/1104248/01121/attention,,,306.82,1076.855,0,30.921,0,0
aten::slice,,,1.973,3.956,0,0,0,0
aten::as_strided,,,1.983,1.983,0,0,0,0
aten::slice,,,0.474,1.288,0,0,0,0
aten::as_strided,,,0.814,0.814,0,0,0,0
aten::slice,,,2.866,4.438,0,0,0,0
aten::as_strided,,,1.572,1.572,0,0,0,0
P13/1104248/01122/cache_write,,,147.464,270.539,0,5.42,0,0
P13/1104248/01123/torch_api,,,81.87,123.075,0,5.42,0,0
atb::_npu_reshape_and_cache,,,18.836,41.205,0,5.42,0,0
aten::contiguous,,,1.098,20.659,0,2.44,0,0
aten::clone,,,2.044,19.561,0,2.44,0,0
empty_tensor,,,4.83,4.83,0,0,0,0
aten::copy_,,,8.22,12.687,0,2.44,0,0
aclnnInplaceCopy,,,4.467,4.467,2.44,2.44,0,0
ReshapeCacheOperation,,,1.71,1.71,2.98,2.98,0,0
P13/1104248/01124/fia,,,243.669,465.723,0,25.500999999999998,0,0
aten::slice,,,1.069,2.303,0,0,0,0
aten::as_strided,,,1.234,1.234,0,0,0,0
aten::slice,,,0.425,1.01,0,0,0,0
aten::as_strided,,,0.585,0.585,0,0,0,0
aten::slice,,,0.402,1.095,0,0,0,0
aten::as_strided,,,0.693,0.693,0,0,0,0
P13/1104248/01125/torch_api,,,108.742,189.091,0,24.881,0,0
npu::npu_fused_infer_attention_score,,,69.418,80.349,0,24.881,0,0
empty_tensor,,,3.756,3.756,0,0,0,0
empty_tensor,,,1.403,1.403,0,0,0,0
empty_tensor,,,0.999,0.999,0,0,0,0
empty_tensor,,,0.733,0.733,0,0,0,0
aclnnFusedInferAttentionScoreV3,,,4.04,4.04,24.881,24.881,0,0
aten::view,,,2.23,2.23,0,0,0,0
aten::slice,,,0.966,1.997,0,0,0,0
aten::as_strided,,,1.031,1.031,0,0,0,0
aten::copy_,,,18.485,24.328,0,0.62,0,0
aclnnInplaceCopy,,,5.843,5.843,0.62,0.62,0,0
aten::slice,,,0.724,1.759,0,0,0,0
aten::as_strided,,,1.035,1.035,0,0,0,0
aten::copy_,,,11.401,22.332,0,0,0,0
aclnnInplaceCopy,,,10.931,10.931,0,0,0,0
P13/1104248/01126/acl_dispatch,,,304.529,2897.789,0,71.164,0,48.563
P13/1104248/01127/partition_body,,,195.604,2593.26,0,71.164,0,48.563
npu_fx_compiler inference,,,424.66,2397.656,0,71.164,0,48.563
aten::reshape,,,2.122,4.216,0,0,0,0
aten::view,,,2.094,2.094,0,0,0,0
vllm::unquantized_gemm,,,76.43,190.663,0,5.66,0,5.66
P13/1104248/01128/linear,,,88.72,114.233,0,5.66,0,5.66
aten::linear,,,2.194,25.513,0,5.66,0,5.66
aten::t,,,2.583,5.918,0,0,0,0
aten::transpose,,,1.625,3.335,0,0,0,0
aten::as_strided,,,1.71,1.71,0,0,0,0
aten::matmul,,,9.075,17.401,0,5.66,0,5.66
empty_tensor,,,4.919,4.919,0,0,0,0
aclnnMatmul,,,3.407,3.407,5.66,5.66,5.66,5.66
vllm::maybe_chunk_residual,,,10.006,10.006,0,0,0,0
_C_ascend::npu_add_rms_norm_bias,,,20.22,34.105,0,3.16,0,0
aten::empty,,,1.191,4.341,0,0,0,0
empty_tensor,,,3.15,3.15,0,0,0,0
aten::empty,,,0.292,1.768,0,0,0,0
empty_tensor,,,1.476,1.476,0,0,0,0
aten::empty,,,0.348,1.444,0,0,0,0
empty_tensor,,,1.096,1.096,0,0,0,0
aten::empty,,,0.355,2.976,0,0,0,0
empty_tensor,,,2.621,2.621,0,0,0,0
aclnnAddRmsNormBias,,,3.356,3.356,3.16,3.16,0,0
vllm::unquantized_gemm,,,73.061,168.078,0,19.321,0,19.321
P13/1104248/01129/linear,,,79.334,95.017,0,19.321,0,19.321
aten::linear,,,1.051,15.683,0,19.321,0,19.321
aten::t,,,1.876,4.203,0,0,0,0
aten::transpose,,,0.944,2.327,0,0,0,0
aten::as_strided,,,1.383,1.383,0,0,0,0
aten::matmul,,,5.276,10.429,0,19.321,0,19.321
empty_tensor,,,2.398,2.398,0,0,0,0
aclnnMatmul,,,2.755,2.755,19.321,19.321,19.321,19.321
npu::npu_swiglu,,,15.017,19.713,0,5.321,0,0
empty_tensor,,,2.074,2.074,0,0,0,0
aclnnSwiGlu,,,2.622,2.622,5.321,5.321,0,0
vllm::unquantized_gemm,,,64.387,150.08,0,16.441,0,16.441
P13/1104248/01130/linear,,,72.938,85.693,0,16.441,0,16.441
aten::linear,,,0.991,12.755,0,16.441,0,16.441
aten::t,,,0.916,2.831,0,0,0,0
aten::transpose,,,0.65,1.915,0,0,0,0
aten::as_strided,,,1.265,1.265,0,0,0,0
aten::matmul,,,4.244,8.933,0,16.441,0,16.441
empty_tensor,,,2.038,2.038,0,0,0,0
aclnnMatmul,,,2.651,2.651,16.441,16.441,16.441,16.441
vllm::maybe_chunk_residual,,,8.854,8.854,0,0,0,0
_C_ascend::npu_add_rms_norm_bias,,,12.147,23.058,0,3.12,0,0
aten::empty,,,0.666,2.956,0,0,0,0
empty_tensor,,,2.29,2.29,0,0,0,0
aten::empty,,,0.448,1.417,0,0,0,0
empty_tensor,,,0.969,0.969,0,0,0,0
aten::empty,,,0.236,1.547,0,0,0,0
empty_tensor,,,1.311,1.311,0,0,0,0
aten::empty,,,0.41,2.072,0,0,0,0
empty_tensor,,,1.662,1.662,0,0,0,0
aclnnAddRmsNormBias,,,2.919,2.919,3.12,3.12,0,0
vllm::unquantized_gemm,,,65.064,156.175,0,8.421,0,7.141
P13/1104248/01131/linear,,,74.21,91.111,0,8.421,0,7.141
aten::linear,,,1.25,16.901,0,8.421,0,7.141
aten::t,,,1.525,3.295,0,0,0,0
aten::transpose,,,0.558,1.77,0,0,0,0
aten::as_strided,,,1.212,1.212,0,0,0,0
aten::addmm,,,7.522,12.356,0,8.421,0,7.141
empty_tensor,,,2.134,2.134,0,0,0,0
aclnnAddmm,,,2.7,2.7,8.421,8.421,7.141,7.141
aten::split_with_sizes,,,3.466,5.181,0,0,0,0
aten::as_strided,,,1.215,1.215,0,0,0,0
aten::as_strided,,,0.294,0.294,0,0,0,0
aten::as_strided,,,0.206,0.206,0,0,0,0
vllm::npu_rotary_embedding,,,207.543,1184.315,0,9.72,0,0
aten::view,,,1.626,1.626,0,0,0,0
aten::view,,,0.478,0.478,0,0,0,0
aten::contiguous,,,1.077,19.411,0,2.8,0,0
aten::clone,,,1.697,18.334,0,2.8,0,0
empty_tensor,,,2.1,2.1,0,0,0,0
aten::copy_,,,4.746,14.537,0,2.8,0,0
aclnnInplaceCopy,,,9.791,9.791,2.8,2.8,0,0
aten::contiguous,,,0.763,5.648,0,2.68,0,0
aten::clone,,,0.628,4.885,0,2.68,0,0
empty_tensor,,,1.607,1.607,0,0,0,0
aten::copy_,,,1.758,2.65,0,2.68,0,0
aclnnInplaceCopy,,,0.892,0.892,2.68,2.68,0,0
P13/1104248/01132/jit_run,,,720.79,946.295,0,4.24,0,0
P13/1104248/01133/launch,,,220.203,225.505,0,4.24,0,0
_triton_rope,,,5.302,5.302,4.24,4.24,0,0
aten::view,,,2.814,2.814,0,0,0,0
aten::view,,,0.5,0.5,0,0,0,0
aten::empty,,,2.268,7.355,0,0,0,0
empty_tensor,,,5.087,5.087,0,0,0,0
aten::detach,,,1.917,1.917,0,0,0,0
aten::reshape,,,1.096,2.067,0,0,0,0
aten::view,,,0.971,0.971,0,0,0,0
aten::reshape,,,0.397,0.871,0,0,0,0
aten::view,,,0.474,0.474,0,0,0,0
aten::reshape,,,0.502,0.908,0,0,0,0
aten::view,,,0.406,0.406,0,0,0,0
aten::reshape,,,3.733,5.434,0,0,0,0
aten::_reshape_alias,,,0.821,1.701,0,0,0,0
aten::view,,,0.88,0.88,0,0,0,0
vllm::unified_attention_with_output,,,108.0,1185.737,0,27.062,0,0
P13/1104248/01134/attention,,,282.181,1077.737,0,27.062,0,0
aten::slice,,,2.077,4.007,0,0,0,0
aten::as_strided,,,1.93,1.93,0,0,0,0
aten::slice,,,0.316,0.965,0,0,0,0
aten::as_strided,,,0.649,0.649,0,0,0,0
aten::slice,,,2.797,3.669,0,0,0,0
aten::as_strided,,,0.872,0.872,0,0,0,0
P13/1104248/01135/cache_write,,,157.361,283.575,0,5.539999999999999,0,0
P13/1104248/01136/torch_api,,,86.604,126.214,0,5.539999999999999,0,0
atb::_npu_reshape_and_cache,,,18.535,39.61,0,5.539999999999999,0,0
aten::contiguous,,,1.063,19.333,0,2.28,0,0
aten::clone,,,2.057,18.27,0,2.28,0,0
empty_tensor,,,4.645,4.645,0,0,0,0
aten::copy_,,,7.367,11.568,0,2.28,0,0
aclnnInplaceCopy,,,4.201,4.201,2.28,2.28,0,0
ReshapeCacheOperation,,,1.742,1.742,3.26,3.26,0,0
P13/1104248/01137/fia,,,250.146,478.533,0,21.522,0,0
aten::slice,,,1.102,2.454,0,0,0,0
aten::as_strided,,,1.352,1.352,0,0,0,0
aten::slice,,,0.371,0.759,0,0,0,0
aten::as_strided,,,0.388,0.388,0,0,0,0
aten::slice,,,0.419,0.99,0,0,0,0
aten::as_strided,,,0.571,0.571,0,0,0,0
P13/1104248/01138/torch_api,,,116.973,199.13,0,20.902,0,0
npu::npu_fused_infer_attention_score,,,70.636,82.157,0,20.902,0,0
empty_tensor,,,4.217,4.217,0,0,0,0
empty_tensor,,,1.56,1.56,0,0,0,0
empty_tensor,,,0.833,0.833,0,0,0,0
empty_tensor,,,1.092,1.092,0,0,0,0
aclnnFusedInferAttentionScoreV3,,,3.819,3.819,20.902,20.902,0,0
aten::view,,,2.065,2.065,0,0,0,0
aten::slice,,,0.929,2.08,0,0,0,0
aten::as_strided,,,1.151,1.151,0,0,0,0
aten::copy_,,,17.674,20.909,0,0.62,0,0
aclnnInplaceCopy,,,3.235,3.235,0.62,0.62,0,0
aten::slice,,,0.588,1.535,0,0,0,0
aten::as_strided,,,0.947,0.947,0,0,0,0
aten::copy_,,,10.799,23.272,0,0,0,0
aclnnInplaceCopy,,,12.473,12.473,0,0,0,0
P13/1104248/01139/acl_dispatch,,,317.026,2902.909,0,70.303,0,48.423
P13/1104248/01140/partition_body,,,199.15,2585.883,0,70.303,0,48.423
npu_fx_compiler inference,,,427.179,2386.733,0,70.303,0,48.423
aten::reshape,,,2.538,4.796,0,0,0,0
aten::view,,,2.258,2.258,0,0,0,0
vllm::unquantized_gemm,,,72.77,183.858,0,5.361,0,5.361
P13/1104248/01141/linear,,,84.488,111.088,0,5.361,0,5.361
aten::linear,,,1.953,26.6,0,5.361,0,5.361
aten::t,,,2.789,6.109,0,0,0,0
aten::transpose,,,1.473,3.32,0,0,0,0
aten::as_strided,,,1.847,1.847,0,0,0,0
aten::matmul,,,9.249,18.538,0,5.361,0,5.361
empty_tensor,,,5.071,5.071,0,0,0,0
aclnnMatmul,,,4.218,4.218,5.361,5.361,5.361,5.361
vllm::maybe_chunk_residual,,,9.518,9.518,0,0,0,0
_C_ascend::npu_add_rms_norm_bias,,,18.837,34.668,0,3.26,0,0
aten::empty,,,1.192,5.984,0,0,0,0
empty_tensor,,,4.792,4.792,0,0,0,0
aten::empty,,,0.455,1.987,0,0,0,0
empty_tensor,,,1.532,1.532,0,0,0,0
aten::empty,,,0.375,1.336,0,0,0,0
empty_tensor,,,0.961,0.961,0,0,0,0
aten::empty,,,0.364,2.85,0,0,0,0
empty_tensor,,,2.486,2.486,0,0,0,0
aclnnAddRmsNormBias,,,3.674,3.674,3.26,3.26,0,0
vllm::unquantized_gemm,,,67.495,166.875,0,19.501,0,19.501
P13/1104248/01142/linear,,,83.035,99.38,0,19.501,0,19.501
aten::linear,,,1.308,16.345,0,19.501,0,19.501
aten::t,,,1.452,3.934,0,0,0,0
aten::transpose,,,1.019,2.482,0,0,0,0
aten::as_strided,,,1.463,1.463,0,0,0,0
aten::matmul,,,5.812,11.103,0,19.501,0,19.501
empty_tensor,,,2.539,2.539,0,0,0,0
aclnnMatmul,,,2.752,2.752,19.501,19.501,19.501,19.501
npu::npu_swiglu,,,14.92,19.551,0,5.42,0,0
empty_tensor,,,2.068,2.068,0,0,0,0
aclnnSwiGlu,,,2.563,2.563,5.42,5.42,0,0
vllm::unquantized_gemm,,,63.673,147.813,0,16.28,0,16.28
P13/1104248/01143/linear,,,70.647,84.14,0,16.28,0,16.28
aten::linear,,,0.977,13.493,0,16.28,0,16.28
aten::t,,,0.978,2.941,0,0,0,0
aten::transpose,,,0.756,1.963,0,0,0,0
aten::as_strided,,,1.207,1.207,0,0,0,0
aten::matmul,,,4.508,9.575,0,16.28,0,16.28
empty_tensor,,,2.053,2.053,0,0,0,0
aclnnMatmul,,,3.014,3.014,16.28,16.28,16.28,16.28
vllm::maybe_chunk_residual,,,8.745,8.745,0,0,0,0
_C_ascend::npu_add_rms_norm_bias,,,11.797,23.084,0,3.24,0,0
aten::empty,,,0.616,2.841,0,0,0,0
empty_tensor,,,2.225,2.225,0,0,0,0
aten::empty,,,0.386,1.942,0,0,0,0
empty_tensor,,,1.556,1.556,0,0,0,0
aten::empty,,,0.452,1.257,0,0,0,0
empty_tensor,,,0.805,0.805,0,0,0,0
aten::empty,,,0.313,1.917,0,0,0,0
empty_tensor,,,1.604,1.604,0,0,0,0
aclnnAddRmsNormBias,,,3.33,3.33,3.24,3.24,0,0
vllm::unquantized_gemm,,,71.216,171.862,0,8.461,0,7.281
P13/1104248/01144/linear,,,83.618,100.646,0,8.461,0,7.281
aten::linear,,,1.505,17.028,0,8.461,0,7.281
aten::t,,,0.977,2.84,0,0,0,0
aten::transpose,,,0.675,1.863,0,0,0,0
aten::as_strided,,,1.188,1.188,0,0,0,0
aten::addmm,,,7.757,12.683,0,8.461,0,7.281
empty_tensor,,,2.22,2.22,0,0,0,0
aclnnAddmm,,,2.706,2.706,8.461,8.461,7.281,7.281
aten::split_with_sizes,,,3.572,5.332,0,0,0,0
aten::as_strided,,,1.26,1.26,0,0,0,0
aten::as_strided,,,0.26,0.26,0,0,0,0
aten::as_strided,,,0.24,0.24,0,0,0,0
vllm::npu_rotary_embedding,,,209.19,1165.587,0,8.78,0,0
aten::view,,,1.47,1.47,0,0,0,0
aten::view,,,0.587,0.587,0,0,0,0
aten::contiguous,,,1.187,19.359,0,2.34,0,0
aten::clone,,,1.599,18.172,0,2.34,0,0
empty_tensor,,,2.122,2.122,0,0,0,0
aten::copy_,,,4.734,14.451,0,2.34,0,0
aclnnInplaceCopy,,,9.717,9.717,2.34,2.34,0,0
aten::contiguous,,,0.357,5.532,0,2.26,0,0
aten::clone,,,1.034,5.175,0,2.26,0,0
empty_tensor,,,1.447,1.447,0,0,0,0
aten::copy_,,,1.863,2.694,0,2.26,0,0
aclnnInplaceCopy,,,0.831,0.831,2.26,2.26,0,0
P13/1104248/01145/jit_run,,,712.881,926.267,0,4.18,0,0
P13/1104248/01146/launch,,,208.969,213.386,0,4.18,0,0
_triton_rope,,,4.417,4.417,4.18,4.18,0,0
aten::view,,,2.643,2.643,0,0,0,0
aten::view,,,0.539,0.539,0,0,0,0
aten::empty,,,2.245,7.389,0,0,0,0
empty_tensor,,,5.144,5.144,0,0,0,0
aten::detach,,,1.184,1.184,0,0,0,0
aten::reshape,,,0.997,1.942,0,0,0,0
aten::view,,,0.945,0.945,0,0,0,0
aten::reshape,,,0.58,1.254,0,0,0,0
aten::view,,,0.674,0.674,0,0,0,0
aten::reshape,,,0.608,1.05,0,0,0,0
aten::view,,,0.442,0.442,0,0,0,0
aten::reshape,,,3.411,5.046,0,0,0,0
aten::_reshape_alias,,,0.825,1.635,0,0,0,0
aten::view,,,0.81,0.81,0,0,0,0
vllm::unified_attention_with_output,,,108.632,1189.57,0,28.703000000000003,0,0
P13/1104248/01147/attention,,,296.881,1080.938,0,28.703000000000003,0,0
aten::slice,,,1.894,3.863,0,0,0,0
aten::as_strided,,,1.969,1.969,0,0,0,0
aten::slice,,,0.361,0.962,0,0,0,0
aten::as_strided,,,0.601,0.601,0,0,0,0
aten::slice,,,2.851,3.951,0,0,0,0
aten::as_strided,,,1.1,1.1,0,0,0,0
P13/1104248/01148/cache_write,,,150.823,286.453,0,5.182,0,0
P13/1104248/01149/torch_api,,,91.672,135.63,0,5.182,0,0
atb::_npu_reshape_and_cache,,,22.559,43.958,0,5.182,0,0
aten::contiguous,,,1.129,19.87,0,2.321,0,0
aten::clone,,,2.03,18.741,0,2.321,0,0
empty_tensor,,,4.569,4.569,0,0,0,0
aten::copy_,,,7.651,12.142,0,2.321,0,0
aclnnInplaceCopy,,,4.491,4.491,2.321,2.321,0,0
ReshapeCacheOperation,,,1.529,1.529,2.861,2.861,0,0
P13/1104248/01150/fia,,,249.542,470.151,0,23.521,0,0
aten::slice,,,1.221,2.647,0,0,0,0
aten::as_strided,,,1.426,1.426,0,0,0,0
aten::slice,,,0.605,1.145,0,0,0,0
aten::as_strided,,,0.54,0.54,0,0,0,0
aten::slice,,,0.316,0.85,0,0,0,0
aten::as_strided,,,0.534,0.534,0,0,0,0
P13/1104248/01151/torch_api,,,110.135,191.174,0,22.921000000000003,0,0
npu::npu_fused_infer_attention_score,,,69.162,81.039,0,22.921000000000003,0,0
empty_tensor,,,3.97,3.97,0,0,0,0
empty_tensor,,,1.163,1.163,0,0,0,0
empty_tensor,,,0.675,0.675,0,0,0,0
empty_tensor,,,0.704,0.704,0,0,0,0
aclnnFusedInferAttentionScoreV3,,,5.365,5.365,22.921000000000003,22.921000000000003,0,0
aten::view,,,2.173,2.173,0,0,0,0
aten::slice,,,0.925,2.027,0,0,0,0
aten::as_strided,,,1.102,1.102,0,0,0,0
aten::copy_,,,17.691,20.593,0,0.6,0,0
aclnnInplaceCopy,,,2.902,2.902,0.6,0.6,0,0
aten::slice,,,0.625,1.554,0,0,0,0
aten::as_strided,,,0.929,0.929,0,0,0,0
aten::copy_,,,10.656,17.123,0,0,0,0
aclnnInplaceCopy,,,6.467,6.467,0,0,0,0
P13/1104248/01152/acl_dispatch,,,316.622,2903.356,0,71.825,0,48.562999999999995
P13/1104248/01153/partition_body,,,202.129,2586.734,0,71.825,0,48.562999999999995
npu_fx_compiler inference,,,425.514,2384.605,0,71.825,0,48.562999999999995
aten::reshape,,,2.327,4.602,0,0,0,0
aten::view,,,2.275,2.275,0,0,0,0
vllm::unquantized_gemm,,,74.654,187.42,0,5.641,0,5.641
P13/1104248/01154/linear,,,86.617,112.766,0,5.641,0,5.641
aten::linear,,,2.124,26.149,0,5.641,0,5.641
aten::t,,,2.695,6.055,0,0,0,0
aten::transpose,,,1.548,3.36,0,0,0,0
aten::as_strided,,,1.812,1.812,0,0,0,0
aten::matmul,,,9.23,17.97,0,5.641,0,5.641
empty_tensor,,,4.922,4.922,0,0,0,0
aclnnMatmul,,,3.818,3.818,5.641,5.641,5.641,5.641
vllm::maybe_chunk_residual,,,9.635,9.635,0,0,0,0
_C_ascend::npu_add_rms_norm_bias,,,18.327,33.693,0,3.52,0,0
aten::empty,,,1.22,4.25,0,0,0,0
empty_tensor,,,3.03,3.03,0,0,0,0
aten::empty,,,0.268,1.676,0,0,0,0
empty_tensor,,,1.408,1.408,0,0,0,0
aten::empty,,,0.439,1.419,0,0,0,0
empty_tensor,,,0.98,0.98,0,0,0,0
aten::empty,,,0.41,3.119,0,0,0,0
empty_tensor,,,2.709,2.709,0,0,0,0
aclnnAddRmsNormBias,,,4.902,4.902,3.52,3.52,0,0
vllm::unquantized_gemm,,,68.464,168.202,0,19.301,0,19.301
P13/1104248/01155/linear,,,83.587,99.738,0,19.301,0,19.301
aten::linear,,,1.106,16.151,0,19.301,0,19.301
aten::t,,,1.287,3.694,0,0,0,0
aten::transpose,,,0.909,2.407,0,0,0,0
aten::as_strided,,,1.498,1.498,0,0,0,0
aten::matmul,,,5.731,11.351,0,19.301,0,19.301
empty_tensor,,,2.78,2.78,0,0,0,0
aclnnMatmul,,,2.84,2.84,19.301,19.301,19.301,19.301
npu::npu_swiglu,,,14.771,19.327,0,5.28,0,0
empty_tensor,,,2.128,2.128,0,0,0,0
aclnnSwiGlu,,,2.428,2.428,5.28,5.28,0,0
vllm::unquantized_gemm,,,64.445,148.608,0,16.461,0,16.461
P13/1104248/01156/linear,,,71.951,84.163,0,16.461,0,16.461
aten::linear,,,0.973,12.212,0,16.461,0,16.461
aten::t,,,0.891,2.684,0,0,0,0
aten::transpose,,,0.606,1.793,0,0,0,0
aten::as_strided,,,1.187,1.187,0,0,0,0
aten::matmul,,,4.226,8.555,0,16.461,0,16.461
empty_tensor,,,1.869,1.869,0,0,0,0
aclnnMatmul,,,2.46,2.46,16.461,16.461,16.461,16.461
vllm::maybe_chunk_residual,,,8.998,8.998,0,0,0,0
_C_ascend::npu_add_rms_norm_bias,,,11.954,23.022,0,3.72,0,0
aten::empty,,,0.7,2.945,0,0,0,0
empty_tensor,,,2.245,2.245,0,0,0,0
aten::empty,,,0.443,1.572,0,0,0,0
empty_tensor,,,1.129,1.129,0,0,0,0
aten::empty,,,0.419,1.447,0,0,0,0
empty_tensor,,,1.028,1.028,0,0,0,0
aten::empty,,,0.341,2.017,0,0,0,0
empty_tensor,,,1.676,1.676,0,0,0,0
aclnnAddRmsNormBias,,,3.087,3.087,3.72,3.72,0,0
vllm::unquantized_gemm,,,73.25,165.02,0,8.4,0,7.16
P13/1104248/01157/linear,,,74.694,91.77,0,8.4,0,7.16
aten::linear,,,1.404,17.076,0,8.4,0,7.16
aten::t,,,0.842,2.692,0,0,0,0
aten::transpose,,,0.637,1.85,0,0,0,0
aten::as_strided,,,1.213,1.213,0,0,0,0
aten::addmm,,,7.66,12.98,0,8.4,0,7.16
empty_tensor,,,2.733,2.733,0,0,0,0
aclnnAddmm,,,2.587,2.587,8.4,8.4,7.16,7.16
aten::split_with_sizes,,,3.398,5.197,0,0,0,0
aten::as_strided,,,1.208,1.208,0,0,0,0
aten::as_strided,,,0.29,0.29,0,0,0,0
aten::as_strided,,,0.301,0.301,0,0,0,0
vllm::npu_rotary_embedding,,,210.625,1167.149,0,9.501999999999999,0,0
aten::view,,,1.523,1.523,0,0,0,0
aten::view,,,0.454,0.454,0,0,0,0
aten::contiguous,,,1.094,19.986,0,2.481,0,0
aten::clone,,,1.725,18.892,0,2.481,0,0
empty_tensor,,,2.235,2.235,0,0,0,0
aten::copy_,,,4.919,14.932,0,2.481,0,0
aclnnInplaceCopy,,,10.013,10.013,2.481,2.481,0,0
aten::contiguous,,,0.763,5.768,0,2.42,0,0
aten::clone,,,0.753,5.005,0,2.42,0,0
empty_tensor,,,1.443,1.443,0,0,0,0
aten::copy_,,,1.774,2.809,0,2.42,0,0
aclnnInplaceCopy,,,1.035,1.035,2.42,2.42,0,0
P13/1104248/01158/jit_run,,,711.886,925.648,0,4.601,0,0
P13/1104248/01159/launch,,,207.829,213.762,0,4.601,0,0
_triton_rope,,,5.933,5.933,4.601,4.601,0,0
aten::view,,,2.555,2.555,0,0,0,0
aten::view,,,0.59,0.59,0,0,0,0
aten::empty,,,2.114,6.847,0,0,0,0
empty_tensor,,,4.733,4.733,0,0,0,0
aten::detach,,,1.225,1.225,0,0,0,0
aten::reshape,,,1.052,1.952,0,0,0,0
aten::view,,,0.9,0.9,0,0,0,0
aten::reshape,,,0.555,1.119,0,0,0,0
aten::view,,,0.564,0.564,0,0,0,0
aten::reshape,,,0.623,1.77,0,0,0,0
aten::view,,,1.147,1.147,0,0,0,0
aten::reshape,,,3.46,5.305,0,0,0,0
aten::_reshape_alias,,,0.894,1.845,0,0,0,0
aten::view,,,0.951,0.951,0,0,0,0
vllm::unified_attention_with_output,,,109.473,1185.874,0,26.320999999999998,0,0
P13/1104248/01160/attention,,,292.18,1076.401,0,26.320999999999998,0,0
aten::slice,,,2.133,4.285,0,0,0,0
aten::as_strided,,,2.152,2.152,0,0,0,0
aten::slice,,,0.379,1.27,0,0,0,0
aten::as_strided,,,0.891,0.891,0,0,0,0
aten::slice,,,2.895,3.757,0,0,0,0
aten::as_strided,,,0.862,0.862,0,0,0,0
P13/1104248/01161/cache_write,,,149.654,273.756,0,6.02,0,0
P13/1104248/01162/torch_api,,,82.445,124.102,0,6.02,0,0
atb::_npu_reshape_and_cache,,,18.794,41.657,0,6.02,0,0
aten::contiguous,,,1.059,20.754,0,2.38,0,0
aten::clone,,,2.104,19.695,0,2.38,0,0
empty_tensor,,,5.061,5.061,0,0,0,0
aten::copy_,,,8.302,12.53,0,2.38,0,0
aclnnInplaceCopy,,,4.228,4.228,2.38,2.38,0,0
ReshapeCacheOperation,,,2.109,2.109,3.64,3.64,0,0
P13/1104248/01163/fia,,,253.426,481.897,0,20.301,0,0
aten::slice,,,1.148,2.413,0,0,0,0
aten::as_strided,,,1.265,1.265,0,0,0,0
aten::slice,,,0.421,0.913,0,0,0,0
aten::as_strided,,,0.492,0.492,0,0,0,0
aten::slice,,,0.361,0.887,0,0,0,0
aten::as_strided,,,0.526,0.526,0,0,0,0
P13/1104248/01164/torch_api,,,115.389,199.29,0,19.680999999999997,0,0
npu::npu_fused_infer_attention_score,,,69.69,83.901,0,19.680999999999997,0,0
empty_tensor,,,4.092,4.092,0,0,0,0
empty_tensor,,,1.477,1.477,0,0,0,0
empty_tensor,,,3.545,3.545,0,0,0,0
empty_tensor,,,1.11,1.11,0,0,0,0
aclnnFusedInferAttentionScoreV3,,,3.987,3.987,19.680999999999997,19.680999999999997,0,0
aten::view,,,2.067,2.067,0,0,0,0
aten::slice,,,0.97,2.108,0,0,0,0
aten::as_strided,,,1.138,1.138,0,0,0,0
aten::copy_,,,17.835,20.793,0,0.62,0,0
aclnnInplaceCopy,,,2.958,2.958,0.62,0.62,0,0
aten::slice,,,0.667,1.638,0,0,0,0
aten::as_strided,,,0.971,0.971,0,0,0,0
aten::copy_,,,10.793,17.618,0,0,0,0
aclnnInplaceCopy,,,6.825,6.825,0,0,0,0
P13/1104248/01165/acl_dispatch,,,307.839,2938.279,0,70.981,0,48.641
P13/1104248/01166/partition_body,,,198.945,2630.44,0,70.981,0,48.641
npu_fx_compiler inference,,,428.571,2431.495,0,70.981,0,48.641
aten::reshape,,,2.317,4.532,0,0,0,0
aten::view,,,2.215,2.215,0,0,0,0
vllm::unquantized_gemm,,,71.241,180.085,0,5.28,0,5.28
P13/1104248/01167/linear,,,82.998,108.844,0,5.28,0,5.28
aten::linear,,,1.989,25.846,0,5.28,0,5.28
aten::t,,,2.606,5.897,0,0,0,0
aten::transpose,,,1.586,3.291,0,0,0,0
aten::as_strided,,,1.705,1.705,0,0,0,0
aten::matmul,,,9.382,17.96,0,5.28,0,5.28
empty_tensor,,,5.009,5.009,0,0,0,0
aclnnMatmul,,,3.569,3.569,5.28,5.28,5.28,5.28
vllm::maybe_chunk_residual,,,9.576,9.576,0,0,0,0
_C_ascend::npu_add_rms_norm_bias,,,18.953,35.338,0,3.22,0,0
aten::empty,,,1.265,4.413,0,0,0,0
empty_tensor,,,3.148,3.148,0,0,0,0
aten::empty,,,0.402,1.925,0,0,0,0
empty_tensor,,,1.523,1.523,0,0,0,0
aten::empty,,,0.618,3.104,0,0,0,0
empty_tensor,,,2.486,2.486,0,0,0,0
aten::empty,,,0.526,3.36,0,0,0,0
empty_tensor,,,2.834,2.834,0,0,0,0
aclnnAddRmsNormBias,,,3.583,3.583,3.22,3.22,0,0
vllm::unquantized_gemm,,,72.095,181.063,0,20.261,0,20.261
P13/1104248/01168/linear,,,91.789,108.968,0,20.261,0,20.261
aten::linear,,,1.354,17.179,0,20.261,0,20.261
aten::t,,,1.34,3.56,0,0,0,0
aten::transpose,,,0.905,2.22,0,0,0,0
aten::as_strided,,,1.315,1.315,0,0,0,0
aten::matmul,,,6.051,12.265,0,20.261,0,20.261
empty_tensor,,,2.379,2.379,0,0,0,0
aclnnMatmul,,,3.835,3.835,20.261,20.261,20.261,20.261
npu::npu_swiglu,,,15.193,19.545,0,5.4,0,0
empty_tensor,,,1.886,1.886,0,0,0,0
aclnnSwiGlu,,,2.466,2.466,5.4,5.4,0,0
vllm::unquantized_gemm,,,69.446,157.565,0,16.3,0,16.3
P13/1104248/01169/linear,,,75.07,88.119,0,16.3,0,16.3
aten::linear,,,0.881,13.049,0,16.3,0,16.3
aten::t,,,1.009,2.975,0,0,0,0
aten::transpose,,,0.733,1.966,0,0,0,0
aten::as_strided,,,1.233,1.233,0,0,0,0
aten::matmul,,,4.685,9.193,0,16.3,0,16.3
empty_tensor,,,1.953,1.953,0,0,0,0
aclnnMatmul,,,2.555,2.555,16.3,16.3,16.3,16.3
vllm::maybe_chunk_residual,,,8.838,8.838,0,0,0,0
_C_ascend::npu_add_rms_norm_bias,,,11.986,23.038,0,3.16,0,0
aten::empty,,,0.599,2.745,0,0,0,0
empty_tensor,,,2.146,2.146,0,0,0,0
aten::empty,,,0.239,1.42,0,0,0,0
empty_tensor,,,1.181,1.181,0,0,0,0
aten::empty,,,0.87,1.709,0,0,0,0
empty_tensor,,,0.839,0.839,0,0,0,0
aten::empty,,,0.352,2.207,0,0,0,0
empty_tensor,,,1.855,1.855,0,0,0,0
aclnnAddRmsNormBias,,,2.971,2.971,3.16,3.16,0,0
vllm::unquantized_gemm,,,71.639,167.018,0,7.859999999999999,0,6.8
P13/1104248/01170/linear,,,78.963,95.379,0,7.859999999999999,0,6.8
aten::linear,,,1.605,16.416,0,7.859999999999999,0,6.8
aten::t,,,0.94,2.72,0,0,0,0
aten::transpose,,,0.673,1.78,0,0,0,0
aten::as_strided,,,1.107,1.107,0,0,0,0
aten::addmm,,,7.447,12.091,0,7.859999999999999,0,6.8
empty_tensor,,,2.057,2.057,0,0,0,0
aclnnAddmm,,,2.587,2.587,7.859999999999999,7.859999999999999,6.8,6.8
aten::split_with_sizes,,,3.675,5.483,0,0,0,0
aten::as_strided,,,1.286,1.286,0,0,0,0
aten::as_strided,,,0.316,0.316,0,0,0,0
aten::as_strided,,,0.206,0.206,0,0,0,0
vllm::npu_rotary_embedding,,,214.411,1192.766,0,9.5,0,0
aten::view,,,1.59,1.59,0,0,0,0
aten::view,,,0.468,0.468,0,0,0,0
aten::contiguous,,,1.19,19.261,0,2.38,0,0
aten::clone,,,1.581,18.071,0,2.38,0,0
empty_tensor,,,2.108,2.108,0,0,0,0
aten::copy_,,,4.791,14.382,0,2.38,0,0
aclnnInplaceCopy,,,9.591,9.591,2.38,2.38,0,0
aten::contiguous,,,0.522,5.216,0,2.38,0,0
aten::clone,,,0.626,4.694,0,2.38,0,0
empty_tensor,,,1.333,1.333,0,0,0,0
aten::copy_,,,1.903,2.735,0,2.38,0,0
aclnnInplaceCopy,,,0.832,0.832,2.38,2.38,0,0
P13/1104248/01171/jit_run,,,727.419,948.265,0,4.74,0,0
P13/1104248/01172/launch,,,216.049,220.846,0,4.74,0,0
_triton_rope,,,4.797,4.797,4.74,4.74,0,0
aten::view,,,2.977,2.977,0,0,0,0
aten::view,,,0.578,0.578,0,0,0,0
aten::empty,,,2.22,7.537,0,0,0,0
empty_tensor,,,5.317,5.317,0,0,0,0
aten::detach,,,1.248,1.248,0,0,0,0
aten::reshape,,,1.128,2.065,0,0,0,0
aten::view,,,0.937,0.937,0,0,0,0
aten::reshape,,,0.445,0.943,0,0,0,0
aten::view,,,0.498,0.498,0,0,0,0
aten::reshape,,,0.556,0.992,0,0,0,0
aten::view,,,0.436,0.436,0,0,0,0
aten::reshape,,,3.403,5.292,0,0,0,0
aten::_reshape_alias,,,0.907,1.889,0,0,0,0
aten::view,,,0.982,0.982,0,0,0,0
vllm::unified_attention_with_output,,,105.78,1158.222,0,30.701,0,0
P13/1104248/01173/attention,,,292.195,1052.442,0,30.701,0,0
aten::slice,,,1.919,3.884,0,0,0,0
aten::as_strided,,,1.965,1.965,0,0,0,0
aten::slice,,,0.378,1.456,0,0,0,0
aten::as_strided,,,1.078,1.078,0,0,0,0
aten::slice,,,2.888,3.742,0,0,0,0
aten::as_strided,,,0.854,0.854,0,0,0,0
P13/1104248/01174/cache_write,,,152.853,281.75,0,5.281,0,0
P13/1104248/01175/torch_api,,,87.573,128.897,0,5.281,0,0
atb::_npu_reshape_and_cache,,,18.292,41.324,0,5.281,0,0
aten::contiguous,,,1.121,21.297,0,2.26,0,0
aten::clone,,,2.058,20.176,0,2.26,0,0
empty_tensor,,,4.681,4.681,0,0,0,0
aten::copy_,,,7.917,13.437,0,2.26,0,0
aclnnInplaceCopy,,,5.52,5.52,2.26,2.26,0,0
ReshapeCacheOperation,,,1.735,1.735,3.021,3.021,0,0
P13/1104248/01176/fia,,,235.162,450.858,0,25.42,0,0
aten::slice,,,1.02,2.253,0,0,0,0
aten::as_strided,,,1.233,1.233,0,0,0,0
aten::slice,,,0.493,1.038,0,0,0,0
aten::as_strided,,,0.545,0.545,0,0,0,0
aten::slice,,,0.407,1.088,0,0,0,0
aten::as_strided,,,0.681,0.681,0,0,0,0
P13/1104248/01177/torch_api,,,107.579,187.224,0,24.8,0,0
npu::npu_fused_infer_attention_score,,,69.092,79.645,0,24.8,0,0
empty_tensor,,,3.764,3.764,0,0,0,0
empty_tensor,,,1.279,1.279,0,0,0,0
empty_tensor,,,0.699,0.699,0,0,0,0
empty_tensor,,,0.965,0.965,0,0,0,0
aclnnFusedInferAttentionScoreV3,,,3.846,3.846,24.8,24.8,0,0
aten::view,,,2.009,2.009,0,0,0,0
aten::slice,,,0.915,1.981,0,0,0,0
aten::as_strided,,,1.066,1.066,0,0,0,0
aten::copy_,,,17.417,20.103,0,0.62,0,0
aclnnInplaceCopy,,,2.686,2.686,0.62,0.62,0,0
aten::slice,,,0.591,1.431,0,0,0,0
aten::as_strided,,,0.84,0.84,0,0,0,0
aten::copy_,,,10.37,17.126,0,0,0,0
aclnnInplaceCopy,,,6.756,6.756,0,0,0,0
P13/1104248/01178/acl_dispatch,,,309.93,2922.912,0,73.003,0,49.482
P13/1104248/01179/partition_body,,,204.145,2612.982,0,73.003,0,49.482
npu_fx_compiler inference,,,425.542,2408.837,0,73.003,0,49.482
aten::reshape,,,2.183,4.35,0,0,0,0
aten::view,,,2.167,2.167,0,0,0,0
vllm::unquantized_gemm,,,74.728,187.134,0,5.58,0,5.58
P13/1104248/01180/linear,,,85.41,112.406,0,5.58,0,5.58
aten::linear,,,2.179,26.996,0,5.58,0,5.58
aten::t,,,2.666,6.61,0,0,0,0
aten::transpose,,,1.384,3.944,0,0,0,0
aten::as_strided,,,2.56,2.56,0,0,0,0
aten::matmul,,,9.372,18.207,0,5.58,0,5.58
empty_tensor,,,5.106,5.106,0,0,0,0
aclnnMatmul,,,3.729,3.729,5.58,5.58,5.58,5.58
vllm::maybe_chunk_residual,,,9.642,9.642,0,0,0,0
_C_ascend::npu_add_rms_norm_bias,,,19.013,32.94,0,3.34,0,0
aten::empty,,,1.354,4.693,0,0,0,0
empty_tensor,,,3.339,3.339,0,0,0,0
aten::empty,,,0.245,1.585,0,0,0,0
empty_tensor,,,1.34,1.34,0,0,0,0
aten::empty,,,0.215,0.863,0,0,0,0
empty_tensor,,,0.648,0.648,0,0,0,0
aten::empty,,,0.502,3.432,0,0,0,0
empty_tensor,,,2.93,2.93,0,0,0,0
aclnnAddRmsNormBias,,,3.354,3.354,3.34,3.34,0,0
vllm::unquantized_gemm,,,67.505,160.315,0,19.341,0,19.341
P13/1104248/01181/linear,,,77.275,92.81,0,19.341,0,19.341
aten::linear,,,1.132,15.535,0,19.341,0,19.341
aten::t,,,1.301,3.485,0,0,0,0
aten::transpose,,,0.886,2.184,0,0,0,0
aten::as_strided,,,1.298,1.298,0,0,0,0
aten::matmul,,,5.825,10.918,0,19.341,0,19.341
empty_tensor,,,2.414,2.414,0,0,0,0
aclnnMatmul,,,2.679,2.679,19.341,19.341,19.341,19.341
npu::npu_swiglu,,,13.946,19.623,0,6.381,0,0
empty_tensor,,,2.116,2.116,0,0,0,0
aclnnSwiGlu,,,3.561,3.561,6.381,6.381,0,0
vllm::unquantized_gemm,,,66.861,152.972,0,16.821,0,16.821
P13/1104248/01182/linear,,,73.102,86.111,0,16.821,0,16.821
aten::linear,,,1.078,13.009,0,16.821,0,16.821
aten::t,,,1.279,3.186,0,0,0,0
aten::transpose,,,0.682,1.907,0,0,0,0
aten::as_strided,,,1.225,1.225,0,0,0,0
aten::matmul,,,4.432,8.745,0,16.821,0,16.821
empty_tensor,,,1.855,1.855,0,0,0,0
aclnnMatmul,,,2.458,2.458,16.821,16.821,16.821,16.821
vllm::maybe_chunk_residual,,,8.995,8.995,0,0,0,0
_C_ascend::npu_add_rms_norm_bias,,,12.101,23.301,0,3.4,0,0
aten::empty,,,0.844,2.907,0,0,0,0
empty_tensor,,,2.063,2.063,0,0,0,0
aten::empty,,,0.378,1.79,0,0,0,0
empty_tensor,,,1.412,1.412,0,0,0,0
aten::empty,,,0.217,1.309,0,0,0,0
empty_tensor,,,1.092,1.092,0,0,0,0
aten::empty,,,0.39,2.037,0,0,0,0
empty_tensor,,,1.647,1.647,0,0,0,0
aclnnAddRmsNormBias,,,3.157,3.157,3.4,3.4,0,0
vllm::unquantized_gemm,,,71.688,175.733,0,8.88,0,7.74
P13/1104248/01183/linear,,,86.483,104.045,0,8.88,0,7.74
aten::linear,,,1.217,17.562,0,8.88,0,7.74
aten::t,,,1.01,3.075,0,0,0,0
aten::transpose,,,0.722,2.065,0,0,0,0
aten::as_strided,,,1.343,1.343,0,0,0,0
aten::addmm,,,8.201,13.27,0,8.88,0,7.74
empty_tensor,,,2.369,2.369,0,0,0,0
aclnnAddmm,,,2.7,2.7,8.88,8.88,7.74,7.74
aten::split_with_sizes,,,3.522,5.367,0,0,0,0
aten::as_strided,,,1.184,1.184,0,0,0,0
aten::as_strided,,,0.3,0.3,0,0,0,0
aten::as_strided,,,0.361,0.361,0,0,0,0
vllm::npu_rotary_embedding,,,214.124,1185.286,0,9.26,0,0
aten::view,,,1.477,1.477,0,0,0,0
aten::view,,,0.478,0.478,0,0,0,0
aten::contiguous,,,1.484,20.658,0,2.44,0,0
aten::clone,,,1.561,19.174,0,2.44,0,0
empty_tensor,,,1.958,1.958,0,0,0,0
aten::copy_,,,4.879,15.655,0,2.44,0,0
aclnnInplaceCopy,,,10.776,10.776,2.44,2.44,0,0
aten::contiguous,,,0.519,5.535,0,2.38,0,0
aten::clone,,,0.678,5.016,0,2.38,0,0
empty_tensor,,,1.478,1.478,0,0,0,0
aten::copy_,,,1.825,2.86,0,2.38,0,0
aclnnInplaceCopy,,,1.035,1.035,2.38,2.38,0,0
P13/1104248/01184/jit_run,,,716.886,939.765,0,4.44,0,0
P13/1104248/01185/launch,,,213.625,222.879,0,4.44,0,0
_triton_rope,,,9.254,9.254,4.44,4.44,0,0
aten::view,,,2.647,2.647,0,0,0,0
aten::view,,,0.602,0.602,0,0,0,0
aten::empty,,,2.199,7.164,0,0,0,0
empty_tensor,,,4.965,4.965,0,0,0,0
aten::detach,,,1.342,1.342,0,0,0,0
aten::reshape,,,1.102,2.054,0,0,0,0
aten::view,,,0.952,0.952,0,0,0,0
aten::reshape,,,0.49,1.028,0,0,0,0
aten::view,,,0.538,0.538,0,0,0,0
aten::reshape,,,0.623,1.066,0,0,0,0
aten::view,,,0.443,0.443,0,0,0,0
aten::reshape,,,3.385,4.983,0,0,0,0
aten::_reshape_alias,,,0.851,1.598,0,0,0,0
aten::view,,,0.747,0.747,0,0,0,0
vllm::unified_attention_with_output,,,105.587,1163.884,0,27.320999999999998,0,0
P13/1104248/01186/attention,,,287.835,1058.297,0,27.320999999999998,0,0
aten::slice,,,1.886,3.811,0,0,0,0
aten::as_strided,,,1.925,1.925,0,0,0,0
aten::slice,,,0.417,1.114,0,0,0,0
aten::as_strided,,,0.697,0.697,0,0,0,0
aten::slice,,,3.428,4.39,0,0,0,0
aten::as_strided,,,0.962,0.962,0,0,0,0
P13/1104248/01187/cache_write,,,149.408,277.568,0,5.119999999999999,0,0
P13/1104248/01188/torch_api,,,88.211,128.16,0,5.119999999999999,0,0
atb::_npu_reshape_and_cache,,,18.882,39.949,0,5.119999999999999,0,0
aten::contiguous,,,1.161,19.589,0,2.34,0,0
aten::clone,,,1.952,18.428,0,2.34,0,0
empty_tensor,,,4.566,4.566,0,0,0,0
aten::copy_,,,7.78,11.91,0,2.34,0,0
aclnnInplaceCopy,,,4.13,4.13,2.34,2.34,0,0
ReshapeCacheOperation,,,1.478,1.478,2.78,2.78,0,0
P13/1104248/01189/fia,,,241.914,465.328,0,22.201,0,0
aten::slice,,,1.174,2.571,0,0,0,0
aten::as_strided,,,1.397,1.397,0,0,0,0
aten::slice,,,0.332,0.707,0,0,0,0
aten::as_strided,,,0.375,0.375,0,0,0,0
aten::slice,,,0.379,0.992,0,0,0,0
aten::as_strided,,,0.613,0.613,0,0,0,0
P13/1104248/01190/torch_api,,,112.036,192.978,0,21.581,0,0
npu::npu_fused_infer_attention_score,,,69.846,80.942,0,21.581,0,0
empty_tensor,,,3.95,3.95,0,0,0,0
empty_tensor,,,1.135,1.135,0,0,0,0
empty_tensor,,,1.257,1.257,0,0,0,0
empty_tensor,,,0.915,0.915,0,0,0,0
aclnnFusedInferAttentionScoreV3,,,3.839,3.839,21.581,21.581,0,0
aten::view,,,2.137,2.137,0,0,0,0
aten::slice,,,0.978,2.0,0,0,0,0
aten::as_strided,,,1.022,1.022,0,0,0,0
aten::copy_,,,18.908,22.029,0,0.62,0,0
aclnnInplaceCopy,,,3.121,3.121,0.62,0.62,0,0
aten::slice,,,0.62,1.544,0,0,0,0
aten::as_strided,,,0.924,0.924,0,0,0,0
aten::copy_,,,10.042,16.707,0,0,0,0
aclnnInplaceCopy,,,6.665,6.665,0,0,0,0
P13/1104248/01191/acl_dispatch,,,304.46,2901.327,0,70.642,0,48.222
P13/1104248/01192/partition_body,,,200.8,2596.867,0,70.642,0,48.222
npu_fx_compiler inference,,,424.604,2396.067,0,70.642,0,48.222
aten::reshape,,,2.353,4.517,0,0,0,0
aten::view,,,2.164,2.164,0,0,0,0
vllm::unquantized_gemm,,,74.68,189.823,0,5.38,0,5.38
P13/1104248/01193/linear,,,89.301,115.143,0,5.38,0,5.38
aten::linear,,,1.996,25.842,0,5.38,0,5.38
aten::t,,,2.566,6.085,0,0,0,0
aten::transpose,,,1.659,3.519,0,0,0,0
aten::as_strided,,,1.86,1.86,0,0,0,0
aten::matmul,,,9.179,17.761,0,5.38,0,5.38
empty_tensor,,,5.044,5.044,0,0,0,0
aclnnMatmul,,,3.538,3.538,5.38,5.38,5.38,5.38
vllm::maybe_chunk_residual,,,9.73,9.73,0,0,0,0
_C_ascend::npu_add_rms_norm_bias,,,19.681,33.305,0,3.38,0,0
aten::empty,,,1.187,4.257,0,0,0,0
empty_tensor,,,3.07,3.07,0,0,0,0
aten::empty,,,0.26,1.415,0,0,0,0
empty_tensor,,,1.155,1.155,0,0,0,0
aten::empty,,,0.457,1.419,0,0,0,0
empty_tensor,,,0.962,0.962,0,0,0,0
aten::empty,,,0.499,3.295,0,0,0,0
empty_tensor,,,2.796,2.796,0,0,0,0
aclnnAddRmsNormBias,,,3.238,3.238,3.38,3.38,0,0
vllm::unquantized_gemm,,,67.444,162.492,0,19.681,0,19.681
P13/1104248/01194/linear,,,78.994,95.048,0,19.681,0,19.681
aten::linear,,,1.994,16.054,0,19.681,0,19.681
aten::t,,,1.318,3.593,0,0,0,0
aten::transpose,,,0.877,2.275,0,0,0,0
aten::as_strided,,,1.398,1.398,0,0,0,0
aten::matmul,,,5.414,10.467,0,19.681,0,19.681
empty_tensor,,,2.255,2.255,0,0,0,0
aclnnMatmul,,,2.798,2.798,19.681,19.681,19.681,19.681
npu::npu_swiglu,,,14.424,18.709,0,5.38,0,0
empty_tensor,,,1.811,1.811,0,0,0,0
aclnnSwiGlu,,,2.474,2.474,5.38,5.38,0,0
vllm::unquantized_gemm,,,64.575,151.824,0,16.2,0,16.2
P13/1104248/01195/linear,,,72.585,87.249,0,16.2,0,16.2
aten::linear,,,0.921,14.664,0,16.2,0,16.2
aten::t,,,0.901,2.685,0,0,0,0
aten::transpose,,,0.536,1.784,0,0,0,0
aten::as_strided,,,1.248,1.248,0,0,0,0
aten::matmul,,,4.226,11.058,0,16.2,0,16.2
empty_tensor,,,2.123,2.123,0,0,0,0
aclnnMatmul,,,4.709,4.709,16.2,16.2,16.2,16.2
vllm::maybe_chunk_residual,,,8.575,8.575,0,0,0,0
_C_ascend::npu_add_rms_norm_bias,,,11.889,22.193,0,3.06,0,0
aten::empty,,,0.637,2.892,0,0,0,0
empty_tensor,,,2.255,2.255,0,0,0,0
aten::empty,,,0.425,1.364,0,0,0,0
empty_tensor,,,0.939,0.939,0,0,0,0
aten::empty,,,0.371,1.019,0,0,0,0
empty_tensor,,,0.648,0.648,0,0,0,0
aten::empty,,,0.431,2.294,0,0,0,0
empty_tensor,,,1.863,1.863,0,0,0,0
aclnnAddRmsNormBias,,,2.735,2.735,3.06,3.06,0,0
vllm::unquantized_gemm,,,70.513,168.632,0,8.041,0,6.961
P13/1104248/01196/linear,,,80.859,98.119,0,8.041,0,6.961
aten::linear,,,1.969,17.26,0,8.041,0,6.961
aten::t,,,0.918,2.943,0,0,0,0
aten::transpose,,,0.7,2.025,0,0,0,0
aten::as_strided,,,1.325,1.325,0,0,0,0
aten::addmm,,,7.542,12.348,0,8.041,0,6.961
empty_tensor,,,2.034,2.034,0,0,0,0
aclnnAddmm,,,2.772,2.772,8.041,8.041,6.961,6.961
aten::split_with_sizes,,,3.818,5.625,0,0,0,0
aten::as_strided,,,1.25,1.25,0,0,0,0
aten::as_strided,,,0.293,0.293,0,0,0,0
aten::as_strided,,,0.264,0.264,0,0,0,0
vllm::npu_rotary_embedding,,,210.914,1177.64,0,9.52,0,0
aten::view,,,1.544,1.544,0,0,0,0
aten::view,,,0.549,0.549,0,0,0,0
aten::contiguous,,,1.357,19.853,0,2.36,0,0
aten::clone,,,1.73,18.496,0,2.36,0,0
empty_tensor,,,2.045,2.045,0,0,0,0
aten::copy_,,,4.731,14.721,0,2.36,0,0
aclnnInplaceCopy,,,9.99,9.99,2.36,2.36,0,0
aten::contiguous,,,0.564,5.796,0,2.4,0,0
aten::clone,,,0.597,5.232,0,2.4,0,0
empty_tensor,,,1.515,1.515,0,0,0,0
aten::copy_,,,2.01,3.12,0,2.4,0,0
aclnnInplaceCopy,,,1.11,1.11,2.4,2.4,0,0
P13/1104248/01197/jit_run,,,721.685,935.759,0,4.76,0,0
P13/1104248/01198/launch,,,209.736,214.074,0,4.76,0,0
_triton_rope,,,4.338,4.338,4.76,4.76,0,0
aten::view,,,2.684,2.684,0,0,0,0
aten::view,,,0.541,0.541,0,0,0,0
aten::empty,,,2.146,7.935,0,0,0,0
empty_tensor,,,5.789,5.789,0,0,0,0
aten::detach,,,1.329,1.329,0,0,0,0
aten::reshape,,,1.171,2.113,0,0,0,0
aten::view,,,0.942,0.942,0,0,0,0
aten::reshape,,,0.465,0.96,0,0,0,0
aten::view,,,0.495,0.495,0,0,0,0
aten::reshape,,,0.586,1.015,0,0,0,0
aten::view,,,0.429,0.429,0,0,0,0
aten::reshape,,,3.44,5.046,0,0,0,0
aten::_reshape_alias,,,0.847,1.606,0,0,0,0
aten::view,,,0.759,0.759,0,0,0,0
vllm::unified_attention_with_output,,,113.15,1162.885,0,27.901,0,0
P13/1104248/01199/attention,,,284.418,1049.735,0,27.901,0,0
aten::slice,,,2.014,3.925,0,0,0,0
aten::as_strided,,,1.911,1.911,0,0,0,0
aten::slice,,,0.482,1.384,0,0,0,0
aten::as_strided,,,0.902,0.902,0,0,0,0
aten::slice,,,2.736,3.645,0,0,0,0
aten::as_strided,,,0.909,0.909,0,0,0,0
P13/1104248/01200/cache_write,,,153.243,280.888,0,5.0600000000000005,0,0
P13/1104248/01201/torch_api,,,87.632,127.645,0,5.0600000000000005,0,0
atb::_npu_reshape_and_cache,,,18.733,40.013,0,5.0600000000000005,0,0
aten::contiguous,,,1.125,19.4,0,2.2,0,0
aten::clone,,,2.118,18.275,0,2.2,0,0
empty_tensor,,,4.55,4.55,0,0,0,0
aten::copy_,,,7.292,11.607,0,2.2,0,0
aclnnInplaceCopy,,,4.315,4.315,2.2,2.2,0,0
ReshapeCacheOperation,,,1.88,1.88,2.86,2.86,0,0
P13/1104248/01202/fia,,,236.324,454.542,0,22.841,0,0
aten::slice,,,1.186,2.38,0,0,0,0
aten::as_strided,,,1.194,1.194,0,0,0,0
aten::slice,,,0.459,0.998,0,0,0,0
aten::as_strided,,,0.539,0.539,0,0,0,0
aten::slice,,,0.393,1.027,0,0,0,0
aten::as_strided,,,0.634,0.634,0,0,0,0
P13/1104248/01203/torch_api,,,109.116,189.244,0,22.241,0,0
npu::npu_fused_infer_attention_score,,,69.326,80.128,0,22.241,0,0
empty_tensor,,,3.669,3.669,0,0,0,0
empty_tensor,,,1.526,1.526,0,0,0,0
empty_tensor,,,0.712,0.712,0,0,0,0
empty_tensor,,,0.755,0.755,0,0,0,0
aclnnFusedInferAttentionScoreV3,,,4.14,4.14,22.241,22.241,0,0
aten::view,,,2.076,2.076,0,0,0,0
aten::slice,,,0.93,2.074,0,0,0,0
aten::as_strided,,,1.144,1.144,0,0,0,0
aten::copy_,,,17.332,20.419,0,0.6,0,0
aclnnInplaceCopy,,,3.087,3.087,0.6,0.6,0,0
aten::slice,,,0.658,1.566,0,0,0,0
aten::as_strided,,,0.908,0.908,0,0,0,0
aten::copy_,,,10.637,19.367,0,0,0,0
aclnnInplaceCopy,,,8.73,8.73,0,0,0,0
P13/1104248/01204/acl_dispatch,,,307.609,2948.864,0,72.363,0,49.102
P13/1104248/01205/partition_body,,,201.181,2641.255,0,72.363,0,49.102
npu_fx_compiler inference,,,427.563,2440.074,0,72.363,0,49.102
aten::reshape,,,2.196,4.447,0,0,0,0
aten::view,,,2.251,2.251,0,0,0,0
vllm::unquantized_gemm,,,73.987,187.587,0,5.56,0,5.56
P13/1104248/01206/linear,,,87.427,113.6,0,5.56,0,5.56
aten::linear,,,2.088,26.173,0,5.56,0,5.56
aten::t,,,2.733,5.846,0,0,0,0
aten::transpose,,,1.458,3.113,0,0,0,0
aten::as_strided,,,1.655,1.655,0,0,0,0
aten::matmul,,,9.324,18.239,0,5.56,0,5.56
empty_tensor,,,4.919,4.919,0,0,0,0
aclnnMatmul,,,3.996,3.996,5.56,5.56,5.56,5.56
vllm::maybe_chunk_residual,,,9.686,9.686,0,0,0,0
_C_ascend::npu_add_rms_norm_bias,,,18.635,33.056,0,3.56,0,0
aten::empty,,,2.084,5.162,0,0,0,0
empty_tensor,,,3.078,3.078,0,0,0,0
aten::empty,,,0.445,2.16,0,0,0,0
empty_tensor,,,1.715,1.715,0,0,0,0
aten::empty,,,0.203,0.964,0,0,0,0
empty_tensor,,,0.761,0.761,0,0,0,0
aten::empty,,,0.361,2.744,0,0,0,0
empty_tensor,,,2.383,2.383,0,0,0,0
aclnnAddRmsNormBias,,,3.391,3.391,3.56,3.56,0,0
vllm::unquantized_gemm,,,68.094,163.271,0,19.401,0,19.401
P13/1104248/01207/linear,,,79.218,95.177,0,19.401,0,19.401
aten::linear,,,1.459,15.959,0,19.401,0,19.401
aten::t,,,1.247,3.737,0,0,0,0
aten::transpose,,,0.902,2.49,0,0,0,0
aten::as_strided,,,1.588,1.588,0,0,0,0
aten::matmul,,,5.727,10.763,0,19.401,0,19.401
empty_tensor,,,2.16,2.16,0,0,0,0
aclnnMatmul,,,2.876,2.876,19.401,19.401,19.401,19.401
npu::npu_swiglu,,,14.733,19.546,0,5.421,0,0
empty_tensor,,,2.063,2.063,0,0,0,0
aclnnSwiGlu,,,2.75,2.75,5.421,5.421,0,0
vllm::unquantized_gemm,,,69.139,156.006,0,16.601,0,16.601
P13/1104248/01208/linear,,,73.267,86.867,0,16.601,0,16.601
aten::linear,,,1.14,13.6,0,16.601,0,16.601
aten::t,,,1.043,2.916,0,0,0,0
aten::transpose,,,0.663,1.873,0,0,0,0
aten::as_strided,,,1.21,1.21,0,0,0,0
aten::matmul,,,4.329,9.544,0,16.601,0,16.601
empty_tensor,,,2.505,2.505,0,0,0,0
aclnnMatmul,,,2.71,2.71,16.601,16.601,16.601,16.601
vllm::maybe_chunk_residual,,,8.575,8.575,0,0,0,0
_C_ascend::npu_add_rms_norm_bias,,,12.231,25.132,0,3.46,0,0
aten::empty,,,0.706,2.945,0,0,0,0
empty_tensor,,,2.239,2.239,0,0,0,0
aten::empty,,,0.378,1.479,0,0,0,0
empty_tensor,,,1.101,1.101,0,0,0,0
aten::empty,,,0.194,1.487,0,0,0,0
empty_tensor,,,1.293,1.293,0,0,0,0
aten::empty,,,0.498,1.966,0,0,0,0
empty_tensor,,,1.468,1.468,0,0,0,0
aclnnAddRmsNormBias,,,5.024,5.024,3.46,3.46,0,0
vllm::unquantized_gemm,,,69.377,166.489,0,8.68,0,7.54
P13/1104248/01209/linear,,,79.49,97.112,0,8.68,0,7.54
aten::linear,,,1.273,17.622,0,8.68,0,7.54
aten::t,,,1.08,3.125,0,0,0,0
aten::transpose,,,0.659,2.045,0,0,0,0
aten::as_strided,,,1.386,1.386,0,0,0,0
aten::addmm,,,8.202,13.224,0,8.68,0,7.54
empty_tensor,,,2.277,2.277,0,0,0,0
aclnnAddmm,,,2.745,2.745,8.68,8.68,7.54,7.54
aten::split_with_sizes,,,3.478,5.133,0,0,0,0
aten::as_strided,,,1.167,1.167,0,0,0,0
aten::as_strided,,,0.261,0.261,0,0,0,0
aten::as_strided,,,0.227,0.227,0,0,0,0
vllm::npu_rotary_embedding,,,237.789,1215.371,0,9.68,0,0
aten::view,,,1.714,1.714,0,0,0,0
aten::view,,,0.484,0.484,0,0,0,0
aten::contiguous,,,1.05,19.74,0,3.04,0,0
aten::clone,,,1.515,18.69,0,3.04,0,0
empty_tensor,,,2.094,2.094,0,0,0,0
aten::copy_,,,4.672,15.081,0,3.04,0,0
aclnnInplaceCopy,,,10.409,10.409,3.04,3.04,0,0
aten::contiguous,,,1.113,6.955,0,2.4,0,0
aten::clone,,,0.596,5.842,0,2.4,0,0
empty_tensor,,,1.466,1.466,0,0,0,0
aten::copy_,,,2.086,3.78,0,2.4,0,0
aclnnInplaceCopy,,,1.694,1.694,2.4,2.4,0,0
P13/1104248/01210/jit_run,,,719.239,945.209,0,4.24,0,0
P13/1104248/01211/launch,,,221.244,225.97,0,4.24,0,0
_triton_rope,,,4.726,4.726,4.24,4.24,0,0
aten::view,,,2.951,2.951,0,0,0,0
aten::view,,,0.529,0.529,0,0,0,0
aten::empty,,,2.321,7.114,0,0,0,0
empty_tensor,,,4.793,4.793,0,0,0,0
aten::detach,,,1.237,1.237,0,0,0,0
aten::reshape,,,1.186,2.162,0,0,0,0
aten::view,,,0.976,0.976,0,0,0,0
aten::reshape,,,0.635,1.205,0,0,0,0
aten::view,,,0.57,0.57,0,0,0,0
aten::reshape,,,0.594,1.159,0,0,0,0
aten::view,,,0.565,0.565,0,0,0,0
aten::reshape,,,3.605,5.335,0,0,0,0
aten::_reshape_alias,,,0.867,1.73,0,0,0,0
aten::view,,,0.863,0.863,0,0,0,0
vllm::unified_attention_with_output,,,106.163,1179.542,0,26.241,0,0
P13/1104248/01212/attention,,,293.741,1073.379,0,26.241,0,0
aten::slice,,,2.049,4.055,0,0,0,0
aten::as_strided,,,2.006,2.006,0,0,0,0
aten::slice,,,0.603,1.634,0,0,0,0
aten::as_strided,,,1.031,1.031,0,0,0,0
aten::slice,,,2.84,3.726,0,0,0,0
aten::as_strided,,,0.886,0.886,0,0,0,0
P13/1104248/01213/cache_write,,,156.647,288.784,0,5.98,0,0
P13/1104248/01214/torch_api,,,86.406,132.137,0,5.98,0,0
atb::_npu_reshape_and_cache,,,22.95,45.731,0,5.98,0,0
aten::contiguous,,,1.153,20.258,0,2.48,0,0
aten::clone,,,2.102,19.105,0,2.48,0,0
empty_tensor,,,4.609,4.609,0,0,0,0
aten::copy_,,,7.944,12.394,0,2.48,0,0
aclnnInplaceCopy,,,4.45,4.45,2.48,2.48,0,0
ReshapeCacheOperation,,,2.523,2.523,3.5,3.5,0,0
P13/1104248/01215/fia,,,245.363,466.138,0,20.261000000000003,0,0
aten::slice,,,1.388,2.817,0,0,0,0
aten::as_strided,,,1.429,1.429,0,0,0,0
aten::slice,,,0.377,0.898,0,0,0,0
aten::as_strided,,,0.521,0.521,0,0,0,0
aten::slice,,,0.374,0.97,0,0,0,0
aten::as_strided,,,0.596,0.596,0,0,0,0
P13/1104248/01216/torch_api,,,110.271,191.116,0,19.641000000000002,0,0
npu::npu_fused_infer_attention_score,,,69.949,80.845,0,19.641000000000002,0,0
empty_tensor,,,4.093,4.093,0,0,0,0
empty_tensor,,,1.26,1.26,0,0,0,0
empty_tensor,,,0.908,0.908,0,0,0,0
empty_tensor,,,0.851,0.851,0,0,0,0
aclnnFusedInferAttentionScoreV3,,,3.784,3.784,19.641000000000002,19.641000000000002,0,0
aten::view,,,2.124,2.124,0,0,0,0
aten::slice,,,0.973,2.02,0,0,0,0
aten::as_strided,,,1.047,1.047,0,0,0,0
aten::copy_,,,17.679,20.83,0,0.62,0,0
aclnnInplaceCopy,,,3.151,3.151,0.62,0.62,0,0
aten::slice,,,0.635,1.633,0,0,0,0
aten::as_strided,,,0.998,0.998,0,0,0,0
aten::copy_,,,10.633,13.668,0,0,0,0
aclnnInplaceCopy,,,3.035,3.035,0,0,0,0
P13/1104248/01217/acl_dispatch,,,307.152,2955.447,0,69.422,0,47.642
P13/1104248/01218/partition_body,,,205.675,2648.295,0,69.422,0,47.642
npu_fx_compiler inference,,,422.281,2442.62,0,69.422,0,47.642
aten::reshape,,,2.126,7.456,0,0,0,0
aten::view,,,5.33,5.33,0,0,0,0
vllm::unquantized_gemm,,,74.405,195.7,0,5.32,0,5.32
P13/1104248/01219/linear,,,87.574,121.295,0,5.32,0,5.32
aten::linear,,,2.051,33.721,0,5.32,0,5.32
aten::t,,,2.698,5.948,0,0,0,0
aten::transpose,,,1.606,3.25,0,0,0,0
aten::as_strided,,,1.644,1.644,0,0,0,0
aten::matmul,,,9.145,25.722,0,5.32,0,5.32
empty_tensor,,,4.928,4.928,0,0,0,0
aclnnMatmul,,,11.649,11.649,5.32,5.32,5.32,5.32
vllm::maybe_chunk_residual,,,9.727,9.727,0,0,0,0
_C_ascend::npu_add_rms_norm_bias,,,19.284,33.406,0,3.12,0,0
aten::empty,,,1.225,4.547,0,0,0,0
empty_tensor,,,3.322,3.322,0,0,0,0
aten::empty,,,0.256,1.636,0,0,0,0
empty_tensor,,,1.38,1.38,0,0,0,0
aten::empty,,,0.67,1.495,0,0,0,0
empty_tensor,,,0.825,0.825,0,0,0,0
aten::empty,,,0.379,2.89,0,0,0,0
empty_tensor,,,2.511,2.511,0,0,0,0
aclnnAddRmsNormBias,,,3.554,3.554,3.12,3.12,0,0
vllm::unquantized_gemm,,,69.648,166.123,0,19.201,0,19.201
P13/1104248/01220/linear,,,78.841,96.475,0,19.201,0,19.201
aten::linear,,,1.398,17.634,0,19.201,0,19.201
aten::t,,,1.44,3.913,0,0,0,0
aten::transpose,,,0.998,2.473,0,0,0,0
aten::as_strided,,,1.475,1.475,0,0,0,0
aten::matmul,,,6.075,12.323,0,19.201,0,19.201
empty_tensor,,,3.247,3.247,0,0,0,0
aclnnMatmul,,,3.001,3.001,19.201,19.201,19.201,19.201
npu::npu_swiglu,,,14.878,19.575,0,5.18,0,0
empty_tensor,,,2.06,2.06,0,0,0,0
aclnnSwiGlu,,,2.637,2.637,5.18,5.18,0,0
vllm::unquantized_gemm,,,74.043,160.541,0,16.221,0,16.221
P13/1104248/01221/linear,,,73.755,86.498,0,16.221,0,16.221
aten::linear,,,0.924,12.743,0,16.221,0,16.221
aten::t,,,0.981,2.905,0,0,0,0
aten::transpose,,,0.687,1.924,0,0,0,0
aten::as_strided,,,1.237,1.237,0,0,0,0
aten::matmul,,,4.222,8.914,0,16.221,0,16.221
empty_tensor,,,2.135,2.135,0,0,0,0
aclnnMatmul,,,2.557,2.557,16.221,16.221,16.221,16.221
vllm::maybe_chunk_residual,,,9.085,9.085,0,0,0,0
_C_ascend::npu_add_rms_norm_bias,,,12.061,23.356,0,3.22,0,0
aten::empty,,,0.741,2.915,0,0,0,0
empty_tensor,,,2.174,2.174,0,0,0,0
aten::empty,,,0.237,1.698,0,0,0,0
empty_tensor,,,1.461,1.461,0,0,0,0
aten::empty,,,0.581,1.811,0,0,0,0
empty_tensor,,,1.23,1.23,0,0,0,0
aten::empty,,,0.47,2.12,0,0,0,0
empty_tensor,,,1.65,1.65,0,0,0,0
aclnnAddRmsNormBias,,,2.751,2.751,3.22,3.22,0,0
vllm::unquantized_gemm,,,70.897,166.478,0,8.1,0,6.9
P13/1104248/01222/linear,,,77.004,95.581,0,8.1,0,6.9
aten::linear,,,1.591,18.577,0,8.1,0,6.9
aten::t,,,0.961,2.93,0,0,0,0
aten::transpose,,,0.687,1.969,0,0,0,0
aten::as_strided,,,1.282,1.282,0,0,0,0
aten::addmm,,,7.538,14.056,0,8.1,0,6.9
empty_tensor,,,2.283,2.283,0,0,0,0
aclnnAddmm,,,4.235,4.235,8.1,8.1,6.9,6.9
aten::split_with_sizes,,,3.768,5.595,0,0,0,0
aten::as_strided,,,1.293,1.293,0,0,0,0
aten::as_strided,,,0.269,0.269,0,0,0,0
aten::as_strided,,,0.265,0.265,0,0,0,0
vllm::npu_rotary_embedding,,,213.268,1204.605,0,9.059999999999999,0,0
aten::view,,,1.606,1.606,0,0,0,0
aten::view,,,0.53,0.53,0,0,0,0
aten::contiguous,,,1.192,18.817,0,2.36,0,0
aten::clone,,,1.565,17.625,0,2.36,0,0
empty_tensor,,,1.973,1.973,0,0,0,0
aten::copy_,,,4.791,14.087,0,2.36,0,0
aclnnInplaceCopy,,,9.296,9.296,2.36,2.36,0,0
aten::contiguous,,,0.627,5.375,0,2.36,0,0
aten::clone,,,0.694,4.748,0,2.36,0,0
empty_tensor,,,1.349,1.349,0,0,0,0
aten::copy_,,,1.757,2.705,0,2.36,0,0
aclnnInplaceCopy,,,0.948,0.948,2.36,2.36,0,0
P13/1104248/01223/jit_run,,,730.112,961.598,0,4.34,0,0
P13/1104248/01224/launch,,,226.989,231.486,0,4.34,0,0
_triton_rope,,,4.497,4.497,4.34,4.34,0,0
aten::view,,,2.811,2.811,0,0,0,0
aten::view,,,0.6,0.6,0,0,0,0
aten::empty,,,2.148,7.076,0,0,0,0
empty_tensor,,,4.928,4.928,0,0,0,0
aten::detach,,,1.197,1.197,0,0,0,0
aten::reshape,,,1.107,1.997,0,0,0,0
aten::view,,,0.89,0.89,0,0,0,0
aten::reshape,,,0.799,1.318,0,0,0,0
aten::view,,,0.519,0.519,0,0,0,0
aten::reshape,,,1.341,1.787,0,0,0,0
aten::view,,,0.446,0.446,0,0,0,0
aten::reshape,,,3.515,5.317,0,0,0,0
aten::_reshape_alias,,,0.894,1.802,0,0,0,0
aten::view,,,0.908,0.908,0,0,0,0
vllm::unified_attention_with_output,,,111.3,1169.361,0,29.921,0,0
P13/1104248/01225/attention,,,291.902,1058.061,0,29.921,0,0
aten::slice,,,1.949,3.844,0,0,0,0
aten::as_strided,,,1.895,1.895,0,0,0,0
aten::slice,,,0.496,1.259,0,0,0,0
aten::as_strided,,,0.763,0.763,0,0,0,0
aten::slice,,,2.836,3.634,0,0,0,0
aten::as_strided,,,0.798,0.798,0,0,0,0
P13/1104248/01226/cache_write,,,149.65,273.362,0,5.2,0,0
P13/1104248/01227/torch_api,,,83.546,123.712,0,5.2,0,0
atb::_npu_reshape_and_cache,,,18.758,40.166,0,5.2,0,0
aten::contiguous,,,1.067,19.736,0,2.2,0,0
aten::clone,,,2.124,18.669,0,2.2,0,0
empty_tensor,,,4.747,4.747,0,0,0,0
aten::copy_,,,7.642,11.798,0,2.2,0,0
aclnnInplaceCopy,,,4.156,4.156,2.2,2.2,0,0
ReshapeCacheOperation,,,1.672,1.672,3.0,3.0,0,0
P13/1104248/01228/fia,,,249.589,468.751,0,24.721,0,0
aten::slice,,,1.165,2.438,0,0,0,0
aten::as_strided,,,1.273,1.273,0,0,0,0
aten::slice,,,0.392,0.832,0,0,0,0
aten::as_strided,,,0.44,0.44,0,0,0,0
aten::slice,,,0.419,1.062,0,0,0,0
aten::as_strided,,,0.643,0.643,0,0,0,0
P13/1104248/01229/torch_api,,,108.913,189.585,0,24.101,0,0
npu::npu_fused_infer_attention_score,,,69.315,80.672,0,24.101,0,0
empty_tensor,,,3.735,3.735,0,0,0,0
empty_tensor,,,2.177,2.177,0,0,0,0
empty_tensor,,,0.762,0.762,0,0,0,0
empty_tensor,,,0.691,0.691,0,0,0,0
aclnnFusedInferAttentionScoreV3,,,3.992,3.992,24.101,24.101,0,0
aten::view,,,2.237,2.237,0,0,0,0
aten::slice,,,1.063,2.3,0,0,0,0
aten::as_strided,,,1.237,1.237,0,0,0,0
aten::copy_,,,17.724,20.708,0,0.62,0,0
aclnnInplaceCopy,,,2.984,2.984,0.62,0.62,0,0
aten::slice,,,0.642,1.607,0,0,0,0
aten::as_strided,,,0.965,0.965,0,0,0,0
aten::copy_,,,10.926,13.702,0,0,0,0
aclnnInplaceCopy,,,2.776,2.776,0,0,0,0
P13/1104248/01230/acl_dispatch,,,310.372,2942.065,0,69.764,0,48.343
P13/1104248/01231/partition_body,,,198.961,2631.693,0,69.764,0,48.343
npu_fx_compiler inference,,,430.739,2432.732,0,69.764,0,48.343
aten::reshape,,,2.302,4.529,0,0,0,0
aten::view,,,2.227,2.227,0,0,0,0
vllm::unquantized_gemm,,,77.873,203.075,0,5.4,0,5.4
P13/1104248/01232/linear,,,91.436,125.202,0,5.4,0,5.4
aten::linear,,,2.224,33.766,0,5.4,0,5.4
aten::t,,,2.634,5.724,0,0,0,0
aten::transpose,,,1.403,3.09,0,0,0,0
aten::as_strided,,,1.687,1.687,0,0,0,0
aten::matmul,,,9.298,25.818,0,5.4,0,5.4
empty_tensor,,,4.72,4.72,0,0,0,0
aclnnMatmul,,,11.8,11.8,5.4,5.4,5.4,5.4
vllm::maybe_chunk_residual,,,9.961,9.961,0,0,0,0
_C_ascend::npu_add_rms_norm_bias,,,20.044,35.433,0,3.02,0,0
aten::empty,,,1.309,4.999,0,0,0,0
empty_tensor,,,3.69,3.69,0,0,0,0
aten::empty,,,0.509,1.944,0,0,0,0
empty_tensor,,,1.435,1.435,0,0,0,0
aten::empty,,,1.029,1.912,0,0,0,0
empty_tensor,,,0.883,0.883,0,0,0,0
aten::empty,,,0.502,3.285,0,0,0,0
empty_tensor,,,2.783,2.783,0,0,0,0
aclnnAddRmsNormBias,,,3.249,3.249,3.02,3.02,0,0
vllm::unquantized_gemm,,,70.578,171.534,0,19.921,0,19.921
P13/1104248/01233/linear,,,84.79,100.956,0,19.921,0,19.921
aten::linear,,,1.101,16.166,0,19.921,0,19.921
aten::t,,,1.403,4.004,0,0,0,0
aten::transpose,,,1.149,2.601,0,0,0,0
aten::as_strided,,,1.452,1.452,0,0,0,0
aten::matmul,,,6.173,11.061,0,19.921,0,19.921
empty_tensor,,,2.13,2.13,0,0,0,0
aclnnMatmul,,,2.758,2.758,19.921,19.921,19.921,19.921
npu::npu_swiglu,,,14.807,19.329,0,5.08,0,0
empty_tensor,,,1.965,1.965,0,0,0,0
aclnnSwiGlu,,,2.557,2.557,5.08,5.08,0,0
vllm::unquantized_gemm,,,66.016,157.493,0,16.201,0,16.201
P13/1104248/01234/linear,,,78.287,91.477,0,16.201,0,16.201
aten::linear,,,1.218,13.19,0,16.201,0,16.201
aten::t,,,1.068,3.053,0,0,0,0
aten::transpose,,,0.669,1.985,0,0,0,0
aten::as_strided,,,1.316,1.316,0,0,0,0
aten::matmul,,,4.488,8.919,0,16.201,0,16.201
empty_tensor,,,1.933,1.933,0,0,0,0
aclnnMatmul,,,2.498,2.498,16.201,16.201,16.201,16.201
vllm::maybe_chunk_residual,,,8.849,8.849,0,0,0,0
_C_ascend::npu_add_rms_norm_bias,,,12.572,23.616,0,3.32,0,0
aten::empty,,,0.629,2.857,0,0,0,0
empty_tensor,,,2.228,2.228,0,0,0,0
aten::empty,,,0.373,2.085,0,0,0,0
empty_tensor,,,1.712,1.712,0,0,0,0
aten::empty,,,0.209,1.087,0,0,0,0
empty_tensor,,,0.878,0.878,0,0,0,0
aten::empty,,,0.357,2.16,0,0,0,0
empty_tensor,,,1.803,1.803,0,0,0,0
aclnnAddRmsNormBias,,,2.855,2.855,3.32,3.32,0,0
vllm::unquantized_gemm,,,67.261,161.818,0,7.941,0,6.821
P13/1104248/01235/linear,,,77.471,94.557,0,7.941,0,6.821
aten::linear,,,1.363,17.086,0,7.941,0,6.821
aten::t,,,0.913,2.623,0,0,0,0
aten::transpose,,,0.622,1.71,0,0,0,0
aten::as_strided,,,1.088,1.088,0,0,0,0
aten::addmm,,,7.76,13.1,0,7.941,0,6.821
empty_tensor,,,2.16,2.16,0,0,0,0
aclnnAddmm,,,3.18,3.18,7.941,7.941,6.821,6.821
aten::split_with_sizes,,,3.695,5.499,0,0,0,0
aten::as_strided,,,1.154,1.154,0,0,0,0
aten::as_strided,,,0.3,0.3,0,0,0,0
aten::as_strided,,,0.35,0.35,0,0,0,0
vllm::npu_rotary_embedding,,,210.09,1182.768,0,8.881,0,0
aten::view,,,1.477,1.477,0,0,0,0
aten::view,,,0.536,0.536,0,0,0,0
aten::contiguous,,,1.055,18.88,0,2.26,0,0
aten::clone,,,1.632,17.825,0,2.26,0,0
empty_tensor,,,1.948,1.948,0,0,0,0
aten::copy_,,,4.935,14.245,0,2.26,0,0
aclnnInplaceCopy,,,9.31,9.31,2.26,2.26,0,0
aten::contiguous,,,0.677,5.735,0,2.4,0,0
aten::clone,,,0.674,5.058,0,2.4,0,0
empty_tensor,,,1.62,1.62,0,0,0,0
aten::copy_,,,1.81,2.764,0,2.4,0,0
aclnnInplaceCopy,,,0.954,0.954,2.4,2.4,0,0
P13/1104248/01236/jit_run,,,723.173,943.145,0,4.221,0,0
P13/1104248/01237/launch,,,214.636,219.972,0,4.221,0,0
_triton_rope,,,5.336,5.336,4.221,4.221,0,0
aten::view,,,2.386,2.386,0,0,0,0
aten::view,,,0.519,0.519,0,0,0,0
aten::empty,,,2.193,6.922,0,0,0,0
empty_tensor,,,4.729,4.729,0,0,0,0
aten::detach,,,1.215,1.215,0,0,0,0
aten::reshape,,,1.062,2.003,0,0,0,0
aten::view,,,0.941,0.941,0,0,0,0
aten::reshape,,,0.524,1.099,0,0,0,0
aten::view,,,0.575,0.575,0,0,0,0
aten::reshape,,,0.792,1.359,0,0,0,0
aten::view,,,0.567,0.567,0,0,0,0
aten::reshape,,,3.635,5.491,0,0,0,0
aten::_reshape_alias,,,0.929,1.856,0,0,0,0
aten::view,,,0.927,0.927,0,0,0,0
vllm::unified_attention_with_output,,,108.745,1167.273,0,27.741,0,0
P13/1104248/01238/attention,,,289.128,1058.528,0,27.741,0,0
aten::slice,,,2.08,3.802,0,0,0,0
aten::as_strided,,,1.722,1.722,0,0,0,0
aten::slice,,,0.338,1.007,0,0,0,0
aten::as_strided,,,0.669,0.669,0,0,0,0
aten::slice,,,2.726,3.692,0,0,0,0
aten::as_strided,,,0.966,0.966,0,0,0,0
P13/1104248/01239/cache_write,,,147.728,273.335,0,5.28,0,0
P13/1104248/01240/torch_api,,,81.605,125.607,0,5.28,0,0
atb::_npu_reshape_and_cache,,,18.757,44.002,0,5.28,0,0
aten::contiguous,,,1.153,23.36,0,2.24,0,0
aten::clone,,,4.909,22.207,0,2.24,0,0
empty_tensor,,,4.533,4.533,0,0,0,0
aten::copy_,,,8.41,12.765,0,2.24,0,0
aclnnInplaceCopy,,,4.355,4.355,2.24,2.24,0,0
ReshapeCacheOperation,,,1.885,1.885,3.04,3.04,0,0
P13/1104248/01241/fia,,,247.575,472.538,0,22.461,0,0
aten::slice,,,1.207,2.411,0,0,0,0
aten::as_strided,,,1.204,1.204,0,0,0,0
aten::slice,,,0.344,0.721,0,0,0,0
aten::as_strided,,,0.377,0.377,0,0,0,0
aten::slice,,,0.277,0.786,0,0,0,0
aten::as_strided,,,0.509,0.509,0,0,0,0
P13/1104248/01242/torch_api,,,116.52,196.307,0,21.841,0,0
npu::npu_fused_infer_attention_score,,,69.75,79.787,0,21.841,0,0
empty_tensor,,,3.88,3.88,0,0,0,0
empty_tensor,,,1.333,1.333,0,0,0,0
empty_tensor,,,0.619,0.619,0,0,0,0
empty_tensor,,,0.705,0.705,0,0,0,0
aclnnFusedInferAttentionScoreV3,,,3.5,3.5,21.841,21.841,0,0
aten::view,,,2.081,2.081,0,0,0,0
aten::slice,,,1.019,2.079,0,0,0,0
aten::as_strided,,,1.06,1.06,0,0,0,0
aten::copy_,,,17.693,20.578,0,0.62,0,0
aclnnInplaceCopy,,,2.885,2.885,0.62,0.62,0,0
aten::slice,,,0.688,1.725,0,0,0,0
aten::as_strided,,,1.037,1.037,0,0,0,0
aten::copy_,,,10.532,13.301,0,0,0,0
aclnnInplaceCopy,,,2.769,2.769,0,0,0,0
P13/1104248/01243/acl_dispatch,,,306.396,2909.494,0,72.481,0,48.781
P13/1104248/01244/partition_body,,,207.17,2603.098,0,72.481,0,48.781
npu_fx_compiler inference,,,426.433,2395.928,0,72.481,0,48.781
aten::reshape,,,2.454,4.831,0,0,0,0
aten::view,,,2.377,2.377,0,0,0,0
vllm::unquantized_gemm,,,77.748,204.196,0,5.64,0,5.64
P13/1104248/01245/linear,,,89.438,126.448,0,5.64,0,5.64
aten::linear,,,2.096,37.01,0,5.64,0,5.64
aten::t,,,2.681,8.025,0,0,0,0
aten::transpose,,,3.575,5.344,0,0,0,0
aten::as_strided,,,1.769,1.769,0,0,0,0
aten::matmul,,,9.653,26.889,0,5.64,0,5.64
empty_tensor,,,5.313,5.313,0,0,0,0
aclnnMatmul,,,11.923,11.923,5.64,5.64,5.64,5.64
vllm::maybe_chunk_residual,,,9.926,9.926,0,0,0,0
_C_ascend::npu_add_rms_norm_bias,,,19.575,33.856,0,3.42,0,0
aten::empty,,,1.251,4.678,0,0,0,0
empty_tensor,,,3.427,3.427,0,0,0,0
aten::empty,,,0.415,1.787,0,0,0,0
empty_tensor,,,1.372,1.372,0,0,0,0
aten::empty,,,0.61,1.658,0,0,0,0
empty_tensor,,,1.048,1.048,0,0,0,0
aten::empty,,,0.393,2.871,0,0,0,0
empty_tensor,,,2.478,2.478,0,0,0,0
aclnnAddRmsNormBias,,,3.287,3.287,3.42,3.42,0,0
vllm::unquantized_gemm,,,68.322,164.862,0,19.32,0,19.32
P13/1104248/01246/linear,,,79.791,96.54,0,19.32,0,19.32
aten::linear,,,1.362,16.749,0,19.32,0,19.32
aten::t,,,1.4,3.892,0,0,0,0
aten::transpose,,,1.047,2.492,0,0,0,0
aten::as_strided,,,1.445,1.445,0,0,0,0
aten::matmul,,,6.018,11.495,0,19.32,0,19.32
empty_tensor,,,2.615,2.615,0,0,0,0
aclnnMatmul,,,2.862,2.862,19.32,19.32,19.32,19.32
npu::npu_swiglu,,,14.394,18.983,0,5.68,0,0
empty_tensor,,,2.001,2.001,0,0,0,0
aclnnSwiGlu,,,2.588,2.588,5.68,5.68,0,0
vllm::unquantized_gemm,,,64.619,154.349,0,16.561,0,16.561
P13/1104248/01247/linear,,,75.612,89.73,0,16.561,0,16.561
aten::linear,,,1.732,14.118,0,16.561,0,16.561
aten::t,,,0.978,3.019,0,0,0,0
aten::transpose,,,0.748,2.041,0,0,0,0
aten::as_strided,,,1.293,1.293,0,0,0,0
aten::matmul,,,4.553,9.367,0,16.561,0,16.561
empty_tensor,,,2.323,2.323,0,0,0,0
aclnnMatmul,,,2.491,2.491,16.561,16.561,16.561,16.561
vllm::maybe_chunk_residual,,,8.742,8.742,0,0,0,0
_C_ascend::npu_add_rms_norm_bias,,,12.348,23.538,0,3.68,0,0
aten::empty,,,0.733,3.114,0,0,0,0
empty_tensor,,,2.381,2.381,0,0,0,0
aten::empty,,,0.394,1.594,0,0,0,0
empty_tensor,,,1.2,1.2,0,0,0,0
aten::empty,,,0.41,1.118,0,0,0,0
empty_tensor,,,0.708,0.708,0,0,0,0
aten::empty,,,0.435,2.134,0,0,0,0
empty_tensor,,,1.699,1.699,0,0,0,0
aclnnAddRmsNormBias,,,3.23,3.23,3.68,3.68,0,0
vllm::unquantized_gemm,,,70.08,161.42,0,8.76,0,7.26
P13/1104248/01248/linear,,,74.574,91.34,0,8.76,0,7.26
aten::linear,,,1.554,16.766,0,8.76,0,7.26
aten::t,,,0.884,2.747,0,0,0,0
aten::transpose,,,0.671,1.863,0,0,0,0
aten::as_strided,,,1.192,1.192,0,0,0,0
aten::addmm,,,7.486,12.465,0,8.76,0,7.26
empty_tensor,,,2.152,2.152,0,0,0,0
aclnnAddmm,,,2.827,2.827,8.76,8.76,7.26,7.26
aten::split_with_sizes,,,3.576,5.459,0,0,0,0
aten::as_strided,,,1.236,1.236,0,0,0,0
aten::as_strided,,,0.311,0.311,0,0,0,0
aten::as_strided,,,0.336,0.336,0,0,0,0
vllm::npu_rotary_embedding,,,203.548,1161.841,0,9.42,0,0
aten::view,,,1.473,1.473,0,0,0,0
aten::view,,,0.99,0.99,0,0,0,0
aten::contiguous,,,1.267,20.708,0,2.38,0,0
aten::clone,,,1.607,19.441,0,2.38,0,0
empty_tensor,,,2.022,2.022,0,0,0,0
aten::copy_,,,4.723,15.812,0,2.38,0,0
aclnnInplaceCopy,,,11.089,11.089,2.38,2.38,0,0
aten::contiguous,,,0.373,5.055,0,2.34,0,0
aten::clone,,,0.513,4.682,0,2.34,0,0
empty_tensor,,,1.377,1.377,0,0,0,0
aten::copy_,,,1.817,2.792,0,2.34,0,0
aclnnInplaceCopy,,,0.975,0.975,2.34,2.34,0,0
P13/1104248/01249/jit_run,,,717.293,927.112,0,4.7,0,0
P13/1104248/01250/launch,,,205.464,209.819,0,4.7,0,0
_triton_rope,,,4.355,4.355,4.7,4.7,0,0
aten::view,,,2.49,2.49,0,0,0,0
aten::view,,,0.465,0.465,0,0,0,0
aten::empty,,,2.102,6.614,0,0,0,0
empty_tensor,,,4.512,4.512,0,0,0,0
aten::detach,,,1.322,1.322,0,0,0,0
aten::reshape,,,1.142,2.132,0,0,0,0
aten::view,,,0.99,0.99,0,0,0,0
aten::reshape,,,0.582,1.032,0,0,0,0
aten::view,,,0.45,0.45,0,0,0,0
aten::reshape,,,0.557,1.073,0,0,0,0
aten::view,,,0.516,0.516,0,0,0,0
aten::reshape,,,3.567,5.319,0,0,0,0
aten::_reshape_alias,,,0.845,1.752,0,0,0,0
aten::view,,,0.907,0.907,0,0,0,0
vllm::unified_attention_with_output,,,107.552,1155.8,0,28.341,0,0
P13/1104248/01251/attention,,,288.646,1048.248,0,28.341,0,0
aten::slice,,,1.861,3.803,0,0,0,0
aten::as_strided,,,1.942,1.942,0,0,0,0
aten::slice,,,0.34,1.694,0,0,0,0
aten::as_strided,,,1.354,1.354,0,0,0,0
aten::slice,,,2.91,3.77,0,0,0,0
aten::as_strided,,,0.86,0.86,0,0,0,0
P13/1104248/01252/cache_write,,,146.933,267.335,0,5.32,0,0
P13/1104248/01253/torch_api,,,80.692,120.402,0,5.32,0,0
atb::_npu_reshape_and_cache,,,18.648,39.71,0,5.32,0,0
aten::contiguous,,,1.124,19.28,0,2.44,0,0
aten::clone,,,1.934,18.156,0,2.44,0,0
empty_tensor,,,4.64,4.64,0,0,0,0
aten::copy_,,,7.415,11.582,0,2.44,0,0
aclnnInplaceCopy,,,4.167,4.167,2.44,2.44,0,0
ReshapeCacheOperation,,,1.782,1.782,2.88,2.88,0,0
P13/1104248/01254/fia,,,249.091,467.237,0,23.021,0,0
aten::slice,,,1.056,2.32,0,0,0,0
aten::as_strided,,,1.264,1.264,0,0,0,0
aten::slice,,,0.433,0.912,0,0,0,0
aten::as_strided,,,0.479,0.479,0,0,0,0
aten::slice,,,0.394,0.876,0,0,0,0
aten::as_strided,,,0.482,0.482,0,0,0,0
P13/1104248/01255/torch_api,,,109.284,188.808,0,22.401,0,0
npu::npu_fused_infer_attention_score,,,68.749,79.524,0,22.401,0,0
empty_tensor,,,3.753,3.753,0,0,0,0
empty_tensor,,,1.385,1.385,0,0,0,0
empty_tensor,,,0.702,0.702,0,0,0,0
empty_tensor,,,0.804,0.804,0,0,0,0
aclnnFusedInferAttentionScoreV3,,,4.131,4.131,22.401,22.401,0,0
aten::view,,,2.116,2.116,0,0,0,0
aten::slice,,,1.038,2.959,0,0,0,0
aten::as_strided,,,1.921,1.921,0,0,0,0
aten::copy_,,,17.364,20.155,0,0.62,0,0
aclnnInplaceCopy,,,2.791,2.791,0.62,0.62,0,0
aten::slice,,,0.689,1.754,0,0,0,0
aten::as_strided,,,1.065,1.065,0,0,0,0
aten::copy_,,,11.173,14.009,0,0,0,0
aclnnInplaceCopy,,,2.836,2.836,0,0,0,0
P13/1104248/01256/acl_dispatch,,,321.169,2935.475,0,71.123,0,48.661
P13/1104248/01257/partition_body,,,197.83,2614.306,0,71.123,0,48.661
npu_fx_compiler inference,,,427.873,2416.476,0,71.123,0,48.661
aten::reshape,,,2.335,4.568,0,0,0,0
aten::view,,,2.233,2.233,0,0,0,0
vllm::unquantized_gemm,,,74.007,194.562,0,5.36,0,5.36
P13/1104248/01258/linear,,,86.886,120.555,0,5.36,0,5.36
aten::linear,,,2.208,33.669,0,5.36,0,5.36
aten::t,,,2.67,5.837,0,0,0,0
aten::transpose,,,1.443,3.167,0,0,0,0
aten::as_strided,,,1.724,1.724,0,0,0,0
aten::matmul,,,9.481,25.624,0,5.36,0,5.36
empty_tensor,,,5.0,5.0,0,0,0,0
aclnnMatmul,,,11.143,11.143,5.36,5.36,5.36,5.36
vllm::maybe_chunk_residual,,,10.145,10.145,0,0,0,0
_C_ascend::npu_add_rms_norm_bias,,,19.642,32.967,0,3.08,0,0
aten::empty,,,1.174,4.617,0,0,0,0
empty_tensor,,,3.443,3.443,0,0,0,0
aten::empty,,,0.239,1.483,0,0,0,0
empty_tensor,,,1.244,1.244,0,0,0,0
aten::empty,,,0.204,0.908,0,0,0,0
empty_tensor,,,0.704,0.704,0,0,0,0
aten::empty,,,0.357,3.037,0,0,0,0
empty_tensor,,,2.68,2.68,0,0,0,0
aclnnAddRmsNormBias,,,3.28,3.28,3.08,3.08,0,0
vllm::unquantized_gemm,,,73.389,169.617,0,19.481,0,19.481
P13/1104248/01259/linear,,,80.476,96.228,0,19.481,0,19.481
aten::linear,,,1.154,15.752,0,19.481,0,19.481
aten::t,,,1.399,3.729,0,0,0,0
aten::transpose,,,0.903,2.33,0,0,0,0
aten::as_strided,,,1.427,1.427,0,0,0,0
aten::matmul,,,5.554,10.869,0,19.481,0,19.481
empty_tensor,,,2.277,2.277,0,0,0,0
aclnnMatmul,,,3.038,3.038,19.481,19.481,19.481,19.481
npu::npu_swiglu,,,14.462,19.311,0,5.961,0,0
empty_tensor,,,2.12,2.12,0,0,0,0
aclnnSwiGlu,,,2.729,2.729,5.961,5.961,0,0
vllm::unquantized_gemm,,,66.273,152.302,0,16.62,0,16.62
P13/1104248/01260/linear,,,73.688,86.029,0,16.62,0,16.62
aten::linear,,,1.0,12.341,0,16.62,0,16.62
aten::t,,,0.889,2.744,0,0,0,0
aten::transpose,,,0.68,1.855,0,0,0,0
aten::as_strided,,,1.175,1.175,0,0,0,0
aten::matmul,,,4.107,8.597,0,16.62,0,16.62
empty_tensor,,,2.05,2.05,0,0,0,0
aclnnMatmul,,,2.44,2.44,16.62,16.62,16.62,16.62
vllm::maybe_chunk_residual,,,8.493,8.493,0,0,0,0
_C_ascend::npu_add_rms_norm_bias,,,12.368,23.482,0,3.12,0,0
aten::empty,,,0.551,2.883,0,0,0,0
empty_tensor,,,2.332,2.332,0,0,0,0
aten::empty,,,0.228,1.318,0,0,0,0
empty_tensor,,,1.09,1.09,0,0,0,0
aten::empty,,,0.333,1.385,0,0,0,0
empty_tensor,,,1.052,1.052,0,0,0,0
aten::empty,,,0.324,2.434,0,0,0,0
empty_tensor,,,2.11,2.11,0,0,0,0
aclnnAddRmsNormBias,,,3.094,3.094,3.12,3.12,0,0
vllm::unquantized_gemm,,,66.854,159.186,0,8.46,0,7.2
P13/1104248/01261/linear,,,75.797,92.332,0,8.46,0,7.2
aten::linear,,,1.186,16.535,0,8.46,0,7.2
aten::t,,,0.882,2.647,0,0,0,0
aten::transpose,,,0.615,1.765,0,0,0,0
aten::as_strided,,,1.15,1.15,0,0,0,0
aten::addmm,,,7.56,12.702,0,8.46,0,7.2
empty_tensor,,,2.313,2.313,0,0,0,0
aclnnAddmm,,,2.829,2.829,8.46,8.46,7.2,7.2
aten::split_with_sizes,,,3.408,5.198,0,0,0,0
aten::as_strided,,,1.224,1.224,0,0,0,0
aten::as_strided,,,0.284,0.284,0,0,0,0
aten::as_strided,,,0.282,0.282,0,0,0,0
vllm::npu_rotary_embedding,,,210.777,1190.917,0,9.041,0,0
aten::view,,,1.423,1.423,0,0,0,0
aten::view,,,0.465,0.465,0,0,0,0
aten::contiguous,,,1.101,14.53,0,2.38,0,0
aten::clone,,,1.549,13.429,0,2.38,0,0
empty_tensor,,,2.036,2.036,0,0,0,0
aten::copy_,,,4.712,9.844,0,2.38,0,0
aclnnInplaceCopy,,,5.132,5.132,2.38,2.38,0,0
aten::contiguous,,,0.57,8.242,0,2.301,0,0
aten::clone,,,0.835,7.672,0,2.301,0,0
empty_tensor,,,1.247,1.247,0,0,0,0
aten::copy_,,,2.076,5.59,0,2.301,0,0
aclnnInplaceCopy,,,3.514,3.514,2.301,2.301,0,0
P13/1104248/01262/jit_run,,,725.698,952.336,0,4.36,0,0
P13/1104248/01263/launch,,,221.696,226.638,0,4.36,0,0
_triton_rope,,,4.942,4.942,4.36,4.36,0,0
aten::view,,,2.617,2.617,0,0,0,0
aten::view,,,0.527,0.527,0,0,0,0
aten::empty,,,2.082,7.69,0,0,0,0
empty_tensor,,,5.608,5.608,0,0,0,0
aten::detach,,,1.267,1.267,0,0,0,0
aten::reshape,,,1.087,1.96,0,0,0,0
aten::view,,,0.873,0.873,0,0,0,0
aten::reshape,,,0.41,0.853,0,0,0,0
aten::view,,,0.443,0.443,0,0,0,0
aten::reshape,,,0.444,0.888,0,0,0,0
aten::view,,,0.444,0.444,0,0,0,0
aten::reshape,,,3.405,5.197,0,0,0,0
aten::_reshape_alias,,,0.913,1.792,0,0,0,0
aten::view,,,0.879,0.879,0,0,0,0
vllm::unified_attention_with_output,,,107.889,1184.14,0,24.88,0,0
P13/1104248/01264/attention,,,284.897,1076.251,0,24.88,0,0
aten::slice,,,1.868,3.876,0,0,0,0
aten::as_strided,,,2.008,2.008,0,0,0,0
aten::slice,,,0.354,0.948,0,0,0,0
aten::as_strided,,,0.594,0.594,0,0,0,0
aten::slice,,,2.706,3.57,0,0,0,0
aten::as_strided,,,0.864,0.864,0,0,0,0
P13/1104248/01265/cache_write,,,150.129,276.389,0,5.140000000000001,0,0
P13/1104248/01266/torch_api,,,83.122,126.26,0,5.140000000000001,0,0
atb::_npu_reshape_and_cache,,,21.64,43.138,0,5.140000000000001,0,0
aten::contiguous,,,1.039,19.876,0,2.4,0,0
aten::clone,,,2.084,18.837,0,2.4,0,0
empty_tensor,,,4.819,4.819,0,0,0,0
aten::copy_,,,7.616,11.934,0,2.4,0,0
aclnnInplaceCopy,,,4.318,4.318,2.4,2.4,0,0
ReshapeCacheOperation,,,1.622,1.622,2.74,2.74,0,0
P13/1104248/01267/fia,,,254.19,491.262,0,19.74,0,0
aten::slice,,,1.205,2.61,0,0,0,0
aten::as_strided,,,1.405,1.405,0,0,0,0
aten::slice,,,0.46,0.999,0,0,0,0
aten::as_strided,,,0.539,0.539,0,0,0,0
aten::slice,,,0.415,2.636,0,0,0,0
aten::as_strided,,,2.221,2.221,0,0,0,0
P13/1104248/01268/torch_api,,,119.973,205.388,0,19.12,0,0
npu::npu_fused_infer_attention_score,,,74.595,85.415,0,19.12,0,0
empty_tensor,,,4.046,4.046,0,0,0,0
empty_tensor,,,1.618,1.618,0,0,0,0
empty_tensor,,,0.663,0.663,0,0,0,0
empty_tensor,,,0.848,0.848,0,0,0,0
aclnnFusedInferAttentionScoreV3,,,3.645,3.645,19.12,19.12,0,0
aten::view,,,2.241,2.241,0,0,0,0
aten::slice,,,1.066,2.275,0,0,0,0
aten::as_strided,,,1.209,1.209,0,0,0,0
aten::copy_,,,18.159,20.923,0,0.62,0,0
aclnnInplaceCopy,,,2.764,2.764,0.62,0.62,0,0
aten::slice,,,0.709,1.61,0,0,0,0
aten::as_strided,,,0.901,0.901,0,0,0,0
aten::copy_,,,10.586,13.699,0,0,0,0
aclnnInplaceCopy,,,3.113,3.113,0,0,0,0
P13/1104248/01269/acl_dispatch,,,267.159,1346.681,0,53.782000000000004,0,41.462
P13/1104248/01270/partition_body,,,183.555,1079.522,0,53.782000000000004,0,41.462
npu_fx_compiler inference,,,279.456,895.967,0,53.782000000000004,0,41.462
aten::reshape,,,2.358,4.548,0,0,0,0
aten::view,,,2.19,2.19,0,0,0,0
vllm::unquantized_gemm,,,76.307,200.582,0,5.58,0,5.58
P13/1104248/01271/linear,,,89.49,124.275,0,5.58,0,5.58
aten::linear,,,1.963,34.785,0,5.58,0,5.58
aten::t,,,2.725,5.865,0,0,0,0
aten::transpose,,,1.497,3.14,0,0,0,0
aten::as_strided,,,1.643,1.643,0,0,0,0
aten::matmul,,,9.408,26.957,0,5.58,0,5.58
empty_tensor,,,4.923,4.923,0,0,0,0
aclnnMatmul,,,12.626,12.626,5.58,5.58,5.58,5.58
vllm::maybe_chunk_residual,,,9.668,9.668,0,0,0,0
_C_ascend::npu_add_rms_norm_bias,,,19.269,32.757,0,3.4,0,0
aten::empty,,,1.249,4.508,0,0,0,0
empty_tensor,,,3.259,3.259,0,0,0,0
aten::empty,,,0.226,1.316,0,0,0,0
empty_tensor,,,1.09,1.09,0,0,0,0
aten::empty,,,0.391,1.147,0,0,0,0
empty_tensor,,,0.756,0.756,0,0,0,0
aten::empty,,,0.457,2.919,0,0,0,0
empty_tensor,,,2.462,2.462,0,0,0,0
aclnnAddRmsNormBias,,,3.598,3.598,3.4,3.4,0,0
vllm::unquantized_gemm,,,67.247,163.519,0,19.341,0,19.341
P13/1104248/01272/linear,,,80.338,96.272,0,19.341,0,19.341
aten::linear,,,1.379,15.934,0,19.341,0,19.341
aten::t,,,1.364,3.688,0,0,0,0
aten::transpose,,,0.946,2.324,0,0,0,0
aten::as_strided,,,1.378,1.378,0,0,0,0
aten::matmul,,,5.78,10.867,0,19.341,0,19.341
empty_tensor,,,2.338,2.338,0,0,0,0
aclnnMatmul,,,2.749,2.749,19.341,19.341,19.341,19.341
npu::npu_swiglu,,,14.658,19.116,0,5.54,0,0
empty_tensor,,,1.986,1.986,0,0,0,0
aclnnSwiGlu,,,2.472,2.472,5.54,5.54,0,0
vllm::unquantized_gemm,,,64.67,155.325,0,16.541,0,16.541
P13/1104248/01273/linear,,,76.674,90.655,0,16.541,0,16.541
aten::linear,,,0.878,13.981,0,16.541,0,16.541
aten::t,,,0.999,3.101,0,0,0,0
aten::transpose,,,0.775,2.102,0,0,0,0
aten::as_strided,,,1.327,1.327,0,0,0,0
aten::matmul,,,4.477,10.002,0,16.541,0,16.541
empty_tensor,,,2.786,2.786,0,0,0,0
aclnnMatmul,,,2.739,2.739,16.541,16.541,16.541,16.541
vllm::maybe_chunk_residual,,,8.549,8.549,0,0,0,0
_C_ascend::npu_add_rms_norm_bias,,,11.9,22.447,0,3.38,0,0
aten::empty,,,0.644,2.86,0,0,0,0
empty_tensor,,,2.216,2.216,0,0,0,0
aten::empty,,,0.253,1.22,0,0,0,0
empty_tensor,,,0.967,0.967,0,0,0,0
aten::empty,,,0.287,1.27,0,0,0,0
empty_tensor,,,0.983,0.983,0,0,0,0
aten::empty,,,0.377,2.0,0,0,0,0
empty_tensor,,,1.623,1.623,0,0,0,0
aclnnAddRmsNormBias,,,3.197,3.197,3.38,3.38,0,0
aten::index,,,9.175,16.66,0,8.84,0,0
empty_tensor,,,1.86,1.86,0,0,0,0
empty_tensor,,,2.228,2.228,0,0,0,0
aclnnIndex,,,3.397,3.397,8.84,8.84,0,0
aten::linear,,,1.269,16.881,0,218.449,0,218.449
aten::t,,,1.385,3.86,0,0,0,0
aten::transpose,,,0.891,2.475,0,0,0,0
aten::as_strided,,,1.584,1.584,0,0,0,0
aten::matmul,,,4.605,11.752,0,218.449,0,218.449
empty_tensor,,,1.651,1.651,0,0,0,0
aclnnMatmul,,,5.496,5.496,218.449,218.449,218.449,218.449
aten::alias,,,1.077,1.077,0,0,0,0
P13/1104248/01274/sample,,,884.807,4424.609,0,359.217,0,0
aten::log_softmax,,,2.509,26.865,0,57.403000000000006,0,0
aten::to,,,1.274,17.376,0,8.861,0,0
aten::_to_copy,,,2.547,16.102,0,8.861,0,0
aten::empty,,,1.088,4.496,0,0,0,0
empty_tensor,,,3.408,3.408,0,0,0,0
aten::copy_,,,6.057,9.059,0,8.861,0,0
aclnnInplaceCopy,,,3.002,3.002,8.861,8.861,0,0
aten::_log_softmax,,,4.851,6.98,0,48.542,0,0
empty_tensor,,,1.243,1.243,0,0,0,0
aclnnLogSoftmax,,,0.886,0.886,48.542,48.542,0,0
aten::to,,,0.473,9.12,0,2.84,0,0
aten::_to_copy,,,0.893,8.647,0,2.84,0,0
aten::empty,,,0.376,2.626,0,0,0,0
empty_tensor,,,2.25,2.25,0,0,0,0
aten::copy_,,,1.969,5.128,0,2.84,0,0
aclnnInplaceCopy,,,3.159,3.159,2.84,2.84,0,0
aten::lift_fresh,,,0.247,0.247,0,0,0,0
aten::to,,,0.484,0.484,0,0,0,0
aten::pin_memory,,,1.146,22.609,0,0,0,0
aten::is_pinned,,,10.904,10.904,0,0,0,0
aten::_pin_memory,,,5.582,10.559,0,0,0,0
aten::set_,,,1.472,1.472,0,0,0,0
aten::copy_,,,3.505,3.505,0,0,0,0
aten::to,,,0.487,5.069,0,0,0,0
aten::_to_copy,,,1.604,4.582,0,0,0,0
aten::empty_strided,,,1.414,2.695,0,0,0,0
empty_tensor,,,1.281,1.281,0,0,0,0
aten::copy_,,,0.283,0.283,0,0,0,0
aten::eq,,,3.64,6.723,0,0,0,0
empty_tensor,,,0.62,0.62,0,0,0,0
aclnnEqScalar,,,2.463,2.463,0,0,0,0
aten::masked_fill_,,,2.836,4.565,0,0,0,0
aclnnInplaceMaskedFillScalar,,,1.729,1.729,0,0,0,0
aten::zeros,,,1.685,8.48,0,8.961,0,0
empty_tensor,,,1.827,1.827,0,0,0,0
aten::zero_,,,2.436,4.968,0,8.961,0,0
aclnnInplaceZero,,,2.532,2.532,8.961,8.961,0,0
P13/1104248/01275/jit_run,,,584.239,726.362,0,66.423,0,0
P13/1104248/01276/launch,,,134.273,142.123,0,66.423,0,0
token_bin_counts_and_mask_kernel,,,7.85,7.85,66.423,66.423,0,0
aten::gt,,,9.16,16.979,0,28.820999999999998,0,0
empty_tensor,,,4.646,4.646,0,0,0,0
aclnnGtScalar,,,3.173,3.173,28.820999999999998,28.820999999999998,0,0
aten::zeros,,,1.557,7.285,0,2.32,0,0
empty_tensor,,,1.48,1.48,0,0,0,0
aten::zero_,,,2.663,4.248,0,2.32,0,0
aclnnInplaceZero,,,1.585,1.585,2.32,2.32,0,0
aten::gt,,,2.885,5.624,0,12.901,0,0
empty_tensor,,,1.149,1.149,0,0,0,0
aclnnGtScalar,,,1.59,1.59,12.901,12.901,0,0
P13/1104248/01277/jit_run,,,730.218,894.03,0,76.043,0,0
P13/1104248/01278/launch,,,159.374,163.812,0,76.043,0,0
apply_all_penalties_kernel,,,4.438,4.438,76.043,76.043,0,0
aten::argmax,,,3.251,23.496,0,19.541,0,0
aten::empty,,,0.946,5.194,0,0,0,0
empty_tensor,,,4.248,4.248,0,0,0,0
aten::argmax,,,8.984,15.051,0,19.541,0,0
aten::reshape,,,0.705,2.79,0,0,0,0
aten::view,,,2.085,2.085,0,0,0,0
aclnnArgMax,,,3.277,3.277,19.541,19.541,0,0
aten::view,,,0.938,0.938,0,0,0,0
aten::to,,,0.437,0.437,0,0,0,0
aten::topk,,,5.407,9.458,0,31.342,0,0
empty_tensor,,,1.593,1.593,0,0,0,0
empty_tensor,,,0.752,0.752,0,0,0,0
aclnnTopk,,,1.706,1.706,31.342,31.342,0,0
aten::unsqueeze,,,1.033,2.581,0,0,0,0
aten::as_strided,,,1.548,1.548,0,0,0,0
aten::gather,,,5.307,7.381,0,4.94,0,0
empty_tensor,,,1.173,1.173,0,0,0,0
aclnnGather,,,0.901,0.901,4.94,4.94,0,0
TorchDynamo Cache Lookup,,,26.241,26.241,0,0,0,0
Torch-Compiled Region: 1/0,,,156.829,180.123,0,39.582,0,0
aten::_assert_scalar,,,0.998,0.998,0,0,0,0
aten::_assert_scalar,,,0.244,0.244,0,0,0,0
aten::_assert_scalar,,,0.112,0.112,0,0,0,0
aten::ge,,,3.868,13.426,0,8.841,0,0
empty_tensor,,,1.932,1.932,0,0,0,0
aclnnGeTensor,,,7.626,7.626,8.841,8.841,0,0
aten::sum,,,4.625,8.514,0,30.741,0,0
empty_tensor,,,1.521,1.521,0,0,0,0
aclnnReduceSum,,,2.368,2.368,30.741,30.741,0,0
aten::cat,,,5.097,8.51,0,2.28,0,0
empty_tensor,,,1.086,1.086,0,0,0,0
aclnnCat,,,2.327,2.327,2.28,2.28,0,0
aten::cat,,,1.85,4.11,0,1.6,0,0
empty_tensor,,,1.305,1.305,0,0,0,0
aclnnCat,,,0.955,0.955,1.6,1.6,0,0
aten::to,,,0.74,10.366,0,1.06,0,0
aten::_to_copy,,,1.996,9.626,0,1.06,0,0
aten::empty,,,0.581,1.544,0,0,0,0
empty_tensor,,,0.963,0.963,0,0,0,0
aten::copy_,,,3.551,6.086,0,1.06,0,0
aclnnInplaceCopy,,,2.535,2.535,1.06,1.06,0,0
aten::to,,,0.296,6.872,0,1.0,0,0
aten::_to_copy,,,0.686,6.576,0,1.0,0,0
aten::empty,,,0.265,1.345,0,0,0,0
empty_tensor,,,1.08,1.08,0,0,0,0
aten::copy_,,,2.135,4.545,0,1.0,0,0
aclnnInplaceCopy,,,2.41,2.41,1.0,1.0,0,0
aten::unsqueeze,,,0.725,1.918,0,0,0,0
aten::as_strided,,,1.193,1.193,0,0,0,0
P13/1104248/01279/to_list,,,167.899,1240.809,0,2.16,0,0
aten::slice,,,4.625,5.951,0,0,0,0
aten::as_strided,,,1.326,1.326,0,0,0,0
aten::copy_,,,10.972,13.953,0,2.14,0,0
acl_memcpy_device_to_host,,,2.981,2.981,2.14,2.14,0,0
Event::record,,,194.952,626.616,0,0.02,0,0
P13/1104248/01280/event_record,,,427.816,431.664,0,0.02,0,0
record_event,,,3.848,3.848,0.02,0.02,0,0
Event::synchronize,,,190.904,425.834,0,0,0,0
P13/1104248/01281/synchronize,,,234.93,234.93,0,0,0,0
aten::resolve_conj,,,0.42,0.42,0,0,0,0
aten::resolve_neg,,,0.136,0.136,0,0,0,0
aten::to,,,1.533,114.55,0,0,0,0
aten::_to_copy,,,2.431,113.017,0,0,0,0
aten::empty,,,2.547,2.547,0,0,0,0
aten::copy_,,,108.039,108.039,0,0,0,0
aten::detach,,,1.118,1.118,0,0,0,0
aten::to,,,0.308,0.308,0,0,0,0
aten::resolve_conj,,,0.2,0.2,0,0,0,0
aten::resolve_neg,,,0.088,0.088,0,0,0,0
aten::to,,,0.438,83.96,0,0,0,0
aten::_to_copy,,,1.22,83.522,0,0,0,0
aten::empty,,,0.911,0.911,0,0,0,0
aten::copy_,,,81.391,81.391,0,0,0,0
aten::detach,,,0.21,0.21,0,0,0,0
aten::to,,,0.122,0.122,0,0,0,0
aten::resolve_conj,,,0.197,0.197,0,0,0,0
aten::resolve_neg,,,0.202,0.202,0,0,0,0
aten::to,,,0.43,75.581,0,0,0,0
aten::_to_copy,,,0.76,75.151,0,0,0,0
aten::empty,,,0.516,0.516,0,0,0,0
aten::copy_,,,73.875,73.875,0,0,0,0
aten::detach,,,0.211,0.211,0,0,0,0
aten::to,,,0.125,0.125,0,0,0,0
aten::resolve_conj,,,0.085,0.085,0,0,0,0
aten::resolve_neg,,,0.102,0.102,0,0,0,0
aten::slice,,,2.903,5.061,0,0,0,0
aten::as_strided,,,2.158,2.158,0,0,0,0
P13/1104248/01282/runner,,,1570.669,56186.505,0,941.797,0,225.109
P13/1104248/01283/prepare,,,1075.521,2780.553,0,160.32500000000002,0,0
P13/1104248/01284/buffer_copy,,,101.044,138.614,0,2.72,0,0
aten::slice,,,5.69,9.629,0,0,0,0
aten::as_strided,,,3.939,3.939,0,0,0,0
aten::slice,,,1.036,2.222,0,0,0,0
aten::as_strided,,,1.186,1.186,0,0,0,0
aten::copy_,,,14.214,25.719,0,2.72,0,0
acl_memcpy_host_to_device,,,11.505,11.505,2.72,2.72,0,0
aten::lift_fresh,,,0.405,0.405,0,0,0,0
aten::lift_fresh,,,0.096,0.096,0,0,0,0
aten::flatten,,,1.199,3.464,0,0,0,0
aten::view,,,2.265,2.265,0,0,0,0
aten::slice,,,1.322,1.711,0,0,0,0
aten::as_strided,,,0.389,0.389,0,0,0,0
aten::index_select,,,2.534,2.534,0,0,0,0
P13/1104248/01285/buffer_copy,,,92.394,104.519,0,2.64,0,0
aten::copy_,,,8.575,12.125,0,2.64,0,0
acl_memcpy_host_to_device,,,3.55,3.55,2.64,2.64,0,0
aten::slice,,,1.449,2.0,0,0,0,0
aten::as_strided,,,0.551,0.551,0,0,0,0
aten::lift_fresh,,,0.274,0.274,0,0,0,0
aten::slice,,,0.584,0.882,0,0,0,0
aten::as_strided,,,0.298,0.298,0,0,0,0
aten::add,,,5.641,5.641,0,0,0,0
aten::slice,,,0.485,0.738,0,0,0,0
aten::as_strided,,,0.253,0.253,0,0,0,0
aten::fill_,,,1.83,1.83,0,0,0,0
aten::slice,,,0.672,2.513,0,0,0,0
aten::as_strided,,,1.841,1.841,0,0,0,0
aten::fill_,,,8.741,11.619,0,1.12,0,0
aclnnInplaceFillScalar,,,2.878,2.878,1.12,1.12,0,0
P13/1104248/01286/buffer_copy,,,81.247,94.318,0,2.64,0,0
aten::slice,,,1.148,2.115,0,0,0,0
aten::as_strided,,,0.967,0.967,0,0,0,0
aten::slice,,,0.632,0.928,0,0,0,0
aten::as_strided,,,0.296,0.296,0,0,0,0
aten::copy_,,,6.211,10.028,0,2.64,0,0
acl_memcpy_host_to_device,,,3.817,3.817,2.64,2.64,0,0
aten::slice,,,1.042,1.36,0,0,0,0
aten::as_strided,,,0.318,0.318,0,0,0,0
aten::detach,,,1.305,1.305,0,0,0,0
aten::to,,,0.775,0.775,0,0,0,0
aten::resolve_conj,,,0.327,0.327,0,0,0,0
aten::resolve_neg,,,0.158,0.158,0,0,0,0
P13/1104248/01287/buffer_copy,,,80.11,84.632,0,0,0,0
aten::slice,,,1.446,2.774,0,0,0,0
aten::as_strided,,,1.328,1.328,0,0,0,0
aten::slice,,,0.818,1.108,0,0,0,0
aten::as_strided,,,0.29,0.29,0,0,0,0
aten::copy_,,,0.64,0.64,0,0,0,0
P13/1104248/01288/buffer_copy,,,67.799,80.673,0,2.68,0,0
aten::slice,,,1.225,2.168,0,0,0,0
aten::as_strided,,,0.943,0.943,0,0,0,0
aten::slice,,,0.67,0.944,0,0,0,0
aten::as_strided,,,0.274,0.274,0,0,0,0
aten::copy_,,,5.581,9.762,0,2.68,0,0
acl_memcpy_host_to_device,,,4.181,4.181,2.68,2.68,0,0
aten::fill_,,,4.998,7.697,0,0.96,0,0
aclnnInplaceFillScalar,,,2.699,2.699,0.96,0.96,0,0
aten::slice,,,0.991,1.936,0,0,0,0
aten::as_strided,,,0.945,0.945,0,0,0,0
aten::slice,,,1.109,1.557,0,0,0,0
aten::as_strided,,,0.448,0.448,0,0,0,0
aten::copy_,,,4.109,5.771,0,2.64,0,0
acl_memcpy_host_to_device,,,1.662,1.662,2.64,2.64,0,0
P13/1104248/01289/buffer_copy,,,70.555,82.686,0,2.64,0,0
aten::slice,,,1.076,1.978,0,0,0,0
aten::as_strided,,,0.902,0.902,0,0,0,0
aten::slice,,,2.638,2.946,0,0,0,0
aten::as_strided,,,0.308,0.308,0,0,0,0
aten::copy_,,,4.573,7.207,0,2.64,0,0
acl_memcpy_host_to_device,,,2.634,2.634,2.64,2.64,0,0
aten::slice,,,0.948,1.772,0,0,0,0
aten::as_strided,,,0.824,0.824,0,0,0,0
P13/1104248/01290/buffer_copy,,,67.154,84.078,0,2.7,0,0
aten::slice,,,1.059,1.972,0,0,0,0
aten::as_strided,,,0.913,0.913,0,0,0,0
aten::slice,,,0.698,1.03,0,0,0,0
aten::as_strided,,,0.332,0.332,0,0,0,0
aten::copy_,,,4.646,13.922,0,2.7,0,0
acl_memcpy_host_to_device,,,9.276,9.276,2.7,2.7,0,0
P13/1104248/01291/buffer_copy,,,66.879,77.492,0,2.68,0,0
aten::slice,,,1.254,2.196,0,0,0,0
aten::as_strided,,,0.942,0.942,0,0,0,0
aten::slice,,,0.824,1.095,0,0,0,0
aten::as_strided,,,0.271,0.271,0,0,0,0
aten::copy_,,,4.786,7.322,0,2.68,0,0
acl_memcpy_host_to_device,,,2.536,2.536,2.68,2.68,0,0
aten::slice,,,0.858,1.62,0,0,0,0
aten::as_strided,,,0.762,0.762,0,0,0,0
aten::index,,,8.953,18.722,0,8.98,0,0
empty_tensor,,,3.02,3.02,0,0,0,0
empty_tensor,,,3.992,3.992,0,0,0,0
aclnnIndex,,,2.757,2.757,8.98,8.98,0,0
aten::to,,,0.751,11.084,0,0.94,0,0
aten::_to_copy,,,2.088,10.333,0,0.94,0,0
aten::empty,,,0.834,2.78,0,0,0,0
empty_tensor,,,1.946,1.946,0,0,0,0
aten::copy_,,,3.695,5.465,0,0.94,0,0
aclnnInplaceCopy,,,1.77,1.77,0.94,0.94,0,0
aten::slice,,,1.036,2.544,0,0,0,0
aten::as_strided,,,1.508,1.508,0,0,0,0
aten::add,,,5.154,9.849,0,3.0,0,0
empty_tensor,,,0.984,0.984,0,0,0,0
aclnnAdd,,,3.711,3.711,3.0,3.0,0,0
aten::slice,,,0.648,1.203,0,0,0,0
aten::as_strided,,,0.555,0.555,0,0,0,0
aten::copy_,,,23.96,26.597,0,0.54,0,0
aclnnInplaceCopy,,,2.637,2.637,0.54,0.54,0,0
aten::slice,,,0.755,1.238,0,0,0,0
aten::as_strided,,,0.483,0.483,0,0,0,0
aten::add,,,2.973,4.986,0,1.48,0,0
empty_tensor,,,1.259,1.259,0,0,0,0
aclnnAdd,,,0.754,0.754,1.48,1.48,0,0
aten::copy_,,,6.584,14.327,0,0.6,0,0
aclnnInplaceCopy,,,7.743,7.743,0.6,0.6,0,0
aten::slice,,,0.561,0.987,0,0,0,0
aten::as_strided,,,0.426,0.426,0,0,0,0
aten::fill_,,,2.59,3.456,0,0,0,0
aclnnInplaceFillScalar,,,0.866,0.866,0,0,0,0
aten::slice,,,0.76,1.317,0,0,0,0
aten::as_strided,,,0.557,0.557,0,0,0,0
aten::slice,,,0.851,1.427,0,0,0,0
aten::as_strided,,,0.576,0.576,0,0,0,0
P13/1104248/01292/jit_run,,,615.041,779.049,0,120.185,0,0
P13/1104248/01293/launch,,,157.825,164.008,0,120.185,0,0
_compute_slot_mapping_kernel,,,6.183,6.183,120.185,120.185,0,0
aten::slice,,,2.926,4.882,0,0,0,0
aten::as_strided,,,1.956,1.956,0,0,0,0
aten::sub,,,8.463,18.367,0,1.18,0,0
empty_tensor,,,4.691,4.691,0,0,0,0
aten::item,,,0.947,2.03,0,0,0,0
aten::_local_scalar_dense,,,1.083,1.083,0,0,0,0
aclnnSubs,,,3.183,3.183,1.18,1.18,0,0
aten::detach,,,1.633,1.633,0,0,0,0
aten::to,,,0.836,0.836,0,0,0,0
aten::resolve_conj,,,0.297,0.297,0,0,0,0
aten::resolve_neg,,,0.167,0.167,0,0,0,0
aten::slice,,,2.033,3.595,0,0,0,0
aten::as_strided,,,1.562,1.562,0,0,0,0
aten::slice,,,1.039,1.89,0,0,0,0
aten::as_strided,,,0.851,0.851,0,0,0,0
aten::slice,,,0.663,1.352,0,0,0,0
aten::as_strided,,,0.689,0.689,0,0,0,0
aten::slice,,,0.851,1.307,0,0,0,0
aten::as_strided,,,0.456,0.456,0,0,0,0
aten::fill_,,,5.243,8.547,0,0,0,0
aclnnInplaceFillScalar,,,3.304,3.304,0,0,0,0
aten::slice,,,0.579,1.188,0,0,0,0
aten::as_strided,,,0.609,0.609,0,0,0,0
aten::fill_,,,1.603,2.795,0,0,0,0
aclnnInplaceFillScalar,,,1.192,1.192,0,0,0,0
aten::slice,,,0.569,0.826,0,0,0,0
aten::as_strided,,,0.257,0.257,0,0,0,0
aten::slice,,,0.754,1.068,0,0,0,0
aten::as_strided,,,0.314,0.314,0,0,0,0
aten::lt,,,5.615,5.615,0,0,0,0
aten::lift_fresh,,,0.285,0.285,0,0,0,0
aten::slice,,,0.42,0.763,0,0,0,0
aten::as_strided,,,0.343,0.343,0,0,0,0
aten::fill_,,,1.024,3.78,0,0,0,0
aten::copy_,,,2.756,2.756,0,0,0,0
aten::slice,,,0.795,1.15,0,0,0,0
aten::as_strided,,,0.355,0.355,0,0,0,0
aten::slice,,,1.2,1.833,0,0,0,0
aten::as_strided,,,0.633,0.633,0,0,0,0
aten::slice,,,0.469,0.659,0,0,0,0
aten::as_strided,,,0.19,0.19,0,0,0,0
aten::slice,,,0.652,1.148,0,0,0,0
aten::as_strided,,,0.496,0.496,0,0,0,0
aten::slice,,,0.844,1.168,0,0,0,0
aten::as_strided,,,0.324,0.324,0,0,0,0
aten::slice,,,0.378,0.484,0,0,0,0
aten::as_strided,,,0.106,0.106,0,0,0,0
aten::slice,,,0.686,0.872,0,0,0,0
aten::as_strided,,,0.186,0.186,0,0,0,0
aten::slice,,,0.574,0.896,0,0,0,0
aten::as_strided,,,0.322,0.322,0,0,0,0
aten::slice,,,0.497,0.94,0,0,0,0
aten::as_strided,,,0.443,0.443,0,0,0,0
aten::pin_memory,,,1.109,10.002,0,0,0,0
aten::is_pinned,,,8.893,8.893,0,0,0,0
aten::to,,,1.007,18.582,0,2.64,0,0
aten::_to_copy,,,2.066,17.575,0,2.64,0,0
aten::empty_strided,,,4.589,6.734,0,0,0,0
empty_tensor,,,2.145,2.145,0,0,0,0
aten::copy_,,,5.327,8.775,0,2.64,0,0
acl_memcpy_host_to_device,,,3.448,3.448,2.64,2.64,0,0
aten::resolve_conj,,,0.26,0.26,0,0,0,0
aten::resolve_neg,,,0.255,0.255,0,0,0,0
aten::slice,,,0.729,1.15,0,0,0,0
aten::as_strided,,,0.421,0.421,0,0,0,0
aten::resolve_conj,,,0.07,0.07,0,0,0,0
aten::resolve_neg,,,0.19,0.19,0,0,0,0
aten::slice,,,0.641,1.195,0,0,0,0
aten::as_strided,,,0.554,0.554,0,0,0,0
aten::slice,,,0.643,0.994,0,0,0,0
aten::as_strided,,,0.351,0.351,0,0,0,0
aten::index_select,,,8.055,16.324,0,2.68,0,0
empty_tensor,,,2.3,2.3,0,0,0,0
aclnnIndexSelect,,,5.969,5.969,2.68,2.68,0,0
aten::view,,,1.605,1.605,0,0,0,0
aten::repeat,,,3.477,6.669,0,1.76,0,0
empty_tensor,,,1.594,1.594,0,0,0,0
aclnnRepeat,,,1.598,1.598,1.76,1.76,0,0
aten::chunk,,,1.38,6.63,0,0,0,0
aten::split,,,1.093,5.25,0,0,0,0
aten::narrow,,,1.413,2.845,0,0,0,0
aten::slice,,,0.483,1.432,0,0,0,0
aten::as_strided,,,0.949,0.949,0,0,0,0
aten::narrow,,,0.571,1.312,0,0,0,0
aten::slice,,,0.249,0.741,0,0,0,0
aten::as_strided,,,0.492,0.492,0,0,0,0
aten::slice,,,0.616,1.502,0,0,0,0
aten::as_strided,,,0.886,0.886,0,0,0,0
aten::view,,,0.758,0.758,0,0,0,0
aten::expand,,,1.243,1.713,0,0,0,0
aten::as_strided,,,0.47,0.47,0,0,0,0
aten::copy_,,,25.971,28.329,0,0.52,0,0
aclnnInplaceCopy,,,2.358,2.358,0.52,0.52,0,0
aten::index_select,,,3.374,5.734,0,2.121,0,0
empty_tensor,,,1.193,1.193,0,0,0,0
aclnnIndexSelect,,,1.167,1.167,2.121,2.121,0,0
aten::view,,,0.836,0.836,0,0,0,0
aten::repeat,,,2.097,5.212,0,1.34,0,0
empty_tensor,,,1.534,1.534,0,0,0,0
aclnnRepeat,,,1.581,1.581,1.34,1.34,0,0
aten::chunk,,,0.474,4.062,0,0,0,0
aten::split,,,0.485,3.588,0,0,0,0
aten::narrow,,,0.6,1.625,0,0,0,0
aten::slice,,,0.359,1.025,0,0,0,0
aten::as_strided,,,0.666,0.666,0,0,0,0
aten::narrow,,,0.478,1.478,0,0,0,0
aten::slice,,,0.409,1.0,0,0,0,0
aten::as_strided,,,0.591,0.591,0,0,0,0
aten::slice,,,0.578,0.996,0,0,0,0
aten::as_strided,,,0.418,0.418,0,0,0,0
aten::view,,,0.367,0.367,0,0,0,0
aten::expand,,,0.374,0.694,0,0,0,0
aten::as_strided,,,0.32,0.32,0,0,0,0
aten::copy_,,,7.294,9.354,0,0.48,0,0
aclnnInplaceCopy,,,2.06,2.06,0.48,0.48,0,0
aten::slice,,,0.787,1.133,0,0,0,0
aten::as_strided,,,0.346,0.346,0,0,0,0
aten::slice,,,0.522,1.05,0,0,0,0
aten::as_strided,,,0.528,0.528,0,0,0,0
P13/1104248/01294/forward,,,7515.011,51620.368,0,536.162,0,0
P13/1104248/01295/acl_dispatch,,,428.325,701.091,0,0,0,0
P13/1104248/01296/graph_replay,,,272.766,272.766,0,0,0,0
vllm::unified_attention_with_output,,,156.055,1195.39,0,23.641000000000002,0,0
P13/1104248/01297/attention,,,296.748,1039.335,0,23.641000000000002,0,0
aten::slice,,,2.226,5.018,0,0,0,0
aten::as_strided,,,2.792,2.792,0,0,0,0
aten::slice,,,0.5,1.245,0,0,0,0
aten::as_strided,,,0.745,0.745,0,0,0,0
aten::slice,,,3.254,4.312,0,0,0,0
aten::as_strided,,,1.058,1.058,0,0,0,0
P13/1104248/01298/cache_write,,,144.128,245.543,0,2.06,0,0
P13/1104248/01299/torch_api,,,80.648,101.415,0,2.06,0,0
atb::_npu_reshape_and_cache,,,15.709,20.767,0,2.06,0,0
ReshapeCacheOperation,,,5.058,5.058,2.06,2.06,0,0
P13/1104248/01300/fia,,,245.331,471.038,0,21.581000000000003,0,0
aten::view,,,4.006,4.006,0,0,0,0
aten::view,,,1.012,1.012,0,0,0,0
aten::slice,,,1.013,2.025,0,0,0,0
aten::as_strided,,,1.012,1.012,0,0,0,0
P13/1104248/01301/torch_api,,,121.742,180.132,0,20.981,0,0
npu::npu_fused_infer_attention_score,,,44.599,58.39,0,20.981,0,0
empty_tensor,,,6.527,6.527,0,0,0,0
empty_tensor,,,1.296,1.296,0,0,0,0
empty_tensor,,,1.148,1.148,0,0,0,0
empty_tensor,,,1.065,1.065,0,0,0,0
aclnnFusedInferAttentionScoreV3,,,3.755,3.755,20.981,20.981,0,0
aten::view,,,1.689,1.689,0,0,0,0
aten::slice,,,0.954,2.014,0,0,0,0
aten::as_strided,,,1.06,1.06,0,0,0,0
aten::copy_,,,24.6,34.829,0,0.6,0,0
aclnnInplaceCopy,,,10.229,10.229,0.6,0.6,0,0
aten::slice,,,0.688,1.675,0,0,0,0
aten::as_strided,,,0.987,0.987,0,0,0,0
aten::copy_,,,11.273,13.756,0,0,0,0
aclnnInplaceCopy,,,2.483,2.483,0,0,0,0
P13/1104248/01302/acl_dispatch,,,415.71,675.893,0,0,0,0
P13/1104248/01303/graph_replay,,,260.183,260.183,0,0,0,0
vllm::unified_attention_with_output,,,102.276,1111.365,0,21.661,0,0
P13/1104248/01304/attention,,,289.036,1009.089,0,21.661,0,0
aten::slice,,,1.917,4.2,0,0,0,0
aten::as_strided,,,2.283,2.283,0,0,0,0
aten::slice,,,1.377,1.749,0,0,0,0
aten::as_strided,,,0.372,0.372,0,0,0,0
aten::slice,,,2.998,3.895,0,0,0,0
aten::as_strided,,,0.897,0.897,0,0,0,0
P13/1104248/01305/cache_write,,,147.171,250.623,0,1.58,0,0
P13/1104248/01306/torch_api,,,83.606,103.452,0,1.58,0,0
atb::_npu_reshape_and_cache,,,15.335,19.846,0,1.58,0,0
ReshapeCacheOperation,,,4.511,4.511,1.58,1.58,0,0
P13/1104248/01307/fia,,,242.034,443.95,0,20.081,0,0
aten::view,,,3.721,3.721,0,0,0,0
aten::view,,,1.044,1.044,0,0,0,0
aten::slice,,,0.806,1.801,0,0,0,0
aten::as_strided,,,0.995,0.995,0,0,0,0
P13/1104248/01308/torch_api,,,109.209,164.61,0,19.541,0,0
npu::npu_fused_infer_attention_score,,,41.985,55.401,0,19.541,0,0
empty_tensor,,,6.391,6.391,0,0,0,0
empty_tensor,,,1.297,1.297,0,0,0,0
empty_tensor,,,0.917,0.917,0,0,0,0
empty_tensor,,,0.781,0.781,0,0,0,0
aclnnFusedInferAttentionScoreV3,,,4.03,4.03,19.541,19.541,0,0
aten::view,,,1.684,1.684,0,0,0,0
aten::slice,,,0.887,1.931,0,0,0,0
aten::as_strided,,,1.044,1.044,0,0,0,0
aten::copy_,,,24.167,27.125,0,0.54,0,0
aclnnInplaceCopy,,,2.958,2.958,0.54,0.54,0,0
aten::slice,,,0.823,1.709,0,0,0,0
aten::as_strided,,,0.886,0.886,0,0,0,0
aten::copy_,,,11.303,13.927,0,0,0,0
aclnnInplaceCopy,,,2.624,2.624,0,0,0,0
P13/1104248/01309/acl_dispatch,,,401.698,662.363,0,0,0,0
P13/1104248/01310/graph_replay,,,260.665,260.665,0,0,0,0
vllm::unified_attention_with_output,,,104.965,1138.285,0,18.721,0,0
P13/1104248/01311/attention,,,291.875,1033.32,0,18.721,0,0
aten::slice,,,2.003,4.161,0,0,0,0
aten::as_strided,,,2.158,2.158,0,0,0,0
aten::slice,,,0.422,0.868,0,0,0,0
aten::as_strided,,,0.446,0.446,0,0,0,0
aten::slice,,,3.047,4.023,0,0,0,0
aten::as_strided,,,0.976,0.976,0,0,0,0
P13/1104248/01312/cache_write,,,140.792,239.198,0,1.72,0,0
P13/1104248/01313/torch_api,,,78.633,98.406,0,1.72,0,0
atb::_npu_reshape_and_cache,,,15.226,19.773,0,1.72,0,0
ReshapeCacheOperation,,,4.547,4.547,1.72,1.72,0,0
P13/1104248/01314/fia,,,259.935,476.993,0,17.001,0,0
aten::view,,,5.45,5.45,0,0,0,0
aten::view,,,1.121,1.121,0,0,0,0
aten::slice,,,0.881,1.777,0,0,0,0
aten::as_strided,,,0.896,0.896,0,0,0,0
P13/1104248/01315/torch_api,,,114.373,169.805,0,16.401,0,0
npu::npu_fused_infer_attention_score,,,42.346,55.432,0,16.401,0,0
empty_tensor,,,6.401,6.401,0,0,0,0
empty_tensor,,,1.095,1.095,0,0,0,0
empty_tensor,,,0.994,0.994,0,0,0,0
empty_tensor,,,0.996,0.996,0,0,0,0
aclnnFusedInferAttentionScoreV3,,,3.6,3.6,16.401,16.401,0,0
aten::view,,,1.55,1.55,0,0,0,0
aten::slice,,,0.877,2.989,0,0,0,0
aten::as_strided,,,2.112,2.112,0,0,0,0
aten::copy_,,,23.903,34.366,0,0.6,0,0
aclnnInplaceCopy,,,10.463,10.463,0.6,0.6,0,0
aten::slice,,,0.751,1.823,0,0,0,0
aten::as_strided,,,1.072,1.072,0,0,0,0
aten::copy_,,,12.334,14.379,0,0,0,0
aclnnInplaceCopy,,,2.045,2.045,0,0,0,0
P13/1104248/01316/acl_dispatch,,,406.746,671.121,0,0,0,0
P13/1104248/01317/graph_replay,,,264.375,264.375,0,0,0,0
vllm::unified_attention_with_output,,,106.411,1136.983,0,21.961000000000002,0,0
P13/1104248/01318/attention,,,294.834,1030.572,0,21.961000000000002,0,0
aten::slice,,,1.917,4.207,0,0,0,0
aten::as_strided,,,2.29,2.29,0,0,0,0
aten::slice,,,0.492,0.809,0,0,0,0
aten::as_strided,,,0.317,0.317,0,0,0,0
aten::slice,,,2.954,3.912,0,0,0,0
aten::as_strided,,,0.958,0.958,0,0,0,0
P13/1104248/01319/cache_write,,,146.157,251.76,0,2.18,0,0
P13/1104248/01320/torch_api,,,82.984,105.603,0,2.18,0,0
atb::_npu_reshape_and_cache,,,18.485,22.619,0,2.18,0,0
ReshapeCacheOperation,,,4.134,4.134,2.18,2.18,0,0
P13/1104248/01321/fia,,,252.652,457.76,0,19.781,0,0
aten::view,,,3.72,3.72,0,0,0,0
aten::view,,,1.062,1.062,0,0,0,0
aten::slice,,,0.922,1.864,0,0,0,0
aten::as_strided,,,0.942,0.942,0,0,0,0
P13/1104248/01322/torch_api,,,112.161,167.736,0,19.201,0,0
npu::npu_fused_infer_attention_score,,,41.838,55.575,0,19.201,0,0
empty_tensor,,,6.41,6.41,0,0,0,0
empty_tensor,,,1.427,1.427,0,0,0,0
empty_tensor,,,1.028,1.028,0,0,0,0
empty_tensor,,,1.587,1.587,0,0,0,0
aclnnFusedInferAttentionScoreV3,,,3.285,3.285,19.201,19.201,0,0
aten::view,,,1.78,1.78,0,0,0,0
aten::slice,,,0.797,1.824,0,0,0,0
aten::as_strided,,,1.027,1.027,0,0,0,0
aten::copy_,,,24.235,27.122,0,0.58,0,0
aclnnInplaceCopy,,,2.887,2.887,0.58,0.58,0,0
aten::slice,,,0.726,1.742,0,0,0,0
aten::as_strided,,,1.016,1.016,0,0,0,0
aten::copy_,,,11.311,15.548,0,0,0,0
aclnnInplaceCopy,,,4.237,4.237,0,0,0,0
P13/1104248/01323/acl_dispatch,,,399.862,664.894,0,0,0,0
P13/1104248/01324/graph_replay,,,265.032,265.032,0,0,0,0
vllm::unified_attention_with_output,,,104.048,1175.105,0,22.281,0,0
P13/1104248/01325/attention,,,296.353,1071.057,0,22.281,0,0
aten::slice,,,2.047,4.391,0,0,0,0
aten::as_strided,,,2.344,2.344,0,0,0,0
aten::slice,,,0.483,0.96,0,0,0,0
aten::as_strided,,,0.477,0.477,0,0,0,0
aten::slice,,,2.941,3.821,0,0,0,0
aten::as_strided,,,0.88,0.88,0,0,0,0
P13/1104248/01326/cache_write,,,171.51,274.354,0,1.96,0,0
P13/1104248/01327/torch_api,,,81.856,102.844,0,1.96,0,0
atb::_npu_reshape_and_cache,,,16.412,20.988,0,1.96,0,0
ReshapeCacheOperation,,,4.576,4.576,1.96,1.96,0,0
P13/1104248/01328/fia,,,249.125,475.305,0,20.320999999999998,0,0
aten::view,,,4.124,4.124,0,0,0,0
aten::view,,,1.134,1.134,0,0,0,0
aten::slice,,,1.058,1.979,0,0,0,0
aten::as_strided,,,0.921,0.921,0,0,0,0
P13/1104248/01329/torch_api,,,121.798,187.087,0,19.741,0,0
npu::npu_fused_infer_attention_score,,,43.085,65.289,0,19.741,0,0
empty_tensor,,,7.51,7.51,0,0,0,0
empty_tensor,,,1.424,1.424,0,0,0,0
empty_tensor,,,0.922,0.922,0,0,0,0
empty_tensor,,,0.701,0.701,0,0,0,0
aclnnFusedInferAttentionScoreV3,,,11.647,11.647,19.741,19.741,0,0
aten::view,,,1.783,1.783,0,0,0,0
aten::slice,,,0.858,1.977,0,0,0,0
aten::as_strided,,,1.119,1.119,0,0,0,0
aten::copy_,,,24.898,28.096,0,0.58,0,0
aclnnInplaceCopy,,,3.198,3.198,0.58,0.58,0,0
aten::slice,,,0.662,1.622,0,0,0,0
aten::as_strided,,,0.96,0.96,0,0,0,0
aten::copy_,,,11.377,14.251,0,0,0,0
aclnnInplaceCopy,,,2.874,2.874,0,0,0,0
P13/1104248/01330/acl_dispatch,,,398.601,663.602,0,0,0,0
P13/1104248/01331/graph_replay,,,265.001,265.001,0,0,0,0
vllm::unified_attention_with_output,,,105.181,1130.783,0,18.502,0,0
P13/1104248/01332/attention,,,293.945,1025.602,0,18.502,0,0
aten::slice,,,2.188,4.484,0,0,0,0
aten::as_strided,,,2.296,2.296,0,0,0,0
aten::slice,,,0.447,0.967,0,0,0,0
aten::as_strided,,,0.52,0.52,0,0,0,0
aten::slice,,,2.914,3.814,0,0,0,0
aten::as_strided,,,0.9,0.9,0,0,0,0
P13/1104248/01333/cache_write,,,146.148,250.98,0,1.86,0,0
P13/1104248/01334/torch_api,,,84.817,104.832,0,1.86,0,0
atb::_npu_reshape_and_cache,,,15.526,20.015,0,1.86,0,0
ReshapeCacheOperation,,,4.489,4.489,1.86,1.86,0,0
P13/1104248/01335/fia,,,247.616,455.636,0,16.642,0,0
aten::view,,,3.855,3.855,0,0,0,0
aten::view,,,1.034,1.034,0,0,0,0
aten::slice,,,0.858,1.827,0,0,0,0
aten::as_strided,,,0.969,0.969,0,0,0,0
P13/1104248/01336/torch_api,,,115.452,170.915,0,16.061,0,0
npu::npu_fused_infer_attention_score,,,41.976,55.463,0,16.061,0,0
empty_tensor,,,6.53,6.53,0,0,0,0
empty_tensor,,,1.245,1.245,0,0,0,0
empty_tensor,,,1.113,1.113,0,0,0,0
empty_tensor,,,0.927,0.927,0,0,0,0
aclnnFusedInferAttentionScoreV3,,,3.672,3.672,16.061,16.061,0,0
aten::view,,,1.652,1.652,0,0,0,0
aten::slice,,,0.926,1.945,0,0,0,0
aten::as_strided,,,1.019,1.019,0,0,0,0
aten::copy_,,,24.089,26.792,0,0.581,0,0
aclnnInplaceCopy,,,2.703,2.703,0.581,0.581,0,0
aten::slice,,,0.63,1.472,0,0,0,0
aten::as_strided,,,0.842,0.842,0,0,0,0
aten::copy_,,,11.576,14.304,0,0,0,0
aclnnInplaceCopy,,,2.728,2.728,0,0,0,0
P13/1104248/01337/acl_dispatch,,,406.615,670.489,0,0,0,0
P13/1104248/01338/graph_replay,,,263.874,263.874,0,0,0,0
vllm::unified_attention_with_output,,,105.464,1144.335,0,21.78,0,0
P13/1104248/01339/attention,,,293.267,1038.871,0,21.78,0,0
aten::slice,,,2.146,4.485,0,0,0,0
aten::as_strided,,,2.339,2.339,0,0,0,0
aten::slice,,,0.553,1.048,0,0,0,0
aten::as_strided,,,0.495,0.495,0,0,0,0
aten::slice,,,2.929,3.865,0,0,0,0
aten::as_strided,,,0.936,0.936,0,0,0,0
P13/1104248/01340/cache_write,,,158.905,258.962,0,2.22,0,0
P13/1104248/01341/torch_api,,,80.084,100.057,0,2.22,0,0
atb::_npu_reshape_and_cache,,,15.448,19.973,0,2.22,0,0
ReshapeCacheOperation,,,4.525,4.525,2.22,2.22,0,0
P13/1104248/01342/fia,,,245.698,462.176,0,19.56,0,0
aten::view,,,3.877,3.877,0,0,0,0
aten::view,,,1.567,1.567,0,0,0,0
aten::slice,,,0.965,1.943,0,0,0,0
aten::as_strided,,,0.978,0.978,0,0,0,0
P13/1104248/01343/torch_api,,,113.942,177.74,0,18.98,0,0
npu::npu_fused_infer_attention_score,,,43.002,63.798,0,18.98,0,0
empty_tensor,,,6.672,6.672,0,0,0,0
empty_tensor,,,1.257,1.257,0,0,0,0
empty_tensor,,,0.927,0.927,0,0,0,0
empty_tensor,,,0.96,0.96,0,0,0,0
aclnnFusedInferAttentionScoreV3,,,10.98,10.98,18.98,18.98,0,0
aten::view,,,1.577,1.577,0,0,0,0
aten::slice,,,0.919,2.113,0,0,0,0
aten::as_strided,,,1.194,1.194,0,0,0,0
aten::copy_,,,24.897,27.661,0,0.58,0,0
aclnnInplaceCopy,,,2.764,2.764,0.58,0.58,0,0
aten::slice,,,0.693,1.558,0,0,0,0
aten::as_strided,,,0.865,0.865,0,0,0,0
aten::copy_,,,11.035,13.51,0,0,0,0
aclnnInplaceCopy,,,2.475,2.475,0,0,0,0
P13/1104248/01344/acl_dispatch,,,406.771,673.014,0,0,0,0
P13/1104248/01345/graph_replay,,,266.243,266.243,0,0,0,0
vllm::unified_attention_with_output,,,102.28,1110.372,0,24.182,0,0
P13/1104248/01346/attention,,,284.889,1008.092,0,24.182,0,0
aten::slice,,,1.903,4.188,0,0,0,0
aten::as_strided,,,2.285,2.285,0,0,0,0
aten::slice,,,0.486,0.91,0,0,0,0
aten::as_strided,,,0.424,0.424,0,0,0,0
aten::slice,,,2.837,3.89,0,0,0,0
aten::as_strided,,,1.053,1.053,0,0,0,0
P13/1104248/01347/cache_write,,,148.198,255.023,0,1.701,0,0
P13/1104248/01348/torch_api,,,86.659,106.825,0,1.701,0,0
atb::_npu_reshape_and_cache,,,15.818,20.166,0,1.701,0,0
ReshapeCacheOperation,,,4.348,4.348,1.701,1.701,0,0
P13/1104248/01349/fia,,,243.291,442.506,0,22.480999999999998,0,0
aten::view,,,3.711,3.711,0,0,0,0
aten::view,,,0.977,0.977,0,0,0,0
aten::slice,,,0.776,1.722,0,0,0,0
aten::as_strided,,,0.946,0.946,0,0,0,0
P13/1104248/01350/torch_api,,,107.51,162.908,0,21.901,0,0
npu::npu_fused_infer_attention_score,,,41.405,55.398,0,21.901,0,0
empty_tensor,,,6.838,6.838,0,0,0,0
empty_tensor,,,1.392,1.392,0,0,0,0
empty_tensor,,,1.057,1.057,0,0,0,0
empty_tensor,,,1.164,1.164,0,0,0,0
aclnnFusedInferAttentionScoreV3,,,3.542,3.542,21.901,21.901,0,0
aten::view,,,1.681,1.681,0,0,0,0
aten::slice,,,0.949,1.971,0,0,0,0
aten::as_strided,,,1.022,1.022,0,0,0,0
aten::copy_,,,23.29,26.245,0,0.58,0,0
aclnnInplaceCopy,,,2.955,2.955,0.58,0.58,0,0
aten::slice,,,0.68,1.548,0,0,0,0
aten::as_strided,,,0.868,0.868,0,0,0,0
aten::copy_,,,11.12,15.138,0,0,0,0
aclnnInplaceCopy,,,4.018,4.018,0,0,0,0
P13/1104248/01351/acl_dispatch,,,393.31,655.693,0,0,0,0
P13/1104248/01352/graph_replay,,,262.383,262.383,0,0,0,0
vllm::unified_attention_with_output,,,134.053,1189.051,0,26.939999999999998,0,0
P13/1104248/01353/attention,,,300.756,1054.998,0,26.939999999999998,0,0
aten::slice,,,2.145,4.507,0,0,0,0
aten::as_strided,,,2.362,2.362,0,0,0,0
aten::slice,,,0.486,0.793,0,0,0,0
aten::as_strided,,,0.307,0.307,0,0,0,0
aten::slice,,,4.134,5.046,0,0,0,0
aten::as_strided,,,0.912,0.912,0,0,0,0
P13/1104248/01354/cache_write,,,152.969,268.803,0,1.64,0,0
P13/1104248/01355/torch_api,,,83.559,115.834,0,1.64,0,0
atb::_npu_reshape_and_cache,,,20.707,32.275,0,1.64,0,0
ReshapeCacheOperation,,,11.568,11.568,1.64,1.64,0,0
P13/1104248/01356/fia,,,251.959,459.69,0,25.299999999999997,0,0
aten::view,,,4.149,4.149,0,0,0,0
aten::view,,,1.092,1.092,0,0,0,0
aten::slice,,,0.924,1.901,0,0,0,0
aten::as_strided,,,0.977,0.977,0,0,0,0
P13/1104248/01357/torch_api,,,113.253,169.913,0,24.72,0,0
npu::npu_fused_infer_attention_score,,,43.245,56.66,0,24.72,0,0
empty_tensor,,,6.695,6.695,0,0,0,0
empty_tensor,,,1.172,1.172,0,0,0,0
empty_tensor,,,1.063,1.063,0,0,0,0
empty_tensor,,,1.11,1.11,0,0,0,0
aclnnFusedInferAttentionScoreV3,,,3.375,3.375,24.72,24.72,0,0
aten::view,,,1.706,1.706,0,0,0,0
aten::slice,,,0.833,1.943,0,0,0,0
aten::as_strided,,,1.11,1.11,0,0,0,0
aten::copy_,,,24.022,27.027,0,0.58,0,0
aclnnInplaceCopy,,,3.005,3.005,0.58,0.58,0,0
aten::slice,,,0.73,1.627,0,0,0,0
aten::as_strided,,,0.897,0.897,0,0,0,0
aten::copy_,,,11.196,13.776,0,0,0,0
aclnnInplaceCopy,,,2.58,2.58,0,0,0,0
P13/1104248/01358/acl_dispatch,,,407.496,673.114,0,0,0,0
P13/1104248/01359/graph_replay,,,265.618,265.618,0,0,0,0
vllm::unified_attention_with_output,,,104.252,1118.958,0,19.96,0,0
P13/1104248/01360/attention,,,293.264,1014.706,0,19.96,0,0
aten::slice,,,1.921,4.188,0,0,0,0
aten::as_strided,,,2.267,2.267,0,0,0,0
aten::slice,,,3.016,3.398,0,0,0,0
aten::as_strided,,,0.382,0.382,0,0,0,0
aten::slice,,,3.077,4.025,0,0,0,0
aten::as_strided,,,0.948,0.948,0,0,0,0
P13/1104248/01361/cache_write,,,145.98,245.407,0,2.1,0,0
P13/1104248/01362/torch_api,,,80.135,99.427,0,2.1,0,0
atb::_npu_reshape_and_cache,,,15.045,19.292,0,2.1,0,0
ReshapeCacheOperation,,,4.247,4.247,2.1,2.1,0,0
P13/1104248/01363/fia,,,244.017,448.627,0,17.86,0,0
aten::view,,,3.666,3.666,0,0,0,0
aten::view,,,0.913,0.913,0,0,0,0
aten::slice,,,1.0,1.932,0,0,0,0
aten::as_strided,,,0.932,0.932,0,0,0,0
P13/1104248/01364/torch_api,,,109.001,167.27,0,17.28,0,0
npu::npu_fused_infer_attention_score,,,44.46,58.269,0,17.28,0,0
empty_tensor,,,6.663,6.663,0,0,0,0
empty_tensor,,,1.603,1.603,0,0,0,0
empty_tensor,,,1.006,1.006,0,0,0,0
empty_tensor,,,1.107,1.107,0,0,0,0
aclnnFusedInferAttentionScoreV3,,,3.43,3.43,17.28,17.28,0,0
aten::view,,,1.72,1.72,0,0,0,0
aten::slice,,,0.94,2.023,0,0,0,0
aten::as_strided,,,1.083,1.083,0,0,0,0
aten::copy_,,,24.098,27.086,0,0.58,0,0
aclnnInplaceCopy,,,2.988,2.988,0.58,0.58,0,0
aten::slice,,,0.692,1.559,0,0,0,0
aten::as_strided,,,0.867,0.867,0,0,0,0
aten::copy_,,,11.446,14.238,0,0,0,0
aclnnInplaceCopy,,,2.792,2.792,0,0,0,0
P13/1104248/01365/acl_dispatch,,,402.533,664.275,0,0,0,0
P13/1104248/01366/graph_replay,,,261.742,261.742,0,0,0,0
vllm::unified_attention_with_output,,,105.743,1140.47,0,21.639999999999997,0,0
P13/1104248/01367/attention,,,296.668,1034.727,0,21.639999999999997,0,0
aten::slice,,,1.814,4.002,0,0,0,0
aten::as_strided,,,2.188,2.188,0,0,0,0
aten::slice,,,0.611,1.315,0,0,0,0
aten::as_strided,,,0.704,0.704,0,0,0,0
aten::slice,,,3.05,4.053,0,0,0,0
aten::as_strided,,,1.003,1.003,0,0,0,0
P13/1104248/01368/cache_write,,,141.817,253.227,0,1.82,0,0
P13/1104248/01369/torch_api,,,83.442,111.41,0,1.82,0,0
atb::_npu_reshape_and_cache,,,15.268,27.968,0,1.82,0,0
ReshapeCacheOperation,,,12.7,12.7,1.82,1.82,0,0
P13/1104248/01370/fia,,,252.778,460.251,0,19.819999999999997,0,0
aten::view,,,3.713,3.713,0,0,0,0
aten::view,,,1.457,1.457,0,0,0,0
aten::slice,,,0.892,1.789,0,0,0,0
aten::as_strided,,,0.897,0.897,0,0,0,0
P13/1104248/01371/torch_api,,,112.567,168.869,0,19.24,0,0
npu::npu_fused_infer_attention_score,,,42.613,56.302,0,19.24,0,0
empty_tensor,,,6.502,6.502,0,0,0,0
empty_tensor,,,1.449,1.449,0,0,0,0
empty_tensor,,,1.064,1.064,0,0,0,0
empty_tensor,,,1.057,1.057,0,0,0,0
aclnnFusedInferAttentionScoreV3,,,3.617,3.617,19.24,19.24,0,0
aten::view,,,1.583,1.583,0,0,0,0
aten::slice,,,0.861,2.845,0,0,0,0
aten::as_strided,,,1.984,1.984,0,0,0,0
aten::copy_,,,24.187,27.217,0,0.58,0,0
aclnnInplaceCopy,,,3.03,3.03,0.58,0.58,0,0
aten::slice,,,0.726,1.694,0,0,0,0
aten::as_strided,,,0.968,0.968,0,0,0,0
aten::copy_,,,10.959,13.517,0,0,0,0
aclnnInplaceCopy,,,2.558,2.558,0,0,0,0
P13/1104248/01372/acl_dispatch,,,403.11,665.041,0,0,0,0
P13/1104248/01373/graph_replay,,,261.931,261.931,0,0,0,0
vllm::unified_attention_with_output,,,109.138,1135.772,0,22.761,0,0
P13/1104248/01374/attention,,,295.521,1026.634,0,22.761,0,0
aten::slice,,,1.889,3.88,0,0,0,0
aten::as_strided,,,1.991,1.991,0,0,0,0
aten::slice,,,0.428,0.745,0,0,0,0
aten::as_strided,,,0.317,0.317,0,0,0,0
aten::slice,,,2.859,3.859,0,0,0,0
aten::as_strided,,,1.0,1.0,0,0,0,0
P13/1104248/01375/cache_write,,,149.728,250.94,0,1.58,0,0
P13/1104248/01376/torch_api,,,82.058,101.212,0,1.58,0,0
atb::_npu_reshape_and_cache,,,14.647,19.154,0,1.58,0,0
ReshapeCacheOperation,,,4.507,4.507,1.58,1.58,0,0
P13/1104248/01377/fia,,,243.98,448.81,0,21.180999999999997,0,0
aten::view,,,3.588,3.588,0,0,0,0
aten::view,,,1.113,1.113,0,0,0,0
aten::slice,,,0.882,1.862,0,0,0,0
aten::as_strided,,,0.98,0.98,0,0,0,0
P13/1104248/01378/torch_api,,,112.484,168.487,0,20.601,0,0
npu::npu_fused_infer_attention_score,,,41.613,56.003,0,20.601,0,0
empty_tensor,,,6.432,6.432,0,0,0,0
empty_tensor,,,1.225,1.225,0,0,0,0
empty_tensor,,,1.178,1.178,0,0,0,0
empty_tensor,,,1.678,1.678,0,0,0,0
aclnnFusedInferAttentionScoreV3,,,3.877,3.877,20.601,20.601,0,0
aten::view,,,1.523,1.523,0,0,0,0
aten::slice,,,0.844,1.899,0,0,0,0
aten::as_strided,,,1.055,1.055,0,0,0,0
aten::copy_,,,23.453,26.358,0,0.58,0,0
aclnnInplaceCopy,,,2.905,2.905,0.58,0.58,0,0
aten::slice,,,0.638,1.515,0,0,0,0
aten::as_strided,,,0.877,0.877,0,0,0,0
aten::copy_,,,10.814,21.364,0,0,0,0
aclnnInplaceCopy,,,10.55,10.55,0,0,0,0
P13/1104248/01379/acl_dispatch,,,402.223,669.733,0,0,0,0
P13/1104248/01380/graph_replay,,,267.51,267.51,0,0,0,0
vllm::unified_attention_with_output,,,105.62,1119.004,0,24.8,0,0
P13/1104248/01381/attention,,,295.137,1013.384,0,24.8,0,0
aten::slice,,,2.013,4.253,0,0,0,0
aten::as_strided,,,2.24,2.24,0,0,0,0
aten::slice,,,0.468,0.766,0,0,0,0
aten::as_strided,,,0.298,0.298,0,0,0,0
aten::slice,,,2.844,3.734,0,0,0,0
aten::as_strided,,,0.89,0.89,0,0,0,0
P13/1104248/01382/cache_write,,,143.093,246.19,0,2.08,0,0
P13/1104248/01383/torch_api,,,82.684,103.097,0,2.08,0,0
atb::_npu_reshape_and_cache,,,15.898,20.413,0,2.08,0,0
ReshapeCacheOperation,,,4.515,4.515,2.08,2.08,0,0
P13/1104248/01384/fia,,,242.18,448.109,0,22.72,0,0
aten::view,,,3.762,3.762,0,0,0,0
aten::view,,,1.101,1.101,0,0,0,0
aten::slice,,,0.823,1.725,0,0,0,0
aten::as_strided,,,0.902,0.902,0,0,0,0
P13/1104248/01385/torch_api,,,112.703,169.44,0,22.14,0,0
npu::npu_fused_infer_attention_score,,,42.664,56.737,0,22.14,0,0
empty_tensor,,,7.286,7.286,0,0,0,0
empty_tensor,,,1.127,1.127,0,0,0,0
empty_tensor,,,1.143,1.143,0,0,0,0
empty_tensor,,,0.94,0.94,0,0,0,0
aclnnFusedInferAttentionScoreV3,,,3.577,3.577,22.14,22.14,0,0
aten::view,,,1.706,1.706,0,0,0,0
aten::slice,,,0.903,1.943,0,0,0,0
aten::as_strided,,,1.04,1.04,0,0,0,0
aten::copy_,,,23.652,26.252,0,0.58,0,0
aclnnInplaceCopy,,,2.6,2.6,0.58,0.58,0,0
aten::slice,,,0.609,1.462,0,0,0,0
aten::as_strided,,,0.853,0.853,0,0,0,0
aten::copy_,,,10.915,13.733,0,0,0,0
aclnnInplaceCopy,,,2.818,2.818,0,0,0,0
P13/1104248/01386/acl_dispatch,,,404.878,670.19,0,0,0,0
P13/1104248/01387/graph_replay,,,265.312,265.312,0,0,0,0
vllm::unified_attention_with_output,,,107.622,1135.803,0,22.661,0,0
P13/1104248/01388/attention,,,295.261,1028.181,0,22.661,0,0
aten::slice,,,1.868,3.942,0,0,0,0
aten::as_strided,,,2.074,2.074,0,0,0,0
aten::slice,,,0.347,0.637,0,0,0,0
aten::as_strided,,,0.29,0.29,0,0,0,0
aten::slice,,,2.884,3.821,0,0,0,0
aten::as_strided,,,0.937,0.937,0,0,0,0
P13/1104248/01389/cache_write,,,143.895,243.413,0,1.68,0,0
P13/1104248/01390/torch_api,,,80.229,99.518,0,1.68,0,0
atb::_npu_reshape_and_cache,,,14.725,19.289,0,1.68,0,0
ReshapeCacheOperation,,,4.564,4.564,1.68,1.68,0,0
P13/1104248/01391/fia,,,248.945,458.092,0,20.980999999999998,0,0
aten::view,,,3.793,3.793,0,0,0,0
aten::view,,,1.001,1.001,0,0,0,0
aten::slice,,,0.689,1.661,0,0,0,0
aten::as_strided,,,0.972,0.972,0,0,0,0
P13/1104248/01392/torch_api,,,116.064,172.141,0,20.401,0,0
npu::npu_fused_infer_attention_score,,,42.157,56.077,0,20.401,0,0
empty_tensor,,,6.452,6.452,0,0,0,0
empty_tensor,,,1.212,1.212,0,0,0,0
empty_tensor,,,1.048,1.048,0,0,0,0
empty_tensor,,,1.019,1.019,0,0,0,0
aclnnFusedInferAttentionScoreV3,,,4.189,4.189,20.401,20.401,0,0
aten::view,,,1.673,1.673,0,0,0,0
aten::slice,,,0.915,1.985,0,0,0,0
aten::as_strided,,,1.07,1.07,0,0,0,0
aten::copy_,,,24.03,26.893,0,0.58,0,0
aclnnInplaceCopy,,,2.863,2.863,0.58,0.58,0,0
aten::slice,,,0.636,1.46,0,0,0,0
aten::as_strided,,,0.824,0.824,0,0,0,0
aten::copy_,,,10.962,21.555,0,0,0,0
aclnnInplaceCopy,,,10.593,10.593,0,0,0,0
P13/1104248/01393/acl_dispatch,,,420.927,684.84,0,0,0,0
P13/1104248/01394/graph_replay,,,263.913,263.913,0,0,0,0
vllm::unified_attention_with_output,,,110.42,1142.201,0,21.741,0,0
P13/1104248/01395/attention,,,301.176,1031.781,0,21.741,0,0
aten::slice,,,2.144,4.437,0,0,0,0
aten::as_strided,,,2.293,2.293,0,0,0,0
aten::slice,,,0.516,0.957,0,0,0,0
aten::as_strided,,,0.441,0.441,0,0,0,0
aten::slice,,,3.03,3.935,0,0,0,0
aten::as_strided,,,0.905,0.905,0,0,0,0
P13/1104248/01396/cache_write,,,145.75,244.534,0,1.681,0,0
P13/1104248/01397/torch_api,,,79.806,98.784,0,1.681,0,0
atb::_npu_reshape_and_cache,,,14.574,18.978,0,1.681,0,0
ReshapeCacheOperation,,,4.404,4.404,1.681,1.681,0,0
P13/1104248/01398/fia,,,257.708,461.28,0,20.06,0,0
aten::view,,,3.914,3.914,0,0,0,0
aten::view,,,1.819,1.819,0,0,0,0
aten::slice,,,0.753,1.713,0,0,0,0
aten::as_strided,,,0.96,0.96,0,0,0,0
P13/1104248/01399/torch_api,,,110.15,165.314,0,19.48,0,0
npu::npu_fused_infer_attention_score,,,41.846,55.164,0,19.48,0,0
empty_tensor,,,6.7,6.7,0,0,0,0
empty_tensor,,,1.26,1.26,0,0,0,0
empty_tensor,,,0.773,0.773,0,0,0,0
empty_tensor,,,1.062,1.062,0,0,0,0
aclnnFusedInferAttentionScoreV3,,,3.523,3.523,19.48,19.48,0,0
aten::view,,,1.7,1.7,0,0,0,0
aten::slice,,,0.9,1.947,0,0,0,0
aten::as_strided,,,1.047,1.047,0,0,0,0
aten::copy_,,,24.234,27.165,0,0.58,0,0
aclnnInplaceCopy,,,2.931,2.931,0.58,0.58,0,0
aten::slice,,,0.777,1.637,0,0,0,0
aten::as_strided,,,0.86,0.86,0,0,0,0
aten::copy_,,,11.167,13.825,0,0,0,0
aclnnInplaceCopy,,,2.658,2.658,0,0,0,0
P13/1104248/01400/acl_dispatch,,,420.991,677.837,0,0,0,0
P13/1104248/01401/graph_replay,,,256.846,256.846,0,0,0,0
vllm::unified_attention_with_output,,,108.018,1134.653,0,22.482000000000003,0,0
P13/1104248/01402/attention,,,297.237,1026.635,0,22.482000000000003,0,0
aten::slice,,,1.971,4.128,0,0,0,0
aten::as_strided,,,2.157,2.157,0,0,0,0
aten::slice,,,0.384,0.906,0,0,0,0
aten::as_strided,,,0.522,0.522,0,0,0,0
aten::slice,,,3.106,3.983,0,0,0,0
aten::as_strided,,,0.877,0.877,0,0,0,0
P13/1104248/01403/cache_write,,,145.132,246.715,0,1.581,0,0
P13/1104248/01404/torch_api,,,81.747,101.583,0,1.581,0,0
atb::_npu_reshape_and_cache,,,14.945,19.836,0,1.581,0,0
ReshapeCacheOperation,,,4.891,4.891,1.581,1.581,0,0
P13/1104248/01405/fia,,,247.99,455.543,0,20.901,0,0
aten::view,,,3.794,3.794,0,0,0,0
aten::view,,,0.952,0.952,0,0,0,0
aten::slice,,,0.937,1.793,0,0,0,0
aten::as_strided,,,0.856,0.856,0,0,0,0
P13/1104248/01406/torch_api,,,112.418,167.688,0,20.321,0,0
npu::npu_fused_infer_attention_score,,,41.854,55.27,0,20.321,0,0
empty_tensor,,,6.63,6.63,0,0,0,0
empty_tensor,,,1.212,1.212,0,0,0,0
empty_tensor,,,0.965,0.965,0,0,0,0
empty_tensor,,,0.97,0.97,0,0,0,0
aclnnFusedInferAttentionScoreV3,,,3.639,3.639,20.321,20.321,0,0
aten::view,,,1.617,1.617,0,0,0,0
aten::slice,,,0.804,1.846,0,0,0,0
aten::as_strided,,,1.042,1.042,0,0,0,0
aten::copy_,,,23.563,29.863,0,0.58,0,0
aclnnInplaceCopy,,,6.3,6.3,0.58,0.58,0,0
aten::slice,,,0.755,1.647,0,0,0,0
aten::as_strided,,,0.892,0.892,0,0,0,0
aten::copy_,,,11.493,16.476,0,0,0,0
aclnnInplaceCopy,,,4.983,4.983,0,0,0,0
P13/1104248/01407/acl_dispatch,,,402.941,670.661,0,0,0,0
P13/1104248/01408/graph_replay,,,267.72,267.72,0,0,0,0
vllm::unified_attention_with_output,,,106.827,1136.053,0,21.241,0,0
P13/1104248/01409/attention,,,297.822,1029.226,0,21.241,0,0
aten::slice,,,2.021,4.33,0,0,0,0
aten::as_strided,,,2.309,2.309,0,0,0,0
aten::slice,,,0.628,1.385,0,0,0,0
aten::as_strided,,,0.757,0.757,0,0,0,0
aten::slice,,,3.905,4.804,0,0,0,0
aten::as_strided,,,0.899,0.899,0,0,0,0
P13/1104248/01410/cache_write,,,147.045,249.0,0,1.92,0,0
P13/1104248/01411/torch_api,,,80.876,101.955,0,1.92,0,0
atb::_npu_reshape_and_cache,,,16.544,21.079,0,1.92,0,0
ReshapeCacheOperation,,,4.535,4.535,1.92,1.92,0,0
P13/1104248/01412/fia,,,247.503,456.566,0,19.320999999999998,0,0
aten::view,,,3.745,3.745,0,0,0,0
aten::view,,,1.078,1.078,0,0,0,0
aten::slice,,,0.762,1.645,0,0,0,0
aten::as_strided,,,0.883,0.883,0,0,0,0
P13/1104248/01413/torch_api,,,117.402,172.56,0,18.741,0,0
npu::npu_fused_infer_attention_score,,,41.647,55.158,0,18.741,0,0
empty_tensor,,,6.561,6.561,0,0,0,0
empty_tensor,,,1.315,1.315,0,0,0,0
empty_tensor,,,1.107,1.107,0,0,0,0
empty_tensor,,,0.743,0.743,0,0,0,0
aclnnFusedInferAttentionScoreV3,,,3.785,3.785,18.741,18.741,0,0
aten::view,,,1.635,1.635,0,0,0,0
aten::slice,,,0.798,1.91,0,0,0,0
aten::as_strided,,,1.112,1.112,0,0,0,0
aten::copy_,,,23.518,26.49,0,0.58,0,0
aclnnInplaceCopy,,,2.972,2.972,0.58,0.58,0,0
aten::slice,,,0.726,1.572,0,0,0,0
aten::as_strided,,,0.846,0.846,0,0,0,0
aten::copy_,,,11.123,13.747,0,0,0,0
aclnnInplaceCopy,,,2.624,2.624,0,0,0,0
P13/1104248/01414/acl_dispatch,,,402.383,669.97,0,0,0,0
P13/1104248/01415/graph_replay,,,267.587,267.587,0,0,0,0
vllm::unified_attention_with_output,,,104.781,1142.725,0,21.961,0,0
P13/1104248/01416/attention,,,298.106,1037.944,0,21.961,0,0
aten::slice,,,1.969,4.103,0,0,0,0
aten::as_strided,,,2.134,2.134,0,0,0,0
aten::slice,,,2.566,3.07,0,0,0,0
aten::as_strided,,,0.504,0.504,0,0,0,0
aten::slice,,,2.929,3.934,0,0,0,0
aten::as_strided,,,1.005,1.005,0,0,0,0
P13/1104248/01417/cache_write,,,150.362,256.615,0,1.94,0,0
P13/1104248/01418/torch_api,,,86.537,106.253,0,1.94,0,0
atb::_npu_reshape_and_cache,,,15.132,19.716,0,1.94,0,0
ReshapeCacheOperation,,,4.584,4.584,1.94,1.94,0,0
P13/1104248/01419/fia,,,247.58,455.98,0,20.020999999999997,0,0
aten::view,,,3.64,3.64,0,0,0,0
aten::view,,,0.997,0.997,0,0,0,0
aten::slice,,,0.813,1.727,0,0,0,0
aten::as_strided,,,0.914,0.914,0,0,0,0
P13/1104248/01420/torch_api,,,109.272,163.638,0,19.441,0,0
npu::npu_fused_infer_attention_score,,,41.662,54.366,0,19.441,0,0
empty_tensor,,,6.523,6.523,0,0,0,0
empty_tensor,,,1.217,1.217,0,0,0,0
empty_tensor,,,0.775,0.775,0,0,0,0
empty_tensor,,,0.792,0.792,0,0,0,0
aclnnFusedInferAttentionScoreV3,,,3.397,3.397,19.441,19.441,0,0
aten::view,,,1.586,1.586,0,0,0,0
aten::slice,,,0.807,1.767,0,0,0,0
aten::as_strided,,,0.96,0.96,0,0,0,0
aten::copy_,,,23.418,35.045,0,0.58,0,0
aclnnInplaceCopy,,,11.627,11.627,0.58,0.58,0,0
aten::slice,,,0.677,1.625,0,0,0,0
aten::as_strided,,,0.948,0.948,0,0,0,0
aten::copy_,,,11.81,14.511,0,0,0,0
aclnnInplaceCopy,,,2.701,2.701,0,0,0,0
P13/1104248/01421/acl_dispatch,,,401.981,668.301,0,0,0,0
P13/1104248/01422/graph_replay,,,266.32,266.32,0,0,0,0
vllm::unified_attention_with_output,,,106.492,1126.158,0,18.84,0,0
P13/1104248/01423/attention,,,295.462,1019.666,0,18.84,0,0
aten::slice,,,1.963,4.06,0,0,0,0
aten::as_strided,,,2.097,2.097,0,0,0,0
aten::slice,,,0.505,0.951,0,0,0,0
aten::as_strided,,,0.446,0.446,0,0,0,0
aten::slice,,,2.893,3.726,0,0,0,0
aten::as_strided,,,0.833,0.833,0,0,0,0
P13/1104248/01424/cache_write,,,147.128,254.817,0,1.78,0,0
P13/1104248/01425/torch_api,,,88.194,107.689,0,1.78,0,0
atb::_npu_reshape_and_cache,,,14.845,19.495,0,1.78,0,0
ReshapeCacheOperation,,,4.65,4.65,1.78,1.78,0,0
P13/1104248/01426/fia,,,239.139,445.189,0,17.06,0,0
aten::view,,,3.674,3.674,0,0,0,0
aten::view,,,1.444,1.444,0,0,0,0
aten::slice,,,0.856,1.742,0,0,0,0
aten::as_strided,,,0.886,0.886,0,0,0,0
P13/1104248/01427/torch_api,,,111.718,167.972,0,16.48,0,0
npu::npu_fused_infer_attention_score,,,43.056,56.254,0,16.48,0,0
empty_tensor,,,6.511,6.511,0,0,0,0
empty_tensor,,,1.326,1.326,0,0,0,0
empty_tensor,,,1.016,1.016,0,0,0,0
empty_tensor,,,0.732,0.732,0,0,0,0
aclnnFusedInferAttentionScoreV3,,,3.613,3.613,16.48,16.48,0,0
aten::view,,,1.665,1.665,0,0,0,0
aten::slice,,,0.879,2.591,0,0,0,0
aten::as_strided,,,1.712,1.712,0,0,0,0
aten::copy_,,,24.194,26.962,0,0.58,0,0
aclnnInplaceCopy,,,2.768,2.768,0.58,0.58,0,0
aten::slice,,,0.67,1.648,0,0,0,0
aten::as_strided,,,0.978,0.978,0,0,0,0
aten::copy_,,,11.162,13.813,0,0,0,0
aclnnInplaceCopy,,,2.651,2.651,0,0,0,0
P13/1104248/01428/acl_dispatch,,,394.408,657.596,0,0,0,0
P13/1104248/01429/graph_replay,,,263.188,263.188,0,0,0,0
vllm::unified_attention_with_output,,,136.183,1167.65,0,25.421,0,0
P13/1104248/01430/attention,,,296.647,1031.467,0,25.421,0,0
aten::slice,,,1.767,4.047,0,0,0,0
aten::as_strided,,,2.28,2.28,0,0,0,0
aten::slice,,,0.481,0.948,0,0,0,0
aten::as_strided,,,0.467,0.467,0,0,0,0
aten::slice,,,2.7,3.644,0,0,0,0
aten::as_strided,,,0.944,0.944,0,0,0,0
P13/1104248/01431/cache_write,,,149.294,248.977,0,2.3,0,0
P13/1104248/01432/torch_api,,,80.321,99.683,0,2.3,0,0
atb::_npu_reshape_and_cache,,,14.949,19.362,0,2.3,0,0
ReshapeCacheOperation,,,4.413,4.413,2.3,2.3,0,0
P13/1104248/01433/fia,,,243.528,460.166,0,23.121,0,0
aten::view,,,3.693,3.693,0,0,0,0
aten::view,,,1.147,1.147,0,0,0,0
aten::slice,,,0.678,1.555,0,0,0,0
aten::as_strided,,,0.877,0.877,0,0,0,0
P13/1104248/01434/torch_api,,,118.647,179.688,0,22.541,0,0
npu::npu_fused_infer_attention_score,,,41.6,61.041,0,22.541,0,0
empty_tensor,,,6.662,6.662,0,0,0,0
empty_tensor,,,1.142,1.142,0,0,0,0
empty_tensor,,,1.142,1.142,0,0,0,0
empty_tensor,,,1.797,1.797,0,0,0,0
aclnnFusedInferAttentionScoreV3,,,8.698,8.698,22.541,22.541,0,0
aten::view,,,1.598,1.598,0,0,0,0
aten::slice,,,0.804,1.882,0,0,0,0
aten::as_strided,,,1.078,1.078,0,0,0,0
aten::copy_,,,23.975,27.075,0,0.58,0,0
aclnnInplaceCopy,,,3.1,3.1,0.58,0.58,0,0
aten::slice,,,0.672,1.592,0,0,0,0
aten::as_strided,,,0.92,0.92,0,0,0,0
aten::copy_,,,10.923,15.446,0,0,0,0
aclnnInplaceCopy,,,4.523,4.523,0,0,0,0
P13/1104248/01435/acl_dispatch,,,407.77,670.72,0,0,0,0
P13/1104248/01436/graph_replay,,,262.95,262.95,0,0,0,0
vllm::unified_attention_with_output,,,107.598,1131.711,0,23.721,0,0
P13/1104248/01437/attention,,,298.006,1024.113,0,23.721,0,0
aten::slice,,,2.094,4.427,0,0,0,0
aten::as_strided,,,2.333,2.333,0,0,0,0
aten::slice,,,0.341,0.635,0,0,0,0
aten::as_strided,,,0.294,0.294,0,0,0,0
aten::slice,,,2.836,3.865,0,0,0,0
aten::as_strided,,,1.029,1.029,0,0,0,0
P13/1104248/01438/cache_write,,,145.108,246.628,0,1.7,0,0
P13/1104248/01439/torch_api,,,80.356,101.52,0,1.7,0,0
atb::_npu_reshape_and_cache,,,14.72,21.164,0,1.7,0,0
ReshapeCacheOperation,,,6.444,6.444,1.7,1.7,0,0
P13/1104248/01440/fia,,,243.517,455.858,0,22.020999999999997,0,0
aten::view,,,3.712,3.712,0,0,0,0
aten::view,,,1.032,1.032,0,0,0,0
aten::slice,,,0.742,1.55,0,0,0,0
aten::as_strided,,,0.808,0.808,0,0,0,0
P13/1104248/01441/torch_api,,,119.086,175.354,0,21.441,0,0
npu::npu_fused_infer_attention_score,,,42.475,56.268,0,21.441,0,0
empty_tensor,,,7.401,7.401,0,0,0,0
empty_tensor,,,1.144,1.144,0,0,0,0
empty_tensor,,,0.884,0.884,0,0,0,0
empty_tensor,,,0.892,0.892,0,0,0,0
aclnnFusedInferAttentionScoreV3,,,3.472,3.472,21.441,21.441,0,0
aten::view,,,1.716,1.716,0,0,0,0
aten::slice,,,0.898,1.939,0,0,0,0
aten::as_strided,,,1.041,1.041,0,0,0,0
aten::copy_,,,24.03,27.038,0,0.58,0,0
aclnnInplaceCopy,,,3.008,3.008,0.58,0.58,0,0
aten::slice,,,0.666,1.555,0,0,0,0
aten::as_strided,,,0.889,0.889,0,0,0,0
aten::copy_,,,10.572,13.139,0,0,0,0
aclnnInplaceCopy,,,2.567,2.567,0,0,0,0
P13/1104248/01442/acl_dispatch,,,402.106,663.082,0,0,0,0
P13/1104248/01443/graph_replay,,,260.976,260.976,0,0,0,0
vllm::unified_attention_with_output,,,106.797,1153.385,0,27.562,0,0
P13/1104248/01444/attention,,,293.51,1046.588,0,27.562,0,0
aten::slice,,,1.93,4.155,0,0,0,0
aten::as_strided,,,2.225,2.225,0,0,0,0
aten::slice,,,0.326,0.634,0,0,0,0
aten::as_strided,,,0.308,0.308,0,0,0,0
aten::slice,,,2.911,4.66,0,0,0,0
aten::as_strided,,,1.749,1.749,0,0,0,0
P13/1104248/01445/cache_write,,,146.472,251.976,0,2.24,0,0
P13/1104248/01446/torch_api,,,82.631,105.504,0,2.24,0,0
atb::_npu_reshape_and_cache,,,18.283,22.873,0,2.24,0,0
ReshapeCacheOperation,,,4.59,4.59,2.24,2.24,0,0
P13/1104248/01447/fia,,,262.856,476.133,0,25.322,0,0
aten::view,,,3.779,3.779,0,0,0,0
aten::view,,,1.402,1.402,0,0,0,0
aten::slice,,,0.897,1.808,0,0,0,0
aten::as_strided,,,0.911,0.911,0,0,0,0
P13/1104248/01448/torch_api,,,112.129,174.269,0,24.742,0,0
npu::npu_fused_infer_attention_score,,,41.885,62.14,0,24.742,0,0
empty_tensor,,,6.441,6.441,0,0,0,0
empty_tensor,,,1.256,1.256,0,0,0,0
empty_tensor,,,0.973,0.973,0,0,0,0
empty_tensor,,,0.731,0.731,0,0,0,0
aclnnFusedInferAttentionScoreV3,,,10.854,10.854,24.742,24.742,0,0
aten::view,,,1.834,1.834,0,0,0,0
aten::slice,,,0.864,1.871,0,0,0,0
aten::as_strided,,,1.007,1.007,0,0,0,0
aten::copy_,,,24.794,28.314,0,0.58,0,0
aclnnInplaceCopy,,,3.52,3.52,0.58,0.58,0,0
aten::slice,,,0.716,1.645,0,0,0,0
aten::as_strided,,,0.929,0.929,0,0,0,0
aten::copy_,,,11.295,13.875,0,0,0,0
aclnnInplaceCopy,,,2.58,2.58,0,0,0,0
P13/1104248/01449/acl_dispatch,,,411.676,677.663,0,0,0,0
P13/1104248/01450/graph_replay,,,265.987,265.987,0,0,0,0
vllm::unified_attention_with_output,,,106.365,1119.94,0,20.480999999999998,0,0
P13/1104248/01451/attention,,,294.816,1013.575,0,20.480999999999998,0,0
aten::slice,,,1.876,3.987,0,0,0,0
aten::as_strided,,,2.111,2.111,0,0,0,0
aten::slice,,,0.504,0.832,0,0,0,0
aten::as_strided,,,0.328,0.328,0,0,0,0
aten::slice,,,2.834,3.685,0,0,0,0
aten::as_strided,,,0.851,0.851,0,0,0,0
P13/1104248/01452/cache_write,,,148.008,248.693,0,2.14,0,0
P13/1104248/01453/torch_api,,,81.762,100.685,0,2.14,0,0
atb::_npu_reshape_and_cache,,,14.698,18.923,0,2.14,0,0
ReshapeCacheOperation,,,4.225,4.225,2.14,2.14,0,0
P13/1104248/01454/fia,,,245.153,446.909,0,18.340999999999998,0,0
aten::view,,,3.715,3.715,0,0,0,0
aten::view,,,2.176,2.176,0,0,0,0
aten::slice,,,0.82,1.746,0,0,0,0
aten::as_strided,,,0.926,0.926,0,0,0,0
P13/1104248/01455/torch_api,,,110.293,164.903,0,17.761,0,0
npu::npu_fused_infer_attention_score,,,41.767,54.61,0,17.761,0,0
empty_tensor,,,6.508,6.508,0,0,0,0
empty_tensor,,,1.188,1.188,0,0,0,0
empty_tensor,,,0.938,0.938,0,0,0,0
empty_tensor,,,0.734,0.734,0,0,0,0
aclnnFusedInferAttentionScoreV3,,,3.475,3.475,17.761,17.761,0,0
aten::view,,,1.525,1.525,0,0,0,0
aten::slice,,,0.896,1.979,0,0,0,0
aten::as_strided,,,1.083,1.083,0,0,0,0
aten::copy_,,,23.14,25.712,0,0.58,0,0
aclnnInplaceCopy,,,2.572,2.572,0.58,0.58,0,0
aten::slice,,,0.62,1.472,0,0,0,0
aten::as_strided,,,0.852,0.852,0,0,0,0
aten::copy_,,,10.612,13.181,0,0,0,0
aclnnInplaceCopy,,,2.569,2.569,0,0,0,0
P13/1104248/01456/acl_dispatch,,,400.864,665.14,0,0,0,0
P13/1104248/01457/graph_replay,,,264.276,264.276,0,0,0,0
vllm::unified_attention_with_output,,,107.648,1147.098,0,21.221,0,0
P13/1104248/01458/attention,,,295.14,1039.45,0,21.221,0,0
aten::slice,,,1.988,4.046,0,0,0,0
aten::as_strided,,,2.058,2.058,0,0,0,0
aten::slice,,,0.318,0.69,0,0,0,0
aten::as_strided,,,0.372,0.372,0,0,0,0
aten::slice,,,3.005,3.867,0,0,0,0
aten::as_strided,,,0.862,0.862,0,0,0,0
P13/1104248/01459/cache_write,,,144.953,251.441,0,1.94,0,0
P13/1104248/01460/torch_api,,,83.301,106.488,0,1.94,0,0
atb::_npu_reshape_and_cache,,,15.109,23.187,0,1.94,0,0
ReshapeCacheOperation,,,8.078,8.078,1.94,1.94,0,0
P13/1104248/01461/fia,,,252.793,466.55,0,19.281,0,0
aten::view,,,3.81,3.81,0,0,0,0
aten::view,,,1.091,1.091,0,0,0,0
aten::slice,,,0.898,1.79,0,0,0,0
aten::as_strided,,,0.892,0.892,0,0,0,0
P13/1104248/01462/torch_api,,,121.808,177.116,0,18.701,0,0
npu::npu_fused_infer_attention_score,,,41.911,55.308,0,18.701,0,0
empty_tensor,,,6.834,6.834,0,0,0,0
empty_tensor,,,1.045,1.045,0,0,0,0
empty_tensor,,,0.803,0.803,0,0,0,0
empty_tensor,,,0.73,0.73,0,0,0,0
aclnnFusedInferAttentionScoreV3,,,3.985,3.985,18.701,18.701,0,0
aten::view,,,1.627,1.627,0,0,0,0
aten::slice,,,0.802,1.742,0,0,0,0
aten::as_strided,,,0.94,0.94,0,0,0,0
aten::copy_,,,23.631,26.581,0,0.58,0,0
aclnnInplaceCopy,,,2.95,2.95,0.58,0.58,0,0
aten::slice,,,0.612,1.501,0,0,0,0
aten::as_strided,,,0.889,0.889,0,0,0,0
aten::copy_,,,11.256,16.215,0,0,0,0
aclnnInplaceCopy,,,4.959,4.959,0,0,0,0
P13/1104248/01463/acl_dispatch,,,369.377,635.784,0,0,0,0
P13/1104248/01464/graph_replay,,,266.407,266.407,0,0,0,0
aten::index,,,11.711,23.03,0,8.66,0,0
empty_tensor,,,3.201,3.201,0,0,0,0
empty_tensor,,,4.125,4.125,0,0,0,0
aclnnIndex,,,3.993,3.993,8.66,8.66,0,0
aten::linear,,,2.058,19.97,0,225.109,0,225.109
aten::t,,,2.709,6.189,0,0,0,0
aten::transpose,,,1.455,3.48,0,0,0,0
aten::as_strided,,,2.025,2.025,0,0,0,0
aten::matmul,,,7.557,11.723,0,225.109,0,225.109
empty_tensor,,,1.646,1.646,0,0,0,0
aclnnMatmul,,,2.52,2.52,225.109,225.109,225.109,225.109
aten::alias,,,1.155,1.155,0,0,0,0
P13/1104248/01465/sample,,,1023.679,5382.091,0,476.56,0,0
aten::log_softmax,,,2.781,31.143,0,57.541999999999994,0,0
aten::to,,,1.407,19.812,0,8.94,0,0
aten::_to_copy,,,2.593,18.405,0,8.94,0,0
aten::empty,,,1.165,4.553,0,0,0,0
empty_tensor,,,3.388,3.388,0,0,0,0
aten::copy_,,,8.02,11.259,0,8.94,0,0
aclnnInplaceCopy,,,3.239,3.239,8.94,8.94,0,0
aten::_log_softmax,,,5.64,8.55,0,48.602,0,0
empty_tensor,,,1.922,1.922,0,0,0,0
aclnnLogSoftmax,,,0.988,0.988,48.602,48.602,0,0
aten::to,,,0.637,19.202,0,2.7,0,0
aten::_to_copy,,,1.032,18.565,0,2.7,0,0
aten::empty,,,0.551,1.617,0,0,0,0
empty_tensor,,,1.066,1.066,0,0,0,0
aten::copy_,,,2.278,15.916,0,2.7,0,0
aclnnInplaceCopy,,,13.638,13.638,2.7,2.7,0,0
aten::lift_fresh,,,0.256,0.256,0,0,0,0
aten::to,,,0.459,0.459,0,0,0,0
aten::pin_memory,,,1.381,114.426,0,0,0,0
aten::is_pinned,,,11.465,11.465,0,0,0,0
aten::_pin_memory,,,94.731,101.58,0,0,0,0
aten::set_,,,1.575,1.575,0,0,0,0
aten::copy_,,,5.274,5.274,0,0,0,0
aten::to,,,0.476,18.6,0,2.7,0,0
aten::_to_copy,,,1.611,18.124,0,2.7,0,0
aten::empty_strided,,,4.303,7.688,0,0,0,0
empty_tensor,,,3.385,3.385,0,0,0,0
aten::copy_,,,6.085,8.825,0,2.7,0,0
acl_memcpy_host_to_device,,,2.74,2.74,2.7,2.7,0,0
record_event,,,2.453,2.453,0.02,0.02,0,0
aten::eq,,,4.035,6.748,0,2.16,0,0
empty_tensor,,,1.618,1.618,0,0,0,0
aclnnEqScalar,,,1.095,1.095,2.16,2.16,0,0
aten::masked_fill_,,,29.195,30.065,0,56.822,0,0
aclnnInplaceMaskedFillScalar,,,0.87,0.87,56.822,56.822,0,0
aten::zeros,,,1.671,6.73,0,8.861,0,0
empty_tensor,,,1.792,1.792,0,0,0,0
aten::zero_,,,2.592,3.267,0,8.861,0,0
aclnnInplaceZero,,,0.675,0.675,8.861,8.861,0,0
P13/1104248/01466/jit_run,,,614.286,755.046,0,62.503,0,0
P13/1104248/01467/launch,,,136.123,140.76,0,62.503,0,0
token_bin_counts_and_mask_kernel,,,4.637,4.637,62.503,62.503,0,0
aten::gt,,,9.717,21.169,0,23.441,0,0
empty_tensor,,,5.167,5.167,0,0,0,0
aclnnGtScalar,,,6.285,6.285,23.441,23.441,0,0
aten::zeros,,,1.855,9.247,0,3.0,0,0
empty_tensor,,,1.653,1.653,0,0,0,0
aten::zero_,,,3.141,5.739,0,3.0,0,0
aclnnInplaceZero,,,2.598,2.598,3.0,3.0,0,0
P13/1104248/01468/jit_run,,,547.237,683.663,0,63.823,0,0
P13/1104248/01469/launch,,,132.347,136.426,0,63.823,0,0
token_bin_counts_and_mask_kernel,,,4.079,4.079,63.823,63.823,0,0
aten::gt,,,8.114,15.532,0,12.2,0,0
empty_tensor,,,4.849,4.849,0,0,0,0
aclnnGtScalar,,,2.569,2.569,12.2,12.2,0,0
P13/1104248/01470/jit_run,,,695.158,852.808,0,76.323,0,0
P13/1104248/01471/launch,,,152.785,157.65,0,76.323,0,0
apply_all_penalties_kernel,,,4.865,4.865,76.323,76.323,0,0
aten::argmax,,,3.264,23.992,0,19.561,0,0
aten::empty,,,1.294,5.248,0,0,0,0
empty_tensor,,,3.954,3.954,0,0,0,0
aten::argmax,,,8.984,15.48,0,19.561,0,0
aten::reshape,,,0.648,2.804,0,0,0,0
aten::view,,,2.156,2.156,0,0,0,0
aclnnArgMax,,,3.692,3.692,19.561,19.561,0,0
aten::view,,,0.718,0.718,0,0,0,0
aten::to,,,0.433,0.433,0,0,0,0
aten::topk,,,5.447,10.368,0,32.162,0,0
empty_tensor,,,1.594,1.594,0,0,0,0
empty_tensor,,,0.95,0.95,0,0,0,0
aclnnTopk,,,2.377,2.377,32.162,32.162,0,0
aten::unsqueeze,,,1.028,2.562,0,0,0,0
aten::as_strided,,,1.534,1.534,0,0,0,0
aten::gather,,,5.347,7.404,0,5.3,0,0
empty_tensor,,,1.142,1.142,0,0,0,0
aclnnGather,,,0.915,0.915,5.3,5.3,0,0
TorchDynamo Cache Lookup,,,25.87,25.87,0,0,0,0
Torch-Compiled Region: 1/0,,,158.272,182.903,0,39.141,0,0
aten::_assert_scalar,,,0.853,0.853,0,0,0,0
aten::_assert_scalar,,,0.207,0.207,0,0,0,0
aten::_assert_scalar,,,0.114,0.114,0,0,0,0
aten::ge,,,4.268,15.856,0,8.82,0,0
empty_tensor,,,2.044,2.044,0,0,0,0
aclnnGeTensor,,,9.544,9.544,8.82,8.82,0,0
aten::sum,,,5.133,7.601,0,30.320999999999998,0,0
empty_tensor,,,1.589,1.589,0,0,0,0
aclnnReduceSum,,,0.879,0.879,30.320999999999998,30.320999999999998,0,0
aten::cat,,,5.169,8.708,0,2.5,0,0
empty_tensor,,,1.17,1.17,0,0,0,0
aclnnCat,,,2.369,2.369,2.5,2.5,0,0
aten::cat,,,1.978,4.098,0,1.601,0,0
empty_tensor,,,1.313,1.313,0,0,0,0
aclnnCat,,,0.807,0.807,1.601,1.601,0,0
aten::to,,,0.631,9.906,0,1.04,0,0
aten::_to_copy,,,2.199,9.275,0,1.04,0,0
aten::empty,,,0.509,1.63,0,0,0,0
empty_tensor,,,1.121,1.121,0,0,0,0
aten::copy_,,,3.661,5.446,0,1.04,0,0
aclnnInplaceCopy,,,1.785,1.785,1.04,1.04,0,0
aten::to,,,0.276,6.653,0,0.98,0,0
aten::_to_copy,,,0.853,6.377,0,0.98,0,0
aten::empty,,,0.266,1.345,0,0,0,0
empty_tensor,,,1.079,1.079,0,0,0,0
aten::copy_,,,1.956,4.179,0,0.98,0,0
aclnnInplaceCopy,,,2.223,2.223,0.98,0.98,0,0
aten::unsqueeze,,,0.816,1.972,0,0,0,0
aten::as_strided,,,1.156,1.156,0,0,0,0
P13/1104248/01472/to_list,,,156.454,1227.758,0,2.18,0,0
aten::slice,,,4.237,5.502,0,0,0,0
aten::as_strided,,,1.265,1.265,0,0,0,0
aten::copy_,,,11.204,14.41,0,2.16,0,0
acl_memcpy_device_to_host,,,3.206,3.206,2.16,2.16,0,0
Event::record,,,192.446,621.902,0,0.02,0,0
P13/1104248/01473/event_record,,,425.438,429.456,0,0.02,0,0
record_event,,,4.018,4.018,0.02,0.02,0,0
Event::synchronize,,,203.463,428.929,0,0,0,0
P13/1104248/01474/synchronize,,,225.466,225.466,0,0,0,0
aten::resolve_conj,,,0.42,0.42,0,0,0,0
aten::resolve_neg,,,0.141,0.141,0,0,0,0
aten::to,,,1.449,115.871,0,0,0,0
aten::_to_copy,,,2.449,114.422,0,0,0,0
aten::empty,,,2.722,2.722,0,0,0,0
aten::copy_,,,109.251,109.251,0,0,0,0
aten::detach,,,1.004,1.004,0,0,0,0
aten::to,,,0.331,0.331,0,0,0,0
aten::resolve_conj,,,0.223,0.223,0,0,0,0
aten::resolve_neg,,,0.113,0.113,0,0,0,0
aten::to,,,0.419,81.989,0,0,0,0
aten::_to_copy,,,1.051,81.57,0,0,0,0
aten::empty,,,0.967,0.967,0,0,0,0
aten::copy_,,,79.552,79.552,0,0,0,0
aten::detach,,,0.194,0.194,0,0,0,0
aten::to,,,0.367,0.367,0,0,0,0
aten::resolve_conj,,,0.226,0.226,0,0,0,0
aten::resolve_neg,,,0.32,0.32,0,0,0,0
aten::to,,,0.385,72.196,0,0,0,0
aten::_to_copy,,,0.818,71.811,0,0,0,0
aten::empty,,,0.505,0.505,0,0,0,0
aten::copy_,,,70.488,70.488,0,0,0,0
aten::detach,,,0.179,0.179,0,0,0,0
aten::to,,,0.249,0.249,0,0,0,0
aten::resolve_conj,,,0.294,0.294,0,0,0,0
aten::resolve_neg,,,0.254,0.254,0,0,0,0
aten::slice,,,1.632,3.71,0,0,0,0
aten::as_strided,,,2.078,2.078,0,0,0,0
P13/1104248/01475/runner,,,1560.592,55995.408,0,949.3,0,223.97
P13/1104248/01476/prepare,,,1068.707,2769.71,0,160.607,0,0
P13/1104248/01477/buffer_copy,,,105.39,142.708,0,2.78,0,0
aten::slice,,,5.758,9.356,0,0,0,0
aten::as_strided,,,3.598,3.598,0,0,0,0
aten::slice,,,0.827,2.051,0,0,0,0
aten::as_strided,,,1.224,1.224,0,0,0,0
aten::copy_,,,14.144,25.911,0,2.78,0,0
acl_memcpy_host_to_device,,,11.767,11.767,2.78,2.78,0,0
aten::lift_fresh,,,0.35,0.35,0,0,0,0
aten::lift_fresh,,,0.097,0.097,0,0,0,0
aten::flatten,,,1.304,4.001,0,0,0,0
aten::view,,,2.697,2.697,0,0,0,0
aten::slice,,,1.452,1.909,0,0,0,0
aten::as_strided,,,0.457,0.457,0,0,0,0
aten::index_select,,,3.28,3.28,0,0,0,0
P13/1104248/01478/buffer_copy,,,88.823,100.699,0,2.68,0,0
aten::copy_,,,8.304,11.876,0,2.68,0,0
acl_memcpy_host_to_device,,,3.572,3.572,2.68,2.68,0,0
aten::slice,,,1.525,1.971,0,0,0,0
aten::as_strided,,,0.446,0.446,0,0,0,0
aten::lift_fresh,,,0.247,0.247,0,0,0,0
aten::slice,,,0.663,0.888,0,0,0,0
aten::as_strided,,,0.225,0.225,0,0,0,0
aten::add,,,5.558,5.558,0,0,0,0
aten::slice,,,0.688,0.97,0,0,0,0
aten::as_strided,,,0.282,0.282,0,0,0,0
aten::fill_,,,1.877,1.877,0,0,0,0
aten::slice,,,0.743,2.458,0,0,0,0
aten::as_strided,,,1.715,1.715,0,0,0,0
aten::fill_,,,8.625,11.583,0,1.12,0,0
aclnnInplaceFillScalar,,,2.958,2.958,1.12,1.12,0,0
P13/1104248/01479/buffer_copy,,,79.871,92.001,0,2.66,0,0
aten::slice,,,1.259,2.159,0,0,0,0
aten::as_strided,,,0.9,0.9,0,0,0,0
aten::slice,,,0.83,1.299,0,0,0,0
aten::as_strided,,,0.469,0.469,0,0,0,0
aten::copy_,,,5.946,8.672,0,2.66,0,0
acl_memcpy_host_to_device,,,2.726,2.726,2.66,2.66,0,0
aten::slice,,,0.921,1.201,0,0,0,0
aten::as_strided,,,0.28,0.28,0,0,0,0
aten::detach,,,1.357,1.357,0,0,0,0
aten::to,,,0.736,0.736,0,0,0,0
aten::resolve_conj,,,0.311,0.311,0,0,0,0
aten::resolve_neg,,,0.129,0.129,0,0,0,0
P13/1104248/01480/buffer_copy,,,78.743,83.745,0,0,0,0
aten::slice,,,1.822,3.035,0,0,0,0
aten::as_strided,,,1.213,1.213,0,0,0,0
aten::slice,,,0.864,1.3,0,0,0,0
aten::as_strided,,,0.436,0.436,0,0,0,0
aten::copy_,,,0.667,0.667,0,0,0,0
P13/1104248/01481/buffer_copy,,,68.117,79.814,0,2.781,0,0
aten::slice,,,1.134,2.17,0,0,0,0
aten::as_strided,,,1.036,1.036,0,0,0,0
aten::slice,,,0.653,1.076,0,0,0,0
aten::as_strided,,,0.423,0.423,0,0,0,0
aten::copy_,,,5.695,8.451,0,2.781,0,0
acl_memcpy_host_to_device,,,2.756,2.756,2.781,2.781,0,0
aten::fill_,,,4.898,8.407,0,0.98,0,0
aclnnInplaceFillScalar,,,3.509,3.509,0.98,0.98,0,0
aten::slice,,,1.064,1.933,0,0,0,0
aten::as_strided,,,0.869,0.869,0,0,0,0
aten::slice,,,0.804,1.065,0,0,0,0
aten::as_strided,,,0.261,0.261,0,0,0,0
aten::copy_,,,4.184,5.933,0,2.66,0,0
acl_memcpy_host_to_device,,,1.749,1.749,2.66,2.66,0,0
P13/1104248/01482/buffer_copy,,,73.228,92.609,0,2.66,0,0
aten::slice,,,1.121,2.024,0,0,0,0
aten::as_strided,,,0.903,0.903,0,0,0,0
aten::slice,,,0.893,1.248,0,0,0,0
aten::as_strided,,,0.355,0.355,0,0,0,0
aten::copy_,,,4.539,16.109,0,2.66,0,0
acl_memcpy_host_to_device,,,11.57,11.57,2.66,2.66,0,0
aten::slice,,,0.874,1.64,0,0,0,0
aten::as_strided,,,0.766,0.766,0,0,0,0
P13/1104248/01483/buffer_copy,,,67.609,77.908,0,2.82,0,0
aten::slice,,,1.081,1.922,0,0,0,0
aten::as_strided,,,0.841,0.841,0,0,0,0
aten::slice,,,0.893,1.188,0,0,0,0
aten::as_strided,,,0.295,0.295,0,0,0,0
aten::copy_,,,4.522,7.189,0,2.82,0,0
acl_memcpy_host_to_device,,,2.667,2.667,2.82,2.82,0,0
P13/1104248/01484/buffer_copy,,,67.63,77.495,0,2.681,0,0
aten::slice,,,1.17,2.208,0,0,0,0
aten::as_strided,,,1.038,1.038,0,0,0,0
aten::slice,,,0.541,0.794,0,0,0,0
aten::as_strided,,,0.253,0.253,0,0,0,0
aten::copy_,,,4.47,6.863,0,2.681,0,0
acl_memcpy_host_to_device,,,2.393,2.393,2.681,2.681,0,0
aten::slice,,,0.779,1.472,0,0,0,0
aten::as_strided,,,0.693,0.693,0,0,0,0
aten::index,,,9.014,18.224,0,8.94,0,0
empty_tensor,,,2.923,2.923,0,0,0,0
empty_tensor,,,3.639,3.639,0,0,0,0
aclnnIndex,,,2.648,2.648,8.94,8.94,0,0
aten::to,,,0.75,10.266,0,0.94,0,0
aten::_to_copy,,,2.135,9.516,0,0.94,0,0
aten::empty,,,0.844,2.449,0,0,0,0
empty_tensor,,,1.605,1.605,0,0,0,0
aten::copy_,,,3.375,4.932,0,0.94,0,0
aclnnInplaceCopy,,,1.557,1.557,0.94,0.94,0,0
aten::slice,,,1.074,1.81,0,0,0,0
aten::as_strided,,,0.736,0.736,0,0,0,0
aten::add,,,5.045,7.495,0,2.66,0,0
empty_tensor,,,0.885,0.885,0,0,0,0
aclnnAdd,,,1.565,1.565,2.66,2.66,0,0
aten::slice,,,0.637,1.148,0,0,0,0
aten::as_strided,,,0.511,0.511,0,0,0,0
aten::copy_,,,24.08,27.025,0,0.54,0,0
aclnnInplaceCopy,,,2.945,2.945,0.54,0.54,0,0
aten::slice,,,0.745,1.204,0,0,0,0
aten::as_strided,,,0.459,0.459,0,0,0,0
aten::add,,,2.966,4.933,0,1.48,0,0
empty_tensor,,,0.964,0.964,0,0,0,0
aclnnAdd,,,1.003,1.003,1.48,1.48,0,0
aten::copy_,,,6.087,14.529,0,0.6,0,0
aclnnInplaceCopy,,,8.442,8.442,0.6,0.6,0,0
aten::slice,,,0.591,1.071,0,0,0,0
aten::as_strided,,,0.48,0.48,0,0,0,0
aten::fill_,,,2.473,3.413,0,0,0,0
aclnnInplaceFillScalar,,,0.94,0.94,0,0,0,0
aten::slice,,,0.623,1.011,0,0,0,0
aten::as_strided,,,0.388,0.388,0,0,0,0
aten::slice,,,0.767,1.262,0,0,0,0
aten::as_strided,,,0.495,0.495,0,0,0,0
P13/1104248/01485/jit_run,,,616.656,776.688,0,120.325,0,0
P13/1104248/01486/launch,,,155.03,160.032,0,120.325,0,0
_compute_slot_mapping_kernel,,,5.002,5.002,120.325,120.325,0,0
aten::slice,,,3.246,5.322,0,0,0,0
aten::as_strided,,,2.076,2.076,0,0,0,0
aten::sub,,,9.726,19.25,0,1.3,0,0
empty_tensor,,,4.913,4.913,0,0,0,0
aten::item,,,0.847,1.421,0,0,0,0
aten::_local_scalar_dense,,,0.574,0.574,0,0,0,0
aclnnSubs,,,3.19,3.19,1.3,1.3,0,0
aten::detach,,,1.703,1.703,0,0,0,0
aten::to,,,0.909,0.909,0,0,0,0
aten::resolve_conj,,,0.336,0.336,0,0,0,0
aten::resolve_neg,,,0.151,0.151,0,0,0,0
aten::slice,,,2.331,3.786,0,0,0,0
aten::as_strided,,,1.455,1.455,0,0,0,0
aten::slice,,,0.844,1.756,0,0,0,0
aten::as_strided,,,0.912,0.912,0,0,0,0
aten::slice,,,2.201,2.887,0,0,0,0
aten::as_strided,,,0.686,0.686,0,0,0,0
aten::slice,,,1.067,1.685,0,0,0,0
aten::as_strided,,,0.618,0.618,0,0,0,0
aten::fill_,,,5.396,8.762,0,0,0,0
aclnnInplaceFillScalar,,,3.366,3.366,0,0,0,0
aten::slice,,,0.853,1.284,0,0,0,0
aten::as_strided,,,0.431,0.431,0,0,0,0
aten::fill_,,,1.888,3.586,0,0,0,0
aclnnInplaceFillScalar,,,1.698,1.698,0,0,0,0
aten::slice,,,0.822,1.065,0,0,0,0
aten::as_strided,,,0.243,0.243,0,0,0,0
aten::slice,,,0.494,0.642,0,0,0,0
aten::as_strided,,,0.148,0.148,0,0,0,0
aten::lt,,,5.701,5.701,0,0,0,0
aten::lift_fresh,,,0.284,0.284,0,0,0,0
aten::slice,,,0.325,0.773,0,0,0,0
aten::as_strided,,,0.448,0.448,0,0,0,0
aten::fill_,,,0.972,3.714,0,0,0,0
aten::copy_,,,2.742,2.742,0,0,0,0
aten::slice,,,0.61,1.054,0,0,0,0
aten::as_strided,,,0.444,0.444,0,0,0,0
aten::slice,,,0.623,1.09,0,0,0,0
aten::as_strided,,,0.467,0.467,0,0,0,0
aten::slice,,,0.422,0.658,0,0,0,0
aten::as_strided,,,0.236,0.236,0,0,0,0
aten::slice,,,2.149,2.743,0,0,0,0
aten::as_strided,,,0.594,0.594,0,0,0,0
aten::slice,,,0.865,1.175,0,0,0,0
aten::as_strided,,,0.31,0.31,0,0,0,0
aten::slice,,,0.953,1.37,0,0,0,0
aten::as_strided,,,0.417,0.417,0,0,0,0
aten::slice,,,0.684,0.954,0,0,0,0
aten::as_strided,,,0.27,0.27,0,0,0,0
aten::slice,,,0.947,1.24,0,0,0,0
aten::as_strided,,,0.293,0.293,0,0,0,0
aten::slice,,,0.687,1.35,0,0,0,0
aten::as_strided,,,0.663,0.663,0,0,0,0
aten::pin_memory,,,1.218,10.322,0,0,0,0
aten::is_pinned,,,9.104,9.104,0,0,0,0
aten::to,,,0.886,20.262,0,2.72,0,0
aten::_to_copy,,,2.155,19.376,0,2.72,0,0
aten::empty_strided,,,4.494,6.653,0,0,0,0
empty_tensor,,,2.159,2.159,0,0,0,0
aten::copy_,,,5.621,10.568,0,2.72,0,0
acl_memcpy_host_to_device,,,4.947,4.947,2.72,2.72,0,0
aten::resolve_conj,,,0.3,0.3,0,0,0,0
aten::resolve_neg,,,0.297,0.297,0,0,0,0
aten::slice,,,0.844,1.133,0,0,0,0
aten::as_strided,,,0.289,0.289,0,0,0,0
aten::resolve_conj,,,0.077,0.077,0,0,0,0
aten::resolve_neg,,,0.057,0.057,0,0,0,0
aten::slice,,,0.588,1.232,0,0,0,0
aten::as_strided,,,0.644,0.644,0,0,0,0
aten::slice,,,0.672,1.15,0,0,0,0
aten::as_strided,,,0.478,0.478,0,0,0,0
aten::index_select,,,7.761,21.284,0,2.76,0,0
empty_tensor,,,2.756,2.756,0,0,0,0
aclnnIndexSelect,,,10.767,10.767,2.76,2.76,0,0
aten::view,,,1.584,1.584,0,0,0,0
aten::repeat,,,4.034,7.057,0,1.82,0,0
empty_tensor,,,1.486,1.486,0,0,0,0
aclnnRepeat,,,1.537,1.537,1.82,1.82,0,0
aten::chunk,,,1.427,6.884,0,0,0,0
aten::split,,,1.174,5.457,0,0,0,0
aten::narrow,,,1.436,2.666,0,0,0,0
aten::slice,,,0.355,1.23,0,0,0,0
aten::as_strided,,,0.875,0.875,0,0,0,0
aten::narrow,,,0.534,1.617,0,0,0,0
aten::slice,,,0.39,1.083,0,0,0,0
aten::as_strided,,,0.693,0.693,0,0,0,0
aten::slice,,,0.62,1.37,0,0,0,0
aten::as_strided,,,0.75,0.75,0,0,0,0
aten::view,,,0.665,0.665,0,0,0,0
aten::expand,,,1.048,1.715,0,0,0,0
aten::as_strided,,,0.667,0.667,0,0,0,0
aten::copy_,,,25.237,27.782,0,0.52,0,0
aclnnInplaceCopy,,,2.545,2.545,0.52,0.52,0,0
aten::index_select,,,3.784,7.148,0,2.1,0,0
empty_tensor,,,1.197,1.197,0,0,0,0
aclnnIndexSelect,,,2.167,2.167,2.1,2.1,0,0
aten::view,,,0.882,0.882,0,0,0,0
aten::repeat,,,2.15,4.866,0,1.98,0,0
empty_tensor,,,1.014,1.014,0,0,0,0
aclnnRepeat,,,1.702,1.702,1.98,1.98,0,0
aten::chunk,,,0.473,4.0,0,0,0,0
aten::split,,,0.59,3.527,0,0,0,0
aten::narrow,,,0.687,1.672,0,0,0,0
aten::slice,,,0.359,0.985,0,0,0,0
aten::as_strided,,,0.626,0.626,0,0,0,0
aten::narrow,,,0.311,1.265,0,0,0,0
aten::slice,,,0.246,0.954,0,0,0,0
aten::as_strided,,,0.708,0.708,0,0,0,0
aten::slice,,,0.729,1.249,0,0,0,0
aten::as_strided,,,0.52,0.52,0,0,0,0
aten::view,,,0.475,0.475,0,0,0,0
aten::expand,,,0.338,0.685,0,0,0,0
aten::as_strided,,,0.347,0.347,0,0,0,0
aten::copy_,,,8.505,10.907,0,0.48,0,0
aclnnInplaceCopy,,,2.402,2.402,0.48,0.48,0,0
aten::slice,,,0.575,0.969,0,0,0,0
aten::as_strided,,,0.394,0.394,0,0,0,0
aten::slice,,,0.564,1.031,0,0,0,0
aten::as_strided,,,0.467,0.467,0,0,0,0
P13/1104248/01487/forward,,,7315.301,51435.25,0,543.723,0,0
P13/1104248/01488/acl_dispatch,,,411.936,679.775,0,0,0,0
P13/1104248/01489/graph_replay,,,267.839,267.839,0,0,0,0
vllm::unified_attention_with_output,,,154.399,1203.623,0,23.701999999999998,0,0
P13/1104248/01490/attention,,,297.32,1049.224,0,23.701999999999998,0,0
aten::slice,,,2.353,5.068,0,0,0,0
aten::as_strided,,,2.715,2.715,0,0,0,0
aten::slice,,,0.336,0.813,0,0,0,0
aten::as_strided,,,0.477,0.477,0,0,0,0
aten::slice,,,2.75,3.843,0,0,0,0
aten::as_strided,,,1.093,1.093,0,0,0,0
P13/1104248/01491/cache_write,,,141.722,242.122,0,2.161,0,0
P13/1104248/01492/torch_api,,,79.273,100.4,0,2.161,0,0
atb::_npu_reshape_and_cache,,,16.069,21.127,0,2.161,0,0
ReshapeCacheOperation,,,5.058,5.058,2.161,2.161,0,0
P13/1104248/01493/fia,,,247.932,483.852,0,21.541,0,0
aten::view,,,3.735,3.735,0,0,0,0
aten::view,,,1.874,1.874,0,0,0,0
aten::slice,,,0.809,1.731,0,0,0,0
aten::as_strided,,,0.922,0.922,0,0,0,0
P13/1104248/01494/torch_api,,,125.707,189.768,0,20.941,0,0
npu::npu_fused_infer_attention_score,,,50.04,64.061,0,20.941,0,0
empty_tensor,,,6.671,6.671,0,0,0,0
empty_tensor,,,1.356,1.356,0,0,0,0
empty_tensor,,,1.097,1.097,0,0,0,0
empty_tensor,,,0.664,0.664,0,0,0,0
aclnnFusedInferAttentionScoreV3,,,4.233,4.233,20.941,20.941,0,0
aten::view,,,1.675,1.675,0,0,0,0
aten::slice,,,0.844,1.908,0,0,0,0
aten::as_strided,,,1.064,1.064,0,0,0,0
aten::copy_,,,25.122,35.229,0,0.6,0,0
aclnnInplaceCopy,,,10.107,10.107,0.6,0.6,0,0
aten::slice,,,0.712,1.717,0,0,0,0
aten::as_strided,,,1.005,1.005,0,0,0,0
aten::copy_,,,11.838,14.489,0,0,0,0
aclnnInplaceCopy,,,2.651,2.651,0,0,0,0
P13/1104248/01495/acl_dispatch,,,404.403,658.665,0,0,0,0
P13/1104248/01496/graph_replay,,,254.262,254.262,0,0,0,0
vllm::unified_attention_with_output,,,105.299,1111.257,0,23.381,0,0
P13/1104248/01497/attention,,,290.458,1005.958,0,23.381,0,0
aten::slice,,,2.077,4.359,0,0,0,0
aten::as_strided,,,2.282,2.282,0,0,0,0
aten::slice,,,0.317,0.651,0,0,0,0
aten::as_strided,,,0.334,0.334,0,0,0,0
aten::slice,,,2.863,3.688,0,0,0,0
aten::as_strided,,,0.825,0.825,0,0,0,0
P13/1104248/01498/cache_write,,,147.699,251.357,0,1.92,0,0
P13/1104248/01499/torch_api,,,83.358,103.658,0,1.92,0,0
atb::_npu_reshape_and_cache,,,15.736,20.3,0,1.92,0,0
ReshapeCacheOperation,,,4.564,4.564,1.92,1.92,0,0
P13/1104248/01500/fia,,,241.247,439.694,0,21.461,0,0
aten::view,,,3.946,3.946,0,0,0,0
aten::view,,,1.034,1.034,0,0,0,0
aten::slice,,,0.853,1.868,0,0,0,0
aten::as_strided,,,1.015,1.015,0,0,0,0
P13/1104248/01501/torch_api,,,106.552,161.226,0,20.921,0,0
npu::npu_fused_infer_attention_score,,,42.021,54.674,0,20.921,0,0
empty_tensor,,,6.264,6.264,0,0,0,0
empty_tensor,,,1.135,1.135,0,0,0,0
empty_tensor,,,0.946,0.946,0,0,0,0
empty_tensor,,,0.983,0.983,0,0,0,0
aclnnFusedInferAttentionScoreV3,,,3.325,3.325,20.921,20.921,0,0
aten::view,,,1.677,1.677,0,0,0,0
aten::slice,,,0.834,1.92,0,0,0,0
aten::as_strided,,,1.086,1.086,0,0,0,0
aten::copy_,,,23.867,26.776,0,0.54,0,0
aclnnInplaceCopy,,,2.909,2.909,0.54,0.54,0,0
aten::slice,,,0.677,1.59,0,0,0,0
aten::as_strided,,,0.913,0.913,0,0,0,0
aten::copy_,,,11.393,14.161,0,0,0,0
aclnnInplaceCopy,,,2.768,2.768,0,0,0,0
P13/1104248/01502/acl_dispatch,,,399.251,653.097,0,0,0,0
P13/1104248/01503/graph_replay,,,253.846,253.846,0,0,0,0
vllm::unified_attention_with_output,,,105.314,1124.914,0,19.660999999999998,0,0
P13/1104248/01504/attention,,,287.801,1019.6,0,19.660999999999998,0,0
aten::slice,,,1.943,4.095,0,0,0,0
aten::as_strided,,,2.152,2.152,0,0,0,0
aten::slice,,,0.621,1.235,0,0,0,0
aten::as_strided,,,0.614,0.614,0,0,0,0
aten::slice,,,3.808,4.706,0,0,0,0
aten::as_strided,,,0.898,0.898,0,0,0,0
P13/1104248/01505/cache_write,,,146.181,250.887,0,2.14,0,0
P13/1104248/01506/torch_api,,,83.706,104.706,0,2.14,0,0
atb::_npu_reshape_and_cache,,,15.093,21.0,0,2.14,0,0
ReshapeCacheOperation,,,5.907,5.907,2.14,2.14,0,0
P13/1104248/01507/fia,,,248.454,455.61,0,17.521,0,0
aten::view,,,3.774,3.774,0,0,0,0
aten::view,,,0.97,0.97,0,0,0,0
aten::slice,,,0.801,1.748,0,0,0,0
aten::as_strided,,,0.947,0.947,0,0,0,0
P13/1104248/01508/torch_api,,,107.645,169.847,0,16.921,0,0
npu::npu_fused_infer_attention_score,,,41.955,62.202,0,16.921,0,0
empty_tensor,,,6.389,6.389,0,0,0,0
empty_tensor,,,1.179,1.179,0,0,0,0
empty_tensor,,,0.982,0.982,0,0,0,0
empty_tensor,,,0.991,0.991,0,0,0,0
aclnnFusedInferAttentionScoreV3,,,10.706,10.706,16.921,16.921,0,0
aten::view,,,1.825,1.825,0,0,0,0
aten::slice,,,0.876,2.022,0,0,0,0
aten::as_strided,,,1.146,1.146,0,0,0,0
aten::copy_,,,24.218,26.97,0,0.6,0,0
aclnnInplaceCopy,,,2.752,2.752,0.6,0.6,0,0
aten::slice,,,0.621,1.618,0,0,0,0
aten::as_strided,,,0.997,0.997,0,0,0,0
aten::copy_,,,11.05,13.648,0,0,0,0
aclnnInplaceCopy,,,2.598,2.598,0,0,0,0
P13/1104248/01509/acl_dispatch,,,403.44,668.367,0,0,0,0
P13/1104248/01510/graph_replay,,,264.927,264.927,0,0,0,0
vllm::unified_attention_with_output,,,104.846,1132.05,0,21.262,0,0
P13/1104248/01511/attention,,,297.83,1027.204,0,21.262,0,0
aten::slice,,,1.876,4.116,0,0,0,0
aten::as_strided,,,2.24,2.24,0,0,0,0
aten::slice,,,1.448,1.743,0,0,0,0
aten::as_strided,,,0.295,0.295,0,0,0,0
aten::slice,,,2.946,3.876,0,0,0,0
aten::as_strided,,,0.93,0.93,0,0,0,0
P13/1104248/01512/cache_write,,,155.286,258.682,0,1.481,0,0
P13/1104248/01513/torch_api,,,81.695,103.396,0,1.481,0,0
atb::_npu_reshape_and_cache,,,17.12,21.701,0,1.481,0,0
ReshapeCacheOperation,,,4.581,4.581,1.481,1.481,0,0
P13/1104248/01514/fia,,,245.274,445.381,0,19.781,0,0
aten::view,,,3.768,3.768,0,0,0,0
aten::view,,,1.156,1.156,0,0,0,0
aten::slice,,,0.885,1.792,0,0,0,0
aten::as_strided,,,0.907,0.907,0,0,0,0
P13/1104248/01515/torch_api,,,108.259,163.135,0,19.201,0,0
npu::npu_fused_infer_attention_score,,,41.546,54.876,0,19.201,0,0
empty_tensor,,,6.663,6.663,0,0,0,0
empty_tensor,,,1.504,1.504,0,0,0,0
empty_tensor,,,0.768,0.768,0,0,0,0
empty_tensor,,,0.71,0.71,0,0,0,0
aclnnFusedInferAttentionScoreV3,,,3.685,3.685,19.201,19.201,0,0
aten::view,,,1.616,1.616,0,0,0,0
aten::slice,,,0.89,1.988,0,0,0,0
aten::as_strided,,,1.098,1.098,0,0,0,0
aten::copy_,,,23.607,26.652,0,0.58,0,0
aclnnInplaceCopy,,,3.045,3.045,0.58,0.58,0,0
aten::slice,,,0.747,1.601,0,0,0,0
aten::as_strided,,,0.854,0.854,0,0,0,0
aten::copy_,,,11.252,13.975,0,0,0,0
aclnnInplaceCopy,,,2.723,2.723,0,0,0,0
P13/1104248/01516/acl_dispatch,,,403.214,662.132,0,0,0,0
P13/1104248/01517/graph_replay,,,258.918,258.918,0,0,0,0
vllm::unified_attention_with_output,,,105.248,1178.164,0,23.56,0,0
P13/1104248/01518/attention,,,306.297,1072.916,0,23.56,0,0
aten::slice,,,1.824,4.099,0,0,0,0
aten::as_strided,,,2.275,2.275,0,0,0,0
aten::slice,,,0.389,0.714,0,0,0,0
aten::as_strided,,,0.325,0.325,0,0,0,0
aten::slice,,,2.905,3.745,0,0,0,0
aten::as_strided,,,0.84,0.84,0,0,0,0
P13/1104248/01519/cache_write,,,178.564,278.133,0,1.58,0,0
P13/1104248/01520/torch_api,,,80.585,99.569,0,1.58,0,0
atb::_npu_reshape_and_cache,,,14.809,18.984,0,1.58,0,0
ReshapeCacheOperation,,,4.175,4.175,1.58,1.58,0,0
P13/1104248/01521/fia,,,250.13,464.852,0,21.98,0,0
aten::view,,,4.213,4.213,0,0,0,0
aten::view,,,0.823,0.823,0,0,0,0
aten::slice,,,0.919,1.964,0,0,0,0
aten::as_strided,,,1.045,1.045,0,0,0,0
P13/1104248/01522/torch_api,,,112.723,176.332,0,21.38,0,0
npu::npu_fused_infer_attention_score,,,43.265,63.609,0,21.38,0,0
empty_tensor,,,6.58,6.58,0,0,0,0
empty_tensor,,,1.031,1.031,0,0,0,0
empty_tensor,,,0.927,0.927,0,0,0,0
empty_tensor,,,0.776,0.776,0,0,0,0
aclnnFusedInferAttentionScoreV3,,,11.03,11.03,21.38,21.38,0,0
aten::view,,,1.602,1.602,0,0,0,0
aten::slice,,,0.897,2.547,0,0,0,0
aten::as_strided,,,1.65,1.65,0,0,0,0
aten::copy_,,,24.384,27.241,0,0.6,0,0
aclnnInplaceCopy,,,2.857,2.857,0.6,0.6,0,0
aten::slice,,,0.64,1.642,0,0,0,0
aten::as_strided,,,1.002,1.002,0,0,0,0
aten::copy_,,,11.082,13.434,0,0,0,0
aclnnInplaceCopy,,,2.352,2.352,0,0,0,0
P13/1104248/01523/acl_dispatch,,,397.375,655.407,0,0,0,0
P13/1104248/01524/graph_replay,,,258.032,258.032,0,0,0,0
vllm::unified_attention_with_output,,,110.878,1133.653,0,21.779999999999998,0,0
P13/1104248/01525/attention,,,299.182,1022.775,0,21.779999999999998,0,0
aten::slice,,,1.795,4.026,0,0,0,0
aten::as_strided,,,2.231,2.231,0,0,0,0
aten::slice,,,0.337,0.694,0,0,0,0
aten::as_strided,,,0.357,0.357,0,0,0,0
aten::slice,,,2.878,3.725,0,0,0,0
aten::as_strided,,,0.847,0.847,0,0,0,0
P13/1104248/01526/cache_write,,,143.144,247.854,0,2.14,0,0
P13/1104248/01527/torch_api,,,85.242,104.71,0,2.14,0,0
atb::_npu_reshape_and_cache,,,14.953,19.468,0,2.14,0,0
ReshapeCacheOperation,,,4.515,4.515,2.14,2.14,0,0
P13/1104248/01528/fia,,,248.741,452.29,0,19.639999999999997,0,0
aten::view,,,3.506,3.506,0,0,0,0
aten::view,,,0.813,0.813,0,0,0,0
aten::slice,,,0.699,1.565,0,0,0,0
aten::as_strided,,,0.866,0.866,0,0,0,0
P13/1104248/01529/torch_api,,,111.194,167.225,0,19.06,0,0
npu::npu_fused_infer_attention_score,,,41.313,56.031,0,19.06,0,0
empty_tensor,,,6.378,6.378,0,0,0,0
empty_tensor,,,1.226,1.226,0,0,0,0
empty_tensor,,,0.831,0.831,0,0,0,0
empty_tensor,,,2.799,2.799,0,0,0,0
aclnnFusedInferAttentionScoreV3,,,3.484,3.484,19.06,19.06,0,0
aten::view,,,1.735,1.735,0,0,0,0
aten::slice,,,0.977,2.078,0,0,0,0
aten::as_strided,,,1.101,1.101,0,0,0,0
aten::copy_,,,23.972,26.627,0,0.58,0,0
aclnnInplaceCopy,,,2.655,2.655,0.58,0.58,0,0
aten::slice,,,0.594,1.499,0,0,0,0
aten::as_strided,,,0.905,0.905,0,0,0,0
aten::copy_,,,10.873,13.505,0,0,0,0
aclnnInplaceCopy,,,2.632,2.632,0,0,0,0
P13/1104248/01530/acl_dispatch,,,403.956,666.219,0,0,0,0
P13/1104248/01531/graph_replay,,,262.263,262.263,0,0,0,0
vllm::unified_attention_with_output,,,108.381,1151.635,0,23.321,0,0
P13/1104248/01532/attention,,,298.619,1043.254,0,23.321,0,0
aten::slice,,,1.938,4.123,0,0,0,0
aten::as_strided,,,2.185,2.185,0,0,0,0
aten::slice,,,0.375,0.643,0,0,0,0
aten::as_strided,,,0.268,0.268,0,0,0,0
aten::slice,,,3.004,3.844,0,0,0,0
aten::as_strided,,,0.84,0.84,0,0,0,0
P13/1104248/01533/cache_write,,,155.451,264.783,0,1.761,0,0
P13/1104248/01534/torch_api,,,81.975,109.332,0,1.761,0,0
atb::_npu_reshape_and_cache,,,14.707,27.357,0,1.761,0,0
ReshapeCacheOperation,,,12.65,12.65,1.761,1.761,0,0
P13/1104248/01535/fia,,,250.389,456.418,0,21.56,0,0
aten::view,,,3.844,3.844,0,0,0,0
aten::view,,,0.819,0.819,0,0,0,0
aten::slice,,,0.934,1.938,0,0,0,0
aten::as_strided,,,1.004,1.004,0,0,0,0
P13/1104248/01536/torch_api,,,113.122,168.757,0,20.98,0,0
npu::npu_fused_infer_attention_score,,,41.845,55.635,0,20.98,0,0
empty_tensor,,,7.243,7.243,0,0,0,0
empty_tensor,,,1.357,1.357,0,0,0,0
empty_tensor,,,0.903,0.903,0,0,0,0
empty_tensor,,,0.689,0.689,0,0,0,0
aclnnFusedInferAttentionScoreV3,,,3.598,3.598,20.98,20.98,0,0
aten::view,,,1.617,1.617,0,0,0,0
aten::slice,,,0.866,1.969,0,0,0,0
aten::as_strided,,,1.103,1.103,0,0,0,0
aten::copy_,,,24.176,27.085,0,0.58,0,0
aclnnInplaceCopy,,,2.909,2.909,0.58,0.58,0,0
aten::slice,,,0.571,1.425,0,0,0,0
aten::as_strided,,,0.854,0.854,0,0,0,0
aten::copy_,,,10.904,13.399,0,0,0,0
aclnnInplaceCopy,,,2.495,2.495,0,0,0,0
P13/1104248/01537/acl_dispatch,,,407.28,673.568,0,0,0,0
P13/1104248/01538/graph_replay,,,266.288,266.288,0,0,0,0
vllm::unified_attention_with_output,,,108.0,1133.306,0,19.32,0,0
P13/1104248/01539/attention,,,298.243,1025.306,0,19.32,0,0
aten::slice,,,1.937,4.171,0,0,0,0
aten::as_strided,,,2.234,2.234,0,0,0,0
aten::slice,,,0.315,0.625,0,0,0,0
aten::as_strided,,,0.31,0.31,0,0,0,0
aten::slice,,,2.842,3.835,0,0,0,0
aten::as_strided,,,0.993,0.993,0,0,0,0
P13/1104248/01540/cache_write,,,145.817,246.717,0,1.9,0,0
P13/1104248/01541/torch_api,,,81.612,100.9,0,1.9,0,0
atb::_npu_reshape_and_cache,,,15.136,19.288,0,1.9,0,0
ReshapeCacheOperation,,,4.152,4.152,1.9,1.9,0,0
P13/1104248/01542/fia,,,249.471,456.858,0,17.419999999999998,0,0
aten::view,,,3.73,3.73,0,0,0,0
aten::view,,,1.003,1.003,0,0,0,0
aten::slice,,,0.842,1.966,0,0,0,0
aten::as_strided,,,1.124,1.124,0,0,0,0
P13/1104248/01543/torch_api,,,115.888,170.386,0,16.84,0,0
npu::npu_fused_infer_attention_score,,,41.646,54.498,0,16.84,0,0
empty_tensor,,,6.523,6.523,0,0,0,0
empty_tensor,,,1.174,1.174,0,0,0,0
empty_tensor,,,0.771,0.771,0,0,0,0
empty_tensor,,,0.72,0.72,0,0,0,0
aclnnFusedInferAttentionScoreV3,,,3.664,3.664,16.84,16.84,0,0
aten::view,,,1.653,1.653,0,0,0,0
aten::slice,,,0.854,1.928,0,0,0,0
aten::as_strided,,,1.074,1.074,0,0,0,0
aten::copy_,,,23.54,26.721,0,0.58,0,0
aclnnInplaceCopy,,,3.181,3.181,0.58,0.58,0,0
aten::slice,,,0.613,1.482,0,0,0,0
aten::as_strided,,,0.869,0.869,0,0,0,0
aten::copy_,,,10.894,13.375,0,0,0,0
aclnnInplaceCopy,,,2.481,2.481,0,0,0,0
P13/1104248/01544/acl_dispatch,,,406.427,667.745,0,0,0,0
P13/1104248/01545/graph_replay,,,261.318,261.318,0,0,0,0
vllm::unified_attention_with_output,,,114.435,1162.315,0,20.759999999999998,0,0
P13/1104248/01546/attention,,,297.091,1047.88,0,20.759999999999998,0,0
aten::slice,,,1.807,4.054,0,0,0,0
aten::as_strided,,,2.247,2.247,0,0,0,0
aten::slice,,,0.483,0.772,0,0,0,0
aten::as_strided,,,0.289,0.289,0,0,0,0
aten::slice,,,3.117,4.165,0,0,0,0
aten::as_strided,,,1.048,1.048,0,0,0,0
P13/1104248/01547/cache_write,,,151.229,264.964,0,1.6,0,0
P13/1104248/01548/torch_api,,,82.479,113.735,0,1.6,0,0
atb::_npu_reshape_and_cache,,,19.581,31.256,0,1.6,0,0
ReshapeCacheOperation,,,11.675,11.675,1.6,1.6,0,0
P13/1104248/01549/fia,,,255.11,462.324,0,19.159999999999997,0,0
aten::view,,,4.015,4.015,0,0,0,0
aten::view,,,1.642,1.642,0,0,0,0
aten::slice,,,0.934,1.848,0,0,0,0
aten::as_strided,,,0.914,0.914,0,0,0,0
P13/1104248/01550/torch_api,,,113.208,168.309,0,18.58,0,0
npu::npu_fused_infer_attention_score,,,41.941,55.101,0,18.58,0,0
empty_tensor,,,6.813,6.813,0,0,0,0
empty_tensor,,,1.275,1.275,0,0,0,0
empty_tensor,,,0.79,0.79,0,0,0,0
empty_tensor,,,0.713,0.713,0,0,0,0
aclnnFusedInferAttentionScoreV3,,,3.569,3.569,18.58,18.58,0,0
aten::view,,,1.67,1.67,0,0,0,0
aten::slice,,,0.918,2.022,0,0,0,0
aten::as_strided,,,1.104,1.104,0,0,0,0
aten::copy_,,,24.619,27.708,0,0.58,0,0
aclnnInplaceCopy,,,3.089,3.089,0.58,0.58,0,0
aten::slice,,,0.654,1.47,0,0,0,0
aten::as_strided,,,0.816,0.816,0,0,0,0
aten::copy_,,,10.433,13.04,0,0,0,0
aclnnInplaceCopy,,,2.607,2.607,0,0,0,0
P13/1104248/01551/acl_dispatch,,,406.646,664.771,0,0,0,0
P13/1104248/01552/graph_replay,,,258.125,258.125,0,0,0,0
vllm::unified_attention_with_output,,,110.092,1150.225,0,24.222,0,0
P13/1104248/01553/attention,,,301.468,1040.133,0,24.222,0,0
aten::slice,,,1.84,3.876,0,0,0,0
aten::as_strided,,,2.036,2.036,0,0,0,0
aten::slice,,,0.409,0.771,0,0,0,0
aten::as_strided,,,0.362,0.362,0,0,0,0
aten::slice,,,2.975,4.005,0,0,0,0
aten::as_strided,,,1.03,1.03,0,0,0,0
P13/1104248/01554/cache_write,,,146.487,252.017,0,1.941,0,0
P13/1104248/01555/torch_api,,,86.036,105.53,0,1.941,0,0
atb::_npu_reshape_and_cache,,,15.084,19.494,0,1.941,0,0
ReshapeCacheOperation,,,4.41,4.41,1.941,1.941,0,0
P13/1104248/01556/fia,,,253.652,454.168,0,22.281,0,0
aten::view,,,3.818,3.818,0,0,0,0
aten::view,,,1.038,1.038,0,0,0,0
aten::slice,,,0.721,1.649,0,0,0,0
aten::as_strided,,,0.928,0.928,0,0,0,0
P13/1104248/01557/torch_api,,,108.999,163.264,0,21.701,0,0
npu::npu_fused_infer_attention_score,,,41.322,54.265,0,21.701,0,0
empty_tensor,,,6.39,6.39,0,0,0,0
empty_tensor,,,1.319,1.319,0,0,0,0
empty_tensor,,,0.847,0.847,0,0,0,0
empty_tensor,,,0.967,0.967,0,0,0,0
aclnnFusedInferAttentionScoreV3,,,3.42,3.42,21.701,21.701,0,0
aten::view,,,1.723,1.723,0,0,0,0
aten::slice,,,0.954,1.976,0,0,0,0
aten::as_strided,,,1.022,1.022,0,0,0,0
aten::copy_,,,23.956,27.048,0,0.58,0,0
aclnnInplaceCopy,,,3.092,3.092,0.58,0.58,0,0
aten::slice,,,0.718,1.631,0,0,0,0
aten::as_strided,,,0.913,0.913,0,0,0,0
aten::copy_,,,10.917,22.197,0,0,0,0
aclnnInplaceCopy,,,11.28,11.28,0,0,0,0
P13/1104248/01558/acl_dispatch,,,452.023,711.401,0,0,0,0
P13/1104248/01559/graph_replay,,,259.378,259.378,0,0,0,0
vllm::unified_attention_with_output,,,106.44,1144.127,0,27.281,0,0
P13/1104248/01560/attention,,,300.792,1037.687,0,27.281,0,0
aten::slice,,,2.122,4.461,0,0,0,0
aten::as_strided,,,2.339,2.339,0,0,0,0
aten::slice,,,0.454,0.815,0,0,0,0
aten::as_strided,,,0.361,0.361,0,0,0,0
aten::slice,,,4.103,5.078,0,0,0,0
aten::as_strided,,,0.975,0.975,0,0,0,0
P13/1104248/01561/cache_write,,,149.489,257.838,0,1.74,0,0
P13/1104248/01562/torch_api,,,83.669,108.349,0,1.74,0,0
atb::_npu_reshape_and_cache,,,15.588,24.68,0,1.74,0,0
ReshapeCacheOperation,,,9.092,9.092,1.74,1.74,0,0
P13/1104248/01563/fia,,,248.276,453.06,0,25.540999999999997,0,0
aten::view,,,3.762,3.762,0,0,0,0
aten::view,,,1.106,1.106,0,0,0,0
aten::slice,,,0.899,1.903,0,0,0,0
aten::as_strided,,,1.004,1.004,0,0,0,0
P13/1104248/01564/torch_api,,,109.66,166.564,0,24.961,0,0
npu::npu_fused_infer_attention_score,,,43.333,56.904,0,24.961,0,0
empty_tensor,,,6.648,6.648,0,0,0,0
empty_tensor,,,1.297,1.297,0,0,0,0
empty_tensor,,,1.047,1.047,0,0,0,0
empty_tensor,,,0.993,0.993,0,0,0,0
aclnnFusedInferAttentionScoreV3,,,3.586,3.586,24.961,24.961,0,0
aten::view,,,1.616,1.616,0,0,0,0
aten::slice,,,0.905,1.985,0,0,0,0
aten::as_strided,,,1.08,1.08,0,0,0,0
aten::copy_,,,24.921,27.848,0,0.58,0,0
aclnnInplaceCopy,,,2.927,2.927,0.58,0.58,0,0
aten::slice,,,0.678,1.583,0,0,0,0
aten::as_strided,,,0.905,0.905,0,0,0,0
aten::copy_,,,11.288,14.06,0,0,0,0
aclnnInplaceCopy,,,2.772,2.772,0,0,0,0
P13/1104248/01565/acl_dispatch,,,402.393,664.614,0,0,0,0
P13/1104248/01566/graph_replay,,,262.221,262.221,0,0,0,0
vllm::unified_attention_with_output,,,104.126,1121.159,0,20.680999999999997,0,0
P13/1104248/01567/attention,,,296.87,1017.033,0,20.680999999999997,0,0
aten::slice,,,1.866,4.084,0,0,0,0
aten::as_strided,,,2.218,2.218,0,0,0,0
aten::slice,,,1.064,1.361,0,0,0,0
aten::as_strided,,,0.297,0.297,0,0,0,0
aten::slice,,,2.702,3.606,0,0,0,0
aten::as_strided,,,0.904,0.904,0,0,0,0
P13/1104248/01568/cache_write,,,144.683,248.589,0,2.401,0,0
P13/1104248/01569/torch_api,,,84.736,103.906,0,2.401,0,0
atb::_npu_reshape_and_cache,,,14.925,19.17,0,2.401,0,0
ReshapeCacheOperation,,,4.245,4.245,2.401,2.401,0,0
P13/1104248/01570/fia,,,241.837,444.804,0,18.279999999999998,0,0
aten::view,,,3.55,3.55,0,0,0,0
aten::view,,,0.871,0.871,0,0,0,0
aten::slice,,,0.845,1.833,0,0,0,0
aten::as_strided,,,0.988,0.988,0,0,0,0
P13/1104248/01571/torch_api,,,111.408,166.544,0,17.72,0,0
npu::npu_fused_infer_attention_score,,,41.495,55.136,0,17.72,0,0
empty_tensor,,,6.648,6.648,0,0,0,0
empty_tensor,,,1.381,1.381,0,0,0,0
empty_tensor,,,1.038,1.038,0,0,0,0
empty_tensor,,,0.937,0.937,0,0,0,0
aclnnFusedInferAttentionScoreV3,,,3.637,3.637,17.72,17.72,0,0
aten::view,,,1.639,1.639,0,0,0,0
aten::slice,,,0.879,1.895,0,0,0,0
aten::as_strided,,,1.016,1.016,0,0,0,0
aten::copy_,,,23.625,26.635,0,0.56,0,0
aclnnInplaceCopy,,,3.01,3.01,0.56,0.56,0,0
aten::slice,,,0.725,1.602,0,0,0,0
aten::as_strided,,,0.877,0.877,0,0,0,0
aten::copy_,,,11.015,16.117,0,0,0,0
aclnnInplaceCopy,,,5.102,5.102,0,0,0,0
P13/1104248/01572/acl_dispatch,,,406.137,673.032,0,0,0,0
P13/1104248/01573/graph_replay,,,266.895,266.895,0,0,0,0
vllm::unified_attention_with_output,,,105.386,1128.615,0,21.841,0,0
P13/1104248/01574/attention,,,296.861,1023.229,0,21.841,0,0
aten::slice,,,2.068,4.36,0,0,0,0
aten::as_strided,,,2.292,2.292,0,0,0,0
aten::slice,,,0.331,0.776,0,0,0,0
aten::as_strided,,,0.445,0.445,0,0,0,0
aten::slice,,,2.819,3.909,0,0,0,0
aten::as_strided,,,1.09,1.09,0,0,0,0
P13/1104248/01575/cache_write,,,144.403,249.546,0,2.08,0,0
P13/1104248/01576/torch_api,,,85.605,105.143,0,2.08,0,0
atb::_npu_reshape_and_cache,,,15.075,19.538,0,2.08,0,0
ReshapeCacheOperation,,,4.463,4.463,2.08,2.08,0,0
P13/1104248/01577/fia,,,242.625,452.025,0,19.761,0,0
aten::view,,,3.637,3.637,0,0,0,0
aten::view,,,1.164,1.164,0,0,0,0
aten::slice,,,0.757,1.635,0,0,0,0
aten::as_strided,,,0.878,0.878,0,0,0,0
P13/1104248/01578/torch_api,,,116.387,171.821,0,19.181,0,0
npu::npu_fused_infer_attention_score,,,42.44,55.434,0,19.181,0,0
empty_tensor,,,6.396,6.396,0,0,0,0
empty_tensor,,,1.336,1.336,0,0,0,0
empty_tensor,,,1.058,1.058,0,0,0,0
empty_tensor,,,0.775,0.775,0,0,0,0
aclnnFusedInferAttentionScoreV3,,,3.429,3.429,19.181,19.181,0,0
aten::view,,,1.689,1.689,0,0,0,0
aten::slice,,,0.987,2.695,0,0,0,0
aten::as_strided,,,1.708,1.708,0,0,0,0
aten::copy_,,,23.852,26.759,0,0.58,0,0
aclnnInplaceCopy,,,2.907,2.907,0.58,0.58,0,0
aten::slice,,,0.784,1.725,0,0,0,0
aten::as_strided,,,0.941,0.941,0,0,0,0
aten::copy_,,,11.293,14.027,0,0,0,0
aclnnInplaceCopy,,,2.734,2.734,0,0,0,0
P13/1104248/01579/acl_dispatch,,,408.709,673.459,0,0,0,0
P13/1104248/01580/graph_replay,,,264.75,264.75,0,0,0,0
vllm::unified_attention_with_output,,,106.298,1135.143,0,23.041,0,0
P13/1104248/01581/attention,,,295.485,1028.845,0,23.041,0,0
aten::slice,,,1.886,4.075,0,0,0,0
aten::as_strided,,,2.189,2.189,0,0,0,0
aten::slice,,,0.3,0.61,0,0,0,0
aten::as_strided,,,0.31,0.31,0,0,0,0
aten::slice,,,2.856,3.836,0,0,0,0
aten::as_strided,,,0.98,0.98,0,0,0,0
P13/1104248/01582/cache_write,,,148.732,249.398,0,1.88,0,0
P13/1104248/01583/torch_api,,,80.816,100.666,0,1.88,0,0
atb::_npu_reshape_and_cache,,,15.623,19.85,0,1.88,0,0
ReshapeCacheOperation,,,4.227,4.227,1.88,1.88,0,0
P13/1104248/01584/fia,,,245.694,459.711,0,21.160999999999998,0,0
aten::view,,,3.646,3.646,0,0,0,0
aten::view,,,1.04,1.04,0,0,0,0
aten::slice,,,0.732,1.67,0,0,0,0
aten::as_strided,,,0.938,0.938,0,0,0,0
P13/1104248/01585/torch_api,,,117.428,175.276,0,20.581,0,0
npu::npu_fused_infer_attention_score,,,41.612,57.848,0,20.581,0,0
empty_tensor,,,6.935,6.935,0,0,0,0
empty_tensor,,,1.25,1.25,0,0,0,0
empty_tensor,,,0.869,0.869,0,0,0,0
empty_tensor,,,3.436,3.436,0,0,0,0
aclnnFusedInferAttentionScoreV3,,,3.746,3.746,20.581,20.581,0,0
aten::view,,,1.71,1.71,0,0,0,0
aten::slice,,,0.826,1.963,0,0,0,0
aten::as_strided,,,1.137,1.137,0,0,0,0
aten::copy_,,,23.481,28.712,0,0.58,0,0
aclnnInplaceCopy,,,5.231,5.231,0.58,0.58,0,0
aten::slice,,,0.713,1.586,0,0,0,0
aten::as_strided,,,0.873,0.873,0,0,0,0
aten::copy_,,,11.33,14.144,0,0,0,0
aclnnInplaceCopy,,,2.814,2.814,0,0,0,0
P13/1104248/01586/acl_dispatch,,,406.833,670.584,0,0,0,0
P13/1104248/01587/graph_replay,,,263.751,263.751,0,0,0,0
vllm::unified_attention_with_output,,,109.431,1130.239,0,24.621,0,0
P13/1104248/01588/attention,,,291.963,1020.808,0,24.621,0,0
aten::slice,,,1.883,4.033,0,0,0,0
aten::as_strided,,,2.15,2.15,0,0,0,0
aten::slice,,,0.447,0.796,0,0,0,0
aten::as_strided,,,0.349,0.349,0,0,0,0
aten::slice,,,2.911,3.822,0,0,0,0
aten::as_strided,,,0.911,0.911,0,0,0,0
P13/1104248/01589/cache_write,,,146.189,249.951,0,1.76,0,0
P13/1104248/01590/torch_api,,,82.027,103.762,0,1.76,0,0
atb::_npu_reshape_and_cache,,,15.398,21.735,0,1.76,0,0
ReshapeCacheOperation,,,6.337,6.337,1.76,1.76,0,0
P13/1104248/01591/fia,,,249.755,455.58,0,22.860999999999997,0,0
aten::view,,,3.891,3.891,0,0,0,0
aten::view,,,0.895,0.895,0,0,0,0
aten::slice,,,0.715,1.586,0,0,0,0
aten::as_strided,,,0.871,0.871,0,0,0,0
P13/1104248/01592/torch_api,,,114.503,168.912,0,22.281,0,0
npu::npu_fused_infer_attention_score,,,40.888,54.409,0,22.281,0,0
empty_tensor,,,7.142,7.142,0,0,0,0
empty_tensor,,,1.262,1.262,0,0,0,0
empty_tensor,,,0.795,0.795,0,0,0,0
empty_tensor,,,0.675,0.675,0,0,0,0
aclnnFusedInferAttentionScoreV3,,,3.647,3.647,22.281,22.281,0,0
aten::view,,,1.74,1.74,0,0,0,0
aten::slice,,,0.969,2.064,0,0,0,0
aten::as_strided,,,1.095,1.095,0,0,0,0
aten::copy_,,,23.817,26.737,0,0.58,0,0
aclnnInplaceCopy,,,2.92,2.92,0.58,0.58,0,0
aten::slice,,,0.627,1.52,0,0,0,0
aten::as_strided,,,0.893,0.893,0,0,0,0
aten::copy_,,,10.486,13.143,0,0,0,0
aclnnInplaceCopy,,,2.657,2.657,0,0,0,0
P13/1104248/01593/acl_dispatch,,,407.408,671.298,0,0,0,0
P13/1104248/01594/graph_replay,,,263.89,263.89,0,0,0,0
vllm::unified_attention_with_output,,,105.622,1134.278,0,23.101,0,0
P13/1104248/01595/attention,,,295.205,1028.656,0,23.101,0,0
aten::slice,,,1.914,4.15,0,0,0,0
aten::as_strided,,,2.236,2.236,0,0,0,0
aten::slice,,,0.373,0.888,0,0,0,0
aten::as_strided,,,0.515,0.515,0,0,0,0
aten::slice,,,2.806,3.851,0,0,0,0
aten::as_strided,,,1.045,1.045,0,0,0,0
P13/1104248/01596/cache_write,,,157.561,263.805,0,2.26,0,0
P13/1104248/01597/torch_api,,,85.787,106.244,0,2.26,0,0
atb::_npu_reshape_and_cache,,,15.938,20.457,0,2.26,0,0
ReshapeCacheOperation,,,4.519,4.519,2.26,2.26,0,0
P13/1104248/01598/fia,,,244.967,445.539,0,20.840999999999998,0,0
aten::view,,,3.632,3.632,0,0,0,0
aten::view,,,1.106,1.106,0,0,0,0
aten::slice,,,0.702,1.551,0,0,0,0
aten::as_strided,,,0.849,0.849,0,0,0,0
P13/1104248/01599/torch_api,,,107.119,161.777,0,20.261,0,0
npu::npu_fused_infer_attention_score,,,41.579,54.658,0,20.261,0,0
empty_tensor,,,6.469,6.469,0,0,0,0
empty_tensor,,,1.212,1.212,0,0,0,0
empty_tensor,,,0.801,0.801,0,0,0,0
empty_tensor,,,0.91,0.91,0,0,0,0
aclnnFusedInferAttentionScoreV3,,,3.687,3.687,20.261,20.261,0,0
aten::view,,,1.727,1.727,0,0,0,0
aten::slice,,,0.742,1.723,0,0,0,0
aten::as_strided,,,0.981,0.981,0,0,0,0
aten::copy_,,,23.554,29.056,0,0.58,0,0
aclnnInplaceCopy,,,5.502,5.502,0.58,0.58,0,0
aten::slice,,,0.769,1.668,0,0,0,0
aten::as_strided,,,0.899,0.899,0,0,0,0
aten::copy_,,,11.024,13.55,0,0,0,0
aclnnInplaceCopy,,,2.526,2.526,0,0,0,0
P13/1104248/01600/acl_dispatch,,,407.469,678.609,0,0,0,0
P13/1104248/01601/graph_replay,,,271.14,271.14,0,0,0,0
vllm::unified_attention_with_output,,,105.56,1132.33,0,19.301000000000002,0,0
P13/1104248/01602/attention,,,298.421,1026.77,0,19.301000000000002,0,0
aten::slice,,,2.037,4.126,0,0,0,0
aten::as_strided,,,2.089,2.089,0,0,0,0
aten::slice,,,0.481,0.973,0,0,0,0
aten::as_strided,,,0.492,0.492,0,0,0,0
aten::slice,,,3.166,4.021,0,0,0,0
aten::as_strided,,,0.855,0.855,0,0,0,0
P13/1104248/01603/cache_write,,,150.837,255.438,0,1.72,0,0
P13/1104248/01604/torch_api,,,82.145,104.601,0,1.72,0,0
atb::_npu_reshape_and_cache,,,17.793,22.456,0,1.72,0,0
ReshapeCacheOperation,,,4.663,4.663,1.72,1.72,0,0
P13/1104248/01605/fia,,,245.165,448.154,0,17.581,0,0
aten::view,,,3.93,3.93,0,0,0,0
aten::view,,,1.658,1.658,0,0,0,0
aten::slice,,,0.807,1.761,0,0,0,0
aten::as_strided,,,0.954,0.954,0,0,0,0
P13/1104248/01606/torch_api,,,109.031,165.125,0,17.001,0,0
npu::npu_fused_infer_attention_score,,,42.635,56.094,0,17.001,0,0
empty_tensor,,,6.543,6.543,0,0,0,0
empty_tensor,,,1.232,1.232,0,0,0,0
empty_tensor,,,1.027,1.027,0,0,0,0
empty_tensor,,,1.18,1.18,0,0,0,0
aclnnFusedInferAttentionScoreV3,,,3.477,3.477,17.001,17.001,0,0
aten::view,,,1.593,1.593,0,0,0,0
aten::slice,,,0.833,1.903,0,0,0,0
aten::as_strided,,,1.07,1.07,0,0,0,0
aten::copy_,,,24.232,27.019,0,0.58,0,0
aclnnInplaceCopy,,,2.787,2.787,0.58,0.58,0,0
aten::slice,,,0.635,1.575,0,0,0,0
aten::as_strided,,,0.94,0.94,0,0,0,0
aten::copy_,,,11.317,14.062,0,0,0,0
aclnnInplaceCopy,,,2.745,2.745,0,0,0,0
P13/1104248/01607/acl_dispatch,,,400.749,664.693,0,0,0,0
P13/1104248/01608/graph_replay,,,263.944,263.944,0,0,0,0
vllm::unified_attention_with_output,,,106.477,1126.098,0,23.441,0,0
P13/1104248/01609/attention,,,293.562,1019.621,0,23.441,0,0
aten::slice,,,1.93,4.094,0,0,0,0
aten::as_strided,,,2.164,2.164,0,0,0,0
aten::slice,,,0.441,0.753,0,0,0,0
aten::as_strided,,,0.312,0.312,0,0,0,0
aten::slice,,,2.788,3.632,0,0,0,0
aten::as_strided,,,0.844,0.844,0,0,0,0
P13/1104248/01610/cache_write,,,143.65,250.141,0,2.28,0,0
P13/1104248/01611/torch_api,,,87.48,106.491,0,2.28,0,0
atb::_npu_reshape_and_cache,,,14.389,19.011,0,2.28,0,0
ReshapeCacheOperation,,,4.622,4.622,2.28,2.28,0,0
P13/1104248/01612/fia,,,246.83,451.875,0,21.160999999999998,0,0
aten::view,,,3.61,3.61,0,0,0,0
aten::view,,,1.127,1.127,0,0,0,0
aten::slice,,,0.691,1.618,0,0,0,0
aten::as_strided,,,0.927,0.927,0,0,0,0
P13/1104248/01613/torch_api,,,111.241,167.556,0,20.581,0,0
npu::npu_fused_infer_attention_score,,,41.039,56.315,0,20.581,0,0
empty_tensor,,,6.383,6.383,0,0,0,0
empty_tensor,,,1.339,1.339,0,0,0,0
empty_tensor,,,0.784,0.784,0,0,0,0
empty_tensor,,,0.725,0.725,0,0,0,0
aclnnFusedInferAttentionScoreV3,,,6.045,6.045,20.581,20.581,0,0
aten::view,,,1.692,1.692,0,0,0,0
aten::slice,,,0.885,1.905,0,0,0,0
aten::as_strided,,,1.02,1.02,0,0,0,0
aten::copy_,,,22.916,27.537,0,0.58,0,0
aclnnInplaceCopy,,,4.621,4.621,0.58,0.58,0,0
aten::slice,,,0.657,1.566,0,0,0,0
aten::as_strided,,,0.909,0.909,0,0,0,0
aten::copy_,,,11.253,13.998,0,0,0,0
aclnnInplaceCopy,,,2.745,2.745,0,0,0,0
P13/1104248/01614/acl_dispatch,,,400.941,663.978,0,0,0,0
P13/1104248/01615/graph_replay,,,263.037,263.037,0,0,0,0
vllm::unified_attention_with_output,,,110.5,1138.606,0,21.980999999999998,0,0
P13/1104248/01616/attention,,,300.026,1028.106,0,21.980999999999998,0,0
aten::slice,,,1.928,4.009,0,0,0,0
aten::as_strided,,,2.081,2.081,0,0,0,0
aten::slice,,,0.429,0.82,0,0,0,0
aten::as_strided,,,0.391,0.391,0,0,0,0
aten::slice,,,3.9,4.786,0,0,0,0
aten::as_strided,,,0.886,0.886,0,0,0,0
P13/1104248/01617/cache_write,,,145.186,249.416,0,2.26,0,0
P13/1104248/01618/torch_api,,,82.668,104.23,0,2.26,0,0
atb::_npu_reshape_and_cache,,,15.431,21.562,0,2.26,0,0
ReshapeCacheOperation,,,6.131,6.131,2.26,2.26,0,0
P13/1104248/01619/fia,,,245.155,454.039,0,19.720999999999997,0,0
aten::view,,,3.486,3.486,0,0,0,0
aten::view,,,0.971,0.971,0,0,0,0
aten::slice,,,0.851,1.758,0,0,0,0
aten::as_strided,,,0.907,0.907,0,0,0,0
P13/1104248/01620/torch_api,,,117.807,172.493,0,19.141,0,0
npu::npu_fused_infer_attention_score,,,41.468,54.686,0,19.141,0,0
empty_tensor,,,6.498,6.498,0,0,0,0
empty_tensor,,,1.307,1.307,0,0,0,0
empty_tensor,,,0.873,0.873,0,0,0,0
empty_tensor,,,0.992,0.992,0,0,0,0
aclnnFusedInferAttentionScoreV3,,,3.548,3.548,19.141,19.141,0,0
aten::view,,,1.64,1.64,0,0,0,0
aten::slice,,,1.155,2.159,0,0,0,0
aten::as_strided,,,1.004,1.004,0,0,0,0
aten::copy_,,,23.464,26.377,0,0.58,0,0
aclnnInplaceCopy,,,2.913,2.913,0.58,0.58,0,0
aten::slice,,,0.691,1.569,0,0,0,0
aten::as_strided,,,0.878,0.878,0,0,0,0
aten::copy_,,,10.898,13.441,0,0,0,0
aclnnInplaceCopy,,,2.543,2.543,0,0,0,0
P13/1104248/01621/acl_dispatch,,,397.547,661.687,0,0,0,0
P13/1104248/01622/graph_replay,,,264.14,264.14,0,0,0,0
vllm::unified_attention_with_output,,,108.262,1146.463,0,21.941,0,0
P13/1104248/01623/attention,,,295.994,1038.201,0,21.941,0,0
aten::slice,,,1.887,4.085,0,0,0,0
aten::as_strided,,,2.198,2.198,0,0,0,0
aten::slice,,,1.335,1.635,0,0,0,0
aten::as_strided,,,0.3,0.3,0,0,0,0
aten::slice,,,2.959,3.971,0,0,0,0
aten::as_strided,,,1.012,1.012,0,0,0,0
P13/1104248/01624/cache_write,,,145.778,249.417,0,1.98,0,0
P13/1104248/01625/torch_api,,,84.485,103.639,0,1.98,0,0
atb::_npu_reshape_and_cache,,,14.757,19.154,0,1.98,0,0
ReshapeCacheOperation,,,4.397,4.397,1.98,1.98,0,0
P13/1104248/01626/fia,,,247.394,458.928,0,19.961,0,0
aten::view,,,3.673,3.673,0,0,0,0
aten::view,,,1.125,1.125,0,0,0,0
aten::slice,,,0.754,1.635,0,0,0,0
aten::as_strided,,,0.881,0.881,0,0,0,0
P13/1104248/01627/torch_api,,,116.975,174.058,0,19.381,0,0
npu::npu_fused_infer_attention_score,,,41.73,57.083,0,19.381,0,0
empty_tensor,,,6.528,6.528,0,0,0,0
empty_tensor,,,1.349,1.349,0,0,0,0
empty_tensor,,,0.924,0.924,0,0,0,0
empty_tensor,,,0.931,0.931,0,0,0,0
aclnnFusedInferAttentionScoreV3,,,5.621,5.621,19.381,19.381,0,0
aten::view,,,1.759,1.759,0,0,0,0
aten::slice,,,0.841,1.889,0,0,0,0
aten::as_strided,,,1.048,1.048,0,0,0,0
aten::copy_,,,23.979,27.395,0,0.58,0,0
aclnnInplaceCopy,,,3.416,3.416,0.58,0.58,0,0
aten::slice,,,0.691,1.596,0,0,0,0
aten::as_strided,,,0.905,0.905,0,0,0,0
aten::copy_,,,10.932,22.575,0,0,0,0
aclnnInplaceCopy,,,11.643,11.643,0,0,0,0
P13/1104248/01628/acl_dispatch,,,418.734,688.276,0,0,0,0
P13/1104248/01629/graph_replay,,,269.542,269.542,0,0,0,0
vllm::unified_attention_with_output,,,108.708,1137.013,0,18.321,0,0
P13/1104248/01630/attention,,,304.566,1028.305,0,18.321,0,0
aten::slice,,,2.136,4.401,0,0,0,0
aten::as_strided,,,2.265,2.265,0,0,0,0
aten::slice,,,0.416,0.887,0,0,0,0
aten::as_strided,,,0.471,0.471,0,0,0,0
aten::slice,,,2.846,3.703,0,0,0,0
aten::as_strided,,,0.857,0.857,0,0,0,0
P13/1104248/01631/cache_write,,,144.542,244.756,0,1.58,0,0
P13/1104248/01632/torch_api,,,80.742,100.214,0,1.58,0,0
atb::_npu_reshape_and_cache,,,14.973,19.472,0,1.58,0,0
ReshapeCacheOperation,,,4.499,4.499,1.58,1.58,0,0
P13/1104248/01633/fia,,,249.252,454.838,0,16.741,0,0
aten::view,,,3.501,3.501,0,0,0,0
aten::view,,,1.07,1.07,0,0,0,0
aten::slice,,,0.896,1.748,0,0,0,0
aten::as_strided,,,0.852,0.852,0,0,0,0
P13/1104248/01634/torch_api,,,111.445,166.617,0,16.161,0,0
npu::npu_fused_infer_attention_score,,,42.094,55.172,0,16.161,0,0
empty_tensor,,,6.623,6.623,0,0,0,0
empty_tensor,,,1.252,1.252,0,0,0,0
empty_tensor,,,0.741,0.741,0,0,0,0
empty_tensor,,,0.753,0.753,0,0,0,0
aclnnFusedInferAttentionScoreV3,,,3.709,3.709,16.161,16.161,0,0
aten::view,,,1.741,1.741,0,0,0,0
aten::slice,,,0.832,3.862,0,0,0,0
aten::as_strided,,,3.03,3.03,0,0,0,0
aten::copy_,,,24.022,27.047,0,0.58,0,0
aclnnInplaceCopy,,,3.025,3.025,0.58,0.58,0,0
aten::slice,,,0.704,1.6,0,0,0,0
aten::as_strided,,,0.896,0.896,0,0,0,0
aten::copy_,,,10.87,13.554,0,0,0,0
aclnnInplaceCopy,,,2.684,2.684,0,0,0,0
P13/1104248/01635/acl_dispatch,,,420.89,679.712,0,0,0,0
P13/1104248/01636/graph_replay,,,258.822,258.822,0,0,0,0
vllm::unified_attention_with_output,,,107.372,1183.887,0,25.621000000000002,0,0
P13/1104248/01637/attention,,,308.809,1076.515,0,25.621000000000002,0,0
aten::slice,,,1.926,4.083,0,0,0,0
aten::as_strided,,,2.157,2.157,0,0,0,0
aten::slice,,,0.366,0.688,0,0,0,0
aten::as_strided,,,0.322,0.322,0,0,0,0
aten::slice,,,2.886,3.785,0,0,0,0
aten::as_strided,,,0.899,0.899,0,0,0,0
P13/1104248/01638/cache_write,,,147.643,256.475,0,2.38,0,0
P13/1104248/01639/torch_api,,,81.362,108.832,0,2.38,0,0
atb::_npu_reshape_and_cache,,,20.657,27.47,0,2.38,0,0
ReshapeCacheOperation,,,6.813,6.813,2.38,2.38,0,0
P13/1104248/01640/fia,,,274.476,486.616,0,23.241,0,0
aten::view,,,3.911,3.911,0,0,0,0
aten::view,,,0.958,0.958,0,0,0,0
aten::slice,,,0.89,1.77,0,0,0,0
aten::as_strided,,,0.88,0.88,0,0,0,0
P13/1104248/01641/torch_api,,,116.409,173.652,0,22.661,0,0
npu::npu_fused_infer_attention_score,,,42.669,57.243,0,22.661,0,0
empty_tensor,,,6.785,6.785,0,0,0,0
empty_tensor,,,1.252,1.252,0,0,0,0
empty_tensor,,,0.796,0.796,0,0,0,0
empty_tensor,,,2.211,2.211,0,0,0,0
aclnnFusedInferAttentionScoreV3,,,3.53,3.53,22.661,22.661,0,0
aten::view,,,1.821,1.821,0,0,0,0
aten::slice,,,1.05,2.248,0,0,0,0
aten::as_strided,,,1.198,1.198,0,0,0,0
aten::copy_,,,24.758,27.78,0,0.58,0,0
aclnnInplaceCopy,,,3.022,3.022,0.58,0.58,0,0
aten::slice,,,0.754,1.694,0,0,0,0
aten::as_strided,,,0.94,0.94,0,0,0,0
aten::copy_,,,11.735,14.365,0,0,0,0
aclnnInplaceCopy,,,2.63,2.63,0,0,0,0
P13/1104248/01642/acl_dispatch,,,408.85,677.573,0,0,0,0
P13/1104248/01643/graph_replay,,,268.723,268.723,0,0,0,0
vllm::unified_attention_with_output,,,104.668,1123.592,0,23.921,0,0
P13/1104248/01644/attention,,,292.161,1018.924,0,23.921,0,0
aten::slice,,,1.88,4.109,0,0,0,0
aten::as_strided,,,2.229,2.229,0,0,0,0
aten::slice,,,0.549,1.033,0,0,0,0
aten::as_strided,,,0.484,0.484,0,0,0,0
aten::slice,,,2.856,3.78,0,0,0,0
aten::as_strided,,,0.924,0.924,0,0,0,0
P13/1104248/01645/cache_write,,,152.329,258.595,0,1.66,0,0
P13/1104248/01646/torch_api,,,85.014,106.266,0,1.66,0,0
atb::_npu_reshape_and_cache,,,15.199,21.252,0,1.66,0,0
ReshapeCacheOperation,,,6.053,6.053,1.66,1.66,0,0
P13/1104248/01647/fia,,,241.383,443.883,0,22.261,0,0
aten::view,,,3.673,3.673,0,0,0,0
aten::view,,,1.083,1.083,0,0,0,0
aten::slice,,,0.75,1.605,0,0,0,0
aten::as_strided,,,0.855,0.855,0,0,0,0
P13/1104248/01648/torch_api,,,110.577,166.093,0,21.681,0,0
npu::npu_fused_infer_attention_score,,,41.808,55.516,0,21.681,0,0
empty_tensor,,,7.177,7.177,0,0,0,0
empty_tensor,,,1.32,1.32,0,0,0,0
empty_tensor,,,1.005,1.005,0,0,0,0
empty_tensor,,,0.753,0.753,0,0,0,0
aclnnFusedInferAttentionScoreV3,,,3.453,3.453,21.681,21.681,0,0
aten::view,,,1.594,1.594,0,0,0,0
aten::slice,,,0.807,1.812,0,0,0,0
aten::as_strided,,,1.005,1.005,0,0,0,0
aten::copy_,,,23.662,26.64,0,0.58,0,0
aclnnInplaceCopy,,,2.978,2.978,0.58,0.58,0,0
aten::slice,,,0.679,1.47,0,0,0,0
aten::as_strided,,,0.791,0.791,0,0,0,0
aten::copy_,,,11.056,13.893,0,0,0,0
aclnnInplaceCopy,,,2.837,2.837,0,0,0,0
P13/1104248/01649/acl_dispatch,,,406.356,668.446,0,0,0,0
P13/1104248/01650/graph_replay,,,262.09,262.09,0,0,0,0
vllm::unified_attention_with_output,,,103.344,1129.967,0,27.660999999999998,0,0
P13/1104248/01651/attention,,,292.791,1026.623,0,27.660999999999998,0,0
aten::slice,,,1.847,3.917,0,0,0,0
aten::as_strided,,,2.07,2.07,0,0,0,0
aten::slice,,,0.485,0.787,0,0,0,0
aten::as_strided,,,0.302,0.302,0,0,0,0
aten::slice,,,2.852,3.802,0,0,0,0
aten::as_strided,,,0.95,0.95,0,0,0,0
P13/1104248/01652/cache_write,,,145.137,249.869,0,2.12,0,0
P13/1104248/01653/torch_api,,,83.392,104.732,0,2.12,0,0
atb::_npu_reshape_and_cache,,,14.86,21.34,0,2.12,0,0
ReshapeCacheOperation,,,6.48,6.48,2.12,2.12,0,0
P13/1104248/01654/fia,,,253.749,460.231,0,25.540999999999997,0,0
aten::view,,,3.613,3.613,0,0,0,0
aten::view,,,0.878,0.878,0,0,0,0
aten::slice,,,0.888,1.834,0,0,0,0
aten::as_strided,,,0.946,0.946,0,0,0,0
P13/1104248/01655/torch_api,,,113.84,169.97,0,24.961,0,0
npu::npu_fused_infer_attention_score,,,42.251,56.13,0,24.961,0,0
empty_tensor,,,6.923,6.923,0,0,0,0
empty_tensor,,,1.286,1.286,0,0,0,0
empty_tensor,,,1.05,1.05,0,0,0,0
empty_tensor,,,0.939,0.939,0,0,0,0
aclnnFusedInferAttentionScoreV3,,,3.681,3.681,24.961,24.961,0,0
aten::view,,,1.671,1.671,0,0,0,0
aten::slice,,,0.916,1.946,0,0,0,0
aten::as_strided,,,1.03,1.03,0,0,0,0
aten::copy_,,,23.5,26.57,0,0.58,0,0
aclnnInplaceCopy,,,3.07,3.07,0.58,0.58,0,0
aten::slice,,,0.7,1.637,0,0,0,0
aten::as_strided,,,0.937,0.937,0,0,0,0
aten::copy_,,,11.004,13.589,0,0,0,0
aclnnInplaceCopy,,,2.585,2.585,0,0,0,0
P13/1104248/01656/acl_dispatch,,,365.638,630.182,0,0,0,0
P13/1104248/01657/graph_replay,,,264.544,264.544,0,0,0,0
aten::index,,,11.894,23.371,0,8.62,0,0
empty_tensor,,,3.208,3.208,0,0,0,0
empty_tensor,,,4.263,4.263,0,0,0,0
aclnnIndex,,,4.006,4.006,8.62,8.62,0,0
aten::linear,,,2.023,19.28,0,223.97,0,223.97
aten::t,,,2.657,6.074,0,0,0,0
aten::transpose,,,1.514,3.417,0,0,0,0
aten::as_strided,,,1.903,1.903,0,0,0,0
aten::matmul,,,6.609,11.183,0,223.97,0,223.97
empty_tensor,,,1.999,1.999,0,0,0,0
aclnnMatmul,,,2.575,2.575,223.97,223.97,223.97,223.97
aten::alias,,,1.164,1.164,0,0,0,0
P13/1104248/01658/sample,,,1037.57,5431.806,0,472.558,0,0
aten::log_softmax,,,2.53,35.496,0,57.123,0,0
aten::to,,,1.401,19.552,0,8.821,0,0
aten::_to_copy,,,2.539,18.151,0,8.821,0,0
aten::empty,,,1.138,5.581,0,0,0,0
empty_tensor,,,4.443,4.443,0,0,0,0
aten::copy_,,,6.364,10.031,0,8.821,0,0
aclnnInplaceCopy,,,3.667,3.667,8.821,8.821,0,0
aten::_log_softmax,,,5.554,13.414,0,48.302,0,0
empty_tensor,,,2.116,2.116,0,0,0,0
aclnnLogSoftmax,,,5.744,5.744,48.302,48.302,0,0
aten::to,,,0.587,7.007,0,2.62,0,0
aten::_to_copy,,,0.886,6.42,0,2.62,0,0
aten::empty,,,0.487,1.801,0,0,0,0
empty_tensor,,,1.314,1.314,0,0,0,0
aten::copy_,,,2.042,3.733,0,2.62,0,0
aclnnInplaceCopy,,,1.691,1.691,2.62,2.62,0,0
aten::lift_fresh,,,0.248,0.248,0,0,0,0
aten::to,,,0.506,0.506,0,0,0,0
aten::pin_memory,,,1.148,113.573,0,0,0,0
aten::is_pinned,,,10.903,10.903,0,0,0,0
aten::_pin_memory,,,95.058,101.522,0,0,0,0
aten::set_,,,1.563,1.563,0,0,0,0
aten::copy_,,,4.901,4.901,0,0,0,0
aten::to,,,0.654,16.537,0,2.9,0,0
aten::_to_copy,,,1.718,15.883,0,2.9,0,0
aten::empty_strided,,,4.147,5.285,0,0,0,0
empty_tensor,,,1.138,1.138,0,0,0,0
aten::copy_,,,6.036,8.88,0,2.9,0,0
acl_memcpy_host_to_device,,,2.844,2.844,2.9,2.9,0,0
record_event,,,2.355,2.355,0.02,0.02,0,0
aten::eq,,,3.713,6.814,0,2.0,0,0
empty_tensor,,,1.715,1.715,0,0,0,0
aclnnEqScalar,,,1.386,1.386,2.0,2.0,0,0
aten::masked_fill_,,,28.571,29.672,0,42.222,0,0
aclnnInplaceMaskedFillScalar,,,1.101,1.101,42.222,42.222,0,0
aten::zeros,,,1.675,8.815,0,9.04,0,0
empty_tensor,,,1.58,1.58,0,0,0,0
aten::zero_,,,2.57,5.56,0,9.04,0,0
aclnnInplaceZero,,,2.99,2.99,9.04,9.04,0,0
P13/1104248/01659/jit_run,,,618.208,769.076,0,67.783,0,0
P13/1104248/01660/launch,,,143.405,150.868,0,67.783,0,0
token_bin_counts_and_mask_kernel,,,7.463,7.463,67.783,67.783,0,0
aten::gt,,,10.245,18.767,0,24.101,0,0
empty_tensor,,,5.178,5.178,0,0,0,0
aclnnGtScalar,,,3.344,3.344,24.101,24.101,0,0
aten::zeros,,,1.639,9.003,0,2.56,0,0
empty_tensor,,,1.873,1.873,0,0,0,0
aten::zero_,,,3.017,5.491,0,2.56,0,0
aclnnInplaceZero,,,2.474,2.474,2.56,2.56,0,0
P13/1104248/01661/jit_run,,,549.639,680.0,0,68.963,0,0
P13/1104248/01662/launch,,,125.703,130.361,0,68.963,0,0
token_bin_counts_and_mask_kernel,,,4.658,4.658,68.963,68.963,0,0
aten::gt,,,7.426,14.296,0,12.38,0,0
empty_tensor,,,3.954,3.954,0,0,0,0
aclnnGtScalar,,,2.916,2.916,12.38,12.38,0,0
P13/1104248/01663/jit_run,,,703.126,864.207,0,76.383,0,0
P13/1104248/01664/launch,,,156.455,161.081,0,76.383,0,0
apply_all_penalties_kernel,,,4.626,4.626,76.383,76.383,0,0
aten::argmax,,,3.118,23.74,0,19.641,0,0
aten::empty,,,1.173,4.987,0,0,0,0
empty_tensor,,,3.814,3.814,0,0,0,0
aten::argmax,,,9.005,15.635,0,19.641,0,0
aten::reshape,,,0.684,2.825,0,0,0,0
aten::view,,,2.141,2.141,0,0,0,0
aclnnArgMax,,,3.805,3.805,19.641,19.641,0,0
aten::view,,,0.745,0.745,0,0,0,0
aten::to,,,0.437,0.437,0,0,0,0
aten::topk,,,5.366,10.254,0,31.962,0,0
empty_tensor,,,1.625,1.625,0,0,0,0
empty_tensor,,,0.894,0.894,0,0,0,0
aclnnTopk,,,2.369,2.369,31.962,31.962,0,0
aten::unsqueeze,,,1.03,2.565,0,0,0,0
aten::as_strided,,,1.535,1.535,0,0,0,0
aten::gather,,,5.416,7.407,0,5.34,0,0
empty_tensor,,,1.024,1.024,0,0,0,0
aclnnGather,,,0.967,0.967,5.34,5.34,0,0
TorchDynamo Cache Lookup,,,26.19,26.19,0,0,0,0
Torch-Compiled Region: 1/0,,,159.362,179.753,0,39.46,0,0
aten::_assert_scalar,,,0.906,0.906,0,0,0,0
aten::_assert_scalar,,,0.207,0.207,0,0,0,0
aten::_assert_scalar,,,0.232,0.232,0,0,0,0
aten::ge,,,4.025,11.18,0,9.02,0,0
empty_tensor,,,2.041,2.041,0,0,0,0
aclnnGeTensor,,,5.114,5.114,9.02,9.02,0,0
aten::sum,,,4.715,7.866,0,30.44,0,0
empty_tensor,,,1.573,1.573,0,0,0,0
aclnnReduceSum,,,1.578,1.578,30.44,30.44,0,0
aten::cat,,,5.144,8.691,0,2.24,0,0
empty_tensor,,,1.074,1.074,0,0,0,0
aclnnCat,,,2.473,2.473,2.24,2.24,0,0
aten::cat,,,2.005,4.736,0,1.66,0,0
empty_tensor,,,1.798,1.798,0,0,0,0
aclnnCat,,,0.933,0.933,1.66,1.66,0,0
aten::to,,,0.666,10.308,0,1.0,0,0
aten::_to_copy,,,2.076,9.642,0,1.0,0,0
aten::empty,,,0.586,2.042,0,0,0,0
empty_tensor,,,1.456,1.456,0,0,0,0
aten::copy_,,,3.745,5.524,0,1.0,0,0
aclnnInplaceCopy,,,1.779,1.779,1.0,1.0,0,0
aten::to,,,0.277,5.89,0,1.02,0,0
aten::_to_copy,,,0.789,5.613,0,1.02,0,0
aten::empty,,,0.331,1.456,0,0,0,0
empty_tensor,,,1.125,1.125,0,0,0,0
aten::copy_,,,1.836,3.368,0,1.02,0,0
aclnnInplaceCopy,,,1.532,1.532,1.02,1.02,0,0
aten::unsqueeze,,,0.764,1.848,0,0,0,0
aten::as_strided,,,1.084,1.084,0,0,0,0
P13/1104248/01665/to_list,,,167.962,1258.627,0,2.14,0,0
aten::slice,,,4.384,5.728,0,0,0,0
aten::as_strided,,,1.344,1.344,0,0,0,0
aten::copy_,,,10.98,15.323,0,2.12,0,0
acl_memcpy_device_to_host,,,4.343,4.343,2.12,2.12,0,0
Event::record,,,198.165,630.937,0,0.02,0,0
P13/1104248/01666/event_record,,,426.697,432.772,0,0.02,0,0
record_event,,,6.075,6.075,0.02,0.02,0,0
Event::synchronize,,,208.219,438.077,0,0,0,0
P13/1104248/01667/synchronize,,,229.858,229.858,0,0,0,0
aten::resolve_conj,,,0.463,0.463,0,0,0,0
aten::resolve_neg,,,0.137,0.137,0,0,0,0
aten::to,,,1.531,113.519,0,0,0,0
aten::_to_copy,,,2.371,111.988,0,0,0,0
aten::empty,,,2.638,2.638,0,0,0,0
aten::copy_,,,106.979,106.979,0,0,0,0
aten::detach,,,1.126,1.126,0,0,0,0
aten::to,,,0.303,0.303,0,0,0,0
aten::resolve_conj,,,0.188,0.188,0,0,0,0
aten::resolve_neg,,,0.106,0.106,0,0,0,0
aten::to,,,0.432,82.874,0,0,0,0
aten::_to_copy,,,1.882,82.442,0,0,0,0
aten::empty,,,0.893,0.893,0,0,0,0
aten::copy_,,,79.667,79.667,0,0,0,0
aten::detach,,,0.253,0.253,0,0,0,0
aten::to,,,0.232,0.232,0,0,0,0
aten::resolve_conj,,,0.23,0.23,0,0,0,0
aten::resolve_neg,,,0.211,0.211,0,0,0,0
aten::to,,,0.507,72.714,0,0,0,0
aten::_to_copy,,,0.964,72.207,0,0,0,0
aten::empty,,,0.545,0.545,0,0,0,0
aten::copy_,,,70.698,70.698,0,0,0,0
aten::detach,,,0.299,0.299,0,0,0,0
aten::to,,,0.265,0.265,0,0,0,0
aten::resolve_conj,,,0.219,0.219,0,0,0,0
aten::resolve_neg,,,0.073,0.073,0,0,0,0
aten::slice,,,1.847,4.061,0,0,0,0
aten::as_strided,,,2.214,2.214,0,0,0,0
P13/1104248/01668/runner,,,1565.762,56319.018,0,947.433,0,225.029
P13/1104248/01669/prepare,,,1079.132,2720.917,0,160.166,0,0
P13/1104248/01670/buffer_copy,,,103.294,133.982,0,2.82,0,0
aten::slice,,,5.837,9.606,0,0,0,0
aten::as_strided,,,3.769,3.769,0,0,0,0
aten::slice,,,0.963,2.147,0,0,0,0
aten::as_strided,,,1.184,1.184,0,0,0,0
aten::copy_,,,13.877,18.935,0,2.82,0,0
acl_memcpy_host_to_device,,,5.058,5.058,2.82,2.82,0,0
aten::lift_fresh,,,0.477,0.477,0,0,0,0
aten::lift_fresh,,,0.086,0.086,0,0,0,0
aten::flatten,,,1.228,3.504,0,0,0,0
aten::view,,,2.276,2.276,0,0,0,0
aten::slice,,,1.506,1.936,0,0,0,0
aten::as_strided,,,0.43,0.43,0,0,0,0
aten::index_select,,,2.51,2.51,0,0,0,0
P13/1104248/01671/buffer_copy,,,89.4,101.673,0,2.68,0,0
aten::copy_,,,8.386,12.273,0,2.68,0,0
acl_memcpy_host_to_device,,,3.887,3.887,2.68,2.68,0,0
aten::slice,,,1.555,2.022,0,0,0,0
aten::as_strided,,,0.467,0.467,0,0,0,0
aten::lift_fresh,,,0.272,0.272,0,0,0,0
aten::slice,,,2.743,2.944,0,0,0,0
aten::as_strided,,,0.201,0.201,0,0,0,0
aten::add,,,5.554,5.554,0,0,0,0
aten::slice,,,0.811,1.067,0,0,0,0
aten::as_strided,,,0.256,0.256,0,0,0,0
aten::fill_,,,1.856,1.856,0,0,0,0
aten::slice,,,0.774,2.442,0,0,0,0
aten::as_strided,,,1.668,1.668,0,0,0,0
aten::fill_,,,8.569,11.593,0,1.24,0,0
aclnnInplaceFillScalar,,,3.024,3.024,1.24,1.24,0,0
P13/1104248/01672/buffer_copy,,,79.375,91.832,0,2.74,0,0
aten::slice,,,1.179,2.227,0,0,0,0
aten::as_strided,,,1.048,1.048,0,0,0,0
aten::slice,,,0.924,1.388,0,0,0,0
aten::as_strided,,,0.464,0.464,0,0,0,0
aten::copy_,,,5.905,8.842,0,2.74,0,0
acl_memcpy_host_to_device,,,2.937,2.937,2.74,2.74,0,0
aten::slice,,,1.025,1.332,0,0,0,0
aten::as_strided,,,0.307,0.307,0,0,0,0
aten::detach,,,1.285,1.285,0,0,0,0
aten::to,,,0.732,0.732,0,0,0,0
aten::resolve_conj,,,0.317,0.317,0,0,0,0
aten::resolve_neg,,,0.116,0.116,0,0,0,0
P13/1104248/01673/buffer_copy,,,73.11,77.234,0,0,0,0
aten::slice,,,1.459,2.708,0,0,0,0
aten::as_strided,,,1.249,1.249,0,0,0,0
aten::slice,,,0.531,0.823,0,0,0,0
aten::as_strided,,,0.292,0.292,0,0,0,0
aten::copy_,,,0.593,0.593,0,0,0,0
P13/1104248/01674/buffer_copy,,,66.934,79.874,0,2.68,0,0
aten::slice,,,1.069,2.015,0,0,0,0
aten::as_strided,,,0.946,0.946,0,0,0,0
aten::slice,,,0.731,2.2,0,0,0,0
aten::as_strided,,,1.469,1.469,0,0,0,0
aten::copy_,,,5.817,8.725,0,2.68,0,0
acl_memcpy_host_to_device,,,2.908,2.908,2.68,2.68,0,0
aten::fill_,,,5.271,8.241,0,1.06,0,0
aclnnInplaceFillScalar,,,2.97,2.97,1.06,1.06,0,0
aten::slice,,,0.987,1.842,0,0,0,0
aten::as_strided,,,0.855,0.855,0,0,0,0
aten::slice,,,0.792,1.102,0,0,0,0
aten::as_strided,,,0.31,0.31,0,0,0,0
aten::copy_,,,3.853,4.847,0,2.641,0,0
acl_memcpy_host_to_device,,,0.994,0.994,2.641,2.641,0,0
P13/1104248/01675/buffer_copy,,,70.864,82.762,0,2.64,0,0
aten::slice,,,1.209,2.166,0,0,0,0
aten::as_strided,,,0.957,0.957,0,0,0,0
aten::slice,,,0.492,0.755,0,0,0,0
aten::as_strided,,,0.263,0.263,0,0,0,0
aten::copy_,,,4.099,8.977,0,2.64,0,0
acl_memcpy_host_to_device,,,4.878,4.878,2.64,2.64,0,0
aten::slice,,,0.905,1.683,0,0,0,0
aten::as_strided,,,0.778,0.778,0,0,0,0
P13/1104248/01676/buffer_copy,,,65.982,77.039,0,2.7,0,0
aten::slice,,,1.045,1.836,0,0,0,0
aten::as_strided,,,0.791,0.791,0,0,0,0
aten::slice,,,0.516,0.822,0,0,0,0
aten::as_strided,,,0.306,0.306,0,0,0,0
aten::copy_,,,4.197,8.399,0,2.7,0,0
acl_memcpy_host_to_device,,,4.202,4.202,2.7,2.7,0,0
P13/1104248/01677/buffer_copy,,,66.735,77.985,0,2.68,0,0
aten::slice,,,1.212,2.183,0,0,0,0
aten::as_strided,,,0.971,0.971,0,0,0,0
aten::slice,,,0.79,1.51,0,0,0,0
aten::as_strided,,,0.72,0.72,0,0,0,0
aten::copy_,,,4.596,7.557,0,2.68,0,0
acl_memcpy_host_to_device,,,2.961,2.961,2.68,2.68,0,0
aten::slice,,,0.839,1.613,0,0,0,0
aten::as_strided,,,0.774,0.774,0,0,0,0
aten::index,,,8.553,18.172,0,8.94,0,0
empty_tensor,,,3.007,3.007,0,0,0,0
empty_tensor,,,3.916,3.916,0,0,0,0
aclnnIndex,,,2.696,2.696,8.94,8.94,0,0
aten::to,,,0.784,11.278,0,0.88,0,0
aten::_to_copy,,,2.165,10.494,0,0.88,0,0
aten::empty,,,0.821,2.788,0,0,0,0
empty_tensor,,,1.967,1.967,0,0,0,0
aten::copy_,,,3.586,5.541,0,0.88,0,0
aclnnInplaceCopy,,,1.955,1.955,0.88,0.88,0,0
aten::slice,,,0.845,1.403,0,0,0,0
aten::as_strided,,,0.558,0.558,0,0,0,0
aten::add,,,4.972,7.66,0,2.4,0,0
empty_tensor,,,1.13,1.13,0,0,0,0
aclnnAdd,,,1.558,1.558,2.4,2.4,0,0
aten::slice,,,0.78,1.353,0,0,0,0
aten::as_strided,,,0.573,0.573,0,0,0,0
aten::copy_,,,24.037,26.625,0,0.54,0,0
aclnnInplaceCopy,,,2.588,2.588,0.54,0.54,0,0
aten::slice,,,0.845,1.285,0,0,0,0
aten::as_strided,,,0.44,0.44,0,0,0,0
aten::add,,,2.978,9.293,0,1.28,0,0
empty_tensor,,,0.935,0.935,0,0,0,0
aclnnAdd,,,5.38,5.38,1.28,1.28,0,0
aten::copy_,,,8.339,10.224,0,0.6,0,0
aclnnInplaceCopy,,,1.885,1.885,0.6,0.6,0,0
aten::slice,,,1.307,1.787,0,0,0,0
aten::as_strided,,,0.48,0.48,0,0,0,0
aten::fill_,,,2.709,4.504,0,0,0,0
aclnnInplaceFillScalar,,,1.795,1.795,0,0,0,0
aten::slice,,,0.646,1.026,0,0,0,0
aten::as_strided,,,0.38,0.38,0,0,0,0
aten::slice,,,0.83,1.348,0,0,0,0
aten::as_strided,,,0.518,0.518,0,0,0,0
P13/1104248/01678/jit_run,,,598.425,742.365,0,120.225,0,0
P13/1104248/01679/launch,,,139.133,143.94,0,120.225,0,0
_compute_slot_mapping_kernel,,,4.807,4.807,120.225,120.225,0,0
aten::slice,,,2.783,4.637,0,0,0,0
aten::as_strided,,,1.854,1.854,0,0,0,0
aten::sub,,,8.188,17.071,0,1.42,0,0
empty_tensor,,,4.519,4.519,0,0,0,0
aten::item,,,0.803,1.36,0,0,0,0
aten::_local_scalar_dense,,,0.557,0.557,0,0,0,0
aclnnSubs,,,3.004,3.004,1.42,1.42,0,0
aten::detach,,,1.56,1.56,0,0,0,0
aten::to,,,0.823,0.823,0,0,0,0
aten::resolve_conj,,,0.304,0.304,0,0,0,0
aten::resolve_neg,,,0.133,0.133,0,0,0,0
aten::slice,,,2.028,3.454,0,0,0,0
aten::as_strided,,,1.426,1.426,0,0,0,0
aten::slice,,,0.923,1.74,0,0,0,0
aten::as_strided,,,0.817,0.817,0,0,0,0
aten::slice,,,0.843,1.531,0,0,0,0
aten::as_strided,,,0.688,0.688,0,0,0,0
aten::slice,,,1.068,1.758,0,0,0,0
aten::as_strided,,,0.69,0.69,0,0,0,0
aten::fill_,,,5.302,8.546,0,0,0,0
aclnnInplaceFillScalar,,,3.244,3.244,0,0,0,0
aten::slice,,,0.684,1.109,0,0,0,0
aten::as_strided,,,0.425,0.425,0,0,0,0
aten::fill_,,,2.551,4.35,0,0,0,0
aclnnInplaceFillScalar,,,1.799,1.799,0,0,0,0
aten::slice,,,0.821,1.173,0,0,0,0
aten::as_strided,,,0.352,0.352,0,0,0,0
aten::slice,,,0.59,0.724,0,0,0,0
aten::as_strided,,,0.134,0.134,0,0,0,0
aten::lt,,,5.673,5.673,0,0,0,0
aten::lift_fresh,,,0.257,0.257,0,0,0,0
aten::slice,,,0.331,0.62,0,0,0,0
aten::as_strided,,,0.289,0.289,0,0,0,0
aten::fill_,,,0.917,3.54,0,0,0,0
aten::copy_,,,2.623,2.623,0,0,0,0
aten::slice,,,0.538,0.698,0,0,0,0
aten::as_strided,,,0.16,0.16,0,0,0,0
aten::slice,,,0.735,1.296,0,0,0,0
aten::as_strided,,,0.561,0.561,0,0,0,0
aten::slice,,,0.572,1.008,0,0,0,0
aten::as_strided,,,0.436,0.436,0,0,0,0
aten::slice,,,0.43,0.865,0,0,0,0
aten::as_strided,,,0.435,0.435,0,0,0,0
aten::slice,,,0.626,0.801,0,0,0,0
aten::as_strided,,,0.175,0.175,0,0,0,0
aten::slice,,,0.909,1.017,0,0,0,0
aten::as_strided,,,0.108,0.108,0,0,0,0
aten::slice,,,0.64,1.243,0,0,0,0
aten::as_strided,,,0.603,0.603,0,0,0,0
aten::slice,,,0.748,1.07,0,0,0,0
aten::as_strided,,,0.322,0.322,0,0,0,0
aten::slice,,,0.689,1.274,0,0,0,0
aten::as_strided,,,0.585,0.585,0,0,0,0
aten::pin_memory,,,1.204,10.365,0,0,0,0
aten::is_pinned,,,9.161,9.161,0,0,0,0
aten::to,,,0.998,18.353,0,2.64,0,0
aten::_to_copy,,,1.965,17.355,0,2.64,0,0
aten::empty_strided,,,4.366,6.462,0,0,0,0
empty_tensor,,,2.096,2.096,0,0,0,0
aten::copy_,,,5.474,8.928,0,2.64,0,0
acl_memcpy_host_to_device,,,3.454,3.454,2.64,2.64,0,0
aten::resolve_conj,,,0.174,0.174,0,0,0,0
aten::resolve_neg,,,0.195,0.195,0,0,0,0
aten::slice,,,0.755,1.175,0,0,0,0
aten::as_strided,,,0.42,0.42,0,0,0,0
aten::resolve_conj,,,0.069,0.069,0,0,0,0
aten::resolve_neg,,,0.198,0.198,0,0,0,0
aten::slice,,,0.659,1.369,0,0,0,0
aten::as_strided,,,0.71,0.71,0,0,0,0
aten::slice,,,0.575,0.951,0,0,0,0
aten::as_strided,,,0.376,0.376,0,0,0,0
aten::index_select,,,7.506,15.349,0,2.5,0,0
empty_tensor,,,2.374,2.374,0,0,0,0
aclnnIndexSelect,,,5.469,5.469,2.5,2.5,0,0
aten::view,,,1.64,1.64,0,0,0,0
aten::repeat,,,3.612,6.9,0,1.86,0,0
empty_tensor,,,1.557,1.557,0,0,0,0
aclnnRepeat,,,1.731,1.731,1.86,1.86,0,0
aten::chunk,,,1.41,7.19,0,0,0,0
aten::split,,,1.137,5.78,0,0,0,0
aten::narrow,,,1.393,2.795,0,0,0,0
aten::slice,,,0.449,1.402,0,0,0,0
aten::as_strided,,,0.953,0.953,0,0,0,0
aten::narrow,,,0.841,1.848,0,0,0,0
aten::slice,,,0.414,1.007,0,0,0,0
aten::as_strided,,,0.593,0.593,0,0,0,0
aten::slice,,,0.849,1.659,0,0,0,0
aten::as_strided,,,0.81,0.81,0,0,0,0
aten::view,,,0.692,0.692,0,0,0,0
aten::expand,,,1.085,1.617,0,0,0,0
aten::as_strided,,,0.532,0.532,0,0,0,0
aten::copy_,,,24.623,27.073,0,0.5,0,0
aclnnInplaceCopy,,,2.45,2.45,0.5,0.5,0,0
aten::index_select,,,3.661,6.098,0,2.26,0,0
empty_tensor,,,1.482,1.482,0,0,0,0
aclnnIndexSelect,,,0.955,0.955,2.26,2.26,0,0
aten::view,,,0.743,0.743,0,0,0,0
aten::repeat,,,1.901,4.099,0,1.5,0,0
empty_tensor,,,0.862,0.862,0,0,0,0
aclnnRepeat,,,1.336,1.336,1.5,1.5,0,0
aten::chunk,,,0.481,3.896,0,0,0,0
aten::split,,,0.475,3.415,0,0,0,0
aten::narrow,,,0.585,1.772,0,0,0,0
aten::slice,,,0.442,1.187,0,0,0,0
aten::as_strided,,,0.745,0.745,0,0,0,0
aten::narrow,,,0.522,1.168,0,0,0,0
aten::slice,,,0.236,0.646,0,0,0,0
aten::as_strided,,,0.41,0.41,0,0,0,0
aten::slice,,,0.575,0.95,0,0,0,0
aten::as_strided,,,0.375,0.375,0,0,0,0
aten::view,,,0.51,0.51,0,0,0,0
aten::expand,,,0.405,0.869,0,0,0,0
aten::as_strided,,,0.464,0.464,0,0,0,0
aten::copy_,,,7.171,9.765,0,0.5,0,0
aclnnInplaceCopy,,,2.594,2.594,0.5,0.5,0,0
aten::slice,,,0.556,0.876,0,0,0,0
aten::as_strided,,,0.32,0.32,0,0,0,0
aten::slice,,,0.689,2.262,0,0,0,0
aten::as_strided,,,1.573,1.573,0,0,0,0
P13/1104248/01680/forward,,,7349.155,51817.015,0,541.258,0,0
P13/1104248/01681/acl_dispatch,,,411.902,676.03,0,0,0,0
P13/1104248/01682/graph_replay,,,264.128,264.128,0,0,0,0
vllm::unified_attention_with_output,,,162.157,1197.936,0,24.221,0,0
P13/1104248/01683/attention,,,294.27,1035.779,0,24.221,0,0
aten::slice,,,2.327,4.999,0,0,0,0
aten::as_strided,,,2.672,2.672,0,0,0,0
aten::slice,,,0.462,0.755,0,0,0,0
aten::as_strided,,,0.293,0.293,0,0,0,0
aten::slice,,,2.673,3.67,0,0,0,0
aten::as_strided,,,0.997,0.997,0,0,0,0
P13/1104248/01684/cache_write,,,149.824,254.193,0,2.06,0,0
P13/1104248/01685/torch_api,,,83.397,104.369,0,2.06,0,0
atb::_npu_reshape_and_cache,,,15.756,20.972,0,2.06,0,0
ReshapeCacheOperation,,,5.216,5.216,2.06,2.06,0,0
P13/1104248/01686/fia,,,251.084,463.589,0,22.161,0,0
aten::view,,,4.017,4.017,0,0,0,0
aten::view,,,1.105,1.105,0,0,0,0
aten::slice,,,0.796,2.001,0,0,0,0
aten::as_strided,,,1.205,1.205,0,0,0,0
P13/1104248/01687/torch_api,,,113.011,174.367,0,21.541,0,0
npu::npu_fused_infer_attention_score,,,44.452,61.356,0,21.541,0,0
empty_tensor,,,7.098,7.098,0,0,0,0
empty_tensor,,,1.318,1.318,0,0,0,0
empty_tensor,,,1.052,1.052,0,0,0,0
empty_tensor,,,0.741,0.741,0,0,0,0
aclnnFusedInferAttentionScoreV3,,,6.695,6.695,21.541,21.541,0,0
aten::view,,,1.825,1.825,0,0,0,0
aten::slice,,,0.843,1.817,0,0,0,0
aten::as_strided,,,0.974,0.974,0,0,0,0
aten::copy_,,,24.443,27.373,0,0.62,0,0
aclnnInplaceCopy,,,2.93,2.93,0.62,0.62,0,0
aten::slice,,,0.55,1.44,0,0,0,0
aten::as_strided,,,0.89,0.89,0,0,0,0
aten::copy_,,,10.364,12.863,0,0,0,0
aclnnInplaceCopy,,,2.499,2.499,0,0,0,0
P13/1104248/01688/acl_dispatch,,,408.624,671.609,0,0,0,0
P13/1104248/01689/graph_replay,,,262.985,262.985,0,0,0,0
vllm::unified_attention_with_output,,,109.999,1126.337,0,22.76,0,0
P13/1104248/01690/attention,,,290.016,1016.338,0,22.76,0,0
aten::slice,,,1.808,3.842,0,0,0,0
aten::as_strided,,,2.034,2.034,0,0,0,0
aten::slice,,,0.465,0.743,0,0,0,0
aten::as_strided,,,0.278,0.278,0,0,0,0
aten::slice,,,2.842,3.848,0,0,0,0
aten::as_strided,,,1.006,1.006,0,0,0,0
P13/1104248/01691/cache_write,,,150.948,251.748,0,2.08,0,0
P13/1104248/01692/torch_api,,,80.811,100.8,0,2.08,0,0
atb::_npu_reshape_and_cache,,,15.374,19.989,0,2.08,0,0
ReshapeCacheOperation,,,4.615,4.615,2.08,2.08,0,0
P13/1104248/01693/fia,,,246.956,450.613,0,20.68,0,0
aten::view,,,3.586,3.586,0,0,0,0
aten::view,,,0.997,0.997,0,0,0,0
aten::slice,,,0.705,1.593,0,0,0,0
aten::as_strided,,,0.888,0.888,0,0,0,0
P13/1104248/01694/torch_api,,,111.422,166.875,0,20.14,0,0
npu::npu_fused_infer_attention_score,,,42.038,55.453,0,20.14,0,0
empty_tensor,,,6.585,6.585,0,0,0,0
empty_tensor,,,1.338,1.338,0,0,0,0
empty_tensor,,,1.167,1.167,0,0,0,0
empty_tensor,,,0.729,0.729,0,0,0,0
aclnnFusedInferAttentionScoreV3,,,3.596,3.596,20.14,20.14,0,0
aten::view,,,1.652,1.652,0,0,0,0
aten::slice,,,0.93,2.034,0,0,0,0
aten::as_strided,,,1.104,1.104,0,0,0,0
aten::copy_,,,23.837,26.92,0,0.54,0,0
aclnnInplaceCopy,,,3.083,3.083,0.54,0.54,0,0
aten::slice,,,0.748,1.658,0,0,0,0
aten::as_strided,,,0.91,0.91,0,0,0,0
aten::copy_,,,11.047,13.87,0,0,0,0
aclnnInplaceCopy,,,2.823,2.823,0,0,0,0
P13/1104248/01695/acl_dispatch,,,411.728,669.06,0,0,0,0
P13/1104248/01696/graph_replay,,,257.332,257.332,0,0,0,0
vllm::unified_attention_with_output,,,107.33,1149.519,0,18.88,0,0
P13/1104248/01697/attention,,,296.372,1042.189,0,18.88,0,0
aten::slice,,,1.907,4.016,0,0,0,0
aten::as_strided,,,2.109,2.109,0,0,0,0
aten::slice,,,0.313,0.647,0,0,0,0
aten::as_strided,,,0.334,0.334,0,0,0,0
aten::slice,,,2.915,3.868,0,0,0,0
aten::as_strided,,,0.953,0.953,0,0,0,0
P13/1104248/01698/cache_write,,,159.152,260.525,0,1.58,0,0
P13/1104248/01699/torch_api,,,81.265,101.373,0,1.58,0,0
atb::_npu_reshape_and_cache,,,15.588,20.108,0,1.58,0,0
ReshapeCacheOperation,,,4.52,4.52,1.58,1.58,0,0
P13/1104248/01700/fia,,,253.267,461.804,0,17.3,0,0
aten::view,,,3.612,3.612,0,0,0,0
aten::view,,,2.106,2.106,0,0,0,0
aten::slice,,,0.892,1.82,0,0,0,0
aten::as_strided,,,0.928,0.928,0,0,0,0
P13/1104248/01701/torch_api,,,112.847,170.159,0,16.68,0,0
npu::npu_fused_infer_attention_score,,,41.217,57.312,0,16.68,0,0
empty_tensor,,,7.126,7.126,0,0,0,0
empty_tensor,,,1.245,1.245,0,0,0,0
empty_tensor,,,1.053,1.053,0,0,0,0
empty_tensor,,,0.934,0.934,0,0,0,0
aclnnFusedInferAttentionScoreV3,,,5.737,5.737,16.68,16.68,0,0
aten::view,,,1.708,1.708,0,0,0,0
aten::slice,,,0.922,1.984,0,0,0,0
aten::as_strided,,,1.062,1.062,0,0,0,0
aten::copy_,,,23.987,27.148,0,0.62,0,0
aclnnInplaceCopy,,,3.161,3.161,0.62,0.62,0,0
aten::slice,,,0.682,1.549,0,0,0,0
aten::as_strided,,,0.867,0.867,0,0,0,0
aten::copy_,,,10.713,13.408,0,0,0,0
aclnnInplaceCopy,,,2.695,2.695,0,0,0,0
P13/1104248/01702/acl_dispatch,,,402.146,672.312,0,0,0,0
P13/1104248/01703/graph_replay,,,270.166,270.166,0,0,0,0
vllm::unified_attention_with_output,,,106.116,1136.443,0,21.200999999999997,0,0
P13/1104248/01704/attention,,,293.699,1030.327,0,21.200999999999997,0,0
aten::slice,,,2.07,4.218,0,0,0,0
aten::as_strided,,,2.148,2.148,0,0,0,0
aten::slice,,,0.374,0.87,0,0,0,0
aten::as_strided,,,0.496,0.496,0,0,0,0
aten::slice,,,2.791,3.899,0,0,0,0
aten::as_strided,,,1.108,1.108,0,0,0,0
P13/1104248/01705/cache_write,,,151.051,255.864,0,1.66,0,0
P13/1104248/01706/torch_api,,,81.841,104.813,0,1.66,0,0
atb::_npu_reshape_and_cache,,,18.255,22.972,0,1.66,0,0
ReshapeCacheOperation,,,4.717,4.717,1.66,1.66,0,0
P13/1104248/01707/fia,,,249.816,456.349,0,19.540999999999997,0,0
aten::view,,,3.854,3.854,0,0,0,0
aten::view,,,1.175,1.175,0,0,0,0
aten::slice,,,0.763,1.618,0,0,0,0
aten::as_strided,,,0.855,0.855,0,0,0,0
P13/1104248/01708/torch_api,,,114.042,169.327,0,18.961,0,0
npu::npu_fused_infer_attention_score,,,42.028,55.285,0,18.961,0,0
empty_tensor,,,6.587,6.587,0,0,0,0
empty_tensor,,,1.295,1.295,0,0,0,0
empty_tensor,,,0.765,0.765,0,0,0,0
empty_tensor,,,0.899,0.899,0,0,0,0
aclnnFusedInferAttentionScoreV3,,,3.711,3.711,18.961,18.961,0,0
aten::view,,,1.635,1.635,0,0,0,0
aten::slice,,,0.827,1.963,0,0,0,0
aten::as_strided,,,1.136,1.136,0,0,0,0
aten::copy_,,,23.853,26.961,0,0.58,0,0
aclnnInplaceCopy,,,3.108,3.108,0.58,0.58,0,0
aten::slice,,,0.824,1.765,0,0,0,0
aten::as_strided,,,0.941,0.941,0,0,0,0
aten::copy_,,,10.93,13.663,0,0,0,0
aclnnInplaceCopy,,,2.733,2.733,0,0,0,0
P13/1104248/01709/acl_dispatch,,,412.029,672.886,0,0,0,0
P13/1104248/01710/graph_replay,,,260.857,260.857,0,0,0,0
vllm::unified_attention_with_output,,,104.946,1131.062,0,23.681,0,0
P13/1104248/01711/attention,,,294.641,1026.116,0,23.681,0,0
aten::slice,,,1.849,3.957,0,0,0,0
aten::as_strided,,,2.108,2.108,0,0,0,0
aten::slice,,,0.48,0.937,0,0,0,0
aten::as_strided,,,0.457,0.457,0,0,0,0
aten::slice,,,3.827,4.669,0,0,0,0
aten::as_strided,,,0.842,0.842,0,0,0,0
P13/1104248/01712/cache_write,,,151.018,257.923,0,2.36,0,0
P13/1104248/01713/torch_api,,,85.166,106.905,0,2.36,0,0
atb::_npu_reshape_and_cache,,,14.838,21.739,0,2.36,0,0
ReshapeCacheOperation,,,6.901,6.901,2.36,2.36,0,0
P13/1104248/01714/fia,,,243.79,448.814,0,21.321,0,0
aten::view,,,3.827,3.827,0,0,0,0
aten::view,,,1.008,1.008,0,0,0,0
aten::slice,,,0.918,1.813,0,0,0,0
aten::as_strided,,,0.895,0.895,0,0,0,0
P13/1104248/01715/torch_api,,,109.004,167.514,0,20.721,0,0
npu::npu_fused_infer_attention_score,,,42.329,58.51,0,20.721,0,0
empty_tensor,,,6.77,6.77,0,0,0,0
empty_tensor,,,1.122,1.122,0,0,0,0
empty_tensor,,,0.996,0.996,0,0,0,0
empty_tensor,,,1.03,1.03,0,0,0,0
aclnnFusedInferAttentionScoreV3,,,6.263,6.263,20.721,20.721,0,0
aten::view,,,1.594,1.594,0,0,0,0
aten::slice,,,0.978,1.976,0,0,0,0
aten::as_strided,,,0.998,0.998,0,0,0,0
aten::copy_,,,24.258,27.292,0,0.6,0,0
aclnnInplaceCopy,,,3.034,3.034,0.6,0.6,0,0
aten::slice,,,0.667,1.651,0,0,0,0
aten::as_strided,,,0.984,0.984,0,0,0,0
aten::copy_,,,11.024,13.524,0,0,0,0
aclnnInplaceCopy,,,2.5,2.5,0,0,0,0
P13/1104248/01716/acl_dispatch,,,401.182,663.167,0,0,0,0
P13/1104248/01717/graph_replay,,,261.985,261.985,0,0,0,0
vllm::unified_attention_with_output,,,108.45,1117.208,0,26.941000000000003,0,0
P13/1104248/01718/attention,,,292.327,1008.758,0,26.941000000000003,0,0
aten::slice,,,2.031,4.233,0,0,0,0
aten::as_strided,,,2.202,2.202,0,0,0,0
aten::slice,,,1.22,1.55,0,0,0,0
aten::as_strided,,,0.33,0.33,0,0,0,0
aten::slice,,,2.809,3.707,0,0,0,0
aten::as_strided,,,0.898,0.898,0,0,0,0
P13/1104248/01719/cache_write,,,143.764,247.058,0,1.7,0,0
P13/1104248/01720/torch_api,,,83.779,103.294,0,1.7,0,0
atb::_npu_reshape_and_cache,,,14.91,19.515,0,1.7,0,0
ReshapeCacheOperation,,,4.605,4.605,1.7,1.7,0,0
P13/1104248/01721/fia,,,240.042,444.639,0,25.241,0,0
aten::view,,,3.762,3.762,0,0,0,0
aten::view,,,0.985,0.985,0,0,0,0
aten::slice,,,0.736,1.714,0,0,0,0
aten::as_strided,,,0.978,0.978,0,0,0,0
P13/1104248/01722/torch_api,,,113.381,168.795,0,24.661,0,0
npu::npu_fused_infer_attention_score,,,42.18,55.414,0,24.661,0,0
empty_tensor,,,6.375,6.375,0,0,0,0
empty_tensor,,,1.266,1.266,0,0,0,0
empty_tensor,,,0.93,0.93,0,0,0,0
empty_tensor,,,1.002,1.002,0,0,0,0
aclnnFusedInferAttentionScoreV3,,,3.661,3.661,24.661,24.661,0,0
aten::view,,,1.583,1.583,0,0,0,0
aten::slice,,,0.805,1.821,0,0,0,0
aten::as_strided,,,1.016,1.016,0,0,0,0
aten::copy_,,,22.892,25.937,0,0.58,0,0
aclnnInplaceCopy,,,3.045,3.045,0.58,0.58,0,0
aten::slice,,,0.636,1.484,0,0,0,0
aten::as_strided,,,0.848,0.848,0,0,0,0
aten::copy_,,,11.126,13.76,0,0,0,0
aclnnInplaceCopy,,,2.634,2.634,0,0,0,0
P13/1104248/01723/acl_dispatch,,,393.732,657.878,0,0,0,0
P13/1104248/01724/graph_replay,,,264.146,264.146,0,0,0,0
vllm::unified_attention_with_output,,,106.786,1138.005,0,20.419999999999998,0,0
P13/1104248/01725/attention,,,307.394,1031.219,0,20.419999999999998,0,0
aten::slice,,,1.804,3.871,0,0,0,0
aten::as_strided,,,2.067,2.067,0,0,0,0
aten::slice,,,0.584,0.896,0,0,0,0
aten::as_strided,,,0.312,0.312,0,0,0,0
aten::slice,,,2.883,3.725,0,0,0,0
aten::as_strided,,,0.842,0.842,0,0,0,0
P13/1104248/01726/cache_write,,,150.654,259.259,0,2.0,0,0
P13/1104248/01727/torch_api,,,86.395,108.605,0,2.0,0,0
atb::_npu_reshape_and_cache,,,15.488,22.21,0,2.0,0,0
ReshapeCacheOperation,,,6.722,6.722,2.0,2.0,0,0
P13/1104248/01728/fia,,,237.51,440.806,0,18.419999999999998,0,0
aten::view,,,3.752,3.752,0,0,0,0
aten::view,,,0.998,0.998,0,0,0,0
aten::slice,,,0.856,1.661,0,0,0,0
aten::as_strided,,,0.805,0.805,0,0,0,0
P13/1104248/01729/torch_api,,,111.564,166.673,0,17.84,0,0
npu::npu_fused_infer_attention_score,,,42.456,55.109,0,17.84,0,0
empty_tensor,,,6.749,6.749,0,0,0,0
empty_tensor,,,1.406,1.406,0,0,0,0
empty_tensor,,,0.759,0.759,0,0,0,0
empty_tensor,,,0.707,0.707,0,0,0,0
aclnnFusedInferAttentionScoreV3,,,3.032,3.032,17.84,17.84,0,0
aten::view,,,1.691,1.691,0,0,0,0
aten::slice,,,0.764,2.759,0,0,0,0
aten::as_strided,,,1.995,1.995,0,0,0,0
aten::copy_,,,23.333,25.762,0,0.58,0,0
aclnnInplaceCopy,,,2.429,2.429,0.58,0.58,0,0
aten::slice,,,0.622,1.527,0,0,0,0
aten::as_strided,,,0.905,0.905,0,0,0,0
aten::copy_,,,11.002,13.741,0,0,0,0
aclnnInplaceCopy,,,2.739,2.739,0,0,0,0
P13/1104248/01730/acl_dispatch,,,404.577,673.691,0,0,0,0
P13/1104248/01731/graph_replay,,,269.114,269.114,0,0,0,0
vllm::unified_attention_with_output,,,105.708,1125.065,0,21.221,0,0
P13/1104248/01732/attention,,,293.132,1019.357,0,21.221,0,0
aten::slice,,,1.878,4.022,0,0,0,0
aten::as_strided,,,2.144,2.144,0,0,0,0
aten::slice,,,0.323,0.635,0,0,0,0
aten::as_strided,,,0.312,0.312,0,0,0,0
aten::slice,,,2.852,3.773,0,0,0,0
aten::as_strided,,,0.921,0.921,0,0,0,0
P13/1104248/01733/cache_write,,,152.487,256.957,0,1.88,0,0
P13/1104248/01734/torch_api,,,83.996,104.47,0,1.88,0,0
atb::_npu_reshape_and_cache,,,15.857,20.474,0,1.88,0,0
ReshapeCacheOperation,,,4.617,4.617,1.88,1.88,0,0
P13/1104248/01735/fia,,,240.102,443.852,0,19.340999999999998,0,0
aten::view,,,3.756,3.756,0,0,0,0
aten::view,,,1.119,1.119,0,0,0,0
aten::slice,,,0.716,1.641,0,0,0,0
aten::as_strided,,,0.925,0.925,0,0,0,0
P13/1104248/01736/torch_api,,,110.01,166.487,0,18.761,0,0
npu::npu_fused_infer_attention_score,,,41.503,56.477,0,18.761,0,0
empty_tensor,,,7.125,7.125,0,0,0,0
empty_tensor,,,1.46,1.46,0,0,0,0
empty_tensor,,,1.143,1.143,0,0,0,0
empty_tensor,,,1.581,1.581,0,0,0,0
aclnnFusedInferAttentionScoreV3,,,3.665,3.665,18.761,18.761,0,0
aten::view,,,1.687,1.687,0,0,0,0
aten::slice,,,0.858,1.99,0,0,0,0
aten::as_strided,,,1.132,1.132,0,0,0,0
aten::copy_,,,24.021,27.07,0,0.58,0,0
aclnnInplaceCopy,,,3.049,3.049,0.58,0.58,0,0
aten::slice,,,0.734,1.624,0,0,0,0
aten::as_strided,,,0.89,0.89,0,0,0,0
aten::copy_,,,10.39,15.362,0,0,0,0
aclnnInplaceCopy,,,4.972,4.972,0,0,0,0
P13/1104248/01737/acl_dispatch,,,407.23,670.136,0,0,0,0
P13/1104248/01738/graph_replay,,,262.906,262.906,0,0,0,0
vllm::unified_attention_with_output,,,107.719,1146.225,0,21.819999999999997,0,0
P13/1104248/01739/attention,,,300.536,1038.506,0,21.819999999999997,0,0
aten::slice,,,2.299,4.75,0,0,0,0
aten::as_strided,,,2.451,2.451,0,0,0,0
aten::slice,,,0.295,0.875,0,0,0,0
aten::as_strided,,,0.58,0.58,0,0,0,0
aten::slice,,,3.061,4.058,0,0,0,0
aten::as_strided,,,0.997,0.997,0,0,0,0
P13/1104248/01740/cache_write,,,150.481,259.54,0,2.0,0,0
P13/1104248/01741/torch_api,,,83.474,109.059,0,2.0,0,0
atb::_npu_reshape_and_cache,,,20.815,25.585,0,2.0,0,0
ReshapeCacheOperation,,,4.77,4.77,2.0,2.0,0,0
P13/1104248/01742/fia,,,246.815,453.658,0,19.819999999999997,0,0
aten::view,,,3.792,3.792,0,0,0,0
aten::view,,,1.08,1.08,0,0,0,0
aten::slice,,,0.848,1.694,0,0,0,0
aten::as_strided,,,0.846,0.846,0,0,0,0
P13/1104248/01743/torch_api,,,108.722,168.911,0,19.24,0,0
npu::npu_fused_infer_attention_score,,,43.833,60.189,0,19.24,0,0
empty_tensor,,,8.201,8.201,0,0,0,0
empty_tensor,,,1.346,1.346,0,0,0,0
empty_tensor,,,1.083,1.083,0,0,0,0
empty_tensor,,,0.772,0.772,0,0,0,0
aclnnFusedInferAttentionScoreV3,,,4.954,4.954,19.24,19.24,0,0
aten::view,,,1.739,1.739,0,0,0,0
aten::slice,,,0.778,1.868,0,0,0,0
aten::as_strided,,,1.09,1.09,0,0,0,0
aten::copy_,,,24.733,27.759,0,0.58,0,0
aclnnInplaceCopy,,,3.026,3.026,0.58,0.58,0,0
aten::slice,,,0.638,1.55,0,0,0,0
aten::as_strided,,,0.912,0.912,0,0,0,0
aten::copy_,,,10.785,13.539,0,0,0,0
aclnnInplaceCopy,,,2.754,2.754,0,0,0,0
P13/1104248/01744/acl_dispatch,,,411.53,677.399,0,0,0,0
P13/1104248/01745/graph_replay,,,265.869,265.869,0,0,0,0
vllm::unified_attention_with_output,,,102.172,1123.447,0,19.1,0,0
P13/1104248/01746/attention,,,293.75,1021.275,0,19.1,0,0
aten::slice,,,1.938,4.09,0,0,0,0
aten::as_strided,,,2.152,2.152,0,0,0,0
aten::slice,,,0.685,1.29,0,0,0,0
aten::as_strided,,,0.605,0.605,0,0,0,0
aten::slice,,,2.954,3.758,0,0,0,0
aten::as_strided,,,0.804,0.804,0,0,0,0
P13/1104248/01747/cache_write,,,142.624,244.874,0,2.2,0,0
P13/1104248/01748/torch_api,,,82.598,102.25,0,2.2,0,0
atb::_npu_reshape_and_cache,,,15.026,19.652,0,2.2,0,0
ReshapeCacheOperation,,,4.626,4.626,2.2,2.2,0,0
P13/1104248/01749/fia,,,247.989,455.531,0,16.9,0,0
aten::view,,,3.692,3.692,0,0,0,0
aten::view,,,0.996,0.996,0,0,0,0
aten::slice,,,0.827,1.662,0,0,0,0
aten::as_strided,,,0.835,0.835,0,0,0,0
P13/1104248/01750/torch_api,,,114.502,170.834,0,16.32,0,0
npu::npu_fused_infer_attention_score,,,42.636,56.332,0,16.32,0,0
empty_tensor,,,6.334,6.334,0,0,0,0
empty_tensor,,,1.357,1.357,0,0,0,0
empty_tensor,,,1.092,1.092,0,0,0,0
empty_tensor,,,1.253,1.253,0,0,0,0
aclnnFusedInferAttentionScoreV3,,,3.66,3.66,16.32,16.32,0,0
aten::view,,,1.597,1.597,0,0,0,0
aten::slice,,,0.824,1.781,0,0,0,0
aten::as_strided,,,0.957,0.957,0,0,0,0
aten::copy_,,,23.948,26.98,0,0.58,0,0
aclnnInplaceCopy,,,3.032,3.032,0.58,0.58,0,0
aten::slice,,,0.697,1.639,0,0,0,0
aten::as_strided,,,0.942,0.942,0,0,0,0
aten::copy_,,,11.113,16.343,0,0,0,0
aclnnInplaceCopy,,,5.23,5.23,0,0,0,0
P13/1104248/01751/acl_dispatch,,,406.856,672.274,0,0,0,0
P13/1104248/01752/graph_replay,,,265.418,265.418,0,0,0,0
vllm::unified_attention_with_output,,,103.746,1131.068,0,21.581,0,0
P13/1104248/01753/attention,,,293.935,1027.322,0,21.581,0,0
aten::slice,,,1.955,4.28,0,0,0,0
aten::as_strided,,,2.325,2.325,0,0,0,0
aten::slice,,,0.48,0.836,0,0,0,0
aten::as_strided,,,0.356,0.356,0,0,0,0
aten::slice,,,2.925,3.803,0,0,0,0
aten::as_strided,,,0.878,0.878,0,0,0,0
P13/1104248/01754/cache_write,,,147.751,257.546,0,1.66,0,0
P13/1104248/01755/torch_api,,,89.957,109.795,0,1.66,0,0
atb::_npu_reshape_and_cache,,,15.343,19.838,0,1.66,0,0
ReshapeCacheOperation,,,4.495,4.495,1.66,1.66,0,0
P13/1104248/01756/fia,,,244.218,450.271,0,19.921,0,0
aten::view,,,3.733,3.733,0,0,0,0
aten::view,,,2.172,2.172,0,0,0,0
aten::slice,,,0.891,1.851,0,0,0,0
aten::as_strided,,,0.96,0.96,0,0,0,0
P13/1104248/01757/torch_api,,,110.43,167.55,0,19.341,0,0
npu::npu_fused_infer_attention_score,,,42.526,57.12,0,19.341,0,0
empty_tensor,,,6.644,6.644,0,0,0,0
empty_tensor,,,1.336,1.336,0,0,0,0
empty_tensor,,,0.775,0.775,0,0,0,0
empty_tensor,,,0.946,0.946,0,0,0,0
aclnnFusedInferAttentionScoreV3,,,4.893,4.893,19.341,19.341,0,0
aten::view,,,1.667,1.667,0,0,0,0
aten::slice,,,0.934,2.002,0,0,0,0
aten::as_strided,,,1.068,1.068,0,0,0,0
aten::copy_,,,24.229,27.078,0,0.58,0,0
aclnnInplaceCopy,,,2.849,2.849,0.58,0.58,0,0
aten::slice,,,0.715,1.646,0,0,0,0
aten::as_strided,,,0.931,0.931,0,0,0,0
aten::copy_,,,12.004,15.005,0,0,0,0
aclnnInplaceCopy,,,3.001,3.001,0,0,0,0
P13/1104248/01758/acl_dispatch,,,406.129,665.29,0,0,0,0
P13/1104248/01759/graph_replay,,,259.161,259.161,0,0,0,0
vllm::unified_attention_with_output,,,103.314,1125.767,0,23.961,0,0
P13/1104248/01760/attention,,,297.224,1022.453,0,23.961,0,0
aten::slice,,,1.961,4.017,0,0,0,0
aten::as_strided,,,2.056,2.056,0,0,0,0
aten::slice,,,0.382,0.714,0,0,0,0
aten::as_strided,,,0.332,0.332,0,0,0,0
aten::slice,,,2.842,3.72,0,0,0,0
aten::as_strided,,,0.878,0.878,0,0,0,0
P13/1104248/01761/cache_write,,,147.488,250.761,0,2.08,0,0
P13/1104248/01762/torch_api,,,83.41,103.273,0,2.08,0,0
atb::_npu_reshape_and_cache,,,15.21,19.863,0,2.08,0,0
ReshapeCacheOperation,,,4.653,4.653,2.08,2.08,0,0
P13/1104248/01763/fia,,,246.938,450.64,0,21.880999999999997,0,0
aten::view,,,3.617,3.617,0,0,0,0
aten::view,,,1.052,1.052,0,0,0,0
aten::slice,,,0.753,1.635,0,0,0,0
aten::as_strided,,,0.882,0.882,0,0,0,0
P13/1104248/01764/torch_api,,,110.33,165.006,0,21.301,0,0
npu::npu_fused_infer_attention_score,,,41.473,54.676,0,21.301,0,0
empty_tensor,,,6.603,6.603,0,0,0,0
empty_tensor,,,1.189,1.189,0,0,0,0
empty_tensor,,,0.782,0.782,0,0,0,0
empty_tensor,,,0.793,0.793,0,0,0,0
aclnnFusedInferAttentionScoreV3,,,3.836,3.836,21.301,21.301,0,0
aten::view,,,1.625,1.625,0,0,0,0
aten::slice,,,0.819,1.948,0,0,0,0
aten::as_strided,,,1.129,1.129,0,0,0,0
aten::copy_,,,23.408,28.819,0,0.58,0,0
aclnnInplaceCopy,,,5.411,5.411,0.58,0.58,0,0
aten::slice,,,0.668,1.521,0,0,0,0
aten::as_strided,,,0.853,0.853,0,0,0,0
aten::copy_,,,10.918,13.856,0,0,0,0
aclnnInplaceCopy,,,2.938,2.938,0,0,0,0
P13/1104248/01765/acl_dispatch,,,404.379,675.553,0,0,0,0
P13/1104248/01766/graph_replay,,,271.174,271.174,0,0,0,0
vllm::unified_attention_with_output,,,107.921,1145.175,0,26.881,0,0
P13/1104248/01767/attention,,,300.304,1037.254,0,26.881,0,0
aten::slice,,,1.94,4.332,0,0,0,0
aten::as_strided,,,2.392,2.392,0,0,0,0
aten::slice,,,0.473,0.941,0,0,0,0
aten::as_strided,,,0.468,0.468,0,0,0,0
aten::slice,,,3.633,4.552,0,0,0,0
aten::as_strided,,,0.919,0.919,0,0,0,0
P13/1104248/01768/cache_write,,,154.554,259.765,0,1.58,0,0
P13/1104248/01769/torch_api,,,85.739,105.211,0,1.58,0,0
atb::_npu_reshape_and_cache,,,15.159,19.472,0,1.58,0,0
ReshapeCacheOperation,,,4.313,4.313,1.58,1.58,0,0
P13/1104248/01770/fia,,,243.995,451.993,0,25.301,0,0
aten::view,,,3.694,3.694,0,0,0,0
aten::view,,,1.009,1.009,0,0,0,0
aten::slice,,,0.792,1.688,0,0,0,0
aten::as_strided,,,0.896,0.896,0,0,0,0
P13/1104248/01771/torch_api,,,112.805,170.742,0,24.721,0,0
npu::npu_fused_infer_attention_score,,,41.986,57.937,0,24.721,0,0
empty_tensor,,,7.083,7.083,0,0,0,0
empty_tensor,,,1.412,1.412,0,0,0,0
empty_tensor,,,0.793,0.793,0,0,0,0
empty_tensor,,,1.204,1.204,0,0,0,0
aclnnFusedInferAttentionScoreV3,,,5.459,5.459,24.721,24.721,0,0
aten::view,,,1.738,1.738,0,0,0,0
aten::slice,,,0.865,1.927,0,0,0,0
aten::as_strided,,,1.062,1.062,0,0,0,0
aten::copy_,,,24.208,27.2,0,0.58,0,0
aclnnInplaceCopy,,,2.992,2.992,0.58,0.58,0,0
aten::slice,,,0.688,1.584,0,0,0,0
aten::as_strided,,,0.896,0.896,0,0,0,0
aten::copy_,,,11.027,13.783,0,0,0,0
aclnnInplaceCopy,,,2.756,2.756,0,0,0,0
P13/1104248/01772/acl_dispatch,,,408.52,667.305,0,0,0,0
P13/1104248/01773/graph_replay,,,258.785,258.785,0,0,0,0
vllm::unified_attention_with_output,,,102.927,1119.099,0,21.580000000000002,0,0
P13/1104248/01774/attention,,,296.031,1016.172,0,21.580000000000002,0,0
aten::slice,,,1.983,4.286,0,0,0,0
aten::as_strided,,,2.303,2.303,0,0,0,0
aten::slice,,,1.427,2.078,0,0,0,0
aten::as_strided,,,0.651,0.651,0,0,0,0
aten::slice,,,2.96,3.94,0,0,0,0
aten::as_strided,,,0.98,0.98,0,0,0,0
P13/1104248/01775/cache_write,,,146.59,246.18,0,2.02,0,0
P13/1104248/01776/torch_api,,,80.797,99.59,0,2.02,0,0
atb::_npu_reshape_and_cache,,,14.656,18.793,0,2.02,0,0
ReshapeCacheOperation,,,4.137,4.137,2.02,2.02,0,0
P13/1104248/01777/fia,,,243.01,447.75,0,19.56,0,0
aten::view,,,3.692,3.692,0,0,0,0
aten::view,,,1.028,1.028,0,0,0,0
aten::slice,,,0.776,1.825,0,0,0,0
aten::as_strided,,,1.049,1.049,0,0,0,0
P13/1104248/01778/torch_api,,,111.694,166.062,0,18.98,0,0
npu::npu_fused_infer_attention_score,,,40.882,54.368,0,18.98,0,0
empty_tensor,,,6.741,6.741,0,0,0,0
empty_tensor,,,1.392,1.392,0,0,0,0
empty_tensor,,,1.148,1.148,0,0,0,0
empty_tensor,,,0.754,0.754,0,0,0,0
aclnnFusedInferAttentionScoreV3,,,3.451,3.451,18.98,18.98,0,0
aten::view,,,1.681,1.681,0,0,0,0
aten::slice,,,0.852,1.847,0,0,0,0
aten::as_strided,,,0.995,0.995,0,0,0,0
aten::copy_,,,23.495,28.605,0,0.58,0,0
aclnnInplaceCopy,,,5.11,5.11,0.58,0.58,0,0
aten::slice,,,0.692,1.602,0,0,0,0
aten::as_strided,,,0.91,0.91,0,0,0,0
aten::copy_,,,11.277,14.305,0,0,0,0
aclnnInplaceCopy,,,3.028,3.028,0,0,0,0
P13/1104248/01779/acl_dispatch,,,413.418,681.012,0,0,0,0
P13/1104248/01780/graph_replay,,,267.594,267.594,0,0,0,0
vllm::unified_attention_with_output,,,103.572,1126.906,0,23.421,0,0
P13/1104248/01781/attention,,,305.036,1023.334,0,23.421,0,0
aten::slice,,,1.991,4.179,0,0,0,0
aten::as_strided,,,2.188,2.188,0,0,0,0
aten::slice,,,0.485,0.87,0,0,0,0
aten::as_strided,,,0.385,0.385,0,0,0,0
aten::slice,,,2.99,3.923,0,0,0,0
aten::as_strided,,,0.933,0.933,0,0,0,0
P13/1104248/01782/cache_write,,,145.152,246.397,0,2.0,0,0
P13/1104248/01783/torch_api,,,81.625,101.245,0,2.0,0,0
atb::_npu_reshape_and_cache,,,14.863,19.62,0,2.0,0,0
ReshapeCacheOperation,,,4.757,4.757,2.0,2.0,0,0
P13/1104248/01784/fia,,,242.094,447.279,0,21.421,0,0
aten::view,,,3.932,3.932,0,0,0,0
aten::view,,,0.975,0.975,0,0,0,0
aten::slice,,,0.849,1.725,0,0,0,0
aten::as_strided,,,0.876,0.876,0,0,0,0
P13/1104248/01785/torch_api,,,112.08,167.888,0,20.841,0,0
npu::npu_fused_infer_attention_score,,,42.28,55.808,0,20.841,0,0
empty_tensor,,,6.713,6.713,0,0,0,0
empty_tensor,,,1.46,1.46,0,0,0,0
empty_tensor,,,0.787,0.787,0,0,0,0
empty_tensor,,,0.791,0.791,0,0,0,0
aclnnFusedInferAttentionScoreV3,,,3.777,3.777,20.841,20.841,0,0
aten::view,,,1.55,1.55,0,0,0,0
aten::slice,,,0.948,2.538,0,0,0,0
aten::as_strided,,,1.59,1.59,0,0,0,0
aten::copy_,,,23.727,26.577,0,0.58,0,0
aclnnInplaceCopy,,,2.85,2.85,0.58,0.58,0,0
aten::slice,,,0.636,1.51,0,0,0,0
aten::as_strided,,,0.874,0.874,0,0,0,0
aten::copy_,,,11.156,14.14,0,0,0,0
aclnnInplaceCopy,,,2.984,2.984,0,0,0,0
P13/1104248/01786/acl_dispatch,,,414.901,672.832,0,0,0,0
P13/1104248/01787/graph_replay,,,257.931,257.931,0,0,0,0
vllm::unified_attention_with_output,,,104.571,1143.019,0,24.221,0,0
P13/1104248/01788/attention,,,294.383,1038.448,0,24.221,0,0
aten::slice,,,2.004,4.162,0,0,0,0
aten::as_strided,,,2.158,2.158,0,0,0,0
aten::slice,,,0.317,0.655,0,0,0,0
aten::as_strided,,,0.338,0.338,0,0,0,0
aten::slice,,,2.888,3.738,0,0,0,0
aten::as_strided,,,0.85,0.85,0,0,0,0
P13/1104248/01789/cache_write,,,154.704,258.16,0,1.72,0,0
P13/1104248/01790/torch_api,,,81.084,103.456,0,1.72,0,0
atb::_npu_reshape_and_cache,,,17.86,22.372,0,1.72,0,0
ReshapeCacheOperation,,,4.512,4.512,1.72,1.72,0,0
P13/1104248/01791/fia,,,252.872,461.778,0,22.500999999999998,0,0
aten::view,,,3.633,3.633,0,0,0,0
aten::view,,,0.938,0.938,0,0,0,0
aten::slice,,,0.928,1.869,0,0,0,0
aten::as_strided,,,0.941,0.941,0,0,0,0
P13/1104248/01792/torch_api,,,112.773,171.433,0,21.921,0,0
npu::npu_fused_infer_attention_score,,,42.218,58.66,0,21.921,0,0
empty_tensor,,,6.543,6.543,0,0,0,0
empty_tensor,,,1.15,1.15,0,0,0,0
empty_tensor,,,1.002,1.002,0,0,0,0
empty_tensor,,,1.572,1.572,0,0,0,0
aclnnFusedInferAttentionScoreV3,,,6.175,6.175,21.921,21.921,0,0
aten::view,,,1.722,1.722,0,0,0,0
aten::slice,,,0.921,1.961,0,0,0,0
aten::as_strided,,,1.04,1.04,0,0,0,0
aten::copy_,,,24.266,27.35,0,0.58,0,0
aclnnInplaceCopy,,,3.084,3.084,0.58,0.58,0,0
aten::slice,,,0.677,1.58,0,0,0,0
aten::as_strided,,,0.903,0.903,0,0,0,0
aten::copy_,,,11.475,13.992,0,0,0,0
aclnnInplaceCopy,,,2.517,2.517,0,0,0,0
P13/1104248/01793/acl_dispatch,,,416.721,684.267,0,0,0,0
P13/1104248/01794/graph_replay,,,267.546,267.546,0,0,0,0
vllm::unified_attention_with_output,,,106.916,1133.811,0,22.421,0,0
P13/1104248/01795/attention,,,296.2,1026.895,0,22.421,0,0
aten::slice,,,1.87,4.077,0,0,0,0
aten::as_strided,,,2.207,2.207,0,0,0,0
aten::slice,,,0.37,0.675,0,0,0,0
aten::as_strided,,,0.305,0.305,0,0,0,0
aten::slice,,,3.066,3.966,0,0,0,0
aten::as_strided,,,0.9,0.9,0,0,0,0
P13/1104248/01796/cache_write,,,152.947,253.482,0,1.78,0,0
P13/1104248/01797/torch_api,,,80.979,100.535,0,1.78,0,0
atb::_npu_reshape_and_cache,,,15.374,19.556,0,1.78,0,0
ReshapeCacheOperation,,,4.182,4.182,1.78,1.78,0,0
P13/1104248/01798/fia,,,245.368,452.065,0,20.641,0,0
aten::view,,,3.749,3.749,0,0,0,0
aten::view,,,1.037,1.037,0,0,0,0
aten::slice,,,1.016,1.92,0,0,0,0
aten::as_strided,,,0.904,0.904,0,0,0,0
P13/1104248/01799/torch_api,,,110.203,169.298,0,20.061,0,0
npu::npu_fused_infer_attention_score,,,41.988,59.095,0,20.061,0,0
empty_tensor,,,9.038,9.038,0,0,0,0
empty_tensor,,,1.409,1.409,0,0,0,0
empty_tensor,,,1.156,1.156,0,0,0,0
empty_tensor,,,0.953,0.953,0,0,0,0
aclnnFusedInferAttentionScoreV3,,,4.551,4.551,20.061,20.061,0,0
aten::view,,,1.683,1.683,0,0,0,0
aten::slice,,,0.944,1.956,0,0,0,0
aten::as_strided,,,1.012,1.012,0,0,0,0
aten::copy_,,,24.04,27.054,0,0.58,0,0
aclnnInplaceCopy,,,3.014,3.014,0.58,0.58,0,0
aten::slice,,,0.731,1.708,0,0,0,0
aten::as_strided,,,0.977,0.977,0,0,0,0
aten::copy_,,,11.809,14.722,0,0,0,0
aclnnInplaceCopy,,,2.913,2.913,0,0,0,0
P13/1104248/01800/acl_dispatch,,,404.08,668.263,0,0,0,0
P13/1104248/01801/graph_replay,,,264.183,264.183,0,0,0,0
vllm::unified_attention_with_output,,,103.21,1116.738,0,23.142,0,0
P13/1104248/01802/attention,,,293.823,1013.528,0,23.142,0,0
aten::slice,,,1.844,4.03,0,0,0,0
aten::as_strided,,,2.186,2.186,0,0,0,0
aten::slice,,,0.353,0.686,0,0,0,0
aten::as_strided,,,0.333,0.333,0,0,0,0
aten::slice,,,2.813,3.688,0,0,0,0
aten::as_strided,,,0.875,0.875,0,0,0,0
P13/1104248/01803/cache_write,,,142.247,243.084,0,2.82,0,0
P13/1104248/01804/torch_api,,,81.949,100.837,0,2.82,0,0
atb::_npu_reshape_and_cache,,,14.602,18.888,0,2.82,0,0
ReshapeCacheOperation,,,4.286,4.286,2.82,2.82,0,0
P13/1104248/01805/fia,,,244.927,452.38,0,20.322,0,0
aten::view,,,3.567,3.567,0,0,0,0
aten::view,,,1.042,1.042,0,0,0,0
aten::slice,,,0.767,1.687,0,0,0,0
aten::as_strided,,,0.92,0.92,0,0,0,0
P13/1104248/01806/torch_api,,,112.806,170.646,0,19.741,0,0
npu::npu_fused_infer_attention_score,,,41.828,57.84,0,19.741,0,0
empty_tensor,,,6.536,6.536,0,0,0,0
empty_tensor,,,1.434,1.434,0,0,0,0
empty_tensor,,,1.217,1.217,0,0,0,0
empty_tensor,,,1.088,1.088,0,0,0,0
aclnnFusedInferAttentionScoreV3,,,5.737,5.737,19.741,19.741,0,0
aten::view,,,1.677,1.677,0,0,0,0
aten::slice,,,0.952,2.034,0,0,0,0
aten::as_strided,,,1.082,1.082,0,0,0,0
aten::copy_,,,23.9,26.8,0,0.581,0,0
aclnnInplaceCopy,,,2.9,2.9,0.581,0.581,0,0
aten::slice,,,0.641,1.594,0,0,0,0
aten::as_strided,,,0.953,0.953,0,0,0,0
aten::copy_,,,11.522,14.243,0,0,0,0
aclnnInplaceCopy,,,2.721,2.721,0,0,0,0
P13/1104248/01807/acl_dispatch,,,404.038,675.668,0,0,0,0
P13/1104248/01808/graph_replay,,,271.63,271.63,0,0,0,0
vllm::unified_attention_with_output,,,107.775,1139.603,0,23.781,0,0
P13/1104248/01809/attention,,,299.094,1031.828,0,23.781,0,0
aten::slice,,,1.971,4.162,0,0,0,0
aten::as_strided,,,2.191,2.191,0,0,0,0
aten::slice,,,0.309,0.605,0,0,0,0
aten::as_strided,,,0.296,0.296,0,0,0,0
aten::slice,,,2.966,5.496,0,0,0,0
aten::as_strided,,,2.53,2.53,0,0,0,0
P13/1104248/01810/cache_write,,,155.354,263.453,0,2.76,0,0
P13/1104248/01811/torch_api,,,88.393,108.099,0,2.76,0,0
atb::_npu_reshape_and_cache,,,15.207,19.706,0,2.76,0,0
ReshapeCacheOperation,,,4.499,4.499,2.76,2.76,0,0
P13/1104248/01812/fia,,,241.631,443.462,0,21.020999999999997,0,0
aten::view,,,3.66,3.66,0,0,0,0
aten::view,,,1.878,1.878,0,0,0,0
aten::slice,,,0.766,1.53,0,0,0,0
aten::as_strided,,,0.764,0.764,0,0,0,0
P13/1104248/01813/torch_api,,,109.38,164.588,0,20.441,0,0
npu::npu_fused_infer_attention_score,,,42.215,55.208,0,20.441,0,0
empty_tensor,,,6.275,6.275,0,0,0,0
empty_tensor,,,1.135,1.135,0,0,0,0
empty_tensor,,,1.06,1.06,0,0,0,0
empty_tensor,,,1.031,1.031,0,0,0,0
aclnnFusedInferAttentionScoreV3,,,3.492,3.492,20.441,20.441,0,0
aten::view,,,1.615,1.615,0,0,0,0
aten::slice,,,1.048,2.095,0,0,0,0
aten::as_strided,,,1.047,1.047,0,0,0,0
aten::copy_,,,23.517,26.465,0,0.58,0,0
aclnnInplaceCopy,,,2.948,2.948,0.58,0.58,0,0
aten::slice,,,0.721,1.642,0,0,0,0
aten::as_strided,,,0.921,0.921,0,0,0,0
aten::copy_,,,11.233,13.914,0,0,0,0
aclnnInplaceCopy,,,2.681,2.681,0,0,0,0
P13/1104248/01814/acl_dispatch,,,406.611,675.145,0,0,0,0
P13/1104248/01815/graph_replay,,,268.534,268.534,0,0,0,0
vllm::unified_attention_with_output,,,104.389,1147.096,0,21.561,0,0
P13/1104248/01816/attention,,,298.277,1042.707,0,21.561,0,0
aten::slice,,,1.872,4.194,0,0,0,0
aten::as_strided,,,2.322,2.322,0,0,0,0
aten::slice,,,0.423,0.679,0,0,0,0
aten::as_strided,,,0.256,0.256,0,0,0,0
aten::slice,,,2.763,3.566,0,0,0,0
aten::as_strided,,,0.803,0.803,0,0,0,0
P13/1104248/01817/cache_write,,,153.636,264.563,0,1.74,0,0
P13/1104248/01818/torch_api,,,88.217,110.927,0,1.74,0,0
atb::_npu_reshape_and_cache,,,15.382,22.71,0,1.74,0,0
ReshapeCacheOperation,,,7.328,7.328,1.74,1.74,0,0
P13/1104248/01819/fia,,,252.865,454.676,0,19.820999999999998,0,0
aten::view,,,3.793,3.793,0,0,0,0
aten::view,,,0.906,0.906,0,0,0,0
aten::slice,,,0.795,1.661,0,0,0,0
aten::as_strided,,,0.866,0.866,0,0,0,0
P13/1104248/01820/torch_api,,,110.658,165.262,0,19.241,0,0
npu::npu_fused_infer_attention_score,,,41.309,54.604,0,19.241,0,0
empty_tensor,,,6.545,6.545,0,0,0,0
empty_tensor,,,1.103,1.103,0,0,0,0
empty_tensor,,,1.028,1.028,0,0,0,0
empty_tensor,,,1.035,1.035,0,0,0,0
aclnnFusedInferAttentionScoreV3,,,3.584,3.584,19.241,19.241,0,0
aten::view,,,1.7,1.7,0,0,0,0
aten::slice,,,0.879,1.908,0,0,0,0
aten::as_strided,,,1.029,1.029,0,0,0,0
aten::copy_,,,23.659,26.581,0,0.58,0,0
aclnnInplaceCopy,,,2.922,2.922,0.58,0.58,0,0
aten::slice,,,0.744,1.699,0,0,0,0
aten::as_strided,,,0.955,0.955,0,0,0,0
aten::copy_,,,12.141,15.053,0,0,0,0
aclnnInplaceCopy,,,2.912,2.912,0,0,0,0
P13/1104248/01821/acl_dispatch,,,412.729,678.46,0,0,0,0
P13/1104248/01822/graph_replay,,,265.731,265.731,0,0,0,0
vllm::unified_attention_with_output,,,104.224,1127.114,0,23.061,0,0
P13/1104248/01823/attention,,,291.368,1022.89,0,23.061,0,0
aten::slice,,,1.948,4.104,0,0,0,0
aten::as_strided,,,2.156,2.156,0,0,0,0
aten::slice,,,0.492,0.944,0,0,0,0
aten::as_strided,,,0.452,0.452,0,0,0,0
aten::slice,,,3.631,4.471,0,0,0,0
aten::as_strided,,,0.84,0.84,0,0,0,0
P13/1104248/01824/cache_write,,,149.14,259.415,0,1.62,0,0
P13/1104248/01825/torch_api,,,86.718,110.275,0,1.62,0,0
atb::_npu_reshape_and_cache,,,18.89,23.557,0,1.62,0,0
ReshapeCacheOperation,,,4.667,4.667,1.62,1.62,0,0
P13/1104248/01826/fia,,,241.424,447.322,0,21.441,0,0
aten::view,,,3.626,3.626,0,0,0,0
aten::view,,,1.135,1.135,0,0,0,0
aten::slice,,,0.783,1.648,0,0,0,0
aten::as_strided,,,0.865,0.865,0,0,0,0
P13/1104248/01827/torch_api,,,110.26,168.42,0,20.861,0,0
npu::npu_fused_infer_attention_score,,,43.918,58.16,0,20.861,0,0
empty_tensor,,,6.811,6.811,0,0,0,0
empty_tensor,,,1.336,1.336,0,0,0,0
empty_tensor,,,1.08,1.08,0,0,0,0
empty_tensor,,,0.771,0.771,0,0,0,0
aclnnFusedInferAttentionScoreV3,,,4.244,4.244,20.861,20.861,0,0
aten::view,,,1.665,1.665,0,0,0,0
aten::slice,,,0.847,1.829,0,0,0,0
aten::as_strided,,,0.982,0.982,0,0,0,0
aten::copy_,,,24.52,27.575,0,0.58,0,0
aclnnInplaceCopy,,,3.055,3.055,0.58,0.58,0,0
aten::slice,,,0.63,1.476,0,0,0,0
aten::as_strided,,,0.846,0.846,0,0,0,0
aten::copy_,,,11.107,13.79,0,0,0,0
aclnnInplaceCopy,,,2.683,2.683,0,0,0,0
P13/1104248/01828/acl_dispatch,,,408.622,678.304,0,0,0,0
P13/1104248/01829/graph_replay,,,269.682,269.682,0,0,0,0
vllm::unified_attention_with_output,,,106.613,1153.525,0,19.88,0,0
P13/1104248/01830/attention,,,300.0,1046.912,0,19.88,0,0
aten::slice,,,2.055,4.184,0,0,0,0
aten::as_strided,,,2.129,2.129,0,0,0,0
aten::slice,,,1.04,1.5,0,0,0,0
aten::as_strided,,,0.46,0.46,0,0,0,0
aten::slice,,,2.882,3.68,0,0,0,0
aten::as_strided,,,0.798,0.798,0,0,0,0
P13/1104248/01831/cache_write,,,154.513,261.021,0,2.22,0,0
P13/1104248/01832/torch_api,,,84.34,106.508,0,2.22,0,0
atb::_npu_reshape_and_cache,,,15.15,22.168,0,2.22,0,0
ReshapeCacheOperation,,,7.018,7.018,2.22,2.22,0,0
P13/1104248/01833/fia,,,248.134,461.3,0,17.659999999999997,0,0
aten::view,,,3.654,3.654,0,0,0,0
aten::view,,,1.064,1.064,0,0,0,0
aten::slice,,,0.819,1.657,0,0,0,0
aten::as_strided,,,0.838,0.838,0,0,0,0
P13/1104248/01834/torch_api,,,108.953,175.273,0,17.08,0,0
npu::npu_fused_infer_attention_score,,,52.629,66.32,0,17.08,0,0
empty_tensor,,,6.37,6.37,0,0,0,0
empty_tensor,,,1.431,1.431,0,0,0,0
empty_tensor,,,1.003,1.003,0,0,0,0
empty_tensor,,,0.797,0.797,0,0,0,0
aclnnFusedInferAttentionScoreV3,,,4.09,4.09,17.08,17.08,0,0
aten::view,,,1.768,1.768,0,0,0,0
aten::slice,,,0.935,1.995,0,0,0,0
aten::as_strided,,,1.06,1.06,0,0,0,0
aten::copy_,,,23.85,27.755,0,0.58,0,0
aclnnInplaceCopy,,,3.905,3.905,0.58,0.58,0,0
aten::slice,,,0.678,1.67,0,0,0,0
aten::as_strided,,,0.992,0.992,0,0,0,0
aten::copy_,,,11.061,13.557,0,0,0,0
aclnnInplaceCopy,,,2.496,2.496,0,0,0,0
P13/1104248/01835/acl_dispatch,,,409.999,674.103,0,0,0,0
P13/1104248/01836/graph_replay,,,264.104,264.104,0,0,0,0
vllm::unified_attention_with_output,,,103.263,1119.398,0,21.001,0,0
P13/1104248/01837/attention,,,289.775,1016.135,0,21.001,0,0
aten::slice,,,2.074,4.189,0,0,0,0
aten::as_strided,,,2.115,2.115,0,0,0,0
aten::slice,,,0.566,0.908,0,0,0,0
aten::as_strided,,,0.342,0.342,0,0,0,0
aten::slice,,,2.928,3.828,0,0,0,0
aten::as_strided,,,0.9,0.9,0,0,0,0
P13/1104248/01838/cache_write,,,153.46,257.341,0,1.6,0,0
P13/1104248/01839/torch_api,,,84.723,103.881,0,1.6,0,0
atb::_npu_reshape_and_cache,,,14.659,19.158,0,1.6,0,0
ReshapeCacheOperation,,,4.499,4.499,1.6,1.6,0,0
P13/1104248/01840/fia,,,243.259,443.152,0,19.401,0,0
aten::view,,,3.613,3.613,0,0,0,0
aten::view,,,0.938,0.938,0,0,0,0
aten::slice,,,0.8,1.658,0,0,0,0
aten::as_strided,,,0.858,0.858,0,0,0,0
P13/1104248/01841/torch_api,,,107.78,162.378,0,18.821,0,0
npu::npu_fused_infer_attention_score,,,40.677,54.598,0,18.821,0,0
empty_tensor,,,6.954,6.954,0,0,0,0
empty_tensor,,,1.452,1.452,0,0,0,0
empty_tensor,,,1.036,1.036,0,0,0,0
empty_tensor,,,0.976,0.976,0,0,0,0
aclnnFusedInferAttentionScoreV3,,,3.503,3.503,18.821,18.821,0,0
aten::view,,,1.73,1.73,0,0,0,0
aten::slice,,,0.852,2.825,0,0,0,0
aten::as_strided,,,1.973,1.973,0,0,0,0
aten::copy_,,,23.588,26.751,0,0.58,0,0
aclnnInplaceCopy,,,3.163,3.163,0.58,0.58,0,0
aten::slice,,,0.596,1.485,0,0,0,0
aten::as_strided,,,0.889,0.889,0,0,0,0
aten::copy_,,,10.552,15.457,0,0,0,0
aclnnInplaceCopy,,,4.905,4.905,0,0,0,0
P13/1104248/01842/acl_dispatch,,,800.294,1092.168,0,0,0,0
P13/1104248/01843/graph_replay,,,291.874,291.874,0,0,0,0
vllm::unified_attention_with_output,,,106.518,1139.24,0,24.521,0,0
P13/1104248/01844/attention,,,296.525,1032.722,0,24.521,0,0
aten::slice,,,2.173,4.645,0,0,0,0
aten::as_strided,,,2.472,2.472,0,0,0,0
aten::slice,,,0.432,0.755,0,0,0,0
aten::as_strided,,,0.323,0.323,0,0,0,0
aten::slice,,,2.915,3.793,0,0,0,0
aten::as_strided,,,0.878,0.878,0,0,0,0
P13/1104248/01845/cache_write,,,158.145,263.63,0,2.46,0,0
P13/1104248/01846/torch_api,,,82.747,105.485,0,2.46,0,0
atb::_npu_reshape_and_cache,,,15.715,22.738,0,2.46,0,0
ReshapeCacheOperation,,,7.023,7.023,2.46,2.46,0,0
P13/1104248/01847/fia,,,241.783,447.97,0,22.061,0,0
aten::view,,,3.842,3.842,0,0,0,0
aten::view,,,1.059,1.059,0,0,0,0
aten::slice,,,0.854,1.896,0,0,0,0
aten::as_strided,,,1.042,1.042,0,0,0,0
P13/1104248/01848/torch_api,,,108.744,168.28,0,21.501,0,0
npu::npu_fused_infer_attention_score,,,43.639,59.536,0,21.501,0,0
empty_tensor,,,6.825,6.825,0,0,0,0
empty_tensor,,,1.29,1.29,0,0,0,0
empty_tensor,,,0.882,0.882,0,0,0,0
empty_tensor,,,3.205,3.205,0,0,0,0
aclnnFusedInferAttentionScoreV3,,,3.695,3.695,21.501,21.501,0,0
aten::view,,,1.575,1.575,0,0,0,0
aten::slice,,,0.842,1.929,0,0,0,0
aten::as_strided,,,1.087,1.087,0,0,0,0
aten::copy_,,,24.671,27.606,0,0.56,0,0
aclnnInplaceCopy,,,2.935,2.935,0.56,0.56,0,0
aten::slice,,,0.666,1.542,0,0,0,0
aten::as_strided,,,0.876,0.876,0,0,0,0
aten::copy_,,,11.295,13.862,0,0,0,0
aclnnInplaceCopy,,,2.567,2.567,0,0,0,0
P13/1104248/01849/acl_dispatch,,,379.31,644.242,0,0,0,0
P13/1104248/01850/graph_replay,,,264.932,264.932,0,0,0,0
aten::index,,,11.815,23.591,0,9.22,0,0
empty_tensor,,,3.409,3.409,0,0,0,0
empty_tensor,,,4.369,4.369,0,0,0,0
aclnnIndex,,,3.998,3.998,9.22,9.22,0,0
aten::linear,,,2.062,19.008,0,225.029,0,225.029
aten::t,,,2.71,6.153,0,0,0,0
aten::transpose,,,1.473,3.443,0,0,0,0
aten::as_strided,,,1.97,1.97,0,0,0,0
aten::matmul,,,6.646,10.793,0,225.029,0,225.029
empty_tensor,,,1.753,1.753,0,0,0,0
aclnnMatmul,,,2.394,2.394,225.029,225.029,225.029,225.029
aten::alias,,,1.121,1.121,0,0,0,0
P13/1104248/01851/sample,,,1046.754,5398.671,0,490.457,0,0
aten::log_softmax,,,2.645,36.65,0,58.742,0,0
aten::to,,,1.482,24.162,0,10.32,0,0
aten::_to_copy,,,2.615,22.68,0,10.32,0,0
aten::empty,,,1.262,4.756,0,0,0,0
empty_tensor,,,3.494,3.494,0,0,0,0
aten::copy_,,,7.43,15.309,0,10.32,0,0
aclnnInplaceCopy,,,7.879,7.879,10.32,10.32,0,0
aten::_log_softmax,,,5.6,9.843,0,48.422,0,0
empty_tensor,,,1.601,1.601,0,0,0,0
aclnnLogSoftmax,,,2.642,2.642,48.422,48.422,0,0
aten::to,,,0.732,7.518,0,2.82,0,0
aten::_to_copy,,,0.88,6.786,0,2.82,0,0
aten::empty,,,0.469,1.844,0,0,0,0
empty_tensor,,,1.375,1.375,0,0,0,0
aten::copy_,,,2.227,4.062,0,2.82,0,0
aclnnInplaceCopy,,,1.835,1.835,2.82,2.82,0,0
aten::lift_fresh,,,0.241,0.241,0,0,0,0
aten::to,,,0.556,0.556,0,0,0,0
aten::pin_memory,,,1.249,115.248,0,0,0,0
aten::is_pinned,,,11.406,11.406,0,0,0,0
aten::_pin_memory,,,96.153,102.593,0,0,0,0
aten::set_,,,1.505,1.505,0,0,0,0
aten::copy_,,,4.935,4.935,0,0,0,0
aten::to,,,0.572,17.092,0,2.7,0,0
aten::_to_copy,,,1.65,16.52,0,2.7,0,0
aten::empty_strided,,,4.688,5.662,0,0,0,0
empty_tensor,,,0.974,0.974,0,0,0,0
aten::copy_,,,6.206,9.208,0,2.7,0,0
acl_memcpy_host_to_device,,,3.002,3.002,2.7,2.7,0,0
record_event,,,2.585,2.585,0.02,0.02,0,0
aten::eq,,,3.954,6.732,0,2.3,0,0
empty_tensor,,,1.37,1.37,0,0,0,0
aclnnEqScalar,,,1.408,1.408,2.3,2.3,0,0
aten::masked_fill_,,,27.992,28.789,0,70.723,0,0
aclnnInplaceMaskedFillScalar,,,0.797,0.797,70.723,70.723,0,0
aten::zeros,,,1.64,6.715,0,9.4,0,0
empty_tensor,,,1.82,1.82,0,0,0,0
aten::zero_,,,2.567,3.255,0,9.4,0,0
aclnnInplaceZero,,,0.688,0.688,9.4,9.4,0,0
P13/1104248/01852/jit_run,,,616.35,769.617,0,62.463,0,0
P13/1104248/01853/launch,,,146.707,153.267,0,62.463,0,0
token_bin_counts_and_mask_kernel,,,6.56,6.56,62.463,62.463,0,0
aten::gt,,,9.982,18.139,0,24.341,0,0
empty_tensor,,,5.179,5.179,0,0,0,0
aclnnGtScalar,,,2.978,2.978,24.341,24.341,0,0
aten::zeros,,,1.675,9.173,0,2.4,0,0
empty_tensor,,,1.552,1.552,0,0,0,0
aten::zero_,,,3.161,5.946,0,2.4,0,0
aclnnInplaceZero,,,2.785,2.785,2.4,2.4,0,0
P13/1104248/01854/jit_run,,,554.061,678.619,0,62.222,0,0
P13/1104248/01855/launch,,,119.98,124.558,0,62.222,0,0
token_bin_counts_and_mask_kernel,,,4.578,4.578,62.222,62.222,0,0
aten::gt,,,7.555,14.747,0,13.139999999999999,0,0
empty_tensor,,,4.191,4.191,0,0,0,0
aclnnGtScalar,,,3.001,3.001,13.139999999999999,13.139999999999999,0,0
P13/1104248/01856/jit_run,,,697.745,864.055,0,75.883,0,0
P13/1104248/01857/launch,,,161.553,166.31,0,75.883,0,0
apply_all_penalties_kernel,,,4.757,4.757,75.883,75.883,0,0
aten::argmax,,,3.109,23.222,0,19.861,0,0
aten::empty,,,1.171,5.196,0,0,0,0
empty_tensor,,,4.025,4.025,0,0,0,0
aten::argmax,,,9.096,14.917,0,19.861,0,0
aten::reshape,,,0.65,2.762,0,0,0,0
aten::view,,,2.112,2.112,0,0,0,0
aclnnArgMax,,,3.059,3.059,19.861,19.861,0,0
aten::view,,,0.739,0.739,0,0,0,0
aten::to,,,0.41,0.41,0,0,0,0
aten::topk,,,5.303,10.604,0,31.320999999999998,0,0
empty_tensor,,,1.725,1.725,0,0,0,0
empty_tensor,,,0.776,0.776,0,0,0,0
aclnnTopk,,,2.8,2.8,31.320999999999998,31.320999999999998,0,0
aten::unsqueeze,,,1.03,2.613,0,0,0,0
aten::as_strided,,,1.583,1.583,0,0,0,0
aten::gather,,,5.776,12.202,0,5.08,0,0
empty_tensor,,,1.488,1.488,0,0,0,0
aclnnGather,,,4.938,4.938,5.08,5.08,0,0
TorchDynamo Cache Lookup,,,26.203,26.203,0,0,0,0
Torch-Compiled Region: 1/0,,,160.065,176.953,0,39.061,0,0
aten::_assert_scalar,,,0.839,0.839,0,0,0,0
aten::_assert_scalar,,,0.176,0.176,0,0,0,0
aten::_assert_scalar,,,0.184,0.184,0,0,0,0
aten::ge,,,4.115,9.133,0,8.88,0,0
empty_tensor,,,2.143,2.143,0,0,0,0
aclnnGeTensor,,,2.875,2.875,8.88,8.88,0,0
aten::sum,,,4.319,6.556,0,30.181,0,0
empty_tensor,,,1.317,1.317,0,0,0,0
aclnnReduceSum,,,0.92,0.92,30.181,30.181,0,0
aten::cat,,,5.048,8.6,0,2.22,0,0
empty_tensor,,,1.079,1.079,0,0,0,0
aclnnCat,,,2.473,2.473,2.22,2.22,0,0
aten::cat,,,2.039,4.062,0,1.58,0,0
empty_tensor,,,1.103,1.103,0,0,0,0
aclnnCat,,,0.92,0.92,1.58,1.58,0,0
aten::to,,,0.645,11.035,0,0.98,0,0
aten::_to_copy,,,2.135,10.39,0,0.98,0,0
aten::empty,,,0.536,1.619,0,0,0,0
empty_tensor,,,1.083,1.083,0,0,0,0
aten::copy_,,,3.697,6.636,0,0.98,0,0
aclnnInplaceCopy,,,2.939,2.939,0.98,0.98,0,0
aten::to,,,0.271,6.918,0,1.06,0,0
aten::_to_copy,,,0.749,6.647,0,1.06,0,0
aten::empty,,,0.297,1.35,0,0,0,0
empty_tensor,,,1.053,1.053,0,0,0,0
aten::copy_,,,2.102,4.548,0,1.06,0,0
aclnnInplaceCopy,,,2.446,2.446,1.06,1.06,0,0
aten::unsqueeze,,,0.672,1.802,0,0,0,0
aten::as_strided,,,1.13,1.13,0,0,0,0
P13/1104248/01858/to_list,,,156.514,1208.741,0,2.14,0,0
aten::slice,,,4.264,5.722,0,0,0,0
aten::as_strided,,,1.458,1.458,0,0,0,0
aten::copy_,,,10.986,16.25,0,2.14,0,0
acl_memcpy_device_to_host,,,5.264,5.264,2.14,2.14,0,0
Event::record,,,196.644,617.758,0,0.0,0,0
P13/1104248/01859/event_record,,,417.032,421.114,0,0.0,0,0
record_event,,,4.082,4.082,0.0,0.0,0,0
Event::synchronize,,,188.779,411.964,0,0,0,0
P13/1104248/01860/synchronize,,,223.185,223.185,0,0,0,0
aten::resolve_conj,,,0.412,0.412,0,0,0,0
aten::resolve_neg,,,0.121,0.121,0,0,0,0
aten::to,,,1.54,115.388,0,0,0,0
aten::_to_copy,,,2.482,113.848,0,0,0,0
aten::empty,,,2.57,2.57,0,0,0,0
aten::copy_,,,108.796,108.796,0,0,0,0
aten::detach,,,1.054,1.054,0,0,0,0
aten::to,,,0.389,0.389,0,0,0,0
aten::resolve_conj,,,0.222,0.222,0,0,0,0
aten::resolve_neg,,,0.231,0.231,0,0,0,0
aten::to,,,0.702,82.502,0,0,0,0
aten::_to_copy,,,1.086,81.8,0,0,0,0
aten::empty,,,0.949,0.949,0,0,0,0
aten::copy_,,,79.765,79.765,0,0,0,0
aten::detach,,,0.242,0.242,0,0,0,0
aten::to,,,0.301,0.301,0,0,0,0
aten::resolve_conj,,,0.084,0.084,0,0,0,0
aten::resolve_neg,,,0.072,0.072,0,0,0,0
aten::to,,,0.381,76.079,0,0,0,0
aten::_to_copy,,,1.705,75.698,0,0,0,0
aten::empty,,,0.558,0.558,0,0,0,0
aten::copy_,,,73.435,73.435,0,0,0,0
aten::detach,,,0.172,0.172,0,0,0,0
aten::to,,,0.114,0.114,0,0,0,0
aten::resolve_conj,,,0.322,0.322,0,0,0,0
aten::resolve_neg,,,0.282,0.282,0,0,0,0
aten::slice,,,1.825,3.883,0,0,0,0
aten::as_strided,,,2.058,2.058,0,0,0,0
aten::slice,,,5.141,8.063,0,0,0,0
aten::as_strided,,,2.922,2.922,0,0,0,0
aten::slice,,,0.772,1.126,0,0,0,0
aten::as_strided,,,0.354,0.354,0,0,0,0
aten::slice,,,0.755,1.167,0,0,0,0
aten::as_strided,,,0.412,0.412,0,0,0,0
