Device_id,Model ID,Task ID,Stream ID,Name,Type,OP State,Accelerator Core,Start Time(us),Duration(us),Wait Time(us),Block Num,Mix Block Num,HF32 Eligible,Input Shapes,Input Data Types,Input Formats,Output Shapes,Output Data Types,Output Formats,Context ID
0,4294967295,2041,46,aclnnInplaceFillScalar_FillAiCore_Fill,Fill,dynamic,AI_VECTOR_CORE,1790613009985730.971	,1.000,0,1,0,NO,"""1;""",INT64;INT32,ND;ND,"""1""",INT32,ND,N/A
0,4294967295,2044,46,aclnnInplaceFillScalar_FillAiCore_Fill,Fill,dynamic,AI_VECTOR_CORE,1790613009986268.153	,0.960,536.250000,1,0,NO,"""1;""",INT64;INT32,ND;ND,"""1""",INT32,ND,N/A
0,4294967295,2049,46,aclnnIndex_IndexAiCore_Index,Index,dynamic,AI_VECTOR_CORE,1790613009986781.993	,8.640,512.790000,48,0,NO,"""1;1;1;10""",INT32;INT64;INT64;INT64,ND;ND;ND;ND,"""10""",INT32,ND,N/A
0,4294967295,2050,46,aclnnInplaceCopy_CastAiCore_Cast,Cast,dynamic,AI_VECTOR_CORE,1790613009986800.634	,0.900,10.110000,1,0,NO,"""10""",INT32,ND,"""10""",INT64,ND,N/A
0,4294967295,2051,46,aclnnAdd_AddAiCore_Add,Add,dynamic,AI_VECTOR_CORE,1790613009986822.495	,2.220,20.850000,1,0,NO,"""10;10""",INT64;INT64,ND;ND,"""10""",INT64,ND,N/A
0,4294967295,2053,46,aclnnAdd_AddAiCore_Add,Add,dynamic,AI_VECTOR_CORE,1790613009986897.318	,1.140,72.530000,1,0,NO,"""1;1""",INT32;INT32,ND;ND,"""1""",INT32,ND,N/A
0,4294967295,2055,46,_compute_slot_mapping_kernel,_compute_slot_mapping_kernel,static,AI_VECTOR_CORE,1790613009987678.969	,120.465,780.610000,2,0,YES,"""2;10;1,2""",461301056;32590;INT32,ND;ND;ND,"""258""",INT64,ND,N/A
0,4294967295,2056,46,aclnnSubs_SubAiCore_Sub,Sub,dynamic,AI_VECTOR_CORE,1790613009987981.081	,1.120,181.535000,1,0,NO,"""1;""",INT32;INT32,ND;ND,"""1""",INT32,ND,N/A
0,4294967295,2058,46,aclnnIndexSelect_GatherV3AiCore_GatherV3,GatherV3,dynamic,AI_VECTOR_CORE,1790613009988741.011	,3.820,758.880000,10,0,NO,"""32768,64;10;1""",DT_BF16;INT64;INT64,ND;ND;ND,"""10,64""",DT_BF16,ND,N/A
0,4294967295,2059,46,aclnnRepeat_TileAiCore_Tile,Tile,dynamic,AI_VECTOR_CORE,1790613009988752.732	,1.760,7.930000,1,0,NO,"""10,2,32;3""",DT_BF16;INT64,NCL;ND,"""10,2,64""",DT_BF16,ND,N/A
0,4294967295,2060,46,aclnnInplaceCopy_SliceAiCore_Slice,Slice,dynamic,AI_VECTOR_CORE,1790613009988801.434	,3.000,46.990000,10,0,NO,"""10,128;2;2""",DT_BF16;INT64;INT64,NCHW;ND;ND,"""10,64""",DT_BF16,NCHW,N/A
0,4294967295,2061,46,aclnnIndexSelect_GatherV3AiCore_GatherV3,GatherV3,dynamic,AI_VECTOR_CORE,1790613009988804.454	,3.860,0.000000,10,0,NO,"""32768,64;10;1""",DT_BF16;INT64;INT64,ND;ND;ND,"""10,64""",DT_BF16,ND,N/A
0,4294967295,2062,46,aclnnRepeat_TileAiCore_Tile,Tile,dynamic,AI_VECTOR_CORE,1790613009988829.375	,1.340,21.140000,1,0,NO,"""10,2,32;3""",DT_BF16;INT64,NCL;ND,"""10,2,64""",DT_BF16,ND,N/A
0,4294967295,2063,46,aclnnInplaceCopy_SliceAiCore_Slice,Slice,dynamic,AI_VECTOR_CORE,1790613009988840.655	,2.480,9.910000,10,0,NO,"""10,128;2;2""",DT_BF16;INT64;INT64,NCHW;ND;ND,"""10,64""",DT_BF16,NCHW,N/A
0,4294967295,2064,46,aclnnInplaceCopy_CastAiCore_Cast,Cast,dynamic,AI_VECTOR_CORE,1790613009989547.584	,0.900,704.270000,1,0,NO,"""10""",INT32,ND,"""10""",INT64,ND,N/A
0,4294967295,2065,46,aclnnEmbedding_GatherV2AiCore_GatherV2,GatherV2,dynamic,AI_VECTOR_CORE,1790613009989565.064	,3.441,16.600000,10,0,NO,"""151936,896;10;1""",DT_BF16;INT64;INT64,ND;ND;ND,"""10,896""",DT_BF16,ND,N/A
0,4294967295,2066,46,RmsNorm,RmsNorm,dynamic,AI_VECTOR_CORE,1790613009989749.392	,6.800,181.059000,10,0,NO,"""10,896;896""",DT_BF16;DT_BF16,ND;ND,"""10,896;10,1""",DT_BF16;FLOAT,ND;ND,N/A
0,4294967295,2067,46,aclnnAddmm_CastAiCore_Cast,Cast,dynamic,AI_VECTOR_CORE,1790613009989972.581	,1.160,216.200000,2,0,NO,"""1152""",DT_BF16,ND,"""1152""",FLOAT,ND,N/A
0,4294967295,2068,46,aclnnAddmm_MatMulCommon_MatMulV2,MatMulV2,dynamic,AI_CORE,1790613009989975.041	,6.920,1.340000,24,0,NO,"""10,896;1152,896;1152""",DT_BF16;DT_BF16;FLOAT,ND;ND;ND,"""10,1152""",DT_BF16,ND,N/A
0,4294967295,2069,46,aclnnInplaceCopy_SliceAiCore_Slice,Slice,dynamic,AI_VECTOR_CORE,1790613009990196.550	,2.020,214.580000,10,0,NO,"""10,18,64;3;3""",DT_BF16;INT64;INT64,NCL;ND;ND,"""10,14,64""",DT_BF16,NCL,N/A
0,4294967295,2070,46,aclnnInplaceCopy_SliceAiCore_Slice,Slice,dynamic,AI_VECTOR_CORE,1790613009990208.590	,1.980,9.980000,10,0,NO,"""10,18,64;3;3""",DT_BF16;INT64;INT64,NCL;ND;ND,"""10,2,64""",DT_BF16,NCL,N/A
0,4294967295,2071,46,_triton_rope,_triton_rope,static,AI_VECTOR_CORE,1790613009990958.600	,4.960,748.020000,10,0,YES,"""10,14,64;10,2,64;32768,64""",DT_BF16;32590;DT_BF16,ND;ND;ND,"""10,14,64;10,2,64""",DT_BF16;32590,ND;ND,N/A
0,4294967295,2072,46,aclnnInplaceCopy_SliceAiCore_Slice,Slice,dynamic,AI_VECTOR_CORE,1790613009991716.610	,2.301,753.040000,10,0,NO,"""10,18,64;3;3""",DT_BF16;INT64;INT64,NCL;ND;ND,"""10,2,64""",DT_BF16,NCL,N/A
0,4294967295,2073,46,ReshapeAndCacheNdKernel,ReshapeAndCacheNdKernel,dynamic,AI_VECTOR_CORE,1790613009991833.795	,3.380,114.949000,10,0,NO,"""10,2,64;10,2,64;11823,128,2,64;11823,128,2,64;10""",DT_BF16;DT_BF16;DT_BF16;DT_BF16;INT32,ND;ND;ND;ND;ND,"""11823,128,2,64;11823,128,2,64""",DT_BF16;DT_BF16,ND;ND,N/A
0,4294967295,2074,46,aclnnContiguous_SliceAiCore_Slice,Slice,dynamic,AI_VECTOR_CORE,1790613009992302.294	,1.580,465.120000,10,0,NO,"""10,18,64;3;3""",DT_BF16;INT64;INT64,NCL;ND;ND,"""10,2,64""",DT_BF16,NCL,N/A
0,4294967295,2075,46,FusedInferAttentionScore,FusedInferAttentionScore,dynamic,MIX_AIC,1790613009992362.816	,22.501,58.920000,24,48,NO,"""10,14,64;10,2,64;10,2,64;;2048,2048;1;1;;;;;;;;;;;;;;;;;;;;;;;;""",DT_BF16;DT_BF16;DT_BF16;DT_UNDEFINED;INT8;INT64;INT64;DT_UNDEFINED;DT_UNDEFINED;DT_UNDEFINED;DT_UNDEFINED;DT_UNDEFINED;DT_UNDEFINED;DT_UNDEFINED;DT_UNDEFINED;DT_UNDEFINED;DT_UNDEFINED;DT_UNDEFINED;DT_UNDEFINED;DT_UNDEFINED;DT_UNDEFINED;DT_UNDEFINED;DT_UNDEFINED;DT_UNDEFINED;DT_UNDEFINED;DT_UNDEFINED;DT_UNDEFINED;DT_UNDEFINED;DT_UNDEFINED;DT_UNDEFINED;DT_UNDEFINED,ND;ND;ND;NULL;ND;ND;ND;NULL;NULL;NULL;NULL;NULL;NULL;NULL;NULL;NULL;NULL;NULL;NULL;NULL;NULL;NULL;NULL;NULL;NULL;NULL;NULL;NULL;NULL;NULL;NULL,"""10,14,64;""",DT_BF16;FLOAT,ND;ND,0
0,4294967295,2077,46,aclnnMatmul_MatMulCommon_MatMulV2,MatMulV2,dynamic,AI_CORE,1790613009992797.774	,5.340,412.499000,19,0,NO,"""10,896;896,896""",DT_BF16;DT_BF16,ND;ND,"""10,896""",DT_BF16,ND,N/A
0,4294967295,2078,46,AddRmsNormBias,AddRmsNormBias,dynamic,AI_VECTOR_CORE,1790613009993004.702	,3.520,201.660000,10,0,NO,"""10,896;10,896;896;""",DT_BF16;DT_BF16;DT_BF16;DT_UNDEFINED,ND;ND;ND;NULL,"""10,896;10,1;10,896""",DT_BF16;FLOAT;DT_BF16,ND;ND;ND,N/A
0,4294967295,2079,46,aclnnMatmul_MatMulCommon_MatMulV2,MatMulV2,dynamic,AI_CORE,1790613009993179.509	,19.341,171.230000,22,0,NO,"""10,896;9728,896""",DT_BF16;DT_BF16,ND;ND,"""10,9728""",DT_BF16,ND,N/A
0,4294967295,2080,46,SwiGlu,SwiGlu,dynamic,AI_VECTOR_CORE,1790613009993314.874	,5.621,115.909000,10,0,NO,"""10,9728""",DT_BF16,ND,"""10,4864""",DT_BF16,ND,N/A
0,4294967295,2081,46,aclnnMatmul_MatMulCommon_MatMulV2,MatMulV2,dynamic,AI_CORE,1790613009993457.420	,16.501,137.129000,19,0,NO,"""10,4864;896,4864""",DT_BF16;DT_BF16,ND;ND,"""10,896""",DT_BF16,ND,N/A
0,4294967295,2082,46,AddRmsNormBias,AddRmsNormBias,dynamic,AI_VECTOR_CORE,1790613009993627.227	,3.360,153.249000,10,0,NO,"""10,896;10,896;896;""",DT_BF16;DT_BF16;DT_BF16;DT_UNDEFINED,ND;ND;ND;NULL,"""10,896;10,1;10,896""",DT_BF16;FLOAT;DT_BF16,ND;ND;ND,N/A
0,4294967295,2083,46,aclnnAddmm_CastAiCore_Cast,Cast,dynamic,AI_VECTOR_CORE,1790613009993789.713	,1.240,159.140000,2,0,NO,"""1152""",DT_BF16,ND,"""1152""",FLOAT,ND,N/A
0,4294967295,2084,46,aclnnAddmm_MatMulCommon_MatMulV2,MatMulV2,dynamic,AI_CORE,1790613009993792.313	,7.381,1.260000,24,0,NO,"""10,896;1152,896;1152""",DT_BF16;DT_BF16;FLOAT,ND;ND;ND,"""10,1152""",DT_BF16,ND,N/A
0,4294967295,2085,46,aclnnInplaceCopy_SliceAiCore_Slice,Slice,dynamic,AI_VECTOR_CORE,1790613009993963.880	,1.900,164.369000,10,0,NO,"""10,18,64;3;3""",DT_BF16;INT64;INT64,NCL;ND;ND,"""10,14,64""",DT_BF16,NCL,N/A
0,4294967295,2086,46,aclnnInplaceCopy_SliceAiCore_Slice,Slice,dynamic,AI_VECTOR_CORE,1790613009993966.420	,2.140,0.600000,10,0,NO,"""10,18,64;3;3""",DT_BF16;INT64;INT64,NCL;ND;ND,"""10,2,64""",DT_BF16,NCL,N/A
0,4294967295,2087,46,_triton_rope,_triton_rope,static,AI_VECTOR_CORE,1790613009994712.730	,4.540,744.110000,10,0,YES,"""10,14,64;10,2,64;32768,64""",DT_BF16;32590;DT_BF16,ND;ND;ND,"""10,14,64;10,2,64""",DT_BF16;32590,ND;ND,N/A
0,4294967295,2088,46,aclnnInplaceCopy_SliceAiCore_Slice,Slice,dynamic,AI_VECTOR_CORE,1790613009995392.757	,2.440,675.460000,10,0,NO,"""10,18,64;3;3""",DT_BF16;INT64;INT64,NCL;ND;ND,"""10,2,64""",DT_BF16,NCL,N/A
0,4294967295,2089,46,ReshapeAndCacheNdKernel,ReshapeAndCacheNdKernel,dynamic,AI_VECTOR_CORE,1790613009995443.799	,3.260,48.560000,10,0,NO,"""10,2,64;10,2,64;11823,128,2,64;11823,128,2,64;10""",DT_BF16;DT_BF16;DT_BF16;DT_BF16;INT32,ND;ND;ND;ND;ND,"""11823,128,2,64;11823,128,2,64""",DT_BF16;DT_BF16,ND;ND,N/A
0,4294967295,2090,46,aclnnContiguous_SliceAiCore_Slice,Slice,dynamic,AI_VECTOR_CORE,1790613009995895.997	,1.620,448.990000,10,0,NO,"""10,18,64;3;3""",DT_BF16;INT64;INT64,NCL;ND;ND,"""10,2,64""",DT_BF16,NCL,N/A
0,4294967295,2091,46,FusedInferAttentionScore,FusedInferAttentionScore,dynamic,MIX_AIC,1790613009995938.199	,20.821,40.630000,24,48,NO,"""10,14,64;10,2,64;10,2,64;;2048,2048;1;1;;;;;;;;;;;;;;;;;;;;;;;;""",DT_BF16;DT_BF16;DT_BF16;DT_UNDEFINED;INT8;INT64;INT64;DT_UNDEFINED;DT_UNDEFINED;DT_UNDEFINED;DT_UNDEFINED;DT_UNDEFINED;DT_UNDEFINED;DT_UNDEFINED;DT_UNDEFINED;DT_UNDEFINED;DT_UNDEFINED;DT_UNDEFINED;DT_UNDEFINED;DT_UNDEFINED;DT_UNDEFINED;DT_UNDEFINED;DT_UNDEFINED;DT_UNDEFINED;DT_UNDEFINED;DT_UNDEFINED;DT_UNDEFINED;DT_UNDEFINED;DT_UNDEFINED;DT_UNDEFINED;DT_UNDEFINED,ND;ND;ND;NULL;ND;ND;ND;NULL;NULL;NULL;NULL;NULL;NULL;NULL;NULL;NULL;NULL;NULL;NULL;NULL;NULL;NULL;NULL;NULL;NULL;NULL;NULL;NULL;NULL;NULL;NULL,"""10,14,64;""",DT_BF16;FLOAT,ND;ND,0
0,4294967295,2093,46,aclnnMatmul_MatMulCommon_MatMulV2,MatMulV2,dynamic,AI_CORE,1790613009996357.356	,5.560,398.179000,19,0,NO,"""10,896;896,896""",DT_BF16;DT_BF16,ND;ND,"""10,896""",DT_BF16,ND,N/A
0,4294967295,2094,46,AddRmsNormBias,AddRmsNormBias,dynamic,AI_VECTOR_CORE,1790613009996539.463	,3.100,176.690000,10,0,NO,"""10,896;10,896;896;""",DT_BF16;DT_BF16;DT_BF16;DT_UNDEFINED,ND;ND;ND;NULL,"""10,896;10,1;10,896""",DT_BF16;FLOAT;DT_BF16,ND;ND;ND,N/A
0,4294967295,2095,46,aclnnMatmul_MatMulCommon_MatMulV2,MatMulV2,dynamic,AI_CORE,1790613009996711.030	,19.561,168.400000,22,0,NO,"""10,896;9728,896""",DT_BF16;DT_BF16,ND;ND,"""10,9728""",DT_BF16,ND,N/A
0,4294967295,2096,46,SwiGlu,SwiGlu,dynamic,AI_VECTOR_CORE,1790613009996836.975	,5.080,106.439000,10,0,NO,"""10,9728""",DT_BF16,ND,"""10,4864""",DT_BF16,ND,N/A
0,4294967295,2097,46,aclnnMatmul_MatMulCommon_MatMulV2,MatMulV2,dynamic,AI_CORE,1790613009996984.241	,16.341,142.170000,19,0,NO,"""10,4864;896,4864""",DT_BF16;DT_BF16,ND;ND,"""10,896""",DT_BF16,ND,N/A
0,4294967295,2098,46,AddRmsNormBias,AddRmsNormBias,dynamic,AI_VECTOR_CORE,1790613009997191.089	,3.240,190.409000,10,0,NO,"""10,896;10,896;896;""",DT_BF16;DT_BF16;DT_BF16;DT_UNDEFINED,ND;ND;ND;NULL,"""10,896;10,1;10,896""",DT_BF16;FLOAT;DT_BF16,ND;ND;ND,N/A
0,4294967295,2099,46,aclnnAddmm_CastAiCore_Cast,Cast,dynamic,AI_VECTOR_CORE,1790613009997359.036	,1.100,164.760000,2,0,NO,"""1152""",DT_BF16,ND,"""1152""",FLOAT,ND,N/A
0,4294967295,2100,46,aclnnAddmm_MatMulCommon_MatMulV2,MatMulV2,dynamic,AI_CORE,1790613009997361.396	,6.920,1.400000,24,0,NO,"""10,896;1152,896;1152""",DT_BF16;DT_BF16;FLOAT,ND;ND;ND,"""10,1152""",DT_BF16,ND,N/A
0,4294967295,2101,46,aclnnInplaceCopy_SliceAiCore_Slice,Slice,dynamic,AI_VECTOR_CORE,1790613009997532.683	,2.360,164.330000,10,0,NO,"""10,18,64;3;3""",DT_BF16;INT64;INT64,NCL;ND;ND,"""10,14,64""",DT_BF16,NCL,N/A
0,4294967295,2102,46,aclnnInplaceCopy_SliceAiCore_Slice,Slice,dynamic,AI_VECTOR_CORE,1790613009997535.063	,2.560,0.000000,10,0,NO,"""10,18,64;3;3""",DT_BF16;INT64;INT64,NCL;ND;ND,"""10,2,64""",DT_BF16,NCL,N/A
0,4294967295,2103,46,_triton_rope,_triton_rope,static,AI_VECTOR_CORE,1790613009998800.494	,4.600,1262.940000,10,0,YES,"""10,14,64;10,2,64;32768,64""",DT_BF16;32590;DT_BF16,ND;ND;ND,"""10,14,64;10,2,64""",DT_BF16;32590,ND;ND,N/A
0,4294967295,2104,46,aclnnInplaceCopy_SliceAiCore_Slice,Slice,dynamic,AI_VECTOR_CORE,1790613009999476.881	,2.340,671.900000,10,0,NO,"""10,18,64;3;3""",DT_BF16;INT64;INT64,NCL;ND;ND,"""10,2,64""",DT_BF16,NCL,N/A
0,4294967295,2105,46,ReshapeAndCacheNdKernel,ReshapeAndCacheNdKernel,dynamic,AI_VECTOR_CORE,1790613009999504.822	,3.060,25.410000,10,0,NO,"""10,2,64;10,2,64;11823,128,2,64;11823,128,2,64;10""",DT_BF16;DT_BF16;DT_BF16;DT_BF16;INT32,ND;ND;ND;ND;ND,"""11823,128,2,64;11823,128,2,64""",DT_BF16;DT_BF16,ND;ND,N/A
0,4294967295,2106,46,aclnnContiguous_SliceAiCore_Slice,Slice,dynamic,AI_VECTOR_CORE,1790613009999969.780	,1.480,461.940000,10,0,NO,"""10,18,64;3;3""",DT_BF16;INT64;INT64,NCL;ND;ND,"""10,2,64""",DT_BF16,NCL,N/A
0,4294967295,2107,46,FusedInferAttentionScore,FusedInferAttentionScore,dynamic,MIX_AIC,1790613009999990.601	,19.061,19.270000,24,48,NO,"""10,14,64;10,2,64;10,2,64;;2048,2048;1;1;;;;;;;;;;;;;;;;;;;;;;;;""",DT_BF16;DT_BF16;DT_BF16;DT_UNDEFINED;INT8;INT64;INT64;DT_UNDEFINED;DT_UNDEFINED;DT_UNDEFINED;DT_UNDEFINED;DT_UNDEFINED;DT_UNDEFINED;DT_UNDEFINED;DT_UNDEFINED;DT_UNDEFINED;DT_UNDEFINED;DT_UNDEFINED;DT_UNDEFINED;DT_UNDEFINED;DT_UNDEFINED;DT_UNDEFINED;DT_UNDEFINED;DT_UNDEFINED;DT_UNDEFINED;DT_UNDEFINED;DT_UNDEFINED;DT_UNDEFINED;DT_UNDEFINED;DT_UNDEFINED;DT_UNDEFINED,ND;ND;ND;NULL;ND;ND;ND;NULL;NULL;NULL;NULL;NULL;NULL;NULL;NULL;NULL;NULL;NULL;NULL;NULL;NULL;NULL;NULL;NULL;NULL;NULL;NULL;NULL;NULL;NULL;NULL,"""10,14,64;""",DT_BF16;FLOAT,ND;ND,0
0,4294967295,2109,46,aclnnMatmul_MatMulCommon_MatMulV2,MatMulV2,dynamic,AI_CORE,1790613010000446.699	,5.521,437.189000,19,0,NO,"""10,896;896,896""",DT_BF16;DT_BF16,ND;ND,"""10,896""",DT_BF16,ND,N/A
0,4294967295,2110,46,AddRmsNormBias,AddRmsNormBias,dynamic,AI_VECTOR_CORE,1790613010000633.267	,3.060,180.979000,10,0,NO,"""10,896;10,896;896;""",DT_BF16;DT_BF16;DT_BF16;DT_UNDEFINED,ND;ND;ND;NULL,"""10,896;10,1;10,896""",DT_BF16;FLOAT;DT_BF16,ND;ND;ND,N/A
0,4294967295,2111,46,aclnnMatmul_MatMulCommon_MatMulV2,MatMulV2,dynamic,AI_CORE,1790613010000802.954	,19.120,166.690000,22,0,NO,"""10,896;9728,896""",DT_BF16;DT_BF16,ND;ND,"""10,9728""",DT_BF16,ND,N/A
0,4294967295,2112,46,SwiGlu,SwiGlu,dynamic,AI_VECTOR_CORE,1790613010000931.759	,5.200,109.630000,10,0,NO,"""10,9728""",DT_BF16,ND,"""10,4864""",DT_BF16,ND,N/A
0,4294967295,2113,46,aclnnMatmul_MatMulCommon_MatMulV2,MatMulV2,dynamic,AI_CORE,1790613010001074.705	,16.360,137.800000,19,0,NO,"""10,4864;896,4864""",DT_BF16;DT_BF16,ND;ND,"""10,896""",DT_BF16,ND,N/A
0,4294967295,2114,46,AddRmsNormBias,AddRmsNormBias,dynamic,AI_VECTOR_CORE,1790613010001252.732	,3.180,161.640000,10,0,NO,"""10,896;10,896;896;""",DT_BF16;DT_BF16;DT_BF16;DT_UNDEFINED,ND;ND;ND;NULL,"""10,896;10,1;10,896""",DT_BF16;FLOAT;DT_BF16,ND;ND;ND,N/A
0,4294967295,2115,46,aclnnAddmm_CastAiCore_Cast,Cast,dynamic,AI_VECTOR_CORE,1790613010001416.578	,1.360,160.570000,2,0,NO,"""1152""",DT_BF16,ND,"""1152""",FLOAT,ND,N/A
0,4294967295,2116,46,aclnnAddmm_MatMulCommon_MatMulV2,MatMulV2,dynamic,AI_CORE,1790613010001419.218	,7.221,1.390000,24,0,NO,"""10,896;1152,896;1152""",DT_BF16;DT_BF16;FLOAT,ND;ND;ND,"""10,1152""",DT_BF16,ND,N/A
0,4294967295,2117,46,aclnnInplaceCopy_SliceAiCore_Slice,Slice,dynamic,AI_VECTOR_CORE,1790613010001584.025	,2.280,157.529000,10,0,NO,"""10,18,64;3;3""",DT_BF16;INT64;INT64,NCL;ND;ND,"""10,14,64""",DT_BF16,NCL,N/A
0,4294967295,2118,46,aclnnInplaceCopy_SliceAiCore_Slice,Slice,dynamic,AI_VECTOR_CORE,1790613010001586.325	,2.380,0.000000,10,0,NO,"""10,18,64;3;3""",DT_BF16;INT64;INT64,NCL;ND;ND,"""10,2,64""",DT_BF16,NCL,N/A
0,4294967295,2119,46,_triton_rope,_triton_rope,static,AI_VECTOR_CORE,1790613010002313.474	,4.540,724.870000,10,0,YES,"""10,14,64;10,2,64;32768,64""",DT_BF16;32590;DT_BF16,ND;ND;ND,"""10,14,64;10,2,64""",DT_BF16;32590,ND;ND,N/A
0,4294967295,2120,46,aclnnInplaceCopy_SliceAiCore_Slice,Slice,dynamic,AI_VECTOR_CORE,1790613010002977.581	,2.420,659.460000,10,0,NO,"""10,18,64;3;3""",DT_BF16;INT64;INT64,NCL;ND;ND,"""10,2,64""",DT_BF16,NCL,N/A
0,4294967295,2121,46,ReshapeAndCacheNdKernel,ReshapeAndCacheNdKernel,dynamic,AI_VECTOR_CORE,1790613010003010.642	,2.860,30.830000,10,0,NO,"""10,2,64;10,2,64;11823,128,2,64;11823,128,2,64;10""",DT_BF16;DT_BF16;DT_BF16;DT_BF16;INT32,ND;ND;ND;ND;ND,"""11823,128,2,64;11823,128,2,64""",DT_BF16;DT_BF16,ND;ND,N/A
0,4294967295,2122,46,aclnnContiguous_SliceAiCore_Slice,Slice,dynamic,AI_VECTOR_CORE,1790613010003459.320	,1.580,445.640000,10,0,NO,"""10,18,64;3;3""",DT_BF16;INT64;INT64,NCL;ND;ND,"""10,2,64""",DT_BF16,NCL,N/A
0,4294967295,2123,46,FusedInferAttentionScore,FusedInferAttentionScore,dynamic,MIX_AIC,1790613010003486.881	,20.041,26.170000,24,48,NO,"""10,14,64;10,2,64;10,2,64;;2048,2048;1;1;;;;;;;;;;;;;;;;;;;;;;;;""",DT_BF16;DT_BF16;DT_BF16;DT_UNDEFINED;INT8;INT64;INT64;DT_UNDEFINED;DT_UNDEFINED;DT_UNDEFINED;DT_UNDEFINED;DT_UNDEFINED;DT_UNDEFINED;DT_UNDEFINED;DT_UNDEFINED;DT_UNDEFINED;DT_UNDEFINED;DT_UNDEFINED;DT_UNDEFINED;DT_UNDEFINED;DT_UNDEFINED;DT_UNDEFINED;DT_UNDEFINED;DT_UNDEFINED;DT_UNDEFINED;DT_UNDEFINED;DT_UNDEFINED;DT_UNDEFINED;DT_UNDEFINED;DT_UNDEFINED;DT_UNDEFINED,ND;ND;ND;NULL;ND;ND;ND;NULL;NULL;NULL;NULL;NULL;NULL;NULL;NULL;NULL;NULL;NULL;NULL;NULL;NULL;NULL;NULL;NULL;NULL;NULL;NULL;NULL;NULL;NULL;NULL,"""10,14,64;""",DT_BF16;FLOAT,ND;ND,0
0,4294967295,2125,46,aclnnMatmul_MatMulCommon_MatMulV2,MatMulV2,dynamic,AI_CORE,1790613010003962.160	,5.720,455.209000,19,0,NO,"""10,896;896,896""",DT_BF16;DT_BF16,ND;ND,"""10,896""",DT_BF16,ND,N/A
0,4294967295,2126,46,AddRmsNormBias,AddRmsNormBias,dynamic,AI_VECTOR_CORE,1790613010004142.007	,3.180,174.030000,10,0,NO,"""10,896;10,896;896;""",DT_BF16;DT_BF16;DT_BF16;DT_UNDEFINED,ND;ND;ND;NULL,"""10,896;10,1;10,896""",DT_BF16;FLOAT;DT_BF16,ND;ND;ND,N/A
0,4294967295,2127,46,aclnnMatmul_MatMulCommon_MatMulV2,MatMulV2,dynamic,AI_CORE,1790613010004304.114	,19.240,158.820000,22,0,NO,"""10,896;9728,896""",DT_BF16;DT_BF16,ND;ND,"""10,9728""",DT_BF16,ND,N/A
0,4294967295,2128,46,SwiGlu,SwiGlu,dynamic,AI_VECTOR_CORE,1790613010004421.338	,4.981,98.010000,10,0,NO,"""10,9728""",DT_BF16,ND,"""10,4864""",DT_BF16,ND,N/A
0,4294967295,2129,46,aclnnMatmul_MatMulCommon_MatMulV2,MatMulV2,dynamic,AI_CORE,1790613010004581.405	,16.280,155.269000,19,0,NO,"""10,4864;896,4864""",DT_BF16;DT_BF16,ND;ND,"""10,896""",DT_BF16,ND,N/A
0,4294967295,2130,46,AddRmsNormBias,AddRmsNormBias,dynamic,AI_VECTOR_CORE,1790613010004764.132	,3.100,166.470000,10,0,NO,"""10,896;10,896;896;""",DT_BF16;DT_BF16;DT_BF16;DT_UNDEFINED,ND;ND;ND;NULL,"""10,896;10,1;10,896""",DT_BF16;FLOAT;DT_BF16,ND;ND;ND,N/A
0,4294967295,2131,46,aclnnAddmm_CastAiCore_Cast,Cast,dynamic,AI_VECTOR_CORE,1790613010004928.519	,1.160,161.150000,2,0,NO,"""1152""",DT_BF16,ND,"""1152""",FLOAT,ND,N/A
0,4294967295,2132,46,aclnnAddmm_MatMulCommon_MatMulV2,MatMulV2,dynamic,AI_CORE,1790613010004930.859	,6.820,1.090000,24,0,NO,"""10,896;1152,896;1152""",DT_BF16;DT_BF16;FLOAT,ND;ND;ND,"""10,1152""",DT_BF16,ND,N/A
0,4294967295,2133,46,aclnnInplaceCopy_SliceAiCore_Slice,Slice,dynamic,AI_VECTOR_CORE,1790613010005094.505	,3.080,156.930000,10,0,NO,"""10,18,64;3;3""",DT_BF16;INT64;INT64,NCL;ND;ND,"""10,14,64""",DT_BF16,NCL,N/A
0,4294967295,2134,46,aclnnInplaceCopy_SliceAiCore_Slice,Slice,dynamic,AI_VECTOR_CORE,1790613010005097.605	,2.340,0.000000,10,0,NO,"""10,18,64;3;3""",DT_BF16;INT64;INT64,NCL;ND;ND,"""10,2,64""",DT_BF16,NCL,N/A
0,4294967295,2135,46,_triton_rope,_triton_rope,static,AI_VECTOR_CORE,1790613010005830.695	,4.740,730.910000,10,0,YES,"""10,14,64;10,2,64;32768,64""",DT_BF16;32590;DT_BF16,ND;ND;ND,"""10,14,64;10,2,64""",DT_BF16;32590,ND;ND,N/A
0,4294967295,2136,46,aclnnInplaceCopy_SliceAiCore_Slice,Slice,dynamic,AI_VECTOR_CORE,1790613010006506.142	,2.400,670.760000,10,0,NO,"""10,18,64;3;3""",DT_BF16;INT64;INT64,NCL;ND;ND,"""10,2,64""",DT_BF16,NCL,N/A
0,4294967295,2137,46,ReshapeAndCacheNdKernel,ReshapeAndCacheNdKernel,dynamic,AI_VECTOR_CORE,1790613010006532.043	,2.880,23.350000,10,0,NO,"""10,2,64;10,2,64;11823,128,2,64;11823,128,2,64;10""",DT_BF16;DT_BF16;DT_BF16;DT_BF16;INT32,ND;ND;ND;ND;ND,"""11823,128,2,64;11823,128,2,64""",DT_BF16;DT_BF16,ND;ND,N/A
0,4294967295,2138,46,aclnnContiguous_SliceAiCore_Slice,Slice,dynamic,AI_VECTOR_CORE,1790613010006979.561	,1.540,444.620000,10,0,NO,"""10,18,64;3;3""",DT_BF16;INT64;INT64,NCL;ND;ND,"""10,2,64""",DT_BF16,NCL,N/A
0,4294967295,2139,46,FusedInferAttentionScore,FusedInferAttentionScore,dynamic,MIX_AIC,1790613010006997.881	,20.761,16.960000,24,48,NO,"""10,14,64;10,2,64;10,2,64;;2048,2048;1;1;;;;;;;;;;;;;;;;;;;;;;;;""",DT_BF16;DT_BF16;DT_BF16;DT_UNDEFINED;INT8;INT64;INT64;DT_UNDEFINED;DT_UNDEFINED;DT_UNDEFINED;DT_UNDEFINED;DT_UNDEFINED;DT_UNDEFINED;DT_UNDEFINED;DT_UNDEFINED;DT_UNDEFINED;DT_UNDEFINED;DT_UNDEFINED;DT_UNDEFINED;DT_UNDEFINED;DT_UNDEFINED;DT_UNDEFINED;DT_UNDEFINED;DT_UNDEFINED;DT_UNDEFINED;DT_UNDEFINED;DT_UNDEFINED;DT_UNDEFINED;DT_UNDEFINED;DT_UNDEFINED;DT_UNDEFINED,ND;ND;ND;NULL;ND;ND;ND;NULL;NULL;NULL;NULL;NULL;NULL;NULL;NULL;NULL;NULL;NULL;NULL;NULL;NULL;NULL;NULL;NULL;NULL;NULL;NULL;NULL;NULL;NULL;NULL,"""10,14,64;""",DT_BF16;FLOAT,ND;ND,0
0,4294967295,2141,46,aclnnMatmul_MatMulCommon_MatMulV2,MatMulV2,dynamic,AI_CORE,1790613010007486.861	,5.480,467.989000,19,0,NO,"""10,896;896,896""",DT_BF16;DT_BF16,ND;ND,"""10,896""",DT_BF16,ND,N/A
0,4294967295,2142,46,AddRmsNormBias,AddRmsNormBias,dynamic,AI_VECTOR_CORE,1790613010007672.988	,3.100,180.770000,10,0,NO,"""10,896;10,896;896;""",DT_BF16;DT_BF16;DT_BF16;DT_UNDEFINED,ND;ND;ND;NULL,"""10,896;10,1;10,896""",DT_BF16;FLOAT;DT_BF16,ND;ND;ND,N/A
0,4294967295,2143,46,aclnnMatmul_MatMulCommon_MatMulV2,MatMulV2,dynamic,AI_CORE,1790613010007830.055	,19.700,153.900000,22,0,NO,"""10,896;9728,896""",DT_BF16;DT_BF16,ND;ND,"""10,9728""",DT_BF16,ND,N/A
0,4294967295,2144,46,SwiGlu,SwiGlu,dynamic,AI_VECTOR_CORE,1790613010007956.320	,5.120,106.550000,10,0,NO,"""10,9728""",DT_BF16,ND,"""10,4864""",DT_BF16,ND,N/A
0,4294967295,2145,46,aclnnMatmul_MatMulCommon_MatMulV2,MatMulV2,dynamic,AI_CORE,1790613010008091.725	,16.701,130.380000,19,0,NO,"""10,4864;896,4864""",DT_BF16;DT_BF16,ND;ND,"""10,896""",DT_BF16,ND,N/A
0,4294967295,2146,46,AddRmsNormBias,AddRmsNormBias,dynamic,AI_VECTOR_CORE,1790613010008265.032	,3.360,156.549000,10,0,NO,"""10,896;10,896;896;""",DT_BF16;DT_BF16;DT_BF16;DT_UNDEFINED,ND;ND;ND;NULL,"""10,896;10,1;10,896""",DT_BF16;FLOAT;DT_BF16,ND;ND;ND,N/A
0,4294967295,2147,46,aclnnAddmm_CastAiCore_Cast,Cast,dynamic,AI_VECTOR_CORE,1790613010008434.619	,1.100,166.140000,2,0,NO,"""1152""",DT_BF16,ND,"""1152""",FLOAT,ND,N/A
0,4294967295,2148,46,aclnnAddmm_MatMulCommon_MatMulV2,MatMulV2,dynamic,AI_CORE,1790613010008437.219	,7.200,1.650000,24,0,NO,"""10,896;1152,896;1152""",DT_BF16;DT_BF16;FLOAT,ND;ND;ND,"""10,1152""",DT_BF16,ND,N/A
0,4294967295,2149,46,aclnnInplaceCopy_SliceAiCore_Slice,Slice,dynamic,AI_VECTOR_CORE,1790613010008609.026	,2.360,164.550000,10,0,NO,"""10,18,64;3;3""",DT_BF16;INT64;INT64,NCL;ND;ND,"""10,14,64""",DT_BF16,NCL,N/A
0,4294967295,2150,46,aclnnInplaceCopy_SliceAiCore_Slice,Slice,dynamic,AI_VECTOR_CORE,1790613010008611.406	,2.360,0.140000,10,0,NO,"""10,18,64;3;3""",DT_BF16;INT64;INT64,NCL;ND;ND,"""10,2,64""",DT_BF16,NCL,N/A
0,4294967295,2151,46,_triton_rope,_triton_rope,static,AI_VECTOR_CORE,1790613010009375.896	,4.441,762.140000,10,0,YES,"""10,14,64;10,2,64;32768,64""",DT_BF16;32590;DT_BF16,ND;ND;ND,"""10,14,64;10,2,64""",DT_BF16;32590,ND;ND,N/A
0,4294967295,2152,46,aclnnInplaceCopy_SliceAiCore_Slice,Slice,dynamic,AI_VECTOR_CORE,1790613010010065.524	,2.320,685.059000,10,0,NO,"""10,18,64;3;3""",DT_BF16;INT64;INT64,NCL;ND;ND,"""10,2,64""",DT_BF16,NCL,N/A
0,4294967295,2153,46,ReshapeAndCacheNdKernel,ReshapeAndCacheNdKernel,dynamic,AI_VECTOR_CORE,1790613010010092.145	,2.980,24.430000,10,0,NO,"""10,2,64;10,2,64;11823,128,2,64;11823,128,2,64;10""",DT_BF16;DT_BF16;DT_BF16;DT_BF16;INT32,ND;ND;ND;ND;ND,"""11823,128,2,64;11823,128,2,64""",DT_BF16;DT_BF16,ND;ND,N/A
0,4294967295,2154,46,aclnnContiguous_SliceAiCore_Slice,Slice,dynamic,AI_VECTOR_CORE,1790613010010550.843	,1.600,455.520000,10,0,NO,"""10,18,64;3;3""",DT_BF16;INT64;INT64,NCL;ND;ND,"""10,2,64""",DT_BF16,NCL,N/A
0,4294967295,2155,46,FusedInferAttentionScore,FusedInferAttentionScore,dynamic,MIX_AIC,1790613010010571.104	,19.481,18.650000,24,48,NO,"""10,14,64;10,2,64;10,2,64;;2048,2048;1;1;;;;;;;;;;;;;;;;;;;;;;;;""",DT_BF16;DT_BF16;DT_BF16;DT_UNDEFINED;INT8;INT64;INT64;DT_UNDEFINED;DT_UNDEFINED;DT_UNDEFINED;DT_UNDEFINED;DT_UNDEFINED;DT_UNDEFINED;DT_UNDEFINED;DT_UNDEFINED;DT_UNDEFINED;DT_UNDEFINED;DT_UNDEFINED;DT_UNDEFINED;DT_UNDEFINED;DT_UNDEFINED;DT_UNDEFINED;DT_UNDEFINED;DT_UNDEFINED;DT_UNDEFINED;DT_UNDEFINED;DT_UNDEFINED;DT_UNDEFINED;DT_UNDEFINED;DT_UNDEFINED;DT_UNDEFINED,ND;ND;ND;NULL;ND;ND;ND;NULL;NULL;NULL;NULL;NULL;NULL;NULL;NULL;NULL;NULL;NULL;NULL;NULL;NULL;NULL;NULL;NULL;NULL;NULL;NULL;NULL;NULL;NULL;NULL,"""10,14,64;""",DT_BF16;FLOAT,ND;ND,0
0,4294967295,2157,46,aclnnMatmul_MatMulCommon_MatMulV2,MatMulV2,dynamic,AI_CORE,1790613010011028.263	,5.580,437.769000,19,0,NO,"""10,896;896,896""",DT_BF16;DT_BF16,ND;ND,"""10,896""",DT_BF16,ND,N/A
0,4294967295,2158,46,AddRmsNormBias,AddRmsNormBias,dynamic,AI_VECTOR_CORE,1790613010011215.810	,3.160,181.920000,10,0,NO,"""10,896;10,896;896;""",DT_BF16;DT_BF16;DT_BF16;DT_UNDEFINED,ND;ND;ND;NULL,"""10,896;10,1;10,896""",DT_BF16;FLOAT;DT_BF16,ND;ND;ND,N/A
0,4294967295,2159,46,aclnnMatmul_MatMulCommon_MatMulV2,MatMulV2,dynamic,AI_CORE,1790613010011381.997	,19.640,163.090000,22,0,NO,"""10,896;9728,896""",DT_BF16;DT_BF16,ND;ND,"""10,9728""",DT_BF16,ND,N/A
0,4294967295,2160,46,SwiGlu,SwiGlu,dynamic,AI_VECTOR_CORE,1790613010011509.582	,5.380,107.860000,10,0,NO,"""10,9728""",DT_BF16,ND,"""10,4864""",DT_BF16,ND,N/A
0,4294967295,2161,46,aclnnMatmul_MatMulCommon_MatMulV2,MatMulV2,dynamic,AI_CORE,1790613010011651.907	,16.341,137.120000,19,0,NO,"""10,4864;896,4864""",DT_BF16;DT_BF16,ND;ND,"""10,896""",DT_BF16,ND,N/A
0,4294967295,2162,46,AddRmsNormBias,AddRmsNormBias,dynamic,AI_VECTOR_CORE,1790613010011823.794	,3.040,155.409000,10,0,NO,"""10,896;10,896;896;""",DT_BF16;DT_BF16;DT_BF16;DT_UNDEFINED,ND;ND;ND;NULL,"""10,896;10,1;10,896""",DT_BF16;FLOAT;DT_BF16,ND;ND;ND,N/A
0,4294967295,2163,46,aclnnAddmm_CastAiCore_Cast,Cast,dynamic,AI_VECTOR_CORE,1790613010011979.041	,1.240,152.210000,2,0,NO,"""1152""",DT_BF16,ND,"""1152""",FLOAT,ND,N/A
0,4294967295,2164,46,aclnnAddmm_MatMulCommon_MatMulV2,MatMulV2,dynamic,AI_CORE,1790613010011981.561	,6.780,1.260000,24,0,NO,"""10,896;1152,896;1152""",DT_BF16;DT_BF16;FLOAT,ND;ND;ND,"""10,1152""",DT_BF16,ND,N/A
0,4294967295,2165,46,aclnnInplaceCopy_SliceAiCore_Slice,Slice,dynamic,AI_VECTOR_CORE,1790613010012148.967	,2.300,160.720000,10,0,NO,"""10,18,64;3;3""",DT_BF16;INT64;INT64,NCL;ND;ND,"""10,14,64""",DT_BF16,NCL,N/A
0,4294967295,2166,46,aclnnInplaceCopy_SliceAiCore_Slice,Slice,dynamic,AI_VECTOR_CORE,1790613010012151.287	,2.360,0.000000,10,0,NO,"""10,18,64;3;3""",DT_BF16;INT64;INT64,NCL;ND;ND,"""10,2,64""",DT_BF16,NCL,N/A
0,4294967295,2167,46,_triton_rope,_triton_rope,static,AI_VECTOR_CORE,1790613010012874.696	,4.581,721.140000,10,0,YES,"""10,14,64;10,2,64;32768,64""",DT_BF16;32590;DT_BF16,ND;ND;ND,"""10,14,64;10,2,64""",DT_BF16;32590,ND;ND,N/A
0,4294967295,2168,46,aclnnInplaceCopy_SliceAiCore_Slice,Slice,dynamic,AI_VECTOR_CORE,1790613010013565.204	,2.340,685.919000,10,0,NO,"""10,18,64;3;3""",DT_BF16;INT64;INT64,NCL;ND;ND,"""10,2,64""",DT_BF16,NCL,N/A
0,4294967295,2169,46,ReshapeAndCacheNdKernel,ReshapeAndCacheNdKernel,dynamic,AI_VECTOR_CORE,1790613010013590.785	,3.140,23.160000,10,0,NO,"""10,2,64;10,2,64;11823,128,2,64;11823,128,2,64;10""",DT_BF16;DT_BF16;DT_BF16;DT_BF16;INT32,ND;ND;ND;ND;ND,"""11823,128,2,64;11823,128,2,64""",DT_BF16;DT_BF16,ND;ND,N/A
0,4294967295,2170,46,aclnnContiguous_SliceAiCore_Slice,Slice,dynamic,AI_VECTOR_CORE,1790613010014066.344	,1.500,472.360000,10,0,NO,"""10,18,64;3;3""",DT_BF16;INT64;INT64,NCL;ND;ND,"""10,2,64""",DT_BF16,NCL,N/A
0,4294967295,2171,46,FusedInferAttentionScore,FusedInferAttentionScore,dynamic,MIX_AIC,1790613010014078.064	,23.501,10.250000,24,48,NO,"""10,14,64;10,2,64;10,2,64;;2048,2048;1;1;;;;;;;;;;;;;;;;;;;;;;;;""",DT_BF16;DT_BF16;DT_BF16;DT_UNDEFINED;INT8;INT64;INT64;DT_UNDEFINED;DT_UNDEFINED;DT_UNDEFINED;DT_UNDEFINED;DT_UNDEFINED;DT_UNDEFINED;DT_UNDEFINED;DT_UNDEFINED;DT_UNDEFINED;DT_UNDEFINED;DT_UNDEFINED;DT_UNDEFINED;DT_UNDEFINED;DT_UNDEFINED;DT_UNDEFINED;DT_UNDEFINED;DT_UNDEFINED;DT_UNDEFINED;DT_UNDEFINED;DT_UNDEFINED;DT_UNDEFINED;DT_UNDEFINED;DT_UNDEFINED;DT_UNDEFINED,ND;ND;ND;NULL;ND;ND;ND;NULL;NULL;NULL;NULL;NULL;NULL;NULL;NULL;NULL;NULL;NULL;NULL;NULL;NULL;NULL;NULL;NULL;NULL;NULL;NULL;NULL;NULL;NULL;NULL,"""10,14,64;""",DT_BF16;FLOAT,ND;ND,0
0,4294967295,2173,46,aclnnMatmul_MatMulCommon_MatMulV2,MatMulV2,dynamic,AI_CORE,1790613010014544.463	,5.860,442.999000,19,0,NO,"""10,896;896,896""",DT_BF16;DT_BF16,ND;ND,"""10,896""",DT_BF16,ND,N/A
0,4294967295,2174,46,AddRmsNormBias,AddRmsNormBias,dynamic,AI_VECTOR_CORE,1790613010014729.791	,3.080,179.390000,10,0,NO,"""10,896;10,896;896;""",DT_BF16;DT_BF16;DT_BF16;DT_UNDEFINED,ND;ND;ND;NULL,"""10,896;10,1;10,896""",DT_BF16;FLOAT;DT_BF16,ND;ND;ND,N/A
0,4294967295,2175,46,aclnnMatmul_MatMulCommon_MatMulV2,MatMulV2,dynamic,AI_CORE,1790613010014888.177	,20.941,155.420000,22,0,NO,"""10,896;9728,896""",DT_BF16;DT_BF16,ND;ND,"""10,9728""",DT_BF16,ND,N/A
0,4294967295,2176,46,SwiGlu,SwiGlu,dynamic,AI_VECTOR_CORE,1790613010015022.822	,5.040,113.559000,10,0,NO,"""10,9728""",DT_BF16,ND,"""10,4864""",DT_BF16,ND,N/A
0,4294967295,2177,46,aclnnMatmul_MatMulCommon_MatMulV2,MatMulV2,dynamic,AI_CORE,1790613010015162.528	,16.240,134.710000,19,0,NO,"""10,4864;896,4864""",DT_BF16;DT_BF16,ND;ND,"""10,896""",DT_BF16,ND,N/A
0,4294967295,2178,46,AddRmsNormBias,AddRmsNormBias,dynamic,AI_VECTOR_CORE,1790613010015342.635	,3.880,164.010000,10,0,NO,"""10,896;10,896;896;""",DT_BF16;DT_BF16;DT_BF16;DT_UNDEFINED,ND;ND;ND;NULL,"""10,896;10,1;10,896""",DT_BF16;FLOAT;DT_BF16,ND;ND;ND,N/A
0,4294967295,2179,46,aclnnAddmm_CastAiCore_Cast,Cast,dynamic,AI_VECTOR_CORE,1790613010015491.581	,1.100,144.870000,2,0,NO,"""1152""",DT_BF16,ND,"""1152""",FLOAT,ND,N/A
0,4294967295,2180,46,aclnnAddmm_MatMulCommon_MatMulV2,MatMulV2,dynamic,AI_CORE,1790613010015494.101	,6.860,1.400000,24,0,NO,"""10,896;1152,896;1152""",DT_BF16;DT_BF16;FLOAT,ND;ND;ND,"""10,1152""",DT_BF16,ND,N/A
0,4294967295,2181,46,aclnnInplaceCopy_SliceAiCore_Slice,Slice,dynamic,AI_VECTOR_CORE,1790613010015673.208	,2.920,172.390000,10,0,NO,"""10,18,64;3;3""",DT_BF16;INT64;INT64,NCL;ND;ND,"""10,14,64""",DT_BF16,NCL,N/A
0,4294967295,2182,46,aclnnInplaceCopy_SliceAiCore_Slice,Slice,dynamic,AI_VECTOR_CORE,1790613010015676.148	,2.440,0.080000,10,0,NO,"""10,18,64;3;3""",DT_BF16;INT64;INT64,NCL;ND;ND,"""10,2,64""",DT_BF16,NCL,N/A
0,4294967295,2183,46,_triton_rope,_triton_rope,static,AI_VECTOR_CORE,1790613010016396.457	,4.600,717.810000,10,0,YES,"""10,14,64;10,2,64;32768,64""",DT_BF16;32590;DT_BF16,ND;ND;ND,"""10,14,64;10,2,64""",DT_BF16;32590,ND;ND,N/A
0,4294967295,2184,46,aclnnInplaceCopy_SliceAiCore_Slice,Slice,dynamic,AI_VECTOR_CORE,1790613010017074.164	,2.440,673.150000,10,0,NO,"""10,18,64;3;3""",DT_BF16;INT64;INT64,NCL;ND;ND,"""10,2,64""",DT_BF16,NCL,N/A
0,4294967295,2185,46,ReshapeAndCacheNdKernel,ReshapeAndCacheNdKernel,dynamic,AI_VECTOR_CORE,1790613010017091.745	,3.520,15.060000,10,0,NO,"""10,2,64;10,2,64;11823,128,2,64;11823,128,2,64;10""",DT_BF16;DT_BF16;DT_BF16;DT_BF16;INT32,ND;ND;ND;ND;ND,"""11823,128,2,64;11823,128,2,64""",DT_BF16;DT_BF16,ND;ND,N/A
0,4294967295,2186,46,aclnnContiguous_SliceAiCore_Slice,Slice,dynamic,AI_VECTOR_CORE,1790613010017581.545	,1.460,486.230000,10,0,NO,"""10,18,64;3;3""",DT_BF16;INT64;INT64,NCL;ND;ND,"""10,2,64""",DT_BF16,NCL,N/A
0,4294967295,2187,46,FusedInferAttentionScore,FusedInferAttentionScore,dynamic,MIX_AIC,1790613010017592.805	,20.741,9.790000,24,48,NO,"""10,14,64;10,2,64;10,2,64;;2048,2048;1;1;;;;;;;;;;;;;;;;;;;;;;;;""",DT_BF16;DT_BF16;DT_BF16;DT_UNDEFINED;INT8;INT64;INT64;DT_UNDEFINED;DT_UNDEFINED;DT_UNDEFINED;DT_UNDEFINED;DT_UNDEFINED;DT_UNDEFINED;DT_UNDEFINED;DT_UNDEFINED;DT_UNDEFINED;DT_UNDEFINED;DT_UNDEFINED;DT_UNDEFINED;DT_UNDEFINED;DT_UNDEFINED;DT_UNDEFINED;DT_UNDEFINED;DT_UNDEFINED;DT_UNDEFINED;DT_UNDEFINED;DT_UNDEFINED;DT_UNDEFINED;DT_UNDEFINED;DT_UNDEFINED;DT_UNDEFINED,ND;ND;ND;NULL;ND;ND;ND;NULL;NULL;NULL;NULL;NULL;NULL;NULL;NULL;NULL;NULL;NULL;NULL;NULL;NULL;NULL;NULL;NULL;NULL;NULL;NULL;NULL;NULL;NULL;NULL,"""10,14,64;""",DT_BF16;FLOAT,ND;ND,0
0,4294967295,2189,46,aclnnMatmul_MatMulCommon_MatMulV2,MatMulV2,dynamic,AI_CORE,1790613010018062.344	,5.320,448.759000,19,0,NO,"""10,896;896,896""",DT_BF16;DT_BF16,ND;ND,"""10,896""",DT_BF16,ND,N/A
0,4294967295,2190,46,AddRmsNormBias,AddRmsNormBias,dynamic,AI_VECTOR_CORE,1790613010018242.111	,3.000,174.430000,10,0,NO,"""10,896;10,896;896;""",DT_BF16;DT_BF16;DT_BF16;DT_UNDEFINED,ND;ND;ND;NULL,"""10,896;10,1;10,896""",DT_BF16;FLOAT;DT_BF16,ND;ND;ND,N/A
0,4294967295,2191,46,aclnnMatmul_MatMulCommon_MatMulV2,MatMulV2,dynamic,AI_CORE,1790613010018396.977	,22.001,152.000000,22,0,NO,"""10,896;9728,896""",DT_BF16;DT_BF16,ND;ND,"""10,9728""",DT_BF16,ND,N/A
0,4294967295,2192,46,SwiGlu,SwiGlu,dynamic,AI_VECTOR_CORE,1790613010018523.822	,5.160,104.749000,10,0,NO,"""10,9728""",DT_BF16,ND,"""10,4864""",DT_BF16,ND,N/A
0,4294967295,2193,46,aclnnMatmul_MatMulCommon_MatMulV2,MatMulV2,dynamic,AI_CORE,1790613010018668.348	,16.621,139.340000,19,0,NO,"""10,4864;896,4864""",DT_BF16;DT_BF16,ND;ND,"""10,896""",DT_BF16,ND,N/A
0,4294967295,2194,46,AddRmsNormBias,AddRmsNormBias,dynamic,AI_VECTOR_CORE,1790613010018852.555	,3.200,167.629000,10,0,NO,"""10,896;10,896;896;""",DT_BF16;DT_BF16;DT_BF16;DT_UNDEFINED,ND;ND;ND;NULL,"""10,896;10,1;10,896""",DT_BF16;FLOAT;DT_BF16,ND;ND;ND,N/A
0,4294967295,2195,46,aclnnAddmm_CastAiCore_Cast,Cast,dynamic,AI_VECTOR_CORE,1790613010019005.881	,1.200,150.300000,2,0,NO,"""1152""",DT_BF16,ND,"""1152""",FLOAT,ND,N/A
0,4294967295,2196,46,aclnnAddmm_MatMulCommon_MatMulV2,MatMulV2,dynamic,AI_CORE,1790613010019008.201	,7.401,1.050000,24,0,NO,"""10,896;1152,896;1152""",DT_BF16;DT_BF16;FLOAT,ND;ND;ND,"""10,1152""",DT_BF16,ND,N/A
0,4294967295,2197,46,aclnnInplaceCopy_SliceAiCore_Slice,Slice,dynamic,AI_VECTOR_CORE,1790613010019188.809	,2.560,173.099000,10,0,NO,"""10,18,64;3;3""",DT_BF16;INT64;INT64,NCL;ND;ND,"""10,14,64""",DT_BF16,NCL,N/A
0,4294967295,2198,46,aclnnInplaceCopy_SliceAiCore_Slice,Slice,dynamic,AI_VECTOR_CORE,1790613010019191.409	,2.380,0.190000,10,0,NO,"""10,18,64;3;3""",DT_BF16;INT64;INT64,NCL;ND;ND,"""10,2,64""",DT_BF16,NCL,N/A
0,4294967295,2199,46,_triton_rope,_triton_rope,static,AI_VECTOR_CORE,1790613010019908.317	,4.661,714.370000,10,0,YES,"""10,14,64;10,2,64;32768,64""",DT_BF16;32590;DT_BF16,ND;ND;ND,"""10,14,64;10,2,64""",DT_BF16;32590,ND;ND,N/A
0,4294967295,2200,46,aclnnInplaceCopy_SliceAiCore_Slice,Slice,dynamic,AI_VECTOR_CORE,1790613010020599.245	,2.260,686.339000,10,0,NO,"""10,18,64;3;3""",DT_BF16;INT64;INT64,NCL;ND;ND,"""10,2,64""",DT_BF16,NCL,N/A
0,4294967295,2201,46,ReshapeAndCacheNdKernel,ReshapeAndCacheNdKernel,dynamic,AI_VECTOR_CORE,1790613010020612.866	,3.240,11.240000,10,0,NO,"""10,2,64;10,2,64;11823,128,2,64;11823,128,2,64;10""",DT_BF16;DT_BF16;DT_BF16;DT_BF16;INT32,ND;ND;ND;ND;ND,"""11823,128,2,64;11823,128,2,64""",DT_BF16;DT_BF16,ND;ND,N/A
0,4294967295,2202,46,aclnnContiguous_SliceAiCore_Slice,Slice,dynamic,AI_VECTOR_CORE,1790613010021073.404	,1.600,457.510000,10,0,NO,"""10,18,64;3;3""",DT_BF16;INT64;INT64,NCL;ND;ND,"""10,2,64""",DT_BF16,NCL,N/A
0,4294967295,2203,46,FusedInferAttentionScore,FusedInferAttentionScore,dynamic,MIX_AIC,1790613010021087.805	,20.280,12.650000,24,48,NO,"""10,14,64;10,2,64;10,2,64;;2048,2048;1;1;;;;;;;;;;;;;;;;;;;;;;;;""",DT_BF16;DT_BF16;DT_BF16;DT_UNDEFINED;INT8;INT64;INT64;DT_UNDEFINED;DT_UNDEFINED;DT_UNDEFINED;DT_UNDEFINED;DT_UNDEFINED;DT_UNDEFINED;DT_UNDEFINED;DT_UNDEFINED;DT_UNDEFINED;DT_UNDEFINED;DT_UNDEFINED;DT_UNDEFINED;DT_UNDEFINED;DT_UNDEFINED;DT_UNDEFINED;DT_UNDEFINED;DT_UNDEFINED;DT_UNDEFINED;DT_UNDEFINED;DT_UNDEFINED;DT_UNDEFINED;DT_UNDEFINED;DT_UNDEFINED;DT_UNDEFINED,ND;ND;ND;NULL;ND;ND;ND;NULL;NULL;NULL;NULL;NULL;NULL;NULL;NULL;NULL;NULL;NULL;NULL;NULL;NULL;NULL;NULL;NULL;NULL;NULL;NULL;NULL;NULL;NULL;NULL,"""10,14,64;""",DT_BF16;FLOAT,ND;ND,0
0,4294967295,2205,46,aclnnMatmul_MatMulCommon_MatMulV2,MatMulV2,dynamic,AI_CORE,1790613010021590.925	,5.540,482.970000,19,0,NO,"""10,896;896,896""",DT_BF16;DT_BF16,ND;ND,"""10,896""",DT_BF16,ND,N/A
0,4294967295,2206,46,AddRmsNormBias,AddRmsNormBias,dynamic,AI_VECTOR_CORE,1790613010021775.432	,3.200,178.960000,10,0,NO,"""10,896;10,896;896;""",DT_BF16;DT_BF16;DT_BF16;DT_UNDEFINED,ND;ND;ND;NULL,"""10,896;10,1;10,896""",DT_BF16;FLOAT;DT_BF16,ND;ND;ND,N/A
0,4294967295,2207,46,aclnnMatmul_MatMulCommon_MatMulV2,MatMulV2,dynamic,AI_CORE,1790613010021936.299	,19.460,157.550000,22,0,NO,"""10,896;9728,896""",DT_BF16;DT_BF16,ND;ND,"""10,9728""",DT_BF16,ND,N/A
0,4294967295,2208,46,SwiGlu,SwiGlu,dynamic,AI_VECTOR_CORE,1790613010022070.684	,5.100,115.040000,10,0,NO,"""10,9728""",DT_BF16,ND,"""10,4864""",DT_BF16,ND,N/A
0,4294967295,2209,46,aclnnMatmul_MatMulCommon_MatMulV2,MatMulV2,dynamic,AI_CORE,1790613010022211.789	,16.481,135.900000,19,0,NO,"""10,4864;896,4864""",DT_BF16;DT_BF16,ND;ND,"""10,896""",DT_BF16,ND,N/A
0,4294967295,2210,46,AddRmsNormBias,AddRmsNormBias,dynamic,AI_VECTOR_CORE,1790613010022389.457	,3.080,161.269000,10,0,NO,"""10,896;10,896;896;""",DT_BF16;DT_BF16;DT_BF16;DT_UNDEFINED,ND;ND;ND;NULL,"""10,896;10,1;10,896""",DT_BF16;FLOAT;DT_BF16,ND;ND;ND,N/A
0,4294967295,2211,46,aclnnAddmm_CastAiCore_Cast,Cast,dynamic,AI_VECTOR_CORE,1790613010022536.843	,1.160,144.170000,2,0,NO,"""1152""",DT_BF16,ND,"""1152""",FLOAT,ND,N/A
0,4294967295,2212,46,aclnnAddmm_MatMulCommon_MatMulV2,MatMulV2,dynamic,AI_CORE,1790613010022539.363	,6.860,1.340000,24,0,NO,"""10,896;1152,896;1152""",DT_BF16;DT_BF16;FLOAT,ND;ND;ND,"""10,1152""",DT_BF16,ND,N/A
0,4294967295,2213,46,aclnnInplaceCopy_SliceAiCore_Slice,Slice,dynamic,AI_VECTOR_CORE,1790613010022716.490	,2.360,170.390000,10,0,NO,"""10,18,64;3;3""",DT_BF16;INT64;INT64,NCL;ND;ND,"""10,14,64""",DT_BF16,NCL,N/A
0,4294967295,2214,46,aclnnInplaceCopy_SliceAiCore_Slice,Slice,dynamic,AI_VECTOR_CORE,1790613010022718.870	,2.380,0.000000,10,0,NO,"""10,18,64;3;3""",DT_BF16;INT64;INT64,NCL;ND;ND,"""10,2,64""",DT_BF16,NCL,N/A
0,4294967295,2215,46,_triton_rope,_triton_rope,static,AI_VECTOR_CORE,1790613010023443.819	,4.460,722.620000,10,0,YES,"""10,14,64;10,2,64;32768,64""",DT_BF16;32590;DT_BF16,ND;ND;ND,"""10,14,64;10,2,64""",DT_BF16;32590,ND;ND,N/A
0,4294967295,2216,46,aclnnInplaceCopy_SliceAiCore_Slice,Slice,dynamic,AI_VECTOR_CORE,1790613010024118.506	,2.740,670.290000,10,0,NO,"""10,18,64;3;3""",DT_BF16;INT64;INT64,NCL;ND;ND,"""10,2,64""",DT_BF16,NCL,N/A
0,4294967295,2217,46,ReshapeAndCacheNdKernel,ReshapeAndCacheNdKernel,dynamic,AI_VECTOR_CORE,1790613010024143.287	,2.780,22.010000,10,0,NO,"""10,2,64;10,2,64;11823,128,2,64;11823,128,2,64;10""",DT_BF16;DT_BF16;DT_BF16;DT_BF16;INT32,ND;ND;ND;ND;ND,"""11823,128,2,64;11823,128,2,64""",DT_BF16;DT_BF16,ND;ND,N/A
0,4294967295,2218,46,aclnnContiguous_SliceAiCore_Slice,Slice,dynamic,AI_VECTOR_CORE,1790613010024611.265	,1.520,465.220000,10,0,NO,"""10,18,64;3;3""",DT_BF16;INT64;INT64,NCL;ND;ND,"""10,2,64""",DT_BF16,NCL,N/A
0,4294967295,2219,46,FusedInferAttentionScore,FusedInferAttentionScore,dynamic,MIX_AIC,1790613010024628.466	,18.621,15.730000,24,48,NO,"""10,14,64;10,2,64;10,2,64;;2048,2048;1;1;;;;;;;;;;;;;;;;;;;;;;;;""",DT_BF16;DT_BF16;DT_BF16;DT_UNDEFINED;INT8;INT64;INT64;DT_UNDEFINED;DT_UNDEFINED;DT_UNDEFINED;DT_UNDEFINED;DT_UNDEFINED;DT_UNDEFINED;DT_UNDEFINED;DT_UNDEFINED;DT_UNDEFINED;DT_UNDEFINED;DT_UNDEFINED;DT_UNDEFINED;DT_UNDEFINED;DT_UNDEFINED;DT_UNDEFINED;DT_UNDEFINED;DT_UNDEFINED;DT_UNDEFINED;DT_UNDEFINED;DT_UNDEFINED;DT_UNDEFINED;DT_UNDEFINED;DT_UNDEFINED;DT_UNDEFINED,ND;ND;ND;NULL;ND;ND;ND;NULL;NULL;NULL;NULL;NULL;NULL;NULL;NULL;NULL;NULL;NULL;NULL;NULL;NULL;NULL;NULL;NULL;NULL;NULL;NULL;NULL;NULL;NULL;NULL,"""10,14,64;""",DT_BF16;FLOAT,ND;ND,0
0,4294967295,2221,46,aclnnMatmul_MatMulCommon_MatMulV2,MatMulV2,dynamic,AI_CORE,1790613010025082.644	,5.381,435.629000,19,0,NO,"""10,896;896,896""",DT_BF16;DT_BF16,ND;ND,"""10,896""",DT_BF16,ND,N/A
0,4294967295,2222,46,AddRmsNormBias,AddRmsNormBias,dynamic,AI_VECTOR_CORE,1790613010025277.392	,3.060,189.369000,10,0,NO,"""10,896;10,896;896;""",DT_BF16;DT_BF16;DT_BF16;DT_UNDEFINED,ND;ND;ND;NULL,"""10,896;10,1;10,896""",DT_BF16;FLOAT;DT_BF16,ND;ND;ND,N/A
0,4294967295,2223,46,aclnnMatmul_MatMulCommon_MatMulV2,MatMulV2,dynamic,AI_CORE,1790613010025447.939	,19.081,167.440000,22,0,NO,"""10,896;9728,896""",DT_BF16;DT_BF16,ND;ND,"""10,9728""",DT_BF16,ND,N/A
0,4294967295,2224,46,SwiGlu,SwiGlu,dynamic,AI_VECTOR_CORE,1790613010025578.604	,4.820,111.419000,10,0,NO,"""10,9728""",DT_BF16,ND,"""10,4864""",DT_BF16,ND,N/A
0,4294967295,2225,46,aclnnMatmul_MatMulCommon_MatMulV2,MatMulV2,dynamic,AI_CORE,1790613010025717.230	,16.580,133.930000,19,0,NO,"""10,4864;896,4864""",DT_BF16;DT_BF16,ND;ND,"""10,896""",DT_BF16,ND,N/A
0,4294967295,2226,46,AddRmsNormBias,AddRmsNormBias,dynamic,AI_VECTOR_CORE,1790613010025905.577	,3.380,171.670000,10,0,NO,"""10,896;10,896;896;""",DT_BF16;DT_BF16;DT_BF16;DT_UNDEFINED,ND;ND;ND;NULL,"""10,896;10,1;10,896""",DT_BF16;FLOAT;DT_BF16,ND;ND;ND,N/A
0,4294967295,2227,46,aclnnAddmm_CastAiCore_Cast,Cast,dynamic,AI_VECTOR_CORE,1790613010026058.083	,1.200,149.120000,2,0,NO,"""1152""",DT_BF16,ND,"""1152""",FLOAT,ND,N/A
0,4294967295,2228,46,aclnnAddmm_MatMulCommon_MatMulV2,MatMulV2,dynamic,AI_CORE,1790613010026060.503	,7.681,1.300000,24,0,NO,"""10,896;1152,896;1152""",DT_BF16;DT_BF16;FLOAT,ND;ND;ND,"""10,1152""",DT_BF16,ND,N/A
0,4294967295,2229,46,aclnnInplaceCopy_SliceAiCore_Slice,Slice,dynamic,AI_VECTOR_CORE,1790613010026234.110	,2.521,165.819000,10,0,NO,"""10,18,64;3;3""",DT_BF16;INT64;INT64,NCL;ND;ND,"""10,14,64""",DT_BF16,NCL,N/A
0,4294967295,2230,46,aclnnInplaceCopy_SliceAiCore_Slice,Slice,dynamic,AI_VECTOR_CORE,1790613010026236.651	,2.380,0.229000,10,0,NO,"""10,18,64;3;3""",DT_BF16;INT64;INT64,NCL;ND;ND,"""10,2,64""",DT_BF16,NCL,N/A
0,4294967295,2231,46,_triton_rope,_triton_rope,static,AI_VECTOR_CORE,1790613010026952.599	,4.540,713.370000,10,0,YES,"""10,14,64;10,2,64;32768,64""",DT_BF16;32590;DT_BF16,ND;ND;ND,"""10,14,64;10,2,64""",DT_BF16;32590,ND;ND,N/A
0,4294967295,2232,46,aclnnInplaceCopy_SliceAiCore_Slice,Slice,dynamic,AI_VECTOR_CORE,1790613010027635.946	,2.301,678.960000,10,0,NO,"""10,18,64;3;3""",DT_BF16;INT64;INT64,NCL;ND;ND,"""10,2,64""",DT_BF16,NCL,N/A
0,4294967295,2233,46,ReshapeAndCacheNdKernel,ReshapeAndCacheNdKernel,dynamic,AI_VECTOR_CORE,1790613010027649.567	,3.040,11.199000,10,0,NO,"""10,2,64;10,2,64;11823,128,2,64;11823,128,2,64;10""",DT_BF16;DT_BF16;DT_BF16;DT_BF16;INT32,ND;ND;ND;ND;ND,"""11823,128,2,64;11823,128,2,64""",DT_BF16;DT_BF16,ND;ND,N/A
0,4294967295,2234,46,aclnnContiguous_SliceAiCore_Slice,Slice,dynamic,AI_VECTOR_CORE,1790613010028110.085	,1.620,457.460000,10,0,NO,"""10,18,64;3;3""",DT_BF16;INT64;INT64,NCL;ND;ND,"""10,2,64""",DT_BF16,NCL,N/A
0,4294967295,2235,46,FusedInferAttentionScore,FusedInferAttentionScore,dynamic,MIX_AIC,1790613010028126.666	,23.021,15.130000,24,48,NO,"""10,14,64;10,2,64;10,2,64;;2048,2048;1;1;;;;;;;;;;;;;;;;;;;;;;;;""",DT_BF16;DT_BF16;DT_BF16;DT_UNDEFINED;INT8;INT64;INT64;DT_UNDEFINED;DT_UNDEFINED;DT_UNDEFINED;DT_UNDEFINED;DT_UNDEFINED;DT_UNDEFINED;DT_UNDEFINED;DT_UNDEFINED;DT_UNDEFINED;DT_UNDEFINED;DT_UNDEFINED;DT_UNDEFINED;DT_UNDEFINED;DT_UNDEFINED;DT_UNDEFINED;DT_UNDEFINED;DT_UNDEFINED;DT_UNDEFINED;DT_UNDEFINED;DT_UNDEFINED;DT_UNDEFINED;DT_UNDEFINED;DT_UNDEFINED;DT_UNDEFINED,ND;ND;ND;NULL;ND;ND;ND;NULL;NULL;NULL;NULL;NULL;NULL;NULL;NULL;NULL;NULL;NULL;NULL;NULL;NULL;NULL;NULL;NULL;NULL;NULL;NULL;NULL;NULL;NULL;NULL,"""10,14,64;""",DT_BF16;FLOAT,ND;ND,0
0,4294967295,2237,46,aclnnMatmul_MatMulCommon_MatMulV2,MatMulV2,dynamic,AI_CORE,1790613010028598.605	,5.560,448.729000,19,0,NO,"""10,896;896,896""",DT_BF16;DT_BF16,ND;ND,"""10,896""",DT_BF16,ND,N/A
0,4294967295,2238,46,AddRmsNormBias,AddRmsNormBias,dynamic,AI_VECTOR_CORE,1790613010028775.612	,3.380,171.440000,10,0,NO,"""10,896;10,896;896;""",DT_BF16;DT_BF16;DT_BF16;DT_UNDEFINED,ND;ND;ND;NULL,"""10,896;10,1;10,896""",DT_BF16;FLOAT;DT_BF16,ND;ND;ND,N/A
0,4294967295,2239,46,aclnnMatmul_MatMulCommon_MatMulV2,MatMulV2,dynamic,AI_CORE,1790613010028935.278	,20.401,156.370000,22,0,NO,"""10,896;9728,896""",DT_BF16;DT_BF16,ND;ND,"""10,9728""",DT_BF16,ND,N/A
0,4294967295,2240,46,SwiGlu,SwiGlu,dynamic,AI_VECTOR_CORE,1790613010029053.283	,5.300,97.599000,10,0,NO,"""10,9728""",DT_BF16,ND,"""10,4864""",DT_BF16,ND,N/A
0,4294967295,2241,46,aclnnMatmul_MatMulCommon_MatMulV2,MatMulV2,dynamic,AI_CORE,1790613010029207.689	,16.341,149.200000,19,0,NO,"""10,4864;896,4864""",DT_BF16;DT_BF16,ND;ND,"""10,896""",DT_BF16,ND,N/A
0,4294967295,2242,46,AddRmsNormBias,AddRmsNormBias,dynamic,AI_VECTOR_CORE,1790613010029386.416	,3.181,162.409000,10,0,NO,"""10,896;10,896;896;""",DT_BF16;DT_BF16;DT_BF16;DT_UNDEFINED,ND;ND;ND;NULL,"""10,896;10,1;10,896""",DT_BF16;FLOAT;DT_BF16,ND;ND;ND,N/A
0,4294967295,2243,46,aclnnAddmm_CastAiCore_Cast,Cast,dynamic,AI_VECTOR_CORE,1790613010029550.903	,1.120,161.319000,2,0,NO,"""1152""",DT_BF16,ND,"""1152""",FLOAT,ND,N/A
0,4294967295,2244,46,aclnnAddmm_MatMulCommon_MatMulV2,MatMulV2,dynamic,AI_CORE,1790613010029553.243	,6.740,1.130000,24,0,NO,"""10,896;1152,896;1152""",DT_BF16;DT_BF16;FLOAT,ND;ND;ND,"""10,1152""",DT_BF16,ND,N/A
0,4294967295,2245,46,aclnnInplaceCopy_SliceAiCore_Slice,Slice,dynamic,AI_VECTOR_CORE,1790613010029723.970	,2.460,164.010000,10,0,NO,"""10,18,64;3;3""",DT_BF16;INT64;INT64,NCL;ND;ND,"""10,14,64""",DT_BF16,NCL,N/A
0,4294967295,2246,46,aclnnInplaceCopy_SliceAiCore_Slice,Slice,dynamic,AI_VECTOR_CORE,1790613010029726.450	,2.400,0.040000,10,0,NO,"""10,18,64;3;3""",DT_BF16;INT64;INT64,NCL;ND;ND,"""10,2,64""",DT_BF16,NCL,N/A
0,4294967295,2247,46,_triton_rope,_triton_rope,static,AI_VECTOR_CORE,1790613010030446.299	,4.540,717.350000,10,0,YES,"""10,14,64;10,2,64;32768,64""",DT_BF16;32590;DT_BF16,ND;ND;ND,"""10,14,64;10,2,64""",DT_BF16;32590,ND;ND,N/A
0,4294967295,2248,46,aclnnInplaceCopy_SliceAiCore_Slice,Slice,dynamic,AI_VECTOR_CORE,1790613010031128.866	,2.280,677.960000,10,0,NO,"""10,18,64;3;3""",DT_BF16;INT64;INT64,NCL;ND;ND,"""10,2,64""",DT_BF16,NCL,N/A
0,4294967295,2249,46,ReshapeAndCacheNdKernel,ReshapeAndCacheNdKernel,dynamic,AI_VECTOR_CORE,1790613010031161.667	,3.680,30.720000,10,0,NO,"""10,2,64;10,2,64;11823,128,2,64;11823,128,2,64;10""",DT_BF16;DT_BF16;DT_BF16;DT_BF16;INT32,ND;ND;ND;ND;ND,"""11823,128,2,64;11823,128,2,64""",DT_BF16;DT_BF16,ND;ND,N/A
0,4294967295,2250,46,aclnnContiguous_SliceAiCore_Slice,Slice,dynamic,AI_VECTOR_CORE,1790613010031629.686	,1.560,464.320000,10,0,NO,"""10,18,64;3;3""",DT_BF16;INT64;INT64,NCL;ND;ND,"""10,2,64""",DT_BF16,NCL,N/A
0,4294967295,2251,46,FusedInferAttentionScore,FusedInferAttentionScore,dynamic,MIX_AIC,1790613010031646.347	,20.180,14.940000,24,48,NO,"""10,14,64;10,2,64;10,2,64;;2048,2048;1;1;;;;;;;;;;;;;;;;;;;;;;;;""",DT_BF16;DT_BF16;DT_BF16;DT_UNDEFINED;INT8;INT64;INT64;DT_UNDEFINED;DT_UNDEFINED;DT_UNDEFINED;DT_UNDEFINED;DT_UNDEFINED;DT_UNDEFINED;DT_UNDEFINED;DT_UNDEFINED;DT_UNDEFINED;DT_UNDEFINED;DT_UNDEFINED;DT_UNDEFINED;DT_UNDEFINED;DT_UNDEFINED;DT_UNDEFINED;DT_UNDEFINED;DT_UNDEFINED;DT_UNDEFINED;DT_UNDEFINED;DT_UNDEFINED;DT_UNDEFINED;DT_UNDEFINED;DT_UNDEFINED;DT_UNDEFINED,ND;ND;ND;NULL;ND;ND;ND;NULL;NULL;NULL;NULL;NULL;NULL;NULL;NULL;NULL;NULL;NULL;NULL;NULL;NULL;NULL;NULL;NULL;NULL;NULL;NULL;NULL;NULL;NULL;NULL,"""10,14,64;""",DT_BF16;FLOAT,ND;ND,0
0,4294967295,2253,46,aclnnMatmul_MatMulCommon_MatMulV2,MatMulV2,dynamic,AI_CORE,1790613010032111.905	,5.601,445.570000,19,0,NO,"""10,896;896,896""",DT_BF16;DT_BF16,ND;ND,"""10,896""",DT_BF16,ND,N/A
0,4294967295,2254,46,AddRmsNormBias,AddRmsNormBias,dynamic,AI_VECTOR_CORE,1790613010032295.013	,3.160,177.399000,10,0,NO,"""10,896;10,896;896;""",DT_BF16;DT_BF16;DT_BF16;DT_UNDEFINED,ND;ND;ND;NULL,"""10,896;10,1;10,896""",DT_BF16;FLOAT;DT_BF16,ND;ND;ND,N/A
0,4294967295,2255,46,aclnnMatmul_MatMulCommon_MatMulV2,MatMulV2,dynamic,AI_CORE,1790613010032454.579	,19.481,156.340000,22,0,NO,"""10,896;9728,896""",DT_BF16;DT_BF16,ND;ND,"""10,9728""",DT_BF16,ND,N/A
0,4294967295,2256,46,SwiGlu,SwiGlu,dynamic,AI_VECTOR_CORE,1790613010032569.404	,5.200,95.519000,10,0,NO,"""10,9728""",DT_BF16,ND,"""10,4864""",DT_BF16,ND,N/A
0,4294967295,2257,46,aclnnMatmul_MatMulCommon_MatMulV2,MatMulV2,dynamic,AI_CORE,1790613010032722.130	,16.460,147.550000,19,0,NO,"""10,4864;896,4864""",DT_BF16;DT_BF16,ND;ND,"""10,896""",DT_BF16,ND,N/A
0,4294967295,2258,46,AddRmsNormBias,AddRmsNormBias,dynamic,AI_VECTOR_CORE,1790613010032901.617	,3.060,162.790000,10,0,NO,"""10,896;10,896;896;""",DT_BF16;DT_BF16;DT_BF16;DT_UNDEFINED,ND;ND;ND;NULL,"""10,896;10,1;10,896""",DT_BF16;FLOAT;DT_BF16,ND;ND;ND,N/A
0,4294967295,2259,46,aclnnAddmm_CastAiCore_Cast,Cast,dynamic,AI_VECTOR_CORE,1790613010033067.324	,1.160,162.690000,2,0,NO,"""1152""",DT_BF16,ND,"""1152""",FLOAT,ND,N/A
0,4294967295,2260,46,aclnnAddmm_MatMulCommon_MatMulV2,MatMulV2,dynamic,AI_CORE,1790613010033069.864	,7.180,1.340000,24,0,NO,"""10,896;1152,896;1152""",DT_BF16;DT_BF16;FLOAT,ND;ND;ND,"""10,1152""",DT_BF16,ND,N/A
0,4294967295,2261,46,aclnnInplaceCopy_SliceAiCore_Slice,Slice,dynamic,AI_VECTOR_CORE,1790613010033257.831	,2.380,180.820000,10,0,NO,"""10,18,64;3;3""",DT_BF16;INT64;INT64,NCL;ND;ND,"""10,14,64""",DT_BF16,NCL,N/A
0,4294967295,2262,46,aclnnInplaceCopy_SliceAiCore_Slice,Slice,dynamic,AI_VECTOR_CORE,1790613010033260.251	,2.520,0.120000,10,0,NO,"""10,18,64;3;3""",DT_BF16;INT64;INT64,NCL;ND;ND,"""10,2,64""",DT_BF16,NCL,N/A
0,4294967295,2263,46,_triton_rope,_triton_rope,static,AI_VECTOR_CORE,1790613010033985.400	,4.421,722.730000,10,0,YES,"""10,14,64;10,2,64;32768,64""",DT_BF16;32590;DT_BF16,ND;ND;ND,"""10,14,64;10,2,64""",DT_BF16;32590,ND;ND,N/A
0,4294967295,2264,46,aclnnInplaceCopy_SliceAiCore_Slice,Slice,dynamic,AI_VECTOR_CORE,1790613010034656.887	,2.360,667.079000,10,0,NO,"""10,18,64;3;3""",DT_BF16;INT64;INT64,NCL;ND;ND,"""10,2,64""",DT_BF16,NCL,N/A
0,4294967295,2265,46,ReshapeAndCacheNdKernel,ReshapeAndCacheNdKernel,dynamic,AI_VECTOR_CORE,1790613010034684.608	,2.880,25.140000,10,0,NO,"""10,2,64;10,2,64;11823,128,2,64;11823,128,2,64;10""",DT_BF16;DT_BF16;DT_BF16;DT_BF16;INT32,ND;ND;ND;ND;ND,"""11823,128,2,64;11823,128,2,64""",DT_BF16;DT_BF16,ND;ND,N/A
0,4294967295,2266,46,aclnnContiguous_SliceAiCore_Slice,Slice,dynamic,AI_VECTOR_CORE,1790613010035148.907	,1.580,461.620000,10,0,NO,"""10,18,64;3;3""",DT_BF16;INT64;INT64,NCL;ND;ND,"""10,2,64""",DT_BF16,NCL,N/A
0,4294967295,2267,46,FusedInferAttentionScore,FusedInferAttentionScore,dynamic,MIX_AIC,1790613010035169.248	,20.180,18.670000,24,48,NO,"""10,14,64;10,2,64;10,2,64;;2048,2048;1;1;;;;;;;;;;;;;;;;;;;;;;;;""",DT_BF16;DT_BF16;DT_BF16;DT_UNDEFINED;INT8;INT64;INT64;DT_UNDEFINED;DT_UNDEFINED;DT_UNDEFINED;DT_UNDEFINED;DT_UNDEFINED;DT_UNDEFINED;DT_UNDEFINED;DT_UNDEFINED;DT_UNDEFINED;DT_UNDEFINED;DT_UNDEFINED;DT_UNDEFINED;DT_UNDEFINED;DT_UNDEFINED;DT_UNDEFINED;DT_UNDEFINED;DT_UNDEFINED;DT_UNDEFINED;DT_UNDEFINED;DT_UNDEFINED;DT_UNDEFINED;DT_UNDEFINED;DT_UNDEFINED;DT_UNDEFINED,ND;ND;ND;NULL;ND;ND;ND;NULL;NULL;NULL;NULL;NULL;NULL;NULL;NULL;NULL;NULL;NULL;NULL;NULL;NULL;NULL;NULL;NULL;NULL;NULL;NULL;NULL;NULL;NULL;NULL,"""10,14,64;""",DT_BF16;FLOAT,ND;ND,0
0,4294967295,2269,46,aclnnMatmul_MatMulCommon_MatMulV2,MatMulV2,dynamic,AI_CORE,1790613010035638.846	,5.661,449.320000,19,0,NO,"""10,896;896,896""",DT_BF16;DT_BF16,ND;ND,"""10,896""",DT_BF16,ND,N/A
0,4294967295,2270,46,AddRmsNormBias,AddRmsNormBias,dynamic,AI_VECTOR_CORE,1790613010035816.353	,3.581,171.839000,10,0,NO,"""10,896;10,896;896;""",DT_BF16;DT_BF16;DT_BF16;DT_UNDEFINED,ND;ND;ND;NULL,"""10,896;10,1;10,896""",DT_BF16;FLOAT;DT_BF16,ND;ND;ND,N/A
0,4294967295,2271,46,aclnnMatmul_MatMulCommon_MatMulV2,MatMulV2,dynamic,AI_CORE,1790613010035991.281	,19.540,171.419000,22,0,NO,"""10,896;9728,896""",DT_BF16;DT_BF16,ND;ND,"""10,9728""",DT_BF16,ND,N/A
0,4294967295,2272,46,SwiGlu,SwiGlu,dynamic,AI_VECTOR_CORE,1790613010036122.066	,5.200,111.210000,10,0,NO,"""10,9728""",DT_BF16,ND,"""10,4864""",DT_BF16,ND,N/A
0,4294967295,2273,46,aclnnMatmul_MatMulCommon_MatMulV2,MatMulV2,dynamic,AI_CORE,1790613010036267.791	,16.301,140.550000,19,0,NO,"""10,4864;896,4864""",DT_BF16;DT_BF16,ND;ND,"""10,896""",DT_BF16,ND,N/A
0,4294967295,2274,46,AddRmsNormBias,AddRmsNormBias,dynamic,AI_VECTOR_CORE,1790613010036438.598	,3.421,154.449000,10,0,NO,"""10,896;10,896;896;""",DT_BF16;DT_BF16;DT_BF16;DT_UNDEFINED,ND;ND;ND;NULL,"""10,896;10,1;10,896""",DT_BF16;FLOAT;DT_BF16,ND;ND;ND,N/A
0,4294967295,2275,46,aclnnAddmm_CastAiCore_Cast,Cast,dynamic,AI_VECTOR_CORE,1790613010036596.685	,1.040,154.829000,2,0,NO,"""1152""",DT_BF16,ND,"""1152""",FLOAT,ND,N/A
0,4294967295,2276,46,aclnnAddmm_MatMulCommon_MatMulV2,MatMulV2,dynamic,AI_CORE,1790613010036599.245	,6.980,1.460000,24,0,NO,"""10,896;1152,896;1152""",DT_BF16;DT_BF16;FLOAT,ND;ND;ND,"""10,1152""",DT_BF16,ND,N/A
0,4294967295,2277,46,aclnnInplaceCopy_SliceAiCore_Slice,Slice,dynamic,AI_VECTOR_CORE,1790613010036763.131	,2.380,157.020000,10,0,NO,"""10,18,64;3;3""",DT_BF16;INT64;INT64,NCL;ND;ND,"""10,14,64""",DT_BF16,NCL,N/A
0,4294967295,2278,46,aclnnInplaceCopy_SliceAiCore_Slice,Slice,dynamic,AI_VECTOR_CORE,1790613010036765.531	,3.340,0.000000,10,0,NO,"""10,18,64;3;3""",DT_BF16;INT64;INT64,NCL;ND;ND,"""10,2,64""",DT_BF16,NCL,N/A
0,4294967295,2279,46,_triton_rope,_triton_rope,static,AI_VECTOR_CORE,1790613010037522.942	,4.500,754.160000,10,0,YES,"""10,14,64;10,2,64;32768,64""",DT_BF16;32590;DT_BF16,ND;ND;ND,"""10,14,64;10,2,64""",DT_BF16;32590,ND;ND,N/A
0,4294967295,2280,46,aclnnInplaceCopy_SliceAiCore_Slice,Slice,dynamic,AI_VECTOR_CORE,1790613010038205.989	,2.320,678.500000,10,0,NO,"""10,18,64;3;3""",DT_BF16;INT64;INT64,NCL;ND;ND,"""10,2,64""",DT_BF16,NCL,N/A
0,4294967295,2281,46,ReshapeAndCacheNdKernel,ReshapeAndCacheNdKernel,dynamic,AI_VECTOR_CORE,1790613010038231.610	,2.960,23.180000,10,0,NO,"""10,2,64;10,2,64;11823,128,2,64;11823,128,2,64;10""",DT_BF16;DT_BF16;DT_BF16;DT_BF16;INT32,ND;ND;ND;ND;ND,"""11823,128,2,64;11823,128,2,64""",DT_BF16;DT_BF16,ND;ND,N/A
0,4294967295,2282,46,aclnnContiguous_SliceAiCore_Slice,Slice,dynamic,AI_VECTOR_CORE,1790613010038698.569	,1.540,464.040000,10,0,NO,"""10,18,64;3;3""",DT_BF16;INT64;INT64,NCL;ND;ND,"""10,2,64""",DT_BF16,NCL,N/A
0,4294967295,2283,46,FusedInferAttentionScore,FusedInferAttentionScore,dynamic,MIX_AIC,1790613010038719.589	,18.241,19.460000,24,48,NO,"""10,14,64;10,2,64;10,2,64;;2048,2048;1;1;;;;;;;;;;;;;;;;;;;;;;;;""",DT_BF16;DT_BF16;DT_BF16;DT_UNDEFINED;INT8;INT64;INT64;DT_UNDEFINED;DT_UNDEFINED;DT_UNDEFINED;DT_UNDEFINED;DT_UNDEFINED;DT_UNDEFINED;DT_UNDEFINED;DT_UNDEFINED;DT_UNDEFINED;DT_UNDEFINED;DT_UNDEFINED;DT_UNDEFINED;DT_UNDEFINED;DT_UNDEFINED;DT_UNDEFINED;DT_UNDEFINED;DT_UNDEFINED;DT_UNDEFINED;DT_UNDEFINED;DT_UNDEFINED;DT_UNDEFINED;DT_UNDEFINED;DT_UNDEFINED;DT_UNDEFINED,ND;ND;ND;NULL;ND;ND;ND;NULL;NULL;NULL;NULL;NULL;NULL;NULL;NULL;NULL;NULL;NULL;NULL;NULL;NULL;NULL;NULL;NULL;NULL;NULL;NULL;NULL;NULL;NULL;NULL,"""10,14,64;""",DT_BF16;FLOAT,ND;ND,0
0,4294967295,2285,46,aclnnMatmul_MatMulCommon_MatMulV2,MatMulV2,dynamic,AI_CORE,1790613010039176.928	,5.400,439.259000,19,0,NO,"""10,896;896,896""",DT_BF16;DT_BF16,ND;ND,"""10,896""",DT_BF16,ND,N/A
0,4294967295,2286,46,AddRmsNormBias,AddRmsNormBias,dynamic,AI_VECTOR_CORE,1790613010039357.635	,3.100,175.350000,10,0,NO,"""10,896;10,896;896;""",DT_BF16;DT_BF16;DT_BF16;DT_UNDEFINED,ND;ND;ND;NULL,"""10,896;10,1;10,896""",DT_BF16;FLOAT;DT_BF16,ND;ND;ND,N/A
0,4294967295,2287,46,aclnnMatmul_MatMulCommon_MatMulV2,MatMulV2,dynamic,AI_CORE,1790613010039526.962	,19.161,166.150000,22,0,NO,"""10,896;9728,896""",DT_BF16;DT_BF16,ND;ND,"""10,9728""",DT_BF16,ND,N/A
0,4294967295,2288,46,SwiGlu,SwiGlu,dynamic,AI_VECTOR_CORE,1790613010039653.947	,5.000,107.839000,10,0,NO,"""10,9728""",DT_BF16,ND,"""10,4864""",DT_BF16,ND,N/A
0,4294967295,2289,46,aclnnMatmul_MatMulCommon_MatMulV2,MatMulV2,dynamic,AI_CORE,1790613010039794.553	,16.500,135.500000,19,0,NO,"""10,4864;896,4864""",DT_BF16;DT_BF16,ND;ND,"""10,896""",DT_BF16,ND,N/A
0,4294967295,2290,46,AddRmsNormBias,AddRmsNormBias,dynamic,AI_VECTOR_CORE,1790613010039972.300	,3.160,161.250000,10,0,NO,"""10,896;10,896;896;""",DT_BF16;DT_BF16;DT_BF16;DT_UNDEFINED,ND;ND;ND;NULL,"""10,896;10,1;10,896""",DT_BF16;FLOAT;DT_BF16,ND;ND;ND,N/A
0,4294967295,2291,46,aclnnAddmm_CastAiCore_Cast,Cast,dynamic,AI_VECTOR_CORE,1790613010040134.086	,1.040,158.590000,2,0,NO,"""1152""",DT_BF16,ND,"""1152""",FLOAT,ND,N/A
0,4294967295,2292,46,aclnnAddmm_MatMulCommon_MatMulV2,MatMulV2,dynamic,AI_CORE,1790613010040136.586	,7.161,1.460000,24,0,NO,"""10,896;1152,896;1152""",DT_BF16;DT_BF16;FLOAT,ND;ND;ND,"""10,1152""",DT_BF16,ND,N/A
0,4294967295,2293,46,aclnnInplaceCopy_SliceAiCore_Slice,Slice,dynamic,AI_VECTOR_CORE,1790613010040304.373	,2.780,160.589000,10,0,NO,"""10,18,64;3;3""",DT_BF16;INT64;INT64,NCL;ND;ND,"""10,14,64""",DT_BF16,NCL,N/A
0,4294967295,2294,46,aclnnInplaceCopy_SliceAiCore_Slice,Slice,dynamic,AI_VECTOR_CORE,1790613010040307.173	,2.400,0.220000,10,0,NO,"""10,18,64;3;3""",DT_BF16;INT64;INT64,NCL;ND;ND,"""10,2,64""",DT_BF16,NCL,N/A
0,4294967295,2295,46,_triton_rope,_triton_rope,static,AI_VECTOR_CORE,1790613010041035.902	,4.500,726.350000,10,0,YES,"""10,14,64;10,2,64;32768,64""",DT_BF16;32590;DT_BF16,ND;ND;ND,"""10,14,64;10,2,64""",DT_BF16;32590,ND;ND,N/A
0,4294967295,2296,46,aclnnInplaceCopy_SliceAiCore_Slice,Slice,dynamic,AI_VECTOR_CORE,1790613010041728.870	,2.320,688.250000,10,0,NO,"""10,18,64;3;3""",DT_BF16;INT64;INT64,NCL;ND;ND,"""10,2,64""",DT_BF16,NCL,N/A
0,4294967295,2297,46,ReshapeAndCacheNdKernel,ReshapeAndCacheNdKernel,dynamic,AI_VECTOR_CORE,1790613010041752.211	,3.180,21.180000,10,0,NO,"""10,2,64;10,2,64;11823,128,2,64;11823,128,2,64;10""",DT_BF16;DT_BF16;DT_BF16;DT_BF16;INT32,ND;ND;ND;ND;ND,"""11823,128,2,64;11823,128,2,64""",DT_BF16;DT_BF16,ND;ND,N/A
0,4294967295,2298,46,aclnnContiguous_SliceAiCore_Slice,Slice,dynamic,AI_VECTOR_CORE,1790613010042204.349	,1.600,448.820000,10,0,NO,"""10,18,64;3;3""",DT_BF16;INT64;INT64,NCL;ND;ND,"""10,2,64""",DT_BF16,NCL,N/A
0,4294967295,2299,46,FusedInferAttentionScore,FusedInferAttentionScore,dynamic,MIX_AIC,1790613010042221.829	,22.862,15.900000,24,48,NO,"""10,14,64;10,2,64;10,2,64;;2048,2048;1;1;;;;;;;;;;;;;;;;;;;;;;;;""",DT_BF16;DT_BF16;DT_BF16;DT_UNDEFINED;INT8;INT64;INT64;DT_UNDEFINED;DT_UNDEFINED;DT_UNDEFINED;DT_UNDEFINED;DT_UNDEFINED;DT_UNDEFINED;DT_UNDEFINED;DT_UNDEFINED;DT_UNDEFINED;DT_UNDEFINED;DT_UNDEFINED;DT_UNDEFINED;DT_UNDEFINED;DT_UNDEFINED;DT_UNDEFINED;DT_UNDEFINED;DT_UNDEFINED;DT_UNDEFINED;DT_UNDEFINED;DT_UNDEFINED;DT_UNDEFINED;DT_UNDEFINED;DT_UNDEFINED;DT_UNDEFINED,ND;ND;ND;NULL;ND;ND;ND;NULL;NULL;NULL;NULL;NULL;NULL;NULL;NULL;NULL;NULL;NULL;NULL;NULL;NULL;NULL;NULL;NULL;NULL;NULL;NULL;NULL;NULL;NULL;NULL,"""10,14,64;""",DT_BF16;FLOAT,ND;ND,0
0,4294967295,2301,46,aclnnMatmul_MatMulCommon_MatMulV2,MatMulV2,dynamic,AI_CORE,1790613010042721.329	,5.741,476.638000,19,0,NO,"""10,896;896,896""",DT_BF16;DT_BF16,ND;ND,"""10,896""",DT_BF16,ND,N/A
0,4294967295,2302,46,AddRmsNormBias,AddRmsNormBias,dynamic,AI_VECTOR_CORE,1790613010042900.737	,3.340,173.759000,10,0,NO,"""10,896;10,896;896;""",DT_BF16;DT_BF16;DT_BF16;DT_UNDEFINED,ND;ND;ND;NULL,"""10,896;10,1;10,896""",DT_BF16;FLOAT;DT_BF16,ND;ND;ND,N/A
0,4294967295,2303,46,aclnnMatmul_MatMulCommon_MatMulV2,MatMulV2,dynamic,AI_CORE,1790613010043061.763	,19.841,157.660000,22,0,NO,"""10,896;9728,896""",DT_BF16;DT_BF16,ND;ND,"""10,9728""",DT_BF16,ND,N/A
0,4294967295,2304,46,SwiGlu,SwiGlu,dynamic,AI_VECTOR_CORE,1790613010043190.488	,5.761,108.909000,10,0,NO,"""10,9728""",DT_BF16,ND,"""10,4864""",DT_BF16,ND,N/A
0,4294967295,2305,46,aclnnMatmul_MatMulCommon_MatMulV2,MatMulV2,dynamic,AI_CORE,1790613010043328.294	,16.521,131.989000,19,0,NO,"""10,4864;896,4864""",DT_BF16;DT_BF16,ND;ND,"""10,896""",DT_BF16,ND,N/A
0,4294967295,2306,46,AddRmsNormBias,AddRmsNormBias,dynamic,AI_VECTOR_CORE,1790613010043510.181	,3.260,165.479000,10,0,NO,"""10,896;10,896;896;""",DT_BF16;DT_BF16;DT_BF16;DT_UNDEFINED,ND;ND;ND;NULL,"""10,896;10,1;10,896""",DT_BF16;FLOAT;DT_BF16,ND;ND;ND,N/A
0,4294967295,2307,46,aclnnAddmm_CastAiCore_Cast,Cast,dynamic,AI_VECTOR_CORE,1790613010043673.608	,1.240,159.990000,2,0,NO,"""1152""",DT_BF16,ND,"""1152""",FLOAT,ND,N/A
0,4294967295,2308,46,aclnnAddmm_MatMulCommon_MatMulV2,MatMulV2,dynamic,AI_CORE,1790613010043675.928	,7.300,1.260000,24,0,NO,"""10,896;1152,896;1152""",DT_BF16;DT_BF16;FLOAT,ND;ND;ND,"""10,1152""",DT_BF16,ND,N/A
0,4294967295,2309,46,aclnnInplaceCopy_SliceAiCore_Slice,Slice,dynamic,AI_VECTOR_CORE,1790613010043850.395	,2.640,167.200000,10,0,NO,"""10,18,64;3;3""",DT_BF16;INT64;INT64,NCL;ND;ND,"""10,14,64""",DT_BF16,NCL,N/A
0,4294967295,2310,46,aclnnInplaceCopy_SliceAiCore_Slice,Slice,dynamic,AI_VECTOR_CORE,1790613010043853.055	,2.360,0.000000,10,0,NO,"""10,18,64;3;3""",DT_BF16;INT64;INT64,NCL;ND;ND,"""10,2,64""",DT_BF16,NCL,N/A
0,4294967295,2311,46,_triton_rope,_triton_rope,static,AI_VECTOR_CORE,1790613010044583.044	,4.720,727.640000,10,0,YES,"""10,14,64;10,2,64;32768,64""",DT_BF16;32590;DT_BF16,ND;ND;ND,"""10,14,64;10,2,64""",DT_BF16;32590,ND;ND,N/A
0,4294967295,2312,46,aclnnInplaceCopy_SliceAiCore_Slice,Slice,dynamic,AI_VECTOR_CORE,1790613010045258.591	,2.440,670.780000,10,0,NO,"""10,18,64;3;3""",DT_BF16;INT64;INT64,NCL;ND;ND,"""10,2,64""",DT_BF16,NCL,N/A
0,4294967295,2313,46,ReshapeAndCacheNdKernel,ReshapeAndCacheNdKernel,dynamic,AI_VECTOR_CORE,1790613010045289.772	,2.960,28.810000,10,0,NO,"""10,2,64;10,2,64;11823,128,2,64;11823,128,2,64;10""",DT_BF16;DT_BF16;DT_BF16;DT_BF16;INT32,ND;ND;ND;ND;ND,"""11823,128,2,64;11823,128,2,64""",DT_BF16;DT_BF16,ND;ND,N/A
0,4294967295,2314,46,aclnnContiguous_SliceAiCore_Slice,Slice,dynamic,AI_VECTOR_CORE,1790613010045740.870	,1.540,448.040000,10,0,NO,"""10,18,64;3;3""",DT_BF16;INT64;INT64,NCL;ND;ND,"""10,2,64""",DT_BF16,NCL,N/A
0,4294967295,2315,46,FusedInferAttentionScore,FusedInferAttentionScore,dynamic,MIX_AIC,1790613010045765.471	,19.761,23.210000,24,48,NO,"""10,14,64;10,2,64;10,2,64;;2048,2048;1;1;;;;;;;;;;;;;;;;;;;;;;;;""",DT_BF16;DT_BF16;DT_BF16;DT_UNDEFINED;INT8;INT64;INT64;DT_UNDEFINED;DT_UNDEFINED;DT_UNDEFINED;DT_UNDEFINED;DT_UNDEFINED;DT_UNDEFINED;DT_UNDEFINED;DT_UNDEFINED;DT_UNDEFINED;DT_UNDEFINED;DT_UNDEFINED;DT_UNDEFINED;DT_UNDEFINED;DT_UNDEFINED;DT_UNDEFINED;DT_UNDEFINED;DT_UNDEFINED;DT_UNDEFINED;DT_UNDEFINED;DT_UNDEFINED;DT_UNDEFINED;DT_UNDEFINED;DT_UNDEFINED;DT_UNDEFINED,ND;ND;ND;NULL;ND;ND;ND;NULL;NULL;NULL;NULL;NULL;NULL;NULL;NULL;NULL;NULL;NULL;NULL;NULL;NULL;NULL;NULL;NULL;NULL;NULL;NULL;NULL;NULL;NULL;NULL,"""10,14,64;""",DT_BF16;FLOAT,ND;ND,0
0,4294967295,2317,46,aclnnMatmul_MatMulCommon_MatMulV2,MatMulV2,dynamic,AI_CORE,1790613010046229.270	,5.520,443.989000,19,0,NO,"""10,896;896,896""",DT_BF16;DT_BF16,ND;ND,"""10,896""",DT_BF16,ND,N/A
0,4294967295,2318,46,AddRmsNormBias,AddRmsNormBias,dynamic,AI_VECTOR_CORE,1790613010046415.637	,3.080,180.980000,10,0,NO,"""10,896;10,896;896;""",DT_BF16;DT_BF16;DT_BF16;DT_UNDEFINED,ND;ND;ND;NULL,"""10,896;10,1;10,896""",DT_BF16;FLOAT;DT_BF16,ND;ND;ND,N/A
0,4294967295,2319,46,aclnnMatmul_MatMulCommon_MatMulV2,MatMulV2,dynamic,AI_CORE,1790613010046583.444	,19.641,164.670000,22,0,NO,"""10,896;9728,896""",DT_BF16;DT_BF16,ND;ND,"""10,9728""",DT_BF16,ND,N/A
0,4294967295,2320,46,SwiGlu,SwiGlu,dynamic,AI_VECTOR_CORE,1790613010046721.609	,5.101,118.359000,10,0,NO,"""10,9728""",DT_BF16,ND,"""10,4864""",DT_BF16,ND,N/A
0,4294967295,2321,46,aclnnMatmul_MatMulCommon_MatMulV2,MatMulV2,dynamic,AI_CORE,1790613010046859.155	,16.321,132.649000,19,0,NO,"""10,4864;896,4864""",DT_BF16;DT_BF16,ND;ND,"""10,896""",DT_BF16,ND,N/A
0,4294967295,2322,46,AddRmsNormBias,AddRmsNormBias,dynamic,AI_VECTOR_CORE,1790613010047042.162	,3.060,166.679000,10,0,NO,"""10,896;10,896;896;""",DT_BF16;DT_BF16;DT_BF16;DT_UNDEFINED,ND;ND;ND;NULL,"""10,896;10,1;10,896""",DT_BF16;FLOAT;DT_BF16,ND;ND;ND,N/A
0,4294967295,2323,46,aclnnAddmm_CastAiCore_Cast,Cast,dynamic,AI_VECTOR_CORE,1790613010047197.069	,1.100,151.690000,2,0,NO,"""1152""",DT_BF16,ND,"""1152""",FLOAT,ND,N/A
0,4294967295,2324,46,aclnnAddmm_MatMulCommon_MatMulV2,MatMulV2,dynamic,AI_CORE,1790613010047199.529	,6.900,1.400000,24,0,NO,"""10,896;1152,896;1152""",DT_BF16;DT_BF16;FLOAT,ND;ND;ND,"""10,1152""",DT_BF16,ND,N/A
0,4294967295,2325,46,aclnnInplaceCopy_SliceAiCore_Slice,Slice,dynamic,AI_VECTOR_CORE,1790613010047374.716	,2.380,168.350000,10,0,NO,"""10,18,64;3;3""",DT_BF16;INT64;INT64,NCL;ND;ND,"""10,14,64""",DT_BF16,NCL,N/A
0,4294967295,2326,46,aclnnInplaceCopy_SliceAiCore_Slice,Slice,dynamic,AI_VECTOR_CORE,1790613010047377.136	,2.260,0.120000,10,0,NO,"""10,18,64;3;3""",DT_BF16;INT64;INT64,NCL;ND;ND,"""10,2,64""",DT_BF16,NCL,N/A
0,4294967295,2327,46,_triton_rope,_triton_rope,static,AI_VECTOR_CORE,1790613010048094.644	,4.941,715.240000,10,0,YES,"""10,14,64;10,2,64;32768,64""",DT_BF16;32590;DT_BF16,ND;ND;ND,"""10,14,64;10,2,64""",DT_BF16;32590,ND;ND,N/A
0,4294967295,2328,46,aclnnInplaceCopy_SliceAiCore_Slice,Slice,dynamic,AI_VECTOR_CORE,1790613010048792.392	,2.380,692.809000,10,0,NO,"""10,18,64;3;3""",DT_BF16;INT64;INT64,NCL;ND;ND,"""10,2,64""",DT_BF16,NCL,N/A
0,4294967295,2329,46,ReshapeAndCacheNdKernel,ReshapeAndCacheNdKernel,dynamic,AI_VECTOR_CORE,1790613010048816.193	,3.380,21.370000,10,0,NO,"""10,2,64;10,2,64;11823,128,2,64;11823,128,2,64;10""",DT_BF16;DT_BF16;DT_BF16;DT_BF16;INT32,ND;ND;ND;ND;ND,"""11823,128,2,64;11823,128,2,64""",DT_BF16;DT_BF16,ND;ND,N/A
0,4294967295,2330,46,aclnnContiguous_SliceAiCore_Slice,Slice,dynamic,AI_VECTOR_CORE,1790613010049343.434	,1.500,523.870000,10,0,NO,"""10,18,64;3;3""",DT_BF16;INT64;INT64,NCL;ND;ND,"""10,2,64""",DT_BF16,NCL,N/A
0,4294967295,2331,46,FusedInferAttentionScore,FusedInferAttentionScore,dynamic,MIX_AIC,1790613010049357.715	,21.001,12.750000,24,48,NO,"""10,14,64;10,2,64;10,2,64;;2048,2048;1;1;;;;;;;;;;;;;;;;;;;;;;;;""",DT_BF16;DT_BF16;DT_BF16;DT_UNDEFINED;INT8;INT64;INT64;DT_UNDEFINED;DT_UNDEFINED;DT_UNDEFINED;DT_UNDEFINED;DT_UNDEFINED;DT_UNDEFINED;DT_UNDEFINED;DT_UNDEFINED;DT_UNDEFINED;DT_UNDEFINED;DT_UNDEFINED;DT_UNDEFINED;DT_UNDEFINED;DT_UNDEFINED;DT_UNDEFINED;DT_UNDEFINED;DT_UNDEFINED;DT_UNDEFINED;DT_UNDEFINED;DT_UNDEFINED;DT_UNDEFINED;DT_UNDEFINED;DT_UNDEFINED;DT_UNDEFINED,ND;ND;ND;NULL;ND;ND;ND;NULL;NULL;NULL;NULL;NULL;NULL;NULL;NULL;NULL;NULL;NULL;NULL;NULL;NULL;NULL;NULL;NULL;NULL;NULL;NULL;NULL;NULL;NULL;NULL,"""10,14,64;""",DT_BF16;FLOAT,ND;ND,0
0,4294967295,2333,46,aclnnMatmul_MatMulCommon_MatMulV2,MatMulV2,dynamic,AI_CORE,1790613010049845.494	,5.361,466.749000,19,0,NO,"""10,896;896,896""",DT_BF16;DT_BF16,ND;ND,"""10,896""",DT_BF16,ND,N/A
0,4294967295,2334,46,AddRmsNormBias,AddRmsNormBias,dynamic,AI_VECTOR_CORE,1790613010050023.381	,3.261,172.639000,10,0,NO,"""10,896;10,896;896;""",DT_BF16;DT_BF16;DT_BF16;DT_UNDEFINED,ND;ND;ND;NULL,"""10,896;10,1;10,896""",DT_BF16;FLOAT;DT_BF16,ND;ND;ND,N/A
0,4294967295,2335,46,aclnnMatmul_MatMulCommon_MatMulV2,MatMulV2,dynamic,AI_CORE,1790613010050186.628	,18.961,159.989000,22,0,NO,"""10,896;9728,896""",DT_BF16;DT_BF16,ND;ND,"""10,9728""",DT_BF16,ND,N/A
0,4294967295,2336,46,SwiGlu,SwiGlu,dynamic,AI_VECTOR_CORE,1790613010050309.373	,5.520,103.539000,10,0,NO,"""10,9728""",DT_BF16,ND,"""10,4864""",DT_BF16,ND,N/A
0,4294967295,2337,46,aclnnMatmul_MatMulCommon_MatMulV2,MatMulV2,dynamic,AI_CORE,1790613010050466.639	,16.521,151.980000,19,0,NO,"""10,4864;896,4864""",DT_BF16;DT_BF16,ND;ND,"""10,896""",DT_BF16,ND,N/A
0,4294967295,2338,46,AddRmsNormBias,AddRmsNormBias,dynamic,AI_VECTOR_CORE,1790613010050646.866	,3.261,163.479000,10,0,NO,"""10,896;10,896;896;""",DT_BF16;DT_BF16;DT_BF16;DT_UNDEFINED,ND;ND;ND;NULL,"""10,896;10,1;10,896""",DT_BF16;FLOAT;DT_BF16,ND;ND;ND,N/A
0,4294967295,2339,46,aclnnAddmm_CastAiCore_Cast,Cast,dynamic,AI_VECTOR_CORE,1790613010050813.673	,1.060,163.739000,2,0,NO,"""1152""",DT_BF16,ND,"""1152""",FLOAT,ND,N/A
0,4294967295,2340,46,aclnnAddmm_MatMulCommon_MatMulV2,MatMulV2,dynamic,AI_CORE,1790613010050816.153	,7.340,1.440000,24,0,NO,"""10,896;1152,896;1152""",DT_BF16;DT_BF16;FLOAT,ND;ND;ND,"""10,1152""",DT_BF16,ND,N/A
0,4294967295,2341,46,aclnnInplaceCopy_SliceAiCore_Slice,Slice,dynamic,AI_VECTOR_CORE,1790613010050989.380	,2.360,165.910000,10,0,NO,"""10,18,64;3;3""",DT_BF16;INT64;INT64,NCL;ND;ND,"""10,14,64""",DT_BF16,NCL,N/A
0,4294967295,2342,46,aclnnInplaceCopy_SliceAiCore_Slice,Slice,dynamic,AI_VECTOR_CORE,1790613010050991.760	,2.380,0.000000,10,0,NO,"""10,18,64;3;3""",DT_BF16;INT64;INT64,NCL;ND;ND,"""10,2,64""",DT_BF16,NCL,N/A
0,4294967295,2343,46,_triton_rope,_triton_rope,static,AI_VECTOR_CORE,1790613010051719.429	,4.400,725.370000,10,0,YES,"""10,14,64;10,2,64;32768,64""",DT_BF16;32590;DT_BF16,ND;ND;ND,"""10,14,64;10,2,64""",DT_BF16;32590,ND;ND,N/A
0,4294967295,2344,46,aclnnInplaceCopy_SliceAiCore_Slice,Slice,dynamic,AI_VECTOR_CORE,1790613010052391.616	,2.340,667.600000,10,0,NO,"""10,18,64;3;3""",DT_BF16;INT64;INT64,NCL;ND;ND,"""10,2,64""",DT_BF16,NCL,N/A
0,4294967295,2345,46,ReshapeAndCacheNdKernel,ReshapeAndCacheNdKernel,dynamic,AI_VECTOR_CORE,1790613010052421.937	,2.760,28.160000,10,0,NO,"""10,2,64;10,2,64;11823,128,2,64;11823,128,2,64;10""",DT_BF16;DT_BF16;DT_BF16;DT_BF16;INT32,ND;ND;ND;ND;ND,"""11823,128,2,64;11823,128,2,64""",DT_BF16;DT_BF16,ND;ND,N/A
0,4294967295,2346,46,aclnnContiguous_SliceAiCore_Slice,Slice,dynamic,AI_VECTOR_CORE,1790613010052879.936	,1.540,455.240000,10,0,NO,"""10,18,64;3;3""",DT_BF16;INT64;INT64,NCL;ND;ND,"""10,2,64""",DT_BF16,NCL,N/A
0,4294967295,2347,46,FusedInferAttentionScore,FusedInferAttentionScore,dynamic,MIX_AIC,1790613010052902.177	,17.820,20.710000,24,48,NO,"""10,14,64;10,2,64;10,2,64;;2048,2048;1;1;;;;;;;;;;;;;;;;;;;;;;;;""",DT_BF16;DT_BF16;DT_BF16;DT_UNDEFINED;INT8;INT64;INT64;DT_UNDEFINED;DT_UNDEFINED;DT_UNDEFINED;DT_UNDEFINED;DT_UNDEFINED;DT_UNDEFINED;DT_UNDEFINED;DT_UNDEFINED;DT_UNDEFINED;DT_UNDEFINED;DT_UNDEFINED;DT_UNDEFINED;DT_UNDEFINED;DT_UNDEFINED;DT_UNDEFINED;DT_UNDEFINED;DT_UNDEFINED;DT_UNDEFINED;DT_UNDEFINED;DT_UNDEFINED;DT_UNDEFINED;DT_UNDEFINED;DT_UNDEFINED;DT_UNDEFINED,ND;ND;ND;NULL;ND;ND;ND;NULL;NULL;NULL;NULL;NULL;NULL;NULL;NULL;NULL;NULL;NULL;NULL;NULL;NULL;NULL;NULL;NULL;NULL;NULL;NULL;NULL;NULL;NULL;NULL,"""10,14,64;""",DT_BF16;FLOAT,ND;ND,0
0,4294967295,2349,46,aclnnMatmul_MatMulCommon_MatMulV2,MatMulV2,dynamic,AI_CORE,1790613010053369.675	,5.540,449.680000,19,0,NO,"""10,896;896,896""",DT_BF16;DT_BF16,ND;ND,"""10,896""",DT_BF16,ND,N/A
0,4294967295,2350,46,AddRmsNormBias,AddRmsNormBias,dynamic,AI_VECTOR_CORE,1790613010053546.022	,3.301,170.710000,10,0,NO,"""10,896;10,896;896;""",DT_BF16;DT_BF16;DT_BF16;DT_UNDEFINED,ND;ND;ND;NULL,"""10,896;10,1;10,896""",DT_BF16;FLOAT;DT_BF16,ND;ND;ND,N/A
0,4294967295,2351,46,aclnnMatmul_MatMulCommon_MatMulV2,MatMulV2,dynamic,AI_CORE,1790613010053705.889	,19.080,156.699000,22,0,NO,"""10,896;9728,896""",DT_BF16;DT_BF16,ND;ND,"""10,9728""",DT_BF16,ND,N/A
0,4294967295,2352,46,SwiGlu,SwiGlu,dynamic,AI_VECTOR_CORE,1790613010053825.173	,4.941,100.170000,10,0,NO,"""10,9728""",DT_BF16,ND,"""10,4864""",DT_BF16,ND,N/A
0,4294967295,2353,46,aclnnMatmul_MatMulCommon_MatMulV2,MatMulV2,dynamic,AI_CORE,1790613010053972.279	,16.321,142.059000,19,0,NO,"""10,4864;896,4864""",DT_BF16;DT_BF16,ND;ND,"""10,896""",DT_BF16,ND,N/A
0,4294967295,2354,46,AddRmsNormBias,AddRmsNormBias,dynamic,AI_VECTOR_CORE,1790613010054148.226	,3.041,159.679000,10,0,NO,"""10,896;10,896;896;""",DT_BF16;DT_BF16;DT_BF16;DT_UNDEFINED,ND;ND;ND;NULL,"""10,896;10,1;10,896""",DT_BF16;FLOAT;DT_BF16,ND;ND;ND,N/A
0,4294967295,2355,46,aclnnAddmm_CastAiCore_Cast,Cast,dynamic,AI_VECTOR_CORE,1790613010054315.333	,1.260,163.959000,2,0,NO,"""1152""",DT_BF16,ND,"""1152""",FLOAT,ND,N/A
0,4294967295,2356,46,aclnnAddmm_MatMulCommon_MatMulV2,MatMulV2,dynamic,AI_CORE,1790613010054317.973	,7.300,1.490000,24,0,NO,"""10,896;1152,896;1152""",DT_BF16;DT_BF16;FLOAT,ND;ND;ND,"""10,1152""",DT_BF16,ND,N/A
0,4294967295,2357,46,aclnnInplaceCopy_SliceAiCore_Slice,Slice,dynamic,AI_VECTOR_CORE,1790613010054489.000	,2.340,163.700000,10,0,NO,"""10,18,64;3;3""",DT_BF16;INT64;INT64,NCL;ND;ND,"""10,14,64""",DT_BF16,NCL,N/A
0,4294967295,2358,46,aclnnInplaceCopy_SliceAiCore_Slice,Slice,dynamic,AI_VECTOR_CORE,1790613010054491.540	,2.320,0.160000,10,0,NO,"""10,18,64;3;3""",DT_BF16;INT64;INT64,NCL;ND;ND,"""10,2,64""",DT_BF16,NCL,N/A
0,4294967295,2359,46,_triton_rope,_triton_rope,static,AI_VECTOR_CORE,1790613010055211.889	,4.540,718.180000,10,0,YES,"""10,14,64;10,2,64;32768,64""",DT_BF16;32590;DT_BF16,ND;ND;ND,"""10,14,64;10,2,64""",DT_BF16;32590,ND;ND,N/A
0,4294967295,2360,46,aclnnInplaceCopy_SliceAiCore_Slice,Slice,dynamic,AI_VECTOR_CORE,1790613010055873.735	,2.280,657.210000,10,0,NO,"""10,18,64;3;3""",DT_BF16;INT64;INT64,NCL;ND;ND,"""10,2,64""",DT_BF16,NCL,N/A
0,4294967295,2361,46,ReshapeAndCacheNdKernel,ReshapeAndCacheNdKernel,dynamic,AI_VECTOR_CORE,1790613010055899.096	,3.041,22.970000,10,0,NO,"""10,2,64;10,2,64;11823,128,2,64;11823,128,2,64;10""",DT_BF16;DT_BF16;DT_BF16;DT_BF16;INT32,ND;ND;ND;ND;ND,"""11823,128,2,64;11823,128,2,64""",DT_BF16;DT_BF16,ND;ND,N/A
0,4294967295,2362,46,aclnnContiguous_SliceAiCore_Slice,Slice,dynamic,AI_VECTOR_CORE,1790613010056355.075	,1.500,452.959000,10,0,NO,"""10,18,64;3;3""",DT_BF16;INT64;INT64,NCL;ND;ND,"""10,2,64""",DT_BF16,NCL,N/A
0,4294967295,2363,46,FusedInferAttentionScore,FusedInferAttentionScore,dynamic,MIX_AIC,1790613010056370.535	,22.981,14.000000,24,48,NO,"""10,14,64;10,2,64;10,2,64;;2048,2048;1;1;;;;;;;;;;;;;;;;;;;;;;;;""",DT_BF16;DT_BF16;DT_BF16;DT_UNDEFINED;INT8;INT64;INT64;DT_UNDEFINED;DT_UNDEFINED;DT_UNDEFINED;DT_UNDEFINED;DT_UNDEFINED;DT_UNDEFINED;DT_UNDEFINED;DT_UNDEFINED;DT_UNDEFINED;DT_UNDEFINED;DT_UNDEFINED;DT_UNDEFINED;DT_UNDEFINED;DT_UNDEFINED;DT_UNDEFINED;DT_UNDEFINED;DT_UNDEFINED;DT_UNDEFINED;DT_UNDEFINED;DT_UNDEFINED;DT_UNDEFINED;DT_UNDEFINED;DT_UNDEFINED;DT_UNDEFINED,ND;ND;ND;NULL;ND;ND;ND;NULL;NULL;NULL;NULL;NULL;NULL;NULL;NULL;NULL;NULL;NULL;NULL;NULL;NULL;NULL;NULL;NULL;NULL;NULL;NULL;NULL;NULL;NULL;NULL,"""10,14,64;""",DT_BF16;FLOAT,ND;ND,0
0,4294967295,2365,46,aclnnMatmul_MatMulCommon_MatMulV2,MatMulV2,dynamic,AI_CORE,1790613010056844.534	,5.480,451.019000,19,0,NO,"""10,896;896,896""",DT_BF16;DT_BF16,ND;ND,"""10,896""",DT_BF16,ND,N/A
0,4294967295,2366,46,AddRmsNormBias,AddRmsNormBias,dynamic,AI_VECTOR_CORE,1790613010057019.821	,3.160,169.770000,10,0,NO,"""10,896;10,896;896;""",DT_BF16;DT_BF16;DT_BF16;DT_UNDEFINED,ND;ND;ND;NULL,"""10,896;10,1;10,896""",DT_BF16;FLOAT;DT_BF16,ND;ND;ND,N/A
0,4294967295,2367,46,aclnnMatmul_MatMulCommon_MatMulV2,MatMulV2,dynamic,AI_CORE,1790613010057207.929	,19.220,185.090000,22,0,NO,"""10,896;9728,896""",DT_BF16;DT_BF16,ND;ND,"""10,9728""",DT_BF16,ND,N/A
0,4294967295,2368,46,SwiGlu,SwiGlu,dynamic,AI_VECTOR_CORE,1790613010057335.674	,5.400,108.530000,10,0,NO,"""10,9728""",DT_BF16,ND,"""10,4864""",DT_BF16,ND,N/A
0,4294967295,2369,46,aclnnMatmul_MatMulCommon_MatMulV2,MatMulV2,dynamic,AI_CORE,1790613010057466.459	,16.441,125.350000,19,0,NO,"""10,4864;896,4864""",DT_BF16;DT_BF16,ND;ND,"""10,896""",DT_BF16,ND,N/A
0,4294967295,2370,46,AddRmsNormBias,AddRmsNormBias,dynamic,AI_VECTOR_CORE,1790613010057654.087	,3.420,171.059000,10,0,NO,"""10,896;10,896;896;""",DT_BF16;DT_BF16;DT_BF16;DT_UNDEFINED,ND;ND;ND;NULL,"""10,896;10,1;10,896""",DT_BF16;FLOAT;DT_BF16,ND;ND;ND,N/A
0,4294967295,2371,46,aclnnAddmm_CastAiCore_Cast,Cast,dynamic,AI_VECTOR_CORE,1790613010057819.013	,1.180,161.580000,2,0,NO,"""1152""",DT_BF16,ND,"""1152""",FLOAT,ND,N/A
0,4294967295,2372,46,aclnnAddmm_MatMulCommon_MatMulV2,MatMulV2,dynamic,AI_CORE,1790613010057822.473	,7.120,2.320000,24,0,NO,"""10,896;1152,896;1152""",DT_BF16;DT_BF16;FLOAT,ND;ND;ND,"""10,1152""",DT_BF16,ND,N/A
0,4294967295,2373,46,aclnnInplaceCopy_SliceAiCore_Slice,Slice,dynamic,AI_VECTOR_CORE,1790613010057994.080	,2.480,164.380000,10,0,NO,"""10,18,64;3;3""",DT_BF16;INT64;INT64,NCL;ND;ND,"""10,14,64""",DT_BF16,NCL,N/A
0,4294967295,2374,46,aclnnInplaceCopy_SliceAiCore_Slice,Slice,dynamic,AI_VECTOR_CORE,1790613010057996.580	,2.460,0.020000,10,0,NO,"""10,18,64;3;3""",DT_BF16;INT64;INT64,NCL;ND;ND,"""10,2,64""",DT_BF16,NCL,N/A
0,4294967295,2375,46,_triton_rope,_triton_rope,static,AI_VECTOR_CORE,1790613010058705.969	,4.460,707.040000,10,0,YES,"""10,14,64;10,2,64;32768,64""",DT_BF16;32590;DT_BF16,ND;ND;ND,"""10,14,64;10,2,64""",DT_BF16;32590,ND;ND,N/A
0,4294967295,2376,46,aclnnInplaceCopy_SliceAiCore_Slice,Slice,dynamic,AI_VECTOR_CORE,1790613010059379.775	,2.401,669.290000,10,0,NO,"""10,18,64;3;3""",DT_BF16;INT64;INT64,NCL;ND;ND,"""10,2,64""",DT_BF16,NCL,N/A
0,4294967295,2377,46,ReshapeAndCacheNdKernel,ReshapeAndCacheNdKernel,dynamic,AI_VECTOR_CORE,1790613010059401.556	,3.261,19.349000,10,0,NO,"""10,2,64;10,2,64;11823,128,2,64;11823,128,2,64;10""",DT_BF16;DT_BF16;DT_BF16;DT_BF16;INT32,ND;ND;ND;ND;ND,"""11823,128,2,64;11823,128,2,64""",DT_BF16;DT_BF16,ND;ND,N/A
0,4294967295,2378,46,aclnnContiguous_SliceAiCore_Slice,Slice,dynamic,AI_VECTOR_CORE,1790613010059857.935	,1.580,453.239000,10,0,NO,"""10,18,64;3;3""",DT_BF16;INT64;INT64,NCL;ND;ND,"""10,2,64""",DT_BF16,NCL,N/A
0,4294967295,2379,46,FusedInferAttentionScore,FusedInferAttentionScore,dynamic,MIX_AIC,1790613010059871.915	,19.901,12.420000,24,48,NO,"""10,14,64;10,2,64;10,2,64;;2048,2048;1;1;;;;;;;;;;;;;;;;;;;;;;;;""",DT_BF16;DT_BF16;DT_BF16;DT_UNDEFINED;INT8;INT64;INT64;DT_UNDEFINED;DT_UNDEFINED;DT_UNDEFINED;DT_UNDEFINED;DT_UNDEFINED;DT_UNDEFINED;DT_UNDEFINED;DT_UNDEFINED;DT_UNDEFINED;DT_UNDEFINED;DT_UNDEFINED;DT_UNDEFINED;DT_UNDEFINED;DT_UNDEFINED;DT_UNDEFINED;DT_UNDEFINED;DT_UNDEFINED;DT_UNDEFINED;DT_UNDEFINED;DT_UNDEFINED;DT_UNDEFINED;DT_UNDEFINED;DT_UNDEFINED;DT_UNDEFINED,ND;ND;ND;NULL;ND;ND;ND;NULL;NULL;NULL;NULL;NULL;NULL;NULL;NULL;NULL;NULL;NULL;NULL;NULL;NULL;NULL;NULL;NULL;NULL;NULL;NULL;NULL;NULL;NULL;NULL,"""10,14,64;""",DT_BF16;FLOAT,ND;ND,0
0,4294967295,2381,46,aclnnMatmul_MatMulCommon_MatMulV2,MatMulV2,dynamic,AI_CORE,1790613010060333.214	,5.640,441.349000,19,0,NO,"""10,896;896,896""",DT_BF16;DT_BF16,ND;ND,"""10,896""",DT_BF16,ND,N/A
0,4294967295,2382,46,AddRmsNormBias,AddRmsNormBias,dynamic,AI_VECTOR_CORE,1790613010060519.261	,3.380,180.360000,10,0,NO,"""10,896;10,896;896;""",DT_BF16;DT_BF16;DT_BF16;DT_UNDEFINED,ND;ND;ND;NULL,"""10,896;10,1;10,896""",DT_BF16;FLOAT;DT_BF16,ND;ND;ND,N/A
0,4294967295,2383,46,aclnnMatmul_MatMulCommon_MatMulV2,MatMulV2,dynamic,AI_CORE,1790613010060675.167	,19.381,152.620000,22,0,NO,"""10,896;9728,896""",DT_BF16;DT_BF16,ND;ND,"""10,9728""",DT_BF16,ND,N/A
0,4294967295,2384,46,SwiGlu,SwiGlu,dynamic,AI_VECTOR_CORE,1790613010060794.832	,5.000,100.119000,10,0,NO,"""10,9728""",DT_BF16,ND,"""10,4864""",DT_BF16,ND,N/A
0,4294967295,2385,46,aclnnMatmul_MatMulCommon_MatMulV2,MatMulV2,dynamic,AI_CORE,1790613010060932.478	,16.280,132.750000,19,0,NO,"""10,4864;896,4864""",DT_BF16;DT_BF16,ND;ND,"""10,896""",DT_BF16,ND,N/A
0,4294967295,2386,46,AddRmsNormBias,AddRmsNormBias,dynamic,AI_VECTOR_CORE,1790613010061105.965	,2.960,157.220000,10,0,NO,"""10,896;10,896;896;""",DT_BF16;DT_BF16;DT_BF16;DT_UNDEFINED,ND;ND;ND;NULL,"""10,896;10,1;10,896""",DT_BF16;FLOAT;DT_BF16,ND;ND;ND,N/A
0,4294967295,2387,46,aclnnAddmm_CastAiCore_Cast,Cast,dynamic,AI_VECTOR_CORE,1790613010061289.612	,1.520,180.540000,2,0,NO,"""1152""",DT_BF16,ND,"""1152""",FLOAT,ND,N/A
0,4294967295,2388,46,aclnnAddmm_MatMulCommon_MatMulV2,MatMulV2,dynamic,AI_CORE,1790613010061292.072	,6.820,0.980000,24,0,NO,"""10,896;1152,896;1152""",DT_BF16;DT_BF16;FLOAT,ND;ND;ND,"""10,1152""",DT_BF16,ND,N/A
0,4294967295,2389,46,aclnnInplaceCopy_SliceAiCore_Slice,Slice,dynamic,AI_VECTOR_CORE,1790613010061480.859	,3.381,181.930000,10,0,NO,"""10,18,64;3;3""",DT_BF16;INT64;INT64,NCL;ND;ND,"""10,14,64""",DT_BF16,NCL,N/A
0,4294967295,2390,46,aclnnInplaceCopy_SliceAiCore_Slice,Slice,dynamic,AI_VECTOR_CORE,1790613010061484.280	,2.280,0.119000,10,0,NO,"""10,18,64;3;3""",DT_BF16;INT64;INT64,NCL;ND;ND,"""10,2,64""",DT_BF16,NCL,N/A
0,4294967295,2391,46,_triton_rope,_triton_rope,static,AI_VECTOR_CORE,1790613010062197.108	,4.540,710.470000,10,0,YES,"""10,14,64;10,2,64;32768,64""",DT_BF16;32590;DT_BF16,ND;ND;ND,"""10,14,64;10,2,64""",DT_BF16;32590,ND;ND,N/A
0,4294967295,2392,46,aclnnInplaceCopy_SliceAiCore_Slice,Slice,dynamic,AI_VECTOR_CORE,1790613010062873.175	,2.280,671.710000,10,0,NO,"""10,18,64;3;3""",DT_BF16;INT64;INT64,NCL;ND;ND,"""10,2,64""",DT_BF16,NCL,N/A
0,4294967295,2393,46,ReshapeAndCacheNdKernel,ReshapeAndCacheNdKernel,dynamic,AI_VECTOR_CORE,1790613010062899.796	,2.940,24.220000,10,0,NO,"""10,2,64;10,2,64;11823,128,2,64;11823,128,2,64;10""",DT_BF16;DT_BF16;DT_BF16;DT_BF16;INT32,ND;ND;ND;ND;ND,"""11823,128,2,64;11823,128,2,64""",DT_BF16;DT_BF16,ND;ND,N/A
0,4294967295,2394,46,aclnnContiguous_SliceAiCore_Slice,Slice,dynamic,AI_VECTOR_CORE,1790613010063336.134	,1.500,433.560000,10,0,NO,"""10,18,64;3;3""",DT_BF16;INT64;INT64,NCL;ND;ND,"""10,2,64""",DT_BF16,NCL,N/A
0,4294967295,2395,46,FusedInferAttentionScore,FusedInferAttentionScore,dynamic,MIX_AIC,1790613010063358.375	,20.520,20.750000,24,48,NO,"""10,14,64;10,2,64;10,2,64;;2048,2048;1;1;;;;;;;;;;;;;;;;;;;;;;;;""",DT_BF16;DT_BF16;DT_BF16;DT_UNDEFINED;INT8;INT64;INT64;DT_UNDEFINED;DT_UNDEFINED;DT_UNDEFINED;DT_UNDEFINED;DT_UNDEFINED;DT_UNDEFINED;DT_UNDEFINED;DT_UNDEFINED;DT_UNDEFINED;DT_UNDEFINED;DT_UNDEFINED;DT_UNDEFINED;DT_UNDEFINED;DT_UNDEFINED;DT_UNDEFINED;DT_UNDEFINED;DT_UNDEFINED;DT_UNDEFINED;DT_UNDEFINED;DT_UNDEFINED;DT_UNDEFINED;DT_UNDEFINED;DT_UNDEFINED;DT_UNDEFINED,ND;ND;ND;NULL;ND;ND;ND;NULL;NULL;NULL;NULL;NULL;NULL;NULL;NULL;NULL;NULL;NULL;NULL;NULL;NULL;NULL;NULL;NULL;NULL;NULL;NULL;NULL;NULL;NULL;NULL,"""10,14,64;""",DT_BF16;FLOAT,ND;ND,0
0,4294967295,2397,46,aclnnMatmul_MatMulCommon_MatMulV2,MatMulV2,dynamic,AI_CORE,1790613010063826.093	,5.340,446.980000,19,0,NO,"""10,896;896,896""",DT_BF16;DT_BF16,ND;ND,"""10,896""",DT_BF16,ND,N/A
0,4294967295,2398,46,AddRmsNormBias,AddRmsNormBias,dynamic,AI_VECTOR_CORE,1790613010063998.000	,3.200,166.660000,10,0,NO,"""10,896;10,896;896;""",DT_BF16;DT_BF16;DT_BF16;DT_UNDEFINED,ND;ND;ND;NULL,"""10,896;10,1;10,896""",DT_BF16;FLOAT;DT_BF16,ND;ND;ND,N/A
0,4294967295,2399,46,aclnnMatmul_MatMulCommon_MatMulV2,MatMulV2,dynamic,AI_CORE,1790613010064170.087	,19.541,168.800000,22,0,NO,"""10,896;9728,896""",DT_BF16;DT_BF16,ND;ND,"""10,9728""",DT_BF16,ND,N/A
0,4294967295,2400,46,SwiGlu,SwiGlu,dynamic,AI_VECTOR_CORE,1790613010064290.252	,5.100,100.709000,10,0,NO,"""10,9728""",DT_BF16,ND,"""10,4864""",DT_BF16,ND,N/A
0,4294967295,2401,46,aclnnMatmul_MatMulCommon_MatMulV2,MatMulV2,dynamic,AI_CORE,1790613010064433.918	,16.620,138.650000,19,0,NO,"""10,4864;896,4864""",DT_BF16;DT_BF16,ND;ND,"""10,896""",DT_BF16,ND,N/A
0,4294967295,2402,46,AddRmsNormBias,AddRmsNormBias,dynamic,AI_VECTOR_CORE,1790613010064600.784	,3.260,150.130000,10,0,NO,"""10,896;10,896;896;""",DT_BF16;DT_BF16;DT_BF16;DT_UNDEFINED,ND;ND;ND;NULL,"""10,896;10,1;10,896""",DT_BF16;FLOAT;DT_BF16,ND;ND;ND,N/A
0,4294967295,2403,46,aclnnAddmm_CastAiCore_Cast,Cast,dynamic,AI_VECTOR_CORE,1790613010064758.551	,1.220,154.490000,2,0,NO,"""1152""",DT_BF16,ND,"""1152""",FLOAT,ND,N/A
0,4294967295,2404,46,aclnnAddmm_MatMulCommon_MatMulV2,MatMulV2,dynamic,AI_CORE,1790613010064761.211	,7.160,1.530000,24,0,NO,"""10,896;1152,896;1152""",DT_BF16;DT_BF16;FLOAT,ND;ND;ND,"""10,1152""",DT_BF16,ND,N/A
0,4294967295,2405,46,aclnnInplaceCopy_SliceAiCore_Slice,Slice,dynamic,AI_VECTOR_CORE,1790613010064926.177	,2.740,157.840000,10,0,NO,"""10,18,64;3;3""",DT_BF16;INT64;INT64,NCL;ND;ND,"""10,14,64""",DT_BF16,NCL,N/A
0,4294967295,2406,46,aclnnInplaceCopy_SliceAiCore_Slice,Slice,dynamic,AI_VECTOR_CORE,1790613010064928.957	,2.380,0.010000,10,0,NO,"""10,18,64;3;3""",DT_BF16;INT64;INT64,NCL;ND;ND,"""10,2,64""",DT_BF16,NCL,N/A
0,4294967295,2407,46,_triton_rope,_triton_rope,static,AI_VECTOR_CORE,1790613010065674.827	,4.900,743.370000,10,0,YES,"""10,14,64;10,2,64;32768,64""",DT_BF16;32590;DT_BF16,ND;ND;ND,"""10,14,64;10,2,64""",DT_BF16;32590,ND;ND,N/A
0,4294967295,2408,46,aclnnInplaceCopy_SliceAiCore_Slice,Slice,dynamic,AI_VECTOR_CORE,1790613010066341.114	,2.400,661.350000,10,0,NO,"""10,18,64;3;3""",DT_BF16;INT64;INT64,NCL;ND;ND,"""10,2,64""",DT_BF16,NCL,N/A
0,4294967295,2409,46,ReshapeAndCacheNdKernel,ReshapeAndCacheNdKernel,dynamic,AI_VECTOR_CORE,1790613010066367.715	,3.240,24.350000,10,0,NO,"""10,2,64;10,2,64;11823,128,2,64;11823,128,2,64;10""",DT_BF16;DT_BF16;DT_BF16;DT_BF16;INT32,ND;ND;ND;ND;ND,"""11823,128,2,64;11823,128,2,64""",DT_BF16;DT_BF16,ND;ND,N/A
0,4294967295,2410,46,aclnnContiguous_SliceAiCore_Slice,Slice,dynamic,AI_VECTOR_CORE,1790613010066821.373	,1.620,450.260000,10,0,NO,"""10,18,64;3;3""",DT_BF16;INT64;INT64,NCL;ND;ND,"""10,2,64""",DT_BF16,NCL,N/A
0,4294967295,2411,46,FusedInferAttentionScore,FusedInferAttentionScore,dynamic,MIX_AIC,1790613010066845.094	,18.321,22.130000,24,48,NO,"""10,14,64;10,2,64;10,2,64;;2048,2048;1;1;;;;;;;;;;;;;;;;;;;;;;;;""",DT_BF16;DT_BF16;DT_BF16;DT_UNDEFINED;INT8;INT64;INT64;DT_UNDEFINED;DT_UNDEFINED;DT_UNDEFINED;DT_UNDEFINED;DT_UNDEFINED;DT_UNDEFINED;DT_UNDEFINED;DT_UNDEFINED;DT_UNDEFINED;DT_UNDEFINED;DT_UNDEFINED;DT_UNDEFINED;DT_UNDEFINED;DT_UNDEFINED;DT_UNDEFINED;DT_UNDEFINED;DT_UNDEFINED;DT_UNDEFINED;DT_UNDEFINED;DT_UNDEFINED;DT_UNDEFINED;DT_UNDEFINED;DT_UNDEFINED;DT_UNDEFINED,ND;ND;ND;NULL;ND;ND;ND;NULL;NULL;NULL;NULL;NULL;NULL;NULL;NULL;NULL;NULL;NULL;NULL;NULL;NULL;NULL;NULL;NULL;NULL;NULL;NULL;NULL;NULL;NULL;NULL,"""10,14,64;""",DT_BF16;FLOAT,ND;ND,0
0,4294967295,2413,46,aclnnMatmul_MatMulCommon_MatMulV2,MatMulV2,dynamic,AI_CORE,1790613010067285.112	,5.660,421.679000,19,0,NO,"""10,896;896,896""",DT_BF16;DT_BF16,ND;ND,"""10,896""",DT_BF16,ND,N/A
0,4294967295,2414,46,AddRmsNormBias,AddRmsNormBias,dynamic,AI_VECTOR_CORE,1790613010067464.699	,3.160,174.090000,10,0,NO,"""10,896;10,896;896;""",DT_BF16;DT_BF16;DT_BF16;DT_UNDEFINED,ND;ND;ND;NULL,"""10,896;10,1;10,896""",DT_BF16;FLOAT;DT_BF16,ND;ND;ND,N/A
0,4294967295,2415,46,aclnnMatmul_MatMulCommon_MatMulV2,MatMulV2,dynamic,AI_CORE,1790613010067627.865	,19.281,159.840000,22,0,NO,"""10,896;9728,896""",DT_BF16;DT_BF16,ND;ND,"""10,9728""",DT_BF16,ND,N/A
0,4294967295,2416,46,SwiGlu,SwiGlu,dynamic,AI_VECTOR_CORE,1790613010067763.191	,4.860,116.219000,10,0,NO,"""10,9728""",DT_BF16,ND,"""10,4864""",DT_BF16,ND,N/A
0,4294967295,2417,46,aclnnMatmul_MatMulCommon_MatMulV2,MatMulV2,dynamic,AI_CORE,1790613010067899.216	,16.261,131.140000,19,0,NO,"""10,4864;896,4864""",DT_BF16;DT_BF16,ND;ND,"""10,896""",DT_BF16,ND,N/A
0,4294967295,2418,46,AddRmsNormBias,AddRmsNormBias,dynamic,AI_VECTOR_CORE,1790613010068078.623	,3.020,162.989000,10,0,NO,"""10,896;10,896;896;""",DT_BF16;DT_BF16;DT_BF16;DT_UNDEFINED,ND;ND;ND;NULL,"""10,896;10,1;10,896""",DT_BF16;FLOAT;DT_BF16,ND;ND;ND,N/A
0,4294967295,2419,46,aclnnAddmm_CastAiCore_Cast,Cast,dynamic,AI_VECTOR_CORE,1790613010068233.729	,1.181,152.230000,2,0,NO,"""1152""",DT_BF16,ND,"""1152""",FLOAT,ND,N/A
0,4294967295,2420,46,aclnnAddmm_MatMulCommon_MatMulV2,MatMulV2,dynamic,AI_CORE,1790613010068236.570	,7.200,1.569000,24,0,NO,"""10,896;1152,896;1152""",DT_BF16;DT_BF16;FLOAT,ND;ND;ND,"""10,1152""",DT_BF16,ND,N/A
0,4294967295,2421,46,aclnnInplaceCopy_SliceAiCore_Slice,Slice,dynamic,AI_VECTOR_CORE,1790613010068410.757	,2.400,167.050000,10,0,NO,"""10,18,64;3;3""",DT_BF16;INT64;INT64,NCL;ND;ND,"""10,14,64""",DT_BF16,NCL,N/A
0,4294967295,2422,46,aclnnInplaceCopy_SliceAiCore_Slice,Slice,dynamic,AI_VECTOR_CORE,1790613010068414.017	,2.340,0.850000,10,0,NO,"""10,18,64;3;3""",DT_BF16;INT64;INT64,NCL;ND;ND,"""10,2,64""",DT_BF16,NCL,N/A
0,4294967295,2423,46,_triton_rope,_triton_rope,static,AI_VECTOR_CORE,1790613010069122.505	,4.460,706.160000,10,0,YES,"""10,14,64;10,2,64;32768,64""",DT_BF16;32590;DT_BF16,ND;ND;ND,"""10,14,64;10,2,64""",DT_BF16;32590,ND;ND,N/A
0,4294967295,2424,46,aclnnInplaceCopy_SliceAiCore_Slice,Slice,dynamic,AI_VECTOR_CORE,1790613010069802.792	,2.240,675.790000,10,0,NO,"""10,18,64;3;3""",DT_BF16;INT64;INT64,NCL;ND;ND,"""10,2,64""",DT_BF16,NCL,N/A
0,4294967295,2425,46,ReshapeAndCacheNdKernel,ReshapeAndCacheNdKernel,dynamic,AI_VECTOR_CORE,1790613010069832.173	,2.840,27.260000,10,0,NO,"""10,2,64;10,2,64;11823,128,2,64;11823,128,2,64;10""",DT_BF16;DT_BF16;DT_BF16;DT_BF16;INT32,ND;ND;ND;ND;ND,"""11823,128,2,64;11823,128,2,64""",DT_BF16;DT_BF16,ND;ND,N/A
0,4294967295,2426,46,aclnnContiguous_SliceAiCore_Slice,Slice,dynamic,AI_VECTOR_CORE,1790613010070299.812	,1.560,464.660000,10,0,NO,"""10,18,64;3;3""",DT_BF16;INT64;INT64,NCL;ND;ND,"""10,2,64""",DT_BF16,NCL,N/A
0,4294967295,2427,46,FusedInferAttentionScore,FusedInferAttentionScore,dynamic,MIX_AIC,1790613010070315.993	,23.541,14.690000,24,48,NO,"""10,14,64;10,2,64;10,2,64;;2048,2048;1;1;;;;;;;;;;;;;;;;;;;;;;;;""",DT_BF16;DT_BF16;DT_BF16;DT_UNDEFINED;INT8;INT64;INT64;DT_UNDEFINED;DT_UNDEFINED;DT_UNDEFINED;DT_UNDEFINED;DT_UNDEFINED;DT_UNDEFINED;DT_UNDEFINED;DT_UNDEFINED;DT_UNDEFINED;DT_UNDEFINED;DT_UNDEFINED;DT_UNDEFINED;DT_UNDEFINED;DT_UNDEFINED;DT_UNDEFINED;DT_UNDEFINED;DT_UNDEFINED;DT_UNDEFINED;DT_UNDEFINED;DT_UNDEFINED;DT_UNDEFINED;DT_UNDEFINED;DT_UNDEFINED;DT_UNDEFINED,ND;ND;ND;NULL;ND;ND;ND;NULL;NULL;NULL;NULL;NULL;NULL;NULL;NULL;NULL;NULL;NULL;NULL;NULL;NULL;NULL;NULL;NULL;NULL;NULL;NULL;NULL;NULL;NULL;NULL,"""10,14,64;""",DT_BF16;FLOAT,ND;ND,0
0,4294967295,2429,46,aclnnMatmul_MatMulCommon_MatMulV2,MatMulV2,dynamic,AI_CORE,1790613010070781.691	,5.301,442.209000,19,0,NO,"""10,896;896,896""",DT_BF16;DT_BF16,ND;ND,"""10,896""",DT_BF16,ND,N/A
0,4294967295,2430,46,AddRmsNormBias,AddRmsNormBias,dynamic,AI_VECTOR_CORE,1790613010070951.878	,3.280,164.949000,10,0,NO,"""10,896;10,896;896;""",DT_BF16;DT_BF16;DT_BF16;DT_UNDEFINED,ND;ND;ND;NULL,"""10,896;10,1;10,896""",DT_BF16;FLOAT;DT_BF16,ND;ND;ND,N/A
0,4294967295,2431,46,aclnnMatmul_MatMulCommon_MatMulV2,MatMulV2,dynamic,AI_CORE,1790613010071131.485	,19.341,176.220000,22,0,NO,"""10,896;9728,896""",DT_BF16;DT_BF16,ND;ND,"""10,9728""",DT_BF16,ND,N/A
0,4294967295,2432,46,SwiGlu,SwiGlu,dynamic,AI_VECTOR_CORE,1790613010071260.691	,5.760,109.909000,10,0,NO,"""10,9728""",DT_BF16,ND,"""10,4864""",DT_BF16,ND,N/A
0,4294967295,2433,46,aclnnMatmul_MatMulCommon_MatMulV2,MatMulV2,dynamic,AI_CORE,1790613010071409.397	,16.520,142.990000,19,0,NO,"""10,4864;896,4864""",DT_BF16;DT_BF16,ND;ND,"""10,896""",DT_BF16,ND,N/A
0,4294967295,2434,46,AddRmsNormBias,AddRmsNormBias,dynamic,AI_VECTOR_CORE,1790613010071584.963	,3.621,158.980000,10,0,NO,"""10,896;10,896;896;""",DT_BF16;DT_BF16;DT_BF16;DT_UNDEFINED,ND;ND;ND;NULL,"""10,896;10,1;10,896""",DT_BF16;FLOAT;DT_BF16,ND;ND;ND,N/A
0,4294967295,2435,46,aclnnAddmm_CastAiCore_Cast,Cast,dynamic,AI_VECTOR_CORE,1790613010071737.350	,1.240,148.629000,2,0,NO,"""1152""",DT_BF16,ND,"""1152""",FLOAT,ND,N/A
0,4294967295,2436,46,aclnnAddmm_MatMulCommon_MatMulV2,MatMulV2,dynamic,AI_CORE,1790613010071739.650	,6.840,1.260000,24,0,NO,"""10,896;1152,896;1152""",DT_BF16;DT_BF16;FLOAT,ND;ND;ND,"""10,1152""",DT_BF16,ND,N/A
0,4294967295,2437,46,aclnnInplaceCopy_SliceAiCore_Slice,Slice,dynamic,AI_VECTOR_CORE,1790613010071902.416	,2.460,155.910000,10,0,NO,"""10,18,64;3;3""",DT_BF16;INT64;INT64,NCL;ND;ND,"""10,14,64""",DT_BF16,NCL,N/A
0,4294967295,2438,46,aclnnInplaceCopy_SliceAiCore_Slice,Slice,dynamic,AI_VECTOR_CORE,1790613010071904.896	,2.420,0.040000,10,0,NO,"""10,18,64;3;3""",DT_BF16;INT64;INT64,NCL;ND;ND,"""10,2,64""",DT_BF16,NCL,N/A
0,4294967295,2439,46,_triton_rope,_triton_rope,static,AI_VECTOR_CORE,1790613010072625.885	,4.620,718.580000,10,0,YES,"""10,14,64;10,2,64;32768,64""",DT_BF16;32590;DT_BF16,ND;ND;ND,"""10,14,64;10,2,64""",DT_BF16;32590,ND;ND,N/A
0,4294967295,2440,46,aclnnInplaceCopy_SliceAiCore_Slice,Slice,dynamic,AI_VECTOR_CORE,1790613010073312.333	,2.800,681.630000,10,0,NO,"""10,18,64;3;3""",DT_BF16;INT64;INT64,NCL;ND;ND,"""10,2,64""",DT_BF16,NCL,N/A
0,4294967295,2441,46,ReshapeAndCacheNdKernel,ReshapeAndCacheNdKernel,dynamic,AI_VECTOR_CORE,1790613010073335.393	,2.941,20.450000,10,0,NO,"""10,2,64;10,2,64;11823,128,2,64;11823,128,2,64;10""",DT_BF16;DT_BF16;DT_BF16;DT_BF16;INT32,ND;ND;ND;ND;ND,"""11823,128,2,64;11823,128,2,64""",DT_BF16;DT_BF16,ND;ND,N/A
0,4294967295,2442,46,aclnnContiguous_SliceAiCore_Slice,Slice,dynamic,AI_VECTOR_CORE,1790613010073789.332	,1.520,450.809000,10,0,NO,"""10,18,64;3;3""",DT_BF16;INT64;INT64,NCL;ND;ND,"""10,2,64""",DT_BF16,NCL,N/A
0,4294967295,2443,46,FusedInferAttentionScore,FusedInferAttentionScore,dynamic,MIX_AIC,1790613010073807.332	,19.721,16.480000,24,48,NO,"""10,14,64;10,2,64;10,2,64;;2048,2048;1;1;;;;;;;;;;;;;;;;;;;;;;;;""",DT_BF16;DT_BF16;DT_BF16;DT_UNDEFINED;INT8;INT64;INT64;DT_UNDEFINED;DT_UNDEFINED;DT_UNDEFINED;DT_UNDEFINED;DT_UNDEFINED;DT_UNDEFINED;DT_UNDEFINED;DT_UNDEFINED;DT_UNDEFINED;DT_UNDEFINED;DT_UNDEFINED;DT_UNDEFINED;DT_UNDEFINED;DT_UNDEFINED;DT_UNDEFINED;DT_UNDEFINED;DT_UNDEFINED;DT_UNDEFINED;DT_UNDEFINED;DT_UNDEFINED;DT_UNDEFINED;DT_UNDEFINED;DT_UNDEFINED;DT_UNDEFINED,ND;ND;ND;NULL;ND;ND;ND;NULL;NULL;NULL;NULL;NULL;NULL;NULL;NULL;NULL;NULL;NULL;NULL;NULL;NULL;NULL;NULL;NULL;NULL;NULL;NULL;NULL;NULL;NULL;NULL,"""10,14,64;""",DT_BF16;FLOAT,ND;ND,0
0,4294967295,2445,46,aclnnMatmul_MatMulCommon_MatMulV2,MatMulV2,dynamic,AI_CORE,1790613010074277.911	,5.360,451.029000,19,0,NO,"""10,896;896,896""",DT_BF16;DT_BF16,ND;ND,"""10,896""",DT_BF16,ND,N/A
0,4294967295,2446,46,AddRmsNormBias,AddRmsNormBias,dynamic,AI_VECTOR_CORE,1790613010074454.458	,3.080,171.140000,10,0,NO,"""10,896;10,896;896;""",DT_BF16;DT_BF16;DT_BF16;DT_UNDEFINED,ND;ND;ND;NULL,"""10,896;10,1;10,896""",DT_BF16;FLOAT;DT_BF16,ND;ND;ND,N/A
0,4294967295,2447,46,aclnnMatmul_MatMulCommon_MatMulV2,MatMulV2,dynamic,AI_CORE,1790613010074636.465	,19.541,178.920000,22,0,NO,"""10,896;9728,896""",DT_BF16;DT_BF16,ND;ND,"""10,9728""",DT_BF16,ND,N/A
0,4294967295,2448,46,SwiGlu,SwiGlu,dynamic,AI_VECTOR_CORE,1790613010074773.311	,5.180,117.209000,10,0,NO,"""10,9728""",DT_BF16,ND,"""10,4864""",DT_BF16,ND,N/A
0,4294967295,2449,46,aclnnMatmul_MatMulCommon_MatMulV2,MatMulV2,dynamic,AI_CORE,1790613010074911.457	,16.560,133.070000,19,0,NO,"""10,4864;896,4864""",DT_BF16;DT_BF16,ND;ND,"""10,896""",DT_BF16,ND,N/A
0,4294967295,2450,46,AddRmsNormBias,AddRmsNormBias,dynamic,AI_VECTOR_CORE,1790613010075093.244	,3.160,165.190000,10,0,NO,"""10,896;10,896;896;""",DT_BF16;DT_BF16;DT_BF16;DT_UNDEFINED,ND;ND;ND;NULL,"""10,896;10,1;10,896""",DT_BF16;FLOAT;DT_BF16,ND;ND;ND,N/A
0,4294967295,2451,46,aclnnIndex_IndexAiCore_Index,Index,dynamic,AI_VECTOR_CORE,1790613010075295.512	,9.500,199.090000,48,0,NO,"""10,896;1;2;1""",DT_BF16;INT64;INT64;INT32,ND;ND;ND;ND,"""1,896""",DT_BF16,ND,N/A
0,4294967295,2452,46,aclnnMatmul_MatMulCommon_MatMulV2,MatMulV2,dynamic,AI_CORE,1790613010075363.315	,220.108,58.250000,24,0,NO,"""1,896;151936,896""",DT_BF16;DT_BF16,ND;ND,"""1,151936""",DT_BF16,ND,N/A
0,4294967295,2453,46,aclnnInplaceCopy_CastAiCore_Cast,Cast,dynamic,AI_VECTOR_CORE,1790613010075922.097	,8.860,338.642000,48,0,NO,"""1,151936""",DT_BF16,ND,"""1,151936""",FLOAT,ND,N/A
0,4294967295,2454,46,aclnnLogSoftmax_LogSoftmaxAiCore_LogSoftmaxV2,LogSoftmaxV2,dynamic,AI_VECTOR_CORE,1790613010075930.997	,48.842,0.140000,1,0,NO,"""1,151936""",FLOAT,ND,"""1,151936""",FLOAT,ND,N/A
0,4294967295,2455,46,aclnnInplaceCopy_CastAiCore_Cast,Cast,dynamic,AI_VECTOR_CORE,1790613010075979.859	,2.860,0.000000,48,0,NO,"""1,151936""",DT_BF16,ND,"""1,151936""",FLOAT,ND,N/A
0,4294967295,2456,46,aclnnInplaceZero_ZerosLikeAiCore_ZerosLike,ZerosLike,dynamic,AI_VECTOR_CORE,1790613010076150.206	,9.460,167.640000,48,0,NO,"""1,151936""",INT32,ND,"""1,151936""",INT32,ND,N/A
0,4294967295,2457,46,token_bin_counts_and_mask_kernel,token_bin_counts_and_mask_kernel,static,AI_VECTOR_CORE,1790613010076786.691	,60.563,627.040000,1,0,YES,"""1,10;1,151936""",INT64;FLOAT,ND;ND,"""1,151936""",FLOAT,ND,N/A
0,4294967295,2458,46,aclnnGtScalar_CastAiCore_Cast,Cast,dynamic,AI_VECTOR_CORE,1790613010077024.521	,8.600,177.187000,48,0,NO,"""1,151936""",INT32,ND,"""1,151936""",INT64,ND,N/A
0,4294967295,2459,46,aclnnGtScalar_GreaterAiCore_Greater,Greater,dynamic,AI_VECTOR_CORE,1790613010077033.141	,15.941,0.150000,48,0,NO,"""1,151936;""",INT64;INT64,ND;ND,"""1,151936""",BOOL,ND,N/A
0,4294967295,2460,46,aclnnInplaceZero_ZerosLikeAiCore_ZerosLike,ZerosLike,dynamic,AI_VECTOR_CORE,1790613010077049.102	,2.420,0.000000,48,0,NO,"""1,151936""",INT32,ND,"""1,151936""",INT32,ND,N/A
0,4294967295,2461,46,aclnnGtScalar_CastAiCore_Cast,Cast,dynamic,AI_VECTOR_CORE,1790613010077051.542	,2.640,0.080000,48,0,NO,"""1,151936""",INT32,ND,"""1,151936""",INT64,ND,N/A
0,4294967295,2462,46,aclnnGtScalar_GreaterAiCore_Greater,Greater,dynamic,AI_VECTOR_CORE,1790613010077054.202	,10.801,0.110000,48,0,NO,"""1,151936;""",INT64;INT64,ND;ND,"""1,151936""",BOOL,ND,N/A
0,4294967295,2463,46,apply_all_penalties_kernel,apply_all_penalties_kernel,static,AI_VECTOR_CORE,1790613010077890.236	,76.283,825.199000,1,0,YES,"""1,151936;1,151936;1,151936;1,151936""",FLOAT;BOOL;BOOL;INT32,ND;ND;ND;ND,"""1,151936""",FLOAT,ND,N/A
0,4294967295,2464,46,aclnnArgMax_ArgMaxV2AiCore_ArgMaxV2,ArgMaxV2,dynamic,AI_VECTOR_CORE,1790613010078192.408	,18.640,225.967000,1,0,NO,"""1,151936;""",FLOAT;INT64,ND;ND,"""1""",INT32,ND,N/A
0,4294967295,2465,46,aclnnArgMax_CastAiCore_Cast,Cast,dynamic,AI_VECTOR_CORE,1790613010078211.068	,0.761,0.000000,1,0,NO,"""1""",INT32,ND,"""1""",INT64,ND,N/A
0,4294967295,2466,46,aclnnTopk_TopkV2AiCore_TopKV2,TopKV2,dynamic,MIX_AIV,1790613010078236.969	,18.781,25.239000,38,0,NO,"""1,151936;""",FLOAT;INT32,ND;ND,"""1,32;1,32""",FLOAT;INT32,ND;ND,0
0,4294967295,2467,46,aclnnTopk_TopkV2AiCore_TopKV2,TopKV2,dynamic,MIX_AIV,1790613010078258.850	,2.941,2.969000,1,0,NO,"""1,32;""",FLOAT;INT32,ND;ND,"""1,1;1,1""",FLOAT;INT32,ND;ND,0
0,4294967295,2468,46,aclnnTopk_GatherElements_GatherElements,GatherElements,dynamic,AI_VECTOR_CORE,1790613010078263.031	,9.500,1.309000,48,0,NO,"""1,32;1,1""",INT32;INT32,ND;ND,"""1,1""",INT32,ND,N/A
0,4294967295,2469,46,aclnnTopk_CastAiCore_Cast,Cast,dynamic,AI_VECTOR_CORE,1790613010078272.551	,0.800,0.000000,1,0,NO,"""1,1""",INT32,ND,"""1,1""",INT64,ND,N/A
0,4294967295,2470,46,aclnnGather_CastAiCore_Cast,Cast,dynamic,AI_VECTOR_CORE,1790613010078273.371	,1.280,0.000000,1,0,NO,"""1,1""",INT64,ND,"""1,1""",INT32,ND,N/A
0,4294967295,2471,46,aclnnGather_GatherElementsV2_GatherElementsV2,GatherElementsV2,dynamic,AI_VECTOR_CORE,1790613010078274.671	,3.820,0.220000,1,0,NO,"""1,151936;1,1""",FLOAT;INT32,ND;ND,"""1,1""",FLOAT,ND,N/A
0,4294967295,2472,46,aclnnGeTensor_GreaterEqual_GreaterEqual,GreaterEqual,dynamic,AI_VECTOR_CORE,1790613010078556.422	,9.521,277.930000,48,0,NO,"""1,151936;1,1""",FLOAT;FLOAT,ND;ND,"""1,151936""",BOOL,ND,N/A
0,4294967295,2473,46,aclnnReduceSum_CastAiCore_Cast,Cast,dynamic,AI_VECTOR_CORE,1790613010078565.963	,8.340,0.000000,48,0,NO,"""1,151936""",BOOL,ND,"""1,151936""",FLOAT,ND,N/A
0,4294967295,2474,46,aclnnReduceSum_ReduceSumOpAiCore_ReduceSum,ReduceSum,dynamic,MIX_AIV,1790613010078575.683	,19.781,1.410000,48,0,NO,"""1,151936;1""",FLOAT;INT64,ND;ND,"""1""",FLOAT,ND,0
0,4294967295,2475,46,aclnnReduceSum_CastAiCore_Cast,Cast,dynamic,AI_VECTOR_CORE,1790613010078596.304	,1.040,0.719000,1,0,NO,"""1""",FLOAT,ND,"""1""",INT64,ND,N/A
0,4294967295,2476,46,aclnnCat_ConcatD_ConcatD,ConcatD,dynamic,AI_VECTOR_CORE,1790613010078597.364	,2.300,0.000000,1,0,NO,"""1,1;1,1""",INT64;INT64,ND;ND,"""1,2""",INT64,ND,N/A
0,4294967295,2477,46,aclnnCat_ConcatD_ConcatD,ConcatD,dynamic,AI_VECTOR_CORE,1790613010078612.065	,1.620,12.450000,1,0,NO,"""1,1;1,1""",FLOAT;FLOAT,ND;ND,"""1,2""",FLOAT,ND,N/A
0,4294967295,2478,46,aclnnInplaceCopy_CastAiCore_Cast,Cast,dynamic,AI_VECTOR_CORE,1790613010078616.805	,1.020,3.130000,1,0,NO,"""1,2""",INT64,ND,"""1,2""",INT32,ND,N/A
0,4294967295,2479,46,aclnnInplaceCopy_CastAiCore_Cast,Cast,dynamic,AI_VECTOR_CORE,1790613010078643.546	,1.040,25.730000,1,0,NO,"""1""",INT64,ND,"""1""",INT32,ND,N/A
0,4294967295,2484,46,aclnnInplaceFillScalar_FillAiCore_Fill,Fill,dynamic,AI_VECTOR_CORE,1790613010083952.618	,1.020,5307.960000,1,0,NO,"""1;""",INT64;INT32,ND;ND,"""1""",INT32,ND,N/A
0,4294967295,2487,46,aclnnInplaceFillScalar_FillAiCore_Fill,Fill,dynamic,AI_VECTOR_CORE,1790613010084464.859	,0.940,511.230000,1,0,NO,"""1;""",INT64;INT32,ND;ND,"""1""",INT32,ND,N/A
0,4294967295,2492,46,aclnnIndex_IndexAiCore_Index,Index,dynamic,AI_VECTOR_CORE,1790613010084947.198	,8.600,481.560000,48,0,NO,"""1;1;1;1""",INT32;INT64;INT64;INT64,ND;ND;ND;ND,"""1""",INT32,ND,N/A
0,4294967295,2493,46,aclnnInplaceCopy_CastAiCore_Cast,Cast,dynamic,AI_VECTOR_CORE,1790613010084955.838	,0.880,0.000000,1,0,NO,"""1""",INT32,ND,"""1""",INT64,ND,N/A
0,4294967295,2494,46,aclnnAdd_AddAiCore_Add,Add,dynamic,AI_VECTOR_CORE,1790613010084977.319	,2.220,20.620000,1,0,NO,"""1;1""",INT64;INT64,ND;ND,"""1""",INT64,ND,N/A
0,4294967295,2496,46,aclnnAdd_AddAiCore_Add,Add,dynamic,AI_VECTOR_CORE,1790613010085012.740	,1.540,33.280000,1,0,NO,"""1;1""",INT32;INT32,ND;ND,"""1""",INT32,ND,N/A
0,4294967295,2498,46,_compute_slot_mapping_kernel,_compute_slot_mapping_kernel,static,AI_VECTOR_CORE,1790613010085753.550	,120.385,739.210000,2,0,YES,"""2;1;1,2""",461301056;32590;INT32,ND;ND;ND,"""258""",INT64,ND,N/A
0,4294967295,2499,46,aclnnSubs_SubAiCore_Sub,Sub,dynamic,AI_VECTOR_CORE,1790613010086041.821	,1.220,167.865000,1,0,NO,"""1;""",INT32;INT32,ND;ND,"""1""",INT32,ND,N/A
0,4294967295,2501,46,aclnnIndexSelect_GatherV3AiCore_GatherV3,GatherV3,dynamic,AI_VECTOR_CORE,1790613010086592.603	,2.621,549.530000,1,0,NO,"""32768,64;1;1""",DT_BF16;INT64;INT64,ND;ND;ND,"""1,64""",DT_BF16,ND,N/A
0,4294967295,2502,46,aclnnRepeat_TileAiCore_Tile,Tile,dynamic,AI_VECTOR_CORE,1790613010086604.104	,1.660,8.879000,1,0,NO,"""1,2,32;3""",DT_BF16;INT64,NCL;ND,"""1,2,64""",DT_BF16,ND,N/A
0,4294967295,2504,46,aclnnIndexSelect_GatherV3AiCore_GatherV3,GatherV3,dynamic,AI_VECTOR_CORE,1790613010086670.627	,2.060,65.090000,1,0,NO,"""32768,64;1;1""",DT_BF16;INT64;INT64,ND;ND;ND,"""1,64""",DT_BF16,ND,N/A
0,4294967295,2505,46,aclnnRepeat_TileAiCore_Tile,Tile,dynamic,AI_VECTOR_CORE,1790613010086675.447	,1.360,2.690000,1,0,NO,"""1,2,32;3""",DT_BF16;INT64,NCL;ND,"""1,2,64""",DT_BF16,ND,N/A
0,4294967295,2507,46,aclnnInplaceCopy_CastAiCore_Cast,Cast,dynamic,AI_VECTOR_CORE,1790613010087322.113	,0.980,645.140000,1,0,NO,"""1""",INT32,ND,"""1""",INT64,ND,N/A
0,4294967295,2508,46,aclnnEmbedding_GatherV2AiCore_GatherV2,GatherV2,dynamic,AI_VECTOR_CORE,1790613010087337.533	,9.161,14.520000,48,0,NO,"""151936,896;1;1""",DT_BF16;INT64;INT64,ND;ND;ND,"""1,896""",DT_BF16,ND,N/A
0,4294967295,2509,46,RmsNorm,RmsNorm,dynamic,AI_VECTOR_CORE,1790613010087461.858	,4.801,115.089000,1,0,NO,"""1,896;896""",DT_BF16;DT_BF16,ND;ND,"""1,896;1,1""",DT_BF16;FLOAT,ND;ND,N/A
0,4294967295,2510,46,aclnnAddmm_CastAiCore_Cast,Cast,dynamic,AI_VECTOR_CORE,1790613010087651.746	,1.220,185.199000,2,0,NO,"""1152""",DT_BF16,ND,"""1152""",FLOAT,ND,N/A
0,4294967295,2511,46,aclnnAddmm_MatMulCommon_MatMulV2,MatMulV2,dynamic,AI_CORE,1790613010087654.106	,7.480,1.030000,24,0,NO,"""1,896;1152,896;1152""",DT_BF16;DT_BF16;FLOAT,ND;ND;ND,"""1,1152""",DT_BF16,ND,N/A
0,4294967295,2512,46,_triton_rope,_triton_rope,static,AI_VECTOR_CORE,1790613010088568.963	,3.500,907.520000,1,0,YES,"""1,14,64;1,2,64;32768,64""",DT_BF16;32590;DT_BF16,ND;ND;ND,"""1,14,64;1,2,64""",DT_BF16;32590,ND;ND,N/A
0,4294967295,2513,46,ReshapeAndCacheNdKernel,ReshapeAndCacheNdKernel,dynamic,AI_VECTOR_CORE,1790613010089317.993	,2.280,745.500000,1,0,NO,"""1,2,64;1,2,64;11823,128,2,64;11823,128,2,64;1""",DT_BF16;DT_BF16;DT_BF16;DT_BF16;INT32,ND;ND;ND;ND;ND,"""11823,128,2,64;11823,128,2,64""",DT_BF16;DT_BF16,ND;ND,N/A
0,4294967295,2514,46,FusedInferAttentionScore,FusedInferAttentionScore,dynamic,MIX_AIC,1790613010089802.372	,20.741,481.970000,24,48,NO,"""1,14,64;11823,128,128;11823,128,128;;2048,2048;1;1;;;;;;;;1,2;;;;;;;;;;;;;;;;""",DT_BF16;DT_BF16;DT_BF16;DT_UNDEFINED;INT8;INT64;INT64;DT_UNDEFINED;DT_UNDEFINED;DT_UNDEFINED;DT_UNDEFINED;DT_UNDEFINED;DT_UNDEFINED;DT_UNDEFINED;INT32;DT_UNDEFINED;DT_UNDEFINED;DT_UNDEFINED;DT_UNDEFINED;DT_UNDEFINED;DT_UNDEFINED;DT_UNDEFINED;DT_UNDEFINED;DT_UNDEFINED;DT_UNDEFINED;DT_UNDEFINED;DT_UNDEFINED;DT_UNDEFINED;DT_UNDEFINED;DT_UNDEFINED;DT_UNDEFINED,ND;ND;ND;NULL;ND;ND;ND;NULL;NULL;NULL;NULL;NULL;NULL;NULL;ND;NULL;NULL;NULL;NULL;NULL;NULL;NULL;NULL;NULL;NULL;NULL;NULL;NULL;NULL;NULL;NULL,"""1,14,64;""",DT_BF16;FLOAT,ND;ND,0
0,4294967295,2516,46,aclnnMatmul_MatMulCommon_MatMulV2,MatMulV2,dynamic,AI_CORE,1790613010090268.951	,5.580,446.009000,19,0,NO,"""1,896;896,896""",DT_BF16;DT_BF16,ND;ND,"""1,896""",DT_BF16,ND,N/A
0,4294967295,2517,46,AddRmsNormBias,AddRmsNormBias,dynamic,AI_VECTOR_CORE,1790613010090450.238	,2.080,175.670000,1,0,NO,"""1,896;1,896;896;""",DT_BF16;DT_BF16;DT_BF16;DT_UNDEFINED,ND;ND;ND;NULL,"""1,896;1,1;1,896""",DT_BF16;FLOAT;DT_BF16,ND;ND;ND,N/A
0,4294967295,2518,46,aclnnMatmul_MatMulCommon_MatMulV2,MatMulV2,dynamic,AI_CORE,1790613010090613.764	,19.041,161.420000,22,0,NO,"""1,896;9728,896""",DT_BF16;DT_BF16,ND;ND,"""1,9728""",DT_BF16,ND,N/A
0,4294967295,2519,46,SwiGlu,SwiGlu,dynamic,AI_VECTOR_CORE,1790613010090742.969	,4.181,110.209000,1,0,NO,"""1,9728""",DT_BF16,ND,"""1,4864""",DT_BF16,ND,N/A
0,4294967295,2520,46,aclnnMatmul_MatMulCommon_MatMulV2,MatMulV2,dynamic,AI_CORE,1790613010090889.475	,16.801,142.319000,19,0,NO,"""1,4864;896,4864""",DT_BF16;DT_BF16,ND;ND,"""1,896""",DT_BF16,ND,N/A
0,4294967295,2521,46,AddRmsNormBias,AddRmsNormBias,dynamic,AI_VECTOR_CORE,1790613010091056.362	,1.780,149.949000,1,0,NO,"""1,896;1,896;896;""",DT_BF16;DT_BF16;DT_BF16;DT_UNDEFINED,ND;ND;ND;NULL,"""1,896;1,1;1,896""",DT_BF16;FLOAT;DT_BF16,ND;ND;ND,N/A
0,4294967295,2522,46,aclnnAddmm_CastAiCore_Cast,Cast,dynamic,AI_VECTOR_CORE,1790613010091216.728	,1.160,158.720000,2,0,NO,"""1152""",DT_BF16,ND,"""1152""",FLOAT,ND,N/A
0,4294967295,2523,46,aclnnAddmm_MatMulCommon_MatMulV2,MatMulV2,dynamic,AI_CORE,1790613010091219.349	,7.980,1.340000,24,0,NO,"""1,896;1152,896;1152""",DT_BF16;DT_BF16;FLOAT,ND;ND;ND,"""1,1152""",DT_BF16,ND,N/A
0,4294967295,2524,46,_triton_rope,_triton_rope,static,AI_VECTOR_CORE,1790613010092077.563	,2.840,850.270000,1,0,YES,"""1,14,64;1,2,64;32768,64""",DT_BF16;32590;DT_BF16,ND;ND;ND,"""1,14,64;1,2,64""",DT_BF16;32590,ND;ND,N/A
0,4294967295,2525,46,ReshapeAndCacheNdKernel,ReshapeAndCacheNdKernel,dynamic,AI_VECTOR_CORE,1790613010092771.171	,1.520,690.910000,1,0,NO,"""1,2,64;1,2,64;11823,128,2,64;11823,128,2,64;1""",DT_BF16;DT_BF16;DT_BF16;DT_BF16;INT32,ND;ND;ND;ND;ND,"""11823,128,2,64;11823,128,2,64""",DT_BF16;DT_BF16,ND;ND,N/A
0,4294967295,2526,46,FusedInferAttentionScore,FusedInferAttentionScore,dynamic,MIX_AIC,1790613010093246.409	,19.561,473.730000,24,48,NO,"""1,14,64;11823,128,128;11823,128,128;;2048,2048;1;1;;;;;;;;1,2;;;;;;;;;;;;;;;;""",DT_BF16;DT_BF16;DT_BF16;DT_UNDEFINED;INT8;INT64;INT64;DT_UNDEFINED;DT_UNDEFINED;DT_UNDEFINED;DT_UNDEFINED;DT_UNDEFINED;DT_UNDEFINED;DT_UNDEFINED;INT32;DT_UNDEFINED;DT_UNDEFINED;DT_UNDEFINED;DT_UNDEFINED;DT_UNDEFINED;DT_UNDEFINED;DT_UNDEFINED;DT_UNDEFINED;DT_UNDEFINED;DT_UNDEFINED;DT_UNDEFINED;DT_UNDEFINED;DT_UNDEFINED;DT_UNDEFINED;DT_UNDEFINED;DT_UNDEFINED,ND;ND;ND;NULL;ND;ND;ND;NULL;NULL;NULL;NULL;NULL;NULL;NULL;ND;NULL;NULL;NULL;NULL;NULL;NULL;NULL;NULL;NULL;NULL;NULL;NULL;NULL;NULL;NULL;NULL,"""1,14,64;""",DT_BF16;FLOAT,ND;ND,0
0,4294967295,2528,46,aclnnMatmul_MatMulCommon_MatMulV2,MatMulV2,dynamic,AI_CORE,1790613010093742.409	,5.240,476.439000,19,0,NO,"""1,896;896,896""",DT_BF16;DT_BF16,ND;ND,"""1,896""",DT_BF16,ND,N/A
0,4294967295,2529,46,AddRmsNormBias,AddRmsNormBias,dynamic,AI_VECTOR_CORE,1790613010093919.497	,1.700,171.760000,1,0,NO,"""1,896;1,896;896;""",DT_BF16;DT_BF16;DT_BF16;DT_UNDEFINED,ND;ND;ND;NULL,"""1,896;1,1;1,896""",DT_BF16;FLOAT;DT_BF16,ND;ND;ND,N/A
0,4294967295,2530,46,aclnnMatmul_MatMulCommon_MatMulV2,MatMulV2,dynamic,AI_CORE,1790613010094077.343	,19.260,156.050000,22,0,NO,"""1,896;9728,896""",DT_BF16;DT_BF16,ND;ND,"""1,9728""",DT_BF16,ND,N/A
0,4294967295,2531,46,SwiGlu,SwiGlu,dynamic,AI_VECTOR_CORE,1790613010094201.648	,2.880,105.240000,1,0,NO,"""1,9728""",DT_BF16,ND,"""1,4864""",DT_BF16,ND,N/A
0,4294967295,2532,46,aclnnMatmul_MatMulCommon_MatMulV2,MatMulV2,dynamic,AI_CORE,1790613010094346.013	,16.341,141.370000,19,0,NO,"""1,4864;896,4864""",DT_BF16;DT_BF16,ND;ND,"""1,896""",DT_BF16,ND,N/A
0,4294967295,2533,46,AddRmsNormBias,AddRmsNormBias,dynamic,AI_VECTOR_CORE,1790613010094513.280	,1.700,150.909000,1,0,NO,"""1,896;1,896;896;""",DT_BF16;DT_BF16;DT_BF16;DT_UNDEFINED,ND;ND;ND;NULL,"""1,896;1,1;1,896""",DT_BF16;FLOAT;DT_BF16,ND;ND;ND,N/A
0,4294967295,2534,46,aclnnAddmm_CastAiCore_Cast,Cast,dynamic,AI_VECTOR_CORE,1790613010094675.347	,1.180,160.300000,2,0,NO,"""1152""",DT_BF16,ND,"""1152""",FLOAT,ND,N/A
0,4294967295,2535,46,aclnnAddmm_MatMulCommon_MatMulV2,MatMulV2,dynamic,AI_CORE,1790613010094677.767	,7.340,1.320000,24,0,NO,"""1,896;1152,896;1152""",DT_BF16;DT_BF16;FLOAT,ND;ND;ND,"""1,1152""",DT_BF16,ND,N/A
0,4294967295,2536,46,_triton_rope,_triton_rope,static,AI_VECTOR_CORE,1790613010095541.121	,3.020,855.910000,1,0,YES,"""1,14,64;1,2,64;32768,64""",DT_BF16;32590;DT_BF16,ND;ND;ND,"""1,14,64;1,2,64""",DT_BF16;32590,ND;ND,N/A
0,4294967295,2537,46,ReshapeAndCacheNdKernel,ReshapeAndCacheNdKernel,dynamic,AI_VECTOR_CORE,1790613010096210.948	,1.620,666.980000,1,0,NO,"""1,2,64;1,2,64;11823,128,2,64;11823,128,2,64;1""",DT_BF16;DT_BF16;DT_BF16;DT_BF16;INT32,ND;ND;ND;ND;ND,"""11823,128,2,64;11823,128,2,64""",DT_BF16;DT_BF16,ND;ND,N/A
0,4294967295,2538,46,FusedInferAttentionScore,FusedInferAttentionScore,dynamic,MIX_AIC,1790613010096679.947	,16.540,467.380000,24,48,NO,"""1,14,64;11823,128,128;11823,128,128;;2048,2048;1;1;;;;;;;;1,2;;;;;;;;;;;;;;;;""",DT_BF16;DT_BF16;DT_BF16;DT_UNDEFINED;INT8;INT64;INT64;DT_UNDEFINED;DT_UNDEFINED;DT_UNDEFINED;DT_UNDEFINED;DT_UNDEFINED;DT_UNDEFINED;DT_UNDEFINED;INT32;DT_UNDEFINED;DT_UNDEFINED;DT_UNDEFINED;DT_UNDEFINED;DT_UNDEFINED;DT_UNDEFINED;DT_UNDEFINED;DT_UNDEFINED;DT_UNDEFINED;DT_UNDEFINED;DT_UNDEFINED;DT_UNDEFINED;DT_UNDEFINED;DT_UNDEFINED;DT_UNDEFINED;DT_UNDEFINED,ND;ND;ND;NULL;ND;ND;ND;NULL;NULL;NULL;NULL;NULL;NULL;NULL;ND;NULL;NULL;NULL;NULL;NULL;NULL;NULL;NULL;NULL;NULL;NULL;NULL;NULL;NULL;NULL;NULL,"""1,14,64;""",DT_BF16;FLOAT,ND;ND,0
0,4294967295,2540,46,aclnnMatmul_MatMulCommon_MatMulV2,MatMulV2,dynamic,AI_CORE,1790613010097185.527	,5.340,488.960000,19,0,NO,"""1,896;896,896""",DT_BF16;DT_BF16,ND;ND,"""1,896""",DT_BF16,ND,N/A
0,4294967295,2541,46,AddRmsNormBias,AddRmsNormBias,dynamic,AI_VECTOR_CORE,1790613010097382.455	,1.740,191.660000,1,0,NO,"""1,896;1,896;896;""",DT_BF16;DT_BF16;DT_BF16;DT_UNDEFINED,ND;ND;ND;NULL,"""1,896;1,1;1,896""",DT_BF16;FLOAT;DT_BF16,ND;ND;ND,N/A
0,4294967295,2542,46,aclnnMatmul_MatMulCommon_MatMulV2,MatMulV2,dynamic,AI_CORE,1790613010097543.561	,19.641,159.260000,22,0,NO,"""1,896;9728,896""",DT_BF16;DT_BF16,ND;ND,"""1,9728""",DT_BF16,ND,N/A
0,4294967295,2543,46,SwiGlu,SwiGlu,dynamic,AI_VECTOR_CORE,1790613010097677.707	,2.880,114.609000,1,0,NO,"""1,9728""",DT_BF16,ND,"""1,4864""",DT_BF16,ND,N/A
0,4294967295,2544,46,aclnnMatmul_MatMulCommon_MatMulV2,MatMulV2,dynamic,AI_CORE,1790613010097814.232	,16.481,133.620000,19,0,NO,"""1,4864;896,4864""",DT_BF16;DT_BF16,ND;ND,"""1,896""",DT_BF16,ND,N/A
0,4294967295,2545,46,AddRmsNormBias,AddRmsNormBias,dynamic,AI_VECTOR_CORE,1790613010097986.959	,1.820,156.269000,1,0,NO,"""1,896;1,896;896;""",DT_BF16;DT_BF16;DT_BF16;DT_UNDEFINED,ND;ND;ND;NULL,"""1,896;1,1;1,896""",DT_BF16;FLOAT;DT_BF16,ND;ND;ND,N/A
0,4294967295,2546,46,aclnnAddmm_CastAiCore_Cast,Cast,dynamic,AI_VECTOR_CORE,1790613010098140.745	,1.200,151.930000,2,0,NO,"""1152""",DT_BF16,ND,"""1152""",FLOAT,ND,N/A
0,4294967295,2547,46,aclnnAddmm_MatMulCommon_MatMulV2,MatMulV2,dynamic,AI_CORE,1790613010098143.285	,7.641,1.300000,24,0,NO,"""1,896;1152,896;1152""",DT_BF16;DT_BF16;FLOAT,ND;ND;ND,"""1,1152""",DT_BF16,ND,N/A
0,4294967295,2548,46,_triton_rope,_triton_rope,static,AI_VECTOR_CORE,1790613010099007.060	,2.800,856.109000,1,0,YES,"""1,14,64;1,2,64;32768,64""",DT_BF16;32590;DT_BF16,ND;ND;ND,"""1,14,64;1,2,64""",DT_BF16;32590,ND;ND,N/A
0,4294967295,2549,46,ReshapeAndCacheNdKernel,ReshapeAndCacheNdKernel,dynamic,AI_VECTOR_CORE,1790613010099684.767	,2.040,674.950000,1,0,NO,"""1,2,64;1,2,64;11823,128,2,64;11823,128,2,64;1""",DT_BF16;DT_BF16;DT_BF16;DT_BF16;INT32,ND;ND;ND;ND;ND,"""11823,128,2,64;11823,128,2,64""",DT_BF16;DT_BF16,ND;ND,N/A
0,4294967295,2550,46,FusedInferAttentionScore,FusedInferAttentionScore,dynamic,MIX_AIC,1790613010100162.066	,21.861,475.210000,24,48,NO,"""1,14,64;11823,128,128;11823,128,128;;2048,2048;1;1;;;;;;;;1,2;;;;;;;;;;;;;;;;""",DT_BF16;DT_BF16;DT_BF16;DT_UNDEFINED;INT8;INT64;INT64;DT_UNDEFINED;DT_UNDEFINED;DT_UNDEFINED;DT_UNDEFINED;DT_UNDEFINED;DT_UNDEFINED;DT_UNDEFINED;INT32;DT_UNDEFINED;DT_UNDEFINED;DT_UNDEFINED;DT_UNDEFINED;DT_UNDEFINED;DT_UNDEFINED;DT_UNDEFINED;DT_UNDEFINED;DT_UNDEFINED;DT_UNDEFINED;DT_UNDEFINED;DT_UNDEFINED;DT_UNDEFINED;DT_UNDEFINED;DT_UNDEFINED;DT_UNDEFINED,ND;ND;ND;NULL;ND;ND;ND;NULL;NULL;NULL;NULL;NULL;NULL;NULL;ND;NULL;NULL;NULL;NULL;NULL;NULL;NULL;NULL;NULL;NULL;NULL;NULL;NULL;NULL;NULL;NULL,"""1,14,64;""",DT_BF16;FLOAT,ND;ND,0
0,4294967295,2552,46,aclnnMatmul_MatMulCommon_MatMulV2,MatMulV2,dynamic,AI_CORE,1790613010100635.205	,5.640,451.389000,19,0,NO,"""1,896;896,896""",DT_BF16;DT_BF16,ND;ND,"""1,896""",DT_BF16,ND,N/A
0,4294967295,2553,46,AddRmsNormBias,AddRmsNormBias,dynamic,AI_VECTOR_CORE,1790613010100804.812	,1.660,163.860000,1,0,NO,"""1,896;1,896;896;""",DT_BF16;DT_BF16;DT_BF16;DT_UNDEFINED,ND;ND;ND;NULL,"""1,896;1,1;1,896""",DT_BF16;FLOAT;DT_BF16,ND;ND;ND,N/A
0,4294967295,2554,46,aclnnMatmul_MatMulCommon_MatMulV2,MatMulV2,dynamic,AI_CORE,1790613010100963.838	,19.441,157.340000,22,0,NO,"""1,896;9728,896""",DT_BF16;DT_BF16,ND;ND,"""1,9728""",DT_BF16,ND,N/A
0,4294967295,2555,46,SwiGlu,SwiGlu,dynamic,AI_VECTOR_CORE,1790613010101087.583	,2.860,104.309000,1,0,NO,"""1,9728""",DT_BF16,ND,"""1,4864""",DT_BF16,ND,N/A
0,4294967295,2556,46,aclnnMatmul_MatMulCommon_MatMulV2,MatMulV2,dynamic,AI_CORE,1790613010101246.409	,16.641,156.140000,19,0,NO,"""1,4864;896,4864""",DT_BF16;DT_BF16,ND;ND,"""1,896""",DT_BF16,ND,N/A
0,4294967295,2557,46,AddRmsNormBias,AddRmsNormBias,dynamic,AI_VECTOR_CORE,1790613010101433.897	,1.700,170.859000,1,0,NO,"""1,896;1,896;896;""",DT_BF16;DT_BF16;DT_BF16;DT_UNDEFINED,ND;ND;ND;NULL,"""1,896;1,1;1,896""",DT_BF16;FLOAT;DT_BF16,ND;ND;ND,N/A
0,4294967295,2558,46,aclnnAddmm_CastAiCore_Cast,Cast,dynamic,AI_VECTOR_CORE,1790613010101585.083	,1.200,149.300000,2,0,NO,"""1152""",DT_BF16,ND,"""1152""",FLOAT,ND,N/A
0,4294967295,2559,46,aclnnAddmm_MatMulCommon_MatMulV2,MatMulV2,dynamic,AI_CORE,1790613010101587.803	,7.920,1.550000,24,0,NO,"""1,896;1152,896;1152""",DT_BF16;DT_BF16;FLOAT,ND;ND;ND,"""1,1152""",DT_BF16,ND,N/A
0,4294967295,2560,46,_triton_rope,_triton_rope,static,AI_VECTOR_CORE,1790613010102445.197	,2.920,849.580000,1,0,YES,"""1,14,64;1,2,64;32768,64""",DT_BF16;32590;DT_BF16,ND;ND;ND,"""1,14,64;1,2,64""",DT_BF16;32590,ND;ND,N/A
0,4294967295,2561,46,ReshapeAndCacheNdKernel,ReshapeAndCacheNdKernel,dynamic,AI_VECTOR_CORE,1790613010103129.985	,2.300,681.830000,1,0,NO,"""1,2,64;1,2,64;11823,128,2,64;11823,128,2,64;1""",DT_BF16;DT_BF16;DT_BF16;DT_BF16;INT32,ND;ND;ND;ND;ND,"""11823,128,2,64;11823,128,2,64""",DT_BF16;DT_BF16,ND;ND,N/A
0,4294967295,2562,46,FusedInferAttentionScore,FusedInferAttentionScore,dynamic,MIX_AIC,1790613010103580.003	,19.420,447.700000,24,48,NO,"""1,14,64;11823,128,128;11823,128,128;;2048,2048;1;1;;;;;;;;1,2;;;;;;;;;;;;;;;;""",DT_BF16;DT_BF16;DT_BF16;DT_UNDEFINED;INT8;INT64;INT64;DT_UNDEFINED;DT_UNDEFINED;DT_UNDEFINED;DT_UNDEFINED;DT_UNDEFINED;DT_UNDEFINED;DT_UNDEFINED;INT32;DT_UNDEFINED;DT_UNDEFINED;DT_UNDEFINED;DT_UNDEFINED;DT_UNDEFINED;DT_UNDEFINED;DT_UNDEFINED;DT_UNDEFINED;DT_UNDEFINED;DT_UNDEFINED;DT_UNDEFINED;DT_UNDEFINED;DT_UNDEFINED;DT_UNDEFINED;DT_UNDEFINED;DT_UNDEFINED,ND;ND;ND;NULL;ND;ND;ND;NULL;NULL;NULL;NULL;NULL;NULL;NULL;ND;NULL;NULL;NULL;NULL;NULL;NULL;NULL;NULL;NULL;NULL;NULL;NULL;NULL;NULL;NULL;NULL,"""1,14,64;""",DT_BF16;FLOAT,ND;ND,0
0,4294967295,2564,46,aclnnMatmul_MatMulCommon_MatMulV2,MatMulV2,dynamic,AI_CORE,1790613010104079.583	,5.520,480.080000,19,0,NO,"""1,896;896,896""",DT_BF16;DT_BF16,ND;ND,"""1,896""",DT_BF16,ND,N/A
0,4294967295,2565,46,AddRmsNormBias,AddRmsNormBias,dynamic,AI_VECTOR_CORE,1790613010104252.529	,1.721,167.480000,1,0,NO,"""1,896;1,896;896;""",DT_BF16;DT_BF16;DT_BF16;DT_UNDEFINED,ND;ND;ND;NULL,"""1,896;1,1;1,896""",DT_BF16;FLOAT;DT_BF16,ND;ND;ND,N/A
0,4294967295,2566,46,aclnnMatmul_MatMulCommon_MatMulV2,MatMulV2,dynamic,AI_CORE,1790613010104413.076	,19.581,158.779000,22,0,NO,"""1,896;9728,896""",DT_BF16;DT_BF16,ND;ND,"""1,9728""",DT_BF16,ND,N/A
0,4294967295,2567,46,SwiGlu,SwiGlu,dynamic,AI_VECTOR_CORE,1790613010104537.241	,2.900,104.669000,1,0,NO,"""1,9728""",DT_BF16,ND,"""1,4864""",DT_BF16,ND,N/A
0,4294967295,2568,46,aclnnMatmul_MatMulCommon_MatMulV2,MatMulV2,dynamic,AI_CORE,1790613010104671.006	,16.561,130.850000,19,0,NO,"""1,4864;896,4864""",DT_BF16;DT_BF16,ND;ND,"""1,896""",DT_BF16,ND,N/A
0,4294967295,2569,46,AddRmsNormBias,AddRmsNormBias,dynamic,AI_VECTOR_CORE,1790613010104860.174	,2.060,172.689000,1,0,NO,"""1,896;1,896;896;""",DT_BF16;DT_BF16;DT_BF16;DT_UNDEFINED,ND;ND;ND;NULL,"""1,896;1,1;1,896""",DT_BF16;FLOAT;DT_BF16,ND;ND;ND,N/A
0,4294967295,2570,46,aclnnAddmm_CastAiCore_Cast,Cast,dynamic,AI_VECTOR_CORE,1790613010105016.000	,1.160,153.690000,2,0,NO,"""1152""",DT_BF16,ND,"""1152""",FLOAT,ND,N/A
0,4294967295,2571,46,aclnnAddmm_MatMulCommon_MatMulV2,MatMulV2,dynamic,AI_CORE,1790613010105018.500	,7.801,1.340000,24,0,NO,"""1,896;1152,896;1152""",DT_BF16;DT_BF16;FLOAT,ND;ND;ND,"""1,1152""",DT_BF16,ND,N/A
0,4294967295,2572,46,_triton_rope,_triton_rope,static,AI_VECTOR_CORE,1790613010105891.195	,3.100,864.949000,1,0,YES,"""1,14,64;1,2,64;32768,64""",DT_BF16;32590;DT_BF16,ND;ND;ND,"""1,14,64;1,2,64""",DT_BF16;32590,ND;ND,N/A
0,4294967295,2573,46,ReshapeAndCacheNdKernel,ReshapeAndCacheNdKernel,dynamic,AI_VECTOR_CORE,1790613010106561.222	,1.680,666.900000,1,0,NO,"""1,2,64;1,2,64;11823,128,2,64;11823,128,2,64;1""",DT_BF16;DT_BF16;DT_BF16;DT_BF16;INT32,ND;ND;ND;ND;ND,"""11823,128,2,64;11823,128,2,64""",DT_BF16;DT_BF16,ND;ND,N/A
0,4294967295,2574,46,FusedInferAttentionScore,FusedInferAttentionScore,dynamic,MIX_AIC,1790613010107021.540	,19.261,458.570000,24,48,NO,"""1,14,64;11823,128,128;11823,128,128;;2048,2048;1;1;;;;;;;;1,2;;;;;;;;;;;;;;;;""",DT_BF16;DT_BF16;DT_BF16;DT_UNDEFINED;INT8;INT64;INT64;DT_UNDEFINED;DT_UNDEFINED;DT_UNDEFINED;DT_UNDEFINED;DT_UNDEFINED;DT_UNDEFINED;DT_UNDEFINED;INT32;DT_UNDEFINED;DT_UNDEFINED;DT_UNDEFINED;DT_UNDEFINED;DT_UNDEFINED;DT_UNDEFINED;DT_UNDEFINED;DT_UNDEFINED;DT_UNDEFINED;DT_UNDEFINED;DT_UNDEFINED;DT_UNDEFINED;DT_UNDEFINED;DT_UNDEFINED;DT_UNDEFINED;DT_UNDEFINED,ND;ND;ND;NULL;ND;ND;ND;NULL;NULL;NULL;NULL;NULL;NULL;NULL;ND;NULL;NULL;NULL;NULL;NULL;NULL;NULL;NULL;NULL;NULL;NULL;NULL;NULL;NULL;NULL;NULL,"""1,14,64;""",DT_BF16;FLOAT,ND;ND,0
0,4294967295,2576,46,aclnnMatmul_MatMulCommon_MatMulV2,MatMulV2,dynamic,AI_CORE,1790613010107492.419	,5.440,451.739000,19,0,NO,"""1,896;896,896""",DT_BF16;DT_BF16,ND;ND,"""1,896""",DT_BF16,ND,N/A
0,4294967295,2577,46,AddRmsNormBias,AddRmsNormBias,dynamic,AI_VECTOR_CORE,1790613010107666.126	,1.720,168.310000,1,0,NO,"""1,896;1,896;896;""",DT_BF16;DT_BF16;DT_BF16;DT_UNDEFINED,ND;ND;ND;NULL,"""1,896;1,1;1,896""",DT_BF16;FLOAT;DT_BF16,ND;ND;ND,N/A
0,4294967295,2578,46,aclnnMatmul_MatMulCommon_MatMulV2,MatMulV2,dynamic,AI_CORE,1790613010107818.572	,19.181,150.530000,22,0,NO,"""1,896;9728,896""",DT_BF16;DT_BF16,ND;ND,"""1,9728""",DT_BF16,ND,N/A
0,4294967295,2579,46,SwiGlu,SwiGlu,dynamic,AI_VECTOR_CORE,1790613010107949.357	,4.260,111.569000,1,0,NO,"""1,9728""",DT_BF16,ND,"""1,4864""",DT_BF16,ND,N/A
0,4294967295,2580,46,aclnnMatmul_MatMulCommon_MatMulV2,MatMulV2,dynamic,AI_CORE,1790613010108086.243	,16.220,132.740000,19,0,NO,"""1,4864;896,4864""",DT_BF16;DT_BF16,ND;ND,"""1,896""",DT_BF16,ND,N/A
0,4294967295,2581,46,AddRmsNormBias,AddRmsNormBias,dynamic,AI_VECTOR_CORE,1790613010108267.090	,1.780,164.530000,1,0,NO,"""1,896;1,896;896;""",DT_BF16;DT_BF16;DT_BF16;DT_UNDEFINED,ND;ND;ND;NULL,"""1,896;1,1;1,896""",DT_BF16;FLOAT;DT_BF16,ND;ND;ND,N/A
0,4294967295,2582,46,aclnnAddmm_CastAiCore_Cast,Cast,dynamic,AI_VECTOR_CORE,1790613010108424.116	,1.140,155.220000,2,0,NO,"""1152""",DT_BF16,ND,"""1152""",FLOAT,ND,N/A
0,4294967295,2583,46,aclnnAddmm_MatMulCommon_MatMulV2,MatMulV2,dynamic,AI_CORE,1790613010108426.596	,7.341,1.360000,24,0,NO,"""1,896;1152,896;1152""",DT_BF16;DT_BF16;FLOAT,ND;ND;ND,"""1,1152""",DT_BF16,ND,N/A
0,4294967295,2584,46,_triton_rope,_triton_rope,static,AI_VECTOR_CORE,1790613010109311.452	,2.860,877.659000,1,0,YES,"""1,14,64;1,2,64;32768,64""",DT_BF16;32590;DT_BF16,ND;ND;ND,"""1,14,64;1,2,64""",DT_BF16;32590,ND;ND,N/A
0,4294967295,2585,46,ReshapeAndCacheNdKernel,ReshapeAndCacheNdKernel,dynamic,AI_VECTOR_CORE,1790613010109983.259	,2.180,668.890000,1,0,NO,"""1,2,64;1,2,64;11823,128,2,64;11823,128,2,64;1""",DT_BF16;DT_BF16;DT_BF16;DT_BF16;INT32,ND;ND;ND;ND;ND,"""11823,128,2,64;11823,128,2,64""",DT_BF16;DT_BF16,ND;ND,N/A
0,4294967295,2586,46,FusedInferAttentionScore,FusedInferAttentionScore,dynamic,MIX_AIC,1790613010110437.117	,19.041,451.570000,24,48,NO,"""1,14,64;11823,128,128;11823,128,128;;2048,2048;1;1;;;;;;;;1,2;;;;;;;;;;;;;;;;""",DT_BF16;DT_BF16;DT_BF16;DT_UNDEFINED;INT8;INT64;INT64;DT_UNDEFINED;DT_UNDEFINED;DT_UNDEFINED;DT_UNDEFINED;DT_UNDEFINED;DT_UNDEFINED;DT_UNDEFINED;INT32;DT_UNDEFINED;DT_UNDEFINED;DT_UNDEFINED;DT_UNDEFINED;DT_UNDEFINED;DT_UNDEFINED;DT_UNDEFINED;DT_UNDEFINED;DT_UNDEFINED;DT_UNDEFINED;DT_UNDEFINED;DT_UNDEFINED;DT_UNDEFINED;DT_UNDEFINED;DT_UNDEFINED;DT_UNDEFINED,ND;ND;ND;NULL;ND;ND;ND;NULL;NULL;NULL;NULL;NULL;NULL;NULL;ND;NULL;NULL;NULL;NULL;NULL;NULL;NULL;NULL;NULL;NULL;NULL;NULL;NULL;NULL;NULL;NULL,"""1,14,64;""",DT_BF16;FLOAT,ND;ND,0
0,4294967295,2588,46,aclnnMatmul_MatMulCommon_MatMulV2,MatMulV2,dynamic,AI_CORE,1790613010110928.617	,5.380,472.459000,19,0,NO,"""1,896;896,896""",DT_BF16;DT_BF16,ND;ND,"""1,896""",DT_BF16,ND,N/A
0,4294967295,2589,46,AddRmsNormBias,AddRmsNormBias,dynamic,AI_VECTOR_CORE,1790613010111107.484	,1.700,173.620000,1,0,NO,"""1,896;1,896;896;""",DT_BF16;DT_BF16;DT_BF16;DT_UNDEFINED,ND;ND;ND;NULL,"""1,896;1,1;1,896""",DT_BF16;FLOAT;DT_BF16,ND;ND;ND,N/A
0,4294967295,2590,46,aclnnMatmul_MatMulCommon_MatMulV2,MatMulV2,dynamic,AI_CORE,1790613010111261.050	,20.281,151.800000,22,0,NO,"""1,896;9728,896""",DT_BF16;DT_BF16,ND;ND,"""1,9728""",DT_BF16,ND,N/A
0,4294967295,2591,46,SwiGlu,SwiGlu,dynamic,AI_VECTOR_CORE,1790613010111394.195	,2.900,112.969000,1,0,NO,"""1,9728""",DT_BF16,ND,"""1,4864""",DT_BF16,ND,N/A
0,4294967295,2592,46,aclnnMatmul_MatMulCommon_MatMulV2,MatMulV2,dynamic,AI_CORE,1790613010111530.961	,16.420,133.850000,19,0,NO,"""1,4864;896,4864""",DT_BF16;DT_BF16,ND;ND,"""1,896""",DT_BF16,ND,N/A
0,4294967295,2593,46,AddRmsNormBias,AddRmsNormBias,dynamic,AI_VECTOR_CORE,1790613010111710.328	,1.700,162.830000,1,0,NO,"""1,896;1,896;896;""",DT_BF16;DT_BF16;DT_BF16;DT_UNDEFINED,ND;ND;ND;NULL,"""1,896;1,1;1,896""",DT_BF16;FLOAT;DT_BF16,ND;ND;ND,N/A
0,4294967295,2594,46,aclnnAddmm_CastAiCore_Cast,Cast,dynamic,AI_VECTOR_CORE,1790613010111864.134	,1.300,152.300000,2,0,NO,"""1152""",DT_BF16,ND,"""1152""",FLOAT,ND,N/A
0,4294967295,2595,46,aclnnAddmm_MatMulCommon_MatMulV2,MatMulV2,dynamic,AI_CORE,1790613010111866.494	,7.580,0.950000,24,0,NO,"""1,896;1152,896;1152""",DT_BF16;DT_BF16;FLOAT,ND;ND;ND,"""1,1152""",DT_BF16,ND,N/A
0,4294967295,2596,46,_triton_rope,_triton_rope,static,AI_VECTOR_CORE,1790613010112731.949	,2.900,857.920000,1,0,YES,"""1,14,64;1,2,64;32768,64""",DT_BF16;32590;DT_BF16,ND;ND;ND,"""1,14,64;1,2,64""",DT_BF16;32590,ND;ND,N/A
0,4294967295,2597,46,ReshapeAndCacheNdKernel,ReshapeAndCacheNdKernel,dynamic,AI_VECTOR_CORE,1790613010113419.216	,1.580,684.350000,1,0,NO,"""1,2,64;1,2,64;11823,128,2,64;11823,128,2,64;1""",DT_BF16;DT_BF16;DT_BF16;DT_BF16;INT32,ND;ND;ND;ND;ND,"""11823,128,2,64;11823,128,2,64""",DT_BF16;DT_BF16,ND;ND,N/A
0,4294967295,2598,46,FusedInferAttentionScore,FusedInferAttentionScore,dynamic,MIX_AIC,1790613010113884.275	,21.400,463.420000,24,48,NO,"""1,14,64;11823,128,128;11823,128,128;;2048,2048;1;1;;;;;;;;1,2;;;;;;;;;;;;;;;;""",DT_BF16;DT_BF16;DT_BF16;DT_UNDEFINED;INT8;INT64;INT64;DT_UNDEFINED;DT_UNDEFINED;DT_UNDEFINED;DT_UNDEFINED;DT_UNDEFINED;DT_UNDEFINED;DT_UNDEFINED;INT32;DT_UNDEFINED;DT_UNDEFINED;DT_UNDEFINED;DT_UNDEFINED;DT_UNDEFINED;DT_UNDEFINED;DT_UNDEFINED;DT_UNDEFINED;DT_UNDEFINED;DT_UNDEFINED;DT_UNDEFINED;DT_UNDEFINED;DT_UNDEFINED;DT_UNDEFINED;DT_UNDEFINED;DT_UNDEFINED,ND;ND;ND;NULL;ND;ND;ND;NULL;NULL;NULL;NULL;NULL;NULL;NULL;ND;NULL;NULL;NULL;NULL;NULL;NULL;NULL;NULL;NULL;NULL;NULL;NULL;NULL;NULL;NULL;NULL,"""1,14,64;""",DT_BF16;FLOAT,ND;ND,0
0,4294967295,2600,46,aclnnMatmul_MatMulCommon_MatMulV2,MatMulV2,dynamic,AI_CORE,1790613010114362.894	,5.640,457.350000,19,0,NO,"""1,896;896,896""",DT_BF16;DT_BF16,ND;ND,"""1,896""",DT_BF16,ND,N/A
0,4294967295,2601,46,AddRmsNormBias,AddRmsNormBias,dynamic,AI_VECTOR_CORE,1790613010114537.901	,1.720,169.360000,1,0,NO,"""1,896;1,896;896;""",DT_BF16;DT_BF16;DT_BF16;DT_UNDEFINED,ND;ND;ND;NULL,"""1,896;1,1;1,896""",DT_BF16;FLOAT;DT_BF16,ND;ND;ND,N/A
0,4294967295,2602,46,aclnnMatmul_MatMulCommon_MatMulV2,MatMulV2,dynamic,AI_CORE,1790613010114711.288	,22.541,171.530000,22,0,NO,"""1,896;9728,896""",DT_BF16;DT_BF16,ND;ND,"""1,9728""",DT_BF16,ND,N/A
0,4294967295,2603,46,SwiGlu,SwiGlu,dynamic,AI_VECTOR_CORE,1790613010114838.953	,3.060,105.209000,1,0,NO,"""1,9728""",DT_BF16,ND,"""1,4864""",DT_BF16,ND,N/A
0,4294967295,2604,46,aclnnMatmul_MatMulCommon_MatMulV2,MatMulV2,dynamic,AI_CORE,1790613010114981.699	,16.600,139.690000,19,0,NO,"""1,4864;896,4864""",DT_BF16;DT_BF16,ND;ND,"""1,896""",DT_BF16,ND,N/A
0,4294967295,2605,46,AddRmsNormBias,AddRmsNormBias,dynamic,AI_VECTOR_CORE,1790613010115152.065	,1.740,153.650000,1,0,NO,"""1,896;1,896;896;""",DT_BF16;DT_BF16;DT_BF16;DT_UNDEFINED,ND;ND;ND;NULL,"""1,896;1,1;1,896""",DT_BF16;FLOAT;DT_BF16,ND;ND;ND,N/A
0,4294967295,2606,46,aclnnAddmm_CastAiCore_Cast,Cast,dynamic,AI_VECTOR_CORE,1790613010115313.192	,1.440,159.510000,2,0,NO,"""1152""",DT_BF16,ND,"""1152""",FLOAT,ND,N/A
0,4294967295,2607,46,aclnnAddmm_MatMulCommon_MatMulV2,MatMulV2,dynamic,AI_CORE,1790613010115315.952	,7.860,1.310000,24,0,NO,"""1,896;1152,896;1152""",DT_BF16;DT_BF16;FLOAT,ND;ND;ND,"""1,1152""",DT_BF16,ND,N/A
0,4294967295,2608,46,_triton_rope,_triton_rope,static,AI_VECTOR_CORE,1790613010116167.146	,3.380,843.390000,1,0,YES,"""1,14,64;1,2,64;32768,64""",DT_BF16;32590;DT_BF16,ND;ND;ND,"""1,14,64;1,2,64""",DT_BF16;32590,ND;ND,N/A
0,4294967295,2609,46,ReshapeAndCacheNdKernel,ReshapeAndCacheNdKernel,dynamic,AI_VECTOR_CORE,1790613010116850.973	,2.440,680.370000,1,0,NO,"""1,2,64;1,2,64;11823,128,2,64;11823,128,2,64;1""",DT_BF16;DT_BF16;DT_BF16;DT_BF16;INT32,ND;ND;ND;ND;ND,"""11823,128,2,64;11823,128,2,64""",DT_BF16;DT_BF16,ND;ND,N/A
0,4294967295,2610,46,FusedInferAttentionScore,FusedInferAttentionScore,dynamic,MIX_AIC,1790613010117348.053	,21.901,494.560000,24,48,NO,"""1,14,64;11823,128,128;11823,128,128;;2048,2048;1;1;;;;;;;;1,2;;;;;;;;;;;;;;;;""",DT_BF16;DT_BF16;DT_BF16;DT_UNDEFINED;INT8;INT64;INT64;DT_UNDEFINED;DT_UNDEFINED;DT_UNDEFINED;DT_UNDEFINED;DT_UNDEFINED;DT_UNDEFINED;DT_UNDEFINED;INT32;DT_UNDEFINED;DT_UNDEFINED;DT_UNDEFINED;DT_UNDEFINED;DT_UNDEFINED;DT_UNDEFINED;DT_UNDEFINED;DT_UNDEFINED;DT_UNDEFINED;DT_UNDEFINED;DT_UNDEFINED;DT_UNDEFINED;DT_UNDEFINED;DT_UNDEFINED;DT_UNDEFINED;DT_UNDEFINED,ND;ND;ND;NULL;ND;ND;ND;NULL;NULL;NULL;NULL;NULL;NULL;NULL;ND;NULL;NULL;NULL;NULL;NULL;NULL;NULL;NULL;NULL;NULL;NULL;NULL;NULL;NULL;NULL;NULL,"""1,14,64;""",DT_BF16;FLOAT,ND;ND,0
0,4294967295,2612,46,aclnnMatmul_MatMulCommon_MatMulV2,MatMulV2,dynamic,AI_CORE,1790613010117812.432	,5.340,442.599000,19,0,NO,"""1,896;896,896""",DT_BF16;DT_BF16,ND;ND,"""1,896""",DT_BF16,ND,N/A
0,4294967295,2613,46,AddRmsNormBias,AddRmsNormBias,dynamic,AI_VECTOR_CORE,1790613010117988.299	,1.740,170.410000,1,0,NO,"""1,896;1,896;896;""",DT_BF16;DT_BF16;DT_BF16;DT_UNDEFINED,ND;ND;ND;NULL,"""1,896;1,1;1,896""",DT_BF16;FLOAT;DT_BF16,ND;ND;ND,N/A
0,4294967295,2614,46,aclnnMatmul_MatMulCommon_MatMulV2,MatMulV2,dynamic,AI_CORE,1790613010118143.685	,19.481,153.760000,22,0,NO,"""1,896;9728,896""",DT_BF16;DT_BF16,ND;ND,"""1,9728""",DT_BF16,ND,N/A
0,4294967295,2615,46,SwiGlu,SwiGlu,dynamic,AI_VECTOR_CORE,1790613010118282.111	,2.800,118.769000,1,0,NO,"""1,9728""",DT_BF16,ND,"""1,4864""",DT_BF16,ND,N/A
0,4294967295,2616,46,aclnnMatmul_MatMulCommon_MatMulV2,MatMulV2,dynamic,AI_CORE,1790613010118419.236	,16.301,134.450000,19,0,NO,"""1,4864;896,4864""",DT_BF16;DT_BF16,ND;ND,"""1,896""",DT_BF16,ND,N/A
0,4294967295,2617,46,AddRmsNormBias,AddRmsNormBias,dynamic,AI_VECTOR_CORE,1790613010118607.843	,1.760,172.199000,1,0,NO,"""1,896;1,896;896;""",DT_BF16;DT_BF16;DT_BF16;DT_UNDEFINED,ND;ND;ND;NULL,"""1,896;1,1;1,896""",DT_BF16;FLOAT;DT_BF16,ND;ND;ND,N/A
0,4294967295,2618,46,aclnnAddmm_CastAiCore_Cast,Cast,dynamic,AI_VECTOR_CORE,1790613010118758.229	,1.160,148.740000,2,0,NO,"""1152""",DT_BF16,ND,"""1152""",FLOAT,ND,N/A
0,4294967295,2619,46,aclnnAddmm_MatMulCommon_MatMulV2,MatMulV2,dynamic,AI_CORE,1790613010118761.010	,7.380,1.590000,24,0,NO,"""1,896;1152,896;1152""",DT_BF16;DT_BF16;FLOAT,ND;ND;ND,"""1,1152""",DT_BF16,ND,N/A
0,4294967295,2620,46,_triton_rope,_triton_rope,static,AI_VECTOR_CORE,1790613010119625.624	,2.920,857.120000,1,0,YES,"""1,14,64;1,2,64;32768,64""",DT_BF16;32590;DT_BF16,ND;ND;ND,"""1,14,64;1,2,64""",DT_BF16;32590,ND;ND,N/A
0,4294967295,2621,46,ReshapeAndCacheNdKernel,ReshapeAndCacheNdKernel,dynamic,AI_VECTOR_CORE,1790613010120287.051	,2.080,658.580000,1,0,NO,"""1,2,64;1,2,64;11823,128,2,64;11823,128,2,64;1""",DT_BF16;DT_BF16;DT_BF16;DT_BF16;INT32,ND;ND;ND;ND;ND,"""11823,128,2,64;11823,128,2,64""",DT_BF16;DT_BF16,ND;ND,N/A
0,4294967295,2622,46,FusedInferAttentionScore,FusedInferAttentionScore,dynamic,MIX_AIC,1790613010120746.449	,22.501,457.420000,24,48,NO,"""1,14,64;11823,128,128;11823,128,128;;2048,2048;1;1;;;;;;;;1,2;;;;;;;;;;;;;;;;""",DT_BF16;DT_BF16;DT_BF16;DT_UNDEFINED;INT8;INT64;INT64;DT_UNDEFINED;DT_UNDEFINED;DT_UNDEFINED;DT_UNDEFINED;DT_UNDEFINED;DT_UNDEFINED;DT_UNDEFINED;INT32;DT_UNDEFINED;DT_UNDEFINED;DT_UNDEFINED;DT_UNDEFINED;DT_UNDEFINED;DT_UNDEFINED;DT_UNDEFINED;DT_UNDEFINED;DT_UNDEFINED;DT_UNDEFINED;DT_UNDEFINED;DT_UNDEFINED;DT_UNDEFINED;DT_UNDEFINED;DT_UNDEFINED;DT_UNDEFINED,ND;ND;ND;NULL;ND;ND;ND;NULL;NULL;NULL;NULL;NULL;NULL;NULL;ND;NULL;NULL;NULL;NULL;NULL;NULL;NULL;NULL;NULL;NULL;NULL;NULL;NULL;NULL;NULL;NULL,"""1,14,64;""",DT_BF16;FLOAT,ND;ND,0
0,4294967295,2624,46,aclnnMatmul_MatMulCommon_MatMulV2,MatMulV2,dynamic,AI_CORE,1790613010121223.148	,5.620,454.249000,19,0,NO,"""1,896;896,896""",DT_BF16;DT_BF16,ND;ND,"""1,896""",DT_BF16,ND,N/A
0,4294967295,2625,46,AddRmsNormBias,AddRmsNormBias,dynamic,AI_VECTOR_CORE,1790613010121401.915	,1.720,173.130000,1,0,NO,"""1,896;1,896;896;""",DT_BF16;DT_BF16;DT_BF16;DT_UNDEFINED,ND;ND;ND;NULL,"""1,896;1,1;1,896""",DT_BF16;FLOAT;DT_BF16,ND;ND;ND,N/A
0,4294967295,2626,46,aclnnMatmul_MatMulCommon_MatMulV2,MatMulV2,dynamic,AI_CORE,1790613010121577.202	,19.201,173.530000,22,0,NO,"""1,896;9728,896""",DT_BF16;DT_BF16,ND;ND,"""1,9728""",DT_BF16,ND,N/A
0,4294967295,2627,46,SwiGlu,SwiGlu,dynamic,AI_VECTOR_CORE,1790613010121708.007	,3.020,111.549000,1,0,NO,"""1,9728""",DT_BF16,ND,"""1,4864""",DT_BF16,ND,N/A
0,4294967295,2628,46,aclnnMatmul_MatMulCommon_MatMulV2,MatMulV2,dynamic,AI_CORE,1790613010121853.453	,16.621,142.480000,19,0,NO,"""1,4864;896,4864""",DT_BF16;DT_BF16,ND;ND,"""1,896""",DT_BF16,ND,N/A
0,4294967295,2629,46,AddRmsNormBias,AddRmsNormBias,dynamic,AI_VECTOR_CORE,1790613010122023.940	,1.660,153.879000,1,0,NO,"""1,896;1,896;896;""",DT_BF16;DT_BF16;DT_BF16;DT_UNDEFINED,ND;ND;ND;NULL,"""1,896;1,1;1,896""",DT_BF16;FLOAT;DT_BF16,ND;ND;ND,N/A
0,4294967295,2630,46,aclnnAddmm_CastAiCore_Cast,Cast,dynamic,AI_VECTOR_CORE,1790613010122189.707	,1.120,164.090000,2,0,NO,"""1152""",DT_BF16,ND,"""1152""",FLOAT,ND,N/A
0,4294967295,2631,46,aclnnAddmm_MatMulCommon_MatMulV2,MatMulV2,dynamic,AI_CORE,1790613010122192.287	,7.880,1.380000,24,0,NO,"""1,896;1152,896;1152""",DT_BF16;DT_BF16;FLOAT,ND;ND;ND,"""1,1152""",DT_BF16,ND,N/A
0,4294967295,2632,46,_triton_rope,_triton_rope,static,AI_VECTOR_CORE,1790613010123054.981	,2.760,854.870000,1,0,YES,"""1,14,64;1,2,64;32768,64""",DT_BF16;32590;DT_BF16,ND;ND;ND,"""1,14,64;1,2,64""",DT_BF16;32590,ND;ND,N/A
0,4294967295,2633,46,ReshapeAndCacheNdKernel,ReshapeAndCacheNdKernel,dynamic,AI_VECTOR_CORE,1790613010123733.948	,1.521,676.240000,1,0,NO,"""1,2,64;1,2,64;11823,128,2,64;11823,128,2,64;1""",DT_BF16;DT_BF16;DT_BF16;DT_BF16;INT32,ND;ND;ND;ND;ND,"""11823,128,2,64;11823,128,2,64""",DT_BF16;DT_BF16,ND;ND,N/A
0,4294967295,2634,46,FusedInferAttentionScore,FusedInferAttentionScore,dynamic,MIX_AIC,1790613010124190.767	,18.860,455.229000,24,48,NO,"""1,14,64;11823,128,128;11823,128,128;;2048,2048;1;1;;;;;;;;1,2;;;;;;;;;;;;;;;;""",DT_BF16;DT_BF16;DT_BF16;DT_UNDEFINED;INT8;INT64;INT64;DT_UNDEFINED;DT_UNDEFINED;DT_UNDEFINED;DT_UNDEFINED;DT_UNDEFINED;DT_UNDEFINED;DT_UNDEFINED;INT32;DT_UNDEFINED;DT_UNDEFINED;DT_UNDEFINED;DT_UNDEFINED;DT_UNDEFINED;DT_UNDEFINED;DT_UNDEFINED;DT_UNDEFINED;DT_UNDEFINED;DT_UNDEFINED;DT_UNDEFINED;DT_UNDEFINED;DT_UNDEFINED;DT_UNDEFINED;DT_UNDEFINED;DT_UNDEFINED,ND;ND;ND;NULL;ND;ND;ND;NULL;NULL;NULL;NULL;NULL;NULL;NULL;ND;NULL;NULL;NULL;NULL;NULL;NULL;NULL;NULL;NULL;NULL;NULL;NULL;NULL;NULL;NULL;NULL,"""1,14,64;""",DT_BF16;FLOAT,ND;ND,0
0,4294967295,2636,46,aclnnMatmul_MatMulCommon_MatMulV2,MatMulV2,dynamic,AI_CORE,1790613010124653.085	,5.580,443.390000,19,0,NO,"""1,896;896,896""",DT_BF16;DT_BF16,ND;ND,"""1,896""",DT_BF16,ND,N/A
0,4294967295,2637,46,AddRmsNormBias,AddRmsNormBias,dynamic,AI_VECTOR_CORE,1790613010124819.772	,1.640,161.170000,1,0,NO,"""1,896;1,896;896;""",DT_BF16;DT_BF16;DT_BF16;DT_UNDEFINED,ND;ND;ND;NULL,"""1,896;1,1;1,896""",DT_BF16;FLOAT;DT_BF16,ND;ND;ND,N/A
0,4294967295,2638,46,aclnnMatmul_MatMulCommon_MatMulV2,MatMulV2,dynamic,AI_CORE,1790613010124978.618	,20.961,157.110000,22,0,NO,"""1,896;9728,896""",DT_BF16;DT_BF16,ND;ND,"""1,9728""",DT_BF16,ND,N/A
0,4294967295,2639,46,SwiGlu,SwiGlu,dynamic,AI_VECTOR_CORE,1790613010125096.343	,2.880,96.789000,1,0,NO,"""1,9728""",DT_BF16,ND,"""1,4864""",DT_BF16,ND,N/A
0,4294967295,2640,46,aclnnMatmul_MatMulCommon_MatMulV2,MatMulV2,dynamic,AI_CORE,1790613010125265.490	,16.320,166.370000,19,0,NO,"""1,4864;896,4864""",DT_BF16;DT_BF16,ND;ND,"""1,896""",DT_BF16,ND,N/A
0,4294967295,2641,46,AddRmsNormBias,AddRmsNormBias,dynamic,AI_VECTOR_CORE,1790613010125441.937	,1.700,160.180000,1,0,NO,"""1,896;1,896;896;""",DT_BF16;DT_BF16;DT_BF16;DT_UNDEFINED,ND;ND;ND;NULL,"""1,896;1,1;1,896""",DT_BF16;FLOAT;DT_BF16,ND;ND;ND,N/A
0,4294967295,2642,46,aclnnAddmm_CastAiCore_Cast,Cast,dynamic,AI_VECTOR_CORE,1790613010125603.343	,1.220,159.550000,2,0,NO,"""1152""",DT_BF16,ND,"""1152""",FLOAT,ND,N/A
0,4294967295,2643,46,aclnnAddmm_MatMulCommon_MatMulV2,MatMulV2,dynamic,AI_CORE,1790613010125605.923	,7.360,1.530000,24,0,NO,"""1,896;1152,896;1152""",DT_BF16;DT_BF16;FLOAT,ND;ND;ND,"""1,1152""",DT_BF16,ND,N/A
0,4294967295,2644,46,_triton_rope,_triton_rope,static,AI_VECTOR_CORE,1790613010126453.397	,2.840,840.140000,1,0,YES,"""1,14,64;1,2,64;32768,64""",DT_BF16;32590;DT_BF16,ND;ND;ND,"""1,14,64;1,2,64""",DT_BF16;32590,ND;ND,N/A
0,4294967295,2645,46,ReshapeAndCacheNdKernel,ReshapeAndCacheNdKernel,dynamic,AI_VECTOR_CORE,1790613010127128.304	,1.560,671.910000,1,0,NO,"""1,2,64;1,2,64;11823,128,2,64;11823,128,2,64;1""",DT_BF16;DT_BF16;DT_BF16;DT_BF16;INT32,ND;ND;ND;ND;ND,"""11823,128,2,64;11823,128,2,64""",DT_BF16;DT_BF16,ND;ND,N/A
0,4294967295,2646,46,FusedInferAttentionScore,FusedInferAttentionScore,dynamic,MIX_AIC,1790613010127581.122	,18.821,451.190000,24,48,NO,"""1,14,64;11823,128,128;11823,128,128;;2048,2048;1;1;;;;;;;;1,2;;;;;;;;;;;;;;;;""",DT_BF16;DT_BF16;DT_BF16;DT_UNDEFINED;INT8;INT64;INT64;DT_UNDEFINED;DT_UNDEFINED;DT_UNDEFINED;DT_UNDEFINED;DT_UNDEFINED;DT_UNDEFINED;DT_UNDEFINED;INT32;DT_UNDEFINED;DT_UNDEFINED;DT_UNDEFINED;DT_UNDEFINED;DT_UNDEFINED;DT_UNDEFINED;DT_UNDEFINED;DT_UNDEFINED;DT_UNDEFINED;DT_UNDEFINED;DT_UNDEFINED;DT_UNDEFINED;DT_UNDEFINED;DT_UNDEFINED;DT_UNDEFINED;DT_UNDEFINED,ND;ND;ND;NULL;ND;ND;ND;NULL;NULL;NULL;NULL;NULL;NULL;NULL;ND;NULL;NULL;NULL;NULL;NULL;NULL;NULL;NULL;NULL;NULL;NULL;NULL;NULL;NULL;NULL;NULL,"""1,14,64;""",DT_BF16;FLOAT,ND;ND,0
0,4294967295,2648,46,aclnnMatmul_MatMulCommon_MatMulV2,MatMulV2,dynamic,AI_CORE,1790613010128067.042	,5.280,467.179000,19,0,NO,"""1,896;896,896""",DT_BF16;DT_BF16,ND;ND,"""1,896""",DT_BF16,ND,N/A
0,4294967295,2649,46,AddRmsNormBias,AddRmsNormBias,dynamic,AI_VECTOR_CORE,1790613010128243.129	,1.640,170.970000,1,0,NO,"""1,896;1,896;896;""",DT_BF16;DT_BF16;DT_BF16;DT_UNDEFINED,ND;ND;ND;NULL,"""1,896;1,1;1,896""",DT_BF16;FLOAT;DT_BF16,ND;ND;ND,N/A
0,4294967295,2650,46,aclnnMatmul_MatMulCommon_MatMulV2,MatMulV2,dynamic,AI_CORE,1790613010128394.135	,19.600,149.360000,22,0,NO,"""1,896;9728,896""",DT_BF16;DT_BF16,ND;ND,"""1,9728""",DT_BF16,ND,N/A
0,4294967295,2651,46,SwiGlu,SwiGlu,dynamic,AI_VECTOR_CORE,1790613010128529.520	,2.840,115.650000,1,0,NO,"""1,9728""",DT_BF16,ND,"""1,4864""",DT_BF16,ND,N/A
0,4294967295,2652,46,aclnnMatmul_MatMulCommon_MatMulV2,MatMulV2,dynamic,AI_CORE,1790613010128667.986	,16.220,135.660000,19,0,NO,"""1,4864;896,4864""",DT_BF16;DT_BF16,ND;ND,"""1,896""",DT_BF16,ND,N/A
0,4294967295,2653,46,AddRmsNormBias,AddRmsNormBias,dynamic,AI_VECTOR_CORE,1790613010128851.753	,1.700,167.530000,1,0,NO,"""1,896;1,896;896;""",DT_BF16;DT_BF16;DT_BF16;DT_UNDEFINED,ND;ND;ND;NULL,"""1,896;1,1;1,896""",DT_BF16;FLOAT;DT_BF16,ND;ND;ND,N/A
0,4294967295,2654,46,aclnnAddmm_CastAiCore_Cast,Cast,dynamic,AI_VECTOR_CORE,1790613010129004.139	,1.120,150.800000,2,0,NO,"""1152""",DT_BF16,ND,"""1152""",FLOAT,ND,N/A
0,4294967295,2655,46,aclnnAddmm_MatMulCommon_MatMulV2,MatMulV2,dynamic,AI_CORE,1790613010129006.619	,7.280,1.130000,24,0,NO,"""1,896;1152,896;1152""",DT_BF16;DT_BF16;FLOAT,ND;ND;ND,"""1,1152""",DT_BF16,ND,N/A
0,4294967295,2656,46,_triton_rope,_triton_rope,static,AI_VECTOR_CORE,1790613010129895.475	,2.840,881.720000,1,0,YES,"""1,14,64;1,2,64;32768,64""",DT_BF16;32590;DT_BF16,ND;ND;ND,"""1,14,64;1,2,64""",DT_BF16;32590,ND;ND,N/A
0,4294967295,2657,46,ReshapeAndCacheNdKernel,ReshapeAndCacheNdKernel,dynamic,AI_VECTOR_CORE,1790613010130575.682	,1.500,677.410000,1,0,NO,"""1,2,64;1,2,64;11823,128,2,64;11823,128,2,64;1""",DT_BF16;DT_BF16;DT_BF16;DT_BF16;INT32,ND;ND;ND;ND;ND,"""11823,128,2,64;11823,128,2,64""",DT_BF16;DT_BF16,ND;ND,N/A
0,4294967295,2658,46,FusedInferAttentionScore,FusedInferAttentionScore,dynamic,MIX_AIC,1790613010131045.481	,16.860,468.250000,24,48,NO,"""1,14,64;11823,128,128;11823,128,128;;2048,2048;1;1;;;;;;;;1,2;;;;;;;;;;;;;;;;""",DT_BF16;DT_BF16;DT_BF16;DT_UNDEFINED;INT8;INT64;INT64;DT_UNDEFINED;DT_UNDEFINED;DT_UNDEFINED;DT_UNDEFINED;DT_UNDEFINED;DT_UNDEFINED;DT_UNDEFINED;INT32;DT_UNDEFINED;DT_UNDEFINED;DT_UNDEFINED;DT_UNDEFINED;DT_UNDEFINED;DT_UNDEFINED;DT_UNDEFINED;DT_UNDEFINED;DT_UNDEFINED;DT_UNDEFINED;DT_UNDEFINED;DT_UNDEFINED;DT_UNDEFINED;DT_UNDEFINED;DT_UNDEFINED;DT_UNDEFINED,ND;ND;ND;NULL;ND;ND;ND;NULL;NULL;NULL;NULL;NULL;NULL;NULL;ND;NULL;NULL;NULL;NULL;NULL;NULL;NULL;NULL;NULL;NULL;NULL;NULL;NULL;NULL;NULL;NULL,"""1,14,64;""",DT_BF16;FLOAT,ND;ND,0
0,4294967295,2660,46,aclnnMatmul_MatMulCommon_MatMulV2,MatMulV2,dynamic,AI_CORE,1790613010131528.080	,5.660,465.640000,19,0,NO,"""1,896;896,896""",DT_BF16;DT_BF16,ND;ND,"""1,896""",DT_BF16,ND,N/A
0,4294967295,2661,46,AddRmsNormBias,AddRmsNormBias,dynamic,AI_VECTOR_CORE,1790613010131706.127	,1.680,172.590000,1,0,NO,"""1,896;1,896;896;""",DT_BF16;DT_BF16;DT_BF16;DT_UNDEFINED,ND;ND;ND;NULL,"""1,896;1,1;1,896""",DT_BF16;FLOAT;DT_BF16,ND;ND;ND,N/A
0,4294967295,2662,46,aclnnMatmul_MatMulCommon_MatMulV2,MatMulV2,dynamic,AI_CORE,1790613010131882.374	,19.441,174.320000,22,0,NO,"""1,896;9728,896""",DT_BF16;DT_BF16,ND;ND,"""1,9728""",DT_BF16,ND,N/A
0,4294967295,2663,46,SwiGlu,SwiGlu,dynamic,AI_VECTOR_CORE,1790613010132008.699	,3.020,107.059000,1,0,NO,"""1,9728""",DT_BF16,ND,"""1,4864""",DT_BF16,ND,N/A
0,4294967295,2664,46,aclnnMatmul_MatMulCommon_MatMulV2,MatMulV2,dynamic,AI_CORE,1790613010132150.865	,16.521,138.980000,19,0,NO,"""1,4864;896,4864""",DT_BF16;DT_BF16,ND;ND,"""1,896""",DT_BF16,ND,N/A
0,4294967295,2665,46,AddRmsNormBias,AddRmsNormBias,dynamic,AI_VECTOR_CORE,1790613010132319.292	,1.700,151.979000,1,0,NO,"""1,896;1,896;896;""",DT_BF16;DT_BF16;DT_BF16;DT_UNDEFINED,ND;ND;ND;NULL,"""1,896;1,1;1,896""",DT_BF16;FLOAT;DT_BF16,ND;ND;ND,N/A
0,4294967295,2666,46,aclnnAddmm_CastAiCore_Cast,Cast,dynamic,AI_VECTOR_CORE,1790613010132477.598	,1.140,156.550000,2,0,NO,"""1152""",DT_BF16,ND,"""1152""",FLOAT,ND,N/A
0,4294967295,2667,46,aclnnAddmm_MatMulCommon_MatMulV2,MatMulV2,dynamic,AI_CORE,1790613010132480.078	,7.640,1.360000,24,0,NO,"""1,896;1152,896;1152""",DT_BF16;DT_BF16;FLOAT,ND;ND;ND,"""1,1152""",DT_BF16,ND,N/A
0,4294967295,2668,46,_triton_rope,_triton_rope,static,AI_VECTOR_CORE,1790613010133350.053	,2.820,862.360000,1,0,YES,"""1,14,64;1,2,64;32768,64""",DT_BF16;32590;DT_BF16,ND;ND;ND,"""1,14,64;1,2,64""",DT_BF16;32590,ND;ND,N/A
0,4294967295,2669,46,ReshapeAndCacheNdKernel,ReshapeAndCacheNdKernel,dynamic,AI_VECTOR_CORE,1790613010134028.920	,2.240,676.180000,1,0,NO,"""1,2,64;1,2,64;11823,128,2,64;11823,128,2,64;1""",DT_BF16;DT_BF16;DT_BF16;DT_BF16;INT32,ND;ND;ND;ND;ND,"""11823,128,2,64;11823,128,2,64""",DT_BF16;DT_BF16,ND;ND,N/A
0,4294967295,2670,46,FusedInferAttentionScore,FusedInferAttentionScore,dynamic,MIX_AIC,1790613010134502.699	,21.021,471.510000,24,48,NO,"""1,14,64;11823,128,128;11823,128,128;;2048,2048;1;1;;;;;;;;1,2;;;;;;;;;;;;;;;;""",DT_BF16;DT_BF16;DT_BF16;DT_UNDEFINED;INT8;INT64;INT64;DT_UNDEFINED;DT_UNDEFINED;DT_UNDEFINED;DT_UNDEFINED;DT_UNDEFINED;DT_UNDEFINED;DT_UNDEFINED;INT32;DT_UNDEFINED;DT_UNDEFINED;DT_UNDEFINED;DT_UNDEFINED;DT_UNDEFINED;DT_UNDEFINED;DT_UNDEFINED;DT_UNDEFINED;DT_UNDEFINED;DT_UNDEFINED;DT_UNDEFINED;DT_UNDEFINED;DT_UNDEFINED;DT_UNDEFINED;DT_UNDEFINED;DT_UNDEFINED,ND;ND;ND;NULL;ND;ND;ND;NULL;NULL;NULL;NULL;NULL;NULL;NULL;ND;NULL;NULL;NULL;NULL;NULL;NULL;NULL;NULL;NULL;NULL;NULL;NULL;NULL;NULL;NULL;NULL,"""1,14,64;""",DT_BF16;FLOAT,ND;ND,0
0,4294967295,2672,46,aclnnMatmul_MatMulCommon_MatMulV2,MatMulV2,dynamic,AI_CORE,1790613010134980.078	,5.400,456.229000,19,0,NO,"""1,896;896,896""",DT_BF16;DT_BF16,ND;ND,"""1,896""",DT_BF16,ND,N/A
0,4294967295,2673,46,AddRmsNormBias,AddRmsNormBias,dynamic,AI_VECTOR_CORE,1790613010135158.865	,1.660,173.350000,1,0,NO,"""1,896;1,896;896;""",DT_BF16;DT_BF16;DT_BF16;DT_UNDEFINED,ND;ND;ND;NULL,"""1,896;1,1;1,896""",DT_BF16;FLOAT;DT_BF16,ND;ND;ND,N/A
0,4294967295,2674,46,aclnnMatmul_MatMulCommon_MatMulV2,MatMulV2,dynamic,AI_CORE,1790613010135307.851	,19.021,147.340000,22,0,NO,"""1,896;9728,896""",DT_BF16;DT_BF16,ND;ND,"""1,9728""",DT_BF16,ND,N/A
0,4294967295,2675,46,SwiGlu,SwiGlu,dynamic,AI_VECTOR_CORE,1790613010135440.617	,2.940,113.729000,1,0,NO,"""1,9728""",DT_BF16,ND,"""1,4864""",DT_BF16,ND,N/A
0,4294967295,2676,46,aclnnMatmul_MatMulCommon_MatMulV2,MatMulV2,dynamic,AI_CORE,1790613010135581.902	,16.341,138.560000,19,0,NO,"""1,4864;896,4864""",DT_BF16;DT_BF16,ND;ND,"""1,896""",DT_BF16,ND,N/A
0,4294967295,2677,46,AddRmsNormBias,AddRmsNormBias,dynamic,AI_VECTOR_CORE,1790613010135763.969	,2.020,165.659000,1,0,NO,"""1,896;1,896;896;""",DT_BF16;DT_BF16;DT_BF16;DT_UNDEFINED,ND;ND;ND;NULL,"""1,896;1,1;1,896""",DT_BF16;FLOAT;DT_BF16,ND;ND;ND,N/A
0,4294967295,2678,46,aclnnAddmm_CastAiCore_Cast,Cast,dynamic,AI_VECTOR_CORE,1790613010135920.836	,1.200,154.730000,2,0,NO,"""1152""",DT_BF16,ND,"""1152""",FLOAT,ND,N/A
0,4294967295,2679,46,aclnnAddmm_MatMulCommon_MatMulV2,MatMulV2,dynamic,AI_CORE,1790613010135923.316	,7.500,1.300000,24,0,NO,"""1,896;1152,896;1152""",DT_BF16;DT_BF16;FLOAT,ND;ND;ND,"""1,1152""",DT_BF16,ND,N/A
0,4294967295,2680,46,_triton_rope,_triton_rope,static,AI_VECTOR_CORE,1790613010136784.730	,3.080,854.000000,1,0,YES,"""1,14,64;1,2,64;32768,64""",DT_BF16;32590;DT_BF16,ND;ND;ND,"""1,14,64;1,2,64""",DT_BF16;32590,ND;ND,N/A
0,4294967295,2681,46,ReshapeAndCacheNdKernel,ReshapeAndCacheNdKernel,dynamic,AI_VECTOR_CORE,1790613010137500.599	,1.860,712.670000,1,0,NO,"""1,2,64;1,2,64;11823,128,2,64;11823,128,2,64;1""",DT_BF16;DT_BF16;DT_BF16;DT_BF16;INT32,ND;ND;ND;ND;ND,"""11823,128,2,64;11823,128,2,64""",DT_BF16;DT_BF16,ND;ND,N/A
0,4294967295,2682,46,FusedInferAttentionScore,FusedInferAttentionScore,dynamic,MIX_AIC,1790613010137968.137	,21.841,465.890000,24,48,NO,"""1,14,64;11823,128,128;11823,128,128;;2048,2048;1;1;;;;;;;;1,2;;;;;;;;;;;;;;;;""",DT_BF16;DT_BF16;DT_BF16;DT_UNDEFINED;INT8;INT64;INT64;DT_UNDEFINED;DT_UNDEFINED;DT_UNDEFINED;DT_UNDEFINED;DT_UNDEFINED;DT_UNDEFINED;DT_UNDEFINED;INT32;DT_UNDEFINED;DT_UNDEFINED;DT_UNDEFINED;DT_UNDEFINED;DT_UNDEFINED;DT_UNDEFINED;DT_UNDEFINED;DT_UNDEFINED;DT_UNDEFINED;DT_UNDEFINED;DT_UNDEFINED;DT_UNDEFINED;DT_UNDEFINED;DT_UNDEFINED;DT_UNDEFINED;DT_UNDEFINED,ND;ND;ND;NULL;ND;ND;ND;NULL;NULL;NULL;NULL;NULL;NULL;NULL;ND;NULL;NULL;NULL;NULL;NULL;NULL;NULL;NULL;NULL;NULL;NULL;NULL;NULL;NULL;NULL;NULL,"""1,14,64;""",DT_BF16;FLOAT,ND;ND,0
0,4294967295,2684,46,aclnnMatmul_MatMulCommon_MatMulV2,MatMulV2,dynamic,AI_CORE,1790613010138434.656	,5.340,444.659000,19,0,NO,"""1,896;896,896""",DT_BF16;DT_BF16,ND;ND,"""1,896""",DT_BF16,ND,N/A
0,4294967295,2685,46,AddRmsNormBias,AddRmsNormBias,dynamic,AI_VECTOR_CORE,1790613010138632.524	,1.700,192.410000,1,0,NO,"""1,896;1,896;896;""",DT_BF16;DT_BF16;DT_BF16;DT_UNDEFINED,ND;ND;ND;NULL,"""1,896;1,1;1,896""",DT_BF16;FLOAT;DT_BF16,ND;ND;ND,N/A
0,4294967295,2686,46,aclnnMatmul_MatMulCommon_MatMulV2,MatMulV2,dynamic,AI_CORE,1790613010138787.810	,19.201,153.550000,22,0,NO,"""1,896;9728,896""",DT_BF16;DT_BF16,ND;ND,"""1,9728""",DT_BF16,ND,N/A
0,4294967295,2687,46,SwiGlu,SwiGlu,dynamic,AI_VECTOR_CORE,1790613010138916.355	,4.141,109.299000,1,0,NO,"""1,9728""",DT_BF16,ND,"""1,4864""",DT_BF16,ND,N/A
0,4294967295,2688,46,aclnnMatmul_MatMulCommon_MatMulV2,MatMulV2,dynamic,AI_CORE,1790613010139050.561	,16.480,130.109000,19,0,NO,"""1,4864;896,4864""",DT_BF16;DT_BF16,ND;ND,"""1,896""",DT_BF16,ND,N/A
0,4294967295,2689,46,AddRmsNormBias,AddRmsNormBias,dynamic,AI_VECTOR_CORE,1790613010139223.308	,1.700,156.270000,1,0,NO,"""1,896;1,896;896;""",DT_BF16;DT_BF16;DT_BF16;DT_UNDEFINED,ND;ND;ND;NULL,"""1,896;1,1;1,896""",DT_BF16;FLOAT;DT_BF16,ND;ND;ND,N/A
0,4294967295,2690,46,aclnnAddmm_CastAiCore_Cast,Cast,dynamic,AI_VECTOR_CORE,1790613010139378.074	,1.420,153.050000,2,0,NO,"""1152""",DT_BF16,ND,"""1152""",FLOAT,ND,N/A
0,4294967295,2691,46,aclnnAddmm_MatMulCommon_MatMulV2,MatMulV2,dynamic,AI_CORE,1790613010139380.714	,7.300,1.330000,24,0,NO,"""1,896;1152,896;1152""",DT_BF16;DT_BF16;FLOAT,ND;ND;ND,"""1,1152""",DT_BF16,ND,N/A
0,4294967295,2692,46,_triton_rope,_triton_rope,static,AI_VECTOR_CORE,1790613010140258.229	,2.800,870.200000,1,0,YES,"""1,14,64;1,2,64;32768,64""",DT_BF16;32590;DT_BF16,ND;ND;ND,"""1,14,64;1,2,64""",DT_BF16;32590,ND;ND,N/A
0,4294967295,2693,46,ReshapeAndCacheNdKernel,ReshapeAndCacheNdKernel,dynamic,AI_VECTOR_CORE,1790613010140933.536	,1.840,672.450000,1,0,NO,"""1,2,64;1,2,64;11823,128,2,64;11823,128,2,64;1""",DT_BF16;DT_BF16;DT_BF16;DT_BF16;INT32,ND;ND;ND;ND;ND,"""11823,128,2,64;11823,128,2,64""",DT_BF16;DT_BF16,ND;ND,N/A
0,4294967295,2694,46,FusedInferAttentionScore,FusedInferAttentionScore,dynamic,MIX_AIC,1790613010141448.917	,17.900,513.660000,24,48,NO,"""1,14,64;11823,128,128;11823,128,128;;2048,2048;1;1;;;;;;;;1,2;;;;;;;;;;;;;;;;""",DT_BF16;DT_BF16;DT_BF16;DT_UNDEFINED;INT8;INT64;INT64;DT_UNDEFINED;DT_UNDEFINED;DT_UNDEFINED;DT_UNDEFINED;DT_UNDEFINED;DT_UNDEFINED;DT_UNDEFINED;INT32;DT_UNDEFINED;DT_UNDEFINED;DT_UNDEFINED;DT_UNDEFINED;DT_UNDEFINED;DT_UNDEFINED;DT_UNDEFINED;DT_UNDEFINED;DT_UNDEFINED;DT_UNDEFINED;DT_UNDEFINED;DT_UNDEFINED;DT_UNDEFINED;DT_UNDEFINED;DT_UNDEFINED;DT_UNDEFINED,ND;ND;ND;NULL;ND;ND;ND;NULL;NULL;NULL;NULL;NULL;NULL;NULL;ND;NULL;NULL;NULL;NULL;NULL;NULL;NULL;NULL;NULL;NULL;NULL;NULL;NULL;NULL;NULL;NULL,"""1,14,64;""",DT_BF16;FLOAT,ND;ND,0
0,4294967295,2696,46,aclnnMatmul_MatMulCommon_MatMulV2,MatMulV2,dynamic,AI_CORE,1790613010141936.876	,5.420,470.100000,19,0,NO,"""1,896;896,896""",DT_BF16;DT_BF16,ND;ND,"""1,896""",DT_BF16,ND,N/A
0,4294967295,2697,46,AddRmsNormBias,AddRmsNormBias,dynamic,AI_VECTOR_CORE,1790613010142103.403	,1.660,161.080000,1,0,NO,"""1,896;1,896;896;""",DT_BF16;DT_BF16;DT_BF16;DT_UNDEFINED,ND;ND;ND;NULL,"""1,896;1,1;1,896""",DT_BF16;FLOAT;DT_BF16,ND;ND;ND,N/A
0,4294967295,2698,46,aclnnMatmul_MatMulCommon_MatMulV2,MatMulV2,dynamic,AI_CORE,1790613010142262.149	,19.481,157.090000,22,0,NO,"""1,896;9728,896""",DT_BF16;DT_BF16,ND;ND,"""1,9728""",DT_BF16,ND,N/A
0,4294967295,2699,46,SwiGlu,SwiGlu,dynamic,AI_VECTOR_CORE,1790613010142381.994	,2.900,100.269000,1,0,NO,"""1,9728""",DT_BF16,ND,"""1,4864""",DT_BF16,ND,N/A
0,4294967295,2700,46,aclnnMatmul_MatMulCommon_MatMulV2,MatMulV2,dynamic,AI_CORE,1790613010142533.440	,16.301,148.600000,19,0,NO,"""1,4864;896,4864""",DT_BF16;DT_BF16,ND;ND,"""1,896""",DT_BF16,ND,N/A
0,4294967295,2701,46,AddRmsNormBias,AddRmsNormBias,dynamic,AI_VECTOR_CORE,1790613010142710.847	,1.640,160.949000,1,0,NO,"""1,896;1,896;896;""",DT_BF16;DT_BF16;DT_BF16;DT_UNDEFINED,ND;ND;ND;NULL,"""1,896;1,1;1,896""",DT_BF16;FLOAT;DT_BF16,ND;ND;ND,N/A
0,4294967295,2702,46,aclnnAddmm_CastAiCore_Cast,Cast,dynamic,AI_VECTOR_CORE,1790613010142872.334	,1.240,159.860000,2,0,NO,"""1152""",DT_BF16,ND,"""1152""",FLOAT,ND,N/A
0,4294967295,2703,46,aclnnAddmm_MatMulCommon_MatMulV2,MatMulV2,dynamic,AI_CORE,1790613010142874.894	,7.400,1.510000,24,0,NO,"""1,896;1152,896;1152""",DT_BF16;DT_BF16;FLOAT,ND;ND;ND,"""1,1152""",DT_BF16,ND,N/A
0,4294967295,2704,46,_triton_rope,_triton_rope,static,AI_VECTOR_CORE,1790613010143718.047	,3.120,835.600000,1,0,YES,"""1,14,64;1,2,64;32768,64""",DT_BF16;32590;DT_BF16,ND;ND;ND,"""1,14,64;1,2,64""",DT_BF16;32590,ND;ND,N/A
0,4294967295,2705,46,ReshapeAndCacheNdKernel,ReshapeAndCacheNdKernel,dynamic,AI_VECTOR_CORE,1790613010144393.694	,2.081,672.630000,1,0,NO,"""1,2,64;1,2,64;11823,128,2,64;11823,128,2,64;1""",DT_BF16;DT_BF16;DT_BF16;DT_BF16;INT32,ND;ND;ND;ND;ND,"""11823,128,2,64;11823,128,2,64""",DT_BF16;DT_BF16,ND;ND,N/A
0,4294967295,2706,46,FusedInferAttentionScore,FusedInferAttentionScore,dynamic,MIX_AIC,1790613010144843.212	,18.901,447.419000,24,48,NO,"""1,14,64;11823,128,128;11823,128,128;;2048,2048;1;1;;;;;;;;1,2;;;;;;;;;;;;;;;;""",DT_BF16;DT_BF16;DT_BF16;DT_UNDEFINED;INT8;INT64;INT64;DT_UNDEFINED;DT_UNDEFINED;DT_UNDEFINED;DT_UNDEFINED;DT_UNDEFINED;DT_UNDEFINED;DT_UNDEFINED;INT32;DT_UNDEFINED;DT_UNDEFINED;DT_UNDEFINED;DT_UNDEFINED;DT_UNDEFINED;DT_UNDEFINED;DT_UNDEFINED;DT_UNDEFINED;DT_UNDEFINED;DT_UNDEFINED;DT_UNDEFINED;DT_UNDEFINED;DT_UNDEFINED;DT_UNDEFINED;DT_UNDEFINED;DT_UNDEFINED,ND;ND;ND;NULL;ND;ND;ND;NULL;NULL;NULL;NULL;NULL;NULL;NULL;ND;NULL;NULL;NULL;NULL;NULL;NULL;NULL;NULL;NULL;NULL;NULL;NULL;NULL;NULL;NULL;NULL,"""1,14,64;""",DT_BF16;FLOAT,ND;ND,0
0,4294967295,2708,46,aclnnMatmul_MatMulCommon_MatMulV2,MatMulV2,dynamic,AI_CORE,1790613010145326.612	,5.600,464.349000,19,0,NO,"""1,896;896,896""",DT_BF16;DT_BF16,ND;ND,"""1,896""",DT_BF16,ND,N/A
0,4294967295,2709,46,AddRmsNormBias,AddRmsNormBias,dynamic,AI_VECTOR_CORE,1790613010145506.479	,1.780,174.400000,1,0,NO,"""1,896;1,896;896;""",DT_BF16;DT_BF16;DT_BF16;DT_UNDEFINED,ND;ND;ND;NULL,"""1,896;1,1;1,896""",DT_BF16;FLOAT;DT_BF16,ND;ND;ND,N/A
0,4294967295,2710,46,aclnnMatmul_MatMulCommon_MatMulV2,MatMulV2,dynamic,AI_CORE,1790613010145664.005	,19.681,155.720000,22,0,NO,"""1,896;9728,896""",DT_BF16;DT_BF16,ND;ND,"""1,9728""",DT_BF16,ND,N/A
0,4294967295,2711,46,SwiGlu,SwiGlu,dynamic,AI_VECTOR_CORE,1790613010145781.270	,2.840,97.569000,1,0,NO,"""1,9728""",DT_BF16,ND,"""1,4864""",DT_BF16,ND,N/A
0,4294967295,2712,46,aclnnMatmul_MatMulCommon_MatMulV2,MatMulV2,dynamic,AI_CORE,1790613010145922.835	,16.601,138.660000,19,0,NO,"""1,4864;896,4864""",DT_BF16;DT_BF16,ND;ND,"""1,896""",DT_BF16,ND,N/A
0,4294967295,2713,46,AddRmsNormBias,AddRmsNormBias,dynamic,AI_VECTOR_CORE,1790613010146092.242	,1.640,152.899000,1,0,NO,"""1,896;1,896;896;""",DT_BF16;DT_BF16;DT_BF16;DT_UNDEFINED,ND;ND;ND;NULL,"""1,896;1,1;1,896""",DT_BF16;FLOAT;DT_BF16,ND;ND;ND,N/A
0,4294967295,2714,46,aclnnAddmm_CastAiCore_Cast,Cast,dynamic,AI_VECTOR_CORE,1790613010146249.469	,1.100,155.610000,2,0,NO,"""1152""",DT_BF16,ND,"""1152""",FLOAT,ND,N/A
0,4294967295,2715,46,aclnnAddmm_MatMulCommon_MatMulV2,MatMulV2,dynamic,AI_CORE,1790613010146252.049	,7.800,1.400000,24,0,NO,"""1,896;1152,896;1152""",DT_BF16;DT_BF16;FLOAT,ND;ND;ND,"""1,1152""",DT_BF16,ND,N/A
0,4294967295,2716,46,_triton_rope,_triton_rope,static,AI_VECTOR_CORE,1790613010147108.903	,2.820,849.200000,1,0,YES,"""1,14,64;1,2,64;32768,64""",DT_BF16;32590;DT_BF16,ND;ND;ND,"""1,14,64;1,2,64""",DT_BF16;32590,ND;ND,N/A
0,4294967295,2717,46,ReshapeAndCacheNdKernel,ReshapeAndCacheNdKernel,dynamic,AI_VECTOR_CORE,1790613010147781.230	,2.040,669.430000,1,0,NO,"""1,2,64;1,2,64;11823,128,2,64;11823,128,2,64;1""",DT_BF16;DT_BF16;DT_BF16;DT_BF16;INT32,ND;ND;ND;ND;ND,"""11823,128,2,64;11823,128,2,64""",DT_BF16;DT_BF16,ND;ND,N/A
0,4294967295,2718,46,FusedInferAttentionScore,FusedInferAttentionScore,dynamic,MIX_AIC,1790613010148234.528	,16.501,451.210000,24,48,NO,"""1,14,64;11823,128,128;11823,128,128;;2048,2048;1;1;;;;;;;;1,2;;;;;;;;;;;;;;;;""",DT_BF16;DT_BF16;DT_BF16;DT_UNDEFINED;INT8;INT64;INT64;DT_UNDEFINED;DT_UNDEFINED;DT_UNDEFINED;DT_UNDEFINED;DT_UNDEFINED;DT_UNDEFINED;DT_UNDEFINED;INT32;DT_UNDEFINED;DT_UNDEFINED;DT_UNDEFINED;DT_UNDEFINED;DT_UNDEFINED;DT_UNDEFINED;DT_UNDEFINED;DT_UNDEFINED;DT_UNDEFINED;DT_UNDEFINED;DT_UNDEFINED;DT_UNDEFINED;DT_UNDEFINED;DT_UNDEFINED;DT_UNDEFINED;DT_UNDEFINED,ND;ND;ND;NULL;ND;ND;ND;NULL;NULL;NULL;NULL;NULL;NULL;NULL;ND;NULL;NULL;NULL;NULL;NULL;NULL;NULL;NULL;NULL;NULL;NULL;NULL;NULL;NULL;NULL;NULL,"""1,14,64;""",DT_BF16;FLOAT,ND;ND,0
0,4294967295,2720,46,aclnnMatmul_MatMulCommon_MatMulV2,MatMulV2,dynamic,AI_CORE,1790613010148688.366	,5.300,437.249000,19,0,NO,"""1,896;896,896""",DT_BF16;DT_BF16,ND;ND,"""1,896""",DT_BF16,ND,N/A
0,4294967295,2721,46,AddRmsNormBias,AddRmsNormBias,dynamic,AI_VECTOR_CORE,1790613010148865.053	,1.640,171.450000,1,0,NO,"""1,896;1,896;896;""",DT_BF16;DT_BF16;DT_BF16;DT_UNDEFINED,ND;ND;ND;NULL,"""1,896;1,1;1,896""",DT_BF16;FLOAT;DT_BF16,ND;ND;ND,N/A
0,4294967295,2722,46,aclnnMatmul_MatMulCommon_MatMulV2,MatMulV2,dynamic,AI_CORE,1790613010149018.239	,19.301,151.610000,22,0,NO,"""1,896;9728,896""",DT_BF16;DT_BF16,ND;ND,"""1,9728""",DT_BF16,ND,N/A
0,4294967295,2723,46,SwiGlu,SwiGlu,dynamic,AI_VECTOR_CORE,1790613010149160.205	,2.820,122.699000,1,0,NO,"""1,9728""",DT_BF16,ND,"""1,4864""",DT_BF16,ND,N/A
0,4294967295,2724,46,aclnnMatmul_MatMulCommon_MatMulV2,MatMulV2,dynamic,AI_CORE,1790613010149302.251	,16.240,139.180000,19,0,NO,"""1,4864;896,4864""",DT_BF16;DT_BF16,ND;ND,"""1,896""",DT_BF16,ND,N/A
0,4294967295,2725,46,AddRmsNormBias,AddRmsNormBias,dynamic,AI_VECTOR_CORE,1790613010149480.698	,1.700,162.260000,1,0,NO,"""1,896;1,896;896;""",DT_BF16;DT_BF16;DT_BF16;DT_UNDEFINED,ND;ND;ND;NULL,"""1,896;1,1;1,896""",DT_BF16;FLOAT;DT_BF16,ND;ND;ND,N/A
0,4294967295,2726,46,aclnnAddmm_CastAiCore_Cast,Cast,dynamic,AI_VECTOR_CORE,1790613010149628.744	,1.160,146.300000,2,0,NO,"""1152""",DT_BF16,ND,"""1152""",FLOAT,ND,N/A
0,4294967295,2727,46,aclnnAddmm_MatMulCommon_MatMulV2,MatMulV2,dynamic,AI_CORE,1790613010149631.084	,7.340,1.090000,24,0,NO,"""1,896;1152,896;1152""",DT_BF16;DT_BF16;FLOAT,ND;ND;ND,"""1,1152""",DT_BF16,ND,N/A
0,4294967295,2728,46,_triton_rope,_triton_rope,static,AI_VECTOR_CORE,1790613010150500.279	,2.800,861.910000,1,0,YES,"""1,14,64;1,2,64;32768,64""",DT_BF16;32590;DT_BF16,ND;ND;ND,"""1,14,64;1,2,64""",DT_BF16;32590,ND;ND,N/A
0,4294967295,2729,46,ReshapeAndCacheNdKernel,ReshapeAndCacheNdKernel,dynamic,AI_VECTOR_CORE,1790613010151162.645	,2.120,659.700000,1,0,NO,"""1,2,64;1,2,64;11823,128,2,64;11823,128,2,64;1""",DT_BF16;DT_BF16;DT_BF16;DT_BF16;INT32,ND;ND;ND;ND;ND,"""11823,128,2,64;11823,128,2,64""",DT_BF16;DT_BF16,ND;ND,N/A
0,4294967295,2730,46,FusedInferAttentionScore,FusedInferAttentionScore,dynamic,MIX_AIC,1790613010151625.703	,22.862,460.880000,24,48,NO,"""1,14,64;11823,128,128;11823,128,128;;2048,2048;1;1;;;;;;;;1,2;;;;;;;;;;;;;;;;""",DT_BF16;DT_BF16;DT_BF16;DT_UNDEFINED;INT8;INT64;INT64;DT_UNDEFINED;DT_UNDEFINED;DT_UNDEFINED;DT_UNDEFINED;DT_UNDEFINED;DT_UNDEFINED;DT_UNDEFINED;INT32;DT_UNDEFINED;DT_UNDEFINED;DT_UNDEFINED;DT_UNDEFINED;DT_UNDEFINED;DT_UNDEFINED;DT_UNDEFINED;DT_UNDEFINED;DT_UNDEFINED;DT_UNDEFINED;DT_UNDEFINED;DT_UNDEFINED;DT_UNDEFINED;DT_UNDEFINED;DT_UNDEFINED;DT_UNDEFINED,ND;ND;ND;NULL;ND;ND;ND;NULL;NULL;NULL;NULL;NULL;NULL;NULL;ND;NULL;NULL;NULL;NULL;NULL;NULL;NULL;NULL;NULL;NULL;NULL;NULL;NULL;NULL;NULL;NULL,"""1,14,64;""",DT_BF16;FLOAT,ND;ND,0
0,4294967295,2732,46,aclnnMatmul_MatMulCommon_MatMulV2,MatMulV2,dynamic,AI_CORE,1790613010152111.083	,5.340,462.388000,19,0,NO,"""1,896;896,896""",DT_BF16;DT_BF16,ND;ND,"""1,896""",DT_BF16,ND,N/A
0,4294967295,2733,46,AddRmsNormBias,AddRmsNormBias,dynamic,AI_VECTOR_CORE,1790613010152276.809	,1.661,160.410000,1,0,NO,"""1,896;1,896;896;""",DT_BF16;DT_BF16;DT_BF16;DT_UNDEFINED,ND;ND;ND;NULL,"""1,896;1,1;1,896""",DT_BF16;FLOAT;DT_BF16,ND;ND;ND,N/A
0,4294967295,2734,46,aclnnMatmul_MatMulCommon_MatMulV2,MatMulV2,dynamic,AI_CORE,1790613010152442.796	,19.341,164.339000,22,0,NO,"""1,896;9728,896""",DT_BF16;DT_BF16,ND;ND,"""1,9728""",DT_BF16,ND,N/A
0,4294967295,2735,46,SwiGlu,SwiGlu,dynamic,AI_VECTOR_CORE,1790613010152565.541	,2.900,103.409000,1,0,NO,"""1,9728""",DT_BF16,ND,"""1,4864""",DT_BF16,ND,N/A
0,4294967295,2736,46,aclnnMatmul_MatMulCommon_MatMulV2,MatMulV2,dynamic,AI_CORE,1790613010152710.207	,16.460,141.850000,19,0,NO,"""1,4864;896,4864""",DT_BF16;DT_BF16,ND;ND,"""1,896""",DT_BF16,ND,N/A
0,4294967295,2737,46,AddRmsNormBias,AddRmsNormBias,dynamic,AI_VECTOR_CORE,1790613010152885.314	,1.720,158.540000,1,0,NO,"""1,896;1,896;896;""",DT_BF16;DT_BF16;DT_BF16;DT_UNDEFINED,ND;ND;ND;NULL,"""1,896;1,1;1,896""",DT_BF16;FLOAT;DT_BF16,ND;ND;ND,N/A
0,4294967295,2738,46,aclnnAddmm_CastAiCore_Cast,Cast,dynamic,AI_VECTOR_CORE,1790613010153047.460	,1.180,160.530000,2,0,NO,"""1152""",DT_BF16,ND,"""1152""",FLOAT,ND,N/A
0,4294967295,2739,46,aclnnAddmm_MatMulCommon_MatMulV2,MatMulV2,dynamic,AI_CORE,1790613010153049.901	,7.580,1.320000,24,0,NO,"""1,896;1152,896;1152""",DT_BF16;DT_BF16;FLOAT,ND;ND;ND,"""1,1152""",DT_BF16,ND,N/A
0,4294967295,2740,46,_triton_rope,_triton_rope,static,AI_VECTOR_CORE,1790613010153920.315	,2.900,862.670000,1,0,YES,"""1,14,64;1,2,64;32768,64""",DT_BF16;32590;DT_BF16,ND;ND;ND,"""1,14,64;1,2,64""",DT_BF16;32590,ND;ND,N/A
0,4294967295,2741,46,ReshapeAndCacheNdKernel,ReshapeAndCacheNdKernel,dynamic,AI_VECTOR_CORE,1790613010154589.522	,1.760,666.350000,1,0,NO,"""1,2,64;1,2,64;11823,128,2,64;11823,128,2,64;1""",DT_BF16;DT_BF16;DT_BF16;DT_BF16;INT32,ND;ND;ND;ND;ND,"""11823,128,2,64;11823,128,2,64""",DT_BF16;DT_BF16,ND;ND,N/A
0,4294967295,2742,46,FusedInferAttentionScore,FusedInferAttentionScore,dynamic,MIX_AIC,1790613010155045.660	,22.241,454.490000,24,48,NO,"""1,14,64;11823,128,128;11823,128,128;;2048,2048;1;1;;;;;;;;1,2;;;;;;;;;;;;;;;;""",DT_BF16;DT_BF16;DT_BF16;DT_UNDEFINED;INT8;INT64;INT64;DT_UNDEFINED;DT_UNDEFINED;DT_UNDEFINED;DT_UNDEFINED;DT_UNDEFINED;DT_UNDEFINED;DT_UNDEFINED;INT32;DT_UNDEFINED;DT_UNDEFINED;DT_UNDEFINED;DT_UNDEFINED;DT_UNDEFINED;DT_UNDEFINED;DT_UNDEFINED;DT_UNDEFINED;DT_UNDEFINED;DT_UNDEFINED;DT_UNDEFINED;DT_UNDEFINED;DT_UNDEFINED;DT_UNDEFINED;DT_UNDEFINED;DT_UNDEFINED,ND;ND;ND;NULL;ND;ND;ND;NULL;NULL;NULL;NULL;NULL;NULL;NULL;ND;NULL;NULL;NULL;NULL;NULL;NULL;NULL;NULL;NULL;NULL;NULL;NULL;NULL;NULL;NULL;NULL,"""1,14,64;""",DT_BF16;FLOAT,ND;ND,0
0,4294967295,2744,46,aclnnMatmul_MatMulCommon_MatMulV2,MatMulV2,dynamic,AI_CORE,1790613010155516.779	,5.580,448.759000,19,0,NO,"""1,896;896,896""",DT_BF16;DT_BF16,ND;ND,"""1,896""",DT_BF16,ND,N/A
0,4294967295,2745,46,AddRmsNormBias,AddRmsNormBias,dynamic,AI_VECTOR_CORE,1790613010155693.926	,1.720,171.670000,1,0,NO,"""1,896;1,896;896;""",DT_BF16;DT_BF16;DT_BF16;DT_UNDEFINED,ND;ND;ND;NULL,"""1,896;1,1;1,896""",DT_BF16;FLOAT;DT_BF16,ND;ND;ND,N/A
0,4294967295,2746,46,aclnnMatmul_MatMulCommon_MatMulV2,MatMulV2,dynamic,AI_CORE,1790613010155855.753	,20.020,160.030000,22,0,NO,"""1,896;9728,896""",DT_BF16;DT_BF16,ND;ND,"""1,9728""",DT_BF16,ND,N/A
0,4294967295,2747,46,SwiGlu,SwiGlu,dynamic,AI_VECTOR_CORE,1790613010155981.898	,3.060,106.230000,1,0,NO,"""1,9728""",DT_BF16,ND,"""1,4864""",DT_BF16,ND,N/A
0,4294967295,2748,46,aclnnMatmul_MatMulCommon_MatMulV2,MatMulV2,dynamic,AI_CORE,1790613010156133.844	,16.600,148.690000,19,0,NO,"""1,4864;896,4864""",DT_BF16;DT_BF16,ND;ND,"""1,896""",DT_BF16,ND,N/A
0,4294967295,2749,46,AddRmsNormBias,AddRmsNormBias,dynamic,AI_VECTOR_CORE,1790613010156312.851	,1.660,162.400000,1,0,NO,"""1,896;1,896;896;""",DT_BF16;DT_BF16;DT_BF16;DT_UNDEFINED,ND;ND;ND;NULL,"""1,896;1,1;1,896""",DT_BF16;FLOAT;DT_BF16,ND;ND;ND,N/A
0,4294967295,2750,46,aclnnAddmm_CastAiCore_Cast,Cast,dynamic,AI_VECTOR_CORE,1790613010156475.817	,1.340,161.340000,2,0,NO,"""1152""",DT_BF16,ND,"""1152""",FLOAT,ND,N/A
0,4294967295,2751,46,aclnnAddmm_MatMulCommon_MatMulV2,MatMulV2,dynamic,AI_CORE,1790613010156478.177	,7.921,1.160000,24,0,NO,"""1,896;1152,896;1152""",DT_BF16;DT_BF16;FLOAT,ND;ND;ND,"""1,1152""",DT_BF16,ND,N/A
0,4294967295,2752,46,_triton_rope,_triton_rope,static,AI_VECTOR_CORE,1790613010157384.554	,2.820,898.329000,1,0,YES,"""1,14,64;1,2,64;32768,64""",DT_BF16;32590;DT_BF16,ND;ND;ND,"""1,14,64;1,2,64""",DT_BF16;32590,ND;ND,N/A
0,4294967295,2753,46,ReshapeAndCacheNdKernel,ReshapeAndCacheNdKernel,dynamic,AI_VECTOR_CORE,1790613010158066.221	,1.760,678.930000,1,0,NO,"""1,2,64;1,2,64;11823,128,2,64;11823,128,2,64;1""",DT_BF16;DT_BF16;DT_BF16;DT_BF16;INT32,ND;ND;ND;ND;ND,"""11823,128,2,64;11823,128,2,64""",DT_BF16;DT_BF16,ND;ND,N/A
0,4294967295,2754,46,FusedInferAttentionScore,FusedInferAttentionScore,dynamic,MIX_AIC,1790613010158532.880	,18.220,464.990000,24,48,NO,"""1,14,64;11823,128,128;11823,128,128;;2048,2048;1;1;;;;;;;;1,2;;;;;;;;;;;;;;;;""",DT_BF16;DT_BF16;DT_BF16;DT_UNDEFINED;INT8;INT64;INT64;DT_UNDEFINED;DT_UNDEFINED;DT_UNDEFINED;DT_UNDEFINED;DT_UNDEFINED;DT_UNDEFINED;DT_UNDEFINED;INT32;DT_UNDEFINED;DT_UNDEFINED;DT_UNDEFINED;DT_UNDEFINED;DT_UNDEFINED;DT_UNDEFINED;DT_UNDEFINED;DT_UNDEFINED;DT_UNDEFINED;DT_UNDEFINED;DT_UNDEFINED;DT_UNDEFINED;DT_UNDEFINED;DT_UNDEFINED;DT_UNDEFINED;DT_UNDEFINED,ND;ND;ND;NULL;ND;ND;ND;NULL;NULL;NULL;NULL;NULL;NULL;NULL;ND;NULL;NULL;NULL;NULL;NULL;NULL;NULL;NULL;NULL;NULL;NULL;NULL;NULL;NULL;NULL;NULL,"""1,14,64;""",DT_BF16;FLOAT,ND;ND,0
0,4294967295,2756,46,aclnnMatmul_MatMulCommon_MatMulV2,MatMulV2,dynamic,AI_CORE,1790613010159001.678	,5.501,450.530000,19,0,NO,"""1,896;896,896""",DT_BF16;DT_BF16,ND;ND,"""1,896""",DT_BF16,ND,N/A
0,4294967295,2757,46,AddRmsNormBias,AddRmsNormBias,dynamic,AI_VECTOR_CORE,1790613010159179.885	,1.701,172.749000,1,0,NO,"""1,896;1,896;896;""",DT_BF16;DT_BF16;DT_BF16;DT_UNDEFINED,ND;ND;ND;NULL,"""1,896;1,1;1,896""",DT_BF16;FLOAT;DT_BF16,ND;ND;ND,N/A
0,4294967295,2758,46,aclnnMatmul_MatMulCommon_MatMulV2,MatMulV2,dynamic,AI_CORE,1790613010159327.731	,19.421,146.049000,22,0,NO,"""1,896;9728,896""",DT_BF16;DT_BF16,ND;ND,"""1,9728""",DT_BF16,ND,N/A
0,4294967295,2759,46,SwiGlu,SwiGlu,dynamic,AI_VECTOR_CORE,1790613010159455.017	,2.920,107.829000,1,0,NO,"""1,9728""",DT_BF16,ND,"""1,4864""",DT_BF16,ND,N/A
0,4294967295,2760,46,aclnnMatmul_MatMulCommon_MatMulV2,MatMulV2,dynamic,AI_CORE,1790613010159605.983	,16.240,148.080000,19,0,NO,"""1,4864;896,4864""",DT_BF16;DT_BF16,ND;ND,"""1,896""",DT_BF16,ND,N/A
0,4294967295,2761,46,AddRmsNormBias,AddRmsNormBias,dynamic,AI_VECTOR_CORE,1790613010159793.610	,1.680,171.260000,1,0,NO,"""1,896;1,896;896;""",DT_BF16;DT_BF16;DT_BF16;DT_UNDEFINED,ND;ND;ND;NULL,"""1,896;1,1;1,896""",DT_BF16;FLOAT;DT_BF16,ND;ND;ND,N/A
0,4294967295,2762,46,aclnnAddmm_CastAiCore_Cast,Cast,dynamic,AI_VECTOR_CORE,1790613010159948.216	,1.260,153.070000,2,0,NO,"""1152""",DT_BF16,ND,"""1152""",FLOAT,ND,N/A
0,4294967295,2763,46,aclnnAddmm_MatMulCommon_MatMulV2,MatMulV2,dynamic,AI_CORE,1790613010159950.756	,7.261,1.240000,24,0,NO,"""1,896;1152,896;1152""",DT_BF16;DT_BF16;FLOAT,ND;ND;ND,"""1,1152""",DT_BF16,ND,N/A
0,4294967295,2764,46,_triton_rope,_triton_rope,static,AI_VECTOR_CORE,1790613010160815.371	,3.280,857.239000,1,0,YES,"""1,14,64;1,2,64;32768,64""",DT_BF16;32590;DT_BF16,ND;ND;ND,"""1,14,64;1,2,64""",DT_BF16;32590,ND;ND,N/A
0,4294967295,2765,46,ReshapeAndCacheNdKernel,ReshapeAndCacheNdKernel,dynamic,AI_VECTOR_CORE,1790613010161499.698	,2.300,681.220000,1,0,NO,"""1,2,64;1,2,64;11823,128,2,64;11823,128,2,64;1""",DT_BF16;DT_BF16;DT_BF16;DT_BF16;INT32,ND;ND;ND;ND;ND,"""11823,128,2,64;11823,128,2,64""",DT_BF16;DT_BF16,ND;ND,N/A
0,4294967295,2766,46,FusedInferAttentionScore,FusedInferAttentionScore,dynamic,MIX_AIC,1790613010161963.857	,19.321,461.700000,24,48,NO,"""1,14,64;11823,128,128;11823,128,128;;2048,2048;1;1;;;;;;;;1,2;;;;;;;;;;;;;;;;""",DT_BF16;DT_BF16;DT_BF16;DT_UNDEFINED;INT8;INT64;INT64;DT_UNDEFINED;DT_UNDEFINED;DT_UNDEFINED;DT_UNDEFINED;DT_UNDEFINED;DT_UNDEFINED;DT_UNDEFINED;INT32;DT_UNDEFINED;DT_UNDEFINED;DT_UNDEFINED;DT_UNDEFINED;DT_UNDEFINED;DT_UNDEFINED;DT_UNDEFINED;DT_UNDEFINED;DT_UNDEFINED;DT_UNDEFINED;DT_UNDEFINED;DT_UNDEFINED;DT_UNDEFINED;DT_UNDEFINED;DT_UNDEFINED;DT_UNDEFINED,ND;ND;ND;NULL;ND;ND;ND;NULL;NULL;NULL;NULL;NULL;NULL;NULL;ND;NULL;NULL;NULL;NULL;NULL;NULL;NULL;NULL;NULL;NULL;NULL;NULL;NULL;NULL;NULL;NULL,"""1,14,64;""",DT_BF16;FLOAT,ND;ND,0
0,4294967295,2768,46,aclnnMatmul_MatMulCommon_MatMulV2,MatMulV2,dynamic,AI_CORE,1790613010162434.876	,5.640,451.929000,19,0,NO,"""1,896;896,896""",DT_BF16;DT_BF16,ND;ND,"""1,896""",DT_BF16,ND,N/A
0,4294967295,2769,46,AddRmsNormBias,AddRmsNormBias,dynamic,AI_VECTOR_CORE,1790613010162607.683	,1.700,167.110000,1,0,NO,"""1,896;1,896;896;""",DT_BF16;DT_BF16;DT_BF16;DT_UNDEFINED,ND;ND;ND;NULL,"""1,896;1,1;1,896""",DT_BF16;FLOAT;DT_BF16,ND;ND;ND,N/A
0,4294967295,2770,46,aclnnMatmul_MatMulCommon_MatMulV2,MatMulV2,dynamic,AI_CORE,1790613010162781.769	,18.881,172.300000,22,0,NO,"""1,896;9728,896""",DT_BF16;DT_BF16,ND;ND,"""1,9728""",DT_BF16,ND,N/A
0,4294967295,2771,46,SwiGlu,SwiGlu,dynamic,AI_VECTOR_CORE,1790613010162911.255	,2.920,110.619000,1,0,NO,"""1,9728""",DT_BF16,ND,"""1,4864""",DT_BF16,ND,N/A
0,4294967295,2772,46,aclnnMatmul_MatMulCommon_MatMulV2,MatMulV2,dynamic,AI_CORE,1790613010163059.941	,16.580,145.830000,19,0,NO,"""1,4864;896,4864""",DT_BF16;DT_BF16,ND;ND,"""1,896""",DT_BF16,ND,N/A
0,4294967295,2773,46,AddRmsNormBias,AddRmsNormBias,dynamic,AI_VECTOR_CORE,1790613010163229.287	,1.640,152.670000,1,0,NO,"""1,896;1,896;896;""",DT_BF16;DT_BF16;DT_BF16;DT_UNDEFINED,ND;ND;ND;NULL,"""1,896;1,1;1,896""",DT_BF16;FLOAT;DT_BF16,ND;ND;ND,N/A
0,4294967295,2774,46,aclnnAddmm_CastAiCore_Cast,Cast,dynamic,AI_VECTOR_CORE,1790613010163395.354	,1.180,164.360000,2,0,NO,"""1152""",DT_BF16,ND,"""1152""",FLOAT,ND,N/A
0,4294967295,2775,46,aclnnAddmm_MatMulCommon_MatMulV2,MatMulV2,dynamic,AI_CORE,1790613010163397.934	,7.901,1.570000,24,0,NO,"""1,896;1152,896;1152""",DT_BF16;DT_BF16;FLOAT,ND;ND;ND,"""1,1152""",DT_BF16,ND,N/A
0,4294967295,2776,46,_triton_rope,_triton_rope,static,AI_VECTOR_CORE,1790613010164263.789	,3.040,857.849000,1,0,YES,"""1,14,64;1,2,64;32768,64""",DT_BF16;32590;DT_BF16,ND;ND;ND,"""1,14,64;1,2,64""",DT_BF16;32590,ND;ND,N/A
0,4294967295,2777,46,ReshapeAndCacheNdKernel,ReshapeAndCacheNdKernel,dynamic,AI_VECTOR_CORE,1790613010164945.116	,2.040,678.210000,1,0,NO,"""1,2,64;1,2,64;11823,128,2,64;11823,128,2,64;1""",DT_BF16;DT_BF16;DT_BF16;DT_BF16;INT32,ND;ND;ND;ND;ND,"""11823,128,2,64;11823,128,2,64""",DT_BF16;DT_BF16,ND;ND,N/A
0,4294967295,2778,46,FusedInferAttentionScore,FusedInferAttentionScore,dynamic,MIX_AIC,1790613010165468.637	,17.901,521.710000,24,48,NO,"""1,14,64;11823,128,128;11823,128,128;;2048,2048;1;1;;;;;;;;1,2;;;;;;;;;;;;;;;;""",DT_BF16;DT_BF16;DT_BF16;DT_UNDEFINED;INT8;INT64;INT64;DT_UNDEFINED;DT_UNDEFINED;DT_UNDEFINED;DT_UNDEFINED;DT_UNDEFINED;DT_UNDEFINED;DT_UNDEFINED;INT32;DT_UNDEFINED;DT_UNDEFINED;DT_UNDEFINED;DT_UNDEFINED;DT_UNDEFINED;DT_UNDEFINED;DT_UNDEFINED;DT_UNDEFINED;DT_UNDEFINED;DT_UNDEFINED;DT_UNDEFINED;DT_UNDEFINED;DT_UNDEFINED;DT_UNDEFINED;DT_UNDEFINED;DT_UNDEFINED,ND;ND;ND;NULL;ND;ND;ND;NULL;NULL;NULL;NULL;NULL;NULL;NULL;ND;NULL;NULL;NULL;NULL;NULL;NULL;NULL;NULL;NULL;NULL;NULL;NULL;NULL;NULL;NULL;NULL,"""1,14,64;""",DT_BF16;FLOAT,ND;ND,0
0,4294967295,2780,46,aclnnMatmul_MatMulCommon_MatMulV2,MatMulV2,dynamic,AI_CORE,1790613010165931.055	,5.541,444.349000,19,0,NO,"""1,896;896,896""",DT_BF16;DT_BF16,ND;ND,"""1,896""",DT_BF16,ND,N/A
0,4294967295,2781,46,AddRmsNormBias,AddRmsNormBias,dynamic,AI_VECTOR_CORE,1790613010166105.923	,2.240,169.459000,1,0,NO,"""1,896;1,896;896;""",DT_BF16;DT_BF16;DT_BF16;DT_UNDEFINED,ND;ND;ND;NULL,"""1,896;1,1;1,896""",DT_BF16;FLOAT;DT_BF16,ND;ND;ND,N/A
0,4294967295,2782,46,aclnnMatmul_MatMulCommon_MatMulV2,MatMulV2,dynamic,AI_CORE,1790613010166252.308	,19.001,144.010000,22,0,NO,"""1,896;9728,896""",DT_BF16;DT_BF16,ND;ND,"""1,9728""",DT_BF16,ND,N/A
0,4294967295,2783,46,SwiGlu,SwiGlu,dynamic,AI_VECTOR_CORE,1790613010166397.974	,4.340,126.749000,1,0,NO,"""1,9728""",DT_BF16,ND,"""1,4864""",DT_BF16,ND,N/A
0,4294967295,2784,46,aclnnMatmul_MatMulCommon_MatMulV2,MatMulV2,dynamic,AI_CORE,1790613010166537.860	,16.320,135.410000,19,0,NO,"""1,4864;896,4864""",DT_BF16;DT_BF16,ND;ND,"""1,896""",DT_BF16,ND,N/A
0,4294967295,2785,46,AddRmsNormBias,AddRmsNormBias,dynamic,AI_VECTOR_CORE,1790613010166720.847	,1.740,166.680000,1,0,NO,"""1,896;1,896;896;""",DT_BF16;DT_BF16;DT_BF16;DT_UNDEFINED,ND;ND;ND;NULL,"""1,896;1,1;1,896""",DT_BF16;FLOAT;DT_BF16,ND;ND;ND,N/A
0,4294967295,2786,46,aclnnAddmm_CastAiCore_Cast,Cast,dynamic,AI_VECTOR_CORE,1790613010166871.813	,1.220,149.260000,2,0,NO,"""1152""",DT_BF16,ND,"""1152""",FLOAT,ND,N/A
0,4294967295,2787,46,aclnnAddmm_MatMulCommon_MatMulV2,MatMulV2,dynamic,AI_CORE,1790613010166874.453	,7.380,1.530000,24,0,NO,"""1,896;1152,896;1152""",DT_BF16;DT_BF16;FLOAT,ND;ND;ND,"""1,1152""",DT_BF16,ND,N/A
0,4294967295,2788,46,_triton_rope,_triton_rope,static,AI_VECTOR_CORE,1790613010167749.068	,3.000,867.120000,1,0,YES,"""1,14,64;1,2,64;32768,64""",DT_BF16;32590;DT_BF16,ND;ND;ND,"""1,14,64;1,2,64""",DT_BF16;32590,ND;ND,N/A
0,4294967295,2789,46,ReshapeAndCacheNdKernel,ReshapeAndCacheNdKernel,dynamic,AI_VECTOR_CORE,1790613010168429.935	,1.580,678.000000,1,0,NO,"""1,2,64;1,2,64;11823,128,2,64;11823,128,2,64;1""",DT_BF16;DT_BF16;DT_BF16;DT_BF16;INT32,ND;ND;ND;ND;ND,"""11823,128,2,64;11823,128,2,64""",DT_BF16;DT_BF16,ND;ND,N/A
0,4294967295,2790,46,FusedInferAttentionScore,FusedInferAttentionScore,dynamic,MIX_AIC,1790613010168893.394	,21.401,461.920000,24,48,NO,"""1,14,64;11823,128,128;11823,128,128;;2048,2048;1;1;;;;;;;;1,2;;;;;;;;;;;;;;;;""",DT_BF16;DT_BF16;DT_BF16;DT_UNDEFINED;INT8;INT64;INT64;DT_UNDEFINED;DT_UNDEFINED;DT_UNDEFINED;DT_UNDEFINED;DT_UNDEFINED;DT_UNDEFINED;DT_UNDEFINED;INT32;DT_UNDEFINED;DT_UNDEFINED;DT_UNDEFINED;DT_UNDEFINED;DT_UNDEFINED;DT_UNDEFINED;DT_UNDEFINED;DT_UNDEFINED;DT_UNDEFINED;DT_UNDEFINED;DT_UNDEFINED;DT_UNDEFINED;DT_UNDEFINED;DT_UNDEFINED;DT_UNDEFINED;DT_UNDEFINED,ND;ND;ND;NULL;ND;ND;ND;NULL;NULL;NULL;NULL;NULL;NULL;NULL;ND;NULL;NULL;NULL;NULL;NULL;NULL;NULL;NULL;NULL;NULL;NULL;NULL;NULL;NULL;NULL;NULL,"""1,14,64;""",DT_BF16;FLOAT,ND;ND,0
0,4294967295,2792,46,aclnnMatmul_MatMulCommon_MatMulV2,MatMulV2,dynamic,AI_CORE,1790613010169369.193	,5.280,454.349000,19,0,NO,"""1,896;896,896""",DT_BF16;DT_BF16,ND;ND,"""1,896""",DT_BF16,ND,N/A
0,4294967295,2793,46,AddRmsNormBias,AddRmsNormBias,dynamic,AI_VECTOR_CORE,1790613010169539.720	,1.820,165.220000,1,0,NO,"""1,896;1,896;896;""",DT_BF16;DT_BF16;DT_BF16;DT_UNDEFINED,ND;ND;ND;NULL,"""1,896;1,1;1,896""",DT_BF16;FLOAT;DT_BF16,ND;ND;ND,N/A
0,4294967295,2794,46,aclnnMatmul_MatMulCommon_MatMulV2,MatMulV2,dynamic,AI_CORE,1790613010169698.446	,19.481,156.930000,22,0,NO,"""1,896;9728,896""",DT_BF16;DT_BF16,ND;ND,"""1,9728""",DT_BF16,ND,N/A
0,4294967295,2795,46,SwiGlu,SwiGlu,dynamic,AI_VECTOR_CORE,1790613010169824.771	,2.880,106.769000,1,0,NO,"""1,9728""",DT_BF16,ND,"""1,4864""",DT_BF16,ND,N/A
0,4294967295,2796,46,aclnnMatmul_MatMulCommon_MatMulV2,MatMulV2,dynamic,AI_CORE,1790613010169966.617	,16.240,138.870000,19,0,NO,"""1,4864;896,4864""",DT_BF16;DT_BF16,ND;ND,"""1,896""",DT_BF16,ND,N/A
0,4294967295,2797,46,AddRmsNormBias,AddRmsNormBias,dynamic,AI_VECTOR_CORE,1790613010170144.644	,1.660,162.010000,1,0,NO,"""1,896;1,896;896;""",DT_BF16;DT_BF16;DT_BF16;DT_UNDEFINED,ND;ND;ND;NULL,"""1,896;1,1;1,896""",DT_BF16;FLOAT;DT_BF16,ND;ND;ND,N/A
0,4294967295,2798,46,aclnnIndex_IndexAiCore_Index,Index,dynamic,AI_VECTOR_CORE,1790613010170348.652	,9.381,202.340000,48,0,NO,"""1,896;1;2;1""",DT_BF16;INT64;INT64;INT32,ND;ND;ND;ND,"""1,896""",DT_BF16,ND,N/A
0,4294967295,2799,46,aclnnMatmul_MatMulCommon_MatMulV2,MatMulV2,dynamic,AI_CORE,1790613010170402.314	,220.289,44.119000,24,0,NO,"""1,896;151936,896""",DT_BF16;DT_BF16,ND;ND,"""1,151936""",DT_BF16,ND,N/A
0,4294967295,2800,46,aclnnInplaceCopy_CastAiCore_Cast,Cast,dynamic,AI_VECTOR_CORE,1790613010170948.876	,8.720,326.461000,48,0,NO,"""1,151936""",DT_BF16,ND,"""1,151936""",FLOAT,ND,N/A
0,4294967295,2801,46,aclnnLogSoftmax_LogSoftmaxAiCore_LogSoftmaxV2,LogSoftmaxV2,dynamic,AI_VECTOR_CORE,1790613010170957.616	,48.882,0.000000,1,0,NO,"""1,151936""",FLOAT,ND,"""1,151936""",FLOAT,ND,N/A
0,4294967295,2802,46,aclnnInplaceCopy_CastAiCore_Cast,Cast,dynamic,AI_VECTOR_CORE,1790613010171006.518	,2.921,0.118000,48,0,NO,"""1,151936""",DT_BF16,ND,"""1,151936""",FLOAT,ND,N/A
0,4294967295,2805,46,aclnnEqScalar_EqualAiCore_Equal,Equal,dynamic,AI_VECTOR_CORE,1790613010171272.029	,2.060,262.579000,1,0,NO,"""1,1;""",INT64;INT64,ND;ND,"""1,1""",BOOL,ND,N/A
0,4294967295,2806,46,aclnnInplaceMaskedFillScalar_MaskedFillAiCpu_MaskedFill,MaskedFill,dynamic,AI_CPU,1790613010171291.710	,89.763,17.690000,0,0,NO,"""1,1;1,1;""",INT64;BOOL;INT64,ND;ND;ND,"""1,1""",INT64,ND,N/A
0,4294967295,2807,46,aclnnInplaceZero_ZerosLikeAiCore_ZerosLike,ZerosLike,dynamic,AI_VECTOR_CORE,1790613010171381.493	,16.081,0.000000,48,0,NO,"""1,151936""",INT32,ND,"""1,151936""",INT32,ND,N/A
0,4294967295,2808,46,token_bin_counts_and_mask_kernel,token_bin_counts_and_mask_kernel,static,AI_VECTOR_CORE,1790613010171935.575	,64.943,537.919000,1,0,NO,"""1,10;1,151936""",INT64;FLOAT,ND;ND,"""1,151936""",FLOAT,ND,N/A
0,4294967295,2809,46,aclnnGtScalar_CastAiCore_Cast,Cast,dynamic,AI_VECTOR_CORE,1790613010172171.165	,8.700,170.807000,48,0,NO,"""1,151936""",INT32,ND,"""1,151936""",INT64,ND,N/A
0,4294967295,2810,46,aclnnGtScalar_GreaterAiCore_Greater,Greater,dynamic,AI_VECTOR_CORE,1790613010172179.885	,15.921,0.050000,48,0,NO,"""1,151936;""",INT64;INT64,ND;ND,"""1,151936""",BOOL,ND,N/A
0,4294967295,2811,46,aclnnInplaceZero_ZerosLikeAiCore_ZerosLike,ZerosLike,dynamic,AI_VECTOR_CORE,1790613010172195.846	,2.680,0.000000,48,0,NO,"""1,151936""",INT32,ND,"""1,151936""",INT32,ND,N/A
0,4294967295,2812,46,token_bin_counts_and_mask_kernel,token_bin_counts_and_mask_kernel,static,AI_VECTOR_CORE,1790613010172806.650	,66.383,608.320000,1,0,NO,"""1,1;1,151936""",INT64;FLOAT,ND;ND,"""1,151936""",FLOAT,ND,N/A
0,4294967295,2813,46,aclnnGtScalar_CastAiCore_Cast,Cast,dynamic,AI_VECTOR_CORE,1790613010173021.579	,2.780,148.367000,48,0,NO,"""1,151936""",INT32,ND,"""1,151936""",INT64,ND,N/A
0,4294967295,2814,46,aclnnGtScalar_GreaterAiCore_Greater,Greater,dynamic,AI_VECTOR_CORE,1790613010173024.379	,10.820,0.220000,48,0,NO,"""1,151936;""",INT64;INT64,ND;ND,"""1,151936""",BOOL,ND,N/A
0,4294967295,2815,46,apply_all_penalties_kernel,apply_all_penalties_kernel,static,AI_VECTOR_CORE,1790613010173814.871	,76.243,779.430000,1,0,YES,"""1,151936;1,151936;1,151936;1,151936""",FLOAT;BOOL;BOOL;INT32,ND;ND;ND;ND,"""1,151936""",FLOAT,ND,N/A
0,4294967295,2816,46,aclnnArgMax_ArgMaxV2AiCore_ArgMaxV2,ArgMaxV2,dynamic,AI_VECTOR_CORE,1790613010174119.063	,18.740,228.007000,1,0,NO,"""1,151936;""",FLOAT;INT64,ND;ND,"""1""",INT32,ND,N/A
0,4294967295,2817,46,aclnnArgMax_CastAiCore_Cast,Cast,dynamic,AI_VECTOR_CORE,1790613010174137.823	,0.881,0.010000,1,0,NO,"""1""",INT32,ND,"""1""",INT64,ND,N/A
0,4294967295,2818,46,aclnnTopk_TopkV2AiCore_TopKV2,TopKV2,dynamic,MIX_AIV,1790613010174140.024	,18.440,1.369000,38,0,NO,"""1,151936;""",FLOAT;INT32,ND;ND,"""1,32;1,32""",FLOAT;INT32,ND;ND,0
0,4294967295,2819,46,aclnnTopk_TopkV2AiCore_TopKV2,TopKV2,dynamic,MIX_AIV,1790613010174161.365	,2.920,2.810000,1,0,NO,"""1,32;""",FLOAT;INT32,ND;ND,"""1,1;1,1""",FLOAT;INT32,ND;ND,0
0,4294967295,2820,46,aclnnTopk_GatherElements_GatherElements,GatherElements,dynamic,AI_VECTOR_CORE,1790613010174164.925	,9.880,0.830000,48,0,NO,"""1,32;1,1""",INT32;INT32,ND;ND,"""1,1""",INT32,ND,N/A
0,4294967295,2821,46,aclnnTopk_CastAiCore_Cast,Cast,dynamic,AI_VECTOR_CORE,1790613010174174.825	,0.780,0.000000,1,0,NO,"""1,1""",INT32,ND,"""1,1""",INT64,ND,N/A
0,4294967295,2822,46,aclnnGather_CastAiCore_Cast,Cast,dynamic,AI_VECTOR_CORE,1790613010174175.625	,1.260,0.000000,1,0,NO,"""1,1""",INT64,ND,"""1,1""",INT32,ND,N/A
0,4294967295,2823,46,aclnnGather_GatherElementsV2_GatherElementsV2,GatherElementsV2,dynamic,AI_VECTOR_CORE,1790613010174176.925	,3.900,0.240000,1,0,NO,"""1,151936;1,1""",FLOAT;INT32,ND;ND,"""1,1""",FLOAT,ND,N/A
0,4294967295,2824,46,aclnnGeTensor_GreaterEqual_GreaterEqual,GreaterEqual,dynamic,AI_VECTOR_CORE,1790613010174420.875	,9.320,240.100000,48,0,NO,"""1,151936;1,1""",FLOAT;FLOAT,ND;ND,"""1,151936""",BOOL,ND,N/A
0,4294967295,2825,46,aclnnReduceSum_CastAiCore_Cast,Cast,dynamic,AI_VECTOR_CORE,1790613010174430.235	,8.361,0.000000,48,0,NO,"""1,151936""",BOOL,ND,"""1,151936""",FLOAT,ND,N/A
0,4294967295,2826,46,aclnnReduceSum_ReduceSumOpAiCore_ReduceSum,ReduceSum,dynamic,MIX_AIV,1790613010174439.616	,18.320,0.889000,48,0,NO,"""1,151936;1""",FLOAT;INT64,ND;ND,"""1""",FLOAT,ND,0
0,4294967295,2827,46,aclnnReduceSum_CastAiCore_Cast,Cast,dynamic,AI_VECTOR_CORE,1790613010174459.036	,1.041,1.180000,1,0,NO,"""1""",FLOAT,ND,"""1""",INT64,ND,N/A
0,4294967295,2828,46,aclnnCat_ConcatD_ConcatD,ConcatD,dynamic,AI_VECTOR_CORE,1790613010174461.337	,2.220,1.209000,1,0,NO,"""1,1;1,1""",INT64;INT64,ND;ND,"""1,2""",INT64,ND,N/A
0,4294967295,2829,46,aclnnCat_ConcatD_ConcatD,ConcatD,dynamic,AI_VECTOR_CORE,1790613010174463.577	,1.740,0.030000,1,0,NO,"""1,1;1,1""",FLOAT;FLOAT,ND;ND,"""1,2""",FLOAT,ND,N/A
0,4294967295,2830,46,aclnnInplaceCopy_CastAiCore_Cast,Cast,dynamic,AI_VECTOR_CORE,1790613010174477.657	,1.000,12.510000,1,0,NO,"""1,2""",INT64,ND,"""1,2""",INT32,ND,N/A
0,4294967295,2831,46,aclnnInplaceCopy_CastAiCore_Cast,Cast,dynamic,AI_VECTOR_CORE,1790613010174508.438	,1.020,29.750000,1,0,NO,"""1""",INT64,ND,"""1""",INT32,ND,N/A
0,4294967295,2836,46,aclnnInplaceFillScalar_FillAiCore_Fill,Fill,dynamic,AI_VECTOR_CORE,1790613010179641.424	,1.080,5131.980000,1,0,NO,"""1;""",INT64;INT32,ND;ND,"""1""",INT32,ND,N/A
0,4294967295,2839,46,aclnnInplaceFillScalar_FillAiCore_Fill,Fill,dynamic,AI_VECTOR_CORE,1790613010180168.765	,0.860,526.170000,1,0,NO,"""1;""",INT64;INT32,ND;ND,"""1""",INT32,ND,N/A
0,4294967295,2844,46,aclnnIndex_IndexAiCore_Index,Index,dynamic,AI_VECTOR_CORE,1790613010180659.144	,8.361,489.640000,48,0,NO,"""1;1;1;1""",INT32;INT64;INT64;INT64,ND;ND;ND;ND,"""1""",INT32,ND,N/A
0,4294967295,2845,46,aclnnInplaceCopy_CastAiCore_Cast,Cast,dynamic,AI_VECTOR_CORE,1790613010180667.545	,0.880,0.000000,1,0,NO,"""1""",INT32,ND,"""1""",INT64,ND,N/A
0,4294967295,2846,46,aclnnAdd_AddAiCore_Add,Add,dynamic,AI_VECTOR_CORE,1790613010180683.285	,2.180,14.870000,1,0,NO,"""1;1""",INT64;INT64,ND;ND,"""1""",INT64,ND,N/A
0,4294967295,2848,46,aclnnAdd_AddAiCore_Add,Add,dynamic,AI_VECTOR_CORE,1790613010180723.047	,1.200,37.570000,1,0,NO,"""1;1""",INT32;INT32,ND;ND,"""1""",INT32,ND,N/A
0,4294967295,2850,46,_compute_slot_mapping_kernel,_compute_slot_mapping_kernel,static,AI_VECTOR_CORE,1790613010181429.535	,120.265,705.300000,2,0,YES,"""2;1;1,2""",461301056;32590;INT32,ND;ND;ND,"""258""",INT64,ND,N/A
0,4294967295,2851,46,aclnnSubs_SubAiCore_Sub,Sub,dynamic,AI_VECTOR_CORE,1790613010181714.047	,1.220,164.235000,1,0,NO,"""1;""",INT32;INT32,ND;ND,"""1""",INT32,ND,N/A
0,4294967295,2853,46,aclnnIndexSelect_GatherV3AiCore_GatherV3,GatherV3,dynamic,AI_VECTOR_CORE,1790613010182257.668	,2.580,542.530000,1,0,NO,"""32768,64;1;1""",DT_BF16;INT64;INT64,ND;ND;ND,"""1,64""",DT_BF16,ND,N/A
0,4294967295,2854,46,aclnnRepeat_TileAiCore_Tile,Tile,dynamic,AI_VECTOR_CORE,1790613010182260.268	,1.820,0.000000,1,0,NO,"""1,2,32;3""",DT_BF16;INT64,NCL;ND,"""1,2,64""",DT_BF16,ND,N/A
0,4294967295,2856,46,aclnnIndexSelect_GatherV3AiCore_GatherV3,GatherV3,dynamic,AI_VECTOR_CORE,1790613010182322.771	,2.240,60.680000,1,0,NO,"""32768,64;1;1""",DT_BF16;INT64;INT64,ND;ND;ND,"""1,64""",DT_BF16,ND,N/A
0,4294967295,2857,46,aclnnRepeat_TileAiCore_Tile,Tile,dynamic,AI_VECTOR_CORE,1790613010182325.031	,1.580,0.010000,1,0,NO,"""1,2,32;3""",DT_BF16;INT64,NCL;ND,"""1,2,64""",DT_BF16,ND,N/A
0,4294967295,2859,46,aclnnInplaceCopy_CastAiCore_Cast,Cast,dynamic,AI_VECTOR_CORE,1790613010182962.716	,1.040,636.170000,1,0,NO,"""1""",INT32,ND,"""1""",INT64,ND,N/A
0,4294967295,2860,46,aclnnEmbedding_GatherV2AiCore_GatherV2,GatherV2,dynamic,AI_VECTOR_CORE,1790613010182972.597	,9.240,8.710000,48,0,NO,"""151936,896;1;1""",DT_BF16;INT64;INT64,ND;ND;ND,"""1,896""",DT_BF16,ND,N/A
0,4294967295,2861,46,RmsNorm,RmsNorm,dynamic,AI_VECTOR_CORE,1790613010183096.442	,4.860,114.760000,1,0,NO,"""1,896;896""",DT_BF16;DT_BF16,ND;ND,"""1,896;1,1""",DT_BF16;FLOAT,ND;ND,N/A
0,4294967295,2862,46,aclnnAddmm_CastAiCore_Cast,Cast,dynamic,AI_VECTOR_CORE,1790613010183282.589	,1.080,181.140000,2,0,NO,"""1152""",DT_BF16,ND,"""1152""",FLOAT,ND,N/A
0,4294967295,2863,46,aclnnAddmm_MatMulCommon_MatMulV2,MatMulV2,dynamic,AI_CORE,1790613010183284.929	,7.881,1.420000,24,0,NO,"""1,896;1152,896;1152""",DT_BF16;DT_BF16;FLOAT,ND;ND;ND,"""1,1152""",DT_BF16,ND,N/A
0,4294967295,2864,46,_triton_rope,_triton_rope,static,AI_VECTOR_CORE,1790613010184181.385	,2.960,888.619000,1,0,YES,"""1,14,64;1,2,64;32768,64""",DT_BF16;32590;DT_BF16,ND;ND;ND,"""1,14,64;1,2,64""",DT_BF16;32590,ND;ND,N/A
0,4294967295,2865,46,ReshapeAndCacheNdKernel,ReshapeAndCacheNdKernel,dynamic,AI_VECTOR_CORE,1790613010184914.234	,2.041,729.790000,1,0,NO,"""1,2,64;1,2,64;11823,128,2,64;11823,128,2,64;1""",DT_BF16;DT_BF16;DT_BF16;DT_BF16;INT32,ND;ND;ND;ND;ND,"""11823,128,2,64;11823,128,2,64""",DT_BF16;DT_BF16,ND;ND,N/A
0,4294967295,2866,46,FusedInferAttentionScore,FusedInferAttentionScore,dynamic,MIX_AIC,1790613010185385.953	,19.361,469.709000,24,48,NO,"""1,14,64;11823,128,128;11823,128,128;;2048,2048;1;1;;;;;;;;1,2;;;;;;;;;;;;;;;;""",DT_BF16;DT_BF16;DT_BF16;DT_UNDEFINED;INT8;INT64;INT64;DT_UNDEFINED;DT_UNDEFINED;DT_UNDEFINED;DT_UNDEFINED;DT_UNDEFINED;DT_UNDEFINED;DT_UNDEFINED;INT32;DT_UNDEFINED;DT_UNDEFINED;DT_UNDEFINED;DT_UNDEFINED;DT_UNDEFINED;DT_UNDEFINED;DT_UNDEFINED;DT_UNDEFINED;DT_UNDEFINED;DT_UNDEFINED;DT_UNDEFINED;DT_UNDEFINED;DT_UNDEFINED;DT_UNDEFINED;DT_UNDEFINED;DT_UNDEFINED,ND;ND;ND;NULL;ND;ND;ND;NULL;NULL;NULL;NULL;NULL;NULL;NULL;ND;NULL;NULL;NULL;NULL;NULL;NULL;NULL;NULL;NULL;NULL;NULL;NULL;NULL;NULL;NULL;NULL,"""1,14,64;""",DT_BF16;FLOAT,ND;ND,0
0,4294967295,2868,46,aclnnMatmul_MatMulCommon_MatMulV2,MatMulV2,dynamic,AI_CORE,1790613010185851.712	,5.340,446.389000,19,0,NO,"""1,896;896,896""",DT_BF16;DT_BF16,ND;ND,"""1,896""",DT_BF16,ND,N/A
0,4294967295,2869,46,AddRmsNormBias,AddRmsNormBias,dynamic,AI_VECTOR_CORE,1790613010186020.639	,2.000,163.660000,1,0,NO,"""1,896;1,896;896;""",DT_BF16;DT_BF16;DT_BF16;DT_UNDEFINED,ND;ND;ND;NULL,"""1,896;1,1;1,896""",DT_BF16;FLOAT;DT_BF16,ND;ND;ND,N/A
0,4294967295,2870,46,aclnnMatmul_MatMulCommon_MatMulV2,MatMulV2,dynamic,AI_CORE,1790613010186176.165	,19.421,153.500000,22,0,NO,"""1,896;9728,896""",DT_BF16;DT_BF16,ND;ND,"""1,9728""",DT_BF16,ND,N/A
0,4294967295,2871,46,SwiGlu,SwiGlu,dynamic,AI_VECTOR_CORE,1790613010186309.510	,4.320,113.829000,1,0,NO,"""1,9728""",DT_BF16,ND,"""1,4864""",DT_BF16,ND,N/A
0,4294967295,2872,46,aclnnMatmul_MatMulCommon_MatMulV2,MatMulV2,dynamic,AI_CORE,1790613010186455.076	,16.261,141.180000,19,0,NO,"""1,4864;896,4864""",DT_BF16;DT_BF16,ND;ND,"""1,896""",DT_BF16,ND,N/A
0,4294967295,2873,46,AddRmsNormBias,AddRmsNormBias,dynamic,AI_VECTOR_CORE,1790613010186637.923	,1.640,166.739000,1,0,NO,"""1,896;1,896;896;""",DT_BF16;DT_BF16;DT_BF16;DT_UNDEFINED,ND;ND;ND;NULL,"""1,896;1,1;1,896""",DT_BF16;FLOAT;DT_BF16,ND;ND;ND,N/A
0,4294967295,2874,46,aclnnAddmm_CastAiCore_Cast,Cast,dynamic,AI_VECTOR_CORE,1790613010186792.089	,1.220,152.360000,2,0,NO,"""1152""",DT_BF16,ND,"""1152""",FLOAT,ND,N/A
0,4294967295,2875,46,aclnnAddmm_MatMulCommon_MatMulV2,MatMulV2,dynamic,AI_CORE,1790613010186794.610	,7.360,1.280000,24,0,NO,"""1,896;1152,896;1152""",DT_BF16;DT_BF16;FLOAT,ND;ND;ND,"""1,1152""",DT_BF16,ND,N/A
0,4294967295,2876,46,_triton_rope,_triton_rope,static,AI_VECTOR_CORE,1790613010187672.345	,2.900,870.390000,1,0,YES,"""1,14,64;1,2,64;32768,64""",DT_BF16;32590;DT_BF16,ND;ND;ND,"""1,14,64;1,2,64""",DT_BF16;32590,ND;ND,N/A
0,4294967295,2877,46,ReshapeAndCacheNdKernel,ReshapeAndCacheNdKernel,dynamic,AI_VECTOR_CORE,1790613010188350.272	,1.600,675.100000,1,0,NO,"""1,2,64;1,2,64;11823,128,2,64;11823,128,2,64;1""",DT_BF16;DT_BF16;DT_BF16;DT_BF16;INT32,ND;ND;ND;ND;ND,"""11823,128,2,64;11823,128,2,64""",DT_BF16;DT_BF16,ND;ND,N/A
0,4294967295,2878,46,FusedInferAttentionScore,FusedInferAttentionScore,dynamic,MIX_AIC,1790613010188811.770	,19.901,459.900000,24,48,NO,"""1,14,64;11823,128,128;11823,128,128;;2048,2048;1;1;;;;;;;;1,2;;;;;;;;;;;;;;;;""",DT_BF16;DT_BF16;DT_BF16;DT_UNDEFINED;INT8;INT64;INT64;DT_UNDEFINED;DT_UNDEFINED;DT_UNDEFINED;DT_UNDEFINED;DT_UNDEFINED;DT_UNDEFINED;DT_UNDEFINED;INT32;DT_UNDEFINED;DT_UNDEFINED;DT_UNDEFINED;DT_UNDEFINED;DT_UNDEFINED;DT_UNDEFINED;DT_UNDEFINED;DT_UNDEFINED;DT_UNDEFINED;DT_UNDEFINED;DT_UNDEFINED;DT_UNDEFINED;DT_UNDEFINED;DT_UNDEFINED;DT_UNDEFINED;DT_UNDEFINED,ND;ND;ND;NULL;ND;ND;ND;NULL;NULL;NULL;NULL;NULL;NULL;NULL;ND;NULL;NULL;NULL;NULL;NULL;NULL;NULL;NULL;NULL;NULL;NULL;NULL;NULL;NULL;NULL;NULL,"""1,14,64;""",DT_BF16;FLOAT,ND;ND,0
0,4294967295,2880,46,aclnnMatmul_MatMulCommon_MatMulV2,MatMulV2,dynamic,AI_CORE,1790613010189315.950	,5.621,484.349000,19,0,NO,"""1,896;896,896""",DT_BF16;DT_BF16,ND;ND,"""1,896""",DT_BF16,ND,N/A
0,4294967295,2881,46,AddRmsNormBias,AddRmsNormBias,dynamic,AI_VECTOR_CORE,1790613010189489.997	,1.920,168.379000,1,0,NO,"""1,896;1,896;896;""",DT_BF16;DT_BF16;DT_BF16;DT_UNDEFINED,ND;ND;ND;NULL,"""1,896;1,1;1,896""",DT_BF16;FLOAT;DT_BF16,ND;ND;ND,N/A
0,4294967295,2882,46,aclnnMatmul_MatMulCommon_MatMulV2,MatMulV2,dynamic,AI_CORE,1790613010189654.124	,19.201,162.080000,22,0,NO,"""1,896;9728,896""",DT_BF16;DT_BF16,ND;ND,"""1,9728""",DT_BF16,ND,N/A
0,4294967295,2883,46,SwiGlu,SwiGlu,dynamic,AI_VECTOR_CORE,1790613010189787.169	,2.980,114.049000,1,0,NO,"""1,9728""",DT_BF16,ND,"""1,4864""",DT_BF16,ND,N/A
0,4294967295,2884,46,aclnnMatmul_MatMulCommon_MatMulV2,MatMulV2,dynamic,AI_CORE,1790613010189927.335	,16.640,137.020000,19,0,NO,"""1,4864;896,4864""",DT_BF16;DT_BF16,ND;ND,"""1,896""",DT_BF16,ND,N/A
0,4294967295,2885,46,AddRmsNormBias,AddRmsNormBias,dynamic,AI_VECTOR_CORE,1790613010190103.682	,1.660,159.860000,1,0,NO,"""1,896;1,896;896;""",DT_BF16;DT_BF16;DT_BF16;DT_UNDEFINED,ND;ND;ND;NULL,"""1,896;1,1;1,896""",DT_BF16;FLOAT;DT_BF16,ND;ND;ND,N/A
0,4294967295,2886,46,aclnnAddmm_CastAiCore_Cast,Cast,dynamic,AI_VECTOR_CORE,1790613010190258.228	,1.160,152.840000,2,0,NO,"""1152""",DT_BF16,ND,"""1152""",FLOAT,ND,N/A
0,4294967295,2887,46,aclnnAddmm_MatMulCommon_MatMulV2,MatMulV2,dynamic,AI_CORE,1790613010190261.168	,7.841,1.840000,24,0,NO,"""1,896;1152,896;1152""",DT_BF16;DT_BF16;FLOAT,ND;ND;ND,"""1,1152""",DT_BF16,ND,N/A
0,4294967295,2888,46,_triton_rope,_triton_rope,static,AI_VECTOR_CORE,1790613010191131.983	,2.820,862.909000,1,0,YES,"""1,14,64;1,2,64;32768,64""",DT_BF16;32590;DT_BF16,ND;ND;ND,"""1,14,64;1,2,64""",DT_BF16;32590,ND;ND,N/A
0,4294967295,2889,46,ReshapeAndCacheNdKernel,ReshapeAndCacheNdKernel,dynamic,AI_VECTOR_CORE,1790613010191809.170	,2.100,674.430000,1,0,NO,"""1,2,64;1,2,64;11823,128,2,64;11823,128,2,64;1""",DT_BF16;DT_BF16;DT_BF16;DT_BF16;INT32,ND;ND;ND;ND;ND,"""11823,128,2,64;11823,128,2,64""",DT_BF16;DT_BF16,ND;ND,N/A
0,4294967295,2890,46,FusedInferAttentionScore,FusedInferAttentionScore,dynamic,MIX_AIC,1790613010192274.709	,18.780,463.400000,24,48,NO,"""1,14,64;11823,128,128;11823,128,128;;2048,2048;1;1;;;;;;;;1,2;;;;;;;;;;;;;;;;""",DT_BF16;DT_BF16;DT_BF16;DT_UNDEFINED;INT8;INT64;INT64;DT_UNDEFINED;DT_UNDEFINED;DT_UNDEFINED;DT_UNDEFINED;DT_UNDEFINED;DT_UNDEFINED;DT_UNDEFINED;INT32;DT_UNDEFINED;DT_UNDEFINED;DT_UNDEFINED;DT_UNDEFINED;DT_UNDEFINED;DT_UNDEFINED;DT_UNDEFINED;DT_UNDEFINED;DT_UNDEFINED;DT_UNDEFINED;DT_UNDEFINED;DT_UNDEFINED;DT_UNDEFINED;DT_UNDEFINED;DT_UNDEFINED;DT_UNDEFINED,ND;ND;ND;NULL;ND;ND;ND;NULL;NULL;NULL;NULL;NULL;NULL;NULL;ND;NULL;NULL;NULL;NULL;NULL;NULL;NULL;NULL;NULL;NULL;NULL;NULL;NULL;NULL;NULL;NULL,"""1,14,64;""",DT_BF16;FLOAT,ND;ND,0
0,4294967295,2892,46,aclnnMatmul_MatMulCommon_MatMulV2,MatMulV2,dynamic,AI_CORE,1790613010192737.387	,5.520,443.970000,19,0,NO,"""1,896;896,896""",DT_BF16;DT_BF16,ND;ND,"""1,896""",DT_BF16,ND,N/A
0,4294967295,2893,46,AddRmsNormBias,AddRmsNormBias,dynamic,AI_VECTOR_CORE,1790613010192912.194	,1.700,169.230000,1,0,NO,"""1,896;1,896;896;""",DT_BF16;DT_BF16;DT_BF16;DT_UNDEFINED,ND;ND;ND;NULL,"""1,896;1,1;1,896""",DT_BF16;FLOAT;DT_BF16,ND;ND;ND,N/A
0,4294967295,2894,46,aclnnMatmul_MatMulCommon_MatMulV2,MatMulV2,dynamic,AI_CORE,1790613010193084.981	,19.421,171.050000,22,0,NO,"""1,896;9728,896""",DT_BF16;DT_BF16,ND;ND,"""1,9728""",DT_BF16,ND,N/A
0,4294967295,2895,46,SwiGlu,SwiGlu,dynamic,AI_VECTOR_CORE,1790613010193225.367	,2.920,120.829000,1,0,NO,"""1,9728""",DT_BF16,ND,"""1,4864""",DT_BF16,ND,N/A
0,4294967295,2896,46,aclnnMatmul_MatMulCommon_MatMulV2,MatMulV2,dynamic,AI_CORE,1790613010193366.512	,16.321,138.330000,19,0,NO,"""1,4864;896,4864""",DT_BF16;DT_BF16,ND;ND,"""1,896""",DT_BF16,ND,N/A
0,4294967295,2897,46,AddRmsNormBias,AddRmsNormBias,dynamic,AI_VECTOR_CORE,1790613010193540.119	,1.700,157.179000,1,0,NO,"""1,896;1,896;896;""",DT_BF16;DT_BF16;DT_BF16;DT_UNDEFINED,ND;ND;ND;NULL,"""1,896;1,1;1,896""",DT_BF16;FLOAT;DT_BF16,ND;ND;ND,N/A
0,4294967295,2898,46,aclnnAddmm_CastAiCore_Cast,Cast,dynamic,AI_VECTOR_CORE,1790613010193693.265	,1.200,151.550000,2,0,NO,"""1152""",DT_BF16,ND,"""1152""",FLOAT,ND,N/A
0,4294967295,2899,46,aclnnAddmm_MatMulCommon_MatMulV2,MatMulV2,dynamic,AI_CORE,1790613010193696.005	,7.381,1.550000,24,0,NO,"""1,896;1152,896;1152""",DT_BF16;DT_BF16;FLOAT,ND;ND;ND,"""1,1152""",DT_BF16,ND,N/A
0,4294967295,2900,46,_triton_rope,_triton_rope,static,AI_VECTOR_CORE,1790613010194564.640	,2.940,861.369000,1,0,YES,"""1,14,64;1,2,64;32768,64""",DT_BF16;32590;DT_BF16,ND;ND;ND,"""1,14,64;1,2,64""",DT_BF16;32590,ND;ND,N/A
0,4294967295,2901,46,ReshapeAndCacheNdKernel,ReshapeAndCacheNdKernel,dynamic,AI_VECTOR_CORE,1790613010195238.067	,1.760,670.310000,1,0,NO,"""1,2,64;1,2,64;11823,128,2,64;11823,128,2,64;1""",DT_BF16;DT_BF16;DT_BF16;DT_BF16;INT32,ND;ND;ND;ND;ND,"""11823,128,2,64;11823,128,2,64""",DT_BF16;DT_BF16,ND;ND,N/A
0,4294967295,2902,46,FusedInferAttentionScore,FusedInferAttentionScore,dynamic,MIX_AIC,1790613010195691.785	,19.601,451.990000,24,48,NO,"""1,14,64;11823,128,128;11823,128,128;;2048,2048;1;1;;;;;;;;1,2;;;;;;;;;;;;;;;;""",DT_BF16;DT_BF16;DT_BF16;DT_UNDEFINED;INT8;INT64;INT64;DT_UNDEFINED;DT_UNDEFINED;DT_UNDEFINED;DT_UNDEFINED;DT_UNDEFINED;DT_UNDEFINED;DT_UNDEFINED;INT32;DT_UNDEFINED;DT_UNDEFINED;DT_UNDEFINED;DT_UNDEFINED;DT_UNDEFINED;DT_UNDEFINED;DT_UNDEFINED;DT_UNDEFINED;DT_UNDEFINED;DT_UNDEFINED;DT_UNDEFINED;DT_UNDEFINED;DT_UNDEFINED;DT_UNDEFINED;DT_UNDEFINED;DT_UNDEFINED,ND;ND;ND;NULL;ND;ND;ND;NULL;NULL;NULL;NULL;NULL;NULL;NULL;ND;NULL;NULL;NULL;NULL;NULL;NULL;NULL;NULL;NULL;NULL;NULL;NULL;NULL;NULL;NULL;NULL,"""1,14,64;""",DT_BF16;FLOAT,ND;ND,0
0,4294967295,2904,46,aclnnMatmul_MatMulCommon_MatMulV2,MatMulV2,dynamic,AI_CORE,1790613010196173.385	,5.460,462.149000,19,0,NO,"""1,896;896,896""",DT_BF16;DT_BF16,ND;ND,"""1,896""",DT_BF16,ND,N/A
0,4294967295,2905,46,AddRmsNormBias,AddRmsNormBias,dynamic,AI_VECTOR_CORE,1790613010196346.571	,1.640,167.540000,1,0,NO,"""1,896;1,896;896;""",DT_BF16;DT_BF16;DT_BF16;DT_UNDEFINED,ND;ND;ND;NULL,"""1,896;1,1;1,896""",DT_BF16;FLOAT;DT_BF16,ND;ND;ND,N/A
0,4294967295,2906,46,aclnnMatmul_MatMulCommon_MatMulV2,MatMulV2,dynamic,AI_CORE,1790613010196497.097	,19.781,148.860000,22,0,NO,"""1,896;9728,896""",DT_BF16;DT_BF16,ND;ND,"""1,9728""",DT_BF16,ND,N/A
0,4294967295,2907,46,SwiGlu,SwiGlu,dynamic,AI_VECTOR_CORE,1790613010196616.602	,2.860,99.719000,1,0,NO,"""1,9728""",DT_BF16,ND,"""1,4864""",DT_BF16,ND,N/A
0,4294967295,2908,46,aclnnMatmul_MatMulCommon_MatMulV2,MatMulV2,dynamic,AI_CORE,1790613010196758.988	,16.241,139.640000,19,0,NO,"""1,4864;896,4864""",DT_BF16;DT_BF16,ND;ND,"""1,896""",DT_BF16,ND,N/A
0,4294967295,2909,46,AddRmsNormBias,AddRmsNormBias,dynamic,AI_VECTOR_CORE,1790613010196956.276	,1.620,181.009000,1,0,NO,"""1,896;1,896;896;""",DT_BF16;DT_BF16;DT_BF16;DT_UNDEFINED,ND;ND;ND;NULL,"""1,896;1,1;1,896""",DT_BF16;FLOAT;DT_BF16,ND;ND;ND,N/A
0,4294967295,2910,46,aclnnAddmm_CastAiCore_Cast,Cast,dynamic,AI_VECTOR_CORE,1790613010197112.822	,1.120,154.880000,2,0,NO,"""1152""",DT_BF16,ND,"""1152""",FLOAT,ND,N/A
0,4294967295,2911,46,aclnnAddmm_MatMulCommon_MatMulV2,MatMulV2,dynamic,AI_CORE,1790613010197118.562	,7.341,4.630000,24,0,NO,"""1,896;1152,896;1152""",DT_BF16;DT_BF16;FLOAT,ND;ND;ND,"""1,1152""",DT_BF16,ND,N/A
0,4294967295,2912,46,_triton_rope,_triton_rope,static,AI_VECTOR_CORE,1790613010198018.638	,2.821,892.909000,1,0,YES,"""1,14,64;1,2,64;32768,64""",DT_BF16;32590;DT_BF16,ND;ND;ND,"""1,14,64;1,2,64""",DT_BF16;32590,ND;ND,N/A
0,4294967295,2913,46,ReshapeAndCacheNdKernel,ReshapeAndCacheNdKernel,dynamic,AI_VECTOR_CORE,1790613010198684.005	,2.400,662.429000,1,0,NO,"""1,2,64;1,2,64;11823,128,2,64;11823,128,2,64;1""",DT_BF16;DT_BF16;DT_BF16;DT_BF16;INT32,ND;ND;ND;ND;ND,"""11823,128,2,64;11823,128,2,64""",DT_BF16;DT_BF16,ND;ND,N/A
0,4294967295,2914,46,FusedInferAttentionScore,FusedInferAttentionScore,dynamic,MIX_AIC,1790613010199134.383	,18.781,448.100000,24,48,NO,"""1,14,64;11823,128,128;11823,128,128;;2048,2048;1;1;;;;;;;;1,2;;;;;;;;;;;;;;;;""",DT_BF16;DT_BF16;DT_BF16;DT_UNDEFINED;INT8;INT64;INT64;DT_UNDEFINED;DT_UNDEFINED;DT_UNDEFINED;DT_UNDEFINED;DT_UNDEFINED;DT_UNDEFINED;DT_UNDEFINED;INT32;DT_UNDEFINED;DT_UNDEFINED;DT_UNDEFINED;DT_UNDEFINED;DT_UNDEFINED;DT_UNDEFINED;DT_UNDEFINED;DT_UNDEFINED;DT_UNDEFINED;DT_UNDEFINED;DT_UNDEFINED;DT_UNDEFINED;DT_UNDEFINED;DT_UNDEFINED;DT_UNDEFINED;DT_UNDEFINED,ND;ND;ND;NULL;ND;ND;ND;NULL;NULL;NULL;NULL;NULL;NULL;NULL;ND;NULL;NULL;NULL;NULL;NULL;NULL;NULL;NULL;NULL;NULL;NULL;NULL;NULL;NULL;NULL;NULL,"""1,14,64;""",DT_BF16;FLOAT,ND;ND,0
0,4294967295,2916,46,aclnnMatmul_MatMulCommon_MatMulV2,MatMulV2,dynamic,AI_CORE,1790613010199616.602	,5.881,463.219000,19,0,NO,"""1,896;896,896""",DT_BF16;DT_BF16,ND;ND,"""1,896""",DT_BF16,ND,N/A
0,4294967295,2917,46,AddRmsNormBias,AddRmsNormBias,dynamic,AI_VECTOR_CORE,1790613010199798.449	,1.700,176.119000,1,0,NO,"""1,896;1,896;896;""",DT_BF16;DT_BF16;DT_BF16;DT_UNDEFINED,ND;ND;ND;NULL,"""1,896;1,1;1,896""",DT_BF16;FLOAT;DT_BF16,ND;ND;ND,N/A
0,4294967295,2918,46,aclnnMatmul_MatMulCommon_MatMulV2,MatMulV2,dynamic,AI_CORE,1790613010199958.536	,19.781,158.300000,22,0,NO,"""1,896;9728,896""",DT_BF16;DT_BF16,ND;ND,"""1,9728""",DT_BF16,ND,N/A
0,4294967295,2919,46,SwiGlu,SwiGlu,dynamic,AI_VECTOR_CORE,1790613010200081.601	,2.940,103.219000,1,0,NO,"""1,9728""",DT_BF16,ND,"""1,4864""",DT_BF16,ND,N/A
0,4294967295,2920,46,aclnnMatmul_MatMulCommon_MatMulV2,MatMulV2,dynamic,AI_CORE,1790613010200218.186	,16.441,133.810000,19,0,NO,"""1,4864;896,4864""",DT_BF16;DT_BF16,ND;ND,"""1,896""",DT_BF16,ND,N/A
0,4294967295,2921,46,AddRmsNormBias,AddRmsNormBias,dynamic,AI_VECTOR_CORE,1790613010200385.613	,2.100,150.809000,1,0,NO,"""1,896;1,896;896;""",DT_BF16;DT_BF16;DT_BF16;DT_UNDEFINED,ND;ND;ND;NULL,"""1,896;1,1;1,896""",DT_BF16;FLOAT;DT_BF16,ND;ND;ND,N/A
0,4294967295,2922,46,aclnnAddmm_CastAiCore_Cast,Cast,dynamic,AI_VECTOR_CORE,1790613010200540.539	,1.200,152.900000,2,0,NO,"""1152""",DT_BF16,ND,"""1152""",FLOAT,ND,N/A
0,4294967295,2923,46,aclnnAddmm_MatMulCommon_MatMulV2,MatMulV2,dynamic,AI_CORE,1790613010200542.879	,7.620,1.300000,24,0,NO,"""1,896;1152,896;1152""",DT_BF16;DT_BF16;FLOAT,ND;ND;ND,"""1,1152""",DT_BF16,ND,N/A
0,4294967295,2924,46,_triton_rope,_triton_rope,static,AI_VECTOR_CORE,1790613010201406.514	,2.900,855.880000,1,0,YES,"""1,14,64;1,2,64;32768,64""",DT_BF16;32590;DT_BF16,ND;ND;ND,"""1,14,64;1,2,64""",DT_BF16;32590,ND;ND,N/A
0,4294967295,2925,46,ReshapeAndCacheNdKernel,ReshapeAndCacheNdKernel,dynamic,AI_VECTOR_CORE,1790613010202075.361	,2.360,665.850000,1,0,NO,"""1,2,64;1,2,64;11823,128,2,64;11823,128,2,64;1""",DT_BF16;DT_BF16;DT_BF16;DT_BF16;INT32,ND;ND;ND;ND;ND,"""11823,128,2,64;11823,128,2,64""",DT_BF16;DT_BF16,ND;ND,N/A
0,4294967295,2926,46,FusedInferAttentionScore,FusedInferAttentionScore,dynamic,MIX_AIC,1790613010202530.839	,22.101,453.140000,24,48,NO,"""1,14,64;11823,128,128;11823,128,128;;2048,2048;1;1;;;;;;;;1,2;;;;;;;;;;;;;;;;""",DT_BF16;DT_BF16;DT_BF16;DT_UNDEFINED;INT8;INT64;INT64;DT_UNDEFINED;DT_UNDEFINED;DT_UNDEFINED;DT_UNDEFINED;DT_UNDEFINED;DT_UNDEFINED;DT_UNDEFINED;INT32;DT_UNDEFINED;DT_UNDEFINED;DT_UNDEFINED;DT_UNDEFINED;DT_UNDEFINED;DT_UNDEFINED;DT_UNDEFINED;DT_UNDEFINED;DT_UNDEFINED;DT_UNDEFINED;DT_UNDEFINED;DT_UNDEFINED;DT_UNDEFINED;DT_UNDEFINED;DT_UNDEFINED;DT_UNDEFINED,ND;ND;ND;NULL;ND;ND;ND;NULL;NULL;NULL;NULL;NULL;NULL;NULL;ND;NULL;NULL;NULL;NULL;NULL;NULL;NULL;NULL;NULL;NULL;NULL;NULL;NULL;NULL;NULL;NULL,"""1,14,64;""",DT_BF16;FLOAT,ND;ND,0
0,4294967295,2928,46,aclnnMatmul_MatMulCommon_MatMulV2,MatMulV2,dynamic,AI_CORE,1790613010202986.557	,5.300,433.649000,19,0,NO,"""1,896;896,896""",DT_BF16;DT_BF16,ND;ND,"""1,896""",DT_BF16,ND,N/A
0,4294967295,2929,46,AddRmsNormBias,AddRmsNormBias,dynamic,AI_VECTOR_CORE,1790613010203159.284	,1.640,167.450000,1,0,NO,"""1,896;1,896;896;""",DT_BF16;DT_BF16;DT_BF16;DT_UNDEFINED,ND;ND;ND;NULL,"""1,896;1,1;1,896""",DT_BF16;FLOAT;DT_BF16,ND;ND;ND,N/A
0,4294967295,2930,46,aclnnMatmul_MatMulCommon_MatMulV2,MatMulV2,dynamic,AI_CORE,1790613010203325.211	,19.320,164.360000,22,0,NO,"""1,896;9728,896""",DT_BF16;DT_BF16,ND;ND,"""1,9728""",DT_BF16,ND,N/A
0,4294967295,2931,46,SwiGlu,SwiGlu,dynamic,AI_VECTOR_CORE,1790613010203456.516	,4.100,111.930000,1,0,NO,"""1,9728""",DT_BF16,ND,"""1,4864""",DT_BF16,ND,N/A
0,4294967295,2932,46,aclnnMatmul_MatMulCommon_MatMulV2,MatMulV2,dynamic,AI_CORE,1790613010203607.342	,16.320,146.650000,19,0,NO,"""1,4864;896,4864""",DT_BF16;DT_BF16,ND;ND,"""1,896""",DT_BF16,ND,N/A
0,4294967295,2933,46,AddRmsNormBias,AddRmsNormBias,dynamic,AI_VECTOR_CORE,1790613010203782.569	,1.820,158.930000,1,0,NO,"""1,896;1,896;896;""",DT_BF16;DT_BF16;DT_BF16;DT_UNDEFINED,ND;ND;ND;NULL,"""1,896;1,1;1,896""",DT_BF16;FLOAT;DT_BF16,ND;ND;ND,N/A
0,4294967295,2934,46,aclnnAddmm_CastAiCore_Cast,Cast,dynamic,AI_VECTOR_CORE,1790613010203936.535	,1.180,152.180000,2,0,NO,"""1152""",DT_BF16,ND,"""1152""",FLOAT,ND,N/A
0,4294967295,2935,46,aclnnAddmm_MatMulCommon_MatMulV2,MatMulV2,dynamic,AI_CORE,1790613010203938.955	,7.500,1.320000,24,0,NO,"""1,896;1152,896;1152""",DT_BF16;DT_BF16;FLOAT,ND;ND;ND,"""1,1152""",DT_BF16,ND,N/A
0,4294967295,2936,46,_triton_rope,_triton_rope,static,AI_VECTOR_CORE,1790613010204802.889	,2.881,856.500000,1,0,YES,"""1,14,64;1,2,64;32768,64""",DT_BF16;32590;DT_BF16,ND;ND;ND,"""1,14,64;1,2,64""",DT_BF16;32590,ND;ND,N/A
0,4294967295,2937,46,ReshapeAndCacheNdKernel,ReshapeAndCacheNdKernel,dynamic,AI_VECTOR_CORE,1790613010205483.257	,1.760,677.369000,1,0,NO,"""1,2,64;1,2,64;11823,128,2,64;11823,128,2,64;1""",DT_BF16;DT_BF16;DT_BF16;DT_BF16;INT32,ND;ND;ND;ND;ND,"""11823,128,2,64;11823,128,2,64""",DT_BF16;DT_BF16,ND;ND,N/A
0,4294967295,2938,46,FusedInferAttentionScore,FusedInferAttentionScore,dynamic,MIX_AIC,1790613010205955.576	,23.221,470.490000,24,48,NO,"""1,14,64;11823,128,128;11823,128,128;;2048,2048;1;1;;;;;;;;1,2;;;;;;;;;;;;;;;;""",DT_BF16;DT_BF16;DT_BF16;DT_UNDEFINED;INT8;INT64;INT64;DT_UNDEFINED;DT_UNDEFINED;DT_UNDEFINED;DT_UNDEFINED;DT_UNDEFINED;DT_UNDEFINED;DT_UNDEFINED;INT32;DT_UNDEFINED;DT_UNDEFINED;DT_UNDEFINED;DT_UNDEFINED;DT_UNDEFINED;DT_UNDEFINED;DT_UNDEFINED;DT_UNDEFINED;DT_UNDEFINED;DT_UNDEFINED;DT_UNDEFINED;DT_UNDEFINED;DT_UNDEFINED;DT_UNDEFINED;DT_UNDEFINED;DT_UNDEFINED,ND;ND;ND;NULL;ND;ND;ND;NULL;NULL;NULL;NULL;NULL;NULL;NULL;ND;NULL;NULL;NULL;NULL;NULL;NULL;NULL;NULL;NULL;NULL;NULL;NULL;NULL;NULL;NULL;NULL,"""1,14,64;""",DT_BF16;FLOAT,ND;ND,0
0,4294967295,2940,46,aclnnMatmul_MatMulCommon_MatMulV2,MatMulV2,dynamic,AI_CORE,1790613010206417.034	,5.340,438.279000,19,0,NO,"""1,896;896,896""",DT_BF16;DT_BF16,ND;ND,"""1,896""",DT_BF16,ND,N/A
0,4294967295,2941,46,AddRmsNormBias,AddRmsNormBias,dynamic,AI_VECTOR_CORE,1790613010206593.101	,1.740,170.660000,1,0,NO,"""1,896;1,896;896;""",DT_BF16;DT_BF16;DT_BF16;DT_UNDEFINED,ND;ND;ND;NULL,"""1,896;1,1;1,896""",DT_BF16;FLOAT;DT_BF16,ND;ND;ND,N/A
0,4294967295,2942,46,aclnnMatmul_MatMulCommon_MatMulV2,MatMulV2,dynamic,AI_CORE,1790613010206757.948	,20.721,163.260000,22,0,NO,"""1,896;9728,896""",DT_BF16;DT_BF16,ND;ND,"""1,9728""",DT_BF16,ND,N/A
0,4294967295,2943,46,SwiGlu,SwiGlu,dynamic,AI_VECTOR_CORE,1790613010206890.713	,2.940,112.029000,1,0,NO,"""1,9728""",DT_BF16,ND,"""1,4864""",DT_BF16,ND,N/A
0,4294967295,2944,46,aclnnMatmul_MatMulCommon_MatMulV2,MatMulV2,dynamic,AI_CORE,1790613010207029.079	,16.200,135.310000,19,0,NO,"""1,4864;896,4864""",DT_BF16;DT_BF16,ND;ND,"""1,896""",DT_BF16,ND,N/A
0,4294967295,2945,46,AddRmsNormBias,AddRmsNormBias,dynamic,AI_VECTOR_CORE,1790613010207201.205	,1.680,156.050000,1,0,NO,"""1,896;1,896;896;""",DT_BF16;DT_BF16;DT_BF16;DT_UNDEFINED,ND;ND;ND;NULL,"""1,896;1,1;1,896""",DT_BF16;FLOAT;DT_BF16,ND;ND;ND,N/A
0,4294967295,2946,46,aclnnAddmm_CastAiCore_Cast,Cast,dynamic,AI_VECTOR_CORE,1790613010207361.172	,1.140,158.320000,2,0,NO,"""1152""",DT_BF16,ND,"""1152""",FLOAT,ND,N/A
0,4294967295,2947,46,aclnnAddmm_MatMulCommon_MatMulV2,MatMulV2,dynamic,AI_CORE,1790613010207363.732	,7.260,1.360000,24,0,NO,"""1,896;1152,896;1152""",DT_BF16;DT_BF16;FLOAT,ND;ND;ND,"""1,1152""",DT_BF16,ND,N/A
0,4294967295,2948,46,_triton_rope,_triton_rope,static,AI_VECTOR_CORE,1790613010208229.747	,2.860,858.740000,1,0,YES,"""1,14,64;1,2,64;32768,64""",DT_BF16;32590;DT_BF16,ND;ND;ND,"""1,14,64;1,2,64""",DT_BF16;32590,ND;ND,N/A
0,4294967295,2949,46,ReshapeAndCacheNdKernel,ReshapeAndCacheNdKernel,dynamic,AI_VECTOR_CORE,1790613010208892.853	,1.620,660.140000,1,0,NO,"""1,2,64;1,2,64;11823,128,2,64;11823,128,2,64;1""",DT_BF16;DT_BF16;DT_BF16;DT_BF16;INT32,ND;ND;ND;ND;ND,"""11823,128,2,64;11823,128,2,64""",DT_BF16;DT_BF16,ND;ND,N/A
0,4294967295,2950,46,FusedInferAttentionScore,FusedInferAttentionScore,dynamic,MIX_AIC,1790613010209361.092	,18.181,466.630000,24,48,NO,"""1,14,64;11823,128,128;11823,128,128;;2048,2048;1;1;;;;;;;;1,2;;;;;;;;;;;;;;;;""",DT_BF16;DT_BF16;DT_BF16;DT_UNDEFINED;INT8;INT64;INT64;DT_UNDEFINED;DT_UNDEFINED;DT_UNDEFINED;DT_UNDEFINED;DT_UNDEFINED;DT_UNDEFINED;DT_UNDEFINED;INT32;DT_UNDEFINED;DT_UNDEFINED;DT_UNDEFINED;DT_UNDEFINED;DT_UNDEFINED;DT_UNDEFINED;DT_UNDEFINED;DT_UNDEFINED;DT_UNDEFINED;DT_UNDEFINED;DT_UNDEFINED;DT_UNDEFINED;DT_UNDEFINED;DT_UNDEFINED;DT_UNDEFINED;DT_UNDEFINED,ND;ND;ND;NULL;ND;ND;ND;NULL;NULL;NULL;NULL;NULL;NULL;NULL;ND;NULL;NULL;NULL;NULL;NULL;NULL;NULL;NULL;NULL;NULL;NULL;NULL;NULL;NULL;NULL;NULL,"""1,14,64;""",DT_BF16;FLOAT,ND;ND,0
0,4294967295,2952,46,aclnnMatmul_MatMulCommon_MatMulV2,MatMulV2,dynamic,AI_CORE,1790613010209837.371	,5.340,458.069000,19,0,NO,"""1,896;896,896""",DT_BF16;DT_BF16,ND;ND,"""1,896""",DT_BF16,ND,N/A
0,4294967295,2953,46,AddRmsNormBias,AddRmsNormBias,dynamic,AI_VECTOR_CORE,1790613010210005.737	,1.721,163.160000,1,0,NO,"""1,896;1,896;896;""",DT_BF16;DT_BF16;DT_BF16;DT_UNDEFINED,ND;ND;ND;NULL,"""1,896;1,1;1,896""",DT_BF16;FLOAT;DT_BF16,ND;ND;ND,N/A
0,4294967295,2954,46,aclnnMatmul_MatMulCommon_MatMulV2,MatMulV2,dynamic,AI_CORE,1790613010210160.444	,22.341,153.029000,22,0,NO,"""1,896;9728,896""",DT_BF16;DT_BF16,ND;ND,"""1,9728""",DT_BF16,ND,N/A
0,4294967295,2955,46,SwiGlu,SwiGlu,dynamic,AI_VECTOR_CORE,1790613010210284.889	,2.940,102.159000,1,0,NO,"""1,9728""",DT_BF16,ND,"""1,4864""",DT_BF16,ND,N/A
0,4294967295,2956,46,aclnnMatmul_MatMulCommon_MatMulV2,MatMulV2,dynamic,AI_CORE,1790613010210429.715	,16.340,141.810000,19,0,NO,"""1,4864;896,4864""",DT_BF16;DT_BF16,ND;ND,"""1,896""",DT_BF16,ND,N/A
0,4294967295,2957,46,AddRmsNormBias,AddRmsNormBias,dynamic,AI_VECTOR_CORE,1790613010210606.522	,1.720,160.410000,1,0,NO,"""1,896;1,896;896;""",DT_BF16;DT_BF16;DT_BF16;DT_UNDEFINED,ND;ND;ND;NULL,"""1,896;1,1;1,896""",DT_BF16;FLOAT;DT_BF16,ND;ND;ND,N/A
0,4294967295,2958,46,aclnnAddmm_CastAiCore_Cast,Cast,dynamic,AI_VECTOR_CORE,1790613010210764.948	,1.480,156.780000,2,0,NO,"""1152""",DT_BF16,ND,"""1152""",FLOAT,ND,N/A
0,4294967295,2959,46,aclnnAddmm_MatMulCommon_MatMulV2,MatMulV2,dynamic,AI_CORE,1790613010210767.788	,7.360,1.270000,24,0,NO,"""1,896;1152,896;1152""",DT_BF16;DT_BF16;FLOAT,ND;ND;ND,"""1,1152""",DT_BF16,ND,N/A
0,4294967295,2960,46,_triton_rope,_triton_rope,static,AI_VECTOR_CORE,1790613010211616.402	,3.240,841.390000,1,0,YES,"""1,14,64;1,2,64;32768,64""",DT_BF16;32590;DT_BF16,ND;ND;ND,"""1,14,64;1,2,64""",DT_BF16;32590,ND;ND,N/A
0,4294967295,2961,46,ReshapeAndCacheNdKernel,ReshapeAndCacheNdKernel,dynamic,AI_VECTOR_CORE,1790613010212295.409	,2.640,675.760000,1,0,NO,"""1,2,64;1,2,64;11823,128,2,64;11823,128,2,64;1""",DT_BF16;DT_BF16;DT_BF16;DT_BF16;INT32,ND;ND;ND;ND;ND,"""11823,128,2,64;11823,128,2,64""",DT_BF16;DT_BF16,ND;ND,N/A
0,4294967295,2962,46,FusedInferAttentionScore,FusedInferAttentionScore,dynamic,MIX_AIC,1790613010212734.627	,19.860,436.610000,24,48,NO,"""1,14,64;11823,128,128;11823,128,128;;2048,2048;1;1;;;;;;;;1,2;;;;;;;;;;;;;;;;""",DT_BF16;DT_BF16;DT_BF16;DT_UNDEFINED;INT8;INT64;INT64;DT_UNDEFINED;DT_UNDEFINED;DT_UNDEFINED;DT_UNDEFINED;DT_UNDEFINED;DT_UNDEFINED;DT_UNDEFINED;INT32;DT_UNDEFINED;DT_UNDEFINED;DT_UNDEFINED;DT_UNDEFINED;DT_UNDEFINED;DT_UNDEFINED;DT_UNDEFINED;DT_UNDEFINED;DT_UNDEFINED;DT_UNDEFINED;DT_UNDEFINED;DT_UNDEFINED;DT_UNDEFINED;DT_UNDEFINED;DT_UNDEFINED;DT_UNDEFINED,ND;ND;ND;NULL;ND;ND;ND;NULL;NULL;NULL;NULL;NULL;NULL;NULL;ND;NULL;NULL;NULL;NULL;NULL;NULL;NULL;NULL;NULL;NULL;NULL;NULL;NULL;NULL;NULL;NULL,"""1,14,64;""",DT_BF16;FLOAT,ND;ND,0
0,4294967295,2964,46,aclnnMatmul_MatMulCommon_MatMulV2,MatMulV2,dynamic,AI_CORE,1790613010213227.606	,5.581,472.890000,19,0,NO,"""1,896;896,896""",DT_BF16;DT_BF16,ND;ND,"""1,896""",DT_BF16,ND,N/A
0,4294967295,2965,46,AddRmsNormBias,AddRmsNormBias,dynamic,AI_VECTOR_CORE,1790613010213402.913	,1.680,169.919000,1,0,NO,"""1,896;1,896;896;""",DT_BF16;DT_BF16;DT_BF16;DT_UNDEFINED,ND;ND;ND;NULL,"""1,896;1,1;1,896""",DT_BF16;FLOAT;DT_BF16,ND;ND;ND,N/A
0,4294967295,2966,46,aclnnMatmul_MatMulCommon_MatMulV2,MatMulV2,dynamic,AI_CORE,1790613010213555.839	,19.721,151.070000,22,0,NO,"""1,896;9728,896""",DT_BF16;DT_BF16,ND;ND,"""1,9728""",DT_BF16,ND,N/A
0,4294967295,2967,46,SwiGlu,SwiGlu,dynamic,AI_VECTOR_CORE,1790613010213674.024	,2.880,98.529000,1,0,NO,"""1,9728""",DT_BF16,ND,"""1,4864""",DT_BF16,ND,N/A
0,4294967295,2968,46,aclnnMatmul_MatMulCommon_MatMulV2,MatMulV2,dynamic,AI_CORE,1790613010213807.349	,16.621,130.370000,19,0,NO,"""1,4864;896,4864""",DT_BF16;DT_BF16,ND;ND,"""1,896""",DT_BF16,ND,N/A
0,4294967295,2969,46,AddRmsNormBias,AddRmsNormBias,dynamic,AI_VECTOR_CORE,1790613010213983.857	,1.700,159.879000,1,0,NO,"""1,896;1,896;896;""",DT_BF16;DT_BF16;DT_BF16;DT_UNDEFINED,ND;ND;ND;NULL,"""1,896;1,1;1,896""",DT_BF16;FLOAT;DT_BF16,ND;ND;ND,N/A
0,4294967295,2970,46,aclnnAddmm_CastAiCore_Cast,Cast,dynamic,AI_VECTOR_CORE,1790613010214160.744	,1.120,175.300000,2,0,NO,"""1152""",DT_BF16,ND,"""1152""",FLOAT,ND,N/A
0,4294967295,2971,46,aclnnAddmm_MatMulCommon_MatMulV2,MatMulV2,dynamic,AI_CORE,1790613010214163.464	,7.820,1.630000,24,0,NO,"""1,896;1152,896;1152""",DT_BF16;DT_BF16;FLOAT,ND;ND;ND,"""1,1152""",DT_BF16,ND,N/A
0,4294967295,2972,46,_triton_rope,_triton_rope,static,AI_VECTOR_CORE,1790613010215026.358	,2.900,854.930000,1,0,YES,"""1,14,64;1,2,64;32768,64""",DT_BF16;32590;DT_BF16,ND;ND;ND,"""1,14,64;1,2,64""",DT_BF16;32590,ND;ND,N/A
0,4294967295,2973,46,ReshapeAndCacheNdKernel,ReshapeAndCacheNdKernel,dynamic,AI_VECTOR_CORE,1790613010215705.085	,1.560,675.850000,1,0,NO,"""1,2,64;1,2,64;11823,128,2,64;11823,128,2,64;1""",DT_BF16;DT_BF16;DT_BF16;DT_BF16;INT32,ND;ND;ND;ND;ND,"""11823,128,2,64;11823,128,2,64""",DT_BF16;DT_BF16,ND;ND,N/A
0,4294967295,2974,46,FusedInferAttentionScore,FusedInferAttentionScore,dynamic,MIX_AIC,1790613010216151.283	,16.781,444.690000,24,48,NO,"""1,14,64;11823,128,128;11823,128,128;;2048,2048;1;1;;;;;;;;1,2;;;;;;;;;;;;;;;;""",DT_BF16;DT_BF16;DT_BF16;DT_UNDEFINED;INT8;INT64;INT64;DT_UNDEFINED;DT_UNDEFINED;DT_UNDEFINED;DT_UNDEFINED;DT_UNDEFINED;DT_UNDEFINED;DT_UNDEFINED;INT32;DT_UNDEFINED;DT_UNDEFINED;DT_UNDEFINED;DT_UNDEFINED;DT_UNDEFINED;DT_UNDEFINED;DT_UNDEFINED;DT_UNDEFINED;DT_UNDEFINED;DT_UNDEFINED;DT_UNDEFINED;DT_UNDEFINED;DT_UNDEFINED;DT_UNDEFINED;DT_UNDEFINED;DT_UNDEFINED,ND;ND;ND;NULL;ND;ND;ND;NULL;NULL;NULL;NULL;NULL;NULL;NULL;ND;NULL;NULL;NULL;NULL;NULL;NULL;NULL;NULL;NULL;NULL;NULL;NULL;NULL;NULL;NULL;NULL,"""1,14,64;""",DT_BF16;FLOAT,ND;ND,0
0,4294967295,2976,46,aclnnMatmul_MatMulCommon_MatMulV2,MatMulV2,dynamic,AI_CORE,1790613010216644.023	,5.300,475.969000,19,0,NO,"""1,896;896,896""",DT_BF16;DT_BF16,ND;ND,"""1,896""",DT_BF16,ND,N/A
0,4294967295,2977,46,AddRmsNormBias,AddRmsNormBias,dynamic,AI_VECTOR_CORE,1790613010216837.491	,1.720,188.200000,1,0,NO,"""1,896;1,896;896;""",DT_BF16;DT_BF16;DT_BF16;DT_UNDEFINED,ND;ND;ND;NULL,"""1,896;1,1;1,896""",DT_BF16;FLOAT;DT_BF16,ND;ND;ND,N/A
0,4294967295,2978,46,aclnnMatmul_MatMulCommon_MatMulV2,MatMulV2,dynamic,AI_CORE,1790613010217000.217	,19.321,161.030000,22,0,NO,"""1,896;9728,896""",DT_BF16;DT_BF16,ND;ND,"""1,9728""",DT_BF16,ND,N/A
0,4294967295,2979,46,SwiGlu,SwiGlu,dynamic,AI_VECTOR_CORE,1790613010217128.302	,2.881,108.679000,1,0,NO,"""1,9728""",DT_BF16,ND,"""1,4864""",DT_BF16,ND,N/A
0,4294967295,2980,46,aclnnMatmul_MatMulCommon_MatMulV2,MatMulV2,dynamic,AI_CORE,1790613010217314.730	,16.240,183.619000,19,0,NO,"""1,4864;896,4864""",DT_BF16;DT_BF16,ND;ND,"""1,896""",DT_BF16,ND,N/A
0,4294967295,2981,46,AddRmsNormBias,AddRmsNormBias,dynamic,AI_VECTOR_CORE,1790613010217501.237	,1.720,170.260000,1,0,NO,"""1,896;1,896;896;""",DT_BF16;DT_BF16;DT_BF16;DT_UNDEFINED,ND;ND;ND;NULL,"""1,896;1,1;1,896""",DT_BF16;FLOAT;DT_BF16,ND;ND;ND,N/A
0,4294967295,2982,46,aclnnAddmm_CastAiCore_Cast,Cast,dynamic,AI_VECTOR_CORE,1790613010217657.843	,1.380,154.780000,2,0,NO,"""1152""",DT_BF16,ND,"""1152""",FLOAT,ND,N/A
0,4294967295,2983,46,aclnnAddmm_MatMulCommon_MatMulV2,MatMulV2,dynamic,AI_CORE,1790613010217660.184	,7.320,1.120000,24,0,NO,"""1,896;1152,896;1152""",DT_BF16;DT_BF16;FLOAT,ND;ND;ND,"""1,1152""",DT_BF16,ND,N/A
0,4294967295,2984,46,_triton_rope,_triton_rope,static,AI_VECTOR_CORE,1790613010218531.819	,2.960,864.180000,1,0,YES,"""1,14,64;1,2,64;32768,64""",DT_BF16;32590;DT_BF16,ND;ND;ND,"""1,14,64;1,2,64""",DT_BF16;32590,ND;ND,N/A
0,4294967295,2985,46,ReshapeAndCacheNdKernel,ReshapeAndCacheNdKernel,dynamic,AI_VECTOR_CORE,1790613010219209.565	,1.661,674.790000,1,0,NO,"""1,2,64;1,2,64;11823,128,2,64;11823,128,2,64;1""",DT_BF16;DT_BF16;DT_BF16;DT_BF16;INT32,ND;ND;ND;ND;ND,"""11823,128,2,64;11823,128,2,64""",DT_BF16;DT_BF16,ND;ND,N/A
0,4294967295,2986,46,FusedInferAttentionScore,FusedInferAttentionScore,dynamic,MIX_AIC,1790613010219679.524	,22.581,468.339000,24,48,NO,"""1,14,64;11823,128,128;11823,128,128;;2048,2048;1;1;;;;;;;;1,2;;;;;;;;;;;;;;;;""",DT_BF16;DT_BF16;DT_BF16;DT_UNDEFINED;INT8;INT64;INT64;DT_UNDEFINED;DT_UNDEFINED;DT_UNDEFINED;DT_UNDEFINED;DT_UNDEFINED;DT_UNDEFINED;DT_UNDEFINED;INT32;DT_UNDEFINED;DT_UNDEFINED;DT_UNDEFINED;DT_UNDEFINED;DT_UNDEFINED;DT_UNDEFINED;DT_UNDEFINED;DT_UNDEFINED;DT_UNDEFINED;DT_UNDEFINED;DT_UNDEFINED;DT_UNDEFINED;DT_UNDEFINED;DT_UNDEFINED;DT_UNDEFINED;DT_UNDEFINED,ND;ND;ND;NULL;ND;ND;ND;NULL;NULL;NULL;NULL;NULL;NULL;NULL;ND;NULL;NULL;NULL;NULL;NULL;NULL;NULL;NULL;NULL;NULL;NULL;NULL;NULL;NULL;NULL;NULL,"""1,14,64;""",DT_BF16;FLOAT,ND;ND,0
0,4294967295,2988,46,aclnnMatmul_MatMulCommon_MatMulV2,MatMulV2,dynamic,AI_CORE,1790613010220149.083	,5.320,446.919000,19,0,NO,"""1,896;896,896""",DT_BF16;DT_BF16,ND;ND,"""1,896""",DT_BF16,ND,N/A
0,4294967295,2989,46,AddRmsNormBias,AddRmsNormBias,dynamic,AI_VECTOR_CORE,1790613010220321.650	,1.720,167.430000,1,0,NO,"""1,896;1,896;896;""",DT_BF16;DT_BF16;DT_BF16;DT_UNDEFINED,ND;ND;ND;NULL,"""1,896;1,1;1,896""",DT_BF16;FLOAT;DT_BF16,ND;ND;ND,N/A
0,4294967295,2990,46,aclnnMatmul_MatMulCommon_MatMulV2,MatMulV2,dynamic,AI_CORE,1790613010220481.436	,20.201,158.030000,22,0,NO,"""1,896;9728,896""",DT_BF16;DT_BF16,ND;ND,"""1,9728""",DT_BF16,ND,N/A
0,4294967295,2991,46,SwiGlu,SwiGlu,dynamic,AI_VECTOR_CORE,1790613010220597.761	,2.840,96.049000,1,0,NO,"""1,9728""",DT_BF16,ND,"""1,4864""",DT_BF16,ND,N/A
0,4294967295,2992,46,aclnnMatmul_MatMulCommon_MatMulV2,MatMulV2,dynamic,AI_CORE,1790613010220751.427	,16.481,150.910000,19,0,NO,"""1,4864;896,4864""",DT_BF16;DT_BF16,ND;ND,"""1,896""",DT_BF16,ND,N/A
0,4294967295,2993,46,AddRmsNormBias,AddRmsNormBias,dynamic,AI_VECTOR_CORE,1790613010220922.034	,1.740,154.019000,1,0,NO,"""1,896;1,896;896;""",DT_BF16;DT_BF16;DT_BF16;DT_UNDEFINED,ND;ND;ND;NULL,"""1,896;1,1;1,896""",DT_BF16;FLOAT;DT_BF16,ND;ND;ND,N/A
0,4294967295,2994,46,aclnnAddmm_CastAiCore_Cast,Cast,dynamic,AI_VECTOR_CORE,1790613010221078.120	,1.160,154.260000,2,0,NO,"""1152""",DT_BF16,ND,"""1152""",FLOAT,ND,N/A
0,4294967295,2995,46,aclnnAddmm_MatMulCommon_MatMulV2,MatMulV2,dynamic,AI_CORE,1790613010221080.540	,7.621,1.340000,24,0,NO,"""1,896;1152,896;1152""",DT_BF16;DT_BF16;FLOAT,ND;ND;ND,"""1,1152""",DT_BF16,ND,N/A
0,4294967295,2996,46,_triton_rope,_triton_rope,static,AI_VECTOR_CORE,1790613010221951.915	,2.880,863.879000,1,0,YES,"""1,14,64;1,2,64;32768,64""",DT_BF16;32590;DT_BF16,ND;ND;ND,"""1,14,64;1,2,64""",DT_BF16;32590,ND;ND,N/A
0,4294967295,2997,46,ReshapeAndCacheNdKernel,ReshapeAndCacheNdKernel,dynamic,AI_VECTOR_CORE,1790613010222630.142	,1.600,675.370000,1,0,NO,"""1,2,64;1,2,64;11823,128,2,64;11823,128,2,64;1""",DT_BF16;DT_BF16;DT_BF16;DT_BF16;INT32,ND;ND;ND;ND;ND,"""11823,128,2,64;11823,128,2,64""",DT_BF16;DT_BF16,ND;ND,N/A
0,4294967295,2998,46,FusedInferAttentionScore,FusedInferAttentionScore,dynamic,MIX_AIC,1790613010223079.620	,21.261,447.650000,24,48,NO,"""1,14,64;11823,128,128;11823,128,128;;2048,2048;1;1;;;;;;;;1,2;;;;;;;;;;;;;;;;""",DT_BF16;DT_BF16;DT_BF16;DT_UNDEFINED;INT8;INT64;INT64;DT_UNDEFINED;DT_UNDEFINED;DT_UNDEFINED;DT_UNDEFINED;DT_UNDEFINED;DT_UNDEFINED;DT_UNDEFINED;INT32;DT_UNDEFINED;DT_UNDEFINED;DT_UNDEFINED;DT_UNDEFINED;DT_UNDEFINED;DT_UNDEFINED;DT_UNDEFINED;DT_UNDEFINED;DT_UNDEFINED;DT_UNDEFINED;DT_UNDEFINED;DT_UNDEFINED;DT_UNDEFINED;DT_UNDEFINED;DT_UNDEFINED;DT_UNDEFINED,ND;ND;ND;NULL;ND;ND;ND;NULL;NULL;NULL;NULL;NULL;NULL;NULL;ND;NULL;NULL;NULL;NULL;NULL;NULL;NULL;NULL;NULL;NULL;NULL;NULL;NULL;NULL;NULL;NULL,"""1,14,64;""",DT_BF16;FLOAT,ND;ND,0
0,4294967295,3000,46,aclnnMatmul_MatMulCommon_MatMulV2,MatMulV2,dynamic,AI_CORE,1790613010223549.819	,5.580,448.989000,19,0,NO,"""1,896;896,896""",DT_BF16;DT_BF16,ND;ND,"""1,896""",DT_BF16,ND,N/A
0,4294967295,3001,46,AddRmsNormBias,AddRmsNormBias,dynamic,AI_VECTOR_CORE,1790613010223725.506	,1.720,170.170000,1,0,NO,"""1,896;1,896;896;""",DT_BF16;DT_BF16;DT_BF16;DT_UNDEFINED,ND;ND;ND;NULL,"""1,896;1,1;1,896""",DT_BF16;FLOAT;DT_BF16,ND;ND;ND,N/A
0,4294967295,3002,46,aclnnMatmul_MatMulCommon_MatMulV2,MatMulV2,dynamic,AI_CORE,1790613010223874.512	,19.361,147.280000,22,0,NO,"""1,896;9728,896""",DT_BF16;DT_BF16,ND;ND,"""1,9728""",DT_BF16,ND,N/A
0,4294967295,3003,46,SwiGlu,SwiGlu,dynamic,AI_VECTOR_CORE,1790613010224005.997	,3.000,112.139000,1,0,NO,"""1,9728""",DT_BF16,ND,"""1,4864""",DT_BF16,ND,N/A
0,4294967295,3004,46,aclnnMatmul_MatMulCommon_MatMulV2,MatMulV2,dynamic,AI_CORE,1790613010224148.543	,16.601,139.500000,19,0,NO,"""1,4864;896,4864""",DT_BF16;DT_BF16,ND;ND,"""1,896""",DT_BF16,ND,N/A
0,4294967295,3005,46,AddRmsNormBias,AddRmsNormBias,dynamic,AI_VECTOR_CORE,1790613010224326.650	,1.660,161.649000,1,0,NO,"""1,896;1,896;896;""",DT_BF16;DT_BF16;DT_BF16;DT_UNDEFINED,ND;ND;ND;NULL,"""1,896;1,1;1,896""",DT_BF16;FLOAT;DT_BF16,ND;ND;ND,N/A
0,4294967295,3006,46,aclnnAddmm_CastAiCore_Cast,Cast,dynamic,AI_VECTOR_CORE,1790613010224484.697	,1.140,156.340000,2,0,NO,"""1152""",DT_BF16,ND,"""1152""",FLOAT,ND,N/A
0,4294967295,3007,46,aclnnAddmm_MatMulCommon_MatMulV2,MatMulV2,dynamic,AI_CORE,1790613010224487.177	,7.920,1.360000,24,0,NO,"""1,896;1152,896;1152""",DT_BF16;DT_BF16;FLOAT,ND;ND;ND,"""1,1152""",DT_BF16,ND,N/A
0,4294967295,3008,46,_triton_rope,_triton_rope,static,AI_VECTOR_CORE,1790613010225368.232	,2.780,873.080000,1,0,YES,"""1,14,64;1,2,64;32768,64""",DT_BF16;32590;DT_BF16,ND;ND;ND,"""1,14,64;1,2,64""",DT_BF16;32590,ND;ND,N/A
0,4294967295,3009,46,ReshapeAndCacheNdKernel,ReshapeAndCacheNdKernel,dynamic,AI_VECTOR_CORE,1790613010226046.119	,1.940,674.970000,1,0,NO,"""1,2,64;1,2,64;11823,128,2,64;11823,128,2,64;1""",DT_BF16;DT_BF16;DT_BF16;DT_BF16;INT32,ND;ND;ND;ND;ND,"""11823,128,2,64;11823,128,2,64""",DT_BF16;DT_BF16,ND;ND,N/A
0,4294967295,3010,46,FusedInferAttentionScore,FusedInferAttentionScore,dynamic,MIX_AIC,1790613010226482.756	,19.501,434.810000,24,48,NO,"""1,14,64;11823,128,128;11823,128,128;;2048,2048;1;1;;;;;;;;1,2;;;;;;;;;;;;;;;;""",DT_BF16;DT_BF16;DT_BF16;DT_UNDEFINED;INT8;INT64;INT64;DT_UNDEFINED;DT_UNDEFINED;DT_UNDEFINED;DT_UNDEFINED;DT_UNDEFINED;DT_UNDEFINED;DT_UNDEFINED;INT32;DT_UNDEFINED;DT_UNDEFINED;DT_UNDEFINED;DT_UNDEFINED;DT_UNDEFINED;DT_UNDEFINED;DT_UNDEFINED;DT_UNDEFINED;DT_UNDEFINED;DT_UNDEFINED;DT_UNDEFINED;DT_UNDEFINED;DT_UNDEFINED;DT_UNDEFINED;DT_UNDEFINED;DT_UNDEFINED,ND;ND;ND;NULL;ND;ND;ND;NULL;NULL;NULL;NULL;NULL;NULL;NULL;ND;NULL;NULL;NULL;NULL;NULL;NULL;NULL;NULL;NULL;NULL;NULL;NULL;NULL;NULL;NULL;NULL,"""1,14,64;""",DT_BF16;FLOAT,ND;ND,0
0,4294967295,3012,46,aclnnMatmul_MatMulCommon_MatMulV2,MatMulV2,dynamic,AI_CORE,1790613010226973.636	,5.380,471.499000,19,0,NO,"""1,896;896,896""",DT_BF16;DT_BF16,ND;ND,"""1,896""",DT_BF16,ND,N/A
0,4294967295,3013,46,AddRmsNormBias,AddRmsNormBias,dynamic,AI_VECTOR_CORE,1790613010227153.183	,1.660,174.120000,1,0,NO,"""1,896;1,896;896;""",DT_BF16;DT_BF16;DT_BF16;DT_UNDEFINED,ND;ND;ND;NULL,"""1,896;1,1;1,896""",DT_BF16;FLOAT;DT_BF16,ND;ND;ND,N/A
0,4294967295,3014,46,aclnnMatmul_MatMulCommon_MatMulV2,MatMulV2,dynamic,AI_CORE,1790613010227301.729	,19.261,146.840000,22,0,NO,"""1,896;9728,896""",DT_BF16;DT_BF16,ND;ND,"""1,9728""",DT_BF16,ND,N/A
0,4294967295,3015,46,SwiGlu,SwiGlu,dynamic,AI_VECTOR_CORE,1790613010227435.234	,2.921,114.239000,1,0,NO,"""1,9728""",DT_BF16,ND,"""1,4864""",DT_BF16,ND,N/A
0,4294967295,3016,46,aclnnMatmul_MatMulCommon_MatMulV2,MatMulV2,dynamic,AI_CORE,1790613010227572.320	,16.241,134.079000,19,0,NO,"""1,4864;896,4864""",DT_BF16;DT_BF16,ND;ND,"""1,896""",DT_BF16,ND,N/A
0,4294967295,3017,46,AddRmsNormBias,AddRmsNormBias,dynamic,AI_VECTOR_CORE,1790613010227753.667	,1.700,165.259000,1,0,NO,"""1,896;1,896;896;""",DT_BF16;DT_BF16;DT_BF16;DT_UNDEFINED,ND;ND;ND;NULL,"""1,896;1,1;1,896""",DT_BF16;FLOAT;DT_BF16,ND;ND;ND,N/A
0,4294967295,3018,46,aclnnAddmm_CastAiCore_Cast,Cast,dynamic,AI_VECTOR_CORE,1790613010227920.034	,1.220,164.550000,2,0,NO,"""1152""",DT_BF16,ND,"""1152""",FLOAT,ND,N/A
0,4294967295,3019,46,aclnnAddmm_MatMulCommon_MatMulV2,MatMulV2,dynamic,AI_CORE,1790613010227923.254	,7.280,2.030000,24,0,NO,"""1,896;1152,896;1152""",DT_BF16;DT_BF16;FLOAT,ND;ND;ND,"""1,1152""",DT_BF16,ND,N/A
0,4294967295,3020,46,_triton_rope,_triton_rope,static,AI_VECTOR_CORE,1790613010228790.169	,2.940,859.720000,1,0,YES,"""1,14,64;1,2,64;32768,64""",DT_BF16;32590;DT_BF16,ND;ND;ND,"""1,14,64;1,2,64""",DT_BF16;32590,ND;ND,N/A
0,4294967295,3021,46,ReshapeAndCacheNdKernel,ReshapeAndCacheNdKernel,dynamic,AI_VECTOR_CORE,1790613010229477.916	,2.220,684.810000,1,0,NO,"""1,2,64;1,2,64;11823,128,2,64;11823,128,2,64;1""",DT_BF16;DT_BF16;DT_BF16;DT_BF16;INT32,ND;ND;ND;ND;ND,"""11823,128,2,64;11823,128,2,64""",DT_BF16;DT_BF16,ND;ND,N/A
0,4294967295,3022,46,FusedInferAttentionScore,FusedInferAttentionScore,dynamic,MIX_AIC,1790613010229942.575	,18.840,462.280000,24,48,NO,"""1,14,64;11823,128,128;11823,128,128;;2048,2048;1;1;;;;;;;;1,2;;;;;;;;;;;;;;;;""",DT_BF16;DT_BF16;DT_BF16;DT_UNDEFINED;INT8;INT64;INT64;DT_UNDEFINED;DT_UNDEFINED;DT_UNDEFINED;DT_UNDEFINED;DT_UNDEFINED;DT_UNDEFINED;DT_UNDEFINED;INT32;DT_UNDEFINED;DT_UNDEFINED;DT_UNDEFINED;DT_UNDEFINED;DT_UNDEFINED;DT_UNDEFINED;DT_UNDEFINED;DT_UNDEFINED;DT_UNDEFINED;DT_UNDEFINED;DT_UNDEFINED;DT_UNDEFINED;DT_UNDEFINED;DT_UNDEFINED;DT_UNDEFINED;DT_UNDEFINED,ND;ND;ND;NULL;ND;ND;ND;NULL;NULL;NULL;NULL;NULL;NULL;NULL;ND;NULL;NULL;NULL;NULL;NULL;NULL;NULL;NULL;NULL;NULL;NULL;NULL;NULL;NULL;NULL;NULL,"""1,14,64;""",DT_BF16;FLOAT,ND;ND,0
0,4294967295,3024,46,aclnnMatmul_MatMulCommon_MatMulV2,MatMulV2,dynamic,AI_CORE,1790613010230420.234	,5.640,458.910000,19,0,NO,"""1,896;896,896""",DT_BF16;DT_BF16,ND;ND,"""1,896""",DT_BF16,ND,N/A
0,4294967295,3025,46,AddRmsNormBias,AddRmsNormBias,dynamic,AI_VECTOR_CORE,1790613010230590.321	,1.700,164.360000,1,0,NO,"""1,896;1,896;896;""",DT_BF16;DT_BF16;DT_BF16;DT_UNDEFINED,ND;ND;ND;NULL,"""1,896;1,1;1,896""",DT_BF16;FLOAT;DT_BF16,ND;ND;ND,N/A
0,4294967295,3026,46,aclnnMatmul_MatMulCommon_MatMulV2,MatMulV2,dynamic,AI_CORE,1790613010230765.227	,19.181,173.300000,22,0,NO,"""1,896;9728,896""",DT_BF16;DT_BF16,ND;ND,"""1,9728""",DT_BF16,ND,N/A
0,4294967295,3027,46,SwiGlu,SwiGlu,dynamic,AI_VECTOR_CORE,1790613010230894.013	,2.880,109.569000,1,0,NO,"""1,9728""",DT_BF16,ND,"""1,4864""",DT_BF16,ND,N/A
0,4294967295,3028,46,aclnnMatmul_MatMulCommon_MatMulV2,MatMulV2,dynamic,AI_CORE,1790613010231037.178	,16.561,140.370000,19,0,NO,"""1,4864;896,4864""",DT_BF16;DT_BF16,ND;ND,"""1,896""",DT_BF16,ND,N/A
0,4294967295,3029,46,AddRmsNormBias,AddRmsNormBias,dynamic,AI_VECTOR_CORE,1790613010231216.906	,2.020,163.189000,1,0,NO,"""1,896;1,896;896;""",DT_BF16;DT_BF16;DT_BF16;DT_UNDEFINED,ND;ND;ND;NULL,"""1,896;1,1;1,896""",DT_BF16;FLOAT;DT_BF16,ND;ND;ND,N/A
0,4294967295,3030,46,aclnnAddmm_CastAiCore_Cast,Cast,dynamic,AI_VECTOR_CORE,1790613010231377.732	,1.140,158.730000,2,0,NO,"""1152""",DT_BF16,ND,"""1152""",FLOAT,ND,N/A
0,4294967295,3031,46,aclnnAddmm_MatMulCommon_MatMulV2,MatMulV2,dynamic,AI_CORE,1790613010231380.252	,7.820,1.360000,24,0,NO,"""1,896;1152,896;1152""",DT_BF16;DT_BF16;FLOAT,ND;ND;ND,"""1,1152""",DT_BF16,ND,N/A
0,4294967295,3032,46,_triton_rope,_triton_rope,static,AI_VECTOR_CORE,1790613010232247.607	,3.060,859.430000,1,0,YES,"""1,14,64;1,2,64;32768,64""",DT_BF16;32590;DT_BF16,ND;ND;ND,"""1,14,64;1,2,64""",DT_BF16;32590,ND;ND,N/A
0,4294967295,3033,46,ReshapeAndCacheNdKernel,ReshapeAndCacheNdKernel,dynamic,AI_VECTOR_CORE,1790613010232914.273	,1.960,663.690000,1,0,NO,"""1,2,64;1,2,64;11823,128,2,64;11823,128,2,64;1""",DT_BF16;DT_BF16;DT_BF16;DT_BF16;INT32,ND;ND;ND;ND;ND,"""11823,128,2,64;11823,128,2,64""",DT_BF16;DT_BF16,ND;ND,N/A
0,4294967295,3034,46,FusedInferAttentionScore,FusedInferAttentionScore,dynamic,MIX_AIC,1790613010233674.584	,17.201,758.290000,24,48,NO,"""1,14,64;11823,128,128;11823,128,128;;2048,2048;1;1;;;;;;;;1,2;;;;;;;;;;;;;;;;""",DT_BF16;DT_BF16;DT_BF16;DT_UNDEFINED;INT8;INT64;INT64;DT_UNDEFINED;DT_UNDEFINED;DT_UNDEFINED;DT_UNDEFINED;DT_UNDEFINED;DT_UNDEFINED;DT_UNDEFINED;INT32;DT_UNDEFINED;DT_UNDEFINED;DT_UNDEFINED;DT_UNDEFINED;DT_UNDEFINED;DT_UNDEFINED;DT_UNDEFINED;DT_UNDEFINED;DT_UNDEFINED;DT_UNDEFINED;DT_UNDEFINED;DT_UNDEFINED;DT_UNDEFINED;DT_UNDEFINED;DT_UNDEFINED;DT_UNDEFINED,ND;ND;ND;NULL;ND;ND;ND;NULL;NULL;NULL;NULL;NULL;NULL;NULL;ND;NULL;NULL;NULL;NULL;NULL;NULL;NULL;NULL;NULL;NULL;NULL;NULL;NULL;NULL;NULL;NULL,"""1,14,64;""",DT_BF16;FLOAT,ND;ND,0
0,4294967295,3036,46,aclnnMatmul_MatMulCommon_MatMulV2,MatMulV2,dynamic,AI_CORE,1790613010234159.023	,5.540,467.299000,19,0,NO,"""1,896;896,896""",DT_BF16;DT_BF16,ND;ND,"""1,896""",DT_BF16,ND,N/A
0,4294967295,3037,46,AddRmsNormBias,AddRmsNormBias,dynamic,AI_VECTOR_CORE,1790613010234340.371	,1.740,175.710000,1,0,NO,"""1,896;1,896;896;""",DT_BF16;DT_BF16;DT_BF16;DT_UNDEFINED,ND;ND;ND;NULL,"""1,896;1,1;1,896""",DT_BF16;FLOAT;DT_BF16,ND;ND;ND,N/A
0,4294967295,3038,46,aclnnMatmul_MatMulCommon_MatMulV2,MatMulV2,dynamic,AI_CORE,1790613010234497.957	,19.280,156.010000,22,0,NO,"""1,896;9728,896""",DT_BF16;DT_BF16,ND;ND,"""1,9728""",DT_BF16,ND,N/A
0,4294967295,3039,46,SwiGlu,SwiGlu,dynamic,AI_VECTOR_CORE,1790613010234623.582	,4.140,106.220000,1,0,NO,"""1,9728""",DT_BF16,ND,"""1,4864""",DT_BF16,ND,N/A
0,4294967295,3040,46,aclnnMatmul_MatMulCommon_MatMulV2,MatMulV2,dynamic,AI_CORE,1790613010234775.208	,16.261,147.610000,19,0,NO,"""1,4864;896,4864""",DT_BF16;DT_BF16,ND;ND,"""1,896""",DT_BF16,ND,N/A
0,4294967295,3041,46,AddRmsNormBias,AddRmsNormBias,dynamic,AI_VECTOR_CORE,1790613010234953.255	,1.660,161.739000,1,0,NO,"""1,896;1,896;896;""",DT_BF16;DT_BF16;DT_BF16;DT_UNDEFINED,ND;ND;ND;NULL,"""1,896;1,1;1,896""",DT_BF16;FLOAT;DT_BF16,ND;ND;ND,N/A
0,4294967295,3042,46,aclnnAddmm_CastAiCore_Cast,Cast,dynamic,AI_VECTOR_CORE,1790613010235113.381	,1.560,158.590000,2,0,NO,"""1152""",DT_BF16,ND,"""1152""",FLOAT,ND,N/A
0,4294967295,3043,46,aclnnAddmm_MatMulCommon_MatMulV2,MatMulV2,dynamic,AI_CORE,1790613010235116.161	,7.361,1.190000,24,0,NO,"""1,896;1152,896;1152""",DT_BF16;DT_BF16;FLOAT,ND;ND;ND,"""1,1152""",DT_BF16,ND,N/A
0,4294967295,3044,46,_triton_rope,_triton_rope,static,AI_VECTOR_CORE,1790613010235975.816	,2.860,852.139000,1,0,YES,"""1,14,64;1,2,64;32768,64""",DT_BF16;32590;DT_BF16,ND;ND;ND,"""1,14,64;1,2,64""",DT_BF16;32590,ND;ND,N/A
0,4294967295,3045,46,ReshapeAndCacheNdKernel,ReshapeAndCacheNdKernel,dynamic,AI_VECTOR_CORE,1790613010236662.343	,2.040,683.640000,1,0,NO,"""1,2,64;1,2,64;11823,128,2,64;11823,128,2,64;1""",DT_BF16;DT_BF16;DT_BF16;DT_BF16;INT32,ND;ND;ND;ND;ND,"""11823,128,2,64;11823,128,2,64""",DT_BF16;DT_BF16,ND;ND,N/A
0,4294967295,3046,46,FusedInferAttentionScore,FusedInferAttentionScore,dynamic,MIX_AIC,1790613010237114.661	,21.261,450.460000,24,48,NO,"""1,14,64;11823,128,128;11823,128,128;;2048,2048;1;1;;;;;;;;1,2;;;;;;;;;;;;;;;;""",DT_BF16;DT_BF16;DT_BF16;DT_UNDEFINED;INT8;INT64;INT64;DT_UNDEFINED;DT_UNDEFINED;DT_UNDEFINED;DT_UNDEFINED;DT_UNDEFINED;DT_UNDEFINED;DT_UNDEFINED;INT32;DT_UNDEFINED;DT_UNDEFINED;DT_UNDEFINED;DT_UNDEFINED;DT_UNDEFINED;DT_UNDEFINED;DT_UNDEFINED;DT_UNDEFINED;DT_UNDEFINED;DT_UNDEFINED;DT_UNDEFINED;DT_UNDEFINED;DT_UNDEFINED;DT_UNDEFINED;DT_UNDEFINED;DT_UNDEFINED,ND;ND;ND;NULL;ND;ND;ND;NULL;NULL;NULL;NULL;NULL;NULL;NULL;ND;NULL;NULL;NULL;NULL;NULL;NULL;NULL;NULL;NULL;NULL;NULL;NULL;NULL;NULL;NULL;NULL,"""1,14,64;""",DT_BF16;FLOAT,ND;ND,0
0,4294967295,3048,46,aclnnMatmul_MatMulCommon_MatMulV2,MatMulV2,dynamic,AI_CORE,1790613010237636.242	,5.281,500.239000,19,0,NO,"""1,896;896,896""",DT_BF16;DT_BF16,ND;ND,"""1,896""",DT_BF16,ND,N/A
0,4294967295,3049,46,AddRmsNormBias,AddRmsNormBias,dynamic,AI_VECTOR_CORE,1790613010237809.849	,1.720,168.219000,1,0,NO,"""1,896;1,896;896;""",DT_BF16;DT_BF16;DT_BF16;DT_UNDEFINED,ND;ND;ND;NULL,"""1,896;1,1;1,896""",DT_BF16;FLOAT;DT_BF16,ND;ND;ND,N/A
0,4294967295,3050,46,aclnnMatmul_MatMulCommon_MatMulV2,MatMulV2,dynamic,AI_CORE,1790613010237971.576	,18.900,160.030000,22,0,NO,"""1,896;9728,896""",DT_BF16;DT_BF16,ND;ND,"""1,9728""",DT_BF16,ND,N/A
0,4294967295,3051,46,SwiGlu,SwiGlu,dynamic,AI_VECTOR_CORE,1790613010238088.620	,2.881,98.100000,1,0,NO,"""1,9728""",DT_BF16,ND,"""1,4864""",DT_BF16,ND,N/A
0,4294967295,3052,46,aclnnMatmul_MatMulCommon_MatMulV2,MatMulV2,dynamic,AI_CORE,1790613010238235.666	,16.261,144.369000,19,0,NO,"""1,4864;896,4864""",DT_BF16;DT_BF16,ND;ND,"""1,896""",DT_BF16,ND,N/A
0,4294967295,3053,46,AddRmsNormBias,AddRmsNormBias,dynamic,AI_VECTOR_CORE,1790613010238402.733	,1.740,150.739000,1,0,NO,"""1,896;1,896;896;""",DT_BF16;DT_BF16;DT_BF16;DT_UNDEFINED,ND;ND;ND;NULL,"""1,896;1,1;1,896""",DT_BF16;FLOAT;DT_BF16,ND;ND;ND,N/A
0,4294967295,3054,46,aclnnAddmm_CastAiCore_Cast,Cast,dynamic,AI_VECTOR_CORE,1790613010238577.100	,1.200,172.510000,2,0,NO,"""1152""",DT_BF16,ND,"""1152""",FLOAT,ND,N/A
0,4294967295,3055,46,aclnnAddmm_MatMulCommon_MatMulV2,MatMulV2,dynamic,AI_CORE,1790613010238579.780	,7.280,1.550000,24,0,NO,"""1,896;1152,896;1152""",DT_BF16;DT_BF16;FLOAT,ND;ND;ND,"""1,1152""",DT_BF16,ND,N/A
0,4294967295,3056,46,_triton_rope,_triton_rope,static,AI_VECTOR_CORE,1790613010239435.594	,3.100,848.470000,1,0,YES,"""1,14,64;1,2,64;32768,64""",DT_BF16;32590;DT_BF16,ND;ND;ND,"""1,14,64;1,2,64""",DT_BF16;32590,ND;ND,N/A
0,4294967295,3057,46,ReshapeAndCacheNdKernel,ReshapeAndCacheNdKernel,dynamic,AI_VECTOR_CORE,1790613010240124.242	,1.880,685.650000,1,0,NO,"""1,2,64;1,2,64;11823,128,2,64;11823,128,2,64;1""",DT_BF16;DT_BF16;DT_BF16;DT_BF16;INT32,ND;ND;ND;ND;ND,"""11823,128,2,64;11823,128,2,64""",DT_BF16;DT_BF16,ND;ND,N/A
0,4294967295,3058,46,FusedInferAttentionScore,FusedInferAttentionScore,dynamic,MIX_AIC,1790613010240572.920	,22.301,446.870000,24,48,NO,"""1,14,64;11823,128,128;11823,128,128;;2048,2048;1;1;;;;;;;;1,2;;;;;;;;;;;;;;;;""",DT_BF16;DT_BF16;DT_BF16;DT_UNDEFINED;INT8;INT64;INT64;DT_UNDEFINED;DT_UNDEFINED;DT_UNDEFINED;DT_UNDEFINED;DT_UNDEFINED;DT_UNDEFINED;DT_UNDEFINED;INT32;DT_UNDEFINED;DT_UNDEFINED;DT_UNDEFINED;DT_UNDEFINED;DT_UNDEFINED;DT_UNDEFINED;DT_UNDEFINED;DT_UNDEFINED;DT_UNDEFINED;DT_UNDEFINED;DT_UNDEFINED;DT_UNDEFINED;DT_UNDEFINED;DT_UNDEFINED;DT_UNDEFINED;DT_UNDEFINED,ND;ND;ND;NULL;ND;ND;ND;NULL;NULL;NULL;NULL;NULL;NULL;NULL;ND;NULL;NULL;NULL;NULL;NULL;NULL;NULL;NULL;NULL;NULL;NULL;NULL;NULL;NULL;NULL;NULL,"""1,14,64;""",DT_BF16;FLOAT,ND;ND,0
0,4294967295,3060,46,aclnnMatmul_MatMulCommon_MatMulV2,MatMulV2,dynamic,AI_CORE,1790613010241066.379	,5.641,471.199000,19,0,NO,"""1,896;896,896""",DT_BF16;DT_BF16,ND;ND,"""1,896""",DT_BF16,ND,N/A
0,4294967295,3061,46,AddRmsNormBias,AddRmsNormBias,dynamic,AI_VECTOR_CORE,1790613010241254.227	,1.820,182.109000,1,0,NO,"""1,896;1,896;896;""",DT_BF16;DT_BF16;DT_BF16;DT_UNDEFINED,ND;ND;ND;NULL,"""1,896;1,1;1,896""",DT_BF16;FLOAT;DT_BF16,ND;ND;ND,N/A
0,4294967295,3062,46,aclnnMatmul_MatMulCommon_MatMulV2,MatMulV2,dynamic,AI_CORE,1790613010241410.233	,19.441,154.180000,22,0,NO,"""1,896;9728,896""",DT_BF16;DT_BF16,ND;ND,"""1,9728""",DT_BF16,ND,N/A
0,4294967295,3063,46,SwiGlu,SwiGlu,dynamic,AI_VECTOR_CORE,1790613010241535.418	,2.920,105.809000,1,0,NO,"""1,9728""",DT_BF16,ND,"""1,4864""",DT_BF16,ND,N/A
0,4294967295,3064,46,aclnnMatmul_MatMulCommon_MatMulV2,MatMulV2,dynamic,AI_CORE,1790613010241669.803	,16.441,131.330000,19,0,NO,"""1,4864;896,4864""",DT_BF16;DT_BF16,ND;ND,"""1,896""",DT_BF16,ND,N/A
0,4294967295,3065,46,AddRmsNormBias,AddRmsNormBias,dynamic,AI_VECTOR_CORE,1790613010241841.410	,1.780,155.309000,1,0,NO,"""1,896;1,896;896;""",DT_BF16;DT_BF16;DT_BF16;DT_UNDEFINED,ND;ND;ND;NULL,"""1,896;1,1;1,896""",DT_BF16;FLOAT;DT_BF16,ND;ND;ND,N/A
0,4294967295,3066,46,aclnnAddmm_CastAiCore_Cast,Cast,dynamic,AI_VECTOR_CORE,1790613010242006.397	,1.240,163.220000,2,0,NO,"""1152""",DT_BF16,ND,"""1152""",FLOAT,ND,N/A
0,4294967295,3067,46,aclnnAddmm_MatMulCommon_MatMulV2,MatMulV2,dynamic,AI_CORE,1790613010242008.797	,7.560,1.010000,24,0,NO,"""1,896;1152,896;1152""",DT_BF16;DT_BF16;FLOAT,ND;ND;ND,"""1,1152""",DT_BF16,ND,N/A
0,4294967295,3068,46,_triton_rope,_triton_rope,static,AI_VECTOR_CORE,1790613010242886.772	,2.860,870.440000,1,0,YES,"""1,14,64;1,2,64;32768,64""",DT_BF16;32590;DT_BF16,ND;ND;ND,"""1,14,64;1,2,64""",DT_BF16;32590,ND;ND,N/A
0,4294967295,3069,46,ReshapeAndCacheNdKernel,ReshapeAndCacheNdKernel,dynamic,AI_VECTOR_CORE,1790613010243572.179	,2.181,682.640000,1,0,NO,"""1,2,64;1,2,64;11823,128,2,64;11823,128,2,64;1""",DT_BF16;DT_BF16;DT_BF16;DT_BF16;INT32,ND;ND;ND;ND;ND,"""11823,128,2,64;11823,128,2,64""",DT_BF16;DT_BF16,ND;ND,N/A
0,4294967295,3070,46,FusedInferAttentionScore,FusedInferAttentionScore,dynamic,MIX_AIC,1790613010244022.597	,23.702,448.069000,24,48,NO,"""1,14,64;11823,128,128;11823,128,128;;2048,2048;1;1;;;;;;;;1,2;;;;;;;;;;;;;;;;""",DT_BF16;DT_BF16;DT_BF16;DT_UNDEFINED;INT8;INT64;INT64;DT_UNDEFINED;DT_UNDEFINED;DT_UNDEFINED;DT_UNDEFINED;DT_UNDEFINED;DT_UNDEFINED;DT_UNDEFINED;INT32;DT_UNDEFINED;DT_UNDEFINED;DT_UNDEFINED;DT_UNDEFINED;DT_UNDEFINED;DT_UNDEFINED;DT_UNDEFINED;DT_UNDEFINED;DT_UNDEFINED;DT_UNDEFINED;DT_UNDEFINED;DT_UNDEFINED;DT_UNDEFINED;DT_UNDEFINED;DT_UNDEFINED;DT_UNDEFINED,ND;ND;ND;NULL;ND;ND;ND;NULL;NULL;NULL;NULL;NULL;NULL;NULL;ND;NULL;NULL;NULL;NULL;NULL;NULL;NULL;NULL;NULL;NULL;NULL;NULL;NULL;NULL;NULL;NULL,"""1,14,64;""",DT_BF16;FLOAT,ND;ND,0
0,4294967295,3072,46,aclnnMatmul_MatMulCommon_MatMulV2,MatMulV2,dynamic,AI_CORE,1790613010244494.156	,5.421,448.048000,19,0,NO,"""1,896;896,896""",DT_BF16;DT_BF16,ND;ND,"""1,896""",DT_BF16,ND,N/A
0,4294967295,3073,46,AddRmsNormBias,AddRmsNormBias,dynamic,AI_VECTOR_CORE,1790613010244676.944	,1.660,177.329000,1,0,NO,"""1,896;1,896;896;""",DT_BF16;DT_BF16;DT_BF16;DT_UNDEFINED,ND;ND;ND;NULL,"""1,896;1,1;1,896""",DT_BF16;FLOAT;DT_BF16,ND;ND;ND,N/A
0,4294967295,3074,46,aclnnMatmul_MatMulCommon_MatMulV2,MatMulV2,dynamic,AI_CORE,1790613010244827.550	,20.241,148.840000,22,0,NO,"""1,896;9728,896""",DT_BF16;DT_BF16,ND;ND,"""1,9728""",DT_BF16,ND,N/A
0,4294967295,3075,46,SwiGlu,SwiGlu,dynamic,AI_VECTOR_CORE,1790613010244964.315	,2.880,116.509000,1,0,NO,"""1,9728""",DT_BF16,ND,"""1,4864""",DT_BF16,ND,N/A
0,4294967295,3076,46,aclnnMatmul_MatMulCommon_MatMulV2,MatMulV2,dynamic,AI_CORE,1790613010245103.181	,16.360,136.120000,19,0,NO,"""1,4864;896,4864""",DT_BF16;DT_BF16,ND;ND,"""1,896""",DT_BF16,ND,N/A
0,4294967295,3077,46,AddRmsNormBias,AddRmsNormBias,dynamic,AI_VECTOR_CORE,1790613010245285.588	,1.640,165.890000,1,0,NO,"""1,896;1,896;896;""",DT_BF16;DT_BF16;DT_BF16;DT_UNDEFINED,ND;ND;ND;NULL,"""1,896;1,1;1,896""",DT_BF16;FLOAT;DT_BF16,ND;ND;ND,N/A
0,4294967295,3078,46,aclnnAddmm_CastAiCore_Cast,Cast,dynamic,AI_VECTOR_CORE,1790613010245443.274	,1.200,156.110000,2,0,NO,"""1152""",DT_BF16,ND,"""1152""",FLOAT,ND,N/A
0,4294967295,3079,46,aclnnAddmm_MatMulCommon_MatMulV2,MatMulV2,dynamic,AI_CORE,1790613010245445.795	,7.380,1.300000,24,0,NO,"""1,896;1152,896;1152""",DT_BF16;DT_BF16;FLOAT,ND;ND;ND,"""1,1152""",DT_BF16,ND,N/A
0,4294967295,3080,46,_triton_rope,_triton_rope,static,AI_VECTOR_CORE,1790613010246301.549	,2.880,848.370000,1,0,YES,"""1,14,64;1,2,64;32768,64""",DT_BF16;32590;DT_BF16,ND;ND;ND,"""1,14,64;1,2,64""",DT_BF16;32590,ND;ND,N/A
0,4294967295,3081,46,ReshapeAndCacheNdKernel,ReshapeAndCacheNdKernel,dynamic,AI_VECTOR_CORE,1790613010246982.456	,2.140,678.120000,1,0,NO,"""1,2,64;1,2,64;11823,128,2,64;11823,128,2,64;1""",DT_BF16;DT_BF16;DT_BF16;DT_BF16;INT32,ND;ND;ND;ND;ND,"""11823,128,2,64;11823,128,2,64""",DT_BF16;DT_BF16,ND;ND,N/A
0,4294967295,3082,46,FusedInferAttentionScore,FusedInferAttentionScore,dynamic,MIX_AIC,1790613010247433.034	,18.901,448.360000,24,48,NO,"""1,14,64;11823,128,128;11823,128,128;;2048,2048;1;1;;;;;;;;1,2;;;;;;;;;;;;;;;;""",DT_BF16;DT_BF16;DT_BF16;DT_UNDEFINED;INT8;INT64;INT64;DT_UNDEFINED;DT_UNDEFINED;DT_UNDEFINED;DT_UNDEFINED;DT_UNDEFINED;DT_UNDEFINED;DT_UNDEFINED;INT32;DT_UNDEFINED;DT_UNDEFINED;DT_UNDEFINED;DT_UNDEFINED;DT_UNDEFINED;DT_UNDEFINED;DT_UNDEFINED;DT_UNDEFINED;DT_UNDEFINED;DT_UNDEFINED;DT_UNDEFINED;DT_UNDEFINED;DT_UNDEFINED;DT_UNDEFINED;DT_UNDEFINED;DT_UNDEFINED,ND;ND;ND;NULL;ND;ND;ND;NULL;NULL;NULL;NULL;NULL;NULL;NULL;ND;NULL;NULL;NULL;NULL;NULL;NULL;NULL;NULL;NULL;NULL;NULL;NULL;NULL;NULL;NULL;NULL,"""1,14,64;""",DT_BF16;FLOAT,ND;ND,0
0,4294967295,3084,46,aclnnMatmul_MatMulCommon_MatMulV2,MatMulV2,dynamic,AI_CORE,1790613010247918.053	,5.340,466.099000,19,0,NO,"""1,896;896,896""",DT_BF16;DT_BF16,ND;ND,"""1,896""",DT_BF16,ND,N/A
0,4294967295,3085,46,AddRmsNormBias,AddRmsNormBias,dynamic,AI_VECTOR_CORE,1790613010248100.041	,1.680,176.660000,1,0,NO,"""1,896;1,896;896;""",DT_BF16;DT_BF16;DT_BF16;DT_UNDEFINED,ND;ND;ND;NULL,"""1,896;1,1;1,896""",DT_BF16;FLOAT;DT_BF16,ND;ND;ND,N/A
0,4294967295,3086,46,aclnnMatmul_MatMulCommon_MatMulV2,MatMulV2,dynamic,AI_CORE,1790613010248246.406	,19.541,144.820000,22,0,NO,"""1,896;9728,896""",DT_BF16;DT_BF16,ND;ND,"""1,9728""",DT_BF16,ND,N/A
0,4294967295,3087,46,SwiGlu,SwiGlu,dynamic,AI_VECTOR_CORE,1790613010248373.911	,2.921,107.959000,1,0,NO,"""1,9728""",DT_BF16,ND,"""1,4864""",DT_BF16,ND,N/A
0,4294967295,3088,46,aclnnMatmul_MatMulCommon_MatMulV2,MatMulV2,dynamic,AI_CORE,1790613010248506.237	,16.560,129.329000,19,0,NO,"""1,4864;896,4864""",DT_BF16;DT_BF16,ND;ND,"""1,896""",DT_BF16,ND,N/A
0,4294967295,3089,46,AddRmsNormBias,AddRmsNormBias,dynamic,AI_VECTOR_CORE,1790613010248677.604	,1.680,154.690000,1,0,NO,"""1,896;1,896;896;""",DT_BF16;DT_BF16;DT_BF16;DT_UNDEFINED,ND;ND;ND;NULL,"""1,896;1,1;1,896""",DT_BF16;FLOAT;DT_BF16,ND;ND;ND,N/A
0,4294967295,3090,46,aclnnAddmm_CastAiCore_Cast,Cast,dynamic,AI_VECTOR_CORE,1790613010248844.010	,1.140,164.820000,2,0,NO,"""1152""",DT_BF16,ND,"""1152""",FLOAT,ND,N/A
0,4294967295,3091,46,aclnnAddmm_MatMulCommon_MatMulV2,MatMulV2,dynamic,AI_CORE,1790613010248846.490	,7.881,1.360000,24,0,NO,"""1,896;1152,896;1152""",DT_BF16;DT_BF16;FLOAT,ND;ND;ND,"""1,1152""",DT_BF16,ND,N/A
0,4294967295,3092,46,_triton_rope,_triton_rope,static,AI_VECTOR_CORE,1790613010249731.406	,3.320,877.119000,1,0,YES,"""1,14,64;1,2,64;32768,64""",DT_BF16;32590;DT_BF16,ND;ND;ND,"""1,14,64;1,2,64""",DT_BF16;32590,ND;ND,N/A
0,4294967295,3093,46,ReshapeAndCacheNdKernel,ReshapeAndCacheNdKernel,dynamic,AI_VECTOR_CORE,1790613010250411.133	,1.600,676.430000,1,0,NO,"""1,2,64;1,2,64;11823,128,2,64;11823,128,2,64;1""",DT_BF16;DT_BF16;DT_BF16;DT_BF16;INT32,ND;ND;ND;ND;ND,"""11823,128,2,64;11823,128,2,64""",DT_BF16;DT_BF16,ND;ND,N/A
0,4294967295,3094,46,FusedInferAttentionScore,FusedInferAttentionScore,dynamic,MIX_AIC,1790613010250853.931	,18.500,441.150000,24,48,NO,"""1,14,64;11823,128,128;11823,128,128;;2048,2048;1;1;;;;;;;;1,2;;;;;;;;;;;;;;;;""",DT_BF16;DT_BF16;DT_BF16;DT_UNDEFINED;INT8;INT64;INT64;DT_UNDEFINED;DT_UNDEFINED;DT_UNDEFINED;DT_UNDEFINED;DT_UNDEFINED;DT_UNDEFINED;DT_UNDEFINED;INT32;DT_UNDEFINED;DT_UNDEFINED;DT_UNDEFINED;DT_UNDEFINED;DT_UNDEFINED;DT_UNDEFINED;DT_UNDEFINED;DT_UNDEFINED;DT_UNDEFINED;DT_UNDEFINED;DT_UNDEFINED;DT_UNDEFINED;DT_UNDEFINED;DT_UNDEFINED;DT_UNDEFINED;DT_UNDEFINED,ND;ND;ND;NULL;ND;ND;ND;NULL;NULL;NULL;NULL;NULL;NULL;NULL;ND;NULL;NULL;NULL;NULL;NULL;NULL;NULL;NULL;NULL;NULL;NULL;NULL;NULL;NULL;NULL;NULL,"""1,14,64;""",DT_BF16;FLOAT,ND;ND,0
0,4294967295,3096,46,aclnnMatmul_MatMulCommon_MatMulV2,MatMulV2,dynamic,AI_CORE,1790613010251334.730	,5.660,462.250000,19,0,NO,"""1,896;896,896""",DT_BF16;DT_BF16,ND;ND,"""1,896""",DT_BF16,ND,N/A
0,4294967295,3097,46,AddRmsNormBias,AddRmsNormBias,dynamic,AI_VECTOR_CORE,1790613010251515.957	,1.680,175.590000,1,0,NO,"""1,896;1,896;896;""",DT_BF16;DT_BF16;DT_BF16;DT_UNDEFINED,ND;ND;ND;NULL,"""1,896;1,1;1,896""",DT_BF16;FLOAT;DT_BF16,ND;ND;ND,N/A
0,4294967295,3098,46,aclnnMatmul_MatMulCommon_MatMulV2,MatMulV2,dynamic,AI_CORE,1790613010251667.383	,19.781,149.820000,22,0,NO,"""1,896;9728,896""",DT_BF16;DT_BF16,ND;ND,"""1,9728""",DT_BF16,ND,N/A
0,4294967295,3099,46,SwiGlu,SwiGlu,dynamic,AI_VECTOR_CORE,1790613010251792.668	,2.880,105.469000,1,0,NO,"""1,9728""",DT_BF16,ND,"""1,4864""",DT_BF16,ND,N/A
0,4294967295,3100,46,aclnnMatmul_MatMulCommon_MatMulV2,MatMulV2,dynamic,AI_CORE,1790613010251924.733	,16.461,129.120000,19,0,NO,"""1,4864;896,4864""",DT_BF16;DT_BF16,ND;ND,"""1,896""",DT_BF16,ND,N/A
0,4294967295,3101,46,AddRmsNormBias,AddRmsNormBias,dynamic,AI_VECTOR_CORE,1790613010252103.101	,1.680,161.789000,1,0,NO,"""1,896;1,896;896;""",DT_BF16;DT_BF16;DT_BF16;DT_UNDEFINED,ND;ND;ND;NULL,"""1,896;1,1;1,896""",DT_BF16;FLOAT;DT_BF16,ND;ND;ND,N/A
0,4294967295,3102,46,aclnnAddmm_CastAiCore_Cast,Cast,dynamic,AI_VECTOR_CORE,1790613010252249.567	,1.440,144.820000,2,0,NO,"""1152""",DT_BF16,ND,"""1152""",FLOAT,ND,N/A
0,4294967295,3103,46,aclnnAddmm_MatMulCommon_MatMulV2,MatMulV2,dynamic,AI_CORE,1790613010252252.007	,7.740,1.060000,24,0,NO,"""1,896;1152,896;1152""",DT_BF16;DT_BF16;FLOAT,ND;ND;ND,"""1,1152""",DT_BF16,ND,N/A
0,4294967295,3104,46,_triton_rope,_triton_rope,static,AI_VECTOR_CORE,1790613010253116.301	,2.940,856.510000,1,0,YES,"""1,14,64;1,2,64;32768,64""",DT_BF16;32590;DT_BF16,ND;ND;ND,"""1,14,64;1,2,64""",DT_BF16;32590,ND;ND,N/A
0,4294967295,3105,46,ReshapeAndCacheNdKernel,ReshapeAndCacheNdKernel,dynamic,AI_VECTOR_CORE,1790613010253811.489	,1.600,692.310000,1,0,NO,"""1,2,64;1,2,64;11823,128,2,64;11823,128,2,64;1""",DT_BF16;DT_BF16;DT_BF16;DT_BF16;INT32,ND;ND;ND;ND;ND,"""11823,128,2,64;11823,128,2,64""",DT_BF16;DT_BF16,ND;ND,N/A
0,4294967295,3106,46,FusedInferAttentionScore,FusedInferAttentionScore,dynamic,MIX_AIC,1790613010254276.487	,16.981,463.400000,24,48,NO,"""1,14,64;11823,128,128;11823,128,128;;2048,2048;1;1;;;;;;;;1,2;;;;;;;;;;;;;;;;""",DT_BF16;DT_BF16;DT_BF16;DT_UNDEFINED;INT8;INT64;INT64;DT_UNDEFINED;DT_UNDEFINED;DT_UNDEFINED;DT_UNDEFINED;DT_UNDEFINED;DT_UNDEFINED;DT_UNDEFINED;INT32;DT_UNDEFINED;DT_UNDEFINED;DT_UNDEFINED;DT_UNDEFINED;DT_UNDEFINED;DT_UNDEFINED;DT_UNDEFINED;DT_UNDEFINED;DT_UNDEFINED;DT_UNDEFINED;DT_UNDEFINED;DT_UNDEFINED;DT_UNDEFINED;DT_UNDEFINED;DT_UNDEFINED;DT_UNDEFINED,ND;ND;ND;NULL;ND;ND;ND;NULL;NULL;NULL;NULL;NULL;NULL;NULL;ND;NULL;NULL;NULL;NULL;NULL;NULL;NULL;NULL;NULL;NULL;NULL;NULL;NULL;NULL;NULL;NULL,"""1,14,64;""",DT_BF16;FLOAT,ND;ND,0
0,4294967295,3108,46,aclnnMatmul_MatMulCommon_MatMulV2,MatMulV2,dynamic,AI_CORE,1790613010254739.826	,5.500,446.269000,19,0,NO,"""1,896;896,896""",DT_BF16;DT_BF16,ND;ND,"""1,896""",DT_BF16,ND,N/A
0,4294967295,3109,46,AddRmsNormBias,AddRmsNormBias,dynamic,AI_VECTOR_CORE,1790613010254912.633	,1.740,167.500000,1,0,NO,"""1,896;1,896;896;""",DT_BF16;DT_BF16;DT_BF16;DT_UNDEFINED,ND;ND;ND;NULL,"""1,896;1,1;1,896""",DT_BF16;FLOAT;DT_BF16,ND;ND;ND,N/A
0,4294967295,3110,46,aclnnMatmul_MatMulCommon_MatMulV2,MatMulV2,dynamic,AI_CORE,1790613010255074.299	,19.121,159.760000,22,0,NO,"""1,896;9728,896""",DT_BF16;DT_BF16,ND;ND,"""1,9728""",DT_BF16,ND,N/A
0,4294967295,3111,46,SwiGlu,SwiGlu,dynamic,AI_VECTOR_CORE,1790613010255190.524	,3.000,97.129000,1,0,NO,"""1,9728""",DT_BF16,ND,"""1,4864""",DT_BF16,ND,N/A
0,4294967295,3112,46,aclnnMatmul_MatMulCommon_MatMulV2,MatMulV2,dynamic,AI_CORE,1790613010255333.590	,16.260,140.000000,19,0,NO,"""1,4864;896,4864""",DT_BF16;DT_BF16,ND;ND,"""1,896""",DT_BF16,ND,N/A
0,4294967295,3113,46,AddRmsNormBias,AddRmsNormBias,dynamic,AI_VECTOR_CORE,1790613010255497.236	,1.680,147.490000,1,0,NO,"""1,896;1,896;896;""",DT_BF16;DT_BF16;DT_BF16;DT_UNDEFINED,ND;ND;ND;NULL,"""1,896;1,1;1,896""",DT_BF16;FLOAT;DT_BF16,ND;ND;ND,N/A
0,4294967295,3114,46,aclnnAddmm_CastAiCore_Cast,Cast,dynamic,AI_VECTOR_CORE,1790613010255660.583	,1.200,161.570000,2,0,NO,"""1152""",DT_BF16,ND,"""1152""",FLOAT,ND,N/A
0,4294967295,3115,46,aclnnAddmm_MatMulCommon_MatMulV2,MatMulV2,dynamic,AI_CORE,1790613010255663.063	,7.260,1.300000,24,0,NO,"""1,896;1152,896;1152""",DT_BF16;DT_BF16;FLOAT,ND;ND;ND,"""1,1152""",DT_BF16,ND,N/A
0,4294967295,3116,46,_triton_rope,_triton_rope,static,AI_VECTOR_CORE,1790613010256518.957	,3.000,848.740000,1,0,YES,"""1,14,64;1,2,64;32768,64""",DT_BF16;32590;DT_BF16,ND;ND;ND,"""1,14,64;1,2,64""",DT_BF16;32590,ND;ND,N/A
0,4294967295,3117,46,ReshapeAndCacheNdKernel,ReshapeAndCacheNdKernel,dynamic,AI_VECTOR_CORE,1790613010257233.226	,2.220,711.250000,1,0,NO,"""1,2,64;1,2,64;11823,128,2,64;11823,128,2,64;1""",DT_BF16;DT_BF16;DT_BF16;DT_BF16;INT32,ND;ND;ND;ND;ND,"""11823,128,2,64;11823,128,2,64""",DT_BF16;DT_BF16,ND;ND,N/A
0,4294967295,3118,46,FusedInferAttentionScore,FusedInferAttentionScore,dynamic,MIX_AIC,1790613010257693.884	,21.181,458.530000,24,48,NO,"""1,14,64;11823,128,128;11823,128,128;;2048,2048;1;1;;;;;;;;1,2;;;;;;;;;;;;;;;;""",DT_BF16;DT_BF16;DT_BF16;DT_UNDEFINED;INT8;INT64;INT64;DT_UNDEFINED;DT_UNDEFINED;DT_UNDEFINED;DT_UNDEFINED;DT_UNDEFINED;DT_UNDEFINED;DT_UNDEFINED;INT32;DT_UNDEFINED;DT_UNDEFINED;DT_UNDEFINED;DT_UNDEFINED;DT_UNDEFINED;DT_UNDEFINED;DT_UNDEFINED;DT_UNDEFINED;DT_UNDEFINED;DT_UNDEFINED;DT_UNDEFINED;DT_UNDEFINED;DT_UNDEFINED;DT_UNDEFINED;DT_UNDEFINED;DT_UNDEFINED,ND;ND;ND;NULL;ND;ND;ND;NULL;NULL;NULL;NULL;NULL;NULL;NULL;ND;NULL;NULL;NULL;NULL;NULL;NULL;NULL;NULL;NULL;NULL;NULL;NULL;NULL;NULL;NULL;NULL,"""1,14,64;""",DT_BF16;FLOAT,ND;ND,0
0,4294967295,3120,46,aclnnMatmul_MatMulCommon_MatMulV2,MatMulV2,dynamic,AI_CORE,1790613010258179.823	,5.561,464.569000,19,0,NO,"""1,896;896,896""",DT_BF16;DT_BF16,ND;ND,"""1,896""",DT_BF16,ND,N/A
0,4294967295,3121,46,AddRmsNormBias,AddRmsNormBias,dynamic,AI_VECTOR_CORE,1790613010258353.031	,1.720,167.689000,1,0,NO,"""1,896;1,896;896;""",DT_BF16;DT_BF16;DT_BF16;DT_UNDEFINED,ND;ND;ND;NULL,"""1,896;1,1;1,896""",DT_BF16;FLOAT;DT_BF16,ND;ND;ND,N/A
0,4294967295,3122,46,aclnnMatmul_MatMulCommon_MatMulV2,MatMulV2,dynamic,AI_CORE,1790613010258507.157	,20.300,152.530000,22,0,NO,"""1,896;9728,896""",DT_BF16;DT_BF16,ND;ND,"""1,9728""",DT_BF16,ND,N/A
0,4294967295,3123,46,SwiGlu,SwiGlu,dynamic,AI_VECTOR_CORE,1790613010258627.861	,3.061,100.200000,1,0,NO,"""1,9728""",DT_BF16,ND,"""1,4864""",DT_BF16,ND,N/A
0,4294967295,3124,46,aclnnMatmul_MatMulCommon_MatMulV2,MatMulV2,dynamic,AI_CORE,1790613010258781.328	,16.600,150.439000,19,0,NO,"""1,4864;896,4864""",DT_BF16;DT_BF16,ND;ND,"""1,896""",DT_BF16,ND,N/A
0,4294967295,3125,46,AddRmsNormBias,AddRmsNormBias,dynamic,AI_VECTOR_CORE,1790613010258956.335	,1.840,158.400000,1,0,NO,"""1,896;1,896;896;""",DT_BF16;DT_BF16;DT_BF16;DT_UNDEFINED,ND;ND;ND;NULL,"""1,896;1,1;1,896""",DT_BF16;FLOAT;DT_BF16,ND;ND;ND,N/A
0,4294967295,3126,46,aclnnAddmm_CastAiCore_Cast,Cast,dynamic,AI_VECTOR_CORE,1790613010259121.581	,1.320,163.410000,2,0,NO,"""1152""",DT_BF16,ND,"""1152""",FLOAT,ND,N/A
0,4294967295,3127,46,aclnnAddmm_MatMulCommon_MatMulV2,MatMulV2,dynamic,AI_CORE,1790613010259123.981	,7.981,1.180000,24,0,NO,"""1,896;1152,896;1152""",DT_BF16;DT_BF16;FLOAT,ND;ND;ND,"""1,1152""",DT_BF16,ND,N/A
0,4294967295,3128,46,_triton_rope,_triton_rope,static,AI_VECTOR_CORE,1790613010259989.216	,3.040,857.269000,1,0,YES,"""1,14,64;1,2,64;32768,64""",DT_BF16;32590;DT_BF16,ND;ND;ND,"""1,14,64;1,2,64""",DT_BF16;32590,ND;ND,N/A
0,4294967295,3129,46,ReshapeAndCacheNdKernel,ReshapeAndCacheNdKernel,dynamic,AI_VECTOR_CORE,1790613010261103.441	,2.320,1111.210000,1,0,NO,"""1,2,64;1,2,64;11823,128,2,64;11823,128,2,64;1""",DT_BF16;DT_BF16;DT_BF16;DT_BF16;INT32,ND;ND;ND;ND;ND,"""11823,128,2,64;11823,128,2,64""",DT_BF16;DT_BF16,ND;ND,N/A
0,4294967295,3130,46,FusedInferAttentionScore,FusedInferAttentionScore,dynamic,MIX_AIC,1790613010261605.321	,21.900,499.430000,24,48,NO,"""1,14,64;11823,128,128;11823,128,128;;2048,2048;1;1;;;;;;;;1,2;;;;;;;;;;;;;;;;""",DT_BF16;DT_BF16;DT_BF16;DT_UNDEFINED;INT8;INT64;INT64;DT_UNDEFINED;DT_UNDEFINED;DT_UNDEFINED;DT_UNDEFINED;DT_UNDEFINED;DT_UNDEFINED;DT_UNDEFINED;INT32;DT_UNDEFINED;DT_UNDEFINED;DT_UNDEFINED;DT_UNDEFINED;DT_UNDEFINED;DT_UNDEFINED;DT_UNDEFINED;DT_UNDEFINED;DT_UNDEFINED;DT_UNDEFINED;DT_UNDEFINED;DT_UNDEFINED;DT_UNDEFINED;DT_UNDEFINED;DT_UNDEFINED;DT_UNDEFINED,ND;ND;ND;NULL;ND;ND;ND;NULL;NULL;NULL;NULL;NULL;NULL;NULL;ND;NULL;NULL;NULL;NULL;NULL;NULL;NULL;NULL;NULL;NULL;NULL;NULL;NULL;NULL;NULL;NULL,"""1,14,64;""",DT_BF16;FLOAT,ND;ND,0
0,4294967295,3132,46,aclnnMatmul_MatMulCommon_MatMulV2,MatMulV2,dynamic,AI_CORE,1790613010262085.400	,5.540,458.350000,19,0,NO,"""1,896;896,896""",DT_BF16;DT_BF16,ND;ND,"""1,896""",DT_BF16,ND,N/A
0,4294967295,3133,46,AddRmsNormBias,AddRmsNormBias,dynamic,AI_VECTOR_CORE,1790613010262254.647	,2.120,163.710000,1,0,NO,"""1,896;1,896;896;""",DT_BF16;DT_BF16;DT_BF16;DT_UNDEFINED,ND;ND;ND;NULL,"""1,896;1,1;1,896""",DT_BF16;FLOAT;DT_BF16,ND;ND;ND,N/A
0,4294967295,3134,46,aclnnMatmul_MatMulCommon_MatMulV2,MatMulV2,dynamic,AI_CORE,1790613010262410.133	,20.020,153.380000,22,0,NO,"""1,896;9728,896""",DT_BF16;DT_BF16,ND;ND,"""1,9728""",DT_BF16,ND,N/A
0,4294967295,3135,46,SwiGlu,SwiGlu,dynamic,AI_VECTOR_CORE,1790613010262535.038	,4.040,104.730000,1,0,NO,"""1,9728""",DT_BF16,ND,"""1,4864""",DT_BF16,ND,N/A
0,4294967295,3136,46,aclnnMatmul_MatMulCommon_MatMulV2,MatMulV2,dynamic,AI_CORE,1790613010262678.103	,16.241,138.960000,19,0,NO,"""1,4864;896,4864""",DT_BF16;DT_BF16,ND;ND,"""1,896""",DT_BF16,ND,N/A
0,4294967295,3137,46,AddRmsNormBias,AddRmsNormBias,dynamic,AI_VECTOR_CORE,1790613010262850.710	,1.720,156.509000,1,0,NO,"""1,896;1,896;896;""",DT_BF16;DT_BF16;DT_BF16;DT_UNDEFINED,ND;ND;ND;NULL,"""1,896;1,1;1,896""",DT_BF16;FLOAT;DT_BF16,ND;ND;ND,N/A
0,4294967295,3138,46,aclnnAddmm_CastAiCore_Cast,Cast,dynamic,AI_VECTOR_CORE,1790613010263000.976	,1.260,148.530000,2,0,NO,"""1152""",DT_BF16,ND,"""1152""",FLOAT,ND,N/A
0,4294967295,3139,46,aclnnAddmm_MatMulCommon_MatMulV2,MatMulV2,dynamic,AI_CORE,1790613010263003.496	,7.301,1.240000,24,0,NO,"""1,896;1152,896;1152""",DT_BF16;DT_BF16;FLOAT,ND;ND;ND,"""1,1152""",DT_BF16,ND,N/A
0,4294967295,3140,46,_triton_rope,_triton_rope,static,AI_VECTOR_CORE,1790613010263864.991	,2.880,854.199000,1,0,YES,"""1,14,64;1,2,64;32768,64""",DT_BF16;32590;DT_BF16,ND;ND;ND,"""1,14,64;1,2,64""",DT_BF16;32590,ND;ND,N/A
0,4294967295,3141,46,ReshapeAndCacheNdKernel,ReshapeAndCacheNdKernel,dynamic,AI_VECTOR_CORE,1790613010264542.678	,1.560,674.870000,1,0,NO,"""1,2,64;1,2,64;11823,128,2,64;11823,128,2,64;1""",DT_BF16;DT_BF16;DT_BF16;DT_BF16;INT32,ND;ND;ND;ND;ND,"""11823,128,2,64;11823,128,2,64""",DT_BF16;DT_BF16,ND;ND,N/A
0,4294967295,3142,46,FusedInferAttentionScore,FusedInferAttentionScore,dynamic,MIX_AIC,1790613010264997.976	,18.421,453.690000,24,48,NO,"""1,14,64;11823,128,128;11823,128,128;;2048,2048;1;1;;;;;;;;1,2;;;;;;;;;;;;;;;;""",DT_BF16;DT_BF16;DT_BF16;DT_UNDEFINED;INT8;INT64;INT64;DT_UNDEFINED;DT_UNDEFINED;DT_UNDEFINED;DT_UNDEFINED;DT_UNDEFINED;DT_UNDEFINED;DT_UNDEFINED;INT32;DT_UNDEFINED;DT_UNDEFINED;DT_UNDEFINED;DT_UNDEFINED;DT_UNDEFINED;DT_UNDEFINED;DT_UNDEFINED;DT_UNDEFINED;DT_UNDEFINED;DT_UNDEFINED;DT_UNDEFINED;DT_UNDEFINED;DT_UNDEFINED;DT_UNDEFINED;DT_UNDEFINED;DT_UNDEFINED,ND;ND;ND;NULL;ND;ND;ND;NULL;NULL;NULL;NULL;NULL;NULL;NULL;ND;NULL;NULL;NULL;NULL;NULL;NULL;NULL;NULL;NULL;NULL;NULL;NULL;NULL;NULL;NULL;NULL,"""1,14,64;""",DT_BF16;FLOAT,ND;ND,0
0,4294967295,3144,46,aclnnMatmul_MatMulCommon_MatMulV2,MatMulV2,dynamic,AI_CORE,1790613010265515.797	,5.340,499.329000,19,0,NO,"""1,896;896,896""",DT_BF16;DT_BF16,ND;ND,"""1,896""",DT_BF16,ND,N/A
0,4294967295,3145,46,AddRmsNormBias,AddRmsNormBias,dynamic,AI_VECTOR_CORE,1790613010265686.524	,1.640,165.410000,1,0,NO,"""1,896;1,896;896;""",DT_BF16;DT_BF16;DT_BF16;DT_UNDEFINED,ND;ND;ND;NULL,"""1,896;1,1;1,896""",DT_BF16;FLOAT;DT_BF16,ND;ND;ND,N/A
0,4294967295,3146,46,aclnnMatmul_MatMulCommon_MatMulV2,MatMulV2,dynamic,AI_CORE,1790613010265853.550	,19.281,165.360000,22,0,NO,"""1,896;9728,896""",DT_BF16;DT_BF16,ND;ND,"""1,9728""",DT_BF16,ND,N/A
0,4294967295,3147,46,SwiGlu,SwiGlu,dynamic,AI_VECTOR_CORE,1790613010265972.335	,2.900,99.469000,1,0,NO,"""1,9728""",DT_BF16,ND,"""1,4864""",DT_BF16,ND,N/A
0,4294967295,3148,46,aclnnMatmul_MatMulCommon_MatMulV2,MatMulV2,dynamic,AI_CORE,1790613010266105.180	,16.381,130.100000,19,0,NO,"""1,4864;896,4864""",DT_BF16;DT_BF16,ND;ND,"""1,896""",DT_BF16,ND,N/A
0,4294967295,3149,46,AddRmsNormBias,AddRmsNormBias,dynamic,AI_VECTOR_CORE,1790613010266290.888	,1.680,169.369000,1,0,NO,"""1,896;1,896;896;""",DT_BF16;DT_BF16;DT_BF16;DT_UNDEFINED,ND;ND;ND;NULL,"""1,896;1,1;1,896""",DT_BF16;FLOAT;DT_BF16,ND;ND;ND,N/A
0,4294967295,3150,46,aclnnIndex_IndexAiCore_Index,Index,dynamic,AI_VECTOR_CORE,1790613010266485.376	,9.380,192.820000,48,0,NO,"""1,896;1;2;1""",DT_BF16;INT64;INT64;INT32,ND;ND;ND;ND,"""1,896""",DT_BF16,ND,N/A
0,4294967295,3151,46,aclnnMatmul_MatMulCommon_MatMulV2,MatMulV2,dynamic,AI_CORE,1790613010266546.798	,217.629,51.870000,24,0,NO,"""1,896;151936,896""",DT_BF16;DT_BF16,ND;ND,"""1,151936""",DT_BF16,ND,N/A
0,4294967295,3152,46,aclnnInplaceCopy_CastAiCore_Cast,Cast,dynamic,AI_VECTOR_CORE,1790613010267075.679	,8.781,311.371000,48,0,NO,"""1,151936""",DT_BF16,ND,"""1,151936""",FLOAT,ND,N/A
0,4294967295,3153,46,aclnnLogSoftmax_LogSoftmaxAiCore_LogSoftmaxV2,LogSoftmaxV2,dynamic,AI_VECTOR_CORE,1790613010267084.480	,48.641,0.000000,1,0,NO,"""1,151936""",FLOAT,ND,"""1,151936""",FLOAT,ND,N/A
0,4294967295,3154,46,aclnnInplaceCopy_CastAiCore_Cast,Cast,dynamic,AI_VECTOR_CORE,1790613010267133.141	,2.801,0.109000,48,0,NO,"""1,151936""",DT_BF16,ND,"""1,151936""",FLOAT,ND,N/A
0,4294967295,3157,46,aclnnEqScalar_EqualAiCore_Equal,Equal,dynamic,AI_VECTOR_CORE,1790613010267389.232	,1.880,253.199000,1,0,NO,"""1,2;""",INT64;INT64,ND;ND,"""1,2""",BOOL,ND,N/A
0,4294967295,3158,46,aclnnInplaceMaskedFillScalar_MaskedFillAiCpu_MaskedFill,MaskedFill,dynamic,AI_CPU,1790613010267399.832	,117.545,8.620000,0,0,NO,"""1,2;1,2;""",INT64;BOOL;INT64,ND;ND;ND,"""1,2""",INT64,ND,N/A
0,4294967295,3159,46,aclnnInplaceZero_ZerosLikeAiCore_ZerosLike,ZerosLike,dynamic,AI_VECTOR_CORE,1790613010267517.397	,9.300,0.205000,48,0,NO,"""1,151936""",INT32,ND,"""1,151936""",INT32,ND,N/A
0,4294967295,3160,46,token_bin_counts_and_mask_kernel,token_bin_counts_and_mask_kernel,static,AI_VECTOR_CORE,1790613010268075.519	,61.003,548.700000,1,0,NO,"""1,10;1,151936""",INT64;FLOAT,ND;ND,"""1,151936""",FLOAT,ND,N/A
0,4294967295,3161,46,aclnnGtScalar_CastAiCore_Cast,Cast,dynamic,AI_VECTOR_CORE,1790613010268306.829	,8.500,170.247000,48,0,NO,"""1,151936""",INT32,ND,"""1,151936""",INT64,ND,N/A
0,4294967295,3162,46,aclnnGtScalar_GreaterAiCore_Greater,Greater,dynamic,AI_VECTOR_CORE,1790613010268315.349	,16.660,0.000000,48,0,NO,"""1,151936;""",INT64;INT64,ND;ND,"""1,151936""",BOOL,ND,N/A
0,4294967295,3163,46,aclnnInplaceZero_ZerosLikeAiCore_ZerosLike,ZerosLike,dynamic,AI_VECTOR_CORE,1790613010268332.029	,2.760,0.090000,48,0,NO,"""1,151936""",INT32,ND,"""1,151936""",INT32,ND,N/A
0,4294967295,3164,46,token_bin_counts_and_mask_kernel,token_bin_counts_and_mask_kernel,static,AI_VECTOR_CORE,1790613010268953.474	,56.203,618.740000,1,0,NO,"""1,2;1,151936""",INT64;FLOAT,ND;ND,"""1,151936""",FLOAT,ND,N/A
0,4294967295,3165,46,aclnnGtScalar_CastAiCore_Cast,Cast,dynamic,AI_VECTOR_CORE,1790613010269187.944	,2.780,178.297000,48,0,NO,"""1,151936""",INT32,ND,"""1,151936""",INT64,ND,N/A
0,4294967295,3166,46,aclnnGtScalar_GreaterAiCore_Greater,Greater,dynamic,AI_VECTOR_CORE,1790613010269190.744	,11.160,0.000000,48,0,NO,"""1,151936;""",INT64;INT64,ND;ND,"""1,151936""",BOOL,ND,N/A
0,4294967295,3167,46,apply_all_penalties_kernel,apply_all_penalties_kernel,static,AI_VECTOR_CORE,1790613010269981.535	,76.144,779.590000,1,0,YES,"""1,151936;1,151936;1,151936;1,151936""",FLOAT;BOOL;BOOL;INT32,ND;ND;ND;ND,"""1,151936""",FLOAT,ND,N/A
0,4294967295,3168,46,aclnnArgMax_ArgMaxV2AiCore_ArgMaxV2,ArgMaxV2,dynamic,AI_VECTOR_CORE,1790613010270277.127	,18.841,219.606000,1,0,NO,"""1,151936;""",FLOAT;INT64,ND;ND,"""1""",INT32,ND,N/A
0,4294967295,3169,46,aclnnArgMax_CastAiCore_Cast,Cast,dynamic,AI_VECTOR_CORE,1790613010270295.988	,0.840,0.000000,1,0,NO,"""1""",INT32,ND,"""1""",INT64,ND,N/A
0,4294967295,3170,46,aclnnTopk_TopkV2AiCore_TopKV2,TopKV2,dynamic,MIX_AIV,1790613010270307.729	,18.320,10.910000,38,0,NO,"""1,151936;""",FLOAT;INT32,ND;ND,"""1,32;1,32""",FLOAT;INT32,ND;ND,0
0,4294967295,3171,46,aclnnTopk_TopkV2AiCore_TopKV2,TopKV2,dynamic,MIX_AIV,1790613010270329.029	,3.240,2.930000,1,0,NO,"""1,32;""",FLOAT;INT32,ND;ND,"""1,1;1,1""",FLOAT;INT32,ND;ND,0
0,4294967295,3172,46,aclnnTopk_GatherElements_GatherElements,GatherElements,dynamic,AI_VECTOR_CORE,1790613010270333.189	,9.501,1.010000,48,0,NO,"""1,32;1,1""",INT32;INT32,ND;ND,"""1,1""",INT32,ND,N/A
0,4294967295,3173,46,aclnnTopk_CastAiCore_Cast,Cast,dynamic,AI_VECTOR_CORE,1790613010270342.730	,0.820,0.000000,1,0,NO,"""1,1""",INT32,ND,"""1,1""",INT64,ND,N/A
0,4294967295,3174,46,aclnnGather_CastAiCore_Cast,Cast,dynamic,AI_VECTOR_CORE,1790613010270343.570	,1.280,0.000000,1,0,NO,"""1,1""",INT64,ND,"""1,1""",INT32,ND,N/A
0,4294967295,3175,46,aclnnGather_GatherElementsV2_GatherElementsV2,GatherElementsV2,dynamic,AI_VECTOR_CORE,1790613010270344.870	,3.940,0.000000,1,0,NO,"""1,151936;1,1""",FLOAT;INT32,ND;ND,"""1,1""",FLOAT,ND,N/A
0,4294967295,3176,46,aclnnGeTensor_GreaterEqual_GreaterEqual,GreaterEqual,dynamic,AI_VECTOR_CORE,1790613010270570.219	,9.300,221.560000,48,0,NO,"""1,151936;1,1""",FLOAT;FLOAT,ND;ND,"""1,151936""",BOOL,ND,N/A
0,4294967295,3177,46,aclnnReduceSum_CastAiCore_Cast,Cast,dynamic,AI_VECTOR_CORE,1790613010270579.539	,8.261,0.000000,48,0,NO,"""1,151936""",BOOL,ND,"""1,151936""",FLOAT,ND,N/A
0,4294967295,3178,46,aclnnReduceSum_ReduceSumOpAiCore_ReduceSum,ReduceSum,dynamic,MIX_AIV,1790613010270588.720	,18.140,0.989000,48,0,NO,"""1,151936;1""",FLOAT;INT64,ND;ND,"""1""",FLOAT,ND,0
0,4294967295,3179,46,aclnnReduceSum_CastAiCore_Cast,Cast,dynamic,AI_VECTOR_CORE,1790613010270607.520	,1.021,0.610000,1,0,NO,"""1""",FLOAT,ND,"""1""",INT64,ND,N/A
0,4294967295,3180,46,aclnnCat_ConcatD_ConcatD,ConcatD,dynamic,AI_VECTOR_CORE,1790613010270608.561	,2.200,0.000000,1,0,NO,"""1,1;1,1""",INT64;INT64,ND;ND,"""1,2""",INT64,ND,N/A
0,4294967295,3181,46,aclnnCat_ConcatD_ConcatD,ConcatD,dynamic,AI_VECTOR_CORE,1790613010270610.781	,1.800,0.050000,1,0,NO,"""1,1;1,1""",FLOAT;FLOAT,ND;ND,"""1,2""",FLOAT,ND,N/A
0,4294967295,3182,46,aclnnInplaceCopy_CastAiCore_Cast,Cast,dynamic,AI_VECTOR_CORE,1790613010270633.641	,0.960,21.200000,1,0,NO,"""1,2""",INT64,ND,"""1,2""",INT32,ND,N/A
0,4294967295,3183,46,aclnnInplaceCopy_CastAiCore_Cast,Cast,dynamic,AI_VECTOR_CORE,1790613010270649.002	,1.120,14.290000,1,0,NO,"""1""",INT64,ND,"""1""",INT32,ND,N/A
0,4294967295,3188,46,aclnnInplaceFillScalar_FillAiCore_Fill,Fill,dynamic,AI_VECTOR_CORE,1790613010275753.766	,1.040,5103.630000,1,0,NO,"""1;""",INT64;INT32,ND;ND,"""1""",INT32,ND,N/A
0,4294967295,3191,46,aclnnInplaceFillScalar_FillAiCore_Fill,Fill,dynamic,AI_VECTOR_CORE,1790613010276267.007	,0.960,512.210000,1,0,NO,"""1;""",INT64;INT32,ND;ND,"""1""",INT32,ND,N/A
0,4294967295,3196,46,aclnnIndex_IndexAiCore_Index,Index,dynamic,AI_VECTOR_CORE,1790613010276748.706	,8.900,480.790000,48,0,NO,"""1;1;1;1""",INT32;INT64;INT64;INT64,ND;ND;ND;ND,"""1""",INT32,ND,N/A
0,4294967295,3197,46,aclnnInplaceCopy_CastAiCore_Cast,Cast,dynamic,AI_VECTOR_CORE,1790613010276764.587	,0.920,6.850000,1,0,NO,"""1""",INT32,ND,"""1""",INT64,ND,N/A
0,4294967295,3198,46,aclnnAdd_AddAiCore_Add,Add,dynamic,AI_VECTOR_CORE,1790613010276783.187	,2.300,17.830000,1,0,NO,"""1;1""",INT64;INT64,ND;ND,"""1""",INT64,ND,N/A
0,4294967295,3200,46,aclnnAdd_AddAiCore_Add,Add,dynamic,AI_VECTOR_CORE,1790613010276813.469	,1.260,27.950000,1,0,NO,"""1;1""",INT32;INT32,ND;ND,"""1""",INT32,ND,N/A
0,4294967295,3202,46,_compute_slot_mapping_kernel,_compute_slot_mapping_kernel,static,AI_VECTOR_CORE,1790613010277550.878	,120.225,736.240000,2,0,YES,"""2;1;1,2""",461301056;32590;INT32,ND;ND;ND,"""258""",INT64,ND,N/A
0,4294967295,3203,46,aclnnSubs_SubAiCore_Sub,Sub,dynamic,AI_VECTOR_CORE,1790613010277839.049	,1.181,167.775000,1,0,NO,"""1;""",INT32;INT32,ND;ND,"""1""",INT32,ND,N/A
0,4294967295,3205,46,aclnnIndexSelect_GatherV3AiCore_GatherV3,GatherV3,dynamic,AI_VECTOR_CORE,1790613010278382.011	,2.440,541.819000,1,0,NO,"""32768,64;1;1""",DT_BF16;INT64;INT64,ND;ND;ND,"""1,64""",DT_BF16,ND,N/A
0,4294967295,3206,46,aclnnRepeat_TileAiCore_Tile,Tile,dynamic,AI_VECTOR_CORE,1790613010278388.691	,1.721,4.310000,1,0,NO,"""1,2,32;3""",DT_BF16;INT64,NCL;ND,"""1,2,64""",DT_BF16,ND,N/A
0,4294967295,3208,46,aclnnIndexSelect_GatherV3AiCore_GatherV3,GatherV3,dynamic,AI_VECTOR_CORE,1790613010278446.554	,2.180,56.029000,1,0,NO,"""32768,64;1;1""",DT_BF16;INT64;INT64,ND;ND;ND,"""1,64""",DT_BF16,ND,N/A
0,4294967295,3209,46,aclnnRepeat_TileAiCore_Tile,Tile,dynamic,AI_VECTOR_CORE,1790613010278464.115	,1.360,15.320000,1,0,NO,"""1,2,32;3""",DT_BF16;INT64,NCL;ND,"""1,2,64""",DT_BF16,ND,N/A
0,4294967295,3211,46,aclnnInplaceCopy_CastAiCore_Cast,Cast,dynamic,AI_VECTOR_CORE,1790613010279092.180	,1.140,626.890000,1,0,NO,"""1""",INT32,ND,"""1""",INT64,ND,N/A
0,4294967295,3212,46,aclnnEmbedding_GatherV2AiCore_GatherV2,GatherV2,dynamic,AI_VECTOR_CORE,1790613010279103.620	,9.181,10.110000,48,0,NO,"""151936,896;1;1""",DT_BF16;INT64;INT64,ND;ND;ND,"""1,896""",DT_BF16,ND,N/A
0,4294967295,3213,46,RmsNorm,RmsNorm,dynamic,AI_VECTOR_CORE,1790613010279224.125	,5.400,111.319000,1,0,NO,"""1,896;896""",DT_BF16;DT_BF16,ND;ND,"""1,896;1,1""",DT_BF16;FLOAT,ND;ND,N/A
0,4294967295,3214,46,aclnnAddmm_CastAiCore_Cast,Cast,dynamic,AI_VECTOR_CORE,1790613010279412.413	,1.260,183.100000,2,0,NO,"""1152""",DT_BF16,ND,"""1152""",FLOAT,ND,N/A
0,4294967295,3215,46,aclnnAddmm_MatMulCommon_MatMulV2,MatMulV2,dynamic,AI_CORE,1790613010279414.953	,7.640,1.240000,24,0,NO,"""1,896;1152,896;1152""",DT_BF16;DT_BF16;FLOAT,ND;ND;ND,"""1,1152""",DT_BF16,ND,N/A
0,4294967295,3216,46,_triton_rope,_triton_rope,static,AI_VECTOR_CORE,1790613010280311.108	,3.101,888.360000,1,0,YES,"""1,14,64;1,2,64;32768,64""",DT_BF16;32590;DT_BF16,ND;ND;ND,"""1,14,64;1,2,64""",DT_BF16;32590,ND;ND,N/A
0,4294967295,3217,46,ReshapeAndCacheNdKernel,ReshapeAndCacheNdKernel,dynamic,AI_VECTOR_CORE,1790613010281031.077	,2.180,716.899000,1,0,NO,"""1,2,64;1,2,64;11823,128,2,64;11823,128,2,64;1""",DT_BF16;DT_BF16;DT_BF16;DT_BF16;INT32,ND;ND;ND;ND;ND,"""11823,128,2,64;11823,128,2,64""",DT_BF16;DT_BF16,ND;ND,N/A
0,4294967295,3218,46,FusedInferAttentionScore,FusedInferAttentionScore,dynamic,MIX_AIC,1790613010281507.636	,20.181,474.570000,24,48,NO,"""1,14,64;11823,128,128;11823,128,128;;2048,2048;1;1;;;;;;;;1,2;;;;;;;;;;;;;;;;""",DT_BF16;DT_BF16;DT_BF16;DT_UNDEFINED;INT8;INT64;INT64;DT_UNDEFINED;DT_UNDEFINED;DT_UNDEFINED;DT_UNDEFINED;DT_UNDEFINED;DT_UNDEFINED;DT_UNDEFINED;INT32;DT_UNDEFINED;DT_UNDEFINED;DT_UNDEFINED;DT_UNDEFINED;DT_UNDEFINED;DT_UNDEFINED;DT_UNDEFINED;DT_UNDEFINED;DT_UNDEFINED;DT_UNDEFINED;DT_UNDEFINED;DT_UNDEFINED;DT_UNDEFINED;DT_UNDEFINED;DT_UNDEFINED;DT_UNDEFINED,ND;ND;ND;NULL;ND;ND;ND;NULL;NULL;NULL;NULL;NULL;NULL;NULL;ND;NULL;NULL;NULL;NULL;NULL;NULL;NULL;NULL;NULL;NULL;NULL;NULL;NULL;NULL;NULL;NULL,"""1,14,64;""",DT_BF16;FLOAT,ND;ND,0
0,4294967295,3220,46,aclnnMatmul_MatMulCommon_MatMulV2,MatMulV2,dynamic,AI_CORE,1790613010281969.635	,5.340,441.819000,19,0,NO,"""1,896;896,896""",DT_BF16;DT_BF16,ND;ND,"""1,896""",DT_BF16,ND,N/A
0,4294967295,3221,46,AddRmsNormBias,AddRmsNormBias,dynamic,AI_VECTOR_CORE,1790613010282136.721	,1.980,161.660000,1,0,NO,"""1,896;1,896;896;""",DT_BF16;DT_BF16;DT_BF16;DT_UNDEFINED,ND;ND;ND;NULL,"""1,896;1,1;1,896""",DT_BF16;FLOAT;DT_BF16,ND;ND;ND,N/A
0,4294967295,3222,46,aclnnMatmul_MatMulCommon_MatMulV2,MatMulV2,dynamic,AI_CORE,1790613010282294.748	,19.661,156.020000,22,0,NO,"""1,896;9728,896""",DT_BF16;DT_BF16,ND;ND,"""1,9728""",DT_BF16,ND,N/A
0,4294967295,3223,46,SwiGlu,SwiGlu,dynamic,AI_VECTOR_CORE,1790613010282410.052	,4.041,95.589000,1,0,NO,"""1,9728""",DT_BF16,ND,"""1,4864""",DT_BF16,ND,N/A
0,4294967295,3224,46,aclnnMatmul_MatMulCommon_MatMulV2,MatMulV2,dynamic,AI_CORE,1790613010282558.658	,16.241,144.709000,19,0,NO,"""1,4864;896,4864""",DT_BF16;DT_BF16,ND;ND,"""1,896""",DT_BF16,ND,N/A
0,4294967295,3225,46,AddRmsNormBias,AddRmsNormBias,dynamic,AI_VECTOR_CORE,1790613010282739.945	,1.720,165.009000,1,0,NO,"""1,896;1,896;896;""",DT_BF16;DT_BF16;DT_BF16;DT_UNDEFINED,ND;ND;ND;NULL,"""1,896;1,1;1,896""",DT_BF16;FLOAT;DT_BF16,ND;ND;ND,N/A
0,4294967295,3226,46,aclnnAddmm_CastAiCore_Cast,Cast,dynamic,AI_VECTOR_CORE,1790613010282894.912	,1.180,153.280000,2,0,NO,"""1152""",DT_BF16,ND,"""1152""",FLOAT,ND,N/A
0,4294967295,3227,46,aclnnAddmm_MatMulCommon_MatMulV2,MatMulV2,dynamic,AI_CORE,1790613010282897.252	,7.280,1.070000,24,0,NO,"""1,896;1152,896;1152""",DT_BF16;DT_BF16;FLOAT,ND;ND;ND,"""1,1152""",DT_BF16,ND,N/A
0,4294967295,3228,46,_triton_rope,_triton_rope,static,AI_VECTOR_CORE,1790613010283774.207	,2.840,869.720000,1,0,YES,"""1,14,64;1,2,64;32768,64""",DT_BF16;32590;DT_BF16,ND;ND;ND,"""1,14,64;1,2,64""",DT_BF16;32590,ND;ND,N/A
0,4294967295,3229,46,ReshapeAndCacheNdKernel,ReshapeAndCacheNdKernel,dynamic,AI_VECTOR_CORE,1790613010284443.014	,2.320,665.910000,1,0,NO,"""1,2,64;1,2,64;11823,128,2,64;11823,128,2,64;1""",DT_BF16;DT_BF16;DT_BF16;DT_BF16;INT32,ND;ND;ND;ND;ND,"""11823,128,2,64;11823,128,2,64""",DT_BF16;DT_BF16,ND;ND,N/A
0,4294967295,3230,46,FusedInferAttentionScore,FusedInferAttentionScore,dynamic,MIX_AIC,1790613010284908.452	,20.521,463.180000,24,48,NO,"""1,14,64;11823,128,128;11823,128,128;;2048,2048;1;1;;;;;;;;1,2;;;;;;;;;;;;;;;;""",DT_BF16;DT_BF16;DT_BF16;DT_UNDEFINED;INT8;INT64;INT64;DT_UNDEFINED;DT_UNDEFINED;DT_UNDEFINED;DT_UNDEFINED;DT_UNDEFINED;DT_UNDEFINED;DT_UNDEFINED;INT32;DT_UNDEFINED;DT_UNDEFINED;DT_UNDEFINED;DT_UNDEFINED;DT_UNDEFINED;DT_UNDEFINED;DT_UNDEFINED;DT_UNDEFINED;DT_UNDEFINED;DT_UNDEFINED;DT_UNDEFINED;DT_UNDEFINED;DT_UNDEFINED;DT_UNDEFINED;DT_UNDEFINED;DT_UNDEFINED,ND;ND;ND;NULL;ND;ND;ND;NULL;NULL;NULL;NULL;NULL;NULL;NULL;ND;NULL;NULL;NULL;NULL;NULL;NULL;NULL;NULL;NULL;NULL;NULL;NULL;NULL;NULL;NULL;NULL,"""1,14,64;""",DT_BF16;FLOAT,ND;ND,0
0,4294967295,3232,46,aclnnMatmul_MatMulCommon_MatMulV2,MatMulV2,dynamic,AI_CORE,1790613010285404.652	,5.900,475.729000,19,0,NO,"""1,896;896,896""",DT_BF16;DT_BF16,ND;ND,"""1,896""",DT_BF16,ND,N/A
0,4294967295,3233,46,AddRmsNormBias,AddRmsNormBias,dynamic,AI_VECTOR_CORE,1790613010285574.259	,1.680,163.600000,1,0,NO,"""1,896;1,896;896;""",DT_BF16;DT_BF16;DT_BF16;DT_UNDEFINED,ND;ND;ND;NULL,"""1,896;1,1;1,896""",DT_BF16;FLOAT;DT_BF16,ND;ND;ND,N/A
0,4294967295,3234,46,aclnnMatmul_MatMulCommon_MatMulV2,MatMulV2,dynamic,AI_CORE,1790613010285742.085	,19.981,166.070000,22,0,NO,"""1,896;9728,896""",DT_BF16;DT_BF16,ND;ND,"""1,9728""",DT_BF16,ND,N/A
0,4294967295,3235,46,SwiGlu,SwiGlu,dynamic,AI_VECTOR_CORE,1790613010285865.551	,3.000,103.519000,1,0,NO,"""1,9728""",DT_BF16,ND,"""1,4864""",DT_BF16,ND,N/A
0,4294967295,3236,46,aclnnMatmul_MatMulCommon_MatMulV2,MatMulV2,dynamic,AI_CORE,1790613010286013.916	,16.621,145.500000,19,0,NO,"""1,4864;896,4864""",DT_BF16;DT_BF16,ND;ND,"""1,896""",DT_BF16,ND,N/A
0,4294967295,3237,46,AddRmsNormBias,AddRmsNormBias,dynamic,AI_VECTOR_CORE,1790613010286183.143	,1.720,152.629000,1,0,NO,"""1,896;1,896;896;""",DT_BF16;DT_BF16;DT_BF16;DT_UNDEFINED,ND;ND;ND;NULL,"""1,896;1,1;1,896""",DT_BF16;FLOAT;DT_BF16,ND;ND;ND,N/A
0,4294967295,3238,46,aclnnAddmm_CastAiCore_Cast,Cast,dynamic,AI_VECTOR_CORE,1790613010286345.070	,1.280,160.030000,2,0,NO,"""1152""",DT_BF16,ND,"""1152""",FLOAT,ND,N/A
0,4294967295,3239,46,aclnnAddmm_MatMulCommon_MatMulV2,MatMulV2,dynamic,AI_CORE,1790613010286347.490	,7.900,1.220000,24,0,NO,"""1,896;1152,896;1152""",DT_BF16;DT_BF16;FLOAT,ND;ND;ND,"""1,1152""",DT_BF16,ND,N/A
0,4294967295,3240,46,_triton_rope,_triton_rope,static,AI_VECTOR_CORE,1790613010287217.265	,2.840,861.850000,1,0,YES,"""1,14,64;1,2,64;32768,64""",DT_BF16;32590;DT_BF16,ND;ND;ND,"""1,14,64;1,2,64""",DT_BF16;32590,ND;ND,N/A
0,4294967295,3241,46,ReshapeAndCacheNdKernel,ReshapeAndCacheNdKernel,dynamic,AI_VECTOR_CORE,1790613010287898.872	,1.660,678.660000,1,0,NO,"""1,2,64;1,2,64;11823,128,2,64;11823,128,2,64;1""",DT_BF16;DT_BF16;DT_BF16;DT_BF16;INT32,ND;ND;ND;ND;ND,"""11823,128,2,64;11823,128,2,64""",DT_BF16;DT_BF16,ND;ND,N/A
0,4294967295,3242,46,FusedInferAttentionScore,FusedInferAttentionScore,dynamic,MIX_AIC,1790613010288363.730	,18.441,463.340000,24,48,NO,"""1,14,64;11823,128,128;11823,128,128;;2048,2048;1;1;;;;;;;;1,2;;;;;;;;;;;;;;;;""",DT_BF16;DT_BF16;DT_BF16;DT_UNDEFINED;INT8;INT64;INT64;DT_UNDEFINED;DT_UNDEFINED;DT_UNDEFINED;DT_UNDEFINED;DT_UNDEFINED;DT_UNDEFINED;DT_UNDEFINED;INT32;DT_UNDEFINED;DT_UNDEFINED;DT_UNDEFINED;DT_UNDEFINED;DT_UNDEFINED;DT_UNDEFINED;DT_UNDEFINED;DT_UNDEFINED;DT_UNDEFINED;DT_UNDEFINED;DT_UNDEFINED;DT_UNDEFINED;DT_UNDEFINED;DT_UNDEFINED;DT_UNDEFINED;DT_UNDEFINED,ND;ND;ND;NULL;ND;ND;ND;NULL;NULL;NULL;NULL;NULL;NULL;NULL;ND;NULL;NULL;NULL;NULL;NULL;NULL;NULL;NULL;NULL;NULL;NULL;NULL;NULL;NULL;NULL;NULL,"""1,14,64;""",DT_BF16;FLOAT,ND;ND,0
0,4294967295,3244,46,aclnnMatmul_MatMulCommon_MatMulV2,MatMulV2,dynamic,AI_CORE,1790613010288839.649	,5.581,457.559000,19,0,NO,"""1,896;896,896""",DT_BF16;DT_BF16,ND;ND,"""1,896""",DT_BF16,ND,N/A
0,4294967295,3245,46,AddRmsNormBias,AddRmsNormBias,dynamic,AI_VECTOR_CORE,1790613010289006.216	,1.920,160.919000,1,0,NO,"""1,896;1,896;896;""",DT_BF16;DT_BF16;DT_BF16;DT_UNDEFINED,ND;ND;ND;NULL,"""1,896;1,1;1,896""",DT_BF16;FLOAT;DT_BF16,ND;ND;ND,N/A
0,4294967295,3246,46,aclnnMatmul_MatMulCommon_MatMulV2,MatMulV2,dynamic,AI_CORE,1790613010289174.983	,19.780,166.830000,22,0,NO,"""1,896;9728,896""",DT_BF16;DT_BF16,ND;ND,"""1,9728""",DT_BF16,ND,N/A
0,4294967295,3247,46,SwiGlu,SwiGlu,dynamic,AI_VECTOR_CORE,1790613010289308.528	,2.860,113.720000,1,0,NO,"""1,9728""",DT_BF16,ND,"""1,4864""",DT_BF16,ND,N/A
0,4294967295,3248,46,aclnnMatmul_MatMulCommon_MatMulV2,MatMulV2,dynamic,AI_CORE,1790613010289461.674	,16.281,150.390000,19,0,NO,"""1,4864;896,4864""",DT_BF16;DT_BF16,ND;ND,"""1,896""",DT_BF16,ND,N/A
0,4294967295,3249,46,AddRmsNormBias,AddRmsNormBias,dynamic,AI_VECTOR_CORE,1790613010289639.901	,1.720,161.969000,1,0,NO,"""1,896;1,896;896;""",DT_BF16;DT_BF16;DT_BF16;DT_UNDEFINED,ND;ND;ND;NULL,"""1,896;1,1;1,896""",DT_BF16;FLOAT;DT_BF16,ND;ND;ND,N/A
0,4294967295,3250,46,aclnnAddmm_CastAiCore_Cast,Cast,dynamic,AI_VECTOR_CORE,1790613010289794.087	,1.180,152.280000,2,0,NO,"""1152""",DT_BF16,ND,"""1152""",FLOAT,ND,N/A
0,4294967295,3251,46,aclnnAddmm_MatMulCommon_MatMulV2,MatMulV2,dynamic,AI_CORE,1790613010289796.668	,7.360,1.570000,24,0,NO,"""1,896;1152,896;1152""",DT_BF16;DT_BF16;FLOAT,ND;ND;ND,"""1,1152""",DT_BF16,ND,N/A
0,4294967295,3252,46,_triton_rope,_triton_rope,static,AI_VECTOR_CORE,1790613010290657.022	,2.880,852.890000,1,0,YES,"""1,14,64;1,2,64;32768,64""",DT_BF16;32590;DT_BF16,ND;ND;ND,"""1,14,64;1,2,64""",DT_BF16;32590,ND;ND,N/A
0,4294967295,3253,46,ReshapeAndCacheNdKernel,ReshapeAndCacheNdKernel,dynamic,AI_VECTOR_CORE,1790613010291321.689	,1.560,661.870000,1,0,NO,"""1,2,64;1,2,64;11823,128,2,64;11823,128,2,64;1""",DT_BF16;DT_BF16;DT_BF16;DT_BF16;INT32,ND;ND;ND;ND;ND,"""11823,128,2,64;11823,128,2,64""",DT_BF16;DT_BF16,ND;ND,N/A
0,4294967295,3254,46,FusedInferAttentionScore,FusedInferAttentionScore,dynamic,MIX_AIC,1790613010291785.507	,21.721,462.190000,24,48,NO,"""1,14,64;11823,128,128;11823,128,128;;2048,2048;1;1;;;;;;;;1,2;;;;;;;;;;;;;;;;""",DT_BF16;DT_BF16;DT_BF16;DT_UNDEFINED;INT8;INT64;INT64;DT_UNDEFINED;DT_UNDEFINED;DT_UNDEFINED;DT_UNDEFINED;DT_UNDEFINED;DT_UNDEFINED;DT_UNDEFINED;INT32;DT_UNDEFINED;DT_UNDEFINED;DT_UNDEFINED;DT_UNDEFINED;DT_UNDEFINED;DT_UNDEFINED;DT_UNDEFINED;DT_UNDEFINED;DT_UNDEFINED;DT_UNDEFINED;DT_UNDEFINED;DT_UNDEFINED;DT_UNDEFINED;DT_UNDEFINED;DT_UNDEFINED;DT_UNDEFINED,ND;ND;ND;NULL;ND;ND;ND;NULL;NULL;NULL;NULL;NULL;NULL;NULL;ND;NULL;NULL;NULL;NULL;NULL;NULL;NULL;NULL;NULL;NULL;NULL;NULL;NULL;NULL;NULL;NULL,"""1,14,64;""",DT_BF16;FLOAT,ND;ND,0
0,4294967295,3256,46,aclnnMatmul_MatMulCommon_MatMulV2,MatMulV2,dynamic,AI_CORE,1790613010292277.487	,5.440,470.279000,19,0,NO,"""1,896;896,896""",DT_BF16;DT_BF16,ND;ND,"""1,896""",DT_BF16,ND,N/A
0,4294967295,3257,46,AddRmsNormBias,AddRmsNormBias,dynamic,AI_VECTOR_CORE,1790613010292445.133	,1.740,162.310000,1,0,NO,"""1,896;1,896;896;""",DT_BF16;DT_BF16;DT_BF16;DT_UNDEFINED,ND;ND;ND;NULL,"""1,896;1,1;1,896""",DT_BF16;FLOAT;DT_BF16,ND;ND;ND,N/A
0,4294967295,3258,46,aclnnMatmul_MatMulCommon_MatMulV2,MatMulV2,dynamic,AI_CORE,1790613010292610.020	,20.081,163.010000,22,0,NO,"""1,896;9728,896""",DT_BF16;DT_BF16,ND;ND,"""1,9728""",DT_BF16,ND,N/A
0,4294967295,3259,46,SwiGlu,SwiGlu,dynamic,AI_VECTOR_CORE,1790613010292730.965	,2.920,100.919000,1,0,NO,"""1,9728""",DT_BF16,ND,"""1,4864""",DT_BF16,ND,N/A
0,4294967295,3260,46,aclnnMatmul_MatMulCommon_MatMulV2,MatMulV2,dynamic,AI_CORE,1790613010292871.331	,16.300,137.330000,19,0,NO,"""1,4864;896,4864""",DT_BF16;DT_BF16,ND;ND,"""1,896""",DT_BF16,ND,N/A
0,4294967295,3261,46,AddRmsNormBias,AddRmsNormBias,dynamic,AI_VECTOR_CORE,1790613010293038.317	,1.780,150.700000,1,0,NO,"""1,896;1,896;896;""",DT_BF16;DT_BF16;DT_BF16;DT_UNDEFINED,ND;ND;ND;NULL,"""1,896;1,1;1,896""",DT_BF16;FLOAT;DT_BF16,ND;ND;ND,N/A
0,4294967295,3262,46,aclnnAddmm_CastAiCore_Cast,Cast,dynamic,AI_VECTOR_CORE,1790613010293242.625	,1.320,202.470000,2,0,NO,"""1152""",DT_BF16,ND,"""1152""",FLOAT,ND,N/A
0,4294967295,3263,46,aclnnAddmm_MatMulCommon_MatMulV2,MatMulV2,dynamic,AI_CORE,1790613010293245.085	,7.361,1.180000,24,0,NO,"""1,896;1152,896;1152""",DT_BF16;DT_BF16;FLOAT,ND;ND;ND,"""1,1152""",DT_BF16,ND,N/A
0,4294967295,3264,46,_triton_rope,_triton_rope,static,AI_VECTOR_CORE,1790613010294118.340	,2.821,865.889000,1,0,YES,"""1,14,64;1,2,64;32768,64""",DT_BF16;32590;DT_BF16,ND;ND;ND,"""1,14,64;1,2,64""",DT_BF16;32590,ND;ND,N/A
0,4294967295,3265,46,ReshapeAndCacheNdKernel,ReshapeAndCacheNdKernel,dynamic,AI_VECTOR_CORE,1790613010294800.848	,1.940,679.679000,1,0,NO,"""1,2,64;1,2,64;11823,128,2,64;11823,128,2,64;1""",DT_BF16;DT_BF16;DT_BF16;DT_BF16;INT32,ND;ND;ND;ND;ND,"""11823,128,2,64;11823,128,2,64""",DT_BF16;DT_BF16,ND;ND,N/A
0,4294967295,3266,46,FusedInferAttentionScore,FusedInferAttentionScore,dynamic,MIX_AIC,1790613010295246.465	,19.341,443.810000,24,48,NO,"""1,14,64;11823,128,128;11823,128,128;;2048,2048;1;1;;;;;;;;1,2;;;;;;;;;;;;;;;;""",DT_BF16;DT_BF16;DT_BF16;DT_UNDEFINED;INT8;INT64;INT64;DT_UNDEFINED;DT_UNDEFINED;DT_UNDEFINED;DT_UNDEFINED;DT_UNDEFINED;DT_UNDEFINED;DT_UNDEFINED;INT32;DT_UNDEFINED;DT_UNDEFINED;DT_UNDEFINED;DT_UNDEFINED;DT_UNDEFINED;DT_UNDEFINED;DT_UNDEFINED;DT_UNDEFINED;DT_UNDEFINED;DT_UNDEFINED;DT_UNDEFINED;DT_UNDEFINED;DT_UNDEFINED;DT_UNDEFINED;DT_UNDEFINED;DT_UNDEFINED,ND;ND;ND;NULL;ND;ND;ND;NULL;NULL;NULL;NULL;NULL;NULL;NULL;ND;NULL;NULL;NULL;NULL;NULL;NULL;NULL;NULL;NULL;NULL;NULL;NULL;NULL;NULL;NULL;NULL,"""1,14,64;""",DT_BF16;FLOAT,ND;ND,0
0,4294967295,3268,46,aclnnMatmul_MatMulCommon_MatMulV2,MatMulV2,dynamic,AI_CORE,1790613010295730.665	,5.620,464.909000,19,0,NO,"""1,896;896,896""",DT_BF16;DT_BF16,ND;ND,"""1,896""",DT_BF16,ND,N/A
0,4294967295,3269,46,AddRmsNormBias,AddRmsNormBias,dynamic,AI_VECTOR_CORE,1790613010295919.092	,1.681,182.630000,1,0,NO,"""1,896;1,896;896;""",DT_BF16;DT_BF16;DT_BF16;DT_UNDEFINED,ND;ND;ND;NULL,"""1,896;1,1;1,896""",DT_BF16;FLOAT;DT_BF16,ND;ND;ND,N/A
0,4294967295,3270,46,aclnnMatmul_MatMulCommon_MatMulV2,MatMulV2,dynamic,AI_CORE,1790613010296067.318	,19.841,146.569000,22,0,NO,"""1,896;9728,896""",DT_BF16;DT_BF16,ND;ND,"""1,9728""",DT_BF16,ND,N/A
0,4294967295,3271,46,SwiGlu,SwiGlu,dynamic,AI_VECTOR_CORE,1790613010296195.343	,2.820,108.159000,1,0,NO,"""1,9728""",DT_BF16,ND,"""1,4864""",DT_BF16,ND,N/A
0,4294967295,3272,46,aclnnMatmul_MatMulCommon_MatMulV2,MatMulV2,dynamic,AI_CORE,1790613010296328.129	,16.660,130.180000,19,0,NO,"""1,4864;896,4864""",DT_BF16;DT_BF16,ND;ND,"""1,896""",DT_BF16,ND,N/A
0,4294967295,3273,46,AddRmsNormBias,AddRmsNormBias,dynamic,AI_VECTOR_CORE,1790613010296504.296	,2.020,159.340000,1,0,NO,"""1,896;1,896;896;""",DT_BF16;DT_BF16;DT_BF16;DT_UNDEFINED,ND;ND;ND;NULL,"""1,896;1,1;1,896""",DT_BF16;FLOAT;DT_BF16,ND;ND;ND,N/A
0,4294967295,3274,46,aclnnAddmm_CastAiCore_Cast,Cast,dynamic,AI_VECTOR_CORE,1790613010296667.922	,1.220,161.730000,2,0,NO,"""1152""",DT_BF16,ND,"""1152""",FLOAT,ND,N/A
0,4294967295,3275,46,aclnnAddmm_MatMulCommon_MatMulV2,MatMulV2,dynamic,AI_CORE,1790613010296670.382	,7.841,1.280000,24,0,NO,"""1,896;1152,896;1152""",DT_BF16;DT_BF16;FLOAT,ND;ND;ND,"""1,1152""",DT_BF16,ND,N/A
0,4294967295,3276,46,_triton_rope,_triton_rope,static,AI_VECTOR_CORE,1790613010297543.677	,3.040,865.409000,1,0,YES,"""1,14,64;1,2,64;32768,64""",DT_BF16;32590;DT_BF16,ND;ND;ND,"""1,14,64;1,2,64""",DT_BF16;32590,ND;ND,N/A
0,4294967295,3277,46,ReshapeAndCacheNdKernel,ReshapeAndCacheNdKernel,dynamic,AI_VECTOR_CORE,1790613010298225.325	,2.280,678.460000,1,0,NO,"""1,2,64;1,2,64;11823,128,2,64;11823,128,2,64;1""",DT_BF16;DT_BF16;DT_BF16;DT_BF16;INT32,ND;ND;ND;ND;ND,"""11823,128,2,64;11823,128,2,64""",DT_BF16;DT_BF16,ND;ND,N/A
0,4294967295,3278,46,FusedInferAttentionScore,FusedInferAttentionScore,dynamic,MIX_AIC,1790613010298683.463	,18.901,455.970000,24,48,NO,"""1,14,64;11823,128,128;11823,128,128;;2048,2048;1;1;;;;;;;;1,2;;;;;;;;;;;;;;;;""",DT_BF16;DT_BF16;DT_BF16;DT_UNDEFINED;INT8;INT64;INT64;DT_UNDEFINED;DT_UNDEFINED;DT_UNDEFINED;DT_UNDEFINED;DT_UNDEFINED;DT_UNDEFINED;DT_UNDEFINED;INT32;DT_UNDEFINED;DT_UNDEFINED;DT_UNDEFINED;DT_UNDEFINED;DT_UNDEFINED;DT_UNDEFINED;DT_UNDEFINED;DT_UNDEFINED;DT_UNDEFINED;DT_UNDEFINED;DT_UNDEFINED;DT_UNDEFINED;DT_UNDEFINED;DT_UNDEFINED;DT_UNDEFINED;DT_UNDEFINED,ND;ND;ND;NULL;ND;ND;ND;NULL;NULL;NULL;NULL;NULL;NULL;NULL;ND;NULL;NULL;NULL;NULL;NULL;NULL;NULL;NULL;NULL;NULL;NULL;NULL;NULL;NULL;NULL;NULL,"""1,14,64;""",DT_BF16;FLOAT,ND;ND,0
0,4294967295,3280,46,aclnnMatmul_MatMulCommon_MatMulV2,MatMulV2,dynamic,AI_CORE,1790613010299175.143	,5.400,472.849000,19,0,NO,"""1,896;896,896""",DT_BF16;DT_BF16,ND;ND,"""1,896""",DT_BF16,ND,N/A
0,4294967295,3281,46,AddRmsNormBias,AddRmsNormBias,dynamic,AI_VECTOR_CORE,1790613010299348.109	,1.780,167.350000,1,0,NO,"""1,896;1,896;896;""",DT_BF16;DT_BF16;DT_BF16;DT_UNDEFINED,ND;ND;ND;NULL,"""1,896;1,1;1,896""",DT_BF16;FLOAT;DT_BF16,ND;ND;ND,N/A
0,4294967295,3282,46,aclnnMatmul_MatMulCommon_MatMulV2,MatMulV2,dynamic,AI_CORE,1790613010299509.056	,19.001,159.220000,22,0,NO,"""1,896;9728,896""",DT_BF16;DT_BF16,ND;ND,"""1,9728""",DT_BF16,ND,N/A
0,4294967295,3283,46,SwiGlu,SwiGlu,dynamic,AI_VECTOR_CORE,1790613010299626.861	,4.220,98.749000,1,0,NO,"""1,9728""",DT_BF16,ND,"""1,4864""",DT_BF16,ND,N/A
0,4294967295,3284,46,aclnnMatmul_MatMulCommon_MatMulV2,MatMulV2,dynamic,AI_CORE,1790613010299786.907	,16.221,156.030000,19,0,NO,"""1,4864;896,4864""",DT_BF16;DT_BF16,ND;ND,"""1,896""",DT_BF16,ND,N/A
0,4294967295,3285,46,AddRmsNormBias,AddRmsNormBias,dynamic,AI_VECTOR_CORE,1790613010299958.574	,1.660,155.279000,1,0,NO,"""1,896;1,896;896;""",DT_BF16;DT_BF16;DT_BF16;DT_UNDEFINED,ND;ND;ND;NULL,"""1,896;1,1;1,896""",DT_BF16;FLOAT;DT_BF16,ND;ND;ND,N/A
0,4294967295,3286,46,aclnnAddmm_CastAiCore_Cast,Cast,dynamic,AI_VECTOR_CORE,1790613010300126.361	,1.140,166.090000,2,0,NO,"""1152""",DT_BF16,ND,"""1152""",FLOAT,ND,N/A
0,4294967295,3287,46,aclnnAddmm_MatMulCommon_MatMulV2,MatMulV2,dynamic,AI_CORE,1790613010300129.141	,7.260,1.860000,24,0,NO,"""1,896;1152,896;1152""",DT_BF16;DT_BF16;FLOAT,ND;ND;ND,"""1,1152""",DT_BF16,ND,N/A
0,4294967295,3288,46,_triton_rope,_triton_rope,static,AI_VECTOR_CORE,1790613010300987.175	,2.820,850.740000,1,0,YES,"""1,14,64;1,2,64;32768,64""",DT_BF16;32590;DT_BF16,ND;ND;ND,"""1,14,64;1,2,64""",DT_BF16;32590,ND;ND,N/A
0,4294967295,3289,46,ReshapeAndCacheNdKernel,ReshapeAndCacheNdKernel,dynamic,AI_VECTOR_CORE,1790613010301680.463	,1.540,690.430000,1,0,NO,"""1,2,64;1,2,64;11823,128,2,64;11823,128,2,64;1""",DT_BF16;DT_BF16;DT_BF16;DT_BF16;INT32,ND;ND;ND;ND;ND,"""11823,128,2,64;11823,128,2,64""",DT_BF16;DT_BF16,ND;ND,N/A
0,4294967295,3290,46,FusedInferAttentionScore,FusedInferAttentionScore,dynamic,MIX_AIC,1790613010302142.021	,16.921,459.960000,24,48,NO,"""1,14,64;11823,128,128;11823,128,128;;2048,2048;1;1;;;;;;;;1,2;;;;;;;;;;;;;;;;""",DT_BF16;DT_BF16;DT_BF16;DT_UNDEFINED;INT8;INT64;INT64;DT_UNDEFINED;DT_UNDEFINED;DT_UNDEFINED;DT_UNDEFINED;DT_UNDEFINED;DT_UNDEFINED;DT_UNDEFINED;INT32;DT_UNDEFINED;DT_UNDEFINED;DT_UNDEFINED;DT_UNDEFINED;DT_UNDEFINED;DT_UNDEFINED;DT_UNDEFINED;DT_UNDEFINED;DT_UNDEFINED;DT_UNDEFINED;DT_UNDEFINED;DT_UNDEFINED;DT_UNDEFINED;DT_UNDEFINED;DT_UNDEFINED;DT_UNDEFINED,ND;ND;ND;NULL;ND;ND;ND;NULL;NULL;NULL;NULL;NULL;NULL;NULL;ND;NULL;NULL;NULL;NULL;NULL;NULL;NULL;NULL;NULL;NULL;NULL;NULL;NULL;NULL;NULL;NULL,"""1,14,64;""",DT_BF16;FLOAT,ND;ND,0
0,4294967295,3292,46,aclnnMatmul_MatMulCommon_MatMulV2,MatMulV2,dynamic,AI_CORE,1790613010302630.081	,5.420,471.079000,19,0,NO,"""1,896;896,896""",DT_BF16;DT_BF16,ND;ND,"""1,896""",DT_BF16,ND,N/A
0,4294967295,3293,46,AddRmsNormBias,AddRmsNormBias,dynamic,AI_VECTOR_CORE,1790613010302800.967	,1.681,165.580000,1,0,NO,"""1,896;1,896;896;""",DT_BF16;DT_BF16;DT_BF16;DT_UNDEFINED,ND;ND;ND;NULL,"""1,896;1,1;1,896""",DT_BF16;FLOAT;DT_BF16,ND;ND;ND,N/A
0,4294967295,3294,46,aclnnMatmul_MatMulCommon_MatMulV2,MatMulV2,dynamic,AI_CORE,1790613010302966.514	,20.861,163.819000,22,0,NO,"""1,896;9728,896""",DT_BF16;DT_BF16,ND;ND,"""1,9728""",DT_BF16,ND,N/A
0,4294967295,3295,46,SwiGlu,SwiGlu,dynamic,AI_VECTOR_CORE,1790613010303092.539	,2.920,105.139000,1,0,NO,"""1,9728""",DT_BF16,ND,"""1,4864""",DT_BF16,ND,N/A
0,4294967295,3296,46,aclnnMatmul_MatMulCommon_MatMulV2,MatMulV2,dynamic,AI_CORE,1790613010303240.085	,16.501,144.580000,19,0,NO,"""1,4864;896,4864""",DT_BF16;DT_BF16,ND;ND,"""1,896""",DT_BF16,ND,N/A
0,4294967295,3297,46,AddRmsNormBias,AddRmsNormBias,dynamic,AI_VECTOR_CORE,1790613010303411.592	,1.660,154.999000,1,0,NO,"""1,896;1,896;896;""",DT_BF16;DT_BF16;DT_BF16;DT_UNDEFINED,ND;ND;ND;NULL,"""1,896;1,1;1,896""",DT_BF16;FLOAT;DT_BF16,ND;ND;ND,N/A
0,4294967295,3298,46,aclnnAddmm_CastAiCore_Cast,Cast,dynamic,AI_VECTOR_CORE,1790613010303572.138	,1.260,159.090000,2,0,NO,"""1152""",DT_BF16,ND,"""1152""",FLOAT,ND,N/A
0,4294967295,3299,46,aclnnAddmm_MatMulCommon_MatMulV2,MatMulV2,dynamic,AI_CORE,1790613010303574.559	,7.600,0.990000,24,0,NO,"""1,896;1152,896;1152""",DT_BF16;DT_BF16;FLOAT,ND;ND;ND,"""1,1152""",DT_BF16,ND,N/A
0,4294967295,3300,46,_triton_rope,_triton_rope,static,AI_VECTOR_CORE,1790613010304444.193	,2.840,862.150000,1,0,YES,"""1,14,64;1,2,64;32768,64""",DT_BF16;32590;DT_BF16,ND;ND;ND,"""1,14,64;1,2,64""",DT_BF16;32590,ND;ND,N/A
0,4294967295,3301,46,ReshapeAndCacheNdKernel,ReshapeAndCacheNdKernel,dynamic,AI_VECTOR_CORE,1790613010305115.920	,1.660,668.910000,1,0,NO,"""1,2,64;1,2,64;11823,128,2,64;11823,128,2,64;1""",DT_BF16;DT_BF16;DT_BF16;DT_BF16;INT32,ND;ND;ND;ND;ND,"""11823,128,2,64;11823,128,2,64""",DT_BF16;DT_BF16,ND;ND,N/A
0,4294967295,3302,46,FusedInferAttentionScore,FusedInferAttentionScore,dynamic,MIX_AIC,1790613010305605.860	,20.861,488.090000,24,48,NO,"""1,14,64;11823,128,128;11823,128,128;;2048,2048;1;1;;;;;;;;1,2;;;;;;;;;;;;;;;;""",DT_BF16;DT_BF16;DT_BF16;DT_UNDEFINED;INT8;INT64;INT64;DT_UNDEFINED;DT_UNDEFINED;DT_UNDEFINED;DT_UNDEFINED;DT_UNDEFINED;DT_UNDEFINED;DT_UNDEFINED;INT32;DT_UNDEFINED;DT_UNDEFINED;DT_UNDEFINED;DT_UNDEFINED;DT_UNDEFINED;DT_UNDEFINED;DT_UNDEFINED;DT_UNDEFINED;DT_UNDEFINED;DT_UNDEFINED;DT_UNDEFINED;DT_UNDEFINED;DT_UNDEFINED;DT_UNDEFINED;DT_UNDEFINED;DT_UNDEFINED,ND;ND;ND;NULL;ND;ND;ND;NULL;NULL;NULL;NULL;NULL;NULL;NULL;ND;NULL;NULL;NULL;NULL;NULL;NULL;NULL;NULL;NULL;NULL;NULL;NULL;NULL;NULL;NULL;NULL,"""1,14,64;""",DT_BF16;FLOAT,ND;ND,0
0,4294967295,3304,46,aclnnMatmul_MatMulCommon_MatMulV2,MatMulV2,dynamic,AI_CORE,1790613010306073.738	,5.621,447.139000,19,0,NO,"""1,896;896,896""",DT_BF16;DT_BF16,ND;ND,"""1,896""",DT_BF16,ND,N/A
0,4294967295,3305,46,AddRmsNormBias,AddRmsNormBias,dynamic,AI_VECTOR_CORE,1790613010306243.125	,1.720,163.629000,1,0,NO,"""1,896;1,896;896;""",DT_BF16;DT_BF16;DT_BF16;DT_UNDEFINED,ND;ND;ND;NULL,"""1,896;1,1;1,896""",DT_BF16;FLOAT;DT_BF16,ND;ND;ND,N/A
0,4294967295,3306,46,aclnnMatmul_MatMulCommon_MatMulV2,MatMulV2,dynamic,AI_CORE,1790613010306411.952	,21.821,167.280000,22,0,NO,"""1,896;9728,896""",DT_BF16;DT_BF16,ND;ND,"""1,9728""",DT_BF16,ND,N/A
0,4294967295,3307,46,SwiGlu,SwiGlu,dynamic,AI_VECTOR_CORE,1790613010306545.637	,3.040,111.929000,1,0,NO,"""1,9728""",DT_BF16,ND,"""1,4864""",DT_BF16,ND,N/A
0,4294967295,3308,46,aclnnMatmul_MatMulCommon_MatMulV2,MatMulV2,dynamic,AI_CORE,1790613010306692.623	,16.581,143.710000,19,0,NO,"""1,4864;896,4864""",DT_BF16;DT_BF16,ND;ND,"""1,896""",DT_BF16,ND,N/A
0,4294967295,3309,46,AddRmsNormBias,AddRmsNormBias,dynamic,AI_VECTOR_CORE,1790613010306864.490	,1.680,155.419000,1,0,NO,"""1,896;1,896;896;""",DT_BF16;DT_BF16;DT_BF16;DT_UNDEFINED,ND;ND;ND;NULL,"""1,896;1,1;1,896""",DT_BF16;FLOAT;DT_BF16,ND;ND;ND,N/A
0,4294967295,3310,46,aclnnAddmm_CastAiCore_Cast,Cast,dynamic,AI_VECTOR_CORE,1790613010307024.796	,1.401,158.570000,2,0,NO,"""1152""",DT_BF16,ND,"""1152""",FLOAT,ND,N/A
0,4294967295,3311,46,aclnnAddmm_MatMulCommon_MatMulV2,MatMulV2,dynamic,AI_CORE,1790613010307027.517	,7.920,1.349000,24,0,NO,"""1,896;1152,896;1152""",DT_BF16;DT_BF16;FLOAT,ND;ND;ND,"""1,1152""",DT_BF16,ND,N/A
0,4294967295,3312,46,_triton_rope,_triton_rope,static,AI_VECTOR_CORE,1790613010307876.551	,3.080,841.080000,1,0,YES,"""1,14,64;1,2,64;32768,64""",DT_BF16;32590;DT_BF16,ND;ND;ND,"""1,14,64;1,2,64""",DT_BF16;32590,ND;ND,N/A
0,4294967295,3313,46,ReshapeAndCacheNdKernel,ReshapeAndCacheNdKernel,dynamic,AI_VECTOR_CORE,1790613010308546.737	,2.060,667.170000,1,0,NO,"""1,2,64;1,2,64;11823,128,2,64;11823,128,2,64;1""",DT_BF16;DT_BF16;DT_BF16;DT_BF16;INT32,ND;ND;ND;ND;ND,"""11823,128,2,64;11823,128,2,64""",DT_BF16;DT_BF16,ND;ND,N/A
0,4294967295,3314,46,FusedInferAttentionScore,FusedInferAttentionScore,dynamic,MIX_AIC,1790613010309002.495	,22.341,453.690000,24,48,NO,"""1,14,64;11823,128,128;11823,128,128;;2048,2048;1;1;;;;;;;;1,2;;;;;;;;;;;;;;;;""",DT_BF16;DT_BF16;DT_BF16;DT_UNDEFINED;INT8;INT64;INT64;DT_UNDEFINED;DT_UNDEFINED;DT_UNDEFINED;DT_UNDEFINED;DT_UNDEFINED;DT_UNDEFINED;DT_UNDEFINED;INT32;DT_UNDEFINED;DT_UNDEFINED;DT_UNDEFINED;DT_UNDEFINED;DT_UNDEFINED;DT_UNDEFINED;DT_UNDEFINED;DT_UNDEFINED;DT_UNDEFINED;DT_UNDEFINED;DT_UNDEFINED;DT_UNDEFINED;DT_UNDEFINED;DT_UNDEFINED;DT_UNDEFINED;DT_UNDEFINED,ND;ND;ND;NULL;ND;ND;ND;NULL;NULL;NULL;NULL;NULL;NULL;NULL;ND;NULL;NULL;NULL;NULL;NULL;NULL;NULL;NULL;NULL;NULL;NULL;NULL;NULL;NULL;NULL;NULL,"""1,14,64;""",DT_BF16;FLOAT,ND;ND,0
0,4294967295,3316,46,aclnnMatmul_MatMulCommon_MatMulV2,MatMulV2,dynamic,AI_CORE,1790613010309517.216	,5.420,492.409000,19,0,NO,"""1,896;896,896""",DT_BF16;DT_BF16,ND;ND,"""1,896""",DT_BF16,ND,N/A
0,4294967295,3317,46,AddRmsNormBias,AddRmsNormBias,dynamic,AI_VECTOR_CORE,1790613010309686.523	,1.680,163.830000,1,0,NO,"""1,896;1,896;896;""",DT_BF16;DT_BF16;DT_BF16;DT_UNDEFINED,ND;ND;ND;NULL,"""1,896;1,1;1,896""",DT_BF16;FLOAT;DT_BF16,ND;ND;ND,N/A
0,4294967295,3318,46,aclnnMatmul_MatMulCommon_MatMulV2,MatMulV2,dynamic,AI_CORE,1790613010309866.090	,20.341,177.820000,22,0,NO,"""1,896;9728,896""",DT_BF16;DT_BF16,ND;ND,"""1,9728""",DT_BF16,ND,N/A
0,4294967295,3319,46,SwiGlu,SwiGlu,dynamic,AI_VECTOR_CORE,1790613010310006.316	,3.120,119.909000,1,0,NO,"""1,9728""",DT_BF16,ND,"""1,4864""",DT_BF16,ND,N/A
0,4294967295,3320,46,aclnnMatmul_MatMulCommon_MatMulV2,MatMulV2,dynamic,AI_CORE,1790613010310143.741	,16.301,134.380000,19,0,NO,"""1,4864;896,4864""",DT_BF16;DT_BF16,ND;ND,"""1,896""",DT_BF16,ND,N/A
0,4294967295,3321,46,AddRmsNormBias,AddRmsNormBias,dynamic,AI_VECTOR_CORE,1790613010310314.668	,1.840,154.699000,1,0,NO,"""1,896;1,896;896;""",DT_BF16;DT_BF16;DT_BF16;DT_UNDEFINED,ND;ND;ND;NULL,"""1,896;1,1;1,896""",DT_BF16;FLOAT;DT_BF16,ND;ND;ND,N/A
0,4294967295,3322,46,aclnnAddmm_CastAiCore_Cast,Cast,dynamic,AI_VECTOR_CORE,1790613010310475.834	,1.160,159.160000,2,0,NO,"""1152""",DT_BF16,ND,"""1152""",FLOAT,ND,N/A
0,4294967295,3323,46,aclnnAddmm_MatMulCommon_MatMulV2,MatMulV2,dynamic,AI_CORE,1790613010310478.315	,7.340,1.340000,24,0,NO,"""1,896;1152,896;1152""",DT_BF16;DT_BF16;FLOAT,ND;ND;ND,"""1,1152""",DT_BF16,ND,N/A
0,4294967295,3324,46,_triton_rope,_triton_rope,static,AI_VECTOR_CORE,1790613010311341.429	,2.880,855.910000,1,0,YES,"""1,14,64;1,2,64;32768,64""",DT_BF16;32590;DT_BF16,ND;ND;ND,"""1,14,64;1,2,64""",DT_BF16;32590,ND;ND,N/A
0,4294967295,3325,46,ReshapeAndCacheNdKernel,ReshapeAndCacheNdKernel,dynamic,AI_VECTOR_CORE,1790613010312009.476	,2.140,665.120000,1,0,NO,"""1,2,64;1,2,64;11823,128,2,64;11823,128,2,64;1""",DT_BF16;DT_BF16;DT_BF16;DT_BF16;INT32,ND;ND;ND;ND;ND,"""11823,128,2,64;11823,128,2,64""",DT_BF16;DT_BF16,ND;ND,N/A
0,4294967295,3326,46,FusedInferAttentionScore,FusedInferAttentionScore,dynamic,MIX_AIC,1790613010312453.573	,22.441,441.860000,24,48,NO,"""1,14,64;11823,128,128;11823,128,128;;2048,2048;1;1;;;;;;;;1,2;;;;;;;;;;;;;;;;""",DT_BF16;DT_BF16;DT_BF16;DT_UNDEFINED;INT8;INT64;INT64;DT_UNDEFINED;DT_UNDEFINED;DT_UNDEFINED;DT_UNDEFINED;DT_UNDEFINED;DT_UNDEFINED;DT_UNDEFINED;INT32;DT_UNDEFINED;DT_UNDEFINED;DT_UNDEFINED;DT_UNDEFINED;DT_UNDEFINED;DT_UNDEFINED;DT_UNDEFINED;DT_UNDEFINED;DT_UNDEFINED;DT_UNDEFINED;DT_UNDEFINED;DT_UNDEFINED;DT_UNDEFINED;DT_UNDEFINED;DT_UNDEFINED;DT_UNDEFINED,ND;ND;ND;NULL;ND;ND;ND;NULL;NULL;NULL;NULL;NULL;NULL;NULL;ND;NULL;NULL;NULL;NULL;NULL;NULL;NULL;NULL;NULL;NULL;NULL;NULL;NULL;NULL;NULL;NULL,"""1,14,64;""",DT_BF16;FLOAT,ND;ND,0
0,4294967295,3328,46,aclnnMatmul_MatMulCommon_MatMulV2,MatMulV2,dynamic,AI_CORE,1790613010312945.273	,5.500,469.309000,19,0,NO,"""1,896;896,896""",DT_BF16;DT_BF16,ND;ND,"""1,896""",DT_BF16,ND,N/A
0,4294967295,3329,46,AddRmsNormBias,AddRmsNormBias,dynamic,AI_VECTOR_CORE,1790613010313118.260	,1.680,167.500000,1,0,NO,"""1,896;1,896;896;""",DT_BF16;DT_BF16;DT_BF16;DT_UNDEFINED,ND;ND;ND;NULL,"""1,896;1,1;1,896""",DT_BF16;FLOAT;DT_BF16,ND;ND;ND,N/A
0,4294967295,3330,46,aclnnMatmul_MatMulCommon_MatMulV2,MatMulV2,dynamic,AI_CORE,1790613010313285.487	,19.180,165.570000,22,0,NO,"""1,896;9728,896""",DT_BF16;DT_BF16,ND;ND,"""1,9728""",DT_BF16,ND,N/A
0,4294967295,3331,46,SwiGlu,SwiGlu,dynamic,AI_VECTOR_CORE,1790613010313410.412	,2.920,105.820000,1,0,NO,"""1,9728""",DT_BF16,ND,"""1,4864""",DT_BF16,ND,N/A
0,4294967295,3332,46,aclnnMatmul_MatMulCommon_MatMulV2,MatMulV2,dynamic,AI_CORE,1790613010313545.877	,16.301,132.580000,19,0,NO,"""1,4864;896,4864""",DT_BF16;DT_BF16,ND;ND,"""1,896""",DT_BF16,ND,N/A
0,4294967295,3333,46,AddRmsNormBias,AddRmsNormBias,dynamic,AI_VECTOR_CORE,1790613010313721.904	,1.660,159.699000,1,0,NO,"""1,896;1,896;896;""",DT_BF16;DT_BF16;DT_BF16;DT_UNDEFINED,ND;ND;ND;NULL,"""1,896;1,1;1,896""",DT_BF16;FLOAT;DT_BF16,ND;ND;ND,N/A
0,4294967295,3334,46,aclnnAddmm_CastAiCore_Cast,Cast,dynamic,AI_VECTOR_CORE,1790613010313884.151	,1.200,160.590000,2,0,NO,"""1152""",DT_BF16,ND,"""1152""",FLOAT,ND,N/A
0,4294967295,3335,46,aclnnAddmm_MatMulCommon_MatMulV2,MatMulV2,dynamic,AI_CORE,1790613010313886.531	,7.380,1.050000,24,0,NO,"""1,896;1152,896;1152""",DT_BF16;DT_BF16;FLOAT,ND;ND;ND,"""1,1152""",DT_BF16,ND,N/A
0,4294967295,3336,46,_triton_rope,_triton_rope,static,AI_VECTOR_CORE,1790613010314759.226	,2.840,865.370000,1,0,YES,"""1,14,64;1,2,64;32768,64""",DT_BF16;32590;DT_BF16,ND;ND;ND,"""1,14,64;1,2,64""",DT_BF16;32590,ND;ND,N/A
0,4294967295,3337,46,ReshapeAndCacheNdKernel,ReshapeAndCacheNdKernel,dynamic,AI_VECTOR_CORE,1790613010315437.273	,1.660,675.160000,1,0,NO,"""1,2,64;1,2,64;11823,128,2,64;11823,128,2,64;1""",DT_BF16;DT_BF16;DT_BF16;DT_BF16;INT32,ND;ND;ND;ND;ND,"""11823,128,2,64;11823,128,2,64""",DT_BF16;DT_BF16,ND;ND,N/A
0,4294967295,3338,46,FusedInferAttentionScore,FusedInferAttentionScore,dynamic,MIX_AIC,1790613010315905.371	,19.181,466.340000,24,48,NO,"""1,14,64;11823,128,128;11823,128,128;;2048,2048;1;1;;;;;;;;1,2;;;;;;;;;;;;;;;;""",DT_BF16;DT_BF16;DT_BF16;DT_UNDEFINED;INT8;INT64;INT64;DT_UNDEFINED;DT_UNDEFINED;DT_UNDEFINED;DT_UNDEFINED;DT_UNDEFINED;DT_UNDEFINED;DT_UNDEFINED;INT32;DT_UNDEFINED;DT_UNDEFINED;DT_UNDEFINED;DT_UNDEFINED;DT_UNDEFINED;DT_UNDEFINED;DT_UNDEFINED;DT_UNDEFINED;DT_UNDEFINED;DT_UNDEFINED;DT_UNDEFINED;DT_UNDEFINED;DT_UNDEFINED;DT_UNDEFINED;DT_UNDEFINED;DT_UNDEFINED,ND;ND;ND;NULL;ND;ND;ND;NULL;NULL;NULL;NULL;NULL;NULL;NULL;ND;NULL;NULL;NULL;NULL;NULL;NULL;NULL;NULL;NULL;NULL;NULL;NULL;NULL;NULL;NULL;NULL,"""1,14,64;""",DT_BF16;FLOAT,ND;ND,0
0,4294967295,3340,46,aclnnMatmul_MatMulCommon_MatMulV2,MatMulV2,dynamic,AI_CORE,1790613010316387.931	,5.520,463.569000,19,0,NO,"""1,896;896,896""",DT_BF16;DT_BF16,ND;ND,"""1,896""",DT_BF16,ND,N/A
0,4294967295,3341,46,AddRmsNormBias,AddRmsNormBias,dynamic,AI_VECTOR_CORE,1790613010316568.638	,1.700,175.230000,1,0,NO,"""1,896;1,896;896;""",DT_BF16;DT_BF16;DT_BF16;DT_UNDEFINED,ND;ND;ND;NULL,"""1,896;1,1;1,896""",DT_BF16;FLOAT;DT_BF16,ND;ND;ND,N/A
0,4294967295,3342,46,aclnnMatmul_MatMulCommon_MatMulV2,MatMulV2,dynamic,AI_CORE,1790613010316717.624	,20.361,147.050000,22,0,NO,"""1,896;9728,896""",DT_BF16;DT_BF16,ND;ND,"""1,9728""",DT_BF16,ND,N/A
0,4294967295,3343,46,SwiGlu,SwiGlu,dynamic,AI_VECTOR_CORE,1790613010316844.709	,2.940,106.889000,1,0,NO,"""1,9728""",DT_BF16,ND,"""1,4864""",DT_BF16,ND,N/A
0,4294967295,3344,46,aclnnMatmul_MatMulCommon_MatMulV2,MatMulV2,dynamic,AI_CORE,1790613010316980.014	,16.601,132.310000,19,0,NO,"""1,4864;896,4864""",DT_BF16;DT_BF16,ND;ND,"""1,896""",DT_BF16,ND,N/A
0,4294967295,3345,46,AddRmsNormBias,AddRmsNormBias,dynamic,AI_VECTOR_CORE,1790613010317163.262	,1.780,166.649000,1,0,NO,"""1,896;1,896;896;""",DT_BF16;DT_BF16;DT_BF16;DT_UNDEFINED,ND;ND;ND;NULL,"""1,896;1,1;1,896""",DT_BF16;FLOAT;DT_BF16,ND;ND;ND,N/A
0,4294967295,3346,46,aclnnAddmm_CastAiCore_Cast,Cast,dynamic,AI_VECTOR_CORE,1790613010317328.288	,1.120,163.220000,2,0,NO,"""1152""",DT_BF16,ND,"""1152""",FLOAT,ND,N/A
0,4294967295,3347,46,aclnnAddmm_MatMulCommon_MatMulV2,MatMulV2,dynamic,AI_CORE,1790613010317330.808	,8.041,1.380000,24,0,NO,"""1,896;1152,896;1152""",DT_BF16;DT_BF16;FLOAT,ND;ND;ND,"""1,1152""",DT_BF16,ND,N/A
0,4294967295,3348,46,_triton_rope,_triton_rope,static,AI_VECTOR_CORE,1790613010318188.283	,2.800,849.459000,1,0,YES,"""1,14,64;1,2,64;32768,64""",DT_BF16;32590;DT_BF16,ND;ND;ND,"""1,14,64;1,2,64""",DT_BF16;32590,ND;ND,N/A
0,4294967295,3349,46,ReshapeAndCacheNdKernel,ReshapeAndCacheNdKernel,dynamic,AI_VECTOR_CORE,1790613010318867.730	,1.920,676.700000,1,0,NO,"""1,2,64;1,2,64;11823,128,2,64;11823,128,2,64;1""",DT_BF16;DT_BF16;DT_BF16;DT_BF16;INT32,ND;ND;ND;ND;ND,"""11823,128,2,64;11823,128,2,64""",DT_BF16;DT_BF16,ND;ND,N/A
0,4294967295,3350,46,FusedInferAttentionScore,FusedInferAttentionScore,dynamic,MIX_AIC,1790613010319314.348	,18.321,444.580000,24,48,NO,"""1,14,64;11823,128,128;11823,128,128;;2048,2048;1;1;;;;;;;;1,2;;;;;;;;;;;;;;;;""",DT_BF16;DT_BF16;DT_BF16;DT_UNDEFINED;INT8;INT64;INT64;DT_UNDEFINED;DT_UNDEFINED;DT_UNDEFINED;DT_UNDEFINED;DT_UNDEFINED;DT_UNDEFINED;DT_UNDEFINED;INT32;DT_UNDEFINED;DT_UNDEFINED;DT_UNDEFINED;DT_UNDEFINED;DT_UNDEFINED;DT_UNDEFINED;DT_UNDEFINED;DT_UNDEFINED;DT_UNDEFINED;DT_UNDEFINED;DT_UNDEFINED;DT_UNDEFINED;DT_UNDEFINED;DT_UNDEFINED;DT_UNDEFINED;DT_UNDEFINED,ND;ND;ND;NULL;ND;ND;ND;NULL;NULL;NULL;NULL;NULL;NULL;NULL;ND;NULL;NULL;NULL;NULL;NULL;NULL;NULL;NULL;NULL;NULL;NULL;NULL;NULL;NULL;NULL;NULL,"""1,14,64;""",DT_BF16;FLOAT,ND;ND,0
0,4294967295,3352,46,aclnnMatmul_MatMulCommon_MatMulV2,MatMulV2,dynamic,AI_CORE,1790613010319793.667	,5.560,461.179000,19,0,NO,"""1,896;896,896""",DT_BF16;DT_BF16,ND;ND,"""1,896""",DT_BF16,ND,N/A
0,4294967295,3353,46,AddRmsNormBias,AddRmsNormBias,dynamic,AI_VECTOR_CORE,1790613010319979.934	,1.640,180.690000,1,0,NO,"""1,896;1,896;896;""",DT_BF16;DT_BF16;DT_BF16;DT_UNDEFINED,ND;ND;ND;NULL,"""1,896;1,1;1,896""",DT_BF16;FLOAT;DT_BF16,ND;ND;ND,N/A
0,4294967295,3354,46,aclnnMatmul_MatMulCommon_MatMulV2,MatMulV2,dynamic,AI_CORE,1790613010320130.000	,19.661,148.360000,22,0,NO,"""1,896;9728,896""",DT_BF16;DT_BF16,ND;ND,"""1,9728""",DT_BF16,ND,N/A
0,4294967295,3355,46,SwiGlu,SwiGlu,dynamic,AI_VECTOR_CORE,1790613010320261.486	,2.880,111.839000,1,0,NO,"""1,9728""",DT_BF16,ND,"""1,4864""",DT_BF16,ND,N/A
0,4294967295,3356,46,aclnnMatmul_MatMulCommon_MatMulV2,MatMulV2,dynamic,AI_CORE,1790613010320394.591	,16.501,130.120000,19,0,NO,"""1,4864;896,4864""",DT_BF16;DT_BF16,ND;ND,"""1,896""",DT_BF16,ND,N/A
0,4294967295,3357,46,AddRmsNormBias,AddRmsNormBias,dynamic,AI_VECTOR_CORE,1790613010320573.778	,1.660,162.749000,1,0,NO,"""1,896;1,896;896;""",DT_BF16;DT_BF16;DT_BF16;DT_UNDEFINED,ND;ND;ND;NULL,"""1,896;1,1;1,896""",DT_BF16;FLOAT;DT_BF16,ND;ND;ND,N/A
0,4294967295,3358,46,aclnnAddmm_CastAiCore_Cast,Cast,dynamic,AI_VECTOR_CORE,1790613010320717.724	,1.260,142.340000,2,0,NO,"""1152""",DT_BF16,ND,"""1152""",FLOAT,ND,N/A
0,4294967295,3359,46,aclnnAddmm_MatMulCommon_MatMulV2,MatMulV2,dynamic,AI_CORE,1790613010320720.184	,7.640,1.240000,24,0,NO,"""1,896;1152,896;1152""",DT_BF16;DT_BF16;FLOAT,ND;ND;ND,"""1,1152""",DT_BF16,ND,N/A
0,4294967295,3360,46,_triton_rope,_triton_rope,static,AI_VECTOR_CORE,1790613010321631.040	,2.921,903.110000,1,0,YES,"""1,14,64;1,2,64;32768,64""",DT_BF16;32590;DT_BF16,ND;ND;ND,"""1,14,64;1,2,64""",DT_BF16;32590,ND;ND,N/A
0,4294967295,3361,46,ReshapeAndCacheNdKernel,ReshapeAndCacheNdKernel,dynamic,AI_VECTOR_CORE,1790613010322325.208	,1.600,691.329000,1,0,NO,"""1,2,64;1,2,64;11823,128,2,64;11823,128,2,64;1""",DT_BF16;DT_BF16;DT_BF16;DT_BF16;INT32,ND;ND;ND;ND;ND,"""11823,128,2,64;11823,128,2,64""",DT_BF16;DT_BF16,ND;ND,N/A
0,4294967295,3362,46,FusedInferAttentionScore,FusedInferAttentionScore,dynamic,MIX_AIC,1790613010322789.787	,17.960,462.900000,24,48,NO,"""1,14,64;11823,128,128;11823,128,128;;2048,2048;1;1;;;;;;;;1,2;;;;;;;;;;;;;;;;""",DT_BF16;DT_BF16;DT_BF16;DT_UNDEFINED;INT8;INT64;INT64;DT_UNDEFINED;DT_UNDEFINED;DT_UNDEFINED;DT_UNDEFINED;DT_UNDEFINED;DT_UNDEFINED;DT_UNDEFINED;INT32;DT_UNDEFINED;DT_UNDEFINED;DT_UNDEFINED;DT_UNDEFINED;DT_UNDEFINED;DT_UNDEFINED;DT_UNDEFINED;DT_UNDEFINED;DT_UNDEFINED;DT_UNDEFINED;DT_UNDEFINED;DT_UNDEFINED;DT_UNDEFINED;DT_UNDEFINED;DT_UNDEFINED;DT_UNDEFINED,ND;ND;ND;NULL;ND;ND;ND;NULL;NULL;NULL;NULL;NULL;NULL;NULL;ND;NULL;NULL;NULL;NULL;NULL;NULL;NULL;NULL;NULL;NULL;NULL;NULL;NULL;NULL;NULL;NULL,"""1,14,64;""",DT_BF16;FLOAT,ND;ND,0
0,4294967295,3364,46,aclnnMatmul_MatMulCommon_MatMulV2,MatMulV2,dynamic,AI_CORE,1790613010323266.466	,5.400,458.790000,19,0,NO,"""1,896;896,896""",DT_BF16;DT_BF16,ND;ND,"""1,896""",DT_BF16,ND,N/A
0,4294967295,3365,46,AddRmsNormBias,AddRmsNormBias,dynamic,AI_VECTOR_CORE,1790613010323438.073	,1.660,166.100000,1,0,NO,"""1,896;1,896;896;""",DT_BF16;DT_BF16;DT_BF16;DT_UNDEFINED,ND;ND;ND;NULL,"""1,896;1,1;1,896""",DT_BF16;FLOAT;DT_BF16,ND;ND;ND,N/A
0,4294967295,3366,46,aclnnMatmul_MatMulCommon_MatMulV2,MatMulV2,dynamic,AI_CORE,1790613010323595.139	,19.201,155.590000,22,0,NO,"""1,896;9728,896""",DT_BF16;DT_BF16,ND;ND,"""1,9728""",DT_BF16,ND,N/A
0,4294967295,3367,46,SwiGlu,SwiGlu,dynamic,AI_VECTOR_CORE,1790613010323724.084	,2.920,109.549000,1,0,NO,"""1,9728""",DT_BF16,ND,"""1,4864""",DT_BF16,ND,N/A
0,4294967295,3368,46,aclnnMatmul_MatMulCommon_MatMulV2,MatMulV2,dynamic,AI_CORE,1790613010323862.269	,16.201,135.330000,19,0,NO,"""1,4864;896,4864""",DT_BF16;DT_BF16,ND;ND,"""1,896""",DT_BF16,ND,N/A
0,4294967295,3369,46,AddRmsNormBias,AddRmsNormBias,dynamic,AI_VECTOR_CORE,1790613010324041.737	,1.680,163.299000,1,0,NO,"""1,896;1,896;896;""",DT_BF16;DT_BF16;DT_BF16;DT_UNDEFINED,ND;ND;ND;NULL,"""1,896;1,1;1,896""",DT_BF16;FLOAT;DT_BF16,ND;ND;ND,N/A
0,4294967295,3370,46,aclnnAddmm_CastAiCore_Cast,Cast,dynamic,AI_VECTOR_CORE,1790613010324206.303	,1.160,162.820000,2,0,NO,"""1152""",DT_BF16,ND,"""1152""",FLOAT,ND,N/A
0,4294967295,3371,46,aclnnAddmm_MatMulCommon_MatMulV2,MatMulV2,dynamic,AI_CORE,1790613010324209.563	,7.281,2.090000,24,0,NO,"""1,896;1152,896;1152""",DT_BF16;DT_BF16;FLOAT,ND;ND;ND,"""1,1152""",DT_BF16,ND,N/A
0,4294967295,3372,46,_triton_rope,_triton_rope,static,AI_VECTOR_CORE,1790613010325068.418	,2.920,851.719000,1,0,YES,"""1,14,64;1,2,64;32768,64""",DT_BF16;32590;DT_BF16,ND;ND;ND,"""1,14,64;1,2,64""",DT_BF16;32590,ND;ND,N/A
0,4294967295,3373,46,ReshapeAndCacheNdKernel,ReshapeAndCacheNdKernel,dynamic,AI_VECTOR_CORE,1790613010325751.285	,2.120,679.830000,1,0,NO,"""1,2,64;1,2,64;11823,128,2,64;11823,128,2,64;1""",DT_BF16;DT_BF16;DT_BF16;DT_BF16;INT32,ND;ND;ND;ND;ND,"""11823,128,2,64;11823,128,2,64""",DT_BF16;DT_BF16,ND;ND,N/A
0,4294967295,3374,46,FusedInferAttentionScore,FusedInferAttentionScore,dynamic,MIX_AIC,1790613010326204.043	,21.361,450.630000,24,48,NO,"""1,14,64;11823,128,128;11823,128,128;;2048,2048;1;1;;;;;;;;1,2;;;;;;;;;;;;;;;;""",DT_BF16;DT_BF16;DT_BF16;DT_UNDEFINED;INT8;INT64;INT64;DT_UNDEFINED;DT_UNDEFINED;DT_UNDEFINED;DT_UNDEFINED;DT_UNDEFINED;DT_UNDEFINED;DT_UNDEFINED;INT32;DT_UNDEFINED;DT_UNDEFINED;DT_UNDEFINED;DT_UNDEFINED;DT_UNDEFINED;DT_UNDEFINED;DT_UNDEFINED;DT_UNDEFINED;DT_UNDEFINED;DT_UNDEFINED;DT_UNDEFINED;DT_UNDEFINED;DT_UNDEFINED;DT_UNDEFINED;DT_UNDEFINED;DT_UNDEFINED,ND;ND;ND;NULL;ND;ND;ND;NULL;NULL;NULL;NULL;NULL;NULL;NULL;ND;NULL;NULL;NULL;NULL;NULL;NULL;NULL;NULL;NULL;NULL;NULL;NULL;NULL;NULL;NULL;NULL,"""1,14,64;""",DT_BF16;FLOAT,ND;ND,0
0,4294967295,3376,46,aclnnMatmul_MatMulCommon_MatMulV2,MatMulV2,dynamic,AI_CORE,1790613010326711.603	,5.621,486.139000,19,0,NO,"""1,896;896,896""",DT_BF16;DT_BF16,ND;ND,"""1,896""",DT_BF16,ND,N/A
0,4294967295,3377,46,AddRmsNormBias,AddRmsNormBias,dynamic,AI_VECTOR_CORE,1790613010326884.030	,1.720,166.879000,1,0,NO,"""1,896;1,896;896;""",DT_BF16;DT_BF16;DT_BF16;DT_UNDEFINED,ND;ND;ND;NULL,"""1,896;1,1;1,896""",DT_BF16;FLOAT;DT_BF16,ND;ND;ND,N/A
0,4294967295,3378,46,aclnnMatmul_MatMulCommon_MatMulV2,MatMulV2,dynamic,AI_CORE,1790613010327039.217	,19.520,153.530000,22,0,NO,"""1,896;9728,896""",DT_BF16;DT_BF16,ND;ND,"""1,9728""",DT_BF16,ND,N/A
0,4294967295,3379,46,SwiGlu,SwiGlu,dynamic,AI_VECTOR_CORE,1790613010327172.702	,2.980,113.980000,1,0,NO,"""1,9728""",DT_BF16,ND,"""1,4864""",DT_BF16,ND,N/A
0,4294967295,3380,46,aclnnMatmul_MatMulCommon_MatMulV2,MatMulV2,dynamic,AI_CORE,1790613010327316.608	,16.520,140.770000,19,0,NO,"""1,4864;896,4864""",DT_BF16;DT_BF16,ND;ND,"""1,896""",DT_BF16,ND,N/A
0,4294967295,3381,46,AddRmsNormBias,AddRmsNormBias,dynamic,AI_VECTOR_CORE,1790613010327491.275	,2.280,158.230000,1,0,NO,"""1,896;1,896;896;""",DT_BF16;DT_BF16;DT_BF16;DT_UNDEFINED,ND;ND;ND;NULL,"""1,896;1,1;1,896""",DT_BF16;FLOAT;DT_BF16,ND;ND;ND,N/A
0,4294967295,3382,46,aclnnAddmm_CastAiCore_Cast,Cast,dynamic,AI_VECTOR_CORE,1790613010327646.761	,1.400,153.220000,2,0,NO,"""1152""",DT_BF16,ND,"""1152""",FLOAT,ND,N/A
0,4294967295,3383,46,aclnnAddmm_MatMulCommon_MatMulV2,MatMulV2,dynamic,AI_CORE,1790613010327649.461	,7.940,1.350000,24,0,NO,"""1,896;1152,896;1152""",DT_BF16;DT_BF16;FLOAT,ND;ND;ND,"""1,1152""",DT_BF16,ND,N/A
0,4294967295,3384,46,_triton_rope,_triton_rope,static,AI_VECTOR_CORE,1790613010328521.776	,3.060,864.310000,1,0,YES,"""1,14,64;1,2,64;32768,64""",DT_BF16;32590;DT_BF16,ND;ND;ND,"""1,14,64;1,2,64""",DT_BF16;32590,ND;ND,N/A
0,4294967295,3385,46,ReshapeAndCacheNdKernel,ReshapeAndCacheNdKernel,dynamic,AI_VECTOR_CORE,1790613010329223.764	,2.180,698.940000,1,0,NO,"""1,2,64;1,2,64;11823,128,2,64;11823,128,2,64;1""",DT_BF16;DT_BF16;DT_BF16;DT_BF16;INT32,ND;ND;ND;ND;ND,"""11823,128,2,64;11823,128,2,64""",DT_BF16;DT_BF16,ND;ND,N/A
0,4294967295,3386,46,FusedInferAttentionScore,FusedInferAttentionScore,dynamic,MIX_AIC,1790613010329705.143	,21.741,479.320000,24,48,NO,"""1,14,64;11823,128,128;11823,128,128;;2048,2048;1;1;;;;;;;;1,2;;;;;;;;;;;;;;;;""",DT_BF16;DT_BF16;DT_BF16;DT_UNDEFINED;INT8;INT64;INT64;DT_UNDEFINED;DT_UNDEFINED;DT_UNDEFINED;DT_UNDEFINED;DT_UNDEFINED;DT_UNDEFINED;DT_UNDEFINED;INT32;DT_UNDEFINED;DT_UNDEFINED;DT_UNDEFINED;DT_UNDEFINED;DT_UNDEFINED;DT_UNDEFINED;DT_UNDEFINED;DT_UNDEFINED;DT_UNDEFINED;DT_UNDEFINED;DT_UNDEFINED;DT_UNDEFINED;DT_UNDEFINED;DT_UNDEFINED;DT_UNDEFINED;DT_UNDEFINED,ND;ND;ND;NULL;ND;ND;ND;NULL;NULL;NULL;NULL;NULL;NULL;NULL;ND;NULL;NULL;NULL;NULL;NULL;NULL;NULL;NULL;NULL;NULL;NULL;NULL;NULL;NULL;NULL;NULL,"""1,14,64;""",DT_BF16;FLOAT,ND;ND,0
0,4294967295,3388,46,aclnnMatmul_MatMulCommon_MatMulV2,MatMulV2,dynamic,AI_CORE,1790613010330171.042	,5.560,444.009000,19,0,NO,"""1,896;896,896""",DT_BF16;DT_BF16,ND;ND,"""1,896""",DT_BF16,ND,N/A
0,4294967295,3389,46,AddRmsNormBias,AddRmsNormBias,dynamic,AI_VECTOR_CORE,1790613010330348.469	,1.680,171.940000,1,0,NO,"""1,896;1,896;896;""",DT_BF16;DT_BF16;DT_BF16;DT_UNDEFINED,ND;ND;ND;NULL,"""1,896;1,1;1,896""",DT_BF16;FLOAT;DT_BF16,ND;ND;ND,N/A
0,4294967295,3390,46,aclnnMatmul_MatMulCommon_MatMulV2,MatMulV2,dynamic,AI_CORE,1790613010330512.255	,19.661,162.070000,22,0,NO,"""1,896;9728,896""",DT_BF16;DT_BF16,ND;ND,"""1,9728""",DT_BF16,ND,N/A
0,4294967295,3391,46,SwiGlu,SwiGlu,dynamic,AI_VECTOR_CORE,1790613010330642.201	,4.260,110.339000,1,0,NO,"""1,9728""",DT_BF16,ND,"""1,4864""",DT_BF16,ND,N/A
0,4294967295,3392,46,aclnnMatmul_MatMulCommon_MatMulV2,MatMulV2,dynamic,AI_CORE,1790613010330789.607	,16.240,142.990000,19,0,NO,"""1,4864;896,4864""",DT_BF16;DT_BF16,ND;ND,"""1,896""",DT_BF16,ND,N/A
0,4294967295,3393,46,AddRmsNormBias,AddRmsNormBias,dynamic,AI_VECTOR_CORE,1790613010330965.153	,1.661,159.510000,1,0,NO,"""1,896;1,896;896;""",DT_BF16;DT_BF16;DT_BF16;DT_UNDEFINED,ND;ND;ND;NULL,"""1,896;1,1;1,896""",DT_BF16;FLOAT;DT_BF16,ND;ND;ND,N/A
0,4294967295,3394,46,aclnnAddmm_CastAiCore_Cast,Cast,dynamic,AI_VECTOR_CORE,1790613010331121.480	,1.460,154.589000,2,0,NO,"""1152""",DT_BF16,ND,"""1152""",FLOAT,ND,N/A
0,4294967295,3395,46,aclnnAddmm_MatMulCommon_MatMulV2,MatMulV2,dynamic,AI_CORE,1790613010331124.740	,7.300,1.790000,24,0,NO,"""1,896;1152,896;1152""",DT_BF16;DT_BF16;FLOAT,ND;ND;ND,"""1,1152""",DT_BF16,ND,N/A
0,4294967295,3396,46,_triton_rope,_triton_rope,static,AI_VECTOR_CORE,1790613010331983.294	,2.920,851.200000,1,0,YES,"""1,14,64;1,2,64;32768,64""",DT_BF16;32590;DT_BF16,ND;ND;ND,"""1,14,64;1,2,64""",DT_BF16;32590,ND;ND,N/A
0,4294967295,3397,46,ReshapeAndCacheNdKernel,ReshapeAndCacheNdKernel,dynamic,AI_VECTOR_CORE,1790613010332668.322	,1.840,682.080000,1,0,NO,"""1,2,64;1,2,64;11823,128,2,64;11823,128,2,64;1""",DT_BF16;DT_BF16;DT_BF16;DT_BF16;INT32,ND;ND;ND;ND;ND,"""11823,128,2,64;11823,128,2,64""",DT_BF16;DT_BF16,ND;ND,N/A
0,4294967295,3398,46,FusedInferAttentionScore,FusedInferAttentionScore,dynamic,MIX_AIC,1790613010333128.900	,18.221,458.910000,24,48,NO,"""1,14,64;11823,128,128;11823,128,128;;2048,2048;1;1;;;;;;;;1,2;;;;;;;;;;;;;;;;""",DT_BF16;DT_BF16;DT_BF16;DT_UNDEFINED;INT8;INT64;INT64;DT_UNDEFINED;DT_UNDEFINED;DT_UNDEFINED;DT_UNDEFINED;DT_UNDEFINED;DT_UNDEFINED;DT_UNDEFINED;INT32;DT_UNDEFINED;DT_UNDEFINED;DT_UNDEFINED;DT_UNDEFINED;DT_UNDEFINED;DT_UNDEFINED;DT_UNDEFINED;DT_UNDEFINED;DT_UNDEFINED;DT_UNDEFINED;DT_UNDEFINED;DT_UNDEFINED;DT_UNDEFINED;DT_UNDEFINED;DT_UNDEFINED;DT_UNDEFINED,ND;ND;ND;NULL;ND;ND;ND;NULL;NULL;NULL;NULL;NULL;NULL;NULL;ND;NULL;NULL;NULL;NULL;NULL;NULL;NULL;NULL;NULL;NULL;NULL;NULL;NULL;NULL;NULL;NULL,"""1,14,64;""",DT_BF16;FLOAT,ND;ND,0
0,4294967295,3400,46,aclnnMatmul_MatMulCommon_MatMulV2,MatMulV2,dynamic,AI_CORE,1790613010333607.679	,5.400,460.529000,19,0,NO,"""1,896;896,896""",DT_BF16;DT_BF16,ND;ND,"""1,896""",DT_BF16,ND,N/A
0,4294967295,3401,46,AddRmsNormBias,AddRmsNormBias,dynamic,AI_VECTOR_CORE,1790613010333784.166	,1.740,171.100000,1,0,NO,"""1,896;1,896;896;""",DT_BF16;DT_BF16;DT_BF16;DT_UNDEFINED,ND;ND;ND;NULL,"""1,896;1,1;1,896""",DT_BF16;FLOAT;DT_BF16,ND;ND;ND,N/A
0,4294967295,3402,46,aclnnMatmul_MatMulCommon_MatMulV2,MatMulV2,dynamic,AI_CORE,1790613010333942.533	,19.560,156.510000,22,0,NO,"""1,896;9728,896""",DT_BF16;DT_BF16,ND;ND,"""1,9728""",DT_BF16,ND,N/A
0,4294967295,3403,46,SwiGlu,SwiGlu,dynamic,AI_VECTOR_CORE,1790613010334063.797	,2.980,101.690000,1,0,NO,"""1,9728""",DT_BF16,ND,"""1,4864""",DT_BF16,ND,N/A
0,4294967295,3404,46,aclnnMatmul_MatMulCommon_MatMulV2,MatMulV2,dynamic,AI_CORE,1790613010334202.023	,16.341,135.270000,19,0,NO,"""1,4864;896,4864""",DT_BF16;DT_BF16,ND;ND,"""1,896""",DT_BF16,ND,N/A
0,4294967295,3405,46,AddRmsNormBias,AddRmsNormBias,dynamic,AI_VECTOR_CORE,1790613010334384.710	,1.740,166.409000,1,0,NO,"""1,896;1,896;896;""",DT_BF16;DT_BF16;DT_BF16;DT_UNDEFINED,ND;ND;ND;NULL,"""1,896;1,1;1,896""",DT_BF16;FLOAT;DT_BF16,ND;ND;ND,N/A
0,4294967295,3406,46,aclnnAddmm_CastAiCore_Cast,Cast,dynamic,AI_VECTOR_CORE,1790613010334536.836	,1.120,150.260000,2,0,NO,"""1152""",DT_BF16,ND,"""1152""",FLOAT,ND,N/A
0,4294967295,3407,46,aclnnAddmm_MatMulCommon_MatMulV2,MatMulV2,dynamic,AI_CORE,1790613010334539.596	,7.501,1.630000,24,0,NO,"""1,896;1152,896;1152""",DT_BF16;DT_BF16;FLOAT,ND;ND;ND,"""1,1152""",DT_BF16,ND,N/A
0,4294967295,3408,46,_triton_rope,_triton_rope,static,AI_VECTOR_CORE,1790613010335409.031	,3.100,861.999000,1,0,YES,"""1,14,64;1,2,64;32768,64""",DT_BF16;32590;DT_BF16,ND;ND;ND,"""1,14,64;1,2,64""",DT_BF16;32590,ND;ND,N/A
0,4294967295,3409,46,ReshapeAndCacheNdKernel,ReshapeAndCacheNdKernel,dynamic,AI_VECTOR_CORE,1790613010336070.458	,1.900,658.400000,1,0,NO,"""1,2,64;1,2,64;11823,128,2,64;11823,128,2,64;1""",DT_BF16;DT_BF16;DT_BF16;DT_BF16;INT32,ND;ND;ND;ND;ND,"""11823,128,2,64;11823,128,2,64""",DT_BF16;DT_BF16,ND;ND,N/A
0,4294967295,3410,46,FusedInferAttentionScore,FusedInferAttentionScore,dynamic,MIX_AIC,1790613010336521.456	,20.321,449.100000,24,48,NO,"""1,14,64;11823,128,128;11823,128,128;;2048,2048;1;1;;;;;;;;1,2;;;;;;;;;;;;;;;;""",DT_BF16;DT_BF16;DT_BF16;DT_UNDEFINED;INT8;INT64;INT64;DT_UNDEFINED;DT_UNDEFINED;DT_UNDEFINED;DT_UNDEFINED;DT_UNDEFINED;DT_UNDEFINED;DT_UNDEFINED;INT32;DT_UNDEFINED;DT_UNDEFINED;DT_UNDEFINED;DT_UNDEFINED;DT_UNDEFINED;DT_UNDEFINED;DT_UNDEFINED;DT_UNDEFINED;DT_UNDEFINED;DT_UNDEFINED;DT_UNDEFINED;DT_UNDEFINED;DT_UNDEFINED;DT_UNDEFINED;DT_UNDEFINED;DT_UNDEFINED,ND;ND;ND;NULL;ND;ND;ND;NULL;NULL;NULL;NULL;NULL;NULL;NULL;ND;NULL;NULL;NULL;NULL;NULL;NULL;NULL;NULL;NULL;NULL;NULL;NULL;NULL;NULL;NULL;NULL,"""1,14,64;""",DT_BF16;FLOAT,ND;ND,0
0,4294967295,3412,46,aclnnMatmul_MatMulCommon_MatMulV2,MatMulV2,dynamic,AI_CORE,1790613010337002.155	,5.580,460.429000,19,0,NO,"""1,896;896,896""",DT_BF16;DT_BF16,ND;ND,"""1,896""",DT_BF16,ND,N/A
0,4294967295,3413,46,AddRmsNormBias,AddRmsNormBias,dynamic,AI_VECTOR_CORE,1790613010337202.683	,1.700,194.920000,1,0,NO,"""1,896;1,896;896;""",DT_BF16;DT_BF16;DT_BF16;DT_UNDEFINED,ND;ND;ND;NULL,"""1,896;1,1;1,896""",DT_BF16;FLOAT;DT_BF16,ND;ND;ND,N/A
0,4294967295,3414,46,aclnnMatmul_MatMulCommon_MatMulV2,MatMulV2,dynamic,AI_CORE,1790613010337371.470	,19.781,167.050000,22,0,NO,"""1,896;9728,896""",DT_BF16;DT_BF16,ND;ND,"""1,9728""",DT_BF16,ND,N/A
0,4294967295,3415,46,SwiGlu,SwiGlu,dynamic,AI_VECTOR_CORE,1790613010337495.655	,2.880,104.469000,1,0,NO,"""1,9728""",DT_BF16,ND,"""1,4864""",DT_BF16,ND,N/A
0,4294967295,3416,46,aclnnMatmul_MatMulCommon_MatMulV2,MatMulV2,dynamic,AI_CORE,1790613010337639.020	,16.581,140.370000,19,0,NO,"""1,4864;896,4864""",DT_BF16;DT_BF16,ND;ND,"""1,896""",DT_BF16,ND,N/A
0,4294967295,3417,46,AddRmsNormBias,AddRmsNormBias,dynamic,AI_VECTOR_CORE,1790613010337812.567	,1.700,156.919000,1,0,NO,"""1,896;1,896;896;""",DT_BF16;DT_BF16;DT_BF16;DT_UNDEFINED,ND;ND;ND;NULL,"""1,896;1,1;1,896""",DT_BF16;FLOAT;DT_BF16,ND;ND;ND,N/A
0,4294967295,3418,46,aclnnAddmm_CastAiCore_Cast,Cast,dynamic,AI_VECTOR_CORE,1790613010337959.213	,1.180,145.050000,2,0,NO,"""1152""",DT_BF16,ND,"""1152""",FLOAT,ND,N/A
0,4294967295,3419,46,aclnnAddmm_MatMulCommon_MatMulV2,MatMulV2,dynamic,AI_CORE,1790613010337961.753	,7.840,1.320000,24,0,NO,"""1,896;1152,896;1152""",DT_BF16;DT_BF16;FLOAT,ND;ND;ND,"""1,1152""",DT_BF16,ND,N/A
0,4294967295,3420,46,_triton_rope,_triton_rope,static,AI_VECTOR_CORE,1790613010338826.148	,2.920,856.660000,1,0,YES,"""1,14,64;1,2,64;32768,64""",DT_BF16;32590;DT_BF16,ND;ND;ND,"""1,14,64;1,2,64""",DT_BF16;32590,ND;ND,N/A
0,4294967295,3421,46,ReshapeAndCacheNdKernel,ReshapeAndCacheNdKernel,dynamic,AI_VECTOR_CORE,1790613010339500.215	,2.140,671.080000,1,0,NO,"""1,2,64;1,2,64;11823,128,2,64;11823,128,2,64;1""",DT_BF16;DT_BF16;DT_BF16;DT_BF16;INT32,ND;ND;ND;ND;ND,"""11823,128,2,64;11823,128,2,64""",DT_BF16;DT_BF16,ND;ND,N/A
0,4294967295,3422,46,FusedInferAttentionScore,FusedInferAttentionScore,dynamic,MIX_AIC,1790613010339965.253	,16.681,462.860000,24,48,NO,"""1,14,64;11823,128,128;11823,128,128;;2048,2048;1;1;;;;;;;;1,2;;;;;;;;;;;;;;;;""",DT_BF16;DT_BF16;DT_BF16;DT_UNDEFINED;INT8;INT64;INT64;DT_UNDEFINED;DT_UNDEFINED;DT_UNDEFINED;DT_UNDEFINED;DT_UNDEFINED;DT_UNDEFINED;DT_UNDEFINED;INT32;DT_UNDEFINED;DT_UNDEFINED;DT_UNDEFINED;DT_UNDEFINED;DT_UNDEFINED;DT_UNDEFINED;DT_UNDEFINED;DT_UNDEFINED;DT_UNDEFINED;DT_UNDEFINED;DT_UNDEFINED;DT_UNDEFINED;DT_UNDEFINED;DT_UNDEFINED;DT_UNDEFINED;DT_UNDEFINED,ND;ND;ND;NULL;ND;ND;ND;NULL;NULL;NULL;NULL;NULL;NULL;NULL;ND;NULL;NULL;NULL;NULL;NULL;NULL;NULL;NULL;NULL;NULL;NULL;NULL;NULL;NULL;NULL;NULL,"""1,14,64;""",DT_BF16;FLOAT,ND;ND,0
0,4294967295,3424,46,aclnnMatmul_MatMulCommon_MatMulV2,MatMulV2,dynamic,AI_CORE,1790613010340430.692	,5.300,448.819000,19,0,NO,"""1,896;896,896""",DT_BF16;DT_BF16,ND;ND,"""1,896""",DT_BF16,ND,N/A
0,4294967295,3425,46,AddRmsNormBias,AddRmsNormBias,dynamic,AI_VECTOR_CORE,1790613010340606.239	,1.760,170.200000,1,0,NO,"""1,896;1,896;896;""",DT_BF16;DT_BF16;DT_BF16;DT_UNDEFINED,ND;ND;ND;NULL,"""1,896;1,1;1,896""",DT_BF16;FLOAT;DT_BF16,ND;ND;ND,N/A
0,4294967295,3426,46,aclnnMatmul_MatMulCommon_MatMulV2,MatMulV2,dynamic,AI_CORE,1790613010340768.585	,19.121,160.490000,22,0,NO,"""1,896;9728,896""",DT_BF16;DT_BF16,ND;ND,"""1,9728""",DT_BF16,ND,N/A
0,4294967295,3427,46,SwiGlu,SwiGlu,dynamic,AI_VECTOR_CORE,1790613010340905.131	,2.940,117.629000,1,0,NO,"""1,9728""",DT_BF16,ND,"""1,4864""",DT_BF16,ND,N/A
0,4294967295,3428,46,aclnnMatmul_MatMulCommon_MatMulV2,MatMulV2,dynamic,AI_CORE,1790613010341047.817	,16.320,139.560000,19,0,NO,"""1,4864;896,4864""",DT_BF16;DT_BF16,ND;ND,"""1,896""",DT_BF16,ND,N/A
0,4294967295,3429,46,AddRmsNormBias,AddRmsNormBias,dynamic,AI_VECTOR_CORE,1790613010341226.744	,1.660,162.680000,1,0,NO,"""1,896;1,896;896;""",DT_BF16;DT_BF16;DT_BF16;DT_UNDEFINED,ND;ND;ND;NULL,"""1,896;1,1;1,896""",DT_BF16;FLOAT;DT_BF16,ND;ND;ND,N/A
0,4294967295,3430,46,aclnnAddmm_CastAiCore_Cast,Cast,dynamic,AI_VECTOR_CORE,1790613010341388.710	,1.140,160.340000,2,0,NO,"""1152""",DT_BF16,ND,"""1152""",FLOAT,ND,N/A
0,4294967295,3431,46,aclnnAddmm_MatMulCommon_MatMulV2,MatMulV2,dynamic,AI_CORE,1790613010341391.330	,7.521,1.360000,24,0,NO,"""1,896;1152,896;1152""",DT_BF16;DT_BF16;FLOAT,ND;ND;ND,"""1,1152""",DT_BF16,ND,N/A
0,4294967295,3432,46,_triton_rope,_triton_rope,static,AI_VECTOR_CORE,1790613010342255.245	,2.760,856.479000,1,0,YES,"""1,14,64;1,2,64;32768,64""",DT_BF16;32590;DT_BF16,ND;ND;ND,"""1,14,64;1,2,64""",DT_BF16;32590,ND;ND,N/A
0,4294967295,3433,46,ReshapeAndCacheNdKernel,ReshapeAndCacheNdKernel,dynamic,AI_VECTOR_CORE,1790613010342925.592	,2.100,667.490000,1,0,NO,"""1,2,64;1,2,64;11823,128,2,64;11823,128,2,64;1""",DT_BF16;DT_BF16;DT_BF16;DT_BF16;INT32,ND;ND;ND;ND;ND,"""11823,128,2,64;11823,128,2,64""",DT_BF16;DT_BF16,ND;ND,N/A
0,4294967295,3434,46,FusedInferAttentionScore,FusedInferAttentionScore,dynamic,MIX_AIC,1790613010343379.450	,22.421,451.900000,24,48,NO,"""1,14,64;11823,128,128;11823,128,128;;2048,2048;1;1;;;;;;;;1,2;;;;;;;;;;;;;;;;""",DT_BF16;DT_BF16;DT_BF16;DT_UNDEFINED;INT8;INT64;INT64;DT_UNDEFINED;DT_UNDEFINED;DT_UNDEFINED;DT_UNDEFINED;DT_UNDEFINED;DT_UNDEFINED;DT_UNDEFINED;INT32;DT_UNDEFINED;DT_UNDEFINED;DT_UNDEFINED;DT_UNDEFINED;DT_UNDEFINED;DT_UNDEFINED;DT_UNDEFINED;DT_UNDEFINED;DT_UNDEFINED;DT_UNDEFINED;DT_UNDEFINED;DT_UNDEFINED;DT_UNDEFINED;DT_UNDEFINED;DT_UNDEFINED;DT_UNDEFINED,ND;ND;ND;NULL;ND;ND;ND;NULL;NULL;NULL;NULL;NULL;NULL;NULL;ND;NULL;NULL;NULL;NULL;NULL;NULL;NULL;NULL;NULL;NULL;NULL;NULL;NULL;NULL;NULL;NULL,"""1,14,64;""",DT_BF16;FLOAT,ND;ND,0
0,4294967295,3436,46,aclnnMatmul_MatMulCommon_MatMulV2,MatMulV2,dynamic,AI_CORE,1790613010343854.729	,5.400,452.829000,19,0,NO,"""1,896;896,896""",DT_BF16;DT_BF16,ND;ND,"""1,896""",DT_BF16,ND,N/A
0,4294967295,3437,46,AddRmsNormBias,AddRmsNormBias,dynamic,AI_VECTOR_CORE,1790613010344035.656	,1.700,175.600000,1,0,NO,"""1,896;1,896;896;""",DT_BF16;DT_BF16;DT_BF16;DT_UNDEFINED,ND;ND;ND;NULL,"""1,896;1,1;1,896""",DT_BF16;FLOAT;DT_BF16,ND;ND;ND,N/A
0,4294967295,3438,46,aclnnMatmul_MatMulCommon_MatMulV2,MatMulV2,dynamic,AI_CORE,1790613010344191.722	,19.101,154.300000,22,0,NO,"""1,896;9728,896""",DT_BF16;DT_BF16,ND;ND,"""1,9728""",DT_BF16,ND,N/A
0,4294967295,3439,46,SwiGlu,SwiGlu,dynamic,AI_VECTOR_CORE,1790613010344319.507	,2.840,108.649000,1,0,NO,"""1,9728""",DT_BF16,ND,"""1,4864""",DT_BF16,ND,N/A
0,4294967295,3440,46,aclnnMatmul_MatMulCommon_MatMulV2,MatMulV2,dynamic,AI_CORE,1790613010344466.193	,16.541,143.910000,19,0,NO,"""1,4864;896,4864""",DT_BF16;DT_BF16,ND;ND,"""1,896""",DT_BF16,ND,N/A
0,4294967295,3441,46,AddRmsNormBias,AddRmsNormBias,dynamic,AI_VECTOR_CORE,1790613010344640.620	,1.740,157.709000,1,0,NO,"""1,896;1,896;896;""",DT_BF16;DT_BF16;DT_BF16;DT_UNDEFINED,ND;ND;ND;NULL,"""1,896;1,1;1,896""",DT_BF16;FLOAT;DT_BF16,ND;ND;ND,N/A
0,4294967295,3442,46,aclnnAddmm_CastAiCore_Cast,Cast,dynamic,AI_VECTOR_CORE,1790613010344805.007	,1.220,162.760000,2,0,NO,"""1152""",DT_BF16,ND,"""1152""",FLOAT,ND,N/A
0,4294967295,3443,46,aclnnAddmm_MatMulCommon_MatMulV2,MatMulV2,dynamic,AI_CORE,1790613010344807.707	,7.620,1.530000,24,0,NO,"""1,896;1152,896;1152""",DT_BF16;DT_BF16;FLOAT,ND;ND;ND,"""1,1152""",DT_BF16,ND,N/A
0,4294967295,3444,46,_triton_rope,_triton_rope,static,AI_VECTOR_CORE,1790613010345684.382	,2.860,869.130000,1,0,YES,"""1,14,64;1,2,64;32768,64""",DT_BF16;32590;DT_BF16,ND;ND;ND,"""1,14,64;1,2,64""",DT_BF16;32590,ND;ND,N/A
0,4294967295,3445,46,ReshapeAndCacheNdKernel,ReshapeAndCacheNdKernel,dynamic,AI_VECTOR_CORE,1790613010346375.570	,1.740,688.140000,1,0,NO,"""1,2,64;1,2,64;11823,128,2,64;11823,128,2,64;1""",DT_BF16;DT_BF16;DT_BF16;DT_BF16;INT32,ND;ND;ND;ND;ND,"""11823,128,2,64;11823,128,2,64""",DT_BF16;DT_BF16,ND;ND,N/A
0,4294967295,3446,46,FusedInferAttentionScore,FusedInferAttentionScore,dynamic,MIX_AIC,1790613010346832.968	,21.261,455.760000,24,48,NO,"""1,14,64;11823,128,128;11823,128,128;;2048,2048;1;1;;;;;;;;1,2;;;;;;;;;;;;;;;;""",DT_BF16;DT_BF16;DT_BF16;DT_UNDEFINED;INT8;INT64;INT64;DT_UNDEFINED;DT_UNDEFINED;DT_UNDEFINED;DT_UNDEFINED;DT_UNDEFINED;DT_UNDEFINED;DT_UNDEFINED;INT32;DT_UNDEFINED;DT_UNDEFINED;DT_UNDEFINED;DT_UNDEFINED;DT_UNDEFINED;DT_UNDEFINED;DT_UNDEFINED;DT_UNDEFINED;DT_UNDEFINED;DT_UNDEFINED;DT_UNDEFINED;DT_UNDEFINED;DT_UNDEFINED;DT_UNDEFINED;DT_UNDEFINED;DT_UNDEFINED,ND;ND;ND;NULL;ND;ND;ND;NULL;NULL;NULL;NULL;NULL;NULL;NULL;ND;NULL;NULL;NULL;NULL;NULL;NULL;NULL;NULL;NULL;NULL;NULL;NULL;NULL;NULL;NULL;NULL,"""1,14,64;""",DT_BF16;FLOAT,ND;ND,0
0,4294967295,3448,46,aclnnMatmul_MatMulCommon_MatMulV2,MatMulV2,dynamic,AI_CORE,1790613010347300.527	,5.700,446.239000,19,0,NO,"""1,896;896,896""",DT_BF16;DT_BF16,ND;ND,"""1,896""",DT_BF16,ND,N/A
0,4294967295,3449,46,AddRmsNormBias,AddRmsNormBias,dynamic,AI_VECTOR_CORE,1790613010347474.874	,1.640,168.550000,1,0,NO,"""1,896;1,896;896;""",DT_BF16;DT_BF16;DT_BF16;DT_UNDEFINED,ND;ND;ND;NULL,"""1,896;1,1;1,896""",DT_BF16;FLOAT;DT_BF16,ND;ND;ND,N/A
0,4294967295,3450,46,aclnnMatmul_MatMulCommon_MatMulV2,MatMulV2,dynamic,AI_CORE,1790613010347628.140	,19.881,151.860000,22,0,NO,"""1,896;9728,896""",DT_BF16;DT_BF16,ND;ND,"""1,9728""",DT_BF16,ND,N/A
0,4294967295,3451,46,SwiGlu,SwiGlu,dynamic,AI_VECTOR_CORE,1790613010347749.045	,2.880,100.869000,1,0,NO,"""1,9728""",DT_BF16,ND,"""1,4864""",DT_BF16,ND,N/A
0,4294967295,3452,46,aclnnMatmul_MatMulCommon_MatMulV2,MatMulV2,dynamic,AI_CORE,1790613010347881.270	,16.541,129.370000,19,0,NO,"""1,4864;896,4864""",DT_BF16;DT_BF16,ND;ND,"""1,896""",DT_BF16,ND,N/A
0,4294967295,3453,46,AddRmsNormBias,AddRmsNormBias,dynamic,AI_VECTOR_CORE,1790613010348049.417	,1.640,151.709000,1,0,NO,"""1,896;1,896;896;""",DT_BF16;DT_BF16;DT_BF16;DT_UNDEFINED,ND;ND;ND;NULL,"""1,896;1,1;1,896""",DT_BF16;FLOAT;DT_BF16,ND;ND;ND,N/A
0,4294967295,3454,46,aclnnAddmm_CastAiCore_Cast,Cast,dynamic,AI_VECTOR_CORE,1790613010348201.583	,1.400,150.360000,2,0,NO,"""1152""",DT_BF16,ND,"""1152""",FLOAT,ND,N/A
0,4294967295,3455,46,aclnnAddmm_MatMulCommon_MatMulV2,MatMulV2,dynamic,AI_CORE,1790613010348204.083	,7.940,1.100000,24,0,NO,"""1,896;1152,896;1152""",DT_BF16;DT_BF16;FLOAT,ND;ND;ND,"""1,1152""",DT_BF16,ND,N/A
0,4294967295,3456,46,_triton_rope,_triton_rope,static,AI_VECTOR_CORE,1790613010349067.817	,2.840,855.810000,1,0,YES,"""1,14,64;1,2,64;32768,64""",DT_BF16;32590;DT_BF16,ND;ND;ND,"""1,14,64;1,2,64""",DT_BF16;32590,ND;ND,N/A
0,4294967295,3457,46,ReshapeAndCacheNdKernel,ReshapeAndCacheNdKernel,dynamic,AI_VECTOR_CORE,1790613010349774.505	,1.581,703.910000,1,0,NO,"""1,2,64;1,2,64;11823,128,2,64;11823,128,2,64;1""",DT_BF16;DT_BF16;DT_BF16;DT_BF16;INT32,ND;ND;ND;ND;ND,"""11823,128,2,64;11823,128,2,64""",DT_BF16;DT_BF16,ND;ND,N/A
0,4294967295,3458,46,FusedInferAttentionScore,FusedInferAttentionScore,dynamic,MIX_AIC,1790613010350250.285	,17.940,474.169000,24,48,NO,"""1,14,64;11823,128,128;11823,128,128;;2048,2048;1;1;;;;;;;;1,2;;;;;;;;;;;;;;;;""",DT_BF16;DT_BF16;DT_BF16;DT_UNDEFINED;INT8;INT64;INT64;DT_UNDEFINED;DT_UNDEFINED;DT_UNDEFINED;DT_UNDEFINED;DT_UNDEFINED;DT_UNDEFINED;DT_UNDEFINED;INT32;DT_UNDEFINED;DT_UNDEFINED;DT_UNDEFINED;DT_UNDEFINED;DT_UNDEFINED;DT_UNDEFINED;DT_UNDEFINED;DT_UNDEFINED;DT_UNDEFINED;DT_UNDEFINED;DT_UNDEFINED;DT_UNDEFINED;DT_UNDEFINED;DT_UNDEFINED;DT_UNDEFINED;DT_UNDEFINED,ND;ND;ND;NULL;ND;ND;ND;NULL;NULL;NULL;NULL;NULL;NULL;NULL;ND;NULL;NULL;NULL;NULL;NULL;NULL;NULL;NULL;NULL;NULL;NULL;NULL;NULL;NULL;NULL;NULL,"""1,14,64;""",DT_BF16;FLOAT,ND;ND,0
0,4294967295,3460,46,aclnnMatmul_MatMulCommon_MatMulV2,MatMulV2,dynamic,AI_CORE,1790613010350712.623	,5.680,444.310000,19,0,NO,"""1,896;896,896""",DT_BF16;DT_BF16,ND;ND,"""1,896""",DT_BF16,ND,N/A
0,4294967295,3461,46,AddRmsNormBias,AddRmsNormBias,dynamic,AI_VECTOR_CORE,1790613010350883.370	,1.700,165.070000,1,0,NO,"""1,896;1,896;896;""",DT_BF16;DT_BF16;DT_BF16;DT_UNDEFINED,ND;ND;ND;NULL,"""1,896;1,1;1,896""",DT_BF16;FLOAT;DT_BF16,ND;ND;ND,N/A
0,4294967295,3462,46,aclnnMatmul_MatMulCommon_MatMulV2,MatMulV2,dynamic,AI_CORE,1790613010351047.576	,19.701,162.550000,22,0,NO,"""1,896;9728,896""",DT_BF16;DT_BF16,ND;ND,"""1,9728""",DT_BF16,ND,N/A
0,4294967295,3463,46,SwiGlu,SwiGlu,dynamic,AI_VECTOR_CORE,1790613010351182.462	,3.000,115.299000,1,0,NO,"""1,9728""",DT_BF16,ND,"""1,4864""",DT_BF16,ND,N/A
0,4294967295,3464,46,aclnnMatmul_MatMulCommon_MatMulV2,MatMulV2,dynamic,AI_CORE,1790613010351320.967	,16.441,135.500000,19,0,NO,"""1,4864;896,4864""",DT_BF16;DT_BF16,ND;ND,"""1,896""",DT_BF16,ND,N/A
0,4294967295,3465,46,AddRmsNormBias,AddRmsNormBias,dynamic,AI_VECTOR_CORE,1790613010351499.355	,1.720,161.809000,1,0,NO,"""1,896;1,896;896;""",DT_BF16;DT_BF16;DT_BF16;DT_UNDEFINED,ND;ND;ND;NULL,"""1,896;1,1;1,896""",DT_BF16;FLOAT;DT_BF16,ND;ND;ND,N/A
0,4294967295,3466,46,aclnnAddmm_CastAiCore_Cast,Cast,dynamic,AI_VECTOR_CORE,1790613010351653.841	,1.140,152.780000,2,0,NO,"""1152""",DT_BF16,ND,"""1152""",FLOAT,ND,N/A
0,4294967295,3467,46,aclnnAddmm_MatMulCommon_MatMulV2,MatMulV2,dynamic,AI_CORE,1790613010351656.201	,7.640,1.360000,24,0,NO,"""1,896;1152,896;1152""",DT_BF16;DT_BF16;FLOAT,ND;ND;ND,"""1,1152""",DT_BF16,ND,N/A
0,4294967295,3468,46,_triton_rope,_triton_rope,static,AI_VECTOR_CORE,1790613010352525.555	,3.001,861.610000,1,0,YES,"""1,14,64;1,2,64;32768,64""",DT_BF16;32590;DT_BF16,ND;ND;ND,"""1,14,64;1,2,64""",DT_BF16;32590,ND;ND,N/A
0,4294967295,3469,46,ReshapeAndCacheNdKernel,ReshapeAndCacheNdKernel,dynamic,AI_VECTOR_CORE,1790613010353215.403	,1.960,686.999000,1,0,NO,"""1,2,64;1,2,64;11823,128,2,64;11823,128,2,64;1""",DT_BF16;DT_BF16;DT_BF16;DT_BF16;INT32,ND;ND;ND;ND;ND,"""11823,128,2,64;11823,128,2,64""",DT_BF16;DT_BF16,ND;ND,N/A
0,4294967295,3470,46,FusedInferAttentionScore,FusedInferAttentionScore,dynamic,MIX_AIC,1790613010353686.142	,19.001,468.790000,24,48,NO,"""1,14,64;11823,128,128;11823,128,128;;2048,2048;1;1;;;;;;;;1,2;;;;;;;;;;;;;;;;""",DT_BF16;DT_BF16;DT_BF16;DT_UNDEFINED;INT8;INT64;INT64;DT_UNDEFINED;DT_UNDEFINED;DT_UNDEFINED;DT_UNDEFINED;DT_UNDEFINED;DT_UNDEFINED;DT_UNDEFINED;INT32;DT_UNDEFINED;DT_UNDEFINED;DT_UNDEFINED;DT_UNDEFINED;DT_UNDEFINED;DT_UNDEFINED;DT_UNDEFINED;DT_UNDEFINED;DT_UNDEFINED;DT_UNDEFINED;DT_UNDEFINED;DT_UNDEFINED;DT_UNDEFINED;DT_UNDEFINED;DT_UNDEFINED;DT_UNDEFINED,ND;ND;ND;NULL;ND;ND;ND;NULL;NULL;NULL;NULL;NULL;NULL;NULL;ND;NULL;NULL;NULL;NULL;NULL;NULL;NULL;NULL;NULL;NULL;NULL;NULL;NULL;NULL;NULL;NULL,"""1,14,64;""",DT_BF16;FLOAT,ND;ND,0
0,4294967295,3472,46,aclnnMatmul_MatMulCommon_MatMulV2,MatMulV2,dynamic,AI_CORE,1790613010354153.481	,5.360,448.249000,19,0,NO,"""1,896;896,896""",DT_BF16;DT_BF16,ND;ND,"""1,896""",DT_BF16,ND,N/A
0,4294967295,3473,46,AddRmsNormBias,AddRmsNormBias,dynamic,AI_VECTOR_CORE,1790613010354325.947	,1.700,167.140000,1,0,NO,"""1,896;1,896;896;""",DT_BF16;DT_BF16;DT_BF16;DT_UNDEFINED,ND;ND;ND;NULL,"""1,896;1,1;1,896""",DT_BF16;FLOAT;DT_BF16,ND;ND;ND,N/A
0,4294967295,3474,46,aclnnMatmul_MatMulCommon_MatMulV2,MatMulV2,dynamic,AI_CORE,1790613010354494.594	,19.081,166.800000,22,0,NO,"""1,896;9728,896""",DT_BF16;DT_BF16,ND;ND,"""1,9728""",DT_BF16,ND,N/A
0,4294967295,3475,46,SwiGlu,SwiGlu,dynamic,AI_VECTOR_CORE,1790613010354624.299	,2.900,110.669000,1,0,NO,"""1,9728""",DT_BF16,ND,"""1,4864""",DT_BF16,ND,N/A
0,4294967295,3476,46,aclnnMatmul_MatMulCommon_MatMulV2,MatMulV2,dynamic,AI_CORE,1790613010354761.525	,16.260,134.350000,19,0,NO,"""1,4864;896,4864""",DT_BF16;DT_BF16,ND;ND,"""1,896""",DT_BF16,ND,N/A
0,4294967295,3477,46,AddRmsNormBias,AddRmsNormBias,dynamic,AI_VECTOR_CORE,1790613010354940.412	,1.820,162.740000,1,0,NO,"""1,896;1,896;896;""",DT_BF16;DT_BF16;DT_BF16;DT_UNDEFINED,ND;ND;ND;NULL,"""1,896;1,1;1,896""",DT_BF16;FLOAT;DT_BF16,ND;ND;ND,N/A
0,4294967295,3478,46,aclnnAddmm_CastAiCore_Cast,Cast,dynamic,AI_VECTOR_CORE,1790613010355092.598	,1.080,150.180000,2,0,NO,"""1152""",DT_BF16,ND,"""1152""",FLOAT,ND,N/A
0,4294967295,3479,46,aclnnAddmm_MatMulCommon_MatMulV2,MatMulV2,dynamic,AI_CORE,1790613010355095.158	,7.521,1.670000,24,0,NO,"""1,896;1152,896;1152""",DT_BF16;DT_BF16;FLOAT,ND;ND;ND,"""1,1152""",DT_BF16,ND,N/A
0,4294967295,3480,46,_triton_rope,_triton_rope,static,AI_VECTOR_CORE,1790613010355960.193	,3.120,857.479000,1,0,YES,"""1,14,64;1,2,64;32768,64""",DT_BF16;32590;DT_BF16,ND;ND;ND,"""1,14,64;1,2,64""",DT_BF16;32590,ND;ND,N/A
0,4294967295,3481,46,ReshapeAndCacheNdKernel,ReshapeAndCacheNdKernel,dynamic,AI_VECTOR_CORE,1790613010356637.840	,2.100,674.380000,1,0,NO,"""1,2,64;1,2,64;11823,128,2,64;11823,128,2,64;1""",DT_BF16;DT_BF16;DT_BF16;DT_BF16;INT32,ND;ND;ND;ND;ND,"""11823,128,2,64;11823,128,2,64""",DT_BF16;DT_BF16,ND;ND,N/A
0,4294967295,3482,46,FusedInferAttentionScore,FusedInferAttentionScore,dynamic,MIX_AIC,1790613010357089.838	,15.941,449.900000,24,48,NO,"""1,14,64;11823,128,128;11823,128,128;;2048,2048;1;1;;;;;;;;1,2;;;;;;;;;;;;;;;;""",DT_BF16;DT_BF16;DT_BF16;DT_UNDEFINED;INT8;INT64;INT64;DT_UNDEFINED;DT_UNDEFINED;DT_UNDEFINED;DT_UNDEFINED;DT_UNDEFINED;DT_UNDEFINED;DT_UNDEFINED;INT32;DT_UNDEFINED;DT_UNDEFINED;DT_UNDEFINED;DT_UNDEFINED;DT_UNDEFINED;DT_UNDEFINED;DT_UNDEFINED;DT_UNDEFINED;DT_UNDEFINED;DT_UNDEFINED;DT_UNDEFINED;DT_UNDEFINED;DT_UNDEFINED;DT_UNDEFINED;DT_UNDEFINED;DT_UNDEFINED,ND;ND;ND;NULL;ND;ND;ND;NULL;NULL;NULL;NULL;NULL;NULL;NULL;ND;NULL;NULL;NULL;NULL;NULL;NULL;NULL;NULL;NULL;NULL;NULL;NULL;NULL;NULL;NULL;NULL,"""1,14,64;""",DT_BF16;FLOAT,ND;ND,0
0,4294967295,3484,46,aclnnMatmul_MatMulCommon_MatMulV2,MatMulV2,dynamic,AI_CORE,1790613010357570.897	,5.360,465.309000,19,0,NO,"""1,896;896,896""",DT_BF16;DT_BF16,ND;ND,"""1,896""",DT_BF16,ND,N/A
0,4294967295,3485,46,AddRmsNormBias,AddRmsNormBias,dynamic,AI_VECTOR_CORE,1790613010357744.844	,2.220,168.390000,1,0,NO,"""1,896;1,896;896;""",DT_BF16;DT_BF16;DT_BF16;DT_UNDEFINED,ND;ND;ND;NULL,"""1,896;1,1;1,896""",DT_BF16;FLOAT;DT_BF16,ND;ND;ND,N/A
0,4294967295,3486,46,aclnnMatmul_MatMulCommon_MatMulV2,MatMulV2,dynamic,AI_CORE,1790613010357897.750	,19.001,150.780000,22,0,NO,"""1,896;9728,896""",DT_BF16;DT_BF16,ND;ND,"""1,9728""",DT_BF16,ND,N/A
0,4294967295,3487,46,SwiGlu,SwiGlu,dynamic,AI_VECTOR_CORE,1790613010358025.375	,4.180,108.749000,1,0,NO,"""1,9728""",DT_BF16,ND,"""1,4864""",DT_BF16,ND,N/A
0,4294967295,3488,46,aclnnMatmul_MatMulCommon_MatMulV2,MatMulV2,dynamic,AI_CORE,1790613010358158.821	,16.660,129.070000,19,0,NO,"""1,4864;896,4864""",DT_BF16;DT_BF16,ND;ND,"""1,896""",DT_BF16,ND,N/A
0,4294967295,3489,46,AddRmsNormBias,AddRmsNormBias,dynamic,AI_VECTOR_CORE,1790613010358328.567	,1.781,153.090000,1,0,NO,"""1,896;1,896;896;""",DT_BF16;DT_BF16;DT_BF16;DT_UNDEFINED,ND;ND;ND;NULL,"""1,896;1,1;1,896""",DT_BF16;FLOAT;DT_BF16,ND;ND;ND,N/A
0,4294967295,3490,46,aclnnAddmm_CastAiCore_Cast,Cast,dynamic,AI_VECTOR_CORE,1790613010358495.454	,1.120,165.219000,2,0,NO,"""1152""",DT_BF16,ND,"""1152""",FLOAT,ND,N/A
0,4294967295,3491,46,aclnnAddmm_MatMulCommon_MatMulV2,MatMulV2,dynamic,AI_CORE,1790613010358498.794	,7.841,2.130000,24,0,NO,"""1,896;1152,896;1152""",DT_BF16;DT_BF16;FLOAT,ND;ND;ND,"""1,1152""",DT_BF16,ND,N/A
0,4294967295,3492,46,_triton_rope,_triton_rope,static,AI_VECTOR_CORE,1790613010359359.829	,2.840,853.159000,1,0,YES,"""1,14,64;1,2,64;32768,64""",DT_BF16;32590;DT_BF16,ND;ND;ND,"""1,14,64;1,2,64""",DT_BF16;32590,ND;ND,N/A
0,4294967295,3493,46,ReshapeAndCacheNdKernel,ReshapeAndCacheNdKernel,dynamic,AI_VECTOR_CORE,1790613010360029.495	,1.961,666.910000,1,0,NO,"""1,2,64;1,2,64;11823,128,2,64;11823,128,2,64;1""",DT_BF16;DT_BF16;DT_BF16;DT_BF16;INT32,ND;ND;ND;ND;ND,"""11823,128,2,64;11823,128,2,64""",DT_BF16;DT_BF16,ND;ND,N/A
0,4294967295,3494,46,FusedInferAttentionScore,FusedInferAttentionScore,dynamic,MIX_AIC,1790613010360473.373	,21.041,441.789000,24,48,NO,"""1,14,64;11823,128,128;11823,128,128;;2048,2048;1;1;;;;;;;;1,2;;;;;;;;;;;;;;;;""",DT_BF16;DT_BF16;DT_BF16;DT_UNDEFINED;INT8;INT64;INT64;DT_UNDEFINED;DT_UNDEFINED;DT_UNDEFINED;DT_UNDEFINED;DT_UNDEFINED;DT_UNDEFINED;DT_UNDEFINED;INT32;DT_UNDEFINED;DT_UNDEFINED;DT_UNDEFINED;DT_UNDEFINED;DT_UNDEFINED;DT_UNDEFINED;DT_UNDEFINED;DT_UNDEFINED;DT_UNDEFINED;DT_UNDEFINED;DT_UNDEFINED;DT_UNDEFINED;DT_UNDEFINED;DT_UNDEFINED;DT_UNDEFINED;DT_UNDEFINED,ND;ND;ND;NULL;ND;ND;ND;NULL;NULL;NULL;NULL;NULL;NULL;NULL;ND;NULL;NULL;NULL;NULL;NULL;NULL;NULL;NULL;NULL;NULL;NULL;NULL;NULL;NULL;NULL;NULL,"""1,14,64;""",DT_BF16;FLOAT,ND;ND,0
0,4294967295,3496,46,aclnnMatmul_MatMulCommon_MatMulV2,MatMulV2,dynamic,AI_CORE,1790613010360972.713	,5.540,478.459000,19,0,NO,"""1,896;896,896""",DT_BF16;DT_BF16,ND;ND,"""1,896""",DT_BF16,ND,N/A
0,4294967295,3497,46,AddRmsNormBias,AddRmsNormBias,dynamic,AI_VECTOR_CORE,1790613010361152.960	,1.701,174.710000,1,0,NO,"""1,896;1,896;896;""",DT_BF16;DT_BF16;DT_BF16;DT_UNDEFINED,ND;ND;ND;NULL,"""1,896;1,1;1,896""",DT_BF16;FLOAT;DT_BF16,ND;ND;ND,N/A
0,4294967295,3498,46,aclnnMatmul_MatMulCommon_MatMulV2,MatMulV2,dynamic,AI_CORE,1790613010361307.147	,19.440,152.549000,22,0,NO,"""1,896;9728,896""",DT_BF16;DT_BF16,ND;ND,"""1,9728""",DT_BF16,ND,N/A
0,4294967295,3499,46,SwiGlu,SwiGlu,dynamic,AI_VECTOR_CORE,1790613010361429.771	,2.881,103.060000,1,0,NO,"""1,9728""",DT_BF16,ND,"""1,4864""",DT_BF16,ND,N/A
0,4294967295,3500,46,aclnnMatmul_MatMulCommon_MatMulV2,MatMulV2,dynamic,AI_CORE,1790613010361568.537	,16.481,135.869000,19,0,NO,"""1,4864;896,4864""",DT_BF16;DT_BF16,ND;ND,"""1,896""",DT_BF16,ND,N/A
0,4294967295,3501,46,AddRmsNormBias,AddRmsNormBias,dynamic,AI_VECTOR_CORE,1790613010361740.944	,1.700,156.019000,1,0,NO,"""1,896;1,896;896;""",DT_BF16;DT_BF16;DT_BF16;DT_UNDEFINED,ND;ND;ND;NULL,"""1,896;1,1;1,896""",DT_BF16;FLOAT;DT_BF16,ND;ND;ND,N/A
0,4294967295,3502,46,aclnnIndex_IndexAiCore_Index,Index,dynamic,AI_VECTOR_CORE,1790613010361937.312	,9.340,194.550000,48,0,NO,"""1,896;1;2;1""",DT_BF16;INT64;INT64;INT32,ND;ND;ND;ND,"""1,896""",DT_BF16,ND,N/A
0,4294967295,3503,46,aclnnMatmul_MatMulCommon_MatMulV2,MatMulV2,dynamic,AI_CORE,1790613010361994.294	,219.389,47.660000,24,0,NO,"""1,896;151936,896""",DT_BF16;DT_BF16,ND;ND,"""1,151936""",DT_BF16,ND,N/A
0,4294967295,3504,46,aclnnInplaceCopy_CastAiCore_Cast,Cast,dynamic,AI_VECTOR_CORE,1790613010362549.176	,8.841,335.611000,48,0,NO,"""1,151936""",DT_BF16,ND,"""1,151936""",FLOAT,ND,N/A
0,4294967295,3505,46,aclnnLogSoftmax_LogSoftmaxAiCore_LogSoftmaxV2,LogSoftmaxV2,dynamic,AI_VECTOR_CORE,1790613010362558.037	,48.342,0.000000,1,0,NO,"""1,151936""",FLOAT,ND,"""1,151936""",FLOAT,ND,N/A
0,4294967295,3506,46,aclnnInplaceCopy_CastAiCore_Cast,Cast,dynamic,AI_VECTOR_CORE,1790613010362606.399	,2.700,0.158000,48,0,NO,"""1,151936""",DT_BF16,ND,"""1,151936""",FLOAT,ND,N/A
0,4294967295,3509,46,aclnnEqScalar_EqualAiCore_Equal,Equal,dynamic,AI_VECTOR_CORE,1790613010362858.369	,2.160,249.050000,1,0,NO,"""1,3;""",INT64;INT64,ND;ND,"""1,3""",BOOL,ND,N/A
0,4294967295,3510,46,aclnnInplaceMaskedFillScalar_MaskedFillAiCpu_MaskedFill,MaskedFill,dynamic,AI_CPU,1790613010362866.589	,52.902,6.090000,0,0,NO,"""1,3;1,3;""",INT64;BOOL;INT64,ND;ND;ND,"""1,3""",INT64,ND,N/A
0,4294967295,3511,46,aclnnInplaceZero_ZerosLikeAiCore_ZerosLike,ZerosLike,dynamic,AI_VECTOR_CORE,1790613010362919.511	,9.580,0.098000,48,0,NO,"""1,151936""",INT32,ND,"""1,151936""",INT32,ND,N/A
0,4294967295,3512,46,token_bin_counts_and_mask_kernel,token_bin_counts_and_mask_kernel,static,AI_VECTOR_CORE,1790613010363543.596	,66.243,614.420000,1,0,NO,"""1,10;1,151936""",INT64;FLOAT,ND;ND,"""1,151936""",FLOAT,ND,N/A
0,4294967295,3513,46,aclnnGtScalar_CastAiCore_Cast,Cast,dynamic,AI_VECTOR_CORE,1790613010363782.565	,8.501,172.757000,48,0,NO,"""1,151936""",INT32,ND,"""1,151936""",INT64,ND,N/A
0,4294967295,3514,46,aclnnGtScalar_GreaterAiCore_Greater,Greater,dynamic,AI_VECTOR_CORE,1790613010363791.086	,20.261,0.000000,48,0,NO,"""1,151936;""",INT64;INT64,ND;ND,"""1,151936""",BOOL,ND,N/A
0,4294967295,3515,46,aclnnInplaceZero_ZerosLikeAiCore_ZerosLike,ZerosLike,dynamic,AI_VECTOR_CORE,1790613010363811.367	,2.460,0.000000,48,0,NO,"""1,151936""",INT32,ND,"""1,151936""",INT32,ND,N/A
0,4294967295,3516,46,token_bin_counts_and_mask_kernel,token_bin_counts_and_mask_kernel,static,AI_VECTOR_CORE,1790613010364404.450	,65.623,590.790000,1,0,NO,"""1,3;1,151936""",INT64;FLOAT,ND;ND,"""1,151936""",FLOAT,ND,N/A
0,4294967295,3517,46,aclnnGtScalar_CastAiCore_Cast,Cast,dynamic,AI_VECTOR_CORE,1790613010364629.999	,2.460,159.877000,48,0,NO,"""1,151936""",INT32,ND,"""1,151936""",INT64,ND,N/A
0,4294967295,3518,46,aclnnGtScalar_GreaterAiCore_Greater,Greater,dynamic,AI_VECTOR_CORE,1790613010364632.479	,10.381,0.040000,48,0,NO,"""1,151936;""",INT64;INT64,ND;ND,"""1,151936""",BOOL,ND,N/A
0,4294967295,3519,46,apply_all_penalties_kernel,apply_all_penalties_kernel,static,AI_VECTOR_CORE,1790613010365447.152	,76.803,804.369000,1,0,YES,"""1,151936;1,151936;1,151936;1,151936""",FLOAT;BOOL;BOOL;INT32,ND;ND;ND;ND,"""1,151936""",FLOAT,ND,N/A
0,4294967295,3520,46,aclnnArgMax_ArgMaxV2AiCore_ArgMaxV2,ArgMaxV2,dynamic,AI_VECTOR_CORE,1790613010365739.744	,18.801,215.697000,1,0,NO,"""1,151936;""",FLOAT;INT64,ND;ND,"""1""",INT32,ND,N/A
0,4294967295,3521,46,aclnnArgMax_CastAiCore_Cast,Cast,dynamic,AI_VECTOR_CORE,1790613010365758.565	,0.860,0.000000,1,0,NO,"""1""",INT32,ND,"""1""",INT64,ND,N/A
0,4294967295,3522,46,aclnnTopk_TopkV2AiCore_TopKV2,TopKV2,dynamic,MIX_AIV,1790613010365765.945	,18.381,6.640000,38,0,NO,"""1,151936;""",FLOAT;INT32,ND;ND,"""1,32;1,32""",FLOAT;INT32,ND;ND,0
0,4294967295,3523,46,aclnnTopk_TopkV2AiCore_TopKV2,TopKV2,dynamic,MIX_AIV,1790613010365787.226	,2.960,2.869000,1,0,NO,"""1,32;""",FLOAT;INT32,ND;ND,"""1,1;1,1""",FLOAT;INT32,ND;ND,0
0,4294967295,3524,46,aclnnTopk_GatherElements_GatherElements,GatherElements,dynamic,AI_VECTOR_CORE,1790613010365791.386	,10.000,1.290000,48,0,NO,"""1,32;1,1""",INT32;INT32,ND;ND,"""1,1""",INT32,ND,N/A
0,4294967295,3525,46,aclnnTopk_CastAiCore_Cast,Cast,dynamic,AI_VECTOR_CORE,1790613010365801.406	,0.800,0.000000,1,0,NO,"""1,1""",INT32,ND,"""1,1""",INT64,ND,N/A
0,4294967295,3526,46,aclnnGather_CastAiCore_Cast,Cast,dynamic,AI_VECTOR_CORE,1790613010365802.226	,1.280,0.000000,1,0,NO,"""1,1""",INT64,ND,"""1,1""",INT32,ND,N/A
0,4294967295,3527,46,aclnnGather_GatherElementsV2_GatherElementsV2,GatherElementsV2,dynamic,AI_VECTOR_CORE,1790613010365803.546	,3.701,0.000000,1,0,NO,"""1,151936;1,1""",FLOAT;INT32,ND;ND,"""1,1""",FLOAT,ND,N/A
0,4294967295,3528,46,aclnnGeTensor_GreaterEqual_GreaterEqual,GreaterEqual,dynamic,AI_VECTOR_CORE,1790613010366030.635	,9.361,223.549000,48,0,NO,"""1,151936;1,1""",FLOAT;FLOAT,ND;ND,"""1,151936""",BOOL,ND,N/A
0,4294967295,3529,46,aclnnReduceSum_CastAiCore_Cast,Cast,dynamic,AI_VECTOR_CORE,1790613010366040.016	,8.260,0.000000,48,0,NO,"""1,151936""",BOOL,ND,"""1,151936""",FLOAT,ND,N/A
0,4294967295,3530,46,aclnnReduceSum_ReduceSumOpAiCore_ReduceSum,ReduceSum,dynamic,MIX_AIV,1790613010366049.276	,18.301,0.990000,48,0,NO,"""1,151936;1""",FLOAT;INT64,ND;ND,"""1""",FLOAT,ND,0
0,4294967295,3531,46,aclnnReduceSum_CastAiCore_Cast,Cast,dynamic,AI_VECTOR_CORE,1790613010366068.677	,1.040,1.199000,1,0,NO,"""1""",FLOAT,ND,"""1""",INT64,ND,N/A
0,4294967295,3532,46,aclnnCat_ConcatD_ConcatD,ConcatD,dynamic,AI_VECTOR_CORE,1790613010366069.737	,2.320,0.000000,1,0,NO,"""1,1;1,1""",INT64;INT64,ND;ND,"""1,2""",INT64,ND,N/A
0,4294967295,3533,46,aclnnCat_ConcatD_ConcatD,ConcatD,dynamic,AI_VECTOR_CORE,1790613010366072.077	,1.600,0.000000,1,0,NO,"""1,1;1,1""",FLOAT;FLOAT,ND;ND,"""1,2""",FLOAT,ND,N/A
0,4294967295,3534,46,aclnnInplaceCopy_CastAiCore_Cast,Cast,dynamic,AI_VECTOR_CORE,1790613010366094.498	,1.080,20.900000,1,0,NO,"""1,2""",INT64,ND,"""1,2""",INT32,ND,N/A
0,4294967295,3535,46,aclnnInplaceCopy_CastAiCore_Cast,Cast,dynamic,AI_VECTOR_CORE,1790613010366101.898	,0.980,6.420000,1,0,NO,"""1""",INT64,ND,"""1""",INT32,ND,N/A
0,4294967295,3545,46,aclnnInplaceFillScalar_FillAiCore_Fill,Fill,dynamic,AI_VECTOR_CORE,1790613010380450.552	,1.000,14347.520000,1,0,NO,"""1;""",INT64;INT32,ND;ND,"""1""",INT32,ND,N/A
0,4294967295,3548,46,aclnnInplaceFillScalar_FillAiCore_Fill,Fill,dynamic,AI_VECTOR_CORE,1790613010380967.593	,0.920,516.000000,1,0,NO,"""1;""",INT64;INT32,ND;ND,"""1""",INT32,ND,N/A
0,4294967295,3553,46,aclnnIndex_IndexAiCore_Index,Index,dynamic,AI_VECTOR_CORE,1790613010381482.393	,8.480,514.080000,48,0,NO,"""1;1;1;10""",INT32;INT64;INT64;INT64,ND;ND;ND;ND,"""10""",INT32,ND,N/A
0,4294967295,3554,46,aclnnInplaceCopy_CastAiCore_Cast,Cast,dynamic,AI_VECTOR_CORE,1790613010381490.893	,0.861,0.020000,1,0,NO,"""10""",INT32,ND,"""10""",INT64,ND,N/A
0,4294967295,3555,46,aclnnAdd_AddAiCore_Add,Add,dynamic,AI_VECTOR_CORE,1790613010381511.714	,2.381,19.889000,1,0,NO,"""10;10""",INT64;INT64,ND;ND,"""10""",INT64,ND,N/A
0,4294967295,3557,46,aclnnAdd_AddAiCore_Add,Add,dynamic,AI_VECTOR_CORE,1790613010381559.096	,1.160,44.869000,1,0,NO,"""1;1""",INT32;INT32,ND;ND,"""1""",INT32,ND,N/A
0,4294967295,3559,46,_compute_slot_mapping_kernel,_compute_slot_mapping_kernel,static,AI_VECTOR_CORE,1790613010382268.345	,120.204,708.090000,2,0,YES,"""2;10;1,2""",461301056;32590;INT32,ND;ND;ND,"""258""",INT64,ND,N/A
0,4294967295,3560,46,aclnnSubs_SubAiCore_Sub,Sub,dynamic,AI_VECTOR_CORE,1790613010382543.696	,1.240,155.296000,1,0,NO,"""1;""",INT32;INT32,ND;ND,"""1""",INT32,ND,N/A
0,4294967295,3562,46,aclnnIndexSelect_GatherV3AiCore_GatherV3,GatherV3,dynamic,AI_VECTOR_CORE,1790613010383155.080	,3.880,610.010000,10,0,NO,"""32768,64;10;1""",DT_BF16;INT64;INT64,ND;ND;ND,"""10,64""",DT_BF16,ND,N/A
0,4294967295,3563,46,aclnnRepeat_TileAiCore_Tile,Tile,dynamic,AI_VECTOR_CORE,1790613010383158.980	,2.240,0.120000,1,0,NO,"""10,2,32;3""",DT_BF16;INT64,NCL;ND,"""10,2,64""",DT_BF16,ND,N/A
0,4294967295,3564,46,aclnnInplaceCopy_SliceAiCore_Slice,Slice,dynamic,AI_VECTOR_CORE,1790613010383194.242	,2.840,33.010000,10,0,NO,"""10,128;2;2""",DT_BF16;INT64;INT64,NCHW;ND;ND,"""10,64""",DT_BF16,NCHW,N/A
0,4294967295,3565,46,aclnnIndexSelect_GatherV3AiCore_GatherV3,GatherV3,dynamic,AI_VECTOR_CORE,1790613010383197.182	,3.800,0.160000,10,0,NO,"""32768,64;10;1""",DT_BF16;INT64;INT64,ND;ND;ND,"""10,64""",DT_BF16,ND,N/A
0,4294967295,3566,46,aclnnRepeat_TileAiCore_Tile,Tile,dynamic,AI_VECTOR_CORE,1790613010383201.002	,1.900,0.000000,1,0,NO,"""10,2,32;3""",DT_BF16;INT64,NCL;ND,"""10,2,64""",DT_BF16,ND,N/A
0,4294967295,3567,46,aclnnInplaceCopy_SliceAiCore_Slice,Slice,dynamic,AI_VECTOR_CORE,1790613010383213.282	,2.501,10.350000,10,0,NO,"""10,128;2;2""",DT_BF16;INT64;INT64,NCHW;ND;ND,"""10,64""",DT_BF16,NCHW,N/A
0,4294967295,3568,46,aclnnInplaceCopy_CastAiCore_Cast,Cast,dynamic,AI_VECTOR_CORE,1790613010383824.407	,0.860,608.749000,1,0,NO,"""10""",INT32,ND,"""10""",INT64,ND,N/A
0,4294967295,3569,46,aclnnEmbedding_GatherV2AiCore_GatherV2,GatherV2,dynamic,AI_VECTOR_CORE,1790613010383843.428	,3.460,18.140000,10,0,NO,"""151936,896;10;1""",DT_BF16;INT64;INT64,ND;ND;ND,"""10,896""",DT_BF16,ND,N/A
0,4294967295,3570,46,RmsNorm,RmsNorm,dynamic,AI_VECTOR_CORE,1790613010383970.773	,6.940,123.790000,10,0,NO,"""10,896;896""",DT_BF16;DT_BF16,ND;ND,"""10,896;10,1""",DT_BF16;FLOAT,ND;ND,N/A
0,4294967295,3571,46,aclnnAddmm_CastAiCore_Cast,Cast,dynamic,AI_VECTOR_CORE,1790613010384168.121	,1.080,190.310000,2,0,NO,"""1152""",DT_BF16,ND,"""1152""",FLOAT,ND,N/A
0,4294967295,3572,46,aclnnAddmm_MatMulCommon_MatMulV2,MatMulV2,dynamic,AI_CORE,1790613010384170.861	,6.800,1.670000,24,0,NO,"""10,896;1152,896;1152""",DT_BF16;DT_BF16;FLOAT,ND;ND;ND,"""10,1152""",DT_BF16,ND,N/A
0,4294967295,3573,46,aclnnInplaceCopy_SliceAiCore_Slice,Slice,dynamic,AI_VECTOR_CORE,1790613010384367.589	,2.060,189.950000,10,0,NO,"""10,18,64;3;3""",DT_BF16;INT64;INT64,NCL;ND;ND,"""10,14,64""",DT_BF16,NCL,N/A
0,4294967295,3574,46,aclnnInplaceCopy_SliceAiCore_Slice,Slice,dynamic,AI_VECTOR_CORE,1790613010384370.169	,1.960,0.690000,10,0,NO,"""10,18,64;3;3""",DT_BF16;INT64;INT64,NCL;ND;ND,"""10,2,64""",DT_BF16,NCL,N/A
0,4294967295,3575,46,_triton_rope,_triton_rope,static,AI_VECTOR_CORE,1790613010385334.847	,4.940,962.540000,10,0,YES,"""10,14,64;10,2,64;32768,64""",DT_BF16;32590;DT_BF16,ND;ND;ND,"""10,14,64;10,2,64""",DT_BF16;32590,ND;ND,N/A
0,4294967295,3576,46,aclnnInplaceCopy_SliceAiCore_Slice,Slice,dynamic,AI_VECTOR_CORE,1790613010386098.058	,2.320,758.310000,10,0,NO,"""10,18,64;3;3""",DT_BF16;INT64;INT64,NCL;ND;ND,"""10,2,64""",DT_BF16,NCL,N/A
0,4294967295,3577,46,ReshapeAndCacheNdKernel,ReshapeAndCacheNdKernel,dynamic,AI_VECTOR_CORE,1790613010386138.959	,2.900,38.680000,10,0,NO,"""10,2,64;10,2,64;11823,128,2,64;11823,128,2,64;10""",DT_BF16;DT_BF16;DT_BF16;DT_BF16;INT32,ND;ND;ND;ND;ND,"""11823,128,2,64;11823,128,2,64""",DT_BF16;DT_BF16,ND;ND,N/A
0,4294967295,3578,46,aclnnContiguous_SliceAiCore_Slice,Slice,dynamic,AI_VECTOR_CORE,1790613010386610.858	,1.580,468.850000,10,0,NO,"""10,18,64;3;3""",DT_BF16;INT64;INT64,NCL;ND;ND,"""10,2,64""",DT_BF16,NCL,N/A
0,4294967295,3579,46,FusedInferAttentionScore,FusedInferAttentionScore,dynamic,MIX_AIC,1790613010386641.539	,21.861,29.170000,24,48,NO,"""10,14,64;10,2,64;10,2,64;;2048,2048;1;1;;;;;;;;;;;;;;;;;;;;;;;;""",DT_BF16;DT_BF16;DT_BF16;DT_UNDEFINED;INT8;INT64;INT64;DT_UNDEFINED;DT_UNDEFINED;DT_UNDEFINED;DT_UNDEFINED;DT_UNDEFINED;DT_UNDEFINED;DT_UNDEFINED;DT_UNDEFINED;DT_UNDEFINED;DT_UNDEFINED;DT_UNDEFINED;DT_UNDEFINED;DT_UNDEFINED;DT_UNDEFINED;DT_UNDEFINED;DT_UNDEFINED;DT_UNDEFINED;DT_UNDEFINED;DT_UNDEFINED;DT_UNDEFINED;DT_UNDEFINED;DT_UNDEFINED;DT_UNDEFINED;DT_UNDEFINED,ND;ND;ND;NULL;ND;ND;ND;NULL;NULL;NULL;NULL;NULL;NULL;NULL;NULL;NULL;NULL;NULL;NULL;NULL;NULL;NULL;NULL;NULL;NULL;NULL;NULL;NULL;NULL;NULL;NULL,"""10,14,64;""",DT_BF16;FLOAT,ND;ND,0
0,4294967295,3581,46,aclnnMatmul_MatMulCommon_MatMulV2,MatMulV2,dynamic,AI_CORE,1790613010387082.737	,5.340,419.389000,19,0,NO,"""10,896;896,896""",DT_BF16;DT_BF16,ND;ND,"""10,896""",DT_BF16,ND,N/A
0,4294967295,3582,46,AddRmsNormBias,AddRmsNormBias,dynamic,AI_VECTOR_CORE,1790613010387268.545	,3.520,180.410000,10,0,NO,"""10,896;10,896;896;""",DT_BF16;DT_BF16;DT_BF16;DT_UNDEFINED,ND;ND;ND;NULL,"""10,896;10,1;10,896""",DT_BF16;FLOAT;DT_BF16,ND;ND;ND,N/A
0,4294967295,3583,46,aclnnMatmul_MatMulCommon_MatMulV2,MatMulV2,dynamic,AI_CORE,1790613010387432.831	,19.201,160.730000,22,0,NO,"""10,896;9728,896""",DT_BF16;DT_BF16,ND;ND,"""10,9728""",DT_BF16,ND,N/A
0,4294967295,3584,46,SwiGlu,SwiGlu,dynamic,AI_VECTOR_CORE,1790613010387561.536	,5.621,109.549000,10,0,NO,"""10,9728""",DT_BF16,ND,"""10,4864""",DT_BF16,ND,N/A
0,4294967295,3585,46,aclnnMatmul_MatMulCommon_MatMulV2,MatMulV2,dynamic,AI_CORE,1790613010387705.602	,16.161,138.379000,19,0,NO,"""10,4864;896,4864""",DT_BF16;DT_BF16,ND;ND,"""10,896""",DT_BF16,ND,N/A
0,4294967295,3586,46,AddRmsNormBias,AddRmsNormBias,dynamic,AI_VECTOR_CORE,1790613010387874.149	,3.060,152.589000,10,0,NO,"""10,896;10,896;896;""",DT_BF16;DT_BF16;DT_BF16;DT_UNDEFINED,ND;ND;ND;NULL,"""10,896;10,1;10,896""",DT_BF16;FLOAT;DT_BF16,ND;ND;ND,N/A
0,4294967295,3587,46,aclnnAddmm_CastAiCore_Cast,Cast,dynamic,AI_VECTOR_CORE,1790613010388034.535	,1.220,157.190000,2,0,NO,"""1152""",DT_BF16,ND,"""1152""",FLOAT,ND,N/A
0,4294967295,3588,46,aclnnAddmm_MatMulCommon_MatMulV2,MatMulV2,dynamic,AI_CORE,1790613010388037.275	,7.340,1.530000,24,0,NO,"""10,896;1152,896;1152""",DT_BF16;DT_BF16;FLOAT,ND;ND;ND,"""10,1152""",DT_BF16,ND,N/A
0,4294967295,3589,46,aclnnInplaceCopy_SliceAiCore_Slice,Slice,dynamic,AI_VECTOR_CORE,1790613010388205.842	,1.720,161.160000,10,0,NO,"""10,18,64;3;3""",DT_BF16;INT64;INT64,NCL;ND;ND,"""10,14,64""",DT_BF16,NCL,N/A
0,4294967295,3590,46,aclnnInplaceCopy_SliceAiCore_Slice,Slice,dynamic,AI_VECTOR_CORE,1790613010388208.542	,2.020,1.030000,10,0,NO,"""10,18,64;3;3""",DT_BF16;INT64;INT64,NCL;ND;ND,"""10,2,64""",DT_BF16,NCL,N/A
0,4294967295,3591,46,_triton_rope,_triton_rope,static,AI_VECTOR_CORE,1790613010388932.491	,4.340,721.980000,10,0,YES,"""10,14,64;10,2,64;32768,64""",DT_BF16;32590;DT_BF16,ND;ND;ND,"""10,14,64;10,2,64""",DT_BF16;32590,ND;ND,N/A
0,4294967295,3592,46,aclnnInplaceCopy_SliceAiCore_Slice,Slice,dynamic,AI_VECTOR_CORE,1790613010389643.479	,1.760,706.660000,10,0,NO,"""10,18,64;3;3""",DT_BF16;INT64;INT64,NCL;ND;ND,"""10,2,64""",DT_BF16,NCL,N/A
0,4294967295,3593,46,ReshapeAndCacheNdKernel,ReshapeAndCacheNdKernel,dynamic,AI_VECTOR_CORE,1790613010389673.661	,2.780,28.490000,10,0,NO,"""10,2,64;10,2,64;11823,128,2,64;11823,128,2,64;10""",DT_BF16;DT_BF16;DT_BF16;DT_BF16;INT32,ND;ND;ND;ND;ND,"""11823,128,2,64;11823,128,2,64""",DT_BF16;DT_BF16,ND;ND,N/A
0,4294967295,3594,46,aclnnContiguous_SliceAiCore_Slice,Slice,dynamic,AI_VECTOR_CORE,1790613010390160.480	,1.520,483.970000,10,0,NO,"""10,18,64;3;3""",DT_BF16;INT64;INT64,NCL;ND;ND,"""10,2,64""",DT_BF16,NCL,N/A
0,4294967295,3595,46,FusedInferAttentionScore,FusedInferAttentionScore,dynamic,MIX_AIC,1790613010390183.421	,19.741,21.480000,24,48,NO,"""10,14,64;10,2,64;10,2,64;;2048,2048;1;1;;;;;;;;;;;;;;;;;;;;;;;;""",DT_BF16;DT_BF16;DT_BF16;DT_UNDEFINED;INT8;INT64;INT64;DT_UNDEFINED;DT_UNDEFINED;DT_UNDEFINED;DT_UNDEFINED;DT_UNDEFINED;DT_UNDEFINED;DT_UNDEFINED;DT_UNDEFINED;DT_UNDEFINED;DT_UNDEFINED;DT_UNDEFINED;DT_UNDEFINED;DT_UNDEFINED;DT_UNDEFINED;DT_UNDEFINED;DT_UNDEFINED;DT_UNDEFINED;DT_UNDEFINED;DT_UNDEFINED;DT_UNDEFINED;DT_UNDEFINED;DT_UNDEFINED;DT_UNDEFINED;DT_UNDEFINED,ND;ND;ND;NULL;ND;ND;ND;NULL;NULL;NULL;NULL;NULL;NULL;NULL;NULL;NULL;NULL;NULL;NULL;NULL;NULL;NULL;NULL;NULL;NULL;NULL;NULL;NULL;NULL;NULL;NULL,"""10,14,64;""",DT_BF16;FLOAT,ND;ND,0
0,4294967295,3597,46,aclnnMatmul_MatMulCommon_MatMulV2,MatMulV2,dynamic,AI_CORE,1790613010390634.099	,5.520,430.759000,19,0,NO,"""10,896;896,896""",DT_BF16;DT_BF16,ND;ND,"""10,896""",DT_BF16,ND,N/A
0,4294967295,3598,46,AddRmsNormBias,AddRmsNormBias,dynamic,AI_VECTOR_CORE,1790613010390808.786	,3.000,169.230000,10,0,NO,"""10,896;10,896;896;""",DT_BF16;DT_BF16;DT_BF16;DT_UNDEFINED,ND;ND;ND;NULL,"""10,896;10,1;10,896""",DT_BF16;FLOAT;DT_BF16,ND;ND;ND,N/A
0,4294967295,3599,46,aclnnMatmul_MatMulCommon_MatMulV2,MatMulV2,dynamic,AI_CORE,1790613010390968.933	,19.020,157.250000,22,0,NO,"""10,896;9728,896""",DT_BF16;DT_BF16,ND;ND,"""10,9728""",DT_BF16,ND,N/A
0,4294967295,3600,46,SwiGlu,SwiGlu,dynamic,AI_VECTOR_CORE,1790613010391099.918	,5.020,111.980000,10,0,NO,"""10,9728""",DT_BF16,ND,"""10,4864""",DT_BF16,ND,N/A
0,4294967295,3601,46,aclnnMatmul_MatMulCommon_MatMulV2,MatMulV2,dynamic,AI_CORE,1790613010391251.984	,16.461,146.980000,19,0,NO,"""10,4864;896,4864""",DT_BF16;DT_BF16,ND;ND,"""10,896""",DT_BF16,ND,N/A
0,4294967295,3602,46,AddRmsNormBias,AddRmsNormBias,dynamic,AI_VECTOR_CORE,1790613010391428.151	,3.120,159.789000,10,0,NO,"""10,896;10,896;896;""",DT_BF16;DT_BF16;DT_BF16;DT_UNDEFINED,ND;ND;ND;NULL,"""10,896;10,1;10,896""",DT_BF16;FLOAT;DT_BF16,ND;ND;ND,N/A
0,4294967295,3603,46,aclnnAddmm_CastAiCore_Cast,Cast,dynamic,AI_VECTOR_CORE,1790613010391582.897	,1.160,151.630000,2,0,NO,"""1152""",DT_BF16,ND,"""1152""",FLOAT,ND,N/A
0,4294967295,3604,46,aclnnAddmm_MatMulCommon_MatMulV2,MatMulV2,dynamic,AI_CORE,1790613010391585.297	,7.140,1.090000,24,0,NO,"""10,896;1152,896;1152""",DT_BF16;DT_BF16;FLOAT,ND;ND;ND,"""10,1152""",DT_BF16,ND,N/A
0,4294967295,3605,46,aclnnInplaceCopy_SliceAiCore_Slice,Slice,dynamic,AI_VECTOR_CORE,1790613010391753.344	,1.900,160.860000,10,0,NO,"""10,18,64;3;3""",DT_BF16;INT64;INT64,NCL;ND;ND,"""10,14,64""",DT_BF16,NCL,N/A
0,4294967295,3606,46,aclnnInplaceCopy_SliceAiCore_Slice,Slice,dynamic,AI_VECTOR_CORE,1790613010391755.884	,2.180,0.850000,10,0,NO,"""10,18,64;3;3""",DT_BF16;INT64;INT64,NCL;ND;ND,"""10,2,64""",DT_BF16,NCL,N/A
0,4294967295,3607,46,_triton_rope,_triton_rope,static,AI_VECTOR_CORE,1790613010392476.793	,4.480,718.570000,10,0,YES,"""10,14,64;10,2,64;32768,64""",DT_BF16;32590;DT_BF16,ND;ND;ND,"""10,14,64;10,2,64""",DT_BF16;32590,ND;ND,N/A
0,4294967295,3608,46,aclnnInplaceCopy_SliceAiCore_Slice,Slice,dynamic,AI_VECTOR_CORE,1790613010393171.841	,2.280,690.520000,10,0,NO,"""10,18,64;3;3""",DT_BF16;INT64;INT64,NCL;ND;ND,"""10,2,64""",DT_BF16,NCL,N/A
0,4294967295,3609,46,ReshapeAndCacheNdKernel,ReshapeAndCacheNdKernel,dynamic,AI_VECTOR_CORE,1790613010393174.141	,2.720,0.220000,10,0,NO,"""10,2,64;10,2,64;11823,128,2,64;11823,128,2,64;10""",DT_BF16;DT_BF16;DT_BF16;DT_BF16;INT32,ND;ND;ND;ND;ND,"""11823,128,2,64;11823,128,2,64""",DT_BF16;DT_BF16,ND;ND,N/A
0,4294967295,3610,46,aclnnContiguous_SliceAiCore_Slice,Slice,dynamic,AI_VECTOR_CORE,1790613010393660.420	,1.640,483.530000,10,0,NO,"""10,18,64;3;3""",DT_BF16;INT64;INT64,NCL;ND;ND,"""10,2,64""",DT_BF16,NCL,N/A
0,4294967295,3611,46,FusedInferAttentionScore,FusedInferAttentionScore,dynamic,MIX_AIC,1790613010393682.521	,20.201,20.360000,24,48,NO,"""10,14,64;10,2,64;10,2,64;;2048,2048;1;1;;;;;;;;;;;;;;;;;;;;;;;;""",DT_BF16;DT_BF16;DT_BF16;DT_UNDEFINED;INT8;INT64;INT64;DT_UNDEFINED;DT_UNDEFINED;DT_UNDEFINED;DT_UNDEFINED;DT_UNDEFINED;DT_UNDEFINED;DT_UNDEFINED;DT_UNDEFINED;DT_UNDEFINED;DT_UNDEFINED;DT_UNDEFINED;DT_UNDEFINED;DT_UNDEFINED;DT_UNDEFINED;DT_UNDEFINED;DT_UNDEFINED;DT_UNDEFINED;DT_UNDEFINED;DT_UNDEFINED;DT_UNDEFINED;DT_UNDEFINED;DT_UNDEFINED;DT_UNDEFINED;DT_UNDEFINED,ND;ND;ND;NULL;ND;ND;ND;NULL;NULL;NULL;NULL;NULL;NULL;NULL;NULL;NULL;NULL;NULL;NULL;NULL;NULL;NULL;NULL;NULL;NULL;NULL;NULL;NULL;NULL;NULL;NULL,"""10,14,64;""",DT_BF16;FLOAT,ND;ND,0
0,4294967295,3613,46,aclnnMatmul_MatMulCommon_MatMulV2,MatMulV2,dynamic,AI_CORE,1790613010394134.379	,5.620,431.799000,19,0,NO,"""10,896;896,896""",DT_BF16;DT_BF16,ND;ND,"""10,896""",DT_BF16,ND,N/A
0,4294967295,3614,46,AddRmsNormBias,AddRmsNormBias,dynamic,AI_VECTOR_CORE,1790613010394321.627	,3.520,181.630000,10,0,NO,"""10,896;10,896;896;""",DT_BF16;DT_BF16;DT_BF16;DT_UNDEFINED,ND;ND;ND;NULL,"""10,896;10,1;10,896""",DT_BF16;FLOAT;DT_BF16,ND;ND;ND,N/A
0,4294967295,3615,46,aclnnMatmul_MatMulCommon_MatMulV2,MatMulV2,dynamic,AI_CORE,1790613010394479.913	,19.221,154.730000,22,0,NO,"""10,896;9728,896""",DT_BF16;DT_BF16,ND;ND,"""10,9728""",DT_BF16,ND,N/A
0,4294967295,3616,46,SwiGlu,SwiGlu,dynamic,AI_VECTOR_CORE,1790613010394602.518	,4.760,103.279000,10,0,NO,"""10,9728""",DT_BF16,ND,"""10,4864""",DT_BF16,ND,N/A
0,4294967295,3617,46,aclnnMatmul_MatMulCommon_MatMulV2,MatMulV2,dynamic,AI_CORE,1790613010394748.644	,16.160,141.490000,19,0,NO,"""10,4864;896,4864""",DT_BF16;DT_BF16,ND;ND,"""10,896""",DT_BF16,ND,N/A
0,4294967295,3618,46,AddRmsNormBias,AddRmsNormBias,dynamic,AI_VECTOR_CORE,1790613010394920.331	,3.000,155.340000,10,0,NO,"""10,896;10,896;896;""",DT_BF16;DT_BF16;DT_BF16;DT_UNDEFINED,ND;ND;ND;NULL,"""10,896;10,1;10,896""",DT_BF16;FLOAT;DT_BF16,ND;ND;ND,N/A
0,4294967295,3619,46,aclnnAddmm_CastAiCore_Cast,Cast,dynamic,AI_VECTOR_CORE,1790613010395076.117	,1.060,152.750000,2,0,NO,"""1152""",DT_BF16,ND,"""1152""",FLOAT,ND,N/A
0,4294967295,3620,46,aclnnAddmm_MatMulCommon_MatMulV2,MatMulV2,dynamic,AI_CORE,1790613010395079.637	,7.020,2.690000,24,0,NO,"""10,896;1152,896;1152""",DT_BF16;DT_BF16;FLOAT,ND;ND;ND,"""10,1152""",DT_BF16,ND,N/A
0,4294967295,3621,46,aclnnInplaceCopy_SliceAiCore_Slice,Slice,dynamic,AI_VECTOR_CORE,1790613010395243.903	,2.380,157.230000,10,0,NO,"""10,18,64;3;3""",DT_BF16;INT64;INT64,NCL;ND;ND,"""10,14,64""",DT_BF16,NCL,N/A
0,4294967295,3622,46,aclnnInplaceCopy_SliceAiCore_Slice,Slice,dynamic,AI_VECTOR_CORE,1790613010395247.223	,3.181,0.870000,10,0,NO,"""10,18,64;3;3""",DT_BF16;INT64;INT64,NCL;ND;ND,"""10,2,64""",DT_BF16,NCL,N/A
0,4294967295,3623,46,_triton_rope,_triton_rope,static,AI_VECTOR_CORE,1790613010395963.152	,4.320,712.819000,10,0,YES,"""10,14,64;10,2,64;32768,64""",DT_BF16;32590;DT_BF16,ND;ND;ND,"""10,14,64;10,2,64""",DT_BF16;32590,ND;ND,N/A
0,4294967295,3624,46,aclnnInplaceCopy_SliceAiCore_Slice,Slice,dynamic,AI_VECTOR_CORE,1790613010396627.919	,2.640,660.430000,10,0,NO,"""10,18,64;3;3""",DT_BF16;INT64;INT64,NCL;ND;ND,"""10,2,64""",DT_BF16,NCL,N/A
0,4294967295,3625,46,ReshapeAndCacheNdKernel,ReshapeAndCacheNdKernel,dynamic,AI_VECTOR_CORE,1790613010396642.959	,3.060,12.360000,10,0,NO,"""10,2,64;10,2,64;11823,128,2,64;11823,128,2,64;10""",DT_BF16;DT_BF16;DT_BF16;DT_BF16;INT32,ND;ND;ND;ND;ND,"""11823,128,2,64;11823,128,2,64""",DT_BF16;DT_BF16,ND;ND,N/A
0,4294967295,3626,46,aclnnContiguous_SliceAiCore_Slice,Slice,dynamic,AI_VECTOR_CORE,1790613010397114.058	,1.520,467.940000,10,0,NO,"""10,18,64;3;3""",DT_BF16;INT64;INT64,NCL;ND;ND,"""10,2,64""",DT_BF16,NCL,N/A
0,4294967295,3627,46,FusedInferAttentionScore,FusedInferAttentionScore,dynamic,MIX_AIC,1790613010397128.679	,18.400,13.230000,24,48,NO,"""10,14,64;10,2,64;10,2,64;;2048,2048;1;1;;;;;;;;;;;;;;;;;;;;;;;;""",DT_BF16;DT_BF16;DT_BF16;DT_UNDEFINED;INT8;INT64;INT64;DT_UNDEFINED;DT_UNDEFINED;DT_UNDEFINED;DT_UNDEFINED;DT_UNDEFINED;DT_UNDEFINED;DT_UNDEFINED;DT_UNDEFINED;DT_UNDEFINED;DT_UNDEFINED;DT_UNDEFINED;DT_UNDEFINED;DT_UNDEFINED;DT_UNDEFINED;DT_UNDEFINED;DT_UNDEFINED;DT_UNDEFINED;DT_UNDEFINED;DT_UNDEFINED;DT_UNDEFINED;DT_UNDEFINED;DT_UNDEFINED;DT_UNDEFINED;DT_UNDEFINED,ND;ND;ND;NULL;ND;ND;ND;NULL;NULL;NULL;NULL;NULL;NULL;NULL;NULL;NULL;NULL;NULL;NULL;NULL;NULL;NULL;NULL;NULL;NULL;NULL;NULL;NULL;NULL;NULL;NULL,"""10,14,64;""",DT_BF16;FLOAT,ND;ND,0
0,4294967295,3629,46,aclnnMatmul_MatMulCommon_MatMulV2,MatMulV2,dynamic,AI_CORE,1790613010397585.397	,5.740,438.350000,19,0,NO,"""10,896;896,896""",DT_BF16;DT_BF16,ND;ND,"""10,896""",DT_BF16,ND,N/A
0,4294967295,3630,46,AddRmsNormBias,AddRmsNormBias,dynamic,AI_VECTOR_CORE,1790613010397761.604	,3.000,170.260000,10,0,NO,"""10,896;10,896;896;""",DT_BF16;DT_BF16;DT_BF16;DT_UNDEFINED,ND;ND;ND;NULL,"""10,896;10,1;10,896""",DT_BF16;FLOAT;DT_BF16,ND;ND;ND,N/A
0,4294967295,3631,46,aclnnMatmul_MatMulCommon_MatMulV2,MatMulV2,dynamic,AI_CORE,1790613010397932.831	,18.981,168.250000,22,0,NO,"""10,896;9728,896""",DT_BF16;DT_BF16,ND;ND,"""10,9728""",DT_BF16,ND,N/A
0,4294967295,3632,46,SwiGlu,SwiGlu,dynamic,AI_VECTOR_CORE,1790613010398064.956	,5.020,113.269000,10,0,NO,"""10,9728""",DT_BF16,ND,"""10,4864""",DT_BF16,ND,N/A
0,4294967295,3633,46,aclnnMatmul_MatMulCommon_MatMulV2,MatMulV2,dynamic,AI_CORE,1790613010398217.782	,16.481,147.730000,19,0,NO,"""10,4864;896,4864""",DT_BF16;DT_BF16,ND;ND,"""10,896""",DT_BF16,ND,N/A
0,4294967295,3634,46,AddRmsNormBias,AddRmsNormBias,dynamic,AI_VECTOR_CORE,1790613010398396.809	,3.221,162.519000,10,0,NO,"""10,896;10,896;896;""",DT_BF16;DT_BF16;DT_BF16;DT_UNDEFINED,ND;ND;ND;NULL,"""10,896;10,1;10,896""",DT_BF16;FLOAT;DT_BF16,ND;ND;ND,N/A
0,4294967295,3635,46,aclnnAddmm_CastAiCore_Cast,Cast,dynamic,AI_VECTOR_CORE,1790613010398554.296	,1.160,154.279000,2,0,NO,"""1152""",DT_BF16,ND,"""1152""",FLOAT,ND,N/A
0,4294967295,3636,46,aclnnAddmm_MatMulCommon_MatMulV2,MatMulV2,dynamic,AI_CORE,1790613010398557.816	,7.160,2.340000,24,0,NO,"""10,896;1152,896;1152""",DT_BF16;DT_BF16;FLOAT,ND;ND;ND,"""10,1152""",DT_BF16,ND,N/A
0,4294967295,3637,46,aclnnInplaceCopy_SliceAiCore_Slice,Slice,dynamic,AI_VECTOR_CORE,1790613010398728.983	,2.300,164.090000,10,0,NO,"""10,18,64;3;3""",DT_BF16;INT64;INT64,NCL;ND;ND,"""10,14,64""",DT_BF16,NCL,N/A
0,4294967295,3638,46,aclnnInplaceCopy_SliceAiCore_Slice,Slice,dynamic,AI_VECTOR_CORE,1790613010398731.303	,2.460,0.000000,10,0,NO,"""10,18,64;3;3""",DT_BF16;INT64;INT64,NCL;ND;ND,"""10,2,64""",DT_BF16,NCL,N/A
0,4294967295,3639,46,_triton_rope,_triton_rope,static,AI_VECTOR_CORE,1790613010399442.511	,4.460,708.790000,10,0,YES,"""10,14,64;10,2,64;32768,64""",DT_BF16;32590;DT_BF16,ND;ND;ND,"""10,14,64;10,2,64""",DT_BF16;32590,ND;ND,N/A
0,4294967295,3640,46,aclnnInplaceCopy_SliceAiCore_Slice,Slice,dynamic,AI_VECTOR_CORE,1790613010400103.418	,2.400,656.540000,10,0,NO,"""10,18,64;3;3""",DT_BF16;INT64;INT64,NCL;ND;ND,"""10,2,64""",DT_BF16,NCL,N/A
0,4294967295,3641,46,ReshapeAndCacheNdKernel,ReshapeAndCacheNdKernel,dynamic,AI_VECTOR_CORE,1790613010400127.319	,2.760,21.350000,10,0,NO,"""10,2,64;10,2,64;11823,128,2,64;11823,128,2,64;10""",DT_BF16;DT_BF16;DT_BF16;DT_BF16;INT32,ND;ND;ND;ND;ND,"""11823,128,2,64;11823,128,2,64""",DT_BF16;DT_BF16,ND;ND,N/A
0,4294967295,3642,46,aclnnContiguous_SliceAiCore_Slice,Slice,dynamic,AI_VECTOR_CORE,1790613010400578.417	,1.580,448.490000,10,0,NO,"""10,18,64;3;3""",DT_BF16;INT64;INT64,NCL;ND;ND,"""10,2,64""",DT_BF16,NCL,N/A
0,4294967295,3643,46,FusedInferAttentionScore,FusedInferAttentionScore,dynamic,MIX_AIC,1790613010400585.917	,23.801,5.920000,24,48,NO,"""10,14,64;10,2,64;10,2,64;;2048,2048;1;1;;;;;;;;;;;;;;;;;;;;;;;;""",DT_BF16;DT_BF16;DT_BF16;DT_UNDEFINED;INT8;INT64;INT64;DT_UNDEFINED;DT_UNDEFINED;DT_UNDEFINED;DT_UNDEFINED;DT_UNDEFINED;DT_UNDEFINED;DT_UNDEFINED;DT_UNDEFINED;DT_UNDEFINED;DT_UNDEFINED;DT_UNDEFINED;DT_UNDEFINED;DT_UNDEFINED;DT_UNDEFINED;DT_UNDEFINED;DT_UNDEFINED;DT_UNDEFINED;DT_UNDEFINED;DT_UNDEFINED;DT_UNDEFINED;DT_UNDEFINED;DT_UNDEFINED;DT_UNDEFINED;DT_UNDEFINED,ND;ND;ND;NULL;ND;ND;ND;NULL;NULL;NULL;NULL;NULL;NULL;NULL;NULL;NULL;NULL;NULL;NULL;NULL;NULL;NULL;NULL;NULL;NULL;NULL;NULL;NULL;NULL;NULL;NULL,"""10,14,64;""",DT_BF16;FLOAT,ND;ND,0
0,4294967295,3645,46,aclnnMatmul_MatMulCommon_MatMulV2,MatMulV2,dynamic,AI_CORE,1790613010401057.376	,5.640,447.699000,19,0,NO,"""10,896;896,896""",DT_BF16;DT_BF16,ND;ND,"""10,896""",DT_BF16,ND,N/A
0,4294967295,3646,46,AddRmsNormBias,AddRmsNormBias,dynamic,AI_VECTOR_CORE,1790613010401237.923	,3.300,174.860000,10,0,NO,"""10,896;10,896;896;""",DT_BF16;DT_BF16;DT_BF16;DT_UNDEFINED,ND;ND;ND;NULL,"""10,896;10,1;10,896""",DT_BF16;FLOAT;DT_BF16,ND;ND;ND,N/A
0,4294967295,3647,46,aclnnMatmul_MatMulCommon_MatMulV2,MatMulV2,dynamic,AI_CORE,1790613010401397.109	,19.781,155.700000,22,0,NO,"""10,896;9728,896""",DT_BF16;DT_BF16,ND;ND,"""10,9728""",DT_BF16,ND,N/A
0,4294967295,3648,46,SwiGlu,SwiGlu,dynamic,AI_VECTOR_CORE,1790613010401528.275	,4.900,111.469000,10,0,NO,"""10,9728""",DT_BF16,ND,"""10,4864""",DT_BF16,ND,N/A
0,4294967295,3649,46,aclnnMatmul_MatMulCommon_MatMulV2,MatMulV2,dynamic,AI_CORE,1790613010401676.081	,16.220,142.850000,19,0,NO,"""10,4864;896,4864""",DT_BF16;DT_BF16,ND;ND,"""10,896""",DT_BF16,ND,N/A
0,4294967295,3650,46,AddRmsNormBias,AddRmsNormBias,dynamic,AI_VECTOR_CORE,1790613010401849.287	,3.341,157.030000,10,0,NO,"""10,896;10,896;896;""",DT_BF16;DT_BF16;DT_BF16;DT_UNDEFINED,ND;ND;ND;NULL,"""10,896;10,1;10,896""",DT_BF16;FLOAT;DT_BF16,ND;ND;ND,N/A
0,4294967295,3651,46,aclnnAddmm_CastAiCore_Cast,Cast,dynamic,AI_VECTOR_CORE,1790613010402004.294	,1.240,151.659000,2,0,NO,"""1152""",DT_BF16,ND,"""1152""",FLOAT,ND,N/A
0,4294967295,3652,46,aclnnAddmm_MatMulCommon_MatMulV2,MatMulV2,dynamic,AI_CORE,1790613010402007.034	,6.840,1.510000,24,0,NO,"""10,896;1152,896;1152""",DT_BF16;DT_BF16;FLOAT,ND;ND;ND,"""10,1152""",DT_BF16,ND,N/A
0,4294967295,3653,46,aclnnInplaceCopy_SliceAiCore_Slice,Slice,dynamic,AI_VECTOR_CORE,1790613010402184.661	,2.320,170.910000,10,0,NO,"""10,18,64;3;3""",DT_BF16;INT64;INT64,NCL;ND;ND,"""10,14,64""",DT_BF16,NCL,N/A
0,4294967295,3654,46,aclnnInplaceCopy_SliceAiCore_Slice,Slice,dynamic,AI_VECTOR_CORE,1790613010402187.881	,2.400,0.930000,10,0,NO,"""10,18,64;3;3""",DT_BF16;INT64;INT64,NCL;ND;ND,"""10,2,64""",DT_BF16,NCL,N/A
0,4294967295,3655,46,_triton_rope,_triton_rope,static,AI_VECTOR_CORE,1790613010402898.349	,4.501,707.850000,10,0,YES,"""10,14,64;10,2,64;32768,64""",DT_BF16;32590;DT_BF16,ND;ND;ND,"""10,14,64;10,2,64""",DT_BF16;32590,ND;ND,N/A
0,4294967295,3656,46,aclnnInplaceCopy_SliceAiCore_Slice,Slice,dynamic,AI_VECTOR_CORE,1790613010403567.056	,2.840,664.249000,10,0,NO,"""10,18,64;3;3""",DT_BF16;INT64;INT64,NCL;ND;ND,"""10,2,64""",DT_BF16,NCL,N/A
0,4294967295,3657,46,ReshapeAndCacheNdKernel,ReshapeAndCacheNdKernel,dynamic,AI_VECTOR_CORE,1790613010403588.537	,2.860,18.660000,10,0,NO,"""10,2,64;10,2,64;11823,128,2,64;11823,128,2,64;10""",DT_BF16;DT_BF16;DT_BF16;DT_BF16;INT32,ND;ND;ND;ND;ND,"""11823,128,2,64;11823,128,2,64""",DT_BF16;DT_BF16,ND;ND,N/A
0,4294967295,3658,46,aclnnContiguous_SliceAiCore_Slice,Slice,dynamic,AI_VECTOR_CORE,1790613010404047.435	,1.500,456.140000,10,0,NO,"""10,18,64;3;3""",DT_BF16;INT64;INT64,NCL;ND;ND,"""10,2,64""",DT_BF16,NCL,N/A
0,4294967295,3659,46,FusedInferAttentionScore,FusedInferAttentionScore,dynamic,MIX_AIC,1790613010404059.296	,20.361,10.250000,24,48,NO,"""10,14,64;10,2,64;10,2,64;;2048,2048;1;1;;;;;;;;;;;;;;;;;;;;;;;;""",DT_BF16;DT_BF16;DT_BF16;DT_UNDEFINED;INT8;INT64;INT64;DT_UNDEFINED;DT_UNDEFINED;DT_UNDEFINED;DT_UNDEFINED;DT_UNDEFINED;DT_UNDEFINED;DT_UNDEFINED;DT_UNDEFINED;DT_UNDEFINED;DT_UNDEFINED;DT_UNDEFINED;DT_UNDEFINED;DT_UNDEFINED;DT_UNDEFINED;DT_UNDEFINED;DT_UNDEFINED;DT_UNDEFINED;DT_UNDEFINED;DT_UNDEFINED;DT_UNDEFINED;DT_UNDEFINED;DT_UNDEFINED;DT_UNDEFINED;DT_UNDEFINED,ND;ND;ND;NULL;ND;ND;ND;NULL;NULL;NULL;NULL;NULL;NULL;NULL;NULL;NULL;NULL;NULL;NULL;NULL;NULL;NULL;NULL;NULL;NULL;NULL;NULL;NULL;NULL;NULL;NULL,"""10,14,64;""",DT_BF16;FLOAT,ND;ND,0
0,4294967295,3661,46,aclnnMatmul_MatMulCommon_MatMulV2,MatMulV2,dynamic,AI_CORE,1790613010404523.254	,5.321,443.639000,19,0,NO,"""10,896;896,896""",DT_BF16;DT_BF16,ND;ND,"""10,896""",DT_BF16,ND,N/A
0,4294967295,3662,46,AddRmsNormBias,AddRmsNormBias,dynamic,AI_VECTOR_CORE,1790613010404698.681	,3.120,170.179000,10,0,NO,"""10,896;10,896;896;""",DT_BF16;DT_BF16;DT_BF16;DT_UNDEFINED,ND;ND;ND;NULL,"""10,896;10,1;10,896""",DT_BF16;FLOAT;DT_BF16,ND;ND;ND,N/A
0,4294967295,3663,46,aclnnMatmul_MatMulCommon_MatMulV2,MatMulV2,dynamic,AI_CORE,1790613010404848.627	,19.241,146.880000,22,0,NO,"""10,896;9728,896""",DT_BF16;DT_BF16,ND;ND,"""10,9728""",DT_BF16,ND,N/A
0,4294967295,3664,46,SwiGlu,SwiGlu,dynamic,AI_VECTOR_CORE,1790613010404970.372	,5.061,102.259000,10,0,NO,"""10,9728""",DT_BF16,ND,"""10,4864""",DT_BF16,ND,N/A
0,4294967295,3665,46,aclnnMatmul_MatMulCommon_MatMulV2,MatMulV2,dynamic,AI_CORE,1790613010405130.399	,16.560,155.189000,19,0,NO,"""10,4864;896,4864""",DT_BF16;DT_BF16,ND;ND,"""10,896""",DT_BF16,ND,N/A
0,4294967295,3666,46,AddRmsNormBias,AddRmsNormBias,dynamic,AI_VECTOR_CORE,1790613010405325.087	,3.200,177.940000,10,0,NO,"""10,896;10,896;896;""",DT_BF16;DT_BF16;DT_BF16;DT_UNDEFINED,ND;ND;ND;NULL,"""10,896;10,1;10,896""",DT_BF16;FLOAT;DT_BF16,ND;ND;ND,N/A
0,4294967295,3667,46,aclnnAddmm_CastAiCore_Cast,Cast,dynamic,AI_VECTOR_CORE,1790613010405484.953	,1.120,156.800000,2,0,NO,"""1152""",DT_BF16,ND,"""1152""",FLOAT,ND,N/A
0,4294967295,3668,46,aclnnAddmm_MatMulCommon_MatMulV2,MatMulV2,dynamic,AI_CORE,1790613010405487.533	,7.360,1.380000,24,0,NO,"""10,896;1152,896;1152""",DT_BF16;DT_BF16;FLOAT,ND;ND;ND,"""10,1152""",DT_BF16,ND,N/A
0,4294967295,3669,46,aclnnInplaceCopy_SliceAiCore_Slice,Slice,dynamic,AI_VECTOR_CORE,1790613010405658.620	,2.380,163.640000,10,0,NO,"""10,18,64;3;3""",DT_BF16;INT64;INT64,NCL;ND;ND,"""10,14,64""",DT_BF16,NCL,N/A
0,4294967295,3670,46,aclnnInplaceCopy_SliceAiCore_Slice,Slice,dynamic,AI_VECTOR_CORE,1790613010405661.020	,2.460,0.120000,10,0,NO,"""10,18,64;3;3""",DT_BF16;INT64;INT64,NCL;ND;ND,"""10,2,64""",DT_BF16,NCL,N/A
0,4294967295,3671,46,_triton_rope,_triton_rope,static,AI_VECTOR_CORE,1790613010406358.828	,4.540,695.290000,10,0,YES,"""10,14,64;10,2,64;32768,64""",DT_BF16;32590;DT_BF16,ND;ND;ND,"""10,14,64;10,2,64""",DT_BF16;32590,ND;ND,N/A
0,4294967295,3672,46,aclnnInplaceCopy_SliceAiCore_Slice,Slice,dynamic,AI_VECTOR_CORE,1790613010407035.615	,2.280,672.210000,10,0,NO,"""10,18,64;3;3""",DT_BF16;INT64;INT64,NCL;ND;ND,"""10,2,64""",DT_BF16,NCL,N/A
0,4294967295,3673,46,ReshapeAndCacheNdKernel,ReshapeAndCacheNdKernel,dynamic,AI_VECTOR_CORE,1790613010407059.396	,2.900,21.720000,10,0,NO,"""10,2,64;10,2,64;11823,128,2,64;11823,128,2,64;10""",DT_BF16;DT_BF16;DT_BF16;DT_BF16;INT32,ND;ND;ND;ND;ND,"""11823,128,2,64;11823,128,2,64""",DT_BF16;DT_BF16,ND;ND,N/A
0,4294967295,3674,46,aclnnContiguous_SliceAiCore_Slice,Slice,dynamic,AI_VECTOR_CORE,1790613010407530.215	,1.560,467.850000,10,0,NO,"""10,18,64;3;3""",DT_BF16;INT64;INT64,NCL;ND;ND,"""10,2,64""",DT_BF16,NCL,N/A
0,4294967295,3675,46,FusedInferAttentionScore,FusedInferAttentionScore,dynamic,MIX_AIC,1790613010407540.095	,20.241,8.190000,24,48,NO,"""10,14,64;10,2,64;10,2,64;;2048,2048;1;1;;;;;;;;;;;;;;;;;;;;;;;;""",DT_BF16;DT_BF16;DT_BF16;DT_UNDEFINED;INT8;INT64;INT64;DT_UNDEFINED;DT_UNDEFINED;DT_UNDEFINED;DT_UNDEFINED;DT_UNDEFINED;DT_UNDEFINED;DT_UNDEFINED;DT_UNDEFINED;DT_UNDEFINED;DT_UNDEFINED;DT_UNDEFINED;DT_UNDEFINED;DT_UNDEFINED;DT_UNDEFINED;DT_UNDEFINED;DT_UNDEFINED;DT_UNDEFINED;DT_UNDEFINED;DT_UNDEFINED;DT_UNDEFINED;DT_UNDEFINED;DT_UNDEFINED;DT_UNDEFINED;DT_UNDEFINED,ND;ND;ND;NULL;ND;ND;ND;NULL;NULL;NULL;NULL;NULL;NULL;NULL;NULL;NULL;NULL;NULL;NULL;NULL;NULL;NULL;NULL;NULL;NULL;NULL;NULL;NULL;NULL;NULL;NULL,"""10,14,64;""",DT_BF16;FLOAT,ND;ND,0
0,4294967295,3677,46,aclnnMatmul_MatMulCommon_MatMulV2,MatMulV2,dynamic,AI_CORE,1790613010408009.994	,5.580,449.759000,19,0,NO,"""10,896;896,896""",DT_BF16;DT_BF16,ND;ND,"""10,896""",DT_BF16,ND,N/A
0,4294967295,3678,46,AddRmsNormBias,AddRmsNormBias,dynamic,AI_VECTOR_CORE,1790613010408193.241	,3.200,177.670000,10,0,NO,"""10,896;10,896;896;""",DT_BF16;DT_BF16;DT_BF16;DT_UNDEFINED,ND;ND;ND;NULL,"""10,896;10,1;10,896""",DT_BF16;FLOAT;DT_BF16,ND;ND;ND,N/A
0,4294967295,3679,46,aclnnMatmul_MatMulCommon_MatMulV2,MatMulV2,dynamic,AI_CORE,1790613010408351.887	,20.621,155.550000,22,0,NO,"""10,896;9728,896""",DT_BF16;DT_BF16,ND;ND,"""10,9728""",DT_BF16,ND,N/A
0,4294967295,3680,46,SwiGlu,SwiGlu,dynamic,AI_VECTOR_CORE,1790613010408478.633	,5.120,106.129000,10,0,NO,"""10,9728""",DT_BF16,ND,"""10,4864""",DT_BF16,ND,N/A
0,4294967295,3681,46,aclnnMatmul_MatMulCommon_MatMulV2,MatMulV2,dynamic,AI_CORE,1790613010408621.678	,16.281,137.880000,19,0,NO,"""10,4864;896,4864""",DT_BF16;DT_BF16,ND;ND,"""10,896""",DT_BF16,ND,N/A
0,4294967295,3682,46,AddRmsNormBias,AddRmsNormBias,dynamic,AI_VECTOR_CORE,1790613010408791.925	,3.080,153.969000,10,0,NO,"""10,896;10,896;896;""",DT_BF16;DT_BF16;DT_BF16;DT_UNDEFINED,ND;ND;ND;NULL,"""10,896;10,1;10,896""",DT_BF16;FLOAT;DT_BF16,ND;ND;ND,N/A
0,4294967295,3683,46,aclnnAddmm_CastAiCore_Cast,Cast,dynamic,AI_VECTOR_CORE,1790613010408941.131	,1.160,146.170000,2,0,NO,"""1152""",DT_BF16,ND,"""1152""",FLOAT,ND,N/A
0,4294967295,3684,46,aclnnAddmm_MatMulCommon_MatMulV2,MatMulV2,dynamic,AI_CORE,1790613010408943.551	,6.840,1.090000,24,0,NO,"""10,896;1152,896;1152""",DT_BF16;DT_BF16;FLOAT,ND;ND;ND,"""10,1152""",DT_BF16,ND,N/A
0,4294967295,3685,46,aclnnInplaceCopy_SliceAiCore_Slice,Slice,dynamic,AI_VECTOR_CORE,1790613010409114.558	,2.820,164.160000,10,0,NO,"""10,18,64;3;3""",DT_BF16;INT64;INT64,NCL;ND;ND,"""10,14,64""",DT_BF16,NCL,N/A
0,4294967295,3686,46,aclnnInplaceCopy_SliceAiCore_Slice,Slice,dynamic,AI_VECTOR_CORE,1790613010409117.978	,2.400,0.680000,10,0,NO,"""10,18,64;3;3""",DT_BF16;INT64;INT64,NCL;ND;ND,"""10,2,64""",DT_BF16,NCL,N/A
0,4294967295,3687,46,_triton_rope,_triton_rope,static,AI_VECTOR_CORE,1790613010409851.727	,4.521,731.350000,10,0,YES,"""10,14,64;10,2,64;32768,64""",DT_BF16;32590;DT_BF16,ND;ND;ND,"""10,14,64;10,2,64""",DT_BF16;32590,ND;ND,N/A
0,4294967295,3688,46,aclnnInplaceCopy_SliceAiCore_Slice,Slice,dynamic,AI_VECTOR_CORE,1790613010410507.294	,2.400,650.979000,10,0,NO,"""10,18,64;3;3""",DT_BF16;INT64;INT64,NCL;ND;ND,"""10,2,64""",DT_BF16,NCL,N/A
0,4294967295,3689,46,ReshapeAndCacheNdKernel,ReshapeAndCacheNdKernel,dynamic,AI_VECTOR_CORE,1790613010410530.535	,3.360,20.850000,10,0,NO,"""10,2,64;10,2,64;11823,128,2,64;11823,128,2,64;10""",DT_BF16;DT_BF16;DT_BF16;DT_BF16;INT32,ND;ND;ND;ND;ND,"""11823,128,2,64;11823,128,2,64""",DT_BF16;DT_BF16,ND;ND,N/A
0,4294967295,3690,46,aclnnContiguous_SliceAiCore_Slice,Slice,dynamic,AI_VECTOR_CORE,1790613010411011.594	,1.460,477.640000,10,0,NO,"""10,18,64;3;3""",DT_BF16;INT64;INT64,NCL;ND;ND,"""10,2,64""",DT_BF16,NCL,N/A
0,4294967295,3691,46,FusedInferAttentionScore,FusedInferAttentionScore,dynamic,MIX_AIC,1790613010411020.014	,19.081,7.040000,24,48,NO,"""10,14,64;10,2,64;10,2,64;;2048,2048;1;1;;;;;;;;;;;;;;;;;;;;;;;;""",DT_BF16;DT_BF16;DT_BF16;DT_UNDEFINED;INT8;INT64;INT64;DT_UNDEFINED;DT_UNDEFINED;DT_UNDEFINED;DT_UNDEFINED;DT_UNDEFINED;DT_UNDEFINED;DT_UNDEFINED;DT_UNDEFINED;DT_UNDEFINED;DT_UNDEFINED;DT_UNDEFINED;DT_UNDEFINED;DT_UNDEFINED;DT_UNDEFINED;DT_UNDEFINED;DT_UNDEFINED;DT_UNDEFINED;DT_UNDEFINED;DT_UNDEFINED;DT_UNDEFINED;DT_UNDEFINED;DT_UNDEFINED;DT_UNDEFINED;DT_UNDEFINED,ND;ND;ND;NULL;ND;ND;ND;NULL;NULL;NULL;NULL;NULL;NULL;NULL;NULL;NULL;NULL;NULL;NULL;NULL;NULL;NULL;NULL;NULL;NULL;NULL;NULL;NULL;NULL;NULL;NULL,"""10,14,64;""",DT_BF16;FLOAT,ND;ND,0
0,4294967295,3693,46,aclnnMatmul_MatMulCommon_MatMulV2,MatMulV2,dynamic,AI_CORE,1790613010411484.333	,5.620,445.169000,19,0,NO,"""10,896;896,896""",DT_BF16;DT_BF16,ND;ND,"""10,896""",DT_BF16,ND,N/A
0,4294967295,3694,46,AddRmsNormBias,AddRmsNormBias,dynamic,AI_VECTOR_CORE,1790613010411658.940	,3.020,169.130000,10,0,NO,"""10,896;10,896;896;""",DT_BF16;DT_BF16;DT_BF16;DT_UNDEFINED,ND;ND;ND;NULL,"""10,896;10,1;10,896""",DT_BF16;FLOAT;DT_BF16,ND;ND;ND,N/A
0,4294967295,3695,46,aclnnMatmul_MatMulCommon_MatMulV2,MatMulV2,dynamic,AI_CORE,1790613010411814.206	,21.841,152.230000,22,0,NO,"""10,896;9728,896""",DT_BF16;DT_BF16,ND;ND,"""10,9728""",DT_BF16,ND,N/A
0,4294967295,3696,46,SwiGlu,SwiGlu,dynamic,AI_VECTOR_CORE,1790613010411944.271	,4.920,108.159000,10,0,NO,"""10,9728""",DT_BF16,ND,"""10,4864""",DT_BF16,ND,N/A
0,4294967295,3697,46,aclnnMatmul_MatMulCommon_MatMulV2,MatMulV2,dynamic,AI_CORE,1790613010412092.137	,16.581,143.080000,19,0,NO,"""10,4864;896,4864""",DT_BF16;DT_BF16,ND;ND,"""10,896""",DT_BF16,ND,N/A
0,4294967295,3698,46,AddRmsNormBias,AddRmsNormBias,dynamic,AI_VECTOR_CORE,1790613010412271.944	,3.300,163.169000,10,0,NO,"""10,896;10,896;896;""",DT_BF16;DT_BF16;DT_BF16;DT_UNDEFINED,ND;ND;ND;NULL,"""10,896;10,1;10,896""",DT_BF16;FLOAT;DT_BF16,ND;ND;ND,N/A
0,4294967295,3699,46,aclnnAddmm_CastAiCore_Cast,Cast,dynamic,AI_VECTOR_CORE,1790613010412426.470	,1.220,151.200000,2,0,NO,"""1152""",DT_BF16,ND,"""1152""",FLOAT,ND,N/A
0,4294967295,3700,46,aclnnAddmm_MatMulCommon_MatMulV2,MatMulV2,dynamic,AI_CORE,1790613010412428.791	,7.420,1.030000,24,0,NO,"""10,896;1152,896;1152""",DT_BF16;DT_BF16;FLOAT,ND;ND;ND,"""10,1152""",DT_BF16,ND,N/A
0,4294967295,3701,46,aclnnInplaceCopy_SliceAiCore_Slice,Slice,dynamic,AI_VECTOR_CORE,1790613010412597.957	,2.480,161.830000,10,0,NO,"""10,18,64;3;3""",DT_BF16;INT64;INT64,NCL;ND;ND,"""10,14,64""",DT_BF16,NCL,N/A
0,4294967295,3702,46,aclnnInplaceCopy_SliceAiCore_Slice,Slice,dynamic,AI_VECTOR_CORE,1790613010412600.477	,2.380,0.020000,10,0,NO,"""10,18,64;3;3""",DT_BF16;INT64;INT64,NCL;ND;ND,"""10,2,64""",DT_BF16,NCL,N/A
0,4294967295,3703,46,_triton_rope,_triton_rope,static,AI_VECTOR_CORE,1790613010413318.466	,5.000,715.620000,10,0,YES,"""10,14,64;10,2,64;32768,64""",DT_BF16;32590;DT_BF16,ND;ND;ND,"""10,14,64;10,2,64""",DT_BF16;32590,ND;ND,N/A
0,4294967295,3704,46,aclnnInplaceCopy_SliceAiCore_Slice,Slice,dynamic,AI_VECTOR_CORE,1790613010413990.873	,2.360,667.250000,10,0,NO,"""10,18,64;3;3""",DT_BF16;INT64;INT64,NCL;ND;ND,"""10,2,64""",DT_BF16,NCL,N/A
0,4294967295,3705,46,ReshapeAndCacheNdKernel,ReshapeAndCacheNdKernel,dynamic,AI_VECTOR_CORE,1790613010414009.994	,3.140,16.890000,10,0,NO,"""10,2,64;10,2,64;11823,128,2,64;11823,128,2,64;10""",DT_BF16;DT_BF16;DT_BF16;DT_BF16;INT32,ND;ND;ND;ND;ND,"""11823,128,2,64;11823,128,2,64""",DT_BF16;DT_BF16,ND;ND,N/A
0,4294967295,3706,46,aclnnContiguous_SliceAiCore_Slice,Slice,dynamic,AI_VECTOR_CORE,1790613010414478.232	,1.561,465.110000,10,0,NO,"""10,18,64;3;3""",DT_BF16;INT64;INT64,NCL;ND;ND,"""10,2,64""",DT_BF16,NCL,N/A
0,4294967295,3707,46,FusedInferAttentionScore,FusedInferAttentionScore,dynamic,MIX_AIC,1790613010414490.253	,23.141,10.439000,24,48,NO,"""10,14,64;10,2,64;10,2,64;;2048,2048;1;1;;;;;;;;;;;;;;;;;;;;;;;;""",DT_BF16;DT_BF16;DT_BF16;DT_UNDEFINED;INT8;INT64;INT64;DT_UNDEFINED;DT_UNDEFINED;DT_UNDEFINED;DT_UNDEFINED;DT_UNDEFINED;DT_UNDEFINED;DT_UNDEFINED;DT_UNDEFINED;DT_UNDEFINED;DT_UNDEFINED;DT_UNDEFINED;DT_UNDEFINED;DT_UNDEFINED;DT_UNDEFINED;DT_UNDEFINED;DT_UNDEFINED;DT_UNDEFINED;DT_UNDEFINED;DT_UNDEFINED;DT_UNDEFINED;DT_UNDEFINED;DT_UNDEFINED;DT_UNDEFINED;DT_UNDEFINED,ND;ND;ND;NULL;ND;ND;ND;NULL;NULL;NULL;NULL;NULL;NULL;NULL;NULL;NULL;NULL;NULL;NULL;NULL;NULL;NULL;NULL;NULL;NULL;NULL;NULL;NULL;NULL;NULL;NULL,"""10,14,64;""",DT_BF16;FLOAT,ND;ND,0
0,4294967295,3709,46,aclnnMatmul_MatMulCommon_MatMulV2,MatMulV2,dynamic,AI_CORE,1790613010414966.812	,5.620,453.359000,19,0,NO,"""10,896;896,896""",DT_BF16;DT_BF16,ND;ND,"""10,896""",DT_BF16,ND,N/A
0,4294967295,3710,46,AddRmsNormBias,AddRmsNormBias,dynamic,AI_VECTOR_CORE,1790613010415150.319	,3.240,177.880000,10,0,NO,"""10,896;10,896;896;""",DT_BF16;DT_BF16;DT_BF16;DT_UNDEFINED,ND;ND;ND;NULL,"""10,896;10,1;10,896""",DT_BF16;FLOAT;DT_BF16,ND;ND;ND,N/A
0,4294967295,3711,46,aclnnMatmul_MatMulCommon_MatMulV2,MatMulV2,dynamic,AI_CORE,1790613010415310.706	,19.861,157.260000,22,0,NO,"""10,896;9728,896""",DT_BF16;DT_BF16,ND;ND,"""10,9728""",DT_BF16,ND,N/A
0,4294967295,3712,46,SwiGlu,SwiGlu,dynamic,AI_VECTOR_CORE,1790613010415435.871	,5.040,105.139000,10,0,NO,"""10,9728""",DT_BF16,ND,"""10,4864""",DT_BF16,ND,N/A
0,4294967295,3713,46,aclnnMatmul_MatMulCommon_MatMulV2,MatMulV2,dynamic,AI_CORE,1790613010415578.616	,16.421,137.710000,19,0,NO,"""10,4864;896,4864""",DT_BF16;DT_BF16,ND;ND,"""10,896""",DT_BF16,ND,N/A
0,4294967295,3714,46,AddRmsNormBias,AddRmsNormBias,dynamic,AI_VECTOR_CORE,1790613010415749.183	,3.120,154.329000,10,0,NO,"""10,896;10,896;896;""",DT_BF16;DT_BF16;DT_BF16;DT_UNDEFINED,ND;ND;ND;NULL,"""10,896;10,1;10,896""",DT_BF16;FLOAT;DT_BF16,ND;ND;ND,N/A
0,4294967295,3715,46,aclnnAddmm_CastAiCore_Cast,Cast,dynamic,AI_VECTOR_CORE,1790613010415901.689	,1.100,149.380000,2,0,NO,"""1152""",DT_BF16,ND,"""1152""",FLOAT,ND,N/A
0,4294967295,3716,46,aclnnAddmm_MatMulCommon_MatMulV2,MatMulV2,dynamic,AI_CORE,1790613010415904.269	,7.141,1.400000,24,0,NO,"""10,896;1152,896;1152""",DT_BF16;DT_BF16;FLOAT,ND;ND;ND,"""10,1152""",DT_BF16,ND,N/A
0,4294967295,3717,46,aclnnInplaceCopy_SliceAiCore_Slice,Slice,dynamic,AI_VECTOR_CORE,1790613010416077.056	,2.260,165.609000,10,0,NO,"""10,18,64;3;3""",DT_BF16;INT64;INT64,NCL;ND;ND,"""10,14,64""",DT_BF16,NCL,N/A
0,4294967295,3718,46,aclnnInplaceCopy_SliceAiCore_Slice,Slice,dynamic,AI_VECTOR_CORE,1790613010416079.336	,2.461,0.000000,10,0,NO,"""10,18,64;3;3""",DT_BF16;INT64;INT64,NCL;ND;ND,"""10,2,64""",DT_BF16,NCL,N/A
0,4294967295,3719,46,_triton_rope,_triton_rope,static,AI_VECTOR_CORE,1790613010416797.725	,4.400,716.039000,10,0,YES,"""10,14,64;10,2,64;32768,64""",DT_BF16;32590;DT_BF16,ND;ND;ND,"""10,14,64;10,2,64""",DT_BF16;32590,ND;ND,N/A
0,4294967295,3720,46,aclnnInplaceCopy_SliceAiCore_Slice,Slice,dynamic,AI_VECTOR_CORE,1790613010417470.472	,2.440,668.350000,10,0,NO,"""10,18,64;3;3""",DT_BF16;INT64;INT64,NCL;ND;ND,"""10,2,64""",DT_BF16,NCL,N/A
0,4294967295,3721,46,ReshapeAndCacheNdKernel,ReshapeAndCacheNdKernel,dynamic,AI_VECTOR_CORE,1790613010417491.913	,3.080,19.060000,10,0,NO,"""10,2,64;10,2,64;11823,128,2,64;11823,128,2,64;10""",DT_BF16;DT_BF16;DT_BF16;DT_BF16;INT32,ND;ND;ND;ND;ND,"""11823,128,2,64;11823,128,2,64""",DT_BF16;DT_BF16,ND;ND,N/A
0,4294967295,3722,46,aclnnContiguous_SliceAiCore_Slice,Slice,dynamic,AI_VECTOR_CORE,1790613010417953.391	,1.600,458.420000,10,0,NO,"""10,18,64;3;3""",DT_BF16;INT64;INT64,NCL;ND;ND,"""10,2,64""",DT_BF16,NCL,N/A
0,4294967295,3723,46,FusedInferAttentionScore,FusedInferAttentionScore,dynamic,MIX_AIC,1790613010417964.952	,20.241,9.900000,24,48,NO,"""10,14,64;10,2,64;10,2,64;;2048,2048;1;1;;;;;;;;;;;;;;;;;;;;;;;;""",DT_BF16;DT_BF16;DT_BF16;DT_UNDEFINED;INT8;INT64;INT64;DT_UNDEFINED;DT_UNDEFINED;DT_UNDEFINED;DT_UNDEFINED;DT_UNDEFINED;DT_UNDEFINED;DT_UNDEFINED;DT_UNDEFINED;DT_UNDEFINED;DT_UNDEFINED;DT_UNDEFINED;DT_UNDEFINED;DT_UNDEFINED;DT_UNDEFINED;DT_UNDEFINED;DT_UNDEFINED;DT_UNDEFINED;DT_UNDEFINED;DT_UNDEFINED;DT_UNDEFINED;DT_UNDEFINED;DT_UNDEFINED;DT_UNDEFINED;DT_UNDEFINED,ND;ND;ND;NULL;ND;ND;ND;NULL;NULL;NULL;NULL;NULL;NULL;NULL;NULL;NULL;NULL;NULL;NULL;NULL;NULL;NULL;NULL;NULL;NULL;NULL;NULL;NULL;NULL;NULL;NULL,"""10,14,64;""",DT_BF16;FLOAT,ND;ND,0
0,4294967295,3725,46,aclnnMatmul_MatMulCommon_MatMulV2,MatMulV2,dynamic,AI_CORE,1790613010418428.270	,6.101,443.009000,19,0,NO,"""10,896;896,896""",DT_BF16;DT_BF16,ND;ND,"""10,896""",DT_BF16,ND,N/A
0,4294967295,3726,46,AddRmsNormBias,AddRmsNormBias,dynamic,AI_VECTOR_CORE,1790613010418602.037	,3.320,167.649000,10,0,NO,"""10,896;10,896;896;""",DT_BF16;DT_BF16;DT_BF16;DT_UNDEFINED,ND;ND;ND;NULL,"""10,896;10,1;10,896""",DT_BF16;FLOAT;DT_BF16,ND;ND;ND,N/A
0,4294967295,3727,46,aclnnMatmul_MatMulCommon_MatMulV2,MatMulV2,dynamic,AI_CORE,1790613010418769.244	,19.341,163.930000,22,0,NO,"""10,896;9728,896""",DT_BF16;DT_BF16,ND;ND,"""10,9728""",DT_BF16,ND,N/A
0,4294967295,3728,46,SwiGlu,SwiGlu,dynamic,AI_VECTOR_CORE,1790613010418904.369	,4.740,115.659000,10,0,NO,"""10,9728""",DT_BF16,ND,"""10,4864""",DT_BF16,ND,N/A
0,4294967295,3729,46,aclnnMatmul_MatMulCommon_MatMulV2,MatMulV2,dynamic,AI_CORE,1790613010419046.975	,16.741,138.010000,19,0,NO,"""10,4864;896,4864""",DT_BF16;DT_BF16,ND;ND,"""10,896""",DT_BF16,ND,N/A
0,4294967295,3730,46,AddRmsNormBias,AddRmsNormBias,dynamic,AI_VECTOR_CORE,1790613010419227.662	,2.960,164.009000,10,0,NO,"""10,896;10,896;896;""",DT_BF16;DT_BF16;DT_BF16;DT_UNDEFINED,ND;ND;ND;NULL,"""10,896;10,1;10,896""",DT_BF16;FLOAT;DT_BF16,ND;ND;ND,N/A
0,4294967295,3731,46,aclnnAddmm_CastAiCore_Cast,Cast,dynamic,AI_VECTOR_CORE,1790613010419384.309	,1.260,153.540000,2,0,NO,"""1152""",DT_BF16,ND,"""1152""",FLOAT,ND,N/A
0,4294967295,3732,46,aclnnAddmm_MatMulCommon_MatMulV2,MatMulV2,dynamic,AI_CORE,1790613010419387.509	,6.820,1.990000,24,0,NO,"""10,896;1152,896;1152""",DT_BF16;DT_BF16;FLOAT,ND;ND;ND,"""10,1152""",DT_BF16,ND,N/A
0,4294967295,3733,46,aclnnInplaceCopy_SliceAiCore_Slice,Slice,dynamic,AI_VECTOR_CORE,1790613010419557.035	,3.440,162.680000,10,0,NO,"""10,18,64;3;3""",DT_BF16;INT64;INT64,NCL;ND;ND,"""10,14,64""",DT_BF16,NCL,N/A
0,4294967295,3734,46,aclnnInplaceCopy_SliceAiCore_Slice,Slice,dynamic,AI_VECTOR_CORE,1790613010419560.495	,2.341,0.060000,10,0,NO,"""10,18,64;3;3""",DT_BF16;INT64;INT64,NCL;ND;ND,"""10,2,64""",DT_BF16,NCL,N/A
0,4294967295,3735,46,_triton_rope,_triton_rope,static,AI_VECTOR_CORE,1790613010420273.944	,4.480,711.159000,10,0,YES,"""10,14,64;10,2,64;32768,64""",DT_BF16;32590;DT_BF16,ND;ND;ND,"""10,14,64;10,2,64""",DT_BF16;32590,ND;ND,N/A
0,4294967295,3736,46,aclnnInplaceCopy_SliceAiCore_Slice,Slice,dynamic,AI_VECTOR_CORE,1790613010420947.891	,2.380,669.520000,10,0,NO,"""10,18,64;3;3""",DT_BF16;INT64;INT64,NCL;ND;ND,"""10,2,64""",DT_BF16,NCL,N/A
0,4294967295,3737,46,ReshapeAndCacheNdKernel,ReshapeAndCacheNdKernel,dynamic,AI_VECTOR_CORE,1790613010420971.172	,2.840,20.870000,10,0,NO,"""10,2,64;10,2,64;11823,128,2,64;11823,128,2,64;10""",DT_BF16;DT_BF16;DT_BF16;DT_BF16;INT32,ND;ND;ND;ND;ND,"""11823,128,2,64;11823,128,2,64""",DT_BF16;DT_BF16,ND;ND,N/A
0,4294967295,3738,46,aclnnContiguous_SliceAiCore_Slice,Slice,dynamic,AI_VECTOR_CORE,1790613010421456.611	,1.520,482.410000,10,0,NO,"""10,18,64;3;3""",DT_BF16;INT64;INT64,NCL;ND;ND,"""10,2,64""",DT_BF16,NCL,N/A
0,4294967295,3739,46,FusedInferAttentionScore,FusedInferAttentionScore,dynamic,MIX_AIC,1790613010421464.652	,20.761,6.730000,24,48,NO,"""10,14,64;10,2,64;10,2,64;;2048,2048;1;1;;;;;;;;;;;;;;;;;;;;;;;;""",DT_BF16;DT_BF16;DT_BF16;DT_UNDEFINED;INT8;INT64;INT64;DT_UNDEFINED;DT_UNDEFINED;DT_UNDEFINED;DT_UNDEFINED;DT_UNDEFINED;DT_UNDEFINED;DT_UNDEFINED;DT_UNDEFINED;DT_UNDEFINED;DT_UNDEFINED;DT_UNDEFINED;DT_UNDEFINED;DT_UNDEFINED;DT_UNDEFINED;DT_UNDEFINED;DT_UNDEFINED;DT_UNDEFINED;DT_UNDEFINED;DT_UNDEFINED;DT_UNDEFINED;DT_UNDEFINED;DT_UNDEFINED;DT_UNDEFINED;DT_UNDEFINED,ND;ND;ND;NULL;ND;ND;ND;NULL;NULL;NULL;NULL;NULL;NULL;NULL;NULL;NULL;NULL;NULL;NULL;NULL;NULL;NULL;NULL;NULL;NULL;NULL;NULL;NULL;NULL;NULL;NULL,"""10,14,64;""",DT_BF16;FLOAT,ND;ND,0
0,4294967295,3741,46,aclnnMatmul_MatMulCommon_MatMulV2,MatMulV2,dynamic,AI_CORE,1790613010421945.891	,5.460,460.489000,19,0,NO,"""10,896;896,896""",DT_BF16;DT_BF16,ND;ND,"""10,896""",DT_BF16,ND,N/A
0,4294967295,3742,46,AddRmsNormBias,AddRmsNormBias,dynamic,AI_VECTOR_CORE,1790613010422125.098	,3.120,173.540000,10,0,NO,"""10,896;10,896;896;""",DT_BF16;DT_BF16;DT_BF16;DT_UNDEFINED,ND;ND;ND;NULL,"""10,896;10,1;10,896""",DT_BF16;FLOAT;DT_BF16,ND;ND;ND,N/A
0,4294967295,3743,46,aclnnMatmul_MatMulCommon_MatMulV2,MatMulV2,dynamic,AI_CORE,1790613010422288.825	,20.580,160.630000,22,0,NO,"""10,896;9728,896""",DT_BF16;DT_BF16,ND;ND,"""10,9728""",DT_BF16,ND,N/A
0,4294967295,3744,46,SwiGlu,SwiGlu,dynamic,AI_VECTOR_CORE,1790613010422417.510	,4.900,108.170000,10,0,NO,"""10,9728""",DT_BF16,ND,"""10,4864""",DT_BF16,ND,N/A
0,4294967295,3745,46,aclnnMatmul_MatMulCommon_MatMulV2,MatMulV2,dynamic,AI_CORE,1790613010422562.035	,16.421,139.600000,19,0,NO,"""10,4864;896,4864""",DT_BF16;DT_BF16,ND;ND,"""10,896""",DT_BF16,ND,N/A
0,4294967295,3746,46,AddRmsNormBias,AddRmsNormBias,dynamic,AI_VECTOR_CORE,1790613010422737.563	,3.240,159.079000,10,0,NO,"""10,896;10,896;896;""",DT_BF16;DT_BF16;DT_BF16;DT_UNDEFINED,ND;ND;ND;NULL,"""10,896;10,1;10,896""",DT_BF16;FLOAT;DT_BF16,ND;ND;ND,N/A
0,4294967295,3747,46,aclnnAddmm_CastAiCore_Cast,Cast,dynamic,AI_VECTOR_CORE,1790613010422888.329	,1.180,147.510000,2,0,NO,"""1152""",DT_BF16,ND,"""1152""",FLOAT,ND,N/A
0,4294967295,3748,46,aclnnAddmm_MatMulCommon_MatMulV2,MatMulV2,dynamic,AI_CORE,1790613010422890.969	,7.160,1.570000,24,0,NO,"""10,896;1152,896;1152""",DT_BF16;DT_BF16;FLOAT,ND;ND;ND,"""10,1152""",DT_BF16,ND,N/A
0,4294967295,3749,46,aclnnInplaceCopy_SliceAiCore_Slice,Slice,dynamic,AI_VECTOR_CORE,1790613010423061.015	,2.501,162.840000,10,0,NO,"""10,18,64;3;3""",DT_BF16;INT64;INT64,NCL;ND;ND,"""10,14,64""",DT_BF16,NCL,N/A
0,4294967295,3750,46,aclnnInplaceCopy_SliceAiCore_Slice,Slice,dynamic,AI_VECTOR_CORE,1790613010423063.536	,2.380,0.000000,10,0,NO,"""10,18,64;3;3""",DT_BF16;INT64;INT64,NCL;ND;ND,"""10,2,64""",DT_BF16,NCL,N/A
0,4294967295,3751,46,_triton_rope,_triton_rope,static,AI_VECTOR_CORE,1790613010423786.585	,4.340,720.620000,10,0,YES,"""10,14,64;10,2,64;32768,64""",DT_BF16;32590;DT_BF16,ND;ND;ND,"""10,14,64;10,2,64""",DT_BF16;32590,ND;ND,N/A
0,4294967295,3752,46,aclnnInplaceCopy_SliceAiCore_Slice,Slice,dynamic,AI_VECTOR_CORE,1790613010424457.951	,2.380,667.160000,10,0,NO,"""10,18,64;3;3""",DT_BF16;INT64;INT64,NCL;ND;ND,"""10,2,64""",DT_BF16,NCL,N/A
0,4294967295,3753,46,ReshapeAndCacheNdKernel,ReshapeAndCacheNdKernel,dynamic,AI_VECTOR_CORE,1790613010424483.792	,3.121,23.370000,10,0,NO,"""10,2,64;10,2,64;11823,128,2,64;11823,128,2,64;10""",DT_BF16;DT_BF16;DT_BF16;DT_BF16;INT32,ND;ND;ND;ND;ND,"""11823,128,2,64;11823,128,2,64""",DT_BF16;DT_BF16,ND;ND,N/A
0,4294967295,3754,46,aclnnContiguous_SliceAiCore_Slice,Slice,dynamic,AI_VECTOR_CORE,1790613010424970.892	,1.620,484.129000,10,0,NO,"""10,18,64;3;3""",DT_BF16;INT64;INT64,NCL;ND;ND,"""10,2,64""",DT_BF16,NCL,N/A
0,4294967295,3755,46,FusedInferAttentionScore,FusedInferAttentionScore,dynamic,MIX_AIC,1790613010424986.393	,18.500,13.880000,24,48,NO,"""10,14,64;10,2,64;10,2,64;;2048,2048;1;1;;;;;;;;;;;;;;;;;;;;;;;;""",DT_BF16;DT_BF16;DT_BF16;DT_UNDEFINED;INT8;INT64;INT64;DT_UNDEFINED;DT_UNDEFINED;DT_UNDEFINED;DT_UNDEFINED;DT_UNDEFINED;DT_UNDEFINED;DT_UNDEFINED;DT_UNDEFINED;DT_UNDEFINED;DT_UNDEFINED;DT_UNDEFINED;DT_UNDEFINED;DT_UNDEFINED;DT_UNDEFINED;DT_UNDEFINED;DT_UNDEFINED;DT_UNDEFINED;DT_UNDEFINED;DT_UNDEFINED;DT_UNDEFINED;DT_UNDEFINED;DT_UNDEFINED;DT_UNDEFINED;DT_UNDEFINED,ND;ND;ND;NULL;ND;ND;ND;NULL;NULL;NULL;NULL;NULL;NULL;NULL;NULL;NULL;NULL;NULL;NULL;NULL;NULL;NULL;NULL;NULL;NULL;NULL;NULL;NULL;NULL;NULL;NULL,"""10,14,64;""",DT_BF16;FLOAT,ND;ND,0
0,4294967295,3757,46,aclnnMatmul_MatMulCommon_MatMulV2,MatMulV2,dynamic,AI_CORE,1790613010425463.031	,5.601,458.000000,19,0,NO,"""10,896;896,896""",DT_BF16;DT_BF16,ND;ND,"""10,896""",DT_BF16,ND,N/A
0,4294967295,3758,46,AddRmsNormBias,AddRmsNormBias,dynamic,AI_VECTOR_CORE,1790613010425642.019	,3.160,173.399000,10,0,NO,"""10,896;10,896;896;""",DT_BF16;DT_BF16;DT_BF16;DT_UNDEFINED,ND;ND;ND;NULL,"""10,896;10,1;10,896""",DT_BF16;FLOAT;DT_BF16,ND;ND;ND,N/A
0,4294967295,3759,46,aclnnMatmul_MatMulCommon_MatMulV2,MatMulV2,dynamic,AI_CORE,1790613010425812.065	,19.481,166.840000,22,0,NO,"""10,896;9728,896""",DT_BF16;DT_BF16,ND;ND,"""10,9728""",DT_BF16,ND,N/A
0,4294967295,3760,46,SwiGlu,SwiGlu,dynamic,AI_VECTOR_CORE,1790613010425944.271	,4.580,112.769000,10,0,NO,"""10,9728""",DT_BF16,ND,"""10,4864""",DT_BF16,ND,N/A
0,4294967295,3761,46,aclnnMatmul_MatMulCommon_MatMulV2,MatMulV2,dynamic,AI_CORE,1790613010426088.897	,16.300,140.170000,19,0,NO,"""10,4864;896,4864""",DT_BF16;DT_BF16,ND;ND,"""10,896""",DT_BF16,ND,N/A
0,4294967295,3762,46,AddRmsNormBias,AddRmsNormBias,dynamic,AI_VECTOR_CORE,1790613010426266.164	,2.940,160.950000,10,0,NO,"""10,896;10,896;896;""",DT_BF16;DT_BF16;DT_BF16;DT_UNDEFINED,ND;ND;ND;NULL,"""10,896;10,1;10,896""",DT_BF16;FLOAT;DT_BF16,ND;ND;ND,N/A
0,4294967295,3763,46,aclnnAddmm_CastAiCore_Cast,Cast,dynamic,AI_VECTOR_CORE,1790613010426420.970	,1.260,151.810000,2,0,NO,"""1152""",DT_BF16,ND,"""1152""",FLOAT,ND,N/A
0,4294967295,3764,46,aclnnAddmm_MatMulCommon_MatMulV2,MatMulV2,dynamic,AI_CORE,1790613010426423.530	,7.280,1.240000,24,0,NO,"""10,896;1152,896;1152""",DT_BF16;DT_BF16;FLOAT,ND;ND;ND,"""10,1152""",DT_BF16,ND,N/A
0,4294967295,3765,46,aclnnInplaceCopy_SliceAiCore_Slice,Slice,dynamic,AI_VECTOR_CORE,1790613010426595.517	,2.440,164.720000,10,0,NO,"""10,18,64;3;3""",DT_BF16;INT64;INT64,NCL;ND;ND,"""10,14,64""",DT_BF16,NCL,N/A
0,4294967295,3766,46,aclnnInplaceCopy_SliceAiCore_Slice,Slice,dynamic,AI_VECTOR_CORE,1790613010426597.977	,2.280,0.060000,10,0,NO,"""10,18,64;3;3""",DT_BF16;INT64;INT64,NCL;ND;ND,"""10,2,64""",DT_BF16,NCL,N/A
0,4294967295,3767,46,_triton_rope,_triton_rope,static,AI_VECTOR_CORE,1790613010427312.985	,4.521,712.720000,10,0,YES,"""10,14,64;10,2,64;32768,64""",DT_BF16;32590;DT_BF16,ND;ND;ND,"""10,14,64;10,2,64""",DT_BF16;32590,ND;ND,N/A
0,4294967295,3768,46,aclnnInplaceCopy_SliceAiCore_Slice,Slice,dynamic,AI_VECTOR_CORE,1790613010427980.312	,2.520,662.729000,10,0,NO,"""10,18,64;3;3""",DT_BF16;INT64;INT64,NCL;ND;ND,"""10,2,64""",DT_BF16,NCL,N/A
0,4294967295,3769,46,ReshapeAndCacheNdKernel,ReshapeAndCacheNdKernel,dynamic,AI_VECTOR_CORE,1790613010427995.253	,3.060,12.480000,10,0,NO,"""10,2,64;10,2,64;11823,128,2,64;11823,128,2,64;10""",DT_BF16;DT_BF16;DT_BF16;DT_BF16;INT32,ND;ND;ND;ND;ND,"""11823,128,2,64;11823,128,2,64""",DT_BF16;DT_BF16,ND;ND,N/A
0,4294967295,3770,46,aclnnContiguous_SliceAiCore_Slice,Slice,dynamic,AI_VECTOR_CORE,1790613010428456.251	,1.520,457.940000,10,0,NO,"""10,18,64;3;3""",DT_BF16;INT64;INT64,NCL;ND;ND,"""10,2,64""",DT_BF16,NCL,N/A
0,4294967295,3771,46,FusedInferAttentionScore,FusedInferAttentionScore,dynamic,MIX_AIC,1790613010428464.771	,23.462,6.980000,24,48,NO,"""10,14,64;10,2,64;10,2,64;;2048,2048;1;1;;;;;;;;;;;;;;;;;;;;;;;;""",DT_BF16;DT_BF16;DT_BF16;DT_UNDEFINED;INT8;INT64;INT64;DT_UNDEFINED;DT_UNDEFINED;DT_UNDEFINED;DT_UNDEFINED;DT_UNDEFINED;DT_UNDEFINED;DT_UNDEFINED;DT_UNDEFINED;DT_UNDEFINED;DT_UNDEFINED;DT_UNDEFINED;DT_UNDEFINED;DT_UNDEFINED;DT_UNDEFINED;DT_UNDEFINED;DT_UNDEFINED;DT_UNDEFINED;DT_UNDEFINED;DT_UNDEFINED;DT_UNDEFINED;DT_UNDEFINED;DT_UNDEFINED;DT_UNDEFINED;DT_UNDEFINED,ND;ND;ND;NULL;ND;ND;ND;NULL;NULL;NULL;NULL;NULL;NULL;NULL;NULL;NULL;NULL;NULL;NULL;NULL;NULL;NULL;NULL;NULL;NULL;NULL;NULL;NULL;NULL;NULL;NULL,"""10,14,64;""",DT_BF16;FLOAT,ND;ND,0
0,4294967295,3773,46,aclnnMatmul_MatMulCommon_MatMulV2,MatMulV2,dynamic,AI_CORE,1790613010428964.571	,5.381,476.288000,19,0,NO,"""10,896;896,896""",DT_BF16;DT_BF16,ND;ND,"""10,896""",DT_BF16,ND,N/A
0,4294967295,3774,46,AddRmsNormBias,AddRmsNormBias,dynamic,AI_VECTOR_CORE,1790613010429140.959	,3.160,171.119000,10,0,NO,"""10,896;10,896;896;""",DT_BF16;DT_BF16;DT_BF16;DT_UNDEFINED,ND;ND;ND;NULL,"""10,896;10,1;10,896""",DT_BF16;FLOAT;DT_BF16,ND;ND;ND,N/A
0,4294967295,3775,46,aclnnMatmul_MatMulCommon_MatMulV2,MatMulV2,dynamic,AI_CORE,1790613010429317.406	,19.260,173.340000,22,0,NO,"""10,896;9728,896""",DT_BF16;DT_BF16,ND;ND,"""10,9728""",DT_BF16,ND,N/A
0,4294967295,3776,46,SwiGlu,SwiGlu,dynamic,AI_VECTOR_CORE,1790613010429450.971	,5.400,114.240000,10,0,NO,"""10,9728""",DT_BF16,ND,"""10,4864""",DT_BF16,ND,N/A
0,4294967295,3777,46,aclnnMatmul_MatMulCommon_MatMulV2,MatMulV2,dynamic,AI_CORE,1790613010429590.717	,16.560,134.350000,19,0,NO,"""10,4864;896,4864""",DT_BF16;DT_BF16,ND;ND,"""10,896""",DT_BF16,ND,N/A
0,4294967295,3778,46,AddRmsNormBias,AddRmsNormBias,dynamic,AI_VECTOR_CORE,1790613010429764.443	,3.621,157.190000,10,0,NO,"""10,896;10,896;896;""",DT_BF16;DT_BF16;DT_BF16;DT_UNDEFINED,ND;ND;ND;NULL,"""10,896;10,1;10,896""",DT_BF16;FLOAT;DT_BF16,ND;ND;ND,N/A
0,4294967295,3779,46,aclnnAddmm_CastAiCore_Cast,Cast,dynamic,AI_VECTOR_CORE,1790613010429926.390	,1.180,158.379000,2,0,NO,"""1152""",DT_BF16,ND,"""1152""",FLOAT,ND,N/A
0,4294967295,3780,46,aclnnAddmm_MatMulCommon_MatMulV2,MatMulV2,dynamic,AI_CORE,1790613010429929.710	,7.801,2.070000,24,0,NO,"""10,896;1152,896;1152""",DT_BF16;DT_BF16;FLOAT,ND;ND;ND,"""10,1152""",DT_BF16,ND,N/A
0,4294967295,3781,46,aclnnInplaceCopy_SliceAiCore_Slice,Slice,dynamic,AI_VECTOR_CORE,1790613010430107.297	,2.520,169.699000,10,0,NO,"""10,18,64;3;3""",DT_BF16;INT64;INT64,NCL;ND;ND,"""10,14,64""",DT_BF16,NCL,N/A
0,4294967295,3782,46,aclnnInplaceCopy_SliceAiCore_Slice,Slice,dynamic,AI_VECTOR_CORE,1790613010430109.837	,2.420,0.000000,10,0,NO,"""10,18,64;3;3""",DT_BF16;INT64;INT64,NCL;ND;ND,"""10,2,64""",DT_BF16,NCL,N/A
0,4294967295,3783,46,_triton_rope,_triton_rope,static,AI_VECTOR_CORE,1790613010430813.945	,4.481,701.830000,10,0,YES,"""10,14,64;10,2,64;32768,64""",DT_BF16;32590;DT_BF16,ND;ND;ND,"""10,14,64;10,2,64""",DT_BF16;32590,ND;ND,N/A
0,4294967295,3784,46,aclnnInplaceCopy_SliceAiCore_Slice,Slice,dynamic,AI_VECTOR_CORE,1790613010431483.872	,2.340,665.269000,10,0,NO,"""10,18,64;3;3""",DT_BF16;INT64;INT64,NCL;ND;ND,"""10,2,64""",DT_BF16,NCL,N/A
0,4294967295,3785,46,ReshapeAndCacheNdKernel,ReshapeAndCacheNdKernel,dynamic,AI_VECTOR_CORE,1790613010431494.093	,2.900,7.910000,10,0,NO,"""10,2,64;10,2,64;11823,128,2,64;11823,128,2,64;10""",DT_BF16;DT_BF16;DT_BF16;DT_BF16;INT32,ND;ND;ND;ND;ND,"""11823,128,2,64;11823,128,2,64""",DT_BF16;DT_BF16,ND;ND,N/A
0,4294967295,3786,46,aclnnContiguous_SliceAiCore_Slice,Slice,dynamic,AI_VECTOR_CORE,1790613010431973.752	,1.540,476.850000,10,0,NO,"""10,18,64;3;3""",DT_BF16;INT64;INT64,NCL;ND;ND,"""10,2,64""",DT_BF16,NCL,N/A
0,4294967295,3787,46,FusedInferAttentionScore,FusedInferAttentionScore,dynamic,MIX_AIC,1790613010431985.872	,20.161,10.460000,24,48,NO,"""10,14,64;10,2,64;10,2,64;;2048,2048;1;1;;;;;;;;;;;;;;;;;;;;;;;;""",DT_BF16;DT_BF16;DT_BF16;DT_UNDEFINED;INT8;INT64;INT64;DT_UNDEFINED;DT_UNDEFINED;DT_UNDEFINED;DT_UNDEFINED;DT_UNDEFINED;DT_UNDEFINED;DT_UNDEFINED;DT_UNDEFINED;DT_UNDEFINED;DT_UNDEFINED;DT_UNDEFINED;DT_UNDEFINED;DT_UNDEFINED;DT_UNDEFINED;DT_UNDEFINED;DT_UNDEFINED;DT_UNDEFINED;DT_UNDEFINED;DT_UNDEFINED;DT_UNDEFINED;DT_UNDEFINED;DT_UNDEFINED;DT_UNDEFINED;DT_UNDEFINED,ND;ND;ND;NULL;ND;ND;ND;NULL;NULL;NULL;NULL;NULL;NULL;NULL;NULL;NULL;NULL;NULL;NULL;NULL;NULL;NULL;NULL;NULL;NULL;NULL;NULL;NULL;NULL;NULL;NULL,"""10,14,64;""",DT_BF16;FLOAT,ND;ND,0
0,4294967295,3789,46,aclnnMatmul_MatMulCommon_MatMulV2,MatMulV2,dynamic,AI_CORE,1790613010432459.971	,5.640,454.089000,19,0,NO,"""10,896;896,896""",DT_BF16;DT_BF16,ND;ND,"""10,896""",DT_BF16,ND,N/A
0,4294967295,3790,46,AddRmsNormBias,AddRmsNormBias,dynamic,AI_VECTOR_CORE,1790613010432638.378	,3.041,172.860000,10,0,NO,"""10,896;10,896;896;""",DT_BF16;DT_BF16;DT_BF16;DT_UNDEFINED,ND;ND;ND;NULL,"""10,896;10,1;10,896""",DT_BF16;FLOAT;DT_BF16,ND;ND;ND,N/A
0,4294967295,3791,46,aclnnMatmul_MatMulCommon_MatMulV2,MatMulV2,dynamic,AI_CORE,1790613010432789.345	,19.520,147.709000,22,0,NO,"""10,896;9728,896""",DT_BF16;DT_BF16,ND;ND,"""10,9728""",DT_BF16,ND,N/A
0,4294967295,3792,46,SwiGlu,SwiGlu,dynamic,AI_VECTOR_CORE,1790613010432914.149	,4.581,105.480000,10,0,NO,"""10,9728""",DT_BF16,ND,"""10,4864""",DT_BF16,ND,N/A
0,4294967295,3793,46,aclnnMatmul_MatMulCommon_MatMulV2,MatMulV2,dynamic,AI_CORE,1790613010433066.515	,16.301,147.669000,19,0,NO,"""10,4864;896,4864""",DT_BF16;DT_BF16,ND;ND,"""10,896""",DT_BF16,ND,N/A
0,4294967295,3794,46,AddRmsNormBias,AddRmsNormBias,dynamic,AI_VECTOR_CORE,1790613010433255.603	,3.080,172.699000,10,0,NO,"""10,896;10,896;896;""",DT_BF16;DT_BF16;DT_BF16;DT_UNDEFINED,ND;ND;ND;NULL,"""10,896;10,1;10,896""",DT_BF16;FLOAT;DT_BF16,ND;ND;ND,N/A
0,4294967295,3795,46,aclnnAddmm_CastAiCore_Cast,Cast,dynamic,AI_VECTOR_CORE,1790613010433419.570	,1.160,160.920000,2,0,NO,"""1152""",DT_BF16,ND,"""1152""",FLOAT,ND,N/A
0,4294967295,3796,46,aclnnAddmm_MatMulCommon_MatMulV2,MatMulV2,dynamic,AI_CORE,1790613010433422.090	,7.000,1.340000,24,0,NO,"""10,896;1152,896;1152""",DT_BF16;DT_BF16;FLOAT,ND;ND;ND,"""10,1152""",DT_BF16,ND,N/A
0,4294967295,3797,46,aclnnInplaceCopy_SliceAiCore_Slice,Slice,dynamic,AI_VECTOR_CORE,1790613010433596.197	,2.940,167.250000,10,0,NO,"""10,18,64;3;3""",DT_BF16;INT64;INT64,NCL;ND;ND,"""10,14,64""",DT_BF16,NCL,N/A
0,4294967295,3798,46,aclnnInplaceCopy_SliceAiCore_Slice,Slice,dynamic,AI_VECTOR_CORE,1790613010433599.157	,2.360,0.060000,10,0,NO,"""10,18,64;3;3""",DT_BF16;INT64;INT64,NCL;ND;ND,"""10,2,64""",DT_BF16,NCL,N/A
0,4294967295,3799,46,_triton_rope,_triton_rope,static,AI_VECTOR_CORE,1790613010434314.165	,4.521,712.640000,10,0,YES,"""10,14,64;10,2,64;32768,64""",DT_BF16;32590;DT_BF16,ND;ND;ND,"""10,14,64;10,2,64""",DT_BF16;32590,ND;ND,N/A
0,4294967295,3800,46,aclnnInplaceCopy_SliceAiCore_Slice,Slice,dynamic,AI_VECTOR_CORE,1790613010434980.632	,2.240,661.979000,10,0,NO,"""10,18,64;3;3""",DT_BF16;INT64;INT64,NCL;ND;ND,"""10,2,64""",DT_BF16,NCL,N/A
0,4294967295,3801,46,ReshapeAndCacheNdKernel,ReshapeAndCacheNdKernel,dynamic,AI_VECTOR_CORE,1790613010434995.853	,2.640,12.760000,10,0,NO,"""10,2,64;10,2,64;11823,128,2,64;11823,128,2,64;10""",DT_BF16;DT_BF16;DT_BF16;DT_BF16;INT32,ND;ND;ND;ND;ND,"""11823,128,2,64;11823,128,2,64""",DT_BF16;DT_BF16,ND;ND,N/A
0,4294967295,3802,46,aclnnContiguous_SliceAiCore_Slice,Slice,dynamic,AI_VECTOR_CORE,1790613010435488.652	,1.541,490.360000,10,0,NO,"""10,18,64;3;3""",DT_BF16;INT64;INT64,NCL;ND;ND,"""10,2,64""",DT_BF16,NCL,N/A
0,4294967295,3803,46,FusedInferAttentionScore,FusedInferAttentionScore,dynamic,MIX_AIC,1790613010435500.133	,21.001,9.959000,24,48,NO,"""10,14,64;10,2,64;10,2,64;;2048,2048;1;1;;;;;;;;;;;;;;;;;;;;;;;;""",DT_BF16;DT_BF16;DT_BF16;DT_UNDEFINED;INT8;INT64;INT64;DT_UNDEFINED;DT_UNDEFINED;DT_UNDEFINED;DT_UNDEFINED;DT_UNDEFINED;DT_UNDEFINED;DT_UNDEFINED;DT_UNDEFINED;DT_UNDEFINED;DT_UNDEFINED;DT_UNDEFINED;DT_UNDEFINED;DT_UNDEFINED;DT_UNDEFINED;DT_UNDEFINED;DT_UNDEFINED;DT_UNDEFINED;DT_UNDEFINED;DT_UNDEFINED;DT_UNDEFINED;DT_UNDEFINED;DT_UNDEFINED;DT_UNDEFINED;DT_UNDEFINED,ND;ND;ND;NULL;ND;ND;ND;NULL;NULL;NULL;NULL;NULL;NULL;NULL;NULL;NULL;NULL;NULL;NULL;NULL;NULL;NULL;NULL;NULL;NULL;NULL;NULL;NULL;NULL;NULL;NULL,"""10,14,64;""",DT_BF16;FLOAT,ND;ND,0
0,4294967295,3805,46,aclnnMatmul_MatMulCommon_MatMulV2,MatMulV2,dynamic,AI_CORE,1790613010435957.571	,5.360,436.249000,19,0,NO,"""10,896;896,896""",DT_BF16;DT_BF16,ND;ND,"""10,896""",DT_BF16,ND,N/A
0,4294967295,3806,46,AddRmsNormBias,AddRmsNormBias,dynamic,AI_VECTOR_CORE,1790613010436130.478	,3.220,167.640000,10,0,NO,"""10,896;10,896;896;""",DT_BF16;DT_BF16;DT_BF16;DT_UNDEFINED,ND;ND;ND;NULL,"""10,896;10,1;10,896""",DT_BF16;FLOAT;DT_BF16,ND;ND;ND,N/A
0,4294967295,3807,46,aclnnMatmul_MatMulCommon_MatMulV2,MatMulV2,dynamic,AI_CORE,1790613010436290.544	,19.121,156.780000,22,0,NO,"""10,896;9728,896""",DT_BF16;DT_BF16,ND;ND,"""10,9728""",DT_BF16,ND,N/A
0,4294967295,3808,46,SwiGlu,SwiGlu,dynamic,AI_VECTOR_CORE,1790613010436427.710	,5.760,118.129000,10,0,NO,"""10,9728""",DT_BF16,ND,"""10,4864""",DT_BF16,ND,N/A
0,4294967295,3809,46,aclnnMatmul_MatMulCommon_MatMulV2,MatMulV2,dynamic,AI_CORE,1790613010436567.495	,16.561,133.990000,19,0,NO,"""10,4864;896,4864""",DT_BF16;DT_BF16,ND;ND,"""10,896""",DT_BF16,ND,N/A
0,4294967295,3810,46,AddRmsNormBias,AddRmsNormBias,dynamic,AI_VECTOR_CORE,1790613010436746.963	,3.280,162.939000,10,0,NO,"""10,896;10,896;896;""",DT_BF16;DT_BF16;DT_BF16;DT_UNDEFINED,ND;ND;ND;NULL,"""10,896;10,1;10,896""",DT_BF16;FLOAT;DT_BF16,ND;ND;ND,N/A
0,4294967295,3811,46,aclnnAddmm_CastAiCore_Cast,Cast,dynamic,AI_VECTOR_CORE,1790613010436901.729	,1.220,151.470000,2,0,NO,"""1152""",DT_BF16,ND,"""1152""",FLOAT,ND,N/A
0,4294967295,3812,46,aclnnAddmm_MatMulCommon_MatMulV2,MatMulV2,dynamic,AI_CORE,1790613010436904.229	,7.320,1.280000,24,0,NO,"""10,896;1152,896;1152""",DT_BF16;DT_BF16;FLOAT,ND;ND;ND,"""10,1152""",DT_BF16,ND,N/A
0,4294967295,3813,46,aclnnInplaceCopy_SliceAiCore_Slice,Slice,dynamic,AI_VECTOR_CORE,1790613010437073.136	,2.380,161.680000,10,0,NO,"""10,18,64;3;3""",DT_BF16;INT64;INT64,NCL;ND;ND,"""10,14,64""",DT_BF16,NCL,N/A
0,4294967295,3814,46,aclnnInplaceCopy_SliceAiCore_Slice,Slice,dynamic,AI_VECTOR_CORE,1790613010437075.536	,2.520,0.000000,10,0,NO,"""10,18,64;3;3""",DT_BF16;INT64;INT64,NCL;ND;ND,"""10,2,64""",DT_BF16,NCL,N/A
0,4294967295,3815,46,_triton_rope,_triton_rope,static,AI_VECTOR_CORE,1790613010437832.686	,4.640,754.730000,10,0,YES,"""10,14,64;10,2,64;32768,64""",DT_BF16;32590;DT_BF16,ND;ND;ND,"""10,14,64;10,2,64""",DT_BF16;32590,ND;ND,N/A
0,4294967295,3816,46,aclnnInplaceCopy_SliceAiCore_Slice,Slice,dynamic,AI_VECTOR_CORE,1790613010438501.613	,2.300,664.110000,10,0,NO,"""10,18,64;3;3""",DT_BF16;INT64;INT64,NCL;ND;ND,"""10,2,64""",DT_BF16,NCL,N/A
0,4294967295,3817,46,ReshapeAndCacheNdKernel,ReshapeAndCacheNdKernel,dynamic,AI_VECTOR_CORE,1790613010438523.854	,3.060,19.950000,10,0,NO,"""10,2,64;10,2,64;11823,128,2,64;11823,128,2,64;10""",DT_BF16;DT_BF16;DT_BF16;DT_BF16;INT32,ND;ND;ND;ND;ND,"""11823,128,2,64;11823,128,2,64""",DT_BF16;DT_BF16,ND;ND,N/A
0,4294967295,3818,46,aclnnContiguous_SliceAiCore_Slice,Slice,dynamic,AI_VECTOR_CORE,1790613010439009.453	,1.560,482.690000,10,0,NO,"""10,18,64;3;3""",DT_BF16;INT64;INT64,NCL;ND;ND,"""10,2,64""",DT_BF16,NCL,N/A
0,4294967295,3819,46,FusedInferAttentionScore,FusedInferAttentionScore,dynamic,MIX_AIC,1790613010439018.013	,18.101,6.940000,24,48,NO,"""10,14,64;10,2,64;10,2,64;;2048,2048;1;1;;;;;;;;;;;;;;;;;;;;;;;;""",DT_BF16;DT_BF16;DT_BF16;DT_UNDEFINED;INT8;INT64;INT64;DT_UNDEFINED;DT_UNDEFINED;DT_UNDEFINED;DT_UNDEFINED;DT_UNDEFINED;DT_UNDEFINED;DT_UNDEFINED;DT_UNDEFINED;DT_UNDEFINED;DT_UNDEFINED;DT_UNDEFINED;DT_UNDEFINED;DT_UNDEFINED;DT_UNDEFINED;DT_UNDEFINED;DT_UNDEFINED;DT_UNDEFINED;DT_UNDEFINED;DT_UNDEFINED;DT_UNDEFINED;DT_UNDEFINED;DT_UNDEFINED;DT_UNDEFINED;DT_UNDEFINED,ND;ND;ND;NULL;ND;ND;ND;NULL;NULL;NULL;NULL;NULL;NULL;NULL;NULL;NULL;NULL;NULL;NULL;NULL;NULL;NULL;NULL;NULL;NULL;NULL;NULL;NULL;NULL;NULL;NULL,"""10,14,64;""",DT_BF16;FLOAT,ND;ND,0
0,4294967295,3821,46,aclnnMatmul_MatMulCommon_MatMulV2,MatMulV2,dynamic,AI_CORE,1790613010439488.512	,5.601,452.399000,19,0,NO,"""10,896;896,896""",DT_BF16;DT_BF16,ND;ND,"""10,896""",DT_BF16,ND,N/A
0,4294967295,3822,46,AddRmsNormBias,AddRmsNormBias,dynamic,AI_VECTOR_CORE,1790613010439661.659	,3.120,167.649000,10,0,NO,"""10,896;10,896;896;""",DT_BF16;DT_BF16;DT_BF16;DT_UNDEFINED,ND;ND;ND;NULL,"""10,896;10,1;10,896""",DT_BF16;FLOAT;DT_BF16,ND;ND;ND,N/A
0,4294967295,3823,46,aclnnMatmul_MatMulCommon_MatMulV2,MatMulV2,dynamic,AI_CORE,1790613010439828.046	,19.521,163.130000,22,0,NO,"""10,896;9728,896""",DT_BF16;DT_BF16,ND;ND,"""10,9728""",DT_BF16,ND,N/A
0,4294967295,3824,46,SwiGlu,SwiGlu,dynamic,AI_VECTOR_CORE,1790613010439958.511	,4.940,110.979000,10,0,NO,"""10,9728""",DT_BF16,ND,"""10,4864""",DT_BF16,ND,N/A
0,4294967295,3825,46,aclnnMatmul_MatMulCommon_MatMulV2,MatMulV2,dynamic,AI_CORE,1790613010440096.937	,16.320,133.560000,19,0,NO,"""10,4864;896,4864""",DT_BF16;DT_BF16,ND;ND,"""10,896""",DT_BF16,ND,N/A
0,4294967295,3826,46,AddRmsNormBias,AddRmsNormBias,dynamic,AI_VECTOR_CORE,1790613010440279.844	,2.940,166.430000,10,0,NO,"""10,896;10,896;896;""",DT_BF16;DT_BF16;DT_BF16;DT_UNDEFINED,ND;ND;ND;NULL,"""10,896;10,1;10,896""",DT_BF16;FLOAT;DT_BF16,ND;ND;ND,N/A
0,4294967295,3827,46,aclnnAddmm_CastAiCore_Cast,Cast,dynamic,AI_VECTOR_CORE,1790613010440442.330	,1.181,159.560000,2,0,NO,"""1152""",DT_BF16,ND,"""1152""",FLOAT,ND,N/A
0,4294967295,3828,46,aclnnAddmm_MatMulCommon_MatMulV2,MatMulV2,dynamic,AI_CORE,1790613010440444.911	,7.080,1.569000,24,0,NO,"""10,896;1152,896;1152""",DT_BF16;DT_BF16;FLOAT,ND;ND;ND,"""10,1152""",DT_BF16,ND,N/A
0,4294967295,3829,46,aclnnInplaceCopy_SliceAiCore_Slice,Slice,dynamic,AI_VECTOR_CORE,1790613010440617.317	,2.360,165.170000,10,0,NO,"""10,18,64;3;3""",DT_BF16;INT64;INT64,NCL;ND;ND,"""10,14,64""",DT_BF16,NCL,N/A
0,4294967295,3830,46,aclnnInplaceCopy_SliceAiCore_Slice,Slice,dynamic,AI_VECTOR_CORE,1790613010440620.677	,2.401,1.140000,10,0,NO,"""10,18,64;3;3""",DT_BF16;INT64;INT64,NCL;ND;ND,"""10,2,64""",DT_BF16,NCL,N/A
0,4294967295,3831,46,_triton_rope,_triton_rope,static,AI_VECTOR_CORE,1790613010441342.886	,5.221,719.849000,10,0,YES,"""10,14,64;10,2,64;32768,64""",DT_BF16;32590;DT_BF16,ND;ND;ND,"""10,14,64;10,2,64""",DT_BF16;32590,ND;ND,N/A
0,4294967295,3832,46,aclnnInplaceCopy_SliceAiCore_Slice,Slice,dynamic,AI_VECTOR_CORE,1790613010442011.673	,2.300,663.529000,10,0,NO,"""10,18,64;3;3""",DT_BF16;INT64;INT64,NCL;ND;ND,"""10,2,64""",DT_BF16,NCL,N/A
0,4294967295,3833,46,ReshapeAndCacheNdKernel,ReshapeAndCacheNdKernel,dynamic,AI_VECTOR_CORE,1790613010442021.934	,3.040,7.950000,10,0,NO,"""10,2,64;10,2,64;11823,128,2,64;11823,128,2,64;10""",DT_BF16;DT_BF16;DT_BF16;DT_BF16;INT32,ND;ND;ND;ND;ND,"""11823,128,2,64;11823,128,2,64""",DT_BF16;DT_BF16,ND;ND,N/A
0,4294967295,3834,46,aclnnContiguous_SliceAiCore_Slice,Slice,dynamic,AI_VECTOR_CORE,1790613010442486.872	,1.720,461.710000,10,0,NO,"""10,18,64;3;3""",DT_BF16;INT64;INT64,NCL;ND;ND,"""10,2,64""",DT_BF16,NCL,N/A
0,4294967295,3835,46,FusedInferAttentionScore,FusedInferAttentionScore,dynamic,MIX_AIC,1790613010442495.473	,22.980,7.030000,24,48,NO,"""10,14,64;10,2,64;10,2,64;;2048,2048;1;1;;;;;;;;;;;;;;;;;;;;;;;;""",DT_BF16;DT_BF16;DT_BF16;DT_UNDEFINED;INT8;INT64;INT64;DT_UNDEFINED;DT_UNDEFINED;DT_UNDEFINED;DT_UNDEFINED;DT_UNDEFINED;DT_UNDEFINED;DT_UNDEFINED;DT_UNDEFINED;DT_UNDEFINED;DT_UNDEFINED;DT_UNDEFINED;DT_UNDEFINED;DT_UNDEFINED;DT_UNDEFINED;DT_UNDEFINED;DT_UNDEFINED;DT_UNDEFINED;DT_UNDEFINED;DT_UNDEFINED;DT_UNDEFINED;DT_UNDEFINED;DT_UNDEFINED;DT_UNDEFINED;DT_UNDEFINED,ND;ND;ND;NULL;ND;ND;ND;NULL;NULL;NULL;NULL;NULL;NULL;NULL;NULL;NULL;NULL;NULL;NULL;NULL;NULL;NULL;NULL;NULL;NULL;NULL;NULL;NULL;NULL;NULL;NULL,"""10,14,64;""",DT_BF16;FLOAT,ND;ND,0
0,4294967295,3837,46,aclnnMatmul_MatMulCommon_MatMulV2,MatMulV2,dynamic,AI_CORE,1790613010442993.792	,5.321,475.270000,19,0,NO,"""10,896;896,896""",DT_BF16;DT_BF16,ND;ND,"""10,896""",DT_BF16,ND,N/A
0,4294967295,3838,46,AddRmsNormBias,AddRmsNormBias,dynamic,AI_VECTOR_CORE,1790613010443168.559	,3.020,169.429000,10,0,NO,"""10,896;10,896;896;""",DT_BF16;DT_BF16;DT_BF16;DT_UNDEFINED,ND;ND;ND;NULL,"""10,896;10,1;10,896""",DT_BF16;FLOAT;DT_BF16,ND;ND;ND,N/A
0,4294967295,3839,46,aclnnMatmul_MatMulCommon_MatMulV2,MatMulV2,dynamic,AI_CORE,1790613010443321.445	,19.521,149.980000,22,0,NO,"""10,896;9728,896""",DT_BF16;DT_BF16,ND;ND,"""10,9728""",DT_BF16,ND,N/A
0,4294967295,3840,46,SwiGlu,SwiGlu,dynamic,AI_VECTOR_CORE,1790613010443449.891	,5.200,108.979000,10,0,NO,"""10,9728""",DT_BF16,ND,"""10,4864""",DT_BF16,ND,N/A
0,4294967295,3841,46,aclnnMatmul_MatMulCommon_MatMulV2,MatMulV2,dynamic,AI_CORE,1790613010443585.196	,16.181,130.050000,19,0,NO,"""10,4864;896,4864""",DT_BF16;DT_BF16,ND;ND,"""10,896""",DT_BF16,ND,N/A
0,4294967295,3842,46,AddRmsNormBias,AddRmsNormBias,dynamic,AI_VECTOR_CORE,1790613010443762.803	,3.320,161.319000,10,0,NO,"""10,896;10,896;896;""",DT_BF16;DT_BF16;DT_BF16;DT_UNDEFINED,ND;ND;ND;NULL,"""10,896;10,1;10,896""",DT_BF16;FLOAT;DT_BF16,ND;ND;ND,N/A
0,4294967295,3843,46,aclnnAddmm_CastAiCore_Cast,Cast,dynamic,AI_VECTOR_CORE,1790613010443925.230	,1.140,159.180000,2,0,NO,"""1152""",DT_BF16,ND,"""1152""",FLOAT,ND,N/A
0,4294967295,3844,46,aclnnAddmm_MatMulCommon_MatMulV2,MatMulV2,dynamic,AI_CORE,1790613010443927.750	,6.800,1.360000,24,0,NO,"""10,896;1152,896;1152""",DT_BF16;DT_BF16;FLOAT,ND;ND;ND,"""10,1152""",DT_BF16,ND,N/A
0,4294967295,3845,46,aclnnInplaceCopy_SliceAiCore_Slice,Slice,dynamic,AI_VECTOR_CORE,1790613010444101.537	,2.420,166.950000,10,0,NO,"""10,18,64;3;3""",DT_BF16;INT64;INT64,NCL;ND;ND,"""10,14,64""",DT_BF16,NCL,N/A
0,4294967295,3846,46,aclnnInplaceCopy_SliceAiCore_Slice,Slice,dynamic,AI_VECTOR_CORE,1790613010444103.977	,2.540,0.080000,10,0,NO,"""10,18,64;3;3""",DT_BF16;INT64;INT64,NCL;ND;ND,"""10,2,64""",DT_BF16,NCL,N/A
0,4294967295,3847,46,_triton_rope,_triton_rope,static,AI_VECTOR_CORE,1790613010444824.546	,4.480,717.960000,10,0,YES,"""10,14,64;10,2,64;32768,64""",DT_BF16;32590;DT_BF16,ND;ND;ND,"""10,14,64;10,2,64""",DT_BF16;32590,ND;ND,N/A
0,4294967295,3848,46,aclnnInplaceCopy_SliceAiCore_Slice,Slice,dynamic,AI_VECTOR_CORE,1790613010445509.033	,2.300,680.020000,10,0,NO,"""10,18,64;3;3""",DT_BF16;INT64;INT64,NCL;ND;ND,"""10,2,64""",DT_BF16,NCL,N/A
0,4294967295,3849,46,ReshapeAndCacheNdKernel,ReshapeAndCacheNdKernel,dynamic,AI_VECTOR_CORE,1790613010445528.994	,3.440,17.700000,10,0,NO,"""10,2,64;10,2,64;11823,128,2,64;11823,128,2,64;10""",DT_BF16;DT_BF16;DT_BF16;DT_BF16;INT32,ND;ND;ND;ND;ND,"""11823,128,2,64;11823,128,2,64""",DT_BF16;DT_BF16,ND;ND,N/A
0,4294967295,3850,46,aclnnContiguous_SliceAiCore_Slice,Slice,dynamic,AI_VECTOR_CORE,1790613010446025.194	,1.480,492.810000,10,0,NO,"""10,18,64;3;3""",DT_BF16;INT64;INT64,NCL;ND;ND,"""10,2,64""",DT_BF16,NCL,N/A
0,4294967295,3851,46,FusedInferAttentionScore,FusedInferAttentionScore,dynamic,MIX_AIC,1790613010446042.194	,19.681,15.520000,24,48,NO,"""10,14,64;10,2,64;10,2,64;;2048,2048;1;1;;;;;;;;;;;;;;;;;;;;;;;;""",DT_BF16;DT_BF16;DT_BF16;DT_UNDEFINED;INT8;INT64;INT64;DT_UNDEFINED;DT_UNDEFINED;DT_UNDEFINED;DT_UNDEFINED;DT_UNDEFINED;DT_UNDEFINED;DT_UNDEFINED;DT_UNDEFINED;DT_UNDEFINED;DT_UNDEFINED;DT_UNDEFINED;DT_UNDEFINED;DT_UNDEFINED;DT_UNDEFINED;DT_UNDEFINED;DT_UNDEFINED;DT_UNDEFINED;DT_UNDEFINED;DT_UNDEFINED;DT_UNDEFINED;DT_UNDEFINED;DT_UNDEFINED;DT_UNDEFINED;DT_UNDEFINED,ND;ND;ND;NULL;ND;ND;ND;NULL;NULL;NULL;NULL;NULL;NULL;NULL;NULL;NULL;NULL;NULL;NULL;NULL;NULL;NULL;NULL;NULL;NULL;NULL;NULL;NULL;NULL;NULL;NULL,"""10,14,64;""",DT_BF16;FLOAT,ND;ND,0
0,4294967295,3853,46,aclnnMatmul_MatMulCommon_MatMulV2,MatMulV2,dynamic,AI_CORE,1790613010446502.813	,5.600,440.819000,19,0,NO,"""10,896;896,896""",DT_BF16;DT_BF16,ND;ND,"""10,896""",DT_BF16,ND,N/A
0,4294967295,3854,46,AddRmsNormBias,AddRmsNormBias,dynamic,AI_VECTOR_CORE,1790613010446679.600	,2.980,171.150000,10,0,NO,"""10,896;10,896;896;""",DT_BF16;DT_BF16;DT_BF16;DT_UNDEFINED,ND;ND;ND;NULL,"""10,896;10,1;10,896""",DT_BF16;FLOAT;DT_BF16,ND;ND;ND,N/A
0,4294967295,3855,46,aclnnMatmul_MatMulCommon_MatMulV2,MatMulV2,dynamic,AI_CORE,1790613010446834.826	,19.181,152.270000,22,0,NO,"""10,896;9728,896""",DT_BF16;DT_BF16,ND;ND,"""10,9728""",DT_BF16,ND,N/A
0,4294967295,3856,46,SwiGlu,SwiGlu,dynamic,AI_VECTOR_CORE,1790613010446966.551	,5.080,112.569000,10,0,NO,"""10,9728""",DT_BF16,ND,"""10,4864""",DT_BF16,ND,N/A
0,4294967295,3857,46,aclnnMatmul_MatMulCommon_MatMulV2,MatMulV2,dynamic,AI_CORE,1790613010447105.637	,16.480,134.170000,19,0,NO,"""10,4864;896,4864""",DT_BF16;DT_BF16,ND;ND,"""10,896""",DT_BF16,ND,N/A
0,4294967295,3858,46,AddRmsNormBias,AddRmsNormBias,dynamic,AI_VECTOR_CORE,1790613010447291.684	,3.180,169.520000,10,0,NO,"""10,896;10,896;896;""",DT_BF16;DT_BF16;DT_BF16;DT_UNDEFINED,ND;ND;ND;NULL,"""10,896;10,1;10,896""",DT_BF16;FLOAT;DT_BF16,ND;ND;ND,N/A
0,4294967295,3859,46,aclnnAddmm_CastAiCore_Cast,Cast,dynamic,AI_VECTOR_CORE,1790613010447450.291	,1.280,155.320000,2,0,NO,"""1152""",DT_BF16,ND,"""1152""",FLOAT,ND,N/A
0,4294967295,3860,46,aclnnAddmm_MatMulCommon_MatMulV2,MatMulV2,dynamic,AI_CORE,1790613010447452.931	,7.160,1.470000,24,0,NO,"""10,896;1152,896;1152""",DT_BF16;DT_BF16;FLOAT,ND;ND;ND,"""10,1152""",DT_BF16,ND,N/A
0,4294967295,3861,46,aclnnInplaceCopy_SliceAiCore_Slice,Slice,dynamic,AI_VECTOR_CORE,1790613010447623.557	,2.481,163.340000,10,0,NO,"""10,18,64;3;3""",DT_BF16;INT64;INT64,NCL;ND;ND,"""10,14,64""",DT_BF16,NCL,N/A
0,4294967295,3862,46,aclnnInplaceCopy_SliceAiCore_Slice,Slice,dynamic,AI_VECTOR_CORE,1790613010447626.058	,2.360,0.019000,10,0,NO,"""10,18,64;3;3""",DT_BF16;INT64;INT64,NCL;ND;ND,"""10,2,64""",DT_BF16,NCL,N/A
0,4294967295,3863,46,_triton_rope,_triton_rope,static,AI_VECTOR_CORE,1790613010448337.706	,4.640,709.390000,10,0,YES,"""10,14,64;10,2,64;32768,64""",DT_BF16;32590;DT_BF16,ND;ND;ND,"""10,14,64;10,2,64""",DT_BF16;32590,ND;ND,N/A
0,4294967295,3864,46,aclnnInplaceCopy_SliceAiCore_Slice,Slice,dynamic,AI_VECTOR_CORE,1790613010449017.753	,2.280,675.360000,10,0,NO,"""10,18,64;3;3""",DT_BF16;INT64;INT64,NCL;ND;ND,"""10,2,64""",DT_BF16,NCL,N/A
0,4294967295,3865,46,ReshapeAndCacheNdKernel,ReshapeAndCacheNdKernel,dynamic,AI_VECTOR_CORE,1790613010449039.654	,2.940,19.720000,10,0,NO,"""10,2,64;10,2,64;11823,128,2,64;11823,128,2,64;10""",DT_BF16;DT_BF16;DT_BF16;DT_BF16;INT32,ND;ND;ND;ND;ND,"""11823,128,2,64;11823,128,2,64""",DT_BF16;DT_BF16,ND;ND,N/A
0,4294967295,3866,46,aclnnContiguous_SliceAiCore_Slice,Slice,dynamic,AI_VECTOR_CORE,1790613010449528.414	,1.600,485.810000,10,0,NO,"""10,18,64;3;3""",DT_BF16;INT64;INT64,NCL;ND;ND,"""10,2,64""",DT_BF16,NCL,N/A
0,4294967295,3867,46,FusedInferAttentionScore,FusedInferAttentionScore,dynamic,MIX_AIC,1790613010449542.414	,20.261,12.400000,24,48,NO,"""10,14,64;10,2,64;10,2,64;;2048,2048;1;1;;;;;;;;;;;;;;;;;;;;;;;;""",DT_BF16;DT_BF16;DT_BF16;DT_UNDEFINED;INT8;INT64;INT64;DT_UNDEFINED;DT_UNDEFINED;DT_UNDEFINED;DT_UNDEFINED;DT_UNDEFINED;DT_UNDEFINED;DT_UNDEFINED;DT_UNDEFINED;DT_UNDEFINED;DT_UNDEFINED;DT_UNDEFINED;DT_UNDEFINED;DT_UNDEFINED;DT_UNDEFINED;DT_UNDEFINED;DT_UNDEFINED;DT_UNDEFINED;DT_UNDEFINED;DT_UNDEFINED;DT_UNDEFINED;DT_UNDEFINED;DT_UNDEFINED;DT_UNDEFINED;DT_UNDEFINED,ND;ND;ND;NULL;ND;ND;ND;NULL;NULL;NULL;NULL;NULL;NULL;NULL;NULL;NULL;NULL;NULL;NULL;NULL;NULL;NULL;NULL;NULL;NULL;NULL;NULL;NULL;NULL;NULL;NULL,"""10,14,64;""",DT_BF16;FLOAT,ND;ND,0
0,4294967295,3869,46,aclnnMatmul_MatMulCommon_MatMulV2,MatMulV2,dynamic,AI_CORE,1790613010450000.353	,5.680,437.489000,19,0,NO,"""10,896;896,896""",DT_BF16;DT_BF16,ND;ND,"""10,896""",DT_BF16,ND,N/A
0,4294967295,3870,46,AddRmsNormBias,AddRmsNormBias,dynamic,AI_VECTOR_CORE,1790613010450171.919	,3.260,166.070000,10,0,NO,"""10,896;10,896;896;""",DT_BF16;DT_BF16;DT_BF16;DT_UNDEFINED,ND;ND;ND;NULL,"""10,896;10,1;10,896""",DT_BF16;FLOAT;DT_BF16,ND;ND;ND,N/A
0,4294967295,3871,46,aclnnMatmul_MatMulCommon_MatMulV2,MatMulV2,dynamic,AI_CORE,1790613010450336.186	,19.261,160.990000,22,0,NO,"""10,896;9728,896""",DT_BF16;DT_BF16,ND;ND,"""10,9728""",DT_BF16,ND,N/A
0,4294967295,3872,46,SwiGlu,SwiGlu,dynamic,AI_VECTOR_CORE,1790613010450466.031	,5.260,110.489000,10,0,NO,"""10,9728""",DT_BF16,ND,"""10,4864""",DT_BF16,ND,N/A
0,4294967295,3873,46,aclnnMatmul_MatMulCommon_MatMulV2,MatMulV2,dynamic,AI_CORE,1790613010450605.237	,16.520,133.990000,19,0,NO,"""10,4864;896,4864""",DT_BF16;DT_BF16,ND;ND,"""10,896""",DT_BF16,ND,N/A
0,4294967295,3874,46,AddRmsNormBias,AddRmsNormBias,dynamic,AI_VECTOR_CORE,1790613010450787.484	,2.980,165.730000,10,0,NO,"""10,896;10,896;896;""",DT_BF16;DT_BF16;DT_BF16;DT_UNDEFINED,ND;ND;ND;NULL,"""10,896;10,1;10,896""",DT_BF16;FLOAT;DT_BF16,ND;ND;ND,N/A
0,4294967295,3875,46,aclnnAddmm_CastAiCore_Cast,Cast,dynamic,AI_VECTOR_CORE,1790613010450938.890	,1.280,148.520000,2,0,NO,"""1152""",DT_BF16,ND,"""1152""",FLOAT,ND,N/A
0,4294967295,3876,46,aclnnAddmm_MatMulCommon_MatMulV2,MatMulV2,dynamic,AI_CORE,1790613010450941.250	,6.841,0.970000,24,0,NO,"""10,896;1152,896;1152""",DT_BF16;DT_BF16;FLOAT,ND;ND;ND,"""10,1152""",DT_BF16,ND,N/A
0,4294967295,3877,46,aclnnInplaceCopy_SliceAiCore_Slice,Slice,dynamic,AI_VECTOR_CORE,1790613010451110.337	,2.340,162.159000,10,0,NO,"""10,18,64;3;3""",DT_BF16;INT64;INT64,NCL;ND;ND,"""10,14,64""",DT_BF16,NCL,N/A
0,4294967295,3878,46,aclnnInplaceCopy_SliceAiCore_Slice,Slice,dynamic,AI_VECTOR_CORE,1790613010451113.717	,3.220,1.160000,10,0,NO,"""10,18,64;3;3""",DT_BF16;INT64;INT64,NCL;ND;ND,"""10,2,64""",DT_BF16,NCL,N/A
0,4294967295,3879,46,_triton_rope,_triton_rope,static,AI_VECTOR_CORE,1790613010451815.425	,4.540,698.530000,10,0,YES,"""10,14,64;10,2,64;32768,64""",DT_BF16;32590;DT_BF16,ND;ND;ND,"""10,14,64;10,2,64""",DT_BF16;32590,ND;ND,N/A
0,4294967295,3880,46,aclnnInplaceCopy_SliceAiCore_Slice,Slice,dynamic,AI_VECTOR_CORE,1790613010452476.831	,2.381,656.710000,10,0,NO,"""10,18,64;3;3""",DT_BF16;INT64;INT64,NCL;ND;ND,"""10,2,64""",DT_BF16,NCL,N/A
0,4294967295,3881,46,ReshapeAndCacheNdKernel,ReshapeAndCacheNdKernel,dynamic,AI_VECTOR_CORE,1790613010452500.913	,3.020,21.869000,10,0,NO,"""10,2,64;10,2,64;11823,128,2,64;11823,128,2,64;10""",DT_BF16;DT_BF16;DT_BF16;DT_BF16;INT32,ND;ND;ND;ND;ND,"""11823,128,2,64;11823,128,2,64""",DT_BF16;DT_BF16,ND;ND,N/A
0,4294967295,3882,46,aclnnContiguous_SliceAiCore_Slice,Slice,dynamic,AI_VECTOR_CORE,1790613010452961.991	,1.480,457.980000,10,0,NO,"""10,18,64;3;3""",DT_BF16;INT64;INT64,NCL;ND;ND,"""10,2,64""",DT_BF16,NCL,N/A
0,4294967295,3883,46,FusedInferAttentionScore,FusedInferAttentionScore,dynamic,MIX_AIC,1790613010452983.132	,17.901,19.770000,24,48,NO,"""10,14,64;10,2,64;10,2,64;;2048,2048;1;1;;;;;;;;;;;;;;;;;;;;;;;;""",DT_BF16;DT_BF16;DT_BF16;DT_UNDEFINED;INT8;INT64;INT64;DT_UNDEFINED;DT_UNDEFINED;DT_UNDEFINED;DT_UNDEFINED;DT_UNDEFINED;DT_UNDEFINED;DT_UNDEFINED;DT_UNDEFINED;DT_UNDEFINED;DT_UNDEFINED;DT_UNDEFINED;DT_UNDEFINED;DT_UNDEFINED;DT_UNDEFINED;DT_UNDEFINED;DT_UNDEFINED;DT_UNDEFINED;DT_UNDEFINED;DT_UNDEFINED;DT_UNDEFINED;DT_UNDEFINED;DT_UNDEFINED;DT_UNDEFINED;DT_UNDEFINED,ND;ND;ND;NULL;ND;ND;ND;NULL;NULL;NULL;NULL;NULL;NULL;NULL;NULL;NULL;NULL;NULL;NULL;NULL;NULL;NULL;NULL;NULL;NULL;NULL;NULL;NULL;NULL;NULL;NULL,"""10,14,64;""",DT_BF16;FLOAT,ND;ND,0
0,4294967295,3885,46,aclnnMatmul_MatMulCommon_MatMulV2,MatMulV2,dynamic,AI_CORE,1790613010453439.990	,5.380,438.849000,19,0,NO,"""10,896;896,896""",DT_BF16;DT_BF16,ND;ND,"""10,896""",DT_BF16,ND,N/A
0,4294967295,3886,46,AddRmsNormBias,AddRmsNormBias,dynamic,AI_VECTOR_CORE,1790613010453626.597	,3.221,181.120000,10,0,NO,"""10,896;10,896;896;""",DT_BF16;DT_BF16;DT_BF16;DT_UNDEFINED,ND;ND;ND;NULL,"""10,896;10,1;10,896""",DT_BF16;FLOAT;DT_BF16,ND;ND;ND,N/A
0,4294967295,3887,46,aclnnMatmul_MatMulCommon_MatMulV2,MatMulV2,dynamic,AI_CORE,1790613010453787.264	,19.741,157.529000,22,0,NO,"""10,896;9728,896""",DT_BF16;DT_BF16,ND;ND,"""10,9728""",DT_BF16,ND,N/A
0,4294967295,3888,46,SwiGlu,SwiGlu,dynamic,AI_VECTOR_CORE,1790613010453910.329	,5.180,103.259000,10,0,NO,"""10,9728""",DT_BF16,ND,"""10,4864""",DT_BF16,ND,N/A
0,4294967295,3889,46,aclnnMatmul_MatMulCommon_MatMulV2,MatMulV2,dynamic,AI_CORE,1790613010454046.534	,16.501,131.070000,19,0,NO,"""10,4864;896,4864""",DT_BF16;DT_BF16,ND;ND,"""10,896""",DT_BF16,ND,N/A
0,4294967295,3890,46,AddRmsNormBias,AddRmsNormBias,dynamic,AI_VECTOR_CORE,1790613010454219.941	,3.220,156.999000,10,0,NO,"""10,896;10,896;896;""",DT_BF16;DT_BF16;DT_BF16;DT_UNDEFINED,ND;ND;ND;NULL,"""10,896;10,1;10,896""",DT_BF16;FLOAT;DT_BF16,ND;ND;ND,N/A
0,4294967295,3891,46,aclnnAddmm_CastAiCore_Cast,Cast,dynamic,AI_VECTOR_CORE,1790613010454380.508	,1.220,157.280000,2,0,NO,"""1152""",DT_BF16,ND,"""1152""",FLOAT,ND,N/A
0,4294967295,3892,46,aclnnAddmm_MatMulCommon_MatMulV2,MatMulV2,dynamic,AI_CORE,1790613010454384.028	,7.260,2.280000,24,0,NO,"""10,896;1152,896;1152""",DT_BF16;DT_BF16;FLOAT,ND;ND;ND,"""10,1152""",DT_BF16,ND,N/A
0,4294967295,3893,46,aclnnInplaceCopy_SliceAiCore_Slice,Slice,dynamic,AI_VECTOR_CORE,1790613010454546.274	,2.580,154.990000,10,0,NO,"""10,18,64;3;3""",DT_BF16;INT64;INT64,NCL;ND;ND,"""10,14,64""",DT_BF16,NCL,N/A
0,4294967295,3894,46,aclnnInplaceCopy_SliceAiCore_Slice,Slice,dynamic,AI_VECTOR_CORE,1790613010454548.894	,2.381,0.170000,10,0,NO,"""10,18,64;3;3""",DT_BF16;INT64;INT64,NCL;ND;ND,"""10,2,64""",DT_BF16,NCL,N/A
0,4294967295,3895,46,_triton_rope,_triton_rope,static,AI_VECTOR_CORE,1790613010455262.783	,4.480,711.369000,10,0,YES,"""10,14,64;10,2,64;32768,64""",DT_BF16;32590;DT_BF16,ND;ND;ND,"""10,14,64;10,2,64""",DT_BF16;32590,ND;ND,N/A
0,4294967295,3896,46,aclnnInplaceCopy_SliceAiCore_Slice,Slice,dynamic,AI_VECTOR_CORE,1790613010455944.870	,2.360,677.520000,10,0,NO,"""10,18,64;3;3""",DT_BF16;INT64;INT64,NCL;ND;ND,"""10,2,64""",DT_BF16,NCL,N/A
0,4294967295,3897,46,ReshapeAndCacheNdKernel,ReshapeAndCacheNdKernel,dynamic,AI_VECTOR_CORE,1790613010455969.951	,3.060,22.890000,10,0,NO,"""10,2,64;10,2,64;11823,128,2,64;11823,128,2,64;10""",DT_BF16;DT_BF16;DT_BF16;DT_BF16;INT32,ND;ND;ND;ND;ND,"""11823,128,2,64;11823,128,2,64""",DT_BF16;DT_BF16,ND;ND,N/A
0,4294967295,3898,46,aclnnContiguous_SliceAiCore_Slice,Slice,dynamic,AI_VECTOR_CORE,1790613010456436.730	,1.580,463.690000,10,0,NO,"""10,18,64;3;3""",DT_BF16;INT64;INT64,NCL;ND;ND,"""10,2,64""",DT_BF16,NCL,N/A
0,4294967295,3899,46,FusedInferAttentionScore,FusedInferAttentionScore,dynamic,MIX_AIC,1790613010456449.990	,22.721,11.670000,24,48,NO,"""10,14,64;10,2,64;10,2,64;;2048,2048;1;1;;;;;;;;;;;;;;;;;;;;;;;;""",DT_BF16;DT_BF16;DT_BF16;DT_UNDEFINED;INT8;INT64;INT64;DT_UNDEFINED;DT_UNDEFINED;DT_UNDEFINED;DT_UNDEFINED;DT_UNDEFINED;DT_UNDEFINED;DT_UNDEFINED;DT_UNDEFINED;DT_UNDEFINED;DT_UNDEFINED;DT_UNDEFINED;DT_UNDEFINED;DT_UNDEFINED;DT_UNDEFINED;DT_UNDEFINED;DT_UNDEFINED;DT_UNDEFINED;DT_UNDEFINED;DT_UNDEFINED;DT_UNDEFINED;DT_UNDEFINED;DT_UNDEFINED;DT_UNDEFINED;DT_UNDEFINED,ND;ND;ND;NULL;ND;ND;ND;NULL;NULL;NULL;NULL;NULL;NULL;NULL;NULL;NULL;NULL;NULL;NULL;NULL;NULL;NULL;NULL;NULL;NULL;NULL;NULL;NULL;NULL;NULL;NULL,"""10,14,64;""",DT_BF16;FLOAT,ND;ND,0
0,4294967295,3901,46,aclnnMatmul_MatMulCommon_MatMulV2,MatMulV2,dynamic,AI_CORE,1790613010456910.989	,5.620,438.279000,19,0,NO,"""10,896;896,896""",DT_BF16;DT_BF16,ND;ND,"""10,896""",DT_BF16,ND,N/A
0,4294967295,3902,46,AddRmsNormBias,AddRmsNormBias,dynamic,AI_VECTOR_CORE,1790613010457085.616	,3.460,168.880000,10,0,NO,"""10,896;10,896;896;""",DT_BF16;DT_BF16;DT_BF16;DT_UNDEFINED,ND;ND;ND;NULL,"""10,896;10,1;10,896""",DT_BF16;FLOAT;DT_BF16,ND;ND;ND,N/A
0,4294967295,3903,46,aclnnMatmul_MatMulCommon_MatMulV2,MatMulV2,dynamic,AI_CORE,1790613010457253.763	,19.220,164.790000,22,0,NO,"""10,896;9728,896""",DT_BF16;DT_BF16,ND;ND,"""10,9728""",DT_BF16,ND,N/A
0,4294967295,3904,46,SwiGlu,SwiGlu,dynamic,AI_VECTOR_CORE,1790613010457391.748	,5.020,118.780000,10,0,NO,"""10,9728""",DT_BF16,ND,"""10,4864""",DT_BF16,ND,N/A
0,4294967295,3905,46,aclnnMatmul_MatMulCommon_MatMulV2,MatMulV2,dynamic,AI_CORE,1790613010457535.694	,16.221,138.980000,19,0,NO,"""10,4864;896,4864""",DT_BF16;DT_BF16,ND;ND,"""10,896""",DT_BF16,ND,N/A
0,4294967295,3906,46,AddRmsNormBias,AddRmsNormBias,dynamic,AI_VECTOR_CORE,1790613010457714.961	,3.280,163.029000,10,0,NO,"""10,896;10,896;896;""",DT_BF16;DT_BF16;DT_BF16;DT_UNDEFINED,ND;ND;ND;NULL,"""10,896;10,1;10,896""",DT_BF16;FLOAT;DT_BF16,ND;ND;ND,N/A
0,4294967295,3907,46,aclnnAddmm_CastAiCore_Cast,Cast,dynamic,AI_VECTOR_CORE,1790613010457874.007	,1.100,155.720000,2,0,NO,"""1152""",DT_BF16,ND,"""1152""",FLOAT,ND,N/A
0,4294967295,3908,46,aclnnAddmm_MatMulCommon_MatMulV2,MatMulV2,dynamic,AI_CORE,1790613010457876.467	,6.861,1.400000,24,0,NO,"""10,896;1152,896;1152""",DT_BF16;DT_BF16;FLOAT,ND;ND;ND,"""10,1152""",DT_BF16,ND,N/A
0,4294967295,3909,46,aclnnInplaceCopy_SliceAiCore_Slice,Slice,dynamic,AI_VECTOR_CORE,1790613010458045.754	,2.660,162.389000,10,0,NO,"""10,18,64;3;3""",DT_BF16;INT64;INT64,NCL;ND;ND,"""10,14,64""",DT_BF16,NCL,N/A
0,4294967295,3910,46,aclnnInplaceCopy_SliceAiCore_Slice,Slice,dynamic,AI_VECTOR_CORE,1790613010458048.494	,2.380,0.090000,10,0,NO,"""10,18,64;3;3""",DT_BF16;INT64;INT64,NCL;ND;ND,"""10,2,64""",DT_BF16,NCL,N/A
0,4294967295,3911,46,_triton_rope,_triton_rope,static,AI_VECTOR_CORE,1790613010458758.623	,4.840,707.620000,10,0,YES,"""10,14,64;10,2,64;32768,64""",DT_BF16;32590;DT_BF16,ND;ND;ND,"""10,14,64;10,2,64""",DT_BF16;32590,ND;ND,N/A
0,4294967295,3912,46,aclnnInplaceCopy_SliceAiCore_Slice,Slice,dynamic,AI_VECTOR_CORE,1790613010459433.510	,2.420,670.160000,10,0,NO,"""10,18,64;3;3""",DT_BF16;INT64;INT64,NCL;ND;ND,"""10,2,64""",DT_BF16,NCL,N/A
0,4294967295,3913,46,ReshapeAndCacheNdKernel,ReshapeAndCacheNdKernel,dynamic,AI_VECTOR_CORE,1790613010459455.791	,3.340,19.830000,10,0,NO,"""10,2,64;10,2,64;11823,128,2,64;11823,128,2,64;10""",DT_BF16;DT_BF16;DT_BF16;DT_BF16;INT32,ND;ND;ND;ND;ND,"""11823,128,2,64;11823,128,2,64""",DT_BF16;DT_BF16,ND;ND,N/A
0,4294967295,3914,46,aclnnContiguous_SliceAiCore_Slice,Slice,dynamic,AI_VECTOR_CORE,1790613010459913.249	,1.520,454.160000,10,0,NO,"""10,18,64;3;3""",DT_BF16;INT64;INT64,NCL;ND;ND,"""10,2,64""",DT_BF16,NCL,N/A
0,4294967295,3915,46,FusedInferAttentionScore,FusedInferAttentionScore,dynamic,MIX_AIC,1790613010459930.669	,21.541,15.980000,24,48,NO,"""10,14,64;10,2,64;10,2,64;;2048,2048;1;1;;;;;;;;;;;;;;;;;;;;;;;;""",DT_BF16;DT_BF16;DT_BF16;DT_UNDEFINED;INT8;INT64;INT64;DT_UNDEFINED;DT_UNDEFINED;DT_UNDEFINED;DT_UNDEFINED;DT_UNDEFINED;DT_UNDEFINED;DT_UNDEFINED;DT_UNDEFINED;DT_UNDEFINED;DT_UNDEFINED;DT_UNDEFINED;DT_UNDEFINED;DT_UNDEFINED;DT_UNDEFINED;DT_UNDEFINED;DT_UNDEFINED;DT_UNDEFINED;DT_UNDEFINED;DT_UNDEFINED;DT_UNDEFINED;DT_UNDEFINED;DT_UNDEFINED;DT_UNDEFINED;DT_UNDEFINED,ND;ND;ND;NULL;ND;ND;ND;NULL;NULL;NULL;NULL;NULL;NULL;NULL;NULL;NULL;NULL;NULL;NULL;NULL;NULL;NULL;NULL;NULL;NULL;NULL;NULL;NULL;NULL;NULL;NULL,"""10,14,64;""",DT_BF16;FLOAT,ND;ND,0
0,4294967295,3917,46,aclnnMatmul_MatMulCommon_MatMulV2,MatMulV2,dynamic,AI_CORE,1790613010460397.748	,5.761,445.459000,19,0,NO,"""10,896;896,896""",DT_BF16;DT_BF16,ND;ND,"""10,896""",DT_BF16,ND,N/A
0,4294967295,3918,46,AddRmsNormBias,AddRmsNormBias,dynamic,AI_VECTOR_CORE,1790613010460573.795	,3.040,170.239000,10,0,NO,"""10,896;10,896;896;""",DT_BF16;DT_BF16;DT_BF16;DT_UNDEFINED,ND;ND;ND;NULL,"""10,896;10,1;10,896""",DT_BF16;FLOAT;DT_BF16,ND;ND;ND,N/A
0,4294967295,3919,46,aclnnMatmul_MatMulCommon_MatMulV2,MatMulV2,dynamic,AI_CORE,1790613010460738.242	,18.681,161.460000,22,0,NO,"""10,896;9728,896""",DT_BF16;DT_BF16,ND;ND,"""10,9728""",DT_BF16,ND,N/A
0,4294967295,3920,46,SwiGlu,SwiGlu,dynamic,AI_VECTOR_CORE,1790613010460872.007	,4.940,115.069000,10,0,NO,"""10,9728""",DT_BF16,ND,"""10,4864""",DT_BF16,ND,N/A
0,4294967295,3921,46,aclnnMatmul_MatMulCommon_MatMulV2,MatMulV2,dynamic,AI_CORE,1790613010461011.853	,16.580,134.810000,19,0,NO,"""10,4864;896,4864""",DT_BF16;DT_BF16,ND;ND,"""10,896""",DT_BF16,ND,N/A
0,4294967295,3922,46,AddRmsNormBias,AddRmsNormBias,dynamic,AI_VECTOR_CORE,1790613010461212.881	,3.340,184.670000,10,0,NO,"""10,896;10,896;896;""",DT_BF16;DT_BF16;DT_BF16;DT_UNDEFINED,ND;ND;ND;NULL,"""10,896;10,1;10,896""",DT_BF16;FLOAT;DT_BF16,ND;ND;ND,N/A
0,4294967295,3923,46,aclnnAddmm_CastAiCore_Cast,Cast,dynamic,AI_VECTOR_CORE,1790613010461380.087	,1.320,163.660000,2,0,NO,"""1152""",DT_BF16,ND,"""1152""",FLOAT,ND,N/A
0,4294967295,3924,46,aclnnAddmm_MatMulCommon_MatMulV2,MatMulV2,dynamic,AI_CORE,1790613010461383.128	,7.340,1.930000,24,0,NO,"""10,896;1152,896;1152""",DT_BF16;DT_BF16;FLOAT,ND;ND;ND,"""10,1152""",DT_BF16,ND,N/A
0,4294967295,3925,46,aclnnInplaceCopy_SliceAiCore_Slice,Slice,dynamic,AI_VECTOR_CORE,1790613010461550.454	,2.500,159.910000,10,0,NO,"""10,18,64;3;3""",DT_BF16;INT64;INT64,NCL;ND;ND,"""10,14,64""",DT_BF16,NCL,N/A
0,4294967295,3926,46,aclnnInplaceCopy_SliceAiCore_Slice,Slice,dynamic,AI_VECTOR_CORE,1790613010461552.974	,2.401,0.000000,10,0,NO,"""10,18,64;3;3""",DT_BF16;INT64;INT64,NCL;ND;ND,"""10,2,64""",DT_BF16,NCL,N/A
0,4294967295,3927,46,_triton_rope,_triton_rope,static,AI_VECTOR_CORE,1790613010462266.963	,4.480,711.599000,10,0,YES,"""10,14,64;10,2,64;32768,64""",DT_BF16;32590;DT_BF16,ND;ND;ND,"""10,14,64;10,2,64""",DT_BF16;32590,ND;ND,N/A
0,4294967295,3928,46,aclnnInplaceCopy_SliceAiCore_Slice,Slice,dynamic,AI_VECTOR_CORE,1790613010462937.710	,2.420,666.270000,10,0,NO,"""10,18,64;3;3""",DT_BF16;INT64;INT64,NCL;ND;ND,"""10,2,64""",DT_BF16,NCL,N/A
0,4294967295,3929,46,ReshapeAndCacheNdKernel,ReshapeAndCacheNdKernel,dynamic,AI_VECTOR_CORE,1790613010462944.450	,2.980,4.330000,10,0,NO,"""10,2,64;10,2,64;11823,128,2,64;11823,128,2,64;10""",DT_BF16;DT_BF16;DT_BF16;DT_BF16;INT32,ND;ND;ND;ND;ND,"""11823,128,2,64;11823,128,2,64""",DT_BF16;DT_BF16,ND;ND,N/A
0,4294967295,3930,46,aclnnContiguous_SliceAiCore_Slice,Slice,dynamic,AI_VECTOR_CORE,1790613010463403.308	,1.581,455.770000,10,0,NO,"""10,18,64;3;3""",DT_BF16;INT64;INT64,NCL;ND;ND,"""10,2,64""",DT_BF16,NCL,N/A
0,4294967295,3931,46,FusedInferAttentionScore,FusedInferAttentionScore,dynamic,MIX_AIC,1790613010463410.569	,20.760,5.669000,24,48,NO,"""10,14,64;10,2,64;10,2,64;;2048,2048;1;1;;;;;;;;;;;;;;;;;;;;;;;;""",DT_BF16;DT_BF16;DT_BF16;DT_UNDEFINED;INT8;INT64;INT64;DT_UNDEFINED;DT_UNDEFINED;DT_UNDEFINED;DT_UNDEFINED;DT_UNDEFINED;DT_UNDEFINED;DT_UNDEFINED;DT_UNDEFINED;DT_UNDEFINED;DT_UNDEFINED;DT_UNDEFINED;DT_UNDEFINED;DT_UNDEFINED;DT_UNDEFINED;DT_UNDEFINED;DT_UNDEFINED;DT_UNDEFINED;DT_UNDEFINED;DT_UNDEFINED;DT_UNDEFINED;DT_UNDEFINED;DT_UNDEFINED;DT_UNDEFINED;DT_UNDEFINED,ND;ND;ND;NULL;ND;ND;ND;NULL;NULL;NULL;NULL;NULL;NULL;NULL;NULL;NULL;NULL;NULL;NULL;NULL;NULL;NULL;NULL;NULL;NULL;NULL;NULL;NULL;NULL;NULL;NULL,"""10,14,64;""",DT_BF16;FLOAT,ND;ND,0
0,4294967295,3933,46,aclnnMatmul_MatMulCommon_MatMulV2,MatMulV2,dynamic,AI_CORE,1790613010463910.809	,5.540,479.490000,19,0,NO,"""10,896;896,896""",DT_BF16;DT_BF16,ND;ND,"""10,896""",DT_BF16,ND,N/A
0,4294967295,3934,46,AddRmsNormBias,AddRmsNormBias,dynamic,AI_VECTOR_CORE,1790613010464086.556	,3.140,170.210000,10,0,NO,"""10,896;10,896;896;""",DT_BF16;DT_BF16;DT_BF16;DT_UNDEFINED,ND;ND;ND;NULL,"""10,896;10,1;10,896""",DT_BF16;FLOAT;DT_BF16,ND;ND;ND,N/A
0,4294967295,3935,46,aclnnMatmul_MatMulCommon_MatMulV2,MatMulV2,dynamic,AI_CORE,1790613010464238.542	,19.821,148.860000,22,0,NO,"""10,896;9728,896""",DT_BF16;DT_BF16,ND;ND,"""10,9728""",DT_BF16,ND,N/A
0,4294967295,3936,46,SwiGlu,SwiGlu,dynamic,AI_VECTOR_CORE,1790613010464363.727	,5.220,105.429000,10,0,NO,"""10,9728""",DT_BF16,ND,"""10,4864""",DT_BF16,ND,N/A
0,4294967295,3937,46,aclnnMatmul_MatMulCommon_MatMulV2,MatMulV2,dynamic,AI_CORE,1790613010464497.472	,16.241,128.530000,19,0,NO,"""10,4864;896,4864""",DT_BF16;DT_BF16,ND;ND,"""10,896""",DT_BF16,ND,N/A
0,4294967295,3938,46,AddRmsNormBias,AddRmsNormBias,dynamic,AI_VECTOR_CORE,1790613010464681.299	,3.121,167.509000,10,0,NO,"""10,896;10,896;896;""",DT_BF16;DT_BF16;DT_BF16;DT_UNDEFINED,ND;ND;ND;NULL,"""10,896;10,1;10,896""",DT_BF16;FLOAT;DT_BF16,ND;ND;ND,N/A
0,4294967295,3939,46,aclnnAddmm_CastAiCore_Cast,Cast,dynamic,AI_VECTOR_CORE,1790613010464849.486	,1.100,165.129000,2,0,NO,"""1152""",DT_BF16,ND,"""1152""",FLOAT,ND,N/A
0,4294967295,3940,46,aclnnAddmm_MatMulCommon_MatMulV2,MatMulV2,dynamic,AI_CORE,1790613010464852.006	,7.141,1.400000,24,0,NO,"""10,896;1152,896;1152""",DT_BF16;DT_BF16;FLOAT,ND;ND;ND,"""10,1152""",DT_BF16,ND,N/A
0,4294967295,3941,46,aclnnInplaceCopy_SliceAiCore_Slice,Slice,dynamic,AI_VECTOR_CORE,1790613010465032.173	,2.461,173.109000,10,0,NO,"""10,18,64;3;3""",DT_BF16;INT64;INT64,NCL;ND;ND,"""10,14,64""",DT_BF16,NCL,N/A
0,4294967295,3942,46,aclnnInplaceCopy_SliceAiCore_Slice,Slice,dynamic,AI_VECTOR_CORE,1790613010465035.374	,2.340,0.539000,10,0,NO,"""10,18,64;3;3""",DT_BF16;INT64;INT64,NCL;ND;ND,"""10,2,64""",DT_BF16,NCL,N/A
0,4294967295,3943,46,_triton_rope,_triton_rope,static,AI_VECTOR_CORE,1790613010465749.802	,4.320,712.160000,10,0,YES,"""10,14,64;10,2,64;32768,64""",DT_BF16;32590;DT_BF16,ND;ND;ND,"""10,14,64;10,2,64""",DT_BF16;32590,ND;ND,N/A
0,4294967295,3944,46,aclnnInplaceCopy_SliceAiCore_Slice,Slice,dynamic,AI_VECTOR_CORE,1790613010466418.009	,2.400,663.930000,10,0,NO,"""10,18,64;3;3""",DT_BF16;INT64;INT64,NCL;ND;ND,"""10,2,64""",DT_BF16,NCL,N/A
0,4294967295,3945,46,ReshapeAndCacheNdKernel,ReshapeAndCacheNdKernel,dynamic,AI_VECTOR_CORE,1790613010466439.270	,2.760,18.850000,10,0,NO,"""10,2,64;10,2,64;11823,128,2,64;11823,128,2,64;10""",DT_BF16;DT_BF16;DT_BF16;DT_BF16;INT32,ND;ND;ND;ND;ND,"""11823,128,2,64;11823,128,2,64""",DT_BF16;DT_BF16,ND;ND,N/A
0,4294967295,3946,46,aclnnContiguous_SliceAiCore_Slice,Slice,dynamic,AI_VECTOR_CORE,1790613010466900.528	,1.500,458.490000,10,0,NO,"""10,18,64;3;3""",DT_BF16;INT64;INT64,NCL;ND;ND,"""10,2,64""",DT_BF16,NCL,N/A
0,4294967295,3947,46,FusedInferAttentionScore,FusedInferAttentionScore,dynamic,MIX_AIC,1790613010466908.989	,18.280,7.000000,24,48,NO,"""10,14,64;10,2,64;10,2,64;;2048,2048;1;1;;;;;;;;;;;;;;;;;;;;;;;;""",DT_BF16;DT_BF16;DT_BF16;DT_UNDEFINED;INT8;INT64;INT64;DT_UNDEFINED;DT_UNDEFINED;DT_UNDEFINED;DT_UNDEFINED;DT_UNDEFINED;DT_UNDEFINED;DT_UNDEFINED;DT_UNDEFINED;DT_UNDEFINED;DT_UNDEFINED;DT_UNDEFINED;DT_UNDEFINED;DT_UNDEFINED;DT_UNDEFINED;DT_UNDEFINED;DT_UNDEFINED;DT_UNDEFINED;DT_UNDEFINED;DT_UNDEFINED;DT_UNDEFINED;DT_UNDEFINED;DT_UNDEFINED;DT_UNDEFINED;DT_UNDEFINED,ND;ND;ND;NULL;ND;ND;ND;NULL;NULL;NULL;NULL;NULL;NULL;NULL;NULL;NULL;NULL;NULL;NULL;NULL;NULL;NULL;NULL;NULL;NULL;NULL;NULL;NULL;NULL;NULL;NULL,"""10,14,64;""",DT_BF16;FLOAT,ND;ND,0
0,4294967295,3949,46,aclnnMatmul_MatMulCommon_MatMulV2,MatMulV2,dynamic,AI_CORE,1790613010467398.808	,5.420,471.470000,19,0,NO,"""10,896;896,896""",DT_BF16;DT_BF16,ND;ND,"""10,896""",DT_BF16,ND,N/A
0,4294967295,3950,46,AddRmsNormBias,AddRmsNormBias,dynamic,AI_VECTOR_CORE,1790613010467569.235	,3.080,165.080000,10,0,NO,"""10,896;10,896;896;""",DT_BF16;DT_BF16;DT_BF16;DT_UNDEFINED,ND;ND;ND;NULL,"""10,896;10,1;10,896""",DT_BF16;FLOAT;DT_BF16,ND;ND;ND,N/A
0,4294967295,3951,46,aclnnMatmul_MatMulCommon_MatMulV2,MatMulV2,dynamic,AI_CORE,1790613010467728.341	,20.021,155.920000,22,0,NO,"""10,896;9728,896""",DT_BF16;DT_BF16,ND;ND,"""10,9728""",DT_BF16,ND,N/A
0,4294967295,3952,46,SwiGlu,SwiGlu,dynamic,AI_VECTOR_CORE,1790613010467852.206	,4.541,103.979000,10,0,NO,"""10,9728""",DT_BF16,ND,"""10,4864""",DT_BF16,ND,N/A
0,4294967295,3953,46,aclnnMatmul_MatMulCommon_MatMulV2,MatMulV2,dynamic,AI_CORE,1790613010467996.392	,16.621,139.709000,19,0,NO,"""10,4864;896,4864""",DT_BF16;DT_BF16,ND;ND,"""10,896""",DT_BF16,ND,N/A
0,4294967295,3954,46,AddRmsNormBias,AddRmsNormBias,dynamic,AI_VECTOR_CORE,1790613010468185.580	,3.180,172.379000,10,0,NO,"""10,896;10,896;896;""",DT_BF16;DT_BF16;DT_BF16;DT_UNDEFINED,ND;ND;ND;NULL,"""10,896;10,1;10,896""",DT_BF16;FLOAT;DT_BF16,ND;ND;ND,N/A
0,4294967295,3955,46,aclnnIndex_IndexAiCore_Index,Index,dynamic,AI_VECTOR_CORE,1790613010468385.288	,9.620,196.570000,48,0,NO,"""10,896;1;2;1""",DT_BF16;INT64;INT64;INT32,ND;ND;ND;ND,"""1,896""",DT_BF16,ND,N/A
0,4294967295,3956,46,aclnnMatmul_MatMulCommon_MatMulV2,MatMulV2,dynamic,AI_CORE,1790613010468444.090	,219.249,49.130000,24,0,NO,"""1,896;151936,896""",DT_BF16;DT_BF16,ND;ND,"""1,151936""",DT_BF16,ND,N/A
0,4294967295,3957,46,aclnnInplaceCopy_CastAiCore_Cast,Cast,dynamic,AI_VECTOR_CORE,1790613010468988.532	,9.060,325.251000,48,0,NO,"""1,151936""",DT_BF16,ND,"""1,151936""",FLOAT,ND,N/A
0,4294967295,3958,46,aclnnLogSoftmax_LogSoftmaxAiCore_LogSoftmaxV2,LogSoftmaxV2,dynamic,AI_VECTOR_CORE,1790613010468997.612	,48.482,0.000000,1,0,NO,"""1,151936""",FLOAT,ND,"""1,151936""",FLOAT,ND,N/A
0,4294967295,3959,46,aclnnInplaceCopy_CastAiCore_Cast,Cast,dynamic,AI_VECTOR_CORE,1790613010469046.114	,3.000,0.018000,48,0,NO,"""1,151936""",DT_BF16,ND,"""1,151936""",FLOAT,ND,N/A
0,4294967295,3960,46,aclnnInplaceZero_ZerosLikeAiCore_ZerosLike,ZerosLike,dynamic,AI_VECTOR_CORE,1790613010469138.638	,9.560,89.750000,48,0,NO,"""1,151936""",INT32,ND,"""1,151936""",INT32,ND,N/A
0,4294967295,3961,46,token_bin_counts_and_mask_kernel,token_bin_counts_and_mask_kernel,static,AI_VECTOR_CORE,1790613010469828.645	,57.143,680.440000,1,0,YES,"""1,10;1,151936""",INT64;FLOAT,ND;ND,"""1,151936""",FLOAT,ND,N/A
0,4294967295,3962,46,aclnnGtScalar_CastAiCore_Cast,Cast,dynamic,AI_VECTOR_CORE,1790613010470057.475	,8.620,171.607000,48,0,NO,"""1,151936""",INT32,ND,"""1,151936""",INT64,ND,N/A
0,4294967295,3963,46,aclnnGtScalar_GreaterAiCore_Greater,Greater,dynamic,AI_VECTOR_CORE,1790613010470066.115	,15.660,0.000000,48,0,NO,"""1,151936;""",INT64;INT64,ND;ND,"""1,151936""",BOOL,ND,N/A
0,4294967295,3964,46,aclnnInplaceZero_ZerosLikeAiCore_ZerosLike,ZerosLike,dynamic,AI_VECTOR_CORE,1790613010470081.795	,2.480,0.090000,48,0,NO,"""1,151936""",INT32,ND,"""1,151936""",INT32,ND,N/A
0,4294967295,3965,46,aclnnGtScalar_CastAiCore_Cast,Cast,dynamic,AI_VECTOR_CORE,1790613010470084.295	,2.741,0.020000,48,0,NO,"""1,151936""",INT32,ND,"""1,151936""",INT64,ND,N/A
0,4294967295,3966,46,aclnnGtScalar_GreaterAiCore_Greater,Greater,dynamic,AI_VECTOR_CORE,1790613010470087.056	,10.880,0.009000,48,0,NO,"""1,151936;""",INT64;INT64,ND;ND,"""1,151936""",BOOL,ND,N/A
0,4294967295,3967,46,apply_all_penalties_kernel,apply_all_penalties_kernel,static,AI_VECTOR_CORE,1790613010470878.947	,75.823,781.120000,1,0,YES,"""1,151936;1,151936;1,151936;1,151936""",FLOAT;BOOL;BOOL;INT32,ND;ND;ND;ND,"""1,151936""",FLOAT,ND,N/A
0,4294967295,3968,46,aclnnArgMax_ArgMaxV2AiCore_ArgMaxV2,ArgMaxV2,dynamic,AI_VECTOR_CORE,1790613010471178.859	,18.761,223.927000,1,0,NO,"""1,151936;""",FLOAT;INT64,ND;ND,"""1""",INT32,ND,N/A
0,4294967295,3969,46,aclnnArgMax_CastAiCore_Cast,Cast,dynamic,AI_VECTOR_CORE,1790613010471197.640	,0.800,0.239000,1,0,NO,"""1""",INT32,ND,"""1""",INT64,ND,N/A
0,4294967295,3970,46,aclnnTopk_TopkV2AiCore_TopKV2,TopKV2,dynamic,MIX_AIV,1790613010471214.681	,18.520,16.200000,38,0,NO,"""1,151936;""",FLOAT;INT32,ND;ND,"""1,32;1,32""",FLOAT;INT32,ND;ND,0
0,4294967295,3971,46,aclnnTopk_TopkV2AiCore_TopKV2,TopKV2,dynamic,MIX_AIV,1790613010471235.981	,3.061,2.730000,1,0,NO,"""1,32;""",FLOAT;INT32,ND;ND,"""1,1;1,1""",FLOAT;INT32,ND;ND,0
0,4294967295,3972,46,aclnnTopk_GatherElements_GatherElements,GatherElements,dynamic,AI_VECTOR_CORE,1790613010471240.162	,10.000,1.189000,48,0,NO,"""1,32;1,1""",INT32;INT32,ND;ND,"""1,1""",INT32,ND,N/A
0,4294967295,3973,46,aclnnTopk_CastAiCore_Cast,Cast,dynamic,AI_VECTOR_CORE,1790613010471250.202	,0.880,0.000000,1,0,NO,"""1,1""",INT32,ND,"""1,1""",INT64,ND,N/A
0,4294967295,3974,46,aclnnGather_CastAiCore_Cast,Cast,dynamic,AI_VECTOR_CORE,1790613010471251.102	,1.440,0.000000,1,0,NO,"""1,1""",INT64,ND,"""1,1""",INT32,ND,N/A
0,4294967295,3975,46,aclnnGather_GatherElementsV2_GatherElementsV2,GatherElementsV2,dynamic,AI_VECTOR_CORE,1790613010471252.562	,3.820,0.060000,1,0,NO,"""1,151936;1,1""",FLOAT;INT32,ND;ND,"""1,1""",FLOAT,ND,N/A
0,4294967295,3976,46,aclnnGeTensor_GreaterEqual_GreaterEqual,GreaterEqual,dynamic,AI_VECTOR_CORE,1790613010471467.651	,9.300,211.430000,48,0,NO,"""1,151936;1,1""",FLOAT;FLOAT,ND;ND,"""1,151936""",BOOL,ND,N/A
0,4294967295,3977,46,aclnnReduceSum_CastAiCore_Cast,Cast,dynamic,AI_VECTOR_CORE,1790613010471476.971	,8.360,0.000000,48,0,NO,"""1,151936""",BOOL,ND,"""1,151936""",FLOAT,ND,N/A
0,4294967295,3978,46,aclnnReduceSum_ReduceSumOpAiCore_ReduceSum,ReduceSum,dynamic,MIX_AIV,1790613010471486.451	,19.921,1.140000,48,0,NO,"""1,151936;1""",FLOAT;INT64,ND;ND,"""1""",FLOAT,ND,0
0,4294967295,3979,46,aclnnReduceSum_CastAiCore_Cast,Cast,dynamic,AI_VECTOR_CORE,1790613010471507.052	,1.100,0.579000,1,0,NO,"""1""",FLOAT,ND,"""1""",INT64,ND,N/A
0,4294967295,3980,46,aclnnCat_ConcatD_ConcatD,ConcatD,dynamic,AI_VECTOR_CORE,1790613010471508.173	,2.220,0.150000,1,0,NO,"""1,1;1,1""",INT64;INT64,ND;ND,"""1,2""",INT64,ND,N/A
0,4294967295,3981,46,aclnnCat_ConcatD_ConcatD,ConcatD,dynamic,AI_VECTOR_CORE,1790613010471510.433	,1.620,0.030000,1,0,NO,"""1,1;1,1""",FLOAT;FLOAT,ND;ND,"""1,2""",FLOAT,ND,N/A
0,4294967295,3982,46,aclnnInplaceCopy_CastAiCore_Cast,Cast,dynamic,AI_VECTOR_CORE,1790613010471518.073	,1.000,5.880000,1,0,NO,"""1,2""",INT64,ND,"""1,2""",INT32,ND,N/A
0,4294967295,3983,46,aclnnInplaceCopy_CastAiCore_Cast,Cast,dynamic,AI_VECTOR_CORE,1790613010471537.294	,1.060,18.250000,1,0,NO,"""1""",INT64,ND,"""1""",INT32,ND,N/A
0,4294967295,3988,46,aclnnInplaceFillScalar_FillAiCore_Fill,Fill,dynamic,AI_VECTOR_CORE,1790613010476642.078	,1.100,5103.690000,1,0,NO,"""1;""",INT64;INT32,ND;ND,"""1""",INT32,ND,N/A
0,4294967295,3991,46,aclnnInplaceFillScalar_FillAiCore_Fill,Fill,dynamic,AI_VECTOR_CORE,1790613010477144.678	,1.140,501.650000,1,0,NO,"""1;""",INT64;INT32,ND;ND,"""1""",INT32,ND,N/A
0,4294967295,3996,46,aclnnIndex_IndexAiCore_Index,Index,dynamic,AI_VECTOR_CORE,1790613010477648.298	,8.520,502.360000,48,0,NO,"""1;1;1;1""",INT32;INT64;INT64;INT64,ND;ND;ND;ND,"""1""",INT32,ND,N/A
0,4294967295,3997,46,aclnnInplaceCopy_CastAiCore_Cast,Cast,dynamic,AI_VECTOR_CORE,1790613010477656.838	,0.960,0.000000,1,0,NO,"""1""",INT32,ND,"""1""",INT64,ND,N/A
0,4294967295,3998,46,aclnnAdd_AddAiCore_Add,Add,dynamic,AI_VECTOR_CORE,1790613010477667.259	,2.280,9.540000,1,0,NO,"""1;1""",INT64;INT64,ND;ND,"""1""",INT64,ND,N/A
0,4294967295,4000,46,aclnnAdd_AddAiCore_Add,Add,dynamic,AI_VECTOR_CORE,1790613010477718.141	,1.300,48.720000,1,0,NO,"""1;1""",INT32;INT32,ND;ND,"""1""",INT32,ND,N/A
0,4294967295,4002,46,_compute_slot_mapping_kernel,_compute_slot_mapping_kernel,static,AI_VECTOR_CORE,1790613010478426.829	,120.585,707.200000,2,0,YES,"""2;1;1,2""",461301056;32590;INT32,ND;ND;ND,"""258""",INT64,ND,N/A
0,4294967295,4003,46,aclnnSubs_SubAiCore_Sub,Sub,dynamic,AI_VECTOR_CORE,1790613010478713.241	,1.260,165.915000,1,0,NO,"""1;""",INT32;INT32,ND;ND,"""1""",INT32,ND,N/A
0,4294967295,4005,46,aclnnIndexSelect_GatherV3AiCore_GatherV3,GatherV3,dynamic,AI_VECTOR_CORE,1790613010479256.402	,2.540,541.990000,1,0,NO,"""32768,64;1;1""",DT_BF16;INT64;INT64,ND;ND;ND,"""1,64""",DT_BF16,ND,N/A
0,4294967295,4006,46,aclnnRepeat_TileAiCore_Tile,Tile,dynamic,AI_VECTOR_CORE,1790613010479258.962	,2.000,0.000000,1,0,NO,"""1,2,32;3""",DT_BF16;INT64,NCL;ND,"""1,2,64""",DT_BF16,ND,N/A
0,4294967295,4008,46,aclnnIndexSelect_GatherV3AiCore_GatherV3,GatherV3,dynamic,AI_VECTOR_CORE,1790613010479317.545	,2.040,56.500000,1,0,NO,"""32768,64;1;1""",DT_BF16;INT64;INT64,ND;ND;ND,"""1,64""",DT_BF16,ND,N/A
0,4294967295,4009,46,aclnnRepeat_TileAiCore_Tile,Tile,dynamic,AI_VECTOR_CORE,1790613010479320.865	,1.880,1.210000,1,0,NO,"""1,2,32;3""",DT_BF16;INT64,NCL;ND,"""1,2,64""",DT_BF16,ND,N/A
0,4294967295,4011,46,aclnnInplaceCopy_CastAiCore_Cast,Cast,dynamic,AI_VECTOR_CORE,1790613010479960.910	,1.200,638.370000,1,0,NO,"""1""",INT32,ND,"""1""",INT64,ND,N/A
0,4294967295,4012,46,aclnnEmbedding_GatherV2AiCore_GatherV2,GatherV2,dynamic,AI_VECTOR_CORE,1790613010479976.311	,9.180,14.050000,48,0,NO,"""151936,896;1;1""",DT_BF16;INT64;INT64,ND;ND;ND,"""1,896""",DT_BF16,ND,N/A
0,4294967295,4013,46,RmsNorm,RmsNorm,dynamic,AI_VECTOR_CORE,1790613010480094.476	,5.240,109.070000,1,0,NO,"""1,896;896""",DT_BF16;DT_BF16,ND;ND,"""1,896;1,1""",DT_BF16;FLOAT,ND;ND,N/A
0,4294967295,4014,46,aclnnAddmm_CastAiCore_Cast,Cast,dynamic,AI_VECTOR_CORE,1790613010480287.303	,1.120,187.510000,2,0,NO,"""1152""",DT_BF16,ND,"""1152""",FLOAT,ND,N/A
0,4294967295,4015,46,aclnnAddmm_MatMulCommon_MatMulV2,MatMulV2,dynamic,AI_CORE,1790613010480289.763	,8.121,1.380000,24,0,NO,"""1,896;1152,896;1152""",DT_BF16;DT_BF16;FLOAT,ND;ND;ND,"""1,1152""",DT_BF16,ND,N/A
0,4294967295,4016,46,_triton_rope,_triton_rope,static,AI_VECTOR_CORE,1790613010481189.179	,3.101,891.379000,1,0,YES,"""1,14,64;1,2,64;32768,64""",DT_BF16;32590;DT_BF16,ND;ND;ND,"""1,14,64;1,2,64""",DT_BF16;32590,ND;ND,N/A
0,4294967295,4017,46,ReshapeAndCacheNdKernel,ReshapeAndCacheNdKernel,dynamic,AI_VECTOR_CORE,1790613010481929.129	,1.820,736.899000,1,0,NO,"""1,2,64;1,2,64;11823,128,2,64;11823,128,2,64;1""",DT_BF16;DT_BF16;DT_BF16;DT_BF16;INT32,ND;ND;ND;ND;ND,"""11823,128,2,64;11823,128,2,64""",DT_BF16;DT_BF16,ND;ND,N/A
0,4294967295,4018,46,FusedInferAttentionScore,FusedInferAttentionScore,dynamic,MIX_AIC,1790613010482389.207	,20.281,458.180000,24,48,NO,"""1,14,64;11823,128,128;11823,128,128;;2048,2048;1;1;;;;;;;;1,2;;;;;;;;;;;;;;;;""",DT_BF16;DT_BF16;DT_BF16;DT_UNDEFINED;INT8;INT64;INT64;DT_UNDEFINED;DT_UNDEFINED;DT_UNDEFINED;DT_UNDEFINED;DT_UNDEFINED;DT_UNDEFINED;DT_UNDEFINED;INT32;DT_UNDEFINED;DT_UNDEFINED;DT_UNDEFINED;DT_UNDEFINED;DT_UNDEFINED;DT_UNDEFINED;DT_UNDEFINED;DT_UNDEFINED;DT_UNDEFINED;DT_UNDEFINED;DT_UNDEFINED;DT_UNDEFINED;DT_UNDEFINED;DT_UNDEFINED;DT_UNDEFINED;DT_UNDEFINED,ND;ND;ND;NULL;ND;ND;ND;NULL;NULL;NULL;NULL;NULL;NULL;NULL;ND;NULL;NULL;NULL;NULL;NULL;NULL;NULL;NULL;NULL;NULL;NULL;NULL;NULL;NULL;NULL;NULL,"""1,14,64;""",DT_BF16;FLOAT,ND;ND,0
0,4294967295,4020,46,aclnnMatmul_MatMulCommon_MatMulV2,MatMulV2,dynamic,AI_CORE,1790613010482853.526	,5.360,443.969000,19,0,NO,"""1,896;896,896""",DT_BF16;DT_BF16,ND;ND,"""1,896""",DT_BF16,ND,N/A
0,4294967295,4021,46,AddRmsNormBias,AddRmsNormBias,dynamic,AI_VECTOR_CORE,1790613010483030.813	,2.160,171.890000,1,0,NO,"""1,896;1,896;896;""",DT_BF16;DT_BF16;DT_BF16;DT_UNDEFINED,ND;ND;ND;NULL,"""1,896;1,1;1,896""",DT_BF16;FLOAT;DT_BF16,ND;ND;ND,N/A
0,4294967295,4022,46,aclnnMatmul_MatMulCommon_MatMulV2,MatMulV2,dynamic,AI_CORE,1790613010483183.899	,19.161,151.090000,22,0,NO,"""1,896;9728,896""",DT_BF16;DT_BF16,ND;ND,"""1,9728""",DT_BF16,ND,N/A
0,4294967295,4023,46,SwiGlu,SwiGlu,dynamic,AI_VECTOR_CORE,1790613010483308.244	,4.240,105.089000,1,0,NO,"""1,9728""",DT_BF16,ND,"""1,4864""",DT_BF16,ND,N/A
0,4294967295,4024,46,aclnnMatmul_MatMulCommon_MatMulV2,MatMulV2,dynamic,AI_CORE,1790613010483451.090	,16.321,138.510000,19,0,NO,"""1,4864;896,4864""",DT_BF16;DT_BF16,ND;ND,"""1,896""",DT_BF16,ND,N/A
0,4294967295,4025,46,AddRmsNormBias,AddRmsNormBias,dynamic,AI_VECTOR_CORE,1790613010483626.077	,1.720,158.679000,1,0,NO,"""1,896;1,896;896;""",DT_BF16;DT_BF16;DT_BF16;DT_UNDEFINED,ND;ND;ND;NULL,"""1,896;1,1;1,896""",DT_BF16;FLOAT;DT_BF16,ND;ND;ND,N/A
0,4294967295,4026,46,aclnnAddmm_CastAiCore_Cast,Cast,dynamic,AI_VECTOR_CORE,1790613010483785.323	,1.120,157.530000,2,0,NO,"""1152""",DT_BF16,ND,"""1152""",FLOAT,ND,N/A
0,4294967295,4027,46,aclnnAddmm_MatMulCommon_MatMulV2,MatMulV2,dynamic,AI_CORE,1790613010483787.703	,7.581,1.380000,24,0,NO,"""1,896;1152,896;1152""",DT_BF16;DT_BF16;FLOAT,ND;ND;ND,"""1,1152""",DT_BF16,ND,N/A
0,4294967295,4028,46,_triton_rope,_triton_rope,static,AI_VECTOR_CORE,1790613010484646.858	,2.800,851.419000,1,0,YES,"""1,14,64;1,2,64;32768,64""",DT_BF16;32590;DT_BF16,ND;ND;ND,"""1,14,64;1,2,64""",DT_BF16;32590,ND;ND,N/A
0,4294967295,4029,46,ReshapeAndCacheNdKernel,ReshapeAndCacheNdKernel,dynamic,AI_VECTOR_CORE,1790613010485331.085	,1.660,681.450000,1,0,NO,"""1,2,64;1,2,64;11823,128,2,64;11823,128,2,64;1""",DT_BF16;DT_BF16;DT_BF16;DT_BF16;INT32,ND;ND;ND;ND;ND,"""11823,128,2,64;11823,128,2,64""",DT_BF16;DT_BF16,ND;ND,N/A
0,4294967295,4030,46,FusedInferAttentionScore,FusedInferAttentionScore,dynamic,MIX_AIC,1790613010485798.584	,19.821,465.840000,24,48,NO,"""1,14,64;11823,128,128;11823,128,128;;2048,2048;1;1;;;;;;;;1,2;;;;;;;;;;;;;;;;""",DT_BF16;DT_BF16;DT_BF16;DT_UNDEFINED;INT8;INT64;INT64;DT_UNDEFINED;DT_UNDEFINED;DT_UNDEFINED;DT_UNDEFINED;DT_UNDEFINED;DT_UNDEFINED;DT_UNDEFINED;INT32;DT_UNDEFINED;DT_UNDEFINED;DT_UNDEFINED;DT_UNDEFINED;DT_UNDEFINED;DT_UNDEFINED;DT_UNDEFINED;DT_UNDEFINED;DT_UNDEFINED;DT_UNDEFINED;DT_UNDEFINED;DT_UNDEFINED;DT_UNDEFINED;DT_UNDEFINED;DT_UNDEFINED;DT_UNDEFINED,ND;ND;ND;NULL;ND;ND;ND;NULL;NULL;NULL;NULL;NULL;NULL;NULL;ND;NULL;NULL;NULL;NULL;NULL;NULL;NULL;NULL;NULL;NULL;NULL;NULL;NULL;NULL;NULL;NULL,"""1,14,64;""",DT_BF16;FLOAT,ND;ND,0
0,4294967295,4032,46,aclnnMatmul_MatMulCommon_MatMulV2,MatMulV2,dynamic,AI_CORE,1790613010486261.342	,5.641,442.929000,19,0,NO,"""1,896;896,896""",DT_BF16;DT_BF16,ND;ND,"""1,896""",DT_BF16,ND,N/A
0,4294967295,4033,46,AddRmsNormBias,AddRmsNormBias,dynamic,AI_VECTOR_CORE,1790613010486438.189	,1.740,171.359000,1,0,NO,"""1,896;1,896;896;""",DT_BF16;DT_BF16;DT_BF16;DT_UNDEFINED,ND;ND;ND;NULL,"""1,896;1,1;1,896""",DT_BF16;FLOAT;DT_BF16,ND;ND;ND,N/A
0,4294967295,4034,46,aclnnMatmul_MatMulCommon_MatMulV2,MatMulV2,dynamic,AI_CORE,1790613010486612.856	,19.521,172.760000,22,0,NO,"""1,896;9728,896""",DT_BF16;DT_BF16,ND;ND,"""1,9728""",DT_BF16,ND,N/A
0,4294967295,4035,46,SwiGlu,SwiGlu,dynamic,AI_VECTOR_CORE,1790613010486741.141	,2.880,108.979000,1,0,NO,"""1,9728""",DT_BF16,ND,"""1,4864""",DT_BF16,ND,N/A
0,4294967295,4036,46,aclnnMatmul_MatMulCommon_MatMulV2,MatMulV2,dynamic,AI_CORE,1790613010486889.227	,16.581,145.120000,19,0,NO,"""1,4864;896,4864""",DT_BF16;DT_BF16,ND;ND,"""1,896""",DT_BF16,ND,N/A
0,4294967295,4037,46,AddRmsNormBias,AddRmsNormBias,dynamic,AI_VECTOR_CORE,1790613010487067.575	,1.660,161.669000,1,0,NO,"""1,896;1,896;896;""",DT_BF16;DT_BF16;DT_BF16;DT_UNDEFINED,ND;ND;ND;NULL,"""1,896;1,1;1,896""",DT_BF16;FLOAT;DT_BF16,ND;ND;ND,N/A
0,4294967295,4038,46,aclnnAddmm_CastAiCore_Cast,Cast,dynamic,AI_VECTOR_CORE,1790613010487217.881	,1.260,148.840000,2,0,NO,"""1152""",DT_BF16,ND,"""1152""",FLOAT,ND,N/A
0,4294967295,4039,46,aclnnAddmm_MatMulCommon_MatMulV2,MatMulV2,dynamic,AI_CORE,1790613010487220.421	,7.840,1.240000,24,0,NO,"""1,896;1152,896;1152""",DT_BF16;DT_BF16;FLOAT,ND;ND;ND,"""1,1152""",DT_BF16,ND,N/A
0,4294967295,4040,46,_triton_rope,_triton_rope,static,AI_VECTOR_CORE,1790613010488080.575	,2.820,852.160000,1,0,YES,"""1,14,64;1,2,64;32768,64""",DT_BF16;32590;DT_BF16,ND;ND;ND,"""1,14,64;1,2,64""",DT_BF16;32590,ND;ND,N/A
0,4294967295,4041,46,ReshapeAndCacheNdKernel,ReshapeAndCacheNdKernel,dynamic,AI_VECTOR_CORE,1790613010488747.482	,1.600,664.180000,1,0,NO,"""1,2,64;1,2,64;11823,128,2,64;11823,128,2,64;1""",DT_BF16;DT_BF16;DT_BF16;DT_BF16;INT32,ND;ND;ND;ND;ND,"""11823,128,2,64;11823,128,2,64""",DT_BF16;DT_BF16,ND;ND,N/A
0,4294967295,4042,46,FusedInferAttentionScore,FusedInferAttentionScore,dynamic,MIX_AIC,1790613010489257.742	,19.301,508.650000,24,48,NO,"""1,14,64;11823,128,128;11823,128,128;;2048,2048;1;1;;;;;;;;1,2;;;;;;;;;;;;;;;;""",DT_BF16;DT_BF16;DT_BF16;DT_UNDEFINED;INT8;INT64;INT64;DT_UNDEFINED;DT_UNDEFINED;DT_UNDEFINED;DT_UNDEFINED;DT_UNDEFINED;DT_UNDEFINED;DT_UNDEFINED;INT32;DT_UNDEFINED;DT_UNDEFINED;DT_UNDEFINED;DT_UNDEFINED;DT_UNDEFINED;DT_UNDEFINED;DT_UNDEFINED;DT_UNDEFINED;DT_UNDEFINED;DT_UNDEFINED;DT_UNDEFINED;DT_UNDEFINED;DT_UNDEFINED;DT_UNDEFINED;DT_UNDEFINED;DT_UNDEFINED,ND;ND;ND;NULL;ND;ND;ND;NULL;NULL;NULL;NULL;NULL;NULL;NULL;ND;NULL;NULL;NULL;NULL;NULL;NULL;NULL;NULL;NULL;NULL;NULL;NULL;NULL;NULL;NULL;NULL,"""1,14,64;""",DT_BF16;FLOAT,ND;ND,0
0,4294967295,4044,46,aclnnMatmul_MatMulCommon_MatMulV2,MatMulV2,dynamic,AI_CORE,1790613010489739.601	,5.580,462.449000,19,0,NO,"""1,896;896,896""",DT_BF16;DT_BF16,ND;ND,"""1,896""",DT_BF16,ND,N/A
0,4294967295,4045,46,AddRmsNormBias,AddRmsNormBias,dynamic,AI_VECTOR_CORE,1790613010489904.808	,1.700,159.670000,1,0,NO,"""1,896;1,896;896;""",DT_BF16;DT_BF16;DT_BF16;DT_UNDEFINED,ND;ND;ND;NULL,"""1,896;1,1;1,896""",DT_BF16;FLOAT;DT_BF16,ND;ND;ND,N/A
0,4294967295,4046,46,aclnnMatmul_MatMulCommon_MatMulV2,MatMulV2,dynamic,AI_CORE,1790613010490070.135	,19.400,163.800000,22,0,NO,"""1,896;9728,896""",DT_BF16;DT_BF16,ND;ND,"""1,9728""",DT_BF16,ND,N/A
0,4294967295,4047,46,SwiGlu,SwiGlu,dynamic,AI_VECTOR_CORE,1790613010490200.820	,2.940,111.100000,1,0,NO,"""1,9728""",DT_BF16,ND,"""1,4864""",DT_BF16,ND,N/A
0,4294967295,4048,46,aclnnMatmul_MatMulCommon_MatMulV2,MatMulV2,dynamic,AI_CORE,1790613010490337.545	,16.301,133.810000,19,0,NO,"""1,4864;896,4864""",DT_BF16;DT_BF16,ND;ND,"""1,896""",DT_BF16,ND,N/A
0,4294967295,4049,46,AddRmsNormBias,AddRmsNormBias,dynamic,AI_VECTOR_CORE,1790613010490513.432	,1.660,159.699000,1,0,NO,"""1,896;1,896;896;""",DT_BF16;DT_BF16;DT_BF16;DT_UNDEFINED,ND;ND;ND;NULL,"""1,896;1,1;1,896""",DT_BF16;FLOAT;DT_BF16,ND;ND;ND,N/A
0,4294967295,4050,46,aclnnAddmm_CastAiCore_Cast,Cast,dynamic,AI_VECTOR_CORE,1790613010490672.079	,1.160,156.840000,2,0,NO,"""1152""",DT_BF16,ND,"""1152""",FLOAT,ND,N/A
0,4294967295,4051,46,aclnnAddmm_MatMulCommon_MatMulV2,MatMulV2,dynamic,AI_CORE,1790613010490675.539	,7.380,2.340000,24,0,NO,"""1,896;1152,896;1152""",DT_BF16;DT_BF16;FLOAT,ND;ND;ND,"""1,1152""",DT_BF16,ND,N/A
0,4294967295,4052,46,_triton_rope,_triton_rope,static,AI_VECTOR_CORE,1790613010491528.053	,2.860,845.120000,1,0,YES,"""1,14,64;1,2,64;32768,64""",DT_BF16;32590;DT_BF16,ND;ND;ND,"""1,14,64;1,2,64""",DT_BF16;32590,ND;ND,N/A
0,4294967295,4053,46,ReshapeAndCacheNdKernel,ReshapeAndCacheNdKernel,dynamic,AI_VECTOR_CORE,1790613010492207.020	,1.540,676.140000,1,0,NO,"""1,2,64;1,2,64;11823,128,2,64;11823,128,2,64;1""",DT_BF16;DT_BF16;DT_BF16;DT_BF16;INT32,ND;ND;ND;ND;ND,"""11823,128,2,64;11823,128,2,64""",DT_BF16;DT_BF16,ND;ND,N/A
0,4294967295,4054,46,FusedInferAttentionScore,FusedInferAttentionScore,dynamic,MIX_AIC,1790613010492662.998	,19.201,454.460000,24,48,NO,"""1,14,64;11823,128,128;11823,128,128;;2048,2048;1;1;;;;;;;;1,2;;;;;;;;;;;;;;;;""",DT_BF16;DT_BF16;DT_BF16;DT_UNDEFINED;INT8;INT64;INT64;DT_UNDEFINED;DT_UNDEFINED;DT_UNDEFINED;DT_UNDEFINED;DT_UNDEFINED;DT_UNDEFINED;DT_UNDEFINED;INT32;DT_UNDEFINED;DT_UNDEFINED;DT_UNDEFINED;DT_UNDEFINED;DT_UNDEFINED;DT_UNDEFINED;DT_UNDEFINED;DT_UNDEFINED;DT_UNDEFINED;DT_UNDEFINED;DT_UNDEFINED;DT_UNDEFINED;DT_UNDEFINED;DT_UNDEFINED;DT_UNDEFINED;DT_UNDEFINED,ND;ND;ND;NULL;ND;ND;ND;NULL;NULL;NULL;NULL;NULL;NULL;NULL;ND;NULL;NULL;NULL;NULL;NULL;NULL;NULL;NULL;NULL;NULL;NULL;NULL;NULL;NULL;NULL;NULL,"""1,14,64;""",DT_BF16;FLOAT,ND;ND,0
0,4294967295,4056,46,aclnnMatmul_MatMulCommon_MatMulV2,MatMulV2,dynamic,AI_CORE,1790613010493156.518	,5.300,474.299000,19,0,NO,"""1,896;896,896""",DT_BF16;DT_BF16,ND;ND,"""1,896""",DT_BF16,ND,N/A
0,4294967295,4057,46,AddRmsNormBias,AddRmsNormBias,dynamic,AI_VECTOR_CORE,1790613010493332.965	,1.700,171.200000,1,0,NO,"""1,896;1,896;896;""",DT_BF16;DT_BF16;DT_BF16;DT_UNDEFINED,ND;ND;ND;NULL,"""1,896;1,1;1,896""",DT_BF16;FLOAT;DT_BF16,ND;ND;ND,N/A
0,4294967295,4058,46,aclnnMatmul_MatMulCommon_MatMulV2,MatMulV2,dynamic,AI_CORE,1790613010493492.211	,19.141,157.550000,22,0,NO,"""1,896;9728,896""",DT_BF16;DT_BF16,ND;ND,"""1,9728""",DT_BF16,ND,N/A
0,4294967295,4059,46,SwiGlu,SwiGlu,dynamic,AI_VECTOR_CORE,1790613010493615.136	,3.020,103.859000,1,0,NO,"""1,9728""",DT_BF16,ND,"""1,4864""",DT_BF16,ND,N/A
0,4294967295,4060,46,aclnnMatmul_MatMulCommon_MatMulV2,MatMulV2,dynamic,AI_CORE,1790613010493763.902	,16.281,145.730000,19,0,NO,"""1,4864;896,4864""",DT_BF16;DT_BF16,ND;ND,"""1,896""",DT_BF16,ND,N/A
0,4294967295,4061,46,AddRmsNormBias,AddRmsNormBias,dynamic,AI_VECTOR_CORE,1790613010493945.449	,1.820,165.219000,1,0,NO,"""1,896;1,896;896;""",DT_BF16;DT_BF16;DT_BF16;DT_UNDEFINED,ND;ND;ND;NULL,"""1,896;1,1;1,896""",DT_BF16;FLOAT;DT_BF16,ND;ND;ND,N/A
0,4294967295,4062,46,aclnnAddmm_CastAiCore_Cast,Cast,dynamic,AI_VECTOR_CORE,1790613010494100.596	,1.140,153.180000,2,0,NO,"""1152""",DT_BF16,ND,"""1152""",FLOAT,ND,N/A
0,4294967295,4063,46,aclnnAddmm_MatMulCommon_MatMulV2,MatMulV2,dynamic,AI_CORE,1790613010494103.196	,7.340,1.610000,24,0,NO,"""1,896;1152,896;1152""",DT_BF16;DT_BF16;FLOAT,ND;ND;ND,"""1,1152""",DT_BF16,ND,N/A
0,4294967295,4064,46,_triton_rope,_triton_rope,static,AI_VECTOR_CORE,1790613010494967.030	,2.780,856.410000,1,0,YES,"""1,14,64;1,2,64;32768,64""",DT_BF16;32590;DT_BF16,ND;ND;ND,"""1,14,64;1,2,64""",DT_BF16;32590,ND;ND,N/A
0,4294967295,4065,46,ReshapeAndCacheNdKernel,ReshapeAndCacheNdKernel,dynamic,AI_VECTOR_CORE,1790613010495641.677	,1.600,671.970000,1,0,NO,"""1,2,64;1,2,64;11823,128,2,64;11823,128,2,64;1""",DT_BF16;DT_BF16;DT_BF16;DT_BF16;INT32,ND;ND;ND;ND;ND,"""11823,128,2,64;11823,128,2,64""",DT_BF16;DT_BF16,ND;ND,N/A
0,4294967295,4066,46,FusedInferAttentionScore,FusedInferAttentionScore,dynamic,MIX_AIC,1790613010496087.335	,17.021,443.900000,24,48,NO,"""1,14,64;11823,128,128;11823,128,128;;2048,2048;1;1;;;;;;;;1,2;;;;;;;;;;;;;;;;""",DT_BF16;DT_BF16;DT_BF16;DT_UNDEFINED;INT8;INT64;INT64;DT_UNDEFINED;DT_UNDEFINED;DT_UNDEFINED;DT_UNDEFINED;DT_UNDEFINED;DT_UNDEFINED;DT_UNDEFINED;INT32;DT_UNDEFINED;DT_UNDEFINED;DT_UNDEFINED;DT_UNDEFINED;DT_UNDEFINED;DT_UNDEFINED;DT_UNDEFINED;DT_UNDEFINED;DT_UNDEFINED;DT_UNDEFINED;DT_UNDEFINED;DT_UNDEFINED;DT_UNDEFINED;DT_UNDEFINED;DT_UNDEFINED;DT_UNDEFINED,ND;ND;ND;NULL;ND;ND;ND;NULL;NULL;NULL;NULL;NULL;NULL;NULL;ND;NULL;NULL;NULL;NULL;NULL;NULL;NULL;NULL;NULL;NULL;NULL;NULL;NULL;NULL;NULL;NULL,"""1,14,64;""",DT_BF16;FLOAT,ND;ND,0
0,4294967295,4068,46,aclnnMatmul_MatMulCommon_MatMulV2,MatMulV2,dynamic,AI_CORE,1790613010496579.715	,5.640,475.479000,19,0,NO,"""1,896;896,896""",DT_BF16;DT_BF16,ND;ND,"""1,896""",DT_BF16,ND,N/A
0,4294967295,4069,46,AddRmsNormBias,AddRmsNormBias,dynamic,AI_VECTOR_CORE,1790613010496746.481	,1.680,161.110000,1,0,NO,"""1,896;1,896;896;""",DT_BF16;DT_BF16;DT_BF16;DT_UNDEFINED,ND;ND;ND;NULL,"""1,896;1,1;1,896""",DT_BF16;FLOAT;DT_BF16,ND;ND;ND,N/A
0,4294967295,4070,46,aclnnMatmul_MatMulCommon_MatMulV2,MatMulV2,dynamic,AI_CORE,1790613010496902.868	,19.941,154.570000,22,0,NO,"""1,896;9728,896""",DT_BF16;DT_BF16,ND;ND,"""1,9728""",DT_BF16,ND,N/A
0,4294967295,4071,46,SwiGlu,SwiGlu,dynamic,AI_VECTOR_CORE,1790613010497035.533	,2.980,112.809000,1,0,NO,"""1,9728""",DT_BF16,ND,"""1,4864""",DT_BF16,ND,N/A
0,4294967295,4072,46,aclnnMatmul_MatMulCommon_MatMulV2,MatMulV2,dynamic,AI_CORE,1790613010497178.159	,16.460,139.770000,19,0,NO,"""1,4864;896,4864""",DT_BF16;DT_BF16,ND;ND,"""1,896""",DT_BF16,ND,N/A
0,4294967295,4073,46,AddRmsNormBias,AddRmsNormBias,dynamic,AI_VECTOR_CORE,1790613010497364.086	,2.020,169.290000,1,0,NO,"""1,896;1,896;896;""",DT_BF16;DT_BF16;DT_BF16;DT_UNDEFINED,ND;ND;ND;NULL,"""1,896;1,1;1,896""",DT_BF16;FLOAT;DT_BF16,ND;ND;ND,N/A
0,4294967295,4074,46,aclnnAddmm_CastAiCore_Cast,Cast,dynamic,AI_VECTOR_CORE,1790613010497526.733	,1.220,160.730000,2,0,NO,"""1152""",DT_BF16,ND,"""1152""",FLOAT,ND,N/A
0,4294967295,4075,46,aclnnAddmm_MatMulCommon_MatMulV2,MatMulV2,dynamic,AI_CORE,1790613010497529.873	,7.620,1.780000,24,0,NO,"""1,896;1152,896;1152""",DT_BF16;DT_BF16;FLOAT,ND;ND;ND,"""1,1152""",DT_BF16,ND,N/A
0,4294967295,4076,46,_triton_rope,_triton_rope,static,AI_VECTOR_CORE,1790613010498385.707	,3.000,848.380000,1,0,YES,"""1,14,64;1,2,64;32768,64""",DT_BF16;32590;DT_BF16,ND;ND;ND,"""1,14,64;1,2,64""",DT_BF16;32590,ND;ND,N/A
0,4294967295,4077,46,ReshapeAndCacheNdKernel,ReshapeAndCacheNdKernel,dynamic,AI_VECTOR_CORE,1790613010499061.914	,1.980,673.250000,1,0,NO,"""1,2,64;1,2,64;11823,128,2,64;11823,128,2,64;1""",DT_BF16;DT_BF16;DT_BF16;DT_BF16;INT32,ND;ND;ND;ND;ND,"""11823,128,2,64;11823,128,2,64""",DT_BF16;DT_BF16,ND;ND,N/A
0,4294967295,4078,46,FusedInferAttentionScore,FusedInferAttentionScore,dynamic,MIX_AIC,1790613010499515.032	,20.701,451.020000,24,48,NO,"""1,14,64;11823,128,128;11823,128,128;;2048,2048;1;1;;;;;;;;1,2;;;;;;;;;;;;;;;;""",DT_BF16;DT_BF16;DT_BF16;DT_UNDEFINED;INT8;INT64;INT64;DT_UNDEFINED;DT_UNDEFINED;DT_UNDEFINED;DT_UNDEFINED;DT_UNDEFINED;DT_UNDEFINED;DT_UNDEFINED;INT32;DT_UNDEFINED;DT_UNDEFINED;DT_UNDEFINED;DT_UNDEFINED;DT_UNDEFINED;DT_UNDEFINED;DT_UNDEFINED;DT_UNDEFINED;DT_UNDEFINED;DT_UNDEFINED;DT_UNDEFINED;DT_UNDEFINED;DT_UNDEFINED;DT_UNDEFINED;DT_UNDEFINED;DT_UNDEFINED,ND;ND;ND;NULL;ND;ND;ND;NULL;NULL;NULL;NULL;NULL;NULL;NULL;ND;NULL;NULL;NULL;NULL;NULL;NULL;NULL;NULL;NULL;NULL;NULL;NULL;NULL;NULL;NULL;NULL,"""1,14,64;""",DT_BF16;FLOAT,ND;ND,0
0,4294967295,4080,46,aclnnMatmul_MatMulCommon_MatMulV2,MatMulV2,dynamic,AI_CORE,1790613010499997.071	,5.381,461.299000,19,0,NO,"""1,896;896,896""",DT_BF16;DT_BF16,ND;ND,"""1,896""",DT_BF16,ND,N/A
0,4294967295,4081,46,AddRmsNormBias,AddRmsNormBias,dynamic,AI_VECTOR_CORE,1790613010500168.698	,1.720,166.369000,1,0,NO,"""1,896;1,896;896;""",DT_BF16;DT_BF16;DT_BF16;DT_UNDEFINED,ND;ND;ND;NULL,"""1,896;1,1;1,896""",DT_BF16;FLOAT;DT_BF16,ND;ND;ND,N/A
0,4294967295,4082,46,aclnnMatmul_MatMulCommon_MatMulV2,MatMulV2,dynamic,AI_CORE,1790613010500325.325	,19.360,154.780000,22,0,NO,"""1,896;9728,896""",DT_BF16;DT_BF16,ND;ND,"""1,9728""",DT_BF16,ND,N/A
0,4294967295,4083,46,SwiGlu,SwiGlu,dynamic,AI_VECTOR_CORE,1790613010500446.449	,4.020,101.890000,1,0,NO,"""1,9728""",DT_BF16,ND,"""1,4864""",DT_BF16,ND,N/A
0,4294967295,4084,46,aclnnMatmul_MatMulCommon_MatMulV2,MatMulV2,dynamic,AI_CORE,1790613010500581.115	,16.320,130.480000,19,0,NO,"""1,4864;896,4864""",DT_BF16;DT_BF16,ND;ND,"""1,896""",DT_BF16,ND,N/A
0,4294967295,4085,46,AddRmsNormBias,AddRmsNormBias,dynamic,AI_VECTOR_CORE,1790613010500752.482	,1.680,155.180000,1,0,NO,"""1,896;1,896;896;""",DT_BF16;DT_BF16;DT_BF16;DT_UNDEFINED,ND;ND;ND;NULL,"""1,896;1,1;1,896""",DT_BF16;FLOAT;DT_BF16,ND;ND;ND,N/A
0,4294967295,4086,46,aclnnAddmm_CastAiCore_Cast,Cast,dynamic,AI_VECTOR_CORE,1790613010500930.069	,1.140,175.820000,2,0,NO,"""1152""",DT_BF16,ND,"""1152""",FLOAT,ND,N/A
0,4294967295,4087,46,aclnnAddmm_MatMulCommon_MatMulV2,MatMulV2,dynamic,AI_CORE,1790613010500932.629	,7.480,1.610000,24,0,NO,"""1,896;1152,896;1152""",DT_BF16;DT_BF16;FLOAT,ND;ND;ND,"""1,1152""",DT_BF16,ND,N/A
0,4294967295,4088,46,_triton_rope,_triton_rope,static,AI_VECTOR_CORE,1790613010501805.184	,2.860,865.020000,1,0,YES,"""1,14,64;1,2,64;32768,64""",DT_BF16;32590;DT_BF16,ND;ND;ND,"""1,14,64;1,2,64""",DT_BF16;32590,ND;ND,N/A
0,4294967295,4089,46,ReshapeAndCacheNdKernel,ReshapeAndCacheNdKernel,dynamic,AI_VECTOR_CORE,1790613010502488.231	,2.040,680.140000,1,0,NO,"""1,2,64;1,2,64;11823,128,2,64;11823,128,2,64;1""",DT_BF16;DT_BF16;DT_BF16;DT_BF16;INT32,ND;ND;ND;ND;ND,"""11823,128,2,64;11823,128,2,64""",DT_BF16;DT_BF16,ND;ND,N/A
0,4294967295,4090,46,FusedInferAttentionScore,FusedInferAttentionScore,dynamic,MIX_AIC,1790613010502932.889	,22.461,442.710000,24,48,NO,"""1,14,64;11823,128,128;11823,128,128;;2048,2048;1;1;;;;;;;;1,2;;;;;;;;;;;;;;;;""",DT_BF16;DT_BF16;DT_BF16;DT_UNDEFINED;INT8;INT64;INT64;DT_UNDEFINED;DT_UNDEFINED;DT_UNDEFINED;DT_UNDEFINED;DT_UNDEFINED;DT_UNDEFINED;DT_UNDEFINED;INT32;DT_UNDEFINED;DT_UNDEFINED;DT_UNDEFINED;DT_UNDEFINED;DT_UNDEFINED;DT_UNDEFINED;DT_UNDEFINED;DT_UNDEFINED;DT_UNDEFINED;DT_UNDEFINED;DT_UNDEFINED;DT_UNDEFINED;DT_UNDEFINED;DT_UNDEFINED;DT_UNDEFINED;DT_UNDEFINED,ND;ND;ND;NULL;ND;ND;ND;NULL;NULL;NULL;NULL;NULL;NULL;NULL;ND;NULL;NULL;NULL;NULL;NULL;NULL;NULL;NULL;NULL;NULL;NULL;NULL;NULL;NULL;NULL;NULL,"""1,14,64;""",DT_BF16;FLOAT,ND;ND,0
0,4294967295,4092,46,aclnnMatmul_MatMulCommon_MatMulV2,MatMulV2,dynamic,AI_CORE,1790613010503398.327	,5.341,442.789000,19,0,NO,"""1,896;896,896""",DT_BF16;DT_BF16,ND;ND,"""1,896""",DT_BF16,ND,N/A
0,4294967295,4093,46,AddRmsNormBias,AddRmsNormBias,dynamic,AI_VECTOR_CORE,1790613010503568.514	,1.680,164.909000,1,0,NO,"""1,896;1,896;896;""",DT_BF16;DT_BF16;DT_BF16;DT_UNDEFINED,ND;ND;ND;NULL,"""1,896;1,1;1,896""",DT_BF16;FLOAT;DT_BF16,ND;ND;ND,N/A
0,4294967295,4094,46,aclnnMatmul_MatMulCommon_MatMulV2,MatMulV2,dynamic,AI_CORE,1790613010503724.881	,20.300,154.820000,22,0,NO,"""1,896;9728,896""",DT_BF16;DT_BF16,ND;ND,"""1,9728""",DT_BF16,ND,N/A
0,4294967295,4095,46,SwiGlu,SwiGlu,dynamic,AI_VECTOR_CORE,1790613010503847.165	,2.820,101.950000,1,0,NO,"""1,9728""",DT_BF16,ND,"""1,4864""",DT_BF16,ND,N/A
0,4294967295,4096,46,aclnnMatmul_MatMulCommon_MatMulV2,MatMulV2,dynamic,AI_CORE,1790613010503985.571	,16.520,135.430000,19,0,NO,"""1,4864;896,4864""",DT_BF16;DT_BF16,ND;ND,"""1,896""",DT_BF16,ND,N/A
0,4294967295,4097,46,AddRmsNormBias,AddRmsNormBias,dynamic,AI_VECTOR_CORE,1790613010504157.758	,1.700,155.730000,1,0,NO,"""1,896;1,896;896;""",DT_BF16;DT_BF16;DT_BF16;DT_UNDEFINED,ND;ND;ND;NULL,"""1,896;1,1;1,896""",DT_BF16;FLOAT;DT_BF16,ND;ND;ND,N/A
0,4294967295,4098,46,aclnnAddmm_CastAiCore_Cast,Cast,dynamic,AI_VECTOR_CORE,1790613010504307.024	,1.280,147.550000,2,0,NO,"""1152""",DT_BF16,ND,"""1152""",FLOAT,ND,N/A
0,4294967295,4099,46,aclnnAddmm_MatMulCommon_MatMulV2,MatMulV2,dynamic,AI_CORE,1790613010504309.384	,8.080,1.220000,24,0,NO,"""1,896;1152,896;1152""",DT_BF16;DT_BF16;FLOAT,ND;ND;ND,"""1,1152""",DT_BF16,ND,N/A
0,4294967295,4100,46,_triton_rope,_triton_rope,static,AI_VECTOR_CORE,1790613010505194.679	,2.940,877.170000,1,0,YES,"""1,14,64;1,2,64;32768,64""",DT_BF16;32590;DT_BF16,ND;ND;ND,"""1,14,64;1,2,64""",DT_BF16;32590,ND;ND,N/A
0,4294967295,4101,46,ReshapeAndCacheNdKernel,ReshapeAndCacheNdKernel,dynamic,AI_VECTOR_CORE,1790613010505869.686	,1.600,672.060000,1,0,NO,"""1,2,64;1,2,64;11823,128,2,64;11823,128,2,64;1""",DT_BF16;DT_BF16;DT_BF16;DT_BF16;INT32,ND;ND;ND;ND;ND,"""11823,128,2,64;11823,128,2,64""",DT_BF16;DT_BF16,ND;ND,N/A
0,4294967295,4102,46,FusedInferAttentionScore,FusedInferAttentionScore,dynamic,MIX_AIC,1790613010506334.545	,18.780,463.150000,24,48,NO,"""1,14,64;11823,128,128;11823,128,128;;2048,2048;1;1;;;;;;;;1,2;;;;;;;;;;;;;;;;""",DT_BF16;DT_BF16;DT_BF16;DT_UNDEFINED;INT8;INT64;INT64;DT_UNDEFINED;DT_UNDEFINED;DT_UNDEFINED;DT_UNDEFINED;DT_UNDEFINED;DT_UNDEFINED;DT_UNDEFINED;INT32;DT_UNDEFINED;DT_UNDEFINED;DT_UNDEFINED;DT_UNDEFINED;DT_UNDEFINED;DT_UNDEFINED;DT_UNDEFINED;DT_UNDEFINED;DT_UNDEFINED;DT_UNDEFINED;DT_UNDEFINED;DT_UNDEFINED;DT_UNDEFINED;DT_UNDEFINED;DT_UNDEFINED;DT_UNDEFINED,ND;ND;ND;NULL;ND;ND;ND;NULL;NULL;NULL;NULL;NULL;NULL;NULL;ND;NULL;NULL;NULL;NULL;NULL;NULL;NULL;NULL;NULL;NULL;NULL;NULL;NULL;NULL;NULL;NULL,"""1,14,64;""",DT_BF16;FLOAT,ND;ND,0
0,4294967295,4104,46,aclnnMatmul_MatMulCommon_MatMulV2,MatMulV2,dynamic,AI_CORE,1790613010506791.703	,5.460,438.470000,19,0,NO,"""1,896;896,896""",DT_BF16;DT_BF16,ND;ND,"""1,896""",DT_BF16,ND,N/A
0,4294967295,4105,46,AddRmsNormBias,AddRmsNormBias,dynamic,AI_VECTOR_CORE,1790613010506973.390	,1.800,176.290000,1,0,NO,"""1,896;1,896;896;""",DT_BF16;DT_BF16;DT_BF16;DT_UNDEFINED,ND;ND;ND;NULL,"""1,896;1,1;1,896""",DT_BF16;FLOAT;DT_BF16,ND;ND;ND,N/A
0,4294967295,4106,46,aclnnMatmul_MatMulCommon_MatMulV2,MatMulV2,dynamic,AI_CORE,1790613010507141.937	,22.001,166.700000,22,0,NO,"""1,896;9728,896""",DT_BF16;DT_BF16,ND;ND,"""1,9728""",DT_BF16,ND,N/A
0,4294967295,4107,46,SwiGlu,SwiGlu,dynamic,AI_VECTOR_CORE,1790613010507280.123	,2.900,115.999000,1,0,NO,"""1,9728""",DT_BF16,ND,"""1,4864""",DT_BF16,ND,N/A
0,4294967295,4108,46,aclnnMatmul_MatMulCommon_MatMulV2,MatMulV2,dynamic,AI_CORE,1790613010507421.408	,16.481,138.600000,19,0,NO,"""1,4864;896,4864""",DT_BF16;DT_BF16,ND;ND,"""1,896""",DT_BF16,ND,N/A
0,4294967295,4109,46,AddRmsNormBias,AddRmsNormBias,dynamic,AI_VECTOR_CORE,1790613010507599.755	,1.660,161.769000,1,0,NO,"""1,896;1,896;896;""",DT_BF16;DT_BF16;DT_BF16;DT_UNDEFINED,ND;ND;ND;NULL,"""1,896;1,1;1,896""",DT_BF16;FLOAT;DT_BF16,ND;ND;ND,N/A
0,4294967295,4110,46,aclnnAddmm_CastAiCore_Cast,Cast,dynamic,AI_VECTOR_CORE,1790613010507760.822	,1.400,159.340000,2,0,NO,"""1152""",DT_BF16,ND,"""1152""",FLOAT,ND,N/A
0,4294967295,4111,46,aclnnAddmm_MatMulCommon_MatMulV2,MatMulV2,dynamic,AI_CORE,1790613010507766.662	,7.640,4.600000,24,0,NO,"""1,896;1152,896;1152""",DT_BF16;DT_BF16;FLOAT,ND;ND;ND,"""1,1152""",DT_BF16,ND,N/A
0,4294967295,4112,46,_triton_rope,_triton_rope,static,AI_VECTOR_CORE,1790613010508618.116	,3.120,843.610000,1,0,YES,"""1,14,64;1,2,64;32768,64""",DT_BF16;32590;DT_BF16,ND;ND;ND,"""1,14,64;1,2,64""",DT_BF16;32590,ND;ND,N/A
0,4294967295,4113,46,ReshapeAndCacheNdKernel,ReshapeAndCacheNdKernel,dynamic,AI_VECTOR_CORE,1790613010509313.564	,1.600,692.380000,1,0,NO,"""1,2,64;1,2,64;11823,128,2,64;11823,128,2,64;1""",DT_BF16;DT_BF16;DT_BF16;DT_BF16;INT32,ND;ND;ND;ND;ND,"""11823,128,2,64;11823,128,2,64""",DT_BF16;DT_BF16,ND;ND,N/A
0,4294967295,4114,46,FusedInferAttentionScore,FusedInferAttentionScore,dynamic,MIX_AIC,1790613010509784.423	,18.960,469.400000,24,48,NO,"""1,14,64;11823,128,128;11823,128,128;;2048,2048;1;1;;;;;;;;1,2;;;;;;;;;;;;;;;;""",DT_BF16;DT_BF16;DT_BF16;DT_UNDEFINED;INT8;INT64;INT64;DT_UNDEFINED;DT_UNDEFINED;DT_UNDEFINED;DT_UNDEFINED;DT_UNDEFINED;DT_UNDEFINED;DT_UNDEFINED;INT32;DT_UNDEFINED;DT_UNDEFINED;DT_UNDEFINED;DT_UNDEFINED;DT_UNDEFINED;DT_UNDEFINED;DT_UNDEFINED;DT_UNDEFINED;DT_UNDEFINED;DT_UNDEFINED;DT_UNDEFINED;DT_UNDEFINED;DT_UNDEFINED;DT_UNDEFINED;DT_UNDEFINED;DT_UNDEFINED,ND;ND;ND;NULL;ND;ND;ND;NULL;NULL;NULL;NULL;NULL;NULL;NULL;ND;NULL;NULL;NULL;NULL;NULL;NULL;NULL;NULL;NULL;NULL;NULL;NULL;NULL;NULL;NULL;NULL,"""1,14,64;""",DT_BF16;FLOAT,ND;ND,0
0,4294967295,4116,46,aclnnMatmul_MatMulCommon_MatMulV2,MatMulV2,dynamic,AI_CORE,1790613010510263.882	,5.420,460.540000,19,0,NO,"""1,896;896,896""",DT_BF16;DT_BF16,ND;ND,"""1,896""",DT_BF16,ND,N/A
0,4294967295,4117,46,AddRmsNormBias,AddRmsNormBias,dynamic,AI_VECTOR_CORE,1790613010510441.929	,1.660,172.580000,1,0,NO,"""1,896;1,896;896;""",DT_BF16;DT_BF16;DT_BF16;DT_UNDEFINED,ND;ND;ND;NULL,"""1,896;1,1;1,896""",DT_BF16;FLOAT;DT_BF16,ND;ND;ND,N/A
0,4294967295,4118,46,aclnnMatmul_MatMulCommon_MatMulV2,MatMulV2,dynamic,AI_CORE,1790613010510593.235	,19.241,149.590000,22,0,NO,"""1,896;9728,896""",DT_BF16;DT_BF16,ND;ND,"""1,9728""",DT_BF16,ND,N/A
0,4294967295,4119,46,SwiGlu,SwiGlu,dynamic,AI_VECTOR_CORE,1790613010510721.800	,2.900,109.259000,1,0,NO,"""1,9728""",DT_BF16,ND,"""1,4864""",DT_BF16,ND,N/A
0,4294967295,4120,46,aclnnMatmul_MatMulCommon_MatMulV2,MatMulV2,dynamic,AI_CORE,1790613010510858.006	,16.260,133.350000,19,0,NO,"""1,4864;896,4864""",DT_BF16;DT_BF16,ND;ND,"""1,896""",DT_BF16,ND,N/A
0,4294967295,4121,46,AddRmsNormBias,AddRmsNormBias,dynamic,AI_VECTOR_CORE,1790613010511025.772	,1.700,151.490000,1,0,NO,"""1,896;1,896;896;""",DT_BF16;DT_BF16;DT_BF16;DT_UNDEFINED,ND;ND;ND;NULL,"""1,896;1,1;1,896""",DT_BF16;FLOAT;DT_BF16,ND;ND;ND,N/A
0,4294967295,4122,46,aclnnAddmm_CastAiCore_Cast,Cast,dynamic,AI_VECTOR_CORE,1790613010511178.479	,1.160,151.050000,2,0,NO,"""1152""",DT_BF16,ND,"""1152""",FLOAT,ND,N/A
0,4294967295,4123,46,aclnnAddmm_MatMulCommon_MatMulV2,MatMulV2,dynamic,AI_CORE,1790613010511180.779	,7.300,1.090000,24,0,NO,"""1,896;1152,896;1152""",DT_BF16;DT_BF16;FLOAT,ND;ND;ND,"""1,1152""",DT_BF16,ND,N/A
0,4294967295,4124,46,_triton_rope,_triton_rope,static,AI_VECTOR_CORE,1790613010512047.493	,2.860,859.450000,1,0,YES,"""1,14,64;1,2,64;32768,64""",DT_BF16;32590;DT_BF16,ND;ND;ND,"""1,14,64;1,2,64""",DT_BF16;32590,ND;ND,N/A
0,4294967295,4125,46,ReshapeAndCacheNdKernel,ReshapeAndCacheNdKernel,dynamic,AI_VECTOR_CORE,1790613010512720.440	,2.080,670.140000,1,0,NO,"""1,2,64;1,2,64;11823,128,2,64;11823,128,2,64;1""",DT_BF16;DT_BF16;DT_BF16;DT_BF16;INT32,ND;ND;ND;ND;ND,"""11823,128,2,64;11823,128,2,64""",DT_BF16;DT_BF16,ND;ND,N/A
0,4294967295,4126,46,FusedInferAttentionScore,FusedInferAttentionScore,dynamic,MIX_AIC,1790613010513196.939	,16.301,474.420000,24,48,NO,"""1,14,64;11823,128,128;11823,128,128;;2048,2048;1;1;;;;;;;;1,2;;;;;;;;;;;;;;;;""",DT_BF16;DT_BF16;DT_BF16;DT_UNDEFINED;INT8;INT64;INT64;DT_UNDEFINED;DT_UNDEFINED;DT_UNDEFINED;DT_UNDEFINED;DT_UNDEFINED;DT_UNDEFINED;DT_UNDEFINED;INT32;DT_UNDEFINED;DT_UNDEFINED;DT_UNDEFINED;DT_UNDEFINED;DT_UNDEFINED;DT_UNDEFINED;DT_UNDEFINED;DT_UNDEFINED;DT_UNDEFINED;DT_UNDEFINED;DT_UNDEFINED;DT_UNDEFINED;DT_UNDEFINED;DT_UNDEFINED;DT_UNDEFINED;DT_UNDEFINED,ND;ND;ND;NULL;ND;ND;ND;NULL;NULL;NULL;NULL;NULL;NULL;NULL;ND;NULL;NULL;NULL;NULL;NULL;NULL;NULL;NULL;NULL;NULL;NULL;NULL;NULL;NULL;NULL;NULL,"""1,14,64;""",DT_BF16;FLOAT,ND;ND,0
0,4294967295,4128,46,aclnnMatmul_MatMulCommon_MatMulV2,MatMulV2,dynamic,AI_CORE,1790613010513671.478	,5.620,458.199000,19,0,NO,"""1,896;896,896""",DT_BF16;DT_BF16,ND;ND,"""1,896""",DT_BF16,ND,N/A
0,4294967295,4129,46,AddRmsNormBias,AddRmsNormBias,dynamic,AI_VECTOR_CORE,1790613010513845.785	,1.680,168.630000,1,0,NO,"""1,896;1,896;896;""",DT_BF16;DT_BF16;DT_BF16;DT_UNDEFINED,ND;ND;ND;NULL,"""1,896;1,1;1,896""",DT_BF16;FLOAT;DT_BF16,ND;ND;ND,N/A
0,4294967295,4130,46,aclnnMatmul_MatMulCommon_MatMulV2,MatMulV2,dynamic,AI_CORE,1790613010514003.651	,19.521,156.320000,22,0,NO,"""1,896;9728,896""",DT_BF16;DT_BF16,ND;ND,"""1,9728""",DT_BF16,ND,N/A
0,4294967295,4131,46,SwiGlu,SwiGlu,dynamic,AI_VECTOR_CORE,1790613010514135.377	,2.900,112.229000,1,0,NO,"""1,9728""",DT_BF16,ND,"""1,4864""",DT_BF16,ND,N/A
0,4294967295,4132,46,aclnnMatmul_MatMulCommon_MatMulV2,MatMulV2,dynamic,AI_CORE,1790613010514272.842	,16.581,134.350000,19,0,NO,"""1,4864;896,4864""",DT_BF16;DT_BF16,ND;ND,"""1,896""",DT_BF16,ND,N/A
0,4294967295,4133,46,AddRmsNormBias,AddRmsNormBias,dynamic,AI_VECTOR_CORE,1790613010514438.049	,1.820,148.669000,1,0,NO,"""1,896;1,896;896;""",DT_BF16;DT_BF16;DT_BF16;DT_UNDEFINED,ND;ND;ND;NULL,"""1,896;1,1;1,896""",DT_BF16;FLOAT;DT_BF16,ND;ND;ND,N/A
0,4294967295,4134,46,aclnnAddmm_CastAiCore_Cast,Cast,dynamic,AI_VECTOR_CORE,1790613010514598.275	,1.140,158.430000,2,0,NO,"""1152""",DT_BF16,ND,"""1152""",FLOAT,ND,N/A
0,4294967295,4135,46,aclnnAddmm_MatMulCommon_MatMulV2,MatMulV2,dynamic,AI_CORE,1790613010514600.815	,7.861,1.360000,24,0,NO,"""1,896;1152,896;1152""",DT_BF16;DT_BF16;FLOAT,ND;ND;ND,"""1,1152""",DT_BF16,ND,N/A
0,4294967295,4136,46,_triton_rope,_triton_rope,static,AI_VECTOR_CORE,1790613010515461.890	,2.880,853.389000,1,0,YES,"""1,14,64;1,2,64;32768,64""",DT_BF16;32590;DT_BF16,ND;ND;ND,"""1,14,64;1,2,64""",DT_BF16;32590,ND;ND,N/A
0,4294967295,4137,46,ReshapeAndCacheNdKernel,ReshapeAndCacheNdKernel,dynamic,AI_VECTOR_CORE,1790613010516130.777	,1.540,665.870000,1,0,NO,"""1,2,64;1,2,64;11823,128,2,64;11823,128,2,64;1""",DT_BF16;DT_BF16;DT_BF16;DT_BF16;INT32,ND;ND;ND;ND;ND,"""11823,128,2,64;11823,128,2,64""",DT_BF16;DT_BF16,ND;ND,N/A
0,4294967295,4138,46,FusedInferAttentionScore,FusedInferAttentionScore,dynamic,MIX_AIC,1790613010516580.795	,21.320,448.460000,24,48,NO,"""1,14,64;11823,128,128;11823,128,128;;2048,2048;1;1;;;;;;;;1,2;;;;;;;;;;;;;;;;""",DT_BF16;DT_BF16;DT_BF16;DT_UNDEFINED;INT8;INT64;INT64;DT_UNDEFINED;DT_UNDEFINED;DT_UNDEFINED;DT_UNDEFINED;DT_UNDEFINED;DT_UNDEFINED;DT_UNDEFINED;INT32;DT_UNDEFINED;DT_UNDEFINED;DT_UNDEFINED;DT_UNDEFINED;DT_UNDEFINED;DT_UNDEFINED;DT_UNDEFINED;DT_UNDEFINED;DT_UNDEFINED;DT_UNDEFINED;DT_UNDEFINED;DT_UNDEFINED;DT_UNDEFINED;DT_UNDEFINED;DT_UNDEFINED;DT_UNDEFINED,ND;ND;ND;NULL;ND;ND;ND;NULL;NULL;NULL;NULL;NULL;NULL;NULL;ND;NULL;NULL;NULL;NULL;NULL;NULL;NULL;NULL;NULL;NULL;NULL;NULL;NULL;NULL;NULL;NULL,"""1,14,64;""",DT_BF16;FLOAT,ND;ND,0
0,4294967295,4140,46,aclnnMatmul_MatMulCommon_MatMulV2,MatMulV2,dynamic,AI_CORE,1790613010517050.673	,5.620,448.680000,19,0,NO,"""1,896;896,896""",DT_BF16;DT_BF16,ND;ND,"""1,896""",DT_BF16,ND,N/A
0,4294967295,4141,46,AddRmsNormBias,AddRmsNormBias,dynamic,AI_VECTOR_CORE,1790613010517235.421	,1.720,179.130000,1,0,NO,"""1,896;1,896;896;""",DT_BF16;DT_BF16;DT_BF16;DT_UNDEFINED,ND;ND;ND;NULL,"""1,896;1,1;1,896""",DT_BF16;FLOAT;DT_BF16,ND;ND;ND,N/A
0,4294967295,4142,46,aclnnMatmul_MatMulCommon_MatMulV2,MatMulV2,dynamic,AI_CORE,1790613010517407.147	,20.461,170.030000,22,0,NO,"""1,896;9728,896""",DT_BF16;DT_BF16,ND;ND,"""1,9728""",DT_BF16,ND,N/A
0,4294967295,4143,46,SwiGlu,SwiGlu,dynamic,AI_VECTOR_CORE,1790613010517530.672	,3.001,103.039000,1,0,NO,"""1,9728""",DT_BF16,ND,"""1,4864""",DT_BF16,ND,N/A
0,4294967295,4144,46,aclnnMatmul_MatMulCommon_MatMulV2,MatMulV2,dynamic,AI_CORE,1790613010517670.778	,16.281,136.999000,19,0,NO,"""1,4864;896,4864""",DT_BF16;DT_BF16,ND;ND,"""1,896""",DT_BF16,ND,N/A
0,4294967295,4145,46,AddRmsNormBias,AddRmsNormBias,dynamic,AI_VECTOR_CORE,1790613010517837.885	,1.660,150.969000,1,0,NO,"""1,896;1,896;896;""",DT_BF16;DT_BF16;DT_BF16;DT_UNDEFINED,ND;ND;ND;NULL,"""1,896;1,1;1,896""",DT_BF16;FLOAT;DT_BF16,ND;ND;ND,N/A
0,4294967295,4146,46,aclnnAddmm_CastAiCore_Cast,Cast,dynamic,AI_VECTOR_CORE,1790613010517998.931	,1.120,159.340000,2,0,NO,"""1152""",DT_BF16,ND,"""1152""",FLOAT,ND,N/A
0,4294967295,4147,46,aclnnAddmm_MatMulCommon_MatMulV2,MatMulV2,dynamic,AI_CORE,1790613010518001.391	,7.340,1.380000,24,0,NO,"""1,896;1152,896;1152""",DT_BF16;DT_BF16;FLOAT,ND;ND;ND,"""1,1152""",DT_BF16,ND,N/A
0,4294967295,4148,46,_triton_rope,_triton_rope,static,AI_VECTOR_CORE,1790613010518862.466	,2.840,853.660000,1,0,YES,"""1,14,64;1,2,64;32768,64""",DT_BF16;32590;DT_BF16,ND;ND;ND,"""1,14,64;1,2,64""",DT_BF16;32590,ND;ND,N/A
0,4294967295,4149,46,ReshapeAndCacheNdKernel,ReshapeAndCacheNdKernel,dynamic,AI_VECTOR_CORE,1790613010519539.693	,1.520,674.410000,1,0,NO,"""1,2,64;1,2,64;11823,128,2,64;11823,128,2,64;1""",DT_BF16;DT_BF16;DT_BF16;DT_BF16;INT32,ND;ND;ND;ND;ND,"""11823,128,2,64;11823,128,2,64""",DT_BF16;DT_BF16,ND;ND,N/A
0,4294967295,4150,46,FusedInferAttentionScore,FusedInferAttentionScore,dynamic,MIX_AIC,1790613010520016.832	,21.261,475.480000,24,48,NO,"""1,14,64;11823,128,128;11823,128,128;;2048,2048;1;1;;;;;;;;1,2;;;;;;;;;;;;;;;;""",DT_BF16;DT_BF16;DT_BF16;DT_UNDEFINED;INT8;INT64;INT64;DT_UNDEFINED;DT_UNDEFINED;DT_UNDEFINED;DT_UNDEFINED;DT_UNDEFINED;DT_UNDEFINED;DT_UNDEFINED;INT32;DT_UNDEFINED;DT_UNDEFINED;DT_UNDEFINED;DT_UNDEFINED;DT_UNDEFINED;DT_UNDEFINED;DT_UNDEFINED;DT_UNDEFINED;DT_UNDEFINED;DT_UNDEFINED;DT_UNDEFINED;DT_UNDEFINED;DT_UNDEFINED;DT_UNDEFINED;DT_UNDEFINED;DT_UNDEFINED,ND;ND;ND;NULL;ND;ND;ND;NULL;NULL;NULL;NULL;NULL;NULL;NULL;ND;NULL;NULL;NULL;NULL;NULL;NULL;NULL;NULL;NULL;NULL;NULL;NULL;NULL;NULL;NULL;NULL,"""1,14,64;""",DT_BF16;FLOAT,ND;ND,0
0,4294967295,4152,46,aclnnMatmul_MatMulCommon_MatMulV2,MatMulV2,dynamic,AI_CORE,1790613010520480.570	,5.261,442.489000,19,0,NO,"""1,896;896,896""",DT_BF16;DT_BF16,ND;ND,"""1,896""",DT_BF16,ND,N/A
0,4294967295,4153,46,AddRmsNormBias,AddRmsNormBias,dynamic,AI_VECTOR_CORE,1790613010520658.197	,1.720,172.489000,1,0,NO,"""1,896;1,896;896;""",DT_BF16;DT_BF16;DT_BF16;DT_UNDEFINED,ND;ND;ND;NULL,"""1,896;1,1;1,896""",DT_BF16;FLOAT;DT_BF16,ND;ND;ND,N/A
0,4294967295,4154,46,aclnnMatmul_MatMulCommon_MatMulV2,MatMulV2,dynamic,AI_CORE,1790613010520829.364	,19.641,169.280000,22,0,NO,"""1,896;9728,896""",DT_BF16;DT_BF16,ND;ND,"""1,9728""",DT_BF16,ND,N/A
0,4294967295,4155,46,SwiGlu,SwiGlu,dynamic,AI_VECTOR_CORE,1790613010520956.069	,2.980,107.109000,1,0,NO,"""1,9728""",DT_BF16,ND,"""1,4864""",DT_BF16,ND,N/A
0,4294967295,4156,46,aclnnMatmul_MatMulCommon_MatMulV2,MatMulV2,dynamic,AI_CORE,1790613010521098.155	,16.241,139.270000,19,0,NO,"""1,4864;896,4864""",DT_BF16;DT_BF16,ND;ND,"""1,896""",DT_BF16,ND,N/A
0,4294967295,4157,46,AddRmsNormBias,AddRmsNormBias,dynamic,AI_VECTOR_CORE,1790613010521284.963	,1.660,170.509000,1,0,NO,"""1,896;1,896;896;""",DT_BF16;DT_BF16;DT_BF16;DT_UNDEFINED,ND;ND;ND;NULL,"""1,896;1,1;1,896""",DT_BF16;FLOAT;DT_BF16,ND;ND;ND,N/A
0,4294967295,4158,46,aclnnAddmm_CastAiCore_Cast,Cast,dynamic,AI_VECTOR_CORE,1790613010521435.709	,1.220,149.090000,2,0,NO,"""1152""",DT_BF16,ND,"""1152""",FLOAT,ND,N/A
0,4294967295,4159,46,aclnnAddmm_MatMulCommon_MatMulV2,MatMulV2,dynamic,AI_CORE,1790613010521438.149	,7.420,1.280000,24,0,NO,"""1,896;1152,896;1152""",DT_BF16;DT_BF16;FLOAT,ND;ND;ND,"""1,1152""",DT_BF16,ND,N/A
0,4294967295,4160,46,_triton_rope,_triton_rope,static,AI_VECTOR_CORE,1790613010522304.763	,2.960,859.080000,1,0,YES,"""1,14,64;1,2,64;32768,64""",DT_BF16;32590;DT_BF16,ND;ND;ND,"""1,14,64;1,2,64""",DT_BF16;32590,ND;ND,N/A
0,4294967295,4161,46,ReshapeAndCacheNdKernel,ReshapeAndCacheNdKernel,dynamic,AI_VECTOR_CORE,1790613010522975.430	,2.240,667.790000,1,0,NO,"""1,2,64;1,2,64;11823,128,2,64;11823,128,2,64;1""",DT_BF16;DT_BF16;DT_BF16;DT_BF16;INT32,ND;ND;ND;ND;ND,"""11823,128,2,64;11823,128,2,64""",DT_BF16;DT_BF16,ND;ND,N/A
0,4294967295,4162,46,FusedInferAttentionScore,FusedInferAttentionScore,dynamic,MIX_AIC,1790613010523438.189	,19.040,460.510000,24,48,NO,"""1,14,64;11823,128,128;11823,128,128;;2048,2048;1;1;;;;;;;;1,2;;;;;;;;;;;;;;;;""",DT_BF16;DT_BF16;DT_BF16;DT_UNDEFINED;INT8;INT64;INT64;DT_UNDEFINED;DT_UNDEFINED;DT_UNDEFINED;DT_UNDEFINED;DT_UNDEFINED;DT_UNDEFINED;DT_UNDEFINED;INT32;DT_UNDEFINED;DT_UNDEFINED;DT_UNDEFINED;DT_UNDEFINED;DT_UNDEFINED;DT_UNDEFINED;DT_UNDEFINED;DT_UNDEFINED;DT_UNDEFINED;DT_UNDEFINED;DT_UNDEFINED;DT_UNDEFINED;DT_UNDEFINED;DT_UNDEFINED;DT_UNDEFINED;DT_UNDEFINED,ND;ND;ND;NULL;ND;ND;ND;NULL;NULL;NULL;NULL;NULL;NULL;NULL;ND;NULL;NULL;NULL;NULL;NULL;NULL;NULL;NULL;NULL;NULL;NULL;NULL;NULL;NULL;NULL;NULL,"""1,14,64;""",DT_BF16;FLOAT,ND;ND,0
0,4294967295,4164,46,aclnnMatmul_MatMulCommon_MatMulV2,MatMulV2,dynamic,AI_CORE,1790613010523902.107	,5.640,444.710000,19,0,NO,"""1,896;896,896""",DT_BF16;DT_BF16,ND;ND,"""1,896""",DT_BF16,ND,N/A
0,4294967295,4165,46,AddRmsNormBias,AddRmsNormBias,dynamic,AI_VECTOR_CORE,1790613010524074.434	,1.720,166.860000,1,0,NO,"""1,896;1,896;896;""",DT_BF16;DT_BF16;DT_BF16;DT_UNDEFINED,ND;ND;ND;NULL,"""1,896;1,1;1,896""",DT_BF16;FLOAT;DT_BF16,ND;ND;ND,N/A
0,4294967295,4166,46,aclnnMatmul_MatMulCommon_MatMulV2,MatMulV2,dynamic,AI_CORE,1790613010524245.861	,19.301,169.530000,22,0,NO,"""1,896;9728,896""",DT_BF16;DT_BF16,ND;ND,"""1,9728""",DT_BF16,ND,N/A
0,4294967295,4167,46,SwiGlu,SwiGlu,dynamic,AI_VECTOR_CORE,1790613010524380.906	,2.980,115.949000,1,0,NO,"""1,9728""",DT_BF16,ND,"""1,4864""",DT_BF16,ND,N/A
0,4294967295,4168,46,aclnnMatmul_MatMulCommon_MatMulV2,MatMulV2,dynamic,AI_CORE,1790613010524520.232	,16.561,136.270000,19,0,NO,"""1,4864;896,4864""",DT_BF16;DT_BF16,ND;ND,"""1,896""",DT_BF16,ND,N/A
0,4294967295,4169,46,AddRmsNormBias,AddRmsNormBias,dynamic,AI_VECTOR_CORE,1790613010524703.599	,1.680,166.689000,1,0,NO,"""1,896;1,896;896;""",DT_BF16;DT_BF16;DT_BF16;DT_UNDEFINED,ND;ND;ND;NULL,"""1,896;1,1;1,896""",DT_BF16;FLOAT;DT_BF16,ND;ND;ND,N/A
0,4294967295,4170,46,aclnnAddmm_CastAiCore_Cast,Cast,dynamic,AI_VECTOR_CORE,1790613010524856.265	,1.140,151.070000,2,0,NO,"""1152""",DT_BF16,ND,"""1152""",FLOAT,ND,N/A
0,4294967295,4171,46,aclnnAddmm_MatMulCommon_MatMulV2,MatMulV2,dynamic,AI_CORE,1790613010524859.005	,7.861,1.610000,24,0,NO,"""1,896;1152,896;1152""",DT_BF16;DT_BF16;FLOAT,ND;ND;ND,"""1,1152""",DT_BF16,ND,N/A
0,4294967295,4172,46,_triton_rope,_triton_rope,static,AI_VECTOR_CORE,1790613010525729.360	,2.840,862.389000,1,0,YES,"""1,14,64;1,2,64;32768,64""",DT_BF16;32590;DT_BF16,ND;ND;ND,"""1,14,64;1,2,64""",DT_BF16;32590,ND;ND,N/A
0,4294967295,4173,46,ReshapeAndCacheNdKernel,ReshapeAndCacheNdKernel,dynamic,AI_VECTOR_CORE,1790613010526397.607	,1.540,665.410000,1,0,NO,"""1,2,64;1,2,64;11823,128,2,64;11823,128,2,64;1""",DT_BF16;DT_BF16;DT_BF16;DT_BF16;INT32,ND;ND;ND;ND;ND,"""11823,128,2,64;11823,128,2,64""",DT_BF16;DT_BF16,ND;ND,N/A
0,4294967295,4174,46,FusedInferAttentionScore,FusedInferAttentionScore,dynamic,MIX_AIC,1790613010526855.965	,18.881,456.960000,24,48,NO,"""1,14,64;11823,128,128;11823,128,128;;2048,2048;1;1;;;;;;;;1,2;;;;;;;;;;;;;;;;""",DT_BF16;DT_BF16;DT_BF16;DT_UNDEFINED;INT8;INT64;INT64;DT_UNDEFINED;DT_UNDEFINED;DT_UNDEFINED;DT_UNDEFINED;DT_UNDEFINED;DT_UNDEFINED;DT_UNDEFINED;INT32;DT_UNDEFINED;DT_UNDEFINED;DT_UNDEFINED;DT_UNDEFINED;DT_UNDEFINED;DT_UNDEFINED;DT_UNDEFINED;DT_UNDEFINED;DT_UNDEFINED;DT_UNDEFINED;DT_UNDEFINED;DT_UNDEFINED;DT_UNDEFINED;DT_UNDEFINED;DT_UNDEFINED;DT_UNDEFINED,ND;ND;ND;NULL;ND;ND;ND;NULL;NULL;NULL;NULL;NULL;NULL;NULL;ND;NULL;NULL;NULL;NULL;NULL;NULL;NULL;NULL;NULL;NULL;NULL;NULL;NULL;NULL;NULL;NULL,"""1,14,64;""",DT_BF16;FLOAT,ND;ND,0
0,4294967295,4176,46,aclnnMatmul_MatMulCommon_MatMulV2,MatMulV2,dynamic,AI_CORE,1790613010527343.925	,5.320,469.119000,19,0,NO,"""1,896;896,896""",DT_BF16;DT_BF16,ND;ND,"""1,896""",DT_BF16,ND,N/A
0,4294967295,4177,46,AddRmsNormBias,AddRmsNormBias,dynamic,AI_VECTOR_CORE,1790613010527525.272	,1.700,175.930000,1,0,NO,"""1,896;1,896;896;""",DT_BF16;DT_BF16;DT_BF16;DT_UNDEFINED,ND;ND;ND;NULL,"""1,896;1,1;1,896""",DT_BF16;FLOAT;DT_BF16,ND;ND;ND,N/A
0,4294967295,4178,46,aclnnMatmul_MatMulCommon_MatMulV2,MatMulV2,dynamic,AI_CORE,1790613010527681.638	,19.401,154.800000,22,0,NO,"""1,896;9728,896""",DT_BF16;DT_BF16,ND;ND,"""1,9728""",DT_BF16,ND,N/A
0,4294967295,4179,46,SwiGlu,SwiGlu,dynamic,AI_VECTOR_CORE,1790613010527817.904	,2.900,116.849000,1,0,NO,"""1,9728""",DT_BF16,ND,"""1,4864""",DT_BF16,ND,N/A
0,4294967295,4180,46,aclnnMatmul_MatMulCommon_MatMulV2,MatMulV2,dynamic,AI_CORE,1790613010527962.089	,16.221,141.100000,19,0,NO,"""1,4864;896,4864""",DT_BF16;DT_BF16,ND;ND,"""1,896""",DT_BF16,ND,N/A
0,4294967295,4181,46,AddRmsNormBias,AddRmsNormBias,dynamic,AI_VECTOR_CORE,1790613010528134.676	,2.241,156.529000,1,0,NO,"""1,896;1,896;896;""",DT_BF16;DT_BF16;DT_BF16;DT_UNDEFINED,ND;ND;ND;NULL,"""1,896;1,1;1,896""",DT_BF16;FLOAT;DT_BF16,ND;ND;ND,N/A
0,4294967295,4182,46,aclnnAddmm_CastAiCore_Cast,Cast,dynamic,AI_VECTOR_CORE,1790613010528290.783	,1.240,153.759000,2,0,NO,"""1152""",DT_BF16,ND,"""1152""",FLOAT,ND,N/A
0,4294967295,4183,46,aclnnAddmm_MatMulCommon_MatMulV2,MatMulV2,dynamic,AI_CORE,1790613010528293.263	,7.280,1.260000,24,0,NO,"""1,896;1152,896;1152""",DT_BF16;DT_BF16;FLOAT,ND;ND;ND,"""1,1152""",DT_BF16,ND,N/A
0,4294967295,4184,46,_triton_rope,_triton_rope,static,AI_VECTOR_CORE,1790613010529178.718	,3.120,878.220000,1,0,YES,"""1,14,64;1,2,64;32768,64""",DT_BF16;32590;DT_BF16,ND;ND;ND,"""1,14,64;1,2,64""",DT_BF16;32590,ND;ND,N/A
0,4294967295,4185,46,ReshapeAndCacheNdKernel,ReshapeAndCacheNdKernel,dynamic,AI_VECTOR_CORE,1790613010529873.726	,1.720,691.880000,1,0,NO,"""1,2,64;1,2,64;11823,128,2,64;11823,128,2,64;1""",DT_BF16;DT_BF16;DT_BF16;DT_BF16;INT32,ND;ND;ND;ND;ND,"""11823,128,2,64;11823,128,2,64""",DT_BF16;DT_BF16,ND;ND,N/A
0,4294967295,4186,46,FusedInferAttentionScore,FusedInferAttentionScore,dynamic,MIX_AIC,1790613010530333.324	,18.681,457.780000,24,48,NO,"""1,14,64;11823,128,128;11823,128,128;;2048,2048;1;1;;;;;;;;1,2;;;;;;;;;;;;;;;;""",DT_BF16;DT_BF16;DT_BF16;DT_UNDEFINED;INT8;INT64;INT64;DT_UNDEFINED;DT_UNDEFINED;DT_UNDEFINED;DT_UNDEFINED;DT_UNDEFINED;DT_UNDEFINED;DT_UNDEFINED;INT32;DT_UNDEFINED;DT_UNDEFINED;DT_UNDEFINED;DT_UNDEFINED;DT_UNDEFINED;DT_UNDEFINED;DT_UNDEFINED;DT_UNDEFINED;DT_UNDEFINED;DT_UNDEFINED;DT_UNDEFINED;DT_UNDEFINED;DT_UNDEFINED;DT_UNDEFINED;DT_UNDEFINED;DT_UNDEFINED,ND;ND;ND;NULL;ND;ND;ND;NULL;NULL;NULL;NULL;NULL;NULL;NULL;ND;NULL;NULL;NULL;NULL;NULL;NULL;NULL;NULL;NULL;NULL;NULL;NULL;NULL;NULL;NULL;NULL,"""1,14,64;""",DT_BF16;FLOAT,ND;ND,0
0,4294967295,4188,46,aclnnMatmul_MatMulCommon_MatMulV2,MatMulV2,dynamic,AI_CORE,1790613010530804.203	,5.360,452.319000,19,0,NO,"""1,896;896,896""",DT_BF16;DT_BF16,ND;ND,"""1,896""",DT_BF16,ND,N/A
0,4294967295,4189,46,AddRmsNormBias,AddRmsNormBias,dynamic,AI_VECTOR_CORE,1790613010530985.950	,1.620,176.390000,1,0,NO,"""1,896;1,896;896;""",DT_BF16;DT_BF16;DT_BF16;DT_UNDEFINED,ND;ND;ND;NULL,"""1,896;1,1;1,896""",DT_BF16;FLOAT;DT_BF16,ND;ND;ND,N/A
0,4294967295,4190,46,aclnnMatmul_MatMulCommon_MatMulV2,MatMulV2,dynamic,AI_CORE,1790613010531133.696	,19.381,146.130000,22,0,NO,"""1,896;9728,896""",DT_BF16;DT_BF16,ND;ND,"""1,9728""",DT_BF16,ND,N/A
0,4294967295,4191,46,SwiGlu,SwiGlu,dynamic,AI_VECTOR_CORE,1790613010531263.561	,4.101,110.369000,1,0,NO,"""1,9728""",DT_BF16,ND,"""1,4864""",DT_BF16,ND,N/A
0,4294967295,4192,46,aclnnMatmul_MatMulCommon_MatMulV2,MatMulV2,dynamic,AI_CORE,1790613010531406.527	,16.441,138.899000,19,0,NO,"""1,4864;896,4864""",DT_BF16;DT_BF16,ND;ND,"""1,896""",DT_BF16,ND,N/A
0,4294967295,4193,46,AddRmsNormBias,AddRmsNormBias,dynamic,AI_VECTOR_CORE,1790613010531593.915	,1.680,171.059000,1,0,NO,"""1,896;1,896;896;""",DT_BF16;DT_BF16;DT_BF16;DT_UNDEFINED,ND;ND;ND;NULL,"""1,896;1,1;1,896""",DT_BF16;FLOAT;DT_BF16,ND;ND;ND,N/A
0,4294967295,4194,46,aclnnAddmm_CastAiCore_Cast,Cast,dynamic,AI_VECTOR_CORE,1790613010531750.681	,1.400,155.070000,2,0,NO,"""1152""",DT_BF16,ND,"""1152""",FLOAT,ND,N/A
0,4294967295,4195,46,aclnnAddmm_MatMulCommon_MatMulV2,MatMulV2,dynamic,AI_CORE,1790613010531753.181	,7.620,1.100000,24,0,NO,"""1,896;1152,896;1152""",DT_BF16;DT_BF16;FLOAT,ND;ND;ND,"""1,1152""",DT_BF16,ND,N/A
0,4294967295,4196,46,_triton_rope,_triton_rope,static,AI_VECTOR_CORE,1790613010532615.635	,2.881,854.880000,1,0,YES,"""1,14,64;1,2,64;32768,64""",DT_BF16;32590;DT_BF16,ND;ND;ND,"""1,14,64;1,2,64""",DT_BF16;32590,ND;ND,N/A
0,4294967295,4197,46,ReshapeAndCacheNdKernel,ReshapeAndCacheNdKernel,dynamic,AI_VECTOR_CORE,1790613010533296.003	,1.560,677.369000,1,0,NO,"""1,2,64;1,2,64;11823,128,2,64;11823,128,2,64;1""",DT_BF16;DT_BF16;DT_BF16;DT_BF16;INT32,ND;ND;ND;ND;ND,"""11823,128,2,64;11823,128,2,64""",DT_BF16;DT_BF16,ND;ND,N/A
0,4294967295,4198,46,FusedInferAttentionScore,FusedInferAttentionScore,dynamic,MIX_AIC,1790613010533752.821	,21.061,455.190000,24,48,NO,"""1,14,64;11823,128,128;11823,128,128;;2048,2048;1;1;;;;;;;;1,2;;;;;;;;;;;;;;;;""",DT_BF16;DT_BF16;DT_BF16;DT_UNDEFINED;INT8;INT64;INT64;DT_UNDEFINED;DT_UNDEFINED;DT_UNDEFINED;DT_UNDEFINED;DT_UNDEFINED;DT_UNDEFINED;DT_UNDEFINED;INT32;DT_UNDEFINED;DT_UNDEFINED;DT_UNDEFINED;DT_UNDEFINED;DT_UNDEFINED;DT_UNDEFINED;DT_UNDEFINED;DT_UNDEFINED;DT_UNDEFINED;DT_UNDEFINED;DT_UNDEFINED;DT_UNDEFINED;DT_UNDEFINED;DT_UNDEFINED;DT_UNDEFINED;DT_UNDEFINED,ND;ND;ND;NULL;ND;ND;ND;NULL;NULL;NULL;NULL;NULL;NULL;NULL;ND;NULL;NULL;NULL;NULL;NULL;NULL;NULL;NULL;NULL;NULL;NULL;NULL;NULL;NULL;NULL;NULL,"""1,14,64;""",DT_BF16;FLOAT,ND;ND,0
0,4294967295,4200,46,aclnnMatmul_MatMulCommon_MatMulV2,MatMulV2,dynamic,AI_CORE,1790613010534234.520	,5.661,460.689000,19,0,NO,"""1,896;896,896""",DT_BF16;DT_BF16,ND;ND,"""1,896""",DT_BF16,ND,N/A
0,4294967295,4201,46,AddRmsNormBias,AddRmsNormBias,dynamic,AI_VECTOR_CORE,1790613010534406.967	,1.680,166.839000,1,0,NO,"""1,896;1,896;896;""",DT_BF16;DT_BF16;DT_BF16;DT_UNDEFINED,ND;ND;ND;NULL,"""1,896;1,1;1,896""",DT_BF16;FLOAT;DT_BF16,ND;ND;ND,N/A
0,4294967295,4202,46,aclnnMatmul_MatMulCommon_MatMulV2,MatMulV2,dynamic,AI_CORE,1790613010534556.213	,19.881,147.570000,22,0,NO,"""1,896;9728,896""",DT_BF16;DT_BF16,ND;ND,"""1,9728""",DT_BF16,ND,N/A
0,4294967295,4203,46,SwiGlu,SwiGlu,dynamic,AI_VECTOR_CORE,1790613010534685.838	,2.920,109.619000,1,0,NO,"""1,9728""",DT_BF16,ND,"""1,4864""",DT_BF16,ND,N/A
0,4294967295,4204,46,aclnnMatmul_MatMulCommon_MatMulV2,MatMulV2,dynamic,AI_CORE,1790613010534838.684	,16.561,150.080000,19,0,NO,"""1,4864;896,4864""",DT_BF16;DT_BF16,ND;ND,"""1,896""",DT_BF16,ND,N/A
0,4294967295,4205,46,AddRmsNormBias,AddRmsNormBias,dynamic,AI_VECTOR_CORE,1790613010535016.931	,1.721,161.689000,1,0,NO,"""1,896;1,896;896;""",DT_BF16;DT_BF16;DT_BF16;DT_UNDEFINED,ND;ND;ND;NULL,"""1,896;1,1;1,896""",DT_BF16;FLOAT;DT_BF16,ND;ND;ND,N/A
0,4294967295,4206,46,aclnnAddmm_CastAiCore_Cast,Cast,dynamic,AI_VECTOR_CORE,1790613010535174.558	,1.100,155.779000,2,0,NO,"""1152""",DT_BF16,ND,"""1152""",FLOAT,ND,N/A
0,4294967295,4207,46,aclnnAddmm_MatMulCommon_MatMulV2,MatMulV2,dynamic,AI_CORE,1790613010535178.018	,7.860,2.400000,24,0,NO,"""1,896;1152,896;1152""",DT_BF16;DT_BF16;FLOAT,ND;ND;ND,"""1,1152""",DT_BF16,ND,N/A
0,4294967295,4208,46,_triton_rope,_triton_rope,static,AI_VECTOR_CORE,1790613010536045.013	,2.940,859.140000,1,0,YES,"""1,14,64;1,2,64;32768,64""",DT_BF16;32590;DT_BF16,ND;ND;ND,"""1,14,64;1,2,64""",DT_BF16;32590,ND;ND,N/A
0,4294967295,4209,46,ReshapeAndCacheNdKernel,ReshapeAndCacheNdKernel,dynamic,AI_VECTOR_CORE,1790613010536715.099	,1.960,667.060000,1,0,NO,"""1,2,64;1,2,64;11823,128,2,64;11823,128,2,64;1""",DT_BF16;DT_BF16;DT_BF16;DT_BF16;INT32,ND;ND;ND;ND;ND,"""11823,128,2,64;11823,128,2,64""",DT_BF16;DT_BF16,ND;ND,N/A
0,4294967295,4210,46,FusedInferAttentionScore,FusedInferAttentionScore,dynamic,MIX_AIC,1790613010537174.138	,21.501,457.290000,24,48,NO,"""1,14,64;11823,128,128;11823,128,128;;2048,2048;1;1;;;;;;;;1,2;;;;;;;;;;;;;;;;""",DT_BF16;DT_BF16;DT_BF16;DT_UNDEFINED;INT8;INT64;INT64;DT_UNDEFINED;DT_UNDEFINED;DT_UNDEFINED;DT_UNDEFINED;DT_UNDEFINED;DT_UNDEFINED;DT_UNDEFINED;INT32;DT_UNDEFINED;DT_UNDEFINED;DT_UNDEFINED;DT_UNDEFINED;DT_UNDEFINED;DT_UNDEFINED;DT_UNDEFINED;DT_UNDEFINED;DT_UNDEFINED;DT_UNDEFINED;DT_UNDEFINED;DT_UNDEFINED;DT_UNDEFINED;DT_UNDEFINED;DT_UNDEFINED;DT_UNDEFINED,ND;ND;ND;NULL;ND;ND;ND;NULL;NULL;NULL;NULL;NULL;NULL;NULL;ND;NULL;NULL;NULL;NULL;NULL;NULL;NULL;NULL;NULL;NULL;NULL;NULL;NULL;NULL;NULL;NULL,"""1,14,64;""",DT_BF16;FLOAT,ND;ND,0
0,4294967295,4212,46,aclnnMatmul_MatMulCommon_MatMulV2,MatMulV2,dynamic,AI_CORE,1790613010537668.477	,5.301,472.749000,19,0,NO,"""1,896;896,896""",DT_BF16;DT_BF16,ND;ND,"""1,896""",DT_BF16,ND,N/A
0,4294967295,4213,46,AddRmsNormBias,AddRmsNormBias,dynamic,AI_VECTOR_CORE,1790613010537848.765	,1.640,174.949000,1,0,NO,"""1,896;1,896;896;""",DT_BF16;DT_BF16;DT_BF16;DT_UNDEFINED,ND;ND;ND;NULL,"""1,896;1,1;1,896""",DT_BF16;FLOAT;DT_BF16,ND;ND;ND,N/A
0,4294967295,4214,46,aclnnMatmul_MatMulCommon_MatMulV2,MatMulV2,dynamic,AI_CORE,1790613010538006.851	,19.501,156.360000,22,0,NO,"""1,896;9728,896""",DT_BF16;DT_BF16,ND;ND,"""1,9728""",DT_BF16,ND,N/A
0,4294967295,4215,46,SwiGlu,SwiGlu,dynamic,AI_VECTOR_CORE,1790613010538130.576	,2.860,104.249000,1,0,NO,"""1,9728""",DT_BF16,ND,"""1,4864""",DT_BF16,ND,N/A
0,4294967295,4216,46,aclnnMatmul_MatMulCommon_MatMulV2,MatMulV2,dynamic,AI_CORE,1790613010538266.041	,16.261,132.640000,19,0,NO,"""1,4864;896,4864""",DT_BF16;DT_BF16,ND;ND,"""1,896""",DT_BF16,ND,N/A
0,4294967295,4217,46,AddRmsNormBias,AddRmsNormBias,dynamic,AI_VECTOR_CORE,1790613010538440.048	,1.681,157.739000,1,0,NO,"""1,896;1,896;896;""",DT_BF16;DT_BF16;DT_BF16;DT_UNDEFINED,ND;ND;ND;NULL,"""1,896;1,1;1,896""",DT_BF16;FLOAT;DT_BF16,ND;ND;ND,N/A
0,4294967295,4218,46,aclnnAddmm_CastAiCore_Cast,Cast,dynamic,AI_VECTOR_CORE,1790613010538608.115	,1.200,166.319000,2,0,NO,"""1152""",DT_BF16,ND,"""1152""",FLOAT,ND,N/A
0,4294967295,4219,46,aclnnAddmm_MatMulCommon_MatMulV2,MatMulV2,dynamic,AI_CORE,1790613010538610.575	,7.320,1.300000,24,0,NO,"""1,896;1152,896;1152""",DT_BF16;DT_BF16;FLOAT,ND;ND;ND,"""1,1152""",DT_BF16,ND,N/A
0,4294967295,4220,46,_triton_rope,_triton_rope,static,AI_VECTOR_CORE,1790613010539469.409	,2.921,851.680000,1,0,YES,"""1,14,64;1,2,64;32768,64""",DT_BF16;32590;DT_BF16,ND;ND;ND,"""1,14,64;1,2,64""",DT_BF16;32590,ND;ND,N/A
0,4294967295,4221,46,ReshapeAndCacheNdKernel,ReshapeAndCacheNdKernel,dynamic,AI_VECTOR_CORE,1790613010540146.437	,1.980,674.079000,1,0,NO,"""1,2,64;1,2,64;11823,128,2,64;11823,128,2,64;1""",DT_BF16;DT_BF16;DT_BF16;DT_BF16;INT32,ND;ND;ND;ND;ND,"""11823,128,2,64;11823,128,2,64""",DT_BF16;DT_BF16,ND;ND,N/A
0,4294967295,4222,46,FusedInferAttentionScore,FusedInferAttentionScore,dynamic,MIX_AIC,1790613010540599.455	,22.541,451.020000,24,48,NO,"""1,14,64;11823,128,128;11823,128,128;;2048,2048;1;1;;;;;;;;1,2;;;;;;;;;;;;;;;;""",DT_BF16;DT_BF16;DT_BF16;DT_UNDEFINED;INT8;INT64;INT64;DT_UNDEFINED;DT_UNDEFINED;DT_UNDEFINED;DT_UNDEFINED;DT_UNDEFINED;DT_UNDEFINED;DT_UNDEFINED;INT32;DT_UNDEFINED;DT_UNDEFINED;DT_UNDEFINED;DT_UNDEFINED;DT_UNDEFINED;DT_UNDEFINED;DT_UNDEFINED;DT_UNDEFINED;DT_UNDEFINED;DT_UNDEFINED;DT_UNDEFINED;DT_UNDEFINED;DT_UNDEFINED;DT_UNDEFINED;DT_UNDEFINED;DT_UNDEFINED,ND;ND;ND;NULL;ND;ND;ND;NULL;NULL;NULL;NULL;NULL;NULL;NULL;ND;NULL;NULL;NULL;NULL;NULL;NULL;NULL;NULL;NULL;NULL;NULL;NULL;NULL;NULL;NULL;NULL,"""1,14,64;""",DT_BF16;FLOAT,ND;ND,0
0,4294967295,4224,46,aclnnMatmul_MatMulCommon_MatMulV2,MatMulV2,dynamic,AI_CORE,1790613010541081.694	,5.340,459.709000,19,0,NO,"""1,896;896,896""",DT_BF16;DT_BF16,ND;ND,"""1,896""",DT_BF16,ND,N/A
0,4294967295,4225,46,AddRmsNormBias,AddRmsNormBias,dynamic,AI_VECTOR_CORE,1790613010541280.442	,1.720,193.410000,1,0,NO,"""1,896;1,896;896;""",DT_BF16;DT_BF16;DT_BF16;DT_UNDEFINED,ND;ND;ND;NULL,"""1,896;1,1;1,896""",DT_BF16;FLOAT;DT_BF16,ND;ND;ND,N/A
0,4294967295,4226,46,aclnnMatmul_MatMulCommon_MatMulV2,MatMulV2,dynamic,AI_CORE,1790613010541448.289	,20.040,166.030000,22,0,NO,"""1,896;9728,896""",DT_BF16;DT_BF16,ND;ND,"""1,9728""",DT_BF16,ND,N/A
0,4294967295,4227,46,SwiGlu,SwiGlu,dynamic,AI_VECTOR_CORE,1790613010541568.693	,2.921,100.460000,1,0,NO,"""1,9728""",DT_BF16,ND,"""1,4864""",DT_BF16,ND,N/A
0,4294967295,4228,46,aclnnMatmul_MatMulCommon_MatMulV2,MatMulV2,dynamic,AI_CORE,1790613010541710.839	,16.321,139.079000,19,0,NO,"""1,4864;896,4864""",DT_BF16;DT_BF16,ND;ND,"""1,896""",DT_BF16,ND,N/A
0,4294967295,4229,46,AddRmsNormBias,AddRmsNormBias,dynamic,AI_VECTOR_CORE,1790613010541885.086	,1.700,157.929000,1,0,NO,"""1,896;1,896;896;""",DT_BF16;DT_BF16;DT_BF16;DT_UNDEFINED,ND;ND;ND;NULL,"""1,896;1,1;1,896""",DT_BF16;FLOAT;DT_BF16,ND;ND;ND,N/A
0,4294967295,4230,46,aclnnAddmm_CastAiCore_Cast,Cast,dynamic,AI_VECTOR_CORE,1790613010542056.073	,1.140,169.300000,2,0,NO,"""1152""",DT_BF16,ND,"""1152""",FLOAT,ND,N/A
0,4294967295,4231,46,aclnnAddmm_MatMulCommon_MatMulV2,MatMulV2,dynamic,AI_CORE,1790613010542058.853	,7.380,1.610000,24,0,NO,"""1,896;1152,896;1152""",DT_BF16;DT_BF16;FLOAT,ND;ND;ND,"""1,1152""",DT_BF16,ND,N/A
0,4294967295,4232,46,_triton_rope,_triton_rope,static,AI_VECTOR_CORE,1790613010542918.447	,2.860,852.370000,1,0,YES,"""1,14,64;1,2,64;32768,64""",DT_BF16;32590;DT_BF16,ND;ND;ND,"""1,14,64;1,2,64""",DT_BF16;32590,ND;ND,N/A
0,4294967295,4233,46,ReshapeAndCacheNdKernel,ReshapeAndCacheNdKernel,dynamic,AI_VECTOR_CORE,1790613010543589.394	,2.180,668.140000,1,0,NO,"""1,2,64;1,2,64;11823,128,2,64;11823,128,2,64;1""",DT_BF16;DT_BF16;DT_BF16;DT_BF16;INT32,ND;ND;ND;ND;ND,"""11823,128,2,64;11823,128,2,64""",DT_BF16;DT_BF16,ND;ND,N/A
0,4294967295,4234,46,FusedInferAttentionScore,FusedInferAttentionScore,dynamic,MIX_AIC,1790613010544035.572	,18.221,443.820000,24,48,NO,"""1,14,64;11823,128,128;11823,128,128;;2048,2048;1;1;;;;;;;;1,2;;;;;;;;;;;;;;;;""",DT_BF16;DT_BF16;DT_BF16;DT_UNDEFINED;INT8;INT64;INT64;DT_UNDEFINED;DT_UNDEFINED;DT_UNDEFINED;DT_UNDEFINED;DT_UNDEFINED;DT_UNDEFINED;DT_UNDEFINED;INT32;DT_UNDEFINED;DT_UNDEFINED;DT_UNDEFINED;DT_UNDEFINED;DT_UNDEFINED;DT_UNDEFINED;DT_UNDEFINED;DT_UNDEFINED;DT_UNDEFINED;DT_UNDEFINED;DT_UNDEFINED;DT_UNDEFINED;DT_UNDEFINED;DT_UNDEFINED;DT_UNDEFINED;DT_UNDEFINED,ND;ND;ND;NULL;ND;ND;ND;NULL;NULL;NULL;NULL;NULL;NULL;NULL;ND;NULL;NULL;NULL;NULL;NULL;NULL;NULL;NULL;NULL;NULL;NULL;NULL;NULL;NULL;NULL;NULL,"""1,14,64;""",DT_BF16;FLOAT,ND;ND,0
0,4294967295,4236,46,aclnnMatmul_MatMulCommon_MatMulV2,MatMulV2,dynamic,AI_CORE,1790613010544534.112	,5.360,480.279000,19,0,NO,"""1,896;896,896""",DT_BF16;DT_BF16,ND;ND,"""1,896""",DT_BF16,ND,N/A
0,4294967295,4237,46,AddRmsNormBias,AddRmsNormBias,dynamic,AI_VECTOR_CORE,1790613010544706.919	,1.700,167.640000,1,0,NO,"""1,896;1,896;896;""",DT_BF16;DT_BF16;DT_BF16;DT_UNDEFINED,ND;ND;ND;NULL,"""1,896;1,1;1,896""",DT_BF16;FLOAT;DT_BF16,ND;ND;ND,N/A
0,4294967295,4238,46,aclnnMatmul_MatMulCommon_MatMulV2,MatMulV2,dynamic,AI_CORE,1790613010544862.205	,19.561,153.550000,22,0,NO,"""1,896;9728,896""",DT_BF16;DT_BF16,ND;ND,"""1,9728""",DT_BF16,ND,N/A
0,4294967295,4239,46,SwiGlu,SwiGlu,dynamic,AI_VECTOR_CORE,1790613010544981.150	,2.920,99.439000,1,0,NO,"""1,9728""",DT_BF16,ND,"""1,4864""",DT_BF16,ND,N/A
0,4294967295,4240,46,aclnnMatmul_MatMulCommon_MatMulV2,MatMulV2,dynamic,AI_CORE,1790613010545122.075	,16.561,137.830000,19,0,NO,"""1,4864;896,4864""",DT_BF16;DT_BF16,ND;ND,"""1,896""",DT_BF16,ND,N/A
0,4294967295,4241,46,AddRmsNormBias,AddRmsNormBias,dynamic,AI_VECTOR_CORE,1790613010545300.663	,1.780,162.189000,1,0,NO,"""1,896;1,896;896;""",DT_BF16;DT_BF16;DT_BF16;DT_UNDEFINED,ND;ND;ND;NULL,"""1,896;1,1;1,896""",DT_BF16;FLOAT;DT_BF16,ND;ND;ND,N/A
0,4294967295,4242,46,aclnnAddmm_CastAiCore_Cast,Cast,dynamic,AI_VECTOR_CORE,1790613010545464.269	,1.280,161.720000,2,0,NO,"""1152""",DT_BF16,ND,"""1152""",FLOAT,ND,N/A
0,4294967295,4243,46,aclnnAddmm_MatMulCommon_MatMulV2,MatMulV2,dynamic,AI_CORE,1790613010545466.589	,7.801,0.970000,24,0,NO,"""1,896;1152,896;1152""",DT_BF16;DT_BF16;FLOAT,ND;ND;ND,"""1,1152""",DT_BF16,ND,N/A
0,4294967295,4244,46,_triton_rope,_triton_rope,static,AI_VECTOR_CORE,1790613010546332.124	,3.420,857.699000,1,0,YES,"""1,14,64;1,2,64;32768,64""",DT_BF16;32590;DT_BF16,ND;ND;ND,"""1,14,64;1,2,64""",DT_BF16;32590,ND;ND,N/A
0,4294967295,4245,46,ReshapeAndCacheNdKernel,ReshapeAndCacheNdKernel,dynamic,AI_VECTOR_CORE,1790613010547008.011	,2.380,672.580000,1,0,NO,"""1,2,64;1,2,64;11823,128,2,64;11823,128,2,64;1""",DT_BF16;DT_BF16;DT_BF16;DT_BF16;INT32,ND;ND;ND;ND;ND,"""11823,128,2,64;11823,128,2,64""",DT_BF16;DT_BF16,ND;ND,N/A
0,4294967295,4246,46,FusedInferAttentionScore,FusedInferAttentionScore,dynamic,MIX_AIC,1790613010547452.809	,18.800,442.370000,24,48,NO,"""1,14,64;11823,128,128;11823,128,128;;2048,2048;1;1;;;;;;;;1,2;;;;;;;;;;;;;;;;""",DT_BF16;DT_BF16;DT_BF16;DT_UNDEFINED;INT8;INT64;INT64;DT_UNDEFINED;DT_UNDEFINED;DT_UNDEFINED;DT_UNDEFINED;DT_UNDEFINED;DT_UNDEFINED;DT_UNDEFINED;INT32;DT_UNDEFINED;DT_UNDEFINED;DT_UNDEFINED;DT_UNDEFINED;DT_UNDEFINED;DT_UNDEFINED;DT_UNDEFINED;DT_UNDEFINED;DT_UNDEFINED;DT_UNDEFINED;DT_UNDEFINED;DT_UNDEFINED;DT_UNDEFINED;DT_UNDEFINED;DT_UNDEFINED;DT_UNDEFINED,ND;ND;ND;NULL;ND;ND;ND;NULL;NULL;NULL;NULL;NULL;NULL;NULL;ND;NULL;NULL;NULL;NULL;NULL;NULL;NULL;NULL;NULL;NULL;NULL;NULL;NULL;NULL;NULL;NULL,"""1,14,64;""",DT_BF16;FLOAT,ND;ND,0
0,4294967295,4248,46,aclnnMatmul_MatMulCommon_MatMulV2,MatMulV2,dynamic,AI_CORE,1790613010547949.029	,5.640,477.450000,19,0,NO,"""1,896;896,896""",DT_BF16;DT_BF16,ND;ND,"""1,896""",DT_BF16,ND,N/A
0,4294967295,4249,46,AddRmsNormBias,AddRmsNormBias,dynamic,AI_VECTOR_CORE,1790613010548124.635	,1.701,170.110000,1,0,NO,"""1,896;1,896;896;""",DT_BF16;DT_BF16;DT_BF16;DT_UNDEFINED,ND;ND;ND;NULL,"""1,896;1,1;1,896""",DT_BF16;FLOAT;DT_BF16,ND;ND;ND,N/A
0,4294967295,4250,46,aclnnMatmul_MatMulCommon_MatMulV2,MatMulV2,dynamic,AI_CORE,1790613010548279.182	,19.921,152.799000,22,0,NO,"""1,896;9728,896""",DT_BF16;DT_BF16,ND;ND,"""1,9728""",DT_BF16,ND,N/A
0,4294967295,4251,46,SwiGlu,SwiGlu,dynamic,AI_VECTOR_CORE,1790613010548400.107	,3.060,100.829000,1,0,NO,"""1,9728""",DT_BF16,ND,"""1,4864""",DT_BF16,ND,N/A
0,4294967295,4252,46,aclnnMatmul_MatMulCommon_MatMulV2,MatMulV2,dynamic,AI_CORE,1790613010548537.412	,16.541,134.440000,19,0,NO,"""1,4864;896,4864""",DT_BF16;DT_BF16,ND;ND,"""1,896""",DT_BF16,ND,N/A
0,4294967295,4253,46,AddRmsNormBias,AddRmsNormBias,dynamic,AI_VECTOR_CORE,1790613010548712.519	,1.660,158.459000,1,0,NO,"""1,896;1,896;896;""",DT_BF16;DT_BF16;DT_BF16;DT_UNDEFINED,ND;ND;ND;NULL,"""1,896;1,1;1,896""",DT_BF16;FLOAT;DT_BF16,ND;ND;ND,N/A
0,4294967295,4254,46,aclnnAddmm_CastAiCore_Cast,Cast,dynamic,AI_VECTOR_CORE,1790613010548873.305	,1.360,159.090000,2,0,NO,"""1152""",DT_BF16,ND,"""1152""",FLOAT,ND,N/A
0,4294967295,4255,46,aclnnAddmm_MatMulCommon_MatMulV2,MatMulV2,dynamic,AI_CORE,1790613010548875.926	,7.680,1.390000,24,0,NO,"""1,896;1152,896;1152""",DT_BF16;DT_BF16;FLOAT,ND;ND;ND,"""1,1152""",DT_BF16,ND,N/A
0,4294967295,4256,46,_triton_rope,_triton_rope,static,AI_VECTOR_CORE,1790613010549750.381	,2.900,866.820000,1,0,YES,"""1,14,64;1,2,64;32768,64""",DT_BF16;32590;DT_BF16,ND;ND;ND,"""1,14,64;1,2,64""",DT_BF16;32590,ND;ND,N/A
0,4294967295,4257,46,ReshapeAndCacheNdKernel,ReshapeAndCacheNdKernel,dynamic,AI_VECTOR_CORE,1790613010550422.967	,1.660,669.600000,1,0,NO,"""1,2,64;1,2,64;11823,128,2,64;11823,128,2,64;1""",DT_BF16;DT_BF16;DT_BF16;DT_BF16;INT32,ND;ND;ND;ND;ND,"""11823,128,2,64;11823,128,2,64""",DT_BF16;DT_BF16,ND;ND,N/A
0,4294967295,4258,46,FusedInferAttentionScore,FusedInferAttentionScore,dynamic,MIX_AIC,1790613010550869.245	,17.081,444.590000,24,48,NO,"""1,14,64;11823,128,128;11823,128,128;;2048,2048;1;1;;;;;;;;1,2;;;;;;;;;;;;;;;;""",DT_BF16;DT_BF16;DT_BF16;DT_UNDEFINED;INT8;INT64;INT64;DT_UNDEFINED;DT_UNDEFINED;DT_UNDEFINED;DT_UNDEFINED;DT_UNDEFINED;DT_UNDEFINED;DT_UNDEFINED;INT32;DT_UNDEFINED;DT_UNDEFINED;DT_UNDEFINED;DT_UNDEFINED;DT_UNDEFINED;DT_UNDEFINED;DT_UNDEFINED;DT_UNDEFINED;DT_UNDEFINED;DT_UNDEFINED;DT_UNDEFINED;DT_UNDEFINED;DT_UNDEFINED;DT_UNDEFINED;DT_UNDEFINED;DT_UNDEFINED,ND;ND;ND;NULL;ND;ND;ND;NULL;NULL;NULL;NULL;NULL;NULL;NULL;ND;NULL;NULL;NULL;NULL;NULL;NULL;NULL;NULL;NULL;NULL;NULL;NULL;NULL;NULL;NULL;NULL,"""1,14,64;""",DT_BF16;FLOAT,ND;ND,0
0,4294967295,4260,46,aclnnMatmul_MatMulCommon_MatMulV2,MatMulV2,dynamic,AI_CORE,1790613010551359.765	,5.500,473.419000,19,0,NO,"""1,896;896,896""",DT_BF16;DT_BF16,ND;ND,"""1,896""",DT_BF16,ND,N/A
0,4294967295,4261,46,AddRmsNormBias,AddRmsNormBias,dynamic,AI_VECTOR_CORE,1790613010551537.532	,1.680,172.250000,1,0,NO,"""1,896;1,896;896;""",DT_BF16;DT_BF16;DT_BF16;DT_UNDEFINED,ND;ND;ND;NULL,"""1,896;1,1;1,896""",DT_BF16;FLOAT;DT_BF16,ND;ND;ND,N/A
0,4294967295,4262,46,aclnnMatmul_MatMulCommon_MatMulV2,MatMulV2,dynamic,AI_CORE,1790613010551690.778	,19.321,151.570000,22,0,NO,"""1,896;9728,896""",DT_BF16;DT_BF16,ND;ND,"""1,9728""",DT_BF16,ND,N/A
0,4294967295,4263,46,SwiGlu,SwiGlu,dynamic,AI_VECTOR_CORE,1790613010551816.543	,2.840,106.429000,1,0,NO,"""1,9728""",DT_BF16,ND,"""1,4864""",DT_BF16,ND,N/A
0,4294967295,4264,46,aclnnMatmul_MatMulCommon_MatMulV2,MatMulV2,dynamic,AI_CORE,1790613010551953.869	,16.260,134.410000,19,0,NO,"""1,4864;896,4864""",DT_BF16;DT_BF16,ND;ND,"""1,896""",DT_BF16,ND,N/A
0,4294967295,4265,46,AddRmsNormBias,AddRmsNormBias,dynamic,AI_VECTOR_CORE,1790613010552123.075	,1.700,152.990000,1,0,NO,"""1,896;1,896;896;""",DT_BF16;DT_BF16;DT_BF16;DT_UNDEFINED,ND;ND;ND;NULL,"""1,896;1,1;1,896""",DT_BF16;FLOAT;DT_BF16,ND;ND;ND,N/A
0,4294967295,4266,46,aclnnAddmm_CastAiCore_Cast,Cast,dynamic,AI_VECTOR_CORE,1790613010552285.382	,1.300,160.800000,2,0,NO,"""1152""",DT_BF16,ND,"""1152""",FLOAT,ND,N/A
0,4294967295,4267,46,aclnnAddmm_MatMulCommon_MatMulV2,MatMulV2,dynamic,AI_CORE,1790613010552288.122	,7.460,1.200000,24,0,NO,"""1,896;1152,896;1152""",DT_BF16;DT_BF16;FLOAT,ND;ND;ND,"""1,1152""",DT_BF16,ND,N/A
0,4294967295,4268,46,_triton_rope,_triton_rope,static,AI_VECTOR_CORE,1790613010553156.817	,3.180,861.290000,1,0,YES,"""1,14,64;1,2,64;32768,64""",DT_BF16;32590;DT_BF16,ND;ND;ND,"""1,14,64;1,2,64""",DT_BF16;32590,ND;ND,N/A
0,4294967295,4269,46,ReshapeAndCacheNdKernel,ReshapeAndCacheNdKernel,dynamic,AI_VECTOR_CORE,1790613010553836.304	,1.760,676.320000,1,0,NO,"""1,2,64;1,2,64;11823,128,2,64;11823,128,2,64;1""",DT_BF16;DT_BF16;DT_BF16;DT_BF16;INT32,ND;ND;ND;ND;ND,"""11823,128,2,64;11823,128,2,64""",DT_BF16;DT_BF16,ND;ND,N/A
0,4294967295,4270,46,FusedInferAttentionScore,FusedInferAttentionScore,dynamic,MIX_AIC,1790613010554283.822	,22.481,445.740000,24,48,NO,"""1,14,64;11823,128,128;11823,128,128;;2048,2048;1;1;;;;;;;;1,2;;;;;;;;;;;;;;;;""",DT_BF16;DT_BF16;DT_BF16;DT_UNDEFINED;INT8;INT64;INT64;DT_UNDEFINED;DT_UNDEFINED;DT_UNDEFINED;DT_UNDEFINED;DT_UNDEFINED;DT_UNDEFINED;DT_UNDEFINED;INT32;DT_UNDEFINED;DT_UNDEFINED;DT_UNDEFINED;DT_UNDEFINED;DT_UNDEFINED;DT_UNDEFINED;DT_UNDEFINED;DT_UNDEFINED;DT_UNDEFINED;DT_UNDEFINED;DT_UNDEFINED;DT_UNDEFINED;DT_UNDEFINED;DT_UNDEFINED;DT_UNDEFINED;DT_UNDEFINED,ND;ND;ND;NULL;ND;ND;ND;NULL;NULL;NULL;NULL;NULL;NULL;NULL;ND;NULL;NULL;NULL;NULL;NULL;NULL;NULL;NULL;NULL;NULL;NULL;NULL;NULL;NULL;NULL;NULL,"""1,14,64;""",DT_BF16;FLOAT,ND;ND,0
0,4294967295,4272,46,aclnnMatmul_MatMulCommon_MatMulV2,MatMulV2,dynamic,AI_CORE,1790613010554757.901	,5.640,451.769000,19,0,NO,"""1,896;896,896""",DT_BF16;DT_BF16,ND;ND,"""1,896""",DT_BF16,ND,N/A
0,4294967295,4273,46,AddRmsNormBias,AddRmsNormBias,dynamic,AI_VECTOR_CORE,1790613010554930.968	,1.680,167.360000,1,0,NO,"""1,896;1,896;896;""",DT_BF16;DT_BF16;DT_BF16;DT_UNDEFINED,ND;ND;ND;NULL,"""1,896;1,1;1,896""",DT_BF16;FLOAT;DT_BF16,ND;ND;ND,N/A
0,4294967295,4274,46,aclnnMatmul_MatMulCommon_MatMulV2,MatMulV2,dynamic,AI_CORE,1790613010555086.854	,19.781,154.070000,22,0,NO,"""1,896;9728,896""",DT_BF16;DT_BF16,ND;ND,"""1,9728""",DT_BF16,ND,N/A
0,4294967295,4275,46,SwiGlu,SwiGlu,dynamic,AI_VECTOR_CORE,1790613010555208.999	,2.800,102.469000,1,0,NO,"""1,9728""",DT_BF16,ND,"""1,4864""",DT_BF16,ND,N/A
0,4294967295,4276,46,aclnnMatmul_MatMulCommon_MatMulV2,MatMulV2,dynamic,AI_CORE,1790613010555343.124	,16.561,131.200000,19,0,NO,"""1,4864;896,4864""",DT_BF16;DT_BF16,ND;ND,"""1,896""",DT_BF16,ND,N/A
0,4294967295,4277,46,AddRmsNormBias,AddRmsNormBias,dynamic,AI_VECTOR_CORE,1790613010555519.171	,1.680,159.689000,1,0,NO,"""1,896;1,896;896;""",DT_BF16;DT_BF16;DT_BF16;DT_UNDEFINED,ND;ND;ND;NULL,"""1,896;1,1;1,896""",DT_BF16;FLOAT;DT_BF16,ND;ND;ND,N/A
0,4294967295,4278,46,aclnnAddmm_CastAiCore_Cast,Cast,dynamic,AI_VECTOR_CORE,1790613010555682.358	,1.140,161.320000,2,0,NO,"""1152""",DT_BF16,ND,"""1152""",FLOAT,ND,N/A
0,4294967295,4279,46,aclnnAddmm_MatMulCommon_MatMulV2,MatMulV2,dynamic,AI_CORE,1790613010555684.958	,7.920,1.610000,24,0,NO,"""1,896;1152,896;1152""",DT_BF16;DT_BF16;FLOAT,ND;ND;ND,"""1,1152""",DT_BF16,ND,N/A
0,4294967295,4280,46,_triton_rope,_triton_rope,static,AI_VECTOR_CORE,1790613010556544.872	,3.060,851.830000,1,0,YES,"""1,14,64;1,2,64;32768,64""",DT_BF16;32590;DT_BF16,ND;ND;ND,"""1,14,64;1,2,64""",DT_BF16;32590,ND;ND,N/A
0,4294967295,4281,46,ReshapeAndCacheNdKernel,ReshapeAndCacheNdKernel,dynamic,AI_VECTOR_CORE,1790613010557246.420	,2.000,698.690000,1,0,NO,"""1,2,64;1,2,64;11823,128,2,64;11823,128,2,64;1""",DT_BF16;DT_BF16;DT_BF16;DT_BF16;INT32,ND;ND;ND;ND;ND,"""11823,128,2,64;11823,128,2,64""",DT_BF16;DT_BF16,ND;ND,N/A
0,4294967295,4282,46,FusedInferAttentionScore,FusedInferAttentionScore,dynamic,MIX_AIC,1790613010557705.339	,21.760,456.750000,24,48,NO,"""1,14,64;11823,128,128;11823,128,128;;2048,2048;1;1;;;;;;;;1,2;;;;;;;;;;;;;;;;""",DT_BF16;DT_BF16;DT_BF16;DT_UNDEFINED;INT8;INT64;INT64;DT_UNDEFINED;DT_UNDEFINED;DT_UNDEFINED;DT_UNDEFINED;DT_UNDEFINED;DT_UNDEFINED;DT_UNDEFINED;INT32;DT_UNDEFINED;DT_UNDEFINED;DT_UNDEFINED;DT_UNDEFINED;DT_UNDEFINED;DT_UNDEFINED;DT_UNDEFINED;DT_UNDEFINED;DT_UNDEFINED;DT_UNDEFINED;DT_UNDEFINED;DT_UNDEFINED;DT_UNDEFINED;DT_UNDEFINED;DT_UNDEFINED;DT_UNDEFINED,ND;ND;ND;NULL;ND;ND;ND;NULL;NULL;NULL;NULL;NULL;NULL;NULL;ND;NULL;NULL;NULL;NULL;NULL;NULL;NULL;NULL;NULL;NULL;NULL;NULL;NULL;NULL;NULL;NULL,"""1,14,64;""",DT_BF16;FLOAT,ND;ND,0
0,4294967295,4284,46,aclnnMatmul_MatMulCommon_MatMulV2,MatMulV2,dynamic,AI_CORE,1790613010558186.398	,5.600,459.490000,19,0,NO,"""1,896;896,896""",DT_BF16;DT_BF16,ND;ND,"""1,896""",DT_BF16,ND,N/A
0,4294967295,4285,46,AddRmsNormBias,AddRmsNormBias,dynamic,AI_VECTOR_CORE,1790613010558358.105	,2.140,165.900000,1,0,NO,"""1,896;1,896;896;""",DT_BF16;DT_BF16;DT_BF16;DT_UNDEFINED,ND;ND;ND;NULL,"""1,896;1,1;1,896""",DT_BF16;FLOAT;DT_BF16,ND;ND;ND,N/A
0,4294967295,4286,46,aclnnMatmul_MatMulCommon_MatMulV2,MatMulV2,dynamic,AI_CORE,1790613010558525.931	,18.941,165.860000,22,0,NO,"""1,896;9728,896""",DT_BF16;DT_BF16,ND;ND,"""1,9728""",DT_BF16,ND,N/A
0,4294967295,4287,46,SwiGlu,SwiGlu,dynamic,AI_VECTOR_CORE,1790613010558662.797	,4.180,117.809000,1,0,NO,"""1,9728""",DT_BF16,ND,"""1,4864""",DT_BF16,ND,N/A
0,4294967295,4288,46,aclnnMatmul_MatMulCommon_MatMulV2,MatMulV2,dynamic,AI_CORE,1790613010558810.603	,16.260,143.570000,19,0,NO,"""1,4864;896,4864""",DT_BF16;DT_BF16,ND;ND,"""1,896""",DT_BF16,ND,N/A
0,4294967295,4289,46,AddRmsNormBias,AddRmsNormBias,dynamic,AI_VECTOR_CORE,1790613010558986.450	,1.680,159.740000,1,0,NO,"""1,896;1,896;896;""",DT_BF16;DT_BF16;DT_BF16;DT_UNDEFINED,ND;ND;ND;NULL,"""1,896;1,1;1,896""",DT_BF16;FLOAT;DT_BF16,ND;ND;ND,N/A
0,4294967295,4290,46,aclnnAddmm_CastAiCore_Cast,Cast,dynamic,AI_VECTOR_CORE,1790613010559142.556	,1.100,154.320000,2,0,NO,"""1152""",DT_BF16,ND,"""1152""",FLOAT,ND,N/A
0,4294967295,4291,46,aclnnAddmm_MatMulCommon_MatMulV2,MatMulV2,dynamic,AI_CORE,1790613010559145.056	,7.301,1.400000,24,0,NO,"""1,896;1152,896;1152""",DT_BF16;DT_BF16;FLOAT,ND;ND;ND,"""1,1152""",DT_BF16,ND,N/A
0,4294967295,4292,46,_triton_rope,_triton_rope,static,AI_VECTOR_CORE,1790613010560012.151	,2.800,859.949000,1,0,YES,"""1,14,64;1,2,64;32768,64""",DT_BF16;32590;DT_BF16,ND;ND;ND,"""1,14,64;1,2,64""",DT_BF16;32590,ND;ND,N/A
0,4294967295,4293,46,ReshapeAndCacheNdKernel,ReshapeAndCacheNdKernel,dynamic,AI_VECTOR_CORE,1790613010560680.757	,1.521,665.700000,1,0,NO,"""1,2,64;1,2,64;11823,128,2,64;11823,128,2,64;1""",DT_BF16;DT_BF16;DT_BF16;DT_BF16;INT32,ND;ND;ND;ND;ND,"""11823,128,2,64;11823,128,2,64""",DT_BF16;DT_BF16,ND;ND,N/A
0,4294967295,4294,46,FusedInferAttentionScore,FusedInferAttentionScore,dynamic,MIX_AIC,1790613010561133.896	,17.800,451.729000,24,48,NO,"""1,14,64;11823,128,128;11823,128,128;;2048,2048;1;1;;;;;;;;1,2;;;;;;;;;;;;;;;;""",DT_BF16;DT_BF16;DT_BF16;DT_UNDEFINED;INT8;INT64;INT64;DT_UNDEFINED;DT_UNDEFINED;DT_UNDEFINED;DT_UNDEFINED;DT_UNDEFINED;DT_UNDEFINED;DT_UNDEFINED;INT32;DT_UNDEFINED;DT_UNDEFINED;DT_UNDEFINED;DT_UNDEFINED;DT_UNDEFINED;DT_UNDEFINED;DT_UNDEFINED;DT_UNDEFINED;DT_UNDEFINED;DT_UNDEFINED;DT_UNDEFINED;DT_UNDEFINED;DT_UNDEFINED;DT_UNDEFINED;DT_UNDEFINED;DT_UNDEFINED,ND;ND;ND;NULL;ND;ND;ND;NULL;NULL;NULL;NULL;NULL;NULL;NULL;ND;NULL;NULL;NULL;NULL;NULL;NULL;NULL;NULL;NULL;NULL;NULL;NULL;NULL;NULL;NULL;NULL,"""1,14,64;""",DT_BF16;FLOAT,ND;ND,0
0,4294967295,4296,46,aclnnMatmul_MatMulCommon_MatMulV2,MatMulV2,dynamic,AI_CORE,1790613010561629.695	,5.361,477.950000,19,0,NO,"""1,896;896,896""",DT_BF16;DT_BF16,ND;ND,"""1,896""",DT_BF16,ND,N/A
0,4294967295,4297,46,AddRmsNormBias,AddRmsNormBias,dynamic,AI_VECTOR_CORE,1790613010561805.183	,1.660,170.139000,1,0,NO,"""1,896;1,896;896;""",DT_BF16;DT_BF16;DT_BF16;DT_UNDEFINED,ND;ND;ND;NULL,"""1,896;1,1;1,896""",DT_BF16;FLOAT;DT_BF16,ND;ND;ND,N/A
0,4294967295,4298,46,aclnnMatmul_MatMulCommon_MatMulV2,MatMulV2,dynamic,AI_CORE,1790613010561958.709	,19.780,151.840000,22,0,NO,"""1,896;9728,896""",DT_BF16;DT_BF16,ND;ND,"""1,9728""",DT_BF16,ND,N/A
0,4294967295,4299,46,SwiGlu,SwiGlu,dynamic,AI_VECTOR_CORE,1790613010562081.353	,2.921,102.720000,1,0,NO,"""1,9728""",DT_BF16,ND,"""1,4864""",DT_BF16,ND,N/A
0,4294967295,4300,46,aclnnMatmul_MatMulCommon_MatMulV2,MatMulV2,dynamic,AI_CORE,1790613010562215.779	,16.321,131.579000,19,0,NO,"""1,4864;896,4864""",DT_BF16;DT_BF16,ND;ND,"""1,896""",DT_BF16,ND,N/A
0,4294967295,4301,46,AddRmsNormBias,AddRmsNormBias,dynamic,AI_VECTOR_CORE,1790613010562402.906	,1.701,170.929000,1,0,NO,"""1,896;1,896;896;""",DT_BF16;DT_BF16;DT_BF16;DT_UNDEFINED,ND;ND;ND;NULL,"""1,896;1,1;1,896""",DT_BF16;FLOAT;DT_BF16,ND;ND;ND,N/A
0,4294967295,4302,46,aclnnIndex_IndexAiCore_Index,Index,dynamic,AI_VECTOR_CORE,1790613010562600.994	,9.441,196.299000,48,0,NO,"""1,896;1;2;1""",DT_BF16;INT64;INT64;INT32,ND;ND;ND;ND,"""1,896""",DT_BF16,ND,N/A
0,4294967295,4303,46,aclnnMatmul_MatMulCommon_MatMulV2,MatMulV2,dynamic,AI_CORE,1790613010562656.637	,219.788,46.309000,24,0,NO,"""1,896;151936,896""",DT_BF16;DT_BF16,ND;ND,"""1,151936""",DT_BF16,ND,N/A
0,4294967295,4304,46,aclnnInplaceCopy_CastAiCore_Cast,Cast,dynamic,AI_VECTOR_CORE,1790613010563184.718	,8.940,308.212000,48,0,NO,"""1,151936""",DT_BF16,ND,"""1,151936""",FLOAT,ND,N/A
0,4294967295,4305,46,aclnnLogSoftmax_LogSoftmaxAiCore_LogSoftmaxV2,LogSoftmaxV2,dynamic,AI_VECTOR_CORE,1790613010563193.698	,49.062,0.060000,1,0,NO,"""1,151936""",FLOAT,ND,"""1,151936""",FLOAT,ND,N/A
0,4294967295,4306,46,aclnnInplaceCopy_CastAiCore_Cast,Cast,dynamic,AI_VECTOR_CORE,1790613010563242.800	,2.840,0.000000,48,0,NO,"""1,151936""",DT_BF16,ND,"""1,151936""",FLOAT,ND,N/A
0,4294967295,4309,46,aclnnEqScalar_EqualAiCore_Equal,Equal,dynamic,AI_VECTOR_CORE,1790613010563498.090	,2.460,252.410000,1,0,NO,"""1,1;""",INT64;INT64,ND;ND,"""1,1""",BOOL,ND,N/A
0,4294967295,4310,46,aclnnInplaceMaskedFillScalar_MaskedFillAiCpu_MaskedFill,MaskedFill,dynamic,AI_CPU,1790613010563517.371	,59.422,16.790000,0,0,NO,"""1,1;1,1;""",INT64;BOOL;INT64,ND;ND;ND,"""1,1""",INT64,ND,N/A
0,4294967295,4311,46,aclnnInplaceZero_ZerosLikeAiCore_ZerosLike,ZerosLike,dynamic,AI_VECTOR_CORE,1790613010563576.813	,9.601,0.078000,48,0,NO,"""1,151936""",INT32,ND,"""1,151936""",INT32,ND,N/A
0,4294967295,4312,46,token_bin_counts_and_mask_kernel,token_bin_counts_and_mask_kernel,static,AI_VECTOR_CORE,1790613010564167.537	,76.203,581.149000,1,0,NO,"""1,10;1,151936""",INT64;FLOAT,ND;ND,"""1,151936""",FLOAT,ND,N/A
0,4294967295,4313,46,aclnnGtScalar_CastAiCore_Cast,Cast,dynamic,AI_VECTOR_CORE,1790613010564402.326	,8.761,158.547000,48,0,NO,"""1,151936""",INT32,ND,"""1,151936""",INT64,ND,N/A
0,4294967295,4314,46,aclnnGtScalar_GreaterAiCore_Greater,Greater,dynamic,AI_VECTOR_CORE,1790613010564411.127	,16.100,0.239000,48,0,NO,"""1,151936;""",INT64;INT64,ND;ND,"""1,151936""",BOOL,ND,N/A
0,4294967295,4315,46,aclnnInplaceZero_ZerosLikeAiCore_ZerosLike,ZerosLike,dynamic,AI_VECTOR_CORE,1790613010564427.247	,2.780,0.000000,48,0,NO,"""1,151936""",INT32,ND,"""1,151936""",INT32,ND,N/A
0,4294967295,4316,46,token_bin_counts_and_mask_kernel,token_bin_counts_and_mask_kernel,static,AI_VECTOR_CORE,1790613010565038.872	,73.783,608.720000,1,0,NO,"""1,1;1,151936""",INT64;FLOAT,ND;ND,"""1,151936""",FLOAT,ND,N/A
0,4294967295,4317,46,aclnnGtScalar_CastAiCore_Cast,Cast,dynamic,AI_VECTOR_CORE,1790613010565292.002	,2.760,179.467000,48,0,NO,"""1,151936""",INT32,ND,"""1,151936""",INT64,ND,N/A
0,4294967295,4318,46,aclnnGtScalar_GreaterAiCore_Greater,Greater,dynamic,AI_VECTOR_CORE,1790613010565294.782	,11.181,0.000000,48,0,NO,"""1,151936;""",INT64;INT64,ND;ND,"""1,151936""",BOOL,ND,N/A
0,4294967295,4319,46,apply_all_penalties_kernel,apply_all_penalties_kernel,static,AI_VECTOR_CORE,1790613010566075.653	,76.083,769.819000,1,0,YES,"""1,151936;1,151936;1,151936;1,151936""",FLOAT;BOOL;BOOL;INT32,ND;ND;ND;ND,"""1,151936""",FLOAT,ND,N/A
0,4294967295,4320,46,aclnnArgMax_ArgMaxV2AiCore_ArgMaxV2,ArgMaxV2,dynamic,AI_VECTOR_CORE,1790613010566368.245	,18.581,216.417000,1,0,NO,"""1,151936;""",FLOAT;INT64,ND;ND,"""1""",INT32,ND,N/A
0,4294967295,4321,46,aclnnArgMax_CastAiCore_Cast,Cast,dynamic,AI_VECTOR_CORE,1790613010566386.846	,0.840,0.000000,1,0,NO,"""1""",INT32,ND,"""1""",INT64,ND,N/A
0,4294967295,4322,46,aclnnTopk_TopkV2AiCore_TopKV2,TopKV2,dynamic,MIX_AIV,1790613010566396.066	,18.021,8.410000,38,0,NO,"""1,151936;""",FLOAT;INT32,ND;ND,"""1,32;1,32""",FLOAT;INT32,ND;ND,0
0,4294967295,4323,46,aclnnTopk_TopkV2AiCore_TopKV2,TopKV2,dynamic,MIX_AIV,1790613010566416.787	,2.980,2.729000,1,0,NO,"""1,32;""",FLOAT;INT32,ND;ND,"""1,1;1,1""",FLOAT;INT32,ND;ND,0
0,4294967295,4324,46,aclnnTopk_GatherElements_GatherElements,GatherElements,dynamic,AI_VECTOR_CORE,1790613010566420.947	,9.220,1.270000,48,0,NO,"""1,32;1,1""",INT32;INT32,ND;ND,"""1,1""",INT32,ND,N/A
0,4294967295,4325,46,aclnnTopk_CastAiCore_Cast,Cast,dynamic,AI_VECTOR_CORE,1790613010566430.187	,0.820,0.030000,1,0,NO,"""1,1""",INT32,ND,"""1,1""",INT64,ND,N/A
0,4294967295,4326,46,aclnnGather_CastAiCore_Cast,Cast,dynamic,AI_VECTOR_CORE,1790613010566431.047	,1.260,0.000000,1,0,NO,"""1,1""",INT64,ND,"""1,1""",INT32,ND,N/A
0,4294967295,4327,46,aclnnGather_GatherElementsV2_GatherElementsV2,GatherElementsV2,dynamic,AI_VECTOR_CORE,1790613010566432.327	,3.721,0.000000,1,0,NO,"""1,151936;1,1""",FLOAT;INT32,ND;ND,"""1,1""",FLOAT,ND,N/A
0,4294967295,4328,46,aclnnGeTensor_GreaterEqual_GreaterEqual,GreaterEqual,dynamic,AI_VECTOR_CORE,1790613010566652.756	,9.341,216.779000,48,0,NO,"""1,151936;1,1""",FLOAT;FLOAT,ND;ND,"""1,151936""",BOOL,ND,N/A
0,4294967295,4329,46,aclnnReduceSum_CastAiCore_Cast,Cast,dynamic,AI_VECTOR_CORE,1790613010566662.117	,8.120,0.000000,48,0,NO,"""1,151936""",BOOL,ND,"""1,151936""",FLOAT,ND,N/A
0,4294967295,4330,46,aclnnReduceSum_ReduceSumOpAiCore_ReduceSum,ReduceSum,dynamic,MIX_AIV,1790613010566671.657	,18.781,1.630000,48,0,NO,"""1,151936;1""",FLOAT;INT64,ND;ND,"""1""",FLOAT,ND,0
0,4294967295,4331,46,aclnnReduceSum_CastAiCore_Cast,Cast,dynamic,AI_VECTOR_CORE,1790613010566691.658	,1.080,1.219000,1,0,NO,"""1""",FLOAT,ND,"""1""",INT64,ND,N/A
0,4294967295,4332,46,aclnnCat_ConcatD_ConcatD,ConcatD,dynamic,AI_VECTOR_CORE,1790613010566693.618	,2.440,0.670000,1,0,NO,"""1,1;1,1""",INT64;INT64,ND;ND,"""1,2""",INT64,ND,N/A
0,4294967295,4333,46,aclnnCat_ConcatD_ConcatD,ConcatD,dynamic,AI_VECTOR_CORE,1790613010566696.078	,1.620,0.060000,1,0,NO,"""1,1;1,1""",FLOAT;FLOAT,ND;ND,"""1,2""",FLOAT,ND,N/A
0,4294967295,4334,46,aclnnInplaceCopy_CastAiCore_Cast,Cast,dynamic,AI_VECTOR_CORE,1790613010566701.098	,1.020,3.380000,1,0,NO,"""1,2""",INT64,ND,"""1,2""",INT32,ND,N/A
0,4294967295,4335,46,aclnnInplaceCopy_CastAiCore_Cast,Cast,dynamic,AI_VECTOR_CORE,1790613010566728.959	,1.080,26.980000,1,0,NO,"""1""",INT64,ND,"""1""",INT32,ND,N/A
0,4294967295,4340,46,aclnnInplaceFillScalar_FillAiCore_Fill,Fill,dynamic,AI_VECTOR_CORE,1790613010571805.882	,1.020,5075.920000,1,0,NO,"""1;""",INT64;INT32,ND;ND,"""1""",INT32,ND,N/A
0,4294967295,4343,46,aclnnInplaceFillScalar_FillAiCore_Fill,Fill,dynamic,AI_VECTOR_CORE,1790613010572302.182	,0.960,495.230000,1,0,NO,"""1;""",INT64;INT32,ND;ND,"""1""",INT32,ND,N/A
0,4294967295,4348,46,aclnnIndex_IndexAiCore_Index,Index,dynamic,AI_VECTOR_CORE,1790613010572786.301	,8.681,483.040000,48,0,NO,"""1;1;1;1""",INT32;INT64;INT64;INT64,ND;ND;ND;ND,"""1""",INT32,ND,N/A
0,4294967295,4349,46,aclnnInplaceCopy_CastAiCore_Cast,Cast,dynamic,AI_VECTOR_CORE,1790613010572795.022	,0.900,0.069000,1,0,NO,"""1""",INT32,ND,"""1""",INT64,ND,N/A
0,4294967295,4350,46,aclnnAdd_AddAiCore_Add,Add,dynamic,AI_VECTOR_CORE,1790613010572816.903	,2.300,21.100000,1,0,NO,"""1;1""",INT64;INT64,ND;ND,"""1""",INT64,ND,N/A
0,4294967295,4352,46,aclnnAdd_AddAiCore_Add,Add,dynamic,AI_VECTOR_CORE,1790613010572850.444	,1.460,31.200000,1,0,NO,"""1;1""",INT32;INT32,ND;ND,"""1""",INT32,ND,N/A
0,4294967295,4354,46,_compute_slot_mapping_kernel,_compute_slot_mapping_kernel,static,AI_VECTOR_CORE,1790613010573563.553	,120.364,711.540000,2,0,YES,"""2;1;1,2""",461301056;32590;INT32,ND;ND;ND,"""258""",INT64,ND,N/A
0,4294967295,4355,46,aclnnSubs_SubAiCore_Sub,Sub,dynamic,AI_VECTOR_CORE,1790613010573851.944	,1.200,168.136000,1,0,NO,"""1;""",INT32;INT32,ND;ND,"""1""",INT32,ND,N/A
0,4294967295,4357,46,aclnnIndexSelect_GatherV3AiCore_GatherV3,GatherV3,dynamic,AI_VECTOR_CORE,1790613010574393.826	,2.860,540.550000,1,0,NO,"""32768,64;1;1""",DT_BF16;INT64;INT64,ND;ND;ND,"""1,64""",DT_BF16,ND,N/A
0,4294967295,4358,46,aclnnRepeat_TileAiCore_Tile,Tile,dynamic,AI_VECTOR_CORE,1790613010574400.766	,1.840,4.140000,1,0,NO,"""1,2,32;3""",DT_BF16;INT64,NCL;ND,"""1,2,64""",DT_BF16,ND,N/A
0,4294967295,4360,46,aclnnIndexSelect_GatherV3AiCore_GatherV3,GatherV3,dynamic,AI_VECTOR_CORE,1790613010574454.208	,2.280,51.660000,1,0,NO,"""32768,64;1;1""",DT_BF16;INT64;INT64,ND;ND;ND,"""1,64""",DT_BF16,ND,N/A
0,4294967295,4361,46,aclnnRepeat_TileAiCore_Tile,Tile,dynamic,AI_VECTOR_CORE,1790613010574460.849	,1.380,4.220000,1,0,NO,"""1,2,32;3""",DT_BF16;INT64,NCL;ND,"""1,2,64""",DT_BF16,ND,N/A
0,4294967295,4363,46,aclnnInplaceCopy_CastAiCore_Cast,Cast,dynamic,AI_VECTOR_CORE,1790613010575085.233	,1.020,623.120000,1,0,NO,"""1""",INT32,ND,"""1""",INT64,ND,N/A
0,4294967295,4364,46,aclnnEmbedding_GatherV2AiCore_GatherV2,GatherV2,dynamic,AI_VECTOR_CORE,1790613010575110.615	,9.240,24.230000,48,0,NO,"""151936,896;1;1""",DT_BF16;INT64;INT64,ND;ND;ND,"""1,896""",DT_BF16,ND,N/A
0,4294967295,4365,46,RmsNorm,RmsNorm,dynamic,AI_VECTOR_CORE,1790613010575231.459	,5.140,111.760000,1,0,NO,"""1,896;896""",DT_BF16;DT_BF16,ND;ND,"""1,896;1,1""",DT_BF16;FLOAT,ND;ND,N/A
0,4294967295,4366,46,aclnnAddmm_CastAiCore_Cast,Cast,dynamic,AI_VECTOR_CORE,1790613010575432.067	,1.220,195.360000,2,0,NO,"""1152""",DT_BF16,ND,"""1152""",FLOAT,ND,N/A
0,4294967295,4367,46,aclnnAddmm_MatMulCommon_MatMulV2,MatMulV2,dynamic,AI_CORE,1790613010575434.387	,7.641,1.280000,24,0,NO,"""1,896;1152,896;1152""",DT_BF16;DT_BF16;FLOAT,ND;ND;ND,"""1,1152""",DT_BF16,ND,N/A
0,4294967295,4368,46,_triton_rope,_triton_rope,static,AI_VECTOR_CORE,1790613010576320.503	,3.040,878.359000,1,0,YES,"""1,14,64;1,2,64;32768,64""",DT_BF16;32590;DT_BF16,ND;ND;ND,"""1,14,64;1,2,64""",DT_BF16;32590,ND;ND,N/A
0,4294967295,4369,46,ReshapeAndCacheNdKernel,ReshapeAndCacheNdKernel,dynamic,AI_VECTOR_CORE,1790613010577052.472	,1.740,728.960000,1,0,NO,"""1,2,64;1,2,64;11823,128,2,64;11823,128,2,64;1""",DT_BF16;DT_BF16;DT_BF16;DT_BF16;INT32,ND;ND;ND;ND;ND,"""11823,128,2,64;11823,128,2,64""",DT_BF16;DT_BF16,ND;ND,N/A
0,4294967295,4370,46,FusedInferAttentionScore,FusedInferAttentionScore,dynamic,MIX_AIC,1790613010577525.511	,19.761,471.260000,24,48,NO,"""1,14,64;11823,128,128;11823,128,128;;2048,2048;1;1;;;;;;;;1,2;;;;;;;;;;;;;;;;""",DT_BF16;DT_BF16;DT_BF16;DT_UNDEFINED;INT8;INT64;INT64;DT_UNDEFINED;DT_UNDEFINED;DT_UNDEFINED;DT_UNDEFINED;DT_UNDEFINED;DT_UNDEFINED;DT_UNDEFINED;INT32;DT_UNDEFINED;DT_UNDEFINED;DT_UNDEFINED;DT_UNDEFINED;DT_UNDEFINED;DT_UNDEFINED;DT_UNDEFINED;DT_UNDEFINED;DT_UNDEFINED;DT_UNDEFINED;DT_UNDEFINED;DT_UNDEFINED;DT_UNDEFINED;DT_UNDEFINED;DT_UNDEFINED;DT_UNDEFINED,ND;ND;ND;NULL;ND;ND;ND;NULL;NULL;NULL;NULL;NULL;NULL;NULL;ND;NULL;NULL;NULL;NULL;NULL;NULL;NULL;NULL;NULL;NULL;NULL;NULL;NULL;NULL;NULL;NULL,"""1,14,64;""",DT_BF16;FLOAT,ND;ND,0
0,4294967295,4372,46,aclnnMatmul_MatMulCommon_MatMulV2,MatMulV2,dynamic,AI_CORE,1790613010577992.390	,5.380,447.239000,19,0,NO,"""1,896;896,896""",DT_BF16;DT_BF16,ND;ND,"""1,896""",DT_BF16,ND,N/A
0,4294967295,4373,46,AddRmsNormBias,AddRmsNormBias,dynamic,AI_VECTOR_CORE,1790613010578165.057	,2.080,167.120000,1,0,NO,"""1,896;1,896;896;""",DT_BF16;DT_BF16;DT_BF16;DT_UNDEFINED,ND;ND;ND;NULL,"""1,896;1,1;1,896""",DT_BF16;FLOAT;DT_BF16,ND;ND;ND,N/A
0,4294967295,4374,46,aclnnMatmul_MatMulCommon_MatMulV2,MatMulV2,dynamic,AI_CORE,1790613010578325.783	,19.201,158.670000,22,0,NO,"""1,896;9728,896""",DT_BF16;DT_BF16,ND;ND,"""1,9728""",DT_BF16,ND,N/A
0,4294967295,4375,46,SwiGlu,SwiGlu,dynamic,AI_VECTOR_CORE,1790613010578455.268	,4.220,110.299000,1,0,NO,"""1,9728""",DT_BF16,ND,"""1,4864""",DT_BF16,ND,N/A
0,4294967295,4376,46,aclnnMatmul_MatMulCommon_MatMulV2,MatMulV2,dynamic,AI_CORE,1790613010578598.474	,16.221,139.030000,19,0,NO,"""1,4864;896,4864""",DT_BF16;DT_BF16,ND;ND,"""1,896""",DT_BF16,ND,N/A
0,4294967295,4377,46,AddRmsNormBias,AddRmsNormBias,dynamic,AI_VECTOR_CORE,1790613010578770.881	,1.700,156.279000,1,0,NO,"""1,896;1,896;896;""",DT_BF16;DT_BF16;DT_BF16;DT_UNDEFINED,ND;ND;ND;NULL,"""1,896;1,1;1,896""",DT_BF16;FLOAT;DT_BF16,ND;ND;ND,N/A
0,4294967295,4378,46,aclnnAddmm_CastAiCore_Cast,Cast,dynamic,AI_VECTOR_CORE,1790613010578926.187	,1.260,153.550000,2,0,NO,"""1152""",DT_BF16,ND,"""1152""",FLOAT,ND,N/A
0,4294967295,4379,46,aclnnAddmm_MatMulCommon_MatMulV2,MatMulV2,dynamic,AI_CORE,1790613010578928.707	,7.260,1.240000,24,0,NO,"""1,896;1152,896;1152""",DT_BF16;DT_BF16;FLOAT,ND;ND;ND,"""1,1152""",DT_BF16,ND,N/A
0,4294967295,4380,46,_triton_rope,_triton_rope,static,AI_VECTOR_CORE,1790613010579795.642	,2.900,859.740000,1,0,YES,"""1,14,64;1,2,64;32768,64""",DT_BF16;32590;DT_BF16,ND;ND;ND,"""1,14,64;1,2,64""",DT_BF16;32590,ND;ND,N/A
0,4294967295,4381,46,ReshapeAndCacheNdKernel,ReshapeAndCacheNdKernel,dynamic,AI_VECTOR_CORE,1790613010580478.649	,1.840,680.100000,1,0,NO,"""1,2,64;1,2,64;11823,128,2,64;11823,128,2,64;1""",DT_BF16;DT_BF16;DT_BF16;DT_BF16;INT32,ND;ND;ND;ND;ND,"""11823,128,2,64;11823,128,2,64""",DT_BF16;DT_BF16,ND;ND,N/A
0,4294967295,4382,46,FusedInferAttentionScore,FusedInferAttentionScore,dynamic,MIX_AIC,1790613010580922.247	,21.001,441.660000,24,48,NO,"""1,14,64;11823,128,128;11823,128,128;;2048,2048;1;1;;;;;;;;1,2;;;;;;;;;;;;;;;;""",DT_BF16;DT_BF16;DT_BF16;DT_UNDEFINED;INT8;INT64;INT64;DT_UNDEFINED;DT_UNDEFINED;DT_UNDEFINED;DT_UNDEFINED;DT_UNDEFINED;DT_UNDEFINED;DT_UNDEFINED;INT32;DT_UNDEFINED;DT_UNDEFINED;DT_UNDEFINED;DT_UNDEFINED;DT_UNDEFINED;DT_UNDEFINED;DT_UNDEFINED;DT_UNDEFINED;DT_UNDEFINED;DT_UNDEFINED;DT_UNDEFINED;DT_UNDEFINED;DT_UNDEFINED;DT_UNDEFINED;DT_UNDEFINED;DT_UNDEFINED,ND;ND;ND;NULL;ND;ND;ND;NULL;NULL;NULL;NULL;NULL;NULL;NULL;ND;NULL;NULL;NULL;NULL;NULL;NULL;NULL;NULL;NULL;NULL;NULL;NULL;NULL;NULL;NULL;NULL,"""1,14,64;""",DT_BF16;FLOAT,ND;ND,0
0,4294967295,4384,46,aclnnMatmul_MatMulCommon_MatMulV2,MatMulV2,dynamic,AI_CORE,1790613010581428.587	,5.640,485.249000,19,0,NO,"""1,896;896,896""",DT_BF16;DT_BF16,ND;ND,"""1,896""",DT_BF16,ND,N/A
0,4294967295,4385,46,AddRmsNormBias,AddRmsNormBias,dynamic,AI_VECTOR_CORE,1790613010581602.394	,1.680,168.360000,1,0,NO,"""1,896;1,896;896;""",DT_BF16;DT_BF16;DT_BF16;DT_UNDEFINED,ND;ND;ND;NULL,"""1,896;1,1;1,896""",DT_BF16;FLOAT;DT_BF16,ND;ND;ND,N/A
0,4294967295,4386,46,aclnnMatmul_MatMulCommon_MatMulV2,MatMulV2,dynamic,AI_CORE,1790613010581760.280	,19.221,156.070000,22,0,NO,"""1,896;9728,896""",DT_BF16;DT_BF16,ND;ND,"""1,9728""",DT_BF16,ND,N/A
0,4294967295,4387,46,SwiGlu,SwiGlu,dynamic,AI_VECTOR_CORE,1790613010581881.085	,2.880,101.529000,1,0,NO,"""1,9728""",DT_BF16,ND,"""1,4864""",DT_BF16,ND,N/A
0,4294967295,4388,46,aclnnMatmul_MatMulCommon_MatMulV2,MatMulV2,dynamic,AI_CORE,1790613010582015.991	,16.620,132.120000,19,0,NO,"""1,4864;896,4864""",DT_BF16;DT_BF16,ND;ND,"""1,896""",DT_BF16,ND,N/A
0,4294967295,4389,46,AddRmsNormBias,AddRmsNormBias,dynamic,AI_VECTOR_CORE,1790613010582192.318	,1.700,159.630000,1,0,NO,"""1,896;1,896;896;""",DT_BF16;DT_BF16;DT_BF16;DT_UNDEFINED,ND;ND;ND;NULL,"""1,896;1,1;1,896""",DT_BF16;FLOAT;DT_BF16,ND;ND;ND,N/A
0,4294967295,4390,46,aclnnAddmm_CastAiCore_Cast,Cast,dynamic,AI_VECTOR_CORE,1790613010582359.324	,1.080,165.300000,2,0,NO,"""1152""",DT_BF16,ND,"""1152""",FLOAT,ND,N/A
0,4294967295,4391,46,aclnnAddmm_MatMulCommon_MatMulV2,MatMulV2,dynamic,AI_CORE,1790613010582361.964	,7.841,1.670000,24,0,NO,"""1,896;1152,896;1152""",DT_BF16;DT_BF16;FLOAT,ND;ND;ND,"""1,1152""",DT_BF16,ND,N/A
0,4294967295,4392,46,_triton_rope,_triton_rope,static,AI_VECTOR_CORE,1790613010583221.239	,2.880,851.409000,1,0,YES,"""1,14,64;1,2,64;32768,64""",DT_BF16;32590;DT_BF16,ND;ND;ND,"""1,14,64;1,2,64""",DT_BF16;32590,ND;ND,N/A
0,4294967295,4393,46,ReshapeAndCacheNdKernel,ReshapeAndCacheNdKernel,dynamic,AI_VECTOR_CORE,1790613010583905.726	,1.880,681.620000,1,0,NO,"""1,2,64;1,2,64;11823,128,2,64;11823,128,2,64;1""",DT_BF16;DT_BF16;DT_BF16;DT_BF16;INT32,ND;ND;ND;ND;ND,"""11823,128,2,64;11823,128,2,64""",DT_BF16;DT_BF16,ND;ND,N/A
0,4294967295,4394,46,FusedInferAttentionScore,FusedInferAttentionScore,dynamic,MIX_AIC,1790613010584362.664	,16.361,455.120000,24,48,NO,"""1,14,64;11823,128,128;11823,128,128;;2048,2048;1;1;;;;;;;;1,2;;;;;;;;;;;;;;;;""",DT_BF16;DT_BF16;DT_BF16;DT_UNDEFINED;INT8;INT64;INT64;DT_UNDEFINED;DT_UNDEFINED;DT_UNDEFINED;DT_UNDEFINED;DT_UNDEFINED;DT_UNDEFINED;DT_UNDEFINED;INT32;DT_UNDEFINED;DT_UNDEFINED;DT_UNDEFINED;DT_UNDEFINED;DT_UNDEFINED;DT_UNDEFINED;DT_UNDEFINED;DT_UNDEFINED;DT_UNDEFINED;DT_UNDEFINED;DT_UNDEFINED;DT_UNDEFINED;DT_UNDEFINED;DT_UNDEFINED;DT_UNDEFINED;DT_UNDEFINED,ND;ND;ND;NULL;ND;ND;ND;NULL;NULL;NULL;NULL;NULL;NULL;NULL;ND;NULL;NULL;NULL;NULL;NULL;NULL;NULL;NULL;NULL;NULL;NULL;NULL;NULL;NULL;NULL;NULL,"""1,14,64;""",DT_BF16;FLOAT,ND;ND,0
0,4294967295,4396,46,aclnnMatmul_MatMulCommon_MatMulV2,MatMulV2,dynamic,AI_CORE,1790613010584840.203	,5.501,461.139000,19,0,NO,"""1,896;896,896""",DT_BF16;DT_BF16,ND;ND,"""1,896""",DT_BF16,ND,N/A
0,4294967295,4397,46,AddRmsNormBias,AddRmsNormBias,dynamic,AI_VECTOR_CORE,1790613010585013.030	,1.680,167.249000,1,0,NO,"""1,896;1,896;896;""",DT_BF16;DT_BF16;DT_BF16;DT_UNDEFINED,ND;ND;ND;NULL,"""1,896;1,1;1,896""",DT_BF16;FLOAT;DT_BF16,ND;ND;ND,N/A
0,4294967295,4398,46,aclnnMatmul_MatMulCommon_MatMulV2,MatMulV2,dynamic,AI_CORE,1790613010585192.517	,19.341,177.820000,22,0,NO,"""1,896;9728,896""",DT_BF16;DT_BF16,ND;ND,"""1,9728""",DT_BF16,ND,N/A
0,4294967295,4399,46,SwiGlu,SwiGlu,dynamic,AI_VECTOR_CORE,1790613010585323.303	,2.920,111.409000,1,0,NO,"""1,9728""",DT_BF16,ND,"""1,4864""",DT_BF16,ND,N/A
0,4294967295,4400,46,aclnnMatmul_MatMulCommon_MatMulV2,MatMulV2,dynamic,AI_CORE,1790613010585459.868	,16.321,133.580000,19,0,NO,"""1,4864;896,4864""",DT_BF16;DT_BF16,ND;ND,"""1,896""",DT_BF16,ND,N/A
0,4294967295,4401,46,AddRmsNormBias,AddRmsNormBias,dynamic,AI_VECTOR_CORE,1790613010585634.575	,1.640,158.429000,1,0,NO,"""1,896;1,896;896;""",DT_BF16;DT_BF16;DT_BF16;DT_UNDEFINED,ND;ND;ND;NULL,"""1,896;1,1;1,896""",DT_BF16;FLOAT;DT_BF16,ND;ND;ND,N/A
0,4294967295,4402,46,aclnnAddmm_CastAiCore_Cast,Cast,dynamic,AI_VECTOR_CORE,1790613010585802.242	,1.140,166.110000,2,0,NO,"""1152""",DT_BF16,ND,"""1152""",FLOAT,ND,N/A
0,4294967295,4403,46,aclnnAddmm_MatMulCommon_MatMulV2,MatMulV2,dynamic,AI_CORE,1790613010585804.922	,7.360,1.610000,24,0,NO,"""1,896;1152,896;1152""",DT_BF16;DT_BF16;FLOAT,ND;ND;ND,"""1,1152""",DT_BF16,ND,N/A
0,4294967295,4404,46,_triton_rope,_triton_rope,static,AI_VECTOR_CORE,1790613010586677.757	,2.820,865.390000,1,0,YES,"""1,14,64;1,2,64;32768,64""",DT_BF16;32590;DT_BF16,ND;ND;ND,"""1,14,64;1,2,64""",DT_BF16;32590,ND;ND,N/A
0,4294967295,4405,46,ReshapeAndCacheNdKernel,ReshapeAndCacheNdKernel,dynamic,AI_VECTOR_CORE,1790613010587363.324	,1.520,682.680000,1,0,NO,"""1,2,64;1,2,64;11823,128,2,64;11823,128,2,64;1""",DT_BF16;DT_BF16;DT_BF16;DT_BF16;INT32,ND;ND;ND;ND;ND,"""11823,128,2,64;11823,128,2,64""",DT_BF16;DT_BF16,ND;ND,N/A
0,4294967295,4406,46,FusedInferAttentionScore,FusedInferAttentionScore,dynamic,MIX_AIC,1790613010587822.423	,21.020,457.730000,24,48,NO,"""1,14,64;11823,128,128;11823,128,128;;2048,2048;1;1;;;;;;;;1,2;;;;;;;;;;;;;;;;""",DT_BF16;DT_BF16;DT_BF16;DT_UNDEFINED;INT8;INT64;INT64;DT_UNDEFINED;DT_UNDEFINED;DT_UNDEFINED;DT_UNDEFINED;DT_UNDEFINED;DT_UNDEFINED;DT_UNDEFINED;INT32;DT_UNDEFINED;DT_UNDEFINED;DT_UNDEFINED;DT_UNDEFINED;DT_UNDEFINED;DT_UNDEFINED;DT_UNDEFINED;DT_UNDEFINED;DT_UNDEFINED;DT_UNDEFINED;DT_UNDEFINED;DT_UNDEFINED;DT_UNDEFINED;DT_UNDEFINED;DT_UNDEFINED;DT_UNDEFINED,ND;ND;ND;NULL;ND;ND;ND;NULL;NULL;NULL;NULL;NULL;NULL;NULL;ND;NULL;NULL;NULL;NULL;NULL;NULL;NULL;NULL;NULL;NULL;NULL;NULL;NULL;NULL;NULL;NULL,"""1,14,64;""",DT_BF16;FLOAT,ND;ND,0
0,4294967295,4408,46,aclnnMatmul_MatMulCommon_MatMulV2,MatMulV2,dynamic,AI_CORE,1790613010588299.602	,5.280,455.980000,19,0,NO,"""1,896;896,896""",DT_BF16;DT_BF16,ND;ND,"""1,896""",DT_BF16,ND,N/A
0,4294967295,4409,46,AddRmsNormBias,AddRmsNormBias,dynamic,AI_VECTOR_CORE,1790613010588474.529	,1.700,169.720000,1,0,NO,"""1,896;1,896;896;""",DT_BF16;DT_BF16;DT_BF16;DT_UNDEFINED,ND;ND;ND;NULL,"""1,896;1,1;1,896""",DT_BF16;FLOAT;DT_BF16,ND;ND;ND,N/A
0,4294967295,4410,46,aclnnMatmul_MatMulCommon_MatMulV2,MatMulV2,dynamic,AI_CORE,1790613010588636.995	,19.361,160.800000,22,0,NO,"""1,896;9728,896""",DT_BF16;DT_BF16,ND;ND,"""1,9728""",DT_BF16,ND,N/A
0,4294967295,4411,46,SwiGlu,SwiGlu,dynamic,AI_VECTOR_CORE,1790613010588765.860	,2.921,109.389000,1,0,NO,"""1,9728""",DT_BF16,ND,"""1,4864""",DT_BF16,ND,N/A
0,4294967295,4412,46,aclnnMatmul_MatMulCommon_MatMulV2,MatMulV2,dynamic,AI_CORE,1790613010588909.446	,16.261,140.829000,19,0,NO,"""1,4864;896,4864""",DT_BF16;DT_BF16,ND;ND,"""1,896""",DT_BF16,ND,N/A
0,4294967295,4413,46,AddRmsNormBias,AddRmsNormBias,dynamic,AI_VECTOR_CORE,1790613010589081.493	,1.840,155.739000,1,0,NO,"""1,896;1,896;896;""",DT_BF16;DT_BF16;DT_BF16;DT_UNDEFINED,ND;ND;ND;NULL,"""1,896;1,1;1,896""",DT_BF16;FLOAT;DT_BF16,ND;ND;ND,N/A
0,4294967295,4414,46,aclnnAddmm_CastAiCore_Cast,Cast,dynamic,AI_VECTOR_CORE,1790613010589256.940	,1.200,173.660000,2,0,NO,"""1152""",DT_BF16,ND,"""1152""",FLOAT,ND,N/A
0,4294967295,4415,46,aclnnAddmm_MatMulCommon_MatMulV2,MatMulV2,dynamic,AI_CORE,1790613010589260.260	,7.361,2.050000,24,0,NO,"""1,896;1152,896;1152""",DT_BF16;DT_BF16;FLOAT,ND;ND;ND,"""1,1152""",DT_BF16,ND,N/A
0,4294967295,4416,46,_triton_rope,_triton_rope,static,AI_VECTOR_CORE,1790613010590122.255	,2.940,854.639000,1,0,YES,"""1,14,64;1,2,64;32768,64""",DT_BF16;32590;DT_BF16,ND;ND;ND,"""1,14,64;1,2,64""",DT_BF16;32590,ND;ND,N/A
0,4294967295,4417,46,ReshapeAndCacheNdKernel,ReshapeAndCacheNdKernel,dynamic,AI_VECTOR_CORE,1790613010590787.861	,1.580,662.560000,1,0,NO,"""1,2,64;1,2,64;11823,128,2,64;11823,128,2,64;1""",DT_BF16;DT_BF16;DT_BF16;DT_BF16;INT32,ND;ND;ND;ND;ND,"""11823,128,2,64;11823,128,2,64""",DT_BF16;DT_BF16,ND;ND,N/A
0,4294967295,4418,46,FusedInferAttentionScore,FusedInferAttentionScore,dynamic,MIX_AIC,1790613010591246.279	,19.241,456.920000,24,48,NO,"""1,14,64;11823,128,128;11823,128,128;;2048,2048;1;1;;;;;;;;1,2;;;;;;;;;;;;;;;;""",DT_BF16;DT_BF16;DT_BF16;DT_UNDEFINED;INT8;INT64;INT64;DT_UNDEFINED;DT_UNDEFINED;DT_UNDEFINED;DT_UNDEFINED;DT_UNDEFINED;DT_UNDEFINED;DT_UNDEFINED;INT32;DT_UNDEFINED;DT_UNDEFINED;DT_UNDEFINED;DT_UNDEFINED;DT_UNDEFINED;DT_UNDEFINED;DT_UNDEFINED;DT_UNDEFINED;DT_UNDEFINED;DT_UNDEFINED;DT_UNDEFINED;DT_UNDEFINED;DT_UNDEFINED;DT_UNDEFINED;DT_UNDEFINED;DT_UNDEFINED,ND;ND;ND;NULL;ND;ND;ND;NULL;NULL;NULL;NULL;NULL;NULL;NULL;ND;NULL;NULL;NULL;NULL;NULL;NULL;NULL;NULL;NULL;NULL;NULL;NULL;NULL;NULL;NULL;NULL,"""1,14,64;""",DT_BF16;FLOAT,ND;ND,0
0,4294967295,4420,46,aclnnMatmul_MatMulCommon_MatMulV2,MatMulV2,dynamic,AI_CORE,1790613010591709.898	,5.640,444.509000,19,0,NO,"""1,896;896,896""",DT_BF16;DT_BF16,ND;ND,"""1,896""",DT_BF16,ND,N/A
0,4294967295,4421,46,AddRmsNormBias,AddRmsNormBias,dynamic,AI_VECTOR_CORE,1790613010591889.065	,1.720,173.360000,1,0,NO,"""1,896;1,896;896;""",DT_BF16;DT_BF16;DT_BF16;DT_UNDEFINED,ND;ND;ND;NULL,"""1,896;1,1;1,896""",DT_BF16;FLOAT;DT_BF16,ND;ND;ND,N/A
0,4294967295,4422,46,aclnnMatmul_MatMulCommon_MatMulV2,MatMulV2,dynamic,AI_CORE,1790613010592040.711	,19.501,150.030000,22,0,NO,"""1,896;9728,896""",DT_BF16;DT_BF16,ND;ND,"""1,9728""",DT_BF16,ND,N/A
0,4294967295,4423,46,SwiGlu,SwiGlu,dynamic,AI_VECTOR_CORE,1790613010592161.976	,2.940,101.749000,1,0,NO,"""1,9728""",DT_BF16,ND,"""1,4864""",DT_BF16,ND,N/A
0,4294967295,4424,46,aclnnMatmul_MatMulCommon_MatMulV2,MatMulV2,dynamic,AI_CORE,1790613010592296.061	,16.601,131.060000,19,0,NO,"""1,4864;896,4864""",DT_BF16;DT_BF16,ND;ND,"""1,896""",DT_BF16,ND,N/A
0,4294967295,4425,46,AddRmsNormBias,AddRmsNormBias,dynamic,AI_VECTOR_CORE,1790613010592463.788	,1.980,151.149000,1,0,NO,"""1,896;1,896;896;""",DT_BF16;DT_BF16;DT_BF16;DT_UNDEFINED,ND;ND;ND;NULL,"""1,896;1,1;1,896""",DT_BF16;FLOAT;DT_BF16,ND;ND;ND,N/A
0,4294967295,4426,46,aclnnAddmm_CastAiCore_Cast,Cast,dynamic,AI_VECTOR_CORE,1790613010592619.435	,1.160,153.770000,2,0,NO,"""1152""",DT_BF16,ND,"""1152""",FLOAT,ND,N/A
0,4294967295,4427,46,aclnnAddmm_MatMulCommon_MatMulV2,MatMulV2,dynamic,AI_CORE,1790613010592621.775	,7.980,1.090000,24,0,NO,"""1,896;1152,896;1152""",DT_BF16;DT_BF16;FLOAT,ND;ND;ND,"""1,1152""",DT_BF16,ND,N/A
0,4294967295,4428,46,_triton_rope,_triton_rope,static,AI_VECTOR_CORE,1790613010593496.849	,2.961,867.020000,1,0,YES,"""1,14,64;1,2,64;32768,64""",DT_BF16;32590;DT_BF16,ND;ND;ND,"""1,14,64;1,2,64""",DT_BF16;32590,ND;ND,N/A
0,4294967295,4429,46,ReshapeAndCacheNdKernel,ReshapeAndCacheNdKernel,dynamic,AI_VECTOR_CORE,1790613010594169.436	,2.201,669.789000,1,0,NO,"""1,2,64;1,2,64;11823,128,2,64;11823,128,2,64;1""",DT_BF16;DT_BF16;DT_BF16;DT_BF16;INT32,ND;ND;ND;ND;ND,"""11823,128,2,64;11823,128,2,64""",DT_BF16;DT_BF16,ND;ND,N/A
0,4294967295,4430,46,FusedInferAttentionScore,FusedInferAttentionScore,dynamic,MIX_AIC,1790613010594623.995	,19.220,452.299000,24,48,NO,"""1,14,64;11823,128,128;11823,128,128;;2048,2048;1;1;;;;;;;;1,2;;;;;;;;;;;;;;;;""",DT_BF16;DT_BF16;DT_BF16;DT_UNDEFINED;INT8;INT64;INT64;DT_UNDEFINED;DT_UNDEFINED;DT_UNDEFINED;DT_UNDEFINED;DT_UNDEFINED;DT_UNDEFINED;DT_UNDEFINED;INT32;DT_UNDEFINED;DT_UNDEFINED;DT_UNDEFINED;DT_UNDEFINED;DT_UNDEFINED;DT_UNDEFINED;DT_UNDEFINED;DT_UNDEFINED;DT_UNDEFINED;DT_UNDEFINED;DT_UNDEFINED;DT_UNDEFINED;DT_UNDEFINED;DT_UNDEFINED;DT_UNDEFINED;DT_UNDEFINED,ND;ND;ND;NULL;ND;ND;ND;NULL;NULL;NULL;NULL;NULL;NULL;NULL;ND;NULL;NULL;NULL;NULL;NULL;NULL;NULL;NULL;NULL;NULL;NULL;NULL;NULL;NULL;NULL;NULL,"""1,14,64;""",DT_BF16;FLOAT,ND;ND,0
0,4294967295,4432,46,aclnnMatmul_MatMulCommon_MatMulV2,MatMulV2,dynamic,AI_CORE,1790613010595087.113	,5.260,443.780000,19,0,NO,"""1,896;896,896""",DT_BF16;DT_BF16,ND;ND,"""1,896""",DT_BF16,ND,N/A
0,4294967295,4433,46,AddRmsNormBias,AddRmsNormBias,dynamic,AI_VECTOR_CORE,1790613010595263.000	,1.680,170.740000,1,0,NO,"""1,896;1,896;896;""",DT_BF16;DT_BF16;DT_BF16;DT_UNDEFINED,ND;ND;ND;NULL,"""1,896;1,1;1,896""",DT_BF16;FLOAT;DT_BF16,ND;ND;ND,N/A
0,4294967295,4434,46,aclnnMatmul_MatMulCommon_MatMulV2,MatMulV2,dynamic,AI_CORE,1790613010595417.346	,19.241,152.570000,22,0,NO,"""1,896;9728,896""",DT_BF16;DT_BF16,ND;ND,"""1,9728""",DT_BF16,ND,N/A
0,4294967295,4435,46,SwiGlu,SwiGlu,dynamic,AI_VECTOR_CORE,1790613010595538.671	,4.140,102.259000,1,0,NO,"""1,9728""",DT_BF16,ND,"""1,4864""",DT_BF16,ND,N/A
0,4294967295,4436,46,aclnnMatmul_MatMulCommon_MatMulV2,MatMulV2,dynamic,AI_CORE,1790613010595685.337	,16.241,142.360000,19,0,NO,"""1,4864;896,4864""",DT_BF16;DT_BF16,ND;ND,"""1,896""",DT_BF16,ND,N/A
0,4294967295,4437,46,AddRmsNormBias,AddRmsNormBias,dynamic,AI_VECTOR_CORE,1790613010595856.504	,1.720,155.009000,1,0,NO,"""1,896;1,896;896;""",DT_BF16;DT_BF16;DT_BF16;DT_UNDEFINED,ND;ND;ND;NULL,"""1,896;1,1;1,896""",DT_BF16;FLOAT;DT_BF16,ND;ND;ND,N/A
0,4294967295,4438,46,aclnnAddmm_CastAiCore_Cast,Cast,dynamic,AI_VECTOR_CORE,1790613010596009.610	,1.220,151.280000,2,0,NO,"""1152""",DT_BF16,ND,"""1152""",FLOAT,ND,N/A
0,4294967295,4439,46,aclnnAddmm_MatMulCommon_MatMulV2,MatMulV2,dynamic,AI_CORE,1790613010596012.230	,7.360,1.530000,24,0,NO,"""1,896;1152,896;1152""",DT_BF16;DT_BF16;FLOAT,ND;ND;ND,"""1,1152""",DT_BF16,ND,N/A
0,4294967295,4440,46,_triton_rope,_triton_rope,static,AI_VECTOR_CORE,1790613010596881.825	,2.860,862.140000,1,0,YES,"""1,14,64;1,2,64;32768,64""",DT_BF16;32590;DT_BF16,ND;ND;ND,"""1,14,64;1,2,64""",DT_BF16;32590,ND;ND,N/A
0,4294967295,4441,46,ReshapeAndCacheNdKernel,ReshapeAndCacheNdKernel,dynamic,AI_VECTOR_CORE,1790613010597554.632	,1.820,670.140000,1,0,NO,"""1,2,64;1,2,64;11823,128,2,64;11823,128,2,64;1""",DT_BF16;DT_BF16;DT_BF16;DT_BF16;INT32,ND;ND;ND;ND;ND,"""11823,128,2,64;11823,128,2,64""",DT_BF16;DT_BF16,ND;ND,N/A
0,4294967295,4442,46,FusedInferAttentionScore,FusedInferAttentionScore,dynamic,MIX_AIC,1790613010598017.350	,18.761,460.680000,24,48,NO,"""1,14,64;11823,128,128;11823,128,128;;2048,2048;1;1;;;;;;;;1,2;;;;;;;;;;;;;;;;""",DT_BF16;DT_BF16;DT_BF16;DT_UNDEFINED;INT8;INT64;INT64;DT_UNDEFINED;DT_UNDEFINED;DT_UNDEFINED;DT_UNDEFINED;DT_UNDEFINED;DT_UNDEFINED;DT_UNDEFINED;INT32;DT_UNDEFINED;DT_UNDEFINED;DT_UNDEFINED;DT_UNDEFINED;DT_UNDEFINED;DT_UNDEFINED;DT_UNDEFINED;DT_UNDEFINED;DT_UNDEFINED;DT_UNDEFINED;DT_UNDEFINED;DT_UNDEFINED;DT_UNDEFINED;DT_UNDEFINED;DT_UNDEFINED;DT_UNDEFINED,ND;ND;ND;NULL;ND;ND;ND;NULL;NULL;NULL;NULL;NULL;NULL;NULL;ND;NULL;NULL;NULL;NULL;NULL;NULL;NULL;NULL;NULL;NULL;NULL;NULL;NULL;NULL;NULL;NULL,"""1,14,64;""",DT_BF16;FLOAT,ND;ND,0
0,4294967295,4444,46,aclnnMatmul_MatMulCommon_MatMulV2,MatMulV2,dynamic,AI_CORE,1790613010598484.349	,5.500,448.239000,19,0,NO,"""1,896;896,896""",DT_BF16;DT_BF16,ND;ND,"""1,896""",DT_BF16,ND,N/A
0,4294967295,4445,46,AddRmsNormBias,AddRmsNormBias,dynamic,AI_VECTOR_CORE,1790613010598658.016	,1.760,168.250000,1,0,NO,"""1,896;1,896;896;""",DT_BF16;DT_BF16;DT_BF16;DT_UNDEFINED,ND;ND;ND;NULL,"""1,896;1,1;1,896""",DT_BF16;FLOAT;DT_BF16,ND;ND;ND,N/A
0,4294967295,4446,46,aclnnMatmul_MatMulCommon_MatMulV2,MatMulV2,dynamic,AI_CORE,1790613010598810.082	,20.921,150.240000,22,0,NO,"""1,896;9728,896""",DT_BF16;DT_BF16,ND;ND,"""1,9728""",DT_BF16,ND,N/A
0,4294967295,4447,46,SwiGlu,SwiGlu,dynamic,AI_VECTOR_CORE,1790613010598937.487	,2.880,106.579000,1,0,NO,"""1,9728""",DT_BF16,ND,"""1,4864""",DT_BF16,ND,N/A
0,4294967295,4448,46,aclnnMatmul_MatMulCommon_MatMulV2,MatMulV2,dynamic,AI_CORE,1790613010599079.973	,16.440,139.620000,19,0,NO,"""1,4864;896,4864""",DT_BF16;DT_BF16,ND;ND,"""1,896""",DT_BF16,ND,N/A
0,4294967295,4449,46,AddRmsNormBias,AddRmsNormBias,dynamic,AI_VECTOR_CORE,1790613010599254.600	,1.780,158.060000,1,0,NO,"""1,896;1,896;896;""",DT_BF16;DT_BF16;DT_BF16;DT_UNDEFINED,ND;ND;ND;NULL,"""1,896;1,1;1,896""",DT_BF16;FLOAT;DT_BF16,ND;ND;ND,N/A
0,4294967295,4450,46,aclnnAddmm_CastAiCore_Cast,Cast,dynamic,AI_VECTOR_CORE,1790613010599411.986	,1.140,155.720000,2,0,NO,"""1152""",DT_BF16,ND,"""1152""",FLOAT,ND,N/A
0,4294967295,4451,46,aclnnAddmm_MatMulCommon_MatMulV2,MatMulV2,dynamic,AI_CORE,1790613010599414.646	,7.621,1.610000,24,0,NO,"""1,896;1152,896;1152""",DT_BF16;DT_BF16;FLOAT,ND;ND;ND,"""1,1152""",DT_BF16,ND,N/A
0,4294967295,4452,46,_triton_rope,_triton_rope,static,AI_VECTOR_CORE,1790613010600265.500	,2.900,843.129000,1,0,YES,"""1,14,64;1,2,64;32768,64""",DT_BF16;32590;DT_BF16,ND;ND;ND,"""1,14,64;1,2,64""",DT_BF16;32590,ND;ND,N/A
0,4294967295,4453,46,ReshapeAndCacheNdKernel,ReshapeAndCacheNdKernel,dynamic,AI_VECTOR_CORE,1790613010600930.607	,1.600,662.100000,1,0,NO,"""1,2,64;1,2,64;11823,128,2,64;11823,128,2,64;1""",DT_BF16;DT_BF16;DT_BF16;DT_BF16;INT32,ND;ND;ND;ND;ND,"""11823,128,2,64;11823,128,2,64""",DT_BF16;DT_BF16,ND;ND,N/A
0,4294967295,4454,46,FusedInferAttentionScore,FusedInferAttentionScore,dynamic,MIX_AIC,1790613010601413.566	,21.121,481.400000,24,48,NO,"""1,14,64;11823,128,128;11823,128,128;;2048,2048;1;1;;;;;;;;1,2;;;;;;;;;;;;;;;;""",DT_BF16;DT_BF16;DT_BF16;DT_UNDEFINED;INT8;INT64;INT64;DT_UNDEFINED;DT_UNDEFINED;DT_UNDEFINED;DT_UNDEFINED;DT_UNDEFINED;DT_UNDEFINED;DT_UNDEFINED;INT32;DT_UNDEFINED;DT_UNDEFINED;DT_UNDEFINED;DT_UNDEFINED;DT_UNDEFINED;DT_UNDEFINED;DT_UNDEFINED;DT_UNDEFINED;DT_UNDEFINED;DT_UNDEFINED;DT_UNDEFINED;DT_UNDEFINED;DT_UNDEFINED;DT_UNDEFINED;DT_UNDEFINED;DT_UNDEFINED,ND;ND;ND;NULL;ND;ND;ND;NULL;NULL;NULL;NULL;NULL;NULL;NULL;ND;NULL;NULL;NULL;NULL;NULL;NULL;NULL;NULL;NULL;NULL;NULL;NULL;NULL;NULL;NULL;NULL,"""1,14,64;""",DT_BF16;FLOAT,ND;ND,0
0,4294967295,4456,46,aclnnMatmul_MatMulCommon_MatMulV2,MatMulV2,dynamic,AI_CORE,1790613010601924.987	,5.600,490.379000,19,0,NO,"""1,896;896,896""",DT_BF16;DT_BF16,ND;ND,"""1,896""",DT_BF16,ND,N/A
0,4294967295,4457,46,AddRmsNormBias,AddRmsNormBias,dynamic,AI_VECTOR_CORE,1790613010602098.173	,1.760,167.650000,1,0,NO,"""1,896;1,896;896;""",DT_BF16;DT_BF16;DT_BF16;DT_UNDEFINED,ND;ND;ND;NULL,"""1,896;1,1;1,896""",DT_BF16;FLOAT;DT_BF16,ND;ND;ND,N/A
0,4294967295,4458,46,aclnnMatmul_MatMulCommon_MatMulV2,MatMulV2,dynamic,AI_CORE,1790613010602258.620	,21.481,158.490000,22,0,NO,"""1,896;9728,896""",DT_BF16;DT_BF16,ND;ND,"""1,9728""",DT_BF16,ND,N/A
0,4294967295,4459,46,SwiGlu,SwiGlu,dynamic,AI_VECTOR_CORE,1790613010602381.685	,2.840,101.769000,1,0,NO,"""1,9728""",DT_BF16,ND,"""1,4864""",DT_BF16,ND,N/A
0,4294967295,4460,46,aclnnMatmul_MatMulCommon_MatMulV2,MatMulV2,dynamic,AI_CORE,1790613010602516.930	,16.561,132.410000,19,0,NO,"""1,4864;896,4864""",DT_BF16;DT_BF16,ND;ND,"""1,896""",DT_BF16,ND,N/A
0,4294967295,4461,46,AddRmsNormBias,AddRmsNormBias,dynamic,AI_VECTOR_CORE,1790613010602687.857	,1.760,154.189000,1,0,NO,"""1,896;1,896;896;""",DT_BF16;DT_BF16;DT_BF16;DT_UNDEFINED,ND;ND;ND;NULL,"""1,896;1,1;1,896""",DT_BF16;FLOAT;DT_BF16,ND;ND;ND,N/A
0,4294967295,4462,46,aclnnAddmm_CastAiCore_Cast,Cast,dynamic,AI_VECTOR_CORE,1790613010602852.384	,1.540,162.990000,2,0,NO,"""1152""",DT_BF16,ND,"""1152""",FLOAT,ND,N/A
0,4294967295,4463,46,aclnnAddmm_MatMulCommon_MatMulV2,MatMulV2,dynamic,AI_CORE,1790613010602854.904	,7.960,0.960000,24,0,NO,"""1,896;1152,896;1152""",DT_BF16;DT_BF16;FLOAT,ND;ND;ND,"""1,1152""",DT_BF16,ND,N/A
0,4294967295,4464,46,_triton_rope,_triton_rope,static,AI_VECTOR_CORE,1790613010603718.438	,3.140,855.540000,1,0,YES,"""1,14,64;1,2,64;32768,64""",DT_BF16;32590;DT_BF16,ND;ND;ND,"""1,14,64;1,2,64""",DT_BF16;32590,ND;ND,N/A
0,4294967295,4465,46,ReshapeAndCacheNdKernel,ReshapeAndCacheNdKernel,dynamic,AI_VECTOR_CORE,1790613010604385.745	,2.500,664.110000,1,0,NO,"""1,2,64;1,2,64;11823,128,2,64;11823,128,2,64;1""",DT_BF16;DT_BF16;DT_BF16;DT_BF16;INT32,ND;ND;ND;ND;ND,"""11823,128,2,64;11823,128,2,64""",DT_BF16;DT_BF16,ND;ND,N/A
0,4294967295,4466,46,FusedInferAttentionScore,FusedInferAttentionScore,dynamic,MIX_AIC,1790613010604835.863	,22.361,447.500000,24,48,NO,"""1,14,64;11823,128,128;11823,128,128;;2048,2048;1;1;;;;;;;;1,2;;;;;;;;;;;;;;;;""",DT_BF16;DT_BF16;DT_BF16;DT_UNDEFINED;INT8;INT64;INT64;DT_UNDEFINED;DT_UNDEFINED;DT_UNDEFINED;DT_UNDEFINED;DT_UNDEFINED;DT_UNDEFINED;DT_UNDEFINED;INT32;DT_UNDEFINED;DT_UNDEFINED;DT_UNDEFINED;DT_UNDEFINED;DT_UNDEFINED;DT_UNDEFINED;DT_UNDEFINED;DT_UNDEFINED;DT_UNDEFINED;DT_UNDEFINED;DT_UNDEFINED;DT_UNDEFINED;DT_UNDEFINED;DT_UNDEFINED;DT_UNDEFINED;DT_UNDEFINED,ND;ND;ND;NULL;ND;ND;ND;NULL;NULL;NULL;NULL;NULL;NULL;NULL;ND;NULL;NULL;NULL;NULL;NULL;NULL;NULL;NULL;NULL;NULL;NULL;NULL;NULL;NULL;NULL;NULL,"""1,14,64;""",DT_BF16;FLOAT,ND;ND,0
0,4294967295,4468,46,aclnnMatmul_MatMulCommon_MatMulV2,MatMulV2,dynamic,AI_CORE,1790613010605336.663	,5.300,478.639000,19,0,NO,"""1,896;896,896""",DT_BF16;DT_BF16,ND;ND,"""1,896""",DT_BF16,ND,N/A
0,4294967295,4469,46,AddRmsNormBias,AddRmsNormBias,dynamic,AI_VECTOR_CORE,1790613010605518.990	,1.660,176.950000,1,0,NO,"""1,896;1,896;896;""",DT_BF16;DT_BF16;DT_BF16;DT_UNDEFINED,ND;ND;ND;NULL,"""1,896;1,1;1,896""",DT_BF16;FLOAT;DT_BF16,ND;ND;ND,N/A
0,4294967295,4470,46,aclnnMatmul_MatMulCommon_MatMulV2,MatMulV2,dynamic,AI_CORE,1790613010605681.657	,19.900,161.090000,22,0,NO,"""1,896;9728,896""",DT_BF16;DT_BF16,ND;ND,"""1,9728""",DT_BF16,ND,N/A
0,4294967295,4471,46,SwiGlu,SwiGlu,dynamic,AI_VECTOR_CORE,1790613010605804.762	,2.840,103.100000,1,0,NO,"""1,9728""",DT_BF16,ND,"""1,4864""",DT_BF16,ND,N/A
0,4294967295,4472,46,aclnnMatmul_MatMulCommon_MatMulV2,MatMulV2,dynamic,AI_CORE,1790613010605943.267	,16.301,135.660000,19,0,NO,"""1,4864;896,4864""",DT_BF16;DT_BF16,ND;ND,"""1,896""",DT_BF16,ND,N/A
0,4294967295,4473,46,AddRmsNormBias,AddRmsNormBias,dynamic,AI_VECTOR_CORE,1790613010606119.154	,1.660,159.699000,1,0,NO,"""1,896;1,896;896;""",DT_BF16;DT_BF16;DT_BF16;DT_UNDEFINED,ND;ND;ND;NULL,"""1,896;1,1;1,896""",DT_BF16;FLOAT;DT_BF16,ND;ND;ND,N/A
0,4294967295,4474,46,aclnnAddmm_CastAiCore_Cast,Cast,dynamic,AI_VECTOR_CORE,1790613010606268.760	,1.180,147.840000,2,0,NO,"""1152""",DT_BF16,ND,"""1152""",FLOAT,ND,N/A
0,4294967295,4475,46,aclnnAddmm_MatMulCommon_MatMulV2,MatMulV2,dynamic,AI_CORE,1790613010606271.280	,7.661,1.320000,24,0,NO,"""1,896;1152,896;1152""",DT_BF16;DT_BF16;FLOAT,ND;ND;ND,"""1,1152""",DT_BF16,ND,N/A
0,4294967295,4476,46,_triton_rope,_triton_rope,static,AI_VECTOR_CORE,1790613010607144.515	,2.900,865.589000,1,0,YES,"""1,14,64;1,2,64;32768,64""",DT_BF16;32590;DT_BF16,ND;ND;ND,"""1,14,64;1,2,64""",DT_BF16;32590,ND;ND,N/A
0,4294967295,4477,46,ReshapeAndCacheNdKernel,ReshapeAndCacheNdKernel,dynamic,AI_VECTOR_CORE,1790613010607825.902	,2.201,678.600000,1,0,NO,"""1,2,64;1,2,64;11823,128,2,64;11823,128,2,64;1""",DT_BF16;DT_BF16;DT_BF16;DT_BF16;INT32,ND;ND;ND;ND;ND,"""11823,128,2,64;11823,128,2,64""",DT_BF16;DT_BF16,ND;ND,N/A
0,4294967295,4478,46,FusedInferAttentionScore,FusedInferAttentionScore,dynamic,MIX_AIC,1790613010608277.281	,22.820,449.049000,24,48,NO,"""1,14,64;11823,128,128;11823,128,128;;2048,2048;1;1;;;;;;;;1,2;;;;;;;;;;;;;;;;""",DT_BF16;DT_BF16;DT_BF16;DT_UNDEFINED;INT8;INT64;INT64;DT_UNDEFINED;DT_UNDEFINED;DT_UNDEFINED;DT_UNDEFINED;DT_UNDEFINED;DT_UNDEFINED;DT_UNDEFINED;INT32;DT_UNDEFINED;DT_UNDEFINED;DT_UNDEFINED;DT_UNDEFINED;DT_UNDEFINED;DT_UNDEFINED;DT_UNDEFINED;DT_UNDEFINED;DT_UNDEFINED;DT_UNDEFINED;DT_UNDEFINED;DT_UNDEFINED;DT_UNDEFINED;DT_UNDEFINED;DT_UNDEFINED;DT_UNDEFINED,ND;ND;ND;NULL;ND;ND;ND;NULL;NULL;NULL;NULL;NULL;NULL;NULL;ND;NULL;NULL;NULL;NULL;NULL;NULL;NULL;NULL;NULL;NULL;NULL;NULL;NULL;NULL;NULL;NULL,"""1,14,64;""",DT_BF16;FLOAT,ND;ND,0
0,4294967295,4480,46,aclnnMatmul_MatMulCommon_MatMulV2,MatMulV2,dynamic,AI_CORE,1790613010608738.179	,5.440,438.180000,19,0,NO,"""1,896;896,896""",DT_BF16;DT_BF16,ND;ND,"""1,896""",DT_BF16,ND,N/A
0,4294967295,4481,46,AddRmsNormBias,AddRmsNormBias,dynamic,AI_VECTOR_CORE,1790613010608917.266	,1.700,173.560000,1,0,NO,"""1,896;1,896;896;""",DT_BF16;DT_BF16;DT_BF16;DT_UNDEFINED,ND;ND;ND;NULL,"""1,896;1,1;1,896""",DT_BF16;FLOAT;DT_BF16,ND;ND;ND,N/A
0,4294967295,4482,46,aclnnMatmul_MatMulCommon_MatMulV2,MatMulV2,dynamic,AI_CORE,1790613010609081.453	,19.660,162.550000,22,0,NO,"""1,896;9728,896""",DT_BF16;DT_BF16,ND;ND,"""1,9728""",DT_BF16,ND,N/A
0,4294967295,4483,46,SwiGlu,SwiGlu,dynamic,AI_VECTOR_CORE,1790613010609213.378	,3.080,112.340000,1,0,NO,"""1,9728""",DT_BF16,ND,"""1,4864""",DT_BF16,ND,N/A
0,4294967295,4484,46,aclnnMatmul_MatMulCommon_MatMulV2,MatMulV2,dynamic,AI_CORE,1790613010609349.683	,16.321,133.170000,19,0,NO,"""1,4864;896,4864""",DT_BF16;DT_BF16,ND;ND,"""1,896""",DT_BF16,ND,N/A
0,4294967295,4485,46,AddRmsNormBias,AddRmsNormBias,dynamic,AI_VECTOR_CORE,1790613010609517.070	,1.700,150.929000,1,0,NO,"""1,896;1,896;896;""",DT_BF16;DT_BF16;DT_BF16;DT_UNDEFINED,ND;ND;ND;NULL,"""1,896;1,1;1,896""",DT_BF16;FLOAT;DT_BF16,ND;ND;ND,N/A
0,4294967295,4486,46,aclnnAddmm_CastAiCore_Cast,Cast,dynamic,AI_VECTOR_CORE,1790613010609672.956	,1.120,154.300000,2,0,NO,"""1152""",DT_BF16,ND,"""1152""",FLOAT,ND,N/A
0,4294967295,4487,46,aclnnAddmm_MatMulCommon_MatMulV2,MatMulV2,dynamic,AI_CORE,1790613010609675.716	,7.381,1.630000,24,0,NO,"""1,896;1152,896;1152""",DT_BF16;DT_BF16;FLOAT,ND;ND;ND,"""1,1152""",DT_BF16,ND,N/A
0,4294967295,4488,46,_triton_rope,_triton_rope,static,AI_VECTOR_CORE,1790613010610539.451	,2.800,856.369000,1,0,YES,"""1,14,64;1,2,64;32768,64""",DT_BF16;32590;DT_BF16,ND;ND;ND,"""1,14,64;1,2,64""",DT_BF16;32590,ND;ND,N/A
0,4294967295,4489,46,ReshapeAndCacheNdKernel,ReshapeAndCacheNdKernel,dynamic,AI_VECTOR_CORE,1790613010611213.978	,1.620,671.700000,1,0,NO,"""1,2,64;1,2,64;11823,128,2,64;11823,128,2,64;1""",DT_BF16;DT_BF16;DT_BF16;DT_BF16;INT32,ND;ND;ND;ND;ND,"""11823,128,2,64;11823,128,2,64""",DT_BF16;DT_BF16,ND;ND,N/A
0,4294967295,4490,46,FusedInferAttentionScore,FusedInferAttentionScore,dynamic,MIX_AIC,1790613010611667.776	,18.261,452.130000,24,48,NO,"""1,14,64;11823,128,128;11823,128,128;;2048,2048;1;1;;;;;;;;1,2;;;;;;;;;;;;;;;;""",DT_BF16;DT_BF16;DT_BF16;DT_UNDEFINED;INT8;INT64;INT64;DT_UNDEFINED;DT_UNDEFINED;DT_UNDEFINED;DT_UNDEFINED;DT_UNDEFINED;DT_UNDEFINED;DT_UNDEFINED;INT32;DT_UNDEFINED;DT_UNDEFINED;DT_UNDEFINED;DT_UNDEFINED;DT_UNDEFINED;DT_UNDEFINED;DT_UNDEFINED;DT_UNDEFINED;DT_UNDEFINED;DT_UNDEFINED;DT_UNDEFINED;DT_UNDEFINED;DT_UNDEFINED;DT_UNDEFINED;DT_UNDEFINED;DT_UNDEFINED,ND;ND;ND;NULL;ND;ND;ND;NULL;NULL;NULL;NULL;NULL;NULL;NULL;ND;NULL;NULL;NULL;NULL;NULL;NULL;NULL;NULL;NULL;NULL;NULL;NULL;NULL;NULL;NULL;NULL,"""1,14,64;""",DT_BF16;FLOAT,ND;ND,0
0,4294967295,4492,46,aclnnMatmul_MatMulCommon_MatMulV2,MatMulV2,dynamic,AI_CORE,1790613010612152.335	,5.581,466.239000,19,0,NO,"""1,896;896,896""",DT_BF16;DT_BF16,ND;ND,"""1,896""",DT_BF16,ND,N/A
0,4294967295,4493,46,AddRmsNormBias,AddRmsNormBias,dynamic,AI_VECTOR_CORE,1790613010612326.022	,1.660,168.169000,1,0,NO,"""1,896;1,896;896;""",DT_BF16;DT_BF16;DT_BF16;DT_UNDEFINED,ND;ND;ND;NULL,"""1,896;1,1;1,896""",DT_BF16;FLOAT;DT_BF16,ND;ND;ND,N/A
0,4294967295,4494,46,aclnnMatmul_MatMulCommon_MatMulV2,MatMulV2,dynamic,AI_CORE,1790613010612478.528	,20.501,150.840000,22,0,NO,"""1,896;9728,896""",DT_BF16;DT_BF16,ND;ND,"""1,9728""",DT_BF16,ND,N/A
0,4294967295,4495,46,SwiGlu,SwiGlu,dynamic,AI_VECTOR_CORE,1790613010612599.713	,2.860,100.749000,1,0,NO,"""1,9728""",DT_BF16,ND,"""1,4864""",DT_BF16,ND,N/A
0,4294967295,4496,46,aclnnMatmul_MatMulCommon_MatMulV2,MatMulV2,dynamic,AI_CORE,1790613010612737.359	,16.560,134.640000,19,0,NO,"""1,4864;896,4864""",DT_BF16;DT_BF16,ND;ND,"""1,896""",DT_BF16,ND,N/A
0,4294967295,4497,46,AddRmsNormBias,AddRmsNormBias,dynamic,AI_VECTOR_CORE,1790613010612915.346	,1.720,161.440000,1,0,NO,"""1,896;1,896;896;""",DT_BF16;DT_BF16;DT_BF16;DT_UNDEFINED,ND;ND;ND;NULL,"""1,896;1,1;1,896""",DT_BF16;FLOAT;DT_BF16,ND;ND;ND,N/A
0,4294967295,4498,46,aclnnAddmm_CastAiCore_Cast,Cast,dynamic,AI_VECTOR_CORE,1790613010613074.292	,1.200,157.280000,2,0,NO,"""1152""",DT_BF16,ND,"""1152""",FLOAT,ND,N/A
0,4294967295,4499,46,aclnnAddmm_MatMulCommon_MatMulV2,MatMulV2,dynamic,AI_CORE,1790613010613077.532	,7.861,2.050000,24,0,NO,"""1,896;1152,896;1152""",DT_BF16;DT_BF16;FLOAT,ND;ND;ND,"""1,1152""",DT_BF16,ND,N/A
0,4294967295,4500,46,_triton_rope,_triton_rope,static,AI_VECTOR_CORE,1790613010613971.388	,2.920,886.139000,1,0,YES,"""1,14,64;1,2,64;32768,64""",DT_BF16;32590;DT_BF16,ND;ND;ND,"""1,14,64;1,2,64""",DT_BF16;32590,ND;ND,N/A
0,4294967295,4501,46,ReshapeAndCacheNdKernel,ReshapeAndCacheNdKernel,dynamic,AI_VECTOR_CORE,1790613010614643.735	,1.660,669.330000,1,0,NO,"""1,2,64;1,2,64;11823,128,2,64;11823,128,2,64;1""",DT_BF16;DT_BF16;DT_BF16;DT_BF16;INT32,ND;ND;ND;ND;ND,"""11823,128,2,64;11823,128,2,64""",DT_BF16;DT_BF16,ND;ND,N/A
0,4294967295,4502,46,FusedInferAttentionScore,FusedInferAttentionScore,dynamic,MIX_AIC,1790613010615110.434	,18.600,465.090000,24,48,NO,"""1,14,64;11823,128,128;11823,128,128;;2048,2048;1;1;;;;;;;;1,2;;;;;;;;;;;;;;;;""",DT_BF16;DT_BF16;DT_BF16;DT_UNDEFINED;INT8;INT64;INT64;DT_UNDEFINED;DT_UNDEFINED;DT_UNDEFINED;DT_UNDEFINED;DT_UNDEFINED;DT_UNDEFINED;DT_UNDEFINED;INT32;DT_UNDEFINED;DT_UNDEFINED;DT_UNDEFINED;DT_UNDEFINED;DT_UNDEFINED;DT_UNDEFINED;DT_UNDEFINED;DT_UNDEFINED;DT_UNDEFINED;DT_UNDEFINED;DT_UNDEFINED;DT_UNDEFINED;DT_UNDEFINED;DT_UNDEFINED;DT_UNDEFINED;DT_UNDEFINED,ND;ND;ND;NULL;ND;ND;ND;NULL;NULL;NULL;NULL;NULL;NULL;NULL;ND;NULL;NULL;NULL;NULL;NULL;NULL;NULL;NULL;NULL;NULL;NULL;NULL;NULL;NULL;NULL;NULL,"""1,14,64;""",DT_BF16;FLOAT,ND;ND,0
0,4294967295,4504,46,aclnnMatmul_MatMulCommon_MatMulV2,MatMulV2,dynamic,AI_CORE,1790613010615578.652	,5.501,449.650000,19,0,NO,"""1,896;896,896""",DT_BF16;DT_BF16,ND;ND,"""1,896""",DT_BF16,ND,N/A
0,4294967295,4505,46,AddRmsNormBias,AddRmsNormBias,dynamic,AI_VECTOR_CORE,1790613010615752.139	,1.700,167.999000,1,0,NO,"""1,896;1,896;896;""",DT_BF16;DT_BF16;DT_BF16;DT_UNDEFINED,ND;ND;ND;NULL,"""1,896;1,1;1,896""",DT_BF16;FLOAT;DT_BF16,ND;ND;ND,N/A
0,4294967295,4506,46,aclnnMatmul_MatMulCommon_MatMulV2,MatMulV2,dynamic,AI_CORE,1790613010615912.446	,19.881,158.550000,22,0,NO,"""1,896;9728,896""",DT_BF16;DT_BF16,ND;ND,"""1,9728""",DT_BF16,ND,N/A
0,4294967295,4507,46,SwiGlu,SwiGlu,dynamic,AI_VECTOR_CORE,1790613010616044.951	,2.920,112.619000,1,0,NO,"""1,9728""",DT_BF16,ND,"""1,4864""",DT_BF16,ND,N/A
0,4294967295,4508,46,aclnnMatmul_MatMulCommon_MatMulV2,MatMulV2,dynamic,AI_CORE,1790613010616181.177	,16.440,133.330000,19,0,NO,"""1,4864;896,4864""",DT_BF16;DT_BF16,ND;ND,"""1,896""",DT_BF16,ND,N/A
0,4294967295,4509,46,AddRmsNormBias,AddRmsNormBias,dynamic,AI_VECTOR_CORE,1790613010616354.603	,1.700,156.810000,1,0,NO,"""1,896;1,896;896;""",DT_BF16;DT_BF16;DT_BF16;DT_UNDEFINED,ND;ND;ND;NULL,"""1,896;1,1;1,896""",DT_BF16;FLOAT;DT_BF16,ND;ND;ND,N/A
0,4294967295,4510,46,aclnnAddmm_CastAiCore_Cast,Cast,dynamic,AI_VECTOR_CORE,1790613010616512.930	,1.180,156.800000,2,0,NO,"""1152""",DT_BF16,ND,"""1152""",FLOAT,ND,N/A
0,4294967295,4511,46,aclnnAddmm_MatMulCommon_MatMulV2,MatMulV2,dynamic,AI_CORE,1790613010616515.570	,7.620,1.320000,24,0,NO,"""1,896;1152,896;1152""",DT_BF16;DT_BF16;FLOAT,ND;ND;ND,"""1,1152""",DT_BF16,ND,N/A
0,4294967295,4512,46,_triton_rope,_triton_rope,static,AI_VECTOR_CORE,1790613010617382.485	,2.840,859.380000,1,0,YES,"""1,14,64;1,2,64;32768,64""",DT_BF16;32590;DT_BF16,ND;ND;ND,"""1,14,64;1,2,64""",DT_BF16;32590,ND;ND,N/A
0,4294967295,4513,46,ReshapeAndCacheNdKernel,ReshapeAndCacheNdKernel,dynamic,AI_VECTOR_CORE,1790613010618061.072	,1.940,675.660000,1,0,NO,"""1,2,64;1,2,64;11823,128,2,64;11823,128,2,64;1""",DT_BF16;DT_BF16;DT_BF16;DT_BF16;INT32,ND;ND;ND;ND;ND,"""11823,128,2,64;11823,128,2,64""",DT_BF16;DT_BF16,ND;ND,N/A
0,4294967295,4514,46,FusedInferAttentionScore,FusedInferAttentionScore,dynamic,MIX_AIC,1790613010618529.930	,16.821,467.060000,24,48,NO,"""1,14,64;11823,128,128;11823,128,128;;2048,2048;1;1;;;;;;;;1,2;;;;;;;;;;;;;;;;""",DT_BF16;DT_BF16;DT_BF16;DT_UNDEFINED;INT8;INT64;INT64;DT_UNDEFINED;DT_UNDEFINED;DT_UNDEFINED;DT_UNDEFINED;DT_UNDEFINED;DT_UNDEFINED;DT_UNDEFINED;INT32;DT_UNDEFINED;DT_UNDEFINED;DT_UNDEFINED;DT_UNDEFINED;DT_UNDEFINED;DT_UNDEFINED;DT_UNDEFINED;DT_UNDEFINED;DT_UNDEFINED;DT_UNDEFINED;DT_UNDEFINED;DT_UNDEFINED;DT_UNDEFINED;DT_UNDEFINED;DT_UNDEFINED;DT_UNDEFINED,ND;ND;ND;NULL;ND;ND;ND;NULL;NULL;NULL;NULL;NULL;NULL;NULL;ND;NULL;NULL;NULL;NULL;NULL;NULL;NULL;NULL;NULL;NULL;NULL;NULL;NULL;NULL;NULL;NULL,"""1,14,64;""",DT_BF16;FLOAT,ND;ND,0
0,4294967295,4516,46,aclnnMatmul_MatMulCommon_MatMulV2,MatMulV2,dynamic,AI_CORE,1790613010618998.749	,5.360,451.929000,19,0,NO,"""1,896;896,896""",DT_BF16;DT_BF16,ND;ND,"""1,896""",DT_BF16,ND,N/A
0,4294967295,4517,46,AddRmsNormBias,AddRmsNormBias,dynamic,AI_VECTOR_CORE,1790613010619168.136	,1.700,164.140000,1,0,NO,"""1,896;1,896;896;""",DT_BF16;DT_BF16;DT_BF16;DT_UNDEFINED,ND;ND;ND;NULL,"""1,896;1,1;1,896""",DT_BF16;FLOAT;DT_BF16,ND;ND;ND,N/A
0,4294967295,4518,46,aclnnMatmul_MatMulCommon_MatMulV2,MatMulV2,dynamic,AI_CORE,1790613010619336.183	,19.680,166.300000,22,0,NO,"""1,896;9728,896""",DT_BF16;DT_BF16,ND;ND,"""1,9728""",DT_BF16,ND,N/A
0,4294967295,4519,46,SwiGlu,SwiGlu,dynamic,AI_VECTOR_CORE,1790613010619471.188	,3.000,115.320000,1,0,NO,"""1,9728""",DT_BF16,ND,"""1,4864""",DT_BF16,ND,N/A
0,4294967295,4520,46,aclnnMatmul_MatMulCommon_MatMulV2,MatMulV2,dynamic,AI_CORE,1790613010619610.874	,16.240,136.500000,19,0,NO,"""1,4864;896,4864""",DT_BF16;DT_BF16,ND;ND,"""1,896""",DT_BF16,ND,N/A
0,4294967295,4521,46,AddRmsNormBias,AddRmsNormBias,dynamic,AI_VECTOR_CORE,1790613010619784.921	,1.720,158.010000,1,0,NO,"""1,896;1,896;896;""",DT_BF16;DT_BF16;DT_BF16;DT_UNDEFINED,ND;ND;ND;NULL,"""1,896;1,1;1,896""",DT_BF16;FLOAT;DT_BF16,ND;ND;ND,N/A
0,4294967295,4522,46,aclnnAddmm_CastAiCore_Cast,Cast,dynamic,AI_VECTOR_CORE,1790613010619937.207	,1.260,150.530000,2,0,NO,"""1152""",DT_BF16,ND,"""1152""",FLOAT,ND,N/A
0,4294967295,4523,46,aclnnAddmm_MatMulCommon_MatMulV2,MatMulV2,dynamic,AI_CORE,1790613010619939.647	,7.740,1.240000,24,0,NO,"""1,896;1152,896;1152""",DT_BF16;DT_BF16;FLOAT,ND;ND;ND,"""1,1152""",DT_BF16,ND,N/A
0,4294967295,4524,46,_triton_rope,_triton_rope,static,AI_VECTOR_CORE,1790613010620800.681	,2.860,853.260000,1,0,YES,"""1,14,64;1,2,64;32768,64""",DT_BF16;32590;DT_BF16,ND;ND;ND,"""1,14,64;1,2,64""",DT_BF16;32590,ND;ND,N/A
0,4294967295,4525,46,ReshapeAndCacheNdKernel,ReshapeAndCacheNdKernel,dynamic,AI_VECTOR_CORE,1790613010621482.168	,2.201,678.640000,1,0,NO,"""1,2,64;1,2,64;11823,128,2,64;11823,128,2,64;1""",DT_BF16;DT_BF16;DT_BF16;DT_BF16;INT32,ND;ND;ND;ND;ND,"""11823,128,2,64;11823,128,2,64""",DT_BF16;DT_BF16,ND;ND,N/A
0,4294967295,4526,46,FusedInferAttentionScore,FusedInferAttentionScore,dynamic,MIX_AIC,1790613010621941.367	,20.981,456.799000,24,48,NO,"""1,14,64;11823,128,128;11823,128,128;;2048,2048;1;1;;;;;;;;1,2;;;;;;;;;;;;;;;;""",DT_BF16;DT_BF16;DT_BF16;DT_UNDEFINED;INT8;INT64;INT64;DT_UNDEFINED;DT_UNDEFINED;DT_UNDEFINED;DT_UNDEFINED;DT_UNDEFINED;DT_UNDEFINED;DT_UNDEFINED;INT32;DT_UNDEFINED;DT_UNDEFINED;DT_UNDEFINED;DT_UNDEFINED;DT_UNDEFINED;DT_UNDEFINED;DT_UNDEFINED;DT_UNDEFINED;DT_UNDEFINED;DT_UNDEFINED;DT_UNDEFINED;DT_UNDEFINED;DT_UNDEFINED;DT_UNDEFINED;DT_UNDEFINED;DT_UNDEFINED,ND;ND;ND;NULL;ND;ND;ND;NULL;NULL;NULL;NULL;NULL;NULL;NULL;ND;NULL;NULL;NULL;NULL;NULL;NULL;NULL;NULL;NULL;NULL;NULL;NULL;NULL;NULL;NULL;NULL,"""1,14,64;""",DT_BF16;FLOAT,ND;ND,0
0,4294967295,4528,46,aclnnMatmul_MatMulCommon_MatMulV2,MatMulV2,dynamic,AI_CORE,1790613010622414.586	,5.740,452.269000,19,0,NO,"""1,896;896,896""",DT_BF16;DT_BF16,ND;ND,"""1,896""",DT_BF16,ND,N/A
0,4294967295,4529,46,AddRmsNormBias,AddRmsNormBias,dynamic,AI_VECTOR_CORE,1790613010622589.173	,1.720,169.010000,1,0,NO,"""1,896;1,896;896;""",DT_BF16;DT_BF16;DT_BF16;DT_UNDEFINED,ND;ND;ND;NULL,"""1,896;1,1;1,896""",DT_BF16;FLOAT;DT_BF16,ND;ND;ND,N/A
0,4294967295,4530,46,aclnnMatmul_MatMulCommon_MatMulV2,MatMulV2,dynamic,AI_CORE,1790613010622738.839	,19.160,147.780000,22,0,NO,"""1,896;9728,896""",DT_BF16;DT_BF16,ND;ND,"""1,9728""",DT_BF16,ND,N/A
0,4294967295,4531,46,SwiGlu,SwiGlu,dynamic,AI_VECTOR_CORE,1790613010622860.323	,2.821,102.340000,1,0,NO,"""1,9728""",DT_BF16,ND,"""1,4864""",DT_BF16,ND,N/A
0,4294967295,4532,46,aclnnMatmul_MatMulCommon_MatMulV2,MatMulV2,dynamic,AI_CORE,1790613010622995.369	,16.620,132.179000,19,0,NO,"""1,4864;896,4864""",DT_BF16;DT_BF16,ND;ND,"""1,896""",DT_BF16,ND,N/A
0,4294967295,4533,46,AddRmsNormBias,AddRmsNormBias,dynamic,AI_VECTOR_CORE,1790613010623173.056	,2.160,161.130000,1,0,NO,"""1,896;1,896;896;""",DT_BF16;DT_BF16;DT_BF16;DT_UNDEFINED,ND;ND;ND;NULL,"""1,896;1,1;1,896""",DT_BF16;FLOAT;DT_BF16,ND;ND;ND,N/A
0,4294967295,4534,46,aclnnAddmm_CastAiCore_Cast,Cast,dynamic,AI_VECTOR_CORE,1790613010623341.363	,1.200,166.090000,2,0,NO,"""1152""",DT_BF16,ND,"""1152""",FLOAT,ND,N/A
0,4294967295,4535,46,aclnnAddmm_MatMulCommon_MatMulV2,MatMulV2,dynamic,AI_CORE,1790613010623344.043	,7.940,1.550000,24,0,NO,"""1,896;1152,896;1152""",DT_BF16;DT_BF16;FLOAT,ND;ND;ND,"""1,1152""",DT_BF16,ND,N/A
0,4294967295,4536,46,_triton_rope,_triton_rope,static,AI_VECTOR_CORE,1790613010624201.837	,3.220,849.810000,1,0,YES,"""1,14,64;1,2,64;32768,64""",DT_BF16;32590;DT_BF16,ND;ND;ND,"""1,14,64;1,2,64""",DT_BF16;32590,ND;ND,N/A
0,4294967295,4537,46,ReshapeAndCacheNdKernel,ReshapeAndCacheNdKernel,dynamic,AI_VECTOR_CORE,1790613010624880.484	,1.860,675.530000,1,0,NO,"""1,2,64;1,2,64;11823,128,2,64;11823,128,2,64;1""",DT_BF16;DT_BF16;DT_BF16;DT_BF16;INT32,ND;ND;ND;ND;ND,"""11823,128,2,64;11823,128,2,64""",DT_BF16;DT_BF16,ND;ND,N/A
0,4294967295,4538,46,FusedInferAttentionScore,FusedInferAttentionScore,dynamic,MIX_AIC,1790613010626034.610	,22.281,1152.140000,24,48,NO,"""1,14,64;11823,128,128;11823,128,128;;2048,2048;1;1;;;;;;;;1,2;;;;;;;;;;;;;;;;""",DT_BF16;DT_BF16;DT_BF16;DT_UNDEFINED;INT8;INT64;INT64;DT_UNDEFINED;DT_UNDEFINED;DT_UNDEFINED;DT_UNDEFINED;DT_UNDEFINED;DT_UNDEFINED;DT_UNDEFINED;INT32;DT_UNDEFINED;DT_UNDEFINED;DT_UNDEFINED;DT_UNDEFINED;DT_UNDEFINED;DT_UNDEFINED;DT_UNDEFINED;DT_UNDEFINED;DT_UNDEFINED;DT_UNDEFINED;DT_UNDEFINED;DT_UNDEFINED;DT_UNDEFINED;DT_UNDEFINED;DT_UNDEFINED;DT_UNDEFINED,ND;ND;ND;NULL;ND;ND;ND;NULL;NULL;NULL;NULL;NULL;NULL;NULL;ND;NULL;NULL;NULL;NULL;NULL;NULL;NULL;NULL;NULL;NULL;NULL;NULL;NULL;NULL;NULL;NULL,"""1,14,64;""",DT_BF16;FLOAT,ND;ND,0
0,4294967295,4540,46,aclnnMatmul_MatMulCommon_MatMulV2,MatMulV2,dynamic,AI_CORE,1790613010626538.991	,5.540,482.219000,19,0,NO,"""1,896;896,896""",DT_BF16;DT_BF16,ND;ND,"""1,896""",DT_BF16,ND,N/A
0,4294967295,4541,46,AddRmsNormBias,AddRmsNormBias,dynamic,AI_VECTOR_CORE,1790613010626711.857	,1.720,167.210000,1,0,NO,"""1,896;1,896;896;""",DT_BF16;DT_BF16;DT_BF16;DT_UNDEFINED,ND;ND;ND;NULL,"""1,896;1,1;1,896""",DT_BF16;FLOAT;DT_BF16,ND;ND;ND,N/A
0,4294967295,4542,46,aclnnMatmul_MatMulCommon_MatMulV2,MatMulV2,dynamic,AI_CORE,1790613010626868.724	,19.161,155.280000,22,0,NO,"""1,896;9728,896""",DT_BF16;DT_BF16,ND;ND,"""1,9728""",DT_BF16,ND,N/A
0,4294967295,4543,46,SwiGlu,SwiGlu,dynamic,AI_VECTOR_CORE,1790613010626992.789	,4.140,104.839000,1,0,NO,"""1,9728""",DT_BF16,ND,"""1,4864""",DT_BF16,ND,N/A
0,4294967295,4544,46,aclnnMatmul_MatMulCommon_MatMulV2,MatMulV2,dynamic,AI_CORE,1790613010627131.034	,16.261,134.110000,19,0,NO,"""1,4864;896,4864""",DT_BF16;DT_BF16,ND;ND,"""1,896""",DT_BF16,ND,N/A
0,4294967295,4545,46,AddRmsNormBias,AddRmsNormBias,dynamic,AI_VECTOR_CORE,1790613010627304.541	,1.720,157.239000,1,0,NO,"""1,896;1,896;896;""",DT_BF16;DT_BF16;DT_BF16;DT_UNDEFINED,ND;ND;ND;NULL,"""1,896;1,1;1,896""",DT_BF16;FLOAT;DT_BF16,ND;ND;ND,N/A
0,4294967295,4546,46,aclnnAddmm_CastAiCore_Cast,Cast,dynamic,AI_VECTOR_CORE,1790613010627461.887	,1.320,155.780000,2,0,NO,"""1152""",DT_BF16,ND,"""1152""",FLOAT,ND,N/A
0,4294967295,4547,46,aclnnAddmm_MatMulCommon_MatMulV2,MatMulV2,dynamic,AI_CORE,1790613010627464.347	,7.281,0.930000,24,0,NO,"""1,896;1152,896;1152""",DT_BF16;DT_BF16;FLOAT,ND;ND;ND,"""1,1152""",DT_BF16,ND,N/A
0,4294967295,4548,46,_triton_rope,_triton_rope,static,AI_VECTOR_CORE,1790613010628337.503	,2.820,865.969000,1,0,YES,"""1,14,64;1,2,64;32768,64""",DT_BF16;32590;DT_BF16,ND;ND;ND,"""1,14,64;1,2,64""",DT_BF16;32590,ND;ND,N/A
0,4294967295,4549,46,ReshapeAndCacheNdKernel,ReshapeAndCacheNdKernel,dynamic,AI_VECTOR_CORE,1790613010629012.409	,2.120,672.180000,1,0,NO,"""1,2,64;1,2,64;11823,128,2,64;11823,128,2,64;1""",DT_BF16;DT_BF16;DT_BF16;DT_BF16;INT32,ND;ND;ND;ND;ND,"""11823,128,2,64;11823,128,2,64""",DT_BF16;DT_BF16,ND;ND,N/A
0,4294967295,4550,46,FusedInferAttentionScore,FusedInferAttentionScore,dynamic,MIX_AIC,1790613010629478.348	,18.361,463.630000,24,48,NO,"""1,14,64;11823,128,128;11823,128,128;;2048,2048;1;1;;;;;;;;1,2;;;;;;;;;;;;;;;;""",DT_BF16;DT_BF16;DT_BF16;DT_UNDEFINED;INT8;INT64;INT64;DT_UNDEFINED;DT_UNDEFINED;DT_UNDEFINED;DT_UNDEFINED;DT_UNDEFINED;DT_UNDEFINED;DT_UNDEFINED;INT32;DT_UNDEFINED;DT_UNDEFINED;DT_UNDEFINED;DT_UNDEFINED;DT_UNDEFINED;DT_UNDEFINED;DT_UNDEFINED;DT_UNDEFINED;DT_UNDEFINED;DT_UNDEFINED;DT_UNDEFINED;DT_UNDEFINED;DT_UNDEFINED;DT_UNDEFINED;DT_UNDEFINED;DT_UNDEFINED,ND;ND;ND;NULL;ND;ND;ND;NULL;NULL;NULL;NULL;NULL;NULL;NULL;ND;NULL;NULL;NULL;NULL;NULL;NULL;NULL;NULL;NULL;NULL;NULL;NULL;NULL;NULL;NULL;NULL,"""1,14,64;""",DT_BF16;FLOAT,ND;ND,0
0,4294967295,4552,46,aclnnMatmul_MatMulCommon_MatMulV2,MatMulV2,dynamic,AI_CORE,1790613010629956.167	,5.320,459.639000,19,0,NO,"""1,896;896,896""",DT_BF16;DT_BF16,ND;ND,"""1,896""",DT_BF16,ND,N/A
0,4294967295,4553,46,AddRmsNormBias,AddRmsNormBias,dynamic,AI_VECTOR_CORE,1790613010630129.374	,1.740,167.680000,1,0,NO,"""1,896;1,896;896;""",DT_BF16;DT_BF16;DT_BF16;DT_UNDEFINED,ND;ND;ND;NULL,"""1,896;1,1;1,896""",DT_BF16;FLOAT;DT_BF16,ND;ND;ND,N/A
0,4294967295,4554,46,aclnnMatmul_MatMulCommon_MatMulV2,MatMulV2,dynamic,AI_CORE,1790613010630294.761	,19.380,163.760000,22,0,NO,"""1,896;9728,896""",DT_BF16;DT_BF16,ND;ND,"""1,9728""",DT_BF16,ND,N/A
0,4294967295,4555,46,SwiGlu,SwiGlu,dynamic,AI_VECTOR_CORE,1790613010630424.546	,2.860,110.370000,1,0,NO,"""1,9728""",DT_BF16,ND,"""1,4864""",DT_BF16,ND,N/A
0,4294967295,4556,46,aclnnMatmul_MatMulCommon_MatMulV2,MatMulV2,dynamic,AI_CORE,1790613010630564.531	,16.321,137.140000,19,0,NO,"""1,4864;896,4864""",DT_BF16;DT_BF16,ND;ND,"""1,896""",DT_BF16,ND,N/A
0,4294967295,4557,46,AddRmsNormBias,AddRmsNormBias,dynamic,AI_VECTOR_CORE,1790613010630737.919	,1.640,157.179000,1,0,NO,"""1,896;1,896;896;""",DT_BF16;DT_BF16;DT_BF16;DT_UNDEFINED,ND;ND;ND;NULL,"""1,896;1,1;1,896""",DT_BF16;FLOAT;DT_BF16,ND;ND;ND,N/A
0,4294967295,4558,46,aclnnAddmm_CastAiCore_Cast,Cast,dynamic,AI_VECTOR_CORE,1790613010630895.785	,1.260,156.110000,2,0,NO,"""1152""",DT_BF16,ND,"""1152""",FLOAT,ND,N/A
0,4294967295,4559,46,aclnnAddmm_MatMulCommon_MatMulV2,MatMulV2,dynamic,AI_CORE,1790613010630898.425	,7.460,1.490000,24,0,NO,"""1,896;1152,896;1152""",DT_BF16;DT_BF16;FLOAT,ND;ND;ND,"""1,1152""",DT_BF16,ND,N/A
0,4294967295,4560,46,_triton_rope,_triton_rope,static,AI_VECTOR_CORE,1790613010631756.779	,3.100,850.790000,1,0,YES,"""1,14,64;1,2,64;32768,64""",DT_BF16;32590;DT_BF16,ND;ND;ND,"""1,14,64;1,2,64""",DT_BF16;32590,ND;ND,N/A
0,4294967295,4561,46,ReshapeAndCacheNdKernel,ReshapeAndCacheNdKernel,dynamic,AI_VECTOR_CORE,1790613010632423.926	,1.880,664.150000,1,0,NO,"""1,2,64;1,2,64;11823,128,2,64;11823,128,2,64;1""",DT_BF16;DT_BF16;DT_BF16;DT_BF16;INT32,ND;ND;ND;ND;ND,"""11823,128,2,64;11823,128,2,64""",DT_BF16;DT_BF16,ND;ND,N/A
0,4294967295,4562,46,FusedInferAttentionScore,FusedInferAttentionScore,dynamic,MIX_AIC,1790613010632874.184	,19.061,448.370000,24,48,NO,"""1,14,64;11823,128,128;11823,128,128;;2048,2048;1;1;;;;;;;;1,2;;;;;;;;;;;;;;;;""",DT_BF16;DT_BF16;DT_BF16;DT_UNDEFINED;INT8;INT64;INT64;DT_UNDEFINED;DT_UNDEFINED;DT_UNDEFINED;DT_UNDEFINED;DT_UNDEFINED;DT_UNDEFINED;DT_UNDEFINED;INT32;DT_UNDEFINED;DT_UNDEFINED;DT_UNDEFINED;DT_UNDEFINED;DT_UNDEFINED;DT_UNDEFINED;DT_UNDEFINED;DT_UNDEFINED;DT_UNDEFINED;DT_UNDEFINED;DT_UNDEFINED;DT_UNDEFINED;DT_UNDEFINED;DT_UNDEFINED;DT_UNDEFINED;DT_UNDEFINED,ND;ND;ND;NULL;ND;ND;ND;NULL;NULL;NULL;NULL;NULL;NULL;NULL;ND;NULL;NULL;NULL;NULL;NULL;NULL;NULL;NULL;NULL;NULL;NULL;NULL;NULL;NULL;NULL;NULL,"""1,14,64;""",DT_BF16;FLOAT,ND;ND,0
0,4294967295,4564,46,aclnnMatmul_MatMulCommon_MatMulV2,MatMulV2,dynamic,AI_CORE,1790613010633347.583	,5.640,454.189000,19,0,NO,"""1,896;896,896""",DT_BF16;DT_BF16,ND;ND,"""1,896""",DT_BF16,ND,N/A
0,4294967295,4565,46,AddRmsNormBias,AddRmsNormBias,dynamic,AI_VECTOR_CORE,1790613010633531.410	,1.660,178.360000,1,0,NO,"""1,896;1,896;896;""",DT_BF16;DT_BF16;DT_BF16;DT_UNDEFINED,ND;ND;ND;NULL,"""1,896;1,1;1,896""",DT_BF16;FLOAT;DT_BF16,ND;ND;ND,N/A
0,4294967295,4566,46,aclnnMatmul_MatMulCommon_MatMulV2,MatMulV2,dynamic,AI_CORE,1790613010633684.536	,19.301,151.340000,22,0,NO,"""1,896;9728,896""",DT_BF16;DT_BF16,ND;ND,"""1,9728""",DT_BF16,ND,N/A
0,4294967295,4567,46,SwiGlu,SwiGlu,dynamic,AI_VECTOR_CORE,1790613010633807.661	,2.860,103.949000,1,0,NO,"""1,9728""",DT_BF16,ND,"""1,4864""",DT_BF16,ND,N/A
0,4294967295,4568,46,aclnnMatmul_MatMulCommon_MatMulV2,MatMulV2,dynamic,AI_CORE,1790613010633944.007	,16.920,133.390000,19,0,NO,"""1,4864;896,4864""",DT_BF16;DT_BF16,ND;ND,"""1,896""",DT_BF16,ND,N/A
0,4294967295,4569,46,AddRmsNormBias,AddRmsNormBias,dynamic,AI_VECTOR_CORE,1790613010634115.473	,1.680,154.580000,1,0,NO,"""1,896;1,896;896;""",DT_BF16;DT_BF16;DT_BF16;DT_UNDEFINED,ND;ND;ND;NULL,"""1,896;1,1;1,896""",DT_BF16;FLOAT;DT_BF16,ND;ND;ND,N/A
0,4294967295,4570,46,aclnnAddmm_CastAiCore_Cast,Cast,dynamic,AI_VECTOR_CORE,1790613010634271.680	,1.160,154.570000,2,0,NO,"""1152""",DT_BF16,ND,"""1152""",FLOAT,ND,N/A
0,4294967295,4571,46,aclnnAddmm_MatMulCommon_MatMulV2,MatMulV2,dynamic,AI_CORE,1790613010634274.840	,7.820,1.840000,24,0,NO,"""1,896;1152,896;1152""",DT_BF16;DT_BF16;FLOAT,ND;ND;ND,"""1,1152""",DT_BF16,ND,N/A
0,4294967295,4572,46,_triton_rope,_triton_rope,static,AI_VECTOR_CORE,1790613010635133.194	,3.340,850.680000,1,0,YES,"""1,14,64;1,2,64;32768,64""",DT_BF16;32590;DT_BF16,ND;ND;ND,"""1,14,64;1,2,64""",DT_BF16;32590,ND;ND,N/A
0,4294967295,4573,46,ReshapeAndCacheNdKernel,ReshapeAndCacheNdKernel,dynamic,AI_VECTOR_CORE,1790613010635808.341	,1.960,671.660000,1,0,NO,"""1,2,64;1,2,64;11823,128,2,64;11823,128,2,64;1""",DT_BF16;DT_BF16;DT_BF16;DT_BF16;INT32,ND;ND;ND;ND;ND,"""11823,128,2,64;11823,128,2,64""",DT_BF16;DT_BF16,ND;ND,N/A
0,4294967295,4574,46,FusedInferAttentionScore,FusedInferAttentionScore,dynamic,MIX_AIC,1790613010636264.099	,16.341,453.790000,24,48,NO,"""1,14,64;11823,128,128;11823,128,128;;2048,2048;1;1;;;;;;;;1,2;;;;;;;;;;;;;;;;""",DT_BF16;DT_BF16;DT_BF16;DT_UNDEFINED;INT8;INT64;INT64;DT_UNDEFINED;DT_UNDEFINED;DT_UNDEFINED;DT_UNDEFINED;DT_UNDEFINED;DT_UNDEFINED;DT_UNDEFINED;INT32;DT_UNDEFINED;DT_UNDEFINED;DT_UNDEFINED;DT_UNDEFINED;DT_UNDEFINED;DT_UNDEFINED;DT_UNDEFINED;DT_UNDEFINED;DT_UNDEFINED;DT_UNDEFINED;DT_UNDEFINED;DT_UNDEFINED;DT_UNDEFINED;DT_UNDEFINED;DT_UNDEFINED;DT_UNDEFINED,ND;ND;ND;NULL;ND;ND;ND;NULL;NULL;NULL;NULL;NULL;NULL;NULL;ND;NULL;NULL;NULL;NULL;NULL;NULL;NULL;NULL;NULL;NULL;NULL;NULL;NULL;NULL;NULL;NULL,"""1,14,64;""",DT_BF16;FLOAT,ND;ND,0
0,4294967295,4576,46,aclnnMatmul_MatMulCommon_MatMulV2,MatMulV2,dynamic,AI_CORE,1790613010636737.258	,5.481,456.909000,19,0,NO,"""1,896;896,896""",DT_BF16;DT_BF16,ND;ND,"""1,896""",DT_BF16,ND,N/A
0,4294967295,4577,46,AddRmsNormBias,AddRmsNormBias,dynamic,AI_VECTOR_CORE,1790613010636907.905	,1.640,165.269000,1,0,NO,"""1,896;1,896;896;""",DT_BF16;DT_BF16;DT_BF16;DT_UNDEFINED,ND;ND;ND;NULL,"""1,896;1,1;1,896""",DT_BF16;FLOAT;DT_BF16,ND;ND;ND,N/A
0,4294967295,4578,46,aclnnMatmul_MatMulCommon_MatMulV2,MatMulV2,dynamic,AI_CORE,1790613010637058.951	,19.721,149.360000,22,0,NO,"""1,896;9728,896""",DT_BF16;DT_BF16,ND;ND,"""1,9728""",DT_BF16,ND,N/A
0,4294967295,4579,46,SwiGlu,SwiGlu,dynamic,AI_VECTOR_CORE,1790613010637194.897	,2.900,116.279000,1,0,NO,"""1,9728""",DT_BF16,ND,"""1,4864""",DT_BF16,ND,N/A
0,4294967295,4580,46,aclnnMatmul_MatMulCommon_MatMulV2,MatMulV2,dynamic,AI_CORE,1790613010637344.443	,16.260,146.600000,19,0,NO,"""1,4864;896,4864""",DT_BF16;DT_BF16,ND;ND,"""1,896""",DT_BF16,ND,N/A
0,4294967295,4581,46,AddRmsNormBias,AddRmsNormBias,dynamic,AI_VECTOR_CORE,1790613010637521.230	,1.800,160.490000,1,0,NO,"""1,896;1,896;896;""",DT_BF16;DT_BF16;DT_BF16;DT_UNDEFINED,ND;ND;ND;NULL,"""1,896;1,1;1,896""",DT_BF16;FLOAT;DT_BF16,ND;ND;ND,N/A
0,4294967295,4582,46,aclnnAddmm_CastAiCore_Cast,Cast,dynamic,AI_VECTOR_CORE,1790613010637676.036	,1.260,152.950000,2,0,NO,"""1152""",DT_BF16,ND,"""1152""",FLOAT,ND,N/A
0,4294967295,4583,46,aclnnAddmm_MatMulCommon_MatMulV2,MatMulV2,dynamic,AI_CORE,1790613010637679.256	,7.340,1.990000,24,0,NO,"""1,896;1152,896;1152""",DT_BF16;DT_BF16;FLOAT,ND;ND;ND,"""1,1152""",DT_BF16,ND,N/A
0,4294967295,4584,46,_triton_rope,_triton_rope,static,AI_VECTOR_CORE,1790613010638533.050	,2.820,846.410000,1,0,YES,"""1,14,64;1,2,64;32768,64""",DT_BF16;32590;DT_BF16,ND;ND;ND,"""1,14,64;1,2,64""",DT_BF16;32590,ND;ND,N/A
0,4294967295,4585,46,ReshapeAndCacheNdKernel,ReshapeAndCacheNdKernel,dynamic,AI_VECTOR_CORE,1790613010639198.477	,2.380,662.680000,1,0,NO,"""1,2,64;1,2,64;11823,128,2,64;11823,128,2,64;1""",DT_BF16;DT_BF16;DT_BF16;DT_BF16;INT32,ND;ND;ND;ND;ND,"""11823,128,2,64;11823,128,2,64""",DT_BF16;DT_BF16,ND;ND,N/A
0,4294967295,4586,46,FusedInferAttentionScore,FusedInferAttentionScore,dynamic,MIX_AIC,1790613010639644.455	,23.200,443.620000,24,48,NO,"""1,14,64;11823,128,128;11823,128,128;;2048,2048;1;1;;;;;;;;1,2;;;;;;;;;;;;;;;;""",DT_BF16;DT_BF16;DT_BF16;DT_UNDEFINED;INT8;INT64;INT64;DT_UNDEFINED;DT_UNDEFINED;DT_UNDEFINED;DT_UNDEFINED;DT_UNDEFINED;DT_UNDEFINED;DT_UNDEFINED;INT32;DT_UNDEFINED;DT_UNDEFINED;DT_UNDEFINED;DT_UNDEFINED;DT_UNDEFINED;DT_UNDEFINED;DT_UNDEFINED;DT_UNDEFINED;DT_UNDEFINED;DT_UNDEFINED;DT_UNDEFINED;DT_UNDEFINED;DT_UNDEFINED;DT_UNDEFINED;DT_UNDEFINED;DT_UNDEFINED,ND;ND;ND;NULL;ND;ND;ND;NULL;NULL;NULL;NULL;NULL;NULL;NULL;ND;NULL;NULL;NULL;NULL;NULL;NULL;NULL;NULL;NULL;NULL;NULL;NULL;NULL;NULL;NULL;NULL,"""1,14,64;""",DT_BF16;FLOAT,ND;ND,0
0,4294967295,4588,46,aclnnMatmul_MatMulCommon_MatMulV2,MatMulV2,dynamic,AI_CORE,1790613010640141.294	,5.461,473.550000,19,0,NO,"""1,896;896,896""",DT_BF16;DT_BF16,ND;ND,"""1,896""",DT_BF16,ND,N/A
0,4294967295,4589,46,AddRmsNormBias,AddRmsNormBias,dynamic,AI_VECTOR_CORE,1790613010640317.281	,1.700,170.539000,1,0,NO,"""1,896;1,896;896;""",DT_BF16;DT_BF16;DT_BF16;DT_UNDEFINED,ND;ND;ND;NULL,"""1,896;1,1;1,896""",DT_BF16;FLOAT;DT_BF16,ND;ND;ND,N/A
0,4294967295,4590,46,aclnnMatmul_MatMulCommon_MatMulV2,MatMulV2,dynamic,AI_CORE,1790613010640471.348	,19.200,152.300000,22,0,NO,"""1,896;9728,896""",DT_BF16;DT_BF16,ND;ND,"""1,9728""",DT_BF16,ND,N/A
0,4294967295,4591,46,SwiGlu,SwiGlu,dynamic,AI_VECTOR_CORE,1790613010640594.633	,3.000,104.300000,1,0,NO,"""1,9728""",DT_BF16,ND,"""1,4864""",DT_BF16,ND,N/A
0,4294967295,4592,46,aclnnMatmul_MatMulCommon_MatMulV2,MatMulV2,dynamic,AI_CORE,1790613010640728.778	,16.441,131.000000,19,0,NO,"""1,4864;896,4864""",DT_BF16;DT_BF16,ND;ND,"""1,896""",DT_BF16,ND,N/A
0,4294967295,4593,46,AddRmsNormBias,AddRmsNormBias,dynamic,AI_VECTOR_CORE,1790613010640900.725	,1.680,155.559000,1,0,NO,"""1,896;1,896;896;""",DT_BF16;DT_BF16;DT_BF16;DT_UNDEFINED,ND;ND;ND;NULL,"""1,896;1,1;1,896""",DT_BF16;FLOAT;DT_BF16,ND;ND;ND,N/A
0,4294967295,4594,46,aclnnAddmm_CastAiCore_Cast,Cast,dynamic,AI_VECTOR_CORE,1790613010641070.571	,1.181,168.070000,2,0,NO,"""1152""",DT_BF16,ND,"""1152""",FLOAT,ND,N/A
0,4294967295,4595,46,aclnnAddmm_MatMulCommon_MatMulV2,MatMulV2,dynamic,AI_CORE,1790613010641073.212	,7.660,1.569000,24,0,NO,"""1,896;1152,896;1152""",DT_BF16;DT_BF16;FLOAT,ND;ND;ND,"""1,1152""",DT_BF16,ND,N/A
0,4294967295,4596,46,_triton_rope,_triton_rope,static,AI_VECTOR_CORE,1790613010641945.767	,2.860,864.840000,1,0,YES,"""1,14,64;1,2,64;32768,64""",DT_BF16;32590;DT_BF16,ND;ND;ND,"""1,14,64;1,2,64""",DT_BF16;32590,ND;ND,N/A
0,4294967295,4597,46,ReshapeAndCacheNdKernel,ReshapeAndCacheNdKernel,dynamic,AI_VECTOR_CORE,1790613010642622.934	,1.800,674.390000,1,0,NO,"""1,2,64;1,2,64;11823,128,2,64;11823,128,2,64;1""",DT_BF16;DT_BF16;DT_BF16;DT_BF16;INT32,ND;ND;ND;ND;ND,"""11823,128,2,64;11823,128,2,64""",DT_BF16;DT_BF16,ND;ND,N/A
0,4294967295,4598,46,FusedInferAttentionScore,FusedInferAttentionScore,dynamic,MIX_AIC,1790613010643066.351	,22.501,441.450000,24,48,NO,"""1,14,64;11823,128,128;11823,128,128;;2048,2048;1;1;;;;;;;;1,2;;;;;;;;;;;;;;;;""",DT_BF16;DT_BF16;DT_BF16;DT_UNDEFINED;INT8;INT64;INT64;DT_UNDEFINED;DT_UNDEFINED;DT_UNDEFINED;DT_UNDEFINED;DT_UNDEFINED;DT_UNDEFINED;DT_UNDEFINED;INT32;DT_UNDEFINED;DT_UNDEFINED;DT_UNDEFINED;DT_UNDEFINED;DT_UNDEFINED;DT_UNDEFINED;DT_UNDEFINED;DT_UNDEFINED;DT_UNDEFINED;DT_UNDEFINED;DT_UNDEFINED;DT_UNDEFINED;DT_UNDEFINED;DT_UNDEFINED;DT_UNDEFINED;DT_UNDEFINED,ND;ND;ND;NULL;ND;ND;ND;NULL;NULL;NULL;NULL;NULL;NULL;NULL;ND;NULL;NULL;NULL;NULL;NULL;NULL;NULL;NULL;NULL;NULL;NULL;NULL;NULL;NULL;NULL;NULL,"""1,14,64;""",DT_BF16;FLOAT,ND;ND,0
0,4294967295,4600,46,aclnnMatmul_MatMulCommon_MatMulV2,MatMulV2,dynamic,AI_CORE,1790613010643538.350	,5.640,449.499000,19,0,NO,"""1,896;896,896""",DT_BF16;DT_BF16,ND;ND,"""1,896""",DT_BF16,ND,N/A
0,4294967295,4601,46,AddRmsNormBias,AddRmsNormBias,dynamic,AI_VECTOR_CORE,1790613010643713.437	,1.700,169.610000,1,0,NO,"""1,896;1,896;896;""",DT_BF16;DT_BF16;DT_BF16;DT_UNDEFINED,ND;ND;ND;NULL,"""1,896;1,1;1,896""",DT_BF16;FLOAT;DT_BF16,ND;ND;ND,N/A
0,4294967295,4602,46,aclnnMatmul_MatMulCommon_MatMulV2,MatMulV2,dynamic,AI_CORE,1790613010643868.383	,19.881,153.300000,22,0,NO,"""1,896;9728,896""",DT_BF16;DT_BF16,ND;ND,"""1,9728""",DT_BF16,ND,N/A
0,4294967295,4603,46,SwiGlu,SwiGlu,dynamic,AI_VECTOR_CORE,1790613010643991.748	,3.141,103.369000,1,0,NO,"""1,9728""",DT_BF16,ND,"""1,4864""",DT_BF16,ND,N/A
0,4294967295,4604,46,aclnnMatmul_MatMulCommon_MatMulV2,MatMulV2,dynamic,AI_CORE,1790613010644134.754	,16.601,139.859000,19,0,NO,"""1,4864;896,4864""",DT_BF16;DT_BF16,ND;ND,"""1,896""",DT_BF16,ND,N/A
0,4294967295,4605,46,AddRmsNormBias,AddRmsNormBias,dynamic,AI_VECTOR_CORE,1790613010644305.541	,1.820,154.149000,1,0,NO,"""1,896;1,896;896;""",DT_BF16;DT_BF16;DT_BF16;DT_UNDEFINED,ND;ND;ND;NULL,"""1,896;1,1;1,896""",DT_BF16;FLOAT;DT_BF16,ND;ND;ND,N/A
0,4294967295,4606,46,aclnnAddmm_CastAiCore_Cast,Cast,dynamic,AI_VECTOR_CORE,1790613010644453.487	,1.420,146.180000,2,0,NO,"""1152""",DT_BF16,ND,"""1152""",FLOAT,ND,N/A
0,4294967295,4607,46,aclnnAddmm_MatMulCommon_MatMulV2,MatMulV2,dynamic,AI_CORE,1790613010644455.907	,7.860,1.080000,24,0,NO,"""1,896;1152,896;1152""",DT_BF16;DT_BF16;FLOAT,ND;ND;ND,"""1,1152""",DT_BF16,ND,N/A
0,4294967295,4608,46,_triton_rope,_triton_rope,static,AI_VECTOR_CORE,1790613010645342.802	,2.841,878.890000,1,0,YES,"""1,14,64;1,2,64;32768,64""",DT_BF16;32590;DT_BF16,ND;ND;ND,"""1,14,64;1,2,64""",DT_BF16;32590,ND;ND,N/A
0,4294967295,4609,46,ReshapeAndCacheNdKernel,ReshapeAndCacheNdKernel,dynamic,AI_VECTOR_CORE,1790613010646009.889	,1.640,664.409000,1,0,NO,"""1,2,64;1,2,64;11823,128,2,64;11823,128,2,64;1""",DT_BF16;DT_BF16;DT_BF16;DT_BF16;INT32,ND;ND;ND;ND;ND,"""11823,128,2,64;11823,128,2,64""",DT_BF16;DT_BF16,ND;ND,N/A
0,4294967295,4610,46,FusedInferAttentionScore,FusedInferAttentionScore,dynamic,MIX_AIC,1790613010646465.067	,19.241,453.360000,24,48,NO,"""1,14,64;11823,128,128;11823,128,128;;2048,2048;1;1;;;;;;;;1,2;;;;;;;;;;;;;;;;""",DT_BF16;DT_BF16;DT_BF16;DT_UNDEFINED;INT8;INT64;INT64;DT_UNDEFINED;DT_UNDEFINED;DT_UNDEFINED;DT_UNDEFINED;DT_UNDEFINED;DT_UNDEFINED;DT_UNDEFINED;INT32;DT_UNDEFINED;DT_UNDEFINED;DT_UNDEFINED;DT_UNDEFINED;DT_UNDEFINED;DT_UNDEFINED;DT_UNDEFINED;DT_UNDEFINED;DT_UNDEFINED;DT_UNDEFINED;DT_UNDEFINED;DT_UNDEFINED;DT_UNDEFINED;DT_UNDEFINED;DT_UNDEFINED;DT_UNDEFINED,ND;ND;ND;NULL;ND;ND;ND;NULL;NULL;NULL;NULL;NULL;NULL;NULL;ND;NULL;NULL;NULL;NULL;NULL;NULL;NULL;NULL;NULL;NULL;NULL;NULL;NULL;NULL;NULL;NULL,"""1,14,64;""",DT_BF16;FLOAT,ND;ND,0
0,4294967295,4612,46,aclnnMatmul_MatMulCommon_MatMulV2,MatMulV2,dynamic,AI_CORE,1790613010646922.205	,5.541,438.009000,19,0,NO,"""1,896;896,896""",DT_BF16;DT_BF16,ND;ND,"""1,896""",DT_BF16,ND,N/A
0,4294967295,4613,46,AddRmsNormBias,AddRmsNormBias,dynamic,AI_VECTOR_CORE,1790613010647100.173	,1.680,172.459000,1,0,NO,"""1,896;1,896;896;""",DT_BF16;DT_BF16;DT_BF16;DT_UNDEFINED,ND;ND;ND;NULL,"""1,896;1,1;1,896""",DT_BF16;FLOAT;DT_BF16,ND;ND;ND,N/A
0,4294967295,4614,46,aclnnMatmul_MatMulCommon_MatMulV2,MatMulV2,dynamic,AI_CORE,1790613010647256.619	,19.201,154.570000,22,0,NO,"""1,896;9728,896""",DT_BF16;DT_BF16,ND;ND,"""1,9728""",DT_BF16,ND,N/A
0,4294967295,4615,46,SwiGlu,SwiGlu,dynamic,AI_VECTOR_CORE,1790613010647378.524	,2.920,102.799000,1,0,NO,"""1,9728""",DT_BF16,ND,"""1,4864""",DT_BF16,ND,N/A
0,4294967295,4616,46,aclnnMatmul_MatMulCommon_MatMulV2,MatMulV2,dynamic,AI_CORE,1790613010647514.029	,16.561,132.580000,19,0,NO,"""1,4864;896,4864""",DT_BF16;DT_BF16,ND;ND,"""1,896""",DT_BF16,ND,N/A
0,4294967295,4617,46,AddRmsNormBias,AddRmsNormBias,dynamic,AI_VECTOR_CORE,1790613010647687.256	,1.680,156.689000,1,0,NO,"""1,896;1,896;896;""",DT_BF16;DT_BF16;DT_BF16;DT_UNDEFINED,ND;ND;ND;NULL,"""1,896;1,1;1,896""",DT_BF16;FLOAT;DT_BF16,ND;ND;ND,N/A
0,4294967295,4618,46,aclnnAddmm_CastAiCore_Cast,Cast,dynamic,AI_VECTOR_CORE,1790613010647838.442	,1.180,149.570000,2,0,NO,"""1152""",DT_BF16,ND,"""1152""",FLOAT,ND,N/A
0,4294967295,4619,46,aclnnAddmm_MatMulCommon_MatMulV2,MatMulV2,dynamic,AI_CORE,1790613010647840.942	,7.801,1.320000,24,0,NO,"""1,896;1152,896;1152""",DT_BF16;DT_BF16;FLOAT,ND;ND;ND,"""1,1152""",DT_BF16,ND,N/A
0,4294967295,4620,46,_triton_rope,_triton_rope,static,AI_VECTOR_CORE,1790613010648710.257	,3.100,861.449000,1,0,YES,"""1,14,64;1,2,64;32768,64""",DT_BF16;32590;DT_BF16,ND;ND;ND,"""1,14,64;1,2,64""",DT_BF16;32590,ND;ND,N/A
0,4294967295,4621,46,ReshapeAndCacheNdKernel,ReshapeAndCacheNdKernel,dynamic,AI_VECTOR_CORE,1790613010649404.425	,2.100,691.150000,1,0,NO,"""1,2,64;1,2,64;11823,128,2,64;11823,128,2,64;1""",DT_BF16;DT_BF16;DT_BF16;DT_BF16;INT32,ND;ND;ND;ND;ND,"""11823,128,2,64;11823,128,2,64""",DT_BF16;DT_BF16,ND;ND,N/A
0,4294967295,4622,46,FusedInferAttentionScore,FusedInferAttentionScore,dynamic,MIX_AIC,1790613010649863.123	,19.001,456.400000,24,48,NO,"""1,14,64;11823,128,128;11823,128,128;;2048,2048;1;1;;;;;;;;1,2;;;;;;;;;;;;;;;;""",DT_BF16;DT_BF16;DT_BF16;DT_UNDEFINED;INT8;INT64;INT64;DT_UNDEFINED;DT_UNDEFINED;DT_UNDEFINED;DT_UNDEFINED;DT_UNDEFINED;DT_UNDEFINED;DT_UNDEFINED;INT32;DT_UNDEFINED;DT_UNDEFINED;DT_UNDEFINED;DT_UNDEFINED;DT_UNDEFINED;DT_UNDEFINED;DT_UNDEFINED;DT_UNDEFINED;DT_UNDEFINED;DT_UNDEFINED;DT_UNDEFINED;DT_UNDEFINED;DT_UNDEFINED;DT_UNDEFINED;DT_UNDEFINED;DT_UNDEFINED,ND;ND;ND;NULL;ND;ND;ND;NULL;NULL;NULL;NULL;NULL;NULL;NULL;ND;NULL;NULL;NULL;NULL;NULL;NULL;NULL;NULL;NULL;NULL;NULL;NULL;NULL;NULL;NULL;NULL,"""1,14,64;""",DT_BF16;FLOAT,ND;ND,0
0,4294967295,4624,46,aclnnMatmul_MatMulCommon_MatMulV2,MatMulV2,dynamic,AI_CORE,1790613010650341.942	,5.420,459.999000,19,0,NO,"""1,896;896,896""",DT_BF16;DT_BF16,ND;ND,"""1,896""",DT_BF16,ND,N/A
0,4294967295,4625,46,AddRmsNormBias,AddRmsNormBias,dynamic,AI_VECTOR_CORE,1790613010650514.749	,1.720,167.330000,1,0,NO,"""1,896;1,896;896;""",DT_BF16;DT_BF16;DT_BF16;DT_UNDEFINED,ND;ND;ND;NULL,"""1,896;1,1;1,896""",DT_BF16;FLOAT;DT_BF16,ND;ND;ND,N/A
0,4294967295,4626,46,aclnnMatmul_MatMulCommon_MatMulV2,MatMulV2,dynamic,AI_CORE,1790613010650673.415	,18.981,157.030000,22,0,NO,"""1,896;9728,896""",DT_BF16;DT_BF16,ND;ND,"""1,9728""",DT_BF16,ND,N/A
0,4294967295,4627,46,SwiGlu,SwiGlu,dynamic,AI_VECTOR_CORE,1790613010650794.320	,3.020,101.769000,1,0,NO,"""1,9728""",DT_BF16,ND,"""1,4864""",DT_BF16,ND,N/A
0,4294967295,4628,46,aclnnMatmul_MatMulCommon_MatMulV2,MatMulV2,dynamic,AI_CORE,1790613010650928.226	,16.280,130.980000,19,0,NO,"""1,4864;896,4864""",DT_BF16;DT_BF16,ND;ND,"""1,896""",DT_BF16,ND,N/A
0,4294967295,4629,46,AddRmsNormBias,AddRmsNormBias,dynamic,AI_VECTOR_CORE,1790613010651106.293	,1.760,161.720000,1,0,NO,"""1,896;1,896;896;""",DT_BF16;DT_BF16;DT_BF16;DT_UNDEFINED,ND;ND;ND;NULL,"""1,896;1,1;1,896""",DT_BF16;FLOAT;DT_BF16,ND;ND;ND,N/A
0,4294967295,4630,46,aclnnAddmm_CastAiCore_Cast,Cast,dynamic,AI_VECTOR_CORE,1790613010651265.599	,1.140,157.490000,2,0,NO,"""1152""",DT_BF16,ND,"""1152""",FLOAT,ND,N/A
0,4294967295,4631,46,aclnnAddmm_MatMulCommon_MatMulV2,MatMulV2,dynamic,AI_CORE,1790613010651268.659	,7.340,2.110000,24,0,NO,"""1,896;1152,896;1152""",DT_BF16;DT_BF16;FLOAT,ND;ND;ND,"""1,1152""",DT_BF16,ND,N/A
0,4294967295,4632,46,_triton_rope,_triton_rope,static,AI_VECTOR_CORE,1790613010652137.174	,2.980,861.160000,1,0,YES,"""1,14,64;1,2,64;32768,64""",DT_BF16;32590;DT_BF16,ND;ND;ND,"""1,14,64;1,2,64""",DT_BF16;32590,ND;ND,N/A
0,4294967295,4633,46,ReshapeAndCacheNdKernel,ReshapeAndCacheNdKernel,dynamic,AI_VECTOR_CORE,1790613010652809.001	,1.940,668.770000,1,0,NO,"""1,2,64;1,2,64;11823,128,2,64;11823,128,2,64;1""",DT_BF16;DT_BF16;DT_BF16;DT_BF16;INT32,ND;ND;ND;ND;ND,"""11823,128,2,64;11823,128,2,64""",DT_BF16;DT_BF16,ND;ND,N/A
0,4294967295,4634,46,FusedInferAttentionScore,FusedInferAttentionScore,dynamic,MIX_AIC,1790613010653277.319	,17.901,466.310000,24,48,NO,"""1,14,64;11823,128,128;11823,128,128;;2048,2048;1;1;;;;;;;;1,2;;;;;;;;;;;;;;;;""",DT_BF16;DT_BF16;DT_BF16;DT_UNDEFINED;INT8;INT64;INT64;DT_UNDEFINED;DT_UNDEFINED;DT_UNDEFINED;DT_UNDEFINED;DT_UNDEFINED;DT_UNDEFINED;DT_UNDEFINED;INT32;DT_UNDEFINED;DT_UNDEFINED;DT_UNDEFINED;DT_UNDEFINED;DT_UNDEFINED;DT_UNDEFINED;DT_UNDEFINED;DT_UNDEFINED;DT_UNDEFINED;DT_UNDEFINED;DT_UNDEFINED;DT_UNDEFINED;DT_UNDEFINED;DT_UNDEFINED;DT_UNDEFINED;DT_UNDEFINED,ND;ND;ND;NULL;ND;ND;ND;NULL;NULL;NULL;NULL;NULL;NULL;NULL;ND;NULL;NULL;NULL;NULL;NULL;NULL;NULL;NULL;NULL;NULL;NULL;NULL;NULL;NULL;NULL;NULL,"""1,14,64;""",DT_BF16;FLOAT,ND;ND,0
0,4294967295,4636,46,aclnnMatmul_MatMulCommon_MatMulV2,MatMulV2,dynamic,AI_CORE,1790613010653780.420	,5.420,485.349000,19,0,NO,"""1,896;896,896""",DT_BF16;DT_BF16,ND;ND,"""1,896""",DT_BF16,ND,N/A
0,4294967295,4637,46,AddRmsNormBias,AddRmsNormBias,dynamic,AI_VECTOR_CORE,1790613010653955.027	,2.140,169.080000,1,0,NO,"""1,896;1,896;896;""",DT_BF16;DT_BF16;DT_BF16;DT_UNDEFINED,ND;ND;ND;NULL,"""1,896;1,1;1,896""",DT_BF16;FLOAT;DT_BF16,ND;ND;ND,N/A
0,4294967295,4638,46,aclnnMatmul_MatMulCommon_MatMulV2,MatMulV2,dynamic,AI_CORE,1790613010654111.653	,19.101,154.610000,22,0,NO,"""1,896;9728,896""",DT_BF16;DT_BF16,ND;ND,"""1,9728""",DT_BF16,ND,N/A
0,4294967295,4639,46,SwiGlu,SwiGlu,dynamic,AI_VECTOR_CORE,1790613010654233.538	,4.160,102.649000,1,0,NO,"""1,9728""",DT_BF16,ND,"""1,4864""",DT_BF16,ND,N/A
0,4294967295,4640,46,aclnnMatmul_MatMulCommon_MatMulV2,MatMulV2,dynamic,AI_CORE,1790613010654378.684	,16.640,141.090000,19,0,NO,"""1,4864;896,4864""",DT_BF16;DT_BF16,ND;ND,"""1,896""",DT_BF16,ND,N/A
0,4294967295,4641,46,AddRmsNormBias,AddRmsNormBias,dynamic,AI_VECTOR_CORE,1790613010654557.611	,1.680,162.110000,1,0,NO,"""1,896;1,896;896;""",DT_BF16;DT_BF16;DT_BF16;DT_UNDEFINED,ND;ND;ND;NULL,"""1,896;1,1;1,896""",DT_BF16;FLOAT;DT_BF16,ND;ND;ND,N/A
0,4294967295,4642,46,aclnnAddmm_CastAiCore_Cast,Cast,dynamic,AI_VECTOR_CORE,1790613010654714.997	,1.240,155.820000,2,0,NO,"""1152""",DT_BF16,ND,"""1152""",FLOAT,ND,N/A
0,4294967295,4643,46,aclnnAddmm_MatMulCommon_MatMulV2,MatMulV2,dynamic,AI_CORE,1790613010654717.397	,7.620,1.260000,24,0,NO,"""1,896;1152,896;1152""",DT_BF16;DT_BF16;FLOAT,ND;ND;ND,"""1,1152""",DT_BF16,ND,N/A
0,4294967295,4644,46,_triton_rope,_triton_rope,static,AI_VECTOR_CORE,1790613010655572.131	,2.980,847.130000,1,0,YES,"""1,14,64;1,2,64;32768,64""",DT_BF16;32590;DT_BF16,ND;ND;ND,"""1,14,64;1,2,64""",DT_BF16;32590,ND;ND,N/A
0,4294967295,4645,46,ReshapeAndCacheNdKernel,ReshapeAndCacheNdKernel,dynamic,AI_VECTOR_CORE,1790613010656238.838	,1.640,663.520000,1,0,NO,"""1,2,64;1,2,64;11823,128,2,64;11823,128,2,64;1""",DT_BF16;DT_BF16;DT_BF16;DT_BF16;INT32,ND;ND;ND;ND;ND,"""11823,128,2,64;11823,128,2,64""",DT_BF16;DT_BF16,ND;ND,N/A
0,4294967295,4646,46,FusedInferAttentionScore,FusedInferAttentionScore,dynamic,MIX_AIC,1790613010656701.777	,21.540,461.360000,24,48,NO,"""1,14,64;11823,128,128;11823,128,128;;2048,2048;1;1;;;;;;;;1,2;;;;;;;;;;;;;;;;""",DT_BF16;DT_BF16;DT_BF16;DT_UNDEFINED;INT8;INT64;INT64;DT_UNDEFINED;DT_UNDEFINED;DT_UNDEFINED;DT_UNDEFINED;DT_UNDEFINED;DT_UNDEFINED;DT_UNDEFINED;INT32;DT_UNDEFINED;DT_UNDEFINED;DT_UNDEFINED;DT_UNDEFINED;DT_UNDEFINED;DT_UNDEFINED;DT_UNDEFINED;DT_UNDEFINED;DT_UNDEFINED;DT_UNDEFINED;DT_UNDEFINED;DT_UNDEFINED;DT_UNDEFINED;DT_UNDEFINED;DT_UNDEFINED;DT_UNDEFINED,ND;ND;ND;NULL;ND;ND;ND;NULL;NULL;NULL;NULL;NULL;NULL;NULL;ND;NULL;NULL;NULL;NULL;NULL;NULL;NULL;NULL;NULL;NULL;NULL;NULL;NULL;NULL;NULL;NULL,"""1,14,64;""",DT_BF16;FLOAT,ND;ND,0
0,4294967295,4648,46,aclnnMatmul_MatMulCommon_MatMulV2,MatMulV2,dynamic,AI_CORE,1790613010657173.215	,5.660,449.960000,19,0,NO,"""1,896;896,896""",DT_BF16;DT_BF16,ND;ND,"""1,896""",DT_BF16,ND,N/A
0,4294967295,4649,46,AddRmsNormBias,AddRmsNormBias,dynamic,AI_VECTOR_CORE,1790613010657352.803	,1.780,173.840000,1,0,NO,"""1,896;1,896;896;""",DT_BF16;DT_BF16;DT_BF16;DT_UNDEFINED,ND;ND;ND;NULL,"""1,896;1,1;1,896""",DT_BF16;FLOAT;DT_BF16,ND;ND;ND,N/A
0,4294967295,4650,46,aclnnMatmul_MatMulCommon_MatMulV2,MatMulV2,dynamic,AI_CORE,1790613010657522.589	,19.541,167.970000,22,0,NO,"""1,896;9728,896""",DT_BF16;DT_BF16,ND;ND,"""1,9728""",DT_BF16,ND,N/A
0,4294967295,4651,46,SwiGlu,SwiGlu,dynamic,AI_VECTOR_CORE,1790613010657653.515	,2.960,111.459000,1,0,NO,"""1,9728""",DT_BF16,ND,"""1,4864""",DT_BF16,ND,N/A
0,4294967295,4652,46,aclnnMatmul_MatMulCommon_MatMulV2,MatMulV2,dynamic,AI_CORE,1790613010657793.360	,16.581,136.790000,19,0,NO,"""1,4864;896,4864""",DT_BF16;DT_BF16,ND;ND,"""1,896""",DT_BF16,ND,N/A
0,4294967295,4653,46,AddRmsNormBias,AddRmsNormBias,dynamic,AI_VECTOR_CORE,1790613010657968.827	,1.680,158.919000,1,0,NO,"""1,896;1,896;896;""",DT_BF16;DT_BF16;DT_BF16;DT_UNDEFINED,ND;ND;ND;NULL,"""1,896;1,1;1,896""",DT_BF16;FLOAT;DT_BF16,ND;ND;ND,N/A
0,4294967295,4654,46,aclnnIndex_IndexAiCore_Index,Index,dynamic,AI_VECTOR_CORE,1790613010658169.615	,9.440,199.070000,48,0,NO,"""1,896;1;2;1""",DT_BF16;INT64;INT64;INT32,ND;ND;ND;ND,"""1,896""",DT_BF16,ND,N/A
0,4294967295,4655,46,aclnnMatmul_MatMulCommon_MatMulV2,MatMulV2,dynamic,AI_CORE,1790613010658227.997	,217.649,49.060000,24,0,NO,"""1,896;151936,896""",DT_BF16;DT_BF16,ND;ND,"""1,151936""",DT_BF16,ND,N/A
0,4294967295,4656,46,aclnnInplaceCopy_CastAiCore_Cast,Cast,dynamic,AI_VECTOR_CORE,1790613010658782.740	,8.880,337.101000,48,0,NO,"""1,151936""",DT_BF16,ND,"""1,151936""",FLOAT,ND,N/A
0,4294967295,4657,46,aclnnLogSoftmax_LogSoftmaxAiCore_LogSoftmaxV2,LogSoftmaxV2,dynamic,AI_VECTOR_CORE,1790613010658791.660	,47.922,0.120000,1,0,NO,"""1,151936""",FLOAT,ND,"""1,151936""",FLOAT,ND,N/A
0,4294967295,4658,46,aclnnInplaceCopy_CastAiCore_Cast,Cast,dynamic,AI_VECTOR_CORE,1790613010658839.602	,2.660,0.000000,48,0,NO,"""1,151936""",DT_BF16,ND,"""1,151936""",FLOAT,ND,N/A
0,4294967295,4661,46,aclnnEqScalar_EqualAiCore_Equal,Equal,dynamic,AI_VECTOR_CORE,1790613010659103.393	,1.980,261.340000,1,0,NO,"""1,2;""",INT64;INT64,ND;ND,"""1,2""",BOOL,ND,N/A
0,4294967295,4662,46,aclnnInplaceMaskedFillScalar_MaskedFillAiCpu_MaskedFill,MaskedFill,dynamic,AI_CPU,1790613010659114.093	,48.102,8.520000,0,0,NO,"""1,2;1,2;""",INT64;BOOL;INT64,ND;ND;ND,"""1,2""",INT64,ND,N/A
0,4294967295,4663,46,aclnnInplaceZero_ZerosLikeAiCore_ZerosLike,ZerosLike,dynamic,AI_VECTOR_CORE,1790613010659162.215	,9.580,0.148000,48,0,NO,"""1,151936""",INT32,ND,"""1,151936""",INT32,ND,N/A
0,4294967295,4664,46,token_bin_counts_and_mask_kernel,token_bin_counts_and_mask_kernel,static,AI_VECTOR_CORE,1790613010659777.759	,69.603,605.920000,1,0,NO,"""1,10;1,151936""",INT64;FLOAT,ND;ND,"""1,151936""",FLOAT,ND,N/A
0,4294967295,4665,46,aclnnGtScalar_CastAiCore_Cast,Cast,dynamic,AI_VECTOR_CORE,1790613010660018.909	,8.640,171.647000,48,0,NO,"""1,151936""",INT32,ND,"""1,151936""",INT64,ND,N/A
0,4294967295,4666,46,aclnnGtScalar_GreaterAiCore_Greater,Greater,dynamic,AI_VECTOR_CORE,1790613010660027.589	,15.081,0.000000,48,0,NO,"""1,151936;""",INT64;INT64,ND;ND,"""1,151936""",BOOL,ND,N/A
0,4294967295,4667,46,aclnnInplaceZero_ZerosLikeAiCore_ZerosLike,ZerosLike,dynamic,AI_VECTOR_CORE,1790613010660042.710	,2.600,0.169000,48,0,NO,"""1,151936""",INT32,ND,"""1,151936""",INT32,ND,N/A
0,4294967295,4668,46,token_bin_counts_and_mask_kernel,token_bin_counts_and_mask_kernel,static,AI_VECTOR_CORE,1790613010660654.015	,67.042,608.650000,1,0,NO,"""1,2;1,151936""",INT64;FLOAT,ND;ND,"""1,151936""",FLOAT,ND,N/A
0,4294967295,4669,46,aclnnGtScalar_CastAiCore_Cast,Cast,dynamic,AI_VECTOR_CORE,1790613010660882.424	,2.600,161.458000,48,0,NO,"""1,151936""",INT32,ND,"""1,151936""",INT64,ND,N/A
0,4294967295,4670,46,aclnnGtScalar_GreaterAiCore_Greater,Greater,dynamic,AI_VECTOR_CORE,1790613010660885.744	,10.520,0.650000,48,0,NO,"""1,151936;""",INT64;INT64,ND;ND,"""1,151936""",BOOL,ND,N/A
0,4294967295,4671,46,apply_all_penalties_kernel,apply_all_penalties_kernel,static,AI_VECTOR_CORE,1790613010661676.855	,76.243,780.480000,1,0,YES,"""1,151936;1,151936;1,151936;1,151936""",FLOAT;BOOL;BOOL;INT32,ND;ND;ND;ND,"""1,151936""",FLOAT,ND,N/A
0,4294967295,4672,46,aclnnArgMax_ArgMaxV2AiCore_ArgMaxV2,ArgMaxV2,dynamic,AI_VECTOR_CORE,1790613010661967.347	,18.821,214.257000,1,0,NO,"""1,151936;""",FLOAT;INT64,ND;ND,"""1""",INT32,ND,N/A
0,4294967295,4673,46,aclnnArgMax_CastAiCore_Cast,Cast,dynamic,AI_VECTOR_CORE,1790613010661986.188	,1.200,0.179000,1,0,NO,"""1""",INT32,ND,"""1""",INT64,ND,N/A
0,4294967295,4674,46,aclnnTopk_TopkV2AiCore_TopKV2,TopKV2,dynamic,MIX_AIV,1790613010661988.748	,18.321,1.300000,38,0,NO,"""1,151936;""",FLOAT;INT32,ND;ND,"""1,32;1,32""",FLOAT;INT32,ND;ND,0
0,4294967295,4675,46,aclnnTopk_TopkV2AiCore_TopKV2,TopKV2,dynamic,MIX_AIV,1790613010662010.049	,3.400,2.929000,1,0,NO,"""1,32;""",FLOAT;INT32,ND;ND,"""1,1;1,1""",FLOAT;INT32,ND;ND,0
0,4294967295,4676,46,aclnnTopk_GatherElements_GatherElements,GatherElements,dynamic,AI_VECTOR_CORE,1790613010662014.209	,10.440,0.850000,48,0,NO,"""1,32;1,1""",INT32;INT32,ND;ND,"""1,1""",INT32,ND,N/A
0,4294967295,4677,46,aclnnTopk_CastAiCore_Cast,Cast,dynamic,AI_VECTOR_CORE,1790613010662024.669	,0.840,0.060000,1,0,NO,"""1,1""",INT32,ND,"""1,1""",INT64,ND,N/A
0,4294967295,4678,46,aclnnGather_CastAiCore_Cast,Cast,dynamic,AI_VECTOR_CORE,1790613010662025.529	,1.240,0.000000,1,0,NO,"""1,1""",INT64,ND,"""1,1""",INT32,ND,N/A
0,4294967295,4679,46,aclnnGather_GatherElementsV2_GatherElementsV2,GatherElementsV2,dynamic,AI_VECTOR_CORE,1790613010662026.789	,3.860,0.010000,1,0,NO,"""1,151936;1,1""",FLOAT;INT32,ND;ND,"""1,1""",FLOAT,ND,N/A
0,4294967295,4680,46,aclnnGeTensor_GreaterEqual_GreaterEqual,GreaterEqual,dynamic,AI_VECTOR_CORE,1790613010662250.418	,9.601,219.890000,48,0,NO,"""1,151936;1,1""",FLOAT;FLOAT,ND;ND,"""1,151936""",BOOL,ND,N/A
0,4294967295,4681,46,aclnnReduceSum_CastAiCore_Cast,Cast,dynamic,AI_VECTOR_CORE,1790613010662260.039	,8.420,0.000000,48,0,NO,"""1,151936""",BOOL,ND,"""1,151936""",FLOAT,ND,N/A
0,4294967295,4682,46,aclnnReduceSum_ReduceSumOpAiCore_ReduceSum,ReduceSum,dynamic,MIX_AIV,1790613010662269.359	,17.821,0.830000,48,0,NO,"""1,151936;1""",FLOAT;INT64,ND;ND,"""1""",FLOAT,ND,0
0,4294967295,4683,46,aclnnReduceSum_CastAiCore_Cast,Cast,dynamic,AI_VECTOR_CORE,1790613010662288.120	,1.080,0.929000,1,0,NO,"""1""",FLOAT,ND,"""1""",INT64,ND,N/A
0,4294967295,4684,46,aclnnCat_ConcatD_ConcatD,ConcatD,dynamic,AI_VECTOR_CORE,1790613010662289.220	,2.200,0.170000,1,0,NO,"""1,1;1,1""",INT64;INT64,ND;ND,"""1,2""",INT64,ND,N/A
0,4294967295,4685,46,aclnnCat_ConcatD_ConcatD,ConcatD,dynamic,AI_VECTOR_CORE,1790613010662291.440	,1.800,0.050000,1,0,NO,"""1,1;1,1""",FLOAT;FLOAT,ND;ND,"""1,2""",FLOAT,ND,N/A
0,4294967295,4686,46,aclnnInplaceCopy_CastAiCore_Cast,Cast,dynamic,AI_VECTOR_CORE,1790613010662308.061	,1.020,14.700000,1,0,NO,"""1,2""",INT64,ND,"""1,2""",INT32,ND,N/A
0,4294967295,4687,46,aclnnInplaceCopy_CastAiCore_Cast,Cast,dynamic,AI_VECTOR_CORE,1790613010662316.301	,1.040,7.230000,1,0,NO,"""1""",INT64,ND,"""1""",INT32,ND,N/A
0,4294967295,4692,46,aclnnInplaceFillScalar_FillAiCore_Fill,Fill,dynamic,AI_VECTOR_CORE,1790613010667438.626	,1.120,5121.460000,1,0,NO,"""1;""",INT64;INT32,ND;ND,"""1""",INT32,ND,N/A
0,4294967295,4695,46,aclnnInplaceFillScalar_FillAiCore_Fill,Fill,dynamic,AI_VECTOR_CORE,1790613010667936.666	,1.040,496.880000,1,0,NO,"""1;""",INT64;INT32,ND;ND,"""1""",INT32,ND,N/A
0,4294967295,4700,46,aclnnIndex_IndexAiCore_Index,Index,dynamic,AI_VECTOR_CORE,1790613010668427.945	,8.701,490.210000,48,0,NO,"""1;1;1;1""",INT32;INT64;INT64;INT64,ND;ND;ND;ND,"""1""",INT32,ND,N/A
0,4294967295,4701,46,aclnnInplaceCopy_CastAiCore_Cast,Cast,dynamic,AI_VECTOR_CORE,1790613010668436.666	,0.860,0.049000,1,0,NO,"""1""",INT32,ND,"""1""",INT64,ND,N/A
0,4294967295,4702,46,aclnnAdd_AddAiCore_Add,Add,dynamic,AI_VECTOR_CORE,1790613010668446.026	,2.160,8.390000,1,0,NO,"""1;1""",INT64;INT64,ND;ND,"""1""",INT64,ND,N/A
0,4294967295,4704,46,aclnnAdd_AddAiCore_Add,Add,dynamic,AI_VECTOR_CORE,1790613010668489.148	,1.380,41.090000,1,0,NO,"""1;1""",INT32;INT32,ND;ND,"""1""",INT32,ND,N/A
0,4294967295,4706,46,_compute_slot_mapping_kernel,_compute_slot_mapping_kernel,static,AI_VECTOR_CORE,1790613010669214.377	,120.244,723.870000,2,0,YES,"""2;1;1,2""",461301056;32590;INT32,ND;ND;ND,"""258""",INT64,ND,N/A
0,4294967295,4707,46,aclnnSubs_SubAiCore_Sub,Sub,dynamic,AI_VECTOR_CORE,1790613010669497.588	,1.220,162.756000,1,0,NO,"""1;""",INT32;INT32,ND;ND,"""1""",INT32,ND,N/A
0,4294967295,4709,46,aclnnIndexSelect_GatherV3AiCore_GatherV3,GatherV3,dynamic,AI_VECTOR_CORE,1790613010670046.610	,2.860,547.780000,1,0,NO,"""32768,64;1;1""",DT_BF16;INT64;INT64,ND;ND;ND,"""1,64""",DT_BF16,ND,N/A
0,4294967295,4710,46,aclnnRepeat_TileAiCore_Tile,Tile,dynamic,AI_VECTOR_CORE,1790613010670053.650	,1.920,4.390000,1,0,NO,"""1,2,32;3""",DT_BF16;INT64,NCL;ND,"""1,2,64""",DT_BF16,ND,N/A
0,4294967295,4712,46,aclnnIndexSelect_GatherV3AiCore_GatherV3,GatherV3,dynamic,AI_VECTOR_CORE,1790613010670109.273	,2.160,53.580000,1,0,NO,"""32768,64;1;1""",DT_BF16;INT64;INT64,ND;ND;ND,"""1,64""",DT_BF16,ND,N/A
0,4294967295,4713,46,aclnnRepeat_TileAiCore_Tile,Tile,dynamic,AI_VECTOR_CORE,1790613010670114.993	,1.840,3.590000,1,0,NO,"""1,2,32;3""",DT_BF16;INT64,NCL;ND,"""1,2,64""",DT_BF16,ND,N/A
0,4294967295,4715,46,aclnnInplaceCopy_CastAiCore_Cast,Cast,dynamic,AI_VECTOR_CORE,1790613010670736.578	,1.060,619.660000,1,0,NO,"""1""",INT32,ND,"""1""",INT64,ND,N/A
0,4294967295,4716,46,aclnnEmbedding_GatherV2AiCore_GatherV2,GatherV2,dynamic,AI_VECTOR_CORE,1790613010670743.778	,8.880,6.190000,48,0,NO,"""151936,896;1;1""",DT_BF16;INT64;INT64,ND;ND;ND,"""1,896""",DT_BF16,ND,N/A
0,4294967295,4717,46,RmsNorm,RmsNorm,dynamic,AI_VECTOR_CORE,1790613010670866.743	,5.160,114.120000,1,0,NO,"""1,896;896""",DT_BF16;DT_BF16,ND;ND,"""1,896;1,1""",DT_BF16;FLOAT,ND;ND,N/A
0,4294967295,4718,46,aclnnAddmm_CastAiCore_Cast,Cast,dynamic,AI_VECTOR_CORE,1790613010671059.951	,1.260,188.090000,2,0,NO,"""1152""",DT_BF16,ND,"""1152""",FLOAT,ND,N/A
0,4294967295,4719,46,aclnnAddmm_MatMulCommon_MatMulV2,MatMulV2,dynamic,AI_CORE,1790613010671062.311	,7.700,0.990000,24,0,NO,"""1,896;1152,896;1152""",DT_BF16;DT_BF16;FLOAT,ND;ND;ND,"""1,1152""",DT_BF16,ND,N/A
0,4294967295,4720,46,_triton_rope,_triton_rope,static,AI_VECTOR_CORE,1790613010671950.606	,3.080,880.550000,1,0,YES,"""1,14,64;1,2,64;32768,64""",DT_BF16;32590;DT_BF16,ND;ND;ND,"""1,14,64;1,2,64""",DT_BF16;32590,ND;ND,N/A
0,4294967295,4721,46,ReshapeAndCacheNdKernel,ReshapeAndCacheNdKernel,dynamic,AI_VECTOR_CORE,1790613010672676.675	,2.100,723.170000,1,0,NO,"""1,2,64;1,2,64;11823,128,2,64;11823,128,2,64;1""",DT_BF16;DT_BF16;DT_BF16;DT_BF16;INT32,ND;ND;ND;ND;ND,"""11823,128,2,64;11823,128,2,64""",DT_BF16;DT_BF16,ND;ND,N/A
0,4294967295,4722,46,FusedInferAttentionScore,FusedInferAttentionScore,dynamic,MIX_AIC,1790613010673128.173	,20.041,449.400000,24,48,NO,"""1,14,64;11823,128,128;11823,128,128;;2048,2048;1;1;;;;;;;;1,2;;;;;;;;;;;;;;;;""",DT_BF16;DT_BF16;DT_BF16;DT_UNDEFINED;INT8;INT64;INT64;DT_UNDEFINED;DT_UNDEFINED;DT_UNDEFINED;DT_UNDEFINED;DT_UNDEFINED;DT_UNDEFINED;DT_UNDEFINED;INT32;DT_UNDEFINED;DT_UNDEFINED;DT_UNDEFINED;DT_UNDEFINED;DT_UNDEFINED;DT_UNDEFINED;DT_UNDEFINED;DT_UNDEFINED;DT_UNDEFINED;DT_UNDEFINED;DT_UNDEFINED;DT_UNDEFINED;DT_UNDEFINED;DT_UNDEFINED;DT_UNDEFINED;DT_UNDEFINED,ND;ND;ND;NULL;ND;ND;ND;NULL;NULL;NULL;NULL;NULL;NULL;NULL;ND;NULL;NULL;NULL;NULL;NULL;NULL;NULL;NULL;NULL;NULL;NULL;NULL;NULL;NULL;NULL;NULL,"""1,14,64;""",DT_BF16;FLOAT,ND;ND,0
0,4294967295,4724,46,aclnnMatmul_MatMulCommon_MatMulV2,MatMulV2,dynamic,AI_CORE,1790613010673616.933	,5.800,468.709000,19,0,NO,"""1,896;896,896""",DT_BF16;DT_BF16,ND;ND,"""1,896""",DT_BF16,ND,N/A
0,4294967295,4725,46,AddRmsNormBias,AddRmsNormBias,dynamic,AI_VECTOR_CORE,1790613010673797.060	,2.180,174.200000,1,0,NO,"""1,896;1,896;896;""",DT_BF16;DT_BF16;DT_BF16;DT_UNDEFINED,ND;ND;ND;NULL,"""1,896;1,1;1,896""",DT_BF16;FLOAT;DT_BF16,ND;ND;ND,N/A
0,4294967295,4726,46,aclnnMatmul_MatMulCommon_MatMulV2,MatMulV2,dynamic,AI_CORE,1790613010673958.306	,19.081,159.070000,22,0,NO,"""1,896;9728,896""",DT_BF16;DT_BF16,ND;ND,"""1,9728""",DT_BF16,ND,N/A
0,4294967295,4727,46,SwiGlu,SwiGlu,dynamic,AI_VECTOR_CORE,1790613010674083.851	,4.261,106.419000,1,0,NO,"""1,9728""",DT_BF16,ND,"""1,4864""",DT_BF16,ND,N/A
0,4294967295,4728,46,aclnnMatmul_MatMulCommon_MatMulV2,MatMulV2,dynamic,AI_CORE,1790613010674223.057	,16.201,134.989000,19,0,NO,"""1,4864;896,4864""",DT_BF16;DT_BF16,ND;ND,"""1,896""",DT_BF16,ND,N/A
0,4294967295,4729,46,AddRmsNormBias,AddRmsNormBias,dynamic,AI_VECTOR_CORE,1790613010674392.004	,1.700,152.799000,1,0,NO,"""1,896;1,896;896;""",DT_BF16;DT_BF16;DT_BF16;DT_UNDEFINED,ND;ND;ND;NULL,"""1,896;1,1;1,896""",DT_BF16;FLOAT;DT_BF16,ND;ND;ND,N/A
0,4294967295,4730,46,aclnnAddmm_CastAiCore_Cast,Cast,dynamic,AI_VECTOR_CORE,1790613010674543.450	,1.080,149.800000,2,0,NO,"""1152""",DT_BF16,ND,"""1152""",FLOAT,ND,N/A
0,4294967295,4731,46,aclnnAddmm_MatMulCommon_MatMulV2,MatMulV2,dynamic,AI_CORE,1790613010674546.510	,7.280,1.920000,24,0,NO,"""1,896;1152,896;1152""",DT_BF16;DT_BF16;FLOAT,ND;ND;ND,"""1,1152""",DT_BF16,ND,N/A
0,4294967295,4732,46,_triton_rope,_triton_rope,static,AI_VECTOR_CORE,1790613010675412.845	,3.000,858.970000,1,0,YES,"""1,14,64;1,2,64;32768,64""",DT_BF16;32590;DT_BF16,ND;ND;ND,"""1,14,64;1,2,64""",DT_BF16;32590,ND;ND,N/A
0,4294967295,4733,46,ReshapeAndCacheNdKernel,ReshapeAndCacheNdKernel,dynamic,AI_VECTOR_CORE,1790613010676088.271	,1.981,672.500000,1,0,NO,"""1,2,64;1,2,64;11823,128,2,64;11823,128,2,64;1""",DT_BF16;DT_BF16;DT_BF16;DT_BF16;INT32,ND;ND;ND;ND;ND,"""11823,128,2,64;11823,128,2,64""",DT_BF16;DT_BF16,ND;ND,N/A
0,4294967295,4734,46,FusedInferAttentionScore,FusedInferAttentionScore,dynamic,MIX_AIC,1790613010676559.870	,19.921,469.519000,24,48,NO,"""1,14,64;11823,128,128;11823,128,128;;2048,2048;1;1;;;;;;;;1,2;;;;;;;;;;;;;;;;""",DT_BF16;DT_BF16;DT_BF16;DT_UNDEFINED;INT8;INT64;INT64;DT_UNDEFINED;DT_UNDEFINED;DT_UNDEFINED;DT_UNDEFINED;DT_UNDEFINED;DT_UNDEFINED;DT_UNDEFINED;INT32;DT_UNDEFINED;DT_UNDEFINED;DT_UNDEFINED;DT_UNDEFINED;DT_UNDEFINED;DT_UNDEFINED;DT_UNDEFINED;DT_UNDEFINED;DT_UNDEFINED;DT_UNDEFINED;DT_UNDEFINED;DT_UNDEFINED;DT_UNDEFINED;DT_UNDEFINED;DT_UNDEFINED;DT_UNDEFINED,ND;ND;ND;NULL;ND;ND;ND;NULL;NULL;NULL;NULL;NULL;NULL;NULL;ND;NULL;NULL;NULL;NULL;NULL;NULL;NULL;NULL;NULL;NULL;NULL;NULL;NULL;NULL;NULL;NULL,"""1,14,64;""",DT_BF16;FLOAT,ND;ND,0
0,4294967295,4736,46,aclnnMatmul_MatMulCommon_MatMulV2,MatMulV2,dynamic,AI_CORE,1790613010677030.009	,5.360,450.329000,19,0,NO,"""1,896;896,896""",DT_BF16;DT_BF16,ND;ND,"""1,896""",DT_BF16,ND,N/A
0,4294967295,4737,46,AddRmsNormBias,AddRmsNormBias,dynamic,AI_VECTOR_CORE,1790613010677213.277	,1.680,177.890000,1,0,NO,"""1,896;1,896;896;""",DT_BF16;DT_BF16;DT_BF16;DT_UNDEFINED,ND;ND;ND;NULL,"""1,896;1,1;1,896""",DT_BF16;FLOAT;DT_BF16,ND;ND;ND,N/A
0,4294967295,4738,46,aclnnMatmul_MatMulCommon_MatMulV2,MatMulV2,dynamic,AI_CORE,1790613010677382.883	,19.621,168.070000,22,0,NO,"""1,896;9728,896""",DT_BF16;DT_BF16,ND;ND,"""1,9728""",DT_BF16,ND,N/A
0,4294967295,4739,46,SwiGlu,SwiGlu,dynamic,AI_VECTOR_CORE,1790613010677512.109	,2.980,109.379000,1,0,NO,"""1,9728""",DT_BF16,ND,"""1,4864""",DT_BF16,ND,N/A
0,4294967295,4740,46,aclnnMatmul_MatMulCommon_MatMulV2,MatMulV2,dynamic,AI_CORE,1790613010677649.554	,16.301,134.520000,19,0,NO,"""1,4864;896,4864""",DT_BF16;DT_BF16,ND;ND,"""1,896""",DT_BF16,ND,N/A
0,4294967295,4741,46,AddRmsNormBias,AddRmsNormBias,dynamic,AI_VECTOR_CORE,1790613010677825.221	,1.720,159.449000,1,0,NO,"""1,896;1,896;896;""",DT_BF16;DT_BF16;DT_BF16;DT_UNDEFINED,ND;ND;ND;NULL,"""1,896;1,1;1,896""",DT_BF16;FLOAT;DT_BF16,ND;ND;ND,N/A
0,4294967295,4742,46,aclnnAddmm_CastAiCore_Cast,Cast,dynamic,AI_VECTOR_CORE,1790613010677987.087	,1.120,160.030000,2,0,NO,"""1152""",DT_BF16,ND,"""1152""",FLOAT,ND,N/A
0,4294967295,4743,46,aclnnAddmm_MatMulCommon_MatMulV2,MatMulV2,dynamic,AI_CORE,1790613010677989.507	,7.321,1.380000,24,0,NO,"""1,896;1152,896;1152""",DT_BF16;DT_BF16;FLOAT,ND;ND;ND,"""1,1152""",DT_BF16,ND,N/A
0,4294967295,4744,46,_triton_rope,_triton_rope,static,AI_VECTOR_CORE,1790613010678849.542	,2.740,852.679000,1,0,YES,"""1,14,64;1,2,64;32768,64""",DT_BF16;32590;DT_BF16,ND;ND;ND,"""1,14,64;1,2,64""",DT_BF16;32590,ND;ND,N/A
0,4294967295,4745,46,ReshapeAndCacheNdKernel,ReshapeAndCacheNdKernel,dynamic,AI_VECTOR_CORE,1790613010679526.829	,1.860,674.510000,1,0,NO,"""1,2,64;1,2,64;11823,128,2,64;11823,128,2,64;1""",DT_BF16;DT_BF16;DT_BF16;DT_BF16;INT32,ND;ND;ND;ND;ND,"""11823,128,2,64;11823,128,2,64""",DT_BF16;DT_BF16,ND;ND,N/A
0,4294967295,4746,46,FusedInferAttentionScore,FusedInferAttentionScore,dynamic,MIX_AIC,1790613010679984.707	,19.061,456.140000,24,48,NO,"""1,14,64;11823,128,128;11823,128,128;;2048,2048;1;1;;;;;;;;1,2;;;;;;;;;;;;;;;;""",DT_BF16;DT_BF16;DT_BF16;DT_UNDEFINED;INT8;INT64;INT64;DT_UNDEFINED;DT_UNDEFINED;DT_UNDEFINED;DT_UNDEFINED;DT_UNDEFINED;DT_UNDEFINED;DT_UNDEFINED;INT32;DT_UNDEFINED;DT_UNDEFINED;DT_UNDEFINED;DT_UNDEFINED;DT_UNDEFINED;DT_UNDEFINED;DT_UNDEFINED;DT_UNDEFINED;DT_UNDEFINED;DT_UNDEFINED;DT_UNDEFINED;DT_UNDEFINED;DT_UNDEFINED;DT_UNDEFINED;DT_UNDEFINED;DT_UNDEFINED,ND;ND;ND;NULL;ND;ND;ND;NULL;NULL;NULL;NULL;NULL;NULL;NULL;ND;NULL;NULL;NULL;NULL;NULL;NULL;NULL;NULL;NULL;NULL;NULL;NULL;NULL;NULL;NULL;NULL,"""1,14,64;""",DT_BF16;FLOAT,ND;ND,0
0,4294967295,4748,46,aclnnMatmul_MatMulCommon_MatMulV2,MatMulV2,dynamic,AI_CORE,1790613010680459.886	,5.461,456.189000,19,0,NO,"""1,896;896,896""",DT_BF16;DT_BF16,ND;ND,"""1,896""",DT_BF16,ND,N/A
0,4294967295,4749,46,AddRmsNormBias,AddRmsNormBias,dynamic,AI_VECTOR_CORE,1790613010680633.213	,1.620,167.789000,1,0,NO,"""1,896;1,896;896;""",DT_BF16;DT_BF16;DT_BF16;DT_UNDEFINED,ND;ND;ND;NULL,"""1,896;1,1;1,896""",DT_BF16;FLOAT;DT_BF16,ND;ND;ND,N/A
0,4294967295,4750,46,aclnnMatmul_MatMulCommon_MatMulV2,MatMulV2,dynamic,AI_CORE,1790613010680783.099	,19.301,148.130000,22,0,NO,"""1,896;9728,896""",DT_BF16;DT_BF16,ND;ND,"""1,9728""",DT_BF16,ND,N/A
0,4294967295,4751,46,SwiGlu,SwiGlu,dynamic,AI_VECTOR_CORE,1790613010680907.864	,2.860,105.449000,1,0,NO,"""1,9728""",DT_BF16,ND,"""1,4864""",DT_BF16,ND,N/A
0,4294967295,4752,46,aclnnMatmul_MatMulCommon_MatMulV2,MatMulV2,dynamic,AI_CORE,1790613010681055.930	,16.461,145.390000,19,0,NO,"""1,4864;896,4864""",DT_BF16;DT_BF16,ND;ND,"""1,896""",DT_BF16,ND,N/A
0,4294967295,4753,46,AddRmsNormBias,AddRmsNormBias,dynamic,AI_VECTOR_CORE,1790613010681263.459	,1.680,191.039000,1,0,NO,"""1,896;1,896;896;""",DT_BF16;DT_BF16;DT_BF16;DT_UNDEFINED,ND;ND;ND;NULL,"""1,896;1,1;1,896""",DT_BF16;FLOAT;DT_BF16,ND;ND;ND,N/A
0,4294967295,4754,46,aclnnAddmm_CastAiCore_Cast,Cast,dynamic,AI_VECTOR_CORE,1790613010681424.785	,1.180,159.570000,2,0,NO,"""1152""",DT_BF16,ND,"""1152""",FLOAT,ND,N/A
0,4294967295,4755,46,aclnnAddmm_MatMulCommon_MatMulV2,MatMulV2,dynamic,AI_CORE,1790613010681427.165	,7.620,1.320000,24,0,NO,"""1,896;1152,896;1152""",DT_BF16;DT_BF16;FLOAT,ND;ND;ND,"""1,1152""",DT_BF16,ND,N/A
0,4294967295,4756,46,_triton_rope,_triton_rope,static,AI_VECTOR_CORE,1790613010682296.180	,2.920,861.380000,1,0,YES,"""1,14,64;1,2,64;32768,64""",DT_BF16;32590;DT_BF16,ND;ND;ND,"""1,14,64;1,2,64""",DT_BF16;32590,ND;ND,N/A
0,4294967295,4757,46,ReshapeAndCacheNdKernel,ReshapeAndCacheNdKernel,dynamic,AI_VECTOR_CORE,1790613010682963.566	,1.541,664.330000,1,0,NO,"""1,2,64;1,2,64;11823,128,2,64;11823,128,2,64;1""",DT_BF16;DT_BF16;DT_BF16;DT_BF16;INT32,ND;ND;ND;ND;ND,"""11823,128,2,64;11823,128,2,64""",DT_BF16;DT_BF16,ND;ND,N/A
0,4294967295,4758,46,FusedInferAttentionScore,FusedInferAttentionScore,dynamic,MIX_AIC,1790613010683422.725	,18.800,457.709000,24,48,NO,"""1,14,64;11823,128,128;11823,128,128;;2048,2048;1;1;;;;;;;;1,2;;;;;;;;;;;;;;;;""",DT_BF16;DT_BF16;DT_BF16;DT_UNDEFINED;INT8;INT64;INT64;DT_UNDEFINED;DT_UNDEFINED;DT_UNDEFINED;DT_UNDEFINED;DT_UNDEFINED;DT_UNDEFINED;DT_UNDEFINED;INT32;DT_UNDEFINED;DT_UNDEFINED;DT_UNDEFINED;DT_UNDEFINED;DT_UNDEFINED;DT_UNDEFINED;DT_UNDEFINED;DT_UNDEFINED;DT_UNDEFINED;DT_UNDEFINED;DT_UNDEFINED;DT_UNDEFINED;DT_UNDEFINED;DT_UNDEFINED;DT_UNDEFINED;DT_UNDEFINED,ND;ND;ND;NULL;ND;ND;ND;NULL;NULL;NULL;NULL;NULL;NULL;NULL;ND;NULL;NULL;NULL;NULL;NULL;NULL;NULL;NULL;NULL;NULL;NULL;NULL;NULL;NULL;NULL;NULL,"""1,14,64;""",DT_BF16;FLOAT,ND;ND,0
0,4294967295,4760,46,aclnnMatmul_MatMulCommon_MatMulV2,MatMulV2,dynamic,AI_CORE,1790613010683890.043	,5.581,448.450000,19,0,NO,"""1,896;896,896""",DT_BF16;DT_BF16,ND;ND,"""1,896""",DT_BF16,ND,N/A
0,4294967295,4761,46,AddRmsNormBias,AddRmsNormBias,dynamic,AI_VECTOR_CORE,1790613010684064.050	,1.661,168.419000,1,0,NO,"""1,896;1,896;896;""",DT_BF16;DT_BF16;DT_BF16;DT_UNDEFINED,ND;ND;ND;NULL,"""1,896;1,1;1,896""",DT_BF16;FLOAT;DT_BF16,ND;ND;ND,N/A
0,4294967295,4762,46,aclnnMatmul_MatMulCommon_MatMulV2,MatMulV2,dynamic,AI_CORE,1790613010684216.637	,20.120,151.089000,22,0,NO,"""1,896;9728,896""",DT_BF16;DT_BF16,ND;ND,"""1,9728""",DT_BF16,ND,N/A
0,4294967295,4763,46,SwiGlu,SwiGlu,dynamic,AI_VECTOR_CORE,1790613010684337.221	,2.880,100.380000,1,0,NO,"""1,9728""",DT_BF16,ND,"""1,4864""",DT_BF16,ND,N/A
0,4294967295,4764,46,aclnnMatmul_MatMulCommon_MatMulV2,MatMulV2,dynamic,AI_CORE,1790613010684487.627	,16.601,147.620000,19,0,NO,"""1,4864;896,4864""",DT_BF16;DT_BF16,ND;ND,"""1,896""",DT_BF16,ND,N/A
0,4294967295,4765,46,AddRmsNormBias,AddRmsNormBias,dynamic,AI_VECTOR_CORE,1790613010684665.955	,1.680,161.649000,1,0,NO,"""1,896;1,896;896;""",DT_BF16;DT_BF16;DT_BF16;DT_UNDEFINED,ND;ND;ND;NULL,"""1,896;1,1;1,896""",DT_BF16;FLOAT;DT_BF16,ND;ND;ND,N/A
0,4294967295,4766,46,aclnnAddmm_CastAiCore_Cast,Cast,dynamic,AI_VECTOR_CORE,1790613010684828.441	,1.160,160.820000,2,0,NO,"""1152""",DT_BF16,ND,"""1152""",FLOAT,ND,N/A
0,4294967295,4767,46,aclnnAddmm_MatMulCommon_MatMulV2,MatMulV2,dynamic,AI_CORE,1790613010684831.381	,7.840,1.840000,24,0,NO,"""1,896;1152,896;1152""",DT_BF16;DT_BF16;FLOAT,ND;ND;ND,"""1,1152""",DT_BF16,ND,N/A
0,4294967295,4768,46,_triton_rope,_triton_rope,static,AI_VECTOR_CORE,1790613010685710.116	,2.800,870.660000,1,0,YES,"""1,14,64;1,2,64;32768,64""",DT_BF16;32590;DT_BF16,ND;ND;ND,"""1,14,64;1,2,64""",DT_BF16;32590,ND;ND,N/A
0,4294967295,4769,46,ReshapeAndCacheNdKernel,ReshapeAndCacheNdKernel,dynamic,AI_VECTOR_CORE,1790613010686380.523	,1.540,667.700000,1,0,NO,"""1,2,64;1,2,64;11823,128,2,64;11823,128,2,64;1""",DT_BF16;DT_BF16;DT_BF16;DT_BF16;INT32,ND;ND;ND;ND;ND,"""11823,128,2,64;11823,128,2,64""",DT_BF16;DT_BF16,ND;ND,N/A
0,4294967295,4770,46,FusedInferAttentionScore,FusedInferAttentionScore,dynamic,MIX_AIC,1790613010686829.821	,17.321,447.710000,24,48,NO,"""1,14,64;11823,128,128;11823,128,128;;2048,2048;1;1;;;;;;;;1,2;;;;;;;;;;;;;;;;""",DT_BF16;DT_BF16;DT_BF16;DT_UNDEFINED;INT8;INT64;INT64;DT_UNDEFINED;DT_UNDEFINED;DT_UNDEFINED;DT_UNDEFINED;DT_UNDEFINED;DT_UNDEFINED;DT_UNDEFINED;INT32;DT_UNDEFINED;DT_UNDEFINED;DT_UNDEFINED;DT_UNDEFINED;DT_UNDEFINED;DT_UNDEFINED;DT_UNDEFINED;DT_UNDEFINED;DT_UNDEFINED;DT_UNDEFINED;DT_UNDEFINED;DT_UNDEFINED;DT_UNDEFINED;DT_UNDEFINED;DT_UNDEFINED;DT_UNDEFINED,ND;ND;ND;NULL;ND;ND;ND;NULL;NULL;NULL;NULL;NULL;NULL;NULL;ND;NULL;NULL;NULL;NULL;NULL;NULL;NULL;NULL;NULL;NULL;NULL;NULL;NULL;NULL;NULL;NULL,"""1,14,64;""",DT_BF16;FLOAT,ND;ND,0
0,4294967295,4772,46,aclnnMatmul_MatMulCommon_MatMulV2,MatMulV2,dynamic,AI_CORE,1790613010687311.340	,5.421,464.179000,19,0,NO,"""1,896;896,896""",DT_BF16;DT_BF16,ND;ND,"""1,896""",DT_BF16,ND,N/A
0,4294967295,4773,46,AddRmsNormBias,AddRmsNormBias,dynamic,AI_VECTOR_CORE,1790613010687484.327	,1.680,167.579000,1,0,NO,"""1,896;1,896;896;""",DT_BF16;DT_BF16;DT_BF16;DT_UNDEFINED,ND;ND;ND;NULL,"""1,896;1,1;1,896""",DT_BF16;FLOAT;DT_BF16,ND;ND;ND,N/A
0,4294967295,4774,46,aclnnMatmul_MatMulCommon_MatMulV2,MatMulV2,dynamic,AI_CORE,1790613010687640.153	,19.861,154.320000,22,0,NO,"""1,896;9728,896""",DT_BF16;DT_BF16,ND;ND,"""1,9728""",DT_BF16,ND,N/A
0,4294967295,4775,46,SwiGlu,SwiGlu,dynamic,AI_VECTOR_CORE,1790613010687761.358	,2.900,101.139000,1,0,NO,"""1,9728""",DT_BF16,ND,"""1,4864""",DT_BF16,ND,N/A
0,4294967295,4776,46,aclnnMatmul_MatMulCommon_MatMulV2,MatMulV2,dynamic,AI_CORE,1790613010687895.564	,16.380,131.350000,19,0,NO,"""1,4864;896,4864""",DT_BF16;DT_BF16,ND;ND,"""1,896""",DT_BF16,ND,N/A
0,4294967295,4777,46,AddRmsNormBias,AddRmsNormBias,dynamic,AI_VECTOR_CORE,1790613010688067.391	,2.080,155.620000,1,0,NO,"""1,896;1,896;896;""",DT_BF16;DT_BF16;DT_BF16;DT_UNDEFINED,ND;ND;ND;NULL,"""1,896;1,1;1,896""",DT_BF16;FLOAT;DT_BF16,ND;ND;ND,N/A
0,4294967295,4778,46,aclnnAddmm_CastAiCore_Cast,Cast,dynamic,AI_VECTOR_CORE,1790613010688226.597	,1.240,156.920000,2,0,NO,"""1152""",DT_BF16,ND,"""1152""",FLOAT,ND,N/A
0,4294967295,4779,46,aclnnAddmm_MatMulCommon_MatMulV2,MatMulV2,dynamic,AI_CORE,1790613010688229.137	,7.420,1.510000,24,0,NO,"""1,896;1152,896;1152""",DT_BF16;DT_BF16;FLOAT,ND;ND;ND,"""1,1152""",DT_BF16,ND,N/A
0,4294967295,4780,46,_triton_rope,_triton_rope,static,AI_VECTOR_CORE,1790613010689086.511	,2.940,849.830000,1,0,YES,"""1,14,64;1,2,64;32768,64""",DT_BF16;32590;DT_BF16,ND;ND;ND,"""1,14,64;1,2,64""",DT_BF16;32590,ND;ND,N/A
0,4294967295,4781,46,ReshapeAndCacheNdKernel,ReshapeAndCacheNdKernel,dynamic,AI_VECTOR_CORE,1790613010689770.219	,2.040,680.810000,1,0,NO,"""1,2,64;1,2,64;11823,128,2,64;11823,128,2,64;1""",DT_BF16;DT_BF16;DT_BF16;DT_BF16;INT32,ND;ND;ND;ND;ND,"""11823,128,2,64;11823,128,2,64""",DT_BF16;DT_BF16,ND;ND,N/A
0,4294967295,4782,46,FusedInferAttentionScore,FusedInferAttentionScore,dynamic,MIX_AIC,1790613010690221.177	,21.820,448.960000,24,48,NO,"""1,14,64;11823,128,128;11823,128,128;;2048,2048;1;1;;;;;;;;1,2;;;;;;;;;;;;;;;;""",DT_BF16;DT_BF16;DT_BF16;DT_UNDEFINED;INT8;INT64;INT64;DT_UNDEFINED;DT_UNDEFINED;DT_UNDEFINED;DT_UNDEFINED;DT_UNDEFINED;DT_UNDEFINED;DT_UNDEFINED;INT32;DT_UNDEFINED;DT_UNDEFINED;DT_UNDEFINED;DT_UNDEFINED;DT_UNDEFINED;DT_UNDEFINED;DT_UNDEFINED;DT_UNDEFINED;DT_UNDEFINED;DT_UNDEFINED;DT_UNDEFINED;DT_UNDEFINED;DT_UNDEFINED;DT_UNDEFINED;DT_UNDEFINED;DT_UNDEFINED,ND;ND;ND;NULL;ND;ND;ND;NULL;NULL;NULL;NULL;NULL;NULL;NULL;ND;NULL;NULL;NULL;NULL;NULL;NULL;NULL;NULL;NULL;NULL;NULL;NULL;NULL;NULL;NULL;NULL,"""1,14,64;""",DT_BF16;FLOAT,ND;ND,0
0,4294967295,4784,46,aclnnMatmul_MatMulCommon_MatMulV2,MatMulV2,dynamic,AI_CORE,1790613010690688.735	,5.480,445.680000,19,0,NO,"""1,896;896,896""",DT_BF16;DT_BF16,ND;ND,"""1,896""",DT_BF16,ND,N/A
0,4294967295,4785,46,AddRmsNormBias,AddRmsNormBias,dynamic,AI_VECTOR_CORE,1790613010690862.442	,1.640,168.270000,1,0,NO,"""1,896;1,896;896;""",DT_BF16;DT_BF16;DT_BF16;DT_UNDEFINED,ND;ND;ND;NULL,"""1,896;1,1;1,896""",DT_BF16;FLOAT;DT_BF16,ND;ND;ND,N/A
0,4294967295,4786,46,aclnnMatmul_MatMulCommon_MatMulV2,MatMulV2,dynamic,AI_CORE,1790613010691013.988	,19.281,149.860000,22,0,NO,"""1,896;9728,896""",DT_BF16;DT_BF16,ND;ND,"""1,9728""",DT_BF16,ND,N/A
0,4294967295,4787,46,SwiGlu,SwiGlu,dynamic,AI_VECTOR_CORE,1790613010691137.733	,4.160,104.469000,1,0,NO,"""1,9728""",DT_BF16,ND,"""1,4864""",DT_BF16,ND,N/A
0,4294967295,4788,46,aclnnMatmul_MatMulCommon_MatMulV2,MatMulV2,dynamic,AI_CORE,1790613010691274.879	,16.500,133.090000,19,0,NO,"""1,4864;896,4864""",DT_BF16;DT_BF16,ND;ND,"""1,896""",DT_BF16,ND,N/A
0,4294967295,4789,46,AddRmsNormBias,AddRmsNormBias,dynamic,AI_VECTOR_CORE,1790613010691448.306	,1.640,156.750000,1,0,NO,"""1,896;1,896;896;""",DT_BF16;DT_BF16;DT_BF16;DT_UNDEFINED,ND;ND;ND;NULL,"""1,896;1,1;1,896""",DT_BF16;FLOAT;DT_BF16,ND;ND;ND,N/A
0,4294967295,4790,46,aclnnAddmm_CastAiCore_Cast,Cast,dynamic,AI_VECTOR_CORE,1790613010691613.052	,1.180,163.110000,2,0,NO,"""1152""",DT_BF16,ND,"""1152""",FLOAT,ND,N/A
0,4294967295,4791,46,aclnnAddmm_MatMulCommon_MatMulV2,MatMulV2,dynamic,AI_CORE,1790613010691615.632	,7.721,1.570000,24,0,NO,"""1,896;1152,896;1152""",DT_BF16;DT_BF16;FLOAT,ND;ND;ND,"""1,1152""",DT_BF16,ND,N/A
0,4294967295,4792,46,_triton_rope,_triton_rope,static,AI_VECTOR_CORE,1790613010692477.327	,2.880,853.779000,1,0,YES,"""1,14,64;1,2,64;32768,64""",DT_BF16;32590;DT_BF16,ND;ND;ND,"""1,14,64;1,2,64""",DT_BF16;32590,ND;ND,N/A
0,4294967295,4793,46,ReshapeAndCacheNdKernel,ReshapeAndCacheNdKernel,dynamic,AI_VECTOR_CORE,1790613010693193.235	,1.880,713.120000,1,0,NO,"""1,2,64;1,2,64;11823,128,2,64;11823,128,2,64;1""",DT_BF16;DT_BF16;DT_BF16;DT_BF16;INT32,ND;ND;ND;ND;ND,"""11823,128,2,64;11823,128,2,64""",DT_BF16;DT_BF16,ND;ND,N/A
0,4294967295,4794,46,FusedInferAttentionScore,FusedInferAttentionScore,dynamic,MIX_AIC,1790613010693653.634	,22.461,458.620000,24,48,NO,"""1,14,64;11823,128,128;11823,128,128;;2048,2048;1;1;;;;;;;;1,2;;;;;;;;;;;;;;;;""",DT_BF16;DT_BF16;DT_BF16;DT_UNDEFINED;INT8;INT64;INT64;DT_UNDEFINED;DT_UNDEFINED;DT_UNDEFINED;DT_UNDEFINED;DT_UNDEFINED;DT_UNDEFINED;DT_UNDEFINED;INT32;DT_UNDEFINED;DT_UNDEFINED;DT_UNDEFINED;DT_UNDEFINED;DT_UNDEFINED;DT_UNDEFINED;DT_UNDEFINED;DT_UNDEFINED;DT_UNDEFINED;DT_UNDEFINED;DT_UNDEFINED;DT_UNDEFINED;DT_UNDEFINED;DT_UNDEFINED;DT_UNDEFINED;DT_UNDEFINED,ND;ND;ND;NULL;ND;ND;ND;NULL;NULL;NULL;NULL;NULL;NULL;NULL;ND;NULL;NULL;NULL;NULL;NULL;NULL;NULL;NULL;NULL;NULL;NULL;NULL;NULL;NULL;NULL;NULL,"""1,14,64;""",DT_BF16;FLOAT,ND;ND,0
0,4294967295,4796,46,aclnnMatmul_MatMulCommon_MatMulV2,MatMulV2,dynamic,AI_CORE,1790613010694128.533	,5.700,452.289000,19,0,NO,"""1,896;896,896""",DT_BF16;DT_BF16,ND;ND,"""1,896""",DT_BF16,ND,N/A
0,4294967295,4797,46,AddRmsNormBias,AddRmsNormBias,dynamic,AI_VECTOR_CORE,1790613010694298.300	,1.760,164.050000,1,0,NO,"""1,896;1,896;896;""",DT_BF16;DT_BF16;DT_BF16;DT_UNDEFINED,ND;ND;ND;NULL,"""1,896;1,1;1,896""",DT_BF16;FLOAT;DT_BF16,ND;ND;ND,N/A
0,4294967295,4798,46,aclnnMatmul_MatMulCommon_MatMulV2,MatMulV2,dynamic,AI_CORE,1790613010694460.766	,20.941,160.740000,22,0,NO,"""1,896;9728,896""",DT_BF16;DT_BF16,ND;ND,"""1,9728""",DT_BF16,ND,N/A
0,4294967295,4799,46,SwiGlu,SwiGlu,dynamic,AI_VECTOR_CORE,1790613010694582.311	,3.120,100.559000,1,0,NO,"""1,9728""",DT_BF16,ND,"""1,4864""",DT_BF16,ND,N/A
0,4294967295,4800,46,aclnnMatmul_MatMulCommon_MatMulV2,MatMulV2,dynamic,AI_CORE,1790613010694717.156	,16.321,131.880000,19,0,NO,"""1,4864;896,4864""",DT_BF16;DT_BF16,ND;ND,"""1,896""",DT_BF16,ND,N/A
0,4294967295,4801,46,AddRmsNormBias,AddRmsNormBias,dynamic,AI_VECTOR_CORE,1790613010694888.463	,1.720,154.929000,1,0,NO,"""1,896;1,896;896;""",DT_BF16;DT_BF16;DT_BF16;DT_UNDEFINED,ND;ND;ND;NULL,"""1,896;1,1;1,896""",DT_BF16;FLOAT;DT_BF16,ND;ND;ND,N/A
0,4294967295,4802,46,aclnnAddmm_CastAiCore_Cast,Cast,dynamic,AI_VECTOR_CORE,1790613010695054.890	,1.100,164.780000,2,0,NO,"""1152""",DT_BF16,ND,"""1152""",FLOAT,ND,N/A
0,4294967295,4803,46,aclnnAddmm_MatMulCommon_MatMulV2,MatMulV2,dynamic,AI_CORE,1790613010695058.050	,7.400,1.900000,24,0,NO,"""1,896;1152,896;1152""",DT_BF16;DT_BF16;FLOAT,ND;ND;ND,"""1,1152""",DT_BF16,ND,N/A
0,4294967295,4804,46,_triton_rope,_triton_rope,static,AI_VECTOR_CORE,1790613010695933.405	,2.840,868.100000,1,0,YES,"""1,14,64;1,2,64;32768,64""",DT_BF16;32590;DT_BF16,ND;ND;ND,"""1,14,64;1,2,64""",DT_BF16;32590,ND;ND,N/A
0,4294967295,4805,46,ReshapeAndCacheNdKernel,ReshapeAndCacheNdKernel,dynamic,AI_VECTOR_CORE,1790613010696609.332	,1.620,672.910000,1,0,NO,"""1,2,64;1,2,64;11823,128,2,64;11823,128,2,64;1""",DT_BF16;DT_BF16;DT_BF16;DT_BF16;INT32,ND;ND;ND;ND;ND,"""11823,128,2,64;11823,128,2,64""",DT_BF16;DT_BF16,ND;ND,N/A
0,4294967295,4806,46,FusedInferAttentionScore,FusedInferAttentionScore,dynamic,MIX_AIC,1790613010697058.510	,18.741,447.630000,24,48,NO,"""1,14,64;11823,128,128;11823,128,128;;2048,2048;1;1;;;;;;;;1,2;;;;;;;;;;;;;;;;""",DT_BF16;DT_BF16;DT_BF16;DT_UNDEFINED;INT8;INT64;INT64;DT_UNDEFINED;DT_UNDEFINED;DT_UNDEFINED;DT_UNDEFINED;DT_UNDEFINED;DT_UNDEFINED;DT_UNDEFINED;INT32;DT_UNDEFINED;DT_UNDEFINED;DT_UNDEFINED;DT_UNDEFINED;DT_UNDEFINED;DT_UNDEFINED;DT_UNDEFINED;DT_UNDEFINED;DT_UNDEFINED;DT_UNDEFINED;DT_UNDEFINED;DT_UNDEFINED;DT_UNDEFINED;DT_UNDEFINED;DT_UNDEFINED;DT_UNDEFINED,ND;ND;ND;NULL;ND;ND;ND;NULL;NULL;NULL;NULL;NULL;NULL;NULL;ND;NULL;NULL;NULL;NULL;NULL;NULL;NULL;NULL;NULL;NULL;NULL;NULL;NULL;NULL;NULL;NULL,"""1,14,64;""",DT_BF16;FLOAT,ND;ND,0
0,4294967295,4808,46,aclnnMatmul_MatMulCommon_MatMulV2,MatMulV2,dynamic,AI_CORE,1790613010697589.851	,5.760,512.509000,19,0,NO,"""1,896;896,896""",DT_BF16;DT_BF16,ND;ND,"""1,896""",DT_BF16,ND,N/A
0,4294967295,4809,46,AddRmsNormBias,AddRmsNormBias,dynamic,AI_VECTOR_CORE,1790613010697763.938	,1.720,168.490000,1,0,NO,"""1,896;1,896;896;""",DT_BF16;DT_BF16;DT_BF16;DT_UNDEFINED,ND;ND;ND;NULL,"""1,896;1,1;1,896""",DT_BF16;FLOAT;DT_BF16,ND;ND;ND,N/A
0,4294967295,4810,46,aclnnMatmul_MatMulCommon_MatMulV2,MatMulV2,dynamic,AI_CORE,1790613010697928.905	,21.961,163.280000,22,0,NO,"""1,896;9728,896""",DT_BF16;DT_BF16,ND;ND,"""1,9728""",DT_BF16,ND,N/A
0,4294967295,4811,46,SwiGlu,SwiGlu,dynamic,AI_VECTOR_CORE,1790613010698061.550	,2.880,110.539000,1,0,NO,"""1,9728""",DT_BF16,ND,"""1,4864""",DT_BF16,ND,N/A
0,4294967295,4812,46,aclnnMatmul_MatMulCommon_MatMulV2,MatMulV2,dynamic,AI_CORE,1790613010698206.056	,16.281,141.620000,19,0,NO,"""1,4864;896,4864""",DT_BF16;DT_BF16,ND;ND,"""1,896""",DT_BF16,ND,N/A
0,4294967295,4813,46,AddRmsNormBias,AddRmsNormBias,dynamic,AI_VECTOR_CORE,1790613010698381.103	,1.700,158.719000,1,0,NO,"""1,896;1,896;896;""",DT_BF16;DT_BF16;DT_BF16;DT_UNDEFINED,ND;ND;ND;NULL,"""1,896;1,1;1,896""",DT_BF16;FLOAT;DT_BF16,ND;ND;ND,N/A
0,4294967295,4814,46,aclnnAddmm_CastAiCore_Cast,Cast,dynamic,AI_VECTOR_CORE,1790613010698534.929	,1.460,152.300000,2,0,NO,"""1152""",DT_BF16,ND,"""1152""",FLOAT,ND,N/A
0,4294967295,4815,46,aclnnAddmm_MatMulCommon_MatMulV2,MatMulV2,dynamic,AI_CORE,1790613010698537.449	,7.380,1.040000,24,0,NO,"""1,896;1152,896;1152""",DT_BF16;DT_BF16;FLOAT,ND;ND;ND,"""1,1152""",DT_BF16,ND,N/A
0,4294967295,4816,46,_triton_rope,_triton_rope,static,AI_VECTOR_CORE,1790613010699396.083	,3.200,851.120000,1,0,YES,"""1,14,64;1,2,64;32768,64""",DT_BF16;32590;DT_BF16,ND;ND;ND,"""1,14,64;1,2,64""",DT_BF16;32590,ND;ND,N/A
0,4294967295,4817,46,ReshapeAndCacheNdKernel,ReshapeAndCacheNdKernel,dynamic,AI_VECTOR_CORE,1790613010700064.770	,2.120,665.550000,1,0,NO,"""1,2,64;1,2,64;11823,128,2,64;11823,128,2,64;1""",DT_BF16;DT_BF16;DT_BF16;DT_BF16;INT32,ND;ND;ND;ND;ND,"""11823,128,2,64;11823,128,2,64""",DT_BF16;DT_BF16,ND;ND,N/A
0,4294967295,4818,46,FusedInferAttentionScore,FusedInferAttentionScore,dynamic,MIX_AIC,1790613010700527.309	,19.020,460.380000,24,48,NO,"""1,14,64;11823,128,128;11823,128,128;;2048,2048;1;1;;;;;;;;1,2;;;;;;;;;;;;;;;;""",DT_BF16;DT_BF16;DT_BF16;DT_UNDEFINED;INT8;INT64;INT64;DT_UNDEFINED;DT_UNDEFINED;DT_UNDEFINED;DT_UNDEFINED;DT_UNDEFINED;DT_UNDEFINED;DT_UNDEFINED;INT32;DT_UNDEFINED;DT_UNDEFINED;DT_UNDEFINED;DT_UNDEFINED;DT_UNDEFINED;DT_UNDEFINED;DT_UNDEFINED;DT_UNDEFINED;DT_UNDEFINED;DT_UNDEFINED;DT_UNDEFINED;DT_UNDEFINED;DT_UNDEFINED;DT_UNDEFINED;DT_UNDEFINED;DT_UNDEFINED,ND;ND;ND;NULL;ND;ND;ND;NULL;NULL;NULL;NULL;NULL;NULL;NULL;ND;NULL;NULL;NULL;NULL;NULL;NULL;NULL;NULL;NULL;NULL;NULL;NULL;NULL;NULL;NULL;NULL,"""1,14,64;""",DT_BF16;FLOAT,ND;ND,0
0,4294967295,4820,46,aclnnMatmul_MatMulCommon_MatMulV2,MatMulV2,dynamic,AI_CORE,1790613010701000.147	,5.641,453.980000,19,0,NO,"""1,896;896,896""",DT_BF16;DT_BF16,ND;ND,"""1,896""",DT_BF16,ND,N/A
0,4294967295,4821,46,AddRmsNormBias,AddRmsNormBias,dynamic,AI_VECTOR_CORE,1790613010701183.995	,1.760,178.109000,1,0,NO,"""1,896;1,896;896;""",DT_BF16;DT_BF16;DT_BF16;DT_UNDEFINED,ND;ND;ND;NULL,"""1,896;1,1;1,896""",DT_BF16;FLOAT;DT_BF16,ND;ND;ND,N/A
0,4294967295,4822,46,aclnnMatmul_MatMulCommon_MatMulV2,MatMulV2,dynamic,AI_CORE,1790613010701342.521	,19.441,156.740000,22,0,NO,"""1,896;9728,896""",DT_BF16;DT_BF16,ND;ND,"""1,9728""",DT_BF16,ND,N/A
0,4294967295,4823,46,SwiGlu,SwiGlu,dynamic,AI_VECTOR_CORE,1790613010701469.946	,3.080,108.059000,1,0,NO,"""1,9728""",DT_BF16,ND,"""1,4864""",DT_BF16,ND,N/A
0,4294967295,4824,46,aclnnMatmul_MatMulCommon_MatMulV2,MatMulV2,dynamic,AI_CORE,1790613010701609.972	,16.441,136.920000,19,0,NO,"""1,4864;896,4864""",DT_BF16;DT_BF16,ND;ND,"""1,896""",DT_BF16,ND,N/A
0,4294967295,4825,46,AddRmsNormBias,AddRmsNormBias,dynamic,AI_VECTOR_CORE,1790613010701784.959	,1.640,158.559000,1,0,NO,"""1,896;1,896;896;""",DT_BF16;DT_BF16;DT_BF16;DT_UNDEFINED,ND;ND;ND;NULL,"""1,896;1,1;1,896""",DT_BF16;FLOAT;DT_BF16,ND;ND;ND,N/A
0,4294967295,4826,46,aclnnAddmm_CastAiCore_Cast,Cast,dynamic,AI_VECTOR_CORE,1790613010701940.845	,1.120,154.110000,2,0,NO,"""1152""",DT_BF16,ND,"""1152""",FLOAT,ND,N/A
0,4294967295,4827,46,aclnnAddmm_MatMulCommon_MatMulV2,MatMulV2,dynamic,AI_CORE,1790613010701944.165	,7.601,2.380000,24,0,NO,"""1,896;1152,896;1152""",DT_BF16;DT_BF16;FLOAT,ND;ND;ND,"""1,1152""",DT_BF16,ND,N/A
0,4294967295,4828,46,_triton_rope,_triton_rope,static,AI_VECTOR_CORE,1790613010702809.620	,2.820,857.649000,1,0,YES,"""1,14,64;1,2,64;32768,64""",DT_BF16;32590;DT_BF16,ND;ND;ND,"""1,14,64;1,2,64""",DT_BF16;32590,ND;ND,N/A
0,4294967295,4829,46,ReshapeAndCacheNdKernel,ReshapeAndCacheNdKernel,dynamic,AI_VECTOR_CORE,1790613010703483.967	,1.580,671.680000,1,0,NO,"""1,2,64;1,2,64;11823,128,2,64;11823,128,2,64;1""",DT_BF16;DT_BF16;DT_BF16;DT_BF16;INT32,ND;ND;ND;ND;ND,"""11823,128,2,64;11823,128,2,64""",DT_BF16;DT_BF16,ND;ND,N/A
0,4294967295,4830,46,FusedInferAttentionScore,FusedInferAttentionScore,dynamic,MIX_AIC,1790613010703942.005	,16.721,456.420000,24,48,NO,"""1,14,64;11823,128,128;11823,128,128;;2048,2048;1;1;;;;;;;;1,2;;;;;;;;;;;;;;;;""",DT_BF16;DT_BF16;DT_BF16;DT_UNDEFINED;INT8;INT64;INT64;DT_UNDEFINED;DT_UNDEFINED;DT_UNDEFINED;DT_UNDEFINED;DT_UNDEFINED;DT_UNDEFINED;DT_UNDEFINED;INT32;DT_UNDEFINED;DT_UNDEFINED;DT_UNDEFINED;DT_UNDEFINED;DT_UNDEFINED;DT_UNDEFINED;DT_UNDEFINED;DT_UNDEFINED;DT_UNDEFINED;DT_UNDEFINED;DT_UNDEFINED;DT_UNDEFINED;DT_UNDEFINED;DT_UNDEFINED;DT_UNDEFINED;DT_UNDEFINED,ND;ND;ND;NULL;ND;ND;ND;NULL;NULL;NULL;NULL;NULL;NULL;NULL;ND;NULL;NULL;NULL;NULL;NULL;NULL;NULL;NULL;NULL;NULL;NULL;NULL;NULL;NULL;NULL;NULL,"""1,14,64;""",DT_BF16;FLOAT,ND;ND,0
0,4294967295,4832,46,aclnnMatmul_MatMulCommon_MatMulV2,MatMulV2,dynamic,AI_CORE,1790613010704418.844	,5.580,460.029000,19,0,NO,"""1,896;896,896""",DT_BF16;DT_BF16,ND;ND,"""1,896""",DT_BF16,ND,N/A
0,4294967295,4833,46,AddRmsNormBias,AddRmsNormBias,dynamic,AI_VECTOR_CORE,1790613010704589.431	,1.680,165.170000,1,0,NO,"""1,896;1,896;896;""",DT_BF16;DT_BF16;DT_BF16;DT_UNDEFINED,ND;ND;ND;NULL,"""1,896;1,1;1,896""",DT_BF16;FLOAT;DT_BF16,ND;ND;ND,N/A
0,4294967295,4834,46,aclnnMatmul_MatMulCommon_MatMulV2,MatMulV2,dynamic,AI_CORE,1790613010704756.558	,19.021,165.320000,22,0,NO,"""1,896;9728,896""",DT_BF16;DT_BF16,ND;ND,"""1,9728""",DT_BF16,ND,N/A
0,4294967295,4835,46,SwiGlu,SwiGlu,dynamic,AI_VECTOR_CORE,1790613010704884.563	,2.820,108.979000,1,0,NO,"""1,9728""",DT_BF16,ND,"""1,4864""",DT_BF16,ND,N/A
0,4294967295,4836,46,aclnnMatmul_MatMulCommon_MatMulV2,MatMulV2,dynamic,AI_CORE,1790613010705025.129	,16.380,137.930000,19,0,NO,"""1,4864;896,4864""",DT_BF16;DT_BF16,ND;ND,"""1,896""",DT_BF16,ND,N/A
0,4294967295,4837,46,AddRmsNormBias,AddRmsNormBias,dynamic,AI_VECTOR_CORE,1790613010705231.297	,1.680,189.620000,1,0,NO,"""1,896;1,896;896;""",DT_BF16;DT_BF16;DT_BF16;DT_UNDEFINED,ND;ND;ND;NULL,"""1,896;1,1;1,896""",DT_BF16;FLOAT;DT_BF16,ND;ND;ND,N/A
0,4294967295,4838,46,aclnnAddmm_CastAiCore_Cast,Cast,dynamic,AI_VECTOR_CORE,1790613010705394.003	,1.220,161.070000,2,0,NO,"""1152""",DT_BF16,ND,"""1152""",FLOAT,ND,N/A
0,4294967295,4839,46,aclnnAddmm_MatMulCommon_MatMulV2,MatMulV2,dynamic,AI_CORE,1790613010705397.223	,7.421,2.030000,24,0,NO,"""1,896;1152,896;1152""",DT_BF16;DT_BF16;FLOAT,ND;ND;ND,"""1,1152""",DT_BF16,ND,N/A
0,4294967295,4840,46,_triton_rope,_triton_rope,static,AI_VECTOR_CORE,1790613010706270.378	,2.920,865.829000,1,0,YES,"""1,14,64;1,2,64;32768,64""",DT_BF16;32590;DT_BF16,ND;ND;ND,"""1,14,64;1,2,64""",DT_BF16;32590,ND;ND,N/A
0,4294967295,4841,46,ReshapeAndCacheNdKernel,ReshapeAndCacheNdKernel,dynamic,AI_VECTOR_CORE,1790613010706944.145	,1.640,670.830000,1,0,NO,"""1,2,64;1,2,64;11823,128,2,64;11823,128,2,64;1""",DT_BF16;DT_BF16;DT_BF16;DT_BF16;INT32,ND;ND;ND;ND;ND,"""11823,128,2,64;11823,128,2,64""",DT_BF16;DT_BF16,ND;ND,N/A
0,4294967295,4842,46,FusedInferAttentionScore,FusedInferAttentionScore,dynamic,MIX_AIC,1790613010707408.244	,21.601,462.360000,24,48,NO,"""1,14,64;11823,128,128;11823,128,128;;2048,2048;1;1;;;;;;;;1,2;;;;;;;;;;;;;;;;""",DT_BF16;DT_BF16;DT_BF16;DT_UNDEFINED;INT8;INT64;INT64;DT_UNDEFINED;DT_UNDEFINED;DT_UNDEFINED;DT_UNDEFINED;DT_UNDEFINED;DT_UNDEFINED;DT_UNDEFINED;INT32;DT_UNDEFINED;DT_UNDEFINED;DT_UNDEFINED;DT_UNDEFINED;DT_UNDEFINED;DT_UNDEFINED;DT_UNDEFINED;DT_UNDEFINED;DT_UNDEFINED;DT_UNDEFINED;DT_UNDEFINED;DT_UNDEFINED;DT_UNDEFINED;DT_UNDEFINED;DT_UNDEFINED;DT_UNDEFINED,ND;ND;ND;NULL;ND;ND;ND;NULL;NULL;NULL;NULL;NULL;NULL;NULL;ND;NULL;NULL;NULL;NULL;NULL;NULL;NULL;NULL;NULL;NULL;NULL;NULL;NULL;NULL;NULL;NULL,"""1,14,64;""",DT_BF16;FLOAT,ND;ND,0
0,4294967295,4844,46,aclnnMatmul_MatMulCommon_MatMulV2,MatMulV2,dynamic,AI_CORE,1790613010707874.702	,5.321,444.899000,19,0,NO,"""1,896;896,896""",DT_BF16;DT_BF16,ND;ND,"""1,896""",DT_BF16,ND,N/A
0,4294967295,4845,46,AddRmsNormBias,AddRmsNormBias,dynamic,AI_VECTOR_CORE,1790613010708048.509	,1.680,168.429000,1,0,NO,"""1,896;1,896;896;""",DT_BF16;DT_BF16;DT_BF16;DT_UNDEFINED,ND;ND;ND;NULL,"""1,896;1,1;1,896""",DT_BF16;FLOAT;DT_BF16,ND;ND;ND,N/A
0,4294967295,4846,46,aclnnMatmul_MatMulCommon_MatMulV2,MatMulV2,dynamic,AI_CORE,1790613010708202.075	,20.321,151.820000,22,0,NO,"""1,896;9728,896""",DT_BF16;DT_BF16,ND;ND,"""1,9728""",DT_BF16,ND,N/A
0,4294967295,4847,46,SwiGlu,SwiGlu,dynamic,AI_VECTOR_CORE,1790613010708322.380	,2.920,100.179000,1,0,NO,"""1,9728""",DT_BF16,ND,"""1,4864""",DT_BF16,ND,N/A
0,4294967295,4848,46,aclnnMatmul_MatMulCommon_MatMulV2,MatMulV2,dynamic,AI_CORE,1790613010708464.026	,16.621,138.580000,19,0,NO,"""1,4864;896,4864""",DT_BF16;DT_BF16,ND;ND,"""1,896""",DT_BF16,ND,N/A
0,4294967295,4849,46,AddRmsNormBias,AddRmsNormBias,dynamic,AI_VECTOR_CORE,1790613010708643.253	,1.680,162.629000,1,0,NO,"""1,896;1,896;896;""",DT_BF16;DT_BF16;DT_BF16;DT_UNDEFINED,ND;ND;ND;NULL,"""1,896;1,1;1,896""",DT_BF16;FLOAT;DT_BF16,ND;ND;ND,N/A
0,4294967295,4850,46,aclnnAddmm_CastAiCore_Cast,Cast,dynamic,AI_VECTOR_CORE,1790613010708800.159	,1.180,155.320000,2,0,NO,"""1152""",DT_BF16,ND,"""1152""",FLOAT,ND,N/A
0,4294967295,4851,46,aclnnAddmm_MatMulCommon_MatMulV2,MatMulV2,dynamic,AI_CORE,1790613010708803.039	,7.841,1.570000,24,0,NO,"""1,896;1152,896;1152""",DT_BF16;DT_BF16;FLOAT,ND;ND;ND,"""1,1152""",DT_BF16,ND,N/A
0,4294967295,4852,46,_triton_rope,_triton_rope,static,AI_VECTOR_CORE,1790613010709679.715	,2.820,868.909000,1,0,YES,"""1,14,64;1,2,64;32768,64""",DT_BF16;32590;DT_BF16,ND;ND;ND,"""1,14,64;1,2,64""",DT_BF16;32590,ND;ND,N/A
0,4294967295,4853,46,ReshapeAndCacheNdKernel,ReshapeAndCacheNdKernel,dynamic,AI_VECTOR_CORE,1790613010710355.641	,2.001,673.180000,1,0,NO,"""1,2,64;1,2,64;11823,128,2,64;11823,128,2,64;1""",DT_BF16;DT_BF16;DT_BF16;DT_BF16;INT32,ND;ND;ND;ND;ND,"""11823,128,2,64;11823,128,2,64""",DT_BF16;DT_BF16,ND;ND,N/A
0,4294967295,4854,46,FusedInferAttentionScore,FusedInferAttentionScore,dynamic,MIX_AIC,1790613010710813.060	,22.201,455.249000,24,48,NO,"""1,14,64;11823,128,128;11823,128,128;;2048,2048;1;1;;;;;;;;1,2;;;;;;;;;;;;;;;;""",DT_BF16;DT_BF16;DT_BF16;DT_UNDEFINED;INT8;INT64;INT64;DT_UNDEFINED;DT_UNDEFINED;DT_UNDEFINED;DT_UNDEFINED;DT_UNDEFINED;DT_UNDEFINED;DT_UNDEFINED;INT32;DT_UNDEFINED;DT_UNDEFINED;DT_UNDEFINED;DT_UNDEFINED;DT_UNDEFINED;DT_UNDEFINED;DT_UNDEFINED;DT_UNDEFINED;DT_UNDEFINED;DT_UNDEFINED;DT_UNDEFINED;DT_UNDEFINED;DT_UNDEFINED;DT_UNDEFINED;DT_UNDEFINED;DT_UNDEFINED,ND;ND;ND;NULL;ND;ND;ND;NULL;NULL;NULL;NULL;NULL;NULL;NULL;ND;NULL;NULL;NULL;NULL;NULL;NULL;NULL;NULL;NULL;NULL;NULL;NULL;NULL;NULL;NULL;NULL,"""1,14,64;""",DT_BF16;FLOAT,ND;ND,0
0,4294967295,4856,46,aclnnMatmul_MatMulCommon_MatMulV2,MatMulV2,dynamic,AI_CORE,1790613010711270.418	,5.540,435.299000,19,0,NO,"""1,896;896,896""",DT_BF16;DT_BF16,ND;ND,"""1,896""",DT_BF16,ND,N/A
0,4294967295,4857,46,AddRmsNormBias,AddRmsNormBias,dynamic,AI_VECTOR_CORE,1790613010711441.645	,1.680,165.710000,1,0,NO,"""1,896;1,896;896;""",DT_BF16;DT_BF16;DT_BF16;DT_UNDEFINED,ND;ND;ND;NULL,"""1,896;1,1;1,896""",DT_BF16;FLOAT;DT_BF16,ND;ND;ND,N/A
0,4294967295,4858,46,aclnnMatmul_MatMulCommon_MatMulV2,MatMulV2,dynamic,AI_CORE,1790613010711596.191	,20.081,152.820000,22,0,NO,"""1,896;9728,896""",DT_BF16;DT_BF16,ND;ND,"""1,9728""",DT_BF16,ND,N/A
0,4294967295,4859,46,SwiGlu,SwiGlu,dynamic,AI_VECTOR_CORE,1790613010711724.916	,3.040,108.669000,1,0,NO,"""1,9728""",DT_BF16,ND,"""1,4864""",DT_BF16,ND,N/A
0,4294967295,4860,46,aclnnMatmul_MatMulCommon_MatMulV2,MatMulV2,dynamic,AI_CORE,1790613010711864.602	,16.501,136.460000,19,0,NO,"""1,4864;896,4864""",DT_BF16;DT_BF16,ND;ND,"""1,896""",DT_BF16,ND,N/A
0,4294967295,4861,46,AddRmsNormBias,AddRmsNormBias,dynamic,AI_VECTOR_CORE,1790613010712041.189	,1.720,160.249000,1,0,NO,"""1,896;1,896;896;""",DT_BF16;DT_BF16;DT_BF16;DT_UNDEFINED,ND;ND;ND;NULL,"""1,896;1,1;1,896""",DT_BF16;FLOAT;DT_BF16,ND;ND;ND,N/A
0,4294967295,4862,46,aclnnAddmm_CastAiCore_Cast,Cast,dynamic,AI_VECTOR_CORE,1790613010712195.275	,1.160,152.280000,2,0,NO,"""1152""",DT_BF16,ND,"""1152""",FLOAT,ND,N/A
0,4294967295,4863,46,aclnnAddmm_MatMulCommon_MatMulV2,MatMulV2,dynamic,AI_CORE,1790613010712197.855	,7.660,1.340000,24,0,NO,"""1,896;1152,896;1152""",DT_BF16;DT_BF16;FLOAT,ND;ND;ND,"""1,1152""",DT_BF16,ND,N/A
0,4294967295,4864,46,_triton_rope,_triton_rope,static,AI_VECTOR_CORE,1790613010713068.130	,2.980,862.840000,1,0,YES,"""1,14,64;1,2,64;32768,64""",DT_BF16;32590;DT_BF16,ND;ND;ND,"""1,14,64;1,2,64""",DT_BF16;32590,ND;ND,N/A
0,4294967295,4865,46,ReshapeAndCacheNdKernel,ReshapeAndCacheNdKernel,dynamic,AI_VECTOR_CORE,1790613010713741.737	,1.660,670.520000,1,0,NO,"""1,2,64;1,2,64;11823,128,2,64;11823,128,2,64;1""",DT_BF16;DT_BF16;DT_BF16;DT_BF16;INT32,ND;ND;ND;ND;ND,"""11823,128,2,64;11823,128,2,64""",DT_BF16;DT_BF16,ND;ND,N/A
0,4294967295,4866,46,FusedInferAttentionScore,FusedInferAttentionScore,dynamic,MIX_AIC,1790613010714191.195	,17.881,447.840000,24,48,NO,"""1,14,64;11823,128,128;11823,128,128;;2048,2048;1;1;;;;;;;;1,2;;;;;;;;;;;;;;;;""",DT_BF16;DT_BF16;DT_BF16;DT_UNDEFINED;INT8;INT64;INT64;DT_UNDEFINED;DT_UNDEFINED;DT_UNDEFINED;DT_UNDEFINED;DT_UNDEFINED;DT_UNDEFINED;DT_UNDEFINED;INT32;DT_UNDEFINED;DT_UNDEFINED;DT_UNDEFINED;DT_UNDEFINED;DT_UNDEFINED;DT_UNDEFINED;DT_UNDEFINED;DT_UNDEFINED;DT_UNDEFINED;DT_UNDEFINED;DT_UNDEFINED;DT_UNDEFINED;DT_UNDEFINED;DT_UNDEFINED;DT_UNDEFINED;DT_UNDEFINED,ND;ND;ND;NULL;ND;ND;ND;NULL;NULL;NULL;NULL;NULL;NULL;NULL;ND;NULL;NULL;NULL;NULL;NULL;NULL;NULL;NULL;NULL;NULL;NULL;NULL;NULL;NULL;NULL;NULL,"""1,14,64;""",DT_BF16;FLOAT,ND;ND,0
0,4294967295,4868,46,aclnnMatmul_MatMulCommon_MatMulV2,MatMulV2,dynamic,AI_CORE,1790613010714672.014	,5.640,462.869000,19,0,NO,"""1,896;896,896""",DT_BF16;DT_BF16,ND;ND,"""1,896""",DT_BF16,ND,N/A
0,4294967295,4869,46,AddRmsNormBias,AddRmsNormBias,dynamic,AI_VECTOR_CORE,1790613010714846.881	,1.720,169.360000,1,0,NO,"""1,896;1,896;896;""",DT_BF16;DT_BF16;DT_BF16;DT_UNDEFINED,ND;ND;ND;NULL,"""1,896;1,1;1,896""",DT_BF16;FLOAT;DT_BF16,ND;ND;ND,N/A
0,4294967295,4870,46,aclnnMatmul_MatMulCommon_MatMulV2,MatMulV2,dynamic,AI_CORE,1790613010715000.327	,19.221,151.530000,22,0,NO,"""1,896;9728,896""",DT_BF16;DT_BF16,ND;ND,"""1,9728""",DT_BF16,ND,N/A
0,4294967295,4871,46,SwiGlu,SwiGlu,dynamic,AI_VECTOR_CORE,1790613010715124.352	,2.920,104.779000,1,0,NO,"""1,9728""",DT_BF16,ND,"""1,4864""",DT_BF16,ND,N/A
0,4294967295,4872,46,aclnnMatmul_MatMulCommon_MatMulV2,MatMulV2,dynamic,AI_CORE,1790613010715262.698	,16.520,135.580000,19,0,NO,"""1,4864;896,4864""",DT_BF16;DT_BF16,ND;ND,"""1,896""",DT_BF16,ND,N/A
0,4294967295,4873,46,AddRmsNormBias,AddRmsNormBias,dynamic,AI_VECTOR_CORE,1790613010715432.725	,1.740,153.480000,1,0,NO,"""1,896;1,896;896;""",DT_BF16;DT_BF16;DT_BF16;DT_UNDEFINED,ND;ND;ND;NULL,"""1,896;1,1;1,896""",DT_BF16;FLOAT;DT_BF16,ND;ND;ND,N/A
0,4294967295,4874,46,aclnnAddmm_CastAiCore_Cast,Cast,dynamic,AI_VECTOR_CORE,1790613010715584.731	,1.220,150.260000,2,0,NO,"""1152""",DT_BF16,ND,"""1152""",FLOAT,ND,N/A
0,4294967295,4875,46,aclnnAddmm_MatMulCommon_MatMulV2,MatMulV2,dynamic,AI_CORE,1790613010715587.351	,7.840,1.280000,24,0,NO,"""1,896;1152,896;1152""",DT_BF16;DT_BF16;FLOAT,ND;ND;ND,"""1,1152""",DT_BF16,ND,N/A
0,4294967295,4876,46,_triton_rope,_triton_rope,static,AI_VECTOR_CORE,1790613010716445.985	,2.940,850.910000,1,0,YES,"""1,14,64;1,2,64;32768,64""",DT_BF16;32590;DT_BF16,ND;ND;ND,"""1,14,64;1,2,64""",DT_BF16;32590,ND;ND,N/A
0,4294967295,4877,46,ReshapeAndCacheNdKernel,ReshapeAndCacheNdKernel,dynamic,AI_VECTOR_CORE,1790613010717123.632	,2.040,674.810000,1,0,NO,"""1,2,64;1,2,64;11823,128,2,64;11823,128,2,64;1""",DT_BF16;DT_BF16;DT_BF16;DT_BF16;INT32,ND;ND;ND;ND;ND,"""11823,128,2,64;11823,128,2,64""",DT_BF16;DT_BF16,ND;ND,N/A
0,4294967295,4878,46,FusedInferAttentionScore,FusedInferAttentionScore,dynamic,MIX_AIC,1790613010717589.371	,18.440,463.460000,24,48,NO,"""1,14,64;11823,128,128;11823,128,128;;2048,2048;1;1;;;;;;;;1,2;;;;;;;;;;;;;;;;""",DT_BF16;DT_BF16;DT_BF16;DT_UNDEFINED;INT8;INT64;INT64;DT_UNDEFINED;DT_UNDEFINED;DT_UNDEFINED;DT_UNDEFINED;DT_UNDEFINED;DT_UNDEFINED;DT_UNDEFINED;INT32;DT_UNDEFINED;DT_UNDEFINED;DT_UNDEFINED;DT_UNDEFINED;DT_UNDEFINED;DT_UNDEFINED;DT_UNDEFINED;DT_UNDEFINED;DT_UNDEFINED;DT_UNDEFINED;DT_UNDEFINED;DT_UNDEFINED;DT_UNDEFINED;DT_UNDEFINED;DT_UNDEFINED;DT_UNDEFINED,ND;ND;ND;NULL;ND;ND;ND;NULL;NULL;NULL;NULL;NULL;NULL;NULL;ND;NULL;NULL;NULL;NULL;NULL;NULL;NULL;NULL;NULL;NULL;NULL;NULL;NULL;NULL;NULL;NULL,"""1,14,64;""",DT_BF16;FLOAT,ND;ND,0
0,4294967295,4880,46,aclnnMatmul_MatMulCommon_MatMulV2,MatMulV2,dynamic,AI_CORE,1790613010718060.270	,5.480,452.560000,19,0,NO,"""1,896;896,896""",DT_BF16;DT_BF16,ND;ND,"""1,896""",DT_BF16,ND,N/A
0,4294967295,4881,46,AddRmsNormBias,AddRmsNormBias,dynamic,AI_VECTOR_CORE,1790613010718248.257	,1.760,182.520000,1,0,NO,"""1,896;1,896;896;""",DT_BF16;DT_BF16;DT_BF16;DT_UNDEFINED,ND;ND;ND;NULL,"""1,896;1,1;1,896""",DT_BF16;FLOAT;DT_BF16,ND;ND;ND,N/A
0,4294967295,4882,46,aclnnMatmul_MatMulCommon_MatMulV2,MatMulV2,dynamic,AI_CORE,1790613010718408.163	,19.361,158.240000,22,0,NO,"""1,896;9728,896""",DT_BF16;DT_BF16,ND;ND,"""1,9728""",DT_BF16,ND,N/A
0,4294967295,4883,46,SwiGlu,SwiGlu,dynamic,AI_VECTOR_CORE,1790613010718531.288	,2.921,103.639000,1,0,NO,"""1,9728""",DT_BF16,ND,"""1,4864""",DT_BF16,ND,N/A
0,4294967295,4884,46,aclnnMatmul_MatMulCommon_MatMulV2,MatMulV2,dynamic,AI_CORE,1790613010718667.954	,16.221,133.829000,19,0,NO,"""1,4864;896,4864""",DT_BF16;DT_BF16,ND;ND,"""1,896""",DT_BF16,ND,N/A
0,4294967295,4885,46,AddRmsNormBias,AddRmsNormBias,dynamic,AI_VECTOR_CORE,1790613010718839.601	,2.000,155.279000,1,0,NO,"""1,896;1,896;896;""",DT_BF16;DT_BF16;DT_BF16;DT_UNDEFINED,ND;ND;ND;NULL,"""1,896;1,1;1,896""",DT_BF16;FLOAT;DT_BF16,ND;ND;ND,N/A
0,4294967295,4886,46,aclnnAddmm_CastAiCore_Cast,Cast,dynamic,AI_VECTOR_CORE,1790613010718997.087	,1.160,155.500000,2,0,NO,"""1152""",DT_BF16,ND,"""1152""",FLOAT,ND,N/A
0,4294967295,4887,46,aclnnAddmm_MatMulCommon_MatMulV2,MatMulV2,dynamic,AI_CORE,1790613010719000.727	,7.360,2.590000,24,0,NO,"""1,896;1152,896;1152""",DT_BF16;DT_BF16;FLOAT,ND;ND;ND,"""1,1152""",DT_BF16,ND,N/A
0,4294967295,4888,46,_triton_rope,_triton_rope,static,AI_VECTOR_CORE,1790613010719851.321	,3.020,843.140000,1,0,YES,"""1,14,64;1,2,64;32768,64""",DT_BF16;32590;DT_BF16,ND;ND;ND,"""1,14,64;1,2,64""",DT_BF16;32590,ND;ND,N/A
0,4294967295,4889,46,ReshapeAndCacheNdKernel,ReshapeAndCacheNdKernel,dynamic,AI_VECTOR_CORE,1790613010720519.088	,1.980,664.730000,1,0,NO,"""1,2,64;1,2,64;11823,128,2,64;11823,128,2,64;1""",DT_BF16;DT_BF16;DT_BF16;DT_BF16;INT32,ND;ND;ND;ND;ND,"""11823,128,2,64;11823,128,2,64""",DT_BF16;DT_BF16,ND;ND,N/A
0,4294967295,4890,46,FusedInferAttentionScore,FusedInferAttentionScore,dynamic,MIX_AIC,1790613010720967.786	,17.041,446.770000,24,48,NO,"""1,14,64;11823,128,128;11823,128,128;;2048,2048;1;1;;;;;;;;1,2;;;;;;;;;;;;;;;;""",DT_BF16;DT_BF16;DT_BF16;DT_UNDEFINED;INT8;INT64;INT64;DT_UNDEFINED;DT_UNDEFINED;DT_UNDEFINED;DT_UNDEFINED;DT_UNDEFINED;DT_UNDEFINED;DT_UNDEFINED;INT32;DT_UNDEFINED;DT_UNDEFINED;DT_UNDEFINED;DT_UNDEFINED;DT_UNDEFINED;DT_UNDEFINED;DT_UNDEFINED;DT_UNDEFINED;DT_UNDEFINED;DT_UNDEFINED;DT_UNDEFINED;DT_UNDEFINED;DT_UNDEFINED;DT_UNDEFINED;DT_UNDEFINED;DT_UNDEFINED,ND;ND;ND;NULL;ND;ND;ND;NULL;NULL;NULL;NULL;NULL;NULL;NULL;ND;NULL;NULL;NULL;NULL;NULL;NULL;NULL;NULL;NULL;NULL;NULL;NULL;NULL;NULL;NULL;NULL,"""1,14,64;""",DT_BF16;FLOAT,ND;ND,0
0,4294967295,4892,46,aclnnMatmul_MatMulCommon_MatMulV2,MatMulV2,dynamic,AI_CORE,1790613010721468.826	,5.600,483.959000,19,0,NO,"""1,896;896,896""",DT_BF16;DT_BF16,ND;ND,"""1,896""",DT_BF16,ND,N/A
0,4294967295,4893,46,AddRmsNormBias,AddRmsNormBias,dynamic,AI_VECTOR_CORE,1790613010721642.793	,1.640,168.400000,1,0,NO,"""1,896;1,896;896;""",DT_BF16;DT_BF16;DT_BF16;DT_UNDEFINED,ND;ND;ND;NULL,"""1,896;1,1;1,896""",DT_BF16;FLOAT;DT_BF16,ND;ND;ND,N/A
0,4294967295,4894,46,aclnnMatmul_MatMulCommon_MatMulV2,MatMulV2,dynamic,AI_CORE,1790613010721813.220	,19.520,168.860000,22,0,NO,"""1,896;9728,896""",DT_BF16;DT_BF16,ND;ND,"""1,9728""",DT_BF16,ND,N/A
0,4294967295,4895,46,SwiGlu,SwiGlu,dynamic,AI_VECTOR_CORE,1790613010721943.445	,4.120,110.730000,1,0,NO,"""1,9728""",DT_BF16,ND,"""1,4864""",DT_BF16,ND,N/A
0,4294967295,4896,46,aclnnMatmul_MatMulCommon_MatMulV2,MatMulV2,dynamic,AI_CORE,1790613010722090.271	,16.400,142.630000,19,0,NO,"""1,4864;896,4864""",DT_BF16;DT_BF16,ND;ND,"""1,896""",DT_BF16,ND,N/A
0,4294967295,4897,46,AddRmsNormBias,AddRmsNormBias,dynamic,AI_VECTOR_CORE,1790613010722263.378	,1.740,156.850000,1,0,NO,"""1,896;1,896;896;""",DT_BF16;DT_BF16;DT_BF16;DT_UNDEFINED,ND;ND;ND;NULL,"""1,896;1,1;1,896""",DT_BF16;FLOAT;DT_BF16,ND;ND;ND,N/A
0,4294967295,4898,46,aclnnAddmm_CastAiCore_Cast,Cast,dynamic,AI_VECTOR_CORE,1790613010722415.704	,1.260,150.510000,2,0,NO,"""1152""",DT_BF16,ND,"""1152""",FLOAT,ND,N/A
0,4294967295,4899,46,aclnnAddmm_MatMulCommon_MatMulV2,MatMulV2,dynamic,AI_CORE,1790613010722418.284	,7.540,1.240000,24,0,NO,"""1,896;1152,896;1152""",DT_BF16;DT_BF16;FLOAT,ND;ND;ND,"""1,1152""",DT_BF16,ND,N/A
0,4294967295,4900,46,_triton_rope,_triton_rope,static,AI_VECTOR_CORE,1790613010723285.899	,2.940,860.210000,1,0,YES,"""1,14,64;1,2,64;32768,64""",DT_BF16;32590;DT_BF16,ND;ND;ND,"""1,14,64;1,2,64""",DT_BF16;32590,ND;ND,N/A
0,4294967295,4901,46,ReshapeAndCacheNdKernel,ReshapeAndCacheNdKernel,dynamic,AI_VECTOR_CORE,1790613010723965.886	,1.880,677.060000,1,0,NO,"""1,2,64;1,2,64;11823,128,2,64;11823,128,2,64;1""",DT_BF16;DT_BF16;DT_BF16;DT_BF16;INT32,ND;ND;ND;ND;ND,"""11823,128,2,64;11823,128,2,64""",DT_BF16;DT_BF16,ND;ND,N/A
0,4294967295,4902,46,FusedInferAttentionScore,FusedInferAttentionScore,dynamic,MIX_AIC,1790613010724424.524	,20.601,456.620000,24,48,NO,"""1,14,64;11823,128,128;11823,128,128;;2048,2048;1;1;;;;;;;;1,2;;;;;;;;;;;;;;;;""",DT_BF16;DT_BF16;DT_BF16;DT_UNDEFINED;INT8;INT64;INT64;DT_UNDEFINED;DT_UNDEFINED;DT_UNDEFINED;DT_UNDEFINED;DT_UNDEFINED;DT_UNDEFINED;DT_UNDEFINED;INT32;DT_UNDEFINED;DT_UNDEFINED;DT_UNDEFINED;DT_UNDEFINED;DT_UNDEFINED;DT_UNDEFINED;DT_UNDEFINED;DT_UNDEFINED;DT_UNDEFINED;DT_UNDEFINED;DT_UNDEFINED;DT_UNDEFINED;DT_UNDEFINED;DT_UNDEFINED;DT_UNDEFINED;DT_UNDEFINED,ND;ND;ND;NULL;ND;ND;ND;NULL;NULL;NULL;NULL;NULL;NULL;NULL;ND;NULL;NULL;NULL;NULL;NULL;NULL;NULL;NULL;NULL;NULL;NULL;NULL;NULL;NULL;NULL;NULL,"""1,14,64;""",DT_BF16;FLOAT,ND;ND,0
0,4294967295,4904,46,aclnnMatmul_MatMulCommon_MatMulV2,MatMulV2,dynamic,AI_CORE,1790613010724903.983	,5.620,458.899000,19,0,NO,"""1,896;896,896""",DT_BF16;DT_BF16,ND;ND,"""1,896""",DT_BF16,ND,N/A
0,4294967295,4905,46,AddRmsNormBias,AddRmsNormBias,dynamic,AI_VECTOR_CORE,1790613010725079.790	,1.780,170.130000,1,0,NO,"""1,896;1,896;896;""",DT_BF16;DT_BF16;DT_BF16;DT_UNDEFINED,ND;ND;ND;NULL,"""1,896;1,1;1,896""",DT_BF16;FLOAT;DT_BF16,ND;ND;ND,N/A
0,4294967295,4906,46,aclnnMatmul_MatMulCommon_MatMulV2,MatMulV2,dynamic,AI_CORE,1790613010725259.917	,19.621,178.470000,22,0,NO,"""1,896;9728,896""",DT_BF16;DT_BF16,ND;ND,"""1,9728""",DT_BF16,ND,N/A
0,4294967295,4907,46,SwiGlu,SwiGlu,dynamic,AI_VECTOR_CORE,1790613010725384.142	,2.901,104.629000,1,0,NO,"""1,9728""",DT_BF16,ND,"""1,4864""",DT_BF16,ND,N/A
0,4294967295,4908,46,aclnnMatmul_MatMulCommon_MatMulV2,MatMulV2,dynamic,AI_CORE,1790613010725516.708	,16.540,129.599000,19,0,NO,"""1,4864;896,4864""",DT_BF16;DT_BF16,ND;ND,"""1,896""",DT_BF16,ND,N/A
0,4294967295,4909,46,AddRmsNormBias,AddRmsNormBias,dynamic,AI_VECTOR_CORE,1790613010725687.055	,1.860,153.710000,1,0,NO,"""1,896;1,896;896;""",DT_BF16;DT_BF16;DT_BF16;DT_UNDEFINED,ND;ND;ND;NULL,"""1,896;1,1;1,896""",DT_BF16;FLOAT;DT_BF16,ND;ND;ND,N/A
0,4294967295,4910,46,aclnnAddmm_CastAiCore_Cast,Cast,dynamic,AI_VECTOR_CORE,1790613010725865.782	,1.120,176.890000,2,0,NO,"""1152""",DT_BF16,ND,"""1152""",FLOAT,ND,N/A
0,4294967295,4911,46,aclnnAddmm_MatMulCommon_MatMulV2,MatMulV2,dynamic,AI_CORE,1790613010725868.882	,7.860,2.130000,24,0,NO,"""1,896;1152,896;1152""",DT_BF16;DT_BF16;FLOAT,ND;ND;ND,"""1,1152""",DT_BF16,ND,N/A
0,4294967295,4912,46,_triton_rope,_triton_rope,static,AI_VECTOR_CORE,1790613010726726.296	,3.200,849.390000,1,0,YES,"""1,14,64;1,2,64;32768,64""",DT_BF16;32590;DT_BF16,ND;ND;ND,"""1,14,64;1,2,64""",DT_BF16;32590,ND;ND,N/A
0,4294967295,4913,46,ReshapeAndCacheNdKernel,ReshapeAndCacheNdKernel,dynamic,AI_VECTOR_CORE,1790613010727403.383	,1.680,674.050000,1,0,NO,"""1,2,64;1,2,64;11823,128,2,64;11823,128,2,64;1""",DT_BF16;DT_BF16;DT_BF16;DT_BF16;INT32,ND;ND;ND;ND;ND,"""11823,128,2,64;11823,128,2,64""",DT_BF16;DT_BF16,ND;ND,N/A
0,4294967295,4914,46,FusedInferAttentionScore,FusedInferAttentionScore,dynamic,MIX_AIC,1790613010727849.021	,21.901,443.820000,24,48,NO,"""1,14,64;11823,128,128;11823,128,128;;2048,2048;1;1;;;;;;;;1,2;;;;;;;;;;;;;;;;""",DT_BF16;DT_BF16;DT_BF16;DT_UNDEFINED;INT8;INT64;INT64;DT_UNDEFINED;DT_UNDEFINED;DT_UNDEFINED;DT_UNDEFINED;DT_UNDEFINED;DT_UNDEFINED;DT_UNDEFINED;INT32;DT_UNDEFINED;DT_UNDEFINED;DT_UNDEFINED;DT_UNDEFINED;DT_UNDEFINED;DT_UNDEFINED;DT_UNDEFINED;DT_UNDEFINED;DT_UNDEFINED;DT_UNDEFINED;DT_UNDEFINED;DT_UNDEFINED;DT_UNDEFINED;DT_UNDEFINED;DT_UNDEFINED;DT_UNDEFINED,ND;ND;ND;NULL;ND;ND;ND;NULL;NULL;NULL;NULL;NULL;NULL;NULL;ND;NULL;NULL;NULL;NULL;NULL;NULL;NULL;NULL;NULL;NULL;NULL;NULL;NULL;NULL;NULL;NULL,"""1,14,64;""",DT_BF16;FLOAT,ND;ND,0
0,4294967295,4916,46,aclnnMatmul_MatMulCommon_MatMulV2,MatMulV2,dynamic,AI_CORE,1790613010728320.200	,5.480,449.349000,19,0,NO,"""1,896;896,896""",DT_BF16;DT_BF16,ND;ND,"""1,896""",DT_BF16,ND,N/A
0,4294967295,4917,46,AddRmsNormBias,AddRmsNormBias,dynamic,AI_VECTOR_CORE,1790613010728494.227	,1.680,168.520000,1,0,NO,"""1,896;1,896;896;""",DT_BF16;DT_BF16;DT_BF16;DT_UNDEFINED,ND;ND;ND;NULL,"""1,896;1,1;1,896""",DT_BF16;FLOAT;DT_BF16,ND;ND;ND,N/A
0,4294967295,4918,46,aclnnMatmul_MatMulCommon_MatMulV2,MatMulV2,dynamic,AI_CORE,1790613010728646.093	,19.081,150.070000,22,0,NO,"""1,896;9728,896""",DT_BF16;DT_BF16,ND;ND,"""1,9728""",DT_BF16,ND,N/A
0,4294967295,4919,46,SwiGlu,SwiGlu,dynamic,AI_VECTOR_CORE,1790613010728771.078	,2.880,105.919000,1,0,NO,"""1,9728""",DT_BF16,ND,"""1,4864""",DT_BF16,ND,N/A
0,4294967295,4920,46,aclnnMatmul_MatMulCommon_MatMulV2,MatMulV2,dynamic,AI_CORE,1790613010728909.763	,16.261,135.870000,19,0,NO,"""1,4864;896,4864""",DT_BF16;DT_BF16,ND;ND,"""1,896""",DT_BF16,ND,N/A
0,4294967295,4921,46,AddRmsNormBias,AddRmsNormBias,dynamic,AI_VECTOR_CORE,1790613010729080.950	,1.720,154.989000,1,0,NO,"""1,896;1,896;896;""",DT_BF16;DT_BF16;DT_BF16;DT_UNDEFINED,ND;ND;ND;NULL,"""1,896;1,1;1,896""",DT_BF16;FLOAT;DT_BF16,ND;ND;ND,N/A
0,4294967295,4922,46,aclnnAddmm_CastAiCore_Cast,Cast,dynamic,AI_VECTOR_CORE,1790613010729242.217	,1.200,159.530000,2,0,NO,"""1152""",DT_BF16,ND,"""1152""",FLOAT,ND,N/A
0,4294967295,4923,46,aclnnAddmm_MatMulCommon_MatMulV2,MatMulV2,dynamic,AI_CORE,1790613010729244.717	,7.360,1.300000,24,0,NO,"""1,896;1152,896;1152""",DT_BF16;DT_BF16;FLOAT,ND;ND;ND,"""1,1152""",DT_BF16,ND,N/A
0,4294967295,4924,46,_triton_rope,_triton_rope,static,AI_VECTOR_CORE,1790613010730118.292	,2.860,866.140000,1,0,YES,"""1,14,64;1,2,64;32768,64""",DT_BF16;32590;DT_BF16,ND;ND;ND,"""1,14,64;1,2,64""",DT_BF16;32590,ND;ND,N/A
0,4294967295,4925,46,ReshapeAndCacheNdKernel,ReshapeAndCacheNdKernel,dynamic,AI_VECTOR_CORE,1790613010730793.559	,2.100,672.390000,1,0,NO,"""1,2,64;1,2,64;11823,128,2,64;11823,128,2,64;1""",DT_BF16;DT_BF16;DT_BF16;DT_BF16;INT32,ND;ND;ND;ND;ND,"""11823,128,2,64;11823,128,2,64""",DT_BF16;DT_BF16,ND;ND,N/A
0,4294967295,4926,46,FusedInferAttentionScore,FusedInferAttentionScore,dynamic,MIX_AIC,1790613010731245.177	,22.621,449.650000,24,48,NO,"""1,14,64;11823,128,128;11823,128,128;;2048,2048;1;1;;;;;;;;1,2;;;;;;;;;;;;;;;;""",DT_BF16;DT_BF16;DT_BF16;DT_UNDEFINED;INT8;INT64;INT64;DT_UNDEFINED;DT_UNDEFINED;DT_UNDEFINED;DT_UNDEFINED;DT_UNDEFINED;DT_UNDEFINED;DT_UNDEFINED;INT32;DT_UNDEFINED;DT_UNDEFINED;DT_UNDEFINED;DT_UNDEFINED;DT_UNDEFINED;DT_UNDEFINED;DT_UNDEFINED;DT_UNDEFINED;DT_UNDEFINED;DT_UNDEFINED;DT_UNDEFINED;DT_UNDEFINED;DT_UNDEFINED;DT_UNDEFINED;DT_UNDEFINED;DT_UNDEFINED,ND;ND;ND;NULL;ND;ND;ND;NULL;NULL;NULL;NULL;NULL;NULL;NULL;ND;NULL;NULL;NULL;NULL;NULL;NULL;NULL;NULL;NULL;NULL;NULL;NULL;NULL;NULL;NULL;NULL,"""1,14,64;""",DT_BF16;FLOAT,ND;ND,0
0,4294967295,4928,46,aclnnMatmul_MatMulCommon_MatMulV2,MatMulV2,dynamic,AI_CORE,1790613010731747.477	,5.620,479.629000,19,0,NO,"""1,896;896,896""",DT_BF16;DT_BF16,ND;ND,"""1,896""",DT_BF16,ND,N/A
0,4294967295,4929,46,AddRmsNormBias,AddRmsNormBias,dynamic,AI_VECTOR_CORE,1790613010731922.584	,1.780,169.380000,1,0,NO,"""1,896;1,896;896;""",DT_BF16;DT_BF16;DT_BF16;DT_UNDEFINED,ND;ND;ND;NULL,"""1,896;1,1;1,896""",DT_BF16;FLOAT;DT_BF16,ND;ND;ND,N/A
0,4294967295,4930,46,aclnnMatmul_MatMulCommon_MatMulV2,MatMulV2,dynamic,AI_CORE,1790613010732085.550	,20.101,161.220000,22,0,NO,"""1,896;9728,896""",DT_BF16;DT_BF16,ND;ND,"""1,9728""",DT_BF16,ND,N/A
0,4294967295,4931,46,SwiGlu,SwiGlu,dynamic,AI_VECTOR_CORE,1790613010732217.796	,2.860,112.149000,1,0,NO,"""1,9728""",DT_BF16,ND,"""1,4864""",DT_BF16,ND,N/A
0,4294967295,4932,46,aclnnMatmul_MatMulCommon_MatMulV2,MatMulV2,dynamic,AI_CORE,1790613010732356.841	,16.561,136.140000,19,0,NO,"""1,4864;896,4864""",DT_BF16;DT_BF16,ND;ND,"""1,896""",DT_BF16,ND,N/A
0,4294967295,4933,46,AddRmsNormBias,AddRmsNormBias,dynamic,AI_VECTOR_CORE,1790613010732528.388	,1.740,155.189000,1,0,NO,"""1,896;1,896;896;""",DT_BF16;DT_BF16;DT_BF16;DT_UNDEFINED,ND;ND;ND;NULL,"""1,896;1,1;1,896""",DT_BF16;FLOAT;DT_BF16,ND;ND;ND,N/A
0,4294967295,4934,46,aclnnAddmm_CastAiCore_Cast,Cast,dynamic,AI_VECTOR_CORE,1790613010732684.934	,1.160,154.760000,2,0,NO,"""1152""",DT_BF16,ND,"""1152""",FLOAT,ND,N/A
0,4294967295,4935,46,aclnnAddmm_MatMulCommon_MatMulV2,MatMulV2,dynamic,AI_CORE,1790613010732687.674	,7.821,1.590000,24,0,NO,"""1,896;1152,896;1152""",DT_BF16;DT_BF16;FLOAT,ND;ND;ND,"""1,1152""",DT_BF16,ND,N/A
0,4294967295,4936,46,_triton_rope,_triton_rope,static,AI_VECTOR_CORE,1790613010733560.389	,2.880,864.929000,1,0,YES,"""1,14,64;1,2,64;32768,64""",DT_BF16;32590;DT_BF16,ND;ND;ND,"""1,14,64;1,2,64""",DT_BF16;32590,ND;ND,N/A
0,4294967295,4937,46,ReshapeAndCacheNdKernel,ReshapeAndCacheNdKernel,dynamic,AI_VECTOR_CORE,1790613010734243.417	,1.960,680.120000,1,0,NO,"""1,2,64;1,2,64;11823,128,2,64;11823,128,2,64;1""",DT_BF16;DT_BF16;DT_BF16;DT_BF16;INT32,ND;ND;ND;ND;ND,"""11823,128,2,64;11823,128,2,64""",DT_BF16;DT_BF16,ND;ND,N/A
0,4294967295,4938,46,FusedInferAttentionScore,FusedInferAttentionScore,dynamic,MIX_AIC,1790613010734689.795	,17.920,444.290000,24,48,NO,"""1,14,64;11823,128,128;11823,128,128;;2048,2048;1;1;;;;;;;;1,2;;;;;;;;;;;;;;;;""",DT_BF16;DT_BF16;DT_BF16;DT_UNDEFINED;INT8;INT64;INT64;DT_UNDEFINED;DT_UNDEFINED;DT_UNDEFINED;DT_UNDEFINED;DT_UNDEFINED;DT_UNDEFINED;DT_UNDEFINED;INT32;DT_UNDEFINED;DT_UNDEFINED;DT_UNDEFINED;DT_UNDEFINED;DT_UNDEFINED;DT_UNDEFINED;DT_UNDEFINED;DT_UNDEFINED;DT_UNDEFINED;DT_UNDEFINED;DT_UNDEFINED;DT_UNDEFINED;DT_UNDEFINED;DT_UNDEFINED;DT_UNDEFINED;DT_UNDEFINED,ND;ND;ND;NULL;ND;ND;ND;NULL;NULL;NULL;NULL;NULL;NULL;NULL;ND;NULL;NULL;NULL;NULL;NULL;NULL;NULL;NULL;NULL;NULL;NULL;NULL;NULL;NULL;NULL;NULL,"""1,14,64;""",DT_BF16;FLOAT,ND;ND,0
0,4294967295,4940,46,aclnnMatmul_MatMulCommon_MatMulV2,MatMulV2,dynamic,AI_CORE,1790613010735160.953	,5.600,453.330000,19,0,NO,"""1,896;896,896""",DT_BF16;DT_BF16,ND;ND,"""1,896""",DT_BF16,ND,N/A
0,4294967295,4941,46,AddRmsNormBias,AddRmsNormBias,dynamic,AI_VECTOR_CORE,1790613010735340.020	,1.721,173.400000,1,0,NO,"""1,896;1,896;896;""",DT_BF16;DT_BF16;DT_BF16;DT_UNDEFINED,ND;ND;ND;NULL,"""1,896;1,1;1,896""",DT_BF16;FLOAT;DT_BF16,ND;ND;ND,N/A
0,4294967295,4942,46,aclnnMatmul_MatMulCommon_MatMulV2,MatMulV2,dynamic,AI_CORE,1790613010735490.006	,19.661,148.279000,22,0,NO,"""1,896;9728,896""",DT_BF16;DT_BF16,ND;ND,"""1,9728""",DT_BF16,ND,N/A
0,4294967295,4943,46,SwiGlu,SwiGlu,dynamic,AI_VECTOR_CORE,1790613010735617.111	,2.961,107.339000,1,0,NO,"""1,9728""",DT_BF16,ND,"""1,4864""",DT_BF16,ND,N/A
0,4294967295,4944,46,aclnnMatmul_MatMulCommon_MatMulV2,MatMulV2,dynamic,AI_CORE,1790613010735746.737	,16.320,126.789000,19,0,NO,"""1,4864;896,4864""",DT_BF16;DT_BF16,ND;ND,"""1,896""",DT_BF16,ND,N/A
0,4294967295,4945,46,AddRmsNormBias,AddRmsNormBias,dynamic,AI_VECTOR_CORE,1790613010735922.004	,1.700,158.930000,1,0,NO,"""1,896;1,896;896;""",DT_BF16;DT_BF16;DT_BF16;DT_UNDEFINED,ND;ND;ND;NULL,"""1,896;1,1;1,896""",DT_BF16;FLOAT;DT_BF16,ND;ND;ND,N/A
0,4294967295,4946,46,aclnnAddmm_CastAiCore_Cast,Cast,dynamic,AI_VECTOR_CORE,1790613010736081.550	,1.240,157.800000,2,0,NO,"""1152""",DT_BF16,ND,"""1152""",FLOAT,ND,N/A
0,4294967295,4947,46,aclnnAddmm_MatMulCommon_MatMulV2,MatMulV2,dynamic,AI_CORE,1790613010736084.130	,7.361,1.510000,24,0,NO,"""1,896;1152,896;1152""",DT_BF16;DT_BF16;FLOAT,ND;ND;ND,"""1,1152""",DT_BF16,ND,N/A
0,4294967295,4948,46,_triton_rope,_triton_rope,static,AI_VECTOR_CORE,1790613010736954.225	,2.860,862.639000,1,0,YES,"""1,14,64;1,2,64;32768,64""",DT_BF16;32590;DT_BF16,ND;ND;ND,"""1,14,64;1,2,64""",DT_BF16;32590,ND;ND,N/A
0,4294967295,4949,46,ReshapeAndCacheNdKernel,ReshapeAndCacheNdKernel,dynamic,AI_VECTOR_CORE,1790613010737633.392	,1.800,676.390000,1,0,NO,"""1,2,64;1,2,64;11823,128,2,64;11823,128,2,64;1""",DT_BF16;DT_BF16;DT_BF16;DT_BF16;INT32,ND;ND;ND;ND;ND,"""11823,128,2,64;11823,128,2,64""",DT_BF16;DT_BF16,ND;ND,N/A
0,4294967295,4950,46,FusedInferAttentionScore,FusedInferAttentionScore,dynamic,MIX_AIC,1790613010738091.230	,19.021,455.950000,24,48,NO,"""1,14,64;11823,128,128;11823,128,128;;2048,2048;1;1;;;;;;;;1,2;;;;;;;;;;;;;;;;""",DT_BF16;DT_BF16;DT_BF16;DT_UNDEFINED;INT8;INT64;INT64;DT_UNDEFINED;DT_UNDEFINED;DT_UNDEFINED;DT_UNDEFINED;DT_UNDEFINED;DT_UNDEFINED;DT_UNDEFINED;INT32;DT_UNDEFINED;DT_UNDEFINED;DT_UNDEFINED;DT_UNDEFINED;DT_UNDEFINED;DT_UNDEFINED;DT_UNDEFINED;DT_UNDEFINED;DT_UNDEFINED;DT_UNDEFINED;DT_UNDEFINED;DT_UNDEFINED;DT_UNDEFINED;DT_UNDEFINED;DT_UNDEFINED;DT_UNDEFINED,ND;ND;ND;NULL;ND;ND;ND;NULL;NULL;NULL;NULL;NULL;NULL;NULL;ND;NULL;NULL;NULL;NULL;NULL;NULL;NULL;NULL;NULL;NULL;NULL;NULL;NULL;NULL;NULL;NULL,"""1,14,64;""",DT_BF16;FLOAT,ND;ND,0
0,4294967295,4952,46,aclnnMatmul_MatMulCommon_MatMulV2,MatMulV2,dynamic,AI_CORE,1790613010738555.149	,5.320,444.979000,19,0,NO,"""1,896;896,896""",DT_BF16;DT_BF16,ND;ND,"""1,896""",DT_BF16,ND,N/A
0,4294967295,4953,46,AddRmsNormBias,AddRmsNormBias,dynamic,AI_VECTOR_CORE,1790613010738735.316	,1.680,174.680000,1,0,NO,"""1,896;1,896;896;""",DT_BF16;DT_BF16;DT_BF16;DT_UNDEFINED,ND;ND;ND;NULL,"""1,896;1,1;1,896""",DT_BF16;FLOAT;DT_BF16,ND;ND;ND,N/A
0,4294967295,4954,46,aclnnMatmul_MatMulCommon_MatMulV2,MatMulV2,dynamic,AI_CORE,1790613010738888.242	,19.761,151.320000,22,0,NO,"""1,896;9728,896""",DT_BF16;DT_BF16,ND;ND,"""1,9728""",DT_BF16,ND,N/A
0,4294967295,4955,46,SwiGlu,SwiGlu,dynamic,AI_VECTOR_CORE,1790613010739015.667	,2.920,107.739000,1,0,NO,"""1,9728""",DT_BF16,ND,"""1,4864""",DT_BF16,ND,N/A
0,4294967295,4956,46,aclnnMatmul_MatMulCommon_MatMulV2,MatMulV2,dynamic,AI_CORE,1790613010739156.633	,16.261,138.080000,19,0,NO,"""1,4864;896,4864""",DT_BF16;DT_BF16,ND;ND,"""1,896""",DT_BF16,ND,N/A
0,4294967295,4957,46,AddRmsNormBias,AddRmsNormBias,dynamic,AI_VECTOR_CORE,1790613010739325.320	,1.740,152.239000,1,0,NO,"""1,896;1,896;896;""",DT_BF16;DT_BF16;DT_BF16;DT_UNDEFINED,ND;ND;ND;NULL,"""1,896;1,1;1,896""",DT_BF16;FLOAT;DT_BF16,ND;ND;ND,N/A
0,4294967295,4958,46,aclnnAddmm_CastAiCore_Cast,Cast,dynamic,AI_VECTOR_CORE,1790613010739485.246	,1.280,158.260000,2,0,NO,"""1152""",DT_BF16,ND,"""1152""",FLOAT,ND,N/A
0,4294967295,4959,46,aclnnAddmm_MatMulCommon_MatMulV2,MatMulV2,dynamic,AI_CORE,1790613010739487.926	,7.341,1.470000,24,0,NO,"""1,896;1152,896;1152""",DT_BF16;DT_BF16;FLOAT,ND;ND;ND,"""1,1152""",DT_BF16,ND,N/A
0,4294967295,4960,46,_triton_rope,_triton_rope,static,AI_VECTOR_CORE,1790613010740350.701	,2.960,855.409000,1,0,YES,"""1,14,64;1,2,64;32768,64""",DT_BF16;32590;DT_BF16,ND;ND;ND,"""1,14,64;1,2,64""",DT_BF16;32590,ND;ND,N/A
0,4294967295,4961,46,ReshapeAndCacheNdKernel,ReshapeAndCacheNdKernel,dynamic,AI_VECTOR_CORE,1790613010741038.668	,2.180,685.040000,1,0,NO,"""1,2,64;1,2,64;11823,128,2,64;11823,128,2,64;1""",DT_BF16;DT_BF16;DT_BF16;DT_BF16;INT32,ND;ND;ND;ND;ND,"""11823,128,2,64;11823,128,2,64""",DT_BF16;DT_BF16,ND;ND,N/A
0,4294967295,4962,46,FusedInferAttentionScore,FusedInferAttentionScore,dynamic,MIX_AIC,1790613010741523.468	,17.100,482.570000,24,48,NO,"""1,14,64;11823,128,128;11823,128,128;;2048,2048;1;1;;;;;;;;1,2;;;;;;;;;;;;;;;;""",DT_BF16;DT_BF16;DT_BF16;DT_UNDEFINED;INT8;INT64;INT64;DT_UNDEFINED;DT_UNDEFINED;DT_UNDEFINED;DT_UNDEFINED;DT_UNDEFINED;DT_UNDEFINED;DT_UNDEFINED;INT32;DT_UNDEFINED;DT_UNDEFINED;DT_UNDEFINED;DT_UNDEFINED;DT_UNDEFINED;DT_UNDEFINED;DT_UNDEFINED;DT_UNDEFINED;DT_UNDEFINED;DT_UNDEFINED;DT_UNDEFINED;DT_UNDEFINED;DT_UNDEFINED;DT_UNDEFINED;DT_UNDEFINED;DT_UNDEFINED,ND;ND;ND;NULL;ND;ND;ND;NULL;NULL;NULL;NULL;NULL;NULL;NULL;ND;NULL;NULL;NULL;NULL;NULL;NULL;NULL;NULL;NULL;NULL;NULL;NULL;NULL;NULL;NULL;NULL,"""1,14,64;""",DT_BF16;FLOAT,ND;ND,0
0,4294967295,4964,46,aclnnMatmul_MatMulCommon_MatMulV2,MatMulV2,dynamic,AI_CORE,1790613010741990.166	,5.641,449.650000,19,0,NO,"""1,896;896,896""",DT_BF16;DT_BF16,ND;ND,"""1,896""",DT_BF16,ND,N/A
0,4294967295,4965,46,AddRmsNormBias,AddRmsNormBias,dynamic,AI_VECTOR_CORE,1790613010742167.913	,1.720,172.109000,1,0,NO,"""1,896;1,896;896;""",DT_BF16;DT_BF16;DT_BF16;DT_UNDEFINED,ND;ND;ND;NULL,"""1,896;1,1;1,896""",DT_BF16;FLOAT;DT_BF16,ND;ND;ND,N/A
0,4294967295,4966,46,aclnnMatmul_MatMulCommon_MatMulV2,MatMulV2,dynamic,AI_CORE,1790613010742314.699	,19.561,145.030000,22,0,NO,"""1,896;9728,896""",DT_BF16;DT_BF16,ND;ND,"""1,9728""",DT_BF16,ND,N/A
0,4294967295,4967,46,SwiGlu,SwiGlu,dynamic,AI_VECTOR_CORE,1790613010742445.845	,3.020,111.439000,1,0,NO,"""1,9728""",DT_BF16,ND,"""1,4864""",DT_BF16,ND,N/A
0,4294967295,4968,46,aclnnMatmul_MatMulCommon_MatMulV2,MatMulV2,dynamic,AI_CORE,1790613010742584.750	,16.501,135.980000,19,0,NO,"""1,4864;896,4864""",DT_BF16;DT_BF16,ND;ND,"""1,896""",DT_BF16,ND,N/A
0,4294967295,4969,46,AddRmsNormBias,AddRmsNormBias,dynamic,AI_VECTOR_CORE,1790613010742757.017	,1.720,155.749000,1,0,NO,"""1,896;1,896;896;""",DT_BF16;DT_BF16;DT_BF16;DT_UNDEFINED,ND;ND;ND;NULL,"""1,896;1,1;1,896""",DT_BF16;FLOAT;DT_BF16,ND;ND;ND,N/A
0,4294967295,4970,46,aclnnAddmm_CastAiCore_Cast,Cast,dynamic,AI_VECTOR_CORE,1790613010742917.503	,1.060,158.780000,2,0,NO,"""1152""",DT_BF16,ND,"""1152""",FLOAT,ND,N/A
0,4294967295,4971,46,aclnnAddmm_MatMulCommon_MatMulV2,MatMulV2,dynamic,AI_CORE,1790613010742919.983	,7.661,1.440000,24,0,NO,"""1,896;1152,896;1152""",DT_BF16;DT_BF16;FLOAT,ND;ND;ND,"""1,1152""",DT_BF16,ND,N/A
0,4294967295,4972,46,_triton_rope,_triton_rope,static,AI_VECTOR_CORE,1790613010743775.498	,3.060,847.839000,1,0,YES,"""1,14,64;1,2,64;32768,64""",DT_BF16;32590;DT_BF16,ND;ND;ND,"""1,14,64;1,2,64""",DT_BF16;32590,ND;ND,N/A
0,4294967295,4973,46,ReshapeAndCacheNdKernel,ReshapeAndCacheNdKernel,dynamic,AI_VECTOR_CORE,1790613010744448.325	,1.760,669.690000,1,0,NO,"""1,2,64;1,2,64;11823,128,2,64;11823,128,2,64;1""",DT_BF16;DT_BF16;DT_BF16;DT_BF16;INT32,ND;ND;ND;ND;ND,"""11823,128,2,64;11823,128,2,64""",DT_BF16;DT_BF16,ND;ND,N/A
0,4294967295,4974,46,FusedInferAttentionScore,FusedInferAttentionScore,dynamic,MIX_AIC,1790613010744907.203	,21.201,457.240000,24,48,NO,"""1,14,64;11823,128,128;11823,128,128;;2048,2048;1;1;;;;;;;;1,2;;;;;;;;;;;;;;;;""",DT_BF16;DT_BF16;DT_BF16;DT_UNDEFINED;INT8;INT64;INT64;DT_UNDEFINED;DT_UNDEFINED;DT_UNDEFINED;DT_UNDEFINED;DT_UNDEFINED;DT_UNDEFINED;DT_UNDEFINED;INT32;DT_UNDEFINED;DT_UNDEFINED;DT_UNDEFINED;DT_UNDEFINED;DT_UNDEFINED;DT_UNDEFINED;DT_UNDEFINED;DT_UNDEFINED;DT_UNDEFINED;DT_UNDEFINED;DT_UNDEFINED;DT_UNDEFINED;DT_UNDEFINED;DT_UNDEFINED;DT_UNDEFINED;DT_UNDEFINED,ND;ND;ND;NULL;ND;ND;ND;NULL;NULL;NULL;NULL;NULL;NULL;NULL;ND;NULL;NULL;NULL;NULL;NULL;NULL;NULL;NULL;NULL;NULL;NULL;NULL;NULL;NULL;NULL;NULL,"""1,14,64;""",DT_BF16;FLOAT,ND;ND,0
0,4294967295,4976,46,aclnnMatmul_MatMulCommon_MatMulV2,MatMulV2,dynamic,AI_CORE,1790613010745444.464	,5.321,516.049000,19,0,NO,"""1,896;896,896""",DT_BF16;DT_BF16,ND;ND,"""1,896""",DT_BF16,ND,N/A
0,4294967295,4977,46,AddRmsNormBias,AddRmsNormBias,dynamic,AI_VECTOR_CORE,1790613010745620.111	,1.740,170.179000,1,0,NO,"""1,896;1,896;896;""",DT_BF16;DT_BF16;DT_BF16;DT_UNDEFINED,ND;ND;ND;NULL,"""1,896;1,1;1,896""",DT_BF16;FLOAT;DT_BF16,ND;ND;ND,N/A
0,4294967295,4978,46,aclnnMatmul_MatMulCommon_MatMulV2,MatMulV2,dynamic,AI_CORE,1790613010745781.578	,19.101,159.760000,22,0,NO,"""1,896;9728,896""",DT_BF16;DT_BF16,ND;ND,"""1,9728""",DT_BF16,ND,N/A
0,4294967295,4979,46,SwiGlu,SwiGlu,dynamic,AI_VECTOR_CORE,1790613010745909.903	,2.860,109.399000,1,0,NO,"""1,9728""",DT_BF16,ND,"""1,4864""",DT_BF16,ND,N/A
0,4294967295,4980,46,aclnnMatmul_MatMulCommon_MatMulV2,MatMulV2,dynamic,AI_CORE,1790613010746056.349	,16.320,143.390000,19,0,NO,"""1,4864;896,4864""",DT_BF16;DT_BF16,ND;ND,"""1,896""",DT_BF16,ND,N/A
0,4294967295,4981,46,AddRmsNormBias,AddRmsNormBias,dynamic,AI_VECTOR_CORE,1790613010746226.796	,1.760,154.180000,1,0,NO,"""1,896;1,896;896;""",DT_BF16;DT_BF16;DT_BF16;DT_UNDEFINED,ND;ND;ND;NULL,"""1,896;1,1;1,896""",DT_BF16;FLOAT;DT_BF16,ND;ND;ND,N/A
0,4294967295,4982,46,aclnnAddmm_CastAiCore_Cast,Cast,dynamic,AI_VECTOR_CORE,1790613010746378.462	,1.220,149.990000,2,0,NO,"""1152""",DT_BF16,ND,"""1152""",FLOAT,ND,N/A
0,4294967295,4983,46,aclnnAddmm_MatMulCommon_MatMulV2,MatMulV2,dynamic,AI_CORE,1790613010746380.842	,7.480,1.030000,24,0,NO,"""1,896;1152,896;1152""",DT_BF16;DT_BF16;FLOAT,ND;ND;ND,"""1,1152""",DT_BF16,ND,N/A
0,4294967295,4984,46,_triton_rope,_triton_rope,static,AI_VECTOR_CORE,1790613010747247.177	,3.140,859.020000,1,0,YES,"""1,14,64;1,2,64;32768,64""",DT_BF16;32590;DT_BF16,ND;ND;ND,"""1,14,64;1,2,64""",DT_BF16;32590,ND;ND,N/A
0,4294967295,4985,46,ReshapeAndCacheNdKernel,ReshapeAndCacheNdKernel,dynamic,AI_VECTOR_CORE,1790613010747931.304	,2.080,680.860000,1,0,NO,"""1,2,64;1,2,64;11823,128,2,64;11823,128,2,64;1""",DT_BF16;DT_BF16;DT_BF16;DT_BF16;INT32,ND;ND;ND;ND;ND,"""11823,128,2,64;11823,128,2,64""",DT_BF16;DT_BF16,ND;ND,N/A
0,4294967295,4986,46,FusedInferAttentionScore,FusedInferAttentionScore,dynamic,MIX_AIC,1790613010748398.163	,22.260,464.920000,24,48,NO,"""1,14,64;11823,128,128;11823,128,128;;2048,2048;1;1;;;;;;;;1,2;;;;;;;;;;;;;;;;""",DT_BF16;DT_BF16;DT_BF16;DT_UNDEFINED;INT8;INT64;INT64;DT_UNDEFINED;DT_UNDEFINED;DT_UNDEFINED;DT_UNDEFINED;DT_UNDEFINED;DT_UNDEFINED;DT_UNDEFINED;INT32;DT_UNDEFINED;DT_UNDEFINED;DT_UNDEFINED;DT_UNDEFINED;DT_UNDEFINED;DT_UNDEFINED;DT_UNDEFINED;DT_UNDEFINED;DT_UNDEFINED;DT_UNDEFINED;DT_UNDEFINED;DT_UNDEFINED;DT_UNDEFINED;DT_UNDEFINED;DT_UNDEFINED;DT_UNDEFINED,ND;ND;ND;NULL;ND;ND;ND;NULL;NULL;NULL;NULL;NULL;NULL;NULL;ND;NULL;NULL;NULL;NULL;NULL;NULL;NULL;NULL;NULL;NULL;NULL;NULL;NULL;NULL;NULL;NULL,"""1,14,64;""",DT_BF16;FLOAT,ND;ND,0
0,4294967295,4988,46,aclnnMatmul_MatMulCommon_MatMulV2,MatMulV2,dynamic,AI_CORE,1790613010748870.681	,5.361,450.240000,19,0,NO,"""1,896;896,896""",DT_BF16;DT_BF16,ND;ND,"""1,896""",DT_BF16,ND,N/A
0,4294967295,4989,46,AddRmsNormBias,AddRmsNormBias,dynamic,AI_VECTOR_CORE,1790613010749053.509	,1.980,177.389000,1,0,NO,"""1,896;1,896;896;""",DT_BF16;DT_BF16;DT_BF16;DT_UNDEFINED,ND;ND;ND;NULL,"""1,896;1,1;1,896""",DT_BF16;FLOAT;DT_BF16,ND;ND;ND,N/A
0,4294967295,4990,46,aclnnMatmul_MatMulCommon_MatMulV2,MatMulV2,dynamic,AI_CORE,1790613010749223.715	,18.961,168.270000,22,0,NO,"""1,896;9728,896""",DT_BF16;DT_BF16,ND;ND,"""1,9728""",DT_BF16,ND,N/A
0,4294967295,4991,46,SwiGlu,SwiGlu,dynamic,AI_VECTOR_CORE,1790613010749348.461	,4.060,105.789000,1,0,NO,"""1,9728""",DT_BF16,ND,"""1,4864""",DT_BF16,ND,N/A
0,4294967295,4992,46,aclnnMatmul_MatMulCommon_MatMulV2,MatMulV2,dynamic,AI_CORE,1790613010749483.306	,16.221,130.690000,19,0,NO,"""1,4864;896,4864""",DT_BF16;DT_BF16,ND;ND,"""1,896""",DT_BF16,ND,N/A
0,4294967295,4993,46,AddRmsNormBias,AddRmsNormBias,dynamic,AI_VECTOR_CORE,1790613010749652.553	,1.660,153.029000,1,0,NO,"""1,896;1,896;896;""",DT_BF16;DT_BF16;DT_BF16;DT_UNDEFINED,ND;ND;ND;NULL,"""1,896;1,1;1,896""",DT_BF16;FLOAT;DT_BF16,ND;ND;ND,N/A
0,4294967295,4994,46,aclnnAddmm_CastAiCore_Cast,Cast,dynamic,AI_VECTOR_CORE,1790613010749807.179	,1.120,153.090000,2,0,NO,"""1152""",DT_BF16,ND,"""1152""",FLOAT,ND,N/A
0,4294967295,4995,46,aclnnAddmm_MatMulCommon_MatMulV2,MatMulV2,dynamic,AI_CORE,1790613010749809.679	,7.300,1.380000,24,0,NO,"""1,896;1152,896;1152""",DT_BF16;DT_BF16;FLOAT,ND;ND;ND,"""1,1152""",DT_BF16,ND,N/A
0,4294967295,4996,46,_triton_rope,_triton_rope,static,AI_VECTOR_CORE,1790613010750669.073	,2.820,851.950000,1,0,YES,"""1,14,64;1,2,64;32768,64""",DT_BF16;32590;DT_BF16,ND;ND;ND,"""1,14,64;1,2,64""",DT_BF16;32590,ND;ND,N/A
0,4294967295,4997,46,ReshapeAndCacheNdKernel,ReshapeAndCacheNdKernel,dynamic,AI_VECTOR_CORE,1790613010751335.000	,1.580,663.180000,1,0,NO,"""1,2,64;1,2,64;11823,128,2,64;11823,128,2,64;1""",DT_BF16;DT_BF16;DT_BF16;DT_BF16;INT32,ND;ND;ND;ND;ND,"""11823,128,2,64;11823,128,2,64""",DT_BF16;DT_BF16,ND;ND,N/A
0,4294967295,4998,46,FusedInferAttentionScore,FusedInferAttentionScore,dynamic,MIX_AIC,1790613010751795.078	,17.641,458.420000,24,48,NO,"""1,14,64;11823,128,128;11823,128,128;;2048,2048;1;1;;;;;;;;1,2;;;;;;;;;;;;;;;;""",DT_BF16;DT_BF16;DT_BF16;DT_UNDEFINED;INT8;INT64;INT64;DT_UNDEFINED;DT_UNDEFINED;DT_UNDEFINED;DT_UNDEFINED;DT_UNDEFINED;DT_UNDEFINED;DT_UNDEFINED;INT32;DT_UNDEFINED;DT_UNDEFINED;DT_UNDEFINED;DT_UNDEFINED;DT_UNDEFINED;DT_UNDEFINED;DT_UNDEFINED;DT_UNDEFINED;DT_UNDEFINED;DT_UNDEFINED;DT_UNDEFINED;DT_UNDEFINED;DT_UNDEFINED;DT_UNDEFINED;DT_UNDEFINED;DT_UNDEFINED,ND;ND;ND;NULL;ND;ND;ND;NULL;NULL;NULL;NULL;NULL;NULL;NULL;ND;NULL;NULL;NULL;NULL;NULL;NULL;NULL;NULL;NULL;NULL;NULL;NULL;NULL;NULL;NULL;NULL,"""1,14,64;""",DT_BF16;FLOAT,ND;ND,0
0,4294967295,5000,46,aclnnMatmul_MatMulCommon_MatMulV2,MatMulV2,dynamic,AI_CORE,1790613010752255.237	,5.300,442.609000,19,0,NO,"""1,896;896,896""",DT_BF16;DT_BF16,ND;ND,"""1,896""",DT_BF16,ND,N/A
0,4294967295,5001,46,AddRmsNormBias,AddRmsNormBias,dynamic,AI_VECTOR_CORE,1790613010752423.763	,1.680,163.200000,1,0,NO,"""1,896;1,896;896;""",DT_BF16;DT_BF16;DT_BF16;DT_UNDEFINED,ND;ND;ND;NULL,"""1,896;1,1;1,896""",DT_BF16;FLOAT;DT_BF16,ND;ND;ND,N/A
0,4294967295,5002,46,aclnnMatmul_MatMulCommon_MatMulV2,MatMulV2,dynamic,AI_CORE,1790613010752577.029	,19.181,151.570000,22,0,NO,"""1,896;9728,896""",DT_BF16;DT_BF16,ND;ND,"""1,9728""",DT_BF16,ND,N/A
0,4294967295,5003,46,SwiGlu,SwiGlu,dynamic,AI_VECTOR_CORE,1790613010752703.035	,2.940,106.819000,1,0,NO,"""1,9728""",DT_BF16,ND,"""1,4864""",DT_BF16,ND,N/A
0,4294967295,5004,46,aclnnMatmul_MatMulCommon_MatMulV2,MatMulV2,dynamic,AI_CORE,1790613010752844.160	,16.321,138.310000,19,0,NO,"""1,4864;896,4864""",DT_BF16;DT_BF16,ND;ND,"""1,896""",DT_BF16,ND,N/A
0,4294967295,5005,46,AddRmsNormBias,AddRmsNormBias,dynamic,AI_VECTOR_CORE,1790613010753018.167	,1.680,157.679000,1,0,NO,"""1,896;1,896;896;""",DT_BF16;DT_BF16;DT_BF16;DT_UNDEFINED,ND;ND;ND;NULL,"""1,896;1,1;1,896""",DT_BF16;FLOAT;DT_BF16,ND;ND;ND,N/A
0,4294967295,5006,46,aclnnIndex_IndexAiCore_Index,Index,dynamic,AI_VECTOR_CORE,1790613010753246.016	,9.161,226.070000,48,0,NO,"""1,896;1;2;1""",DT_BF16;INT64;INT64;INT32,ND;ND;ND;ND,"""1,896""",DT_BF16,ND,N/A
0,4294967295,5007,46,aclnnMatmul_MatMulCommon_MatMulV2,MatMulV2,dynamic,AI_CORE,1790613010753301.639	,219.968,46.589000,24,0,NO,"""1,896;151936,896""",DT_BF16;DT_BF16,ND;ND,"""1,151936""",DT_BF16,ND,N/A
0,4294967295,5008,46,aclnnInplaceCopy_CastAiCore_Cast,Cast,dynamic,AI_VECTOR_CORE,1790613010753850.301	,8.640,328.532000,48,0,NO,"""1,151936""",DT_BF16,ND,"""1,151936""",FLOAT,ND,N/A
0,4294967295,5009,46,aclnnLogSoftmax_LogSoftmaxAiCore_LogSoftmaxV2,LogSoftmaxV2,dynamic,AI_VECTOR_CORE,1790613010753858.981	,48.662,0.110000,1,0,NO,"""1,151936""",FLOAT,ND,"""1,151936""",FLOAT,ND,N/A
0,4294967295,5010,46,aclnnInplaceCopy_CastAiCore_Cast,Cast,dynamic,AI_VECTOR_CORE,1790613010753907.663	,2.780,0.088000,48,0,NO,"""1,151936""",DT_BF16,ND,"""1,151936""",FLOAT,ND,N/A
0,4294967295,5013,46,aclnnEqScalar_EqualAiCore_Equal,Equal,dynamic,AI_VECTOR_CORE,1790613010754163.213	,2.000,252.720000,1,0,NO,"""1,3;""",INT64;INT64,ND;ND,"""1,3""",BOOL,ND,N/A
0,4294967295,5014,46,aclnnInplaceMaskedFillScalar_MaskedFillAiCpu_MaskedFill,MaskedFill,dynamic,AI_CPU,1790613010754172.613	,70.723,7.250000,0,0,NO,"""1,3;1,3;""",INT64;BOOL;INT64,ND;ND;ND,"""1,3""",INT64,ND,N/A
0,4294967295,5015,46,aclnnInplaceZero_ZerosLikeAiCore_ZerosLike,ZerosLike,dynamic,AI_VECTOR_CORE,1790613010754243.356	,9.601,0.027000,48,0,NO,"""1,151936""",INT32,ND,"""1,151936""",INT32,ND,N/A
0,4294967295,5016,46,token_bin_counts_and_mask_kernel,token_bin_counts_and_mask_kernel,static,AI_VECTOR_CORE,1790613010754811.699	,64.662,558.899000,1,0,NO,"""1,10;1,151936""",INT64;FLOAT,ND;ND,"""1,151936""",FLOAT,ND,N/A
0,4294967295,5017,46,aclnnGtScalar_CastAiCore_Cast,Cast,dynamic,AI_VECTOR_CORE,1790613010755050.669	,8.780,174.338000,48,0,NO,"""1,151936""",INT32,ND,"""1,151936""",INT64,ND,N/A
0,4294967295,5018,46,aclnnGtScalar_GreaterAiCore_Greater,Greater,dynamic,AI_VECTOR_CORE,1790613010755059.469	,16.360,0.000000,48,0,NO,"""1,151936;""",INT64;INT64,ND;ND,"""1,151936""",BOOL,ND,N/A
0,4294967295,5019,46,aclnnInplaceZero_ZerosLikeAiCore_ZerosLike,ZerosLike,dynamic,AI_VECTOR_CORE,1790613010755075.869	,2.741,0.000000,48,0,NO,"""1,151936""",INT32,ND,"""1,151936""",INT32,ND,N/A
0,4294967295,5020,46,token_bin_counts_and_mask_kernel,token_bin_counts_and_mask_kernel,static,AI_VECTOR_CORE,1790613010755682.014	,61.762,603.509000,1,0,NO,"""1,3;1,151936""",INT64;FLOAT,ND;ND,"""1,151936""",FLOAT,ND,N/A
0,4294967295,5021,46,aclnnGtScalar_CastAiCore_Cast,Cast,dynamic,AI_VECTOR_CORE,1790613010755896.922	,2.780,153.238000,48,0,NO,"""1,151936""",INT32,ND,"""1,151936""",INT64,ND,N/A
0,4294967295,5022,46,aclnnGtScalar_GreaterAiCore_Greater,Greater,dynamic,AI_VECTOR_CORE,1790613010755899.722	,11.221,0.000000,48,0,NO,"""1,151936;""",INT64;INT64,ND;ND,"""1,151936""",BOOL,ND,N/A
0,4294967295,5023,46,apply_all_penalties_kernel,apply_all_penalties_kernel,static,AI_VECTOR_CORE,1790613010756672.373	,76.583,761.279000,1,0,YES,"""1,151936;1,151936;1,151936;1,151936""",FLOAT;BOOL;BOOL;INT32,ND;ND;ND;ND,"""1,151936""",FLOAT,ND,N/A
0,4294967295,5024,46,aclnnArgMax_ArgMaxV2AiCore_ArgMaxV2,ArgMaxV2,dynamic,AI_VECTOR_CORE,1790613010756956.745	,18.860,207.917000,1,0,NO,"""1,151936;""",FLOAT;INT64,ND;ND,"""1""",INT32,ND,N/A
0,4294967295,5025,46,aclnnArgMax_CastAiCore_Cast,Cast,dynamic,AI_VECTOR_CORE,1790613010756975.625	,0.840,0.000000,1,0,NO,"""1""",INT32,ND,"""1""",INT64,ND,N/A
0,4294967295,5026,46,aclnnTopk_TopkV2AiCore_TopKV2,TopKV2,dynamic,MIX_AIV,1790613010756978.085	,18.261,1.660000,38,0,NO,"""1,151936;""",FLOAT;INT32,ND;ND,"""1,32;1,32""",FLOAT;INT32,ND;ND,0
0,4294967295,5027,46,aclnnTopk_TopkV2AiCore_TopKV2,TopKV2,dynamic,MIX_AIV,1790613010756999.346	,3.061,2.989000,1,0,NO,"""1,32;""",FLOAT;INT32,ND;ND,"""1,1;1,1""",FLOAT;INT32,ND;ND,0
0,4294967295,5028,46,aclnnTopk_GatherElements_GatherElements,GatherElements,dynamic,AI_VECTOR_CORE,1790613010757003.527	,9.180,1.189000,48,0,NO,"""1,32;1,1""",INT32;INT32,ND;ND,"""1,1""",INT32,ND,N/A
0,4294967295,5029,46,aclnnTopk_CastAiCore_Cast,Cast,dynamic,AI_VECTOR_CORE,1790613010757012.727	,0.860,0.070000,1,0,NO,"""1,1""",INT32,ND,"""1,1""",INT64,ND,N/A
0,4294967295,5030,46,aclnnGather_CastAiCore_Cast,Cast,dynamic,AI_VECTOR_CORE,1790613010757013.607	,1.280,0.000000,1,0,NO,"""1,1""",INT64,ND,"""1,1""",INT32,ND,N/A
0,4294967295,5031,46,aclnnGather_GatherElementsV2_GatherElementsV2,GatherElementsV2,dynamic,AI_VECTOR_CORE,1790613010757014.927	,3.920,0.220000,1,0,NO,"""1,151936;1,1""",FLOAT;INT32,ND;ND,"""1,1""",FLOAT,ND,N/A
0,4294967295,5032,46,aclnnGeTensor_GreaterEqual_GreaterEqual,GreaterEqual,dynamic,AI_VECTOR_CORE,1790613010757254.277	,9.220,235.330000,48,0,NO,"""1,151936;1,1""",FLOAT;FLOAT,ND;ND,"""1,151936""",BOOL,ND,N/A
0,4294967295,5033,46,aclnnReduceSum_CastAiCore_Cast,Cast,dynamic,AI_VECTOR_CORE,1790613010757263.537	,8.120,0.030000,48,0,NO,"""1,151936""",BOOL,ND,"""1,151936""",FLOAT,ND,N/A
0,4294967295,5034,46,aclnnReduceSum_ReduceSumOpAiCore_ReduceSum,ReduceSum,dynamic,MIX_AIV,1790613010757272.837	,17.781,1.130000,48,0,NO,"""1,151936;1""",FLOAT;INT64,ND;ND,"""1""",FLOAT,ND,0
0,4294967295,5035,46,aclnnReduceSum_CastAiCore_Cast,Cast,dynamic,AI_VECTOR_CORE,1790613010757291.618	,1.220,0.969000,1,0,NO,"""1""",FLOAT,ND,"""1""",INT64,ND,N/A
0,4294967295,5036,46,aclnnCat_ConcatD_ConcatD,ConcatD,dynamic,AI_VECTOR_CORE,1790613010757292.878	,2.160,0.280000,1,0,NO,"""1,1;1,1""",INT64;INT64,ND;ND,"""1,2""",INT64,ND,N/A
0,4294967295,5037,46,aclnnCat_ConcatD_ConcatD,ConcatD,dynamic,AI_VECTOR_CORE,1790613010757295.058	,1.580,0.000000,1,0,NO,"""1,1;1,1""",FLOAT;FLOAT,ND;ND,"""1,2""",FLOAT,ND,N/A
0,4294967295,5038,46,aclnnInplaceCopy_CastAiCore_Cast,Cast,dynamic,AI_VECTOR_CORE,1790613010757314.879	,0.980,18.420000,1,0,NO,"""1,2""",INT64,ND,"""1,2""",INT32,ND,N/A
0,4294967295,5039,46,aclnnInplaceCopy_CastAiCore_Cast,Cast,dynamic,AI_VECTOR_CORE,1790613010757321.139	,1.020,5.270000,1,0,NO,"""1""",INT64,ND,"""1""",INT32,ND,N/A
