Name,Input Shapes,Call Stack,Host Self Duration(us),Host Total Duration(us),Device Self Duration(us),Device Total Duration(us),Device Self Duration With AICore(us),Device Total Duration With AICore(us)
P12/A/0001/allocate,,,316.981,922.567,0,0,0,0
P12/A/0002/pool_allocate,,,605.586,605.586,0,0,0,0
P12/A/0003/runner,,,4958.007,64770.357,0,4629.2609999999995,0,1744.189
aten::slice,,,24.867,36.927,0,0,0,0
aten::as_strided,,,12.06,12.06,0,0,0,0
aten::slice,,,2.382,5.814,0,0,0,0
aten::as_strided,,,3.432,3.432,0,0,0,0
aten::copy_,,,38.463,47.42,0,2.78,0,0
acl_memcpy_host_to_device,,,8.957,8.957,2.78,2.78,0,0
aten::slice,,,1.256,1.957,0,0,0,0
aten::as_strided,,,0.701,0.701,0,0,0,0
aten::slice,,,1.075,1.544,0,0,0,0
aten::as_strided,,,0.469,0.469,0,0,0,0
aten::copy_,,,2.573,3.703,0,2.82,0,0
acl_memcpy_host_to_device,,,1.13,1.13,2.82,2.82,0,0
aten::slice,,,0.58,1.003,0,0,0,0
aten::as_strided,,,0.423,0.423,0,0,0,0
aten::slice,,,4.051,7.086,0,0,0,0
aten::as_strided,,,3.035,3.035,0,0,0,0
aten::copy_,,,2.234,4.29,0,2.8,0,0
acl_memcpy_host_to_device,,,2.056,2.056,2.8,2.8,0,0
aten::empty,,,14.552,14.552,0,0,0,0
aten::detach,,,2.177,2.177,0,0,0,0
aten::to,,,2.428,2.428,0,0,0,0
aten::resolve_conj,,,1.132,1.132,0,0,0,0
aten::resolve_neg,,,0.236,0.236,0,0,0,0
aten::to,,,2.001,36.015,0,3.06,0,0
aten::_to_copy,,,5.998,34.014,0,3.06,0,0
aten::empty_strided,,,12.131,17.85,0,0,0,0
empty_tensor,,,5.719,5.719,0,0,0,0
aten::copy_,,,4.682,10.166,0,3.06,0,0
acl_memcpy_host_to_device,,,5.484,5.484,3.06,3.06,0,0
aten::slice,,,1.656,2.598,0,0,0,0
aten::as_strided,,,0.942,0.942,0,0,0,0
aten::slice,,,0.741,1.471,0,0,0,0
aten::as_strided,,,0.73,0.73,0,0,0,0
aten::slice,,,2.89,3.575,0,0,0,0
aten::as_strided,,,0.685,0.685,0,0,0,0
record_event,,,6.335,6.335,0.02,0.02,0,0
P12/A/0004/prepare,,,2298.246,4373.865,0,162.1465,0,0
P12/A/0005/buffer_copy,,,162.672,189.313,0,2.68,0,0
aten::slice,,,4.256,7.636,0,0,0,0
aten::as_strided,,,3.38,3.38,0,0,0,0
aten::slice,,,1.176,2.242,0,0,0,0
aten::as_strided,,,1.066,1.066,0,0,0,0
aten::copy_,,,11.515,16.763,0,2.68,0,0
acl_memcpy_host_to_device,,,5.248,5.248,2.68,2.68,0,0
aten::lift_fresh,,,3.38,3.38,0,0,0,0
aten::lift_fresh,,,0.112,0.112,0,0,0,0
aten::flatten,,,11.715,19.063,0,0,0,0
aten::view,,,7.348,7.348,0,0,0,0
aten::slice,,,1.409,2.122,0,0,0,0
aten::as_strided,,,0.713,0.713,0,0,0,0
aten::index_select,,,7.182,7.182,0,0,0,0
P12/A/0006/buffer_copy,,,143.106,158.801,0,2.8,0,0
aten::copy_,,,11.654,15.695,0,2.8,0,0
acl_memcpy_host_to_device,,,4.041,4.041,2.8,2.8,0,0
aten::slice,,,2.322,3.185,0,0,0,0
aten::as_strided,,,0.863,0.863,0,0,0,0
aten::lift_fresh,,,3.424,3.424,0,0,0,0
aten::slice,,,1.127,1.557,0,0,0,0
aten::as_strided,,,0.43,0.43,0,0,0,0
aten::add,,,16.931,16.931,0,0,0,0
aten::slice,,,1.013,1.372,0,0,0,0
aten::as_strided,,,0.359,0.359,0,0,0,0
aten::fill_,,,4.787,4.787,0,0,0,0
aten::slice,,,0.947,3.23,0,0,0,0
aten::as_strided,,,2.283,2.283,0,0,0,0
aten::fill_,,,21.345,25.428,0,1.1,0,0
aclnnInplaceFillScalar,,,4.083,4.083,1.1,1.1,0,0
P12/A/0007/buffer_copy,,,160.916,181.586,0,2.9805,0,0
aten::slice,,,1.901,3.676,0,0,0,0
aten::as_strided,,,1.775,1.775,0,0,0,0
aten::slice,,,0.96,1.406,0,0,0,0
aten::as_strided,,,0.446,0.446,0,0,0,0
aten::copy_,,,11.279,15.588,0,2.9805,0,0
acl_memcpy_host_to_device,,,4.309,4.309,2.9805,2.9805,0,0
aten::slice,,,1.499,1.876,0,0,0,0
aten::as_strided,,,0.377,0.377,0,0,0,0
aten::detach,,,2.321,2.321,0,0,0,0
aten::to,,,3.412,3.412,0,0,0,0
aten::resolve_conj,,,0.642,0.642,0,0,0,0
aten::resolve_neg,,,0.323,0.323,0,0,0,0
P12/A/0008/buffer_copy,,,125.194,131.665,0,0,0,0
aten::slice,,,1.95,4.104,0,0,0,0
aten::as_strided,,,2.154,2.154,0,0,0,0
aten::slice,,,0.931,1.533,0,0,0,0
aten::as_strided,,,0.602,0.602,0,0,0,0
aten::copy_,,,0.834,0.834,0,0,0,0
P12/A/0009/buffer_copy,,,126.747,146.459,0,2.64,0,0
aten::slice,,,2.544,4.184,0,0,0,0
aten::as_strided,,,1.64,1.64,0,0,0,0
aten::slice,,,1.215,1.722,0,0,0,0
aten::as_strided,,,0.507,0.507,0,0,0,0
aten::copy_,,,10.46,13.806,0,2.64,0,0
acl_memcpy_host_to_device,,,3.346,3.346,2.64,2.64,0,0
aten::fill_,,,8.696,11.883,0,0.96,0,0
aclnnInplaceFillScalar,,,3.187,3.187,0.96,0.96,0,0
aten::slice,,,1.309,2.392,0,0,0,0
aten::as_strided,,,1.083,1.083,0,0,0,0
aten::slice,,,2.771,3.217,0,0,0,0
aten::as_strided,,,0.446,0.446,0,0,0,0
aten::copy_,,,7.06,9.736,0,2.64,0,0
acl_memcpy_host_to_device,,,2.676,2.676,2.64,2.64,0,0
P12/A/0010/buffer_copy,,,125.909,151.295,0,2.7805,0,0
aten::slice,,,1.58,2.589,0,0,0,0
aten::as_strided,,,1.009,1.009,0,0,0,0
aten::slice,,,1.03,1.457,0,0,0,0
aten::as_strided,,,0.427,0.427,0,0,0,0
aten::copy_,,,7.12,21.34,0,2.7805,0,0
acl_memcpy_host_to_device,,,14.22,14.22,2.7805,2.7805,0,0
aten::slice,,,1.354,2.195,0,0,0,0
aten::as_strided,,,0.841,0.841,0,0,0,0
P12/A/0011/buffer_copy,,,99.299,110.798,0,2.92,0,0
aten::slice,,,1.246,2.242,0,0,0,0
aten::as_strided,,,0.996,0.996,0,0,0,0
aten::slice,,,0.73,1.064,0,0,0,0
aten::as_strided,,,0.334,0.334,0,0,0,0
aten::copy_,,,5.279,8.193,0,2.92,0,0
acl_memcpy_host_to_device,,,2.914,2.914,2.92,2.92,0,0
P12/A/0012/buffer_copy,,,127.393,143.299,0,2.64,0,0
aten::slice,,,2.513,4.041,0,0,0,0
aten::as_strided,,,1.528,1.528,0,0,0,0
aten::slice,,,1.088,1.515,0,0,0,0
aten::as_strided,,,0.427,0.427,0,0,0,0
aten::copy_,,,6.935,10.35,0,2.64,0,0
acl_memcpy_host_to_device,,,3.415,3.415,2.64,2.64,0,0
aten::slice,,,1.28,2.214,0,0,0,0
aten::as_strided,,,0.934,0.934,0,0,0,0
aten::index,,,19.54,33.982,0,9.5805,0,0
empty_tensor,,,4.001,4.001,0,0,0,0
empty_tensor,,,6.36,6.36,0,0,0,0
aclnnIndex,,,4.081,4.081,9.5805,9.5805,0,0
aten::to,,,1.511,15.58,0,1.18,0,0
aten::_to_copy,,,3.977,14.069,0,1.18,0,0
aten::empty,,,1.593,3.431,0,0,0,0
empty_tensor,,,1.838,1.838,0,0,0,0
aten::copy_,,,5.467,6.661,0,1.18,0,0
aclnnInplaceCopy,,,1.194,1.194,1.18,1.18,0,0
aten::slice,,,1.256,1.973,0,0,0,0
aten::as_strided,,,0.717,0.717,0,0,0,0
aten::add,,,14.532,20.583,0,2.6,0,0
empty_tensor,,,5.351,5.351,0,0,0,0
aclnnAdd,,,0.7,0.7,2.6,2.6,0,0
aten::slice,,,2.138,2.968,0,0,0,0
aten::as_strided,,,0.83,0.83,0,0,0,0
aten::copy_,,,60.531,63.162,0,1.32,0,0
aclnnInplaceCopy,,,2.631,2.631,1.32,1.32,0,0
aten::slice,,,0.712,1.109,0,0,0,0
aten::as_strided,,,0.397,0.397,0,0,0,0
aten::add,,,3.897,11.115,0,1.26,0,0
empty_tensor,,,1.473,1.473,0,0,0,0
aclnnAdd,,,5.745,5.745,1.26,1.26,0,0
aten::copy_,,,10.211,12.315,0,0.6,0,0
aclnnInplaceCopy,,,2.104,2.104,0.6,0.6,0,0
aten::slice,,,0.897,1.516,0,0,0,0
aten::as_strided,,,0.619,0.619,0,0,0,0
aten::fill_,,,3.833,7.397,0,0,0,0
aclnnInplaceFillScalar,,,3.564,3.564,0,0,0,0
aten::slice,,,0.844,1.495,0,0,0,0
aten::as_strided,,,0.651,0.651,0,0,0,0
aten::slice,,,0.774,1.434,0,0,0,0
aten::as_strided,,,0.66,0.66,0,0,0,0
P12/A/0013/slot_prepare,,,511.068,518.298,0,120.145,0,0
_compute_slot_mapping_kernel,,,7.23,7.23,120.145,120.145,0,0
aten::slice,,,4.882,7.615,0,0,0,0
aten::as_strided,,,2.733,2.733,0,0,0,0
aten::sub,,,14.621,29.877,0,1.32,0,0
empty_tensor,,,6.005,6.005,0,0,0,0
aten::item,,,2.489,6.185,0,0,0,0
aten::_local_scalar_dense,,,3.696,3.696,0,0,0,0
aclnnSubs,,,3.066,3.066,1.32,1.32,0,0
aten::detach,,,2.452,2.452,0,0,0,0
aten::to,,,0.94,0.94,0,0,0,0
aten::resolve_conj,,,0.59,0.59,0,0,0,0
aten::resolve_neg,,,0.197,0.197,0,0,0,0
aten::slice,,,5.997,9.249,0,0,0,0
aten::as_strided,,,3.252,3.252,0,0,0,0
aten::slice,,,3.21,4.447,0,0,0,0
aten::as_strided,,,1.237,1.237,0,0,0,0
aten::slice,,,1.076,2.247,0,0,0,0
aten::as_strided,,,1.171,1.171,0,0,0,0
aten::slice,,,1.823,2.541,0,0,0,0
aten::as_strided,,,0.718,0.718,0,0,0,0
aten::fill_,,,8.777,12.87,0,0,0,0
aclnnInplaceFillScalar,,,4.093,4.093,0,0,0,0
aten::slice,,,1.057,3.233,0,0,0,0
aten::as_strided,,,2.176,2.176,0,0,0,0
aten::fill_,,,2.338,4.206,0,0,0,0
aclnnInplaceFillScalar,,,1.868,1.868,0,0,0,0
aten::slice,,,0.947,1.362,0,0,0,0
aten::as_strided,,,0.415,0.415,0,0,0,0
aten::slice,,,0.868,1.185,0,0,0,0
aten::as_strided,,,0.317,0.317,0,0,0,0
aten::lt,,,12.526,12.526,0,0,0,0
aten::lift_fresh,,,0.435,0.435,0,0,0,0
aten::slice,,,2.355,2.89,0,0,0,0
aten::as_strided,,,0.535,0.535,0,0,0,0
aten::fill_,,,1.852,7.694,0,0,0,0
aten::copy_,,,5.842,5.842,0,0,0,0
aten::slice,,,0.706,0.874,0,0,0,0
aten::as_strided,,,0.168,0.168,0,0,0,0
aten::slice,,,0.584,1.018,0,0,0,0
aten::as_strided,,,0.434,0.434,0,0,0,0
aten::slice,,,1.357,1.741,0,0,0,0
aten::as_strided,,,0.384,0.384,0,0,0,0
aten::slice,,,0.554,1.141,0,0,0,0
aten::as_strided,,,0.587,0.587,0,0,0,0
aten::slice,,,0.462,0.785,0,0,0,0
aten::as_strided,,,0.323,0.323,0,0,0,0
aten::slice,,,0.687,2.398,0,0,0,0
aten::as_strided,,,1.711,1.711,0,0,0,0
aten::slice,,,0.878,1.558,0,0,0,0
aten::as_strided,,,0.68,0.68,0,0,0,0
aten::slice,,,0.488,0.822,0,0,0,0
aten::as_strided,,,0.334,0.334,0,0,0,0
aten::slice,,,0.485,0.902,0,0,0,0
aten::as_strided,,,0.417,0.417,0,0,0,0
aten::sub,,,5.233,5.233,0,0,0,0
aten::gt,,,6.31,17.139,0,0,0,0
aten::to,,,0.762,10.829,0,0,0,0
aten::_to_copy,,,3.885,10.067,0,0,0,0
aten::empty_strided,,,2.676,2.676,0,0,0,0
aten::copy_,,,3.506,3.506,0,0,0,0
aten::any,,,4.597,9.611,0,0,0,0
aten::view_as,,,1.292,2.858,0,0,0,0
aten::view,,,1.566,1.566,0,0,0,0
aten::to,,,0.437,0.437,0,0,0,0
aten::copy_,,,1.719,1.719,0,0,0,0
aten::is_nonzero,,,3.075,5.547,0,0,0,0
aten::item,,,0.739,2.472,0,0,0,0
aten::_local_scalar_dense,,,1.733,1.733,0,0,0,0
aten::to,,,0.551,3.77,0,0,0,0
aten::_to_copy,,,1.004,3.219,0,0,0,0
aten::empty_strided,,,0.47,0.47,0,0,0,0
aten::copy_,,,1.745,1.745,0,0,0,0
aten::argmax,,,3.529,3.913,0,0,0,0
aten::fill_,,,0.384,0.384,0,0,0,0
aten::item,,,0.24,0.605,0,0,0,0
aten::_local_scalar_dense,,,0.365,0.365,0,0,0,0
aten::select,,,4.935,5.29,0,0,0,0
aten::as_strided,,,0.355,0.355,0,0,0,0
aten::item,,,0.374,0.675,0,0,0,0
aten::_local_scalar_dense,,,0.301,0.301,0,0,0,0
aten::slice,,,0.605,1.341,0,0,0,0
aten::as_strided,,,0.736,0.736,0,0,0,0
aten::slice,,,0.665,1.203,0,0,0,0
aten::as_strided,,,0.538,0.538,0,0,0,0
aten::pin_memory,,,3.348,16.391,0,0,0,0
aten::is_pinned,,,13.043,13.043,0,0,0,0
aten::to,,,0.732,21.27,0,2.66,0,0
aten::_to_copy,,,4.161,20.538,0,2.66,0,0
aten::empty_strided,,,5.146,8.115,0,0,0,0
empty_tensor,,,2.969,2.969,0,0,0,0
aten::copy_,,,5.497,8.262,0,2.66,0,0
acl_memcpy_host_to_device,,,2.765,2.765,2.66,2.66,0,0
aten::resolve_conj,,,0.313,0.313,0,0,0,0
aten::resolve_neg,,,0.224,0.224,0,0,0,0
aten::slice,,,1.203,1.422,0,0,0,0
aten::as_strided,,,0.219,0.219,0,0,0,0
aten::resolve_conj,,,3.386,3.386,0,0,0,0
aten::resolve_neg,,,0.171,0.171,0,0,0,0
aten::slice,,,0.789,1.263,0,0,0,0
aten::as_strided,,,0.474,0.474,0,0,0,0
aten::slice,,,2.254,2.658,0,0,0,0
aten::as_strided,,,0.404,0.404,0,0,0,0
aten::index_select,,,11.216,24.32,0,10.1805,0,0
empty_tensor,,,3.316,3.316,0,0,0,0
aclnnIndexSelect,,,9.788,9.788,10.1805,10.1805,0,0
aten::view,,,2.9,2.9,0,0,0,0
aten::repeat,,,5.482,7.75,0,9.3005,0,0
empty_tensor,,,1.533,1.533,0,0,0,0
aclnnRepeat,,,0.735,0.735,9.3005,9.3005,0,0
aten::chunk,,,3.652,13.347,0,0,0,0
aten::split,,,2.263,9.695,0,0,0,0
aten::narrow,,,2.434,4.644,0,0,0,0
aten::slice,,,0.521,2.21,0,0,0,0
aten::as_strided,,,1.689,1.689,0,0,0,0
aten::narrow,,,1.717,2.788,0,0,0,0
aten::slice,,,0.492,1.071,0,0,0,0
aten::as_strided,,,0.579,0.579,0,0,0,0
aten::slice,,,0.986,1.889,0,0,0,0
aten::as_strided,,,0.903,0.903,0,0,0,0
aten::view,,,0.744,0.744,0,0,0,0
aten::expand,,,2.433,3.097,0,0,0,0
aten::as_strided,,,0.664,0.664,0,0,0,0
aten::copy_,,,3.403,5.684,0,3.6,0,0
aclnnInplaceCopy,,,2.281,2.281,3.6,3.6,0,0
aten::index_select,,,3.918,7.113,0,9.6405,0,0
empty_tensor,,,2.304,2.304,0,0,0,0
aclnnIndexSelect,,,0.891,0.891,9.6405,9.6405,0,0
aten::view,,,0.656,0.656,0,0,0,0
aten::repeat,,,2.134,5.747,0,4.62,0,0
empty_tensor,,,0.891,0.891,0,0,0,0
aclnnRepeat,,,2.722,2.722,4.62,4.62,0,0
aten::chunk,,,0.511,4.004,0,0,0,0
aten::split,,,0.527,3.493,0,0,0,0
aten::narrow,,,0.471,1.73,0,0,0,0
aten::slice,,,0.524,1.259,0,0,0,0
aten::as_strided,,,0.735,0.735,0,0,0,0
aten::narrow,,,0.463,1.236,0,0,0,0
aten::slice,,,0.39,0.773,0,0,0,0
aten::as_strided,,,0.383,0.383,0,0,0,0
aten::slice,,,1.059,1.477,0,0,0,0
aten::as_strided,,,0.418,0.418,0,0,0,0
aten::view,,,0.441,0.441,0,0,0,0
aten::expand,,,0.485,0.87,0,0,0,0
aten::as_strided,,,0.385,0.385,0,0,0,0
aten::copy_,,,2.351,3.948,0,2.44,0,0
aclnnInplaceCopy,,,1.597,1.597,2.44,2.44,0,0
aten::slice,,,0.655,0.98,0,0,0,0
aten::as_strided,,,0.325,0.325,0,0,0,0
aten::slice,,,0.6,1.065,0,0,0,0
aten::as_strided,,,0.465,0.465,0,0,0,0
P12/A/0014/forward,,,10053.339,54960.333,0,4164.1435,0,1504.3195
aten::to,,,2.24,33.934,0,1.18,0,0
aten::_to_copy,,,4.317,31.694,0,1.18,0,0
aten::empty,,,2.821,10.843,0,0,0,0
empty_tensor,,,8.022,8.022,0,0,0,0
aten::copy_,,,12.035,16.534,0,1.18,0,0
aclnnInplaceCopy,,,4.499,4.499,1.18,1.18,0,0
aten::embedding,,,7.283,15.712,0,9.2405,0,0
empty_tensor,,,3.375,3.375,0,0,0,0
aclnnEmbedding,,,5.054,5.054,9.2405,9.2405,0,0
vllm::maybe_pad_and_reduce,,,19.886,19.886,0,0,0,0
npu::npu_rms_norm,,,54.767,62.929,0,16.5805,0,0
empty_tensor,,,2.36,2.36,0,0,0,0
empty_tensor,,,1.298,1.298,0,0,0,0
aclnnRmsNorm,,,4.504,4.504,16.5805,16.5805,0,0
vllm::unquantized_gemm,,,15.496,51.476,0,10.3405,0,9.2005
aten::linear,,,4.765,35.98,0,10.3405,0,9.2005
aten::t,,,5.299,10.074,0,0,0,0
aten::transpose,,,2.577,4.775,0,0,0,0
aten::as_strided,,,2.198,2.198,0,0,0,0
aten::addmm,,,14.355,21.141,0,10.3405,0,9.2005
empty_tensor,,,2.987,2.987,0,0,0,0
aclnnAddmm,,,3.799,3.799,10.3405,10.3405,9.2005,9.2005
aten::split_with_sizes,,,4.702,6.86,0,0,0,0
aten::as_strided,,,1.166,1.166,0,0,0,0
aten::as_strided,,,0.473,0.473,0,0,0,0
aten::as_strided,,,0.519,0.519,0,0,0,0
vllm::npu_rotary_embedding,,,390.211,425.283,0,19.180500000000002,0,0
aten::view,,,1.871,1.871,0,0,0,0
aten::view,,,0.923,0.923,0,0,0,0
aten::contiguous,,,3.769,16.033,0,2.22,0,0
aten::clone,,,2.414,12.264,0,2.22,0,0
empty_tensor,,,2.439,2.439,0,0,0,0
aten::copy_,,,4.334,7.411,0,2.22,0,0
aclnnInplaceCopy,,,3.077,3.077,2.22,2.22,0,0
aten::contiguous,,,0.608,9.073,0,2.6,0,0
aten::clone,,,0.832,8.465,0,2.6,0,0
empty_tensor,,,2.327,2.327,0,0,0,0
aten::copy_,,,3.126,5.306,0,2.6,0,0
aclnnInplaceCopy,,,2.18,2.18,2.6,2.6,0,0
_triton_rope,,,4.717,4.717,14.3605,14.3605,0,0
aten::view,,,1.461,1.461,0,0,0,0
aten::view,,,0.994,0.994,0,0,0,0
aten::empty,,,1.145,3.78,0,0,0,0
empty_tensor,,,2.635,2.635,0,0,0,0
aten::view,,,1.075,1.075,0,0,0,0
aten::view,,,0.957,0.957,0,0,0,0
aten::view,,,0.877,0.877,0,0,0,0
aten::view,,,0.996,0.996,0,0,0,0
vllm::unified_attention_with_output,,,369.751,1736.244,0,49.162000000000006,0,0
P12/A/0015/attention,,,560.312,1366.493,0,49.162000000000006,0,0
aten::slice,,,2.507,4.959,0,0,0,0
aten::as_strided,,,2.452,2.452,0,0,0,0
aten::slice,,,0.829,1.788,0,0,0,0
aten::as_strided,,,0.959,0.959,0,0,0,0
aten::slice,,,3.813,5.022,0,0,0,0
aten::as_strided,,,1.209,1.209,0,0,0,0
P12/A/0016/cache_write,,,173.759,248.628,0,11.5805,0,0
atb::_npu_reshape_and_cache,,,39.703,74.869,0,11.5805,0,0
aten::contiguous,,,1.441,32.381,0,3.08,0,0
aten::clone,,,2.795,30.94,0,3.08,0,0
empty_tensor,,,13.783,13.783,0,0,0,0
aten::copy_,,,9.665,14.362,0,3.08,0,0
aclnnInplaceCopy,,,4.697,4.697,3.08,3.08,0,0
ReshapeCacheOperation,,,2.785,2.785,8.5005,8.5005,0,0
P12/A/0017/fia,,,331.844,527.73,0,37.581500000000005,0,0
aten::slice,,,2.238,4.511,0,0,0,0
aten::as_strided,,,2.273,2.273,0,0,0,0
aten::slice,,,0.605,1.328,0,0,0,0
aten::as_strided,,,0.723,0.723,0,0,0,0
aten::slice,,,0.55,1.39,0,0,0,0
aten::as_strided,,,0.84,0.84,0,0,0,0
npu::npu_fused_infer_attention_score,,,144.025,168.532,0,36.581500000000005,0,0
empty_tensor,,,5.769,5.769,0,0,0,0
empty_tensor,,,2.09,2.09,0,0,0,0
empty_tensor,,,1.458,1.458,0,0,0,0
empty_tensor,,,1.302,1.302,0,0,0,0
aclnnFusedInferAttentionScoreV3,,,13.888,13.888,36.581500000000005,36.581500000000005,0,0
aten::view,,,1.316,1.316,0,0,0,0
aten::slice,,,0.631,1.352,0,0,0,0
aten::as_strided,,,0.721,0.721,0,0,0,0
aten::copy_,,,15.952,17.457,0,1.0,0,0
aclnnInplaceCopy,,,1.505,1.505,1.0,1.0,0,0
aten::slice,,,0.773,1.781,0,0,0,0
aten::as_strided,,,1.008,1.008,0,0,0,0
aten::copy_,,,13.348,16.273,0,0,0,0
aclnnInplaceCopy,,,2.925,2.925,0,0,0,0
aten::view,,,1.756,1.756,0,0,0,0
vllm::unquantized_gemm,,,16.304,46.2,0,7.8405,0,7.8405
aten::linear,,,3.106,29.896,0,7.8405,0,7.8405
aten::t,,,4.077,7.285,0,0,0,0
aten::transpose,,,1.881,3.208,0,0,0,0
aten::as_strided,,,1.327,1.327,0,0,0,0
aten::matmul,,,12.551,19.505,0,7.8405,0,7.8405
empty_tensor,,,4.256,4.256,0,0,0,0
aclnnMatmul,,,2.698,2.698,7.8405,7.8405,7.8405,7.8405
vllm::maybe_chunk_residual,,,9.757,9.757,0,0,0,0
_C_ascend::npu_add_rms_norm_bias,,,32.086,48.731,0,19.7005,0,0
aten::empty,,,1.242,4.075,0,0,0,0
empty_tensor,,,2.833,2.833,0,0,0,0
aten::empty,,,0.399,2.813,0,0,0,0
empty_tensor,,,2.414,2.414,0,0,0,0
aten::empty,,,0.56,2.238,0,0,0,0
empty_tensor,,,1.678,1.678,0,0,0,0
aten::empty,,,0.508,4.167,0,0,0,0
empty_tensor,,,3.659,3.659,0,0,0,0
aclnnAddRmsNormBias,,,3.352,3.352,19.7005,19.7005,0,0
vllm::unquantized_gemm,,,5.973,20.864,0,24.061,0,24.061
aten::linear,,,1.263,14.891,0,24.061,0,24.061
aten::t,,,1.709,3.99,0,0,0,0
aten::transpose,,,1.011,2.281,0,0,0,0
aten::as_strided,,,1.27,1.27,0,0,0,0
aten::matmul,,,4.953,9.638,0,24.061,0,24.061
empty_tensor,,,1.959,1.959,0,0,0,0
aclnnMatmul,,,2.726,2.726,24.061,24.061,24.061,24.061
npu::npu_swiglu,,,19.887,25.318,0,19.081,0,0
empty_tensor,,,2.77,2.77,0,0,0,0
aclnnSwiGlu,,,2.661,2.661,19.081,19.081,0,0
vllm::unquantized_gemm,,,4.824,21.061,0,22.161,0,22.161
aten::linear,,,0.927,16.237,0,22.161,0,22.161
aten::t,,,1.528,2.993,0,0,0,0
aten::transpose,,,0.68,1.465,0,0,0,0
aten::as_strided,,,0.785,0.785,0,0,0,0
aten::matmul,,,3.541,12.317,0,22.161,0,22.161
empty_tensor,,,1.962,1.962,0,0,0,0
aclnnMatmul,,,6.814,6.814,22.161,22.161,22.161,22.161
vllm::maybe_chunk_residual,,,6.137,6.137,0,0,0,0
_C_ascend::npu_add_rms_norm_bias,,,9.446,19.2,0,13.5205,0,0
aten::empty,,,0.531,1.862,0,0,0,0
empty_tensor,,,1.331,1.331,0,0,0,0
aten::empty,,,0.412,1.668,0,0,0,0
empty_tensor,,,1.256,1.256,0,0,0,0
aten::empty,,,0.69,1.812,0,0,0,0
empty_tensor,,,1.122,1.122,0,0,0,0
aten::empty,,,0.456,2.015,0,0,0,0
empty_tensor,,,1.559,1.559,0,0,0,0
aclnnAddRmsNormBias,,,2.397,2.397,13.5205,13.5205,0,0
vllm::unquantized_gemm,,,4.59,22.191,0,10.82,0,9.64
aten::linear,,,1.403,17.601,0,10.82,0,9.64
aten::t,,,0.787,5.198,0,0,0,0
aten::transpose,,,2.168,4.411,0,0,0,0
aten::as_strided,,,2.243,2.243,0,0,0,0
aten::addmm,,,5.866,11.0,0,10.82,0,9.64
empty_tensor,,,1.304,1.304,0,0,0,0
aclnnAddmm,,,3.83,3.83,10.82,10.82,9.64,9.64
aten::split_with_sizes,,,1.84,3.505,0,0,0,0
aten::as_strided,,,0.775,0.775,0,0,0,0
aten::as_strided,,,0.525,0.525,0,0,0,0
aten::as_strided,,,0.365,0.365,0,0,0,0
vllm::npu_rotary_embedding,,,336.419,369.718,0,19.200499999999998,0,0
aten::view,,,4.823,4.823,0,0,0,0
aten::view,,,0.328,0.328,0,0,0,0
aten::contiguous,,,1.419,12.555,0,2.92,0,0
aten::clone,,,1.653,11.136,0,2.92,0,0
empty_tensor,,,2.254,2.254,0,0,0,0
aten::copy_,,,4.593,7.229,0,2.92,0,0
aclnnInplaceCopy,,,2.636,2.636,2.92,2.92,0,0
aten::contiguous,,,0.551,9.019,0,2.8,0,0
aten::clone,,,0.781,8.468,0,2.8,0,0
empty_tensor,,,3.161,3.161,0,0,0,0
aten::copy_,,,2.645,4.526,0,2.8,0,0
aclnnInplaceCopy,,,1.881,1.881,2.8,2.8,0,0
_triton_rope,,,4.371,4.371,13.4805,13.4805,0,0
aten::view,,,1.431,1.431,0,0,0,0
aten::view,,,0.772,0.772,0,0,0,0
aten::empty,,,0.802,3.017,0,0,0,0
empty_tensor,,,2.215,2.215,0,0,0,0
aten::view,,,1.012,1.012,0,0,0,0
aten::view,,,2.794,2.794,0,0,0,0
aten::view,,,0.999,0.999,0,0,0,0
aten::view,,,1.137,1.137,0,0,0,0
vllm::unified_attention_with_output,,,168.547,1462.334,0,45.1215,0,0
P12/A/0018/attention,,,578.349,1293.787,0,45.1215,0,0
aten::slice,,,2.456,4.357,0,0,0,0
aten::as_strided,,,1.901,1.901,0,0,0,0
aten::slice,,,0.744,1.47,0,0,0,0
aten::as_strided,,,0.726,0.726,0,0,0,0
aten::slice,,,3.432,4.334,0,0,0,0
aten::as_strided,,,0.902,0.902,0,0,0,0
P12/A/0019/cache_write,,,161.745,212.777,0,11.72,0,0
atb::_npu_reshape_and_cache,,,27.615,51.032,0,11.72,0,0
aten::contiguous,,,1.545,20.422,0,2.84,0,0
aten::clone,,,2.04,18.877,0,2.84,0,0
empty_tensor,,,4.71,4.71,0,0,0,0
aten::copy_,,,7.729,12.127,0,2.84,0,0
aclnnInplaceCopy,,,4.398,4.398,2.84,2.84,0,0
ReshapeCacheOperation,,,2.995,2.995,8.88,8.88,0,0
P12/A/0020/fia,,,332.333,477.885,0,33.4015,0,0
aten::slice,,,2.522,4.537,0,0,0,0
aten::as_strided,,,2.015,2.015,0,0,0,0
aten::slice,,,1.125,1.583,0,0,0,0
aten::as_strided,,,0.458,0.458,0,0,0,0
aten::slice,,,0.469,1.368,0,0,0,0
aten::as_strided,,,0.899,0.899,0,0,0,0
npu::npu_fused_infer_attention_score,,,93.685,117.442,0,32.3615,0,0
empty_tensor,,,5.145,5.145,0,0,0,0
empty_tensor,,,4.703,4.703,0,0,0,0
empty_tensor,,,1.43,1.43,0,0,0,0
empty_tensor,,,1.136,1.136,0,0,0,0
aclnnFusedInferAttentionScoreV3,,,11.343,11.343,32.3615,32.3615,0,0
aten::view,,,1.754,1.754,0,0,0,0
aten::slice,,,0.804,1.905,0,0,0,0
aten::as_strided,,,1.101,1.101,0,0,0,0
aten::copy_,,,15.751,16.963,0,1.04,0,0
aclnnInplaceCopy,,,1.212,1.212,1.04,1.04,0,0
aten::slice,,,0.687,1.424,0,0,0,0
aten::as_strided,,,0.737,0.737,0,0,0,0
aten::copy_,,,10.592,13.191,0,0,0,0
aclnnInplaceCopy,,,2.599,2.599,0,0,0,0
aten::view,,,1.365,1.365,0,0,0,0
vllm::unquantized_gemm,,,10.124,33.656,0,7.9005,0,7.9005
aten::linear,,,2.276,23.532,0,7.9005,0,7.9005
aten::t,,,3.545,6.208,0,0,0,0
aten::transpose,,,1.377,2.663,0,0,0,0
aten::as_strided,,,1.286,1.286,0,0,0,0
aten::matmul,,,8.119,15.048,0,7.9005,0,7.9005
empty_tensor,,,3.939,3.939,0,0,0,0
aclnnMatmul,,,2.99,2.99,7.9005,7.9005,7.9005,7.9005
vllm::maybe_chunk_residual,,,8.493,8.493,0,0,0,0
_C_ascend::npu_add_rms_norm_bias,,,20.133,34.031,0,15.8205,0,0
aten::empty,,,1.212,3.711,0,0,0,0
empty_tensor,,,2.499,2.499,0,0,0,0
aten::empty,,,0.404,2.02,0,0,0,0
empty_tensor,,,1.616,1.616,0,0,0,0
aten::empty,,,0.363,2.088,0,0,0,0
empty_tensor,,,1.725,1.725,0,0,0,0
aten::empty,,,0.499,2.677,0,0,0,0
empty_tensor,,,2.178,2.178,0,0,0,0
aclnnAddRmsNormBias,,,3.402,3.402,15.8205,15.8205,0,0
vllm::unquantized_gemm,,,5.443,25.811,0,23.041,0,23.041
aten::linear,,,1.282,20.368,0,23.041,0,23.041
aten::t,,,1.245,2.981,0,0,0,0
aten::transpose,,,0.713,1.736,0,0,0,0
aten::as_strided,,,1.023,1.023,0,0,0,0
aten::matmul,,,7.54,16.105,0,23.041,0,23.041
empty_tensor,,,5.705,5.705,0,0,0,0
aclnnMatmul,,,2.86,2.86,23.041,23.041,23.041,23.041
npu::npu_swiglu,,,14.405,18.469,0,18.2205,0,0
empty_tensor,,,1.606,1.606,0,0,0,0
aclnnSwiGlu,,,2.458,2.458,18.2205,18.2205,0,0
vllm::unquantized_gemm,,,4.105,15.844,0,21.901,0,21.901
aten::linear,,,1.764,11.739,0,21.901,0,21.901
aten::t,,,0.715,1.77,0,0,0,0
aten::transpose,,,0.442,1.055,0,0,0,0
aten::as_strided,,,0.613,0.613,0,0,0,0
aten::matmul,,,2.694,8.205,0,21.901,0,21.901
empty_tensor,,,1.071,1.071,0,0,0,0
aclnnMatmul,,,4.44,4.44,21.901,21.901,21.901,21.901
vllm::maybe_chunk_residual,,,4.416,4.416,0,0,0,0
_C_ascend::npu_add_rms_norm_bias,,,9.249,17.4,0,10.5405,0,0
aten::empty,,,0.454,1.663,0,0,0,0
empty_tensor,,,1.209,1.209,0,0,0,0
aten::empty,,,0.243,0.985,0,0,0,0
empty_tensor,,,0.742,0.742,0,0,0,0
aten::empty,,,0.195,1.064,0,0,0,0
empty_tensor,,,0.869,0.869,0,0,0,0
aten::empty,,,0.434,2.059,0,0,0,0
empty_tensor,,,1.625,1.625,0,0,0,0
aclnnAddRmsNormBias,,,2.38,2.38,10.5405,10.5405,0,0
vllm::unquantized_gemm,,,6.051,23.632,0,10.0205,0,8.9205
aten::linear,,,1.571,17.581,0,10.0205,0,8.9205
aten::t,,,0.916,2.366,0,0,0,0
aten::transpose,,,0.67,1.45,0,0,0,0
aten::as_strided,,,0.78,0.78,0,0,0,0
aten::addmm,,,7.447,13.644,0,10.0205,0,8.9205
empty_tensor,,,2.975,2.975,0,0,0,0
aclnnAddmm,,,3.222,3.222,10.0205,10.0205,8.9205,8.9205
aten::split_with_sizes,,,2.31,4.242,0,0,0,0
aten::as_strided,,,0.912,0.912,0,0,0,0
aten::as_strided,,,0.567,0.567,0,0,0,0
aten::as_strided,,,0.453,0.453,0,0,0,0
vllm::npu_rotary_embedding,,,345.366,375.0,0,18.82,0,0
aten::view,,,1.337,1.337,0,0,0,0
aten::view,,,0.532,0.532,0,0,0,0
aten::contiguous,,,1.44,11.604,0,2.8,0,0
aten::clone,,,1.669,10.164,0,2.8,0,0
empty_tensor,,,1.742,1.742,0,0,0,0
aten::copy_,,,4.423,6.753,0,2.8,0,0
aclnnInplaceCopy,,,2.33,2.33,2.8,2.8,0,0
aten::contiguous,,,0.598,10.011,0,2.74,0,0
aten::clone,,,0.848,9.413,0,2.74,0,0
empty_tensor,,,1.823,1.823,0,0,0,0
aten::copy_,,,2.614,6.742,0,2.74,0,0
aclnnInplaceCopy,,,4.128,4.128,2.74,2.74,0,0
_triton_rope,,,3.81,3.81,13.28,13.28,0,0
aten::view,,,1.488,1.488,0,0,0,0
aten::view,,,0.852,0.852,0,0,0,0
aten::empty,,,0.995,4.013,0,0,0,0
empty_tensor,,,3.018,3.018,0,0,0,0
aten::view,,,1.041,1.041,0,0,0,0
aten::view,,,0.772,0.772,0,0,0,0
aten::view,,,0.787,0.787,0,0,0,0
aten::view,,,0.984,0.984,0,0,0,0
vllm::unified_attention_with_output,,,193.517,1475.549,0,46.982,0,0
P12/A/0021/attention,,,575.718,1282.032,0,46.982,0,0
aten::slice,,,2.456,4.741,0,0,0,0
aten::as_strided,,,2.285,2.285,0,0,0,0
aten::slice,,,0.693,1.606,0,0,0,0
aten::as_strided,,,0.913,0.913,0,0,0,0
aten::slice,,,3.623,4.665,0,0,0,0
aten::as_strided,,,1.042,1.042,0,0,0,0
P12/A/0022/cache_write,,,162.868,212.035,0,11.4205,0,0
atb::_npu_reshape_and_cache,,,27.009,49.167,0,11.4205,0,0
aten::contiguous,,,1.364,19.657,0,2.76,0,0
aten::clone,,,2.138,18.293,0,2.76,0,0
empty_tensor,,,4.765,4.765,0,0,0,0
aten::copy_,,,7.745,11.39,0,2.76,0,0
aclnnInplaceCopy,,,3.645,3.645,2.76,2.76,0,0
ReshapeCacheOperation,,,2.501,2.501,8.6605,8.6605,0,0
P12/A/0023/fia,,,331.921,467.772,0,35.5615,0,0
aten::slice,,,1.837,4.167,0,0,0,0
aten::as_strided,,,2.33,2.33,0,0,0,0
aten::slice,,,0.642,1.397,0,0,0,0
aten::as_strided,,,0.755,0.755,0,0,0,0
aten::slice,,,0.558,1.341,0,0,0,0
aten::as_strided,,,0.783,0.783,0,0,0,0
npu::npu_fused_infer_attention_score,,,81.461,108.622,0,34.5415,0,0
empty_tensor,,,6.218,6.218,0,0,0,0
empty_tensor,,,1.78,1.78,0,0,0,0
empty_tensor,,,1.277,1.277,0,0,0,0
empty_tensor,,,3.319,3.319,0,0,0,0
aclnnFusedInferAttentionScoreV3,,,14.567,14.567,34.5415,34.5415,0,0
aten::view,,,1.797,1.797,0,0,0,0
aten::slice,,,0.843,1.798,0,0,0,0
aten::as_strided,,,0.955,0.955,0,0,0,0
aten::copy_,,,15.769,16.729,0,1.02,0,0
aclnnInplaceCopy,,,0.96,0.96,1.02,1.02,0,0
aten::slice,,,0.834,1.639,0,0,0,0
aten::as_strided,,,0.805,0.805,0,0,0,0
aten::copy_,,,10.754,13.856,0,0,0,0
aclnnInplaceCopy,,,3.102,3.102,0,0,0,0
aten::view,,,1.294,1.294,0,0,0,0
vllm::unquantized_gemm,,,8.245,28.033,0,7.4605,0,7.4605
aten::linear,,,1.826,19.788,0,7.4605,0,7.4605
aten::t,,,3.297,5.563,0,0,0,0
aten::transpose,,,1.201,2.266,0,0,0,0
aten::as_strided,,,1.065,1.065,0,0,0,0
aten::matmul,,,6.235,12.399,0,7.4605,0,7.4605
empty_tensor,,,3.565,3.565,0,0,0,0
aclnnMatmul,,,2.599,2.599,7.4605,7.4605,7.4605,7.4605
vllm::maybe_chunk_residual,,,5.285,5.285,0,0,0,0
_C_ascend::npu_add_rms_norm_bias,,,15.476,27.792,0,15.001,0,0
aten::empty,,,1.041,2.908,0,0,0,0
empty_tensor,,,1.867,1.867,0,0,0,0
aten::empty,,,0.226,1.57,0,0,0,0
empty_tensor,,,1.344,1.344,0,0,0,0
aten::empty,,,0.398,1.486,0,0,0,0
empty_tensor,,,1.088,1.088,0,0,0,0
aten::empty,,,0.357,2.318,0,0,0,0
empty_tensor,,,1.961,1.961,0,0,0,0
aclnnAddRmsNormBias,,,4.034,4.034,15.001,15.001,0,0
vllm::unquantized_gemm,,,4.261,15.181,0,23.341,0,23.341
aten::linear,,,0.894,10.92,0,23.341,0,23.341
aten::t,,,1.075,3.053,0,0,0,0
aten::transpose,,,1.173,1.978,0,0,0,0
aten::as_strided,,,0.805,0.805,0,0,0,0
aten::matmul,,,3.113,6.973,0,23.341,0,23.341
empty_tensor,,,1.458,1.458,0,0,0,0
aclnnMatmul,,,2.402,2.402,23.341,23.341,23.341,23.341
npu::npu_swiglu,,,10.757,15.195,0,15.1405,0,0
empty_tensor,,,1.698,1.698,0,0,0,0
aclnnSwiGlu,,,2.74,2.74,15.1405,15.1405,0,0
vllm::unquantized_gemm,,,3.533,11.92,0,22.4805,0,22.4805
aten::linear,,,0.602,8.387,0,22.4805,0,22.4805
aten::t,,,0.692,1.813,0,0,0,0
aten::transpose,,,0.425,1.121,0,0,0,0
aten::as_strided,,,0.696,0.696,0,0,0,0
aten::matmul,,,2.267,5.972,0,22.4805,0,22.4805
empty_tensor,,,1.189,1.189,0,0,0,0
aclnnMatmul,,,2.516,2.516,22.4805,22.4805,22.4805,22.4805
vllm::maybe_chunk_residual,,,4.144,4.144,0,0,0,0
_C_ascend::npu_add_rms_norm_bias,,,8.705,24.332,0,10.9805,0,0
aten::empty,,,0.428,1.667,0,0,0,0
empty_tensor,,,1.239,1.239,0,0,0,0
aten::empty,,,0.229,1.246,0,0,0,0
empty_tensor,,,1.017,1.017,0,0,0,0
aten::empty,,,0.195,1.405,0,0,0,0
empty_tensor,,,1.21,1.21,0,0,0,0
aten::empty,,,0.446,1.583,0,0,0,0
empty_tensor,,,1.137,1.137,0,0,0,0
aclnnAddRmsNormBias,,,9.726,9.726,10.9805,10.9805,0,0
vllm::unquantized_gemm,,,4.304,16.14,0,10.9005,0,9.7205
aten::linear,,,1.06,11.836,0,10.9005,0,9.7205
aten::t,,,0.888,1.915,0,0,0,0
aten::transpose,,,0.434,1.027,0,0,0,0
aten::as_strided,,,0.593,0.593,0,0,0,0
aten::addmm,,,5.463,8.861,0,10.9005,0,9.7205
empty_tensor,,,1.847,1.847,0,0,0,0
aclnnAddmm,,,1.551,1.551,10.9005,10.9005,9.7205,9.7205
aten::split_with_sizes,,,1.491,3.028,0,0,0,0
aten::as_strided,,,0.649,0.649,0,0,0,0
aten::as_strided,,,0.417,0.417,0,0,0,0
aten::as_strided,,,0.471,0.471,0,0,0,0
vllm::npu_rotary_embedding,,,217.195,238.52,0,26.121,0,0
aten::view,,,1.115,1.115,0,0,0,0
aten::view,,,0.412,0.412,0,0,0,0
aten::contiguous,,,0.968,9.697,0,2.74,0,0
aten::clone,,,1.222,8.729,0,2.74,0,0
empty_tensor,,,1.271,1.271,0,0,0,0
aten::copy_,,,2.897,6.236,0,2.74,0,0
aclnnInplaceCopy,,,3.339,3.339,2.74,2.74,0,0
aten::contiguous,,,0.337,4.365,0,2.76,0,0
aten::clone,,,0.404,4.028,0,2.76,0,0
empty_tensor,,,1.09,1.09,0,0,0,0
aten::copy_,,,1.614,2.534,0,2.76,0,0
aclnnInplaceCopy,,,0.92,0.92,2.76,2.76,0,0
_triton_rope,,,3.451,3.451,20.621,20.621,0,0
aten::view,,,1.472,1.472,0,0,0,0
aten::view,,,0.813,0.813,0,0,0,0
aten::empty,,,0.646,2.569,0,0,0,0
empty_tensor,,,1.923,1.923,0,0,0,0
aten::view,,,0.777,0.777,0,0,0,0
aten::view,,,0.452,0.452,0,0,0,0
aten::view,,,0.677,0.677,0,0,0,0
aten::view,,,1.079,1.079,0,0,0,0
vllm::unified_attention_with_output,,,153.957,1058.598,0,43.0015,0,0
P12/A/0024/attention,,,409.634,904.641,0,43.0015,0,0
aten::slice,,,1.459,2.771,0,0,0,0
aten::as_strided,,,1.312,1.312,0,0,0,0
aten::slice,,,0.481,0.928,0,0,0,0
aten::as_strided,,,0.447,0.447,0,0,0,0
aten::slice,,,2.725,3.564,0,0,0,0
aten::as_strided,,,0.839,0.839,0,0,0,0
P12/A/0025/cache_write,,,111.183,145.947,0,12.0805,0,0
atb::_npu_reshape_and_cache,,,19.205,34.764,0,12.0805,0,0
aten::contiguous,,,1.009,13.698,0,2.98,0,0
aten::clone,,,1.251,12.689,0,2.98,0,0
empty_tensor,,,3.198,3.198,0,0,0,0
aten::copy_,,,5.137,8.24,0,2.98,0,0
aclnnInplaceCopy,,,3.103,3.103,2.98,2.98,0,0
ReshapeCacheOperation,,,1.861,1.861,9.1005,9.1005,0,0
P12/A/0026/fia,,,228.913,328.171,0,30.921,0,0
aten::slice,,,1.106,2.295,0,0,0,0
aten::as_strided,,,1.189,1.189,0,0,0,0
aten::slice,,,0.563,0.997,0,0,0,0
aten::as_strided,,,0.434,0.434,0,0,0,0
aten::slice,,,0.733,1.218,0,0,0,0
aten::as_strided,,,0.485,0.485,0,0,0,0
npu::npu_fused_infer_attention_score,,,63.504,79.852,0,29.881,0,0
empty_tensor,,,2.813,2.813,0,0,0,0
empty_tensor,,,1.101,1.101,0,0,0,0
empty_tensor,,,0.719,0.719,0,0,0,0
empty_tensor,,,0.808,0.808,0,0,0,0
aclnnFusedInferAttentionScoreV3,,,10.907,10.907,29.881,29.881,0,0
aten::view,,,1.245,1.245,0,0,0,0
aten::slice,,,0.563,1.261,0,0,0,0
aten::as_strided,,,0.698,0.698,0,0,0,0
aten::copy_,,,11.676,12.39,0,1.04,0,0
aclnnInplaceCopy,,,0.714,0.714,1.04,1.04,0,0
aten::slice,,,0.595,1.319,0,0,0,0
aten::as_strided,,,0.724,0.724,0,0,0,0
aten::copy_,,,8.967,12.307,0,0,0,0
aclnnInplaceCopy,,,3.34,3.34,0,0,0,0
aten::view,,,1.226,1.226,0,0,0,0
vllm::unquantized_gemm,,,8.303,27.514,0,7.9,0,7.9
aten::linear,,,1.814,19.211,0,7.9,0,7.9
aten::t,,,2.55,4.722,0,0,0,0
aten::transpose,,,1.096,2.172,0,0,0,0
aten::as_strided,,,1.076,1.076,0,0,0,0
aten::matmul,,,6.233,12.675,0,7.9,0,7.9
empty_tensor,,,3.837,3.837,0,0,0,0
aclnnMatmul,,,2.605,2.605,7.9,7.9,7.9,7.9
vllm::maybe_chunk_residual,,,5.358,5.358,0,0,0,0
_C_ascend::npu_add_rms_norm_bias,,,14.607,25.997,0,15.201,0,0
aten::empty,,,1.0,2.742,0,0,0,0
empty_tensor,,,1.742,1.742,0,0,0,0
aten::empty,,,0.202,1.141,0,0,0,0
empty_tensor,,,0.939,0.939,0,0,0,0
aten::empty,,,0.392,1.706,0,0,0,0
empty_tensor,,,1.314,1.314,0,0,0,0
aten::empty,,,0.678,3.009,0,0,0,0
empty_tensor,,,2.331,2.331,0,0,0,0
aclnnAddRmsNormBias,,,2.792,2.792,15.201,15.201,0,0
vllm::unquantized_gemm,,,4.245,15.02,0,22.861,0,22.861
aten::linear,,,0.819,10.775,0,22.861,0,22.861
aten::t,,,0.948,2.258,0,0,0,0
aten::transpose,,,0.49,1.31,0,0,0,0
aten::as_strided,,,0.82,0.82,0,0,0,0
aten::matmul,,,3.111,7.698,0,22.861,0,22.861
empty_tensor,,,1.767,1.767,0,0,0,0
aclnnMatmul,,,2.82,2.82,22.861,22.861,22.861,22.861
npu::npu_swiglu,,,10.133,14.405,0,14.8805,0,0
empty_tensor,,,1.626,1.626,0,0,0,0
aclnnSwiGlu,,,2.646,2.646,14.8805,14.8805,0,0
vllm::unquantized_gemm,,,3.708,15.241,0,22.201,0,22.201
aten::linear,,,0.633,11.533,0,22.201,0,22.201
aten::t,,,0.827,4.863,0,0,0,0
aten::transpose,,,3.372,4.036,0,0,0,0
aten::as_strided,,,0.664,0.664,0,0,0,0
aten::matmul,,,2.404,6.037,0,22.201,0,22.201
empty_tensor,,,1.135,1.135,0,0,0,0
aclnnMatmul,,,2.498,2.498,22.201,22.201,22.201,22.201
vllm::maybe_chunk_residual,,,5.136,5.136,0,0,0,0
_C_ascend::npu_add_rms_norm_bias,,,17.785,33.406,0,10.7405,0,0
aten::empty,,,0.39,1.541,0,0,0,0
empty_tensor,,,1.151,1.151,0,0,0,0
aten::empty,,,0.198,1.048,0,0,0,0
empty_tensor,,,0.85,0.85,0,0,0,0
aten::empty,,,0.222,1.623,0,0,0,0
empty_tensor,,,1.401,1.401,0,0,0,0
aten::empty,,,0.647,2.459,0,0,0,0
empty_tensor,,,1.812,1.812,0,0,0,0
aclnnAddRmsNormBias,,,8.95,8.95,10.7405,10.7405,0,0
vllm::unquantized_gemm,,,4.555,18.956,0,10.6005,0,9.4805
aten::linear,,,1.134,14.401,0,10.6005,0,9.4805
aten::t,,,1.035,2.096,0,0,0,0
aten::transpose,,,0.434,1.061,0,0,0,0
aten::as_strided,,,0.627,0.627,0,0,0,0
aten::addmm,,,5.613,11.171,0,10.6005,0,9.4805
empty_tensor,,,3.087,3.087,0,0,0,0
aclnnAddmm,,,2.471,2.471,10.6005,10.6005,9.4805,9.4805
aten::split_with_sizes,,,1.69,3.137,0,0,0,0
aten::as_strided,,,0.726,0.726,0,0,0,0
aten::as_strided,,,0.37,0.37,0,0,0,0
aten::as_strided,,,0.351,0.351,0,0,0,0
vllm::npu_rotary_embedding,,,213.598,238.446,0,18.8815,0,0
aten::view,,,0.992,0.992,0,0,0,0
aten::view,,,0.342,0.342,0,0,0,0
aten::contiguous,,,1.074,11.893,0,2.76,0,0
aten::clone,,,1.188,10.819,0,2.76,0,0
empty_tensor,,,4.144,4.144,0,0,0,0
aten::copy_,,,2.954,5.487,0,2.76,0,0
aclnnInplaceCopy,,,2.533,2.533,2.76,2.76,0,0
aten::contiguous,,,0.353,5.54,0,2.7805,0,0
aten::clone,,,0.535,5.187,0,2.7805,0,0
empty_tensor,,,0.961,0.961,0,0,0,0
aten::copy_,,,1.653,3.691,0,2.7805,0,0
aclnnInplaceCopy,,,2.038,2.038,2.7805,2.7805,0,0
_triton_rope,,,3.148,3.148,13.341,13.341,0,0
aten::view,,,2.487,2.487,0,0,0,0
aten::view,,,0.446,0.446,0,0,0,0
aten::empty,,,0.587,2.095,0,0,0,0
empty_tensor,,,1.508,1.508,0,0,0,0
aten::view,,,0.819,0.819,0,0,0,0
aten::view,,,0.497,0.497,0,0,0,0
aten::view,,,0.457,0.457,0,0,0,0
aten::view,,,0.573,0.573,0,0,0,0
vllm::unified_attention_with_output,,,170.896,1179.561,0,48.181999999999995,0,0
P12/A/0027/attention,,,441.412,1008.665,0,48.181999999999995,0,0
aten::slice,,,1.329,2.68,0,0,0,0
aten::as_strided,,,1.351,1.351,0,0,0,0
aten::slice,,,0.406,0.85,0,0,0,0
aten::as_strided,,,0.444,0.444,0,0,0,0
aten::slice,,,2.414,3.015,0,0,0,0
aten::as_strided,,,0.601,0.601,0,0,0,0
P12/A/0028/cache_write,,,113.459,161.14,0,11.5605,0,0
atb::_npu_reshape_and_cache,,,31.849,47.681,0,11.5605,0,0
aten::contiguous,,,0.912,13.312,0,2.78,0,0
aten::clone,,,1.393,12.4,0,2.78,0,0
empty_tensor,,,2.854,2.854,0,0,0,0
aten::copy_,,,5.035,8.153,0,2.78,0,0
aclnnInplaceCopy,,,3.118,3.118,2.78,2.78,0,0
ReshapeCacheOperation,,,2.52,2.52,8.7805,8.7805,0,0
P12/A/0029/fia,,,278.145,383.978,0,36.6215,0,0
aten::slice,,,1.711,5.419,0,0,0,0
aten::as_strided,,,3.708,3.708,0,0,0,0
aten::slice,,,0.634,1.617,0,0,0,0
aten::as_strided,,,0.983,0.983,0,0,0,0
aten::slice,,,0.616,1.654,0,0,0,0
aten::as_strided,,,1.038,1.038,0,0,0,0
npu::npu_fused_infer_attention_score,,,64.471,81.595,0,35.5815,0,0
empty_tensor,,,3.56,3.56,0,0,0,0
empty_tensor,,,1.087,1.087,0,0,0,0
empty_tensor,,,1.143,1.143,0,0,0,0
empty_tensor,,,1.004,1.004,0,0,0,0
aclnnFusedInferAttentionScoreV3,,,10.33,10.33,35.5815,35.5815,0,0
aten::view,,,1.347,1.347,0,0,0,0
aten::slice,,,0.664,1.531,0,0,0,0
aten::as_strided,,,0.867,0.867,0,0,0,0
aten::copy_,,,11.783,12.67,0,1.04,0,0
aclnnInplaceCopy,,,0.887,0.887,1.04,1.04,0,0
aten::slice,,,0.83,1.719,0,0,0,0
aten::as_strided,,,0.889,0.889,0,0,0,0
aten::copy_,,,11.523,13.871,0,0,0,0
aclnnInplaceCopy,,,2.348,2.348,0,0,0,0
aten::view,,,1.694,1.694,0,0,0,0
vllm::unquantized_gemm,,,9.87,32.494,0,7.8605,0,7.8605
aten::linear,,,2.152,22.624,0,7.8605,0,7.8605
aten::t,,,3.131,6.647,0,0,0,0
aten::transpose,,,1.473,3.516,0,0,0,0
aten::as_strided,,,2.043,2.043,0,0,0,0
aten::matmul,,,7.649,13.825,0,7.8605,0,7.8605
empty_tensor,,,4.031,4.031,0,0,0,0
aclnnMatmul,,,2.145,2.145,7.8605,7.8605,7.8605,7.8605
vllm::maybe_chunk_residual,,,7.935,7.935,0,0,0,0
_C_ascend::npu_add_rms_norm_bias,,,17.401,32.178,0,15.2405,0,0
aten::empty,,,1.211,3.679,0,0,0,0
empty_tensor,,,2.468,2.468,0,0,0,0
aten::empty,,,0.384,2.229,0,0,0,0
empty_tensor,,,1.845,1.845,0,0,0,0
aten::empty,,,0.839,2.271,0,0,0,0
empty_tensor,,,1.432,1.432,0,0,0,0
aten::empty,,,0.426,2.983,0,0,0,0
empty_tensor,,,2.557,2.557,0,0,0,0
aclnnAddRmsNormBias,,,3.615,3.615,15.2405,15.2405,0,0
vllm::unquantized_gemm,,,5.694,18.229,0,23.421,0,23.421
aten::linear,,,1.454,12.535,0,23.421,0,23.421
aten::t,,,1.442,3.14,0,0,0,0
aten::transpose,,,0.667,1.698,0,0,0,0
aten::as_strided,,,1.031,1.031,0,0,0,0
aten::matmul,,,4.206,7.941,0,23.421,0,23.421
empty_tensor,,,1.844,1.844,0,0,0,0
aclnnMatmul,,,1.891,1.891,23.421,23.421,23.421,23.421
npu::npu_swiglu,,,12.188,15.873,0,16.6205,0,0
empty_tensor,,,1.645,1.645,0,0,0,0
aclnnSwiGlu,,,2.04,2.04,16.6205,16.6205,0,0
vllm::unquantized_gemm,,,5.221,19.717,0,21.821,0,21.821
aten::linear,,,1.027,14.496,0,21.821,0,21.821
aten::t,,,0.966,2.391,0,0,0,0
aten::transpose,,,0.562,1.425,0,0,0,0
aten::as_strided,,,0.863,0.863,0,0,0,0
aten::matmul,,,3.275,11.078,0,21.821,0,21.821
empty_tensor,,,1.822,1.822,0,0,0,0
aclnnMatmul,,,5.981,5.981,21.821,21.821,21.821,21.821
vllm::maybe_chunk_residual,,,4.486,4.486,0,0,0,0
_C_ascend::npu_add_rms_norm_bias,,,9.003,328.226,0,10.8005,0,0
aten::empty,,,0.424,1.894,0,0,0,0
empty_tensor,,,1.47,1.47,0,0,0,0
aten::empty,,,0.229,1.11,0,0,0,0
empty_tensor,,,0.881,0.881,0,0,0,0
aten::empty,,,0.386,1.454,0,0,0,0
empty_tensor,,,1.068,1.068,0,0,0,0
aten::empty,,,0.438,1.964,0,0,0,0
empty_tensor,,,1.526,1.526,0,0,0,0
aclnnAddRmsNormBias,,,312.801,312.801,10.8005,10.8005,0,0
vllm::unquantized_gemm,,,6.014,21.842,0,10.4405,0,9.2005
aten::linear,,,1.435,15.828,0,10.4405,0,9.2005
aten::t,,,1.216,2.861,0,0,0,0
aten::transpose,,,0.667,1.645,0,0,0,0
aten::as_strided,,,0.978,0.978,0,0,0,0
aten::addmm,,,7.52,11.532,0,10.4405,0,9.2005
empty_tensor,,,2.16,2.16,0,0,0,0
aclnnAddmm,,,1.852,1.852,10.4405,10.4405,9.2005,9.2005
aten::split_with_sizes,,,2.268,4.663,0,0,0,0
aten::as_strided,,,0.92,0.92,0,0,0,0
aten::as_strided,,,0.712,0.712,0,0,0,0
aten::as_strided,,,0.763,0.763,0,0,0,0
vllm::npu_rotary_embedding,,,338.872,368.817,0,18.6405,0,0
aten::view,,,1.508,1.508,0,0,0,0
aten::view,,,0.71,0.71,0,0,0,0
aten::contiguous,,,1.389,11.315,0,2.7,0,0
aten::clone,,,1.697,9.926,0,2.7,0,0
empty_tensor,,,1.856,1.856,0,0,0,0
aten::copy_,,,4.44,6.373,0,2.7,0,0
aclnnInplaceCopy,,,1.933,1.933,2.7,2.7,0,0
aten::contiguous,,,0.436,6.74,0,2.62,0,0
aten::clone,,,0.891,6.304,0,2.62,0,0
empty_tensor,,,1.687,1.687,0,0,0,0
aten::copy_,,,2.416,3.726,0,2.62,0,0
aclnnInplaceCopy,,,1.31,1.31,2.62,2.62,0,0
_triton_rope,,,6.843,6.843,13.3205,13.3205,0,0
aten::view,,,1.753,1.753,0,0,0,0
aten::view,,,1.076,1.076,0,0,0,0
aten::empty,,,0.997,4.104,0,0,0,0
empty_tensor,,,3.107,3.107,0,0,0,0
aten::view,,,1.177,1.177,0,0,0,0
aten::view,,,0.78,0.78,0,0,0,0
aten::view,,,0.785,0.785,0,0,0,0
aten::view,,,0.997,0.997,0,0,0,0
vllm::unified_attention_with_output,,,221.558,1548.727,0,44.2225,0,0
P12/A/0030/attention,,,606.644,1327.169,0,44.2225,0,0
aten::slice,,,2.038,4.347,0,0,0,0
aten::as_strided,,,2.309,2.309,0,0,0,0
aten::slice,,,0.856,1.759,0,0,0,0
aten::as_strided,,,0.903,0.903,0,0,0,0
aten::slice,,,4.249,5.447,0,0,0,0
aten::as_strided,,,1.198,1.198,0,0,0,0
P12/A/0031/cache_write,,,169.64,218.122,0,11.300500000000001,0,0
atb::_npu_reshape_and_cache,,,24.653,48.482,0,11.300500000000001,0,0
aten::contiguous,,,1.347,21.575,0,2.72,0,0
aten::clone,,,2.209,20.228,0,2.72,0,0
empty_tensor,,,5.189,5.189,0,0,0,0
aten::copy_,,,8.294,12.83,0,2.72,0,0
aclnnInplaceCopy,,,4.536,4.536,2.72,2.72,0,0
ReshapeCacheOperation,,,2.254,2.254,8.5805,8.5805,0,0
P12/A/0032/fia,,,338.641,475.415,0,32.922,0,0
aten::slice,,,1.903,4.029,0,0,0,0
aten::as_strided,,,2.126,2.126,0,0,0,0
aten::slice,,,0.688,1.151,0,0,0,0
aten::as_strided,,,0.463,0.463,0,0,0,0
aten::slice,,,0.45,1.277,0,0,0,0
aten::as_strided,,,0.827,0.827,0,0,0,0
npu::npu_fused_infer_attention_score,,,83.873,109.568,0,31.881999999999998,0,0
empty_tensor,,,4.836,4.836,0,0,0,0
empty_tensor,,,1.942,1.942,0,0,0,0
empty_tensor,,,1.583,1.583,0,0,0,0
empty_tensor,,,1.284,1.284,0,0,0,0
aclnnFusedInferAttentionScoreV3,,,16.05,16.05,31.881999999999998,31.881999999999998,0,0
aten::view,,,1.871,1.871,0,0,0,0
aten::slice,,,0.914,1.96,0,0,0,0
aten::as_strided,,,1.046,1.046,0,0,0,0
aten::copy_,,,15.926,16.918,0,1.04,0,0
aclnnInplaceCopy,,,0.992,0.992,1.04,1.04,0,0
aten::slice,,,0.741,1.696,0,0,0,0
aten::as_strided,,,0.955,0.955,0,0,0,0
aten::copy_,,,11.244,13.739,0,0,0,0
aclnnInplaceCopy,,,2.495,2.495,0,0,0,0
aten::view,,,1.686,1.686,0,0,0,0
vllm::unquantized_gemm,,,10.037,34.81,0,7.56,0,7.56
aten::linear,,,3.069,24.773,0,7.56,0,7.56
aten::t,,,3.241,6.378,0,0,0,0
aten::transpose,,,1.447,3.137,0,0,0,0
aten::as_strided,,,1.69,1.69,0,0,0,0
aten::matmul,,,7.679,15.326,0,7.56,0,7.56
empty_tensor,,,4.629,4.629,0,0,0,0
aclnnMatmul,,,3.018,3.018,7.56,7.56,7.56,7.56
vllm::maybe_chunk_residual,,,7.817,7.817,0,0,0,0
_C_ascend::npu_add_rms_norm_bias,,,17.888,31.941,0,15.1405,0,0
aten::empty,,,1.174,3.751,0,0,0,0
empty_tensor,,,2.577,2.577,0,0,0,0
aten::empty,,,0.485,2.292,0,0,0,0
empty_tensor,,,1.807,1.807,0,0,0,0
aten::empty,,,0.555,2.085,0,0,0,0
empty_tensor,,,1.53,1.53,0,0,0,0
aten::empty,,,0.494,3.06,0,0,0,0
empty_tensor,,,2.566,2.566,0,0,0,0
aclnnAddRmsNormBias,,,2.865,2.865,15.1405,15.1405,0,0
vllm::unquantized_gemm,,,5.601,18.101,0,23.101,0,23.101
aten::linear,,,1.279,12.5,0,23.101,0,23.101
aten::t,,,1.064,2.948,0,0,0,0
aten::transpose,,,0.669,1.884,0,0,0,0
aten::as_strided,,,1.215,1.215,0,0,0,0
aten::matmul,,,4.17,8.273,0,23.101,0,23.101
empty_tensor,,,1.726,1.726,0,0,0,0
aclnnMatmul,,,2.377,2.377,23.101,23.101,23.101,23.101
npu::npu_swiglu,,,12.245,15.889,0,14.9805,0,0
empty_tensor,,,2.035,2.035,0,0,0,0
aclnnSwiGlu,,,1.609,1.609,14.9805,14.9805,0,0
vllm::unquantized_gemm,,,4.894,14.697,0,22.101,0,22.101
aten::linear,,,1.004,9.803,0,22.101,0,22.101
aten::t,,,1.086,2.475,0,0,0,0
aten::transpose,,,0.665,1.389,0,0,0,0
aten::as_strided,,,0.724,0.724,0,0,0,0
aten::matmul,,,2.975,6.324,0,22.101,0,22.101
empty_tensor,,,1.371,1.371,0,0,0,0
aclnnMatmul,,,1.978,1.978,22.101,22.101,22.101,22.101
vllm::maybe_chunk_residual,,,6.419,6.419,0,0,0,0
_C_ascend::npu_add_rms_norm_bias,,,10.366,31.375,0,10.96,0,0
aten::empty,,,0.515,2.196,0,0,0,0
empty_tensor,,,1.681,1.681,0,0,0,0
aten::empty,,,0.41,2.54,0,0,0,0
empty_tensor,,,2.13,2.13,0,0,0,0
aten::empty,,,0.42,1.903,0,0,0,0
empty_tensor,,,1.483,1.483,0,0,0,0
aten::empty,,,0.504,2.205,0,0,0,0
empty_tensor,,,1.701,1.701,0,0,0,0
aclnnAddRmsNormBias,,,12.165,12.165,10.96,10.96,0,0
vllm::unquantized_gemm,,,6.293,20.437,0,10.4005,0,9.3005
aten::linear,,,1.37,14.144,0,10.4005,0,9.3005
aten::t,,,0.882,2.418,0,0,0,0
aten::transpose,,,0.531,1.536,0,0,0,0
aten::as_strided,,,1.005,1.005,0,0,0,0
aten::addmm,,,6.915,10.356,0,10.4005,0,9.3005
empty_tensor,,,1.53,1.53,0,0,0,0
aclnnAddmm,,,1.911,1.911,10.4005,10.4005,9.3005,9.3005
aten::split_with_sizes,,,2.199,4.722,0,0,0,0
aten::as_strided,,,0.832,0.832,0,0,0,0
aten::as_strided,,,0.582,0.582,0,0,0,0
aten::as_strided,,,1.109,1.109,0,0,0,0
vllm::npu_rotary_embedding,,,325.012,354.279,0,19.5805,0,0
aten::view,,,1.4,1.4,0,0,0,0
aten::view,,,0.744,0.744,0,0,0,0
aten::contiguous,,,1.264,11.254,0,3.28,0,0
aten::clone,,,1.712,9.99,0,3.28,0,0
empty_tensor,,,2.153,2.153,0,0,0,0
aten::copy_,,,4.162,6.125,0,3.28,0,0
aclnnInplaceCopy,,,1.963,1.963,3.28,3.28,0,0
aten::contiguous,,,0.689,6.867,0,2.68,0,0
aten::clone,,,0.884,6.178,0,2.68,0,0
empty_tensor,,,1.717,1.717,0,0,0,0
aten::copy_,,,2.614,3.577,0,2.68,0,0
aclnnInplaceCopy,,,0.963,0.963,2.68,2.68,0,0
_triton_rope,,,6.429,6.429,13.6205,13.6205,0,0
aten::view,,,1.63,1.63,0,0,0,0
aten::view,,,0.943,0.943,0,0,0,0
aten::empty,,,0.879,3.957,0,0,0,0
empty_tensor,,,3.078,3.078,0,0,0,0
aten::view,,,0.979,0.979,0,0,0,0
aten::view,,,0.925,0.925,0,0,0,0
aten::view,,,0.972,0.972,0,0,0,0
aten::view,,,1.041,1.041,0,0,0,0
vllm::unified_attention_with_output,,,220.64,1509.536,0,47.162,0,0
P12/A/0033/attention,,,593.629,1288.896,0,47.162,0,0
aten::slice,,,2.239,4.3,0,0,0,0
aten::as_strided,,,2.061,2.061,0,0,0,0
aten::slice,,,0.486,1.455,0,0,0,0
aten::as_strided,,,0.969,0.969,0,0,0,0
aten::slice,,,3.547,4.74,0,0,0,0
aten::as_strided,,,1.193,1.193,0,0,0,0
P12/A/0034/cache_write,,,165.878,214.548,0,11.5605,0,0
atb::_npu_reshape_and_cache,,,23.941,48.67,0,11.5605,0,0
aten::contiguous,,,1.283,22.686,0,2.78,0,0
aten::clone,,,2.595,21.403,0,2.78,0,0
empty_tensor,,,4.825,4.825,0,0,0,0
aten::copy_,,,8.108,13.983,0,2.78,0,0
aclnnInplaceCopy,,,5.875,5.875,2.78,2.78,0,0
ReshapeCacheOperation,,,2.043,2.043,8.7805,8.7805,0,0
P12/A/0035/fia,,,331.664,454.62,0,35.6015,0,0
aten::slice,,,1.899,3.846,0,0,0,0
aten::as_strided,,,1.947,1.947,0,0,0,0
aten::slice,,,0.921,2.959,0,0,0,0
aten::as_strided,,,2.038,2.038,0,0,0,0
aten::slice,,,0.637,1.752,0,0,0,0
aten::as_strided,,,1.115,1.115,0,0,0,0
npu::npu_fused_infer_attention_score,,,77.352,94.751,0,34.5815,0,0
empty_tensor,,,4.945,4.945,0,0,0,0
empty_tensor,,,1.555,1.555,0,0,0,0
empty_tensor,,,1.405,1.405,0,0,0,0
empty_tensor,,,0.999,0.999,0,0,0,0
aclnnFusedInferAttentionScoreV3,,,8.495,8.495,34.5815,34.5815,0,0
aten::view,,,1.91,1.91,0,0,0,0
aten::slice,,,0.836,1.858,0,0,0,0
aten::as_strided,,,1.022,1.022,0,0,0,0
aten::copy_,,,14.59,15.88,0,1.02,0,0
aclnnInplaceCopy,,,1.29,1.29,1.02,1.02,0,0
aten::slice,,,0.756,1.684,0,0,0,0
aten::as_strided,,,0.928,0.928,0,0,0,0
aten::copy_,,,11.449,13.92,0,0,0,0
aclnnInplaceCopy,,,2.471,2.471,0,0,0,0
aten::view,,,1.857,1.857,0,0,0,0
vllm::unquantized_gemm,,,10.17,33.955,0,8.04,0,8.04
aten::linear,,,1.985,23.785,0,8.04,0,8.04
aten::t,,,3.387,6.135,0,0,0,0
aten::transpose,,,1.37,2.748,0,0,0,0
aten::as_strided,,,1.378,1.378,0,0,0,0
aten::matmul,,,8.501,15.665,0,8.04,0,8.04
empty_tensor,,,4.402,4.402,0,0,0,0
aclnnMatmul,,,2.762,2.762,8.04,8.04,8.04,8.04
vllm::maybe_chunk_residual,,,8.309,8.309,0,0,0,0
_C_ascend::npu_add_rms_norm_bias,,,18.067,36.835,0,15.5605,0,0
aten::empty,,,1.243,3.963,0,0,0,0
empty_tensor,,,2.72,2.72,0,0,0,0
aten::empty,,,0.401,2.174,0,0,0,0
empty_tensor,,,1.773,1.773,0,0,0,0
aten::empty,,,0.629,4.421,0,0,0,0
empty_tensor,,,3.792,3.792,0,0,0,0
aten::empty,,,0.67,4.332,0,0,0,0
empty_tensor,,,3.662,3.662,0,0,0,0
aclnnAddRmsNormBias,,,3.878,3.878,15.5605,15.5605,0,0
vllm::unquantized_gemm,,,5.929,18.893,0,23.0205,0,23.0205
aten::linear,,,1.109,12.964,0,23.0205,0,23.0205
aten::t,,,1.382,3.244,0,0,0,0
aten::transpose,,,0.854,1.862,0,0,0,0
aten::as_strided,,,1.008,1.008,0,0,0,0
aten::matmul,,,4.294,8.611,0,23.0205,0,23.0205
empty_tensor,,,2.259,2.259,0,0,0,0
aclnnMatmul,,,2.058,2.058,23.0205,23.0205,23.0205,23.0205
npu::npu_swiglu,,,12.504,16.822,0,17.901,0,0
empty_tensor,,,1.99,1.99,0,0,0,0
aclnnSwiGlu,,,2.328,2.328,17.901,17.901,0,0
vllm::unquantized_gemm,,,4.881,15.21,0,22.501,0,22.501
aten::linear,,,1.258,10.329,0,22.501,0,22.501
aten::t,,,0.965,2.328,0,0,0,0
aten::transpose,,,0.532,1.363,0,0,0,0
aten::as_strided,,,0.831,0.831,0,0,0,0
aten::matmul,,,3.096,6.743,0,22.501,0,22.501
empty_tensor,,,1.591,1.591,0,0,0,0
aclnnMatmul,,,2.056,2.056,22.501,22.501,22.501,22.501
vllm::maybe_chunk_residual,,,6.77,6.77,0,0,0,0
_C_ascend::npu_add_rms_norm_bias,,,10.665,32.427,0,10.9205,0,0
aten::empty,,,0.542,2.232,0,0,0,0
empty_tensor,,,1.69,1.69,0,0,0,0
aten::empty,,,0.553,3.606,0,0,0,0
empty_tensor,,,3.053,3.053,0,0,0,0
aten::empty,,,0.468,1.76,0,0,0,0
empty_tensor,,,1.292,1.292,0,0,0,0
aten::empty,,,0.447,2.078,0,0,0,0
empty_tensor,,,1.631,1.631,0,0,0,0
aclnnAddRmsNormBias,,,12.086,12.086,10.9205,10.9205,0,0
vllm::unquantized_gemm,,,6.101,23.072,0,9.8605,0,8.7805
aten::linear,,,1.427,16.971,0,9.8605,0,8.7805
aten::t,,,1.157,2.756,0,0,0,0
aten::transpose,,,0.649,1.599,0,0,0,0
aten::as_strided,,,0.95,0.95,0,0,0,0
aten::addmm,,,7.322,12.788,0,9.8605,0,8.7805
empty_tensor,,,1.681,1.681,0,0,0,0
aclnnAddmm,,,3.785,3.785,9.8605,9.8605,8.7805,8.7805
aten::split_with_sizes,,,2.199,4.507,0,0,0,0
aten::as_strided,,,1.051,1.051,0,0,0,0
aten::as_strided,,,0.593,0.593,0,0,0,0
aten::as_strided,,,0.664,0.664,0,0,0,0
vllm::npu_rotary_embedding,,,327.586,360.558,0,19.8215,0,0
aten::view,,,2.916,2.916,0,0,0,0
aten::view,,,0.817,0.817,0,0,0,0
aten::contiguous,,,1.226,11.024,0,2.7805,0,0
aten::clone,,,1.506,9.798,0,2.7805,0,0
empty_tensor,,,1.825,1.825,0,0,0,0
aten::copy_,,,4.272,6.467,0,2.7805,0,0
aclnnInplaceCopy,,,2.195,2.195,2.7805,2.7805,0,0
aten::contiguous,,,0.526,10.222,0,2.72,0,0
aten::clone,,,1.298,9.696,0,2.72,0,0
empty_tensor,,,3.896,3.896,0,0,0,0
aten::copy_,,,2.551,4.502,0,2.72,0,0
aclnnInplaceCopy,,,1.951,1.951,2.72,2.72,0,0
_triton_rope,,,5.337,5.337,14.321,14.321,0,0
aten::view,,,1.67,1.67,0,0,0,0
aten::view,,,0.986,0.986,0,0,0,0
aten::empty,,,0.766,3.327,0,0,0,0
empty_tensor,,,2.561,2.561,0,0,0,0
aten::view,,,1.132,1.132,0,0,0,0
aten::view,,,0.889,0.889,0,0,0,0
aten::view,,,0.97,0.97,0,0,0,0
aten::view,,,0.896,0.896,0,0,0,0
vllm::unified_attention_with_output,,,197.995,1376.62,0,42.861000000000004,0,0
P12/A/0036/attention,,,540.346,1178.625,0,42.861000000000004,0,0
aten::slice,,,4.466,6.729,0,0,0,0
aten::as_strided,,,2.263,2.263,0,0,0,0
aten::slice,,,0.728,1.519,0,0,0,0
aten::as_strided,,,0.791,0.791,0,0,0,0
aten::slice,,,3.646,4.808,0,0,0,0
aten::as_strided,,,1.162,1.162,0,0,0,0
P12/A/0037/cache_write,,,163.009,213.179,0,11.459999999999999,0,0
atb::_npu_reshape_and_cache,,,24.483,50.17,0,11.459999999999999,0,0
aten::contiguous,,,1.465,21.812,0,2.68,0,0
aten::clone,,,2.365,20.347,0,2.68,0,0
empty_tensor,,,4.959,4.959,0,0,0,0
aten::copy_,,,8.58,13.023,0,2.68,0,0
aclnnInplaceCopy,,,4.443,4.443,2.68,2.68,0,0
ReshapeCacheOperation,,,3.875,3.875,8.78,8.78,0,0
P12/A/0038/fia,,,291.427,399.689,0,31.401000000000003,0,0
aten::slice,,,1.94,3.748,0,0,0,0
aten::as_strided,,,1.808,1.808,0,0,0,0
aten::slice,,,0.67,1.329,0,0,0,0
aten::as_strided,,,0.659,0.659,0,0,0,0
aten::slice,,,0.456,1.182,0,0,0,0
aten::as_strided,,,0.726,0.726,0,0,0,0
npu::npu_fused_infer_attention_score,,,69.96,85.872,0,30.381,0,0
empty_tensor,,,4.295,4.295,0,0,0,0
empty_tensor,,,1.86,1.86,0,0,0,0
empty_tensor,,,1.217,1.217,0,0,0,0
empty_tensor,,,1.277,1.277,0,0,0,0
aclnnFusedInferAttentionScoreV3,,,7.263,7.263,30.381,30.381,0,0
aten::view,,,1.325,1.325,0,0,0,0
aten::slice,,,1.054,1.735,0,0,0,0
aten::as_strided,,,0.681,0.681,0,0,0,0
aten::copy_,,,11.886,13.071,0,1.02,0,0
aclnnInplaceCopy,,,1.185,1.185,1.02,1.02,0,0
aten::slice,,,0.724,1.385,0,0,0,0
aten::as_strided,,,0.661,0.661,0,0,0,0
aten::copy_,,,8.644,10.97,0,0,0,0
aclnnInplaceCopy,,,2.326,2.326,0,0,0,0
aten::view,,,1.378,1.378,0,0,0,0
vllm::unquantized_gemm,,,7.9,27.0,0,7.9405,0,7.9405
aten::linear,,,2.068,19.1,0,7.9405,0,7.9405
aten::t,,,2.978,5.25,0,0,0,0
aten::transpose,,,1.227,2.272,0,0,0,0
aten::as_strided,,,1.045,1.045,0,0,0,0
aten::matmul,,,6.474,11.782,0,7.9405,0,7.9405
empty_tensor,,,3.199,3.199,0,0,0,0
aclnnMatmul,,,2.109,2.109,7.9405,7.9405,7.9405,7.9405
vllm::maybe_chunk_residual,,,5.521,5.521,0,0,0,0
_C_ascend::npu_add_rms_norm_bias,,,13.699,24.896,0,14.9005,0,0
aten::empty,,,1.167,3.107,0,0,0,0
empty_tensor,,,1.94,1.94,0,0,0,0
aten::empty,,,0.195,1.861,0,0,0,0
empty_tensor,,,1.666,1.666,0,0,0,0
aten::empty,,,0.418,1.583,0,0,0,0
empty_tensor,,,1.165,1.165,0,0,0,0
aten::empty,,,0.335,2.249,0,0,0,0
empty_tensor,,,1.914,1.914,0,0,0,0
aclnnAddRmsNormBias,,,2.397,2.397,14.9005,14.9005,0,0
vllm::unquantized_gemm,,,4.024,13.366,0,23.2605,0,23.2605
aten::linear,,,0.769,9.342,0,23.2605,0,23.2605
aten::t,,,0.8,2.063,0,0,0,0
aten::transpose,,,0.517,1.263,0,0,0,0
aten::as_strided,,,0.746,0.746,0,0,0,0
aten::matmul,,,3.286,6.51,0,23.2605,0,23.2605
empty_tensor,,,1.552,1.552,0,0,0,0
aclnnMatmul,,,1.672,1.672,23.2605,23.2605,23.2605,23.2605
npu::npu_swiglu,,,9.308,12.044,0,15.3605,0,0
empty_tensor,,,1.166,1.166,0,0,0,0
aclnnSwiGlu,,,1.57,1.57,15.3605,15.3605,0,0
vllm::unquantized_gemm,,,3.544,10.772,0,22.1805,0,22.1805
aten::linear,,,0.576,7.228,0,22.1805,0,22.1805
aten::t,,,0.617,1.813,0,0,0,0
aten::transpose,,,0.502,1.196,0,0,0,0
aten::as_strided,,,0.694,0.694,0,0,0,0
aten::matmul,,,2.087,4.839,0,22.1805,0,22.1805
empty_tensor,,,1.139,1.139,0,0,0,0
aclnnMatmul,,,1.613,1.613,22.1805,22.1805,22.1805,22.1805
vllm::maybe_chunk_residual,,,4.234,4.234,0,0,0,0
_C_ascend::npu_add_rms_norm_bias,,,7.307,22.675,0,10.5605,0,0
aten::empty,,,0.381,1.633,0,0,0,0
empty_tensor,,,1.252,1.252,0,0,0,0
aten::empty,,,0.212,0.953,0,0,0,0
empty_tensor,,,0.741,0.741,0,0,0,0
aten::empty,,,0.332,1.733,0,0,0,0
empty_tensor,,,1.401,1.401,0,0,0,0
aten::empty,,,0.94,2.139,0,0,0,0
empty_tensor,,,1.199,1.199,0,0,0,0
aclnnAddRmsNormBias,,,8.91,8.91,10.5605,10.5605,0,0
vllm::unquantized_gemm,,,4.803,15.842,0,11.001000000000001,0,9.6005
aten::linear,,,1.141,11.039,0,11.001000000000001,0,9.6005
aten::t,,,0.809,1.705,0,0,0,0
aten::transpose,,,0.38,0.896,0,0,0,0
aten::as_strided,,,0.516,0.516,0,0,0,0
aten::addmm,,,5.277,8.193,0,11.001000000000001,0,9.6005
empty_tensor,,,1.24,1.24,0,0,0,0
aclnnAddmm,,,1.676,1.676,11.001000000000001,11.001000000000001,9.6005,9.6005
aten::split_with_sizes,,,1.601,3.003,0,0,0,0
aten::as_strided,,,0.704,0.704,0,0,0,0
aten::as_strided,,,0.35,0.35,0,0,0,0
aten::as_strided,,,0.348,0.348,0,0,0,0
vllm::npu_rotary_embedding,,,213.054,234.408,0,19.8405,0,0
aten::view,,,1.313,1.313,0,0,0,0
aten::view,,,0.458,0.458,0,0,0,0
aten::contiguous,,,1.055,8.159,0,2.74,0,0
aten::clone,,,1.192,7.104,0,2.74,0,0
empty_tensor,,,1.27,1.27,0,0,0,0
aten::copy_,,,2.76,4.642,0,2.74,0,0
aclnnInplaceCopy,,,1.882,1.882,2.74,2.74,0,0
aten::contiguous,,,0.361,6.26,0,2.74,0,0
aten::clone,,,0.499,5.899,0,2.74,0,0
empty_tensor,,,1.113,1.113,0,0,0,0
aten::copy_,,,1.796,4.287,0,2.74,0,0
aclnnInplaceCopy,,,2.491,2.491,2.74,2.74,0,0
_triton_rope,,,3.063,3.063,14.3605,14.3605,0,0
aten::view,,,1.274,1.274,0,0,0,0
aten::view,,,0.827,0.827,0,0,0,0
aten::empty,,,0.513,2.251,0,0,0,0
empty_tensor,,,1.738,1.738,0,0,0,0
aten::view,,,0.757,0.757,0,0,0,0
aten::view,,,0.603,0.603,0,0,0,0
aten::view,,,0.564,0.564,0,0,0,0
aten::view,,,0.738,0.738,0,0,0,0
vllm::unified_attention_with_output,,,150.836,1065.149,0,46.062,0,0
P12/A/0039/attention,,,421.458,914.313,0,46.062,0,0
aten::slice,,,1.411,2.68,0,0,0,0
aten::as_strided,,,1.269,1.269,0,0,0,0
aten::slice,,,0.483,1.025,0,0,0,0
aten::as_strided,,,0.542,0.542,0,0,0,0
aten::slice,,,2.5,3.538,0,0,0,0
aten::as_strided,,,1.038,1.038,0,0,0,0
P12/A/0040/cache_write,,,115.797,153.015,0,11.5205,0,0
atb::_npu_reshape_and_cache,,,22.574,37.218,0,11.5205,0,0
aten::contiguous,,,0.932,12.94,0,3.06,0,0
aten::clone,,,1.268,12.008,0,3.06,0,0
empty_tensor,,,2.916,2.916,0,0,0,0
aten::copy_,,,5.321,7.824,0,3.06,0,0
aclnnInplaceCopy,,,2.503,2.503,3.06,3.06,0,0
ReshapeCacheOperation,,,1.704,1.704,8.4605,8.4605,0,0
P12/A/0041/fia,,,224.74,320.003,0,34.5415,0,0
aten::slice,,,1.143,2.47,0,0,0,0
aten::as_strided,,,1.327,1.327,0,0,0,0
aten::slice,,,0.476,0.931,0,0,0,0
aten::as_strided,,,0.455,0.455,0,0,0,0
aten::slice,,,0.325,1.419,0,0,0,0
aten::as_strided,,,1.094,1.094,0,0,0,0
npu::npu_fused_infer_attention_score,,,62.579,76.107,0,33.5415,0,0
empty_tensor,,,2.972,2.972,0,0,0,0
empty_tensor,,,0.881,0.881,0,0,0,0
empty_tensor,,,0.748,0.748,0,0,0,0
empty_tensor,,,0.792,0.792,0,0,0,0
aclnnFusedInferAttentionScoreV3,,,8.135,8.135,33.5415,33.5415,0,0
aten::view,,,1.244,1.244,0,0,0,0
aten::slice,,,0.417,1.169,0,0,0,0
aten::as_strided,,,0.752,0.752,0,0,0,0
aten::copy_,,,11.154,11.923,0,1.0,0,0
aclnnInplaceCopy,,,0.769,0.769,1.0,1.0,0,0
aten::slice,,,0.586,1.279,0,0,0,0
aten::as_strided,,,0.693,0.693,0,0,0,0
aten::copy_,,,8.369,11.315,0,0,0,0
aclnnInplaceCopy,,,2.946,2.946,0,0,0,0
aten::view,,,1.245,1.245,0,0,0,0
vllm::unquantized_gemm,,,7.651,25.065,0,7.9005,0,7.9005
aten::linear,,,1.938,17.414,0,7.9005,0,7.9005
aten::t,,,2.376,4.51,0,0,0,0
aten::transpose,,,1.186,2.134,0,0,0,0
aten::as_strided,,,0.948,0.948,0,0,0,0
aten::matmul,,,5.979,10.966,0,7.9005,0,7.9005
empty_tensor,,,2.957,2.957,0,0,0,0
aclnnMatmul,,,2.03,2.03,7.9005,7.9005,7.9005,7.9005
vllm::maybe_chunk_residual,,,5.265,5.265,0,0,0,0
_C_ascend::npu_add_rms_norm_bias,,,13.362,23.625,0,15.1205,0,0
aten::empty,,,0.934,2.857,0,0,0,0
empty_tensor,,,1.923,1.923,0,0,0,0
aten::empty,,,0.233,1.145,0,0,0,0
empty_tensor,,,0.912,0.912,0,0,0,0
aten::empty,,,0.193,1.225,0,0,0,0
empty_tensor,,,1.032,1.032,0,0,0,0
aten::empty,,,0.409,2.886,0,0,0,0
empty_tensor,,,2.477,2.477,0,0,0,0
aclnnAddRmsNormBias,,,2.15,2.15,15.1205,15.1205,0,0
vllm::unquantized_gemm,,,4.238,13.186,0,22.981,0,22.981
aten::linear,,,1.07,8.948,0,22.981,0,22.981
aten::t,,,0.96,2.274,0,0,0,0
aten::transpose,,,0.472,1.314,0,0,0,0
aten::as_strided,,,0.842,0.842,0,0,0,0
aten::matmul,,,3.041,5.604,0,22.981,0,22.981
empty_tensor,,,1.26,1.26,0,0,0,0
aclnnMatmul,,,1.303,1.303,22.981,22.981,22.981,22.981
npu::npu_swiglu,,,9.104,12.217,0,14.7005,0,0
empty_tensor,,,1.457,1.457,0,0,0,0
aclnnSwiGlu,,,1.656,1.656,14.7005,14.7005,0,0
vllm::unquantized_gemm,,,3.454,11.12,0,21.781,0,21.781
aten::linear,,,0.686,7.666,0,21.781,0,21.781
aten::t,,,0.643,2.164,0,0,0,0
aten::transpose,,,0.449,1.521,0,0,0,0
aten::as_strided,,,1.072,1.072,0,0,0,0
aten::matmul,,,2.112,4.816,0,21.781,0,21.781
empty_tensor,,,1.159,1.159,0,0,0,0
aclnnMatmul,,,1.545,1.545,21.781,21.781,21.781,21.781
vllm::maybe_chunk_residual,,,4.31,4.31,0,0,0,0
_C_ascend::npu_add_rms_norm_bias,,,6.981,22.402,0,10.7605,0,0
aten::empty,,,0.395,1.63,0,0,0,0
empty_tensor,,,1.235,1.235,0,0,0,0
aten::empty,,,0.198,1.449,0,0,0,0
empty_tensor,,,1.251,1.251,0,0,0,0
aten::empty,,,0.517,1.228,0,0,0,0
empty_tensor,,,0.711,0.711,0,0,0,0
aten::empty,,,0.277,1.651,0,0,0,0
empty_tensor,,,1.374,1.374,0,0,0,0
aclnnAddRmsNormBias,,,9.463,9.463,10.7605,10.7605,0,0
vllm::unquantized_gemm,,,4.327,15.768,0,10.74,0,9.44
aten::linear,,,1.133,11.441,0,10.74,0,9.44
aten::t,,,0.807,1.922,0,0,0,0
aten::transpose,,,0.586,1.115,0,0,0,0
aten::as_strided,,,0.529,0.529,0,0,0,0
aten::addmm,,,5.647,8.386,0,10.74,0,9.44
empty_tensor,,,1.341,1.341,0,0,0,0
aclnnAddmm,,,1.398,1.398,10.74,10.74,9.44,9.44
aten::split_with_sizes,,,1.484,2.773,0,0,0,0
aten::as_strided,,,0.582,0.582,0,0,0,0
aten::as_strided,,,0.285,0.285,0,0,0,0
aten::as_strided,,,0.422,0.422,0,0,0,0
vllm::npu_rotary_embedding,,,214.753,235.458,0,19.421,0,0
aten::view,,,0.964,0.964,0,0,0,0
aten::view,,,0.447,0.447,0,0,0,0
aten::contiguous,,,0.892,8.088,0,2.8205,0,0
aten::clone,,,1.047,7.196,0,2.8205,0,0
empty_tensor,,,1.852,1.852,0,0,0,0
aten::copy_,,,2.825,4.297,0,2.8205,0,0
aclnnInplaceCopy,,,1.472,1.472,2.8205,2.8205,0,0
aten::contiguous,,,0.332,3.993,0,2.86,0,0
aten::clone,,,0.462,3.661,0,2.86,0,0
empty_tensor,,,0.887,0.887,0,0,0,0
aten::copy_,,,1.492,2.312,0,2.86,0,0
aclnnInplaceCopy,,,0.82,0.82,2.86,2.86,0,0
_triton_rope,,,5.531,5.531,13.7405,13.7405,0,0
aten::view,,,1.052,1.052,0,0,0,0
aten::view,,,0.63,0.63,0,0,0,0
aten::empty,,,0.573,2.636,0,0,0,0
empty_tensor,,,2.063,2.063,0,0,0,0
aten::view,,,0.863,0.863,0,0,0,0
aten::view,,,0.968,0.968,0,0,0,0
aten::view,,,0.664,0.664,0,0,0,0
aten::view,,,0.828,0.828,0,0,0,0
vllm::unified_attention_with_output,,,176.83,1159.456,0,45.181,0,0
P12/A/0042/attention,,,419.756,982.626,0,45.181,0,0
aten::slice,,,1.553,3.013,0,0,0,0
aten::as_strided,,,1.46,1.46,0,0,0,0
aten::slice,,,0.453,1.14,0,0,0,0
aten::as_strided,,,0.687,0.687,0,0,0,0
aten::slice,,,2.403,3.022,0,0,0,0
aten::as_strided,,,0.619,0.619,0,0,0,0
P12/A/0043/cache_write,,,129.738,171.459,0,11.86,0,0
atb::_npu_reshape_and_cache,,,24.393,41.721,0,11.86,0,0
aten::contiguous,,,2.148,15.652,0,3.1,0,0
aten::clone,,,1.746,13.504,0,3.1,0,0
empty_tensor,,,3.363,3.363,0,0,0,0
aten::copy_,,,5.499,8.395,0,3.1,0,0
aclnnInplaceCopy,,,2.896,2.896,3.1,3.1,0,0
ReshapeCacheOperation,,,1.676,1.676,8.76,8.76,0,0
P12/A/0044/fia,,,255.977,368.94,0,33.321,0,0
aten::slice,,,1.706,3.21,0,0,0,0
aten::as_strided,,,1.504,1.504,0,0,0,0
aten::slice,,,0.786,1.533,0,0,0,0
aten::as_strided,,,0.747,0.747,0,0,0,0
aten::slice,,,0.439,1.321,0,0,0,0
aten::as_strided,,,0.882,0.882,0,0,0,0
npu::npu_fused_infer_attention_score,,,71.676,88.741,0,32.301,0,0
empty_tensor,,,3.84,3.84,0,0,0,0
empty_tensor,,,3.642,3.642,0,0,0,0
empty_tensor,,,1.459,1.459,0,0,0,0
empty_tensor,,,1.264,1.264,0,0,0,0
aclnnFusedInferAttentionScoreV3,,,6.86,6.86,32.301,32.301,0,0
aten::view,,,1.407,1.407,0,0,0,0
aten::slice,,,0.451,1.161,0,0,0,0
aten::as_strided,,,0.71,0.71,0,0,0,0
aten::copy_,,,12.021,15.59,0,1.02,0,0
aclnnInplaceCopy,,,3.569,3.569,1.02,1.02,0,0
aten::slice,,,0.716,1.598,0,0,0,0
aten::as_strided,,,0.882,0.882,0,0,0,0
aten::copy_,,,11.09,13.698,0,0,0,0
aclnnInplaceCopy,,,2.608,2.608,0,0,0,0
aten::view,,,1.717,1.717,0,0,0,0
vllm::unquantized_gemm,,,10.167,33.378,0,7.6605,0,7.6605
aten::linear,,,2.274,23.211,0,7.6605,0,7.6605
aten::t,,,3.858,6.612,0,0,0,0
aten::transpose,,,1.424,2.754,0,0,0,0
aten::as_strided,,,1.33,1.33,0,0,0,0
aten::matmul,,,7.885,14.325,0,7.6605,0,7.6605
empty_tensor,,,3.987,3.987,0,0,0,0
aclnnMatmul,,,2.453,2.453,7.6605,7.6605,7.6605,7.6605
vllm::maybe_chunk_residual,,,7.885,7.885,0,0,0,0
_C_ascend::npu_add_rms_norm_bias,,,17.842,34.148,0,15.9405,0,0
aten::empty,,,1.232,4.097,0,0,0,0
empty_tensor,,,2.865,2.865,0,0,0,0
aten::empty,,,0.392,2.047,0,0,0,0
empty_tensor,,,1.655,1.655,0,0,0,0
aten::empty,,,0.592,2.182,0,0,0,0
empty_tensor,,,1.59,1.59,0,0,0,0
aten::empty,,,0.539,5.148,0,0,0,0
empty_tensor,,,4.609,4.609,0,0,0,0
aclnnAddRmsNormBias,,,2.832,2.832,15.9405,15.9405,0,0
vllm::unquantized_gemm,,,5.686,17.965,0,23.421,0,23.421
aten::linear,,,1.185,12.279,0,23.421,0,23.421
aten::t,,,1.138,2.988,0,0,0,0
aten::transpose,,,0.744,1.85,0,0,0,0
aten::as_strided,,,1.106,1.106,0,0,0,0
aten::matmul,,,4.445,8.106,0,23.421,0,23.421
empty_tensor,,,1.775,1.775,0,0,0,0
aclnnMatmul,,,1.886,1.886,23.421,23.421,23.421,23.421
npu::npu_swiglu,,,12.604,16.507,0,17.5605,0,0
empty_tensor,,,1.881,1.881,0,0,0,0
aclnnSwiGlu,,,2.022,2.022,17.5605,17.5605,0,0
vllm::unquantized_gemm,,,4.923,14.974,0,22.441,0,22.441
aten::linear,,,0.747,10.051,0,22.441,0,22.441
aten::t,,,0.984,2.497,0,0,0,0
aten::transpose,,,0.656,1.513,0,0,0,0
aten::as_strided,,,0.857,0.857,0,0,0,0
aten::matmul,,,2.906,6.807,0,22.441,0,22.441
empty_tensor,,,1.556,1.556,0,0,0,0
aclnnMatmul,,,2.345,2.345,22.441,22.441,22.441,22.441
vllm::maybe_chunk_residual,,,6.357,6.357,0,0,0,0
_C_ascend::npu_add_rms_norm_bias,,,10.898,31.905,0,12.2005,0,0
aten::empty,,,0.592,2.406,0,0,0,0
empty_tensor,,,1.814,1.814,0,0,0,0
aten::empty,,,0.397,1.997,0,0,0,0
empty_tensor,,,1.6,1.6,0,0,0,0
aten::empty,,,0.646,2.134,0,0,0,0
empty_tensor,,,1.488,1.488,0,0,0,0
aten::empty,,,0.424,2.095,0,0,0,0
empty_tensor,,,1.671,1.671,0,0,0,0
aclnnAddRmsNormBias,,,12.375,12.375,12.2005,12.2005,0,0
vllm::unquantized_gemm,,,6.45,22.578,0,11.0005,0,9.7405
aten::linear,,,1.822,16.128,0,11.0005,0,9.7405
aten::t,,,0.883,2.556,0,0,0,0
aten::transpose,,,0.683,1.673,0,0,0,0
aten::as_strided,,,0.99,0.99,0,0,0,0
aten::addmm,,,7.536,11.75,0,11.0005,0,9.7405
empty_tensor,,,1.876,1.876,0,0,0,0
aclnnAddmm,,,2.338,2.338,11.0005,11.0005,9.7405,9.7405
aten::split_with_sizes,,,2.199,4.923,0,0,0,0
aten::as_strided,,,0.86,0.86,0,0,0,0
aten::as_strided,,,0.963,0.963,0,0,0,0
aten::as_strided,,,0.901,0.901,0,0,0,0
vllm::npu_rotary_embedding,,,333.6,360.172,0,18.5605,0,0
aten::view,,,1.5,1.5,0,0,0,0
aten::view,,,0.692,0.692,0,0,0,0
aten::contiguous,,,1.268,11.489,0,2.76,0,0
aten::clone,,,1.742,10.221,0,2.76,0,0
empty_tensor,,,1.898,1.898,0,0,0,0
aten::copy_,,,4.551,6.581,0,2.76,0,0
aclnnInplaceCopy,,,2.03,2.03,2.76,2.76,0,0
aten::contiguous,,,0.605,7.103,0,2.7,0,0
aten::clone,,,0.748,6.498,0,2.7,0,0
empty_tensor,,,1.982,1.982,0,0,0,0
aten::copy_,,,2.458,3.768,0,2.7,0,0
aclnnInplaceCopy,,,1.31,1.31,2.7,2.7,0,0
_triton_rope,,,3.811,3.811,13.1005,13.1005,0,0
aten::view,,,1.233,1.233,0,0,0,0
aten::view,,,0.744,0.744,0,0,0,0
aten::empty,,,0.914,3.598,0,0,0,0
empty_tensor,,,2.684,2.684,0,0,0,0
aten::view,,,0.901,0.901,0,0,0,0
aten::view,,,0.768,0.768,0,0,0,0
aten::view,,,0.72,0.72,0,0,0,0
aten::view,,,0.878,0.878,0,0,0,0
vllm::unified_attention_with_output,,,213.883,1494.853,0,47.302,0,0
P12/A/0045/attention,,,581.683,1280.97,0,47.302,0,0
aten::slice,,,2.206,4.133,0,0,0,0
aten::as_strided,,,1.927,1.927,0,0,0,0
aten::slice,,,0.573,1.267,0,0,0,0
aten::as_strided,,,0.694,0.694,0,0,0,0
aten::slice,,,3.427,4.543,0,0,0,0
aten::as_strided,,,1.116,1.116,0,0,0,0
P12/A/0046/cache_write,,,171.396,222.078,0,11.720500000000001,0,0
atb::_npu_reshape_and_cache,,,28.223,50.682,0,11.720500000000001,0,0
aten::contiguous,,,1.355,20.519,0,2.72,0,0
aten::clone,,,2.015,19.164,0,2.72,0,0
empty_tensor,,,4.866,4.866,0,0,0,0
aten::copy_,,,7.939,12.283,0,2.72,0,0
aclnnInplaceCopy,,,4.344,4.344,2.72,2.72,0,0
ReshapeCacheOperation,,,1.94,1.94,9.0005,9.0005,0,0
P12/A/0047/fia,,,322.207,446.854,0,35.5815,0,0
aten::slice,,,2.065,4.111,0,0,0,0
aten::as_strided,,,2.046,2.046,0,0,0,0
aten::slice,,,0.657,1.295,0,0,0,0
aten::as_strided,,,0.638,0.638,0,0,0,0
aten::slice,,,0.709,1.689,0,0,0,0
aten::as_strided,,,0.98,0.98,0,0,0,0
npu::npu_fused_infer_attention_score,,,78.761,97.517,0,34.5615,0,0
empty_tensor,,,5.085,5.085,0,0,0,0
empty_tensor,,,1.66,1.66,0,0,0,0
empty_tensor,,,1.255,1.255,0,0,0,0
empty_tensor,,,1.092,1.092,0,0,0,0
aclnnFusedInferAttentionScoreV3,,,9.664,9.664,34.5615,34.5615,0,0
aten::view,,,1.94,1.94,0,0,0,0
aten::slice,,,0.685,1.62,0,0,0,0
aten::as_strided,,,0.935,0.935,0,0,0,0
aten::copy_,,,15.245,16.475,0,1.02,0,0
aclnnInplaceCopy,,,1.23,1.23,1.02,1.02,0,0
aten::slice,,,0.904,1.99,0,0,0,0
aten::as_strided,,,1.086,1.086,0,0,0,0
aten::copy_,,,12.243,18.422,0,0,0,0
aclnnInplaceCopy,,,6.179,6.179,0,0,0,0
aten::view,,,1.459,1.459,0,0,0,0
vllm::unquantized_gemm,,,7.848,27.53,0,7.9205,0,7.9205
aten::linear,,,1.684,19.682,0,7.9205,0,7.9205
aten::t,,,2.969,5.348,0,0,0,0
aten::transpose,,,1.164,2.379,0,0,0,0
aten::as_strided,,,1.215,1.215,0,0,0,0
aten::matmul,,,7.103,12.65,0,7.9205,0,7.9205
empty_tensor,,,3.583,3.583,0,0,0,0
aclnnMatmul,,,1.964,1.964,7.9205,7.9205,7.9205,7.9205
vllm::maybe_chunk_residual,,,5.641,5.641,0,0,0,0
_C_ascend::npu_add_rms_norm_bias,,,18.903,31.751,0,15.401,0,0
aten::empty,,,1.102,3.194,0,0,0,0
empty_tensor,,,2.092,2.092,0,0,0,0
aten::empty,,,0.288,2.247,0,0,0,0
empty_tensor,,,1.959,1.959,0,0,0,0
aten::empty,,,0.479,1.694,0,0,0,0
empty_tensor,,,1.215,1.215,0,0,0,0
aten::empty,,,0.52,2.777,0,0,0,0
empty_tensor,,,2.257,2.257,0,0,0,0
aclnnAddRmsNormBias,,,2.936,2.936,15.401,15.401,0,0
vllm::unquantized_gemm,,,5.966,18.485,0,22.781,0,22.781
aten::linear,,,1.209,12.519,0,22.781,0,22.781
aten::t,,,1.365,3.098,0,0,0,0
aten::transpose,,,0.678,1.733,0,0,0,0
aten::as_strided,,,1.055,1.055,0,0,0,0
aten::matmul,,,4.458,8.212,0,22.781,0,22.781
empty_tensor,,,1.758,1.758,0,0,0,0
aclnnMatmul,,,1.996,1.996,22.781,22.781,22.781,22.781
npu::npu_swiglu,,,12.287,16.485,0,14.9205,0,0
empty_tensor,,,1.976,1.976,0,0,0,0
aclnnSwiGlu,,,2.222,2.222,14.9205,14.9205,0,0
vllm::unquantized_gemm,,,5.132,14.715,0,21.9805,0,21.9805
aten::linear,,,0.889,9.583,0,21.9805,0,21.9805
aten::t,,,0.788,2.294,0,0,0,0
aten::transpose,,,0.651,1.506,0,0,0,0
aten::as_strided,,,0.855,0.855,0,0,0,0
aten::matmul,,,3.179,6.4,0,21.9805,0,21.9805
empty_tensor,,,1.368,1.368,0,0,0,0
aclnnMatmul,,,1.853,1.853,21.9805,21.9805,21.9805,21.9805
vllm::maybe_chunk_residual,,,6.543,6.543,0,0,0,0
_C_ascend::npu_add_rms_norm_bias,,,10.055,31.173,0,10.7205,0,0
aten::empty,,,0.539,2.248,0,0,0,0
empty_tensor,,,1.709,1.709,0,0,0,0
aten::empty,,,0.433,2.178,0,0,0,0
empty_tensor,,,1.745,1.745,0,0,0,0
aten::empty,,,0.731,2.14,0,0,0,0
empty_tensor,,,1.409,1.409,0,0,0,0
aten::empty,,,0.421,2.061,0,0,0,0
empty_tensor,,,1.64,1.64,0,0,0,0
aclnnAddRmsNormBias,,,12.491,12.491,10.7205,10.7205,0,0
vllm::unquantized_gemm,,,5.804,19.872,0,10.42,0,9.2
aten::linear,,,1.389,14.068,0,10.42,0,9.2
aten::t,,,0.848,2.121,0,0,0,0
aten::transpose,,,0.52,1.273,0,0,0,0
aten::as_strided,,,0.753,0.753,0,0,0,0
aten::addmm,,,6.923,10.558,0,10.42,0,9.2
empty_tensor,,,1.56,1.56,0,0,0,0
aclnnAddmm,,,2.075,2.075,10.42,10.42,9.2,9.2
aten::split_with_sizes,,,2.211,4.425,0,0,0,0
aten::as_strided,,,0.962,0.962,0,0,0,0
aten::as_strided,,,0.652,0.652,0,0,0,0
aten::as_strided,,,0.6,0.6,0,0,0,0
vllm::npu_rotary_embedding,,,330.152,359.961,0,19.540499999999998,0,0
aten::view,,,1.492,1.492,0,0,0,0
aten::view,,,0.643,0.643,0,0,0,0
aten::contiguous,,,1.246,11.032,0,2.82,0,0
aten::clone,,,1.481,9.786,0,2.82,0,0
empty_tensor,,,2.008,2.008,0,0,0,0
aten::copy_,,,4.248,6.297,0,2.82,0,0
aclnnInplaceCopy,,,2.049,2.049,2.82,2.82,0,0
aten::contiguous,,,0.531,6.18,0,2.66,0,0
aten::clone,,,0.756,5.649,0,2.66,0,0
empty_tensor,,,1.326,1.326,0,0,0,0
aten::copy_,,,2.384,3.567,0,2.66,0,0
aclnnInplaceCopy,,,1.183,1.183,2.66,2.66,0,0
_triton_rope,,,7.386,7.386,14.0605,14.0605,0,0
aten::view,,,2.339,2.339,0,0,0,0
aten::view,,,0.737,0.737,0,0,0,0
aten::empty,,,0.653,3.148,0,0,0,0
empty_tensor,,,2.495,2.495,0,0,0,0
aten::view,,,0.598,0.598,0,0,0,0
aten::view,,,0.717,0.717,0,0,0,0
aten::view,,,0.68,0.68,0,0,0,0
aten::view,,,0.844,0.844,0,0,0,0
vllm::unified_attention_with_output,,,194.918,1451.776,0,47.3215,0,0
P12/A/0048/attention,,,566.331,1256.858,0,47.3215,0,0
aten::slice,,,2.18,4.312,0,0,0,0
aten::as_strided,,,2.132,2.132,0,0,0,0
aten::slice,,,0.574,1.301,0,0,0,0
aten::as_strided,,,0.727,0.727,0,0,0,0
aten::slice,,,5.875,6.825,0,0,0,0
aten::as_strided,,,0.95,0.95,0,0,0,0
P12/A/0049/cache_write,,,158.82,210.615,0,16.3005,0,0
atb::_npu_reshape_and_cache,,,31.627,51.795,0,16.3005,0,0
aten::contiguous,,,1.431,18.5,0,2.78,0,0
aten::clone,,,2.015,17.069,0,2.78,0,0
empty_tensor,,,4.045,4.045,0,0,0,0
aten::copy_,,,7.307,11.009,0,2.78,0,0
aclnnInplaceCopy,,,3.702,3.702,2.78,2.78,0,0
ReshapeCacheOperation,,,1.668,1.668,13.5205,13.5205,0,0
P12/A/0050/fia,,,317.374,445.622,0,31.021,0,0
aten::slice,,,1.828,3.819,0,0,0,0
aten::as_strided,,,1.991,1.991,0,0,0,0
aten::slice,,,0.622,1.147,0,0,0,0
aten::as_strided,,,0.525,0.525,0,0,0,0
aten::slice,,,0.985,1.905,0,0,0,0
aten::as_strided,,,0.92,0.92,0,0,0,0
npu::npu_fused_infer_attention_score,,,77.358,89.48,0,29.981,0,0
empty_tensor,,,4.076,4.076,0,0,0,0
empty_tensor,,,1.474,1.474,0,0,0,0
empty_tensor,,,1.269,1.269,0,0,0,0
empty_tensor,,,1.237,1.237,0,0,0,0
aclnnFusedInferAttentionScoreV3,,,4.066,4.066,29.981,29.981,0,0
aten::view,,,1.825,1.825,0,0,0,0
aten::slice,,,0.651,1.476,0,0,0,0
aten::as_strided,,,0.825,0.825,0,0,0,0
aten::copy_,,,14.128,28.596,0,1.04,0,0
aclnnInplaceCopy,,,14.468,14.468,1.04,1.04,0,0
aten::slice,,,0.995,2.042,0,0,0,0
aten::as_strided,,,1.047,1.047,0,0,0,0
aten::copy_,,,14.533,19.81,0,0,0,0
aclnnInplaceCopy,,,5.277,5.277,0,0,0,0
aten::view,,,1.944,1.944,0,0,0,0
vllm::unquantized_gemm,,,9.85,33.776,0,7.98,0,7.98
aten::linear,,,2.415,23.926,0,7.98,0,7.98
aten::t,,,3.336,6.037,0,0,0,0
aten::transpose,,,1.442,2.701,0,0,0,0
aten::as_strided,,,1.259,1.259,0,0,0,0
aten::matmul,,,8.211,15.474,0,7.98,0,7.98
empty_tensor,,,4.566,4.566,0,0,0,0
aclnnMatmul,,,2.697,2.697,7.98,7.98,7.98,7.98
vllm::maybe_chunk_residual,,,8.086,8.086,0,0,0,0
_C_ascend::npu_add_rms_norm_bias,,,18.695,34.876,0,14.4405,0,0
aten::empty,,,1.218,3.873,0,0,0,0
empty_tensor,,,2.655,2.655,0,0,0,0
aten::empty,,,0.356,2.206,0,0,0,0
empty_tensor,,,1.85,1.85,0,0,0,0
aten::empty,,,0.514,1.929,0,0,0,0
empty_tensor,,,1.415,1.415,0,0,0,0
aten::empty,,,1.911,4.528,0,0,0,0
empty_tensor,,,2.617,2.617,0,0,0,0
aclnnAddRmsNormBias,,,3.645,3.645,14.4405,14.4405,0,0
vllm::unquantized_gemm,,,5.698,18.04,0,23.681,0,23.681
aten::linear,,,1.317,12.342,0,23.681,0,23.681
aten::t,,,1.279,2.909,0,0,0,0
aten::transpose,,,0.711,1.63,0,0,0,0
aten::as_strided,,,0.919,0.919,0,0,0,0
aten::matmul,,,4.2,8.116,0,23.681,0,23.681
empty_tensor,,,1.91,1.91,0,0,0,0
aclnnMatmul,,,2.006,2.006,23.681,23.681,23.681,23.681
npu::npu_swiglu,,,13.16,16.641,0,15.1405,0,0
empty_tensor,,,1.771,1.771,0,0,0,0
aclnnSwiGlu,,,1.71,1.71,15.1405,15.1405,0,0
vllm::unquantized_gemm,,,6.204,16.657,0,22.121,0,22.121
aten::linear,,,0.747,10.453,0,22.121,0,22.121
aten::t,,,0.891,2.842,0,0,0,0
aten::transpose,,,1.035,1.951,0,0,0,0
aten::as_strided,,,0.916,0.916,0,0,0,0
aten::matmul,,,3.082,6.864,0,22.121,0,22.121
empty_tensor,,,1.684,1.684,0,0,0,0
aclnnMatmul,,,2.098,2.098,22.121,22.121,22.121,22.121
vllm::maybe_chunk_residual,,,6.098,6.098,0,0,0,0
_C_ascend::npu_add_rms_norm_bias,,,10.535,370.215,0,11.0805,0,0
aten::empty,,,0.593,2.228,0,0,0,0
empty_tensor,,,1.635,1.635,0,0,0,0
aten::empty,,,0.382,1.906,0,0,0,0
empty_tensor,,,1.524,1.524,0,0,0,0
aten::empty,,,0.365,1.898,0,0,0,0
empty_tensor,,,1.533,1.533,0,0,0,0
aten::empty,,,0.442,2.166,0,0,0,0
empty_tensor,,,1.724,1.724,0,0,0,0
aclnnAddRmsNormBias,,,351.482,351.482,11.0805,11.0805,0,0
vllm::unquantized_gemm,,,7.436,23.638,0,11.140500000000001,0,9.9205
aten::linear,,,1.524,16.202,0,11.140500000000001,0,9.9205
aten::t,,,1.373,3.118,0,0,0,0
aten::transpose,,,0.776,1.745,0,0,0,0
aten::as_strided,,,0.969,0.969,0,0,0,0
aten::addmm,,,7.335,11.56,0,11.140500000000001,0,9.9205
empty_tensor,,,1.682,1.682,0,0,0,0
aclnnAddmm,,,2.543,2.543,11.140500000000001,11.140500000000001,9.9205,9.9205
aten::split_with_sizes,,,1.915,3.5,0,0,0,0
aten::as_strided,,,0.733,0.733,0,0,0,0
aten::as_strided,,,0.417,0.417,0,0,0,0
aten::as_strided,,,0.435,0.435,0,0,0,0
vllm::npu_rotary_embedding,,,221.924,242.429,0,20.421,0,0
aten::view,,,1.062,1.062,0,0,0,0
aten::view,,,0.553,0.553,0,0,0,0
aten::contiguous,,,1.017,8.822,0,4.14,0,0
aten::clone,,,1.239,7.805,0,4.14,0,0
empty_tensor,,,1.754,1.754,0,0,0,0
aten::copy_,,,3.131,4.812,0,4.14,0,0
aclnnInplaceCopy,,,1.681,1.681,4.14,4.14,0,0
aten::contiguous,,,0.454,5.021,0,2.7,0,0
aten::clone,,,0.681,4.567,0,2.7,0,0
empty_tensor,,,1.133,1.133,0,0,0,0
aten::copy_,,,1.532,2.753,0,2.7,0,0
aclnnInplaceCopy,,,1.221,1.221,2.7,2.7,0,0
_triton_rope,,,3.118,3.118,13.581,13.581,0,0
aten::view,,,1.002,1.002,0,0,0,0
aten::view,,,0.927,0.927,0,0,0,0
aten::empty,,,0.794,3.685,0,0,0,0
empty_tensor,,,2.891,2.891,0,0,0,0
aten::view,,,1.293,1.293,0,0,0,0
aten::view,,,0.788,0.788,0,0,0,0
aten::view,,,0.696,0.696,0,0,0,0
aten::view,,,0.93,0.93,0,0,0,0
vllm::unified_attention_with_output,,,217.024,1500.624,0,46.182500000000005,0,0
P12/A/0051/attention,,,586.957,1283.6,0,46.182500000000005,0,0
aten::slice,,,2.181,4.156,0,0,0,0
aten::as_strided,,,1.975,1.975,0,0,0,0
aten::slice,,,0.694,1.32,0,0,0,0
aten::as_strided,,,0.626,0.626,0,0,0,0
aten::slice,,,3.283,4.2,0,0,0,0
aten::as_strided,,,0.917,0.917,0,0,0,0
P12/A/0052/cache_write,,,164.325,219.09,0,12.0605,0,0
atb::_npu_reshape_and_cache,,,29.848,54.765,0,12.0605,0,0
aten::contiguous,,,1.311,20.172,0,3.02,0,0
aten::clone,,,2.206,18.861,0,3.02,0,0
empty_tensor,,,4.854,4.854,0,0,0,0
aten::copy_,,,7.827,11.801,0,3.02,0,0
aclnnInplaceCopy,,,3.974,3.974,3.02,3.02,0,0
ReshapeCacheOperation,,,4.745,4.745,9.0405,9.0405,0,0
P12/A/0053/fia,,,314.114,450.129,0,34.122,0,0
aten::slice,,,2.213,3.815,0,0,0,0
aten::as_strided,,,1.602,1.602,0,0,0,0
aten::slice,,,0.63,1.238,0,0,0,0
aten::as_strided,,,0.608,0.608,0,0,0,0
aten::slice,,,0.522,1.212,0,0,0,0
aten::as_strided,,,0.69,0.69,0,0,0,0
npu::npu_fused_infer_attention_score,,,86.279,99.655,0,33.0815,0,0
empty_tensor,,,4.616,4.616,0,0,0,0
empty_tensor,,,2.092,2.092,0,0,0,0
empty_tensor,,,1.287,1.287,0,0,0,0
empty_tensor,,,1.055,1.055,0,0,0,0
aclnnFusedInferAttentionScoreV3,,,4.326,4.326,33.0815,33.0815,0,0
aten::view,,,1.848,1.848,0,0,0,0
aten::slice,,,0.686,1.682,0,0,0,0
aten::as_strided,,,0.996,0.996,0,0,0,0
aten::copy_,,,15.322,26.565,0,1.0405,0,0
aclnnInplaceCopy,,,11.243,11.243,1.0405,1.0405,0,0
aten::slice,,,0.878,2.144,0,0,0,0
aten::as_strided,,,1.266,1.266,0,0,0,0
aten::copy_,,,12.695,15.604,0,0,0,0
aclnnInplaceCopy,,,2.909,2.909,0,0,0,0
aten::view,,,1.773,1.773,0,0,0,0
vllm::unquantized_gemm,,,9.883,33.843,0,7.98,0,7.98
aten::linear,,,2.362,23.96,0,7.98,0,7.98
aten::t,,,3.279,6.875,0,0,0,0
aten::transpose,,,1.519,3.596,0,0,0,0
aten::as_strided,,,2.077,2.077,0,0,0,0
aten::matmul,,,7.901,14.723,0,7.98,0,7.98
empty_tensor,,,4.492,4.492,0,0,0,0
aclnnMatmul,,,2.33,2.33,7.98,7.98,7.98,7.98
vllm::maybe_chunk_residual,,,7.464,7.464,0,0,0,0
_C_ascend::npu_add_rms_norm_bias,,,18.311,33.266,0,17.2205,0,0
aten::empty,,,1.216,3.918,0,0,0,0
empty_tensor,,,2.702,2.702,0,0,0,0
aten::empty,,,0.372,2.098,0,0,0,0
empty_tensor,,,1.726,1.726,0,0,0,0
aten::empty,,,0.461,2.186,0,0,0,0
empty_tensor,,,1.725,1.725,0,0,0,0
aten::empty,,,0.466,3.402,0,0,0,0
empty_tensor,,,2.936,2.936,0,0,0,0
aclnnAddRmsNormBias,,,3.351,3.351,17.2205,17.2205,0,0
vllm::unquantized_gemm,,,5.604,20.056,0,23.141,0,23.141
aten::linear,,,1.356,14.452,0,23.141,0,23.141
aten::t,,,2.025,3.462,0,0,0,0
aten::transpose,,,0.608,1.437,0,0,0,0
aten::as_strided,,,0.829,0.829,0,0,0,0
aten::matmul,,,4.124,9.634,0,23.141,0,23.141
empty_tensor,,,1.92,1.92,0,0,0,0
aclnnMatmul,,,3.59,3.59,23.141,23.141,23.141,23.141
npu::npu_swiglu,,,10.316,13.323,0,18.481,0,0
empty_tensor,,,1.462,1.462,0,0,0,0
aclnnSwiGlu,,,1.545,1.545,18.481,18.481,0,0
vllm::unquantized_gemm,,,3.465,10.95,0,22.461,0,22.461
aten::linear,,,0.739,7.485,0,22.461,0,22.461
aten::t,,,0.712,1.719,0,0,0,0
aten::transpose,,,0.365,1.007,0,0,0,0
aten::as_strided,,,0.642,0.642,0,0,0,0
aten::matmul,,,2.244,5.027,0,22.461,0,22.461
empty_tensor,,,1.331,1.331,0,0,0,0
aclnnMatmul,,,1.452,1.452,22.461,22.461,22.461,22.461
vllm::maybe_chunk_residual,,,4.049,4.049,0,0,0,0
_C_ascend::npu_add_rms_norm_bias,,,8.225,22.751,0,13.6205,0,0
aten::empty,,,0.398,1.622,0,0,0,0
empty_tensor,,,1.224,1.224,0,0,0,0
aten::empty,,,0.226,1.142,0,0,0,0
empty_tensor,,,0.916,0.916,0,0,0,0
aten::empty,,,0.26,0.961,0,0,0,0
empty_tensor,,,0.701,0.701,0,0,0,0
aten::empty,,,0.41,1.82,0,0,0,0
empty_tensor,,,1.41,1.41,0,0,0,0
aclnnAddRmsNormBias,,,8.981,8.981,13.6205,13.6205,0,0
vllm::unquantized_gemm,,,4.663,16.516,0,11.260499999999999,0,10.0605
aten::linear,,,1.11,11.853,0,11.260499999999999,0,10.0605
aten::t,,,0.743,1.961,0,0,0,0
aten::transpose,,,0.365,1.218,0,0,0,0
aten::as_strided,,,0.853,0.853,0,0,0,0
aten::addmm,,,5.337,8.782,0,11.260499999999999,0,10.0605
empty_tensor,,,1.546,1.546,0,0,0,0
aclnnAddmm,,,1.899,1.899,11.260499999999999,11.260499999999999,10.0605,10.0605
aten::split_with_sizes,,,1.652,3.118,0,0,0,0
aten::as_strided,,,0.738,0.738,0,0,0,0
aten::as_strided,,,0.324,0.324,0,0,0,0
aten::as_strided,,,0.404,0.404,0,0,0,0
vllm::npu_rotary_embedding,,,215.4,233.733,0,20.3405,0,0
aten::view,,,1.102,1.102,0,0,0,0
aten::view,,,0.46,0.46,0,0,0,0
aten::contiguous,,,0.991,8.512,0,2.96,0,0
aten::clone,,,1.084,7.521,0,2.96,0,0
empty_tensor,,,1.332,1.332,0,0,0,0
aten::copy_,,,3.136,5.105,0,2.96,0,0
aclnnInplaceCopy,,,1.969,1.969,2.96,2.96,0,0
aten::contiguous,,,0.427,4.303,0,2.78,0,0
aten::clone,,,0.653,3.876,0,2.78,0,0
empty_tensor,,,0.958,0.958,0,0,0,0
aten::copy_,,,1.461,2.265,0,2.78,0,0
aclnnInplaceCopy,,,0.804,0.804,2.78,2.78,0,0
_triton_rope,,,2.593,2.593,14.6005,14.6005,0,0
aten::view,,,0.88,0.88,0,0,0,0
aten::view,,,0.483,0.483,0,0,0,0
aten::empty,,,0.568,2.102,0,0,0,0
empty_tensor,,,1.534,1.534,0,0,0,0
aten::view,,,0.898,0.898,0,0,0,0
aten::view,,,0.529,0.529,0,0,0,0
aten::view,,,0.45,0.45,0,0,0,0
aten::view,,,0.521,0.521,0,0,0,0
vllm::unified_attention_with_output,,,151.493,1049.643,0,45.1025,0,0
P12/A/0054/attention,,,401.148,898.15,0,45.1025,0,0
aten::slice,,,1.564,2.907,0,0,0,0
aten::as_strided,,,1.343,1.343,0,0,0,0
aten::slice,,,0.412,0.842,0,0,0,0
aten::as_strided,,,0.43,0.43,0,0,0,0
aten::slice,,,2.563,3.303,0,0,0,0
aten::as_strided,,,0.74,0.74,0,0,0,0
P12/A/0055/cache_write,,,116.032,158.649,0,11.4805,0,0
atb::_npu_reshape_and_cache,,,27.606,42.617,0,11.4805,0,0
aten::contiguous,,,0.884,13.487,0,2.84,0,0
aten::clone,,,1.464,12.603,0,2.84,0,0
empty_tensor,,,2.982,2.982,0,0,0,0
aten::copy_,,,5.233,8.157,0,2.84,0,0
aclnnInplaceCopy,,,2.924,2.924,2.84,2.84,0,0
ReshapeCacheOperation,,,1.524,1.524,8.6405,8.6405,0,0
P12/A/0056/fia,,,216.158,318.952,0,33.622,0,0
aten::slice,,,1.247,2.341,0,0,0,0
aten::as_strided,,,1.094,1.094,0,0,0,0
aten::slice,,,0.39,0.771,0,0,0,0
aten::as_strided,,,0.381,0.381,0,0,0,0
aten::slice,,,0.407,0.899,0,0,0,0
aten::as_strided,,,0.492,0.492,0,0,0,0
npu::npu_fused_infer_attention_score,,,68.439,76.829,0,32.602,0,0
empty_tensor,,,2.942,2.942,0,0,0,0
empty_tensor,,,0.857,0.857,0,0,0,0
empty_tensor,,,0.746,0.746,0,0,0,0
empty_tensor,,,0.934,0.934,0,0,0,0
aclnnFusedInferAttentionScoreV3,,,2.911,2.911,32.602,32.602,0,0
aten::view,,,1.275,1.275,0,0,0,0
aten::slice,,,0.416,0.993,0,0,0,0
aten::as_strided,,,0.577,0.577,0,0,0,0
aten::copy_,,,11.751,19.686,0,1.02,0,0
aclnnInplaceCopy,,,7.935,7.935,1.02,1.02,0,0
aten::slice,,,0.564,1.278,0,0,0,0
aten::as_strided,,,0.714,0.714,0,0,0,0
aten::copy_,,,8.948,11.071,0,0,0,0
aclnnInplaceCopy,,,2.123,2.123,0,0,0,0
aten::view,,,1.268,1.268,0,0,0,0
vllm::unquantized_gemm,,,8.194,26.571,0,8.0005,0,8.0005
aten::linear,,,1.788,18.377,0,8.0005,0,8.0005
aten::t,,,2.749,4.879,0,0,0,0
aten::transpose,,,1.146,2.13,0,0,0,0
aten::as_strided,,,0.984,0.984,0,0,0,0
aten::matmul,,,6.151,11.71,0,8.0005,0,8.0005
empty_tensor,,,2.997,2.997,0,0,0,0
aclnnMatmul,,,2.562,2.562,8.0005,8.0005,8.0005,8.0005
vllm::maybe_chunk_residual,,,5.321,5.321,0,0,0,0
_C_ascend::npu_add_rms_norm_bias,,,13.459,23.377,0,15.5405,0,0
aten::empty,,,0.957,2.815,0,0,0,0
empty_tensor,,,1.858,1.858,0,0,0,0
aten::empty,,,0.2,1.155,0,0,0,0
empty_tensor,,,0.955,0.955,0,0,0,0
aten::empty,,,0.232,1.127,0,0,0,0
empty_tensor,,,0.895,0.895,0,0,0,0
aten::empty,,,0.414,2.231,0,0,0,0
empty_tensor,,,1.817,1.817,0,0,0,0
aclnnAddRmsNormBias,,,2.59,2.59,15.5405,15.5405,0,0
vllm::unquantized_gemm,,,3.826,12.68,0,23.341,0,23.341
aten::linear,,,0.893,8.854,0,23.341,0,23.341
aten::t,,,0.973,2.075,0,0,0,0
aten::transpose,,,0.494,1.102,0,0,0,0
aten::as_strided,,,0.608,0.608,0,0,0,0
aten::matmul,,,2.878,5.886,0,23.341,0,23.341
empty_tensor,,,1.446,1.446,0,0,0,0
aclnnMatmul,,,1.562,1.562,23.341,23.341,23.341,23.341
npu::npu_swiglu,,,9.265,14.357,0,18.3005,0,0
empty_tensor,,,1.739,1.739,0,0,0,0
aclnnSwiGlu,,,3.353,3.353,18.3005,18.3005,0,0
vllm::unquantized_gemm,,,3.355,11.695,0,22.0005,0,22.0005
aten::linear,,,0.577,8.34,0,22.0005,0,22.0005
aten::t,,,0.904,1.911,0,0,0,0
aten::transpose,,,0.522,1.007,0,0,0,0
aten::as_strided,,,0.485,0.485,0,0,0,0
aten::matmul,,,2.182,5.852,0,22.0005,0,22.0005
empty_tensor,,,2.273,2.273,0,0,0,0
aclnnMatmul,,,1.397,1.397,22.0005,22.0005,22.0005,22.0005
vllm::maybe_chunk_residual,,,4.286,4.286,0,0,0,0
_C_ascend::npu_add_rms_norm_bias,,,7.389,24.08,0,10.7405,0,0
aten::empty,,,0.443,1.738,0,0,0,0
empty_tensor,,,1.295,1.295,0,0,0,0
aten::empty,,,0.225,1.22,0,0,0,0
empty_tensor,,,0.995,0.995,0,0,0,0
aten::empty,,,0.446,3.708,0,0,0,0
empty_tensor,,,3.262,3.262,0,0,0,0
aten::empty,,,0.303,1.668,0,0,0,0
empty_tensor,,,1.365,1.365,0,0,0,0
aclnnAddRmsNormBias,,,8.357,8.357,10.7405,10.7405,0,0
vllm::unquantized_gemm,,,4.455,15.384,0,10.1405,0,9.1005
aten::linear,,,1.229,10.929,0,10.1405,0,9.1005
aten::t,,,0.662,1.869,0,0,0,0
aten::transpose,,,0.36,1.207,0,0,0,0
aten::as_strided,,,0.847,0.847,0,0,0,0
aten::addmm,,,5.152,7.831,0,10.1405,0,9.1005
empty_tensor,,,1.085,1.085,0,0,0,0
aclnnAddmm,,,1.594,1.594,10.1405,10.1405,9.1005,9.1005
aten::split_with_sizes,,,1.405,2.861,0,0,0,0
aten::as_strided,,,0.671,0.671,0,0,0,0
aten::as_strided,,,0.359,0.359,0,0,0,0
aten::as_strided,,,0.426,0.426,0,0,0,0
vllm::npu_rotary_embedding,,,212.457,232.551,0,19.660999999999998,0,0
aten::view,,,0.902,0.902,0,0,0,0
aten::view,,,0.426,0.426,0,0,0,0
aten::contiguous,,,0.972,7.759,0,3.34,0,0
aten::clone,,,1.143,6.787,0,3.34,0,0
empty_tensor,,,1.21,1.21,0,0,0,0
aten::copy_,,,2.944,4.434,0,3.34,0,0
aclnnInplaceCopy,,,1.49,1.49,3.34,3.34,0,0
aten::contiguous,,,0.356,4.971,0,2.7605,0,0
aten::clone,,,0.417,4.615,0,2.7605,0,0
empty_tensor,,,1.388,1.388,0,0,0,0
aten::copy_,,,1.619,2.81,0,2.7605,0,0
aclnnInplaceCopy,,,1.191,1.191,2.7605,2.7605,0,0
_triton_rope,,,4.402,4.402,13.5605,13.5605,0,0
aten::view,,,1.034,1.034,0,0,0,0
aten::view,,,0.6,0.6,0,0,0,0
aten::empty,,,0.682,2.375,0,0,0,0
empty_tensor,,,1.693,1.693,0,0,0,0
aten::view,,,0.691,0.691,0,0,0,0
aten::view,,,0.436,0.436,0,0,0,0
aten::view,,,0.469,0.469,0,0,0,0
aten::view,,,0.667,0.667,0,0,0,0
vllm::unified_attention_with_output,,,146.619,1053.836,0,45.922,0,0
P12/A/0057/attention,,,404.721,907.217,0,45.922,0,0
aten::slice,,,1.522,2.785,0,0,0,0
aten::as_strided,,,1.263,1.263,0,0,0,0
aten::slice,,,0.474,3.253,0,0,0,0
aten::as_strided,,,2.779,2.779,0,0,0,0
aten::slice,,,2.68,3.473,0,0,0,0
aten::as_strided,,,0.793,0.793,0,0,0,0
P12/A/0058/cache_write,,,120.064,162.152,0,11.5205,0,0
atb::_npu_reshape_and_cache,,,27.756,42.088,0,11.5205,0,0
aten::contiguous,,,0.986,12.642,0,2.78,0,0
aten::clone,,,1.349,11.656,0,2.78,0,0
empty_tensor,,,2.91,2.91,0,0,0,0
aten::copy_,,,4.726,7.397,0,2.78,0,0
aclnnInplaceCopy,,,2.671,2.671,2.78,2.78,0,0
ReshapeCacheOperation,,,1.69,1.69,8.7405,8.7405,0,0
P12/A/0059/fia,,,220.413,318.749,0,34.4015,0,0
aten::slice,,,1.225,2.507,0,0,0,0
aten::as_strided,,,1.282,1.282,0,0,0,0
aten::slice,,,0.544,1.794,0,0,0,0
aten::as_strided,,,1.25,1.25,0,0,0,0
aten::slice,,,0.431,1.075,0,0,0,0
aten::as_strided,,,0.644,0.644,0,0,0,0
npu::npu_fused_infer_attention_score,,,60.802,69.601,0,33.400999999999996,0,0
empty_tensor,,,2.933,2.933,0,0,0,0
empty_tensor,,,1.278,1.278,0,0,0,0
empty_tensor,,,0.665,0.665,0,0,0,0
empty_tensor,,,0.838,0.838,0,0,0,0
aclnnFusedInferAttentionScoreV3,,,3.085,3.085,33.400999999999996,33.400999999999996,0,0
aten::view,,,1.177,1.177,0,0,0,0
aten::slice,,,0.573,1.125,0,0,0,0
aten::as_strided,,,0.552,0.552,0,0,0,0
aten::copy_,,,11.36,21.057,0,1.0005,0,0
aclnnInplaceCopy,,,9.697,9.697,1.0005,1.0005,0,0
aten::slice,,,0.544,1.328,0,0,0,0
aten::as_strided,,,0.784,0.784,0,0,0,0
aten::copy_,,,8.649,10.756,0,0,0,0
aclnnInplaceCopy,,,2.107,2.107,0,0,0,0
aten::view,,,1.337,1.337,0,0,0,0
vllm::unquantized_gemm,,,9.488,27.779,0,7.62,0,7.62
aten::linear,,,1.807,18.291,0,7.62,0,7.62
aten::t,,,2.557,4.815,0,0,0,0
aten::transpose,,,1.139,2.258,0,0,0,0
aten::as_strided,,,1.119,1.119,0,0,0,0
aten::matmul,,,6.354,11.669,0,7.62,0,7.62
empty_tensor,,,3.103,3.103,0,0,0,0
aclnnMatmul,,,2.212,2.212,7.62,7.62,7.62,7.62
vllm::maybe_chunk_residual,,,5.383,5.383,0,0,0,0
_C_ascend::npu_add_rms_norm_bias,,,13.64,24.32,0,14.8605,0,0
aten::empty,,,1.11,3.136,0,0,0,0
empty_tensor,,,2.026,2.026,0,0,0,0
aten::empty,,,0.204,1.095,0,0,0,0
empty_tensor,,,0.891,0.891,0,0,0,0
aten::empty,,,0.208,1.817,0,0,0,0
empty_tensor,,,1.609,1.609,0,0,0,0
aten::empty,,,0.341,2.536,0,0,0,0
empty_tensor,,,2.195,2.195,0,0,0,0
aclnnAddRmsNormBias,,,2.096,2.096,14.8605,14.8605,0,0
vllm::unquantized_gemm,,,4.0,13.362,0,23.141,0,23.141
aten::linear,,,0.862,9.362,0,23.141,0,23.141
aten::t,,,1.144,2.477,0,0,0,0
aten::transpose,,,0.498,1.333,0,0,0,0
aten::as_strided,,,0.835,0.835,0,0,0,0
aten::matmul,,,2.852,6.023,0,23.141,0,23.141
empty_tensor,,,1.582,1.582,0,0,0,0
aclnnMatmul,,,1.589,1.589,23.141,23.141,23.141,23.141
npu::npu_swiglu,,,9.848,12.67,0,15.1005,0,0
empty_tensor,,,1.227,1.227,0,0,0,0
aclnnSwiGlu,,,1.595,1.595,15.1005,15.1005,0,0
vllm::unquantized_gemm,,,3.568,12.219,0,22.3605,0,22.3605
aten::linear,,,0.63,8.651,0,22.3605,0,22.3605
aten::t,,,0.573,1.5,0,0,0,0
aten::transpose,,,0.369,0.927,0,0,0,0
aten::as_strided,,,0.558,0.558,0,0,0,0
aten::matmul,,,2.141,6.521,0,22.3605,0,22.3605
empty_tensor,,,1.024,1.024,0,0,0,0
aclnnMatmul,,,3.356,3.356,22.3605,22.3605,22.3605,22.3605
vllm::maybe_chunk_residual,,,4.161,4.161,0,0,0,0
_C_ascend::npu_add_rms_norm_bias,,,10.127,24.067,0,11.1205,0,0
aten::empty,,,0.548,2.306,0,0,0,0
empty_tensor,,,1.758,1.758,0,0,0,0
aten::empty,,,0.32,1.985,0,0,0,0
empty_tensor,,,1.665,1.665,0,0,0,0
aten::empty,,,0.393,1.6,0,0,0,0
empty_tensor,,,1.207,1.207,0,0,0,0
aten::empty,,,0.487,2.332,0,0,0,0
empty_tensor,,,1.845,1.845,0,0,0,0
aclnnAddRmsNormBias,,,5.717,5.717,11.1205,11.1205,0,0
vllm::unquantized_gemm,,,6.011,22.571,0,10.719999999999999,0,9.52
aten::linear,,,1.7,16.56,0,10.719999999999999,0,9.52
aten::t,,,0.92,2.297,0,0,0,0
aten::transpose,,,0.584,1.377,0,0,0,0
aten::as_strided,,,0.793,0.793,0,0,0,0
aten::addmm,,,7.315,12.563,0,10.719999999999999,0,9.52
empty_tensor,,,1.635,1.635,0,0,0,0
aclnnAddmm,,,3.613,3.613,10.719999999999999,10.719999999999999,9.52,9.52
aten::split_with_sizes,,,2.106,4.247,0,0,0,0
aten::as_strided,,,0.859,0.859,0,0,0,0
aten::as_strided,,,0.6,0.6,0,0,0,0
aten::as_strided,,,0.682,0.682,0,0,0,0
vllm::npu_rotary_embedding,,,328.965,356.15,0,25.7405,0,0
aten::view,,,1.337,1.337,0,0,0,0
aten::view,,,0.651,0.651,0,0,0,0
aten::contiguous,,,1.307,10.769,0,2.96,0,0
aten::clone,,,1.584,9.462,0,2.96,0,0
empty_tensor,,,2.016,2.016,0,0,0,0
aten::copy_,,,3.982,5.862,0,2.96,0,0
aclnnInplaceCopy,,,1.88,1.88,2.96,2.96,0,0
aten::contiguous,,,0.54,8.353,0,2.7,0,0
aten::clone,,,0.872,7.813,0,2.7,0,0
empty_tensor,,,1.864,1.864,0,0,0,0
aten::copy_,,,2.417,5.077,0,2.7,0,0
aclnnInplaceCopy,,,2.66,2.66,2.7,2.7,0,0
_triton_rope,,,3.495,3.495,20.0805,20.0805,0,0
aten::view,,,1.665,1.665,0,0,0,0
aten::view,,,0.915,0.915,0,0,0,0
aten::empty,,,0.742,4.121,0,0,0,0
empty_tensor,,,3.379,3.379,0,0,0,0
aten::view,,,1.237,1.237,0,0,0,0
aten::view,,,0.995,0.995,0,0,0,0
aten::view,,,1.067,1.067,0,0,0,0
aten::view,,,0.922,0.922,0,0,0,0
vllm::unified_attention_with_output,,,213.404,1406.748,0,43.5015,0,0
P12/A/0060/attention,,,516.143,1193.344,0,43.5015,0,0
aten::slice,,,1.706,3.252,0,0,0,0
aten::as_strided,,,1.546,1.546,0,0,0,0
aten::slice,,,0.607,1.035,0,0,0,0
aten::as_strided,,,0.428,0.428,0,0,0,0
aten::slice,,,2.809,3.425,0,0,0,0
aten::as_strided,,,0.616,0.616,0,0,0,0
P12/A/0061/cache_write,,,165.722,210.1,0,11.8605,0,0
atb::_npu_reshape_and_cache,,,23.539,44.378,0,11.8605,0,0
aten::contiguous,,,1.302,18.93,0,2.82,0,0
aten::clone,,,1.965,17.628,0,2.82,0,0
empty_tensor,,,4.511,4.511,0,0,0,0
aten::copy_,,,7.82,11.152,0,2.82,0,0
aclnnInplaceCopy,,,3.332,3.332,2.82,2.82,0,0
ReshapeCacheOperation,,,1.909,1.909,9.0405,9.0405,0,0
P12/A/0062/fia,,,314.24,442.551,0,31.641,0,0
aten::slice,,,1.79,3.659,0,0,0,0
aten::as_strided,,,1.869,1.869,0,0,0,0
aten::slice,,,0.576,1.265,0,0,0,0
aten::as_strided,,,0.689,0.689,0,0,0,0
aten::slice,,,0.441,1.47,0,0,0,0
aten::as_strided,,,1.029,1.029,0,0,0,0
npu::npu_fused_infer_attention_score,,,78.192,92.15,0,30.621,0,0
empty_tensor,,,5.807,5.807,0,0,0,0
empty_tensor,,,1.71,1.71,0,0,0,0
empty_tensor,,,1.483,1.483,0,0,0,0
empty_tensor,,,1.103,1.103,0,0,0,0
aclnnFusedInferAttentionScoreV3,,,3.855,3.855,30.621,30.621,0,0
aten::view,,,1.799,1.799,0,0,0,0
aten::slice,,,0.713,1.678,0,0,0,0
aten::as_strided,,,0.965,0.965,0,0,0,0
aten::copy_,,,15.091,26.29,0,1.02,0,0
aclnnInplaceCopy,,,11.199,11.199,1.02,1.02,0,0
aten::slice,,,0.887,1.983,0,0,0,0
aten::as_strided,,,1.096,1.096,0,0,0,0
aten::copy_,,,12.27,14.855,0,0,0,0
aclnnInplaceCopy,,,2.585,2.585,0,0,0,0
aten::view,,,1.857,1.857,0,0,0,0
vllm::unquantized_gemm,,,10.042,34.19,0,7.84,0,7.84
aten::linear,,,2.362,24.148,0,7.84,0,7.84
aten::t,,,3.46,6.363,0,0,0,0
aten::transpose,,,1.385,2.903,0,0,0,0
aten::as_strided,,,1.518,1.518,0,0,0,0
aten::matmul,,,8.238,15.423,0,7.84,0,7.84
empty_tensor,,,4.51,4.51,0,0,0,0
aclnnMatmul,,,2.675,2.675,7.84,7.84,7.84,7.84
vllm::maybe_chunk_residual,,,7.945,7.945,0,0,0,0
_C_ascend::npu_add_rms_norm_bias,,,17.636,32.498,0,15.4205,0,0
aten::empty,,,1.235,3.675,0,0,0,0
empty_tensor,,,2.44,2.44,0,0,0,0
aten::empty,,,0.37,2.238,0,0,0,0
empty_tensor,,,1.868,1.868,0,0,0,0
aten::empty,,,0.478,1.986,0,0,0,0
empty_tensor,,,1.508,1.508,0,0,0,0
aten::empty,,,0.515,4.066,0,0,0,0
empty_tensor,,,3.551,3.551,0,0,0,0
aclnnAddRmsNormBias,,,2.897,2.897,15.4205,15.4205,0,0
vllm::unquantized_gemm,,,6.054,21.176,0,23.781,0,23.781
aten::linear,,,1.323,15.122,0,23.781,0,23.781
aten::t,,,1.48,4.614,0,0,0,0
aten::transpose,,,0.956,3.134,0,0,0,0
aten::as_strided,,,2.178,2.178,0,0,0,0
aten::matmul,,,4.441,9.185,0,23.781,0,23.781
empty_tensor,,,2.445,2.445,0,0,0,0
aclnnMatmul,,,2.299,2.299,23.781,23.781,23.781,23.781
npu::npu_swiglu,,,12.423,16.288,0,15.941,0,0
empty_tensor,,,1.859,1.859,0,0,0,0
aclnnSwiGlu,,,2.006,2.006,15.941,15.941,0,0
vllm::unquantized_gemm,,,4.964,14.85,0,22.561,0,22.561
aten::linear,,,0.915,9.886,0,22.561,0,22.561
aten::t,,,0.903,2.228,0,0,0,0
aten::transpose,,,0.595,1.325,0,0,0,0
aten::as_strided,,,0.73,0.73,0,0,0,0
aten::matmul,,,3.12,6.743,0,22.561,0,22.561
empty_tensor,,,1.578,1.578,0,0,0,0
aclnnMatmul,,,2.045,2.045,22.561,22.561,22.561,22.561
vllm::maybe_chunk_residual,,,6.453,6.453,0,0,0,0
_C_ascend::npu_add_rms_norm_bias,,,9.986,30.524,0,10.4005,0,0
aten::empty,,,0.562,2.521,0,0,0,0
empty_tensor,,,1.959,1.959,0,0,0,0
aten::empty,,,0.404,2.144,0,0,0,0
empty_tensor,,,1.74,1.74,0,0,0,0
aten::empty,,,0.375,1.722,0,0,0,0
empty_tensor,,,1.347,1.347,0,0,0,0
aten::empty,,,0.438,2.217,0,0,0,0
empty_tensor,,,1.779,1.779,0,0,0,0
aclnnAddRmsNormBias,,,11.934,11.934,10.4005,10.4005,0,0
vllm::unquantized_gemm,,,6.015,21.193,0,10.7005,0,9.5005
aten::linear,,,1.39,15.178,0,10.7005,0,9.5005
aten::t,,,0.89,2.381,0,0,0,0
aten::transpose,,,0.681,1.491,0,0,0,0
aten::as_strided,,,0.81,0.81,0,0,0,0
aten::addmm,,,7.527,11.407,0,10.7005,0,9.5005
empty_tensor,,,1.624,1.624,0,0,0,0
aclnnAddmm,,,2.256,2.256,10.7005,10.7005,9.5005,9.5005
aten::split_with_sizes,,,2.199,4.25,0,0,0,0
aten::as_strided,,,0.906,0.906,0,0,0,0
aten::as_strided,,,0.57,0.57,0,0,0,0
aten::as_strided,,,0.575,0.575,0,0,0,0
vllm::npu_rotary_embedding,,,321.782,350.891,0,19.121000000000002,0,0
aten::view,,,1.727,1.727,0,0,0,0
aten::view,,,0.761,0.761,0,0,0,0
aten::contiguous,,,1.465,11.403,0,2.8,0,0
aten::clone,,,1.671,9.938,0,2.8,0,0
empty_tensor,,,1.96,1.96,0,0,0,0
aten::copy_,,,4.187,6.307,0,2.8,0,0
aclnnInplaceCopy,,,2.12,2.12,2.8,2.8,0,0
aten::contiguous,,,0.557,8.341,0,2.72,0,0
aten::clone,,,0.787,7.784,0,2.72,0,0
empty_tensor,,,2.141,2.141,0,0,0,0
aten::copy_,,,2.636,4.856,0,2.72,0,0
aclnnInplaceCopy,,,2.22,2.22,2.72,2.72,0,0
_triton_rope,,,4.55,4.55,13.601,13.601,0,0
aten::view,,,1.584,1.584,0,0,0,0
aten::view,,,0.743,0.743,0,0,0,0
aten::empty,,,0.785,3.533,0,0,0,0
empty_tensor,,,2.748,2.748,0,0,0,0
aten::view,,,1.163,1.163,0,0,0,0
aten::view,,,0.796,0.796,0,0,0,0
aten::view,,,0.946,0.946,0,0,0,0
aten::view,,,0.962,0.962,0,0,0,0
vllm::unified_attention_with_output,,,176.628,1392.296,0,46.661,0,0
P12/A/0063/attention,,,541.209,1215.668,0,46.661,0,0
aten::slice,,,2.199,4.147,0,0,0,0
aten::as_strided,,,1.948,1.948,0,0,0,0
aten::slice,,,0.52,1.329,0,0,0,0
aten::as_strided,,,0.809,0.809,0,0,0,0
aten::slice,,,3.766,4.878,0,0,0,0
aten::as_strided,,,1.112,1.112,0,0,0,0
P12/A/0064/cache_write,,,151.086,196.514,0,11.34,0,0
atb::_npu_reshape_and_cache,,,24.315,45.428,0,11.34,0,0
aten::contiguous,,,1.258,18.875,0,2.76,0,0
aten::clone,,,1.819,17.617,0,2.76,0,0
empty_tensor,,,4.261,4.261,0,0,0,0
aten::copy_,,,7.78,11.537,0,2.76,0,0
aclnnInplaceCopy,,,3.757,3.757,2.76,2.76,0,0
ReshapeCacheOperation,,,2.238,2.238,8.58,8.58,0,0
P12/A/0065/fia,,,321.63,451.245,0,35.321,0,0
aten::slice,,,1.647,3.53,0,0,0,0
aten::as_strided,,,1.883,1.883,0,0,0,0
aten::slice,,,0.748,1.267,0,0,0,0
aten::as_strided,,,0.519,0.519,0,0,0,0
aten::slice,,,0.467,1.323,0,0,0,0
aten::as_strided,,,0.856,0.856,0,0,0,0
npu::npu_fused_infer_attention_score,,,78.248,92.437,0,34.301,0,0
empty_tensor,,,4.917,4.917,0,0,0,0
empty_tensor,,,1.898,1.898,0,0,0,0
empty_tensor,,,1.604,1.604,0,0,0,0
empty_tensor,,,1.837,1.837,0,0,0,0
aclnnFusedInferAttentionScoreV3,,,3.933,3.933,34.301,34.301,0,0
aten::view,,,1.84,1.84,0,0,0,0
aten::slice,,,0.819,1.718,0,0,0,0
aten::as_strided,,,0.899,0.899,0,0,0,0
aten::copy_,,,15.242,27.5,0,1.02,0,0
aclnnInplaceCopy,,,12.258,12.258,1.02,1.02,0,0
aten::slice,,,0.911,1.84,0,0,0,0
aten::as_strided,,,0.929,0.929,0,0,0,0
aten::copy_,,,12.015,14.506,0,0,0,0
aclnnInplaceCopy,,,2.491,2.491,0,0,0,0
aten::view,,,1.365,1.365,0,0,0,0
vllm::unquantized_gemm,,,7.959,26.929,0,7.5405,0,7.5405
aten::linear,,,1.753,18.97,0,7.5405,0,7.5405
aten::t,,,3.004,5.282,0,0,0,0
aten::transpose,,,1.169,2.278,0,0,0,0
aten::as_strided,,,1.109,1.109,0,0,0,0
aten::matmul,,,6.646,11.935,0,7.5405,0,7.5405
empty_tensor,,,3.369,3.369,0,0,0,0
aclnnMatmul,,,1.92,1.92,7.5405,7.5405,7.5405,7.5405
vllm::maybe_chunk_residual,,,5.4,5.4,0,0,0,0
_C_ascend::npu_add_rms_norm_bias,,,15.794,27.47,0,14.9205,0,0
aten::empty,,,1.061,3.134,0,0,0,0
empty_tensor,,,2.073,2.073,0,0,0,0
aten::empty,,,0.198,1.046,0,0,0,0
empty_tensor,,,0.848,0.848,0,0,0,0
aten::empty,,,0.379,1.499,0,0,0,0
empty_tensor,,,1.12,1.12,0,0,0,0
aten::empty,,,0.656,3.094,0,0,0,0
empty_tensor,,,2.438,2.438,0,0,0,0
aclnnAddRmsNormBias,,,2.903,2.903,14.9205,14.9205,0,0
vllm::unquantized_gemm,,,8.746,24.209,0,23.121,0,23.121
aten::linear,,,1.377,15.463,0,23.121,0,23.121
aten::t,,,1.326,3.228,0,0,0,0
aten::transpose,,,0.842,1.902,0,0,0,0
aten::as_strided,,,1.06,1.06,0,0,0,0
aten::matmul,,,4.407,10.858,0,23.121,0,23.121
empty_tensor,,,2.269,2.269,0,0,0,0
aclnnMatmul,,,4.182,4.182,23.121,23.121,23.121,23.121
npu::npu_swiglu,,,12.987,17.639,0,14.8005,0,0
empty_tensor,,,2.078,2.078,0,0,0,0
aclnnSwiGlu,,,2.574,2.574,14.8005,14.8005,0,0
vllm::unquantized_gemm,,,5.118,15.236,0,21.981,0,21.981
aten::linear,,,1.068,10.118,0,21.981,0,21.981
aten::t,,,0.986,2.23,0,0,0,0
aten::transpose,,,0.478,1.244,0,0,0,0
aten::as_strided,,,0.766,0.766,0,0,0,0
aten::matmul,,,2.946,6.82,0,21.981,0,21.981
empty_tensor,,,1.686,1.686,0,0,0,0
aclnnMatmul,,,2.188,2.188,21.981,21.981,21.981,21.981
vllm::maybe_chunk_residual,,,6.731,6.731,0,0,0,0
_C_ascend::npu_add_rms_norm_bias,,,10.212,24.732,0,11.3405,0,0
aten::empty,,,0.563,2.25,0,0,0,0
empty_tensor,,,1.687,1.687,0,0,0,0
aten::empty,,,0.402,2.227,0,0,0,0
empty_tensor,,,1.825,1.825,0,0,0,0
aten::empty,,,0.546,1.984,0,0,0,0
empty_tensor,,,1.438,1.438,0,0,0,0
aten::empty,,,0.606,2.457,0,0,0,0
empty_tensor,,,1.851,1.851,0,0,0,0
aclnnAddRmsNormBias,,,5.602,5.602,11.3405,11.3405,0,0
vllm::unquantized_gemm,,,6.02,23.357,0,10.6005,0,9.3605
aten::linear,,,1.363,17.337,0,10.6005,0,9.3605
aten::t,,,0.851,2.048,0,0,0,0
aten::transpose,,,0.509,1.197,0,0,0,0
aten::as_strided,,,0.688,0.688,0,0,0,0
aten::addmm,,,7.226,13.926,0,10.6005,0,9.3605
empty_tensor,,,1.992,1.992,0,0,0,0
aclnnAddmm,,,4.708,4.708,10.6005,10.6005,9.3605,9.3605
aten::split_with_sizes,,,2.206,4.608,0,0,0,0
aten::as_strided,,,0.959,0.959,0,0,0,0
aten::as_strided,,,0.799,0.799,0,0,0,0
aten::as_strided,,,0.644,0.644,0,0,0,0
vllm::npu_rotary_embedding,,,325.893,351.809,0,19.5205,0,0
aten::view,,,1.268,1.268,0,0,0,0
aten::view,,,0.659,0.659,0,0,0,0
aten::contiguous,,,1.25,10.731,0,2.74,0,0
aten::clone,,,1.708,9.481,0,2.74,0,0
empty_tensor,,,1.658,1.658,0,0,0,0
aten::copy_,,,4.083,6.115,0,2.74,0,0
aclnnInplaceCopy,,,2.032,2.032,2.74,2.74,0,0
aten::contiguous,,,0.666,6.993,0,2.9,0,0
aten::clone,,,0.842,6.327,0,2.9,0,0
empty_tensor,,,1.592,1.592,0,0,0,0
aten::copy_,,,2.491,3.893,0,2.9,0,0
aclnnInplaceCopy,,,1.402,1.402,2.9,2.9,0,0
_triton_rope,,,3.571,3.571,13.8805,13.8805,0,0
aten::view,,,1.585,1.585,0,0,0,0
aten::view,,,1.109,1.109,0,0,0,0
aten::empty,,,0.762,3.709,0,0,0,0
empty_tensor,,,2.947,2.947,0,0,0,0
aten::view,,,0.91,0.91,0,0,0,0
aten::view,,,0.703,0.703,0,0,0,0
aten::view,,,0.935,0.935,0,0,0,0
aten::view,,,1.234,1.234,0,0,0,0
vllm::unified_attention_with_output,,,213.752,1469.099,0,45.442,0,0
P12/A/0066/attention,,,576.747,1255.347,0,45.442,0,0
aten::slice,,,2.252,4.406,0,0,0,0
aten::as_strided,,,2.154,2.154,0,0,0,0
aten::slice,,,1.744,2.772,0,0,0,0
aten::as_strided,,,1.028,1.028,0,0,0,0
aten::slice,,,3.595,4.68,0,0,0,0
aten::as_strided,,,1.085,1.085,0,0,0,0
P12/A/0067/cache_write,,,166.292,212.39,0,11.8005,0,0
atb::_npu_reshape_and_cache,,,24.796,46.098,0,11.8005,0,0
aten::contiguous,,,1.369,19.133,0,2.82,0,0
aten::clone,,,2.155,17.764,0,2.82,0,0
empty_tensor,,,4.557,4.557,0,0,0,0
aten::copy_,,,7.696,11.052,0,2.82,0,0
aclnnInplaceCopy,,,3.356,3.356,2.82,2.82,0,0
ReshapeCacheOperation,,,2.169,2.169,8.9805,8.9805,0,0
P12/A/0068/fia,,,321.401,437.908,0,33.6415,0,0
aten::slice,,,1.546,3.396,0,0,0,0
aten::as_strided,,,1.85,1.85,0,0,0,0
aten::slice,,,0.736,1.435,0,0,0,0
aten::as_strided,,,0.699,0.699,0,0,0,0
aten::slice,,,0.452,1.272,0,0,0,0
aten::as_strided,,,0.82,0.82,0,0,0,0
npu::npu_fused_infer_attention_score,,,70.103,81.539,0,32.661500000000004,0,0
empty_tensor,,,4.149,4.149,0,0,0,0
empty_tensor,,,1.596,1.596,0,0,0,0
empty_tensor,,,1.343,1.343,0,0,0,0
empty_tensor,,,1.071,1.071,0,0,0,0
aclnnFusedInferAttentionScoreV3,,,3.277,3.277,32.661500000000004,32.661500000000004,0,0
aten::view,,,1.636,1.636,0,0,0,0
aten::slice,,,0.638,1.518,0,0,0,0
aten::as_strided,,,0.88,0.88,0,0,0,0
aten::copy_,,,14.618,25.711,0,0.98,0,0
aclnnInplaceCopy,,,11.093,11.093,0.98,0.98,0,0
aten::slice,,,0.844,1.95,0,0,0,0
aten::as_strided,,,1.106,1.106,0,0,0,0
aten::copy_,,,12.256,14.494,0,0,0,0
aclnnInplaceCopy,,,2.238,2.238,0,0,0,0
aten::view,,,1.819,1.819,0,0,0,0
vllm::unquantized_gemm,,,10.157,32.132,0,7.8405,0,7.8405
aten::linear,,,2.136,21.975,0,7.8405,0,7.8405
aten::t,,,3.267,5.779,0,0,0,0
aten::transpose,,,1.367,2.512,0,0,0,0
aten::as_strided,,,1.145,1.145,0,0,0,0
aten::matmul,,,7.794,14.06,0,7.8405,0,7.8405
empty_tensor,,,4.063,4.063,0,0,0,0
aclnnMatmul,,,2.203,2.203,7.8405,7.8405,7.8405,7.8405
vllm::maybe_chunk_residual,,,7.786,7.786,0,0,0,0
_C_ascend::npu_add_rms_norm_bias,,,17.54,31.809,0,15.4405,0,0
aten::empty,,,1.263,3.799,0,0,0,0
empty_tensor,,,2.536,2.536,0,0,0,0
aten::empty,,,0.409,2.411,0,0,0,0
empty_tensor,,,2.002,2.002,0,0,0,0
aten::empty,,,0.629,2.117,0,0,0,0
empty_tensor,,,1.488,1.488,0,0,0,0
aten::empty,,,0.502,3.342,0,0,0,0
empty_tensor,,,2.84,2.84,0,0,0,0
aclnnAddRmsNormBias,,,2.6,2.6,15.4405,15.4405,0,0
vllm::unquantized_gemm,,,5.781,17.633,0,22.4605,0,22.4605
aten::linear,,,1.057,11.852,0,22.4605,0,22.4605
aten::t,,,1.173,2.764,0,0,0,0
aten::transpose,,,0.643,1.591,0,0,0,0
aten::as_strided,,,0.948,0.948,0,0,0,0
aten::matmul,,,4.298,8.031,0,22.4605,0,22.4605
empty_tensor,,,1.871,1.871,0,0,0,0
aclnnMatmul,,,1.862,1.862,22.4605,22.4605,22.4605,22.4605
npu::npu_swiglu,,,12.744,16.751,0,14.5805,0,0
empty_tensor,,,2.081,2.081,0,0,0,0
aclnnSwiGlu,,,1.926,1.926,14.5805,14.5805,0,0
vllm::unquantized_gemm,,,4.971,16.319,0,21.961,0,21.961
aten::linear,,,1.869,11.348,0,21.961,0,21.961
aten::t,,,0.855,2.245,0,0,0,0
aten::transpose,,,0.69,1.39,0,0,0,0
aten::as_strided,,,0.7,0.7,0,0,0,0
aten::matmul,,,3.521,7.234,0,21.961,0,21.961
empty_tensor,,,1.773,1.773,0,0,0,0
aclnnMatmul,,,1.94,1.94,21.961,21.961,21.961,21.961
vllm::maybe_chunk_residual,,,6.035,6.035,0,0,0,0
_C_ascend::npu_add_rms_norm_bias,,,10.527,26.431,0,10.6005,0,0
aten::empty,,,0.597,2.314,0,0,0,0
empty_tensor,,,1.717,1.717,0,0,0,0
aten::empty,,,0.4,2.087,0,0,0,0
empty_tensor,,,1.687,1.687,0,0,0,0
aten::empty,,,0.558,2.175,0,0,0,0
empty_tensor,,,1.617,1.617,0,0,0,0
aten::empty,,,0.494,2.593,0,0,0,0
empty_tensor,,,2.099,2.099,0,0,0,0
aclnnAddRmsNormBias,,,6.735,6.735,10.6005,10.6005,0,0
vllm::unquantized_gemm,,,5.999,21.389,0,10.580499999999999,0,9.2205
aten::linear,,,1.772,15.39,0,10.580499999999999,0,9.2205
aten::t,,,0.941,2.305,0,0,0,0
aten::transpose,,,0.444,1.364,0,0,0,0
aten::as_strided,,,0.92,0.92,0,0,0,0
aten::addmm,,,7.631,11.313,0,10.580499999999999,0,9.2205
empty_tensor,,,1.612,1.612,0,0,0,0
aclnnAddmm,,,2.07,2.07,10.580499999999999,10.580499999999999,9.2205,9.2205
aten::split_with_sizes,,,2.117,4.223,0,0,0,0
aten::as_strided,,,0.93,0.93,0,0,0,0
aten::as_strided,,,0.593,0.593,0,0,0,0
aten::as_strided,,,0.583,0.583,0,0,0,0
vllm::npu_rotary_embedding,,,319.946,347.66,0,18.8605,0,0
aten::view,,,1.436,1.436,0,0,0,0
aten::view,,,0.705,0.705,0,0,0,0
aten::contiguous,,,1.786,11.154,0,2.78,0,0
aten::clone,,,1.608,9.368,0,2.78,0,0
empty_tensor,,,1.789,1.789,0,0,0,0
aten::copy_,,,4.194,5.971,0,2.78,0,0
aclnnInplaceCopy,,,1.777,1.777,2.78,2.78,0,0
aten::contiguous,,,0.604,7.883,0,2.76,0,0
aten::clone,,,0.983,7.279,0,2.76,0,0
empty_tensor,,,1.86,1.86,0,0,0,0
aten::copy_,,,2.656,4.436,0,2.76,0,0
aclnnInplaceCopy,,,1.78,1.78,2.76,2.76,0,0
_triton_rope,,,4.171,4.171,13.3205,13.3205,0,0
aten::view,,,1.35,1.35,0,0,0,0
aten::view,,,1.015,1.015,0,0,0,0
aten::empty,,,0.824,3.663,0,0,0,0
empty_tensor,,,2.839,2.839,0,0,0,0
aten::view,,,0.98,0.98,0,0,0,0
aten::view,,,0.833,0.833,0,0,0,0
aten::view,,,0.765,0.765,0,0,0,0
aten::view,,,0.966,0.966,0,0,0,0
vllm::unified_attention_with_output,,,186.312,1239.679,0,46.402,0,0
P12/A/0069/attention,,,501.369,1053.367,0,46.402,0,0
aten::slice,,,2.292,4.36,0,0,0,0
aten::as_strided,,,2.068,2.068,0,0,0,0
aten::slice,,,0.592,1.504,0,0,0,0
aten::as_strided,,,0.912,0.912,0,0,0,0
aten::slice,,,3.502,4.59,0,0,0,0
aten::as_strided,,,1.088,1.088,0,0,0,0
P12/A/0070/cache_write,,,154.488,199.611,0,11.6205,0,0
atb::_npu_reshape_and_cache,,,23.94,45.123,0,11.6205,0,0
aten::contiguous,,,1.276,19.308,0,2.86,0,0
aten::clone,,,1.935,18.032,0,2.86,0,0
empty_tensor,,,4.544,4.544,0,0,0,0
aten::copy_,,,7.855,11.553,0,2.86,0,0
aclnnInplaceCopy,,,3.698,3.698,2.86,2.86,0,0
ReshapeCacheOperation,,,1.875,1.875,8.7605,8.7605,0,0
P12/A/0071/fia,,,227.743,329.664,0,34.7815,0,0
aten::slice,,,1.588,2.932,0,0,0,0
aten::as_strided,,,1.344,1.344,0,0,0,0
aten::slice,,,0.364,0.823,0,0,0,0
aten::as_strided,,,0.459,0.459,0,0,0,0
aten::slice,,,0.377,1.037,0,0,0,0
aten::as_strided,,,0.66,0.66,0,0,0,0
npu::npu_fused_infer_attention_score,,,64.568,73.036,0,33.781,0,0
empty_tensor,,,3.544,3.544,0,0,0,0
empty_tensor,,,0.845,0.845,0,0,0,0
empty_tensor,,,0.698,0.698,0,0,0,0
empty_tensor,,,0.62,0.62,0,0,0,0
aclnnFusedInferAttentionScoreV3,,,2.761,2.761,33.781,33.781,0,0
aten::view,,,1.288,1.288,0,0,0,0
aten::slice,,,0.486,1.142,0,0,0,0
aten::as_strided,,,0.656,0.656,0,0,0,0
aten::copy_,,,11.371,21.663,0,1.0005,0,0
aclnnInplaceCopy,,,10.292,10.292,1.0005,1.0005,0,0
aten::slice,,,0.715,1.398,0,0,0,0
aten::as_strided,,,0.683,0.683,0,0,0,0
aten::copy_,,,8.912,10.871,0,0,0,0
aclnnInplaceCopy,,,1.959,1.959,0,0,0,0
aten::view,,,1.231,1.231,0,0,0,0
vllm::unquantized_gemm,,,7.879,26.426,0,7.4005,0,7.4005
aten::linear,,,1.794,18.547,0,7.4005,0,7.4005
aten::t,,,3.495,5.586,0,0,0,0
aten::transpose,,,1.183,2.091,0,0,0,0
aten::as_strided,,,0.908,0.908,0,0,0,0
aten::matmul,,,6.307,11.167,0,7.4005,0,7.4005
empty_tensor,,,2.785,2.785,0,0,0,0
aclnnMatmul,,,2.075,2.075,7.4005,7.4005,7.4005,7.4005
vllm::maybe_chunk_residual,,,5.24,5.24,0,0,0,0
_C_ascend::npu_add_rms_norm_bias,,,13.556,23.31,0,14.7205,0,0
aten::empty,,,1.043,2.965,0,0,0,0
empty_tensor,,,1.922,1.922,0,0,0,0
aten::empty,,,0.229,1.567,0,0,0,0
empty_tensor,,,1.338,1.338,0,0,0,0
aten::empty,,,0.326,0.958,0,0,0,0
empty_tensor,,,0.632,0.632,0,0,0,0
aten::empty,,,0.339,2.267,0,0,0,0
empty_tensor,,,1.928,1.928,0,0,0,0
aclnnAddRmsNormBias,,,1.997,1.997,14.7205,14.7205,0,0
vllm::unquantized_gemm,,,3.794,12.28,0,23.561,0,23.561
aten::linear,,,0.712,8.486,0,23.561,0,23.561
aten::t,,,0.884,2.145,0,0,0,0
aten::transpose,,,0.456,1.261,0,0,0,0
aten::as_strided,,,0.805,0.805,0,0,0,0
aten::matmul,,,2.899,5.629,0,23.561,0,23.561
empty_tensor,,,1.329,1.329,0,0,0,0
aclnnMatmul,,,1.401,1.401,23.561,23.561,23.561,23.561
npu::npu_swiglu,,,9.551,12.373,0,14.961,0,0
empty_tensor,,,1.162,1.162,0,0,0,0
aclnnSwiGlu,,,1.66,1.66,14.961,14.961,0,0
vllm::unquantized_gemm,,,3.379,12.418,0,22.481,0,22.481
aten::linear,,,0.531,9.039,0,22.481,0,22.481
aten::t,,,0.612,1.539,0,0,0,0
aten::transpose,,,0.487,0.927,0,0,0,0
aten::as_strided,,,0.44,0.44,0,0,0,0
aten::matmul,,,4.291,6.969,0,22.481,0,22.481
empty_tensor,,,1.404,1.404,0,0,0,0
aclnnMatmul,,,1.274,1.274,22.481,22.481,22.481,22.481
vllm::maybe_chunk_residual,,,3.907,3.907,0,0,0,0
_C_ascend::npu_add_rms_norm_bias,,,8.257,18.964,0,10.7205,0,0
aten::empty,,,0.375,1.703,0,0,0,0
empty_tensor,,,1.328,1.328,0,0,0,0
aten::empty,,,0.225,1.089,0,0,0,0
empty_tensor,,,0.864,0.864,0,0,0,0
aten::empty,,,0.396,1.265,0,0,0,0
empty_tensor,,,0.869,0.869,0,0,0,0
aten::empty,,,0.304,1.58,0,0,0,0
empty_tensor,,,1.276,1.276,0,0,0,0
aclnnAddRmsNormBias,,,5.07,5.07,10.7205,10.7205,0,0
vllm::unquantized_gemm,,,4.183,14.914,0,10.1205,0,8.8405
aten::linear,,,1.099,10.731,0,10.1205,0,8.8405
aten::t,,,0.733,1.661,0,0,0,0
aten::transpose,,,0.359,0.928,0,0,0,0
aten::as_strided,,,0.569,0.569,0,0,0,0
aten::addmm,,,5.261,7.971,0,10.1205,0,8.8405
empty_tensor,,,1.264,1.264,0,0,0,0
aclnnAddmm,,,1.446,1.446,10.1205,10.1205,8.8405,8.8405
aten::split_with_sizes,,,1.607,3.201,0,0,0,0
aten::as_strided,,,0.701,0.701,0,0,0,0
aten::as_strided,,,0.434,0.434,0,0,0,0
aten::as_strided,,,0.459,0.459,0,0,0,0
vllm::npu_rotary_embedding,,,212.403,231.678,0,19.5205,0,0
aten::view,,,0.985,0.985,0,0,0,0
aten::view,,,0.525,0.525,0,0,0,0
aten::contiguous,,,0.908,9.157,0,2.74,0,0
aten::clone,,,1.088,8.249,0,2.74,0,0
empty_tensor,,,1.273,1.273,0,0,0,0
aten::copy_,,,3.059,5.888,0,2.74,0,0
aclnnInplaceCopy,,,2.829,2.829,2.74,2.74,0,0
aten::contiguous,,,0.48,4.287,0,2.76,0,0
aten::clone,,,0.515,3.807,0,2.76,0,0
empty_tensor,,,0.911,0.911,0,0,0,0
aten::copy_,,,1.557,2.381,0,2.76,0,0
aclnnInplaceCopy,,,0.824,0.824,2.76,2.76,0,0
_triton_rope,,,2.842,2.842,14.0205,14.0205,0,0
aten::view,,,1.005,1.005,0,0,0,0
aten::view,,,0.474,0.474,0,0,0,0
aten::empty,,,0.529,2.35,0,0,0,0
empty_tensor,,,1.821,1.821,0,0,0,0
aten::view,,,0.687,0.687,0,0,0,0
aten::view,,,0.427,0.427,0,0,0,0
aten::view,,,0.436,0.436,0,0,0,0
aten::view,,,0.54,0.54,0,0,0,0
vllm::unified_attention_with_output,,,147.171,1065.538,0,43.722,0,0
P12/A/0072/attention,,,407.93,918.367,0,43.722,0,0
aten::slice,,,1.631,2.94,0,0,0,0
aten::as_strided,,,1.309,1.309,0,0,0,0
aten::slice,,,0.502,1.235,0,0,0,0
aten::as_strided,,,0.733,0.733,0,0,0,0
aten::slice,,,2.517,3.289,0,0,0,0
aten::as_strided,,,0.772,0.772,0,0,0,0
P12/A/0073/cache_write,,,113.548,148.725,0,12.12,0,0
atb::_npu_reshape_and_cache,,,18.87,35.177,0,12.12,0,0
aten::contiguous,,,1.152,14.573,0,3.26,0,0
aten::clone,,,1.482,13.421,0,3.26,0,0
empty_tensor,,,4.814,4.814,0,0,0,0
aten::copy_,,,4.737,7.125,0,3.26,0,0
aclnnInplaceCopy,,,2.388,2.388,3.26,3.26,0,0
ReshapeCacheOperation,,,1.734,1.734,8.86,8.86,0,0
P12/A/0074/fia,,,238.272,342.211,0,31.602,0,0
aten::slice,,,1.234,2.304,0,0,0,0
aten::as_strided,,,1.07,1.07,0,0,0,0
aten::slice,,,0.601,0.94,0,0,0,0
aten::as_strided,,,0.339,0.339,0,0,0,0
aten::slice,,,0.24,0.698,0,0,0,0
aten::as_strided,,,0.458,0.458,0,0,0,0
npu::npu_fused_infer_attention_score,,,64.107,73.95,0,30.602,0,0
empty_tensor,,,3.157,3.157,0,0,0,0
empty_tensor,,,1.095,1.095,0,0,0,0
empty_tensor,,,1.01,1.01,0,0,0,0
empty_tensor,,,0.953,0.953,0,0,0,0
aclnnFusedInferAttentionScoreV3,,,3.628,3.628,30.602,30.602,0,0
aten::view,,,1.317,1.317,0,0,0,0
aten::slice,,,0.477,1.12,0,0,0,0
aten::as_strided,,,0.643,0.643,0,0,0,0
aten::copy_,,,11.533,23.61,0,1.0,0,0
aclnnInplaceCopy,,,12.077,12.077,1.0,1.0,0,0
aten::slice,,,0.629,1.428,0,0,0,0
aten::as_strided,,,0.799,0.799,0,0,0,0
aten::copy_,,,8.637,10.609,0,0,0,0
aclnnInplaceCopy,,,1.972,1.972,0,0,0,0
aten::view,,,1.262,1.262,0,0,0,0
vllm::unquantized_gemm,,,7.785,25.887,0,8.14,0,8.14
aten::linear,,,1.897,18.102,0,8.14,0,8.14
aten::t,,,2.501,4.57,0,0,0,0
aten::transpose,,,1.116,2.069,0,0,0,0
aten::as_strided,,,0.953,0.953,0,0,0,0
aten::matmul,,,5.983,11.635,0,8.14,0,8.14
empty_tensor,,,3.834,3.834,0,0,0,0
aclnnMatmul,,,1.818,1.818,8.14,8.14,8.14,8.14
vllm::maybe_chunk_residual,,,5.39,5.39,0,0,0,0
_C_ascend::npu_add_rms_norm_bias,,,13.467,23.764,0,14.941,0,0
aten::empty,,,0.902,2.892,0,0,0,0
empty_tensor,,,1.99,1.99,0,0,0,0
aten::empty,,,0.273,1.31,0,0,0,0
empty_tensor,,,1.037,1.037,0,0,0,0
aten::empty,,,0.429,1.565,0,0,0,0
empty_tensor,,,1.136,1.136,0,0,0,0
aten::empty,,,0.318,2.263,0,0,0,0
empty_tensor,,,1.945,1.945,0,0,0,0
aclnnAddRmsNormBias,,,2.267,2.267,14.941,14.941,0,0
vllm::unquantized_gemm,,,3.966,13.451,0,22.941,0,22.941
aten::linear,,,0.824,9.485,0,22.941,0,22.941
aten::t,,,0.994,2.282,0,0,0,0
aten::transpose,,,0.607,1.288,0,0,0,0
aten::as_strided,,,0.681,0.681,0,0,0,0
aten::matmul,,,3.145,6.379,0,22.941,0,22.941
empty_tensor,,,1.583,1.583,0,0,0,0
aclnnMatmul,,,1.651,1.651,22.941,22.941,22.941,22.941
npu::npu_swiglu,,,9.613,12.199,0,17.001,0,0
empty_tensor,,,1.112,1.112,0,0,0,0
aclnnSwiGlu,,,1.474,1.474,17.001,17.001,0,0
vllm::unquantized_gemm,,,3.511,11.289,0,21.9005,0,21.9005
aten::linear,,,0.663,7.778,0,21.9005,0,21.9005
aten::t,,,0.965,1.858,0,0,0,0
aten::transpose,,,0.378,0.893,0,0,0,0
aten::as_strided,,,0.515,0.515,0,0,0,0
aten::matmul,,,2.399,5.257,0,21.9005,0,21.9005
empty_tensor,,,1.221,1.221,0,0,0,0
aclnnMatmul,,,1.637,1.637,21.9005,21.9005,21.9005,21.9005
vllm::maybe_chunk_residual,,,4.108,4.108,0,0,0,0
_C_ascend::npu_add_rms_norm_bias,,,7.151,18.836,0,10.2805,0,0
aten::empty,,,0.439,1.66,0,0,0,0
empty_tensor,,,1.221,1.221,0,0,0,0
aten::empty,,,0.22,1.488,0,0,0,0
empty_tensor,,,1.268,1.268,0,0,0,0
aten::empty,,,0.199,1.506,0,0,0,0
empty_tensor,,,1.307,1.307,0,0,0,0
aten::empty,,,0.467,1.85,0,0,0,0
empty_tensor,,,1.383,1.383,0,0,0,0
aclnnAddRmsNormBias,,,5.181,5.181,10.2805,10.2805,0,0
vllm::unquantized_gemm,,,5.085,16.713,0,10.4805,0,9.3205
aten::linear,,,1.044,11.628,0,10.4805,0,9.3205
aten::t,,,0.853,1.97,0,0,0,0
aten::transpose,,,0.413,1.117,0,0,0,0
aten::as_strided,,,0.704,0.704,0,0,0,0
aten::addmm,,,5.709,8.614,0,10.4805,0,9.3205
empty_tensor,,,1.321,1.321,0,0,0,0
aclnnAddmm,,,1.584,1.584,10.4805,10.4805,9.3205,9.3205
aten::split_with_sizes,,,2.05,5.585,0,0,0,0
aten::as_strided,,,2.339,2.339,0,0,0,0
aten::as_strided,,,0.631,0.631,0,0,0,0
aten::as_strided,,,0.565,0.565,0,0,0,0
vllm::npu_rotary_embedding,,,328.582,359.813,0,18.861,0,0
aten::view,,,1.293,1.293,0,0,0,0
aten::view,,,0.665,0.665,0,0,0,0
aten::contiguous,,,1.313,10.767,0,2.8405,0,0
aten::clone,,,1.442,9.454,0,2.8405,0,0
empty_tensor,,,2.03,2.03,0,0,0,0
aten::copy_,,,3.981,5.982,0,2.8405,0,0
aclnnInplaceCopy,,,2.001,2.001,2.8405,2.8405,0,0
aten::contiguous,,,0.523,11.565,0,2.72,0,0
aten::clone,,,0.787,11.042,0,2.72,0,0
empty_tensor,,,1.836,1.836,0,0,0,0
aten::copy_,,,3.175,8.419,0,2.72,0,0
aclnnInplaceCopy,,,5.244,5.244,2.72,2.72,0,0
_triton_rope,,,4.485,4.485,13.3005,13.3005,0,0
aten::view,,,1.525,1.525,0,0,0,0
aten::view,,,0.931,0.931,0,0,0,0
aten::empty,,,0.948,3.272,0,0,0,0
empty_tensor,,,2.324,2.324,0,0,0,0
aten::view,,,0.919,0.919,0,0,0,0
aten::view,,,0.928,0.928,0,0,0,0
aten::view,,,1.183,1.183,0,0,0,0
aten::view,,,1.149,1.149,0,0,0,0
vllm::unified_attention_with_output,,,217.852,1503.255,0,46.2615,0,0
P12/A/0075/attention,,,593.041,1285.403,0,46.2615,0,0
aten::slice,,,2.248,4.135,0,0,0,0
aten::as_strided,,,1.887,1.887,0,0,0,0
aten::slice,,,0.701,1.573,0,0,0,0
aten::as_strided,,,0.872,0.872,0,0,0,0
aten::slice,,,3.683,4.625,0,0,0,0
aten::as_strided,,,0.942,0.942,0,0,0,0
P12/A/0076/cache_write,,,161.156,210.024,0,11.6205,0,0
atb::_npu_reshape_and_cache,,,24.294,48.868,0,11.6205,0,0
aten::contiguous,,,1.256,22.403,0,2.78,0,0
aten::clone,,,2.386,21.147,0,2.78,0,0
empty_tensor,,,4.865,4.865,0,0,0,0
aten::copy_,,,9.461,13.896,0,2.78,0,0
aclnnInplaceCopy,,,4.435,4.435,2.78,2.78,0,0
ReshapeCacheOperation,,,2.171,2.171,8.8405,8.8405,0,0
P12/A/0077/fia,,,323.612,455.07,0,34.641,0,0
aten::slice,,,2.022,4.767,0,0,0,0
aten::as_strided,,,2.745,2.745,0,0,0,0
aten::slice,,,0.759,1.511,0,0,0,0
aten::as_strided,,,0.752,0.752,0,0,0,0
aten::slice,,,0.426,1.386,0,0,0,0
aten::as_strided,,,0.96,0.96,0,0,0,0
npu::npu_fused_infer_attention_score,,,78.966,92.643,0,33.621,0,0
empty_tensor,,,4.727,4.727,0,0,0,0
empty_tensor,,,1.902,1.902,0,0,0,0
empty_tensor,,,1.405,1.405,0,0,0,0
empty_tensor,,,1.403,1.403,0,0,0,0
aclnnFusedInferAttentionScoreV3,,,4.24,4.24,33.621,33.621,0,0
aten::view,,,1.842,1.842,0,0,0,0
aten::slice,,,0.643,1.854,0,0,0,0
aten::as_strided,,,1.211,1.211,0,0,0,0
aten::copy_,,,15.433,27.455,0,1.02,0,0
aclnnInplaceCopy,,,12.022,12.022,1.02,1.02,0,0
aten::slice,,,0.898,1.894,0,0,0,0
aten::as_strided,,,0.996,0.996,0,0,0,0
aten::copy_,,,12.52,15.041,0,0,0,0
aclnnInplaceCopy,,,2.521,2.521,0,0,0,0
aten::view,,,1.949,1.949,0,0,0,0
vllm::unquantized_gemm,,,10.436,34.921,0,8.04,0,8.04
aten::linear,,,2.268,24.485,0,8.04,0,8.04
aten::t,,,3.387,6.59,0,0,0,0
aten::transpose,,,1.506,3.203,0,0,0,0
aten::as_strided,,,1.697,1.697,0,0,0,0
aten::matmul,,,8.063,15.627,0,8.04,0,8.04
empty_tensor,,,4.702,4.702,0,0,0,0
aclnnMatmul,,,2.862,2.862,8.04,8.04,8.04,8.04
vllm::maybe_chunk_residual,,,8.031,8.031,0,0,0,0
_C_ascend::npu_add_rms_norm_bias,,,18.587,33.433,0,15.2405,0,0
aten::empty,,,1.198,3.754,0,0,0,0
empty_tensor,,,2.556,2.556,0,0,0,0
aten::empty,,,0.42,2.164,0,0,0,0
empty_tensor,,,1.744,1.744,0,0,0,0
aten::empty,,,1.606,2.995,0,0,0,0
empty_tensor,,,1.389,1.389,0,0,0,0
aten::empty,,,0.537,3.077,0,0,0,0
empty_tensor,,,2.54,2.54,0,0,0,0
aclnnAddRmsNormBias,,,2.856,2.856,15.2405,15.2405,0,0
vllm::unquantized_gemm,,,5.672,17.944,0,23.121,0,23.121
aten::linear,,,1.153,12.272,0,23.121,0,23.121
aten::t,,,1.284,3.134,0,0,0,0
aten::transpose,,,0.65,1.85,0,0,0,0
aten::as_strided,,,1.2,1.2,0,0,0,0
aten::matmul,,,4.041,7.985,0,23.121,0,23.121
empty_tensor,,,1.8,1.8,0,0,0,0
aclnnMatmul,,,2.144,2.144,23.121,23.121,23.121,23.121
npu::npu_swiglu,,,12.306,15.985,0,14.5405,0,0
empty_tensor,,,1.475,1.475,0,0,0,0
aclnnSwiGlu,,,2.204,2.204,14.5405,14.5405,0,0
vllm::unquantized_gemm,,,4.638,14.43,0,21.6805,0,21.6805
aten::linear,,,1.441,9.792,0,21.6805,0,21.6805
aten::t,,,0.771,1.901,0,0,0,0
aten::transpose,,,0.525,1.13,0,0,0,0
aten::as_strided,,,0.605,0.605,0,0,0,0
aten::matmul,,,2.822,6.45,0,21.6805,0,21.6805
empty_tensor,,,1.744,1.744,0,0,0,0
aclnnMatmul,,,1.884,1.884,21.6805,21.6805,21.6805,21.6805
vllm::maybe_chunk_residual,,,6.298,6.298,0,0,0,0
_C_ascend::npu_add_rms_norm_bias,,,9.912,26.239,0,10.8805,0,0
aten::empty,,,0.565,2.325,0,0,0,0
empty_tensor,,,1.76,1.76,0,0,0,0
aten::empty,,,0.389,2.326,0,0,0,0
empty_tensor,,,1.937,1.937,0,0,0,0
aten::empty,,,0.575,1.748,0,0,0,0
empty_tensor,,,1.173,1.173,0,0,0,0
aten::empty,,,0.445,2.825,0,0,0,0
empty_tensor,,,2.38,2.38,0,0,0,0
aclnnAddRmsNormBias,,,7.103,7.103,10.8805,10.8805,0,0
vllm::unquantized_gemm,,,6.115,20.255,0,10.9005,0,9.6405
aten::linear,,,1.446,14.14,0,10.9005,0,9.6405
aten::t,,,0.871,2.3,0,0,0,0
aten::transpose,,,0.554,1.429,0,0,0,0
aten::as_strided,,,0.875,0.875,0,0,0,0
aten::addmm,,,6.879,10.394,0,10.9005,0,9.6405
empty_tensor,,,1.642,1.642,0,0,0,0
aclnnAddmm,,,1.873,1.873,10.9005,10.9005,9.6405,9.6405
aten::split_with_sizes,,,2.27,4.354,0,0,0,0
aten::as_strided,,,0.828,0.828,0,0,0,0
aten::as_strided,,,0.576,0.576,0,0,0,0
aten::as_strided,,,0.68,0.68,0,0,0,0
vllm::npu_rotary_embedding,,,270.397,295.842,0,19.941,0,0
aten::view,,,1.462,1.462,0,0,0,0
aten::view,,,0.864,0.864,0,0,0,0
aten::contiguous,,,1.234,10.505,0,2.8,0,0
aten::clone,,,1.48,9.271,0,2.8,0,0
empty_tensor,,,1.688,1.688,0,0,0,0
aten::copy_,,,4.001,6.103,0,2.8,0,0
aclnnInplaceCopy,,,2.102,2.102,2.8,2.8,0,0
aten::contiguous,,,0.675,7.523,0,2.78,0,0
aten::clone,,,0.696,6.848,0,2.78,0,0
empty_tensor,,,1.742,1.742,0,0,0,0
aten::copy_,,,2.612,4.41,0,2.78,0,0
aclnnInplaceCopy,,,1.798,1.798,2.78,2.78,0,0
_triton_rope,,,3.541,3.541,14.361,14.361,0,0
aten::view,,,0.938,0.938,0,0,0,0
aten::view,,,0.612,0.612,0,0,0,0
aten::empty,,,1.13,3.015,0,0,0,0
empty_tensor,,,1.885,1.885,0,0,0,0
aten::view,,,0.716,0.716,0,0,0,0
aten::view,,,0.632,0.632,0,0,0,0
aten::view,,,0.61,0.61,0,0,0,0
aten::view,,,0.757,0.757,0,0,0,0
vllm::unified_attention_with_output,,,208.277,1351.042,0,45.423,0,0
P12/A/0078/attention,,,495.081,1142.765,0,45.423,0,0
aten::slice,,,2.461,4.348,0,0,0,0
aten::as_strided,,,1.887,1.887,0,0,0,0
aten::slice,,,0.683,1.561,0,0,0,0
aten::as_strided,,,0.878,0.878,0,0,0,0
aten::slice,,,3.244,4.212,0,0,0,0
aten::as_strided,,,0.968,0.968,0,0,0,0
P12/A/0079/cache_write,,,144.219,186.373,0,11.281,0,0
atb::_npu_reshape_and_cache,,,22.662,42.154,0,11.281,0,0
aten::contiguous,,,1.258,17.548,0,2.7805,0,0
aten::clone,,,2.09,16.29,0,2.7805,0,0
empty_tensor,,,4.049,4.049,0,0,0,0
aten::copy_,,,7.271,10.151,0,2.7805,0,0
aclnnInplaceCopy,,,2.88,2.88,2.7805,2.7805,0,0
ReshapeCacheOperation,,,1.944,1.944,8.5005,8.5005,0,0
P12/A/0080/fia,,,310.459,438.102,0,34.142,0,0
aten::slice,,,1.557,3.188,0,0,0,0
aten::as_strided,,,1.631,1.631,0,0,0,0
aten::slice,,,0.653,1.423,0,0,0,0
aten::as_strided,,,0.77,0.77,0,0,0,0
aten::slice,,,0.45,1.186,0,0,0,0
aten::as_strided,,,0.736,0.736,0,0,0,0
npu::npu_fused_infer_attention_score,,,76.698,90.477,0,33.122,0,0
empty_tensor,,,4.104,4.104,0,0,0,0
empty_tensor,,,1.986,1.986,0,0,0,0
empty_tensor,,,1.326,1.326,0,0,0,0
empty_tensor,,,0.98,0.98,0,0,0,0
aclnnFusedInferAttentionScoreV3,,,5.383,5.383,33.122,33.122,0,0
aten::view,,,1.642,1.642,0,0,0,0
aten::slice,,,0.736,1.803,0,0,0,0
aten::as_strided,,,1.067,1.067,0,0,0,0
aten::copy_,,,14.451,27.924,0,1.02,0,0
aclnnInplaceCopy,,,13.473,13.473,1.02,1.02,0,0
aten::slice,,,0.757,1.48,0,0,0,0
aten::as_strided,,,0.723,0.723,0,0,0,0
aten::copy_,,,9.69,11.608,0,0,0,0
aclnnInplaceCopy,,,1.918,1.918,0,0,0,0
aten::view,,,1.794,1.794,0,0,0,0
vllm::unquantized_gemm,,,9.82,33.358,0,7.88,0,7.88
aten::linear,,,2.119,23.538,0,7.88,0,7.88
aten::t,,,3.42,6.636,0,0,0,0
aten::transpose,,,1.699,3.216,0,0,0,0
aten::as_strided,,,1.517,1.517,0,0,0,0
aten::matmul,,,7.988,14.783,0,7.88,0,7.88
empty_tensor,,,4.008,4.008,0,0,0,0
aclnnMatmul,,,2.787,2.787,7.88,7.88,7.88,7.88
vllm::maybe_chunk_residual,,,8.01,8.01,0,0,0,0
_C_ascend::npu_add_rms_norm_bias,,,17.822,34.985,0,15.3405,0,0
aten::empty,,,1.208,4.0,0,0,0,0
empty_tensor,,,2.792,2.792,0,0,0,0
aten::empty,,,0.412,2.193,0,0,0,0
empty_tensor,,,1.781,1.781,0,0,0,0
aten::empty,,,0.6,2.12,0,0,0,0
empty_tensor,,,1.52,1.52,0,0,0,0
aten::empty,,,0.483,5.897,0,0,0,0
empty_tensor,,,5.414,5.414,0,0,0,0
aclnnAddRmsNormBias,,,2.953,2.953,15.3405,15.3405,0,0
vllm::unquantized_gemm,,,6.066,19.065,0,23.821,0,23.821
aten::linear,,,1.292,12.999,0,23.821,0,23.821
aten::t,,,1.241,3.171,0,0,0,0
aten::transpose,,,0.782,1.93,0,0,0,0
aten::as_strided,,,1.148,1.148,0,0,0,0
aten::matmul,,,4.427,8.536,0,23.821,0,23.821
empty_tensor,,,2.003,2.003,0,0,0,0
aclnnMatmul,,,2.106,2.106,23.821,23.821,23.821,23.821
npu::npu_swiglu,,,12.705,16.301,0,18.1605,0,0
empty_tensor,,,1.566,1.566,0,0,0,0
aclnnSwiGlu,,,2.03,2.03,18.1605,18.1605,0,0
vllm::unquantized_gemm,,,4.864,15.339,0,22.281,0,22.281
aten::linear,,,0.945,10.475,0,22.281,0,22.281
aten::t,,,1.005,2.518,0,0,0,0
aten::transpose,,,0.708,1.513,0,0,0,0
aten::as_strided,,,0.805,0.805,0,0,0,0
aten::matmul,,,3.312,7.012,0,22.281,0,22.281
empty_tensor,,,1.835,1.835,0,0,0,0
aclnnMatmul,,,1.865,1.865,22.281,22.281,22.281,22.281
vllm::maybe_chunk_residual,,,6.754,6.754,0,0,0,0
_C_ascend::npu_add_rms_norm_bias,,,10.325,45.925,0,12.5405,0,0
aten::empty,,,0.623,2.383,0,0,0,0
empty_tensor,,,1.76,1.76,0,0,0,0
aten::empty,,,0.333,1.584,0,0,0,0
empty_tensor,,,1.251,1.251,0,0,0,0
aten::empty,,,0.409,2.061,0,0,0,0
empty_tensor,,,1.652,1.652,0,0,0,0
aten::empty,,,0.714,2.625,0,0,0,0
empty_tensor,,,1.911,1.911,0,0,0,0
aclnnAddRmsNormBias,,,26.947,26.947,12.5405,12.5405,0,0
vllm::unquantized_gemm,,,6.039,22.764,0,10.740499999999999,0,9.5405
aten::linear,,,1.599,16.725,0,10.740499999999999,0,9.5405
aten::t,,,0.857,3.218,0,0,0,0
aten::transpose,,,0.604,2.361,0,0,0,0
aten::as_strided,,,1.757,1.757,0,0,0,0
aten::addmm,,,7.664,11.908,0,10.740499999999999,0,9.5405
empty_tensor,,,2.01,2.01,0,0,0,0
aclnnAddmm,,,2.234,2.234,10.740499999999999,10.740499999999999,9.5405,9.5405
aten::split_with_sizes,,,2.193,4.258,0,0,0,0
aten::as_strided,,,0.982,0.982,0,0,0,0
aten::as_strided,,,0.512,0.512,0,0,0,0
aten::as_strided,,,0.571,0.571,0,0,0,0
vllm::npu_rotary_embedding,,,331.342,359.042,0,18.701,0,0
aten::view,,,1.542,1.542,0,0,0,0
aten::view,,,0.749,0.749,0,0,0,0
aten::contiguous,,,1.24,11.022,0,2.8,0,0
aten::clone,,,1.675,9.782,0,2.8,0,0
empty_tensor,,,1.823,1.823,0,0,0,0
aten::copy_,,,4.242,6.284,0,2.8,0,0
aclnnInplaceCopy,,,2.042,2.042,2.8,2.8,0,0
aten::contiguous,,,0.55,7.552,0,2.7605,0,0
aten::clone,,,0.844,7.002,0,2.7605,0,0
empty_tensor,,,1.742,1.742,0,0,0,0
aten::copy_,,,2.629,4.416,0,2.7605,0,0
aclnnInplaceCopy,,,1.787,1.787,2.7605,2.7605,0,0
_triton_rope,,,4.27,4.27,13.1405,13.1405,0,0
aten::view,,,1.56,1.56,0,0,0,0
aten::view,,,1.005,1.005,0,0,0,0
aten::empty,,,0.827,3.411,0,0,0,0
empty_tensor,,,2.584,2.584,0,0,0,0
aten::view,,,1.02,1.02,0,0,0,0
aten::view,,,0.758,0.758,0,0,0,0
aten::view,,,1.481,1.481,0,0,0,0
aten::view,,,1.264,1.264,0,0,0,0
vllm::unified_attention_with_output,,,214.822,1388.447,0,46.582,0,0
P12/A/0081/attention,,,540.819,1173.625,0,46.582,0,0
aten::slice,,,1.922,3.646,0,0,0,0
aten::as_strided,,,1.724,1.724,0,0,0,0
aten::slice,,,0.372,0.802,0,0,0,0
aten::as_strided,,,0.43,0.43,0,0,0,0
aten::slice,,,2.977,3.616,0,0,0,0
aten::as_strided,,,0.639,0.639,0,0,0,0
P12/A/0082/cache_write,,,133.762,181.018,0,11.700500000000002,0,0
atb::_npu_reshape_and_cache,,,24.315,47.256,0,11.700500000000002,0,0
aten::contiguous,,,1.28,20.953,0,2.9005,0,0
aten::clone,,,2.085,19.673,0,2.9005,0,0
empty_tensor,,,4.079,4.079,0,0,0,0
aten::copy_,,,7.29,13.509,0,2.9005,0,0
aclnnInplaceCopy,,,6.219,6.219,2.9005,2.9005,0,0
ReshapeCacheOperation,,,1.988,1.988,8.8,8.8,0,0
P12/A/0083/fia,,,300.327,427.261,0,34.881499999999996,0,0
aten::slice,,,1.489,3.104,0,0,0,0
aten::as_strided,,,1.615,1.615,0,0,0,0
aten::slice,,,0.548,1.067,0,0,0,0
aten::as_strided,,,0.519,0.519,0,0,0,0
aten::slice,,,0.242,0.828,0,0,0,0
aten::as_strided,,,0.586,0.586,0,0,0,0
npu::npu_fused_infer_attention_score,,,77.269,90.385,0,33.8615,0,0
empty_tensor,,,4.559,4.559,0,0,0,0
empty_tensor,,,1.863,1.863,0,0,0,0
empty_tensor,,,2.152,2.152,0,0,0,0
empty_tensor,,,0.94,0.94,0,0,0,0
aclnnFusedInferAttentionScoreV3,,,3.602,3.602,33.8615,33.8615,0,0
aten::view,,,2.015,2.015,0,0,0,0
aten::slice,,,0.801,1.719,0,0,0,0
aten::as_strided,,,0.918,0.918,0,0,0,0
aten::copy_,,,14.726,27.816,0,1.02,0,0
aclnnInplaceCopy,,,13.09,13.09,1.02,1.02,0,0
aten::slice,,,1.005,1.861,0,0,0,0
aten::as_strided,,,0.856,0.856,0,0,0,0
aten::copy_,,,11.704,14.602,0,0,0,0
aclnnInplaceCopy,,,2.898,2.898,0,0,0,0
aten::view,,,1.838,1.838,0,0,0,0
vllm::unquantized_gemm,,,9.832,33.141,0,7.9005,0,7.9005
aten::linear,,,2.236,23.309,0,7.9005,0,7.9005
aten::t,,,3.33,5.861,0,0,0,0
aten::transpose,,,1.292,2.531,0,0,0,0
aten::as_strided,,,1.239,1.239,0,0,0,0
aten::matmul,,,8.313,15.212,0,7.9005,0,7.9005
empty_tensor,,,4.317,4.317,0,0,0,0
aclnnMatmul,,,2.582,2.582,7.9005,7.9005,7.9005,7.9005
vllm::maybe_chunk_residual,,,7.933,7.933,0,0,0,0
_C_ascend::npu_add_rms_norm_bias,,,17.481,31.563,0,15.3005,0,0
aten::empty,,,1.198,3.902,0,0,0,0
empty_tensor,,,2.704,2.704,0,0,0,0
aten::empty,,,0.418,2.55,0,0,0,0
empty_tensor,,,2.132,2.132,0,0,0,0
aten::empty,,,0.507,1.784,0,0,0,0
empty_tensor,,,1.277,1.277,0,0,0,0
aten::empty,,,0.561,3.137,0,0,0,0
empty_tensor,,,2.576,2.576,0,0,0,0
aclnnAddRmsNormBias,,,2.709,2.709,15.3005,15.3005,0,0
vllm::unquantized_gemm,,,5.668,20.176,0,23.2405,0,23.2405
aten::linear,,,1.262,14.508,0,23.2405,0,23.2405
aten::t,,,1.507,3.258,0,0,0,0
aten::transpose,,,0.703,1.751,0,0,0,0
aten::as_strided,,,1.048,1.048,0,0,0,0
aten::matmul,,,4.286,9.988,0,23.2405,0,23.2405
empty_tensor,,,2.912,2.912,0,0,0,0
aclnnMatmul,,,2.79,2.79,23.2405,23.2405,23.2405,23.2405
npu::npu_swiglu,,,12.352,16.334,0,14.6605,0,0
empty_tensor,,,1.955,1.955,0,0,0,0
aclnnSwiGlu,,,2.027,2.027,14.6605,14.6605,0,0
vllm::unquantized_gemm,,,4.864,15.03,0,22.281,0,22.281
aten::linear,,,0.834,10.166,0,22.281,0,22.281
aten::t,,,0.895,2.483,0,0,0,0
aten::transpose,,,0.545,1.588,0,0,0,0
aten::as_strided,,,1.043,1.043,0,0,0,0
aten::matmul,,,3.116,6.849,0,22.281,0,22.281
empty_tensor,,,1.92,1.92,0,0,0,0
aclnnMatmul,,,1.813,1.813,22.281,22.281,22.281,22.281
vllm::maybe_chunk_residual,,,6.095,6.095,0,0,0,0
_C_ascend::npu_add_rms_norm_bias,,,10.057,25.355,0,10.1205,0,0
aten::empty,,,0.553,2.232,0,0,0,0
empty_tensor,,,1.679,1.679,0,0,0,0
aten::empty,,,0.386,1.845,0,0,0,0
empty_tensor,,,1.459,1.459,0,0,0,0
aten::empty,,,0.482,1.999,0,0,0,0
empty_tensor,,,1.517,1.517,0,0,0,0
aten::empty,,,0.453,2.706,0,0,0,0
empty_tensor,,,2.253,2.253,0,0,0,0
aclnnAddRmsNormBias,,,6.516,6.516,10.1205,10.1205,0,0
vllm::unquantized_gemm,,,5.962,21.165,0,10.4205,0,9.2605
aten::linear,,,1.407,15.203,0,10.4205,0,9.2605
aten::t,,,1.214,2.566,0,0,0,0
aten::transpose,,,0.527,1.352,0,0,0,0
aten::as_strided,,,0.825,0.825,0,0,0,0
aten::addmm,,,7.432,11.23,0,10.4205,0,9.2605
empty_tensor,,,1.934,1.934,0,0,0,0
aclnnAddmm,,,1.864,1.864,10.4205,10.4205,9.2605,9.2605
aten::split_with_sizes,,,2.106,4.152,0,0,0,0
aten::as_strided,,,0.895,0.895,0,0,0,0
aten::as_strided,,,0.552,0.552,0,0,0,0
aten::as_strided,,,0.599,0.599,0,0,0,0
vllm::npu_rotary_embedding,,,319.983,346.72,0,19.8805,0,0
aten::view,,,1.523,1.523,0,0,0,0
aten::view,,,0.632,0.632,0,0,0,0
aten::contiguous,,,1.227,10.704,0,3.28,0,0
aten::clone,,,1.499,9.477,0,3.28,0,0
empty_tensor,,,1.734,1.734,0,0,0,0
aten::copy_,,,4.186,6.244,0,3.28,0,0
aclnnInplaceCopy,,,2.058,2.058,3.28,3.28,0,0
aten::contiguous,,,0.508,7.56,0,2.66,0,0
aten::clone,,,0.988,7.052,0,2.66,0,0
empty_tensor,,,1.58,1.58,0,0,0,0
aten::copy_,,,2.639,4.484,0,2.66,0,0
aclnnInplaceCopy,,,1.845,1.845,2.66,2.66,0,0
_triton_rope,,,3.971,3.971,13.9405,13.9405,0,0
aten::view,,,1.522,1.522,0,0,0,0
aten::view,,,0.825,0.825,0,0,0,0
aten::empty,,,0.876,3.373,0,0,0,0
empty_tensor,,,2.497,2.497,0,0,0,0
aten::view,,,1.179,1.179,0,0,0,0
aten::view,,,0.84,0.84,0,0,0,0
aten::view,,,0.871,0.871,0,0,0,0
aten::view,,,1.008,1.008,0,0,0,0
vllm::unified_attention_with_output,,,186.42,1222.833,0,47.5615,0,0
P12/A/0084/attention,,,485.068,1036.413,0,47.5615,0,0
aten::slice,,,2.979,4.858,0,0,0,0
aten::as_strided,,,1.879,1.879,0,0,0,0
aten::slice,,,0.747,1.753,0,0,0,0
aten::as_strided,,,1.006,1.006,0,0,0,0
aten::slice,,,3.331,4.26,0,0,0,0
aten::as_strided,,,0.929,0.929,0,0,0,0
P12/A/0085/cache_write,,,145.588,189.503,0,16.9005,0,0
atb::_npu_reshape_and_cache,,,21.821,43.915,0,16.9005,0,0
aten::contiguous,,,1.117,18.704,0,2.86,0,0
aten::clone,,,2.041,17.587,0,2.86,0,0
empty_tensor,,,5.013,5.013,0,0,0,0
aten::copy_,,,7.514,10.533,0,2.86,0,0
aclnnInplaceCopy,,,3.019,3.019,2.86,2.86,0,0
ReshapeCacheOperation,,,3.39,3.39,14.0405,14.0405,0,0
P12/A/0086/fia,,,238.237,337.585,0,30.661,0,0
aten::slice,,,1.638,3.217,0,0,0,0
aten::as_strided,,,1.579,1.579,0,0,0,0
aten::slice,,,0.449,0.799,0,0,0,0
aten::as_strided,,,0.35,0.35,0,0,0,0
aten::slice,,,0.263,0.881,0,0,0,0
aten::as_strided,,,0.618,0.618,0,0,0,0
npu::npu_fused_infer_attention_score,,,64.077,73.787,0,29.641,0,0
empty_tensor,,,3.99,3.99,0,0,0,0
empty_tensor,,,1.292,1.292,0,0,0,0
empty_tensor,,,0.676,0.676,0,0,0,0
empty_tensor,,,0.855,0.855,0,0,0,0
aclnnFusedInferAttentionScoreV3,,,2.897,2.897,29.641,29.641,0,0
aten::view,,,1.292,1.292,0,0,0,0
aten::slice,,,2.334,2.913,0,0,0,0
aten::as_strided,,,0.579,0.579,0,0,0,0
aten::copy_,,,11.886,16.459,0,1.02,0,0
aclnnInplaceCopy,,,4.573,4.573,1.02,1.02,0,0
aten::slice,,,0.779,1.597,0,0,0,0
aten::as_strided,,,0.818,0.818,0,0,0,0
aten::copy_,,,9.213,11.789,0,0,0,0
aclnnInplaceCopy,,,2.576,2.576,0,0,0,0
aten::view,,,1.29,1.29,0,0,0,0
vllm::unquantized_gemm,,,7.749,25.911,0,7.8405,0,7.8405
aten::linear,,,1.96,18.162,0,7.8405,0,7.8405
aten::t,,,2.927,5.062,0,0,0,0
aten::transpose,,,1.152,2.135,0,0,0,0
aten::as_strided,,,0.983,0.983,0,0,0,0
aten::matmul,,,6.311,11.14,0,7.8405,0,7.8405
empty_tensor,,,3.03,3.03,0,0,0,0
aclnnMatmul,,,1.799,1.799,7.8405,7.8405,7.8405,7.8405
vllm::maybe_chunk_residual,,,5.537,5.537,0,0,0,0
_C_ascend::npu_add_rms_norm_bias,,,13.618,23.417,0,14.0605,0,0
aten::empty,,,0.995,2.877,0,0,0,0
empty_tensor,,,1.882,1.882,0,0,0,0
aten::empty,,,0.195,1.041,0,0,0,0
empty_tensor,,,0.846,0.846,0,0,0,0
aten::empty,,,0.398,1.27,0,0,0,0
empty_tensor,,,0.872,0.872,0,0,0,0
aten::empty,,,0.329,2.334,0,0,0,0
empty_tensor,,,2.005,2.005,0,0,0,0
aclnnAddRmsNormBias,,,2.277,2.277,14.0605,14.0605,0,0
vllm::unquantized_gemm,,,3.895,13.036,0,23.981,0,23.981
aten::linear,,,0.769,9.141,0,23.981,0,23.981
aten::t,,,0.827,1.972,0,0,0,0
aten::transpose,,,0.446,1.145,0,0,0,0
aten::as_strided,,,0.699,0.699,0,0,0,0
aten::matmul,,,3.093,6.4,0,23.981,0,23.981
empty_tensor,,,1.21,1.21,0,0,0,0
aclnnMatmul,,,2.097,2.097,23.981,23.981,23.981,23.981
npu::npu_swiglu,,,11.848,15.361,0,15.1005,0,0
empty_tensor,,,1.122,1.122,0,0,0,0
aclnnSwiGlu,,,2.391,2.391,15.1005,15.1005,0,0
vllm::unquantized_gemm,,,3.31,11.137,0,22.581,0,22.581
aten::linear,,,0.673,7.827,0,22.581,0,22.581
aten::t,,,0.634,1.494,0,0,0,0
aten::transpose,,,0.34,0.86,0,0,0,0
aten::as_strided,,,0.52,0.52,0,0,0,0
aten::matmul,,,2.341,5.66,0,22.581,0,22.581
empty_tensor,,,1.115,1.115,0,0,0,0
aclnnMatmul,,,2.204,2.204,22.581,22.581,22.581,22.581
vllm::maybe_chunk_residual,,,4.138,4.138,0,0,0,0
_C_ascend::npu_add_rms_norm_bias,,,8.558,19.747,0,11.7205,0,0
aten::empty,,,0.424,1.798,0,0,0,0
empty_tensor,,,1.374,1.374,0,0,0,0
aten::empty,,,0.237,1.415,0,0,0,0
empty_tensor,,,1.178,1.178,0,0,0,0
aten::empty,,,0.336,1.088,0,0,0,0
empty_tensor,,,0.752,0.752,0,0,0,0
aten::empty,,,0.292,1.446,0,0,0,0
empty_tensor,,,1.154,1.154,0,0,0,0
aclnnAddRmsNormBias,,,5.442,5.442,11.7205,11.7205,0,0
aten::index,,,11.775,17.051,0,9.18,0,0
empty_tensor,,,1.309,1.309,0,0,0,0
empty_tensor,,,1.441,1.441,0,0,0,0
aclnnIndex,,,2.526,2.526,9.18,9.18,0,0
aten::linear,,,0.956,10.937,0,239.8695,0,239.8695
aten::t,,,1.078,2.634,0,0,0,0
aten::transpose,,,0.652,1.556,0,0,0,0
aten::as_strided,,,0.904,0.904,0,0,0,0
aten::matmul,,,3.881,7.347,0,239.8695,0,239.8695
empty_tensor,,,1.094,1.094,0,0,0,0
aclnnMatmul,,,2.372,2.372,239.8695,239.8695,239.8695,239.8695
aten::alias,,,2.141,2.141,0,0,0,0
P12/A/0087/sample,,,935.853,1897.379,0,227.50900000000001,0,0
aten::to,,,1.896,22.879,0,9.38,0,0
aten::_to_copy,,,4.44,20.983,0,9.38,0,0
aten::empty,,,1.073,6.198,0,0,0,0
empty_tensor,,,5.125,5.125,0,0,0,0
aten::copy_,,,5.691,10.345,0,9.38,0,0
aclnnInplaceCopy,,,4.654,4.654,9.38,9.38,0,0
aten::lift_fresh,,,0.626,0.626,0,0,0,0
aten::to,,,1.802,1.802,0,0,0,0
aten::pin_memory,,,3.313,38.585,0,0,0,0
aten::is_pinned,,,13.094,13.094,0,0,0,0
aten::_pin_memory,,,8.975,22.178,0,0,0,0
aten::set_,,,3.242,3.242,0,0,0,0
aten::copy_,,,9.961,9.961,0,0,0,0
aten::to,,,0.567,7.066,0,0,0,0
aten::_to_copy,,,2.641,6.499,0,0,0,0
aten::empty_strided,,,2.231,3.407,0,0,0,0
empty_tensor,,,1.176,1.176,0,0,0,0
aten::copy_,,,0.451,0.451,0,0,0,0
aten::eq,,,5.34,9.264,0,0,0,0
empty_tensor,,,1.032,1.032,0,0,0,0
aclnnEqScalar,,,2.892,2.892,0,0,0,0
aten::masked_fill_,,,4.094,5.632,0,0,0,0
aclnnInplaceMaskedFillScalar,,,1.538,1.538,0,0,0,0
aten::zeros,,,3.765,10.595,0,8.9405,0,0
empty_tensor,,,1.62,1.62,0,0,0,0
aten::zero_,,,4.25,5.21,0,8.9405,0,0
aclnnInplaceZero,,,0.96,0.96,8.9405,8.9405,0,0
token_bin_counts_and_mask_kernel,,,3.797,3.797,69.0425,69.0425,0,0
aten::gt,,,6.633,15.734,0,24.461,0,0
empty_tensor,,,1.859,1.859,0,0,0,0
aclnnGtScalar,,,7.242,7.242,24.461,24.461,0,0
aten::zeros,,,0.8,5.125,0,2.4,0,0
empty_tensor,,,1.803,1.803,0,0,0,0
aten::zero_,,,1.561,2.522,0,2.4,0,0
aclnnInplaceZero,,,0.961,0.961,2.4,2.4,0,0
aten::gt,,,2.506,4.256,0,13.5005,0,0
empty_tensor,,,1.056,1.056,0,0,0,0
aclnnGtScalar,,,0.694,0.694,13.5005,13.5005,0,0
apply_all_penalties_kernel,,,3.178,3.178,76.963,76.963,0,0
aten::argmax,,,6.862,24.399,0,19.421,0,0
aten::empty,,,0.559,2.547,0,0,0,0
empty_tensor,,,1.988,1.988,0,0,0,0
aten::argmax,,,10.146,14.99,0,19.421,0,0
aten::reshape,,,1.026,2.544,0,0,0,0
aten::view,,,1.518,1.518,0,0,0,0
aclnnArgMax,,,2.3,2.3,19.421,19.421,0,0
aten::view,,,0.567,0.567,0,0,0,0
aten::to,,,0.325,0.325,0,0,0,0
aten::to,,,0.415,8.038,0,1.28,0,0
aten::_to_copy,,,1.457,7.623,0,1.28,0,0
aten::empty,,,0.257,1.372,0,0,0,0
empty_tensor,,,1.115,1.115,0,0,0,0
aten::copy_,,,3.143,4.794,0,1.28,0,0
aclnnInplaceCopy,,,1.651,1.651,1.28,1.28,0,0
aten::unsqueeze,,,1.634,2.684,0,0,0,0
aten::as_strided,,,1.05,1.05,0,0,0,0
P12/A/0088/to_list,,,180.447,792.043,0,2.1205,0,0
aten::slice,,,4.587,6.932,0,0,0,0
aten::as_strided,,,2.345,2.345,0,0,0,0
aten::copy_,,,12.243,15.152,0,2.1205,0,0
acl_memcpy_device_to_host,,,2.909,2.909,2.1205,2.1205,0,0
Event::record,,,171.684,346.975,0,0.0,0,0
P12/A/0089/event_record,,,169.342,175.291,0,0.0,0,0
record_event,,,5.949,5.949,0.0,0.0,0,0
Event::synchronize,,,154.063,241.355,0,0,0,0
P12/A/0090/native_synchronize,,,87.292,87.292,0,0,0,0
aten::resolve_conj,,,0.932,0.932,0,0,0,0
aten::resolve_neg,,,0.25,0.25,0,0,0,0
aten::slice,,,1.99,4.931,0,0,0,0
aten::as_strided,,,2.941,2.941,0,0,0,0
P12/A/0091/allocate,,,317.324,317.324,0,0,0,0
P12/A/0092/runner,,,4200.259,62871.998,0,2431.399,0,1412.517
P12/A/0093/prepare,,,2091.185,3983.066,0,160.326,0,0
P12/A/0094/buffer_copy,,,156.755,205.064,0,2.76,0,0
aten::slice,,,6.831,11.329,0,0,0,0
aten::as_strided,,,4.498,4.498,0,0,0,0
aten::slice,,,1.468,3.121,0,0,0,0
aten::as_strided,,,1.653,1.653,0,0,0,0
aten::copy_,,,19.969,33.859,0,2.76,0,0
acl_memcpy_host_to_device,,,13.89,13.89,2.76,2.76,0,0
aten::lift_fresh,,,0.666,0.666,0,0,0,0
aten::lift_fresh,,,0.122,0.122,0,0,0,0
aten::flatten,,,2.18,8.272,0,0,0,0
aten::view,,,6.092,6.092,0,0,0,0
aten::slice,,,2.609,3.518,0,0,0,0
aten::as_strided,,,0.909,0.909,0,0,0,0
aten::index_select,,,7.338,7.338,0,0,0,0
P12/A/0095/buffer_copy,,,148.874,167.552,0,2.76,0,0
aten::copy_,,,13.92,18.678,0,2.76,0,0
acl_memcpy_host_to_device,,,4.758,4.758,2.76,2.76,0,0
aten::slice,,,2.48,3.503,0,0,0,0
aten::as_strided,,,1.023,1.023,0,0,0,0
aten::lift_fresh,,,0.29,0.29,0,0,0,0
aten::slice,,,1.27,1.671,0,0,0,0
aten::as_strided,,,0.401,0.401,0,0,0,0
aten::add,,,14.592,14.592,0,0,0,0
aten::slice,,,0.89,1.178,0,0,0,0
aten::as_strided,,,0.288,0.288,0,0,0,0
aten::fill_,,,4.909,4.909,0,0,0,0
aten::slice,,,1.551,3.701,0,0,0,0
aten::as_strided,,,2.15,2.15,0,0,0,0
aten::fill_,,,10.971,14.77,0,1.2,0,0
aclnnInplaceFillScalar,,,3.799,3.799,1.2,1.2,0,0
P12/A/0096/buffer_copy,,,132.857,151.888,0,2.68,0,0
aten::slice,,,3.074,4.485,0,0,0,0
aten::as_strided,,,1.411,1.411,0,0,0,0
aten::slice,,,0.981,1.444,0,0,0,0
aten::as_strided,,,0.463,0.463,0,0,0,0
aten::copy_,,,10.13,13.102,0,2.68,0,0
acl_memcpy_host_to_device,,,2.972,2.972,2.68,2.68,0,0
aten::slice,,,1.702,2.08,0,0,0,0
aten::as_strided,,,0.378,0.378,0,0,0,0
aten::detach,,,3.75,3.75,0,0,0,0
aten::to,,,1.576,1.576,0,0,0,0
aten::resolve_conj,,,0.447,0.447,0,0,0,0
aten::resolve_neg,,,0.271,0.271,0,0,0,0
P12/A/0097/buffer_copy,,,120.405,126.06,0,0,0,0
aten::slice,,,1.968,3.395,0,0,0,0
aten::as_strided,,,1.427,1.427,0,0,0,0
aten::slice,,,0.934,1.307,0,0,0,0
aten::as_strided,,,0.373,0.373,0,0,0,0
aten::copy_,,,0.953,0.953,0,0,0,0
P12/A/0098/buffer_copy,,,109.953,128.519,0,2.66,0,0
aten::slice,,,2.013,3.585,0,0,0,0
aten::as_strided,,,1.572,1.572,0,0,0,0
aten::slice,,,1.32,1.83,0,0,0,0
aten::as_strided,,,0.51,0.51,0,0,0,0
aten::copy_,,,9.62,13.151,0,2.66,0,0
acl_memcpy_host_to_device,,,3.531,3.531,2.66,2.66,0,0
aten::fill_,,,7.535,10.478,0,0.94,0,0
aclnnInplaceFillScalar,,,2.943,2.943,0.94,0.94,0,0
aten::slice,,,1.397,2.485,0,0,0,0
aten::as_strided,,,1.088,1.088,0,0,0,0
aten::slice,,,1.107,1.607,0,0,0,0
aten::as_strided,,,0.5,0.5,0,0,0,0
aten::copy_,,,5.446,7.362,0,2.74,0,0
acl_memcpy_host_to_device,,,1.916,1.916,2.74,2.74,0,0
P12/A/0099/buffer_copy,,,122.626,135.989,0,2.68,0,0
aten::slice,,,2.724,3.797,0,0,0,0
aten::as_strided,,,1.073,1.073,0,0,0,0
aten::slice,,,1.101,1.633,0,0,0,0
aten::as_strided,,,0.532,0.532,0,0,0,0
aten::copy_,,,5.131,7.933,0,2.68,0,0
acl_memcpy_host_to_device,,,2.802,2.802,2.68,2.68,0,0
aten::slice,,,1.264,2.123,0,0,0,0
aten::as_strided,,,0.859,0.859,0,0,0,0
P12/A/0100/buffer_copy,,,114.046,137.969,0,2.66,0,0
aten::slice,,,1.702,2.767,0,0,0,0
aten::as_strided,,,1.065,1.065,0,0,0,0
aten::slice,,,1.206,1.683,0,0,0,0
aten::as_strided,,,0.477,0.477,0,0,0,0
aten::copy_,,,6.898,19.473,0,2.66,0,0
acl_memcpy_host_to_device,,,12.575,12.575,2.66,2.66,0,0
P12/A/0101/buffer_copy,,,107.536,121.182,0,2.94,0,0
aten::slice,,,1.934,3.098,0,0,0,0
aten::as_strided,,,1.164,1.164,0,0,0,0
aten::slice,,,0.903,1.425,0,0,0,0
aten::as_strided,,,0.522,0.522,0,0,0,0
aten::copy_,,,5.728,9.123,0,2.94,0,0
acl_memcpy_host_to_device,,,3.395,3.395,2.94,2.94,0,0
aten::slice,,,1.239,2.132,0,0,0,0
aten::as_strided,,,0.893,0.893,0,0,0,0
aten::index,,,15.959,27.132,0,8.9805,0,0
empty_tensor,,,3.57,3.57,0,0,0,0
empty_tensor,,,4.405,4.405,0,0,0,0
aclnnIndex,,,3.198,3.198,8.9805,8.9805,0,0
aten::to,,,1.68,16.431,0,0.88,0,0
aten::_to_copy,,,3.689,14.751,0,0.88,0,0
aten::empty,,,2.094,4.045,0,0,0,0
empty_tensor,,,1.951,1.951,0,0,0,0
aten::copy_,,,4.37,7.017,0,0.88,0,0
aclnnInplaceCopy,,,2.647,2.647,0.88,0.88,0,0
aten::slice,,,1.234,1.87,0,0,0,0
aten::as_strided,,,0.636,0.636,0,0,0,0
aten::add,,,10.961,15.615,0,2.18,0,0
empty_tensor,,,1.963,1.963,0,0,0,0
aclnnAdd,,,2.691,2.691,2.18,2.18,0,0
aten::slice,,,1.025,2.009,0,0,0,0
aten::as_strided,,,0.984,0.984,0,0,0,0
aten::copy_,,,29.46,31.833,0,0.6005,0,0
aclnnInplaceCopy,,,2.373,2.373,0.6005,0.6005,0,0
aten::slice,,,0.991,1.576,0,0,0,0
aten::as_strided,,,0.585,0.585,0,0,0,0
aten::add,,,4.625,8.23,0,1.5,0,0
empty_tensor,,,1.367,1.367,0,0,0,0
aclnnAdd,,,2.238,2.238,1.5,1.5,0,0
aten::copy_,,,8.933,23.831,0,0.58,0,0
aclnnInplaceCopy,,,14.898,14.898,0.58,0.58,0,0
aten::slice,,,1.155,1.877,0,0,0,0
aten::as_strided,,,0.722,0.722,0,0,0,0
aten::fill_,,,3.849,5.635,0,0,0,0
aclnnInplaceFillScalar,,,1.786,1.786,0,0,0,0
aten::slice,,,1.111,1.994,0,0,0,0
aten::as_strided,,,0.883,0.883,0,0,0,0
aten::slice,,,0.785,1.372,0,0,0,0
aten::as_strided,,,0.587,0.587,0,0,0,0
P12/A/0102/slot_prepare,,,442.525,448.385,0,120.325,0,0
_compute_slot_mapping_kernel,,,5.86,5.86,120.325,120.325,0,0
aten::slice,,,4.047,6.562,0,0,0,0
aten::as_strided,,,2.515,2.515,0,0,0,0
aten::sub,,,13.221,24.465,0,1.26,0,0
empty_tensor,,,4.755,4.755,0,0,0,0
aten::item,,,1.884,3.356,0,0,0,0
aten::_local_scalar_dense,,,1.472,1.472,0,0,0,0
aclnnSubs,,,3.133,3.133,1.26,1.26,0,0
aten::detach,,,2.019,2.019,0,0,0,0
aten::to,,,1.022,1.022,0,0,0,0
aten::resolve_conj,,,0.315,0.315,0,0,0,0
aten::resolve_neg,,,0.101,0.101,0,0,0,0
aten::slice,,,2.776,4.668,0,0,0,0
aten::as_strided,,,1.892,1.892,0,0,0,0
aten::slice,,,0.841,1.818,0,0,0,0
aten::as_strided,,,0.977,0.977,0,0,0,0
aten::slice,,,0.744,1.436,0,0,0,0
aten::as_strided,,,0.692,0.692,0,0,0,0
aten::slice,,,0.913,1.34,0,0,0,0
aten::as_strided,,,0.427,0.427,0,0,0,0
aten::fill_,,,6.614,10.45,0,0,0,0
aclnnInplaceFillScalar,,,3.836,3.836,0,0,0,0
aten::slice,,,0.592,0.979,0,0,0,0
aten::as_strided,,,0.387,0.387,0,0,0,0
aten::fill_,,,1.948,3.448,0,0,0,0
aclnnInplaceFillScalar,,,1.5,1.5,0,0,0,0
aten::slice,,,0.615,0.89,0,0,0,0
aten::as_strided,,,0.275,0.275,0,0,0,0
aten::slice,,,0.558,0.855,0,0,0,0
aten::as_strided,,,0.297,0.297,0,0,0,0
aten::lt,,,9.711,9.711,0,0,0,0
aten::lift_fresh,,,0.591,0.591,0,0,0,0
aten::slice,,,0.325,0.631,0,0,0,0
aten::as_strided,,,0.306,0.306,0,0,0,0
aten::fill_,,,1.431,6.293,0,0,0,0
aten::copy_,,,4.862,4.862,0,0,0,0
aten::slice,,,0.566,0.732,0,0,0,0
aten::as_strided,,,0.166,0.166,0,0,0,0
aten::slice,,,0.541,1.003,0,0,0,0
aten::as_strided,,,0.462,0.462,0,0,0,0
aten::slice,,,0.577,1.364,0,0,0,0
aten::as_strided,,,0.787,0.787,0,0,0,0
aten::slice,,,1.381,1.949,0,0,0,0
aten::as_strided,,,0.568,0.568,0,0,0,0
aten::slice,,,0.434,0.817,0,0,0,0
aten::as_strided,,,0.383,0.383,0,0,0,0
aten::slice,,,0.405,0.656,0,0,0,0
aten::as_strided,,,0.251,0.251,0,0,0,0
aten::slice,,,0.801,1.037,0,0,0,0
aten::as_strided,,,0.236,0.236,0,0,0,0
aten::slice,,,0.601,0.836,0,0,0,0
aten::as_strided,,,0.235,0.235,0,0,0,0
aten::slice,,,0.686,1.161,0,0,0,0
aten::as_strided,,,0.475,0.475,0,0,0,0
aten::pin_memory,,,2.215,13.559,0,0,0,0
aten::is_pinned,,,11.344,11.344,0,0,0,0
aten::to,,,1.252,21.94,0,2.66,0,0
aten::_to_copy,,,3.137,20.688,0,2.66,0,0
aten::empty_strided,,,6.73,9.355,0,0,0,0
empty_tensor,,,2.625,2.625,0,0,0,0
aten::copy_,,,5.218,8.196,0,2.66,0,0
acl_memcpy_host_to_device,,,2.978,2.978,2.66,2.66,0,0
aten::resolve_conj,,,0.16,0.16,0,0,0,0
aten::resolve_neg,,,0.277,0.277,0,0,0,0
aten::slice,,,0.7,0.988,0,0,0,0
aten::as_strided,,,0.288,0.288,0,0,0,0
aten::resolve_conj,,,0.08,0.08,0,0,0,0
aten::resolve_neg,,,0.057,0.057,0,0,0,0
aten::slice,,,0.702,1.201,0,0,0,0
aten::as_strided,,,0.499,0.499,0,0,0,0
aten::slice,,,0.509,0.854,0,0,0,0
aten::as_strided,,,0.345,0.345,0,0,0,0
aten::index_select,,,8.943,17.089,0,2.44,0,0
empty_tensor,,,1.932,1.932,0,0,0,0
aclnnIndexSelect,,,6.214,6.214,2.44,2.44,0,0
aten::view,,,1.398,1.398,0,0,0,0
aten::repeat,,,5.476,8.424,0,1.66,0,0
empty_tensor,,,1.229,1.229,0,0,0,0
aclnnRepeat,,,1.719,1.719,1.66,1.66,0,0
aten::chunk,,,3.2,10.65,0,0,0,0
aten::split,,,2.441,7.45,0,0,0,0
aten::narrow,,,2.814,3.995,0,0,0,0
aten::slice,,,0.402,1.181,0,0,0,0
aten::as_strided,,,0.779,0.779,0,0,0,0
aten::narrow,,,0.387,1.014,0,0,0,0
aten::slice,,,0.252,0.627,0,0,0,0
aten::as_strided,,,0.375,0.375,0,0,0,0
aten::slice,,,0.733,1.486,0,0,0,0
aten::as_strided,,,0.753,0.753,0,0,0,0
aten::view,,,0.559,0.559,0,0,0,0
aten::expand,,,2.548,3.095,0,0,0,0
aten::as_strided,,,0.547,0.547,0,0,0,0
aten::copy_,,,25.216,29.632,0,0.48,0,0
aclnnInplaceCopy,,,4.416,4.416,0.48,0.48,0,0
aten::index_select,,,3.065,5.009,0,2.18,0,0
empty_tensor,,,1.027,1.027,0,0,0,0
aclnnIndexSelect,,,0.917,0.917,2.18,2.18,0,0
aten::view,,,0.7,0.7,0,0,0,0
aten::repeat,,,1.576,3.291,0,1.8005,0,0
empty_tensor,,,0.958,0.958,0,0,0,0
aclnnRepeat,,,0.757,0.757,1.8005,1.8005,0,0
aten::chunk,,,0.501,3.497,0,0,0,0
aten::split,,,0.453,2.996,0,0,0,0
aten::narrow,,,0.557,1.553,0,0,0,0
aten::slice,,,0.386,0.996,0,0,0,0
aten::as_strided,,,0.61,0.61,0,0,0,0
aten::narrow,,,0.311,0.99,0,0,0,0
aten::slice,,,0.266,0.679,0,0,0,0
aten::as_strided,,,0.413,0.413,0,0,0,0
aten::slice,,,0.87,1.36,0,0,0,0
aten::as_strided,,,0.49,0.49,0,0,0,0
aten::view,,,0.285,0.285,0,0,0,0
aten::expand,,,0.306,0.72,0,0,0,0
aten::as_strided,,,0.414,0.414,0,0,0,0
aten::copy_,,,7.952,10.328,0,0.48,0,0
aclnnInplaceCopy,,,2.376,2.376,0.48,0.48,0,0
aten::slice,,,0.571,1.011,0,0,0,0
aten::as_strided,,,0.44,0.44,0,0,0,0
aten::slice,,,0.524,0.823,0,0,0,0
aten::as_strided,,,0.299,0.299,0,0,0,0
P12/A/0103/forward,,,10241.952,54462.774,0,2028.8435,0,1190.928
aten::to,,,1.421,35.032,0,0.9805,0,0
aten::_to_copy,,,4.147,33.611,0,0.9805,0,0
aten::empty,,,2.641,10.431,0,0,0,0
empty_tensor,,,7.79,7.79,0,0,0,0
aten::copy_,,,12.308,19.033,0,0.9805,0,0
aclnnInplaceCopy,,,6.725,6.725,0.9805,0.9805,0,0
aten::embedding,,,9.593,15.727,0,9.2805,0,0
empty_tensor,,,3.396,3.396,0,0,0,0
aclnnEmbedding,,,2.738,2.738,9.2805,9.2805,0,0
vllm::maybe_pad_and_reduce,,,20.96,20.96,0,0,0,0
npu::npu_rms_norm,,,36.989,52.883,0,4.7805,0,0
empty_tensor,,,3.012,3.012,0,0,0,0
empty_tensor,,,1.614,1.614,0,0,0,0
aclnnRmsNorm,,,11.268,11.268,4.7805,4.7805,0,0
vllm::unquantized_gemm,,,10.283,39.107,0,8.5205,0,7.4005
aten::linear,,,3.256,28.824,0,8.5205,0,7.4005
aten::t,,,3.866,9.19,0,0,0,0
aten::transpose,,,2.639,5.324,0,0,0,0
aten::as_strided,,,2.685,2.685,0,0,0,0
aten::addmm,,,10.918,16.378,0,8.5205,0,7.4005
empty_tensor,,,2.515,2.515,0,0,0,0
aclnnAddmm,,,2.945,2.945,8.5205,8.5205,7.4005,7.4005
aten::split_with_sizes,,,2.722,5.218,0,0,0,0
aten::as_strided,,,1.067,1.067,0,0,0,0
aten::as_strided,,,0.805,0.805,0,0,0,0
aten::as_strided,,,0.624,0.624,0,0,0,0
vllm::npu_rotary_embedding,,,352.77,362.388,0,3.06,0,0
aten::view,,,1.642,1.642,0,0,0,0
aten::view,,,0.713,0.713,0,0,0,0
_triton_rope,,,4.798,4.798,3.06,3.06,0,0
aten::view,,,1.594,1.594,0,0,0,0
aten::view,,,0.871,0.871,0,0,0,0
aten::empty,,,1.237,4.058,0,0,0,0
empty_tensor,,,2.821,2.821,0,0,0,0
aten::view,,,0.999,0.999,0,0,0,0
aten::view,,,1.877,1.877,0,0,0,0
aten::view,,,0.735,0.735,0,0,0,0
aten::view,,,0.884,0.884,0,0,0,0
vllm::unified_attention_with_output,,,347.623,1506.545,0,24.1615,0,0
P12/A/0104/attention,,,522.921,1158.922,0,24.1615,0,0
aten::slice,,,2.757,5.112,0,0,0,0
aten::as_strided,,,2.355,2.355,0,0,0,0
aten::slice,,,0.592,1.362,0,0,0,0
aten::as_strided,,,0.77,0.77,0,0,0,0
aten::slice,,,3.558,4.596,0,0,0,0
aten::as_strided,,,1.038,1.038,0,0,0,0
P12/A/0105/cache_write,,,160.033,199.782,0,1.8805,0,0
atb::_npu_reshape_and_cache,,,34.8,39.749,0,1.8805,0,0
ReshapeCacheOperation,,,4.949,4.949,1.8805,1.8805,0,0
P12/A/0106/fia,,,291.422,410.665,0,22.281,0,0
aten::view,,,4.524,4.524,0,0,0,0
aten::view,,,4.649,4.649,0,0,0,0
aten::slice,,,1.724,3.014,0,0,0,0
aten::as_strided,,,1.29,1.29,0,0,0,0
npu::npu_fused_infer_attention_score,,,61.386,77.929,0,21.701,0,0
empty_tensor,,,7.073,7.073,0,0,0,0
empty_tensor,,,2.045,2.045,0,0,0,0
empty_tensor,,,1.345,1.345,0,0,0,0
empty_tensor,,,0.93,0.93,0,0,0,0
aclnnFusedInferAttentionScoreV3,,,5.15,5.15,21.701,21.701,0,0
aten::view,,,1.262,1.262,0,0,0,0
aten::slice,,,0.849,1.86,0,0,0,0
aten::as_strided,,,1.011,1.011,0,0,0,0
aten::copy_,,,24.729,26.005,0,0.58,0,0
aclnnInplaceCopy,,,1.276,1.276,0.58,0.58,0,0
aten::slice,,,0.668,1.49,0,0,0,0
aten::as_strided,,,0.822,0.822,0,0,0,0
aten::copy_,,,10.443,12.994,0,0,0,0
aclnnInplaceCopy,,,2.551,2.551,0,0,0,0
aten::view,,,1.695,1.695,0,0,0,0
vllm::unquantized_gemm,,,10.497,41.319,0,5.9205,0,5.9205
aten::linear,,,2.296,30.822,0,5.9205,0,5.9205
aten::t,,,3.084,6.134,0,0,0,0
aten::transpose,,,1.697,3.05,0,0,0,0
aten::as_strided,,,1.353,1.353,0,0,0,0
aten::matmul,,,10.389,22.392,0,5.9205,0,5.9205
empty_tensor,,,4.492,4.492,0,0,0,0
aclnnMatmul,,,7.511,7.511,5.9205,5.9205,5.9205,5.9205
vllm::maybe_chunk_residual,,,9.049,9.049,0,0,0,0
_C_ascend::npu_add_rms_norm_bias,,,24.655,39.622,0,2.16,0,0
aten::empty,,,1.359,3.858,0,0,0,0
empty_tensor,,,2.499,2.499,0,0,0,0
aten::empty,,,0.509,2.379,0,0,0,0
empty_tensor,,,1.87,1.87,0,0,0,0
aten::empty,,,0.394,1.738,0,0,0,0
empty_tensor,,,1.344,1.344,0,0,0,0
aten::empty,,,0.544,3.094,0,0,0,0
empty_tensor,,,2.55,2.55,0,0,0,0
aclnnAddRmsNormBias,,,3.898,3.898,2.16,2.16,0,0
vllm::unquantized_gemm,,,5.87,19.745,0,19.1405,0,19.1405
aten::linear,,,1.223,13.875,0,19.1405,0,19.1405
aten::t,,,1.562,3.385,0,0,0,0
aten::transpose,,,0.72,1.823,0,0,0,0
aten::as_strided,,,1.103,1.103,0,0,0,0
aten::matmul,,,4.391,9.267,0,19.1405,0,19.1405
empty_tensor,,,1.912,1.912,0,0,0,0
aclnnMatmul,,,2.964,2.964,19.1405,19.1405,19.1405,19.1405
npu::npu_swiglu,,,15.311,22.69,0,4.0805,0,0
empty_tensor,,,2.638,2.638,0,0,0,0
aclnnSwiGlu,,,4.741,4.741,4.0805,4.0805,0,0
vllm::unquantized_gemm,,,5.112,15.97,0,16.6005,0,16.6005
aten::linear,,,0.988,10.858,0,16.6005,0,16.6005
aten::t,,,0.919,2.26,0,0,0,0
aten::transpose,,,0.606,1.341,0,0,0,0
aten::as_strided,,,0.735,0.735,0,0,0,0
aten::matmul,,,3.375,7.61,0,16.6005,0,16.6005
empty_tensor,,,1.615,1.615,0,0,0,0
aclnnMatmul,,,2.62,2.62,16.6005,16.6005,16.6005,16.6005
vllm::maybe_chunk_residual,,,8.246,8.246,0,0,0,0
_C_ascend::npu_add_rms_norm_bias,,,12.763,24.142,0,1.66,0,0
aten::empty,,,0.63,2.233,0,0,0,0
empty_tensor,,,1.603,1.603,0,0,0,0
aten::empty,,,0.424,1.979,0,0,0,0
empty_tensor,,,1.555,1.555,0,0,0,0
aten::empty,,,0.512,1.659,0,0,0,0
empty_tensor,,,1.147,1.147,0,0,0,0
aten::empty,,,0.428,2.207,0,0,0,0
empty_tensor,,,1.779,1.779,0,0,0,0
aclnnAddRmsNormBias,,,3.301,3.301,1.66,1.66,0,0
vllm::unquantized_gemm,,,6.073,22.041,0,8.78,0,7.56
aten::linear,,,1.814,15.968,0,8.78,0,7.56
aten::t,,,0.906,2.371,0,0,0,0
aten::transpose,,,0.604,1.465,0,0,0,0
aten::as_strided,,,0.861,0.861,0,0,0,0
aten::addmm,,,7.192,11.783,0,8.78,0,7.56
empty_tensor,,,1.68,1.68,0,0,0,0
aclnnAddmm,,,2.911,2.911,8.78,8.78,7.56,7.56
aten::split_with_sizes,,,2.193,4.515,0,0,0,0
aten::as_strided,,,0.801,0.801,0,0,0,0
aten::as_strided,,,1.006,1.006,0,0,0,0
aten::as_strided,,,0.515,0.515,0,0,0,0
vllm::npu_rotary_embedding,,,330.45,342.806,0,3.3,0,0
aten::view,,,1.391,1.391,0,0,0,0
aten::view,,,0.555,0.555,0,0,0,0
_triton_rope,,,7.858,7.858,3.3,3.3,0,0
aten::view,,,1.388,1.388,0,0,0,0
aten::view,,,1.164,1.164,0,0,0,0
aten::empty,,,1.02,4.218,0,0,0,0
empty_tensor,,,3.198,3.198,0,0,0,0
aten::view,,,1.0,1.0,0,0,0,0
aten::view,,,0.878,0.878,0,0,0,0
aten::view,,,1.005,1.005,0,0,0,0
aten::view,,,0.692,0.692,0,0,0,0
vllm::unified_attention_with_output,,,217.518,1375.921,0,22.9005,0,0
P12/A/0107/attention,,,527.364,1158.403,0,22.9005,0,0
aten::slice,,,1.988,4.018,0,0,0,0
aten::as_strided,,,2.03,2.03,0,0,0,0
aten::slice,,,0.649,1.092,0,0,0,0
aten::as_strided,,,0.443,0.443,0,0,0,0
aten::slice,,,3.662,4.651,0,0,0,0
aten::as_strided,,,0.989,0.989,0,0,0,0
P12/A/0108/cache_write,,,159.944,186.892,0,1.52,0,0
atb::_npu_reshape_and_cache,,,23.224,26.948,0,1.52,0,0
ReshapeCacheOperation,,,3.724,3.724,1.52,1.52,0,0
P12/A/0109/fia,,,307.213,416.705,0,21.3805,0,0
aten::view,,,4.652,4.652,0,0,0,0
aten::view,,,2.436,2.436,0,0,0,0
aten::slice,,,1.696,3.188,0,0,0,0
aten::as_strided,,,1.492,1.492,0,0,0,0
npu::npu_fused_infer_attention_score,,,52.81,67.983,0,20.7605,0,0
empty_tensor,,,6.167,6.167,0,0,0,0
empty_tensor,,,2.016,2.016,0,0,0,0
empty_tensor,,,1.443,1.443,0,0,0,0
empty_tensor,,,1.584,1.584,0,0,0,0
aclnnFusedInferAttentionScoreV3,,,3.963,3.963,20.7605,20.7605,0,0
aten::view,,,1.259,1.259,0,0,0,0
aten::slice,,,1.008,2.077,0,0,0,0
aten::as_strided,,,1.069,1.069,0,0,0,0
aten::copy_,,,25.075,27.897,0,0.62,0,0
aclnnInplaceCopy,,,2.822,2.822,0.62,0.62,0,0
aten::slice,,,0.858,1.818,0,0,0,0
aten::as_strided,,,0.96,0.96,0,0,0,0
aten::copy_,,,13.05,15.863,0,0,0,0
aclnnInplaceCopy,,,2.813,2.813,0,0,0,0
aten::view,,,1.799,1.799,0,0,0,0
vllm::unquantized_gemm,,,9.794,33.592,0,5.86,0,5.86
aten::linear,,,1.994,23.798,0,5.86,0,5.86
aten::t,,,2.825,5.912,0,0,0,0
aten::transpose,,,1.406,3.087,0,0,0,0
aten::as_strided,,,1.681,1.681,0,0,0,0
aten::matmul,,,8.476,15.892,0,5.86,0,5.86
empty_tensor,,,4.81,4.81,0,0,0,0
aclnnMatmul,,,2.606,2.606,5.86,5.86,5.86,5.86
vllm::maybe_chunk_residual,,,7.807,7.807,0,0,0,0
_C_ascend::npu_add_rms_norm_bias,,,18.142,33.875,0,1.68,0,0
aten::empty,,,1.234,3.855,0,0,0,0
empty_tensor,,,2.621,2.621,0,0,0,0
aten::empty,,,0.602,2.225,0,0,0,0
empty_tensor,,,1.623,1.623,0,0,0,0
aten::empty,,,0.622,3.43,0,0,0,0
empty_tensor,,,2.808,2.808,0,0,0,0
aten::empty,,,1.08,3.506,0,0,0,0
empty_tensor,,,2.426,2.426,0,0,0,0
aclnnAddRmsNormBias,,,2.717,2.717,1.68,1.68,0,0
vllm::unquantized_gemm,,,6.141,19.893,0,19.641,0,19.641
aten::linear,,,1.228,13.752,0,19.641,0,19.641
aten::t,,,1.079,3.18,0,0,0,0
aten::transpose,,,0.734,2.101,0,0,0,0
aten::as_strided,,,1.367,1.367,0,0,0,0
aten::matmul,,,4.725,9.344,0,19.641,0,19.641
empty_tensor,,,2.357,2.357,0,0,0,0
aclnnMatmul,,,2.262,2.262,19.641,19.641,19.641,19.641
npu::npu_swiglu,,,12.333,16.289,0,3.06,0,0
empty_tensor,,,1.843,1.843,0,0,0,0
aclnnSwiGlu,,,2.113,2.113,3.06,3.06,0,0
vllm::unquantized_gemm,,,5.325,36.968,0,16.821,0,16.821
aten::linear,,,0.906,31.643,0,16.821,0,16.821
aten::t,,,0.917,2.366,0,0,0,0
aten::transpose,,,0.597,1.449,0,0,0,0
aten::as_strided,,,0.852,0.852,0,0,0,0
aten::matmul,,,3.351,28.371,0,16.821,0,16.821
empty_tensor,,,1.534,1.534,0,0,0,0
aclnnMatmul,,,23.486,23.486,16.821,16.821,16.821,16.821
vllm::maybe_chunk_residual,,,6.477,6.477,0,0,0,0
_C_ascend::npu_add_rms_norm_bias,,,10.634,21.803,0,1.6805,0,0
aten::empty,,,0.62,2.352,0,0,0,0
empty_tensor,,,1.732,1.732,0,0,0,0
aten::empty,,,0.379,1.735,0,0,0,0
empty_tensor,,,1.356,1.356,0,0,0,0
aten::empty,,,0.456,1.969,0,0,0,0
empty_tensor,,,1.513,1.513,0,0,0,0
aten::empty,,,0.51,2.874,0,0,0,0
empty_tensor,,,2.364,2.364,0,0,0,0
aclnnAddRmsNormBias,,,2.239,2.239,1.6805,1.6805,0,0
vllm::unquantized_gemm,,,6.106,22.09,0,9.2005,0,7.9805
aten::linear,,,2.432,15.984,0,9.2005,0,7.9805
aten::t,,,1.269,2.804,0,0,0,0
aten::transpose,,,0.582,1.535,0,0,0,0
aten::as_strided,,,0.953,0.953,0,0,0,0
aten::addmm,,,7.253,10.748,0,9.2005,0,7.9805
empty_tensor,,,1.626,1.626,0,0,0,0
aclnnAddmm,,,1.869,1.869,9.2005,9.2005,7.9805,7.9805
aten::split_with_sizes,,,2.149,3.86,0,0,0,0
aten::as_strided,,,0.777,0.777,0,0,0,0
aten::as_strided,,,0.41,0.41,0,0,0,0
aten::as_strided,,,0.524,0.524,0,0,0,0
vllm::npu_rotary_embedding,,,339.324,348.613,0,2.96,0,0
aten::view,,,1.448,1.448,0,0,0,0
aten::view,,,0.907,0.907,0,0,0,0
_triton_rope,,,4.211,4.211,2.96,2.96,0,0
aten::view,,,1.766,1.766,0,0,0,0
aten::view,,,0.957,0.957,0,0,0,0
aten::empty,,,0.885,4.372,0,0,0,0
empty_tensor,,,3.487,3.487,0,0,0,0
aten::view,,,1.017,1.017,0,0,0,0
aten::view,,,0.804,0.804,0,0,0,0
aten::view,,,0.854,0.854,0,0,0,0
aten::view,,,0.867,0.867,0,0,0,0
vllm::unified_attention_with_output,,,225.311,1387.344,0,21.421,0,0
P12/A/0110/attention,,,521.519,1162.033,0,21.421,0,0
aten::slice,,,2.228,4.093,0,0,0,0
aten::as_strided,,,1.865,1.865,0,0,0,0
aten::slice,,,0.778,1.308,0,0,0,0
aten::as_strided,,,0.53,0.53,0,0,0,0
aten::slice,,,4.244,5.418,0,0,0,0
aten::as_strided,,,1.174,1.174,0,0,0,0
P12/A/0111/cache_write,,,155.13,181.049,0,1.52,0,0
atb::_npu_reshape_and_cache,,,22.468,25.919,0,1.52,0,0
ReshapeCacheOperation,,,3.451,3.451,1.52,1.52,0,0
P12/A/0112/fia,,,320.59,424.48,0,19.901,0,0
aten::view,,,4.483,4.483,0,0,0,0
aten::view,,,1.348,1.348,0,0,0,0
aten::slice,,,1.562,2.912,0,0,0,0
aten::as_strided,,,1.35,1.35,0,0,0,0
npu::npu_fused_infer_attention_score,,,51.664,66.497,0,19.341,0,0
empty_tensor,,,5.854,5.854,0,0,0,0
empty_tensor,,,2.271,2.271,0,0,0,0
empty_tensor,,,1.778,1.778,0,0,0,0
empty_tensor,,,1.462,1.462,0,0,0,0
aclnnFusedInferAttentionScoreV3,,,3.468,3.468,19.341,19.341,0,0
aten::view,,,1.186,1.186,0,0,0,0
aten::slice,,,1.018,2.087,0,0,0,0
aten::as_strided,,,1.069,1.069,0,0,0,0
aten::copy_,,,23.78,25.377,0,0.56,0,0
aclnnInplaceCopy,,,1.597,1.597,0.56,0.56,0,0
aten::slice,,,0.829,1.71,0,0,0,0
aten::as_strided,,,0.881,0.881,0,0,0,0
aten::copy_,,,11.079,22.456,0,0,0,0
aclnnInplaceCopy,,,11.377,11.377,0,0,0,0
aten::view,,,1.81,1.81,0,0,0,0
vllm::unquantized_gemm,,,9.662,34.937,0,5.98,0,5.98
aten::linear,,,2.418,25.275,0,5.98,0,5.98
aten::t,,,2.805,5.81,0,0,0,0
aten::transpose,,,1.434,3.005,0,0,0,0
aten::as_strided,,,1.571,1.571,0,0,0,0
aten::matmul,,,9.753,17.047,0,5.98,0,5.98
empty_tensor,,,4.348,4.348,0,0,0,0
aclnnMatmul,,,2.946,2.946,5.98,5.98,5.98,5.98
vllm::maybe_chunk_residual,,,8.553,8.553,0,0,0,0
_C_ascend::npu_add_rms_norm_bias,,,19.425,35.06,0,1.72,0,0
aten::empty,,,1.309,4.036,0,0,0,0
empty_tensor,,,2.727,2.727,0,0,0,0
aten::empty,,,0.532,2.469,0,0,0,0
empty_tensor,,,1.937,1.937,0,0,0,0
aten::empty,,,0.548,1.99,0,0,0,0
empty_tensor,,,1.442,1.442,0,0,0,0
aten::empty,,,0.462,3.569,0,0,0,0
empty_tensor,,,3.107,3.107,0,0,0,0
aclnnAddRmsNormBias,,,3.571,3.571,1.72,1.72,0,0
vllm::unquantized_gemm,,,6.176,19.08,0,19.341,0,19.341
aten::linear,,,1.568,12.904,0,19.341,0,19.341
aten::t,,,1.278,3.279,0,0,0,0
aten::transpose,,,0.897,2.001,0,0,0,0
aten::as_strided,,,1.104,1.104,0,0,0,0
aten::matmul,,,4.285,8.057,0,19.341,0,19.341
empty_tensor,,,1.765,1.765,0,0,0,0
aclnnMatmul,,,2.007,2.007,19.341,19.341,19.341,19.341
npu::npu_swiglu,,,12.412,15.964,0,2.9805,0,0
empty_tensor,,,1.857,1.857,0,0,0,0
aclnnSwiGlu,,,1.695,1.695,2.9805,2.9805,0,0
vllm::unquantized_gemm,,,5.116,18.455,0,16.841,0,16.841
aten::linear,,,1.13,13.339,0,16.841,0,16.841
aten::t,,,1.194,3.004,0,0,0,0
aten::transpose,,,0.952,1.81,0,0,0,0
aten::as_strided,,,0.858,0.858,0,0,0,0
aten::matmul,,,3.912,9.205,0,16.841,0,16.841
empty_tensor,,,3.411,3.411,0,0,0,0
aclnnMatmul,,,1.882,1.882,16.841,16.841,16.841,16.841
vllm::maybe_chunk_residual,,,6.535,6.535,0,0,0,0
_C_ascend::npu_add_rms_norm_bias,,,10.527,21.832,0,1.74,0,0
aten::empty,,,0.654,2.334,0,0,0,0
empty_tensor,,,1.68,1.68,0,0,0,0
aten::empty,,,0.359,2.257,0,0,0,0
empty_tensor,,,1.898,1.898,0,0,0,0
aten::empty,,,0.539,2.199,0,0,0,0
empty_tensor,,,1.66,1.66,0,0,0,0
aten::empty,,,0.63,2.272,0,0,0,0
empty_tensor,,,1.642,1.642,0,0,0,0
aclnnAddRmsNormBias,,,2.243,2.243,1.74,1.74,0,0
vllm::unquantized_gemm,,,6.271,23.621,0,9.0405,0,7.8805
aten::linear,,,1.765,17.35,0,9.0405,0,7.8805
aten::t,,,0.92,3.99,0,0,0,0
aten::transpose,,,0.525,3.07,0,0,0,0
aten::as_strided,,,2.545,2.545,0,0,0,0
aten::addmm,,,7.441,11.595,0,9.0405,0,7.8805
empty_tensor,,,1.743,1.743,0,0,0,0
aclnnAddmm,,,2.411,2.411,9.0405,9.0405,7.8805,7.8805
aten::split_with_sizes,,,2.184,4.204,0,0,0,0
aten::as_strided,,,0.803,0.803,0,0,0,0
aten::as_strided,,,0.604,0.604,0,0,0,0
aten::as_strided,,,0.613,0.613,0,0,0,0
vllm::npu_rotary_embedding,,,330.071,348.8,0,2.92,0,0
aten::view,,,1.306,1.306,0,0,0,0
aten::view,,,0.658,0.658,0,0,0,0
_triton_rope,,,13.678,13.678,2.92,2.92,0,0
aten::view,,,2.149,2.149,0,0,0,0
aten::view,,,0.938,0.938,0,0,0,0
aten::empty,,,1.001,4.215,0,0,0,0
empty_tensor,,,3.214,3.214,0,0,0,0
aten::view,,,0.966,0.966,0,0,0,0
aten::view,,,1.843,1.843,0,0,0,0
aten::view,,,0.784,0.784,0,0,0,0
aten::view,,,0.724,0.724,0,0,0,0
vllm::unified_attention_with_output,,,192.97,1289.301,0,22.501,0,0
P12/A/0113/attention,,,539.114,1096.331,0,22.501,0,0
aten::slice,,,2.275,4.336,0,0,0,0
aten::as_strided,,,2.061,2.061,0,0,0,0
aten::slice,,,0.748,1.244,0,0,0,0
aten::as_strided,,,0.496,0.496,0,0,0,0
aten::slice,,,3.283,4.356,0,0,0,0
aten::as_strided,,,1.073,1.073,0,0,0,0
P12/A/0114/cache_write,,,168.084,194.951,0,1.76,0,0
atb::_npu_reshape_and_cache,,,23.092,26.867,0,1.76,0,0
ReshapeCacheOperation,,,3.775,3.775,1.76,1.76,0,0
P12/A/0115/fia,,,253.466,339.069,0,20.741,0,0
aten::view,,,4.258,4.258,0,0,0,0
aten::view,,,1.17,1.17,0,0,0,0
aten::slice,,,1.341,2.31,0,0,0,0
aten::as_strided,,,0.969,0.969,0,0,0,0
npu::npu_fused_infer_attention_score,,,40.774,53.195,0,20.161,0,0
empty_tensor,,,5.005,5.005,0,0,0,0
empty_tensor,,,1.473,1.473,0,0,0,0
empty_tensor,,,1.067,1.067,0,0,0,0
empty_tensor,,,0.612,0.612,0,0,0,0
aclnnFusedInferAttentionScoreV3,,,4.264,4.264,20.161,20.161,0,0
aten::view,,,0.867,0.867,0,0,0,0
aten::slice,,,0.76,1.609,0,0,0,0
aten::as_strided,,,0.849,0.849,0,0,0,0
aten::copy_,,,20.336,22.194,0,0.58,0,0
aclnnInplaceCopy,,,1.858,1.858,0.58,0.58,0,0
aten::slice,,,0.799,1.58,0,0,0,0
aten::as_strided,,,0.781,0.781,0,0,0,0
aten::copy_,,,9.429,11.681,0,0,0,0
aclnnInplaceCopy,,,2.252,2.252,0,0,0,0
aten::view,,,1.25,1.25,0,0,0,0
vllm::unquantized_gemm,,,7.662,25.625,0,5.84,0,5.84
aten::linear,,,1.816,17.963,0,5.84,0,5.84
aten::t,,,2.211,4.465,0,0,0,0
aten::transpose,,,1.192,2.254,0,0,0,0
aten::as_strided,,,1.062,1.062,0,0,0,0
aten::matmul,,,6.389,11.682,0,5.84,0,5.84
empty_tensor,,,2.987,2.987,0,0,0,0
aclnnMatmul,,,2.306,2.306,5.84,5.84,5.84,5.84
vllm::maybe_chunk_residual,,,5.532,5.532,0,0,0,0
_C_ascend::npu_add_rms_norm_bias,,,14.37,28.904,0,1.76,0,0
aten::empty,,,1.069,2.891,0,0,0,0
empty_tensor,,,1.822,1.822,0,0,0,0
aten::empty,,,0.367,1.663,0,0,0,0
empty_tensor,,,1.296,1.296,0,0,0,0
aten::empty,,,0.389,1.218,0,0,0,0
empty_tensor,,,0.829,0.829,0,0,0,0
aten::empty,,,0.342,2.147,0,0,0,0
empty_tensor,,,1.805,1.805,0,0,0,0
aclnnAddRmsNormBias,,,6.615,6.615,1.76,1.76,0,0
vllm::unquantized_gemm,,,4.117,14.731,0,18.821,0,18.821
aten::linear,,,1.049,10.614,0,18.821,0,18.821
aten::t,,,0.871,2.168,0,0,0,0
aten::transpose,,,0.44,1.297,0,0,0,0
aten::as_strided,,,0.857,0.857,0,0,0,0
aten::matmul,,,3.462,7.397,0,18.821,0,18.821
empty_tensor,,,1.248,1.248,0,0,0,0
aclnnMatmul,,,2.687,2.687,18.821,18.821,18.821,18.821
npu::npu_swiglu,,,10.15,14.005,0,3.14,0,0
empty_tensor,,,1.798,1.798,0,0,0,0
aclnnSwiGlu,,,2.057,2.057,3.14,3.14,0,0
vllm::unquantized_gemm,,,3.723,12.217,0,16.701,0,16.701
aten::linear,,,0.721,8.494,0,16.701,0,16.701
aten::t,,,0.674,1.743,0,0,0,0
aten::transpose,,,0.473,1.069,0,0,0,0
aten::as_strided,,,0.596,0.596,0,0,0,0
aten::matmul,,,2.519,6.03,0,16.701,0,16.701
empty_tensor,,,1.14,1.14,0,0,0,0
aclnnMatmul,,,2.371,2.371,16.701,16.701,16.701,16.701
vllm::maybe_chunk_residual,,,4.851,4.851,0,0,0,0
_C_ascend::npu_add_rms_norm_bias,,,10.392,18.322,0,1.74,0,0
aten::empty,,,0.384,1.373,0,0,0,0
empty_tensor,,,0.989,0.989,0,0,0,0
aten::empty,,,0.225,1.315,0,0,0,0
empty_tensor,,,1.09,1.09,0,0,0,0
aten::empty,,,0.364,1.148,0,0,0,0
empty_tensor,,,0.784,0.784,0,0,0,0
aten::empty,,,0.5,1.724,0,0,0,0
empty_tensor,,,1.224,1.224,0,0,0,0
aclnnAddRmsNormBias,,,2.37,2.37,1.74,1.74,0,0
vllm::unquantized_gemm,,,4.419,16.902,0,8.7805,0,7.4805
aten::linear,,,1.149,12.483,0,8.7805,0,7.4805
aten::t,,,0.947,1.892,0,0,0,0
aten::transpose,,,0.423,0.945,0,0,0,0
aten::as_strided,,,0.522,0.522,0,0,0,0
aten::addmm,,,5.777,9.442,0,8.7805,0,7.4805
empty_tensor,,,1.317,1.317,0,0,0,0
aclnnAddmm,,,2.348,2.348,8.7805,8.7805,7.4805,7.4805
aten::split_with_sizes,,,1.502,2.839,0,0,0,0
aten::as_strided,,,0.603,0.603,0,0,0,0
aten::as_strided,,,0.397,0.397,0,0,0,0
aten::as_strided,,,0.337,0.337,0,0,0,0
vllm::npu_rotary_embedding,,,208.89,215.258,0,3.4605,0,0
aten::view,,,0.902,0.902,0,0,0,0
aten::view,,,0.49,0.49,0,0,0,0
_triton_rope,,,3.192,3.192,3.4605,3.4605,0,0
aten::view,,,1.186,1.186,0,0,0,0
aten::view,,,0.598,0.598,0,0,0,0
aten::empty,,,0.461,2.236,0,0,0,0
empty_tensor,,,1.775,1.775,0,0,0,0
aten::view,,,0.967,0.967,0,0,0,0
aten::view,,,0.517,0.517,0,0,0,0
aten::view,,,0.626,0.626,0,0,0,0
aten::view,,,0.622,0.622,0,0,0,0
vllm::unified_attention_with_output,,,164.825,1208.497,0,24.160999999999998,0,0
P12/A/0116/attention,,,437.211,1043.672,0,24.160999999999998,0,0
aten::slice,,,1.452,2.578,0,0,0,0
aten::as_strided,,,1.126,1.126,0,0,0,0
aten::slice,,,0.628,1.113,0,0,0,0
aten::as_strided,,,0.485,0.485,0,0,0,0
aten::slice,,,2.53,3.138,0,0,0,0
aten::as_strided,,,0.608,0.608,0,0,0,0
P12/A/0117/cache_write,,,147.073,172.899,0,1.48,0,0
atb::_npu_reshape_and_cache,,,21.868,25.826,0,1.48,0,0
ReshapeCacheOperation,,,3.958,3.958,1.48,1.48,0,0
P12/A/0118/fia,,,298.327,408.281,0,22.680999999999997,0,0
aten::view,,,3.8,3.8,0,0,0,0
aten::view,,,1.215,1.215,0,0,0,0
aten::slice,,,1.297,3.404,0,0,0,0
aten::as_strided,,,2.107,2.107,0,0,0,0
npu::npu_fused_infer_attention_score,,,48.648,62.923,0,22.121,0,0
empty_tensor,,,5.8,5.8,0,0,0,0
empty_tensor,,,1.844,1.844,0,0,0,0
empty_tensor,,,1.356,1.356,0,0,0,0
empty_tensor,,,1.015,1.015,0,0,0,0
aclnnFusedInferAttentionScoreV3,,,4.26,4.26,22.121,22.121,0,0
aten::view,,,1.279,1.279,0,0,0,0
aten::slice,,,1.105,2.108,0,0,0,0
aten::as_strided,,,1.003,1.003,0,0,0,0
aten::copy_,,,23.77,35.225,0,0.56,0,0
aclnnInplaceCopy,,,11.455,11.455,0.56,0.56,0,0
aten::slice,,,0.846,2.23,0,0,0,0
aten::as_strided,,,1.384,1.384,0,0,0,0
aten::copy_,,,13.778,16.222,0,0,0,0
aclnnInplaceCopy,,,2.444,2.444,0,0,0,0
aten::view,,,1.579,1.579,0,0,0,0
vllm::unquantized_gemm,,,8.004,27.389,0,5.6805,0,5.6805
aten::linear,,,1.587,19.385,0,5.6805,0,5.6805
aten::t,,,2.425,4.722,0,0,0,0
aten::transpose,,,1.148,2.297,0,0,0,0
aten::as_strided,,,1.149,1.149,0,0,0,0
aten::matmul,,,6.988,13.076,0,5.6805,0,5.6805
empty_tensor,,,3.388,3.388,0,0,0,0
aclnnMatmul,,,2.7,2.7,5.6805,5.6805,5.6805,5.6805
vllm::maybe_chunk_residual,,,5.26,5.26,0,0,0,0
_C_ascend::npu_add_rms_norm_bias,,,14.848,27.345,0,1.8205,0,0
aten::empty,,,1.077,3.139,0,0,0,0
empty_tensor,,,2.062,2.062,0,0,0,0
aten::empty,,,0.197,1.372,0,0,0,0
empty_tensor,,,1.175,1.175,0,0,0,0
aten::empty,,,0.395,1.825,0,0,0,0
empty_tensor,,,1.43,1.43,0,0,0,0
aten::empty,,,0.382,3.266,0,0,0,0
empty_tensor,,,2.884,2.884,0,0,0,0
aclnnAddRmsNormBias,,,2.895,2.895,1.8205,1.8205,0,0
vllm::unquantized_gemm,,,5.689,18.852,0,19.2805,0,19.2805
aten::linear,,,1.079,13.163,0,19.2805,0,19.2805
aten::t,,,1.368,3.085,0,0,0,0
aten::transpose,,,0.661,1.717,0,0,0,0
aten::as_strided,,,1.056,1.056,0,0,0,0
aten::matmul,,,4.042,8.999,0,19.2805,0,19.2805
empty_tensor,,,2.043,2.043,0,0,0,0
aclnnMatmul,,,2.914,2.914,19.2805,19.2805,19.2805,19.2805
npu::npu_swiglu,,,13.421,20.535,0,3.0805,0,0
empty_tensor,,,1.649,1.649,0,0,0,0
aclnnSwiGlu,,,5.465,5.465,3.0805,3.0805,0,0
vllm::unquantized_gemm,,,5.395,15.99,0,16.5605,0,16.5605
aten::linear,,,0.861,10.595,0,16.5605,0,16.5605
aten::t,,,0.722,2.106,0,0,0,0
aten::transpose,,,0.586,1.384,0,0,0,0
aten::as_strided,,,0.798,0.798,0,0,0,0
aten::matmul,,,3.276,7.628,0,16.5605,0,16.5605
empty_tensor,,,1.496,1.496,0,0,0,0
aclnnMatmul,,,2.856,2.856,16.5605,16.5605,16.5605,16.5605
vllm::maybe_chunk_residual,,,6.461,6.461,0,0,0,0
_C_ascend::npu_add_rms_norm_bias,,,12.079,46.173,0,1.66,0,0
aten::empty,,,0.539,2.101,0,0,0,0
empty_tensor,,,1.562,1.562,0,0,0,0
aten::empty,,,0.336,2.008,0,0,0,0
empty_tensor,,,1.672,1.672,0,0,0,0
aten::empty,,,0.578,1.844,0,0,0,0
empty_tensor,,,1.266,1.266,0,0,0,0
aten::empty,,,0.48,2.135,0,0,0,0
empty_tensor,,,1.655,1.655,0,0,0,0
aclnnAddRmsNormBias,,,26.006,26.006,1.66,1.66,0,0
vllm::unquantized_gemm,,,5.872,21.635,0,8.5405,0,7.3405
aten::linear,,,1.586,15.763,0,8.5405,0,7.3405
aten::t,,,0.922,2.841,0,0,0,0
aten::transpose,,,1.15,1.919,0,0,0,0
aten::as_strided,,,0.769,0.769,0,0,0,0
aten::addmm,,,6.803,11.336,0,8.5405,0,7.3405
empty_tensor,,,1.726,1.726,0,0,0,0
aclnnAddmm,,,2.807,2.807,8.5405,8.5405,7.3405,7.3405
aten::split_with_sizes,,,2.102,5.558,0,0,0,0
aten::as_strided,,,0.773,0.773,0,0,0,0
aten::as_strided,,,2.104,2.104,0,0,0,0
aten::as_strided,,,0.579,0.579,0,0,0,0
vllm::npu_rotary_embedding,,,279.219,287.243,0,3.02,0,0
aten::view,,,1.203,1.203,0,0,0,0
aten::view,,,0.518,0.518,0,0,0,0
_triton_rope,,,3.833,3.833,3.02,3.02,0,0
aten::view,,,1.515,1.515,0,0,0,0
aten::view,,,0.955,0.955,0,0,0,0
aten::empty,,,0.823,3.488,0,0,0,0
empty_tensor,,,2.665,2.665,0,0,0,0
aten::view,,,1.431,1.431,0,0,0,0
aten::view,,,1.03,1.03,0,0,0,0
aten::view,,,0.98,0.98,0,0,0,0
aten::view,,,0.755,0.755,0,0,0,0
vllm::unified_attention_with_output,,,2356.405,3571.553,0,19.1005,0,0
P12/A/0119/attention,,,567.079,1215.148,0,19.1005,0,0
aten::slice,,,1.673,3.684,0,0,0,0
aten::as_strided,,,2.011,2.011,0,0,0,0
aten::slice,,,0.552,1.221,0,0,0,0
aten::as_strided,,,0.669,0.669,0,0,0,0
aten::slice,,,4.454,5.328,0,0,0,0
aten::as_strided,,,0.874,0.874,0,0,0,0
P12/A/0120/cache_write,,,178.0,204.535,0,1.58,0,0
atb::_npu_reshape_and_cache,,,22.612,26.535,0,1.58,0,0
ReshapeCacheOperation,,,3.923,3.923,1.58,1.58,0,0
P12/A/0121/fia,,,325.561,414.553,0,17.5205,0,0
aten::view,,,4.673,4.673,0,0,0,0
aten::view,,,1.373,1.373,0,0,0,0
aten::slice,,,1.778,3.123,0,0,0,0
aten::as_strided,,,1.345,1.345,0,0,0,0
npu::npu_fused_infer_attention_score,,,43.575,55.782,0,16.9405,0,0
empty_tensor,,,5.986,5.986,0,0,0,0
empty_tensor,,,1.324,1.324,0,0,0,0
empty_tensor,,,0.809,0.809,0,0,0,0
empty_tensor,,,0.643,0.643,0,0,0,0
aclnnFusedInferAttentionScoreV3,,,3.445,3.445,16.9405,16.9405,0,0
aten::view,,,0.925,0.925,0,0,0,0
aten::slice,,,0.647,1.431,0,0,0,0
aten::as_strided,,,0.784,0.784,0,0,0,0
aten::copy_,,,20.563,21.685,0,0.58,0,0
aclnnInplaceCopy,,,1.122,1.122,0.58,0.58,0,0
aten::slice,,,0.933,1.748,0,0,0,0
aten::as_strided,,,0.815,0.815,0,0,0,0
aten::copy_,,,13.924,17.0,0,0,0,0
aclnnInplaceCopy,,,3.076,3.076,0,0,0,0
aten::view,,,3.588,3.588,0,0,0,0
vllm::unquantized_gemm,,,13.325,48.632,0,5.96,0,5.96
aten::linear,,,2.337,35.307,0,5.96,0,5.96
aten::t,,,3.16,7.175,0,0,0,0
aten::transpose,,,1.717,4.015,0,0,0,0
aten::as_strided,,,2.298,2.298,0,0,0,0
aten::matmul,,,10.978,25.795,0,5.96,0,5.96
empty_tensor,,,10.004,10.004,0,0,0,0
aclnnMatmul,,,4.813,4.813,5.96,5.96,5.96,5.96
vllm::maybe_chunk_residual,,,9.34,9.34,0,0,0,0
_C_ascend::npu_add_rms_norm_bias,,,21.78,46.91,0,1.78,0,0
aten::empty,,,1.273,4.578,0,0,0,0
empty_tensor,,,3.305,3.305,0,0,0,0
aten::empty,,,0.725,2.77,0,0,0,0
empty_tensor,,,2.045,2.045,0,0,0,0
aten::empty,,,0.592,1.979,0,0,0,0
empty_tensor,,,1.387,1.387,0,0,0,0
aten::empty,,,0.497,3.117,0,0,0,0
empty_tensor,,,2.62,2.62,0,0,0,0
aclnnAddRmsNormBias,,,12.686,12.686,1.78,1.78,0,0
vllm::unquantized_gemm,,,5.537,19.672,0,20.121,0,20.121
aten::linear,,,1.207,14.135,0,20.121,0,20.121
aten::t,,,1.37,3.598,0,0,0,0
aten::transpose,,,1.038,2.228,0,0,0,0
aten::as_strided,,,1.19,1.19,0,0,0,0
aten::matmul,,,4.809,9.33,0,20.121,0,20.121
empty_tensor,,,2.042,2.042,0,0,0,0
aclnnMatmul,,,2.479,2.479,20.121,20.121,20.121,20.121
npu::npu_swiglu,,,10.638,13.554,0,3.12,0,0
empty_tensor,,,1.313,1.313,0,0,0,0
aclnnSwiGlu,,,1.603,1.603,3.12,3.12,0,0
vllm::unquantized_gemm,,,3.482,11.375,0,16.8605,0,16.8605
aten::linear,,,0.631,7.893,0,16.8605,0,16.8605
aten::t,,,0.723,1.69,0,0,0,0
aten::transpose,,,0.441,0.967,0,0,0,0
aten::as_strided,,,0.526,0.526,0,0,0,0
aten::matmul,,,2.486,5.572,0,16.8605,0,16.8605
empty_tensor,,,1.298,1.298,0,0,0,0
aclnnMatmul,,,1.788,1.788,16.8605,16.8605,16.8605,16.8605
vllm::maybe_chunk_residual,,,6.307,6.307,0,0,0,0
_C_ascend::npu_add_rms_norm_bias,,,10.233,22.122,0,2.26,0,0
aten::empty,,,0.63,2.201,0,0,0,0
empty_tensor,,,1.571,1.571,0,0,0,0
aten::empty,,,0.405,2.837,0,0,0,0
empty_tensor,,,2.432,2.432,0,0,0,0
aten::empty,,,0.564,1.912,0,0,0,0
empty_tensor,,,1.348,1.348,0,0,0,0
aten::empty,,,0.618,2.706,0,0,0,0
empty_tensor,,,2.088,2.088,0,0,0,0
aclnnAddRmsNormBias,,,2.233,2.233,2.26,2.26,0,0
vllm::unquantized_gemm,,,6.114,21.043,0,8.8605,0,7.6805
aten::linear,,,1.686,14.929,0,8.8605,0,7.6805
aten::t,,,0.996,2.4,0,0,0,0
aten::transpose,,,0.706,1.404,0,0,0,0
aten::as_strided,,,0.698,0.698,0,0,0,0
aten::addmm,,,7.089,10.843,0,8.8605,0,7.6805
empty_tensor,,,1.583,1.583,0,0,0,0
aclnnAddmm,,,2.171,2.171,8.8605,8.8605,7.6805,7.6805
aten::split_with_sizes,,,2.556,4.425,0,0,0,0
aten::as_strided,,,0.727,0.727,0,0,0,0
aten::as_strided,,,0.409,0.409,0,0,0,0
aten::as_strided,,,0.733,0.733,0,0,0,0
vllm::npu_rotary_embedding,,,340.35,348.151,0,2.8405,0,0
aten::view,,,1.539,1.539,0,0,0,0
aten::view,,,0.488,0.488,0,0,0,0
_triton_rope,,,3.643,3.643,2.8405,2.8405,0,0
aten::view,,,1.157,1.157,0,0,0,0
aten::view,,,0.974,0.974,0,0,0,0
aten::empty,,,0.959,3.661,0,0,0,0
empty_tensor,,,2.702,2.702,0,0,0,0
aten::view,,,0.994,0.994,0,0,0,0
aten::view,,,0.778,0.778,0,0,0,0
aten::view,,,0.718,0.718,0,0,0,0
aten::view,,,1.38,1.38,0,0,0,0
vllm::unified_attention_with_output,,,199.888,1441.009,0,27.1615,0,0
P12/A/0122/attention,,,569.817,1241.121,0,27.1615,0,0
aten::slice,,,2.269,4.275,0,0,0,0
aten::as_strided,,,2.006,2.006,0,0,0,0
aten::slice,,,0.803,1.312,0,0,0,0
aten::as_strided,,,0.509,0.509,0,0,0,0
aten::slice,,,3.677,4.68,0,0,0,0
aten::as_strided,,,1.003,1.003,0,0,0,0
P12/A/0123/cache_write,,,166.152,197.949,0,1.46,0,0
atb::_npu_reshape_and_cache,,,23.253,31.797,0,1.46,0,0
ReshapeCacheOperation,,,8.544,8.544,1.46,1.46,0,0
P12/A/0124/fia,,,344.83,448.602,0,25.7015,0,0
aten::view,,,4.97,4.97,0,0,0,0
aten::view,,,1.576,1.576,0,0,0,0
aten::slice,,,1.892,3.33,0,0,0,0
aten::as_strided,,,1.438,1.438,0,0,0,0
npu::npu_fused_infer_attention_score,,,48.893,64.117,0,25.1415,0,0
empty_tensor,,,6.475,6.475,0,0,0,0
empty_tensor,,,2.08,2.08,0,0,0,0
empty_tensor,,,1.87,1.87,0,0,0,0
empty_tensor,,,1.019,1.019,0,0,0,0
aclnnFusedInferAttentionScoreV3,,,3.78,3.78,25.1415,25.1415,0,0
aten::view,,,1.213,1.213,0,0,0,0
aten::slice,,,0.882,2.639,0,0,0,0
aten::as_strided,,,1.757,1.757,0,0,0,0
aten::copy_,,,24.653,25.927,0,0.56,0,0
aclnnInplaceCopy,,,1.274,1.274,0.56,0.56,0,0
aten::slice,,,0.864,1.687,0,0,0,0
aten::as_strided,,,0.823,0.823,0,0,0,0
aten::copy_,,,10.608,12.799,0,0,0,0
aclnnInplaceCopy,,,2.191,2.191,0,0,0,0
aten::view,,,1.154,1.154,0,0,0,0
vllm::unquantized_gemm,,,8.07,26.723,0,5.92,0,5.92
aten::linear,,,1.68,18.653,0,5.92,0,5.92
aten::t,,,2.402,4.68,0,0,0,0
aten::transpose,,,1.24,2.278,0,0,0,0
aten::as_strided,,,1.038,1.038,0,0,0,0
aten::matmul,,,6.7,12.293,0,5.92,0,5.92
empty_tensor,,,3.259,3.259,0,0,0,0
aclnnMatmul,,,2.334,2.334,5.92,5.92,5.92,5.92
vllm::maybe_chunk_residual,,,5.462,5.462,0,0,0,0
_C_ascend::npu_add_rms_norm_bias,,,14.425,25.336,0,1.66,0,0
aten::empty,,,1.077,3.185,0,0,0,0
empty_tensor,,,2.108,2.108,0,0,0,0
aten::empty,,,0.353,1.456,0,0,0,0
empty_tensor,,,1.103,1.103,0,0,0,0
aten::empty,,,0.193,1.033,0,0,0,0
empty_tensor,,,0.84,0.84,0,0,0,0
aten::empty,,,0.312,2.157,0,0,0,0
empty_tensor,,,1.845,1.845,0,0,0,0
aclnnAddRmsNormBias,,,3.08,3.08,1.66,1.66,0,0
vllm::unquantized_gemm,,,4.14,14.132,0,19.541,0,19.541
aten::linear,,,0.82,9.992,0,19.541,0,19.541
aten::t,,,0.904,2.297,0,0,0,0
aten::transpose,,,0.446,1.393,0,0,0,0
aten::as_strided,,,0.947,0.947,0,0,0,0
aten::matmul,,,3.162,6.875,0,19.541,0,19.541
empty_tensor,,,1.235,1.235,0,0,0,0
aclnnMatmul,,,2.478,2.478,19.541,19.541,19.541,19.541
npu::npu_swiglu,,,10.409,14.794,0,4.08,0,0
empty_tensor,,,1.188,1.188,0,0,0,0
aclnnSwiGlu,,,3.197,3.197,4.08,4.08,0,0
vllm::unquantized_gemm,,,3.617,19.575,0,16.6405,0,16.6405
aten::linear,,,0.684,15.958,0,16.6405,0,16.6405
aten::t,,,0.745,1.804,0,0,0,0
aten::transpose,,,0.329,1.059,0,0,0,0
aten::as_strided,,,0.73,0.73,0,0,0,0
aten::matmul,,,2.236,13.47,0,16.6405,0,16.6405
empty_tensor,,,1.069,1.069,0,0,0,0
aclnnMatmul,,,10.165,10.165,16.6405,16.6405,16.6405,16.6405
vllm::maybe_chunk_residual,,,4.166,4.166,0,0,0,0
_C_ascend::npu_add_rms_norm_bias,,,9.034,16.99,0,1.64,0,0
aten::empty,,,0.417,1.547,0,0,0,0
empty_tensor,,,1.13,1.13,0,0,0,0
aten::empty,,,0.222,1.402,0,0,0,0
empty_tensor,,,1.18,1.18,0,0,0,0
aten::empty,,,0.377,1.175,0,0,0,0
empty_tensor,,,0.798,0.798,0,0,0,0
aten::empty,,,0.289,1.442,0,0,0,0
empty_tensor,,,1.153,1.153,0,0,0,0
aclnnAddRmsNormBias,,,2.39,2.39,1.64,1.64,0,0
vllm::unquantized_gemm,,,4.416,16.323,0,9.0005,0,7.8005
aten::linear,,,1.034,11.907,0,9.0005,0,7.8005
aten::t,,,0.823,1.831,0,0,0,0
aten::transpose,,,0.396,1.008,0,0,0,0
aten::as_strided,,,0.612,0.612,0,0,0,0
aten::addmm,,,5.368,9.042,0,9.0005,0,7.8005
empty_tensor,,,1.078,1.078,0,0,0,0
aclnnAddmm,,,2.596,2.596,9.0005,9.0005,7.8005,7.8005
aten::split_with_sizes,,,1.586,2.876,0,0,0,0
aten::as_strided,,,0.568,0.568,0,0,0,0
aten::as_strided,,,0.369,0.369,0,0,0,0
aten::as_strided,,,0.353,0.353,0,0,0,0
vllm::npu_rotary_embedding,,,208.875,216.322,0,3.06,0,0
aten::view,,,2.385,2.385,0,0,0,0
aten::view,,,0.859,0.859,0,0,0,0
_triton_rope,,,2.42,2.42,3.06,3.06,0,0
aten::view,,,1.161,1.161,0,0,0,0
aten::view,,,0.622,0.622,0,0,0,0
aten::empty,,,0.514,2.42,0,0,0,0
empty_tensor,,,1.906,1.906,0,0,0,0
aten::view,,,0.57,0.57,0,0,0,0
aten::view,,,0.588,0.588,0,0,0,0
aten::view,,,0.708,0.708,0,0,0,0
aten::view,,,0.521,0.521,0,0,0,0
vllm::unified_attention_with_output,,,153.113,1026.0,0,24.941,0,0
P12/A/0125/attention,,,408.861,872.887,0,24.941,0,0
aten::slice,,,1.362,2.618,0,0,0,0
aten::as_strided,,,1.256,1.256,0,0,0,0
aten::slice,,,0.513,1.088,0,0,0,0
aten::as_strided,,,0.575,0.575,0,0,0,0
aten::slice,,,2.646,3.361,0,0,0,0
aten::as_strided,,,0.715,0.715,0,0,0,0
P12/A/0126/cache_write,,,114.011,135.095,0,1.78,0,0
atb::_npu_reshape_and_cache,,,18.149,21.084,0,1.78,0,0
ReshapeCacheOperation,,,2.935,2.935,1.78,1.78,0,0
P12/A/0127/fia,,,224.199,304.003,0,23.160999999999998,0,0
aten::view,,,2.988,2.988,0,0,0,0
aten::view,,,1.085,1.085,0,0,0,0
aten::slice,,,0.963,1.802,0,0,0,0
aten::as_strided,,,0.839,0.839,0,0,0,0
npu::npu_fused_infer_attention_score,,,37.77,48.906,0,22.581,0,0
empty_tensor,,,4.756,4.756,0,0,0,0
empty_tensor,,,1.099,1.099,0,0,0,0
empty_tensor,,,1.08,1.08,0,0,0,0
empty_tensor,,,0.911,0.911,0,0,0,0
aclnnFusedInferAttentionScoreV3,,,3.29,3.29,22.581,22.581,0,0
aten::view,,,0.834,0.834,0,0,0,0
aten::slice,,,0.565,1.275,0,0,0,0
aten::as_strided,,,0.71,0.71,0,0,0,0
aten::copy_,,,19.579,22.914,0,0.58,0,0
aclnnInplaceCopy,,,3.335,3.335,0.58,0.58,0,0
aten::slice,,,0.581,1.317,0,0,0,0
aten::as_strided,,,0.736,0.736,0,0,0,0
aten::copy_,,,9.594,16.544,0,0,0,0
aclnnInplaceCopy,,,6.95,6.95,0,0,0,0
aten::view,,,1.013,1.013,0,0,0,0
vllm::unquantized_gemm,,,7.554,24.236,0,5.6605,0,5.6605
aten::linear,,,1.482,16.682,0,5.6605,0,5.6605
aten::t,,,2.191,4.342,0,0,0,0
aten::transpose,,,1.118,2.151,0,0,0,0
aten::as_strided,,,1.033,1.033,0,0,0,0
aten::matmul,,,6.075,10.858,0,5.6605,0,5.6605
empty_tensor,,,2.799,2.799,0,0,0,0
aclnnMatmul,,,1.984,1.984,5.6605,5.6605,5.6605,5.6605
vllm::maybe_chunk_residual,,,5.298,5.298,0,0,0,0
_C_ascend::npu_add_rms_norm_bias,,,13.391,23.033,0,1.68,0,0
aten::empty,,,1.011,2.874,0,0,0,0
empty_tensor,,,1.863,1.863,0,0,0,0
aten::empty,,,0.441,1.338,0,0,0,0
empty_tensor,,,0.897,0.897,0,0,0,0
aten::empty,,,0.197,0.987,0,0,0,0
empty_tensor,,,0.79,0.79,0,0,0,0
aten::empty,,,0.414,2.24,0,0,0,0
empty_tensor,,,1.826,1.826,0,0,0,0
aclnnAddRmsNormBias,,,2.203,2.203,1.68,1.68,0,0
vllm::unquantized_gemm,,,4.034,13.405,0,21.821,0,21.821
aten::linear,,,0.746,9.371,0,21.821,0,21.821
aten::t,,,0.867,2.764,0,0,0,0
aten::transpose,,,1.153,1.897,0,0,0,0
aten::as_strided,,,0.744,0.744,0,0,0,0
aten::matmul,,,2.926,5.861,0,21.821,0,21.821
empty_tensor,,,1.31,1.31,0,0,0,0
aclnnMatmul,,,1.625,1.625,21.821,21.821,21.821,21.821
npu::npu_swiglu,,,8.668,11.434,0,3.0,0,0
empty_tensor,,,1.202,1.202,0,0,0,0
aclnnSwiGlu,,,1.564,1.564,3.0,3.0,0,0
vllm::unquantized_gemm,,,3.43,10.929,0,16.5805,0,16.5805
aten::linear,,,0.513,7.499,0,16.5805,0,16.5805
aten::t,,,0.814,1.945,0,0,0,0
aten::transpose,,,0.392,1.131,0,0,0,0
aten::as_strided,,,0.739,0.739,0,0,0,0
aten::matmul,,,2.324,5.041,0,16.5805,0,16.5805
empty_tensor,,,1.088,1.088,0,0,0,0
aclnnMatmul,,,1.629,1.629,16.5805,16.5805,16.5805,16.5805
vllm::maybe_chunk_residual,,,4.123,4.123,0,0,0,0
_C_ascend::npu_add_rms_norm_bias,,,7.365,15.477,0,1.68,0,0
aten::empty,,,0.41,1.512,0,0,0,0
empty_tensor,,,1.102,1.102,0,0,0,0
aten::empty,,,0.347,1.725,0,0,0,0
empty_tensor,,,1.378,1.378,0,0,0,0
aten::empty,,,0.372,1.748,0,0,0,0
empty_tensor,,,1.376,1.376,0,0,0,0
aten::empty,,,0.442,1.617,0,0,0,0
empty_tensor,,,1.175,1.175,0,0,0,0
aclnnAddRmsNormBias,,,1.51,1.51,1.68,1.68,0,0
vllm::unquantized_gemm,,,4.402,16.158,0,9.1605,0,7.7
aten::linear,,,1.077,11.756,0,9.1605,0,7.7
aten::t,,,1.45,2.477,0,0,0,0
aten::transpose,,,0.498,1.027,0,0,0,0
aten::as_strided,,,0.529,0.529,0,0,0,0
aten::addmm,,,5.475,8.202,0,9.1605,0,7.7
empty_tensor,,,1.153,1.153,0,0,0,0
aclnnAddmm,,,1.574,1.574,9.1605,9.1605,7.7,7.7
aten::split_with_sizes,,,1.474,2.969,0,0,0,0
aten::as_strided,,,0.603,0.603,0,0,0,0
aten::as_strided,,,0.477,0.477,0,0,0,0
aten::as_strided,,,0.415,0.415,0,0,0,0
vllm::npu_rotary_embedding,,,205.137,217.538,0,3.14,0,0
aten::view,,,0.768,0.768,0,0,0,0
aten::view,,,0.357,0.357,0,0,0,0
_triton_rope,,,9.652,9.652,3.14,3.14,0,0
aten::view,,,1.039,1.039,0,0,0,0
aten::view,,,0.585,0.585,0,0,0,0
aten::empty,,,0.714,2.364,0,0,0,0
empty_tensor,,,1.65,1.65,0,0,0,0
aten::view,,,0.629,0.629,0,0,0,0
aten::view,,,0.418,0.418,0,0,0,0
aten::view,,,0.445,0.445,0,0,0,0
aten::view,,,0.557,0.557,0,0,0,0
vllm::unified_attention_with_output,,,163.159,1018.281,0,22.340500000000002,0,0
P12/A/0128/attention,,,399.787,855.122,0,22.340500000000002,0,0
aten::slice,,,1.385,2.63,0,0,0,0
aten::as_strided,,,1.245,1.245,0,0,0,0
aten::slice,,,0.495,0.82,0,0,0,0
aten::as_strided,,,0.325,0.325,0,0,0,0
aten::slice,,,2.5,3.371,0,0,0,0
aten::as_strided,,,0.871,0.871,0,0,0,0
P12/A/0129/cache_write,,,115.31,137.502,0,1.68,0,0
atb::_npu_reshape_and_cache,,,19.203,22.192,0,1.68,0,0
ReshapeCacheOperation,,,2.989,2.989,1.68,1.68,0,0
P12/A/0130/fia,,,221.061,295.259,0,20.6605,0,0
aten::view,,,2.814,2.814,0,0,0,0
aten::view,,,1.187,1.187,0,0,0,0
aten::slice,,,0.87,1.65,0,0,0,0
aten::as_strided,,,0.78,0.78,0,0,0,0
npu::npu_fused_infer_attention_score,,,36.398,46.493,0,20.0805,0,0
empty_tensor,,,4.197,4.197,0,0,0,0
empty_tensor,,,1.455,1.455,0,0,0,0
empty_tensor,,,1.222,1.222,0,0,0,0
empty_tensor,,,0.704,0.704,0,0,0,0
aclnnFusedInferAttentionScoreV3,,,2.517,2.517,20.0805,20.0805,0,0
aten::view,,,0.898,0.898,0,0,0,0
aten::slice,,,0.64,1.333,0,0,0,0
aten::as_strided,,,0.693,0.693,0,0,0,0
aten::copy_,,,18.853,19.823,0,0.58,0,0
aclnnInplaceCopy,,,0.97,0.97,0.58,0.58,0,0
aten::slice,,,0.593,1.262,0,0,0,0
aten::as_strided,,,0.669,0.669,0,0,0,0
aten::copy_,,,11.471,14.491,0,0,0,0
aclnnInplaceCopy,,,3.02,3.02,0,0,0,0
aten::view,,,1.524,1.524,0,0,0,0
vllm::unquantized_gemm,,,9.849,31.97,0,5.78,0,5.78
aten::linear,,,1.92,22.121,0,5.78,0,5.78
aten::t,,,2.643,5.461,0,0,0,0
aten::transpose,,,1.51,2.818,0,0,0,0
aten::as_strided,,,1.308,1.308,0,0,0,0
aten::matmul,,,8.056,14.74,0,5.78,0,5.78
empty_tensor,,,3.949,3.949,0,0,0,0
aclnnMatmul,,,2.735,2.735,5.78,5.78,5.78,5.78
vllm::maybe_chunk_residual,,,7.697,7.697,0,0,0,0
_C_ascend::npu_add_rms_norm_bias,,,18.921,34.548,0,1.88,0,0
aten::empty,,,1.258,4.721,0,0,0,0
empty_tensor,,,3.463,3.463,0,0,0,0
aten::empty,,,0.636,2.297,0,0,0,0
empty_tensor,,,1.661,1.661,0,0,0,0
aten::empty,,,0.376,1.947,0,0,0,0
empty_tensor,,,1.571,1.571,0,0,0,0
aten::empty,,,0.659,3.208,0,0,0,0
empty_tensor,,,2.549,2.549,0,0,0,0
aclnnAddRmsNormBias,,,3.454,3.454,1.88,1.88,0,0
vllm::unquantized_gemm,,,6.596,24.153,0,19.521,0,19.521
aten::linear,,,1.278,17.557,0,19.521,0,19.521
aten::t,,,0.977,2.625,0,0,0,0
aten::transpose,,,0.675,1.648,0,0,0,0
aten::as_strided,,,0.973,0.973,0,0,0,0
aten::matmul,,,4.479,13.654,0,19.521,0,19.521
empty_tensor,,,1.653,1.653,0,0,0,0
aclnnMatmul,,,7.522,7.522,19.521,19.521,19.521,19.521
npu::npu_swiglu,,,13.197,20.191,0,3.0,0,0
empty_tensor,,,2.008,2.008,0,0,0,0
aclnnSwiGlu,,,4.986,4.986,3.0,3.0,0,0
vllm::unquantized_gemm,,,4.783,15.354,0,16.7805,0,16.7805
aten::linear,,,0.922,10.571,0,16.7805,0,16.7805
aten::t,,,0.86,2.217,0,0,0,0
aten::transpose,,,0.58,1.357,0,0,0,0
aten::as_strided,,,0.777,0.777,0,0,0,0
aten::matmul,,,3.064,7.432,0,16.7805,0,16.7805
empty_tensor,,,1.857,1.857,0,0,0,0
aclnnMatmul,,,2.511,2.511,16.7805,16.7805,16.7805,16.7805
vllm::maybe_chunk_residual,,,6.138,6.138,0,0,0,0
_C_ascend::npu_add_rms_norm_bias,,,10.289,21.795,0,1.72,0,0
aten::empty,,,0.553,2.059,0,0,0,0
empty_tensor,,,1.506,1.506,0,0,0,0
aten::empty,,,0.408,2.188,0,0,0,0
empty_tensor,,,1.78,1.78,0,0,0,0
aten::empty,,,1.002,2.442,0,0,0,0
empty_tensor,,,1.44,1.44,0,0,0,0
aten::empty,,,0.584,2.684,0,0,0,0
empty_tensor,,,2.1,2.1,0,0,0,0
aclnnAddRmsNormBias,,,2.133,2.133,1.72,1.72,0,0
vllm::unquantized_gemm,,,6.011,20.558,0,9.1805,0,7.9005
aten::linear,,,1.43,14.547,0,9.1805,0,7.9005
aten::t,,,0.8,2.209,0,0,0,0
aten::transpose,,,0.559,1.409,0,0,0,0
aten::as_strided,,,0.85,0.85,0,0,0,0
aten::addmm,,,7.191,10.908,0,9.1805,0,7.9005
empty_tensor,,,1.546,1.546,0,0,0,0
aclnnAddmm,,,2.171,2.171,9.1805,9.1805,7.9005,7.9005
aten::split_with_sizes,,,2.114,4.123,0,0,0,0
aten::as_strided,,,0.797,0.797,0,0,0,0
aten::as_strided,,,0.573,0.573,0,0,0,0
aten::as_strided,,,0.639,0.639,0,0,0,0
vllm::npu_rotary_embedding,,,282.51,288.987,0,2.86,0,0
aten::view,,,1.089,1.089,0,0,0,0
aten::view,,,0.588,0.588,0,0,0,0
_triton_rope,,,2.917,2.917,2.86,2.86,0,0
aten::view,,,1.124,1.124,0,0,0,0
aten::view,,,0.759,0.759,0,0,0,0
aten::empty,,,0.658,2.673,0,0,0,0
empty_tensor,,,2.015,2.015,0,0,0,0
aten::view,,,0.681,0.681,0,0,0,0
aten::view,,,0.427,0.427,0,0,0,0
aten::view,,,0.438,0.438,0,0,0,0
aten::view,,,0.404,0.404,0,0,0,0
vllm::unified_attention_with_output,,,185.615,1417.865,0,21.7215,0,0
P12/A/0131/attention,,,566.637,1232.25,0,21.7215,0,0
aten::slice,,,2.073,3.973,0,0,0,0
aten::as_strided,,,1.9,1.9,0,0,0,0
aten::slice,,,0.461,1.037,0,0,0,0
aten::as_strided,,,0.576,0.576,0,0,0,0
aten::slice,,,3.201,4.028,0,0,0,0
aten::as_strided,,,0.827,0.827,0,0,0,0
P12/A/0132/cache_write,,,155.093,193.606,0,1.5805,0,0
atb::_npu_reshape_and_cache,,,34.232,38.513,0,1.5805,0,0
ReshapeCacheOperation,,,4.281,4.281,1.5805,1.5805,0,0
P12/A/0133/fia,,,331.815,443.154,0,20.141,0,0
aten::view,,,4.459,4.459,0,0,0,0
aten::view,,,1.258,1.258,0,0,0,0
aten::slice,,,1.62,2.948,0,0,0,0
aten::as_strided,,,1.328,1.328,0,0,0,0
npu::npu_fused_infer_attention_score,,,49.969,64.17,0,19.561,0,0
empty_tensor,,,5.988,5.988,0,0,0,0
empty_tensor,,,2.281,2.281,0,0,0,0
empty_tensor,,,1.297,1.297,0,0,0,0
empty_tensor,,,0.951,0.951,0,0,0,0
aclnnFusedInferAttentionScoreV3,,,3.684,3.684,19.561,19.561,0,0
aten::view,,,1.265,1.265,0,0,0,0
aten::slice,,,0.93,1.931,0,0,0,0
aten::as_strided,,,1.001,1.001,0,0,0,0
aten::copy_,,,24.593,35.308,0,0.58,0,0
aclnnInplaceCopy,,,10.715,10.715,0.58,0.58,0,0
aten::slice,,,1.208,2.428,0,0,0,0
aten::as_strided,,,1.22,1.22,0,0,0,0
aten::copy_,,,15.173,17.387,0,0,0,0
aclnnInplaceCopy,,,2.214,2.214,0,0,0,0
aten::view,,,1.572,1.572,0,0,0,0
vllm::unquantized_gemm,,,10.01,33.914,0,5.62,0,5.62
aten::linear,,,2.033,23.904,0,5.62,0,5.62
aten::t,,,2.839,5.989,0,0,0,0
aten::transpose,,,1.671,3.15,0,0,0,0
aten::as_strided,,,1.479,1.479,0,0,0,0
aten::matmul,,,8.758,15.882,0,5.62,0,5.62
empty_tensor,,,4.925,4.925,0,0,0,0
aclnnMatmul,,,2.199,2.199,5.62,5.62,5.62,5.62
vllm::maybe_chunk_residual,,,8.199,8.199,0,0,0,0
_C_ascend::npu_add_rms_norm_bias,,,18.099,32.188,0,1.72,0,0
aten::empty,,,1.264,3.858,0,0,0,0
empty_tensor,,,2.594,2.594,0,0,0,0
aten::empty,,,0.646,2.378,0,0,0,0
empty_tensor,,,1.732,1.732,0,0,0,0
aten::empty,,,0.401,1.699,0,0,0,0
empty_tensor,,,1.298,1.298,0,0,0,0
aten::empty,,,0.77,3.45,0,0,0,0
empty_tensor,,,2.68,2.68,0,0,0,0
aclnnAddRmsNormBias,,,2.704,2.704,1.72,1.72,0,0
vllm::unquantized_gemm,,,5.906,19.917,0,19.8405,0,19.8405
aten::linear,,,1.186,14.011,0,19.8405,0,19.8405
aten::t,,,1.279,3.835,0,0,0,0
aten::transpose,,,1.473,2.556,0,0,0,0
aten::as_strided,,,1.083,1.083,0,0,0,0
aten::matmul,,,4.779,8.99,0,19.8405,0,19.8405
empty_tensor,,,1.807,1.807,0,0,0,0
aclnnMatmul,,,2.404,2.404,19.8405,19.8405,19.8405,19.8405
npu::npu_swiglu,,,12.125,15.958,0,3.08,0,0
empty_tensor,,,1.754,1.754,0,0,0,0
aclnnSwiGlu,,,2.079,2.079,3.08,3.08,0,0
vllm::unquantized_gemm,,,4.712,15.772,0,16.4805,0,16.4805
aten::linear,,,0.848,11.06,0,16.4805,0,16.4805
aten::t,,,2.112,3.54,0,0,0,0
aten::transpose,,,0.594,1.428,0,0,0,0
aten::as_strided,,,0.834,0.834,0,0,0,0
aten::matmul,,,3.069,6.672,0,16.4805,0,16.4805
empty_tensor,,,1.323,1.323,0,0,0,0
aclnnMatmul,,,2.28,2.28,16.4805,16.4805,16.4805,16.4805
vllm::maybe_chunk_residual,,,6.105,6.105,0,0,0,0
_C_ascend::npu_add_rms_norm_bias,,,12.087,26.43,0,1.74,0,0
aten::empty,,,0.752,2.058,0,0,0,0
empty_tensor,,,1.306,1.306,0,0,0,0
aten::empty,,,0.367,1.805,0,0,0,0
empty_tensor,,,1.438,1.438,0,0,0,0
aten::empty,,,0.513,1.911,0,0,0,0
empty_tensor,,,1.398,1.398,0,0,0,0
aten::empty,,,0.407,1.982,0,0,0,0
empty_tensor,,,1.575,1.575,0,0,0,0
aclnnAddRmsNormBias,,,6.587,6.587,1.74,1.74,0,0
vllm::unquantized_gemm,,,4.472,16.394,0,8.6605,0,7.4005
aten::linear,,,1.032,11.922,0,8.6605,0,7.4005
aten::t,,,0.687,1.65,0,0,0,0
aten::transpose,,,0.388,0.963,0,0,0,0
aten::as_strided,,,0.575,0.575,0,0,0,0
aten::addmm,,,5.604,9.24,0,8.6605,0,7.4005
empty_tensor,,,1.293,1.293,0,0,0,0
aclnnAddmm,,,2.343,2.343,8.6605,8.6605,7.4005,7.4005
aten::split_with_sizes,,,1.779,2.966,0,0,0,0
aten::as_strided,,,0.582,0.582,0,0,0,0
aten::as_strided,,,0.28,0.28,0,0,0,0
aten::as_strided,,,0.325,0.325,0,0,0,0
vllm::npu_rotary_embedding,,,301.839,310.737,0,3.36,0,0
aten::view,,,1.107,1.107,0,0,0,0
aten::view,,,0.413,0.413,0,0,0,0
_triton_rope,,,4.295,4.295,3.36,3.36,0,0
aten::view,,,2.056,2.056,0,0,0,0
aten::view,,,1.027,1.027,0,0,0,0
aten::empty,,,0.94,3.572,0,0,0,0
empty_tensor,,,2.632,2.632,0,0,0,0
aten::view,,,0.986,0.986,0,0,0,0
aten::view,,,0.808,0.808,0,0,0,0
aten::view,,,0.922,0.922,0,0,0,0
aten::view,,,0.852,0.852,0,0,0,0
vllm::unified_attention_with_output,,,195.778,1481.535,0,20.721,0,0
P12/A/0134/attention,,,585.31,1285.757,0,20.721,0,0
aten::slice,,,2.345,4.368,0,0,0,0
aten::as_strided,,,2.023,2.023,0,0,0,0
aten::slice,,,0.718,1.351,0,0,0,0
aten::as_strided,,,0.633,0.633,0,0,0,0
aten::slice,,,3.343,4.454,0,0,0,0
aten::as_strided,,,1.111,1.111,0,0,0,0
P12/A/0135/cache_write,,,163.492,200.204,0,1.62,0,0
atb::_npu_reshape_and_cache,,,33.32,36.712,0,1.62,0,0
ReshapeCacheOperation,,,3.392,3.392,1.62,1.62,0,0
P12/A/0136/fia,,,358.764,468.383,0,19.101,0,0
aten::view,,,4.813,4.813,0,0,0,0
aten::view,,,1.601,1.601,0,0,0,0
aten::slice,,,1.84,3.319,0,0,0,0
aten::as_strided,,,1.479,1.479,0,0,0,0
npu::npu_fused_infer_attention_score,,,52.779,69.498,0,18.541,0,0
empty_tensor,,,6.617,6.617,0,0,0,0
empty_tensor,,,3.699,3.699,0,0,0,0
empty_tensor,,,1.53,1.53,0,0,0,0
empty_tensor,,,0.968,0.968,0,0,0,0
aclnnFusedInferAttentionScoreV3,,,3.905,3.905,18.541,18.541,0,0
aten::view,,,1.392,1.392,0,0,0,0
aten::slice,,,1.263,2.268,0,0,0,0
aten::as_strided,,,1.005,1.005,0,0,0,0
aten::copy_,,,24.677,26.728,0,0.56,0,0
aclnnInplaceCopy,,,2.051,2.051,0.56,0.56,0,0
aten::slice,,,1.295,2.382,0,0,0,0
aten::as_strided,,,1.087,1.087,0,0,0,0
aten::copy_,,,16.259,19.305,0,0,0,0
aclnnInplaceCopy,,,3.046,3.046,0,0,0,0
aten::view,,,1.717,1.717,0,0,0,0
vllm::unquantized_gemm,,,10.271,33.776,0,5.74,0,5.74
aten::linear,,,2.199,23.505,0,5.74,0,5.74
aten::t,,,2.92,5.8,0,0,0,0
aten::transpose,,,1.334,2.88,0,0,0,0
aten::as_strided,,,1.546,1.546,0,0,0,0
aten::matmul,,,8.122,15.506,0,5.74,0,5.74
empty_tensor,,,4.318,4.318,0,0,0,0
aclnnMatmul,,,3.066,3.066,5.74,5.74,5.74,5.74
vllm::maybe_chunk_residual,,,8.143,8.143,0,0,0,0
_C_ascend::npu_add_rms_norm_bias,,,23.805,50.225,0,1.74,0,0
aten::empty,,,1.256,3.712,0,0,0,0
empty_tensor,,,2.456,2.456,0,0,0,0
aten::empty,,,0.513,2.371,0,0,0,0
empty_tensor,,,1.858,1.858,0,0,0,0
aten::empty,,,0.53,2.362,0,0,0,0
empty_tensor,,,1.832,1.832,0,0,0,0
aten::empty,,,0.718,3.583,0,0,0,0
empty_tensor,,,2.865,2.865,0,0,0,0
aclnnAddRmsNormBias,,,14.392,14.392,1.74,1.74,0,0
vllm::unquantized_gemm,,,6.074,23.07,0,19.4405,0,19.4405
aten::linear,,,1.178,16.996,0,19.4405,0,19.4405
aten::t,,,4.259,6.039,0,0,0,0
aten::transpose,,,0.719,1.78,0,0,0,0
aten::as_strided,,,1.061,1.061,0,0,0,0
aten::matmul,,,4.72,9.779,0,19.4405,0,19.4405
empty_tensor,,,2.127,2.127,0,0,0,0
aclnnMatmul,,,2.932,2.932,19.4405,19.4405,19.4405,19.4405
npu::npu_swiglu,,,13.285,17.702,0,3.12,0,0
empty_tensor,,,1.569,1.569,0,0,0,0
aclnnSwiGlu,,,2.848,2.848,3.12,3.12,0,0
vllm::unquantized_gemm,,,5.052,15.936,0,16.7205,0,16.7205
aten::linear,,,0.769,10.884,0,16.7205,0,16.7205
aten::t,,,0.948,2.286,0,0,0,0
aten::transpose,,,0.596,1.338,0,0,0,0
aten::as_strided,,,0.742,0.742,0,0,0,0
aten::matmul,,,3.724,7.829,0,16.7205,0,16.7205
empty_tensor,,,1.385,1.385,0,0,0,0
aclnnMatmul,,,2.72,2.72,16.7205,16.7205,16.7205,16.7205
vllm::maybe_chunk_residual,,,5.837,5.837,0,0,0,0
_C_ascend::npu_add_rms_norm_bias,,,11.995,23.537,0,1.78,0,0
aten::empty,,,0.573,2.22,0,0,0,0
empty_tensor,,,1.647,1.647,0,0,0,0
aten::empty,,,0.417,2.304,0,0,0,0
empty_tensor,,,1.887,1.887,0,0,0,0
aten::empty,,,0.361,1.731,0,0,0,0
empty_tensor,,,1.37,1.37,0,0,0,0
aten::empty,,,0.47,2.313,0,0,0,0
empty_tensor,,,1.843,1.843,0,0,0,0
aclnnAddRmsNormBias,,,2.974,2.974,1.78,1.78,0,0
vllm::unquantized_gemm,,,6.021,22.439,0,8.7805,0,7.6405
aten::linear,,,1.492,16.418,0,8.7805,0,7.6405
aten::t,,,0.826,2.073,0,0,0,0
aten::transpose,,,0.518,1.247,0,0,0,0
aten::as_strided,,,0.729,0.729,0,0,0,0
aten::addmm,,,7.233,12.853,0,8.7805,0,7.6405
empty_tensor,,,2.693,2.693,0,0,0,0
aclnnAddmm,,,2.927,2.927,8.7805,8.7805,7.6405,7.6405
aten::split_with_sizes,,,2.16,4.335,0,0,0,0
aten::as_strided,,,0.796,0.796,0,0,0,0
aten::as_strided,,,0.883,0.883,0,0,0,0
aten::as_strided,,,0.496,0.496,0,0,0,0
vllm::npu_rotary_embedding,,,292.554,300.773,0,2.84,0,0
aten::view,,,1.255,1.255,0,0,0,0
aten::view,,,0.548,0.548,0,0,0,0
_triton_rope,,,4.475,4.475,2.84,2.84,0,0
aten::view,,,1.3,1.3,0,0,0,0
aten::view,,,0.641,0.641,0,0,0,0
aten::empty,,,0.72,2.843,0,0,0,0
empty_tensor,,,2.123,2.123,0,0,0,0
aten::view,,,0.858,0.858,0,0,0,0
aten::view,,,0.566,0.566,0,0,0,0
aten::view,,,0.465,0.465,0,0,0,0
aten::view,,,0.462,0.462,0,0,0,0
vllm::unified_attention_with_output,,,202.626,1421.894,0,25.5615,0,0
P12/A/0137/attention,,,586.61,1219.268,0,25.5615,0,0
aten::slice,,,2.135,4.14,0,0,0,0
aten::as_strided,,,2.005,2.005,0,0,0,0
aten::slice,,,0.52,1.17,0,0,0,0
aten::as_strided,,,0.65,0.65,0,0,0,0
aten::slice,,,3.14,4.093,0,0,0,0
aten::as_strided,,,0.953,0.953,0,0,0,0
P12/A/0138/cache_write,,,143.039,172.387,0,1.5405,0,0
atb::_npu_reshape_and_cache,,,19.062,29.348,0,1.5405,0,0
ReshapeCacheOperation,,,10.286,10.286,1.5405,1.5405,0,0
P12/A/0139/fia,,,322.308,431.074,0,24.020999999999997,0,0
aten::view,,,4.511,4.511,0,0,0,0
aten::view,,,1.533,1.533,0,0,0,0
aten::slice,,,1.758,3.11,0,0,0,0
aten::as_strided,,,1.352,1.352,0,0,0,0
npu::npu_fused_infer_attention_score,,,51.0,66.028,0,23.441,0,0
empty_tensor,,,6.11,6.11,0,0,0,0
empty_tensor,,,2.197,2.197,0,0,0,0
empty_tensor,,,1.491,1.491,0,0,0,0
empty_tensor,,,1.427,1.427,0,0,0,0
aclnnFusedInferAttentionScoreV3,,,3.803,3.803,23.441,23.441,0,0
aten::view,,,1.322,1.322,0,0,0,0
aten::slice,,,1.267,2.436,0,0,0,0
aten::as_strided,,,1.169,1.169,0,0,0,0
aten::copy_,,,23.903,29.826,0,0.58,0,0
aclnnInplaceCopy,,,5.923,5.923,0.58,0.58,0,0
aten::slice,,,0.996,2.086,0,0,0,0
aten::as_strided,,,1.09,1.09,0,0,0,0
aten::copy_,,,14.609,17.708,0,0,0,0
aclnnInplaceCopy,,,3.099,3.099,0,0,0,0
aten::view,,,1.617,1.617,0,0,0,0
vllm::unquantized_gemm,,,10.134,33.689,0,5.96,0,5.96
aten::linear,,,2.133,23.555,0,5.96,0,5.96
aten::t,,,3.141,5.839,0,0,0,0
aten::transpose,,,1.335,2.698,0,0,0,0
aten::as_strided,,,1.363,1.363,0,0,0,0
aten::matmul,,,8.358,15.583,0,5.96,0,5.96
empty_tensor,,,4.167,4.167,0,0,0,0
aclnnMatmul,,,3.058,3.058,5.96,5.96,5.96,5.96
vllm::maybe_chunk_residual,,,8.569,8.569,0,0,0,0
_C_ascend::npu_add_rms_norm_bias,,,19.887,36.539,0,1.8,0,0
aten::empty,,,1.31,4.114,0,0,0,0
empty_tensor,,,2.804,2.804,0,0,0,0
aten::empty,,,0.854,3.45,0,0,0,0
empty_tensor,,,2.596,2.596,0,0,0,0
aten::empty,,,0.548,1.837,0,0,0,0
empty_tensor,,,1.289,1.289,0,0,0,0
aten::empty,,,0.686,3.856,0,0,0,0
empty_tensor,,,3.17,3.17,0,0,0,0
aclnnAddRmsNormBias,,,3.395,3.395,1.8,1.8,0,0
vllm::unquantized_gemm,,,6.354,20.966,0,19.401,0,19.401
aten::linear,,,1.419,14.612,0,19.401,0,19.401
aten::t,,,1.357,3.556,0,0,0,0
aten::transpose,,,0.954,2.199,0,0,0,0
aten::as_strided,,,1.245,1.245,0,0,0,0
aten::matmul,,,4.914,9.637,0,19.401,0,19.401
empty_tensor,,,1.905,1.905,0,0,0,0
aclnnMatmul,,,2.818,2.818,19.401,19.401,19.401,19.401
npu::npu_swiglu,,,13.604,18.313,0,2.96,0,0
empty_tensor,,,1.986,1.986,0,0,0,0
aclnnSwiGlu,,,2.723,2.723,2.96,2.96,0,0
vllm::unquantized_gemm,,,5.143,26.822,0,16.921,0,16.921
aten::linear,,,0.847,21.679,0,16.921,0,16.921
aten::t,,,1.072,2.361,0,0,0,0
aten::transpose,,,0.591,1.289,0,0,0,0
aten::as_strided,,,0.698,0.698,0,0,0,0
aten::matmul,,,3.322,18.471,0,16.921,0,16.921
empty_tensor,,,1.732,1.732,0,0,0,0
aclnnMatmul,,,13.417,13.417,16.921,16.921,16.921,16.921
vllm::maybe_chunk_residual,,,7.104,7.104,0,0,0,0
_C_ascend::npu_add_rms_norm_bias,,,13.144,26.166,0,1.74,0,0
aten::empty,,,0.602,2.258,0,0,0,0
empty_tensor,,,1.656,1.656,0,0,0,0
aten::empty,,,0.405,2.04,0,0,0,0
empty_tensor,,,1.635,1.635,0,0,0,0
aten::empty,,,0.629,2.776,0,0,0,0
empty_tensor,,,2.147,2.147,0,0,0,0
aten::empty,,,0.682,2.974,0,0,0,0
empty_tensor,,,2.292,2.292,0,0,0,0
aclnnAddRmsNormBias,,,2.974,2.974,1.74,1.74,0,0
vllm::unquantized_gemm,,,6.017,22.411,0,8.5805,0,7.3605
aten::linear,,,1.408,16.394,0,8.5805,0,7.3605
aten::t,,,0.87,2.653,0,0,0,0
aten::transpose,,,0.632,1.783,0,0,0,0
aten::as_strided,,,1.151,1.151,0,0,0,0
aten::addmm,,,7.527,12.333,0,8.5805,0,7.3605
empty_tensor,,,2.061,2.061,0,0,0,0
aclnnAddmm,,,2.745,2.745,8.5805,8.5805,7.3605,7.3605
aten::split_with_sizes,,,2.353,4.292,0,0,0,0
aten::as_strided,,,0.739,0.739,0,0,0,0
aten::as_strided,,,0.607,0.607,0,0,0,0
aten::as_strided,,,0.593,0.593,0,0,0,0
vllm::npu_rotary_embedding,,,282.48,289.973,0,2.9,0,0
aten::view,,,1.706,1.706,0,0,0,0
aten::view,,,0.729,0.729,0,0,0,0
_triton_rope,,,2.891,2.891,2.9,2.9,0,0
aten::view,,,1.429,1.429,0,0,0,0
aten::view,,,0.738,0.738,0,0,0,0
aten::empty,,,0.559,2.894,0,0,0,0
empty_tensor,,,2.335,2.335,0,0,0,0
aten::view,,,0.717,0.717,0,0,0,0
aten::view,,,0.48,0.48,0,0,0,0
aten::view,,,0.469,0.469,0,0,0,0
aten::view,,,0.429,0.429,0,0,0,0
vllm::unified_attention_with_output,,,164.425,1045.694,0,24.561,0,0
P12/A/0140/attention,,,417.017,881.269,0,24.561,0,0
aten::slice,,,2.454,3.907,0,0,0,0
aten::as_strided,,,1.453,1.453,0,0,0,0
aten::slice,,,0.521,0.784,0,0,0,0
aten::as_strided,,,0.263,0.263,0,0,0,0
aten::slice,,,2.815,3.455,0,0,0,0
aten::as_strided,,,0.64,0.64,0,0,0,0
P12/A/0141/cache_write,,,118.843,140.128,0,1.54,0,0
atb::_npu_reshape_and_cache,,,18.125,21.285,0,1.54,0,0
ReshapeCacheOperation,,,3.16,3.16,1.54,1.54,0,0
P12/A/0142/fia,,,222.955,302.46,0,23.020999999999997,0,0
aten::view,,,3.012,3.012,0,0,0,0
aten::view,,,1.179,1.179,0,0,0,0
aten::slice,,,1.014,1.829,0,0,0,0
aten::as_strided,,,0.815,0.815,0,0,0,0
npu::npu_fused_infer_attention_score,,,39.442,49.529,0,22.461,0,0
empty_tensor,,,4.243,4.243,0,0,0,0
empty_tensor,,,1.34,1.34,0,0,0,0
empty_tensor,,,0.922,0.922,0,0,0,0
empty_tensor,,,0.785,0.785,0,0,0,0
aclnnFusedInferAttentionScoreV3,,,2.797,2.797,22.461,22.461,0,0
aten::view,,,0.909,0.909,0,0,0,0
aten::slice,,,0.555,1.08,0,0,0,0
aten::as_strided,,,0.525,0.525,0,0,0,0
aten::copy_,,,20.196,21.967,0,0.56,0,0
aclnnInplaceCopy,,,1.771,1.771,0.56,0.56,0,0
aten::slice,,,0.618,1.273,0,0,0,0
aten::as_strided,,,0.655,0.655,0,0,0,0
aten::copy_,,,9.836,12.245,0,0,0,0
aclnnInplaceCopy,,,2.409,2.409,0,0,0,0
aten::view,,,1.154,1.154,0,0,0,0
vllm::unquantized_gemm,,,8.08,34.285,0,5.7205,0,5.7205
aten::linear,,,1.606,26.205,0,5.7205,0,5.7205
aten::t,,,2.979,5.211,0,0,0,0
aten::transpose,,,1.151,2.232,0,0,0,0
aten::as_strided,,,1.081,1.081,0,0,0,0
aten::matmul,,,6.659,19.388,0,5.7205,0,5.7205
empty_tensor,,,3.09,3.09,0,0,0,0
aclnnMatmul,,,9.639,9.639,5.7205,5.7205,5.7205,5.7205
vllm::maybe_chunk_residual,,,5.708,5.708,0,0,0,0
_C_ascend::npu_add_rms_norm_bias,,,14.593,25.288,0,1.7,0,0
aten::empty,,,1.112,2.974,0,0,0,0
empty_tensor,,,1.862,1.862,0,0,0,0
aten::empty,,,0.309,1.414,0,0,0,0
empty_tensor,,,1.105,1.105,0,0,0,0
aten::empty,,,0.193,1.283,0,0,0,0
empty_tensor,,,1.09,1.09,0,0,0,0
aten::empty,,,0.467,2.502,0,0,0,0
empty_tensor,,,2.035,2.035,0,0,0,0
aclnnAddRmsNormBias,,,2.522,2.522,1.7,1.7,0,0
vllm::unquantized_gemm,,,4.168,14.977,0,19.2605,0,19.2605
aten::linear,,,0.79,10.809,0,19.2605,0,19.2605
aten::t,,,1.157,2.607,0,0,0,0
aten::transpose,,,0.586,1.45,0,0,0,0
aten::as_strided,,,0.864,0.864,0,0,0,0
aten::matmul,,,3.512,7.412,0,19.2605,0,19.2605
empty_tensor,,,1.662,1.662,0,0,0,0
aclnnMatmul,,,2.238,2.238,19.2605,19.2605,19.2605,19.2605
npu::npu_swiglu,,,9.652,14.953,0,3.06,0,0
empty_tensor,,,1.069,1.069,0,0,0,0
aclnnSwiGlu,,,4.232,4.232,3.06,3.06,0,0
vllm::unquantized_gemm,,,3.758,12.171,0,16.561,0,16.561
aten::linear,,,0.568,8.413,0,16.561,0,16.561
aten::t,,,0.733,2.019,0,0,0,0
aten::transpose,,,0.406,1.286,0,0,0,0
aten::as_strided,,,0.88,0.88,0,0,0,0
aten::matmul,,,2.443,5.826,0,16.561,0,16.561
empty_tensor,,,1.038,1.038,0,0,0,0
aclnnMatmul,,,2.345,2.345,16.561,16.561,16.561,16.561
vllm::maybe_chunk_residual,,,4.54,4.54,0,0,0,0
_C_ascend::npu_add_rms_norm_bias,,,9.518,17.173,0,1.72,0,0
aten::empty,,,0.422,1.593,0,0,0,0
empty_tensor,,,1.171,1.171,0,0,0,0
aten::empty,,,0.215,1.023,0,0,0,0
empty_tensor,,,0.808,0.808,0,0,0,0
aten::empty,,,0.197,1.409,0,0,0,0
empty_tensor,,,1.212,1.212,0,0,0,0
aten::empty,,,0.469,1.592,0,0,0,0
empty_tensor,,,1.123,1.123,0,0,0,0
aclnnAddRmsNormBias,,,2.038,2.038,1.72,1.72,0,0
vllm::unquantized_gemm,,,4.405,16.351,0,8.8605,0,7.4605
aten::linear,,,1.04,11.946,0,8.8605,0,7.4605
aten::t,,,0.676,1.559,0,0,0,0
aten::transpose,,,0.333,0.883,0,0,0,0
aten::as_strided,,,0.55,0.55,0,0,0,0
aten::addmm,,,5.538,9.347,0,8.8605,0,7.4605
empty_tensor,,,1.637,1.637,0,0,0,0
aclnnAddmm,,,2.172,2.172,8.8605,8.8605,7.4605,7.4605
aten::split_with_sizes,,,1.518,2.725,0,0,0,0
aten::as_strided,,,0.56,0.56,0,0,0,0
aten::as_strided,,,0.283,0.283,0,0,0,0
aten::as_strided,,,0.364,0.364,0,0,0,0
vllm::npu_rotary_embedding,,,210.855,223.803,0,2.98,0,0
aten::view,,,0.91,0.91,0,0,0,0
aten::view,,,0.478,0.478,0,0,0,0
_triton_rope,,,9.638,9.638,2.98,2.98,0,0
aten::view,,,1.251,1.251,0,0,0,0
aten::view,,,0.671,0.671,0,0,0,0
aten::empty,,,1.299,3.321,0,0,0,0
empty_tensor,,,2.022,2.022,0,0,0,0
aten::view,,,0.659,0.659,0,0,0,0
aten::view,,,0.611,0.611,0,0,0,0
aten::view,,,0.647,0.647,0,0,0,0
aten::view,,,0.714,0.714,0,0,0,0
vllm::unified_attention_with_output,,,144.1,989.394,0,22.020500000000002,0,0
P12/A/0143/attention,,,392.734,845.294,0,22.020500000000002,0,0
aten::slice,,,1.565,2.812,0,0,0,0
aten::as_strided,,,1.247,1.247,0,0,0,0
aten::slice,,,0.461,0.865,0,0,0,0
aten::as_strided,,,0.404,0.404,0,0,0,0
aten::slice,,,2.401,3.264,0,0,0,0
aten::as_strided,,,0.863,0.863,0,0,0,0
P12/A/0144/cache_write,,,117.038,138.977,0,1.7,0,0
atb::_npu_reshape_and_cache,,,19.192,21.939,0,1.7,0,0
ReshapeCacheOperation,,,2.747,2.747,1.7,1.7,0,0
P12/A/0145/fia,,,214.752,292.531,0,20.3205,0,0
aten::view,,,2.799,2.799,0,0,0,0
aten::view,,,1.005,1.005,0,0,0,0
aten::slice,,,0.921,1.751,0,0,0,0
aten::as_strided,,,0.83,0.83,0,0,0,0
npu::npu_fused_infer_attention_score,,,38.424,49.377,0,19.7405,0,0
empty_tensor,,,4.19,4.19,0,0,0,0
empty_tensor,,,1.255,1.255,0,0,0,0
empty_tensor,,,1.872,1.872,0,0,0,0
empty_tensor,,,0.61,0.61,0,0,0,0
aclnnFusedInferAttentionScoreV3,,,3.026,3.026,19.7405,19.7405,0,0
aten::view,,,0.869,0.869,0,0,0,0
aten::slice,,,0.552,1.235,0,0,0,0
aten::as_strided,,,0.683,0.683,0,0,0,0
aten::copy_,,,19.76,20.743,0,0.58,0,0
aclnnInplaceCopy,,,0.983,0.983,0.58,0.58,0,0
aten::slice,,,0.689,1.371,0,0,0,0
aten::as_strided,,,0.682,0.682,0,0,0,0
aten::copy_,,,9.992,12.74,0,0,0,0
aclnnInplaceCopy,,,2.748,2.748,0,0,0,0
aten::view,,,1.053,1.053,0,0,0,0
vllm::unquantized_gemm,,,7.55,24.6,0,5.7,0,5.7
aten::linear,,,1.593,17.05,0,5.7,0,5.7
aten::t,,,2.05,4.019,0,0,0,0
aten::transpose,,,1.061,1.969,0,0,0,0
aten::as_strided,,,0.908,0.908,0,0,0,0
aten::matmul,,,6.258,11.438,0,5.7,0,5.7
empty_tensor,,,2.67,2.67,0,0,0,0
aclnnMatmul,,,2.51,2.51,5.7,5.7,5.7,5.7
vllm::maybe_chunk_residual,,,5.057,5.057,0,0,0,0
_C_ascend::npu_add_rms_norm_bias,,,14.301,24.263,0,1.66,0,0
aten::empty,,,1.034,2.889,0,0,0,0
empty_tensor,,,1.855,1.855,0,0,0,0
aten::empty,,,0.328,1.339,0,0,0,0
empty_tensor,,,1.011,1.011,0,0,0,0
aten::empty,,,0.225,0.957,0,0,0,0
empty_tensor,,,0.732,0.732,0,0,0,0
aten::empty,,,0.338,1.969,0,0,0,0
empty_tensor,,,1.631,1.631,0,0,0,0
aclnnAddRmsNormBias,,,2.808,2.808,1.66,1.66,0,0
vllm::unquantized_gemm,,,4.068,14.824,0,19.1005,0,19.1005
aten::linear,,,0.797,10.756,0,19.1005,0,19.1005
aten::t,,,0.954,2.31,0,0,0,0
aten::transpose,,,0.532,1.356,0,0,0,0
aten::as_strided,,,0.824,0.824,0,0,0,0
aten::matmul,,,3.076,7.649,0,19.1005,0,19.1005
empty_tensor,,,2.013,2.013,0,0,0,0
aclnnMatmul,,,2.56,2.56,19.1005,19.1005,19.1005,19.1005
npu::npu_swiglu,,,10.014,20.757,0,2.92,0,0
empty_tensor,,,1.033,1.033,0,0,0,0
aclnnSwiGlu,,,9.71,9.71,2.92,2.92,0,0
vllm::unquantized_gemm,,,3.375,11.477,0,16.5805,0,16.5805
aten::linear,,,0.661,8.102,0,16.5805,0,16.5805
aten::t,,,0.751,1.841,0,0,0,0
aten::transpose,,,0.364,1.09,0,0,0,0
aten::as_strided,,,0.726,0.726,0,0,0,0
aten::matmul,,,2.2,5.6,0,16.5805,0,16.5805
empty_tensor,,,0.997,0.997,0,0,0,0
aclnnMatmul,,,2.403,2.403,16.5805,16.5805,16.5805,16.5805
vllm::maybe_chunk_residual,,,4.118,4.118,0,0,0,0
_C_ascend::npu_add_rms_norm_bias,,,8.496,16.224,0,1.6605,0,0
aten::empty,,,0.413,1.496,0,0,0,0
empty_tensor,,,1.083,1.083,0,0,0,0
aten::empty,,,0.223,1.443,0,0,0,0
empty_tensor,,,1.22,1.22,0,0,0,0
aten::empty,,,0.451,1.078,0,0,0,0
empty_tensor,,,0.627,0.627,0,0,0,0
aten::empty,,,0.271,1.394,0,0,0,0
empty_tensor,,,1.123,1.123,0,0,0,0
aclnnAddRmsNormBias,,,2.317,2.317,1.6605,1.6605,0,0
vllm::unquantized_gemm,,,4.223,16.092,0,8.5405,0,7.3405
aten::linear,,,1.249,11.869,0,8.5405,0,7.3405
aten::t,,,0.525,1.377,0,0,0,0
aten::transpose,,,0.332,0.852,0,0,0,0
aten::as_strided,,,0.52,0.52,0,0,0,0
aten::addmm,,,5.801,9.243,0,8.5405,0,7.3405
empty_tensor,,,1.16,1.16,0,0,0,0
aclnnAddmm,,,2.282,2.282,8.5405,8.5405,7.3405,7.3405
aten::split_with_sizes,,,1.63,3.17,0,0,0,0
aten::as_strided,,,0.596,0.596,0,0,0,0
aten::as_strided,,,0.477,0.477,0,0,0,0
aten::as_strided,,,0.467,0.467,0,0,0,0
vllm::npu_rotary_embedding,,,205.801,212.437,0,3.14,0,0
aten::view,,,0.891,0.891,0,0,0,0
aten::view,,,0.443,0.443,0,0,0,0
_triton_rope,,,3.633,3.633,3.14,3.14,0,0
aten::view,,,1.087,1.087,0,0,0,0
aten::view,,,0.582,0.582,0,0,0,0
aten::empty,,,0.648,2.252,0,0,0,0
empty_tensor,,,1.604,1.604,0,0,0,0
aten::view,,,0.607,0.607,0,0,0,0
aten::view,,,0.466,0.466,0,0,0,0
aten::view,,,0.424,0.424,0,0,0,0
aten::view,,,0.378,0.378,0,0,0,0
vllm::unified_attention_with_output,,,166.277,1071.369,0,23.720499999999998,0,0
P12/A/0146/attention,,,427.074,905.092,0,23.720499999999998,0,0
aten::slice,,,1.352,2.568,0,0,0,0
aten::as_strided,,,1.216,1.216,0,0,0,0
aten::slice,,,0.435,0.74,0,0,0,0
aten::as_strided,,,0.305,0.305,0,0,0,0
aten::slice,,,2.402,3.153,0,0,0,0
aten::as_strided,,,0.751,0.751,0,0,0,0
P12/A/0147/cache_write,,,115.605,136.305,0,1.66,0,0
atb::_npu_reshape_and_cache,,,18.028,20.7,0,1.66,0,0
ReshapeCacheOperation,,,2.672,2.672,1.66,1.66,0,0
P12/A/0148/fia,,,229.93,316.47,0,22.060499999999998,0,0
aten::view,,,4.632,4.632,0,0,0,0
aten::view,,,1.1,1.1,0,0,0,0
aten::slice,,,0.953,1.905,0,0,0,0
aten::as_strided,,,0.952,0.952,0,0,0,0
npu::npu_fused_infer_attention_score,,,36.864,46.727,0,21.4805,0,0
empty_tensor,,,3.97,3.97,0,0,0,0
empty_tensor,,,1.238,1.238,0,0,0,0
empty_tensor,,,0.745,0.745,0,0,0,0
empty_tensor,,,0.603,0.603,0,0,0,0
aclnnFusedInferAttentionScoreV3,,,3.307,3.307,21.4805,21.4805,0,0
aten::view,,,0.891,0.891,0,0,0,0
aten::slice,,,0.79,1.494,0,0,0,0
aten::as_strided,,,0.704,0.704,0,0,0,0
aten::copy_,,,19.533,29.791,0,0.58,0,0
aclnnInplaceCopy,,,10.258,10.258,0.58,0.58,0,0
aten::slice,,,0.871,1.895,0,0,0,0
aten::as_strided,,,1.024,1.024,0,0,0,0
aten::copy_,,,13.636,16.887,0,0,0,0
aclnnInplaceCopy,,,3.251,3.251,0,0,0,0
aten::view,,,1.272,1.272,0,0,0,0
vllm::unquantized_gemm,,,7.695,26.145,0,5.64,0,5.64
aten::linear,,,1.719,18.45,0,5.64,0,5.64
aten::t,,,2.272,4.459,0,0,0,0
aten::transpose,,,1.135,2.187,0,0,0,0
aten::as_strided,,,1.052,1.052,0,0,0,0
aten::matmul,,,6.447,12.272,0,5.64,0,5.64
empty_tensor,,,3.27,3.27,0,0,0,0
aclnnMatmul,,,2.555,2.555,5.64,5.64,5.64,5.64
vllm::maybe_chunk_residual,,,5.203,5.203,0,0,0,0
_C_ascend::npu_add_rms_norm_bias,,,14.195,25.639,0,1.82,0,0
aten::empty,,,1.054,3.174,0,0,0,0
empty_tensor,,,2.12,2.12,0,0,0,0
aten::empty,,,0.443,1.391,0,0,0,0
empty_tensor,,,0.948,0.948,0,0,0,0
aten::empty,,,1.09,2.014,0,0,0,0
empty_tensor,,,0.924,0.924,0,0,0,0
aten::empty,,,0.349,2.262,0,0,0,0
empty_tensor,,,1.913,1.913,0,0,0,0
aclnnAddRmsNormBias,,,2.603,2.603,1.82,1.82,0,0
vllm::unquantized_gemm,,,5.686,18.557,0,18.961,0,18.961
aten::linear,,,1.082,12.871,0,18.961,0,18.961
aten::t,,,1.289,3.351,0,0,0,0
aten::transpose,,,0.755,2.062,0,0,0,0
aten::as_strided,,,1.307,1.307,0,0,0,0
aten::matmul,,,4.345,8.438,0,18.961,0,18.961
empty_tensor,,,1.619,1.619,0,0,0,0
aclnnMatmul,,,2.474,2.474,18.961,18.961,18.961,18.961
npu::npu_swiglu,,,12.987,17.406,0,2.92,0,0
empty_tensor,,,1.67,1.67,0,0,0,0
aclnnSwiGlu,,,2.749,2.749,2.92,2.92,0,0
vllm::unquantized_gemm,,,4.714,15.555,0,16.8205,0,16.8205
aten::linear,,,0.716,10.841,0,16.8205,0,16.8205
aten::t,,,0.769,2.732,0,0,0,0
aten::transpose,,,1.224,1.963,0,0,0,0
aten::as_strided,,,0.739,0.739,0,0,0,0
aten::matmul,,,3.065,7.393,0,16.8205,0,16.8205
empty_tensor,,,1.489,1.489,0,0,0,0
aclnnMatmul,,,2.839,2.839,16.8205,16.8205,16.8205,16.8205
vllm::maybe_chunk_residual,,,6.185,6.185,0,0,0,0
_C_ascend::npu_add_rms_norm_bias,,,12.499,29.258,0,2.16,0,0
aten::empty,,,0.612,2.207,0,0,0,0
empty_tensor,,,1.595,1.595,0,0,0,0
aten::empty,,,0.403,2.29,0,0,0,0
empty_tensor,,,1.887,1.887,0,0,0,0
aten::empty,,,0.617,2.205,0,0,0,0
empty_tensor,,,1.588,1.588,0,0,0,0
aten::empty,,,0.475,2.74,0,0,0,0
empty_tensor,,,2.265,2.265,0,0,0,0
aclnnAddRmsNormBias,,,7.317,7.317,2.16,2.16,0,0
vllm::unquantized_gemm,,,6.051,21.167,0,9.0805,0,7.9005
aten::linear,,,1.447,15.116,0,9.0805,0,7.9005
aten::t,,,1.073,2.626,0,0,0,0
aten::transpose,,,0.51,1.553,0,0,0,0
aten::as_strided,,,1.043,1.043,0,0,0,0
aten::addmm,,,6.99,11.043,0,9.0805,0,7.9005
empty_tensor,,,1.566,1.566,0,0,0,0
aclnnAddmm,,,2.487,2.487,9.0805,9.0805,7.9005,7.9005
aten::split_with_sizes,,,2.18,4.277,0,0,0,0
aten::as_strided,,,0.785,0.785,0,0,0,0
aten::as_strided,,,0.665,0.665,0,0,0,0
aten::as_strided,,,0.647,0.647,0,0,0,0
vllm::npu_rotary_embedding,,,286.751,293.089,0,2.9,0,0
aten::view,,,1.239,1.239,0,0,0,0
aten::view,,,0.464,0.464,0,0,0,0
_triton_rope,,,2.841,2.841,2.9,2.9,0,0
aten::view,,,1.18,1.18,0,0,0,0
aten::view,,,0.614,0.614,0,0,0,0
aten::empty,,,0.585,2.86,0,0,0,0
empty_tensor,,,2.275,2.275,0,0,0,0
aten::view,,,0.842,0.842,0,0,0,0
aten::view,,,0.445,0.445,0,0,0,0
aten::view,,,0.423,0.423,0,0,0,0
aten::view,,,0.363,0.363,0,0,0,0
vllm::unified_attention_with_output,,,205.212,1414.379,0,20.521,0,0
P12/A/0149/attention,,,573.651,1209.167,0,20.521,0,0
aten::slice,,,1.948,3.729,0,0,0,0
aten::as_strided,,,1.781,1.781,0,0,0,0
aten::slice,,,1.666,2.524,0,0,0,0
aten::as_strided,,,0.858,0.858,0,0,0,0
aten::slice,,,3.095,4.112,0,0,0,0
aten::as_strided,,,1.017,1.017,0,0,0,0
P12/A/0150/cache_write,,,148.293,171.906,0,1.56,0,0
atb::_npu_reshape_and_cache,,,18.447,23.613,0,1.56,0,0
ReshapeCacheOperation,,,5.166,5.166,1.56,1.56,0,0
P12/A/0151/fia,,,328.395,434.2,0,18.961,0,0
aten::view,,,4.184,4.184,0,0,0,0
aten::view,,,1.411,1.411,0,0,0,0
aten::slice,,,1.47,2.787,0,0,0,0
aten::as_strided,,,1.317,1.317,0,0,0,0
npu::npu_fused_infer_attention_score,,,50.479,65.266,0,18.401,0,0
empty_tensor,,,5.821,5.821,0,0,0,0
empty_tensor,,,2.058,2.058,0,0,0,0
empty_tensor,,,1.61,1.61,0,0,0,0
empty_tensor,,,1.335,1.335,0,0,0,0
aclnnFusedInferAttentionScoreV3,,,3.963,3.963,18.401,18.401,0,0
aten::view,,,1.291,1.291,0,0,0,0
aten::slice,,,0.953,2.266,0,0,0,0
aten::as_strided,,,1.313,1.313,0,0,0,0
aten::copy_,,,24.155,28.6,0,0.56,0,0
aclnnInplaceCopy,,,4.445,4.445,0.56,0.56,0,0
aten::slice,,,1.227,2.149,0,0,0,0
aten::as_strided,,,0.922,0.922,0,0,0,0
aten::copy_,,,13.683,16.896,0,0,0,0
aclnnInplaceCopy,,,3.213,3.213,0,0,0,0
aten::view,,,1.39,1.39,0,0,0,0
vllm::unquantized_gemm,,,9.79,34.47,0,5.84,0,5.84
aten::linear,,,1.788,24.68,0,5.84,0,5.84
aten::t,,,3.135,6.79,0,0,0,0
aten::transpose,,,1.349,3.655,0,0,0,0
aten::as_strided,,,2.306,2.306,0,0,0,0
aten::matmul,,,8.277,16.102,0,5.84,0,5.84
empty_tensor,,,4.807,4.807,0,0,0,0
aclnnMatmul,,,3.018,3.018,5.84,5.84,5.84,5.84
vllm::maybe_chunk_residual,,,7.525,7.525,0,0,0,0
_C_ascend::npu_add_rms_norm_bias,,,18.179,42.673,0,1.7,0,0
aten::empty,,,1.31,4.197,0,0,0,0
empty_tensor,,,2.887,2.887,0,0,0,0
aten::empty,,,0.724,2.763,0,0,0,0
empty_tensor,,,2.039,2.039,0,0,0,0
aten::empty,,,0.506,1.972,0,0,0,0
empty_tensor,,,1.466,1.466,0,0,0,0
aten::empty,,,0.473,3.126,0,0,0,0
empty_tensor,,,2.653,2.653,0,0,0,0
aclnnAddRmsNormBias,,,12.436,12.436,1.7,1.7,0,0
vllm::unquantized_gemm,,,5.894,19.412,0,19.561,0,19.561
aten::linear,,,1.138,13.518,0,19.561,0,19.561
aten::t,,,1.583,3.503,0,0,0,0
aten::transpose,,,0.729,1.92,0,0,0,0
aten::as_strided,,,1.191,1.191,0,0,0,0
aten::matmul,,,4.855,8.877,0,19.561,0,19.561
empty_tensor,,,1.94,1.94,0,0,0,0
aclnnMatmul,,,2.082,2.082,19.561,19.561,19.561,19.561
npu::npu_swiglu,,,12.375,15.623,0,3.92,0,0
empty_tensor,,,1.457,1.457,0,0,0,0
aclnnSwiGlu,,,1.791,1.791,3.92,3.92,0,0
vllm::unquantized_gemm,,,4.565,14.757,0,16.7005,0,16.7005
aten::linear,,,0.896,10.192,0,16.7005,0,16.7005
aten::t,,,1.066,2.301,0,0,0,0
aten::transpose,,,0.544,1.235,0,0,0,0
aten::as_strided,,,0.691,0.691,0,0,0,0
aten::matmul,,,3.663,6.995,0,16.7005,0,16.7005
empty_tensor,,,1.437,1.437,0,0,0,0
aclnnMatmul,,,1.895,1.895,16.7005,16.7005,16.7005,16.7005
vllm::maybe_chunk_residual,,,6.549,6.549,0,0,0,0
_C_ascend::npu_add_rms_norm_bias,,,8.245,16.221,0,1.7405,0,0
aten::empty,,,0.445,1.641,0,0,0,0
empty_tensor,,,1.196,1.196,0,0,0,0
aten::empty,,,0.312,1.759,0,0,0,0
empty_tensor,,,1.447,1.447,0,0,0,0
aten::empty,,,0.377,1.035,0,0,0,0
empty_tensor,,,0.658,0.658,0,0,0,0
aten::empty,,,0.242,1.483,0,0,0,0
empty_tensor,,,1.241,1.241,0,0,0,0
aclnnAddRmsNormBias,,,2.058,2.058,1.7405,1.7405,0,0
vllm::unquantized_gemm,,,4.529,15.649,0,8.6005,0,7.4405
aten::linear,,,1.005,11.12,0,8.6005,0,7.4405
aten::t,,,0.703,1.832,0,0,0,0
aten::transpose,,,0.493,1.129,0,0,0,0
aten::as_strided,,,0.636,0.636,0,0,0,0
aten::addmm,,,5.464,8.283,0,8.6005,0,7.4405
empty_tensor,,,1.123,1.123,0,0,0,0
aclnnAddmm,,,1.696,1.696,8.6005,8.6005,7.4405,7.4405
aten::split_with_sizes,,,1.605,2.972,0,0,0,0
aten::as_strided,,,0.605,0.605,0,0,0,0
aten::as_strided,,,0.38,0.38,0,0,0,0
aten::as_strided,,,0.382,0.382,0,0,0,0
vllm::npu_rotary_embedding,,,311.383,319.458,0,2.86,0,0
aten::view,,,0.874,0.874,0,0,0,0
aten::view,,,0.415,0.415,0,0,0,0
_triton_rope,,,4.176,4.176,2.86,2.86,0,0
aten::view,,,1.626,1.626,0,0,0,0
aten::view,,,0.984,0.984,0,0,0,0
aten::empty,,,0.919,4.387,0,0,0,0
empty_tensor,,,3.468,3.468,0,0,0,0
aten::view,,,1.179,1.179,0,0,0,0
aten::view,,,0.77,0.77,0,0,0,0
aten::view,,,0.708,0.708,0,0,0,0
aten::view,,,0.763,0.763,0,0,0,0
vllm::unified_attention_with_output,,,183.51,1431.103,0,25.581000000000003,0,0
P12/A/0152/attention,,,567.068,1247.593,0,25.581000000000003,0,0
aten::slice,,,2.296,4.447,0,0,0,0
aten::as_strided,,,2.151,2.151,0,0,0,0
aten::slice,,,0.685,1.489,0,0,0,0
aten::as_strided,,,0.804,0.804,0,0,0,0
aten::slice,,,3.179,4.108,0,0,0,0
aten::as_strided,,,0.929,0.929,0,0,0,0
P12/A/0153/cache_write,,,179.297,207.188,0,1.54,0,0
atb::_npu_reshape_and_cache,,,23.276,27.891,0,1.54,0,0
ReshapeCacheOperation,,,4.615,4.615,1.54,1.54,0,0
P12/A/0154/fia,,,327.372,444.055,0,24.041,0,0
aten::view,,,4.869,4.869,0,0,0,0
aten::view,,,1.607,1.607,0,0,0,0
aten::slice,,,1.726,3.317,0,0,0,0
aten::as_strided,,,1.591,1.591,0,0,0,0
npu::npu_fused_infer_attention_score,,,49.433,76.736,0,23.481,0,0
empty_tensor,,,6.504,6.504,0,0,0,0
empty_tensor,,,2.053,2.053,0,0,0,0
empty_tensor,,,1.587,1.587,0,0,0,0
empty_tensor,,,2.52,2.52,0,0,0,0
aclnnFusedInferAttentionScoreV3,,,14.639,14.639,23.481,23.481,0,0
aten::view,,,1.156,1.156,0,0,0,0
aten::slice,,,0.827,1.867,0,0,0,0
aten::as_strided,,,1.04,1.04,0,0,0,0
aten::copy_,,,24.782,27.131,0,0.56,0,0
aclnnInplaceCopy,,,2.349,2.349,0.56,0.56,0,0
aten::slice,,,0.949,2.153,0,0,0,0
aten::as_strided,,,1.204,1.204,0,0,0,0
aten::copy_,,,14.755,17.085,0,0,0,0
aclnnInplaceCopy,,,2.33,2.33,0,0,0,0
aten::view,,,1.634,1.634,0,0,0,0
vllm::unquantized_gemm,,,9.909,33.489,0,5.6605,0,5.6605
aten::linear,,,2.228,23.58,0,5.6605,0,5.6605
aten::t,,,2.968,6.013,0,0,0,0
aten::transpose,,,1.442,3.045,0,0,0,0
aten::as_strided,,,1.603,1.603,0,0,0,0
aten::matmul,,,8.056,15.339,0,5.6605,0,5.6605
empty_tensor,,,4.441,4.441,0,0,0,0
aclnnMatmul,,,2.842,2.842,5.6605,5.6605,5.6605,5.6605
vllm::maybe_chunk_residual,,,7.8,7.8,0,0,0,0
_C_ascend::npu_add_rms_norm_bias,,,17.925,31.705,0,1.68,0,0
aten::empty,,,1.42,4.015,0,0,0,0
empty_tensor,,,2.595,2.595,0,0,0,0
aten::empty,,,0.606,2.185,0,0,0,0
empty_tensor,,,1.579,1.579,0,0,0,0
aten::empty,,,0.365,1.989,0,0,0,0
empty_tensor,,,1.624,1.624,0,0,0,0
aten::empty,,,0.597,2.95,0,0,0,0
empty_tensor,,,2.353,2.353,0,0,0,0
aclnnAddRmsNormBias,,,2.641,2.641,1.68,1.68,0,0
vllm::unquantized_gemm,,,5.824,20.192,0,19.041,0,19.041
aten::linear,,,1.185,14.368,0,19.041,0,19.041
aten::t,,,1.342,3.188,0,0,0,0
aten::transpose,,,0.72,1.846,0,0,0,0
aten::as_strided,,,1.126,1.126,0,0,0,0
aten::matmul,,,4.391,9.995,0,19.041,0,19.041
empty_tensor,,,2.006,2.006,0,0,0,0
aclnnMatmul,,,3.598,3.598,19.041,19.041,19.041,19.041
npu::npu_swiglu,,,12.337,18.228,0,2.98,0,0
empty_tensor,,,1.568,1.568,0,0,0,0
aclnnSwiGlu,,,4.323,4.323,2.98,2.98,0,0
vllm::unquantized_gemm,,,4.77,33.146,0,16.581,0,16.581
aten::linear,,,1.001,28.376,0,16.581,0,16.581
aten::t,,,1.092,2.504,0,0,0,0
aten::transpose,,,0.628,1.412,0,0,0,0
aten::as_strided,,,0.784,0.784,0,0,0,0
aten::matmul,,,3.596,24.871,0,16.581,0,16.581
empty_tensor,,,1.727,1.727,0,0,0,0
aclnnMatmul,,,19.548,19.548,16.581,16.581,16.581,16.581
vllm::maybe_chunk_residual,,,6.08,6.08,0,0,0,0
_C_ascend::npu_add_rms_norm_bias,,,11.871,23.207,0,1.7,0,0
aten::empty,,,0.549,1.995,0,0,0,0
empty_tensor,,,1.446,1.446,0,0,0,0
aten::empty,,,0.36,1.83,0,0,0,0
empty_tensor,,,1.47,1.47,0,0,0,0
aten::empty,,,0.46,2.134,0,0,0,0
empty_tensor,,,1.674,1.674,0,0,0,0
aten::empty,,,0.531,2.38,0,0,0,0
empty_tensor,,,1.849,1.849,0,0,0,0
aclnnAddRmsNormBias,,,2.997,2.997,1.7,1.7,0,0
vllm::unquantized_gemm,,,5.609,20.314,0,8.5,0,7.32
aten::linear,,,1.521,14.705,0,8.5,0,7.32
aten::t,,,0.965,2.22,0,0,0,0
aten::transpose,,,0.469,1.255,0,0,0,0
aten::as_strided,,,0.786,0.786,0,0,0,0
aten::addmm,,,6.611,10.964,0,8.5,0,7.32
empty_tensor,,,1.663,1.663,0,0,0,0
aclnnAddmm,,,2.69,2.69,8.5,8.5,7.32,7.32
aten::split_with_sizes,,,1.802,4.655,0,0,0,0
aten::as_strided,,,0.707,0.707,0,0,0,0
aten::as_strided,,,1.726,1.726,0,0,0,0
aten::as_strided,,,0.42,0.42,0,0,0,0
vllm::npu_rotary_embedding,,,277.499,287.147,0,2.9405,0,0
aten::view,,,1.118,1.118,0,0,0,0
aten::view,,,0.536,0.536,0,0,0,0
_triton_rope,,,5.423,5.423,2.9405,2.9405,0,0
aten::view,,,1.685,1.685,0,0,0,0
aten::view,,,0.886,0.886,0,0,0,0
aten::empty,,,0.902,3.519,0,0,0,0
empty_tensor,,,2.617,2.617,0,0,0,0
aten::view,,,1.213,1.213,0,0,0,0
aten::view,,,0.837,0.837,0,0,0,0
aten::view,,,0.832,0.832,0,0,0,0
aten::view,,,0.853,0.853,0,0,0,0
vllm::unified_attention_with_output,,,214.656,1453.613,0,25.201,0,0
P12/A/0155/attention,,,561.87,1238.957,0,25.201,0,0
aten::slice,,,2.154,4.225,0,0,0,0
aten::as_strided,,,2.071,2.071,0,0,0,0
aten::slice,,,0.584,1.115,0,0,0,0
aten::as_strided,,,0.531,0.531,0,0,0,0
aten::slice,,,3.308,4.47,0,0,0,0
aten::as_strided,,,1.162,1.162,0,0,0,0
P12/A/0156/cache_write,,,167.64,194.085,0,1.62,0,0
atb::_npu_reshape_and_cache,,,22.496,26.445,0,1.62,0,0
ReshapeCacheOperation,,,3.949,3.949,1.62,1.62,0,0
P12/A/0157/fia,,,347.06,454.339,0,23.581,0,0
aten::view,,,4.435,4.435,0,0,0,0
aten::view,,,3.846,3.846,0,0,0,0
aten::slice,,,1.632,3.017,0,0,0,0
aten::as_strided,,,1.385,1.385,0,0,0,0
npu::npu_fused_infer_attention_score,,,48.902,63.358,0,23.001,0,0
empty_tensor,,,6.329,6.329,0,0,0,0
empty_tensor,,,2.162,2.162,0,0,0,0
empty_tensor,,,1.318,1.318,0,0,0,0
empty_tensor,,,0.93,0.93,0,0,0,0
aclnnFusedInferAttentionScoreV3,,,3.717,3.717,23.001,23.001,0,0
aten::view,,,3.152,3.152,0,0,0,0
aten::slice,,,1.109,2.051,0,0,0,0
aten::as_strided,,,0.942,0.942,0,0,0,0
aten::copy_,,,25.041,27.42,0,0.58,0,0
aclnnInplaceCopy,,,2.379,2.379,0.58,0.58,0,0
aten::slice,,,0.978,1.911,0,0,0,0
aten::as_strided,,,0.933,0.933,0,0,0,0
aten::copy_,,,14.051,16.942,0,0,0,0
aclnnInplaceCopy,,,2.891,2.891,0,0,0,0
aten::view,,,1.806,1.806,0,0,0,0
vllm::unquantized_gemm,,,9.937,43.4,0,6.0005,0,6.0005
aten::linear,,,2.059,33.463,0,6.0005,0,6.0005
aten::t,,,2.906,5.807,0,0,0,0
aten::transpose,,,1.414,2.901,0,0,0,0
aten::as_strided,,,1.487,1.487,0,0,0,0
aten::matmul,,,8.26,25.597,0,6.0005,0,6.0005
empty_tensor,,,4.698,4.698,0,0,0,0
aclnnMatmul,,,12.639,12.639,6.0005,6.0005,6.0005,6.0005
vllm::maybe_chunk_residual,,,8.255,8.255,0,0,0,0
_C_ascend::npu_add_rms_norm_bias,,,19.218,35.445,0,1.88,0,0
aten::empty,,,1.311,4.278,0,0,0,0
empty_tensor,,,2.967,2.967,0,0,0,0
aten::empty,,,0.634,2.194,0,0,0,0
empty_tensor,,,1.56,1.56,0,0,0,0
aten::empty,,,0.394,2.796,0,0,0,0
empty_tensor,,,2.402,2.402,0,0,0,0
aten::empty,,,0.67,3.351,0,0,0,0
empty_tensor,,,2.681,2.681,0,0,0,0
aclnnAddRmsNormBias,,,3.608,3.608,1.88,1.88,0,0
vllm::unquantized_gemm,,,6.185,19.925,0,19.101,0,19.101
aten::linear,,,1.252,13.74,0,19.101,0,19.101
aten::t,,,1.417,3.301,0,0,0,0
aten::transpose,,,0.789,1.884,0,0,0,0
aten::as_strided,,,1.095,1.095,0,0,0,0
aten::matmul,,,4.79,9.187,0,19.101,0,19.101
empty_tensor,,,1.695,1.695,0,0,0,0
aclnnMatmul,,,2.702,2.702,19.101,19.101,19.101,19.101
npu::npu_swiglu,,,13.386,17.393,0,3.1205,0,0
empty_tensor,,,1.507,1.507,0,0,0,0
aclnnSwiGlu,,,2.5,2.5,3.1205,3.1205,0,0
vllm::unquantized_gemm,,,5.157,15.882,0,16.8605,0,16.8605
aten::linear,,,0.941,10.725,0,16.8605,0,16.8605
aten::t,,,1.264,2.653,0,0,0,0
aten::transpose,,,0.599,1.389,0,0,0,0
aten::as_strided,,,0.79,0.79,0,0,0,0
aten::matmul,,,3.335,7.131,0,16.8605,0,16.8605
empty_tensor,,,1.391,1.391,0,0,0,0
aclnnMatmul,,,2.405,2.405,16.8605,16.8605,16.8605,16.8605
vllm::maybe_chunk_residual,,,6.785,6.785,0,0,0,0
_C_ascend::npu_add_rms_norm_bias,,,11.76,23.904,0,1.72,0,0
aten::empty,,,0.744,2.369,0,0,0,0
empty_tensor,,,1.625,1.625,0,0,0,0
aten::empty,,,0.376,2.326,0,0,0,0
empty_tensor,,,1.95,1.95,0,0,0,0
aten::empty,,,0.523,1.867,0,0,0,0
empty_tensor,,,1.344,1.344,0,0,0,0
aten::empty,,,0.44,2.582,0,0,0,0
empty_tensor,,,2.142,2.142,0,0,0,0
aclnnAddRmsNormBias,,,3.0,3.0,1.72,1.72,0,0
vllm::unquantized_gemm,,,6.775,22.653,0,8.8,0,7.66
aten::linear,,,2.172,15.878,0,8.8,0,7.66
aten::t,,,0.852,2.342,0,0,0,0
aten::transpose,,,0.727,1.49,0,0,0,0
aten::as_strided,,,0.763,0.763,0,0,0,0
aten::addmm,,,6.843,11.364,0,8.8,0,7.66
empty_tensor,,,1.623,1.623,0,0,0,0
aclnnAddmm,,,2.898,2.898,8.8,8.8,7.66,7.66
aten::split_with_sizes,,,1.813,3.151,0,0,0,0
aten::as_strided,,,0.65,0.65,0,0,0,0
aten::as_strided,,,0.277,0.277,0,0,0,0
aten::as_strided,,,0.411,0.411,0,0,0,0
vllm::npu_rotary_embedding,,,240.939,250.858,0,2.82,0,0
aten::view,,,0.977,0.977,0,0,0,0
aten::view,,,0.434,0.434,0,0,0,0
_triton_rope,,,6.624,6.624,2.82,2.82,0,0
aten::view,,,1.251,1.251,0,0,0,0
aten::view,,,0.633,0.633,0,0,0,0
aten::empty,,,0.723,3.167,0,0,0,0
empty_tensor,,,2.444,2.444,0,0,0,0
aten::view,,,0.815,0.815,0,0,0,0
aten::view,,,0.648,0.648,0,0,0,0
aten::view,,,0.443,0.443,0,0,0,0
aten::view,,,0.408,0.408,0,0,0,0
vllm::unified_attention_with_output,,,152.933,1035.597,0,27.121,0,0
P12/A/0158/attention,,,419.265,882.664,0,27.121,0,0
aten::slice,,,1.663,3.153,0,0,0,0
aten::as_strided,,,1.49,1.49,0,0,0,0
aten::slice,,,0.405,0.99,0,0,0,0
aten::as_strided,,,0.585,0.585,0,0,0,0
aten::slice,,,3.468,4.269,0,0,0,0
aten::as_strided,,,0.801,0.801,0,0,0,0
P12/A/0159/cache_write,,,114.241,138.008,0,1.62,0,0
atb::_npu_reshape_and_cache,,,20.764,23.767,0,1.62,0,0
ReshapeCacheOperation,,,3.003,3.003,1.62,1.62,0,0
P12/A/0160/fia,,,222.33,302.486,0,25.500999999999998,0,0
aten::view,,,3.048,3.048,0,0,0,0
aten::view,,,1.076,1.076,0,0,0,0
aten::slice,,,1.108,1.95,0,0,0,0
aten::as_strided,,,0.842,0.842,0,0,0,0
npu::npu_fused_infer_attention_score,,,39.154,49.269,0,24.921,0,0
empty_tensor,,,3.892,3.892,0,0,0,0
empty_tensor,,,1.343,1.343,0,0,0,0
empty_tensor,,,0.78,0.78,0,0,0,0
empty_tensor,,,0.962,0.962,0,0,0,0
aclnnFusedInferAttentionScoreV3,,,3.138,3.138,24.921,24.921,0,0
aten::view,,,0.913,0.913,0,0,0,0
aten::slice,,,0.611,1.262,0,0,0,0
aten::as_strided,,,0.651,0.651,0,0,0,0
aten::copy_,,,20.169,22.638,0,0.58,0,0
aclnnInplaceCopy,,,2.469,2.469,0.58,0.58,0,0
aten::slice,,,0.695,1.41,0,0,0,0
aten::as_strided,,,0.715,0.715,0,0,0,0
aten::copy_,,,10.046,13.083,0,0,0,0
aclnnInplaceCopy,,,3.037,3.037,0,0,0,0
aten::view,,,1.196,1.196,0,0,0,0
vllm::unquantized_gemm,,,7.854,25.87,0,5.82,0,5.82
aten::linear,,,1.53,18.016,0,5.82,0,5.82
aten::t,,,2.092,4.202,0,0,0,0
aten::transpose,,,1.143,2.11,0,0,0,0
aten::as_strided,,,0.967,0.967,0,0,0,0
aten::matmul,,,7.02,12.284,0,5.82,0,5.82
empty_tensor,,,2.828,2.828,0,0,0,0
aclnnMatmul,,,2.436,2.436,5.82,5.82,5.82,5.82
vllm::maybe_chunk_residual,,,5.307,5.307,0,0,0,0
_C_ascend::npu_add_rms_norm_bias,,,14.209,25.111,0,1.64,0,0
aten::empty,,,1.068,2.8,0,0,0,0
empty_tensor,,,1.732,1.732,0,0,0,0
aten::empty,,,0.526,1.708,0,0,0,0
empty_tensor,,,1.182,1.182,0,0,0,0
aten::empty,,,0.195,1.078,0,0,0,0
empty_tensor,,,0.883,0.883,0,0,0,0
aten::empty,,,0.39,2.294,0,0,0,0
empty_tensor,,,1.904,1.904,0,0,0,0
aclnnAddRmsNormBias,,,3.022,3.022,1.64,1.64,0,0
vllm::unquantized_gemm,,,3.992,13.567,0,19.201,0,19.201
aten::linear,,,0.663,9.575,0,19.201,0,19.201
aten::t,,,0.857,2.182,0,0,0,0
aten::transpose,,,0.451,1.325,0,0,0,0
aten::as_strided,,,0.874,0.874,0,0,0,0
aten::matmul,,,3.184,6.73,0,19.201,0,19.201
empty_tensor,,,1.208,1.208,0,0,0,0
aclnnMatmul,,,2.338,2.338,19.201,19.201,19.201,19.201
npu::npu_swiglu,,,10.464,23.59,0,3.0,0,0
empty_tensor,,,1.379,1.379,0,0,0,0
aclnnSwiGlu,,,11.747,11.747,3.0,3.0,0,0
vllm::unquantized_gemm,,,3.513,12.843,0,16.521,0,16.521
aten::linear,,,0.656,9.33,0,16.521,0,16.521
aten::t,,,0.702,1.789,0,0,0,0
aten::transpose,,,0.595,1.087,0,0,0,0
aten::as_strided,,,0.492,0.492,0,0,0,0
aten::matmul,,,2.273,6.885,0,16.521,0,16.521
empty_tensor,,,2.119,2.119,0,0,0,0
aclnnMatmul,,,2.493,2.493,16.521,16.521,16.521,16.521
vllm::maybe_chunk_residual,,,4.031,4.031,0,0,0,0
_C_ascend::npu_add_rms_norm_bias,,,8.926,17.175,0,1.66,0,0
aten::empty,,,0.413,1.595,0,0,0,0
empty_tensor,,,1.182,1.182,0,0,0,0
aten::empty,,,0.214,1.244,0,0,0,0
empty_tensor,,,1.03,1.03,0,0,0,0
aten::empty,,,0.474,1.398,0,0,0,0
empty_tensor,,,0.924,0.924,0,0,0,0
aten::empty,,,0.305,1.652,0,0,0,0
empty_tensor,,,1.347,1.347,0,0,0,0
aclnnAddRmsNormBias,,,2.36,2.36,1.66,1.66,0,0
vllm::unquantized_gemm,,,5.104,17.01,0,8.540000000000001,0,7.32
aten::linear,,,1.256,11.906,0,8.540000000000001,0,7.32
aten::t,,,0.671,1.603,0,0,0,0
aten::transpose,,,0.422,0.932,0,0,0,0
aten::as_strided,,,0.51,0.51,0,0,0,0
aten::addmm,,,5.355,9.047,0,8.540000000000001,0,7.32
empty_tensor,,,1.289,1.289,0,0,0,0
aclnnAddmm,,,2.403,2.403,8.540000000000001,8.540000000000001,7.32,7.32
aten::split_with_sizes,,,1.504,2.691,0,0,0,0
aten::as_strided,,,0.605,0.605,0,0,0,0
aten::as_strided,,,0.384,0.384,0,0,0,0
aten::as_strided,,,0.198,0.198,0,0,0,0
vllm::npu_rotary_embedding,,,206.407,212.771,0,2.94,0,0
aten::view,,,0.913,0.913,0,0,0,0
aten::view,,,0.479,0.479,0,0,0,0
_triton_rope,,,3.28,3.28,2.94,2.94,0,0
aten::view,,,0.985,0.985,0,0,0,0
aten::view,,,0.707,0.707,0,0,0,0
aten::empty,,,0.499,2.367,0,0,0,0
empty_tensor,,,1.868,1.868,0,0,0,0
aten::view,,,0.605,0.605,0,0,0,0
aten::view,,,0.928,0.928,0,0,0,0
aten::view,,,0.503,0.503,0,0,0,0
aten::view,,,0.402,0.402,0,0,0,0
vllm::unified_attention_with_output,,,142.168,981.574,0,21.8615,0,0
P12/A/0161/attention,,,382.178,839.406,0,21.8615,0,0
aten::slice,,,1.367,2.698,0,0,0,0
aten::as_strided,,,1.331,1.331,0,0,0,0
aten::slice,,,0.503,1.025,0,0,0,0
aten::as_strided,,,0.522,0.522,0,0,0,0
aten::slice,,,2.3,3.051,0,0,0,0
aten::as_strided,,,0.751,0.751,0,0,0,0
P12/A/0162/cache_write,,,108.577,130.203,0,1.6005,0,0
atb::_npu_reshape_and_cache,,,18.918,21.626,0,1.6005,0,0
ReshapeCacheOperation,,,2.708,2.708,1.6005,1.6005,0,0
P12/A/0163/fia,,,218.427,305.618,0,20.261,0,0
aten::view,,,2.891,2.891,0,0,0,0
aten::view,,,1.104,1.104,0,0,0,0
aten::slice,,,0.985,1.902,0,0,0,0
aten::as_strided,,,0.917,0.917,0,0,0,0
npu::npu_fused_infer_attention_score,,,38.682,50.183,0,19.681,0,0
empty_tensor,,,4.194,4.194,0,0,0,0
empty_tensor,,,1.144,1.144,0,0,0,0
empty_tensor,,,1.02,1.02,0,0,0,0
empty_tensor,,,0.967,0.967,0,0,0,0
aclnnFusedInferAttentionScoreV3,,,4.176,4.176,19.681,19.681,0,0
aten::view,,,0.868,0.868,0,0,0,0
aten::slice,,,0.509,1.135,0,0,0,0
aten::as_strided,,,0.626,0.626,0,0,0,0
aten::copy_,,,19.935,29.108,0,0.58,0,0
aclnnInplaceCopy,,,9.173,9.173,0.58,0.58,0,0
aten::slice,,,0.597,1.335,0,0,0,0
aten::as_strided,,,0.738,0.738,0,0,0,0
aten::copy_,,,10.561,13.298,0,0,0,0
aclnnInplaceCopy,,,2.737,2.737,0,0,0,0
aten::view,,,1.035,1.035,0,0,0,0
vllm::unquantized_gemm,,,7.218,24.791,0,5.72,0,5.72
aten::linear,,,1.705,17.573,0,5.72,0,5.72
aten::t,,,2.031,4.137,0,0,0,0
aten::transpose,,,1.04,2.106,0,0,0,0
aten::as_strided,,,1.066,1.066,0,0,0,0
aten::matmul,,,6.475,11.731,0,5.72,0,5.72
empty_tensor,,,2.769,2.769,0,0,0,0
aclnnMatmul,,,2.487,2.487,5.72,5.72,5.72,5.72
vllm::maybe_chunk_residual,,,5.187,5.187,0,0,0,0
_C_ascend::npu_add_rms_norm_bias,,,13.87,24.619,0,1.72,0,0
aten::empty,,,1.017,2.791,0,0,0,0
empty_tensor,,,1.774,1.774,0,0,0,0
aten::empty,,,0.43,1.701,0,0,0,0
empty_tensor,,,1.271,1.271,0,0,0,0
aten::empty,,,0.372,1.387,0,0,0,0
empty_tensor,,,1.015,1.015,0,0,0,0
aten::empty,,,0.341,2.155,0,0,0,0
empty_tensor,,,1.814,1.814,0,0,0,0
aclnnAddRmsNormBias,,,2.715,2.715,1.72,1.72,0,0
vllm::unquantized_gemm,,,4.157,14.527,0,19.341,0,19.341
aten::linear,,,0.845,10.37,0,19.341,0,19.341
aten::t,,,0.838,2.143,0,0,0,0
aten::transpose,,,0.445,1.305,0,0,0,0
aten::as_strided,,,0.86,0.86,0,0,0,0
aten::matmul,,,3.216,7.382,0,19.341,0,19.341
empty_tensor,,,1.199,1.199,0,0,0,0
aclnnMatmul,,,2.967,2.967,19.341,19.341,19.341,19.341
npu::npu_swiglu,,,9.823,13.945,0,3.08,0,0
empty_tensor,,,1.839,1.839,0,0,0,0
aclnnSwiGlu,,,2.283,2.283,3.08,3.08,0,0
vllm::unquantized_gemm,,,3.584,11.412,0,16.5805,0,16.5805
aten::linear,,,0.665,7.828,0,16.5805,0,16.5805
aten::t,,,0.651,1.51,0,0,0,0
aten::transpose,,,0.351,0.859,0,0,0,0
aten::as_strided,,,0.508,0.508,0,0,0,0
aten::matmul,,,2.205,5.653,0,16.5805,0,16.5805
empty_tensor,,,0.989,0.989,0,0,0,0
aclnnMatmul,,,2.459,2.459,16.5805,16.5805,16.5805,16.5805
vllm::maybe_chunk_residual,,,4.471,4.471,0,0,0,0
_C_ascend::npu_add_rms_norm_bias,,,9.085,20.007,0,2.02,0,0
aten::empty,,,0.436,1.532,0,0,0,0
empty_tensor,,,1.096,1.096,0,0,0,0
aten::empty,,,0.205,1.331,0,0,0,0
empty_tensor,,,1.126,1.126,0,0,0,0
aten::empty,,,0.308,1.415,0,0,0,0
empty_tensor,,,1.107,1.107,0,0,0,0
aten::empty,,,0.29,1.355,0,0,0,0
empty_tensor,,,1.065,1.065,0,0,0,0
aclnnAddRmsNormBias,,,5.289,5.289,2.02,2.02,0,0
vllm::unquantized_gemm,,,4.502,16.51,0,8.74,0,7.62
aten::linear,,,1.32,12.008,0,8.74,0,7.62
aten::t,,,0.623,1.643,0,0,0,0
aten::transpose,,,0.406,1.02,0,0,0,0
aten::as_strided,,,0.614,0.614,0,0,0,0
aten::addmm,,,5.564,9.045,0,8.74,0,7.62
empty_tensor,,,1.234,1.234,0,0,0,0
aclnnAddmm,,,2.247,2.247,8.74,8.74,7.62,7.62
aten::split_with_sizes,,,1.761,2.934,0,0,0,0
aten::as_strided,,,0.591,0.591,0,0,0,0
aten::as_strided,,,0.28,0.28,0,0,0,0
aten::as_strided,,,0.302,0.302,0,0,0,0
vllm::npu_rotary_embedding,,,273.946,281.144,0,2.92,0,0
aten::view,,,1.022,1.022,0,0,0,0
aten::view,,,0.538,0.538,0,0,0,0
_triton_rope,,,3.743,3.743,2.92,2.92,0,0
aten::view,,,1.225,1.225,0,0,0,0
aten::view,,,0.67,0.67,0,0,0,0
aten::empty,,,0.548,2.729,0,0,0,0
empty_tensor,,,2.181,2.181,0,0,0,0
aten::view,,,0.608,0.608,0,0,0,0
aten::view,,,0.45,0.45,0,0,0,0
aten::view,,,0.437,0.437,0,0,0,0
aten::view,,,0.584,0.584,0,0,0,0
vllm::unified_attention_with_output,,,200.386,1330.789,0,23.842,0,0
P12/A/0164/attention,,,509.562,1130.403,0,23.842,0,0
aten::slice,,,2.059,4.145,0,0,0,0
aten::as_strided,,,2.086,2.086,0,0,0,0
aten::slice,,,0.702,1.189,0,0,0,0
aten::as_strided,,,0.487,0.487,0,0,0,0
aten::slice,,,3.3,4.276,0,0,0,0
aten::as_strided,,,0.976,0.976,0,0,0,0
P12/A/0165/cache_write,,,155.163,180.62,0,1.4805,0,0
atb::_npu_reshape_and_cache,,,21.897,25.457,0,1.4805,0,0
ReshapeCacheOperation,,,3.56,3.56,1.4805,1.4805,0,0
P12/A/0166/fia,,,306.26,410.824,0,22.3615,0,0
aten::view,,,4.205,4.205,0,0,0,0
aten::view,,,1.274,1.274,0,0,0,0
aten::slice,,,1.832,4.452,0,0,0,0
aten::as_strided,,,2.62,2.62,0,0,0,0
npu::npu_fused_infer_attention_score,,,49.198,64.104,0,21.801,0,0
empty_tensor,,,6.324,6.324,0,0,0,0
empty_tensor,,,2.146,2.146,0,0,0,0
empty_tensor,,,1.401,1.401,0,0,0,0
empty_tensor,,,0.967,0.967,0,0,0,0
aclnnFusedInferAttentionScoreV3,,,4.068,4.068,21.801,21.801,0,0
aten::view,,,1.2,1.2,0,0,0,0
aten::slice,,,0.939,1.994,0,0,0,0
aten::as_strided,,,1.055,1.055,0,0,0,0
aten::copy_,,,24.54,27.335,0,0.5605,0,0
aclnnInplaceCopy,,,2.795,2.795,0.5605,0.5605,0,0
aten::slice,,,1.024,2.109,0,0,0,0
aten::as_strided,,,1.085,1.085,0,0,0,0
aten::copy_,,,14.66,17.678,0,0,0,0
aclnnInplaceCopy,,,3.018,3.018,0,0,0,0
aten::view,,,1.613,1.613,0,0,0,0
vllm::unquantized_gemm,,,9.99,37.347,0,5.8805,0,5.8805
aten::linear,,,1.972,27.357,0,5.8805,0,5.8805
aten::t,,,2.97,5.743,0,0,0,0
aten::transpose,,,1.389,2.773,0,0,0,0
aten::as_strided,,,1.384,1.384,0,0,0,0
aten::matmul,,,7.951,19.642,0,5.8805,0,5.8805
empty_tensor,,,8.418,8.418,0,0,0,0
aclnnMatmul,,,3.273,3.273,5.8805,5.8805,5.8805,5.8805
vllm::maybe_chunk_residual,,,8.048,8.048,0,0,0,0
_C_ascend::npu_add_rms_norm_bias,,,18.693,39.362,0,1.64,0,0
aten::empty,,,1.209,4.016,0,0,0,0
empty_tensor,,,2.807,2.807,0,0,0,0
aten::empty,,,0.635,2.584,0,0,0,0
empty_tensor,,,1.949,1.949,0,0,0,0
aten::empty,,,0.388,1.718,0,0,0,0
empty_tensor,,,1.33,1.33,0,0,0,0
aten::empty,,,0.657,4.234,0,0,0,0
empty_tensor,,,3.577,3.577,0,0,0,0
aclnnAddRmsNormBias,,,8.117,8.117,1.64,1.64,0,0
vllm::unquantized_gemm,,,5.95,19.52,0,19.3405,0,19.3405
aten::linear,,,1.075,13.57,0,19.3405,0,19.3405
aten::t,,,1.506,3.41,0,0,0,0
aten::transpose,,,0.747,1.904,0,0,0,0
aten::as_strided,,,1.157,1.157,0,0,0,0
aten::matmul,,,4.416,9.085,0,19.3405,0,19.3405
empty_tensor,,,1.621,1.621,0,0,0,0
aclnnMatmul,,,3.048,3.048,19.3405,19.3405,19.3405,19.3405
npu::npu_swiglu,,,13.633,20.344,0,3.1005,0,0
empty_tensor,,,1.713,1.713,0,0,0,0
aclnnSwiGlu,,,4.998,4.998,3.1005,3.1005,0,0
vllm::unquantized_gemm,,,5.033,16.791,0,16.861,0,16.861
aten::linear,,,0.907,11.758,0,16.861,0,16.861
aten::t,,,0.845,2.477,0,0,0,0
aten::transpose,,,0.593,1.632,0,0,0,0
aten::as_strided,,,1.039,1.039,0,0,0,0
aten::matmul,,,3.652,8.374,0,16.861,0,16.861
empty_tensor,,,1.955,1.955,0,0,0,0
aclnnMatmul,,,2.767,2.767,16.861,16.861,16.861,16.861
vllm::maybe_chunk_residual,,,7.074,7.074,0,0,0,0
_C_ascend::npu_add_rms_norm_bias,,,12.581,24.117,0,1.66,0,0
aten::empty,,,0.547,2.078,0,0,0,0
empty_tensor,,,1.531,1.531,0,0,0,0
aten::empty,,,0.368,1.95,0,0,0,0
empty_tensor,,,1.582,1.582,0,0,0,0
aten::empty,,,0.694,2.228,0,0,0,0
empty_tensor,,,1.534,1.534,0,0,0,0
aten::empty,,,0.411,2.254,0,0,0,0
empty_tensor,,,1.843,1.843,0,0,0,0
aclnnAddRmsNormBias,,,3.026,3.026,1.66,1.66,0,0
vllm::unquantized_gemm,,,6.342,22.492,0,9.4405,0,7.9005
aten::linear,,,1.567,16.15,0,9.4405,0,7.9005
aten::t,,,1.004,3.174,0,0,0,0
aten::transpose,,,0.965,2.17,0,0,0,0
aten::as_strided,,,1.205,1.205,0,0,0,0
aten::addmm,,,7.045,11.409,0,9.4405,0,7.9005
empty_tensor,,,1.488,1.488,0,0,0,0
aclnnAddmm,,,2.876,2.876,9.4405,9.4405,7.9005,7.9005
aten::split_with_sizes,,,2.26,4.244,0,0,0,0
aten::as_strided,,,0.794,0.794,0,0,0,0
aten::as_strided,,,0.588,0.588,0,0,0,0
aten::as_strided,,,0.602,0.602,0,0,0,0
vllm::npu_rotary_embedding,,,317.771,327.554,0,3.2,0,0
aten::view,,,1.25,1.25,0,0,0,0
aten::view,,,0.748,0.748,0,0,0,0
_triton_rope,,,5.322,5.322,3.2,3.2,0,0
aten::view,,,1.51,1.51,0,0,0,0
aten::view,,,0.953,0.953,0,0,0,0
aten::empty,,,0.73,3.798,0,0,0,0
empty_tensor,,,3.068,3.068,0,0,0,0
aten::view,,,1.256,1.256,0,0,0,0
aten::view,,,0.77,0.77,0,0,0,0
aten::view,,,0.703,0.703,0,0,0,0
aten::view,,,0.73,0.73,0,0,0,0
vllm::unified_attention_with_output,,,186.168,1396.917,0,18.8205,0,0
P12/A/0167/attention,,,563.286,1210.749,0,18.8205,0,0
aten::slice,,,1.804,3.746,0,0,0,0
aten::as_strided,,,1.942,1.942,0,0,0,0
aten::slice,,,0.664,1.425,0,0,0,0
aten::as_strided,,,0.761,0.761,0,0,0,0
aten::slice,,,4.18,5.129,0,0,0,0
aten::as_strided,,,0.949,0.949,0,0,0,0
P12/A/0168/cache_write,,,151.414,176.326,0,1.56,0,0
atb::_npu_reshape_and_cache,,,21.865,24.912,0,1.56,0,0
ReshapeCacheOperation,,,3.047,3.047,1.56,1.56,0,0
P12/A/0169/fia,,,326.13,440.792,0,17.260499999999997,0,0
aten::view,,,4.521,4.521,0,0,0,0
aten::view,,,2.147,2.147,0,0,0,0
aten::slice,,,1.497,2.911,0,0,0,0
aten::as_strided,,,1.414,1.414,0,0,0,0
npu::npu_fused_infer_attention_score,,,49.849,74.169,0,16.6805,0,0
empty_tensor,,,6.219,6.219,0,0,0,0
empty_tensor,,,2.082,2.082,0,0,0,0
empty_tensor,,,1.522,1.522,0,0,0,0
empty_tensor,,,1.338,1.338,0,0,0,0
aclnnFusedInferAttentionScoreV3,,,13.159,13.159,16.6805,16.6805,0,0
aten::view,,,1.209,1.209,0,0,0,0
aten::slice,,,0.976,1.984,0,0,0,0
aten::as_strided,,,1.008,1.008,0,0,0,0
aten::copy_,,,24.649,27.721,0,0.58,0,0
aclnnInplaceCopy,,,3.072,3.072,0.58,0.58,0,0
aten::slice,,,1.232,2.225,0,0,0,0
aten::as_strided,,,0.993,0.993,0,0,0,0
aten::copy_,,,14.908,17.82,0,0,0,0
aclnnInplaceCopy,,,2.912,2.912,0,0,0,0
aten::view,,,1.722,1.722,0,0,0,0
vllm::unquantized_gemm,,,10.095,35.195,0,5.62,0,5.62
aten::linear,,,1.874,25.1,0,5.62,0,5.62
aten::t,,,2.812,5.455,0,0,0,0
aten::transpose,,,1.311,2.643,0,0,0,0
aten::as_strided,,,1.332,1.332,0,0,0,0
aten::matmul,,,8.656,17.771,0,5.62,0,5.62
empty_tensor,,,5.817,5.817,0,0,0,0
aclnnMatmul,,,3.298,3.298,5.62,5.62,5.62,5.62
vllm::maybe_chunk_residual,,,8.852,8.852,0,0,0,0
_C_ascend::npu_add_rms_norm_bias,,,19.53,36.368,0,1.62,0,0
aten::empty,,,1.225,3.96,0,0,0,0
empty_tensor,,,2.735,2.735,0,0,0,0
aten::empty,,,0.802,2.587,0,0,0,0
empty_tensor,,,1.785,1.785,0,0,0,0
aten::empty,,,0.328,1.575,0,0,0,0
empty_tensor,,,1.247,1.247,0,0,0,0
aten::empty,,,0.523,3.198,0,0,0,0
empty_tensor,,,2.675,2.675,0,0,0,0
aclnnAddRmsNormBias,,,5.518,5.518,1.62,1.62,0,0
vllm::unquantized_gemm,,,6.278,19.832,0,19.481,0,19.481
aten::linear,,,1.153,13.554,0,19.481,0,19.481
aten::t,,,1.364,3.606,0,0,0,0
aten::transpose,,,0.911,2.242,0,0,0,0
aten::as_strided,,,1.331,1.331,0,0,0,0
aten::matmul,,,4.351,8.795,0,19.481,0,19.481
empty_tensor,,,1.749,1.749,0,0,0,0
aclnnMatmul,,,2.695,2.695,19.481,19.481,19.481,19.481
npu::npu_swiglu,,,13.941,18.615,0,3.6605,0,0
empty_tensor,,,1.959,1.959,0,0,0,0
aclnnSwiGlu,,,2.715,2.715,3.6605,3.6605,0,0
vllm::unquantized_gemm,,,5.139,20.893,0,16.5005,0,16.5005
aten::linear,,,1.112,15.754,0,16.5005,0,16.5005
aten::t,,,1.207,2.612,0,0,0,0
aten::transpose,,,0.59,1.405,0,0,0,0
aten::as_strided,,,0.815,0.815,0,0,0,0
aten::matmul,,,3.19,12.03,0,16.5005,0,16.5005
empty_tensor,,,1.51,1.51,0,0,0,0
aclnnMatmul,,,7.33,7.33,16.5005,16.5005,16.5005,16.5005
vllm::maybe_chunk_residual,,,6.41,6.41,0,0,0,0
_C_ascend::npu_add_rms_norm_bias,,,10.778,22.351,0,1.6605,0,0
aten::empty,,,0.615,2.176,0,0,0,0
empty_tensor,,,1.561,1.561,0,0,0,0
aten::empty,,,0.429,2.948,0,0,0,0
empty_tensor,,,2.519,2.519,0,0,0,0
aten::empty,,,0.431,1.661,0,0,0,0
empty_tensor,,,1.23,1.23,0,0,0,0
aten::empty,,,0.471,2.213,0,0,0,0
empty_tensor,,,1.742,1.742,0,0,0,0
aclnnAddRmsNormBias,,,2.575,2.575,1.6605,1.6605,0,0
vllm::unquantized_gemm,,,5.823,20.753,0,8.7005,0,7.46
aten::linear,,,1.604,14.93,0,8.7005,0,7.46
aten::t,,,0.799,2.213,0,0,0,0
aten::transpose,,,0.579,1.414,0,0,0,0
aten::as_strided,,,0.835,0.835,0,0,0,0
aten::addmm,,,7.246,11.113,0,8.7005,0,7.46
empty_tensor,,,1.694,1.694,0,0,0,0
aclnnAddmm,,,2.173,2.173,8.7005,8.7005,7.46,7.46
aten::split_with_sizes,,,2.4,4.617,0,0,0,0
aten::as_strided,,,0.709,0.709,0,0,0,0
aten::as_strided,,,0.736,0.736,0,0,0,0
aten::as_strided,,,0.772,0.772,0,0,0,0
vllm::npu_rotary_embedding,,,325.697,335.318,0,2.92,0,0
aten::view,,,1.538,1.538,0,0,0,0
aten::view,,,0.545,0.545,0,0,0,0
_triton_rope,,,5.05,5.05,2.92,2.92,0,0
aten::view,,,1.467,1.467,0,0,0,0
aten::view,,,1.021,1.021,0,0,0,0
aten::empty,,,0.912,4.562,0,0,0,0
empty_tensor,,,3.65,3.65,0,0,0,0
aten::view,,,0.801,0.801,0,0,0,0
aten::view,,,0.409,0.409,0,0,0,0
aten::view,,,0.473,0.473,0,0,0,0
aten::view,,,1.228,1.228,0,0,0,0
vllm::unified_attention_with_output,,,183.575,1385.046,0,25.301,0,0
P12/A/0170/attention,,,576.28,1201.471,0,25.301,0,0
aten::slice,,,2.029,3.856,0,0,0,0
aten::as_strided,,,1.827,1.827,0,0,0,0
aten::slice,,,0.753,1.234,0,0,0,0
aten::as_strided,,,0.481,0.481,0,0,0,0
aten::slice,,,3.361,4.341,0,0,0,0
aten::as_strided,,,0.98,0.98,0,0,0,0
P12/A/0171/cache_write,,,149.035,171.027,0,1.6,0,0
atb::_npu_reshape_and_cache,,,18.969,21.992,0,1.6,0,0
ReshapeCacheOperation,,,3.023,3.023,1.6,1.6,0,0
P12/A/0172/fia,,,318.061,423.574,0,23.700999999999997,0,0
aten::view,,,4.397,4.397,0,0,0,0
aten::view,,,1.212,1.212,0,0,0,0
aten::slice,,,1.47,2.765,0,0,0,0
aten::as_strided,,,1.295,1.295,0,0,0,0
npu::npu_fused_infer_attention_score,,,49.999,65.34,0,23.141,0,0
empty_tensor,,,6.169,6.169,0,0,0,0
empty_tensor,,,2.229,2.229,0,0,0,0
empty_tensor,,,1.729,1.729,0,0,0,0
empty_tensor,,,1.215,1.215,0,0,0,0
aclnnFusedInferAttentionScoreV3,,,3.999,3.999,23.141,23.141,0,0
aten::view,,,1.098,1.098,0,0,0,0
aten::slice,,,0.985,3.338,0,0,0,0
aten::as_strided,,,2.353,2.353,0,0,0,0
aten::copy_,,,24.667,27.363,0,0.56,0,0
aclnnInplaceCopy,,,2.696,2.696,0.56,0.56,0,0
aten::slice,,,1.093,2.253,0,0,0,0
aten::as_strided,,,1.16,1.16,0,0,0,0
aten::copy_,,,15.98,18.906,0,0,0,0
aclnnInplaceCopy,,,2.926,2.926,0,0,0,0
aten::view,,,1.601,1.601,0,0,0,0
vllm::unquantized_gemm,,,9.797,44.548,0,5.78,0,5.78
aten::linear,,,2.273,34.751,0,5.78,0,5.78
aten::t,,,3.019,5.79,0,0,0,0
aten::transpose,,,1.386,2.771,0,0,0,0
aten::as_strided,,,1.385,1.385,0,0,0,0
aten::matmul,,,8.449,26.688,0,5.78,0,5.78
empty_tensor,,,4.579,4.579,0,0,0,0
aclnnMatmul,,,13.66,13.66,5.78,5.78,5.78,5.78
vllm::maybe_chunk_residual,,,7.844,7.844,0,0,0,0
_C_ascend::npu_add_rms_norm_bias,,,19.748,35.198,0,1.78,0,0
aten::empty,,,1.21,3.88,0,0,0,0
empty_tensor,,,2.67,2.67,0,0,0,0
aten::empty,,,0.847,3.027,0,0,0,0
empty_tensor,,,2.18,2.18,0,0,0,0
aten::empty,,,0.376,1.897,0,0,0,0
empty_tensor,,,1.521,1.521,0,0,0,0
aten::empty,,,0.595,3.069,0,0,0,0
empty_tensor,,,2.474,2.474,0,0,0,0
aclnnAddRmsNormBias,,,3.577,3.577,1.78,1.78,0,0
vllm::unquantized_gemm,,,6.072,19.655,0,19.9605,0,19.9605
aten::linear,,,1.501,13.583,0,19.9605,0,19.9605
aten::t,,,1.395,3.43,0,0,0,0
aten::transpose,,,0.962,2.035,0,0,0,0
aten::as_strided,,,1.073,1.073,0,0,0,0
aten::matmul,,,4.671,8.652,0,19.9605,0,19.9605
empty_tensor,,,1.918,1.918,0,0,0,0
aclnnMatmul,,,2.063,2.063,19.9605,19.9605,19.9605,19.9605
npu::npu_swiglu,,,13.653,19.155,0,3.04,0,0
empty_tensor,,,1.676,1.676,0,0,0,0
aclnnSwiGlu,,,3.826,3.826,3.04,3.04,0,0
vllm::unquantized_gemm,,,5.305,15.868,0,16.7405,0,16.7405
aten::linear,,,0.867,10.563,0,16.7405,0,16.7405
aten::t,,,0.965,2.653,0,0,0,0
aten::transpose,,,0.665,1.688,0,0,0,0
aten::as_strided,,,1.023,1.023,0,0,0,0
aten::matmul,,,3.7,7.043,0,16.7405,0,16.7405
empty_tensor,,,1.569,1.569,0,0,0,0
aclnnMatmul,,,1.774,1.774,16.7405,16.7405,16.7405,16.7405
vllm::maybe_chunk_residual,,,6.449,6.449,0,0,0,0
_C_ascend::npu_add_rms_norm_bias,,,10.79,21.75,0,1.7205,0,0
aten::empty,,,0.631,2.292,0,0,0,0
empty_tensor,,,1.661,1.661,0,0,0,0
aten::empty,,,0.428,1.82,0,0,0,0
empty_tensor,,,1.392,1.392,0,0,0,0
aten::empty,,,0.564,2.352,0,0,0,0
empty_tensor,,,1.788,1.788,0,0,0,0
aten::empty,,,0.464,2.533,0,0,0,0
empty_tensor,,,2.069,2.069,0,0,0,0
aclnnAddRmsNormBias,,,1.963,1.963,1.7205,1.7205,0,0
vllm::unquantized_gemm,,,6.01,21.087,0,8.78,0,7.64
aten::linear,,,1.472,15.077,0,8.78,0,7.64
aten::t,,,1.034,2.34,0,0,0,0
aten::transpose,,,0.627,1.306,0,0,0,0
aten::as_strided,,,0.679,0.679,0,0,0,0
aten::addmm,,,7.104,11.265,0,8.78,0,7.64
empty_tensor,,,2.198,2.198,0,0,0,0
aclnnAddmm,,,1.963,1.963,8.78,8.78,7.64,7.64
aten::split_with_sizes,,,2.376,4.221,0,0,0,0
aten::as_strided,,,0.831,0.831,0,0,0,0
aten::as_strided,,,0.464,0.464,0,0,0,0
aten::as_strided,,,0.55,0.55,0,0,0,0
vllm::npu_rotary_embedding,,,320.596,333.591,0,2.9605,0,0
aten::view,,,1.523,1.523,0,0,0,0
aten::view,,,1.33,1.33,0,0,0,0
_triton_rope,,,7.799,7.799,2.9605,2.9605,0,0
aten::view,,,1.569,1.569,0,0,0,0
aten::view,,,0.774,0.774,0,0,0,0
aten::empty,,,0.671,2.928,0,0,0,0
empty_tensor,,,2.257,2.257,0,0,0,0
aten::view,,,0.68,0.68,0,0,0,0
aten::view,,,0.439,0.439,0,0,0,0
aten::view,,,0.433,0.433,0,0,0,0
aten::view,,,0.372,0.372,0,0,0,0
vllm::unified_attention_with_output,,,157.514,1008.442,0,25.081,0,0
P12/A/0173/attention,,,397.11,850.928,0,25.081,0,0
aten::slice,,,1.84,3.28,0,0,0,0
aten::as_strided,,,1.44,1.44,0,0,0,0
aten::slice,,,0.695,1.181,0,0,0,0
aten::as_strided,,,0.486,0.486,0,0,0,0
aten::slice,,,2.731,3.457,0,0,0,0
aten::as_strided,,,0.726,0.726,0,0,0,0
P12/A/0174/cache_write,,,112.087,138.24,0,1.62,0,0
atb::_npu_reshape_and_cache,,,22.06,26.153,0,1.62,0,0
ReshapeCacheOperation,,,4.093,4.093,1.62,1.62,0,0
P12/A/0175/fia,,,212.911,294.382,0,23.461,0,0
aten::view,,,3.074,3.074,0,0,0,0
aten::view,,,0.97,0.97,0,0,0,0
aten::slice,,,0.99,1.898,0,0,0,0
aten::as_strided,,,0.908,0.908,0,0,0,0
npu::npu_fused_infer_attention_score,,,39.349,50.127,0,22.881,0,0
empty_tensor,,,4.728,4.728,0,0,0,0
empty_tensor,,,1.474,1.474,0,0,0,0
empty_tensor,,,0.699,0.699,0,0,0,0
empty_tensor,,,0.617,0.617,0,0,0,0
aclnnFusedInferAttentionScoreV3,,,3.26,3.26,22.881,22.881,0,0
aten::view,,,0.908,0.908,0,0,0,0
aten::slice,,,0.562,1.225,0,0,0,0
aten::as_strided,,,0.663,0.663,0,0,0,0
aten::copy_,,,20.012,23.269,0,0.58,0,0
aclnnInplaceCopy,,,3.257,3.257,0.58,0.58,0,0
aten::slice,,,0.663,1.323,0,0,0,0
aten::as_strided,,,0.66,0.66,0,0,0,0
aten::copy_,,,9.379,11.955,0,0,0,0
aclnnInplaceCopy,,,2.576,2.576,0,0,0,0
aten::view,,,1.096,1.096,0,0,0,0
vllm::unquantized_gemm,,,7.443,25.525,0,5.88,0,5.88
aten::linear,,,1.59,18.082,0,5.88,0,5.88
aten::t,,,2.258,4.517,0,0,0,0
aten::transpose,,,1.114,2.259,0,0,0,0
aten::as_strided,,,1.145,1.145,0,0,0,0
aten::matmul,,,6.336,11.975,0,5.88,0,5.88
empty_tensor,,,3.043,3.043,0,0,0,0
aclnnMatmul,,,2.596,2.596,5.88,5.88,5.88,5.88
vllm::maybe_chunk_residual,,,5.248,5.248,0,0,0,0
_C_ascend::npu_add_rms_norm_bias,,,14.737,25.956,0,1.6805,0,0
aten::empty,,,1.196,2.984,0,0,0,0
empty_tensor,,,1.788,1.788,0,0,0,0
aten::empty,,,0.249,1.635,0,0,0,0
empty_tensor,,,1.386,1.386,0,0,0,0
aten::empty,,,0.215,1.037,0,0,0,0
empty_tensor,,,0.822,0.822,0,0,0,0
aten::empty,,,0.447,2.587,0,0,0,0
empty_tensor,,,2.14,2.14,0,0,0,0
aclnnAddRmsNormBias,,,2.976,2.976,1.6805,1.6805,0,0
vllm::unquantized_gemm,,,4.552,15.388,0,20.641,0,20.641
aten::linear,,,0.802,10.836,0,20.641,0,20.641
aten::t,,,0.856,2.801,0,0,0,0
aten::transpose,,,1.084,1.945,0,0,0,0
aten::as_strided,,,0.861,0.861,0,0,0,0
aten::matmul,,,3.248,7.233,0,20.641,0,20.641
empty_tensor,,,1.28,1.28,0,0,0,0
aclnnMatmul,,,2.705,2.705,20.641,20.641,20.641,20.641
npu::npu_swiglu,,,9.964,21.499,0,3.08,0,0
empty_tensor,,,1.349,1.349,0,0,0,0
aclnnSwiGlu,,,10.186,10.186,3.08,3.08,0,0
vllm::unquantized_gemm,,,5.389,13.847,0,16.841,0,16.841
aten::linear,,,0.664,8.458,0,16.841,0,16.841
aten::t,,,0.707,1.67,0,0,0,0
aten::transpose,,,0.423,0.963,0,0,0,0
aten::as_strided,,,0.54,0.54,0,0,0,0
aten::matmul,,,2.306,6.124,0,16.841,0,16.841
empty_tensor,,,1.485,1.485,0,0,0,0
aclnnMatmul,,,2.333,2.333,16.841,16.841,16.841,16.841
vllm::maybe_chunk_residual,,,4.308,4.308,0,0,0,0
_C_ascend::npu_add_rms_norm_bias,,,9.184,17.3,0,1.8,0,0
aten::empty,,,0.408,1.556,0,0,0,0
empty_tensor,,,1.148,1.148,0,0,0,0
aten::empty,,,0.399,1.333,0,0,0,0
empty_tensor,,,0.934,0.934,0,0,0,0
aten::empty,,,0.318,1.29,0,0,0,0
empty_tensor,,,0.972,0.972,0,0,0,0
aten::empty,,,0.282,1.653,0,0,0,0
empty_tensor,,,1.371,1.371,0,0,0,0
aclnnAddRmsNormBias,,,2.284,2.284,1.8,1.8,0,0
aten::index,,,11.296,16.718,0,8.94,0,0
empty_tensor,,,1.554,1.554,0,0,0,0
empty_tensor,,,1.475,1.475,0,0,0,0
aclnnIndex,,,2.393,2.393,8.94,8.94,0,0
aten::linear,,,1.021,12.208,0,221.589,0,221.589
aten::t,,,1.821,3.798,0,0,0,0
aten::transpose,,,0.973,1.977,0,0,0,0
aten::as_strided,,,1.004,1.004,0,0,0,0
aten::matmul,,,4.357,7.389,0,221.589,0,221.589
empty_tensor,,,1.407,1.407,0,0,0,0
aclnnMatmul,,,1.625,1.625,221.589,221.589,221.589,221.589
aten::alias,,,2.378,2.378,0,0,0,0
P12/A/0176/sample,,,1025.823,1955.218,0,423.43600000000004,0,0
aten::to,,,2.028,18.665,0,9.3805,0,0
aten::_to_copy,,,4.21,16.637,0,9.3805,0,0
aten::empty,,,0.912,3.8,0,0,0,0
empty_tensor,,,2.888,2.888,0,0,0,0
aten::copy_,,,5.805,8.627,0,9.3805,0,0
aclnnInplaceCopy,,,2.822,2.822,9.3805,9.3805,0,0
aten::lift_fresh,,,0.808,0.808,0,0,0,0
aten::to,,,1.725,1.725,0,0,0,0
aten::pin_memory,,,3.198,53.315,0,0,0,0
aten::is_pinned,,,13.822,13.822,0,0,0,0
aten::_pin_memory,,,17.075,36.295,0,0,0,0
aten::set_,,,3.448,3.448,0,0,0,0
aten::copy_,,,15.772,15.772,0,0,0,0
aten::to,,,0.686,19.418,0,2.68,0,0
aten::_to_copy,,,2.558,18.732,0,2.68,0,0
aten::empty_strided,,,4.647,5.727,0,0,0,0
empty_tensor,,,1.08,1.08,0,0,0,0
aten::copy_,,,7.679,10.447,0,2.68,0,0
acl_memcpy_host_to_device,,,2.768,2.768,2.68,2.68,0,0
record_event,,,4.3,4.3,0.0,0.0,0,0
aten::eq,,,5.358,19.168,0,2.5,0,0
empty_tensor,,,1.627,1.627,0,0,0,0
aclnnEqScalar,,,12.183,12.183,2.5,2.5,0,0
aten::masked_fill_,,,40.664,43.345,0,125.805,0,0
aclnnInplaceMaskedFillScalar,,,2.681,2.681,125.805,125.805,0,0
aten::zeros,,,3.703,9.811,0,9.2,0,0
empty_tensor,,,1.408,1.408,0,0,0,0
aten::zero_,,,3.817,4.7,0,9.2,0,0
aclnnInplaceZero,,,0.883,0.883,9.2,9.2,0,0
token_bin_counts_and_mask_kernel,,,3.793,3.793,65.5625,65.5625,0,0
aten::gt,,,6.492,12.185,0,24.981,0,0
empty_tensor,,,1.665,1.665,0,0,0,0
aclnnGtScalar,,,4.028,4.028,24.981,24.981,0,0
aten::zeros,,,0.821,4.788,0,2.34,0,0
empty_tensor,,,1.261,1.261,0,0,0,0
aten::zero_,,,1.727,2.706,0,2.34,0,0
aclnnInplaceZero,,,0.979,0.979,2.34,2.34,0,0
token_bin_counts_and_mask_kernel,,,5.748,5.748,67.7025,67.7025,0,0
aten::gt,,,2.943,5.91,0,13.5405,0,0
empty_tensor,,,1.378,1.378,0,0,0,0
aclnnGtScalar,,,1.589,1.589,13.5405,13.5405,0,0
apply_all_penalties_kernel,,,3.101,3.101,76.563,76.563,0,0
aten::argmax,,,6.384,23.225,0,19.741,0,0
aten::empty,,,0.772,2.257,0,0,0,0
empty_tensor,,,1.485,1.485,0,0,0,0
aten::argmax,,,9.523,14.584,0,19.741,0,0
aten::reshape,,,1.043,2.744,0,0,0,0
aten::view,,,1.701,1.701,0,0,0,0
aclnnArgMax,,,2.317,2.317,19.741,19.741,0,0
aten::view,,,0.522,0.522,0,0,0,0
aten::to,,,0.459,0.459,0,0,0,0
aten::to,,,0.615,9.357,0,1.32,0,0
aten::_to_copy,,,1.336,8.742,0,1.32,0,0
aten::empty,,,0.429,1.977,0,0,0,0
empty_tensor,,,1.548,1.548,0,0,0,0
aten::copy_,,,3.28,5.429,0,1.32,0,0
aclnnInplaceCopy,,,2.149,2.149,1.32,1.32,0,0
aten::unsqueeze,,,1.53,2.716,0,0,0,0
aten::as_strided,,,1.186,1.186,0,0,0,0
P12/A/0177/to_list,,,173.897,683.677,0,2.12,0,0
aten::slice,,,4.687,7.065,0,0,0,0
aten::as_strided,,,2.378,2.378,0,0,0,0
aten::copy_,,,9.469,11.411,0,2.12,0,0
acl_memcpy_device_to_host,,,1.942,1.942,2.12,2.12,0,0
Event::record,,,130.735,286.751,0,0.0,0,0
P12/A/0178/event_record,,,153.449,156.016,0,0.0,0,0
record_event,,,2.567,2.567,0.0,0.0,0,0
Event::synchronize,,,115.52,203.308,0,0,0,0
P12/A/0179/native_synchronize,,,87.788,87.788,0,0,0,0
aten::resolve_conj,,,1.058,1.058,0,0,0,0
aten::resolve_neg,,,0.187,0.187,0,0,0,0
aten::slice,,,1.299,3.359,0,0,0,0
aten::as_strided,,,2.06,2.06,0,0,0,0
P12/A/0180/manager_free,,,137.984,218.066,0,0,0,0
P12/A/0181/pool_free,,,80.082,80.082,0,0,0,0
aten::slice,,,5.226,7.954,0,0,0,0
aten::as_strided,,,2.728,2.728,0,0,0,0
aten::slice,,,0.783,1.338,0,0,0,0
aten::as_strided,,,0.555,0.555,0,0,0,0
aten::slice,,,0.928,1.386,0,0,0,0
aten::as_strided,,,0.458,0.458,0,0,0,0
P12/B/0182/allocate,,,225.318,316.31,0,0,0,0
P12/B/0183/pool_allocate,,,90.992,90.992,0,0,0,0
P12/B/0184/runner,,,4234.109,55675.249,0,4573.756,0,1715.1865
aten::slice,,,5.551,8.453,0,0,0,0
aten::as_strided,,,2.902,2.902,0,0,0,0
aten::slice,,,1.713,3.625,0,0,0,0
aten::as_strided,,,1.912,1.912,0,0,0,0
aten::copy_,,,17.354,21.925,0,2.66,0,0
acl_memcpy_host_to_device,,,4.571,4.571,2.66,2.66,0,0
aten::slice,,,0.863,1.293,0,0,0,0
aten::as_strided,,,0.43,0.43,0,0,0,0
aten::slice,,,0.751,1.157,0,0,0,0
aten::as_strided,,,0.406,0.406,0,0,0,0
aten::copy_,,,2.709,4.356,0,2.7,0,0
acl_memcpy_host_to_device,,,1.647,1.647,2.7,2.7,0,0
aten::slice,,,0.601,1.005,0,0,0,0
aten::as_strided,,,0.404,0.404,0,0,0,0
aten::slice,,,0.77,1.872,0,0,0,0
aten::as_strided,,,1.102,1.102,0,0,0,0
aten::copy_,,,2.309,13.66,0,2.8005,0,0
acl_memcpy_host_to_device,,,11.351,11.351,2.8005,2.8005,0,0
aten::empty,,,8.093,8.093,0,0,0,0
aten::detach,,,1.575,1.575,0,0,0,0
aten::to,,,1.543,1.543,0,0,0,0
aten::resolve_conj,,,0.794,0.794,0,0,0,0
aten::resolve_neg,,,0.251,0.251,0,0,0,0
aten::to,,,1.065,19.936,0,3.18,0,0
aten::_to_copy,,,4.085,18.871,0,3.18,0,0
aten::empty_strided,,,6.677,9.486,0,0,0,0
empty_tensor,,,2.809,2.809,0,0,0,0
aten::copy_,,,2.839,5.3,0,3.18,0,0
acl_memcpy_host_to_device,,,2.461,2.461,3.18,3.18,0,0
aten::slice,,,0.9,1.53,0,0,0,0
aten::as_strided,,,0.63,0.63,0,0,0,0
aten::slice,,,0.687,0.965,0,0,0,0
aten::as_strided,,,0.278,0.278,0,0,0,0
aten::slice,,,0.573,0.857,0,0,0,0
aten::as_strided,,,0.284,0.284,0,0,0,0
record_event,,,2.243,2.243,0.02,0.02,0,0
P12/B/0185/prepare,,,1555.305,2856.343,0,160.5855,0,0
P12/B/0186/buffer_copy,,,111.298,130.272,0,2.68,0,0
aten::slice,,,3.058,4.808,0,0,0,0
aten::as_strided,,,1.75,1.75,0,0,0,0
aten::slice,,,0.933,1.717,0,0,0,0
aten::as_strided,,,0.784,0.784,0,0,0,0
aten::copy_,,,7.736,12.449,0,2.68,0,0
acl_memcpy_host_to_device,,,4.713,4.713,2.68,2.68,0,0
aten::lift_fresh,,,0.498,0.498,0,0,0,0
aten::lift_fresh,,,0.105,0.105,0,0,0,0
aten::flatten,,,1.608,5.956,0,0,0,0
aten::view,,,4.348,4.348,0,0,0,0
aten::slice,,,1.557,2.095,0,0,0,0
aten::as_strided,,,0.538,0.538,0,0,0,0
aten::index_select,,,6.419,6.419,0,0,0,0
P12/B/0187/buffer_copy,,,96.03,106.386,0,2.68,0,0
aten::copy_,,,7.549,10.356,0,2.68,0,0
acl_memcpy_host_to_device,,,2.807,2.807,2.68,2.68,0,0
aten::slice,,,1.667,2.187,0,0,0,0
aten::as_strided,,,0.52,0.52,0,0,0,0
aten::lift_fresh,,,0.285,0.285,0,0,0,0
aten::slice,,,0.881,1.303,0,0,0,0
aten::as_strided,,,0.422,0.422,0,0,0,0
aten::add,,,12.503,12.503,0,0,0,0
aten::slice,,,0.521,0.743,0,0,0,0
aten::as_strided,,,0.222,0.222,0,0,0,0
aten::fill_,,,4.04,4.04,0,0,0,0
aten::slice,,,0.926,2.299,0,0,0,0
aten::as_strided,,,1.373,1.373,0,0,0,0
aten::fill_,,,9.844,14.008,0,1.12,0,0
aclnnInplaceFillScalar,,,4.164,4.164,1.12,1.12,0,0
P12/B/0188/buffer_copy,,,96.1,108.577,0,2.78,0,0
aten::slice,,,1.411,2.567,0,0,0,0
aten::as_strided,,,1.156,1.156,0,0,0,0
aten::slice,,,0.85,1.423,0,0,0,0
aten::as_strided,,,0.573,0.573,0,0,0,0
aten::copy_,,,6.11,8.487,0,2.78,0,0
acl_memcpy_host_to_device,,,2.377,2.377,2.78,2.78,0,0
aten::slice,,,1.011,1.335,0,0,0,0
aten::as_strided,,,0.324,0.324,0,0,0,0
aten::detach,,,2.22,2.22,0,0,0,0
aten::to,,,1.096,1.096,0,0,0,0
aten::resolve_conj,,,0.307,0.307,0,0,0,0
aten::resolve_neg,,,0.147,0.147,0,0,0,0
P12/B/0189/buffer_copy,,,90.974,95.3,0,0,0,0
aten::slice,,,1.539,2.779,0,0,0,0
aten::as_strided,,,1.24,1.24,0,0,0,0
aten::slice,,,0.662,0.997,0,0,0,0
aten::as_strided,,,0.335,0.335,0,0,0,0
aten::copy_,,,0.55,0.55,0,0,0,0
P12/B/0190/buffer_copy,,,83.145,104.085,0,2.64,0,0
aten::slice,,,1.647,2.628,0,0,0,0
aten::as_strided,,,0.981,0.981,0,0,0,0
aten::slice,,,0.819,1.291,0,0,0,0
aten::as_strided,,,0.472,0.472,0,0,0,0
aten::copy_,,,6.471,17.021,0,2.64,0,0
acl_memcpy_host_to_device,,,10.55,10.55,2.64,2.64,0,0
aten::fill_,,,5.763,8.575,0,0.88,0,0
aclnnInplaceFillScalar,,,2.812,2.812,0.88,0.88,0,0
aten::slice,,,1.421,2.125,0,0,0,0
aten::as_strided,,,0.704,0.704,0,0,0,0
aten::slice,,,0.727,1.097,0,0,0,0
aten::as_strided,,,0.37,0.37,0,0,0,0
aten::copy_,,,4.125,5.311,0,2.64,0,0
acl_memcpy_host_to_device,,,1.186,1.186,2.64,2.64,0,0
P12/B/0191/buffer_copy,,,79.866,90.122,0,2.78,0,0
aten::slice,,,1.162,1.98,0,0,0,0
aten::as_strided,,,0.818,0.818,0,0,0,0
aten::slice,,,0.799,1.077,0,0,0,0
aten::as_strided,,,0.278,0.278,0,0,0,0
aten::copy_,,,4.192,7.199,0,2.78,0,0
acl_memcpy_host_to_device,,,3.007,3.007,2.78,2.78,0,0
aten::slice,,,0.925,1.494,0,0,0,0
aten::as_strided,,,0.569,0.569,0,0,0,0
P12/B/0192/buffer_copy,,,73.797,82.951,0,3.0,0,0
aten::slice,,,1.009,1.63,0,0,0,0
aten::as_strided,,,0.621,0.621,0,0,0,0
aten::slice,,,0.646,0.951,0,0,0,0
aten::as_strided,,,0.305,0.305,0,0,0,0
aten::copy_,,,4.445,6.573,0,3.0,0,0
acl_memcpy_host_to_device,,,2.128,2.128,3.0,3.0,0,0
P12/B/0193/buffer_copy,,,72.13,82.321,0,2.66,0,0
aten::slice,,,1.62,2.439,0,0,0,0
aten::as_strided,,,0.819,0.819,0,0,0,0
aten::slice,,,0.962,1.324,0,0,0,0
aten::as_strided,,,0.362,0.362,0,0,0,0
aten::copy_,,,4.242,6.428,0,2.66,0,0
acl_memcpy_host_to_device,,,2.186,2.186,2.66,2.66,0,0
aten::slice,,,0.881,1.43,0,0,0,0
aten::as_strided,,,0.549,0.549,0,0,0,0
aten::index,,,12.601,21.987,0,8.94,0,0
empty_tensor,,,2.621,2.621,0,0,0,0
empty_tensor,,,4.302,4.302,0,0,0,0
aclnnIndex,,,2.463,2.463,8.94,8.94,0,0
aten::to,,,0.933,9.52,0,1.1005,0,0
aten::_to_copy,,,2.291,8.587,0,1.1005,0,0
aten::empty,,,0.799,2.279,0,0,0,0
empty_tensor,,,1.48,1.48,0,0,0,0
aten::copy_,,,2.973,4.017,0,1.1005,0,0
aclnnInplaceCopy,,,1.044,1.044,1.1005,1.1005,0,0
aten::slice,,,0.796,1.454,0,0,0,0
aten::as_strided,,,0.658,0.658,0,0,0,0
aten::add,,,8.465,20.626,0,2.5,0,0
empty_tensor,,,0.896,0.896,0,0,0,0
aclnnAdd,,,11.265,11.265,2.5,2.5,0,0
aten::slice,,,0.845,1.582,0,0,0,0
aten::as_strided,,,0.737,0.737,0,0,0,0
aten::copy_,,,25.562,27.303,0,1.22,0,0
aclnnInplaceCopy,,,1.741,1.741,1.22,1.22,0,0
aten::slice,,,0.757,1.127,0,0,0,0
aten::as_strided,,,0.37,0.37,0,0,0,0
aten::add,,,3.258,5.331,0,1.18,0,0
empty_tensor,,,1.315,1.315,0,0,0,0
aclnnAdd,,,0.758,0.758,1.18,1.18,0,0
aten::copy_,,,6.109,7.163,0,0.62,0,0
aclnnInplaceCopy,,,1.054,1.054,0.62,0.62,0,0
aten::slice,,,0.635,1.088,0,0,0,0
aten::as_strided,,,0.453,0.453,0,0,0,0
aten::fill_,,,2.787,3.911,0,0,0,0
aclnnInplaceFillScalar,,,1.124,1.124,0,0,0,0
aten::slice,,,0.944,1.554,0,0,0,0
aten::as_strided,,,0.61,0.61,0,0,0,0
aten::slice,,,0.465,0.786,0,0,0,0
aten::as_strided,,,0.321,0.321,0,0,0,0
P12/B/0194/slot_prepare,,,289.303,293.444,0,119.985,0,0
_compute_slot_mapping_kernel,,,4.141,4.141,119.985,119.985,0,0
aten::slice,,,2.35,3.89,0,0,0,0
aten::as_strided,,,1.54,1.54,0,0,0,0
aten::sub,,,10.25,22.68,0,1.18,0,0
empty_tensor,,,3.557,3.557,0,0,0,0
aten::item,,,1.688,2.965,0,0,0,0
aten::_local_scalar_dense,,,1.277,1.277,0,0,0,0
aclnnSubs,,,5.908,5.908,1.18,1.18,0,0
aten::detach,,,1.776,1.776,0,0,0,0
aten::to,,,0.914,0.914,0,0,0,0
aten::resolve_conj,,,0.336,0.336,0,0,0,0
aten::resolve_neg,,,0.163,0.163,0,0,0,0
aten::slice,,,2.969,4.869,0,0,0,0
aten::as_strided,,,1.9,1.9,0,0,0,0
aten::slice,,,1.108,1.97,0,0,0,0
aten::as_strided,,,0.862,0.862,0,0,0,0
aten::slice,,,1.712,2.509,0,0,0,0
aten::as_strided,,,0.797,0.797,0,0,0,0
aten::slice,,,0.896,1.403,0,0,0,0
aten::as_strided,,,0.507,0.507,0,0,0,0
aten::fill_,,,6.056,12.848,0,0,0,0
aclnnInplaceFillScalar,,,6.792,6.792,0,0,0,0
aten::slice,,,0.658,1.053,0,0,0,0
aten::as_strided,,,0.395,0.395,0,0,0,0
aten::fill_,,,1.827,3.667,0,0,0,0
aclnnInplaceFillScalar,,,1.84,1.84,0,0,0,0
aten::slice,,,0.839,1.282,0,0,0,0
aten::as_strided,,,0.443,0.443,0,0,0,0
aten::slice,,,0.89,1.113,0,0,0,0
aten::as_strided,,,0.223,0.223,0,0,0,0
aten::lt,,,9.665,9.665,0,0,0,0
aten::lift_fresh,,,0.298,0.298,0,0,0,0
aten::slice,,,0.503,0.851,0,0,0,0
aten::as_strided,,,0.348,0.348,0,0,0,0
aten::fill_,,,1.342,5.03,0,0,0,0
aten::copy_,,,3.688,3.688,0,0,0,0
aten::slice,,,0.523,0.788,0,0,0,0
aten::as_strided,,,0.265,0.265,0,0,0,0
aten::slice,,,0.558,0.998,0,0,0,0
aten::as_strided,,,0.44,0.44,0,0,0,0
aten::slice,,,1.403,1.748,0,0,0,0
aten::as_strided,,,0.345,0.345,0,0,0,0
aten::slice,,,0.466,0.807,0,0,0,0
aten::as_strided,,,0.341,0.341,0,0,0,0
aten::slice,,,0.408,0.797,0,0,0,0
aten::as_strided,,,0.389,0.389,0,0,0,0
aten::slice,,,0.907,2.322,0,0,0,0
aten::as_strided,,,1.415,1.415,0,0,0,0
aten::slice,,,0.967,1.331,0,0,0,0
aten::as_strided,,,0.364,0.364,0,0,0,0
aten::slice,,,0.519,0.692,0,0,0,0
aten::as_strided,,,0.173,0.173,0,0,0,0
aten::slice,,,0.803,1.117,0,0,0,0
aten::as_strided,,,0.314,0.314,0,0,0,0
aten::sub,,,4.537,4.537,0,0,0,0
aten::gt,,,6.775,16.115,0,0,0,0
aten::to,,,0.765,9.34,0,0,0,0
aten::_to_copy,,,2.946,8.575,0,0,0,0
aten::empty_strided,,,1.989,1.989,0,0,0,0
aten::copy_,,,3.64,3.64,0,0,0,0
aten::any,,,4.717,8.69,0,0,0,0
aten::view_as,,,0.996,2.058,0,0,0,0
aten::view,,,1.062,1.062,0,0,0,0
aten::to,,,0.173,0.173,0,0,0,0
aten::copy_,,,1.742,1.742,0,0,0,0
aten::is_nonzero,,,1.049,2.672,0,0,0,0
aten::item,,,0.628,1.623,0,0,0,0
aten::_local_scalar_dense,,,0.995,0.995,0,0,0,0
aten::to,,,0.237,2.987,0,0,0,0
aten::_to_copy,,,0.776,2.75,0,0,0,0
aten::empty_strided,,,0.469,0.469,0,0,0,0
aten::copy_,,,1.505,1.505,0,0,0,0
aten::argmax,,,2.944,3.313,0,0,0,0
aten::fill_,,,0.369,0.369,0,0,0,0
aten::item,,,0.328,0.632,0,0,0,0
aten::_local_scalar_dense,,,0.304,0.304,0,0,0,0
aten::select,,,4.064,4.391,0,0,0,0
aten::as_strided,,,0.327,0.327,0,0,0,0
aten::item,,,0.182,0.38,0,0,0,0
aten::_local_scalar_dense,,,0.198,0.198,0,0,0,0
aten::slice,,,0.533,0.871,0,0,0,0
aten::as_strided,,,0.338,0.338,0,0,0,0
aten::slice,,,0.739,1.322,0,0,0,0
aten::as_strided,,,0.583,0.583,0,0,0,0
aten::pin_memory,,,2.178,13.78,0,0,0,0
aten::is_pinned,,,11.602,11.602,0,0,0,0
aten::to,,,0.747,17.53,0,2.68,0,0
aten::_to_copy,,,1.872,16.783,0,2.68,0,0
aten::empty_strided,,,4.514,6.976,0,0,0,0
empty_tensor,,,2.462,2.462,0,0,0,0
aten::copy_,,,5.145,7.935,0,2.68,0,0
acl_memcpy_host_to_device,,,2.79,2.79,2.68,2.68,0,0
aten::resolve_conj,,,0.158,0.158,0,0,0,0
aten::resolve_neg,,,0.344,0.344,0,0,0,0
aten::slice,,,1.009,1.394,0,0,0,0
aten::as_strided,,,0.385,0.385,0,0,0,0
aten::resolve_conj,,,0.087,0.087,0,0,0,0
aten::resolve_neg,,,0.137,0.137,0,0,0,0
aten::slice,,,0.784,1.399,0,0,0,0
aten::as_strided,,,0.615,0.615,0,0,0,0
aten::slice,,,0.55,0.881,0,0,0,0
aten::as_strided,,,0.331,0.331,0,0,0,0
aten::index_select,,,9.255,14.682,0,10.3805,0,0
empty_tensor,,,2.797,2.797,0,0,0,0
aclnnIndexSelect,,,2.63,2.63,10.3805,10.3805,0,0
aten::view,,,1.302,1.302,0,0,0,0
aten::repeat,,,5.047,7.685,0,9.0005,0,0
empty_tensor,,,1.093,1.093,0,0,0,0
aclnnRepeat,,,1.545,1.545,9.0005,9.0005,0,0
aten::chunk,,,3.421,10.298,0,0,0,0
aten::split,,,2.065,6.877,0,0,0,0
aten::narrow,,,2.0,3.709,0,0,0,0
aten::slice,,,0.584,1.709,0,0,0,0
aten::as_strided,,,1.125,1.125,0,0,0,0
aten::narrow,,,0.35,1.103,0,0,0,0
aten::slice,,,0.269,0.753,0,0,0,0
aten::as_strided,,,0.484,0.484,0,0,0,0
aten::slice,,,0.73,1.558,0,0,0,0
aten::as_strided,,,0.828,0.828,0,0,0,0
aten::view,,,0.768,0.768,0,0,0,0
aten::expand,,,2.15,2.823,0,0,0,0
aten::as_strided,,,0.673,0.673,0,0,0,0
aten::copy_,,,3.234,5.734,0,3.28,0,0
aclnnInplaceCopy,,,2.5,2.5,3.28,3.28,0,0
aten::index_select,,,2.635,4.719,0,8.1405,0,0
empty_tensor,,,1.063,1.063,0,0,0,0
aclnnIndexSelect,,,1.021,1.021,8.1405,8.1405,0,0
aten::view,,,0.648,0.648,0,0,0,0
aten::repeat,,,1.558,3.533,0,5.46,0,0
empty_tensor,,,1.045,1.045,0,0,0,0
aclnnRepeat,,,0.93,0.93,5.46,5.46,0,0
aten::chunk,,,0.406,3.826,0,0,0,0
aten::split,,,0.559,3.42,0,0,0,0
aten::narrow,,,0.37,1.635,0,0,0,0
aten::slice,,,0.319,1.265,0,0,0,0
aten::as_strided,,,0.946,0.946,0,0,0,0
aten::narrow,,,0.325,1.226,0,0,0,0
aten::slice,,,0.238,0.901,0,0,0,0
aten::as_strided,,,0.663,0.663,0,0,0,0
aten::slice,,,0.834,1.201,0,0,0,0
aten::as_strided,,,0.367,0.367,0,0,0,0
aten::view,,,0.402,0.402,0,0,0,0
aten::expand,,,0.296,0.657,0,0,0,0
aten::as_strided,,,0.361,0.361,0,0,0,0
aten::copy_,,,2.202,17.47,0,2.3605,0,0
aclnnInplaceCopy,,,15.268,15.268,2.3605,2.3605,0,0
aten::slice,,,0.829,1.175,0,0,0,0
aten::as_strided,,,0.346,0.346,0,0,0,0
aten::slice,,,0.755,1.385,0,0,0,0
aten::as_strided,,,0.63,0.63,0,0,0,0
P12/B/0195/forward,,,8815.768,48237.659,0,4112.7785,0,1476.497
aten::to,,,1.346,27.885,0,1.2005,0,0
aten::_to_copy,,,3.001,26.539,0,1.2005,0,0
aten::empty,,,2.128,8.551,0,0,0,0
empty_tensor,,,6.423,6.423,0,0,0,0
aten::copy_,,,10.112,14.987,0,1.2005,0,0
aclnnInplaceCopy,,,4.875,4.875,1.2005,1.2005,0,0
aten::embedding,,,5.735,10.592,0,9.2605,0,0
empty_tensor,,,2.41,2.41,0,0,0,0
aclnnEmbedding,,,2.447,2.447,9.2605,9.2605,0,0
vllm::maybe_pad_and_reduce,,,15.31,15.31,0,0,0,0
npu::npu_rms_norm,,,31.803,38.478,0,16.8405,0,0
empty_tensor,,,1.985,1.985,0,0,0,0
empty_tensor,,,2.042,2.042,0,0,0,0
aclnnRmsNorm,,,2.648,2.648,16.8405,16.8405,0,0
vllm::unquantized_gemm,,,7.486,28.7,0,10.58,0,9.34
aten::linear,,,2.142,21.214,0,10.58,0,9.34
aten::t,,,3.029,6.745,0,0,0,0
aten::transpose,,,1.807,3.716,0,0,0,0
aten::as_strided,,,1.909,1.909,0,0,0,0
aten::addmm,,,7.525,12.327,0,10.58,0,9.34
empty_tensor,,,1.487,1.487,0,0,0,0
aclnnAddmm,,,3.315,3.315,10.58,10.58,9.34,9.34
aten::split_with_sizes,,,2.21,3.841,0,0,0,0
aten::as_strided,,,0.873,0.873,0,0,0,0
aten::as_strided,,,0.361,0.361,0,0,0,0
aten::as_strided,,,0.397,0.397,0,0,0,0
vllm::npu_rotary_embedding,,,234.662,261.899,0,19.281000000000002,0,0
aten::view,,,1.316,1.316,0,0,0,0
aten::view,,,0.551,0.551,0,0,0,0
aten::contiguous,,,2.001,11.085,0,2.24,0,0
aten::clone,,,1.667,9.084,0,2.24,0,0
empty_tensor,,,1.749,1.749,0,0,0,0
aten::copy_,,,2.984,5.668,0,2.24,0,0
aclnnInplaceCopy,,,2.684,2.684,2.24,2.24,0,0
aten::contiguous,,,0.333,5.972,0,2.68,0,0
aten::clone,,,0.503,5.639,0,2.68,0,0
empty_tensor,,,1.241,1.241,0,0,0,0
aten::copy_,,,1.785,3.895,0,2.68,0,0
aclnnInplaceCopy,,,2.11,2.11,2.68,2.68,0,0
_triton_rope,,,6.473,6.473,14.361,14.361,0,0
aten::view,,,1.177,1.177,0,0,0,0
aten::view,,,0.663,0.663,0,0,0,0
aten::empty,,,0.823,3.482,0,0,0,0
empty_tensor,,,2.659,2.659,0,0,0,0
aten::view,,,0.684,0.684,0,0,0,0
aten::view,,,0.446,0.446,0,0,0,0
aten::view,,,0.443,0.443,0,0,0,0
aten::view,,,0.668,0.668,0,0,0,0
vllm::unified_attention_with_output,,,255.528,1145.15,0,48.5815,0,0
P12/B/0196/attention,,,368.968,889.622,0,48.5815,0,0
aten::slice,,,1.83,3.333,0,0,0,0
aten::as_strided,,,1.503,1.503,0,0,0,0
aten::slice,,,0.504,1.226,0,0,0,0
aten::as_strided,,,0.722,0.722,0,0,0,0
aten::slice,,,3.004,3.892,0,0,0,0
aten::as_strided,,,0.888,0.888,0,0,0,0
P12/B/0197/cache_write,,,122.203,159.486,0,11.22,0,0
atb::_npu_reshape_and_cache,,,21.843,37.283,0,11.22,0,0
aten::contiguous,,,1.026,13.722,0,2.74,0,0
aten::clone,,,1.654,12.696,0,2.74,0,0
empty_tensor,,,2.947,2.947,0,0,0,0
aten::copy_,,,5.438,8.095,0,2.74,0,0
aclnnInplaceCopy,,,2.657,2.657,2.74,2.74,0,0
ReshapeCacheOperation,,,1.718,1.718,8.48,8.48,0,0
P12/B/0198/fia,,,221.652,340.335,0,37.3615,0,0
aten::slice,,,1.197,2.402,0,0,0,0
aten::as_strided,,,1.205,1.205,0,0,0,0
aten::slice,,,0.483,0.985,0,0,0,0
aten::as_strided,,,0.502,0.502,0,0,0,0
aten::slice,,,0.508,1.012,0,0,0,0
aten::as_strided,,,0.504,0.504,0,0,0,0
npu::npu_fused_infer_attention_score,,,89.322,98.822,0,36.341499999999996,0,0
empty_tensor,,,3.675,3.675,0,0,0,0
empty_tensor,,,1.182,1.182,0,0,0,0
empty_tensor,,,0.758,0.758,0,0,0,0
empty_tensor,,,0.655,0.655,0,0,0,0
aclnnFusedInferAttentionScoreV3,,,3.23,3.23,36.341499999999996,36.341499999999996,0,0
aten::view,,,1.276,1.276,0,0,0,0
aten::slice,,,0.476,1.147,0,0,0,0
aten::as_strided,,,0.671,0.671,0,0,0,0
aten::copy_,,,12.094,13.039,0,1.02,0,0
aclnnInplaceCopy,,,0.945,0.945,1.02,1.02,0,0
aten::slice,,,0.558,1.35,0,0,0,0
aten::as_strided,,,0.792,0.792,0,0,0,0
aten::copy_,,,8.861,11.032,0,0,0,0
aclnnInplaceCopy,,,2.171,2.171,0,0,0,0
aten::view,,,1.345,1.345,0,0,0,0
vllm::unquantized_gemm,,,8.036,26.923,0,7.6805,0,7.6805
aten::linear,,,1.863,18.887,0,7.6805,0,7.6805
aten::t,,,2.642,4.84,0,0,0,0
aten::transpose,,,1.165,2.198,0,0,0,0
aten::as_strided,,,1.033,1.033,0,0,0,0
aten::matmul,,,6.61,12.184,0,7.6805,0,7.6805
empty_tensor,,,3.168,3.168,0,0,0,0
aclnnMatmul,,,2.406,2.406,7.6805,7.6805,7.6805,7.6805
vllm::maybe_chunk_residual,,,6.414,6.414,0,0,0,0
_C_ascend::npu_add_rms_norm_bias,,,15.828,29.89,0,15.1405,0,0
aten::empty,,,1.034,2.965,0,0,0,0
empty_tensor,,,1.931,1.931,0,0,0,0
aten::empty,,,0.2,1.552,0,0,0,0
empty_tensor,,,1.352,1.352,0,0,0,0
aten::empty,,,0.436,1.311,0,0,0,0
empty_tensor,,,0.875,0.875,0,0,0,0
aten::empty,,,0.349,2.449,0,0,0,0
empty_tensor,,,2.1,2.1,0,0,0,0
aclnnAddRmsNormBias,,,5.785,5.785,15.1405,15.1405,0,0
vllm::unquantized_gemm,,,4.023,15.134,0,23.761,0,23.761
aten::linear,,,1.018,11.111,0,23.761,0,23.761
aten::t,,,2.339,3.573,0,0,0,0
aten::transpose,,,0.53,1.234,0,0,0,0
aten::as_strided,,,0.704,0.704,0,0,0,0
aten::matmul,,,3.245,6.52,0,23.761,0,23.761
empty_tensor,,,1.701,1.701,0,0,0,0
aclnnMatmul,,,1.574,1.574,23.761,23.761,23.761,23.761
npu::npu_swiglu,,,12.32,15.261,0,15.3805,0,0
empty_tensor,,,1.307,1.307,0,0,0,0
aclnnSwiGlu,,,1.634,1.634,15.3805,15.3805,0,0
vllm::unquantized_gemm,,,3.462,10.987,0,21.621,0,21.621
aten::linear,,,0.878,7.525,0,21.621,0,21.621
aten::t,,,0.801,1.697,0,0,0,0
aten::transpose,,,0.376,0.896,0,0,0,0
aten::as_strided,,,0.52,0.52,0,0,0,0
aten::matmul,,,2.152,4.95,0,21.621,0,21.621
empty_tensor,,,1.146,1.146,0,0,0,0
aclnnMatmul,,,1.652,1.652,21.621,21.621,21.621,21.621
vllm::maybe_chunk_residual,,,4.038,4.038,0,0,0,0
_C_ascend::npu_add_rms_norm_bias,,,7.2,15.31,0,12.3205,0,0
aten::empty,,,0.424,1.793,0,0,0,0
empty_tensor,,,1.369,1.369,0,0,0,0
aten::empty,,,0.194,1.006,0,0,0,0
empty_tensor,,,0.812,0.812,0,0,0,0
aten::empty,,,0.301,1.342,0,0,0,0
empty_tensor,,,1.041,1.041,0,0,0,0
aten::empty,,,0.346,1.711,0,0,0,0
empty_tensor,,,1.365,1.365,0,0,0,0
aclnnAddRmsNormBias,,,2.258,2.258,12.3205,12.3205,0,0
vllm::unquantized_gemm,,,4.248,15.835,0,10.2605,0,9.1005
aten::linear,,,1.077,11.587,0,10.2605,0,9.1005
aten::t,,,0.688,2.015,0,0,0,0
aten::transpose,,,0.76,1.327,0,0,0,0
aten::as_strided,,,0.567,0.567,0,0,0,0
aten::addmm,,,5.537,8.495,0,10.2605,0,9.1005
empty_tensor,,,1.394,1.394,0,0,0,0
aclnnAddmm,,,1.564,1.564,10.2605,10.2605,9.1005,9.1005
aten::split_with_sizes,,,1.52,2.793,0,0,0,0
aten::as_strided,,,0.634,0.634,0,0,0,0
aten::as_strided,,,0.376,0.376,0,0,0,0
aten::as_strided,,,0.263,0.263,0,0,0,0
vllm::npu_rotary_embedding,,,210.364,234.565,0,19.461,0,0
aten::view,,,0.996,0.996,0,0,0,0
aten::view,,,0.444,0.444,0,0,0,0
aten::contiguous,,,1.014,7.935,0,2.76,0,0
aten::clone,,,1.139,6.921,0,2.76,0,0
empty_tensor,,,1.252,1.252,0,0,0,0
aten::copy_,,,2.887,4.53,0,2.76,0,0
aclnnInplaceCopy,,,1.643,1.643,2.76,2.76,0,0
aten::contiguous,,,0.343,4.83,0,2.7005,0,0
aten::clone,,,0.419,4.487,0,2.7005,0,0
empty_tensor,,,1.347,1.347,0,0,0,0
aten::copy_,,,1.624,2.721,0,2.7005,0,0
aclnnInplaceCopy,,,1.097,1.097,2.7005,2.7005,0,0
_triton_rope,,,8.135,8.135,14.0005,14.0005,0,0
aten::view,,,1.127,1.127,0,0,0,0
aten::view,,,0.734,0.734,0,0,0,0
aten::empty,,,0.508,2.322,0,0,0,0
empty_tensor,,,1.814,1.814,0,0,0,0
aten::view,,,0.671,0.671,0,0,0,0
aten::view,,,0.881,0.881,0,0,0,0
aten::view,,,0.446,0.446,0,0,0,0
aten::view,,,0.598,0.598,0,0,0,0
vllm::unified_attention_with_output,,,148.965,1019.53,0,51.4015,0,0
P12/B/0199/attention,,,397.616,870.565,0,51.4015,0,0
aten::slice,,,1.487,2.921,0,0,0,0
aten::as_strided,,,1.434,1.434,0,0,0,0
aten::slice,,,0.59,0.978,0,0,0,0
aten::as_strided,,,0.388,0.388,0,0,0,0
aten::slice,,,2.519,3.225,0,0,0,0
aten::as_strided,,,0.706,0.706,0,0,0,0
P12/B/0200/cache_write,,,109.293,144.525,0,16.7405,0,0
atb::_npu_reshape_and_cache,,,19.835,35.232,0,16.7405,0,0
aten::contiguous,,,0.934,13.505,0,2.94,0,0
aten::clone,,,1.402,12.571,0,2.94,0,0
empty_tensor,,,3.162,3.162,0,0,0,0
aten::copy_,,,4.973,8.007,0,2.94,0,0
aclnnInplaceCopy,,,3.034,3.034,2.94,2.94,0,0
ReshapeCacheOperation,,,1.892,1.892,13.8005,13.8005,0,0
P12/B/0201/fia,,,217.198,307.247,0,34.661,0,0
aten::slice,,,1.208,2.419,0,0,0,0
aten::as_strided,,,1.211,1.211,0,0,0,0
aten::slice,,,0.456,0.926,0,0,0,0
aten::as_strided,,,0.47,0.47,0,0,0,0
aten::slice,,,0.392,0.881,0,0,0,0
aten::as_strided,,,0.489,0.489,0,0,0,0
npu::npu_fused_infer_attention_score,,,61.611,70.972,0,33.620999999999995,0,0
empty_tensor,,,2.987,2.987,0,0,0,0
empty_tensor,,,1.885,1.885,0,0,0,0
empty_tensor,,,0.797,0.797,0,0,0,0
empty_tensor,,,0.741,0.741,0,0,0,0
aclnnFusedInferAttentionScoreV3,,,2.951,2.951,33.620999999999995,33.620999999999995,0,0
aten::view,,,1.35,1.35,0,0,0,0
aten::slice,,,0.441,1.096,0,0,0,0
aten::as_strided,,,0.655,0.655,0,0,0,0
aten::copy_,,,11.218,12.405,0,1.04,0,0
aclnnInplaceCopy,,,1.187,1.187,1.04,1.04,0,0
aten::slice,,,0.659,1.455,0,0,0,0
aten::as_strided,,,0.796,0.796,0,0,0,0
aten::copy_,,,9.616,12.598,0,0,0,0
aclnnInplaceCopy,,,2.982,2.982,0,0,0,0
aten::view,,,1.126,1.126,0,0,0,0
vllm::unquantized_gemm,,,9.476,30.832,0,7.76,0,7.76
aten::linear,,,1.987,21.356,0,7.76,0,7.76
aten::t,,,2.927,5.997,0,0,0,0
aten::transpose,,,1.358,3.07,0,0,0,0
aten::as_strided,,,1.712,1.712,0,0,0,0
aten::matmul,,,7.446,13.372,0,7.76,0,7.76
empty_tensor,,,3.514,3.514,0,0,0,0
aclnnMatmul,,,2.412,2.412,7.76,7.76,7.76,7.76
vllm::maybe_chunk_residual,,,7.713,7.713,0,0,0,0
_C_ascend::npu_add_rms_norm_bias,,,16.791,34.494,0,14.7605,0,0
aten::empty,,,1.16,3.463,0,0,0,0
empty_tensor,,,2.303,2.303,0,0,0,0
aten::empty,,,0.368,1.945,0,0,0,0
empty_tensor,,,1.577,1.577,0,0,0,0
aten::empty,,,0.465,2.002,0,0,0,0
empty_tensor,,,1.537,1.537,0,0,0,0
aten::empty,,,0.5,3.004,0,0,0,0
empty_tensor,,,2.504,2.504,0,0,0,0
aclnnAddRmsNormBias,,,7.289,7.289,14.7605,14.7605,0,0
vllm::unquantized_gemm,,,4.47,15.712,0,23.321,0,23.321
aten::linear,,,0.95,11.242,0,23.321,0,23.321
aten::t,,,1.046,2.38,0,0,0,0
aten::transpose,,,0.509,1.334,0,0,0,0
aten::as_strided,,,0.825,0.825,0,0,0,0
aten::matmul,,,4.496,7.912,0,23.321,0,23.321
empty_tensor,,,1.491,1.491,0,0,0,0
aclnnMatmul,,,1.925,1.925,23.321,23.321,23.321,23.321
npu::npu_swiglu,,,10.538,13.401,0,14.6605,0,0
empty_tensor,,,1.251,1.251,0,0,0,0
aclnnSwiGlu,,,1.612,1.612,14.6605,14.6605,0,0
vllm::unquantized_gemm,,,3.415,10.126,0,22.301,0,22.301
aten::linear,,,0.524,6.711,0,22.301,0,22.301
aten::t,,,0.645,1.482,0,0,0,0
aten::transpose,,,0.47,0.837,0,0,0,0
aten::as_strided,,,0.367,0.367,0,0,0,0
aten::matmul,,,2.129,4.705,0,22.301,0,22.301
empty_tensor,,,1.043,1.043,0,0,0,0
aclnnMatmul,,,1.533,1.533,22.301,22.301,22.301,22.301
vllm::maybe_chunk_residual,,,4.426,4.426,0,0,0,0
_C_ascend::npu_add_rms_norm_bias,,,7.945,15.135,0,10.9405,0,0
aten::empty,,,0.421,1.592,0,0,0,0
empty_tensor,,,1.171,1.171,0,0,0,0
aten::empty,,,0.216,1.487,0,0,0,0
empty_tensor,,,1.271,1.271,0,0,0,0
aten::empty,,,0.358,1.159,0,0,0,0
empty_tensor,,,0.801,0.801,0,0,0,0
aten::empty,,,0.297,1.471,0,0,0,0
empty_tensor,,,1.174,1.174,0,0,0,0
aclnnAddRmsNormBias,,,1.481,1.481,10.9405,10.9405,0,0
vllm::unquantized_gemm,,,6.136,21.491,0,10.0605,0,8.8005
aten::linear,,,1.33,15.355,0,10.0605,0,8.8005
aten::t,,,0.966,2.392,0,0,0,0
aten::transpose,,,0.535,1.426,0,0,0,0
aten::as_strided,,,0.891,0.891,0,0,0,0
aten::addmm,,,7.357,11.633,0,10.0605,0,8.8005
empty_tensor,,,2.28,2.28,0,0,0,0
aclnnAddmm,,,1.996,1.996,10.0605,10.0605,8.8005,8.8005
aten::split_with_sizes,,,2.25,4.585,0,0,0,0
aten::as_strided,,,0.953,0.953,0,0,0,0
aten::as_strided,,,0.81,0.81,0,0,0,0
aten::as_strided,,,0.572,0.572,0,0,0,0
vllm::npu_rotary_embedding,,,323.093,354.554,0,19.020500000000002,0,0
aten::view,,,1.466,1.466,0,0,0,0
aten::view,,,0.727,0.727,0,0,0,0
aten::contiguous,,,1.265,10.219,0,2.88,0,0
aten::clone,,,1.577,8.954,0,2.88,0,0
empty_tensor,,,1.783,1.783,0,0,0,0
aten::copy_,,,3.754,5.594,0,2.88,0,0
aclnnInplaceCopy,,,1.84,1.84,2.88,2.88,0,0
aten::contiguous,,,0.607,8.41,0,2.72,0,0
aten::clone,,,0.675,7.803,0,2.72,0,0
empty_tensor,,,1.666,1.666,0,0,0,0
aten::copy_,,,2.63,5.462,0,2.72,0,0
aclnnInplaceCopy,,,2.832,2.832,2.72,2.72,0,0
_triton_rope,,,8.157,8.157,13.4205,13.4205,0,0
aten::view,,,1.491,1.491,0,0,0,0
aten::view,,,0.991,0.991,0,0,0,0
aten::empty,,,0.701,3.117,0,0,0,0
empty_tensor,,,2.416,2.416,0,0,0,0
aten::view,,,1.035,1.035,0,0,0,0
aten::view,,,0.689,0.689,0,0,0,0
aten::view,,,0.92,0.92,0,0,0,0
aten::view,,,1.093,1.093,0,0,0,0
vllm::unified_attention_with_output,,,191.238,1439.055,0,42.521499999999996,0,0
P12/B/0202/attention,,,561.135,1247.817,0,42.521499999999996,0,0
aten::slice,,,2.064,4.252,0,0,0,0
aten::as_strided,,,2.188,2.188,0,0,0,0
aten::slice,,,0.759,1.841,0,0,0,0
aten::as_strided,,,1.082,1.082,0,0,0,0
aten::slice,,,3.7,4.99,0,0,0,0
aten::as_strided,,,1.29,1.29,0,0,0,0
P12/B/0203/cache_write,,,157.432,209.592,0,11.5405,0,0
atb::_npu_reshape_and_cache,,,28.976,52.16,0,11.5405,0,0
aten::contiguous,,,1.3,21.251,0,2.66,0,0
aten::clone,,,2.08,19.951,0,2.66,0,0
empty_tensor,,,5.075,5.075,0,0,0,0
aten::copy_,,,7.569,12.796,0,2.66,0,0
aclnnInplaceCopy,,,5.227,5.227,2.66,2.66,0,0
ReshapeCacheOperation,,,1.933,1.933,8.8805,8.8805,0,0
P12/B/0204/fia,,,321.04,449.414,0,30.980999999999998,0,0
aten::slice,,,1.87,4.179,0,0,0,0
aten::as_strided,,,2.309,2.309,0,0,0,0
aten::slice,,,0.558,1.019,0,0,0,0
aten::as_strided,,,0.461,0.461,0,0,0,0
aten::slice,,,0.501,1.533,0,0,0,0
aten::as_strided,,,1.032,1.032,0,0,0,0
npu::npu_fused_infer_attention_score,,,83.016,98.059,0,29.961,0,0
empty_tensor,,,5.03,5.03,0,0,0,0
empty_tensor,,,1.405,1.405,0,0,0,0
empty_tensor,,,1.225,1.225,0,0,0,0
empty_tensor,,,1.382,1.382,0,0,0,0
aclnnFusedInferAttentionScoreV3,,,6.001,6.001,29.961,29.961,0,0
aten::view,,,1.875,1.875,0,0,0,0
aten::slice,,,0.836,1.81,0,0,0,0
aten::as_strided,,,0.974,0.974,0,0,0,0
aten::copy_,,,18.511,19.899,0,1.02,0,0
aclnnInplaceCopy,,,1.388,1.388,1.02,1.02,0,0
aten::slice,,,0.769,1.694,0,0,0,0
aten::as_strided,,,0.925,0.925,0,0,0,0
aten::copy_,,,11.859,14.899,0,0,0,0
aclnnInplaceCopy,,,3.04,3.04,0,0,0,0
aten::view,,,1.675,1.675,0,0,0,0
vllm::unquantized_gemm,,,9.931,33.74,0,7.3805,0,7.3805
aten::linear,,,2.131,23.809,0,7.3805,0,7.3805
aten::t,,,3.334,6.294,0,0,0,0
aten::transpose,,,1.42,2.96,0,0,0,0
aten::as_strided,,,1.54,1.54,0,0,0,0
aten::matmul,,,7.818,15.384,0,7.3805,0,7.3805
empty_tensor,,,4.495,4.495,0,0,0,0
aclnnMatmul,,,3.071,3.071,7.3805,7.3805,7.3805,7.3805
vllm::maybe_chunk_residual,,,8.024,8.024,0,0,0,0
_C_ascend::npu_add_rms_norm_bias,,,18.473,38.961,0,14.5605,0,0
aten::empty,,,1.248,3.903,0,0,0,0
empty_tensor,,,2.655,2.655,0,0,0,0
aten::empty,,,0.374,2.071,0,0,0,0
empty_tensor,,,1.697,1.697,0,0,0,0
aten::empty,,,0.457,2.062,0,0,0,0
empty_tensor,,,1.605,1.605,0,0,0,0
aten::empty,,,0.454,3.324,0,0,0,0
empty_tensor,,,2.87,2.87,0,0,0,0
aclnnAddRmsNormBias,,,9.128,9.128,14.5605,14.5605,0,0
vllm::unquantized_gemm,,,5.111,16.528,0,23.021,0,23.021
aten::linear,,,1.001,11.417,0,23.021,0,23.021
aten::t,,,1.093,2.47,0,0,0,0
aten::transpose,,,0.604,1.377,0,0,0,0
aten::as_strided,,,0.773,0.773,0,0,0,0
aten::matmul,,,3.579,7.946,0,23.021,0,23.021
empty_tensor,,,1.506,1.506,0,0,0,0
aclnnMatmul,,,2.861,2.861,23.021,23.021,23.021,23.021
npu::npu_swiglu,,,10.563,15.211,0,14.5405,0,0
empty_tensor,,,2.445,2.445,0,0,0,0
aclnnSwiGlu,,,2.203,2.203,14.5405,14.5405,0,0
vllm::unquantized_gemm,,,3.48,11.625,0,21.9805,0,21.9805
aten::linear,,,0.496,8.145,0,21.9805,0,21.9805
aten::t,,,0.804,1.811,0,0,0,0
aten::transpose,,,0.462,1.007,0,0,0,0
aten::as_strided,,,0.545,0.545,0,0,0,0
aten::matmul,,,2.382,5.838,0,21.9805,0,21.9805
empty_tensor,,,1.109,1.109,0,0,0,0
aclnnMatmul,,,2.347,2.347,21.9805,21.9805,21.9805,21.9805
vllm::maybe_chunk_residual,,,4.102,4.102,0,0,0,0
_C_ascend::npu_add_rms_norm_bias,,,9.197,17.502,0,10.7005,0,0
aten::empty,,,0.396,1.594,0,0,0,0
empty_tensor,,,1.198,1.198,0,0,0,0
aten::empty,,,0.236,1.523,0,0,0,0
empty_tensor,,,1.287,1.287,0,0,0,0
aten::empty,,,0.344,1.521,0,0,0,0
empty_tensor,,,1.177,1.177,0,0,0,0
aten::empty,,,0.318,1.564,0,0,0,0
empty_tensor,,,1.246,1.246,0,0,0,0
aclnnAddRmsNormBias,,,2.103,2.103,10.7005,10.7005,0,0
vllm::unquantized_gemm,,,5.842,21.405,0,9.8005,0,8.7005
aten::linear,,,1.378,15.563,0,9.8005,0,8.7005
aten::t,,,1.064,2.482,0,0,0,0
aten::transpose,,,0.508,1.418,0,0,0,0
aten::as_strided,,,0.91,0.91,0,0,0,0
aten::addmm,,,7.06,11.703,0,9.8005,0,8.7005
empty_tensor,,,1.846,1.846,0,0,0,0
aclnnAddmm,,,2.797,2.797,9.8005,9.8005,8.7005,8.7005
aten::split_with_sizes,,,2.218,4.455,0,0,0,0
aten::as_strided,,,1.044,1.044,0,0,0,0
aten::as_strided,,,0.588,0.588,0,0,0,0
aten::as_strided,,,0.605,0.605,0,0,0,0
vllm::npu_rotary_embedding,,,281.992,314.357,0,19.1005,0,0
aten::view,,,1.446,1.446,0,0,0,0
aten::view,,,0.706,0.706,0,0,0,0
aten::contiguous,,,1.346,11.612,0,2.78,0,0
aten::clone,,,1.625,10.266,0,2.78,0,0
empty_tensor,,,1.693,1.693,0,0,0,0
aten::copy_,,,4.14,6.948,0,2.78,0,0
aclnnInplaceCopy,,,2.808,2.808,2.78,2.78,0,0
aten::contiguous,,,0.649,7.842,0,2.9,0,0
aten::clone,,,0.803,7.193,0,2.9,0,0
empty_tensor,,,1.528,1.528,0,0,0,0
aten::copy_,,,2.693,4.862,0,2.9,0,0
aclnnInplaceCopy,,,2.169,2.169,2.9,2.9,0,0
_triton_rope,,,8.388,8.388,13.4205,13.4205,0,0
aten::view,,,1.451,1.451,0,0,0,0
aten::view,,,0.92,0.92,0,0,0,0
aten::empty,,,0.865,3.443,0,0,0,0
empty_tensor,,,2.578,2.578,0,0,0,0
aten::view,,,1.035,1.035,0,0,0,0
aten::view,,,0.943,0.943,0,0,0,0
aten::view,,,0.952,0.952,0,0,0,0
aten::view,,,1.179,1.179,0,0,0,0
vllm::unified_attention_with_output,,,215.294,1501.801,0,47.262,0,0
P12/B/0205/attention,,,584.776,1286.507,0,47.262,0,0
aten::slice,,,2.343,4.468,0,0,0,0
aten::as_strided,,,2.125,2.125,0,0,0,0
aten::slice,,,0.533,1.395,0,0,0,0
aten::as_strided,,,0.862,0.862,0,0,0,0
aten::slice,,,4.602,5.686,0,0,0,0
aten::as_strided,,,1.084,1.084,0,0,0,0
P12/B/0206/cache_write,,,163.08,210.022,0,11.7805,0,0
atb::_npu_reshape_and_cache,,,23.538,46.942,0,11.7805,0,0
aten::contiguous,,,1.428,19.718,0,2.7,0,0
aten::clone,,,1.962,18.29,0,2.7,0,0
empty_tensor,,,4.589,4.589,0,0,0,0
aten::copy_,,,7.756,11.739,0,2.7,0,0
aclnnInplaceCopy,,,3.983,3.983,2.7,2.7,0,0
ReshapeCacheOperation,,,3.686,3.686,9.0805,9.0805,0,0
P12/B/0207/fia,,,337.715,461.165,0,35.4815,0,0
aten::slice,,,2.424,4.697,0,0,0,0
aten::as_strided,,,2.273,2.273,0,0,0,0
aten::slice,,,0.677,1.494,0,0,0,0
aten::as_strided,,,0.817,0.817,0,0,0,0
aten::slice,,,0.389,1.299,0,0,0,0
aten::as_strided,,,0.91,0.91,0,0,0,0
npu::npu_fused_infer_attention_score,,,81.292,95.565,0,34.4815,0,0
empty_tensor,,,5.409,5.409,0,0,0,0
empty_tensor,,,1.84,1.84,0,0,0,0
empty_tensor,,,1.253,1.253,0,0,0,0
empty_tensor,,,0.952,0.952,0,0,0,0
aclnnFusedInferAttentionScoreV3,,,4.819,4.819,34.4815,34.4815,0,0
aten::view,,,1.73,1.73,0,0,0,0
aten::slice,,,0.768,1.719,0,0,0,0
aten::as_strided,,,0.951,0.951,0,0,0,0
aten::copy_,,,15.813,16.946,0,1.0,0,0
aclnnInplaceCopy,,,1.133,1.133,1.0,1.0,0,0
aten::slice,,,0.821,1.621,0,0,0,0
aten::as_strided,,,0.8,0.8,0,0,0,0
aten::copy_,,,12.768,17.374,0,0,0,0
aclnnInplaceCopy,,,4.606,4.606,0,0,0,0
aten::view,,,1.787,1.787,0,0,0,0
vllm::unquantized_gemm,,,9.566,33.509,0,7.5,0,7.5
aten::linear,,,2.182,23.943,0,7.5,0,7.5
aten::t,,,3.358,6.607,0,0,0,0
aten::transpose,,,1.384,3.249,0,0,0,0
aten::as_strided,,,1.865,1.865,0,0,0,0
aten::matmul,,,7.683,15.154,0,7.5,0,7.5
empty_tensor,,,4.538,4.538,0,0,0,0
aclnnMatmul,,,2.933,2.933,7.5,7.5,7.5,7.5
vllm::maybe_chunk_residual,,,5.642,5.642,0,0,0,0
_C_ascend::npu_add_rms_norm_bias,,,15.638,31.686,0,16.7205,0,0
aten::empty,,,1.094,3.265,0,0,0,0
empty_tensor,,,2.171,2.171,0,0,0,0
aten::empty,,,0.224,1.363,0,0,0,0
empty_tensor,,,1.139,1.139,0,0,0,0
aten::empty,,,0.388,1.673,0,0,0,0
empty_tensor,,,1.285,1.285,0,0,0,0
aten::empty,,,0.325,2.705,0,0,0,0
empty_tensor,,,2.38,2.38,0,0,0,0
aclnnAddRmsNormBias,,,7.042,7.042,16.7205,16.7205,0,0
vllm::unquantized_gemm,,,4.338,16.826,0,23.101,0,23.101
aten::linear,,,0.997,12.488,0,23.101,0,23.101
aten::t,,,1.076,3.52,0,0,0,0
aten::transpose,,,0.684,2.444,0,0,0,0
aten::as_strided,,,1.76,1.76,0,0,0,0
aten::matmul,,,3.61,7.971,0,23.101,0,23.101
empty_tensor,,,1.68,1.68,0,0,0,0
aclnnMatmul,,,2.681,2.681,23.101,23.101,23.101,23.101
npu::npu_swiglu,,,11.062,14.902,0,16.5805,0,0
empty_tensor,,,1.187,1.187,0,0,0,0
aclnnSwiGlu,,,2.653,2.653,16.5805,16.5805,0,0
vllm::unquantized_gemm,,,5.061,16.487,0,22.0605,0,22.0605
aten::linear,,,0.83,11.426,0,22.0605,0,22.0605
aten::t,,,0.971,2.815,0,0,0,0
aten::transpose,,,1.076,1.844,0,0,0,0
aten::as_strided,,,0.768,0.768,0,0,0,0
aten::matmul,,,3.537,7.781,0,22.0605,0,22.0605
empty_tensor,,,1.555,1.555,0,0,0,0
aclnnMatmul,,,2.689,2.689,22.0605,22.0605,22.0605,22.0605
vllm::maybe_chunk_residual,,,6.814,6.814,0,0,0,0
_C_ascend::npu_add_rms_norm_bias,,,12.099,24.415,0,14.4805,0,0
aten::empty,,,0.588,2.342,0,0,0,0
empty_tensor,,,1.754,1.754,0,0,0,0
aten::empty,,,0.397,1.865,0,0,0,0
empty_tensor,,,1.468,1.468,0,0,0,0
aten::empty,,,0.371,2.236,0,0,0,0
empty_tensor,,,1.865,1.865,0,0,0,0
aten::empty,,,0.754,2.465,0,0,0,0
empty_tensor,,,1.711,1.711,0,0,0,0
aclnnAddRmsNormBias,,,3.408,3.408,14.4805,14.4805,0,0
vllm::unquantized_gemm,,,6.484,21.875,0,9.9605,0,8.8405
aten::linear,,,1.413,15.391,0,9.9605,0,8.8405
aten::t,,,0.964,2.529,0,0,0,0
aten::transpose,,,0.672,1.565,0,0,0,0
aten::as_strided,,,0.893,0.893,0,0,0,0
aten::addmm,,,7.108,11.449,0,9.9605,0,8.8405
empty_tensor,,,1.658,1.658,0,0,0,0
aclnnAddmm,,,2.683,2.683,9.9605,9.9605,8.8405,8.8405
aten::split_with_sizes,,,2.272,4.168,0,0,0,0
aten::as_strided,,,0.909,0.909,0,0,0,0
aten::as_strided,,,0.513,0.513,0,0,0,0
aten::as_strided,,,0.474,0.474,0,0,0,0
vllm::npu_rotary_embedding,,,279.232,312.823,0,18.7605,0,0
aten::view,,,1.601,1.601,0,0,0,0
aten::view,,,0.647,0.647,0,0,0,0
aten::contiguous,,,1.28,12.607,0,2.68,0,0
aten::clone,,,1.636,11.327,0,2.68,0,0
empty_tensor,,,2.627,2.627,0,0,0,0
aten::copy_,,,4.294,7.064,0,2.68,0,0
aclnnInplaceCopy,,,2.77,2.77,2.68,2.68,0,0
aten::contiguous,,,0.578,8.488,0,2.82,0,0
aten::clone,,,0.821,7.91,0,2.82,0,0
empty_tensor,,,1.606,1.606,0,0,0,0
aten::copy_,,,2.815,5.483,0,2.82,0,0
aclnnInplaceCopy,,,2.668,2.668,2.82,2.82,0,0
_triton_rope,,,7.337,7.337,13.2605,13.2605,0,0
aten::view,,,1.602,1.602,0,0,0,0
aten::view,,,1.309,1.309,0,0,0,0
aten::empty,,,0.906,3.83,0,0,0,0
empty_tensor,,,2.924,2.924,0,0,0,0
aten::view,,,1.259,1.259,0,0,0,0
aten::view,,,0.801,0.801,0,0,0,0
aten::view,,,0.777,0.777,0,0,0,0
aten::view,,,1.022,1.022,0,0,0,0
vllm::unified_attention_with_output,,,225.996,1500.082,0,49.1025,0,0
P12/B/0208/attention,,,567.659,1274.086,0,49.1025,0,0
aten::slice,,,2.12,4.275,0,0,0,0
aten::as_strided,,,2.155,2.155,0,0,0,0
aten::slice,,,0.827,1.701,0,0,0,0
aten::as_strided,,,0.874,0.874,0,0,0,0
aten::slice,,,3.544,4.667,0,0,0,0
aten::as_strided,,,1.123,1.123,0,0,0,0
P12/B/0209/cache_write,,,169.495,220.492,0,11.8205,0,0
atb::_npu_reshape_and_cache,,,26.436,50.997,0,11.8205,0,0
aten::contiguous,,,1.45,21.787,0,3.04,0,0
aten::clone,,,2.421,20.337,0,3.04,0,0
empty_tensor,,,5.439,5.439,0,0,0,0
aten::copy_,,,8.3,12.477,0,3.04,0,0
aclnnInplaceCopy,,,4.177,4.177,3.04,3.04,0,0
ReshapeCacheOperation,,,2.774,2.774,8.7805,8.7805,0,0
P12/B/0210/fia,,,338.013,461.398,0,37.282000000000004,0,0
aten::slice,,,2.473,4.832,0,0,0,0
aten::as_strided,,,2.359,2.359,0,0,0,0
aten::slice,,,0.739,1.451,0,0,0,0
aten::as_strided,,,0.712,0.712,0,0,0,0
aten::slice,,,0.908,1.918,0,0,0,0
aten::as_strided,,,1.01,1.01,0,0,0,0
npu::npu_fused_infer_attention_score,,,80.254,95.705,0,36.282000000000004,0,0
empty_tensor,,,5.582,5.582,0,0,0,0
empty_tensor,,,1.604,1.604,0,0,0,0
empty_tensor,,,1.661,1.661,0,0,0,0
empty_tensor,,,1.142,1.142,0,0,0,0
aclnnFusedInferAttentionScoreV3,,,5.462,5.462,36.282000000000004,36.282000000000004,0,0
aten::view,,,1.854,1.854,0,0,0,0
aten::slice,,,0.578,1.54,0,0,0,0
aten::as_strided,,,0.962,0.962,0,0,0,0
aten::copy_,,,15.032,16.085,0,1.0,0,0
aclnnInplaceCopy,,,1.053,1.053,1.0,1.0,0,0
aten::slice,,,0.69,1.507,0,0,0,0
aten::as_strided,,,0.817,0.817,0,0,0,0
aten::copy_,,,9.782,12.387,0,0,0,0
aclnnInplaceCopy,,,2.605,2.605,0,0,0,0
aten::view,,,1.807,1.807,0,0,0,0
vllm::unquantized_gemm,,,10.061,35.91,0,8.04,0,8.04
aten::linear,,,2.327,25.849,0,8.04,0,8.04
aten::t,,,3.447,8.716,0,0,0,0
aten::transpose,,,1.534,5.269,0,0,0,0
aten::as_strided,,,3.735,3.735,0,0,0,0
aten::matmul,,,7.863,14.806,0,8.04,0,8.04
empty_tensor,,,3.869,3.869,0,0,0,0
aclnnMatmul,,,3.074,3.074,8.04,8.04,8.04,8.04
vllm::maybe_chunk_residual,,,8.492,8.492,0,0,0,0
_C_ascend::npu_add_rms_norm_bias,,,19.118,38.765,0,13.9605,0,0
aten::empty,,,1.253,3.986,0,0,0,0
empty_tensor,,,2.733,2.733,0,0,0,0
aten::empty,,,0.425,2.489,0,0,0,0
empty_tensor,,,2.064,2.064,0,0,0,0
aten::empty,,,0.398,1.686,0,0,0,0
empty_tensor,,,1.288,1.288,0,0,0,0
aten::empty,,,0.531,2.978,0,0,0,0
empty_tensor,,,2.447,2.447,0,0,0,0
aclnnAddRmsNormBias,,,8.508,8.508,13.9605,13.9605,0,0
vllm::unquantized_gemm,,,4.342,16.052,0,22.781,0,22.781
aten::linear,,,1.202,11.71,0,22.781,0,22.781
aten::t,,,1.175,2.825,0,0,0,0
aten::transpose,,,0.695,1.65,0,0,0,0
aten::as_strided,,,0.955,0.955,0,0,0,0
aten::matmul,,,3.845,7.683,0,22.781,0,22.781
empty_tensor,,,1.473,1.473,0,0,0,0
aclnnMatmul,,,2.365,2.365,22.781,22.781,22.781,22.781
npu::npu_swiglu,,,10.996,14.826,0,14.4605,0,0
empty_tensor,,,1.447,1.447,0,0,0,0
aclnnSwiGlu,,,2.383,2.383,14.4605,14.4605,0,0
vllm::unquantized_gemm,,,5.13,17.744,0,21.7805,0,21.7805
aten::linear,,,1.015,12.614,0,21.7805,0,21.7805
aten::t,,,1.047,2.268,0,0,0,0
aten::transpose,,,0.548,1.221,0,0,0,0
aten::as_strided,,,0.673,0.673,0,0,0,0
aten::matmul,,,3.73,9.331,0,21.7805,0,21.7805
empty_tensor,,,2.756,2.756,0,0,0,0
aclnnMatmul,,,2.845,2.845,21.7805,21.7805,21.7805,21.7805
vllm::maybe_chunk_residual,,,6.555,6.555,0,0,0,0
_C_ascend::npu_add_rms_norm_bias,,,12.392,24.978,0,11.2805,0,0
aten::empty,,,0.667,2.442,0,0,0,0
empty_tensor,,,1.775,1.775,0,0,0,0
aten::empty,,,0.387,1.915,0,0,0,0
empty_tensor,,,1.528,1.528,0,0,0,0
aten::empty,,,0.389,2.316,0,0,0,0
empty_tensor,,,1.927,1.927,0,0,0,0
aten::empty,,,0.615,2.775,0,0,0,0
empty_tensor,,,2.16,2.16,0,0,0,0
aclnnAddRmsNormBias,,,3.138,3.138,11.2805,11.2805,0,0
vllm::unquantized_gemm,,,6.151,21.891,0,10.300500000000001,0,9.0805
aten::linear,,,1.404,15.74,0,10.300500000000001,0,9.0805
aten::t,,,0.894,2.147,0,0,0,0
aten::transpose,,,0.523,1.253,0,0,0,0
aten::as_strided,,,0.73,0.73,0,0,0,0
aten::addmm,,,7.465,12.189,0,10.300500000000001,0,9.0805
empty_tensor,,,1.841,1.841,0,0,0,0
aclnnAddmm,,,2.883,2.883,10.300500000000001,10.300500000000001,9.0805,9.0805
aten::split_with_sizes,,,2.055,3.883,0,0,0,0
aten::as_strided,,,0.856,0.856,0,0,0,0
aten::as_strided,,,0.587,0.587,0,0,0,0
aten::as_strided,,,0.385,0.385,0,0,0,0
vllm::npu_rotary_embedding,,,330.354,364.171,0,19.081,0,0
aten::view,,,1.637,1.637,0,0,0,0
aten::view,,,0.563,0.563,0,0,0,0
aten::contiguous,,,1.145,12.25,0,2.7805,0,0
aten::clone,,,1.491,11.105,0,2.7805,0,0
empty_tensor,,,1.95,1.95,0,0,0,0
aten::copy_,,,4.861,7.664,0,2.7805,0,0
aclnnInplaceCopy,,,2.803,2.803,2.7805,2.7805,0,0
aten::contiguous,,,0.545,8.592,0,2.72,0,0
aten::clone,,,1.688,8.047,0,2.72,0,0
empty_tensor,,,1.712,1.712,0,0,0,0
aten::copy_,,,2.549,4.647,0,2.72,0,0
aclnnInplaceCopy,,,2.098,2.098,2.72,2.72,0,0
_triton_rope,,,7.96,7.96,13.5805,13.5805,0,0
aten::view,,,1.728,1.728,0,0,0,0
aten::view,,,1.087,1.087,0,0,0,0
aten::empty,,,0.72,2.833,0,0,0,0
empty_tensor,,,2.113,2.113,0,0,0,0
aten::view,,,0.645,0.645,0,0,0,0
aten::view,,,0.437,0.437,0,0,0,0
aten::view,,,0.574,0.574,0,0,0,0
aten::view,,,0.777,0.777,0,0,0,0
vllm::unified_attention_with_output,,,159.125,1074.997,0,45.1215,0,0
P12/B/0211/attention,,,424.567,915.872,0,45.1215,0,0
aten::slice,,,1.786,3.384,0,0,0,0
aten::as_strided,,,1.598,1.598,0,0,0,0
aten::slice,,,0.534,0.971,0,0,0,0
aten::as_strided,,,0.437,0.437,0,0,0,0
aten::slice,,,2.9,3.591,0,0,0,0
aten::as_strided,,,0.691,0.691,0,0,0,0
P12/B/0212/cache_write,,,115.681,153.434,0,11.5405,0,0
atb::_npu_reshape_and_cache,,,19.718,37.753,0,11.5405,0,0
aten::contiguous,,,1.073,16.096,0,2.84,0,0
aten::clone,,,1.613,15.023,0,2.84,0,0
empty_tensor,,,3.05,3.05,0,0,0,0
aten::copy_,,,7.102,10.36,0,2.84,0,0
aclnnInplaceCopy,,,3.258,3.258,2.84,2.84,0,0
ReshapeCacheOperation,,,1.939,1.939,8.7005,8.7005,0,0
P12/B/0213/fia,,,221.847,317.752,0,33.580999999999996,0,0
aten::slice,,,1.133,2.246,0,0,0,0
aten::as_strided,,,1.113,1.113,0,0,0,0
aten::slice,,,0.47,0.895,0,0,0,0
aten::as_strided,,,0.425,0.425,0,0,0,0
aten::slice,,,0.268,0.805,0,0,0,0
aten::as_strided,,,0.537,0.537,0,0,0,0
npu::npu_fused_infer_attention_score,,,66.116,75.441,0,32.561,0,0
empty_tensor,,,2.806,2.806,0,0,0,0
empty_tensor,,,1.19,1.19,0,0,0,0
empty_tensor,,,1.069,1.069,0,0,0,0
empty_tensor,,,0.985,0.985,0,0,0,0
aclnnFusedInferAttentionScoreV3,,,3.275,3.275,32.561,32.561,0,0
aten::view,,,1.218,1.218,0,0,0,0
aten::slice,,,0.56,1.206,0,0,0,0
aten::as_strided,,,0.646,0.646,0,0,0,0
aten::copy_,,,11.394,14.094,0,1.02,0,0
aclnnInplaceCopy,,,2.7,2.7,1.02,1.02,0,0
aten::slice,,,0.671,1.357,0,0,0,0
aten::as_strided,,,0.686,0.686,0,0,0,0
aten::copy_,,,8.317,10.816,0,0,0,0
aclnnInplaceCopy,,,2.499,2.499,0,0,0,0
aten::view,,,1.252,1.252,0,0,0,0
vllm::unquantized_gemm,,,7.73,26.22,0,7.52,0,7.52
aten::linear,,,1.815,18.49,0,7.52,0,7.52
aten::t,,,2.681,4.807,0,0,0,0
aten::transpose,,,1.114,2.126,0,0,0,0
aten::as_strided,,,1.012,1.012,0,0,0,0
aten::matmul,,,6.208,11.868,0,7.52,0,7.52
empty_tensor,,,2.9,2.9,0,0,0,0
aclnnMatmul,,,2.76,2.76,7.52,7.52,7.52,7.52
vllm::maybe_chunk_residual,,,5.546,5.546,0,0,0,0
_C_ascend::npu_add_rms_norm_bias,,,14.82,29.021,0,14.461,0,0
aten::empty,,,1.045,2.95,0,0,0,0
empty_tensor,,,1.905,1.905,0,0,0,0
aten::empty,,,0.217,1.53,0,0,0,0
empty_tensor,,,1.313,1.313,0,0,0,0
aten::empty,,,0.193,1.166,0,0,0,0
empty_tensor,,,0.973,0.973,0,0,0,0
aten::empty,,,0.321,2.013,0,0,0,0
empty_tensor,,,1.692,1.692,0,0,0,0
aclnnAddRmsNormBias,,,6.542,6.542,14.461,14.461,0,0
vllm::unquantized_gemm,,,4.012,14.022,0,23.381,0,23.381
aten::linear,,,0.811,10.01,0,23.381,0,23.381
aten::t,,,0.997,2.305,0,0,0,0
aten::transpose,,,0.506,1.308,0,0,0,0
aten::as_strided,,,0.802,0.802,0,0,0,0
aten::matmul,,,3.168,6.894,0,23.381,0,23.381
empty_tensor,,,1.404,1.404,0,0,0,0
aclnnMatmul,,,2.322,2.322,23.381,23.381,23.381,23.381
npu::npu_swiglu,,,10.697,14.206,0,15.3405,0,0
empty_tensor,,,1.127,1.127,0,0,0,0
aclnnSwiGlu,,,2.382,2.382,15.3405,15.3405,0,0
vllm::unquantized_gemm,,,3.551,11.878,0,21.5805,0,21.5805
aten::linear,,,0.64,8.327,0,21.5805,0,21.5805
aten::t,,,0.659,1.615,0,0,0,0
aten::transpose,,,0.431,0.956,0,0,0,0
aten::as_strided,,,0.525,0.525,0,0,0,0
aten::matmul,,,2.203,6.072,0,21.5805,0,21.5805
empty_tensor,,,1.282,1.282,0,0,0,0
aclnnMatmul,,,2.587,2.587,21.5805,21.5805,21.5805,21.5805
vllm::maybe_chunk_residual,,,4.145,4.145,0,0,0,0
_C_ascend::npu_add_rms_norm_bias,,,8.461,17.714,0,11.8205,0,0
aten::empty,,,0.416,1.733,0,0,0,0
empty_tensor,,,1.317,1.317,0,0,0,0
aten::empty,,,0.201,1.325,0,0,0,0
empty_tensor,,,1.124,1.124,0,0,0,0
aten::empty,,,0.404,1.86,0,0,0,0
empty_tensor,,,1.456,1.456,0,0,0,0
aten::empty,,,0.383,1.733,0,0,0,0
empty_tensor,,,1.35,1.35,0,0,0,0
aclnnAddRmsNormBias,,,2.602,2.602,11.8205,11.8205,0,0
vllm::unquantized_gemm,,,4.128,15.589,0,9.9605,0,8.6805
aten::linear,,,1.178,11.461,0,9.9605,0,8.6805
aten::t,,,0.73,1.533,0,0,0,0
aten::transpose,,,0.382,0.803,0,0,0,0
aten::as_strided,,,0.421,0.421,0,0,0,0
aten::addmm,,,5.391,8.75,0,9.9605,0,8.6805
empty_tensor,,,1.072,1.072,0,0,0,0
aclnnAddmm,,,2.287,2.287,9.9605,9.9605,8.6805,8.6805
aten::split_with_sizes,,,1.463,2.955,0,0,0,0
aten::as_strided,,,0.696,0.696,0,0,0,0
aten::as_strided,,,0.389,0.389,0,0,0,0
aten::as_strided,,,0.407,0.407,0,0,0,0
vllm::npu_rotary_embedding,,,227.237,250.121,0,19.0205,0,0
aten::view,,,0.973,0.973,0,0,0,0
aten::view,,,0.461,0.461,0,0,0,0
aten::contiguous,,,1.045,8.661,0,3.12,0,0
aten::clone,,,1.048,7.616,0,3.12,0,0
empty_tensor,,,1.405,1.405,0,0,0,0
aten::copy_,,,2.703,5.163,0,3.12,0,0
aclnnInplaceCopy,,,2.46,2.46,3.12,3.12,0,0
aten::contiguous,,,0.285,4.215,0,2.68,0,0
aten::clone,,,0.428,3.93,0,2.68,0,0
empty_tensor,,,1.038,1.038,0,0,0,0
aten::copy_,,,1.546,2.464,0,2.68,0,0
aclnnInplaceCopy,,,0.918,0.918,2.68,2.68,0,0
_triton_rope,,,6.704,6.704,13.2205,13.2205,0,0
aten::view,,,1.251,1.251,0,0,0,0
aten::view,,,0.619,0.619,0,0,0,0
aten::empty,,,0.566,2.514,0,0,0,0
empty_tensor,,,1.948,1.948,0,0,0,0
aten::view,,,0.694,0.694,0,0,0,0
aten::view,,,0.613,0.613,0,0,0,0
aten::view,,,0.623,0.623,0,0,0,0
aten::view,,,0.773,0.773,0,0,0,0
vllm::unified_attention_with_output,,,167.084,1202.049,0,47.222,0,0
P12/B/0214/attention,,,437.152,1034.965,0,47.222,0,0
aten::slice,,,1.385,2.657,0,0,0,0
aten::as_strided,,,1.272,1.272,0,0,0,0
aten::slice,,,0.487,1.15,0,0,0,0
aten::as_strided,,,0.663,0.663,0,0,0,0
aten::slice,,,2.757,3.629,0,0,0,0
aten::as_strided,,,0.872,0.872,0,0,0,0
P12/B/0215/cache_write,,,112.121,149.034,0,12.0005,0,0
atb::_npu_reshape_and_cache,,,21.468,36.913,0,12.0005,0,0
aten::contiguous,,,0.901,13.966,0,2.72,0,0
aten::clone,,,1.305,13.065,0,2.72,0,0
empty_tensor,,,2.946,2.946,0,0,0,0
aten::copy_,,,5.484,8.814,0,2.72,0,0
aclnnInplaceCopy,,,3.33,3.33,2.72,2.72,0,0
ReshapeCacheOperation,,,1.479,1.479,9.2805,9.2805,0,0
P12/B/0216/fia,,,307.493,422.634,0,35.2215,0,0
aten::slice,,,1.613,3.57,0,0,0,0
aten::as_strided,,,1.957,1.957,0,0,0,0
aten::slice,,,0.688,2.028,0,0,0,0
aten::as_strided,,,1.34,1.34,0,0,0,0
aten::slice,,,0.579,1.28,0,0,0,0
aten::as_strided,,,0.701,0.701,0,0,0,0
npu::npu_fused_infer_attention_score,,,77.557,89.623,0,34.2015,0,0
empty_tensor,,,3.969,3.969,0,0,0,0
empty_tensor,,,1.546,1.546,0,0,0,0
empty_tensor,,,1.679,1.679,0,0,0,0
empty_tensor,,,1.192,1.192,0,0,0,0
aclnnFusedInferAttentionScoreV3,,,3.68,3.68,34.2015,34.2015,0,0
aten::view,,,1.713,1.713,0,0,0,0
aten::slice,,,0.679,1.543,0,0,0,0
aten::as_strided,,,0.864,0.864,0,0,0,0
aten::copy_,,,14.447,15.384,0,1.02,0,0
aclnnInplaceCopy,,,0.937,0.937,1.02,1.02,0,0
aten::slice,,,0.968,1.745,0,0,0,0
aten::as_strided,,,0.777,0.777,0,0,0,0
aten::copy_,,,11.491,16.964,0,0,0,0
aclnnInplaceCopy,,,5.473,5.473,0,0,0,0
aten::view,,,1.577,1.577,0,0,0,0
vllm::unquantized_gemm,,,7.925,27.11,0,7.5605,0,7.5605
aten::linear,,,1.805,19.185,0,7.5605,0,7.5605
aten::t,,,2.75,4.882,0,0,0,0
aten::transpose,,,1.155,2.132,0,0,0,0
aten::as_strided,,,0.977,0.977,0,0,0,0
aten::matmul,,,6.584,12.498,0,7.5605,0,7.5605
empty_tensor,,,3.309,3.309,0,0,0,0
aclnnMatmul,,,2.605,2.605,7.5605,7.5605,7.5605,7.5605
vllm::maybe_chunk_residual,,,6.213,6.213,0,0,0,0
_C_ascend::npu_add_rms_norm_bias,,,14.898,27.384,0,14.7605,0,0
aten::empty,,,1.038,3.04,0,0,0,0
empty_tensor,,,2.002,2.002,0,0,0,0
aten::empty,,,0.222,1.45,0,0,0,0
empty_tensor,,,1.228,1.228,0,0,0,0
aten::empty,,,0.198,1.994,0,0,0,0
empty_tensor,,,1.796,1.796,0,0,0,0
aten::empty,,,0.471,3.176,0,0,0,0
empty_tensor,,,2.705,2.705,0,0,0,0
aclnnAddRmsNormBias,,,2.826,2.826,14.7605,14.7605,0,0
vllm::unquantized_gemm,,,4.57,23.888,0,22.621,0,22.621
aten::linear,,,1.017,19.318,0,22.621,0,22.621
aten::t,,,1.019,2.243,0,0,0,0
aten::transpose,,,0.452,1.224,0,0,0,0
aten::as_strided,,,0.772,0.772,0,0,0,0
aten::matmul,,,3.356,16.058,0,22.621,0,22.621
empty_tensor,,,1.521,1.521,0,0,0,0
aclnnMatmul,,,11.181,11.181,22.621,22.621,22.621,22.621
npu::npu_swiglu,,,10.399,14.28,0,15.5605,0,0
empty_tensor,,,1.458,1.458,0,0,0,0
aclnnSwiGlu,,,2.423,2.423,15.5605,15.5605,0,0
vllm::unquantized_gemm,,,3.769,16.607,0,21.901,0,21.901
aten::linear,,,5.298,12.838,0,21.901,0,21.901
aten::t,,,0.697,1.654,0,0,0,0
aten::transpose,,,0.351,0.957,0,0,0,0
aten::as_strided,,,0.606,0.606,0,0,0,0
aten::matmul,,,2.327,5.886,0,21.901,0,21.901
empty_tensor,,,1.188,1.188,0,0,0,0
aclnnMatmul,,,2.371,2.371,21.901,21.901,21.901,21.901
vllm::maybe_chunk_residual,,,4.566,4.566,0,0,0,0
_C_ascend::npu_add_rms_norm_bias,,,8.803,17.286,0,11.0,0,0
aten::empty,,,0.442,1.739,0,0,0,0
empty_tensor,,,1.297,1.297,0,0,0,0
aten::empty,,,0.197,1.096,0,0,0,0
empty_tensor,,,0.899,0.899,0,0,0,0
aten::empty,,,0.204,1.341,0,0,0,0
empty_tensor,,,1.137,1.137,0,0,0,0
aten::empty,,,0.47,1.862,0,0,0,0
empty_tensor,,,1.392,1.392,0,0,0,0
aclnnAddRmsNormBias,,,2.445,2.445,11.0,11.0,0,0
vllm::unquantized_gemm,,,4.223,16.215,0,10.3005,0,9.1405
aten::linear,,,1.449,11.992,0,10.3005,0,9.1405
aten::t,,,0.649,1.685,0,0,0,0
aten::transpose,,,0.504,1.036,0,0,0,0
aten::as_strided,,,0.532,0.532,0,0,0,0
aten::addmm,,,5.504,8.858,0,10.3005,0,9.1405
empty_tensor,,,1.169,1.169,0,0,0,0
aclnnAddmm,,,2.185,2.185,10.3005,10.3005,9.1405,9.1405
aten::split_with_sizes,,,2.047,5.113,0,0,0,0
aten::as_strided,,,0.99,0.99,0,0,0,0
aten::as_strided,,,1.441,1.441,0,0,0,0
aten::as_strided,,,0.635,0.635,0,0,0,0
vllm::npu_rotary_embedding,,,328.129,358.626,0,19.221,0,0
aten::view,,,1.404,1.404,0,0,0,0
aten::view,,,0.59,0.59,0,0,0,0
aten::contiguous,,,1.262,11.365,0,2.78,0,0
aten::clone,,,1.522,10.103,0,2.78,0,0
empty_tensor,,,1.777,1.777,0,0,0,0
aten::copy_,,,4.16,6.804,0,2.78,0,0
aclnnInplaceCopy,,,2.644,2.644,2.78,2.78,0,0
aten::contiguous,,,0.638,8.223,0,2.6805,0,0
aten::clone,,,0.926,7.585,0,2.6805,0,0
empty_tensor,,,1.772,1.772,0,0,0,0
aten::copy_,,,2.776,4.887,0,2.6805,0,0
aclnnInplaceCopy,,,2.111,2.111,2.6805,2.6805,0,0
_triton_rope,,,6.721,6.721,13.7605,13.7605,0,0
aten::view,,,1.463,1.463,0,0,0,0
aten::view,,,0.731,0.731,0,0,0,0
aten::empty,,,0.928,6.032,0,0,0,0
empty_tensor,,,5.104,5.104,0,0,0,0
aten::view,,,1.179,1.179,0,0,0,0
aten::view,,,0.905,0.905,0,0,0,0
aten::view,,,1.185,1.185,0,0,0,0
aten::view,,,1.035,1.035,0,0,0,0
vllm::unified_attention_with_output,,,219.111,1466.621,0,42.082499999999996,0,0
P12/B/0217/attention,,,581.642,1247.51,0,42.082499999999996,0,0
aten::slice,,,2.062,4.136,0,0,0,0
aten::as_strided,,,2.074,2.074,0,0,0,0
aten::slice,,,0.599,1.363,0,0,0,0
aten::as_strided,,,0.764,0.764,0,0,0,0
aten::slice,,,3.304,4.504,0,0,0,0
aten::as_strided,,,1.2,1.2,0,0,0,0
P12/B/0218/cache_write,,,160.017,208.427,0,11.5405,0,0
atb::_npu_reshape_and_cache,,,27.737,48.41,0,11.5405,0,0
aten::contiguous,,,1.497,18.707,0,2.86,0,0
aten::clone,,,1.926,17.21,0,2.86,0,0
empty_tensor,,,4.439,4.439,0,0,0,0
aten::copy_,,,7.554,10.845,0,2.86,0,0
aclnnInplaceCopy,,,3.291,3.291,2.86,2.86,0,0
ReshapeCacheOperation,,,1.966,1.966,8.6805,8.6805,0,0
P12/B/0219/fia,,,313.643,431.036,0,30.541999999999998,0,0
aten::slice,,,1.652,3.427,0,0,0,0
aten::as_strided,,,1.775,1.775,0,0,0,0
aten::slice,,,0.749,1.367,0,0,0,0
aten::as_strided,,,0.618,0.618,0,0,0,0
aten::slice,,,0.418,1.25,0,0,0,0
aten::as_strided,,,0.832,0.832,0,0,0,0
npu::npu_fused_infer_attention_score,,,78.409,92.241,0,29.541999999999998,0,0
empty_tensor,,,5.813,5.813,0,0,0,0
empty_tensor,,,1.782,1.782,0,0,0,0
empty_tensor,,,1.452,1.452,0,0,0,0
empty_tensor,,,0.94,0.94,0,0,0,0
aclnnFusedInferAttentionScoreV3,,,3.845,3.845,29.541999999999998,29.541999999999998,0,0
aten::view,,,1.706,1.706,0,0,0,0
aten::slice,,,0.828,1.831,0,0,0,0
aten::as_strided,,,1.003,1.003,0,0,0,0
aten::copy_,,,14.438,15.571,0,1.0,0,0
aclnnInplaceCopy,,,1.133,1.133,1.0,1.0,0,0
aten::slice,,,0.962,1.965,0,0,0,0
aten::as_strided,,,1.003,1.003,0,0,0,0
aten::copy_,,,11.997,14.437,0,0,0,0
aclnnInplaceCopy,,,2.44,2.44,0,0,0,0
aten::view,,,1.661,1.661,0,0,0,0
vllm::unquantized_gemm,,,9.905,32.597,0,7.32,0,7.32
aten::linear,,,2.348,22.692,0,7.32,0,7.32
aten::t,,,3.286,6.059,0,0,0,0
aten::transpose,,,1.442,2.773,0,0,0,0
aten::as_strided,,,1.331,1.331,0,0,0,0
aten::matmul,,,7.836,14.285,0,7.32,0,7.32
empty_tensor,,,3.97,3.97,0,0,0,0
aclnnMatmul,,,2.479,2.479,7.32,7.32,7.32,7.32
vllm::maybe_chunk_residual,,,7.851,7.851,0,0,0,0
_C_ascend::npu_add_rms_norm_bias,,,19.109,36.656,0,14.3805,0,0
aten::empty,,,1.209,3.991,0,0,0,0
empty_tensor,,,2.782,2.782,0,0,0,0
aten::empty,,,0.403,2.438,0,0,0,0
empty_tensor,,,2.035,2.035,0,0,0,0
aten::empty,,,0.634,2.061,0,0,0,0
empty_tensor,,,1.427,1.427,0,0,0,0
aten::empty,,,0.575,3.115,0,0,0,0
empty_tensor,,,2.54,2.54,0,0,0,0
aclnnAddRmsNormBias,,,5.942,5.942,14.3805,14.3805,0,0
vllm::unquantized_gemm,,,5.643,33.395,0,23.401,0,23.401
aten::linear,,,1.204,27.752,0,23.401,0,23.401
aten::t,,,1.274,3.682,0,0,0,0
aten::transpose,,,0.687,2.408,0,0,0,0
aten::as_strided,,,1.721,1.721,0,0,0,0
aten::matmul,,,4.664,22.866,0,23.401,0,23.401
empty_tensor,,,1.836,1.836,0,0,0,0
aclnnMatmul,,,16.366,16.366,23.401,23.401,23.401,23.401
npu::npu_swiglu,,,12.729,16.646,0,14.3005,0,0
empty_tensor,,,2.085,2.085,0,0,0,0
aclnnSwiGlu,,,1.832,1.832,14.3005,14.3005,0,0
vllm::unquantized_gemm,,,4.938,15.454,0,21.5205,0,21.5205
aten::linear,,,0.983,10.516,0,21.5205,0,21.5205
aten::t,,,0.94,2.639,0,0,0,0
aten::transpose,,,0.574,1.699,0,0,0,0
aten::as_strided,,,1.125,1.125,0,0,0,0
aten::matmul,,,3.742,6.894,0,21.5205,0,21.5205
empty_tensor,,,1.5,1.5,0,0,0,0
aclnnMatmul,,,1.652,1.652,21.5205,21.5205,21.5205,21.5205
vllm::maybe_chunk_residual,,,4.137,4.137,0,0,0,0
_C_ascend::npu_add_rms_norm_bias,,,8.078,16.062,0,10.7005,0,0
aten::empty,,,0.504,1.83,0,0,0,0
empty_tensor,,,1.326,1.326,0,0,0,0
aten::empty,,,0.212,0.994,0,0,0,0
empty_tensor,,,0.782,0.782,0,0,0,0
aten::empty,,,0.221,1.417,0,0,0,0
empty_tensor,,,1.196,1.196,0,0,0,0
aten::empty,,,0.452,1.961,0,0,0,0
empty_tensor,,,1.509,1.509,0,0,0,0
aclnnAddRmsNormBias,,,1.782,1.782,10.7005,10.7005,0,0
vllm::unquantized_gemm,,,4.53,17.192,0,10.140500000000001,0,8.9205
aten::linear,,,1.171,12.662,0,10.140500000000001,0,8.9205
aten::t,,,0.897,2.151,0,0,0,0
aten::transpose,,,0.391,1.254,0,0,0,0
aten::as_strided,,,0.863,0.863,0,0,0,0
aten::addmm,,,6.296,9.34,0,10.140500000000001,0,8.9205
empty_tensor,,,1.318,1.318,0,0,0,0
aclnnAddmm,,,1.726,1.726,10.140500000000001,10.140500000000001,8.9205,8.9205
aten::split_with_sizes,,,2.361,4.109,0,0,0,0
aten::as_strided,,,0.875,0.875,0,0,0,0
aten::as_strided,,,0.504,0.504,0,0,0,0
aten::as_strided,,,0.369,0.369,0,0,0,0
vllm::npu_rotary_embedding,,,330.514,361.772,0,19.660999999999998,0,0
aten::view,,,1.595,1.595,0,0,0,0
aten::view,,,0.701,0.701,0,0,0,0
aten::contiguous,,,1.424,11.627,0,2.68,0,0
aten::clone,,,1.749,10.203,0,2.68,0,0
empty_tensor,,,2.259,2.259,0,0,0,0
aten::copy_,,,4.151,6.195,0,2.68,0,0
aclnnInplaceCopy,,,2.044,2.044,2.68,2.68,0,0
aten::contiguous,,,0.537,7.539,0,2.8,0,0
aten::clone,,,0.823,7.002,0,2.8,0,0
empty_tensor,,,1.502,1.502,0,0,0,0
aten::copy_,,,2.582,4.677,0,2.8,0,0
aclnnInplaceCopy,,,2.095,2.095,2.8,2.8,0,0
_triton_rope,,,7.162,7.162,14.181,14.181,0,0
aten::view,,,1.726,1.726,0,0,0,0
aten::view,,,0.908,0.908,0,0,0,0
aten::empty,,,0.717,3.426,0,0,0,0
empty_tensor,,,2.709,2.709,0,0,0,0
aten::view,,,1.488,1.488,0,0,0,0
aten::view,,,0.917,0.917,0,0,0,0
aten::view,,,0.759,0.759,0,0,0,0
aten::view,,,1.108,1.108,0,0,0,0
vllm::unified_attention_with_output,,,212.627,1423.844,0,46.1415,0,0
P12/B/0220/attention,,,570.627,1211.217,0,46.1415,0,0
aten::slice,,,2.252,4.362,0,0,0,0
aten::as_strided,,,2.11,2.11,0,0,0,0
aten::slice,,,0.669,1.429,0,0,0,0
aten::as_strided,,,0.76,0.76,0,0,0,0
aten::slice,,,3.562,4.82,0,0,0,0
aten::as_strided,,,1.258,1.258,0,0,0,0
P12/B/0221/cache_write,,,159.117,208.435,0,11.560500000000001,0,0
atb::_npu_reshape_and_cache,,,26.065,49.318,0,11.560500000000001,0,0
aten::contiguous,,,1.36,20.507,0,2.8205,0,0
aten::clone,,,2.085,19.147,0,2.8205,0,0
empty_tensor,,,4.968,4.968,0,0,0,0
aten::copy_,,,8.276,12.094,0,2.8205,0,0
aclnnInplaceCopy,,,3.818,3.818,2.8205,2.8205,0,0
ReshapeCacheOperation,,,2.746,2.746,8.74,8.74,0,0
P12/B/0222/fia,,,295.139,405.331,0,34.581,0,0
aten::slice,,,1.547,3.444,0,0,0,0
aten::as_strided,,,1.897,1.897,0,0,0,0
aten::slice,,,0.536,0.828,0,0,0,0
aten::as_strided,,,0.292,0.292,0,0,0,0
aten::slice,,,0.289,0.908,0,0,0,0
aten::as_strided,,,0.619,0.619,0,0,0,0
npu::npu_fused_infer_attention_score,,,70.265,85.516,0,33.561,0,0
empty_tensor,,,4.303,4.303,0,0,0,0
empty_tensor,,,0.805,0.805,0,0,0,0
empty_tensor,,,1.11,1.11,0,0,0,0
empty_tensor,,,2.602,2.602,0,0,0,0
aclnnFusedInferAttentionScoreV3,,,6.431,6.431,33.561,33.561,0,0
aten::view,,,1.724,1.724,0,0,0,0
aten::slice,,,0.681,1.592,0,0,0,0
aten::as_strided,,,0.911,0.911,0,0,0,0
aten::copy_,,,15.041,16.18,0,1.02,0,0
aclnnInplaceCopy,,,1.139,1.139,1.02,1.02,0,0
aten::slice,,,0.842,1.718,0,0,0,0
aten::as_strided,,,0.876,0.876,0,0,0,0
aten::copy_,,,11.73,14.495,0,0,0,0
aclnnInplaceCopy,,,2.765,2.765,0,0,0,0
aten::view,,,1.503,1.503,0,0,0,0
vllm::unquantized_gemm,,,9.477,31.85,0,7.7205,0,7.7205
aten::linear,,,2.197,22.373,0,7.7205,0,7.7205
aten::t,,,3.295,6.214,0,0,0,0
aten::transpose,,,1.619,2.919,0,0,0,0
aten::as_strided,,,1.3,1.3,0,0,0,0
aten::matmul,,,7.599,13.962,0,7.7205,0,7.7205
empty_tensor,,,3.854,3.854,0,0,0,0
aclnnMatmul,,,2.509,2.509,7.7205,7.7205,7.7205,7.7205
vllm::maybe_chunk_residual,,,7.975,7.975,0,0,0,0
_C_ascend::npu_add_rms_norm_bias,,,17.008,31.413,0,15.7805,0,0
aten::empty,,,1.337,3.733,0,0,0,0
empty_tensor,,,2.396,2.396,0,0,0,0
aten::empty,,,0.377,2.184,0,0,0,0
empty_tensor,,,1.807,1.807,0,0,0,0
aten::empty,,,0.654,2.157,0,0,0,0
empty_tensor,,,1.503,1.503,0,0,0,0
aten::empty,,,0.499,3.084,0,0,0,0
empty_tensor,,,2.585,2.585,0,0,0,0
aclnnAddRmsNormBias,,,3.247,3.247,15.7805,15.7805,0,0
vllm::unquantized_gemm,,,5.757,29.105,0,23.501,0,23.501
aten::linear,,,1.245,23.348,0,23.501,0,23.501
aten::t,,,1.014,2.931,0,0,0,0
aten::transpose,,,0.659,1.917,0,0,0,0
aten::as_strided,,,1.258,1.258,0,0,0,0
aten::matmul,,,5.389,19.172,0,23.501,0,23.501
empty_tensor,,,2.331,2.331,0,0,0,0
aclnnMatmul,,,11.452,11.452,23.501,23.501,23.501,23.501
npu::npu_swiglu,,,10.954,14.92,0,14.7205,0,0
empty_tensor,,,1.462,1.462,0,0,0,0
aclnnSwiGlu,,,2.504,2.504,14.7205,14.7205,0,0
vllm::unquantized_gemm,,,3.577,12.126,0,21.741,0,21.741
aten::linear,,,0.81,8.549,0,21.741,0,21.741
aten::t,,,0.844,2.048,0,0,0,0
aten::transpose,,,0.474,1.204,0,0,0,0
aten::as_strided,,,0.73,0.73,0,0,0,0
aten::matmul,,,2.457,5.691,0,21.741,0,21.741
empty_tensor,,,1.147,1.147,0,0,0,0
aclnnMatmul,,,2.087,2.087,21.741,21.741,21.741,21.741
vllm::maybe_chunk_residual,,,4.304,4.304,0,0,0,0
_C_ascend::npu_add_rms_norm_bias,,,12.111,25.719,0,13.1205,0,0
aten::empty,,,0.537,2.164,0,0,0,0
empty_tensor,,,1.627,1.627,0,0,0,0
aten::empty,,,0.394,4.26,0,0,0,0
empty_tensor,,,3.866,3.866,0,0,0,0
aten::empty,,,0.576,2.424,0,0,0,0
empty_tensor,,,1.848,1.848,0,0,0,0
aten::empty,,,0.462,2.171,0,0,0,0
empty_tensor,,,1.709,1.709,0,0,0,0
aclnnAddRmsNormBias,,,2.589,2.589,13.1205,13.1205,0,0
vllm::unquantized_gemm,,,6.237,20.421,0,10.0005,0,8.9205
aten::linear,,,1.339,14.184,0,10.0005,0,8.9205
aten::t,,,0.952,2.6,0,0,0,0
aten::transpose,,,0.593,1.648,0,0,0,0
aten::as_strided,,,1.055,1.055,0,0,0,0
aten::addmm,,,6.714,10.245,0,10.0005,0,8.9205
empty_tensor,,,1.702,1.702,0,0,0,0
aclnnAddmm,,,1.829,1.829,10.0005,10.0005,8.9205,8.9205
aten::split_with_sizes,,,2.188,4.755,0,0,0,0
aten::as_strided,,,0.942,0.942,0,0,0,0
aten::as_strided,,,1.123,1.123,0,0,0,0
aten::as_strided,,,0.502,0.502,0,0,0,0
vllm::npu_rotary_embedding,,,321.559,351.126,0,24.881,0,0
aten::view,,,1.471,1.471,0,0,0,0
aten::view,,,0.573,0.573,0,0,0,0
aten::contiguous,,,1.143,10.671,0,2.74,0,0
aten::clone,,,1.5,9.528,0,2.74,0,0
empty_tensor,,,1.718,1.718,0,0,0,0
aten::copy_,,,4.269,6.31,0,2.74,0,0
aclnnInplaceCopy,,,2.041,2.041,2.74,2.74,0,0
aten::contiguous,,,0.643,7.615,0,2.78,0,0
aten::clone,,,0.867,6.972,0,2.78,0,0
empty_tensor,,,1.447,1.447,0,0,0,0
aten::copy_,,,2.64,4.658,0,2.78,0,0
aclnnInplaceCopy,,,2.018,2.018,2.78,2.78,0,0
_triton_rope,,,7.265,7.265,19.361,19.361,0,0
aten::view,,,1.22,1.22,0,0,0,0
aten::view,,,0.752,0.752,0,0,0,0
aten::empty,,,0.683,3.381,0,0,0,0
empty_tensor,,,2.698,2.698,0,0,0,0
aten::view,,,1.184,1.184,0,0,0,0
aten::view,,,0.79,0.79,0,0,0,0
aten::view,,,0.79,0.79,0,0,0,0
aten::view,,,0.953,0.953,0,0,0,0
vllm::unified_attention_with_output,,,210.346,1469.442,0,45.0215,0,0
P12/B/0223/attention,,,561.581,1259.096,0,45.0215,0,0
aten::slice,,,2.122,4.082,0,0,0,0
aten::as_strided,,,1.96,1.96,0,0,0,0
aten::slice,,,1.035,1.733,0,0,0,0
aten::as_strided,,,0.698,0.698,0,0,0,0
aten::slice,,,3.001,3.699,0,0,0,0
aten::as_strided,,,0.698,0.698,0,0,0,0
P12/B/0224/cache_write,,,160.162,207.878,0,11.4605,0,0
atb::_npu_reshape_and_cache,,,24.079,47.716,0,11.4605,0,0
aten::contiguous,,,1.373,20.986,0,2.9005,0,0
aten::clone,,,2.132,19.613,0,2.9005,0,0
empty_tensor,,,5.256,5.256,0,0,0,0
aten::copy_,,,8.485,12.225,0,2.9005,0,0
aclnnInplaceCopy,,,3.74,3.74,2.9005,2.9005,0,0
ReshapeCacheOperation,,,2.651,2.651,8.56,8.56,0,0
P12/B/0225/fia,,,343.241,464.249,0,33.561,0,0
aten::slice,,,2.33,4.387,0,0,0,0
aten::as_strided,,,2.057,2.057,0,0,0,0
aten::slice,,,0.55,1.09,0,0,0,0
aten::as_strided,,,0.54,0.54,0,0,0,0
aten::slice,,,0.396,1.222,0,0,0,0
aten::as_strided,,,0.826,0.826,0,0,0,0
npu::npu_fused_infer_attention_score,,,78.554,91.257,0,32.541000000000004,0,0
empty_tensor,,,5.368,5.368,0,0,0,0
empty_tensor,,,1.612,1.612,0,0,0,0
empty_tensor,,,1.173,1.173,0,0,0,0
empty_tensor,,,0.944,0.944,0,0,0,0
aclnnFusedInferAttentionScoreV3,,,3.606,3.606,32.541000000000004,32.541000000000004,0,0
aten::view,,,2.039,2.039,0,0,0,0
aten::slice,,,0.683,1.573,0,0,0,0
aten::as_strided,,,0.89,0.89,0,0,0,0
aten::copy_,,,17.888,19.44,0,1.02,0,0
aclnnInplaceCopy,,,1.552,1.552,1.02,1.02,0,0
aten::slice,,,0.831,1.579,0,0,0,0
aten::as_strided,,,0.748,0.748,0,0,0,0
aten::copy_,,,11.855,14.295,0,0,0,0
aclnnInplaceCopy,,,2.44,2.44,0,0,0,0
aten::view,,,1.887,1.887,0,0,0,0
vllm::unquantized_gemm,,,10.341,34.162,0,7.4605,0,7.4605
aten::linear,,,2.14,23.821,0,7.4605,0,7.4605
aten::t,,,3.456,6.107,0,0,0,0
aten::transpose,,,1.398,2.651,0,0,0,0
aten::as_strided,,,1.253,1.253,0,0,0,0
aten::matmul,,,8.272,15.574,0,7.4605,0,7.4605
empty_tensor,,,4.487,4.487,0,0,0,0
aclnnMatmul,,,2.815,2.815,7.4605,7.4605,7.4605,7.4605
vllm::maybe_chunk_residual,,,9.138,9.138,0,0,0,0
_C_ascend::npu_add_rms_norm_bias,,,18.276,34.358,0,14.9805,0,0
aten::empty,,,1.256,3.808,0,0,0,0
empty_tensor,,,2.552,2.552,0,0,0,0
aten::empty,,,0.358,2.637,0,0,0,0
empty_tensor,,,2.279,2.279,0,0,0,0
aten::empty,,,0.692,2.697,0,0,0,0
empty_tensor,,,2.005,2.005,0,0,0,0
aten::empty,,,0.491,3.465,0,0,0,0
empty_tensor,,,2.974,2.974,0,0,0,0
aclnnAddRmsNormBias,,,3.475,3.475,14.9805,14.9805,0,0
vllm::unquantized_gemm,,,6.127,23.035,0,23.181,0,23.181
aten::linear,,,1.322,16.908,0,23.181,0,23.181
aten::t,,,1.329,3.129,0,0,0,0
aten::transpose,,,0.737,1.8,0,0,0,0
aten::as_strided,,,1.063,1.063,0,0,0,0
aten::matmul,,,4.493,12.457,0,23.181,0,23.181
empty_tensor,,,1.778,1.778,0,0,0,0
aclnnMatmul,,,6.186,6.186,23.181,23.181,23.181,23.181
npu::npu_swiglu,,,12.727,19.117,0,14.3405,0,0
empty_tensor,,,1.654,1.654,0,0,0,0
aclnnSwiGlu,,,4.736,4.736,14.3405,14.3405,0,0
vllm::unquantized_gemm,,,5.599,17.888,0,21.421,0,21.421
aten::linear,,,1.375,12.289,0,21.421,0,21.421
aten::t,,,1.214,3.207,0,0,0,0
aten::transpose,,,0.863,1.993,0,0,0,0
aten::as_strided,,,1.13,1.13,0,0,0,0
aten::matmul,,,3.548,7.707,0,21.421,0,21.421
empty_tensor,,,2.065,2.065,0,0,0,0
aclnnMatmul,,,2.094,2.094,21.421,21.421,21.421,21.421
vllm::maybe_chunk_residual,,,6.798,6.798,0,0,0,0
_C_ascend::npu_add_rms_norm_bias,,,11.747,22.453,0,11.2805,0,0
aten::empty,,,0.629,2.372,0,0,0,0
empty_tensor,,,1.743,1.743,0,0,0,0
aten::empty,,,0.377,1.9,0,0,0,0
empty_tensor,,,1.523,1.523,0,0,0,0
aten::empty,,,0.572,1.97,0,0,0,0
empty_tensor,,,1.398,1.398,0,0,0,0
aten::empty,,,0.385,2.332,0,0,0,0
empty_tensor,,,1.947,1.947,0,0,0,0
aclnnAddRmsNormBias,,,2.132,2.132,11.2805,11.2805,0,0
vllm::unquantized_gemm,,,6.183,20.952,0,9.9,0,8.72
aten::linear,,,1.461,14.769,0,9.9,0,8.72
aten::t,,,1.218,2.524,0,0,0,0
aten::transpose,,,0.536,1.306,0,0,0,0
aten::as_strided,,,0.77,0.77,0,0,0,0
aten::addmm,,,7.408,10.784,0,9.9,0,8.72
empty_tensor,,,1.532,1.532,0,0,0,0
aclnnAddmm,,,1.844,1.844,9.9,9.9,8.72,8.72
aten::split_with_sizes,,,2.29,4.458,0,0,0,0
aten::as_strided,,,0.962,0.962,0,0,0,0
aten::as_strided,,,0.572,0.572,0,0,0,0
aten::as_strided,,,0.634,0.634,0,0,0,0
vllm::npu_rotary_embedding,,,320.151,351.543,0,18.641,0,0
aten::view,,,1.394,1.394,0,0,0,0
aten::view,,,0.603,0.603,0,0,0,0
aten::contiguous,,,1.907,11.134,0,2.64,0,0
aten::clone,,,1.623,9.227,0,2.64,0,0
empty_tensor,,,1.628,1.628,0,0,0,0
aten::copy_,,,4.215,5.976,0,2.64,0,0
aclnnInplaceCopy,,,1.761,1.761,2.64,2.64,0,0
aten::contiguous,,,0.549,7.588,0,2.6805,0,0
aten::clone,,,0.714,7.039,0,2.6805,0,0
empty_tensor,,,1.466,1.466,0,0,0,0
aten::copy_,,,2.553,4.859,0,2.6805,0,0
aclnnInplaceCopy,,,2.306,2.306,2.6805,2.6805,0,0
_triton_rope,,,8.351,8.351,13.3205,13.3205,0,0
aten::view,,,1.41,1.41,0,0,0,0
aten::view,,,0.912,0.912,0,0,0,0
aten::empty,,,0.739,3.409,0,0,0,0
empty_tensor,,,2.67,2.67,0,0,0,0
aten::view,,,1.265,1.265,0,0,0,0
aten::view,,,0.77,0.77,0,0,0,0
aten::view,,,0.745,0.745,0,0,0,0
aten::view,,,0.97,0.97,0,0,0,0
vllm::unified_attention_with_output,,,205.715,1393.523,0,47.322,0,0
P12/B/0226/attention,,,575.182,1187.808,0,47.322,0,0
aten::slice,,,2.192,4.329,0,0,0,0
aten::as_strided,,,2.137,2.137,0,0,0,0
aten::slice,,,0.721,1.508,0,0,0,0
aten::as_strided,,,0.787,0.787,0,0,0,0
aten::slice,,,3.332,4.294,0,0,0,0
aten::as_strided,,,0.962,0.962,0,0,0,0
P12/B/0227/cache_write,,,155.504,201.884,0,12.2005,0,0
atb::_npu_reshape_and_cache,,,23.954,46.38,0,12.2005,0,0
aten::contiguous,,,1.302,19.814,0,3.1,0,0
aten::clone,,,2.027,18.512,0,3.1,0,0
empty_tensor,,,4.553,4.553,0,0,0,0
aten::copy_,,,8.034,11.932,0,3.1,0,0
aclnnInplaceCopy,,,3.898,3.898,3.1,3.1,0,0
ReshapeCacheOperation,,,2.612,2.612,9.1005,9.1005,0,0
P12/B/0228/fia,,,270.346,384.121,0,35.1215,0,0
aten::slice,,,1.62,3.356,0,0,0,0
aten::as_strided,,,1.736,1.736,0,0,0,0
aten::slice,,,0.755,1.44,0,0,0,0
aten::as_strided,,,0.685,0.685,0,0,0,0
aten::slice,,,0.444,1.213,0,0,0,0
aten::as_strided,,,0.769,0.769,0,0,0,0
npu::npu_fused_infer_attention_score,,,76.196,88.88,0,34.121,0,0
empty_tensor,,,4.579,4.579,0,0,0,0
empty_tensor,,,1.57,1.57,0,0,0,0
empty_tensor,,,1.517,1.517,0,0,0,0
empty_tensor,,,1.13,1.13,0,0,0,0
aclnnFusedInferAttentionScoreV3,,,3.888,3.888,34.121,34.121,0,0
aten::view,,,1.639,1.639,0,0,0,0
aten::slice,,,0.612,1.602,0,0,0,0
aten::as_strided,,,0.99,0.99,0,0,0,0
aten::copy_,,,14.555,15.645,0,1.0005,0,0
aclnnInplaceCopy,,,1.09,1.09,1.0005,1.0005,0,0
aten::slice,,,0.797,1.73,0,0,0,0
aten::as_strided,,,0.933,0.933,0,0,0,0
aten::copy_,,,11.819,14.76,0,0,0,0
aclnnInplaceCopy,,,2.941,2.941,0,0,0,0
aten::view,,,1.741,1.741,0,0,0,0
vllm::unquantized_gemm,,,10.89,36.802,0,7.86,0,7.86
aten::linear,,,2.201,25.912,0,7.86,0,7.86
aten::t,,,4.211,6.963,0,0,0,0
aten::transpose,,,1.611,2.752,0,0,0,0
aten::as_strided,,,1.141,1.141,0,0,0,0
aten::matmul,,,8.726,16.748,0,7.86,0,7.86
empty_tensor,,,4.421,4.421,0,0,0,0
aclnnMatmul,,,3.601,3.601,7.86,7.86,7.86,7.86
vllm::maybe_chunk_residual,,,8.43,8.43,0,0,0,0
_C_ascend::npu_add_rms_norm_bias,,,19.28,33.507,0,19.9405,0,0
aten::empty,,,1.235,3.88,0,0,0,0
empty_tensor,,,2.645,2.645,0,0,0,0
aten::empty,,,0.418,2.242,0,0,0,0
empty_tensor,,,1.824,1.824,0,0,0,0
aten::empty,,,0.366,1.636,0,0,0,0
empty_tensor,,,1.27,1.27,0,0,0,0
aten::empty,,,0.505,2.882,0,0,0,0
empty_tensor,,,2.377,2.377,0,0,0,0
aclnnAddRmsNormBias,,,3.587,3.587,19.9405,19.9405,0,0
vllm::unquantized_gemm,,,5.778,24.911,0,23.141,0,23.141
aten::linear,,,1.26,19.133,0,23.141,0,23.141
aten::t,,,1.635,4.015,0,0,0,0
aten::transpose,,,0.884,2.38,0,0,0,0
aten::as_strided,,,1.496,1.496,0,0,0,0
aten::matmul,,,4.769,13.858,0,23.141,0,23.141
empty_tensor,,,1.828,1.828,0,0,0,0
aclnnMatmul,,,7.261,7.261,23.141,23.141,23.141,23.141
npu::npu_swiglu,,,14.05,17.795,0,17.2805,0,0
empty_tensor,,,1.935,1.935,0,0,0,0
aclnnSwiGlu,,,1.81,1.81,17.2805,17.2805,0,0
vllm::unquantized_gemm,,,5.014,17.431,0,21.821,0,21.821
aten::linear,,,0.956,12.417,0,21.821,0,21.821
aten::t,,,0.911,2.329,0,0,0,0
aten::transpose,,,0.519,1.418,0,0,0,0
aten::as_strided,,,0.899,0.899,0,0,0,0
aten::matmul,,,3.914,9.132,0,21.821,0,21.821
empty_tensor,,,1.455,1.455,0,0,0,0
aclnnMatmul,,,3.763,3.763,21.821,21.821,21.821,21.821
vllm::maybe_chunk_residual,,,4.325,4.325,0,0,0,0
_C_ascend::npu_add_rms_norm_bias,,,8.364,16.373,0,13.9005,0,0
aten::empty,,,0.511,1.841,0,0,0,0
empty_tensor,,,1.33,1.33,0,0,0,0
aten::empty,,,0.205,1.225,0,0,0,0
empty_tensor,,,1.02,1.02,0,0,0,0
aten::empty,,,0.426,1.253,0,0,0,0
empty_tensor,,,0.827,0.827,0,0,0,0
aten::empty,,,0.436,1.935,0,0,0,0
empty_tensor,,,1.499,1.499,0,0,0,0
aclnnAddRmsNormBias,,,1.755,1.755,13.9005,13.9005,0,0
vllm::unquantized_gemm,,,4.282,15.221,0,10.1805,0,9.0205
aten::linear,,,1.127,10.939,0,10.1805,0,9.0205
aten::t,,,0.707,1.602,0,0,0,0
aten::transpose,,,0.387,0.895,0,0,0,0
aten::as_strided,,,0.508,0.508,0,0,0,0
aten::addmm,,,5.355,8.21,0,10.1805,0,9.0205
empty_tensor,,,1.324,1.324,0,0,0,0
aclnnAddmm,,,1.531,1.531,10.1805,10.1805,9.0205,9.0205
aten::split_with_sizes,,,2.252,4.344,0,0,0,0
aten::as_strided,,,0.99,0.99,0,0,0,0
aten::as_strided,,,0.544,0.544,0,0,0,0
aten::as_strided,,,0.558,0.558,0,0,0,0
vllm::npu_rotary_embedding,,,329.08,362.605,0,18.8805,0,0
aten::view,,,1.732,1.732,0,0,0,0
aten::view,,,0.938,0.938,0,0,0,0
aten::contiguous,,,1.296,12.066,0,2.72,0,0
aten::clone,,,1.663,10.77,0,2.72,0,0
empty_tensor,,,1.94,1.94,0,0,0,0
aten::copy_,,,4.177,7.167,0,2.72,0,0
aclnnInplaceCopy,,,2.99,2.99,2.72,2.72,0,0
aten::contiguous,,,0.499,8.052,0,2.64,0,0
aten::clone,,,0.77,7.553,0,2.64,0,0
empty_tensor,,,1.879,1.879,0,0,0,0
aten::copy_,,,2.624,4.904,0,2.64,0,0
aclnnInplaceCopy,,,2.28,2.28,2.64,2.64,0,0
_triton_rope,,,7.957,7.957,13.5205,13.5205,0,0
aten::view,,,1.468,1.468,0,0,0,0
aten::view,,,1.312,1.312,0,0,0,0
aten::empty,,,0.899,3.883,0,0,0,0
empty_tensor,,,2.984,2.984,0,0,0,0
aten::view,,,1.197,1.197,0,0,0,0
aten::view,,,0.762,0.762,0,0,0,0
aten::view,,,0.958,0.958,0,0,0,0
aten::view,,,1.168,1.168,0,0,0,0
vllm::unified_attention_with_output,,,222.97,1484.063,0,42.762,0,0
P12/B/0229/attention,,,593.516,1261.093,0,42.762,0,0
aten::slice,,,2.479,4.521,0,0,0,0
aten::as_strided,,,2.042,2.042,0,0,0,0
aten::slice,,,0.728,1.396,0,0,0,0
aten::as_strided,,,0.668,0.668,0,0,0,0
aten::slice,,,3.174,4.175,0,0,0,0
aten::as_strided,,,1.001,1.001,0,0,0,0
P12/B/0230/cache_write,,,159.899,210.288,0,11.3605,0,0
atb::_npu_reshape_and_cache,,,24.947,50.389,0,11.3605,0,0
aten::contiguous,,,1.482,22.798,0,2.78,0,0
aten::clone,,,2.226,21.316,0,2.78,0,0
empty_tensor,,,6.68,6.68,0,0,0,0
aten::copy_,,,8.352,12.41,0,2.78,0,0
aclnnInplaceCopy,,,4.058,4.058,2.78,2.78,0,0
ReshapeCacheOperation,,,2.644,2.644,8.5805,8.5805,0,0
P12/B/0231/fia,,,310.664,428.841,0,31.401500000000002,0,0
aten::slice,,,2.029,4.09,0,0,0,0
aten::as_strided,,,2.061,2.061,0,0,0,0
aten::slice,,,0.757,1.501,0,0,0,0
aten::as_strided,,,0.744,0.744,0,0,0,0
aten::slice,,,0.548,1.323,0,0,0,0
aten::as_strided,,,0.775,0.775,0,0,0,0
npu::npu_fused_infer_attention_score,,,78.281,92.109,0,30.381500000000003,0,0
empty_tensor,,,5.152,5.152,0,0,0,0
empty_tensor,,,1.599,1.599,0,0,0,0
empty_tensor,,,1.561,1.561,0,0,0,0
empty_tensor,,,1.618,1.618,0,0,0,0
aclnnFusedInferAttentionScoreV3,,,3.898,3.898,30.381500000000003,30.381500000000003,0,0
aten::view,,,1.705,1.705,0,0,0,0
aten::slice,,,0.736,1.698,0,0,0,0
aten::as_strided,,,0.962,0.962,0,0,0,0
aten::copy_,,,14.573,15.751,0,1.02,0,0
aclnnInplaceCopy,,,1.178,1.178,1.02,1.02,0,0
aten::slice,,,1.012,1.928,0,0,0,0
aten::as_strided,,,0.916,0.916,0,0,0,0
aten::copy_,,,13.287,16.428,0,0,0,0
aclnnInplaceCopy,,,3.141,3.141,0,0,0,0
aten::view,,,1.885,1.885,0,0,0,0
vllm::unquantized_gemm,,,8.204,30.868,0,7.56,0,7.56
aten::linear,,,1.962,22.664,0,7.56,0,7.56
aten::t,,,2.949,5.347,0,0,0,0
aten::transpose,,,1.255,2.398,0,0,0,0
aten::as_strided,,,1.143,1.143,0,0,0,0
aten::matmul,,,7.106,15.355,0,7.56,0,7.56
empty_tensor,,,5.978,5.978,0,0,0,0
aclnnMatmul,,,2.271,2.271,7.56,7.56,7.56,7.56
vllm::maybe_chunk_residual,,,5.96,5.96,0,0,0,0
_C_ascend::npu_add_rms_norm_bias,,,15.224,25.766,0,14.5605,0,0
aten::empty,,,1.125,3.105,0,0,0,0
empty_tensor,,,1.98,1.98,0,0,0,0
aten::empty,,,0.268,1.482,0,0,0,0
empty_tensor,,,1.214,1.214,0,0,0,0
aten::empty,,,0.41,1.541,0,0,0,0
empty_tensor,,,1.131,1.131,0,0,0,0
aten::empty,,,0.329,2.37,0,0,0,0
empty_tensor,,,2.041,2.041,0,0,0,0
aclnnAddRmsNormBias,,,2.044,2.044,14.5605,14.5605,0,0
vllm::unquantized_gemm,,,4.355,17.36,0,23.441,0,23.441
aten::linear,,,0.866,13.005,0,23.441,0,23.441
aten::t,,,0.833,2.117,0,0,0,0
aten::transpose,,,0.519,1.284,0,0,0,0
aten::as_strided,,,0.765,0.765,0,0,0,0
aten::matmul,,,3.162,10.022,0,23.441,0,23.441
empty_tensor,,,1.64,1.64,0,0,0,0
aclnnMatmul,,,5.22,5.22,23.441,23.441,23.441,23.441
npu::npu_swiglu,,,9.949,12.831,0,17.821,0,0
empty_tensor,,,1.335,1.335,0,0,0,0
aclnnSwiGlu,,,1.547,1.547,17.821,17.821,0,0
vllm::unquantized_gemm,,,3.269,12.332,0,21.3605,0,21.3605
aten::linear,,,0.651,9.063,0,21.3605,0,21.3605
aten::t,,,0.796,3.488,0,0,0,0
aten::transpose,,,0.43,2.692,0,0,0,0
aten::as_strided,,,2.262,2.262,0,0,0,0
aten::matmul,,,2.233,4.924,0,21.3605,0,21.3605
empty_tensor,,,1.144,1.144,0,0,0,0
aclnnMatmul,,,1.547,1.547,21.3605,21.3605,21.3605,21.3605
vllm::maybe_chunk_residual,,,4.308,4.308,0,0,0,0
_C_ascend::npu_add_rms_norm_bias,,,7.605,18.275,0,10.48,0,0
aten::empty,,,0.448,1.748,0,0,0,0
empty_tensor,,,1.3,1.3,0,0,0,0
aten::empty,,,0.229,2.512,0,0,0,0
empty_tensor,,,2.283,2.283,0,0,0,0
aten::empty,,,0.196,1.069,0,0,0,0
empty_tensor,,,0.873,0.873,0,0,0,0
aten::empty,,,0.275,1.675,0,0,0,0
empty_tensor,,,1.4,1.4,0,0,0,0
aclnnAddRmsNormBias,,,3.666,3.666,10.48,10.48,0,0
vllm::unquantized_gemm,,,4.229,15.349,0,9.979999999999999,0,8.78
aten::linear,,,1.155,11.12,0,9.979999999999999,0,8.78
aten::t,,,0.938,1.808,0,0,0,0
aten::transpose,,,0.323,0.87,0,0,0,0
aten::as_strided,,,0.547,0.547,0,0,0,0
aten::addmm,,,5.369,8.157,0,9.979999999999999,0,8.78
empty_tensor,,,1.162,1.162,0,0,0,0
aclnnAddmm,,,1.626,1.626,9.979999999999999,9.979999999999999,8.78,8.78
aten::split_with_sizes,,,1.694,3.421,0,0,0,0
aten::as_strided,,,0.709,0.709,0,0,0,0
aten::as_strided,,,0.505,0.505,0,0,0,0
aten::as_strided,,,0.513,0.513,0,0,0,0
vllm::npu_rotary_embedding,,,258.656,283.549,0,19.081,0,0
aten::view,,,0.89,0.89,0,0,0,0
aten::view,,,0.362,0.362,0,0,0,0
aten::contiguous,,,1.143,8.574,0,2.8205,0,0
aten::clone,,,1.171,7.431,0,2.8205,0,0
empty_tensor,,,1.456,1.456,0,0,0,0
aten::copy_,,,2.942,4.804,0,2.8205,0,0
aclnnInplaceCopy,,,1.862,1.862,2.8205,2.8205,0,0
aten::contiguous,,,0.649,5.104,0,2.68,0,0
aten::clone,,,0.576,4.455,0,2.68,0,0
empty_tensor,,,1.114,1.114,0,0,0,0
aten::copy_,,,1.812,2.765,0,2.68,0,0
aclnnInplaceCopy,,,0.953,0.953,2.68,2.68,0,0
_triton_rope,,,7.375,7.375,13.5805,13.5805,0,0
aten::view,,,1.56,1.56,0,0,0,0
aten::view,,,1.028,1.028,0,0,0,0
aten::empty,,,0.931,3.331,0,0,0,0
empty_tensor,,,2.4,2.4,0,0,0,0
aten::view,,,0.966,0.966,0,0,0,0
aten::view,,,0.776,0.776,0,0,0,0
aten::view,,,0.788,0.788,0,0,0,0
aten::view,,,0.911,0.911,0,0,0,0
vllm::unified_attention_with_output,,,187.358,1155.215,0,48.4015,0,0
P12/B/0232/attention,,,463.039,967.857,0,48.4015,0,0
aten::slice,,,1.931,3.641,0,0,0,0
aten::as_strided,,,1.71,1.71,0,0,0,0
aten::slice,,,0.708,1.526,0,0,0,0
aten::as_strided,,,0.818,0.818,0,0,0,0
aten::slice,,,3.342,4.257,0,0,0,0
aten::as_strided,,,0.915,0.915,0,0,0,0
P12/B/0233/cache_write,,,132.808,174.797,0,11.3405,0,0
atb::_npu_reshape_and_cache,,,24.376,41.989,0,11.3405,0,0
aten::contiguous,,,1.015,15.944,0,2.76,0,0
aten::clone,,,1.643,14.929,0,2.76,0,0
empty_tensor,,,3.537,3.537,0,0,0,0
aten::copy_,,,6.78,9.749,0,2.76,0,0
aclnnInplaceCopy,,,2.969,2.969,2.76,2.76,0,0
ReshapeCacheOperation,,,1.669,1.669,8.5805,8.5805,0,0
P12/B/0234/fia,,,216.444,308.772,0,37.061,0,0
aten::slice,,,1.233,2.956,0,0,0,0
aten::as_strided,,,1.723,1.723,0,0,0,0
aten::slice,,,0.463,0.914,0,0,0,0
aten::as_strided,,,0.451,0.451,0,0,0,0
aten::slice,,,0.273,0.812,0,0,0,0
aten::as_strided,,,0.539,0.539,0,0,0,0
npu::npu_fused_infer_attention_score,,,63.682,72.403,0,36.061,0,0
empty_tensor,,,2.947,2.947,0,0,0,0
empty_tensor,,,1.039,1.039,0,0,0,0
empty_tensor,,,0.859,0.859,0,0,0,0
empty_tensor,,,1.008,1.008,0,0,0,0
aclnnFusedInferAttentionScoreV3,,,2.868,2.868,36.061,36.061,0,0
aten::view,,,1.248,1.248,0,0,0,0
aten::slice,,,0.491,1.197,0,0,0,0
aten::as_strided,,,0.706,0.706,0,0,0,0
aten::copy_,,,11.984,12.798,0,1.0,0,0
aclnnInplaceCopy,,,0.814,0.814,1.0,1.0,0,0
aten::slice,,,0.619,1.309,0,0,0,0
aten::as_strided,,,0.69,0.69,0,0,0,0
aten::copy_,,,8.289,10.516,0,0,0,0
aclnnInplaceCopy,,,2.227,2.227,0,0,0,0
aten::view,,,1.198,1.198,0,0,0,0
vllm::unquantized_gemm,,,7.85,25.16,0,7.26,0,7.26
aten::linear,,,1.609,17.31,0,7.26,0,7.26
aten::t,,,2.732,5.011,0,0,0,0
aten::transpose,,,1.139,2.279,0,0,0,0
aten::as_strided,,,1.14,1.14,0,0,0,0
aten::matmul,,,6.247,10.69,0,7.26,0,7.26
empty_tensor,,,2.625,2.625,0,0,0,0
aclnnMatmul,,,1.818,1.818,7.26,7.26,7.26,7.26
vllm::maybe_chunk_residual,,,5.472,5.472,0,0,0,0
_C_ascend::npu_add_rms_norm_bias,,,14.126,24.924,0,14.5805,0,0
aten::empty,,,1.172,2.946,0,0,0,0
empty_tensor,,,1.774,1.774,0,0,0,0
aten::empty,,,0.209,1.5,0,0,0,0
empty_tensor,,,1.291,1.291,0,0,0,0
aten::empty,,,1.104,1.783,0,0,0,0
empty_tensor,,,0.679,0.679,0,0,0,0
aten::empty,,,0.34,2.36,0,0,0,0
empty_tensor,,,2.02,2.02,0,0,0,0
aclnnAddRmsNormBias,,,2.209,2.209,14.5805,14.5805,0,0
vllm::unquantized_gemm,,,4.185,13.597,0,23.641,0,23.641
aten::linear,,,0.979,9.412,0,23.641,0,23.641
aten::t,,,0.981,2.169,0,0,0,0
aten::transpose,,,0.48,1.188,0,0,0,0
aten::as_strided,,,0.708,0.708,0,0,0,0
aten::matmul,,,3.327,6.264,0,23.641,0,23.641
empty_tensor,,,1.355,1.355,0,0,0,0
aclnnMatmul,,,1.582,1.582,23.641,23.641,23.641,23.641
npu::npu_swiglu,,,9.511,20.74,0,15.5005,0,0
empty_tensor,,,1.213,1.213,0,0,0,0
aclnnSwiGlu,,,10.016,10.016,15.5005,15.5005,0,0
vllm::unquantized_gemm,,,3.467,11.862,0,21.9405,0,21.9405
aten::linear,,,0.712,8.395,0,21.9405,0,21.9405
aten::t,,,0.67,1.638,0,0,0,0
aten::transpose,,,0.343,0.968,0,0,0,0
aten::as_strided,,,0.625,0.625,0,0,0,0
aten::matmul,,,2.312,6.045,0,21.9405,0,21.9405
empty_tensor,,,1.257,1.257,0,0,0,0
aclnnMatmul,,,2.476,2.476,21.9405,21.9405,21.9405,21.9405
vllm::maybe_chunk_residual,,,3.966,3.966,0,0,0,0
_C_ascend::npu_add_rms_norm_bias,,,9.068,18.451,0,10.5405,0,0
aten::empty,,,0.391,1.789,0,0,0,0
empty_tensor,,,1.398,1.398,0,0,0,0
aten::empty,,,0.219,1.127,0,0,0,0
empty_tensor,,,0.908,0.908,0,0,0,0
aten::empty,,,0.356,1.355,0,0,0,0
empty_tensor,,,0.999,0.999,0,0,0,0
aten::empty,,,0.278,2.26,0,0,0,0
empty_tensor,,,1.982,1.982,0,0,0,0
aclnnAddRmsNormBias,,,2.852,2.852,10.5405,10.5405,0,0
vllm::unquantized_gemm,,,4.294,17.787,0,9.9005,0,8.7005
aten::linear,,,1.126,13.493,0,9.9005,0,8.7005
aten::t,,,0.821,1.879,0,0,0,0
aten::transpose,,,0.378,1.058,0,0,0,0
aten::as_strided,,,0.68,0.68,0,0,0,0
aten::addmm,,,5.356,10.488,0,9.9005,0,8.7005
empty_tensor,,,1.145,1.145,0,0,0,0
aclnnAddmm,,,3.987,3.987,9.9005,9.9005,8.7005,8.7005
aten::split_with_sizes,,,1.594,3.067,0,0,0,0
aten::as_strided,,,0.696,0.696,0,0,0,0
aten::as_strided,,,0.369,0.369,0,0,0,0
aten::as_strided,,,0.408,0.408,0,0,0,0
vllm::npu_rotary_embedding,,,211.334,231.939,0,20.5005,0,0
aten::view,,,0.914,0.914,0,0,0,0
aten::view,,,0.328,0.328,0,0,0,0
aten::contiguous,,,0.903,8.463,0,2.8,0,0
aten::clone,,,1.171,7.56,0,2.8,0,0
empty_tensor,,,1.297,1.297,0,0,0,0
aten::copy_,,,2.91,5.092,0,2.8,0,0
aclnnInplaceCopy,,,2.182,2.182,2.8,2.8,0,0
aten::contiguous,,,0.37,4.098,0,2.74,0,0
aten::clone,,,0.488,3.728,0,2.74,0,0
empty_tensor,,,0.96,0.96,0,0,0,0
aten::copy_,,,1.655,2.28,0,2.74,0,0
aclnnInplaceCopy,,,0.625,0.625,2.74,2.74,0,0
_triton_rope,,,5.399,5.399,14.9605,14.9605,0,0
aten::view,,,0.894,0.894,0,0,0,0
aten::view,,,0.509,0.509,0,0,0,0
aten::empty,,,0.854,2.649,0,0,0,0
empty_tensor,,,1.795,1.795,0,0,0,0
aten::view,,,0.795,0.795,0,0,0,0
aten::view,,,0.667,0.667,0,0,0,0
aten::view,,,0.42,0.42,0,0,0,0
aten::view,,,0.538,0.538,0,0,0,0
vllm::unified_attention_with_output,,,179.938,1069.983,0,44.7615,0,0
P12/B/0235/attention,,,402.695,890.045,0,44.7615,0,0
aten::slice,,,1.626,3.2,0,0,0,0
aten::as_strided,,,1.574,1.574,0,0,0,0
aten::slice,,,0.483,1.154,0,0,0,0
aten::as_strided,,,0.671,0.671,0,0,0,0
aten::slice,,,2.658,3.482,0,0,0,0
aten::as_strided,,,0.824,0.824,0,0,0,0
P12/B/0236/cache_write,,,118.388,155.576,0,11.32,0,0
atb::_npu_reshape_and_cache,,,19.24,37.188,0,11.32,0,0
aten::contiguous,,,0.847,15.904,0,2.74,0,0
aten::clone,,,1.629,15.057,0,2.74,0,0
empty_tensor,,,2.97,2.97,0,0,0,0
aten::copy_,,,5.461,10.458,0,2.74,0,0
aclnnInplaceCopy,,,4.997,4.997,2.74,2.74,0,0
ReshapeCacheOperation,,,2.044,2.044,8.58,8.58,0,0
P12/B/0237/fia,,,222.58,312.298,0,33.4415,0,0
aten::slice,,,1.233,2.38,0,0,0,0
aten::as_strided,,,1.147,1.147,0,0,0,0
aten::slice,,,0.425,0.855,0,0,0,0
aten::as_strided,,,0.43,0.43,0,0,0,0
aten::slice,,,0.422,1.209,0,0,0,0
aten::as_strided,,,0.787,0.787,0,0,0,0
npu::npu_fused_infer_attention_score,,,61.729,70.516,0,32.4215,0,0
empty_tensor,,,2.847,2.847,0,0,0,0
empty_tensor,,,1.151,1.151,0,0,0,0
empty_tensor,,,0.963,0.963,0,0,0,0
empty_tensor,,,0.623,0.623,0,0,0,0
aclnnFusedInferAttentionScoreV3,,,3.203,3.203,32.4215,32.4215,0,0
aten::view,,,1.116,1.116,0,0,0,0
aten::slice,,,0.414,0.981,0,0,0,0
aten::as_strided,,,0.567,0.567,0,0,0,0
aten::copy_,,,11.385,12.661,0,1.02,0,0
aclnnInplaceCopy,,,1.276,1.276,1.02,1.02,0,0
aten::slice,,,0.579,1.229,0,0,0,0
aten::as_strided,,,0.65,0.65,0,0,0,0
aten::copy_,,,8.119,10.411,0,0,0,0
aclnnInplaceCopy,,,2.292,2.292,0,0,0,0
aten::view,,,1.259,1.259,0,0,0,0
vllm::unquantized_gemm,,,7.664,25.476,0,7.5,0,7.5
aten::linear,,,1.595,17.812,0,7.5,0,7.5
aten::t,,,2.454,4.95,0,0,0,0
aten::transpose,,,1.198,2.496,0,0,0,0
aten::as_strided,,,1.298,1.298,0,0,0,0
aten::matmul,,,6.039,11.267,0,7.5,0,7.5
empty_tensor,,,2.902,2.902,0,0,0,0
aclnnMatmul,,,2.326,2.326,7.5,7.5,7.5,7.5
vllm::maybe_chunk_residual,,,5.467,5.467,0,0,0,0
_C_ascend::npu_add_rms_norm_bias,,,13.103,23.945,0,14.4605,0,0
aten::empty,,,1.017,2.799,0,0,0,0
empty_tensor,,,1.782,1.782,0,0,0,0
aten::empty,,,0.214,1.452,0,0,0,0
empty_tensor,,,1.238,1.238,0,0,0,0
aten::empty,,,0.421,1.283,0,0,0,0
empty_tensor,,,0.862,0.862,0,0,0,0
aten::empty,,,0.324,3.044,0,0,0,0
empty_tensor,,,2.72,2.72,0,0,0,0
aclnnAddRmsNormBias,,,2.264,2.264,14.4605,14.4605,0,0
vllm::unquantized_gemm,,,4.109,13.076,0,23.241,0,23.241
aten::linear,,,0.864,8.967,0,23.241,0,23.241
aten::t,,,0.852,1.927,0,0,0,0
aten::transpose,,,0.417,1.075,0,0,0,0
aten::as_strided,,,0.658,0.658,0,0,0,0
aten::matmul,,,2.834,6.176,0,23.241,0,23.241
empty_tensor,,,1.297,1.297,0,0,0,0
aclnnMatmul,,,2.045,2.045,23.241,23.241,23.241,23.241
npu::npu_swiglu,,,10.336,21.635,0,14.701,0,0
empty_tensor,,,1.332,1.332,0,0,0,0
aclnnSwiGlu,,,9.967,9.967,14.701,14.701,0,0
vllm::unquantized_gemm,,,3.577,12.257,0,21.441,0,21.441
aten::linear,,,0.615,8.68,0,21.441,0,21.441
aten::t,,,0.725,1.745,0,0,0,0
aten::transpose,,,0.384,1.02,0,0,0,0
aten::as_strided,,,0.636,0.636,0,0,0,0
aten::matmul,,,2.37,6.32,0,21.441,0,21.441
empty_tensor,,,1.706,1.706,0,0,0,0
aclnnMatmul,,,2.244,2.244,21.441,21.441,21.441,21.441
vllm::maybe_chunk_residual,,,4.201,4.201,0,0,0,0
_C_ascend::npu_add_rms_norm_bias,,,8.49,16.072,0,10.92,0,0
aten::empty,,,0.397,1.625,0,0,0,0
empty_tensor,,,1.228,1.228,0,0,0,0
aten::empty,,,0.261,1.2,0,0,0,0
empty_tensor,,,0.939,0.939,0,0,0,0
aten::empty,,,0.285,1.11,0,0,0,0
empty_tensor,,,0.825,0.825,0,0,0,0
aten::empty,,,0.255,1.418,0,0,0,0
empty_tensor,,,1.163,1.163,0,0,0,0
aclnnAddRmsNormBias,,,2.229,2.229,10.92,10.92,0,0
vllm::unquantized_gemm,,,4.525,16.766,0,10.040500000000002,0,8.9205
aten::linear,,,1.071,12.241,0,10.040500000000002,0,8.9205
aten::t,,,0.8,2.347,0,0,0,0
aten::transpose,,,0.337,1.547,0,0,0,0
aten::as_strided,,,1.21,1.21,0,0,0,0
aten::addmm,,,5.402,8.823,0,10.040500000000002,0,8.9205
empty_tensor,,,1.038,1.038,0,0,0,0
aclnnAddmm,,,2.383,2.383,10.040500000000002,10.040500000000002,8.9205,8.9205
aten::split_with_sizes,,,1.492,2.941,0,0,0,0
aten::as_strided,,,0.657,0.657,0,0,0,0
aten::as_strided,,,0.376,0.376,0,0,0,0
aten::as_strided,,,0.416,0.416,0,0,0,0
vllm::npu_rotary_embedding,,,214.214,237.466,0,19.901,0,0
aten::view,,,1.011,1.011,0,0,0,0
aten::view,,,0.586,0.586,0,0,0,0
aten::contiguous,,,0.931,7.804,0,3.36,0,0
aten::clone,,,1.112,6.873,0,3.36,0,0
empty_tensor,,,1.333,1.333,0,0,0,0
aten::copy_,,,2.828,4.428,0,3.36,0,0
aclnnInplaceCopy,,,1.6,1.6,3.36,3.36,0,0
aten::contiguous,,,0.479,5.194,0,2.7405,0,0
aten::clone,,,0.541,4.715,0,2.7405,0,0
empty_tensor,,,1.097,1.097,0,0,0,0
aten::copy_,,,1.875,3.077,0,2.7405,0,0
aclnnInplaceCopy,,,1.202,1.202,2.7405,2.7405,0,0
_triton_rope,,,6.729,6.729,13.8005,13.8005,0,0
aten::view,,,1.404,1.404,0,0,0,0
aten::view,,,0.524,0.524,0,0,0,0
aten::empty,,,0.665,2.43,0,0,0,0
empty_tensor,,,1.765,1.765,0,0,0,0
aten::view,,,0.99,0.99,0,0,0,0
aten::view,,,0.447,0.447,0,0,0,0
aten::view,,,2.701,2.701,0,0,0,0
aten::view,,,0.795,0.795,0,0,0,0
vllm::unified_attention_with_output,,,144.356,995.4,0,46.743,0,0
P12/B/0238/attention,,,384.727,851.044,0,46.743,0,0
aten::slice,,,1.33,2.632,0,0,0,0
aten::as_strided,,,1.302,1.302,0,0,0,0
aten::slice,,,0.324,0.816,0,0,0,0
aten::as_strided,,,0.492,0.492,0,0,0,0
aten::slice,,,2.593,3.265,0,0,0,0
aten::as_strided,,,0.672,0.672,0,0,0,0
P12/B/0239/cache_write,,,115.004,150.296,0,11.681,0,0
atb::_npu_reshape_and_cache,,,19.34,35.292,0,11.681,0,0
aten::contiguous,,,0.9,14.268,0,2.8005,0,0
aten::clone,,,1.432,13.368,0,2.8005,0,0
empty_tensor,,,3.214,3.214,0,0,0,0
aten::copy_,,,4.949,8.722,0,2.8005,0,0
aclnnInplaceCopy,,,3.773,3.773,2.8005,2.8005,0,0
ReshapeCacheOperation,,,1.684,1.684,8.8805,8.8805,0,0
P12/B/0240/fia,,,207.178,296.745,0,35.062000000000005,0,0
aten::slice,,,1.071,2.164,0,0,0,0
aten::as_strided,,,1.093,1.093,0,0,0,0
aten::slice,,,0.534,0.988,0,0,0,0
aten::as_strided,,,0.454,0.454,0,0,0,0
aten::slice,,,0.278,0.755,0,0,0,0
aten::as_strided,,,0.477,0.477,0,0,0,0
npu::npu_fused_infer_attention_score,,,61.402,70.971,0,34.062000000000005,0,0
empty_tensor,,,2.722,2.722,0,0,0,0
empty_tensor,,,1.309,1.309,0,0,0,0
empty_tensor,,,1.54,1.54,0,0,0,0
empty_tensor,,,1.125,1.125,0,0,0,0
aclnnFusedInferAttentionScoreV3,,,2.873,2.873,34.062000000000005,34.062000000000005,0,0
aten::view,,,1.237,1.237,0,0,0,0
aten::slice,,,0.508,1.187,0,0,0,0
aten::as_strided,,,0.679,0.679,0,0,0,0
aten::copy_,,,10.999,12.265,0,1.0,0,0
aclnnInplaceCopy,,,1.266,1.266,1.0,1.0,0,0
aten::slice,,,0.658,1.52,0,0,0,0
aten::as_strided,,,0.862,0.862,0,0,0,0
aten::copy_,,,8.677,11.043,0,0,0,0
aclnnInplaceCopy,,,2.366,2.366,0,0,0,0
aten::view,,,1.141,1.141,0,0,0,0
vllm::unquantized_gemm,,,7.334,24.795,0,7.22,0,7.22
aten::linear,,,1.758,17.461,0,7.22,0,7.22
aten::t,,,2.483,4.783,0,0,0,0
aten::transpose,,,1.15,2.3,0,0,0,0
aten::as_strided,,,1.15,1.15,0,0,0,0
aten::matmul,,,6.288,10.92,0,7.22,0,7.22
empty_tensor,,,2.849,2.849,0,0,0,0
aclnnMatmul,,,1.783,1.783,7.22,7.22,7.22,7.22
vllm::maybe_chunk_residual,,,5.33,5.33,0,0,0,0
_C_ascend::npu_add_rms_norm_bias,,,13.445,24.549,0,14.9805,0,0
aten::empty,,,1.03,3.255,0,0,0,0
empty_tensor,,,2.225,2.225,0,0,0,0
aten::empty,,,0.24,1.075,0,0,0,0
empty_tensor,,,0.835,0.835,0,0,0,0
aten::empty,,,0.401,1.768,0,0,0,0
empty_tensor,,,1.367,1.367,0,0,0,0
aten::empty,,,0.344,2.164,0,0,0,0
empty_tensor,,,1.82,1.82,0,0,0,0
aclnnAddRmsNormBias,,,2.842,2.842,14.9805,14.9805,0,0
vllm::unquantized_gemm,,,4.247,15.487,0,22.741,0,22.741
aten::linear,,,0.855,11.24,0,22.741,0,22.741
aten::t,,,1.036,2.4,0,0,0,0
aten::transpose,,,0.475,1.364,0,0,0,0
aten::as_strided,,,0.889,0.889,0,0,0,0
aten::matmul,,,3.305,7.985,0,22.741,0,22.741
empty_tensor,,,2.15,2.15,0,0,0,0
aclnnMatmul,,,2.53,2.53,22.741,22.741,22.741,22.741
npu::npu_swiglu,,,10.093,22.998,0,15.4805,0,0
empty_tensor,,,1.465,1.465,0,0,0,0
aclnnSwiGlu,,,11.44,11.44,15.4805,15.4805,0,0
vllm::unquantized_gemm,,,3.631,12.153,0,21.701,0,21.701
aten::linear,,,0.658,8.522,0,21.701,0,21.701
aten::t,,,0.735,1.837,0,0,0,0
aten::transpose,,,0.452,1.102,0,0,0,0
aten::as_strided,,,0.65,0.65,0,0,0,0
aten::matmul,,,2.378,6.027,0,21.701,0,21.701
empty_tensor,,,1.416,1.416,0,0,0,0
aclnnMatmul,,,2.233,2.233,21.701,21.701,21.701,21.701
vllm::maybe_chunk_residual,,,4.124,4.124,0,0,0,0
_C_ascend::npu_add_rms_norm_bias,,,8.795,17.56,0,11.3605,0,0
aten::empty,,,0.428,1.711,0,0,0,0
empty_tensor,,,1.283,1.283,0,0,0,0
aten::empty,,,0.195,1.331,0,0,0,0
empty_tensor,,,1.136,1.136,0,0,0,0
aten::empty,,,0.322,1.488,0,0,0,0
empty_tensor,,,1.166,1.166,0,0,0,0
aten::empty,,,0.255,1.738,0,0,0,0
empty_tensor,,,1.483,1.483,0,0,0,0
aclnnAddRmsNormBias,,,2.497,2.497,11.3605,11.3605,0,0
vllm::unquantized_gemm,,,4.432,16.818,0,10.260499999999999,0,9.0605
aten::linear,,,1.137,12.386,0,10.260499999999999,0,9.0605
aten::t,,,0.669,1.85,0,0,0,0
aten::transpose,,,0.39,1.181,0,0,0,0
aten::as_strided,,,0.791,0.791,0,0,0,0
aten::addmm,,,5.825,9.399,0,10.260499999999999,0,9.0605
empty_tensor,,,1.178,1.178,0,0,0,0
aclnnAddmm,,,2.396,2.396,10.260499999999999,10.260499999999999,9.0605,9.0605
aten::split_with_sizes,,,1.537,3.168,0,0,0,0
aten::as_strided,,,0.647,0.647,0,0,0,0
aten::as_strided,,,0.461,0.461,0,0,0,0
aten::as_strided,,,0.523,0.523,0,0,0,0
vllm::npu_rotary_embedding,,,209.715,232.705,0,19.141,0,0
aten::view,,,2.548,2.548,0,0,0,0
aten::view,,,0.544,0.544,0,0,0,0
aten::contiguous,,,0.899,10.818,0,2.74,0,0
aten::clone,,,1.135,9.919,0,2.74,0,0
empty_tensor,,,1.248,1.248,0,0,0,0
aten::copy_,,,2.851,7.536,0,2.74,0,0
aclnnInplaceCopy,,,4.685,4.685,2.74,2.74,0,0
aten::contiguous,,,0.6,4.638,0,2.8405,0,0
aten::clone,,,0.731,4.038,0,2.8405,0,0
empty_tensor,,,0.928,0.928,0,0,0,0
aten::copy_,,,1.475,2.379,0,2.8405,0,0
aclnnInplaceCopy,,,0.904,0.904,2.8405,2.8405,0,0
_triton_rope,,,2.677,2.677,13.5605,13.5605,0,0
aten::view,,,1.085,1.085,0,0,0,0
aten::view,,,0.68,0.68,0,0,0,0
aten::empty,,,0.53,2.167,0,0,0,0
empty_tensor,,,1.637,1.637,0,0,0,0
aten::view,,,0.665,0.665,0,0,0,0
aten::view,,,0.47,0.47,0,0,0,0
aten::view,,,0.418,0.418,0,0,0,0
aten::view,,,0.692,0.692,0,0,0,0
vllm::unified_attention_with_output,,,148.373,1080.409,0,42.8825,0,0
P12/B/0241/attention,,,407.818,932.036,0,42.8825,0,0
aten::slice,,,1.889,3.279,0,0,0,0
aten::as_strided,,,1.39,1.39,0,0,0,0
aten::slice,,,0.478,0.953,0,0,0,0
aten::as_strided,,,0.475,0.475,0,0,0,0
aten::slice,,,2.565,3.439,0,0,0,0
aten::as_strided,,,0.874,0.874,0,0,0,0
P12/B/0242/cache_write,,,117.031,158.541,0,11.8205,0,0
atb::_npu_reshape_and_cache,,,18.76,41.51,0,11.8205,0,0
aten::contiguous,,,0.965,20.873,0,2.7805,0,0
aten::clone,,,1.318,19.908,0,2.7805,0,0
empty_tensor,,,2.675,2.675,0,0,0,0
aten::copy_,,,4.854,15.915,0,2.7805,0,0
aclnnInplaceCopy,,,11.061,11.061,2.7805,2.7805,0,0
ReshapeCacheOperation,,,1.877,1.877,9.04,9.04,0,0
P12/B/0243/fia,,,250.645,344.341,0,31.061999999999998,0,0
aten::slice,,,1.435,2.763,0,0,0,0
aten::as_strided,,,1.328,1.328,0,0,0,0
aten::slice,,,0.513,0.979,0,0,0,0
aten::as_strided,,,0.466,0.466,0,0,0,0
aten::slice,,,0.266,0.824,0,0,0,0
aten::as_strided,,,0.558,0.558,0,0,0,0
npu::npu_fused_infer_attention_score,,,64.828,73.71,0,30.061999999999998,0,0
empty_tensor,,,3.37,3.37,0,0,0,0
empty_tensor,,,0.865,0.865,0,0,0,0
empty_tensor,,,0.641,0.641,0,0,0,0
empty_tensor,,,0.64,0.64,0,0,0,0
aclnnFusedInferAttentionScoreV3,,,3.366,3.366,30.061999999999998,30.061999999999998,0,0
aten::view,,,1.306,1.306,0,0,0,0
aten::slice,,,1.0,1.655,0,0,0,0
aten::as_strided,,,0.655,0.655,0,0,0,0
aten::copy_,,,11.312,12.459,0,1.0,0,0
aclnnInplaceCopy,,,1.147,1.147,1.0,1.0,0,0
aten::slice,,,0.611,1.235,0,0,0,0
aten::as_strided,,,0.624,0.624,0,0,0,0
aten::copy_,,,9.64,12.43,0,0,0,0
aclnnInplaceCopy,,,2.79,2.79,0,0,0,0
aten::view,,,1.067,1.067,0,0,0,0
vllm::unquantized_gemm,,,7.814,25.366,0,7.64,0,7.64
aten::linear,,,1.948,17.552,0,7.64,0,7.64
aten::t,,,2.726,4.695,0,0,0,0
aten::transpose,,,1.142,1.969,0,0,0,0
aten::as_strided,,,0.827,0.827,0,0,0,0
aten::matmul,,,6.089,10.909,0,7.64,0,7.64
empty_tensor,,,2.903,2.903,0,0,0,0
aclnnMatmul,,,1.917,1.917,7.64,7.64,7.64,7.64
vllm::maybe_chunk_residual,,,5.524,5.524,0,0,0,0
_C_ascend::npu_add_rms_norm_bias,,,13.538,23.881,0,14.141,0,0
aten::empty,,,0.998,2.927,0,0,0,0
empty_tensor,,,1.929,1.929,0,0,0,0
aten::empty,,,0.194,1.461,0,0,0,0
empty_tensor,,,1.267,1.267,0,0,0,0
aten::empty,,,0.46,1.31,0,0,0,0
empty_tensor,,,0.85,0.85,0,0,0,0
aten::empty,,,0.344,2.456,0,0,0,0
empty_tensor,,,2.112,2.112,0,0,0,0
aclnnAddRmsNormBias,,,2.189,2.189,14.141,14.141,0,0
vllm::unquantized_gemm,,,4.004,13.235,0,22.761,0,22.761
aten::linear,,,0.771,9.231,0,22.761,0,22.761
aten::t,,,0.861,2.204,0,0,0,0
aten::transpose,,,0.517,1.343,0,0,0,0
aten::as_strided,,,0.826,0.826,0,0,0,0
aten::matmul,,,3.033,6.256,0,22.761,0,22.761
empty_tensor,,,1.575,1.575,0,0,0,0
aclnnMatmul,,,1.648,1.648,22.761,22.761,22.761,22.761
npu::npu_swiglu,,,10.567,20.814,0,16.3805,0,0
empty_tensor,,,1.112,1.112,0,0,0,0
aclnnSwiGlu,,,9.135,9.135,16.3805,16.3805,0,0
vllm::unquantized_gemm,,,3.563,10.865,0,21.6405,0,21.6405
aten::linear,,,0.635,7.302,0,21.6405,0,21.6405
aten::t,,,0.705,1.785,0,0,0,0
aten::transpose,,,0.469,1.08,0,0,0,0
aten::as_strided,,,0.611,0.611,0,0,0,0
aten::matmul,,,2.349,4.882,0,21.6405,0,21.6405
empty_tensor,,,1.119,1.119,0,0,0,0
aclnnMatmul,,,1.414,1.414,21.6405,21.6405,21.6405,21.6405
vllm::maybe_chunk_residual,,,4.104,4.104,0,0,0,0
_C_ascend::npu_add_rms_norm_bias,,,7.245,14.734,0,10.7805,0,0
aten::empty,,,0.433,1.753,0,0,0,0
empty_tensor,,,1.32,1.32,0,0,0,0
aten::empty,,,0.199,1.103,0,0,0,0
empty_tensor,,,0.904,0.904,0,0,0,0
aten::empty,,,0.538,1.56,0,0,0,0
empty_tensor,,,1.022,1.022,0,0,0,0
aten::empty,,,0.255,1.37,0,0,0,0
empty_tensor,,,1.115,1.115,0,0,0,0
aclnnAddRmsNormBias,,,1.703,1.703,10.7805,10.7805,0,0
vllm::unquantized_gemm,,,4.41,15.085,0,10.2805,0,9.1405
aten::linear,,,1.061,10.675,0,10.2805,0,9.1405
aten::t,,,0.949,1.861,0,0,0,0
aten::transpose,,,0.378,0.912,0,0,0,0
aten::as_strided,,,0.534,0.534,0,0,0,0
aten::addmm,,,5.27,7.753,0,10.2805,0,9.1405
empty_tensor,,,1.04,1.04,0,0,0,0
aclnnAddmm,,,1.443,1.443,10.2805,10.2805,9.1405,9.1405
aten::split_with_sizes,,,1.493,2.949,0,0,0,0
aten::as_strided,,,0.691,0.691,0,0,0,0
aten::as_strided,,,0.337,0.337,0,0,0,0
aten::as_strided,,,0.428,0.428,0,0,0,0
vllm::npu_rotary_embedding,,,211.79,235.39,0,19.0605,0,0
aten::view,,,1.621,1.621,0,0,0,0
aten::view,,,0.578,0.578,0,0,0,0
aten::contiguous,,,1.075,8.225,0,2.8,0,0
aten::clone,,,1.159,7.15,0,2.8,0,0
empty_tensor,,,1.481,1.481,0,0,0,0
aten::copy_,,,2.812,4.51,0,2.8,0,0
aclnnInplaceCopy,,,1.698,1.698,2.8,2.8,0,0
aten::contiguous,,,0.58,8.6,0,2.66,0,0
aten::clone,,,0.768,8.02,0,2.66,0,0
empty_tensor,,,1.012,1.012,0,0,0,0
aten::copy_,,,1.465,6.24,0,2.66,0,0
aclnnInplaceCopy,,,4.775,4.775,2.66,2.66,0,0
_triton_rope,,,2.947,2.947,13.6005,13.6005,0,0
aten::view,,,1.115,1.115,0,0,0,0
aten::view,,,0.514,0.514,0,0,0,0
aten::empty,,,0.515,2.159,0,0,0,0
empty_tensor,,,1.644,1.644,0,0,0,0
aten::view,,,0.763,0.763,0,0,0,0
aten::view,,,0.436,0.436,0,0,0,0
aten::view,,,0.445,0.445,0,0,0,0
aten::view,,,0.7,0.7,0,0,0,0
vllm::unified_attention_with_output,,,147.469,1007.458,0,46.9815,0,0
P12/B/0244/attention,,,387.595,859.989,0,46.9815,0,0
aten::slice,,,1.375,2.67,0,0,0,0
aten::as_strided,,,1.295,1.295,0,0,0,0
aten::slice,,,0.585,1.098,0,0,0,0
aten::as_strided,,,0.513,0.513,0,0,0,0
aten::slice,,,2.535,3.982,0,0,0,0
aten::as_strided,,,1.447,1.447,0,0,0,0
P12/B/0245/cache_write,,,116.806,155.039,0,11.3805,0,0
atb::_npu_reshape_and_cache,,,19.548,38.233,0,11.3805,0,0
aten::contiguous,,,1.007,17.038,0,2.82,0,0
aten::clone,,,1.354,16.031,0,2.82,0,0
empty_tensor,,,3.118,3.118,0,0,0,0
aten::copy_,,,4.997,11.559,0,2.82,0,0
aclnnInplaceCopy,,,6.562,6.562,2.82,2.82,0,0
ReshapeCacheOperation,,,1.647,1.647,8.5605,8.5605,0,0
P12/B/0246/fia,,,208.507,297.256,0,35.601,0,0
aten::slice,,,1.086,2.054,0,0,0,0
aten::as_strided,,,0.968,0.968,0,0,0,0
aten::slice,,,0.446,0.903,0,0,0,0
aten::as_strided,,,0.457,0.457,0,0,0,0
aten::slice,,,0.399,0.869,0,0,0,0
aten::as_strided,,,0.47,0.47,0,0,0,0
npu::npu_fused_infer_attention_score,,,61.536,69.666,0,34.601,0,0
empty_tensor,,,2.617,2.617,0,0,0,0
empty_tensor,,,0.81,0.81,0,0,0,0
empty_tensor,,,0.74,0.74,0,0,0,0
empty_tensor,,,0.746,0.746,0,0,0,0
aclnnFusedInferAttentionScoreV3,,,3.217,3.217,34.601,34.601,0,0
aten::view,,,1.15,1.15,0,0,0,0
aten::slice,,,0.424,1.154,0,0,0,0
aten::as_strided,,,0.73,0.73,0,0,0,0
aten::copy_,,,10.955,12.953,0,1.0,0,0
aclnnInplaceCopy,,,1.998,1.998,1.0,1.0,0,0
aten::slice,,,0.772,1.497,0,0,0,0
aten::as_strided,,,0.725,0.725,0,0,0,0
aten::copy_,,,8.633,10.852,0,0,0,0
aclnnInplaceCopy,,,2.219,2.219,0,0,0,0
aten::view,,,1.218,1.218,0,0,0,0
vllm::unquantized_gemm,,,9.439,27.147,0,7.6405,0,7.6405
aten::linear,,,1.697,17.708,0,7.6405,0,7.6405
aten::t,,,2.676,5.129,0,0,0,0
aten::transpose,,,1.092,2.453,0,0,0,0
aten::as_strided,,,1.361,1.361,0,0,0,0
aten::matmul,,,6.095,10.882,0,7.6405,0,7.6405
empty_tensor,,,2.931,2.931,0,0,0,0
aclnnMatmul,,,1.856,1.856,7.6405,7.6405,7.6405,7.6405
vllm::maybe_chunk_residual,,,5.574,5.574,0,0,0,0
_C_ascend::npu_add_rms_norm_bias,,,13.668,23.82,0,14.7405,0,0
aten::empty,,,0.95,3.016,0,0,0,0
empty_tensor,,,2.066,2.066,0,0,0,0
aten::empty,,,0.206,1.293,0,0,0,0
empty_tensor,,,1.087,1.087,0,0,0,0
aten::empty,,,0.379,1.308,0,0,0,0
empty_tensor,,,0.929,0.929,0,0,0,0
aten::empty,,,0.44,2.544,0,0,0,0
empty_tensor,,,2.104,2.104,0,0,0,0
aclnnAddRmsNormBias,,,1.991,1.991,14.7405,14.7405,0,0
vllm::unquantized_gemm,,,4.284,13.338,0,22.961,0,22.961
aten::linear,,,0.944,9.054,0,22.961,0,22.961
aten::t,,,0.938,1.973,0,0,0,0
aten::transpose,,,0.44,1.035,0,0,0,0
aten::as_strided,,,0.595,0.595,0,0,0,0
aten::matmul,,,3.053,6.137,0,22.961,0,22.961
empty_tensor,,,1.44,1.44,0,0,0,0
aclnnMatmul,,,1.644,1.644,22.961,22.961,22.961,22.961
npu::npu_swiglu,,,9.742,20.038,0,14.2605,0,0
empty_tensor,,,1.11,1.11,0,0,0,0
aclnnSwiGlu,,,9.186,9.186,14.2605,14.2605,0,0
vllm::unquantized_gemm,,,3.711,12.118,0,22.0005,0,22.0005
aten::linear,,,0.898,8.407,0,22.0005,0,22.0005
aten::t,,,0.667,2.35,0,0,0,0
aten::transpose,,,0.465,1.683,0,0,0,0
aten::as_strided,,,1.218,1.218,0,0,0,0
aten::matmul,,,2.265,5.159,0,22.0005,0,22.0005
empty_tensor,,,1.243,1.243,0,0,0,0
aclnnMatmul,,,1.651,1.651,22.0005,22.0005,22.0005,22.0005
vllm::maybe_chunk_residual,,,4.123,4.123,0,0,0,0
_C_ascend::npu_add_rms_norm_bias,,,8.929,16.837,0,10.7805,0,0
aten::empty,,,0.478,1.774,0,0,0,0
empty_tensor,,,1.296,1.296,0,0,0,0
aten::empty,,,0.235,1.488,0,0,0,0
empty_tensor,,,1.253,1.253,0,0,0,0
aten::empty,,,0.431,1.07,0,0,0,0
empty_tensor,,,0.639,0.639,0,0,0,0
aten::empty,,,0.301,1.561,0,0,0,0
empty_tensor,,,1.26,1.26,0,0,0,0
aclnnAddRmsNormBias,,,2.015,2.015,10.7805,10.7805,0,0
vllm::unquantized_gemm,,,4.438,16.318,0,9.4405,0,8.3205
aten::linear,,,1.081,11.88,0,9.4405,0,8.3205
aten::t,,,0.599,1.608,0,0,0,0
aten::transpose,,,0.4,1.009,0,0,0,0
aten::as_strided,,,0.609,0.609,0,0,0,0
aten::addmm,,,5.651,9.191,0,9.4405,0,8.3205
empty_tensor,,,1.225,1.225,0,0,0,0
aclnnAddmm,,,2.315,2.315,9.4405,9.4405,8.3205,8.3205
aten::split_with_sizes,,,1.494,2.867,0,0,0,0
aten::as_strided,,,0.727,0.727,0,0,0,0
aten::as_strided,,,0.275,0.275,0,0,0,0
aten::as_strided,,,0.371,0.371,0,0,0,0
vllm::npu_rotary_embedding,,,210.092,231.503,0,19.4005,0,0
aten::view,,,1.064,1.064,0,0,0,0
aten::view,,,0.485,0.485,0,0,0,0
aten::contiguous,,,0.887,8.967,0,2.76,0,0
aten::clone,,,1.065,8.08,0,2.76,0,0
empty_tensor,,,1.649,1.649,0,0,0,0
aten::copy_,,,3.025,5.366,0,2.76,0,0
aclnnInplaceCopy,,,2.341,2.341,2.76,2.76,0,0
aten::contiguous,,,0.475,4.183,0,2.7,0,0
aten::clone,,,0.569,3.708,0,2.7,0,0
empty_tensor,,,0.896,0.896,0,0,0,0
aten::copy_,,,1.367,2.243,0,2.7,0,0
aclnnInplaceCopy,,,0.876,0.876,2.7,2.7,0,0
_triton_rope,,,5.257,5.257,13.9405,13.9405,0,0
aten::view,,,0.892,0.892,0,0,0,0
aten::view,,,0.563,0.563,0,0,0,0
aten::empty,,,0.502,2.373,0,0,0,0
empty_tensor,,,1.871,1.871,0,0,0,0
aten::view,,,0.653,0.653,0,0,0,0
aten::view,,,0.43,0.43,0,0,0,0
aten::view,,,0.458,0.458,0,0,0,0
aten::view,,,0.602,0.602,0,0,0,0
vllm::unified_attention_with_output,,,151.075,1040.457,0,50.461999999999996,0,0
P12/B/0247/attention,,,406.078,889.382,0,50.461999999999996,0,0
aten::slice,,,1.418,2.765,0,0,0,0
aten::as_strided,,,1.347,1.347,0,0,0,0
aten::slice,,,0.5,0.956,0,0,0,0
aten::as_strided,,,0.456,0.456,0,0,0,0
aten::slice,,,2.515,3.204,0,0,0,0
aten::as_strided,,,0.689,0.689,0,0,0,0
P12/B/0248/cache_write,,,118.853,155.398,0,16.761,0,0
atb::_npu_reshape_and_cache,,,19.167,36.545,0,16.761,0,0
aten::contiguous,,,1.375,15.71,0,2.9805,0,0
aten::clone,,,1.568,14.335,0,2.9805,0,0
empty_tensor,,,2.729,2.729,0,0,0,0
aten::copy_,,,4.51,10.038,0,2.9805,0,0
aclnnInplaceCopy,,,5.528,5.528,2.9805,2.9805,0,0
ReshapeCacheOperation,,,1.668,1.668,13.7805,13.7805,0,0
P12/B/0249/fia,,,219.855,308.048,0,33.701,0,0
aten::slice,,,1.253,2.464,0,0,0,0
aten::as_strided,,,1.211,1.211,0,0,0,0
aten::slice,,,0.524,0.911,0,0,0,0
aten::as_strided,,,0.387,0.387,0,0,0,0
aten::slice,,,0.36,1.039,0,0,0,0
aten::as_strided,,,0.679,0.679,0,0,0,0
npu::npu_fused_infer_attention_score,,,60.906,69.087,0,32.681,0,0
empty_tensor,,,2.821,2.821,0,0,0,0
empty_tensor,,,0.809,0.809,0,0,0,0
empty_tensor,,,0.705,0.705,0,0,0,0
empty_tensor,,,1.08,1.08,0,0,0,0
aclnnFusedInferAttentionScoreV3,,,2.766,2.766,32.681,32.681,0,0
aten::view,,,1.215,1.215,0,0,0,0
aten::slice,,,0.559,1.335,0,0,0,0
aten::as_strided,,,0.776,0.776,0,0,0,0
aten::copy_,,,11.244,12.142,0,1.02,0,0
aclnnInplaceCopy,,,0.898,0.898,1.02,1.02,0,0
aten::slice,,,0.579,1.206,0,0,0,0
aten::as_strided,,,0.627,0.627,0,0,0,0
aten::copy_,,,9.144,11.727,0,0,0,0
aclnnInplaceCopy,,,2.583,2.583,0,0,0,0
aten::view,,,1.103,1.103,0,0,0,0
vllm::unquantized_gemm,,,7.568,26.458,0,7.74,0,7.74
aten::linear,,,1.785,18.89,0,7.74,0,7.74
aten::t,,,3.154,5.568,0,0,0,0
aten::transpose,,,1.066,2.414,0,0,0,0
aten::as_strided,,,1.348,1.348,0,0,0,0
aten::matmul,,,5.904,11.537,0,7.74,0,7.74
empty_tensor,,,2.895,2.895,0,0,0,0
aclnnMatmul,,,2.738,2.738,7.74,7.74,7.74,7.74
vllm::maybe_chunk_residual,,,5.389,5.389,0,0,0,0
_C_ascend::npu_add_rms_norm_bias,,,14.286,24.26,0,14.441,0,0
aten::empty,,,0.94,2.669,0,0,0,0
empty_tensor,,,1.729,1.729,0,0,0,0
aten::empty,,,0.252,1.718,0,0,0,0
empty_tensor,,,1.466,1.466,0,0,0,0
aten::empty,,,0.198,1.147,0,0,0,0
empty_tensor,,,0.949,0.949,0,0,0,0
aten::empty,,,0.356,1.966,0,0,0,0
empty_tensor,,,1.61,1.61,0,0,0,0
aclnnAddRmsNormBias,,,2.474,2.474,14.441,14.441,0,0
vllm::unquantized_gemm,,,4.02,14.022,0,23.181,0,23.181
aten::linear,,,0.864,10.002,0,23.181,0,23.181
aten::t,,,0.982,2.295,0,0,0,0
aten::transpose,,,0.512,1.313,0,0,0,0
aten::as_strided,,,0.801,0.801,0,0,0,0
aten::matmul,,,3.091,6.843,0,23.181,0,23.181
empty_tensor,,,1.437,1.437,0,0,0,0
aclnnMatmul,,,2.315,2.315,23.181,23.181,23.181,23.181
npu::npu_swiglu,,,10.163,22.938,0,14.5805,0,0
empty_tensor,,,1.075,1.075,0,0,0,0
aclnnSwiGlu,,,11.7,11.7,14.5805,14.5805,0,0
vllm::unquantized_gemm,,,3.469,13.241,0,21.841,0,21.841
aten::linear,,,0.614,9.772,0,21.841,0,21.841
aten::t,,,0.651,1.771,0,0,0,0
aten::transpose,,,0.678,1.12,0,0,0,0
aten::as_strided,,,0.442,0.442,0,0,0,0
aten::matmul,,,3.13,7.387,0,21.841,0,21.841
empty_tensor,,,1.356,1.356,0,0,0,0
aclnnMatmul,,,2.901,2.901,21.841,21.841,21.841,21.841
vllm::maybe_chunk_residual,,,4.15,4.15,0,0,0,0
_C_ascend::npu_add_rms_norm_bias,,,9.365,18.174,0,11.6005,0,0
aten::empty,,,0.419,1.853,0,0,0,0
empty_tensor,,,1.434,1.434,0,0,0,0
aten::empty,,,0.195,1.335,0,0,0,0
empty_tensor,,,1.14,1.14,0,0,0,0
aten::empty,,,0.385,1.36,0,0,0,0
empty_tensor,,,0.975,0.975,0,0,0,0
aten::empty,,,0.436,1.838,0,0,0,0
empty_tensor,,,1.402,1.402,0,0,0,0
aclnnAddRmsNormBias,,,2.423,2.423,11.6005,11.6005,0,0
vllm::unquantized_gemm,,,4.303,16.598,0,10.4605,0,9.2605
aten::linear,,,1.258,12.295,0,10.4605,0,9.2605
aten::t,,,0.65,1.674,0,0,0,0
aten::transpose,,,0.379,1.024,0,0,0,0
aten::as_strided,,,0.645,0.645,0,0,0,0
aten::addmm,,,5.553,9.363,0,10.4605,0,9.2605
empty_tensor,,,1.336,1.336,0,0,0,0
aclnnAddmm,,,2.474,2.474,10.4605,10.4605,9.2605,9.2605
aten::split_with_sizes,,,1.485,2.908,0,0,0,0
aten::as_strided,,,0.679,0.679,0,0,0,0
aten::as_strided,,,0.377,0.377,0,0,0,0
aten::as_strided,,,0.367,0.367,0,0,0,0
vllm::npu_rotary_embedding,,,211.858,231.78,0,18.9805,0,0
aten::view,,,0.991,0.991,0,0,0,0
aten::view,,,0.412,0.412,0,0,0,0
aten::contiguous,,,1.001,8.656,0,2.84,0,0
aten::clone,,,1.064,7.655,0,2.84,0,0
empty_tensor,,,1.51,1.51,0,0,0,0
aten::copy_,,,2.747,5.081,0,2.84,0,0
aclnnInplaceCopy,,,2.334,2.334,2.84,2.84,0,0
aten::contiguous,,,0.318,4.789,0,2.8,0,0
aten::clone,,,0.488,4.471,0,2.8,0,0
empty_tensor,,,1.363,1.363,0,0,0,0
aten::copy_,,,1.572,2.62,0,2.8,0,0
aclnnInplaceCopy,,,1.048,1.048,2.8,2.8,0,0
_triton_rope,,,3.453,3.453,13.3405,13.3405,0,0
aten::view,,,1.021,1.021,0,0,0,0
aten::view,,,0.6,0.6,0,0,0,0
aten::empty,,,0.483,2.198,0,0,0,0
empty_tensor,,,1.715,1.715,0,0,0,0
aten::view,,,0.736,0.736,0,0,0,0
aten::view,,,0.6,0.6,0,0,0,0
aten::view,,,0.642,0.642,0,0,0,0
aten::view,,,0.665,0.665,0,0,0,0
vllm::unified_attention_with_output,,,145.709,1011.488,0,46.222,0,0
P12/B/0250/attention,,,385.125,865.779,0,46.222,0,0
aten::slice,,,1.438,2.704,0,0,0,0
aten::as_strided,,,1.266,1.266,0,0,0,0
aten::slice,,,0.543,1.153,0,0,0,0
aten::as_strided,,,0.61,0.61,0,0,0,0
aten::slice,,,2.67,3.344,0,0,0,0
aten::as_strided,,,0.674,0.674,0,0,0,0
P12/B/0251/cache_write,,,115.716,154.999,0,11.6405,0,0
atb::_npu_reshape_and_cache,,,18.987,39.283,0,11.6405,0,0
aten::contiguous,,,0.821,18.615,0,2.8205,0,0
aten::clone,,,1.42,17.794,0,2.8205,0,0
empty_tensor,,,3.084,3.084,0,0,0,0
aten::copy_,,,4.939,13.29,0,2.8205,0,0
aclnnInplaceCopy,,,8.351,8.351,2.8205,2.8205,0,0
ReshapeCacheOperation,,,1.681,1.681,8.82,8.82,0,0
P12/B/0252/fia,,,216.212,305.9,0,34.5815,0,0
aten::slice,,,1.114,2.131,0,0,0,0
aten::as_strided,,,1.017,1.017,0,0,0,0
aten::slice,,,0.472,0.856,0,0,0,0
aten::as_strided,,,0.384,0.384,0,0,0,0
aten::slice,,,0.43,0.916,0,0,0,0
aten::as_strided,,,0.486,0.486,0,0,0,0
npu::npu_fused_infer_attention_score,,,61.451,71.026,0,33.541,0,0
empty_tensor,,,2.887,2.887,0,0,0,0
empty_tensor,,,1.318,1.318,0,0,0,0
empty_tensor,,,1.052,1.052,0,0,0,0
empty_tensor,,,0.853,0.853,0,0,0,0
aclnnFusedInferAttentionScoreV3,,,3.465,3.465,33.541,33.541,0,0
aten::view,,,1.278,1.278,0,0,0,0
aten::slice,,,0.454,1.069,0,0,0,0
aten::as_strided,,,0.615,0.615,0,0,0,0
aten::copy_,,,11.172,12.412,0,1.0405,0,0
aclnnInplaceCopy,,,1.24,1.24,1.0405,1.0405,0,0
aten::slice,,,0.505,1.189,0,0,0,0
aten::as_strided,,,0.684,0.684,0,0,0,0
aten::copy_,,,8.605,11.365,0,0,0,0
aclnnInplaceCopy,,,2.76,2.76,0,0,0,0
aten::view,,,1.051,1.051,0,0,0,0
vllm::unquantized_gemm,,,7.504,25.407,0,7.9205,0,7.9205
aten::linear,,,1.683,17.903,0,7.9205,0,7.9205
aten::t,,,2.514,4.742,0,0,0,0
aten::transpose,,,1.153,2.228,0,0,0,0
aten::as_strided,,,1.075,1.075,0,0,0,0
aten::matmul,,,6.179,11.478,0,7.9205,0,7.9205
empty_tensor,,,2.712,2.712,0,0,0,0
aclnnMatmul,,,2.587,2.587,7.9205,7.9205,7.9205,7.9205
vllm::maybe_chunk_residual,,,5.755,5.755,0,0,0,0
_C_ascend::npu_add_rms_norm_bias,,,13.836,25.674,0,15.0805,0,0
aten::empty,,,0.953,2.881,0,0,0,0
empty_tensor,,,1.928,1.928,0,0,0,0
aten::empty,,,0.229,2.349,0,0,0,0
empty_tensor,,,2.12,2.12,0,0,0,0
aten::empty,,,0.367,1.476,0,0,0,0
empty_tensor,,,1.109,1.109,0,0,0,0
aten::empty,,,0.336,2.31,0,0,0,0
empty_tensor,,,1.974,1.974,0,0,0,0
aclnnAddRmsNormBias,,,2.822,2.822,15.0805,15.0805,0,0
vllm::unquantized_gemm,,,4.152,14.258,0,23.0605,0,23.0605
aten::linear,,,0.818,10.106,0,23.0605,0,23.0605
aten::t,,,0.911,2.17,0,0,0,0
aten::transpose,,,0.494,1.259,0,0,0,0
aten::as_strided,,,0.765,0.765,0,0,0,0
aten::matmul,,,3.059,7.118,0,23.0605,0,23.0605
empty_tensor,,,1.644,1.644,0,0,0,0
aclnnMatmul,,,2.415,2.415,23.0605,23.0605,23.0605,23.0605
npu::npu_swiglu,,,10.217,21.509,0,14.2405,0,0
empty_tensor,,,1.392,1.392,0,0,0,0
aclnnSwiGlu,,,9.9,9.9,14.2405,14.2405,0,0
vllm::unquantized_gemm,,,3.596,11.936,0,22.2405,0,22.2405
aten::linear,,,0.578,8.34,0,22.2405,0,22.2405
aten::t,,,0.841,1.917,0,0,0,0
aten::transpose,,,0.445,1.076,0,0,0,0
aten::as_strided,,,0.631,0.631,0,0,0,0
aten::matmul,,,2.408,5.845,0,22.2405,0,22.2405
empty_tensor,,,1.153,1.153,0,0,0,0
aclnnMatmul,,,2.284,2.284,22.2405,22.2405,22.2405,22.2405
vllm::maybe_chunk_residual,,,4.083,4.083,0,0,0,0
_C_ascend::npu_add_rms_norm_bias,,,7.069,15.353,0,10.9605,0,0
aten::empty,,,0.368,1.533,0,0,0,0
empty_tensor,,,1.165,1.165,0,0,0,0
aten::empty,,,0.198,1.125,0,0,0,0
empty_tensor,,,0.927,0.927,0,0,0,0
aten::empty,,,0.191,1.796,0,0,0,0
empty_tensor,,,1.605,1.605,0,0,0,0
aten::empty,,,0.389,1.932,0,0,0,0
empty_tensor,,,1.543,1.543,0,0,0,0
aclnnAddRmsNormBias,,,1.898,1.898,10.9605,10.9605,0,0
vllm::unquantized_gemm,,,4.436,15.893,0,9.66,0,8.5
aten::linear,,,1.078,11.457,0,9.66,0,8.5
aten::t,,,0.653,1.583,0,0,0,0
aten::transpose,,,0.378,0.93,0,0,0,0
aten::as_strided,,,0.552,0.552,0,0,0,0
aten::addmm,,,5.489,8.796,0,9.66,0,8.5
empty_tensor,,,1.529,1.529,0,0,0,0
aclnnAddmm,,,1.778,1.778,9.66,9.66,8.5,8.5
aten::split_with_sizes,,,1.457,2.797,0,0,0,0
aten::as_strided,,,0.704,0.704,0,0,0,0
aten::as_strided,,,0.263,0.263,0,0,0,0
aten::as_strided,,,0.373,0.373,0,0,0,0
vllm::npu_rotary_embedding,,,209.836,228.675,0,19.2205,0,0
aten::view,,,0.984,0.984,0,0,0,0
aten::view,,,0.346,0.346,0,0,0,0
aten::contiguous,,,0.971,8.2,0,2.9,0,0
aten::clone,,,1.164,7.229,0,2.9,0,0
empty_tensor,,,1.45,1.45,0,0,0,0
aten::copy_,,,2.821,4.615,0,2.9,0,0
aclnnInplaceCopy,,,1.794,1.794,2.9,2.9,0,0
aten::contiguous,,,0.557,4.354,0,2.74,0,0
aten::clone,,,0.55,3.797,0,2.74,0,0
empty_tensor,,,0.834,0.834,0,0,0,0
aten::copy_,,,1.48,2.413,0,2.74,0,0
aclnnInplaceCopy,,,0.933,0.933,2.74,2.74,0,0
_triton_rope,,,2.622,2.622,13.5805,13.5805,0,0
aten::view,,,1.597,1.597,0,0,0,0
aten::view,,,0.736,0.736,0,0,0,0
aten::empty,,,0.509,2.03,0,0,0,0
empty_tensor,,,1.521,1.521,0,0,0,0
aten::view,,,0.751,0.751,0,0,0,0
aten::view,,,0.449,0.449,0,0,0,0
aten::view,,,0.578,0.578,0,0,0,0
aten::view,,,0.682,0.682,0,0,0,0
vllm::unified_attention_with_output,,,145.242,1018.336,0,42.6815,0,0
P12/B/0253/attention,,,392.489,873.094,0,42.6815,0,0
aten::slice,,,1.723,2.925,0,0,0,0
aten::as_strided,,,1.202,1.202,0,0,0,0
aten::slice,,,0.797,1.333,0,0,0,0
aten::as_strided,,,0.536,0.536,0,0,0,0
aten::slice,,,2.675,3.627,0,0,0,0
aten::as_strided,,,0.952,0.952,0,0,0,0
P12/B/0254/cache_write,,,112.128,152.422,0,11.560500000000001,0,0
atb::_npu_reshape_and_cache,,,19.133,40.294,0,11.560500000000001,0,0
aten::contiguous,,,1.101,16.053,0,2.9,0,0
aten::clone,,,1.587,14.952,0,2.9,0,0
empty_tensor,,,2.846,2.846,0,0,0,0
aten::copy_,,,4.719,10.519,0,2.9,0,0
aclnnInplaceCopy,,,5.8,5.8,2.9,2.9,0,0
ReshapeCacheOperation,,,5.108,5.108,8.6605,8.6605,0,0
P12/B/0255/fia,,,215.535,307.649,0,31.121000000000002,0,0
aten::slice,,,1.138,2.169,0,0,0,0
aten::as_strided,,,1.031,1.031,0,0,0,0
aten::slice,,,0.44,0.815,0,0,0,0
aten::as_strided,,,0.375,0.375,0,0,0,0
aten::slice,,,2.144,2.778,0,0,0,0
aten::as_strided,,,0.634,0.634,0,0,0,0
npu::npu_fused_infer_attention_score,,,62.77,71.602,0,30.101000000000003,0,0
empty_tensor,,,2.846,2.846,0,0,0,0
empty_tensor,,,1.16,1.16,0,0,0,0
empty_tensor,,,1.003,1.003,0,0,0,0
empty_tensor,,,0.615,0.615,0,0,0,0
aclnnFusedInferAttentionScoreV3,,,3.208,3.208,30.101000000000003,30.101000000000003,0,0
aten::view,,,1.297,1.297,0,0,0,0
aten::slice,,,0.459,1.069,0,0,0,0
aten::as_strided,,,0.61,0.61,0,0,0,0
aten::copy_,,,11.27,12.384,0,1.02,0,0
aclnnInplaceCopy,,,1.114,1.114,1.02,1.02,0,0
aten::slice,,,0.548,1.162,0,0,0,0
aten::as_strided,,,0.614,0.614,0,0,0,0
aten::copy_,,,8.774,11.487,0,0,0,0
aclnnInplaceCopy,,,2.713,2.713,0,0,0,0
aten::view,,,1.145,1.145,0,0,0,0
vllm::unquantized_gemm,,,7.128,23.944,0,7.5005,0,7.5005
aten::linear,,,1.915,16.816,0,7.5005,0,7.5005
aten::t,,,2.3,4.363,0,0,0,0
aten::transpose,,,1.186,2.063,0,0,0,0
aten::as_strided,,,0.877,0.877,0,0,0,0
aten::matmul,,,5.77,10.538,0,7.5005,0,7.5005
empty_tensor,,,2.719,2.719,0,0,0,0
aclnnMatmul,,,2.049,2.049,7.5005,7.5005,7.5005,7.5005
vllm::maybe_chunk_residual,,,5.373,5.373,0,0,0,0
_C_ascend::npu_add_rms_norm_bias,,,13.554,24.438,0,16.6005,0,0
aten::empty,,,0.917,2.76,0,0,0,0
empty_tensor,,,1.843,1.843,0,0,0,0
aten::empty,,,0.212,1.083,0,0,0,0
empty_tensor,,,0.871,0.871,0,0,0,0
aten::empty,,,0.319,1.713,0,0,0,0
empty_tensor,,,1.394,1.394,0,0,0,0
aten::empty,,,1.338,3.353,0,0,0,0
empty_tensor,,,2.015,2.015,0,0,0,0
aclnnAddRmsNormBias,,,1.975,1.975,16.6005,16.6005,0,0
vllm::unquantized_gemm,,,3.874,12.902,0,22.921,0,22.921
aten::linear,,,0.813,9.028,0,22.921,0,22.921
aten::t,,,0.942,2.062,0,0,0,0
aten::transpose,,,0.448,1.12,0,0,0,0
aten::as_strided,,,0.672,0.672,0,0,0,0
aten::matmul,,,2.863,6.153,0,22.921,0,22.921
empty_tensor,,,1.676,1.676,0,0,0,0
aclnnMatmul,,,1.614,1.614,22.921,22.921,22.921,22.921
npu::npu_swiglu,,,9.577,21.969,0,16.6805,0,0
empty_tensor,,,1.15,1.15,0,0,0,0
aclnnSwiGlu,,,11.242,11.242,16.6805,16.6805,0,0
vllm::unquantized_gemm,,,3.408,10.643,0,22.161,0,22.161
aten::linear,,,0.597,7.235,0,22.161,0,22.161
aten::t,,,0.776,1.624,0,0,0,0
aten::transpose,,,0.381,0.848,0,0,0,0
aten::as_strided,,,0.467,0.467,0,0,0,0
aten::matmul,,,2.331,5.014,0,22.161,0,22.161
empty_tensor,,,1.118,1.118,0,0,0,0
aclnnMatmul,,,1.565,1.565,22.161,22.161,22.161,22.161
vllm::maybe_chunk_residual,,,4.103,4.103,0,0,0,0
_C_ascend::npu_add_rms_norm_bias,,,7.102,16.323,0,13.6605,0,0
aten::empty,,,0.413,1.791,0,0,0,0
empty_tensor,,,1.378,1.378,0,0,0,0
aten::empty,,,0.229,0.972,0,0,0,0
empty_tensor,,,0.743,0.743,0,0,0,0
aten::empty,,,0.191,1.869,0,0,0,0
empty_tensor,,,1.678,1.678,0,0,0,0
aten::empty,,,0.294,1.469,0,0,0,0
empty_tensor,,,1.175,1.175,0,0,0,0
aclnnAddRmsNormBias,,,3.12,3.12,13.6605,13.6605,0,0
vllm::unquantized_gemm,,,4.352,15.895,0,10.0805,0,8.9605
aten::linear,,,1.066,11.543,0,10.0805,0,8.9605
aten::t,,,1.191,2.17,0,0,0,0
aten::transpose,,,0.411,0.979,0,0,0,0
aten::as_strided,,,0.568,0.568,0,0,0,0
aten::addmm,,,5.438,8.307,0,10.0805,0,8.9605
empty_tensor,,,1.163,1.163,0,0,0,0
aclnnAddmm,,,1.706,1.706,10.0805,10.0805,8.9605,8.9605
aten::split_with_sizes,,,1.719,3.108,0,0,0,0
aten::as_strided,,,0.66,0.66,0,0,0,0
aten::as_strided,,,0.349,0.349,0,0,0,0
aten::as_strided,,,0.38,0.38,0,0,0,0
vllm::npu_rotary_embedding,,,210.791,228.946,0,19.3205,0,0
aten::view,,,0.957,0.957,0,0,0,0
aten::view,,,0.578,0.578,0,0,0,0
aten::contiguous,,,0.912,7.279,0,2.78,0,0
aten::clone,,,1.109,6.367,0,2.78,0,0
empty_tensor,,,1.13,1.13,0,0,0,0
aten::copy_,,,2.708,4.128,0,2.78,0,0
aclnnInplaceCopy,,,1.42,1.42,2.78,2.78,0,0
aten::contiguous,,,0.554,5.459,0,2.72,0,0
aten::clone,,,0.611,4.905,0,2.72,0,0
empty_tensor,,,1.424,1.424,0,0,0,0
aten::copy_,,,1.532,2.87,0,2.72,0,0
aclnnInplaceCopy,,,1.338,1.338,2.72,2.72,0,0
_triton_rope,,,2.429,2.429,13.8205,13.8205,0,0
aten::view,,,0.843,0.843,0,0,0,0
aten::view,,,0.61,0.61,0,0,0,0
aten::empty,,,0.546,2.26,0,0,0,0
empty_tensor,,,1.714,1.714,0,0,0,0
aten::view,,,1.145,1.145,0,0,0,0
aten::view,,,0.772,0.772,0,0,0,0
aten::view,,,0.449,0.449,0,0,0,0
aten::view,,,0.548,0.548,0,0,0,0
vllm::unified_attention_with_output,,,146.403,1058.174,0,49.7625,0,0
P12/B/0256/attention,,,418.542,911.771,0,49.7625,0,0
aten::slice,,,1.415,2.918,0,0,0,0
aten::as_strided,,,1.503,1.503,0,0,0,0
aten::slice,,,0.528,1.148,0,0,0,0
aten::as_strided,,,0.62,0.62,0,0,0,0
aten::slice,,,2.708,3.631,0,0,0,0
aten::as_strided,,,0.923,0.923,0,0,0,0
P12/B/0257/cache_write,,,113.758,150.525,0,11.880500000000001,0,0
atb::_npu_reshape_and_cache,,,19.044,36.767,0,11.880500000000001,0,0
aten::contiguous,,,0.978,16.046,0,2.8,0,0
aten::clone,,,1.254,15.068,0,2.8,0,0
empty_tensor,,,2.74,2.74,0,0,0,0
aten::copy_,,,5.045,11.074,0,2.8,0,0
aclnnInplaceCopy,,,6.029,6.029,2.8,2.8,0,0
ReshapeCacheOperation,,,1.677,1.677,9.0805,9.0805,0,0
P12/B/0258/fia,,,231.17,323.365,0,37.882000000000005,0,0
aten::slice,,,1.25,2.41,0,0,0,0
aten::as_strided,,,1.16,1.16,0,0,0,0
aten::slice,,,0.444,0.922,0,0,0,0
aten::as_strided,,,0.478,0.478,0,0,0,0
aten::slice,,,0.497,1.284,0,0,0,0
aten::as_strided,,,0.787,0.787,0,0,0,0
npu::npu_fused_infer_attention_score,,,61.579,72.844,0,36.862,0,0
empty_tensor,,,3.255,3.255,0,0,0,0
empty_tensor,,,1.758,1.758,0,0,0,0
empty_tensor,,,0.729,0.729,0,0,0,0
empty_tensor,,,0.875,0.875,0,0,0,0
aclnnFusedInferAttentionScoreV3,,,4.648,4.648,36.862,36.862,0,0
aten::view,,,1.335,1.335,0,0,0,0
aten::slice,,,0.445,1.118,0,0,0,0
aten::as_strided,,,0.673,0.673,0,0,0,0
aten::copy_,,,11.384,12.282,0,1.02,0,0
aclnnInplaceCopy,,,0.898,0.898,1.02,1.02,0,0
aten::slice,,,0.669,1.33,0,0,0,0
aten::as_strided,,,0.661,0.661,0,0,0,0
aten::copy_,,,8.197,10.312,0,0,0,0
aclnnInplaceCopy,,,2.115,2.115,0,0,0,0
aten::view,,,1.155,1.155,0,0,0,0
vllm::unquantized_gemm,,,7.662,25.217,0,7.92,0,7.92
aten::linear,,,1.599,17.555,0,7.92,0,7.92
aten::t,,,2.532,4.955,0,0,0,0
aten::transpose,,,1.266,2.423,0,0,0,0
aten::as_strided,,,1.157,1.157,0,0,0,0
aten::matmul,,,6.051,11.001,0,7.92,0,7.92
empty_tensor,,,2.611,2.611,0,0,0,0
aclnnMatmul,,,2.339,2.339,7.92,7.92,7.92,7.92
vllm::maybe_chunk_residual,,,5.47,5.47,0,0,0,0
_C_ascend::npu_add_rms_norm_bias,,,14.332,24.972,0,14.8805,0,0
aten::empty,,,1.021,2.976,0,0,0,0
empty_tensor,,,1.955,1.955,0,0,0,0
aten::empty,,,0.238,1.4,0,0,0,0
empty_tensor,,,1.162,1.162,0,0,0,0
aten::empty,,,0.491,1.152,0,0,0,0
empty_tensor,,,0.661,0.661,0,0,0,0
aten::empty,,,0.34,2.36,0,0,0,0
empty_tensor,,,2.02,2.02,0,0,0,0
aclnnAddRmsNormBias,,,2.752,2.752,14.8805,14.8805,0,0
vllm::unquantized_gemm,,,3.868,14.2,0,23.161,0,23.161
aten::linear,,,0.84,10.332,0,23.161,0,23.161
aten::t,,,1.266,2.317,0,0,0,0
aten::transpose,,,0.432,1.051,0,0,0,0
aten::as_strided,,,0.619,0.619,0,0,0,0
aten::matmul,,,2.962,7.175,0,23.161,0,23.161
empty_tensor,,,1.513,1.513,0,0,0,0
aclnnMatmul,,,2.7,2.7,23.161,23.161,23.161,23.161
npu::npu_swiglu,,,10.217,21.895,0,14.5005,0,0
empty_tensor,,,1.422,1.422,0,0,0,0
aclnnSwiGlu,,,10.256,10.256,14.5005,14.5005,0,0
vllm::unquantized_gemm,,,3.639,12.816,0,21.981,0,21.981
aten::linear,,,1.316,9.177,0,21.981,0,21.981
aten::t,,,0.73,1.868,0,0,0,0
aten::transpose,,,0.438,1.138,0,0,0,0
aten::as_strided,,,0.7,0.7,0,0,0,0
aten::matmul,,,2.527,5.993,0,21.981,0,21.981
empty_tensor,,,1.139,1.139,0,0,0,0
aclnnMatmul,,,2.327,2.327,21.981,21.981,21.981,21.981
vllm::maybe_chunk_residual,,,3.982,3.982,0,0,0,0
_C_ascend::npu_add_rms_norm_bias,,,8.82,18.033,0,11.0,0,0
aten::empty,,,0.432,1.647,0,0,0,0
empty_tensor,,,1.215,1.215,0,0,0,0
aten::empty,,,0.194,1.319,0,0,0,0
empty_tensor,,,1.125,1.125,0,0,0,0
aten::empty,,,0.194,1.296,0,0,0,0
empty_tensor,,,1.102,1.102,0,0,0,0
aten::empty,,,0.423,1.958,0,0,0,0
empty_tensor,,,1.535,1.535,0,0,0,0
aclnnAddRmsNormBias,,,2.993,2.993,11.0,11.0,0,0
vllm::unquantized_gemm,,,4.232,15.512,0,10.4405,0,9.0605
aten::linear,,,0.987,11.28,0,10.4405,0,9.0605
aten::t,,,0.677,1.708,0,0,0,0
aten::transpose,,,0.368,1.031,0,0,0,0
aten::as_strided,,,0.663,0.663,0,0,0,0
aten::addmm,,,5.706,8.585,0,10.4405,0,9.0605
empty_tensor,,,2.144,2.144,0,0,0,0
aclnnAddmm,,,0.735,0.735,10.4405,10.4405,9.0605,9.0605
aten::split_with_sizes,,,1.484,2.756,0,0,0,0
aten::as_strided,,,0.597,0.597,0,0,0,0
aten::as_strided,,,0.315,0.315,0,0,0,0
aten::as_strided,,,0.36,0.36,0,0,0,0
vllm::npu_rotary_embedding,,,211.859,231.132,0,20.261,0,0
aten::view,,,0.942,0.942,0,0,0,0
aten::view,,,0.591,0.591,0,0,0,0
aten::contiguous,,,0.892,8.197,0,2.8805,0,0
aten::clone,,,1.024,7.305,0,2.8805,0,0
empty_tensor,,,1.37,1.37,0,0,0,0
aten::copy_,,,2.913,4.911,0,2.8805,0,0
aclnnInplaceCopy,,,1.998,1.998,2.8805,2.8805,0,0
aten::contiguous,,,0.318,4.041,0,2.8,0,0
aten::clone,,,0.374,3.723,0,2.8,0,0
empty_tensor,,,0.887,0.887,0,0,0,0
aten::copy_,,,1.636,2.462,0,2.8,0,0
aclnnInplaceCopy,,,0.826,0.826,2.8,2.8,0,0
_triton_rope,,,3.729,3.729,14.5805,14.5805,0,0
aten::view,,,1.128,1.128,0,0,0,0
aten::view,,,0.645,0.645,0,0,0,0
aten::empty,,,0.522,2.374,0,0,0,0
empty_tensor,,,1.852,1.852,0,0,0,0
aten::view,,,0.781,0.781,0,0,0,0
aten::view,,,0.847,0.847,0,0,0,0
aten::view,,,0.472,0.472,0,0,0,0
aten::view,,,0.605,0.605,0,0,0,0
vllm::unified_attention_with_output,,,152.56,1046.138,0,44.4825,0,0
P12/B/0259/attention,,,409.51,893.578,0,44.4825,0,0
aten::slice,,,1.487,2.614,0,0,0,0
aten::as_strided,,,1.127,1.127,0,0,0,0
aten::slice,,,0.547,1.124,0,0,0,0
aten::as_strided,,,0.577,0.577,0,0,0,0
aten::slice,,,2.565,3.272,0,0,0,0
aten::as_strided,,,0.707,0.707,0,0,0,0
P12/B/0260/cache_write,,,110.529,151.866,0,11.1405,0,0
atb::_npu_reshape_and_cache,,,19.02,41.337,0,11.1405,0,0
aten::contiguous,,,0.831,12.674,0,2.78,0,0
aten::clone,,,1.278,11.843,0,2.78,0,0
empty_tensor,,,2.863,2.863,0,0,0,0
aten::copy_,,,5.059,7.702,0,2.78,0,0
aclnnInplaceCopy,,,2.643,2.643,2.78,2.78,0,0
ReshapeCacheOperation,,,9.643,9.643,8.3605,8.3605,0,0
P12/B/0261/fia,,,217.956,311.376,0,33.342,0,0
aten::slice,,,1.107,2.346,0,0,0,0
aten::as_strided,,,1.239,1.239,0,0,0,0
aten::slice,,,0.382,0.721,0,0,0,0
aten::as_strided,,,0.339,0.339,0,0,0,0
aten::slice,,,0.45,0.953,0,0,0,0
aten::as_strided,,,0.503,0.503,0,0,0,0
npu::npu_fused_infer_attention_score,,,63.338,72.846,0,32.3215,0,0
empty_tensor,,,3.168,3.168,0,0,0,0
empty_tensor,,,1.135,1.135,0,0,0,0
empty_tensor,,,1.017,1.017,0,0,0,0
empty_tensor,,,0.826,0.826,0,0,0,0
aclnnFusedInferAttentionScoreV3,,,3.362,3.362,32.3215,32.3215,0,0
aten::view,,,1.246,1.246,0,0,0,0
aten::slice,,,0.604,1.232,0,0,0,0
aten::as_strided,,,0.628,0.628,0,0,0,0
aten::copy_,,,11.248,14.076,0,1.0205,0,0
aclnnInplaceCopy,,,2.828,2.828,1.0205,1.0205,0,0
aten::slice,,,0.634,1.505,0,0,0,0
aten::as_strided,,,0.871,0.871,0,0,0,0
aten::copy_,,,9.518,12.311,0,0,0,0
aclnnInplaceCopy,,,2.793,2.793,0,0,0,0
aten::view,,,1.1,1.1,0,0,0,0
vllm::unquantized_gemm,,,7.636,25.082,0,7.6205,0,7.6205
aten::linear,,,1.686,17.446,0,7.6205,0,7.6205
aten::t,,,2.585,4.743,0,0,0,0
aten::transpose,,,1.163,2.158,0,0,0,0
aten::as_strided,,,0.995,0.995,0,0,0,0
aten::matmul,,,6.158,11.017,0,7.6205,0,7.6205
empty_tensor,,,2.916,2.916,0,0,0,0
aclnnMatmul,,,1.943,1.943,7.6205,7.6205,7.6205,7.6205
vllm::maybe_chunk_residual,,,5.456,5.456,0,0,0,0
_C_ascend::npu_add_rms_norm_bias,,,13.687,23.813,0,14.9605,0,0
aten::empty,,,0.941,2.986,0,0,0,0
empty_tensor,,,2.045,2.045,0,0,0,0
aten::empty,,,0.249,1.146,0,0,0,0
empty_tensor,,,0.897,0.897,0,0,0,0
aten::empty,,,0.317,1.332,0,0,0,0
empty_tensor,,,1.015,1.015,0,0,0,0
aten::empty,,,0.487,2.547,0,0,0,0
empty_tensor,,,2.06,2.06,0,0,0,0
aclnnAddRmsNormBias,,,2.115,2.115,14.9605,14.9605,0,0
vllm::unquantized_gemm,,,4.321,13.35,0,23.281,0,23.281
aten::linear,,,0.887,9.029,0,23.281,0,23.281
aten::t,,,0.886,2.03,0,0,0,0
aten::transpose,,,0.496,1.144,0,0,0,0
aten::as_strided,,,0.648,0.648,0,0,0,0
aten::matmul,,,3.206,6.112,0,23.281,0,23.281
empty_tensor,,,1.294,1.294,0,0,0,0
aclnnMatmul,,,1.612,1.612,23.281,23.281,23.281,23.281
npu::npu_swiglu,,,9.903,22.221,0,16.8805,0,0
empty_tensor,,,2.266,2.266,0,0,0,0
aclnnSwiGlu,,,10.052,10.052,16.8805,16.8805,0,0
vllm::unquantized_gemm,,,3.565,12.173,0,21.581,0,21.581
aten::linear,,,0.868,8.608,0,21.581,0,21.581
aten::t,,,0.663,2.105,0,0,0,0
aten::transpose,,,0.536,1.442,0,0,0,0
aten::as_strided,,,0.906,0.906,0,0,0,0
aten::matmul,,,2.522,5.635,0,21.581,0,21.581
empty_tensor,,,1.403,1.403,0,0,0,0
aclnnMatmul,,,1.71,1.71,21.581,21.581,21.581,21.581
vllm::maybe_chunk_residual,,,4.21,4.21,0,0,0,0
_C_ascend::npu_add_rms_norm_bias,,,6.979,15.868,0,10.7805,0,0
aten::empty,,,0.53,1.96,0,0,0,0
empty_tensor,,,1.43,1.43,0,0,0,0
aten::empty,,,0.224,1.278,0,0,0,0
empty_tensor,,,1.054,1.054,0,0,0,0
aten::empty,,,0.361,1.654,0,0,0,0
empty_tensor,,,1.293,1.293,0,0,0,0
aten::empty,,,0.521,2.241,0,0,0,0
empty_tensor,,,1.72,1.72,0,0,0,0
aclnnAddRmsNormBias,,,1.756,1.756,10.7805,10.7805,0,0
vllm::unquantized_gemm,,,4.374,16.168,0,10.040999999999999,0,8.8205
aten::linear,,,1.141,11.794,0,10.040999999999999,0,8.8205
aten::t,,,0.915,2.279,0,0,0,0
aten::transpose,,,0.514,1.364,0,0,0,0
aten::as_strided,,,0.85,0.85,0,0,0,0
aten::addmm,,,5.373,8.374,0,10.040999999999999,0,8.8205
empty_tensor,,,1.25,1.25,0,0,0,0
aclnnAddmm,,,1.751,1.751,10.040999999999999,10.040999999999999,8.8205,8.8205
aten::split_with_sizes,,,1.532,4.822,0,0,0,0
aten::as_strided,,,0.725,0.725,0,0,0,0
aten::as_strided,,,0.386,0.386,0,0,0,0
aten::as_strided,,,2.179,2.179,0,0,0,0
vllm::npu_rotary_embedding,,,210.657,228.28,0,19.2605,0,0
aten::view,,,0.986,0.986,0,0,0,0
aten::view,,,0.456,0.456,0,0,0,0
aten::contiguous,,,0.965,7.442,0,2.78,0,0
aten::clone,,,1.06,6.477,0,2.78,0,0
empty_tensor,,,1.31,1.31,0,0,0,0
aten::copy_,,,2.69,4.107,0,2.78,0,0
aclnnInplaceCopy,,,1.417,1.417,2.78,2.78,0,0
aten::contiguous,,,0.351,4.658,0,2.72,0,0
aten::clone,,,0.481,4.307,0,2.72,0,0
empty_tensor,,,1.256,1.256,0,0,0,0
aten::copy_,,,1.589,2.57,0,2.72,0,0
aclnnInplaceCopy,,,0.981,0.981,2.72,2.72,0,0
_triton_rope,,,2.358,2.358,13.7605,13.7605,0,0
aten::view,,,1.076,1.076,0,0,0,0
aten::view,,,0.647,0.647,0,0,0,0
aten::empty,,,0.467,2.475,0,0,0,0
empty_tensor,,,2.008,2.008,0,0,0,0
aten::view,,,0.755,0.755,0,0,0,0
aten::view,,,0.44,0.44,0,0,0,0
aten::view,,,0.477,0.477,0,0,0,0
aten::view,,,0.515,0.515,0,0,0,0
vllm::unified_attention_with_output,,,143.833,1033.022,0,46.841499999999996,0,0
P12/B/0262/attention,,,390.033,889.189,0,46.841499999999996,0,0
aten::slice,,,1.276,2.567,0,0,0,0
aten::as_strided,,,1.291,1.291,0,0,0,0
aten::slice,,,0.447,1.473,0,0,0,0
aten::as_strided,,,1.026,1.026,0,0,0,0
aten::slice,,,2.522,3.229,0,0,0,0
aten::as_strided,,,0.707,0.707,0,0,0,0
P12/B/0263/cache_write,,,114.93,161.365,0,11.880500000000001,0,0
atb::_npu_reshape_and_cache,,,23.996,46.435,0,11.880500000000001,0,0
aten::contiguous,,,0.954,13.307,0,2.7,0,0
aten::clone,,,1.302,12.353,0,2.7,0,0
empty_tensor,,,3.129,3.129,0,0,0,0
aten::copy_,,,4.611,7.922,0,2.7,0,0
aclnnInplaceCopy,,,3.311,3.311,2.7,2.7,0,0
ReshapeCacheOperation,,,9.132,9.132,9.1805,9.1805,0,0
P12/B/0264/fia,,,226.405,318.181,0,34.961,0,0
aten::slice,,,1.133,2.301,0,0,0,0
aten::as_strided,,,1.168,1.168,0,0,0,0
aten::slice,,,0.469,1.066,0,0,0,0
aten::as_strided,,,0.597,0.597,0,0,0,0
aten::slice,,,0.259,0.706,0,0,0,0
aten::as_strided,,,0.447,0.447,0,0,0,0
npu::npu_fused_infer_attention_score,,,63.578,72.578,0,33.921,0,0
empty_tensor,,,2.94,2.94,0,0,0,0
empty_tensor,,,1.202,1.202,0,0,0,0
empty_tensor,,,0.853,0.853,0,0,0,0
empty_tensor,,,1.053,1.053,0,0,0,0
aclnnFusedInferAttentionScoreV3,,,2.952,2.952,33.921,33.921,0,0
aten::view,,,1.256,1.256,0,0,0,0
aten::slice,,,0.655,1.403,0,0,0,0
aten::as_strided,,,0.748,0.748,0,0,0,0
aten::copy_,,,11.128,12.466,0,1.04,0,0
aclnnInplaceCopy,,,1.338,1.338,1.04,1.04,0,0
aten::slice,,,0.571,1.256,0,0,0,0
aten::as_strided,,,0.685,0.685,0,0,0,0
aten::copy_,,,8.394,11.085,0,0,0,0
aclnnInplaceCopy,,,2.691,2.691,0,0,0,0
aten::view,,,1.134,1.134,0,0,0,0
vllm::unquantized_gemm,,,7.602,25.497,0,7.9,0,7.9
aten::linear,,,1.772,17.895,0,7.9,0,7.9
aten::t,,,2.407,4.613,0,0,0,0
aten::transpose,,,1.188,2.206,0,0,0,0
aten::as_strided,,,1.018,1.018,0,0,0,0
aten::matmul,,,6.27,11.51,0,7.9,0,7.9
empty_tensor,,,3.014,3.014,0,0,0,0
aclnnMatmul,,,2.226,2.226,7.9,7.9,7.9,7.9
vllm::maybe_chunk_residual,,,5.512,5.512,0,0,0,0
_C_ascend::npu_add_rms_norm_bias,,,13.82,23.125,0,14.9805,0,0
aten::empty,,,0.983,2.817,0,0,0,0
empty_tensor,,,1.834,1.834,0,0,0,0
aten::empty,,,0.201,1.371,0,0,0,0
empty_tensor,,,1.17,1.17,0,0,0,0
aten::empty,,,0.426,1.165,0,0,0,0
empty_tensor,,,0.739,0.739,0,0,0,0
aten::empty,,,0.309,1.93,0,0,0,0
empty_tensor,,,1.621,1.621,0,0,0,0
aclnnAddRmsNormBias,,,2.022,2.022,14.9805,14.9805,0,0
vllm::unquantized_gemm,,,4.016,13.29,0,24.061,0,24.061
aten::linear,,,0.852,9.274,0,24.061,0,24.061
aten::t,,,1.056,2.452,0,0,0,0
aten::transpose,,,0.453,1.396,0,0,0,0
aten::as_strided,,,0.943,0.943,0,0,0,0
aten::matmul,,,3.131,5.97,0,24.061,0,24.061
empty_tensor,,,1.34,1.34,0,0,0,0
aclnnMatmul,,,1.499,1.499,24.061,24.061,24.061,24.061
npu::npu_swiglu,,,9.863,20.92,0,14.5005,0,0
empty_tensor,,,1.151,1.151,0,0,0,0
aclnnSwiGlu,,,9.906,9.906,14.5005,14.5005,0,0
vllm::unquantized_gemm,,,3.534,11.668,0,21.801,0,21.801
aten::linear,,,0.69,8.134,0,21.801,0,21.801
aten::t,,,1.451,2.538,0,0,0,0
aten::transpose,,,0.41,1.087,0,0,0,0
aten::as_strided,,,0.677,0.677,0,0,0,0
aten::matmul,,,2.229,4.906,0,21.801,0,21.801
empty_tensor,,,1.159,1.159,0,0,0,0
aclnnMatmul,,,1.518,1.518,21.801,21.801,21.801,21.801
vllm::maybe_chunk_residual,,,4.077,4.077,0,0,0,0
_C_ascend::npu_add_rms_norm_bias,,,7.342,14.59,0,11.0205,0,0
aten::empty,,,0.419,1.628,0,0,0,0
empty_tensor,,,1.209,1.209,0,0,0,0
aten::empty,,,0.243,1.188,0,0,0,0
empty_tensor,,,0.945,0.945,0,0,0,0
aten::empty,,,0.352,1.456,0,0,0,0
empty_tensor,,,1.104,1.104,0,0,0,0
aten::empty,,,0.27,1.449,0,0,0,0
empty_tensor,,,1.179,1.179,0,0,0,0
aclnnAddRmsNormBias,,,1.527,1.527,11.0205,11.0205,0,0
vllm::unquantized_gemm,,,4.26,15.607,0,10.260499999999999,0,9.0605
aten::linear,,,1.124,11.347,0,10.260499999999999,0,9.0605
aten::t,,,0.668,1.904,0,0,0,0
aten::transpose,,,0.396,1.236,0,0,0,0
aten::as_strided,,,0.84,0.84,0,0,0,0
aten::addmm,,,5.405,8.319,0,10.260499999999999,0,9.0605
empty_tensor,,,1.202,1.202,0,0,0,0
aclnnAddmm,,,1.712,1.712,10.260499999999999,10.260499999999999,9.0605,9.0605
aten::split_with_sizes,,,1.499,3.006,0,0,0,0
aten::as_strided,,,0.592,0.592,0,0,0,0
aten::as_strided,,,0.452,0.452,0,0,0,0
aten::as_strided,,,0.463,0.463,0,0,0,0
vllm::npu_rotary_embedding,,,209.416,229.918,0,19.700499999999998,0,0
aten::view,,,0.915,0.915,0,0,0,0
aten::view,,,0.495,0.495,0,0,0,0
aten::contiguous,,,0.952,8.435,0,3.42,0,0
aten::clone,,,1.497,7.483,0,3.42,0,0
empty_tensor,,,1.291,1.291,0,0,0,0
aten::copy_,,,2.911,4.695,0,3.42,0,0
aclnnInplaceCopy,,,1.784,1.784,3.42,3.42,0,0
aten::contiguous,,,0.525,6.464,0,2.76,0,0
aten::clone,,,0.581,5.939,0,2.76,0,0
empty_tensor,,,0.915,0.915,0,0,0,0
aten::copy_,,,3.453,4.443,0,2.76,0,0
aclnnInplaceCopy,,,0.99,0.99,2.76,2.76,0,0
_triton_rope,,,2.515,2.515,13.5205,13.5205,0,0
aten::view,,,1.043,1.043,0,0,0,0
aten::view,,,0.635,0.635,0,0,0,0
aten::empty,,,0.483,2.18,0,0,0,0
empty_tensor,,,1.697,1.697,0,0,0,0
aten::view,,,0.61,0.61,0,0,0,0
aten::view,,,0.403,0.403,0,0,0,0
aten::view,,,0.546,0.546,0,0,0,0
aten::view,,,0.845,0.845,0,0,0,0
vllm::unified_attention_with_output,,,152.625,1062.492,0,41.7015,0,0
P12/B/0265/attention,,,409.101,909.867,0,41.7015,0,0
aten::slice,,,1.638,3.115,0,0,0,0
aten::as_strided,,,1.477,1.477,0,0,0,0
aten::slice,,,0.341,0.815,0,0,0,0
aten::as_strided,,,0.474,0.474,0,0,0,0
aten::slice,,,2.617,3.353,0,0,0,0
aten::as_strided,,,0.736,0.736,0,0,0,0
P12/B/0266/cache_write,,,114.474,168.086,0,11.74,0,0
atb::_npu_reshape_and_cache,,,19.13,53.612,0,11.74,0,0
aten::contiguous,,,1.067,12.537,0,2.76,0,0
aten::clone,,,1.301,11.47,0,2.76,0,0
empty_tensor,,,2.723,2.723,0,0,0,0
aten::copy_,,,4.966,7.446,0,2.76,0,0
aclnnInplaceCopy,,,2.48,2.48,2.76,2.76,0,0
ReshapeCacheOperation,,,21.945,21.945,8.98,8.98,0,0
P12/B/0267/fia,,,226.088,313.377,0,29.9615,0,0
aten::slice,,,1.191,2.414,0,0,0,0
aten::as_strided,,,1.223,1.223,0,0,0,0
aten::slice,,,0.532,0.947,0,0,0,0
aten::as_strided,,,0.415,0.415,0,0,0,0
aten::slice,,,0.372,1.008,0,0,0,0
aten::as_strided,,,0.636,0.636,0,0,0,0
npu::npu_fused_infer_attention_score,,,59.912,68.609,0,28.9415,0,0
empty_tensor,,,3.059,3.059,0,0,0,0
empty_tensor,,,1.025,1.025,0,0,0,0
empty_tensor,,,0.811,0.811,0,0,0,0
empty_tensor,,,1.112,1.112,0,0,0,0
aclnnFusedInferAttentionScoreV3,,,2.69,2.69,28.9415,28.9415,0,0
aten::view,,,1.157,1.157,0,0,0,0
aten::slice,,,0.526,1.179,0,0,0,0
aten::as_strided,,,0.653,0.653,0,0,0,0
aten::copy_,,,10.842,11.975,0,1.02,0,0
aclnnInplaceCopy,,,1.133,1.133,1.02,1.02,0,0
aten::slice,,,0.639,1.365,0,0,0,0
aten::as_strided,,,0.726,0.726,0,0,0,0
aten::copy_,,,8.44,10.655,0,0,0,0
aclnnInplaceCopy,,,2.215,2.215,0,0,0,0
aten::view,,,1.178,1.178,0,0,0,0
vllm::unquantized_gemm,,,7.375,25.28,0,7.6405,0,7.6405
aten::linear,,,1.789,17.905,0,7.6405,0,7.6405
aten::t,,,2.485,5.402,0,0,0,0
aten::transpose,,,2.003,2.917,0,0,0,0
aten::as_strided,,,0.914,0.914,0,0,0,0
aten::matmul,,,5.956,10.714,0,7.6405,0,7.6405
empty_tensor,,,2.822,2.822,0,0,0,0
aclnnMatmul,,,1.936,1.936,7.6405,7.6405,7.6405,7.6405
vllm::maybe_chunk_residual,,,5.574,5.574,0,0,0,0
_C_ascend::npu_add_rms_norm_bias,,,13.343,25.633,0,14.1805,0,0
aten::empty,,,0.987,2.799,0,0,0,0
empty_tensor,,,1.812,1.812,0,0,0,0
aten::empty,,,0.198,1.488,0,0,0,0
empty_tensor,,,1.29,1.29,0,0,0,0
aten::empty,,,0.414,1.46,0,0,0,0
empty_tensor,,,1.046,1.046,0,0,0,0
aten::empty,,,0.458,2.039,0,0,0,0
empty_tensor,,,1.581,1.581,0,0,0,0
aclnnAddRmsNormBias,,,4.504,4.504,14.1805,14.1805,0,0
vllm::unquantized_gemm,,,4.025,13.237,0,23.221,0,23.221
aten::linear,,,0.823,9.212,0,23.221,0,23.221
aten::t,,,0.842,2.061,0,0,0,0
aten::transpose,,,0.564,1.219,0,0,0,0
aten::as_strided,,,0.655,0.655,0,0,0,0
aten::matmul,,,2.911,6.328,0,23.221,0,23.221
empty_tensor,,,1.806,1.806,0,0,0,0
aclnnMatmul,,,1.611,1.611,23.221,23.221,23.221,23.221
npu::npu_swiglu,,,9.687,20.676,0,14.0605,0,0
empty_tensor,,,1.525,1.525,0,0,0,0
aclnnSwiGlu,,,9.464,9.464,14.0605,14.0605,0,0
vllm::unquantized_gemm,,,3.408,11.897,0,21.4805,0,21.4805
aten::linear,,,0.701,8.489,0,21.4805,0,21.4805
aten::t,,,0.711,1.863,0,0,0,0
aten::transpose,,,0.399,1.152,0,0,0,0
aten::as_strided,,,0.753,0.753,0,0,0,0
aten::matmul,,,2.207,5.925,0,21.4805,0,21.4805
empty_tensor,,,1.935,1.935,0,0,0,0
aclnnMatmul,,,1.783,1.783,21.4805,21.4805,21.4805,21.4805
vllm::maybe_chunk_residual,,,4.043,4.043,0,0,0,0
_C_ascend::npu_add_rms_norm_bias,,,7.077,15.157,0,11.0205,0,0
aten::empty,,,0.414,1.609,0,0,0,0
empty_tensor,,,1.195,1.195,0,0,0,0
aten::empty,,,0.198,1.538,0,0,0,0
empty_tensor,,,1.34,1.34,0,0,0,0
aten::empty,,,0.195,1.304,0,0,0,0
empty_tensor,,,1.109,1.109,0,0,0,0
aten::empty,,,0.289,1.811,0,0,0,0
empty_tensor,,,1.522,1.522,0,0,0,0
aclnnAddRmsNormBias,,,1.818,1.818,11.0205,11.0205,0,0
aten::index,,,11.674,17.13,0,9.04,0,0
empty_tensor,,,1.384,1.384,0,0,0,0
empty_tensor,,,1.464,1.464,0,0,0,0
aclnnIndex,,,2.608,2.608,9.04,9.04,0,0
aten::linear,,,0.953,10.937,0,238.6895,0,238.6895
aten::t,,,1.225,2.616,0,0,0,0
aten::transpose,,,0.598,1.391,0,0,0,0
aten::as_strided,,,0.793,0.793,0,0,0,0
aten::matmul,,,3.663,7.368,0,238.6895,0,238.6895
empty_tensor,,,1.44,1.44,0,0,0,0
aclnnMatmul,,,2.265,2.265,238.6895,238.6895,238.6895,238.6895
aten::alias,,,2.105,2.105,0,0,0,0
P12/B/0268/sample,,,899.986,1735.665,0,222.6085,0,0
aten::to,,,2.092,20.113,0,9.48,0,0
aten::_to_copy,,,4.663,18.021,0,9.48,0,0
aten::empty,,,1.077,4.205,0,0,0,0
empty_tensor,,,3.128,3.128,0,0,0,0
aten::copy_,,,5.933,9.153,0,9.48,0,0
aclnnInplaceCopy,,,3.22,3.22,9.48,9.48,0,0
aten::lift_fresh,,,0.604,0.604,0,0,0,0
aten::to,,,1.709,1.709,0,0,0,0
aten::pin_memory,,,3.135,39.657,0,0,0,0
aten::is_pinned,,,13.36,13.36,0,0,0,0
aten::_pin_memory,,,8.833,23.162,0,0,0,0
aten::set_,,,4.964,4.964,0,0,0,0
aten::copy_,,,9.365,9.365,0,0,0,0
aten::to,,,0.596,7.345,0,0,0,0
aten::_to_copy,,,2.814,6.749,0,0,0,0
aten::empty_strided,,,2.49,3.588,0,0,0,0
empty_tensor,,,1.098,1.098,0,0,0,0
aten::copy_,,,0.347,0.347,0,0,0,0
aten::eq,,,5.686,7.954,0,0,0,0
empty_tensor,,,0.56,0.56,0,0,0,0
aclnnEqScalar,,,1.708,1.708,0,0,0,0
aten::masked_fill_,,,4.394,6.384,0,0,0,0
aclnnInplaceMaskedFillScalar,,,1.99,1.99,0,0,0,0
aten::zeros,,,3.996,18.99,0,9.1005,0,0
empty_tensor,,,1.757,1.757,0,0,0,0
aten::zero_,,,4.187,13.237,0,9.1005,0,0
aclnnInplaceZero,,,9.05,9.05,9.1005,9.1005,0,0
token_bin_counts_and_mask_kernel,,,2.725,2.725,64.7825,64.7825,0,0
aten::gt,,,6.887,10.043,0,24.061,0,0
empty_tensor,,,1.723,1.723,0,0,0,0
aclnnGtScalar,,,1.433,1.433,24.061,24.061,0,0
aten::zeros,,,0.816,4.603,0,2.56,0,0
empty_tensor,,,1.395,1.395,0,0,0,0
aten::zero_,,,1.383,2.392,0,2.56,0,0
aclnnInplaceZero,,,1.009,1.009,2.56,2.56,0,0
aten::gt,,,2.636,5.757,0,13.160499999999999,0,0
empty_tensor,,,1.184,1.184,0,0,0,0
aclnnGtScalar,,,1.937,1.937,13.160499999999999,13.160499999999999,0,0
apply_all_penalties_kernel,,,2.397,2.397,76.463,76.463,0,0
aten::argmax,,,6.235,24.752,0,19.421000000000003,0,0
aten::empty,,,0.482,2.532,0,0,0,0
empty_tensor,,,2.05,2.05,0,0,0,0
aten::argmax,,,9.908,15.985,0,19.421000000000003,0,0
aten::reshape,,,1.129,2.68,0,0,0,0
aten::view,,,1.551,1.551,0,0,0,0
aclnnArgMax,,,3.397,3.397,19.421000000000003,19.421000000000003,0,0
aten::view,,,0.541,0.541,0,0,0,0
aten::to,,,0.58,0.58,0,0,0,0
aten::to,,,0.47,9.473,0,1.44,0,0
aten::_to_copy,,,1.371,9.003,0,1.44,0,0
aten::empty,,,0.256,1.302,0,0,0,0
empty_tensor,,,1.046,1.046,0,0,0,0
aten::copy_,,,2.913,6.33,0,1.44,0,0
aclnnInplaceCopy,,,3.417,3.417,1.44,1.44,0,0
aten::unsqueeze,,,1.675,2.814,0,0,0,0
aten::as_strided,,,1.139,1.139,0,0,0,0
P12/B/0269/to_list,,,162.815,665.798,0,2.14,0,0
aten::slice,,,4.66,7.114,0,0,0,0
aten::as_strided,,,2.454,2.454,0,0,0,0
aten::copy_,,,12.55,15.407,0,2.12,0,0
acl_memcpy_device_to_host,,,2.857,2.857,2.12,2.12,0,0
Event::record,,,128.028,271.626,0,0.02,0,0
P12/B/0270/event_record,,,139.895,143.598,0,0.02,0,0
record_event,,,3.703,3.703,0.02,0.02,0,0
Event::synchronize,,,112.876,207.707,0,0,0,0
P12/B/0271/native_synchronize,,,94.831,94.831,0,0,0,0
aten::resolve_conj,,,0.824,0.824,0,0,0,0
aten::resolve_neg,,,0.305,0.305,0,0,0,0
aten::slice,,,1.372,3.44,0,0,0,0
aten::as_strided,,,2.068,2.068,0,0,0,0
P12/B/0272/allocate,,,258.876,258.876,0,0,0,0
P12/B/0273/runner,,,3852.218,52831.161,0,2409.879,0,1391.6
P12/B/0274/prepare,,,1500.795,2791.125,0,159.2065,0,0
P12/B/0275/buffer_copy,,,104.989,134.947,0,2.8,0,0
aten::slice,,,5.465,9.037,0,0,0,0
aten::as_strided,,,3.572,3.572,0,0,0,0
aten::slice,,,1.044,2.311,0,0,0,0
aten::as_strided,,,1.267,1.267,0,0,0,0
aten::copy_,,,14.328,18.61,0,2.8,0,0
acl_memcpy_host_to_device,,,4.282,4.282,2.8,2.8,0,0
aten::lift_fresh,,,0.589,0.589,0,0,0,0
aten::lift_fresh,,,0.073,0.073,0,0,0,0
aten::flatten,,,1.745,7.341,0,0,0,0
aten::view,,,5.596,5.596,0,0,0,0
aten::slice,,,1.588,2.067,0,0,0,0
aten::as_strided,,,0.479,0.479,0,0,0,0
aten::index_select,,,5.816,5.816,0,0,0,0
P12/B/0276/buffer_copy,,,97.906,110.726,0,2.7205,0,0
aten::copy_,,,9.372,12.82,0,2.7205,0,0
acl_memcpy_host_to_device,,,3.448,3.448,2.7205,2.7205,0,0
aten::slice,,,1.667,2.258,0,0,0,0
aten::as_strided,,,0.591,0.591,0,0,0,0
aten::lift_fresh,,,0.254,0.254,0,0,0,0
aten::slice,,,0.791,1.024,0,0,0,0
aten::as_strided,,,0.233,0.233,0,0,0,0
aten::add,,,11.063,11.063,0,0,0,0
aten::slice,,,0.541,0.804,0,0,0,0
aten::as_strided,,,0.263,0.263,0,0,0,0
aten::fill_,,,4.067,4.067,0,0,0,0
aten::slice,,,0.782,2.273,0,0,0,0
aten::as_strided,,,1.491,1.491,0,0,0,0
aten::fill_,,,9.316,12.301,0,1.0,0,0
aclnnInplaceFillScalar,,,2.985,2.985,1.0,1.0,0,0
P12/B/0277/buffer_copy,,,94.971,108.187,0,2.72,0,0
aten::slice,,,1.459,2.817,0,0,0,0
aten::as_strided,,,1.358,1.358,0,0,0,0
aten::slice,,,0.592,0.912,0,0,0,0
aten::as_strided,,,0.32,0.32,0,0,0,0
aten::copy_,,,6.752,9.487,0,2.72,0,0
acl_memcpy_host_to_device,,,2.735,2.735,2.72,2.72,0,0
aten::slice,,,1.064,1.388,0,0,0,0
aten::as_strided,,,0.324,0.324,0,0,0,0
aten::detach,,,2.813,2.813,0,0,0,0
aten::to,,,1.1,1.1,0,0,0,0
aten::resolve_conj,,,0.847,0.847,0,0,0,0
aten::resolve_neg,,,0.185,0.185,0,0,0,0
P12/B/0278/buffer_copy,,,81.464,85.973,0,0,0,0
aten::slice,,,1.339,2.537,0,0,0,0
aten::as_strided,,,1.198,1.198,0,0,0,0
aten::slice,,,1.015,1.405,0,0,0,0
aten::as_strided,,,0.39,0.39,0,0,0,0
aten::copy_,,,0.567,0.567,0,0,0,0
P12/B/0279/buffer_copy,,,76.094,88.554,0,2.66,0,0
aten::slice,,,1.34,2.181,0,0,0,0
aten::as_strided,,,0.841,0.841,0,0,0,0
aten::slice,,,0.969,1.341,0,0,0,0
aten::as_strided,,,0.372,0.372,0,0,0,0
aten::copy_,,,6.224,8.938,0,2.66,0,0
acl_memcpy_host_to_device,,,2.714,2.714,2.66,2.66,0,0
aten::fill_,,,5.467,14.959,0,0.84,0,0
aclnnInplaceFillScalar,,,9.492,9.492,0.84,0.84,0,0
aten::slice,,,1.193,2.058,0,0,0,0
aten::as_strided,,,0.865,0.865,0,0,0,0
aten::slice,,,0.817,1.122,0,0,0,0
aten::as_strided,,,0.305,0.305,0,0,0,0
aten::copy_,,,4.433,5.652,0,2.62,0,0
acl_memcpy_host_to_device,,,1.219,1.219,2.62,2.62,0,0
P12/B/0280/buffer_copy,,,89.025,98.254,0,2.7,0,0
aten::slice,,,1.408,2.295,0,0,0,0
aten::as_strided,,,0.887,0.887,0,0,0,0
aten::slice,,,0.535,0.852,0,0,0,0
aten::as_strided,,,0.317,0.317,0,0,0,0
aten::copy_,,,4.18,6.082,0,2.7,0,0
acl_memcpy_host_to_device,,,1.902,1.902,2.7,2.7,0,0
aten::slice,,,0.89,1.475,0,0,0,0
aten::as_strided,,,0.585,0.585,0,0,0,0
P12/B/0281/buffer_copy,,,77.738,87.515,0,2.64,0,0
aten::slice,,,1.522,2.367,0,0,0,0
aten::as_strided,,,0.845,0.845,0,0,0,0
aten::slice,,,0.779,1.093,0,0,0,0
aten::as_strided,,,0.314,0.314,0,0,0,0
aten::copy_,,,4.269,6.317,0,2.64,0,0
acl_memcpy_host_to_device,,,2.048,2.048,2.64,2.64,0,0
P12/B/0282/buffer_copy,,,71.899,81.166,0,2.68,0,0
aten::slice,,,1.418,2.2,0,0,0,0
aten::as_strided,,,0.782,0.782,0,0,0,0
aten::slice,,,0.836,1.224,0,0,0,0
aten::as_strided,,,0.388,0.388,0,0,0,0
aten::copy_,,,3.729,5.843,0,2.68,0,0
acl_memcpy_host_to_device,,,2.114,2.114,2.68,2.68,0,0
aten::slice,,,0.878,1.494,0,0,0,0
aten::as_strided,,,0.616,0.616,0,0,0,0
aten::index,,,10.716,19.262,0,8.9205,0,0
empty_tensor,,,2.691,2.691,0,0,0,0
empty_tensor,,,3.768,3.768,0,0,0,0
aclnnIndex,,,2.087,2.087,8.9205,8.9205,0,0
aten::to,,,1.024,10.793,0,0.88,0,0
aten::_to_copy,,,2.793,9.769,0,0.88,0,0
aten::empty,,,0.765,2.24,0,0,0,0
empty_tensor,,,1.475,1.475,0,0,0,0
aten::copy_,,,3.131,4.736,0,0.88,0,0
aclnnInplaceCopy,,,1.605,1.605,0.88,0.88,0,0
aten::slice,,,0.843,1.322,0,0,0,0
aten::as_strided,,,0.479,0.479,0,0,0,0
aten::add,,,7.716,16.229,0,2.1805,0,0
empty_tensor,,,2.247,2.247,0,0,0,0
aclnnAdd,,,6.266,6.266,2.1805,2.1805,0,0
aten::slice,,,0.837,1.565,0,0,0,0
aten::as_strided,,,0.728,0.728,0,0,0,0
aten::copy_,,,23.378,25.105,0,0.6,0,0
aclnnInplaceCopy,,,1.727,1.727,0.6,0.6,0,0
aten::slice,,,0.843,1.195,0,0,0,0
aten::as_strided,,,0.352,0.352,0,0,0,0
aten::add,,,3.258,5.009,0,1.2,0,0
empty_tensor,,,0.967,0.967,0,0,0,0
aclnnAdd,,,0.784,0.784,1.2,1.2,0,0
aten::copy_,,,6.686,7.707,0,0.58,0,0
aclnnInplaceCopy,,,1.021,1.021,0.58,0.58,0,0
aten::slice,,,0.645,1.0,0,0,0,0
aten::as_strided,,,0.355,0.355,0,0,0,0
aten::fill_,,,2.683,4.37,0,0,0,0
aclnnInplaceFillScalar,,,1.687,1.687,0,0,0,0
aten::slice,,,0.771,1.136,0,0,0,0
aten::as_strided,,,0.365,0.365,0,0,0,0
aten::slice,,,0.949,1.51,0,0,0,0
aten::as_strided,,,0.561,0.561,0,0,0,0
P12/B/0283/slot_prepare,,,288.385,292.942,0,120.325,0,0
_compute_slot_mapping_kernel,,,4.557,4.557,120.325,120.325,0,0
aten::slice,,,2.4,3.973,0,0,0,0
aten::as_strided,,,1.573,1.573,0,0,0,0
aten::sub,,,10.438,18.867,0,1.14,0,0
empty_tensor,,,3.355,3.355,0,0,0,0
aten::item,,,1.739,2.956,0,0,0,0
aten::_local_scalar_dense,,,1.217,1.217,0,0,0,0
aclnnSubs,,,2.118,2.118,1.14,1.14,0,0
aten::detach,,,1.882,1.882,0,0,0,0
aten::to,,,0.777,0.777,0,0,0,0
aten::resolve_conj,,,0.332,0.332,0,0,0,0
aten::resolve_neg,,,0.111,0.111,0,0,0,0
aten::slice,,,2.66,4.358,0,0,0,0
aten::as_strided,,,1.698,1.698,0,0,0,0
aten::slice,,,1.5,2.362,0,0,0,0
aten::as_strided,,,0.862,0.862,0,0,0,0
aten::slice,,,0.722,1.303,0,0,0,0
aten::as_strided,,,0.581,0.581,0,0,0,0
aten::slice,,,1.132,1.701,0,0,0,0
aten::as_strided,,,0.569,0.569,0,0,0,0
aten::fill_,,,5.71,8.517,0,0,0,0
aclnnInplaceFillScalar,,,2.807,2.807,0,0,0,0
aten::slice,,,0.925,1.398,0,0,0,0
aten::as_strided,,,0.473,0.473,0,0,0,0
aten::fill_,,,1.857,11.536,0,0,0,0
aclnnInplaceFillScalar,,,9.679,9.679,0,0,0,0
aten::slice,,,1.057,1.402,0,0,0,0
aten::as_strided,,,0.345,0.345,0,0,0,0
aten::slice,,,0.635,1.763,0,0,0,0
aten::as_strided,,,1.128,1.128,0,0,0,0
aten::lt,,,9.173,9.173,0,0,0,0
aten::lift_fresh,,,0.356,0.356,0,0,0,0
aten::slice,,,0.447,0.816,0,0,0,0
aten::as_strided,,,0.369,0.369,0,0,0,0
aten::fill_,,,1.266,4.486,0,0,0,0
aten::copy_,,,3.22,3.22,0,0,0,0
aten::slice,,,0.67,0.853,0,0,0,0
aten::as_strided,,,0.183,0.183,0,0,0,0
aten::slice,,,0.713,1.261,0,0,0,0
aten::as_strided,,,0.548,0.548,0,0,0,0
aten::slice,,,0.786,1.39,0,0,0,0
aten::as_strided,,,0.604,0.604,0,0,0,0
aten::slice,,,1.15,1.682,0,0,0,0
aten::as_strided,,,0.532,0.532,0,0,0,0
aten::slice,,,0.637,1.029,0,0,0,0
aten::as_strided,,,0.392,0.392,0,0,0,0
aten::slice,,,0.729,0.837,0,0,0,0
aten::as_strided,,,0.108,0.108,0,0,0,0
aten::slice,,,0.735,0.981,0,0,0,0
aten::as_strided,,,0.246,0.246,0,0,0,0
aten::slice,,,0.548,0.866,0,0,0,0
aten::as_strided,,,0.318,0.318,0,0,0,0
aten::slice,,,0.478,0.915,0,0,0,0
aten::as_strided,,,0.437,0.437,0,0,0,0
aten::pin_memory,,,1.993,11.628,0,0,0,0
aten::is_pinned,,,9.635,9.635,0,0,0,0
aten::to,,,1.332,19.855,0,2.6605,0,0
aten::_to_copy,,,2.799,18.523,0,2.6605,0,0
aten::empty_strided,,,5.515,7.913,0,0,0,0
empty_tensor,,,2.398,2.398,0,0,0,0
aten::copy_,,,5.169,7.811,0,2.6605,0,0
acl_memcpy_host_to_device,,,2.642,2.642,2.6605,2.6605,0,0
aten::resolve_conj,,,0.13,0.13,0,0,0,0
aten::resolve_neg,,,0.217,0.217,0,0,0,0
aten::slice,,,1.021,1.719,0,0,0,0
aten::as_strided,,,0.698,0.698,0,0,0,0
aten::resolve_conj,,,0.243,0.243,0,0,0,0
aten::resolve_neg,,,0.163,0.163,0,0,0,0
aten::slice,,,0.75,1.287,0,0,0,0
aten::as_strided,,,0.537,0.537,0,0,0,0
aten::slice,,,0.567,0.935,0,0,0,0
aten::as_strided,,,0.368,0.368,0,0,0,0
aten::index_select,,,9.57,13.831,0,2.4805,0,0
empty_tensor,,,1.865,1.865,0,0,0,0
aclnnIndexSelect,,,2.396,2.396,2.4805,2.4805,0,0
aten::view,,,1.463,1.463,0,0,0,0
aten::repeat,,,4.868,8.128,0,1.72,0,0
empty_tensor,,,1.308,1.308,0,0,0,0
aclnnRepeat,,,1.952,1.952,1.72,1.72,0,0
aten::chunk,,,3.144,10.509,0,0,0,0
aten::split,,,2.422,7.365,0,0,0,0
aten::narrow,,,2.477,3.861,0,0,0,0
aten::slice,,,0.466,1.384,0,0,0,0
aten::as_strided,,,0.918,0.918,0,0,0,0
aten::narrow,,,0.398,1.082,0,0,0,0
aten::slice,,,0.257,0.684,0,0,0,0
aten::as_strided,,,0.427,0.427,0,0,0,0
aten::slice,,,0.775,1.537,0,0,0,0
aten::as_strided,,,0.762,0.762,0,0,0,0
aten::view,,,0.653,0.653,0,0,0,0
aten::expand,,,2.01,2.553,0,0,0,0
aten::as_strided,,,0.543,0.543,0,0,0,0
aten::copy_,,,24.156,26.011,0,0.48,0,0
aclnnInplaceCopy,,,1.855,1.855,0.48,0.48,0,0
aten::index_select,,,3.302,5.565,0,2.12,0,0
empty_tensor,,,1.297,1.297,0,0,0,0
aclnnIndexSelect,,,0.966,0.966,2.12,2.12,0,0
aten::view,,,0.637,0.637,0,0,0,0
aten::repeat,,,1.744,3.522,0,1.32,0,0
empty_tensor,,,1.013,1.013,0,0,0,0
aclnnRepeat,,,0.765,0.765,1.32,1.32,0,0
aten::chunk,,,0.475,4.459,0,0,0,0
aten::split,,,0.505,3.984,0,0,0,0
aten::narrow,,,0.591,2.306,0,0,0,0
aten::slice,,,1.027,1.715,0,0,0,0
aten::as_strided,,,0.688,0.688,0,0,0,0
aten::narrow,,,0.421,1.173,0,0,0,0
aten::slice,,,0.355,0.752,0,0,0,0
aten::as_strided,,,0.397,0.397,0,0,0,0
aten::slice,,,0.781,1.195,0,0,0,0
aten::as_strided,,,0.414,0.414,0,0,0,0
aten::view,,,0.256,0.256,0,0,0,0
aten::expand,,,0.346,0.66,0,0,0,0
aten::as_strided,,,0.314,0.314,0,0,0,0
aten::copy_,,,7.363,11.559,0,0.5005,0,0
aclnnInplaceCopy,,,4.196,4.196,0.5005,0.5005,0,0
aten::slice,,,0.694,1.094,0,0,0,0
aten::as_strided,,,0.4,0.4,0,0,0,0
aten::slice,,,0.875,1.422,0,0,0,0
aten::as_strided,,,0.547,0.547,0,0,0,0
P12/B/0284/forward,,,8602.791,45963.912,0,2008.982,0,1170.211
aten::to,,,1.185,27.582,0,1.02,0,0
aten::_to_copy,,,3.257,26.397,0,1.02,0,0
aten::empty,,,1.95,8.069,0,0,0,0
empty_tensor,,,6.119,6.119,0,0,0,0
aten::copy_,,,9.562,15.071,0,1.02,0,0
aclnnInplaceCopy,,,5.509,5.509,1.02,1.02,0,0
aten::embedding,,,5.578,10.008,0,9.3605,0,0
empty_tensor,,,2.578,2.578,0,0,0,0
aclnnEmbedding,,,1.852,1.852,9.3605,9.3605,0,0
vllm::maybe_pad_and_reduce,,,14.404,14.404,0,0,0,0
npu::npu_rms_norm,,,28.003,34.75,0,4.84,0,0
empty_tensor,,,1.767,1.767,0,0,0,0
empty_tensor,,,3.057,3.057,0,0,0,0
aclnnRmsNorm,,,1.923,1.923,4.84,4.84,0,0
vllm::unquantized_gemm,,,6.843,25.755,0,8.72,0,7.46
aten::linear,,,2.101,18.912,0,8.72,0,7.46
aten::t,,,2.966,6.572,0,0,0,0
aten::transpose,,,1.643,3.606,0,0,0,0
aten::as_strided,,,1.963,1.963,0,0,0,0
aten::addmm,,,6.821,10.239,0,8.72,0,7.46
empty_tensor,,,1.526,1.526,0,0,0,0
aclnnAddmm,,,1.892,1.892,8.72,8.72,7.46,7.46
aten::split_with_sizes,,,1.856,3.451,0,0,0,0
aten::as_strided,,,0.75,0.75,0,0,0,0
aten::as_strided,,,0.461,0.461,0,0,0,0
aten::as_strided,,,0.384,0.384,0,0,0,0
vllm::npu_rotary_embedding,,,225.429,231.927,0,3.06,0,0
aten::view,,,1.309,1.309,0,0,0,0
aten::view,,,0.471,0.471,0,0,0,0
_triton_rope,,,2.911,2.911,3.06,3.06,0,0
aten::view,,,1.12,1.12,0,0,0,0
aten::view,,,0.687,0.687,0,0,0,0
aten::empty,,,0.836,2.805,0,0,0,0
empty_tensor,,,1.969,1.969,0,0,0,0
aten::view,,,0.775,0.775,0,0,0,0
aten::view,,,0.458,0.458,0,0,0,0
aten::view,,,0.493,0.493,0,0,0,0
aten::view,,,0.418,0.418,0,0,0,0
vllm::unified_attention_with_output,,,252.903,1107.51,0,24.8405,0,0
P12/B/0285/attention,,,380.901,854.607,0,24.8405,0,0
aten::slice,,,1.522,3.065,0,0,0,0
aten::as_strided,,,1.543,1.543,0,0,0,0
aten::slice,,,1.322,1.768,0,0,0,0
aten::as_strided,,,0.446,0.446,0,0,0,0
aten::slice,,,2.839,3.512,0,0,0,0
aten::as_strided,,,0.673,0.673,0,0,0,0
P12/B/0286/cache_write,,,111.114,133.045,0,1.94,0,0
atb::_npu_reshape_and_cache,,,18.748,21.931,0,1.94,0,0
ReshapeCacheOperation,,,3.183,3.183,1.94,1.94,0,0
P12/B/0287/fia,,,229.351,319.776,0,22.900499999999997,0,0
aten::view,,,3.386,3.386,0,0,0,0
aten::view,,,1.18,1.18,0,0,0,0
aten::slice,,,1.055,1.96,0,0,0,0
aten::as_strided,,,0.905,0.905,0,0,0,0
npu::npu_fused_infer_attention_score,,,42.567,51.94,0,22.3205,0,0
empty_tensor,,,3.907,3.907,0,0,0,0
empty_tensor,,,1.315,1.315,0,0,0,0
empty_tensor,,,0.776,0.776,0,0,0,0
empty_tensor,,,0.647,0.647,0,0,0,0
aclnnFusedInferAttentionScoreV3,,,2.728,2.728,22.3205,22.3205,0,0
aten::view,,,0.772,0.772,0,0,0,0
aten::slice,,,0.648,1.177,0,0,0,0
aten::as_strided,,,0.529,0.529,0,0,0,0
aten::copy_,,,19.68,30.01,0,0.58,0,0
aclnnInplaceCopy,,,10.33,10.33,0.58,0.58,0,0
aten::slice,,,0.694,1.49,0,0,0,0
aten::as_strided,,,0.796,0.796,0,0,0,0
aten::copy_,,,9.027,11.05,0,0,0,0
aclnnInplaceCopy,,,2.023,2.023,0,0,0,0
aten::view,,,1.02,1.02,0,0,0,0
vllm::unquantized_gemm,,,7.595,26.055,0,5.5605,0,5.5605
aten::linear,,,1.668,18.46,0,5.5605,0,5.5605
aten::t,,,2.195,5.196,0,0,0,0
aten::transpose,,,1.163,3.001,0,0,0,0
aten::as_strided,,,1.838,1.838,0,0,0,0
aten::matmul,,,6.699,11.596,0,5.5605,0,5.5605
empty_tensor,,,3.117,3.117,0,0,0,0
aclnnMatmul,,,1.78,1.78,5.5605,5.5605,5.5605,5.5605
vllm::maybe_chunk_residual,,,5.925,5.925,0,0,0,0
_C_ascend::npu_add_rms_norm_bias,,,18.467,29.161,0,2.28,0,0
aten::empty,,,1.1,3.157,0,0,0,0
empty_tensor,,,2.057,2.057,0,0,0,0
aten::empty,,,0.441,1.678,0,0,0,0
empty_tensor,,,1.237,1.237,0,0,0,0
aten::empty,,,0.199,1.45,0,0,0,0
empty_tensor,,,1.251,1.251,0,0,0,0
aten::empty,,,0.424,2.453,0,0,0,0
empty_tensor,,,2.029,2.029,0,0,0,0
aclnnAddRmsNormBias,,,1.956,1.956,2.28,2.28,0,0
vllm::unquantized_gemm,,,4.304,15.817,0,19.561,0,19.561
aten::linear,,,0.94,11.513,0,19.561,0,19.561
aten::t,,,0.975,3.827,0,0,0,0
aten::transpose,,,0.492,2.852,0,0,0,0
aten::as_strided,,,2.36,2.36,0,0,0,0
aten::matmul,,,3.205,6.746,0,19.561,0,19.561
empty_tensor,,,1.558,1.558,0,0,0,0
aclnnMatmul,,,1.983,1.983,19.561,19.561,19.561,19.561
npu::npu_swiglu,,,10.679,13.475,0,4.32,0,0
empty_tensor,,,1.112,1.112,0,0,0,0
aclnnSwiGlu,,,1.684,1.684,4.32,4.32,0,0
vllm::unquantized_gemm,,,3.422,11.587,0,16.5005,0,16.5005
aten::linear,,,0.757,8.165,0,16.5005,0,16.5005
aten::t,,,1.126,2.126,0,0,0,0
aten::transpose,,,0.431,1.0,0,0,0,0
aten::as_strided,,,0.569,0.569,0,0,0,0
aten::matmul,,,2.467,5.282,0,16.5005,0,16.5005
empty_tensor,,,1.206,1.206,0,0,0,0
aclnnMatmul,,,1.609,1.609,16.5005,16.5005,16.5005,16.5005
vllm::maybe_chunk_residual,,,4.144,4.144,0,0,0,0
_C_ascend::npu_add_rms_norm_bias,,,6.905,17.527,0,1.72,0,0
aten::empty,,,0.461,1.529,0,0,0,0
empty_tensor,,,1.068,1.068,0,0,0,0
aten::empty,,,0.194,1.126,0,0,0,0
empty_tensor,,,0.932,0.932,0,0,0,0
aten::empty,,,0.295,1.392,0,0,0,0
empty_tensor,,,1.097,1.097,0,0,0,0
aten::empty,,,0.458,1.995,0,0,0,0
empty_tensor,,,1.537,1.537,0,0,0,0
aclnnAddRmsNormBias,,,4.58,4.58,1.72,1.72,0,0
vllm::unquantized_gemm,,,4.301,15.78,0,8.2805,0,7.1
aten::linear,,,0.999,11.479,0,8.2805,0,7.1
aten::t,,,0.663,1.653,0,0,0,0
aten::transpose,,,0.45,0.99,0,0,0,0
aten::as_strided,,,0.54,0.54,0,0,0,0
aten::addmm,,,5.403,8.827,0,8.2805,0,7.1
empty_tensor,,,1.599,1.599,0,0,0,0
aclnnAddmm,,,1.825,1.825,8.2805,8.2805,7.1,7.1
aten::split_with_sizes,,,1.603,2.883,0,0,0,0
aten::as_strided,,,0.6,0.6,0,0,0,0
aten::as_strided,,,0.297,0.297,0,0,0,0
aten::as_strided,,,0.383,0.383,0,0,0,0
vllm::npu_rotary_embedding,,,216.063,221.491,0,2.8,0,0
aten::view,,,0.855,0.855,0,0,0,0
aten::view,,,0.485,0.485,0,0,0,0
_triton_rope,,,2.487,2.487,2.8,2.8,0,0
aten::view,,,0.935,0.935,0,0,0,0
aten::view,,,0.666,0.666,0,0,0,0
aten::empty,,,0.949,2.947,0,0,0,0
empty_tensor,,,1.998,1.998,0,0,0,0
aten::view,,,0.649,0.649,0,0,0,0
aten::view,,,0.429,0.429,0,0,0,0
aten::view,,,0.562,0.562,0,0,0,0
aten::view,,,0.579,0.579,0,0,0,0
vllm::unified_attention_with_output,,,213.366,1448.54,0,22.540499999999998,0,0
P12/B/0288/attention,,,584.583,1235.174,0,22.540499999999998,0,0
aten::slice,,,1.489,2.779,0,0,0,0
aten::as_strided,,,1.29,1.29,0,0,0,0
aten::slice,,,0.342,0.608,0,0,0,0
aten::as_strided,,,0.266,0.266,0,0,0,0
aten::slice,,,2.474,3.334,0,0,0,0
aten::as_strided,,,0.86,0.86,0,0,0,0
P12/B/0289/cache_write,,,134.591,160.526,0,1.62,0,0
atb::_npu_reshape_and_cache,,,21.983,25.935,0,1.62,0,0
ReshapeCacheOperation,,,3.952,3.952,1.62,1.62,0,0
P12/B/0290/fia,,,341.877,445.161,0,20.9205,0,0
aten::view,,,4.732,4.732,0,0,0,0
aten::view,,,1.635,1.635,0,0,0,0
aten::slice,,,1.545,3.127,0,0,0,0
aten::as_strided,,,1.582,1.582,0,0,0,0
npu::npu_fused_infer_attention_score,,,49.171,64.705,0,20.3205,0,0
empty_tensor,,,6.204,6.204,0,0,0,0
empty_tensor,,,1.696,1.696,0,0,0,0
empty_tensor,,,2.573,2.573,0,0,0,0
empty_tensor,,,1.337,1.337,0,0,0,0
aclnnFusedInferAttentionScoreV3,,,3.724,3.724,20.3205,20.3205,0,0
aten::view,,,1.101,1.101,0,0,0,0
aten::slice,,,0.861,1.818,0,0,0,0
aten::as_strided,,,0.957,0.957,0,0,0,0
aten::copy_,,,24.337,26.166,0,0.6,0,0
aclnnInplaceCopy,,,1.829,1.829,0.6,0.6,0,0
aten::slice,,,2.472,5.579,0,0,0,0
aten::as_strided,,,3.107,3.107,0,0,0,0
aten::copy_,,,27.412,32.604,0,0,0,0
aclnnInplaceCopy,,,5.192,5.192,0,0,0,0
aten::view,,,2.556,2.556,0,0,0,0
vllm::unquantized_gemm,,,10.503,41.851,0,5.4005,0,5.4005
aten::linear,,,2.2,31.348,0,5.4005,0,5.4005
aten::t,,,3.703,7.125,0,0,0,0
aten::transpose,,,1.697,3.422,0,0,0,0
aten::as_strided,,,1.725,1.725,0,0,0,0
aten::matmul,,,11.267,22.023,0,5.4005,0,5.4005
empty_tensor,,,6.865,6.865,0,0,0,0
aclnnMatmul,,,3.891,3.891,5.4005,5.4005,5.4005,5.4005
vllm::maybe_chunk_residual,,,8.87,8.87,0,0,0,0
_C_ascend::npu_add_rms_norm_bias,,,23.191,49.395,0,1.74,0,0
aten::empty,,,1.296,4.305,0,0,0,0
empty_tensor,,,3.009,3.009,0,0,0,0
aten::empty,,,0.546,2.124,0,0,0,0
empty_tensor,,,1.578,1.578,0,0,0,0
aten::empty,,,0.405,1.964,0,0,0,0
empty_tensor,,,1.559,1.559,0,0,0,0
aten::empty,,,1.151,4.073,0,0,0,0
empty_tensor,,,2.922,2.922,0,0,0,0
aclnnAddRmsNormBias,,,13.738,13.738,1.74,1.74,0,0
vllm::unquantized_gemm,,,6.24,22.993,0,19.481,0,19.481
aten::linear,,,1.289,16.753,0,19.481,0,19.481
aten::t,,,1.475,3.826,0,0,0,0
aten::transpose,,,0.929,2.351,0,0,0,0
aten::as_strided,,,1.422,1.422,0,0,0,0
aten::matmul,,,5.329,11.638,0,19.481,0,19.481
empty_tensor,,,3.976,3.976,0,0,0,0
aclnnMatmul,,,2.333,2.333,19.481,19.481,19.481,19.481
npu::npu_swiglu,,,14.105,18.408,0,2.96,0,0
empty_tensor,,,2.128,2.128,0,0,0,0
aclnnSwiGlu,,,2.175,2.175,2.96,2.96,0,0
vllm::unquantized_gemm,,,4.988,15.935,0,16.2805,0,16.2805
aten::linear,,,0.784,10.947,0,16.2805,0,16.2805
aten::t,,,0.927,2.544,0,0,0,0
aten::transpose,,,0.663,1.617,0,0,0,0
aten::as_strided,,,0.954,0.954,0,0,0,0
aten::matmul,,,3.538,7.619,0,16.2805,0,16.2805
empty_tensor,,,2.144,2.144,0,0,0,0
aclnnMatmul,,,1.937,1.937,16.2805,16.2805,16.2805,16.2805
vllm::maybe_chunk_residual,,,5.91,5.91,0,0,0,0
_C_ascend::npu_add_rms_norm_bias,,,10.913,22.04,0,1.9205,0,0
aten::empty,,,0.624,2.262,0,0,0,0
empty_tensor,,,1.638,1.638,0,0,0,0
aten::empty,,,0.394,1.853,0,0,0,0
empty_tensor,,,1.459,1.459,0,0,0,0
aten::empty,,,0.513,1.998,0,0,0,0
empty_tensor,,,1.485,1.485,0,0,0,0
aten::empty,,,0.436,2.726,0,0,0,0
empty_tensor,,,2.29,2.29,0,0,0,0
aclnnAddRmsNormBias,,,2.288,2.288,1.9205,1.9205,0,0
vllm::unquantized_gemm,,,6.457,23.346,0,8.080499999999999,0,6.8405
aten::linear,,,1.368,16.889,0,8.080499999999999,0,6.8405
aten::t,,,0.988,2.685,0,0,0,0
aten::transpose,,,0.757,1.697,0,0,0,0
aten::as_strided,,,0.94,0.94,0,0,0,0
aten::addmm,,,8.129,12.836,0,8.080499999999999,0,6.8405
empty_tensor,,,2.31,2.31,0,0,0,0
aclnnAddmm,,,2.397,2.397,8.080499999999999,8.080499999999999,6.8405,6.8405
aten::split_with_sizes,,,2.497,4.789,0,0,0,0
aten::as_strided,,,0.909,0.909,0,0,0,0
aten::as_strided,,,0.768,0.768,0,0,0,0
aten::as_strided,,,0.615,0.615,0,0,0,0
vllm::npu_rotary_embedding,,,320.092,331.006,0,2.98,0,0
aten::view,,,1.599,1.599,0,0,0,0
aten::view,,,0.612,0.612,0,0,0,0
_triton_rope,,,5.993,5.993,2.98,2.98,0,0
aten::view,,,1.733,1.733,0,0,0,0
aten::view,,,0.977,0.977,0,0,0,0
aten::empty,,,0.708,4.046,0,0,0,0
empty_tensor,,,3.338,3.338,0,0,0,0
aten::view,,,1.176,1.176,0,0,0,0
aten::view,,,0.839,0.839,0,0,0,0
aten::view,,,0.925,0.925,0,0,0,0
aten::view,,,0.859,0.859,0,0,0,0
vllm::unified_attention_with_output,,,237.227,1521.993,0,21.281000000000002,0,0
P12/B/0291/attention,,,610.692,1284.766,0,21.281000000000002,0,0
aten::slice,,,2.378,4.684,0,0,0,0
aten::as_strided,,,2.306,2.306,0,0,0,0
aten::slice,,,0.589,1.382,0,0,0,0
aten::as_strided,,,0.793,0.793,0,0,0,0
aten::slice,,,3.678,4.908,0,0,0,0
aten::as_strided,,,1.23,1.23,0,0,0,0
P12/B/0292/cache_write,,,165.91,196.868,0,1.68,0,0
atb::_npu_reshape_and_cache,,,23.056,30.958,0,1.68,0,0
ReshapeCacheOperation,,,7.902,7.902,1.68,1.68,0,0
P12/B/0293/fia,,,334.378,446.156,0,19.601,0,0
aten::view,,,6.327,6.327,0,0,0,0
aten::view,,,1.748,1.748,0,0,0,0
aten::slice,,,1.721,3.191,0,0,0,0
aten::as_strided,,,1.47,1.47,0,0,0,0
npu::npu_fused_infer_attention_score,,,50.214,67.585,0,19.021,0,0
empty_tensor,,,6.684,6.684,0,0,0,0
empty_tensor,,,2.184,2.184,0,0,0,0
empty_tensor,,,2.929,2.929,0,0,0,0
empty_tensor,,,1.576,1.576,0,0,0,0
aclnnFusedInferAttentionScoreV3,,,3.998,3.998,19.021,19.021,0,0
aten::view,,,1.28,1.28,0,0,0,0
aten::slice,,,1.059,2.164,0,0,0,0
aten::as_strided,,,1.105,1.105,0,0,0,0
aten::copy_,,,24.785,29.483,0,0.58,0,0
aclnnInplaceCopy,,,4.698,4.698,0.58,0.58,0,0
aten::slice,,,1.208,2.412,0,0,0,0
aten::as_strided,,,1.204,1.204,0,0,0,0
aten::copy_,,,14.684,17.664,0,0,0,0
aclnnInplaceCopy,,,2.98,2.98,0,0,0,0
aten::view,,,1.954,1.954,0,0,0,0
vllm::unquantized_gemm,,,10.046,35.991,0,5.4205,0,5.4205
aten::linear,,,2.594,25.945,0,5.4205,0,5.4205
aten::t,,,3.089,6.095,0,0,0,0
aten::transpose,,,1.494,3.006,0,0,0,0
aten::as_strided,,,1.512,1.512,0,0,0,0
aten::matmul,,,8.928,17.256,0,5.4205,0,5.4205
empty_tensor,,,5.27,5.27,0,0,0,0
aclnnMatmul,,,3.058,3.058,5.4205,5.4205,5.4205,5.4205
vllm::maybe_chunk_residual,,,8.745,8.745,0,0,0,0
_C_ascend::npu_add_rms_norm_bias,,,19.873,38.469,0,1.66,0,0
aten::empty,,,1.236,4.121,0,0,0,0
empty_tensor,,,2.885,2.885,0,0,0,0
aten::empty,,,0.497,2.282,0,0,0,0
empty_tensor,,,1.785,1.785,0,0,0,0
aten::empty,,,3.442,5.49,0,0,0,0
empty_tensor,,,2.048,2.048,0,0,0,0
aten::empty,,,0.643,3.561,0,0,0,0
empty_tensor,,,2.918,2.918,0,0,0,0
aclnnAddRmsNormBias,,,3.142,3.142,1.66,1.66,0,0
vllm::unquantized_gemm,,,6.434,20.956,0,19.161,0,19.161
aten::linear,,,1.341,14.522,0,19.161,0,19.161
aten::t,,,1.402,3.826,0,0,0,0
aten::transpose,,,0.915,2.424,0,0,0,0
aten::as_strided,,,1.509,1.509,0,0,0,0
aten::matmul,,,4.967,9.355,0,19.161,0,19.161
empty_tensor,,,2.294,2.294,0,0,0,0
aclnnMatmul,,,2.094,2.094,19.161,19.161,19.161,19.161
npu::npu_swiglu,,,12.59,16.415,0,3.06,0,0
empty_tensor,,,1.964,1.964,0,0,0,0
aclnnSwiGlu,,,1.861,1.861,3.06,3.06,0,0
vllm::unquantized_gemm,,,5.321,25.119,0,16.2205,0,16.2205
aten::linear,,,1.126,19.798,0,16.2205,0,16.2205
aten::t,,,1.342,2.901,0,0,0,0
aten::transpose,,,0.649,1.559,0,0,0,0
aten::as_strided,,,0.91,0.91,0,0,0,0
aten::matmul,,,3.403,15.771,0,16.2205,0,16.2205
empty_tensor,,,1.652,1.652,0,0,0,0
aclnnMatmul,,,10.716,10.716,16.2205,16.2205,16.2205,16.2205
vllm::maybe_chunk_residual,,,9.367,9.367,0,0,0,0
_C_ascend::npu_add_rms_norm_bias,,,11.881,23.89,0,1.86,0,0
aten::empty,,,0.682,2.532,0,0,0,0
empty_tensor,,,1.85,1.85,0,0,0,0
aten::empty,,,0.372,1.707,0,0,0,0
empty_tensor,,,1.335,1.335,0,0,0,0
aten::empty,,,0.359,2.072,0,0,0,0
empty_tensor,,,1.713,1.713,0,0,0,0
aten::empty,,,0.613,3.365,0,0,0,0
empty_tensor,,,2.752,2.752,0,0,0,0
aclnnAddRmsNormBias,,,2.333,2.333,1.86,1.86,0,0
vllm::unquantized_gemm,,,6.091,21.86,0,8.3405,0,7.1605
aten::linear,,,1.699,15.769,0,8.3405,0,7.1605
aten::t,,,0.889,2.572,0,0,0,0
aten::transpose,,,0.67,1.683,0,0,0,0
aten::as_strided,,,1.013,1.013,0,0,0,0
aten::addmm,,,7.578,11.498,0,8.3405,0,7.1605
empty_tensor,,,1.801,1.801,0,0,0,0
aclnnAddmm,,,2.119,2.119,8.3405,8.3405,7.1605,7.1605
aten::split_with_sizes,,,2.114,4.198,0,0,0,0
aten::as_strided,,,0.981,0.981,0,0,0,0
aten::as_strided,,,0.498,0.498,0,0,0,0
aten::as_strided,,,0.605,0.605,0,0,0,0
vllm::npu_rotary_embedding,,,328.273,337.76,0,2.88,0,0
aten::view,,,1.218,1.218,0,0,0,0
aten::view,,,0.723,0.723,0,0,0,0
_triton_rope,,,4.746,4.746,2.88,2.88,0,0
aten::view,,,1.654,1.654,0,0,0,0
aten::view,,,1.146,1.146,0,0,0,0
aten::empty,,,0.786,4.122,0,0,0,0
empty_tensor,,,3.336,3.336,0,0,0,0
aten::view,,,0.972,0.972,0,0,0,0
aten::view,,,0.886,0.886,0,0,0,0
aten::view,,,0.912,0.912,0,0,0,0
aten::view,,,1.092,1.092,0,0,0,0
vllm::unified_attention_with_output,,,218.74,1486.728,0,21.7205,0,0
P12/B/0294/attention,,,580.838,1267.988,0,21.7205,0,0
aten::slice,,,2.213,4.773,0,0,0,0
aten::as_strided,,,2.56,2.56,0,0,0,0
aten::slice,,,1.597,2.283,0,0,0,0
aten::as_strided,,,0.686,0.686,0,0,0,0
aten::slice,,,3.844,5.28,0,0,0,0
aten::as_strided,,,1.436,1.436,0,0,0,0
P12/B/0295/cache_write,,,179.423,211.997,0,1.6,0,0
atb::_npu_reshape_and_cache,,,28.147,32.574,0,1.6,0,0
ReshapeCacheOperation,,,4.427,4.427,1.6,1.6,0,0
P12/B/0296/fia,,,342.738,449.009,0,20.1205,0,0
aten::view,,,6.29,6.29,0,0,0,0
aten::view,,,1.637,1.637,0,0,0,0
aten::slice,,,1.803,3.618,0,0,0,0
aten::as_strided,,,1.815,1.815,0,0,0,0
npu::npu_fused_infer_attention_score,,,51.112,67.84,0,19.5605,0,0
empty_tensor,,,6.839,6.839,0,0,0,0
empty_tensor,,,2.463,2.463,0,0,0,0
empty_tensor,,,1.293,1.293,0,0,0,0
empty_tensor,,,1.34,1.34,0,0,0,0
aclnnFusedInferAttentionScoreV3,,,4.793,4.793,19.5605,19.5605,0,0
aten::view,,,1.314,1.314,0,0,0,0
aten::slice,,,2.206,3.357,0,0,0,0
aten::as_strided,,,1.151,1.151,0,0,0,0
aten::copy_,,,21.153,22.215,0,0.56,0,0
aclnnInplaceCopy,,,1.062,1.062,0.56,0.56,0,0
aten::slice,,,0.804,1.701,0,0,0,0
aten::as_strided,,,0.897,0.897,0,0,0,0
aten::copy_,,,9.812,12.107,0,0,0,0
aclnnInplaceCopy,,,2.295,2.295,0,0,0,0
aten::view,,,1.767,1.767,0,0,0,0
vllm::unquantized_gemm,,,9.995,45.638,0,5.3805,0,5.3805
aten::linear,,,2.14,35.643,0,5.3805,0,5.3805
aten::t,,,3.095,7.557,0,0,0,0
aten::transpose,,,1.534,4.462,0,0,0,0
aten::as_strided,,,2.928,2.928,0,0,0,0
aten::matmul,,,8.815,25.946,0,5.3805,0,5.3805
empty_tensor,,,5.126,5.126,0,0,0,0
aclnnMatmul,,,12.005,12.005,5.3805,5.3805,5.3805,5.3805
vllm::maybe_chunk_residual,,,8.453,8.453,0,0,0,0
_C_ascend::npu_add_rms_norm_bias,,,20.122,35.898,0,1.72,0,0
aten::empty,,,1.228,4.264,0,0,0,0
empty_tensor,,,3.036,3.036,0,0,0,0
aten::empty,,,0.501,2.704,0,0,0,0
empty_tensor,,,2.203,2.203,0,0,0,0
aten::empty,,,0.732,2.284,0,0,0,0
empty_tensor,,,1.552,1.552,0,0,0,0
aten::empty,,,0.486,3.294,0,0,0,0
empty_tensor,,,2.808,2.808,0,0,0,0
aclnnAddRmsNormBias,,,3.23,3.23,1.72,1.72,0,0
vllm::unquantized_gemm,,,6.5,21.64,0,19.361,0,19.361
aten::linear,,,1.624,15.14,0,19.361,0,19.361
aten::t,,,1.514,4.217,0,0,0,0
aten::transpose,,,1.161,2.703,0,0,0,0
aten::as_strided,,,1.542,1.542,0,0,0,0
aten::matmul,,,5.181,9.299,0,19.361,0,19.361
empty_tensor,,,1.82,1.82,0,0,0,0
aclnnMatmul,,,2.298,2.298,19.361,19.361,19.361,19.361
npu::npu_swiglu,,,12.973,19.607,0,2.9805,0,0
empty_tensor,,,1.967,1.967,0,0,0,0
aclnnSwiGlu,,,4.667,4.667,2.9805,2.9805,0,0
vllm::unquantized_gemm,,,5.326,17.207,0,16.581,0,16.581
aten::linear,,,0.909,11.881,0,16.581,0,16.581
aten::t,,,1.476,3.178,0,0,0,0
aten::transpose,,,0.913,1.702,0,0,0,0
aten::as_strided,,,0.789,0.789,0,0,0,0
aten::matmul,,,3.834,7.794,0,16.581,0,16.581
empty_tensor,,,1.978,1.978,0,0,0,0
aclnnMatmul,,,1.982,1.982,16.581,16.581,16.581,16.581
vllm::maybe_chunk_residual,,,7.578,7.578,0,0,0,0
_C_ascend::npu_add_rms_norm_bias,,,11.75,23.102,0,1.7005,0,0
aten::empty,,,0.671,2.277,0,0,0,0
empty_tensor,,,1.606,1.606,0,0,0,0
aten::empty,,,0.394,2.455,0,0,0,0
empty_tensor,,,2.061,2.061,0,0,0,0
aten::empty,,,0.565,1.816,0,0,0,0
empty_tensor,,,1.251,1.251,0,0,0,0
aten::empty,,,0.65,2.29,0,0,0,0
empty_tensor,,,1.64,1.64,0,0,0,0
aclnnAddRmsNormBias,,,2.514,2.514,1.7005,1.7005,0,0
vllm::unquantized_gemm,,,6.243,23.341,0,8.6405,0,7.3805
aten::linear,,,1.547,17.098,0,8.6405,0,7.3805
aten::t,,,1.096,2.869,0,0,0,0
aten::transpose,,,0.808,1.773,0,0,0,0
aten::as_strided,,,0.965,0.965,0,0,0,0
aten::addmm,,,8.725,12.682,0,8.6405,0,7.3805
empty_tensor,,,1.686,1.686,0,0,0,0
aclnnAddmm,,,2.271,2.271,8.6405,8.6405,7.3805,7.3805
aten::split_with_sizes,,,2.329,4.551,0,0,0,0
aten::as_strided,,,0.954,0.954,0,0,0,0
aten::as_strided,,,0.675,0.675,0,0,0,0
aten::as_strided,,,0.593,0.593,0,0,0,0
vllm::npu_rotary_embedding,,,307.61,325.697,0,2.9805,0,0
aten::view,,,1.455,1.455,0,0,0,0
aten::view,,,0.717,0.717,0,0,0,0
_triton_rope,,,12.759,12.759,2.9805,2.9805,0,0
aten::view,,,2.2,2.2,0,0,0,0
aten::view,,,0.956,0.956,0,0,0,0
aten::empty,,,1.121,5.678,0,0,0,0
empty_tensor,,,4.557,4.557,0,0,0,0
aten::view,,,1.471,1.471,0,0,0,0
aten::view,,,1.02,1.02,0,0,0,0
aten::view,,,0.909,0.909,0,0,0,0
aten::view,,,0.658,0.658,0,0,0,0
vllm::unified_attention_with_output,,,223.788,1558.453,0,24.1605,0,0
P12/B/0297/attention,,,613.348,1334.665,0,24.1605,0,0
aten::slice,,,2.312,4.76,0,0,0,0
aten::as_strided,,,2.448,2.448,0,0,0,0
aten::slice,,,0.508,1.148,0,0,0,0
aten::as_strided,,,0.64,0.64,0,0,0,0
aten::slice,,,3.881,5.082,0,0,0,0
aten::as_strided,,,1.201,1.201,0,0,0,0
P12/B/0298/cache_write,,,205.772,234.117,0,1.62,0,0
atb::_npu_reshape_and_cache,,,23.691,28.345,0,1.62,0,0
ReshapeCacheOperation,,,4.654,4.654,1.62,1.62,0,0
P12/B/0299/fia,,,343.345,454.121,0,22.540499999999998,0,0
aten::view,,,5.533,5.533,0,0,0,0
aten::view,,,1.569,1.569,0,0,0,0
aten::slice,,,1.767,3.418,0,0,0,0
aten::as_strided,,,1.651,1.651,0,0,0,0
npu::npu_fused_infer_attention_score,,,53.136,70.985,0,21.9805,0,0
empty_tensor,,,6.63,6.63,0,0,0,0
empty_tensor,,,2.549,2.549,0,0,0,0
empty_tensor,,,1.502,1.502,0,0,0,0
empty_tensor,,,3.081,3.081,0,0,0,0
aclnnFusedInferAttentionScoreV3,,,4.087,4.087,21.9805,21.9805,0,0
aten::view,,,1.27,1.27,0,0,0,0
aten::slice,,,1.077,2.262,0,0,0,0
aten::as_strided,,,1.185,1.185,0,0,0,0
aten::copy_,,,24.37,25.739,0,0.56,0,0
aclnnInplaceCopy,,,1.369,1.369,0.56,0.56,0,0
aten::slice,,,1.124,2.495,0,0,0,0
aten::as_strided,,,1.371,1.371,0,0,0,0
aten::copy_,,,16.224,19.594,0,0,0,0
aclnnInplaceCopy,,,3.37,3.37,0,0,0,0
aten::view,,,2.11,2.11,0,0,0,0
vllm::unquantized_gemm,,,10.782,37.127,0,5.5405,0,5.5405
aten::linear,,,2.0,26.345,0,5.5405,0,5.5405
aten::t,,,3.069,6.396,0,0,0,0
aten::transpose,,,1.462,3.327,0,0,0,0
aten::as_strided,,,1.865,1.865,0,0,0,0
aten::matmul,,,9.118,17.949,0,5.5405,0,5.5405
empty_tensor,,,5.081,5.081,0,0,0,0
aclnnMatmul,,,3.75,3.75,5.5405,5.5405,5.5405,5.5405
vllm::maybe_chunk_residual,,,8.14,8.14,0,0,0,0
_C_ascend::npu_add_rms_norm_bias,,,20.75,36.911,0,1.74,0,0
aten::empty,,,1.291,4.481,0,0,0,0
empty_tensor,,,3.19,3.19,0,0,0,0
aten::empty,,,0.554,2.315,0,0,0,0
empty_tensor,,,1.761,1.761,0,0,0,0
aten::empty,,,0.424,2.188,0,0,0,0
empty_tensor,,,1.764,1.764,0,0,0,0
aten::empty,,,0.609,3.412,0,0,0,0
empty_tensor,,,2.803,2.803,0,0,0,0
aclnnAddRmsNormBias,,,3.765,3.765,1.74,1.74,0,0
vllm::unquantized_gemm,,,6.031,20.69,0,19.6205,0,19.6205
aten::linear,,,1.284,14.659,0,19.6205,0,19.6205
aten::t,,,1.461,3.543,0,0,0,0
aten::transpose,,,0.752,2.082,0,0,0,0
aten::as_strided,,,1.33,1.33,0,0,0,0
aten::matmul,,,4.563,9.832,0,19.6205,0,19.6205
empty_tensor,,,2.018,2.018,0,0,0,0
aclnnMatmul,,,3.251,3.251,19.6205,19.6205,19.6205,19.6205
npu::npu_swiglu,,,12.433,25.521,0,3.12,0,0
empty_tensor,,,2.142,2.142,0,0,0,0
aclnnSwiGlu,,,10.946,10.946,3.12,3.12,0,0
vllm::unquantized_gemm,,,5.203,15.937,0,16.4605,0,16.4605
aten::linear,,,0.957,10.734,0,16.4605,0,16.4605
aten::t,,,0.998,3.01,0,0,0,0
aten::transpose,,,0.655,2.012,0,0,0,0
aten::as_strided,,,1.357,1.357,0,0,0,0
aten::matmul,,,3.365,6.767,0,16.4605,0,16.4605
empty_tensor,,,1.615,1.615,0,0,0,0
aclnnMatmul,,,1.787,1.787,16.4605,16.4605,16.4605,16.4605
vllm::maybe_chunk_residual,,,6.755,6.755,0,0,0,0
_C_ascend::npu_add_rms_norm_bias,,,10.998,21.725,0,1.7,0,0
aten::empty,,,0.572,2.232,0,0,0,0
empty_tensor,,,1.66,1.66,0,0,0,0
aten::empty,,,0.417,1.771,0,0,0,0
empty_tensor,,,1.354,1.354,0,0,0,0
aten::empty,,,0.402,2.042,0,0,0,0
empty_tensor,,,1.64,1.64,0,0,0,0
aten::empty,,,0.427,2.503,0,0,0,0
empty_tensor,,,2.076,2.076,0,0,0,0
aclnnAddRmsNormBias,,,2.179,2.179,1.7,1.7,0,0
vllm::unquantized_gemm,,,7.198,22.346,0,8.2405,0,7.0605
aten::linear,,,1.444,15.148,0,8.2405,0,7.0605
aten::t,,,0.798,2.279,0,0,0,0
aten::transpose,,,0.585,1.481,0,0,0,0
aten::as_strided,,,0.896,0.896,0,0,0,0
aten::addmm,,,7.477,11.425,0,8.2405,0,7.0605
empty_tensor,,,1.975,1.975,0,0,0,0
aclnnAddmm,,,1.973,1.973,8.2405,8.2405,7.0605,7.0605
aten::split_with_sizes,,,2.259,4.809,0,0,0,0
aten::as_strided,,,0.853,0.853,0,0,0,0
aten::as_strided,,,1.149,1.149,0,0,0,0
aten::as_strided,,,0.548,0.548,0,0,0,0
vllm::npu_rotary_embedding,,,328.675,337.802,0,2.84,0,0
aten::view,,,1.262,1.262,0,0,0,0
aten::view,,,0.581,0.581,0,0,0,0
_triton_rope,,,4.631,4.631,2.84,2.84,0,0
aten::view,,,1.671,1.671,0,0,0,0
aten::view,,,0.982,0.982,0,0,0,0
aten::empty,,,1.005,4.389,0,0,0,0
empty_tensor,,,3.384,3.384,0,0,0,0
aten::view,,,1.027,1.027,0,0,0,0
aten::view,,,0.963,0.963,0,0,0,0
aten::view,,,1.21,1.21,0,0,0,0
aten::view,,,1.102,1.102,0,0,0,0
vllm::unified_attention_with_output,,,224.498,1520.322,0,20.381,0,0
P12/B/0300/attention,,,599.046,1295.824,0,20.381,0,0
aten::slice,,,2.245,4.552,0,0,0,0
aten::as_strided,,,2.307,2.307,0,0,0,0
aten::slice,,,0.66,1.193,0,0,0,0
aten::as_strided,,,0.533,0.533,0,0,0,0
aten::slice,,,3.637,4.769,0,0,0,0
aten::as_strided,,,1.132,1.132,0,0,0,0
P12/B/0301/cache_write,,,178.157,205.759,0,1.54,0,0
atb::_npu_reshape_and_cache,,,23.042,27.602,0,1.54,0,0
ReshapeCacheOperation,,,4.56,4.56,1.54,1.54,0,0
P12/B/0302/fia,,,336.798,459.432,0,18.840999999999998,0,0
aten::view,,,5.752,5.752,0,0,0,0
aten::view,,,4.464,4.464,0,0,0,0
aten::slice,,,2.197,4.067,0,0,0,0
aten::as_strided,,,1.87,1.87,0,0,0,0
npu::npu_fused_infer_attention_score,,,51.387,67.617,0,18.281,0,0
empty_tensor,,,6.997,6.997,0,0,0,0
empty_tensor,,,2.129,2.129,0,0,0,0
empty_tensor,,,1.297,1.297,0,0,0,0
empty_tensor,,,1.327,1.327,0,0,0,0
aclnnFusedInferAttentionScoreV3,,,4.48,4.48,18.281,18.281,0,0
aten::view,,,1.24,1.24,0,0,0,0
aten::slice,,,0.927,2.203,0,0,0,0
aten::as_strided,,,1.276,1.276,0,0,0,0
aten::copy_,,,24.295,37.291,0,0.56,0,0
aclnnInplaceCopy,,,12.996,12.996,0.56,0.56,0,0
aten::slice,,,1.055,2.5,0,0,0,0
aten::as_strided,,,1.445,1.445,0,0,0,0
aten::copy_,,,16.129,18.573,0,0,0,0
aclnnInplaceCopy,,,2.444,2.444,0,0,0,0
aten::view,,,1.977,1.977,0,0,0,0
vllm::unquantized_gemm,,,8.287,30.105,0,5.52,0,5.52
aten::linear,,,1.785,21.818,0,5.52,0,5.52
aten::t,,,2.718,5.403,0,0,0,0
aten::transpose,,,1.226,2.685,0,0,0,0
aten::as_strided,,,1.459,1.459,0,0,0,0
aten::matmul,,,7.663,14.63,0,5.52,0,5.52
empty_tensor,,,4.654,4.654,0,0,0,0
aclnnMatmul,,,2.313,2.313,5.52,5.52,5.52,5.52
vllm::maybe_chunk_residual,,,5.814,5.814,0,0,0,0
_C_ascend::npu_add_rms_norm_bias,,,15.476,27.942,0,1.72,0,0
aten::empty,,,1.082,3.072,0,0,0,0
empty_tensor,,,1.99,1.99,0,0,0,0
aten::empty,,,0.501,1.759,0,0,0,0
empty_tensor,,,1.258,1.258,0,0,0,0
aten::empty,,,0.234,2.66,0,0,0,0
empty_tensor,,,2.426,2.426,0,0,0,0
aten::empty,,,0.338,2.721,0,0,0,0
empty_tensor,,,2.383,2.383,0,0,0,0
aclnnAddRmsNormBias,,,2.254,2.254,1.72,1.72,0,0
vllm::unquantized_gemm,,,4.245,14.105,0,20.681,0,20.681
aten::linear,,,0.863,9.86,0,20.681,0,20.681
aten::t,,,0.977,2.576,0,0,0,0
aten::transpose,,,0.628,1.599,0,0,0,0
aten::as_strided,,,0.971,0.971,0,0,0,0
aten::matmul,,,3.194,6.421,0,20.681,0,20.681
empty_tensor,,,1.353,1.353,0,0,0,0
aclnnMatmul,,,1.874,1.874,20.681,20.681,20.681,20.681
npu::npu_swiglu,,,9.313,12.125,0,3.02,0,0
empty_tensor,,,1.011,1.011,0,0,0,0
aclnnSwiGlu,,,1.801,1.801,3.02,3.02,0,0
vllm::unquantized_gemm,,,3.9,11.998,0,16.2605,0,16.2605
aten::linear,,,0.702,8.098,0,16.2605,0,16.2605
aten::t,,,0.635,1.633,0,0,0,0
aten::transpose,,,0.398,0.998,0,0,0,0
aten::as_strided,,,0.6,0.6,0,0,0,0
aten::matmul,,,2.349,5.763,0,16.2605,0,16.2605
empty_tensor,,,1.088,1.088,0,0,0,0
aclnnMatmul,,,2.326,2.326,16.2605,16.2605,16.2605,16.2605
vllm::maybe_chunk_residual,,,6.372,6.372,0,0,0,0
_C_ascend::npu_add_rms_norm_bias,,,12.685,27.906,0,2.26,0,0
aten::empty,,,0.578,2.286,0,0,0,0
empty_tensor,,,1.708,1.708,0,0,0,0
aten::empty,,,0.421,1.966,0,0,0,0
empty_tensor,,,1.545,1.545,0,0,0,0
aten::empty,,,0.618,2.252,0,0,0,0
empty_tensor,,,1.634,1.634,0,0,0,0
aten::empty,,,0.749,2.456,0,0,0,0
empty_tensor,,,1.707,1.707,0,0,0,0
aclnnAddRmsNormBias,,,6.261,6.261,2.26,2.26,0,0
vllm::unquantized_gemm,,,6.104,23.206,0,7.9205,0,6.7805
aten::linear,,,2.207,17.102,0,7.9205,0,6.7805
aten::t,,,0.934,3.064,0,0,0,0
aten::transpose,,,1.125,2.13,0,0,0,0
aten::as_strided,,,1.005,1.005,0,0,0,0
aten::addmm,,,7.192,11.831,0,7.9205,0,6.7805
empty_tensor,,,1.766,1.766,0,0,0,0
aclnnAddmm,,,2.873,2.873,7.9205,7.9205,6.7805,6.7805
aten::split_with_sizes,,,2.553,4.762,0,0,0,0
aten::as_strided,,,0.902,0.902,0,0,0,0
aten::as_strided,,,0.617,0.617,0,0,0,0
aten::as_strided,,,0.69,0.69,0,0,0,0
vllm::npu_rotary_embedding,,,324.421,332.936,0,2.82,0,0
aten::view,,,1.372,1.372,0,0,0,0
aten::view,,,0.669,0.669,0,0,0,0
_triton_rope,,,3.767,3.767,2.82,2.82,0,0
aten::view,,,1.777,1.777,0,0,0,0
aten::view,,,0.93,0.93,0,0,0,0
aten::empty,,,0.951,4.634,0,0,0,0
empty_tensor,,,3.683,3.683,0,0,0,0
aten::view,,,1.158,1.158,0,0,0,0
aten::view,,,0.948,0.948,0,0,0,0
aten::view,,,1.097,1.097,0,0,0,0
aten::view,,,0.737,0.737,0,0,0,0
vllm::unified_attention_with_output,,,221.191,1489.52,0,25.941,0,0
P12/B/0303/attention,,,579.497,1268.329,0,25.941,0,0
aten::slice,,,2.512,5.006,0,0,0,0
aten::as_strided,,,2.494,2.494,0,0,0,0
aten::slice,,,0.723,1.463,0,0,0,0
aten::as_strided,,,0.74,0.74,0,0,0,0
aten::slice,,,4.656,5.711,0,0,0,0
aten::as_strided,,,1.055,1.055,0,0,0,0
P12/B/0304/cache_write,,,178.822,207.558,0,1.5,0,0
atb::_npu_reshape_and_cache,,,23.385,28.736,0,1.5,0,0
ReshapeCacheOperation,,,5.351,5.351,1.5,1.5,0,0
P12/B/0305/fia,,,337.051,445.701,0,24.441,0,0
aten::view,,,4.995,4.995,0,0,0,0
aten::view,,,1.768,1.768,0,0,0,0
aten::slice,,,1.672,3.151,0,0,0,0
aten::as_strided,,,1.479,1.479,0,0,0,0
npu::npu_fused_infer_attention_score,,,49.162,65.254,0,23.881,0,0
empty_tensor,,,6.722,6.722,0,0,0,0
empty_tensor,,,2.16,2.16,0,0,0,0
empty_tensor,,,2.032,2.032,0,0,0,0
empty_tensor,,,1.041,1.041,0,0,0,0
aclnnFusedInferAttentionScoreV3,,,4.137,4.137,23.881,23.881,0,0
aten::view,,,1.369,1.369,0,0,0,0
aten::slice,,,1.075,2.255,0,0,0,0
aten::as_strided,,,1.18,1.18,0,0,0,0
aten::copy_,,,26.108,29.858,0,0.56,0,0
aclnnInplaceCopy,,,3.75,3.75,0.56,0.56,0,0
aten::slice,,,1.282,2.66,0,0,0,0
aten::as_strided,,,1.378,1.378,0,0,0,0
aten::copy_,,,17.793,20.733,0,0,0,0
aclnnInplaceCopy,,,2.94,2.94,0,0,0,0
aten::view,,,2.093,2.093,0,0,0,0
vllm::unquantized_gemm,,,10.109,37.255,0,5.7005,0,5.7005
aten::linear,,,2.147,27.146,0,5.7005,0,5.7005
aten::t,,,3.11,6.298,0,0,0,0
aten::transpose,,,1.564,3.188,0,0,0,0
aten::as_strided,,,1.624,1.624,0,0,0,0
aten::matmul,,,9.945,18.701,0,5.7005,0,5.7005
empty_tensor,,,5.064,5.064,0,0,0,0
aclnnMatmul,,,3.692,3.692,5.7005,5.7005,5.7005,5.7005
vllm::maybe_chunk_residual,,,8.035,8.035,0,0,0,0
_C_ascend::npu_add_rms_norm_bias,,,19.607,44.819,0,1.7,0,0
aten::empty,,,1.312,4.223,0,0,0,0
empty_tensor,,,2.911,2.911,0,0,0,0
aten::empty,,,0.569,2.285,0,0,0,0
empty_tensor,,,1.716,1.716,0,0,0,0
aten::empty,,,0.394,2.435,0,0,0,0
empty_tensor,,,2.041,2.041,0,0,0,0
aten::empty,,,0.763,3.816,0,0,0,0
empty_tensor,,,3.053,3.053,0,0,0,0
aclnnAddRmsNormBias,,,12.453,12.453,1.7,1.7,0,0
vllm::unquantized_gemm,,,6.863,21.605,0,20.541,0,20.541
aten::linear,,,1.47,14.742,0,20.541,0,20.541
aten::t,,,1.524,3.648,0,0,0,0
aten::transpose,,,0.781,2.124,0,0,0,0
aten::as_strided,,,1.343,1.343,0,0,0,0
aten::matmul,,,4.971,9.624,0,20.541,0,20.541
empty_tensor,,,2.33,2.33,0,0,0,0
aclnnMatmul,,,2.323,2.323,20.541,20.541,20.541,20.541
npu::npu_swiglu,,,13.248,17.021,0,3.98,0,0
empty_tensor,,,1.655,1.655,0,0,0,0
aclnnSwiGlu,,,2.118,2.118,3.98,3.98,0,0
vllm::unquantized_gemm,,,5.522,16.196,0,16.6005,0,16.6005
aten::linear,,,0.931,10.674,0,16.6005,0,16.6005
aten::t,,,0.792,2.352,0,0,0,0
aten::transpose,,,0.577,1.56,0,0,0,0
aten::as_strided,,,0.983,0.983,0,0,0,0
aten::matmul,,,3.284,7.391,0,16.6005,0,16.6005
empty_tensor,,,2.191,2.191,0,0,0,0
aclnnMatmul,,,1.916,1.916,16.6005,16.6005,16.6005,16.6005
vllm::maybe_chunk_residual,,,6.817,6.817,0,0,0,0
_C_ascend::npu_add_rms_norm_bias,,,11.012,21.996,0,1.72,0,0
aten::empty,,,0.595,2.344,0,0,0,0
empty_tensor,,,1.749,1.749,0,0,0,0
aten::empty,,,0.388,2.178,0,0,0,0
empty_tensor,,,1.79,1.79,0,0,0,0
aten::empty,,,0.583,2.112,0,0,0,0
empty_tensor,,,1.529,1.529,0,0,0,0
aten::empty,,,0.473,2.155,0,0,0,0
empty_tensor,,,1.682,1.682,0,0,0,0
aclnnAddRmsNormBias,,,2.195,2.195,1.72,1.72,0,0
vllm::unquantized_gemm,,,6.377,21.489,0,8.6205,0,7.4005
aten::linear,,,1.633,15.112,0,8.6205,0,7.4005
aten::t,,,1.048,2.66,0,0,0,0
aten::transpose,,,0.612,1.612,0,0,0,0
aten::as_strided,,,1.0,1.0,0,0,0,0
aten::addmm,,,7.001,10.819,0,8.6205,0,7.4005
empty_tensor,,,1.638,1.638,0,0,0,0
aclnnAddmm,,,2.18,2.18,8.6205,8.6205,7.4005,7.4005
aten::split_with_sizes,,,2.382,6.141,0,0,0,0
aten::as_strided,,,2.799,2.799,0,0,0,0
aten::as_strided,,,0.514,0.514,0,0,0,0
aten::as_strided,,,0.446,0.446,0,0,0,0
vllm::npu_rotary_embedding,,,317.666,327.783,0,3.0405,0,0
aten::view,,,1.277,1.277,0,0,0,0
aten::view,,,0.605,0.605,0,0,0,0
_triton_rope,,,5.162,5.162,3.0405,3.0405,0,0
aten::view,,,2.146,2.146,0,0,0,0
aten::view,,,0.927,0.927,0,0,0,0
aten::empty,,,1.053,4.805,0,0,0,0
empty_tensor,,,3.752,3.752,0,0,0,0
aten::view,,,1.145,1.145,0,0,0,0
aten::view,,,1.952,1.952,0,0,0,0
aten::view,,,0.75,0.75,0,0,0,0
aten::view,,,0.828,0.828,0,0,0,0
vllm::unified_attention_with_output,,,207.884,1596.384,0,25.821,0,0
P12/B/0306/attention,,,608.205,1388.5,0,25.821,0,0
aten::slice,,,2.424,4.645,0,0,0,0
aten::as_strided,,,2.221,2.221,0,0,0,0
aten::slice,,,0.434,0.944,0,0,0,0
aten::as_strided,,,0.51,0.51,0,0,0,0
aten::slice,,,3.211,4.26,0,0,0,0
aten::as_strided,,,1.049,1.049,0,0,0,0
P12/B/0307/cache_write,,,176.478,199.365,0,1.7,0,0
atb::_npu_reshape_and_cache,,,19.441,22.887,0,1.7,0,0
ReshapeCacheOperation,,,3.446,3.446,1.7,1.7,0,0
P12/B/0308/fia,,,432.059,552.328,0,24.121,0,0
aten::view,,,5.517,5.517,0,0,0,0
aten::view,,,1.659,1.659,0,0,0,0
aten::slice,,,1.864,3.497,0,0,0,0
aten::as_strided,,,1.633,1.633,0,0,0,0
npu::npu_fused_infer_attention_score,,,48.637,77.158,0,23.541,0,0
empty_tensor,,,10.847,10.847,0,0,0,0
empty_tensor,,,1.52,1.52,0,0,0,0
empty_tensor,,,0.852,0.852,0,0,0,0
empty_tensor,,,0.679,0.679,0,0,0,0
aclnnFusedInferAttentionScoreV3,,,14.623,14.623,23.541,23.541,0,0
aten::view,,,3.365,3.365,0,0,0,0
aten::slice,,,2.752,4.768,0,0,0,0
aten::as_strided,,,2.016,2.016,0,0,0,0
aten::copy_,,,22.114,24.305,0,0.58,0,0
aclnnInplaceCopy,,,2.191,2.191,0.58,0.58,0,0
aten::slice,,,1.237,2.439,0,0,0,0
aten::as_strided,,,1.202,1.202,0,0,0,0
aten::copy_,,,13.934,16.314,0,0,0,0
aclnnInplaceCopy,,,2.38,2.38,0,0,0,0
aten::view,,,1.631,1.631,0,0,0,0
vllm::unquantized_gemm,,,8.722,31.57,0,5.54,0,5.54
aten::linear,,,1.779,22.848,0,5.54,0,5.54
aten::t,,,5.497,7.942,0,0,0,0
aten::transpose,,,1.261,2.445,0,0,0,0
aten::as_strided,,,1.184,1.184,0,0,0,0
aten::matmul,,,6.859,13.127,0,5.54,0,5.54
empty_tensor,,,3.839,3.839,0,0,0,0
aclnnMatmul,,,2.429,2.429,5.54,5.54,5.54,5.54
vllm::maybe_chunk_residual,,,6.384,6.384,0,0,0,0
_C_ascend::npu_add_rms_norm_bias,,,15.697,26.986,0,1.74,0,0
aten::empty,,,1.122,3.148,0,0,0,0
empty_tensor,,,2.026,2.026,0,0,0,0
aten::empty,,,0.474,1.794,0,0,0,0
empty_tensor,,,1.32,1.32,0,0,0,0
aten::empty,,,0.484,1.238,0,0,0,0
empty_tensor,,,0.754,0.754,0,0,0,0
aten::empty,,,0.375,2.38,0,0,0,0
empty_tensor,,,2.005,2.005,0,0,0,0
aclnnAddRmsNormBias,,,2.729,2.729,1.74,1.74,0,0
vllm::unquantized_gemm,,,4.315,14.541,0,22.101,0,22.101
aten::linear,,,0.869,10.226,0,22.101,0,22.101
aten::t,,,0.863,2.109,0,0,0,0
aten::transpose,,,0.471,1.246,0,0,0,0
aten::as_strided,,,0.775,0.775,0,0,0,0
aten::matmul,,,3.394,7.248,0,22.101,0,22.101
empty_tensor,,,1.278,1.278,0,0,0,0
aclnnMatmul,,,2.576,2.576,22.101,22.101,22.101,22.101
npu::npu_swiglu,,,9.81,16.241,0,2.96,0,0
empty_tensor,,,2.045,2.045,0,0,0,0
aclnnSwiGlu,,,4.386,4.386,2.96,2.96,0,0
vllm::unquantized_gemm,,,3.738,15.216,0,16.261,0,16.261
aten::linear,,,0.624,11.478,0,16.261,0,16.261
aten::t,,,0.583,1.498,0,0,0,0
aten::transpose,,,0.379,0.915,0,0,0,0
aten::as_strided,,,0.536,0.536,0,0,0,0
aten::matmul,,,2.414,9.356,0,16.261,0,16.261
empty_tensor,,,1.272,1.272,0,0,0,0
aclnnMatmul,,,5.67,5.67,16.261,16.261,16.261,16.261
vllm::maybe_chunk_residual,,,4.286,4.286,0,0,0,0
_C_ascend::npu_add_rms_norm_bias,,,10.736,19.04,0,1.7205,0,0
aten::empty,,,0.379,1.515,0,0,0,0
empty_tensor,,,1.136,1.136,0,0,0,0
aten::empty,,,0.326,1.626,0,0,0,0
empty_tensor,,,1.3,1.3,0,0,0,0
aten::empty,,,0.203,1.062,0,0,0,0
empty_tensor,,,0.859,0.859,0,0,0,0
aten::empty,,,0.313,1.655,0,0,0,0
empty_tensor,,,1.342,1.342,0,0,0,0
aclnnAddRmsNormBias,,,2.446,2.446,1.7205,1.7205,0,0
vllm::unquantized_gemm,,,4.399,16.912,0,8.0605,0,6.8405
aten::linear,,,1.366,12.513,0,8.0605,0,6.8405
aten::t,,,0.591,1.823,0,0,0,0
aten::transpose,,,0.533,1.232,0,0,0,0
aten::as_strided,,,0.699,0.699,0,0,0,0
aten::addmm,,,5.721,9.324,0,8.0605,0,6.8405
empty_tensor,,,1.307,1.307,0,0,0,0
aclnnAddmm,,,2.296,2.296,8.0605,8.0605,6.8405,6.8405
aten::split_with_sizes,,,1.873,3.292,0,0,0,0
aten::as_strided,,,0.616,0.616,0,0,0,0
aten::as_strided,,,0.404,0.404,0,0,0,0
aten::as_strided,,,0.399,0.399,0,0,0,0
vllm::npu_rotary_embedding,,,211.962,217.861,0,3.14,0,0
aten::view,,,1.037,1.037,0,0,0,0
aten::view,,,0.372,0.372,0,0,0,0
_triton_rope,,,2.8,2.8,3.14,3.14,0,0
aten::view,,,1.058,1.058,0,0,0,0
aten::view,,,0.632,0.632,0,0,0,0
aten::empty,,,0.528,2.344,0,0,0,0
empty_tensor,,,1.816,1.816,0,0,0,0
aten::view,,,0.654,0.654,0,0,0,0
aten::view,,,0.451,0.451,0,0,0,0
aten::view,,,0.53,0.53,0,0,0,0
aten::view,,,0.493,0.493,0,0,0,0
vllm::unified_attention_with_output,,,161.11,1049.223,0,22.601,0,0
P12/B/0309/attention,,,416.785,888.113,0,22.601,0,0
aten::slice,,,1.69,3.135,0,0,0,0
aten::as_strided,,,1.445,1.445,0,0,0,0
aten::slice,,,0.324,0.63,0,0,0,0
aten::as_strided,,,0.306,0.306,0,0,0,0
aten::slice,,,2.834,3.61,0,0,0,0
aten::as_strided,,,0.776,0.776,0,0,0,0
P12/B/0310/cache_write,,,112.387,138.405,0,1.74,0,0
atb::_npu_reshape_and_cache,,,23.492,26.018,0,1.74,0,0
ReshapeCacheOperation,,,2.526,2.526,1.74,1.74,0,0
P12/B/0311/fia,,,228.334,310.375,0,20.860999999999997,0,0
aten::view,,,3.207,3.207,0,0,0,0
aten::view,,,1.013,1.013,0,0,0,0
aten::slice,,,0.944,2.754,0,0,0,0
aten::as_strided,,,1.81,1.81,0,0,0,0
npu::npu_fused_infer_attention_score,,,42.687,52.142,0,20.301,0,0
empty_tensor,,,3.77,3.77,0,0,0,0
empty_tensor,,,1.44,1.44,0,0,0,0
empty_tensor,,,0.957,0.957,0,0,0,0
empty_tensor,,,0.898,0.898,0,0,0,0
aclnnFusedInferAttentionScoreV3,,,2.39,2.39,20.301,20.301,0,0
aten::view,,,0.944,0.944,0,0,0,0
aten::slice,,,0.619,1.414,0,0,0,0
aten::as_strided,,,0.795,0.795,0,0,0,0
aten::copy_,,,19.524,20.567,0,0.56,0,0
aclnnInplaceCopy,,,1.043,1.043,0.56,0.56,0,0
aten::slice,,,0.704,1.381,0,0,0,0
aten::as_strided,,,0.677,0.677,0,0,0,0
aten::copy_,,,11.534,13.792,0,0,0,0
aclnnInplaceCopy,,,2.258,2.258,0,0,0,0
aten::view,,,1.077,1.077,0,0,0,0
vllm::unquantized_gemm,,,7.468,32.097,0,5.36,0,5.36
aten::linear,,,1.609,24.629,0,5.36,0,5.36
aten::t,,,2.101,4.295,0,0,0,0
aten::transpose,,,1.131,2.194,0,0,0,0
aten::as_strided,,,1.063,1.063,0,0,0,0
aten::matmul,,,6.103,18.725,0,5.36,0,5.36
empty_tensor,,,2.747,2.747,0,0,0,0
aclnnMatmul,,,9.875,9.875,5.36,5.36,5.36,5.36
vllm::maybe_chunk_residual,,,5.317,5.317,0,0,0,0
_C_ascend::npu_add_rms_norm_bias,,,13.584,25.807,0,1.7005,0,0
aten::empty,,,0.959,2.866,0,0,0,0
empty_tensor,,,1.907,1.907,0,0,0,0
aten::empty,,,0.373,1.694,0,0,0,0
empty_tensor,,,1.321,1.321,0,0,0,0
aten::empty,,,0.461,1.439,0,0,0,0
empty_tensor,,,0.978,0.978,0,0,0,0
aten::empty,,,0.385,4.218,0,0,0,0
empty_tensor,,,3.833,3.833,0,0,0,0
aclnnAddRmsNormBias,,,2.006,2.006,1.7005,1.7005,0,0
vllm::unquantized_gemm,,,4.188,13.593,0,19.001,0,19.001
aten::linear,,,1.091,9.405,0,19.001,0,19.001
aten::t,,,0.969,2.419,0,0,0,0
aten::transpose,,,0.612,1.45,0,0,0,0
aten::as_strided,,,0.838,0.838,0,0,0,0
aten::matmul,,,2.941,5.895,0,19.001,0,19.001
empty_tensor,,,1.398,1.398,0,0,0,0
aclnnMatmul,,,1.556,1.556,19.001,19.001,19.001,19.001
npu::npu_swiglu,,,9.173,12.089,0,3.0,0,0
empty_tensor,,,1.453,1.453,0,0,0,0
aclnnSwiGlu,,,1.463,1.463,3.0,3.0,0,0
vllm::unquantized_gemm,,,3.611,12.211,0,16.2405,0,16.2405
aten::linear,,,0.779,8.6,0,16.2405,0,16.2405
aten::t,,,0.815,1.754,0,0,0,0
aten::transpose,,,0.423,0.939,0,0,0,0
aten::as_strided,,,0.516,0.516,0,0,0,0
aten::matmul,,,3.115,6.067,0,16.2405,0,16.2405
empty_tensor,,,1.262,1.262,0,0,0,0
aclnnMatmul,,,1.69,1.69,16.2405,16.2405,16.2405,16.2405
vllm::maybe_chunk_residual,,,4.055,4.055,0,0,0,0
_C_ascend::npu_add_rms_norm_bias,,,7.335,14.978,0,1.74,0,0
aten::empty,,,0.505,1.643,0,0,0,0
empty_tensor,,,1.138,1.138,0,0,0,0
aten::empty,,,0.229,1.005,0,0,0,0
empty_tensor,,,0.776,0.776,0,0,0,0
aten::empty,,,0.3,1.511,0,0,0,0
empty_tensor,,,1.211,1.211,0,0,0,0
aten::empty,,,0.473,1.849,0,0,0,0
empty_tensor,,,1.376,1.376,0,0,0,0
aclnnAddRmsNormBias,,,1.635,1.635,1.74,1.74,0,0
vllm::unquantized_gemm,,,4.276,16.469,0,8.3605,0,7.16
aten::linear,,,1.085,12.193,0,8.3605,0,7.16
aten::t,,,0.66,2.292,0,0,0,0
aten::transpose,,,0.867,1.632,0,0,0,0
aten::as_strided,,,0.765,0.765,0,0,0,0
aten::addmm,,,5.464,8.816,0,8.3605,0,7.16
empty_tensor,,,1.015,1.015,0,0,0,0
aclnnAddmm,,,2.337,2.337,8.3605,8.3605,7.16,7.16
aten::split_with_sizes,,,1.411,2.876,0,0,0,0
aten::as_strided,,,0.579,0.579,0,0,0,0
aten::as_strided,,,0.442,0.442,0,0,0,0
aten::as_strided,,,0.444,0.444,0,0,0,0
vllm::npu_rotary_embedding,,,206.62,216.341,0,3.04,0,0
aten::view,,,2.351,2.351,0,0,0,0
aten::view,,,0.438,0.438,0,0,0,0
_triton_rope,,,5.202,5.202,3.04,3.04,0,0
aten::view,,,0.998,0.998,0,0,0,0
aten::view,,,0.732,0.732,0,0,0,0
aten::empty,,,0.515,2.462,0,0,0,0
empty_tensor,,,1.947,1.947,0,0,0,0
aten::view,,,0.86,0.86,0,0,0,0
aten::view,,,0.667,0.667,0,0,0,0
aten::view,,,0.409,0.409,0,0,0,0
aten::view,,,0.423,0.423,0,0,0,0
vllm::unified_attention_with_output,,,143.645,973.962,0,23.160999999999998,0,0
P12/B/0312/attention,,,382.138,830.317,0,23.160999999999998,0,0
aten::slice,,,1.211,2.446,0,0,0,0
aten::as_strided,,,1.235,1.235,0,0,0,0
aten::slice,,,0.501,0.838,0,0,0,0
aten::as_strided,,,0.337,0.337,0,0,0,0
aten::slice,,,2.884,3.578,0,0,0,0
aten::as_strided,,,0.694,0.694,0,0,0,0
P12/B/0313/cache_write,,,105.61,125.632,0,1.5605,0,0
atb::_npu_reshape_and_cache,,,17.469,20.022,0,1.5605,0,0
ReshapeCacheOperation,,,2.553,2.553,1.5605,1.5605,0,0
P12/B/0314/fia,,,228.597,303.678,0,21.600499999999997,0,0
aten::view,,,2.924,2.924,0,0,0,0
aten::view,,,1.196,1.196,0,0,0,0
aten::slice,,,0.972,1.819,0,0,0,0
aten::as_strided,,,0.847,0.847,0,0,0,0
npu::npu_fused_infer_attention_score,,,37.541,47.354,0,21.0205,0,0
empty_tensor,,,3.847,3.847,0,0,0,0
empty_tensor,,,1.445,1.445,0,0,0,0
empty_tensor,,,0.712,0.712,0,0,0,0
empty_tensor,,,0.636,0.636,0,0,0,0
aclnnFusedInferAttentionScoreV3,,,3.173,3.173,21.0205,21.0205,0,0
aten::view,,,0.793,0.793,0,0,0,0
aten::slice,,,0.555,1.279,0,0,0,0
aten::as_strided,,,0.724,0.724,0,0,0,0
aten::copy_,,,18.633,19.716,0,0.58,0,0
aclnnInplaceCopy,,,1.083,1.083,0.58,0.58,0,0
aten::slice,,,0.692,1.36,0,0,0,0
aten::as_strided,,,0.668,0.668,0,0,0,0
aten::copy_,,,8.507,10.647,0,0,0,0
aclnnInplaceCopy,,,2.14,2.14,0,0,0,0
aten::view,,,0.971,0.971,0,0,0,0
vllm::unquantized_gemm,,,7.196,24.464,0,5.58,0,5.58
aten::linear,,,1.526,17.268,0,5.58,0,5.58
aten::t,,,1.947,3.987,0,0,0,0
aten::transpose,,,1.06,2.04,0,0,0,0
aten::as_strided,,,0.98,0.98,0,0,0,0
aten::matmul,,,6.14,11.755,0,5.58,0,5.58
empty_tensor,,,3.665,3.665,0,0,0,0
aclnnMatmul,,,1.95,1.95,5.58,5.58,5.58,5.58
vllm::maybe_chunk_residual,,,5.106,5.106,0,0,0,0
_C_ascend::npu_add_rms_norm_bias,,,12.681,23.194,0,1.74,0,0
aten::empty,,,1.018,2.88,0,0,0,0
empty_tensor,,,1.862,1.862,0,0,0,0
aten::empty,,,0.322,1.522,0,0,0,0
empty_tensor,,,1.2,1.2,0,0,0,0
aten::empty,,,0.408,1.436,0,0,0,0
empty_tensor,,,1.028,1.028,0,0,0,0
aten::empty,,,0.752,2.482,0,0,0,0
empty_tensor,,,1.73,1.73,0,0,0,0
aclnnAddRmsNormBias,,,2.193,2.193,1.74,1.74,0,0
vllm::unquantized_gemm,,,4.328,13.742,0,20.5805,0,20.5805
aten::linear,,,0.701,9.414,0,20.5805,0,20.5805
aten::t,,,0.985,2.187,0,0,0,0
aten::transpose,,,0.45,1.202,0,0,0,0
aten::as_strided,,,0.752,0.752,0,0,0,0
aten::matmul,,,3.072,6.526,0,20.5805,0,20.5805
empty_tensor,,,1.571,1.571,0,0,0,0
aclnnMatmul,,,1.883,1.883,20.5805,20.5805,20.5805,20.5805
npu::npu_swiglu,,,8.912,18.894,0,3.06,0,0
empty_tensor,,,1.255,1.255,0,0,0,0
aclnnSwiGlu,,,8.727,8.727,3.06,3.06,0,0
vllm::unquantized_gemm,,,3.482,10.843,0,16.5605,0,16.5605
aten::linear,,,0.576,7.361,0,16.5605,0,16.5605
aten::t,,,0.877,1.862,0,0,0,0
aten::transpose,,,0.38,0.985,0,0,0,0
aten::as_strided,,,0.605,0.605,0,0,0,0
aten::matmul,,,2.245,4.923,0,16.5605,0,16.5605
empty_tensor,,,1.007,1.007,0,0,0,0
aclnnMatmul,,,1.671,1.671,16.5605,16.5605,16.5605,16.5605
vllm::maybe_chunk_residual,,,4.047,4.047,0,0,0,0
_C_ascend::npu_add_rms_norm_bias,,,7.38,16.079,0,1.74,0,0
aten::empty,,,0.619,1.831,0,0,0,0
empty_tensor,,,1.212,1.212,0,0,0,0
aten::empty,,,0.195,1.677,0,0,0,0
empty_tensor,,,1.482,1.482,0,0,0,0
aten::empty,,,0.197,1.409,0,0,0,0
empty_tensor,,,1.212,1.212,0,0,0,0
aten::empty,,,0.46,1.889,0,0,0,0
empty_tensor,,,1.429,1.429,0,0,0,0
aclnnAddRmsNormBias,,,1.893,1.893,1.74,1.74,0,0
vllm::unquantized_gemm,,,4.47,15.948,0,8.52,0,7.32
aten::linear,,,0.969,11.478,0,8.52,0,7.32
aten::t,,,0.686,2.063,0,0,0,0
aten::transpose,,,0.631,1.377,0,0,0,0
aten::as_strided,,,0.746,0.746,0,0,0,0
aten::addmm,,,5.547,8.446,0,8.52,0,7.32
empty_tensor,,,1.216,1.216,0,0,0,0
aclnnAddmm,,,1.683,1.683,8.52,8.52,7.32,7.32
aten::split_with_sizes,,,1.716,3.2,0,0,0,0
aten::as_strided,,,0.729,0.729,0,0,0,0
aten::as_strided,,,0.388,0.388,0,0,0,0
aten::as_strided,,,0.367,0.367,0,0,0,0
vllm::npu_rotary_embedding,,,206.263,212.302,0,2.86,0,0
aten::view,,,0.735,0.735,0,0,0,0
aten::view,,,0.462,0.462,0,0,0,0
_triton_rope,,,3.266,3.266,2.86,2.86,0,0
aten::view,,,0.975,0.975,0,0,0,0
aten::view,,,0.601,0.601,0,0,0,0
aten::empty,,,0.532,2.742,0,0,0,0
empty_tensor,,,2.21,2.21,0,0,0,0
aten::view,,,0.609,0.609,0,0,0,0
aten::view,,,0.603,0.603,0,0,0,0
aten::view,,,0.578,0.578,0,0,0,0
aten::view,,,1.064,1.064,0,0,0,0
vllm::unified_attention_with_output,,,143.053,985.046,0,20.841,0,0
P12/B/0315/attention,,,385.27,841.993,0,20.841,0,0
aten::slice,,,1.372,2.507,0,0,0,0
aten::as_strided,,,1.135,1.135,0,0,0,0
aten::slice,,,0.34,0.635,0,0,0,0
aten::as_strided,,,0.295,0.295,0,0,0,0
aten::slice,,,2.327,3.085,0,0,0,0
aten::as_strided,,,0.758,0.758,0,0,0,0
P12/B/0316/cache_write,,,112.546,132.343,0,1.58,0,0
atb::_npu_reshape_and_cache,,,17.208,19.797,0,1.58,0,0
ReshapeCacheOperation,,,2.589,2.589,1.58,1.58,0,0
P12/B/0317/fia,,,224.113,305.76,0,19.261,0,0
aten::view,,,2.861,2.861,0,0,0,0
aten::view,,,1.02,1.02,0,0,0,0
aten::slice,,,0.891,1.838,0,0,0,0
aten::as_strided,,,0.947,0.947,0,0,0,0
npu::npu_fused_infer_attention_score,,,37.258,47.501,0,18.701,0,0
empty_tensor,,,3.828,3.828,0,0,0,0
empty_tensor,,,2.32,2.32,0,0,0,0
empty_tensor,,,0.808,0.808,0,0,0,0
empty_tensor,,,0.893,0.893,0,0,0,0
aclnnFusedInferAttentionScoreV3,,,2.394,2.394,18.701,18.701,0,0
aten::view,,,0.791,0.791,0,0,0,0
aten::slice,,,0.604,1.961,0,0,0,0
aten::as_strided,,,1.357,1.357,0,0,0,0
aten::copy_,,,19.371,25.675,0,0.56,0,0
aclnnInplaceCopy,,,6.304,6.304,0.56,0.56,0,0
aten::slice,,,0.617,1.329,0,0,0,0
aten::as_strided,,,0.712,0.712,0,0,0,0
aten::copy_,,,9.356,11.064,0,0,0,0
aclnnInplaceCopy,,,1.708,1.708,0,0,0,0
aten::view,,,1.032,1.032,0,0,0,0
vllm::unquantized_gemm,,,7.068,23.568,0,5.7,0,5.7
aten::linear,,,1.499,16.5,0,5.7,0,5.7
aten::t,,,1.928,3.91,0,0,0,0
aten::transpose,,,1.057,1.982,0,0,0,0
aten::as_strided,,,0.925,0.925,0,0,0,0
aten::matmul,,,5.939,11.091,0,5.7,0,5.7
empty_tensor,,,2.789,2.789,0,0,0,0
aclnnMatmul,,,2.363,2.363,5.7,5.7,5.7,5.7
vllm::maybe_chunk_residual,,,5.104,5.104,0,0,0,0
_C_ascend::npu_add_rms_norm_bias,,,13.429,24.628,0,1.7,0,0
aten::empty,,,1.015,2.936,0,0,0,0
empty_tensor,,,1.921,1.921,0,0,0,0
aten::empty,,,0.342,1.725,0,0,0,0
empty_tensor,,,1.383,1.383,0,0,0,0
aten::empty,,,0.278,1.581,0,0,0,0
empty_tensor,,,1.303,1.303,0,0,0,0
aten::empty,,,0.455,2.175,0,0,0,0
empty_tensor,,,1.72,1.72,0,0,0,0
aclnnAddRmsNormBias,,,2.782,2.782,1.7,1.7,0,0
vllm::unquantized_gemm,,,3.91,12.984,0,18.881,0,18.881
aten::linear,,,0.719,9.074,0,18.881,0,18.881
aten::t,,,0.83,1.983,0,0,0,0
aten::transpose,,,0.462,1.153,0,0,0,0
aten::as_strided,,,0.691,0.691,0,0,0,0
aten::matmul,,,2.877,6.372,0,18.881,0,18.881
empty_tensor,,,1.374,1.374,0,0,0,0
aclnnMatmul,,,2.121,2.121,18.881,18.881,18.881,18.881
npu::npu_swiglu,,,9.349,12.376,0,3.0405,0,0
empty_tensor,,,0.964,0.964,0,0,0,0
aclnnSwiGlu,,,2.063,2.063,3.0405,3.0405,0,0
vllm::unquantized_gemm,,,3.33,10.381,0,16.2205,0,16.2205
aten::linear,,,0.501,7.051,0,16.2205,0,16.2205
aten::t,,,0.594,1.768,0,0,0,0
aten::transpose,,,0.592,1.174,0,0,0,0
aten::as_strided,,,0.582,0.582,0,0,0,0
aten::matmul,,,2.286,4.782,0,16.2205,0,16.2205
empty_tensor,,,1.141,1.141,0,0,0,0
aclnnMatmul,,,1.355,1.355,16.2205,16.2205,16.2205,16.2205
vllm::maybe_chunk_residual,,,3.965,3.965,0,0,0,0
_C_ascend::npu_add_rms_norm_bias,,,6.926,16.481,0,1.7405,0,0
aten::empty,,,0.392,1.525,0,0,0,0
empty_tensor,,,1.133,1.133,0,0,0,0
aten::empty,,,0.231,1.031,0,0,0,0
empty_tensor,,,0.8,0.8,0,0,0,0
aten::empty,,,0.329,1.419,0,0,0,0
empty_tensor,,,1.09,1.09,0,0,0,0
aten::empty,,,0.302,1.332,0,0,0,0
empty_tensor,,,1.03,1.03,0,0,0,0
aclnnAddRmsNormBias,,,4.248,4.248,1.7405,1.7405,0,0
vllm::unquantized_gemm,,,4.444,15.215,0,8.160499999999999,0,6.9205
aten::linear,,,1.076,10.771,0,8.160499999999999,0,6.9205
aten::t,,,0.672,1.667,0,0,0,0
aten::transpose,,,0.378,0.995,0,0,0,0
aten::as_strided,,,0.617,0.617,0,0,0,0
aten::addmm,,,5.191,8.028,0,8.160499999999999,0,6.9205
empty_tensor,,,1.364,1.364,0,0,0,0
aclnnAddmm,,,1.473,1.473,8.160499999999999,8.160499999999999,6.9205,6.9205
aten::split_with_sizes,,,1.477,2.692,0,0,0,0
aten::as_strided,,,0.542,0.542,0,0,0,0
aten::as_strided,,,0.255,0.255,0,0,0,0
aten::as_strided,,,0.418,0.418,0,0,0,0
vllm::npu_rotary_embedding,,,203.956,210.0,0,3.0,0,0
aten::view,,,0.744,0.744,0,0,0,0
aten::view,,,1.09,1.09,0,0,0,0
_triton_rope,,,2.537,2.537,3.0,3.0,0,0
aten::view,,,1.116,1.116,0,0,0,0
aten::view,,,0.557,0.557,0,0,0,0
aten::empty,,,0.505,2.32,0,0,0,0
empty_tensor,,,1.815,1.815,0,0,0,0
aten::view,,,0.694,0.694,0,0,0,0
aten::view,,,0.479,0.479,0,0,0,0
aten::view,,,0.643,0.643,0,0,0,0
aten::view,,,0.471,0.471,0,0,0,0
vllm::unified_attention_with_output,,,146.637,1000.017,0,24.980999999999998,0,0
P12/B/0318/attention,,,400.378,853.38,0,24.980999999999998,0,0
aten::slice,,,1.316,2.557,0,0,0,0
aten::as_strided,,,1.241,1.241,0,0,0,0
aten::slice,,,0.543,0.843,0,0,0,0
aten::as_strided,,,0.3,0.3,0,0,0,0
aten::slice,,,2.305,2.928,0,0,0,0
aten::as_strided,,,0.623,0.623,0,0,0,0
P12/B/0319/cache_write,,,110.325,129.985,0,1.48,0,0
atb::_npu_reshape_and_cache,,,17.049,19.66,0,1.48,0,0
ReshapeCacheOperation,,,2.611,2.611,1.48,1.48,0,0
P12/B/0320/fia,,,225.703,300.626,0,23.500999999999998,0,0
aten::view,,,2.86,2.86,0,0,0,0
aten::view,,,0.815,0.815,0,0,0,0
aten::slice,,,1.037,1.928,0,0,0,0
aten::as_strided,,,0.891,0.891,0,0,0,0
npu::npu_fused_infer_attention_score,,,35.212,46.647,0,22.921,0,0
empty_tensor,,,5.686,5.686,0,0,0,0
empty_tensor,,,1.302,1.302,0,0,0,0
empty_tensor,,,0.929,0.929,0,0,0,0
empty_tensor,,,0.894,0.894,0,0,0,0
aclnnFusedInferAttentionScoreV3,,,2.624,2.624,22.921,22.921,0,0
aten::view,,,0.827,0.827,0,0,0,0
aten::slice,,,0.567,1.316,0,0,0,0
aten::as_strided,,,0.749,0.749,0,0,0,0
aten::copy_,,,19.115,20.53,0,0.58,0,0
aclnnInplaceCopy,,,1.415,1.415,0.58,0.58,0,0
aten::slice,,,0.737,1.43,0,0,0,0
aten::as_strided,,,0.693,0.693,0,0,0,0
aten::copy_,,,12.59,14.633,0,0,0,0
aclnnInplaceCopy,,,2.043,2.043,0,0,0,0
aten::view,,,1.161,1.161,0,0,0,0
vllm::unquantized_gemm,,,7.101,24.036,0,5.9205,0,5.9205
aten::linear,,,1.773,16.935,0,5.9205,0,5.9205
aten::t,,,1.978,4.042,0,0,0,0
aten::transpose,,,1.048,2.064,0,0,0,0
aten::as_strided,,,1.016,1.016,0,0,0,0
aten::matmul,,,6.042,11.12,0,5.9205,0,5.9205
empty_tensor,,,2.846,2.846,0,0,0,0
aclnnMatmul,,,2.232,2.232,5.9205,5.9205,5.9205,5.9205
vllm::maybe_chunk_residual,,,5.232,5.232,0,0,0,0
_C_ascend::npu_add_rms_norm_bias,,,12.175,25.175,0,1.66,0,0
aten::empty,,,0.966,2.831,0,0,0,0
empty_tensor,,,1.865,1.865,0,0,0,0
aten::empty,,,0.242,1.587,0,0,0,0
empty_tensor,,,1.345,1.345,0,0,0,0
aten::empty,,,0.551,1.318,0,0,0,0
empty_tensor,,,0.767,0.767,0,0,0,0
aten::empty,,,0.403,1.966,0,0,0,0
empty_tensor,,,1.563,1.563,0,0,0,0
aclnnAddRmsNormBias,,,5.298,5.298,1.66,1.66,0,0
vllm::unquantized_gemm,,,3.92,13.765,0,19.141,0,19.141
aten::linear,,,0.897,9.845,0,19.141,0,19.141
aten::t,,,0.923,2.768,0,0,0,0
aten::transpose,,,1.044,1.845,0,0,0,0
aten::as_strided,,,0.801,0.801,0,0,0,0
aten::matmul,,,2.966,6.18,0,19.141,0,19.141
empty_tensor,,,1.463,1.463,0,0,0,0
aclnnMatmul,,,1.751,1.751,19.141,19.141,19.141,19.141
npu::npu_swiglu,,,8.828,12.481,0,3.0,0,0
empty_tensor,,,1.071,1.071,0,0,0,0
aclnnSwiGlu,,,2.582,2.582,3.0,3.0,0,0
vllm::unquantized_gemm,,,3.504,10.683,0,16.4205,0,16.4205
aten::linear,,,0.664,7.179,0,16.4205,0,16.4205
aten::t,,,0.691,1.71,0,0,0,0
aten::transpose,,,0.415,1.019,0,0,0,0
aten::as_strided,,,0.604,0.604,0,0,0,0
aten::matmul,,,2.248,4.805,0,16.4205,0,16.4205
empty_tensor,,,0.996,0.996,0,0,0,0
aclnnMatmul,,,1.561,1.561,16.4205,16.4205,16.4205,16.4205
vllm::maybe_chunk_residual,,,3.887,3.887,0,0,0,0
_C_ascend::npu_add_rms_norm_bias,,,8.639,16.483,0,1.6805,0,0
aten::empty,,,0.395,1.519,0,0,0,0
empty_tensor,,,1.124,1.124,0,0,0,0
aten::empty,,,0.197,1.682,0,0,0,0
empty_tensor,,,1.485,1.485,0,0,0,0
aten::empty,,,0.409,1.087,0,0,0,0
empty_tensor,,,0.678,0.678,0,0,0,0
aten::empty,,,0.433,1.531,0,0,0,0
empty_tensor,,,1.098,1.098,0,0,0,0
aclnnAddRmsNormBias,,,2.025,2.025,1.6805,1.6805,0,0
vllm::unquantized_gemm,,,4.206,16.292,0,8.42,0,7.22
aten::linear,,,1.063,12.086,0,8.42,0,7.22
aten::t,,,1.072,2.138,0,0,0,0
aten::transpose,,,0.397,1.066,0,0,0,0
aten::as_strided,,,0.669,0.669,0,0,0,0
aten::addmm,,,5.483,8.885,0,8.42,0,7.22
empty_tensor,,,1.113,1.113,0,0,0,0
aclnnAddmm,,,2.289,2.289,8.42,8.42,7.22,7.22
aten::split_with_sizes,,,1.505,2.732,0,0,0,0
aten::as_strided,,,0.589,0.589,0,0,0,0
aten::as_strided,,,0.279,0.279,0,0,0,0
aten::as_strided,,,0.359,0.359,0,0,0,0
vllm::npu_rotary_embedding,,,206.75,212.334,0,2.9,0,0
aten::view,,,1.037,1.037,0,0,0,0
aten::view,,,0.459,0.459,0,0,0,0
_triton_rope,,,2.476,2.476,2.9,2.9,0,0
aten::view,,,0.937,0.937,0,0,0,0
aten::view,,,0.675,0.675,0,0,0,0
aten::empty,,,0.493,2.317,0,0,0,0
empty_tensor,,,1.824,1.824,0,0,0,0
aten::view,,,0.751,0.751,0,0,0,0
aten::view,,,0.72,0.72,0,0,0,0
aten::view,,,0.698,0.698,0,0,0,0
aten::view,,,0.439,0.439,0,0,0,0
vllm::unified_attention_with_output,,,140.003,986.715,0,24.881,0,0
P12/B/0321/attention,,,394.981,846.712,0,24.881,0,0
aten::slice,,,1.415,2.764,0,0,0,0
aten::as_strided,,,1.349,1.349,0,0,0,0
aten::slice,,,0.363,0.72,0,0,0,0
aten::as_strided,,,0.357,0.357,0,0,0,0
aten::slice,,,2.503,3.367,0,0,0,0
aten::as_strided,,,0.864,0.864,0,0,0,0
P12/B/0322/cache_write,,,110.434,131.108,0,1.52,0,0
atb::_npu_reshape_and_cache,,,17.431,20.674,0,1.52,0,0
ReshapeCacheOperation,,,3.243,3.243,1.52,1.52,0,0
P12/B/0323/fia,,,220.123,301.39,0,23.360999999999997,0,0
aten::view,,,2.972,2.972,0,0,0,0
aten::view,,,1.076,1.076,0,0,0,0
aten::slice,,,1.028,1.998,0,0,0,0
aten::as_strided,,,0.97,0.97,0,0,0,0
npu::npu_fused_infer_attention_score,,,36.722,52.423,0,22.781,0,0
empty_tensor,,,4.065,4.065,0,0,0,0
empty_tensor,,,1.116,1.116,0,0,0,0
empty_tensor,,,0.838,0.838,0,0,0,0
empty_tensor,,,0.773,0.773,0,0,0,0
aclnnFusedInferAttentionScoreV3,,,8.909,8.909,22.781,22.781,0,0
aten::view,,,0.886,0.886,0,0,0,0
aten::slice,,,0.636,1.336,0,0,0,0
aten::as_strided,,,0.7,0.7,0,0,0,0
aten::copy_,,,19.708,20.576,0,0.58,0,0
aclnnInplaceCopy,,,0.868,0.868,0.58,0.58,0,0
aten::slice,,,0.646,1.397,0,0,0,0
aten::as_strided,,,0.751,0.751,0,0,0,0
aten::copy_,,,8.853,10.985,0,0,0,0
aclnnInplaceCopy,,,2.132,2.132,0,0,0,0
aten::view,,,1.01,1.01,0,0,0,0
vllm::unquantized_gemm,,,7.068,24.063,0,5.64,0,5.64
aten::linear,,,1.652,16.995,0,5.64,0,5.64
aten::t,,,1.983,4.365,0,0,0,0
aten::transpose,,,1.097,2.382,0,0,0,0
aten::as_strided,,,1.285,1.285,0,0,0,0
aten::matmul,,,6.328,10.978,0,5.64,0,5.64
empty_tensor,,,2.756,2.756,0,0,0,0
aclnnMatmul,,,1.894,1.894,5.64,5.64,5.64,5.64
vllm::maybe_chunk_residual,,,5.252,5.252,0,0,0,0
_C_ascend::npu_add_rms_norm_bias,,,13.278,23.884,0,1.7,0,0
aten::empty,,,0.98,3.72,0,0,0,0
empty_tensor,,,2.74,2.74,0,0,0,0
aten::empty,,,0.375,1.588,0,0,0,0
empty_tensor,,,1.213,1.213,0,0,0,0
aten::empty,,,0.199,1.049,0,0,0,0
empty_tensor,,,0.85,0.85,0,0,0,0
aten::empty,,,0.394,2.092,0,0,0,0
empty_tensor,,,1.698,1.698,0,0,0,0
aclnnAddRmsNormBias,,,2.157,2.157,1.7,1.7,0,0
vllm::unquantized_gemm,,,4.219,13.436,0,19.441,0,19.441
aten::linear,,,0.846,9.217,0,19.441,0,19.441
aten::t,,,1.052,2.317,0,0,0,0
aten::transpose,,,0.388,1.265,0,0,0,0
aten::as_strided,,,0.877,0.877,0,0,0,0
aten::matmul,,,2.991,6.054,0,19.441,0,19.441
empty_tensor,,,1.308,1.308,0,0,0,0
aclnnMatmul,,,1.755,1.755,19.441,19.441,19.441,19.441
npu::npu_swiglu,,,9.293,11.645,0,3.06,0,0
empty_tensor,,,0.98,0.98,0,0,0,0
aclnnSwiGlu,,,1.372,1.372,3.06,3.06,0,0
vllm::unquantized_gemm,,,3.474,13.239,0,16.541,0,16.541
aten::linear,,,0.669,9.765,0,16.541,0,16.541
aten::t,,,0.843,1.646,0,0,0,0
aten::transpose,,,0.329,0.803,0,0,0,0
aten::as_strided,,,0.474,0.474,0,0,0,0
aten::matmul,,,2.126,7.45,0,16.541,0,16.541
empty_tensor,,,1.08,1.08,0,0,0,0
aclnnMatmul,,,4.244,4.244,16.541,16.541,16.541,16.541
vllm::maybe_chunk_residual,,,4.153,4.153,0,0,0,0
_C_ascend::npu_add_rms_norm_bias,,,7.279,14.862,0,1.74,0,0
aten::empty,,,0.438,1.684,0,0,0,0
empty_tensor,,,1.246,1.246,0,0,0,0
aten::empty,,,0.199,1.311,0,0,0,0
empty_tensor,,,1.112,1.112,0,0,0,0
aten::empty,,,0.782,1.605,0,0,0,0
empty_tensor,,,0.823,0.823,0,0,0,0
aten::empty,,,0.29,1.406,0,0,0,0
empty_tensor,,,1.116,1.116,0,0,0,0
aclnnAddRmsNormBias,,,1.577,1.577,1.74,1.74,0,0
vllm::unquantized_gemm,,,4.249,15.575,0,8.76,0,7.36
aten::linear,,,1.038,11.326,0,8.76,0,7.36
aten::t,,,0.727,1.959,0,0,0,0
aten::transpose,,,0.464,1.232,0,0,0,0
aten::as_strided,,,0.768,0.768,0,0,0,0
aten::addmm,,,5.392,8.329,0,8.76,0,7.36
empty_tensor,,,1.145,1.145,0,0,0,0
aclnnAddmm,,,1.792,1.792,8.76,8.76,7.36,7.36
aten::split_with_sizes,,,1.447,3.018,0,0,0,0
aten::as_strided,,,0.67,0.67,0,0,0,0
aten::as_strided,,,0.437,0.437,0,0,0,0
aten::as_strided,,,0.464,0.464,0,0,0,0
vllm::npu_rotary_embedding,,,207.15,213.339,0,3.06,0,0
aten::view,,,0.864,0.864,0,0,0,0
aten::view,,,0.427,0.427,0,0,0,0
_triton_rope,,,3.096,3.096,3.06,3.06,0,0
aten::view,,,1.108,1.108,0,0,0,0
aten::view,,,0.694,0.694,0,0,0,0
aten::empty,,,0.549,2.377,0,0,0,0
empty_tensor,,,1.828,1.828,0,0,0,0
aten::view,,,0.873,0.873,0,0,0,0
aten::view,,,0.5,0.5,0,0,0,0
aten::view,,,0.431,0.431,0,0,0,0
aten::view,,,0.382,0.382,0,0,0,0
vllm::unified_attention_with_output,,,148.074,1000.09,0,21.801000000000002,0,0
P12/B/0324/attention,,,399.396,852.016,0,21.801000000000002,0,0
aten::slice,,,1.289,2.366,0,0,0,0
aten::as_strided,,,1.077,1.077,0,0,0,0
aten::slice,,,0.465,0.938,0,0,0,0
aten::as_strided,,,0.473,0.473,0,0,0,0
aten::slice,,,2.22,2.892,0,0,0,0
aten::as_strided,,,0.672,0.672,0,0,0,0
P12/B/0325/cache_write,,,112.764,137.143,0,1.68,0,0
atb::_npu_reshape_and_cache,,,21.773,24.379,0,1.68,0,0
ReshapeCacheOperation,,,2.606,2.606,1.68,1.68,0,0
P12/B/0326/fia,,,223.512,295.91,0,20.121,0,0
aten::view,,,2.871,2.871,0,0,0,0
aten::view,,,1.04,1.04,0,0,0,0
aten::slice,,,1.082,1.919,0,0,0,0
aten::as_strided,,,0.837,0.837,0,0,0,0
npu::npu_fused_infer_attention_score,,,35.066,44.24,0,19.541,0,0
empty_tensor,,,3.961,3.961,0,0,0,0
empty_tensor,,,1.005,1.005,0,0,0,0
empty_tensor,,,1.067,1.067,0,0,0,0
empty_tensor,,,0.641,0.641,0,0,0,0
aclnnFusedInferAttentionScoreV3,,,2.5,2.5,19.541,19.541,0,0
aten::view,,,0.76,0.76,0,0,0,0
aten::slice,,,0.525,1.165,0,0,0,0
aten::as_strided,,,0.64,0.64,0,0,0,0
aten::copy_,,,18.749,20.403,0,0.58,0,0
aclnnInplaceCopy,,,1.654,1.654,0.58,0.58,0,0
aten::slice,,,0.636,1.399,0,0,0,0
aten::as_strided,,,0.763,0.763,0,0,0,0
aten::copy_,,,9.526,11.972,0,0,0,0
aclnnInplaceCopy,,,2.446,2.446,0,0,0,0
aten::view,,,1.292,1.292,0,0,0,0
vllm::unquantized_gemm,,,7.329,31.552,0,5.6205,0,5.6205
aten::linear,,,1.593,24.223,0,5.6205,0,5.6205
aten::t,,,2.186,4.161,0,0,0,0
aten::transpose,,,1.035,1.975,0,0,0,0
aten::as_strided,,,0.94,0.94,0,0,0,0
aten::matmul,,,6.03,18.469,0,5.6205,0,5.6205
empty_tensor,,,2.77,2.77,0,0,0,0
aclnnMatmul,,,9.669,9.669,5.6205,5.6205,5.6205,5.6205
vllm::maybe_chunk_residual,,,5.337,5.337,0,0,0,0
_C_ascend::npu_add_rms_norm_bias,,,13.707,23.922,0,1.72,0,0
aten::empty,,,0.938,2.805,0,0,0,0
empty_tensor,,,1.867,1.867,0,0,0,0
aten::empty,,,0.378,1.57,0,0,0,0
empty_tensor,,,1.192,1.192,0,0,0,0
aten::empty,,,0.396,1.094,0,0,0,0
empty_tensor,,,0.698,0.698,0,0,0,0
aten::empty,,,0.445,2.145,0,0,0,0
empty_tensor,,,1.7,1.7,0,0,0,0
aclnnAddRmsNormBias,,,2.601,2.601,1.72,1.72,0,0
vllm::unquantized_gemm,,,4.163,13.183,0,19.9005,0,19.9005
aten::linear,,,0.741,9.02,0,19.9005,0,19.9005
aten::t,,,1.021,2.237,0,0,0,0
aten::transpose,,,0.463,1.216,0,0,0,0
aten::as_strided,,,0.753,0.753,0,0,0,0
aten::matmul,,,3.035,6.042,0,19.9005,0,19.9005
empty_tensor,,,1.22,1.22,0,0,0,0
aclnnMatmul,,,1.787,1.787,19.9005,19.9005,19.9005,19.9005
npu::npu_swiglu,,,8.736,11.813,0,3.02,0,0
empty_tensor,,,1.436,1.436,0,0,0,0
aclnnSwiGlu,,,1.641,1.641,3.02,3.02,0,0
vllm::unquantized_gemm,,,3.563,11.973,0,16.481,0,16.481
aten::linear,,,0.707,8.41,0,16.481,0,16.481
aten::t,,,1.554,2.655,0,0,0,0
aten::transpose,,,0.372,1.101,0,0,0,0
aten::as_strided,,,0.729,0.729,0,0,0,0
aten::matmul,,,2.234,5.048,0,16.481,0,16.481
empty_tensor,,,1.163,1.163,0,0,0,0
aclnnMatmul,,,1.651,1.651,16.481,16.481,16.481,16.481
vllm::maybe_chunk_residual,,,4.163,4.163,0,0,0,0
_C_ascend::npu_add_rms_norm_bias,,,6.984,14.477,0,1.92,0,0
aten::empty,,,0.426,1.54,0,0,0,0
empty_tensor,,,1.114,1.114,0,0,0,0
aten::empty,,,0.225,1.07,0,0,0,0
empty_tensor,,,0.845,0.845,0,0,0,0
aten::empty,,,0.3,1.631,0,0,0,0
empty_tensor,,,1.331,1.331,0,0,0,0
aten::empty,,,0.39,1.643,0,0,0,0
empty_tensor,,,1.253,1.253,0,0,0,0
aclnnAddRmsNormBias,,,1.609,1.609,1.92,1.92,0,0
vllm::unquantized_gemm,,,4.252,15.307,0,8.42,0,7.2
aten::linear,,,1.067,11.055,0,8.42,0,7.2
aten::t,,,0.626,1.663,0,0,0,0
aten::transpose,,,0.397,1.037,0,0,0,0
aten::as_strided,,,0.64,0.64,0,0,0,0
aten::addmm,,,5.43,8.325,0,8.42,0,7.2
empty_tensor,,,1.099,1.099,0,0,0,0
aclnnAddmm,,,1.796,1.796,8.42,8.42,7.2,7.2
aten::split_with_sizes,,,1.431,2.746,0,0,0,0
aten::as_strided,,,0.563,0.563,0,0,0,0
aten::as_strided,,,0.355,0.355,0,0,0,0
aten::as_strided,,,0.397,0.397,0,0,0,0
vllm::npu_rotary_embedding,,,205.649,216.23,0,3.1405,0,0
aten::view,,,0.818,0.818,0,0,0,0
aten::view,,,0.475,0.475,0,0,0,0
_triton_rope,,,5.17,5.17,3.1405,3.1405,0,0
aten::view,,,3.393,3.393,0,0,0,0
aten::view,,,0.725,0.725,0,0,0,0
aten::empty,,,0.707,2.673,0,0,0,0
empty_tensor,,,1.966,1.966,0,0,0,0
aten::view,,,0.849,0.849,0,0,0,0
aten::view,,,0.709,0.709,0,0,0,0
aten::view,,,0.63,0.63,0,0,0,0
aten::view,,,0.401,0.401,0,0,0,0
vllm::unified_attention_with_output,,,150.36,986.06,0,23.5605,0,0
P12/B/0327/attention,,,390.831,835.7,0,23.5605,0,0
aten::slice,,,1.376,2.626,0,0,0,0
aten::as_strided,,,1.25,1.25,0,0,0,0
aten::slice,,,0.69,1.01,0,0,0,0
aten::as_strided,,,0.32,0.32,0,0,0,0
aten::slice,,,2.264,2.939,0,0,0,0
aten::as_strided,,,0.675,0.675,0,0,0,0
P12/B/0328/cache_write,,,116.312,136.477,0,1.9,0,0
atb::_npu_reshape_and_cache,,,17.119,20.165,0,1.9,0,0
ReshapeCacheOperation,,,3.046,3.046,1.9,1.9,0,0
P12/B/0329/fia,,,214.473,289.879,0,21.6605,0,0
aten::view,,,2.872,2.872,0,0,0,0
aten::view,,,0.928,0.928,0,0,0,0
aten::slice,,,0.963,1.773,0,0,0,0
aten::as_strided,,,0.81,0.81,0,0,0,0
npu::npu_fused_infer_attention_score,,,35.357,45.775,0,21.1005,0,0
empty_tensor,,,3.5,3.5,0,0,0,0
empty_tensor,,,2.629,2.629,0,0,0,0
empty_tensor,,,1.005,1.005,0,0,0,0
empty_tensor,,,1.025,1.025,0,0,0,0
aclnnFusedInferAttentionScoreV3,,,2.259,2.259,21.1005,21.1005,0,0
aten::view,,,0.771,0.771,0,0,0,0
aten::slice,,,0.725,1.212,0,0,0,0
aten::as_strided,,,0.487,0.487,0,0,0,0
aten::copy_,,,18.859,22.075,0,0.56,0,0
aclnnInplaceCopy,,,3.216,3.216,0.56,0.56,0,0
aten::slice,,,0.586,1.213,0,0,0,0
aten::as_strided,,,0.627,0.627,0,0,0,0
aten::copy_,,,8.618,10.725,0,0,0,0
aclnnInplaceCopy,,,2.107,2.107,0,0,0,0
aten::view,,,1.526,1.526,0,0,0,0
vllm::unquantized_gemm,,,7.278,25.308,0,5.38,0,5.38
aten::linear,,,1.737,18.03,0,5.38,0,5.38
aten::t,,,2.049,4.486,0,0,0,0
aten::transpose,,,1.162,2.437,0,0,0,0
aten::as_strided,,,1.275,1.275,0,0,0,0
aten::matmul,,,6.53,11.807,0,5.38,0,5.38
empty_tensor,,,3.013,3.013,0,0,0,0
aclnnMatmul,,,2.264,2.264,5.38,5.38,5.38,5.38
vllm::maybe_chunk_residual,,,5.02,5.02,0,0,0,0
_C_ascend::npu_add_rms_norm_bias,,,13.924,23.978,0,1.72,0,0
aten::empty,,,0.997,3.039,0,0,0,0
empty_tensor,,,2.042,2.042,0,0,0,0
aten::empty,,,0.476,1.347,0,0,0,0
empty_tensor,,,0.871,0.871,0,0,0,0
aten::empty,,,0.195,1.058,0,0,0,0
empty_tensor,,,0.863,0.863,0,0,0,0
aten::empty,,,0.338,2.258,0,0,0,0
empty_tensor,,,1.92,1.92,0,0,0,0
aclnnAddRmsNormBias,,,2.352,2.352,1.72,1.72,0,0
vllm::unquantized_gemm,,,3.919,13.384,0,19.161,0,19.161
aten::linear,,,0.723,9.465,0,19.161,0,19.161
aten::t,,,1.552,2.79,0,0,0,0
aten::transpose,,,0.426,1.238,0,0,0,0
aten::as_strided,,,0.812,0.812,0,0,0,0
aten::matmul,,,3.129,5.952,0,19.161,0,19.161
empty_tensor,,,1.206,1.206,0,0,0,0
aclnnMatmul,,,1.617,1.617,19.161,19.161,19.161,19.161
npu::npu_swiglu,,,9.022,19.433,0,3.08,0,0
empty_tensor,,,1.092,1.092,0,0,0,0
aclnnSwiGlu,,,9.319,9.319,3.08,3.08,0,0
vllm::unquantized_gemm,,,3.616,12.037,0,16.301,0,16.301
aten::linear,,,0.575,8.421,0,16.301,0,16.301
aten::t,,,0.771,1.913,0,0,0,0
aten::transpose,,,0.48,1.142,0,0,0,0
aten::as_strided,,,0.662,0.662,0,0,0,0
aten::matmul,,,2.462,5.933,0,16.301,0,16.301
empty_tensor,,,1.23,1.23,0,0,0,0
aclnnMatmul,,,2.241,2.241,16.301,16.301,16.301,16.301
vllm::maybe_chunk_residual,,,4.073,4.073,0,0,0,0
_C_ascend::npu_add_rms_norm_bias,,,11.002,19.074,0,2.0,0,0
aten::empty,,,0.518,1.673,0,0,0,0
empty_tensor,,,1.155,1.155,0,0,0,0
aten::empty,,,0.23,1.471,0,0,0,0
empty_tensor,,,1.241,1.241,0,0,0,0
aten::empty,,,0.519,1.27,0,0,0,0
empty_tensor,,,0.751,0.751,0,0,0,0
aten::empty,,,0.292,1.377,0,0,0,0
empty_tensor,,,1.085,1.085,0,0,0,0
aclnnAddRmsNormBias,,,2.281,2.281,2.0,2.0,0,0
vllm::unquantized_gemm,,,4.015,16.028,0,7.9405,0,6.8805
aten::linear,,,1.027,12.013,0,7.9405,0,6.8805
aten::t,,,0.802,1.878,0,0,0,0
aten::transpose,,,0.443,1.076,0,0,0,0
aten::as_strided,,,0.633,0.633,0,0,0,0
aten::addmm,,,5.45,9.108,0,7.9405,0,6.8805
empty_tensor,,,1.414,1.414,0,0,0,0
aclnnAddmm,,,2.244,2.244,7.9405,7.9405,6.8805,6.8805
aten::split_with_sizes,,,1.704,3.03,0,0,0,0
aten::as_strided,,,0.552,0.552,0,0,0,0
aten::as_strided,,,0.385,0.385,0,0,0,0
aten::as_strided,,,0.389,0.389,0,0,0,0
vllm::npu_rotary_embedding,,,206.677,213.22,0,2.86,0,0
aten::view,,,1.016,1.016,0,0,0,0
aten::view,,,0.496,0.496,0,0,0,0
_triton_rope,,,3.37,3.37,2.86,2.86,0,0
aten::view,,,0.956,0.956,0,0,0,0
aten::view,,,0.705,0.705,0,0,0,0
aten::empty,,,0.488,2.181,0,0,0,0
empty_tensor,,,1.693,1.693,0,0,0,0
aten::view,,,0.742,0.742,0,0,0,0
aten::view,,,0.566,0.566,0,0,0,0
aten::view,,,0.633,0.633,0,0,0,0
aten::view,,,0.404,0.404,0,0,0,0
vllm::unified_attention_with_output,,,147.846,1028.251,0,20.7205,0,0
P12/B/0330/attention,,,409.023,880.405,0,20.7205,0,0
aten::slice,,,1.132,2.261,0,0,0,0
aten::as_strided,,,1.129,1.129,0,0,0,0
aten::slice,,,0.501,0.991,0,0,0,0
aten::as_strided,,,0.49,0.49,0,0,0,0
aten::slice,,,2.404,3.012,0,0,0,0
aten::as_strided,,,0.608,0.608,0,0,0,0
P12/B/0331/cache_write,,,119.07,139.433,0,1.54,0,0
atb::_npu_reshape_and_cache,,,17.316,20.363,0,1.54,0,0
ReshapeCacheOperation,,,3.047,3.047,1.54,1.54,0,0
P12/B/0332/fia,,,230.824,305.329,0,19.1805,0,0
aten::view,,,3.048,3.048,0,0,0,0
aten::view,,,0.987,0.987,0,0,0,0
aten::slice,,,0.961,1.803,0,0,0,0
aten::as_strided,,,0.842,0.842,0,0,0,0
npu::npu_fused_infer_attention_score,,,36.206,46.342,0,18.6205,0,0
empty_tensor,,,3.946,3.946,0,0,0,0
empty_tensor,,,1.319,1.319,0,0,0,0
empty_tensor,,,0.747,0.747,0,0,0,0
empty_tensor,,,0.643,0.643,0,0,0,0
aclnnFusedInferAttentionScoreV3,,,3.481,3.481,18.6205,18.6205,0,0
aten::view,,,1.012,1.012,0,0,0,0
aten::slice,,,0.586,1.26,0,0,0,0
aten::as_strided,,,0.674,0.674,0,0,0,0
aten::copy_,,,19.007,20.053,0,0.56,0,0
aclnnInplaceCopy,,,1.046,1.046,0.56,0.56,0,0
aten::slice,,,0.669,1.311,0,0,0,0
aten::as_strided,,,0.642,0.642,0,0,0,0
aten::copy_,,,10.136,19.045,0,0,0,0
aclnnInplaceCopy,,,8.909,8.909,0,0,0,0
aten::view,,,1.187,1.187,0,0,0,0
vllm::unquantized_gemm,,,7.319,23.955,0,5.28,0,5.28
aten::linear,,,1.551,16.636,0,5.28,0,5.28
aten::t,,,2.22,4.279,0,0,0,0
aten::transpose,,,1.043,2.059,0,0,0,0
aten::as_strided,,,1.016,1.016,0,0,0,0
aten::matmul,,,6.201,10.806,0,5.28,0,5.28
empty_tensor,,,2.848,2.848,0,0,0,0
aclnnMatmul,,,1.757,1.757,5.28,5.28,5.28,5.28
vllm::maybe_chunk_residual,,,5.473,5.473,0,0,0,0
_C_ascend::npu_add_rms_norm_bias,,,13.061,24.192,0,1.74,0,0
aten::empty,,,1.145,2.888,0,0,0,0
empty_tensor,,,1.743,1.743,0,0,0,0
aten::empty,,,0.256,2.386,0,0,0,0
empty_tensor,,,2.13,2.13,0,0,0,0
aten::empty,,,0.244,1.506,0,0,0,0
empty_tensor,,,1.262,1.262,0,0,0,0
aten::empty,,,0.311,2.334,0,0,0,0
empty_tensor,,,2.023,2.023,0,0,0,0
aclnnAddRmsNormBias,,,2.017,2.017,1.74,1.74,0,0
vllm::unquantized_gemm,,,3.933,12.745,0,19.281,0,19.281
aten::linear,,,0.777,8.812,0,19.281,0,19.281
aten::t,,,0.905,1.989,0,0,0,0
aten::transpose,,,0.447,1.084,0,0,0,0
aten::as_strided,,,0.637,0.637,0,0,0,0
aten::matmul,,,3.009,6.046,0,19.281,0,19.281
empty_tensor,,,1.427,1.427,0,0,0,0
aclnnMatmul,,,1.61,1.61,19.281,19.281,19.281,19.281
npu::npu_swiglu,,,8.583,12.802,0,4.08,0,0
empty_tensor,,,1.015,1.015,0,0,0,0
aclnnSwiGlu,,,3.204,3.204,4.08,4.08,0,0
vllm::unquantized_gemm,,,3.58,10.731,0,16.541,0,16.541
aten::linear,,,0.684,7.151,0,16.541,0,16.541
aten::t,,,0.757,1.703,0,0,0,0
aten::transpose,,,0.394,0.946,0,0,0,0
aten::as_strided,,,0.552,0.552,0,0,0,0
aten::matmul,,,2.415,4.764,0,16.541,0,16.541
empty_tensor,,,0.956,0.956,0,0,0,0
aclnnMatmul,,,1.393,1.393,16.541,16.541,16.541,16.541
vllm::maybe_chunk_residual,,,4.164,4.164,0,0,0,0
_C_ascend::npu_add_rms_norm_bias,,,7.452,17.409,0,1.84,0,0
aten::empty,,,0.432,1.403,0,0,0,0
empty_tensor,,,0.971,0.971,0,0,0,0
aten::empty,,,0.315,1.093,0,0,0,0
empty_tensor,,,0.778,0.778,0,0,0,0
aten::empty,,,0.192,1.491,0,0,0,0
empty_tensor,,,1.299,1.299,0,0,0,0
aten::empty,,,0.406,1.758,0,0,0,0
empty_tensor,,,1.352,1.352,0,0,0,0
aclnnAddRmsNormBias,,,4.212,4.212,1.84,1.84,0,0
vllm::unquantized_gemm,,,4.411,14.987,0,8.68,0,7.4
aten::linear,,,1.081,10.576,0,8.68,0,7.4
aten::t,,,0.736,1.709,0,0,0,0
aten::transpose,,,0.411,0.973,0,0,0,0
aten::as_strided,,,0.562,0.562,0,0,0,0
aten::addmm,,,5.281,7.786,0,8.68,0,7.4
empty_tensor,,,1.113,1.113,0,0,0,0
aclnnAddmm,,,1.392,1.392,8.68,8.68,7.4,7.4
aten::split_with_sizes,,,1.391,2.709,0,0,0,0
aten::as_strided,,,0.627,0.627,0,0,0,0
aten::as_strided,,,0.327,0.327,0,0,0,0
aten::as_strided,,,0.364,0.364,0,0,0,0
vllm::npu_rotary_embedding,,,206.654,212.552,0,3.3205,0,0
aten::view,,,0.865,0.865,0,0,0,0
aten::view,,,0.476,0.476,0,0,0,0
_triton_rope,,,2.936,2.936,3.3205,3.3205,0,0
aten::view,,,1.041,1.041,0,0,0,0
aten::view,,,0.58,0.58,0,0,0,0
aten::empty,,,0.512,2.639,0,0,0,0
empty_tensor,,,2.127,2.127,0,0,0,0
aten::view,,,0.721,0.721,0,0,0,0
aten::view,,,0.579,0.579,0,0,0,0
aten::view,,,0.591,0.591,0,0,0,0
aten::view,,,0.392,0.392,0,0,0,0
vllm::unified_attention_with_output,,,150.448,986.482,0,25.201,0,0
P12/B/0333/attention,,,397.337,836.034,0,25.201,0,0
aten::slice,,,2.141,3.5,0,0,0,0
aten::as_strided,,,1.359,1.359,0,0,0,0
aten::slice,,,0.535,0.982,0,0,0,0
aten::as_strided,,,0.447,0.447,0,0,0,0
aten::slice,,,2.37,3.222,0,0,0,0
aten::as_strided,,,0.852,0.852,0,0,0,0
P12/B/0334/cache_write,,,112.874,132.218,0,1.62,0,0
atb::_npu_reshape_and_cache,,,16.934,19.344,0,1.62,0,0
ReshapeCacheOperation,,,2.41,2.41,1.62,1.62,0,0
P12/B/0335/fia,,,215.059,285.802,0,23.581,0,0
aten::view,,,2.625,2.625,0,0,0,0
aten::view,,,0.935,0.935,0,0,0,0
aten::slice,,,1.078,1.959,0,0,0,0
aten::as_strided,,,0.881,0.881,0,0,0,0
npu::npu_fused_infer_attention_score,,,35.309,43.775,0,23.021,0,0
empty_tensor,,,3.538,3.538,0,0,0,0
empty_tensor,,,1.247,1.247,0,0,0,0
empty_tensor,,,0.718,0.718,0,0,0,0
empty_tensor,,,0.717,0.717,0,0,0,0
aclnnFusedInferAttentionScoreV3,,,2.246,2.246,23.021,23.021,0,0
aten::view,,,0.788,0.788,0,0,0,0
aten::slice,,,0.595,1.238,0,0,0,0
aten::as_strided,,,0.643,0.643,0,0,0,0
aten::copy_,,,18.506,19.423,0,0.56,0,0
aclnnInplaceCopy,,,0.917,0.917,0.56,0.56,0,0
aten::slice,,,0.733,1.463,0,0,0,0
aten::as_strided,,,0.73,0.73,0,0,0,0
aten::copy_,,,9.265,11.51,0,0,0,0
aclnnInplaceCopy,,,2.245,2.245,0,0,0,0
aten::view,,,1.113,1.113,0,0,0,0
vllm::unquantized_gemm,,,6.999,24.17,0,5.54,0,5.54
aten::linear,,,1.656,17.171,0,5.54,0,5.54
aten::t,,,2.738,4.863,0,0,0,0
aten::transpose,,,1.04,2.125,0,0,0,0
aten::as_strided,,,1.085,1.085,0,0,0,0
aten::matmul,,,5.918,10.652,0,5.54,0,5.54
empty_tensor,,,2.859,2.859,0,0,0,0
aclnnMatmul,,,1.875,1.875,5.54,5.54,5.54,5.54
vllm::maybe_chunk_residual,,,5.524,5.524,0,0,0,0
_C_ascend::npu_add_rms_norm_bias,,,14.429,28.259,0,1.68,0,0
aten::empty,,,1.042,2.792,0,0,0,0
empty_tensor,,,1.75,1.75,0,0,0,0
aten::empty,,,0.202,1.655,0,0,0,0
empty_tensor,,,1.453,1.453,0,0,0,0
aten::empty,,,0.223,1.058,0,0,0,0
empty_tensor,,,0.835,0.835,0,0,0,0
aten::empty,,,0.455,2.467,0,0,0,0
empty_tensor,,,2.012,2.012,0,0,0,0
aclnnAddRmsNormBias,,,5.858,5.858,1.68,1.68,0,0
vllm::unquantized_gemm,,,4.09,13.575,0,19.361,0,19.361
aten::linear,,,0.996,9.485,0,19.361,0,19.361
aten::t,,,0.826,1.902,0,0,0,0
aten::transpose,,,0.464,1.076,0,0,0,0
aten::as_strided,,,0.612,0.612,0,0,0,0
aten::matmul,,,2.99,6.587,0,19.361,0,19.361
empty_tensor,,,1.275,1.275,0,0,0,0
aclnnMatmul,,,2.322,2.322,19.361,19.361,19.361,19.361
npu::npu_swiglu,,,9.815,13.343,0,3.06,0,0
empty_tensor,,,1.469,1.469,0,0,0,0
aclnnSwiGlu,,,2.059,2.059,3.06,3.06,0,0
vllm::unquantized_gemm,,,3.42,12.439,0,16.441,0,16.441
aten::linear,,,0.713,9.019,0,16.441,0,16.441
aten::t,,,0.801,2.234,0,0,0,0
aten::transpose,,,0.379,1.433,0,0,0,0
aten::as_strided,,,1.054,1.054,0,0,0,0
aten::matmul,,,2.414,6.072,0,16.441,0,16.441
empty_tensor,,,1.228,1.228,0,0,0,0
aclnnMatmul,,,2.43,2.43,16.441,16.441,16.441,16.441
vllm::maybe_chunk_residual,,,4.175,4.175,0,0,0,0
_C_ascend::npu_add_rms_norm_bias,,,8.862,16.733,0,1.66,0,0
aten::empty,,,0.426,1.535,0,0,0,0
empty_tensor,,,1.109,1.109,0,0,0,0
aten::empty,,,0.194,0.996,0,0,0,0
empty_tensor,,,0.802,0.802,0,0,0,0
aten::empty,,,0.196,1.308,0,0,0,0
empty_tensor,,,1.112,1.112,0,0,0,0
aten::empty,,,0.308,1.742,0,0,0,0
empty_tensor,,,1.434,1.434,0,0,0,0
aclnnAddRmsNormBias,,,2.29,2.29,1.66,1.66,0,0
vllm::unquantized_gemm,,,4.344,15.777,0,8.1405,0,6.9605
aten::linear,,,1.035,11.433,0,8.1405,0,6.9605
aten::t,,,0.695,1.518,0,0,0,0
aten::transpose,,,0.358,0.823,0,0,0,0
aten::as_strided,,,0.465,0.465,0,0,0,0
aten::addmm,,,5.313,8.88,0,8.1405,0,6.9605
empty_tensor,,,1.105,1.105,0,0,0,0
aclnnAddmm,,,2.462,2.462,8.1405,8.1405,6.9605,6.9605
aten::split_with_sizes,,,1.481,2.919,0,0,0,0
aten::as_strided,,,0.495,0.495,0,0,0,0
aten::as_strided,,,0.496,0.496,0,0,0,0
aten::as_strided,,,0.447,0.447,0,0,0,0
vllm::npu_rotary_embedding,,,203.159,208.581,0,2.84,0,0
aten::view,,,0.804,0.804,0,0,0,0
aten::view,,,0.297,0.297,0,0,0,0
_triton_rope,,,2.625,2.625,2.84,2.84,0,0
aten::view,,,0.98,0.98,0,0,0,0
aten::view,,,0.716,0.716,0,0,0,0
aten::empty,,,0.893,2.818,0,0,0,0
empty_tensor,,,1.925,1.925,0,0,0,0
aten::view,,,0.824,0.824,0,0,0,0
aten::view,,,0.499,0.499,0,0,0,0
aten::view,,,0.543,0.543,0,0,0,0
aten::view,,,0.363,0.363,0,0,0,0
vllm::unified_attention_with_output,,,145.13,998.378,0,25.741,0,0
P12/B/0336/attention,,,390.765,853.248,0,25.741,0,0
aten::slice,,,1.482,2.809,0,0,0,0
aten::as_strided,,,1.327,1.327,0,0,0,0
aten::slice,,,0.409,0.808,0,0,0,0
aten::as_strided,,,0.399,0.399,0,0,0,0
aten::slice,,,2.4,3.21,0,0,0,0
aten::as_strided,,,0.81,0.81,0,0,0,0
P12/B/0337/cache_write,,,115.71,137.155,0,1.5,0,0
atb::_npu_reshape_and_cache,,,17.727,21.445,0,1.5,0,0
ReshapeCacheOperation,,,3.718,3.718,1.5,1.5,0,0
P12/B/0338/fia,,,223.446,306.098,0,24.241,0,0
aten::view,,,2.877,2.877,0,0,0,0
aten::view,,,0.945,0.945,0,0,0,0
aten::slice,,,1.026,1.9,0,0,0,0
aten::as_strided,,,0.874,0.874,0,0,0,0
npu::npu_fused_infer_attention_score,,,36.413,54.69,0,23.661,0,0
empty_tensor,,,3.785,3.785,0,0,0,0
empty_tensor,,,1.187,1.187,0,0,0,0
empty_tensor,,,2.801,2.801,0,0,0,0
empty_tensor,,,0.927,0.927,0,0,0,0
aclnnFusedInferAttentionScoreV3,,,9.577,9.577,23.661,23.661,0,0
aten::view,,,0.95,0.95,0,0,0,0
aten::slice,,,0.683,1.372,0,0,0,0
aten::as_strided,,,0.689,0.689,0,0,0,0
aten::copy_,,,18.916,19.918,0,0.58,0,0
aclnnInplaceCopy,,,1.002,1.002,0.58,0.58,0,0
aten::slice,,,0.729,1.432,0,0,0,0
aten::as_strided,,,0.703,0.703,0,0,0,0
aten::copy_,,,9.014,10.971,0,0,0,0
aclnnInplaceCopy,,,1.957,1.957,0,0,0,0
aten::view,,,1.162,1.162,0,0,0,0
vllm::unquantized_gemm,,,7.194,23.596,0,5.4,0,5.4
aten::linear,,,1.596,16.402,0,5.4,0,5.4
aten::t,,,2.0,4.16,0,0,0,0
aten::transpose,,,1.12,2.16,0,0,0,0
aten::as_strided,,,1.04,1.04,0,0,0,0
aten::matmul,,,6.049,10.646,0,5.4,0,5.4
empty_tensor,,,2.649,2.649,0,0,0,0
aclnnMatmul,,,1.948,1.948,5.4,5.4,5.4,5.4
vllm::maybe_chunk_residual,,,5.271,5.271,0,0,0,0
_C_ascend::npu_add_rms_norm_bias,,,13.029,23.06,0,1.68,0,0
aten::empty,,,1.035,2.785,0,0,0,0
empty_tensor,,,1.75,1.75,0,0,0,0
aten::empty,,,0.216,1.269,0,0,0,0
empty_tensor,,,1.053,1.053,0,0,0,0
aten::empty,,,0.201,1.309,0,0,0,0
empty_tensor,,,1.108,1.108,0,0,0,0
aten::empty,,,0.601,2.555,0,0,0,0
empty_tensor,,,1.954,1.954,0,0,0,0
aclnnAddRmsNormBias,,,2.113,2.113,1.68,1.68,0,0
vllm::unquantized_gemm,,,4.015,13.462,0,19.101,0,19.101
aten::linear,,,0.768,9.447,0,19.101,0,19.101
aten::t,,,0.813,2.02,0,0,0,0
aten::transpose,,,0.476,1.207,0,0,0,0
aten::as_strided,,,0.731,0.731,0,0,0,0
aten::matmul,,,2.936,6.659,0,19.101,0,19.101
empty_tensor,,,1.946,1.946,0,0,0,0
aclnnMatmul,,,1.777,1.777,19.101,19.101,19.101,19.101
npu::npu_swiglu,,,8.83,11.859,0,3.12,0,0
empty_tensor,,,1.333,1.333,0,0,0,0
aclnnSwiGlu,,,1.696,1.696,3.12,3.12,0,0
vllm::unquantized_gemm,,,3.293,11.375,0,16.2405,0,16.2405
aten::linear,,,0.553,8.082,0,16.2405,0,16.2405
aten::t,,,0.985,2.284,0,0,0,0
aten::transpose,,,0.529,1.299,0,0,0,0
aten::as_strided,,,0.77,0.77,0,0,0,0
aten::matmul,,,2.351,5.245,0,16.2405,0,16.2405
empty_tensor,,,1.051,1.051,0,0,0,0
aclnnMatmul,,,1.843,1.843,16.2405,16.2405,16.2405,16.2405
vllm::maybe_chunk_residual,,,3.975,3.975,0,0,0,0
_C_ascend::npu_add_rms_norm_bias,,,7.306,21.645,0,1.6805,0,0
aten::empty,,,0.548,1.719,0,0,0,0
empty_tensor,,,1.171,1.171,0,0,0,0
aten::empty,,,0.262,1.137,0,0,0,0
empty_tensor,,,0.875,0.875,0,0,0,0
aten::empty,,,0.362,1.657,0,0,0,0
empty_tensor,,,1.295,1.295,0,0,0,0
aten::empty,,,0.307,1.483,0,0,0,0
empty_tensor,,,1.176,1.176,0,0,0,0
aclnnAddRmsNormBias,,,8.343,8.343,1.6805,1.6805,0,0
vllm::unquantized_gemm,,,4.66,15.999,0,8.060500000000001,0,6.8005
aten::linear,,,1.038,11.339,0,8.060500000000001,0,6.8005
aten::t,,,0.654,1.574,0,0,0,0
aten::transpose,,,0.385,0.92,0,0,0,0
aten::as_strided,,,0.535,0.535,0,0,0,0
aten::addmm,,,5.57,8.727,0,8.060500000000001,0,6.8005
empty_tensor,,,1.373,1.373,0,0,0,0
aclnnAddmm,,,1.784,1.784,8.060500000000001,8.060500000000001,6.8005,6.8005
aten::split_with_sizes,,,1.61,2.867,0,0,0,0
aten::as_strided,,,0.567,0.567,0,0,0,0
aten::as_strided,,,0.341,0.341,0,0,0,0
aten::as_strided,,,0.349,0.349,0,0,0,0
vllm::npu_rotary_embedding,,,205.834,211.514,0,2.82,0,0
aten::view,,,0.807,0.807,0,0,0,0
aten::view,,,0.451,0.451,0,0,0,0
_triton_rope,,,2.673,2.673,2.82,2.82,0,0
aten::view,,,1.091,1.091,0,0,0,0
aten::view,,,0.658,0.658,0,0,0,0
aten::empty,,,0.482,2.445,0,0,0,0
empty_tensor,,,1.963,1.963,0,0,0,0
aten::view,,,0.652,0.652,0,0,0,0
aten::view,,,0.469,0.469,0,0,0,0
aten::view,,,0.57,0.57,0,0,0,0
aten::view,,,0.613,0.613,0,0,0,0
vllm::unified_attention_with_output,,,147.289,994.537,0,26.481,0,0
P12/B/0339/attention,,,396.243,847.248,0,26.481,0,0
aten::slice,,,1.18,2.461,0,0,0,0
aten::as_strided,,,1.281,1.281,0,0,0,0
aten::slice,,,0.373,0.653,0,0,0,0
aten::as_strided,,,0.28,0.28,0,0,0,0
aten::slice,,,2.33,2.958,0,0,0,0
aten::as_strided,,,0.628,0.628,0,0,0,0
P12/B/0340/cache_write,,,114.97,134.41,0,1.56,0,0
atb::_npu_reshape_and_cache,,,16.811,19.44,0,1.56,0,0
ReshapeCacheOperation,,,2.629,2.629,1.56,1.56,0,0
P12/B/0341/fia,,,224.895,297.603,0,24.921,0,0
aten::view,,,3.33,3.33,0,0,0,0
aten::view,,,0.977,0.977,0,0,0,0
aten::slice,,,1.009,1.844,0,0,0,0
aten::as_strided,,,0.835,0.835,0,0,0,0
npu::npu_fused_infer_attention_score,,,34.661,43.26,0,24.341,0,0
empty_tensor,,,3.644,3.644,0,0,0,0
empty_tensor,,,1.177,1.177,0,0,0,0
empty_tensor,,,0.804,0.804,0,0,0,0
empty_tensor,,,0.597,0.597,0,0,0,0
aclnnFusedInferAttentionScoreV3,,,2.377,2.377,24.341,24.341,0,0
aten::view,,,0.838,0.838,0,0,0,0
aten::slice,,,0.603,1.372,0,0,0,0
aten::as_strided,,,0.769,0.769,0,0,0,0
aten::copy_,,,18.962,21.087,0,0.58,0,0
aclnnInplaceCopy,,,2.125,2.125,0.58,0.58,0,0
aten::slice,,,0.656,1.379,0,0,0,0
aten::as_strided,,,0.723,0.723,0,0,0,0
aten::copy_,,,9.41,11.541,0,0,0,0
aclnnInplaceCopy,,,2.131,2.131,0,0,0,0
aten::view,,,1.054,1.054,0,0,0,0
vllm::unquantized_gemm,,,7.412,28.39,0,5.58,0,5.58
aten::linear,,,1.554,20.978,0,5.58,0,5.58
aten::t,,,2.065,4.398,0,0,0,0
aten::transpose,,,1.203,2.333,0,0,0,0
aten::as_strided,,,1.13,1.13,0,0,0,0
aten::matmul,,,6.157,15.026,0,5.58,0,5.58
empty_tensor,,,2.819,2.819,0,0,0,0
aclnnMatmul,,,6.05,6.05,5.58,5.58,5.58,5.58
vllm::maybe_chunk_residual,,,4.984,4.984,0,0,0,0
_C_ascend::npu_add_rms_norm_bias,,,13.391,24.79,0,1.66,0,0
aten::empty,,,0.996,2.808,0,0,0,0
empty_tensor,,,1.812,1.812,0,0,0,0
aten::empty,,,0.415,1.916,0,0,0,0
empty_tensor,,,1.501,1.501,0,0,0,0
aten::empty,,,0.83,1.855,0,0,0,0
empty_tensor,,,1.025,1.025,0,0,0,0
aten::empty,,,0.377,1.988,0,0,0,0
empty_tensor,,,1.611,1.611,0,0,0,0
aclnnAddRmsNormBias,,,2.832,2.832,1.66,1.66,0,0
vllm::unquantized_gemm,,,4.177,14.073,0,19.9005,0,19.9005
aten::linear,,,0.852,9.896,0,19.9005,0,19.9005
aten::t,,,0.847,2.096,0,0,0,0
aten::transpose,,,0.512,1.249,0,0,0,0
aten::as_strided,,,0.737,0.737,0,0,0,0
aten::matmul,,,3.071,6.948,0,19.9005,0,19.9005
empty_tensor,,,1.553,1.553,0,0,0,0
aclnnMatmul,,,2.324,2.324,19.9005,19.9005,19.9005,19.9005
npu::npu_swiglu,,,9.674,13.11,0,2.9205,0,0
empty_tensor,,,0.972,0.972,0,0,0,0
aclnnSwiGlu,,,2.464,2.464,2.9205,2.9205,0,0
vllm::unquantized_gemm,,,3.48,11.217,0,16.3605,0,16.3605
aten::linear,,,0.589,7.737,0,16.3605,0,16.3605
aten::t,,,0.724,1.616,0,0,0,0
aten::transpose,,,0.399,0.892,0,0,0,0
aten::as_strided,,,0.493,0.493,0,0,0,0
aten::matmul,,,2.15,5.532,0,16.3605,0,16.3605
empty_tensor,,,1.012,1.012,0,0,0,0
aclnnMatmul,,,2.37,2.37,16.3605,16.3605,16.3605,16.3605
vllm::maybe_chunk_residual,,,3.845,3.845,0,0,0,0
_C_ascend::npu_add_rms_norm_bias,,,7.154,14.615,0,1.6805,0,0
aten::empty,,,0.427,1.505,0,0,0,0
empty_tensor,,,1.078,1.078,0,0,0,0
aten::empty,,,0.194,1.46,0,0,0,0
empty_tensor,,,1.266,1.266,0,0,0,0
aten::empty,,,0.262,1.093,0,0,0,0
empty_tensor,,,0.831,0.831,0,0,0,0
aten::empty,,,0.327,1.749,0,0,0,0
empty_tensor,,,1.422,1.422,0,0,0,0
aclnnAddRmsNormBias,,,1.654,1.654,1.6805,1.6805,0,0
vllm::unquantized_gemm,,,4.186,15.189,0,8.5405,0,7.3405
aten::linear,,,1.28,11.003,0,8.5405,0,7.3405
aten::t,,,0.735,1.683,0,0,0,0
aten::transpose,,,0.358,0.948,0,0,0,0
aten::as_strided,,,0.59,0.59,0,0,0,0
aten::addmm,,,5.15,8.04,0,8.5405,0,7.3405
empty_tensor,,,1.195,1.195,0,0,0,0
aclnnAddmm,,,1.695,1.695,8.5405,8.5405,7.3405,7.3405
aten::split_with_sizes,,,1.479,2.99,0,0,0,0
aten::as_strided,,,0.569,0.569,0,0,0,0
aten::as_strided,,,0.433,0.433,0,0,0,0
aten::as_strided,,,0.509,0.509,0,0,0,0
vllm::npu_rotary_embedding,,,205.455,213.713,0,2.88,0,0
aten::view,,,0.774,0.774,0,0,0,0
aten::view,,,0.535,0.535,0,0,0,0
_triton_rope,,,5.163,5.163,2.88,2.88,0,0
aten::view,,,1.081,1.081,0,0,0,0
aten::view,,,0.705,0.705,0,0,0,0
aten::empty,,,0.483,2.154,0,0,0,0
empty_tensor,,,1.671,1.671,0,0,0,0
aten::view,,,0.838,0.838,0,0,0,0
aten::view,,,0.467,0.467,0,0,0,0
aten::view,,,0.452,0.452,0,0,0,0
aten::view,,,0.403,0.403,0,0,0,0
vllm::unified_attention_with_output,,,139.752,976.263,0,21.841,0,0
P12/B/0342/attention,,,379.764,836.511,0,21.841,0,0
aten::slice,,,1.238,2.34,0,0,0,0
aten::as_strided,,,1.102,1.102,0,0,0,0
aten::slice,,,1.174,1.701,0,0,0,0
aten::as_strided,,,0.527,0.527,0,0,0,0
aten::slice,,,2.325,3.003,0,0,0,0
aten::as_strided,,,0.678,0.678,0,0,0,0
P12/B/0343/cache_write,,,109.919,130.094,0,1.66,0,0
atb::_npu_reshape_and_cache,,,17.455,20.175,0,1.66,0,0
ReshapeCacheOperation,,,2.72,2.72,1.66,1.66,0,0
P12/B/0344/fia,,,231.905,307.191,0,20.181,0,0
aten::view,,,2.854,2.854,0,0,0,0
aten::view,,,1.354,1.354,0,0,0,0
aten::slice,,,0.915,1.743,0,0,0,0
aten::as_strided,,,0.828,0.828,0,0,0,0
npu::npu_fused_infer_attention_score,,,35.629,47.013,0,19.6005,0,0
empty_tensor,,,4.151,4.151,0,0,0,0
empty_tensor,,,1.17,1.17,0,0,0,0
empty_tensor,,,0.699,0.699,0,0,0,0
empty_tensor,,,1.039,1.039,0,0,0,0
aclnnFusedInferAttentionScoreV3,,,4.325,4.325,19.6005,19.6005,0,0
aten::view,,,0.848,0.848,0,0,0,0
aten::slice,,,0.701,1.436,0,0,0,0
aten::as_strided,,,0.735,0.735,0,0,0,0
aten::copy_,,,18.969,20.038,0,0.5805,0,0
aclnnInplaceCopy,,,1.069,1.069,0.5805,0.5805,0,0
aten::slice,,,0.673,1.364,0,0,0,0
aten::as_strided,,,0.691,0.691,0,0,0,0
aten::copy_,,,8.978,11.054,0,0,0,0
aclnnInplaceCopy,,,2.076,2.076,0,0,0,0
aten::view,,,1.08,1.08,0,0,0,0
vllm::unquantized_gemm,,,7.232,24.087,0,5.6605,0,5.6605
aten::linear,,,1.547,16.855,0,5.6605,0,5.6605
aten::t,,,1.908,4.621,0,0,0,0
aten::transpose,,,1.076,2.713,0,0,0,0
aten::as_strided,,,1.637,1.637,0,0,0,0
aten::matmul,,,5.9,10.687,0,5.6605,0,5.6605
empty_tensor,,,2.831,2.831,0,0,0,0
aclnnMatmul,,,1.956,1.956,5.6605,5.6605,5.6605,5.6605
vllm::maybe_chunk_residual,,,5.031,5.031,0,0,0,0
_C_ascend::npu_add_rms_norm_bias,,,12.877,22.833,0,1.72,0,0
aten::empty,,,0.955,2.691,0,0,0,0
empty_tensor,,,1.736,1.736,0,0,0,0
aten::empty,,,0.338,1.597,0,0,0,0
empty_tensor,,,1.259,1.259,0,0,0,0
aten::empty,,,0.205,1.29,0,0,0,0
empty_tensor,,,1.085,1.085,0,0,0,0
aten::empty,,,0.47,2.393,0,0,0,0
empty_tensor,,,1.923,1.923,0,0,0,0
aclnnAddRmsNormBias,,,1.985,1.985,1.72,1.72,0,0
vllm::unquantized_gemm,,,4.166,13.527,0,19.601,0,19.601
aten::linear,,,0.769,9.361,0,19.601,0,19.601
aten::t,,,0.918,2.09,0,0,0,0
aten::transpose,,,0.456,1.172,0,0,0,0
aten::as_strided,,,0.716,0.716,0,0,0,0
aten::matmul,,,3.13,6.502,0,19.601,0,19.601
empty_tensor,,,1.688,1.688,0,0,0,0
aclnnMatmul,,,1.684,1.684,19.601,19.601,19.601,19.601
npu::npu_swiglu,,,9.228,17.822,0,3.06,0,0
empty_tensor,,,1.237,1.237,0,0,0,0
aclnnSwiGlu,,,7.357,7.357,3.06,3.06,0,0
vllm::unquantized_gemm,,,3.913,12.071,0,16.2205,0,16.2205
aten::linear,,,0.761,8.158,0,16.2205,0,16.2205
aten::t,,,0.758,2.073,0,0,0,0
aten::transpose,,,0.429,1.315,0,0,0,0
aten::as_strided,,,0.886,0.886,0,0,0,0
aten::matmul,,,2.667,5.324,0,16.2205,0,16.2205
empty_tensor,,,1.065,1.065,0,0,0,0
aclnnMatmul,,,1.592,1.592,16.2205,16.2205,16.2205,16.2205
vllm::maybe_chunk_residual,,,4.034,4.034,0,0,0,0
_C_ascend::npu_add_rms_norm_bias,,,8.137,15.44,0,2.0405,0,0
aten::empty,,,0.399,1.461,0,0,0,0
empty_tensor,,,1.062,1.062,0,0,0,0
aten::empty,,,0.231,1.239,0,0,0,0
empty_tensor,,,1.008,1.008,0,0,0,0
aten::empty,,,0.346,1.376,0,0,0,0
empty_tensor,,,1.03,1.03,0,0,0,0
aten::empty,,,0.296,1.6,0,0,0,0
empty_tensor,,,1.304,1.304,0,0,0,0
aclnnAddRmsNormBias,,,1.627,1.627,2.0405,2.0405,0,0
vllm::unquantized_gemm,,,4.415,15.262,0,8.0205,0,6.8605
aten::linear,,,1.042,10.847,0,8.0205,0,6.8605
aten::t,,,0.671,1.798,0,0,0,0
aten::transpose,,,0.543,1.127,0,0,0,0
aten::as_strided,,,0.584,0.584,0,0,0,0
aten::addmm,,,5.344,8.007,0,8.0205,0,6.8605
empty_tensor,,,1.14,1.14,0,0,0,0
aclnnAddmm,,,1.523,1.523,8.0205,8.0205,6.8605,6.8605
aten::split_with_sizes,,,1.614,3.002,0,0,0,0
aten::as_strided,,,0.493,0.493,0,0,0,0
aten::as_strided,,,0.428,0.428,0,0,0,0
aten::as_strided,,,0.467,0.467,0,0,0,0
vllm::npu_rotary_embedding,,,205.731,211.379,0,2.92,0,0
aten::view,,,0.68,0.68,0,0,0,0
aten::view,,,0.492,0.492,0,0,0,0
_triton_rope,,,3.075,3.075,2.92,2.92,0,0
aten::view,,,0.854,0.854,0,0,0,0
aten::view,,,0.547,0.547,0,0,0,0
aten::empty,,,0.663,4.101,0,0,0,0
empty_tensor,,,3.438,3.438,0,0,0,0
aten::view,,,0.658,0.658,0,0,0,0
aten::view,,,0.542,0.542,0,0,0,0
aten::view,,,0.463,0.463,0,0,0,0
aten::view,,,0.494,0.494,0,0,0,0
vllm::unified_attention_with_output,,,141.826,969.395,0,23.941,0,0
P12/B/0345/attention,,,383.702,827.569,0,23.941,0,0
aten::slice,,,1.271,2.487,0,0,0,0
aten::as_strided,,,1.216,1.216,0,0,0,0
aten::slice,,,0.485,0.884,0,0,0,0
aten::as_strided,,,0.399,0.399,0,0,0,0
aten::slice,,,2.448,3.31,0,0,0,0
aten::as_strided,,,0.862,0.862,0,0,0,0
P12/B/0346/cache_write,,,108.329,127.217,0,1.56,0,0
atb::_npu_reshape_and_cache,,,16.452,18.888,0,1.56,0,0
ReshapeCacheOperation,,,2.436,2.436,1.56,1.56,0,0
P12/B/0347/fia,,,213.71,290.378,0,22.381,0,0
aten::view,,,2.79,2.79,0,0,0,0
aten::view,,,1.11,1.11,0,0,0,0
aten::slice,,,0.888,1.748,0,0,0,0
aten::as_strided,,,0.86,0.86,0,0,0,0
npu::npu_fused_infer_attention_score,,,37.858,48.887,0,21.8005,0,0
empty_tensor,,,3.678,3.678,0,0,0,0
empty_tensor,,,1.273,1.273,0,0,0,0
empty_tensor,,,0.833,0.833,0,0,0,0
empty_tensor,,,2.738,2.738,0,0,0,0
aclnnFusedInferAttentionScoreV3,,,2.507,2.507,21.8005,21.8005,0,0
aten::view,,,0.842,0.842,0,0,0,0
aten::slice,,,0.622,1.323,0,0,0,0
aten::as_strided,,,0.701,0.701,0,0,0,0
aten::copy_,,,18.81,19.968,0,0.5805,0,0
aclnnInplaceCopy,,,1.158,1.158,0.5805,0.5805,0,0
aten::slice,,,0.559,1.161,0,0,0,0
aten::as_strided,,,0.602,0.602,0,0,0,0
aten::copy_,,,8.89,18.43,0,0,0,0
aclnnInplaceCopy,,,9.54,9.54,0,0,0,0
aten::view,,,1.069,1.069,0,0,0,0
vllm::unquantized_gemm,,,7.176,23.72,0,5.3805,0,5.3805
aten::linear,,,1.6,16.544,0,5.3805,0,5.3805
aten::t,,,2.021,4.025,0,0,0,0
aten::transpose,,,1.088,2.004,0,0,0,0
aten::as_strided,,,0.916,0.916,0,0,0,0
aten::matmul,,,6.001,10.919,0,5.3805,0,5.3805
empty_tensor,,,2.805,2.805,0,0,0,0
aclnnMatmul,,,2.113,2.113,5.3805,5.3805,5.3805,5.3805
vllm::maybe_chunk_residual,,,5.256,5.256,0,0,0,0
_C_ascend::npu_add_rms_norm_bias,,,13.452,24.462,0,1.74,0,0
aten::empty,,,0.98,2.902,0,0,0,0
empty_tensor,,,1.922,1.922,0,0,0,0
aten::empty,,,0.451,1.831,0,0,0,0
empty_tensor,,,1.38,1.38,0,0,0,0
aten::empty,,,0.198,1.126,0,0,0,0
empty_tensor,,,0.928,0.928,0,0,0,0
aten::empty,,,0.4,2.191,0,0,0,0
empty_tensor,,,1.791,1.791,0,0,0,0
aclnnAddRmsNormBias,,,2.96,2.96,1.74,1.74,0,0
vllm::unquantized_gemm,,,4.425,15.227,0,19.2205,0,19.2205
aten::linear,,,0.811,10.802,0,19.2205,0,19.2205
aten::t,,,1.075,2.75,0,0,0,0
aten::transpose,,,0.714,1.675,0,0,0,0
aten::as_strided,,,0.961,0.961,0,0,0,0
aten::matmul,,,3.03,7.241,0,19.2205,0,19.2205
empty_tensor,,,1.267,1.267,0,0,0,0
aclnnMatmul,,,2.944,2.944,19.2205,19.2205,19.2205,19.2205
npu::npu_swiglu,,,9.603,13.262,0,3.08,0,0
empty_tensor,,,1.146,1.146,0,0,0,0
aclnnSwiGlu,,,2.513,2.513,3.08,3.08,0,0
vllm::unquantized_gemm,,,4.173,12.245,0,16.3005,0,16.3005
aten::linear,,,0.747,8.072,0,16.3005,0,16.3005
aten::t,,,0.769,1.661,0,0,0,0
aten::transpose,,,0.377,0.892,0,0,0,0
aten::as_strided,,,0.515,0.515,0,0,0,0
aten::matmul,,,2.733,5.664,0,16.3005,0,16.3005
empty_tensor,,,0.962,0.962,0,0,0,0
aclnnMatmul,,,1.969,1.969,16.3005,16.3005,16.3005,16.3005
vllm::maybe_chunk_residual,,,4.344,4.344,0,0,0,0
_C_ascend::npu_add_rms_norm_bias,,,7.719,15.474,0,1.66,0,0
aten::empty,,,0.434,1.747,0,0,0,0
empty_tensor,,,1.313,1.313,0,0,0,0
aten::empty,,,0.248,1.483,0,0,0,0
empty_tensor,,,1.235,1.235,0,0,0,0
aten::empty,,,0.409,1.185,0,0,0,0
empty_tensor,,,0.776,0.776,0,0,0,0
aten::empty,,,0.295,1.411,0,0,0,0
empty_tensor,,,1.116,1.116,0,0,0,0
aclnnAddRmsNormBias,,,1.929,1.929,1.66,1.66,0,0
vllm::unquantized_gemm,,,4.541,18.64,0,8.5,0,7.22
aten::linear,,,1.028,14.099,0,8.5,0,7.22
aten::t,,,0.701,1.724,0,0,0,0
aten::transpose,,,0.419,1.023,0,0,0,0
aten::as_strided,,,0.604,0.604,0,0,0,0
aten::addmm,,,5.68,11.347,0,8.5,0,7.22
empty_tensor,,,1.057,1.057,0,0,0,0
aclnnAddmm,,,4.61,4.61,8.5,8.5,7.22,7.22
aten::split_with_sizes,,,1.605,3.401,0,0,0,0
aten::as_strided,,,0.575,0.575,0,0,0,0
aten::as_strided,,,0.812,0.812,0,0,0,0
aten::as_strided,,,0.409,0.409,0,0,0,0
vllm::npu_rotary_embedding,,,205.624,211.071,0,3.6205,0,0
aten::view,,,0.889,0.889,0,0,0,0
aten::view,,,0.527,0.527,0,0,0,0
_triton_rope,,,2.329,2.329,3.6205,3.6205,0,0
aten::view,,,1.017,1.017,0,0,0,0
aten::view,,,0.685,0.685,0,0,0,0
aten::empty,,,0.617,2.552,0,0,0,0
empty_tensor,,,1.935,1.935,0,0,0,0
aten::view,,,0.653,0.653,0,0,0,0
aten::view,,,0.58,0.58,0,0,0,0
aten::view,,,0.645,0.645,0,0,0,0
aten::view,,,0.624,0.624,0,0,0,0
vllm::unified_attention_with_output,,,145.448,1008.132,0,18.641000000000002,0,0
P12/B/0348/attention,,,401.817,862.684,0,18.641000000000002,0,0
aten::slice,,,1.223,2.471,0,0,0,0
aten::as_strided,,,1.248,1.248,0,0,0,0
aten::slice,,,0.467,0.917,0,0,0,0
aten::as_strided,,,0.45,0.45,0,0,0,0
aten::slice,,,2.437,3.083,0,0,0,0
aten::as_strided,,,0.646,0.646,0,0,0,0
P12/B/0349/cache_write,,,121.297,141.958,0,1.6405,0,0
atb::_npu_reshape_and_cache,,,17.434,20.661,0,1.6405,0,0
ReshapeCacheOperation,,,3.227,3.227,1.6405,1.6405,0,0
P12/B/0350/fia,,,223.963,300.206,0,17.0005,0,0
aten::view,,,3.063,3.063,0,0,0,0
aten::view,,,1.888,1.888,0,0,0,0
aten::slice,,,1.021,1.905,0,0,0,0
aten::as_strided,,,0.884,0.884,0,0,0,0
npu::npu_fused_infer_attention_score,,,35.699,45.118,0,16.4405,0,0
empty_tensor,,,4.075,4.075,0,0,0,0
empty_tensor,,,1.227,1.227,0,0,0,0
empty_tensor,,,0.838,0.838,0,0,0,0
empty_tensor,,,0.619,0.619,0,0,0,0
aclnnFusedInferAttentionScoreV3,,,2.66,2.66,16.4405,16.4405,0,0
aten::view,,,0.833,0.833,0,0,0,0
aten::slice,,,0.656,1.314,0,0,0,0
aten::as_strided,,,0.658,0.658,0,0,0,0
aten::copy_,,,18.812,22.122,0,0.56,0,0
aclnnInplaceCopy,,,3.31,3.31,0.56,0.56,0,0
aten::slice,,,0.616,1.253,0,0,0,0
aten::as_strided,,,0.637,0.637,0,0,0,0
aten::copy_,,,8.995,10.979,0,0,0,0
aclnnInplaceCopy,,,1.984,1.984,0,0,0,0
aten::view,,,1.029,1.029,0,0,0,0
vllm::unquantized_gemm,,,7.241,22.663,0,5.54,0,5.54
aten::linear,,,1.532,15.422,0,5.54,0,5.54
aten::t,,,1.968,3.992,0,0,0,0
aten::transpose,,,1.039,2.024,0,0,0,0
aten::as_strided,,,0.985,0.985,0,0,0,0
aten::matmul,,,5.75,9.898,0,5.54,0,5.54
empty_tensor,,,2.469,2.469,0,0,0,0
aclnnMatmul,,,1.679,1.679,5.54,5.54,5.54,5.54
vllm::maybe_chunk_residual,,,5.096,5.096,0,0,0,0
_C_ascend::npu_add_rms_norm_bias,,,12.668,26.625,0,1.74,0,0
aten::empty,,,0.999,2.879,0,0,0,0
empty_tensor,,,1.88,1.88,0,0,0,0
aten::empty,,,0.296,1.253,0,0,0,0
empty_tensor,,,0.957,0.957,0,0,0,0
aten::empty,,,0.202,1.672,0,0,0,0
empty_tensor,,,1.47,1.47,0,0,0,0
aten::empty,,,0.421,2.427,0,0,0,0
empty_tensor,,,2.006,2.006,0,0,0,0
aclnnAddRmsNormBias,,,5.726,5.726,1.74,1.74,0,0
vllm::unquantized_gemm,,,4.252,13.025,0,19.561,0,19.561
aten::linear,,,0.756,8.773,0,19.561,0,19.561
aten::t,,,0.849,2.144,0,0,0,0
aten::transpose,,,0.534,1.295,0,0,0,0
aten::as_strided,,,0.761,0.761,0,0,0,0
aten::matmul,,,2.883,5.873,0,19.561,0,19.561
empty_tensor,,,1.349,1.349,0,0,0,0
aclnnMatmul,,,1.641,1.641,19.561,19.561,19.561,19.561
npu::npu_swiglu,,,10.287,12.93,0,3.84,0,0
empty_tensor,,,1.09,1.09,0,0,0,0
aclnnSwiGlu,,,1.553,1.553,3.84,3.84,0,0
vllm::unquantized_gemm,,,3.532,10.606,0,16.5605,0,16.5605
aten::linear,,,0.538,7.074,0,16.5605,0,16.5605
aten::t,,,0.659,1.566,0,0,0,0
aten::transpose,,,0.412,0.907,0,0,0,0
aten::as_strided,,,0.495,0.495,0,0,0,0
aten::matmul,,,2.456,4.97,0,16.5605,0,16.5605
empty_tensor,,,1.054,1.054,0,0,0,0
aclnnMatmul,,,1.46,1.46,16.5605,16.5605,16.5605,16.5605
vllm::maybe_chunk_residual,,,4.099,4.099,0,0,0,0
_C_ascend::npu_add_rms_norm_bias,,,6.825,14.422,0,1.74,0,0
aten::empty,,,0.383,1.457,0,0,0,0
empty_tensor,,,1.074,1.074,0,0,0,0
aten::empty,,,0.221,1.151,0,0,0,0
empty_tensor,,,0.93,0.93,0,0,0,0
aten::empty,,,0.298,1.402,0,0,0,0
empty_tensor,,,1.104,1.104,0,0,0,0
aten::empty,,,0.443,1.93,0,0,0,0
empty_tensor,,,1.487,1.487,0,0,0,0
aclnnAddRmsNormBias,,,1.657,1.657,1.74,1.74,0,0
vllm::unquantized_gemm,,,4.425,16.213,0,8.5605,0,7.3605
aten::linear,,,1.528,11.788,0,8.5605,0,7.3605
aten::t,,,0.801,1.851,0,0,0,0
aten::transpose,,,0.42,1.05,0,0,0,0
aten::as_strided,,,0.63,0.63,0,0,0,0
aten::addmm,,,5.217,8.409,0,8.5605,0,7.3605
empty_tensor,,,1.342,1.342,0,0,0,0
aclnnAddmm,,,1.85,1.85,8.5605,8.5605,7.3605,7.3605
aten::split_with_sizes,,,1.545,2.762,0,0,0,0
aten::as_strided,,,0.537,0.537,0,0,0,0
aten::as_strided,,,0.345,0.345,0,0,0,0
aten::as_strided,,,0.335,0.335,0,0,0,0
vllm::npu_rotary_embedding,,,210.485,215.939,0,2.88,0,0
aten::view,,,0.808,0.808,0,0,0,0
aten::view,,,0.478,0.478,0,0,0,0
_triton_rope,,,2.603,2.603,2.88,2.88,0,0
aten::view,,,0.922,0.922,0,0,0,0
aten::view,,,0.643,0.643,0,0,0,0
aten::empty,,,0.573,2.377,0,0,0,0
empty_tensor,,,1.804,1.804,0,0,0,0
aten::view,,,0.71,0.71,0,0,0,0
aten::view,,,0.657,0.657,0,0,0,0
aten::view,,,0.605,0.605,0,0,0,0
aten::view,,,0.36,0.36,0,0,0,0
vllm::unified_attention_with_output,,,143.82,968.129,0,25.040499999999998,0,0
P12/B/0351/attention,,,378.695,824.309,0,25.040499999999998,0,0
aten::slice,,,1.339,2.649,0,0,0,0
aten::as_strided,,,1.31,1.31,0,0,0,0
aten::slice,,,0.432,0.716,0,0,0,0
aten::as_strided,,,0.284,0.284,0,0,0,0
aten::slice,,,3.076,3.816,0,0,0,0
aten::as_strided,,,0.74,0.74,0,0,0,0
P12/B/0352/cache_write,,,103.069,122.965,0,1.62,0,0
atb::_npu_reshape_and_cache,,,17.304,19.896,0,1.62,0,0
ReshapeCacheOperation,,,2.592,2.592,1.62,1.62,0,0
P12/B/0353/fia,,,222.391,303.267,0,23.420499999999997,0,0
aten::view,,,3.129,3.129,0,0,0,0
aten::view,,,0.864,0.864,0,0,0,0
aten::slice,,,0.914,1.758,0,0,0,0
aten::as_strided,,,0.844,0.844,0,0,0,0
npu::npu_fused_infer_attention_score,,,36.109,51.223,0,22.8605,0,0
empty_tensor,,,3.653,3.653,0,0,0,0
empty_tensor,,,1.699,1.699,0,0,0,0
empty_tensor,,,1.036,1.036,0,0,0,0
empty_tensor,,,0.868,0.868,0,0,0,0
aclnnFusedInferAttentionScoreV3,,,7.858,7.858,22.8605,22.8605,0,0
aten::view,,,0.908,0.908,0,0,0,0
aten::slice,,,0.694,1.478,0,0,0,0
aten::as_strided,,,0.784,0.784,0,0,0,0
aten::copy_,,,18.912,21.516,0,0.56,0,0
aclnnInplaceCopy,,,2.604,2.604,0.56,0.56,0,0
aten::slice,,,0.639,1.304,0,0,0,0
aten::as_strided,,,0.665,0.665,0,0,0,0
aten::copy_,,,8.794,10.897,0,0,0,0
aclnnInplaceCopy,,,2.103,2.103,0,0,0,0
aten::view,,,1.035,1.035,0,0,0,0
vllm::unquantized_gemm,,,7.215,24.281,0,5.6405,0,5.6405
aten::linear,,,1.665,17.066,0,5.6405,0,5.6405
aten::t,,,2.104,4.09,0,0,0,0
aten::transpose,,,1.02,1.986,0,0,0,0
aten::as_strided,,,0.966,0.966,0,0,0,0
aten::matmul,,,6.587,11.311,0,5.6405,0,5.6405
empty_tensor,,,2.799,2.799,0,0,0,0
aclnnMatmul,,,1.925,1.925,5.6405,5.6405,5.6405,5.6405
vllm::maybe_chunk_residual,,,5.128,5.128,0,0,0,0
_C_ascend::npu_add_rms_norm_bias,,,12.71,22.279,0,1.7205,0,0
aten::empty,,,0.974,2.773,0,0,0,0
empty_tensor,,,1.799,1.799,0,0,0,0
aten::empty,,,0.378,1.612,0,0,0,0
empty_tensor,,,1.234,1.234,0,0,0,0
aten::empty,,,0.193,1.111,0,0,0,0
empty_tensor,,,0.918,0.918,0,0,0,0
aten::empty,,,0.321,2.026,0,0,0,0
empty_tensor,,,1.705,1.705,0,0,0,0
aclnnAddRmsNormBias,,,2.047,2.047,1.7205,1.7205,0,0
vllm::unquantized_gemm,,,4.283,13.547,0,20.041,0,20.041
aten::linear,,,1.141,9.264,0,20.041,0,20.041
aten::t,,,0.899,2.296,0,0,0,0
aten::transpose,,,0.756,1.397,0,0,0,0
aten::as_strided,,,0.641,0.641,0,0,0,0
aten::matmul,,,3.095,5.827,0,20.041,0,20.041
empty_tensor,,,1.177,1.177,0,0,0,0
aclnnMatmul,,,1.555,1.555,20.041,20.041,20.041,20.041
npu::npu_swiglu,,,9.2,11.891,0,3.04,0,0
empty_tensor,,,1.098,1.098,0,0,0,0
aclnnSwiGlu,,,1.593,1.593,3.04,3.04,0,0
vllm::unquantized_gemm,,,3.794,12.92,0,16.301,0,16.301
aten::linear,,,0.899,9.126,0,16.301,0,16.301
aten::t,,,0.725,1.78,0,0,0,0
aten::transpose,,,0.54,1.055,0,0,0,0
aten::as_strided,,,0.515,0.515,0,0,0,0
aten::matmul,,,2.679,6.447,0,16.301,0,16.301
empty_tensor,,,2.26,2.26,0,0,0,0
aclnnMatmul,,,1.508,1.508,16.301,16.301,16.301,16.301
vllm::maybe_chunk_residual,,,4.088,4.088,0,0,0,0
_C_ascend::npu_add_rms_norm_bias,,,6.927,23.139,0,1.76,0,0
aten::empty,,,0.491,1.924,0,0,0,0
empty_tensor,,,1.433,1.433,0,0,0,0
aten::empty,,,0.285,1.502,0,0,0,0
empty_tensor,,,1.217,1.217,0,0,0,0
aten::empty,,,0.336,1.552,0,0,0,0
empty_tensor,,,1.216,1.216,0,0,0,0
aten::empty,,,0.304,1.596,0,0,0,0
empty_tensor,,,1.292,1.292,0,0,0,0
aclnnAddRmsNormBias,,,9.638,9.638,1.76,1.76,0,0
vllm::unquantized_gemm,,,4.515,15.22,0,8.2205,0,6.9405
aten::linear,,,0.981,10.705,0,8.2205,0,6.9405
aten::t,,,0.786,1.821,0,0,0,0
aten::transpose,,,0.398,1.035,0,0,0,0
aten::as_strided,,,0.637,0.637,0,0,0,0
aten::addmm,,,5.187,7.903,0,8.2205,0,6.9405
empty_tensor,,,1.112,1.112,0,0,0,0
aclnnAddmm,,,1.604,1.604,8.2205,8.2205,6.9405,6.9405
aten::split_with_sizes,,,1.64,2.728,0,0,0,0
aten::as_strided,,,0.536,0.536,0,0,0,0
aten::as_strided,,,0.227,0.227,0,0,0,0
aten::as_strided,,,0.325,0.325,0,0,0,0
vllm::npu_rotary_embedding,,,204.06,209.304,0,2.98,0,0
aten::view,,,0.833,0.833,0,0,0,0
aten::view,,,0.455,0.455,0,0,0,0
_triton_rope,,,2.401,2.401,2.98,2.98,0,0
aten::view,,,0.968,0.968,0,0,0,0
aten::view,,,0.587,0.587,0,0,0,0
aten::empty,,,0.55,2.479,0,0,0,0
empty_tensor,,,1.929,1.929,0,0,0,0
aten::view,,,0.634,0.634,0,0,0,0
aten::view,,,1.702,1.702,0,0,0,0
aten::view,,,0.63,0.63,0,0,0,0
aten::view,,,0.599,0.599,0,0,0,0
vllm::unified_attention_with_output,,,140.779,967.613,0,25.241,0,0
P12/B/0354/attention,,,384.502,826.834,0,25.241,0,0
aten::slice,,,1.319,2.638,0,0,0,0
aten::as_strided,,,1.319,1.319,0,0,0,0
aten::slice,,,0.557,0.842,0,0,0,0
aten::as_strided,,,0.285,0.285,0,0,0,0
aten::slice,,,2.274,2.944,0,0,0,0
aten::as_strided,,,0.67,0.67,0,0,0,0
P12/B/0355/cache_write,,,107.597,131.759,0,1.68,0,0
atb::_npu_reshape_and_cache,,,21.607,24.162,0,1.68,0,0
ReshapeCacheOperation,,,2.555,2.555,1.68,1.68,0,0
P12/B/0356/fia,,,217.273,289.747,0,23.561,0,0
aten::view,,,2.964,2.964,0,0,0,0
aten::view,,,0.946,0.946,0,0,0,0
aten::slice,,,0.866,1.731,0,0,0,0
aten::as_strided,,,0.865,0.865,0,0,0,0
npu::npu_fused_infer_attention_score,,,35.274,45.03,0,23.001,0,0
empty_tensor,,,3.591,3.591,0,0,0,0
empty_tensor,,,1.653,1.653,0,0,0,0
empty_tensor,,,0.757,0.757,0,0,0,0
empty_tensor,,,0.638,0.638,0,0,0,0
aclnnFusedInferAttentionScoreV3,,,3.117,3.117,23.001,23.001,0,0
aten::view,,,0.843,0.843,0,0,0,0
aten::slice,,,0.564,1.178,0,0,0,0
aten::as_strided,,,0.614,0.614,0,0,0,0
aten::copy_,,,18.686,19.782,0,0.56,0,0
aclnnInplaceCopy,,,1.096,1.096,0.56,0.56,0,0
aten::slice,,,0.736,1.377,0,0,0,0
aten::as_strided,,,0.641,0.641,0,0,0,0
aten::copy_,,,8.847,13.025,0,0,0,0
aclnnInplaceCopy,,,4.178,4.178,0,0,0,0
aten::view,,,1.122,1.122,0,0,0,0
vllm::unquantized_gemm,,,7.215,27.612,0,5.4005,0,5.4005
aten::linear,,,1.627,20.397,0,5.4005,0,5.4005
aten::t,,,2.089,4.157,0,0,0,0
aten::transpose,,,1.071,2.068,0,0,0,0
aten::as_strided,,,0.997,0.997,0,0,0,0
aten::matmul,,,6.073,14.613,0,5.4005,0,5.4005
empty_tensor,,,2.695,2.695,0,0,0,0
aclnnMatmul,,,5.845,5.845,5.4005,5.4005,5.4005,5.4005
vllm::maybe_chunk_residual,,,5.484,5.484,0,0,0,0
_C_ascend::npu_add_rms_norm_bias,,,13.585,23.888,0,1.7,0,0
aten::empty,,,1.191,2.967,0,0,0,0
empty_tensor,,,1.776,1.776,0,0,0,0
aten::empty,,,0.452,1.514,0,0,0,0
empty_tensor,,,1.062,1.062,0,0,0,0
aten::empty,,,0.196,0.916,0,0,0,0
empty_tensor,,,0.72,0.72,0,0,0,0
aten::empty,,,0.329,2.037,0,0,0,0
empty_tensor,,,1.708,1.708,0,0,0,0
aclnnAddRmsNormBias,,,2.869,2.869,1.7,1.7,0,0
vllm::unquantized_gemm,,,4.466,14.608,0,20.681,0,20.681
aten::linear,,,0.866,10.142,0,20.681,0,20.681
aten::t,,,0.958,2.483,0,0,0,0
aten::transpose,,,0.577,1.525,0,0,0,0
aten::as_strided,,,0.948,0.948,0,0,0,0
aten::matmul,,,3.064,6.793,0,20.681,0,20.681
empty_tensor,,,1.225,1.225,0,0,0,0
aclnnMatmul,,,2.504,2.504,20.681,20.681,20.681,20.681
npu::npu_swiglu,,,9.712,14.54,0,2.9,0,0
empty_tensor,,,1.563,1.563,0,0,0,0
aclnnSwiGlu,,,3.265,3.265,2.9,2.9,0,0
vllm::unquantized_gemm,,,3.687,12.002,0,16.3005,0,16.3005
aten::linear,,,0.666,8.315,0,16.3005,0,16.3005
aten::t,,,0.663,1.796,0,0,0,0
aten::transpose,,,0.393,1.133,0,0,0,0
aten::as_strided,,,0.74,0.74,0,0,0,0
aten::matmul,,,2.361,5.853,0,16.3005,0,16.3005
empty_tensor,,,1.099,1.099,0,0,0,0
aclnnMatmul,,,2.393,2.393,16.3005,16.3005,16.3005,16.3005
vllm::maybe_chunk_residual,,,4.348,4.348,0,0,0,0
_C_ascend::npu_add_rms_norm_bias,,,8.513,16.159,0,1.68,0,0
aten::empty,,,0.393,1.51,0,0,0,0
empty_tensor,,,1.117,1.117,0,0,0,0
aten::empty,,,0.297,1.37,0,0,0,0
empty_tensor,,,1.073,1.073,0,0,0,0
aten::empty,,,0.195,0.865,0,0,0,0
empty_tensor,,,0.67,0.67,0,0,0,0
aten::empty,,,0.298,1.483,0,0,0,0
empty_tensor,,,1.185,1.185,0,0,0,0
aclnnAddRmsNormBias,,,2.418,2.418,1.68,1.68,0,0
aten::index,,,11.181,16.722,0,9.02,0,0
empty_tensor,,,1.315,1.315,0,0,0,0
empty_tensor,,,1.535,1.535,0,0,0,0
aclnnIndex,,,2.691,2.691,9.02,9.02,0,0
aten::linear,,,0.946,11.316,0,221.389,0,221.389
aten::t,,,1.031,2.954,0,0,0,0
aten::transpose,,,0.905,1.923,0,0,0,0
aten::as_strided,,,1.018,1.018,0,0,0,0
aten::matmul,,,3.364,7.416,0,221.389,0,221.389
empty_tensor,,,1.46,1.46,0,0,0,0
aclnnMatmul,,,2.592,2.592,221.389,221.389,221.389,221.389
aten::alias,,,2.55,2.55,0,0,0,0
P12/B/0357/sample,,,997.1,1927.149,0,378.154,0,0
aten::to,,,2.213,27.133,0,9.34,0,0
aten::_to_copy,,,4.57,24.92,0,9.34,0,0
aten::empty,,,0.921,4.412,0,0,0,0
empty_tensor,,,3.491,3.491,0,0,0,0
aten::copy_,,,5.654,15.938,0,9.34,0,0
aclnnInplaceCopy,,,10.284,10.284,9.34,9.34,0,0
aten::lift_fresh,,,0.52,0.52,0,0,0,0
aten::to,,,1.502,1.502,0,0,0,0
aten::pin_memory,,,2.392,51.73,0,0,0,0
aten::is_pinned,,,12.506,12.506,0,0,0,0
aten::_pin_memory,,,15.114,36.832,0,0,0,0
aten::set_,,,7.95,7.95,0,0,0,0
aten::copy_,,,13.768,13.768,0,0,0,0
aten::to,,,0.596,18.742,0,2.78,0,0
aten::_to_copy,,,2.524,18.146,0,2.78,0,0
aten::empty_strided,,,4.89,5.851,0,0,0,0
empty_tensor,,,0.961,0.961,0,0,0,0
aten::copy_,,,7.249,9.771,0,2.78,0,0
acl_memcpy_host_to_device,,,2.522,2.522,2.78,2.78,0,0
record_event,,,2.803,2.803,0.0,0.0,0,0
aten::eq,,,5.253,7.503,0,2.42,0,0
empty_tensor,,,1.346,1.346,0,0,0,0
aclnnEqScalar,,,0.904,0.904,2.42,2.42,0,0
aten::masked_fill_,,,32.565,35.243,0,76.0635,0,0
aclnnInplaceMaskedFillScalar,,,2.678,2.678,76.0635,76.0635,0,0
aten::zeros,,,3.563,10.57,0,9.04,0,0
empty_tensor,,,1.388,1.388,0,0,0,0
aten::zero_,,,4.784,5.619,0,9.04,0,0
aclnnInplaceZero,,,0.835,0.835,9.04,9.04,0,0
token_bin_counts_and_mask_kernel,,,3.372,3.372,66.5225,66.5225,0,0
aten::gt,,,6.401,10.217,0,24.421,0,0
empty_tensor,,,2.163,2.163,0,0,0,0
aclnnGtScalar,,,1.653,1.653,24.421,24.421,0,0
aten::zeros,,,0.853,12.174,0,2.58,0,0
empty_tensor,,,1.285,1.285,0,0,0,0
aten::zero_,,,1.888,10.036,0,2.58,0,0
aclnnInplaceZero,,,8.148,8.148,2.58,2.58,0,0
token_bin_counts_and_mask_kernel,,,3.363,3.363,72.823,72.823,0,0
aten::gt,,,3.257,6.319,0,13.200499999999998,0,0
empty_tensor,,,1.574,1.574,0,0,0,0
aclnnGtScalar,,,1.488,1.488,13.200499999999998,13.200499999999998,0,0
apply_all_penalties_kernel,,,3.794,3.794,76.003,76.003,0,0
aten::argmax,,,6.576,23.152,0,19.5405,0,0
aten::empty,,,0.963,2.466,0,0,0,0
empty_tensor,,,1.503,1.503,0,0,0,0
aten::argmax,,,9.042,14.11,0,19.5405,0,0
aten::reshape,,,1.011,2.666,0,0,0,0
aten::view,,,1.655,1.655,0,0,0,0
aclnnArgMax,,,2.402,2.402,19.5405,19.5405,0,0
aten::view,,,0.523,0.523,0,0,0,0
aten::to,,,0.412,0.412,0,0,0,0
aten::to,,,0.588,7.703,0,1.3,0,0
aten::_to_copy,,,1.12,7.115,0,1.3,0,0
aten::empty,,,0.266,1.51,0,0,0,0
empty_tensor,,,1.244,1.244,0,0,0,0
aten::copy_,,,2.976,4.485,0,1.3,0,0
aclnnInplaceCopy,,,1.509,1.509,1.3,1.3,0,0
aten::unsqueeze,,,1.526,2.737,0,0,0,0
aten::as_strided,,,1.211,1.211,0,0,0,0
P12/B/0358/to_list,,,169.804,696.968,0,2.12,0,0
aten::slice,,,4.922,7.419,0,0,0,0
aten::as_strided,,,2.497,2.497,0,0,0,0
aten::copy_,,,9.157,12.09,0,2.1,0,0
acl_memcpy_device_to_host,,,2.933,2.933,2.1,2.1,0,0
Event::record,,,138.485,301.196,0,0.02,0,0
P12/B/0359/event_record,,,151.953,162.711,0,0.02,0,0
record_event,,,10.758,10.758,0.02,0.02,0,0
Event::synchronize,,,113.552,205.035,0,0,0,0
P12/B/0360/native_synchronize,,,91.483,91.483,0,0,0,0
aten::resolve_conj,,,1.165,1.165,0,0,0,0
aten::resolve_neg,,,0.259,0.259,0,0,0,0
aten::slice,,,1.389,3.569,0,0,0,0
aten::as_strided,,,2.18,2.18,0,0,0,0
P12/B/0361/manager_free,,,134.966,204.16,0,0,0,0
P12/B/0362/pool_free,,,69.194,69.194,0,0,0,0
aten::slice,,,5.167,7.758,0,0,0,0
aten::as_strided,,,2.591,2.591,0,0,0,0
aten::slice,,,0.701,1.246,0,0,0,0
aten::as_strided,,,0.545,0.545,0,0,0,0
aten::slice,,,0.819,1.226,0,0,0,0
aten::as_strided,,,0.407,0.407,0,0,0,0
