Device_id,Model ID,Task ID,Stream ID,Name,Type,OP State,Accelerator Core,Start Time(us),Duration(us),Wait Time(us),Block Num,Mix Block Num,HF32 Eligible,Input Shapes,Input Data Types,Input Formats,Output Shapes,Output Data Types,Output Formats,Context ID
0,4294967295,1307,46,aclnnInplaceFillScalar_FillAiCore_Fill,Fill,dynamic,AI_VECTOR_CORE,1790168622607648.449	,1.120,0,1,0,NO,"""1;""",INT64;INT32,ND;ND,"""1""",INT32,ND,N/A
0,4294967295,1310,46,aclnnInplaceFillScalar_FillAiCore_Fill,Fill,dynamic,AI_VECTOR_CORE,1790168622607696.091	,0.980,46.380000,1,0,NO,"""1;""",INT64;INT32,ND;ND,"""1""",INT32,ND,N/A
0,4294967295,1315,46,aclnnIndex_IndexAiCore_Index,Index,dynamic,AI_VECTOR_CORE,1790168622607813.336	,10.080,116.270000,48,0,NO,"""1;1;1;126""",INT32;INT64;INT64;INT64,ND;ND;ND;ND,"""126""",INT32,ND,N/A
0,4294967295,1316,46,aclnnInplaceCopy_CastAiCore_Cast,Cast,dynamic,AI_VECTOR_CORE,1790168622607870.638	,1.300,47.420000,1,0,NO,"""126""",INT32,ND,"""126""",INT64,ND,N/A
0,4294967295,1317,46,aclnnAdd_AddAiCore_Add,Add,dynamic,AI_VECTOR_CORE,1790168622607873.178	,2.480,1.200000,1,0,NO,"""126;126""",INT64;INT64,ND;ND,"""126""",INT64,ND,N/A
0,4294967295,1319,46,aclnnAdd_AddAiCore_Add,Add,dynamic,AI_VECTOR_CORE,1790168622607922.700	,1.260,47.020000,1,0,NO,"""1;1""",INT32;INT32,ND;ND,"""1""",INT32,ND,N/A
0,4294967295,1321,46,_compute_slot_mapping_kernel,_compute_slot_mapping_kernel,static,AI_VECTOR_CORE,1790168622608194.951	,120.025,270.990000,2,0,YES,"""2;126;1,1""",3247430016;32551;INT32,ND;ND;ND,"""130""",INT64,ND,N/A
0,4294967295,1322,46,aclnnSubs_SubAiCore_Sub,Sub,dynamic,AI_VECTOR_CORE,1790168622608314.996	,1.300,0.000000,1,0,NO,"""1;""",INT32;INT32,ND;ND,"""1""",INT32,ND,N/A
0,4294967295,1324,46,aclnnIndexSelect_GatherV3AiCore_GatherV3,GatherV3,dynamic,AI_VECTOR_CORE,1790168622608882.498	,12.021,566.200000,48,0,NO,"""32768,64;126;1""",DT_BF16;INT64;INT64,ND;ND;ND,"""126,64""",DT_BF16,ND,N/A
0,4294967295,1325,46,aclnnRepeat_TileAiCore_Tile,Tile,dynamic,AI_VECTOR_CORE,1790168622608899.239	,10.001,4.729000,42,0,NO,"""126,2,32;3""",DT_BF16;INT64,NCL;ND,"""126,2,64""",DT_BF16,ND,N/A
0,4294967295,1326,46,aclnnInplaceCopy_SliceAiCore_Slice,Slice,dynamic,AI_VECTOR_CORE,1790168622608946.721	,3.460,37.499000,12,0,NO,"""126,128;2;2""",DT_BF16;INT64;INT64,NCHW;ND;ND,"""126,64""",DT_BF16,NCHW,N/A
0,4294967295,1327,46,aclnnIndexSelect_GatherV3AiCore_GatherV3,GatherV3,dynamic,AI_VECTOR_CORE,1790168622608951.721	,8.141,1.540000,48,0,NO,"""32768,64;126;1""",DT_BF16;INT64;INT64,ND;ND;ND,"""126,64""",DT_BF16,ND,N/A
0,4294967295,1328,46,aclnnRepeat_TileAiCore_Tile,Tile,dynamic,AI_VECTOR_CORE,1790168622608959.882	,5.420,0.109000,42,0,NO,"""126,2,32;3""",DT_BF16;INT64,NCL;ND,"""126,2,64""",DT_BF16,ND,N/A
0,4294967295,1329,46,aclnnInplaceCopy_SliceAiCore_Slice,Slice,dynamic,AI_VECTOR_CORE,1790168622608979.942	,2.380,14.580000,12,0,NO,"""126,128;2;2""",DT_BF16;INT64;INT64,NCHW;ND;ND,"""126,64""",DT_BF16,NCHW,N/A
0,4294967295,1330,46,aclnnInplaceCopy_CastAiCore_Cast,Cast,dynamic,AI_VECTOR_CORE,1790168622609373.838	,1.160,391.370000,1,0,NO,"""126""",INT32,ND,"""126""",INT64,ND,N/A
0,4294967295,1331,46,aclnnEmbedding_GatherV2AiCore_GatherV2,GatherV2,dynamic,AI_VECTOR_CORE,1790168622609400.239	,10.141,25.340000,42,0,NO,"""151936,896;126;1""",DT_BF16;INT64;INT64,ND;ND;ND,"""126,896""",DT_BF16,ND,N/A
0,4294967295,1332,46,RmsNorm,RmsNorm,dynamic,AI_VECTOR_CORE,1790168622609542.425	,18.041,132.109000,42,0,NO,"""126,896;896""",DT_BF16;DT_BF16,ND;ND,"""126,896;126,1""",DT_BF16;FLOAT,ND;ND,N/A
0,4294967295,1333,46,aclnnAddmm_CastAiCore_Cast,Cast,dynamic,AI_VECTOR_CORE,1790168622609621.628	,1.200,61.209000,2,0,NO,"""1152""",DT_BF16,ND,"""1152""",FLOAT,ND,N/A
0,4294967295,1334,46,aclnnAddmm_MatMulCommon_MatMulV2,MatMulV2,dynamic,AI_CORE,1790168622609625.008	,8.600,2.050000,24,0,NO,"""126,896;1152,896;1152""",DT_BF16;DT_BF16;FLOAT,ND;ND;ND,"""126,1152""",DT_BF16,ND,N/A
0,4294967295,1335,46,aclnnInplaceCopy_SliceAiCore_Slice,Slice,dynamic,AI_VECTOR_CORE,1790168622609716.612	,2.140,82.900000,12,0,NO,"""126,18,64;3;3""",DT_BF16;INT64;INT64,NCL;ND;ND,"""126,14,64""",DT_BF16,NCL,N/A
0,4294967295,1336,46,aclnnInplaceCopy_SliceAiCore_Slice,Slice,dynamic,AI_VECTOR_CORE,1790168622609719.332	,2.760,0.610000,12,0,NO,"""126,18,64;3;3""",DT_BF16;INT64;INT64,NCL;ND;ND,"""126,2,64""",DT_BF16,NCL,N/A
0,4294967295,1337,46,_triton_rope,_triton_rope,static,AI_VECTOR_CORE,1790168622609922.180	,13.661,200.240000,48,0,YES,"""126,14,64;126,2,64;32768,64""",DT_BF16;32551;DT_BF16,ND;ND;ND,"""126,14,64;126,2,64""",DT_BF16;32551,ND;ND,N/A
0,4294967295,1338,46,aclnnInplaceCopy_SliceAiCore_Slice,Slice,dynamic,AI_VECTOR_CORE,1790168622610387.639	,2.840,451.839000,12,0,NO,"""126,18,64;3;3""",DT_BF16;INT64;INT64,NCL;ND;ND,"""126,2,64""",DT_BF16,NCL,N/A
0,4294967295,1339,46,ReshapeAndCacheNdKernel,ReshapeAndCacheNdKernel,dynamic,AI_VECTOR_CORE,1790168622610503.723	,9.161,113.160000,48,0,NO,"""126,2,64;126,2,64;2,128,2,64;2,128,2,64;126""",DT_BF16;DT_BF16;DT_BF16;DT_BF16;INT32,ND;ND;ND;ND;ND,"""2,128,2,64;2,128,2,64""",DT_BF16;DT_BF16,ND;ND,N/A
0,4294967295,1340,46,aclnnContiguous_SliceAiCore_Slice,Slice,dynamic,AI_VECTOR_CORE,1790168622610855.617	,2.540,342.589000,12,0,NO,"""126,18,64;3;3""",DT_BF16;INT64;INT64,NCL;ND;ND,"""126,2,64""",DT_BF16,NCL,N/A
0,4294967295,1341,46,FusedInferAttentionScore,FusedInferAttentionScore,dynamic,MIX_AIC,1790168622610914.260	,30.841,56.210000,24,48,NO,"""126,14,64;126,2,64;126,2,64;;2048,2048;1;1;;;;;;;;;;;;;;;;;;;;;;;;""",DT_BF16;DT_BF16;DT_BF16;DT_UNDEFINED;INT8;INT64;INT64;DT_UNDEFINED;DT_UNDEFINED;DT_UNDEFINED;DT_UNDEFINED;DT_UNDEFINED;DT_UNDEFINED;DT_UNDEFINED;DT_UNDEFINED;DT_UNDEFINED;DT_UNDEFINED;DT_UNDEFINED;DT_UNDEFINED;DT_UNDEFINED;DT_UNDEFINED;DT_UNDEFINED;DT_UNDEFINED;DT_UNDEFINED;DT_UNDEFINED;DT_UNDEFINED;DT_UNDEFINED;DT_UNDEFINED;DT_UNDEFINED;DT_UNDEFINED;DT_UNDEFINED,ND;ND;ND;NULL;ND;ND;ND;NULL;NULL;NULL;NULL;NULL;NULL;NULL;NULL;NULL;NULL;NULL;NULL;NULL;NULL;NULL;NULL;NULL;NULL;NULL;NULL;NULL;NULL;NULL;NULL,"""126,14,64;""",DT_BF16;FLOAT,ND;ND,0
0,4294967295,1343,46,aclnnMatmul_MatMulCommon_MatMulV2,MatMulV2,dynamic,AI_CORE,1790168622611123.228	,7.640,178.159000,24,0,NO,"""126,896;896,896""",DT_BF16;DT_BF16,ND;ND,"""126,896""",DT_BF16,ND,N/A
0,4294967295,1344,46,AddRmsNormBias,AddRmsNormBias,dynamic,AI_VECTOR_CORE,1790168622611210.212	,14.860,79.360000,42,0,NO,"""126,896;126,896;896;""",DT_BF16;DT_BF16;DT_BF16;DT_UNDEFINED,ND;ND;ND;NULL,"""126,896;126,1;126,896""",DT_BF16;FLOAT;DT_BF16,ND;ND;ND,N/A
0,4294967295,1345,46,aclnnMatmul_MatMulCommon_MatMulV2,MatMulV2,dynamic,AI_CORE,1790168622611252.713	,23.861,27.640000,22,0,NO,"""126,896;9728,896""",DT_BF16;DT_BF16,ND;ND,"""126,9728""",DT_BF16,ND,N/A
0,4294967295,1346,46,SwiGlu,SwiGlu,dynamic,AI_VECTOR_CORE,1790168622611294.055	,17.321,17.389000,48,0,NO,"""126,9728""",DT_BF16,ND,"""126,4864""",DT_BF16,ND,N/A
0,4294967295,1347,46,aclnnMatmul_MatMulCommon_MatMulV2,MatMulV2,dynamic,AI_CORE,1790168622611327.976	,22.101,16.679000,24,0,NO,"""126,4864;896,4864""",DT_BF16;DT_BF16,ND;ND,"""126,896""",DT_BF16,ND,N/A
0,4294967295,1348,46,AddRmsNormBias,AddRmsNormBias,dynamic,AI_VECTOR_CORE,1790168622611403.299	,11.701,53.149000,42,0,NO,"""126,896;126,896;896;""",DT_BF16;DT_BF16;DT_BF16;DT_UNDEFINED,ND;ND;ND;NULL,"""126,896;126,1;126,896""",DT_BF16;FLOAT;DT_BF16,ND;ND;ND,N/A
0,4294967295,1349,46,aclnnAddmm_CastAiCore_Cast,Cast,dynamic,AI_VECTOR_CORE,1790168622611449.381	,1.120,34.549000,2,0,NO,"""1152""",DT_BF16,ND,"""1152""",FLOAT,ND,N/A
0,4294967295,1350,46,aclnnAddmm_MatMulCommon_MatMulV2,MatMulV2,dynamic,AI_CORE,1790168622611451.921	,9.041,1.380000,24,0,NO,"""126,896;1152,896;1152""",DT_BF16;DT_BF16;FLOAT,ND;ND;ND,"""126,1152""",DT_BF16,ND,N/A
0,4294967295,1351,46,aclnnInplaceCopy_SliceAiCore_Slice,Slice,dynamic,AI_VECTOR_CORE,1790168622611515.564	,2.860,54.459000,12,0,NO,"""126,18,64;3;3""",DT_BF16;INT64;INT64,NCL;ND;ND,"""126,14,64""",DT_BF16,NCL,N/A
0,4294967295,1352,46,aclnnInplaceCopy_SliceAiCore_Slice,Slice,dynamic,AI_VECTOR_CORE,1790168622611518.444	,2.920,0.140000,12,0,NO,"""126,18,64;3;3""",DT_BF16;INT64;INT64,NCL;ND;ND,"""126,2,64""",DT_BF16,NCL,N/A
0,4294967295,1353,46,_triton_rope,_triton_rope,static,AI_VECTOR_CORE,1790168622611708.571	,12.581,187.080000,48,0,YES,"""126,14,64;126,2,64;32768,64""",DT_BF16;32551;DT_BF16,ND;ND;ND,"""126,14,64;126,2,64""",DT_BF16;32551,ND;ND,N/A
0,4294967295,1354,46,aclnnInplaceCopy_SliceAiCore_Slice,Slice,dynamic,AI_VECTOR_CORE,1790168622612072.446	,2.860,351.419000,12,0,NO,"""126,18,64;3;3""",DT_BF16;INT64;INT64,NCL;ND;ND,"""126,2,64""",DT_BF16,NCL,N/A
0,4294967295,1355,46,ReshapeAndCacheNdKernel,ReshapeAndCacheNdKernel,dynamic,AI_VECTOR_CORE,1790168622612109.467	,9.461,34.140000,48,0,NO,"""126,2,64;126,2,64;2,128,2,64;2,128,2,64;126""",DT_BF16;DT_BF16;DT_BF16;DT_BF16;INT32,ND;ND;ND;ND;ND,"""2,128,2,64;2,128,2,64""",DT_BF16;DT_BF16,ND;ND,N/A
0,4294967295,1356,46,aclnnContiguous_SliceAiCore_Slice,Slice,dynamic,AI_VECTOR_CORE,1790168622612474.642	,2.980,355.789000,12,0,NO,"""126,18,64;3;3""",DT_BF16;INT64;INT64,NCL;ND;ND,"""126,2,64""",DT_BF16,NCL,N/A
0,4294967295,1357,46,FusedInferAttentionScore,FusedInferAttentionScore,dynamic,MIX_AIC,1790168622612501.203	,28.701,23.520000,24,48,NO,"""126,14,64;126,2,64;126,2,64;;2048,2048;1;1;;;;;;;;;;;;;;;;;;;;;;;;""",DT_BF16;DT_BF16;DT_BF16;DT_UNDEFINED;INT8;INT64;INT64;DT_UNDEFINED;DT_UNDEFINED;DT_UNDEFINED;DT_UNDEFINED;DT_UNDEFINED;DT_UNDEFINED;DT_UNDEFINED;DT_UNDEFINED;DT_UNDEFINED;DT_UNDEFINED;DT_UNDEFINED;DT_UNDEFINED;DT_UNDEFINED;DT_UNDEFINED;DT_UNDEFINED;DT_UNDEFINED;DT_UNDEFINED;DT_UNDEFINED;DT_UNDEFINED;DT_UNDEFINED;DT_UNDEFINED;DT_UNDEFINED;DT_UNDEFINED;DT_UNDEFINED,ND;ND;ND;NULL;ND;ND;ND;NULL;NULL;NULL;NULL;NULL;NULL;NULL;NULL;NULL;NULL;NULL;NULL;NULL;NULL;NULL;NULL;NULL;NULL;NULL;NULL;NULL;NULL;NULL;NULL,"""126,14,64;""",DT_BF16;FLOAT,ND;ND,0
0,4294967295,1359,46,aclnnMatmul_MatMulCommon_MatMulV2,MatMulV2,dynamic,AI_CORE,1790168622612742.353	,7.600,212.299000,24,0,NO,"""126,896;896,896""",DT_BF16;DT_BF16,ND;ND,"""126,896""",DT_BF16,ND,N/A
0,4294967295,1360,46,AddRmsNormBias,AddRmsNormBias,dynamic,AI_VECTOR_CORE,1790168622612810.655	,15.581,60.900000,42,0,NO,"""126,896;126,896;896;""",DT_BF16;DT_BF16;DT_BF16;DT_UNDEFINED,ND;ND;ND;NULL,"""126,896;126,1;126,896""",DT_BF16;FLOAT;DT_BF16,ND;ND;ND,N/A
0,4294967295,1361,46,aclnnMatmul_MatMulCommon_MatMulV2,MatMulV2,dynamic,AI_CORE,1790168622612859.397	,22.921,33.169000,22,0,NO,"""126,896;9728,896""",DT_BF16;DT_BF16,ND;ND,"""126,9728""",DT_BF16,ND,N/A
0,4294967295,1362,46,SwiGlu,SwiGlu,dynamic,AI_VECTOR_CORE,1790168622612890.599	,15.440,8.079000,48,0,NO,"""126,9728""",DT_BF16,ND,"""126,4864""",DT_BF16,ND,N/A
0,4294967295,1363,46,aclnnMatmul_MatMulCommon_MatMulV2,MatMulV2,dynamic,AI_CORE,1790168622612924.000	,21.681,18.060000,24,0,NO,"""126,4864;896,4864""",DT_BF16;DT_BF16,ND;ND,"""126,896""",DT_BF16,ND,N/A
0,4294967295,1364,46,AddRmsNormBias,AddRmsNormBias,dynamic,AI_VECTOR_CORE,1790168622612989.163	,12.960,43.569000,42,0,NO,"""126,896;126,896;896;""",DT_BF16;DT_BF16;DT_BF16;DT_UNDEFINED,ND;ND;ND;NULL,"""126,896;126,1;126,896""",DT_BF16;FLOAT;DT_BF16,ND;ND;ND,N/A
0,4294967295,1365,46,aclnnAddmm_CastAiCore_Cast,Cast,dynamic,AI_VECTOR_CORE,1790168622613031.644	,1.220,29.540000,2,0,NO,"""1152""",DT_BF16,ND,"""1152""",FLOAT,ND,N/A
0,4294967295,1366,46,aclnnAddmm_MatMulCommon_MatMulV2,MatMulV2,dynamic,AI_CORE,1790168622613034.904	,8.701,2.030000,24,0,NO,"""126,896;1152,896;1152""",DT_BF16;DT_BF16;FLOAT,ND;ND;ND,"""126,1152""",DT_BF16,ND,N/A
0,4294967295,1367,46,aclnnInplaceCopy_SliceAiCore_Slice,Slice,dynamic,AI_VECTOR_CORE,1790168622613093.827	,2.940,50.049000,12,0,NO,"""126,18,64;3;3""",DT_BF16;INT64;INT64,NCL;ND;ND,"""126,14,64""",DT_BF16,NCL,N/A
0,4294967295,1368,46,aclnnInplaceCopy_SliceAiCore_Slice,Slice,dynamic,AI_VECTOR_CORE,1790168622613096.787	,2.980,0.060000,12,0,NO,"""126,18,64;3;3""",DT_BF16;INT64;INT64,NCL;ND;ND,"""126,2,64""",DT_BF16,NCL,N/A
0,4294967295,1369,46,_triton_rope,_triton_rope,static,AI_VECTOR_CORE,1790168622613290.975	,12.500,191.270000,48,0,YES,"""126,14,64;126,2,64;32768,64""",DT_BF16;32551;DT_BF16,ND;ND;ND,"""126,14,64;126,2,64""",DT_BF16;32551,ND;ND,N/A
0,4294967295,1370,46,aclnnInplaceCopy_SliceAiCore_Slice,Slice,dynamic,AI_VECTOR_CORE,1790168622613654.429	,2.920,351.000000,12,0,NO,"""126,18,64;3;3""",DT_BF16;INT64;INT64,NCL;ND;ND,"""126,2,64""",DT_BF16,NCL,N/A
0,4294967295,1371,46,ReshapeAndCacheNdKernel,ReshapeAndCacheNdKernel,dynamic,AI_VECTOR_CORE,1790168622613685.810	,9.241,28.330000,48,0,NO,"""126,2,64;126,2,64;2,128,2,64;2,128,2,64;126""",DT_BF16;DT_BF16;DT_BF16;DT_BF16;INT32,ND;ND;ND;ND;ND,"""2,128,2,64;2,128,2,64""",DT_BF16;DT_BF16,ND;ND,N/A
0,4294967295,1372,46,aclnnContiguous_SliceAiCore_Slice,Slice,dynamic,AI_VECTOR_CORE,1790168622614044.205	,3.200,349.259000,12,0,NO,"""126,18,64;3;3""",DT_BF16;INT64;INT64,NCL;ND;ND,"""126,2,64""",DT_BF16,NCL,N/A
0,4294967295,1373,46,FusedInferAttentionScore,FusedInferAttentionScore,dynamic,MIX_AIC,1790168622614068.446	,30.201,21.050000,24,48,NO,"""126,14,64;126,2,64;126,2,64;;2048,2048;1;1;;;;;;;;;;;;;;;;;;;;;;;;""",DT_BF16;DT_BF16;DT_BF16;DT_UNDEFINED;INT8;INT64;INT64;DT_UNDEFINED;DT_UNDEFINED;DT_UNDEFINED;DT_UNDEFINED;DT_UNDEFINED;DT_UNDEFINED;DT_UNDEFINED;DT_UNDEFINED;DT_UNDEFINED;DT_UNDEFINED;DT_UNDEFINED;DT_UNDEFINED;DT_UNDEFINED;DT_UNDEFINED;DT_UNDEFINED;DT_UNDEFINED;DT_UNDEFINED;DT_UNDEFINED;DT_UNDEFINED;DT_UNDEFINED;DT_UNDEFINED;DT_UNDEFINED;DT_UNDEFINED;DT_UNDEFINED,ND;ND;ND;NULL;ND;ND;ND;NULL;NULL;NULL;NULL;NULL;NULL;NULL;NULL;NULL;NULL;NULL;NULL;NULL;NULL;NULL;NULL;NULL;NULL;NULL;NULL;NULL;NULL;NULL;NULL,"""126,14,64;""",DT_BF16;FLOAT,ND;ND,0
0,4294967295,1375,46,aclnnMatmul_MatMulCommon_MatMulV2,MatMulV2,dynamic,AI_CORE,1790168622614313.316	,7.560,214.549000,24,0,NO,"""126,896;896,896""",DT_BF16;DT_BF16,ND;ND,"""126,896""",DT_BF16,ND,N/A
0,4294967295,1376,46,AddRmsNormBias,AddRmsNormBias,dynamic,AI_VECTOR_CORE,1790168622614385.258	,13.221,64.440000,42,0,NO,"""126,896;126,896;896;""",DT_BF16;DT_BF16;DT_BF16;DT_UNDEFINED,ND;ND;ND;NULL,"""126,896;126,1;126,896""",DT_BF16;FLOAT;DT_BF16,ND;ND;ND,N/A
0,4294967295,1377,46,aclnnMatmul_MatMulCommon_MatMulV2,MatMulV2,dynamic,AI_CORE,1790168622614430.500	,23.781,32.029000,22,0,NO,"""126,896;9728,896""",DT_BF16;DT_BF16,ND;ND,"""126,9728""",DT_BF16,ND,N/A
0,4294967295,1378,46,SwiGlu,SwiGlu,dynamic,AI_VECTOR_CORE,1790168622614461.962	,15.680,7.719000,48,0,NO,"""126,9728""",DT_BF16,ND,"""126,4864""",DT_BF16,ND,N/A
0,4294967295,1379,46,aclnnMatmul_MatMulCommon_MatMulV2,MatMulV2,dynamic,AI_CORE,1790168622614495.943	,21.961,18.320000,24,0,NO,"""126,4864;896,4864""",DT_BF16;DT_BF16,ND;ND,"""126,896""",DT_BF16,ND,N/A
0,4294967295,1380,46,AddRmsNormBias,AddRmsNormBias,dynamic,AI_VECTOR_CORE,1790168622614560.085	,11.321,42.039000,42,0,NO,"""126,896;126,896;896;""",DT_BF16;DT_BF16;DT_BF16;DT_UNDEFINED,ND;ND;ND;NULL,"""126,896;126,1;126,896""",DT_BF16;FLOAT;DT_BF16,ND;ND;ND,N/A
0,4294967295,1381,46,aclnnAddmm_CastAiCore_Cast,Cast,dynamic,AI_VECTOR_CORE,1790168622614600.947	,1.160,29.679000,2,0,NO,"""1152""",DT_BF16,ND,"""1152""",FLOAT,ND,N/A
0,4294967295,1382,46,aclnnAddmm_MatMulCommon_MatMulV2,MatMulV2,dynamic,AI_CORE,1790168622614604.347	,8.881,2.090000,24,0,NO,"""126,896;1152,896;1152""",DT_BF16;DT_BF16;FLOAT,ND;ND;ND,"""126,1152""",DT_BF16,ND,N/A
0,4294967295,1383,46,aclnnInplaceCopy_SliceAiCore_Slice,Slice,dynamic,AI_VECTOR_CORE,1790168622614665.810	,2.860,52.619000,12,0,NO,"""126,18,64;3;3""",DT_BF16;INT64;INT64,NCL;ND;ND,"""126,14,64""",DT_BF16,NCL,N/A
0,4294967295,1384,46,aclnnInplaceCopy_SliceAiCore_Slice,Slice,dynamic,AI_VECTOR_CORE,1790168622614669.290	,2.920,0.640000,12,0,NO,"""126,18,64;3;3""",DT_BF16;INT64;INT64,NCL;ND;ND,"""126,2,64""",DT_BF16,NCL,N/A
0,4294967295,1385,46,_triton_rope,_triton_rope,static,AI_VECTOR_CORE,1790168622614851.557	,12.481,179.330000,48,0,YES,"""126,14,64;126,2,64;32768,64""",DT_BF16;32551;DT_BF16,ND;ND;ND,"""126,14,64;126,2,64""",DT_BF16;32551,ND;ND,N/A
0,4294967295,1386,46,aclnnInplaceCopy_SliceAiCore_Slice,Slice,dynamic,AI_VECTOR_CORE,1790168622615212.272	,2.920,348.269000,12,0,NO,"""126,18,64;3;3""",DT_BF16;INT64;INT64,NCL;ND;ND,"""126,2,64""",DT_BF16,NCL,N/A
0,4294967295,1387,46,ReshapeAndCacheNdKernel,ReshapeAndCacheNdKernel,dynamic,AI_VECTOR_CORE,1790168622615238.433	,9.400,23.330000,48,0,NO,"""126,2,64;126,2,64;2,128,2,64;2,128,2,64;126""",DT_BF16;DT_BF16;DT_BF16;DT_BF16;INT32,ND;ND;ND;ND;ND,"""2,128,2,64;2,128,2,64""",DT_BF16;DT_BF16,ND;ND,N/A
0,4294967295,1388,46,aclnnContiguous_SliceAiCore_Slice,Slice,dynamic,AI_VECTOR_CORE,1790168622615589.487	,2.900,341.600000,12,0,NO,"""126,18,64;3;3""",DT_BF16;INT64;INT64,NCL;ND;ND,"""126,2,64""",DT_BF16,NCL,N/A
0,4294967295,1389,46,FusedInferAttentionScore,FusedInferAttentionScore,dynamic,MIX_AIC,1790168622615612.508	,28.881,20.100000,24,48,NO,"""126,14,64;126,2,64;126,2,64;;2048,2048;1;1;;;;;;;;;;;;;;;;;;;;;;;;""",DT_BF16;DT_BF16;DT_BF16;DT_UNDEFINED;INT8;INT64;INT64;DT_UNDEFINED;DT_UNDEFINED;DT_UNDEFINED;DT_UNDEFINED;DT_UNDEFINED;DT_UNDEFINED;DT_UNDEFINED;DT_UNDEFINED;DT_UNDEFINED;DT_UNDEFINED;DT_UNDEFINED;DT_UNDEFINED;DT_UNDEFINED;DT_UNDEFINED;DT_UNDEFINED;DT_UNDEFINED;DT_UNDEFINED;DT_UNDEFINED;DT_UNDEFINED;DT_UNDEFINED;DT_UNDEFINED;DT_UNDEFINED;DT_UNDEFINED;DT_UNDEFINED,ND;ND;ND;NULL;ND;ND;ND;NULL;NULL;NULL;NULL;NULL;NULL;NULL;NULL;NULL;NULL;NULL;NULL;NULL;NULL;NULL;NULL;NULL;NULL;NULL;NULL;NULL;NULL;NULL;NULL,"""126,14,64;""",DT_BF16;FLOAT,ND;ND,0
0,4294967295,1391,46,aclnnMatmul_MatMulCommon_MatMulV2,MatMulV2,dynamic,AI_CORE,1790168622615858.557	,7.941,217.119000,24,0,NO,"""126,896;896,896""",DT_BF16;DT_BF16,ND;ND,"""126,896""",DT_BF16,ND,N/A
0,4294967295,1392,46,AddRmsNormBias,AddRmsNormBias,dynamic,AI_VECTOR_CORE,1790168622615929.560	,12.641,63.059000,42,0,NO,"""126,896;126,896;896;""",DT_BF16;DT_BF16;DT_BF16;DT_UNDEFINED,ND;ND;ND;NULL,"""126,896;126,1;126,896""",DT_BF16;FLOAT;DT_BF16,ND;ND;ND,N/A
0,4294967295,1393,46,aclnnMatmul_MatMulCommon_MatMulV2,MatMulV2,dynamic,AI_CORE,1790168622615973.902	,22.781,31.859000,22,0,NO,"""126,896;9728,896""",DT_BF16;DT_BF16,ND;ND,"""126,9728""",DT_BF16,ND,N/A
0,4294967295,1394,46,SwiGlu,SwiGlu,dynamic,AI_VECTOR_CORE,1790168622616006.743	,14.901,9.969000,48,0,NO,"""126,9728""",DT_BF16,ND,"""126,4864""",DT_BF16,ND,N/A
0,4294967295,1395,46,aclnnMatmul_MatMulCommon_MatMulV2,MatMulV2,dynamic,AI_CORE,1790168622616042.905	,21.381,21.349000,24,0,NO,"""126,4864;896,4864""",DT_BF16;DT_BF16,ND;ND,"""126,896""",DT_BF16,ND,N/A
0,4294967295,1396,46,AddRmsNormBias,AddRmsNormBias,dynamic,AI_VECTOR_CORE,1790168622616106.567	,11.261,42.119000,42,0,NO,"""126,896;126,896;896;""",DT_BF16;DT_BF16;DT_BF16;DT_UNDEFINED,ND;ND;ND;NULL,"""126,896;126,1;126,896""",DT_BF16;FLOAT;DT_BF16,ND;ND;ND,N/A
0,4294967295,1397,46,aclnnAddmm_CastAiCore_Cast,Cast,dynamic,AI_VECTOR_CORE,1790168622616150.309	,1.060,32.489000,2,0,NO,"""1152""",DT_BF16,ND,"""1152""",FLOAT,ND,N/A
0,4294967295,1398,46,aclnnAddmm_MatMulCommon_MatMulV2,MatMulV2,dynamic,AI_CORE,1790168622616153.129	,8.460,1.940000,24,0,NO,"""126,896;1152,896;1152""",DT_BF16;DT_BF16;FLOAT,ND;ND;ND,"""126,1152""",DT_BF16,ND,N/A
0,4294967295,1399,46,aclnnInplaceCopy_SliceAiCore_Slice,Slice,dynamic,AI_VECTOR_CORE,1790168622616213.092	,2.920,51.290000,12,0,NO,"""126,18,64;3;3""",DT_BF16;INT64;INT64,NCL;ND;ND,"""126,14,64""",DT_BF16,NCL,N/A
0,4294967295,1400,46,aclnnInplaceCopy_SliceAiCore_Slice,Slice,dynamic,AI_VECTOR_CORE,1790168622616216.032	,2.840,0.080000,12,0,NO,"""126,18,64;3;3""",DT_BF16;INT64;INT64,NCL;ND;ND,"""126,2,64""",DT_BF16,NCL,N/A
0,4294967295,1401,46,_triton_rope,_triton_rope,static,AI_VECTOR_CORE,1790168622616401.679	,12.961,182.910000,48,0,YES,"""126,14,64;126,2,64;32768,64""",DT_BF16;32551;DT_BF16,ND;ND;ND,"""126,14,64;126,2,64""",DT_BF16;32551,ND;ND,N/A
0,4294967295,1402,46,aclnnInplaceCopy_SliceAiCore_Slice,Slice,dynamic,AI_VECTOR_CORE,1790168622616760.873	,2.861,346.039000,12,0,NO,"""126,18,64;3;3""",DT_BF16;INT64;INT64,NCL;ND;ND,"""126,2,64""",DT_BF16,NCL,N/A
0,4294967295,1403,46,ReshapeAndCacheNdKernel,ReshapeAndCacheNdKernel,dynamic,AI_VECTOR_CORE,1790168622616782.914	,9.341,19.389000,48,0,NO,"""126,2,64;126,2,64;2,128,2,64;2,128,2,64;126""",DT_BF16;DT_BF16;DT_BF16;DT_BF16;INT32,ND;ND;ND;ND;ND,"""2,128,2,64;2,128,2,64""",DT_BF16;DT_BF16,ND;ND,N/A
0,4294967295,1404,46,aclnnContiguous_SliceAiCore_Slice,Slice,dynamic,AI_VECTOR_CORE,1790168622617136.288	,3.041,343.909000,12,0,NO,"""126,18,64;3;3""",DT_BF16;INT64;INT64,NCL;ND;ND,"""126,2,64""",DT_BF16,NCL,N/A
0,4294967295,1405,46,FusedInferAttentionScore,FusedInferAttentionScore,dynamic,MIX_AIC,1790168622617148.509	,34.821,9.209000,24,48,NO,"""126,14,64;126,2,64;126,2,64;;2048,2048;1;1;;;;;;;;;;;;;;;;;;;;;;;;""",DT_BF16;DT_BF16;DT_BF16;DT_UNDEFINED;INT8;INT64;INT64;DT_UNDEFINED;DT_UNDEFINED;DT_UNDEFINED;DT_UNDEFINED;DT_UNDEFINED;DT_UNDEFINED;DT_UNDEFINED;DT_UNDEFINED;DT_UNDEFINED;DT_UNDEFINED;DT_UNDEFINED;DT_UNDEFINED;DT_UNDEFINED;DT_UNDEFINED;DT_UNDEFINED;DT_UNDEFINED;DT_UNDEFINED;DT_UNDEFINED;DT_UNDEFINED;DT_UNDEFINED;DT_UNDEFINED;DT_UNDEFINED;DT_UNDEFINED;DT_UNDEFINED,ND;ND;ND;NULL;ND;ND;ND;NULL;NULL;NULL;NULL;NULL;NULL;NULL;NULL;NULL;NULL;NULL;NULL;NULL;NULL;NULL;NULL;NULL;NULL;NULL;NULL;NULL;NULL;NULL;NULL,"""126,14,64;""",DT_BF16;FLOAT,ND;ND,0
0,4294967295,1407,46,aclnnMatmul_MatMulCommon_MatMulV2,MatMulV2,dynamic,AI_CORE,1790168622617417.020	,7.420,233.679000,24,0,NO,"""126,896;896,896""",DT_BF16;DT_BF16,ND;ND,"""126,896""",DT_BF16,ND,N/A
0,4294967295,1408,46,AddRmsNormBias,AddRmsNormBias,dynamic,AI_VECTOR_CORE,1790168622617489.963	,13.620,65.580000,42,0,NO,"""126,896;126,896;896;""",DT_BF16;DT_BF16;DT_BF16;DT_UNDEFINED,ND;ND;ND;NULL,"""126,896;126,1;126,896""",DT_BF16;FLOAT;DT_BF16,ND;ND;ND,N/A
0,4294967295,1409,46,aclnnMatmul_MatMulCommon_MatMulV2,MatMulV2,dynamic,AI_CORE,1790168622617532.824	,23.341,29.130000,22,0,NO,"""126,896;9728,896""",DT_BF16;DT_BF16,ND;ND,"""126,9728""",DT_BF16,ND,N/A
0,4294967295,1410,46,SwiGlu,SwiGlu,dynamic,AI_VECTOR_CORE,1790168622617564.086	,15.200,7.909000,48,0,NO,"""126,9728""",DT_BF16,ND,"""126,4864""",DT_BF16,ND,N/A
0,4294967295,1411,46,aclnnMatmul_MatMulCommon_MatMulV2,MatMulV2,dynamic,AI_CORE,1790168622617594.907	,21.941,15.800000,24,0,NO,"""126,4864;896,4864""",DT_BF16;DT_BF16,ND;ND,"""126,896""",DT_BF16,ND,N/A
0,4294967295,1412,46,AddRmsNormBias,AddRmsNormBias,dynamic,AI_VECTOR_CORE,1790168622617656.529	,11.061,39.559000,42,0,NO,"""126,896;126,896;896;""",DT_BF16;DT_BF16;DT_BF16;DT_UNDEFINED,ND;ND;ND;NULL,"""126,896;126,1;126,896""",DT_BF16;FLOAT;DT_BF16,ND;ND;ND,N/A
0,4294967295,1413,46,aclnnAddmm_CastAiCore_Cast,Cast,dynamic,AI_VECTOR_CORE,1790168622617703.291	,1.100,35.689000,2,0,NO,"""1152""",DT_BF16,ND,"""1152""",FLOAT,ND,N/A
0,4294967295,1414,46,aclnnAddmm_MatMulCommon_MatMulV2,MatMulV2,dynamic,AI_CORE,1790168622617705.791	,8.921,1.400000,24,0,NO,"""126,896;1152,896;1152""",DT_BF16;DT_BF16;FLOAT,ND;ND;ND,"""126,1152""",DT_BF16,ND,N/A
0,4294967295,1415,46,aclnnInplaceCopy_SliceAiCore_Slice,Slice,dynamic,AI_VECTOR_CORE,1790168622617766.014	,2.940,51.329000,12,0,NO,"""126,18,64;3;3""",DT_BF16;INT64;INT64,NCL;ND;ND,"""126,14,64""",DT_BF16,NCL,N/A
0,4294967295,1416,46,aclnnInplaceCopy_SliceAiCore_Slice,Slice,dynamic,AI_VECTOR_CORE,1790168622617768.974	,2.820,0.060000,12,0,NO,"""126,18,64;3;3""",DT_BF16;INT64;INT64,NCL;ND;ND,"""126,2,64""",DT_BF16,NCL,N/A
0,4294967295,1417,46,_triton_rope,_triton_rope,static,AI_VECTOR_CORE,1790168622617953.901	,12.561,182.180000,48,0,YES,"""126,14,64;126,2,64;32768,64""",DT_BF16;32551;DT_BF16,ND;ND;ND,"""126,14,64;126,2,64""",DT_BF16;32551,ND;ND,N/A
0,4294967295,1418,46,aclnnInplaceCopy_SliceAiCore_Slice,Slice,dynamic,AI_VECTOR_CORE,1790168622618297.935	,2.780,331.439000,12,0,NO,"""126,18,64;3;3""",DT_BF16;INT64;INT64,NCL;ND;ND,"""126,2,64""",DT_BF16,NCL,N/A
0,4294967295,1419,46,ReshapeAndCacheNdKernel,ReshapeAndCacheNdKernel,dynamic,AI_VECTOR_CORE,1790168622618322.616	,9.020,21.720000,48,0,NO,"""126,2,64;126,2,64;2,128,2,64;2,128,2,64;126""",DT_BF16;DT_BF16;DT_BF16;DT_BF16;INT32,ND;ND;ND;ND;ND,"""2,128,2,64;2,128,2,64""",DT_BF16;DT_BF16,ND;ND,N/A
0,4294967295,1420,46,aclnnContiguous_SliceAiCore_Slice,Slice,dynamic,AI_VECTOR_CORE,1790168622618676.050	,2.860,344.480000,12,0,NO,"""126,18,64;3;3""",DT_BF16;INT64;INT64,NCL;ND;ND,"""126,2,64""",DT_BF16,NCL,N/A
0,4294967295,1421,46,FusedInferAttentionScore,FusedInferAttentionScore,dynamic,MIX_AIC,1790168622618693.011	,29.221,14.140000,24,48,NO,"""126,14,64;126,2,64;126,2,64;;2048,2048;1;1;;;;;;;;;;;;;;;;;;;;;;;;""",DT_BF16;DT_BF16;DT_BF16;DT_UNDEFINED;INT8;INT64;INT64;DT_UNDEFINED;DT_UNDEFINED;DT_UNDEFINED;DT_UNDEFINED;DT_UNDEFINED;DT_UNDEFINED;DT_UNDEFINED;DT_UNDEFINED;DT_UNDEFINED;DT_UNDEFINED;DT_UNDEFINED;DT_UNDEFINED;DT_UNDEFINED;DT_UNDEFINED;DT_UNDEFINED;DT_UNDEFINED;DT_UNDEFINED;DT_UNDEFINED;DT_UNDEFINED;DT_UNDEFINED;DT_UNDEFINED;DT_UNDEFINED;DT_UNDEFINED;DT_UNDEFINED,ND;ND;ND;NULL;ND;ND;ND;NULL;NULL;NULL;NULL;NULL;NULL;NULL;NULL;NULL;NULL;NULL;NULL;NULL;NULL;NULL;NULL;NULL;NULL;NULL;NULL;NULL;NULL;NULL;NULL,"""126,14,64;""",DT_BF16;FLOAT,ND;ND,0
0,4294967295,1423,46,aclnnMatmul_MatMulCommon_MatMulV2,MatMulV2,dynamic,AI_CORE,1790168622618948.281	,7.380,226.029000,24,0,NO,"""126,896;896,896""",DT_BF16;DT_BF16,ND;ND,"""126,896""",DT_BF16,ND,N/A
0,4294967295,1424,46,AddRmsNormBias,AddRmsNormBias,dynamic,AI_VECTOR_CORE,1790168622619018.104	,13.260,62.370000,42,0,NO,"""126,896;126,896;896;""",DT_BF16;DT_BF16;DT_BF16;DT_UNDEFINED,ND;ND;ND;NULL,"""126,896;126,1;126,896""",DT_BF16;FLOAT;DT_BF16,ND;ND;ND,N/A
0,4294967295,1425,46,aclnnMatmul_MatMulCommon_MatMulV2,MatMulV2,dynamic,AI_CORE,1790168622619059.265	,23.041,27.990000,22,0,NO,"""126,896;9728,896""",DT_BF16;DT_BF16,ND;ND,"""126,9728""",DT_BF16,ND,N/A
0,4294967295,1426,46,SwiGlu,SwiGlu,dynamic,AI_VECTOR_CORE,1790168622619094.627	,15.540,12.459000,48,0,NO,"""126,9728""",DT_BF16,ND,"""126,4864""",DT_BF16,ND,N/A
0,4294967295,1427,46,aclnnMatmul_MatMulCommon_MatMulV2,MatMulV2,dynamic,AI_CORE,1790168622619127.848	,21.841,17.460000,24,0,NO,"""126,4864;896,4864""",DT_BF16;DT_BF16,ND;ND,"""126,896""",DT_BF16,ND,N/A
0,4294967295,1428,46,AddRmsNormBias,AddRmsNormBias,dynamic,AI_VECTOR_CORE,1790168622619191.031	,11.460,41.409000,42,0,NO,"""126,896;126,896;896;""",DT_BF16;DT_BF16;DT_BF16;DT_UNDEFINED,ND;ND;ND;NULL,"""126,896;126,1;126,896""",DT_BF16;FLOAT;DT_BF16,ND;ND;ND,N/A
0,4294967295,1429,46,aclnnAddmm_CastAiCore_Cast,Cast,dynamic,AI_VECTOR_CORE,1790168622619234.892	,1.180,32.540000,2,0,NO,"""1152""",DT_BF16,ND,"""1152""",FLOAT,ND,N/A
0,4294967295,1430,46,aclnnAddmm_MatMulCommon_MatMulV2,MatMulV2,dynamic,AI_CORE,1790168622619237.412	,9.141,1.320000,24,0,NO,"""126,896;1152,896;1152""",DT_BF16;DT_BF16;FLOAT,ND;ND;ND,"""126,1152""",DT_BF16,ND,N/A
0,4294967295,1431,46,aclnnInplaceCopy_SliceAiCore_Slice,Slice,dynamic,AI_VECTOR_CORE,1790168622619298.735	,2.920,52.109000,12,0,NO,"""126,18,64;3;3""",DT_BF16;INT64;INT64,NCL;ND;ND,"""126,14,64""",DT_BF16,NCL,N/A
0,4294967295,1432,46,aclnnInplaceCopy_SliceAiCore_Slice,Slice,dynamic,AI_VECTOR_CORE,1790168622619301.835	,2.960,0.080000,12,0,NO,"""126,18,64;3;3""",DT_BF16;INT64;INT64,NCL;ND;ND,"""126,2,64""",DT_BF16,NCL,N/A
0,4294967295,1433,46,_triton_rope,_triton_rope,static,AI_VECTOR_CORE,1790168622619484.802	,12.461,180.040000,48,0,YES,"""126,14,64;126,2,64;32768,64""",DT_BF16;32551;DT_BF16,ND;ND;ND,"""126,14,64;126,2,64""",DT_BF16;32551,ND;ND,N/A
0,4294967295,1434,46,aclnnInplaceCopy_SliceAiCore_Slice,Slice,dynamic,AI_VECTOR_CORE,1790168622619834.456	,2.800,337.289000,12,0,NO,"""126,18,64;3;3""",DT_BF16;INT64;INT64,NCL;ND;ND,"""126,2,64""",DT_BF16,NCL,N/A
0,4294967295,1435,46,ReshapeAndCacheNdKernel,ReshapeAndCacheNdKernel,dynamic,AI_VECTOR_CORE,1790168622619861.157	,9.521,23.950000,48,0,NO,"""126,2,64;126,2,64;2,128,2,64;2,128,2,64;126""",DT_BF16;DT_BF16;DT_BF16;DT_BF16;INT32,ND;ND;ND;ND;ND,"""2,128,2,64;2,128,2,64""",DT_BF16;DT_BF16,ND;ND,N/A
0,4294967295,1436,46,aclnnContiguous_SliceAiCore_Slice,Slice,dynamic,AI_VECTOR_CORE,1790168622620201.891	,2.900,331.229000,12,0,NO,"""126,18,64;3;3""",DT_BF16;INT64;INT64,NCL;ND;ND,"""126,2,64""",DT_BF16,NCL,N/A
0,4294967295,1437,46,FusedInferAttentionScore,FusedInferAttentionScore,dynamic,MIX_AIC,1790168622620216.532	,29.561,11.600000,24,48,NO,"""126,14,64;126,2,64;126,2,64;;2048,2048;1;1;;;;;;;;;;;;;;;;;;;;;;;;""",DT_BF16;DT_BF16;DT_BF16;DT_UNDEFINED;INT8;INT64;INT64;DT_UNDEFINED;DT_UNDEFINED;DT_UNDEFINED;DT_UNDEFINED;DT_UNDEFINED;DT_UNDEFINED;DT_UNDEFINED;DT_UNDEFINED;DT_UNDEFINED;DT_UNDEFINED;DT_UNDEFINED;DT_UNDEFINED;DT_UNDEFINED;DT_UNDEFINED;DT_UNDEFINED;DT_UNDEFINED;DT_UNDEFINED;DT_UNDEFINED;DT_UNDEFINED;DT_UNDEFINED;DT_UNDEFINED;DT_UNDEFINED;DT_UNDEFINED;DT_UNDEFINED,ND;ND;ND;NULL;ND;ND;ND;NULL;NULL;NULL;NULL;NULL;NULL;NULL;NULL;NULL;NULL;NULL;NULL;NULL;NULL;NULL;NULL;NULL;NULL;NULL;NULL;NULL;NULL;NULL;NULL,"""126,14,64;""",DT_BF16;FLOAT,ND;ND,0
0,4294967295,1439,46,aclnnMatmul_MatMulCommon_MatMulV2,MatMulV2,dynamic,AI_CORE,1790168622620468.182	,8.080,222.189000,24,0,NO,"""126,896;896,896""",DT_BF16;DT_BF16,ND;ND,"""126,896""",DT_BF16,ND,N/A
0,4294967295,1440,46,AddRmsNormBias,AddRmsNormBias,dynamic,AI_VECTOR_CORE,1790168622620537.764	,12.701,61.420000,42,0,NO,"""126,896;126,896;896;""",DT_BF16;DT_BF16;DT_BF16;DT_UNDEFINED,ND;ND;ND;NULL,"""126,896;126,1;126,896""",DT_BF16;FLOAT;DT_BF16,ND;ND;ND,N/A
0,4294967295,1441,46,aclnnMatmul_MatMulCommon_MatMulV2,MatMulV2,dynamic,AI_CORE,1790168622620583.506	,23.281,33.049000,22,0,NO,"""126,896;9728,896""",DT_BF16;DT_BF16,ND;ND,"""126,9728""",DT_BF16,ND,N/A
0,4294967295,1442,46,SwiGlu,SwiGlu,dynamic,AI_VECTOR_CORE,1790168622620614.527	,15.241,7.719000,48,0,NO,"""126,9728""",DT_BF16,ND,"""126,4864""",DT_BF16,ND,N/A
0,4294967295,1443,46,aclnnMatmul_MatMulCommon_MatMulV2,MatMulV2,dynamic,AI_CORE,1790168622620646.929	,21.841,17.259000,24,0,NO,"""126,4864;896,4864""",DT_BF16;DT_BF16,ND;ND,"""126,896""",DT_BF16,ND,N/A
0,4294967295,1444,46,AddRmsNormBias,AddRmsNormBias,dynamic,AI_VECTOR_CORE,1790168622620709.591	,11.141,40.659000,42,0,NO,"""126,896;126,896;896;""",DT_BF16;DT_BF16;DT_BF16;DT_UNDEFINED,ND;ND;ND;NULL,"""126,896;126,1;126,896""",DT_BF16;FLOAT;DT_BF16,ND;ND;ND,N/A
0,4294967295,1445,46,aclnnAddmm_CastAiCore_Cast,Cast,dynamic,AI_VECTOR_CORE,1790168622620752.333	,1.140,31.609000,2,0,NO,"""1152""",DT_BF16,ND,"""1152""",FLOAT,ND,N/A
0,4294967295,1446,46,aclnnAddmm_MatMulCommon_MatMulV2,MatMulV2,dynamic,AI_CORE,1790168622620754.713	,8.800,1.360000,24,0,NO,"""126,896;1152,896;1152""",DT_BF16;DT_BF16;FLOAT,ND;ND;ND,"""126,1152""",DT_BF16,ND,N/A
0,4294967295,1447,46,aclnnInplaceCopy_SliceAiCore_Slice,Slice,dynamic,AI_VECTOR_CORE,1790168622620815.176	,3.600,51.700000,12,0,NO,"""126,18,64;3;3""",DT_BF16;INT64;INT64,NCL;ND;ND,"""126,14,64""",DT_BF16,NCL,N/A
0,4294967295,1448,46,aclnnInplaceCopy_SliceAiCore_Slice,Slice,dynamic,AI_VECTOR_CORE,1790168622620818.796	,2.900,0.000000,12,0,NO,"""126,18,64;3;3""",DT_BF16;INT64;INT64,NCL;ND;ND,"""126,2,64""",DT_BF16,NCL,N/A
0,4294967295,1449,46,_triton_rope,_triton_rope,static,AI_VECTOR_CORE,1790168622620999.603	,18.501,177.850000,48,0,YES,"""126,14,64;126,2,64;32768,64""",DT_BF16;32551;DT_BF16,ND;ND;ND,"""126,14,64;126,2,64""",DT_BF16;32551,ND;ND,N/A
0,4294967295,1450,46,aclnnInplaceCopy_SliceAiCore_Slice,Slice,dynamic,AI_VECTOR_CORE,1790168622621371.718	,2.920,353.749000,12,0,NO,"""126,18,64;3;3""",DT_BF16;INT64;INT64,NCL;ND;ND,"""126,2,64""",DT_BF16,NCL,N/A
0,4294967295,1451,46,ReshapeAndCacheNdKernel,ReshapeAndCacheNdKernel,dynamic,AI_VECTOR_CORE,1790168622621391.079	,9.080,16.330000,48,0,NO,"""126,2,64;126,2,64;2,128,2,64;2,128,2,64;126""",DT_BF16;DT_BF16;DT_BF16;DT_BF16;INT32,ND;ND;ND;ND;ND,"""2,128,2,64;2,128,2,64""",DT_BF16;DT_BF16,ND;ND,N/A
0,4294967295,1452,46,aclnnContiguous_SliceAiCore_Slice,Slice,dynamic,AI_VECTOR_CORE,1790168622621748.393	,2.860,348.420000,12,0,NO,"""126,18,64;3;3""",DT_BF16;INT64;INT64,NCL;ND;ND,"""126,2,64""",DT_BF16,NCL,N/A
0,4294967295,1453,46,FusedInferAttentionScore,FusedInferAttentionScore,dynamic,MIX_AIC,1790168622621765.834	,30.161,14.390000,24,48,NO,"""126,14,64;126,2,64;126,2,64;;2048,2048;1;1;;;;;;;;;;;;;;;;;;;;;;;;""",DT_BF16;DT_BF16;DT_BF16;DT_UNDEFINED;INT8;INT64;INT64;DT_UNDEFINED;DT_UNDEFINED;DT_UNDEFINED;DT_UNDEFINED;DT_UNDEFINED;DT_UNDEFINED;DT_UNDEFINED;DT_UNDEFINED;DT_UNDEFINED;DT_UNDEFINED;DT_UNDEFINED;DT_UNDEFINED;DT_UNDEFINED;DT_UNDEFINED;DT_UNDEFINED;DT_UNDEFINED;DT_UNDEFINED;DT_UNDEFINED;DT_UNDEFINED;DT_UNDEFINED;DT_UNDEFINED;DT_UNDEFINED;DT_UNDEFINED;DT_UNDEFINED,ND;ND;ND;NULL;ND;ND;ND;NULL;NULL;NULL;NULL;NULL;NULL;NULL;NULL;NULL;NULL;NULL;NULL;NULL;NULL;NULL;NULL;NULL;NULL;NULL;NULL;NULL;NULL;NULL;NULL,"""126,14,64;""",DT_BF16;FLOAT,ND;ND,0
0,4294967295,1455,46,aclnnMatmul_MatMulCommon_MatMulV2,MatMulV2,dynamic,AI_CORE,1790168622622013.223	,7.541,217.339000,24,0,NO,"""126,896;896,896""",DT_BF16;DT_BF16,ND;ND,"""126,896""",DT_BF16,ND,N/A
0,4294967295,1456,46,AddRmsNormBias,AddRmsNormBias,dynamic,AI_VECTOR_CORE,1790168622622084.446	,15.021,63.709000,42,0,NO,"""126,896;126,896;896;""",DT_BF16;DT_BF16;DT_BF16;DT_UNDEFINED,ND;ND;ND;NULL,"""126,896;126,1;126,896""",DT_BF16;FLOAT;DT_BF16,ND;ND;ND,N/A
0,4294967295,1457,46,aclnnMatmul_MatMulCommon_MatMulV2,MatMulV2,dynamic,AI_CORE,1790168622622124.208	,24.461,24.729000,22,0,NO,"""126,896;9728,896""",DT_BF16;DT_BF16,ND;ND,"""126,9728""",DT_BF16,ND,N/A
0,4294967295,1458,46,SwiGlu,SwiGlu,dynamic,AI_VECTOR_CORE,1790168622622159.589	,18.841,10.789000,48,0,NO,"""126,9728""",DT_BF16,ND,"""126,4864""",DT_BF16,ND,N/A
0,4294967295,1459,46,aclnnMatmul_MatMulCommon_MatMulV2,MatMulV2,dynamic,AI_CORE,1790168622622192.951	,22.200,14.659000,24,0,NO,"""126,4864;896,4864""",DT_BF16;DT_BF16,ND;ND,"""126,896""",DT_BF16,ND,N/A
0,4294967295,1460,46,AddRmsNormBias,AddRmsNormBias,dynamic,AI_VECTOR_CORE,1790168622622255.933	,14.001,40.800000,42,0,NO,"""126,896;126,896;896;""",DT_BF16;DT_BF16;DT_BF16;DT_UNDEFINED,ND;ND;ND;NULL,"""126,896;126,1;126,896""",DT_BF16;FLOAT;DT_BF16,ND;ND;ND,N/A
0,4294967295,1461,46,aclnnAddmm_CastAiCore_Cast,Cast,dynamic,AI_VECTOR_CORE,1790168622622295.115	,1.320,24.999000,2,0,NO,"""1152""",DT_BF16,ND,"""1152""",FLOAT,ND,N/A
0,4294967295,1462,46,aclnnAddmm_MatMulCommon_MatMulV2,MatMulV2,dynamic,AI_CORE,1790168622622298.355	,9.080,1.930000,24,0,NO,"""126,896;1152,896;1152""",DT_BF16;DT_BF16;FLOAT,ND;ND;ND,"""126,1152""",DT_BF16,ND,N/A
0,4294967295,1463,46,aclnnInplaceCopy_SliceAiCore_Slice,Slice,dynamic,AI_VECTOR_CORE,1790168622622358.977	,2.920,51.670000,12,0,NO,"""126,18,64;3;3""",DT_BF16;INT64;INT64,NCL;ND;ND,"""126,14,64""",DT_BF16,NCL,N/A
0,4294967295,1464,46,aclnnInplaceCopy_SliceAiCore_Slice,Slice,dynamic,AI_VECTOR_CORE,1790168622622361.937	,2.960,0.080000,12,0,NO,"""126,18,64;3;3""",DT_BF16;INT64;INT64,NCL;ND;ND,"""126,2,64""",DT_BF16,NCL,N/A
0,4294967295,1465,46,_triton_rope,_triton_rope,static,AI_VECTOR_CORE,1790168622622544.765	,13.740,179.790000,48,0,YES,"""126,14,64;126,2,64;32768,64""",DT_BF16;32551;DT_BF16,ND;ND;ND,"""126,14,64;126,2,64""",DT_BF16;32551,ND;ND,N/A
0,4294967295,1466,46,aclnnInplaceCopy_SliceAiCore_Slice,Slice,dynamic,AI_VECTOR_CORE,1790168622622906.259	,3.060,347.760000,12,0,NO,"""126,18,64;3;3""",DT_BF16;INT64;INT64,NCL;ND;ND,"""126,2,64""",DT_BF16,NCL,N/A
0,4294967295,1467,46,ReshapeAndCacheNdKernel,ReshapeAndCacheNdKernel,dynamic,AI_VECTOR_CORE,1790168622622927.920	,9.140,18.690000,48,0,NO,"""126,2,64;126,2,64;2,128,2,64;2,128,2,64;126""",DT_BF16;DT_BF16;DT_BF16;DT_BF16;INT32,ND;ND;ND;ND;ND,"""2,128,2,64;2,128,2,64""",DT_BF16;DT_BF16,ND;ND,N/A
0,4294967295,1468,46,aclnnContiguous_SliceAiCore_Slice,Slice,dynamic,AI_VECTOR_CORE,1790168622623274.774	,2.940,337.610000,12,0,NO,"""126,18,64;3;3""",DT_BF16;INT64;INT64,NCL;ND;ND,"""126,2,64""",DT_BF16,NCL,N/A
0,4294967295,1469,46,FusedInferAttentionScore,FusedInferAttentionScore,dynamic,MIX_AIC,1790168622623286.594	,34.082,8.810000,24,48,NO,"""126,14,64;126,2,64;126,2,64;;2048,2048;1;1;;;;;;;;;;;;;;;;;;;;;;;;""",DT_BF16;DT_BF16;DT_BF16;DT_UNDEFINED;INT8;INT64;INT64;DT_UNDEFINED;DT_UNDEFINED;DT_UNDEFINED;DT_UNDEFINED;DT_UNDEFINED;DT_UNDEFINED;DT_UNDEFINED;DT_UNDEFINED;DT_UNDEFINED;DT_UNDEFINED;DT_UNDEFINED;DT_UNDEFINED;DT_UNDEFINED;DT_UNDEFINED;DT_UNDEFINED;DT_UNDEFINED;DT_UNDEFINED;DT_UNDEFINED;DT_UNDEFINED;DT_UNDEFINED;DT_UNDEFINED;DT_UNDEFINED;DT_UNDEFINED;DT_UNDEFINED,ND;ND;ND;NULL;ND;ND;ND;NULL;NULL;NULL;NULL;NULL;NULL;NULL;NULL;NULL;NULL;NULL;NULL;NULL;NULL;NULL;NULL;NULL;NULL;NULL;NULL;NULL;NULL;NULL;NULL,"""126,14,64;""",DT_BF16;FLOAT,ND;ND,0
0,4294967295,1471,46,aclnnMatmul_MatMulCommon_MatMulV2,MatMulV2,dynamic,AI_CORE,1790168622623557.125	,7.520,236.418000,24,0,NO,"""126,896;896,896""",DT_BF16;DT_BF16,ND;ND,"""126,896""",DT_BF16,ND,N/A
0,4294967295,1472,46,AddRmsNormBias,AddRmsNormBias,dynamic,AI_VECTOR_CORE,1790168622623629.688	,17.681,65.230000,42,0,NO,"""126,896;126,896;896;""",DT_BF16;DT_BF16;DT_BF16;DT_UNDEFINED,ND;ND;ND;NULL,"""126,896;126,1;126,896""",DT_BF16;FLOAT;DT_BF16,ND;ND;ND,N/A
0,4294967295,1473,46,aclnnMatmul_MatMulCommon_MatMulV2,MatMulV2,dynamic,AI_CORE,1790168622623675.430	,23.661,28.069000,22,0,NO,"""126,896;9728,896""",DT_BF16;DT_BF16,ND;ND,"""126,9728""",DT_BF16,ND,N/A
0,4294967295,1474,46,SwiGlu,SwiGlu,dynamic,AI_VECTOR_CORE,1790168622623706.971	,15.361,7.839000,48,0,NO,"""126,9728""",DT_BF16,ND,"""126,4864""",DT_BF16,ND,N/A
0,4294967295,1475,46,aclnnMatmul_MatMulCommon_MatMulV2,MatMulV2,dynamic,AI_CORE,1790168622623737.512	,21.621,15.139000,24,0,NO,"""126,4864;896,4864""",DT_BF16;DT_BF16,ND;ND,"""126,896""",DT_BF16,ND,N/A
0,4294967295,1476,46,AddRmsNormBias,AddRmsNormBias,dynamic,AI_VECTOR_CORE,1790168622623800.975	,13.800,41.879000,42,0,NO,"""126,896;126,896;896;""",DT_BF16;DT_BF16;DT_BF16;DT_UNDEFINED,ND;ND;ND;NULL,"""126,896;126,1;126,896""",DT_BF16;FLOAT;DT_BF16,ND;ND;ND,N/A
0,4294967295,1477,46,aclnnAddmm_CastAiCore_Cast,Cast,dynamic,AI_VECTOR_CORE,1790168622623845.837	,1.120,30.950000,2,0,NO,"""1152""",DT_BF16,ND,"""1152""",FLOAT,ND,N/A
0,4294967295,1478,46,aclnnAddmm_MatMulCommon_MatMulV2,MatMulV2,dynamic,AI_CORE,1790168622623848.177	,8.580,1.380000,24,0,NO,"""126,896;1152,896;1152""",DT_BF16;DT_BF16;FLOAT,ND;ND;ND,"""126,1152""",DT_BF16,ND,N/A
0,4294967295,1479,46,aclnnInplaceCopy_SliceAiCore_Slice,Slice,dynamic,AI_VECTOR_CORE,1790168622623906.479	,2.960,49.670000,12,0,NO,"""126,18,64;3;3""",DT_BF16;INT64;INT64,NCL;ND;ND,"""126,14,64""",DT_BF16,NCL,N/A
0,4294967295,1480,46,aclnnInplaceCopy_SliceAiCore_Slice,Slice,dynamic,AI_VECTOR_CORE,1790168622623909.459	,2.920,0.040000,12,0,NO,"""126,18,64;3;3""",DT_BF16;INT64;INT64,NCL;ND;ND,"""126,2,64""",DT_BF16,NCL,N/A
0,4294967295,1481,46,_triton_rope,_triton_rope,static,AI_VECTOR_CORE,1790168622624094.107	,12.580,181.580000,48,0,YES,"""126,14,64;126,2,64;32768,64""",DT_BF16;32551;DT_BF16,ND;ND;ND,"""126,14,64;126,2,64""",DT_BF16;32551,ND;ND,N/A
0,4294967295,1482,46,aclnnInplaceCopy_SliceAiCore_Slice,Slice,dynamic,AI_VECTOR_CORE,1790168622624431.240	,2.840,324.670000,12,0,NO,"""126,18,64;3;3""",DT_BF16;INT64;INT64,NCL;ND;ND,"""126,2,64""",DT_BF16,NCL,N/A
0,4294967295,1483,46,ReshapeAndCacheNdKernel,ReshapeAndCacheNdKernel,dynamic,AI_VECTOR_CORE,1790168622624462.281	,9.241,28.160000,48,0,NO,"""126,2,64;126,2,64;2,128,2,64;2,128,2,64;126""",DT_BF16;DT_BF16;DT_BF16;DT_BF16;INT32,ND;ND;ND;ND;ND,"""2,128,2,64;2,128,2,64""",DT_BF16;DT_BF16,ND;ND,N/A
0,4294967295,1484,46,aclnnContiguous_SliceAiCore_Slice,Slice,dynamic,AI_VECTOR_CORE,1790168622624814.515	,2.921,343.009000,12,0,NO,"""126,18,64;3;3""",DT_BF16;INT64;INT64,NCL;ND;ND,"""126,2,64""",DT_BF16,NCL,N/A
0,4294967295,1485,46,FusedInferAttentionScore,FusedInferAttentionScore,dynamic,MIX_AIC,1790168622624836.496	,28.861,19.079000,24,48,NO,"""126,14,64;126,2,64;126,2,64;;2048,2048;1;1;;;;;;;;;;;;;;;;;;;;;;;;""",DT_BF16;DT_BF16;DT_BF16;DT_UNDEFINED;INT8;INT64;INT64;DT_UNDEFINED;DT_UNDEFINED;DT_UNDEFINED;DT_UNDEFINED;DT_UNDEFINED;DT_UNDEFINED;DT_UNDEFINED;DT_UNDEFINED;DT_UNDEFINED;DT_UNDEFINED;DT_UNDEFINED;DT_UNDEFINED;DT_UNDEFINED;DT_UNDEFINED;DT_UNDEFINED;DT_UNDEFINED;DT_UNDEFINED;DT_UNDEFINED;DT_UNDEFINED;DT_UNDEFINED;DT_UNDEFINED;DT_UNDEFINED;DT_UNDEFINED;DT_UNDEFINED,ND;ND;ND;NULL;ND;ND;ND;NULL;NULL;NULL;NULL;NULL;NULL;NULL;NULL;NULL;NULL;NULL;NULL;NULL;NULL;NULL;NULL;NULL;NULL;NULL;NULL;NULL;NULL;NULL;NULL,"""126,14,64;""",DT_BF16;FLOAT,ND;ND,0
0,4294967295,1487,46,aclnnMatmul_MatMulCommon_MatMulV2,MatMulV2,dynamic,AI_CORE,1790168622625083.346	,7.620,217.889000,24,0,NO,"""126,896;896,896""",DT_BF16;DT_BF16,ND;ND,"""126,896""",DT_BF16,ND,N/A
0,4294967295,1488,46,AddRmsNormBias,AddRmsNormBias,dynamic,AI_VECTOR_CORE,1790168622625158.049	,13.761,67.130000,42,0,NO,"""126,896;126,896;896;""",DT_BF16;DT_BF16;DT_BF16;DT_UNDEFINED,ND;ND;ND;NULL,"""126,896;126,1;126,896""",DT_BF16;FLOAT;DT_BF16,ND;ND;ND,N/A
0,4294967295,1489,46,aclnnMatmul_MatMulCommon_MatMulV2,MatMulV2,dynamic,AI_CORE,1790168622625203.751	,23.521,31.989000,22,0,NO,"""126,896;9728,896""",DT_BF16;DT_BF16,ND;ND,"""126,9728""",DT_BF16,ND,N/A
0,4294967295,1490,46,SwiGlu,SwiGlu,dynamic,AI_VECTOR_CORE,1790168622625234.572	,20.481,7.229000,48,0,NO,"""126,9728""",DT_BF16,ND,"""126,4864""",DT_BF16,ND,N/A
0,4294967295,1491,46,aclnnMatmul_MatMulCommon_MatMulV2,MatMulV2,dynamic,AI_CORE,1790168622625271.434	,21.861,16.519000,24,0,NO,"""126,4864;896,4864""",DT_BF16;DT_BF16,ND;ND,"""126,896""",DT_BF16,ND,N/A
0,4294967295,1492,46,AddRmsNormBias,AddRmsNormBias,dynamic,AI_VECTOR_CORE,1790168622625329.996	,11.420,36.639000,42,0,NO,"""126,896;126,896;896;""",DT_BF16;DT_BF16;DT_BF16;DT_UNDEFINED,ND;ND;ND;NULL,"""126,896;126,1;126,896""",DT_BF16;FLOAT;DT_BF16,ND;ND;ND,N/A
0,4294967295,1493,46,aclnnAddmm_CastAiCore_Cast,Cast,dynamic,AI_VECTOR_CORE,1790168622625376.318	,1.080,34.830000,2,0,NO,"""1152""",DT_BF16,ND,"""1152""",FLOAT,ND,N/A
0,4294967295,1494,46,aclnnAddmm_MatMulCommon_MatMulV2,MatMulV2,dynamic,AI_CORE,1790168622625379.578	,8.980,2.170000,24,0,NO,"""126,896;1152,896;1152""",DT_BF16;DT_BF16;FLOAT,ND;ND;ND,"""126,1152""",DT_BF16,ND,N/A
0,4294967295,1495,46,aclnnInplaceCopy_SliceAiCore_Slice,Slice,dynamic,AI_VECTOR_CORE,1790168622625439.620	,3.061,51.020000,12,0,NO,"""126,18,64;3;3""",DT_BF16;INT64;INT64,NCL;ND;ND,"""126,14,64""",DT_BF16,NCL,N/A
0,4294967295,1496,46,aclnnInplaceCopy_SliceAiCore_Slice,Slice,dynamic,AI_VECTOR_CORE,1790168622625442.701	,2.960,0.189000,12,0,NO,"""126,18,64;3;3""",DT_BF16;INT64;INT64,NCL;ND;ND,"""126,2,64""",DT_BF16,NCL,N/A
0,4294967295,1497,46,_triton_rope,_triton_rope,static,AI_VECTOR_CORE,1790168622625630.568	,12.441,184.790000,48,0,YES,"""126,14,64;126,2,64;32768,64""",DT_BF16;32551;DT_BF16,ND;ND;ND,"""126,14,64;126,2,64""",DT_BF16;32551,ND;ND,N/A
0,4294967295,1498,46,aclnnInplaceCopy_SliceAiCore_Slice,Slice,dynamic,AI_VECTOR_CORE,1790168622625993.683	,2.880,350.809000,12,0,NO,"""126,18,64;3;3""",DT_BF16;INT64;INT64,NCL;ND;ND,"""126,2,64""",DT_BF16,NCL,N/A
0,4294967295,1499,46,ReshapeAndCacheNdKernel,ReshapeAndCacheNdKernel,dynamic,AI_VECTOR_CORE,1790168622626015.983	,9.501,19.370000,48,0,NO,"""126,2,64;126,2,64;2,128,2,64;2,128,2,64;126""",DT_BF16;DT_BF16;DT_BF16;DT_BF16;INT32,ND;ND;ND;ND;ND,"""2,128,2,64;2,128,2,64""",DT_BF16;DT_BF16,ND;ND,N/A
0,4294967295,1500,46,aclnnContiguous_SliceAiCore_Slice,Slice,dynamic,AI_VECTOR_CORE,1790168622626357.537	,2.900,331.999000,12,0,NO,"""126,18,64;3;3""",DT_BF16;INT64;INT64,NCL;ND;ND,"""126,2,64""",DT_BF16,NCL,N/A
0,4294967295,1501,46,FusedInferAttentionScore,FusedInferAttentionScore,dynamic,MIX_AIC,1790168622626372.398	,29.941,12.100000,24,48,NO,"""126,14,64;126,2,64;126,2,64;;2048,2048;1;1;;;;;;;;;;;;;;;;;;;;;;;;""",DT_BF16;DT_BF16;DT_BF16;DT_UNDEFINED;INT8;INT64;INT64;DT_UNDEFINED;DT_UNDEFINED;DT_UNDEFINED;DT_UNDEFINED;DT_UNDEFINED;DT_UNDEFINED;DT_UNDEFINED;DT_UNDEFINED;DT_UNDEFINED;DT_UNDEFINED;DT_UNDEFINED;DT_UNDEFINED;DT_UNDEFINED;DT_UNDEFINED;DT_UNDEFINED;DT_UNDEFINED;DT_UNDEFINED;DT_UNDEFINED;DT_UNDEFINED;DT_UNDEFINED;DT_UNDEFINED;DT_UNDEFINED;DT_UNDEFINED;DT_UNDEFINED,ND;ND;ND;NULL;ND;ND;ND;NULL;NULL;NULL;NULL;NULL;NULL;NULL;NULL;NULL;NULL;NULL;NULL;NULL;NULL;NULL;NULL;NULL;NULL;NULL;NULL;NULL;NULL;NULL;NULL,"""126,14,64;""",DT_BF16;FLOAT,ND;ND,0
0,4294967295,1503,46,aclnnMatmul_MatMulCommon_MatMulV2,MatMulV2,dynamic,AI_CORE,1790168622626633.388	,8.180,231.059000,24,0,NO,"""126,896;896,896""",DT_BF16;DT_BF16,ND;ND,"""126,896""",DT_BF16,ND,N/A
0,4294967295,1504,46,AddRmsNormBias,AddRmsNormBias,dynamic,AI_VECTOR_CORE,1790168622626702.311	,15.500,60.570000,42,0,NO,"""126,896;126,896;896;""",DT_BF16;DT_BF16;DT_BF16;DT_UNDEFINED,ND;ND;ND;NULL,"""126,896;126,1;126,896""",DT_BF16;FLOAT;DT_BF16,ND;ND;ND,N/A
0,4294967295,1505,46,aclnnMatmul_MatMulCommon_MatMulV2,MatMulV2,dynamic,AI_CORE,1790168622626751.393	,23.781,33.750000,22,0,NO,"""126,896;9728,896""",DT_BF16;DT_BF16,ND;ND,"""126,9728""",DT_BF16,ND,N/A
0,4294967295,1506,46,SwiGlu,SwiGlu,dynamic,AI_VECTOR_CORE,1790168622626776.734	,15.040,1.469000,48,0,NO,"""126,9728""",DT_BF16,ND,"""126,4864""",DT_BF16,ND,N/A
0,4294967295,1507,46,aclnnMatmul_MatMulCommon_MatMulV2,MatMulV2,dynamic,AI_CORE,1790168622626819.756	,21.720,27.960000,24,0,NO,"""126,4864;896,4864""",DT_BF16;DT_BF16,ND;ND,"""126,896""",DT_BF16,ND,N/A
0,4294967295,1508,46,AddRmsNormBias,AddRmsNormBias,dynamic,AI_VECTOR_CORE,1790168622626881.098	,12.961,39.530000,42,0,NO,"""126,896;126,896;896;""",DT_BF16;DT_BF16;DT_BF16;DT_UNDEFINED,ND;ND;ND;NULL,"""126,896;126,1;126,896""",DT_BF16;FLOAT;DT_BF16,ND;ND;ND,N/A
0,4294967295,1509,46,aclnnAddmm_CastAiCore_Cast,Cast,dynamic,AI_VECTOR_CORE,1790168622626925.200	,1.100,31.289000,2,0,NO,"""1152""",DT_BF16,ND,"""1152""",FLOAT,ND,N/A
0,4294967295,1510,46,aclnnAddmm_MatMulCommon_MatMulV2,MatMulV2,dynamic,AI_CORE,1790168622626928.400	,8.560,2.150000,24,0,NO,"""126,896;1152,896;1152""",DT_BF16;DT_BF16;FLOAT,ND;ND;ND,"""126,1152""",DT_BF16,ND,N/A
0,4294967295,1511,46,aclnnInplaceCopy_SliceAiCore_Slice,Slice,dynamic,AI_VECTOR_CORE,1790168622626987.282	,2.980,50.190000,12,0,NO,"""126,18,64;3;3""",DT_BF16;INT64;INT64,NCL;ND;ND,"""126,14,64""",DT_BF16,NCL,N/A
0,4294967295,1512,46,aclnnInplaceCopy_SliceAiCore_Slice,Slice,dynamic,AI_VECTOR_CORE,1790168622626990.302	,2.901,0.020000,12,0,NO,"""126,18,64;3;3""",DT_BF16;INT64;INT64,NCL;ND;ND,"""126,2,64""",DT_BF16,NCL,N/A
0,4294967295,1513,46,_triton_rope,_triton_rope,static,AI_VECTOR_CORE,1790168622627175.270	,12.500,182.099000,48,0,YES,"""126,14,64;126,2,64;32768,64""",DT_BF16;32551;DT_BF16,ND;ND;ND,"""126,14,64;126,2,64""",DT_BF16;32551,ND;ND,N/A
0,4294967295,1514,46,aclnnInplaceCopy_SliceAiCore_Slice,Slice,dynamic,AI_VECTOR_CORE,1790168622627524.684	,2.920,337.000000,12,0,NO,"""126,18,64;3;3""",DT_BF16;INT64;INT64,NCL;ND;ND,"""126,2,64""",DT_BF16,NCL,N/A
0,4294967295,1515,46,ReshapeAndCacheNdKernel,ReshapeAndCacheNdKernel,dynamic,AI_VECTOR_CORE,1790168622627548.065	,9.280,20.330000,48,0,NO,"""126,2,64;126,2,64;2,128,2,64;2,128,2,64;126""",DT_BF16;DT_BF16;DT_BF16;DT_BF16;INT32,ND;ND;ND;ND;ND,"""2,128,2,64;2,128,2,64""",DT_BF16;DT_BF16,ND;ND,N/A
0,4294967295,1516,46,aclnnContiguous_SliceAiCore_Slice,Slice,dynamic,AI_VECTOR_CORE,1790168622627898.759	,2.820,341.470000,12,0,NO,"""126,18,64;3;3""",DT_BF16;INT64;INT64,NCL;ND;ND,"""126,2,64""",DT_BF16,NCL,N/A
0,4294967295,1517,46,FusedInferAttentionScore,FusedInferAttentionScore,dynamic,MIX_AIC,1790168622627915.219	,29.342,13.680000,24,48,NO,"""126,14,64;126,2,64;126,2,64;;2048,2048;1;1;;;;;;;;;;;;;;;;;;;;;;;;""",DT_BF16;DT_BF16;DT_BF16;DT_UNDEFINED;INT8;INT64;INT64;DT_UNDEFINED;DT_UNDEFINED;DT_UNDEFINED;DT_UNDEFINED;DT_UNDEFINED;DT_UNDEFINED;DT_UNDEFINED;DT_UNDEFINED;DT_UNDEFINED;DT_UNDEFINED;DT_UNDEFINED;DT_UNDEFINED;DT_UNDEFINED;DT_UNDEFINED;DT_UNDEFINED;DT_UNDEFINED;DT_UNDEFINED;DT_UNDEFINED;DT_UNDEFINED;DT_UNDEFINED;DT_UNDEFINED;DT_UNDEFINED;DT_UNDEFINED;DT_UNDEFINED,ND;ND;ND;NULL;ND;ND;ND;NULL;NULL;NULL;NULL;NULL;NULL;NULL;NULL;NULL;NULL;NULL;NULL;NULL;NULL;NULL;NULL;NULL;NULL;NULL;NULL;NULL;NULL;NULL;NULL,"""126,14,64;""",DT_BF16;FLOAT,ND;ND,0
0,4294967295,1519,46,aclnnMatmul_MatMulCommon_MatMulV2,MatMulV2,dynamic,AI_CORE,1790168622628183.270	,7.200,238.658000,24,0,NO,"""126,896;896,896""",DT_BF16;DT_BF16,ND;ND,"""126,896""",DT_BF16,ND,N/A
0,4294967295,1520,46,AddRmsNormBias,AddRmsNormBias,dynamic,AI_VECTOR_CORE,1790168622628252.013	,14.060,61.550000,42,0,NO,"""126,896;126,896;896;""",DT_BF16;DT_BF16;DT_BF16;DT_UNDEFINED,ND;ND;ND;NULL,"""126,896;126,1;126,896""",DT_BF16;FLOAT;DT_BF16,ND;ND;ND,N/A
0,4294967295,1521,46,aclnnMatmul_MatMulCommon_MatMulV2,MatMulV2,dynamic,AI_CORE,1790168622628297.335	,23.321,31.190000,22,0,NO,"""126,896;9728,896""",DT_BF16;DT_BF16,ND;ND,"""126,9728""",DT_BF16,ND,N/A
0,4294967295,1522,46,SwiGlu,SwiGlu,dynamic,AI_VECTOR_CORE,1790168622628324.876	,15.340,4.429000,48,0,NO,"""126,9728""",DT_BF16,ND,"""126,4864""",DT_BF16,ND,N/A
0,4294967295,1523,46,aclnnMatmul_MatMulCommon_MatMulV2,MatMulV2,dynamic,AI_CORE,1790168622628360.617	,21.901,20.160000,24,0,NO,"""126,4864;896,4864""",DT_BF16;DT_BF16,ND;ND,"""126,896""",DT_BF16,ND,N/A
0,4294967295,1524,46,AddRmsNormBias,AddRmsNormBias,dynamic,AI_VECTOR_CORE,1790168622628422.900	,12.000,40.599000,42,0,NO,"""126,896;126,896;896;""",DT_BF16;DT_BF16;DT_BF16;DT_UNDEFINED,ND;ND;ND;NULL,"""126,896;126,1;126,896""",DT_BF16;FLOAT;DT_BF16,ND;ND;ND,N/A
0,4294967295,1525,46,aclnnAddmm_CastAiCore_Cast,Cast,dynamic,AI_VECTOR_CORE,1790168622628467.121	,1.360,32.000000,2,0,NO,"""1152""",DT_BF16,ND,"""1152""",FLOAT,ND,N/A
0,4294967295,1526,46,aclnnAddmm_MatMulCommon_MatMulV2,MatMulV2,dynamic,AI_CORE,1790168622628470.302	,9.200,1.890000,24,0,NO,"""126,896;1152,896;1152""",DT_BF16;DT_BF16;FLOAT,ND;ND;ND,"""126,1152""",DT_BF16,ND,N/A
0,4294967295,1527,46,aclnnInplaceCopy_SliceAiCore_Slice,Slice,dynamic,AI_VECTOR_CORE,1790168622628526.244	,4.480,46.800000,12,0,NO,"""126,18,64;3;3""",DT_BF16;INT64;INT64,NCL;ND;ND,"""126,14,64""",DT_BF16,NCL,N/A
0,4294967295,1528,46,aclnnInplaceCopy_SliceAiCore_Slice,Slice,dynamic,AI_VECTOR_CORE,1790168622628530.764	,3.040,0.020000,12,0,NO,"""126,18,64;3;3""",DT_BF16;INT64;INT64,NCL;ND;ND,"""126,2,64""",DT_BF16,NCL,N/A
0,4294967295,1529,46,_triton_rope,_triton_rope,static,AI_VECTOR_CORE,1790168622628715.131	,12.361,181.460000,48,0,YES,"""126,14,64;126,2,64;32768,64""",DT_BF16;32551;DT_BF16,ND;ND;ND,"""126,14,64;126,2,64""",DT_BF16;32551,ND;ND,N/A
0,4294967295,1530,46,aclnnInplaceCopy_SliceAiCore_Slice,Slice,dynamic,AI_VECTOR_CORE,1790168622629077.066	,3.000,349.389000,12,0,NO,"""126,18,64;3;3""",DT_BF16;INT64;INT64,NCL;ND;ND,"""126,2,64""",DT_BF16,NCL,N/A
0,4294967295,1531,46,ReshapeAndCacheNdKernel,ReshapeAndCacheNdKernel,dynamic,AI_VECTOR_CORE,1790168622629099.027	,9.460,19.000000,48,0,NO,"""126,2,64;126,2,64;2,128,2,64;2,128,2,64;126""",DT_BF16;DT_BF16;DT_BF16;DT_BF16;INT32,ND;ND;ND;ND;ND,"""2,128,2,64;2,128,2,64""",DT_BF16;DT_BF16,ND;ND,N/A
0,4294967295,1532,46,aclnnContiguous_SliceAiCore_Slice,Slice,dynamic,AI_VECTOR_CORE,1790168622629462.281	,2.840,353.790000,12,0,NO,"""126,18,64;3;3""",DT_BF16;INT64;INT64,NCL;ND;ND,"""126,2,64""",DT_BF16,NCL,N/A
0,4294967295,1533,46,FusedInferAttentionScore,FusedInferAttentionScore,dynamic,MIX_AIC,1790168622629473.042	,34.661,7.910000,24,48,NO,"""126,14,64;126,2,64;126,2,64;;2048,2048;1;1;;;;;;;;;;;;;;;;;;;;;;;;""",DT_BF16;DT_BF16;DT_BF16;DT_UNDEFINED;INT8;INT64;INT64;DT_UNDEFINED;DT_UNDEFINED;DT_UNDEFINED;DT_UNDEFINED;DT_UNDEFINED;DT_UNDEFINED;DT_UNDEFINED;DT_UNDEFINED;DT_UNDEFINED;DT_UNDEFINED;DT_UNDEFINED;DT_UNDEFINED;DT_UNDEFINED;DT_UNDEFINED;DT_UNDEFINED;DT_UNDEFINED;DT_UNDEFINED;DT_UNDEFINED;DT_UNDEFINED;DT_UNDEFINED;DT_UNDEFINED;DT_UNDEFINED;DT_UNDEFINED;DT_UNDEFINED,ND;ND;ND;NULL;ND;ND;ND;NULL;NULL;NULL;NULL;NULL;NULL;NULL;NULL;NULL;NULL;NULL;NULL;NULL;NULL;NULL;NULL;NULL;NULL;NULL;NULL;NULL;NULL;NULL;NULL,"""126,14,64;""",DT_BF16;FLOAT,ND;ND,0
0,4294967295,1535,46,aclnnMatmul_MatMulCommon_MatMulV2,MatMulV2,dynamic,AI_CORE,1790168622629730.872	,7.920,223.089000,24,0,NO,"""126,896;896,896""",DT_BF16;DT_BF16,ND;ND,"""126,896""",DT_BF16,ND,N/A
0,4294967295,1536,46,AddRmsNormBias,AddRmsNormBias,dynamic,AI_VECTOR_CORE,1790168622629802.755	,14.440,64.080000,42,0,NO,"""126,896;126,896;896;""",DT_BF16;DT_BF16;DT_BF16;DT_UNDEFINED,ND;ND;ND;NULL,"""126,896;126,1;126,896""",DT_BF16;FLOAT;DT_BF16,ND;ND;ND,N/A
0,4294967295,1537,46,aclnnMatmul_MatMulCommon_MatMulV2,MatMulV2,dynamic,AI_CORE,1790168622629848.757	,23.501,31.560000,22,0,NO,"""126,896;9728,896""",DT_BF16;DT_BF16,ND;ND,"""126,9728""",DT_BF16,ND,N/A
0,4294967295,1538,46,SwiGlu,SwiGlu,dynamic,AI_VECTOR_CORE,1790168622629872.278	,15.580,0.000000,48,0,NO,"""126,9728""",DT_BF16,ND,"""126,4864""",DT_BF16,ND,N/A
0,4294967295,1539,46,aclnnMatmul_MatMulCommon_MatMulV2,MatMulV2,dynamic,AI_CORE,1790168622629911.779	,21.861,23.920000,24,0,NO,"""126,4864;896,4864""",DT_BF16;DT_BF16,ND;ND,"""126,896""",DT_BF16,ND,N/A
0,4294967295,1540,46,AddRmsNormBias,AddRmsNormBias,dynamic,AI_VECTOR_CORE,1790168622629975.002	,11.220,41.389000,42,0,NO,"""126,896;126,896;896;""",DT_BF16;DT_BF16;DT_BF16;DT_UNDEFINED,ND;ND;ND;NULL,"""126,896;126,1;126,896""",DT_BF16;FLOAT;DT_BF16,ND;ND;ND,N/A
0,4294967295,1541,46,aclnnAddmm_CastAiCore_Cast,Cast,dynamic,AI_VECTOR_CORE,1790168622630019.143	,1.181,33.030000,2,0,NO,"""1152""",DT_BF16,ND,"""1152""",FLOAT,ND,N/A
0,4294967295,1542,46,aclnnAddmm_MatMulCommon_MatMulV2,MatMulV2,dynamic,AI_CORE,1790168622630022.904	,8.940,2.569000,24,0,NO,"""126,896;1152,896;1152""",DT_BF16;DT_BF16;FLOAT,ND;ND;ND,"""126,1152""",DT_BF16,ND,N/A
0,4294967295,1543,46,aclnnInplaceCopy_SliceAiCore_Slice,Slice,dynamic,AI_VECTOR_CORE,1790168622630082.586	,3.600,50.560000,12,0,NO,"""126,18,64;3;3""",DT_BF16;INT64;INT64,NCL;ND;ND,"""126,14,64""",DT_BF16,NCL,N/A
0,4294967295,1544,46,aclnnInplaceCopy_SliceAiCore_Slice,Slice,dynamic,AI_VECTOR_CORE,1790168622630086.206	,3.180,0.150000,12,0,NO,"""126,18,64;3;3""",DT_BF16;INT64;INT64,NCL;ND;ND,"""126,2,64""",DT_BF16,NCL,N/A
0,4294967295,1545,46,_triton_rope,_triton_rope,static,AI_VECTOR_CORE,1790168622630268.473	,12.701,179.070000,48,0,YES,"""126,14,64;126,2,64;32768,64""",DT_BF16;32551;DT_BF16,ND;ND;ND,"""126,14,64;126,2,64""",DT_BF16;32551,ND;ND,N/A
0,4294967295,1546,46,aclnnInplaceCopy_SliceAiCore_Slice,Slice,dynamic,AI_VECTOR_CORE,1790168622630624.108	,2.920,342.799000,12,0,NO,"""126,18,64;3;3""",DT_BF16;INT64;INT64,NCL;ND;ND,"""126,2,64""",DT_BF16,NCL,N/A
0,4294967295,1547,46,ReshapeAndCacheNdKernel,ReshapeAndCacheNdKernel,dynamic,AI_VECTOR_CORE,1790168622630650.389	,9.380,23.580000,48,0,NO,"""126,2,64;126,2,64;2,128,2,64;2,128,2,64;126""",DT_BF16;DT_BF16;DT_BF16;DT_BF16;INT32,ND;ND;ND;ND;ND,"""2,128,2,64;2,128,2,64""",DT_BF16;DT_BF16,ND;ND,N/A
0,4294967295,1548,46,aclnnContiguous_SliceAiCore_Slice,Slice,dynamic,AI_VECTOR_CORE,1790168622630999.603	,2.920,339.620000,12,0,NO,"""126,18,64;3;3""",DT_BF16;INT64;INT64,NCL;ND;ND,"""126,2,64""",DT_BF16,NCL,N/A
0,4294967295,1549,46,FusedInferAttentionScore,FusedInferAttentionScore,dynamic,MIX_AIC,1790168622631021.004	,28.761,18.580000,24,48,NO,"""126,14,64;126,2,64;126,2,64;;2048,2048;1;1;;;;;;;;;;;;;;;;;;;;;;;;""",DT_BF16;DT_BF16;DT_BF16;DT_UNDEFINED;INT8;INT64;INT64;DT_UNDEFINED;DT_UNDEFINED;DT_UNDEFINED;DT_UNDEFINED;DT_UNDEFINED;DT_UNDEFINED;DT_UNDEFINED;DT_UNDEFINED;DT_UNDEFINED;DT_UNDEFINED;DT_UNDEFINED;DT_UNDEFINED;DT_UNDEFINED;DT_UNDEFINED;DT_UNDEFINED;DT_UNDEFINED;DT_UNDEFINED;DT_UNDEFINED;DT_UNDEFINED;DT_UNDEFINED;DT_UNDEFINED;DT_UNDEFINED;DT_UNDEFINED;DT_UNDEFINED,ND;ND;ND;NULL;ND;ND;ND;NULL;NULL;NULL;NULL;NULL;NULL;NULL;NULL;NULL;NULL;NULL;NULL;NULL;NULL;NULL;NULL;NULL;NULL;NULL;NULL;NULL;NULL;NULL;NULL,"""126,14,64;""",DT_BF16;FLOAT,ND;ND,0
0,4294967295,1551,46,aclnnMatmul_MatMulCommon_MatMulV2,MatMulV2,dynamic,AI_CORE,1790168622631273.434	,7.680,223.739000,24,0,NO,"""126,896;896,896""",DT_BF16;DT_BF16,ND;ND,"""126,896""",DT_BF16,ND,N/A
0,4294967295,1552,46,AddRmsNormBias,AddRmsNormBias,dynamic,AI_VECTOR_CORE,1790168622631344.116	,15.601,62.820000,42,0,NO,"""126,896;126,896;896;""",DT_BF16;DT_BF16;DT_BF16;DT_UNDEFINED,ND;ND;ND;NULL,"""126,896;126,1;126,896""",DT_BF16;FLOAT;DT_BF16,ND;ND;ND,N/A
0,4294967295,1553,46,aclnnMatmul_MatMulCommon_MatMulV2,MatMulV2,dynamic,AI_CORE,1790168622631387.038	,24.341,27.399000,22,0,NO,"""126,896;9728,896""",DT_BF16;DT_BF16,ND;ND,"""126,9728""",DT_BF16,ND,N/A
0,4294967295,1554,46,SwiGlu,SwiGlu,dynamic,AI_VECTOR_CORE,1790168622631419.539	,17.001,8.159000,48,0,NO,"""126,9728""",DT_BF16,ND,"""126,4864""",DT_BF16,ND,N/A
0,4294967295,1555,46,aclnnMatmul_MatMulCommon_MatMulV2,MatMulV2,dynamic,AI_CORE,1790168622631453.341	,21.821,16.749000,24,0,NO,"""126,4864;896,4864""",DT_BF16;DT_BF16,ND;ND,"""126,896""",DT_BF16,ND,N/A
0,4294967295,1556,46,AddRmsNormBias,AddRmsNormBias,dynamic,AI_VECTOR_CORE,1790168622631513.763	,13.221,38.679000,42,0,NO,"""126,896;126,896;896;""",DT_BF16;DT_BF16;DT_BF16;DT_UNDEFINED,ND;ND;ND;NULL,"""126,896;126,1;126,896""",DT_BF16;FLOAT;DT_BF16,ND;ND;ND,N/A
0,4294967295,1557,46,aclnnAddmm_CastAiCore_Cast,Cast,dynamic,AI_VECTOR_CORE,1790168622631558.605	,1.320,31.529000,2,0,NO,"""1152""",DT_BF16,ND,"""1152""",FLOAT,ND,N/A
0,4294967295,1558,46,aclnnAddmm_MatMulCommon_MatMulV2,MatMulV2,dynamic,AI_CORE,1790168622631561.205	,8.500,1.430000,24,0,NO,"""126,896;1152,896;1152""",DT_BF16;DT_BF16;FLOAT,ND;ND;ND,"""126,1152""",DT_BF16,ND,N/A
0,4294967295,1559,46,aclnnInplaceCopy_SliceAiCore_Slice,Slice,dynamic,AI_VECTOR_CORE,1790168622631620.588	,2.820,50.750000,12,0,NO,"""126,18,64;3;3""",DT_BF16;INT64;INT64,NCL;ND;ND,"""126,14,64""",DT_BF16,NCL,N/A
0,4294967295,1560,46,aclnnInplaceCopy_SliceAiCore_Slice,Slice,dynamic,AI_VECTOR_CORE,1790168622631623.428	,2.840,0.180000,12,0,NO,"""126,18,64;3;3""",DT_BF16;INT64;INT64,NCL;ND;ND,"""126,2,64""",DT_BF16,NCL,N/A
0,4294967295,1561,46,_triton_rope,_triton_rope,static,AI_VECTOR_CORE,1790168622631801.335	,13.580,174.910000,48,0,YES,"""126,14,64;126,2,64;32768,64""",DT_BF16;32551;DT_BF16,ND;ND;ND,"""126,14,64;126,2,64""",DT_BF16;32551,ND;ND,N/A
0,4294967295,1562,46,aclnnInplaceCopy_SliceAiCore_Slice,Slice,dynamic,AI_VECTOR_CORE,1790168622632150.769	,2.900,335.920000,12,0,NO,"""126,18,64;3;3""",DT_BF16;INT64;INT64,NCL;ND;ND,"""126,2,64""",DT_BF16,NCL,N/A
0,4294967295,1563,46,ReshapeAndCacheNdKernel,ReshapeAndCacheNdKernel,dynamic,AI_VECTOR_CORE,1790168622632172.910	,9.260,19.350000,48,0,NO,"""126,2,64;126,2,64;2,128,2,64;2,128,2,64;126""",DT_BF16;DT_BF16;DT_BF16;DT_BF16;INT32,ND;ND;ND;ND;ND,"""2,128,2,64;2,128,2,64""",DT_BF16;DT_BF16,ND;ND,N/A
0,4294967295,1564,46,aclnnContiguous_SliceAiCore_Slice,Slice,dynamic,AI_VECTOR_CORE,1790168622632519.203	,2.941,336.990000,12,0,NO,"""126,18,64;3;3""",DT_BF16;INT64;INT64,NCL;ND;ND,"""126,2,64""",DT_BF16,NCL,N/A
0,4294967295,1565,46,FusedInferAttentionScore,FusedInferAttentionScore,dynamic,MIX_AIC,1790168622632535.104	,30.581,12.809000,24,48,NO,"""126,14,64;126,2,64;126,2,64;;2048,2048;1;1;;;;;;;;;;;;;;;;;;;;;;;;""",DT_BF16;DT_BF16;DT_BF16;DT_UNDEFINED;INT8;INT64;INT64;DT_UNDEFINED;DT_UNDEFINED;DT_UNDEFINED;DT_UNDEFINED;DT_UNDEFINED;DT_UNDEFINED;DT_UNDEFINED;DT_UNDEFINED;DT_UNDEFINED;DT_UNDEFINED;DT_UNDEFINED;DT_UNDEFINED;DT_UNDEFINED;DT_UNDEFINED;DT_UNDEFINED;DT_UNDEFINED;DT_UNDEFINED;DT_UNDEFINED;DT_UNDEFINED;DT_UNDEFINED;DT_UNDEFINED;DT_UNDEFINED;DT_UNDEFINED;DT_UNDEFINED,ND;ND;ND;NULL;ND;ND;ND;NULL;NULL;NULL;NULL;NULL;NULL;NULL;NULL;NULL;NULL;NULL;NULL;NULL;NULL;NULL;NULL;NULL;NULL;NULL;NULL;NULL;NULL;NULL;NULL,"""126,14,64;""",DT_BF16;FLOAT,ND;ND,0
0,4294967295,1567,46,aclnnMatmul_MatMulCommon_MatMulV2,MatMulV2,dynamic,AI_CORE,1790168622632787.394	,7.780,221.919000,24,0,NO,"""126,896;896,896""",DT_BF16;DT_BF16,ND;ND,"""126,896""",DT_BF16,ND,N/A
0,4294967295,1568,46,AddRmsNormBias,AddRmsNormBias,dynamic,AI_VECTOR_CORE,1790168622632857.877	,13.221,62.720000,42,0,NO,"""126,896;126,896;896;""",DT_BF16;DT_BF16;DT_BF16;DT_UNDEFINED,ND;ND;ND;NULL,"""126,896;126,1;126,896""",DT_BF16;FLOAT;DT_BF16,ND;ND;ND,N/A
0,4294967295,1569,46,aclnnMatmul_MatMulCommon_MatMulV2,MatMulV2,dynamic,AI_CORE,1790168622632902.799	,23.221,31.529000,22,0,NO,"""126,896;9728,896""",DT_BF16;DT_BF16,ND;ND,"""126,9728""",DT_BF16,ND,N/A
0,4294967295,1570,46,SwiGlu,SwiGlu,dynamic,AI_VECTOR_CORE,1790168622632926.060	,15.520,0.029000,48,0,NO,"""126,9728""",DT_BF16,ND,"""126,4864""",DT_BF16,ND,N/A
0,4294967295,1571,46,aclnnMatmul_MatMulCommon_MatMulV2,MatMulV2,dynamic,AI_CORE,1790168622632967.601	,21.781,25.980000,24,0,NO,"""126,4864;896,4864""",DT_BF16;DT_BF16,ND;ND,"""126,896""",DT_BF16,ND,N/A
0,4294967295,1572,46,AddRmsNormBias,AddRmsNormBias,dynamic,AI_VECTOR_CORE,1790168622633029.184	,11.500,39.969000,42,0,NO,"""126,896;126,896;896;""",DT_BF16;DT_BF16;DT_BF16;DT_UNDEFINED,ND;ND;ND;NULL,"""126,896;126,1;126,896""",DT_BF16;FLOAT;DT_BF16,ND;ND;ND,N/A
0,4294967295,1573,46,aclnnAddmm_CastAiCore_Cast,Cast,dynamic,AI_VECTOR_CORE,1790168622633073.266	,1.180,32.500000,2,0,NO,"""1152""",DT_BF16,ND,"""1152""",FLOAT,ND,N/A
0,4294967295,1574,46,aclnnAddmm_MatMulCommon_MatMulV2,MatMulV2,dynamic,AI_CORE,1790168622633076.326	,8.960,1.820000,24,0,NO,"""126,896;1152,896;1152""",DT_BF16;DT_BF16;FLOAT,ND;ND;ND,"""126,1152""",DT_BF16,ND,N/A
0,4294967295,1575,46,aclnnInplaceCopy_SliceAiCore_Slice,Slice,dynamic,AI_VECTOR_CORE,1790168622633141.728	,2.980,56.540000,12,0,NO,"""126,18,64;3;3""",DT_BF16;INT64;INT64,NCL;ND;ND,"""126,14,64""",DT_BF16,NCL,N/A
0,4294967295,1576,46,aclnnInplaceCopy_SliceAiCore_Slice,Slice,dynamic,AI_VECTOR_CORE,1790168622633144.728	,2.841,0.020000,12,0,NO,"""126,18,64;3;3""",DT_BF16;INT64;INT64,NCL;ND;ND,"""126,2,64""",DT_BF16,NCL,N/A
0,4294967295,1577,46,_triton_rope,_triton_rope,static,AI_VECTOR_CORE,1790168622633330.176	,12.560,182.659000,48,0,YES,"""126,14,64;126,2,64;32768,64""",DT_BF16;32551;DT_BF16,ND;ND;ND,"""126,14,64;126,2,64""",DT_BF16;32551,ND;ND,N/A
0,4294967295,1578,46,aclnnInplaceCopy_SliceAiCore_Slice,Slice,dynamic,AI_VECTOR_CORE,1790168622633691.250	,2.980,348.440000,12,0,NO,"""126,18,64;3;3""",DT_BF16;INT64;INT64,NCL;ND;ND,"""126,2,64""",DT_BF16,NCL,N/A
0,4294967295,1579,46,ReshapeAndCacheNdKernel,ReshapeAndCacheNdKernel,dynamic,AI_VECTOR_CORE,1790168622633703.791	,9.620,9.520000,48,0,NO,"""126,2,64;126,2,64;2,128,2,64;2,128,2,64;126""",DT_BF16;DT_BF16;DT_BF16;DT_BF16;INT32,ND;ND;ND;ND;ND,"""2,128,2,64;2,128,2,64""",DT_BF16;DT_BF16,ND;ND,N/A
0,4294967295,1580,46,aclnnContiguous_SliceAiCore_Slice,Slice,dynamic,AI_VECTOR_CORE,1790168622634068.585	,3.041,355.130000,12,0,NO,"""126,18,64;3;3""",DT_BF16;INT64;INT64,NCL;ND;ND,"""126,2,64""",DT_BF16,NCL,N/A
0,4294967295,1581,46,FusedInferAttentionScore,FusedInferAttentionScore,dynamic,MIX_AIC,1790168622634082.346	,29.781,10.709000,24,48,NO,"""126,14,64;126,2,64;126,2,64;;2048,2048;1;1;;;;;;;;;;;;;;;;;;;;;;;;""",DT_BF16;DT_BF16;DT_BF16;DT_UNDEFINED;INT8;INT64;INT64;DT_UNDEFINED;DT_UNDEFINED;DT_UNDEFINED;DT_UNDEFINED;DT_UNDEFINED;DT_UNDEFINED;DT_UNDEFINED;DT_UNDEFINED;DT_UNDEFINED;DT_UNDEFINED;DT_UNDEFINED;DT_UNDEFINED;DT_UNDEFINED;DT_UNDEFINED;DT_UNDEFINED;DT_UNDEFINED;DT_UNDEFINED;DT_UNDEFINED;DT_UNDEFINED;DT_UNDEFINED;DT_UNDEFINED;DT_UNDEFINED;DT_UNDEFINED;DT_UNDEFINED,ND;ND;ND;NULL;ND;ND;ND;NULL;NULL;NULL;NULL;NULL;NULL;NULL;NULL;NULL;NULL;NULL;NULL;NULL;NULL;NULL;NULL;NULL;NULL;NULL;NULL;NULL;NULL;NULL;NULL,"""126,14,64;""",DT_BF16;FLOAT,ND;ND,0
0,4294967295,1583,46,aclnnMatmul_MatMulCommon_MatMulV2,MatMulV2,dynamic,AI_CORE,1790168622634337.916	,7.580,225.969000,24,0,NO,"""126,896;896,896""",DT_BF16;DT_BF16,ND;ND,"""126,896""",DT_BF16,ND,N/A
0,4294967295,1584,46,AddRmsNormBias,AddRmsNormBias,dynamic,AI_VECTOR_CORE,1790168622634408.179	,12.840,62.670000,42,0,NO,"""126,896;126,896;896;""",DT_BF16;DT_BF16;DT_BF16;DT_UNDEFINED,ND;ND;ND;NULL,"""126,896;126,1;126,896""",DT_BF16;FLOAT;DT_BF16,ND;ND;ND,N/A
0,4294967295,1585,46,aclnnMatmul_MatMulCommon_MatMulV2,MatMulV2,dynamic,AI_CORE,1790168622634454.901	,22.681,33.910000,22,0,NO,"""126,896;9728,896""",DT_BF16;DT_BF16,ND;ND,"""126,9728""",DT_BF16,ND,N/A
0,4294967295,1586,46,SwiGlu,SwiGlu,dynamic,AI_VECTOR_CORE,1790168622634477.602	,15.220,0.000000,48,0,NO,"""126,9728""",DT_BF16,ND,"""126,4864""",DT_BF16,ND,N/A
0,4294967295,1587,46,aclnnMatmul_MatMulCommon_MatMulV2,MatMulV2,dynamic,AI_CORE,1790168622634519.923	,21.661,27.280000,24,0,NO,"""126,4864;896,4864""",DT_BF16;DT_BF16,ND;ND,"""126,896""",DT_BF16,ND,N/A
0,4294967295,1588,46,AddRmsNormBias,AddRmsNormBias,dynamic,AI_VECTOR_CORE,1790168622634582.586	,11.020,40.839000,42,0,NO,"""126,896;126,896;896;""",DT_BF16;DT_BF16;DT_BF16;DT_UNDEFINED,ND;ND;ND;NULL,"""126,896;126,1;126,896""",DT_BF16;FLOAT;DT_BF16,ND;ND;ND,N/A
0,4294967295,1589,46,aclnnAddmm_CastAiCore_Cast,Cast,dynamic,AI_VECTOR_CORE,1790168622634626.188	,1.100,32.730000,2,0,NO,"""1152""",DT_BF16,ND,"""1152""",FLOAT,ND,N/A
0,4294967295,1590,46,aclnnAddmm_MatMulCommon_MatMulV2,MatMulV2,dynamic,AI_CORE,1790168622634629.528	,8.520,2.150000,24,0,NO,"""126,896;1152,896;1152""",DT_BF16;DT_BF16;FLOAT,ND;ND;ND,"""126,1152""",DT_BF16,ND,N/A
0,4294967295,1591,46,aclnnInplaceCopy_SliceAiCore_Slice,Slice,dynamic,AI_VECTOR_CORE,1790168622634688.490	,2.880,50.480000,12,0,NO,"""126,18,64;3;3""",DT_BF16;INT64;INT64,NCL;ND;ND,"""126,14,64""",DT_BF16,NCL,N/A
0,4294967295,1592,46,aclnnInplaceCopy_SliceAiCore_Slice,Slice,dynamic,AI_VECTOR_CORE,1790168622634691.390	,2.920,0.120000,12,0,NO,"""126,18,64;3;3""",DT_BF16;INT64;INT64,NCL;ND;ND,"""126,2,64""",DT_BF16,NCL,N/A
0,4294967295,1593,46,_triton_rope,_triton_rope,static,AI_VECTOR_CORE,1790168622634875.238	,12.460,180.830000,48,0,YES,"""126,14,64;126,2,64;32768,64""",DT_BF16;32551;DT_BF16,ND;ND;ND,"""126,14,64;126,2,64""",DT_BF16;32551,ND;ND,N/A
0,4294967295,1594,46,aclnnInplaceCopy_SliceAiCore_Slice,Slice,dynamic,AI_VECTOR_CORE,1790168622635231.252	,2.940,343.540000,12,0,NO,"""126,18,64;3;3""",DT_BF16;INT64;INT64,NCL;ND;ND,"""126,2,64""",DT_BF16,NCL,N/A
0,4294967295,1595,46,ReshapeAndCacheNdKernel,ReshapeAndCacheNdKernel,dynamic,AI_VECTOR_CORE,1790168622635254.013	,9.380,19.810000,48,0,NO,"""126,2,64;126,2,64;2,128,2,64;2,128,2,64;126""",DT_BF16;DT_BF16;DT_BF16;DT_BF16;INT32,ND;ND;ND;ND;ND,"""2,128,2,64;2,128,2,64""",DT_BF16;DT_BF16,ND;ND,N/A
0,4294967295,1596,46,aclnnContiguous_SliceAiCore_Slice,Slice,dynamic,AI_VECTOR_CORE,1790168622635596.186	,2.841,332.870000,12,0,NO,"""126,18,64;3;3""",DT_BF16;INT64;INT64,NCL;ND;ND,"""126,2,64""",DT_BF16,NCL,N/A
0,4294967295,1597,46,FusedInferAttentionScore,FusedInferAttentionScore,dynamic,MIX_AIC,1790168622635604.587	,34.821,5.409000,24,48,NO,"""126,14,64;126,2,64;126,2,64;;2048,2048;1;1;;;;;;;;;;;;;;;;;;;;;;;;""",DT_BF16;DT_BF16;DT_BF16;DT_UNDEFINED;INT8;INT64;INT64;DT_UNDEFINED;DT_UNDEFINED;DT_UNDEFINED;DT_UNDEFINED;DT_UNDEFINED;DT_UNDEFINED;DT_UNDEFINED;DT_UNDEFINED;DT_UNDEFINED;DT_UNDEFINED;DT_UNDEFINED;DT_UNDEFINED;DT_UNDEFINED;DT_UNDEFINED;DT_UNDEFINED;DT_UNDEFINED;DT_UNDEFINED;DT_UNDEFINED;DT_UNDEFINED;DT_UNDEFINED;DT_UNDEFINED;DT_UNDEFINED;DT_UNDEFINED;DT_UNDEFINED,ND;ND;ND;NULL;ND;ND;ND;NULL;NULL;NULL;NULL;NULL;NULL;NULL;NULL;NULL;NULL;NULL;NULL;NULL;NULL;NULL;NULL;NULL;NULL;NULL;NULL;NULL;NULL;NULL;NULL,"""126,14,64;""",DT_BF16;FLOAT,ND;ND,0
0,4294967295,1599,46,aclnnMatmul_MatMulCommon_MatMulV2,MatMulV2,dynamic,AI_CORE,1790168622635864.577	,7.340,225.179000,24,0,NO,"""126,896;896,896""",DT_BF16;DT_BF16,ND;ND,"""126,896""",DT_BF16,ND,N/A
0,4294967295,1600,46,AddRmsNormBias,AddRmsNormBias,dynamic,AI_VECTOR_CORE,1790168622635935.340	,15.481,63.410000,42,0,NO,"""126,896;126,896;896;""",DT_BF16;DT_BF16;DT_BF16;DT_UNDEFINED,ND;ND;ND;NULL,"""126,896;126,1;126,896""",DT_BF16;FLOAT;DT_BF16,ND;ND;ND,N/A
0,4294967295,1601,46,aclnnMatmul_MatMulCommon_MatMulV2,MatMulV2,dynamic,AI_CORE,1790168622635978.062	,23.121,27.269000,22,0,NO,"""126,896;9728,896""",DT_BF16;DT_BF16,ND;ND,"""126,9728""",DT_BF16,ND,N/A
0,4294967295,1602,46,SwiGlu,SwiGlu,dynamic,AI_VECTOR_CORE,1790168622636008.683	,16.141,7.629000,48,0,NO,"""126,9728""",DT_BF16,ND,"""126,4864""",DT_BF16,ND,N/A
0,4294967295,1603,46,aclnnMatmul_MatMulCommon_MatMulV2,MatMulV2,dynamic,AI_CORE,1790168622636042.284	,22.061,17.359000,24,0,NO,"""126,4864;896,4864""",DT_BF16;DT_BF16,ND;ND,"""126,896""",DT_BF16,ND,N/A
0,4294967295,1604,46,AddRmsNormBias,AddRmsNormBias,dynamic,AI_VECTOR_CORE,1790168622636103.327	,12.840,38.939000,42,0,NO,"""126,896;126,896;896;""",DT_BF16;DT_BF16;DT_BF16;DT_UNDEFINED,ND;ND;ND;NULL,"""126,896;126,1;126,896""",DT_BF16;FLOAT;DT_BF16,ND;ND;ND,N/A
0,4294967295,1605,46,aclnnAddmm_CastAiCore_Cast,Cast,dynamic,AI_VECTOR_CORE,1790168622636148.169	,1.100,32.160000,2,0,NO,"""1152""",DT_BF16,ND,"""1152""",FLOAT,ND,N/A
0,4294967295,1606,46,aclnnAddmm_MatMulCommon_MatMulV2,MatMulV2,dynamic,AI_CORE,1790168622636151.629	,8.880,2.400000,24,0,NO,"""126,896;1152,896;1152""",DT_BF16;DT_BF16;FLOAT,ND;ND;ND,"""126,1152""",DT_BF16,ND,N/A
0,4294967295,1607,46,aclnnInplaceCopy_SliceAiCore_Slice,Slice,dynamic,AI_VECTOR_CORE,1790168622636208.631	,2.920,48.120000,12,0,NO,"""126,18,64;3;3""",DT_BF16;INT64;INT64,NCL;ND;ND,"""126,14,64""",DT_BF16,NCL,N/A
0,4294967295,1608,46,aclnnInplaceCopy_SliceAiCore_Slice,Slice,dynamic,AI_VECTOR_CORE,1790168622636211.571	,2.960,0.000000,12,0,NO,"""126,18,64;3;3""",DT_BF16;INT64;INT64,NCL;ND;ND,"""126,2,64""",DT_BF16,NCL,N/A
0,4294967295,1609,46,_triton_rope,_triton_rope,static,AI_VECTOR_CORE,1790168622636398.019	,13.120,183.540000,48,0,YES,"""126,14,64;126,2,64;32768,64""",DT_BF16;32551;DT_BF16,ND;ND;ND,"""126,14,64;126,2,64""",DT_BF16;32551,ND;ND,N/A
0,4294967295,1610,46,aclnnInplaceCopy_SliceAiCore_Slice,Slice,dynamic,AI_VECTOR_CORE,1790168622636748.173	,3.000,337.130000,12,0,NO,"""126,18,64;3;3""",DT_BF16;INT64;INT64,NCL;ND;ND,"""126,2,64""",DT_BF16,NCL,N/A
0,4294967295,1611,46,ReshapeAndCacheNdKernel,ReshapeAndCacheNdKernel,dynamic,AI_VECTOR_CORE,1790168622636765.273	,9.381,14.000000,48,0,NO,"""126,2,64;126,2,64;2,128,2,64;2,128,2,64;126""",DT_BF16;DT_BF16;DT_BF16;DT_BF16;INT32,ND;ND;ND;ND;ND,"""2,128,2,64;2,128,2,64""",DT_BF16;DT_BF16,ND;ND,N/A
0,4294967295,1612,46,aclnnContiguous_SliceAiCore_Slice,Slice,dynamic,AI_VECTOR_CORE,1790168622637120.367	,2.841,345.619000,12,0,NO,"""126,18,64;3;3""",DT_BF16;INT64;INT64,NCL;ND;ND,"""126,2,64""",DT_BF16,NCL,N/A
0,4294967295,1613,46,FusedInferAttentionScore,FusedInferAttentionScore,dynamic,MIX_AIC,1790168622637140.028	,29.041,16.909000,24,48,NO,"""126,14,64;126,2,64;126,2,64;;2048,2048;1;1;;;;;;;;;;;;;;;;;;;;;;;;""",DT_BF16;DT_BF16;DT_BF16;DT_UNDEFINED;INT8;INT64;INT64;DT_UNDEFINED;DT_UNDEFINED;DT_UNDEFINED;DT_UNDEFINED;DT_UNDEFINED;DT_UNDEFINED;DT_UNDEFINED;DT_UNDEFINED;DT_UNDEFINED;DT_UNDEFINED;DT_UNDEFINED;DT_UNDEFINED;DT_UNDEFINED;DT_UNDEFINED;DT_UNDEFINED;DT_UNDEFINED;DT_UNDEFINED;DT_UNDEFINED;DT_UNDEFINED;DT_UNDEFINED;DT_UNDEFINED;DT_UNDEFINED;DT_UNDEFINED;DT_UNDEFINED,ND;ND;ND;NULL;ND;ND;ND;NULL;NULL;NULL;NULL;NULL;NULL;NULL;NULL;NULL;NULL;NULL;NULL;NULL;NULL;NULL;NULL;NULL;NULL;NULL;NULL;NULL;NULL;NULL;NULL,"""126,14,64;""",DT_BF16;FLOAT,ND;ND,0
0,4294967295,1615,46,aclnnMatmul_MatMulCommon_MatMulV2,MatMulV2,dynamic,AI_CORE,1790168622637405.519	,7.760,236.459000,24,0,NO,"""126,896;896,896""",DT_BF16;DT_BF16,ND;ND,"""126,896""",DT_BF16,ND,N/A
0,4294967295,1616,46,AddRmsNormBias,AddRmsNormBias,dynamic,AI_VECTOR_CORE,1790168622637476.802	,13.120,63.490000,42,0,NO,"""126,896;126,896;896;""",DT_BF16;DT_BF16;DT_BF16;DT_UNDEFINED,ND;ND;ND;NULL,"""126,896;126,1;126,896""",DT_BF16;FLOAT;DT_BF16,ND;ND;ND,N/A
0,4294967295,1617,46,aclnnMatmul_MatMulCommon_MatMulV2,MatMulV2,dynamic,AI_CORE,1790168622637521.943	,23.481,32.130000,22,0,NO,"""126,896;9728,896""",DT_BF16;DT_BF16,ND;ND,"""126,9728""",DT_BF16,ND,N/A
0,4294967295,1618,46,SwiGlu,SwiGlu,dynamic,AI_VECTOR_CORE,1790168622637552.805	,15.020,7.269000,48,0,NO,"""126,9728""",DT_BF16,ND,"""126,4864""",DT_BF16,ND,N/A
0,4294967295,1619,46,aclnnMatmul_MatMulCommon_MatMulV2,MatMulV2,dynamic,AI_CORE,1790168622637587.226	,21.661,19.480000,24,0,NO,"""126,4864;896,4864""",DT_BF16;DT_BF16,ND;ND,"""126,896""",DT_BF16,ND,N/A
0,4294967295,1620,46,AddRmsNormBias,AddRmsNormBias,dynamic,AI_VECTOR_CORE,1790168622637644.808	,11.461,35.839000,42,0,NO,"""126,896;126,896;896;""",DT_BF16;DT_BF16;DT_BF16;DT_UNDEFINED,ND;ND;ND;NULL,"""126,896;126,1;126,896""",DT_BF16;FLOAT;DT_BF16,ND;ND;ND,N/A
0,4294967295,1621,46,aclnnAddmm_CastAiCore_Cast,Cast,dynamic,AI_VECTOR_CORE,1790168622637685.490	,1.220,29.289000,2,0,NO,"""1152""",DT_BF16,ND,"""1152""",FLOAT,ND,N/A
0,4294967295,1622,46,aclnnAddmm_MatMulCommon_MatMulV2,MatMulV2,dynamic,AI_CORE,1790168622637689.290	,8.940,2.530000,24,0,NO,"""126,896;1152,896;1152""",DT_BF16;DT_BF16;FLOAT,ND;ND;ND,"""126,1152""",DT_BF16,ND,N/A
0,4294967295,1623,46,aclnnInplaceCopy_SliceAiCore_Slice,Slice,dynamic,AI_VECTOR_CORE,1790168622637750.613	,2.940,52.310000,12,0,NO,"""126,18,64;3;3""",DT_BF16;INT64;INT64,NCL;ND;ND,"""126,14,64""",DT_BF16,NCL,N/A
0,4294967295,1624,46,aclnnInplaceCopy_SliceAiCore_Slice,Slice,dynamic,AI_VECTOR_CORE,1790168622637754.173	,2.900,0.810000,12,0,NO,"""126,18,64;3;3""",DT_BF16;INT64;INT64,NCL;ND;ND,"""126,2,64""",DT_BF16,NCL,N/A
0,4294967295,1625,46,_triton_rope,_triton_rope,static,AI_VECTOR_CORE,1790168622637933.480	,12.360,176.350000,48,0,YES,"""126,14,64;126,2,64;32768,64""",DT_BF16;32551;DT_BF16,ND;ND;ND,"""126,14,64;126,2,64""",DT_BF16;32551,ND;ND,N/A
0,4294967295,1626,46,aclnnInplaceCopy_SliceAiCore_Slice,Slice,dynamic,AI_VECTOR_CORE,1790168622638280.954	,3.000,335.140000,12,0,NO,"""126,18,64;3;3""",DT_BF16;INT64;INT64,NCL;ND;ND,"""126,2,64""",DT_BF16,NCL,N/A
0,4294967295,1627,46,ReshapeAndCacheNdKernel,ReshapeAndCacheNdKernel,dynamic,AI_VECTOR_CORE,1790168622638297.414	,9.481,13.500000,48,0,NO,"""126,2,64;126,2,64;2,128,2,64;2,128,2,64;126""",DT_BF16;DT_BF16;DT_BF16;DT_BF16;INT32,ND;ND;ND;ND;ND,"""2,128,2,64;2,128,2,64""",DT_BF16;DT_BF16,ND;ND,N/A
0,4294967295,1628,46,aclnnContiguous_SliceAiCore_Slice,Slice,dynamic,AI_VECTOR_CORE,1790168622638647.188	,3.001,340.269000,12,0,NO,"""126,18,64;3;3""",DT_BF16;INT64;INT64,NCL;ND;ND,"""126,2,64""",DT_BF16,NCL,N/A
0,4294967295,1629,46,FusedInferAttentionScore,FusedInferAttentionScore,dynamic,MIX_AIC,1790168622638661.589	,30.661,11.249000,24,48,NO,"""126,14,64;126,2,64;126,2,64;;2048,2048;1;1;;;;;;;;;;;;;;;;;;;;;;;;""",DT_BF16;DT_BF16;DT_BF16;DT_UNDEFINED;INT8;INT64;INT64;DT_UNDEFINED;DT_UNDEFINED;DT_UNDEFINED;DT_UNDEFINED;DT_UNDEFINED;DT_UNDEFINED;DT_UNDEFINED;DT_UNDEFINED;DT_UNDEFINED;DT_UNDEFINED;DT_UNDEFINED;DT_UNDEFINED;DT_UNDEFINED;DT_UNDEFINED;DT_UNDEFINED;DT_UNDEFINED;DT_UNDEFINED;DT_UNDEFINED;DT_UNDEFINED;DT_UNDEFINED;DT_UNDEFINED;DT_UNDEFINED;DT_UNDEFINED;DT_UNDEFINED,ND;ND;ND;NULL;ND;ND;ND;NULL;NULL;NULL;NULL;NULL;NULL;NULL;NULL;NULL;NULL;NULL;NULL;NULL;NULL;NULL;NULL;NULL;NULL;NULL;NULL;NULL;NULL;NULL;NULL,"""126,14,64;""",DT_BF16;FLOAT,ND;ND,0
0,4294967295,1631,46,aclnnMatmul_MatMulCommon_MatMulV2,MatMulV2,dynamic,AI_CORE,1790168622638910.459	,7.500,218.339000,24,0,NO,"""126,896;896,896""",DT_BF16;DT_BF16,ND;ND,"""126,896""",DT_BF16,ND,N/A
0,4294967295,1632,46,AddRmsNormBias,AddRmsNormBias,dynamic,AI_VECTOR_CORE,1790168622638977.042	,14.520,59.000000,42,0,NO,"""126,896;126,896;896;""",DT_BF16;DT_BF16;DT_BF16;DT_UNDEFINED,ND;ND;ND;NULL,"""126,896;126,1;126,896""",DT_BF16;FLOAT;DT_BF16,ND;ND;ND,N/A
0,4294967295,1633,46,aclnnMatmul_MatMulCommon_MatMulV2,MatMulV2,dynamic,AI_CORE,1790168622639028.864	,23.641,37.230000,22,0,NO,"""126,896;9728,896""",DT_BF16;DT_BF16,ND;ND,"""126,9728""",DT_BF16,ND,N/A
0,4294967295,1634,46,SwiGlu,SwiGlu,dynamic,AI_VECTOR_CORE,1790168622639061.925	,16.721,9.609000,48,0,NO,"""126,9728""",DT_BF16,ND,"""126,4864""",DT_BF16,ND,N/A
0,4294967295,1635,46,aclnnMatmul_MatMulCommon_MatMulV2,MatMulV2,dynamic,AI_CORE,1790168622639095.166	,22.081,16.529000,24,0,NO,"""126,4864;896,4864""",DT_BF16;DT_BF16,ND;ND,"""126,896""",DT_BF16,ND,N/A
0,4294967295,1636,46,AddRmsNormBias,AddRmsNormBias,dynamic,AI_VECTOR_CORE,1790168622639150.769	,12.060,33.419000,42,0,NO,"""126,896;126,896;896;""",DT_BF16;DT_BF16;DT_BF16;DT_UNDEFINED,ND;ND;ND;NULL,"""126,896;126,1;126,896""",DT_BF16;FLOAT;DT_BF16,ND;ND;ND,N/A
0,4294967295,1637,46,aclnnAddmm_CastAiCore_Cast,Cast,dynamic,AI_VECTOR_CORE,1790168622639200.411	,1.140,37.690000,2,0,NO,"""1152""",DT_BF16,ND,"""1152""",FLOAT,ND,N/A
0,4294967295,1638,46,aclnnAddmm_MatMulCommon_MatMulV2,MatMulV2,dynamic,AI_CORE,1790168622639202.951	,9.340,1.360000,24,0,NO,"""126,896;1152,896;1152""",DT_BF16;DT_BF16;FLOAT,ND;ND;ND,"""126,1152""",DT_BF16,ND,N/A
0,4294967295,1639,46,aclnnInplaceCopy_SliceAiCore_Slice,Slice,dynamic,AI_VECTOR_CORE,1790168622639261.333	,2.880,48.910000,12,0,NO,"""126,18,64;3;3""",DT_BF16;INT64;INT64,NCL;ND;ND,"""126,14,64""",DT_BF16,NCL,N/A
0,4294967295,1640,46,aclnnInplaceCopy_SliceAiCore_Slice,Slice,dynamic,AI_VECTOR_CORE,1790168622639264.253	,2.900,0.120000,12,0,NO,"""126,18,64;3;3""",DT_BF16;INT64;INT64,NCL;ND;ND,"""126,2,64""",DT_BF16,NCL,N/A
0,4294967295,1641,46,_triton_rope,_triton_rope,static,AI_VECTOR_CORE,1790168622639448.900	,12.521,181.850000,48,0,YES,"""126,14,64;126,2,64;32768,64""",DT_BF16;32551;DT_BF16,ND;ND;ND,"""126,14,64;126,2,64""",DT_BF16;32551,ND;ND,N/A
0,4294967295,1642,46,aclnnInplaceCopy_SliceAiCore_Slice,Slice,dynamic,AI_VECTOR_CORE,1790168622639808.235	,2.920,346.729000,12,0,NO,"""126,18,64;3;3""",DT_BF16;INT64;INT64,NCL;ND;ND,"""126,2,64""",DT_BF16,NCL,N/A
0,4294967295,1643,46,ReshapeAndCacheNdKernel,ReshapeAndCacheNdKernel,dynamic,AI_VECTOR_CORE,1790168622639831.856	,14.960,20.580000,48,0,NO,"""126,2,64;126,2,64;2,128,2,64;2,128,2,64;126""",DT_BF16;DT_BF16;DT_BF16;DT_BF16;INT32,ND;ND;ND;ND;ND,"""2,128,2,64;2,128,2,64""",DT_BF16;DT_BF16,ND;ND,N/A
0,4294967295,1644,46,aclnnContiguous_SliceAiCore_Slice,Slice,dynamic,AI_VECTOR_CORE,1790168622640168.949	,2.900,322.290000,12,0,NO,"""126,18,64;3;3""",DT_BF16;INT64;INT64,NCL;ND;ND,"""126,2,64""",DT_BF16,NCL,N/A
0,4294967295,1645,46,FusedInferAttentionScore,FusedInferAttentionScore,dynamic,MIX_AIC,1790168622640181.870	,28.161,9.850000,24,48,NO,"""126,14,64;126,2,64;126,2,64;;2048,2048;1;1;;;;;;;;;;;;;;;;;;;;;;;;""",DT_BF16;DT_BF16;DT_BF16;DT_UNDEFINED;INT8;INT64;INT64;DT_UNDEFINED;DT_UNDEFINED;DT_UNDEFINED;DT_UNDEFINED;DT_UNDEFINED;DT_UNDEFINED;DT_UNDEFINED;DT_UNDEFINED;DT_UNDEFINED;DT_UNDEFINED;DT_UNDEFINED;DT_UNDEFINED;DT_UNDEFINED;DT_UNDEFINED;DT_UNDEFINED;DT_UNDEFINED;DT_UNDEFINED;DT_UNDEFINED;DT_UNDEFINED;DT_UNDEFINED;DT_UNDEFINED;DT_UNDEFINED;DT_UNDEFINED;DT_UNDEFINED,ND;ND;ND;NULL;ND;ND;ND;NULL;NULL;NULL;NULL;NULL;NULL;NULL;NULL;NULL;NULL;NULL;NULL;NULL;NULL;NULL;NULL;NULL;NULL;NULL;NULL;NULL;NULL;NULL;NULL,"""126,14,64;""",DT_BF16;FLOAT,ND;ND,0
0,4294967295,1647,46,aclnnMatmul_MatMulCommon_MatMulV2,MatMulV2,dynamic,AI_CORE,1790168622640427.760	,7.920,217.839000,24,0,NO,"""126,896;896,896""",DT_BF16;DT_BF16,ND;ND,"""126,896""",DT_BF16,ND,N/A
0,4294967295,1648,46,AddRmsNormBias,AddRmsNormBias,dynamic,AI_VECTOR_CORE,1790168622640498.722	,13.081,63.080000,42,0,NO,"""126,896;126,896;896;""",DT_BF16;DT_BF16;DT_BF16;DT_UNDEFINED,ND;ND;ND;NULL,"""126,896;126,1;126,896""",DT_BF16;FLOAT;DT_BF16,ND;ND;ND,N/A
0,4294967295,1649,46,aclnnMatmul_MatMulCommon_MatMulV2,MatMulV2,dynamic,AI_CORE,1790168622640545.964	,23.421,34.169000,22,0,NO,"""126,896;9728,896""",DT_BF16;DT_BF16,ND;ND,"""126,9728""",DT_BF16,ND,N/A
0,4294967295,1650,46,SwiGlu,SwiGlu,dynamic,AI_VECTOR_CORE,1790168622640576.786	,15.160,7.329000,48,0,NO,"""126,9728""",DT_BF16,ND,"""126,4864""",DT_BF16,ND,N/A
0,4294967295,1651,46,aclnnMatmul_MatMulCommon_MatMulV2,MatMulV2,dynamic,AI_CORE,1790168622640607.407	,21.861,15.590000,24,0,NO,"""126,4864;896,4864""",DT_BF16;DT_BF16,ND;ND,"""126,896""",DT_BF16,ND,N/A
0,4294967295,1652,46,AddRmsNormBias,AddRmsNormBias,dynamic,AI_VECTOR_CORE,1790168622640670.589	,11.681,41.139000,42,0,NO,"""126,896;126,896;896;""",DT_BF16;DT_BF16;DT_BF16;DT_UNDEFINED,ND;ND;ND;NULL,"""126,896;126,1;126,896""",DT_BF16;FLOAT;DT_BF16,ND;ND;ND,N/A
0,4294967295,1653,46,aclnnAddmm_CastAiCore_Cast,Cast,dynamic,AI_VECTOR_CORE,1790168622640717.151	,1.140,35.069000,2,0,NO,"""1152""",DT_BF16,ND,"""1152""",FLOAT,ND,N/A
0,4294967295,1654,46,aclnnAddmm_MatMulCommon_MatMulV2,MatMulV2,dynamic,AI_CORE,1790168622640720.251	,9.001,1.860000,24,0,NO,"""126,896;1152,896;1152""",DT_BF16;DT_BF16;FLOAT,ND;ND;ND,"""126,1152""",DT_BF16,ND,N/A
0,4294967295,1655,46,aclnnInplaceCopy_SliceAiCore_Slice,Slice,dynamic,AI_VECTOR_CORE,1790168622640778.014	,2.980,48.749000,12,0,NO,"""126,18,64;3;3""",DT_BF16;INT64;INT64,NCL;ND;ND,"""126,14,64""",DT_BF16,NCL,N/A
0,4294967295,1656,46,aclnnInplaceCopy_SliceAiCore_Slice,Slice,dynamic,AI_VECTOR_CORE,1790168622640781.014	,2.860,0.020000,12,0,NO,"""126,18,64;3;3""",DT_BF16;INT64;INT64,NCL;ND;ND,"""126,2,64""",DT_BF16,NCL,N/A
0,4294967295,1657,46,_triton_rope,_triton_rope,static,AI_VECTOR_CORE,1790168622640958.761	,12.380,174.890000,48,0,YES,"""126,14,64;126,2,64;32768,64""",DT_BF16;32551;DT_BF16,ND;ND;ND,"""126,14,64;126,2,64""",DT_BF16;32551,ND;ND,N/A
0,4294967295,1658,46,aclnnInplaceCopy_SliceAiCore_Slice,Slice,dynamic,AI_VECTOR_CORE,1790168622641339.336	,2.900,368.120000,12,0,NO,"""126,18,64;3;3""",DT_BF16;INT64;INT64,NCL;ND;ND,"""126,2,64""",DT_BF16,NCL,N/A
0,4294967295,1659,46,ReshapeAndCacheNdKernel,ReshapeAndCacheNdKernel,dynamic,AI_VECTOR_CORE,1790168622641359.777	,9.300,17.600000,48,0,NO,"""126,2,64;126,2,64;2,128,2,64;2,128,2,64;126""",DT_BF16;DT_BF16;DT_BF16;DT_BF16;INT32,ND;ND;ND;ND;ND,"""2,128,2,64;2,128,2,64""",DT_BF16;DT_BF16,ND;ND,N/A
0,4294967295,1660,46,aclnnContiguous_SliceAiCore_Slice,Slice,dynamic,AI_VECTOR_CORE,1790168622641715.871	,3.220,346.700000,12,0,NO,"""126,18,64;3;3""",DT_BF16;INT64;INT64,NCL;ND;ND,"""126,2,64""",DT_BF16,NCL,N/A
0,4294967295,1661,46,FusedInferAttentionScore,FusedInferAttentionScore,dynamic,MIX_AIC,1790168622641732.732	,34.781,13.780000,24,48,NO,"""126,14,64;126,2,64;126,2,64;;2048,2048;1;1;;;;;;;;;;;;;;;;;;;;;;;;""",DT_BF16;DT_BF16;DT_BF16;DT_UNDEFINED;INT8;INT64;INT64;DT_UNDEFINED;DT_UNDEFINED;DT_UNDEFINED;DT_UNDEFINED;DT_UNDEFINED;DT_UNDEFINED;DT_UNDEFINED;DT_UNDEFINED;DT_UNDEFINED;DT_UNDEFINED;DT_UNDEFINED;DT_UNDEFINED;DT_UNDEFINED;DT_UNDEFINED;DT_UNDEFINED;DT_UNDEFINED;DT_UNDEFINED;DT_UNDEFINED;DT_UNDEFINED;DT_UNDEFINED;DT_UNDEFINED;DT_UNDEFINED;DT_UNDEFINED;DT_UNDEFINED,ND;ND;ND;NULL;ND;ND;ND;NULL;NULL;NULL;NULL;NULL;NULL;NULL;NULL;NULL;NULL;NULL;NULL;NULL;NULL;NULL;NULL;NULL;NULL;NULL;NULL;NULL;NULL;NULL;NULL,"""126,14,64;""",DT_BF16;FLOAT,ND;ND,0
0,4294967295,1663,46,aclnnMatmul_MatMulCommon_MatMulV2,MatMulV2,dynamic,AI_CORE,1790168622641999.202	,7.541,231.719000,24,0,NO,"""126,896;896,896""",DT_BF16;DT_BF16,ND;ND,"""126,896""",DT_BF16,ND,N/A
0,4294967295,1664,46,AddRmsNormBias,AddRmsNormBias,dynamic,AI_VECTOR_CORE,1790168622642072.765	,17.641,65.959000,42,0,NO,"""126,896;126,896;896;""",DT_BF16;DT_BF16;DT_BF16;DT_UNDEFINED,ND;ND;ND;NULL,"""126,896;126,1;126,896""",DT_BF16;FLOAT;DT_BF16,ND;ND;ND,N/A
0,4294967295,1665,46,aclnnMatmul_MatMulCommon_MatMulV2,MatMulV2,dynamic,AI_CORE,1790168622642117.507	,23.521,27.109000,22,0,NO,"""126,896;9728,896""",DT_BF16;DT_BF16,ND;ND,"""126,9728""",DT_BF16,ND,N/A
0,4294967295,1666,46,SwiGlu,SwiGlu,dynamic,AI_VECTOR_CORE,1790168622642146.888	,17.741,5.979000,48,0,NO,"""126,9728""",DT_BF16,ND,"""126,4864""",DT_BF16,ND,N/A
0,4294967295,1667,46,aclnnMatmul_MatMulCommon_MatMulV2,MatMulV2,dynamic,AI_CORE,1790168622642173.369	,21.541,8.509000,24,0,NO,"""126,4864;896,4864""",DT_BF16;DT_BF16,ND;ND,"""126,896""",DT_BF16,ND,N/A
0,4294967295,1668,46,AddRmsNormBias,AddRmsNormBias,dynamic,AI_VECTOR_CORE,1790168622642235.292	,13.320,40.459000,42,0,NO,"""126,896;126,896;896;""",DT_BF16;DT_BF16;DT_BF16;DT_UNDEFINED,ND;ND;ND;NULL,"""126,896;126,1;126,896""",DT_BF16;FLOAT;DT_BF16,ND;ND;ND,N/A
0,4294967295,1669,46,aclnnAddmm_CastAiCore_Cast,Cast,dynamic,AI_VECTOR_CORE,1790168622642280.274	,1.100,31.680000,2,0,NO,"""1152""",DT_BF16,ND,"""1152""",FLOAT,ND,N/A
0,4294967295,1670,46,aclnnAddmm_MatMulCommon_MatMulV2,MatMulV2,dynamic,AI_CORE,1790168622642285.254	,8.720,3.900000,24,0,NO,"""126,896;1152,896;1152""",DT_BF16;DT_BF16;FLOAT,ND;ND;ND,"""126,1152""",DT_BF16,ND,N/A
0,4294967295,1671,46,aclnnInplaceCopy_SliceAiCore_Slice,Slice,dynamic,AI_VECTOR_CORE,1790168622642345.096	,2.980,51.030000,12,0,NO,"""126,18,64;3;3""",DT_BF16;INT64;INT64,NCL;ND;ND,"""126,14,64""",DT_BF16,NCL,N/A
0,4294967295,1672,46,aclnnInplaceCopy_SliceAiCore_Slice,Slice,dynamic,AI_VECTOR_CORE,1790168622642348.116	,2.901,0.020000,12,0,NO,"""126,18,64;3;3""",DT_BF16;INT64;INT64,NCL;ND;ND,"""126,2,64""",DT_BF16,NCL,N/A
0,4294967295,1673,46,_triton_rope,_triton_rope,static,AI_VECTOR_CORE,1790168622642531.404	,12.560,180.599000,48,0,YES,"""126,14,64;126,2,64;32768,64""",DT_BF16;32551;DT_BF16,ND;ND;ND,"""126,14,64;126,2,64""",DT_BF16;32551,ND;ND,N/A
0,4294967295,1674,46,aclnnInplaceCopy_SliceAiCore_Slice,Slice,dynamic,AI_VECTOR_CORE,1790168622642878.118	,2.940,333.940000,12,0,NO,"""126,18,64;3;3""",DT_BF16;INT64;INT64,NCL;ND;ND,"""126,2,64""",DT_BF16,NCL,N/A
0,4294967295,1675,46,ReshapeAndCacheNdKernel,ReshapeAndCacheNdKernel,dynamic,AI_VECTOR_CORE,1790168622642895.958	,9.581,15.060000,48,0,NO,"""126,2,64;126,2,64;2,128,2,64;2,128,2,64;126""",DT_BF16;DT_BF16;DT_BF16;DT_BF16;INT32,ND;ND;ND;ND;ND,"""2,128,2,64;2,128,2,64""",DT_BF16;DT_BF16,ND;ND,N/A
0,4294967295,1676,46,aclnnContiguous_SliceAiCore_Slice,Slice,dynamic,AI_VECTOR_CORE,1790168622643243.732	,2.840,338.169000,12,0,NO,"""126,18,64;3;3""",DT_BF16;INT64;INT64,NCL;ND;ND,"""126,2,64""",DT_BF16,NCL,N/A
0,4294967295,1677,46,FusedInferAttentionScore,FusedInferAttentionScore,dynamic,MIX_AIC,1790168622643264.393	,29.081,17.910000,24,48,NO,"""126,14,64;126,2,64;126,2,64;;2048,2048;1;1;;;;;;;;;;;;;;;;;;;;;;;;""",DT_BF16;DT_BF16;DT_BF16;DT_UNDEFINED;INT8;INT64;INT64;DT_UNDEFINED;DT_UNDEFINED;DT_UNDEFINED;DT_UNDEFINED;DT_UNDEFINED;DT_UNDEFINED;DT_UNDEFINED;DT_UNDEFINED;DT_UNDEFINED;DT_UNDEFINED;DT_UNDEFINED;DT_UNDEFINED;DT_UNDEFINED;DT_UNDEFINED;DT_UNDEFINED;DT_UNDEFINED;DT_UNDEFINED;DT_UNDEFINED;DT_UNDEFINED;DT_UNDEFINED;DT_UNDEFINED;DT_UNDEFINED;DT_UNDEFINED;DT_UNDEFINED,ND;ND;ND;NULL;ND;ND;ND;NULL;NULL;NULL;NULL;NULL;NULL;NULL;NULL;NULL;NULL;NULL;NULL;NULL;NULL;NULL;NULL;NULL;NULL;NULL;NULL;NULL;NULL;NULL;NULL,"""126,14,64;""",DT_BF16;FLOAT,ND;ND,0
0,4294967295,1679,46,aclnnMatmul_MatMulCommon_MatMulV2,MatMulV2,dynamic,AI_CORE,1790168622643503.143	,7.560,209.669000,24,0,NO,"""126,896;896,896""",DT_BF16;DT_BF16,ND;ND,"""126,896""",DT_BF16,ND,N/A
0,4294967295,1680,46,AddRmsNormBias,AddRmsNormBias,dynamic,AI_VECTOR_CORE,1790168622643582.866	,13.840,71.940000,42,0,NO,"""126,896;126,896;896;""",DT_BF16;DT_BF16;DT_BF16;DT_UNDEFINED,ND;ND;ND;NULL,"""126,896;126,1;126,896""",DT_BF16;FLOAT;DT_BF16,ND;ND;ND,N/A
0,4294967295,1681,46,aclnnMatmul_MatMulCommon_MatMulV2,MatMulV2,dynamic,AI_CORE,1790168622643616.567	,23.241,19.910000,22,0,NO,"""126,896;9728,896""",DT_BF16;DT_BF16,ND;ND,"""126,9728""",DT_BF16,ND,N/A
0,4294967295,1682,46,SwiGlu,SwiGlu,dynamic,AI_VECTOR_CORE,1790168622643652.849	,20.440,13.009000,48,0,NO,"""126,9728""",DT_BF16,ND,"""126,4864""",DT_BF16,ND,N/A
0,4294967295,1683,46,aclnnMatmul_MatMulCommon_MatMulV2,MatMulV2,dynamic,AI_CORE,1790168622643686.170	,21.661,13.060000,24,0,NO,"""126,4864;896,4864""",DT_BF16;DT_BF16,ND;ND,"""126,896""",DT_BF16,ND,N/A
0,4294967295,1684,46,AddRmsNormBias,AddRmsNormBias,dynamic,AI_VECTOR_CORE,1790168622643740.772	,11.621,32.839000,42,0,NO,"""126,896;126,896;896;""",DT_BF16;DT_BF16;DT_BF16;DT_UNDEFINED,ND;ND;ND;NULL,"""126,896;126,1;126,896""",DT_BF16;FLOAT;DT_BF16,ND;ND;ND,N/A
0,4294967295,1685,46,aclnnAddmm_CastAiCore_Cast,Cast,dynamic,AI_VECTOR_CORE,1790168622643785.694	,1.080,33.379000,2,0,NO,"""1152""",DT_BF16,ND,"""1152""",FLOAT,ND,N/A
0,4294967295,1686,46,aclnnAddmm_MatMulCommon_MatMulV2,MatMulV2,dynamic,AI_CORE,1790168622643789.054	,9.120,2.170000,24,0,NO,"""126,896;1152,896;1152""",DT_BF16;DT_BF16;FLOAT,ND;ND;ND,"""126,1152""",DT_BF16,ND,N/A
0,4294967295,1687,46,aclnnInplaceCopy_SliceAiCore_Slice,Slice,dynamic,AI_VECTOR_CORE,1790168622643850.716	,3.501,52.630000,12,0,NO,"""126,18,64;3;3""",DT_BF16;INT64;INT64,NCL;ND;ND,"""126,14,64""",DT_BF16,NCL,N/A
0,4294967295,1688,46,aclnnInplaceCopy_SliceAiCore_Slice,Slice,dynamic,AI_VECTOR_CORE,1790168622643854.237	,3.060,0.000000,12,0,NO,"""126,18,64;3;3""",DT_BF16;INT64;INT64,NCL;ND;ND,"""126,2,64""",DT_BF16,NCL,N/A
0,4294967295,1689,46,_triton_rope,_triton_rope,static,AI_VECTOR_CORE,1790168622644033.264	,12.660,175.940000,48,0,YES,"""126,14,64;126,2,64;32768,64""",DT_BF16;32551;DT_BF16,ND;ND;ND,"""126,14,64;126,2,64""",DT_BF16;32551,ND;ND,N/A
0,4294967295,1690,46,aclnnInplaceCopy_SliceAiCore_Slice,Slice,dynamic,AI_VECTOR_CORE,1790168622644389.158	,2.960,343.340000,12,0,NO,"""126,18,64;3;3""",DT_BF16;INT64;INT64,NCL;ND;ND,"""126,2,64""",DT_BF16,NCL,N/A
0,4294967295,1691,46,ReshapeAndCacheNdKernel,ReshapeAndCacheNdKernel,dynamic,AI_VECTOR_CORE,1790168622644410.599	,9.320,18.290000,48,0,NO,"""126,2,64;126,2,64;2,128,2,64;2,128,2,64;126""",DT_BF16;DT_BF16;DT_BF16;DT_BF16;INT32,ND;ND;ND;ND;ND,"""2,128,2,64;2,128,2,64""",DT_BF16;DT_BF16,ND;ND,N/A
0,4294967295,1692,46,aclnnContiguous_SliceAiCore_Slice,Slice,dynamic,AI_VECTOR_CORE,1790168622644753.913	,2.860,334.180000,12,0,NO,"""126,18,64;3;3""",DT_BF16;INT64;INT64,NCL;ND;ND,"""126,2,64""",DT_BF16,NCL,N/A
0,4294967295,1693,46,FusedInferAttentionScore,FusedInferAttentionScore,dynamic,MIX_AIC,1790168622644770.993	,31.082,14.140000,24,48,NO,"""126,14,64;126,2,64;126,2,64;;2048,2048;1;1;;;;;;;;;;;;;;;;;;;;;;;;""",DT_BF16;DT_BF16;DT_BF16;DT_UNDEFINED;INT8;INT64;INT64;DT_UNDEFINED;DT_UNDEFINED;DT_UNDEFINED;DT_UNDEFINED;DT_UNDEFINED;DT_UNDEFINED;DT_UNDEFINED;DT_UNDEFINED;DT_UNDEFINED;DT_UNDEFINED;DT_UNDEFINED;DT_UNDEFINED;DT_UNDEFINED;DT_UNDEFINED;DT_UNDEFINED;DT_UNDEFINED;DT_UNDEFINED;DT_UNDEFINED;DT_UNDEFINED;DT_UNDEFINED;DT_UNDEFINED;DT_UNDEFINED;DT_UNDEFINED;DT_UNDEFINED,ND;ND;ND;NULL;ND;ND;ND;NULL;NULL;NULL;NULL;NULL;NULL;NULL;NULL;NULL;NULL;NULL;NULL;NULL;NULL;NULL;NULL;NULL;NULL;NULL;NULL;NULL;NULL;NULL;NULL,"""126,14,64;""",DT_BF16;FLOAT,ND;ND,0
0,4294967295,1695,46,aclnnMatmul_MatMulCommon_MatMulV2,MatMulV2,dynamic,AI_CORE,1790168622645021.283	,7.741,219.168000,24,0,NO,"""126,896;896,896""",DT_BF16;DT_BF16,ND;ND,"""126,896""",DT_BF16,ND,N/A
0,4294967295,1696,46,AddRmsNormBias,AddRmsNormBias,dynamic,AI_VECTOR_CORE,1790168622645093.466	,15.401,64.509000,42,0,NO,"""126,896;126,896;896;""",DT_BF16;DT_BF16;DT_BF16;DT_UNDEFINED,ND;ND;ND;NULL,"""126,896;126,1;126,896""",DT_BF16;FLOAT;DT_BF16,ND;ND;ND,N/A
0,4294967295,1697,46,aclnnMatmul_MatMulCommon_MatMulV2,MatMulV2,dynamic,AI_CORE,1790168622645151.968	,23.521,43.099000,22,0,NO,"""126,896;9728,896""",DT_BF16;DT_BF16,ND;ND,"""126,9728""",DT_BF16,ND,N/A
0,4294967295,1698,46,SwiGlu,SwiGlu,dynamic,AI_VECTOR_CORE,1790168622645180.130	,15.060,4.729000,48,0,NO,"""126,9728""",DT_BF16,ND,"""126,4864""",DT_BF16,ND,N/A
0,4294967295,1699,46,aclnnMatmul_MatMulCommon_MatMulV2,MatMulV2,dynamic,AI_CORE,1790168622645207.331	,21.761,11.940000,24,0,NO,"""126,4864;896,4864""",DT_BF16;DT_BF16,ND;ND,"""126,896""",DT_BF16,ND,N/A
0,4294967295,1700,46,AddRmsNormBias,AddRmsNormBias,dynamic,AI_VECTOR_CORE,1790168622645273.493	,11.901,44.489000,42,0,NO,"""126,896;126,896;896;""",DT_BF16;DT_BF16;DT_BF16;DT_UNDEFINED,ND;ND;ND;NULL,"""126,896;126,1;126,896""",DT_BF16;FLOAT;DT_BF16,ND;ND;ND,N/A
0,4294967295,1701,46,aclnnAddmm_CastAiCore_Cast,Cast,dynamic,AI_VECTOR_CORE,1790168622645317.935	,1.300,32.599000,2,0,NO,"""1152""",DT_BF16,ND,"""1152""",FLOAT,ND,N/A
0,4294967295,1702,46,aclnnAddmm_MatMulCommon_MatMulV2,MatMulV2,dynamic,AI_CORE,1790168622645320.475	,8.521,1.200000,24,0,NO,"""126,896;1152,896;1152""",DT_BF16;DT_BF16;FLOAT,ND;ND;ND,"""126,1152""",DT_BF16,ND,N/A
0,4294967295,1703,46,aclnnInplaceCopy_SliceAiCore_Slice,Slice,dynamic,AI_VECTOR_CORE,1790168622645381.278	,2.800,52.229000,12,0,NO,"""126,18,64;3;3""",DT_BF16;INT64;INT64,NCL;ND;ND,"""126,14,64""",DT_BF16,NCL,N/A
0,4294967295,1704,46,aclnnInplaceCopy_SliceAiCore_Slice,Slice,dynamic,AI_VECTOR_CORE,1790168622645384.118	,2.840,0.000000,12,0,NO,"""126,18,64;3;3""",DT_BF16;INT64;INT64,NCL;ND;ND,"""126,2,64""",DT_BF16,NCL,N/A
0,4294967295,1705,46,_triton_rope,_triton_rope,static,AI_VECTOR_CORE,1790168622645568.745	,13.781,181.910000,48,0,YES,"""126,14,64;126,2,64;32768,64""",DT_BF16;32551;DT_BF16,ND;ND;ND,"""126,14,64;126,2,64""",DT_BF16;32551,ND;ND,N/A
0,4294967295,1706,46,aclnnInplaceCopy_SliceAiCore_Slice,Slice,dynamic,AI_VECTOR_CORE,1790168622645928.080	,3.260,345.469000,12,0,NO,"""126,18,64;3;3""",DT_BF16;INT64;INT64,NCL;ND;ND,"""126,2,64""",DT_BF16,NCL,N/A
0,4294967295,1707,46,ReshapeAndCacheNdKernel,ReshapeAndCacheNdKernel,dynamic,AI_VECTOR_CORE,1790168622645943.340	,9.261,11.990000,48,0,NO,"""126,2,64;126,2,64;2,128,2,64;2,128,2,64;126""",DT_BF16;DT_BF16;DT_BF16;DT_BF16;INT32,ND;ND;ND;ND;ND,"""2,128,2,64;2,128,2,64""",DT_BF16;DT_BF16,ND;ND,N/A
0,4294967295,1708,46,aclnnContiguous_SliceAiCore_Slice,Slice,dynamic,AI_VECTOR_CORE,1790168622646287.334	,2.960,334.739000,12,0,NO,"""126,18,64;3;3""",DT_BF16;INT64;INT64,NCL;ND;ND,"""126,2,64""",DT_BF16,NCL,N/A
0,4294967295,1709,46,FusedInferAttentionScore,FusedInferAttentionScore,dynamic,MIX_AIC,1790168622646302.254	,30.322,12.040000,24,48,NO,"""126,14,64;126,2,64;126,2,64;;2048,2048;1;1;;;;;;;;;;;;;;;;;;;;;;;;""",DT_BF16;DT_BF16;DT_BF16;DT_UNDEFINED;INT8;INT64;INT64;DT_UNDEFINED;DT_UNDEFINED;DT_UNDEFINED;DT_UNDEFINED;DT_UNDEFINED;DT_UNDEFINED;DT_UNDEFINED;DT_UNDEFINED;DT_UNDEFINED;DT_UNDEFINED;DT_UNDEFINED;DT_UNDEFINED;DT_UNDEFINED;DT_UNDEFINED;DT_UNDEFINED;DT_UNDEFINED;DT_UNDEFINED;DT_UNDEFINED;DT_UNDEFINED;DT_UNDEFINED;DT_UNDEFINED;DT_UNDEFINED;DT_UNDEFINED;DT_UNDEFINED,ND;ND;ND;NULL;ND;ND;ND;NULL;NULL;NULL;NULL;NULL;NULL;NULL;NULL;NULL;NULL;NULL;NULL;NULL;NULL;NULL;NULL;NULL;NULL;NULL;NULL;NULL;NULL;NULL;NULL,"""126,14,64;""",DT_BF16;FLOAT,ND;ND,0
0,4294967295,1711,46,aclnnMatmul_MatMulCommon_MatMulV2,MatMulV2,dynamic,AI_CORE,1790168622646584.686	,7.660,252.178000,24,0,NO,"""126,896;896,896""",DT_BF16;DT_BF16,ND;ND,"""126,896""",DT_BF16,ND,N/A
0,4294967295,1712,46,AddRmsNormBias,AddRmsNormBias,dynamic,AI_VECTOR_CORE,1790168622646650.988	,14.081,58.590000,42,0,NO,"""126,896;126,896;896;""",DT_BF16;DT_BF16;DT_BF16;DT_UNDEFINED,ND;ND;ND;NULL,"""126,896;126,1;126,896""",DT_BF16;FLOAT;DT_BF16,ND;ND;ND,N/A
0,4294967295,1713,46,aclnnMatmul_MatMulCommon_MatMulV2,MatMulV2,dynamic,AI_CORE,1790168622646695.770	,23.561,30.669000,22,0,NO,"""126,896;9728,896""",DT_BF16;DT_BF16,ND;ND,"""126,9728""",DT_BF16,ND,N/A
0,4294967295,1714,46,SwiGlu,SwiGlu,dynamic,AI_VECTOR_CORE,1790168622646725.211	,15.321,5.939000,48,0,NO,"""126,9728""",DT_BF16,ND,"""126,4864""",DT_BF16,ND,N/A
0,4294967295,1715,46,aclnnMatmul_MatMulCommon_MatMulV2,MatMulV2,dynamic,AI_CORE,1790168622646762.853	,21.461,22.179000,24,0,NO,"""126,4864;896,4864""",DT_BF16;DT_BF16,ND;ND,"""126,896""",DT_BF16,ND,N/A
0,4294967295,1716,46,AddRmsNormBias,AddRmsNormBias,dynamic,AI_VECTOR_CORE,1790168622646823.835	,11.121,39.539000,42,0,NO,"""126,896;126,896;896;""",DT_BF16;DT_BF16;DT_BF16;DT_UNDEFINED,ND;ND;ND;NULL,"""126,896;126,1;126,896""",DT_BF16;FLOAT;DT_BF16,ND;ND;ND,N/A
0,4294967295,1717,46,aclnnIndex_IndexAiCore_Index,Index,dynamic,AI_VECTOR_CORE,1790168622646906.759	,8.880,71.879000,48,0,NO,"""126,896;1;2;1""",DT_BF16;INT64;INT64;INT32,ND;ND;ND;ND,"""1,896""",DT_BF16,ND,N/A
0,4294967295,1718,46,aclnnMatmul_MatMulCommon_MatMulV2,MatMulV2,dynamic,AI_CORE,1790168622646944.160	,231.569,28.620000,24,0,NO,"""1,896;151936,896""",DT_BF16;DT_BF16,ND;ND,"""1,151936""",DT_BF16,ND,N/A
0,4294967295,1719,46,aclnnInplaceCopy_CastAiCore_Cast,Cast,dynamic,AI_VECTOR_CORE,1790168622647415.459	,8.440,239.681000,48,0,NO,"""1,151936""",DT_BF16,ND,"""1,151936""",FLOAT,ND,N/A
0,4294967295,1720,46,aclnnInplaceZero_ZerosLikeAiCore_ZerosLike,ZerosLike,dynamic,AI_VECTOR_CORE,1790168622647582.406	,8.400,158.560000,48,0,NO,"""1,151936""",INT32,ND,"""1,151936""",INT32,ND,N/A
0,4294967295,1721,46,token_bin_counts_and_mask_kernel,token_bin_counts_and_mask_kernel,static,AI_VECTOR_CORE,1790168622647737.172	,67.263,146.350000,1,0,YES,"""1,126;1,151936""",INT64;FLOAT,ND;ND,"""1,151936""",FLOAT,ND,N/A
0,4294967295,1722,46,aclnnGtScalar_CastAiCore_Cast,Cast,dynamic,AI_VECTOR_CORE,1790168622647804.455	,8.960,0.000000,48,0,NO,"""1,151936""",INT32,ND,"""1,151936""",INT64,ND,N/A
0,4294967295,1723,46,aclnnGtScalar_GreaterAiCore_Greater,Greater,dynamic,AI_VECTOR_CORE,1790168622647813.435	,21.181,0.040000,48,0,NO,"""1,151936;""",INT64;INT64,ND;ND,"""1,151936""",BOOL,ND,N/A
0,4294967295,1724,46,aclnnInplaceZero_ZerosLikeAiCore_ZerosLike,ZerosLike,dynamic,AI_VECTOR_CORE,1790168622647834.636	,2.820,0.069000,48,0,NO,"""1,151936""",INT32,ND,"""1,151936""",INT32,ND,N/A
0,4294967295,1725,46,aclnnGtScalar_CastAiCore_Cast,Cast,dynamic,AI_VECTOR_CORE,1790168622647837.496	,3.080,0.000000,48,0,NO,"""1,151936""",INT32,ND,"""1,151936""",INT64,ND,N/A
0,4294967295,1726,46,aclnnGtScalar_GreaterAiCore_Greater,Greater,dynamic,AI_VECTOR_CORE,1790168622647840.616	,10.420,0.000000,48,0,NO,"""1,151936;""",INT64;INT64,ND;ND,"""1,151936""",BOOL,ND,N/A
0,4294967295,1727,46,apply_all_penalties_kernel,apply_all_penalties_kernel,static,AI_VECTOR_CORE,1790168622647970.561	,76.063,119.580000,1,0,YES,"""1,151936;1,151936;1,151936;1,151936""",FLOAT;BOOL;BOOL;INT32,ND;ND;ND;ND,"""1,151936""",FLOAT,ND,N/A
0,4294967295,1728,46,aclnnArgMax_ArgMaxV2AiCore_ArgMaxV2,ArgMaxV2,dynamic,AI_VECTOR_CORE,1790168622648046.644	,18.781,0.187000,1,0,NO,"""1,151936;""",FLOAT;INT64,ND;ND,"""1""",INT32,ND,N/A
0,4294967295,1729,46,aclnnArgMax_CastAiCore_Cast,Cast,dynamic,AI_VECTOR_CORE,1790168622648065.445	,0.820,0.000000,1,0,NO,"""1""",INT32,ND,"""1""",INT64,ND,N/A
0,4294967295,1730,46,aclnnInplaceCopy_CastAiCore_Cast,Cast,dynamic,AI_VECTOR_CORE,1790168622648066.285	,1.420,0.000000,1,0,NO,"""1""",INT64,ND,"""1""",INT32,ND,N/A
0,4294967295,1735,46,aclnnInplaceFillScalar_FillAiCore_Fill,Fill,dynamic,AI_VECTOR_CORE,1790168622650634.048	,1.040,2566.330000,1,0,NO,"""1;""",INT64;INT32,ND;ND,"""1""",INT32,ND,N/A
0,4294967295,1738,46,aclnnInplaceFillScalar_FillAiCore_Fill,Fill,dynamic,AI_VECTOR_CORE,1790168622650686.370	,0.920,51.210000,1,0,NO,"""1;""",INT64;INT32,ND;ND,"""1""",INT32,ND,N/A
0,4294967295,1743,46,aclnnIndex_IndexAiCore_Index,Index,dynamic,AI_VECTOR_CORE,1790168622650772.773	,9.881,85.580000,48,0,NO,"""1;1;1;1""",INT32;INT64;INT64;INT64,ND;ND;ND;ND,"""1""",INT32,ND,N/A
0,4294967295,1744,46,aclnnInplaceCopy_CastAiCore_Cast,Cast,dynamic,AI_VECTOR_CORE,1790168622650782.674	,0.860,0.119000,1,0,NO,"""1""",INT32,ND,"""1""",INT64,ND,N/A
0,4294967295,1745,46,aclnnAdd_AddAiCore_Add,Add,dynamic,AI_VECTOR_CORE,1790168622650800.394	,2.140,16.890000,1,0,NO,"""1;1""",INT64;INT64,ND;ND,"""1""",INT64,ND,N/A
0,4294967295,1747,46,aclnnAdd_AddAiCore_Add,Add,dynamic,AI_VECTOR_CORE,1790168622650837.496	,1.140,34.860000,1,0,NO,"""1;1""",INT32;INT32,ND;ND,"""1""",INT32,ND,N/A
0,4294967295,1749,46,_compute_slot_mapping_kernel,_compute_slot_mapping_kernel,static,AI_VECTOR_CORE,1790168622651055.044	,120.225,216.360000,2,0,YES,"""2;1;1,1""",3247430016;32551;INT32,ND;ND;ND,"""130""",INT64,ND,N/A
0,4294967295,1750,46,aclnnSubs_SubAiCore_Sub,Sub,dynamic,AI_VECTOR_CORE,1790168622651175.309	,1.260,0.025000,1,0,NO,"""1;""",INT32;INT32,ND;ND,"""1""",INT32,ND,N/A
0,4294967295,1752,46,aclnnIndexSelect_GatherV3AiCore_GatherV3,GatherV3,dynamic,AI_VECTOR_CORE,1790168622651561.225	,2.700,384.740000,1,0,NO,"""32768,64;1;1""",DT_BF16;INT64;INT64,ND;ND;ND,"""1,64""",DT_BF16,ND,N/A
0,4294967295,1753,46,aclnnRepeat_TileAiCore_Tile,Tile,dynamic,AI_VECTOR_CORE,1790168622651576.165	,1.700,12.300000,1,0,NO,"""1,2,32;3""",DT_BF16;INT64,NCL;ND,"""1,2,64""",DT_BF16,ND,N/A
0,4294967295,1755,46,aclnnIndexSelect_GatherV3AiCore_GatherV3,GatherV3,dynamic,AI_VECTOR_CORE,1790168622651627.187	,2.340,49.300000,1,0,NO,"""32768,64;1;1""",DT_BF16;INT64;INT64,ND;ND;ND,"""1,64""",DT_BF16,ND,N/A
0,4294967295,1756,46,aclnnRepeat_TileAiCore_Tile,Tile,dynamic,AI_VECTOR_CORE,1790168622651641.528	,1.360,11.910000,1,0,NO,"""1,2,32;3""",DT_BF16;INT64,NCL;ND,"""1,2,64""",DT_BF16,ND,N/A
0,4294967295,1758,46,aclnnInplaceCopy_CastAiCore_Cast,Cast,dynamic,AI_VECTOR_CORE,1790168622651993.762	,1.060,350.890000,1,0,NO,"""1""",INT32,ND,"""1""",INT64,ND,N/A
0,4294967295,1759,46,aclnnEmbedding_GatherV2AiCore_GatherV2,GatherV2,dynamic,AI_VECTOR_CORE,1790168622651999.722	,10.621,4.940000,48,0,NO,"""151936,896;1;1""",DT_BF16;INT64;INT64,ND;ND;ND,"""1,896""",DT_BF16,ND,N/A
0,4294967295,1760,46,RmsNorm,RmsNorm,dynamic,AI_VECTOR_CORE,1790168622652089.066	,5.300,78.629000,1,0,NO,"""1,896;896""",DT_BF16;DT_BF16,ND;ND,"""1,896;1,1""",DT_BF16;FLOAT,ND;ND,N/A
0,4294967295,1761,46,aclnnAddmm_CastAiCore_Cast,Cast,dynamic,AI_VECTOR_CORE,1790168622652153.588	,1.100,59.200000,2,0,NO,"""1152""",DT_BF16,ND,"""1152""",FLOAT,ND,N/A
0,4294967295,1762,46,aclnnAddmm_MatMulCommon_MatMulV2,MatMulV2,dynamic,AI_CORE,1790168622652156.109	,6.900,1.400000,24,0,NO,"""1,896;1152,896;1152""",DT_BF16;DT_BF16;FLOAT,ND;ND;ND,"""1,1152""",DT_BF16,ND,N/A
0,4294967295,1763,46,_triton_rope,_triton_rope,static,AI_VECTOR_CORE,1790168622652388.618	,2.980,225.600000,1,0,YES,"""1,14,64;1,2,64;32768,64""",DT_BF16;32551;DT_BF16,ND;ND;ND,"""1,14,64;1,2,64""",DT_BF16;32551,ND;ND,N/A
0,4294967295,1764,46,ReshapeAndCacheNdKernel,ReshapeAndCacheNdKernel,dynamic,AI_VECTOR_CORE,1790168622652849.256	,1.760,457.770000,1,0,NO,"""1,2,64;1,2,64;2,128,2,64;2,128,2,64;1""",DT_BF16;DT_BF16;DT_BF16;DT_BF16;INT32,ND;ND;ND;ND;ND,"""2,128,2,64;2,128,2,64""",DT_BF16;DT_BF16,ND;ND,N/A
0,4294967295,1765,46,FusedInferAttentionScore,FusedInferAttentionScore,dynamic,MIX_AIC,1790168622653195.650	,22.341,344.740000,24,48,NO,"""1,14,64;2,128,128;2,128,128;;2048,2048;1;1;;;;;;;;1,1;;;;;;;;;;;;;;;;""",DT_BF16;DT_BF16;DT_BF16;DT_UNDEFINED;INT8;INT64;INT64;DT_UNDEFINED;DT_UNDEFINED;DT_UNDEFINED;DT_UNDEFINED;DT_UNDEFINED;DT_UNDEFINED;DT_UNDEFINED;INT32;DT_UNDEFINED;DT_UNDEFINED;DT_UNDEFINED;DT_UNDEFINED;DT_UNDEFINED;DT_UNDEFINED;DT_UNDEFINED;DT_UNDEFINED;DT_UNDEFINED;DT_UNDEFINED;DT_UNDEFINED;DT_UNDEFINED;DT_UNDEFINED;DT_UNDEFINED;DT_UNDEFINED;DT_UNDEFINED,ND;ND;ND;NULL;ND;ND;ND;NULL;NULL;NULL;NULL;NULL;NULL;NULL;ND;NULL;NULL;NULL;NULL;NULL;NULL;NULL;NULL;NULL;NULL;NULL;NULL;NULL;NULL;NULL;NULL,"""1,14,64;""",DT_BF16;FLOAT,ND;ND,0
0,4294967295,1767,46,aclnnMatmul_MatMulCommon_MatMulV2,MatMulV2,dynamic,AI_CORE,1790168622653420.159	,5.440,202.159000,19,0,NO,"""1,896;896,896""",DT_BF16;DT_BF16,ND;ND,"""1,896""",DT_BF16,ND,N/A
0,4294967295,1768,46,AddRmsNormBias,AddRmsNormBias,dynamic,AI_VECTOR_CORE,1790168622653499.902	,2.000,74.310000,1,0,NO,"""1,896;1,896;896;""",DT_BF16;DT_BF16;DT_BF16;DT_UNDEFINED,ND;ND;ND;NULL,"""1,896;1,1;1,896""",DT_BF16;FLOAT;DT_BF16,ND;ND;ND,N/A
0,4294967295,1769,46,aclnnMatmul_MatMulCommon_MatMulV2,MatMulV2,dynamic,AI_CORE,1790168622653541.344	,19.221,39.250000,22,0,NO,"""1,896;9728,896""",DT_BF16;DT_BF16,ND;ND,"""1,9728""",DT_BF16,ND,N/A
0,4294967295,1770,46,SwiGlu,SwiGlu,dynamic,AI_VECTOR_CORE,1790168622653573.825	,4.060,13.279000,1,0,NO,"""1,9728""",DT_BF16,ND,"""1,4864""",DT_BF16,ND,N/A
0,4294967295,1771,46,aclnnMatmul_MatMulCommon_MatMulV2,MatMulV2,dynamic,AI_CORE,1790168622653601.866	,16.681,23.940000,19,0,NO,"""1,4864;896,4864""",DT_BF16;DT_BF16,ND;ND,"""1,896""",DT_BF16,ND,N/A
0,4294967295,1772,46,AddRmsNormBias,AddRmsNormBias,dynamic,AI_VECTOR_CORE,1790168622653663.569	,1.680,45.069000,1,0,NO,"""1,896;1,896;896;""",DT_BF16;DT_BF16;DT_BF16;DT_UNDEFINED,ND;ND;ND;NULL,"""1,896;1,1;1,896""",DT_BF16;FLOAT;DT_BF16,ND;ND;ND,N/A
0,4294967295,1773,46,aclnnAddmm_CastAiCore_Cast,Cast,dynamic,AI_VECTOR_CORE,1790168622653704.770	,1.200,39.570000,2,0,NO,"""1152""",DT_BF16,ND,"""1152""",FLOAT,ND,N/A
0,4294967295,1774,46,aclnnAddmm_MatMulCommon_MatMulV2,MatMulV2,dynamic,AI_CORE,1790168622653708.091	,6.940,2.050000,24,0,NO,"""1,896;1152,896;1152""",DT_BF16;DT_BF16;FLOAT,ND;ND;ND,"""1,1152""",DT_BF16,ND,N/A
0,4294967295,1775,46,_triton_rope,_triton_rope,static,AI_VECTOR_CORE,1790168622653936.200	,2.900,221.310000,1,0,YES,"""1,14,64;1,2,64;32768,64""",DT_BF16;32551;DT_BF16,ND;ND;ND,"""1,14,64;1,2,64""",DT_BF16;32551,ND;ND,N/A
0,4294967295,1776,46,ReshapeAndCacheNdKernel,ReshapeAndCacheNdKernel,dynamic,AI_VECTOR_CORE,1790168622654307.035	,1.560,367.850000,1,0,NO,"""1,2,64;1,2,64;2,128,2,64;2,128,2,64;1""",DT_BF16;DT_BF16;DT_BF16;DT_BF16;INT32,ND;ND;ND;ND;ND,"""2,128,2,64;2,128,2,64""",DT_BF16;DT_BF16,ND;ND,N/A
0,4294967295,1777,46,FusedInferAttentionScore,FusedInferAttentionScore,dynamic,MIX_AIC,1790168622654651.268	,21.661,342.690000,24,48,NO,"""1,14,64;2,128,128;2,128,128;;2048,2048;1;1;;;;;;;;1,1;;;;;;;;;;;;;;;;""",DT_BF16;DT_BF16;DT_BF16;DT_UNDEFINED;INT8;INT64;INT64;DT_UNDEFINED;DT_UNDEFINED;DT_UNDEFINED;DT_UNDEFINED;DT_UNDEFINED;DT_UNDEFINED;DT_UNDEFINED;INT32;DT_UNDEFINED;DT_UNDEFINED;DT_UNDEFINED;DT_UNDEFINED;DT_UNDEFINED;DT_UNDEFINED;DT_UNDEFINED;DT_UNDEFINED;DT_UNDEFINED;DT_UNDEFINED;DT_UNDEFINED;DT_UNDEFINED;DT_UNDEFINED;DT_UNDEFINED;DT_UNDEFINED;DT_UNDEFINED,ND;ND;ND;NULL;ND;ND;ND;NULL;NULL;NULL;NULL;NULL;NULL;NULL;ND;NULL;NULL;NULL;NULL;NULL;NULL;NULL;NULL;NULL;NULL;NULL;NULL;NULL;NULL;NULL;NULL,"""1,14,64;""",DT_BF16;FLOAT,ND;ND,0
0,4294967295,1779,46,aclnnMatmul_MatMulCommon_MatMulV2,MatMulV2,dynamic,AI_CORE,1790168622654928.259	,5.681,255.339000,19,0,NO,"""1,896;896,896""",DT_BF16;DT_BF16,ND;ND,"""1,896""",DT_BF16,ND,N/A
0,4294967295,1780,46,AddRmsNormBias,AddRmsNormBias,dynamic,AI_VECTOR_CORE,1790168622654997.202	,1.720,63.319000,1,0,NO,"""1,896;1,896;896;""",DT_BF16;DT_BF16;DT_BF16;DT_UNDEFINED,ND;ND;ND;NULL,"""1,896;1,1;1,896""",DT_BF16;FLOAT;DT_BF16,ND;ND;ND,N/A
0,4294967295,1781,46,aclnnMatmul_MatMulCommon_MatMulV2,MatMulV2,dynamic,AI_CORE,1790168622655039.164	,19.701,40.280000,22,0,NO,"""1,896;9728,896""",DT_BF16;DT_BF16,ND;ND,"""1,9728""",DT_BF16,ND,N/A
0,4294967295,1782,46,SwiGlu,SwiGlu,dynamic,AI_VECTOR_CORE,1790168622655071.685	,3.060,12.799000,1,0,NO,"""1,9728""",DT_BF16,ND,"""1,4864""",DT_BF16,ND,N/A
0,4294967295,1783,46,aclnnMatmul_MatMulCommon_MatMulV2,MatMulV2,dynamic,AI_CORE,1790168622655106.286	,16.561,31.440000,19,0,NO,"""1,4864;896,4864""",DT_BF16;DT_BF16,ND;ND,"""1,896""",DT_BF16,ND,N/A
0,4294967295,1784,46,AddRmsNormBias,AddRmsNormBias,dynamic,AI_VECTOR_CORE,1790168622655162.569	,1.700,39.689000,1,0,NO,"""1,896;1,896;896;""",DT_BF16;DT_BF16;DT_BF16;DT_UNDEFINED,ND;ND;ND;NULL,"""1,896;1,1;1,896""",DT_BF16;FLOAT;DT_BF16,ND;ND;ND,N/A
0,4294967295,1785,46,aclnnAddmm_CastAiCore_Cast,Cast,dynamic,AI_VECTOR_CORE,1790168622655201.590	,1.160,37.300000,2,0,NO,"""1152""",DT_BF16,ND,"""1152""",FLOAT,ND,N/A
0,4294967295,1786,46,aclnnAddmm_MatMulCommon_MatMulV2,MatMulV2,dynamic,AI_CORE,1790168622655203.910	,7.181,1.340000,24,0,NO,"""1,896;1152,896;1152""",DT_BF16;DT_BF16;FLOAT,ND;ND;ND,"""1,1152""",DT_BF16,ND,N/A
0,4294967295,1787,46,_triton_rope,_triton_rope,static,AI_VECTOR_CORE,1790168622655431.799	,2.861,220.569000,1,0,YES,"""1,14,64;1,2,64;32768,64""",DT_BF16;32551;DT_BF16,ND;ND;ND,"""1,14,64;1,2,64""",DT_BF16;32551,ND;ND,N/A
0,4294967295,1788,46,ReshapeAndCacheNdKernel,ReshapeAndCacheNdKernel,dynamic,AI_VECTOR_CORE,1790168622655774.553	,1.540,339.889000,1,0,NO,"""1,2,64;1,2,64;2,128,2,64;2,128,2,64;1""",DT_BF16;DT_BF16;DT_BF16;DT_BF16;INT32,ND;ND;ND;ND;ND,"""2,128,2,64;2,128,2,64""",DT_BF16;DT_BF16,ND;ND,N/A
0,4294967295,1789,46,FusedInferAttentionScore,FusedInferAttentionScore,dynamic,MIX_AIC,1790168622656122.127	,21.001,346.210000,24,48,NO,"""1,14,64;2,128,128;2,128,128;;2048,2048;1;1;;;;;;;;1,1;;;;;;;;;;;;;;;;""",DT_BF16;DT_BF16;DT_BF16;DT_UNDEFINED;INT8;INT64;INT64;DT_UNDEFINED;DT_UNDEFINED;DT_UNDEFINED;DT_UNDEFINED;DT_UNDEFINED;DT_UNDEFINED;DT_UNDEFINED;INT32;DT_UNDEFINED;DT_UNDEFINED;DT_UNDEFINED;DT_UNDEFINED;DT_UNDEFINED;DT_UNDEFINED;DT_UNDEFINED;DT_UNDEFINED;DT_UNDEFINED;DT_UNDEFINED;DT_UNDEFINED;DT_UNDEFINED;DT_UNDEFINED;DT_UNDEFINED;DT_UNDEFINED;DT_UNDEFINED,ND;ND;ND;NULL;ND;ND;ND;NULL;NULL;NULL;NULL;NULL;NULL;NULL;ND;NULL;NULL;NULL;NULL;NULL;NULL;NULL;NULL;NULL;NULL;NULL;NULL;NULL;NULL;NULL;NULL,"""1,14,64;""",DT_BF16;FLOAT,ND;ND,0
0,4294967295,1791,46,aclnnMatmul_MatMulCommon_MatMulV2,MatMulV2,dynamic,AI_CORE,1790168622656385.878	,5.560,242.749000,19,0,NO,"""1,896;896,896""",DT_BF16;DT_BF16,ND;ND,"""1,896""",DT_BF16,ND,N/A
0,4294967295,1792,46,AddRmsNormBias,AddRmsNormBias,dynamic,AI_VECTOR_CORE,1790168622656456.120	,1.801,64.440000,1,0,NO,"""1,896;1,896;896;""",DT_BF16;DT_BF16;DT_BF16;DT_UNDEFINED,ND;ND;ND;NULL,"""1,896;1,1;1,896""",DT_BF16;FLOAT;DT_BF16,ND;ND;ND,N/A
0,4294967295,1793,46,aclnnMatmul_MatMulCommon_MatMulV2,MatMulV2,dynamic,AI_CORE,1790168622656498.182	,19.821,40.449000,22,0,NO,"""1,896;9728,896""",DT_BF16;DT_BF16,ND;ND,"""1,9728""",DT_BF16,ND,N/A
0,4294967295,1794,46,SwiGlu,SwiGlu,dynamic,AI_VECTOR_CORE,1790168622656530.223	,3.081,12.179000,1,0,NO,"""1,9728""",DT_BF16,ND,"""1,4864""",DT_BF16,ND,N/A
0,4294967295,1795,46,aclnnMatmul_MatMulCommon_MatMulV2,MatMulV2,dynamic,AI_CORE,1790168622656561.585	,16.480,28.169000,19,0,NO,"""1,4864;896,4864""",DT_BF16;DT_BF16,ND;ND,"""1,896""",DT_BF16,ND,N/A
0,4294967295,1796,46,AddRmsNormBias,AddRmsNormBias,dynamic,AI_VECTOR_CORE,1790168622656618.107	,1.800,40.020000,1,0,NO,"""1,896;1,896;896;""",DT_BF16;DT_BF16;DT_BF16;DT_UNDEFINED,ND;ND;ND;NULL,"""1,896;1,1;1,896""",DT_BF16;FLOAT;DT_BF16,ND;ND;ND,N/A
0,4294967295,1797,46,aclnnAddmm_CastAiCore_Cast,Cast,dynamic,AI_VECTOR_CORE,1790168622656654.548	,1.140,34.700000,2,0,NO,"""1152""",DT_BF16,ND,"""1152""",FLOAT,ND,N/A
0,4294967295,1798,46,aclnnAddmm_MatMulCommon_MatMulV2,MatMulV2,dynamic,AI_CORE,1790168622656659.209	,7.140,3.610000,24,0,NO,"""1,896;1152,896;1152""",DT_BF16;DT_BF16;FLOAT,ND;ND;ND,"""1,1152""",DT_BF16,ND,N/A
0,4294967295,1799,46,_triton_rope,_triton_rope,static,AI_VECTOR_CORE,1790168622656889.538	,2.860,223.110000,1,0,YES,"""1,14,64;1,2,64;32768,64""",DT_BF16;32551;DT_BF16,ND;ND;ND,"""1,14,64;1,2,64""",DT_BF16;32551,ND;ND,N/A
0,4294967295,1800,46,ReshapeAndCacheNdKernel,ReshapeAndCacheNdKernel,dynamic,AI_VECTOR_CORE,1790168622657275.233	,1.500,382.890000,1,0,NO,"""1,2,64;1,2,64;2,128,2,64;2,128,2,64;1""",DT_BF16;DT_BF16;DT_BF16;DT_BF16;INT32,ND;ND;ND;ND;ND,"""2,128,2,64;2,128,2,64""",DT_BF16;DT_BF16,ND;ND,N/A
0,4294967295,1801,46,FusedInferAttentionScore,FusedInferAttentionScore,dynamic,MIX_AIC,1790168622657611.647	,21.280,335.000000,24,48,NO,"""1,14,64;2,128,128;2,128,128;;2048,2048;1;1;;;;;;;;1,1;;;;;;;;;;;;;;;;""",DT_BF16;DT_BF16;DT_BF16;DT_UNDEFINED;INT8;INT64;INT64;DT_UNDEFINED;DT_UNDEFINED;DT_UNDEFINED;DT_UNDEFINED;DT_UNDEFINED;DT_UNDEFINED;DT_UNDEFINED;INT32;DT_UNDEFINED;DT_UNDEFINED;DT_UNDEFINED;DT_UNDEFINED;DT_UNDEFINED;DT_UNDEFINED;DT_UNDEFINED;DT_UNDEFINED;DT_UNDEFINED;DT_UNDEFINED;DT_UNDEFINED;DT_UNDEFINED;DT_UNDEFINED;DT_UNDEFINED;DT_UNDEFINED;DT_UNDEFINED,ND;ND;ND;NULL;ND;ND;ND;NULL;NULL;NULL;NULL;NULL;NULL;NULL;ND;NULL;NULL;NULL;NULL;NULL;NULL;NULL;NULL;NULL;NULL;NULL;NULL;NULL;NULL;NULL;NULL,"""1,14,64;""",DT_BF16;FLOAT,ND;ND,0
0,4294967295,1803,46,aclnnMatmul_MatMulCommon_MatMulV2,MatMulV2,dynamic,AI_CORE,1790168622657859.717	,5.640,226.720000,19,0,NO,"""1,896;896,896""",DT_BF16;DT_BF16,ND;ND,"""1,896""",DT_BF16,ND,N/A
0,4294967295,1804,46,AddRmsNormBias,AddRmsNormBias,dynamic,AI_VECTOR_CORE,1790168622657927.959	,1.720,62.610000,1,0,NO,"""1,896;1,896;896;""",DT_BF16;DT_BF16;DT_BF16;DT_UNDEFINED,ND;ND;ND;NULL,"""1,896;1,1;1,896""",DT_BF16;FLOAT;DT_BF16,ND;ND;ND,N/A
0,4294967295,1805,46,aclnnMatmul_MatMulCommon_MatMulV2,MatMulV2,dynamic,AI_CORE,1790168622657971.981	,20.161,42.280000,22,0,NO,"""1,896;9728,896""",DT_BF16;DT_BF16,ND;ND,"""1,9728""",DT_BF16,ND,N/A
0,4294967295,1806,46,SwiGlu,SwiGlu,dynamic,AI_VECTOR_CORE,1790168622658016.963	,3.080,24.839000,1,0,NO,"""1,9728""",DT_BF16,ND,"""1,4864""",DT_BF16,ND,N/A
0,4294967295,1807,46,aclnnMatmul_MatMulCommon_MatMulV2,MatMulV2,dynamic,AI_CORE,1790168622658051.124	,16.541,30.920000,19,0,NO,"""1,4864;896,4864""",DT_BF16;DT_BF16,ND;ND,"""1,896""",DT_BF16,ND,N/A
0,4294967295,1808,46,AddRmsNormBias,AddRmsNormBias,dynamic,AI_VECTOR_CORE,1790168622658108.987	,1.800,41.459000,1,0,NO,"""1,896;1,896;896;""",DT_BF16;DT_BF16;DT_BF16;DT_UNDEFINED,ND;ND;ND;NULL,"""1,896;1,1;1,896""",DT_BF16;FLOAT;DT_BF16,ND;ND;ND,N/A
0,4294967295,1809,46,aclnnAddmm_CastAiCore_Cast,Cast,dynamic,AI_VECTOR_CORE,1790168622658149.048	,1.140,38.200000,2,0,NO,"""1152""",DT_BF16,ND,"""1152""",FLOAT,ND,N/A
0,4294967295,1810,46,aclnnAddmm_MatMulCommon_MatMulV2,MatMulV2,dynamic,AI_CORE,1790168622658151.828	,6.760,1.610000,24,0,NO,"""1,896;1152,896;1152""",DT_BF16;DT_BF16;FLOAT,ND;ND;ND,"""1,1152""",DT_BF16,ND,N/A
0,4294967295,1811,46,_triton_rope,_triton_rope,static,AI_VECTOR_CORE,1790168622658378.037	,2.920,219.490000,1,0,YES,"""1,14,64;1,2,64;32768,64""",DT_BF16;32551;DT_BF16,ND;ND;ND,"""1,14,64;1,2,64""",DT_BF16;32551,ND;ND,N/A
0,4294967295,1812,46,ReshapeAndCacheNdKernel,ReshapeAndCacheNdKernel,dynamic,AI_VECTOR_CORE,1790168622658736.012	,1.620,355.080000,1,0,NO,"""1,2,64;1,2,64;2,128,2,64;2,128,2,64;1""",DT_BF16;DT_BF16;DT_BF16;DT_BF16;INT32,ND;ND;ND;ND;ND,"""2,128,2,64;2,128,2,64""",DT_BF16;DT_BF16,ND;ND,N/A
0,4294967295,1813,46,FusedInferAttentionScore,FusedInferAttentionScore,dynamic,MIX_AIC,1790168622659080.925	,21.661,343.380000,24,48,NO,"""1,14,64;2,128,128;2,128,128;;2048,2048;1;1;;;;;;;;1,1;;;;;;;;;;;;;;;;""",DT_BF16;DT_BF16;DT_BF16;DT_UNDEFINED;INT8;INT64;INT64;DT_UNDEFINED;DT_UNDEFINED;DT_UNDEFINED;DT_UNDEFINED;DT_UNDEFINED;DT_UNDEFINED;DT_UNDEFINED;INT32;DT_UNDEFINED;DT_UNDEFINED;DT_UNDEFINED;DT_UNDEFINED;DT_UNDEFINED;DT_UNDEFINED;DT_UNDEFINED;DT_UNDEFINED;DT_UNDEFINED;DT_UNDEFINED;DT_UNDEFINED;DT_UNDEFINED;DT_UNDEFINED;DT_UNDEFINED;DT_UNDEFINED;DT_UNDEFINED,ND;ND;ND;NULL;ND;ND;ND;NULL;NULL;NULL;NULL;NULL;NULL;NULL;ND;NULL;NULL;NULL;NULL;NULL;NULL;NULL;NULL;NULL;NULL;NULL;NULL;NULL;NULL;NULL;NULL,"""1,14,64;""",DT_BF16;FLOAT,ND;ND,0
0,4294967295,1815,46,aclnnMatmul_MatMulCommon_MatMulV2,MatMulV2,dynamic,AI_CORE,1790168622659346.136	,5.340,243.589000,19,0,NO,"""1,896;896,896""",DT_BF16;DT_BF16,ND;ND,"""1,896""",DT_BF16,ND,N/A
0,4294967295,1816,46,AddRmsNormBias,AddRmsNormBias,dynamic,AI_VECTOR_CORE,1790168622659411.579	,1.800,59.910000,1,0,NO,"""1,896;1,896;896;""",DT_BF16;DT_BF16;DT_BF16;DT_UNDEFINED,ND;ND;ND;NULL,"""1,896;1,1;1,896""",DT_BF16;FLOAT;DT_BF16,ND;ND;ND,N/A
0,4294967295,1817,46,aclnnMatmul_MatMulCommon_MatMulV2,MatMulV2,dynamic,AI_CORE,1790168622659455.960	,19.901,42.700000,22,0,NO,"""1,896;9728,896""",DT_BF16;DT_BF16,ND;ND,"""1,9728""",DT_BF16,ND,N/A
0,4294967295,1818,46,SwiGlu,SwiGlu,dynamic,AI_VECTOR_CORE,1790168622659482.921	,3.121,7.099000,1,0,NO,"""1,9728""",DT_BF16,ND,"""1,4864""",DT_BF16,ND,N/A
0,4294967295,1819,46,aclnnMatmul_MatMulCommon_MatMulV2,MatMulV2,dynamic,AI_CORE,1790168622659516.583	,16.240,30.379000,19,0,NO,"""1,4864;896,4864""",DT_BF16;DT_BF16,ND;ND,"""1,896""",DT_BF16,ND,N/A
0,4294967295,1820,46,AddRmsNormBias,AddRmsNormBias,dynamic,AI_VECTOR_CORE,1790168622659579.705	,1.760,47.010000,1,0,NO,"""1,896;1,896;896;""",DT_BF16;DT_BF16;DT_BF16;DT_UNDEFINED,ND;ND;ND;NULL,"""1,896;1,1;1,896""",DT_BF16;FLOAT;DT_BF16,ND;ND;ND,N/A
0,4294967295,1821,46,aclnnAddmm_CastAiCore_Cast,Cast,dynamic,AI_VECTOR_CORE,1790168622659621.807	,1.200,40.240000,2,0,NO,"""1152""",DT_BF16,ND,"""1152""",FLOAT,ND,N/A
0,4294967295,1822,46,aclnnAddmm_MatMulCommon_MatMulV2,MatMulV2,dynamic,AI_CORE,1790168622659624.447	,6.860,1.550000,24,0,NO,"""1,896;1152,896;1152""",DT_BF16;DT_BF16;FLOAT,ND;ND;ND,"""1,1152""",DT_BF16,ND,N/A
0,4294967295,1823,46,_triton_rope,_triton_rope,static,AI_VECTOR_CORE,1790168622659852.296	,2.980,220.890000,1,0,YES,"""1,14,64;1,2,64;32768,64""",DT_BF16;32551;DT_BF16,ND;ND;ND,"""1,14,64;1,2,64""",DT_BF16;32551,ND;ND,N/A
0,4294967295,1824,46,ReshapeAndCacheNdKernel,ReshapeAndCacheNdKernel,dynamic,AI_VECTOR_CORE,1790168622660189.810	,1.680,334.520000,1,0,NO,"""1,2,64;1,2,64;2,128,2,64;2,128,2,64;1""",DT_BF16;DT_BF16;DT_BF16;DT_BF16;INT32,ND;ND;ND;ND;ND,"""2,128,2,64;2,128,2,64""",DT_BF16;DT_BF16,ND;ND,N/A
0,4294967295,1825,46,FusedInferAttentionScore,FusedInferAttentionScore,dynamic,MIX_AIC,1790168622660527.563	,20.341,336.070000,24,48,NO,"""1,14,64;2,128,128;2,128,128;;2048,2048;1;1;;;;;;;;1,1;;;;;;;;;;;;;;;;""",DT_BF16;DT_BF16;DT_BF16;DT_UNDEFINED;INT8;INT64;INT64;DT_UNDEFINED;DT_UNDEFINED;DT_UNDEFINED;DT_UNDEFINED;DT_UNDEFINED;DT_UNDEFINED;DT_UNDEFINED;INT32;DT_UNDEFINED;DT_UNDEFINED;DT_UNDEFINED;DT_UNDEFINED;DT_UNDEFINED;DT_UNDEFINED;DT_UNDEFINED;DT_UNDEFINED;DT_UNDEFINED;DT_UNDEFINED;DT_UNDEFINED;DT_UNDEFINED;DT_UNDEFINED;DT_UNDEFINED;DT_UNDEFINED;DT_UNDEFINED,ND;ND;ND;NULL;ND;ND;ND;NULL;NULL;NULL;NULL;NULL;NULL;NULL;ND;NULL;NULL;NULL;NULL;NULL;NULL;NULL;NULL;NULL;NULL;NULL;NULL;NULL;NULL;NULL;NULL,"""1,14,64;""",DT_BF16;FLOAT,ND;ND,0
0,4294967295,1827,46,aclnnMatmul_MatMulCommon_MatMulV2,MatMulV2,dynamic,AI_CORE,1790168622660779.853	,5.481,231.909000,19,0,NO,"""1,896;896,896""",DT_BF16;DT_BF16,ND;ND,"""1,896""",DT_BF16,ND,N/A
0,4294967295,1828,46,AddRmsNormBias,AddRmsNormBias,dynamic,AI_VECTOR_CORE,1790168622660852.736	,1.700,67.519000,1,0,NO,"""1,896;1,896;896;""",DT_BF16;DT_BF16;DT_BF16;DT_UNDEFINED,ND;ND;ND;NULL,"""1,896;1,1;1,896""",DT_BF16;FLOAT;DT_BF16,ND;ND;ND,N/A
0,4294967295,1829,46,aclnnMatmul_MatMulCommon_MatMulV2,MatMulV2,dynamic,AI_CORE,1790168622660896.058	,19.321,41.550000,22,0,NO,"""1,896;9728,896""",DT_BF16;DT_BF16,ND;ND,"""1,9728""",DT_BF16,ND,N/A
0,4294967295,1830,46,SwiGlu,SwiGlu,dynamic,AI_VECTOR_CORE,1790168622660927.619	,3.000,12.179000,1,0,NO,"""1,9728""",DT_BF16,ND,"""1,4864""",DT_BF16,ND,N/A
0,4294967295,1831,46,aclnnMatmul_MatMulCommon_MatMulV2,MatMulV2,dynamic,AI_CORE,1790168622660955.400	,16.401,25.000000,19,0,NO,"""1,4864;896,4864""",DT_BF16;DT_BF16,ND;ND,"""1,896""",DT_BF16,ND,N/A
0,4294967295,1832,46,AddRmsNormBias,AddRmsNormBias,dynamic,AI_VECTOR_CORE,1790168622661016.603	,1.740,44.599000,1,0,NO,"""1,896;1,896;896;""",DT_BF16;DT_BF16;DT_BF16;DT_UNDEFINED,ND;ND;ND;NULL,"""1,896;1,1;1,896""",DT_BF16;FLOAT;DT_BF16,ND;ND;ND,N/A
0,4294967295,1833,46,aclnnAddmm_CastAiCore_Cast,Cast,dynamic,AI_VECTOR_CORE,1790168622661058.384	,1.120,40.260000,2,0,NO,"""1152""",DT_BF16,ND,"""1152""",FLOAT,ND,N/A
0,4294967295,1834,46,aclnnAddmm_MatMulCommon_MatMulV2,MatMulV2,dynamic,AI_CORE,1790168622661060.885	,7.380,1.380000,24,0,NO,"""1,896;1152,896;1152""",DT_BF16;DT_BF16;FLOAT,ND;ND;ND,"""1,1152""",DT_BF16,ND,N/A
0,4294967295,1835,46,_triton_rope,_triton_rope,static,AI_VECTOR_CORE,1790168622661294.674	,3.000,226.370000,1,0,YES,"""1,14,64;1,2,64;32768,64""",DT_BF16;32551;DT_BF16,ND;ND;ND,"""1,14,64;1,2,64""",DT_BF16;32551,ND;ND,N/A
0,4294967295,1836,46,ReshapeAndCacheNdKernel,ReshapeAndCacheNdKernel,dynamic,AI_VECTOR_CORE,1790168622661655.188	,1.640,357.500000,1,0,NO,"""1,2,64;1,2,64;2,128,2,64;2,128,2,64;1""",DT_BF16;DT_BF16;DT_BF16;DT_BF16;INT32,ND;ND;ND;ND;ND,"""2,128,2,64;2,128,2,64""",DT_BF16;DT_BF16,ND;ND,N/A
0,4294967295,1837,46,FusedInferAttentionScore,FusedInferAttentionScore,dynamic,MIX_AIC,1790168622661984.941	,19.321,328.110000,24,48,NO,"""1,14,64;2,128,128;2,128,128;;2048,2048;1;1;;;;;;;;1,1;;;;;;;;;;;;;;;;""",DT_BF16;DT_BF16;DT_BF16;DT_UNDEFINED;INT8;INT64;INT64;DT_UNDEFINED;DT_UNDEFINED;DT_UNDEFINED;DT_UNDEFINED;DT_UNDEFINED;DT_UNDEFINED;DT_UNDEFINED;INT32;DT_UNDEFINED;DT_UNDEFINED;DT_UNDEFINED;DT_UNDEFINED;DT_UNDEFINED;DT_UNDEFINED;DT_UNDEFINED;DT_UNDEFINED;DT_UNDEFINED;DT_UNDEFINED;DT_UNDEFINED;DT_UNDEFINED;DT_UNDEFINED;DT_UNDEFINED;DT_UNDEFINED;DT_UNDEFINED,ND;ND;ND;NULL;ND;ND;ND;NULL;NULL;NULL;NULL;NULL;NULL;NULL;ND;NULL;NULL;NULL;NULL;NULL;NULL;NULL;NULL;NULL;NULL;NULL;NULL;NULL;NULL;NULL;NULL,"""1,14,64;""",DT_BF16;FLOAT,ND;ND,0
0,4294967295,1839,46,aclnnMatmul_MatMulCommon_MatMulV2,MatMulV2,dynamic,AI_CORE,1790168622662231.471	,5.661,227.179000,19,0,NO,"""1,896;896,896""",DT_BF16;DT_BF16,ND;ND,"""1,896""",DT_BF16,ND,N/A
0,4294967295,1840,46,AddRmsNormBias,AddRmsNormBias,dynamic,AI_VECTOR_CORE,1790168622662294.054	,1.760,56.839000,1,0,NO,"""1,896;1,896;896;""",DT_BF16;DT_BF16;DT_BF16;DT_UNDEFINED,ND;ND;ND;NULL,"""1,896;1,1;1,896""",DT_BF16;FLOAT;DT_BF16,ND;ND;ND,N/A
0,4294967295,1841,46,aclnnMatmul_MatMulCommon_MatMulV2,MatMulV2,dynamic,AI_CORE,1790168622662339.956	,20.100,44.240000,22,0,NO,"""1,896;9728,896""",DT_BF16;DT_BF16,ND;ND,"""1,9728""",DT_BF16,ND,N/A
0,4294967295,1842,46,SwiGlu,SwiGlu,dynamic,AI_VECTOR_CORE,1790168622662360.516	,3.101,0.400000,1,0,NO,"""1,9728""",DT_BF16,ND,"""1,4864""",DT_BF16,ND,N/A
0,4294967295,1843,46,aclnnMatmul_MatMulCommon_MatMulV2,MatMulV2,dynamic,AI_CORE,1790168622662404.658	,16.241,41.149000,19,0,NO,"""1,4864;896,4864""",DT_BF16;DT_BF16,ND;ND,"""1,896""",DT_BF16,ND,N/A
0,4294967295,1844,46,AddRmsNormBias,AddRmsNormBias,dynamic,AI_VECTOR_CORE,1790168622662460.881	,2.060,40.009000,1,0,NO,"""1,896;1,896;896;""",DT_BF16;DT_BF16;DT_BF16;DT_UNDEFINED,ND;ND;ND;NULL,"""1,896;1,1;1,896""",DT_BF16;FLOAT;DT_BF16,ND;ND;ND,N/A
0,4294967295,1845,46,aclnnAddmm_CastAiCore_Cast,Cast,dynamic,AI_VECTOR_CORE,1790168622662502.922	,1.140,39.940000,2,0,NO,"""1152""",DT_BF16,ND,"""1152""",FLOAT,ND,N/A
0,4294967295,1846,46,aclnnAddmm_MatMulCommon_MatMulV2,MatMulV2,dynamic,AI_CORE,1790168622662505.322	,6.761,1.110000,24,0,NO,"""1,896;1152,896;1152""",DT_BF16;DT_BF16;FLOAT,ND;ND;ND,"""1,1152""",DT_BF16,ND,N/A
0,4294967295,1847,46,_triton_rope,_triton_rope,static,AI_VECTOR_CORE,1790168622662735.331	,2.781,223.239000,1,0,YES,"""1,14,64;1,2,64;32768,64""",DT_BF16;32551;DT_BF16,ND;ND;ND,"""1,14,64;1,2,64""",DT_BF16;32551,ND;ND,N/A
0,4294967295,1848,46,ReshapeAndCacheNdKernel,ReshapeAndCacheNdKernel,dynamic,AI_VECTOR_CORE,1790168622663085.265	,1.541,347.219000,1,0,NO,"""1,2,64;1,2,64;2,128,2,64;2,128,2,64;1""",DT_BF16;DT_BF16;DT_BF16;DT_BF16;INT32,ND;ND;ND;ND;ND,"""2,128,2,64;2,128,2,64""",DT_BF16;DT_BF16,ND;ND,N/A
0,4294967295,1849,46,FusedInferAttentionScore,FusedInferAttentionScore,dynamic,MIX_AIC,1790168622663426.279	,21.701,339.459000,24,48,NO,"""1,14,64;2,128,128;2,128,128;;2048,2048;1;1;;;;;;;;1,1;;;;;;;;;;;;;;;;""",DT_BF16;DT_BF16;DT_BF16;DT_UNDEFINED;INT8;INT64;INT64;DT_UNDEFINED;DT_UNDEFINED;DT_UNDEFINED;DT_UNDEFINED;DT_UNDEFINED;DT_UNDEFINED;DT_UNDEFINED;INT32;DT_UNDEFINED;DT_UNDEFINED;DT_UNDEFINED;DT_UNDEFINED;DT_UNDEFINED;DT_UNDEFINED;DT_UNDEFINED;DT_UNDEFINED;DT_UNDEFINED;DT_UNDEFINED;DT_UNDEFINED;DT_UNDEFINED;DT_UNDEFINED;DT_UNDEFINED;DT_UNDEFINED;DT_UNDEFINED,ND;ND;ND;NULL;ND;ND;ND;NULL;NULL;NULL;NULL;NULL;NULL;NULL;ND;NULL;NULL;NULL;NULL;NULL;NULL;NULL;NULL;NULL;NULL;NULL;NULL;NULL;NULL;NULL;NULL,"""1,14,64;""",DT_BF16;FLOAT,ND;ND,0
0,4294967295,1851,46,aclnnMatmul_MatMulCommon_MatMulV2,MatMulV2,dynamic,AI_CORE,1790168622663680.389	,5.360,232.549000,19,0,NO,"""1,896;896,896""",DT_BF16;DT_BF16,ND;ND,"""1,896""",DT_BF16,ND,N/A
0,4294967295,1852,46,AddRmsNormBias,AddRmsNormBias,dynamic,AI_VECTOR_CORE,1790168622663747.012	,1.660,61.140000,1,0,NO,"""1,896;1,896;896;""",DT_BF16;DT_BF16;DT_BF16;DT_UNDEFINED,ND;ND;ND;NULL,"""1,896;1,1;1,896""",DT_BF16;FLOAT;DT_BF16,ND;ND;ND,N/A
0,4294967295,1853,46,aclnnMatmul_MatMulCommon_MatMulV2,MatMulV2,dynamic,AI_CORE,1790168622663790.854	,19.100,42.090000,22,0,NO,"""1,896;9728,896""",DT_BF16;DT_BF16,ND;ND,"""1,9728""",DT_BF16,ND,N/A
0,4294967295,1854,46,SwiGlu,SwiGlu,dynamic,AI_VECTOR_CORE,1790168622663812.275	,4.100,2.400000,1,0,NO,"""1,9728""",DT_BF16,ND,"""1,4864""",DT_BF16,ND,N/A
0,4294967295,1855,46,aclnnMatmul_MatMulCommon_MatMulV2,MatMulV2,dynamic,AI_CORE,1790168622663853.916	,16.201,37.650000,19,0,NO,"""1,4864;896,4864""",DT_BF16;DT_BF16,ND;ND,"""1,896""",DT_BF16,ND,N/A
0,4294967295,1856,46,AddRmsNormBias,AddRmsNormBias,dynamic,AI_VECTOR_CORE,1790168622663912.639	,2.020,42.549000,1,0,NO,"""1,896;1,896;896;""",DT_BF16;DT_BF16;DT_BF16;DT_UNDEFINED,ND;ND;ND;NULL,"""1,896;1,1;1,896""",DT_BF16;FLOAT;DT_BF16,ND;ND;ND,N/A
0,4294967295,1857,46,aclnnAddmm_CastAiCore_Cast,Cast,dynamic,AI_VECTOR_CORE,1790168622663951.360	,1.460,36.480000,2,0,NO,"""1152""",DT_BF16,ND,"""1152""",FLOAT,ND,N/A
0,4294967295,1858,46,aclnnAddmm_MatMulCommon_MatMulV2,MatMulV2,dynamic,AI_CORE,1790168622663954.660	,7.461,2.040000,24,0,NO,"""1,896;1152,896;1152""",DT_BF16;DT_BF16;FLOAT,ND;ND;ND,"""1,1152""",DT_BF16,ND,N/A
0,4294967295,1859,46,_triton_rope,_triton_rope,static,AI_VECTOR_CORE,1790168622664177.969	,3.040,215.789000,1,0,YES,"""1,14,64;1,2,64;32768,64""",DT_BF16;32551;DT_BF16,ND;ND;ND,"""1,14,64;1,2,64""",DT_BF16;32551,ND;ND,N/A
0,4294967295,1860,46,ReshapeAndCacheNdKernel,ReshapeAndCacheNdKernel,dynamic,AI_VECTOR_CORE,1790168622664546.544	,1.660,365.460000,1,0,NO,"""1,2,64;1,2,64;2,128,2,64;2,128,2,64;1""",DT_BF16;DT_BF16;DT_BF16;DT_BF16;INT32,ND;ND;ND;ND;ND,"""2,128,2,64;2,128,2,64""",DT_BF16;DT_BF16,ND;ND,N/A
0,4294967295,1861,46,FusedInferAttentionScore,FusedInferAttentionScore,dynamic,MIX_AIC,1790168622664887.538	,20.620,339.340000,24,48,NO,"""1,14,64;2,128,128;2,128,128;;2048,2048;1;1;;;;;;;;1,1;;;;;;;;;;;;;;;;""",DT_BF16;DT_BF16;DT_BF16;DT_UNDEFINED;INT8;INT64;INT64;DT_UNDEFINED;DT_UNDEFINED;DT_UNDEFINED;DT_UNDEFINED;DT_UNDEFINED;DT_UNDEFINED;DT_UNDEFINED;INT32;DT_UNDEFINED;DT_UNDEFINED;DT_UNDEFINED;DT_UNDEFINED;DT_UNDEFINED;DT_UNDEFINED;DT_UNDEFINED;DT_UNDEFINED;DT_UNDEFINED;DT_UNDEFINED;DT_UNDEFINED;DT_UNDEFINED;DT_UNDEFINED;DT_UNDEFINED;DT_UNDEFINED;DT_UNDEFINED,ND;ND;ND;NULL;ND;ND;ND;NULL;NULL;NULL;NULL;NULL;NULL;NULL;ND;NULL;NULL;NULL;NULL;NULL;NULL;NULL;NULL;NULL;NULL;NULL;NULL;NULL;NULL;NULL;NULL,"""1,14,64;""",DT_BF16;FLOAT,ND;ND,0
0,4294967295,1863,46,aclnnMatmul_MatMulCommon_MatMulV2,MatMulV2,dynamic,AI_CORE,1790168622665162.028	,5.701,253.880000,19,0,NO,"""1,896;896,896""",DT_BF16;DT_BF16,ND;ND,"""1,896""",DT_BF16,ND,N/A
0,4294967295,1864,46,AddRmsNormBias,AddRmsNormBias,dynamic,AI_VECTOR_CORE,1790168622665226.311	,1.660,58.549000,1,0,NO,"""1,896;1,896;896;""",DT_BF16;DT_BF16;DT_BF16;DT_UNDEFINED,ND;ND;ND;NULL,"""1,896;1,1;1,896""",DT_BF16;FLOAT;DT_BF16,ND;ND;ND,N/A
0,4294967295,1865,46,aclnnMatmul_MatMulCommon_MatMulV2,MatMulV2,dynamic,AI_CORE,1790168622665268.453	,19.801,40.590000,22,0,NO,"""1,896;9728,896""",DT_BF16;DT_BF16,ND;ND,"""1,9728""",DT_BF16,ND,N/A
0,4294967295,1866,46,SwiGlu,SwiGlu,dynamic,AI_VECTOR_CORE,1790168622665304.734	,3.140,16.449000,1,0,NO,"""1,9728""",DT_BF16,ND,"""1,4864""",DT_BF16,ND,N/A
0,4294967295,1867,46,aclnnMatmul_MatMulCommon_MatMulV2,MatMulV2,dynamic,AI_CORE,1790168622665343.316	,16.440,35.360000,19,0,NO,"""1,4864;896,4864""",DT_BF16;DT_BF16,ND;ND,"""1,896""",DT_BF16,ND,N/A
0,4294967295,1868,46,AddRmsNormBias,AddRmsNormBias,dynamic,AI_VECTOR_CORE,1790168622665393.038	,1.680,33.310000,1,0,NO,"""1,896;1,896;896;""",DT_BF16;DT_BF16;DT_BF16;DT_UNDEFINED,ND;ND;ND;NULL,"""1,896;1,1;1,896""",DT_BF16;FLOAT;DT_BF16,ND;ND;ND,N/A
0,4294967295,1869,46,aclnnAddmm_CastAiCore_Cast,Cast,dynamic,AI_VECTOR_CORE,1790168622665430.519	,1.140,35.820000,2,0,NO,"""1152""",DT_BF16,ND,"""1152""",FLOAT,ND,N/A
0,4294967295,1870,46,aclnnAddmm_MatMulCommon_MatMulV2,MatMulV2,dynamic,AI_CORE,1790168622665433.939	,7.161,2.360000,24,0,NO,"""1,896;1152,896;1152""",DT_BF16;DT_BF16;FLOAT,ND;ND;ND,"""1,1152""",DT_BF16,ND,N/A
0,4294967295,1871,46,_triton_rope,_triton_rope,static,AI_VECTOR_CORE,1790168622665663.169	,2.860,222.089000,1,0,YES,"""1,14,64;1,2,64;32768,64""",DT_BF16;32551;DT_BF16,ND;ND;ND,"""1,14,64;1,2,64""",DT_BF16;32551,ND;ND,N/A
0,4294967295,1872,46,ReshapeAndCacheNdKernel,ReshapeAndCacheNdKernel,dynamic,AI_VECTOR_CORE,1790168622666016.363	,1.560,350.140000,1,0,NO,"""1,2,64;1,2,64;2,128,2,64;2,128,2,64;1""",DT_BF16;DT_BF16;DT_BF16;DT_BF16;INT32,ND;ND;ND;ND;ND,"""2,128,2,64;2,128,2,64""",DT_BF16;DT_BF16,ND;ND,N/A
0,4294967295,1873,46,FusedInferAttentionScore,FusedInferAttentionScore,dynamic,MIX_AIC,1790168622666350.176	,20.401,332.440000,24,48,NO,"""1,14,64;2,128,128;2,128,128;;2048,2048;1;1;;;;;;;;1,1;;;;;;;;;;;;;;;;""",DT_BF16;DT_BF16;DT_BF16;DT_UNDEFINED;INT8;INT64;INT64;DT_UNDEFINED;DT_UNDEFINED;DT_UNDEFINED;DT_UNDEFINED;DT_UNDEFINED;DT_UNDEFINED;DT_UNDEFINED;INT32;DT_UNDEFINED;DT_UNDEFINED;DT_UNDEFINED;DT_UNDEFINED;DT_UNDEFINED;DT_UNDEFINED;DT_UNDEFINED;DT_UNDEFINED;DT_UNDEFINED;DT_UNDEFINED;DT_UNDEFINED;DT_UNDEFINED;DT_UNDEFINED;DT_UNDEFINED;DT_UNDEFINED;DT_UNDEFINED,ND;ND;ND;NULL;ND;ND;ND;NULL;NULL;NULL;NULL;NULL;NULL;NULL;ND;NULL;NULL;NULL;NULL;NULL;NULL;NULL;NULL;NULL;NULL;NULL;NULL;NULL;NULL;NULL;NULL,"""1,14,64;""",DT_BF16;FLOAT,ND;ND,0
0,4294967295,1875,46,aclnnMatmul_MatMulCommon_MatMulV2,MatMulV2,dynamic,AI_CORE,1790168622666605.766	,5.360,235.099000,19,0,NO,"""1,896;896,896""",DT_BF16;DT_BF16,ND;ND,"""1,896""",DT_BF16,ND,N/A
0,4294967295,1876,46,AddRmsNormBias,AddRmsNormBias,dynamic,AI_VECTOR_CORE,1790168622666671.909	,1.800,60.890000,1,0,NO,"""1,896;1,896;896;""",DT_BF16;DT_BF16;DT_BF16;DT_UNDEFINED,ND;ND;ND;NULL,"""1,896;1,1;1,896""",DT_BF16;FLOAT;DT_BF16,ND;ND;ND,N/A
0,4294967295,1877,46,aclnnMatmul_MatMulCommon_MatMulV2,MatMulV2,dynamic,AI_CORE,1790168622666713.331	,19.140,39.450000,22,0,NO,"""1,896;9728,896""",DT_BF16;DT_BF16,ND;ND,"""1,9728""",DT_BF16,ND,N/A
0,4294967295,1878,46,SwiGlu,SwiGlu,dynamic,AI_VECTOR_CORE,1790168622666746.152	,3.120,13.860000,1,0,NO,"""1,9728""",DT_BF16,ND,"""1,4864""",DT_BF16,ND,N/A
0,4294967295,1879,46,aclnnMatmul_MatMulCommon_MatMulV2,MatMulV2,dynamic,AI_CORE,1790168622666778.753	,16.241,29.380000,19,0,NO,"""1,4864;896,4864""",DT_BF16;DT_BF16,ND;ND,"""1,896""",DT_BF16,ND,N/A
0,4294967295,1880,46,AddRmsNormBias,AddRmsNormBias,dynamic,AI_VECTOR_CORE,1790168622666835.955	,1.840,41.009000,1,0,NO,"""1,896;1,896;896;""",DT_BF16;DT_BF16;DT_BF16;DT_UNDEFINED,ND;ND;ND;NULL,"""1,896;1,1;1,896""",DT_BF16;FLOAT;DT_BF16,ND;ND;ND,N/A
0,4294967295,1881,46,aclnnAddmm_CastAiCore_Cast,Cast,dynamic,AI_VECTOR_CORE,1790168622666877.557	,1.200,39.660000,2,0,NO,"""1152""",DT_BF16,ND,"""1152""",FLOAT,ND,N/A
0,4294967295,1882,46,aclnnAddmm_MatMulCommon_MatMulV2,MatMulV2,dynamic,AI_CORE,1790168622666880.877	,7.000,2.300000,24,0,NO,"""1,896;1152,896;1152""",DT_BF16;DT_BF16;FLOAT,ND;ND;ND,"""1,1152""",DT_BF16,ND,N/A
0,4294967295,1883,46,_triton_rope,_triton_rope,static,AI_VECTOR_CORE,1790168622667104.626	,2.800,216.750000,1,0,YES,"""1,14,64;1,2,64;32768,64""",DT_BF16;32551;DT_BF16,ND;ND;ND,"""1,14,64;1,2,64""",DT_BF16;32551,ND;ND,N/A
0,4294967295,1884,46,ReshapeAndCacheNdKernel,ReshapeAndCacheNdKernel,dynamic,AI_VECTOR_CORE,1790168622667465.621	,1.580,357.950000,1,0,NO,"""1,2,64;1,2,64;2,128,2,64;2,128,2,64;1""",DT_BF16;DT_BF16;DT_BF16;DT_BF16;INT32,ND;ND;ND;ND;ND,"""2,128,2,64;2,128,2,64""",DT_BF16;DT_BF16,ND;ND,N/A
0,4294967295,1885,46,FusedInferAttentionScore,FusedInferAttentionScore,dynamic,MIX_AIC,1790168622667800.774	,18.421,333.670000,24,48,NO,"""1,14,64;2,128,128;2,128,128;;2048,2048;1;1;;;;;;;;1,1;;;;;;;;;;;;;;;;""",DT_BF16;DT_BF16;DT_BF16;DT_UNDEFINED;INT8;INT64;INT64;DT_UNDEFINED;DT_UNDEFINED;DT_UNDEFINED;DT_UNDEFINED;DT_UNDEFINED;DT_UNDEFINED;DT_UNDEFINED;INT32;DT_UNDEFINED;DT_UNDEFINED;DT_UNDEFINED;DT_UNDEFINED;DT_UNDEFINED;DT_UNDEFINED;DT_UNDEFINED;DT_UNDEFINED;DT_UNDEFINED;DT_UNDEFINED;DT_UNDEFINED;DT_UNDEFINED;DT_UNDEFINED;DT_UNDEFINED;DT_UNDEFINED;DT_UNDEFINED,ND;ND;ND;NULL;ND;ND;ND;NULL;NULL;NULL;NULL;NULL;NULL;NULL;ND;NULL;NULL;NULL;NULL;NULL;NULL;NULL;NULL;NULL;NULL;NULL;NULL;NULL;NULL;NULL;NULL,"""1,14,64;""",DT_BF16;FLOAT,ND;ND,0
0,4294967295,1887,46,aclnnMatmul_MatMulCommon_MatMulV2,MatMulV2,dynamic,AI_CORE,1790168622668067.685	,5.420,248.579000,19,0,NO,"""1,896;896,896""",DT_BF16;DT_BF16,ND;ND,"""1,896""",DT_BF16,ND,N/A
0,4294967295,1888,46,AddRmsNormBias,AddRmsNormBias,dynamic,AI_VECTOR_CORE,1790168622668139.008	,1.740,65.830000,1,0,NO,"""1,896;1,896;896;""",DT_BF16;DT_BF16;DT_BF16;DT_UNDEFINED,ND;ND;ND;NULL,"""1,896;1,1;1,896""",DT_BF16;FLOAT;DT_BF16,ND;ND;ND,N/A
0,4294967295,1889,46,aclnnMatmul_MatMulCommon_MatMulV2,MatMulV2,dynamic,AI_CORE,1790168622668184.409	,19.241,43.760000,22,0,NO,"""1,896;9728,896""",DT_BF16;DT_BF16,ND;ND,"""1,9728""",DT_BF16,ND,N/A
0,4294967295,1890,46,SwiGlu,SwiGlu,dynamic,AI_VECTOR_CORE,1790168622668203.670	,3.140,0.009000,1,0,NO,"""1,9728""",DT_BF16,ND,"""1,4864""",DT_BF16,ND,N/A
0,4294967295,1891,46,aclnnMatmul_MatMulCommon_MatMulV2,MatMulV2,dynamic,AI_CORE,1790168622668243.732	,16.560,36.860000,19,0,NO,"""1,4864;896,4864""",DT_BF16;DT_BF16,ND;ND,"""1,896""",DT_BF16,ND,N/A
0,4294967295,1892,46,AddRmsNormBias,AddRmsNormBias,dynamic,AI_VECTOR_CORE,1790168622668301.814	,1.760,41.440000,1,0,NO,"""1,896;1,896;896;""",DT_BF16;DT_BF16;DT_BF16;DT_UNDEFINED,ND;ND;ND;NULL,"""1,896;1,1;1,896""",DT_BF16;FLOAT;DT_BF16,ND;ND;ND,N/A
0,4294967295,1893,46,aclnnAddmm_CastAiCore_Cast,Cast,dynamic,AI_VECTOR_CORE,1790168622668339.336	,1.140,35.740000,2,0,NO,"""1152""",DT_BF16,ND,"""1152""",FLOAT,ND,N/A
0,4294967295,1894,46,aclnnAddmm_MatMulCommon_MatMulV2,MatMulV2,dynamic,AI_CORE,1790168622668342.276	,7.420,1.860000,24,0,NO,"""1,896;1152,896;1152""",DT_BF16;DT_BF16;FLOAT,ND;ND;ND,"""1,1152""",DT_BF16,ND,N/A
0,4294967295,1895,46,_triton_rope,_triton_rope,static,AI_VECTOR_CORE,1790168622668569.505	,2.960,219.830000,1,0,YES,"""1,14,64;1,2,64;32768,64""",DT_BF16;32551;DT_BF16,ND;ND;ND,"""1,14,64;1,2,64""",DT_BF16;32551,ND;ND,N/A
0,4294967295,1896,46,ReshapeAndCacheNdKernel,ReshapeAndCacheNdKernel,dynamic,AI_VECTOR_CORE,1790168622668912.078	,1.580,339.540000,1,0,NO,"""1,2,64;1,2,64;2,128,2,64;2,128,2,64;1""",DT_BF16;DT_BF16;DT_BF16;DT_BF16;INT32,ND;ND;ND;ND;ND,"""2,128,2,64;2,128,2,64""",DT_BF16;DT_BF16,ND;ND,N/A
0,4294967295,1897,46,FusedInferAttentionScore,FusedInferAttentionScore,dynamic,MIX_AIC,1790168622669265.653	,19.400,352.170000,24,48,NO,"""1,14,64;2,128,128;2,128,128;;2048,2048;1;1;;;;;;;;1,1;;;;;;;;;;;;;;;;""",DT_BF16;DT_BF16;DT_BF16;DT_UNDEFINED;INT8;INT64;INT64;DT_UNDEFINED;DT_UNDEFINED;DT_UNDEFINED;DT_UNDEFINED;DT_UNDEFINED;DT_UNDEFINED;DT_UNDEFINED;INT32;DT_UNDEFINED;DT_UNDEFINED;DT_UNDEFINED;DT_UNDEFINED;DT_UNDEFINED;DT_UNDEFINED;DT_UNDEFINED;DT_UNDEFINED;DT_UNDEFINED;DT_UNDEFINED;DT_UNDEFINED;DT_UNDEFINED;DT_UNDEFINED;DT_UNDEFINED;DT_UNDEFINED;DT_UNDEFINED,ND;ND;ND;NULL;ND;ND;ND;NULL;NULL;NULL;NULL;NULL;NULL;NULL;ND;NULL;NULL;NULL;NULL;NULL;NULL;NULL;NULL;NULL;NULL;NULL;NULL;NULL;NULL;NULL;NULL,"""1,14,64;""",DT_BF16;FLOAT,ND;ND,0
0,4294967295,1899,46,aclnnMatmul_MatMulCommon_MatMulV2,MatMulV2,dynamic,AI_CORE,1790168622669516.083	,5.480,230.850000,19,0,NO,"""1,896;896,896""",DT_BF16;DT_BF16,ND;ND,"""1,896""",DT_BF16,ND,N/A
0,4294967295,1900,46,AddRmsNormBias,AddRmsNormBias,dynamic,AI_VECTOR_CORE,1790168622669582.285	,1.800,60.770000,1,0,NO,"""1,896;1,896;896;""",DT_BF16;DT_BF16;DT_BF16;DT_UNDEFINED,ND;ND;ND;NULL,"""1,896;1,1;1,896""",DT_BF16;FLOAT;DT_BF16,ND;ND;ND,N/A
0,4294967295,1901,46,aclnnMatmul_MatMulCommon_MatMulV2,MatMulV2,dynamic,AI_CORE,1790168622669624.187	,19.521,40.200000,22,0,NO,"""1,896;9728,896""",DT_BF16;DT_BF16,ND;ND,"""1,9728""",DT_BF16,ND,N/A
0,4294967295,1902,46,SwiGlu,SwiGlu,dynamic,AI_VECTOR_CORE,1790168622669657.908	,3.120,14.229000,1,0,NO,"""1,9728""",DT_BF16,ND,"""1,4864""",DT_BF16,ND,N/A
0,4294967295,1903,46,aclnnMatmul_MatMulCommon_MatMulV2,MatMulV2,dynamic,AI_CORE,1790168622669692.390	,16.780,31.380000,19,0,NO,"""1,4864;896,4864""",DT_BF16;DT_BF16,ND;ND,"""1,896""",DT_BF16,ND,N/A
0,4294967295,1904,46,AddRmsNormBias,AddRmsNormBias,dynamic,AI_VECTOR_CORE,1790168622669750.492	,1.720,41.220000,1,0,NO,"""1,896;1,896;896;""",DT_BF16;DT_BF16;DT_BF16;DT_UNDEFINED,ND;ND;ND;NULL,"""1,896;1,1;1,896""",DT_BF16;FLOAT;DT_BF16,ND;ND;ND,N/A
0,4294967295,1905,46,aclnnAddmm_CastAiCore_Cast,Cast,dynamic,AI_VECTOR_CORE,1790168622669789.994	,1.120,37.780000,2,0,NO,"""1152""",DT_BF16,ND,"""1152""",FLOAT,ND,N/A
0,4294967295,1906,46,aclnnAddmm_MatMulCommon_MatMulV2,MatMulV2,dynamic,AI_CORE,1790168622669792.494	,6.900,1.380000,24,0,NO,"""1,896;1152,896;1152""",DT_BF16;DT_BF16;FLOAT,ND;ND;ND,"""1,1152""",DT_BF16,ND,N/A
0,4294967295,1907,46,_triton_rope,_triton_rope,static,AI_VECTOR_CORE,1790168622670021.023	,2.820,221.600000,1,0,YES,"""1,14,64;1,2,64;32768,64""",DT_BF16;32551;DT_BF16,ND;ND;ND,"""1,14,64;1,2,64""",DT_BF16;32551,ND;ND,N/A
0,4294967295,1908,46,ReshapeAndCacheNdKernel,ReshapeAndCacheNdKernel,dynamic,AI_VECTOR_CORE,1790168622670384.237	,1.580,360.430000,1,0,NO,"""1,2,64;1,2,64;2,128,2,64;2,128,2,64;1""",DT_BF16;DT_BF16;DT_BF16;DT_BF16;INT32,ND;ND;ND;ND;ND,"""2,128,2,64;2,128,2,64""",DT_BF16;DT_BF16,ND;ND,N/A
0,4294967295,1909,46,FusedInferAttentionScore,FusedInferAttentionScore,dynamic,MIX_AIC,1790168622670717.491	,20.660,331.670000,24,48,NO,"""1,14,64;2,128,128;2,128,128;;2048,2048;1;1;;;;;;;;1,1;;;;;;;;;;;;;;;;""",DT_BF16;DT_BF16;DT_BF16;DT_UNDEFINED;INT8;INT64;INT64;DT_UNDEFINED;DT_UNDEFINED;DT_UNDEFINED;DT_UNDEFINED;DT_UNDEFINED;DT_UNDEFINED;DT_UNDEFINED;INT32;DT_UNDEFINED;DT_UNDEFINED;DT_UNDEFINED;DT_UNDEFINED;DT_UNDEFINED;DT_UNDEFINED;DT_UNDEFINED;DT_UNDEFINED;DT_UNDEFINED;DT_UNDEFINED;DT_UNDEFINED;DT_UNDEFINED;DT_UNDEFINED;DT_UNDEFINED;DT_UNDEFINED;DT_UNDEFINED,ND;ND;ND;NULL;ND;ND;ND;NULL;NULL;NULL;NULL;NULL;NULL;NULL;ND;NULL;NULL;NULL;NULL;NULL;NULL;NULL;NULL;NULL;NULL;NULL;NULL;NULL;NULL;NULL;NULL,"""1,14,64;""",DT_BF16;FLOAT,ND;ND,0
0,4294967295,1911,46,aclnnMatmul_MatMulCommon_MatMulV2,MatMulV2,dynamic,AI_CORE,1790168622670984.281	,5.320,246.090000,19,0,NO,"""1,896;896,896""",DT_BF16;DT_BF16,ND;ND,"""1,896""",DT_BF16,ND,N/A
0,4294967295,1912,46,AddRmsNormBias,AddRmsNormBias,dynamic,AI_VECTOR_CORE,1790168622671055.124	,1.680,65.430000,1,0,NO,"""1,896;1,896;896;""",DT_BF16;DT_BF16;DT_BF16;DT_UNDEFINED,ND;ND;ND;NULL,"""1,896;1,1;1,896""",DT_BF16;FLOAT;DT_BF16,ND;ND;ND,N/A
0,4294967295,1913,46,aclnnMatmul_MatMulCommon_MatMulV2,MatMulV2,dynamic,AI_CORE,1790168622671100.466	,20.181,43.820000,22,0,NO,"""1,896;9728,896""",DT_BF16;DT_BF16,ND;ND,"""1,9728""",DT_BF16,ND,N/A
0,4294967295,1914,46,SwiGlu,SwiGlu,dynamic,AI_VECTOR_CORE,1790168622671127.947	,3.000,7.319000,1,0,NO,"""1,9728""",DT_BF16,ND,"""1,4864""",DT_BF16,ND,N/A
0,4294967295,1915,46,aclnnMatmul_MatMulCommon_MatMulV2,MatMulV2,dynamic,AI_CORE,1790168622671154.468	,16.241,23.500000,19,0,NO,"""1,4864;896,4864""",DT_BF16;DT_BF16,ND;ND,"""1,896""",DT_BF16,ND,N/A
0,4294967295,1916,46,AddRmsNormBias,AddRmsNormBias,dynamic,AI_VECTOR_CORE,1790168622671219.951	,2.060,49.259000,1,0,NO,"""1,896;1,896;896;""",DT_BF16;DT_BF16;DT_BF16;DT_UNDEFINED,ND;ND;ND;NULL,"""1,896;1,1;1,896""",DT_BF16;FLOAT;DT_BF16,ND;ND;ND,N/A
0,4294967295,1917,46,aclnnAddmm_CastAiCore_Cast,Cast,dynamic,AI_VECTOR_CORE,1790168622671262.952	,1.180,40.940000,2,0,NO,"""1152""",DT_BF16,ND,"""1152""",FLOAT,ND,N/A
0,4294967295,1918,46,aclnnAddmm_MatMulCommon_MatMulV2,MatMulV2,dynamic,AI_CORE,1790168622671266.233	,6.780,2.070000,24,0,NO,"""1,896;1152,896;1152""",DT_BF16;DT_BF16;FLOAT,ND;ND;ND,"""1,1152""",DT_BF16,ND,N/A
0,4294967295,1919,46,_triton_rope,_triton_rope,static,AI_VECTOR_CORE,1790168622671496.722	,3.060,223.720000,1,0,YES,"""1,14,64;1,2,64;32768,64""",DT_BF16;32551;DT_BF16,ND;ND;ND,"""1,14,64;1,2,64""",DT_BF16;32551,ND;ND,N/A
0,4294967295,1920,46,ReshapeAndCacheNdKernel,ReshapeAndCacheNdKernel,dynamic,AI_VECTOR_CORE,1790168622671876.037	,1.720,376.190000,1,0,NO,"""1,2,64;1,2,64;2,128,2,64;2,128,2,64;1""",DT_BF16;DT_BF16;DT_BF16;DT_BF16;INT32,ND;ND;ND;ND;ND,"""2,128,2,64;2,128,2,64""",DT_BF16;DT_BF16,ND;ND,N/A
0,4294967295,1921,46,FusedInferAttentionScore,FusedInferAttentionScore,dynamic,MIX_AIC,1790168622672249.012	,20.861,371.280000,24,48,NO,"""1,14,64;2,128,128;2,128,128;;2048,2048;1;1;;;;;;;;1,1;;;;;;;;;;;;;;;;""",DT_BF16;DT_BF16;DT_BF16;DT_UNDEFINED;INT8;INT64;INT64;DT_UNDEFINED;DT_UNDEFINED;DT_UNDEFINED;DT_UNDEFINED;DT_UNDEFINED;DT_UNDEFINED;DT_UNDEFINED;INT32;DT_UNDEFINED;DT_UNDEFINED;DT_UNDEFINED;DT_UNDEFINED;DT_UNDEFINED;DT_UNDEFINED;DT_UNDEFINED;DT_UNDEFINED;DT_UNDEFINED;DT_UNDEFINED;DT_UNDEFINED;DT_UNDEFINED;DT_UNDEFINED;DT_UNDEFINED;DT_UNDEFINED;DT_UNDEFINED,ND;ND;ND;NULL;ND;ND;ND;NULL;NULL;NULL;NULL;NULL;NULL;NULL;ND;NULL;NULL;NULL;NULL;NULL;NULL;NULL;NULL;NULL;NULL;NULL;NULL;NULL;NULL;NULL;NULL,"""1,14,64;""",DT_BF16;FLOAT,ND;ND,0
0,4294967295,1923,46,aclnnMatmul_MatMulCommon_MatMulV2,MatMulV2,dynamic,AI_CORE,1790168622672511.922	,5.321,242.139000,19,0,NO,"""1,896;896,896""",DT_BF16;DT_BF16,ND;ND,"""1,896""",DT_BF16,ND,N/A
0,4294967295,1924,46,AddRmsNormBias,AddRmsNormBias,dynamic,AI_VECTOR_CORE,1790168622672581.105	,1.780,63.679000,1,0,NO,"""1,896;1,896;896;""",DT_BF16;DT_BF16;DT_BF16;DT_UNDEFINED,ND;ND;ND;NULL,"""1,896;1,1;1,896""",DT_BF16;FLOAT;DT_BF16,ND;ND;ND,N/A
0,4294967295,1925,46,aclnnMatmul_MatMulCommon_MatMulV2,MatMulV2,dynamic,AI_CORE,1790168622672622.007	,21.261,39.220000,22,0,NO,"""1,896;9728,896""",DT_BF16;DT_BF16,ND;ND,"""1,9728""",DT_BF16,ND,N/A
0,4294967295,1926,46,SwiGlu,SwiGlu,dynamic,AI_VECTOR_CORE,1790168622672660.588	,4.020,17.239000,1,0,NO,"""1,9728""",DT_BF16,ND,"""1,4864""",DT_BF16,ND,N/A
0,4294967295,1927,46,aclnnMatmul_MatMulCommon_MatMulV2,MatMulV2,dynamic,AI_CORE,1790168622672694.010	,16.140,29.480000,19,0,NO,"""1,4864;896,4864""",DT_BF16;DT_BF16,ND;ND,"""1,896""",DT_BF16,ND,N/A
0,4294967295,1928,46,AddRmsNormBias,AddRmsNormBias,dynamic,AI_VECTOR_CORE,1790168622672747.392	,1.660,37.360000,1,0,NO,"""1,896;1,896;896;""",DT_BF16;DT_BF16;DT_BF16;DT_UNDEFINED,ND;ND;ND;NULL,"""1,896;1,1;1,896""",DT_BF16;FLOAT;DT_BF16,ND;ND;ND,N/A
0,4294967295,1929,46,aclnnAddmm_CastAiCore_Cast,Cast,dynamic,AI_VECTOR_CORE,1790168622672786.333	,1.120,37.090000,2,0,NO,"""1152""",DT_BF16,ND,"""1152""",FLOAT,ND,N/A
0,4294967295,1930,46,aclnnAddmm_MatMulCommon_MatMulV2,MatMulV2,dynamic,AI_CORE,1790168622672788.913	,6.961,1.630000,24,0,NO,"""1,896;1152,896;1152""",DT_BF16;DT_BF16;FLOAT,ND;ND;ND,"""1,1152""",DT_BF16,ND,N/A
0,4294967295,1931,46,_triton_rope,_triton_rope,static,AI_VECTOR_CORE,1790168622673018.243	,3.060,222.289000,1,0,YES,"""1,14,64;1,2,64;32768,64""",DT_BF16;32551;DT_BF16,ND;ND;ND,"""1,14,64;1,2,64""",DT_BF16;32551,ND;ND,N/A
0,4294967295,1932,46,ReshapeAndCacheNdKernel,ReshapeAndCacheNdKernel,dynamic,AI_VECTOR_CORE,1790168622673389.217	,1.540,367.940000,1,0,NO,"""1,2,64;1,2,64;2,128,2,64;2,128,2,64;1""",DT_BF16;DT_BF16;DT_BF16;DT_BF16;INT32,ND;ND;ND;ND;ND,"""2,128,2,64;2,128,2,64""",DT_BF16;DT_BF16,ND;ND,N/A
0,4294967295,1933,46,FusedInferAttentionScore,FusedInferAttentionScore,dynamic,MIX_AIC,1790168622673729.351	,21.081,338.460000,24,48,NO,"""1,14,64;2,128,128;2,128,128;;2048,2048;1;1;;;;;;;;1,1;;;;;;;;;;;;;;;;""",DT_BF16;DT_BF16;DT_BF16;DT_UNDEFINED;INT8;INT64;INT64;DT_UNDEFINED;DT_UNDEFINED;DT_UNDEFINED;DT_UNDEFINED;DT_UNDEFINED;DT_UNDEFINED;DT_UNDEFINED;INT32;DT_UNDEFINED;DT_UNDEFINED;DT_UNDEFINED;DT_UNDEFINED;DT_UNDEFINED;DT_UNDEFINED;DT_UNDEFINED;DT_UNDEFINED;DT_UNDEFINED;DT_UNDEFINED;DT_UNDEFINED;DT_UNDEFINED;DT_UNDEFINED;DT_UNDEFINED;DT_UNDEFINED;DT_UNDEFINED,ND;ND;ND;NULL;ND;ND;ND;NULL;NULL;NULL;NULL;NULL;NULL;NULL;ND;NULL;NULL;NULL;NULL;NULL;NULL;NULL;NULL;NULL;NULL;NULL;NULL;NULL;NULL;NULL;NULL,"""1,14,64;""",DT_BF16;FLOAT,ND;ND,0
0,4294967295,1935,46,aclnnMatmul_MatMulCommon_MatMulV2,MatMulV2,dynamic,AI_CORE,1790168622673994.282	,5.340,243.919000,19,0,NO,"""1,896;896,896""",DT_BF16;DT_BF16,ND;ND,"""1,896""",DT_BF16,ND,N/A
0,4294967295,1936,46,AddRmsNormBias,AddRmsNormBias,dynamic,AI_VECTOR_CORE,1790168622674059.044	,1.680,59.410000,1,0,NO,"""1,896;1,896;896;""",DT_BF16;DT_BF16;DT_BF16;DT_UNDEFINED,ND;ND;ND;NULL,"""1,896;1,1;1,896""",DT_BF16;FLOAT;DT_BF16,ND;ND;ND,N/A
0,4294967295,1937,46,aclnnMatmul_MatMulCommon_MatMulV2,MatMulV2,dynamic,AI_CORE,1790168622674101.866	,19.581,41.070000,22,0,NO,"""1,896;9728,896""",DT_BF16;DT_BF16,ND;ND,"""1,9728""",DT_BF16,ND,N/A
0,4294967295,1938,46,SwiGlu,SwiGlu,dynamic,AI_VECTOR_CORE,1790168622674132.907	,2.980,11.669000,1,0,NO,"""1,9728""",DT_BF16,ND,"""1,4864""",DT_BF16,ND,N/A
0,4294967295,1939,46,aclnnMatmul_MatMulCommon_MatMulV2,MatMulV2,dynamic,AI_CORE,1790168622674167.309	,16.460,31.270000,19,0,NO,"""1,4864;896,4864""",DT_BF16;DT_BF16,ND;ND,"""1,896""",DT_BF16,ND,N/A
0,4294967295,1940,46,AddRmsNormBias,AddRmsNormBias,dynamic,AI_VECTOR_CORE,1790168622674218.871	,1.720,35.040000,1,0,NO,"""1,896;1,896;896;""",DT_BF16;DT_BF16;DT_BF16;DT_UNDEFINED,ND;ND;ND;NULL,"""1,896;1,1;1,896""",DT_BF16;FLOAT;DT_BF16,ND;ND;ND,N/A
0,4294967295,1941,46,aclnnAddmm_CastAiCore_Cast,Cast,dynamic,AI_VECTOR_CORE,1790168622674267.273	,1.140,46.780000,2,0,NO,"""1152""",DT_BF16,ND,"""1152""",FLOAT,ND,N/A
0,4294967295,1942,46,aclnnAddmm_MatMulCommon_MatMulV2,MatMulV2,dynamic,AI_CORE,1790168622674269.853	,7.220,1.360000,24,0,NO,"""1,896;1152,896;1152""",DT_BF16;DT_BF16;FLOAT,ND;ND;ND,"""1,1152""",DT_BF16,ND,N/A
0,4294967295,1943,46,_triton_rope,_triton_rope,static,AI_VECTOR_CORE,1790168622674499.542	,2.920,222.530000,1,0,YES,"""1,14,64;1,2,64;32768,64""",DT_BF16;32551;DT_BF16,ND;ND;ND,"""1,14,64;1,2,64""",DT_BF16;32551,ND;ND,N/A
0,4294967295,1944,46,ReshapeAndCacheNdKernel,ReshapeAndCacheNdKernel,dynamic,AI_VECTOR_CORE,1790168622674850.856	,1.620,348.330000,1,0,NO,"""1,2,64;1,2,64;2,128,2,64;2,128,2,64;1""",DT_BF16;DT_BF16;DT_BF16;DT_BF16;INT32,ND;ND;ND;ND;ND,"""2,128,2,64;2,128,2,64""",DT_BF16;DT_BF16,ND;ND,N/A
0,4294967295,1945,46,FusedInferAttentionScore,FusedInferAttentionScore,dynamic,MIX_AIC,1790168622675189.609	,20.561,337.130000,24,48,NO,"""1,14,64;2,128,128;2,128,128;;2048,2048;1;1;;;;;;;;1,1;;;;;;;;;;;;;;;;""",DT_BF16;DT_BF16;DT_BF16;DT_UNDEFINED;INT8;INT64;INT64;DT_UNDEFINED;DT_UNDEFINED;DT_UNDEFINED;DT_UNDEFINED;DT_UNDEFINED;DT_UNDEFINED;DT_UNDEFINED;INT32;DT_UNDEFINED;DT_UNDEFINED;DT_UNDEFINED;DT_UNDEFINED;DT_UNDEFINED;DT_UNDEFINED;DT_UNDEFINED;DT_UNDEFINED;DT_UNDEFINED;DT_UNDEFINED;DT_UNDEFINED;DT_UNDEFINED;DT_UNDEFINED;DT_UNDEFINED;DT_UNDEFINED;DT_UNDEFINED,ND;ND;ND;NULL;ND;ND;ND;NULL;NULL;NULL;NULL;NULL;NULL;NULL;ND;NULL;NULL;NULL;NULL;NULL;NULL;NULL;NULL;NULL;NULL;NULL;NULL;NULL;NULL;NULL;NULL,"""1,14,64;""",DT_BF16;FLOAT,ND;ND,0
0,4294967295,1947,46,aclnnMatmul_MatMulCommon_MatMulV2,MatMulV2,dynamic,AI_CORE,1790168622675442.219	,5.701,232.189000,19,0,NO,"""1,896;896,896""",DT_BF16;DT_BF16,ND;ND,"""1,896""",DT_BF16,ND,N/A
0,4294967295,1948,46,AddRmsNormBias,AddRmsNormBias,dynamic,AI_VECTOR_CORE,1790168622675512.282	,1.700,64.299000,1,0,NO,"""1,896;1,896;896;""",DT_BF16;DT_BF16;DT_BF16;DT_UNDEFINED,ND;ND;ND;NULL,"""1,896;1,1;1,896""",DT_BF16;FLOAT;DT_BF16,ND;ND;ND,N/A
0,4294967295,1949,46,aclnnMatmul_MatMulCommon_MatMulV2,MatMulV2,dynamic,AI_CORE,1790168622675556.444	,19.501,42.550000,22,0,NO,"""1,896;9728,896""",DT_BF16;DT_BF16,ND;ND,"""1,9728""",DT_BF16,ND,N/A
0,4294967295,1950,46,SwiGlu,SwiGlu,dynamic,AI_VECTOR_CORE,1790168622675589.625	,3.001,13.499000,1,0,NO,"""1,9728""",DT_BF16,ND,"""1,4864""",DT_BF16,ND,N/A
0,4294967295,1951,46,aclnnMatmul_MatMulCommon_MatMulV2,MatMulV2,dynamic,AI_CORE,1790168622675621.447	,16.460,28.999000,19,0,NO,"""1,4864;896,4864""",DT_BF16;DT_BF16,ND;ND,"""1,896""",DT_BF16,ND,N/A
0,4294967295,1952,46,AddRmsNormBias,AddRmsNormBias,dynamic,AI_VECTOR_CORE,1790168622675676.969	,1.700,39.040000,1,0,NO,"""1,896;1,896;896;""",DT_BF16;DT_BF16;DT_BF16;DT_UNDEFINED,ND;ND;ND;NULL,"""1,896;1,1;1,896""",DT_BF16;FLOAT;DT_BF16,ND;ND;ND,N/A
0,4294967295,1953,46,aclnnAddmm_CastAiCore_Cast,Cast,dynamic,AI_VECTOR_CORE,1790168622675718.471	,1.400,39.800000,2,0,NO,"""1152""",DT_BF16,ND,"""1152""",FLOAT,ND,N/A
0,4294967295,1954,46,aclnnAddmm_MatMulCommon_MatMulV2,MatMulV2,dynamic,AI_CORE,1790168622675721.051	,6.720,1.100000,24,0,NO,"""1,896;1152,896;1152""",DT_BF16;DT_BF16;FLOAT,ND;ND;ND,"""1,1152""",DT_BF16,ND,N/A
0,4294967295,1955,46,_triton_rope,_triton_rope,static,AI_VECTOR_CORE,1790168622675945.960	,3.340,218.280000,1,0,YES,"""1,14,64;1,2,64;32768,64""",DT_BF16;32551;DT_BF16,ND;ND;ND,"""1,14,64;1,2,64""",DT_BF16;32551,ND;ND,N/A
0,4294967295,1956,46,ReshapeAndCacheNdKernel,ReshapeAndCacheNdKernel,dynamic,AI_VECTOR_CORE,1790168622676304.094	,1.560,354.660000,1,0,NO,"""1,2,64;1,2,64;2,128,2,64;2,128,2,64;1""",DT_BF16;DT_BF16;DT_BF16;DT_BF16;INT32,ND;ND;ND;ND;ND,"""2,128,2,64;2,128,2,64""",DT_BF16;DT_BF16,ND;ND,N/A
0,4294967295,1957,46,FusedInferAttentionScore,FusedInferAttentionScore,dynamic,MIX_AIC,1790168622676647.948	,20.101,342.440000,24,48,NO,"""1,14,64;2,128,128;2,128,128;;2048,2048;1;1;;;;;;;;1,1;;;;;;;;;;;;;;;;""",DT_BF16;DT_BF16;DT_BF16;DT_UNDEFINED;INT8;INT64;INT64;DT_UNDEFINED;DT_UNDEFINED;DT_UNDEFINED;DT_UNDEFINED;DT_UNDEFINED;DT_UNDEFINED;DT_UNDEFINED;INT32;DT_UNDEFINED;DT_UNDEFINED;DT_UNDEFINED;DT_UNDEFINED;DT_UNDEFINED;DT_UNDEFINED;DT_UNDEFINED;DT_UNDEFINED;DT_UNDEFINED;DT_UNDEFINED;DT_UNDEFINED;DT_UNDEFINED;DT_UNDEFINED;DT_UNDEFINED;DT_UNDEFINED;DT_UNDEFINED,ND;ND;ND;NULL;ND;ND;ND;NULL;NULL;NULL;NULL;NULL;NULL;NULL;ND;NULL;NULL;NULL;NULL;NULL;NULL;NULL;NULL;NULL;NULL;NULL;NULL;NULL;NULL;NULL;NULL,"""1,14,64;""",DT_BF16;FLOAT,ND;ND,0
0,4294967295,1959,46,aclnnMatmul_MatMulCommon_MatMulV2,MatMulV2,dynamic,AI_CORE,1790168622676907.998	,5.380,239.899000,19,0,NO,"""1,896;896,896""",DT_BF16;DT_BF16,ND;ND,"""1,896""",DT_BF16,ND,N/A
0,4294967295,1960,46,AddRmsNormBias,AddRmsNormBias,dynamic,AI_VECTOR_CORE,1790168622676973.981	,1.760,60.620000,1,0,NO,"""1,896;1,896;896;""",DT_BF16;DT_BF16;DT_BF16;DT_UNDEFINED,ND;ND;ND;NULL,"""1,896;1,1;1,896""",DT_BF16;FLOAT;DT_BF16,ND;ND;ND,N/A
0,4294967295,1961,46,aclnnMatmul_MatMulCommon_MatMulV2,MatMulV2,dynamic,AI_CORE,1790168622677016.342	,19.981,40.490000,22,0,NO,"""1,896;9728,896""",DT_BF16;DT_BF16,ND;ND,"""1,9728""",DT_BF16,ND,N/A
0,4294967295,1962,46,SwiGlu,SwiGlu,dynamic,AI_VECTOR_CORE,1790168622677049.084	,3.100,12.769000,1,0,NO,"""1,9728""",DT_BF16,ND,"""1,4864""",DT_BF16,ND,N/A
0,4294967295,1963,46,aclnnMatmul_MatMulCommon_MatMulV2,MatMulV2,dynamic,AI_CORE,1790168622677074.145	,16.280,22.150000,19,0,NO,"""1,4864;896,4864""",DT_BF16;DT_BF16,ND;ND,"""1,896""",DT_BF16,ND,N/A
0,4294967295,1964,46,AddRmsNormBias,AddRmsNormBias,dynamic,AI_VECTOR_CORE,1790168622677151.008	,1.660,60.470000,1,0,NO,"""1,896;1,896;896;""",DT_BF16;DT_BF16;DT_BF16;DT_UNDEFINED,ND;ND;ND;NULL,"""1,896;1,1;1,896""",DT_BF16;FLOAT;DT_BF16,ND;ND;ND,N/A
0,4294967295,1965,46,aclnnAddmm_CastAiCore_Cast,Cast,dynamic,AI_VECTOR_CORE,1790168622677189.089	,1.080,36.340000,2,0,NO,"""1152""",DT_BF16,ND,"""1152""",FLOAT,ND,N/A
0,4294967295,1966,46,aclnnAddmm_MatMulCommon_MatMulV2,MatMulV2,dynamic,AI_CORE,1790168622677192.149	,6.961,2.170000,24,0,NO,"""1,896;1152,896;1152""",DT_BF16;DT_BF16;FLOAT,ND;ND;ND,"""1,1152""",DT_BF16,ND,N/A
0,4294967295,1967,46,_triton_rope,_triton_rope,static,AI_VECTOR_CORE,1790168622677423.739	,2.840,224.539000,1,0,YES,"""1,14,64;1,2,64;32768,64""",DT_BF16;32551;DT_BF16,ND;ND;ND,"""1,14,64;1,2,64""",DT_BF16;32551,ND;ND,N/A
0,4294967295,1968,46,ReshapeAndCacheNdKernel,ReshapeAndCacheNdKernel,dynamic,AI_VECTOR_CORE,1790168622677770.153	,1.580,343.660000,1,0,NO,"""1,2,64;1,2,64;2,128,2,64;2,128,2,64;1""",DT_BF16;DT_BF16;DT_BF16;DT_BF16;INT32,ND;ND;ND;ND;ND,"""2,128,2,64;2,128,2,64""",DT_BF16;DT_BF16,ND;ND,N/A
0,4294967295,1969,46,FusedInferAttentionScore,FusedInferAttentionScore,dynamic,MIX_AIC,1790168622678104.806	,21.841,332.920000,24,48,NO,"""1,14,64;2,128,128;2,128,128;;2048,2048;1;1;;;;;;;;1,1;;;;;;;;;;;;;;;;""",DT_BF16;DT_BF16;DT_BF16;DT_UNDEFINED;INT8;INT64;INT64;DT_UNDEFINED;DT_UNDEFINED;DT_UNDEFINED;DT_UNDEFINED;DT_UNDEFINED;DT_UNDEFINED;DT_UNDEFINED;INT32;DT_UNDEFINED;DT_UNDEFINED;DT_UNDEFINED;DT_UNDEFINED;DT_UNDEFINED;DT_UNDEFINED;DT_UNDEFINED;DT_UNDEFINED;DT_UNDEFINED;DT_UNDEFINED;DT_UNDEFINED;DT_UNDEFINED;DT_UNDEFINED;DT_UNDEFINED;DT_UNDEFINED;DT_UNDEFINED,ND;ND;ND;NULL;ND;ND;ND;NULL;NULL;NULL;NULL;NULL;NULL;NULL;ND;NULL;NULL;NULL;NULL;NULL;NULL;NULL;NULL;NULL;NULL;NULL;NULL;NULL;NULL;NULL;NULL,"""1,14,64;""",DT_BF16;FLOAT,ND;ND,0
0,4294967295,1971,46,aclnnMatmul_MatMulCommon_MatMulV2,MatMulV2,dynamic,AI_CORE,1790168622678362.636	,5.520,236.159000,19,0,NO,"""1,896;896,896""",DT_BF16;DT_BF16,ND;ND,"""1,896""",DT_BF16,ND,N/A
0,4294967295,1972,46,AddRmsNormBias,AddRmsNormBias,dynamic,AI_VECTOR_CORE,1790168622678429.939	,1.740,61.730000,1,0,NO,"""1,896;1,896;896;""",DT_BF16;DT_BF16;DT_BF16;DT_UNDEFINED,ND;ND;ND;NULL,"""1,896;1,1;1,896""",DT_BF16;FLOAT;DT_BF16,ND;ND;ND,N/A
0,4294967295,1973,46,aclnnMatmul_MatMulCommon_MatMulV2,MatMulV2,dynamic,AI_CORE,1790168622678473.281	,19.480,41.510000,22,0,NO,"""1,896;9728,896""",DT_BF16;DT_BF16,ND;ND,"""1,9728""",DT_BF16,ND,N/A
0,4294967295,1974,46,SwiGlu,SwiGlu,dynamic,AI_VECTOR_CORE,1790168622678506.442	,3.120,13.770000,1,0,NO,"""1,9728""",DT_BF16,ND,"""1,4864""",DT_BF16,ND,N/A
0,4294967295,1975,46,aclnnMatmul_MatMulCommon_MatMulV2,MatMulV2,dynamic,AI_CORE,1790168622678536.683	,16.361,27.130000,19,0,NO,"""1,4864;896,4864""",DT_BF16;DT_BF16,ND;ND,"""1,896""",DT_BF16,ND,N/A
0,4294967295,1976,46,AddRmsNormBias,AddRmsNormBias,dynamic,AI_VECTOR_CORE,1790168622678591.365	,1.720,38.139000,1,0,NO,"""1,896;1,896;896;""",DT_BF16;DT_BF16;DT_BF16;DT_UNDEFINED,ND;ND;ND;NULL,"""1,896;1,1;1,896""",DT_BF16;FLOAT;DT_BF16,ND;ND;ND,N/A
0,4294967295,1977,46,aclnnAddmm_CastAiCore_Cast,Cast,dynamic,AI_VECTOR_CORE,1790168622678629.947	,1.200,37.030000,2,0,NO,"""1152""",DT_BF16,ND,"""1152""",FLOAT,ND,N/A
0,4294967295,1978,46,aclnnAddmm_MatMulCommon_MatMulV2,MatMulV2,dynamic,AI_CORE,1790168622678632.327	,7.380,1.050000,24,0,NO,"""1,896;1152,896;1152""",DT_BF16;DT_BF16;FLOAT,ND;ND;ND,"""1,1152""",DT_BF16,ND,N/A
0,4294967295,1979,46,_triton_rope,_triton_rope,static,AI_VECTOR_CORE,1790168622678864.676	,2.980,225.120000,1,0,YES,"""1,14,64;1,2,64;32768,64""",DT_BF16;32551;DT_BF16,ND;ND;ND,"""1,14,64;1,2,64""",DT_BF16;32551,ND;ND,N/A
0,4294967295,1980,46,ReshapeAndCacheNdKernel,ReshapeAndCacheNdKernel,dynamic,AI_VECTOR_CORE,1790168622679219.191	,1.580,351.520000,1,0,NO,"""1,2,64;1,2,64;2,128,2,64;2,128,2,64;1""",DT_BF16;DT_BF16;DT_BF16;DT_BF16;INT32,ND;ND;ND;ND;ND,"""2,128,2,64;2,128,2,64""",DT_BF16;DT_BF16,ND;ND,N/A
0,4294967295,1981,46,FusedInferAttentionScore,FusedInferAttentionScore,dynamic,MIX_AIC,1790168622679552.004	,22.201,331.170000,24,48,NO,"""1,14,64;2,128,128;2,128,128;;2048,2048;1;1;;;;;;;;1,1;;;;;;;;;;;;;;;;""",DT_BF16;DT_BF16;DT_BF16;DT_UNDEFINED;INT8;INT64;INT64;DT_UNDEFINED;DT_UNDEFINED;DT_UNDEFINED;DT_UNDEFINED;DT_UNDEFINED;DT_UNDEFINED;DT_UNDEFINED;INT32;DT_UNDEFINED;DT_UNDEFINED;DT_UNDEFINED;DT_UNDEFINED;DT_UNDEFINED;DT_UNDEFINED;DT_UNDEFINED;DT_UNDEFINED;DT_UNDEFINED;DT_UNDEFINED;DT_UNDEFINED;DT_UNDEFINED;DT_UNDEFINED;DT_UNDEFINED;DT_UNDEFINED;DT_UNDEFINED,ND;ND;ND;NULL;ND;ND;ND;NULL;NULL;NULL;NULL;NULL;NULL;NULL;ND;NULL;NULL;NULL;NULL;NULL;NULL;NULL;NULL;NULL;NULL;NULL;NULL;NULL;NULL;NULL;NULL,"""1,14,64;""",DT_BF16;FLOAT,ND;ND,0
0,4294967295,1983,46,aclnnMatmul_MatMulCommon_MatMulV2,MatMulV2,dynamic,AI_CORE,1790168622679800.014	,5.580,225.799000,19,0,NO,"""1,896;896,896""",DT_BF16;DT_BF16,ND;ND,"""1,896""",DT_BF16,ND,N/A
0,4294967295,1984,46,AddRmsNormBias,AddRmsNormBias,dynamic,AI_VECTOR_CORE,1790168622679869.797	,1.700,64.170000,1,0,NO,"""1,896;1,896;896;""",DT_BF16;DT_BF16;DT_BF16;DT_UNDEFINED,ND;ND;ND;NULL,"""1,896;1,1;1,896""",DT_BF16;FLOAT;DT_BF16,ND;ND;ND,N/A
0,4294967295,1985,46,aclnnMatmul_MatMulCommon_MatMulV2,MatMulV2,dynamic,AI_CORE,1790168622679910.858	,19.821,39.300000,22,0,NO,"""1,896;9728,896""",DT_BF16;DT_BF16,ND;ND,"""1,9728""",DT_BF16,ND,N/A
0,4294967295,1986,46,SwiGlu,SwiGlu,dynamic,AI_VECTOR_CORE,1790168622679940.399	,3.060,9.929000,1,0,NO,"""1,9728""",DT_BF16,ND,"""1,4864""",DT_BF16,ND,N/A
0,4294967295,1987,46,aclnnMatmul_MatMulCommon_MatMulV2,MatMulV2,dynamic,AI_CORE,1790168622679979.061	,16.321,35.440000,19,0,NO,"""1,4864;896,4864""",DT_BF16;DT_BF16,ND;ND,"""1,896""",DT_BF16,ND,N/A
0,4294967295,1988,46,AddRmsNormBias,AddRmsNormBias,dynamic,AI_VECTOR_CORE,1790168622680035.143	,1.640,39.929000,1,0,NO,"""1,896;1,896;896;""",DT_BF16;DT_BF16;DT_BF16;DT_UNDEFINED,ND;ND;ND;NULL,"""1,896;1,1;1,896""",DT_BF16;FLOAT;DT_BF16,ND;ND;ND,N/A
0,4294967295,1989,46,aclnnAddmm_CastAiCore_Cast,Cast,dynamic,AI_VECTOR_CORE,1790168622680082.425	,1.260,45.610000,2,0,NO,"""1152""",DT_BF16,ND,"""1152""",FLOAT,ND,N/A
0,4294967295,1990,46,aclnnAddmm_MatMulCommon_MatMulV2,MatMulV2,dynamic,AI_CORE,1790168622680085.005	,6.880,1.240000,24,0,NO,"""1,896;1152,896;1152""",DT_BF16;DT_BF16;FLOAT,ND;ND;ND,"""1,1152""",DT_BF16,ND,N/A
0,4294967295,1991,46,_triton_rope,_triton_rope,static,AI_VECTOR_CORE,1790168622680310.574	,2.860,218.620000,1,0,YES,"""1,14,64;1,2,64;32768,64""",DT_BF16;32551;DT_BF16,ND;ND;ND,"""1,14,64;1,2,64""",DT_BF16;32551,ND;ND,N/A
0,4294967295,1992,46,ReshapeAndCacheNdKernel,ReshapeAndCacheNdKernel,dynamic,AI_VECTOR_CORE,1790168622680677.809	,1.580,364.390000,1,0,NO,"""1,2,64;1,2,64;2,128,2,64;2,128,2,64;1""",DT_BF16;DT_BF16;DT_BF16;DT_BF16;INT32,ND;ND;ND;ND;ND,"""2,128,2,64;2,128,2,64""",DT_BF16;DT_BF16,ND;ND,N/A
0,4294967295,1993,46,FusedInferAttentionScore,FusedInferAttentionScore,dynamic,MIX_AIC,1790168622681015.202	,19.941,335.920000,24,48,NO,"""1,14,64;2,128,128;2,128,128;;2048,2048;1;1;;;;;;;;1,1;;;;;;;;;;;;;;;;""",DT_BF16;DT_BF16;DT_BF16;DT_UNDEFINED;INT8;INT64;INT64;DT_UNDEFINED;DT_UNDEFINED;DT_UNDEFINED;DT_UNDEFINED;DT_UNDEFINED;DT_UNDEFINED;DT_UNDEFINED;INT32;DT_UNDEFINED;DT_UNDEFINED;DT_UNDEFINED;DT_UNDEFINED;DT_UNDEFINED;DT_UNDEFINED;DT_UNDEFINED;DT_UNDEFINED;DT_UNDEFINED;DT_UNDEFINED;DT_UNDEFINED;DT_UNDEFINED;DT_UNDEFINED;DT_UNDEFINED;DT_UNDEFINED;DT_UNDEFINED,ND;ND;ND;NULL;ND;ND;ND;NULL;NULL;NULL;NULL;NULL;NULL;NULL;ND;NULL;NULL;NULL;NULL;NULL;NULL;NULL;NULL;NULL;NULL;NULL;NULL;NULL;NULL;NULL;NULL,"""1,14,64;""",DT_BF16;FLOAT,ND;ND,0
0,4294967295,1995,46,aclnnMatmul_MatMulCommon_MatMulV2,MatMulV2,dynamic,AI_CORE,1790168622681299.274	,5.580,264.059000,19,0,NO,"""1,896;896,896""",DT_BF16;DT_BF16,ND;ND,"""1,896""",DT_BF16,ND,N/A
0,4294967295,1996,46,AddRmsNormBias,AddRmsNormBias,dynamic,AI_VECTOR_CORE,1790168622681362.336	,1.780,57.420000,1,0,NO,"""1,896;1,896;896;""",DT_BF16;DT_BF16;DT_BF16;DT_UNDEFINED,ND;ND;ND;NULL,"""1,896;1,1;1,896""",DT_BF16;FLOAT;DT_BF16,ND;ND;ND,N/A
0,4294967295,1997,46,aclnnMatmul_MatMulCommon_MatMulV2,MatMulV2,dynamic,AI_CORE,1790168622681403.538	,19.321,39.470000,22,0,NO,"""1,896;9728,896""",DT_BF16;DT_BF16,ND;ND,"""1,9728""",DT_BF16,ND,N/A
0,4294967295,1998,46,SwiGlu,SwiGlu,dynamic,AI_VECTOR_CORE,1790168622681442.939	,3.041,20.179000,1,0,NO,"""1,9728""",DT_BF16,ND,"""1,4864""",DT_BF16,ND,N/A
0,4294967295,1999,46,aclnnMatmul_MatMulCommon_MatMulV2,MatMulV2,dynamic,AI_CORE,1790168622681469.020	,16.181,22.959000,19,0,NO,"""1,4864;896,4864""",DT_BF16;DT_BF16,ND;ND,"""1,896""",DT_BF16,ND,N/A
0,4294967295,2000,46,AddRmsNormBias,AddRmsNormBias,dynamic,AI_VECTOR_CORE,1790168622681526.543	,1.940,41.319000,1,0,NO,"""1,896;1,896;896;""",DT_BF16;DT_BF16;DT_BF16;DT_UNDEFINED,ND;ND;ND;NULL,"""1,896;1,1;1,896""",DT_BF16;FLOAT;DT_BF16,ND;ND;ND,N/A
0,4294967295,2001,46,aclnnAddmm_CastAiCore_Cast,Cast,dynamic,AI_VECTOR_CORE,1790168622681564.464	,1.200,36.060000,2,0,NO,"""1152""",DT_BF16,ND,"""1152""",FLOAT,ND,N/A
0,4294967295,2002,46,aclnnAddmm_MatMulCommon_MatMulV2,MatMulV2,dynamic,AI_CORE,1790168622681569.064	,7.461,3.300000,24,0,NO,"""1,896;1152,896;1152""",DT_BF16;DT_BF16;FLOAT,ND;ND;ND,"""1,1152""",DT_BF16,ND,N/A
0,4294967295,2003,46,_triton_rope,_triton_rope,static,AI_VECTOR_CORE,1790168622681806.854	,3.220,230.289000,1,0,YES,"""1,14,64;1,2,64;32768,64""",DT_BF16;32551;DT_BF16,ND;ND;ND,"""1,14,64;1,2,64""",DT_BF16;32551,ND;ND,N/A
0,4294967295,2004,46,ReshapeAndCacheNdKernel,ReshapeAndCacheNdKernel,dynamic,AI_VECTOR_CORE,1790168622682153.388	,1.640,343.530000,1,0,NO,"""1,2,64;1,2,64;2,128,2,64;2,128,2,64;1""",DT_BF16;DT_BF16;DT_BF16;DT_BF16;INT32,ND;ND;ND;ND;ND,"""2,128,2,64;2,128,2,64""",DT_BF16;DT_BF16,ND;ND,N/A
0,4294967295,2005,46,FusedInferAttentionScore,FusedInferAttentionScore,dynamic,MIX_AIC,1790168622682495.041	,21.401,339.860000,24,48,NO,"""1,14,64;2,128,128;2,128,128;;2048,2048;1;1;;;;;;;;1,1;;;;;;;;;;;;;;;;""",DT_BF16;DT_BF16;DT_BF16;DT_UNDEFINED;INT8;INT64;INT64;DT_UNDEFINED;DT_UNDEFINED;DT_UNDEFINED;DT_UNDEFINED;DT_UNDEFINED;DT_UNDEFINED;DT_UNDEFINED;INT32;DT_UNDEFINED;DT_UNDEFINED;DT_UNDEFINED;DT_UNDEFINED;DT_UNDEFINED;DT_UNDEFINED;DT_UNDEFINED;DT_UNDEFINED;DT_UNDEFINED;DT_UNDEFINED;DT_UNDEFINED;DT_UNDEFINED;DT_UNDEFINED;DT_UNDEFINED;DT_UNDEFINED;DT_UNDEFINED,ND;ND;ND;NULL;ND;ND;ND;NULL;NULL;NULL;NULL;NULL;NULL;NULL;ND;NULL;NULL;NULL;NULL;NULL;NULL;NULL;NULL;NULL;NULL;NULL;NULL;NULL;NULL;NULL;NULL,"""1,14,64;""",DT_BF16;FLOAT,ND;ND,0
0,4294967295,2007,46,aclnnMatmul_MatMulCommon_MatMulV2,MatMulV2,dynamic,AI_CORE,1790168622682738.571	,5.580,222.099000,19,0,NO,"""1,896;896,896""",DT_BF16;DT_BF16,ND;ND,"""1,896""",DT_BF16,ND,N/A
0,4294967295,2008,46,AddRmsNormBias,AddRmsNormBias,dynamic,AI_VECTOR_CORE,1790168622682809.314	,1.940,65.170000,1,0,NO,"""1,896;1,896;896;""",DT_BF16;DT_BF16;DT_BF16;DT_UNDEFINED,ND;ND;ND;NULL,"""1,896;1,1;1,896""",DT_BF16;FLOAT;DT_BF16,ND;ND;ND,N/A
0,4294967295,2009,46,aclnnMatmul_MatMulCommon_MatMulV2,MatMulV2,dynamic,AI_CORE,1790168622682853.196	,19.341,42.060000,22,0,NO,"""1,896;9728,896""",DT_BF16;DT_BF16,ND;ND,"""1,9728""",DT_BF16,ND,N/A
0,4294967295,2010,46,SwiGlu,SwiGlu,dynamic,AI_VECTOR_CORE,1790168622682883.677	,4.420,11.159000,1,0,NO,"""1,9728""",DT_BF16,ND,"""1,4864""",DT_BF16,ND,N/A
0,4294967295,2011,46,aclnnMatmul_MatMulCommon_MatMulV2,MatMulV2,dynamic,AI_CORE,1790168622682917.338	,16.441,29.080000,19,0,NO,"""1,4864;896,4864""",DT_BF16;DT_BF16,ND;ND,"""1,896""",DT_BF16,ND,N/A
0,4294967295,2012,46,AddRmsNormBias,AddRmsNormBias,dynamic,AI_VECTOR_CORE,1790168622682974.321	,1.660,40.559000,1,0,NO,"""1,896;1,896;896;""",DT_BF16;DT_BF16;DT_BF16;DT_UNDEFINED,ND;ND;ND;NULL,"""1,896;1,1;1,896""",DT_BF16;FLOAT;DT_BF16,ND;ND;ND,N/A
0,4294967295,2013,46,aclnnAddmm_CastAiCore_Cast,Cast,dynamic,AI_VECTOR_CORE,1790168622683017.242	,1.120,41.340000,2,0,NO,"""1152""",DT_BF16,ND,"""1152""",FLOAT,ND,N/A
0,4294967295,2014,46,aclnnAddmm_MatMulCommon_MatMulV2,MatMulV2,dynamic,AI_CORE,1790168622683019.862	,7.161,1.380000,24,0,NO,"""1,896;1152,896;1152""",DT_BF16;DT_BF16;FLOAT,ND;ND;ND,"""1,1152""",DT_BF16,ND,N/A
0,4294967295,2015,46,_triton_rope,_triton_rope,static,AI_VECTOR_CORE,1790168622683250.612	,2.840,223.589000,1,0,YES,"""1,14,64;1,2,64;32768,64""",DT_BF16;32551;DT_BF16,ND;ND;ND,"""1,14,64;1,2,64""",DT_BF16;32551,ND;ND,N/A
0,4294967295,2016,46,ReshapeAndCacheNdKernel,ReshapeAndCacheNdKernel,dynamic,AI_VECTOR_CORE,1790168622683613.146	,1.580,359.910000,1,0,NO,"""1,2,64;1,2,64;2,128,2,64;2,128,2,64;1""",DT_BF16;DT_BF16;DT_BF16;DT_BF16;INT32,ND;ND;ND;ND;ND,"""2,128,2,64;2,128,2,64""",DT_BF16;DT_BF16,ND;ND,N/A
0,4294967295,2017,46,FusedInferAttentionScore,FusedInferAttentionScore,dynamic,MIX_AIC,1790168622683948.940	,18.880,334.170000,24,48,NO,"""1,14,64;2,128,128;2,128,128;;2048,2048;1;1;;;;;;;;1,1;;;;;;;;;;;;;;;;""",DT_BF16;DT_BF16;DT_BF16;DT_UNDEFINED;INT8;INT64;INT64;DT_UNDEFINED;DT_UNDEFINED;DT_UNDEFINED;DT_UNDEFINED;DT_UNDEFINED;DT_UNDEFINED;DT_UNDEFINED;INT32;DT_UNDEFINED;DT_UNDEFINED;DT_UNDEFINED;DT_UNDEFINED;DT_UNDEFINED;DT_UNDEFINED;DT_UNDEFINED;DT_UNDEFINED;DT_UNDEFINED;DT_UNDEFINED;DT_UNDEFINED;DT_UNDEFINED;DT_UNDEFINED;DT_UNDEFINED;DT_UNDEFINED;DT_UNDEFINED,ND;ND;ND;NULL;ND;ND;ND;NULL;NULL;NULL;NULL;NULL;NULL;NULL;ND;NULL;NULL;NULL;NULL;NULL;NULL;NULL;NULL;NULL;NULL;NULL;NULL;NULL;NULL;NULL;NULL,"""1,14,64;""",DT_BF16;FLOAT,ND;ND,0
0,4294967295,2019,46,aclnnMatmul_MatMulCommon_MatMulV2,MatMulV2,dynamic,AI_CORE,1790168622684222.871	,5.380,254.870000,19,0,NO,"""1,896;896,896""",DT_BF16;DT_BF16,ND;ND,"""1,896""",DT_BF16,ND,N/A
0,4294967295,2020,46,AddRmsNormBias,AddRmsNormBias,dynamic,AI_VECTOR_CORE,1790168622684290.333	,1.720,62.120000,1,0,NO,"""1,896;1,896;896;""",DT_BF16;DT_BF16;DT_BF16;DT_UNDEFINED,ND;ND;ND;NULL,"""1,896;1,1;1,896""",DT_BF16;FLOAT;DT_BF16,ND;ND;ND,N/A
0,4294967295,2021,46,aclnnMatmul_MatMulCommon_MatMulV2,MatMulV2,dynamic,AI_CORE,1790168622684333.075	,19.541,41.030000,22,0,NO,"""1,896;9728,896""",DT_BF16;DT_BF16,ND;ND,"""1,9728""",DT_BF16,ND,N/A
0,4294967295,2022,46,SwiGlu,SwiGlu,dynamic,AI_VECTOR_CORE,1790168622684363.756	,3.160,11.209000,1,0,NO,"""1,9728""",DT_BF16,ND,"""1,4864""",DT_BF16,ND,N/A
0,4294967295,2023,46,aclnnMatmul_MatMulCommon_MatMulV2,MatMulV2,dynamic,AI_CORE,1790168622684394.917	,16.221,28.090000,19,0,NO,"""1,4864;896,4864""",DT_BF16;DT_BF16,ND;ND,"""1,896""",DT_BF16,ND,N/A
0,4294967295,2024,46,AddRmsNormBias,AddRmsNormBias,dynamic,AI_VECTOR_CORE,1790168622684463.060	,1.780,51.779000,1,0,NO,"""1,896;1,896;896;""",DT_BF16;DT_BF16;DT_BF16;DT_UNDEFINED,ND;ND;ND;NULL,"""1,896;1,1;1,896""",DT_BF16;FLOAT;DT_BF16,ND;ND;ND,N/A
0,4294967295,2025,46,aclnnAddmm_CastAiCore_Cast,Cast,dynamic,AI_VECTOR_CORE,1790168622684493.041	,1.200,28.220000,2,0,NO,"""1152""",DT_BF16,ND,"""1152""",FLOAT,ND,N/A
0,4294967295,2026,46,aclnnAddmm_MatMulCommon_MatMulV2,MatMulV2,dynamic,AI_CORE,1790168622684497.682	,6.760,3.550000,24,0,NO,"""1,896;1152,896;1152""",DT_BF16;DT_BF16;FLOAT,ND;ND;ND,"""1,1152""",DT_BF16,ND,N/A
0,4294967295,2027,46,_triton_rope,_triton_rope,static,AI_VECTOR_CORE,1790168622684727.031	,3.300,222.490000,1,0,YES,"""1,14,64;1,2,64;32768,64""",DT_BF16;32551;DT_BF16,ND;ND;ND,"""1,14,64;1,2,64""",DT_BF16;32551,ND;ND,N/A
0,4294967295,2028,46,ReshapeAndCacheNdKernel,ReshapeAndCacheNdKernel,dynamic,AI_VECTOR_CORE,1790168622685070.904	,1.541,340.700000,1,0,NO,"""1,2,64;1,2,64;2,128,2,64;2,128,2,64;1""",DT_BF16;DT_BF16;DT_BF16;DT_BF16;INT32,ND;ND;ND;ND;ND,"""2,128,2,64;2,128,2,64""",DT_BF16;DT_BF16,ND;ND,N/A
0,4294967295,2029,46,FusedInferAttentionScore,FusedInferAttentionScore,dynamic,MIX_AIC,1790168622685415.458	,19.801,342.959000,24,48,NO,"""1,14,64;2,128,128;2,128,128;;2048,2048;1;1;;;;;;;;1,1;;;;;;;;;;;;;;;;""",DT_BF16;DT_BF16;DT_BF16;DT_UNDEFINED;INT8;INT64;INT64;DT_UNDEFINED;DT_UNDEFINED;DT_UNDEFINED;DT_UNDEFINED;DT_UNDEFINED;DT_UNDEFINED;DT_UNDEFINED;INT32;DT_UNDEFINED;DT_UNDEFINED;DT_UNDEFINED;DT_UNDEFINED;DT_UNDEFINED;DT_UNDEFINED;DT_UNDEFINED;DT_UNDEFINED;DT_UNDEFINED;DT_UNDEFINED;DT_UNDEFINED;DT_UNDEFINED;DT_UNDEFINED;DT_UNDEFINED;DT_UNDEFINED;DT_UNDEFINED,ND;ND;ND;NULL;ND;ND;ND;NULL;NULL;NULL;NULL;NULL;NULL;NULL;ND;NULL;NULL;NULL;NULL;NULL;NULL;NULL;NULL;NULL;NULL;NULL;NULL;NULL;NULL;NULL;NULL,"""1,14,64;""",DT_BF16;FLOAT,ND;ND,0
0,4294967295,2031,46,aclnnMatmul_MatMulCommon_MatMulV2,MatMulV2,dynamic,AI_CORE,1790168622685678.329	,5.380,242.949000,19,0,NO,"""1,896;896,896""",DT_BF16;DT_BF16,ND;ND,"""1,896""",DT_BF16,ND,N/A
0,4294967295,2032,46,AddRmsNormBias,AddRmsNormBias,dynamic,AI_VECTOR_CORE,1790168622685753.852	,1.700,70.120000,1,0,NO,"""1,896;1,896;896;""",DT_BF16;DT_BF16;DT_BF16;DT_UNDEFINED,ND;ND;ND;NULL,"""1,896;1,1;1,896""",DT_BF16;FLOAT;DT_BF16,ND;ND;ND,N/A
0,4294967295,2033,46,aclnnMatmul_MatMulCommon_MatMulV2,MatMulV2,dynamic,AI_CORE,1790168622685796.333	,19.481,40.800000,22,0,NO,"""1,896;9728,896""",DT_BF16;DT_BF16,ND;ND,"""1,9728""",DT_BF16,ND,N/A
0,4294967295,2034,46,SwiGlu,SwiGlu,dynamic,AI_VECTOR_CORE,1790168622685825.555	,3.060,9.769000,1,0,NO,"""1,9728""",DT_BF16,ND,"""1,4864""",DT_BF16,ND,N/A
0,4294967295,2035,46,aclnnMatmul_MatMulCommon_MatMulV2,MatMulV2,dynamic,AI_CORE,1790168622685847.996	,16.580,19.440000,19,0,NO,"""1,4864;896,4864""",DT_BF16;DT_BF16,ND;ND,"""1,896""",DT_BF16,ND,N/A
0,4294967295,2036,46,AddRmsNormBias,AddRmsNormBias,dynamic,AI_VECTOR_CORE,1790168622685913.938	,1.680,49.420000,1,0,NO,"""1,896;1,896;896;""",DT_BF16;DT_BF16;DT_BF16;DT_UNDEFINED,ND;ND;ND;NULL,"""1,896;1,1;1,896""",DT_BF16;FLOAT;DT_BF16,ND;ND;ND,N/A
0,4294967295,2037,46,aclnnAddmm_CastAiCore_Cast,Cast,dynamic,AI_VECTOR_CORE,1790168622685952.280	,1.160,36.570000,2,0,NO,"""1152""",DT_BF16,ND,"""1152""",FLOAT,ND,N/A
0,4294967295,2038,46,aclnnAddmm_MatMulCommon_MatMulV2,MatMulV2,dynamic,AI_CORE,1790168622685954.680	,7.460,1.340000,24,0,NO,"""1,896;1152,896;1152""",DT_BF16;DT_BF16;FLOAT,ND;ND;ND,"""1,1152""",DT_BF16,ND,N/A
0,4294967295,2039,46,_triton_rope,_triton_rope,static,AI_VECTOR_CORE,1790168622686183.849	,3.020,221.540000,1,0,YES,"""1,14,64;1,2,64;32768,64""",DT_BF16;32551;DT_BF16,ND;ND;ND,"""1,14,64;1,2,64""",DT_BF16;32551,ND;ND,N/A
0,4294967295,2040,46,ReshapeAndCacheNdKernel,ReshapeAndCacheNdKernel,dynamic,AI_VECTOR_CORE,1790168622686538.623	,1.580,351.730000,1,0,NO,"""1,2,64;1,2,64;2,128,2,64;2,128,2,64;1""",DT_BF16;DT_BF16;DT_BF16;DT_BF16;INT32,ND;ND;ND;ND;ND,"""2,128,2,64;2,128,2,64""",DT_BF16;DT_BF16,ND;ND,N/A
0,4294967295,2041,46,FusedInferAttentionScore,FusedInferAttentionScore,dynamic,MIX_AIC,1790168622686876.617	,20.840,336.420000,24,48,NO,"""1,14,64;2,128,128;2,128,128;;2048,2048;1;1;;;;;;;;1,1;;;;;;;;;;;;;;;;""",DT_BF16;DT_BF16;DT_BF16;DT_UNDEFINED;INT8;INT64;INT64;DT_UNDEFINED;DT_UNDEFINED;DT_UNDEFINED;DT_UNDEFINED;DT_UNDEFINED;DT_UNDEFINED;DT_UNDEFINED;INT32;DT_UNDEFINED;DT_UNDEFINED;DT_UNDEFINED;DT_UNDEFINED;DT_UNDEFINED;DT_UNDEFINED;DT_UNDEFINED;DT_UNDEFINED;DT_UNDEFINED;DT_UNDEFINED;DT_UNDEFINED;DT_UNDEFINED;DT_UNDEFINED;DT_UNDEFINED;DT_UNDEFINED;DT_UNDEFINED,ND;ND;ND;NULL;ND;ND;ND;NULL;NULL;NULL;NULL;NULL;NULL;NULL;ND;NULL;NULL;NULL;NULL;NULL;NULL;NULL;NULL;NULL;NULL;NULL;NULL;NULL;NULL;NULL;NULL,"""1,14,64;""",DT_BF16;FLOAT,ND;ND,0
0,4294967295,2043,46,aclnnMatmul_MatMulCommon_MatMulV2,MatMulV2,dynamic,AI_CORE,1790168622687124.967	,5.540,227.660000,19,0,NO,"""1,896;896,896""",DT_BF16;DT_BF16,ND;ND,"""1,896""",DT_BF16,ND,N/A
0,4294967295,2044,46,AddRmsNormBias,AddRmsNormBias,dynamic,AI_VECTOR_CORE,1790168622687189.649	,1.800,59.210000,1,0,NO,"""1,896;1,896;896;""",DT_BF16;DT_BF16;DT_BF16;DT_UNDEFINED,ND;ND;ND;NULL,"""1,896;1,1;1,896""",DT_BF16;FLOAT;DT_BF16,ND;ND;ND,N/A
0,4294967295,2045,46,aclnnMatmul_MatMulCommon_MatMulV2,MatMulV2,dynamic,AI_CORE,1790168622687231.611	,19.081,39.950000,22,0,NO,"""1,896;9728,896""",DT_BF16;DT_BF16,ND;ND,"""1,9728""",DT_BF16,ND,N/A
0,4294967295,2046,46,SwiGlu,SwiGlu,dynamic,AI_VECTOR_CORE,1790168622687267.752	,3.160,17.169000,1,0,NO,"""1,9728""",DT_BF16,ND,"""1,4864""",DT_BF16,ND,N/A
0,4294967295,2047,46,aclnnMatmul_MatMulCommon_MatMulV2,MatMulV2,dynamic,AI_CORE,1790168622687303.034	,16.380,32.090000,19,0,NO,"""1,4864;896,4864""",DT_BF16;DT_BF16,ND;ND,"""1,896""",DT_BF16,ND,N/A
0,4294967295,2048,46,AddRmsNormBias,AddRmsNormBias,dynamic,AI_VECTOR_CORE,1790168622687361.696	,1.700,42.370000,1,0,NO,"""1,896;1,896;896;""",DT_BF16;DT_BF16;DT_BF16;DT_UNDEFINED,ND;ND;ND;NULL,"""1,896;1,1;1,896""",DT_BF16;FLOAT;DT_BF16,ND;ND;ND,N/A
0,4294967295,2049,46,aclnnIndex_IndexAiCore_Index,Index,dynamic,AI_VECTOR_CORE,1790168622687433.899	,8.520,70.550000,48,0,NO,"""1,896;1;2;1""",DT_BF16;INT64;INT64;INT32,ND;ND;ND;ND,"""1,896""",DT_BF16,ND,N/A
0,4294967295,2050,46,aclnnMatmul_MatMulCommon_MatMulV2,MatMulV2,dynamic,AI_CORE,1790168622687464.540	,219.909,21.980000,24,0,NO,"""1,896;151936,896""",DT_BF16;DT_BF16,ND;ND,"""1,151936""",DT_BF16,ND,N/A
0,4294967295,2051,46,aclnnInplaceCopy_CastAiCore_Cast,Cast,dynamic,AI_VECTOR_CORE,1790168622687946.459	,8.581,262.091000,48,0,NO,"""1,151936""",DT_BF16,ND,"""1,151936""",FLOAT,ND,N/A
0,4294967295,2054,46,aclnnEqScalar_EqualAiCore_Equal,Equal,dynamic,AI_VECTOR_CORE,1790168622688053.244	,2.540,98.169000,1,0,NO,"""1,1;""",INT64;INT64,ND;ND,"""1,1""",BOOL,ND,N/A
0,4294967295,2055,46,aclnnInplaceMaskedFillScalar_MaskedFillAiCpu_MaskedFill,MaskedFill,dynamic,AI_CPU,1790168622688114.306	,125.405,58.460000,0,0,NO,"""1,1;1,1;""",INT64;BOOL;INT64,ND;ND;ND,"""1,1""",INT64,ND,N/A
0,4294967295,2056,46,aclnnInplaceZero_ZerosLikeAiCore_ZerosLike,ZerosLike,dynamic,AI_VECTOR_CORE,1790168622688239.731	,8.420,0.095000,48,0,NO,"""1,151936""",INT32,ND,"""1,151936""",INT32,ND,N/A
0,4294967295,2057,46,token_bin_counts_and_mask_kernel,token_bin_counts_and_mask_kernel,static,AI_VECTOR_CORE,1790168622688293.213	,60.883,45.080000,1,0,NO,"""1,126;1,151936""",INT64;FLOAT,ND;ND,"""1,151936""",FLOAT,ND,N/A
0,4294967295,2058,46,aclnnGtScalar_CastAiCore_Cast,Cast,dynamic,AI_VECTOR_CORE,1790168622688354.116	,9.200,0.000000,48,0,NO,"""1,151936""",INT32,ND,"""1,151936""",INT64,ND,N/A
0,4294967295,2059,46,aclnnGtScalar_GreaterAiCore_Greater,Greater,dynamic,AI_VECTOR_CORE,1790168622688363.336	,16.121,0.050000,48,0,NO,"""1,151936;""",INT64;INT64,ND;ND,"""1,151936""",BOOL,ND,N/A
0,4294967295,2060,46,aclnnInplaceZero_ZerosLikeAiCore_ZerosLike,ZerosLike,dynamic,AI_VECTOR_CORE,1790168622688379.477	,2.580,0.129000,48,0,NO,"""1,151936""",INT32,ND,"""1,151936""",INT32,ND,N/A
0,4294967295,2061,46,token_bin_counts_and_mask_kernel,token_bin_counts_and_mask_kernel,static,AI_VECTOR_CORE,1790168622688463.360	,57.042,81.170000,1,0,NO,"""1,1;1,151936""",INT64;FLOAT,ND;ND,"""1,151936""",FLOAT,ND,N/A
0,4294967295,2062,46,aclnnGtScalar_CastAiCore_Cast,Cast,dynamic,AI_VECTOR_CORE,1790168622688520.422	,2.580,0.208000,48,0,NO,"""1,151936""",INT32,ND,"""1,151936""",INT64,ND,N/A
0,4294967295,2063,46,aclnnGtScalar_GreaterAiCore_Greater,Greater,dynamic,AI_VECTOR_CORE,1790168622688523.042	,9.561,0.000000,48,0,NO,"""1,151936;""",INT64;INT64,ND;ND,"""1,151936""",BOOL,ND,N/A
0,4294967295,2064,46,apply_all_penalties_kernel,apply_all_penalties_kernel,static,AI_VECTOR_CORE,1790168622688654.668	,75.823,122.189000,1,0,YES,"""1,151936;1,151936;1,151936;1,151936""",FLOAT;BOOL;BOOL;INT32,ND;ND;ND;ND,"""1,151936""",FLOAT,ND,N/A
0,4294967295,2065,46,aclnnArgMax_ArgMaxV2AiCore_ArgMaxV2,ArgMaxV2,dynamic,AI_VECTOR_CORE,1790168622688730.511	,19.021,0.000000,1,0,NO,"""1,151936;""",FLOAT;INT64,ND;ND,"""1""",INT32,ND,N/A
0,4294967295,2066,46,aclnnArgMax_CastAiCore_Cast,Cast,dynamic,AI_VECTOR_CORE,1790168622688749.552	,0.940,0.000000,1,0,NO,"""1""",INT32,ND,"""1""",INT64,ND,N/A
0,4294967295,2067,46,aclnnInplaceCopy_CastAiCore_Cast,Cast,dynamic,AI_VECTOR_CORE,1790168622688750.512	,1.420,0.060000,1,0,NO,"""1""",INT64,ND,"""1""",INT32,ND,N/A
0,4294967295,2077,46,aclnnInplaceFillScalar_FillAiCore_Fill,Fill,dynamic,AI_VECTOR_CORE,1790168622697271.272	,1.140,8519.330000,1,0,NO,"""1;""",INT64;INT32,ND;ND,"""1""",INT32,ND,N/A
0,4294967295,2080,46,aclnnInplaceFillScalar_FillAiCore_Fill,Fill,dynamic,AI_VECTOR_CORE,1790168622697314.934	,1.080,42.610000,1,0,NO,"""1;""",INT64;INT32,ND;ND,"""1""",INT32,ND,N/A
0,4294967295,2085,46,aclnnIndex_IndexAiCore_Index,Index,dynamic,AI_VECTOR_CORE,1790168622697392.897	,12.801,76.920000,48,0,NO,"""1;1;1;126""",INT32;INT64;INT64;INT64,ND;ND;ND;ND,"""126""",INT32,ND,N/A
0,4294967295,2086,46,aclnnInplaceCopy_CastAiCore_Cast,Cast,dynamic,AI_VECTOR_CORE,1790168622697405.738	,1.280,0.000000,1,0,NO,"""126""",INT32,ND,"""126""",INT64,ND,N/A
0,4294967295,2087,46,aclnnAdd_AddAiCore_Add,Add,dynamic,AI_VECTOR_CORE,1790168622697423.578	,2.520,16.470000,1,0,NO,"""126;126""",INT64;INT64,ND;ND,"""126""",INT64,ND,N/A
0,4294967295,2089,46,aclnnAdd_AddAiCore_Add,Add,dynamic,AI_VECTOR_CORE,1790168622697463.240	,1.240,37.230000,1,0,NO,"""1;1""",INT32;INT32,ND;ND,"""1""",INT32,ND,N/A
0,4294967295,2091,46,_compute_slot_mapping_kernel,_compute_slot_mapping_kernel,static,AI_VECTOR_CORE,1790168622697665.428	,120.025,201.010000,2,0,YES,"""2;126;1,1""",3247430016;32551;INT32,ND;ND;ND,"""130""",INT64,ND,N/A
0,4294967295,2092,46,aclnnSubs_SubAiCore_Sub,Sub,dynamic,AI_VECTOR_CORE,1790168622697785.473	,1.200,0.000000,1,0,NO,"""1;""",INT32;INT32,ND;ND,"""1""",INT32,ND,N/A
0,4294967295,2094,46,aclnnIndexSelect_GatherV3AiCore_GatherV3,GatherV3,dynamic,AI_VECTOR_CORE,1790168622698213.810	,12.020,427.050000,48,0,NO,"""32768,64;126;1""",DT_BF16;INT64;INT64,ND;ND;ND,"""126,64""",DT_BF16,ND,N/A
0,4294967295,2095,46,aclnnRepeat_TileAiCore_Tile,Tile,dynamic,AI_VECTOR_CORE,1790168622698225.850	,9.981,0.000000,42,0,NO,"""126,2,32;3""",DT_BF16;INT64,NCL;ND,"""126,2,64""",DT_BF16,ND,N/A
0,4294967295,2096,46,aclnnInplaceCopy_SliceAiCore_Slice,Slice,dynamic,AI_VECTOR_CORE,1790168622698252.111	,3.661,16.269000,12,0,NO,"""126,128;2;2""",DT_BF16;INT64;INT64,NCHW;ND;ND,"""126,64""",DT_BF16,NCHW,N/A
0,4294967295,2097,46,aclnnIndexSelect_GatherV3AiCore_GatherV3,GatherV3,dynamic,AI_VECTOR_CORE,1790168622698255.792	,9.580,0.089000,48,0,NO,"""32768,64;126;1""",DT_BF16;INT64;INT64,ND;ND;ND,"""126,64""",DT_BF16,ND,N/A
0,4294967295,2098,46,aclnnRepeat_TileAiCore_Tile,Tile,dynamic,AI_VECTOR_CORE,1790168622698265.392	,5.120,0.170000,42,0,NO,"""126,2,32;3""",DT_BF16;INT64,NCL;ND,"""126,2,64""",DT_BF16,ND,N/A
0,4294967295,2099,46,aclnnInplaceCopy_SliceAiCore_Slice,Slice,dynamic,AI_VECTOR_CORE,1790168622698281.533	,2.320,10.880000,12,0,NO,"""126,128;2;2""",DT_BF16;INT64;INT64,NCHW;ND;ND,"""126,64""",DT_BF16,NCHW,N/A
0,4294967295,2100,46,aclnnInplaceCopy_CastAiCore_Cast,Cast,dynamic,AI_VECTOR_CORE,1790168622698596.585	,1.160,312.680000,1,0,NO,"""126""",INT32,ND,"""126""",INT64,ND,N/A
0,4294967295,2101,46,aclnnEmbedding_GatherV2AiCore_GatherV2,GatherV2,dynamic,AI_VECTOR_CORE,1790168622698611.546	,9.660,13.840000,42,0,NO,"""151936,896;126;1""",DT_BF16;INT64;INT64,ND;ND;ND,"""126,896""",DT_BF16,ND,N/A
0,4294967295,2102,46,RmsNorm,RmsNorm,dynamic,AI_VECTOR_CORE,1790168622698695.829	,17.261,74.590000,42,0,NO,"""126,896;896""",DT_BF16;DT_BF16,ND;ND,"""126,896;126,1""",DT_BF16;FLOAT,ND;ND,N/A
0,4294967295,2103,46,aclnnAddmm_CastAiCore_Cast,Cast,dynamic,AI_VECTOR_CORE,1790168622698749.371	,1.160,36.239000,2,0,NO,"""1152""",DT_BF16,ND,"""1152""",FLOAT,ND,N/A
0,4294967295,2104,46,aclnnAddmm_MatMulCommon_MatMulV2,MatMulV2,dynamic,AI_CORE,1790168622698751.991	,9.061,1.590000,24,0,NO,"""126,896;1152,896;1152""",DT_BF16;DT_BF16;FLOAT,ND;ND;ND,"""126,1152""",DT_BF16,ND,N/A
0,4294967295,2105,46,aclnnInplaceCopy_SliceAiCore_Slice,Slice,dynamic,AI_VECTOR_CORE,1790168622698816.774	,2.420,55.689000,12,0,NO,"""126,18,64;3;3""",DT_BF16;INT64;INT64,NCL;ND;ND,"""126,14,64""",DT_BF16,NCL,N/A
0,4294967295,2106,46,aclnnInplaceCopy_SliceAiCore_Slice,Slice,dynamic,AI_VECTOR_CORE,1790168622698819.214	,2.780,0.080000,12,0,NO,"""126,18,64;3;3""",DT_BF16;INT64;INT64,NCL;ND;ND,"""126,2,64""",DT_BF16,NCL,N/A
0,4294967295,2107,46,_triton_rope,_triton_rope,static,AI_VECTOR_CORE,1790168622699013.162	,13.800,191.220000,48,0,YES,"""126,14,64;126,2,64;32768,64""",DT_BF16;32551;DT_BF16,ND;ND;ND,"""126,14,64;126,2,64""",DT_BF16;32551,ND;ND,N/A
0,4294967295,2108,46,aclnnInplaceCopy_SliceAiCore_Slice,Slice,dynamic,AI_VECTOR_CORE,1790168622699432.919	,2.980,405.950000,12,0,NO,"""126,18,64;3;3""",DT_BF16;INT64;INT64,NCL;ND;ND,"""126,2,64""",DT_BF16,NCL,N/A
0,4294967295,2109,46,ReshapeAndCacheNdKernel,ReshapeAndCacheNdKernel,dynamic,AI_VECTOR_CORE,1790168622699487.701	,8.980,51.770000,48,0,NO,"""126,2,64;126,2,64;2,128,2,64;2,128,2,64;126""",DT_BF16;DT_BF16;DT_BF16;DT_BF16;INT32,ND;ND;ND;ND;ND,"""2,128,2,64;2,128,2,64""",DT_BF16;DT_BF16,ND;ND,N/A
0,4294967295,2110,46,aclnnContiguous_SliceAiCore_Slice,Slice,dynamic,AI_VECTOR_CORE,1790168622699815.134	,2.840,318.520000,12,0,NO,"""126,18,64;3;3""",DT_BF16;INT64;INT64,NCL;ND;ND,"""126,2,64""",DT_BF16,NCL,N/A
0,4294967295,2111,46,FusedInferAttentionScore,FusedInferAttentionScore,dynamic,MIX_AIC,1790168622699861.036	,30.501,42.910000,24,48,NO,"""126,14,64;126,2,64;126,2,64;;2048,2048;1;1;;;;;;;;;;;;;;;;;;;;;;;;""",DT_BF16;DT_BF16;DT_BF16;DT_UNDEFINED;INT8;INT64;INT64;DT_UNDEFINED;DT_UNDEFINED;DT_UNDEFINED;DT_UNDEFINED;DT_UNDEFINED;DT_UNDEFINED;DT_UNDEFINED;DT_UNDEFINED;DT_UNDEFINED;DT_UNDEFINED;DT_UNDEFINED;DT_UNDEFINED;DT_UNDEFINED;DT_UNDEFINED;DT_UNDEFINED;DT_UNDEFINED;DT_UNDEFINED;DT_UNDEFINED;DT_UNDEFINED;DT_UNDEFINED;DT_UNDEFINED;DT_UNDEFINED;DT_UNDEFINED;DT_UNDEFINED,ND;ND;ND;NULL;ND;ND;ND;NULL;NULL;NULL;NULL;NULL;NULL;NULL;NULL;NULL;NULL;NULL;NULL;NULL;NULL;NULL;NULL;NULL;NULL;NULL;NULL;NULL;NULL;NULL;NULL,"""126,14,64;""",DT_BF16;FLOAT,ND;ND,0
0,4294967295,2113,46,aclnnMatmul_MatMulCommon_MatMulV2,MatMulV2,dynamic,AI_CORE,1790168622700075.864	,7.741,184.249000,24,0,NO,"""126,896;896,896""",DT_BF16;DT_BF16,ND;ND,"""126,896""",DT_BF16,ND,N/A
0,4294967295,2114,46,AddRmsNormBias,AddRmsNormBias,dynamic,AI_VECTOR_CORE,1790168622700149.287	,16.241,65.759000,42,0,NO,"""126,896;126,896;896;""",DT_BF16;DT_BF16;DT_BF16;DT_UNDEFINED,ND;ND;ND;NULL,"""126,896;126,1;126,896""",DT_BF16;FLOAT;DT_BF16,ND;ND;ND,N/A
0,4294967295,2115,46,aclnnMatmul_MatMulCommon_MatMulV2,MatMulV2,dynamic,AI_CORE,1790168622700191.349	,23.721,25.759000,22,0,NO,"""126,896;9728,896""",DT_BF16;DT_BF16,ND;ND,"""126,9728""",DT_BF16,ND,N/A
0,4294967295,2116,46,SwiGlu,SwiGlu,dynamic,AI_VECTOR_CORE,1790168622700233.531	,17.340,18.529000,48,0,NO,"""126,9728""",DT_BF16,ND,"""126,4864""",DT_BF16,ND,N/A
0,4294967295,2117,46,aclnnMatmul_MatMulCommon_MatMulV2,MatMulV2,dynamic,AI_CORE,1790168622700258.852	,22.281,7.910000,24,0,NO,"""126,4864;896,4864""",DT_BF16;DT_BF16,ND;ND,"""126,896""",DT_BF16,ND,N/A
0,4294967295,2118,46,AddRmsNormBias,AddRmsNormBias,dynamic,AI_VECTOR_CORE,1790168622700319.774	,12.301,38.719000,42,0,NO,"""126,896;126,896;896;""",DT_BF16;DT_BF16;DT_BF16;DT_UNDEFINED,ND;ND;ND;NULL,"""126,896;126,1;126,896""",DT_BF16;FLOAT;DT_BF16,ND;ND;ND,N/A
0,4294967295,2119,46,aclnnAddmm_CastAiCore_Cast,Cast,dynamic,AI_VECTOR_CORE,1790168622700361.056	,1.180,28.949000,2,0,NO,"""1152""",DT_BF16,ND,"""1152""",FLOAT,ND,N/A
0,4294967295,2120,46,aclnnAddmm_MatMulCommon_MatMulV2,MatMulV2,dynamic,AI_CORE,1790168622700364.596	,9.060,2.320000,24,0,NO,"""126,896;1152,896;1152""",DT_BF16;DT_BF16;FLOAT,ND;ND;ND,"""126,1152""",DT_BF16,ND,N/A
0,4294967295,2121,46,aclnnInplaceCopy_SliceAiCore_Slice,Slice,dynamic,AI_VECTOR_CORE,1790168622700422.138	,2.940,48.690000,12,0,NO,"""126,18,64;3;3""",DT_BF16;INT64;INT64,NCL;ND;ND,"""126,14,64""",DT_BF16,NCL,N/A
0,4294967295,2122,46,aclnnInplaceCopy_SliceAiCore_Slice,Slice,dynamic,AI_VECTOR_CORE,1790168622700425.098	,2.860,0.000000,12,0,NO,"""126,18,64;3;3""",DT_BF16;INT64;INT64,NCL;ND;ND,"""126,2,64""",DT_BF16,NCL,N/A
0,4294967295,2123,46,_triton_rope,_triton_rope,static,AI_VECTOR_CORE,1790168622700616.246	,12.580,188.390000,48,0,YES,"""126,14,64;126,2,64;32768,64""",DT_BF16;32551;DT_BF16,ND;ND;ND,"""126,14,64;126,2,64""",DT_BF16;32551,ND;ND,N/A
0,4294967295,2124,46,aclnnInplaceCopy_SliceAiCore_Slice,Slice,dynamic,AI_VECTOR_CORE,1790168622700964.380	,2.820,335.670000,12,0,NO,"""126,18,64;3;3""",DT_BF16;INT64;INT64,NCL;ND;ND,"""126,2,64""",DT_BF16,NCL,N/A
0,4294967295,2125,46,ReshapeAndCacheNdKernel,ReshapeAndCacheNdKernel,dynamic,AI_VECTOR_CORE,1790168622700988.881	,9.340,21.680000,48,0,NO,"""126,2,64;126,2,64;2,128,2,64;2,128,2,64;126""",DT_BF16;DT_BF16;DT_BF16;DT_BF16;INT32,ND;ND;ND;ND;ND,"""2,128,2,64;2,128,2,64""",DT_BF16;DT_BF16,ND;ND,N/A
0,4294967295,2126,46,aclnnContiguous_SliceAiCore_Slice,Slice,dynamic,AI_VECTOR_CORE,1790168622701352.635	,2.881,354.410000,12,0,NO,"""126,18,64;3;3""",DT_BF16;INT64;INT64,NCL;ND;ND,"""126,2,64""",DT_BF16,NCL,N/A
0,4294967295,2127,46,FusedInferAttentionScore,FusedInferAttentionScore,dynamic,MIX_AIC,1790168622701378.296	,30.162,22.619000,24,48,NO,"""126,14,64;126,2,64;126,2,64;;2048,2048;1;1;;;;;;;;;;;;;;;;;;;;;;;;""",DT_BF16;DT_BF16;DT_BF16;DT_UNDEFINED;INT8;INT64;INT64;DT_UNDEFINED;DT_UNDEFINED;DT_UNDEFINED;DT_UNDEFINED;DT_UNDEFINED;DT_UNDEFINED;DT_UNDEFINED;DT_UNDEFINED;DT_UNDEFINED;DT_UNDEFINED;DT_UNDEFINED;DT_UNDEFINED;DT_UNDEFINED;DT_UNDEFINED;DT_UNDEFINED;DT_UNDEFINED;DT_UNDEFINED;DT_UNDEFINED;DT_UNDEFINED;DT_UNDEFINED;DT_UNDEFINED;DT_UNDEFINED;DT_UNDEFINED;DT_UNDEFINED,ND;ND;ND;NULL;ND;ND;ND;NULL;NULL;NULL;NULL;NULL;NULL;NULL;NULL;NULL;NULL;NULL;NULL;NULL;NULL;NULL;NULL;NULL;NULL;NULL;NULL;NULL;NULL;NULL;NULL,"""126,14,64;""",DT_BF16;FLOAT,ND;ND,0
0,4294967295,2129,46,aclnnMatmul_MatMulCommon_MatMulV2,MatMulV2,dynamic,AI_CORE,1790168622701599.565	,7.881,191.088000,24,0,NO,"""126,896;896,896""",DT_BF16;DT_BF16,ND;ND,"""126,896""",DT_BF16,ND,N/A
0,4294967295,2130,46,AddRmsNormBias,AddRmsNormBias,dynamic,AI_VECTOR_CORE,1790168622701667.668	,13.241,60.369000,42,0,NO,"""126,896;126,896;896;""",DT_BF16;DT_BF16;DT_BF16;DT_UNDEFINED,ND;ND;ND;NULL,"""126,896;126,1;126,896""",DT_BF16;FLOAT;DT_BF16,ND;ND;ND,N/A
0,4294967295,2131,46,aclnnMatmul_MatMulCommon_MatMulV2,MatMulV2,dynamic,AI_CORE,1790168622701709.110	,23.261,28.009000,22,0,NO,"""126,896;9728,896""",DT_BF16;DT_BF16,ND;ND,"""126,9728""",DT_BF16,ND,N/A
0,4294967295,2132,46,SwiGlu,SwiGlu,dynamic,AI_VECTOR_CORE,1790168622701751.671	,16.001,19.489000,48,0,NO,"""126,9728""",DT_BF16,ND,"""126,4864""",DT_BF16,ND,N/A
0,4294967295,2133,46,aclnnMatmul_MatMulCommon_MatMulV2,MatMulV2,dynamic,AI_CORE,1790168622701776.652	,22.741,8.999000,24,0,NO,"""126,4864;896,4864""",DT_BF16;DT_BF16,ND;ND,"""126,896""",DT_BF16,ND,N/A
0,4294967295,2134,46,AddRmsNormBias,AddRmsNormBias,dynamic,AI_VECTOR_CORE,1790168622701837.595	,10.960,38.009000,42,0,NO,"""126,896;126,896;896;""",DT_BF16;DT_BF16;DT_BF16;DT_UNDEFINED,ND;ND;ND;NULL,"""126,896;126,1;126,896""",DT_BF16;FLOAT;DT_BF16,ND;ND;ND,N/A
0,4294967295,2135,46,aclnnAddmm_CastAiCore_Cast,Cast,dynamic,AI_VECTOR_CORE,1790168622701876.816	,1.220,28.290000,2,0,NO,"""1152""",DT_BF16,ND,"""1152""",FLOAT,ND,N/A
0,4294967295,2136,46,aclnnAddmm_MatMulCommon_MatMulV2,MatMulV2,dynamic,AI_CORE,1790168622701880.216	,9.521,2.280000,24,0,NO,"""126,896;1152,896;1152""",DT_BF16;DT_BF16;FLOAT,ND;ND;ND,"""126,1152""",DT_BF16,ND,N/A
0,4294967295,2137,46,aclnnInplaceCopy_SliceAiCore_Slice,Slice,dynamic,AI_VECTOR_CORE,1790168622701941.759	,2.920,51.979000,12,0,NO,"""126,18,64;3;3""",DT_BF16;INT64;INT64,NCL;ND;ND,"""126,14,64""",DT_BF16,NCL,N/A
0,4294967295,2138,46,aclnnInplaceCopy_SliceAiCore_Slice,Slice,dynamic,AI_VECTOR_CORE,1790168622701944.699	,2.920,0.080000,12,0,NO,"""126,18,64;3;3""",DT_BF16;INT64;INT64,NCL;ND;ND,"""126,2,64""",DT_BF16,NCL,N/A
0,4294967295,2139,46,_triton_rope,_triton_rope,static,AI_VECTOR_CORE,1790168622702129.826	,12.521,182.080000,48,0,YES,"""126,14,64;126,2,64;32768,64""",DT_BF16;32551;DT_BF16,ND;ND;ND,"""126,14,64;126,2,64""",DT_BF16;32551,ND;ND,N/A
0,4294967295,2140,46,aclnnInplaceCopy_SliceAiCore_Slice,Slice,dynamic,AI_VECTOR_CORE,1790168622702491.081	,2.800,348.729000,12,0,NO,"""126,18,64;3;3""",DT_BF16;INT64;INT64,NCL;ND;ND,"""126,2,64""",DT_BF16,NCL,N/A
0,4294967295,2141,46,ReshapeAndCacheNdKernel,ReshapeAndCacheNdKernel,dynamic,AI_VECTOR_CORE,1790168622702508.722	,9.280,14.950000,48,0,NO,"""126,2,64;126,2,64;2,128,2,64;2,128,2,64;126""",DT_BF16;DT_BF16;DT_BF16;DT_BF16;INT32,ND;ND;ND;ND;ND,"""2,128,2,64;2,128,2,64""",DT_BF16;DT_BF16,ND;ND,N/A
0,4294967295,2142,46,aclnnContiguous_SliceAiCore_Slice,Slice,dynamic,AI_VECTOR_CORE,1790168622702854.055	,3.101,335.970000,12,0,NO,"""126,18,64;3;3""",DT_BF16;INT64;INT64,NCL;ND;ND,"""126,2,64""",DT_BF16,NCL,N/A
0,4294967295,2143,46,FusedInferAttentionScore,FusedInferAttentionScore,dynamic,MIX_AIC,1790168622702869.156	,28.621,12.149000,24,48,NO,"""126,14,64;126,2,64;126,2,64;;2048,2048;1;1;;;;;;;;;;;;;;;;;;;;;;;;""",DT_BF16;DT_BF16;DT_BF16;DT_UNDEFINED;INT8;INT64;INT64;DT_UNDEFINED;DT_UNDEFINED;DT_UNDEFINED;DT_UNDEFINED;DT_UNDEFINED;DT_UNDEFINED;DT_UNDEFINED;DT_UNDEFINED;DT_UNDEFINED;DT_UNDEFINED;DT_UNDEFINED;DT_UNDEFINED;DT_UNDEFINED;DT_UNDEFINED;DT_UNDEFINED;DT_UNDEFINED;DT_UNDEFINED;DT_UNDEFINED;DT_UNDEFINED;DT_UNDEFINED;DT_UNDEFINED;DT_UNDEFINED;DT_UNDEFINED;DT_UNDEFINED,ND;ND;ND;NULL;ND;ND;ND;NULL;NULL;NULL;NULL;NULL;NULL;NULL;NULL;NULL;NULL;NULL;NULL;NULL;NULL;NULL;NULL;NULL;NULL;NULL;NULL;NULL;NULL;NULL;NULL,"""126,14,64;""",DT_BF16;FLOAT,ND;ND,0
0,4294967295,2145,46,aclnnMatmul_MatMulCommon_MatMulV2,MatMulV2,dynamic,AI_CORE,1790168622703102.465	,7.501,204.629000,24,0,NO,"""126,896;896,896""",DT_BF16;DT_BF16,ND;ND,"""126,896""",DT_BF16,ND,N/A
0,4294967295,2146,46,AddRmsNormBias,AddRmsNormBias,dynamic,AI_VECTOR_CORE,1790168622703171.868	,15.501,61.749000,42,0,NO,"""126,896;126,896;896;""",DT_BF16;DT_BF16;DT_BF16;DT_UNDEFINED,ND;ND;ND;NULL,"""126,896;126,1;126,896""",DT_BF16;FLOAT;DT_BF16,ND;ND;ND,N/A
0,4294967295,2147,46,aclnnMatmul_MatMulCommon_MatMulV2,MatMulV2,dynamic,AI_CORE,1790168622703207.790	,22.800,20.499000,22,0,NO,"""126,896;9728,896""",DT_BF16;DT_BF16,ND;ND,"""126,9728""",DT_BF16,ND,N/A
0,4294967295,2148,46,SwiGlu,SwiGlu,dynamic,AI_VECTOR_CORE,1790168622703252.951	,16.541,22.450000,48,0,NO,"""126,9728""",DT_BF16,ND,"""126,4864""",DT_BF16,ND,N/A
0,4294967295,2149,46,aclnnMatmul_MatMulCommon_MatMulV2,MatMulV2,dynamic,AI_CORE,1790168622703280.532	,21.901,10.959000,24,0,NO,"""126,4864;896,4864""",DT_BF16;DT_BF16,ND;ND,"""126,896""",DT_BF16,ND,N/A
0,4294967295,2150,46,AddRmsNormBias,AddRmsNormBias,dynamic,AI_VECTOR_CORE,1790168622703343.195	,13.061,40.849000,42,0,NO,"""126,896;126,896;896;""",DT_BF16;DT_BF16;DT_BF16;DT_UNDEFINED,ND;ND;ND;NULL,"""126,896;126,1;126,896""",DT_BF16;FLOAT;DT_BF16,ND;ND;ND,N/A
0,4294967295,2151,46,aclnnAddmm_CastAiCore_Cast,Cast,dynamic,AI_VECTOR_CORE,1790168622703386.957	,1.140,30.689000,2,0,NO,"""1152""",DT_BF16,ND,"""1152""",FLOAT,ND,N/A
0,4294967295,2152,46,aclnnAddmm_MatMulCommon_MatMulV2,MatMulV2,dynamic,AI_CORE,1790168622703389.497	,9.180,1.360000,24,0,NO,"""126,896;1152,896;1152""",DT_BF16;DT_BF16;FLOAT,ND;ND;ND,"""126,1152""",DT_BF16,ND,N/A
0,4294967295,2153,46,aclnnInplaceCopy_SliceAiCore_Slice,Slice,dynamic,AI_VECTOR_CORE,1790168622703451.219	,2.900,52.570000,12,0,NO,"""126,18,64;3;3""",DT_BF16;INT64;INT64,NCL;ND;ND,"""126,14,64""",DT_BF16,NCL,N/A
0,4294967295,2154,46,aclnnInplaceCopy_SliceAiCore_Slice,Slice,dynamic,AI_VECTOR_CORE,1790168622703454.159	,2.881,0.100000,12,0,NO,"""126,18,64;3;3""",DT_BF16;INT64;INT64,NCL;ND;ND,"""126,2,64""",DT_BF16,NCL,N/A
0,4294967295,2155,46,_triton_rope,_triton_rope,static,AI_VECTOR_CORE,1790168622703639.347	,12.420,182.119000,48,0,YES,"""126,14,64;126,2,64;32768,64""",DT_BF16;32551;DT_BF16,ND;ND;ND,"""126,14,64;126,2,64""",DT_BF16;32551,ND;ND,N/A
0,4294967295,2156,46,aclnnInplaceCopy_SliceAiCore_Slice,Slice,dynamic,AI_VECTOR_CORE,1790168622704003.901	,2.921,352.330000,12,0,NO,"""126,18,64;3;3""",DT_BF16;INT64;INT64,NCL;ND;ND,"""126,2,64""",DT_BF16,NCL,N/A
0,4294967295,2157,46,ReshapeAndCacheNdKernel,ReshapeAndCacheNdKernel,dynamic,AI_VECTOR_CORE,1790168622704019.162	,9.460,12.329000,48,0,NO,"""126,2,64;126,2,64;2,128,2,64;2,128,2,64;126""",DT_BF16;DT_BF16;DT_BF16;DT_BF16;INT32,ND;ND;ND;ND;ND,"""2,128,2,64;2,128,2,64""",DT_BF16;DT_BF16,ND;ND,N/A
0,4294967295,2158,46,aclnnContiguous_SliceAiCore_Slice,Slice,dynamic,AI_VECTOR_CORE,1790168622704375.916	,2.860,347.290000,12,0,NO,"""126,18,64;3;3""",DT_BF16;INT64;INT64,NCL;ND;ND,"""126,2,64""",DT_BF16,NCL,N/A
0,4294967295,2159,46,FusedInferAttentionScore,FusedInferAttentionScore,dynamic,MIX_AIC,1790168622704391.857	,34.241,12.890000,24,48,NO,"""126,14,64;126,2,64;126,2,64;;2048,2048;1;1;;;;;;;;;;;;;;;;;;;;;;;;""",DT_BF16;DT_BF16;DT_BF16;DT_UNDEFINED;INT8;INT64;INT64;DT_UNDEFINED;DT_UNDEFINED;DT_UNDEFINED;DT_UNDEFINED;DT_UNDEFINED;DT_UNDEFINED;DT_UNDEFINED;DT_UNDEFINED;DT_UNDEFINED;DT_UNDEFINED;DT_UNDEFINED;DT_UNDEFINED;DT_UNDEFINED;DT_UNDEFINED;DT_UNDEFINED;DT_UNDEFINED;DT_UNDEFINED;DT_UNDEFINED;DT_UNDEFINED;DT_UNDEFINED;DT_UNDEFINED;DT_UNDEFINED;DT_UNDEFINED;DT_UNDEFINED,ND;ND;ND;NULL;ND;ND;ND;NULL;NULL;NULL;NULL;NULL;NULL;NULL;NULL;NULL;NULL;NULL;NULL;NULL;NULL;NULL;NULL;NULL;NULL;NULL;NULL;NULL;NULL;NULL;NULL,"""126,14,64;""",DT_BF16;FLOAT,ND;ND,0
0,4294967295,2161,46,aclnnMatmul_MatMulCommon_MatMulV2,MatMulV2,dynamic,AI_CORE,1790168622704641.367	,8.080,215.259000,24,0,NO,"""126,896;896,896""",DT_BF16;DT_BF16,ND;ND,"""126,896""",DT_BF16,ND,N/A
0,4294967295,2162,46,AddRmsNormBias,AddRmsNormBias,dynamic,AI_VECTOR_CORE,1790168622704712.910	,13.580,63.670000,42,0,NO,"""126,896;126,896;896;""",DT_BF16;DT_BF16;DT_BF16;DT_UNDEFINED,ND;ND;ND;NULL,"""126,896;126,1;126,896""",DT_BF16;FLOAT;DT_BF16,ND;ND;ND,N/A
0,4294967295,2163,46,aclnnMatmul_MatMulCommon_MatMulV2,MatMulV2,dynamic,AI_CORE,1790168622704755.751	,23.381,29.170000,22,0,NO,"""126,896;9728,896""",DT_BF16;DT_BF16,ND;ND,"""126,9728""",DT_BF16,ND,N/A
0,4294967295,2164,46,SwiGlu,SwiGlu,dynamic,AI_VECTOR_CORE,1790168622704797.013	,21.301,17.869000,48,0,NO,"""126,9728""",DT_BF16,ND,"""126,4864""",DT_BF16,ND,N/A
0,4294967295,2165,46,aclnnMatmul_MatMulCommon_MatMulV2,MatMulV2,dynamic,AI_CORE,1790168622704823.174	,22.021,4.949000,24,0,NO,"""126,4864;896,4864""",DT_BF16;DT_BF16,ND;ND,"""126,896""",DT_BF16,ND,N/A
0,4294967295,2166,46,AddRmsNormBias,AddRmsNormBias,dynamic,AI_VECTOR_CORE,1790168622704880.496	,11.181,35.229000,42,0,NO,"""126,896;126,896;896;""",DT_BF16;DT_BF16;DT_BF16;DT_UNDEFINED,ND;ND;ND;NULL,"""126,896;126,1;126,896""",DT_BF16;FLOAT;DT_BF16,ND;ND;ND,N/A
0,4294967295,2167,46,aclnnAddmm_CastAiCore_Cast,Cast,dynamic,AI_VECTOR_CORE,1790168622704920.538	,1.060,28.819000,2,0,NO,"""1152""",DT_BF16,ND,"""1152""",FLOAT,ND,N/A
0,4294967295,2168,46,aclnnAddmm_MatMulCommon_MatMulV2,MatMulV2,dynamic,AI_CORE,1790168622704924.398	,9.941,2.940000,24,0,NO,"""126,896;1152,896;1152""",DT_BF16;DT_BF16;FLOAT,ND;ND;ND,"""126,1152""",DT_BF16,ND,N/A
0,4294967295,2169,46,aclnnInplaceCopy_SliceAiCore_Slice,Slice,dynamic,AI_VECTOR_CORE,1790168622704987.601	,2.860,53.059000,12,0,NO,"""126,18,64;3;3""",DT_BF16;INT64;INT64,NCL;ND;ND,"""126,14,64""",DT_BF16,NCL,N/A
0,4294967295,2170,46,aclnnInplaceCopy_SliceAiCore_Slice,Slice,dynamic,AI_VECTOR_CORE,1790168622704990.481	,2.940,0.140000,12,0,NO,"""126,18,64;3;3""",DT_BF16;INT64;INT64,NCL;ND;ND,"""126,2,64""",DT_BF16,NCL,N/A
0,4294967295,2171,46,_triton_rope,_triton_rope,static,AI_VECTOR_CORE,1790168622705197.689	,12.561,204.310000,48,0,YES,"""126,14,64;126,2,64;32768,64""",DT_BF16;32551;DT_BF16,ND;ND;ND,"""126,14,64;126,2,64""",DT_BF16;32551,ND;ND,N/A
0,4294967295,2172,46,aclnnInplaceCopy_SliceAiCore_Slice,Slice,dynamic,AI_VECTOR_CORE,1790168622705564.924	,2.960,354.689000,12,0,NO,"""126,18,64;3;3""",DT_BF16;INT64;INT64,NCL;ND;ND,"""126,2,64""",DT_BF16,NCL,N/A
0,4294967295,2173,46,ReshapeAndCacheNdKernel,ReshapeAndCacheNdKernel,dynamic,AI_VECTOR_CORE,1790168622705587.505	,9.480,19.540000,48,0,NO,"""126,2,64;126,2,64;2,128,2,64;2,128,2,64;126""",DT_BF16;DT_BF16;DT_BF16;DT_BF16;INT32,ND;ND;ND;ND;ND,"""2,128,2,64;2,128,2,64""",DT_BF16;DT_BF16,ND;ND,N/A
0,4294967295,2174,46,aclnnContiguous_SliceAiCore_Slice,Slice,dynamic,AI_VECTOR_CORE,1790168622705929.838	,2.801,332.770000,12,0,NO,"""126,18,64;3;3""",DT_BF16;INT64;INT64,NCL;ND;ND,"""126,2,64""",DT_BF16,NCL,N/A
0,4294967295,2175,46,FusedInferAttentionScore,FusedInferAttentionScore,dynamic,MIX_AIC,1790168622705949.879	,29.861,17.449000,24,48,NO,"""126,14,64;126,2,64;126,2,64;;2048,2048;1;1;;;;;;;;;;;;;;;;;;;;;;;;""",DT_BF16;DT_BF16;DT_BF16;DT_UNDEFINED;INT8;INT64;INT64;DT_UNDEFINED;DT_UNDEFINED;DT_UNDEFINED;DT_UNDEFINED;DT_UNDEFINED;DT_UNDEFINED;DT_UNDEFINED;DT_UNDEFINED;DT_UNDEFINED;DT_UNDEFINED;DT_UNDEFINED;DT_UNDEFINED;DT_UNDEFINED;DT_UNDEFINED;DT_UNDEFINED;DT_UNDEFINED;DT_UNDEFINED;DT_UNDEFINED;DT_UNDEFINED;DT_UNDEFINED;DT_UNDEFINED;DT_UNDEFINED;DT_UNDEFINED;DT_UNDEFINED,ND;ND;ND;NULL;ND;ND;ND;NULL;NULL;NULL;NULL;NULL;NULL;NULL;NULL;NULL;NULL;NULL;NULL;NULL;NULL;NULL;NULL;NULL;NULL;NULL;NULL;NULL;NULL;NULL;NULL,"""126,14,64;""",DT_BF16;FLOAT,ND;ND,0
0,4294967295,2177,46,aclnnMatmul_MatMulCommon_MatMulV2,MatMulV2,dynamic,AI_CORE,1790168622706181.828	,7.761,201.889000,24,0,NO,"""126,896;896,896""",DT_BF16;DT_BF16,ND;ND,"""126,896""",DT_BF16,ND,N/A
0,4294967295,2178,46,AddRmsNormBias,AddRmsNormBias,dynamic,AI_VECTOR_CORE,1790168622706249.151	,12.741,59.739000,42,0,NO,"""126,896;126,896;896;""",DT_BF16;DT_BF16;DT_BF16;DT_UNDEFINED,ND;ND;ND;NULL,"""126,896;126,1;126,896""",DT_BF16;FLOAT;DT_BF16,ND;ND;ND,N/A
0,4294967295,2179,46,aclnnMatmul_MatMulCommon_MatMulV2,MatMulV2,dynamic,AI_CORE,1790168622706292.993	,23.501,31.009000,22,0,NO,"""126,896;9728,896""",DT_BF16;DT_BF16,ND;ND,"""126,9728""",DT_BF16,ND,N/A
0,4294967295,2180,46,SwiGlu,SwiGlu,dynamic,AI_VECTOR_CORE,1790168622706328.414	,17.961,11.999000,48,0,NO,"""126,9728""",DT_BF16,ND,"""126,4864""",DT_BF16,ND,N/A
0,4294967295,2181,46,aclnnMatmul_MatMulCommon_MatMulV2,MatMulV2,dynamic,AI_CORE,1790168622706359.536	,22.680,13.039000,24,0,NO,"""126,4864;896,4864""",DT_BF16;DT_BF16,ND;ND,"""126,896""",DT_BF16,ND,N/A
0,4294967295,2182,46,AddRmsNormBias,AddRmsNormBias,dynamic,AI_VECTOR_CORE,1790168622706418.458	,11.360,36.320000,42,0,NO,"""126,896;126,896;896;""",DT_BF16;DT_BF16;DT_BF16;DT_UNDEFINED,ND;ND;ND;NULL,"""126,896;126,1;126,896""",DT_BF16;FLOAT;DT_BF16,ND;ND;ND,N/A
0,4294967295,2183,46,aclnnAddmm_CastAiCore_Cast,Cast,dynamic,AI_VECTOR_CORE,1790168622706460.200	,1.180,30.390000,2,0,NO,"""1152""",DT_BF16,ND,"""1152""",FLOAT,ND,N/A
0,4294967295,2184,46,aclnnAddmm_MatMulCommon_MatMulV2,MatMulV2,dynamic,AI_CORE,1790168622706462.680	,9.380,1.320000,24,0,NO,"""126,896;1152,896;1152""",DT_BF16;DT_BF16;FLOAT,ND;ND;ND,"""126,1152""",DT_BF16,ND,N/A
0,4294967295,2185,46,aclnnInplaceCopy_SliceAiCore_Slice,Slice,dynamic,AI_VECTOR_CORE,1790168622706523.542	,2.940,51.370000,12,0,NO,"""126,18,64;3;3""",DT_BF16;INT64;INT64,NCL;ND;ND,"""126,14,64""",DT_BF16,NCL,N/A
0,4294967295,2186,46,aclnnInplaceCopy_SliceAiCore_Slice,Slice,dynamic,AI_VECTOR_CORE,1790168622706526.502	,2.860,0.060000,12,0,NO,"""126,18,64;3;3""",DT_BF16;INT64;INT64,NCL;ND;ND,"""126,2,64""",DT_BF16,NCL,N/A
0,4294967295,2187,46,_triton_rope,_triton_rope,static,AI_VECTOR_CORE,1790168622706710.230	,12.800,180.890000,48,0,YES,"""126,14,64;126,2,64;32768,64""",DT_BF16;32551;DT_BF16,ND;ND;ND,"""126,14,64;126,2,64""",DT_BF16;32551,ND;ND,N/A
0,4294967295,2188,46,aclnnInplaceCopy_SliceAiCore_Slice,Slice,dynamic,AI_VECTOR_CORE,1790168622707071.504	,3.100,348.450000,12,0,NO,"""126,18,64;3;3""",DT_BF16;INT64;INT64,NCL;ND;ND,"""126,2,64""",DT_BF16,NCL,N/A
0,4294967295,2189,46,ReshapeAndCacheNdKernel,ReshapeAndCacheNdKernel,dynamic,AI_VECTOR_CORE,1790168622707097.785	,14.401,23.150000,48,0,NO,"""126,2,64;126,2,64;2,128,2,64;2,128,2,64;126""",DT_BF16;DT_BF16;DT_BF16;DT_BF16;INT32,ND;ND;ND;ND;ND,"""2,128,2,64;2,128,2,64""",DT_BF16;DT_BF16,ND;ND,N/A
0,4294967295,2190,46,aclnnContiguous_SliceAiCore_Slice,Slice,dynamic,AI_VECTOR_CORE,1790168622707453.479	,2.960,341.349000,12,0,NO,"""126,18,64;3;3""",DT_BF16;INT64;INT64,NCL;ND;ND,"""126,2,64""",DT_BF16,NCL,N/A
0,4294967295,2191,46,FusedInferAttentionScore,FusedInferAttentionScore,dynamic,MIX_AIC,1790168622707474.700	,28.401,18.290000,24,48,NO,"""126,14,64;126,2,64;126,2,64;;2048,2048;1;1;;;;;;;;;;;;;;;;;;;;;;;;""",DT_BF16;DT_BF16;DT_BF16;DT_UNDEFINED;INT8;INT64;INT64;DT_UNDEFINED;DT_UNDEFINED;DT_UNDEFINED;DT_UNDEFINED;DT_UNDEFINED;DT_UNDEFINED;DT_UNDEFINED;DT_UNDEFINED;DT_UNDEFINED;DT_UNDEFINED;DT_UNDEFINED;DT_UNDEFINED;DT_UNDEFINED;DT_UNDEFINED;DT_UNDEFINED;DT_UNDEFINED;DT_UNDEFINED;DT_UNDEFINED;DT_UNDEFINED;DT_UNDEFINED;DT_UNDEFINED;DT_UNDEFINED;DT_UNDEFINED;DT_UNDEFINED,ND;ND;ND;NULL;ND;ND;ND;NULL;NULL;NULL;NULL;NULL;NULL;NULL;NULL;NULL;NULL;NULL;NULL;NULL;NULL;NULL;NULL;NULL;NULL;NULL;NULL;NULL;NULL;NULL;NULL,"""126,14,64;""",DT_BF16;FLOAT,ND;ND,0
0,4294967295,2193,46,aclnnMatmul_MatMulCommon_MatMulV2,MatMulV2,dynamic,AI_CORE,1790168622707715.690	,7.640,212.599000,24,0,NO,"""126,896;896,896""",DT_BF16;DT_BF16,ND;ND,"""126,896""",DT_BF16,ND,N/A
0,4294967295,2194,46,AddRmsNormBias,AddRmsNormBias,dynamic,AI_VECTOR_CORE,1790168622707782.692	,12.381,59.360000,42,0,NO,"""126,896;126,896;896;""",DT_BF16;DT_BF16;DT_BF16;DT_UNDEFINED,ND;ND;ND;NULL,"""126,896;126,1;126,896""",DT_BF16;FLOAT;DT_BF16,ND;ND;ND,N/A
0,4294967295,2195,46,aclnnMatmul_MatMulCommon_MatMulV2,MatMulV2,dynamic,AI_CORE,1790168622707824.774	,23.221,29.619000,22,0,NO,"""126,896;9728,896""",DT_BF16;DT_BF16,ND;ND,"""126,9728""",DT_BF16,ND,N/A
0,4294967295,2196,46,SwiGlu,SwiGlu,dynamic,AI_VECTOR_CORE,1790168622707873.156	,16.261,25.279000,48,0,NO,"""126,9728""",DT_BF16,ND,"""126,4864""",DT_BF16,ND,N/A
0,4294967295,2197,46,aclnnMatmul_MatMulCommon_MatMulV2,MatMulV2,dynamic,AI_CORE,1790168622707907.317	,22.081,17.739000,24,0,NO,"""126,4864;896,4864""",DT_BF16;DT_BF16,ND;ND,"""126,896""",DT_BF16,ND,N/A
0,4294967295,2198,46,AddRmsNormBias,AddRmsNormBias,dynamic,AI_VECTOR_CORE,1790168622707966.100	,10.920,36.669000,42,0,NO,"""126,896;126,896;896;""",DT_BF16;DT_BF16;DT_BF16;DT_UNDEFINED,ND;ND;ND;NULL,"""126,896;126,1;126,896""",DT_BF16;FLOAT;DT_BF16,ND;ND;ND,N/A
0,4294967295,2199,46,aclnnAddmm_CastAiCore_Cast,Cast,dynamic,AI_VECTOR_CORE,1790168622708008.541	,1.181,31.580000,2,0,NO,"""1152""",DT_BF16,ND,"""1152""",FLOAT,ND,N/A
0,4294967295,2200,46,aclnnAddmm_MatMulCommon_MatMulV2,MatMulV2,dynamic,AI_CORE,1790168622708011.042	,9.260,1.319000,24,0,NO,"""126,896;1152,896;1152""",DT_BF16;DT_BF16;FLOAT,ND;ND;ND,"""126,1152""",DT_BF16,ND,N/A
0,4294967295,2201,46,aclnnInplaceCopy_SliceAiCore_Slice,Slice,dynamic,AI_VECTOR_CORE,1790168622708070.584	,2.920,50.240000,12,0,NO,"""126,18,64;3;3""",DT_BF16;INT64;INT64,NCL;ND;ND,"""126,14,64""",DT_BF16,NCL,N/A
0,4294967295,2202,46,aclnnInplaceCopy_SliceAiCore_Slice,Slice,dynamic,AI_VECTOR_CORE,1790168622708073.544	,2.960,0.080000,12,0,NO,"""126,18,64;3;3""",DT_BF16;INT64;INT64,NCL;ND;ND,"""126,2,64""",DT_BF16,NCL,N/A
0,4294967295,2203,46,_triton_rope,_triton_rope,static,AI_VECTOR_CORE,1790168622708256.391	,12.381,180.040000,48,0,YES,"""126,14,64;126,2,64;32768,64""",DT_BF16;32551;DT_BF16,ND;ND;ND,"""126,14,64;126,2,64""",DT_BF16;32551,ND;ND,N/A
0,4294967295,2204,46,aclnnInplaceCopy_SliceAiCore_Slice,Slice,dynamic,AI_VECTOR_CORE,1790168622708606.545	,2.781,337.619000,12,0,NO,"""126,18,64;3;3""",DT_BF16;INT64;INT64,NCL;ND;ND,"""126,2,64""",DT_BF16,NCL,N/A
0,4294967295,2205,46,ReshapeAndCacheNdKernel,ReshapeAndCacheNdKernel,dynamic,AI_VECTOR_CORE,1790168622708630.726	,9.761,21.469000,48,0,NO,"""126,2,64;126,2,64;2,128,2,64;2,128,2,64;126""",DT_BF16;DT_BF16;DT_BF16;DT_BF16;INT32,ND;ND;ND;ND;ND,"""2,128,2,64;2,128,2,64""",DT_BF16;DT_BF16,ND;ND,N/A
0,4294967295,2206,46,aclnnContiguous_SliceAiCore_Slice,Slice,dynamic,AI_VECTOR_CORE,1790168622708974.120	,2.980,333.489000,12,0,NO,"""126,18,64;3;3""",DT_BF16;INT64;INT64,NCL;ND;ND,"""126,2,64""",DT_BF16,NCL,N/A
0,4294967295,2207,46,FusedInferAttentionScore,FusedInferAttentionScore,dynamic,MIX_AIC,1790168622708990.521	,30.501,13.520000,24,48,NO,"""126,14,64;126,2,64;126,2,64;;2048,2048;1;1;;;;;;;;;;;;;;;;;;;;;;;;""",DT_BF16;DT_BF16;DT_BF16;DT_UNDEFINED;INT8;INT64;INT64;DT_UNDEFINED;DT_UNDEFINED;DT_UNDEFINED;DT_UNDEFINED;DT_UNDEFINED;DT_UNDEFINED;DT_UNDEFINED;DT_UNDEFINED;DT_UNDEFINED;DT_UNDEFINED;DT_UNDEFINED;DT_UNDEFINED;DT_UNDEFINED;DT_UNDEFINED;DT_UNDEFINED;DT_UNDEFINED;DT_UNDEFINED;DT_UNDEFINED;DT_UNDEFINED;DT_UNDEFINED;DT_UNDEFINED;DT_UNDEFINED;DT_UNDEFINED;DT_UNDEFINED,ND;ND;ND;NULL;ND;ND;ND;NULL;NULL;NULL;NULL;NULL;NULL;NULL;NULL;NULL;NULL;NULL;NULL;NULL;NULL;NULL;NULL;NULL;NULL;NULL;NULL;NULL;NULL;NULL;NULL,"""126,14,64;""",DT_BF16;FLOAT,ND;ND,0
0,4294967295,2209,46,aclnnMatmul_MatMulCommon_MatMulV2,MatMulV2,dynamic,AI_CORE,1790168622709233.970	,8.501,212.999000,24,0,NO,"""126,896;896,896""",DT_BF16;DT_BF16,ND;ND,"""126,896""",DT_BF16,ND,N/A
0,4294967295,2210,46,AddRmsNormBias,AddRmsNormBias,dynamic,AI_VECTOR_CORE,1790168622709301.893	,14.341,59.499000,42,0,NO,"""126,896;126,896;896;""",DT_BF16;DT_BF16;DT_BF16;DT_UNDEFINED,ND;ND;ND;NULL,"""126,896;126,1;126,896""",DT_BF16;FLOAT;DT_BF16,ND;ND;ND,N/A
0,4294967295,2211,46,aclnnMatmul_MatMulCommon_MatMulV2,MatMulV2,dynamic,AI_CORE,1790168622709345.815	,23.321,29.409000,22,0,NO,"""126,896;9728,896""",DT_BF16;DT_BF16,ND;ND,"""126,9728""",DT_BF16,ND,N/A
0,4294967295,2212,46,SwiGlu,SwiGlu,dynamic,AI_VECTOR_CORE,1790168622709384.277	,16.200,15.179000,48,0,NO,"""126,9728""",DT_BF16,ND,"""126,4864""",DT_BF16,ND,N/A
0,4294967295,2213,46,aclnnMatmul_MatMulCommon_MatMulV2,MatMulV2,dynamic,AI_CORE,1790168622709417.618	,22.581,17.050000,24,0,NO,"""126,4864;896,4864""",DT_BF16;DT_BF16,ND;ND,"""126,896""",DT_BF16,ND,N/A
0,4294967295,2214,46,AddRmsNormBias,AddRmsNormBias,dynamic,AI_VECTOR_CORE,1790168622709473.240	,13.581,33.169000,42,0,NO,"""126,896;126,896;896;""",DT_BF16;DT_BF16;DT_BF16;DT_UNDEFINED,ND;ND;ND;NULL,"""126,896;126,1;126,896""",DT_BF16;FLOAT;DT_BF16,ND;ND;ND,N/A
0,4294967295,2215,46,aclnnAddmm_CastAiCore_Cast,Cast,dynamic,AI_VECTOR_CORE,1790168622709514.702	,1.160,27.919000,2,0,NO,"""1152""",DT_BF16,ND,"""1152""",FLOAT,ND,N/A
0,4294967295,2216,46,aclnnAddmm_MatMulCommon_MatMulV2,MatMulV2,dynamic,AI_CORE,1790168622709517.462	,9.480,1.590000,24,0,NO,"""126,896;1152,896;1152""",DT_BF16;DT_BF16;FLOAT,ND;ND;ND,"""126,1152""",DT_BF16,ND,N/A
0,4294967295,2217,46,aclnnInplaceCopy_SliceAiCore_Slice,Slice,dynamic,AI_VECTOR_CORE,1790168622709577.164	,3.660,50.270000,12,0,NO,"""126,18,64;3;3""",DT_BF16;INT64;INT64,NCL;ND;ND,"""126,14,64""",DT_BF16,NCL,N/A
0,4294967295,2218,46,aclnnInplaceCopy_SliceAiCore_Slice,Slice,dynamic,AI_VECTOR_CORE,1790168622709580.864	,2.900,0.000000,12,0,NO,"""126,18,64;3;3""",DT_BF16;INT64;INT64,NCL;ND;ND,"""126,2,64""",DT_BF16,NCL,N/A
0,4294967295,2219,46,_triton_rope,_triton_rope,static,AI_VECTOR_CORE,1790168622709764.372	,12.540,180.600000,48,0,YES,"""126,14,64;126,2,64;32768,64""",DT_BF16;32551;DT_BF16,ND;ND;ND,"""126,14,64;126,2,64""",DT_BF16;32551,ND;ND,N/A
0,4294967295,2220,46,aclnnInplaceCopy_SliceAiCore_Slice,Slice,dynamic,AI_VECTOR_CORE,1790168622710129.646	,2.940,352.960000,12,0,NO,"""126,18,64;3;3""",DT_BF16;INT64;INT64,NCL;ND;ND,"""126,2,64""",DT_BF16,NCL,N/A
0,4294967295,2221,46,ReshapeAndCacheNdKernel,ReshapeAndCacheNdKernel,dynamic,AI_VECTOR_CORE,1790168622710147.347	,9.020,14.560000,48,0,NO,"""126,2,64;126,2,64;2,128,2,64;2,128,2,64;126""",DT_BF16;DT_BF16;DT_BF16;DT_BF16;INT32,ND;ND;ND;ND;ND,"""2,128,2,64;2,128,2,64""",DT_BF16;DT_BF16,ND;ND,N/A
0,4294967295,2222,46,aclnnContiguous_SliceAiCore_Slice,Slice,dynamic,AI_VECTOR_CORE,1790168622710497.841	,2.920,341.480000,12,0,NO,"""126,18,64;3;3""",DT_BF16;INT64;INT64,NCL;ND;ND,"""126,2,64""",DT_BF16,NCL,N/A
0,4294967295,2223,46,FusedInferAttentionScore,FusedInferAttentionScore,dynamic,MIX_AIC,1790168622710509.641	,29.522,9.080000,24,48,NO,"""126,14,64;126,2,64;126,2,64;;2048,2048;1;1;;;;;;;;;;;;;;;;;;;;;;;;""",DT_BF16;DT_BF16;DT_BF16;DT_UNDEFINED;INT8;INT64;INT64;DT_UNDEFINED;DT_UNDEFINED;DT_UNDEFINED;DT_UNDEFINED;DT_UNDEFINED;DT_UNDEFINED;DT_UNDEFINED;DT_UNDEFINED;DT_UNDEFINED;DT_UNDEFINED;DT_UNDEFINED;DT_UNDEFINED;DT_UNDEFINED;DT_UNDEFINED;DT_UNDEFINED;DT_UNDEFINED;DT_UNDEFINED;DT_UNDEFINED;DT_UNDEFINED;DT_UNDEFINED;DT_UNDEFINED;DT_UNDEFINED;DT_UNDEFINED;DT_UNDEFINED,ND;ND;ND;NULL;ND;ND;ND;NULL;NULL;NULL;NULL;NULL;NULL;NULL;NULL;NULL;NULL;NULL;NULL;NULL;NULL;NULL;NULL;NULL;NULL;NULL;NULL;NULL;NULL;NULL;NULL,"""126,14,64;""",DT_BF16;FLOAT,ND;ND,0
0,4294967295,2225,46,aclnnMatmul_MatMulCommon_MatMulV2,MatMulV2,dynamic,AI_CORE,1790168622710776.692	,7.700,237.478000,24,0,NO,"""126,896;896,896""",DT_BF16;DT_BF16,ND;ND,"""126,896""",DT_BF16,ND,N/A
0,4294967295,2226,46,AddRmsNormBias,AddRmsNormBias,dynamic,AI_VECTOR_CORE,1790168622710844.795	,13.040,60.300000,42,0,NO,"""126,896;126,896;896;""",DT_BF16;DT_BF16;DT_BF16;DT_UNDEFINED,ND;ND;ND;NULL,"""126,896;126,1;126,896""",DT_BF16;FLOAT;DT_BF16,ND;ND;ND,N/A
0,4294967295,2227,46,aclnnMatmul_MatMulCommon_MatMulV2,MatMulV2,dynamic,AI_CORE,1790168622710885.637	,22.560,27.960000,22,0,NO,"""126,896;9728,896""",DT_BF16;DT_BF16,ND;ND,"""126,9728""",DT_BF16,ND,N/A
0,4294967295,2228,46,SwiGlu,SwiGlu,dynamic,AI_VECTOR_CORE,1790168622710925.438	,16.601,17.190000,48,0,NO,"""126,9728""",DT_BF16,ND,"""126,4864""",DT_BF16,ND,N/A
0,4294967295,2229,46,aclnnMatmul_MatMulCommon_MatMulV2,MatMulV2,dynamic,AI_CORE,1790168622710956.239	,22.321,14.149000,24,0,NO,"""126,4864;896,4864""",DT_BF16;DT_BF16,ND;ND,"""126,896""",DT_BF16,ND,N/A
0,4294967295,2230,46,AddRmsNormBias,AddRmsNormBias,dynamic,AI_VECTOR_CORE,1790168622711015.862	,10.940,37.179000,42,0,NO,"""126,896;126,896;896;""",DT_BF16;DT_BF16;DT_BF16;DT_UNDEFINED,ND;ND;ND;NULL,"""126,896;126,1;126,896""",DT_BF16;FLOAT;DT_BF16,ND;ND;ND,N/A
0,4294967295,2231,46,aclnnAddmm_CastAiCore_Cast,Cast,dynamic,AI_VECTOR_CORE,1790168622711059.263	,1.581,32.560000,2,0,NO,"""1152""",DT_BF16,ND,"""1152""",FLOAT,ND,N/A
0,4294967295,2232,46,aclnnAddmm_MatMulCommon_MatMulV2,MatMulV2,dynamic,AI_CORE,1790168622711061.864	,9.080,0.919000,24,0,NO,"""126,896;1152,896;1152""",DT_BF16;DT_BF16;FLOAT,ND;ND;ND,"""126,1152""",DT_BF16,ND,N/A
0,4294967295,2233,46,aclnnInplaceCopy_SliceAiCore_Slice,Slice,dynamic,AI_VECTOR_CORE,1790168622711122.806	,2.860,51.920000,12,0,NO,"""126,18,64;3;3""",DT_BF16;INT64;INT64,NCL;ND;ND,"""126,14,64""",DT_BF16,NCL,N/A
0,4294967295,2234,46,aclnnInplaceCopy_SliceAiCore_Slice,Slice,dynamic,AI_VECTOR_CORE,1790168622711125.706	,2.940,0.140000,12,0,NO,"""126,18,64;3;3""",DT_BF16;INT64;INT64,NCL;ND;ND,"""126,2,64""",DT_BF16,NCL,N/A
0,4294967295,2235,46,_triton_rope,_triton_rope,static,AI_VECTOR_CORE,1790168622711309.553	,13.661,180.810000,48,0,YES,"""126,14,64;126,2,64;32768,64""",DT_BF16;32551;DT_BF16,ND;ND;ND,"""126,14,64;126,2,64""",DT_BF16;32551,ND;ND,N/A
0,4294967295,2236,46,aclnnInplaceCopy_SliceAiCore_Slice,Slice,dynamic,AI_VECTOR_CORE,1790168622711652.447	,2.900,329.339000,12,0,NO,"""126,18,64;3;3""",DT_BF16;INT64;INT64,NCL;ND;ND,"""126,2,64""",DT_BF16,NCL,N/A
0,4294967295,2237,46,ReshapeAndCacheNdKernel,ReshapeAndCacheNdKernel,dynamic,AI_VECTOR_CORE,1790168622711667.328	,9.540,11.850000,48,0,NO,"""126,2,64;126,2,64;2,128,2,64;2,128,2,64;126""",DT_BF16;DT_BF16;DT_BF16;DT_BF16;INT32,ND;ND;ND;ND;ND,"""2,128,2,64;2,128,2,64""",DT_BF16;DT_BF16,ND;ND,N/A
0,4294967295,2238,46,aclnnContiguous_SliceAiCore_Slice,Slice,dynamic,AI_VECTOR_CORE,1790168622712027.262	,3.220,350.460000,12,0,NO,"""126,18,64;3;3""",DT_BF16;INT64;INT64,NCL;ND;ND,"""126,2,64""",DT_BF16,NCL,N/A
0,4294967295,2239,46,FusedInferAttentionScore,FusedInferAttentionScore,dynamic,MIX_AIC,1790168622712042.763	,34.681,12.280000,24,48,NO,"""126,14,64;126,2,64;126,2,64;;2048,2048;1;1;;;;;;;;;;;;;;;;;;;;;;;;""",DT_BF16;DT_BF16;DT_BF16;DT_UNDEFINED;INT8;INT64;INT64;DT_UNDEFINED;DT_UNDEFINED;DT_UNDEFINED;DT_UNDEFINED;DT_UNDEFINED;DT_UNDEFINED;DT_UNDEFINED;DT_UNDEFINED;DT_UNDEFINED;DT_UNDEFINED;DT_UNDEFINED;DT_UNDEFINED;DT_UNDEFINED;DT_UNDEFINED;DT_UNDEFINED;DT_UNDEFINED;DT_UNDEFINED;DT_UNDEFINED;DT_UNDEFINED;DT_UNDEFINED;DT_UNDEFINED;DT_UNDEFINED;DT_UNDEFINED;DT_UNDEFINED,ND;ND;ND;NULL;ND;ND;ND;NULL;NULL;NULL;NULL;NULL;NULL;NULL;NULL;NULL;NULL;NULL;NULL;NULL;NULL;NULL;NULL;NULL;NULL;NULL;NULL;NULL;NULL;NULL;NULL,"""126,14,64;""",DT_BF16;FLOAT,ND;ND,0
0,4294967295,2241,46,aclnnMatmul_MatMulCommon_MatMulV2,MatMulV2,dynamic,AI_CORE,1790168622712278.172	,7.861,200.819000,24,0,NO,"""126,896;896,896""",DT_BF16;DT_BF16,ND;ND,"""126,896""",DT_BF16,ND,N/A
0,4294967295,2242,46,AddRmsNormBias,AddRmsNormBias,dynamic,AI_VECTOR_CORE,1790168622712344.835	,13.620,58.639000,42,0,NO,"""126,896;126,896;896;""",DT_BF16;DT_BF16;DT_BF16;DT_UNDEFINED,ND;ND;ND;NULL,"""126,896;126,1;126,896""",DT_BF16;FLOAT;DT_BF16,ND;ND;ND,N/A
0,4294967295,2243,46,aclnnMatmul_MatMulCommon_MatMulV2,MatMulV2,dynamic,AI_CORE,1790168622712388.277	,22.761,29.880000,22,0,NO,"""126,896;9728,896""",DT_BF16;DT_BF16,ND;ND,"""126,9728""",DT_BF16,ND,N/A
0,4294967295,2244,46,SwiGlu,SwiGlu,dynamic,AI_VECTOR_CORE,1790168622712427.258	,16.381,16.239000,48,0,NO,"""126,9728""",DT_BF16,ND,"""126,4864""",DT_BF16,ND,N/A
0,4294967295,2245,46,aclnnMatmul_MatMulCommon_MatMulV2,MatMulV2,dynamic,AI_CORE,1790168622712454.719	,21.981,11.119000,24,0,NO,"""126,4864;896,4864""",DT_BF16;DT_BF16,ND;ND,"""126,896""",DT_BF16,ND,N/A
0,4294967295,2246,46,AddRmsNormBias,AddRmsNormBias,dynamic,AI_VECTOR_CORE,1790168622712516.662	,11.400,40.019000,42,0,NO,"""126,896;126,896;896;""",DT_BF16;DT_BF16;DT_BF16;DT_UNDEFINED,ND;ND;ND;NULL,"""126,896;126,1;126,896""",DT_BF16;FLOAT;DT_BF16,ND;ND;ND,N/A
0,4294967295,2247,46,aclnnAddmm_CastAiCore_Cast,Cast,dynamic,AI_VECTOR_CORE,1790168622712560.283	,1.161,32.100000,2,0,NO,"""1152""",DT_BF16,ND,"""1152""",FLOAT,ND,N/A
0,4294967295,2248,46,aclnnAddmm_MatMulCommon_MatMulV2,MatMulV2,dynamic,AI_CORE,1790168622712562.884	,9.540,1.589000,24,0,NO,"""126,896;1152,896;1152""",DT_BF16;DT_BF16;FLOAT,ND;ND;ND,"""126,1152""",DT_BF16,ND,N/A
0,4294967295,2249,46,aclnnInplaceCopy_SliceAiCore_Slice,Slice,dynamic,AI_VECTOR_CORE,1790168622712621.366	,2.940,48.710000,12,0,NO,"""126,18,64;3;3""",DT_BF16;INT64;INT64,NCL;ND;ND,"""126,14,64""",DT_BF16,NCL,N/A
0,4294967295,2250,46,aclnnInplaceCopy_SliceAiCore_Slice,Slice,dynamic,AI_VECTOR_CORE,1790168622712624.326	,2.840,0.060000,12,0,NO,"""126,18,64;3;3""",DT_BF16;INT64;INT64,NCL;ND;ND,"""126,2,64""",DT_BF16,NCL,N/A
0,4294967295,2251,46,_triton_rope,_triton_rope,static,AI_VECTOR_CORE,1790168622712808.233	,12.621,181.160000,48,0,YES,"""126,14,64;126,2,64;32768,64""",DT_BF16;32551;DT_BF16,ND;ND;ND,"""126,14,64;126,2,64""",DT_BF16;32551,ND;ND,N/A
0,4294967295,2252,46,aclnnInplaceCopy_SliceAiCore_Slice,Slice,dynamic,AI_VECTOR_CORE,1790168622713164.708	,3.100,343.879000,12,0,NO,"""126,18,64;3;3""",DT_BF16;INT64;INT64,NCL;ND;ND,"""126,2,64""",DT_BF16,NCL,N/A
0,4294967295,2253,46,ReshapeAndCacheNdKernel,ReshapeAndCacheNdKernel,dynamic,AI_VECTOR_CORE,1790168622713194.009	,9.100,26.150000,48,0,NO,"""126,2,64;126,2,64;2,128,2,64;2,128,2,64;126""",DT_BF16;DT_BF16;DT_BF16;DT_BF16;INT32,ND;ND;ND;ND;ND,"""2,128,2,64;2,128,2,64""",DT_BF16;DT_BF16,ND;ND,N/A
0,4294967295,2254,46,aclnnContiguous_SliceAiCore_Slice,Slice,dynamic,AI_VECTOR_CORE,1790168622713538.103	,2.820,334.900000,12,0,NO,"""126,18,64;3;3""",DT_BF16;INT64;INT64,NCL;ND;ND,"""126,2,64""",DT_BF16,NCL,N/A
0,4294967295,2255,46,FusedInferAttentionScore,FusedInferAttentionScore,dynamic,MIX_AIC,1790168622713559.703	,28.662,18.930000,24,48,NO,"""126,14,64;126,2,64;126,2,64;;2048,2048;1;1;;;;;;;;;;;;;;;;;;;;;;;;""",DT_BF16;DT_BF16;DT_BF16;DT_UNDEFINED;INT8;INT64;INT64;DT_UNDEFINED;DT_UNDEFINED;DT_UNDEFINED;DT_UNDEFINED;DT_UNDEFINED;DT_UNDEFINED;DT_UNDEFINED;DT_UNDEFINED;DT_UNDEFINED;DT_UNDEFINED;DT_UNDEFINED;DT_UNDEFINED;DT_UNDEFINED;DT_UNDEFINED;DT_UNDEFINED;DT_UNDEFINED;DT_UNDEFINED;DT_UNDEFINED;DT_UNDEFINED;DT_UNDEFINED;DT_UNDEFINED;DT_UNDEFINED;DT_UNDEFINED;DT_UNDEFINED,ND;ND;ND;NULL;ND;ND;ND;NULL;NULL;NULL;NULL;NULL;NULL;NULL;NULL;NULL;NULL;NULL;NULL;NULL;NULL;NULL;NULL;NULL;NULL;NULL;NULL;NULL;NULL;NULL;NULL,"""126,14,64;""",DT_BF16;FLOAT,ND;ND,0
0,4294967295,2257,46,aclnnMatmul_MatMulCommon_MatMulV2,MatMulV2,dynamic,AI_CORE,1790168622713793.053	,7.840,204.588000,24,0,NO,"""126,896;896,896""",DT_BF16;DT_BF16,ND;ND,"""126,896""",DT_BF16,ND,N/A
0,4294967295,2258,46,AddRmsNormBias,AddRmsNormBias,dynamic,AI_VECTOR_CORE,1790168622713861.235	,12.701,60.410000,42,0,NO,"""126,896;126,896;896;""",DT_BF16;DT_BF16;DT_BF16;DT_UNDEFINED,ND;ND;ND;NULL,"""126,896;126,1;126,896""",DT_BF16;FLOAT;DT_BF16,ND;ND;ND,N/A
0,4294967295,2259,46,aclnnMatmul_MatMulCommon_MatMulV2,MatMulV2,dynamic,AI_CORE,1790168622713904.057	,23.001,30.049000,22,0,NO,"""126,896;9728,896""",DT_BF16;DT_BF16,ND;ND,"""126,9728""",DT_BF16,ND,N/A
0,4294967295,2260,46,SwiGlu,SwiGlu,dynamic,AI_VECTOR_CORE,1790168622713942.899	,15.280,15.999000,48,0,NO,"""126,9728""",DT_BF16,ND,"""126,4864""",DT_BF16,ND,N/A
0,4294967295,2261,46,aclnnMatmul_MatMulCommon_MatMulV2,MatMulV2,dynamic,AI_CORE,1790168622713965.280	,22.481,6.970000,24,0,NO,"""126,4864;896,4864""",DT_BF16;DT_BF16,ND;ND,"""126,896""",DT_BF16,ND,N/A
0,4294967295,2262,46,AddRmsNormBias,AddRmsNormBias,dynamic,AI_VECTOR_CORE,1790168622714030.782	,11.361,43.019000,42,0,NO,"""126,896;126,896;896;""",DT_BF16;DT_BF16;DT_BF16;DT_UNDEFINED,ND;ND;ND;NULL,"""126,896;126,1;126,896""",DT_BF16;FLOAT;DT_BF16,ND;ND;ND,N/A
0,4294967295,2263,46,aclnnAddmm_CastAiCore_Cast,Cast,dynamic,AI_VECTOR_CORE,1790168622714072.504	,1.160,30.389000,2,0,NO,"""1152""",DT_BF16,ND,"""1152""",FLOAT,ND,N/A
0,4294967295,2264,46,aclnnAddmm_MatMulCommon_MatMulV2,MatMulV2,dynamic,AI_CORE,1790168622714075.244	,9.580,1.590000,24,0,NO,"""126,896;1152,896;1152""",DT_BF16;DT_BF16;FLOAT,ND;ND;ND,"""126,1152""",DT_BF16,ND,N/A
0,4294967295,2265,46,aclnnInplaceCopy_SliceAiCore_Slice,Slice,dynamic,AI_VECTOR_CORE,1790168622714136.486	,3.001,51.670000,12,0,NO,"""126,18,64;3;3""",DT_BF16;INT64;INT64,NCL;ND;ND,"""126,14,64""",DT_BF16,NCL,N/A
0,4294967295,2266,46,aclnnInplaceCopy_SliceAiCore_Slice,Slice,dynamic,AI_VECTOR_CORE,1790168622714139.507	,2.820,0.000000,12,0,NO,"""126,18,64;3;3""",DT_BF16;INT64;INT64,NCL;ND;ND,"""126,2,64""",DT_BF16,NCL,N/A
0,4294967295,2267,46,_triton_rope,_triton_rope,static,AI_VECTOR_CORE,1790168622714322.954	,12.680,180.680000,48,0,YES,"""126,14,64;126,2,64;32768,64""",DT_BF16;32551;DT_BF16,ND;ND;ND,"""126,14,64;126,2,64""",DT_BF16;32551,ND;ND,N/A
0,4294967295,2268,46,aclnnInplaceCopy_SliceAiCore_Slice,Slice,dynamic,AI_VECTOR_CORE,1790168622714666.268	,2.960,330.570000,12,0,NO,"""126,18,64;3;3""",DT_BF16;INT64;INT64,NCL;ND;ND,"""126,2,64""",DT_BF16,NCL,N/A
0,4294967295,2269,46,ReshapeAndCacheNdKernel,ReshapeAndCacheNdKernel,dynamic,AI_VECTOR_CORE,1790168622714684.228	,9.281,15.040000,48,0,NO,"""126,2,64;126,2,64;2,128,2,64;2,128,2,64;126""",DT_BF16;DT_BF16;DT_BF16;DT_BF16;INT32,ND;ND;ND;ND;ND,"""2,128,2,64;2,128,2,64""",DT_BF16;DT_BF16,ND;ND,N/A
0,4294967295,2270,46,aclnnContiguous_SliceAiCore_Slice,Slice,dynamic,AI_VECTOR_CORE,1790168622715050.263	,3.000,356.719000,12,0,NO,"""126,18,64;3;3""",DT_BF16;INT64;INT64,NCL;ND;ND,"""126,2,64""",DT_BF16,NCL,N/A
0,4294967295,2271,46,FusedInferAttentionScore,FusedInferAttentionScore,dynamic,MIX_AIC,1790168622715061.023	,30.282,7.750000,24,48,NO,"""126,14,64;126,2,64;126,2,64;;2048,2048;1;1;;;;;;;;;;;;;;;;;;;;;;;;""",DT_BF16;DT_BF16;DT_BF16;DT_UNDEFINED;INT8;INT64;INT64;DT_UNDEFINED;DT_UNDEFINED;DT_UNDEFINED;DT_UNDEFINED;DT_UNDEFINED;DT_UNDEFINED;DT_UNDEFINED;DT_UNDEFINED;DT_UNDEFINED;DT_UNDEFINED;DT_UNDEFINED;DT_UNDEFINED;DT_UNDEFINED;DT_UNDEFINED;DT_UNDEFINED;DT_UNDEFINED;DT_UNDEFINED;DT_UNDEFINED;DT_UNDEFINED;DT_UNDEFINED;DT_UNDEFINED;DT_UNDEFINED;DT_UNDEFINED;DT_UNDEFINED,ND;ND;ND;NULL;ND;ND;ND;NULL;NULL;NULL;NULL;NULL;NULL;NULL;NULL;NULL;NULL;NULL;NULL;NULL;NULL;NULL;NULL;NULL;NULL;NULL;NULL;NULL;NULL;NULL;NULL,"""126,14,64;""",DT_BF16;FLOAT,ND;ND,0
0,4294967295,2273,46,aclnnMatmul_MatMulCommon_MatMulV2,MatMulV2,dynamic,AI_CORE,1790168622715310.513	,8.081,219.218000,24,0,NO,"""126,896;896,896""",DT_BF16;DT_BF16,ND;ND,"""126,896""",DT_BF16,ND,N/A
0,4294967295,2274,46,AddRmsNormBias,AddRmsNormBias,dynamic,AI_VECTOR_CORE,1790168622715376.916	,13.581,58.419000,42,0,NO,"""126,896;126,896;896;""",DT_BF16;DT_BF16;DT_BF16;DT_UNDEFINED,ND;ND;ND;NULL,"""126,896;126,1;126,896""",DT_BF16;FLOAT;DT_BF16,ND;ND;ND,N/A
0,4294967295,2275,46,aclnnMatmul_MatMulCommon_MatMulV2,MatMulV2,dynamic,AI_CORE,1790168622715420.078	,22.981,29.419000,22,0,NO,"""126,896;9728,896""",DT_BF16;DT_BF16,ND;ND,"""126,9728""",DT_BF16,ND,N/A
0,4294967295,2276,46,SwiGlu,SwiGlu,dynamic,AI_VECTOR_CORE,1790168622715461.199	,15.741,18.269000,48,0,NO,"""126,9728""",DT_BF16,ND,"""126,4864""",DT_BF16,ND,N/A
0,4294967295,2277,46,aclnnMatmul_MatMulCommon_MatMulV2,MatMulV2,dynamic,AI_CORE,1790168622715491.921	,22.521,15.009000,24,0,NO,"""126,4864;896,4864""",DT_BF16;DT_BF16,ND;ND,"""126,896""",DT_BF16,ND,N/A
0,4294967295,2278,46,AddRmsNormBias,AddRmsNormBias,dynamic,AI_VECTOR_CORE,1790168622715547.843	,11.640,33.229000,42,0,NO,"""126,896;126,896;896;""",DT_BF16;DT_BF16;DT_BF16;DT_UNDEFINED,ND;ND;ND;NULL,"""126,896;126,1;126,896""",DT_BF16;FLOAT;DT_BF16,ND;ND;ND,N/A
0,4294967295,2279,46,aclnnAddmm_CastAiCore_Cast,Cast,dynamic,AI_VECTOR_CORE,1790168622715588.005	,1.140,28.610000,2,0,NO,"""1152""",DT_BF16,ND,"""1152""",FLOAT,ND,N/A
0,4294967295,2280,46,aclnnAddmm_MatMulCommon_MatMulV2,MatMulV2,dynamic,AI_CORE,1790168622715590.585	,10.020,1.360000,24,0,NO,"""126,896;1152,896;1152""",DT_BF16;DT_BF16;FLOAT,ND;ND;ND,"""126,1152""",DT_BF16,ND,N/A
0,4294967295,2281,46,aclnnInplaceCopy_SliceAiCore_Slice,Slice,dynamic,AI_VECTOR_CORE,1790168622715652.667	,3.000,52.230000,12,0,NO,"""126,18,64;3;3""",DT_BF16;INT64;INT64,NCL;ND;ND,"""126,14,64""",DT_BF16,NCL,N/A
0,4294967295,2282,46,aclnnInplaceCopy_SliceAiCore_Slice,Slice,dynamic,AI_VECTOR_CORE,1790168622715655.687	,2.820,0.000000,12,0,NO,"""126,18,64;3;3""",DT_BF16;INT64;INT64,NCL;ND;ND,"""126,2,64""",DT_BF16,NCL,N/A
0,4294967295,2283,46,_triton_rope,_triton_rope,static,AI_VECTOR_CORE,1790168622715840.975	,12.520,182.430000,48,0,YES,"""126,14,64;126,2,64;32768,64""",DT_BF16;32551;DT_BF16,ND;ND;ND,"""126,14,64;126,2,64""",DT_BF16;32551,ND;ND,N/A
0,4294967295,2284,46,aclnnInplaceCopy_SliceAiCore_Slice,Slice,dynamic,AI_VECTOR_CORE,1790168622716188.029	,2.880,334.480000,12,0,NO,"""126,18,64;3;3""",DT_BF16;INT64;INT64,NCL;ND;ND,"""126,2,64""",DT_BF16,NCL,N/A
0,4294967295,2285,46,ReshapeAndCacheNdKernel,ReshapeAndCacheNdKernel,dynamic,AI_VECTOR_CORE,1790168622716220.710	,9.280,29.870000,48,0,NO,"""126,2,64;126,2,64;2,128,2,64;2,128,2,64;126""",DT_BF16;DT_BF16;DT_BF16;DT_BF16;INT32,ND;ND;ND;ND;ND,"""2,128,2,64;2,128,2,64""",DT_BF16;DT_BF16,ND;ND,N/A
0,4294967295,2286,46,aclnnContiguous_SliceAiCore_Slice,Slice,dynamic,AI_VECTOR_CORE,1790168622716564.944	,2.880,334.970000,12,0,NO,"""126,18,64;3;3""",DT_BF16;INT64;INT64,NCL;ND;ND,"""126,2,64""",DT_BF16,NCL,N/A
0,4294967295,2287,46,FusedInferAttentionScore,FusedInferAttentionScore,dynamic,MIX_AIC,1790168622716580.144	,29.861,12.370000,24,48,NO,"""126,14,64;126,2,64;126,2,64;;2048,2048;1;1;;;;;;;;;;;;;;;;;;;;;;;;""",DT_BF16;DT_BF16;DT_BF16;DT_UNDEFINED;INT8;INT64;INT64;DT_UNDEFINED;DT_UNDEFINED;DT_UNDEFINED;DT_UNDEFINED;DT_UNDEFINED;DT_UNDEFINED;DT_UNDEFINED;DT_UNDEFINED;DT_UNDEFINED;DT_UNDEFINED;DT_UNDEFINED;DT_UNDEFINED;DT_UNDEFINED;DT_UNDEFINED;DT_UNDEFINED;DT_UNDEFINED;DT_UNDEFINED;DT_UNDEFINED;DT_UNDEFINED;DT_UNDEFINED;DT_UNDEFINED;DT_UNDEFINED;DT_UNDEFINED;DT_UNDEFINED,ND;ND;ND;NULL;ND;ND;ND;NULL;NULL;NULL;NULL;NULL;NULL;NULL;NULL;NULL;NULL;NULL;NULL;NULL;NULL;NULL;NULL;NULL;NULL;NULL;NULL;NULL;NULL;NULL;NULL,"""126,14,64;""",DT_BF16;FLOAT,ND;ND,0
0,4294967295,2289,46,aclnnMatmul_MatMulCommon_MatMulV2,MatMulV2,dynamic,AI_CORE,1790168622716820.314	,7.980,210.139000,24,0,NO,"""126,896;896,896""",DT_BF16;DT_BF16,ND;ND,"""126,896""",DT_BF16,ND,N/A
0,4294967295,2290,46,AddRmsNormBias,AddRmsNormBias,dynamic,AI_VECTOR_CORE,1790168622716890.117	,15.160,61.770000,42,0,NO,"""126,896;126,896;896;""",DT_BF16;DT_BF16;DT_BF16;DT_UNDEFINED,ND;ND;ND;NULL,"""126,896;126,1;126,896""",DT_BF16;FLOAT;DT_BF16,ND;ND;ND,N/A
0,4294967295,2291,46,aclnnMatmul_MatMulCommon_MatMulV2,MatMulV2,dynamic,AI_CORE,1790168622716934.578	,22.981,29.340000,22,0,NO,"""126,896;9728,896""",DT_BF16;DT_BF16,ND;ND,"""126,9728""",DT_BF16,ND,N/A
0,4294967295,2292,46,SwiGlu,SwiGlu,dynamic,AI_VECTOR_CORE,1790168622716973.600	,15.721,16.019000,48,0,NO,"""126,9728""",DT_BF16,ND,"""126,4864""",DT_BF16,ND,N/A
0,4294967295,2293,46,aclnnMatmul_MatMulCommon_MatMulV2,MatMulV2,dynamic,AI_CORE,1790168622717005.421	,22.061,16.279000,24,0,NO,"""126,4864;896,4864""",DT_BF16;DT_BF16,ND;ND,"""126,896""",DT_BF16,ND,N/A
0,4294967295,2294,46,AddRmsNormBias,AddRmsNormBias,dynamic,AI_VECTOR_CORE,1790168622717062.923	,12.281,35.439000,42,0,NO,"""126,896;126,896;896;""",DT_BF16;DT_BF16;DT_BF16;DT_UNDEFINED,ND;ND;ND;NULL,"""126,896;126,1;126,896""",DT_BF16;FLOAT;DT_BF16,ND;ND;ND,N/A
0,4294967295,2295,46,aclnnAddmm_CastAiCore_Cast,Cast,dynamic,AI_VECTOR_CORE,1790168622717104.925	,1.140,29.719000,2,0,NO,"""1152""",DT_BF16,ND,"""1152""",FLOAT,ND,N/A
0,4294967295,2296,46,aclnnAddmm_MatMulCommon_MatMulV2,MatMulV2,dynamic,AI_CORE,1790168622717107.465	,8.921,1.360000,24,0,NO,"""126,896;1152,896;1152""",DT_BF16;DT_BF16;FLOAT,ND;ND;ND,"""126,1152""",DT_BF16,ND,N/A
0,4294967295,2297,46,aclnnInplaceCopy_SliceAiCore_Slice,Slice,dynamic,AI_VECTOR_CORE,1790168622717186.688	,2.941,70.329000,12,0,NO,"""126,18,64;3;3""",DT_BF16;INT64;INT64,NCL;ND;ND,"""126,14,64""",DT_BF16,NCL,N/A
0,4294967295,2298,46,aclnnInplaceCopy_SliceAiCore_Slice,Slice,dynamic,AI_VECTOR_CORE,1790168622717189.669	,2.960,0.059000,12,0,NO,"""126,18,64;3;3""",DT_BF16;INT64;INT64,NCL;ND;ND,"""126,2,64""",DT_BF16,NCL,N/A
0,4294967295,2299,46,_triton_rope,_triton_rope,static,AI_VECTOR_CORE,1790168622717373.016	,12.360,180.290000,48,0,YES,"""126,14,64;126,2,64;32768,64""",DT_BF16;32551;DT_BF16,ND;ND;ND,"""126,14,64;126,2,64""",DT_BF16;32551,ND;ND,N/A
0,4294967295,2300,46,aclnnInplaceCopy_SliceAiCore_Slice,Slice,dynamic,AI_VECTOR_CORE,1790168622717726.770	,2.940,341.390000,12,0,NO,"""126,18,64;3;3""",DT_BF16;INT64;INT64,NCL;ND;ND,"""126,2,64""",DT_BF16,NCL,N/A
0,4294967295,2301,46,ReshapeAndCacheNdKernel,ReshapeAndCacheNdKernel,dynamic,AI_VECTOR_CORE,1790168622717758.391	,9.241,28.810000,48,0,NO,"""126,2,64;126,2,64;2,128,2,64;2,128,2,64;126""",DT_BF16;DT_BF16;DT_BF16;DT_BF16;INT32,ND;ND;ND;ND;ND,"""2,128,2,64;2,128,2,64""",DT_BF16;DT_BF16,ND;ND,N/A
0,4294967295,2302,46,aclnnContiguous_SliceAiCore_Slice,Slice,dynamic,AI_VECTOR_CORE,1790168622718108.005	,2.820,340.259000,12,0,NO,"""126,18,64;3;3""",DT_BF16;INT64;INT64,NCL;ND;ND,"""126,2,64""",DT_BF16,NCL,N/A
0,4294967295,2303,46,FusedInferAttentionScore,FusedInferAttentionScore,dynamic,MIX_AIC,1790168622718125.006	,31.261,14.180000,24,48,NO,"""126,14,64;126,2,64;126,2,64;;2048,2048;1;1;;;;;;;;;;;;;;;;;;;;;;;;""",DT_BF16;DT_BF16;DT_BF16;DT_UNDEFINED;INT8;INT64;INT64;DT_UNDEFINED;DT_UNDEFINED;DT_UNDEFINED;DT_UNDEFINED;DT_UNDEFINED;DT_UNDEFINED;DT_UNDEFINED;DT_UNDEFINED;DT_UNDEFINED;DT_UNDEFINED;DT_UNDEFINED;DT_UNDEFINED;DT_UNDEFINED;DT_UNDEFINED;DT_UNDEFINED;DT_UNDEFINED;DT_UNDEFINED;DT_UNDEFINED;DT_UNDEFINED;DT_UNDEFINED;DT_UNDEFINED;DT_UNDEFINED;DT_UNDEFINED;DT_UNDEFINED,ND;ND;ND;NULL;ND;ND;ND;NULL;NULL;NULL;NULL;NULL;NULL;NULL;NULL;NULL;NULL;NULL;NULL;NULL;NULL;NULL;NULL;NULL;NULL;NULL;NULL;NULL;NULL;NULL;NULL,"""126,14,64;""",DT_BF16;FLOAT,ND;ND,0
0,4294967295,2305,46,aclnnMatmul_MatMulCommon_MatMulV2,MatMulV2,dynamic,AI_CORE,1790168622718364.896	,7.860,208.739000,24,0,NO,"""126,896;896,896""",DT_BF16;DT_BF16,ND;ND,"""126,896""",DT_BF16,ND,N/A
0,4294967295,2306,46,AddRmsNormBias,AddRmsNormBias,dynamic,AI_VECTOR_CORE,1790168622718433.518	,12.561,60.640000,42,0,NO,"""126,896;126,896;896;""",DT_BF16;DT_BF16;DT_BF16;DT_UNDEFINED,ND;ND;ND;NULL,"""126,896;126,1;126,896""",DT_BF16;FLOAT;DT_BF16,ND;ND;ND,N/A
0,4294967295,2307,46,aclnnMatmul_MatMulCommon_MatMulV2,MatMulV2,dynamic,AI_CORE,1790168622718475.920	,23.281,29.939000,22,0,NO,"""126,896;9728,896""",DT_BF16;DT_BF16,ND;ND,"""126,9728""",DT_BF16,ND,N/A
0,4294967295,2308,46,SwiGlu,SwiGlu,dynamic,AI_VECTOR_CORE,1790168622718511.801	,15.721,12.469000,48,0,NO,"""126,9728""",DT_BF16,ND,"""126,4864""",DT_BF16,ND,N/A
0,4294967295,2309,46,aclnnMatmul_MatMulCommon_MatMulV2,MatMulV2,dynamic,AI_CORE,1790168622718543.283	,22.061,15.779000,24,0,NO,"""126,4864;896,4864""",DT_BF16;DT_BF16,ND;ND,"""126,896""",DT_BF16,ND,N/A
0,4294967295,2310,46,AddRmsNormBias,AddRmsNormBias,dynamic,AI_VECTOR_CORE,1790168622718599.665	,11.320,34.439000,42,0,NO,"""126,896;126,896;896;""",DT_BF16;DT_BF16;DT_BF16;DT_UNDEFINED,ND;ND;ND;NULL,"""126,896;126,1;126,896""",DT_BF16;FLOAT;DT_BF16,ND;ND;ND,N/A
0,4294967295,2311,46,aclnnAddmm_CastAiCore_Cast,Cast,dynamic,AI_VECTOR_CORE,1790168622718637.606	,1.160,26.430000,2,0,NO,"""1152""",DT_BF16,ND,"""1152""",FLOAT,ND,N/A
0,4294967295,2312,46,aclnnAddmm_MatMulCommon_MatMulV2,MatMulV2,dynamic,AI_CORE,1790168622718642.147	,9.020,3.590000,24,0,NO,"""126,896;1152,896;1152""",DT_BF16;DT_BF16;FLOAT,ND;ND;ND,"""126,1152""",DT_BF16,ND,N/A
0,4294967295,2313,46,aclnnInplaceCopy_SliceAiCore_Slice,Slice,dynamic,AI_VECTOR_CORE,1790168622718703.709	,3.520,52.480000,12,0,NO,"""126,18,64;3;3""",DT_BF16;INT64;INT64,NCL;ND;ND,"""126,14,64""",DT_BF16,NCL,N/A
0,4294967295,2314,46,aclnnInplaceCopy_SliceAiCore_Slice,Slice,dynamic,AI_VECTOR_CORE,1790168622718707.269	,2.820,0.000000,12,0,NO,"""126,18,64;3;3""",DT_BF16;INT64;INT64,NCL;ND;ND,"""126,2,64""",DT_BF16,NCL,N/A
0,4294967295,2315,46,_triton_rope,_triton_rope,static,AI_VECTOR_CORE,1790168622718891.577	,14.160,181.430000,48,0,YES,"""126,14,64;126,2,64;32768,64""",DT_BF16;32551;DT_BF16,ND;ND;ND,"""126,14,64;126,2,64""",DT_BF16;32551,ND;ND,N/A
0,4294967295,2316,46,aclnnInplaceCopy_SliceAiCore_Slice,Slice,dynamic,AI_VECTOR_CORE,1790168622719230.570	,2.940,324.840000,12,0,NO,"""126,18,64;3;3""",DT_BF16;INT64;INT64,NCL;ND;ND,"""126,2,64""",DT_BF16,NCL,N/A
0,4294967295,2317,46,ReshapeAndCacheNdKernel,ReshapeAndCacheNdKernel,dynamic,AI_VECTOR_CORE,1790168622719261.511	,9.261,28.060000,48,0,NO,"""126,2,64;126,2,64;2,128,2,64;2,128,2,64;126""",DT_BF16;DT_BF16;DT_BF16;DT_BF16;INT32,ND;ND;ND;ND;ND,"""2,128,2,64;2,128,2,64""",DT_BF16;DT_BF16,ND;ND,N/A
0,4294967295,2318,46,aclnnContiguous_SliceAiCore_Slice,Slice,dynamic,AI_VECTOR_CORE,1790168622719600.945	,2.860,330.239000,12,0,NO,"""126,18,64;3;3""",DT_BF16;INT64;INT64,NCL;ND;ND,"""126,2,64""",DT_BF16,NCL,N/A
0,4294967295,2319,46,FusedInferAttentionScore,FusedInferAttentionScore,dynamic,MIX_AIC,1790168622719615.826	,30.021,11.890000,24,48,NO,"""126,14,64;126,2,64;126,2,64;;2048,2048;1;1;;;;;;;;;;;;;;;;;;;;;;;;""",DT_BF16;DT_BF16;DT_BF16;DT_UNDEFINED;INT8;INT64;INT64;DT_UNDEFINED;DT_UNDEFINED;DT_UNDEFINED;DT_UNDEFINED;DT_UNDEFINED;DT_UNDEFINED;DT_UNDEFINED;DT_UNDEFINED;DT_UNDEFINED;DT_UNDEFINED;DT_UNDEFINED;DT_UNDEFINED;DT_UNDEFINED;DT_UNDEFINED;DT_UNDEFINED;DT_UNDEFINED;DT_UNDEFINED;DT_UNDEFINED;DT_UNDEFINED;DT_UNDEFINED;DT_UNDEFINED;DT_UNDEFINED;DT_UNDEFINED;DT_UNDEFINED,ND;ND;ND;NULL;ND;ND;ND;NULL;NULL;NULL;NULL;NULL;NULL;NULL;NULL;NULL;NULL;NULL;NULL;NULL;NULL;NULL;NULL;NULL;NULL;NULL;NULL;NULL;NULL;NULL;NULL,"""126,14,64;""",DT_BF16;FLOAT,ND;ND,0
0,4294967295,2321,46,aclnnMatmul_MatMulCommon_MatMulV2,MatMulV2,dynamic,AI_CORE,1790168622719856.755	,7.720,210.979000,24,0,NO,"""126,896;896,896""",DT_BF16;DT_BF16,ND;ND,"""126,896""",DT_BF16,ND,N/A
0,4294967295,2322,46,AddRmsNormBias,AddRmsNormBias,dynamic,AI_VECTOR_CORE,1790168622719925.278	,14.481,60.780000,42,0,NO,"""126,896;126,896;896;""",DT_BF16;DT_BF16;DT_BF16;DT_UNDEFINED,ND;ND;ND;NULL,"""126,896;126,1;126,896""",DT_BF16;FLOAT;DT_BF16,ND;ND;ND,N/A
0,4294967295,2323,46,aclnnMatmul_MatMulCommon_MatMulV2,MatMulV2,dynamic,AI_CORE,1790168622719968.060	,24.201,28.269000,22,0,NO,"""126,896;9728,896""",DT_BF16;DT_BF16,ND;ND,"""126,9728""",DT_BF16,ND,N/A
0,4294967295,2324,46,SwiGlu,SwiGlu,dynamic,AI_VECTOR_CORE,1790168622720004.381	,20.081,12.299000,48,0,NO,"""126,9728""",DT_BF16,ND,"""126,4864""",DT_BF16,ND,N/A
0,4294967295,2325,46,aclnnMatmul_MatMulCommon_MatMulV2,MatMulV2,dynamic,AI_CORE,1790168622720029.462	,22.501,4.919000,24,0,NO,"""126,4864;896,4864""",DT_BF16;DT_BF16,ND;ND,"""126,896""",DT_BF16,ND,N/A
0,4294967295,2326,46,AddRmsNormBias,AddRmsNormBias,dynamic,AI_VECTOR_CORE,1790168622720093.825	,12.800,41.749000,42,0,NO,"""126,896;126,896;896;""",DT_BF16;DT_BF16;DT_BF16;DT_UNDEFINED,ND;ND;ND;NULL,"""126,896;126,1;126,896""",DT_BF16;FLOAT;DT_BF16,ND;ND;ND,N/A
0,4294967295,2327,46,aclnnAddmm_CastAiCore_Cast,Cast,dynamic,AI_VECTOR_CORE,1790168622720130.986	,1.400,24.450000,2,0,NO,"""1152""",DT_BF16,ND,"""1152""",FLOAT,ND,N/A
0,4294967295,2328,46,aclnnAddmm_MatMulCommon_MatMulV2,MatMulV2,dynamic,AI_CORE,1790168622720133.366	,9.421,0.850000,24,0,NO,"""126,896;1152,896;1152""",DT_BF16;DT_BF16;FLOAT,ND;ND;ND,"""126,1152""",DT_BF16,ND,N/A
0,4294967295,2329,46,aclnnInplaceCopy_SliceAiCore_Slice,Slice,dynamic,AI_VECTOR_CORE,1790168622720199.409	,2.820,56.829000,12,0,NO,"""126,18,64;3;3""",DT_BF16;INT64;INT64,NCL;ND;ND,"""126,14,64""",DT_BF16,NCL,N/A
0,4294967295,2330,46,aclnnInplaceCopy_SliceAiCore_Slice,Slice,dynamic,AI_VECTOR_CORE,1790168622720202.249	,2.820,0.000000,12,0,NO,"""126,18,64;3;3""",DT_BF16;INT64;INT64,NCL;ND;ND,"""126,2,64""",DT_BF16,NCL,N/A
0,4294967295,2331,46,_triton_rope,_triton_rope,static,AI_VECTOR_CORE,1790168622720388.156	,13.601,183.180000,48,0,YES,"""126,14,64;126,2,64;32768,64""",DT_BF16;32551;DT_BF16,ND;ND;ND,"""126,14,64;126,2,64""",DT_BF16;32551,ND;ND,N/A
0,4294967295,2332,46,aclnnInplaceCopy_SliceAiCore_Slice,Slice,dynamic,AI_VECTOR_CORE,1790168622720738.770	,2.941,336.899000,12,0,NO,"""126,18,64;3;3""",DT_BF16;INT64;INT64,NCL;ND;ND,"""126,2,64""",DT_BF16,NCL,N/A
0,4294967295,2333,46,ReshapeAndCacheNdKernel,ReshapeAndCacheNdKernel,dynamic,AI_VECTOR_CORE,1790168622720759.491	,9.261,17.809000,48,0,NO,"""126,2,64;126,2,64;2,128,2,64;2,128,2,64;126""",DT_BF16;DT_BF16;DT_BF16;DT_BF16;INT32,ND;ND;ND;ND;ND,"""2,128,2,64;2,128,2,64""",DT_BF16;DT_BF16,ND;ND,N/A
0,4294967295,2334,46,aclnnContiguous_SliceAiCore_Slice,Slice,dynamic,AI_VECTOR_CORE,1790168622721117.506	,2.920,348.739000,12,0,NO,"""126,18,64;3;3""",DT_BF16;INT64;INT64,NCL;ND;ND,"""126,2,64""",DT_BF16,NCL,N/A
0,4294967295,2335,46,FusedInferAttentionScore,FusedInferAttentionScore,dynamic,MIX_AIC,1790168622721140.447	,29.401,20.080000,24,48,NO,"""126,14,64;126,2,64;126,2,64;;2048,2048;1;1;;;;;;;;;;;;;;;;;;;;;;;;""",DT_BF16;DT_BF16;DT_BF16;DT_UNDEFINED;INT8;INT64;INT64;DT_UNDEFINED;DT_UNDEFINED;DT_UNDEFINED;DT_UNDEFINED;DT_UNDEFINED;DT_UNDEFINED;DT_UNDEFINED;DT_UNDEFINED;DT_UNDEFINED;DT_UNDEFINED;DT_UNDEFINED;DT_UNDEFINED;DT_UNDEFINED;DT_UNDEFINED;DT_UNDEFINED;DT_UNDEFINED;DT_UNDEFINED;DT_UNDEFINED;DT_UNDEFINED;DT_UNDEFINED;DT_UNDEFINED;DT_UNDEFINED;DT_UNDEFINED;DT_UNDEFINED,ND;ND;ND;NULL;ND;ND;ND;NULL;NULL;NULL;NULL;NULL;NULL;NULL;NULL;NULL;NULL;NULL;NULL;NULL;NULL;NULL;NULL;NULL;NULL;NULL;NULL;NULL;NULL;NULL;NULL,"""126,14,64;""",DT_BF16;FLOAT,ND;ND,0
0,4294967295,2337,46,aclnnMatmul_MatMulCommon_MatMulV2,MatMulV2,dynamic,AI_CORE,1790168622721375.196	,7.880,205.349000,24,0,NO,"""126,896;896,896""",DT_BF16;DT_BF16,ND;ND,"""126,896""",DT_BF16,ND,N/A
0,4294967295,2338,46,AddRmsNormBias,AddRmsNormBias,dynamic,AI_VECTOR_CORE,1790168622721444.459	,13.020,61.370000,42,0,NO,"""126,896;126,896;896;""",DT_BF16;DT_BF16;DT_BF16;DT_UNDEFINED,ND;ND;ND;NULL,"""126,896;126,1;126,896""",DT_BF16;FLOAT;DT_BF16,ND;ND;ND,N/A
0,4294967295,2339,46,aclnnMatmul_MatMulCommon_MatMulV2,MatMulV2,dynamic,AI_CORE,1790168622721488.920	,23.261,31.480000,22,0,NO,"""126,896;9728,896""",DT_BF16;DT_BF16,ND;ND,"""126,9728""",DT_BF16,ND,N/A
0,4294967295,2340,46,SwiGlu,SwiGlu,dynamic,AI_VECTOR_CORE,1790168622721533.282	,15.661,20.989000,48,0,NO,"""126,9728""",DT_BF16,ND,"""126,4864""",DT_BF16,ND,N/A
0,4294967295,2341,46,aclnnMatmul_MatMulCommon_MatMulV2,MatMulV2,dynamic,AI_CORE,1790168622721558.323	,21.921,9.339000,24,0,NO,"""126,4864;896,4864""",DT_BF16;DT_BF16,ND;ND,"""126,896""",DT_BF16,ND,N/A
0,4294967295,2342,46,AddRmsNormBias,AddRmsNormBias,dynamic,AI_VECTOR_CORE,1790168622721625.386	,11.020,45.329000,42,0,NO,"""126,896;126,896;896;""",DT_BF16;DT_BF16;DT_BF16;DT_UNDEFINED,ND;ND;ND;NULL,"""126,896;126,1;126,896""",DT_BF16;FLOAT;DT_BF16,ND;ND;ND,N/A
0,4294967295,2343,46,aclnnAddmm_CastAiCore_Cast,Cast,dynamic,AI_VECTOR_CORE,1790168622721658.787	,1.120,22.230000,2,0,NO,"""1152""",DT_BF16,ND,"""1152""",FLOAT,ND,N/A
0,4294967295,2344,46,aclnnAddmm_MatMulCommon_MatMulV2,MatMulV2,dynamic,AI_CORE,1790168622721662.907	,9.021,3.130000,24,0,NO,"""126,896;1152,896;1152""",DT_BF16;DT_BF16;FLOAT,ND;ND;ND,"""126,1152""",DT_BF16,ND,N/A
0,4294967295,2345,46,aclnnInplaceCopy_SliceAiCore_Slice,Slice,dynamic,AI_VECTOR_CORE,1790168622721724.370	,2.840,52.229000,12,0,NO,"""126,18,64;3;3""",DT_BF16;INT64;INT64,NCL;ND;ND,"""126,14,64""",DT_BF16,NCL,N/A
0,4294967295,2346,46,aclnnInplaceCopy_SliceAiCore_Slice,Slice,dynamic,AI_VECTOR_CORE,1790168622721727.230	,2.860,0.160000,12,0,NO,"""126,18,64;3;3""",DT_BF16;INT64;INT64,NCL;ND;ND,"""126,2,64""",DT_BF16,NCL,N/A
0,4294967295,2347,46,_triton_rope,_triton_rope,static,AI_VECTOR_CORE,1790168622721911.597	,12.621,181.390000,48,0,YES,"""126,14,64;126,2,64;32768,64""",DT_BF16;32551;DT_BF16,ND;ND;ND,"""126,14,64;126,2,64""",DT_BF16;32551,ND;ND,N/A
0,4294967295,2348,46,aclnnInplaceCopy_SliceAiCore_Slice,Slice,dynamic,AI_VECTOR_CORE,1790168622722265.531	,3.181,341.379000,12,0,NO,"""126,18,64;3;3""",DT_BF16;INT64;INT64,NCL;ND;ND,"""126,2,64""",DT_BF16,NCL,N/A
0,4294967295,2349,46,ReshapeAndCacheNdKernel,ReshapeAndCacheNdKernel,dynamic,AI_VECTOR_CORE,1790168622722301.933	,9.080,33.319000,48,0,NO,"""126,2,64;126,2,64;2,128,2,64;2,128,2,64;126""",DT_BF16;DT_BF16;DT_BF16;DT_BF16;INT32,ND;ND;ND;ND;ND,"""2,128,2,64;2,128,2,64""",DT_BF16;DT_BF16,ND;ND,N/A
0,4294967295,2350,46,aclnnContiguous_SliceAiCore_Slice,Slice,dynamic,AI_VECTOR_CORE,1790168622722658.027	,2.900,346.920000,12,0,NO,"""126,18,64;3;3""",DT_BF16;INT64;INT64,NCL;ND;ND,"""126,2,64""",DT_BF16,NCL,N/A
0,4294967295,2351,46,FusedInferAttentionScore,FusedInferAttentionScore,dynamic,MIX_AIC,1790168622722671.268	,29.501,10.350000,24,48,NO,"""126,14,64;126,2,64;126,2,64;;2048,2048;1;1;;;;;;;;;;;;;;;;;;;;;;;;""",DT_BF16;DT_BF16;DT_BF16;DT_UNDEFINED;INT8;INT64;INT64;DT_UNDEFINED;DT_UNDEFINED;DT_UNDEFINED;DT_UNDEFINED;DT_UNDEFINED;DT_UNDEFINED;DT_UNDEFINED;DT_UNDEFINED;DT_UNDEFINED;DT_UNDEFINED;DT_UNDEFINED;DT_UNDEFINED;DT_UNDEFINED;DT_UNDEFINED;DT_UNDEFINED;DT_UNDEFINED;DT_UNDEFINED;DT_UNDEFINED;DT_UNDEFINED;DT_UNDEFINED;DT_UNDEFINED;DT_UNDEFINED;DT_UNDEFINED;DT_UNDEFINED,ND;ND;ND;NULL;ND;ND;ND;NULL;NULL;NULL;NULL;NULL;NULL;NULL;NULL;NULL;NULL;NULL;NULL;NULL;NULL;NULL;NULL;NULL;NULL;NULL;NULL;NULL;NULL;NULL;NULL,"""126,14,64;""",DT_BF16;FLOAT,ND;ND,0
0,4294967295,2353,46,aclnnMatmul_MatMulCommon_MatMulV2,MatMulV2,dynamic,AI_CORE,1790168622722931.718	,8.220,230.999000,24,0,NO,"""126,896;896,896""",DT_BF16;DT_BF16,ND;ND,"""126,896""",DT_BF16,ND,N/A
0,4294967295,2354,46,AddRmsNormBias,AddRmsNormBias,dynamic,AI_VECTOR_CORE,1790168622723002.281	,13.040,62.280000,42,0,NO,"""126,896;126,896;896;""",DT_BF16;DT_BF16;DT_BF16;DT_UNDEFINED,ND;ND;ND;NULL,"""126,896;126,1;126,896""",DT_BF16;FLOAT;DT_BF16,ND;ND;ND,N/A
0,4294967295,2355,46,aclnnMatmul_MatMulCommon_MatMulV2,MatMulV2,dynamic,AI_CORE,1790168622723046.283	,23.061,30.960000,22,0,NO,"""126,896;9728,896""",DT_BF16;DT_BF16,ND;ND,"""126,9728""",DT_BF16,ND,N/A
0,4294967295,2356,46,SwiGlu,SwiGlu,dynamic,AI_VECTOR_CORE,1790168622723081.144	,16.201,11.939000,48,0,NO,"""126,9728""",DT_BF16,ND,"""126,4864""",DT_BF16,ND,N/A
0,4294967295,2357,46,aclnnMatmul_MatMulCommon_MatMulV2,MatMulV2,dynamic,AI_CORE,1790168622723113.665	,22.321,16.299000,24,0,NO,"""126,4864;896,4864""",DT_BF16;DT_BF16,ND;ND,"""126,896""",DT_BF16,ND,N/A
0,4294967295,2358,46,AddRmsNormBias,AddRmsNormBias,dynamic,AI_VECTOR_CORE,1790168622723169.708	,11.260,33.679000,42,0,NO,"""126,896;126,896;896;""",DT_BF16;DT_BF16;DT_BF16;DT_UNDEFINED,ND;ND;ND;NULL,"""126,896;126,1;126,896""",DT_BF16;FLOAT;DT_BF16,ND;ND;ND,N/A
0,4294967295,2359,46,aclnnAddmm_CastAiCore_Cast,Cast,dynamic,AI_VECTOR_CORE,1790168622723207.969	,1.120,26.990000,2,0,NO,"""1152""",DT_BF16,ND,"""1152""",FLOAT,ND,N/A
0,4294967295,2360,46,aclnnAddmm_MatMulCommon_MatMulV2,MatMulV2,dynamic,AI_CORE,1790168622723212.549	,9.201,3.380000,24,0,NO,"""126,896;1152,896;1152""",DT_BF16;DT_BF16;FLOAT,ND;ND;ND,"""126,1152""",DT_BF16,ND,N/A
0,4294967295,2361,46,aclnnInplaceCopy_SliceAiCore_Slice,Slice,dynamic,AI_VECTOR_CORE,1790168622723272.312	,3.060,50.549000,12,0,NO,"""126,18,64;3;3""",DT_BF16;INT64;INT64,NCL;ND;ND,"""126,14,64""",DT_BF16,NCL,N/A
0,4294967295,2362,46,aclnnInplaceCopy_SliceAiCore_Slice,Slice,dynamic,AI_VECTOR_CORE,1790168622723275.392	,2.900,0.190000,12,0,NO,"""126,18,64;3;3""",DT_BF16;INT64;INT64,NCL;ND;ND,"""126,2,64""",DT_BF16,NCL,N/A
0,4294967295,2363,46,_triton_rope,_triton_rope,static,AI_VECTOR_CORE,1790168622723457.759	,12.401,179.350000,48,0,YES,"""126,14,64;126,2,64;32768,64""",DT_BF16;32551;DT_BF16,ND;ND;ND,"""126,14,64;126,2,64""",DT_BF16;32551,ND;ND,N/A
0,4294967295,2364,46,aclnnInplaceCopy_SliceAiCore_Slice,Slice,dynamic,AI_VECTOR_CORE,1790168622723803.813	,3.020,333.599000,12,0,NO,"""126,18,64;3;3""",DT_BF16;INT64;INT64,NCL;ND;ND,"""126,2,64""",DT_BF16,NCL,N/A
0,4294967295,2365,46,ReshapeAndCacheNdKernel,ReshapeAndCacheNdKernel,dynamic,AI_VECTOR_CORE,1790168622723839.634	,9.301,32.980000,48,0,NO,"""126,2,64;126,2,64;2,128,2,64;2,128,2,64;126""",DT_BF16;DT_BF16;DT_BF16;DT_BF16;INT32,ND;ND;ND;ND;ND,"""2,128,2,64;2,128,2,64""",DT_BF16;DT_BF16,ND;ND,N/A
0,4294967295,2366,46,aclnnContiguous_SliceAiCore_Slice,Slice,dynamic,AI_VECTOR_CORE,1790168622724182.048	,2.960,332.949000,12,0,NO,"""126,18,64;3;3""",DT_BF16;INT64;INT64,NCL;ND;ND,"""126,2,64""",DT_BF16,NCL,N/A
0,4294967295,2367,46,FusedInferAttentionScore,FusedInferAttentionScore,dynamic,MIX_AIC,1790168622724197.109	,34.501,12.040000,24,48,NO,"""126,14,64;126,2,64;126,2,64;;2048,2048;1;1;;;;;;;;;;;;;;;;;;;;;;;;""",DT_BF16;DT_BF16;DT_BF16;DT_UNDEFINED;INT8;INT64;INT64;DT_UNDEFINED;DT_UNDEFINED;DT_UNDEFINED;DT_UNDEFINED;DT_UNDEFINED;DT_UNDEFINED;DT_UNDEFINED;DT_UNDEFINED;DT_UNDEFINED;DT_UNDEFINED;DT_UNDEFINED;DT_UNDEFINED;DT_UNDEFINED;DT_UNDEFINED;DT_UNDEFINED;DT_UNDEFINED;DT_UNDEFINED;DT_UNDEFINED;DT_UNDEFINED;DT_UNDEFINED;DT_UNDEFINED;DT_UNDEFINED;DT_UNDEFINED;DT_UNDEFINED,ND;ND;ND;NULL;ND;ND;ND;NULL;NULL;NULL;NULL;NULL;NULL;NULL;NULL;NULL;NULL;NULL;NULL;NULL;NULL;NULL;NULL;NULL;NULL;NULL;NULL;NULL;NULL;NULL;NULL,"""126,14,64;""",DT_BF16;FLOAT,ND;ND,0
0,4294967295,2369,46,aclnnMatmul_MatMulCommon_MatMulV2,MatMulV2,dynamic,AI_CORE,1790168622724432.298	,7.760,200.749000,24,0,NO,"""126,896;896,896""",DT_BF16;DT_BF16,ND;ND,"""126,896""",DT_BF16,ND,N/A
0,4294967295,2370,46,AddRmsNormBias,AddRmsNormBias,dynamic,AI_VECTOR_CORE,1790168622724498.481	,14.900,58.490000,42,0,NO,"""126,896;126,896;896;""",DT_BF16;DT_BF16;DT_BF16;DT_UNDEFINED,ND;ND;ND;NULL,"""126,896;126,1;126,896""",DT_BF16;FLOAT;DT_BF16,ND;ND;ND,N/A
0,4294967295,2371,46,aclnnMatmul_MatMulCommon_MatMulV2,MatMulV2,dynamic,AI_CORE,1790168622724542.183	,23.100,28.850000,22,0,NO,"""126,896;9728,896""",DT_BF16;DT_BF16,ND;ND,"""126,9728""",DT_BF16,ND,N/A
0,4294967295,2372,46,SwiGlu,SwiGlu,dynamic,AI_VECTOR_CORE,1790168622724575.384	,15.660,10.150000,48,0,NO,"""126,9728""",DT_BF16,ND,"""126,4864""",DT_BF16,ND,N/A
0,4294967295,2373,46,aclnnMatmul_MatMulCommon_MatMulV2,MatMulV2,dynamic,AI_CORE,1790168622724607.885	,21.841,16.840000,24,0,NO,"""126,4864;896,4864""",DT_BF16;DT_BF16,ND;ND,"""126,896""",DT_BF16,ND,N/A
0,4294967295,2374,46,AddRmsNormBias,AddRmsNormBias,dynamic,AI_VECTOR_CORE,1790168622724666.928	,11.400,37.159000,42,0,NO,"""126,896;126,896;896;""",DT_BF16;DT_BF16;DT_BF16;DT_UNDEFINED,ND;ND;ND;NULL,"""126,896;126,1;126,896""",DT_BF16;FLOAT;DT_BF16,ND;ND;ND,N/A
0,4294967295,2375,46,aclnnAddmm_CastAiCore_Cast,Cast,dynamic,AI_VECTOR_CORE,1790168622724709.349	,1.060,30.850000,2,0,NO,"""1152""",DT_BF16,ND,"""1152""",FLOAT,ND,N/A
0,4294967295,2376,46,aclnnAddmm_MatMulCommon_MatMulV2,MatMulV2,dynamic,AI_CORE,1790168622724711.889	,8.801,1.690000,24,0,NO,"""126,896;1152,896;1152""",DT_BF16;DT_BF16;FLOAT,ND;ND;ND,"""126,1152""",DT_BF16,ND,N/A
0,4294967295,2377,46,aclnnInplaceCopy_SliceAiCore_Slice,Slice,dynamic,AI_VECTOR_CORE,1790168622724774.052	,2.940,53.199000,12,0,NO,"""126,18,64;3;3""",DT_BF16;INT64;INT64,NCL;ND;ND,"""126,14,64""",DT_BF16,NCL,N/A
0,4294967295,2378,46,aclnnInplaceCopy_SliceAiCore_Slice,Slice,dynamic,AI_VECTOR_CORE,1790168622724777.032	,2.920,0.060000,12,0,NO,"""126,18,64;3;3""",DT_BF16;INT64;INT64,NCL;ND;ND,"""126,2,64""",DT_BF16,NCL,N/A
0,4294967295,2379,46,_triton_rope,_triton_rope,static,AI_VECTOR_CORE,1790168622724963.479	,12.561,183.580000,48,0,YES,"""126,14,64;126,2,64;32768,64""",DT_BF16;32551;DT_BF16,ND;ND;ND,"""126,14,64;126,2,64""",DT_BF16;32551,ND;ND,N/A
0,4294967295,2380,46,aclnnInplaceCopy_SliceAiCore_Slice,Slice,dynamic,AI_VECTOR_CORE,1790168622725330.014	,2.920,353.939000,12,0,NO,"""126,18,64;3;3""",DT_BF16;INT64;INT64,NCL;ND;ND,"""126,2,64""",DT_BF16,NCL,N/A
0,4294967295,2381,46,ReshapeAndCacheNdKernel,ReshapeAndCacheNdKernel,dynamic,AI_VECTOR_CORE,1790168622725363.955	,9.221,31.080000,48,0,NO,"""126,2,64;126,2,64;2,128,2,64;2,128,2,64;126""",DT_BF16;DT_BF16;DT_BF16;DT_BF16;INT32,ND;ND;ND;ND;ND,"""2,128,2,64;2,128,2,64""",DT_BF16;DT_BF16,ND;ND,N/A
0,4294967295,2382,46,aclnnContiguous_SliceAiCore_Slice,Slice,dynamic,AI_VECTOR_CORE,1790168622725709.309	,2.840,336.029000,12,0,NO,"""126,18,64;3;3""",DT_BF16;INT64;INT64,NCL;ND;ND,"""126,2,64""",DT_BF16,NCL,N/A
0,4294967295,2383,46,FusedInferAttentionScore,FusedInferAttentionScore,dynamic,MIX_AIC,1790168622725732.690	,28.261,20.660000,24,48,NO,"""126,14,64;126,2,64;126,2,64;;2048,2048;1;1;;;;;;;;;;;;;;;;;;;;;;;;""",DT_BF16;DT_BF16;DT_BF16;DT_UNDEFINED;INT8;INT64;INT64;DT_UNDEFINED;DT_UNDEFINED;DT_UNDEFINED;DT_UNDEFINED;DT_UNDEFINED;DT_UNDEFINED;DT_UNDEFINED;DT_UNDEFINED;DT_UNDEFINED;DT_UNDEFINED;DT_UNDEFINED;DT_UNDEFINED;DT_UNDEFINED;DT_UNDEFINED;DT_UNDEFINED;DT_UNDEFINED;DT_UNDEFINED;DT_UNDEFINED;DT_UNDEFINED;DT_UNDEFINED;DT_UNDEFINED;DT_UNDEFINED;DT_UNDEFINED;DT_UNDEFINED,ND;ND;ND;NULL;ND;ND;ND;NULL;NULL;NULL;NULL;NULL;NULL;NULL;NULL;NULL;NULL;NULL;NULL;NULL;NULL;NULL;NULL;NULL;NULL;NULL;NULL;NULL;NULL;NULL;NULL,"""126,14,64;""",DT_BF16;FLOAT,ND;ND,0
0,4294967295,2385,46,aclnnMatmul_MatMulCommon_MatMulV2,MatMulV2,dynamic,AI_CORE,1790168622725970.340	,7.960,209.239000,24,0,NO,"""126,896;896,896""",DT_BF16;DT_BF16,ND;ND,"""126,896""",DT_BF16,ND,N/A
0,4294967295,2386,46,AddRmsNormBias,AddRmsNormBias,dynamic,AI_VECTOR_CORE,1790168622726039.502	,13.221,61.290000,42,0,NO,"""126,896;126,896;896;""",DT_BF16;DT_BF16;DT_BF16;DT_UNDEFINED,ND;ND;ND;NULL,"""126,896;126,1;126,896""",DT_BF16;FLOAT;DT_BF16,ND;ND;ND,N/A
0,4294967295,2387,46,aclnnMatmul_MatMulCommon_MatMulV2,MatMulV2,dynamic,AI_CORE,1790168622726074.604	,22.681,21.779000,22,0,NO,"""126,896;9728,896""",DT_BF16;DT_BF16,ND;ND,"""126,9728""",DT_BF16,ND,N/A
0,4294967295,2388,46,SwiGlu,SwiGlu,dynamic,AI_VECTOR_CORE,1790168622726114.025	,16.001,16.819000,48,0,NO,"""126,9728""",DT_BF16,ND,"""126,4864""",DT_BF16,ND,N/A
0,4294967295,2389,46,aclnnMatmul_MatMulCommon_MatMulV2,MatMulV2,dynamic,AI_CORE,1790168622726154.927	,22.061,24.999000,24,0,NO,"""126,4864;896,4864""",DT_BF16;DT_BF16,ND;ND,"""126,896""",DT_BF16,ND,N/A
0,4294967295,2390,46,AddRmsNormBias,AddRmsNormBias,dynamic,AI_VECTOR_CORE,1790168622726212.929	,11.121,35.939000,42,0,NO,"""126,896;126,896;896;""",DT_BF16;DT_BF16;DT_BF16;DT_UNDEFINED,ND;ND;ND;NULL,"""126,896;126,1;126,896""",DT_BF16;FLOAT;DT_BF16,ND;ND;ND,N/A
0,4294967295,2391,46,aclnnAddmm_CastAiCore_Cast,Cast,dynamic,AI_VECTOR_CORE,1790168622726253.451	,1.060,29.379000,2,0,NO,"""1152""",DT_BF16,ND,"""1152""",FLOAT,ND,N/A
0,4294967295,2392,46,aclnnAddmm_MatMulCommon_MatMulV2,MatMulV2,dynamic,AI_CORE,1790168622726255.871	,9.440,1.190000,24,0,NO,"""126,896;1152,896;1152""",DT_BF16;DT_BF16;FLOAT,ND;ND;ND,"""126,1152""",DT_BF16,ND,N/A
0,4294967295,2393,46,aclnnInplaceCopy_SliceAiCore_Slice,Slice,dynamic,AI_VECTOR_CORE,1790168622726314.473	,2.900,49.310000,12,0,NO,"""126,18,64;3;3""",DT_BF16;INT64;INT64,NCL;ND;ND,"""126,14,64""",DT_BF16,NCL,N/A
0,4294967295,2394,46,aclnnInplaceCopy_SliceAiCore_Slice,Slice,dynamic,AI_VECTOR_CORE,1790168622726317.393	,2.881,0.100000,12,0,NO,"""126,18,64;3;3""",DT_BF16;INT64;INT64,NCL;ND;ND,"""126,2,64""",DT_BF16,NCL,N/A
0,4294967295,2395,46,_triton_rope,_triton_rope,static,AI_VECTOR_CORE,1790168622726499.861	,12.640,179.369000,48,0,YES,"""126,14,64;126,2,64;32768,64""",DT_BF16;32551;DT_BF16,ND;ND;ND,"""126,14,64;126,2,64""",DT_BF16;32551,ND;ND,N/A
0,4294967295,2396,46,aclnnInplaceCopy_SliceAiCore_Slice,Slice,dynamic,AI_VECTOR_CORE,1790168622726834.994	,3.120,322.610000,12,0,NO,"""126,18,64;3;3""",DT_BF16;INT64;INT64,NCL;ND;ND,"""126,2,64""",DT_BF16,NCL,N/A
0,4294967295,2397,46,ReshapeAndCacheNdKernel,ReshapeAndCacheNdKernel,dynamic,AI_VECTOR_CORE,1790168622726860.875	,9.301,22.880000,48,0,NO,"""126,2,64;126,2,64;2,128,2,64;2,128,2,64;126""",DT_BF16;DT_BF16;DT_BF16;DT_BF16;INT32,ND;ND;ND;ND;ND,"""2,128,2,64;2,128,2,64""",DT_BF16;DT_BF16,ND;ND,N/A
0,4294967295,2398,46,aclnnContiguous_SliceAiCore_Slice,Slice,dynamic,AI_VECTOR_CORE,1790168622727206.909	,2.860,336.699000,12,0,NO,"""126,18,64;3;3""",DT_BF16;INT64;INT64,NCL;ND;ND,"""126,2,64""",DT_BF16,NCL,N/A
0,4294967295,2399,46,FusedInferAttentionScore,FusedInferAttentionScore,dynamic,MIX_AIC,1790168622727220.670	,30.461,10.890000,24,48,NO,"""126,14,64;126,2,64;126,2,64;;2048,2048;1;1;;;;;;;;;;;;;;;;;;;;;;;;""",DT_BF16;DT_BF16;DT_BF16;DT_UNDEFINED;INT8;INT64;INT64;DT_UNDEFINED;DT_UNDEFINED;DT_UNDEFINED;DT_UNDEFINED;DT_UNDEFINED;DT_UNDEFINED;DT_UNDEFINED;DT_UNDEFINED;DT_UNDEFINED;DT_UNDEFINED;DT_UNDEFINED;DT_UNDEFINED;DT_UNDEFINED;DT_UNDEFINED;DT_UNDEFINED;DT_UNDEFINED;DT_UNDEFINED;DT_UNDEFINED;DT_UNDEFINED;DT_UNDEFINED;DT_UNDEFINED;DT_UNDEFINED;DT_UNDEFINED;DT_UNDEFINED,ND;ND;ND;NULL;ND;ND;ND;NULL;NULL;NULL;NULL;NULL;NULL;NULL;NULL;NULL;NULL;NULL;NULL;NULL;NULL;NULL;NULL;NULL;NULL;NULL;NULL;NULL;NULL;NULL;NULL,"""126,14,64;""",DT_BF16;FLOAT,ND;ND,0
0,4294967295,2401,46,aclnnMatmul_MatMulCommon_MatMulV2,MatMulV2,dynamic,AI_CORE,1790168622727460.299	,7.960,209.039000,24,0,NO,"""126,896;896,896""",DT_BF16;DT_BF16,ND;ND,"""126,896""",DT_BF16,ND,N/A
0,4294967295,2402,46,AddRmsNormBias,AddRmsNormBias,dynamic,AI_VECTOR_CORE,1790168622727527.822	,15.160,59.540000,42,0,NO,"""126,896;126,896;896;""",DT_BF16;DT_BF16;DT_BF16;DT_UNDEFINED,ND;ND;ND;NULL,"""126,896;126,1;126,896""",DT_BF16;FLOAT;DT_BF16,ND;ND;ND,N/A
0,4294967295,2403,46,aclnnMatmul_MatMulCommon_MatMulV2,MatMulV2,dynamic,AI_CORE,1790168622727570.264	,23.321,27.340000,22,0,NO,"""126,896;9728,896""",DT_BF16;DT_BF16,ND;ND,"""126,9728""",DT_BF16,ND,N/A
0,4294967295,2404,46,SwiGlu,SwiGlu,dynamic,AI_VECTOR_CORE,1790168622727603.045	,16.781,9.429000,48,0,NO,"""126,9728""",DT_BF16,ND,"""126,4864""",DT_BF16,ND,N/A
0,4294967295,2405,46,aclnnMatmul_MatMulCommon_MatMulV2,MatMulV2,dynamic,AI_CORE,1790168622727637.866	,22.061,17.969000,24,0,NO,"""126,4864;896,4864""",DT_BF16;DT_BF16,ND;ND,"""126,896""",DT_BF16,ND,N/A
0,4294967295,2406,46,AddRmsNormBias,AddRmsNormBias,dynamic,AI_VECTOR_CORE,1790168622727697.669	,13.000,37.939000,42,0,NO,"""126,896;126,896;896;""",DT_BF16;DT_BF16;DT_BF16;DT_UNDEFINED,ND;ND;ND;NULL,"""126,896;126,1;126,896""",DT_BF16;FLOAT;DT_BF16,ND;ND;ND,N/A
0,4294967295,2407,46,aclnnAddmm_CastAiCore_Cast,Cast,dynamic,AI_VECTOR_CORE,1790168622727739.390	,1.340,28.750000,2,0,NO,"""1152""",DT_BF16,ND,"""1152""",FLOAT,ND,N/A
0,4294967295,2408,46,aclnnAddmm_MatMulCommon_MatMulV2,MatMulV2,dynamic,AI_CORE,1790168622727742.770	,9.721,1.910000,24,0,NO,"""126,896;1152,896;1152""",DT_BF16;DT_BF16;FLOAT,ND;ND;ND,"""126,1152""",DT_BF16,ND,N/A
0,4294967295,2409,46,aclnnInplaceCopy_SliceAiCore_Slice,Slice,dynamic,AI_VECTOR_CORE,1790168622727799.693	,2.900,47.279000,12,0,NO,"""126,18,64;3;3""",DT_BF16;INT64;INT64,NCL;ND;ND,"""126,14,64""",DT_BF16,NCL,N/A
0,4294967295,2410,46,aclnnInplaceCopy_SliceAiCore_Slice,Slice,dynamic,AI_VECTOR_CORE,1790168622727802.633	,2.880,0.100000,12,0,NO,"""126,18,64;3;3""",DT_BF16;INT64;INT64,NCL;ND;ND,"""126,2,64""",DT_BF16,NCL,N/A
0,4294967295,2411,46,_triton_rope,_triton_rope,static,AI_VECTOR_CORE,1790168622727985.320	,12.661,179.620000,48,0,YES,"""126,14,64;126,2,64;32768,64""",DT_BF16;32551;DT_BF16,ND;ND;ND,"""126,14,64;126,2,64""",DT_BF16;32551,ND;ND,N/A
0,4294967295,2412,46,aclnnInplaceCopy_SliceAiCore_Slice,Slice,dynamic,AI_VECTOR_CORE,1790168622728336.274	,2.940,338.339000,12,0,NO,"""126,18,64;3;3""",DT_BF16;INT64;INT64,NCL;ND;ND,"""126,2,64""",DT_BF16,NCL,N/A
0,4294967295,2413,46,ReshapeAndCacheNdKernel,ReshapeAndCacheNdKernel,dynamic,AI_VECTOR_CORE,1790168622728369.396	,9.360,30.310000,48,0,NO,"""126,2,64;126,2,64;2,128,2,64;2,128,2,64;126""",DT_BF16;DT_BF16;DT_BF16;DT_BF16;INT32,ND;ND;ND;ND;ND,"""2,128,2,64;2,128,2,64""",DT_BF16;DT_BF16,ND;ND,N/A
0,4294967295,2414,46,aclnnContiguous_SliceAiCore_Slice,Slice,dynamic,AI_VECTOR_CORE,1790168622728716.149	,2.881,337.390000,12,0,NO,"""126,18,64;3;3""",DT_BF16;INT64;INT64,NCL;ND;ND,"""126,2,64""",DT_BF16,NCL,N/A
0,4294967295,2415,46,FusedInferAttentionScore,FusedInferAttentionScore,dynamic,MIX_AIC,1790168622728730.330	,29.941,11.119000,24,48,NO,"""126,14,64;126,2,64;126,2,64;;2048,2048;1;1;;;;;;;;;;;;;;;;;;;;;;;;""",DT_BF16;DT_BF16;DT_BF16;DT_UNDEFINED;INT8;INT64;INT64;DT_UNDEFINED;DT_UNDEFINED;DT_UNDEFINED;DT_UNDEFINED;DT_UNDEFINED;DT_UNDEFINED;DT_UNDEFINED;DT_UNDEFINED;DT_UNDEFINED;DT_UNDEFINED;DT_UNDEFINED;DT_UNDEFINED;DT_UNDEFINED;DT_UNDEFINED;DT_UNDEFINED;DT_UNDEFINED;DT_UNDEFINED;DT_UNDEFINED;DT_UNDEFINED;DT_UNDEFINED;DT_UNDEFINED;DT_UNDEFINED;DT_UNDEFINED;DT_UNDEFINED,ND;ND;ND;NULL;ND;ND;ND;NULL;NULL;NULL;NULL;NULL;NULL;NULL;NULL;NULL;NULL;NULL;NULL;NULL;NULL;NULL;NULL;NULL;NULL;NULL;NULL;NULL;NULL;NULL;NULL,"""126,14,64;""",DT_BF16;FLOAT,ND;ND,0
0,4294967295,2417,46,aclnnMatmul_MatMulCommon_MatMulV2,MatMulV2,dynamic,AI_CORE,1790168622728979.320	,8.020,219.059000,24,0,NO,"""126,896;896,896""",DT_BF16;DT_BF16,ND;ND,"""126,896""",DT_BF16,ND,N/A
0,4294967295,2418,46,AddRmsNormBias,AddRmsNormBias,dynamic,AI_VECTOR_CORE,1790168622729047.523	,13.340,60.230000,42,0,NO,"""126,896;126,896;896;""",DT_BF16;DT_BF16;DT_BF16;DT_UNDEFINED,ND;ND;ND;NULL,"""126,896;126,1;126,896""",DT_BF16;FLOAT;DT_BF16,ND;ND;ND,N/A
0,4294967295,2419,46,aclnnMatmul_MatMulCommon_MatMulV2,MatMulV2,dynamic,AI_CORE,1790168622729091.484	,22.781,30.660000,22,0,NO,"""126,896;9728,896""",DT_BF16;DT_BF16,ND;ND,"""126,9728""",DT_BF16,ND,N/A
0,4294967295,2420,46,SwiGlu,SwiGlu,dynamic,AI_VECTOR_CORE,1790168622729128.546	,20.961,14.219000,48,0,NO,"""126,9728""",DT_BF16,ND,"""126,4864""",DT_BF16,ND,N/A
0,4294967295,2421,46,aclnnMatmul_MatMulCommon_MatMulV2,MatMulV2,dynamic,AI_CORE,1790168622729168.287	,22.201,18.789000,24,0,NO,"""126,4864;896,4864""",DT_BF16;DT_BF16,ND;ND,"""126,896""",DT_BF16,ND,N/A
0,4294967295,2422,46,AddRmsNormBias,AddRmsNormBias,dynamic,AI_VECTOR_CORE,1790168622729225.850	,11.500,35.299000,42,0,NO,"""126,896;126,896;896;""",DT_BF16;DT_BF16;DT_BF16;DT_UNDEFINED,ND;ND;ND;NULL,"""126,896;126,1;126,896""",DT_BF16;FLOAT;DT_BF16,ND;ND;ND,N/A
0,4294967295,2423,46,aclnnAddmm_CastAiCore_Cast,Cast,dynamic,AI_VECTOR_CORE,1790168622729266.311	,1.340,29.000000,2,0,NO,"""1152""",DT_BF16,ND,"""1152""",FLOAT,ND,N/A
0,4294967295,2424,46,aclnnAddmm_MatMulCommon_MatMulV2,MatMulV2,dynamic,AI_CORE,1790168622729268.911	,10.021,1.410000,24,0,NO,"""126,896;1152,896;1152""",DT_BF16;DT_BF16;FLOAT,ND;ND;ND,"""126,1152""",DT_BF16,ND,N/A
0,4294967295,2425,46,aclnnInplaceCopy_SliceAiCore_Slice,Slice,dynamic,AI_VECTOR_CORE,1790168622729329.194	,2.880,50.229000,12,0,NO,"""126,18,64;3;3""",DT_BF16;INT64;INT64,NCL;ND;ND,"""126,14,64""",DT_BF16,NCL,N/A
0,4294967295,2426,46,aclnnInplaceCopy_SliceAiCore_Slice,Slice,dynamic,AI_VECTOR_CORE,1790168622729332.094	,2.800,0.000000,12,0,NO,"""126,18,64;3;3""",DT_BF16;INT64;INT64,NCL;ND;ND,"""126,2,64""",DT_BF16,NCL,N/A
0,4294967295,2427,46,_triton_rope,_triton_rope,static,AI_VECTOR_CORE,1790168622729512.721	,12.741,177.950000,48,0,YES,"""126,14,64;126,2,64;32768,64""",DT_BF16;32551;DT_BF16,ND;ND;ND,"""126,14,64;126,2,64""",DT_BF16;32551,ND;ND,N/A
0,4294967295,2428,46,aclnnInplaceCopy_SliceAiCore_Slice,Slice,dynamic,AI_VECTOR_CORE,1790168622729857.575	,3.140,332.009000,12,0,NO,"""126,18,64;3;3""",DT_BF16;INT64;INT64,NCL;ND;ND,"""126,2,64""",DT_BF16,NCL,N/A
0,4294967295,2429,46,ReshapeAndCacheNdKernel,ReshapeAndCacheNdKernel,dynamic,AI_VECTOR_CORE,1790168622729887.176	,9.381,26.610000,48,0,NO,"""126,2,64;126,2,64;2,128,2,64;2,128,2,64;126""",DT_BF16;DT_BF16;DT_BF16;DT_BF16;INT32,ND;ND;ND;ND;ND,"""2,128,2,64;2,128,2,64""",DT_BF16;DT_BF16,ND;ND,N/A
0,4294967295,2430,46,aclnnContiguous_SliceAiCore_Slice,Slice,dynamic,AI_VECTOR_CORE,1790168622730243.430	,2.961,346.869000,12,0,NO,"""126,18,64;3;3""",DT_BF16;INT64;INT64,NCL;ND;ND,"""126,2,64""",DT_BF16,NCL,N/A
0,4294967295,2431,46,FusedInferAttentionScore,FusedInferAttentionScore,dynamic,MIX_AIC,1790168622730254.131	,30.421,7.789000,24,48,NO,"""126,14,64;126,2,64;126,2,64;;2048,2048;1;1;;;;;;;;;;;;;;;;;;;;;;;;""",DT_BF16;DT_BF16;DT_BF16;DT_UNDEFINED;INT8;INT64;INT64;DT_UNDEFINED;DT_UNDEFINED;DT_UNDEFINED;DT_UNDEFINED;DT_UNDEFINED;DT_UNDEFINED;DT_UNDEFINED;DT_UNDEFINED;DT_UNDEFINED;DT_UNDEFINED;DT_UNDEFINED;DT_UNDEFINED;DT_UNDEFINED;DT_UNDEFINED;DT_UNDEFINED;DT_UNDEFINED;DT_UNDEFINED;DT_UNDEFINED;DT_UNDEFINED;DT_UNDEFINED;DT_UNDEFINED;DT_UNDEFINED;DT_UNDEFINED;DT_UNDEFINED,ND;ND;ND;NULL;ND;ND;ND;NULL;NULL;NULL;NULL;NULL;NULL;NULL;NULL;NULL;NULL;NULL;NULL;NULL;NULL;NULL;NULL;NULL;NULL;NULL;NULL;NULL;NULL;NULL;NULL,"""126,14,64;""",DT_BF16;FLOAT,ND;ND,0
0,4294967295,2433,46,aclnnMatmul_MatMulCommon_MatMulV2,MatMulV2,dynamic,AI_CORE,1790168622730500.061	,8.060,215.329000,24,0,NO,"""126,896;896,896""",DT_BF16;DT_BF16,ND;ND,"""126,896""",DT_BF16,ND,N/A
0,4294967295,2434,46,AddRmsNormBias,AddRmsNormBias,dynamic,AI_VECTOR_CORE,1790168622730569.223	,13.721,61.190000,42,0,NO,"""126,896;126,896;896;""",DT_BF16;DT_BF16;DT_BF16;DT_UNDEFINED,ND;ND;ND;NULL,"""126,896;126,1;126,896""",DT_BF16;FLOAT;DT_BF16,ND;ND;ND,N/A
0,4294967295,2435,46,aclnnMatmul_MatMulCommon_MatMulV2,MatMulV2,dynamic,AI_CORE,1790168622730615.625	,23.301,32.529000,22,0,NO,"""126,896;9728,896""",DT_BF16;DT_BF16,ND;ND,"""126,9728""",DT_BF16,ND,N/A
0,4294967295,2436,46,SwiGlu,SwiGlu,dynamic,AI_VECTOR_CORE,1790168622730640.866	,19.041,1.949000,48,0,NO,"""126,9728""",DT_BF16,ND,"""126,4864""",DT_BF16,ND,N/A
0,4294967295,2437,46,aclnnMatmul_MatMulCommon_MatMulV2,MatMulV2,dynamic,AI_CORE,1790168622730687.748	,22.581,27.959000,24,0,NO,"""126,4864;896,4864""",DT_BF16;DT_BF16,ND;ND,"""126,896""",DT_BF16,ND,N/A
0,4294967295,2438,46,AddRmsNormBias,AddRmsNormBias,dynamic,AI_VECTOR_CORE,1790168622730742.990	,10.981,32.669000,42,0,NO,"""126,896;126,896;896;""",DT_BF16;DT_BF16;DT_BF16;DT_UNDEFINED,ND;ND;ND;NULL,"""126,896;126,1;126,896""",DT_BF16;FLOAT;DT_BF16,ND;ND;ND,N/A
0,4294967295,2439,46,aclnnAddmm_CastAiCore_Cast,Cast,dynamic,AI_VECTOR_CORE,1790168622730786.772	,1.040,32.769000,2,0,NO,"""1152""",DT_BF16,ND,"""1152""",FLOAT,ND,N/A
0,4294967295,2440,46,aclnnAddmm_MatMulCommon_MatMulV2,MatMulV2,dynamic,AI_CORE,1790168622730789.712	,9.401,1.960000,24,0,NO,"""126,896;1152,896;1152""",DT_BF16;DT_BF16;FLOAT,ND;ND;ND,"""126,1152""",DT_BF16,ND,N/A
0,4294967295,2441,46,aclnnInplaceCopy_SliceAiCore_Slice,Slice,dynamic,AI_VECTOR_CORE,1790168622730845.875	,3.060,46.849000,12,0,NO,"""126,18,64;3;3""",DT_BF16;INT64;INT64,NCL;ND;ND,"""126,14,64""",DT_BF16,NCL,N/A
0,4294967295,2442,46,aclnnInplaceCopy_SliceAiCore_Slice,Slice,dynamic,AI_VECTOR_CORE,1790168622730848.955	,2.840,0.000000,12,0,NO,"""126,18,64;3;3""",DT_BF16;INT64;INT64,NCL;ND;ND,"""126,2,64""",DT_BF16,NCL,N/A
0,4294967295,2443,46,_triton_rope,_triton_rope,static,AI_VECTOR_CORE,1790168622731032.342	,13.341,180.410000,48,0,YES,"""126,14,64;126,2,64;32768,64""",DT_BF16;32551;DT_BF16,ND;ND;ND,"""126,14,64;126,2,64""",DT_BF16;32551,ND;ND,N/A
0,4294967295,2444,46,aclnnInplaceCopy_SliceAiCore_Slice,Slice,dynamic,AI_VECTOR_CORE,1790168622731376.776	,3.300,331.159000,12,0,NO,"""126,18,64;3;3""",DT_BF16;INT64;INT64,NCL;ND;ND,"""126,2,64""",DT_BF16,NCL,N/A
0,4294967295,2445,46,ReshapeAndCacheNdKernel,ReshapeAndCacheNdKernel,dynamic,AI_VECTOR_CORE,1790168622731408.457	,14.821,28.450000,48,0,NO,"""126,2,64;126,2,64;2,128,2,64;2,128,2,64;126""",DT_BF16;DT_BF16;DT_BF16;DT_BF16;INT32,ND;ND;ND;ND;ND,"""2,128,2,64;2,128,2,64""",DT_BF16;DT_BF16,ND;ND,N/A
0,4294967295,2446,46,aclnnContiguous_SliceAiCore_Slice,Slice,dynamic,AI_VECTOR_CORE,1790168622731759.891	,2.900,336.679000,12,0,NO,"""126,18,64;3;3""",DT_BF16;INT64;INT64,NCL;ND;ND,"""126,2,64""",DT_BF16,NCL,N/A
0,4294967295,2447,46,FusedInferAttentionScore,FusedInferAttentionScore,dynamic,MIX_AIC,1790168622731774.412	,28.921,11.600000,24,48,NO,"""126,14,64;126,2,64;126,2,64;;2048,2048;1;1;;;;;;;;;;;;;;;;;;;;;;;;""",DT_BF16;DT_BF16;DT_BF16;DT_UNDEFINED;INT8;INT64;INT64;DT_UNDEFINED;DT_UNDEFINED;DT_UNDEFINED;DT_UNDEFINED;DT_UNDEFINED;DT_UNDEFINED;DT_UNDEFINED;DT_UNDEFINED;DT_UNDEFINED;DT_UNDEFINED;DT_UNDEFINED;DT_UNDEFINED;DT_UNDEFINED;DT_UNDEFINED;DT_UNDEFINED;DT_UNDEFINED;DT_UNDEFINED;DT_UNDEFINED;DT_UNDEFINED;DT_UNDEFINED;DT_UNDEFINED;DT_UNDEFINED;DT_UNDEFINED;DT_UNDEFINED,ND;ND;ND;NULL;ND;ND;ND;NULL;NULL;NULL;NULL;NULL;NULL;NULL;NULL;NULL;NULL;NULL;NULL;NULL;NULL;NULL;NULL;NULL;NULL;NULL;NULL;NULL;NULL;NULL;NULL,"""126,14,64;""",DT_BF16;FLOAT,ND;ND,0
0,4294967295,2449,46,aclnnMatmul_MatMulCommon_MatMulV2,MatMulV2,dynamic,AI_CORE,1790168622732011.021	,7.760,207.579000,24,0,NO,"""126,896;896,896""",DT_BF16;DT_BF16,ND;ND,"""126,896""",DT_BF16,ND,N/A
0,4294967295,2450,46,AddRmsNormBias,AddRmsNormBias,dynamic,AI_VECTOR_CORE,1790168622732079.724	,12.980,60.990000,42,0,NO,"""126,896;126,896;896;""",DT_BF16;DT_BF16;DT_BF16;DT_UNDEFINED,ND;ND;ND;NULL,"""126,896;126,1;126,896""",DT_BF16;FLOAT;DT_BF16,ND;ND;ND,N/A
0,4294967295,2451,46,aclnnMatmul_MatMulCommon_MatMulV2,MatMulV2,dynamic,AI_CORE,1790168622732123.226	,23.101,30.520000,22,0,NO,"""126,896;9728,896""",DT_BF16;DT_BF16,ND;ND,"""126,9728""",DT_BF16,ND,N/A
0,4294967295,2452,46,SwiGlu,SwiGlu,dynamic,AI_VECTOR_CORE,1790168622732151.727	,16.180,5.399000,48,0,NO,"""126,9728""",DT_BF16,ND,"""126,4864""",DT_BF16,ND,N/A
0,4294967295,2453,46,aclnnMatmul_MatMulCommon_MatMulV2,MatMulV2,dynamic,AI_CORE,1790168622732197.509	,22.400,29.570000,24,0,NO,"""126,4864;896,4864""",DT_BF16;DT_BF16,ND;ND,"""126,896""",DT_BF16,ND,N/A
0,4294967295,2454,46,AddRmsNormBias,AddRmsNormBias,dynamic,AI_VECTOR_CORE,1790168622732256.431	,10.960,36.600000,42,0,NO,"""126,896;126,896;896;""",DT_BF16;DT_BF16;DT_BF16;DT_UNDEFINED,ND;ND;ND;NULL,"""126,896;126,1;126,896""",DT_BF16;FLOAT;DT_BF16,ND;ND;ND,N/A
0,4294967295,2455,46,aclnnAddmm_CastAiCore_Cast,Cast,dynamic,AI_VECTOR_CORE,1790168622732300.673	,1.080,33.290000,2,0,NO,"""1152""",DT_BF16,ND,"""1152""",FLOAT,ND,N/A
0,4294967295,2456,46,aclnnAddmm_MatMulCommon_MatMulV2,MatMulV2,dynamic,AI_CORE,1790168622732303.053	,9.080,1.170000,24,0,NO,"""126,896;1152,896;1152""",DT_BF16;DT_BF16;FLOAT,ND;ND;ND,"""126,1152""",DT_BF16,ND,N/A
0,4294967295,2457,46,aclnnInplaceCopy_SliceAiCore_Slice,Slice,dynamic,AI_VECTOR_CORE,1790168622732363.435	,3.560,51.420000,12,0,NO,"""126,18,64;3;3""",DT_BF16;INT64;INT64,NCL;ND;ND,"""126,14,64""",DT_BF16,NCL,N/A
0,4294967295,2458,46,aclnnInplaceCopy_SliceAiCore_Slice,Slice,dynamic,AI_VECTOR_CORE,1790168622732367.015	,2.860,0.000000,12,0,NO,"""126,18,64;3;3""",DT_BF16;INT64;INT64,NCL;ND;ND,"""126,2,64""",DT_BF16,NCL,N/A
0,4294967295,2459,46,_triton_rope,_triton_rope,static,AI_VECTOR_CORE,1790168622732549.303	,12.500,179.390000,48,0,YES,"""126,14,64;126,2,64;32768,64""",DT_BF16;32551;DT_BF16,ND;ND;ND,"""126,14,64;126,2,64""",DT_BF16;32551,ND;ND,N/A
0,4294967295,2460,46,aclnnInplaceCopy_SliceAiCore_Slice,Slice,dynamic,AI_VECTOR_CORE,1790168622732907.937	,2.960,346.250000,12,0,NO,"""126,18,64;3;3""",DT_BF16;INT64;INT64,NCL;ND;ND,"""126,2,64""",DT_BF16,NCL,N/A
0,4294967295,2461,46,ReshapeAndCacheNdKernel,ReshapeAndCacheNdKernel,dynamic,AI_VECTOR_CORE,1790168622732933.738	,9.240,22.790000,48,0,NO,"""126,2,64;126,2,64;2,128,2,64;2,128,2,64;126""",DT_BF16;DT_BF16;DT_BF16;DT_BF16;INT32,ND;ND;ND;ND;ND,"""2,128,2,64;2,128,2,64""",DT_BF16;DT_BF16,ND;ND,N/A
0,4294967295,2462,46,aclnnContiguous_SliceAiCore_Slice,Slice,dynamic,AI_VECTOR_CORE,1790168622733316.793	,2.920,373.760000,12,0,NO,"""126,18,64;3;3""",DT_BF16;INT64;INT64,NCL;ND;ND,"""126,2,64""",DT_BF16,NCL,N/A
0,4294967295,2463,46,FusedInferAttentionScore,FusedInferAttentionScore,dynamic,MIX_AIC,1790168622733332.274	,30.081,12.580000,24,48,NO,"""126,14,64;126,2,64;126,2,64;;2048,2048;1;1;;;;;;;;;;;;;;;;;;;;;;;;""",DT_BF16;DT_BF16;DT_BF16;DT_UNDEFINED;INT8;INT64;INT64;DT_UNDEFINED;DT_UNDEFINED;DT_UNDEFINED;DT_UNDEFINED;DT_UNDEFINED;DT_UNDEFINED;DT_UNDEFINED;DT_UNDEFINED;DT_UNDEFINED;DT_UNDEFINED;DT_UNDEFINED;DT_UNDEFINED;DT_UNDEFINED;DT_UNDEFINED;DT_UNDEFINED;DT_UNDEFINED;DT_UNDEFINED;DT_UNDEFINED;DT_UNDEFINED;DT_UNDEFINED;DT_UNDEFINED;DT_UNDEFINED;DT_UNDEFINED;DT_UNDEFINED,ND;ND;ND;NULL;ND;ND;ND;NULL;NULL;NULL;NULL;NULL;NULL;NULL;NULL;NULL;NULL;NULL;NULL;NULL;NULL;NULL;NULL;NULL;NULL;NULL;NULL;NULL;NULL;NULL;NULL,"""126,14,64;""",DT_BF16;FLOAT,ND;ND,0
0,4294967295,2465,46,aclnnMatmul_MatMulCommon_MatMulV2,MatMulV2,dynamic,AI_CORE,1790168622733593.984	,7.781,231.669000,24,0,NO,"""126,896;896,896""",DT_BF16;DT_BF16,ND;ND,"""126,896""",DT_BF16,ND,N/A
0,4294967295,2466,46,AddRmsNormBias,AddRmsNormBias,dynamic,AI_VECTOR_CORE,1790168622733662.807	,14.741,60.969000,42,0,NO,"""126,896;126,896;896;""",DT_BF16;DT_BF16;DT_BF16;DT_UNDEFINED,ND;ND;ND;NULL,"""126,896;126,1;126,896""",DT_BF16;FLOAT;DT_BF16,ND;ND;ND,N/A
0,4294967295,2467,46,aclnnMatmul_MatMulCommon_MatMulV2,MatMulV2,dynamic,AI_CORE,1790168622733703.609	,23.301,26.009000,22,0,NO,"""126,896;9728,896""",DT_BF16;DT_BF16,ND;ND,"""126,9728""",DT_BF16,ND,N/A
0,4294967295,2468,46,SwiGlu,SwiGlu,dynamic,AI_VECTOR_CORE,1790168622733727.810	,16.500,0.949000,48,0,NO,"""126,9728""",DT_BF16,ND,"""126,4864""",DT_BF16,ND,N/A
0,4294967295,2469,46,aclnnMatmul_MatMulCommon_MatMulV2,MatMulV2,dynamic,AI_CORE,1790168622733773.972	,22.941,29.750000,24,0,NO,"""126,4864;896,4864""",DT_BF16;DT_BF16,ND;ND,"""126,896""",DT_BF16,ND,N/A
0,4294967295,2470,46,AddRmsNormBias,AddRmsNormBias,dynamic,AI_VECTOR_CORE,1790168622733829.954	,12.620,33.059000,42,0,NO,"""126,896;126,896;896;""",DT_BF16;DT_BF16;DT_BF16;DT_UNDEFINED,ND;ND;ND;NULL,"""126,896;126,1;126,896""",DT_BF16;FLOAT;DT_BF16,ND;ND;ND,N/A
0,4294967295,2471,46,aclnnAddmm_CastAiCore_Cast,Cast,dynamic,AI_VECTOR_CORE,1790168622733866.935	,1.180,24.380000,2,0,NO,"""1152""",DT_BF16,ND,"""1152""",FLOAT,ND,N/A
0,4294967295,2472,46,aclnnAddmm_MatMulCommon_MatMulV2,MatMulV2,dynamic,AI_CORE,1790168622733871.155	,9.641,3.070000,24,0,NO,"""126,896;1152,896;1152""",DT_BF16;DT_BF16;FLOAT,ND;ND;ND,"""126,1152""",DT_BF16,ND,N/A
0,4294967295,2473,46,aclnnInplaceCopy_SliceAiCore_Slice,Slice,dynamic,AI_VECTOR_CORE,1790168622733932.898	,2.980,52.109000,12,0,NO,"""126,18,64;3;3""",DT_BF16;INT64;INT64,NCL;ND;ND,"""126,14,64""",DT_BF16,NCL,N/A
0,4294967295,2474,46,aclnnInplaceCopy_SliceAiCore_Slice,Slice,dynamic,AI_VECTOR_CORE,1790168622733935.898	,2.920,0.020000,12,0,NO,"""126,18,64;3;3""",DT_BF16;INT64;INT64,NCL;ND;ND,"""126,2,64""",DT_BF16,NCL,N/A
0,4294967295,2475,46,_triton_rope,_triton_rope,static,AI_VECTOR_CORE,1790168622734120.145	,14.181,181.330000,48,0,YES,"""126,14,64;126,2,64;32768,64""",DT_BF16;32551;DT_BF16,ND;ND;ND,"""126,14,64;126,2,64""",DT_BF16;32551,ND;ND,N/A
0,4294967295,2476,46,aclnnInplaceCopy_SliceAiCore_Slice,Slice,dynamic,AI_VECTOR_CORE,1790168622734472.460	,3.040,338.069000,12,0,NO,"""126,18,64;3;3""",DT_BF16;INT64;INT64,NCL;ND;ND,"""126,2,64""",DT_BF16,NCL,N/A
0,4294967295,2477,46,ReshapeAndCacheNdKernel,ReshapeAndCacheNdKernel,dynamic,AI_VECTOR_CORE,1790168622734490.900	,9.361,15.460000,48,0,NO,"""126,2,64;126,2,64;2,128,2,64;2,128,2,64;126""",DT_BF16;DT_BF16;DT_BF16;DT_BF16;INT32,ND;ND;ND;ND;ND,"""2,128,2,64;2,128,2,64""",DT_BF16;DT_BF16,ND;ND,N/A
0,4294967295,2478,46,aclnnContiguous_SliceAiCore_Slice,Slice,dynamic,AI_VECTOR_CORE,1790168622734842.174	,2.820,341.889000,12,0,NO,"""126,18,64;3;3""",DT_BF16;INT64;INT64,NCL;ND;ND,"""126,2,64""",DT_BF16,NCL,N/A
0,4294967295,2479,46,FusedInferAttentionScore,FusedInferAttentionScore,dynamic,MIX_AIC,1790168622734853.795	,30.261,8.680000,24,48,NO,"""126,14,64;126,2,64;126,2,64;;2048,2048;1;1;;;;;;;;;;;;;;;;;;;;;;;;""",DT_BF16;DT_BF16;DT_BF16;DT_UNDEFINED;INT8;INT64;INT64;DT_UNDEFINED;DT_UNDEFINED;DT_UNDEFINED;DT_UNDEFINED;DT_UNDEFINED;DT_UNDEFINED;DT_UNDEFINED;DT_UNDEFINED;DT_UNDEFINED;DT_UNDEFINED;DT_UNDEFINED;DT_UNDEFINED;DT_UNDEFINED;DT_UNDEFINED;DT_UNDEFINED;DT_UNDEFINED;DT_UNDEFINED;DT_UNDEFINED;DT_UNDEFINED;DT_UNDEFINED;DT_UNDEFINED;DT_UNDEFINED;DT_UNDEFINED;DT_UNDEFINED,ND;ND;ND;NULL;ND;ND;ND;NULL;NULL;NULL;NULL;NULL;NULL;NULL;NULL;NULL;NULL;NULL;NULL;NULL;NULL;NULL;NULL;NULL;NULL;NULL;NULL;NULL;NULL;NULL;NULL,"""126,14,64;""",DT_BF16;FLOAT,ND;ND,0
0,4294967295,2481,46,aclnnMatmul_MatMulCommon_MatMulV2,MatMulV2,dynamic,AI_CORE,1790168622735091.704	,7.581,207.739000,24,0,NO,"""126,896;896,896""",DT_BF16;DT_BF16,ND;ND,"""126,896""",DT_BF16,ND,N/A
0,4294967295,2482,46,AddRmsNormBias,AddRmsNormBias,dynamic,AI_VECTOR_CORE,1790168622735159.907	,12.621,60.669000,42,0,NO,"""126,896;126,896;896;""",DT_BF16;DT_BF16;DT_BF16;DT_UNDEFINED,ND;ND;ND;NULL,"""126,896;126,1;126,896""",DT_BF16;FLOAT;DT_BF16,ND;ND;ND,N/A
0,4294967295,2483,46,aclnnMatmul_MatMulCommon_MatMulV2,MatMulV2,dynamic,AI_CORE,1790168622735202.069	,23.261,29.379000,22,0,NO,"""126,896;9728,896""",DT_BF16;DT_BF16,ND;ND,"""126,9728""",DT_BF16,ND,N/A
0,4294967295,2484,46,SwiGlu,SwiGlu,dynamic,AI_VECTOR_CORE,1790168622735226.350	,15.620,0.989000,48,0,NO,"""126,9728""",DT_BF16,ND,"""126,4864""",DT_BF16,ND,N/A
0,4294967295,2485,46,aclnnMatmul_MatMulCommon_MatMulV2,MatMulV2,dynamic,AI_CORE,1790168622735276.172	,21.881,34.380000,24,0,NO,"""126,4864;896,4864""",DT_BF16;DT_BF16,ND;ND,"""126,896""",DT_BF16,ND,N/A
0,4294967295,2486,46,AddRmsNormBias,AddRmsNormBias,dynamic,AI_VECTOR_CORE,1790168622735336.474	,10.921,38.369000,42,0,NO,"""126,896;126,896;896;""",DT_BF16;DT_BF16;DT_BF16;DT_UNDEFINED,ND;ND;ND;NULL,"""126,896;126,1;126,896""",DT_BF16;FLOAT;DT_BF16,ND;ND;ND,N/A
0,4294967295,2487,46,aclnnIndex_IndexAiCore_Index,Index,dynamic,AI_VECTOR_CORE,1790168622735411.197	,8.240,63.829000,48,0,NO,"""126,896;1;2;1""",DT_BF16;INT64;INT64;INT32,ND;ND;ND;ND,"""1,896""",DT_BF16,ND,N/A
0,4294967295,2488,46,aclnnMatmul_MatMulCommon_MatMulV2,MatMulV2,dynamic,AI_CORE,1790168622735442.698	,232.210,23.260000,24,0,NO,"""1,896;151936,896""",DT_BF16;DT_BF16,ND;ND,"""1,151936""",DT_BF16,ND,N/A
0,4294967295,2489,46,aclnnInplaceCopy_CastAiCore_Cast,Cast,dynamic,AI_VECTOR_CORE,1790168622735915.137	,8.721,240.290000,48,0,NO,"""1,151936""",DT_BF16,ND,"""1,151936""",FLOAT,ND,N/A
0,4294967295,2490,46,aclnnInplaceZero_ZerosLikeAiCore_ZerosLike,ZerosLike,dynamic,AI_VECTOR_CORE,1790168622736026.242	,8.340,102.279000,48,0,NO,"""1,151936""",INT32,ND,"""1,151936""",INT32,ND,N/A
0,4294967295,2491,46,token_bin_counts_and_mask_kernel,token_bin_counts_and_mask_kernel,static,AI_VECTOR_CORE,1790168622736197.208	,57.683,162.660000,1,0,YES,"""1,126;1,151936""",INT64;FLOAT,ND;ND,"""1,151936""",FLOAT,ND,N/A
0,4294967295,2492,46,aclnnGtScalar_CastAiCore_Cast,Cast,dynamic,AI_VECTOR_CORE,1790168622736254.911	,9.140,0.067000,48,0,NO,"""1,151936""",INT32,ND,"""1,151936""",INT64,ND,N/A
0,4294967295,2493,46,aclnnGtScalar_GreaterAiCore_Greater,Greater,dynamic,AI_VECTOR_CORE,1790168622736264.071	,16.121,0.000000,48,0,NO,"""1,151936;""",INT64;INT64,ND;ND,"""1,151936""",BOOL,ND,N/A
0,4294967295,2494,46,aclnnInplaceZero_ZerosLikeAiCore_ZerosLike,ZerosLike,dynamic,AI_VECTOR_CORE,1790168622736280.212	,2.280,0.129000,48,0,NO,"""1,151936""",INT32,ND,"""1,151936""",INT32,ND,N/A
0,4294967295,2495,46,aclnnGtScalar_CastAiCore_Cast,Cast,dynamic,AI_VECTOR_CORE,1790168622736282.512	,2.520,0.000000,48,0,NO,"""1,151936""",INT32,ND,"""1,151936""",INT64,ND,N/A
0,4294967295,2496,46,aclnnGtScalar_GreaterAiCore_Greater,Greater,dynamic,AI_VECTOR_CORE,1790168622736285.052	,10.880,0.000000,48,0,NO,"""1,151936;""",INT64;INT64,ND;ND,"""1,151936""",BOOL,ND,N/A
0,4294967295,2497,46,apply_all_penalties_kernel,apply_all_penalties_kernel,static,AI_VECTOR_CORE,1790168622736418.897	,75.903,123.120000,1,0,YES,"""1,151936;1,151936;1,151936;1,151936""",FLOAT;BOOL;BOOL;INT32,ND;ND;ND;ND,"""1,151936""",FLOAT,ND,N/A
0,4294967295,2498,46,aclnnArgMax_ArgMaxV2AiCore_ArgMaxV2,ArgMaxV2,dynamic,AI_VECTOR_CORE,1790168622736494.820	,18.621,0.000000,1,0,NO,"""1,151936;""",FLOAT;INT64,ND;ND,"""1""",INT32,ND,N/A
0,4294967295,2499,46,aclnnArgMax_CastAiCore_Cast,Cast,dynamic,AI_VECTOR_CORE,1790168622736513.461	,0.760,0.129000,1,0,NO,"""1""",INT32,ND,"""1""",INT64,ND,N/A
0,4294967295,2500,46,aclnnInplaceCopy_CastAiCore_Cast,Cast,dynamic,AI_VECTOR_CORE,1790168622736514.241	,1.300,0.000000,1,0,NO,"""1""",INT64,ND,"""1""",INT32,ND,N/A
0,4294967295,2505,46,aclnnInplaceFillScalar_FillAiCore_Fill,Fill,dynamic,AI_VECTOR_CORE,1790168622738921.217	,1.060,2405.700000,1,0,NO,"""1;""",INT64;INT32,ND;ND,"""1""",INT32,ND,N/A
0,4294967295,2508,46,aclnnInplaceFillScalar_FillAiCore_Fill,Fill,dynamic,AI_VECTOR_CORE,1790168622738979.900	,1.000,57.690000,1,0,NO,"""1;""",INT64;INT32,ND;ND,"""1""",INT32,ND,N/A
0,4294967295,2513,46,aclnnIndex_IndexAiCore_Index,Index,dynamic,AI_VECTOR_CORE,1790168622739058.183	,9.980,77.250000,48,0,NO,"""1;1;1;1""",INT32;INT64;INT64;INT64,ND;ND;ND;ND,"""1""",INT32,ND,N/A
0,4294967295,2514,46,aclnnInplaceCopy_CastAiCore_Cast,Cast,dynamic,AI_VECTOR_CORE,1790168622739068.183	,0.920,0.020000,1,0,NO,"""1""",INT32,ND,"""1""",INT64,ND,N/A
0,4294967295,2515,46,aclnnAdd_AddAiCore_Add,Add,dynamic,AI_VECTOR_CORE,1790168622739084.424	,2.120,15.330000,1,0,NO,"""1;1""",INT64;INT64,ND;ND,"""1""",INT64,ND,N/A
0,4294967295,2517,46,aclnnAdd_AddAiCore_Add,Add,dynamic,AI_VECTOR_CORE,1790168622739127.906	,1.120,41.380000,1,0,NO,"""1;1""",INT32;INT32,ND;ND,"""1""",INT32,ND,N/A
0,4294967295,2519,46,_compute_slot_mapping_kernel,_compute_slot_mapping_kernel,static,AI_VECTOR_CORE,1790168622739335.594	,120.185,206.380000,2,0,YES,"""2;1;1,1""",3247430016;32551;INT32,ND;ND;ND,"""130""",INT64,ND,N/A
0,4294967295,2520,46,aclnnSubs_SubAiCore_Sub,Sub,dynamic,AI_VECTOR_CORE,1790168622739455.799	,1.160,0.065000,1,0,NO,"""1;""",INT32;INT32,ND;ND,"""1""",INT32,ND,N/A
0,4294967295,2522,46,aclnnIndexSelect_GatherV3AiCore_GatherV3,GatherV3,dynamic,AI_VECTOR_CORE,1790168622739823.713	,2.561,366.840000,1,0,NO,"""32768,64;1;1""",DT_BF16;INT64;INT64,ND;ND;ND,"""1,64""",DT_BF16,ND,N/A
0,4294967295,2523,46,aclnnRepeat_TileAiCore_Tile,Tile,dynamic,AI_VECTOR_CORE,1790168622739829.634	,1.880,3.439000,1,0,NO,"""1,2,32;3""",DT_BF16;INT64,NCL;ND,"""1,2,64""",DT_BF16,ND,N/A
0,4294967295,2525,46,aclnnIndexSelect_GatherV3AiCore_GatherV3,GatherV3,dynamic,AI_VECTOR_CORE,1790168622739881.156	,2.280,49.620000,1,0,NO,"""32768,64;1;1""",DT_BF16;INT64;INT64,ND;ND;ND,"""1,64""",DT_BF16,ND,N/A
0,4294967295,2526,46,aclnnRepeat_TileAiCore_Tile,Tile,dynamic,AI_VECTOR_CORE,1790168622739886.736	,1.340,3.220000,1,0,NO,"""1,2,32;3""",DT_BF16;INT64,NCL;ND,"""1,2,64""",DT_BF16,ND,N/A
0,4294967295,2528,46,aclnnInplaceCopy_CastAiCore_Cast,Cast,dynamic,AI_VECTOR_CORE,1790168622740228.010	,1.060,339.910000,1,0,NO,"""1""",INT32,ND,"""1""",INT64,ND,N/A
0,4294967295,2529,46,aclnnEmbedding_GatherV2AiCore_GatherV2,GatherV2,dynamic,AI_VECTOR_CORE,1790168622740243.530	,10.901,14.440000,48,0,NO,"""151936,896;1;1""",DT_BF16;INT64;INT64,ND;ND;ND,"""1,896""",DT_BF16,ND,N/A
0,4294967295,2530,46,RmsNorm,RmsNorm,dynamic,AI_VECTOR_CORE,1790168622740319.133	,5.020,64.849000,1,0,NO,"""1,896;896""",DT_BF16;DT_BF16,ND;ND,"""1,896;1,1""",DT_BF16;FLOAT,ND;ND,N/A
0,4294967295,2531,46,aclnnAddmm_CastAiCore_Cast,Cast,dynamic,AI_VECTOR_CORE,1790168622740378.836	,1.100,54.480000,2,0,NO,"""1152""",DT_BF16,ND,"""1152""",FLOAT,ND,N/A
0,4294967295,2532,46,aclnnAddmm_MatMulCommon_MatMulV2,MatMulV2,dynamic,AI_CORE,1790168622740381.116	,7.780,1.150000,24,0,NO,"""1,896;1152,896;1152""",DT_BF16;DT_BF16;FLOAT,ND;ND;ND,"""1,1152""",DT_BF16,ND,N/A
0,4294967295,2533,46,_triton_rope,_triton_rope,static,AI_VECTOR_CORE,1790168622740614.945	,2.980,226.220000,1,0,YES,"""1,14,64;1,2,64;32768,64""",DT_BF16;32551;DT_BF16,ND;ND;ND,"""1,14,64;1,2,64""",DT_BF16;32551,ND;ND,N/A
0,4294967295,2534,46,ReshapeAndCacheNdKernel,ReshapeAndCacheNdKernel,dynamic,AI_VECTOR_CORE,1790168622741055.243	,1.840,437.270000,1,0,NO,"""1,2,64;1,2,64;2,128,2,64;2,128,2,64;1""",DT_BF16;DT_BF16;DT_BF16;DT_BF16;INT32,ND;ND;ND;ND;ND,"""2,128,2,64;2,128,2,64""",DT_BF16;DT_BF16,ND;ND,N/A
0,4294967295,2535,46,FusedInferAttentionScore,FusedInferAttentionScore,dynamic,MIX_AIC,1790168622741396.596	,21.681,339.410000,24,48,NO,"""1,14,64;2,128,128;2,128,128;;2048,2048;1;1;;;;;;;;1,1;;;;;;;;;;;;;;;;""",DT_BF16;DT_BF16;DT_BF16;DT_UNDEFINED;INT8;INT64;INT64;DT_UNDEFINED;DT_UNDEFINED;DT_UNDEFINED;DT_UNDEFINED;DT_UNDEFINED;DT_UNDEFINED;DT_UNDEFINED;INT32;DT_UNDEFINED;DT_UNDEFINED;DT_UNDEFINED;DT_UNDEFINED;DT_UNDEFINED;DT_UNDEFINED;DT_UNDEFINED;DT_UNDEFINED;DT_UNDEFINED;DT_UNDEFINED;DT_UNDEFINED;DT_UNDEFINED;DT_UNDEFINED;DT_UNDEFINED;DT_UNDEFINED;DT_UNDEFINED,ND;ND;ND;NULL;ND;ND;ND;NULL;NULL;NULL;NULL;NULL;NULL;NULL;ND;NULL;NULL;NULL;NULL;NULL;NULL;NULL;NULL;NULL;NULL;NULL;NULL;NULL;NULL;NULL;NULL,"""1,14,64;""",DT_BF16;FLOAT,ND;ND,0
0,4294967295,2537,46,aclnnMatmul_MatMulCommon_MatMulV2,MatMulV2,dynamic,AI_CORE,1790168622741649.146	,5.941,231.069000,19,0,NO,"""1,896;896,896""",DT_BF16;DT_BF16,ND;ND,"""1,896""",DT_BF16,ND,N/A
0,4294967295,2538,46,AddRmsNormBias,AddRmsNormBias,dynamic,AI_VECTOR_CORE,1790168622741720.589	,1.960,65.309000,1,0,NO,"""1,896;1,896;896;""",DT_BF16;DT_BF16;DT_BF16;DT_UNDEFINED,ND;ND;ND;NULL,"""1,896;1,1;1,896""",DT_BF16;FLOAT;DT_BF16,ND;ND;ND,N/A
0,4294967295,2539,46,aclnnMatmul_MatMulCommon_MatMulV2,MatMulV2,dynamic,AI_CORE,1790168622741765.471	,19.161,43.040000,22,0,NO,"""1,896;9728,896""",DT_BF16;DT_BF16,ND;ND,"""1,9728""",DT_BF16,ND,N/A
0,4294967295,2540,46,SwiGlu,SwiGlu,dynamic,AI_VECTOR_CORE,1790168622741794.592	,4.100,9.839000,1,0,NO,"""1,9728""",DT_BF16,ND,"""1,4864""",DT_BF16,ND,N/A
0,4294967295,2541,46,aclnnMatmul_MatMulCommon_MatMulV2,MatMulV2,dynamic,AI_CORE,1790168622741817.633	,16.881,19.150000,19,0,NO,"""1,4864;896,4864""",DT_BF16;DT_BF16,ND;ND,"""1,896""",DT_BF16,ND,N/A
0,4294967295,2542,46,AddRmsNormBias,AddRmsNormBias,dynamic,AI_VECTOR_CORE,1790168622741879.836	,1.700,45.119000,1,0,NO,"""1,896;1,896;896;""",DT_BF16;DT_BF16;DT_BF16;DT_UNDEFINED,ND;ND;ND;NULL,"""1,896;1,1;1,896""",DT_BF16;FLOAT;DT_BF16,ND;ND;ND,N/A
0,4294967295,2543,46,aclnnAddmm_CastAiCore_Cast,Cast,dynamic,AI_VECTOR_CORE,1790168622741924.997	,1.141,43.550000,2,0,NO,"""1152""",DT_BF16,ND,"""1152""",FLOAT,ND,N/A
0,4294967295,2544,46,aclnnAddmm_MatMulCommon_MatMulV2,MatMulV2,dynamic,AI_CORE,1790168622741927.558	,8.040,1.359000,24,0,NO,"""1,896;1152,896;1152""",DT_BF16;DT_BF16;FLOAT,ND;ND;ND,"""1,1152""",DT_BF16,ND,N/A
0,4294967295,2545,46,_triton_rope,_triton_rope,static,AI_VECTOR_CORE,1790168622742155.807	,2.920,220.210000,1,0,YES,"""1,14,64;1,2,64;32768,64""",DT_BF16;32551;DT_BF16,ND;ND;ND,"""1,14,64;1,2,64""",DT_BF16;32551,ND;ND,N/A
0,4294967295,2546,46,ReshapeAndCacheNdKernel,ReshapeAndCacheNdKernel,dynamic,AI_VECTOR_CORE,1790168622742512.841	,1.620,354.080000,1,0,NO,"""1,2,64;1,2,64;2,128,2,64;2,128,2,64;1""",DT_BF16;DT_BF16;DT_BF16;DT_BF16;INT32,ND;ND;ND;ND;ND,"""2,128,2,64;2,128,2,64""",DT_BF16;DT_BF16,ND;ND,N/A
0,4294967295,2547,46,FusedInferAttentionScore,FusedInferAttentionScore,dynamic,MIX_AIC,1790168622742845.514	,21.661,331.130000,24,48,NO,"""1,14,64;2,128,128;2,128,128;;2048,2048;1;1;;;;;;;;1,1;;;;;;;;;;;;;;;;""",DT_BF16;DT_BF16;DT_BF16;DT_UNDEFINED;INT8;INT64;INT64;DT_UNDEFINED;DT_UNDEFINED;DT_UNDEFINED;DT_UNDEFINED;DT_UNDEFINED;DT_UNDEFINED;DT_UNDEFINED;INT32;DT_UNDEFINED;DT_UNDEFINED;DT_UNDEFINED;DT_UNDEFINED;DT_UNDEFINED;DT_UNDEFINED;DT_UNDEFINED;DT_UNDEFINED;DT_UNDEFINED;DT_UNDEFINED;DT_UNDEFINED;DT_UNDEFINED;DT_UNDEFINED;DT_UNDEFINED;DT_UNDEFINED;DT_UNDEFINED,ND;ND;ND;NULL;ND;ND;ND;NULL;NULL;NULL;NULL;NULL;NULL;NULL;ND;NULL;NULL;NULL;NULL;NULL;NULL;NULL;NULL;NULL;NULL;NULL;NULL;NULL;NULL;NULL;NULL,"""1,14,64;""",DT_BF16;FLOAT,ND;ND,0
0,4294967295,2549,46,aclnnMatmul_MatMulCommon_MatMulV2,MatMulV2,dynamic,AI_CORE,1790168622743093.084	,5.560,225.839000,19,0,NO,"""1,896;896,896""",DT_BF16;DT_BF16,ND;ND,"""1,896""",DT_BF16,ND,N/A
0,4294967295,2550,46,AddRmsNormBias,AddRmsNormBias,dynamic,AI_VECTOR_CORE,1790168622743162.967	,1.780,64.440000,1,0,NO,"""1,896;1,896;896;""",DT_BF16;DT_BF16;DT_BF16;DT_UNDEFINED,ND;ND;ND;NULL,"""1,896;1,1;1,896""",DT_BF16;FLOAT;DT_BF16,ND;ND;ND,N/A
0,4294967295,2551,46,aclnnMatmul_MatMulCommon_MatMulV2,MatMulV2,dynamic,AI_CORE,1790168622743206.129	,19.400,41.470000,22,0,NO,"""1,896;9728,896""",DT_BF16;DT_BF16,ND;ND,"""1,9728""",DT_BF16,ND,N/A
0,4294967295,2552,46,SwiGlu,SwiGlu,dynamic,AI_VECTOR_CORE,1790168622743230.890	,3.000,5.350000,1,0,NO,"""1,9728""",DT_BF16,ND,"""1,4864""",DT_BF16,ND,N/A
0,4294967295,2553,46,aclnnMatmul_MatMulCommon_MatMulV2,MatMulV2,dynamic,AI_CORE,1790168622743270.371	,16.521,36.250000,19,0,NO,"""1,4864;896,4864""",DT_BF16;DT_BF16,ND;ND,"""1,896""",DT_BF16,ND,N/A
0,4294967295,2554,46,AddRmsNormBias,AddRmsNormBias,dynamic,AI_VECTOR_CORE,1790168622743326.814	,1.760,39.979000,1,0,NO,"""1,896;1,896;896;""",DT_BF16;DT_BF16;DT_BF16;DT_UNDEFINED,ND;ND;ND;NULL,"""1,896;1,1;1,896""",DT_BF16;FLOAT;DT_BF16,ND;ND;ND,N/A
0,4294967295,2555,46,aclnnAddmm_CastAiCore_Cast,Cast,dynamic,AI_VECTOR_CORE,1790168622743367.715	,1.140,39.240000,2,0,NO,"""1152""",DT_BF16,ND,"""1152""",FLOAT,ND,N/A
0,4294967295,2556,46,aclnnAddmm_MatMulCommon_MatMulV2,MatMulV2,dynamic,AI_CORE,1790168622743371.235	,7.381,2.360000,24,0,NO,"""1,896;1152,896;1152""",DT_BF16;DT_BF16;FLOAT,ND;ND;ND,"""1,1152""",DT_BF16,ND,N/A
0,4294967295,2557,46,_triton_rope,_triton_rope,static,AI_VECTOR_CORE,1790168622743594.964	,2.860,216.369000,1,0,YES,"""1,14,64;1,2,64;32768,64""",DT_BF16;32551;DT_BF16,ND;ND;ND,"""1,14,64;1,2,64""",DT_BF16;32551,ND;ND,N/A
0,4294967295,2558,46,ReshapeAndCacheNdKernel,ReshapeAndCacheNdKernel,dynamic,AI_VECTOR_CORE,1790168622743955.819	,1.620,357.890000,1,0,NO,"""1,2,64;1,2,64;2,128,2,64;2,128,2,64;1""",DT_BF16;DT_BF16;DT_BF16;DT_BF16;INT32,ND;ND;ND;ND;ND,"""2,128,2,64;2,128,2,64""",DT_BF16;DT_BF16,ND;ND,N/A
0,4294967295,2559,46,FusedInferAttentionScore,FusedInferAttentionScore,dynamic,MIX_AIC,1790168622744304.493	,19.160,347.130000,24,48,NO,"""1,14,64;2,128,128;2,128,128;;2048,2048;1;1;;;;;;;;1,1;;;;;;;;;;;;;;;;""",DT_BF16;DT_BF16;DT_BF16;DT_UNDEFINED;INT8;INT64;INT64;DT_UNDEFINED;DT_UNDEFINED;DT_UNDEFINED;DT_UNDEFINED;DT_UNDEFINED;DT_UNDEFINED;DT_UNDEFINED;INT32;DT_UNDEFINED;DT_UNDEFINED;DT_UNDEFINED;DT_UNDEFINED;DT_UNDEFINED;DT_UNDEFINED;DT_UNDEFINED;DT_UNDEFINED;DT_UNDEFINED;DT_UNDEFINED;DT_UNDEFINED;DT_UNDEFINED;DT_UNDEFINED;DT_UNDEFINED;DT_UNDEFINED;DT_UNDEFINED,ND;ND;ND;NULL;ND;ND;ND;NULL;NULL;NULL;NULL;NULL;NULL;NULL;ND;NULL;NULL;NULL;NULL;NULL;NULL;NULL;NULL;NULL;NULL;NULL;NULL;NULL;NULL;NULL;NULL,"""1,14,64;""",DT_BF16;FLOAT,ND;ND,0
0,4294967295,2561,46,aclnnMatmul_MatMulCommon_MatMulV2,MatMulV2,dynamic,AI_CORE,1790168622744571.823	,5.721,248.090000,19,0,NO,"""1,896;896,896""",DT_BF16;DT_BF16,ND;ND,"""1,896""",DT_BF16,ND,N/A
0,4294967295,2562,46,AddRmsNormBias,AddRmsNormBias,dynamic,AI_VECTOR_CORE,1790168622744636.846	,1.700,59.279000,1,0,NO,"""1,896;1,896;896;""",DT_BF16;DT_BF16;DT_BF16;DT_UNDEFINED,ND;ND;ND;NULL,"""1,896;1,1;1,896""",DT_BF16;FLOAT;DT_BF16,ND;ND;ND,N/A
0,4294967295,2563,46,aclnnMatmul_MatMulCommon_MatMulV2,MatMulV2,dynamic,AI_CORE,1790168622744679.108	,19.220,40.550000,22,0,NO,"""1,896;9728,896""",DT_BF16;DT_BF16,ND;ND,"""1,9728""",DT_BF16,ND,N/A
0,4294967295,2564,46,SwiGlu,SwiGlu,dynamic,AI_VECTOR_CORE,1790168622744712.689	,3.240,14.530000,1,0,NO,"""1,9728""",DT_BF16,ND,"""1,4864""",DT_BF16,ND,N/A
0,4294967295,2565,46,aclnnMatmul_MatMulCommon_MatMulV2,MatMulV2,dynamic,AI_CORE,1790168622744738.770	,16.541,22.760000,19,0,NO,"""1,4864;896,4864""",DT_BF16;DT_BF16,ND;ND,"""1,896""",DT_BF16,ND,N/A
0,4294967295,2566,46,AddRmsNormBias,AddRmsNormBias,dynamic,AI_VECTOR_CORE,1790168622744808.613	,1.740,53.209000,1,0,NO,"""1,896;1,896;896;""",DT_BF16;DT_BF16;DT_BF16;DT_UNDEFINED,ND;ND;ND;NULL,"""1,896;1,1;1,896""",DT_BF16;FLOAT;DT_BF16,ND;ND;ND,N/A
0,4294967295,2567,46,aclnnAddmm_CastAiCore_Cast,Cast,dynamic,AI_VECTOR_CORE,1790168622744852.595	,1.180,42.260000,2,0,NO,"""1152""",DT_BF16,ND,"""1152""",FLOAT,ND,N/A
0,4294967295,2568,46,aclnnAddmm_MatMulCommon_MatMulV2,MatMulV2,dynamic,AI_CORE,1790168622744855.535	,7.440,1.820000,24,0,NO,"""1,896;1152,896;1152""",DT_BF16;DT_BF16;FLOAT,ND;ND;ND,"""1,1152""",DT_BF16,ND,N/A
0,4294967295,2569,46,_triton_rope,_triton_rope,static,AI_VECTOR_CORE,1790168622745078.524	,2.900,215.560000,1,0,YES,"""1,14,64;1,2,64;32768,64""",DT_BF16;32551;DT_BF16,ND;ND;ND,"""1,14,64;1,2,64""",DT_BF16;32551,ND;ND,N/A
0,4294967295,2570,46,ReshapeAndCacheNdKernel,ReshapeAndCacheNdKernel,dynamic,AI_VECTOR_CORE,1790168622745427.398	,1.560,346.100000,1,0,NO,"""1,2,64;1,2,64;2,128,2,64;2,128,2,64;1""",DT_BF16;DT_BF16;DT_BF16;DT_BF16;INT32,ND;ND;ND;ND;ND,"""2,128,2,64;2,128,2,64""",DT_BF16;DT_BF16,ND;ND,N/A
0,4294967295,2571,46,FusedInferAttentionScore,FusedInferAttentionScore,dynamic,MIX_AIC,1790168622745771.531	,21.181,342.440000,24,48,NO,"""1,14,64;2,128,128;2,128,128;;2048,2048;1;1;;;;;;;;1,1;;;;;;;;;;;;;;;;""",DT_BF16;DT_BF16;DT_BF16;DT_UNDEFINED;INT8;INT64;INT64;DT_UNDEFINED;DT_UNDEFINED;DT_UNDEFINED;DT_UNDEFINED;DT_UNDEFINED;DT_UNDEFINED;DT_UNDEFINED;INT32;DT_UNDEFINED;DT_UNDEFINED;DT_UNDEFINED;DT_UNDEFINED;DT_UNDEFINED;DT_UNDEFINED;DT_UNDEFINED;DT_UNDEFINED;DT_UNDEFINED;DT_UNDEFINED;DT_UNDEFINED;DT_UNDEFINED;DT_UNDEFINED;DT_UNDEFINED;DT_UNDEFINED;DT_UNDEFINED,ND;ND;ND;NULL;ND;ND;ND;NULL;NULL;NULL;NULL;NULL;NULL;NULL;ND;NULL;NULL;NULL;NULL;NULL;NULL;NULL;NULL;NULL;NULL;NULL;NULL;NULL;NULL;NULL;NULL,"""1,14,64;""",DT_BF16;FLOAT,ND;ND,0
0,4294967295,2573,46,aclnnMatmul_MatMulCommon_MatMulV2,MatMulV2,dynamic,AI_CORE,1790168622746018.441	,5.680,225.819000,19,0,NO,"""1,896;896,896""",DT_BF16;DT_BF16,ND;ND,"""1,896""",DT_BF16,ND,N/A
0,4294967295,2574,46,AddRmsNormBias,AddRmsNormBias,dynamic,AI_VECTOR_CORE,1790168622746088.284	,1.680,64.070000,1,0,NO,"""1,896;1,896;896;""",DT_BF16;DT_BF16;DT_BF16;DT_UNDEFINED,ND;ND;ND;NULL,"""1,896;1,1;1,896""",DT_BF16;FLOAT;DT_BF16,ND;ND;ND,N/A
0,4294967295,2575,46,aclnnMatmul_MatMulCommon_MatMulV2,MatMulV2,dynamic,AI_CORE,1790168622746131.126	,19.580,41.320000,22,0,NO,"""1,896;9728,896""",DT_BF16;DT_BF16,ND;ND,"""1,9728""",DT_BF16,ND,N/A
0,4294967295,2576,46,SwiGlu,SwiGlu,dynamic,AI_VECTOR_CORE,1790168622746164.087	,2.980,13.170000,1,0,NO,"""1,9728""",DT_BF16,ND,"""1,4864""",DT_BF16,ND,N/A
0,4294967295,2577,46,aclnnMatmul_MatMulCommon_MatMulV2,MatMulV2,dynamic,AI_CORE,1790168622746190.608	,16.661,23.520000,19,0,NO,"""1,4864;896,4864""",DT_BF16;DT_BF16,ND;ND,"""1,896""",DT_BF16,ND,N/A
0,4294967295,2578,46,AddRmsNormBias,AddRmsNormBias,dynamic,AI_VECTOR_CORE,1790168622746249.110	,1.680,41.839000,1,0,NO,"""1,896;1,896;896;""",DT_BF16;DT_BF16;DT_BF16;DT_UNDEFINED,ND;ND;ND;NULL,"""1,896;1,1;1,896""",DT_BF16;FLOAT;DT_BF16,ND;ND;ND,N/A
0,4294967295,2579,46,aclnnAddmm_CastAiCore_Cast,Cast,dynamic,AI_VECTOR_CORE,1790168622746290.292	,1.120,39.570000,2,0,NO,"""1152""",DT_BF16,ND,"""1152""",FLOAT,ND,N/A
0,4294967295,2580,46,aclnnAddmm_MatMulCommon_MatMulV2,MatMulV2,dynamic,AI_CORE,1790168622746292.892	,7.640,1.630000,24,0,NO,"""1,896;1152,896;1152""",DT_BF16;DT_BF16;FLOAT,ND;ND;ND,"""1,1152""",DT_BF16,ND,N/A
0,4294967295,2581,46,_triton_rope,_triton_rope,static,AI_VECTOR_CORE,1790168622746534.502	,2.860,233.860000,1,0,YES,"""1,14,64;1,2,64;32768,64""",DT_BF16;32551;DT_BF16,ND;ND;ND,"""1,14,64;1,2,64""",DT_BF16;32551,ND;ND,N/A
0,4294967295,2582,46,ReshapeAndCacheNdKernel,ReshapeAndCacheNdKernel,dynamic,AI_VECTOR_CORE,1790168622746893.816	,1.600,356.390000,1,0,NO,"""1,2,64;1,2,64;2,128,2,64;2,128,2,64;1""",DT_BF16;DT_BF16;DT_BF16;DT_BF16;INT32,ND;ND;ND;ND;ND,"""2,128,2,64;2,128,2,64""",DT_BF16;DT_BF16,ND;ND,N/A
0,4294967295,2583,46,FusedInferAttentionScore,FusedInferAttentionScore,dynamic,MIX_AIC,1790168622747230.990	,21.760,335.650000,24,48,NO,"""1,14,64;2,128,128;2,128,128;;2048,2048;1;1;;;;;;;;1,1;;;;;;;;;;;;;;;;""",DT_BF16;DT_BF16;DT_BF16;DT_UNDEFINED;INT8;INT64;INT64;DT_UNDEFINED;DT_UNDEFINED;DT_UNDEFINED;DT_UNDEFINED;DT_UNDEFINED;DT_UNDEFINED;DT_UNDEFINED;INT32;DT_UNDEFINED;DT_UNDEFINED;DT_UNDEFINED;DT_UNDEFINED;DT_UNDEFINED;DT_UNDEFINED;DT_UNDEFINED;DT_UNDEFINED;DT_UNDEFINED;DT_UNDEFINED;DT_UNDEFINED;DT_UNDEFINED;DT_UNDEFINED;DT_UNDEFINED;DT_UNDEFINED;DT_UNDEFINED,ND;ND;ND;NULL;ND;ND;ND;NULL;NULL;NULL;NULL;NULL;NULL;NULL;ND;NULL;NULL;NULL;NULL;NULL;NULL;NULL;NULL;NULL;NULL;NULL;NULL;NULL;NULL;NULL;NULL,"""1,14,64;""",DT_BF16;FLOAT,ND;ND,0
0,4294967295,2585,46,aclnnMatmul_MatMulCommon_MatMulV2,MatMulV2,dynamic,AI_CORE,1790168622747485.900	,5.880,233.240000,19,0,NO,"""1,896;896,896""",DT_BF16;DT_BF16,ND;ND,"""1,896""",DT_BF16,ND,N/A
0,4294967295,2586,46,AddRmsNormBias,AddRmsNormBias,dynamic,AI_VECTOR_CORE,1790168622747552.682	,1.941,60.870000,1,0,NO,"""1,896;1,896;896;""",DT_BF16;DT_BF16;DT_BF16;DT_UNDEFINED,ND;ND;ND;NULL,"""1,896;1,1;1,896""",DT_BF16;FLOAT;DT_BF16,ND;ND;ND,N/A
0,4294967295,2587,46,aclnnMatmul_MatMulCommon_MatMulV2,MatMulV2,dynamic,AI_CORE,1790168622747595.464	,20.121,40.809000,22,0,NO,"""1,896;9728,896""",DT_BF16;DT_BF16,ND;ND,"""1,9728""",DT_BF16,ND,N/A
0,4294967295,2588,46,SwiGlu,SwiGlu,dynamic,AI_VECTOR_CORE,1790168622747632.046	,3.000,16.379000,1,0,NO,"""1,9728""",DT_BF16,ND,"""1,4864""",DT_BF16,ND,N/A
0,4294967295,2589,46,aclnnMatmul_MatMulCommon_MatMulV2,MatMulV2,dynamic,AI_CORE,1790168622747661.207	,16.860,26.250000,19,0,NO,"""1,4864;896,4864""",DT_BF16;DT_BF16,ND;ND,"""1,896""",DT_BF16,ND,N/A
0,4294967295,2590,46,AddRmsNormBias,AddRmsNormBias,dynamic,AI_VECTOR_CORE,1790168622747717.049	,1.780,38.890000,1,0,NO,"""1,896;1,896;896;""",DT_BF16;DT_BF16;DT_BF16;DT_UNDEFINED,ND;ND;ND;NULL,"""1,896;1,1;1,896""",DT_BF16;FLOAT;DT_BF16,ND;ND;ND,N/A
0,4294967295,2591,46,aclnnAddmm_CastAiCore_Cast,Cast,dynamic,AI_VECTOR_CORE,1790168622747757.411	,1.380,38.720000,2,0,NO,"""1152""",DT_BF16,ND,"""1152""",FLOAT,ND,N/A
0,4294967295,2592,46,aclnnAddmm_MatMulCommon_MatMulV2,MatMulV2,dynamic,AI_CORE,1790168622747760.651	,7.280,1.870000,24,0,NO,"""1,896;1152,896;1152""",DT_BF16;DT_BF16;FLOAT,ND;ND;ND,"""1,1152""",DT_BF16,ND,N/A
0,4294967295,2593,46,_triton_rope,_triton_rope,static,AI_VECTOR_CORE,1790168622747984.180	,2.940,216.220000,1,0,YES,"""1,14,64;1,2,64;32768,64""",DT_BF16;32551;DT_BF16,ND;ND;ND,"""1,14,64;1,2,64""",DT_BF16;32551,ND;ND,N/A
0,4294967295,2594,46,ReshapeAndCacheNdKernel,ReshapeAndCacheNdKernel,dynamic,AI_VECTOR_CORE,1790168622748324.833	,1.640,337.560000,1,0,NO,"""1,2,64;1,2,64;2,128,2,64;2,128,2,64;1""",DT_BF16;DT_BF16;DT_BF16;DT_BF16;INT32,ND;ND;ND;ND;ND,"""2,128,2,64;2,128,2,64""",DT_BF16;DT_BF16,ND;ND,N/A
0,4294967295,2595,46,FusedInferAttentionScore,FusedInferAttentionScore,dynamic,MIX_AIC,1790168622748655.007	,20.760,328.610000,24,48,NO,"""1,14,64;2,128,128;2,128,128;;2048,2048;1;1;;;;;;;;1,1;;;;;;;;;;;;;;;;""",DT_BF16;DT_BF16;DT_BF16;DT_UNDEFINED;INT8;INT64;INT64;DT_UNDEFINED;DT_UNDEFINED;DT_UNDEFINED;DT_UNDEFINED;DT_UNDEFINED;DT_UNDEFINED;DT_UNDEFINED;INT32;DT_UNDEFINED;DT_UNDEFINED;DT_UNDEFINED;DT_UNDEFINED;DT_UNDEFINED;DT_UNDEFINED;DT_UNDEFINED;DT_UNDEFINED;DT_UNDEFINED;DT_UNDEFINED;DT_UNDEFINED;DT_UNDEFINED;DT_UNDEFINED;DT_UNDEFINED;DT_UNDEFINED;DT_UNDEFINED,ND;ND;ND;NULL;ND;ND;ND;NULL;NULL;NULL;NULL;NULL;NULL;NULL;ND;NULL;NULL;NULL;NULL;NULL;NULL;NULL;NULL;NULL;NULL;NULL;NULL;NULL;NULL;NULL;NULL,"""1,14,64;""",DT_BF16;FLOAT,ND;ND,0
0,4294967295,2597,46,aclnnMatmul_MatMulCommon_MatMulV2,MatMulV2,dynamic,AI_CORE,1790168622748922.497	,5.640,246.740000,19,0,NO,"""1,896;896,896""",DT_BF16;DT_BF16,ND;ND,"""1,896""",DT_BF16,ND,N/A
0,4294967295,2598,46,AddRmsNormBias,AddRmsNormBias,dynamic,AI_VECTOR_CORE,1790168622748988.920	,1.620,60.860000,1,0,NO,"""1,896;1,896;896;""",DT_BF16;DT_BF16;DT_BF16;DT_UNDEFINED,ND;ND;ND;NULL,"""1,896;1,1;1,896""",DT_BF16;FLOAT;DT_BF16,ND;ND;ND,N/A
0,4294967295,2599,46,aclnnMatmul_MatMulCommon_MatMulV2,MatMulV2,dynamic,AI_CORE,1790168622749032.082	,19.220,41.380000,22,0,NO,"""1,896;9728,896""",DT_BF16;DT_BF16,ND;ND,"""1,9728""",DT_BF16,ND,N/A
0,4294967295,2600,46,SwiGlu,SwiGlu,dynamic,AI_VECTOR_CORE,1790168622749063.583	,2.880,12.280000,1,0,NO,"""1,9728""",DT_BF16,ND,"""1,4864""",DT_BF16,ND,N/A
0,4294967295,2601,46,aclnnMatmul_MatMulCommon_MatMulV2,MatMulV2,dynamic,AI_CORE,1790168622749091.824	,16.541,25.370000,19,0,NO,"""1,4864;896,4864""",DT_BF16;DT_BF16,ND;ND,"""1,896""",DT_BF16,ND,N/A
0,4294967295,2602,46,AddRmsNormBias,AddRmsNormBias,dynamic,AI_VECTOR_CORE,1790168622749162.467	,1.700,54.209000,1,0,NO,"""1,896;1,896;896;""",DT_BF16;DT_BF16;DT_BF16;DT_UNDEFINED,ND;ND;ND;NULL,"""1,896;1,1;1,896""",DT_BF16;FLOAT;DT_BF16,ND;ND;ND,N/A
0,4294967295,2603,46,aclnnAddmm_CastAiCore_Cast,Cast,dynamic,AI_VECTOR_CORE,1790168622749206.669	,1.120,42.550000,2,0,NO,"""1152""",DT_BF16,ND,"""1152""",FLOAT,ND,N/A
0,4294967295,2604,46,aclnnAddmm_MatMulCommon_MatMulV2,MatMulV2,dynamic,AI_CORE,1790168622749209.149	,7.340,1.380000,24,0,NO,"""1,896;1152,896;1152""",DT_BF16;DT_BF16;FLOAT,ND;ND;ND,"""1,1152""",DT_BF16,ND,N/A
0,4294967295,2605,46,_triton_rope,_triton_rope,static,AI_VECTOR_CORE,1790168622749437.938	,2.980,221.410000,1,0,YES,"""1,14,64;1,2,64;32768,64""",DT_BF16;32551;DT_BF16,ND;ND;ND,"""1,14,64;1,2,64""",DT_BF16;32551,ND;ND,N/A
0,4294967295,2606,46,ReshapeAndCacheNdKernel,ReshapeAndCacheNdKernel,dynamic,AI_VECTOR_CORE,1790168622749782.472	,1.820,341.520000,1,0,NO,"""1,2,64;1,2,64;2,128,2,64;2,128,2,64;1""",DT_BF16;DT_BF16;DT_BF16;DT_BF16;INT32,ND;ND;ND;ND;ND,"""2,128,2,64;2,128,2,64""",DT_BF16;DT_BF16,ND;ND,N/A
0,4294967295,2607,46,FusedInferAttentionScore,FusedInferAttentionScore,dynamic,MIX_AIC,1790168622750113.525	,21.521,329.180000,24,48,NO,"""1,14,64;2,128,128;2,128,128;;2048,2048;1;1;;;;;;;;1,1;;;;;;;;;;;;;;;;""",DT_BF16;DT_BF16;DT_BF16;DT_UNDEFINED;INT8;INT64;INT64;DT_UNDEFINED;DT_UNDEFINED;DT_UNDEFINED;DT_UNDEFINED;DT_UNDEFINED;DT_UNDEFINED;DT_UNDEFINED;INT32;DT_UNDEFINED;DT_UNDEFINED;DT_UNDEFINED;DT_UNDEFINED;DT_UNDEFINED;DT_UNDEFINED;DT_UNDEFINED;DT_UNDEFINED;DT_UNDEFINED;DT_UNDEFINED;DT_UNDEFINED;DT_UNDEFINED;DT_UNDEFINED;DT_UNDEFINED;DT_UNDEFINED;DT_UNDEFINED,ND;ND;ND;NULL;ND;ND;ND;NULL;NULL;NULL;NULL;NULL;NULL;NULL;ND;NULL;NULL;NULL;NULL;NULL;NULL;NULL;NULL;NULL;NULL;NULL;NULL;NULL;NULL;NULL;NULL,"""1,14,64;""",DT_BF16;FLOAT,ND;ND,0
0,4294967295,2609,46,aclnnMatmul_MatMulCommon_MatMulV2,MatMulV2,dynamic,AI_CORE,1790168622750360.195	,5.820,225.229000,19,0,NO,"""1,896;896,896""",DT_BF16;DT_BF16,ND;ND,"""1,896""",DT_BF16,ND,N/A
0,4294967295,2610,46,AddRmsNormBias,AddRmsNormBias,dynamic,AI_VECTOR_CORE,1790168622750434.358	,1.740,68.180000,1,0,NO,"""1,896;1,896;896;""",DT_BF16;DT_BF16;DT_BF16;DT_UNDEFINED,ND;ND;ND;NULL,"""1,896;1,1;1,896""",DT_BF16;FLOAT;DT_BF16,ND;ND;ND,N/A
0,4294967295,2611,46,aclnnMatmul_MatMulCommon_MatMulV2,MatMulV2,dynamic,AI_CORE,1790168622750477.899	,19.381,42.010000,22,0,NO,"""1,896;9728,896""",DT_BF16;DT_BF16,ND;ND,"""1,9728""",DT_BF16,ND,N/A
0,4294967295,2612,46,SwiGlu,SwiGlu,dynamic,AI_VECTOR_CORE,1790168622750511.141	,3.020,13.869000,1,0,NO,"""1,9728""",DT_BF16,ND,"""1,4864""",DT_BF16,ND,N/A
0,4294967295,2613,46,aclnnMatmul_MatMulCommon_MatMulV2,MatMulV2,dynamic,AI_CORE,1790168622750543.162	,16.761,28.980000,19,0,NO,"""1,4864;896,4864""",DT_BF16;DT_BF16,ND;ND,"""1,896""",DT_BF16,ND,N/A
0,4294967295,2614,46,AddRmsNormBias,AddRmsNormBias,dynamic,AI_VECTOR_CORE,1790168622750601.824	,2.140,41.739000,1,0,NO,"""1,896;1,896;896;""",DT_BF16;DT_BF16;DT_BF16;DT_UNDEFINED,ND;ND;ND;NULL,"""1,896;1,1;1,896""",DT_BF16;FLOAT;DT_BF16,ND;ND;ND,N/A
0,4294967295,2615,46,aclnnAddmm_CastAiCore_Cast,Cast,dynamic,AI_VECTOR_CORE,1790168622750642.586	,1.120,38.610000,2,0,NO,"""1152""",DT_BF16,ND,"""1152""",FLOAT,ND,N/A
0,4294967295,2616,46,aclnnAddmm_MatMulCommon_MatMulV2,MatMulV2,dynamic,AI_CORE,1790168622750645.086	,7.920,1.380000,24,0,NO,"""1,896;1152,896;1152""",DT_BF16;DT_BF16;FLOAT,ND;ND;ND,"""1,1152""",DT_BF16,ND,N/A
0,4294967295,2617,46,_triton_rope,_triton_rope,static,AI_VECTOR_CORE,1790168622750873.855	,2.860,220.830000,1,0,YES,"""1,14,64;1,2,64;32768,64""",DT_BF16;32551;DT_BF16,ND;ND;ND,"""1,14,64;1,2,64""",DT_BF16;32551,ND;ND,N/A
0,4294967295,2618,46,ReshapeAndCacheNdKernel,ReshapeAndCacheNdKernel,dynamic,AI_VECTOR_CORE,1790168622751234.670	,1.540,358.140000,1,0,NO,"""1,2,64;1,2,64;2,128,2,64;2,128,2,64;1""",DT_BF16;DT_BF16;DT_BF16;DT_BF16;INT32,ND;ND;ND;ND;ND,"""2,128,2,64;2,128,2,64""",DT_BF16;DT_BF16,ND;ND,N/A
0,4294967295,2619,46,FusedInferAttentionScore,FusedInferAttentionScore,dynamic,MIX_AIC,1790168622751574.183	,23.121,337.960000,24,48,NO,"""1,14,64;2,128,128;2,128,128;;2048,2048;1;1;;;;;;;;1,1;;;;;;;;;;;;;;;;""",DT_BF16;DT_BF16;DT_BF16;DT_UNDEFINED;INT8;INT64;INT64;DT_UNDEFINED;DT_UNDEFINED;DT_UNDEFINED;DT_UNDEFINED;DT_UNDEFINED;DT_UNDEFINED;DT_UNDEFINED;INT32;DT_UNDEFINED;DT_UNDEFINED;DT_UNDEFINED;DT_UNDEFINED;DT_UNDEFINED;DT_UNDEFINED;DT_UNDEFINED;DT_UNDEFINED;DT_UNDEFINED;DT_UNDEFINED;DT_UNDEFINED;DT_UNDEFINED;DT_UNDEFINED;DT_UNDEFINED;DT_UNDEFINED;DT_UNDEFINED,ND;ND;ND;NULL;ND;ND;ND;NULL;NULL;NULL;NULL;NULL;NULL;NULL;ND;NULL;NULL;NULL;NULL;NULL;NULL;NULL;NULL;NULL;NULL;NULL;NULL;NULL;NULL;NULL;NULL,"""1,14,64;""",DT_BF16;FLOAT,ND;ND,0
0,4294967295,2621,46,aclnnMatmul_MatMulCommon_MatMulV2,MatMulV2,dynamic,AI_CORE,1790168622751829.333	,5.981,231.879000,19,0,NO,"""1,896;896,896""",DT_BF16;DT_BF16,ND;ND,"""1,896""",DT_BF16,ND,N/A
0,4294967295,2622,46,AddRmsNormBias,AddRmsNormBias,dynamic,AI_VECTOR_CORE,1790168622751893.316	,1.700,58.019000,1,0,NO,"""1,896;1,896;896;""",DT_BF16;DT_BF16;DT_BF16;DT_UNDEFINED,ND;ND;ND;NULL,"""1,896;1,1;1,896""",DT_BF16;FLOAT;DT_BF16,ND;ND;ND,N/A
0,4294967295,2623,46,aclnnMatmul_MatMulCommon_MatMulV2,MatMulV2,dynamic,AI_CORE,1790168622751933.798	,19.060,38.800000,22,0,NO,"""1,896;9728,896""",DT_BF16;DT_BF16,ND;ND,"""1,9728""",DT_BF16,ND,N/A
0,4294967295,2624,46,SwiGlu,SwiGlu,dynamic,AI_VECTOR_CORE,1790168622751967.719	,3.980,14.940000,1,0,NO,"""1,9728""",DT_BF16,ND,"""1,4864""",DT_BF16,ND,N/A
0,4294967295,2625,46,aclnnMatmul_MatMulCommon_MatMulV2,MatMulV2,dynamic,AI_CORE,1790168622751993.480	,16.501,21.770000,19,0,NO,"""1,4864;896,4864""",DT_BF16;DT_BF16,ND;ND,"""1,896""",DT_BF16,ND,N/A
0,4294967295,2626,46,AddRmsNormBias,AddRmsNormBias,dynamic,AI_VECTOR_CORE,1790168622752060.843	,1.760,50.749000,1,0,NO,"""1,896;1,896;896;""",DT_BF16;DT_BF16;DT_BF16;DT_UNDEFINED,ND;ND;ND;NULL,"""1,896;1,1;1,896""",DT_BF16;FLOAT;DT_BF16,ND;ND;ND,N/A
0,4294967295,2627,46,aclnnAddmm_CastAiCore_Cast,Cast,dynamic,AI_VECTOR_CORE,1790168622752100.364	,1.460,37.740000,2,0,NO,"""1152""",DT_BF16,ND,"""1152""",FLOAT,ND,N/A
0,4294967295,2628,46,aclnnAddmm_MatMulCommon_MatMulV2,MatMulV2,dynamic,AI_CORE,1790168622752102.944	,7.381,1.290000,24,0,NO,"""1,896;1152,896;1152""",DT_BF16;DT_BF16;FLOAT,ND;ND;ND,"""1,1152""",DT_BF16,ND,N/A
0,4294967295,2629,46,_triton_rope,_triton_rope,static,AI_VECTOR_CORE,1790168622752340.714	,3.160,230.369000,1,0,YES,"""1,14,64;1,2,64;32768,64""",DT_BF16;32551;DT_BF16,ND;ND;ND,"""1,14,64;1,2,64""",DT_BF16;32551,ND;ND,N/A
0,4294967295,2630,46,ReshapeAndCacheNdKernel,ReshapeAndCacheNdKernel,dynamic,AI_VECTOR_CORE,1790168622752707.449	,1.860,363.590000,1,0,NO,"""1,2,64;1,2,64;2,128,2,64;2,128,2,64;1""",DT_BF16;DT_BF16;DT_BF16;DT_BF16;INT32,ND;ND;ND;ND;ND,"""2,128,2,64;2,128,2,64""",DT_BF16;DT_BF16,ND;ND,N/A
0,4294967295,2631,46,FusedInferAttentionScore,FusedInferAttentionScore,dynamic,MIX_AIC,1790168622753051.182	,19.881,341.890000,24,48,NO,"""1,14,64;2,128,128;2,128,128;;2048,2048;1;1;;;;;;;;1,1;;;;;;;;;;;;;;;;""",DT_BF16;DT_BF16;DT_BF16;DT_UNDEFINED;INT8;INT64;INT64;DT_UNDEFINED;DT_UNDEFINED;DT_UNDEFINED;DT_UNDEFINED;DT_UNDEFINED;DT_UNDEFINED;DT_UNDEFINED;INT32;DT_UNDEFINED;DT_UNDEFINED;DT_UNDEFINED;DT_UNDEFINED;DT_UNDEFINED;DT_UNDEFINED;DT_UNDEFINED;DT_UNDEFINED;DT_UNDEFINED;DT_UNDEFINED;DT_UNDEFINED;DT_UNDEFINED;DT_UNDEFINED;DT_UNDEFINED;DT_UNDEFINED;DT_UNDEFINED,ND;ND;ND;NULL;ND;ND;ND;NULL;NULL;NULL;NULL;NULL;NULL;NULL;ND;NULL;NULL;NULL;NULL;NULL;NULL;NULL;NULL;NULL;NULL;NULL;NULL;NULL;NULL;NULL;NULL,"""1,14,64;""",DT_BF16;FLOAT,ND;ND,0
0,4294967295,2633,46,aclnnMatmul_MatMulCommon_MatMulV2,MatMulV2,dynamic,AI_CORE,1790168622753321.373	,5.640,250.119000,19,0,NO,"""1,896;896,896""",DT_BF16;DT_BF16,ND;ND,"""1,896""",DT_BF16,ND,N/A
0,4294967295,2634,46,AddRmsNormBias,AddRmsNormBias,dynamic,AI_VECTOR_CORE,1790168622753389.096	,1.800,62.110000,1,0,NO,"""1,896;1,896;896;""",DT_BF16;DT_BF16;DT_BF16;DT_UNDEFINED,ND;ND;ND;NULL,"""1,896;1,1;1,896""",DT_BF16;FLOAT;DT_BF16,ND;ND;ND,N/A
0,4294967295,2635,46,aclnnMatmul_MatMulCommon_MatMulV2,MatMulV2,dynamic,AI_CORE,1790168622753434.358	,19.200,43.450000,22,0,NO,"""1,896;9728,896""",DT_BF16;DT_BF16,ND;ND,"""1,9728""",DT_BF16,ND,N/A
0,4294967295,2636,46,SwiGlu,SwiGlu,dynamic,AI_VECTOR_CORE,1790168622753466.979	,3.020,13.550000,1,0,NO,"""1,9728""",DT_BF16,ND,"""1,4864""",DT_BF16,ND,N/A
0,4294967295,2637,46,aclnnMatmul_MatMulCommon_MatMulV2,MatMulV2,dynamic,AI_CORE,1790168622753496.160	,16.541,26.230000,19,0,NO,"""1,4864;896,4864""",DT_BF16;DT_BF16,ND;ND,"""1,896""",DT_BF16,ND,N/A
0,4294967295,2638,46,AddRmsNormBias,AddRmsNormBias,dynamic,AI_VECTOR_CORE,1790168622753551.022	,1.640,38.209000,1,0,NO,"""1,896;1,896;896;""",DT_BF16;DT_BF16;DT_BF16;DT_UNDEFINED,ND;ND;ND;NULL,"""1,896;1,1;1,896""",DT_BF16;FLOAT;DT_BF16,ND;ND;ND,N/A
0,4294967295,2639,46,aclnnAddmm_CastAiCore_Cast,Cast,dynamic,AI_VECTOR_CORE,1790168622753592.244	,1.100,39.610000,2,0,NO,"""1152""",DT_BF16,ND,"""1152""",FLOAT,ND,N/A
0,4294967295,2640,46,aclnnAddmm_MatMulCommon_MatMulV2,MatMulV2,dynamic,AI_CORE,1790168622753594.704	,8.100,1.400000,24,0,NO,"""1,896;1152,896;1152""",DT_BF16;DT_BF16;FLOAT,ND;ND;ND,"""1,1152""",DT_BF16,ND,N/A
0,4294967295,2641,46,_triton_rope,_triton_rope,static,AI_VECTOR_CORE,1790168622753827.093	,2.920,224.150000,1,0,YES,"""1,14,64;1,2,64;32768,64""",DT_BF16;32551;DT_BF16,ND;ND;ND,"""1,14,64;1,2,64""",DT_BF16;32551,ND;ND,N/A
0,4294967295,2642,46,ReshapeAndCacheNdKernel,ReshapeAndCacheNdKernel,dynamic,AI_VECTOR_CORE,1790168622754166.347	,1.560,336.330000,1,0,NO,"""1,2,64;1,2,64;2,128,2,64;2,128,2,64;1""",DT_BF16;DT_BF16;DT_BF16;DT_BF16;INT32,ND;ND;ND;ND;ND,"""2,128,2,64;2,128,2,64""",DT_BF16;DT_BF16,ND;ND,N/A
0,4294967295,2643,46,FusedInferAttentionScore,FusedInferAttentionScore,dynamic,MIX_AIC,1790168622754506.600	,21.001,338.690000,24,48,NO,"""1,14,64;2,128,128;2,128,128;;2048,2048;1;1;;;;;;;;1,1;;;;;;;;;;;;;;;;""",DT_BF16;DT_BF16;DT_BF16;DT_UNDEFINED;INT8;INT64;INT64;DT_UNDEFINED;DT_UNDEFINED;DT_UNDEFINED;DT_UNDEFINED;DT_UNDEFINED;DT_UNDEFINED;DT_UNDEFINED;INT32;DT_UNDEFINED;DT_UNDEFINED;DT_UNDEFINED;DT_UNDEFINED;DT_UNDEFINED;DT_UNDEFINED;DT_UNDEFINED;DT_UNDEFINED;DT_UNDEFINED;DT_UNDEFINED;DT_UNDEFINED;DT_UNDEFINED;DT_UNDEFINED;DT_UNDEFINED;DT_UNDEFINED;DT_UNDEFINED,ND;ND;ND;NULL;ND;ND;ND;NULL;NULL;NULL;NULL;NULL;NULL;NULL;ND;NULL;NULL;NULL;NULL;NULL;NULL;NULL;NULL;NULL;NULL;NULL;NULL;NULL;NULL;NULL;NULL,"""1,14,64;""",DT_BF16;FLOAT,ND;ND,0
0,4294967295,2645,46,aclnnMatmul_MatMulCommon_MatMulV2,MatMulV2,dynamic,AI_CORE,1790168622754765.231	,5.880,237.749000,19,0,NO,"""1,896;896,896""",DT_BF16;DT_BF16,ND;ND,"""1,896""",DT_BF16,ND,N/A
0,4294967295,2646,46,AddRmsNormBias,AddRmsNormBias,dynamic,AI_VECTOR_CORE,1790168622754836.094	,1.740,64.870000,1,0,NO,"""1,896;1,896;896;""",DT_BF16;DT_BF16;DT_BF16;DT_UNDEFINED,ND;ND;ND;NULL,"""1,896;1,1;1,896""",DT_BF16;FLOAT;DT_BF16,ND;ND;ND,N/A
0,4294967295,2647,46,aclnnMatmul_MatMulCommon_MatMulV2,MatMulV2,dynamic,AI_CORE,1790168622754875.175	,19.321,37.510000,22,0,NO,"""1,896;9728,896""",DT_BF16;DT_BF16,ND;ND,"""1,9728""",DT_BF16,ND,N/A
0,4294967295,2648,46,SwiGlu,SwiGlu,dynamic,AI_VECTOR_CORE,1790168622754909.237	,3.180,14.679000,1,0,NO,"""1,9728""",DT_BF16,ND,"""1,4864""",DT_BF16,ND,N/A
0,4294967295,2649,46,aclnnMatmul_MatMulCommon_MatMulV2,MatMulV2,dynamic,AI_CORE,1790168622754948.358	,16.681,35.820000,19,0,NO,"""1,4864;896,4864""",DT_BF16;DT_BF16,ND;ND,"""1,896""",DT_BF16,ND,N/A
0,4294967295,2650,46,AddRmsNormBias,AddRmsNormBias,dynamic,AI_VECTOR_CORE,1790168622755004.940	,1.760,40.069000,1,0,NO,"""1,896;1,896;896;""",DT_BF16;DT_BF16;DT_BF16;DT_UNDEFINED,ND;ND;ND;NULL,"""1,896;1,1;1,896""",DT_BF16;FLOAT;DT_BF16,ND;ND;ND,N/A
0,4294967295,2651,46,aclnnAddmm_CastAiCore_Cast,Cast,dynamic,AI_VECTOR_CORE,1790168622755045.862	,1.160,38.990000,2,0,NO,"""1152""",DT_BF16,ND,"""1152""",FLOAT,ND,N/A
0,4294967295,2652,46,aclnnAddmm_MatMulCommon_MatMulV2,MatMulV2,dynamic,AI_CORE,1790168622755048.242	,7.660,1.340000,24,0,NO,"""1,896;1152,896;1152""",DT_BF16;DT_BF16;FLOAT,ND;ND;ND,"""1,1152""",DT_BF16,ND,N/A
0,4294967295,2653,46,_triton_rope,_triton_rope,static,AI_VECTOR_CORE,1790168622755273.811	,3.320,217.840000,1,0,YES,"""1,14,64;1,2,64;32768,64""",DT_BF16;32551;DT_BF16,ND;ND;ND,"""1,14,64;1,2,64""",DT_BF16;32551,ND;ND,N/A
0,4294967295,2654,46,ReshapeAndCacheNdKernel,ReshapeAndCacheNdKernel,dynamic,AI_VECTOR_CORE,1790168622755628.445	,1.640,351.430000,1,0,NO,"""1,2,64;1,2,64;2,128,2,64;2,128,2,64;1""",DT_BF16;DT_BF16;DT_BF16;DT_BF16;INT32,ND;ND;ND;ND;ND,"""2,128,2,64;2,128,2,64""",DT_BF16;DT_BF16,ND;ND,N/A
0,4294967295,2655,46,FusedInferAttentionScore,FusedInferAttentionScore,dynamic,MIX_AIC,1790168622755965.999	,19.661,335.860000,24,48,NO,"""1,14,64;2,128,128;2,128,128;;2048,2048;1;1;;;;;;;;1,1;;;;;;;;;;;;;;;;""",DT_BF16;DT_BF16;DT_BF16;DT_UNDEFINED;INT8;INT64;INT64;DT_UNDEFINED;DT_UNDEFINED;DT_UNDEFINED;DT_UNDEFINED;DT_UNDEFINED;DT_UNDEFINED;DT_UNDEFINED;INT32;DT_UNDEFINED;DT_UNDEFINED;DT_UNDEFINED;DT_UNDEFINED;DT_UNDEFINED;DT_UNDEFINED;DT_UNDEFINED;DT_UNDEFINED;DT_UNDEFINED;DT_UNDEFINED;DT_UNDEFINED;DT_UNDEFINED;DT_UNDEFINED;DT_UNDEFINED;DT_UNDEFINED;DT_UNDEFINED,ND;ND;ND;NULL;ND;ND;ND;NULL;NULL;NULL;NULL;NULL;NULL;NULL;ND;NULL;NULL;NULL;NULL;NULL;NULL;NULL;NULL;NULL;NULL;NULL;NULL;NULL;NULL;NULL;NULL,"""1,14,64;""",DT_BF16;FLOAT,ND;ND,0
0,4294967295,2657,46,aclnnMatmul_MatMulCommon_MatMulV2,MatMulV2,dynamic,AI_CORE,1790168622756222.149	,5.600,236.589000,19,0,NO,"""1,896;896,896""",DT_BF16;DT_BF16,ND;ND,"""1,896""",DT_BF16,ND,N/A
0,4294967295,2658,46,AddRmsNormBias,AddRmsNormBias,dynamic,AI_VECTOR_CORE,1790168622756287.612	,1.640,59.650000,1,0,NO,"""1,896;1,896;896;""",DT_BF16;DT_BF16;DT_BF16;DT_UNDEFINED,ND;ND;ND;NULL,"""1,896;1,1;1,896""",DT_BF16;FLOAT;DT_BF16,ND;ND;ND,N/A
0,4294967295,2659,46,aclnnMatmul_MatMulCommon_MatMulV2,MatMulV2,dynamic,AI_CORE,1790168622756331.473	,18.881,42.360000,22,0,NO,"""1,896;9728,896""",DT_BF16;DT_BF16,ND;ND,"""1,9728""",DT_BF16,ND,N/A
0,4294967295,2660,46,SwiGlu,SwiGlu,dynamic,AI_VECTOR_CORE,1790168622756364.195	,2.980,13.869000,1,0,NO,"""1,9728""",DT_BF16,ND,"""1,4864""",DT_BF16,ND,N/A
0,4294967295,2661,46,aclnnMatmul_MatMulCommon_MatMulV2,MatMulV2,dynamic,AI_CORE,1790168622756390.476	,16.640,23.270000,19,0,NO,"""1,4864;896,4864""",DT_BF16;DT_BF16,ND;ND,"""1,896""",DT_BF16,ND,N/A
0,4294967295,2662,46,AddRmsNormBias,AddRmsNormBias,dynamic,AI_VECTOR_CORE,1790168622756452.858	,1.640,45.610000,1,0,NO,"""1,896;1,896;896;""",DT_BF16;DT_BF16;DT_BF16;DT_UNDEFINED,ND;ND;ND;NULL,"""1,896;1,1;1,896""",DT_BF16;FLOAT;DT_BF16,ND;ND;ND,N/A
0,4294967295,2663,46,aclnnAddmm_CastAiCore_Cast,Cast,dynamic,AI_VECTOR_CORE,1790168622756489.460	,1.160,35.110000,2,0,NO,"""1152""",DT_BF16,ND,"""1152""",FLOAT,ND,N/A
0,4294967295,2664,46,aclnnAddmm_MatMulCommon_MatMulV2,MatMulV2,dynamic,AI_CORE,1790168622756491.840	,7.260,1.090000,24,0,NO,"""1,896;1152,896;1152""",DT_BF16;DT_BF16;FLOAT,ND;ND;ND,"""1,1152""",DT_BF16,ND,N/A
0,4294967295,2665,46,_triton_rope,_triton_rope,static,AI_VECTOR_CORE,1790168622756728.329	,2.880,229.240000,1,0,YES,"""1,14,64;1,2,64;32768,64""",DT_BF16;32551;DT_BF16,ND;ND;ND,"""1,14,64;1,2,64""",DT_BF16;32551,ND;ND,N/A
0,4294967295,2666,46,ReshapeAndCacheNdKernel,ReshapeAndCacheNdKernel,dynamic,AI_VECTOR_CORE,1790168622757087.444	,1.580,356.370000,1,0,NO,"""1,2,64;1,2,64;2,128,2,64;2,128,2,64;1""",DT_BF16;DT_BF16;DT_BF16;DT_BF16;INT32,ND;ND;ND;ND;ND,"""2,128,2,64;2,128,2,64""",DT_BF16;DT_BF16,ND;ND,N/A
0,4294967295,2667,46,FusedInferAttentionScore,FusedInferAttentionScore,dynamic,MIX_AIC,1790168622757428.517	,20.021,339.420000,24,48,NO,"""1,14,64;2,128,128;2,128,128;;2048,2048;1;1;;;;;;;;1,1;;;;;;;;;;;;;;;;""",DT_BF16;DT_BF16;DT_BF16;DT_UNDEFINED;INT8;INT64;INT64;DT_UNDEFINED;DT_UNDEFINED;DT_UNDEFINED;DT_UNDEFINED;DT_UNDEFINED;DT_UNDEFINED;DT_UNDEFINED;INT32;DT_UNDEFINED;DT_UNDEFINED;DT_UNDEFINED;DT_UNDEFINED;DT_UNDEFINED;DT_UNDEFINED;DT_UNDEFINED;DT_UNDEFINED;DT_UNDEFINED;DT_UNDEFINED;DT_UNDEFINED;DT_UNDEFINED;DT_UNDEFINED;DT_UNDEFINED;DT_UNDEFINED;DT_UNDEFINED,ND;ND;ND;NULL;ND;ND;ND;NULL;NULL;NULL;NULL;NULL;NULL;NULL;ND;NULL;NULL;NULL;NULL;NULL;NULL;NULL;NULL;NULL;NULL;NULL;NULL;NULL;NULL;NULL;NULL,"""1,14,64;""",DT_BF16;FLOAT,ND;ND,0
0,4294967295,2669,46,aclnnMatmul_MatMulCommon_MatMulV2,MatMulV2,dynamic,AI_CORE,1790168622757672.487	,5.760,223.979000,19,0,NO,"""1,896;896,896""",DT_BF16;DT_BF16,ND;ND,"""1,896""",DT_BF16,ND,N/A
0,4294967295,2670,46,AddRmsNormBias,AddRmsNormBias,dynamic,AI_VECTOR_CORE,1790168622757741.550	,1.680,63.240000,1,0,NO,"""1,896;1,896;896;""",DT_BF16;DT_BF16;DT_BF16;DT_UNDEFINED,ND;ND;ND;NULL,"""1,896;1,1;1,896""",DT_BF16;FLOAT;DT_BF16,ND;ND;ND,N/A
0,4294967295,2671,46,aclnnMatmul_MatMulCommon_MatMulV2,MatMulV2,dynamic,AI_CORE,1790168622757783.051	,19.401,39.820000,22,0,NO,"""1,896;9728,896""",DT_BF16;DT_BF16,ND;ND,"""1,9728""",DT_BF16,ND,N/A
0,4294967295,2672,46,SwiGlu,SwiGlu,dynamic,AI_VECTOR_CORE,1790168622757808.372	,3.161,5.849000,1,0,NO,"""1,9728""",DT_BF16,ND,"""1,4864""",DT_BF16,ND,N/A
0,4294967295,2673,46,aclnnMatmul_MatMulCommon_MatMulV2,MatMulV2,dynamic,AI_CORE,1790168622757849.014	,16.781,37.589000,19,0,NO,"""1,4864;896,4864""",DT_BF16;DT_BF16,ND;ND,"""1,896""",DT_BF16,ND,N/A
0,4294967295,2674,46,AddRmsNormBias,AddRmsNormBias,dynamic,AI_VECTOR_CORE,1790168622757905.476	,1.740,39.719000,1,0,NO,"""1,896;1,896;896;""",DT_BF16;DT_BF16;DT_BF16;DT_UNDEFINED,ND;ND;ND;NULL,"""1,896;1,1;1,896""",DT_BF16;FLOAT;DT_BF16,ND;ND;ND,N/A
0,4294967295,2675,46,aclnnAddmm_CastAiCore_Cast,Cast,dynamic,AI_VECTOR_CORE,1790168622757946.518	,1.140,39.260000,2,0,NO,"""1152""",DT_BF16,ND,"""1152""",FLOAT,ND,N/A
0,4294967295,2676,46,aclnnAddmm_MatMulCommon_MatMulV2,MatMulV2,dynamic,AI_CORE,1790168622757949.018	,7.860,1.360000,24,0,NO,"""1,896;1152,896;1152""",DT_BF16;DT_BF16;FLOAT,ND;ND;ND,"""1,1152""",DT_BF16,ND,N/A
0,4294967295,2677,46,_triton_rope,_triton_rope,static,AI_VECTOR_CORE,1790168622758178.047	,2.820,221.140000,1,0,YES,"""1,14,64;1,2,64;32768,64""",DT_BF16;32551;DT_BF16,ND;ND;ND,"""1,14,64;1,2,64""",DT_BF16;32551,ND;ND,N/A
0,4294967295,2678,46,ReshapeAndCacheNdKernel,ReshapeAndCacheNdKernel,dynamic,AI_VECTOR_CORE,1790168622758532.701	,1.521,351.930000,1,0,NO,"""1,2,64;1,2,64;2,128,2,64;2,128,2,64;1""",DT_BF16;DT_BF16;DT_BF16;DT_BF16;INT32,ND;ND;ND;ND;ND,"""2,128,2,64;2,128,2,64""",DT_BF16;DT_BF16,ND;ND,N/A
0,4294967295,2679,46,FusedInferAttentionScore,FusedInferAttentionScore,dynamic,MIX_AIC,1790168622758867.275	,20.341,332.979000,24,48,NO,"""1,14,64;2,128,128;2,128,128;;2048,2048;1;1;;;;;;;;1,1;;;;;;;;;;;;;;;;""",DT_BF16;DT_BF16;DT_BF16;DT_UNDEFINED;INT8;INT64;INT64;DT_UNDEFINED;DT_UNDEFINED;DT_UNDEFINED;DT_UNDEFINED;DT_UNDEFINED;DT_UNDEFINED;DT_UNDEFINED;INT32;DT_UNDEFINED;DT_UNDEFINED;DT_UNDEFINED;DT_UNDEFINED;DT_UNDEFINED;DT_UNDEFINED;DT_UNDEFINED;DT_UNDEFINED;DT_UNDEFINED;DT_UNDEFINED;DT_UNDEFINED;DT_UNDEFINED;DT_UNDEFINED;DT_UNDEFINED;DT_UNDEFINED;DT_UNDEFINED,ND;ND;ND;NULL;ND;ND;ND;NULL;NULL;NULL;NULL;NULL;NULL;NULL;ND;NULL;NULL;NULL;NULL;NULL;NULL;NULL;NULL;NULL;NULL;NULL;NULL;NULL;NULL;NULL;NULL,"""1,14,64;""",DT_BF16;FLOAT,ND;ND,0
0,4294967295,2681,46,aclnnMatmul_MatMulCommon_MatMulV2,MatMulV2,dynamic,AI_CORE,1790168622759150.986	,5.860,263.409000,19,0,NO,"""1,896;896,896""",DT_BF16;DT_BF16,ND;ND,"""1,896""",DT_BF16,ND,N/A
0,4294967295,2682,46,AddRmsNormBias,AddRmsNormBias,dynamic,AI_VECTOR_CORE,1790168622759222.069	,1.660,65.140000,1,0,NO,"""1,896;1,896;896;""",DT_BF16;DT_BF16;DT_BF16;DT_UNDEFINED,ND;ND;ND;NULL,"""1,896;1,1;1,896""",DT_BF16;FLOAT;DT_BF16,ND;ND;ND,N/A
0,4294967295,2683,46,aclnnMatmul_MatMulCommon_MatMulV2,MatMulV2,dynamic,AI_CORE,1790168622759264.011	,20.541,40.340000,22,0,NO,"""1,896;9728,896""",DT_BF16;DT_BF16,ND;ND,"""1,9728""",DT_BF16,ND,N/A
0,4294967295,2684,46,SwiGlu,SwiGlu,dynamic,AI_VECTOR_CORE,1790168622759296.732	,3.020,12.209000,1,0,NO,"""1,9728""",DT_BF16,ND,"""1,4864""",DT_BF16,ND,N/A
0,4294967295,2685,46,aclnnMatmul_MatMulCommon_MatMulV2,MatMulV2,dynamic,AI_CORE,1790168622759329.373	,16.741,29.480000,19,0,NO,"""1,4864;896,4864""",DT_BF16;DT_BF16,ND;ND,"""1,896""",DT_BF16,ND,N/A
0,4294967295,2686,46,AddRmsNormBias,AddRmsNormBias,dynamic,AI_VECTOR_CORE,1790168622759389.276	,2.260,43.259000,1,0,NO,"""1,896;1,896;896;""",DT_BF16;DT_BF16;DT_BF16;DT_UNDEFINED,ND;ND;ND;NULL,"""1,896;1,1;1,896""",DT_BF16;FLOAT;DT_BF16,ND;ND;ND,N/A
0,4294967295,2687,46,aclnnAddmm_CastAiCore_Cast,Cast,dynamic,AI_VECTOR_CORE,1790168622759428.497	,1.180,36.990000,2,0,NO,"""1152""",DT_BF16,ND,"""1152""",FLOAT,ND,N/A
0,4294967295,2688,46,aclnnAddmm_MatMulCommon_MatMulV2,MatMulV2,dynamic,AI_CORE,1790168622759431.077	,7.701,1.320000,24,0,NO,"""1,896;1152,896;1152""",DT_BF16;DT_BF16;FLOAT,ND;ND;ND,"""1,1152""",DT_BF16,ND,N/A
0,4294967295,2689,46,_triton_rope,_triton_rope,static,AI_VECTOR_CORE,1790168622759663.247	,3.040,224.549000,1,0,YES,"""1,14,64;1,2,64;32768,64""",DT_BF16;32551;DT_BF16,ND;ND;ND,"""1,14,64;1,2,64""",DT_BF16;32551,ND;ND,N/A
0,4294967295,2690,46,ReshapeAndCacheNdKernel,ReshapeAndCacheNdKernel,dynamic,AI_VECTOR_CORE,1790168622760006.480	,1.760,340.210000,1,0,NO,"""1,2,64;1,2,64;2,128,2,64;2,128,2,64;1""",DT_BF16;DT_BF16;DT_BF16;DT_BF16;INT32,ND;ND;ND;ND;ND,"""2,128,2,64;2,128,2,64""",DT_BF16;DT_BF16,ND;ND,N/A
0,4294967295,2691,46,FusedInferAttentionScore,FusedInferAttentionScore,dynamic,MIX_AIC,1790168622760345.854	,20.741,337.490000,24,48,NO,"""1,14,64;2,128,128;2,128,128;;2048,2048;1;1;;;;;;;;1,1;;;;;;;;;;;;;;;;""",DT_BF16;DT_BF16;DT_BF16;DT_UNDEFINED;INT8;INT64;INT64;DT_UNDEFINED;DT_UNDEFINED;DT_UNDEFINED;DT_UNDEFINED;DT_UNDEFINED;DT_UNDEFINED;DT_UNDEFINED;INT32;DT_UNDEFINED;DT_UNDEFINED;DT_UNDEFINED;DT_UNDEFINED;DT_UNDEFINED;DT_UNDEFINED;DT_UNDEFINED;DT_UNDEFINED;DT_UNDEFINED;DT_UNDEFINED;DT_UNDEFINED;DT_UNDEFINED;DT_UNDEFINED;DT_UNDEFINED;DT_UNDEFINED;DT_UNDEFINED,ND;ND;ND;NULL;ND;ND;ND;NULL;NULL;NULL;NULL;NULL;NULL;NULL;ND;NULL;NULL;NULL;NULL;NULL;NULL;NULL;NULL;NULL;NULL;NULL;NULL;NULL;NULL;NULL;NULL,"""1,14,64;""",DT_BF16;FLOAT,ND;ND,0
0,4294967295,2693,46,aclnnMatmul_MatMulCommon_MatMulV2,MatMulV2,dynamic,AI_CORE,1790168622760597.224	,5.740,230.759000,19,0,NO,"""1,896;896,896""",DT_BF16;DT_BF16,ND;ND,"""1,896""",DT_BF16,ND,N/A
0,4294967295,2694,46,AddRmsNormBias,AddRmsNormBias,dynamic,AI_VECTOR_CORE,1790168622760668.467	,1.680,65.510000,1,0,NO,"""1,896;1,896;896;""",DT_BF16;DT_BF16;DT_BF16;DT_UNDEFINED,ND;ND;ND;NULL,"""1,896;1,1;1,896""",DT_BF16;FLOAT;DT_BF16,ND;ND;ND,N/A
0,4294967295,2695,46,aclnnMatmul_MatMulCommon_MatMulV2,MatMulV2,dynamic,AI_CORE,1790168622760709.368	,21.381,39.070000,22,0,NO,"""1,896;9728,896""",DT_BF16;DT_BF16,ND;ND,"""1,9728""",DT_BF16,ND,N/A
0,4294967295,2696,46,SwiGlu,SwiGlu,dynamic,AI_VECTOR_CORE,1790168622760736.450	,4.080,5.869000,1,0,NO,"""1,9728""",DT_BF16,ND,"""1,4864""",DT_BF16,ND,N/A
0,4294967295,2697,46,aclnnMatmul_MatMulCommon_MatMulV2,MatMulV2,dynamic,AI_CORE,1790168622760774.891	,16.861,34.420000,19,0,NO,"""1,4864;896,4864""",DT_BF16;DT_BF16,ND;ND,"""1,896""",DT_BF16,ND,N/A
0,4294967295,2698,46,AddRmsNormBias,AddRmsNormBias,dynamic,AI_VECTOR_CORE,1790168622760831.233	,1.640,39.389000,1,0,NO,"""1,896;1,896;896;""",DT_BF16;DT_BF16;DT_BF16;DT_UNDEFINED,ND;ND;ND;NULL,"""1,896;1,1;1,896""",DT_BF16;FLOAT;DT_BF16,ND;ND;ND,N/A
0,4294967295,2699,46,aclnnAddmm_CastAiCore_Cast,Cast,dynamic,AI_VECTOR_CORE,1790168622760867.655	,1.140,34.860000,2,0,NO,"""1152""",DT_BF16,ND,"""1152""",FLOAT,ND,N/A
0,4294967295,2700,46,aclnnAddmm_MatMulCommon_MatMulV2,MatMulV2,dynamic,AI_CORE,1790168622760872.035	,7.880,3.110000,24,0,NO,"""1,896;1152,896;1152""",DT_BF16;DT_BF16;FLOAT,ND;ND;ND,"""1,1152""",DT_BF16,ND,N/A
0,4294967295,2701,46,_triton_rope,_triton_rope,static,AI_VECTOR_CORE,1790168622761099.604	,2.940,219.620000,1,0,YES,"""1,14,64;1,2,64;32768,64""",DT_BF16;32551;DT_BF16,ND;ND;ND,"""1,14,64;1,2,64""",DT_BF16;32551,ND;ND,N/A
0,4294967295,2702,46,ReshapeAndCacheNdKernel,ReshapeAndCacheNdKernel,dynamic,AI_VECTOR_CORE,1790168622761468.219	,1.560,365.810000,1,0,NO,"""1,2,64;1,2,64;2,128,2,64;2,128,2,64;1""",DT_BF16;DT_BF16;DT_BF16;DT_BF16;INT32,ND;ND;ND;ND;ND,"""2,128,2,64;2,128,2,64""",DT_BF16;DT_BF16,ND;ND,N/A
0,4294967295,2703,46,FusedInferAttentionScore,FusedInferAttentionScore,dynamic,MIX_AIC,1790168622761795.872	,21.501,325.940000,24,48,NO,"""1,14,64;2,128,128;2,128,128;;2048,2048;1;1;;;;;;;;1,1;;;;;;;;;;;;;;;;""",DT_BF16;DT_BF16;DT_BF16;DT_UNDEFINED;INT8;INT64;INT64;DT_UNDEFINED;DT_UNDEFINED;DT_UNDEFINED;DT_UNDEFINED;DT_UNDEFINED;DT_UNDEFINED;DT_UNDEFINED;INT32;DT_UNDEFINED;DT_UNDEFINED;DT_UNDEFINED;DT_UNDEFINED;DT_UNDEFINED;DT_UNDEFINED;DT_UNDEFINED;DT_UNDEFINED;DT_UNDEFINED;DT_UNDEFINED;DT_UNDEFINED;DT_UNDEFINED;DT_UNDEFINED;DT_UNDEFINED;DT_UNDEFINED;DT_UNDEFINED,ND;ND;ND;NULL;ND;ND;ND;NULL;NULL;NULL;NULL;NULL;NULL;NULL;ND;NULL;NULL;NULL;NULL;NULL;NULL;NULL;NULL;NULL;NULL;NULL;NULL;NULL;NULL;NULL;NULL,"""1,14,64;""",DT_BF16;FLOAT,ND;ND,0
0,4294967295,2705,46,aclnnMatmul_MatMulCommon_MatMulV2,MatMulV2,dynamic,AI_CORE,1790168622762046.642	,5.640,229.499000,19,0,NO,"""1,896;896,896""",DT_BF16;DT_BF16,ND;ND,"""1,896""",DT_BF16,ND,N/A
0,4294967295,2706,46,AddRmsNormBias,AddRmsNormBias,dynamic,AI_VECTOR_CORE,1790168622762112.345	,1.640,59.860000,1,0,NO,"""1,896;1,896;896;""",DT_BF16;DT_BF16;DT_BF16;DT_UNDEFINED,ND;ND;ND;NULL,"""1,896;1,1;1,896""",DT_BF16;FLOAT;DT_BF16,ND;ND;ND,N/A
0,4294967295,2707,46,aclnnMatmul_MatMulCommon_MatMulV2,MatMulV2,dynamic,AI_CORE,1790168622762154.886	,18.841,41.110000,22,0,NO,"""1,896;9728,896""",DT_BF16;DT_BF16,ND;ND,"""1,9728""",DT_BF16,ND,N/A
0,4294967295,2708,46,SwiGlu,SwiGlu,dynamic,AI_VECTOR_CORE,1790168622762188.508	,3.140,14.659000,1,0,NO,"""1,9728""",DT_BF16,ND,"""1,4864""",DT_BF16,ND,N/A
0,4294967295,2709,46,aclnnMatmul_MatMulCommon_MatMulV2,MatMulV2,dynamic,AI_CORE,1790168622762223.829	,16.541,32.110000,19,0,NO,"""1,4864;896,4864""",DT_BF16;DT_BF16,ND;ND,"""1,896""",DT_BF16,ND,N/A
0,4294967295,2710,46,AddRmsNormBias,AddRmsNormBias,dynamic,AI_VECTOR_CORE,1790168622762284.271	,1.781,43.959000,1,0,NO,"""1,896;1,896;896;""",DT_BF16;DT_BF16;DT_BF16;DT_UNDEFINED,ND;ND;ND;NULL,"""1,896;1,1;1,896""",DT_BF16;FLOAT;DT_BF16,ND;ND;ND,N/A
0,4294967295,2711,46,aclnnAddmm_CastAiCore_Cast,Cast,dynamic,AI_VECTOR_CORE,1790168622762325.353	,1.160,39.219000,2,0,NO,"""1152""",DT_BF16,ND,"""1152""",FLOAT,ND,N/A
0,4294967295,2712,46,aclnnAddmm_MatMulCommon_MatMulV2,MatMulV2,dynamic,AI_CORE,1790168622762327.753	,7.420,1.340000,24,0,NO,"""1,896;1152,896;1152""",DT_BF16;DT_BF16;FLOAT,ND;ND;ND,"""1,1152""",DT_BF16,ND,N/A
0,4294967295,2713,46,_triton_rope,_triton_rope,static,AI_VECTOR_CORE,1790168622762554.802	,3.140,219.580000,1,0,YES,"""1,14,64;1,2,64;32768,64""",DT_BF16;32551;DT_BF16,ND;ND;ND,"""1,14,64;1,2,64""",DT_BF16;32551,ND;ND,N/A
0,4294967295,2714,46,ReshapeAndCacheNdKernel,ReshapeAndCacheNdKernel,dynamic,AI_VECTOR_CORE,1790168622762906.116	,1.660,348.110000,1,0,NO,"""1,2,64;1,2,64;2,128,2,64;2,128,2,64;1""",DT_BF16;DT_BF16;DT_BF16;DT_BF16;INT32,ND;ND;ND;ND;ND,"""2,128,2,64;2,128,2,64""",DT_BF16;DT_BF16,ND;ND,N/A
0,4294967295,2715,46,FusedInferAttentionScore,FusedInferAttentionScore,dynamic,MIX_AIC,1790168622763249.050	,19.781,341.340000,24,48,NO,"""1,14,64;2,128,128;2,128,128;;2048,2048;1;1;;;;;;;;1,1;;;;;;;;;;;;;;;;""",DT_BF16;DT_BF16;DT_BF16;DT_UNDEFINED;INT8;INT64;INT64;DT_UNDEFINED;DT_UNDEFINED;DT_UNDEFINED;DT_UNDEFINED;DT_UNDEFINED;DT_UNDEFINED;DT_UNDEFINED;INT32;DT_UNDEFINED;DT_UNDEFINED;DT_UNDEFINED;DT_UNDEFINED;DT_UNDEFINED;DT_UNDEFINED;DT_UNDEFINED;DT_UNDEFINED;DT_UNDEFINED;DT_UNDEFINED;DT_UNDEFINED;DT_UNDEFINED;DT_UNDEFINED;DT_UNDEFINED;DT_UNDEFINED;DT_UNDEFINED,ND;ND;ND;NULL;ND;ND;ND;NULL;NULL;NULL;NULL;NULL;NULL;NULL;ND;NULL;NULL;NULL;NULL;NULL;NULL;NULL;NULL;NULL;NULL;NULL;NULL;NULL;NULL;NULL;NULL,"""1,14,64;""",DT_BF16;FLOAT,ND;ND,0
0,4294967295,2717,46,aclnnMatmul_MatMulCommon_MatMulV2,MatMulV2,dynamic,AI_CORE,1790168622763517.061	,5.680,248.219000,19,0,NO,"""1,896;896,896""",DT_BF16;DT_BF16,ND;ND,"""1,896""",DT_BF16,ND,N/A
0,4294967295,2718,46,AddRmsNormBias,AddRmsNormBias,dynamic,AI_VECTOR_CORE,1790168622763585.323	,1.701,62.570000,1,0,NO,"""1,896;1,896;896;""",DT_BF16;DT_BF16;DT_BF16;DT_UNDEFINED,ND;ND;ND;NULL,"""1,896;1,1;1,896""",DT_BF16;FLOAT;DT_BF16,ND;ND;ND,N/A
0,4294967295,2719,46,aclnnMatmul_MatMulCommon_MatMulV2,MatMulV2,dynamic,AI_CORE,1790168622763629.705	,18.621,42.799000,22,0,NO,"""1,896;9728,896""",DT_BF16;DT_BF16,ND;ND,"""1,9728""",DT_BF16,ND,N/A
0,4294967295,2720,46,SwiGlu,SwiGlu,dynamic,AI_VECTOR_CORE,1790168622763659.946	,2.941,11.629000,1,0,NO,"""1,9728""",DT_BF16,ND,"""1,4864""",DT_BF16,ND,N/A
0,4294967295,2721,46,aclnnMatmul_MatMulCommon_MatMulV2,MatMulV2,dynamic,AI_CORE,1790168622763682.647	,16.621,19.809000,19,0,NO,"""1,4864;896,4864""",DT_BF16;DT_BF16,ND;ND,"""1,896""",DT_BF16,ND,N/A
0,4294967295,2722,46,AddRmsNormBias,AddRmsNormBias,dynamic,AI_VECTOR_CORE,1790168622763782.071	,1.760,82.629000,1,0,NO,"""1,896;1,896;896;""",DT_BF16;DT_BF16;DT_BF16;DT_UNDEFINED,ND;ND;ND;NULL,"""1,896;1,1;1,896""",DT_BF16;FLOAT;DT_BF16,ND;ND;ND,N/A
0,4294967295,2723,46,aclnnAddmm_CastAiCore_Cast,Cast,dynamic,AI_VECTOR_CORE,1790168622763807.912	,1.460,24.240000,2,0,NO,"""1152""",DT_BF16,ND,"""1152""",FLOAT,ND,N/A
0,4294967295,2724,46,aclnnAddmm_MatMulCommon_MatMulV2,MatMulV2,dynamic,AI_CORE,1790168622763810.512	,7.641,1.040000,24,0,NO,"""1,896;1152,896;1152""",DT_BF16;DT_BF16;FLOAT,ND;ND;ND,"""1,1152""",DT_BF16,ND,N/A
0,4294967295,2725,46,_triton_rope,_triton_rope,static,AI_VECTOR_CORE,1790168622764030.161	,2.860,212.109000,1,0,YES,"""1,14,64;1,2,64;32768,64""",DT_BF16;32551;DT_BF16,ND;ND;ND,"""1,14,64;1,2,64""",DT_BF16;32551,ND;ND,N/A
0,4294967295,2726,46,ReshapeAndCacheNdKernel,ReshapeAndCacheNdKernel,dynamic,AI_VECTOR_CORE,1790168622764457.378	,1.660,424.390000,1,0,NO,"""1,2,64;1,2,64;2,128,2,64;2,128,2,64;1""",DT_BF16;DT_BF16;DT_BF16;DT_BF16;INT32,ND;ND;ND;ND;ND,"""2,128,2,64;2,128,2,64""",DT_BF16;DT_BF16,ND;ND,N/A
0,4294967295,2727,46,FusedInferAttentionScore,FusedInferAttentionScore,dynamic,MIX_AIC,1790168622764737.070	,20.180,277.840000,24,48,NO,"""1,14,64;2,128,128;2,128,128;;2048,2048;1;1;;;;;;;;1,1;;;;;;;;;;;;;;;;""",DT_BF16;DT_BF16;DT_BF16;DT_UNDEFINED;INT8;INT64;INT64;DT_UNDEFINED;DT_UNDEFINED;DT_UNDEFINED;DT_UNDEFINED;DT_UNDEFINED;DT_UNDEFINED;DT_UNDEFINED;INT32;DT_UNDEFINED;DT_UNDEFINED;DT_UNDEFINED;DT_UNDEFINED;DT_UNDEFINED;DT_UNDEFINED;DT_UNDEFINED;DT_UNDEFINED;DT_UNDEFINED;DT_UNDEFINED;DT_UNDEFINED;DT_UNDEFINED;DT_UNDEFINED;DT_UNDEFINED;DT_UNDEFINED;DT_UNDEFINED,ND;ND;ND;NULL;ND;ND;ND;NULL;NULL;NULL;NULL;NULL;NULL;NULL;ND;NULL;NULL;NULL;NULL;NULL;NULL;NULL;NULL;NULL;NULL;NULL;NULL;NULL;NULL;NULL;NULL,"""1,14,64;""",DT_BF16;FLOAT,ND;ND,0
0,4294967295,2729,46,aclnnMatmul_MatMulCommon_MatMulV2,MatMulV2,dynamic,AI_CORE,1790168622764955.698	,5.860,198.570000,19,0,NO,"""1,896;896,896""",DT_BF16;DT_BF16,ND;ND,"""1,896""",DT_BF16,ND,N/A
0,4294967295,2730,46,AddRmsNormBias,AddRmsNormBias,dynamic,AI_VECTOR_CORE,1790168622765021.101	,1.800,59.390000,1,0,NO,"""1,896;1,896;896;""",DT_BF16;DT_BF16;DT_BF16;DT_UNDEFINED,ND;ND;ND;NULL,"""1,896;1,1;1,896""",DT_BF16;FLOAT;DT_BF16,ND;ND;ND,N/A
0,4294967295,2731,46,aclnnMatmul_MatMulCommon_MatMulV2,MatMulV2,dynamic,AI_CORE,1790168622765069.483	,19.761,46.700000,22,0,NO,"""1,896;9728,896""",DT_BF16;DT_BF16,ND;ND,"""1,9728""",DT_BF16,ND,N/A
0,4294967295,2732,46,SwiGlu,SwiGlu,dynamic,AI_VECTOR_CORE,1790168622765099.184	,3.240,9.989000,1,0,NO,"""1,9728""",DT_BF16,ND,"""1,4864""",DT_BF16,ND,N/A
0,4294967295,2733,46,aclnnMatmul_MatMulCommon_MatMulV2,MatMulV2,dynamic,AI_CORE,1790168622765151.646	,16.881,49.260000,19,0,NO,"""1,4864;896,4864""",DT_BF16;DT_BF16,ND;ND,"""1,896""",DT_BF16,ND,N/A
0,4294967295,2734,46,AddRmsNormBias,AddRmsNormBias,dynamic,AI_VECTOR_CORE,1790168622765209.788	,1.820,41.119000,1,0,NO,"""1,896;1,896;896;""",DT_BF16;DT_BF16;DT_BF16;DT_UNDEFINED,ND;ND;ND;NULL,"""1,896;1,1;1,896""",DT_BF16;FLOAT;DT_BF16,ND;ND;ND,N/A
0,4294967295,2735,46,aclnnAddmm_CastAiCore_Cast,Cast,dynamic,AI_VECTOR_CORE,1790168622765245.070	,1.140,33.430000,2,0,NO,"""1152""",DT_BF16,ND,"""1152""",FLOAT,ND,N/A
0,4294967295,2736,46,aclnnAddmm_MatMulCommon_MatMulV2,MatMulV2,dynamic,AI_CORE,1790168622765247.570	,7.400,1.360000,24,0,NO,"""1,896;1152,896;1152""",DT_BF16;DT_BF16;FLOAT,ND;ND;ND,"""1,1152""",DT_BF16,ND,N/A
0,4294967295,2737,46,_triton_rope,_triton_rope,static,AI_VECTOR_CORE,1790168622765477.379	,2.860,222.600000,1,0,YES,"""1,14,64;1,2,64;32768,64""",DT_BF16;32551;DT_BF16,ND;ND;ND,"""1,14,64;1,2,64""",DT_BF16;32551,ND;ND,N/A
0,4294967295,2738,46,ReshapeAndCacheNdKernel,ReshapeAndCacheNdKernel,dynamic,AI_VECTOR_CORE,1790168622765840.234	,1.520,359.890000,1,0,NO,"""1,2,64;1,2,64;2,128,2,64;2,128,2,64;1""",DT_BF16;DT_BF16;DT_BF16;DT_BF16;INT32,ND;ND;ND;ND;ND,"""2,128,2,64;2,128,2,64""",DT_BF16;DT_BF16,ND;ND,N/A
0,4294967295,2739,46,FusedInferAttentionScore,FusedInferAttentionScore,dynamic,MIX_AIC,1790168622766173.667	,21.541,331.980000,24,48,NO,"""1,14,64;2,128,128;2,128,128;;2048,2048;1;1;;;;;;;;1,1;;;;;;;;;;;;;;;;""",DT_BF16;DT_BF16;DT_BF16;DT_UNDEFINED;INT8;INT64;INT64;DT_UNDEFINED;DT_UNDEFINED;DT_UNDEFINED;DT_UNDEFINED;DT_UNDEFINED;DT_UNDEFINED;DT_UNDEFINED;INT32;DT_UNDEFINED;DT_UNDEFINED;DT_UNDEFINED;DT_UNDEFINED;DT_UNDEFINED;DT_UNDEFINED;DT_UNDEFINED;DT_UNDEFINED;DT_UNDEFINED;DT_UNDEFINED;DT_UNDEFINED;DT_UNDEFINED;DT_UNDEFINED;DT_UNDEFINED;DT_UNDEFINED;DT_UNDEFINED,ND;ND;ND;NULL;ND;ND;ND;NULL;NULL;NULL;NULL;NULL;NULL;NULL;ND;NULL;NULL;NULL;NULL;NULL;NULL;NULL;NULL;NULL;NULL;NULL;NULL;NULL;NULL;NULL;NULL,"""1,14,64;""",DT_BF16;FLOAT,ND;ND,0
0,4294967295,2741,46,aclnnMatmul_MatMulCommon_MatMulV2,MatMulV2,dynamic,AI_CORE,1790168622766431.457	,5.620,236.209000,19,0,NO,"""1,896;896,896""",DT_BF16;DT_BF16,ND;ND,"""1,896""",DT_BF16,ND,N/A
0,4294967295,2742,46,AddRmsNormBias,AddRmsNormBias,dynamic,AI_VECTOR_CORE,1790168622766498.380	,1.600,61.380000,1,0,NO,"""1,896;1,896;896;""",DT_BF16;DT_BF16;DT_BF16;DT_UNDEFINED,ND;ND;ND;NULL,"""1,896;1,1;1,896""",DT_BF16;FLOAT;DT_BF16,ND;ND;ND,N/A
0,4294967295,2743,46,aclnnMatmul_MatMulCommon_MatMulV2,MatMulV2,dynamic,AI_CORE,1790168622766540.642	,19.360,40.650000,22,0,NO,"""1,896;9728,896""",DT_BF16;DT_BF16,ND;ND,"""1,9728""",DT_BF16,ND,N/A
0,4294967295,2744,46,SwiGlu,SwiGlu,dynamic,AI_VECTOR_CORE,1790168622766573.003	,3.080,12.890000,1,0,NO,"""1,9728""",DT_BF16,ND,"""1,4864""",DT_BF16,ND,N/A
0,4294967295,2745,46,aclnnMatmul_MatMulCommon_MatMulV2,MatMulV2,dynamic,AI_CORE,1790168622766605.084	,16.521,28.920000,19,0,NO,"""1,4864;896,4864""",DT_BF16;DT_BF16,ND;ND,"""1,896""",DT_BF16,ND,N/A
0,4294967295,2746,46,AddRmsNormBias,AddRmsNormBias,dynamic,AI_VECTOR_CORE,1790168622766664.367	,1.660,42.729000,1,0,NO,"""1,896;1,896;896;""",DT_BF16;DT_BF16;DT_BF16;DT_UNDEFINED,ND;ND;ND;NULL,"""1,896;1,1;1,896""",DT_BF16;FLOAT;DT_BF16,ND;ND;ND,N/A
0,4294967295,2747,46,aclnnAddmm_CastAiCore_Cast,Cast,dynamic,AI_VECTOR_CORE,1790168622766706.588	,1.180,40.590000,2,0,NO,"""1152""",DT_BF16,ND,"""1152""",FLOAT,ND,N/A
0,4294967295,2748,46,aclnnAddmm_MatMulCommon_MatMulV2,MatMulV2,dynamic,AI_CORE,1790168622766708.928	,7.481,1.320000,24,0,NO,"""1,896;1152,896;1152""",DT_BF16;DT_BF16;FLOAT,ND;ND;ND,"""1,1152""",DT_BF16,ND,N/A
0,4294967295,2749,46,_triton_rope,_triton_rope,static,AI_VECTOR_CORE,1790168622766936.577	,2.901,220.019000,1,0,YES,"""1,14,64;1,2,64;32768,64""",DT_BF16;32551;DT_BF16,ND;ND;ND,"""1,14,64;1,2,64""",DT_BF16;32551,ND;ND,N/A
0,4294967295,2750,46,ReshapeAndCacheNdKernel,ReshapeAndCacheNdKernel,dynamic,AI_VECTOR_CORE,1790168622767293.312	,1.540,353.849000,1,0,NO,"""1,2,64;1,2,64;2,128,2,64;2,128,2,64;1""",DT_BF16;DT_BF16;DT_BF16;DT_BF16;INT32,ND;ND;ND;ND;ND,"""2,128,2,64;2,128,2,64""",DT_BF16;DT_BF16,ND;ND,N/A
0,4294967295,2751,46,FusedInferAttentionScore,FusedInferAttentionScore,dynamic,MIX_AIC,1790168622767632.065	,22.301,337.210000,24,48,NO,"""1,14,64;2,128,128;2,128,128;;2048,2048;1;1;;;;;;;;1,1;;;;;;;;;;;;;;;;""",DT_BF16;DT_BF16;DT_BF16;DT_UNDEFINED;INT8;INT64;INT64;DT_UNDEFINED;DT_UNDEFINED;DT_UNDEFINED;DT_UNDEFINED;DT_UNDEFINED;DT_UNDEFINED;DT_UNDEFINED;INT32;DT_UNDEFINED;DT_UNDEFINED;DT_UNDEFINED;DT_UNDEFINED;DT_UNDEFINED;DT_UNDEFINED;DT_UNDEFINED;DT_UNDEFINED;DT_UNDEFINED;DT_UNDEFINED;DT_UNDEFINED;DT_UNDEFINED;DT_UNDEFINED;DT_UNDEFINED;DT_UNDEFINED;DT_UNDEFINED,ND;ND;ND;NULL;ND;ND;ND;NULL;NULL;NULL;NULL;NULL;NULL;NULL;ND;NULL;NULL;NULL;NULL;NULL;NULL;NULL;NULL;NULL;NULL;NULL;NULL;NULL;NULL;NULL;NULL,"""1,14,64;""",DT_BF16;FLOAT,ND;ND,0
0,4294967295,2753,46,aclnnMatmul_MatMulCommon_MatMulV2,MatMulV2,dynamic,AI_CORE,1790168622767888.996	,6.000,234.699000,19,0,NO,"""1,896;896,896""",DT_BF16;DT_BF16,ND;ND,"""1,896""",DT_BF16,ND,N/A
0,4294967295,2754,46,AddRmsNormBias,AddRmsNormBias,dynamic,AI_VECTOR_CORE,1790168622767966.579	,1.800,71.500000,1,0,NO,"""1,896;1,896;896;""",DT_BF16;DT_BF16;DT_BF16;DT_UNDEFINED,ND;ND;ND;NULL,"""1,896;1,1;1,896""",DT_BF16;FLOAT;DT_BF16,ND;ND;ND,N/A
0,4294967295,2755,46,aclnnMatmul_MatMulCommon_MatMulV2,MatMulV2,dynamic,AI_CORE,1790168622768007.540	,19.801,39.200000,22,0,NO,"""1,896;9728,896""",DT_BF16;DT_BF16,ND;ND,"""1,9728""",DT_BF16,ND,N/A
0,4294967295,2756,46,SwiGlu,SwiGlu,dynamic,AI_VECTOR_CORE,1790168622768035.781	,3.181,8.449000,1,0,NO,"""1,9728""",DT_BF16,ND,"""1,4864""",DT_BF16,ND,N/A
0,4294967295,2757,46,aclnnMatmul_MatMulCommon_MatMulV2,MatMulV2,dynamic,AI_CORE,1790168622768078.103	,16.841,39.069000,19,0,NO,"""1,4864;896,4864""",DT_BF16;DT_BF16,ND;ND,"""1,896""",DT_BF16,ND,N/A
0,4294967295,2758,46,AddRmsNormBias,AddRmsNormBias,dynamic,AI_VECTOR_CORE,1790168622768136.225	,1.940,41.409000,1,0,NO,"""1,896;1,896;896;""",DT_BF16;DT_BF16;DT_BF16;DT_UNDEFINED,ND;ND;ND;NULL,"""1,896;1,1;1,896""",DT_BF16;FLOAT;DT_BF16,ND;ND;ND,N/A
0,4294967295,2759,46,aclnnAddmm_CastAiCore_Cast,Cast,dynamic,AI_VECTOR_CORE,1790168622768177.387	,1.100,39.310000,2,0,NO,"""1152""",DT_BF16,ND,"""1152""",FLOAT,ND,N/A
0,4294967295,2760,46,aclnnAddmm_MatMulCommon_MatMulV2,MatMulV2,dynamic,AI_CORE,1790168622768180.567	,7.700,1.900000,24,0,NO,"""1,896;1152,896;1152""",DT_BF16;DT_BF16;FLOAT,ND;ND;ND,"""1,1152""",DT_BF16,ND,N/A
0,4294967295,2761,46,_triton_rope,_triton_rope,static,AI_VECTOR_CORE,1790168622768406.596	,2.800,218.300000,1,0,YES,"""1,14,64;1,2,64;32768,64""",DT_BF16;32551;DT_BF16,ND;ND;ND,"""1,14,64;1,2,64""",DT_BF16;32551,ND;ND,N/A
0,4294967295,2762,46,ReshapeAndCacheNdKernel,ReshapeAndCacheNdKernel,dynamic,AI_VECTOR_CORE,1790168622768760.710	,1.520,351.450000,1,0,NO,"""1,2,64;1,2,64;2,128,2,64;2,128,2,64;1""",DT_BF16;DT_BF16;DT_BF16;DT_BF16;INT32,ND;ND;ND;ND;ND,"""2,128,2,64;2,128,2,64""",DT_BF16;DT_BF16,ND;ND,N/A
0,4294967295,2763,46,FusedInferAttentionScore,FusedInferAttentionScore,dynamic,MIX_AIC,1790168622769097.084	,21.021,334.730000,24,48,NO,"""1,14,64;2,128,128;2,128,128;;2048,2048;1;1;;;;;;;;1,1;;;;;;;;;;;;;;;;""",DT_BF16;DT_BF16;DT_BF16;DT_UNDEFINED;INT8;INT64;INT64;DT_UNDEFINED;DT_UNDEFINED;DT_UNDEFINED;DT_UNDEFINED;DT_UNDEFINED;DT_UNDEFINED;DT_UNDEFINED;INT32;DT_UNDEFINED;DT_UNDEFINED;DT_UNDEFINED;DT_UNDEFINED;DT_UNDEFINED;DT_UNDEFINED;DT_UNDEFINED;DT_UNDEFINED;DT_UNDEFINED;DT_UNDEFINED;DT_UNDEFINED;DT_UNDEFINED;DT_UNDEFINED;DT_UNDEFINED;DT_UNDEFINED;DT_UNDEFINED,ND;ND;ND;NULL;ND;ND;ND;NULL;NULL;NULL;NULL;NULL;NULL;NULL;ND;NULL;NULL;NULL;NULL;NULL;NULL;NULL;NULL;NULL;NULL;NULL;NULL;NULL;NULL;NULL;NULL,"""1,14,64;""",DT_BF16;FLOAT,ND;ND,0
0,4294967295,2765,46,aclnnMatmul_MatMulCommon_MatMulV2,MatMulV2,dynamic,AI_CORE,1790168622769349.174	,5.800,231.229000,19,0,NO,"""1,896;896,896""",DT_BF16;DT_BF16,ND;ND,"""1,896""",DT_BF16,ND,N/A
0,4294967295,2766,46,AddRmsNormBias,AddRmsNormBias,dynamic,AI_VECTOR_CORE,1790168622769415.017	,1.840,59.950000,1,0,NO,"""1,896;1,896;896;""",DT_BF16;DT_BF16;DT_BF16;DT_UNDEFINED,ND;ND;ND;NULL,"""1,896;1,1;1,896""",DT_BF16;FLOAT;DT_BF16,ND;ND;ND,N/A
0,4294967295,2767,46,aclnnMatmul_MatMulCommon_MatMulV2,MatMulV2,dynamic,AI_CORE,1790168622769456.078	,19.061,39.160000,22,0,NO,"""1,896;9728,896""",DT_BF16;DT_BF16,ND;ND,"""1,9728""",DT_BF16,ND,N/A
0,4294967295,2768,46,SwiGlu,SwiGlu,dynamic,AI_VECTOR_CORE,1790168622769480.179	,2.920,5.189000,1,0,NO,"""1,9728""",DT_BF16,ND,"""1,4864""",DT_BF16,ND,N/A
0,4294967295,2769,46,aclnnMatmul_MatMulCommon_MatMulV2,MatMulV2,dynamic,AI_CORE,1790168622769527.421	,16.561,44.330000,19,0,NO,"""1,4864;896,4864""",DT_BF16;DT_BF16,ND;ND,"""1,896""",DT_BF16,ND,N/A
0,4294967295,2770,46,AddRmsNormBias,AddRmsNormBias,dynamic,AI_VECTOR_CORE,1790168622769584.683	,1.940,40.689000,1,0,NO,"""1,896;1,896;896;""",DT_BF16;DT_BF16;DT_BF16;DT_UNDEFINED,ND;ND;ND;NULL,"""1,896;1,1;1,896""",DT_BF16;FLOAT;DT_BF16,ND;ND;ND,N/A
0,4294967295,2771,46,aclnnAddmm_CastAiCore_Cast,Cast,dynamic,AI_VECTOR_CORE,1790168622769626.565	,1.260,39.810000,2,0,NO,"""1152""",DT_BF16,ND,"""1152""",FLOAT,ND,N/A
0,4294967295,2772,46,aclnnAddmm_MatMulCommon_MatMulV2,MatMulV2,dynamic,AI_CORE,1790168622769629.045	,7.360,1.240000,24,0,NO,"""1,896;1152,896;1152""",DT_BF16;DT_BF16;FLOAT,ND;ND;ND,"""1,1152""",DT_BF16,ND,N/A
0,4294967295,2773,46,_triton_rope,_triton_rope,static,AI_VECTOR_CORE,1790168622769857.774	,3.140,221.390000,1,0,YES,"""1,14,64;1,2,64;32768,64""",DT_BF16;32551;DT_BF16,ND;ND;ND,"""1,14,64;1,2,64""",DT_BF16;32551,ND;ND,N/A
0,4294967295,2774,46,ReshapeAndCacheNdKernel,ReshapeAndCacheNdKernel,dynamic,AI_VECTOR_CORE,1790168622770214.709	,1.680,353.860000,1,0,NO,"""1,2,64;1,2,64;2,128,2,64;2,128,2,64;1""",DT_BF16;DT_BF16;DT_BF16;DT_BF16;INT32,ND;ND;ND;ND;ND,"""2,128,2,64;2,128,2,64""",DT_BF16;DT_BF16,ND;ND,N/A
0,4294967295,2775,46,FusedInferAttentionScore,FusedInferAttentionScore,dynamic,MIX_AIC,1790168622770554.202	,21.321,337.820000,24,48,NO,"""1,14,64;2,128,128;2,128,128;;2048,2048;1;1;;;;;;;;1,1;;;;;;;;;;;;;;;;""",DT_BF16;DT_BF16;DT_BF16;DT_UNDEFINED;INT8;INT64;INT64;DT_UNDEFINED;DT_UNDEFINED;DT_UNDEFINED;DT_UNDEFINED;DT_UNDEFINED;DT_UNDEFINED;DT_UNDEFINED;INT32;DT_UNDEFINED;DT_UNDEFINED;DT_UNDEFINED;DT_UNDEFINED;DT_UNDEFINED;DT_UNDEFINED;DT_UNDEFINED;DT_UNDEFINED;DT_UNDEFINED;DT_UNDEFINED;DT_UNDEFINED;DT_UNDEFINED;DT_UNDEFINED;DT_UNDEFINED;DT_UNDEFINED;DT_UNDEFINED,ND;ND;ND;NULL;ND;ND;ND;NULL;NULL;NULL;NULL;NULL;NULL;NULL;ND;NULL;NULL;NULL;NULL;NULL;NULL;NULL;NULL;NULL;NULL;NULL;NULL;NULL;NULL;NULL;NULL,"""1,14,64;""",DT_BF16;FLOAT,ND;ND,0
0,4294967295,2777,46,aclnnMatmul_MatMulCommon_MatMulV2,MatMulV2,dynamic,AI_CORE,1790168622770810.292	,5.521,234.679000,19,0,NO,"""1,896;896,896""",DT_BF16;DT_BF16,ND;ND,"""1,896""",DT_BF16,ND,N/A
0,4294967295,2778,46,AddRmsNormBias,AddRmsNormBias,dynamic,AI_VECTOR_CORE,1790168622770876.435	,1.780,60.729000,1,0,NO,"""1,896;1,896;896;""",DT_BF16;DT_BF16;DT_BF16;DT_UNDEFINED,ND;ND;ND;NULL,"""1,896;1,1;1,896""",DT_BF16;FLOAT;DT_BF16,ND;ND;ND,N/A
0,4294967295,2779,46,aclnnMatmul_MatMulCommon_MatMulV2,MatMulV2,dynamic,AI_CORE,1790168622770916.677	,18.900,38.470000,22,0,NO,"""1,896;9728,896""",DT_BF16;DT_BF16,ND;ND,"""1,9728""",DT_BF16,ND,N/A
0,4294967295,2780,46,SwiGlu,SwiGlu,dynamic,AI_VECTOR_CORE,1790168622770946.958	,4.080,11.350000,1,0,NO,"""1,9728""",DT_BF16,ND,"""1,4864""",DT_BF16,ND,N/A
0,4294967295,2781,46,aclnnMatmul_MatMulCommon_MatMulV2,MatMulV2,dynamic,AI_CORE,1790168622770977.879	,16.521,26.920000,19,0,NO,"""1,4864;896,4864""",DT_BF16;DT_BF16,ND;ND,"""1,896""",DT_BF16,ND,N/A
0,4294967295,2782,46,AddRmsNormBias,AddRmsNormBias,dynamic,AI_VECTOR_CORE,1790168622771034.901	,1.660,40.479000,1,0,NO,"""1,896;1,896;896;""",DT_BF16;DT_BF16;DT_BF16;DT_UNDEFINED,ND;ND;ND;NULL,"""1,896;1,1;1,896""",DT_BF16;FLOAT;DT_BF16,ND;ND;ND,N/A
0,4294967295,2783,46,aclnnAddmm_CastAiCore_Cast,Cast,dynamic,AI_VECTOR_CORE,1790168622771075.183	,1.120,38.590000,2,0,NO,"""1152""",DT_BF16,ND,"""1152""",FLOAT,ND,N/A
0,4294967295,2784,46,aclnnAddmm_MatMulCommon_MatMulV2,MatMulV2,dynamic,AI_CORE,1790168622771078.423	,7.840,2.130000,24,0,NO,"""1,896;1152,896;1152""",DT_BF16;DT_BF16;FLOAT,ND;ND;ND,"""1,1152""",DT_BF16,ND,N/A
0,4294967295,2785,46,_triton_rope,_triton_rope,static,AI_VECTOR_CORE,1790168622771308.072	,2.860,221.660000,1,0,YES,"""1,14,64;1,2,64;32768,64""",DT_BF16;32551;DT_BF16,ND;ND;ND,"""1,14,64;1,2,64""",DT_BF16;32551,ND;ND,N/A
0,4294967295,2786,46,ReshapeAndCacheNdKernel,ReshapeAndCacheNdKernel,dynamic,AI_VECTOR_CORE,1790168622771671.227	,1.540,360.390000,1,0,NO,"""1,2,64;1,2,64;2,128,2,64;2,128,2,64;1""",DT_BF16;DT_BF16;DT_BF16;DT_BF16;INT32,ND;ND;ND;ND;ND,"""2,128,2,64;2,128,2,64""",DT_BF16;DT_BF16,ND;ND,N/A
0,4294967295,2787,46,FusedInferAttentionScore,FusedInferAttentionScore,dynamic,MIX_AIC,1790168622772047.542	,19.601,374.710000,24,48,NO,"""1,14,64;2,128,128;2,128,128;;2048,2048;1;1;;;;;;;;1,1;;;;;;;;;;;;;;;;""",DT_BF16;DT_BF16;DT_BF16;DT_UNDEFINED;INT8;INT64;INT64;DT_UNDEFINED;DT_UNDEFINED;DT_UNDEFINED;DT_UNDEFINED;DT_UNDEFINED;DT_UNDEFINED;DT_UNDEFINED;INT32;DT_UNDEFINED;DT_UNDEFINED;DT_UNDEFINED;DT_UNDEFINED;DT_UNDEFINED;DT_UNDEFINED;DT_UNDEFINED;DT_UNDEFINED;DT_UNDEFINED;DT_UNDEFINED;DT_UNDEFINED;DT_UNDEFINED;DT_UNDEFINED;DT_UNDEFINED;DT_UNDEFINED;DT_UNDEFINED,ND;ND;ND;NULL;ND;ND;ND;NULL;NULL;NULL;NULL;NULL;NULL;NULL;ND;NULL;NULL;NULL;NULL;NULL;NULL;NULL;NULL;NULL;NULL;NULL;NULL;NULL;NULL;NULL;NULL,"""1,14,64;""",DT_BF16;FLOAT,ND;ND,0
0,4294967295,2789,46,aclnnMatmul_MatMulCommon_MatMulV2,MatMulV2,dynamic,AI_CORE,1790168622772396.636	,5.900,329.649000,19,0,NO,"""1,896;896,896""",DT_BF16;DT_BF16,ND;ND,"""1,896""",DT_BF16,ND,N/A
0,4294967295,2790,46,AddRmsNormBias,AddRmsNormBias,dynamic,AI_VECTOR_CORE,1790168622772465.598	,1.801,62.850000,1,0,NO,"""1,896;1,896;896;""",DT_BF16;DT_BF16;DT_BF16;DT_UNDEFINED,ND;ND;ND;NULL,"""1,896;1,1;1,896""",DT_BF16;FLOAT;DT_BF16,ND;ND;ND,N/A
0,4294967295,2791,46,aclnnMatmul_MatMulCommon_MatMulV2,MatMulV2,dynamic,AI_CORE,1790168622772508.600	,19.281,41.199000,22,0,NO,"""1,896;9728,896""",DT_BF16;DT_BF16,ND;ND,"""1,9728""",DT_BF16,ND,N/A
0,4294967295,2792,46,SwiGlu,SwiGlu,dynamic,AI_VECTOR_CORE,1790168622772550.202	,3.080,22.469000,1,0,NO,"""1,9728""",DT_BF16,ND,"""1,4864""",DT_BF16,ND,N/A
0,4294967295,2793,46,aclnnMatmul_MatMulCommon_MatMulV2,MatMulV2,dynamic,AI_CORE,1790168622772583.383	,16.721,30.170000,19,0,NO,"""1,4864;896,4864""",DT_BF16;DT_BF16,ND;ND,"""1,896""",DT_BF16,ND,N/A
0,4294967295,2794,46,AddRmsNormBias,AddRmsNormBias,dynamic,AI_VECTOR_CORE,1790168622772643.046	,1.780,42.779000,1,0,NO,"""1,896;1,896;896;""",DT_BF16;DT_BF16;DT_BF16;DT_UNDEFINED,ND;ND;ND;NULL,"""1,896;1,1;1,896""",DT_BF16;FLOAT;DT_BF16,ND;ND;ND,N/A
0,4294967295,2795,46,aclnnAddmm_CastAiCore_Cast,Cast,dynamic,AI_VECTOR_CORE,1790168622772682.527	,1.220,37.720000,2,0,NO,"""1152""",DT_BF16,ND,"""1152""",FLOAT,ND,N/A
0,4294967295,2796,46,aclnnAddmm_MatMulCommon_MatMulV2,MatMulV2,dynamic,AI_CORE,1790168622772684.967	,7.781,1.280000,24,0,NO,"""1,896;1152,896;1152""",DT_BF16;DT_BF16;FLOAT,ND;ND;ND,"""1,1152""",DT_BF16,ND,N/A
0,4294967295,2797,46,_triton_rope,_triton_rope,static,AI_VECTOR_CORE,1790168622772913.996	,2.841,221.219000,1,0,YES,"""1,14,64;1,2,64;32768,64""",DT_BF16;32551;DT_BF16,ND;ND;ND,"""1,14,64;1,2,64""",DT_BF16;32551,ND;ND,N/A
0,4294967295,2798,46,ReshapeAndCacheNdKernel,ReshapeAndCacheNdKernel,dynamic,AI_VECTOR_CORE,1790168622773289.311	,1.600,372.409000,1,0,NO,"""1,2,64;1,2,64;2,128,2,64;2,128,2,64;1""",DT_BF16;DT_BF16;DT_BF16;DT_BF16;INT32,ND;ND;ND;ND;ND,"""2,128,2,64;2,128,2,64""",DT_BF16;DT_BF16,ND;ND,N/A
0,4294967295,2799,46,FusedInferAttentionScore,FusedInferAttentionScore,dynamic,MIX_AIC,1790168622773633.165	,19.701,342.400000,24,48,NO,"""1,14,64;2,128,128;2,128,128;;2048,2048;1;1;;;;;;;;1,1;;;;;;;;;;;;;;;;""",DT_BF16;DT_BF16;DT_BF16;DT_UNDEFINED;INT8;INT64;INT64;DT_UNDEFINED;DT_UNDEFINED;DT_UNDEFINED;DT_UNDEFINED;DT_UNDEFINED;DT_UNDEFINED;DT_UNDEFINED;INT32;DT_UNDEFINED;DT_UNDEFINED;DT_UNDEFINED;DT_UNDEFINED;DT_UNDEFINED;DT_UNDEFINED;DT_UNDEFINED;DT_UNDEFINED;DT_UNDEFINED;DT_UNDEFINED;DT_UNDEFINED;DT_UNDEFINED;DT_UNDEFINED;DT_UNDEFINED;DT_UNDEFINED;DT_UNDEFINED,ND;ND;ND;NULL;ND;ND;ND;NULL;NULL;NULL;NULL;NULL;NULL;NULL;ND;NULL;NULL;NULL;NULL;NULL;NULL;NULL;NULL;NULL;NULL;NULL;NULL;NULL;NULL;NULL;NULL,"""1,14,64;""",DT_BF16;FLOAT,ND;ND,0
0,4294967295,2801,46,aclnnMatmul_MatMulCommon_MatMulV2,MatMulV2,dynamic,AI_CORE,1790168622773896.236	,5.700,243.299000,19,0,NO,"""1,896;896,896""",DT_BF16;DT_BF16,ND;ND,"""1,896""",DT_BF16,ND,N/A
0,4294967295,2802,46,AddRmsNormBias,AddRmsNormBias,dynamic,AI_VECTOR_CORE,1790168622773965.358	,1.801,63.300000,1,0,NO,"""1,896;1,896;896;""",DT_BF16;DT_BF16;DT_BF16;DT_UNDEFINED,ND;ND;ND;NULL,"""1,896;1,1;1,896""",DT_BF16;FLOAT;DT_BF16,ND;ND;ND,N/A
0,4294967295,2803,46,aclnnMatmul_MatMulCommon_MatMulV2,MatMulV2,dynamic,AI_CORE,1790168622774008.740	,18.561,41.699000,22,0,NO,"""1,896;9728,896""",DT_BF16;DT_BF16,ND;ND,"""1,9728""",DT_BF16,ND,N/A
0,4294967295,2804,46,SwiGlu,SwiGlu,dynamic,AI_VECTOR_CORE,1790168622774034.281	,3.040,6.939000,1,0,NO,"""1,9728""",DT_BF16,ND,"""1,4864""",DT_BF16,ND,N/A
0,4294967295,2805,46,aclnnMatmul_MatMulCommon_MatMulV2,MatMulV2,dynamic,AI_CORE,1790168622774069.503	,16.620,32.210000,19,0,NO,"""1,4864;896,4864""",DT_BF16;DT_BF16,ND;ND,"""1,896""",DT_BF16,ND,N/A
0,4294967295,2806,46,AddRmsNormBias,AddRmsNormBias,dynamic,AI_VECTOR_CORE,1790168622774139.505	,1.780,53.380000,1,0,NO,"""1,896;1,896;896;""",DT_BF16;DT_BF16;DT_BF16;DT_UNDEFINED,ND;ND;ND;NULL,"""1,896;1,1;1,896""",DT_BF16;FLOAT;DT_BF16,ND;ND;ND,N/A
0,4294967295,2807,46,aclnnAddmm_CastAiCore_Cast,Cast,dynamic,AI_VECTOR_CORE,1790168622774175.447	,1.160,34.220000,2,0,NO,"""1152""",DT_BF16,ND,"""1152""",FLOAT,ND,N/A
0,4294967295,2808,46,aclnnAddmm_MatMulCommon_MatMulV2,MatMulV2,dynamic,AI_CORE,1790168622774177.767	,7.340,1.090000,24,0,NO,"""1,896;1152,896;1152""",DT_BF16;DT_BF16;FLOAT,ND;ND;ND,"""1,1152""",DT_BF16,ND,N/A
0,4294967295,2809,46,_triton_rope,_triton_rope,static,AI_VECTOR_CORE,1790168622774407.676	,2.940,222.660000,1,0,YES,"""1,14,64;1,2,64;32768,64""",DT_BF16;32551;DT_BF16,ND;ND;ND,"""1,14,64;1,2,64""",DT_BF16;32551,ND;ND,N/A
0,4294967295,2810,46,ReshapeAndCacheNdKernel,ReshapeAndCacheNdKernel,dynamic,AI_VECTOR_CORE,1790168622774772.271	,1.560,361.560000,1,0,NO,"""1,2,64;1,2,64;2,128,2,64;2,128,2,64;1""",DT_BF16;DT_BF16;DT_BF16;DT_BF16;INT32,ND;ND;ND;ND;ND,"""2,128,2,64;2,128,2,64""",DT_BF16;DT_BF16,ND;ND,N/A
0,4294967295,2811,46,FusedInferAttentionScore,FusedInferAttentionScore,dynamic,MIX_AIC,1790168622775109.804	,20.561,335.940000,24,48,NO,"""1,14,64;2,128,128;2,128,128;;2048,2048;1;1;;;;;;;;1,1;;;;;;;;;;;;;;;;""",DT_BF16;DT_BF16;DT_BF16;DT_UNDEFINED;INT8;INT64;INT64;DT_UNDEFINED;DT_UNDEFINED;DT_UNDEFINED;DT_UNDEFINED;DT_UNDEFINED;DT_UNDEFINED;DT_UNDEFINED;INT32;DT_UNDEFINED;DT_UNDEFINED;DT_UNDEFINED;DT_UNDEFINED;DT_UNDEFINED;DT_UNDEFINED;DT_UNDEFINED;DT_UNDEFINED;DT_UNDEFINED;DT_UNDEFINED;DT_UNDEFINED;DT_UNDEFINED;DT_UNDEFINED;DT_UNDEFINED;DT_UNDEFINED;DT_UNDEFINED,ND;ND;ND;NULL;ND;ND;ND;NULL;NULL;NULL;NULL;NULL;NULL;NULL;ND;NULL;NULL;NULL;NULL;NULL;NULL;NULL;NULL;NULL;NULL;NULL;NULL;NULL;NULL;NULL;NULL,"""1,14,64;""",DT_BF16;FLOAT,ND;ND,0
0,4294967295,2813,46,aclnnMatmul_MatMulCommon_MatMulV2,MatMulV2,dynamic,AI_CORE,1790168622775378.935	,5.640,248.689000,19,0,NO,"""1,896;896,896""",DT_BF16;DT_BF16,ND;ND,"""1,896""",DT_BF16,ND,N/A
0,4294967295,2814,46,AddRmsNormBias,AddRmsNormBias,dynamic,AI_VECTOR_CORE,1790168622775449.918	,1.780,65.360000,1,0,NO,"""1,896;1,896;896;""",DT_BF16;DT_BF16;DT_BF16;DT_UNDEFINED,ND;ND;ND;NULL,"""1,896;1,1;1,896""",DT_BF16;FLOAT;DT_BF16,ND;ND;ND,N/A
0,4294967295,2815,46,aclnnMatmul_MatMulCommon_MatMulV2,MatMulV2,dynamic,AI_CORE,1790168622775491.919	,19.001,40.220000,22,0,NO,"""1,896;9728,896""",DT_BF16;DT_BF16,ND;ND,"""1,9728""",DT_BF16,ND,N/A
0,4294967295,2816,46,SwiGlu,SwiGlu,dynamic,AI_VECTOR_CORE,1790168622775526.141	,3.180,15.249000,1,0,NO,"""1,9728""",DT_BF16,ND,"""1,4864""",DT_BF16,ND,N/A
0,4294967295,2817,46,aclnnMatmul_MatMulCommon_MatMulV2,MatMulV2,dynamic,AI_CORE,1790168622775548.182	,16.500,18.820000,19,0,NO,"""1,4864;896,4864""",DT_BF16;DT_BF16,ND;ND,"""1,896""",DT_BF16,ND,N/A
0,4294967295,2818,46,AddRmsNormBias,AddRmsNormBias,dynamic,AI_VECTOR_CORE,1790168622775611.884	,1.680,47.250000,1,0,NO,"""1,896;1,896;896;""",DT_BF16;DT_BF16;DT_BF16;DT_UNDEFINED,ND;ND;ND;NULL,"""1,896;1,1;1,896""",DT_BF16;FLOAT;DT_BF16,ND;ND;ND,N/A
0,4294967295,2819,46,aclnnIndex_IndexAiCore_Index,Index,dynamic,AI_VECTOR_CORE,1790168622775695.028	,8.260,81.320000,48,0,NO,"""1,896;1;2;1""",DT_BF16;INT64;INT64;INT32,ND;ND;ND;ND,"""1,896""",DT_BF16,ND,N/A
0,4294967295,2820,46,aclnnMatmul_MatMulCommon_MatMulV2,MatMulV2,dynamic,AI_CORE,1790168622775715.228	,220.389,11.990000,24,0,NO,"""1,896;151936,896""",DT_BF16;DT_BF16,ND;ND,"""1,151936""",DT_BF16,ND,N/A
0,4294967295,2821,46,aclnnInplaceCopy_CastAiCore_Cast,Cast,dynamic,AI_VECTOR_CORE,1790168622776164.106	,8.261,228.361000,48,0,NO,"""1,151936""",DT_BF16,ND,"""1,151936""",FLOAT,ND,N/A
0,4294967295,2824,46,aclnnEqScalar_EqualAiCore_Equal,Equal,dynamic,AI_VECTOR_CORE,1790168622776266.250	,2.521,93.989000,1,0,NO,"""1,1;""",INT64;INT64,ND;ND,"""1,1""",BOOL,ND,N/A
0,4294967295,2825,46,aclnnInplaceMaskedFillScalar_MaskedFillAiCpu_MaskedFill,MaskedFill,dynamic,AI_CPU,1790168622776320.953	,76.803,52.229000,0,0,NO,"""1,1;1,1;""",INT64;BOOL;INT64,ND;ND;ND,"""1,1""",INT64,ND,N/A
0,4294967295,2826,46,aclnnInplaceZero_ZerosLikeAiCore_ZerosLike,ZerosLike,dynamic,AI_VECTOR_CORE,1790168622776397.776	,8.260,0.000000,48,0,NO,"""1,151936""",INT32,ND,"""1,151936""",INT32,ND,N/A
0,4294967295,2827,46,token_bin_counts_and_mask_kernel,token_bin_counts_and_mask_kernel,static,AI_VECTOR_CORE,1790168622776501.720	,66.683,95.740000,1,0,NO,"""1,126;1,151936""",INT64;FLOAT,ND;ND,"""1,151936""",FLOAT,ND,N/A
0,4294967295,2828,46,aclnnGtScalar_CastAiCore_Cast,Cast,dynamic,AI_VECTOR_CORE,1790168622776568.423	,8.880,0.067000,48,0,NO,"""1,151936""",INT32,ND,"""1,151936""",INT64,ND,N/A
0,4294967295,2829,46,aclnnGtScalar_GreaterAiCore_Greater,Greater,dynamic,AI_VECTOR_CORE,1790168622776577.323	,16.161,0.000000,48,0,NO,"""1,151936;""",INT64;INT64,ND;ND,"""1,151936""",BOOL,ND,N/A
0,4294967295,2830,46,aclnnInplaceZero_ZerosLikeAiCore_ZerosLike,ZerosLike,dynamic,AI_VECTOR_CORE,1790168622776593.504	,2.260,0.089000,48,0,NO,"""1,151936""",INT32,ND,"""1,151936""",INT32,ND,N/A
0,4294967295,2831,46,token_bin_counts_and_mask_kernel,token_bin_counts_and_mask_kernel,static,AI_VECTOR_CORE,1790168622776667.907	,64.842,72.240000,1,0,NO,"""1,1;1,151936""",INT64;FLOAT,ND;ND,"""1,151936""",FLOAT,ND,N/A
0,4294967295,2832,46,aclnnGtScalar_CastAiCore_Cast,Cast,dynamic,AI_VECTOR_CORE,1790168622776732.769	,2.940,0.000000,48,0,NO,"""1,151936""",INT32,ND,"""1,151936""",INT64,ND,N/A
0,4294967295,2833,46,aclnnGtScalar_GreaterAiCore_Greater,Greater,dynamic,AI_VECTOR_CORE,1790168622776735.749	,10.861,0.060000,48,0,NO,"""1,151936;""",INT64;INT64,ND;ND,"""1,151936""",BOOL,ND,N/A
0,4294967295,2834,46,apply_all_penalties_kernel,apply_all_penalties_kernel,static,AI_VECTOR_CORE,1790168622776848.814	,76.183,102.139000,1,0,YES,"""1,151936;1,151936;1,151936;1,151936""",FLOAT;BOOL;BOOL;INT32,ND;ND;ND;ND,"""1,151936""",FLOAT,ND,N/A
0,4294967295,2835,46,aclnnArgMax_ArgMaxV2AiCore_ArgMaxV2,ArgMaxV2,dynamic,AI_VECTOR_CORE,1790168622776925.017	,18.701,0.067000,1,0,NO,"""1,151936;""",FLOAT;INT64,ND;ND,"""1""",INT32,ND,N/A
0,4294967295,2836,46,aclnnArgMax_CastAiCore_Cast,Cast,dynamic,AI_VECTOR_CORE,1790168622776943.758	,0.820,0.049000,1,0,NO,"""1""",INT32,ND,"""1""",INT64,ND,N/A
0,4294967295,2837,46,aclnnInplaceCopy_CastAiCore_Cast,Cast,dynamic,AI_VECTOR_CORE,1790168622776944.618	,1.440,0.000000,1,0,NO,"""1""",INT64,ND,"""1""",INT32,ND,N/A
