Name,Input Shapes,Call Stack,Host Self Duration(us),Host Total Duration(us),Device Self Duration(us),Device Total Duration(us),Device Self Duration With AICore(us),Device Total Duration With AICore(us)
P12/A/0001/allocate,,,257.318,383.89,0,0,0,0
P12/A/0002/pool_allocate,,,126.572,126.572,0,0,0,0
P12/A/0003/runner,,,9071.978,40424.637,0,4607.7455,0,1713.887
aten::slice,,,20.511,29.317,0,0,0,0
aten::as_strided,,,8.806,8.806,0,0,0,0
aten::slice,,,2.098,5.999,0,0,0,0
aten::as_strided,,,3.901,3.901,0,0,0,0
aten::copy_,,,31.994,41.47,0,2.82,0,0
acl_memcpy_host_to_device,,,9.476,9.476,2.82,2.82,0,0
aten::slice,,,0.967,1.548,0,0,0,0
aten::as_strided,,,0.581,0.581,0,0,0,0
aten::slice,,,0.779,1.174,0,0,0,0
aten::as_strided,,,0.395,0.395,0,0,0,0
aten::copy_,,,2.875,3.677,0,2.8,0,0
acl_memcpy_host_to_device,,,0.802,0.802,2.8,2.8,0,0
aten::slice,,,0.626,1.076,0,0,0,0
aten::as_strided,,,0.45,0.45,0,0,0,0
aten::slice,,,0.742,2.355,0,0,0,0
aten::as_strided,,,1.613,1.613,0,0,0,0
aten::copy_,,,2.308,5.66,0,2.92,0,0
acl_memcpy_host_to_device,,,3.352,3.352,2.92,2.92,0,0
aten::empty,,,15.969,15.969,0,0,0,0
aten::detach,,,2.629,2.629,0,0,0,0
aten::to,,,2.405,2.405,0,0,0,0
aten::resolve_conj,,,0.632,0.632,0,0,0,0
aten::resolve_neg,,,0.169,0.169,0,0,0,0
aten::to,,,1.202,31.424,0,3.18,0,0
aten::_to_copy,,,5.474,30.222,0,3.18,0,0
aten::empty_strided,,,11.454,18.204,0,0,0,0
empty_tensor,,,6.75,6.75,0,0,0,0
aten::copy_,,,3.794,6.544,0,3.18,0,0
acl_memcpy_host_to_device,,,2.75,2.75,3.18,3.18,0,0
aten::slice,,,1.008,1.686,0,0,0,0
aten::as_strided,,,0.678,0.678,0,0,0,0
aten::slice,,,0.455,0.8,0,0,0,0
aten::as_strided,,,0.345,0.345,0,0,0,0
aten::slice,,,0.553,0.783,0,0,0,0
aten::as_strided,,,0.23,0.23,0,0,0,0
record_event,,,3.387,3.387,0.02,0.02,0,0
aten::slice,,,0.885,1.938,0,0,0,0
aten::as_strided,,,1.053,1.053,0,0,0,0
aten::slice,,,0.725,1.334,0,0,0,0
aten::as_strided,,,0.609,0.609,0,0,0,0
aten::copy_,,,3.757,13.945,0,2.7405,0,0
acl_memcpy_host_to_device,,,10.188,10.188,2.7405,2.7405,0,0
aten::lift_fresh,,,0.847,0.847,0,0,0,0
aten::lift_fresh,,,0.082,0.082,0,0,0,0
aten::flatten,,,10.081,15.113,0,0,0,0
aten::view,,,5.032,5.032,0,0,0,0
aten::slice,,,2.913,3.326,0,0,0,0
aten::as_strided,,,0.413,0.413,0,0,0,0
aten::index_select,,,7.265,7.265,0,0,0,0
aten::copy_,,,4.292,7.61,0,2.8,0,0
acl_memcpy_host_to_device,,,3.318,3.318,2.8,2.8,0,0
aten::slice,,,0.81,1.09,0,0,0,0
aten::as_strided,,,0.28,0.28,0,0,0,0
aten::lift_fresh,,,0.242,0.242,0,0,0,0
aten::slice,,,1.106,1.28,0,0,0,0
aten::as_strided,,,0.174,0.174,0,0,0,0
aten::add,,,14.767,14.767,0,0,0,0
aten::slice,,,0.735,1.008,0,0,0,0
aten::as_strided,,,0.273,0.273,0,0,0,0
aten::fill_,,,5.529,5.529,0,0,0,0
aten::slice,,,0.656,1.619,0,0,0,0
aten::as_strided,,,0.963,0.963,0,0,0,0
aten::fill_,,,18.485,21.674,0,1.12,0,0
aclnnInplaceFillScalar,,,3.189,3.189,1.12,1.12,0,0
aten::slice,,,0.663,1.183,0,0,0,0
aten::as_strided,,,0.52,0.52,0,0,0,0
aten::slice,,,0.85,1.163,0,0,0,0
aten::as_strided,,,0.313,0.313,0,0,0,0
aten::copy_,,,5.245,6.088,0,2.9605,0,0
acl_memcpy_host_to_device,,,0.843,0.843,2.9605,2.9605,0,0
aten::slice,,,0.639,0.859,0,0,0,0
aten::as_strided,,,0.22,0.22,0,0,0,0
aten::detach,,,1.733,1.733,0,0,0,0
aten::to,,,0.317,0.317,0,0,0,0
aten::resolve_conj,,,0.228,0.228,0,0,0,0
aten::resolve_neg,,,0.072,0.072,0,0,0,0
aten::slice,,,0.925,1.568,0,0,0,0
aten::as_strided,,,0.643,0.643,0,0,0,0
aten::slice,,,10.568,10.793,0,0,0,0
aten::as_strided,,,0.225,0.225,0,0,0,0
aten::copy_,,,0.252,0.252,0,0,0,0
aten::slice,,,0.687,1.14,0,0,0,0
aten::as_strided,,,0.453,0.453,0,0,0,0
aten::slice,,,0.673,0.896,0,0,0,0
aten::as_strided,,,0.223,0.223,0,0,0,0
aten::copy_,,,2.801,5.257,0,2.82,0,0
acl_memcpy_host_to_device,,,2.456,2.456,2.82,2.82,0,0
aten::fill_,,,2.556,4.203,0,0.98,0,0
aclnnInplaceFillScalar,,,1.647,1.647,0.98,0.98,0,0
aten::slice,,,1.831,2.254,0,0,0,0
aten::as_strided,,,0.423,0.423,0,0,0,0
aten::slice,,,0.427,0.613,0,0,0,0
aten::as_strided,,,0.186,0.186,0,0,0,0
aten::copy_,,,2.35,3.398,0,2.92,0,0
acl_memcpy_host_to_device,,,1.048,1.048,2.92,2.92,0,0
aten::slice,,,0.64,1.062,0,0,0,0
aten::as_strided,,,0.422,0.422,0,0,0,0
aten::slice,,,0.603,0.98,0,0,0,0
aten::as_strided,,,0.377,0.377,0,0,0,0
aten::copy_,,,4.081,8.499,0,2.94,0,0
acl_memcpy_host_to_device,,,4.418,4.418,2.94,2.94,0,0
aten::slice,,,0.643,0.966,0,0,0,0
aten::as_strided,,,0.323,0.323,0,0,0,0
aten::slice,,,0.567,0.889,0,0,0,0
aten::as_strided,,,0.322,0.322,0,0,0,0
aten::slice,,,0.48,0.735,0,0,0,0
aten::as_strided,,,0.255,0.255,0,0,0,0
aten::copy_,,,3.312,10.818,0,2.88,0,0
acl_memcpy_host_to_device,,,7.506,7.506,2.88,2.88,0,0
aten::slice,,,0.636,1.058,0,0,0,0
aten::as_strided,,,0.422,0.422,0,0,0,0
aten::slice,,,6.584,6.917,0,0,0,0
aten::as_strided,,,0.333,0.333,0,0,0,0
aten::copy_,,,2.433,4.999,0,2.7805,0,0
acl_memcpy_host_to_device,,,2.566,2.566,2.7805,2.7805,0,0
aten::slice,,,0.535,0.891,0,0,0,0
aten::as_strided,,,0.356,0.356,0,0,0,0
aten::index,,,13.424,24.174,0,10.0805,0,0
empty_tensor,,,2.011,2.011,0,0,0,0
empty_tensor,,,5.533,5.533,0,0,0,0
aclnnIndex,,,3.206,3.206,10.0805,10.0805,0,0
aten::to,,,0.982,11.209,0,1.3,0,0
aten::_to_copy,,,1.801,10.227,0,1.3,0,0
aten::empty,,,1.16,2.635,0,0,0,0
empty_tensor,,,1.475,1.475,0,0,0,0
aten::copy_,,,4.836,5.791,0,1.3,0,0
aclnnInplaceCopy,,,0.955,0.955,1.3,1.3,0,0
aten::slice,,,0.727,1.251,0,0,0,0
aten::as_strided,,,0.524,0.524,0,0,0,0
aten::add,,,8.856,12.052,0,2.48,0,0
empty_tensor,,,2.361,2.361,0,0,0,0
aclnnAdd,,,0.835,0.835,2.48,2.48,0,0
aten::slice,,,0.684,1.396,0,0,0,0
aten::as_strided,,,0.712,0.712,0,0,0,0
aten::copy_,,,54.384,57.594,0,1.22,0,0
aclnnInplaceCopy,,,3.21,3.21,1.22,1.22,0,0
aten::slice,,,0.579,0.932,0,0,0,0
aten::as_strided,,,0.353,0.353,0,0,0,0
aten::add,,,2.953,6.564,0,1.26,0,0
empty_tensor,,,2.819,2.819,0,0,0,0
aclnnAdd,,,0.792,0.792,1.26,1.26,0,0
aten::copy_,,,7.162,18.98,0,0.6,0,0
aclnnInplaceCopy,,,11.818,11.818,0.6,0.6,0,0
aten::slice,,,0.73,1.155,0,0,0,0
aten::as_strided,,,0.425,0.425,0,0,0,0
aten::fill_,,,2.924,4.416,0,0,0,0
aclnnInplaceFillScalar,,,1.492,1.492,0,0,0,0
aten::slice,,,0.692,1.072,0,0,0,0
aten::as_strided,,,0.38,0.38,0,0,0,0
aten::slice,,,0.45,0.725,0,0,0,0
aten::as_strided,,,0.275,0.275,0,0,0,0
_compute_slot_mapping_kernel,,,7.523,7.523,120.025,120.025,0,0
aten::slice,,,1.071,1.897,0,0,0,0
aten::as_strided,,,0.826,0.826,0,0,0,0
aten::sub,,,9.558,19.479,0,1.3,0,0
empty_tensor,,,2.45,2.45,0,0,0,0
aten::item,,,2.03,4.81,0,0,0,0
aten::_local_scalar_dense,,,2.78,2.78,0,0,0,0
aclnnSubs,,,2.661,2.661,1.3,1.3,0,0
aten::detach,,,1.252,1.252,0,0,0,0
aten::to,,,0.867,0.867,0,0,0,0
aten::resolve_conj,,,0.218,0.218,0,0,0,0
aten::resolve_neg,,,0.079,0.079,0,0,0,0
aten::slice,,,1.707,2.946,0,0,0,0
aten::as_strided,,,1.239,1.239,0,0,0,0
aten::slice,,,2.692,3.73,0,0,0,0
aten::as_strided,,,1.038,1.038,0,0,0,0
aten::slice,,,0.552,1.286,0,0,0,0
aten::as_strided,,,0.734,0.734,0,0,0,0
aten::slice,,,1.473,1.922,0,0,0,0
aten::as_strided,,,0.449,0.449,0,0,0,0
aten::fill_,,,4.815,9.44,0,0,0,0
aclnnInplaceFillScalar,,,4.625,4.625,0,0,0,0
aten::slice,,,2.057,2.565,0,0,0,0
aten::as_strided,,,0.508,0.508,0,0,0,0
aten::fill_,,,1.66,3.236,0,0,0,0
aclnnInplaceFillScalar,,,1.576,1.576,0,0,0,0
aten::slice,,,0.547,0.78,0,0,0,0
aten::as_strided,,,0.233,0.233,0,0,0,0
aten::slice,,,0.476,0.786,0,0,0,0
aten::as_strided,,,0.31,0.31,0,0,0,0
aten::lt,,,8.895,8.895,0,0,0,0
aten::lift_fresh,,,0.26,0.26,0,0,0,0
aten::slice,,,1.569,1.875,0,0,0,0
aten::as_strided,,,0.306,0.306,0,0,0,0
aten::fill_,,,1.46,5.572,0,0,0,0
aten::copy_,,,4.112,4.112,0,0,0,0
aten::slice,,,0.6,0.835,0,0,0,0
aten::as_strided,,,0.235,0.235,0,0,0,0
aten::slice,,,0.462,0.995,0,0,0,0
aten::as_strided,,,0.533,0.533,0,0,0,0
aten::slice,,,0.713,2.045,0,0,0,0
aten::as_strided,,,1.332,1.332,0,0,0,0
aten::slice,,,0.449,1.991,0,0,0,0
aten::as_strided,,,1.542,1.542,0,0,0,0
aten::slice,,,0.54,0.665,0,0,0,0
aten::as_strided,,,0.125,0.125,0,0,0,0
aten::slice,,,0.569,1.612,0,0,0,0
aten::as_strided,,,1.043,1.043,0,0,0,0
aten::slice,,,1.149,1.539,0,0,0,0
aten::as_strided,,,0.39,0.39,0,0,0,0
aten::slice,,,0.548,0.808,0,0,0,0
aten::as_strided,,,0.26,0.26,0,0,0,0
aten::slice,,,0.485,0.735,0,0,0,0
aten::as_strided,,,0.25,0.25,0,0,0,0
aten::sub,,,4.288,4.288,0,0,0,0
aten::gt,,,6.77,16.423,0,0,0,0
aten::to,,,1.156,9.653,0,0,0,0
aten::_to_copy,,,3.318,8.497,0,0,0,0
aten::empty_strided,,,2.199,2.199,0,0,0,0
aten::copy_,,,2.98,2.98,0,0,0,0
aten::any,,,4.396,8.643,0,0,0,0
aten::view_as,,,1.472,2.209,0,0,0,0
aten::view,,,0.737,0.737,0,0,0,0
aten::to,,,0.235,0.235,0,0,0,0
aten::copy_,,,1.803,1.803,0,0,0,0
aten::is_nonzero,,,1.653,2.708,0,0,0,0
aten::item,,,0.622,1.055,0,0,0,0
aten::_local_scalar_dense,,,0.433,0.433,0,0,0,0
aten::to,,,0.336,3.279,0,0,0,0
aten::_to_copy,,,0.65,2.943,0,0,0,0
aten::empty_strided,,,0.759,0.759,0,0,0,0
aten::copy_,,,1.534,1.534,0,0,0,0
aten::argmax,,,3.31,3.63,0,0,0,0
aten::fill_,,,0.32,0.32,0,0,0,0
aten::item,,,0.187,0.4,0,0,0,0
aten::_local_scalar_dense,,,0.213,0.213,0,0,0,0
aten::select,,,5.628,6.678,0,0,0,0
aten::as_strided,,,1.05,1.05,0,0,0,0
aten::item,,,0.396,0.609,0,0,0,0
aten::_local_scalar_dense,,,0.213,0.213,0,0,0,0
aten::slice,,,0.599,0.963,0,0,0,0
aten::as_strided,,,0.364,0.364,0,0,0,0
aten::slice,,,0.548,1.185,0,0,0,0
aten::as_strided,,,0.637,0.637,0,0,0,0
aten::pin_memory,,,1.975,13.043,0,0,0,0
aten::is_pinned,,,11.068,11.068,0,0,0,0
aten::to,,,0.735,17.009,0,2.82,0,0
aten::_to_copy,,,1.731,16.274,0,2.82,0,0
aten::empty_strided,,,4.241,6.346,0,0,0,0
empty_tensor,,,2.105,2.105,0,0,0,0
aten::copy_,,,4.997,8.197,0,2.82,0,0
acl_memcpy_host_to_device,,,3.2,3.2,2.82,2.82,0,0
aten::resolve_conj,,,0.173,0.173,0,0,0,0
aten::resolve_neg,,,0.254,0.254,0,0,0,0
aten::slice,,,0.851,1.091,0,0,0,0
aten::as_strided,,,0.24,0.24,0,0,0,0
aten::resolve_conj,,,0.213,0.213,0,0,0,0
aten::resolve_neg,,,0.296,0.296,0,0,0,0
aten::slice,,,0.69,1.303,0,0,0,0
aten::as_strided,,,0.613,0.613,0,0,0,0
aten::slice,,,0.556,0.915,0,0,0,0
aten::as_strided,,,0.359,0.359,0,0,0,0
aten::index_select,,,9.009,14.915,0,12.0205,0,0
empty_tensor,,,3.118,3.118,0,0,0,0
aclnnIndexSelect,,,2.788,2.788,12.0205,12.0205,0,0
aten::view,,,2.432,2.432,0,0,0,0
aten::repeat,,,5.825,15.843,0,10.0005,0,0
empty_tensor,,,1.417,1.417,0,0,0,0
aclnnRepeat,,,8.601,8.601,10.0005,10.0005,0,0
aten::chunk,,,5.652,16.027,0,0,0,0
aten::split,,,2.624,10.375,0,0,0,0
aten::narrow,,,3.048,6.361,0,0,0,0
aten::slice,,,0.444,3.313,0,0,0,0
aten::as_strided,,,2.869,2.869,0,0,0,0
aten::narrow,,,0.473,1.39,0,0,0,0
aten::slice,,,0.324,0.917,0,0,0,0
aten::as_strided,,,0.593,0.593,0,0,0,0
aten::slice,,,0.81,1.717,0,0,0,0
aten::as_strided,,,0.907,0.907,0,0,0,0
aten::view,,,0.849,0.849,0,0,0,0
aten::expand,,,2.53,3.279,0,0,0,0
aten::as_strided,,,0.749,0.749,0,0,0,0
aten::copy_,,,3.409,6.225,0,3.4605,0,0
aclnnInplaceCopy,,,2.816,2.816,3.4605,3.4605,0,0
aten::index_select,,,2.891,7.217,0,8.1405,0,0
empty_tensor,,,3.02,3.02,0,0,0,0
aclnnIndexSelect,,,1.306,1.306,8.1405,8.1405,0,0
aten::view,,,0.663,0.663,0,0,0,0
aten::repeat,,,1.681,3.802,0,5.42,0,0
empty_tensor,,,0.975,0.975,0,0,0,0
aclnnRepeat,,,1.146,1.146,5.42,5.42,0,0
aten::chunk,,,0.489,3.873,0,0,0,0
aten::split,,,0.474,3.384,0,0,0,0
aten::narrow,,,0.487,1.355,0,0,0,0
aten::slice,,,0.278,0.868,0,0,0,0
aten::as_strided,,,0.59,0.59,0,0,0,0
aten::narrow,,,0.412,1.555,0,0,0,0
aten::slice,,,0.63,1.143,0,0,0,0
aten::as_strided,,,0.513,0.513,0,0,0,0
aten::slice,,,0.752,1.117,0,0,0,0
aten::as_strided,,,0.365,0.365,0,0,0,0
aten::view,,,0.395,0.395,0,0,0,0
aten::expand,,,0.284,0.624,0,0,0,0
aten::as_strided,,,0.34,0.34,0,0,0,0
aten::copy_,,,2.722,5.107,0,2.38,0,0
aclnnInplaceCopy,,,2.385,2.385,2.38,2.38,0,0
aten::slice,,,0.865,1.212,0,0,0,0
aten::as_strided,,,0.347,0.347,0,0,0,0
aten::slice,,,0.714,1.43,0,0,0,0
aten::as_strided,,,0.716,0.716,0,0,0,0
aten::to,,,0.778,15.953,0,1.16,0,0
aten::_to_copy,,,2.411,15.175,0,1.16,0,0
aten::empty,,,1.141,4.669,0,0,0,0
empty_tensor,,,3.528,3.528,0,0,0,0
aten::copy_,,,5.372,8.095,0,1.16,0,0
aclnnInplaceCopy,,,2.723,2.723,1.16,1.16,0,0
aten::embedding,,,5.622,10.348,0,10.1405,0,0
empty_tensor,,,2.091,2.091,0,0,0,0
aclnnEmbedding,,,2.635,2.635,10.1405,10.1405,0,0
vllm::maybe_pad_and_reduce,,,17.107,17.107,0,0,0,0
npu::npu_rms_norm,,,44.485,55.78,0,18.041,0,0
empty_tensor,,,2.132,2.132,0,0,0,0
empty_tensor,,,1.333,1.333,0,0,0,0
aclnnRmsNorm,,,7.83,7.83,18.041,18.041,0,0
vllm::unquantized_gemm,,,12.871,37.353,0,9.799999999999999,0,8.6
aten::linear,,,3.644,24.482,0,9.799999999999999,0,8.6
aten::t,,,3.237,7.568,0,0,0,0
aten::transpose,,,2.541,4.331,0,0,0,0
aten::as_strided,,,1.79,1.79,0,0,0,0
aten::addmm,,,9.43,13.27,0,9.799999999999999,0,8.6
empty_tensor,,,1.483,1.483,0,0,0,0
aclnnAddmm,,,2.357,2.357,9.799999999999999,9.799999999999999,8.6,8.6
aten::split_with_sizes,,,2.771,6.545,0,0,0,0
aten::as_strided,,,0.912,0.912,0,0,0,0
aten::as_strided,,,0.24,0.24,0,0,0,0
aten::as_strided,,,2.622,2.622,0,0,0,0
vllm::npu_rotary_embedding,,,226.36,259.088,0,18.561,0,0
aten::view,,,3.16,3.16,0,0,0,0
aten::view,,,0.638,0.638,0,0,0,0
aten::contiguous,,,4.087,15.585,0,2.14,0,0
aten::clone,,,2.459,11.498,0,2.14,0,0
empty_tensor,,,1.542,1.542,0,0,0,0
aten::copy_,,,3.648,7.497,0,2.14,0,0
aclnnInplaceCopy,,,3.849,3.849,2.14,2.14,0,0
aten::contiguous,,,0.486,6.859,0,2.76,0,0
aten::clone,,,0.688,6.373,0,2.76,0,0
empty_tensor,,,3.14,3.14,0,0,0,0
aten::copy_,,,1.825,2.545,0,2.76,0,0
aclnnInplaceCopy,,,0.72,0.72,2.76,2.76,0,0
_triton_rope,,,4.413,4.413,13.661,13.661,0,0
aten::view,,,1.304,1.304,0,0,0,0
aten::view,,,0.769,0.769,0,0,0,0
aten::empty,,,0.851,3.326,0,0,0,0
empty_tensor,,,2.475,2.475,0,0,0,0
aten::view,,,0.895,0.895,0,0,0,0
aten::view,,,0.629,0.629,0,0,0,0
aten::view,,,0.82,0.82,0,0,0,0
aten::view,,,0.81,0.81,0,0,0,0
vllm::unified_attention_with_output,,,220.87,1054.285,0,46.4015,0,0
P12/A/0004/attention,,,306.362,833.415,0,46.4015,0,0
aten::slice,,,1.51,3.017,0,0,0,0
aten::as_strided,,,1.507,1.507,0,0,0,0
aten::slice,,,0.5,3.109,0,0,0,0
aten::as_strided,,,2.609,2.609,0,0,0,0
aten::slice,,,2.482,3.37,0,0,0,0
aten::as_strided,,,0.888,0.888,0,0,0,0
P12/A/0005/cache_write,,,108.006,153.222,0,12.0005,0,0
atb::_npu_reshape_and_cache,,,28.185,45.216,0,12.0005,0,0
aten::contiguous,,,0.992,15.176,0,2.84,0,0
aten::clone,,,1.559,14.184,0,2.84,0,0
empty_tensor,,,3.443,3.443,0,0,0,0
aten::copy_,,,6.055,9.182,0,2.84,0,0
aclnnInplaceCopy,,,3.127,3.127,2.84,2.84,0,0
ReshapeCacheOperation,,,1.855,1.855,9.1605,9.1605,0,0
P12/A/0006/fia,,,202.387,349.77,0,34.401,0,0
aten::slice,,,0.903,2.128,0,0,0,0
aten::as_strided,,,1.225,1.225,0,0,0,0
aten::slice,,,0.445,1.037,0,0,0,0
aten::as_strided,,,0.592,0.592,0,0,0,0
aten::slice,,,0.327,0.936,0,0,0,0
aten::as_strided,,,0.609,0.609,0,0,0,0
npu::npu_fused_infer_attention_score,,,107.907,118.07,0,33.381,0,0
empty_tensor,,,3.291,3.291,0,0,0,0
empty_tensor,,,1.362,1.362,0,0,0,0
empty_tensor,,,0.805,0.805,0,0,0,0
empty_tensor,,,0.705,0.705,0,0,0,0
aclnnFusedInferAttentionScoreV3,,,4.0,4.0,33.381,33.381,0,0
aten::view,,,1.445,1.445,0,0,0,0
aten::slice,,,0.444,1.328,0,0,0,0
aten::as_strided,,,0.884,0.884,0,0,0,0
aten::copy_,,,13.046,22.439,0,1.02,0,0
aclnnInplaceCopy,,,9.393,9.393,1.02,1.02,0,0
aten::slice,,,0.579,1.322,0,0,0,0
aten::as_strided,,,0.743,0.743,0,0,0,0
aten::copy_,,,10.868,13.243,0,0,0,0
aclnnInplaceCopy,,,2.375,2.375,0,0,0,0
aten::view,,,1.395,1.395,0,0,0,0
vllm::unquantized_gemm,,,7.802,31.075,0,7.6405,0,7.6405
aten::linear,,,2.586,23.273,0,7.6405,0,7.6405
aten::t,,,2.881,5.207,0,0,0,0
aten::transpose,,,1.216,2.326,0,0,0,0
aten::as_strided,,,1.11,1.11,0,0,0,0
aten::matmul,,,9.483,15.48,0,7.6405,0,7.6405
empty_tensor,,,3.455,3.455,0,0,0,0
aclnnMatmul,,,2.542,2.542,7.6405,7.6405,7.6405,7.6405
vllm::maybe_chunk_residual,,,5.983,5.983,0,0,0,0
_C_ascend::npu_add_rms_norm_bias,,,22.723,34.83,0,14.8605,0,0
aten::empty,,,0.977,3.185,0,0,0,0
empty_tensor,,,2.208,2.208,0,0,0,0
aten::empty,,,0.261,1.788,0,0,0,0
empty_tensor,,,1.527,1.527,0,0,0,0
aten::empty,,,0.462,1.339,0,0,0,0
empty_tensor,,,0.877,0.877,0,0,0,0
aten::empty,,,0.431,2.825,0,0,0,0
empty_tensor,,,2.394,2.394,0,0,0,0
aclnnAddRmsNormBias,,,2.97,2.97,14.8605,14.8605,0,0
vllm::unquantized_gemm,,,3.93,15.346,0,23.861,0,23.861
aten::linear,,,0.91,11.416,0,23.861,0,23.861
aten::t,,,0.948,2.485,0,0,0,0
aten::transpose,,,0.664,1.537,0,0,0,0
aten::as_strided,,,0.873,0.873,0,0,0,0
aten::matmul,,,3.818,8.021,0,23.861,0,23.861
empty_tensor,,,1.822,1.822,0,0,0,0
aclnnMatmul,,,2.381,2.381,23.861,23.861,23.861,23.861
npu::npu_swiglu,,,16.175,19.895,0,17.321,0,0
empty_tensor,,,1.476,1.476,0,0,0,0
aclnnSwiGlu,,,2.244,2.244,17.321,17.321,0,0
vllm::unquantized_gemm,,,4.168,13.463,0,22.101,0,22.101
aten::linear,,,0.783,9.295,0,22.101,0,22.101
aten::t,,,0.801,1.737,0,0,0,0
aten::transpose,,,0.39,0.936,0,0,0,0
aten::as_strided,,,0.546,0.546,0,0,0,0
aten::matmul,,,3.039,6.775,0,22.101,0,22.101
empty_tensor,,,1.258,1.258,0,0,0,0
aclnnMatmul,,,2.478,2.478,22.101,22.101,22.101,22.101
vllm::maybe_chunk_residual,,,4.286,4.286,0,0,0,0
_C_ascend::npu_add_rms_norm_bias,,,9.751,26.99,0,11.7005,0,0
aten::empty,,,0.432,1.838,0,0,0,0
empty_tensor,,,1.406,1.406,0,0,0,0
aten::empty,,,0.298,1.148,0,0,0,0
empty_tensor,,,0.85,0.85,0,0,0,0
aten::empty,,,0.383,1.235,0,0,0,0
empty_tensor,,,0.852,0.852,0,0,0,0
aten::empty,,,0.422,2.008,0,0,0,0
empty_tensor,,,1.586,1.586,0,0,0,0
aclnnAddRmsNormBias,,,11.01,11.01,11.7005,11.7005,0,0
vllm::unquantized_gemm,,,4.53,18.787,0,10.161,0,9.0405
aten::linear,,,1.181,14.257,0,10.161,0,9.0405
aten::t,,,0.977,2.495,0,0,0,0
aten::transpose,,,0.718,1.518,0,0,0,0
aten::as_strided,,,0.8,0.8,0,0,0,0
aten::addmm,,,6.486,10.581,0,10.161,0,9.0405
empty_tensor,,,1.461,1.461,0,0,0,0
aclnnAddmm,,,2.634,2.634,10.161,10.161,9.0405,9.0405
aten::split_with_sizes,,,1.895,3.581,0,0,0,0
aten::as_strided,,,0.708,0.708,0,0,0,0
aten::as_strided,,,0.543,0.543,0,0,0,0
aten::as_strided,,,0.435,0.435,0,0,0,0
vllm::npu_rotary_embedding,,,211.325,237.406,0,18.360500000000002,0,0
aten::view,,,1.558,1.558,0,0,0,0
aten::view,,,0.718,0.718,0,0,0,0
aten::contiguous,,,1.172,9.521,0,2.86,0,0
aten::clone,,,1.339,8.349,0,2.86,0,0
empty_tensor,,,1.492,1.492,0,0,0,0
aten::copy_,,,3.309,5.518,0,2.86,0,0
aclnnInplaceCopy,,,2.209,2.209,2.86,2.86,0,0
aten::contiguous,,,0.593,9.303,0,2.92,0,0
aten::clone,,,0.705,8.71,0,2.92,0,0
empty_tensor,,,1.225,1.225,0,0,0,0
aten::copy_,,,2.009,6.78,0,2.92,0,0
aclnnInplaceCopy,,,4.771,4.771,2.92,2.92,0,0
_triton_rope,,,3.25,3.25,12.5805,12.5805,0,0
aten::view,,,1.184,1.184,0,0,0,0
aten::view,,,0.547,0.547,0,0,0,0
aten::empty,,,0.803,2.99,0,0,0,0
empty_tensor,,,2.187,2.187,0,0,0,0
aten::view,,,0.752,0.752,0,0,0,0
aten::view,,,0.805,0.805,0,0,0,0
aten::view,,,0.68,0.68,0,0,0,0
aten::view,,,0.794,0.794,0,0,0,0
vllm::unified_attention_with_output,,,106.568,902.68,0,45.0225,0,0
P12/A/0007/attention,,,319.596,796.112,0,45.0225,0,0
aten::slice,,,1.425,2.665,0,0,0,0
aten::as_strided,,,1.24,1.24,0,0,0,0
aten::slice,,,0.651,1.109,0,0,0,0
aten::as_strided,,,0.458,0.458,0,0,0,0
aten::slice,,,2.483,3.378,0,0,0,0
aten::as_strided,,,0.895,0.895,0,0,0,0
P12/A/0008/cache_write,,,101.262,144.582,0,12.321,0,0
atb::_npu_reshape_and_cache,,,26.141,43.32,0,12.321,0,0
aten::contiguous,,,1.263,14.764,0,2.8605,0,0
aten::clone,,,1.348,13.501,0,2.8605,0,0
empty_tensor,,,3.536,3.536,0,0,0,0
aten::copy_,,,5.58,8.617,0,2.8605,0,0
aclnnInplaceCopy,,,3.037,3.037,2.8605,2.8605,0,0
ReshapeCacheOperation,,,2.415,2.415,9.4605,9.4605,0,0
P12/A/0009/fia,,,205.435,310.004,0,32.7015,0,0
aten::slice,,,1.054,2.403,0,0,0,0
aten::as_strided,,,1.349,1.349,0,0,0,0
aten::slice,,,0.604,1.024,0,0,0,0
aten::as_strided,,,0.42,0.42,0,0,0,0
aten::slice,,,2.16,2.567,0,0,0,0
aten::as_strided,,,0.407,0.407,0,0,0,0
npu::npu_fused_infer_attention_score,,,66.193,75.118,0,31.6815,0,0
empty_tensor,,,3.148,3.148,0,0,0,0
empty_tensor,,,1.085,1.085,0,0,0,0
empty_tensor,,,0.722,0.722,0,0,0,0
empty_tensor,,,0.733,0.733,0,0,0,0
aclnnFusedInferAttentionScoreV3,,,3.237,3.237,31.6815,31.6815,0,0
aten::view,,,1.456,1.456,0,0,0,0
aten::slice,,,0.488,1.483,0,0,0,0
aten::as_strided,,,0.995,0.995,0,0,0,0
aten::copy_,,,12.472,20.518,0,1.02,0,0
aclnnInplaceCopy,,,8.046,8.046,1.02,1.02,0,0
aten::slice,,,0.708,1.634,0,0,0,0
aten::as_strided,,,0.926,0.926,0,0,0,0
aten::copy_,,,10.461,13.144,0,0,0,0
aclnnInplaceCopy,,,2.683,2.683,0,0,0,0
aten::view,,,1.434,1.434,0,0,0,0
vllm::unquantized_gemm,,,7.264,28.823,0,7.6,0,7.6
aten::linear,,,3.889,21.559,0,7.6,0,7.6
aten::t,,,2.481,4.874,0,0,0,0
aten::transpose,,,1.281,2.393,0,0,0,0
aten::as_strided,,,1.112,1.112,0,0,0,0
aten::matmul,,,7.051,12.796,0,7.6,0,7.6
empty_tensor,,,3.058,3.058,0,0,0,0
aclnnMatmul,,,2.687,2.687,7.6,7.6,7.6,7.6
vllm::maybe_chunk_residual,,,5.671,5.671,0,0,0,0
_C_ascend::npu_add_rms_norm_bias,,,14.732,26.228,0,15.581,0,0
aten::empty,,,1.019,3.352,0,0,0,0
empty_tensor,,,2.333,2.333,0,0,0,0
aten::empty,,,0.196,1.172,0,0,0,0
empty_tensor,,,0.976,0.976,0,0,0,0
aten::empty,,,0.318,1.575,0,0,0,0
empty_tensor,,,1.257,1.257,0,0,0,0
aten::empty,,,0.473,2.523,0,0,0,0
empty_tensor,,,2.05,2.05,0,0,0,0
aclnnAddRmsNormBias,,,2.874,2.874,15.581,15.581,0,0
vllm::unquantized_gemm,,,3.926,15.008,0,22.921,0,22.921
aten::linear,,,0.81,11.082,0,22.921,0,22.921
aten::t,,,0.997,2.482,0,0,0,0
aten::transpose,,,0.475,1.485,0,0,0,0
aten::as_strided,,,1.01,1.01,0,0,0,0
aten::matmul,,,3.727,7.79,0,22.921,0,22.921
empty_tensor,,,1.605,1.605,0,0,0,0
aclnnMatmul,,,2.458,2.458,22.921,22.921,22.921,22.921
npu::npu_swiglu,,,10.825,14.958,0,15.4405,0,0
empty_tensor,,,1.641,1.641,0,0,0,0
aclnnSwiGlu,,,2.492,2.492,15.4405,15.4405,0,0
vllm::unquantized_gemm,,,3.507,13.552,0,21.681,0,21.681
aten::linear,,,0.967,10.045,0,21.681,0,21.681
aten::t,,,1.656,2.625,0,0,0,0
aten::transpose,,,0.379,0.969,0,0,0,0
aten::as_strided,,,0.59,0.59,0,0,0,0
aten::matmul,,,2.499,6.453,0,21.681,0,21.681
empty_tensor,,,1.55,1.55,0,0,0,0
aclnnMatmul,,,2.404,2.404,21.681,21.681,21.681,21.681
vllm::maybe_chunk_residual,,,3.86,3.86,0,0,0,0
_C_ascend::npu_add_rms_norm_bias,,,8.653,22.691,0,12.9605,0,0
aten::empty,,,0.37,1.707,0,0,0,0
empty_tensor,,,1.337,1.337,0,0,0,0
aten::empty,,,0.218,1.025,0,0,0,0
empty_tensor,,,0.807,0.807,0,0,0,0
aten::empty,,,0.369,1.44,0,0,0,0
empty_tensor,,,1.071,1.071,0,0,0,0
aten::empty,,,0.314,1.817,0,0,0,0
empty_tensor,,,1.503,1.503,0,0,0,0
aclnnAddRmsNormBias,,,8.049,8.049,12.9605,12.9605,0,0
vllm::unquantized_gemm,,,4.379,16.75,0,9.9205,0,8.7005
aten::linear,,,1.014,12.371,0,9.9205,0,8.7005
aten::t,,,0.591,1.745,0,0,0,0
aten::transpose,,,0.404,1.154,0,0,0,0
aten::as_strided,,,0.75,0.75,0,0,0,0
aten::addmm,,,5.959,9.612,0,9.9205,0,8.7005
empty_tensor,,,1.258,1.258,0,0,0,0
aclnnAddmm,,,2.395,2.395,9.9205,9.9205,8.7005,8.7005
aten::split_with_sizes,,,1.455,3.077,0,0,0,0
aten::as_strided,,,0.782,0.782,0,0,0,0
aten::as_strided,,,0.39,0.39,0,0,0,0
aten::as_strided,,,0.45,0.45,0,0,0,0
vllm::npu_rotary_embedding,,,218.029,241.346,0,18.4205,0,0
aten::view,,,1.356,1.356,0,0,0,0
aten::view,,,0.33,0.33,0,0,0,0
aten::contiguous,,,1.068,10.591,0,2.94,0,0
aten::clone,,,1.304,9.523,0,2.94,0,0
empty_tensor,,,1.36,1.36,0,0,0,0
aten::copy_,,,4.014,6.859,0,2.94,0,0
aclnnInplaceCopy,,,2.845,2.845,2.94,2.94,0,0
aten::contiguous,,,0.496,4.828,0,2.98,0,0
aten::clone,,,0.605,4.332,0,2.98,0,0
empty_tensor,,,1.29,1.29,0,0,0,0
aten::copy_,,,1.572,2.437,0,2.98,0,0
aclnnInplaceCopy,,,0.865,0.865,2.98,2.98,0,0
_triton_rope,,,4.54,4.54,12.5005,12.5005,0,0
aten::view,,,1.201,1.201,0,0,0,0
aten::view,,,0.471,0.471,0,0,0,0
aten::empty,,,0.744,3.237,0,0,0,0
empty_tensor,,,2.493,2.493,0,0,0,0
aten::view,,,0.843,0.843,0,0,0,0
aten::view,,,0.488,0.488,0,0,0,0
aten::view,,,0.562,0.562,0,0,0,0
aten::view,,,0.631,0.631,0,0,0,0
vllm::unified_attention_with_output,,,101.723,892.882,0,46.5815,0,0
P12/A/0010/attention,,,318.574,791.159,0,46.5815,0,0
aten::slice,,,1.328,2.722,0,0,0,0
aten::as_strided,,,1.394,1.394,0,0,0,0
aten::slice,,,0.387,1.076,0,0,0,0
aten::as_strided,,,0.689,0.689,0,0,0,0
aten::slice,,,2.249,3.052,0,0,0,0
aten::as_strided,,,0.803,0.803,0,0,0,0
P12/A/0011/cache_write,,,104.934,150.905,0,12.1605,0,0
atb::_npu_reshape_and_cache,,,26.015,45.971,0,12.1605,0,0
aten::contiguous,,,0.98,17.419,0,2.92,0,0
aten::clone,,,3.289,16.439,0,2.92,0,0
empty_tensor,,,3.373,3.373,0,0,0,0
aten::copy_,,,5.895,9.777,0,2.92,0,0
aclnnInplaceCopy,,,3.882,3.882,2.92,2.92,0,0
ReshapeCacheOperation,,,2.537,2.537,9.2405,9.2405,0,0
P12/A/0012/fia,,,196.92,299.607,0,34.421,0,0
aten::slice,,,0.898,2.116,0,0,0,0
aten::as_strided,,,1.218,1.218,0,0,0,0
aten::slice,,,0.478,1.101,0,0,0,0
aten::as_strided,,,0.623,0.623,0,0,0,0
aten::slice,,,0.236,0.689,0,0,0,0
aten::as_strided,,,0.453,0.453,0,0,0,0
npu::npu_fused_infer_attention_score,,,65.357,74.705,0,33.401,0,0
empty_tensor,,,3.359,3.359,0,0,0,0
empty_tensor,,,1.066,1.066,0,0,0,0
empty_tensor,,,0.893,0.893,0,0,0,0
empty_tensor,,,0.648,0.648,0,0,0,0
aclnnFusedInferAttentionScoreV3,,,3.382,3.382,33.401,33.401,0,0
aten::view,,,1.431,1.431,0,0,0,0
aten::slice,,,0.387,1.252,0,0,0,0
aten::as_strided,,,0.865,0.865,0,0,0,0
aten::copy_,,,12.848,21.393,0,1.02,0,0
aclnnInplaceCopy,,,8.545,8.545,1.02,1.02,0,0
aten::slice,,,0.593,1.455,0,0,0,0
aten::as_strided,,,0.862,0.862,0,0,0,0
aten::copy_,,,10.552,13.768,0,0,0,0
aclnnInplaceCopy,,,3.216,3.216,0,0,0,0
aten::view,,,1.413,1.413,0,0,0,0
vllm::unquantized_gemm,,,7.283,27.749,0,7.56,0,7.56
aten::linear,,,1.824,20.466,0,7.56,0,7.56
aten::t,,,3.453,5.818,0,0,0,0
aten::transpose,,,1.255,2.365,0,0,0,0
aten::as_strided,,,1.11,1.11,0,0,0,0
aten::matmul,,,7.006,12.824,0,7.56,0,7.56
empty_tensor,,,3.195,3.195,0,0,0,0
aclnnMatmul,,,2.623,2.623,7.56,7.56,7.56,7.56
vllm::maybe_chunk_residual,,,5.2,5.2,0,0,0,0
_C_ascend::npu_add_rms_norm_bias,,,15.301,28.358,0,13.2205,0,0
aten::empty,,,1.16,3.952,0,0,0,0
empty_tensor,,,2.792,2.792,0,0,0,0
aten::empty,,,0.315,2.146,0,0,0,0
empty_tensor,,,1.831,1.831,0,0,0,0
aten::empty,,,0.459,1.536,0,0,0,0
empty_tensor,,,1.077,1.077,0,0,0,0
aten::empty,,,0.495,2.33,0,0,0,0
empty_tensor,,,1.835,1.835,0,0,0,0
aclnnAddRmsNormBias,,,3.093,3.093,13.2205,13.2205,0,0
vllm::unquantized_gemm,,,4.195,15.161,0,23.781,0,23.781
aten::linear,,,0.81,10.966,0,23.781,0,23.781
aten::t,,,0.873,2.658,0,0,0,0
aten::transpose,,,0.884,1.785,0,0,0,0
aten::as_strided,,,0.901,0.901,0,0,0,0
aten::matmul,,,3.708,7.498,0,23.781,0,23.781
empty_tensor,,,1.478,1.478,0,0,0,0
aclnnMatmul,,,2.312,2.312,23.781,23.781,23.781,23.781
npu::npu_swiglu,,,11.098,15.329,0,15.6805,0,0
empty_tensor,,,1.435,1.435,0,0,0,0
aclnnSwiGlu,,,2.796,2.796,15.6805,15.6805,0,0
vllm::unquantized_gemm,,,3.444,12.419,0,21.961,0,21.961
aten::linear,,,0.648,8.975,0,21.961,0,21.961
aten::t,,,0.787,2.058,0,0,0,0
aten::transpose,,,0.434,1.271,0,0,0,0
aten::as_strided,,,0.837,0.837,0,0,0,0
aten::matmul,,,2.673,6.269,0,21.961,0,21.961
empty_tensor,,,1.221,1.221,0,0,0,0
aclnnMatmul,,,2.375,2.375,21.961,21.961,21.961,21.961
vllm::maybe_chunk_residual,,,4.6,4.6,0,0,0,0
_C_ascend::npu_add_rms_norm_bias,,,8.936,22.036,0,11.3205,0,0
aten::empty,,,0.333,1.62,0,0,0,0
empty_tensor,,,1.287,1.287,0,0,0,0
aten::empty,,,0.225,1.734,0,0,0,0
empty_tensor,,,1.509,1.509,0,0,0,0
aten::empty,,,0.192,1.06,0,0,0,0
empty_tensor,,,0.868,0.868,0,0,0,0
aten::empty,,,0.302,1.625,0,0,0,0
empty_tensor,,,1.323,1.323,0,0,0,0
aclnnAddRmsNormBias,,,7.061,7.061,11.3205,11.3205,0,0
vllm::unquantized_gemm,,,4.464,17.793,0,10.041,0,8.8805
aten::linear,,,1.494,13.329,0,10.041,0,8.8805
aten::t,,,0.763,2.023,0,0,0,0
aten::transpose,,,0.393,1.26,0,0,0,0
aten::as_strided,,,0.867,0.867,0,0,0,0
aten::addmm,,,5.957,9.812,0,10.041,0,8.8805
empty_tensor,,,1.221,1.221,0,0,0,0
aclnnAddmm,,,2.634,2.634,10.041,10.041,8.8805,8.8805
aten::split_with_sizes,,,1.414,3.239,0,0,0,0
aten::as_strided,,,0.812,0.812,0,0,0,0
aten::as_strided,,,0.433,0.433,0,0,0,0
aten::as_strided,,,0.58,0.58,0,0,0,0
vllm::npu_rotary_embedding,,,206.869,227.615,0,18.2605,0,0
aten::view,,,1.26,1.26,0,0,0,0
aten::view,,,0.534,0.534,0,0,0,0
aten::contiguous,,,0.875,9.711,0,2.86,0,0
aten::clone,,,1.389,8.836,0,2.86,0,0
empty_tensor,,,1.537,1.537,0,0,0,0
aten::copy_,,,3.35,5.91,0,2.86,0,0
aclnnInplaceCopy,,,2.56,2.56,2.86,2.86,0,0
aten::contiguous,,,0.654,4.198,0,2.92,0,0
aten::clone,,,0.459,3.544,0,2.92,0,0
empty_tensor,,,0.967,0.967,0,0,0,0
aten::copy_,,,1.523,2.118,0,2.92,0,0
aclnnInplaceCopy,,,0.595,0.595,2.92,2.92,0,0
_triton_rope,,,2.973,2.973,12.4805,12.4805,0,0
aten::view,,,1.451,1.451,0,0,0,0
aten::view,,,0.619,0.619,0,0,0,0
aten::empty,,,0.568,2.78,0,0,0,0
empty_tensor,,,2.212,2.212,0,0,0,0
aten::view,,,0.706,0.706,0,0,0,0
aten::view,,,0.477,0.477,0,0,0,0
aten::view,,,0.473,0.473,0,0,0,0
aten::view,,,0.695,0.695,0,0,0,0
vllm::unified_attention_with_output,,,98.098,881.14,0,45.121,0,0
P12/A/0013/attention,,,321.033,783.042,0,45.121,0,0
aten::slice,,,1.438,2.782,0,0,0,0
aten::as_strided,,,1.344,1.344,0,0,0,0
aten::slice,,,0.438,1.021,0,0,0,0
aten::as_strided,,,0.583,0.583,0,0,0,0
aten::slice,,,2.365,3.503,0,0,0,0
aten::as_strided,,,1.138,1.138,0,0,0,0
P12/A/0014/cache_write,,,103.451,139.772,0,12.32,0,0
atb::_npu_reshape_and_cache,,,18.993,36.321,0,12.32,0,0
aten::contiguous,,,0.762,15.35,0,2.92,0,0
aten::clone,,,1.252,14.588,0,2.92,0,0
empty_tensor,,,3.55,3.55,0,0,0,0
aten::copy_,,,5.442,9.786,0,2.92,0,0
aclnnInplaceCopy,,,4.344,4.344,2.92,2.92,0,0
ReshapeCacheOperation,,,1.978,1.978,9.4,9.4,0,0
P12/A/0015/fia,,,197.924,300.237,0,32.801,0,0
aten::slice,,,1.127,2.547,0,0,0,0
aten::as_strided,,,1.42,1.42,0,0,0,0
aten::slice,,,0.461,0.875,0,0,0,0
aten::as_strided,,,0.414,0.414,0,0,0,0
aten::slice,,,0.62,1.085,0,0,0,0
aten::as_strided,,,0.465,0.465,0,0,0,0
npu::npu_fused_infer_attention_score,,,64.517,74.281,0,31.781,0,0
empty_tensor,,,3.705,3.705,0,0,0,0
empty_tensor,,,1.075,1.075,0,0,0,0
empty_tensor,,,0.918,0.918,0,0,0,0
empty_tensor,,,0.783,0.783,0,0,0,0
aclnnFusedInferAttentionScoreV3,,,3.283,3.283,31.781,31.781,0,0
aten::view,,,1.508,1.508,0,0,0,0
aten::slice,,,0.554,1.33,0,0,0,0
aten::as_strided,,,0.776,0.776,0,0,0,0
aten::copy_,,,12.383,20.687,0,1.02,0,0
aclnnInplaceCopy,,,8.304,8.304,1.02,1.02,0,0
aten::slice,,,0.629,1.531,0,0,0,0
aten::as_strided,,,0.902,0.902,0,0,0,0
aten::copy_,,,10.285,13.163,0,0,0,0
aclnnInplaceCopy,,,2.878,2.878,0,0,0,0
aten::view,,,1.503,1.503,0,0,0,0
vllm::unquantized_gemm,,,7.306,27.011,0,7.9405,0,7.9405
aten::linear,,,1.823,19.705,0,7.9405,0,7.9405
aten::t,,,2.416,4.969,0,0,0,0
aten::transpose,,,1.365,2.553,0,0,0,0
aten::as_strided,,,1.188,1.188,0,0,0,0
aten::matmul,,,6.953,12.913,0,7.9405,0,7.9405
empty_tensor,,,3.241,3.241,0,0,0,0
aclnnMatmul,,,2.719,2.719,7.9405,7.9405,7.9405,7.9405
vllm::maybe_chunk_residual,,,5.291,5.291,0,0,0,0
_C_ascend::npu_add_rms_norm_bias,,,14.995,26.91,0,12.6405,0,0
aten::empty,,,1.021,3.129,0,0,0,0
empty_tensor,,,2.108,2.108,0,0,0,0
aten::empty,,,0.202,1.288,0,0,0,0
empty_tensor,,,1.086,1.086,0,0,0,0
aten::empty,,,0.198,1.554,0,0,0,0
empty_tensor,,,1.356,1.356,0,0,0,0
aten::empty,,,0.724,2.801,0,0,0,0
empty_tensor,,,2.077,2.077,0,0,0,0
aclnnAddRmsNormBias,,,3.143,3.143,12.6405,12.6405,0,0
vllm::unquantized_gemm,,,4.117,15.04,0,22.781,0,22.781
aten::linear,,,0.908,10.923,0,22.781,0,22.781
aten::t,,,0.829,2.237,0,0,0,0
aten::transpose,,,0.513,1.408,0,0,0,0
aten::as_strided,,,0.895,0.895,0,0,0,0
aten::matmul,,,3.845,7.778,0,22.781,0,22.781
empty_tensor,,,1.46,1.46,0,0,0,0
aclnnMatmul,,,2.473,2.473,22.781,22.781,22.781,22.781
npu::npu_swiglu,,,11.464,15.283,0,14.9005,0,0
empty_tensor,,,1.432,1.432,0,0,0,0
aclnnSwiGlu,,,2.387,2.387,14.9005,14.9005,0,0
vllm::unquantized_gemm,,,3.614,13.74,0,21.381,0,21.381
aten::linear,,,0.829,10.126,0,21.381,0,21.381
aten::t,,,0.637,1.911,0,0,0,0
aten::transpose,,,0.494,1.274,0,0,0,0
aten::as_strided,,,0.78,0.78,0,0,0,0
aten::matmul,,,2.472,7.386,0,21.381,0,21.381
empty_tensor,,,2.409,2.409,0,0,0,0
aclnnMatmul,,,2.505,2.505,21.381,21.381,21.381,21.381
vllm::maybe_chunk_residual,,,4.163,4.163,0,0,0,0
_C_ascend::npu_add_rms_norm_bias,,,8.532,20.773,0,11.2605,0,0
aten::empty,,,0.385,1.745,0,0,0,0
empty_tensor,,,1.36,1.36,0,0,0,0
aten::empty,,,0.223,1.518,0,0,0,0
empty_tensor,,,1.295,1.295,0,0,0,0
aten::empty,,,0.452,1.238,0,0,0,0
empty_tensor,,,0.786,0.786,0,0,0,0
aten::empty,,,0.567,2.303,0,0,0,0
empty_tensor,,,1.736,1.736,0,0,0,0
aclnnAddRmsNormBias,,,5.437,5.437,11.2605,11.2605,0,0
vllm::unquantized_gemm,,,4.352,17.96,0,9.520000000000001,0,8.46
aten::linear,,,1.093,13.608,0,9.520000000000001,0,8.46
aten::t,,,0.747,2.067,0,0,0,0
aten::transpose,,,0.493,1.32,0,0,0,0
aten::as_strided,,,0.827,0.827,0,0,0,0
aten::addmm,,,6.384,10.448,0,9.520000000000001,0,8.46
empty_tensor,,,1.274,1.274,0,0,0,0
aclnnAddmm,,,2.79,2.79,9.520000000000001,9.520000000000001,8.46,8.46
aten::split_with_sizes,,,1.428,3.045,0,0,0,0
aten::as_strided,,,0.715,0.715,0,0,0,0
aten::as_strided,,,0.434,0.434,0,0,0,0
aten::as_strided,,,0.468,0.468,0,0,0,0
vllm::npu_rotary_embedding,,,209.369,230.393,0,18.721,0,0
aten::view,,,1.348,1.348,0,0,0,0
aten::view,,,0.635,0.635,0,0,0,0
aten::contiguous,,,0.931,9.265,0,2.92,0,0
aten::clone,,,1.196,8.334,0,2.92,0,0
empty_tensor,,,1.376,1.376,0,0,0,0
aten::copy_,,,3.012,5.762,0,2.92,0,0
aclnnInplaceCopy,,,2.75,2.75,2.92,2.92,0,0
aten::contiguous,,,0.636,4.745,0,2.84,0,0
aten::clone,,,0.473,4.109,0,2.84,0,0
empty_tensor,,,1.068,1.068,0,0,0,0
aten::copy_,,,1.664,2.568,0,2.84,0,0
aclnnInplaceCopy,,,0.904,0.904,2.84,2.84,0,0
_triton_rope,,,3.036,3.036,12.961,12.961,0,0
aten::view,,,1.258,1.258,0,0,0,0
aten::view,,,0.737,0.737,0,0,0,0
aten::empty,,,0.704,2.929,0,0,0,0
empty_tensor,,,2.225,2.225,0,0,0,0
aten::view,,,1.055,1.055,0,0,0,0
aten::view,,,0.523,0.523,0,0,0,0
aten::view,,,0.458,0.458,0,0,0,0
aten::view,,,0.673,0.673,0,0,0,0
vllm::unified_attention_with_output,,,102.809,887.89,0,51.083,0,0
P12/A/0016/attention,,,321.737,785.081,0,51.083,0,0
aten::slice,,,1.217,2.827,0,0,0,0
aten::as_strided,,,1.61,1.61,0,0,0,0
aten::slice,,,0.461,0.902,0,0,0,0
aten::as_strided,,,0.441,0.441,0,0,0,0
aten::slice,,,2.183,3.065,0,0,0,0
aten::as_strided,,,0.882,0.882,0,0,0,0
P12/A/0017/cache_write,,,106.092,141.59,0,12.201,0,0
atb::_npu_reshape_and_cache,,,18.247,35.498,0,12.201,0,0
aten::contiguous,,,0.89,13.437,0,2.8605,0,0
aten::clone,,,1.358,12.547,0,2.8605,0,0
empty_tensor,,,3.131,3.131,0,0,0,0
aten::copy_,,,4.948,8.058,0,2.8605,0,0
aclnnInplaceCopy,,,3.11,3.11,2.8605,2.8605,0,0
ReshapeCacheOperation,,,3.814,3.814,9.3405,9.3405,0,0
P12/A/0018/fia,,,199.363,300.394,0,38.882,0,0
aten::slice,,,0.785,2.387,0,0,0,0
aten::as_strided,,,1.602,1.602,0,0,0,0
aten::slice,,,0.397,0.784,0,0,0,0
aten::as_strided,,,0.387,0.387,0,0,0,0
aten::slice,,,0.243,0.75,0,0,0,0
aten::as_strided,,,0.507,0.507,0,0,0,0
npu::npu_fused_infer_attention_score,,,63.815,73.027,0,37.862,0,0
empty_tensor,,,3.041,3.041,0,0,0,0
empty_tensor,,,1.204,1.204,0,0,0,0
empty_tensor,,,0.839,0.839,0,0,0,0
empty_tensor,,,0.984,0.984,0,0,0,0
aclnnFusedInferAttentionScoreV3,,,3.144,3.144,37.862,37.862,0,0
aten::view,,,1.447,1.447,0,0,0,0
aten::slice,,,0.511,1.333,0,0,0,0
aten::as_strided,,,0.822,0.822,0,0,0,0
aten::copy_,,,12.911,21.303,0,1.02,0,0
aclnnInplaceCopy,,,8.392,8.392,1.02,1.02,0,0
aten::slice,,,0.622,1.443,0,0,0,0
aten::as_strided,,,0.821,0.821,0,0,0,0
aten::copy_,,,10.728,13.123,0,0,0,0
aclnnInplaceCopy,,,2.395,2.395,0,0,0,0
aten::view,,,1.342,1.342,0,0,0,0
vllm::unquantized_gemm,,,7.462,26.756,0,7.42,0,7.42
aten::linear,,,1.761,19.294,0,7.42,0,7.42
aten::t,,,2.243,4.498,0,0,0,0
aten::transpose,,,1.136,2.255,0,0,0,0
aten::as_strided,,,1.119,1.119,0,0,0,0
aten::matmul,,,6.911,13.035,0,7.42,0,7.42
empty_tensor,,,3.534,3.534,0,0,0,0
aclnnMatmul,,,2.59,2.59,7.42,7.42,7.42,7.42
vllm::maybe_chunk_residual,,,5.723,5.723,0,0,0,0
_C_ascend::npu_add_rms_norm_bias,,,15.001,26.301,0,13.6205,0,0
aten::empty,,,1.011,3.081,0,0,0,0
empty_tensor,,,2.07,2.07,0,0,0,0
aten::empty,,,0.232,1.401,0,0,0,0
empty_tensor,,,1.169,1.169,0,0,0,0
aten::empty,,,0.498,1.411,0,0,0,0
empty_tensor,,,0.913,0.913,0,0,0,0
aten::empty,,,0.418,2.49,0,0,0,0
empty_tensor,,,2.072,2.072,0,0,0,0
aclnnAddRmsNormBias,,,2.917,2.917,13.6205,13.6205,0,0
vllm::unquantized_gemm,,,3.943,14.613,0,23.341,0,23.341
aten::linear,,,0.782,10.67,0,23.341,0,23.341
aten::t,,,0.987,2.391,0,0,0,0
aten::transpose,,,0.433,1.404,0,0,0,0
aten::as_strided,,,0.971,0.971,0,0,0,0
aten::matmul,,,3.669,7.497,0,23.341,0,23.341
empty_tensor,,,1.364,1.364,0,0,0,0
aclnnMatmul,,,2.464,2.464,23.341,23.341,23.341,23.341
npu::npu_swiglu,,,10.683,14.579,0,15.2005,0,0
empty_tensor,,,1.35,1.35,0,0,0,0
aclnnSwiGlu,,,2.546,2.546,15.2005,15.2005,0,0
vllm::unquantized_gemm,,,3.456,12.359,0,21.941,0,21.941
aten::linear,,,0.717,8.903,0,21.941,0,21.941
aten::t,,,0.666,1.684,0,0,0,0
aten::transpose,,,0.381,1.018,0,0,0,0
aten::as_strided,,,0.637,0.637,0,0,0,0
aten::matmul,,,2.567,6.502,0,21.941,0,21.941
empty_tensor,,,1.609,1.609,0,0,0,0
aclnnMatmul,,,2.326,2.326,21.941,21.941,21.941,21.941
vllm::maybe_chunk_residual,,,4.081,4.081,0,0,0,0
_C_ascend::npu_add_rms_norm_bias,,,8.955,22.257,0,11.0605,0,0
aten::empty,,,0.445,1.715,0,0,0,0
empty_tensor,,,1.27,1.27,0,0,0,0
aten::empty,,,0.392,1.502,0,0,0,0
empty_tensor,,,1.11,1.11,0,0,0,0
aten::empty,,,1.167,2.107,0,0,0,0
empty_tensor,,,0.94,0.94,0,0,0,0
aten::empty,,,0.446,2.304,0,0,0,0
empty_tensor,,,1.858,1.858,0,0,0,0
aclnnAddRmsNormBias,,,5.674,5.674,11.0605,11.0605,0,0
vllm::unquantized_gemm,,,4.485,18.305,0,10.0205,0,8.9205
aten::linear,,,1.368,13.82,0,10.0205,0,8.9205
aten::t,,,0.927,2.565,0,0,0,0
aten::transpose,,,1.019,1.638,0,0,0,0
aten::as_strided,,,0.619,0.619,0,0,0,0
aten::addmm,,,6.042,9.887,0,10.0205,0,8.9205
empty_tensor,,,1.443,1.443,0,0,0,0
aclnnAddmm,,,2.402,2.402,10.0205,10.0205,8.9205,8.9205
aten::split_with_sizes,,,1.616,3.477,0,0,0,0
aten::as_strided,,,0.799,0.799,0,0,0,0
aten::as_strided,,,0.626,0.626,0,0,0,0
aten::as_strided,,,0.436,0.436,0,0,0,0
vllm::npu_rotary_embedding,,,207.224,228.311,0,18.3205,0,0
aten::view,,,1.148,1.148,0,0,0,0
aten::view,,,0.681,0.681,0,0,0,0
aten::contiguous,,,1.035,9.603,0,2.94,0,0
aten::clone,,,1.322,8.568,0,2.94,0,0
empty_tensor,,,1.478,1.478,0,0,0,0
aten::copy_,,,3.185,5.768,0,2.94,0,0
aclnnInplaceCopy,,,2.583,2.583,2.94,2.94,0,0
aten::contiguous,,,0.669,4.631,0,2.82,0,0
aten::clone,,,0.513,3.962,0,2.82,0,0
empty_tensor,,,1.01,1.01,0,0,0,0
aten::copy_,,,1.57,2.439,0,2.82,0,0
aclnnInplaceCopy,,,0.869,0.869,2.82,2.82,0,0
_triton_rope,,,3.379,3.379,12.5605,12.5605,0,0
aten::view,,,1.201,1.201,0,0,0,0
aten::view,,,0.444,0.444,0,0,0,0
aten::empty,,,0.774,2.855,0,0,0,0
empty_tensor,,,2.081,2.081,0,0,0,0
aten::view,,,0.745,0.745,0,0,0,0
aten::view,,,0.56,0.56,0,0,0,0
aten::view,,,0.477,0.477,0,0,0,0
aten::view,,,0.606,0.606,0,0,0,0
vllm::unified_attention_with_output,,,98.354,868.239,0,44.902,0,0
P12/A/0019/attention,,,303.767,769.885,0,44.902,0,0
aten::slice,,,1.163,2.438,0,0,0,0
aten::as_strided,,,1.275,1.275,0,0,0,0
aten::slice,,,0.556,1.015,0,0,0,0
aten::as_strided,,,0.459,0.459,0,0,0,0
aten::slice,,,2.475,3.221,0,0,0,0
aten::as_strided,,,0.746,0.746,0,0,0,0
P12/A/0020/cache_write,,,94.783,133.756,0,11.8005,0,0
atb::_npu_reshape_and_cache,,,22.961,38.973,0,11.8005,0,0
aten::contiguous,,,0.917,13.563,0,2.78,0,0
aten::clone,,,1.35,12.646,0,2.78,0,0
empty_tensor,,,2.948,2.948,0,0,0,0
aten::copy_,,,5.52,8.348,0,2.78,0,0
aclnnInplaceCopy,,,2.828,2.828,2.78,2.78,0,0
ReshapeCacheOperation,,,2.449,2.449,9.0205,9.0205,0,0
P12/A/0021/fia,,,204.685,311.348,0,33.1015,0,0
aten::slice,,,0.899,2.455,0,0,0,0
aten::as_strided,,,1.556,1.556,0,0,0,0
aten::slice,,,0.605,1.07,0,0,0,0
aten::as_strided,,,0.465,0.465,0,0,0,0
aten::slice,,,0.256,0.889,0,0,0,0
aten::as_strided,,,0.633,0.633,0,0,0,0
npu::npu_fused_infer_attention_score,,,65.028,78.486,0,32.0815,0,0
empty_tensor,,,3.402,3.402,0,0,0,0
empty_tensor,,,1.265,1.265,0,0,0,0
empty_tensor,,,0.774,0.774,0,0,0,0
empty_tensor,,,0.741,0.741,0,0,0,0
aclnnFusedInferAttentionScoreV3,,,7.276,7.276,32.0815,32.0815,0,0
aten::view,,,1.52,1.52,0,0,0,0
aten::slice,,,0.503,1.256,0,0,0,0
aten::as_strided,,,0.753,0.753,0,0,0,0
aten::copy_,,,12.957,20.987,0,1.02,0,0
aclnnInplaceCopy,,,8.03,8.03,1.02,1.02,0,0
aten::slice,,,0.587,1.383,0,0,0,0
aten::as_strided,,,0.796,0.796,0,0,0,0
aten::copy_,,,10.4,12.957,0,0,0,0
aclnnInplaceCopy,,,2.557,2.557,0,0,0,0
aten::view,,,1.376,1.376,0,0,0,0
vllm::unquantized_gemm,,,7.135,26.359,0,7.3805,0,7.3805
aten::linear,,,1.996,19.224,0,7.3805,0,7.3805
aten::t,,,2.458,4.763,0,0,0,0
aten::transpose,,,1.217,2.305,0,0,0,0
aten::as_strided,,,1.088,1.088,0,0,0,0
aten::matmul,,,6.78,12.465,0,7.3805,0,7.3805
empty_tensor,,,3.229,3.229,0,0,0,0
aclnnMatmul,,,2.456,2.456,7.3805,7.3805,7.3805,7.3805
vllm::maybe_chunk_residual,,,5.414,5.414,0,0,0,0
_C_ascend::npu_add_rms_norm_bias,,,14.641,26.311,0,13.2605,0,0
aten::empty,,,0.97,3.174,0,0,0,0
empty_tensor,,,2.204,2.204,0,0,0,0
aten::empty,,,0.224,1.4,0,0,0,0
empty_tensor,,,1.176,1.176,0,0,0,0
aten::empty,,,0.474,1.675,0,0,0,0
empty_tensor,,,1.201,1.201,0,0,0,0
aten::empty,,,0.436,2.541,0,0,0,0
empty_tensor,,,2.105,2.105,0,0,0,0
aclnnAddRmsNormBias,,,2.88,2.88,13.2605,13.2605,0,0
vllm::unquantized_gemm,,,3.87,15.383,0,23.041,0,23.041
aten::linear,,,0.858,11.513,0,23.041,0,23.041
aten::t,,,0.943,2.211,0,0,0,0
aten::transpose,,,0.441,1.268,0,0,0,0
aten::as_strided,,,0.827,0.827,0,0,0,0
aten::matmul,,,4.169,8.444,0,23.041,0,23.041
empty_tensor,,,1.738,1.738,0,0,0,0
aclnnMatmul,,,2.537,2.537,23.041,23.041,23.041,23.041
npu::npu_swiglu,,,10.837,14.68,0,15.5405,0,0
empty_tensor,,,1.444,1.444,0,0,0,0
aclnnSwiGlu,,,2.399,2.399,15.5405,15.5405,0,0
vllm::unquantized_gemm,,,3.521,13.065,0,21.841,0,21.841
aten::linear,,,0.818,9.544,0,21.841,0,21.841
aten::t,,,0.746,2.126,0,0,0,0
aten::transpose,,,0.639,1.38,0,0,0,0
aten::as_strided,,,0.741,0.741,0,0,0,0
aten::matmul,,,2.714,6.6,0,21.841,0,21.841
empty_tensor,,,1.325,1.325,0,0,0,0
aclnnMatmul,,,2.561,2.561,21.841,21.841,21.841,21.841
vllm::maybe_chunk_residual,,,4.015,4.015,0,0,0,0
_C_ascend::npu_add_rms_norm_bias,,,8.633,21.952,0,11.46,0,0
aten::empty,,,0.675,1.942,0,0,0,0
empty_tensor,,,1.267,1.267,0,0,0,0
aten::empty,,,0.246,1.046,0,0,0,0
empty_tensor,,,0.8,0.8,0,0,0,0
aten::empty,,,0.309,1.779,0,0,0,0
empty_tensor,,,1.47,1.47,0,0,0,0
aten::empty,,,0.45,2.052,0,0,0,0
empty_tensor,,,1.602,1.602,0,0,0,0
aclnnAddRmsNormBias,,,6.5,6.5,11.46,11.46,0,0
vllm::unquantized_gemm,,,5.31,19.156,0,10.3205,0,9.1405
aten::linear,,,1.03,13.846,0,10.3205,0,9.1405
aten::t,,,0.715,2.18,0,0,0,0
aten::transpose,,,0.465,1.465,0,0,0,0
aten::as_strided,,,1.0,1.0,0,0,0,0
aten::addmm,,,6.001,10.636,0,10.3205,0,9.1405
empty_tensor,,,2.266,2.266,0,0,0,0
aclnnAddmm,,,2.369,2.369,10.3205,10.3205,9.1405,9.1405
aten::split_with_sizes,,,1.436,3.085,0,0,0,0
aten::as_strided,,,0.823,0.823,0,0,0,0
aten::as_strided,,,0.313,0.313,0,0,0,0
aten::as_strided,,,0.513,0.513,0,0,0,0
vllm::npu_rotary_embedding,,,206.231,227.889,0,18.341,0,0
aten::view,,,1.121,1.121,0,0,0,0
aten::view,,,0.489,0.489,0,0,0,0
aten::contiguous,,,1.013,9.363,0,2.92,0,0
aten::clone,,,1.288,8.35,0,2.92,0,0
empty_tensor,,,1.266,1.266,0,0,0,0
aten::copy_,,,3.437,5.796,0,2.92,0,0
aclnnInplaceCopy,,,2.359,2.359,2.92,2.92,0,0
aten::contiguous,,,0.413,5.173,0,2.9605,0,0
aten::clone,,,0.426,4.76,0,2.9605,0,0
empty_tensor,,,1.306,1.306,0,0,0,0
aten::copy_,,,2.169,3.028,0,2.9605,0,0
aclnnInplaceCopy,,,0.859,0.859,2.9605,2.9605,0,0
_triton_rope,,,3.629,3.629,12.4605,12.4605,0,0
aten::view,,,1.28,1.28,0,0,0,0
aten::view,,,0.603,0.603,0,0,0,0
aten::empty,,,0.682,3.105,0,0,0,0
empty_tensor,,,2.423,2.423,0,0,0,0
aten::view,,,0.852,0.852,0,0,0,0
aten::view,,,0.634,0.634,0,0,0,0
aten::view,,,0.697,0.697,0,0,0,0
aten::view,,,0.737,0.737,0,0,0,0
vllm::unified_attention_with_output,,,97.024,859.402,0,45.822,0,0
P12/A/0022/attention,,,302.958,762.378,0,45.822,0,0
aten::slice,,,1.013,2.251,0,0,0,0
aten::as_strided,,,1.238,1.238,0,0,0,0
aten::slice,,,0.421,1.116,0,0,0,0
aten::as_strided,,,0.695,0.695,0,0,0,0
aten::slice,,,2.213,2.947,0,0,0,0
aten::as_strided,,,0.734,0.734,0,0,0,0
P12/A/0023/cache_write,,,102.634,143.967,0,12.3205,0,0
atb::_npu_reshape_and_cache,,,24.575,41.333,0,12.3205,0,0
aten::contiguous,,,0.806,14.046,0,2.8,0,0
aten::clone,,,1.435,13.24,0,2.8,0,0
empty_tensor,,,3.038,3.038,0,0,0,0
aten::copy_,,,5.569,8.767,0,2.8,0,0
aclnnInplaceCopy,,,3.198,3.198,2.8,2.8,0,0
ReshapeCacheOperation,,,2.712,2.712,9.5205,9.5205,0,0
P12/A/0024/fia,,,190.683,294.053,0,33.5015,0,0
aten::slice,,,0.93,2.129,0,0,0,0
aten::as_strided,,,1.199,1.199,0,0,0,0
aten::slice,,,0.257,1.209,0,0,0,0
aten::as_strided,,,0.952,0.952,0,0,0,0
aten::slice,,,0.355,0.969,0,0,0,0
aten::as_strided,,,0.614,0.614,0,0,0,0
npu::npu_fused_infer_attention_score,,,63.451,72.066,0,32.4615,0,0
empty_tensor,,,3.074,3.074,0,0,0,0
empty_tensor,,,0.808,0.808,0,0,0,0
empty_tensor,,,0.938,0.938,0,0,0,0
empty_tensor,,,0.685,0.685,0,0,0,0
aclnnFusedInferAttentionScoreV3,,,3.11,3.11,32.4615,32.4615,0,0
aten::view,,,1.454,1.454,0,0,0,0
aten::slice,,,0.445,1.29,0,0,0,0
aten::as_strided,,,0.845,0.845,0,0,0,0
aten::copy_,,,12.584,24.253,0,1.04,0,0
aclnnInplaceCopy,,,11.669,11.669,1.04,1.04,0,0
aten::slice,,,0.641,1.433,0,0,0,0
aten::as_strided,,,0.792,0.792,0,0,0,0
aten::copy_,,,10.886,13.653,0,0,0,0
aclnnInplaceCopy,,,2.767,2.767,0,0,0,0
aten::view,,,1.318,1.318,0,0,0,0
vllm::unquantized_gemm,,,6.799,25.74,0,8.08,0,8.08
aten::linear,,,1.627,18.941,0,8.08,0,8.08
aten::t,,,2.26,4.382,0,0,0,0
aten::transpose,,,1.153,2.122,0,0,0,0
aten::as_strided,,,0.969,0.969,0,0,0,0
aten::matmul,,,7.172,12.932,0,8.08,0,8.08
empty_tensor,,,3.157,3.157,0,0,0,0
aclnnMatmul,,,2.603,2.603,8.08,8.08,8.08,8.08
vllm::maybe_chunk_residual,,,5.26,5.26,0,0,0,0
_C_ascend::npu_add_rms_norm_bias,,,14.421,25.818,0,12.7005,0,0
aten::empty,,,0.978,3.018,0,0,0,0
empty_tensor,,,2.04,2.04,0,0,0,0
aten::empty,,,0.224,1.262,0,0,0,0
empty_tensor,,,1.038,1.038,0,0,0,0
aten::empty,,,0.433,1.729,0,0,0,0
empty_tensor,,,1.296,1.296,0,0,0,0
aten::empty,,,0.451,2.455,0,0,0,0
empty_tensor,,,2.004,2.004,0,0,0,0
aclnnAddRmsNormBias,,,2.933,2.933,12.7005,12.7005,0,0
vllm::unquantized_gemm,,,3.937,15.93,0,23.281,0,23.281
aten::linear,,,0.795,11.993,0,23.281,0,23.281
aten::t,,,0.773,2.208,0,0,0,0
aten::transpose,,,0.529,1.435,0,0,0,0
aten::as_strided,,,0.906,0.906,0,0,0,0
aten::matmul,,,3.94,8.99,0,23.281,0,23.281
empty_tensor,,,2.809,2.809,0,0,0,0
aclnnMatmul,,,2.241,2.241,23.281,23.281,23.281,23.281
npu::npu_swiglu,,,10.754,14.498,0,15.241,0,0
empty_tensor,,,1.322,1.322,0,0,0,0
aclnnSwiGlu,,,2.422,2.422,15.241,15.241,0,0
vllm::unquantized_gemm,,,3.456,12.108,0,21.841,0,21.841
aten::linear,,,0.645,8.652,0,21.841,0,21.841
aten::t,,,0.858,2.045,0,0,0,0
aten::transpose,,,0.434,1.187,0,0,0,0
aten::as_strided,,,0.753,0.753,0,0,0,0
aten::matmul,,,2.542,5.962,0,21.841,0,21.841
empty_tensor,,,1.09,1.09,0,0,0,0
aclnnMatmul,,,2.33,2.33,21.841,21.841,21.841,21.841
vllm::maybe_chunk_residual,,,3.998,3.998,0,0,0,0
_C_ascend::npu_add_rms_norm_bias,,,9.004,21.452,0,11.1405,0,0
aten::empty,,,0.377,2.107,0,0,0,0
empty_tensor,,,1.73,1.73,0,0,0,0
aten::empty,,,0.227,1.623,0,0,0,0
empty_tensor,,,1.396,1.396,0,0,0,0
aten::empty,,,0.392,1.109,0,0,0,0
empty_tensor,,,0.717,0.717,0,0,0,0
aten::empty,,,0.281,1.511,0,0,0,0
empty_tensor,,,1.23,1.23,0,0,0,0
aclnnAddRmsNormBias,,,6.098,6.098,11.1405,11.1405,0,0
vllm::unquantized_gemm,,,4.414,17.78,0,9.940000000000001,0,8.8
aten::linear,,,1.271,13.366,0,9.940000000000001,0,8.8
aten::t,,,0.692,1.857,0,0,0,0
aten::transpose,,,0.383,1.165,0,0,0,0
aten::as_strided,,,0.782,0.782,0,0,0,0
aten::addmm,,,6.824,10.238,0,9.940000000000001,0,8.8
empty_tensor,,,1.222,1.222,0,0,0,0
aclnnAddmm,,,2.192,2.192,9.940000000000001,9.940000000000001,8.8,8.8
aten::split_with_sizes,,,1.362,2.893,0,0,0,0
aten::as_strided,,,0.78,0.78,0,0,0,0
aten::as_strided,,,0.298,0.298,0,0,0,0
aten::as_strided,,,0.453,0.453,0,0,0,0
vllm::npu_rotary_embedding,,,204.844,225.873,0,25.001,0,0
aten::view,,,1.06,1.06,0,0,0,0
aten::view,,,0.495,0.495,0,0,0,0
aten::contiguous,,,0.909,9.153,0,3.6,0,0
aten::clone,,,1.434,8.244,0,3.6,0,0
empty_tensor,,,1.285,1.285,0,0,0,0
aten::copy_,,,3.08,5.525,0,3.6,0,0
aclnnInplaceCopy,,,2.445,2.445,3.6,3.6,0,0
aten::contiguous,,,0.464,4.616,0,2.9,0,0
aten::clone,,,0.455,4.152,0,2.9,0,0
empty_tensor,,,1.13,1.13,0,0,0,0
aten::copy_,,,1.582,2.567,0,2.9,0,0
aclnnInplaceCopy,,,0.985,0.985,2.9,2.9,0,0
_triton_rope,,,3.986,3.986,18.501,18.501,0,0
aten::view,,,1.198,1.198,0,0,0,0
aten::view,,,0.521,0.521,0,0,0,0
aten::empty,,,0.729,3.768,0,0,0,0
empty_tensor,,,3.039,3.039,0,0,0,0
aten::view,,,0.776,0.776,0,0,0,0
aten::view,,,0.522,0.522,0,0,0,0
aten::view,,,0.535,0.535,0,0,0,0
aten::view,,,0.631,0.631,0,0,0,0
vllm::unified_attention_with_output,,,99.096,891.931,0,46.021,0,0
P12/A/0025/attention,,,326.622,792.835,0,46.021,0,0
aten::slice,,,2.917,4.403,0,0,0,0
aten::as_strided,,,1.486,1.486,0,0,0,0
aten::slice,,,0.479,1.116,0,0,0,0
aten::as_strided,,,0.637,0.637,0,0,0,0
aten::slice,,,2.243,2.93,0,0,0,0
aten::as_strided,,,0.687,0.687,0,0,0,0
P12/A/0026/cache_write,,,102.608,141.74,0,12.0,0,0
atb::_npu_reshape_and_cache,,,22.514,39.132,0,12.0,0,0
aten::contiguous,,,0.85,13.738,0,2.92,0,0
aten::clone,,,1.249,12.888,0,2.92,0,0
empty_tensor,,,3.34,3.34,0,0,0,0
aten::copy_,,,5.647,8.299,0,2.92,0,0
aclnnInplaceCopy,,,2.652,2.652,2.92,2.92,0,0
ReshapeCacheOperation,,,2.88,2.88,9.08,9.08,0,0
P12/A/0027/fia,,,199.704,300.795,0,34.021,0,0
aten::slice,,,0.819,2.15,0,0,0,0
aten::as_strided,,,1.331,1.331,0,0,0,0
aten::slice,,,0.42,0.854,0,0,0,0
aten::as_strided,,,0.434,0.434,0,0,0,0
aten::slice,,,0.453,0.935,0,0,0,0
aten::as_strided,,,0.482,0.482,0,0,0,0
npu::npu_fused_infer_attention_score,,,63.654,72.52,0,33.021,0,0
empty_tensor,,,3.086,3.086,0,0,0,0
empty_tensor,,,1.028,1.028,0,0,0,0
empty_tensor,,,0.712,0.712,0,0,0,0
empty_tensor,,,0.981,0.981,0,0,0,0
aclnnFusedInferAttentionScoreV3,,,3.059,3.059,33.021,33.021,0,0
aten::view,,,1.463,1.463,0,0,0,0
aten::slice,,,0.744,1.594,0,0,0,0
aten::as_strided,,,0.85,0.85,0,0,0,0
aten::copy_,,,12.708,21.575,0,1.0,0,0
aclnnInplaceCopy,,,8.867,8.867,1.0,1.0,0,0
aten::slice,,,0.586,1.411,0,0,0,0
aten::as_strided,,,0.825,0.825,0,0,0,0
aten::copy_,,,10.178,13.818,0,0,0,0
aclnnInplaceCopy,,,3.64,3.64,0,0,0,0
aten::view,,,1.514,1.514,0,0,0,0
vllm::unquantized_gemm,,,6.94,25.87,0,7.5405,0,7.5405
aten::linear,,,1.703,18.93,0,7.5405,0,7.5405
aten::t,,,2.266,4.99,0,0,0,0
aten::transpose,,,1.529,2.724,0,0,0,0
aten::as_strided,,,1.195,1.195,0,0,0,0
aten::matmul,,,6.765,12.237,0,7.5405,0,7.5405
empty_tensor,,,3.035,3.035,0,0,0,0
aclnnMatmul,,,2.437,2.437,7.5405,7.5405,7.5405,7.5405
vllm::maybe_chunk_residual,,,5.217,5.217,0,0,0,0
_C_ascend::npu_add_rms_norm_bias,,,14.316,25.492,0,15.0205,0,0
aten::empty,,,1.052,3.103,0,0,0,0
empty_tensor,,,2.051,2.051,0,0,0,0
aten::empty,,,0.216,1.346,0,0,0,0
empty_tensor,,,1.13,1.13,0,0,0,0
aten::empty,,,0.399,1.634,0,0,0,0
empty_tensor,,,1.235,1.235,0,0,0,0
aten::empty,,,0.344,2.28,0,0,0,0
empty_tensor,,,1.936,1.936,0,0,0,0
aclnnAddRmsNormBias,,,2.813,2.813,15.0205,15.0205,0,0
vllm::unquantized_gemm,,,4.128,15.302,0,24.461,0,24.461
aten::linear,,,0.796,11.174,0,24.461,0,24.461
aten::t,,,0.938,2.582,0,0,0,0
aten::transpose,,,0.507,1.644,0,0,0,0
aten::as_strided,,,1.137,1.137,0,0,0,0
aten::matmul,,,3.956,7.796,0,24.461,0,24.461
empty_tensor,,,1.359,1.359,0,0,0,0
aclnnMatmul,,,2.481,2.481,24.461,24.461,24.461,24.461
npu::npu_swiglu,,,11.46,15.038,0,18.8405,0,0
empty_tensor,,,1.233,1.233,0,0,0,0
aclnnSwiGlu,,,2.345,2.345,18.8405,18.8405,0,0
vllm::unquantized_gemm,,,3.614,12.141,0,22.2005,0,22.2005
aten::linear,,,0.618,8.527,0,22.2005,0,22.2005
aten::t,,,0.534,1.768,0,0,0,0
aten::transpose,,,0.482,1.234,0,0,0,0
aten::as_strided,,,0.752,0.752,0,0,0,0
aten::matmul,,,2.461,6.141,0,22.2005,0,22.2005
empty_tensor,,,1.375,1.375,0,0,0,0
aclnnMatmul,,,2.305,2.305,22.2005,22.2005,22.2005,22.2005
vllm::maybe_chunk_residual,,,3.987,3.987,0,0,0,0
_C_ascend::npu_add_rms_norm_bias,,,8.696,21.035,0,14.0005,0,0
aten::empty,,,0.37,1.762,0,0,0,0
empty_tensor,,,1.392,1.392,0,0,0,0
aten::empty,,,0.202,1.062,0,0,0,0
empty_tensor,,,0.86,0.86,0,0,0,0
aten::empty,,,0.861,1.914,0,0,0,0
empty_tensor,,,1.053,1.053,0,0,0,0
aten::empty,,,0.656,2.128,0,0,0,0
empty_tensor,,,1.472,1.472,0,0,0,0
aclnnAddRmsNormBias,,,5.473,5.473,14.0005,14.0005,0,0
vllm::unquantized_gemm,,,4.337,16.748,0,10.400500000000001,0,9.0805
aten::linear,,,1.085,12.411,0,10.400500000000001,0,9.0805
aten::t,,,0.574,1.81,0,0,0,0
aten::transpose,,,0.362,1.236,0,0,0,0
aten::as_strided,,,0.874,0.874,0,0,0,0
aten::addmm,,,5.959,9.516,0,10.400500000000001,0,9.0805
empty_tensor,,,1.114,1.114,0,0,0,0
aclnnAddmm,,,2.443,2.443,10.400500000000001,10.400500000000001,9.0805,9.0805
aten::split_with_sizes,,,1.43,3.255,0,0,0,0
aten::as_strided,,,0.841,0.841,0,0,0,0
aten::as_strided,,,0.492,0.492,0,0,0,0
aten::as_strided,,,0.492,0.492,0,0,0,0
vllm::npu_rotary_embedding,,,204.581,225.968,0,19.6205,0,0
aten::view,,,1.242,1.242,0,0,0,0
aten::view,,,0.565,0.565,0,0,0,0
aten::contiguous,,,0.918,9.3,0,2.92,0,0
aten::clone,,,1.234,8.382,0,2.92,0,0
empty_tensor,,,1.489,1.489,0,0,0,0
aten::copy_,,,3.306,5.659,0,2.92,0,0
aclnnInplaceCopy,,,2.353,2.353,2.92,2.92,0,0
aten::contiguous,,,0.763,4.921,0,2.96,0,0
aten::clone,,,0.43,4.158,0,2.96,0,0
empty_tensor,,,1.021,1.021,0,0,0,0
aten::copy_,,,1.747,2.707,0,2.96,0,0
aclnnInplaceCopy,,,0.96,0.96,2.96,2.96,0,0
_triton_rope,,,3.414,3.414,13.7405,13.7405,0,0
aten::view,,,1.19,1.19,0,0,0,0
aten::view,,,0.755,0.755,0,0,0,0
aten::empty,,,0.573,2.64,0,0,0,0
empty_tensor,,,2.067,2.067,0,0,0,0
aten::view,,,0.732,0.732,0,0,0,0
aten::view,,,0.457,0.457,0,0,0,0
aten::view,,,0.564,0.564,0,0,0,0
aten::view,,,0.857,0.857,0,0,0,0
vllm::unified_attention_with_output,,,105.916,891.259,0,50.242,0,0
P12/A/0028/attention,,,322.99,785.343,0,50.242,0,0
aten::slice,,,1.256,2.6,0,0,0,0
aten::as_strided,,,1.344,1.344,0,0,0,0
aten::slice,,,0.413,0.857,0,0,0,0
aten::as_strided,,,0.444,0.444,0,0,0,0
aten::slice,,,2.348,3.211,0,0,0,0
aten::as_strided,,,0.863,0.863,0,0,0,0
P12/A/0029/cache_write,,,109.595,143.902,0,12.2005,0,0
atb::_npu_reshape_and_cache,,,18.47,34.307,0,12.2005,0,0
aten::contiguous,,,0.914,14.052,0,3.06,0,0
aten::clone,,,1.501,13.138,0,3.06,0,0
empty_tensor,,,3.287,3.287,0,0,0,0
aten::copy_,,,5.407,8.35,0,3.06,0,0
aclnnInplaceCopy,,,2.943,2.943,3.06,3.06,0,0
ReshapeCacheOperation,,,1.785,1.785,9.1405,9.1405,0,0
P12/A/0030/fia,,,196.835,297.425,0,38.0415,0,0
aten::slice,,,0.911,2.226,0,0,0,0
aten::as_strided,,,1.315,1.315,0,0,0,0
aten::slice,,,0.468,0.89,0,0,0,0
aten::as_strided,,,0.422,0.422,0,0,0,0
aten::slice,,,0.357,0.999,0,0,0,0
aten::as_strided,,,0.642,0.642,0,0,0,0
npu::npu_fused_infer_attention_score,,,64.652,73.142,0,37.021499999999996,0,0
empty_tensor,,,2.905,2.905,0,0,0,0
empty_tensor,,,1.143,1.143,0,0,0,0
empty_tensor,,,0.741,0.741,0,0,0,0
empty_tensor,,,0.746,0.746,0,0,0,0
aclnnFusedInferAttentionScoreV3,,,2.955,2.955,37.021499999999996,37.021499999999996,0,0
aten::view,,,1.418,1.418,0,0,0,0
aten::slice,,,0.431,1.313,0,0,0,0
aten::as_strided,,,0.882,0.882,0,0,0,0
aten::copy_,,,12.183,20.602,0,1.02,0,0
aclnnInplaceCopy,,,8.419,8.419,1.02,1.02,0,0
aten::slice,,,0.548,1.399,0,0,0,0
aten::as_strided,,,0.851,0.851,0,0,0,0
aten::copy_,,,10.459,12.959,0,0,0,0
aclnnInplaceCopy,,,2.5,2.5,0,0,0,0
aten::view,,,1.429,1.429,0,0,0,0
vllm::unquantized_gemm,,,7.49,26.359,0,7.52,0,7.52
aten::linear,,,1.751,18.869,0,7.52,0,7.52
aten::t,,,2.214,4.547,0,0,0,0
aten::transpose,,,1.176,2.333,0,0,0,0
aten::as_strided,,,1.157,1.157,0,0,0,0
aten::matmul,,,6.907,12.571,0,7.52,0,7.52
empty_tensor,,,3.308,3.308,0,0,0,0
aclnnMatmul,,,2.356,2.356,7.52,7.52,7.52,7.52
vllm::maybe_chunk_residual,,,5.303,5.303,0,0,0,0
_C_ascend::npu_add_rms_norm_bias,,,14.958,28.718,0,17.681,0,0
aten::empty,,,0.963,3.093,0,0,0,0
empty_tensor,,,2.13,2.13,0,0,0,0
aten::empty,,,0.27,1.245,0,0,0,0
empty_tensor,,,0.975,0.975,0,0,0,0
aten::empty,,,0.356,1.261,0,0,0,0
empty_tensor,,,0.905,0.905,0,0,0,0
aten::empty,,,0.325,2.467,0,0,0,0
empty_tensor,,,2.142,2.142,0,0,0,0
aclnnAddRmsNormBias,,,5.694,5.694,17.681,17.681,0,0
vllm::unquantized_gemm,,,4.263,14.728,0,23.661,0,23.661
aten::linear,,,0.887,10.465,0,23.661,0,23.661
aten::t,,,0.798,2.252,0,0,0,0
aten::transpose,,,0.504,1.454,0,0,0,0
aten::as_strided,,,0.95,0.95,0,0,0,0
aten::matmul,,,3.511,7.326,0,23.661,0,23.661
empty_tensor,,,1.242,1.242,0,0,0,0
aclnnMatmul,,,2.573,2.573,23.661,23.661,23.661,23.661
npu::npu_swiglu,,,11.106,14.837,0,15.3605,0,0
empty_tensor,,,1.168,1.168,0,0,0,0
aclnnSwiGlu,,,2.563,2.563,15.3605,15.3605,0,0
vllm::unquantized_gemm,,,3.515,12.725,0,21.621,0,21.621
aten::linear,,,0.606,9.21,0,21.621,0,21.621
aten::t,,,0.667,2.079,0,0,0,0
aten::transpose,,,0.431,1.412,0,0,0,0
aten::as_strided,,,0.981,0.981,0,0,0,0
aten::matmul,,,2.699,6.525,0,21.621,0,21.621
empty_tensor,,,1.319,1.319,0,0,0,0
aclnnMatmul,,,2.507,2.507,21.621,21.621,21.621,21.621
vllm::maybe_chunk_residual,,,4.137,4.137,0,0,0,0
_C_ascend::npu_add_rms_norm_bias,,,8.882,21.101,0,13.8005,0,0
aten::empty,,,0.402,1.679,0,0,0,0
empty_tensor,,,1.277,1.277,0,0,0,0
aten::empty,,,0.215,1.39,0,0,0,0
empty_tensor,,,1.175,1.175,0,0,0,0
aten::empty,,,0.567,1.372,0,0,0,0
empty_tensor,,,0.805,0.805,0,0,0,0
aten::empty,,,1.062,2.49,0,0,0,0
empty_tensor,,,1.428,1.428,0,0,0,0
aclnnAddRmsNormBias,,,5.288,5.288,13.8005,13.8005,0,0
vllm::unquantized_gemm,,,4.207,16.503,0,9.700500000000002,0,8.5805
aten::linear,,,1.18,12.296,0,9.700500000000002,0,8.5805
aten::t,,,0.875,2.085,0,0,0,0
aten::transpose,,,0.5,1.21,0,0,0,0
aten::as_strided,,,0.71,0.71,0,0,0,0
aten::addmm,,,5.831,9.031,0,9.700500000000002,0,8.5805
empty_tensor,,,1.533,1.533,0,0,0,0
aclnnAddmm,,,1.667,1.667,9.700500000000002,9.700500000000002,8.5805,8.5805
aten::split_with_sizes,,,1.4,2.97,0,0,0,0
aten::as_strided,,,0.697,0.697,0,0,0,0
aten::as_strided,,,0.404,0.404,0,0,0,0
aten::as_strided,,,0.469,0.469,0,0,0,0
vllm::npu_rotary_embedding,,,206.035,228.601,0,18.4605,0,0
aten::view,,,1.17,1.17,0,0,0,0
aten::view,,,0.535,0.535,0,0,0,0
aten::contiguous,,,1.104,10.118,0,2.96,0,0
aten::clone,,,1.282,9.014,0,2.96,0,0
empty_tensor,,,2.329,2.329,0,0,0,0
aten::copy_,,,3.04,5.403,0,2.96,0,0
aclnnInplaceCopy,,,2.363,2.363,2.96,2.96,0,0
aten::contiguous,,,0.381,5.303,0,2.92,0,0
aten::clone,,,0.398,4.922,0,2.92,0,0
empty_tensor,,,1.067,1.067,0,0,0,0
aten::copy_,,,1.736,3.457,0,2.92,0,0
aclnnInplaceCopy,,,1.721,1.721,2.92,2.92,0,0
_triton_rope,,,3.593,3.593,12.5805,12.5805,0,0
aten::view,,,1.207,1.207,0,0,0,0
aten::view,,,0.64,0.64,0,0,0,0
aten::empty,,,0.675,2.606,0,0,0,0
empty_tensor,,,1.931,1.931,0,0,0,0
aten::view,,,0.837,0.837,0,0,0,0
aten::view,,,0.758,0.758,0,0,0,0
aten::view,,,0.565,0.565,0,0,0,0
aten::view,,,0.842,0.842,0,0,0,0
vllm::unified_attention_with_output,,,97.057,863.055,0,44.862500000000004,0,0
P12/A/0031/attention,,,301.222,765.998,0,44.862500000000004,0,0
aten::slice,,,1.009,2.246,0,0,0,0
aten::as_strided,,,1.237,1.237,0,0,0,0
aten::slice,,,0.597,1.025,0,0,0,0
aten::as_strided,,,0.428,0.428,0,0,0,0
aten::slice,,,2.281,3.08,0,0,0,0
aten::as_strided,,,0.799,0.799,0,0,0,0
P12/A/0032/cache_write,,,94.301,140.676,0,12.0805,0,0
atb::_npu_reshape_and_cache,,,30.3,46.375,0,12.0805,0,0
aten::contiguous,,,1.855,13.503,0,2.84,0,0
aten::clone,,,1.402,11.648,0,2.84,0,0
empty_tensor,,,2.925,2.925,0,0,0,0
aten::copy_,,,4.64,7.321,0,2.84,0,0
aclnnInplaceCopy,,,2.681,2.681,2.84,2.84,0,0
ReshapeCacheOperation,,,2.572,2.572,9.2405,9.2405,0,0
P12/A/0033/fia,,,198.627,303.726,0,32.782000000000004,0,0
aten::slice,,,1.04,2.395,0,0,0,0
aten::as_strided,,,1.355,1.355,0,0,0,0
aten::slice,,,0.821,1.157,0,0,0,0
aten::as_strided,,,0.336,0.336,0,0,0,0
aten::slice,,,0.247,0.739,0,0,0,0
aten::as_strided,,,0.492,0.492,0,0,0,0
npu::npu_fused_infer_attention_score,,,64.568,74.305,0,31.7815,0,0
empty_tensor,,,3.498,3.498,0,0,0,0
empty_tensor,,,1.298,1.298,0,0,0,0
empty_tensor,,,1.092,1.092,0,0,0,0
empty_tensor,,,0.908,0.908,0,0,0,0
aclnnFusedInferAttentionScoreV3,,,2.941,2.941,31.7815,31.7815,0,0
aten::view,,,1.431,1.431,0,0,0,0
aten::slice,,,0.494,1.309,0,0,0,0
aten::as_strided,,,0.815,0.815,0,0,0,0
aten::copy_,,,12.482,23.763,0,1.0005,0,0
aclnnInplaceCopy,,,11.281,11.281,1.0005,1.0005,0,0
aten::slice,,,0.628,1.432,0,0,0,0
aten::as_strided,,,0.804,0.804,0,0,0,0
aten::copy_,,,9.931,12.591,0,0,0,0
aclnnInplaceCopy,,,2.66,2.66,0,0,0,0
aten::view,,,1.411,1.411,0,0,0,0
vllm::unquantized_gemm,,,7.105,27.422,0,7.62,0,7.62
aten::linear,,,1.705,20.317,0,7.62,0,7.62
aten::t,,,3.712,6.067,0,0,0,0
aten::transpose,,,1.226,2.355,0,0,0,0
aten::as_strided,,,1.129,1.129,0,0,0,0
aten::matmul,,,6.664,12.545,0,7.62,0,7.62
empty_tensor,,,3.235,3.235,0,0,0,0
aclnnMatmul,,,2.646,2.646,7.62,7.62,7.62,7.62
vllm::maybe_chunk_residual,,,5.34,5.34,0,0,0,0
_C_ascend::npu_add_rms_norm_bias,,,15.005,26.46,0,13.7605,0,0
aten::empty,,,0.988,3.165,0,0,0,0
empty_tensor,,,2.177,2.177,0,0,0,0
aten::empty,,,0.234,1.52,0,0,0,0
empty_tensor,,,1.286,1.286,0,0,0,0
aten::empty,,,0.385,1.664,0,0,0,0
empty_tensor,,,1.279,1.279,0,0,0,0
aten::empty,,,0.35,2.228,0,0,0,0
empty_tensor,,,1.878,1.878,0,0,0,0
aclnnAddRmsNormBias,,,2.878,2.878,13.7605,13.7605,0,0
vllm::unquantized_gemm,,,4.918,18.105,0,23.521,0,23.521
aten::linear,,,1.015,13.187,0,23.521,0,23.521
aten::t,,,0.845,2.178,0,0,0,0
aten::transpose,,,0.51,1.333,0,0,0,0
aten::as_strided,,,0.823,0.823,0,0,0,0
aten::matmul,,,3.954,9.994,0,23.521,0,23.521
empty_tensor,,,1.748,1.748,0,0,0,0
aclnnMatmul,,,4.292,4.292,23.521,23.521,23.521,23.521
npu::npu_swiglu,,,10.711,13.55,0,20.4805,0,0
empty_tensor,,,1.177,1.177,0,0,0,0
aclnnSwiGlu,,,1.662,1.662,20.4805,20.4805,0,0
vllm::unquantized_gemm,,,3.613,13.165,0,21.861,0,21.861
aten::linear,,,0.751,9.552,0,21.861,0,21.861
aten::t,,,0.739,1.728,0,0,0,0
aten::transpose,,,0.423,0.989,0,0,0,0
aten::as_strided,,,0.566,0.566,0,0,0,0
aten::matmul,,,2.646,7.073,0,21.861,0,21.861
empty_tensor,,,1.138,1.138,0,0,0,0
aclnnMatmul,,,3.289,3.289,21.861,21.861,21.861,21.861
vllm::maybe_chunk_residual,,,4.228,4.228,0,0,0,0
_C_ascend::npu_add_rms_norm_bias,,,8.753,20.452,0,11.4205,0,0
aten::empty,,,0.403,1.695,0,0,0,0
empty_tensor,,,1.292,1.292,0,0,0,0
aten::empty,,,0.254,1.078,0,0,0,0
empty_tensor,,,0.824,0.824,0,0,0,0
aten::empty,,,0.195,1.449,0,0,0,0
empty_tensor,,,1.254,1.254,0,0,0,0
aten::empty,,,0.32,1.959,0,0,0,0
empty_tensor,,,1.639,1.639,0,0,0,0
aclnnAddRmsNormBias,,,5.518,5.518,11.4205,11.4205,0,0
vllm::unquantized_gemm,,,4.369,16.997,0,10.0605,0,8.9805
aten::linear,,,1.143,12.628,0,10.0605,0,8.9805
aten::t,,,0.677,1.885,0,0,0,0
aten::transpose,,,0.464,1.208,0,0,0,0
aten::as_strided,,,0.744,0.744,0,0,0,0
aten::addmm,,,5.881,9.6,0,10.0605,0,8.9805
empty_tensor,,,1.147,1.147,0,0,0,0
aclnnAddmm,,,2.572,2.572,10.0605,10.0605,8.9805,8.9805
aten::split_with_sizes,,,1.402,3.055,0,0,0,0
aten::as_strided,,,0.763,0.763,0,0,0,0
aten::as_strided,,,0.41,0.41,0,0,0,0
aten::as_strided,,,0.48,0.48,0,0,0,0
vllm::npu_rotary_embedding,,,211.056,231.551,0,18.4615,0,0
aten::view,,,1.162,1.162,0,0,0,0
aten::view,,,0.44,0.44,0,0,0,0
aten::contiguous,,,1.173,8.928,0,3.0605,0,0
aten::clone,,,1.388,7.755,0,3.0605,0,0
empty_tensor,,,1.101,1.101,0,0,0,0
aten::copy_,,,3.216,5.266,0,3.0605,0,0
aclnnInplaceCopy,,,2.05,2.05,3.0605,3.0605,0,0
aten::contiguous,,,0.429,4.645,0,2.96,0,0
aten::clone,,,0.563,4.216,0,2.96,0,0
empty_tensor,,,1.377,1.377,0,0,0,0
aten::copy_,,,1.558,2.276,0,2.96,0,0
aclnnInplaceCopy,,,0.718,0.718,2.96,2.96,0,0
_triton_rope,,,3.556,3.556,12.441,12.441,0,0
aten::view,,,1.27,1.27,0,0,0,0
aten::view,,,0.494,0.494,0,0,0,0
aten::empty,,,0.671,4.17,0,0,0,0
empty_tensor,,,3.499,3.499,0,0,0,0
aten::view,,,0.801,0.801,0,0,0,0
aten::view,,,0.539,0.539,0,0,0,0
aten::view,,,0.516,0.516,0,0,0,0
aten::view,,,0.597,0.597,0,0,0,0
vllm::unified_attention_with_output,,,99.71,876.655,0,46.2415,0,0
P12/A/0034/attention,,,316.108,776.945,0,46.2415,0,0
aten::slice,,,1.463,2.66,0,0,0,0
aten::as_strided,,,1.197,1.197,0,0,0,0
aten::slice,,,0.323,0.746,0,0,0,0
aten::as_strided,,,0.423,0.423,0,0,0,0
aten::slice,,,2.188,2.9,0,0,0,0
aten::as_strided,,,0.712,0.712,0,0,0,0
P12/A/0035/cache_write,,,106.167,146.201,0,12.380500000000001,0,0
atb::_npu_reshape_and_cache,,,22.838,40.034,0,12.380500000000001,0,0
aten::contiguous,,,0.81,14.395,0,2.88,0,0
aten::clone,,,1.382,13.585,0,2.88,0,0
empty_tensor,,,3.114,3.114,0,0,0,0
aten::copy_,,,5.522,9.089,0,2.88,0,0
aclnnInplaceCopy,,,3.567,3.567,2.88,2.88,0,0
ReshapeCacheOperation,,,2.801,2.801,9.5005,9.5005,0,0
P12/A/0036/fia,,,192.041,293.071,0,33.861,0,0
aten::slice,,,0.905,2.255,0,0,0,0
aten::as_strided,,,1.35,1.35,0,0,0,0
aten::slice,,,0.253,0.602,0,0,0,0
aten::as_strided,,,0.349,0.349,0,0,0,0
aten::slice,,,0.245,0.676,0,0,0,0
aten::as_strided,,,0.431,0.431,0,0,0,0
npu::npu_fused_infer_attention_score,,,64.904,74.083,0,32.841,0,0
empty_tensor,,,3.361,3.361,0,0,0,0
empty_tensor,,,1.027,1.027,0,0,0,0
empty_tensor,,,0.724,0.724,0,0,0,0
empty_tensor,,,0.772,0.772,0,0,0,0
aclnnFusedInferAttentionScoreV3,,,3.295,3.295,32.841,32.841,0,0
aten::view,,,1.431,1.431,0,0,0,0
aten::slice,,,0.435,1.178,0,0,0,0
aten::as_strided,,,0.743,0.743,0,0,0,0
aten::copy_,,,12.722,20.805,0,1.02,0,0
aclnnInplaceCopy,,,8.083,8.083,1.02,1.02,0,0
aten::slice,,,0.591,1.487,0,0,0,0
aten::as_strided,,,0.896,0.896,0,0,0,0
aten::copy_,,,11.206,13.772,0,0,0,0
aclnnInplaceCopy,,,2.566,2.566,0,0,0,0
aten::view,,,1.491,1.491,0,0,0,0
vllm::unquantized_gemm,,,7.05,26.26,0,8.18,0,8.18
aten::linear,,,1.773,19.21,0,8.18,0,8.18
aten::t,,,2.648,4.929,0,0,0,0
aten::transpose,,,1.178,2.281,0,0,0,0
aten::as_strided,,,1.103,1.103,0,0,0,0
aten::matmul,,,6.898,12.508,0,8.18,0,8.18
empty_tensor,,,3.177,3.177,0,0,0,0
aclnnMatmul,,,2.433,2.433,8.18,8.18,8.18,8.18
vllm::maybe_chunk_residual,,,5.382,5.382,0,0,0,0
_C_ascend::npu_add_rms_norm_bias,,,14.574,26.125,0,15.5005,0,0
aten::empty,,,0.929,3.051,0,0,0,0
empty_tensor,,,2.122,2.122,0,0,0,0
aten::empty,,,0.247,1.864,0,0,0,0
empty_tensor,,,1.617,1.617,0,0,0,0
aten::empty,,,0.195,1.235,0,0,0,0
empty_tensor,,,1.04,1.04,0,0,0,0
aten::empty,,,0.518,2.523,0,0,0,0
empty_tensor,,,2.005,2.005,0,0,0,0
aclnnAddRmsNormBias,,,2.878,2.878,15.5005,15.5005,0,0
vllm::unquantized_gemm,,,4.921,16.273,0,23.781,0,23.781
aten::linear,,,0.884,11.352,0,23.781,0,23.781
aten::t,,,0.956,2.489,0,0,0,0
aten::transpose,,,0.693,1.533,0,0,0,0
aten::as_strided,,,0.84,0.84,0,0,0,0
aten::matmul,,,3.995,7.979,0,23.781,0,23.781
empty_tensor,,,1.434,1.434,0,0,0,0
aclnnMatmul,,,2.55,2.55,23.781,23.781,23.781,23.781
npu::npu_swiglu,,,11.189,16.58,0,15.0405,0,0
empty_tensor,,,1.428,1.428,0,0,0,0
aclnnSwiGlu,,,3.963,3.963,15.0405,15.0405,0,0
vllm::unquantized_gemm,,,3.468,12.089,0,21.7205,0,21.7205
aten::linear,,,0.662,8.621,0,21.7205,0,21.7205
aten::t,,,0.681,1.629,0,0,0,0
aten::transpose,,,0.367,0.948,0,0,0,0
aten::as_strided,,,0.581,0.581,0,0,0,0
aten::matmul,,,2.707,6.33,0,21.7205,0,21.7205
empty_tensor,,,1.222,1.222,0,0,0,0
aclnnMatmul,,,2.401,2.401,21.7205,21.7205,21.7205,21.7205
vllm::maybe_chunk_residual,,,4.123,4.123,0,0,0,0
_C_ascend::npu_add_rms_norm_bias,,,9.355,20.657,0,12.961,0,0
aten::empty,,,0.371,1.597,0,0,0,0
empty_tensor,,,1.226,1.226,0,0,0,0
aten::empty,,,0.228,1.112,0,0,0,0
empty_tensor,,,0.884,0.884,0,0,0,0
aten::empty,,,0.221,1.553,0,0,0,0
empty_tensor,,,1.332,1.332,0,0,0,0
aten::empty,,,0.465,1.97,0,0,0,0
empty_tensor,,,1.505,1.505,0,0,0,0
aclnnAddRmsNormBias,,,5.07,5.07,12.961,12.961,0,0
vllm::unquantized_gemm,,,4.273,17.523,0,9.660499999999999,0,8.5605
aten::linear,,,1.073,13.25,0,9.660499999999999,0,8.5605
aten::t,,,0.671,1.95,0,0,0,0
aten::transpose,,,0.392,1.279,0,0,0,0
aten::as_strided,,,0.887,0.887,0,0,0,0
aten::addmm,,,6.118,10.227,0,9.660499999999999,0,8.5605
empty_tensor,,,1.693,1.693,0,0,0,0
aclnnAddmm,,,2.416,2.416,9.660499999999999,9.660499999999999,8.5605,8.5605
aten::split_with_sizes,,,1.518,3.013,0,0,0,0
aten::as_strided,,,0.727,0.727,0,0,0,0
aten::as_strided,,,0.38,0.38,0,0,0,0
aten::as_strided,,,0.388,0.388,0,0,0,0
vllm::npu_rotary_embedding,,,207.382,228.219,0,18.381,0,0
aten::view,,,1.235,1.235,0,0,0,0
aten::view,,,0.37,0.37,0,0,0,0
aten::contiguous,,,0.926,9.383,0,2.98,0,0
aten::clone,,,1.274,8.457,0,2.98,0,0
empty_tensor,,,1.605,1.605,0,0,0,0
aten::copy_,,,3.193,5.578,0,2.98,0,0
aclnnInplaceCopy,,,2.385,2.385,2.98,2.98,0,0
aten::contiguous,,,0.458,4.095,0,2.9005,0,0
aten::clone,,,0.423,3.637,0,2.9005,0,0
empty_tensor,,,0.92,0.92,0,0,0,0
aten::copy_,,,1.491,2.294,0,2.9005,0,0
aclnnInplaceCopy,,,0.803,0.803,2.9005,2.9005,0,0
_triton_rope,,,3.464,3.464,12.5005,12.5005,0,0
aten::view,,,1.635,1.635,0,0,0,0
aten::view,,,0.655,0.655,0,0,0,0
aten::empty,,,0.605,2.557,0,0,0,0
empty_tensor,,,1.952,1.952,0,0,0,0
aten::view,,,0.827,0.827,0,0,0,0
aten::view,,,0.658,0.658,0,0,0,0
aten::view,,,0.582,0.582,0,0,0,0
aten::view,,,0.791,0.791,0,0,0,0
vllm::unified_attention_with_output,,,104.942,884.642,0,45.3815,0,0
P12/A/0037/attention,,,319.31,779.7,0,45.3815,0,0
aten::slice,,,1.083,2.364,0,0,0,0
aten::as_strided,,,1.281,1.281,0,0,0,0
aten::slice,,,0.493,0.936,0,0,0,0
aten::as_strided,,,0.443,0.443,0,0,0,0
aten::slice,,,2.447,3.165,0,0,0,0
aten::as_strided,,,0.718,0.718,0,0,0,0
P12/A/0038/cache_write,,,102.22,144.439,0,12.2,0,0
atb::_npu_reshape_and_cache,,,26.632,42.219,0,12.2,0,0
aten::contiguous,,,0.83,13.23,0,2.92,0,0
aten::clone,,,1.285,12.4,0,2.92,0,0
empty_tensor,,,3.32,3.32,0,0,0,0
aten::copy_,,,4.904,7.795,0,2.92,0,0
aclnnInplaceCopy,,,2.891,2.891,2.92,2.92,0,0
ReshapeCacheOperation,,,2.357,2.357,9.28,9.28,0,0
P12/A/0039/fia,,,199.158,294.804,0,33.1815,0,0
aten::slice,,,0.878,2.181,0,0,0,0
aten::as_strided,,,1.303,1.303,0,0,0,0
aten::slice,,,0.411,0.807,0,0,0,0
aten::as_strided,,,0.396,0.396,0,0,0,0
aten::slice,,,0.559,0.969,0,0,0,0
aten::as_strided,,,0.41,0.41,0,0,0,0
npu::npu_fused_infer_attention_score,,,64.049,73.552,0,32.1615,0,0
empty_tensor,,,3.034,3.034,0,0,0,0
empty_tensor,,,1.06,1.06,0,0,0,0
empty_tensor,,,0.975,0.975,0,0,0,0
empty_tensor,,,1.195,1.195,0,0,0,0
aclnnFusedInferAttentionScoreV3,,,3.239,3.239,32.1615,32.1615,0,0
aten::view,,,1.392,1.392,0,0,0,0
aten::slice,,,0.442,1.128,0,0,0,0
aten::as_strided,,,0.686,0.686,0,0,0,0
aten::copy_,,,12.32,15.617,0,1.02,0,0
aclnnInplaceCopy,,,3.297,3.297,1.02,1.02,0,0
aten::slice,,,0.572,1.462,0,0,0,0
aten::as_strided,,,0.89,0.89,0,0,0,0
aten::copy_,,,10.418,13.22,0,0,0,0
aclnnInplaceCopy,,,2.802,2.802,0,0,0,0
aten::view,,,1.425,1.425,0,0,0,0
vllm::unquantized_gemm,,,7.151,26.101,0,7.2,0,7.2
aten::linear,,,1.581,18.95,0,7.2,0,7.2
aten::t,,,2.22,4.4,0,0,0,0
aten::transpose,,,1.158,2.18,0,0,0,0
aten::as_strided,,,1.022,1.022,0,0,0,0
aten::matmul,,,6.951,12.969,0,7.2,0,7.2
empty_tensor,,,3.423,3.423,0,0,0,0
aclnnMatmul,,,2.595,2.595,7.2,7.2,7.2,7.2
vllm::maybe_chunk_residual,,,5.347,5.347,0,0,0,0
_C_ascend::npu_add_rms_norm_bias,,,14.688,25.597,0,14.0605,0,0
aten::empty,,,0.893,3.112,0,0,0,0
empty_tensor,,,2.219,2.219,0,0,0,0
aten::empty,,,0.263,1.525,0,0,0,0
empty_tensor,,,1.262,1.262,0,0,0,0
aten::empty,,,0.196,1.234,0,0,0,0
empty_tensor,,,1.038,1.038,0,0,0,0
aten::empty,,,0.465,2.216,0,0,0,0
empty_tensor,,,1.751,1.751,0,0,0,0
aclnnAddRmsNormBias,,,2.822,2.822,14.0605,14.0605,0,0
vllm::unquantized_gemm,,,4.052,14.877,0,23.321,0,23.321
aten::linear,,,0.763,10.825,0,23.321,0,23.321
aten::t,,,0.826,2.129,0,0,0,0
aten::transpose,,,0.41,1.303,0,0,0,0
aten::as_strided,,,0.893,0.893,0,0,0,0
aten::matmul,,,3.824,7.933,0,23.321,0,23.321
empty_tensor,,,1.575,1.575,0,0,0,0
aclnnMatmul,,,2.534,2.534,23.321,23.321,23.321,23.321
npu::npu_swiglu,,,10.853,14.716,0,15.3405,0,0
empty_tensor,,,1.198,1.198,0,0,0,0
aclnnSwiGlu,,,2.665,2.665,15.3405,15.3405,0,0
vllm::unquantized_gemm,,,3.479,13.823,0,21.9005,0,21.9005
aten::linear,,,0.575,10.344,0,21.9005,0,21.9005
aten::t,,,0.592,1.77,0,0,0,0
aten::transpose,,,0.523,1.178,0,0,0,0
aten::as_strided,,,0.655,0.655,0,0,0,0
aten::matmul,,,2.669,7.999,0,21.9005,0,21.9005
empty_tensor,,,1.058,1.058,0,0,0,0
aclnnMatmul,,,4.272,4.272,21.9005,21.9005,21.9005,21.9005
vllm::maybe_chunk_residual,,,3.922,3.922,0,0,0,0
_C_ascend::npu_add_rms_norm_bias,,,9.005,19.934,0,12.0005,0,0
aten::empty,,,0.349,1.526,0,0,0,0
empty_tensor,,,1.177,1.177,0,0,0,0
aten::empty,,,0.213,1.188,0,0,0,0
empty_tensor,,,0.975,0.975,0,0,0,0
aten::empty,,,0.388,1.415,0,0,0,0
empty_tensor,,,1.027,1.027,0,0,0,0
aten::empty,,,0.28,1.465,0,0,0,0
empty_tensor,,,1.185,1.185,0,0,0,0
aclnnAddRmsNormBias,,,5.335,5.335,12.0005,12.0005,0,0
vllm::unquantized_gemm,,,4.347,16.942,0,10.559999999999999,0,9.2
aten::linear,,,1.034,12.595,0,10.559999999999999,0,9.2
aten::t,,,0.841,2.23,0,0,0,0
aten::transpose,,,0.705,1.389,0,0,0,0
aten::as_strided,,,0.684,0.684,0,0,0,0
aten::addmm,,,5.945,9.331,0,10.559999999999999,0,9.2
empty_tensor,,,1.073,1.073,0,0,0,0
aclnnAddmm,,,2.313,2.313,10.559999999999999,10.559999999999999,9.2,9.2
aten::split_with_sizes,,,1.376,2.775,0,0,0,0
aten::as_strided,,,0.666,0.666,0,0,0,0
aten::as_strided,,,0.342,0.342,0,0,0,0
aten::as_strided,,,0.391,0.391,0,0,0,0
vllm::npu_rotary_embedding,,,208.239,230.112,0,19.881,0,0
aten::view,,,1.07,1.07,0,0,0,0
aten::view,,,0.345,0.345,0,0,0,0
aten::contiguous,,,0.894,9.497,0,4.48,0,0
aten::clone,,,1.237,8.603,0,4.48,0,0
empty_tensor,,,1.455,1.455,0,0,0,0
aten::copy_,,,3.286,5.911,0,4.48,0,0
aclnnInplaceCopy,,,2.625,2.625,4.48,4.48,0,0
aten::contiguous,,,0.492,5.399,0,3.0405,0,0
aten::clone,,,0.61,4.907,0,3.0405,0,0
empty_tensor,,,1.293,1.293,0,0,0,0
aten::copy_,,,1.969,3.004,0,3.0405,0,0
aclnnInplaceCopy,,,1.035,1.035,3.0405,3.0405,0,0
_triton_rope,,,3.572,3.572,12.3605,12.3605,0,0
aten::view,,,1.345,1.345,0,0,0,0
aten::view,,,0.645,0.645,0,0,0,0
aten::empty,,,0.621,2.875,0,0,0,0
empty_tensor,,,2.254,2.254,0,0,0,0
aten::view,,,1.038,1.038,0,0,0,0
aten::view,,,0.563,0.563,0,0,0,0
aten::view,,,0.654,0.654,0,0,0,0
aten::view,,,0.768,0.768,0,0,0,0
vllm::unified_attention_with_output,,,98.453,888.26,0,50.981500000000004,0,0
P12/A/0040/attention,,,325.087,789.807,0,50.981500000000004,0,0
aten::slice,,,1.149,2.656,0,0,0,0
aten::as_strided,,,1.507,1.507,0,0,0,0
aten::slice,,,0.375,0.947,0,0,0,0
aten::as_strided,,,0.572,0.572,0,0,0,0
aten::slice,,,2.234,3.062,0,0,0,0
aten::as_strided,,,0.828,0.828,0,0,0,0
P12/A/0041/cache_write,,,105.141,147.13,0,12.4605,0,0
atb::_npu_reshape_and_cache,,,23.434,41.989,0,12.4605,0,0
aten::contiguous,,,1.056,16.03,0,3.0,0,0
aten::clone,,,1.548,14.974,0,3.0,0,0
empty_tensor,,,3.251,3.251,0,0,0,0
aten::copy_,,,7.19,10.175,0,3.0,0,0
aclnnInplaceCopy,,,2.985,2.985,3.0,3.0,0,0
ReshapeCacheOperation,,,2.525,2.525,9.4605,9.4605,0,0
P12/A/0042/fia,,,195.439,296.43,0,38.521,0,0
aten::slice,,,0.945,3.666,0,0,0,0
aten::as_strided,,,2.721,2.721,0,0,0,0
aten::slice,,,0.465,0.958,0,0,0,0
aten::as_strided,,,0.493,0.493,0,0,0,0
aten::slice,,,0.395,1.09,0,0,0,0
aten::as_strided,,,0.695,0.695,0,0,0,0
npu::npu_fused_infer_attention_score,,,64.945,74.63,0,37.501000000000005,0,0
empty_tensor,,,3.135,3.135,0,0,0,0
empty_tensor,,,1.474,1.474,0,0,0,0
empty_tensor,,,0.772,0.772,0,0,0,0
empty_tensor,,,0.771,0.771,0,0,0,0
aclnnFusedInferAttentionScoreV3,,,3.533,3.533,37.501000000000005,37.501000000000005,0,0
aten::view,,,1.544,1.544,0,0,0,0
aten::slice,,,0.435,1.368,0,0,0,0
aten::as_strided,,,0.933,0.933,0,0,0,0
aten::copy_,,,12.924,17.735,0,1.02,0,0
aclnnInplaceCopy,,,4.811,4.811,1.02,1.02,0,0
aten::slice,,,0.608,1.417,0,0,0,0
aten::as_strided,,,0.809,0.809,0,0,0,0
aten::copy_,,,10.529,13.078,0,0,0,0
aclnnInplaceCopy,,,2.549,2.549,0,0,0,0
aten::view,,,1.312,1.312,0,0,0,0
vllm::unquantized_gemm,,,7.042,26.534,0,7.9205,0,7.9205
aten::linear,,,1.75,19.492,0,7.9205,0,7.9205
aten::t,,,2.307,4.837,0,0,0,0
aten::transpose,,,1.191,2.53,0,0,0,0
aten::as_strided,,,1.339,1.339,0,0,0,0
aten::matmul,,,6.944,12.905,0,7.9205,0,7.9205
empty_tensor,,,3.097,3.097,0,0,0,0
aclnnMatmul,,,2.864,2.864,7.9205,7.9205,7.9205,7.9205
vllm::maybe_chunk_residual,,,5.508,5.508,0,0,0,0
_C_ascend::npu_add_rms_norm_bias,,,15.142,27.275,0,14.4405,0,0
aten::empty,,,1.088,3.616,0,0,0,0
empty_tensor,,,2.528,2.528,0,0,0,0
aten::empty,,,0.239,1.149,0,0,0,0
empty_tensor,,,0.91,0.91,0,0,0,0
aten::empty,,,0.872,1.905,0,0,0,0
empty_tensor,,,1.033,1.033,0,0,0,0
aten::empty,,,0.455,2.488,0,0,0,0
empty_tensor,,,2.033,2.033,0,0,0,0
aclnnAddRmsNormBias,,,2.975,2.975,14.4405,14.4405,0,0
vllm::unquantized_gemm,,,4.02,14.905,0,23.501,0,23.501
aten::linear,,,0.788,10.885,0,23.501,0,23.501
aten::t,,,0.897,2.487,0,0,0,0
aten::transpose,,,0.483,1.59,0,0,0,0
aten::as_strided,,,1.107,1.107,0,0,0,0
aten::matmul,,,3.976,7.61,0,23.501,0,23.501
empty_tensor,,,1.38,1.38,0,0,0,0
aclnnMatmul,,,2.254,2.254,23.501,23.501,23.501,23.501
npu::npu_swiglu,,,10.75,14.662,0,15.5805,0,0
empty_tensor,,,1.32,1.32,0,0,0,0
aclnnSwiGlu,,,2.592,2.592,15.5805,15.5805,0,0
vllm::unquantized_gemm,,,3.446,12.067,0,21.8605,0,21.8605
aten::linear,,,0.605,8.621,0,21.8605,0,21.8605
aten::t,,,0.659,1.831,0,0,0,0
aten::transpose,,,0.377,1.172,0,0,0,0
aten::as_strided,,,0.795,0.795,0,0,0,0
aten::matmul,,,2.591,6.185,0,21.8605,0,21.8605
empty_tensor,,,1.379,1.379,0,0,0,0
aclnnMatmul,,,2.215,2.215,21.8605,21.8605,21.8605,21.8605
vllm::maybe_chunk_residual,,,4.204,4.204,0,0,0,0
_C_ascend::npu_add_rms_norm_bias,,,9.119,23.465,0,11.2205,0,0
aten::empty,,,0.361,1.643,0,0,0,0
empty_tensor,,,1.282,1.282,0,0,0,0
aten::empty,,,0.2,0.996,0,0,0,0
empty_tensor,,,0.796,0.796,0,0,0,0
aten::empty,,,0.309,1.356,0,0,0,0
empty_tensor,,,1.047,1.047,0,0,0,0
aten::empty,,,0.278,2.093,0,0,0,0
empty_tensor,,,1.815,1.815,0,0,0,0
aclnnAddRmsNormBias,,,8.258,8.258,11.2205,11.2205,0,0
vllm::unquantized_gemm,,,4.39,17.922,0,10.1205,0,8.94
aten::linear,,,1.077,13.532,0,10.1205,0,8.94
aten::t,,,0.859,2.175,0,0,0,0
aten::transpose,,,0.471,1.316,0,0,0,0
aten::as_strided,,,0.845,0.845,0,0,0,0
aten::addmm,,,6.14,10.28,0,10.1205,0,8.94
empty_tensor,,,1.62,1.62,0,0,0,0
aclnnAddmm,,,2.52,2.52,10.1205,10.1205,8.94,8.94
aten::split_with_sizes,,,1.531,3.263,0,0,0,0
aten::as_strided,,,0.752,0.752,0,0,0,0
aten::as_strided,,,0.412,0.412,0,0,0,0
aten::as_strided,,,0.568,0.568,0,0,0,0
vllm::npu_rotary_embedding,,,206.972,228.119,0,19.481,0,0
aten::view,,,1.244,1.244,0,0,0,0
aten::view,,,0.752,0.752,0,0,0,0
aten::contiguous,,,0.97,9.183,0,3.6005,0,0
aten::clone,,,1.266,8.213,0,3.6005,0,0
empty_tensor,,,1.447,1.447,0,0,0,0
aten::copy_,,,3.235,5.5,0,3.6005,0,0
aclnnInplaceCopy,,,2.265,2.265,3.6005,3.6005,0,0
aten::contiguous,,,0.606,4.08,0,3.18,0,0
aten::clone,,,0.667,3.474,0,3.18,0,0
empty_tensor,,,0.797,0.797,0,0,0,0
aten::copy_,,,1.41,2.01,0,3.18,0,0
aclnnInplaceCopy,,,0.6,0.6,3.18,3.18,0,0
_triton_rope,,,3.942,3.942,12.7005,12.7005,0,0
aten::view,,,1.311,1.311,0,0,0,0
aten::view,,,0.635,0.635,0,0,0,0
aten::empty,,,0.796,2.78,0,0,0,0
empty_tensor,,,1.984,1.984,0,0,0,0
aten::view,,,0.791,0.791,0,0,0,0
aten::view,,,0.444,0.444,0,0,0,0
aten::view,,,0.469,0.469,0,0,0,0
aten::view,,,0.585,0.585,0,0,0,0
vllm::unified_attention_with_output,,,101.68,879.145,0,45.0015,0,0
P12/A/0043/attention,,,322.903,777.465,0,45.0015,0,0
aten::slice,,,1.205,2.517,0,0,0,0
aten::as_strided,,,1.312,1.312,0,0,0,0
aten::slice,,,0.424,0.902,0,0,0,0
aten::as_strided,,,0.478,0.478,0,0,0,0
aten::slice,,,2.341,3.004,0,0,0,0
aten::as_strided,,,0.663,0.663,0,0,0,0
P12/A/0044/cache_write,,,99.853,138.978,0,12.3005,0,0
atb::_npu_reshape_and_cache,,,22.972,39.125,0,12.3005,0,0
aten::contiguous,,,0.776,13.796,0,2.92,0,0
aten::clone,,,1.57,13.02,0,2.92,0,0
empty_tensor,,,2.828,2.828,0,0,0,0
aten::copy_,,,5.59,8.622,0,2.92,0,0
aclnnInplaceCopy,,,3.032,3.032,2.92,2.92,0,0
ReshapeCacheOperation,,,2.357,2.357,9.3805,9.3805,0,0
P12/A/0045/fia,,,199.271,295.121,0,32.701,0,0
aten::slice,,,0.889,2.18,0,0,0,0
aten::as_strided,,,1.291,1.291,0,0,0,0
aten::slice,,,0.328,0.664,0,0,0,0
aten::as_strided,,,0.336,0.336,0,0,0,0
aten::slice,,,0.356,0.808,0,0,0,0
aten::as_strided,,,0.452,0.452,0,0,0,0
npu::npu_fused_infer_attention_score,,,64.999,74.013,0,31.680999999999997,0,0
empty_tensor,,,3.0,3.0,0,0,0,0
empty_tensor,,,1.189,1.189,0,0,0,0
empty_tensor,,,1.052,1.052,0,0,0,0
empty_tensor,,,0.732,0.732,0,0,0,0
aclnnFusedInferAttentionScoreV3,,,3.041,3.041,31.680999999999997,31.680999999999997,0,0
aten::view,,,1.449,1.449,0,0,0,0
aten::slice,,,0.4,1.175,0,0,0,0
aten::as_strided,,,0.775,0.775,0,0,0,0
aten::copy_,,,12.088,15.561,0,1.02,0,0
aclnnInplaceCopy,,,3.473,3.473,1.02,1.02,0,0
aten::slice,,,0.598,1.445,0,0,0,0
aten::as_strided,,,0.847,0.847,0,0,0,0
aten::copy_,,,9.971,12.595,0,0,0,0
aclnnInplaceCopy,,,2.624,2.624,0,0,0,0
aten::view,,,1.371,1.371,0,0,0,0
vllm::unquantized_gemm,,,6.882,25.554,0,7.68,0,7.68
aten::linear,,,1.959,18.672,0,7.68,0,7.68
aten::t,,,2.153,4.273,0,0,0,0
aten::transpose,,,1.138,2.12,0,0,0,0
aten::as_strided,,,0.982,0.982,0,0,0,0
aten::matmul,,,6.667,12.44,0,7.68,0,7.68
empty_tensor,,,2.912,2.912,0,0,0,0
aclnnMatmul,,,2.861,2.861,7.68,7.68,7.68,7.68
vllm::maybe_chunk_residual,,,5.314,5.314,0,0,0,0
_C_ascend::npu_add_rms_norm_bias,,,14.791,26.424,0,15.601,0,0
aten::empty,,,0.931,3.121,0,0,0,0
empty_tensor,,,2.19,2.19,0,0,0,0
aten::empty,,,0.256,1.514,0,0,0,0
empty_tensor,,,1.258,1.258,0,0,0,0
aten::empty,,,0.402,1.422,0,0,0,0
empty_tensor,,,1.02,1.02,0,0,0,0
aten::empty,,,0.51,2.668,0,0,0,0
empty_tensor,,,2.158,2.158,0,0,0,0
aclnnAddRmsNormBias,,,2.908,2.908,15.601,15.601,0,0
vllm::unquantized_gemm,,,3.878,14.498,0,24.341,0,24.341
aten::linear,,,0.75,10.62,0,24.341,0,24.341
aten::t,,,0.85,2.281,0,0,0,0
aten::transpose,,,0.484,1.431,0,0,0,0
aten::as_strided,,,0.947,0.947,0,0,0,0
aten::matmul,,,3.539,7.589,0,24.341,0,24.341
empty_tensor,,,1.603,1.603,0,0,0,0
aclnnMatmul,,,2.447,2.447,24.341,24.341,24.341,24.341
npu::npu_swiglu,,,10.833,14.476,0,17.001,0,0
empty_tensor,,,1.437,1.437,0,0,0,0
aclnnSwiGlu,,,2.206,2.206,17.001,17.001,0,0
vllm::unquantized_gemm,,,3.357,11.79,0,21.821,0,21.821
aten::linear,,,0.756,8.433,0,21.821,0,21.821
aten::t,,,0.766,1.694,0,0,0,0
aten::transpose,,,0.338,0.928,0,0,0,0
aten::as_strided,,,0.59,0.59,0,0,0,0
aten::matmul,,,2.478,5.983,0,21.821,0,21.821
empty_tensor,,,1.16,1.16,0,0,0,0
aclnnMatmul,,,2.345,2.345,21.821,21.821,21.821,21.821
vllm::maybe_chunk_residual,,,4.15,4.15,0,0,0,0
_C_ascend::npu_add_rms_norm_bias,,,8.672,19.289,0,13.2205,0,0
aten::empty,,,0.392,1.752,0,0,0,0
empty_tensor,,,1.36,1.36,0,0,0,0
aten::empty,,,0.252,1.035,0,0,0,0
empty_tensor,,,0.783,0.783,0,0,0,0
aten::empty,,,0.232,1.245,0,0,0,0
empty_tensor,,,1.013,1.013,0,0,0,0
aten::empty,,,0.269,1.459,0,0,0,0
empty_tensor,,,1.19,1.19,0,0,0,0
aclnnAddRmsNormBias,,,5.126,5.126,13.2205,13.2205,0,0
vllm::unquantized_gemm,,,4.421,19.413,0,9.8205,0,8.5
aten::linear,,,1.112,14.992,0,9.8205,0,8.5
aten::t,,,0.668,2.173,0,0,0,0
aten::transpose,,,0.382,1.505,0,0,0,0
aten::as_strided,,,1.123,1.123,0,0,0,0
aten::addmm,,,6.185,11.707,0,9.8205,0,8.5
empty_tensor,,,1.714,1.714,0,0,0,0
aclnnAddmm,,,3.808,3.808,9.8205,9.8205,8.5,8.5
aten::split_with_sizes,,,1.427,4.414,0,0,0,0
aten::as_strided,,,1.946,1.946,0,0,0,0
aten::as_strided,,,0.432,0.432,0,0,0,0
aten::as_strided,,,0.609,0.609,0,0,0,0
vllm::npu_rotary_embedding,,,204.861,225.578,0,19.2405,0,0
aten::view,,,1.161,1.161,0,0,0,0
aten::view,,,0.548,0.548,0,0,0,0
aten::contiguous,,,0.898,9.373,0,2.82,0,0
aten::clone,,,1.261,8.475,0,2.82,0,0
empty_tensor,,,1.289,1.289,0,0,0,0
aten::copy_,,,3.52,5.925,0,2.82,0,0
aclnnInplaceCopy,,,2.405,2.405,2.82,2.82,0,0
aten::contiguous,,,0.328,4.461,0,2.84,0,0
aten::clone,,,0.487,4.133,0,2.84,0,0
empty_tensor,,,1.137,1.137,0,0,0,0
aten::copy_,,,1.49,2.509,0,2.84,0,0
aclnnInplaceCopy,,,1.019,1.019,2.84,2.84,0,0
_triton_rope,,,3.284,3.284,13.5805,13.5805,0,0
aten::view,,,1.306,1.306,0,0,0,0
aten::view,,,0.584,0.584,0,0,0,0
aten::empty,,,0.626,2.545,0,0,0,0
empty_tensor,,,1.919,1.919,0,0,0,0
aten::view,,,0.7,0.7,0,0,0,0
aten::view,,,0.492,0.492,0,0,0,0
aten::view,,,0.605,0.605,0,0,0,0
aten::view,,,0.61,0.61,0,0,0,0
vllm::unified_attention_with_output,,,98.416,856.135,0,46.701499999999996,0,0
P12/A/0046/attention,,,309.077,757.719,0,46.701499999999996,0,0
aten::slice,,,1.023,2.308,0,0,0,0
aten::as_strided,,,1.285,1.285,0,0,0,0
aten::slice,,,0.425,2.469,0,0,0,0
aten::as_strided,,,2.044,2.044,0,0,0,0
aten::slice,,,2.268,2.991,0,0,0,0
aten::as_strided,,,0.723,0.723,0,0,0,0
P12/A/0047/cache_write,,,94.119,128.952,0,12.16,0,0
atb::_npu_reshape_and_cache,,,18.646,34.833,0,12.16,0,0
aten::contiguous,,,0.785,14.597,0,2.9,0,0
aten::clone,,,1.398,13.812,0,2.9,0,0
empty_tensor,,,3.967,3.967,0,0,0,0
aten::copy_,,,5.177,8.447,0,2.9,0,0
aclnnInplaceCopy,,,3.27,3.27,2.9,2.9,0,0
ReshapeCacheOperation,,,1.59,1.59,9.26,9.26,0,0
P12/A/0048/fia,,,199.159,296.607,0,34.5415,0,0
aten::slice,,,1.012,2.37,0,0,0,0
aten::as_strided,,,1.358,1.358,0,0,0,0
aten::slice,,,0.361,0.982,0,0,0,0
aten::as_strided,,,0.621,0.621,0,0,0,0
aten::slice,,,0.366,1.0,0,0,0,0
aten::as_strided,,,0.634,0.634,0,0,0,0
npu::npu_fused_infer_attention_score,,,63.819,72.652,0,33.5215,0,0
empty_tensor,,,3.18,3.18,0,0,0,0
empty_tensor,,,0.831,0.831,0,0,0,0
empty_tensor,,,0.831,0.831,0,0,0,0
empty_tensor,,,0.671,0.671,0,0,0,0
aclnnFusedInferAttentionScoreV3,,,3.32,3.32,33.5215,33.5215,0,0
aten::view,,,1.508,1.508,0,0,0,0
aten::slice,,,0.556,1.358,0,0,0,0
aten::as_strided,,,0.802,0.802,0,0,0,0
aten::copy_,,,12.177,17.578,0,1.02,0,0
aclnnInplaceCopy,,,5.401,5.401,1.02,1.02,0,0
aten::slice,,,0.622,1.475,0,0,0,0
aten::as_strided,,,0.853,0.853,0,0,0,0
aten::copy_,,,10.939,13.84,0,0,0,0
aclnnInplaceCopy,,,2.901,2.901,0,0,0,0
aten::view,,,1.436,1.436,0,0,0,0
vllm::unquantized_gemm,,,7.094,25.866,0,7.78,0,7.78
aten::linear,,,1.628,18.772,0,7.78,0,7.78
aten::t,,,2.454,4.838,0,0,0,0
aten::transpose,,,1.204,2.384,0,0,0,0
aten::as_strided,,,1.18,1.18,0,0,0,0
aten::matmul,,,6.843,12.306,0,7.78,0,7.78
empty_tensor,,,3.017,3.017,0,0,0,0
aclnnMatmul,,,2.446,2.446,7.78,7.78,7.78,7.78
vllm::maybe_chunk_residual,,,5.51,5.51,0,0,0,0
_C_ascend::npu_add_rms_norm_bias,,,14.81,26.157,0,13.221,0,0
aten::empty,,,1.025,3.102,0,0,0,0
empty_tensor,,,2.077,2.077,0,0,0,0
aten::empty,,,0.254,1.243,0,0,0,0
empty_tensor,,,0.989,0.989,0,0,0,0
aten::empty,,,0.284,1.599,0,0,0,0
empty_tensor,,,1.315,1.315,0,0,0,0
aten::empty,,,0.401,2.445,0,0,0,0
empty_tensor,,,2.044,2.044,0,0,0,0
aclnnAddRmsNormBias,,,2.958,2.958,13.221,13.221,0,0
vllm::unquantized_gemm,,,4.04,14.505,0,23.221,0,23.221
aten::linear,,,0.787,10.465,0,23.221,0,23.221
aten::t,,,0.798,2.191,0,0,0,0
aten::transpose,,,0.512,1.393,0,0,0,0
aten::as_strided,,,0.881,0.881,0,0,0,0
aten::matmul,,,3.637,7.487,0,23.221,0,23.221
empty_tensor,,,1.515,1.515,0,0,0,0
aclnnMatmul,,,2.335,2.335,23.221,23.221,23.221,23.221
npu::npu_swiglu,,,10.587,14.41,0,15.5205,0,0
empty_tensor,,,1.311,1.311,0,0,0,0
aclnnSwiGlu,,,2.512,2.512,15.5205,15.5205,0,0
vllm::unquantized_gemm,,,3.303,12.917,0,21.781,0,21.781
aten::linear,,,0.591,9.614,0,21.781,0,21.781
aten::t,,,1.88,2.783,0,0,0,0
aten::transpose,,,0.373,0.903,0,0,0,0
aten::as_strided,,,0.53,0.53,0,0,0,0
aten::matmul,,,2.444,6.24,0,21.781,0,21.781
empty_tensor,,,1.449,1.449,0,0,0,0
aclnnMatmul,,,2.347,2.347,21.781,21.781,21.781,21.781
vllm::maybe_chunk_residual,,,4.137,4.137,0,0,0,0
_C_ascend::npu_add_rms_norm_bias,,,9.552,20.798,0,11.5005,0,0
aten::empty,,,0.352,1.53,0,0,0,0
empty_tensor,,,1.178,1.178,0,0,0,0
aten::empty,,,0.257,1.475,0,0,0,0
empty_tensor,,,1.218,1.218,0,0,0,0
aten::empty,,,0.429,1.167,0,0,0,0
empty_tensor,,,0.738,0.738,0,0,0,0
aten::empty,,,0.305,1.581,0,0,0,0
empty_tensor,,,1.276,1.276,0,0,0,0
aclnnAddRmsNormBias,,,5.493,5.493,11.5005,11.5005,0,0
vllm::unquantized_gemm,,,4.302,17.258,0,10.1405,0,8.9605
aten::linear,,,1.353,12.956,0,10.1405,0,8.9605
aten::t,,,0.696,2.058,0,0,0,0
aten::transpose,,,0.618,1.362,0,0,0,0
aten::as_strided,,,0.744,0.744,0,0,0,0
aten::addmm,,,5.851,9.545,0,10.1405,0,8.9605
empty_tensor,,,1.148,1.148,0,0,0,0
aclnnAddmm,,,2.546,2.546,10.1405,10.1405,8.9605,8.9605
aten::split_with_sizes,,,1.391,3.048,0,0,0,0
aten::as_strided,,,0.797,0.797,0,0,0,0
aten::as_strided,,,0.368,0.368,0,0,0,0
aten::as_strided,,,0.492,0.492,0,0,0,0
vllm::npu_rotary_embedding,,,215.959,236.409,0,18.381,0,0
aten::view,,,1.17,1.17,0,0,0,0
aten::view,,,0.463,0.463,0,0,0,0
aten::contiguous,,,0.908,9.314,0,2.98,0,0
aten::clone,,,1.789,8.406,0,2.98,0,0
empty_tensor,,,1.39,1.39,0,0,0,0
aten::copy_,,,3.085,5.227,0,2.98,0,0
aclnnInplaceCopy,,,2.142,2.142,2.98,2.98,0,0
aten::contiguous,,,0.49,4.326,0,2.8405,0,0
aten::clone,,,0.553,3.836,0,2.8405,0,0
empty_tensor,,,0.94,0.94,0,0,0,0
aten::copy_,,,1.437,2.343,0,2.8405,0,0
aclnnInplaceCopy,,,0.906,0.906,2.8405,2.8405,0,0
_triton_rope,,,3.505,3.505,12.5605,12.5605,0,0
aten::view,,,1.177,1.177,0,0,0,0
aten::view,,,0.495,0.495,0,0,0,0
aten::empty,,,0.673,2.78,0,0,0,0
empty_tensor,,,2.107,2.107,0,0,0,0
aten::view,,,0.835,0.835,0,0,0,0
aten::view,,,0.684,0.684,0,0,0,0
aten::view,,,0.44,0.44,0,0,0,0
aten::view,,,0.535,0.535,0,0,0,0
vllm::unified_attention_with_output,,,101.154,882.629,0,46.4625,0,0
P12/A/0049/attention,,,323.492,781.475,0,46.4625,0,0
aten::slice,,,1.344,2.588,0,0,0,0
aten::as_strided,,,1.244,1.244,0,0,0,0
aten::slice,,,0.284,0.825,0,0,0,0
aten::as_strided,,,0.541,0.541,0,0,0,0
aten::slice,,,2.262,3.035,0,0,0,0
aten::as_strided,,,0.773,0.773,0,0,0,0
P12/A/0050/cache_write,,,104.655,138.777,0,12.6005,0,0
atb::_npu_reshape_and_cache,,,18.208,34.122,0,12.6005,0,0
aten::contiguous,,,0.769,14.068,0,2.98,0,0
aten::clone,,,1.347,13.299,0,2.98,0,0
empty_tensor,,,2.967,2.967,0,0,0,0
aten::copy_,,,4.965,8.985,0,2.98,0,0
aclnnInplaceCopy,,,4.02,4.02,2.98,2.98,0,0
ReshapeCacheOperation,,,1.846,1.846,9.6205,9.6205,0,0
P12/A/0051/fia,,,199.483,298.319,0,33.862,0,0
aten::slice,,,0.934,2.251,0,0,0,0
aten::as_strided,,,1.317,1.317,0,0,0,0
aten::slice,,,0.39,0.857,0,0,0,0
aten::as_strided,,,0.467,0.467,0,0,0,0
aten::slice,,,0.44,1.036,0,0,0,0
aten::as_strided,,,0.596,0.596,0,0,0,0
npu::npu_fused_infer_attention_score,,,64.132,74.697,0,32.822,0,0
empty_tensor,,,3.493,3.493,0,0,0,0
empty_tensor,,,0.86,0.86,0,0,0,0
empty_tensor,,,0.698,0.698,0,0,0,0
empty_tensor,,,0.629,0.629,0,0,0,0
aclnnFusedInferAttentionScoreV3,,,4.885,4.885,32.822,32.822,0,0
aten::view,,,1.464,1.464,0,0,0,0
aten::slice,,,0.772,1.582,0,0,0,0
aten::as_strided,,,0.81,0.81,0,0,0,0
aten::copy_,,,12.596,16.949,0,1.04,0,0
aclnnInplaceCopy,,,4.353,4.353,1.04,1.04,0,0
aten::slice,,,0.568,1.286,0,0,0,0
aten::as_strided,,,0.718,0.718,0,0,0,0
aten::copy_,,,10.343,13.153,0,0,0,0
aclnnInplaceCopy,,,2.81,2.81,0,0,0,0
aten::view,,,1.426,1.426,0,0,0,0
vllm::unquantized_gemm,,,7.131,26.753,0,7.58,0,7.58
aten::linear,,,1.632,19.622,0,7.58,0,7.58
aten::t,,,2.358,5.055,0,0,0,0
aten::transpose,,,1.608,2.697,0,0,0,0
aten::as_strided,,,1.089,1.089,0,0,0,0
aten::matmul,,,7.005,12.935,0,7.58,0,7.58
empty_tensor,,,3.115,3.115,0,0,0,0
aclnnMatmul,,,2.815,2.815,7.58,7.58,7.58,7.58
vllm::maybe_chunk_residual,,,5.142,5.142,0,0,0,0
_C_ascend::npu_add_rms_norm_bias,,,14.873,25.864,0,12.8405,0,0
aten::empty,,,0.933,3.02,0,0,0,0
empty_tensor,,,2.087,2.087,0,0,0,0
aten::empty,,,0.246,1.287,0,0,0,0
empty_tensor,,,1.041,1.041,0,0,0,0
aten::empty,,,0.394,1.374,0,0,0,0
empty_tensor,,,0.98,0.98,0,0,0,0
aten::empty,,,0.345,2.25,0,0,0,0
empty_tensor,,,1.905,1.905,0,0,0,0
aclnnAddRmsNormBias,,,3.06,3.06,12.8405,12.8405,0,0
vllm::unquantized_gemm,,,4.074,14.909,0,22.681,0,22.681
aten::linear,,,0.764,10.835,0,22.681,0,22.681
aten::t,,,1.038,2.45,0,0,0,0
aten::transpose,,,0.457,1.412,0,0,0,0
aten::as_strided,,,0.955,0.955,0,0,0,0
aten::matmul,,,3.628,7.621,0,22.681,0,22.681
empty_tensor,,,1.344,1.344,0,0,0,0
aclnnMatmul,,,2.649,2.649,22.681,22.681,22.681,22.681
npu::npu_swiglu,,,11.271,15.267,0,15.2205,0,0
empty_tensor,,,1.466,1.466,0,0,0,0
aclnnSwiGlu,,,2.53,2.53,15.2205,15.2205,0,0
vllm::unquantized_gemm,,,3.507,13.36,0,21.661,0,21.661
aten::linear,,,0.613,9.853,0,21.661,0,21.661
aten::t,,,0.651,1.931,0,0,0,0
aten::transpose,,,0.533,1.28,0,0,0,0
aten::as_strided,,,0.747,0.747,0,0,0,0
aten::matmul,,,2.499,7.309,0,21.661,0,21.661
empty_tensor,,,2.153,2.153,0,0,0,0
aclnnMatmul,,,2.657,2.657,21.661,21.661,21.661,21.661
vllm::maybe_chunk_residual,,,3.897,3.897,0,0,0,0
_C_ascend::npu_add_rms_norm_bias,,,9.527,21.427,0,11.0205,0,0
aten::empty,,,0.377,1.596,0,0,0,0
empty_tensor,,,1.219,1.219,0,0,0,0
aten::empty,,,0.234,1.166,0,0,0,0
empty_tensor,,,0.932,0.932,0,0,0,0
aten::empty,,,0.473,1.475,0,0,0,0
empty_tensor,,,1.002,1.002,0,0,0,0
aten::empty,,,0.279,1.865,0,0,0,0
empty_tensor,,,1.586,1.586,0,0,0,0
aclnnAddRmsNormBias,,,5.798,5.798,11.0205,11.0205,0,0
vllm::unquantized_gemm,,,4.222,17.283,0,9.6205,0,8.5205
aten::linear,,,1.109,13.061,0,9.6205,0,8.5205
aten::t,,,0.552,1.63,0,0,0,0
aten::transpose,,,0.366,1.078,0,0,0,0
aten::as_strided,,,0.712,0.712,0,0,0,0
aten::addmm,,,6.353,10.322,0,9.6205,0,8.5205
empty_tensor,,,1.477,1.477,0,0,0,0
aclnnAddmm,,,2.492,2.492,9.6205,9.6205,8.5205,8.5205
aten::split_with_sizes,,,1.596,3.056,0,0,0,0
aten::as_strided,,,0.771,0.771,0,0,0,0
aten::as_strided,,,0.363,0.363,0,0,0,0
aten::as_strided,,,0.326,0.326,0,0,0,0
vllm::npu_rotary_embedding,,,205.094,228.115,0,18.2605,0,0
aten::view,,,1.072,1.072,0,0,0,0
aten::view,,,0.592,0.592,0,0,0,0
aten::contiguous,,,0.963,10.934,0,2.88,0,0
aten::clone,,,1.249,9.971,0,2.88,0,0
empty_tensor,,,1.432,1.432,0,0,0,0
aten::copy_,,,3.366,7.29,0,2.88,0,0
aclnnInplaceCopy,,,3.924,3.924,2.88,2.88,0,0
aten::contiguous,,,0.864,4.82,0,2.92,0,0
aten::clone,,,0.426,3.956,0,2.92,0,0
empty_tensor,,,1.023,1.023,0,0,0,0
aten::copy_,,,1.524,2.507,0,2.92,0,0
aclnnInplaceCopy,,,0.983,0.983,2.92,2.92,0,0
_triton_rope,,,3.59,3.59,12.4605,12.4605,0,0
aten::view,,,1.407,1.407,0,0,0,0
aten::view,,,0.606,0.606,0,0,0,0
aten::empty,,,0.625,3.023,0,0,0,0
empty_tensor,,,2.398,2.398,0,0,0,0
aten::view,,,0.742,0.742,0,0,0,0
aten::view,,,0.476,0.476,0,0,0,0
aten::view,,,0.44,0.44,0,0,0,0
aten::view,,,0.736,0.736,0,0,0,0
vllm::unified_attention_with_output,,,100.444,861.011,0,51.0025,0,0
P12/A/0052/attention,,,312.461,760.567,0,51.0025,0,0
aten::slice,,,1.302,2.754,0,0,0,0
aten::as_strided,,,1.452,1.452,0,0,0,0
aten::slice,,,0.266,0.687,0,0,0,0
aten::as_strided,,,0.421,0.421,0,0,0,0
aten::slice,,,2.241,3.081,0,0,0,0
aten::as_strided,,,0.84,0.84,0,0,0,0
P12/A/0053/cache_write,,,99.036,134.576,0,12.3205,0,0
atb::_npu_reshape_and_cache,,,19.139,35.54,0,12.3205,0,0
aten::contiguous,,,0.888,14.574,0,2.94,0,0
aten::clone,,,1.262,13.686,0,2.94,0,0
empty_tensor,,,3.616,3.616,0,0,0,0
aten::copy_,,,5.379,8.808,0,2.94,0,0
aclnnInplaceCopy,,,3.429,3.429,2.94,2.94,0,0
ReshapeCacheOperation,,,1.827,1.827,9.3805,9.3805,0,0
P12/A/0054/fia,,,191.63,285.85,0,38.682,0,0
aten::slice,,,0.812,2.143,0,0,0,0
aten::as_strided,,,1.331,1.331,0,0,0,0
aten::slice,,,0.393,0.806,0,0,0,0
aten::as_strided,,,0.413,0.413,0,0,0,0
aten::slice,,,0.226,0.63,0,0,0,0
aten::as_strided,,,0.404,0.404,0,0,0,0
npu::npu_fused_infer_attention_score,,,63.567,73.785,0,37.662,0,0
empty_tensor,,,3.112,3.112,0,0,0,0
empty_tensor,,,1.142,1.142,0,0,0,0
empty_tensor,,,1.246,1.246,0,0,0,0
empty_tensor,,,1.268,1.268,0,0,0,0
aclnnFusedInferAttentionScoreV3,,,3.45,3.45,37.662,37.662,0,0
aten::view,,,1.397,1.397,0,0,0,0
aten::slice,,,0.471,1.371,0,0,0,0
aten::as_strided,,,0.9,0.9,0,0,0,0
aten::copy_,,,13.215,14.088,0,1.02,0,0
aclnnInplaceCopy,,,0.873,0.873,1.02,1.02,0,0
aten::slice,,,0.574,1.332,0,0,0,0
aten::as_strided,,,0.758,0.758,0,0,0,0
aten::copy_,,,9.695,19.826,0,0,0,0
aclnnInplaceCopy,,,10.131,10.131,0,0,0,0
aten::view,,,1.352,1.352,0,0,0,0
vllm::unquantized_gemm,,,6.945,27.218,0,7.34,0,7.34
aten::linear,,,1.822,20.273,0,7.34,0,7.34
aten::t,,,2.275,4.608,0,0,0,0
aten::transpose,,,1.226,2.333,0,0,0,0
aten::as_strided,,,1.107,1.107,0,0,0,0
aten::matmul,,,7.027,13.843,0,7.34,0,7.34
empty_tensor,,,4.358,4.358,0,0,0,0
aclnnMatmul,,,2.458,2.458,7.34,7.34,7.34,7.34
vllm::maybe_chunk_residual,,,5.225,5.225,0,0,0,0
_C_ascend::npu_add_rms_norm_bias,,,14.643,25.57,0,15.481,0,0
aten::empty,,,0.91,3.165,0,0,0,0
empty_tensor,,,2.255,2.255,0,0,0,0
aten::empty,,,0.213,1.587,0,0,0,0
empty_tensor,,,1.374,1.374,0,0,0,0
aten::empty,,,0.333,1.098,0,0,0,0
empty_tensor,,,0.765,0.765,0,0,0,0
aten::empty,,,0.391,2.29,0,0,0,0
empty_tensor,,,1.899,1.899,0,0,0,0
aclnnAddRmsNormBias,,,2.787,2.787,15.481,15.481,0,0
vllm::unquantized_gemm,,,3.976,15.575,0,23.121,0,23.121
aten::linear,,,0.855,11.599,0,23.121,0,23.121
aten::t,,,0.8,2.256,0,0,0,0
aten::transpose,,,0.521,1.456,0,0,0,0
aten::as_strided,,,0.935,0.935,0,0,0,0
aten::matmul,,,4.08,8.488,0,23.121,0,23.121
empty_tensor,,,1.481,1.481,0,0,0,0
aclnnMatmul,,,2.927,2.927,23.121,23.121,23.121,23.121
npu::npu_swiglu,,,11.024,14.594,0,16.141,0,0
empty_tensor,,,1.157,1.157,0,0,0,0
aclnnSwiGlu,,,2.413,2.413,16.141,16.141,0,0
vllm::unquantized_gemm,,,3.585,12.359,0,22.061,0,22.061
aten::linear,,,0.676,8.774,0,22.061,0,22.061
aten::t,,,0.876,2.021,0,0,0,0
aten::transpose,,,0.472,1.145,0,0,0,0
aten::as_strided,,,0.673,0.673,0,0,0,0
aten::matmul,,,2.806,6.077,0,22.061,0,22.061
empty_tensor,,,1.015,1.015,0,0,0,0
aclnnMatmul,,,2.256,2.256,22.061,22.061,22.061,22.061
vllm::maybe_chunk_residual,,,4.277,4.277,0,0,0,0
_C_ascend::npu_add_rms_norm_bias,,,8.495,20.587,0,12.8405,0,0
aten::empty,,,0.404,1.715,0,0,0,0
empty_tensor,,,1.311,1.311,0,0,0,0
aten::empty,,,0.226,1.165,0,0,0,0
empty_tensor,,,0.939,0.939,0,0,0,0
aten::empty,,,0.402,1.323,0,0,0,0
empty_tensor,,,0.921,0.921,0,0,0,0
aten::empty,,,0.397,2.08,0,0,0,0
empty_tensor,,,1.683,1.683,0,0,0,0
aclnnAddRmsNormBias,,,5.809,5.809,12.8405,12.8405,0,0
vllm::unquantized_gemm,,,4.468,17.346,0,9.98,0,8.88
aten::linear,,,1.092,12.878,0,9.98,0,8.88
aten::t,,,0.768,1.938,0,0,0,0
aten::transpose,,,0.385,1.17,0,0,0,0
aten::as_strided,,,0.785,0.785,0,0,0,0
aten::addmm,,,6.157,9.848,0,9.98,0,8.88
empty_tensor,,,1.352,1.352,0,0,0,0
aclnnAddmm,,,2.339,2.339,9.98,9.98,8.88,8.88
aten::split_with_sizes,,,1.359,3.521,0,0,0,0
aten::as_strided,,,0.762,0.762,0,0,0,0
aten::as_strided,,,0.865,0.865,0,0,0,0
aten::as_strided,,,0.535,0.535,0,0,0,0
vllm::npu_rotary_embedding,,,206.397,228.905,0,19.0005,0,0
aten::view,,,1.155,1.155,0,0,0,0
aten::view,,,0.38,0.38,0,0,0,0
aten::contiguous,,,0.935,8.963,0,2.92,0,0
aten::clone,,,1.263,8.028,0,2.92,0,0
empty_tensor,,,1.2,1.2,0,0,0,0
aten::copy_,,,3.052,5.565,0,2.92,0,0
aclnnInplaceCopy,,,2.513,2.513,2.92,2.92,0,0
aten::contiguous,,,0.351,6.628,0,2.9605,0,0
aten::clone,,,0.521,6.277,0,2.9605,0,0
empty_tensor,,,0.907,0.907,0,0,0,0
aten::copy_,,,1.724,4.849,0,2.9605,0,0
aclnnInplaceCopy,,,3.125,3.125,2.9605,2.9605,0,0
_triton_rope,,,3.495,3.495,13.12,13.12,0,0
aten::view,,,1.182,1.182,0,0,0,0
aten::view,,,0.705,0.705,0,0,0,0
aten::empty,,,0.637,2.807,0,0,0,0
empty_tensor,,,2.17,2.17,0,0,0,0
aten::view,,,0.672,0.672,0,0,0,0
aten::view,,,0.571,0.571,0,0,0,0
aten::view,,,0.612,0.612,0,0,0,0
aten::view,,,0.927,0.927,0,0,0,0
vllm::unified_attention_with_output,,,103.337,881.2,0,45.262,0,0
P12/A/0055/attention,,,320.205,777.863,0,45.262,0,0
aten::slice,,,1.141,2.323,0,0,0,0
aten::as_strided,,,1.182,1.182,0,0,0,0
aten::slice,,,1.014,1.491,0,0,0,0
aten::as_strided,,,0.477,0.477,0,0,0,0
aten::slice,,,2.175,2.965,0,0,0,0
aten::as_strided,,,0.79,0.79,0,0,0,0
P12/A/0056/cache_write,,,99.449,133.092,0,12.3805,0,0
atb::_npu_reshape_and_cache,,,18.426,33.643,0,12.3805,0,0
aten::contiguous,,,0.822,13.532,0,3.0,0,0
aten::clone,,,1.251,12.71,0,3.0,0,0
empty_tensor,,,2.915,2.915,0,0,0,0
aten::copy_,,,5.459,8.544,0,3.0,0,0
aclnnInplaceCopy,,,3.085,3.085,3.0,3.0,0,0
ReshapeCacheOperation,,,1.685,1.685,9.3805,9.3805,0,0
P12/A/0057/fia,,,193.022,294.201,0,32.8815,0,0
aten::slice,,,1.004,2.272,0,0,0,0
aten::as_strided,,,1.268,1.268,0,0,0,0
aten::slice,,,2.34,2.885,0,0,0,0
aten::as_strided,,,0.545,0.545,0,0,0,0
aten::slice,,,0.432,1.036,0,0,0,0
aten::as_strided,,,0.604,0.604,0,0,0,0
npu::npu_fused_infer_attention_score,,,63.22,72.736,0,31.8815,0,0
empty_tensor,,,2.992,2.992,0,0,0,0
empty_tensor,,,1.15,1.15,0,0,0,0
empty_tensor,,,1.014,1.014,0,0,0,0
empty_tensor,,,0.916,0.916,0,0,0,0
aclnnFusedInferAttentionScoreV3,,,3.444,3.444,31.8815,31.8815,0,0
aten::view,,,1.335,1.335,0,0,0,0
aten::slice,,,0.495,6.904,0,0,0,0
aten::as_strided,,,6.409,6.409,0,0,0,0
aten::copy_,,,12.878,14.011,0,1.0,0,0
aclnnInplaceCopy,,,1.133,1.133,1.0,1.0,0,0
aten::slice,,,0.719,1.754,0,0,0,0
aten::as_strided,,,1.035,1.035,0,0,0,0
aten::copy_,,,10.721,21.832,0,0,0,0
aclnnInplaceCopy,,,11.111,11.111,0,0,0,0
aten::view,,,1.76,1.76,0,0,0,0
vllm::unquantized_gemm,,,7.037,26.911,0,7.7605,0,7.7605
aten::linear,,,1.752,19.874,0,7.7605,0,7.7605
aten::t,,,2.463,4.881,0,0,0,0
aten::transpose,,,1.255,2.418,0,0,0,0
aten::as_strided,,,1.163,1.163,0,0,0,0
aten::matmul,,,7.024,13.241,0,7.7605,0,7.7605
empty_tensor,,,3.464,3.464,0,0,0,0
aclnnMatmul,,,2.753,2.753,7.7605,7.7605,7.7605,7.7605
vllm::maybe_chunk_residual,,,5.017,5.017,0,0,0,0
_C_ascend::npu_add_rms_norm_bias,,,15.026,27.015,0,13.1205,0,0
aten::empty,,,1.047,3.26,0,0,0,0
empty_tensor,,,2.213,2.213,0,0,0,0
aten::empty,,,0.274,1.359,0,0,0,0
empty_tensor,,,1.085,1.085,0,0,0,0
aten::empty,,,0.357,2.24,0,0,0,0
empty_tensor,,,1.883,1.883,0,0,0,0
aten::empty,,,0.438,2.373,0,0,0,0
empty_tensor,,,1.935,1.935,0,0,0,0
aclnnAddRmsNormBias,,,2.757,2.757,13.1205,13.1205,0,0
vllm::unquantized_gemm,,,4.127,15.016,0,23.481,0,23.481
aten::linear,,,0.994,10.889,0,23.481,0,23.481
aten::t,,,0.815,2.35,0,0,0,0
aten::transpose,,,0.513,1.535,0,0,0,0
aten::as_strided,,,1.022,1.022,0,0,0,0
aten::matmul,,,3.722,7.545,0,23.481,0,23.481
empty_tensor,,,1.277,1.277,0,0,0,0
aclnnMatmul,,,2.546,2.546,23.481,23.481,23.481,23.481
npu::npu_swiglu,,,11.018,14.856,0,15.0205,0,0
empty_tensor,,,1.207,1.207,0,0,0,0
aclnnSwiGlu,,,2.631,2.631,15.0205,15.0205,0,0
vllm::unquantized_gemm,,,3.536,11.95,0,21.661,0,21.661
aten::linear,,,1.076,8.414,0,21.661,0,21.661
aten::t,,,0.649,1.575,0,0,0,0
aten::transpose,,,0.386,0.926,0,0,0,0
aten::as_strided,,,0.54,0.54,0,0,0,0
aten::matmul,,,2.512,5.763,0,21.661,0,21.661
empty_tensor,,,1.066,1.066,0,0,0,0
aclnnMatmul,,,2.185,2.185,21.661,21.661,21.661,21.661
vllm::maybe_chunk_residual,,,3.858,3.858,0,0,0,0
_C_ascend::npu_add_rms_norm_bias,,,8.753,20.419,0,11.4605,0,0
aten::empty,,,0.385,1.728,0,0,0,0
empty_tensor,,,1.343,1.343,0,0,0,0
aten::empty,,,0.222,1.204,0,0,0,0
empty_tensor,,,0.982,0.982,0,0,0,0
aten::empty,,,0.461,1.347,0,0,0,0
empty_tensor,,,0.886,0.886,0,0,0,0
aten::empty,,,0.321,1.911,0,0,0,0
empty_tensor,,,1.59,1.59,0,0,0,0
aclnnAddRmsNormBias,,,5.476,5.476,11.4605,11.4605,0,0
vllm::unquantized_gemm,,,4.149,16.514,0,10.16,0,8.94
aten::linear,,,1.101,12.365,0,10.16,0,8.94
aten::t,,,0.686,1.796,0,0,0,0
aten::transpose,,,0.344,1.11,0,0,0,0
aten::as_strided,,,0.766,0.766,0,0,0,0
aten::addmm,,,5.787,9.468,0,10.16,0,8.94
empty_tensor,,,1.177,1.177,0,0,0,0
aclnnAddmm,,,2.504,2.504,10.16,10.16,8.94,8.94
aten::split_with_sizes,,,1.457,2.896,0,0,0,0
aten::as_strided,,,0.765,0.765,0,0,0,0
aten::as_strided,,,0.275,0.275,0,0,0,0
aten::as_strided,,,0.399,0.399,0,0,0,0
vllm::npu_rotary_embedding,,,206.387,228.139,0,18.200499999999998,0,0
aten::view,,,1.083,1.083,0,0,0,0
aten::view,,,0.515,0.515,0,0,0,0
aten::contiguous,,,1.315,9.681,0,2.94,0,0
aten::clone,,,1.232,8.366,0,2.94,0,0
empty_tensor,,,1.44,1.44,0,0,0,0
aten::copy_,,,3.309,5.694,0,2.94,0,0
aclnnInplaceCopy,,,2.385,2.385,2.94,2.94,0,0
aten::contiguous,,,0.581,4.661,0,2.9,0,0
aten::clone,,,0.542,4.08,0,2.9,0,0
empty_tensor,,,1.171,1.171,0,0,0,0
aten::copy_,,,1.463,2.367,0,2.9,0,0
aclnnInplaceCopy,,,0.904,0.904,2.9,2.9,0,0
_triton_rope,,,3.873,3.873,12.3605,12.3605,0,0
aten::view,,,1.374,1.374,0,0,0,0
aten::view,,,0.565,0.565,0,0,0,0
aten::empty,,,0.618,3.027,0,0,0,0
empty_tensor,,,2.409,2.409,0,0,0,0
aten::view,,,0.82,0.82,0,0,0,0
aten::view,,,0.557,0.557,0,0,0,0
aten::view,,,0.48,0.48,0,0,0,0
aten::view,,,0.585,0.585,0,0,0,0
vllm::unified_attention_with_output,,,97.447,849.226,0,47.1425,0,0
P12/A/0058/attention,,,304.109,751.779,0,47.1425,0,0
aten::slice,,,1.27,2.56,0,0,0,0
aten::as_strided,,,1.29,1.29,0,0,0,0
aten::slice,,,0.447,1.04,0,0,0,0
aten::as_strided,,,0.593,0.593,0,0,0,0
aten::slice,,,2.227,2.927,0,0,0,0
aten::as_strided,,,0.7,0.7,0,0,0,0
P12/A/0059/cache_write,,,96.978,130.51,0,12.4805,0,0
atb::_npu_reshape_and_cache,,,18.653,33.532,0,12.4805,0,0
aten::contiguous,,,0.801,13.377,0,3.0,0,0
aten::clone,,,1.229,12.576,0,3.0,0,0
empty_tensor,,,3.052,3.052,0,0,0,0
aten::copy_,,,5.188,8.295,0,3.0,0,0
aclnnInplaceCopy,,,3.107,3.107,3.0,3.0,0,0
ReshapeCacheOperation,,,1.502,1.502,9.4805,9.4805,0,0
P12/A/0060/fia,,,197.015,290.257,0,34.662,0,0
aten::slice,,,0.825,2.067,0,0,0,0
aten::as_strided,,,1.242,1.242,0,0,0,0
aten::slice,,,0.339,0.798,0,0,0,0
aten::as_strided,,,0.459,0.459,0,0,0,0
aten::slice,,,0.406,1.021,0,0,0,0
aten::as_strided,,,0.615,0.615,0,0,0,0
npu::npu_fused_infer_attention_score,,,63.454,73.418,0,33.662,0,0
empty_tensor,,,3.734,3.734,0,0,0,0
empty_tensor,,,1.085,1.085,0,0,0,0
empty_tensor,,,0.746,0.746,0,0,0,0
empty_tensor,,,0.783,0.783,0,0,0,0
aclnnFusedInferAttentionScoreV3,,,3.616,3.616,33.662,33.662,0,0
aten::view,,,1.358,1.358,0,0,0,0
aten::slice,,,0.446,1.258,0,0,0,0
aten::as_strided,,,0.812,0.812,0,0,0,0
aten::copy_,,,12.513,13.322,0,1.0,0,0
aclnnInplaceCopy,,,0.809,0.809,1.0,1.0,0,0
aten::slice,,,0.595,1.456,0,0,0,0
aten::as_strided,,,0.861,0.861,0,0,0,0
aten::copy_,,,9.757,18.92,0,0,0,0
aclnnInplaceCopy,,,9.163,9.163,0,0,0,0
aten::view,,,1.367,1.367,0,0,0,0
vllm::unquantized_gemm,,,7.313,26.722,0,7.5005,0,7.5005
aten::linear,,,1.722,19.409,0,7.5005,0,7.5005
aten::t,,,2.73,5.033,0,0,0,0
aten::transpose,,,1.173,2.303,0,0,0,0
aten::as_strided,,,1.13,1.13,0,0,0,0
aten::matmul,,,7.155,12.654,0,7.5005,0,7.5005
empty_tensor,,,3.022,3.022,0,0,0,0
aclnnMatmul,,,2.477,2.477,7.5005,7.5005,7.5005,7.5005
vllm::maybe_chunk_residual,,,5.213,5.213,0,0,0,0
_C_ascend::npu_add_rms_norm_bias,,,15.071,25.92,0,14.5205,0,0
aten::empty,,,0.965,3.073,0,0,0,0
empty_tensor,,,2.108,2.108,0,0,0,0
aten::empty,,,0.217,1.546,0,0,0,0
empty_tensor,,,1.329,1.329,0,0,0,0
aten::empty,,,0.319,0.998,0,0,0,0
empty_tensor,,,0.679,0.679,0,0,0,0
aten::empty,,,0.388,2.488,0,0,0,0
empty_tensor,,,2.1,2.1,0,0,0,0
aclnnAddRmsNormBias,,,2.744,2.744,14.5205,14.5205,0,0
vllm::unquantized_gemm,,,4.037,17.843,0,23.641,0,23.641
aten::linear,,,0.803,13.806,0,23.641,0,23.641
aten::t,,,0.915,2.868,0,0,0,0
aten::transpose,,,0.865,1.953,0,0,0,0
aten::as_strided,,,1.088,1.088,0,0,0,0
aten::matmul,,,3.85,10.135,0,23.641,0,23.641
empty_tensor,,,3.708,3.708,0,0,0,0
aclnnMatmul,,,2.577,2.577,23.641,23.641,23.641,23.641
npu::npu_swiglu,,,11.847,15.467,0,16.721,0,0
empty_tensor,,,1.254,1.254,0,0,0,0
aclnnSwiGlu,,,2.366,2.366,16.721,16.721,0,0
vllm::unquantized_gemm,,,3.451,13.897,0,22.081,0,22.081
aten::linear,,,0.582,10.446,0,22.081,0,22.081
aten::t,,,0.632,3.526,0,0,0,0
aten::transpose,,,0.8,2.894,0,0,0,0
aten::as_strided,,,2.094,2.094,0,0,0,0
aten::matmul,,,2.759,6.338,0,22.081,0,22.081
empty_tensor,,,1.067,1.067,0,0,0,0
aclnnMatmul,,,2.512,2.512,22.081,22.081,22.081,22.081
vllm::maybe_chunk_residual,,,4.023,4.023,0,0,0,0
_C_ascend::npu_add_rms_norm_bias,,,8.442,16.696,0,12.06,0,0
aten::empty,,,0.448,1.673,0,0,0,0
empty_tensor,,,1.225,1.225,0,0,0,0
aten::empty,,,0.24,1.618,0,0,0,0
empty_tensor,,,1.378,1.378,0,0,0,0
aten::empty,,,0.241,1.035,0,0,0,0
empty_tensor,,,0.794,0.794,0,0,0,0
aten::empty,,,0.314,1.507,0,0,0,0
empty_tensor,,,1.193,1.193,0,0,0,0
aclnnAddRmsNormBias,,,2.421,2.421,12.06,12.06,0,0
vllm::unquantized_gemm,,,4.441,22.325,0,10.48,0,9.34
aten::linear,,,1.397,17.884,0,10.48,0,9.34
aten::t,,,0.742,2.053,0,0,0,0
aten::transpose,,,0.485,1.311,0,0,0,0
aten::as_strided,,,0.826,0.826,0,0,0,0
aten::addmm,,,5.916,14.434,0,10.48,0,9.34
empty_tensor,,,1.181,1.181,0,0,0,0
aclnnAddmm,,,7.337,7.337,10.48,10.48,9.34,9.34
aten::split_with_sizes,,,1.48,3.042,0,0,0,0
aten::as_strided,,,0.696,0.696,0,0,0,0
aten::as_strided,,,0.37,0.37,0,0,0,0
aten::as_strided,,,0.496,0.496,0,0,0,0
vllm::npu_rotary_embedding,,,206.661,227.945,0,18.301000000000002,0,0
aten::view,,,1.183,1.183,0,0,0,0
aten::view,,,0.518,0.518,0,0,0,0
aten::contiguous,,,0.894,9.213,0,2.8805,0,0
aten::clone,,,1.176,8.319,0,2.8805,0,0
empty_tensor,,,1.258,1.258,0,0,0,0
aten::copy_,,,2.937,5.885,0,2.8805,0,0
aclnnInplaceCopy,,,2.948,2.948,2.8805,2.8805,0,0
aten::contiguous,,,0.53,4.393,0,2.9,0,0
aten::clone,,,0.604,3.863,0,2.9,0,0
empty_tensor,,,0.967,0.967,0,0,0,0
aten::copy_,,,1.503,2.292,0,2.9,0,0
aclnnInplaceCopy,,,0.789,0.789,2.9,2.9,0,0
_triton_rope,,,3.964,3.964,12.5205,12.5205,0,0
aten::view,,,1.299,1.299,0,0,0,0
aten::view,,,0.714,0.714,0,0,0,0
aten::empty,,,0.773,3.127,0,0,0,0
empty_tensor,,,2.354,2.354,0,0,0,0
aten::view,,,0.722,0.722,0,0,0,0
aten::view,,,0.448,0.448,0,0,0,0
aten::view,,,0.731,0.731,0,0,0,0
aten::view,,,1.094,1.094,0,0,0,0
vllm::unified_attention_with_output,,,98.441,855.707,0,49.9415,0,0
P12/A/0061/attention,,,305.184,757.266,0,49.9415,0,0
aten::slice,,,1.239,2.525,0,0,0,0
aten::as_strided,,,1.286,1.286,0,0,0,0
aten::slice,,,0.486,1.126,0,0,0,0
aten::as_strided,,,0.64,0.64,0,0,0,0
aten::slice,,,2.508,3.393,0,0,0,0
aten::as_strided,,,0.885,0.885,0,0,0,0
P12/A/0062/cache_write,,,103.373,141.499,0,17.880499999999998,0,0
atb::_npu_reshape_and_cache,,,19.246,38.126,0,17.880499999999998,0,0
aten::contiguous,,,0.85,17.177,0,2.92,0,0
aten::clone,,,1.439,16.327,0,2.92,0,0
empty_tensor,,,5.337,5.337,0,0,0,0
aten::copy_,,,5.373,9.551,0,2.92,0,0
aclnnInplaceCopy,,,4.178,4.178,2.92,2.92,0,0
ReshapeCacheOperation,,,1.703,1.703,14.9605,14.9605,0,0
P12/A/0063/fia,,,189.061,283.433,0,32.061,0,0
aten::slice,,,0.903,2.263,0,0,0,0
aten::as_strided,,,1.36,1.36,0,0,0,0
aten::slice,,,0.482,0.901,0,0,0,0
aten::as_strided,,,0.419,0.419,0,0,0,0
aten::slice,,,0.224,0.628,0,0,0,0
aten::as_strided,,,0.404,0.404,0,0,0,0
npu::npu_fused_infer_attention_score,,,65.395,74.633,0,31.061,0,0
empty_tensor,,,3.045,3.045,0,0,0,0
empty_tensor,,,1.008,1.008,0,0,0,0
empty_tensor,,,1.048,1.048,0,0,0,0
empty_tensor,,,0.97,0.97,0,0,0,0
aclnnFusedInferAttentionScoreV3,,,3.167,3.167,31.061,31.061,0,0
aten::view,,,1.378,1.378,0,0,0,0
aten::slice,,,0.392,1.21,0,0,0,0
aten::as_strided,,,0.818,0.818,0,0,0,0
aten::copy_,,,12.417,13.359,0,1.0,0,0
aclnnInplaceCopy,,,0.942,0.942,1.0,1.0,0,0
aten::slice,,,0.527,1.211,0,0,0,0
aten::as_strided,,,0.684,0.684,0,0,0,0
aten::copy_,,,9.741,18.895,0,0,0,0
aclnnInplaceCopy,,,9.154,9.154,0,0,0,0
aten::view,,,1.32,1.32,0,0,0,0
vllm::unquantized_gemm,,,7.089,28.069,0,7.92,0,7.92
aten::linear,,,1.584,20.98,0,7.92,0,7.92
aten::t,,,2.381,4.693,0,0,0,0
aten::transpose,,,1.194,2.312,0,0,0,0
aten::as_strided,,,1.118,1.118,0,0,0,0
aten::matmul,,,7.069,14.703,0,7.92,0,7.92
empty_tensor,,,4.864,4.864,0,0,0,0
aclnnMatmul,,,2.77,2.77,7.92,7.92,7.92,7.92
vllm::maybe_chunk_residual,,,5.719,5.719,0,0,0,0
_C_ascend::npu_add_rms_norm_bias,,,15.043,26.282,0,13.0805,0,0
aten::empty,,,1.026,3.136,0,0,0,0
empty_tensor,,,2.11,2.11,0,0,0,0
aten::empty,,,0.271,1.507,0,0,0,0
empty_tensor,,,1.236,1.236,0,0,0,0
aten::empty,,,0.374,1.351,0,0,0,0
empty_tensor,,,0.977,0.977,0,0,0,0
aten::empty,,,0.357,2.117,0,0,0,0
empty_tensor,,,1.76,1.76,0,0,0,0
aclnnAddRmsNormBias,,,3.128,3.128,13.0805,13.0805,0,0
vllm::unquantized_gemm,,,4.266,15.362,0,23.421,0,23.421
aten::linear,,,0.738,11.096,0,23.421,0,23.421
aten::t,,,0.879,2.224,0,0,0,0
aten::transpose,,,0.533,1.345,0,0,0,0
aten::as_strided,,,0.812,0.812,0,0,0,0
aten::matmul,,,3.896,8.134,0,23.421,0,23.421
empty_tensor,,,1.856,1.856,0,0,0,0
aclnnMatmul,,,2.382,2.382,23.421,23.421,23.421,23.421
npu::npu_swiglu,,,10.92,14.61,0,15.1605,0,0
empty_tensor,,,1.292,1.292,0,0,0,0
aclnnSwiGlu,,,2.398,2.398,15.1605,15.1605,0,0
vllm::unquantized_gemm,,,3.604,11.966,0,21.861,0,21.861
aten::linear,,,0.715,8.362,0,21.861,0,21.861
aten::t,,,0.678,1.703,0,0,0,0
aten::transpose,,,0.429,1.025,0,0,0,0
aten::as_strided,,,0.596,0.596,0,0,0,0
aten::matmul,,,2.456,5.944,0,21.861,0,21.861
empty_tensor,,,1.163,1.163,0,0,0,0
aclnnMatmul,,,2.325,2.325,21.861,21.861,21.861,21.861
vllm::maybe_chunk_residual,,,4.096,4.096,0,0,0,0
_C_ascend::npu_add_rms_norm_bias,,,8.556,17.858,0,11.6805,0,0
aten::empty,,,0.424,1.731,0,0,0,0
empty_tensor,,,1.307,1.307,0,0,0,0
aten::empty,,,0.253,1.889,0,0,0,0
empty_tensor,,,1.636,1.636,0,0,0,0
aten::empty,,,0.202,1.341,0,0,0,0
empty_tensor,,,1.139,1.139,0,0,0,0
aten::empty,,,0.475,1.768,0,0,0,0
empty_tensor,,,1.293,1.293,0,0,0,0
aclnnAddRmsNormBias,,,2.573,2.573,11.6805,11.6805,0,0
vllm::unquantized_gemm,,,4.438,20.872,0,10.140500000000001,0,9.0005
aten::linear,,,1.175,16.434,0,10.140500000000001,0,9.0005
aten::t,,,0.637,1.695,0,0,0,0
aten::transpose,,,0.372,1.058,0,0,0,0
aten::as_strided,,,0.686,0.686,0,0,0,0
aten::addmm,,,6.662,13.564,0,10.140500000000001,0,9.0005
empty_tensor,,,1.362,1.362,0,0,0,0
aclnnAddmm,,,5.54,5.54,10.140500000000001,10.140500000000001,9.0005,9.0005
aten::split_with_sizes,,,1.354,2.852,0,0,0,0
aten::as_strided,,,0.79,0.79,0,0,0,0
aten::as_strided,,,0.286,0.286,0,0,0,0
aten::as_strided,,,0.422,0.422,0,0,0,0
vllm::npu_rotary_embedding,,,203.749,225.228,0,18.2205,0,0
aten::view,,,1.125,1.125,0,0,0,0
aten::view,,,0.358,0.358,0,0,0,0
aten::contiguous,,,0.908,9.354,0,2.98,0,0
aten::clone,,,1.278,8.446,0,2.98,0,0
empty_tensor,,,1.543,1.543,0,0,0,0
aten::copy_,,,3.246,5.625,0,2.98,0,0
aclnnInplaceCopy,,,2.379,2.379,2.98,2.98,0,0
aten::contiguous,,,0.502,5.27,0,2.86,0,0
aten::clone,,,0.533,4.768,0,2.86,0,0
empty_tensor,,,1.08,1.08,0,0,0,0
aten::copy_,,,2.135,3.155,0,2.86,0,0
aclnnInplaceCopy,,,1.02,1.02,2.86,2.86,0,0
_triton_rope,,,3.44,3.44,12.3805,12.3805,0,0
aten::view,,,1.253,1.253,0,0,0,0
aten::view,,,0.679,0.679,0,0,0,0
aten::empty,,,0.603,2.731,0,0,0,0
empty_tensor,,,2.128,2.128,0,0,0,0
aten::view,,,0.763,0.763,0,0,0,0
aten::view,,,0.482,0.482,0,0,0,0
aten::view,,,0.432,0.432,0,0,0,0
aten::view,,,0.803,0.803,0,0,0,0
vllm::unified_attention_with_output,,,104.004,912.989,0,51.222500000000004,0,0
P12/A/0064/attention,,,343.496,808.985,0,51.222500000000004,0,0
aten::slice,,,1.26,2.94,0,0,0,0
aten::as_strided,,,1.68,1.68,0,0,0,0
aten::slice,,,0.419,0.936,0,0,0,0
aten::as_strided,,,0.517,0.517,0,0,0,0
aten::slice,,,2.351,3.09,0,0,0,0
aten::as_strided,,,0.739,0.739,0,0,0,0
P12/A/0065/cache_write,,,103.22,140.693,0,12.201,0,0
atb::_npu_reshape_and_cache,,,19.246,37.473,0,12.201,0,0
aten::contiguous,,,1.012,15.157,0,2.9005,0,0
aten::clone,,,1.535,14.145,0,2.9005,0,0
empty_tensor,,,3.067,3.067,0,0,0,0
aten::copy_,,,5.661,9.543,0,2.9005,0,0
aclnnInplaceCopy,,,3.882,3.882,2.9005,2.9005,0,0
ReshapeCacheOperation,,,3.07,3.07,9.3005,9.3005,0,0
P12/A/0066/fia,,,199.131,296.397,0,39.0215,0,0
aten::slice,,,0.921,4.297,0,0,0,0
aten::as_strided,,,3.376,3.376,0,0,0,0
aten::slice,,,0.435,0.961,0,0,0,0
aten::as_strided,,,0.526,0.526,0,0,0,0
aten::slice,,,0.385,0.978,0,0,0,0
aten::as_strided,,,0.593,0.593,0,0,0,0
npu::npu_fused_infer_attention_score,,,64.645,74.527,0,38.0015,0,0
empty_tensor,,,2.974,2.974,0,0,0,0
empty_tensor,,,1.198,1.198,0,0,0,0
empty_tensor,,,1.066,1.066,0,0,0,0
empty_tensor,,,1.161,1.161,0,0,0,0
aclnnFusedInferAttentionScoreV3,,,3.483,3.483,38.0015,38.0015,0,0
aten::view,,,1.409,1.409,0,0,0,0
aten::slice,,,0.393,1.499,0,0,0,0
aten::as_strided,,,1.106,1.106,0,0,0,0
aten::copy_,,,12.641,13.595,0,1.02,0,0
aclnnInplaceCopy,,,0.954,0.954,1.02,1.02,0,0
aten::slice,,,0.567,1.402,0,0,0,0
aten::as_strided,,,0.835,0.835,0,0,0,0
aten::copy_,,,10.401,20.031,0,0,0,0
aclnnInplaceCopy,,,9.63,9.63,0,0,0,0
aten::view,,,1.404,1.404,0,0,0,0
vllm::unquantized_gemm,,,7.28,26.182,0,7.5405,0,7.5405
aten::linear,,,1.812,18.902,0,7.5405,0,7.5405
aten::t,,,2.427,4.59,0,0,0,0
aten::transpose,,,1.138,2.163,0,0,0,0
aten::as_strided,,,1.025,1.025,0,0,0,0
aten::matmul,,,6.754,12.5,0,7.5405,0,7.5405
empty_tensor,,,3.174,3.174,0,0,0,0
aclnnMatmul,,,2.572,2.572,7.5405,7.5405,7.5405,7.5405
vllm::maybe_chunk_residual,,,4.998,4.998,0,0,0,0
_C_ascend::npu_add_rms_norm_bias,,,15.07,26.832,0,17.641,0,0
aten::empty,,,1.014,3.257,0,0,0,0
empty_tensor,,,2.243,2.243,0,0,0,0
aten::empty,,,0.218,1.313,0,0,0,0
empty_tensor,,,1.095,1.095,0,0,0,0
aten::empty,,,0.831,1.838,0,0,0,0
empty_tensor,,,1.007,1.007,0,0,0,0
aten::empty,,,0.524,2.457,0,0,0,0
empty_tensor,,,1.933,1.933,0,0,0,0
aclnnAddRmsNormBias,,,2.897,2.897,17.641,17.641,0,0
vllm::unquantized_gemm,,,4.054,15.008,0,23.521,0,23.521
aten::linear,,,0.772,10.954,0,23.521,0,23.521
aten::t,,,0.97,2.485,0,0,0,0
aten::transpose,,,0.529,1.515,0,0,0,0
aten::as_strided,,,0.986,0.986,0,0,0,0
aten::matmul,,,4.029,7.697,0,23.521,0,23.521
empty_tensor,,,1.34,1.34,0,0,0,0
aclnnMatmul,,,2.328,2.328,23.521,23.521,23.521,23.521
npu::npu_swiglu,,,11.171,15.103,0,17.7405,0,0
empty_tensor,,,1.281,1.281,0,0,0,0
aclnnSwiGlu,,,2.651,2.651,17.7405,17.7405,0,0
vllm::unquantized_gemm,,,3.431,10.8,0,21.541,0,21.541
aten::linear,,,0.642,7.369,0,21.541,0,21.541
aten::t,,,0.677,1.648,0,0,0,0
aten::transpose,,,0.322,0.971,0,0,0,0
aten::as_strided,,,0.649,0.649,0,0,0,0
aten::matmul,,,2.576,5.079,0,21.541,0,21.541
empty_tensor,,,1.085,1.085,0,0,0,0
aclnnMatmul,,,1.418,1.418,21.541,21.541,21.541,21.541
vllm::maybe_chunk_residual,,,3.991,3.991,0,0,0,0
_C_ascend::npu_add_rms_norm_bias,,,8.668,17.706,0,13.3205,0,0
aten::empty,,,0.414,1.702,0,0,0,0
empty_tensor,,,1.288,1.288,0,0,0,0
aten::empty,,,0.207,1.41,0,0,0,0
empty_tensor,,,1.203,1.203,0,0,0,0
aten::empty,,,0.416,1.152,0,0,0,0
empty_tensor,,,0.736,0.736,0,0,0,0
aten::empty,,,0.292,2.08,0,0,0,0
empty_tensor,,,1.788,1.788,0,0,0,0
aclnnAddRmsNormBias,,,2.694,2.694,13.3205,13.3205,0,0
vllm::unquantized_gemm,,,4.346,19.332,0,9.8205,0,8.7205
aten::linear,,,1.127,14.986,0,9.8205,0,8.7205
aten::t,,,0.899,1.906,0,0,0,0
aten::transpose,,,0.321,1.007,0,0,0,0
aten::as_strided,,,0.686,0.686,0,0,0,0
aten::addmm,,,5.906,11.953,0,9.8205,0,8.7205
empty_tensor,,,1.254,1.254,0,0,0,0
aclnnAddmm,,,4.793,4.793,9.8205,9.8205,8.7205,8.7205
aten::split_with_sizes,,,1.445,3.068,0,0,0,0
aten::as_strided,,,0.8,0.8,0,0,0,0
aten::as_strided,,,0.289,0.289,0,0,0,0
aten::as_strided,,,0.534,0.534,0,0,0,0
vllm::npu_rotary_embedding,,,205.922,227.328,0,18.441,0,0
aten::view,,,1.382,1.382,0,0,0,0
aten::view,,,0.765,0.765,0,0,0,0
aten::contiguous,,,1.021,9.519,0,2.98,0,0
aten::clone,,,1.296,8.498,0,2.98,0,0
empty_tensor,,,1.522,1.522,0,0,0,0
aten::copy_,,,3.167,5.68,0,2.98,0,0
aclnnInplaceCopy,,,2.513,2.513,2.98,2.98,0,0
aten::contiguous,,,0.436,4.442,0,2.9005,0,0
aten::clone,,,0.658,4.006,0,2.9005,0,0
empty_tensor,,,1.024,1.024,0,0,0,0
aten::copy_,,,1.517,2.324,0,2.9005,0,0
aclnnInplaceCopy,,,0.807,0.807,2.9005,2.9005,0,0
_triton_rope,,,3.435,3.435,12.5605,12.5605,0,0
aten::view,,,1.203,1.203,0,0,0,0
aten::view,,,0.66,0.66,0,0,0,0
aten::empty,,,1.028,2.936,0,0,0,0
empty_tensor,,,1.908,1.908,0,0,0,0
aten::view,,,0.966,0.966,0,0,0,0
aten::view,,,0.64,0.64,0,0,0,0
aten::view,,,0.593,0.593,0,0,0,0
aten::view,,,0.576,0.576,0,0,0,0
vllm::unified_attention_with_output,,,99.724,847.976,0,45.461999999999996,0,0
P12/A/0067/attention,,,298.778,748.252,0,45.461999999999996,0,0
aten::slice,,,0.98,2.13,0,0,0,0
aten::as_strided,,,1.15,1.15,0,0,0,0
aten::slice,,,0.404,1.03,0,0,0,0
aten::as_strided,,,0.626,0.626,0,0,0,0
aten::slice,,,2.65,3.317,0,0,0,0
aten::as_strided,,,0.667,0.667,0,0,0,0
P12/A/0068/cache_write,,,100.193,133.808,0,12.5205,0,0
atb::_npu_reshape_and_cache,,,18.496,33.615,0,12.5205,0,0
aten::contiguous,,,0.841,13.431,0,2.94,0,0
aten::clone,,,1.291,12.59,0,2.94,0,0
empty_tensor,,,3.047,3.047,0,0,0,0
aten::copy_,,,5.147,8.252,0,2.94,0,0
aclnnInplaceCopy,,,3.105,3.105,2.94,2.94,0,0
ReshapeCacheOperation,,,1.688,1.688,9.5805,9.5805,0,0
P12/A/0069/fia,,,193.689,288.068,0,32.9415,0,0
aten::slice,,,0.89,2.22,0,0,0,0
aten::as_strided,,,1.33,1.33,0,0,0,0
aten::slice,,,0.413,0.822,0,0,0,0
aten::as_strided,,,0.409,0.409,0,0,0,0
aten::slice,,,0.498,1.055,0,0,0,0
aten::as_strided,,,0.557,0.557,0,0,0,0
npu::npu_fused_infer_attention_score,,,63.718,74.283,0,31.921499999999998,0,0
empty_tensor,,,3.007,3.007,0,0,0,0
empty_tensor,,,1.034,1.034,0,0,0,0
empty_tensor,,,0.722,0.722,0,0,0,0
empty_tensor,,,0.851,0.851,0,0,0,0
aclnnFusedInferAttentionScoreV3,,,4.951,4.951,31.921499999999998,31.921499999999998,0,0
aten::view,,,1.492,1.492,0,0,0,0
aten::slice,,,0.424,1.329,0,0,0,0
aten::as_strided,,,0.905,0.905,0,0,0,0
aten::copy_,,,12.165,13.178,0,1.02,0,0
aclnnInplaceCopy,,,1.013,1.013,1.02,1.02,0,0
aten::slice,,,0.545,1.445,0,0,0,0
aten::as_strided,,,0.9,0.9,0,0,0,0
aten::copy_,,,9.642,19.676,0,0,0,0
aclnnInplaceCopy,,,10.034,10.034,0,0,0,0
aten::view,,,1.438,1.438,0,0,0,0
vllm::unquantized_gemm,,,7.052,25.77,0,7.56,0,7.56
aten::linear,,,2.035,18.718,0,7.56,0,7.56
aten::t,,,2.455,4.627,0,0,0,0
aten::transpose,,,1.093,2.172,0,0,0,0
aten::as_strided,,,1.079,1.079,0,0,0,0
aten::matmul,,,6.654,12.056,0,7.56,0,7.56
empty_tensor,,,2.962,2.962,0,0,0,0
aclnnMatmul,,,2.44,2.44,7.56,7.56,7.56,7.56
vllm::maybe_chunk_residual,,,5.337,5.337,0,0,0,0
_C_ascend::npu_add_rms_norm_bias,,,14.678,26.418,0,13.8405,0,0
aten::empty,,,0.977,3.065,0,0,0,0
empty_tensor,,,2.088,2.088,0,0,0,0
aten::empty,,,0.204,1.316,0,0,0,0
empty_tensor,,,1.112,1.112,0,0,0,0
aten::empty,,,0.38,1.477,0,0,0,0
empty_tensor,,,1.097,1.097,0,0,0,0
aten::empty,,,0.39,2.885,0,0,0,0
empty_tensor,,,2.495,2.495,0,0,0,0
aclnnAddRmsNormBias,,,2.997,2.997,13.8405,13.8405,0,0
vllm::unquantized_gemm,,,3.915,14.832,0,23.2405,0,23.2405
aten::linear,,,0.927,10.917,0,23.2405,0,23.2405
aten::t,,,0.936,2.342,0,0,0,0
aten::transpose,,,0.508,1.406,0,0,0,0
aten::as_strided,,,0.898,0.898,0,0,0,0
aten::matmul,,,3.614,7.648,0,23.2405,0,23.2405
empty_tensor,,,1.694,1.694,0,0,0,0
aclnnMatmul,,,2.34,2.34,23.2405,23.2405,23.2405,23.2405
npu::npu_swiglu,,,10.827,14.695,0,20.4405,0,0
empty_tensor,,,1.26,1.26,0,0,0,0
aclnnSwiGlu,,,2.608,2.608,20.4405,20.4405,0,0
vllm::unquantized_gemm,,,3.464,12.184,0,21.661,0,21.661
aten::linear,,,0.735,8.72,0,21.661,0,21.661
aten::t,,,0.913,1.91,0,0,0,0
aten::transpose,,,0.392,0.997,0,0,0,0
aten::as_strided,,,0.605,0.605,0,0,0,0
aten::matmul,,,2.678,6.075,0,21.661,0,21.661
empty_tensor,,,1.209,1.209,0,0,0,0
aclnnMatmul,,,2.188,2.188,21.661,21.661,21.661,21.661
vllm::maybe_chunk_residual,,,4.2,4.2,0,0,0,0
_C_ascend::npu_add_rms_norm_bias,,,8.413,17.199,0,11.6205,0,0
aten::empty,,,0.349,1.705,0,0,0,0
empty_tensor,,,1.356,1.356,0,0,0,0
aten::empty,,,0.258,1.055,0,0,0,0
empty_tensor,,,0.797,0.797,0,0,0,0
aten::empty,,,0.372,1.665,0,0,0,0
empty_tensor,,,1.293,1.293,0,0,0,0
aten::empty,,,0.419,1.711,0,0,0,0
empty_tensor,,,1.292,1.292,0,0,0,0
aclnnAddRmsNormBias,,,2.65,2.65,11.6205,11.6205,0,0
vllm::unquantized_gemm,,,4.289,19.488,0,10.2005,0,9.1205
aten::linear,,,1.151,15.199,0,10.2005,0,9.1205
aten::t,,,0.728,2.096,0,0,0,0
aten::transpose,,,0.355,1.368,0,0,0,0
aten::as_strided,,,1.013,1.013,0,0,0,0
aten::addmm,,,6.077,11.952,0,10.2005,0,9.1205
empty_tensor,,,1.02,1.02,0,0,0,0
aclnnAddmm,,,4.855,4.855,10.2005,10.2005,9.1205,9.1205
aten::split_with_sizes,,,1.388,2.783,0,0,0,0
aten::as_strided,,,0.782,0.782,0,0,0,0
aten::as_strided,,,0.271,0.271,0,0,0,0
aten::as_strided,,,0.342,0.342,0,0,0,0
vllm::npu_rotary_embedding,,,206.646,228.924,0,19.221,0,0
aten::view,,,1.795,1.795,0,0,0,0
aten::view,,,0.676,0.676,0,0,0,0
aten::contiguous,,,0.97,9.44,0,3.5005,0,0
aten::clone,,,1.252,8.47,0,3.5005,0,0
empty_tensor,,,1.506,1.506,0,0,0,0
aten::copy_,,,3.31,5.712,0,3.5005,0,0
aclnnInplaceCopy,,,2.402,2.402,3.5005,3.5005,0,0
aten::contiguous,,,0.675,5.26,0,3.06,0,0
aten::clone,,,0.565,4.585,0,3.06,0,0
empty_tensor,,,1.313,1.313,0,0,0,0
aten::copy_,,,1.502,2.707,0,3.06,0,0
aclnnInplaceCopy,,,1.205,1.205,3.06,3.06,0,0
_triton_rope,,,3.166,3.166,12.6605,12.6605,0,0
aten::view,,,1.259,1.259,0,0,0,0
aten::view,,,0.682,0.682,0,0,0,0
aten::empty,,,0.615,2.97,0,0,0,0
empty_tensor,,,2.355,2.355,0,0,0,0
aten::view,,,0.982,0.982,0,0,0,0
aten::view,,,0.524,0.524,0,0,0,0
aten::view,,,0.715,0.715,0,0,0,0
aten::view,,,0.571,0.571,0,0,0,0
vllm::unified_attention_with_output,,,98.663,860.598,0,47.262499999999996,0,0
P12/A/0070/attention,,,308.505,761.935,0,47.262499999999996,0,0
aten::slice,,,1.211,2.457,0,0,0,0
aten::as_strided,,,1.246,1.246,0,0,0,0
aten::slice,,,0.379,0.982,0,0,0,0
aten::as_strided,,,0.603,0.603,0,0,0,0
aten::slice,,,2.264,2.981,0,0,0,0
aten::as_strided,,,0.717,0.717,0,0,0,0
P12/A/0071/cache_write,,,97.775,136.5,0,12.280999999999999,0,0
atb::_npu_reshape_and_cache,,,22.128,38.725,0,12.280999999999999,0,0
aten::contiguous,,,0.854,14.209,0,2.9605,0,0
aten::clone,,,1.797,13.355,0,2.9605,0,0
empty_tensor,,,3.314,3.314,0,0,0,0
aten::copy_,,,5.384,8.244,0,2.9605,0,0
aclnnInplaceCopy,,,2.86,2.86,2.9605,2.9605,0,0
ReshapeCacheOperation,,,2.388,2.388,9.3205,9.3205,0,0
P12/A/0072/fia,,,193.327,287.172,0,34.9815,0,0
aten::slice,,,0.946,2.125,0,0,0,0
aten::as_strided,,,1.179,1.179,0,0,0,0
aten::slice,,,0.32,0.661,0,0,0,0
aten::as_strided,,,0.341,0.341,0,0,0,0
aten::slice,,,0.413,0.911,0,0,0,0
aten::as_strided,,,0.498,0.498,0,0,0,0
npu::npu_fused_infer_attention_score,,,63.881,73.285,0,33.9415,0,0
empty_tensor,,,3.154,3.154,0,0,0,0
empty_tensor,,,1.146,1.146,0,0,0,0
empty_tensor,,,1.063,1.063,0,0,0,0
empty_tensor,,,0.742,0.742,0,0,0,0
aclnnFusedInferAttentionScoreV3,,,3.299,3.299,33.9415,33.9415,0,0
aten::view,,,1.438,1.438,0,0,0,0
aten::slice,,,0.425,1.232,0,0,0,0
aten::as_strided,,,0.807,0.807,0,0,0,0
aten::copy_,,,12.178,14.193,0,1.04,0,0
aclnnInplaceCopy,,,2.015,2.015,1.04,1.04,0,0
aten::slice,,,0.549,1.336,0,0,0,0
aten::as_strided,,,0.787,0.787,0,0,0,0
aten::copy_,,,9.933,22.002,0,0,0,0
aclnnInplaceCopy,,,12.069,12.069,0,0,0,0
aten::view,,,1.367,1.367,0,0,0,0
vllm::unquantized_gemm,,,7.131,26.065,0,7.7405,0,7.7405
aten::linear,,,1.736,18.934,0,7.7405,0,7.7405
aten::t,,,2.289,4.562,0,0,0,0
aten::transpose,,,1.159,2.273,0,0,0,0
aten::as_strided,,,1.114,1.114,0,0,0,0
aten::matmul,,,7.146,12.636,0,7.7405,0,7.7405
empty_tensor,,,3.036,3.036,0,0,0,0
aclnnMatmul,,,2.454,2.454,7.7405,7.7405,7.7405,7.7405
vllm::maybe_chunk_residual,,,5.357,5.357,0,0,0,0
_C_ascend::npu_add_rms_norm_bias,,,14.798,27.224,0,15.4005,0,0
aten::empty,,,1.097,4.33,0,0,0,0
empty_tensor,,,3.233,3.233,0,0,0,0
aten::empty,,,0.263,1.437,0,0,0,0
empty_tensor,,,1.174,1.174,0,0,0,0
aten::empty,,,0.373,1.203,0,0,0,0
empty_tensor,,,0.83,0.83,0,0,0,0
aten::empty,,,0.429,2.318,0,0,0,0
empty_tensor,,,1.889,1.889,0,0,0,0
aclnnAddRmsNormBias,,,3.138,3.138,15.4005,15.4005,0,0
vllm::unquantized_gemm,,,4.306,16.49,0,23.521,0,23.521
aten::linear,,,0.819,12.184,0,23.521,0,23.521
aten::t,,,1.165,2.657,0,0,0,0
aten::transpose,,,0.504,1.492,0,0,0,0
aten::as_strided,,,0.988,0.988,0,0,0,0
aten::matmul,,,4.014,8.708,0,23.521,0,23.521
empty_tensor,,,1.573,1.573,0,0,0,0
aclnnMatmul,,,3.121,3.121,23.521,23.521,23.521,23.521
npu::npu_swiglu,,,11.154,14.86,0,15.0605,0,0
empty_tensor,,,1.285,1.285,0,0,0,0
aclnnSwiGlu,,,2.421,2.421,15.0605,15.0605,0,0
vllm::unquantized_gemm,,,3.552,12.067,0,21.761,0,21.761
aten::linear,,,0.727,8.515,0,21.761,0,21.761
aten::t,,,0.647,1.89,0,0,0,0
aten::transpose,,,0.418,1.243,0,0,0,0
aten::as_strided,,,0.825,0.825,0,0,0,0
aten::matmul,,,2.433,5.898,0,21.761,0,21.761
empty_tensor,,,1.123,1.123,0,0,0,0
aclnnMatmul,,,2.342,2.342,21.761,21.761,21.761,21.761
vllm::maybe_chunk_residual,,,4.224,4.224,0,0,0,0
_C_ascend::npu_add_rms_norm_bias,,,9.507,18.747,0,11.9005,0,0
aten::empty,,,0.341,1.563,0,0,0,0
empty_tensor,,,1.222,1.222,0,0,0,0
aten::empty,,,0.227,1.524,0,0,0,0
empty_tensor,,,1.297,1.297,0,0,0,0
aten::empty,,,0.374,1.408,0,0,0,0
empty_tensor,,,1.034,1.034,0,0,0,0
aten::empty,,,0.436,2.027,0,0,0,0
empty_tensor,,,1.591,1.591,0,0,0,0
aclnnAddRmsNormBias,,,2.718,2.718,11.9005,11.9005,0,0
vllm::unquantized_gemm,,,4.457,20.652,0,9.820500000000001,0,8.5205
aten::linear,,,1.188,16.195,0,9.820500000000001,0,8.5205
aten::t,,,0.585,1.83,0,0,0,0
aten::transpose,,,0.538,1.245,0,0,0,0
aten::as_strided,,,0.707,0.707,0,0,0,0
aten::addmm,,,7.057,13.177,0,9.820500000000001,0,8.5205
empty_tensor,,,1.155,1.155,0,0,0,0
aclnnAddmm,,,4.965,4.965,9.820500000000001,9.820500000000001,8.5205,8.5205
aten::split_with_sizes,,,1.497,3.007,0,0,0,0
aten::as_strided,,,0.742,0.742,0,0,0,0
aten::as_strided,,,0.295,0.295,0,0,0,0
aten::as_strided,,,0.473,0.473,0,0,0,0
vllm::npu_rotary_embedding,,,206.462,226.878,0,19.4205,0,0
aten::view,,,1.351,1.351,0,0,0,0
aten::view,,,0.312,0.312,0,0,0,0
aten::contiguous,,,0.93,9.24,0,2.8,0,0
aten::clone,,,1.488,8.31,0,2.8,0,0
empty_tensor,,,1.272,1.272,0,0,0,0
aten::copy_,,,3.242,5.55,0,2.8,0,0
aclnnInplaceCopy,,,2.308,2.308,2.8,2.8,0,0
aten::contiguous,,,0.356,4.5,0,2.84,0,0
aten::clone,,,0.413,4.144,0,2.84,0,0
empty_tensor,,,1.347,1.347,0,0,0,0
aten::copy_,,,1.644,2.384,0,2.84,0,0
aclnnInplaceCopy,,,0.74,0.74,2.84,2.84,0,0
_triton_rope,,,3.307,3.307,13.7805,13.7805,0,0
aten::view,,,1.138,1.138,0,0,0,0
aten::view,,,0.568,0.568,0,0,0,0
aten::empty,,,0.593,2.525,0,0,0,0
empty_tensor,,,1.932,1.932,0,0,0,0
aten::view,,,0.92,0.92,0,0,0,0
aten::view,,,0.724,0.724,0,0,0,0
aten::view,,,0.442,0.442,0,0,0,0
aten::view,,,0.576,0.576,0,0,0,0
vllm::unified_attention_with_output,,,107.526,890.52,0,46.802,0,0
P12/A/0073/attention,,,321.244,782.994,0,46.802,0,0
aten::slice,,,2.562,3.802,0,0,0,0
aten::as_strided,,,1.24,1.24,0,0,0,0
aten::slice,,,0.513,1.016,0,0,0,0
aten::as_strided,,,0.503,0.503,0,0,0,0
aten::slice,,,2.48,3.23,0,0,0,0
aten::as_strided,,,0.75,0.75,0,0,0,0
P12/A/0074/cache_write,,,106.831,140.189,0,12.5205,0,0
atb::_npu_reshape_and_cache,,,18.159,33.358,0,12.5205,0,0
aten::contiguous,,,0.96,13.688,0,3.26,0,0
aten::clone,,,1.503,12.728,0,3.26,0,0
empty_tensor,,,2.996,2.996,0,0,0,0
aten::copy_,,,5.27,8.229,0,3.26,0,0
aclnnInplaceCopy,,,2.959,2.959,3.26,3.26,0,0
ReshapeCacheOperation,,,1.511,1.511,9.2605,9.2605,0,0
P12/A/0075/fia,,,192.592,287.009,0,34.2815,0,0
aten::slice,,,0.808,1.958,0,0,0,0
aten::as_strided,,,1.15,1.15,0,0,0,0
aten::slice,,,0.368,0.832,0,0,0,0
aten::as_strided,,,0.464,0.464,0,0,0,0
aten::slice,,,0.235,0.92,0,0,0,0
aten::as_strided,,,0.685,0.685,0,0,0,0
npu::npu_fused_infer_attention_score,,,63.956,72.26,0,33.2815,0,0
empty_tensor,,,2.83,2.83,0,0,0,0
empty_tensor,,,0.798,0.798,0,0,0,0
empty_tensor,,,0.692,0.692,0,0,0,0
empty_tensor,,,0.684,0.684,0,0,0,0
aclnnFusedInferAttentionScoreV3,,,3.3,3.3,33.2815,33.2815,0,0
aten::view,,,1.411,1.411,0,0,0,0
aten::slice,,,1.646,2.573,0,0,0,0
aten::as_strided,,,0.927,0.927,0,0,0,0
aten::copy_,,,12.159,14.463,0,1.0,0,0
aclnnInplaceCopy,,,2.304,2.304,1.0,1.0,0,0
aten::slice,,,0.601,1.474,0,0,0,0
aten::as_strided,,,0.873,0.873,0,0,0,0
aten::copy_,,,10.188,25.03,0,0,0,0
aclnnInplaceCopy,,,14.842,14.842,0,0,0,0
aten::view,,,1.514,1.514,0,0,0,0
vllm::unquantized_gemm,,,7.113,26.163,0,7.6605,0,7.6605
aten::linear,,,1.644,19.05,0,7.6605,0,7.6605
aten::t,,,2.356,4.718,0,0,0,0
aten::transpose,,,1.234,2.362,0,0,0,0
aten::as_strided,,,1.128,1.128,0,0,0,0
aten::matmul,,,6.953,12.688,0,7.6605,0,7.6605
empty_tensor,,,3.132,3.132,0,0,0,0
aclnnMatmul,,,2.603,2.603,7.6605,7.6605,7.6605,7.6605
vllm::maybe_chunk_residual,,,5.341,5.341,0,0,0,0
_C_ascend::npu_add_rms_norm_bias,,,15.4,26.687,0,14.0805,0,0
aten::empty,,,0.953,3.022,0,0,0,0
empty_tensor,,,2.069,2.069,0,0,0,0
aten::empty,,,0.222,1.58,0,0,0,0
empty_tensor,,,1.358,1.358,0,0,0,0
aten::empty,,,0.497,1.5,0,0,0,0
empty_tensor,,,1.003,1.003,0,0,0,0
aten::empty,,,0.4,2.255,0,0,0,0
empty_tensor,,,1.855,1.855,0,0,0,0
aclnnAddRmsNormBias,,,2.93,2.93,14.0805,14.0805,0,0
vllm::unquantized_gemm,,,4.179,15.158,0,23.561,0,23.561
aten::linear,,,0.782,10.979,0,23.561,0,23.561
aten::t,,,0.847,2.155,0,0,0,0
aten::transpose,,,0.472,1.308,0,0,0,0
aten::as_strided,,,0.836,0.836,0,0,0,0
aten::matmul,,,3.929,8.042,0,23.561,0,23.561
empty_tensor,,,1.735,1.735,0,0,0,0
aclnnMatmul,,,2.378,2.378,23.561,23.561,23.561,23.561
npu::npu_swiglu,,,12.027,15.454,0,15.3205,0,0
empty_tensor,,,1.14,1.14,0,0,0,0
aclnnSwiGlu,,,2.287,2.287,15.3205,15.3205,0,0
vllm::unquantized_gemm,,,3.402,11.223,0,21.461,0,21.461
aten::linear,,,0.643,7.821,0,21.461,0,21.461
aten::t,,,0.626,1.641,0,0,0,0
aten::transpose,,,0.402,1.015,0,0,0,0
aten::as_strided,,,0.613,0.613,0,0,0,0
aten::matmul,,,2.491,5.537,0,21.461,0,21.461
empty_tensor,,,1.094,1.094,0,0,0,0
aclnnMatmul,,,1.952,1.952,21.461,21.461,21.461,21.461
vllm::maybe_chunk_residual,,,4.293,4.293,0,0,0,0
_C_ascend::npu_add_rms_norm_bias,,,8.552,17.099,0,11.1205,0,0
aten::empty,,,0.365,1.655,0,0,0,0
empty_tensor,,,1.29,1.29,0,0,0,0
aten::empty,,,0.214,1.086,0,0,0,0
empty_tensor,,,0.872,0.872,0,0,0,0
aten::empty,,,0.349,1.433,0,0,0,0
empty_tensor,,,1.084,1.084,0,0,0,0
aten::empty,,,0.306,1.505,0,0,0,0
empty_tensor,,,1.199,1.199,0,0,0,0
aclnnAddRmsNormBias,,,2.868,2.868,11.1205,11.1205,0,0
aten::index,,,7.149,14.008,0,8.88,0,0
empty_tensor,,,0.847,0.847,0,0,0,0
empty_tensor,,,1.042,1.042,0,0,0,0
aclnnIndex,,,4.97,4.97,8.88,8.88,0,0
aten::linear,,,0.75,9.491,0,231.569,0,231.569
aten::t,,,0.824,2.141,0,0,0,0
aten::transpose,,,0.586,1.317,0,0,0,0
aten::as_strided,,,0.731,0.731,0,0,0,0
aten::matmul,,,3.27,6.6,0,231.569,0,231.569
empty_tensor,,,1.024,1.024,0,0,0,0
aclnnMatmul,,,2.306,2.306,231.569,231.569,231.569,231.569
aten::alias,,,1.742,1.742,0,0,0,0
P12/A/0076/sample,,,768.27,1260.852,0,229.7885,0,0
aten::to,,,1.024,16.879,0,8.4405,0,0
aten::_to_copy,,,2.424,15.855,0,8.4405,0,0
aten::empty,,,0.796,5.071,0,0,0,0
empty_tensor,,,4.275,4.275,0,0,0,0
aten::copy_,,,5.367,8.36,0,8.4405,0,0
aclnnInplaceCopy,,,2.993,2.993,8.4405,8.4405,0,0
aten::lift_fresh,,,0.289,0.289,0,0,0,0
aten::to,,,0.797,0.797,0,0,0,0
aten::pin_memory,,,1.602,26.79,0,0,0,0
aten::is_pinned,,,11.639,11.639,0,0,0,0
aten::_pin_memory,,,6.717,13.549,0,0,0,0
aten::set_,,,3.013,3.013,0,0,0,0
aten::copy_,,,3.819,3.819,0,0,0,0
aten::to,,,0.546,5.508,0,0,0,0
aten::_to_copy,,,1.636,4.962,0,0,0,0
aten::empty_strided,,,1.468,2.97,0,0,0,0
empty_tensor,,,1.502,1.502,0,0,0,0
aten::copy_,,,0.356,0.356,0,0,0,0
aten::eq,,,6.444,10.042,0,0,0,0
empty_tensor,,,1.021,1.021,0,0,0,0
aclnnEqScalar,,,2.577,2.577,0,0,0,0
aten::masked_fill_,,,4.085,5.057,0,0,0,0
aclnnInplaceMaskedFillScalar,,,0.972,0.972,0,0,0,0
aten::zeros,,,3.276,10.379,0,8.4,0,0
empty_tensor,,,1.965,1.965,0,0,0,0
aten::zero_,,,4.123,5.138,0,8.4,0,0
aclnnInplaceZero,,,1.015,1.015,8.4,8.4,0,0
token_bin_counts_and_mask_kernel,,,4.045,4.045,67.263,67.263,0,0
aten::gt,,,7.185,11.941,0,30.141000000000002,0,0
empty_tensor,,,1.853,1.853,0,0,0,0
aclnnGtScalar,,,2.903,2.903,30.141000000000002,30.141000000000002,0,0
aten::zeros,,,0.916,13.212,0,2.82,0,0
empty_tensor,,,1.136,1.136,0,0,0,0
aten::zero_,,,1.818,11.16,0,2.82,0,0
aclnnInplaceZero,,,9.342,9.342,2.82,2.82,0,0
aten::gt,,,2.511,4.557,0,13.5005,0,0
empty_tensor,,,1.138,1.138,0,0,0,0
aclnnGtScalar,,,0.908,0.908,13.5005,13.5005,0,0
apply_all_penalties_kernel,,,5.791,5.791,76.063,76.063,0,0
aten::argmax,,,4.614,23.2,0,19.6005,0,0
aten::empty,,,0.532,2.636,0,0,0,0
empty_tensor,,,2.104,2.104,0,0,0,0
aten::argmax,,,10.737,15.95,0,19.6005,0,0
aten::reshape,,,0.735,2.583,0,0,0,0
aten::view,,,1.848,1.848,0,0,0,0
aclnnArgMax,,,2.63,2.63,19.6005,19.6005,0,0
aten::view,,,0.631,0.631,0,0,0,0
aten::to,,,0.438,0.438,0,0,0,0
aten::to,,,0.438,8.228,0,1.42,0,0
aten::_to_copy,,,1.134,7.79,0,1.42,0,0
aten::empty,,,0.542,1.61,0,0,0,0
empty_tensor,,,1.068,1.068,0,0,0,0
aten::copy_,,,3.306,5.046,0,1.42,0,0
aclnnInplaceCopy,,,1.74,1.74,1.42,1.42,0,0
aten::unsqueeze,,,1.932,3.225,0,0,0,0
aten::as_strided,,,1.293,1.293,0,0,0,0
P12/A/0077/to_list,,,149.586,338.641,0,2.14,0,0
aten::slice,,,3.976,5.227,0,0,0,0
aten::as_strided,,,1.251,1.251,0,0,0,0
aten::copy_,,,9.031,11.826,0,2.12,0,0
acl_memcpy_device_to_host,,,2.795,2.795,2.12,2.12,0,0
Event::record,,,121.067,124.184,0,0.02,0,0
record_event,,,3.117,3.117,0.02,0.02,0,0
Event::synchronize,,,47.32,47.32,0,0,0,0
aten::resolve_conj,,,0.311,0.311,0,0,0,0
aten::resolve_neg,,,0.187,0.187,0,0,0,0
aten::slice,,,1.137,2.932,0,0,0,0
aten::as_strided,,,1.795,1.795,0,0,0,0
P12/A/0078/allocate,,,230.02,230.02,0,0,0,0
P12/A/0079/runner,,,8125.855,37412.39,0,2395.3085,0,1386.2925
aten::slice,,,4.916,8.378,0,0,0,0
aten::as_strided,,,3.462,3.462,0,0,0,0
aten::slice,,,0.802,1.97,0,0,0,0
aten::as_strided,,,1.168,1.168,0,0,0,0
aten::copy_,,,15.847,19.878,0,2.74,0,0
acl_memcpy_host_to_device,,,4.031,4.031,2.74,2.74,0,0
aten::lift_fresh,,,0.268,0.268,0,0,0,0
aten::lift_fresh,,,0.193,0.193,0,0,0,0
aten::flatten,,,1.28,3.607,0,0,0,0
aten::view,,,2.327,2.327,0,0,0,0
aten::slice,,,1.028,1.553,0,0,0,0
aten::as_strided,,,0.525,0.525,0,0,0,0
aten::index_select,,,2.939,2.939,0,0,0,0
aten::copy_,,,5.13,14.733,0,2.8,0,0
acl_memcpy_host_to_device,,,9.603,9.603,2.8,2.8,0,0
aten::slice,,,0.743,0.935,0,0,0,0
aten::as_strided,,,0.192,0.192,0,0,0,0
aten::lift_fresh,,,0.212,0.212,0,0,0,0
aten::slice,,,0.667,0.929,0,0,0,0
aten::as_strided,,,0.262,0.262,0,0,0,0
aten::add,,,5.623,5.623,0,0,0,0
aten::slice,,,0.493,0.709,0,0,0,0
aten::as_strided,,,0.216,0.216,0,0,0,0
aten::fill_,,,1.997,1.997,0,0,0,0
aten::slice,,,0.865,2.0,0,0,0,0
aten::as_strided,,,1.135,1.135,0,0,0,0
aten::fill_,,,7.789,10.543,0,1.04,0,0
aclnnInplaceFillScalar,,,2.754,2.754,1.04,1.04,0,0
aten::slice,,,0.758,1.325,0,0,0,0
aten::as_strided,,,0.567,0.567,0,0,0,0
aten::slice,,,0.67,0.865,0,0,0,0
aten::as_strided,,,0.195,0.195,0,0,0,0
aten::copy_,,,2.95,3.973,0,2.7605,0,0
acl_memcpy_host_to_device,,,1.023,1.023,2.7605,2.7605,0,0
aten::slice,,,0.7,0.877,0,0,0,0
aten::as_strided,,,0.177,0.177,0,0,0,0
aten::detach,,,2.079,2.079,0,0,0,0
aten::to,,,0.877,0.877,0,0,0,0
aten::resolve_conj,,,0.324,0.324,0,0,0,0
aten::resolve_neg,,,0.16,0.16,0,0,0,0
aten::slice,,,0.861,1.537,0,0,0,0
aten::as_strided,,,0.676,0.676,0,0,0,0
aten::slice,,,0.681,0.883,0,0,0,0
aten::as_strided,,,0.202,0.202,0,0,0,0
aten::copy_,,,0.319,0.319,0,0,0,0
aten::slice,,,0.709,1.032,0,0,0,0
aten::as_strided,,,0.323,0.323,0,0,0,0
aten::slice,,,0.65,0.879,0,0,0,0
aten::as_strided,,,0.229,0.229,0,0,0,0
aten::copy_,,,2.593,5.053,0,2.74,0,0
acl_memcpy_host_to_device,,,2.46,2.46,2.74,2.74,0,0
aten::fill_,,,2.574,4.266,0,0.92,0,0
aclnnInplaceFillScalar,,,1.692,1.692,0.92,0.92,0,0
aten::slice,,,0.86,1.248,0,0,0,0
aten::as_strided,,,0.388,0.388,0,0,0,0
aten::slice,,,0.665,0.815,0,0,0,0
aten::as_strided,,,0.15,0.15,0,0,0,0
aten::copy_,,,2.174,3.043,0,2.7405,0,0
acl_memcpy_host_to_device,,,0.869,0.869,2.7405,2.7405,0,0
aten::slice,,,0.523,0.913,0,0,0,0
aten::as_strided,,,0.39,0.39,0,0,0,0
aten::slice,,,0.519,1.288,0,0,0,0
aten::as_strided,,,0.769,0.769,0,0,0,0
aten::copy_,,,2.123,3.795,0,2.9,0,0
acl_memcpy_host_to_device,,,1.672,1.672,2.9,2.9,0,0
aten::slice,,,0.753,1.076,0,0,0,0
aten::as_strided,,,0.323,0.323,0,0,0,0
aten::slice,,,0.478,1.098,0,0,0,0
aten::as_strided,,,0.62,0.62,0,0,0,0
aten::slice,,,0.405,0.585,0,0,0,0
aten::as_strided,,,0.18,0.18,0,0,0,0
aten::copy_,,,2.416,8.443,0,2.7405,0,0
acl_memcpy_host_to_device,,,6.027,6.027,2.7405,2.7405,0,0
aten::slice,,,0.728,1.42,0,0,0,0
aten::as_strided,,,0.692,0.692,0,0,0,0
aten::slice,,,0.645,0.883,0,0,0,0
aten::as_strided,,,0.238,0.238,0,0,0,0
aten::copy_,,,1.859,2.647,0,2.8,0,0
acl_memcpy_host_to_device,,,0.788,0.788,2.8,2.8,0,0
aten::slice,,,0.484,0.823,0,0,0,0
aten::as_strided,,,0.339,0.339,0,0,0,0
aten::index,,,7.228,15.818,0,9.8805,0,0
empty_tensor,,,2.848,2.848,0,0,0,0
empty_tensor,,,3.476,3.476,0,0,0,0
aclnnIndex,,,2.266,2.266,9.8805,9.8805,0,0
aten::to,,,0.609,10.468,0,0.86,0,0
aten::_to_copy,,,2.01,9.859,0,0.86,0,0
aten::empty,,,0.79,1.904,0,0,0,0
empty_tensor,,,1.114,1.114,0,0,0,0
aten::copy_,,,3.366,5.945,0,0.86,0,0
aclnnInplaceCopy,,,2.579,2.579,0.86,0.86,0,0
aten::slice,,,0.762,1.31,0,0,0,0
aten::as_strided,,,0.548,0.548,0,0,0,0
aten::add,,,5.296,8.687,0,2.14,0,0
empty_tensor,,,1.089,1.089,0,0,0,0
aclnnAdd,,,2.302,2.302,2.14,2.14,0,0
aten::slice,,,1.17,1.822,0,0,0,0
aten::as_strided,,,0.652,0.652,0,0,0,0
aten::copy_,,,23.138,25.388,0,0.6,0,0
aclnnInplaceCopy,,,2.25,2.25,0.6,0.6,0,0
aten::slice,,,0.763,1.095,0,0,0,0
aten::as_strided,,,0.332,0.332,0,0,0,0
aten::add,,,2.587,4.166,0,1.14,0,0
empty_tensor,,,0.887,0.887,0,0,0,0
aclnnAdd,,,0.692,0.692,1.14,1.14,0,0
aten::copy_,,,5.813,6.911,0,0.58,0,0
aclnnInplaceCopy,,,1.098,1.098,0.58,0.58,0,0
aten::slice,,,0.609,0.965,0,0,0,0
aten::as_strided,,,0.356,0.356,0,0,0,0
aten::fill_,,,2.207,10.812,0,0,0,0
aclnnInplaceFillScalar,,,8.605,8.605,0,0,0,0
aten::slice,,,0.695,1.054,0,0,0,0
aten::as_strided,,,0.359,0.359,0,0,0,0
aten::slice,,,0.663,0.91,0,0,0,0
aten::as_strided,,,0.247,0.247,0,0,0,0
_compute_slot_mapping_kernel,,,3.485,3.485,120.225,120.225,0,0
aten::slice,,,1.023,1.762,0,0,0,0
aten::as_strided,,,0.739,0.739,0,0,0,0
aten::sub,,,6.341,12.367,0,1.26,0,0
empty_tensor,,,2.286,2.286,0,0,0,0
aten::item,,,0.702,1.275,0,0,0,0
aten::_local_scalar_dense,,,0.573,0.573,0,0,0,0
aclnnSubs,,,2.465,2.465,1.26,1.26,0,0
aten::detach,,,1.27,1.27,0,0,0,0
aten::to,,,0.754,0.754,0,0,0,0
aten::resolve_conj,,,0.255,0.255,0,0,0,0
aten::resolve_neg,,,0.105,0.105,0,0,0,0
aten::slice,,,1.667,2.837,0,0,0,0
aten::as_strided,,,1.17,1.17,0,0,0,0
aten::slice,,,0.697,1.294,0,0,0,0
aten::as_strided,,,0.597,0.597,0,0,0,0
aten::slice,,,0.847,3.359,0,0,0,0
aten::as_strided,,,2.512,2.512,0,0,0,0
aten::slice,,,1.183,1.656,0,0,0,0
aten::as_strided,,,0.473,0.473,0,0,0,0
aten::fill_,,,4.294,7.171,0,0,0,0
aclnnInplaceFillScalar,,,2.877,2.877,0,0,0,0
aten::slice,,,0.588,1.153,0,0,0,0
aten::as_strided,,,0.565,0.565,0,0,0,0
aten::fill_,,,1.533,3.59,0,0,0,0
aclnnInplaceFillScalar,,,2.057,2.057,0,0,0,0
aten::slice,,,0.751,1.043,0,0,0,0
aten::as_strided,,,0.292,0.292,0,0,0,0
aten::slice,,,0.524,0.685,0,0,0,0
aten::as_strided,,,0.161,0.161,0,0,0,0
aten::lt,,,5.854,5.854,0,0,0,0
aten::lift_fresh,,,0.275,0.275,0,0,0,0
aten::slice,,,0.58,0.855,0,0,0,0
aten::as_strided,,,0.275,0.275,0,0,0,0
aten::fill_,,,0.871,3.34,0,0,0,0
aten::copy_,,,2.469,2.469,0,0,0,0
aten::slice,,,0.63,1.095,0,0,0,0
aten::as_strided,,,0.465,0.465,0,0,0,0
aten::slice,,,0.492,0.935,0,0,0,0
aten::as_strided,,,0.443,0.443,0,0,0,0
aten::slice,,,0.421,0.571,0,0,0,0
aten::as_strided,,,0.15,0.15,0,0,0,0
aten::slice,,,0.757,1.718,0,0,0,0
aten::as_strided,,,0.961,0.961,0,0,0,0
aten::slice,,,0.57,0.743,0,0,0,0
aten::as_strided,,,0.173,0.173,0,0,0,0
aten::slice,,,0.603,0.911,0,0,0,0
aten::as_strided,,,0.308,0.308,0,0,0,0
aten::slice,,,0.835,1.147,0,0,0,0
aten::as_strided,,,0.312,0.312,0,0,0,0
aten::slice,,,0.511,0.767,0,0,0,0
aten::as_strided,,,0.256,0.256,0,0,0,0
aten::slice,,,0.622,1.125,0,0,0,0
aten::as_strided,,,0.503,0.503,0,0,0,0
aten::pin_memory,,,1.147,9.059,0,0,0,0
aten::is_pinned,,,7.912,7.912,0,0,0,0
aten::to,,,0.792,15.407,0,2.76,0,0
aten::_to_copy,,,2.158,14.615,0,2.76,0,0
aten::empty_strided,,,3.964,5.702,0,0,0,0
empty_tensor,,,1.738,1.738,0,0,0,0
aten::copy_,,,4.362,6.755,0,2.76,0,0
acl_memcpy_host_to_device,,,2.393,2.393,2.76,2.76,0,0
aten::resolve_conj,,,0.276,0.276,0,0,0,0
aten::resolve_neg,,,0.31,0.31,0,0,0,0
aten::slice,,,0.815,1.041,0,0,0,0
aten::as_strided,,,0.226,0.226,0,0,0,0
aten::resolve_conj,,,0.07,0.07,0,0,0,0
aten::resolve_neg,,,0.703,0.703,0,0,0,0
aten::slice,,,0.654,1.174,0,0,0,0
aten::as_strided,,,0.52,0.52,0,0,0,0
aten::slice,,,0.531,0.935,0,0,0,0
aten::as_strided,,,0.404,0.404,0,0,0,0
aten::index_select,,,6.899,11.218,0,2.7,0,0
empty_tensor,,,1.888,1.888,0,0,0,0
aclnnIndexSelect,,,2.431,2.431,2.7,2.7,0,0
aten::view,,,1.531,1.531,0,0,0,0
aten::repeat,,,3.72,15.547,0,1.7,0,0
empty_tensor,,,1.663,1.663,0,0,0,0
aclnnRepeat,,,10.164,10.164,1.7,1.7,0,0
aten::chunk,,,1.88,7.047,0,0,0,0
aten::split,,,1.231,5.167,0,0,0,0
aten::narrow,,,1.814,2.946,0,0,0,0
aten::slice,,,0.327,1.132,0,0,0,0
aten::as_strided,,,0.805,0.805,0,0,0,0
aten::narrow,,,0.325,0.99,0,0,0,0
aten::slice,,,0.222,0.665,0,0,0,0
aten::as_strided,,,0.443,0.443,0,0,0,0
aten::slice,,,0.935,1.897,0,0,0,0
aten::as_strided,,,0.962,0.962,0,0,0,0
aten::view,,,0.644,0.644,0,0,0,0
aten::expand,,,1.162,1.698,0,0,0,0
aten::as_strided,,,0.536,0.536,0,0,0,0
aten::copy_,,,21.471,24.111,0,0.5,0,0
aclnnInplaceCopy,,,2.64,2.64,0.5,0.5,0,0
aten::index_select,,,3.629,7.866,0,2.34,0,0
empty_tensor,,,1.398,1.398,0,0,0,0
aclnnIndexSelect,,,2.839,2.839,2.34,2.34,0,0
aten::view,,,2.333,2.333,0,0,0,0
aten::repeat,,,1.986,4.604,0,1.36,0,0
empty_tensor,,,1.081,1.081,0,0,0,0
aclnnRepeat,,,1.537,1.537,1.36,1.36,0,0
aten::chunk,,,0.542,4.578,0,0,0,0
aten::split,,,0.401,4.036,0,0,0,0
aten::narrow,,,0.42,1.793,0,0,0,0
aten::slice,,,0.633,1.373,0,0,0,0
aten::as_strided,,,0.74,0.74,0,0,0,0
aten::narrow,,,0.432,1.842,0,0,0,0
aten::slice,,,0.768,1.41,0,0,0,0
aten::as_strided,,,0.642,0.642,0,0,0,0
aten::slice,,,1.023,1.45,0,0,0,0
aten::as_strided,,,0.427,0.427,0,0,0,0
aten::view,,,0.351,0.351,0,0,0,0
aten::expand,,,0.393,0.71,0,0,0,0
aten::as_strided,,,0.317,0.317,0,0,0,0
aten::copy_,,,8.172,12.638,0,0.48,0,0
aclnnInplaceCopy,,,4.466,4.466,0.48,0.48,0,0
aten::slice,,,0.732,1.2,0,0,0,0
aten::as_strided,,,0.468,0.468,0,0,0,0
aten::slice,,,0.7,1.22,0,0,0,0
aten::as_strided,,,0.52,0.52,0,0,0,0
aten::to,,,0.737,14.988,0,1.0605,0,0
aten::_to_copy,,,2.057,14.251,0,1.0605,0,0
aten::empty,,,1.08,4.165,0,0,0,0
empty_tensor,,,3.085,3.085,0,0,0,0
aten::copy_,,,4.84,8.029,0,1.0605,0,0
aclnnInplaceCopy,,,3.189,3.189,1.0605,1.0605,0,0
aten::embedding,,,3.968,7.653,0,10.6205,0,0
empty_tensor,,,1.967,1.967,0,0,0,0
aclnnEmbedding,,,1.718,1.718,10.6205,10.6205,0,0
vllm::maybe_pad_and_reduce,,,10.288,10.288,0,0,0,0
npu::npu_rms_norm,,,22.022,28.046,0,5.3,0,0
empty_tensor,,,2.102,2.102,0,0,0,0
empty_tensor,,,1.252,1.252,0,0,0,0
aclnnRmsNorm,,,2.67,2.67,5.3,5.3,0,0
vllm::unquantized_gemm,,,6.357,30.637,0,8.0,0,6.9
aten::linear,,,1.723,24.28,0,8.0,0,6.9
aten::t,,,1.989,5.367,0,0,0,0
aten::transpose,,,1.155,3.378,0,0,0,0
aten::as_strided,,,2.223,2.223,0,0,0,0
aten::addmm,,,7.277,17.19,0,8.0,0,6.9
empty_tensor,,,1.386,1.386,0,0,0,0
aclnnAddmm,,,8.527,8.527,8.0,8.0,6.9,6.9
aten::split_with_sizes,,,1.366,3.014,0,0,0,0
aten::as_strided,,,0.831,0.831,0,0,0,0
aten::as_strided,,,0.32,0.32,0,0,0,0
aten::as_strided,,,0.497,0.497,0,0,0,0
vllm::npu_rotary_embedding,,,202.349,209.38,0,2.98,0,0
aten::view,,,1.158,1.158,0,0,0,0
aten::view,,,0.3,0.3,0,0,0,0
_triton_rope,,,3.631,3.631,2.98,2.98,0,0
aten::view,,,1.314,1.314,0,0,0,0
aten::view,,,0.628,0.628,0,0,0,0
aten::empty,,,0.914,3.42,0,0,0,0
empty_tensor,,,2.506,2.506,0,0,0,0
aten::view,,,0.805,0.805,0,0,0,0
aten::view,,,0.468,0.468,0,0,0,0
aten::view,,,0.465,0.465,0,0,0,0
aten::view,,,0.465,0.465,0,0,0,0
vllm::unified_attention_with_output,,,192.99,908.598,0,24.6805,0,0
P12/A/0080/attention,,,286.239,715.608,0,24.6805,0,0
aten::slice,,,1.495,2.967,0,0,0,0
aten::as_strided,,,1.472,1.472,0,0,0,0
aten::slice,,,0.296,0.647,0,0,0,0
aten::as_strided,,,0.351,0.351,0,0,0,0
aten::slice,,,2.173,2.873,0,0,0,0
aten::as_strided,,,0.7,0.7,0,0,0,0
P12/A/0081/cache_write,,,94.041,114.124,0,1.76,0,0
atb::_npu_reshape_and_cache,,,16.92,20.083,0,1.76,0,0
ReshapeCacheOperation,,,3.163,3.163,1.76,1.76,0,0
P12/A/0082/fia,,,201.432,294.565,0,22.920499999999997,0,0
aten::view,,,3.174,3.174,0,0,0,0
aten::view,,,1.443,1.443,0,0,0,0
aten::slice,,,0.673,1.703,0,0,0,0
aten::as_strided,,,1.03,1.03,0,0,0,0
npu::npu_fused_infer_attention_score,,,51.989,61.862,0,22.3405,0,0
empty_tensor,,,4.53,4.53,0,0,0,0
empty_tensor,,,1.158,1.158,0,0,0,0
empty_tensor,,,0.791,0.791,0,0,0,0
empty_tensor,,,0.816,0.816,0,0,0,0
aclnnFusedInferAttentionScoreV3,,,2.578,2.578,22.3405,22.3405,0,0
aten::view,,,1.092,1.092,0,0,0,0
aten::slice,,,0.445,1.429,0,0,0,0
aten::as_strided,,,0.984,0.984,0,0,0,0
aten::copy_,,,21.25,22.43,0,0.58,0,0
aclnnInplaceCopy,,,1.18,1.18,0.58,0.58,0,0
aten::slice,,,0.486,1.297,0,0,0,0
aten::as_strided,,,0.811,0.811,0,0,0,0
aten::copy_,,,10.51,12.896,0,0,0,0
aclnnInplaceCopy,,,2.386,2.386,0,0,0,0
aten::view,,,1.144,1.144,0,0,0,0
vllm::unquantized_gemm,,,7.073,26.539,0,5.4405,0,5.4405
aten::linear,,,1.662,19.466,0,5.4405,0,5.4405
aten::t,,,2.117,4.564,0,0,0,0
aten::transpose,,,1.211,2.447,0,0,0,0
aten::as_strided,,,1.236,1.236,0,0,0,0
aten::matmul,,,7.122,13.24,0,5.4405,0,5.4405
empty_tensor,,,2.928,2.928,0,0,0,0
aclnnMatmul,,,3.19,3.19,5.4405,5.4405,5.4405,5.4405
vllm::maybe_chunk_residual,,,5.362,5.362,0,0,0,0
_C_ascend::npu_add_rms_norm_bias,,,16.105,34.308,0,2.0,0,0
aten::empty,,,1.024,3.222,0,0,0,0
empty_tensor,,,2.198,2.198,0,0,0,0
aten::empty,,,0.405,1.613,0,0,0,0
empty_tensor,,,1.208,1.208,0,0,0,0
aten::empty,,,0.228,0.974,0,0,0,0
empty_tensor,,,0.746,0.746,0,0,0,0
aten::empty,,,0.391,2.491,0,0,0,0
empty_tensor,,,2.1,2.1,0,0,0,0
aclnnAddRmsNormBias,,,9.903,9.903,2.0,2.0,0,0
vllm::unquantized_gemm,,,4.262,15.384,0,19.221,0,19.221
aten::linear,,,0.867,11.122,0,19.221,0,19.221
aten::t,,,0.795,2.358,0,0,0,0
aten::transpose,,,0.651,1.563,0,0,0,0
aten::as_strided,,,0.912,0.912,0,0,0,0
aten::matmul,,,4.008,7.897,0,19.221,0,19.221
empty_tensor,,,1.213,1.213,0,0,0,0
aclnnMatmul,,,2.676,2.676,19.221,19.221,19.221,19.221
npu::npu_swiglu,,,10.713,14.231,0,4.06,0,0
empty_tensor,,,1.211,1.211,0,0,0,0
aclnnSwiGlu,,,2.307,2.307,4.06,4.06,0,0
vllm::unquantized_gemm,,,3.374,12.099,0,16.6805,0,16.6805
aten::linear,,,0.861,8.725,0,16.6805,0,16.6805
aten::t,,,0.745,1.835,0,0,0,0
aten::transpose,,,0.395,1.09,0,0,0,0
aten::as_strided,,,0.695,0.695,0,0,0,0
aten::matmul,,,2.569,6.029,0,16.6805,0,16.6805
empty_tensor,,,1.012,1.012,0,0,0,0
aclnnMatmul,,,2.448,2.448,16.6805,16.6805,16.6805,16.6805
vllm::maybe_chunk_residual,,,4.229,4.229,0,0,0,0
_C_ascend::npu_add_rms_norm_bias,,,9.184,18.591,0,1.68,0,0
aten::empty,,,0.463,1.577,0,0,0,0
empty_tensor,,,1.114,1.114,0,0,0,0
aten::empty,,,0.828,2.187,0,0,0,0
empty_tensor,,,1.359,1.359,0,0,0,0
aten::empty,,,0.28,1.047,0,0,0,0
empty_tensor,,,0.767,0.767,0,0,0,0
aten::empty,,,0.351,1.985,0,0,0,0
empty_tensor,,,1.634,1.634,0,0,0,0
aclnnAddRmsNormBias,,,2.611,2.611,1.68,1.68,0,0
vllm::unquantized_gemm,,,4.593,19.806,0,8.14,0,6.94
aten::linear,,,1.036,15.213,0,8.14,0,6.94
aten::t,,,0.535,1.665,0,0,0,0
aten::transpose,,,0.419,1.13,0,0,0,0
aten::as_strided,,,0.711,0.711,0,0,0,0
aten::addmm,,,6.22,12.512,0,8.14,0,6.94
empty_tensor,,,1.454,1.454,0,0,0,0
aclnnAddmm,,,4.838,4.838,8.14,8.14,6.94,6.94
aten::split_with_sizes,,,1.376,2.755,0,0,0,0
aten::as_strided,,,0.675,0.675,0,0,0,0
aten::as_strided,,,0.336,0.336,0,0,0,0
aten::as_strided,,,0.368,0.368,0,0,0,0
vllm::npu_rotary_embedding,,,201.668,208.655,0,2.9,0,0
aten::view,,,0.936,0.936,0,0,0,0
aten::view,,,0.551,0.551,0,0,0,0
_triton_rope,,,3.519,3.519,2.9,2.9,0,0
aten::view,,,1.355,1.355,0,0,0,0
aten::view,,,0.626,0.626,0,0,0,0
aten::empty,,,0.62,2.866,0,0,0,0
empty_tensor,,,2.246,2.246,0,0,0,0
aten::view,,,0.725,0.725,0,0,0,0
aten::view,,,0.494,0.494,0,0,0,0
aten::view,,,1.23,1.23,0,0,0,0
aten::view,,,0.661,0.661,0,0,0,0
vllm::unified_attention_with_output,,,105.338,869.573,0,23.821,0,0
P12/A/0083/attention,,,330.246,764.235,0,23.821,0,0
aten::slice,,,1.089,2.342,0,0,0,0
aten::as_strided,,,1.253,1.253,0,0,0,0
aten::slice,,,0.399,0.876,0,0,0,0
aten::as_strided,,,0.477,0.477,0,0,0,0
aten::slice,,,1.967,2.655,0,0,0,0
aten::as_strided,,,0.688,0.688,0,0,0,0
P12/A/0084/cache_write,,,103.74,123.934,0,1.56,0,0
atb::_npu_reshape_and_cache,,,17.223,20.194,0,1.56,0,0
ReshapeCacheOperation,,,2.971,2.971,1.56,1.56,0,0
P12/A/0085/fia,,,197.77,288.465,0,22.261000000000003,0,0
aten::view,,,2.918,2.918,0,0,0,0
aten::view,,,1.011,1.011,0,0,0,0
aten::slice,,,0.613,1.671,0,0,0,0
aten::as_strided,,,1.058,1.058,0,0,0,0
npu::npu_fused_infer_attention_score,,,40.602,57.724,0,21.661,0,0
empty_tensor,,,4.08,4.08,0,0,0,0
empty_tensor,,,1.234,1.234,0,0,0,0
empty_tensor,,,0.72,0.72,0,0,0,0
empty_tensor,,,0.735,0.735,0,0,0,0
aclnnFusedInferAttentionScoreV3,,,10.353,10.353,21.661,21.661,0,0
aten::view,,,0.991,0.991,0,0,0,0
aten::slice,,,1.891,2.76,0,0,0,0
aten::as_strided,,,0.869,0.869,0,0,0,0
aten::copy_,,,21.192,23.62,0,0.6,0,0
aclnnInplaceCopy,,,2.428,2.428,0.6,0.6,0,0
aten::slice,,,0.811,1.765,0,0,0,0
aten::as_strided,,,0.954,0.954,0,0,0,0
aten::copy_,,,11.393,13.952,0,0,0,0
aclnnInplaceCopy,,,2.559,2.559,0,0,0,0
aten::view,,,1.262,1.262,0,0,0,0
vllm::unquantized_gemm,,,6.934,25.221,0,5.6805,0,5.6805
aten::linear,,,1.592,18.287,0,5.6805,0,5.6805
aten::t,,,1.948,4.4,0,0,0,0
aten::transpose,,,1.143,2.452,0,0,0,0
aten::as_strided,,,1.309,1.309,0,0,0,0
aten::matmul,,,6.715,12.295,0,5.6805,0,5.6805
empty_tensor,,,3.156,3.156,0,0,0,0
aclnnMatmul,,,2.424,2.424,5.6805,5.6805,5.6805,5.6805
vllm::maybe_chunk_residual,,,5.225,5.225,0,0,0,0
_C_ascend::npu_add_rms_norm_bias,,,15.226,26.331,0,1.72,0,0
aten::empty,,,0.991,3.031,0,0,0,0
empty_tensor,,,2.04,2.04,0,0,0,0
aten::empty,,,0.464,1.446,0,0,0,0
empty_tensor,,,0.982,0.982,0,0,0,0
aten::empty,,,0.2,1.299,0,0,0,0
empty_tensor,,,1.099,1.099,0,0,0,0
aten::empty,,,0.448,2.245,0,0,0,0
empty_tensor,,,1.797,1.797,0,0,0,0
aclnnAddRmsNormBias,,,3.084,3.084,1.72,1.72,0,0
vllm::unquantized_gemm,,,5.282,16.094,0,19.701,0,19.701
aten::linear,,,0.847,10.812,0,19.701,0,19.701
aten::t,,,0.887,2.041,0,0,0,0
aten::transpose,,,0.377,1.154,0,0,0,0
aten::as_strided,,,0.777,0.777,0,0,0,0
aten::matmul,,,3.655,7.924,0,19.701,0,19.701
empty_tensor,,,1.646,1.646,0,0,0,0
aclnnMatmul,,,2.623,2.623,19.701,19.701,19.701,19.701
npu::npu_swiglu,,,11.617,15.505,0,3.06,0,0
empty_tensor,,,1.488,1.488,0,0,0,0
aclnnSwiGlu,,,2.4,2.4,3.06,3.06,0,0
vllm::unquantized_gemm,,,3.439,14.537,0,16.561,0,16.561
aten::linear,,,0.631,11.098,0,16.561,0,16.561
aten::t,,,0.713,1.855,0,0,0,0
aten::transpose,,,0.522,1.142,0,0,0,0
aten::as_strided,,,0.62,0.62,0,0,0,0
aten::matmul,,,2.456,8.612,0,16.561,0,16.561
empty_tensor,,,1.196,1.196,0,0,0,0
aclnnMatmul,,,4.96,4.96,16.561,16.561,16.561,16.561
vllm::maybe_chunk_residual,,,4.077,4.077,0,0,0,0
_C_ascend::npu_add_rms_norm_bias,,,8.916,17.535,0,1.7,0,0
aten::empty,,,0.377,1.707,0,0,0,0
empty_tensor,,,1.33,1.33,0,0,0,0
aten::empty,,,0.259,1.445,0,0,0,0
empty_tensor,,,1.186,1.186,0,0,0,0
aten::empty,,,0.477,1.193,0,0,0,0
empty_tensor,,,0.716,0.716,0,0,0,0
aten::empty,,,0.317,1.57,0,0,0,0
empty_tensor,,,1.253,1.253,0,0,0,0
aclnnAddRmsNormBias,,,2.704,2.704,1.7,1.7,0,0
vllm::unquantized_gemm,,,4.222,16.812,0,8.3405,0,7.1805
aten::linear,,,1.29,12.59,0,8.3405,0,7.1805
aten::t,,,0.649,1.78,0,0,0,0
aten::transpose,,,0.565,1.131,0,0,0,0
aten::as_strided,,,0.566,0.566,0,0,0,0
aten::addmm,,,6.139,9.52,0,8.3405,0,7.1805
empty_tensor,,,1.078,1.078,0,0,0,0
aclnnAddmm,,,2.303,2.303,8.3405,8.3405,7.1805,7.1805
aten::split_with_sizes,,,1.433,2.821,0,0,0,0
aten::as_strided,,,0.637,0.637,0,0,0,0
aten::as_strided,,,0.329,0.329,0,0,0,0
aten::as_strided,,,0.422,0.422,0,0,0,0
vllm::npu_rotary_embedding,,,202.266,209.306,0,2.8605,0,0
aten::view,,,1.583,1.583,0,0,0,0
aten::view,,,0.344,0.344,0,0,0,0
_triton_rope,,,3.356,3.356,2.8605,2.8605,0,0
aten::view,,,1.112,1.112,0,0,0,0
aten::view,,,0.645,0.645,0,0,0,0
aten::empty,,,0.625,2.93,0,0,0,0
empty_tensor,,,2.305,2.305,0,0,0,0
aten::view,,,0.783,0.783,0,0,0,0
aten::view,,,0.498,0.498,0,0,0,0
aten::view,,,0.461,0.461,0,0,0,0
aten::view,,,0.459,0.459,0,0,0,0
vllm::unified_attention_with_output,,,98.126,825.018,0,23.1005,0,0
P12/A/0086/attention,,,303.435,726.892,0,23.1005,0,0
aten::slice,,,1.308,2.574,0,0,0,0
aten::as_strided,,,1.266,1.266,0,0,0,0
aten::slice,,,0.435,0.709,0,0,0,0
aten::as_strided,,,0.274,0.274,0,0,0,0
aten::slice,,,2.012,2.731,0,0,0,0
aten::as_strided,,,0.719,0.719,0,0,0,0
P12/A/0087/cache_write,,,91.051,110.617,0,1.54,0,0
atb::_npu_reshape_and_cache,,,16.551,19.566,0,1.54,0,0
ReshapeCacheOperation,,,3.015,3.015,1.54,1.54,0,0
P12/A/0088/fia,,,209.312,292.26,0,21.560499999999998,0,0
aten::view,,,2.958,2.958,0,0,0,0
aten::view,,,0.947,0.947,0,0,0,0
aten::slice,,,0.823,1.885,0,0,0,0
aten::as_strided,,,1.062,1.062,0,0,0,0
npu::npu_fused_infer_attention_score,,,39.988,51.272,0,21.0005,0,0
empty_tensor,,,4.072,4.072,0,0,0,0
empty_tensor,,,1.077,1.077,0,0,0,0
empty_tensor,,,0.913,0.913,0,0,0,0
empty_tensor,,,0.706,0.706,0,0,0,0
aclnnFusedInferAttentionScoreV3,,,4.516,4.516,21.0005,21.0005,0,0
aten::view,,,1.062,1.062,0,0,0,0
aten::slice,,,0.561,1.623,0,0,0,0
aten::as_strided,,,1.062,1.062,0,0,0,0
aten::copy_,,,20.965,23.201,0,0.56,0,0
aclnnInplaceCopy,,,2.236,2.236,0.56,0.56,0,0
aten::slice,,,0.526,1.455,0,0,0,0
aten::as_strided,,,0.929,0.929,0,0,0,0
aten::copy_,,,10.628,13.111,0,0,0,0
aclnnInplaceCopy,,,2.483,2.483,0,0,0,0
aten::view,,,1.227,1.227,0,0,0,0
vllm::unquantized_gemm,,,6.951,32.74,0,5.56,0,5.56
aten::linear,,,1.661,25.789,0,5.56,0,5.56
aten::t,,,1.73,3.966,0,0,0,0
aten::transpose,,,1.033,2.236,0,0,0,0
aten::as_strided,,,1.203,1.203,0,0,0,0
aten::matmul,,,6.75,20.162,0,5.56,0,5.56
empty_tensor,,,2.771,2.771,0,0,0,0
aclnnMatmul,,,10.641,10.641,5.56,5.56,5.56,5.56
vllm::maybe_chunk_residual,,,5.103,5.103,0,0,0,0
_C_ascend::npu_add_rms_norm_bias,,,14.366,26.327,0,1.8005,0,0
aten::empty,,,0.947,2.921,0,0,0,0
empty_tensor,,,1.974,1.974,0,0,0,0
aten::empty,,,0.219,1.465,0,0,0,0
empty_tensor,,,1.246,1.246,0,0,0,0
aten::empty,,,0.313,1.455,0,0,0,0
empty_tensor,,,1.142,1.142,0,0,0,0
aten::empty,,,0.468,3.01,0,0,0,0
empty_tensor,,,2.542,2.542,0,0,0,0
aclnnAddRmsNormBias,,,3.11,3.11,1.8005,1.8005,0,0
vllm::unquantized_gemm,,,4.113,15.024,0,19.8205,0,19.8205
aten::linear,,,0.975,10.911,0,19.8205,0,19.8205
aten::t,,,0.914,2.256,0,0,0,0
aten::transpose,,,0.524,1.342,0,0,0,0
aten::as_strided,,,0.818,0.818,0,0,0,0
aten::matmul,,,3.822,7.68,0,19.8205,0,19.8205
empty_tensor,,,1.244,1.244,0,0,0,0
aclnnMatmul,,,2.614,2.614,19.8205,19.8205,19.8205,19.8205
npu::npu_swiglu,,,10.81,14.504,0,3.0805,0,0
empty_tensor,,,1.229,1.229,0,0,0,0
aclnnSwiGlu,,,2.465,2.465,3.0805,3.0805,0,0
vllm::unquantized_gemm,,,3.372,11.692,0,16.4805,0,16.4805
aten::linear,,,0.553,8.32,0,16.4805,0,16.4805
aten::t,,,0.537,1.651,0,0,0,0
aten::transpose,,,0.317,1.114,0,0,0,0
aten::as_strided,,,0.797,0.797,0,0,0,0
aten::matmul,,,2.699,6.116,0,16.4805,0,16.4805
empty_tensor,,,1.234,1.234,0,0,0,0
aclnnMatmul,,,2.183,2.183,16.4805,16.4805,16.4805,16.4805
vllm::maybe_chunk_residual,,,3.979,3.979,0,0,0,0
_C_ascend::npu_add_rms_norm_bias,,,8.849,17.443,0,1.8,0,0
aten::empty,,,0.422,1.524,0,0,0,0
empty_tensor,,,1.102,1.102,0,0,0,0
aten::empty,,,0.198,1.008,0,0,0,0
empty_tensor,,,0.81,0.81,0,0,0,0
aten::empty,,,0.225,1.388,0,0,0,0
empty_tensor,,,1.163,1.163,0,0,0,0
aten::empty,,,0.321,1.945,0,0,0,0
empty_tensor,,,1.624,1.624,0,0,0,0
aclnnAddRmsNormBias,,,2.729,2.729,1.8,1.8,0,0
vllm::unquantized_gemm,,,4.136,17.002,0,8.28,0,7.14
aten::linear,,,1.147,12.866,0,8.28,0,7.14
aten::t,,,0.605,1.965,0,0,0,0
aten::transpose,,,0.37,1.36,0,0,0,0
aten::as_strided,,,0.99,0.99,0,0,0,0
aten::addmm,,,6.188,9.754,0,8.28,0,7.14
empty_tensor,,,1.144,1.144,0,0,0,0
aclnnAddmm,,,2.422,2.422,8.28,8.28,7.14,7.14
aten::split_with_sizes,,,1.405,2.828,0,0,0,0
aten::as_strided,,,0.674,0.674,0,0,0,0
aten::as_strided,,,0.358,0.358,0,0,0,0
aten::as_strided,,,0.391,0.391,0,0,0,0
vllm::npu_rotary_embedding,,,202.168,211.29,0,2.86,0,0
aten::view,,,0.976,0.976,0,0,0,0
aten::view,,,0.307,0.307,0,0,0,0
_triton_rope,,,5.869,5.869,2.86,2.86,0,0
aten::view,,,1.359,1.359,0,0,0,0
aten::view,,,0.611,0.611,0,0,0,0
aten::empty,,,0.569,2.953,0,0,0,0
empty_tensor,,,2.384,2.384,0,0,0,0
aten::view,,,0.739,0.739,0,0,0,0
aten::view,,,0.487,0.487,0,0,0,0
aten::view,,,0.472,0.472,0,0,0,0
aten::view,,,0.428,0.428,0,0,0,0
vllm::unified_attention_with_output,,,96.382,847.038,0,23.3605,0,0
P12/A/0089/attention,,,332.866,750.656,0,23.3605,0,0
aten::slice,,,1.255,2.577,0,0,0,0
aten::as_strided,,,1.322,1.322,0,0,0,0
aten::slice,,,0.41,0.69,0,0,0,0
aten::as_strided,,,0.28,0.28,0,0,0,0
aten::slice,,,2.271,2.941,0,0,0,0
aten::as_strided,,,0.67,0.67,0,0,0,0
P12/A/0090/cache_write,,,100.704,120.271,0,1.5,0,0
atb::_npu_reshape_and_cache,,,16.676,19.567,0,1.5,0,0
ReshapeCacheOperation,,,2.891,2.891,1.5,1.5,0,0
P12/A/0091/fia,,,196.064,276.68,0,21.8605,0,0
aten::view,,,2.874,2.874,0,0,0,0
aten::view,,,0.919,0.919,0,0,0,0
aten::slice,,,0.824,1.874,0,0,0,0
aten::as_strided,,,1.05,1.05,0,0,0,0
npu::npu_fused_infer_attention_score,,,39.564,49.796,0,21.2805,0,0
empty_tensor,,,4.35,4.35,0,0,0,0
empty_tensor,,,1.41,1.41,0,0,0,0
empty_tensor,,,0.762,0.762,0,0,0,0
empty_tensor,,,0.684,0.684,0,0,0,0
aclnnFusedInferAttentionScoreV3,,,3.026,3.026,21.2805,21.2805,0,0
aten::view,,,1.095,1.095,0,0,0,0
aten::slice,,,0.511,1.253,0,0,0,0
aten::as_strided,,,0.742,0.742,0,0,0,0
aten::copy_,,,21.198,22.805,0,0.58,0,0
aclnnInplaceCopy,,,1.607,1.607,0.58,0.58,0,0
aten::slice,,,0.601,1.498,0,0,0,0
aten::as_strided,,,0.897,0.897,0,0,0,0
aten::copy_,,,10.6,13.133,0,0,0,0
aclnnInplaceCopy,,,2.533,2.533,0,0,0,0
aten::view,,,1.177,1.177,0,0,0,0
vllm::unquantized_gemm,,,6.95,25.761,0,5.64,0,5.64
aten::linear,,,1.596,18.811,0,5.64,0,5.64
aten::t,,,1.737,3.942,0,0,0,0
aten::transpose,,,1.052,2.205,0,0,0,0
aten::as_strided,,,1.153,1.153,0,0,0,0
aten::matmul,,,6.956,13.273,0,5.64,0,5.64
empty_tensor,,,2.837,2.837,0,0,0,0
aclnnMatmul,,,3.48,3.48,5.64,5.64,5.64,5.64
vllm::maybe_chunk_residual,,,5.162,5.162,0,0,0,0
_C_ascend::npu_add_rms_norm_bias,,,14.602,26.984,0,1.72,0,0
aten::empty,,,0.883,2.797,0,0,0,0
empty_tensor,,,1.914,1.914,0,0,0,0
aten::empty,,,0.356,1.634,0,0,0,0
empty_tensor,,,1.278,1.278,0,0,0,0
aten::empty,,,0.221,1.327,0,0,0,0
empty_tensor,,,1.106,1.106,0,0,0,0
aten::empty,,,0.385,3.453,0,0,0,0
empty_tensor,,,3.068,3.068,0,0,0,0
aclnnAddRmsNormBias,,,3.171,3.171,1.72,1.72,0,0
vllm::unquantized_gemm,,,4.147,16.338,0,20.161,0,20.161
aten::linear,,,0.817,12.191,0,20.161,0,20.161
aten::t,,,0.928,2.437,0,0,0,0
aten::transpose,,,0.567,1.509,0,0,0,0
aten::as_strided,,,0.942,0.942,0,0,0,0
aten::matmul,,,3.683,8.937,0,20.161,0,20.161
empty_tensor,,,1.261,1.261,0,0,0,0
aclnnMatmul,,,3.993,3.993,20.161,20.161,20.161,20.161
npu::npu_swiglu,,,11.181,24.308,0,3.08,0,0
empty_tensor,,,1.418,1.418,0,0,0,0
aclnnSwiGlu,,,11.709,11.709,3.08,3.08,0,0
vllm::unquantized_gemm,,,3.969,13.412,0,16.5405,0,16.5405
aten::linear,,,0.63,9.443,0,16.5405,0,16.5405
aten::t,,,0.744,2.526,0,0,0,0
aten::transpose,,,0.391,1.782,0,0,0,0
aten::as_strided,,,1.391,1.391,0,0,0,0
aten::matmul,,,2.717,6.287,0,16.5405,0,16.5405
empty_tensor,,,1.242,1.242,0,0,0,0
aclnnMatmul,,,2.328,2.328,16.5405,16.5405,16.5405,16.5405
vllm::maybe_chunk_residual,,,4.144,4.144,0,0,0,0
_C_ascend::npu_add_rms_norm_bias,,,9.795,18.653,0,1.8,0,0
aten::empty,,,0.385,1.568,0,0,0,0
empty_tensor,,,1.183,1.183,0,0,0,0
aten::empty,,,0.251,1.624,0,0,0,0
empty_tensor,,,1.373,1.373,0,0,0,0
aten::empty,,,0.369,1.22,0,0,0,0
empty_tensor,,,0.851,0.851,0,0,0,0
aten::empty,,,0.341,2.032,0,0,0,0
empty_tensor,,,1.691,1.691,0,0,0,0
aclnnAddRmsNormBias,,,2.414,2.414,1.8,1.8,0,0
vllm::unquantized_gemm,,,4.399,17.265,0,7.8999999999999995,0,6.76
aten::linear,,,1.218,12.866,0,7.8999999999999995,0,6.76
aten::t,,,0.641,1.647,0,0,0,0
aten::transpose,,,0.356,1.006,0,0,0,0
aten::as_strided,,,0.65,0.65,0,0,0,0
aten::addmm,,,6.163,10.001,0,7.8999999999999995,0,6.76
empty_tensor,,,1.4,1.4,0,0,0,0
aclnnAddmm,,,2.438,2.438,7.8999999999999995,7.8999999999999995,6.76,6.76
aten::split_with_sizes,,,1.475,2.91,0,0,0,0
aten::as_strided,,,0.625,0.625,0,0,0,0
aten::as_strided,,,0.43,0.43,0,0,0,0
aten::as_strided,,,0.38,0.38,0,0,0,0
vllm::npu_rotary_embedding,,,200.894,207.868,0,2.92,0,0
aten::view,,,1.091,1.091,0,0,0,0
aten::view,,,0.419,0.419,0,0,0,0
_triton_rope,,,3.597,3.597,2.92,2.92,0,0
aten::view,,,1.225,1.225,0,0,0,0
aten::view,,,0.642,0.642,0,0,0,0
aten::empty,,,0.589,2.707,0,0,0,0
empty_tensor,,,2.118,2.118,0,0,0,0
aten::view,,,0.765,0.765,0,0,0,0
aten::view,,,0.452,0.452,0,0,0,0
aten::view,,,0.441,0.441,0,0,0,0
aten::view,,,0.422,0.422,0,0,0,0
vllm::unified_attention_with_output,,,99.797,848.292,0,23.841,0,0
P12/A/0092/attention,,,323.051,748.495,0,23.841,0,0
aten::slice,,,1.235,2.455,0,0,0,0
aten::as_strided,,,1.22,1.22,0,0,0,0
aten::slice,,,0.383,0.713,0,0,0,0
aten::as_strided,,,0.33,0.33,0,0,0,0
aten::slice,,,2.107,2.812,0,0,0,0
aten::as_strided,,,0.705,0.705,0,0,0,0
P12/A/0093/cache_write,,,100.366,119.653,0,1.62,0,0
atb::_npu_reshape_and_cache,,,16.337,19.287,0,1.62,0,0
ReshapeCacheOperation,,,2.95,2.95,1.62,1.62,0,0
P12/A/0094/fia,,,200.17,284.139,0,22.221,0,0
aten::view,,,2.84,2.84,0,0,0,0
aten::view,,,0.904,0.904,0,0,0,0
aten::slice,,,0.805,1.768,0,0,0,0
aten::as_strided,,,0.963,0.963,0,0,0,0
npu::npu_fused_infer_attention_score,,,38.494,47.919,0,21.661,0,0
empty_tensor,,,4.005,4.005,0,0,0,0
empty_tensor,,,1.085,1.085,0,0,0,0
empty_tensor,,,0.717,0.717,0,0,0,0
empty_tensor,,,0.73,0.73,0,0,0,0
aclnnFusedInferAttentionScoreV3,,,2.888,2.888,21.661,21.661,0,0
aten::view,,,1.025,1.025,0,0,0,0
aten::slice,,,0.572,1.289,0,0,0,0
aten::as_strided,,,0.717,0.717,0,0,0,0
aten::copy_,,,22.493,28.224,0,0.56,0,0
aclnnInplaceCopy,,,5.731,5.731,0.56,0.56,0,0
aten::slice,,,0.851,1.773,0,0,0,0
aten::as_strided,,,0.922,0.922,0,0,0,0
aten::copy_,,,11.432,13.899,0,0,0,0
aclnnInplaceCopy,,,2.467,2.467,0,0,0,0
aten::view,,,1.186,1.186,0,0,0,0
vllm::unquantized_gemm,,,6.8,24.967,0,5.3405,0,5.3405
aten::linear,,,1.904,18.167,0,5.3405,0,5.3405
aten::t,,,1.73,4.0,0,0,0,0
aten::transpose,,,1.053,2.27,0,0,0,0
aten::as_strided,,,1.217,1.217,0,0,0,0
aten::matmul,,,6.711,12.263,0,5.3405,0,5.3405
empty_tensor,,,3.084,3.084,0,0,0,0
aclnnMatmul,,,2.468,2.468,5.3405,5.3405,5.3405,5.3405
vllm::maybe_chunk_residual,,,5.136,5.136,0,0,0,0
_C_ascend::npu_add_rms_norm_bias,,,14.514,25.888,0,1.8,0,0
aten::empty,,,0.955,3.19,0,0,0,0
empty_tensor,,,2.235,2.235,0,0,0,0
aten::empty,,,0.555,1.835,0,0,0,0
empty_tensor,,,1.28,1.28,0,0,0,0
aten::empty,,,0.25,1.207,0,0,0,0
empty_tensor,,,0.957,0.957,0,0,0,0
aten::empty,,,0.38,2.301,0,0,0,0
empty_tensor,,,1.921,1.921,0,0,0,0
aclnnAddRmsNormBias,,,2.841,2.841,1.8,1.8,0,0
vllm::unquantized_gemm,,,3.818,14.101,0,19.901,0,19.901
aten::linear,,,0.75,10.283,0,19.901,0,19.901
aten::t,,,0.783,2.228,0,0,0,0
aten::transpose,,,0.552,1.445,0,0,0,0
aten::as_strided,,,0.893,0.893,0,0,0,0
aten::matmul,,,3.56,7.305,0,19.901,0,19.901
empty_tensor,,,1.375,1.375,0,0,0,0
aclnnMatmul,,,2.37,2.37,19.901,19.901,19.901,19.901
npu::npu_swiglu,,,10.384,13.895,0,3.1205,0,0
empty_tensor,,,1.085,1.085,0,0,0,0
aclnnSwiGlu,,,2.426,2.426,3.1205,3.1205,0,0
vllm::unquantized_gemm,,,3.417,14.283,0,16.2405,0,16.2405
aten::linear,,,1.966,10.866,0,16.2405,0,16.2405
aten::t,,,1.7,2.789,0,0,0,0
aten::transpose,,,0.45,1.089,0,0,0,0
aten::as_strided,,,0.639,0.639,0,0,0,0
aten::matmul,,,2.637,6.111,0,16.2405,0,16.2405
empty_tensor,,,1.156,1.156,0,0,0,0
aclnnMatmul,,,2.318,2.318,16.2405,16.2405,16.2405,16.2405
vllm::maybe_chunk_residual,,,4.188,4.188,0,0,0,0
_C_ascend::npu_add_rms_norm_bias,,,8.741,20.184,0,1.76,0,0
aten::empty,,,0.383,1.611,0,0,0,0
empty_tensor,,,1.228,1.228,0,0,0,0
aten::empty,,,0.233,1.223,0,0,0,0
empty_tensor,,,0.99,0.99,0,0,0,0
aten::empty,,,0.369,1.486,0,0,0,0
empty_tensor,,,1.117,1.117,0,0,0,0
aten::empty,,,0.313,1.465,0,0,0,0
empty_tensor,,,1.152,1.152,0,0,0,0
aclnnAddRmsNormBias,,,5.658,5.658,1.76,1.76,0,0
vllm::unquantized_gemm,,,4.228,18.336,0,8.06,0,6.86
aten::linear,,,1.185,14.108,0,8.06,0,6.86
aten::t,,,0.698,1.67,0,0,0,0
aten::transpose,,,0.339,0.972,0,0,0,0
aten::as_strided,,,0.633,0.633,0,0,0,0
aten::addmm,,,6.07,11.253,0,8.06,0,6.86
empty_tensor,,,1.028,1.028,0,0,0,0
aclnnAddmm,,,4.155,4.155,8.06,8.06,6.86,6.86
aten::split_with_sizes,,,1.387,2.66,0,0,0,0
aten::as_strided,,,0.647,0.647,0,0,0,0
aten::as_strided,,,0.4,0.4,0,0,0,0
aten::as_strided,,,0.226,0.226,0,0,0,0
vllm::npu_rotary_embedding,,,200.922,208.365,0,2.98,0,0
aten::view,,,0.949,0.949,0,0,0,0
aten::view,,,0.53,0.53,0,0,0,0
_triton_rope,,,4.009,4.009,2.98,2.98,0,0
aten::view,,,1.286,1.286,0,0,0,0
aten::view,,,0.669,0.669,0,0,0,0
aten::empty,,,0.7,2.854,0,0,0,0
empty_tensor,,,2.154,2.154,0,0,0,0
aten::view,,,0.803,0.803,0,0,0,0
aten::view,,,0.621,0.621,0,0,0,0
aten::view,,,0.595,0.595,0,0,0,0
aten::view,,,0.413,0.413,0,0,0,0
vllm::unified_attention_with_output,,,96.613,812.127,0,22.6005,0,0
P12/A/0095/attention,,,299.035,715.514,0,22.6005,0,0
aten::slice,,,0.961,2.126,0,0,0,0
aten::as_strided,,,1.165,1.165,0,0,0,0
aten::slice,,,0.506,1.117,0,0,0,0
aten::as_strided,,,0.611,0.611,0,0,0,0
aten::slice,,,2.077,2.72,0,0,0,0
aten::as_strided,,,0.643,0.643,0,0,0,0
P12/A/0096/cache_write,,,91.248,111.251,0,1.68,0,0
atb::_npu_reshape_and_cache,,,17.081,20.003,0,1.68,0,0
ReshapeCacheOperation,,,2.922,2.922,1.68,1.68,0,0
P12/A/0097/fia,,,202.598,283.575,0,20.920499999999997,0,0
aten::view,,,2.676,2.676,0,0,0,0
aten::view,,,1.028,1.028,0,0,0,0
aten::slice,,,0.745,1.895,0,0,0,0
aten::as_strided,,,1.15,1.15,0,0,0,0
npu::npu_fused_infer_attention_score,,,38.96,49.52,0,20.3405,0,0
empty_tensor,,,4.499,4.499,0,0,0,0
empty_tensor,,,1.16,1.16,0,0,0,0
empty_tensor,,,0.835,0.835,0,0,0,0
empty_tensor,,,1.022,1.022,0,0,0,0
aclnnFusedInferAttentionScoreV3,,,3.044,3.044,20.3405,20.3405,0,0
aten::view,,,1.001,1.001,0,0,0,0
aten::slice,,,0.526,1.378,0,0,0,0
aten::as_strided,,,0.852,0.852,0,0,0,0
aten::copy_,,,21.051,23.479,0,0.58,0,0
aclnnInplaceCopy,,,2.428,2.428,0.58,0.58,0,0
aten::slice,,,0.609,1.587,0,0,0,0
aten::as_strided,,,0.978,0.978,0,0,0,0
aten::copy_,,,11.245,14.103,0,0,0,0
aclnnInplaceCopy,,,2.858,2.858,0,0,0,0
aten::view,,,1.124,1.124,0,0,0,0
vllm::unquantized_gemm,,,6.75,23.647,0,5.4805,0,5.4805
aten::linear,,,1.612,16.897,0,5.4805,0,5.4805
aten::t,,,1.759,4.018,0,0,0,0
aten::transpose,,,1.114,2.259,0,0,0,0
aten::as_strided,,,1.145,1.145,0,0,0,0
aten::matmul,,,6.649,11.267,0,5.4805,0,5.4805
empty_tensor,,,2.747,2.747,0,0,0,0
aclnnMatmul,,,1.871,1.871,5.4805,5.4805,5.4805,5.4805
vllm::maybe_chunk_residual,,,5.095,5.095,0,0,0,0
_C_ascend::npu_add_rms_norm_bias,,,13.979,28.048,0,1.7,0,0
aten::empty,,,0.878,2.76,0,0,0,0
empty_tensor,,,1.882,1.882,0,0,0,0
aten::empty,,,0.386,1.636,0,0,0,0
empty_tensor,,,1.25,1.25,0,0,0,0
aten::empty,,,0.196,1.099,0,0,0,0
empty_tensor,,,0.903,0.903,0,0,0,0
aten::empty,,,0.494,2.542,0,0,0,0
empty_tensor,,,2.048,2.048,0,0,0,0
aclnnAddRmsNormBias,,,6.032,6.032,1.7,1.7,0,0
vllm::unquantized_gemm,,,3.987,14.927,0,19.321,0,19.321
aten::linear,,,0.868,10.94,0,19.321,0,19.321
aten::t,,,0.77,2.697,0,0,0,0
aten::transpose,,,0.522,1.927,0,0,0,0
aten::as_strided,,,1.405,1.405,0,0,0,0
aten::matmul,,,3.692,7.375,0,19.321,0,19.321
empty_tensor,,,1.156,1.156,0,0,0,0
aclnnMatmul,,,2.527,2.527,19.321,19.321,19.321,19.321
npu::npu_swiglu,,,10.504,14.743,0,3.0,0,0
empty_tensor,,,1.815,1.815,0,0,0,0
aclnnSwiGlu,,,2.424,2.424,3.0,3.0,0,0
vllm::unquantized_gemm,,,3.633,12.461,0,16.4005,0,16.4005
aten::linear,,,0.67,8.828,0,16.4005,0,16.4005
aten::t,,,0.625,1.712,0,0,0,0
aten::transpose,,,0.381,1.087,0,0,0,0
aten::as_strided,,,0.706,0.706,0,0,0,0
aten::matmul,,,2.588,6.446,0,16.4005,0,16.4005
empty_tensor,,,1.368,1.368,0,0,0,0
aclnnMatmul,,,2.49,2.49,16.4005,16.4005,16.4005,16.4005
vllm::maybe_chunk_residual,,,4.169,4.169,0,0,0,0
_C_ascend::npu_add_rms_norm_bias,,,9.197,19.192,0,1.74,0,0
aten::empty,,,0.425,1.438,0,0,0,0
empty_tensor,,,1.013,1.013,0,0,0,0
aten::empty,,,0.195,1.242,0,0,0,0
empty_tensor,,,1.047,1.047,0,0,0,0
aten::empty,,,0.461,1.406,0,0,0,0
empty_tensor,,,0.945,0.945,0,0,0,0
aten::empty,,,0.356,1.684,0,0,0,0
empty_tensor,,,1.328,1.328,0,0,0,0
aclnnAddRmsNormBias,,,4.225,4.225,1.74,1.74,0,0
vllm::unquantized_gemm,,,4.256,17.392,0,8.5,0,7.38
aten::linear,,,1.12,13.136,0,8.5,0,7.38
aten::t,,,0.771,1.698,0,0,0,0
aten::transpose,,,0.39,0.927,0,0,0,0
aten::as_strided,,,0.537,0.537,0,0,0,0
aten::addmm,,,6.599,10.318,0,8.5,0,7.38
empty_tensor,,,1.187,1.187,0,0,0,0
aclnnAddmm,,,2.532,2.532,8.5,8.5,7.38,7.38
aten::split_with_sizes,,,1.454,2.956,0,0,0,0
aten::as_strided,,,0.62,0.62,0,0,0,0
aten::as_strided,,,0.488,0.488,0,0,0,0
aten::as_strided,,,0.394,0.394,0,0,0,0
vllm::npu_rotary_embedding,,,208.429,214.966,0,3.0,0,0
aten::view,,,1.019,1.019,0,0,0,0
aten::view,,,0.481,0.481,0,0,0,0
_triton_rope,,,3.118,3.118,3.0,3.0,0,0
aten::view,,,1.269,1.269,0,0,0,0
aten::view,,,0.65,0.65,0,0,0,0
aten::empty,,,0.993,3.438,0,0,0,0
empty_tensor,,,2.445,2.445,0,0,0,0
aten::view,,,0.697,0.697,0,0,0,0
aten::view,,,0.505,0.505,0,0,0,0
aten::view,,,0.454,0.454,0,0,0,0
aten::view,,,0.39,0.39,0,0,0,0
vllm::unified_attention_with_output,,,94.781,817.327,0,21.521,0,0
P12/A/0098/attention,,,304.799,722.546,0,21.521,0,0
aten::slice,,,1.054,2.203,0,0,0,0
aten::as_strided,,,1.149,1.149,0,0,0,0
aten::slice,,,0.61,1.21,0,0,0,0
aten::as_strided,,,0.6,0.6,0,0,0,0
aten::slice,,,2.085,2.893,0,0,0,0
aten::as_strided,,,0.808,0.808,0,0,0,0
P12/A/0099/cache_write,,,100.76,121.536,0,1.64,0,0
atb::_npu_reshape_and_cache,,,17.103,20.776,0,1.64,0,0
ReshapeCacheOperation,,,3.673,3.673,1.64,1.64,0,0
P12/A/0100/fia,,,188.212,275.044,0,19.881,0,0
aten::view,,,2.836,2.836,0,0,0,0
aten::view,,,1.04,1.04,0,0,0,0
aten::slice,,,0.765,1.808,0,0,0,0
aten::as_strided,,,1.043,1.043,0,0,0,0
npu::npu_fused_infer_attention_score,,,38.154,55.347,0,19.321,0,0
empty_tensor,,,4.025,4.025,0,0,0,0
empty_tensor,,,1.163,1.163,0,0,0,0
empty_tensor,,,1.055,1.055,0,0,0,0
empty_tensor,,,0.718,0.718,0,0,0,0
aclnnFusedInferAttentionScoreV3,,,10.232,10.232,19.321,19.321,0,0
aten::view,,,1.066,1.066,0,0,0,0
aten::slice,,,0.588,1.496,0,0,0,0
aten::as_strided,,,0.908,0.908,0,0,0,0
aten::copy_,,,21.372,23.239,0,0.56,0,0
aclnnInplaceCopy,,,1.867,1.867,0.56,0.56,0,0
aten::slice,,,0.663,1.525,0,0,0,0
aten::as_strided,,,0.862,0.862,0,0,0,0
aten::copy_,,,11.066,13.336,0,0,0,0
aclnnInplaceCopy,,,2.27,2.27,0,0,0,0
aten::view,,,1.21,1.21,0,0,0,0
vllm::unquantized_gemm,,,6.833,25.304,0,5.6605,0,5.6605
aten::linear,,,1.609,18.471,0,5.6605,0,5.6605
aten::t,,,1.986,4.343,0,0,0,0
aten::transpose,,,1.17,2.357,0,0,0,0
aten::as_strided,,,1.187,1.187,0,0,0,0
aten::matmul,,,7.154,12.519,0,5.6605,0,5.6605
empty_tensor,,,2.85,2.85,0,0,0,0
aclnnMatmul,,,2.515,2.515,5.6605,5.6605,5.6605,5.6605
vllm::maybe_chunk_residual,,,5.304,5.304,0,0,0,0
_C_ascend::npu_add_rms_norm_bias,,,14.674,25.919,0,1.76,0,0
aten::empty,,,1.023,3.115,0,0,0,0
empty_tensor,,,2.092,2.092,0,0,0,0
aten::empty,,,0.853,1.883,0,0,0,0
empty_tensor,,,1.03,1.03,0,0,0,0
aten::empty,,,0.213,1.122,0,0,0,0
empty_tensor,,,0.909,0.909,0,0,0,0
aten::empty,,,0.346,2.188,0,0,0,0
empty_tensor,,,1.842,1.842,0,0,0,0
aclnnAddRmsNormBias,,,2.937,2.937,1.76,1.76,0,0
vllm::unquantized_gemm,,,4.052,13.882,0,20.1005,0,20.1005
aten::linear,,,0.836,9.83,0,20.1005,0,20.1005
aten::t,,,0.854,2.443,0,0,0,0
aten::transpose,,,0.456,1.589,0,0,0,0
aten::as_strided,,,1.133,1.133,0,0,0,0
aten::matmul,,,3.7,6.551,0,20.1005,0,20.1005
empty_tensor,,,1.111,1.111,0,0,0,0
aclnnMatmul,,,1.74,1.74,20.1005,20.1005,20.1005,20.1005
npu::npu_swiglu,,,9.791,12.471,0,3.1005,0,0
empty_tensor,,,1.034,1.034,0,0,0,0
aclnnSwiGlu,,,1.646,1.646,3.1005,3.1005,0,0
vllm::unquantized_gemm,,,3.568,13.927,0,16.2405,0,16.2405
aten::linear,,,0.822,10.359,0,16.2405,0,16.2405
aten::t,,,0.795,1.718,0,0,0,0
aten::transpose,,,0.326,0.923,0,0,0,0
aten::as_strided,,,0.597,0.597,0,0,0,0
aten::matmul,,,2.458,7.819,0,16.2405,0,16.2405
empty_tensor,,,1.151,1.151,0,0,0,0
aclnnMatmul,,,4.21,4.21,16.2405,16.2405,16.2405,16.2405
vllm::maybe_chunk_residual,,,4.203,4.203,0,0,0,0
_C_ascend::npu_add_rms_norm_bias,,,9.237,18.506,0,2.06,0,0
aten::empty,,,0.403,1.585,0,0,0,0
empty_tensor,,,1.182,1.182,0,0,0,0
aten::empty,,,0.377,1.537,0,0,0,0
empty_tensor,,,1.16,1.16,0,0,0,0
aten::empty,,,0.425,1.882,0,0,0,0
empty_tensor,,,1.457,1.457,0,0,0,0
aten::empty,,,0.302,1.554,0,0,0,0
empty_tensor,,,1.252,1.252,0,0,0,0
aclnnAddRmsNormBias,,,2.711,2.711,2.06,2.06,0,0
vllm::unquantized_gemm,,,4.433,17.073,0,7.9005,0,6.7605
aten::linear,,,1.113,12.64,0,7.9005,0,6.7605
aten::t,,,0.71,1.789,0,0,0,0
aten::transpose,,,0.459,1.079,0,0,0,0
aten::as_strided,,,0.62,0.62,0,0,0,0
aten::addmm,,,5.993,9.738,0,7.9005,0,6.7605
empty_tensor,,,1.112,1.112,0,0,0,0
aclnnAddmm,,,2.633,2.633,7.9005,7.9005,6.7605,6.7605
aten::split_with_sizes,,,1.43,2.88,0,0,0,0
aten::as_strided,,,0.623,0.623,0,0,0,0
aten::as_strided,,,0.404,0.404,0,0,0,0
aten::as_strided,,,0.423,0.423,0,0,0,0
vllm::npu_rotary_embedding,,,201.541,208.544,0,2.7805,0,0
aten::view,,,0.975,0.975,0,0,0,0
aten::view,,,0.486,0.486,0,0,0,0
_triton_rope,,,3.752,3.752,2.7805,2.7805,0,0
aten::view,,,1.18,1.18,0,0,0,0
aten::view,,,0.61,0.61,0,0,0,0
aten::empty,,,0.625,2.782,0,0,0,0
empty_tensor,,,2.157,2.157,0,0,0,0
aten::view,,,0.719,0.719,0,0,0,0
aten::view,,,0.487,0.487,0,0,0,0
aten::view,,,0.477,0.477,0,0,0,0
aten::view,,,0.591,0.591,0,0,0,0
vllm::unified_attention_with_output,,,96.93,820.719,0,23.821,0,0
P12/A/0101/attention,,,309.462,723.789,0,23.821,0,0
aten::slice,,,1.071,2.453,0,0,0,0
aten::as_strided,,,1.382,1.382,0,0,0,0
aten::slice,,,0.415,0.875,0,0,0,0
aten::as_strided,,,0.46,0.46,0,0,0,0
aten::slice,,,2.028,2.828,0,0,0,0
aten::as_strided,,,0.8,0.8,0,0,0,0
P12/A/0102/cache_write,,,97.36,116.228,0,1.5405,0,0
atb::_npu_reshape_and_cache,,,16.255,18.868,0,1.5405,0,0
ReshapeCacheOperation,,,2.613,2.613,1.5405,1.5405,0,0
P12/A/0103/fia,,,200.699,278.906,0,22.2805,0,0
aten::view,,,2.842,2.842,0,0,0,0
aten::view,,,1.067,1.067,0,0,0,0
aten::slice,,,0.714,1.796,0,0,0,0
aten::as_strided,,,1.082,1.082,0,0,0,0
npu::npu_fused_infer_attention_score,,,37.891,47.576,0,21.7005,0,0
empty_tensor,,,4.13,4.13,0,0,0,0
empty_tensor,,,0.96,0.96,0,0,0,0
empty_tensor,,,0.803,0.803,0,0,0,0
empty_tensor,,,1.149,1.149,0,0,0,0
aclnnFusedInferAttentionScoreV3,,,2.643,2.643,21.7005,21.7005,0,0
aten::view,,,1.107,1.107,0,0,0,0
aten::slice,,,0.481,1.283,0,0,0,0
aten::as_strided,,,0.802,0.802,0,0,0,0
aten::copy_,,,20.936,22.536,0,0.58,0,0
aclnnInplaceCopy,,,1.6,1.6,0.58,0.58,0,0
aten::slice,,,0.743,1.563,0,0,0,0
aten::as_strided,,,0.82,0.82,0,0,0,0
aten::copy_,,,9.806,11.474,0,0,0,0
aclnnInplaceCopy,,,1.668,1.668,0,0,0,0
aten::view,,,1.14,1.14,0,0,0,0
vllm::unquantized_gemm,,,6.54,33.085,0,5.36,0,5.36
aten::linear,,,3.567,26.545,0,5.36,0,5.36
aten::t,,,1.686,3.951,0,0,0,0
aten::transpose,,,1.121,2.265,0,0,0,0
aten::as_strided,,,1.144,1.144,0,0,0,0
aten::matmul,,,6.857,19.027,0,5.36,0,5.36
empty_tensor,,,2.815,2.815,0,0,0,0
aclnnMatmul,,,9.355,9.355,5.36,5.36,5.36,5.36
vllm::maybe_chunk_residual,,,5.351,5.351,0,0,0,0
_C_ascend::npu_add_rms_norm_bias,,,14.856,26.528,0,1.66,0,0
aten::empty,,,0.874,3.065,0,0,0,0
empty_tensor,,,2.191,2.191,0,0,0,0
aten::empty,,,0.385,1.777,0,0,0,0
empty_tensor,,,1.392,1.392,0,0,0,0
aten::empty,,,0.427,1.175,0,0,0,0
empty_tensor,,,0.748,0.748,0,0,0,0
aten::empty,,,0.385,2.915,0,0,0,0
empty_tensor,,,2.53,2.53,0,0,0,0
aclnnAddRmsNormBias,,,2.74,2.74,1.66,1.66,0,0
vllm::unquantized_gemm,,,4.172,16.985,0,19.1005,0,19.1005
aten::linear,,,0.888,12.813,0,19.1005,0,19.1005
aten::t,,,0.853,2.33,0,0,0,0
aten::transpose,,,0.509,1.477,0,0,0,0
aten::as_strided,,,0.968,0.968,0,0,0,0
aten::matmul,,,3.747,9.595,0,19.1005,0,19.1005
empty_tensor,,,1.276,1.276,0,0,0,0
aclnnMatmul,,,4.572,4.572,19.1005,19.1005,19.1005,19.1005
npu::npu_swiglu,,,9.507,12.062,0,4.1,0,0
empty_tensor,,,1.109,1.109,0,0,0,0
aclnnSwiGlu,,,1.446,1.446,4.1,4.1,0,0
vllm::unquantized_gemm,,,3.338,11.681,0,16.2005,0,16.2005
aten::linear,,,0.752,8.343,0,16.2005,0,16.2005
aten::t,,,0.662,2.337,0,0,0,0
aten::transpose,,,1.063,1.675,0,0,0,0
aten::as_strided,,,0.612,0.612,0,0,0,0
aten::matmul,,,2.555,5.254,0,16.2005,0,16.2005
empty_tensor,,,1.278,1.278,0,0,0,0
aclnnMatmul,,,1.421,1.421,16.2005,16.2005,16.2005,16.2005
vllm::maybe_chunk_residual,,,3.988,3.988,0,0,0,0
_C_ascend::npu_add_rms_norm_bias,,,8.827,17.032,0,2.02,0,0
aten::empty,,,0.37,1.575,0,0,0,0
empty_tensor,,,1.205,1.205,0,0,0,0
aten::empty,,,0.276,1.311,0,0,0,0
empty_tensor,,,1.035,1.035,0,0,0,0
aten::empty,,,0.198,1.242,0,0,0,0
empty_tensor,,,1.044,1.044,0,0,0,0
aten::empty,,,0.423,1.705,0,0,0,0
empty_tensor,,,1.282,1.282,0,0,0,0
aclnnAddRmsNormBias,,,2.372,2.372,2.02,2.02,0,0
vllm::unquantized_gemm,,,4.32,17.78,0,8.9205,0,7.4605
aten::linear,,,1.083,13.46,0,8.9205,0,7.4605
aten::t,,,0.543,2.829,0,0,0,0
aten::transpose,,,0.365,2.286,0,0,0,0
aten::as_strided,,,1.921,1.921,0,0,0,0
aten::addmm,,,5.966,9.548,0,8.9205,0,7.4605
empty_tensor,,,1.235,1.235,0,0,0,0
aclnnAddmm,,,2.347,2.347,8.9205,8.9205,7.4605,7.4605
aten::split_with_sizes,,,1.493,2.727,0,0,0,0
aten::as_strided,,,0.618,0.618,0,0,0,0
aten::as_strided,,,0.373,0.373,0,0,0,0
aten::as_strided,,,0.243,0.243,0,0,0,0
vllm::npu_rotary_embedding,,,201.436,210.863,0,3.04,0,0
aten::view,,,1.011,1.011,0,0,0,0
aten::view,,,0.526,0.526,0,0,0,0
_triton_rope,,,5.492,5.492,3.04,3.04,0,0
aten::view,,,1.271,1.271,0,0,0,0
aten::view,,,1.127,1.127,0,0,0,0
aten::empty,,,0.605,2.783,0,0,0,0
empty_tensor,,,2.178,2.178,0,0,0,0
aten::view,,,0.862,0.862,0,0,0,0
aten::view,,,0.711,0.711,0,0,0,0
aten::view,,,0.665,0.665,0,0,0,0
aten::view,,,0.633,0.633,0,0,0,0
vllm::unified_attention_with_output,,,97.512,846.055,0,22.8605,0,0
P12/A/0104/attention,,,318.015,748.543,0,22.8605,0,0
aten::slice,,,1.07,2.304,0,0,0,0
aten::as_strided,,,1.234,1.234,0,0,0,0
aten::slice,,,0.467,0.887,0,0,0,0
aten::as_strided,,,0.42,0.42,0,0,0,0
aten::slice,,,2.042,2.92,0,0,0,0
aten::as_strided,,,0.878,0.878,0,0,0,0
P12/A/0105/cache_write,,,104.019,127.288,0,1.66,0,0
atb::_npu_reshape_and_cache,,,20.331,23.269,0,1.66,0,0
ReshapeCacheOperation,,,2.938,2.938,1.66,1.66,0,0
P12/A/0106/fia,,,202.922,283.313,0,21.200499999999998,0,0
aten::view,,,2.888,2.888,0,0,0,0
aten::view,,,1.153,1.153,0,0,0,0
aten::slice,,,0.752,1.909,0,0,0,0
aten::as_strided,,,1.157,1.157,0,0,0,0
npu::npu_fused_infer_attention_score,,,38.761,48.652,0,20.6205,0,0
empty_tensor,,,3.827,3.827,0,0,0,0
empty_tensor,,,1.689,1.689,0,0,0,0
empty_tensor,,,0.757,0.757,0,0,0,0
empty_tensor,,,0.78,0.78,0,0,0,0
aclnnFusedInferAttentionScoreV3,,,2.838,2.838,20.6205,20.6205,0,0
aten::view,,,1.066,1.066,0,0,0,0
aten::slice,,,0.577,1.387,0,0,0,0
aten::as_strided,,,0.81,0.81,0,0,0,0
aten::copy_,,,21.074,23.336,0,0.58,0,0
aclnnInplaceCopy,,,2.262,2.262,0.58,0.58,0,0
aten::slice,,,0.648,1.528,0,0,0,0
aten::as_strided,,,0.88,0.88,0,0,0,0
aten::copy_,,,10.414,12.288,0,0,0,0
aclnnInplaceCopy,,,1.874,1.874,0,0,0,0
aten::view,,,1.202,1.202,0,0,0,0
vllm::unquantized_gemm,,,7.118,24.982,0,5.7005,0,5.7005
aten::linear,,,1.569,17.864,0,5.7005,0,5.7005
aten::t,,,1.906,4.193,0,0,0,0
aten::transpose,,,1.119,2.287,0,0,0,0
aten::as_strided,,,1.168,1.168,0,0,0,0
aten::matmul,,,6.581,12.102,0,5.7005,0,5.7005
empty_tensor,,,2.837,2.837,0,0,0,0
aclnnMatmul,,,2.684,2.684,5.7005,5.7005,5.7005,5.7005
vllm::maybe_chunk_residual,,,5.379,5.379,0,0,0,0
_C_ascend::npu_add_rms_norm_bias,,,14.181,24.659,0,1.66,0,0
aten::empty,,,0.894,2.82,0,0,0,0
empty_tensor,,,1.926,1.926,0,0,0,0
aten::empty,,,0.371,1.54,0,0,0,0
empty_tensor,,,1.169,1.169,0,0,0,0
aten::empty,,,0.197,1.164,0,0,0,0
empty_tensor,,,0.967,0.967,0,0,0,0
aten::empty,,,0.458,2.467,0,0,0,0
empty_tensor,,,2.009,2.009,0,0,0,0
aclnnAddRmsNormBias,,,2.487,2.487,1.66,1.66,0,0
vllm::unquantized_gemm,,,3.825,13.989,0,19.801,0,19.801
aten::linear,,,0.711,10.164,0,19.801,0,19.801
aten::t,,,0.916,2.186,0,0,0,0
aten::transpose,,,0.46,1.27,0,0,0,0
aten::as_strided,,,0.81,0.81,0,0,0,0
aten::matmul,,,4.449,7.267,0,19.801,0,19.801
empty_tensor,,,1.171,1.171,0,0,0,0
aclnnMatmul,,,1.647,1.647,19.801,19.801,19.801,19.801
npu::npu_swiglu,,,9.639,19.972,0,3.14,0,0
empty_tensor,,,1.38,1.38,0,0,0,0
aclnnSwiGlu,,,8.953,8.953,3.14,3.14,0,0
vllm::unquantized_gemm,,,3.495,11.779,0,16.4405,0,16.4405
aten::linear,,,0.584,8.284,0,16.4405,0,16.4405
aten::t,,,1.272,2.309,0,0,0,0
aten::transpose,,,0.402,1.037,0,0,0,0
aten::as_strided,,,0.635,0.635,0,0,0,0
aten::matmul,,,2.579,5.391,0,16.4405,0,16.4405
empty_tensor,,,1.362,1.362,0,0,0,0
aclnnMatmul,,,1.45,1.45,16.4405,16.4405,16.4405,16.4405
vllm::maybe_chunk_residual,,,4.098,4.098,0,0,0,0
_C_ascend::npu_add_rms_norm_bias,,,7.849,15.753,0,1.68,0,0
aten::empty,,,0.451,1.624,0,0,0,0
empty_tensor,,,1.173,1.173,0,0,0,0
aten::empty,,,0.226,1.393,0,0,0,0
empty_tensor,,,1.167,1.167,0,0,0,0
aten::empty,,,0.426,1.199,0,0,0,0
empty_tensor,,,0.773,0.773,0,0,0,0
aten::empty,,,0.28,1.54,0,0,0,0
empty_tensor,,,1.26,1.26,0,0,0,0
aclnnAddRmsNormBias,,,2.148,2.148,1.68,1.68,0,0
vllm::unquantized_gemm,,,4.52,17.791,0,8.3005,0,7.1605
aten::linear,,,1.052,13.271,0,8.3005,0,7.1605
aten::t,,,0.585,1.591,0,0,0,0
aten::transpose,,,0.456,1.006,0,0,0,0
aten::as_strided,,,0.55,0.55,0,0,0,0
aten::addmm,,,5.81,10.628,0,8.3005,0,7.1605
empty_tensor,,,1.353,1.353,0,0,0,0
aclnnAddmm,,,3.465,3.465,8.3005,8.3005,7.1605,7.1605
aten::split_with_sizes,,,1.433,2.774,0,0,0,0
aten::as_strided,,,0.707,0.707,0,0,0,0
aten::as_strided,,,0.307,0.307,0,0,0,0
aten::as_strided,,,0.327,0.327,0,0,0,0
vllm::npu_rotary_embedding,,,201.709,208.269,0,2.86,0,0
aten::view,,,1.083,1.083,0,0,0,0
aten::view,,,0.485,0.485,0,0,0,0
_triton_rope,,,3.168,3.168,2.86,2.86,0,0
aten::view,,,1.203,1.203,0,0,0,0
aten::view,,,0.621,0.621,0,0,0,0
aten::empty,,,0.607,2.857,0,0,0,0
empty_tensor,,,2.25,2.25,0,0,0,0
aten::view,,,0.952,0.952,0,0,0,0
aten::view,,,0.74,0.74,0,0,0,0
aten::view,,,0.457,0.457,0,0,0,0
aten::view,,,0.41,0.41,0,0,0,0
vllm::unified_attention_with_output,,,96.71,821.226,0,22.541,0,0
P12/A/0107/attention,,,303.181,724.516,0,22.541,0,0
aten::slice,,,1.173,2.358,0,0,0,0
aten::as_strided,,,1.185,1.185,0,0,0,0
aten::slice,,,0.326,0.7,0,0,0,0
aten::as_strided,,,0.374,0.374,0,0,0,0
aten::slice,,,2.159,3.099,0,0,0,0
aten::as_strided,,,0.94,0.94,0,0,0,0
P12/A/0108/cache_write,,,96.429,115.745,0,1.56,0,0
atb::_npu_reshape_and_cache,,,16.284,19.316,0,1.56,0,0
ReshapeCacheOperation,,,3.032,3.032,1.56,1.56,0,0
P12/A/0109/fia,,,196.926,278.855,0,20.980999999999998,0,0
aten::view,,,3.429,3.429,0,0,0,0
aten::view,,,1.082,1.082,0,0,0,0
aten::slice,,,0.884,1.925,0,0,0,0
aten::as_strided,,,1.041,1.041,0,0,0,0
npu::npu_fused_infer_attention_score,,,39.534,49.334,0,20.401,0,0
empty_tensor,,,3.867,3.867,0,0,0,0
empty_tensor,,,1.101,1.101,0,0,0,0
empty_tensor,,,1.052,1.052,0,0,0,0
empty_tensor,,,1.054,1.054,0,0,0,0
aclnnFusedInferAttentionScoreV3,,,2.726,2.726,20.401,20.401,0,0
aten::view,,,0.995,0.995,0,0,0,0
aten::slice,,,0.611,1.526,0,0,0,0
aten::as_strided,,,0.915,0.915,0,0,0,0
aten::copy_,,,21.305,23.638,0,0.58,0,0
aclnnInplaceCopy,,,2.333,2.333,0.58,0.58,0,0
aten::slice,,,0.553,1.405,0,0,0,0
aten::as_strided,,,0.852,0.852,0,0,0,0
aten::copy_,,,10.078,19.173,0,0,0,0
aclnnInplaceCopy,,,9.095,9.095,0,0,0,0
aten::view,,,1.194,1.194,0,0,0,0
vllm::unquantized_gemm,,,6.881,24.852,0,5.36,0,5.36
aten::linear,,,1.581,17.971,0,5.36,0,5.36
aten::t,,,1.779,4.192,0,0,0,0
aten::transpose,,,1.177,2.413,0,0,0,0
aten::as_strided,,,1.236,1.236,0,0,0,0
aten::matmul,,,6.852,12.198,0,5.36,0,5.36
empty_tensor,,,2.787,2.787,0,0,0,0
aclnnMatmul,,,2.559,2.559,5.36,5.36,5.36,5.36
vllm::maybe_chunk_residual,,,5.035,5.035,0,0,0,0
_C_ascend::npu_add_rms_norm_bias,,,14.401,25.821,0,1.8,0,0
aten::empty,,,0.894,2.947,0,0,0,0
empty_tensor,,,2.053,2.053,0,0,0,0
aten::empty,,,0.237,2.086,0,0,0,0
empty_tensor,,,1.849,1.849,0,0,0,0
aten::empty,,,0.389,1.078,0,0,0,0
empty_tensor,,,0.689,0.689,0,0,0,0
aten::empty,,,0.378,2.256,0,0,0,0
empty_tensor,,,1.878,1.878,0,0,0,0
aclnnAddRmsNormBias,,,3.053,3.053,1.8,1.8,0,0
vllm::unquantized_gemm,,,3.732,13.616,0,19.1405,0,19.1405
aten::linear,,,0.872,9.884,0,19.1405,0,19.1405
aten::t,,,0.775,2.132,0,0,0,0
aten::transpose,,,0.5,1.357,0,0,0,0
aten::as_strided,,,0.857,0.857,0,0,0,0
aten::matmul,,,3.9,6.88,0,19.1405,0,19.1405
empty_tensor,,,1.398,1.398,0,0,0,0
aclnnMatmul,,,1.582,1.582,19.1405,19.1405,19.1405,19.1405
npu::npu_swiglu,,,10.729,14.243,0,3.12,0,0
empty_tensor,,,1.194,1.194,0,0,0,0
aclnnSwiGlu,,,2.32,2.32,3.12,3.12,0,0
vllm::unquantized_gemm,,,3.246,10.218,0,16.2405,0,16.2405
aten::linear,,,0.645,6.972,0,16.2405,0,16.2405
aten::t,,,0.515,1.627,0,0,0,0
aten::transpose,,,0.496,1.112,0,0,0,0
aten::as_strided,,,0.616,0.616,0,0,0,0
aten::matmul,,,2.301,4.7,0,16.2405,0,16.2405
empty_tensor,,,0.959,0.959,0,0,0,0
aclnnMatmul,,,1.44,1.44,16.2405,16.2405,16.2405,16.2405
vllm::maybe_chunk_residual,,,4.05,4.05,0,0,0,0
_C_ascend::npu_add_rms_norm_bias,,,8.021,19.355,0,1.84,0,0
aten::empty,,,0.374,1.523,0,0,0,0
empty_tensor,,,1.149,1.149,0,0,0,0
aten::empty,,,0.218,1.463,0,0,0,0
empty_tensor,,,1.245,1.245,0,0,0,0
aten::empty,,,0.447,1.089,0,0,0,0
empty_tensor,,,0.642,0.642,0,0,0,0
aten::empty,,,0.711,2.002,0,0,0,0
empty_tensor,,,1.291,1.291,0,0,0,0
aclnnAddRmsNormBias,,,5.257,5.257,1.84,1.84,0,0
vllm::unquantized_gemm,,,4.459,16.426,0,8.2,0,7.0
aten::linear,,,1.296,11.967,0,8.2,0,7.0
aten::t,,,0.587,1.599,0,0,0,0
aten::transpose,,,0.411,1.012,0,0,0,0
aten::as_strided,,,0.601,0.601,0,0,0,0
aten::addmm,,,6.413,9.072,0,8.2,0,7.0
empty_tensor,,,1.231,1.231,0,0,0,0
aclnnAddmm,,,1.428,1.428,8.2,8.2,7.0,7.0
aten::split_with_sizes,,,1.747,3.952,0,0,0,0
aten::as_strided,,,0.642,0.642,0,0,0,0
aten::as_strided,,,0.251,0.251,0,0,0,0
aten::as_strided,,,1.312,1.312,0,0,0,0
vllm::npu_rotary_embedding,,,199.654,205.643,0,2.8,0,0
aten::view,,,0.966,0.966,0,0,0,0
aten::view,,,0.357,0.357,0,0,0,0
_triton_rope,,,2.765,2.765,2.8,2.8,0,0
aten::view,,,1.257,1.257,0,0,0,0
aten::view,,,0.644,0.644,0,0,0,0
aten::empty,,,0.553,2.895,0,0,0,0
empty_tensor,,,2.342,2.342,0,0,0,0
aten::view,,,0.805,0.805,0,0,0,0
aten::view,,,0.73,0.73,0,0,0,0
aten::view,,,0.703,0.703,0,0,0,0
aten::view,,,0.417,0.417,0,0,0,0
vllm::unified_attention_with_output,,,100.272,841.871,0,20.581,0,0
P12/A/0110/attention,,,319.238,741.599,0,20.581,0,0
aten::slice,,,0.979,4.654,0,0,0,0
aten::as_strided,,,3.675,3.675,0,0,0,0
aten::slice,,,0.44,0.924,0,0,0,0
aten::as_strided,,,0.484,0.484,0,0,0,0
aten::slice,,,2.215,3.128,0,0,0,0
aten::as_strided,,,0.913,0.913,0,0,0,0
P12/A/0111/cache_write,,,97.747,117.42,0,1.58,0,0
atb::_npu_reshape_and_cache,,,16.776,19.673,0,1.58,0,0
ReshapeCacheOperation,,,2.897,2.897,1.58,1.58,0,0
P12/A/0112/fia,,,199.148,281.51,0,19.000999999999998,0,0
aten::view,,,2.734,2.734,0,0,0,0
aten::view,,,1.14,1.14,0,0,0,0
aten::slice,,,0.816,1.861,0,0,0,0
aten::as_strided,,,1.045,1.045,0,0,0,0
npu::npu_fused_infer_attention_score,,,39.233,50.685,0,18.421,0,0
empty_tensor,,,3.991,3.991,0,0,0,0
empty_tensor,,,0.935,0.935,0,0,0,0
empty_tensor,,,0.941,0.941,0,0,0,0
empty_tensor,,,1.054,1.054,0,0,0,0
aclnnFusedInferAttentionScoreV3,,,4.531,4.531,18.421,18.421,0,0
aten::view,,,1.034,1.034,0,0,0,0
aten::slice,,,0.559,1.452,0,0,0,0
aten::as_strided,,,0.893,0.893,0,0,0,0
aten::copy_,,,20.678,23.456,0,0.58,0,0
aclnnInplaceCopy,,,2.778,2.778,0.58,0.58,0,0
aten::slice,,,0.52,1.348,0,0,0,0
aten::as_strided,,,0.828,0.828,0,0,0,0
aten::copy_,,,10.913,13.377,0,0,0,0
aclnnInplaceCopy,,,2.464,2.464,0,0,0,0
aten::view,,,1.153,1.153,0,0,0,0
vllm::unquantized_gemm,,,6.982,25.678,0,5.42,0,5.42
aten::linear,,,1.703,18.696,0,5.42,0,5.42
aten::t,,,1.69,4.757,0,0,0,0
aten::transpose,,,1.857,3.067,0,0,0,0
aten::as_strided,,,1.21,1.21,0,0,0,0
aten::matmul,,,6.794,12.236,0,5.42,0,5.42
empty_tensor,,,2.864,2.864,0,0,0,0
aclnnMatmul,,,2.578,2.578,5.42,5.42,5.42,5.42
vllm::maybe_chunk_residual,,,5.224,5.224,0,0,0,0
_C_ascend::npu_add_rms_norm_bias,,,14.845,30.113,0,1.74,0,0
aten::empty,,,0.884,2.914,0,0,0,0
empty_tensor,,,2.03,2.03,0,0,0,0
aten::empty,,,0.22,1.474,0,0,0,0
empty_tensor,,,1.254,1.254,0,0,0,0
aten::empty,,,0.491,1.738,0,0,0,0
empty_tensor,,,1.247,1.247,0,0,0,0
aten::empty,,,0.389,2.556,0,0,0,0
empty_tensor,,,2.167,2.167,0,0,0,0
aclnnAddRmsNormBias,,,6.586,6.586,1.74,1.74,0,0
vllm::unquantized_gemm,,,4.168,14.193,0,19.241,0,19.241
aten::linear,,,0.956,10.025,0,19.241,0,19.241
aten::t,,,0.779,2.324,0,0,0,0
aten::transpose,,,0.531,1.545,0,0,0,0
aten::as_strided,,,1.014,1.014,0,0,0,0
aten::matmul,,,3.721,6.745,0,19.241,0,19.241
empty_tensor,,,1.376,1.376,0,0,0,0
aclnnMatmul,,,1.648,1.648,19.241,19.241,19.241,19.241
npu::npu_swiglu,,,10.652,13.289,0,3.14,0,0
empty_tensor,,,1.154,1.154,0,0,0,0
aclnnSwiGlu,,,1.483,1.483,3.14,3.14,0,0
vllm::unquantized_gemm,,,3.471,12.087,0,16.5605,0,16.5605
aten::linear,,,0.669,8.616,0,16.5605,0,16.5605
aten::t,,,1.187,2.247,0,0,0,0
aten::transpose,,,0.39,1.06,0,0,0,0
aten::as_strided,,,0.67,0.67,0,0,0,0
aten::matmul,,,2.464,5.7,0,16.5605,0,16.5605
empty_tensor,,,1.012,1.012,0,0,0,0
aclnnMatmul,,,2.224,2.224,16.5605,16.5605,16.5605,16.5605
vllm::maybe_chunk_residual,,,4.173,4.173,0,0,0,0
_C_ascend::npu_add_rms_norm_bias,,,8.705,17.269,0,1.7605,0,0
aten::empty,,,0.386,1.625,0,0,0,0
empty_tensor,,,1.239,1.239,0,0,0,0
aten::empty,,,0.253,1.306,0,0,0,0
empty_tensor,,,1.053,1.053,0,0,0,0
aten::empty,,,0.365,1.308,0,0,0,0
empty_tensor,,,0.943,0.943,0,0,0,0
aten::empty,,,0.509,1.752,0,0,0,0
empty_tensor,,,1.243,1.243,0,0,0,0
aclnnAddRmsNormBias,,,2.573,2.573,1.7605,1.7605,0,0
vllm::unquantized_gemm,,,4.412,16.323,0,8.56,0,7.42
aten::linear,,,1.203,11.911,0,8.56,0,7.42
aten::t,,,0.549,1.753,0,0,0,0
aten::transpose,,,0.429,1.204,0,0,0,0
aten::as_strided,,,0.775,0.775,0,0,0,0
aten::addmm,,,6.168,8.955,0,8.56,0,7.42
empty_tensor,,,1.018,1.018,0,0,0,0
aclnnAddmm,,,1.769,1.769,8.56,8.56,7.42,7.42
aten::split_with_sizes,,,1.363,2.959,0,0,0,0
aten::as_strided,,,0.65,0.65,0,0,0,0
aten::as_strided,,,0.46,0.46,0,0,0,0
aten::as_strided,,,0.486,0.486,0,0,0,0
vllm::npu_rotary_embedding,,,199.959,206.374,0,2.96,0,0
aten::view,,,1.001,1.001,0,0,0,0
aten::view,,,0.509,0.509,0,0,0,0
_triton_rope,,,2.995,2.995,2.96,2.96,0,0
aten::view,,,1.191,1.191,0,0,0,0
aten::view,,,0.719,0.719,0,0,0,0
aten::empty,,,0.653,3.441,0,0,0,0
empty_tensor,,,2.788,2.788,0,0,0,0
aten::view,,,0.881,0.881,0,0,0,0
aten::view,,,0.58,0.58,0,0,0,0
aten::view,,,0.595,0.595,0,0,0,0
aten::view,,,0.802,0.802,0,0,0,0
vllm::unified_attention_with_output,,,96.843,824.273,0,21.5605,0,0
P12/A/0113/attention,,,301.009,727.43,0,21.5605,0,0
aten::slice,,,0.959,2.195,0,0,0,0
aten::as_strided,,,1.236,1.236,0,0,0,0
aten::slice,,,0.374,0.634,0,0,0,0
aten::as_strided,,,0.26,0.26,0,0,0,0
aten::slice,,,2.13,2.765,0,0,0,0
aten::as_strided,,,0.635,0.635,0,0,0,0
P12/A/0114/cache_write,,,96.411,116.01,0,1.58,0,0
atb::_npu_reshape_and_cache,,,16.489,19.599,0,1.58,0,0
ReshapeCacheOperation,,,3.11,3.11,1.58,1.58,0,0
P12/A/0115/fia,,,201.388,290.523,0,19.9805,0,0
aten::view,,,2.747,2.747,0,0,0,0
aten::view,,,0.964,0.964,0,0,0,0
aten::slice,,,0.74,1.883,0,0,0,0
aten::as_strided,,,1.143,1.143,0,0,0,0
npu::npu_fused_infer_attention_score,,,40.357,57.355,0,19.4005,0,0
empty_tensor,,,4.191,4.191,0,0,0,0
empty_tensor,,,1.087,1.087,0,0,0,0
empty_tensor,,,0.766,0.766,0,0,0,0
empty_tensor,,,1.407,1.407,0,0,0,0
aclnnFusedInferAttentionScoreV3,,,9.547,9.547,19.4005,19.4005,0,0
aten::view,,,1.101,1.101,0,0,0,0
aten::slice,,,0.672,1.525,0,0,0,0
aten::as_strided,,,0.853,0.853,0,0,0,0
aten::copy_,,,21.268,23.56,0,0.58,0,0
aclnnInplaceCopy,,,2.292,2.292,0.58,0.58,0,0
aten::slice,,,0.527,1.381,0,0,0,0
aten::as_strided,,,0.854,0.854,0,0,0,0
aten::copy_,,,10.518,12.913,0,0,0,0
aclnnInplaceCopy,,,2.395,2.395,0,0,0,0
aten::view,,,1.15,1.15,0,0,0,0
vllm::unquantized_gemm,,,7.005,24.83,0,5.48,0,5.48
aten::linear,,,1.583,17.825,0,5.48,0,5.48
aten::t,,,1.826,4.016,0,0,0,0
aten::transpose,,,1.055,2.19,0,0,0,0
aten::as_strided,,,1.135,1.135,0,0,0,0
aten::matmul,,,6.933,12.226,0,5.48,0,5.48
empty_tensor,,,3.043,3.043,0,0,0,0
aclnnMatmul,,,2.25,2.25,5.48,5.48,5.48,5.48
vllm::maybe_chunk_residual,,,4.973,4.973,0,0,0,0
_C_ascend::npu_add_rms_norm_bias,,,14.838,26.167,0,1.8,0,0
aten::empty,,,0.946,3.043,0,0,0,0
empty_tensor,,,2.097,2.097,0,0,0,0
aten::empty,,,0.442,1.668,0,0,0,0
empty_tensor,,,1.226,1.226,0,0,0,0
aten::empty,,,0.425,1.374,0,0,0,0
empty_tensor,,,0.949,0.949,0,0,0,0
aten::empty,,,0.585,2.402,0,0,0,0
empty_tensor,,,1.817,1.817,0,0,0,0
aclnnAddRmsNormBias,,,2.842,2.842,1.8,1.8,0,0
vllm::unquantized_gemm,,,4.118,15.453,0,19.521,0,19.521
aten::linear,,,0.747,11.335,0,19.521,0,19.521
aten::t,,,0.732,2.193,0,0,0,0
aten::transpose,,,0.517,1.461,0,0,0,0
aten::as_strided,,,0.944,0.944,0,0,0,0
aten::matmul,,,3.77,8.395,0,19.521,0,19.521
empty_tensor,,,1.848,1.848,0,0,0,0
aclnnMatmul,,,2.777,2.777,19.521,19.521,19.521,19.521
npu::npu_swiglu,,,10.345,13.781,0,3.12,0,0
empty_tensor,,,1.074,1.074,0,0,0,0
aclnnSwiGlu,,,2.362,2.362,3.12,3.12,0,0
vllm::unquantized_gemm,,,3.498,10.829,0,16.7805,0,16.7805
aten::linear,,,0.59,7.331,0,16.7805,0,16.7805
aten::t,,,0.704,1.95,0,0,0,0
aten::transpose,,,0.471,1.246,0,0,0,0
aten::as_strided,,,0.775,0.775,0,0,0,0
aten::matmul,,,2.363,4.791,0,16.7805,0,16.7805
empty_tensor,,,1.124,1.124,0,0,0,0
aclnnMatmul,,,1.304,1.304,16.7805,16.7805,16.7805,16.7805
vllm::maybe_chunk_residual,,,3.942,3.942,0,0,0,0
_C_ascend::npu_add_rms_norm_bias,,,7.589,21.553,0,1.72,0,0
aten::empty,,,0.37,1.437,0,0,0,0
empty_tensor,,,1.067,1.067,0,0,0,0
aten::empty,,,0.26,1.186,0,0,0,0
empty_tensor,,,0.926,0.926,0,0,0,0
aten::empty,,,0.317,1.47,0,0,0,0
empty_tensor,,,1.153,1.153,0,0,0,0
aten::empty,,,0.3,1.478,0,0,0,0
empty_tensor,,,1.178,1.178,0,0,0,0
aclnnAddRmsNormBias,,,8.393,8.393,1.72,1.72,0,0
vllm::unquantized_gemm,,,4.439,16.423,0,8.02,0,6.9
aten::linear,,,1.077,11.984,0,8.02,0,6.9
aten::t,,,0.645,1.596,0,0,0,0
aten::transpose,,,0.378,0.951,0,0,0,0
aten::as_strided,,,0.573,0.573,0,0,0,0
aten::addmm,,,6.048,9.311,0,8.02,0,6.9
empty_tensor,,,1.176,1.176,0,0,0,0
aclnnAddmm,,,2.087,2.087,8.02,8.02,6.9,6.9
aten::split_with_sizes,,,1.392,2.672,0,0,0,0
aten::as_strided,,,0.698,0.698,0,0,0,0
aten::as_strided,,,0.233,0.233,0,0,0,0
aten::as_strided,,,0.349,0.349,0,0,0,0
vllm::npu_rotary_embedding,,,201.618,209.318,0,2.82,0,0
aten::view,,,1.532,1.532,0,0,0,0
aten::view,,,0.544,0.544,0,0,0,0
_triton_rope,,,3.683,3.683,2.82,2.82,0,0
aten::view,,,1.251,1.251,0,0,0,0
aten::view,,,0.69,0.69,0,0,0,0
aten::empty,,,0.675,3.085,0,0,0,0
empty_tensor,,,2.41,2.41,0,0,0,0
aten::view,,,0.722,0.722,0,0,0,0
aten::view,,,0.56,0.56,0,0,0,0
aten::view,,,0.55,0.55,0,0,0,0
aten::view,,,0.654,0.654,0,0,0,0
vllm::unified_attention_with_output,,,109.59,836.387,0,22.8005,0,0
P12/A/0116/attention,,,309.784,726.797,0,22.8005,0,0
aten::slice,,,1.42,2.745,0,0,0,0
aten::as_strided,,,1.325,1.325,0,0,0,0
aten::slice,,,0.367,0.692,0,0,0,0
aten::as_strided,,,0.325,0.325,0,0,0,0
aten::slice,,,2.125,2.986,0,0,0,0
aten::as_strided,,,0.861,0.861,0,0,0,0
P12/A/0117/cache_write,,,99.221,120.33,0,1.58,0,0
atb::_npu_reshape_and_cache,,,18.051,21.109,0,1.58,0,0
ReshapeCacheOperation,,,3.058,3.058,1.58,1.58,0,0
P12/A/0118/fia,,,195.459,276.44,0,21.220499999999998,0,0
aten::view,,,2.809,2.809,0,0,0,0
aten::view,,,1.641,1.641,0,0,0,0
aten::slice,,,0.714,1.805,0,0,0,0
aten::as_strided,,,1.091,1.091,0,0,0,0
npu::npu_fused_infer_attention_score,,,39.265,48.984,0,20.6605,0,0
empty_tensor,,,3.927,3.927,0,0,0,0
empty_tensor,,,0.886,0.886,0,0,0,0
empty_tensor,,,0.911,0.911,0,0,0,0
empty_tensor,,,0.978,0.978,0,0,0,0
aclnnFusedInferAttentionScoreV3,,,3.017,3.017,20.6605,20.6605,0,0
aten::view,,,1.077,1.077,0,0,0,0
aten::slice,,,0.486,1.226,0,0,0,0
aten::as_strided,,,0.74,0.74,0,0,0,0
aten::copy_,,,20.791,23.439,0,0.56,0,0
aclnnInplaceCopy,,,2.648,2.648,0.56,0.56,0,0
aten::slice,,,0.489,1.268,0,0,0,0
aten::as_strided,,,0.779,0.779,0,0,0,0
aten::copy_,,,10.134,12.552,0,0,0,0
aclnnInplaceCopy,,,2.418,2.418,0,0,0,0
aten::view,,,1.417,1.417,0,0,0,0
vllm::unquantized_gemm,,,7.112,29.207,0,5.32,0,5.32
aten::linear,,,1.701,22.095,0,5.32,0,5.32
aten::t,,,1.807,4.107,0,0,0,0
aten::transpose,,,1.076,2.3,0,0,0,0
aten::as_strided,,,1.224,1.224,0,0,0,0
aten::matmul,,,7.037,16.287,0,5.32,0,5.32
empty_tensor,,,3.269,3.269,0,0,0,0
aclnnMatmul,,,5.981,5.981,5.32,5.32,5.32,5.32
vllm::maybe_chunk_residual,,,5.401,5.401,0,0,0,0
_C_ascend::npu_add_rms_norm_bias,,,15.813,28.065,0,1.68,0,0
aten::empty,,,0.952,2.979,0,0,0,0
empty_tensor,,,2.027,2.027,0,0,0,0
aten::empty,,,0.367,1.558,0,0,0,0
empty_tensor,,,1.191,1.191,0,0,0,0
aten::empty,,,0.261,1.889,0,0,0,0
empty_tensor,,,1.628,1.628,0,0,0,0
aten::empty,,,0.488,2.595,0,0,0,0
empty_tensor,,,2.107,2.107,0,0,0,0
aclnnAddRmsNormBias,,,3.231,3.231,1.68,1.68,0,0
vllm::unquantized_gemm,,,4.564,14.184,0,20.181,0,20.181
aten::linear,,,0.764,9.62,0,20.181,0,20.181
aten::t,,,0.789,2.212,0,0,0,0
aten::transpose,,,0.617,1.423,0,0,0,0
aten::as_strided,,,0.806,0.806,0,0,0,0
aten::matmul,,,3.742,6.644,0,20.181,0,20.181
empty_tensor,,,1.266,1.266,0,0,0,0
aclnnMatmul,,,1.636,1.636,20.181,20.181,20.181,20.181
npu::npu_swiglu,,,10.858,13.665,0,3.0005,0,0
empty_tensor,,,1.285,1.285,0,0,0,0
aclnnSwiGlu,,,1.522,1.522,3.0005,3.0005,0,0
vllm::unquantized_gemm,,,4.324,11.697,0,16.2405,0,16.2405
aten::linear,,,0.755,7.373,0,16.2405,0,16.2405
aten::t,,,0.542,1.469,0,0,0,0
aten::transpose,,,0.328,0.927,0,0,0,0
aten::as_strided,,,0.599,0.599,0,0,0,0
aten::matmul,,,2.273,5.149,0,16.2405,0,16.2405
empty_tensor,,,1.318,1.318,0,0,0,0
aclnnMatmul,,,1.558,1.558,16.2405,16.2405,16.2405,16.2405
vllm::maybe_chunk_residual,,,4.154,4.154,0,0,0,0
_C_ascend::npu_add_rms_norm_bias,,,8.75,19.556,0,2.06,0,0
aten::empty,,,0.386,1.581,0,0,0,0
empty_tensor,,,1.195,1.195,0,0,0,0
aten::empty,,,0.253,1.06,0,0,0,0
empty_tensor,,,0.807,0.807,0,0,0,0
aten::empty,,,0.434,1.691,0,0,0,0
empty_tensor,,,1.257,1.257,0,0,0,0
aten::empty,,,0.369,4.212,0,0,0,0
empty_tensor,,,3.843,3.843,0,0,0,0
aclnnAddRmsNormBias,,,2.262,2.262,2.06,2.06,0,0
vllm::unquantized_gemm,,,4.152,18.635,0,7.96,0,6.78
aten::linear,,,1.185,14.483,0,7.96,0,6.78
aten::t,,,0.536,1.591,0,0,0,0
aten::transpose,,,0.395,1.055,0,0,0,0
aten::as_strided,,,0.66,0.66,0,0,0,0
aten::addmm,,,6.163,11.707,0,7.96,0,6.78
empty_tensor,,,1.167,1.167,0,0,0,0
aclnnAddmm,,,4.377,4.377,7.96,7.96,6.78,6.78
aten::split_with_sizes,,,1.696,2.928,0,0,0,0
aten::as_strided,,,0.618,0.618,0,0,0,0
aten::as_strided,,,0.298,0.298,0,0,0,0
aten::as_strided,,,0.316,0.316,0,0,0,0
vllm::npu_rotary_embedding,,,203.87,213.162,0,3.06,0,0
aten::view,,,0.982,0.982,0,0,0,0
aten::view,,,0.426,0.426,0,0,0,0
_triton_rope,,,6.045,6.045,3.06,3.06,0,0
aten::view,,,1.211,1.211,0,0,0,0
aten::view,,,0.628,0.628,0,0,0,0
aten::empty,,,0.66,3.005,0,0,0,0
empty_tensor,,,2.345,2.345,0,0,0,0
aten::view,,,0.662,0.662,0,0,0,0
aten::view,,,0.585,0.585,0,0,0,0
aten::view,,,0.453,0.453,0,0,0,0
aten::view,,,0.4,0.4,0,0,0,0
vllm::unified_attention_with_output,,,100.471,890.152,0,23.141000000000002,0,0
P12/A/0119/attention,,,331.066,789.681,0,23.141000000000002,0,0
aten::slice,,,1.345,2.512,0,0,0,0
aten::as_strided,,,1.167,1.167,0,0,0,0
aten::slice,,,0.358,2.775,0,0,0,0
aten::as_strided,,,2.417,2.417,0,0,0,0
aten::slice,,,2.36,3.247,0,0,0,0
aten::as_strided,,,0.887,0.887,0,0,0,0
P12/A/0120/cache_write,,,109.611,130.374,0,1.72,0,0
atb::_npu_reshape_and_cache,,,17.971,20.763,0,1.72,0,0
ReshapeCacheOperation,,,2.792,2.792,1.72,1.72,0,0
P12/A/0121/fia,,,218.808,304.775,0,21.421,0,0
aten::view,,,3.475,3.475,0,0,0,0
aten::view,,,1.08,1.08,0,0,0,0
aten::slice,,,0.978,2.211,0,0,0,0
aten::as_strided,,,1.233,1.233,0,0,0,0
npu::npu_fused_infer_attention_score,,,41.586,52.17,0,20.861,0,0
empty_tensor,,,4.756,4.756,0,0,0,0
empty_tensor,,,1.317,1.317,0,0,0,0
empty_tensor,,,0.75,0.75,0,0,0,0
empty_tensor,,,0.817,0.817,0,0,0,0
aclnnFusedInferAttentionScoreV3,,,2.944,2.944,20.861,20.861,0,0
aten::view,,,1.075,1.075,0,0,0,0
aten::slice,,,0.722,1.453,0,0,0,0
aten::as_strided,,,0.731,0.731,0,0,0,0
aten::copy_,,,22.035,24.503,0,0.56,0,0
aclnnInplaceCopy,,,2.468,2.468,0.56,0.56,0,0
aten::slice,,,0.655,1.618,0,0,0,0
aten::as_strided,,,0.963,0.963,0,0,0,0
aten::copy_,,,10.833,13.314,0,0,0,0
aclnnInplaceCopy,,,2.481,2.481,0,0,0,0
aten::view,,,1.245,1.245,0,0,0,0
vllm::unquantized_gemm,,,6.969,26.586,0,5.3205,0,5.3205
aten::linear,,,1.668,19.617,0,5.3205,0,5.3205
aten::t,,,2.785,5.279,0,0,0,0
aten::transpose,,,1.183,2.494,0,0,0,0
aten::as_strided,,,1.311,1.311,0,0,0,0
aten::matmul,,,6.848,12.67,0,5.3205,0,5.3205
empty_tensor,,,3.302,3.302,0,0,0,0
aclnnMatmul,,,2.52,2.52,5.3205,5.3205,5.3205,5.3205
vllm::maybe_chunk_residual,,,5.087,5.087,0,0,0,0
_C_ascend::npu_add_rms_norm_bias,,,14.948,27.236,0,1.78,0,0
aten::empty,,,1.002,3.126,0,0,0,0
empty_tensor,,,2.124,2.124,0,0,0,0
aten::empty,,,0.36,1.808,0,0,0,0
empty_tensor,,,1.448,1.448,0,0,0,0
aten::empty,,,0.427,1.552,0,0,0,0
empty_tensor,,,1.125,1.125,0,0,0,0
aten::empty,,,0.566,2.856,0,0,0,0
empty_tensor,,,2.29,2.29,0,0,0,0
aclnnAddRmsNormBias,,,2.946,2.946,1.78,1.78,0,0
vllm::unquantized_gemm,,,3.88,13.707,0,21.261,0,21.261
aten::linear,,,0.808,9.827,0,21.261,0,21.261
aten::t,,,0.856,2.236,0,0,0,0
aten::transpose,,,0.485,1.38,0,0,0,0
aten::as_strided,,,0.895,0.895,0,0,0,0
aten::matmul,,,3.499,6.783,0,21.261,0,21.261
empty_tensor,,,1.569,1.569,0,0,0,0
aclnnMatmul,,,1.715,1.715,21.261,21.261,21.261,21.261
npu::npu_swiglu,,,10.797,17.657,0,4.02,0,0
empty_tensor,,,1.285,1.285,0,0,0,0
aclnnSwiGlu,,,5.575,5.575,4.02,4.02,0,0
vllm::unquantized_gemm,,,3.578,12.57,0,16.1405,0,16.1405
aten::linear,,,1.029,8.992,0,16.1405,0,16.1405
aten::t,,,0.655,1.847,0,0,0,0
aten::transpose,,,0.528,1.192,0,0,0,0
aten::as_strided,,,0.664,0.664,0,0,0,0
aten::matmul,,,2.836,6.116,0,16.1405,0,16.1405
empty_tensor,,,1.7,1.7,0,0,0,0
aclnnMatmul,,,1.58,1.58,16.1405,16.1405,16.1405,16.1405
vllm::maybe_chunk_residual,,,4.215,4.215,0,0,0,0
_C_ascend::npu_add_rms_norm_bias,,,8.122,16.102,0,1.66,0,0
aten::empty,,,0.369,1.547,0,0,0,0
empty_tensor,,,1.178,1.178,0,0,0,0
aten::empty,,,0.244,1.206,0,0,0,0
empty_tensor,,,0.962,0.962,0,0,0,0
aten::empty,,,0.36,1.4,0,0,0,0
empty_tensor,,,1.04,1.04,0,0,0,0
aten::empty,,,0.298,1.783,0,0,0,0
empty_tensor,,,1.485,1.485,0,0,0,0
aclnnAddRmsNormBias,,,2.044,2.044,1.66,1.66,0,0
vllm::unquantized_gemm,,,4.182,16.104,0,8.0805,0,6.9605
aten::linear,,,1.192,11.922,0,8.0805,0,6.9605
aten::t,,,0.93,1.876,0,0,0,0
aten::transpose,,,0.37,0.946,0,0,0,0
aten::as_strided,,,0.576,0.576,0,0,0,0
aten::addmm,,,6.067,8.854,0,8.0805,0,6.9605
empty_tensor,,,1.17,1.17,0,0,0,0
aclnnAddmm,,,1.617,1.617,8.0805,8.0805,6.9605,6.9605
aten::split_with_sizes,,,1.621,2.932,0,0,0,0
aten::as_strided,,,0.608,0.608,0,0,0,0
aten::as_strided,,,0.267,0.267,0,0,0,0
aten::as_strided,,,0.436,0.436,0,0,0,0
vllm::npu_rotary_embedding,,,201.988,208.43,0,3.06,0,0
aten::view,,,1.05,1.05,0,0,0,0
aten::view,,,0.45,0.45,0,0,0,0
_triton_rope,,,3.012,3.012,3.06,3.06,0,0
aten::view,,,1.296,1.296,0,0,0,0
aten::view,,,0.634,0.634,0,0,0,0
aten::empty,,,0.577,2.718,0,0,0,0
empty_tensor,,,2.141,2.141,0,0,0,0
aten::view,,,1.142,1.142,0,0,0,0
aten::view,,,0.517,0.517,0,0,0,0
aten::view,,,0.616,0.616,0,0,0,0
aten::view,,,0.595,0.595,0,0,0,0
vllm::unified_attention_with_output,,,115.647,852.257,0,23.201,0,0
P12/A/0122/attention,,,302.295,736.61,0,23.201,0,0
aten::slice,,,1.129,2.409,0,0,0,0
aten::as_strided,,,1.28,1.28,0,0,0,0
aten::slice,,,0.469,0.743,0,0,0,0
aten::as_strided,,,0.274,0.274,0,0,0,0
aten::slice,,,2.155,2.875,0,0,0,0
aten::as_strided,,,0.72,0.72,0,0,0,0
P12/A/0123/cache_write,,,99.01,119.025,0,1.54,0,0
atb::_npu_reshape_and_cache,,,16.966,20.015,0,1.54,0,0
ReshapeCacheOperation,,,3.049,3.049,1.54,1.54,0,0
P12/A/0124/fia,,,204.912,287.897,0,21.660999999999998,0,0
aten::view,,,2.925,2.925,0,0,0,0
aten::view,,,0.97,0.97,0,0,0,0
aten::slice,,,0.711,1.696,0,0,0,0
aten::as_strided,,,0.985,0.985,0,0,0,0
npu::npu_fused_infer_attention_score,,,40.046,51.92,0,21.081,0,0
empty_tensor,,,4.318,4.318,0,0,0,0
empty_tensor,,,1.166,1.166,0,0,0,0
empty_tensor,,,0.745,0.745,0,0,0,0
empty_tensor,,,0.815,0.815,0,0,0,0
aclnnFusedInferAttentionScoreV3,,,4.83,4.83,21.081,21.081,0,0
aten::view,,,1.086,1.086,0,0,0,0
aten::slice,,,0.546,1.521,0,0,0,0
aten::as_strided,,,0.975,0.975,0,0,0,0
aten::copy_,,,21.26,22.867,0,0.58,0,0
aclnnInplaceCopy,,,1.607,1.607,0.58,0.58,0,0
aten::slice,,,0.491,1.33,0,0,0,0
aten::as_strided,,,0.839,0.839,0,0,0,0
aten::copy_,,,10.532,20.036,0,0,0,0
aclnnInplaceCopy,,,9.504,9.504,0,0,0,0
aten::view,,,1.234,1.234,0,0,0,0
vllm::unquantized_gemm,,,6.986,25.047,0,5.34,0,5.34
aten::linear,,,1.547,18.061,0,5.34,0,5.34
aten::t,,,2.018,4.469,0,0,0,0
aten::transpose,,,1.206,2.451,0,0,0,0
aten::as_strided,,,1.245,1.245,0,0,0,0
aten::matmul,,,7.079,12.045,0,5.34,0,5.34
empty_tensor,,,3.17,3.17,0,0,0,0
aclnnMatmul,,,1.796,1.796,5.34,5.34,5.34,5.34
vllm::maybe_chunk_residual,,,5.255,5.255,0,0,0,0
_C_ascend::npu_add_rms_norm_bias,,,14.382,26.221,0,1.68,0,0
aten::empty,,,1.014,2.954,0,0,0,0
empty_tensor,,,1.94,1.94,0,0,0,0
aten::empty,,,0.386,1.705,0,0,0,0
empty_tensor,,,1.319,1.319,0,0,0,0
aten::empty,,,0.392,1.635,0,0,0,0
empty_tensor,,,1.243,1.243,0,0,0,0
aten::empty,,,0.436,2.65,0,0,0,0
empty_tensor,,,2.214,2.214,0,0,0,0
aclnnAddRmsNormBias,,,2.895,2.895,1.68,1.68,0,0
vllm::unquantized_gemm,,,3.934,14.255,0,19.581,0,19.581
aten::linear,,,0.825,10.321,0,19.581,0,19.581
aten::t,,,0.768,2.075,0,0,0,0
aten::transpose,,,0.428,1.307,0,0,0,0
aten::as_strided,,,0.879,0.879,0,0,0,0
aten::matmul,,,3.521,7.421,0,19.581,0,19.581
empty_tensor,,,1.55,1.55,0,0,0,0
aclnnMatmul,,,2.35,2.35,19.581,19.581,19.581,19.581
npu::npu_swiglu,,,10.517,14.687,0,2.98,0,0
empty_tensor,,,1.705,1.705,0,0,0,0
aclnnSwiGlu,,,2.465,2.465,2.98,2.98,0,0
vllm::unquantized_gemm,,,3.478,11.18,0,16.4605,0,16.4605
aten::linear,,,0.601,7.702,0,16.4605,0,16.4605
aten::t,,,0.709,1.72,0,0,0,0
aten::transpose,,,0.385,1.011,0,0,0,0
aten::as_strided,,,0.626,0.626,0,0,0,0
aten::matmul,,,2.452,5.381,0,16.4605,0,16.4605
empty_tensor,,,1.402,1.402,0,0,0,0
aclnnMatmul,,,1.527,1.527,16.4605,16.4605,16.4605,16.4605
vllm::maybe_chunk_residual,,,4.352,4.352,0,0,0,0
_C_ascend::npu_add_rms_norm_bias,,,7.39,15.553,0,1.72,0,0
aten::empty,,,0.374,1.51,0,0,0,0
empty_tensor,,,1.136,1.136,0,0,0,0
aten::empty,,,0.224,1.09,0,0,0,0
empty_tensor,,,0.866,0.866,0,0,0,0
aten::empty,,,0.352,1.225,0,0,0,0
empty_tensor,,,0.873,0.873,0,0,0,0
aten::empty,,,0.319,1.941,0,0,0,0
empty_tensor,,,1.622,1.622,0,0,0,0
aclnnAddRmsNormBias,,,2.397,2.397,1.72,1.72,0,0
vllm::unquantized_gemm,,,4.543,24.605,0,8.36,0,7.22
aten::linear,,,1.128,20.062,0,8.36,0,7.22
aten::t,,,1.02,2.138,0,0,0,0
aten::transpose,,,0.463,1.118,0,0,0,0
aten::as_strided,,,0.655,0.655,0,0,0,0
aten::addmm,,,6.318,16.796,0,8.36,0,7.22
empty_tensor,,,1.405,1.405,0,0,0,0
aclnnAddmm,,,9.073,9.073,8.36,8.36,7.22,7.22
aten::split_with_sizes,,,1.376,2.983,0,0,0,0
aten::as_strided,,,0.58,0.58,0,0,0,0
aten::as_strided,,,0.334,0.334,0,0,0,0
aten::as_strided,,,0.693,0.693,0,0,0,0
vllm::npu_rotary_embedding,,,201.954,211.701,0,2.92,0,0
aten::view,,,1.097,1.097,0,0,0,0
aten::view,,,0.484,0.484,0,0,0,0
_triton_rope,,,6.069,6.069,2.92,2.92,0,0
aten::view,,,1.409,1.409,0,0,0,0
aten::view,,,0.688,0.688,0,0,0,0
aten::empty,,,0.598,3.023,0,0,0,0
empty_tensor,,,2.425,2.425,0,0,0,0
aten::view,,,0.876,0.876,0,0,0,0
aten::view,,,0.513,0.513,0,0,0,0
aten::view,,,0.447,0.447,0,0,0,0
aten::view,,,0.531,0.531,0,0,0,0
vllm::unified_attention_with_output,,,96.304,822.918,0,22.761,0,0
P12/A/0125/attention,,,310.103,726.614,0,22.761,0,0
aten::slice,,,1.381,2.607,0,0,0,0
aten::as_strided,,,1.226,1.226,0,0,0,0
aten::slice,,,0.443,0.726,0,0,0,0
aten::as_strided,,,0.283,0.283,0,0,0,0
aten::slice,,,2.055,2.687,0,0,0,0
aten::as_strided,,,0.632,0.632,0,0,0,0
P12/A/0126/cache_write,,,101.068,119.861,0,1.62,0,0
atb::_npu_reshape_and_cache,,,16.079,18.793,0,1.62,0,0
ReshapeCacheOperation,,,2.714,2.714,1.62,1.62,0,0
P12/A/0127/fia,,,195.137,275.385,0,21.141,0,0
aten::view,,,2.823,2.823,0,0,0,0
aten::view,,,0.968,0.968,0,0,0,0
aten::slice,,,1.319,2.31,0,0,0,0
aten::as_strided,,,0.991,0.991,0,0,0,0
npu::npu_fused_infer_attention_score,,,38.877,48.268,0,20.561,0,0
empty_tensor,,,4.185,4.185,0,0,0,0
empty_tensor,,,1.051,1.051,0,0,0,0
empty_tensor,,,0.712,0.712,0,0,0,0
empty_tensor,,,0.683,0.683,0,0,0,0
aclnnFusedInferAttentionScoreV3,,,2.76,2.76,20.561,20.561,0,0
aten::view,,,1.1,1.1,0,0,0,0
aten::slice,,,0.536,1.31,0,0,0,0
aten::as_strided,,,0.774,0.774,0,0,0,0
aten::copy_,,,20.878,23.469,0,0.58,0,0
aclnnInplaceCopy,,,2.591,2.591,0.58,0.58,0,0
aten::slice,,,0.598,1.459,0,0,0,0
aten::as_strided,,,0.861,0.861,0,0,0,0
aten::copy_,,,11.228,13.786,0,0,0,0
aclnnInplaceCopy,,,2.558,2.558,0,0,0,0
aten::view,,,1.195,1.195,0,0,0,0
vllm::unquantized_gemm,,,6.744,24.523,0,5.7005,0,5.7005
aten::linear,,,1.512,17.779,0,5.7005,0,5.7005
aten::t,,,1.753,3.933,0,0,0,0
aten::transpose,,,1.008,2.18,0,0,0,0
aten::as_strided,,,1.172,1.172,0,0,0,0
aten::matmul,,,6.989,12.334,0,5.7005,0,5.7005
empty_tensor,,,2.894,2.894,0,0,0,0
aclnnMatmul,,,2.451,2.451,5.7005,5.7005,5.7005,5.7005
vllm::maybe_chunk_residual,,,5.12,5.12,0,0,0,0
_C_ascend::npu_add_rms_norm_bias,,,14.438,29.521,0,1.7,0,0
aten::empty,,,0.861,2.824,0,0,0,0
empty_tensor,,,1.963,1.963,0,0,0,0
aten::empty,,,0.233,1.406,0,0,0,0
empty_tensor,,,1.173,1.173,0,0,0,0
aten::empty,,,0.317,1.403,0,0,0,0
empty_tensor,,,1.086,1.086,0,0,0,0
aten::empty,,,1.059,3.117,0,0,0,0
empty_tensor,,,2.058,2.058,0,0,0,0
aclnnAddRmsNormBias,,,6.333,6.333,1.7,1.7,0,0
vllm::unquantized_gemm,,,3.959,16.585,0,19.501,0,19.501
aten::linear,,,0.862,12.626,0,19.501,0,19.501
aten::t,,,0.798,2.518,0,0,0,0
aten::transpose,,,0.606,1.72,0,0,0,0
aten::as_strided,,,1.114,1.114,0,0,0,0
aten::matmul,,,3.643,9.246,0,19.501,0,19.501
empty_tensor,,,1.284,1.284,0,0,0,0
aclnnMatmul,,,4.319,4.319,19.501,19.501,19.501,19.501
npu::npu_swiglu,,,10.887,14.431,0,3.0005,0,0
empty_tensor,,,1.229,1.229,0,0,0,0
aclnnSwiGlu,,,2.315,2.315,3.0005,3.0005,0,0
vllm::unquantized_gemm,,,3.398,11.373,0,16.4605,0,16.4605
aten::linear,,,0.588,7.975,0,16.4605,0,16.4605
aten::t,,,0.662,1.667,0,0,0,0
aten::transpose,,,0.354,1.005,0,0,0,0
aten::as_strided,,,0.651,0.651,0,0,0,0
aten::matmul,,,2.441,5.72,0,16.4605,0,16.4605
empty_tensor,,,1.09,1.09,0,0,0,0
aclnnMatmul,,,2.189,2.189,16.4605,16.4605,16.4605,16.4605
vllm::maybe_chunk_residual,,,4.252,4.252,0,0,0,0
_C_ascend::npu_add_rms_norm_bias,,,7.423,15.78,0,1.7,0,0
aten::empty,,,0.359,1.504,0,0,0,0
empty_tensor,,,1.145,1.145,0,0,0,0
aten::empty,,,0.2,1.245,0,0,0,0
empty_tensor,,,1.045,1.045,0,0,0,0
aten::empty,,,0.199,1.099,0,0,0,0
empty_tensor,,,0.9,0.9,0,0,0,0
aten::empty,,,0.443,1.93,0,0,0,0
empty_tensor,,,1.487,1.487,0,0,0,0
aclnnAddRmsNormBias,,,2.579,2.579,1.7,1.7,0,0
vllm::unquantized_gemm,,,4.213,17.498,0,8.12,0,6.72
aten::linear,,,1.102,13.285,0,8.12,0,6.72
aten::t,,,0.991,2.141,0,0,0,0
aten::transpose,,,0.383,1.15,0,0,0,0
aten::as_strided,,,0.767,0.767,0,0,0,0
aten::addmm,,,6.101,10.042,0,8.12,0,6.72
empty_tensor,,,1.413,1.413,0,0,0,0
aclnnAddmm,,,2.528,2.528,8.12,8.12,6.72,6.72
aten::split_with_sizes,,,1.951,3.164,0,0,0,0
aten::as_strided,,,0.608,0.608,0,0,0,0
aten::as_strided,,,0.307,0.307,0,0,0,0
aten::as_strided,,,0.298,0.298,0,0,0,0
vllm::npu_rotary_embedding,,,200.025,207.74,0,3.34,0,0
aten::view,,,0.866,0.866,0,0,0,0
aten::view,,,0.311,0.311,0,0,0,0
_triton_rope,,,4.687,4.687,3.34,3.34,0,0
aten::view,,,1.248,1.248,0,0,0,0
aten::view,,,0.603,0.603,0,0,0,0
aten::empty,,,0.619,2.861,0,0,0,0
empty_tensor,,,2.242,2.242,0,0,0,0
aten::view,,,0.627,0.627,0,0,0,0
aten::view,,,0.473,0.473,0,0,0,0
aten::view,,,0.594,0.594,0,0,0,0
aten::view,,,0.662,0.662,0,0,0,0
vllm::unified_attention_with_output,,,99.311,843.316,0,22.221,0,0
P12/A/0128/attention,,,316.726,744.005,0,22.221,0,0
aten::slice,,,1.032,2.25,0,0,0,0
aten::as_strided,,,1.218,1.218,0,0,0,0
aten::slice,,,0.437,0.871,0,0,0,0
aten::as_strided,,,0.434,0.434,0,0,0,0
aten::slice,,,2.144,4.527,0,0,0,0
aten::as_strided,,,2.383,2.383,0,0,0,0
P12/A/0129/cache_write,,,99.597,119.355,0,1.56,0,0
atb::_npu_reshape_and_cache,,,16.792,19.758,0,1.56,0,0
ReshapeCacheOperation,,,2.966,2.966,1.56,1.56,0,0
P12/A/0130/fia,,,203.592,286.327,0,20.660999999999998,0,0
aten::view,,,2.678,2.678,0,0,0,0
aten::view,,,1.152,1.152,0,0,0,0
aten::slice,,,0.801,1.777,0,0,0,0
aten::as_strided,,,0.976,0.976,0,0,0,0
npu::npu_fused_infer_attention_score,,,38.453,51.172,0,20.101,0,0
empty_tensor,,,4.094,4.094,0,0,0,0
empty_tensor,,,0.892,0.892,0,0,0,0
empty_tensor,,,0.755,0.755,0,0,0,0
empty_tensor,,,0.723,0.723,0,0,0,0
aclnnFusedInferAttentionScoreV3,,,6.255,6.255,20.101,20.101,0,0
aten::view,,,1.065,1.065,0,0,0,0
aten::slice,,,0.578,1.542,0,0,0,0
aten::as_strided,,,0.964,0.964,0,0,0,0
aten::copy_,,,20.752,23.349,0,0.56,0,0
aclnnInplaceCopy,,,2.597,2.597,0.56,0.56,0,0
aten::slice,,,0.606,1.559,0,0,0,0
aten::as_strided,,,0.953,0.953,0,0,0,0
aten::copy_,,,10.472,12.39,0,0,0,0
aclnnInplaceCopy,,,1.918,1.918,0,0,0,0
aten::view,,,1.207,1.207,0,0,0,0
vllm::unquantized_gemm,,,7.156,24.903,0,5.38,0,5.38
aten::linear,,,1.598,17.747,0,5.38,0,5.38
aten::t,,,1.663,3.947,0,0,0,0
aten::transpose,,,1.1,2.284,0,0,0,0
aten::as_strided,,,1.184,1.184,0,0,0,0
aten::matmul,,,6.708,12.202,0,5.38,0,5.38
empty_tensor,,,3.425,3.425,0,0,0,0
aclnnMatmul,,,2.069,2.069,5.38,5.38,5.38,5.38
vllm::maybe_chunk_residual,,,5.112,5.112,0,0,0,0
_C_ascend::npu_add_rms_norm_bias,,,13.567,24.16,0,1.76,0,0
aten::empty,,,0.911,2.796,0,0,0,0
empty_tensor,,,1.885,1.885,0,0,0,0
aten::empty,,,0.431,1.641,0,0,0,0
empty_tensor,,,1.21,1.21,0,0,0,0
aten::empty,,,0.194,1.271,0,0,0,0
empty_tensor,,,1.077,1.077,0,0,0,0
aten::empty,,,0.624,2.519,0,0,0,0
empty_tensor,,,1.895,1.895,0,0,0,0
aclnnAddRmsNormBias,,,2.366,2.366,1.76,1.76,0,0
vllm::unquantized_gemm,,,3.843,13.541,0,19.981,0,19.981
aten::linear,,,0.713,9.698,0,19.981,0,19.981
aten::t,,,0.868,2.196,0,0,0,0
aten::transpose,,,0.489,1.328,0,0,0,0
aten::as_strided,,,0.839,0.839,0,0,0,0
aten::matmul,,,3.761,6.789,0,19.981,0,19.981
empty_tensor,,,1.336,1.336,0,0,0,0
aclnnMatmul,,,1.692,1.692,19.981,19.981,19.981,19.981
npu::npu_swiglu,,,9.345,12.035,0,3.1,0,0
empty_tensor,,,1.198,1.198,0,0,0,0
aclnnSwiGlu,,,1.492,1.492,3.1,3.1,0,0
vllm::unquantized_gemm,,,3.659,12.087,0,16.2805,0,16.2805
aten::linear,,,0.606,8.428,0,16.2805,0,16.2805
aten::t,,,0.727,1.717,0,0,0,0
aten::transpose,,,0.433,0.99,0,0,0,0
aten::as_strided,,,0.557,0.557,0,0,0,0
aten::matmul,,,2.534,6.105,0,16.2805,0,16.2805
empty_tensor,,,1.167,1.167,0,0,0,0
aclnnMatmul,,,2.404,2.404,16.2805,16.2805,16.2805,16.2805
vllm::maybe_chunk_residual,,,4.086,4.086,0,0,0,0
_C_ascend::npu_add_rms_norm_bias,,,13.752,28.697,0,1.66,0,0
aten::empty,,,0.403,1.52,0,0,0,0
empty_tensor,,,1.117,1.117,0,0,0,0
aten::empty,,,0.254,1.044,0,0,0,0
empty_tensor,,,0.79,0.79,0,0,0,0
aten::empty,,,0.444,1.688,0,0,0,0
empty_tensor,,,1.244,1.244,0,0,0,0
aten::empty,,,0.291,1.593,0,0,0,0
empty_tensor,,,1.302,1.302,0,0,0,0
aclnnAddRmsNormBias,,,9.1,9.1,1.66,1.66,0,0
vllm::unquantized_gemm,,,4.418,18.682,0,8.0405,0,6.9605
aten::linear,,,1.099,14.264,0,8.0405,0,6.9605
aten::t,,,0.68,1.802,0,0,0,0
aten::transpose,,,0.494,1.122,0,0,0,0
aten::as_strided,,,0.628,0.628,0,0,0,0
aten::addmm,,,6.089,11.363,0,8.0405,0,6.9605
empty_tensor,,,1.004,1.004,0,0,0,0
aclnnAddmm,,,4.27,4.27,8.0405,8.0405,6.9605,6.9605
aten::split_with_sizes,,,1.439,2.615,0,0,0,0
aten::as_strided,,,0.601,0.601,0,0,0,0
aten::as_strided,,,0.26,0.26,0,0,0,0
aten::as_strided,,,0.315,0.315,0,0,0,0
vllm::npu_rotary_embedding,,,203.412,209.583,0,2.84,0,0
aten::view,,,0.993,0.993,0,0,0,0
aten::view,,,0.467,0.467,0,0,0,0
_triton_rope,,,2.9,2.9,2.84,2.84,0,0
aten::view,,,1.182,1.182,0,0,0,0
aten::view,,,0.629,0.629,0,0,0,0
aten::empty,,,0.544,2.615,0,0,0,0
empty_tensor,,,2.071,2.071,0,0,0,0
aten::view,,,0.797,0.797,0,0,0,0
aten::view,,,0.496,0.496,0,0,0,0
aten::view,,,0.857,0.857,0,0,0,0
aten::view,,,0.55,0.55,0,0,0,0
vllm::unified_attention_with_output,,,96.765,815.096,0,24.001,0,0
P12/A/0131/attention,,,303.257,718.331,0,24.001,0,0
aten::slice,,,1.162,2.554,0,0,0,0
aten::as_strided,,,1.392,1.392,0,0,0,0
aten::slice,,,0.318,0.61,0,0,0,0
aten::as_strided,,,0.292,0.292,0,0,0,0
aten::slice,,,2.138,2.879,0,0,0,0
aten::as_strided,,,0.741,0.741,0,0,0,0
P12/A/0132/cache_write,,,92.35,111.714,0,1.58,0,0
atb::_npu_reshape_and_cache,,,16.286,19.364,0,1.58,0,0
ReshapeCacheOperation,,,3.078,3.078,1.58,1.58,0,0
P12/A/0133/fia,,,201.305,282.777,0,22.421,0,0
aten::view,,,2.841,2.841,0,0,0,0
aten::view,,,1.206,1.206,0,0,0,0
aten::slice,,,0.89,1.857,0,0,0,0
aten::as_strided,,,0.967,0.967,0,0,0,0
npu::npu_fused_infer_attention_score,,,38.771,48.78,0,21.841,0,0
empty_tensor,,,3.978,3.978,0,0,0,0
empty_tensor,,,1.168,1.168,0,0,0,0
empty_tensor,,,0.792,0.792,0,0,0,0
empty_tensor,,,0.746,0.746,0,0,0,0
aclnnFusedInferAttentionScoreV3,,,3.325,3.325,21.841,21.841,0,0
aten::view,,,1.12,1.12,0,0,0,0
aten::slice,,,1.13,2.048,0,0,0,0
aten::as_strided,,,0.918,0.918,0,0,0,0
aten::copy_,,,21.027,23.62,0,0.58,0,0
aclnnInplaceCopy,,,2.593,2.593,0.58,0.58,0,0
aten::slice,,,0.57,1.407,0,0,0,0
aten::as_strided,,,0.837,0.837,0,0,0,0
aten::copy_,,,10.767,13.133,0,0,0,0
aclnnInplaceCopy,,,2.366,2.366,0,0,0,0
aten::view,,,1.217,1.217,0,0,0,0
vllm::unquantized_gemm,,,7.182,31.64,0,5.52,0,5.52
aten::linear,,,1.528,24.458,0,5.52,0,5.52
aten::t,,,1.741,3.957,0,0,0,0
aten::transpose,,,1.041,2.216,0,0,0,0
aten::as_strided,,,1.175,1.175,0,0,0,0
aten::matmul,,,6.77,18.973,0,5.52,0,5.52
empty_tensor,,,3.065,3.065,0,0,0,0
aclnnMatmul,,,9.138,9.138,5.52,5.52,5.52,5.52
vllm::maybe_chunk_residual,,,5.115,5.115,0,0,0,0
_C_ascend::npu_add_rms_norm_bias,,,14.157,25.108,0,1.74,0,0
aten::empty,,,0.918,2.842,0,0,0,0
empty_tensor,,,1.924,1.924,0,0,0,0
aten::empty,,,0.328,1.862,0,0,0,0
empty_tensor,,,1.534,1.534,0,0,0,0
aten::empty,,,0.418,1.417,0,0,0,0
empty_tensor,,,0.999,0.999,0,0,0,0
aten::empty,,,0.436,2.467,0,0,0,0
empty_tensor,,,2.031,2.031,0,0,0,0
aclnnAddRmsNormBias,,,2.363,2.363,1.74,1.74,0,0
vllm::unquantized_gemm,,,4.019,14.718,0,19.4805,0,19.4805
aten::linear,,,0.813,10.699,0,19.4805,0,19.4805
aten::t,,,0.976,2.464,0,0,0,0
aten::transpose,,,0.526,1.488,0,0,0,0
aten::as_strided,,,0.962,0.962,0,0,0,0
aten::matmul,,,3.882,7.422,0,19.4805,0,19.4805
empty_tensor,,,1.111,1.111,0,0,0,0
aclnnMatmul,,,2.429,2.429,19.4805,19.4805,19.4805,19.4805
npu::npu_swiglu,,,11.805,15.453,0,3.1205,0,0
empty_tensor,,,1.351,1.351,0,0,0,0
aclnnSwiGlu,,,2.297,2.297,3.1205,3.1205,0,0
vllm::unquantized_gemm,,,3.498,10.966,0,16.3605,0,16.3605
aten::linear,,,0.686,7.468,0,16.3605,0,16.3605
aten::t,,,0.602,1.798,0,0,0,0
aten::transpose,,,0.554,1.196,0,0,0,0
aten::as_strided,,,0.642,0.642,0,0,0,0
aten::matmul,,,2.248,4.984,0,16.3605,0,16.3605
empty_tensor,,,1.296,1.296,0,0,0,0
aclnnMatmul,,,1.44,1.44,16.3605,16.3605,16.3605,16.3605
vllm::maybe_chunk_residual,,,4.039,4.039,0,0,0,0
_C_ascend::npu_add_rms_norm_bias,,,7.683,15.987,0,1.72,0,0
aten::empty,,,0.381,1.614,0,0,0,0
empty_tensor,,,1.233,1.233,0,0,0,0
aten::empty,,,0.208,1.203,0,0,0,0
empty_tensor,,,0.995,0.995,0,0,0,0
aten::empty,,,0.369,1.41,0,0,0,0
empty_tensor,,,1.041,1.041,0,0,0,0
aten::empty,,,0.363,2.274,0,0,0,0
empty_tensor,,,1.911,1.911,0,0,0,0
aclnnAddRmsNormBias,,,1.803,1.803,1.72,1.72,0,0
vllm::unquantized_gemm,,,4.163,17.278,0,8.580499999999999,0,7.3805
aten::linear,,,1.166,13.115,0,8.580499999999999,0,7.3805
aten::t,,,0.555,1.762,0,0,0,0
aten::transpose,,,0.371,1.207,0,0,0,0
aten::as_strided,,,0.836,0.836,0,0,0,0
aten::addmm,,,6.38,10.187,0,8.580499999999999,0,7.3805
empty_tensor,,,1.424,1.424,0,0,0,0
aclnnAddmm,,,2.383,2.383,8.580499999999999,8.580499999999999,7.3805,7.3805
aten::split_with_sizes,,,1.364,2.639,0,0,0,0
aten::as_strided,,,0.632,0.632,0,0,0,0
aten::as_strided,,,0.402,0.402,0,0,0,0
aten::as_strided,,,0.241,0.241,0,0,0,0
vllm::npu_rotary_embedding,,,201.67,212.296,0,2.98,0,0
aten::view,,,1.499,1.499,0,0,0,0
aten::view,,,0.445,0.445,0,0,0,0
_triton_rope,,,6.769,6.769,2.98,2.98,0,0
aten::view,,,1.275,1.275,0,0,0,0
aten::view,,,0.638,0.638,0,0,0,0
aten::empty,,,0.691,3.059,0,0,0,0
empty_tensor,,,2.368,2.368,0,0,0,0
aten::view,,,0.84,0.84,0,0,0,0
aten::view,,,0.447,0.447,0,0,0,0
aten::view,,,0.563,0.563,0,0,0,0
aten::view,,,0.558,0.558,0,0,0,0
vllm::unified_attention_with_output,,,97.01,815.502,0,24.341,0,0
P12/A/0134/attention,,,308.315,718.492,0,24.341,0,0
aten::slice,,,1.192,2.382,0,0,0,0
aten::as_strided,,,1.19,1.19,0,0,0,0
aten::slice,,,0.371,0.718,0,0,0,0
aten::as_strided,,,0.347,0.347,0,0,0,0
aten::slice,,,2.037,2.876,0,0,0,0
aten::as_strided,,,0.839,0.839,0,0,0,0
P12/A/0135/cache_write,,,96.005,121.172,0,1.58,0,0
atb::_npu_reshape_and_cache,,,22.34,25.167,0,1.58,0,0
ReshapeCacheOperation,,,2.827,2.827,1.58,1.58,0,0
P12/A/0136/fia,,,191.414,270.118,0,22.761,0,0
aten::view,,,2.894,2.894,0,0,0,0
aten::view,,,0.933,0.933,0,0,0,0
aten::slice,,,0.724,1.775,0,0,0,0
aten::as_strided,,,1.051,1.051,0,0,0,0
npu::npu_fused_infer_attention_score,,,38.433,47.919,0,22.201,0,0
empty_tensor,,,3.84,3.84,0,0,0,0
empty_tensor,,,1.168,1.168,0,0,0,0
empty_tensor,,,0.728,0.728,0,0,0,0
empty_tensor,,,0.841,0.841,0,0,0,0
aclnnFusedInferAttentionScoreV3,,,2.909,2.909,22.201,22.201,0,0
aten::view,,,1.071,1.071,0,0,0,0
aten::slice,,,0.584,1.388,0,0,0,0
aten::as_strided,,,0.804,0.804,0,0,0,0
aten::copy_,,,21.031,22.724,0,0.56,0,0
aclnnInplaceCopy,,,1.693,1.693,0.56,0.56,0,0
aten::slice,,,0.54,1.387,0,0,0,0
aten::as_strided,,,0.847,0.847,0,0,0,0
aten::copy_,,,9.826,11.524,0,0,0,0
aclnnInplaceCopy,,,1.698,1.698,0,0,0,0
aten::view,,,1.147,1.147,0,0,0,0
vllm::unquantized_gemm,,,6.701,23.813,0,5.58,0,5.58
aten::linear,,,1.552,17.112,0,5.58,0,5.58
aten::t,,,1.821,4.257,0,0,0,0
aten::transpose,,,1.087,2.436,0,0,0,0
aten::as_strided,,,1.349,1.349,0,0,0,0
aten::matmul,,,6.691,11.303,0,5.58,0,5.58
empty_tensor,,,2.76,2.76,0,0,0,0
aclnnMatmul,,,1.852,1.852,5.58,5.58,5.58,5.58
vllm::maybe_chunk_residual,,,5.179,5.179,0,0,0,0
_C_ascend::npu_add_rms_norm_bias,,,13.203,26.178,0,1.7,0,0
aten::empty,,,0.834,2.903,0,0,0,0
empty_tensor,,,2.069,2.069,0,0,0,0
aten::empty,,,0.398,1.789,0,0,0,0
empty_tensor,,,1.391,1.391,0,0,0,0
aten::empty,,,0.399,1.283,0,0,0,0
empty_tensor,,,0.884,0.884,0,0,0,0
aten::empty,,,0.438,4.737,0,0,0,0
empty_tensor,,,4.299,4.299,0,0,0,0
aclnnAddRmsNormBias,,,2.263,2.263,1.7,1.7,0,0
vllm::unquantized_gemm,,,3.731,14.075,0,19.8205,0,19.8205
aten::linear,,,0.914,10.344,0,19.8205,0,19.8205
aten::t,,,0.859,2.335,0,0,0,0
aten::transpose,,,0.59,1.476,0,0,0,0
aten::as_strided,,,0.886,0.886,0,0,0,0
aten::matmul,,,3.843,7.095,0,19.8205,0,19.8205
empty_tensor,,,1.556,1.556,0,0,0,0
aclnnMatmul,,,1.696,1.696,19.8205,19.8205,19.8205,19.8205
npu::npu_swiglu,,,10.145,12.789,0,3.06,0,0
empty_tensor,,,1.112,1.112,0,0,0,0
aclnnSwiGlu,,,1.532,1.532,3.06,3.06,0,0
vllm::unquantized_gemm,,,3.403,18.006,0,16.321,0,16.321
aten::linear,,,0.642,14.603,0,16.321,0,16.321
aten::t,,,0.533,1.58,0,0,0,0
aten::transpose,,,0.364,1.047,0,0,0,0
aten::as_strided,,,0.683,0.683,0,0,0,0
aten::matmul,,,2.375,12.381,0,16.321,0,16.321
empty_tensor,,,1.025,1.025,0,0,0,0
aclnnMatmul,,,8.981,8.981,16.321,16.321,16.321,16.321
vllm::maybe_chunk_residual,,,4.052,4.052,0,0,0,0
_C_ascend::npu_add_rms_norm_bias,,,8.858,17.368,0,1.64,0,0
aten::empty,,,0.366,1.452,0,0,0,0
empty_tensor,,,1.086,1.086,0,0,0,0
aten::empty,,,0.23,0.999,0,0,0,0
empty_tensor,,,0.769,0.769,0,0,0,0
aten::empty,,,0.22,2.862,0,0,0,0
empty_tensor,,,2.642,2.642,0,0,0,0
aten::empty,,,0.299,1.522,0,0,0,0
empty_tensor,,,1.223,1.223,0,0,0,0
aclnnAddRmsNormBias,,,1.675,1.675,1.64,1.64,0,0
vllm::unquantized_gemm,,,4.369,18.798,0,8.14,0,6.88
aten::linear,,,1.154,14.429,0,8.14,0,6.88
aten::t,,,0.599,2.538,0,0,0,0
aten::transpose,,,0.448,1.939,0,0,0,0
aten::as_strided,,,1.491,1.491,0,0,0,0
aten::addmm,,,8.147,10.737,0,8.14,0,6.88
empty_tensor,,,1.007,1.007,0,0,0,0
aclnnAddmm,,,1.583,1.583,8.14,8.14,6.88,6.88
aten::split_with_sizes,,,1.435,2.69,0,0,0,0
aten::as_strided,,,0.666,0.666,0,0,0,0
aten::as_strided,,,0.342,0.342,0,0,0,0
aten::as_strided,,,0.247,0.247,0,0,0,0
vllm::npu_rotary_embedding,,,201.945,210.117,0,2.86,0,0
aten::view,,,0.891,0.891,0,0,0,0
aten::view,,,0.328,0.328,0,0,0,0
_triton_rope,,,3.51,3.51,2.86,2.86,0,0
aten::view,,,2.989,2.989,0,0,0,0
aten::view,,,0.454,0.454,0,0,0,0
aten::empty,,,0.601,2.671,0,0,0,0
empty_tensor,,,2.07,2.07,0,0,0,0
aten::view,,,0.75,0.75,0,0,0,0
aten::view,,,0.47,0.47,0,0,0,0
aten::view,,,0.463,0.463,0,0,0,0
aten::view,,,0.443,0.443,0,0,0,0
vllm::unified_attention_with_output,,,102.859,863.911,0,22.101,0,0
P12/A/0137/attention,,,332.205,761.052,0,22.101,0,0
aten::slice,,,1.162,2.452,0,0,0,0
aten::as_strided,,,1.29,1.29,0,0,0,0
aten::slice,,,0.416,0.715,0,0,0,0
aten::as_strided,,,0.299,0.299,0,0,0,0
aten::slice,,,2.111,2.832,0,0,0,0
aten::as_strided,,,0.721,0.721,0,0,0,0
P12/A/0138/cache_write,,,101.533,121.217,0,1.58,0,0
atb::_npu_reshape_and_cache,,,16.303,19.684,0,1.58,0,0
ReshapeCacheOperation,,,3.381,3.381,1.58,1.58,0,0
P12/A/0139/fia,,,202.42,279.812,0,20.520999999999997,0,0
aten::view,,,2.745,2.745,0,0,0,0
aten::view,,,1.129,1.129,0,0,0,0
aten::slice,,,0.717,1.84,0,0,0,0
aten::as_strided,,,1.123,1.123,0,0,0,0
npu::npu_fused_infer_attention_score,,,36.636,45.985,0,19.941,0,0
empty_tensor,,,4.032,4.032,0,0,0,0
empty_tensor,,,1.237,1.237,0,0,0,0
empty_tensor,,,0.735,0.735,0,0,0,0
empty_tensor,,,0.681,0.681,0,0,0,0
aclnnFusedInferAttentionScoreV3,,,2.664,2.664,19.941,19.941,0,0
aten::view,,,1.055,1.055,0,0,0,0
aten::slice,,,0.678,1.613,0,0,0,0
aten::as_strided,,,0.935,0.935,0,0,0,0
aten::copy_,,,21.161,23.025,0,0.58,0,0
aclnnInplaceCopy,,,1.864,1.864,0.58,0.58,0,0
aten::slice,,,0.533,1.391,0,0,0,0
aten::as_strided,,,0.858,0.858,0,0,0,0
aten::copy_,,,11.485,20.428,0,0,0,0
aclnnInplaceCopy,,,8.943,8.943,0,0,0,0
aten::view,,,1.238,1.238,0,0,0,0
vllm::unquantized_gemm,,,7.09,26.337,0,5.58,0,5.58
aten::linear,,,1.646,19.247,0,5.58,0,5.58
aten::t,,,2.023,4.393,0,0,0,0
aten::transpose,,,1.149,2.37,0,0,0,0
aten::as_strided,,,1.221,1.221,0,0,0,0
aten::matmul,,,6.574,13.208,0,5.58,0,5.58
empty_tensor,,,2.931,2.931,0,0,0,0
aclnnMatmul,,,3.703,3.703,5.58,5.58,5.58,5.58
vllm::maybe_chunk_residual,,,5.447,5.447,0,0,0,0
_C_ascend::npu_add_rms_norm_bias,,,14.501,25.545,0,1.78,0,0
aten::empty,,,0.921,3.109,0,0,0,0
empty_tensor,,,2.188,2.188,0,0,0,0
aten::empty,,,0.425,1.487,0,0,0,0
empty_tensor,,,1.062,1.062,0,0,0,0
aten::empty,,,0.192,0.933,0,0,0,0
empty_tensor,,,0.741,0.741,0,0,0,0
aten::empty,,,0.746,2.672,0,0,0,0
empty_tensor,,,1.926,1.926,0,0,0,0
aclnnAddRmsNormBias,,,2.843,2.843,1.78,1.78,0,0
vllm::unquantized_gemm,,,3.943,16.216,0,19.321,0,19.321
aten::linear,,,0.907,12.273,0,19.321,0,19.321
aten::t,,,0.981,2.361,0,0,0,0
aten::transpose,,,0.517,1.38,0,0,0,0
aten::as_strided,,,0.863,0.863,0,0,0,0
aten::matmul,,,3.434,9.005,0,19.321,0,19.321
empty_tensor,,,1.211,1.211,0,0,0,0
aclnnMatmul,,,4.36,4.36,19.321,19.321,19.321,19.321
npu::npu_swiglu,,,9.981,13.177,0,3.0405,0,0
empty_tensor,,,1.294,1.294,0,0,0,0
aclnnSwiGlu,,,1.902,1.902,3.0405,3.0405,0,0
vllm::unquantized_gemm,,,3.72,11.413,0,16.181,0,16.181
aten::linear,,,0.615,7.693,0,16.181,0,16.181
aten::t,,,0.549,1.803,0,0,0,0
aten::transpose,,,0.337,1.254,0,0,0,0
aten::as_strided,,,0.917,0.917,0,0,0,0
aten::matmul,,,2.465,5.275,0,16.181,0,16.181
empty_tensor,,,1.165,1.165,0,0,0,0
aclnnMatmul,,,1.645,1.645,16.181,16.181,16.181,16.181
vllm::maybe_chunk_residual,,,4.007,4.007,0,0,0,0
_C_ascend::npu_add_rms_norm_bias,,,8.001,17.386,0,1.94,0,0
aten::empty,,,0.375,1.473,0,0,0,0
empty_tensor,,,1.098,1.098,0,0,0,0
aten::empty,,,0.197,1.601,0,0,0,0
empty_tensor,,,1.404,1.404,0,0,0,0
aten::empty,,,0.362,1.476,0,0,0,0
empty_tensor,,,1.114,1.114,0,0,0,0
aten::empty,,,0.523,1.76,0,0,0,0
empty_tensor,,,1.237,1.237,0,0,0,0
aclnnAddRmsNormBias,,,3.075,3.075,1.94,1.94,0,0
vllm::unquantized_gemm,,,4.439,15.983,0,8.660499999999999,0,7.4605
aten::linear,,,1.173,11.544,0,8.660499999999999,0,7.4605
aten::t,,,0.578,1.717,0,0,0,0
aten::transpose,,,0.408,1.139,0,0,0,0
aten::as_strided,,,0.731,0.731,0,0,0,0
aten::addmm,,,5.735,8.654,0,8.660499999999999,0,7.4605
empty_tensor,,,1.279,1.279,0,0,0,0
aclnnAddmm,,,1.64,1.64,8.660499999999999,8.660499999999999,7.4605,7.4605
aten::split_with_sizes,,,1.322,2.51,0,0,0,0
aten::as_strided,,,0.629,0.629,0,0,0,0
aten::as_strided,,,0.367,0.367,0,0,0,0
aten::as_strided,,,0.192,0.192,0,0,0,0
vllm::npu_rotary_embedding,,,201.952,215.468,0,3.2205,0,0
aten::view,,,1.007,1.007,0,0,0,0
aten::view,,,0.496,0.496,0,0,0,0
_triton_rope,,,10.222,10.222,3.2205,3.2205,0,0
aten::view,,,1.167,1.167,0,0,0,0
aten::view,,,0.624,0.624,0,0,0,0
aten::empty,,,0.586,2.776,0,0,0,0
empty_tensor,,,2.19,2.19,0,0,0,0
aten::view,,,0.66,0.66,0,0,0,0
aten::view,,,0.448,0.448,0,0,0,0
aten::view,,,0.509,0.509,0,0,0,0
aten::view,,,0.443,0.443,0,0,0,0
vllm::unified_attention_with_output,,,94.632,813.828,0,23.621,0,0
P12/A/0140/attention,,,300.889,719.196,0,23.621,0,0
aten::slice,,,1.075,2.332,0,0,0,0
aten::as_strided,,,1.257,1.257,0,0,0,0
aten::slice,,,0.539,0.919,0,0,0,0
aten::as_strided,,,0.38,0.38,0,0,0,0
aten::slice,,,2.15,2.83,0,0,0,0
aten::as_strided,,,0.68,0.68,0,0,0,0
P12/A/0141/cache_write,,,97.369,116.923,0,1.64,0,0
atb::_npu_reshape_and_cache,,,16.525,19.554,0,1.64,0,0
ReshapeCacheOperation,,,3.029,3.029,1.64,1.64,0,0
P12/A/0142/fia,,,198.984,281.128,0,21.980999999999998,0,0
aten::view,,,4.348,4.348,0,0,0,0
aten::view,,,1.032,1.032,0,0,0,0
aten::slice,,,0.737,1.815,0,0,0,0
aten::as_strided,,,1.078,1.078,0,0,0,0
npu::npu_fused_infer_attention_score,,,38.885,48.518,0,21.401,0,0
empty_tensor,,,3.918,3.918,0,0,0,0
empty_tensor,,,1.364,1.364,0,0,0,0
empty_tensor,,,0.793,0.793,0,0,0,0
empty_tensor,,,0.698,0.698,0,0,0,0
aclnnFusedInferAttentionScoreV3,,,2.86,2.86,21.401,21.401,0,0
aten::view,,,0.983,0.983,0,0,0,0
aten::slice,,,0.633,1.479,0,0,0,0
aten::as_strided,,,0.846,0.846,0,0,0,0
aten::copy_,,,21.346,23.969,0,0.58,0,0
aclnnInplaceCopy,,,2.623,2.623,0.58,0.58,0,0
aten::slice,,,0.564,1.465,0,0,0,0
aten::as_strided,,,0.901,0.901,0,0,0,0
aten::copy_,,,10.523,12.71,0,0,0,0
aclnnInplaceCopy,,,2.187,2.187,0,0,0,0
aten::view,,,1.172,1.172,0,0,0,0
vllm::unquantized_gemm,,,6.972,24.157,0,5.58,0,5.58
aten::linear,,,1.601,17.185,0,5.58,0,5.58
aten::t,,,1.837,3.959,0,0,0,0
aten::transpose,,,0.985,2.122,0,0,0,0
aten::as_strided,,,1.137,1.137,0,0,0,0
aten::matmul,,,6.673,11.625,0,5.58,0,5.58
empty_tensor,,,2.472,2.472,0,0,0,0
aclnnMatmul,,,2.48,2.48,5.58,5.58,5.58,5.58
vllm::maybe_chunk_residual,,,5.311,5.311,0,0,0,0
_C_ascend::npu_add_rms_norm_bias,,,15.496,29.767,0,1.9405,0,0
aten::empty,,,0.831,2.679,0,0,0,0
empty_tensor,,,1.848,1.848,0,0,0,0
aten::empty,,,0.392,1.771,0,0,0,0
empty_tensor,,,1.379,1.379,0,0,0,0
aten::empty,,,0.419,1.471,0,0,0,0
empty_tensor,,,1.052,1.052,0,0,0,0
aten::empty,,,0.465,2.275,0,0,0,0
empty_tensor,,,1.81,1.81,0,0,0,0
aclnnAddRmsNormBias,,,6.075,6.075,1.9405,1.9405,0,0
vllm::unquantized_gemm,,,4.016,14.736,0,19.341,0,19.341
aten::linear,,,0.83,10.72,0,19.341,0,19.341
aten::t,,,0.92,2.33,0,0,0,0
aten::transpose,,,0.57,1.41,0,0,0,0
aten::as_strided,,,0.84,0.84,0,0,0,0
aten::matmul,,,3.675,7.56,0,19.341,0,19.341
empty_tensor,,,1.265,1.265,0,0,0,0
aclnnMatmul,,,2.62,2.62,19.341,19.341,19.341,19.341
npu::npu_swiglu,,,10.76,14.422,0,4.4205,0,0
empty_tensor,,,1.397,1.397,0,0,0,0
aclnnSwiGlu,,,2.265,2.265,4.4205,4.4205,0,0
vllm::unquantized_gemm,,,3.723,13.156,0,16.4405,0,16.4405
aten::linear,,,1.201,9.433,0,16.4405,0,16.4405
aten::t,,,0.755,1.89,0,0,0,0
aten::transpose,,,0.392,1.135,0,0,0,0
aten::as_strided,,,0.743,0.743,0,0,0,0
aten::matmul,,,2.516,6.342,0,16.4405,0,16.4405
empty_tensor,,,1.345,1.345,0,0,0,0
aclnnMatmul,,,2.481,2.481,16.4405,16.4405,16.4405,16.4405
vllm::maybe_chunk_residual,,,4.339,4.339,0,0,0,0
_C_ascend::npu_add_rms_norm_bias,,,8.218,17.042,0,1.66,0,0
aten::empty,,,0.395,1.543,0,0,0,0
empty_tensor,,,1.148,1.148,0,0,0,0
aten::empty,,,0.2,1.11,0,0,0,0
empty_tensor,,,0.91,0.91,0,0,0,0
aten::empty,,,0.624,1.427,0,0,0,0
empty_tensor,,,0.803,0.803,0,0,0,0
aten::empty,,,0.437,2.245,0,0,0,0
empty_tensor,,,1.808,1.808,0,0,0,0
aclnnAddRmsNormBias,,,2.499,2.499,1.66,1.66,0,0
vllm::unquantized_gemm,,,4.35,18.86,0,8.2805,0,7.1605
aten::linear,,,1.304,14.51,0,8.2805,0,7.1605
aten::t,,,0.56,1.722,0,0,0,0
aten::transpose,,,0.44,1.162,0,0,0,0
aten::as_strided,,,0.722,0.722,0,0,0,0
aten::addmm,,,6.03,11.484,0,8.2805,0,7.1605
empty_tensor,,,1.398,1.398,0,0,0,0
aclnnAddmm,,,4.056,4.056,8.2805,8.2805,7.1605,7.1605
aten::split_with_sizes,,,1.466,2.867,0,0,0,0
aten::as_strided,,,0.681,0.681,0,0,0,0
aten::as_strided,,,0.37,0.37,0,0,0,0
aten::as_strided,,,0.35,0.35,0,0,0,0
vllm::npu_rotary_embedding,,,202.384,209.399,0,2.84,0,0
aten::view,,,0.965,0.965,0,0,0,0
aten::view,,,0.529,0.529,0,0,0,0
_triton_rope,,,3.685,3.685,2.84,2.84,0,0
aten::view,,,1.193,1.193,0,0,0,0
aten::view,,,0.643,0.643,0,0,0,0
aten::empty,,,0.652,2.901,0,0,0,0
empty_tensor,,,2.249,2.249,0,0,0,0
aten::view,,,0.65,0.65,0,0,0,0
aten::view,,,0.498,0.498,0,0,0,0
aten::view,,,0.462,0.462,0,0,0,0
aten::view,,,0.525,0.525,0,0,0,0
vllm::unified_attention_with_output,,,99.324,851.626,0,21.0405,0,0
P12/A/0143/attention,,,322.283,752.302,0,21.0405,0,0
aten::slice,,,1.085,2.406,0,0,0,0
aten::as_strided,,,1.321,1.321,0,0,0,0
aten::slice,,,0.539,0.842,0,0,0,0
aten::as_strided,,,0.303,0.303,0,0,0,0
aten::slice,,,2.104,2.76,0,0,0,0
aten::as_strided,,,0.656,0.656,0,0,0,0
P12/A/0144/cache_write,,,99.753,118.915,0,1.58,0,0
atb::_npu_reshape_and_cache,,,16.338,19.162,0,1.58,0,0
ReshapeCacheOperation,,,2.824,2.824,1.58,1.58,0,0
P12/A/0145/fia,,,201.994,290.177,0,19.4605,0,0
aten::view,,,2.824,2.824,0,0,0,0
aten::view,,,0.96,0.96,0,0,0,0
aten::slice,,,0.607,1.557,0,0,0,0
aten::as_strided,,,0.95,0.95,0,0,0,0
npu::npu_fused_infer_attention_score,,,38.589,48.184,0,18.8805,0,0
empty_tensor,,,4.237,4.237,0,0,0,0
empty_tensor,,,1.099,1.099,0,0,0,0
empty_tensor,,,0.739,0.739,0,0,0,0
empty_tensor,,,0.663,0.663,0,0,0,0
aclnnFusedInferAttentionScoreV3,,,2.857,2.857,18.8805,18.8805,0,0
aten::view,,,0.961,0.961,0,0,0,0
aten::slice,,,0.594,1.498,0,0,0,0
aten::as_strided,,,0.904,0.904,0,0,0,0
aten::copy_,,,20.619,32.199,0,0.58,0,0
aclnnInplaceCopy,,,11.58,11.58,0.58,0.58,0,0
aten::slice,,,0.527,1.419,0,0,0,0
aten::as_strided,,,0.892,0.892,0,0,0,0
aten::copy_,,,11.011,13.5,0,0,0,0
aclnnInplaceCopy,,,2.489,2.489,0,0,0,0
aten::view,,,1.18,1.18,0,0,0,0
vllm::unquantized_gemm,,,6.877,24.492,0,5.38,0,5.38
aten::linear,,,1.552,17.615,0,5.38,0,5.38
aten::t,,,1.794,4.102,0,0,0,0
aten::transpose,,,1.054,2.308,0,0,0,0
aten::as_strided,,,1.254,1.254,0,0,0,0
aten::matmul,,,6.574,11.961,0,5.38,0,5.38
empty_tensor,,,3.075,3.075,0,0,0,0
aclnnMatmul,,,2.312,2.312,5.38,5.38,5.38,5.38
vllm::maybe_chunk_residual,,,5.136,5.136,0,0,0,0
_C_ascend::npu_add_rms_norm_bias,,,14.565,25.271,0,1.72,0,0
aten::empty,,,0.953,2.865,0,0,0,0
empty_tensor,,,1.912,1.912,0,0,0,0
aten::empty,,,0.201,1.535,0,0,0,0
empty_tensor,,,1.334,1.334,0,0,0,0
aten::empty,,,0.447,1.117,0,0,0,0
empty_tensor,,,0.67,0.67,0,0,0,0
aten::empty,,,0.403,2.134,0,0,0,0
empty_tensor,,,1.731,1.731,0,0,0,0
aclnnAddRmsNormBias,,,3.055,3.055,1.72,1.72,0,0
vllm::unquantized_gemm,,,3.944,15.188,0,19.541,0,19.541
aten::linear,,,0.847,11.244,0,19.541,0,19.541
aten::t,,,0.866,2.745,0,0,0,0
aten::transpose,,,0.432,1.879,0,0,0,0
aten::as_strided,,,1.447,1.447,0,0,0,0
aten::matmul,,,3.68,7.652,0,19.541,0,19.541
empty_tensor,,,1.612,1.612,0,0,0,0
aclnnMatmul,,,2.36,2.36,19.541,19.541,19.541,19.541
npu::npu_swiglu,,,10.035,13.478,0,3.16,0,0
empty_tensor,,,1.053,1.053,0,0,0,0
aclnnSwiGlu,,,2.39,2.39,3.16,3.16,0,0
vllm::unquantized_gemm,,,3.449,11.941,0,16.221,0,16.221
aten::linear,,,0.997,8.492,0,16.221,0,16.221
aten::t,,,0.588,1.752,0,0,0,0
aten::transpose,,,0.461,1.164,0,0,0,0
aten::as_strided,,,0.703,0.703,0,0,0,0
aten::matmul,,,2.32,5.743,0,16.221,0,16.221
empty_tensor,,,0.998,0.998,0,0,0,0
aclnnMatmul,,,2.425,2.425,16.221,16.221,16.221,16.221
vllm::maybe_chunk_residual,,,4.077,4.077,0,0,0,0
_C_ascend::npu_add_rms_norm_bias,,,7.43,21.114,0,1.78,0,0
aten::empty,,,0.355,1.416,0,0,0,0
empty_tensor,,,1.061,1.061,0,0,0,0
aten::empty,,,0.199,1.14,0,0,0,0
empty_tensor,,,0.941,0.941,0,0,0,0
aten::empty,,,0.203,1.336,0,0,0,0
empty_tensor,,,1.133,1.133,0,0,0,0
aten::empty,,,0.294,1.743,0,0,0,0
empty_tensor,,,1.449,1.449,0,0,0,0
aclnnAddRmsNormBias,,,8.049,8.049,1.78,1.78,0,0
vllm::unquantized_gemm,,,4.215,16.286,0,7.96,0,6.76
aten::linear,,,1.131,12.071,0,7.96,0,6.76
aten::t,,,0.61,1.625,0,0,0,0
aten::transpose,,,0.347,1.015,0,0,0,0
aten::as_strided,,,0.668,0.668,0,0,0,0
aten::addmm,,,6.188,9.315,0,7.96,0,6.76
empty_tensor,,,1.505,1.505,0,0,0,0
aclnnAddmm,,,1.622,1.622,7.96,7.96,6.76,6.76
aten::split_with_sizes,,,1.418,2.65,0,0,0,0
aten::as_strided,,,0.631,0.631,0,0,0,0
aten::as_strided,,,0.371,0.371,0,0,0,0
aten::as_strided,,,0.23,0.23,0,0,0,0
vllm::npu_rotary_embedding,,,201.661,208.207,0,3.3,0,0
aten::view,,,0.926,0.926,0,0,0,0
aten::view,,,0.539,0.539,0,0,0,0
_triton_rope,,,3.193,3.193,3.3,3.3,0,0
aten::view,,,1.223,1.223,0,0,0,0
aten::view,,,0.665,0.665,0,0,0,0
aten::empty,,,0.605,2.8,0,0,0,0
empty_tensor,,,2.195,2.195,0,0,0,0
aten::view,,,0.844,0.844,0,0,0,0
aten::view,,,0.631,0.631,0,0,0,0
aten::view,,,0.544,0.544,0,0,0,0
aten::view,,,0.499,0.499,0,0,0,0
vllm::unified_attention_with_output,,,99.928,831.061,0,21.901,0,0
P12/A/0146/attention,,,304.184,731.133,0,21.901,0,0
aten::slice,,,0.921,2.136,0,0,0,0
aten::as_strided,,,1.215,1.215,0,0,0,0
aten::slice,,,0.441,0.695,0,0,0,0
aten::as_strided,,,0.254,0.254,0,0,0,0
aten::slice,,,1.995,2.73,0,0,0,0
aten::as_strided,,,0.735,0.735,0,0,0,0
P12/A/0147/cache_write,,,97.757,119.074,0,1.5405,0,0
atb::_npu_reshape_and_cache,,,18.627,21.317,0,1.5405,0,0
ReshapeCacheOperation,,,2.69,2.69,1.5405,1.5405,0,0
P12/A/0148/fia,,,201.446,286.75,0,20.3605,0,0
aten::view,,,2.944,2.944,0,0,0,0
aten::view,,,1.275,1.275,0,0,0,0
aten::slice,,,0.844,1.979,0,0,0,0
aten::as_strided,,,1.135,1.135,0,0,0,0
npu::npu_fused_infer_attention_score,,,38.903,51.496,0,19.8005,0,0
empty_tensor,,,4.335,4.335,0,0,0,0
empty_tensor,,,1.227,1.227,0,0,0,0
empty_tensor,,,1.088,1.088,0,0,0,0
empty_tensor,,,0.865,0.865,0,0,0,0
aclnnFusedInferAttentionScoreV3,,,5.078,5.078,19.8005,19.8005,0,0
aten::view,,,1.015,1.015,0,0,0,0
aten::slice,,,0.514,1.382,0,0,0,0
aten::as_strided,,,0.868,0.868,0,0,0,0
aten::copy_,,,22.728,25.213,0,0.56,0,0
aclnnInplaceCopy,,,2.485,2.485,0.56,0.56,0,0
aten::slice,,,0.572,1.477,0,0,0,0
aten::as_strided,,,0.905,0.905,0,0,0,0
aten::copy_,,,11.222,14.087,0,0,0,0
aclnnInplaceCopy,,,2.865,2.865,0,0,0,0
aten::view,,,1.244,1.244,0,0,0,0
vllm::unquantized_gemm,,,6.818,25.087,0,5.38,0,5.38
aten::linear,,,1.54,18.269,0,5.38,0,5.38
aten::t,,,1.789,4.057,0,0,0,0
aten::transpose,,,1.128,2.268,0,0,0,0
aten::as_strided,,,1.14,1.14,0,0,0,0
aten::matmul,,,6.787,12.672,0,5.38,0,5.38
empty_tensor,,,3.078,3.078,0,0,0,0
aclnnMatmul,,,2.807,2.807,5.38,5.38,5.38,5.38
vllm::maybe_chunk_residual,,,5.012,5.012,0,0,0,0
_C_ascend::npu_add_rms_norm_bias,,,14.364,32.931,0,1.7,0,0
aten::empty,,,1.11,3.238,0,0,0,0
empty_tensor,,,2.128,2.128,0,0,0,0
aten::empty,,,0.978,1.999,0,0,0,0
empty_tensor,,,1.021,1.021,0,0,0,0
aten::empty,,,0.213,1.135,0,0,0,0
empty_tensor,,,0.922,0.922,0,0,0,0
aten::empty,,,0.324,2.488,0,0,0,0
empty_tensor,,,2.164,2.164,0,0,0,0
aclnnAddRmsNormBias,,,9.707,9.707,1.7,1.7,0,0
vllm::unquantized_gemm,,,4.4,14.513,0,19.481,0,19.481
aten::linear,,,0.785,10.113,0,19.481,0,19.481
aten::t,,,0.786,2.492,0,0,0,0
aten::transpose,,,0.528,1.706,0,0,0,0
aten::as_strided,,,1.178,1.178,0,0,0,0
aten::matmul,,,3.955,6.836,0,19.481,0,19.481
empty_tensor,,,1.224,1.224,0,0,0,0
aclnnMatmul,,,1.657,1.657,19.481,19.481,19.481,19.481
npu::npu_swiglu,,,9.727,13.048,0,3.06,0,0
empty_tensor,,,1.336,1.336,0,0,0,0
aclnnSwiGlu,,,1.985,1.985,3.06,3.06,0,0
vllm::unquantized_gemm,,,3.408,12.028,0,16.5805,0,16.5805
aten::linear,,,1.506,8.62,0,16.5805,0,16.5805
aten::t,,,0.712,1.771,0,0,0,0
aten::transpose,,,0.358,1.059,0,0,0,0
aten::as_strided,,,0.701,0.701,0,0,0,0
aten::matmul,,,2.428,5.343,0,16.5805,0,16.5805
empty_tensor,,,1.485,1.485,0,0,0,0
aclnnMatmul,,,1.43,1.43,16.5805,16.5805,16.5805,16.5805
vllm::maybe_chunk_residual,,,4.274,4.274,0,0,0,0
_C_ascend::npu_add_rms_norm_bias,,,8.718,17.783,0,1.68,0,0
aten::empty,,,0.374,1.499,0,0,0,0
empty_tensor,,,1.125,1.125,0,0,0,0
aten::empty,,,0.307,1.085,0,0,0,0
empty_tensor,,,0.778,0.778,0,0,0,0
aten::empty,,,0.348,2.241,0,0,0,0
empty_tensor,,,1.893,1.893,0,0,0,0
aten::empty,,,0.432,2.057,0,0,0,0
empty_tensor,,,1.625,1.625,0,0,0,0
aclnnAddRmsNormBias,,,2.183,2.183,1.68,1.68,0,0
vllm::unquantized_gemm,,,4.307,16.45,0,8.6205,0,7.4605
aten::linear,,,1.101,12.143,0,8.6205,0,7.4605
aten::t,,,1.011,2.044,0,0,0,0
aten::transpose,,,0.434,1.033,0,0,0,0
aten::as_strided,,,0.599,0.599,0,0,0,0
aten::addmm,,,6.017,8.998,0,8.6205,0,7.4605
empty_tensor,,,1.374,1.374,0,0,0,0
aclnnAddmm,,,1.607,1.607,8.6205,8.6205,7.4605,7.4605
aten::split_with_sizes,,,1.455,2.872,0,0,0,0
aten::as_strided,,,0.696,0.696,0,0,0,0
aten::as_strided,,,0.37,0.37,0,0,0,0
aten::as_strided,,,0.351,0.351,0,0,0,0
vllm::npu_rotary_embedding,,,201.121,208.986,0,3.0205,0,0
aten::view,,,0.97,0.97,0,0,0,0
aten::view,,,0.464,0.464,0,0,0,0
_triton_rope,,,4.49,4.49,3.0205,3.0205,0,0
aten::view,,,1.325,1.325,0,0,0,0
aten::view,,,0.616,0.616,0,0,0,0
aten::empty,,,0.63,2.99,0,0,0,0
empty_tensor,,,2.36,2.36,0,0,0,0
aten::view,,,0.718,0.718,0,0,0,0
aten::view,,,0.505,0.505,0,0,0,0
aten::view,,,0.447,0.447,0,0,0,0
aten::view,,,0.433,0.433,0,0,0,0
vllm::unified_attention_with_output,,,95.019,819.858,0,23.0005,0,0
P12/A/0149/attention,,,301.38,724.839,0,23.0005,0,0
aten::slice,,,1.02,2.303,0,0,0,0
aten::as_strided,,,1.283,1.283,0,0,0,0
aten::slice,,,0.406,0.885,0,0,0,0
aten::as_strided,,,0.479,0.479,0,0,0,0
aten::slice,,,2.03,2.731,0,0,0,0
aten::as_strided,,,0.701,0.701,0,0,0,0
P12/A/0150/cache_write,,,99.035,120.582,0,1.58,0,0
atb::_npu_reshape_and_cache,,,16.466,21.547,0,1.58,0,0
ReshapeCacheOperation,,,5.081,5.081,1.58,1.58,0,0
P12/A/0151/fia,,,201.119,282.665,0,21.420499999999997,0,0
aten::view,,,2.808,2.808,0,0,0,0
aten::view,,,1.142,1.142,0,0,0,0
aten::slice,,,0.723,1.75,0,0,0,0
aten::as_strided,,,1.027,1.027,0,0,0,0
npu::npu_fused_infer_attention_score,,,39.337,49.591,0,20.8405,0,0
empty_tensor,,,4.181,4.181,0,0,0,0
empty_tensor,,,1.47,1.47,0,0,0,0
empty_tensor,,,0.927,0.927,0,0,0,0
empty_tensor,,,0.75,0.75,0,0,0,0
aclnnFusedInferAttentionScoreV3,,,2.926,2.926,20.8405,20.8405,0,0
aten::view,,,0.96,0.96,0,0,0,0
aten::slice,,,0.513,1.358,0,0,0,0
aten::as_strided,,,0.845,0.845,0,0,0,0
aten::copy_,,,21.335,23.937,0,0.58,0,0
aclnnInplaceCopy,,,2.602,2.602,0.58,0.58,0,0
aten::slice,,,0.522,1.334,0,0,0,0
aten::as_strided,,,0.812,0.812,0,0,0,0
aten::copy_,,,10.559,12.959,0,0,0,0
aclnnInplaceCopy,,,2.4,2.4,0,0,0,0
aten::view,,,1.092,1.092,0,0,0,0
vllm::unquantized_gemm,,,6.778,25.401,0,5.54,0,5.54
aten::linear,,,2.465,18.623,0,5.54,0,5.54
aten::t,,,1.794,4.009,0,0,0,0
aten::transpose,,,1.123,2.215,0,0,0,0
aten::as_strided,,,1.092,1.092,0,0,0,0
aten::matmul,,,6.669,12.149,0,5.54,0,5.54
empty_tensor,,,3.127,3.127,0,0,0,0
aclnnMatmul,,,2.353,2.353,5.54,5.54,5.54,5.54
vllm::maybe_chunk_residual,,,5.216,5.216,0,0,0,0
_C_ascend::npu_add_rms_norm_bias,,,13.967,24.815,0,1.8,0,0
aten::empty,,,0.933,3.013,0,0,0,0
empty_tensor,,,2.08,2.08,0,0,0,0
aten::empty,,,0.319,1.572,0,0,0,0
empty_tensor,,,1.253,1.253,0,0,0,0
aten::empty,,,0.2,1.013,0,0,0,0
empty_tensor,,,0.813,0.813,0,0,0,0
aten::empty,,,0.657,2.554,0,0,0,0
empty_tensor,,,1.897,1.897,0,0,0,0
aclnnAddRmsNormBias,,,2.696,2.696,1.8,1.8,0,0
vllm::unquantized_gemm,,,3.66,16.121,0,19.081,0,19.081
aten::linear,,,0.928,12.461,0,19.081,0,19.081
aten::t,,,0.832,2.28,0,0,0,0
aten::transpose,,,0.536,1.448,0,0,0,0
aten::as_strided,,,0.912,0.912,0,0,0,0
aten::matmul,,,3.64,9.253,0,19.081,0,19.081
empty_tensor,,,1.317,1.317,0,0,0,0
aclnnMatmul,,,4.296,4.296,19.081,19.081,19.081,19.081
npu::npu_swiglu,,,10.076,12.944,0,3.16,0,0
empty_tensor,,,1.313,1.313,0,0,0,0
aclnnSwiGlu,,,1.555,1.555,3.16,3.16,0,0
vllm::unquantized_gemm,,,3.694,19.222,0,16.3805,0,16.3805
aten::linear,,,0.735,15.528,0,16.3805,0,16.3805
aten::t,,,0.623,2.145,0,0,0,0
aten::transpose,,,0.763,1.522,0,0,0,0
aten::as_strided,,,0.759,0.759,0,0,0,0
aten::matmul,,,2.386,12.648,0,16.3805,0,16.3805
empty_tensor,,,1.365,1.365,0,0,0,0
aclnnMatmul,,,8.897,8.897,16.3805,16.3805,16.3805,16.3805
vllm::maybe_chunk_residual,,,4.226,4.226,0,0,0,0
_C_ascend::npu_add_rms_norm_bias,,,8.73,16.899,0,1.7005,0,0
aten::empty,,,0.372,1.499,0,0,0,0
empty_tensor,,,1.127,1.127,0,0,0,0
aten::empty,,,0.237,1.379,0,0,0,0
empty_tensor,,,1.142,1.142,0,0,0,0
aten::empty,,,0.473,1.161,0,0,0,0
empty_tensor,,,0.688,0.688,0,0,0,0
aten::empty,,,0.376,1.846,0,0,0,0
empty_tensor,,,1.47,1.47,0,0,0,0
aclnnAddRmsNormBias,,,2.284,2.284,1.7005,1.7005,0,0
aten::index,,,7.166,11.482,0,8.5205,0,0
empty_tensor,,,0.878,0.878,0,0,0,0
empty_tensor,,,0.875,0.875,0,0,0,0
aclnnIndex,,,2.563,2.563,8.5205,8.5205,0,0
aten::linear,,,0.641,8.775,0,219.9085,0,219.9085
aten::t,,,0.68,1.95,0,0,0,0
aten::transpose,,,0.535,1.27,0,0,0,0
aten::as_strided,,,0.735,0.735,0,0,0,0
aten::matmul,,,3.148,6.184,0,219.9085,0,219.9085
empty_tensor,,,1.527,1.527,0,0,0,0
aclnnMatmul,,,1.509,1.509,219.9085,219.9085,219.9085,219.9085
aten::alias,,,1.016,1.016,0,0,0,0
P12/A/0152/sample,,,892.342,1411.595,0,405.016,0,0
aten::to,,,0.905,16.924,0,8.5805,0,0
aten::_to_copy,,,2.398,16.019,0,8.5805,0,0
aten::empty,,,0.926,4.617,0,0,0,0
empty_tensor,,,3.691,3.691,0,0,0,0
aten::copy_,,,5.929,9.004,0,8.5805,0,0
aclnnInplaceCopy,,,3.075,3.075,8.5805,8.5805,0,0
aten::lift_fresh,,,1.144,1.144,0,0,0,0
aten::to,,,0.958,0.958,0,0,0,0
aten::pin_memory,,,1.176,28.926,0,0,0,0
aten::is_pinned,,,11.52,11.52,0,0,0,0
aten::_pin_memory,,,8.535,16.23,0,0,0,0
aten::set_,,,1.612,1.612,0,0,0,0
aten::copy_,,,6.083,6.083,0,0,0,0
aten::to,,,0.632,15.015,0,2.7405,0,0
aten::_to_copy,,,1.84,14.383,0,2.7405,0,0
aten::empty_strided,,,3.293,4.739,0,0,0,0
empty_tensor,,,1.446,1.446,0,0,0,0
aten::copy_,,,5.124,7.804,0,2.7405,0,0
acl_memcpy_host_to_device,,,2.68,2.68,2.7405,2.7405,0,0
record_event,,,3.245,3.245,0.02,0.02,0,0
aten::eq,,,4.562,10.655,0,2.54,0,0
empty_tensor,,,1.781,1.781,0,0,0,0
aclnnEqScalar,,,4.312,4.312,2.54,2.54,0,0
aten::masked_fill_,,,34.751,37.146,0,125.405,0,0
aclnnInplaceMaskedFillScalar,,,2.395,2.395,125.405,125.405,0,0
aten::zeros,,,1.837,7.14,0,8.42,0,0
empty_tensor,,,1.794,1.794,0,0,0,0
aten::zero_,,,2.775,3.509,0,8.42,0,0
aclnnInplaceZero,,,0.734,0.734,8.42,8.42,0,0
token_bin_counts_and_mask_kernel,,,3.602,3.602,60.8825,60.8825,0,0
aten::gt,,,6.048,9.566,0,25.320999999999998,0,0
empty_tensor,,,2.013,2.013,0,0,0,0
aclnnGtScalar,,,1.505,1.505,25.320999999999998,25.320999999999998,0,0
aten::zeros,,,0.884,5.444,0,2.58,0,0
empty_tensor,,,1.63,1.63,0,0,0,0
aten::zero_,,,1.93,2.93,0,2.58,0,0
aclnnInplaceZero,,,1.0,1.0,2.58,2.58,0,0
token_bin_counts_and_mask_kernel,,,2.643,2.643,57.042,57.042,0,0
aten::gt,,,4.223,10.767,0,12.1405,0,0
empty_tensor,,,1.769,1.769,0,0,0,0
aclnnGtScalar,,,4.775,4.775,12.1405,12.1405,0,0
apply_all_penalties_kernel,,,9.77,9.77,75.823,75.823,0,0
aten::argmax,,,2.858,17.62,0,19.961000000000002,0,0
aten::empty,,,0.765,2.615,0,0,0,0
empty_tensor,,,1.85,1.85,0,0,0,0
aten::argmax,,,7.046,12.147,0,19.961000000000002,0,0
aten::reshape,,,0.682,2.519,0,0,0,0
aten::view,,,1.837,1.837,0,0,0,0
aclnnArgMax,,,2.582,2.582,19.961000000000002,19.961000000000002,0,0
aten::view,,,0.631,0.631,0,0,0,0
aten::to,,,0.409,0.409,0,0,0,0
aten::to,,,0.416,7.93,0,1.42,0,0
aten::_to_copy,,,1.186,7.514,0,1.42,0,0
aten::empty,,,0.396,2.099,0,0,0,0
empty_tensor,,,1.703,1.703,0,0,0,0
aten::copy_,,,3.28,4.229,0,1.42,0,0
aclnnInplaceCopy,,,0.949,0.949,1.42,1.42,0,0
aten::unsqueeze,,,1.165,2.518,0,0,0,0
aten::as_strided,,,1.353,1.353,0,0,0,0
P12/A/0153/to_list,,,152.901,323.745,0,2.14,0,0
aten::slice,,,4.028,5.33,0,0,0,0
aten::as_strided,,,1.302,1.302,0,0,0,0
aten::copy_,,,8.59,11.001,0,2.12,0,0
acl_memcpy_device_to_host,,,2.411,2.411,2.12,2.12,0,0
Event::record,,,107.562,109.977,0,0.02,0,0
record_event,,,2.415,2.415,0.02,0.02,0,0
Event::synchronize,,,42.77,42.77,0,0,0,0
aten::resolve_conj,,,0.322,0.322,0,0,0,0
aten::resolve_neg,,,1.444,1.444,0,0,0,0
aten::slice,,,1.445,3.455,0,0,0,0
aten::as_strided,,,2.01,2.01,0,0,0,0
P12/A/0154/manager_free,,,142.991,218.448,0,0,0,0
P12/A/0155/pool_free,,,75.457,75.457,0,0,0,0
aten::slice,,,4.673,7.556,0,0,0,0
aten::as_strided,,,2.883,2.883,0,0,0,0
aten::slice,,,0.658,1.12,0,0,0,0
aten::as_strided,,,0.462,0.462,0,0,0,0
aten::slice,,,0.725,1.066,0,0,0,0
aten::as_strided,,,0.341,0.341,0,0,0,0
P12/B/0156/allocate,,,200.06,287.712,0,0,0,0
P12/B/0157/pool_allocate,,,87.652,87.652,0,0,0,0
P12/B/0158/runner,,,8285.929,38953.628,0,4617.433,0,1736.6905
aten::slice,,,4.687,7.728,0,0,0,0
aten::as_strided,,,3.041,3.041,0,0,0,0
aten::slice,,,1.245,2.453,0,0,0,0
aten::as_strided,,,1.208,1.208,0,0,0,0
aten::copy_,,,16.543,21.448,0,2.78,0,0
acl_memcpy_host_to_device,,,4.905,4.905,2.78,2.78,0,0
aten::slice,,,0.807,1.28,0,0,0,0
aten::as_strided,,,0.473,0.473,0,0,0,0
aten::slice,,,0.951,1.312,0,0,0,0
aten::as_strided,,,0.361,0.361,0,0,0,0
aten::copy_,,,2.465,3.356,0,2.82,0,0
acl_memcpy_host_to_device,,,0.891,0.891,2.82,2.82,0,0
aten::slice,,,0.497,0.824,0,0,0,0
aten::as_strided,,,0.327,0.327,0,0,0,0
aten::slice,,,1.152,1.511,0,0,0,0
aten::as_strided,,,0.359,0.359,0,0,0,0
aten::copy_,,,2.357,4.333,0,2.76,0,0
acl_memcpy_host_to_device,,,1.976,1.976,2.76,2.76,0,0
aten::empty,,,5.788,5.788,0,0,0,0
aten::detach,,,0.829,0.829,0,0,0,0
aten::to,,,0.755,0.755,0,0,0,0
aten::resolve_conj,,,0.329,0.329,0,0,0,0
aten::resolve_neg,,,0.2,0.2,0,0,0,0
aten::to,,,0.825,23.639,0,3.18,0,0
aten::_to_copy,,,2.446,22.814,0,3.18,0,0
aten::empty_strided,,,5.048,7.722,0,0,0,0
empty_tensor,,,2.674,2.674,0,0,0,0
aten::copy_,,,3.018,12.646,0,3.18,0,0
acl_memcpy_host_to_device,,,9.628,9.628,3.18,3.18,0,0
aten::slice,,,2.622,3.19,0,0,0,0
aten::as_strided,,,0.568,0.568,0,0,0,0
aten::slice,,,0.615,0.874,0,0,0,0
aten::as_strided,,,0.259,0.259,0,0,0,0
aten::slice,,,0.421,0.706,0,0,0,0
aten::as_strided,,,0.285,0.285,0,0,0,0
record_event,,,2.961,2.961,0.02,0.02,0,0
aten::slice,,,0.743,1.723,0,0,0,0
aten::as_strided,,,0.98,0.98,0,0,0,0
aten::slice,,,0.741,1.167,0,0,0,0
aten::as_strided,,,0.426,0.426,0,0,0,0
aten::copy_,,,2.938,13.928,0,2.76,0,0
acl_memcpy_host_to_device,,,10.99,10.99,2.76,2.76,0,0
aten::lift_fresh,,,0.266,0.266,0,0,0,0
aten::lift_fresh,,,0.151,0.151,0,0,0,0
aten::flatten,,,1.099,3.094,0,0,0,0
aten::view,,,1.995,1.995,0,0,0,0
aten::slice,,,0.969,1.307,0,0,0,0
aten::as_strided,,,0.338,0.338,0,0,0,0
aten::index_select,,,2.5,2.5,0,0,0,0
aten::copy_,,,3.331,5.447,0,2.78,0,0
acl_memcpy_host_to_device,,,2.116,2.116,2.78,2.78,0,0
aten::slice,,,0.78,0.955,0,0,0,0
aten::as_strided,,,0.175,0.175,0,0,0,0
aten::lift_fresh,,,0.22,0.22,0,0,0,0
aten::slice,,,0.903,1.115,0,0,0,0
aten::as_strided,,,0.212,0.212,0,0,0,0
aten::add,,,5.372,5.372,0,0,0,0
aten::slice,,,0.488,0.72,0,0,0,0
aten::as_strided,,,0.232,0.232,0,0,0,0
aten::fill_,,,2.135,2.135,0,0,0,0
aten::slice,,,0.568,1.824,0,0,0,0
aten::as_strided,,,1.256,1.256,0,0,0,0
aten::fill_,,,7.939,10.897,0,1.14,0,0
aclnnInplaceFillScalar,,,2.958,2.958,1.14,1.14,0,0
aten::slice,,,0.702,1.247,0,0,0,0
aten::as_strided,,,0.545,0.545,0,0,0,0
aten::slice,,,0.655,0.857,0,0,0,0
aten::as_strided,,,0.202,0.202,0,0,0,0
aten::copy_,,,2.383,3.128,0,2.86,0,0
acl_memcpy_host_to_device,,,0.745,0.745,2.86,2.86,0,0
aten::slice,,,0.544,0.793,0,0,0,0
aten::as_strided,,,0.249,0.249,0,0,0,0
aten::detach,,,0.85,0.85,0,0,0,0
aten::to,,,0.318,0.318,0,0,0,0
aten::resolve_conj,,,0.214,0.214,0,0,0,0
aten::resolve_neg,,,0.278,0.278,0,0,0,0
aten::slice,,,0.612,1.335,0,0,0,0
aten::as_strided,,,0.723,0.723,0,0,0,0
aten::slice,,,0.415,0.629,0,0,0,0
aten::as_strided,,,0.214,0.214,0,0,0,0
aten::copy_,,,0.285,0.285,0,0,0,0
aten::slice,,,0.876,1.198,0,0,0,0
aten::as_strided,,,0.322,0.322,0,0,0,0
aten::slice,,,0.862,1.139,0,0,0,0
aten::as_strided,,,0.277,0.277,0,0,0,0
aten::copy_,,,2.577,4.933,0,2.7,0,0
acl_memcpy_host_to_device,,,2.356,2.356,2.7,2.7,0,0
aten::fill_,,,2.376,10.481,0,1.08,0,0
aclnnInplaceFillScalar,,,8.105,8.105,1.08,1.08,0,0
aten::slice,,,0.832,1.247,0,0,0,0
aten::as_strided,,,0.415,0.415,0,0,0,0
aten::slice,,,0.753,1.193,0,0,0,0
aten::as_strided,,,0.44,0.44,0,0,0,0
aten::copy_,,,2.066,2.87,0,2.76,0,0
acl_memcpy_host_to_device,,,0.804,0.804,2.76,2.76,0,0
aten::slice,,,0.674,1.004,0,0,0,0
aten::as_strided,,,0.33,0.33,0,0,0,0
aten::slice,,,0.765,1.11,0,0,0,0
aten::as_strided,,,0.345,0.345,0,0,0,0
aten::copy_,,,2.038,3.425,0,3.0,0,0
acl_memcpy_host_to_device,,,1.387,1.387,3.0,3.0,0,0
aten::slice,,,0.701,0.982,0,0,0,0
aten::as_strided,,,0.281,0.281,0,0,0,0
aten::slice,,,0.519,0.813,0,0,0,0
aten::as_strided,,,0.294,0.294,0,0,0,0
aten::slice,,,0.673,0.96,0,0,0,0
aten::as_strided,,,0.287,0.287,0,0,0,0
aten::copy_,,,2.13,3.885,0,2.98,0,0
acl_memcpy_host_to_device,,,1.755,1.755,2.98,2.98,0,0
aten::slice,,,0.541,0.886,0,0,0,0
aten::as_strided,,,0.345,0.345,0,0,0,0
aten::slice,,,0.462,0.619,0,0,0,0
aten::as_strided,,,0.157,0.157,0,0,0,0
aten::copy_,,,1.932,3.362,0,2.8805,0,0
acl_memcpy_host_to_device,,,1.43,1.43,2.8805,2.8805,0,0
aten::slice,,,0.72,1.018,0,0,0,0
aten::as_strided,,,0.298,0.298,0,0,0,0
aten::index,,,6.818,14.566,0,12.8005,0,0
empty_tensor,,,1.916,1.916,0,0,0,0
empty_tensor,,,3.135,3.135,0,0,0,0
aclnnIndex,,,2.697,2.697,12.8005,12.8005,0,0
aten::to,,,0.587,11.074,0,1.28,0,0
aten::_to_copy,,,1.885,10.487,0,1.28,0,0
aten::empty,,,0.608,1.969,0,0,0,0
empty_tensor,,,1.361,1.361,0,0,0,0
aten::copy_,,,4.9,6.633,0,1.28,0,0
aclnnInplaceCopy,,,1.733,1.733,1.28,1.28,0,0
aten::slice,,,0.745,1.192,0,0,0,0
aten::as_strided,,,0.447,0.447,0,0,0,0
aten::add,,,4.724,9.001,0,2.52,0,0
empty_tensor,,,1.143,1.143,0,0,0,0
aclnnAdd,,,3.134,3.134,2.52,2.52,0,0
aten::slice,,,0.652,1.358,0,0,0,0
aten::as_strided,,,0.706,0.706,0,0,0,0
aten::copy_,,,22.755,25.212,0,1.28,0,0
aclnnInplaceCopy,,,2.457,2.457,1.28,1.28,0,0
aten::slice,,,0.661,1.011,0,0,0,0
aten::as_strided,,,0.35,0.35,0,0,0,0
aten::add,,,2.431,4.452,0,1.24,0,0
empty_tensor,,,1.269,1.269,0,0,0,0
aclnnAdd,,,0.752,0.752,1.24,1.24,0,0
aten::copy_,,,5.584,6.597,0,0.62,0,0
aclnnInplaceCopy,,,1.013,1.013,0.62,0.62,0,0
aten::slice,,,0.603,0.958,0,0,0,0
aten::as_strided,,,0.355,0.355,0,0,0,0
aten::fill_,,,2.031,2.809,0,0,0,0
aclnnInplaceFillScalar,,,0.778,0.778,0,0,0,0
aten::slice,,,0.564,0.962,0,0,0,0
aten::as_strided,,,0.398,0.398,0,0,0,0
aten::slice,,,0.627,1.075,0,0,0,0
aten::as_strided,,,0.448,0.448,0,0,0,0
_compute_slot_mapping_kernel,,,3.882,3.882,120.025,120.025,0,0
aten::slice,,,1.102,1.829,0,0,0,0
aten::as_strided,,,0.727,0.727,0,0,0,0
aten::sub,,,5.992,11.521,0,1.2,0,0
empty_tensor,,,2.041,2.041,0,0,0,0
aten::item,,,0.761,1.303,0,0,0,0
aten::_local_scalar_dense,,,0.542,0.542,0,0,0,0
aclnnSubs,,,2.185,2.185,1.2,1.2,0,0
aten::detach,,,1.385,1.385,0,0,0,0
aten::to,,,0.57,0.57,0,0,0,0
aten::resolve_conj,,,0.244,0.244,0,0,0,0
aten::resolve_neg,,,0.08,0.08,0,0,0,0
aten::slice,,,1.445,2.705,0,0,0,0
aten::as_strided,,,1.26,1.26,0,0,0,0
aten::slice,,,0.522,1.122,0,0,0,0
aten::as_strided,,,0.6,0.6,0,0,0,0
aten::slice,,,0.807,1.504,0,0,0,0
aten::as_strided,,,0.697,0.697,0,0,0,0
aten::slice,,,1.044,1.589,0,0,0,0
aten::as_strided,,,0.545,0.545,0,0,0,0
aten::fill_,,,4.285,7.12,0,0,0,0
aclnnInplaceFillScalar,,,2.835,2.835,0,0,0,0
aten::slice,,,0.915,1.32,0,0,0,0
aten::as_strided,,,0.405,0.405,0,0,0,0
aten::fill_,,,1.698,9.187,0,0,0,0
aclnnInplaceFillScalar,,,7.489,7.489,0,0,0,0
aten::slice,,,0.878,1.284,0,0,0,0
aten::as_strided,,,0.406,0.406,0,0,0,0
aten::slice,,,0.475,0.633,0,0,0,0
aten::as_strided,,,0.158,0.158,0,0,0,0
aten::lt,,,5.763,5.763,0,0,0,0
aten::lift_fresh,,,0.25,0.25,0,0,0,0
aten::slice,,,0.509,0.785,0,0,0,0
aten::as_strided,,,0.276,0.276,0,0,0,0
aten::fill_,,,1.328,3.925,0,0,0,0
aten::copy_,,,2.597,2.597,0,0,0,0
aten::slice,,,0.56,0.745,0,0,0,0
aten::as_strided,,,0.185,0.185,0,0,0,0
aten::slice,,,0.709,1.219,0,0,0,0
aten::as_strided,,,0.51,0.51,0,0,0,0
aten::slice,,,0.708,1.02,0,0,0,0
aten::as_strided,,,0.312,0.312,0,0,0,0
aten::slice,,,0.431,0.76,0,0,0,0
aten::as_strided,,,0.329,0.329,0,0,0,0
aten::slice,,,0.634,0.858,0,0,0,0
aten::as_strided,,,0.224,0.224,0,0,0,0
aten::slice,,,0.707,0.831,0,0,0,0
aten::as_strided,,,0.124,0.124,0,0,0,0
aten::slice,,,0.665,0.885,0,0,0,0
aten::as_strided,,,0.22,0.22,0,0,0,0
aten::slice,,,0.814,1.104,0,0,0,0
aten::as_strided,,,0.29,0.29,0,0,0,0
aten::slice,,,0.873,1.178,0,0,0,0
aten::as_strided,,,0.305,0.305,0,0,0,0
aten::sub,,,2.918,2.918,0,0,0,0
aten::gt,,,4.182,10.087,0,0,0,0
aten::to,,,0.605,5.905,0,0,0,0
aten::_to_copy,,,1.642,5.3,0,0,0,0
aten::empty_strided,,,1.357,1.357,0,0,0,0
aten::copy_,,,2.301,2.301,0,0,0,0
aten::any,,,2.732,5.544,0,0,0,0
aten::view_as,,,0.823,1.571,0,0,0,0
aten::view,,,0.748,0.748,0,0,0,0
aten::to,,,0.238,0.238,0,0,0,0
aten::copy_,,,1.003,1.003,0,0,0,0
aten::is_nonzero,,,1.441,2.45,0,0,0,0
aten::item,,,0.596,1.009,0,0,0,0
aten::_local_scalar_dense,,,0.413,0.413,0,0,0,0
aten::to,,,0.22,2.602,0,0,0,0
aten::_to_copy,,,0.484,2.382,0,0,0,0
aten::empty_strided,,,0.599,0.599,0,0,0,0
aten::copy_,,,1.299,1.299,0,0,0,0
aten::argmax,,,1.576,1.889,0,0,0,0
aten::fill_,,,0.313,0.313,0,0,0,0
aten::item,,,0.214,0.416,0,0,0,0
aten::_local_scalar_dense,,,0.202,0.202,0,0,0,0
aten::select,,,2.853,3.164,0,0,0,0
aten::as_strided,,,0.311,0.311,0,0,0,0
aten::item,,,0.196,0.39,0,0,0,0
aten::_local_scalar_dense,,,0.194,0.194,0,0,0,0
aten::slice,,,0.709,1.073,0,0,0,0
aten::as_strided,,,0.364,0.364,0,0,0,0
aten::slice,,,0.631,1.196,0,0,0,0
aten::as_strided,,,0.565,0.565,0,0,0,0
aten::pin_memory,,,1.002,9.912,0,0,0,0
aten::is_pinned,,,8.91,8.91,0,0,0,0
aten::to,,,0.558,17.539,0,2.76,0,0
aten::_to_copy,,,1.737,16.981,0,2.76,0,0
aten::empty_strided,,,3.644,5.899,0,0,0,0
empty_tensor,,,2.255,2.255,0,0,0,0
aten::copy_,,,4.709,9.345,0,2.76,0,0
acl_memcpy_host_to_device,,,4.636,4.636,2.76,2.76,0,0
aten::resolve_conj,,,0.204,0.204,0,0,0,0
aten::resolve_neg,,,0.182,0.182,0,0,0,0
aten::slice,,,0.831,1.087,0,0,0,0
aten::as_strided,,,0.256,0.256,0,0,0,0
aten::resolve_conj,,,0.199,0.199,0,0,0,0
aten::resolve_neg,,,0.174,0.174,0,0,0,0
aten::slice,,,0.692,1.251,0,0,0,0
aten::as_strided,,,0.559,0.559,0,0,0,0
aten::slice,,,0.534,0.888,0,0,0,0
aten::as_strided,,,0.354,0.354,0,0,0,0
aten::index_select,,,7.49,12.672,0,12.0205,0,0
empty_tensor,,,2.705,2.705,0,0,0,0
aclnnIndexSelect,,,2.477,2.477,12.0205,12.0205,0,0
aten::view,,,1.413,1.413,0,0,0,0
aten::repeat,,,3.729,6.64,0,9.9805,0,0
empty_tensor,,,1.404,1.404,0,0,0,0
aclnnRepeat,,,1.507,1.507,9.9805,9.9805,0,0
aten::chunk,,,1.579,7.722,0,0,0,0
aten::split,,,1.1,6.143,0,0,0,0
aten::narrow,,,1.404,3.375,0,0,0,0
aten::slice,,,0.505,1.971,0,0,0,0
aten::as_strided,,,1.466,1.466,0,0,0,0
aten::narrow,,,0.431,1.668,0,0,0,0
aten::slice,,,0.32,1.237,0,0,0,0
aten::as_strided,,,0.917,0.917,0,0,0,0
aten::slice,,,0.833,1.646,0,0,0,0
aten::as_strided,,,0.813,0.813,0,0,0,0
aten::view,,,0.737,0.737,0,0,0,0
aten::expand,,,1.043,1.765,0,0,0,0
aten::as_strided,,,0.722,0.722,0,0,0,0
aten::copy_,,,3.275,5.79,0,3.6605,0,0
aclnnInplaceCopy,,,2.515,2.515,3.6605,3.6605,0,0
aten::index_select,,,3.048,5.561,0,9.58,0,0
empty_tensor,,,1.111,1.111,0,0,0,0
aclnnIndexSelect,,,1.402,1.402,9.58,9.58,0,0
aten::view,,,0.605,0.605,0,0,0,0
aten::repeat,,,1.963,3.451,0,5.1205,0,0
empty_tensor,,,0.854,0.854,0,0,0,0
aclnnRepeat,,,0.634,0.634,5.1205,5.1205,0,0
aten::chunk,,,0.454,3.46,0,0,0,0
aten::split,,,0.436,3.006,0,0,0,0
aten::narrow,,,0.445,1.35,0,0,0,0
aten::slice,,,0.343,0.905,0,0,0,0
aten::as_strided,,,0.562,0.562,0,0,0,0
aten::narrow,,,0.303,1.22,0,0,0,0
aten::slice,,,0.343,0.917,0,0,0,0
aten::as_strided,,,0.574,0.574,0,0,0,0
aten::slice,,,0.735,1.095,0,0,0,0
aten::as_strided,,,0.36,0.36,0,0,0,0
aten::view,,,0.455,0.455,0,0,0,0
aten::expand,,,0.261,0.771,0,0,0,0
aten::as_strided,,,0.51,0.51,0,0,0,0
aten::copy_,,,1.911,6.628,0,2.32,0,0
aclnnInplaceCopy,,,4.717,4.717,2.32,2.32,0,0
aten::slice,,,0.532,0.903,0,0,0,0
aten::as_strided,,,0.371,0.371,0,0,0,0
aten::slice,,,0.556,0.994,0,0,0,0
aten::as_strided,,,0.438,0.438,0,0,0,0
aten::to,,,0.53,14.427,0,1.16,0,0
aten::_to_copy,,,1.877,13.897,0,1.16,0,0
aten::empty,,,1.047,4.195,0,0,0,0
empty_tensor,,,3.148,3.148,0,0,0,0
aten::copy_,,,4.976,7.825,0,1.16,0,0
aclnnInplaceCopy,,,2.849,2.849,1.16,1.16,0,0
aten::embedding,,,3.487,8.629,0,9.6605,0,0
empty_tensor,,,1.678,1.678,0,0,0,0
aclnnEmbedding,,,3.464,3.464,9.6605,9.6605,0,0
vllm::maybe_pad_and_reduce,,,10.253,10.253,0,0,0,0
npu::npu_rms_norm,,,22.791,29.183,0,17.2605,0,0
empty_tensor,,,2.154,2.154,0,0,0,0
empty_tensor,,,1.563,1.563,0,0,0,0
aclnnRmsNorm,,,2.675,2.675,17.2605,17.2605,0,0
vllm::unquantized_gemm,,,6.021,23.156,0,10.2205,0,9.0605
aten::linear,,,1.731,17.135,0,10.2205,0,9.0605
aten::t,,,1.921,4.485,0,0,0,0
aten::transpose,,,1.227,2.564,0,0,0,0
aten::as_strided,,,1.337,1.337,0,0,0,0
aten::addmm,,,7.081,10.919,0,10.2205,0,9.0605
empty_tensor,,,1.594,1.594,0,0,0,0
aclnnAddmm,,,2.244,2.244,10.2205,10.2205,9.0605,9.0605
aten::split_with_sizes,,,1.294,2.732,0,0,0,0
aten::as_strided,,,0.855,0.855,0,0,0,0
aten::as_strided,,,0.24,0.24,0,0,0,0
aten::as_strided,,,0.343,0.343,0,0,0,0
vllm::npu_rotary_embedding,,,209.217,236.313,0,19.000999999999998,0,0
aten::view,,,1.184,1.184,0,0,0,0
aten::view,,,0.459,0.459,0,0,0,0
aten::contiguous,,,0.889,9.088,0,2.4205,0,0
aten::clone,,,1.282,8.199,0,2.4205,0,0
empty_tensor,,,1.778,1.778,0,0,0,0
aten::copy_,,,2.672,5.139,0,2.4205,0,0
aclnnInplaceCopy,,,2.467,2.467,2.4205,2.4205,0,0
aten::contiguous,,,0.333,5.507,0,2.78,0,0
aten::clone,,,0.598,5.174,0,2.78,0,0
empty_tensor,,,1.011,1.011,0,0,0,0
aten::copy_,,,2.452,3.565,0,2.78,0,0
aclnnInplaceCopy,,,1.113,1.113,2.78,2.78,0,0
_triton_rope,,,9.053,9.053,13.8005,13.8005,0,0
aten::view,,,1.229,1.229,0,0,0,0
aten::view,,,0.576,0.576,0,0,0,0
aten::empty,,,0.84,3.012,0,0,0,0
empty_tensor,,,2.172,2.172,0,0,0,0
aten::view,,,0.809,0.809,0,0,0,0
aten::view,,,0.484,0.484,0,0,0,0
aten::view,,,0.438,0.438,0,0,0,0
aten::view,,,0.624,0.624,0,0,0,0
vllm::unified_attention_with_output,,,196.024,936.399,0,46.3015,0,0
P12/B/0159/attention,,,294.843,740.375,0,46.3015,0,0
aten::slice,,,1.491,2.879,0,0,0,0
aten::as_strided,,,1.388,1.388,0,0,0,0
aten::slice,,,0.285,0.685,0,0,0,0
aten::as_strided,,,0.4,0.4,0,0,0,0
aten::slice,,,2.345,3.062,0,0,0,0
aten::as_strided,,,0.717,0.717,0,0,0,0
P12/B/0160/cache_write,,,97.104,132.807,0,11.9605,0,0
atb::_npu_reshape_and_cache,,,18.166,35.703,0,11.9605,0,0
aten::contiguous,,,0.788,13.69,0,2.98,0,0
aten::clone,,,1.297,12.902,0,2.98,0,0
empty_tensor,,,3.228,3.228,0,0,0,0
aten::copy_,,,5.226,8.377,0,2.98,0,0
aclnnInplaceCopy,,,3.151,3.151,2.98,2.98,0,0
ReshapeCacheOperation,,,3.847,3.847,8.9805,8.9805,0,0
P12/B/0161/fia,,,194.681,291.588,0,34.341,0,0
aten::slice,,,0.906,4.413,0,0,0,0
aten::as_strided,,,3.507,3.507,0,0,0,0
aten::slice,,,0.439,0.902,0,0,0,0
aten::as_strided,,,0.463,0.463,0,0,0,0
aten::slice,,,0.402,0.97,0,0,0,0
aten::as_strided,,,0.568,0.568,0,0,0,0
npu::npu_fused_infer_attention_score,,,64.742,74.223,0,33.341,0,0
empty_tensor,,,3.022,3.022,0,0,0,0
empty_tensor,,,1.153,1.153,0,0,0,0
empty_tensor,,,1.013,1.013,0,0,0,0
empty_tensor,,,0.96,0.96,0,0,0,0
aclnnFusedInferAttentionScoreV3,,,3.333,3.333,33.341,33.341,0,0
aten::view,,,1.52,1.52,0,0,0,0
aten::slice,,,0.598,1.337,0,0,0,0
aten::as_strided,,,0.739,0.739,0,0,0,0
aten::copy_,,,12.693,13.542,0,1.0,0,0
aclnnInplaceCopy,,,0.849,0.849,1.0,1.0,0,0
aten::slice,,,0.582,1.418,0,0,0,0
aten::as_strided,,,0.836,0.836,0,0,0,0
aten::copy_,,,10.338,13.093,0,0,0,0
aclnnInplaceCopy,,,2.755,2.755,0,0,0,0
aten::view,,,1.596,1.596,0,0,0,0
vllm::unquantized_gemm,,,7.395,27.075,0,7.7405,0,7.7405
aten::linear,,,1.775,19.68,0,7.7405,0,7.7405
aten::t,,,2.317,4.528,0,0,0,0
aten::transpose,,,1.164,2.211,0,0,0,0
aten::as_strided,,,1.047,1.047,0,0,0,0
aten::matmul,,,7.308,13.377,0,7.7405,0,7.7405
empty_tensor,,,3.286,3.286,0,0,0,0
aclnnMatmul,,,2.783,2.783,7.7405,7.7405,7.7405,7.7405
vllm::maybe_chunk_residual,,,5.38,5.38,0,0,0,0
_C_ascend::npu_add_rms_norm_bias,,,15.418,29.099,0,16.2405,0,0
aten::empty,,,1.026,3.199,0,0,0,0
empty_tensor,,,2.173,2.173,0,0,0,0
aten::empty,,,0.251,1.609,0,0,0,0
empty_tensor,,,1.358,1.358,0,0,0,0
aten::empty,,,1.95,3.028,0,0,0,0
empty_tensor,,,1.078,1.078,0,0,0,0
aten::empty,,,0.444,2.667,0,0,0,0
empty_tensor,,,2.223,2.223,0,0,0,0
aclnnAddRmsNormBias,,,3.178,3.178,16.2405,16.2405,0,0
vllm::unquantized_gemm,,,3.82,14.731,0,23.721,0,23.721
aten::linear,,,0.844,10.911,0,23.721,0,23.721
aten::t,,,1.011,2.402,0,0,0,0
aten::transpose,,,0.534,1.391,0,0,0,0
aten::as_strided,,,0.857,0.857,0,0,0,0
aten::matmul,,,3.848,7.665,0,23.721,0,23.721
empty_tensor,,,1.385,1.385,0,0,0,0
aclnnMatmul,,,2.432,2.432,23.721,23.721,23.721,23.721
npu::npu_swiglu,,,11.297,21.327,0,17.3405,0,0
empty_tensor,,,1.125,1.125,0,0,0,0
aclnnSwiGlu,,,8.905,8.905,17.3405,17.3405,0,0
vllm::unquantized_gemm,,,3.541,12.046,0,22.281,0,22.281
aten::linear,,,0.746,8.505,0,22.281,0,22.281
aten::t,,,0.582,1.704,0,0,0,0
aten::transpose,,,0.406,1.122,0,0,0,0
aten::as_strided,,,0.716,0.716,0,0,0,0
aten::matmul,,,2.777,6.055,0,22.281,0,22.281
empty_tensor,,,1.095,1.095,0,0,0,0
aclnnMatmul,,,2.183,2.183,22.281,22.281,22.281,22.281
vllm::maybe_chunk_residual,,,4.041,4.041,0,0,0,0
_C_ascend::npu_add_rms_norm_bias,,,9.041,18.253,0,12.3005,0,0
aten::empty,,,0.368,1.588,0,0,0,0
empty_tensor,,,1.22,1.22,0,0,0,0
aten::empty,,,0.259,1.152,0,0,0,0
empty_tensor,,,0.893,0.893,0,0,0,0
aten::empty,,,0.426,1.988,0,0,0,0
empty_tensor,,,1.562,1.562,0,0,0,0
aten::empty,,,0.407,2.015,0,0,0,0
empty_tensor,,,1.608,1.608,0,0,0,0
aclnnAddRmsNormBias,,,2.469,2.469,12.3005,12.3005,0,0
vllm::unquantized_gemm,,,4.348,16.623,0,10.240499999999999,0,9.0605
aten::linear,,,1.059,12.275,0,10.240499999999999,0,9.0605
aten::t,,,0.686,1.607,0,0,0,0
aten::transpose,,,0.358,0.921,0,0,0,0
aten::as_strided,,,0.563,0.563,0,0,0,0
aten::addmm,,,6.109,9.609,0,10.240499999999999,0,9.0605
empty_tensor,,,1.232,1.232,0,0,0,0
aclnnAddmm,,,2.268,2.268,10.240499999999999,10.240499999999999,9.0605,9.0605
aten::split_with_sizes,,,1.42,3.165,0,0,0,0
aten::as_strided,,,0.72,0.72,0,0,0,0
aten::as_strided,,,0.543,0.543,0,0,0,0
aten::as_strided,,,0.482,0.482,0,0,0,0
vllm::npu_rotary_embedding,,,208.732,235.12,0,18.3805,0,0
aten::view,,,1.179,1.179,0,0,0,0
aten::view,,,0.456,0.456,0,0,0,0
aten::contiguous,,,1.03,8.997,0,2.94,0,0
aten::clone,,,1.276,7.967,0,2.94,0,0
empty_tensor,,,1.209,1.209,0,0,0,0
aten::copy_,,,3.166,5.482,0,2.94,0,0
aclnnInplaceCopy,,,2.316,2.316,2.94,2.94,0,0
aten::contiguous,,,0.333,4.667,0,2.86,0,0
aten::clone,,,0.598,4.334,0,2.86,0,0
empty_tensor,,,1.23,1.23,0,0,0,0
aten::copy_,,,1.672,2.506,0,2.86,0,0
aclnnInplaceCopy,,,0.834,0.834,2.86,2.86,0,0
_triton_rope,,,8.651,8.651,12.5805,12.5805,0,0
aten::view,,,1.803,1.803,0,0,0,0
aten::view,,,0.635,0.635,0,0,0,0
aten::empty,,,0.65,2.907,0,0,0,0
empty_tensor,,,2.257,2.257,0,0,0,0
aten::view,,,0.811,0.811,0,0,0,0
aten::view,,,0.621,0.621,0,0,0,0
aten::view,,,0.673,0.673,0,0,0,0
aten::view,,,0.606,0.606,0,0,0,0
vllm::unified_attention_with_output,,,98.492,858.324,0,46.222500000000004,0,0
P12/B/0162/attention,,,304.518,759.832,0,46.222500000000004,0,0
aten::slice,,,1.02,2.154,0,0,0,0
aten::as_strided,,,1.134,1.134,0,0,0,0
aten::slice,,,0.406,0.833,0,0,0,0
aten::as_strided,,,0.427,0.427,0,0,0,0
aten::slice,,,2.321,3.051,0,0,0,0
aten::as_strided,,,0.73,0.73,0,0,0,0
P12/B/0163/cache_write,,,99.623,139.598,0,12.1605,0,0
atb::_npu_reshape_and_cache,,,21.853,39.975,0,12.1605,0,0
aten::contiguous,,,0.963,15.487,0,2.82,0,0
aten::clone,,,1.233,14.524,0,2.82,0,0
empty_tensor,,,2.924,2.924,0,0,0,0
aten::copy_,,,7.267,10.367,0,2.82,0,0
aclnnInplaceCopy,,,3.1,3.1,2.82,2.82,0,0
ReshapeCacheOperation,,,2.635,2.635,9.3405,9.3405,0,0
P12/B/0164/fia,,,199.363,296.303,0,34.062,0,0
aten::slice,,,1.164,2.585,0,0,0,0
aten::as_strided,,,1.421,1.421,0,0,0,0
aten::slice,,,0.409,0.895,0,0,0,0
aten::as_strided,,,0.486,0.486,0,0,0,0
aten::slice,,,0.966,1.597,0,0,0,0
aten::as_strided,,,0.631,0.631,0,0,0,0
npu::npu_fused_infer_attention_score,,,64.127,74.892,0,33.042,0,0
empty_tensor,,,3.236,3.236,0,0,0,0
empty_tensor,,,1.228,1.228,0,0,0,0
empty_tensor,,,0.717,0.717,0,0,0,0
empty_tensor,,,1.805,1.805,0,0,0,0
aclnnFusedInferAttentionScoreV3,,,3.779,3.779,33.042,33.042,0,0
aten::view,,,1.44,1.44,0,0,0,0
aten::slice,,,0.423,1.3,0,0,0,0
aten::as_strided,,,0.877,0.877,0,0,0,0
aten::copy_,,,13.143,14.231,0,1.02,0,0
aclnnInplaceCopy,,,1.088,1.088,1.02,1.02,0,0
aten::slice,,,0.587,1.472,0,0,0,0
aten::as_strided,,,0.885,0.885,0,0,0,0
aten::copy_,,,9.454,11.903,0,0,0,0
aclnnInplaceCopy,,,2.449,2.449,0,0,0,0
aten::view,,,1.299,1.299,0,0,0,0
vllm::unquantized_gemm,,,7.139,26.051,0,7.8805,0,7.8805
aten::linear,,,1.885,18.912,0,7.8805,0,7.8805
aten::t,,,2.309,4.536,0,0,0,0
aten::transpose,,,1.103,2.227,0,0,0,0
aten::as_strided,,,1.124,1.124,0,0,0,0
aten::matmul,,,6.876,12.491,0,7.8805,0,7.8805
empty_tensor,,,3.017,3.017,0,0,0,0
aclnnMatmul,,,2.598,2.598,7.8805,7.8805,7.8805,7.8805
vllm::maybe_chunk_residual,,,5.425,5.425,0,0,0,0
_C_ascend::npu_add_rms_norm_bias,,,15.096,26.528,0,13.241,0,0
aten::empty,,,0.944,2.954,0,0,0,0
empty_tensor,,,2.01,2.01,0,0,0,0
aten::empty,,,0.253,1.622,0,0,0,0
empty_tensor,,,1.369,1.369,0,0,0,0
aten::empty,,,0.197,1.307,0,0,0,0
empty_tensor,,,1.11,1.11,0,0,0,0
aten::empty,,,0.893,2.568,0,0,0,0
empty_tensor,,,1.675,1.675,0,0,0,0
aclnnAddRmsNormBias,,,2.981,2.981,13.241,13.241,0,0
vllm::unquantized_gemm,,,3.971,14.296,0,23.261,0,23.261
aten::linear,,,0.799,10.325,0,23.261,0,23.261
aten::t,,,0.958,2.264,0,0,0,0
aten::transpose,,,0.482,1.306,0,0,0,0
aten::as_strided,,,0.824,0.824,0,0,0,0
aten::matmul,,,3.546,7.262,0,23.261,0,23.261
empty_tensor,,,1.263,1.263,0,0,0,0
aclnnMatmul,,,2.453,2.453,23.261,23.261,23.261,23.261
npu::npu_swiglu,,,11.234,21.606,0,16.0005,0,0
empty_tensor,,,1.093,1.093,0,0,0,0
aclnnSwiGlu,,,9.279,9.279,16.0005,16.0005,0,0
vllm::unquantized_gemm,,,3.466,12.108,0,22.741,0,22.741
aten::linear,,,0.704,8.642,0,22.741,0,22.741
aten::t,,,0.613,1.763,0,0,0,0
aten::transpose,,,0.448,1.15,0,0,0,0
aten::as_strided,,,0.702,0.702,0,0,0,0
aten::matmul,,,2.546,6.175,0,22.741,0,22.741
empty_tensor,,,1.208,1.208,0,0,0,0
aclnnMatmul,,,2.421,2.421,22.741,22.741,22.741,22.741
vllm::maybe_chunk_residual,,,4.158,4.158,0,0,0,0
_C_ascend::npu_add_rms_norm_bias,,,9.259,18.34,0,10.9605,0,0
aten::empty,,,0.364,1.762,0,0,0,0
empty_tensor,,,1.398,1.398,0,0,0,0
aten::empty,,,0.238,1.613,0,0,0,0
empty_tensor,,,1.375,1.375,0,0,0,0
aten::empty,,,0.432,1.277,0,0,0,0
empty_tensor,,,0.845,0.845,0,0,0,0
aten::empty,,,0.317,1.607,0,0,0,0
empty_tensor,,,1.29,1.29,0,0,0,0
aclnnAddRmsNormBias,,,2.822,2.822,10.9605,10.9605,0,0
vllm::unquantized_gemm,,,4.22,17.039,0,10.7405,0,9.5205
aten::linear,,,1.025,12.819,0,10.7405,0,9.5205
aten::t,,,1.112,2.362,0,0,0,0
aten::transpose,,,0.42,1.25,0,0,0,0
aten::as_strided,,,0.83,0.83,0,0,0,0
aten::addmm,,,5.748,9.432,0,10.7405,0,9.5205
empty_tensor,,,1.118,1.118,0,0,0,0
aclnnAddmm,,,2.566,2.566,10.7405,10.7405,9.5205,9.5205
aten::split_with_sizes,,,1.546,3.081,0,0,0,0
aten::as_strided,,,0.808,0.808,0,0,0,0
aten::as_strided,,,0.281,0.281,0,0,0,0
aten::as_strided,,,0.446,0.446,0,0,0,0
vllm::npu_rotary_embedding,,,206.67,230.413,0,18.361,0,0
aten::view,,,1.315,1.315,0,0,0,0
aten::view,,,0.51,0.51,0,0,0,0
aten::contiguous,,,0.935,9.396,0,2.9205,0,0
aten::clone,,,1.286,8.461,0,2.9205,0,0
empty_tensor,,,1.588,1.588,0,0,0,0
aten::copy_,,,3.065,5.587,0,2.9205,0,0
aclnnInplaceCopy,,,2.522,2.522,2.9205,2.9205,0,0
aten::contiguous,,,0.319,4.301,0,2.92,0,0
aten::clone,,,0.454,3.982,0,2.92,0,0
empty_tensor,,,0.991,0.991,0,0,0,0
aten::copy_,,,1.48,2.537,0,2.92,0,0
aclnnInplaceCopy,,,1.057,1.057,2.92,2.92,0,0
_triton_rope,,,6.131,6.131,12.5205,12.5205,0,0
aten::view,,,1.263,1.263,0,0,0,0
aten::view,,,0.827,0.827,0,0,0,0
aten::empty,,,0.718,3.026,0,0,0,0
empty_tensor,,,2.308,2.308,0,0,0,0
aten::view,,,1.347,1.347,0,0,0,0
aten::view,,,0.622,0.622,0,0,0,0
aten::view,,,0.455,0.455,0,0,0,0
aten::view,,,0.607,0.607,0,0,0,0
vllm::unified_attention_with_output,,,95.456,850.078,0,44.842,0,0
P12/B/0165/attention,,,312.036,754.622,0,44.842,0,0
aten::slice,,,1.528,2.92,0,0,0,0
aten::as_strided,,,1.392,1.392,0,0,0,0
aten::slice,,,0.399,0.97,0,0,0,0
aten::as_strided,,,0.571,0.571,0,0,0,0
aten::slice,,,2.213,2.975,0,0,0,0
aten::as_strided,,,0.762,0.762,0,0,0,0
P12/B/0166/cache_write,,,97.076,132.151,0,12.079999999999998,0,0
atb::_npu_reshape_and_cache,,,18.412,35.075,0,12.079999999999998,0,0
aten::contiguous,,,0.846,15.114,0,2.8,0,0
aten::clone,,,1.305,14.268,0,2.8,0,0
empty_tensor,,,3.104,3.104,0,0,0,0
aten::copy_,,,6.677,9.859,0,2.8,0,0
aclnnInplaceCopy,,,3.182,3.182,2.8,2.8,0,0
ReshapeCacheOperation,,,1.549,1.549,9.28,9.28,0,0
P12/B/0167/fia,,,194.135,289.758,0,32.762,0,0
aten::slice,,,0.89,2.081,0,0,0,0
aten::as_strided,,,1.191,1.191,0,0,0,0
aten::slice,,,0.381,0.809,0,0,0,0
aten::as_strided,,,0.428,0.428,0,0,0,0
aten::slice,,,0.449,0.85,0,0,0,0
aten::as_strided,,,0.401,0.401,0,0,0,0
npu::npu_fused_infer_attention_score,,,64.118,73.973,0,31.722,0,0
empty_tensor,,,3.087,3.087,0,0,0,0
empty_tensor,,,1.672,1.672,0,0,0,0
empty_tensor,,,0.788,0.788,0,0,0,0
empty_tensor,,,0.791,0.791,0,0,0,0
aclnnFusedInferAttentionScoreV3,,,3.517,3.517,31.722,31.722,0,0
aten::view,,,1.39,1.39,0,0,0,0
aten::slice,,,0.476,1.358,0,0,0,0
aten::as_strided,,,0.882,0.882,0,0,0,0
aten::copy_,,,12.57,15.162,0,1.04,0,0
aclnnInplaceCopy,,,2.592,2.592,1.04,1.04,0,0
aten::slice,,,0.654,1.488,0,0,0,0
aten::as_strided,,,0.834,0.834,0,0,0,0
aten::copy_,,,9.731,12.324,0,0,0,0
aclnnInplaceCopy,,,2.593,2.593,0,0,0,0
aten::view,,,1.37,1.37,0,0,0,0
vllm::unquantized_gemm,,,7.164,25.801,0,7.5005,0,7.5005
aten::linear,,,1.757,18.637,0,7.5005,0,7.5005
aten::t,,,2.22,4.436,0,0,0,0
aten::transpose,,,1.16,2.216,0,0,0,0
aten::as_strided,,,1.056,1.056,0,0,0,0
aten::matmul,,,6.934,12.444,0,7.5005,0,7.5005
empty_tensor,,,2.86,2.86,0,0,0,0
aclnnMatmul,,,2.65,2.65,7.5005,7.5005,7.5005,7.5005
vllm::maybe_chunk_residual,,,5.332,5.332,0,0,0,0
_C_ascend::npu_add_rms_norm_bias,,,14.621,25.817,0,15.5005,0,0
aten::empty,,,1.003,3.129,0,0,0,0
empty_tensor,,,2.126,2.126,0,0,0,0
aten::empty,,,0.215,1.562,0,0,0,0
empty_tensor,,,1.347,1.347,0,0,0,0
aten::empty,,,0.484,1.156,0,0,0,0
empty_tensor,,,0.672,0.672,0,0,0,0
aten::empty,,,0.412,2.303,0,0,0,0
empty_tensor,,,1.891,1.891,0,0,0,0
aclnnAddRmsNormBias,,,3.046,3.046,15.5005,15.5005,0,0
vllm::unquantized_gemm,,,3.753,14.849,0,22.8005,0,22.8005
aten::linear,,,0.935,11.096,0,22.8005,0,22.8005
aten::t,,,1.236,2.451,0,0,0,0
aten::transpose,,,0.445,1.215,0,0,0,0
aten::as_strided,,,0.77,0.77,0,0,0,0
aten::matmul,,,3.707,7.71,0,22.8005,0,22.8005
empty_tensor,,,1.606,1.606,0,0,0,0
aclnnMatmul,,,2.397,2.397,22.8005,22.8005,22.8005,22.8005
npu::npu_swiglu,,,11.448,21.664,0,16.5405,0,0
empty_tensor,,,1.201,1.201,0,0,0,0
aclnnSwiGlu,,,9.015,9.015,16.5405,16.5405,0,0
vllm::unquantized_gemm,,,3.543,12.54,0,21.901,0,21.901
aten::linear,,,0.583,8.997,0,21.901,0,21.901
aten::t,,,1.051,2.156,0,0,0,0
aten::transpose,,,0.354,1.105,0,0,0,0
aten::as_strided,,,0.751,0.751,0,0,0,0
aten::matmul,,,2.754,6.258,0,21.901,0,21.901
empty_tensor,,,1.19,1.19,0,0,0,0
aclnnMatmul,,,2.314,2.314,21.901,21.901,21.901,21.901
vllm::maybe_chunk_residual,,,4.171,4.171,0,0,0,0
_C_ascend::npu_add_rms_norm_bias,,,9.509,18.128,0,13.061,0,0
aten::empty,,,0.629,1.85,0,0,0,0
empty_tensor,,,1.221,1.221,0,0,0,0
aten::empty,,,0.374,1.229,0,0,0,0
empty_tensor,,,0.855,0.855,0,0,0,0
aten::empty,,,0.25,1.147,0,0,0,0
empty_tensor,,,0.897,0.897,0,0,0,0
aten::empty,,,0.481,2.006,0,0,0,0
empty_tensor,,,1.525,1.525,0,0,0,0
aclnnAddRmsNormBias,,,2.387,2.387,13.061,13.061,0,0
vllm::unquantized_gemm,,,4.285,19.0,0,10.320500000000001,0,9.1805
aten::linear,,,1.303,14.715,0,10.320500000000001,0,9.1805
aten::t,,,0.588,1.765,0,0,0,0
aten::transpose,,,0.479,1.177,0,0,0,0
aten::as_strided,,,0.698,0.698,0,0,0,0
aten::addmm,,,6.241,11.647,0,10.320500000000001,0,9.1805
empty_tensor,,,2.943,2.943,0,0,0,0
aclnnAddmm,,,2.463,2.463,10.320500000000001,10.320500000000001,9.1805,9.1805
aten::split_with_sizes,,,1.793,3.105,0,0,0,0
aten::as_strided,,,0.693,0.693,0,0,0,0
aten::as_strided,,,0.33,0.33,0,0,0,0
aten::as_strided,,,0.289,0.289,0,0,0,0
vllm::npu_rotary_embedding,,,209.111,230.083,0,18.201,0,0
aten::view,,,1.115,1.115,0,0,0,0
aten::view,,,0.344,0.344,0,0,0,0
aten::contiguous,,,0.907,9.497,0,2.9,0,0
aten::clone,,,1.235,8.59,0,2.9,0,0
empty_tensor,,,1.484,1.484,0,0,0,0
aten::copy_,,,3.28,5.871,0,2.9,0,0
aclnnInplaceCopy,,,2.591,2.591,2.9,2.9,0,0
aten::contiguous,,,0.349,4.979,0,2.8805,0,0
aten::clone,,,0.585,4.63,0,2.8805,0,0
empty_tensor,,,1.121,1.121,0,0,0,0
aten::copy_,,,1.886,2.924,0,2.8805,0,0
aclnnInplaceCopy,,,1.038,1.038,2.8805,2.8805,0,0
_triton_rope,,,3.125,3.125,12.4205,12.4205,0,0
aten::view,,,1.27,1.27,0,0,0,0
aten::view,,,0.642,0.642,0,0,0,0
aten::empty,,,0.658,2.675,0,0,0,0
empty_tensor,,,2.017,2.017,0,0,0,0
aten::view,,,0.947,0.947,0,0,0,0
aten::view,,,0.707,0.707,0,0,0,0
aten::view,,,0.685,0.685,0,0,0,0
aten::view,,,0.623,0.623,0,0,0,0
vllm::unified_attention_with_output,,,100.098,882.178,0,50.502500000000005,0,0
P12/B/0168/attention,,,317.771,782.08,0,50.502500000000005,0,0
aten::slice,,,1.141,2.506,0,0,0,0
aten::as_strided,,,1.365,1.365,0,0,0,0
aten::slice,,,0.465,1.024,0,0,0,0
aten::as_strided,,,0.559,0.559,0,0,0,0
aten::slice,,,2.126,2.941,0,0,0,0
aten::as_strided,,,0.815,0.815,0,0,0,0
P12/B/0169/cache_write,,,105.791,145.958,0,12.381,0,0
atb::_npu_reshape_and_cache,,,18.07,40.167,0,12.381,0,0
aten::contiguous,,,0.914,20.575,0,2.9205,0,0
aten::clone,,,1.458,19.661,0,2.9205,0,0
empty_tensor,,,3.368,3.368,0,0,0,0
aten::copy_,,,5.382,14.835,0,2.9205,0,0
aclnnInplaceCopy,,,9.453,9.453,2.9205,2.9205,0,0
ReshapeCacheOperation,,,1.522,1.522,9.4605,9.4605,0,0
P12/B/0170/fia,,,200.433,294.915,0,38.121500000000005,0,0
aten::slice,,,0.915,2.253,0,0,0,0
aten::as_strided,,,1.338,1.338,0,0,0,0
aten::slice,,,0.462,0.882,0,0,0,0
aten::as_strided,,,0.42,0.42,0,0,0,0
aten::slice,,,0.237,0.63,0,0,0,0
aten::as_strided,,,0.393,0.393,0,0,0,0
npu::npu_fused_infer_attention_score,,,64.676,74.377,0,37.1015,0,0
empty_tensor,,,3.141,3.141,0,0,0,0
empty_tensor,,,1.089,1.089,0,0,0,0
empty_tensor,,,1.032,1.032,0,0,0,0
empty_tensor,,,0.984,0.984,0,0,0,0
aclnnFusedInferAttentionScoreV3,,,3.455,3.455,37.1015,37.1015,0,0
aten::view,,,1.473,1.473,0,0,0,0
aten::slice,,,0.429,1.178,0,0,0,0
aten::as_strided,,,0.749,0.749,0,0,0,0
aten::copy_,,,12.573,13.689,0,1.02,0,0
aclnnInplaceCopy,,,1.116,1.116,1.02,1.02,0,0
aten::slice,,,0.609,1.502,0,0,0,0
aten::as_strided,,,0.893,0.893,0,0,0,0
aten::copy_,,,10.631,15.463,0,0,0,0
aclnnInplaceCopy,,,4.832,4.832,0,0,0,0
aten::view,,,1.385,1.385,0,0,0,0
vllm::unquantized_gemm,,,6.901,25.423,0,8.0805,0,8.0805
aten::linear,,,1.778,18.522,0,8.0805,0,8.0805
aten::t,,,2.287,4.416,0,0,0,0
aten::transpose,,,1.116,2.129,0,0,0,0
aten::as_strided,,,1.013,1.013,0,0,0,0
aten::matmul,,,6.771,12.328,0,8.0805,0,8.0805
empty_tensor,,,3.024,3.024,0,0,0,0
aclnnMatmul,,,2.533,2.533,8.0805,8.0805,8.0805,8.0805
vllm::maybe_chunk_residual,,,5.212,5.212,0,0,0,0
_C_ascend::npu_add_rms_norm_bias,,,14.365,24.937,0,13.5805,0,0
aten::empty,,,0.932,2.928,0,0,0,0
empty_tensor,,,1.996,1.996,0,0,0,0
aten::empty,,,0.232,1.52,0,0,0,0
empty_tensor,,,1.288,1.288,0,0,0,0
aten::empty,,,0.374,1.302,0,0,0,0
empty_tensor,,,0.928,0.928,0,0,0,0
aten::empty,,,0.349,2.012,0,0,0,0
empty_tensor,,,1.663,1.663,0,0,0,0
aclnnAddRmsNormBias,,,2.81,2.81,13.5805,13.5805,0,0
vllm::unquantized_gemm,,,3.846,14.076,0,23.381,0,23.381
aten::linear,,,0.826,10.23,0,23.381,0,23.381
aten::t,,,0.742,2.074,0,0,0,0
aten::transpose,,,0.46,1.332,0,0,0,0
aten::as_strided,,,0.872,0.872,0,0,0,0
aten::matmul,,,3.661,7.33,0,23.381,0,23.381
empty_tensor,,,1.379,1.379,0,0,0,0
aclnnMatmul,,,2.29,2.29,23.381,23.381,23.381,23.381
npu::npu_swiglu,,,11.124,21.701,0,21.3005,0,0
empty_tensor,,,1.599,1.599,0,0,0,0
aclnnSwiGlu,,,8.978,8.978,21.3005,21.3005,0,0
vllm::unquantized_gemm,,,3.515,12.362,0,22.0205,0,22.0205
aten::linear,,,0.628,8.847,0,22.0205,0,22.0205
aten::t,,,0.607,1.789,0,0,0,0
aten::transpose,,,0.479,1.182,0,0,0,0
aten::as_strided,,,0.703,0.703,0,0,0,0
aten::matmul,,,2.584,6.43,0,22.0205,0,22.0205
empty_tensor,,,1.336,1.336,0,0,0,0
aclnnMatmul,,,2.51,2.51,22.0205,22.0205,22.0205,22.0205
vllm::maybe_chunk_residual,,,4.243,4.243,0,0,0,0
_C_ascend::npu_add_rms_norm_bias,,,8.907,17.276,0,11.1805,0,0
aten::empty,,,0.406,1.706,0,0,0,0
empty_tensor,,,1.3,1.3,0,0,0,0
aten::empty,,,0.226,1.425,0,0,0,0
empty_tensor,,,1.199,1.199,0,0,0,0
aten::empty,,,0.465,1.3,0,0,0,0
empty_tensor,,,0.835,0.835,0,0,0,0
aten::empty,,,0.296,1.486,0,0,0,0
empty_tensor,,,1.19,1.19,0,0,0,0
aclnnAddRmsNormBias,,,2.452,2.452,11.1805,11.1805,0,0
vllm::unquantized_gemm,,,4.245,16.357,0,11.001,0,9.9405
aten::linear,,,1.284,12.112,0,11.001,0,9.9405
aten::t,,,0.625,1.77,0,0,0,0
aten::transpose,,,0.464,1.145,0,0,0,0
aten::as_strided,,,0.681,0.681,0,0,0,0
aten::addmm,,,5.787,9.058,0,11.001,0,9.9405
empty_tensor,,,0.983,0.983,0,0,0,0
aclnnAddmm,,,2.288,2.288,11.001,11.001,9.9405,9.9405
aten::split_with_sizes,,,1.481,3.67,0,0,0,0
aten::as_strided,,,0.804,0.804,0,0,0,0
aten::as_strided,,,0.464,0.464,0,0,0,0
aten::as_strided,,,0.921,0.921,0,0,0,0
vllm::npu_rotary_embedding,,,227.871,248.402,0,18.3605,0,0
aten::view,,,1.181,1.181,0,0,0,0
aten::view,,,0.598,0.598,0,0,0,0
aten::contiguous,,,0.931,9.285,0,2.86,0,0
aten::clone,,,1.288,8.354,0,2.86,0,0
empty_tensor,,,1.242,1.242,0,0,0,0
aten::copy_,,,3.393,5.824,0,2.86,0,0
aclnnInplaceCopy,,,2.431,2.431,2.86,2.86,0,0
aten::contiguous,,,0.459,4.679,0,2.94,0,0
aten::clone,,,0.722,4.22,0,2.94,0,0
empty_tensor,,,1.04,1.04,0,0,0,0
aten::copy_,,,1.43,2.458,0,2.94,0,0
aclnnInplaceCopy,,,1.028,1.028,2.94,2.94,0,0
_triton_rope,,,2.789,2.789,12.5605,12.5605,0,0
aten::view,,,1.311,1.311,0,0,0,0
aten::view,,,0.688,0.688,0,0,0,0
aten::empty,,,0.674,3.165,0,0,0,0
empty_tensor,,,2.491,2.491,0,0,0,0
aten::view,,,0.801,0.801,0,0,0,0
aten::view,,,0.513,0.513,0,0,0,0
aten::view,,,0.5,0.5,0,0,0,0
aten::view,,,0.863,0.863,0,0,0,0
vllm::unified_attention_with_output,,,97.413,863.878,0,46.142,0,0
P12/B/0171/attention,,,317.334,766.465,0,46.142,0,0
aten::slice,,,1.211,2.609,0,0,0,0
aten::as_strided,,,1.398,1.398,0,0,0,0
aten::slice,,,0.442,1.516,0,0,0,0
aten::as_strided,,,1.074,1.074,0,0,0,0
aten::slice,,,2.384,3.36,0,0,0,0
aten::as_strided,,,0.976,0.976,0,0,0,0
P12/B/0172/cache_write,,,100.426,137.381,0,12.4405,0,0
atb::_npu_reshape_and_cache,,,18.177,36.955,0,12.4405,0,0
aten::contiguous,,,0.877,17.249,0,2.96,0,0
aten::clone,,,1.415,16.372,0,2.96,0,0
empty_tensor,,,3.162,3.162,0,0,0,0
aten::copy_,,,5.699,11.795,0,2.96,0,0
aclnnInplaceCopy,,,6.096,6.096,2.96,2.96,0,0
ReshapeCacheOperation,,,1.529,1.529,9.4805,9.4805,0,0
P12/B/0173/fia,,,195.957,290.522,0,33.7015,0,0
aten::slice,,,0.811,2.153,0,0,0,0
aten::as_strided,,,1.342,1.342,0,0,0,0
aten::slice,,,0.465,0.876,0,0,0,0
aten::as_strided,,,0.411,0.411,0,0,0,0
aten::slice,,,0.227,0.626,0,0,0,0
aten::as_strided,,,0.399,0.399,0,0,0,0
npu::npu_fused_infer_attention_score,,,64.882,73.379,0,32.661500000000004,0,0
empty_tensor,,,3.014,3.014,0,0,0,0
empty_tensor,,,0.925,0.925,0,0,0,0
empty_tensor,,,0.718,0.718,0,0,0,0
empty_tensor,,,0.685,0.685,0,0,0,0
aclnnFusedInferAttentionScoreV3,,,3.155,3.155,32.661500000000004,32.661500000000004,0,0
aten::view,,,1.443,1.443,0,0,0,0
aten::slice,,,0.541,1.366,0,0,0,0
aten::as_strided,,,0.825,0.825,0,0,0,0
aten::copy_,,,12.599,14.722,0,1.04,0,0
aclnnInplaceCopy,,,2.123,2.123,1.04,1.04,0,0
aten::slice,,,0.529,1.273,0,0,0,0
aten::as_strided,,,0.744,0.744,0,0,0,0
aten::copy_,,,9.827,12.47,0,0,0,0
aclnnInplaceCopy,,,2.643,2.643,0,0,0,0
aten::view,,,1.355,1.355,0,0,0,0
vllm::unquantized_gemm,,,7.296,25.65,0,7.7605,0,7.7605
aten::linear,,,1.732,18.354,0,7.7605,0,7.7605
aten::t,,,2.282,4.598,0,0,0,0
aten::transpose,,,1.143,2.316,0,0,0,0
aten::as_strided,,,1.173,1.173,0,0,0,0
aten::matmul,,,6.565,12.024,0,7.7605,0,7.7605
empty_tensor,,,2.926,2.926,0,0,0,0
aclnnMatmul,,,2.533,2.533,7.7605,7.7605,7.7605,7.7605
vllm::maybe_chunk_residual,,,5.096,5.096,0,0,0,0
_C_ascend::npu_add_rms_norm_bias,,,14.866,27.612,0,12.7405,0,0
aten::empty,,,1.021,3.182,0,0,0,0
empty_tensor,,,2.161,2.161,0,0,0,0
aten::empty,,,0.239,1.636,0,0,0,0
empty_tensor,,,1.397,1.397,0,0,0,0
aten::empty,,,0.437,1.165,0,0,0,0
empty_tensor,,,0.728,0.728,0,0,0,0
aten::empty,,,0.392,2.213,0,0,0,0
empty_tensor,,,1.821,1.821,0,0,0,0
aclnnAddRmsNormBias,,,4.55,4.55,12.7405,12.7405,0,0
vllm::unquantized_gemm,,,3.774,14.091,0,23.501,0,23.501
aten::linear,,,0.869,10.317,0,23.501,0,23.501
aten::t,,,0.895,2.302,0,0,0,0
aten::transpose,,,0.522,1.407,0,0,0,0
aten::as_strided,,,0.885,0.885,0,0,0,0
aten::matmul,,,3.548,7.146,0,23.501,0,23.501
empty_tensor,,,1.285,1.285,0,0,0,0
aclnnMatmul,,,2.313,2.313,23.501,23.501,23.501,23.501
npu::npu_swiglu,,,11.027,21.63,0,17.9605,0,0
empty_tensor,,,1.139,1.139,0,0,0,0
aclnnSwiGlu,,,9.464,9.464,17.9605,17.9605,0,0
vllm::unquantized_gemm,,,3.539,12.413,0,22.6805,0,22.6805
aten::linear,,,0.681,8.874,0,22.6805,0,22.6805
aten::t,,,0.952,1.979,0,0,0,0
aten::transpose,,,0.413,1.027,0,0,0,0
aten::as_strided,,,0.614,0.614,0,0,0,0
aten::matmul,,,2.61,6.214,0,22.6805,0,22.6805
empty_tensor,,,1.102,1.102,0,0,0,0
aclnnMatmul,,,2.502,2.502,22.6805,22.6805,22.6805,22.6805
vllm::maybe_chunk_residual,,,3.77,3.77,0,0,0,0
_C_ascend::npu_add_rms_norm_bias,,,9.101,17.442,0,11.3605,0,0
aten::empty,,,0.32,1.498,0,0,0,0
empty_tensor,,,1.178,1.178,0,0,0,0
aten::empty,,,0.204,1.224,0,0,0,0
empty_tensor,,,1.02,1.02,0,0,0,0
aten::empty,,,0.357,1.355,0,0,0,0
empty_tensor,,,0.998,0.998,0,0,0,0
aten::empty,,,0.32,1.543,0,0,0,0
empty_tensor,,,1.223,1.223,0,0,0,0
aclnnAddRmsNormBias,,,2.721,2.721,11.3605,11.3605,0,0
vllm::unquantized_gemm,,,4.23,16.892,0,10.5605,0,9.3805
aten::linear,,,1.155,12.662,0,10.5605,0,9.3805
aten::t,,,0.637,1.704,0,0,0,0
aten::transpose,,,0.382,1.067,0,0,0,0
aten::as_strided,,,0.685,0.685,0,0,0,0
aten::addmm,,,5.964,9.803,0,10.5605,0,9.3805
empty_tensor,,,1.493,1.493,0,0,0,0
aclnnAddmm,,,2.346,2.346,10.5605,10.5605,9.3805,9.3805
aten::split_with_sizes,,,1.383,3.02,0,0,0,0
aten::as_strided,,,0.83,0.83,0,0,0,0
aten::as_strided,,,0.552,0.552,0,0,0,0
aten::as_strided,,,0.255,0.255,0,0,0,0
vllm::npu_rotary_embedding,,,206.307,229.196,0,18.6005,0,0
aten::view,,,1.209,1.209,0,0,0,0
aten::view,,,0.497,0.497,0,0,0,0
aten::contiguous,,,0.91,11.085,0,2.94,0,0
aten::clone,,,1.747,10.175,0,2.94,0,0
empty_tensor,,,1.55,1.55,0,0,0,0
aten::copy_,,,3.371,6.878,0,2.94,0,0
aclnnInplaceCopy,,,3.507,3.507,2.94,2.94,0,0
aten::contiguous,,,0.539,4.666,0,2.86,0,0
aten::clone,,,0.628,4.127,0,2.86,0,0
empty_tensor,,,1.077,1.077,0,0,0,0
aten::copy_,,,1.601,2.422,0,2.86,0,0
aclnnInplaceCopy,,,0.821,0.821,2.86,2.86,0,0
_triton_rope,,,3.755,3.755,12.8005,12.8005,0,0
aten::view,,,1.108,1.108,0,0,0,0
aten::view,,,0.569,0.569,0,0,0,0
aten::empty,,,0.665,2.605,0,0,0,0
empty_tensor,,,1.94,1.94,0,0,0,0
aten::view,,,0.994,0.994,0,0,0,0
aten::view,,,0.618,0.618,0,0,0,0
aten::view,,,0.635,0.635,0,0,0,0
aten::view,,,0.542,0.542,0,0,0,0
vllm::unified_attention_with_output,,,101.6,879.47,0,49.882,0,0
P12/B/0174/attention,,,316.704,777.87,0,49.882,0,0
aten::slice,,,1.166,2.41,0,0,0,0
aten::as_strided,,,1.244,1.244,0,0,0,0
aten::slice,,,0.43,0.942,0,0,0,0
aten::as_strided,,,0.512,0.512,0,0,0,0
aten::slice,,,2.192,3.094,0,0,0,0
aten::as_strided,,,0.902,0.902,0,0,0,0
P12/B/0175/cache_write,,,106.422,148.707,0,17.500999999999998,0,0
atb::_npu_reshape_and_cache,,,23.144,42.285,0,17.500999999999998,0,0
aten::contiguous,,,0.919,16.847,0,3.1005,0,0
aten::clone,,,1.206,15.928,0,3.1005,0,0
empty_tensor,,,3.008,3.008,0,0,0,0
aten::copy_,,,5.367,11.714,0,3.1005,0,0
aclnnInplaceCopy,,,6.347,6.347,3.1005,3.1005,0,0
ReshapeCacheOperation,,,2.294,2.294,14.4005,14.4005,0,0
P12/B/0176/fia,,,197.248,292.321,0,32.381,0,0
aten::slice,,,1.032,2.511,0,0,0,0
aten::as_strided,,,1.479,1.479,0,0,0,0
aten::slice,,,0.463,0.937,0,0,0,0
aten::as_strided,,,0.474,0.474,0,0,0,0
aten::slice,,,0.373,0.747,0,0,0,0
aten::as_strided,,,0.374,0.374,0,0,0,0
npu::npu_fused_infer_attention_score,,,64.492,74.147,0,31.361,0,0
empty_tensor,,,3.283,3.283,0,0,0,0
empty_tensor,,,1.126,1.126,0,0,0,0
empty_tensor,,,0.826,0.826,0,0,0,0
empty_tensor,,,0.687,0.687,0,0,0,0
aclnnFusedInferAttentionScoreV3,,,3.733,3.733,31.361,31.361,0,0
aten::view,,,1.541,1.541,0,0,0,0
aten::slice,,,0.456,1.307,0,0,0,0
aten::as_strided,,,0.851,0.851,0,0,0,0
aten::copy_,,,12.987,13.883,0,1.02,0,0
aclnnInplaceCopy,,,0.896,0.896,1.02,1.02,0,0
aten::slice,,,0.559,1.365,0,0,0,0
aten::as_strided,,,0.806,0.806,0,0,0,0
aten::copy_,,,9.777,12.327,0,0,0,0
aclnnInplaceCopy,,,2.55,2.55,0,0,0,0
aten::view,,,1.452,1.452,0,0,0,0
vllm::unquantized_gemm,,,7.151,28.061,0,7.6405,0,7.6405
aten::linear,,,1.707,20.91,0,7.6405,0,7.6405
aten::t,,,2.424,6.655,0,0,0,0
aten::transpose,,,3.195,4.231,0,0,0,0
aten::as_strided,,,1.036,1.036,0,0,0,0
aten::matmul,,,6.681,12.548,0,7.6405,0,7.6405
empty_tensor,,,3.115,3.115,0,0,0,0
aclnnMatmul,,,2.752,2.752,7.6405,7.6405,7.6405,7.6405
vllm::maybe_chunk_residual,,,5.197,5.197,0,0,0,0
_C_ascend::npu_add_rms_norm_bias,,,15.484,26.631,0,12.3805,0,0
aten::empty,,,1.099,3.008,0,0,0,0
empty_tensor,,,1.909,1.909,0,0,0,0
aten::empty,,,0.355,1.248,0,0,0,0
empty_tensor,,,0.893,0.893,0,0,0,0
aten::empty,,,0.358,1.345,0,0,0,0
empty_tensor,,,0.987,0.987,0,0,0,0
aten::empty,,,0.399,2.566,0,0,0,0
empty_tensor,,,2.167,2.167,0,0,0,0
aclnnAddRmsNormBias,,,2.98,2.98,12.3805,12.3805,0,0
vllm::unquantized_gemm,,,4.222,16.484,0,23.221,0,23.221
aten::linear,,,1.013,12.262,0,23.221,0,23.221
aten::t,,,0.898,2.413,0,0,0,0
aten::transpose,,,0.692,1.515,0,0,0,0
aten::as_strided,,,0.823,0.823,0,0,0,0
aten::matmul,,,3.905,8.836,0,23.221,0,23.221
empty_tensor,,,1.475,1.475,0,0,0,0
aclnnMatmul,,,3.456,3.456,23.221,23.221,23.221,23.221
npu::npu_swiglu,,,12.142,23.02,0,16.2605,0,0
empty_tensor,,,1.364,1.364,0,0,0,0
aclnnSwiGlu,,,9.514,9.514,16.2605,16.2605,0,0
vllm::unquantized_gemm,,,3.622,14.734,0,22.081,0,22.081
aten::linear,,,0.668,11.112,0,22.081,0,22.081
aten::t,,,0.566,1.769,0,0,0,0
aten::transpose,,,0.48,1.203,0,0,0,0
aten::as_strided,,,0.723,0.723,0,0,0,0
aten::matmul,,,2.824,8.675,0,22.081,0,22.081
empty_tensor,,,3.356,3.356,0,0,0,0
aclnnMatmul,,,2.495,2.495,22.081,22.081,22.081,22.081
vllm::maybe_chunk_residual,,,4.183,4.183,0,0,0,0
_C_ascend::npu_add_rms_norm_bias,,,9.512,18.666,0,10.9205,0,0
aten::empty,,,0.409,1.762,0,0,0,0
empty_tensor,,,1.353,1.353,0,0,0,0
aten::empty,,,0.241,1.305,0,0,0,0
empty_tensor,,,1.064,1.064,0,0,0,0
aten::empty,,,0.335,1.712,0,0,0,0
empty_tensor,,,1.377,1.377,0,0,0,0
aten::empty,,,0.424,1.9,0,0,0,0
empty_tensor,,,1.476,1.476,0,0,0,0
aclnnAddRmsNormBias,,,2.475,2.475,10.9205,10.9205,0,0
vllm::unquantized_gemm,,,4.257,17.369,0,10.4405,0,9.26
aten::linear,,,1.14,13.112,0,10.4405,0,9.26
aten::t,,,0.863,1.888,0,0,0,0
aten::transpose,,,0.432,1.025,0,0,0,0
aten::as_strided,,,0.593,0.593,0,0,0,0
aten::addmm,,,6.011,10.084,0,10.4405,0,9.26
empty_tensor,,,1.513,1.513,0,0,0,0
aclnnAddmm,,,2.56,2.56,10.4405,10.4405,9.26,9.26
aten::split_with_sizes,,,1.503,3.04,0,0,0,0
aten::as_strided,,,0.815,0.815,0,0,0,0
aten::as_strided,,,0.328,0.328,0,0,0,0
aten::as_strided,,,0.394,0.394,0,0,0,0
vllm::npu_rotary_embedding,,,208.908,229.856,0,18.261,0,0
aten::view,,,1.224,1.224,0,0,0,0
aten::view,,,0.473,0.473,0,0,0,0
aten::contiguous,,,0.968,8.818,0,2.9205,0,0
aten::clone,,,1.222,7.85,0,2.9205,0,0
empty_tensor,,,1.444,1.444,0,0,0,0
aten::copy_,,,2.936,5.184,0,2.9205,0,0
aclnnInplaceCopy,,,2.248,2.248,2.9205,2.9205,0,0
aten::contiguous,,,1.271,5.091,0,2.96,0,0
aten::clone,,,0.577,3.82,0,2.96,0,0
empty_tensor,,,1.046,1.046,0,0,0,0
aten::copy_,,,1.452,2.197,0,2.96,0,0
aclnnInplaceCopy,,,0.745,0.745,2.96,2.96,0,0
_triton_rope,,,3.508,3.508,12.3805,12.3805,0,0
aten::view,,,1.238,1.238,0,0,0,0
aten::view,,,0.596,0.596,0,0,0,0
aten::empty,,,0.642,2.912,0,0,0,0
empty_tensor,,,2.27,2.27,0,0,0,0
aten::view,,,0.735,0.735,0,0,0,0
aten::view,,,0.468,0.468,0,0,0,0
aten::view,,,0.461,0.461,0,0,0,0
aten::view,,,0.603,0.603,0,0,0,0
vllm::unified_attention_with_output,,,102.499,852.424,0,47.042,0,0
P12/B/0177/attention,,,302.322,749.925,0,47.042,0,0
aten::slice,,,1.145,2.485,0,0,0,0
aten::as_strided,,,1.34,1.34,0,0,0,0
aten::slice,,,0.28,0.779,0,0,0,0
aten::as_strided,,,0.499,0.499,0,0,0,0
aten::slice,,,2.18,2.902,0,0,0,0
aten::as_strided,,,0.722,0.722,0,0,0,0
P12/B/0178/cache_write,,,97.188,137.087,0,12.541,0,0
atb::_npu_reshape_and_cache,,,20.259,39.899,0,12.541,0,0
aten::contiguous,,,0.932,18.095,0,2.7805,0,0
aten::clone,,,1.471,17.163,0,2.7805,0,0
empty_tensor,,,3.743,3.743,0,0,0,0
aten::copy_,,,5.328,11.949,0,2.7805,0,0
aclnnInplaceCopy,,,6.621,6.621,2.7805,2.7805,0,0
ReshapeCacheOperation,,,1.545,1.545,9.7605,9.7605,0,0
P12/B/0179/fia,,,195.051,289.591,0,34.501000000000005,0,0
aten::slice,,,0.888,2.235,0,0,0,0
aten::as_strided,,,1.347,1.347,0,0,0,0
aten::slice,,,0.4,0.842,0,0,0,0
aten::as_strided,,,0.442,0.442,0,0,0,0
aten::slice,,,0.24,0.737,0,0,0,0
aten::as_strided,,,0.497,0.497,0,0,0,0
npu::npu_fused_infer_attention_score,,,65.437,74.593,0,33.481,0,0
empty_tensor,,,3.114,3.114,0,0,0,0
empty_tensor,,,1.209,1.209,0,0,0,0
empty_tensor,,,0.94,0.94,0,0,0,0
empty_tensor,,,0.783,0.783,0,0,0,0
aclnnFusedInferAttentionScoreV3,,,3.11,3.11,33.481,33.481,0,0
aten::view,,,1.478,1.478,0,0,0,0
aten::slice,,,0.465,1.155,0,0,0,0
aten::as_strided,,,0.69,0.69,0,0,0,0
aten::copy_,,,12.496,13.5,0,1.02,0,0
aclnnInplaceCopy,,,1.004,1.004,1.02,1.02,0,0
aten::slice,,,0.575,1.453,0,0,0,0
aten::as_strided,,,0.878,0.878,0,0,0,0
aten::copy_,,,10.576,13.306,0,0,0,0
aclnnInplaceCopy,,,2.73,2.73,0,0,0,0
aten::view,,,1.397,1.397,0,0,0,0
vllm::unquantized_gemm,,,6.984,25.688,0,8.5005,0,8.5005
aten::linear,,,1.786,18.704,0,8.5005,0,8.5005
aten::t,,,2.195,4.463,0,0,0,0
aten::transpose,,,1.111,2.268,0,0,0,0
aten::as_strided,,,1.157,1.157,0,0,0,0
aten::matmul,,,6.608,12.455,0,8.5005,0,8.5005
empty_tensor,,,3.487,3.487,0,0,0,0
aclnnMatmul,,,2.36,2.36,8.5005,8.5005,8.5005,8.5005
vllm::maybe_chunk_residual,,,5.278,5.278,0,0,0,0
_C_ascend::npu_add_rms_norm_bias,,,14.97,26.388,0,14.3405,0,0
aten::empty,,,1.047,3.129,0,0,0,0
empty_tensor,,,2.082,2.082,0,0,0,0
aten::empty,,,0.225,1.144,0,0,0,0
empty_tensor,,,0.919,0.919,0,0,0,0
aten::empty,,,0.333,1.565,0,0,0,0
empty_tensor,,,1.232,1.232,0,0,0,0
aten::empty,,,0.373,2.447,0,0,0,0
empty_tensor,,,2.074,2.074,0,0,0,0
aclnnAddRmsNormBias,,,3.133,3.133,14.3405,14.3405,0,0
vllm::unquantized_gemm,,,3.78,14.743,0,23.321,0,23.321
aten::linear,,,0.906,10.963,0,23.321,0,23.321
aten::t,,,1.14,2.747,0,0,0,0
aten::transpose,,,0.587,1.607,0,0,0,0
aten::as_strided,,,1.02,1.02,0,0,0,0
aten::matmul,,,3.738,7.31,0,23.321,0,23.321
empty_tensor,,,1.259,1.259,0,0,0,0
aclnnMatmul,,,2.313,2.313,23.321,23.321,23.321,23.321
npu::npu_swiglu,,,11.161,24.17,0,16.2005,0,0
empty_tensor,,,1.139,1.139,0,0,0,0
aclnnSwiGlu,,,11.87,11.87,16.2005,16.2005,0,0
vllm::unquantized_gemm,,,3.632,12.166,0,22.581,0,22.581
aten::linear,,,0.777,8.534,0,22.581,0,22.581
aten::t,,,0.651,1.64,0,0,0,0
aten::transpose,,,0.385,0.989,0,0,0,0
aten::as_strided,,,0.604,0.604,0,0,0,0
aten::matmul,,,2.589,6.117,0,22.581,0,22.581
empty_tensor,,,1.08,1.08,0,0,0,0
aclnnMatmul,,,2.448,2.448,22.581,22.581,22.581,22.581
vllm::maybe_chunk_residual,,,3.891,3.891,0,0,0,0
_C_ascend::npu_add_rms_norm_bias,,,8.955,17.896,0,13.581,0,0
aten::empty,,,0.302,1.475,0,0,0,0
empty_tensor,,,1.173,1.173,0,0,0,0
aten::empty,,,0.192,1.425,0,0,0,0
empty_tensor,,,1.233,1.233,0,0,0,0
aten::empty,,,0.838,1.553,0,0,0,0
empty_tensor,,,0.715,0.715,0,0,0,0
aten::empty,,,0.346,1.621,0,0,0,0
empty_tensor,,,1.275,1.275,0,0,0,0
aclnnAddRmsNormBias,,,2.867,2.867,13.581,13.581,0,0
vllm::unquantized_gemm,,,4.228,16.583,0,10.6405,0,9.4805
aten::linear,,,1.065,12.355,0,10.6405,0,9.4805
aten::t,,,0.759,1.924,0,0,0,0
aten::transpose,,,0.376,1.165,0,0,0,0
aten::as_strided,,,0.789,0.789,0,0,0,0
aten::addmm,,,5.931,9.366,0,10.6405,0,9.4805
empty_tensor,,,1.198,1.198,0,0,0,0
aclnnAddmm,,,2.237,2.237,10.6405,10.6405,9.4805,9.4805
aten::split_with_sizes,,,1.528,3.242,0,0,0,0
aten::as_strided,,,0.765,0.765,0,0,0,0
aten::as_strided,,,0.438,0.438,0,0,0,0
aten::as_strided,,,0.511,0.511,0,0,0,0
vllm::npu_rotary_embedding,,,206.827,228.041,0,19.1005,0,0
aten::view,,,1.229,1.229,0,0,0,0
aten::view,,,0.558,0.558,0,0,0,0
aten::contiguous,,,0.956,9.62,0,3.66,0,0
aten::clone,,,1.384,8.664,0,3.66,0,0
empty_tensor,,,1.275,1.275,0,0,0,0
aten::copy_,,,3.491,6.005,0,3.66,0,0
aclnnInplaceCopy,,,2.514,2.514,3.66,3.66,0,0
aten::contiguous,,,0.536,4.736,0,2.9,0,0
aten::clone,,,0.417,4.2,0,2.9,0,0
empty_tensor,,,0.89,0.89,0,0,0,0
aten::copy_,,,1.427,2.893,0,2.9,0,0
aclnnInplaceCopy,,,1.466,1.466,2.9,2.9,0,0
_triton_rope,,,3.209,3.209,12.5405,12.5405,0,0
aten::view,,,1.213,1.213,0,0,0,0
aten::view,,,0.649,0.649,0,0,0,0
aten::empty,,,0.647,2.744,0,0,0,0
empty_tensor,,,2.097,2.097,0,0,0,0
aten::view,,,0.745,0.745,0,0,0,0
aten::view,,,0.426,0.426,0,0,0,0
aten::view,,,0.454,0.454,0,0,0,0
aten::view,,,0.588,0.588,0,0,0,0
vllm::unified_attention_with_output,,,106.691,888.495,0,45.4025,0,0
P12/B/0180/attention,,,323.702,781.804,0,45.4025,0,0
aten::slice,,,1.16,2.485,0,0,0,0
aten::as_strided,,,1.325,1.325,0,0,0,0
aten::slice,,,0.298,0.725,0,0,0,0
aten::as_strided,,,0.427,0.427,0,0,0,0
aten::slice,,,2.193,2.908,0,0,0,0
aten::as_strided,,,0.715,0.715,0,0,0,0
P12/B/0181/cache_write,,,107.867,148.786,0,11.9605,0,0
atb::_npu_reshape_and_cache,,,21.91,40.919,0,11.9605,0,0
aten::contiguous,,,0.839,16.519,0,2.94,0,0
aten::clone,,,1.526,15.68,0,2.94,0,0
empty_tensor,,,2.971,2.971,0,0,0,0
aten::copy_,,,5.18,11.183,0,2.94,0,0
aclnnInplaceCopy,,,6.003,6.003,2.94,2.94,0,0
ReshapeCacheOperation,,,2.49,2.49,9.0205,9.0205,0,0
P12/B/0182/fia,,,195.343,288.751,0,33.442,0,0
aten::slice,,,0.859,2.194,0,0,0,0
aten::as_strided,,,1.335,1.335,0,0,0,0
aten::slice,,,0.964,1.431,0,0,0,0
aten::as_strided,,,0.467,0.467,0,0,0,0
aten::slice,,,0.255,0.685,0,0,0,0
aten::as_strided,,,0.43,0.43,0,0,0,0
npu::npu_fused_infer_attention_score,,,63.223,72.607,0,32.442,0,0
empty_tensor,,,3.065,3.065,0,0,0,0
empty_tensor,,,1.136,1.136,0,0,0,0
empty_tensor,,,0.901,0.901,0,0,0,0
empty_tensor,,,0.67,0.67,0,0,0,0
aclnnFusedInferAttentionScoreV3,,,3.612,3.612,32.442,32.442,0,0
aten::view,,,1.425,1.425,0,0,0,0
aten::slice,,,0.519,1.314,0,0,0,0
aten::as_strided,,,0.795,0.795,0,0,0,0
aten::copy_,,,12.721,13.752,0,1.0,0,0
aclnnInplaceCopy,,,1.031,1.031,1.0,1.0,0,0
aten::slice,,,0.525,1.303,0,0,0,0
aten::as_strided,,,0.778,0.778,0,0,0,0
aten::copy_,,,10.169,13.144,0,0,0,0
aclnnInplaceCopy,,,2.975,2.975,0,0,0,0
aten::view,,,1.353,1.353,0,0,0,0
vllm::unquantized_gemm,,,7.194,25.569,0,7.7,0,7.7
aten::linear,,,1.784,18.375,0,7.7,0,7.7
aten::t,,,2.124,4.346,0,0,0,0
aten::transpose,,,1.177,2.222,0,0,0,0
aten::as_strided,,,1.045,1.045,0,0,0,0
aten::matmul,,,6.789,12.245,0,7.7,0,7.7
empty_tensor,,,2.833,2.833,0,0,0,0
aclnnMatmul,,,2.623,2.623,7.7,7.7,7.7,7.7
vllm::maybe_chunk_residual,,,5.405,5.405,0,0,0,0
_C_ascend::npu_add_rms_norm_bias,,,14.703,26.27,0,13.0405,0,0
aten::empty,,,1.001,2.984,0,0,0,0
empty_tensor,,,1.983,1.983,0,0,0,0
aten::empty,,,0.214,1.052,0,0,0,0
empty_tensor,,,0.838,0.838,0,0,0,0
aten::empty,,,0.299,2.225,0,0,0,0
empty_tensor,,,1.926,1.926,0,0,0,0
aten::empty,,,0.469,2.459,0,0,0,0
empty_tensor,,,1.99,1.99,0,0,0,0
aclnnAddRmsNormBias,,,2.847,2.847,13.0405,13.0405,0,0
vllm::unquantized_gemm,,,3.956,15.132,0,22.5605,0,22.5605
aten::linear,,,0.856,11.176,0,22.5605,0,22.5605
aten::t,,,0.829,2.053,0,0,0,0
aten::transpose,,,0.457,1.224,0,0,0,0
aten::as_strided,,,0.767,0.767,0,0,0,0
aten::matmul,,,3.567,8.267,0,22.5605,0,22.5605
empty_tensor,,,2.207,2.207,0,0,0,0
aclnnMatmul,,,2.493,2.493,22.5605,22.5605,22.5605,22.5605
npu::npu_swiglu,,,10.789,21.044,0,16.6005,0,0
empty_tensor,,,1.393,1.393,0,0,0,0
aclnnSwiGlu,,,8.862,8.862,16.6005,16.6005,0,0
vllm::unquantized_gemm,,,3.711,13.424,0,22.321,0,22.321
aten::linear,,,0.785,9.713,0,22.321,0,22.321
aten::t,,,0.747,1.713,0,0,0,0
aten::transpose,,,0.383,0.966,0,0,0,0
aten::as_strided,,,0.583,0.583,0,0,0,0
aten::matmul,,,2.428,7.215,0,22.321,0,22.321
empty_tensor,,,1.047,1.047,0,0,0,0
aclnnMatmul,,,3.74,3.74,22.321,22.321,22.321,22.321
vllm::maybe_chunk_residual,,,5.527,5.527,0,0,0,0
_C_ascend::npu_add_rms_norm_bias,,,8.838,17.519,0,10.9405,0,0
aten::empty,,,0.362,1.595,0,0,0,0
empty_tensor,,,1.233,1.233,0,0,0,0
aten::empty,,,0.249,1.027,0,0,0,0
empty_tensor,,,0.778,0.778,0,0,0,0
aten::empty,,,0.23,1.049,0,0,0,0
empty_tensor,,,0.819,0.819,0,0,0,0
aten::empty,,,0.426,2.499,0,0,0,0
empty_tensor,,,2.073,2.073,0,0,0,0
aclnnAddRmsNormBias,,,2.511,2.511,10.9405,10.9405,0,0
vllm::unquantized_gemm,,,4.348,16.437,0,10.6605,0,9.08
aten::linear,,,1.035,12.089,0,10.6605,0,9.08
aten::t,,,0.554,1.638,0,0,0,0
aten::transpose,,,0.332,1.084,0,0,0,0
aten::as_strided,,,0.752,0.752,0,0,0,0
aten::addmm,,,5.955,9.416,0,10.6605,0,9.08
empty_tensor,,,1.075,1.075,0,0,0,0
aclnnAddmm,,,2.386,2.386,10.6605,10.6605,9.08,9.08
aten::split_with_sizes,,,1.335,2.969,0,0,0,0
aten::as_strided,,,0.747,0.747,0,0,0,0
aten::as_strided,,,0.432,0.432,0,0,0,0
aten::as_strided,,,0.455,0.455,0,0,0,0
vllm::npu_rotary_embedding,,,207.41,228.381,0,19.461000000000002,0,0
aten::view,,,1.277,1.277,0,0,0,0
aten::view,,,0.458,0.458,0,0,0,0
aten::contiguous,,,0.901,9.124,0,2.8605,0,0
aten::clone,,,1.333,8.223,0,2.8605,0,0
empty_tensor,,,1.254,1.254,0,0,0,0
aten::copy_,,,3.141,5.636,0,2.8605,0,0
aclnnInplaceCopy,,,2.495,2.495,2.8605,2.8605,0,0
aten::contiguous,,,0.469,4.873,0,2.94,0,0
aten::clone,,,0.692,4.404,0,2.94,0,0
empty_tensor,,,1.202,1.202,0,0,0,0
aten::copy_,,,1.586,2.51,0,2.94,0,0
aclnnInplaceCopy,,,0.924,0.924,2.94,2.94,0,0
_triton_rope,,,3.339,3.339,13.6605,13.6605,0,0
aten::view,,,1.293,1.293,0,0,0,0
aten::view,,,0.607,0.607,0,0,0,0
aten::empty,,,0.658,5.191,0,0,0,0
empty_tensor,,,4.533,4.533,0,0,0,0
aten::view,,,0.951,0.951,0,0,0,0
aten::view,,,0.605,0.605,0,0,0,0
aten::view,,,0.603,0.603,0,0,0,0
aten::view,,,0.799,0.799,0,0,0,0
vllm::unified_attention_with_output,,,95.964,845.281,0,51.342,0,0
P12/B/0183/attention,,,303.618,749.317,0,51.342,0,0
aten::slice,,,1.168,2.566,0,0,0,0
aten::as_strided,,,1.398,1.398,0,0,0,0
aten::slice,,,0.471,1.078,0,0,0,0
aten::as_strided,,,0.607,0.607,0,0,0,0
aten::slice,,,2.275,3.22,0,0,0,0
aten::as_strided,,,0.945,0.945,0,0,0,0
P12/B/0184/cache_write,,,93.916,129.244,0,12.4405,0,0
atb::_npu_reshape_and_cache,,,17.594,35.328,0,12.4405,0,0
aten::contiguous,,,0.808,15.947,0,2.9,0,0
aten::clone,,,1.49,15.139,0,2.9,0,0
empty_tensor,,,2.661,2.661,0,0,0,0
aten::copy_,,,4.781,10.988,0,2.9,0,0
aclnnInplaceCopy,,,6.207,6.207,2.9,2.9,0,0
ReshapeCacheOperation,,,1.787,1.787,9.5405,9.5405,0,0
P12/B/0185/fia,,,202.226,295.525,0,38.9015,0,0
aten::slice,,,0.914,2.224,0,0,0,0
aten::as_strided,,,1.31,1.31,0,0,0,0
aten::slice,,,0.465,0.881,0,0,0,0
aten::as_strided,,,0.416,0.416,0,0,0,0
aten::slice,,,0.395,0.773,0,0,0,0
aten::as_strided,,,0.378,0.378,0,0,0,0
npu::npu_fused_infer_attention_score,,,63.684,73.41,0,37.9015,0,0
empty_tensor,,,3.945,3.945,0,0,0,0
empty_tensor,,,1.235,1.235,0,0,0,0
empty_tensor,,,0.719,0.719,0,0,0,0
empty_tensor,,,0.694,0.694,0,0,0,0
aclnnFusedInferAttentionScoreV3,,,3.133,3.133,37.9015,37.9015,0,0
aten::view,,,1.556,1.556,0,0,0,0
aten::slice,,,0.594,1.436,0,0,0,0
aten::as_strided,,,0.842,0.842,0,0,0,0
aten::copy_,,,12.136,13.019,0,1.0,0,0
aclnnInplaceCopy,,,0.883,0.883,1.0,1.0,0,0
aten::slice,,,0.585,1.416,0,0,0,0
aten::as_strided,,,0.831,0.831,0,0,0,0
aten::copy_,,,9.994,12.65,0,0,0,0
aclnnInplaceCopy,,,2.656,2.656,0,0,0,0
aten::view,,,1.347,1.347,0,0,0,0
vllm::unquantized_gemm,,,6.898,25.017,0,7.8605,0,7.8605
aten::linear,,,1.697,18.119,0,7.8605,0,7.8605
aten::t,,,2.182,4.367,0,0,0,0
aten::transpose,,,1.14,2.185,0,0,0,0
aten::as_strided,,,1.045,1.045,0,0,0,0
aten::matmul,,,6.752,12.055,0,7.8605,0,7.8605
empty_tensor,,,2.855,2.855,0,0,0,0
aclnnMatmul,,,2.448,2.448,7.8605,7.8605,7.8605,7.8605
vllm::maybe_chunk_residual,,,5.06,5.06,0,0,0,0
_C_ascend::npu_add_rms_norm_bias,,,14.596,25.115,0,13.6205,0,0
aten::empty,,,0.978,2.979,0,0,0,0
empty_tensor,,,2.001,2.001,0,0,0,0
aten::empty,,,0.258,1.113,0,0,0,0
empty_tensor,,,0.855,0.855,0,0,0,0
aten::empty,,,0.194,1.153,0,0,0,0
empty_tensor,,,0.959,0.959,0,0,0,0
aten::empty,,,0.475,2.605,0,0,0,0
empty_tensor,,,2.13,2.13,0,0,0,0
aclnnAddRmsNormBias,,,2.669,2.669,13.6205,13.6205,0,0
vllm::unquantized_gemm,,,4.082,15.247,0,22.761,0,22.761
aten::linear,,,0.81,11.165,0,22.761,0,22.761
aten::t,,,0.957,3.074,0,0,0,0
aten::transpose,,,1.227,2.117,0,0,0,0
aten::as_strided,,,0.89,0.89,0,0,0,0
aten::matmul,,,3.403,7.281,0,22.761,0,22.761
empty_tensor,,,1.271,1.271,0,0,0,0
aclnnMatmul,,,2.607,2.607,22.761,22.761,22.761,22.761
npu::npu_swiglu,,,11.0,21.657,0,16.3805,0,0
empty_tensor,,,1.12,1.12,0,0,0,0
aclnnSwiGlu,,,9.537,9.537,16.3805,16.3805,0,0
vllm::unquantized_gemm,,,3.701,12.728,0,21.981,0,21.981
aten::linear,,,0.656,9.027,0,21.981,0,21.981
aten::t,,,0.666,1.928,0,0,0,0
aten::transpose,,,0.442,1.262,0,0,0,0
aten::as_strided,,,0.82,0.82,0,0,0,0
aten::matmul,,,2.703,6.443,0,21.981,0,21.981
empty_tensor,,,1.348,1.348,0,0,0,0
aclnnMatmul,,,2.392,2.392,21.981,21.981,21.981,21.981
vllm::maybe_chunk_residual,,,4.011,4.011,0,0,0,0
_C_ascend::npu_add_rms_norm_bias,,,9.577,20.489,0,11.4005,0,0
aten::empty,,,0.373,1.693,0,0,0,0
empty_tensor,,,1.32,1.32,0,0,0,0
aten::empty,,,0.25,1.283,0,0,0,0
empty_tensor,,,1.033,1.033,0,0,0,0
aten::empty,,,0.281,1.53,0,0,0,0
empty_tensor,,,1.249,1.249,0,0,0,0
aten::empty,,,0.403,1.736,0,0,0,0
empty_tensor,,,1.333,1.333,0,0,0,0
aclnnAddRmsNormBias,,,4.67,4.67,11.4005,11.4005,0,0
vllm::unquantized_gemm,,,4.46,17.398,0,10.7005,0,9.54
aten::linear,,,1.094,12.938,0,10.7005,0,9.54
aten::t,,,1.012,2.133,0,0,0,0
aten::transpose,,,0.475,1.121,0,0,0,0
aten::as_strided,,,0.646,0.646,0,0,0,0
aten::addmm,,,5.987,9.711,0,10.7005,0,9.54
empty_tensor,,,1.254,1.254,0,0,0,0
aclnnAddmm,,,2.47,2.47,10.7005,10.7005,9.54,9.54
aten::split_with_sizes,,,1.445,2.96,0,0,0,0
aten::as_strided,,,0.691,0.691,0,0,0,0
aten::as_strided,,,0.417,0.417,0,0,0,0
aten::as_strided,,,0.407,0.407,0,0,0,0
vllm::npu_rotary_embedding,,,206.904,227.763,0,18.401,0,0
aten::view,,,1.25,1.25,0,0,0,0
aten::view,,,0.528,0.528,0,0,0,0
aten::contiguous,,,0.932,9.203,0,2.94,0,0
aten::clone,,,1.326,8.271,0,2.94,0,0
empty_tensor,,,1.335,1.335,0,0,0,0
aten::copy_,,,3.141,5.61,0,2.94,0,0
aclnnInplaceCopy,,,2.469,2.469,2.94,2.94,0,0
aten::contiguous,,,0.339,4.626,0,2.8405,0,0
aten::clone,,,0.797,4.287,0,2.8405,0,0
empty_tensor,,,1.139,1.139,0,0,0,0
aten::copy_,,,1.451,2.351,0,2.8405,0,0
aclnnInplaceCopy,,,0.9,0.9,2.8405,2.8405,0,0
_triton_rope,,,3.411,3.411,12.6205,12.6205,0,0
aten::view,,,1.355,1.355,0,0,0,0
aten::view,,,0.486,0.486,0,0,0,0
aten::empty,,,0.576,2.803,0,0,0,0
empty_tensor,,,2.227,2.227,0,0,0,0
aten::view,,,0.693,0.693,0,0,0,0
aten::view,,,0.442,0.442,0,0,0,0
aten::view,,,0.454,0.454,0,0,0,0
aten::view,,,1.166,1.166,0,0,0,0
vllm::unified_attention_with_output,,,95.458,861.429,0,44.702,0,0
P12/B/0186/attention,,,310.946,765.971,0,44.702,0,0
aten::slice,,,1.138,2.413,0,0,0,0
aten::as_strided,,,1.275,1.275,0,0,0,0
aten::slice,,,0.528,0.87,0,0,0,0
aten::as_strided,,,0.342,0.342,0,0,0,0
aten::slice,,,2.166,3.0,0,0,0,0
aten::as_strided,,,0.834,0.834,0,0,0,0
P12/B/0187/cache_write,,,107.976,148.48,0,12.2005,0,0
atb::_npu_reshape_and_cache,,,17.792,40.504,0,12.2005,0,0
aten::contiguous,,,0.898,13.212,0,3.1,0,0
aten::clone,,,1.296,12.314,0,3.1,0,0
empty_tensor,,,3.168,3.168,0,0,0,0
aten::copy_,,,5.38,7.85,0,3.1,0,0
aclnnInplaceCopy,,,2.47,2.47,3.1,3.1,0,0
ReshapeCacheOperation,,,9.5,9.5,9.1005,9.1005,0,0
P12/B/0188/fia,,,190.837,286.334,0,32.5015,0,0
aten::slice,,,1.015,2.334,0,0,0,0
aten::as_strided,,,1.319,1.319,0,0,0,0
aten::slice,,,0.498,0.946,0,0,0,0
aten::as_strided,,,0.448,0.448,0,0,0,0
aten::slice,,,0.408,0.87,0,0,0,0
aten::as_strided,,,0.462,0.462,0,0,0,0
npu::npu_fused_infer_attention_score,,,65.643,75.127,0,31.4815,0,0
empty_tensor,,,3.082,3.082,0,0,0,0
empty_tensor,,,1.205,1.205,0,0,0,0
empty_tensor,,,0.769,0.769,0,0,0,0
empty_tensor,,,1.287,1.287,0,0,0,0
aclnnFusedInferAttentionScoreV3,,,3.141,3.141,31.4815,31.4815,0,0
aten::view,,,1.452,1.452,0,0,0,0
aten::slice,,,0.491,1.281,0,0,0,0
aten::as_strided,,,0.79,0.79,0,0,0,0
aten::copy_,,,12.37,13.487,0,1.02,0,0
aclnnInplaceCopy,,,1.117,1.117,1.02,1.02,0,0
aten::slice,,,0.582,1.508,0,0,0,0
aten::as_strided,,,0.926,0.926,0,0,0,0
aten::copy_,,,9.965,12.42,0,0,0,0
aclnnInplaceCopy,,,2.455,2.455,0,0,0,0
aten::view,,,1.406,1.406,0,0,0,0
vllm::unquantized_gemm,,,7.005,25.885,0,7.8405,0,7.8405
aten::linear,,,1.894,18.88,0,7.8405,0,7.8405
aten::t,,,2.194,4.324,0,0,0,0
aten::transpose,,,1.108,2.13,0,0,0,0
aten::as_strided,,,1.022,1.022,0,0,0,0
aten::matmul,,,6.993,12.662,0,7.8405,0,7.8405
empty_tensor,,,3.09,3.09,0,0,0,0
aclnnMatmul,,,2.579,2.579,7.8405,7.8405,7.8405,7.8405
vllm::maybe_chunk_residual,,,5.515,5.515,0,0,0,0
_C_ascend::npu_add_rms_norm_bias,,,14.521,25.633,0,12.7005,0,0
aten::empty,,,0.914,2.867,0,0,0,0
empty_tensor,,,1.953,1.953,0,0,0,0
aten::empty,,,0.195,1.05,0,0,0,0
empty_tensor,,,0.855,0.855,0,0,0,0
aten::empty,,,0.19,1.561,0,0,0,0
empty_tensor,,,1.371,1.371,0,0,0,0
aten::empty,,,0.504,2.502,0,0,0,0
empty_tensor,,,1.998,1.998,0,0,0,0
aclnnAddRmsNormBias,,,3.132,3.132,12.7005,12.7005,0,0
vllm::unquantized_gemm,,,3.947,15.058,0,23.001,0,23.001
aten::linear,,,0.771,11.111,0,23.001,0,23.001
aten::t,,,0.815,2.113,0,0,0,0
aten::transpose,,,0.46,1.298,0,0,0,0
aten::as_strided,,,0.838,0.838,0,0,0,0
aten::matmul,,,3.553,8.227,0,23.001,0,23.001
empty_tensor,,,1.958,1.958,0,0,0,0
aclnnMatmul,,,2.716,2.716,23.001,23.001,23.001,23.001
npu::npu_swiglu,,,10.845,21.563,0,15.2805,0,0
empty_tensor,,,1.644,1.644,0,0,0,0
aclnnSwiGlu,,,9.074,9.074,15.2805,15.2805,0,0
vllm::unquantized_gemm,,,3.442,12.28,0,22.481,0,22.481
aten::linear,,,0.917,8.838,0,22.481,0,22.481
aten::t,,,0.683,1.842,0,0,0,0
aten::transpose,,,0.363,1.159,0,0,0,0
aten::as_strided,,,0.796,0.796,0,0,0,0
aten::matmul,,,2.55,6.079,0,22.481,0,22.481
empty_tensor,,,1.181,1.181,0,0,0,0
aclnnMatmul,,,2.348,2.348,22.481,22.481,22.481,22.481
vllm::maybe_chunk_residual,,,4.021,4.021,0,0,0,0
_C_ascend::npu_add_rms_norm_bias,,,8.966,17.383,0,11.3605,0,0
aten::empty,,,0.336,1.651,0,0,0,0
empty_tensor,,,1.315,1.315,0,0,0,0
aten::empty,,,0.195,1.122,0,0,0,0
empty_tensor,,,0.927,0.927,0,0,0,0
aten::empty,,,0.398,1.381,0,0,0,0
empty_tensor,,,0.983,0.983,0,0,0,0
aten::empty,,,0.313,1.608,0,0,0,0
empty_tensor,,,1.295,1.295,0,0,0,0
aclnnAddRmsNormBias,,,2.655,2.655,11.3605,11.3605,0,0
vllm::unquantized_gemm,,,4.335,18.859,0,10.7405,0,9.5805
aten::linear,,,1.23,14.524,0,10.7405,0,9.5805
aten::t,,,0.796,1.796,0,0,0,0
aten::transpose,,,0.405,1.0,0,0,0,0
aten::as_strided,,,0.595,0.595,0,0,0,0
aten::addmm,,,5.853,11.498,0,10.7405,0,9.5805
empty_tensor,,,1.142,1.142,0,0,0,0
aclnnAddmm,,,4.503,4.503,10.7405,10.7405,9.5805,9.5805
aten::split_with_sizes,,,1.628,2.987,0,0,0,0
aten::as_strided,,,0.726,0.726,0,0,0,0
aten::as_strided,,,0.27,0.27,0,0,0,0
aten::as_strided,,,0.363,0.363,0,0,0,0
vllm::npu_rotary_embedding,,,205.521,225.908,0,18.501,0,0
aten::view,,,1.14,1.14,0,0,0,0
aten::view,,,0.462,0.462,0,0,0,0
aten::contiguous,,,1.038,9.103,0,3.0005,0,0
aten::clone,,,1.258,8.065,0,3.0005,0,0
empty_tensor,,,1.292,1.292,0,0,0,0
aten::copy_,,,3.076,5.515,0,3.0005,0,0
aclnnInplaceCopy,,,2.439,2.439,3.0005,3.0005,0,0
aten::contiguous,,,0.432,4.725,0,2.82,0,0
aten::clone,,,0.444,4.293,0,2.82,0,0
empty_tensor,,,1.55,1.55,0,0,0,0
aten::copy_,,,1.49,2.299,0,2.82,0,0
aclnnInplaceCopy,,,0.809,0.809,2.82,2.82,0,0
_triton_rope,,,3.195,3.195,12.6805,12.6805,0,0
aten::view,,,1.127,1.127,0,0,0,0
aten::view,,,0.635,0.635,0,0,0,0
aten::empty,,,0.606,2.561,0,0,0,0
empty_tensor,,,1.955,1.955,0,0,0,0
aten::view,,,0.757,0.757,0,0,0,0
aten::view,,,0.5,0.5,0,0,0,0
aten::view,,,0.476,0.476,0,0,0,0
aten::view,,,0.599,0.599,0,0,0,0
vllm::unified_attention_with_output,,,97.378,866.683,0,46.5225,0,0
P12/B/0189/attention,,,306.689,769.305,0,46.5225,0,0
aten::slice,,,1.222,3.082,0,0,0,0
aten::as_strided,,,1.86,1.86,0,0,0,0
aten::slice,,,0.458,1.093,0,0,0,0
aten::as_strided,,,0.635,0.635,0,0,0,0
aten::slice,,,2.275,3.155,0,0,0,0
aten::as_strided,,,0.88,0.88,0,0,0,0
P12/B/0190/cache_write,,,99.065,138.41,0,12.2405,0,0
atb::_npu_reshape_and_cache,,,17.74,39.345,0,12.2405,0,0
aten::contiguous,,,0.834,13.017,0,2.96,0,0
aten::clone,,,1.212,12.183,0,2.96,0,0
empty_tensor,,,2.909,2.909,0,0,0,0
aten::copy_,,,4.782,8.062,0,2.96,0,0
aclnnInplaceCopy,,,3.28,3.28,2.96,2.96,0,0
ReshapeCacheOperation,,,8.588,8.588,9.2805,9.2805,0,0
P12/B/0191/fia,,,206.574,302.164,0,34.282000000000004,0,0
aten::slice,,,0.924,2.229,0,0,0,0
aten::as_strided,,,1.305,1.305,0,0,0,0
aten::slice,,,0.401,0.814,0,0,0,0
aten::as_strided,,,0.413,0.413,0,0,0,0
aten::slice,,,0.226,0.708,0,0,0,0
aten::as_strided,,,0.482,0.482,0,0,0,0
npu::npu_fused_infer_attention_score,,,63.886,73.827,0,33.282000000000004,0,0
empty_tensor,,,3.112,3.112,0,0,0,0
empty_tensor,,,1.219,1.219,0,0,0,0
empty_tensor,,,1.05,1.05,0,0,0,0
empty_tensor,,,1.006,1.006,0,0,0,0
aclnnFusedInferAttentionScoreV3,,,3.554,3.554,33.282000000000004,33.282000000000004,0,0
aten::view,,,1.379,1.379,0,0,0,0
aten::slice,,,0.551,3.096,0,0,0,0
aten::as_strided,,,2.545,2.545,0,0,0,0
aten::copy_,,,12.675,13.537,0,1.0,0,0
aclnnInplaceCopy,,,0.862,0.862,1.0,1.0,0,0
aten::slice,,,0.57,1.441,0,0,0,0
aten::as_strided,,,0.871,0.871,0,0,0,0
aten::copy_,,,10.556,13.271,0,0,0,0
aclnnInplaceCopy,,,2.715,2.715,0,0,0,0
aten::view,,,1.403,1.403,0,0,0,0
vllm::unquantized_gemm,,,7.012,25.629,0,8.0805,0,8.0805
aten::linear,,,1.692,18.617,0,8.0805,0,8.0805
aten::t,,,2.262,4.393,0,0,0,0
aten::transpose,,,1.118,2.131,0,0,0,0
aten::as_strided,,,1.013,1.013,0,0,0,0
aten::matmul,,,6.615,12.532,0,8.0805,0,8.0805
empty_tensor,,,3.12,3.12,0,0,0,0
aclnnMatmul,,,2.797,2.797,8.0805,8.0805,8.0805,8.0805
vllm::maybe_chunk_residual,,,5.339,5.339,0,0,0,0
_C_ascend::npu_add_rms_norm_bias,,,14.452,24.619,0,13.5805,0,0
aten::empty,,,0.893,2.828,0,0,0,0
empty_tensor,,,1.935,1.935,0,0,0,0
aten::empty,,,0.233,1.415,0,0,0,0
empty_tensor,,,1.182,1.182,0,0,0,0
aten::empty,,,0.197,1.077,0,0,0,0
empty_tensor,,,0.88,0.88,0,0,0,0
aten::empty,,,0.36,2.012,0,0,0,0
empty_tensor,,,1.652,1.652,0,0,0,0
aclnnAddRmsNormBias,,,2.835,2.835,13.5805,13.5805,0,0
vllm::unquantized_gemm,,,3.914,14.477,0,22.981,0,22.981
aten::linear,,,0.858,10.563,0,22.981,0,22.981
aten::t,,,0.748,2.212,0,0,0,0
aten::transpose,,,0.434,1.464,0,0,0,0
aten::as_strided,,,1.03,1.03,0,0,0,0
aten::matmul,,,3.862,7.493,0,22.981,0,22.981
empty_tensor,,,1.271,1.271,0,0,0,0
aclnnMatmul,,,2.36,2.36,22.981,22.981,22.981,22.981
npu::npu_swiglu,,,10.801,23.302,0,15.741,0,0
empty_tensor,,,1.238,1.238,0,0,0,0
aclnnSwiGlu,,,11.263,11.263,15.741,15.741,0,0
vllm::unquantized_gemm,,,3.586,12.339,0,22.521,0,22.521
aten::linear,,,0.689,8.753,0,22.521,0,22.521
aten::t,,,0.609,1.659,0,0,0,0
aten::transpose,,,0.417,1.05,0,0,0,0
aten::as_strided,,,0.633,0.633,0,0,0,0
aten::matmul,,,2.659,6.405,0,22.521,0,22.521
empty_tensor,,,1.403,1.403,0,0,0,0
aclnnMatmul,,,2.343,2.343,22.521,22.521,22.521,22.521
vllm::maybe_chunk_residual,,,3.948,3.948,0,0,0,0
_C_ascend::npu_add_rms_norm_bias,,,9.146,17.119,0,11.6405,0,0
aten::empty,,,0.372,1.619,0,0,0,0
empty_tensor,,,1.247,1.247,0,0,0,0
aten::empty,,,0.222,1.107,0,0,0,0
empty_tensor,,,0.885,0.885,0,0,0,0
aten::empty,,,0.219,0.988,0,0,0,0
empty_tensor,,,0.769,0.769,0,0,0,0
aten::empty,,,0.339,1.567,0,0,0,0
empty_tensor,,,1.228,1.228,0,0,0,0
aclnnAddRmsNormBias,,,2.692,2.692,11.6405,11.6405,0,0
vllm::unquantized_gemm,,,4.28,16.677,0,11.16,0,10.02
aten::linear,,,1.352,12.397,0,11.16,0,10.02
aten::t,,,0.554,1.485,0,0,0,0
aten::transpose,,,0.354,0.931,0,0,0,0
aten::as_strided,,,0.577,0.577,0,0,0,0
aten::addmm,,,5.987,9.56,0,11.16,0,10.02
empty_tensor,,,1.211,1.211,0,0,0,0
aclnnAddmm,,,2.362,2.362,11.16,11.16,10.02,10.02
aten::split_with_sizes,,,1.607,2.928,0,0,0,0
aten::as_strided,,,0.75,0.75,0,0,0,0
aten::as_strided,,,0.361,0.361,0,0,0,0
aten::as_strided,,,0.21,0.21,0,0,0,0
vllm::npu_rotary_embedding,,,207.82,232.104,0,18.3405,0,0
aten::view,,,1.198,1.198,0,0,0,0
aten::view,,,1.523,1.523,0,0,0,0
aten::contiguous,,,1.064,10.511,0,3.0,0,0
aten::clone,,,1.502,9.447,0,3.0,0,0
empty_tensor,,,1.29,1.29,0,0,0,0
aten::copy_,,,3.347,6.655,0,3.0,0,0
aclnnInplaceCopy,,,3.308,3.308,3.0,3.0,0,0
aten::contiguous,,,0.405,4.52,0,2.82,0,0
aten::clone,,,0.728,4.115,0,2.82,0,0
empty_tensor,,,1.022,1.022,0,0,0,0
aten::copy_,,,1.592,2.365,0,2.82,0,0
aclnnInplaceCopy,,,0.773,0.773,2.82,2.82,0,0
_triton_rope,,,4.62,4.62,12.5205,12.5205,0,0
aten::view,,,1.238,1.238,0,0,0,0
aten::view,,,0.674,0.674,0,0,0,0
aten::empty,,,0.734,2.742,0,0,0,0
empty_tensor,,,2.008,2.008,0,0,0,0
aten::view,,,0.856,0.856,0,0,0,0
aten::view,,,0.669,0.669,0,0,0,0
aten::view,,,0.458,0.458,0,0,0,0
aten::view,,,0.567,0.567,0,0,0,0
vllm::unified_attention_with_output,,,94.82,855.615,0,45.9215,0,0
P12/B/0192/attention,,,299.029,760.795,0,45.9215,0,0
aten::slice,,,1.042,2.395,0,0,0,0
aten::as_strided,,,1.353,1.353,0,0,0,0
aten::slice,,,0.556,1.286,0,0,0,0
aten::as_strided,,,0.73,0.73,0,0,0,0
aten::slice,,,3.509,4.203,0,0,0,0
aten::as_strided,,,0.694,0.694,0,0,0,0
P12/B/0193/cache_write,,,102.227,148.42,0,12.160499999999999,0,0
atb::_npu_reshape_and_cache,,,23.835,46.193,0,12.160499999999999,0,0
aten::contiguous,,,0.912,13.935,0,2.88,0,0
aten::clone,,,1.347,13.023,0,2.88,0,0
empty_tensor,,,3.276,3.276,0,0,0,0
aten::copy_,,,5.047,8.4,0,2.88,0,0
aclnnInplaceCopy,,,3.353,3.353,2.88,2.88,0,0
ReshapeCacheOperation,,,8.423,8.423,9.2805,9.2805,0,0
P12/B/0194/fia,,,194.893,289.626,0,33.761,0,0
aten::slice,,,1.083,3.576,0,0,0,0
aten::as_strided,,,2.493,2.493,0,0,0,0
aten::slice,,,0.457,0.989,0,0,0,0
aten::as_strided,,,0.532,0.532,0,0,0,0
aten::slice,,,0.244,0.707,0,0,0,0
aten::as_strided,,,0.463,0.463,0,0,0,0
npu::npu_fused_infer_attention_score,,,64.201,73.01,0,32.741,0,0
empty_tensor,,,3.162,3.162,0,0,0,0
empty_tensor,,,0.999,0.999,0,0,0,0
empty_tensor,,,0.714,0.714,0,0,0,0
empty_tensor,,,0.7,0.7,0,0,0,0
aclnnFusedInferAttentionScoreV3,,,3.234,3.234,32.741,32.741,0,0
aten::view,,,1.455,1.455,0,0,0,0
aten::slice,,,0.46,1.125,0,0,0,0
aten::as_strided,,,0.665,0.665,0,0,0,0
aten::copy_,,,12.633,13.871,0,1.02,0,0
aclnnInplaceCopy,,,1.238,1.238,1.02,1.02,0,0
aten::slice,,,0.611,1.426,0,0,0,0
aten::as_strided,,,0.815,0.815,0,0,0,0
aten::copy_,,,11.733,14.41,0,0,0,0
aclnnInplaceCopy,,,2.677,2.677,0,0,0,0
aten::view,,,1.39,1.39,0,0,0,0
vllm::unquantized_gemm,,,7.239,26.434,0,7.9805,0,7.9805
aten::linear,,,2.629,19.195,0,7.9805,0,7.9805
aten::t,,,2.243,4.498,0,0,0,0
aten::transpose,,,1.144,2.255,0,0,0,0
aten::as_strided,,,1.111,1.111,0,0,0,0
aten::matmul,,,6.602,12.068,0,7.9805,0,7.9805
empty_tensor,,,3.017,3.017,0,0,0,0
aclnnMatmul,,,2.449,2.449,7.9805,7.9805,7.9805,7.9805
vllm::maybe_chunk_residual,,,5.385,5.385,0,0,0,0
_C_ascend::npu_add_rms_norm_bias,,,14.979,26.823,0,15.1605,0,0
aten::empty,,,0.967,3.113,0,0,0,0
empty_tensor,,,2.146,2.146,0,0,0,0
aten::empty,,,0.195,1.522,0,0,0,0
empty_tensor,,,1.327,1.327,0,0,0,0
aten::empty,,,0.362,1.698,0,0,0,0
empty_tensor,,,1.336,1.336,0,0,0,0
aten::empty,,,0.369,2.496,0,0,0,0
empty_tensor,,,2.127,2.127,0,0,0,0
aclnnAddRmsNormBias,,,3.015,3.015,15.1605,15.1605,0,0
vllm::unquantized_gemm,,,3.803,14.317,0,22.981,0,22.981
aten::linear,,,0.82,10.514,0,22.981,0,22.981
aten::t,,,0.894,2.216,0,0,0,0
aten::transpose,,,0.47,1.322,0,0,0,0
aten::as_strided,,,0.852,0.852,0,0,0,0
aten::matmul,,,3.733,7.478,0,22.981,0,22.981
empty_tensor,,,1.354,1.354,0,0,0,0
aclnnMatmul,,,2.391,2.391,22.981,22.981,22.981,22.981
npu::npu_swiglu,,,10.99,21.72,0,15.721,0,0
empty_tensor,,,1.46,1.46,0,0,0,0
aclnnSwiGlu,,,9.27,9.27,15.721,15.721,0,0
vllm::unquantized_gemm,,,3.682,12.813,0,22.061,0,22.061
aten::linear,,,0.593,9.131,0,22.061,0,22.061
aten::t,,,1.004,2.115,0,0,0,0
aten::transpose,,,0.481,1.111,0,0,0,0
aten::as_strided,,,0.63,0.63,0,0,0,0
aten::matmul,,,2.392,6.423,0,22.061,0,22.061
empty_tensor,,,1.48,1.48,0,0,0,0
aclnnMatmul,,,2.551,2.551,22.061,22.061,22.061,22.061
vllm::maybe_chunk_residual,,,4.047,4.047,0,0,0,0
_C_ascend::npu_add_rms_norm_bias,,,9.088,18.408,0,12.2805,0,0
aten::empty,,,0.607,1.998,0,0,0,0
empty_tensor,,,1.391,1.391,0,0,0,0
aten::empty,,,0.252,1.059,0,0,0,0
empty_tensor,,,0.807,0.807,0,0,0,0
aten::empty,,,0.416,1.821,0,0,0,0
empty_tensor,,,1.405,1.405,0,0,0,0
aten::empty,,,0.278,1.607,0,0,0,0
empty_tensor,,,1.329,1.329,0,0,0,0
aclnnAddRmsNormBias,,,2.835,2.835,12.2805,12.2805,0,0
vllm::unquantized_gemm,,,4.46,17.014,0,10.060500000000001,0,8.9205
aten::linear,,,1.08,12.554,0,10.060500000000001,0,8.9205
aten::t,,,0.7,1.663,0,0,0,0
aten::transpose,,,0.309,0.963,0,0,0,0
aten::as_strided,,,0.654,0.654,0,0,0,0
aten::addmm,,,6.04,9.811,0,10.060500000000001,0,8.9205
empty_tensor,,,1.452,1.452,0,0,0,0
aclnnAddmm,,,2.319,2.319,10.060500000000001,10.060500000000001,8.9205,8.9205
aten::split_with_sizes,,,1.607,18.879,0,0,0,0
aten::as_strided,,,16.572,16.572,0,0,0,0
aten::as_strided,,,0.346,0.346,0,0,0,0
aten::as_strided,,,0.354,0.354,0,0,0,0
vllm::npu_rotary_embedding,,,207.282,229.05,0,18.261,0,0
aten::view,,,1.197,1.197,0,0,0,0
aten::view,,,0.524,0.524,0,0,0,0
aten::contiguous,,,0.929,10.29,0,2.9405,0,0
aten::clone,,,1.388,9.361,0,2.9405,0,0
empty_tensor,,,1.427,1.427,0,0,0,0
aten::copy_,,,3.834,6.546,0,2.9405,0,0
aclnnInplaceCopy,,,2.712,2.712,2.9405,2.9405,0,0
aten::contiguous,,,0.316,4.689,0,2.96,0,0
aten::clone,,,0.465,4.373,0,2.96,0,0
empty_tensor,,,1.174,1.174,0,0,0,0
aten::copy_,,,1.667,2.734,0,2.96,0,0
aclnnInplaceCopy,,,1.067,1.067,2.96,2.96,0,0
_triton_rope,,,3.047,3.047,12.3605,12.3605,0,0
aten::view,,,1.398,1.398,0,0,0,0
aten::view,,,0.623,0.623,0,0,0,0
aten::empty,,,0.655,2.765,0,0,0,0
empty_tensor,,,2.11,2.11,0,0,0,0
aten::view,,,0.87,0.87,0,0,0,0
aten::view,,,0.699,0.699,0,0,0,0
aten::view,,,0.59,0.59,0,0,0,0
aten::view,,,0.61,0.61,0,0,0,0
vllm::unified_attention_with_output,,,99.497,868.711,0,47.2825,0,0
P12/B/0195/attention,,,317.298,769.214,0,47.2825,0,0
aten::slice,,,1.034,2.313,0,0,0,0
aten::as_strided,,,1.279,1.279,0,0,0,0
aten::slice,,,0.468,1.113,0,0,0,0
aten::as_strided,,,0.645,0.645,0,0,0,0
aten::slice,,,2.233,2.9,0,0,0,0
aten::as_strided,,,0.667,0.667,0,0,0,0
P12/B/0196/cache_write,,,100.213,140.835,0,12.181000000000001,0,0
atb::_npu_reshape_and_cache,,,18.064,40.622,0,12.181000000000001,0,0
aten::contiguous,,,0.809,13.625,0,2.9405,0,0
aten::clone,,,1.811,12.816,0,2.9405,0,0
empty_tensor,,,2.918,2.918,0,0,0,0
aten::copy_,,,5.042,8.087,0,2.9405,0,0
aclnnInplaceCopy,,,3.045,3.045,2.9405,2.9405,0,0
ReshapeCacheOperation,,,8.933,8.933,9.2405,9.2405,0,0
P12/B/0197/fia,,,193.475,288.139,0,35.1015,0,0
aten::slice,,,1.165,2.386,0,0,0,0
aten::as_strided,,,1.221,1.221,0,0,0,0
aten::slice,,,0.404,1.669,0,0,0,0
aten::as_strided,,,1.265,1.265,0,0,0,0
aten::slice,,,0.42,1.009,0,0,0,0
aten::as_strided,,,0.589,0.589,0,0,0,0
npu::npu_fused_infer_attention_score,,,64.577,73.658,0,34.0815,0,0
empty_tensor,,,3.058,3.058,0,0,0,0
empty_tensor,,,0.91,0.91,0,0,0,0
empty_tensor,,,0.786,0.786,0,0,0,0
empty_tensor,,,0.945,0.945,0,0,0,0
aclnnFusedInferAttentionScoreV3,,,3.382,3.382,34.0815,34.0815,0,0
aten::view,,,1.495,1.495,0,0,0,0
aten::slice,,,0.384,1.079,0,0,0,0
aten::as_strided,,,0.695,0.695,0,0,0,0
aten::copy_,,,12.465,13.368,0,1.02,0,0
aclnnInplaceCopy,,,0.903,0.903,1.02,1.02,0,0
aten::slice,,,0.613,1.445,0,0,0,0
aten::as_strided,,,0.832,0.832,0,0,0,0
aten::copy_,,,10.558,15.171,0,0,0,0
aclnnInplaceCopy,,,4.613,4.613,0,0,0,0
aten::view,,,1.418,1.418,0,0,0,0
vllm::unquantized_gemm,,,6.986,26.279,0,7.86,0,7.86
aten::linear,,,1.724,19.293,0,7.86,0,7.86
aten::t,,,2.168,4.293,0,0,0,0
aten::transpose,,,1.087,2.125,0,0,0,0
aten::as_strided,,,1.038,1.038,0,0,0,0
aten::matmul,,,7.434,13.276,0,7.86,0,7.86
empty_tensor,,,3.083,3.083,0,0,0,0
aclnnMatmul,,,2.759,2.759,7.86,7.86,7.86,7.86
vllm::maybe_chunk_residual,,,5.314,5.314,0,0,0,0
_C_ascend::npu_add_rms_norm_bias,,,14.78,26.15,0,12.5605,0,0
aten::empty,,,0.904,3.058,0,0,0,0
empty_tensor,,,2.154,2.154,0,0,0,0
aten::empty,,,0.236,1.445,0,0,0,0
empty_tensor,,,1.209,1.209,0,0,0,0
aten::empty,,,0.188,1.356,0,0,0,0
empty_tensor,,,1.168,1.168,0,0,0,0
aten::empty,,,0.325,2.593,0,0,0,0
empty_tensor,,,2.268,2.268,0,0,0,0
aclnnAddRmsNormBias,,,2.918,2.918,12.5605,12.5605,0,0
vllm::unquantized_gemm,,,4.123,14.482,0,23.281,0,23.281
aten::linear,,,0.734,10.359,0,23.281,0,23.281
aten::t,,,1.028,2.205,0,0,0,0
aten::transpose,,,0.403,1.177,0,0,0,0
aten::as_strided,,,0.774,0.774,0,0,0,0
aten::matmul,,,3.433,7.42,0,23.281,0,23.281
empty_tensor,,,1.417,1.417,0,0,0,0
aclnnMatmul,,,2.57,2.57,23.281,23.281,23.281,23.281
npu::npu_swiglu,,,12.475,19.687,0,15.7205,0,0
empty_tensor,,,1.584,1.584,0,0,0,0
aclnnSwiGlu,,,5.628,5.628,15.7205,15.7205,0,0
vllm::unquantized_gemm,,,3.436,12.018,0,22.061,0,22.061
aten::linear,,,0.671,8.582,0,22.061,0,22.061
aten::t,,,0.602,1.567,0,0,0,0
aten::transpose,,,0.355,0.965,0,0,0,0
aten::as_strided,,,0.61,0.61,0,0,0,0
aten::matmul,,,2.688,6.344,0,22.061,0,22.061
empty_tensor,,,1.287,1.287,0,0,0,0
aclnnMatmul,,,2.369,2.369,22.061,22.061,22.061,22.061
vllm::maybe_chunk_residual,,,3.979,3.979,0,0,0,0
_C_ascend::npu_add_rms_norm_bias,,,8.391,17.743,0,11.3205,0,0
aten::empty,,,0.402,1.947,0,0,0,0
empty_tensor,,,1.545,1.545,0,0,0,0
aten::empty,,,0.231,1.505,0,0,0,0
empty_tensor,,,1.274,1.274,0,0,0,0
aten::empty,,,0.284,1.35,0,0,0,0
empty_tensor,,,1.066,1.066,0,0,0,0
aten::empty,,,0.303,1.924,0,0,0,0
empty_tensor,,,1.621,1.621,0,0,0,0
aclnnAddRmsNormBias,,,2.626,2.626,11.3205,11.3205,0,0
vllm::unquantized_gemm,,,4.28,16.985,0,10.18,0,9.02
aten::linear,,,1.17,12.705,0,10.18,0,9.02
aten::t,,,0.808,1.692,0,0,0,0
aten::transpose,,,0.309,0.884,0,0,0,0
aten::as_strided,,,0.575,0.575,0,0,0,0
aten::addmm,,,6.218,9.843,0,10.18,0,9.02
empty_tensor,,,1.159,1.159,0,0,0,0
aclnnAddmm,,,2.466,2.466,10.18,10.18,9.02,9.02
aten::split_with_sizes,,,1.458,3.026,0,0,0,0
aten::as_strided,,,0.799,0.799,0,0,0,0
aten::as_strided,,,0.361,0.361,0,0,0,0
aten::as_strided,,,0.408,0.408,0,0,0,0
vllm::npu_rotary_embedding,,,205.921,229.198,0,20.500500000000002,0,0
aten::view,,,1.179,1.179,0,0,0,0
aten::view,,,0.518,0.518,0,0,0,0
aten::contiguous,,,0.914,9.277,0,3.52,0,0
aten::clone,,,1.257,8.363,0,3.52,0,0
empty_tensor,,,1.221,1.221,0,0,0,0
aten::copy_,,,3.368,5.885,0,3.52,0,0
aclnnInplaceCopy,,,2.517,2.517,3.52,3.52,0,0
aten::contiguous,,,0.529,7.081,0,2.82,0,0
aten::clone,,,0.602,6.552,0,2.82,0,0
empty_tensor,,,1.422,1.422,0,0,0,0
aten::copy_,,,1.617,4.528,0,2.82,0,0
aclnnInplaceCopy,,,2.911,2.911,2.82,2.82,0,0
_triton_rope,,,3.326,3.326,14.1605,14.1605,0,0
aten::view,,,1.268,1.268,0,0,0,0
aten::view,,,0.628,0.628,0,0,0,0
aten::empty,,,0.561,2.682,0,0,0,0
empty_tensor,,,2.121,2.121,0,0,0,0
aten::view,,,0.762,0.762,0,0,0,0
aten::view,,,0.477,0.477,0,0,0,0
aten::view,,,0.495,0.495,0,0,0,0
aten::view,,,0.714,0.714,0,0,0,0
vllm::unified_attention_with_output,,,96.004,843.184,0,46.102000000000004,0,0
P12/B/0198/attention,,,300.341,747.18,0,46.102000000000004,0,0
aten::slice,,,1.216,2.559,0,0,0,0
aten::as_strided,,,1.343,1.343,0,0,0,0
aten::slice,,,0.302,0.79,0,0,0,0
aten::as_strided,,,0.488,0.488,0,0,0,0
aten::slice,,,2.169,2.887,0,0,0,0
aten::as_strided,,,0.718,0.718,0,0,0,0
P12/B/0199/cache_write,,,94.456,137.617,0,12.2005,0,0
atb::_npu_reshape_and_cache,,,17.587,43.161,0,12.2005,0,0
aten::contiguous,,,0.864,12.927,0,2.94,0,0
aten::clone,,,1.323,12.063,0,2.94,0,0
empty_tensor,,,2.788,2.788,0,0,0,0
aten::copy_,,,4.854,7.952,0,2.94,0,0
aclnnInplaceCopy,,,3.098,3.098,2.94,2.94,0,0
ReshapeCacheOperation,,,12.647,12.647,9.2605,9.2605,0,0
P12/B/0200/fia,,,194.97,288.88,0,33.9015,0,0
aten::slice,,,0.924,2.213,0,0,0,0
aten::as_strided,,,1.289,1.289,0,0,0,0
aten::slice,,,0.426,0.843,0,0,0,0
aten::as_strided,,,0.417,0.417,0,0,0,0
aten::slice,,,0.419,0.985,0,0,0,0
aten::as_strided,,,0.566,0.566,0,0,0,0
npu::npu_fused_infer_attention_score,,,63.954,73.412,0,32.8815,0,0
empty_tensor,,,3.31,3.31,0,0,0,0
empty_tensor,,,1.009,1.009,0,0,0,0
empty_tensor,,,0.752,0.752,0,0,0,0
empty_tensor,,,0.74,0.74,0,0,0,0
aclnnFusedInferAttentionScoreV3,,,3.647,3.647,32.8815,32.8815,0,0
aten::view,,,1.445,1.445,0,0,0,0
aten::slice,,,0.462,1.089,0,0,0,0
aten::as_strided,,,0.627,0.627,0,0,0,0
aten::copy_,,,12.843,13.923,0,1.02,0,0
aclnnInplaceCopy,,,1.08,1.08,1.02,1.02,0,0
aten::slice,,,0.588,1.444,0,0,0,0
aten::as_strided,,,0.856,0.856,0,0,0,0
aten::copy_,,,10.089,12.662,0,0,0,0
aclnnInplaceCopy,,,2.573,2.573,0,0,0,0
aten::view,,,1.345,1.345,0,0,0,0
vllm::unquantized_gemm,,,7.374,25.485,0,7.72,0,7.72
aten::linear,,,1.877,18.111,0,7.72,0,7.72
aten::t,,,2.225,4.265,0,0,0,0
aten::transpose,,,1.077,2.04,0,0,0,0
aten::as_strided,,,0.963,0.963,0,0,0,0
aten::matmul,,,6.53,11.969,0,7.72,0,7.72
empty_tensor,,,2.943,2.943,0,0,0,0
aclnnMatmul,,,2.496,2.496,7.72,7.72,7.72,7.72
vllm::maybe_chunk_residual,,,5.214,5.214,0,0,0,0
_C_ascend::npu_add_rms_norm_bias,,,14.674,26.13,0,14.481,0,0
aten::empty,,,0.941,3.15,0,0,0,0
empty_tensor,,,2.209,2.209,0,0,0,0
aten::empty,,,0.237,2.047,0,0,0,0
empty_tensor,,,1.81,1.81,0,0,0,0
aten::empty,,,0.343,1.293,0,0,0,0
empty_tensor,,,0.95,0.95,0,0,0,0
aten::empty,,,0.373,2.095,0,0,0,0
empty_tensor,,,1.722,1.722,0,0,0,0
aclnnAddRmsNormBias,,,2.871,2.871,14.481,14.481,0,0
vllm::unquantized_gemm,,,3.879,14.504,0,24.201,0,24.201
aten::linear,,,0.836,10.625,0,24.201,0,24.201
aten::t,,,0.915,2.314,0,0,0,0
aten::transpose,,,0.522,1.399,0,0,0,0
aten::as_strided,,,0.877,0.877,0,0,0,0
aten::matmul,,,3.833,7.475,0,24.201,0,24.201
empty_tensor,,,1.331,1.331,0,0,0,0
aclnnMatmul,,,2.311,2.311,24.201,24.201,24.201,24.201
npu::npu_swiglu,,,10.897,17.532,0,20.0805,0,0
empty_tensor,,,1.27,1.27,0,0,0,0
aclnnSwiGlu,,,5.365,5.365,20.0805,20.0805,0,0
vllm::unquantized_gemm,,,3.659,11.834,0,22.5005,0,22.5005
aten::linear,,,0.655,8.175,0,22.5005,0,22.5005
aten::t,,,0.652,1.6,0,0,0,0
aten::transpose,,,0.36,0.948,0,0,0,0
aten::as_strided,,,0.588,0.588,0,0,0,0
aten::matmul,,,2.548,5.92,0,22.5005,0,22.5005
empty_tensor,,,1.068,1.068,0,0,0,0
aclnnMatmul,,,2.304,2.304,22.5005,22.5005,22.5005,22.5005
vllm::maybe_chunk_residual,,,4.262,4.262,0,0,0,0
_C_ascend::npu_add_rms_norm_bias,,,8.952,19.295,0,12.8005,0,0
aten::empty,,,0.45,1.693,0,0,0,0
empty_tensor,,,1.243,1.243,0,0,0,0
aten::empty,,,0.347,1.332,0,0,0,0
empty_tensor,,,0.985,0.985,0,0,0,0
aten::empty,,,0.517,1.378,0,0,0,0
empty_tensor,,,0.861,0.861,0,0,0,0
aten::empty,,,1.961,3.444,0,0,0,0
empty_tensor,,,1.483,1.483,0,0,0,0
aclnnAddRmsNormBias,,,2.496,2.496,12.8005,12.8005,0,0
vllm::unquantized_gemm,,,4.553,17.298,0,10.820500000000001,0,9.4205
aten::linear,,,1.407,12.745,0,10.820500000000001,0,9.4205
aten::t,,,0.748,1.865,0,0,0,0
aten::transpose,,,0.522,1.117,0,0,0,0
aten::as_strided,,,0.595,0.595,0,0,0,0
aten::addmm,,,5.938,9.473,0,10.820500000000001,0,9.4205
empty_tensor,,,1.188,1.188,0,0,0,0
aclnnAddmm,,,2.347,2.347,10.820500000000001,10.820500000000001,9.4205,9.4205
aten::split_with_sizes,,,1.906,3.405,0,0,0,0
aten::as_strided,,,0.715,0.715,0,0,0,0
aten::as_strided,,,0.359,0.359,0,0,0,0
aten::as_strided,,,0.425,0.425,0,0,0,0
vllm::npu_rotary_embedding,,,207.978,233.71,0,19.241,0,0
aten::view,,,1.182,1.182,0,0,0,0
aten::view,,,0.392,0.392,0,0,0,0
aten::contiguous,,,1.018,9.058,0,2.82,0,0
aten::clone,,,1.219,8.04,0,2.82,0,0
empty_tensor,,,1.352,1.352,0,0,0,0
aten::copy_,,,2.996,5.469,0,2.82,0,0
aclnnInplaceCopy,,,2.473,2.473,2.82,2.82,0,0
aten::contiguous,,,0.509,4.504,0,2.8205,0,0
aten::clone,,,0.586,3.995,0,2.8205,0,0
empty_tensor,,,1.039,1.039,0,0,0,0
aten::copy_,,,1.493,2.37,0,2.8205,0,0
aclnnInplaceCopy,,,0.877,0.877,2.8205,2.8205,0,0
_triton_rope,,,7.197,7.197,13.6005,13.6005,0,0
aten::view,,,1.307,1.307,0,0,0,0
aten::view,,,2.092,2.092,0,0,0,0
aten::empty,,,0.733,2.918,0,0,0,0
empty_tensor,,,2.185,2.185,0,0,0,0
aten::view,,,1.0,1.0,0,0,0,0
aten::view,,,0.65,0.65,0,0,0,0
aten::view,,,0.466,0.466,0,0,0,0
aten::view,,,0.78,0.78,0,0,0,0
vllm::unified_attention_with_output,,,96.507,857.397,0,45.522,0,0
P12/B/0201/attention,,,309.635,760.89,0,45.522,0,0
aten::slice,,,1.135,2.425,0,0,0,0
aten::as_strided,,,1.29,1.29,0,0,0,0
aten::slice,,,0.475,0.85,0,0,0,0
aten::as_strided,,,0.375,0.375,0,0,0,0
aten::slice,,,2.256,2.894,0,0,0,0
aten::as_strided,,,0.638,0.638,0,0,0,0
P12/B/0202/cache_write,,,98.109,139.761,0,12.201,0,0
atb::_npu_reshape_and_cache,,,19.362,41.652,0,12.201,0,0
aten::contiguous,,,0.857,13.893,0,2.9405,0,0
aten::clone,,,1.285,13.036,0,2.9405,0,0
empty_tensor,,,2.795,2.795,0,0,0,0
aten::copy_,,,5.631,8.956,0,2.9405,0,0
aclnnInplaceCopy,,,3.325,3.325,2.9405,2.9405,0,0
ReshapeCacheOperation,,,8.397,8.397,9.2605,9.2605,0,0
P12/B/0203/fia,,,191.11,291.129,0,33.321,0,0
aten::slice,,,0.954,2.238,0,0,0,0
aten::as_strided,,,1.284,1.284,0,0,0,0
aten::slice,,,0.444,0.898,0,0,0,0
aten::as_strided,,,0.454,0.454,0,0,0,0
aten::slice,,,0.424,1.616,0,0,0,0
aten::as_strided,,,1.192,1.192,0,0,0,0
npu::npu_fused_infer_attention_score,,,64.524,73.432,0,32.321,0,0
empty_tensor,,,3.055,3.055,0,0,0,0
empty_tensor,,,1.005,1.005,0,0,0,0
empty_tensor,,,0.797,0.797,0,0,0,0
empty_tensor,,,0.781,0.781,0,0,0,0
aclnnFusedInferAttentionScoreV3,,,3.27,3.27,32.321,32.321,0,0
aten::view,,,1.336,1.336,0,0,0,0
aten::slice,,,0.465,1.244,0,0,0,0
aten::as_strided,,,0.779,0.779,0,0,0,0
aten::copy_,,,18.266,19.255,0,1.0,0,0
aclnnInplaceCopy,,,0.989,0.989,1.0,1.0,0,0
aten::slice,,,0.564,1.298,0,0,0,0
aten::as_strided,,,0.734,0.734,0,0,0,0
aten::copy_,,,10.31,12.898,0,0,0,0
aclnnInplaceCopy,,,2.588,2.588,0,0,0,0
aten::view,,,1.248,1.248,0,0,0,0
vllm::unquantized_gemm,,,6.989,25.67,0,7.8805,0,7.8805
aten::linear,,,1.777,18.681,0,7.8805,0,7.8805
aten::t,,,2.283,4.519,0,0,0,0
aten::transpose,,,1.127,2.236,0,0,0,0
aten::as_strided,,,1.109,1.109,0,0,0,0
aten::matmul,,,6.848,12.385,0,7.8805,0,7.8805
empty_tensor,,,2.92,2.92,0,0,0,0
aclnnMatmul,,,2.617,2.617,7.8805,7.8805,7.8805,7.8805
vllm::maybe_chunk_residual,,,5.403,5.403,0,0,0,0
_C_ascend::npu_add_rms_norm_bias,,,15.354,26.642,0,13.0205,0,0
aten::empty,,,0.962,2.928,0,0,0,0
empty_tensor,,,1.966,1.966,0,0,0,0
aten::empty,,,0.223,1.403,0,0,0,0
empty_tensor,,,1.18,1.18,0,0,0,0
aten::empty,,,0.387,1.072,0,0,0,0
empty_tensor,,,0.685,0.685,0,0,0,0
aten::empty,,,0.418,3.018,0,0,0,0
empty_tensor,,,2.6,2.6,0,0,0,0
aclnnAddRmsNormBias,,,2.867,2.867,13.0205,13.0205,0,0
vllm::unquantized_gemm,,,3.996,15.368,0,23.261,0,23.261
aten::linear,,,0.949,11.372,0,23.261,0,23.261
aten::t,,,0.802,2.273,0,0,0,0
aten::transpose,,,0.499,1.471,0,0,0,0
aten::as_strided,,,0.972,0.972,0,0,0,0
aten::matmul,,,3.79,8.15,0,23.261,0,23.261
empty_tensor,,,1.708,1.708,0,0,0,0
aclnnMatmul,,,2.652,2.652,23.261,23.261,23.261,23.261
npu::npu_swiglu,,,11.482,21.614,0,15.6605,0,0
empty_tensor,,,1.415,1.415,0,0,0,0
aclnnSwiGlu,,,8.717,8.717,15.6605,15.6605,0,0
vllm::unquantized_gemm,,,3.703,12.848,0,21.921,0,21.921
aten::linear,,,0.719,9.145,0,21.921,0,21.921
aten::t,,,0.9,2.019,0,0,0,0
aten::transpose,,,0.43,1.119,0,0,0,0
aten::as_strided,,,0.689,0.689,0,0,0,0
aten::matmul,,,2.915,6.407,0,21.921,0,21.921
empty_tensor,,,1.088,1.088,0,0,0,0
aclnnMatmul,,,2.404,2.404,21.921,21.921,21.921,21.921
vllm::maybe_chunk_residual,,,4.172,4.172,0,0,0,0
_C_ascend::npu_add_rms_norm_bias,,,8.784,19.737,0,11.0205,0,0
aten::empty,,,0.425,1.742,0,0,0,0
empty_tensor,,,1.317,1.317,0,0,0,0
aten::empty,,,0.196,1.076,0,0,0,0
empty_tensor,,,0.88,0.88,0,0,0,0
aten::empty,,,0.196,1.296,0,0,0,0
empty_tensor,,,1.1,1.1,0,0,0,0
aten::empty,,,2.915,4.296,0,0,0,0
empty_tensor,,,1.381,1.381,0,0,0,0
aclnnAddRmsNormBias,,,2.543,2.543,11.0205,11.0205,0,0
vllm::unquantized_gemm,,,4.147,17.717,0,10.1405,0,9.0205
aten::linear,,,1.09,13.57,0,10.1405,0,9.0205
aten::t,,,0.664,2.17,0,0,0,0
aten::transpose,,,0.798,1.506,0,0,0,0
aten::as_strided,,,0.708,0.708,0,0,0,0
aten::addmm,,,6.172,10.31,0,10.1405,0,9.0205
empty_tensor,,,1.648,1.648,0,0,0,0
aclnnAddmm,,,2.49,2.49,10.1405,10.1405,9.0205,9.0205
aten::split_with_sizes,,,1.418,2.913,0,0,0,0
aten::as_strided,,,0.775,0.775,0,0,0,0
aten::as_strided,,,0.355,0.355,0,0,0,0
aten::as_strided,,,0.365,0.365,0,0,0,0
vllm::npu_rotary_embedding,,,206.947,226.944,0,18.320999999999998,0,0
aten::view,,,1.092,1.092,0,0,0,0
aten::view,,,0.384,0.384,0,0,0,0
aten::contiguous,,,1.041,9.184,0,2.84,0,0
aten::clone,,,1.36,8.143,0,2.84,0,0
empty_tensor,,,1.277,1.277,0,0,0,0
aten::copy_,,,3.083,5.506,0,2.84,0,0
aclnnInplaceCopy,,,2.423,2.423,2.84,2.84,0,0
aten::contiguous,,,0.448,4.534,0,2.8605,0,0
aten::clone,,,0.455,4.086,0,2.8605,0,0
empty_tensor,,,1.131,1.131,0,0,0,0
aten::copy_,,,1.753,2.5,0,2.8605,0,0
aclnnInplaceCopy,,,0.747,0.747,2.8605,2.8605,0,0
_triton_rope,,,2.957,2.957,12.6205,12.6205,0,0
aten::view,,,1.214,1.214,0,0,0,0
aten::view,,,0.632,0.632,0,0,0,0
aten::empty,,,0.64,2.665,0,0,0,0
empty_tensor,,,2.025,2.025,0,0,0,0
aten::view,,,0.857,0.857,0,0,0,0
aten::view,,,1.105,1.105,0,0,0,0
aten::view,,,0.475,0.475,0,0,0,0
aten::view,,,0.585,0.585,0,0,0,0
vllm::unified_attention_with_output,,,100.733,898.251,0,45.682,0,0
P12/B/0204/attention,,,331.266,797.518,0,45.682,0,0
aten::slice,,,1.173,2.498,0,0,0,0
aten::as_strided,,,1.325,1.325,0,0,0,0
aten::slice,,,0.487,1.06,0,0,0,0
aten::as_strided,,,0.573,0.573,0,0,0,0
aten::slice,,,2.304,3.066,0,0,0,0
aten::as_strided,,,0.762,0.762,0,0,0,0
P12/B/0205/cache_write,,,101.488,148.876,0,12.261000000000001,0,0
atb::_npu_reshape_and_cache,,,25.331,47.388,0,12.261000000000001,0,0
aten::contiguous,,,0.947,14.475,0,3.1805,0,0
aten::clone,,,1.243,13.528,0,3.1805,0,0
empty_tensor,,,2.923,2.923,0,0,0,0
aten::copy_,,,4.863,9.362,0,3.1805,0,0
aclnnInplaceCopy,,,4.499,4.499,3.1805,3.1805,0,0
ReshapeCacheOperation,,,7.582,7.582,9.0805,9.0805,0,0
P12/B/0206/fia,,,201.239,296.009,0,33.421,0,0
aten::slice,,,1.121,2.445,0,0,0,0
aten::as_strided,,,1.324,1.324,0,0,0,0
aten::slice,,,0.351,0.8,0,0,0,0
aten::as_strided,,,0.449,0.449,0,0,0,0
aten::slice,,,0.407,0.861,0,0,0,0
aten::as_strided,,,0.454,0.454,0,0,0,0
npu::npu_fused_infer_attention_score,,,64.411,74.648,0,32.401,0,0
empty_tensor,,,3.287,3.287,0,0,0,0
empty_tensor,,,1.552,1.552,0,0,0,0
empty_tensor,,,0.795,0.795,0,0,0,0
empty_tensor,,,1.21,1.21,0,0,0,0
aclnnFusedInferAttentionScoreV3,,,3.393,3.393,32.401,32.401,0,0
aten::view,,,1.293,1.293,0,0,0,0
aten::slice,,,0.471,1.213,0,0,0,0
aten::as_strided,,,0.742,0.742,0,0,0,0
aten::copy_,,,12.611,13.51,0,1.02,0,0
aclnnInplaceCopy,,,0.899,0.899,1.02,1.02,0,0
aten::slice,,,0.604,1.417,0,0,0,0
aten::as_strided,,,0.813,0.813,0,0,0,0
aten::copy_,,,10.497,13.326,0,0,0,0
aclnnInplaceCopy,,,2.829,2.829,0,0,0,0
aten::view,,,1.435,1.435,0,0,0,0
vllm::unquantized_gemm,,,7.392,25.9,0,8.22,0,8.22
aten::linear,,,1.801,18.508,0,8.22,0,8.22
aten::t,,,2.315,4.51,0,0,0,0
aten::transpose,,,1.158,2.195,0,0,0,0
aten::as_strided,,,1.037,1.037,0,0,0,0
aten::matmul,,,6.449,12.197,0,8.22,0,8.22
empty_tensor,,,3.049,3.049,0,0,0,0
aclnnMatmul,,,2.699,2.699,8.22,8.22,8.22,8.22
vllm::maybe_chunk_residual,,,5.143,5.143,0,0,0,0
_C_ascend::npu_add_rms_norm_bias,,,14.925,26.251,0,13.0405,0,0
aten::empty,,,1.092,3.188,0,0,0,0
empty_tensor,,,2.096,2.096,0,0,0,0
aten::empty,,,0.261,1.182,0,0,0,0
empty_tensor,,,0.921,0.921,0,0,0,0
aten::empty,,,0.227,1.489,0,0,0,0
empty_tensor,,,1.262,1.262,0,0,0,0
aten::empty,,,0.421,2.471,0,0,0,0
empty_tensor,,,2.05,2.05,0,0,0,0
aclnnAddRmsNormBias,,,2.996,2.996,13.0405,13.0405,0,0
vllm::unquantized_gemm,,,4.09,15.566,0,23.061,0,23.061
aten::linear,,,0.773,11.476,0,23.061,0,23.061
aten::t,,,0.81,2.208,0,0,0,0
aten::transpose,,,0.493,1.398,0,0,0,0
aten::as_strided,,,0.905,0.905,0,0,0,0
aten::matmul,,,4.152,8.495,0,23.061,0,23.061
empty_tensor,,,1.45,1.45,0,0,0,0
aclnnMatmul,,,2.893,2.893,23.061,23.061,23.061,23.061
npu::npu_swiglu,,,10.754,17.83,0,16.2005,0,0
empty_tensor,,,1.423,1.423,0,0,0,0
aclnnSwiGlu,,,5.653,5.653,16.2005,16.2005,0,0
vllm::unquantized_gemm,,,3.447,12.764,0,22.321,0,22.321
aten::linear,,,0.682,9.317,0,22.321,0,22.321
aten::t,,,0.711,1.837,0,0,0,0
aten::transpose,,,0.536,1.126,0,0,0,0
aten::as_strided,,,0.59,0.59,0,0,0,0
aten::matmul,,,2.824,6.798,0,22.321,0,22.321
empty_tensor,,,1.447,1.447,0,0,0,0
aclnnMatmul,,,2.527,2.527,22.321,22.321,22.321,22.321
vllm::maybe_chunk_residual,,,4.073,4.073,0,0,0,0
_C_ascend::npu_add_rms_norm_bias,,,9.152,18.005,0,11.2605,0,0
aten::empty,,,0.381,1.656,0,0,0,0
empty_tensor,,,1.275,1.275,0,0,0,0
aten::empty,,,0.215,0.953,0,0,0,0
empty_tensor,,,0.738,0.738,0,0,0,0
aten::empty,,,0.307,1.434,0,0,0,0
empty_tensor,,,1.127,1.127,0,0,0,0
aten::empty,,,0.296,2.135,0,0,0,0
empty_tensor,,,1.839,1.839,0,0,0,0
aclnnAddRmsNormBias,,,2.675,2.675,11.2605,11.2605,0,0
vllm::unquantized_gemm,,,4.158,18.365,0,10.3205,0,9.2005
aten::linear,,,1.43,14.207,0,10.3205,0,9.2005
aten::t,,,0.665,2.495,0,0,0,0
aten::transpose,,,0.44,1.83,0,0,0,0
aten::as_strided,,,1.39,1.39,0,0,0,0
aten::addmm,,,6.258,10.282,0,10.3205,0,9.2005
empty_tensor,,,1.669,1.669,0,0,0,0
aclnnAddmm,,,2.355,2.355,10.3205,10.3205,9.2005,9.2005
aten::split_with_sizes,,,1.505,2.823,0,0,0,0
aten::as_strided,,,0.688,0.688,0,0,0,0
aten::as_strided,,,0.26,0.26,0,0,0,0
aten::as_strided,,,0.37,0.37,0,0,0,0
vllm::npu_rotary_embedding,,,206.783,226.973,0,18.3605,0,0
aten::view,,,1.223,1.223,0,0,0,0
aten::view,,,0.485,0.485,0,0,0,0
aten::contiguous,,,0.963,8.622,0,3.06,0,0
aten::clone,,,1.329,7.659,0,3.06,0,0
empty_tensor,,,1.175,1.175,0,0,0,0
aten::copy_,,,2.81,5.155,0,3.06,0,0
aclnnInplaceCopy,,,2.345,2.345,3.06,3.06,0,0
aten::contiguous,,,0.304,4.717,0,2.9,0,0
aten::clone,,,0.479,4.413,0,2.9,0,0
empty_tensor,,,1.339,1.339,0,0,0,0
aten::copy_,,,1.655,2.595,0,2.9,0,0
aclnnInplaceCopy,,,0.94,0.94,2.9,2.9,0,0
_triton_rope,,,3.481,3.481,12.4005,12.4005,0,0
aten::view,,,1.121,1.121,0,0,0,0
aten::view,,,0.541,0.541,0,0,0,0
aten::empty,,,0.631,2.708,0,0,0,0
empty_tensor,,,2.077,2.077,0,0,0,0
aten::view,,,0.833,0.833,0,0,0,0
aten::view,,,0.555,0.555,0,0,0,0
aten::view,,,0.531,0.531,0,0,0,0
aten::view,,,0.828,0.828,0,0,0,0
vllm::unified_attention_with_output,,,94.959,851.285,0,50.7825,0,0
P12/B/0207/attention,,,298.175,756.326,0,50.7825,0,0
aten::slice,,,0.912,2.118,0,0,0,0
aten::as_strided,,,1.206,1.206,0,0,0,0
aten::slice,,,0.404,0.874,0,0,0,0
aten::as_strided,,,0.47,0.47,0,0,0,0
aten::slice,,,2.184,3.016,0,0,0,0
aten::as_strided,,,0.832,0.832,0,0,0,0
P12/B/0208/cache_write,,,103.649,153.632,0,12.321,0,0
atb::_npu_reshape_and_cache,,,28.209,49.983,0,12.321,0,0
aten::contiguous,,,0.91,13.708,0,3.0205,0,0
aten::clone,,,1.369,12.798,0,3.0205,0,0
empty_tensor,,,3.057,3.057,0,0,0,0
aten::copy_,,,5.197,8.372,0,3.0205,0,0
aclnnInplaceCopy,,,3.175,3.175,3.0205,3.0205,0,0
ReshapeCacheOperation,,,8.066,8.066,9.3005,9.3005,0,0
P12/B/0209/fia,,,187.558,284.373,0,38.4615,0,0
aten::slice,,,1.08,2.448,0,0,0,0
aten::as_strided,,,1.368,1.368,0,0,0,0
aten::slice,,,0.593,0.919,0,0,0,0
aten::as_strided,,,0.326,0.326,0,0,0,0
aten::slice,,,0.224,0.673,0,0,0,0
aten::as_strided,,,0.449,0.449,0,0,0,0
npu::npu_fused_infer_attention_score,,,63.596,76.366,0,37.4615,0,0
empty_tensor,,,3.172,3.172,0,0,0,0
empty_tensor,,,1.345,1.345,0,0,0,0
empty_tensor,,,0.932,0.932,0,0,0,0
empty_tensor,,,0.69,0.69,0,0,0,0
aclnnFusedInferAttentionScoreV3,,,6.631,6.631,37.4615,37.4615,0,0
aten::view,,,1.449,1.449,0,0,0,0
aten::slice,,,0.479,1.271,0,0,0,0
aten::as_strided,,,0.792,0.792,0,0,0,0
aten::copy_,,,12.58,13.689,0,1.0,0,0
aclnnInplaceCopy,,,1.109,1.109,1.0,1.0,0,0
aten::slice,,,0.571,1.351,0,0,0,0
aten::as_strided,,,0.78,0.78,0,0,0,0
aten::copy_,,,10.25,12.787,0,0,0,0
aclnnInplaceCopy,,,2.537,2.537,0,0,0,0
aten::view,,,1.491,1.491,0,0,0,0
vllm::unquantized_gemm,,,7.38,25.784,0,7.76,0,7.76
aten::linear,,,1.634,18.404,0,7.76,0,7.76
aten::t,,,2.368,4.524,0,0,0,0
aten::transpose,,,1.124,2.156,0,0,0,0
aten::as_strided,,,1.032,1.032,0,0,0,0
aten::matmul,,,6.848,12.246,0,7.76,0,7.76
empty_tensor,,,2.858,2.858,0,0,0,0
aclnnMatmul,,,2.54,2.54,7.76,7.76,7.76,7.76
vllm::maybe_chunk_residual,,,5.077,5.077,0,0,0,0
_C_ascend::npu_add_rms_norm_bias,,,14.337,24.684,0,14.9005,0,0
aten::empty,,,1.071,3.172,0,0,0,0
empty_tensor,,,2.101,2.101,0,0,0,0
aten::empty,,,0.291,1.186,0,0,0,0
empty_tensor,,,0.895,0.895,0,0,0,0
aten::empty,,,0.23,0.913,0,0,0,0
empty_tensor,,,0.683,0.683,0,0,0,0
aten::empty,,,0.369,2.197,0,0,0,0
empty_tensor,,,1.828,1.828,0,0,0,0
aclnnAddRmsNormBias,,,2.879,2.879,14.9005,14.9005,0,0
vllm::unquantized_gemm,,,4.143,15.358,0,23.1005,0,23.1005
aten::linear,,,1.006,11.215,0,23.1005,0,23.1005
aten::t,,,0.943,2.493,0,0,0,0
aten::transpose,,,0.628,1.55,0,0,0,0
aten::as_strided,,,0.922,0.922,0,0,0,0
aten::matmul,,,4.078,7.716,0,23.1005,0,23.1005
empty_tensor,,,1.333,1.333,0,0,0,0
aclnnMatmul,,,2.305,2.305,23.1005,23.1005,23.1005,23.1005
npu::npu_swiglu,,,11.574,19.748,0,15.6605,0,0
empty_tensor,,,2.722,2.722,0,0,0,0
aclnnSwiGlu,,,5.452,5.452,15.6605,15.6605,0,0
vllm::unquantized_gemm,,,3.75,13.523,0,21.8405,0,21.8405
aten::linear,,,0.96,9.773,0,21.8405,0,21.8405
aten::t,,,0.814,2.068,0,0,0,0
aten::transpose,,,0.664,1.254,0,0,0,0
aten::as_strided,,,0.59,0.59,0,0,0,0
aten::matmul,,,3.062,6.745,0,21.8405,0,21.8405
empty_tensor,,,1.197,1.197,0,0,0,0
aclnnMatmul,,,2.486,2.486,21.8405,21.8405,21.8405,21.8405
vllm::maybe_chunk_residual,,,4.174,4.174,0,0,0,0
_C_ascend::npu_add_rms_norm_bias,,,8.973,17.967,0,11.4,0,0
aten::empty,,,0.37,1.604,0,0,0,0
empty_tensor,,,1.234,1.234,0,0,0,0
aten::empty,,,0.29,1.547,0,0,0,0
empty_tensor,,,1.257,1.257,0,0,0,0
aten::empty,,,0.407,1.202,0,0,0,0
empty_tensor,,,0.795,0.795,0,0,0,0
aten::empty,,,0.298,1.908,0,0,0,0
empty_tensor,,,1.61,1.61,0,0,0,0
aclnnAddRmsNormBias,,,2.733,2.733,11.4,11.4,0,0
vllm::unquantized_gemm,,,4.318,16.826,0,9.8605,0,8.8005
aten::linear,,,1.156,12.508,0,9.8605,0,8.8005
aten::t,,,0.664,1.599,0,0,0,0
aten::transpose,,,0.395,0.935,0,0,0,0
aten::as_strided,,,0.54,0.54,0,0,0,0
aten::addmm,,,6.227,9.753,0,9.8605,0,8.8005
empty_tensor,,,1.329,1.329,0,0,0,0
aclnnAddmm,,,2.197,2.197,9.8605,9.8605,8.8005,8.8005
aten::split_with_sizes,,,1.45,3.053,0,0,0,0
aten::as_strided,,,0.838,0.838,0,0,0,0
aten::as_strided,,,0.378,0.378,0,0,0,0
aten::as_strided,,,0.387,0.387,0,0,0,0
vllm::npu_rotary_embedding,,,208.76,228.736,0,18.4205,0,0
aten::view,,,1.274,1.274,0,0,0,0
aten::view,,,0.345,0.345,0,0,0,0
aten::contiguous,,,0.977,9.265,0,2.94,0,0
aten::clone,,,1.235,8.288,0,2.94,0,0
empty_tensor,,,1.443,1.443,0,0,0,0
aten::copy_,,,3.224,5.61,0,2.94,0,0
aclnnInplaceCopy,,,2.386,2.386,2.94,2.94,0,0
aten::contiguous,,,0.336,4.018,0,2.92,0,0
aten::clone,,,0.493,3.682,0,2.92,0,0
empty_tensor,,,0.942,0.942,0,0,0,0
aten::copy_,,,1.492,2.247,0,2.92,0,0
aclnnInplaceCopy,,,0.755,0.755,2.92,2.92,0,0
_triton_rope,,,3.372,3.372,12.5605,12.5605,0,0
aten::view,,,1.15,1.15,0,0,0,0
aten::view,,,0.552,0.552,0,0,0,0
aten::empty,,,0.69,2.708,0,0,0,0
empty_tensor,,,2.018,2.018,0,0,0,0
aten::view,,,0.779,0.779,0,0,0,0
aten::view,,,0.455,0.455,0,0,0,0
aten::view,,,0.458,0.458,0,0,0,0
aten::view,,,0.598,0.598,0,0,0,0
vllm::unified_attention_with_output,,,99.431,886.931,0,44.282,0,0
P12/B/0210/attention,,,326.397,787.5,0,44.282,0,0
aten::slice,,,1.347,2.736,0,0,0,0
aten::as_strided,,,1.389,1.389,0,0,0,0
aten::slice,,,0.461,1.091,0,0,0,0
aten::as_strided,,,0.63,0.63,0,0,0,0
aten::slice,,,3.276,4.043,0,0,0,0
aten::as_strided,,,0.767,0.767,0,0,0,0
P12/B/0211/cache_write,,,100.912,145.742,0,12.141,0,0
atb::_npu_reshape_and_cache,,,24.235,44.83,0,12.141,0,0
aten::contiguous,,,1.016,13.565,0,2.9205,0,0
aten::clone,,,1.31,12.549,0,2.9205,0,0
empty_tensor,,,3.057,3.057,0,0,0,0
aten::copy_,,,5.166,8.182,0,2.9205,0,0
aclnnInplaceCopy,,,3.016,3.016,2.9205,2.9205,0,0
ReshapeCacheOperation,,,7.03,7.03,9.2205,9.2205,0,0
P12/B/0212/fia,,,194.222,291.64,0,32.141,0,0
aten::slice,,,0.888,2.202,0,0,0,0
aten::as_strided,,,1.314,1.314,0,0,0,0
aten::slice,,,0.539,1.017,0,0,0,0
aten::as_strided,,,0.478,0.478,0,0,0,0
aten::slice,,,0.238,0.728,0,0,0,0
aten::as_strided,,,0.49,0.49,0,0,0,0
npu::npu_fused_infer_attention_score,,,66.01,77.064,0,31.101,0,0
empty_tensor,,,3.035,3.035,0,0,0,0
empty_tensor,,,1.223,1.223,0,0,0,0
empty_tensor,,,1.036,1.036,0,0,0,0
empty_tensor,,,0.962,0.962,0,0,0,0
aclnnFusedInferAttentionScoreV3,,,4.798,4.798,31.101,31.101,0,0
aten::view,,,1.475,1.475,0,0,0,0
aten::slice,,,0.449,1.059,0,0,0,0
aten::as_strided,,,0.61,0.61,0,0,0,0
aten::copy_,,,12.864,13.873,0,1.04,0,0
aclnnInplaceCopy,,,1.009,1.009,1.04,1.04,0,0
aten::slice,,,0.651,1.491,0,0,0,0
aten::as_strided,,,0.84,0.84,0,0,0,0
aten::copy_,,,10.78,14.36,0,0,0,0
aclnnInplaceCopy,,,3.58,3.58,0,0,0,0
aten::view,,,1.355,1.355,0,0,0,0
vllm::unquantized_gemm,,,7.104,25.84,0,7.96,0,7.96
aten::linear,,,1.862,18.736,0,7.96,0,7.96
aten::t,,,2.343,4.51,0,0,0,0
aten::transpose,,,1.152,2.167,0,0,0,0
aten::as_strided,,,1.015,1.015,0,0,0,0
aten::matmul,,,6.587,12.364,0,7.96,0,7.96
empty_tensor,,,3.195,3.195,0,0,0,0
aclnnMatmul,,,2.582,2.582,7.96,7.96,7.96,7.96
vllm::maybe_chunk_residual,,,5.257,5.257,0,0,0,0
_C_ascend::npu_add_rms_norm_bias,,,15.12,26.113,0,13.2205,0,0
aten::empty,,,1.099,3.113,0,0,0,0
empty_tensor,,,2.014,2.014,0,0,0,0
aten::empty,,,0.208,1.22,0,0,0,0
empty_tensor,,,1.012,1.012,0,0,0,0
aten::empty,,,0.477,1.35,0,0,0,0
empty_tensor,,,0.873,0.873,0,0,0,0
aten::empty,,,0.494,2.22,0,0,0,0
empty_tensor,,,1.726,1.726,0,0,0,0
aclnnAddRmsNormBias,,,3.09,3.09,13.2205,13.2205,0,0
vllm::unquantized_gemm,,,3.912,13.68,0,22.681,0,22.681
aten::linear,,,0.743,9.768,0,22.681,0,22.681
aten::t,,,0.832,2.005,0,0,0,0
aten::transpose,,,0.456,1.173,0,0,0,0
aten::as_strided,,,0.717,0.717,0,0,0,0
aten::matmul,,,3.32,7.02,0,22.681,0,22.681
empty_tensor,,,1.259,1.259,0,0,0,0
aclnnMatmul,,,2.441,2.441,22.681,22.681,22.681,22.681
npu::npu_swiglu,,,11.252,15.041,0,16.0005,0,0
empty_tensor,,,1.221,1.221,0,0,0,0
aclnnSwiGlu,,,2.568,2.568,16.0005,16.0005,0,0
vllm::unquantized_gemm,,,3.631,18.994,0,22.061,0,22.061
aten::linear,,,0.671,15.363,0,22.061,0,22.061
aten::t,,,0.627,1.96,0,0,0,0
aten::transpose,,,0.796,1.333,0,0,0,0
aten::as_strided,,,0.537,0.537,0,0,0,0
aten::matmul,,,2.727,12.732,0,22.061,0,22.061
empty_tensor,,,1.093,1.093,0,0,0,0
aclnnMatmul,,,8.912,8.912,22.061,22.061,22.061,22.061
vllm::maybe_chunk_residual,,,4.024,4.024,0,0,0,0
_C_ascend::npu_add_rms_norm_bias,,,9.814,18.44,0,11.1205,0,0
aten::empty,,,0.389,1.674,0,0,0,0
empty_tensor,,,1.285,1.285,0,0,0,0
aten::empty,,,0.197,1.422,0,0,0,0
empty_tensor,,,1.225,1.225,0,0,0,0
aten::empty,,,0.195,1.116,0,0,0,0
empty_tensor,,,0.921,0.921,0,0,0,0
aten::empty,,,0.289,1.612,0,0,0,0
empty_tensor,,,1.323,1.323,0,0,0,0
aclnnAddRmsNormBias,,,2.802,2.802,11.1205,11.1205,0,0
vllm::unquantized_gemm,,,4.257,17.002,0,10.5005,0,9.4405
aten::linear,,,1.178,12.745,0,10.5005,0,9.4405
aten::t,,,0.926,2.254,0,0,0,0
aten::transpose,,,0.64,1.328,0,0,0,0
aten::as_strided,,,0.688,0.688,0,0,0,0
aten::addmm,,,5.798,9.313,0,10.5005,0,9.4405
empty_tensor,,,1.098,1.098,0,0,0,0
aclnnAddmm,,,2.417,2.417,10.5005,10.5005,9.4405,9.4405
aten::split_with_sizes,,,1.609,3.339,0,0,0,0
aten::as_strided,,,0.812,0.812,0,0,0,0
aten::as_strided,,,0.442,0.442,0,0,0,0
aten::as_strided,,,0.476,0.476,0,0,0,0
vllm::npu_rotary_embedding,,,204.736,226.139,0,18.421,0,0
aten::view,,,1.276,1.276,0,0,0,0
aten::view,,,0.497,0.497,0,0,0,0
aten::contiguous,,,1.068,9.722,0,2.9,0,0
aten::clone,,,1.289,8.654,0,2.9,0,0
empty_tensor,,,1.587,1.587,0,0,0,0
aten::copy_,,,3.056,5.778,0,2.9,0,0
aclnnInplaceCopy,,,2.722,2.722,2.9,2.9,0,0
aten::contiguous,,,0.597,4.6,0,2.8805,0,0
aten::clone,,,0.447,4.003,0,2.8805,0,0
empty_tensor,,,1.059,1.059,0,0,0,0
aten::copy_,,,1.456,2.497,0,2.8805,0,0
aclnnInplaceCopy,,,1.041,1.041,2.8805,2.8805,0,0
_triton_rope,,,3.369,3.369,12.6405,12.6405,0,0
aten::view,,,1.276,1.276,0,0,0,0
aten::view,,,0.663,0.663,0,0,0,0
aten::empty,,,0.624,2.651,0,0,0,0
empty_tensor,,,2.027,2.027,0,0,0,0
aten::view,,,0.851,0.851,0,0,0,0
aten::view,,,0.678,0.678,0,0,0,0
aten::view,,,0.442,0.442,0,0,0,0
aten::view,,,0.763,0.763,0,0,0,0
vllm::unified_attention_with_output,,,94.977,838.974,0,46.742,0,0
P12/B/0213/attention,,,290.08,743.997,0,46.742,0,0
aten::slice,,,1.051,2.228,0,0,0,0
aten::as_strided,,,1.177,1.177,0,0,0,0
aten::slice,,,0.379,0.772,0,0,0,0
aten::as_strided,,,0.393,0.393,0,0,0,0
aten::slice,,,2.16,2.979,0,0,0,0
aten::as_strided,,,0.819,0.819,0,0,0,0
P12/B/0214/cache_write,,,97.469,140.012,0,12.4205,0,0
atb::_npu_reshape_and_cache,,,22.953,42.543,0,12.4205,0,0
aten::contiguous,,,0.837,12.698,0,3.12,0,0
aten::clone,,,1.424,11.861,0,3.12,0,0
empty_tensor,,,2.94,2.94,0,0,0,0
aten::copy_,,,4.792,7.497,0,3.12,0,0
aclnnInplaceCopy,,,2.705,2.705,3.12,3.12,0,0
ReshapeCacheOperation,,,6.892,6.892,9.3005,9.3005,0,0
P12/B/0215/fia,,,198.628,294.413,0,34.3215,0,0
aten::slice,,,0.866,2.223,0,0,0,0
aten::as_strided,,,1.357,1.357,0,0,0,0
aten::slice,,,0.51,0.794,0,0,0,0
aten::as_strided,,,0.284,0.284,0,0,0,0
aten::slice,,,0.224,0.634,0,0,0,0
aten::as_strided,,,0.41,0.41,0,0,0,0
npu::npu_fused_infer_attention_score,,,64.395,74.39,0,33.3215,0,0
empty_tensor,,,3.169,3.169,0,0,0,0
empty_tensor,,,1.292,1.292,0,0,0,0
empty_tensor,,,1.068,1.068,0,0,0,0
empty_tensor,,,0.781,0.781,0,0,0,0
aclnnFusedInferAttentionScoreV3,,,3.685,3.685,33.3215,33.3215,0,0
aten::view,,,1.475,1.475,0,0,0,0
aten::slice,,,0.418,1.228,0,0,0,0
aten::as_strided,,,0.81,0.81,0,0,0,0
aten::copy_,,,12.398,15.041,0,1.0,0,0
aclnnInplaceCopy,,,2.643,2.643,1.0,1.0,0,0
aten::slice,,,0.576,1.349,0,0,0,0
aten::as_strided,,,0.773,0.773,0,0,0,0
aten::copy_,,,9.635,12.164,0,0,0,0
aclnnInplaceCopy,,,2.529,2.529,0,0,0,0
aten::view,,,1.32,1.32,0,0,0,0
vllm::unquantized_gemm,,,7.105,25.807,0,7.96,0,7.96
aten::linear,,,1.628,18.702,0,7.96,0,7.96
aten::t,,,2.282,4.957,0,0,0,0
aten::transpose,,,1.152,2.675,0,0,0,0
aten::as_strided,,,1.523,1.523,0,0,0,0
aten::matmul,,,6.714,12.117,0,7.96,0,7.96
empty_tensor,,,3.023,3.023,0,0,0,0
aclnnMatmul,,,2.38,2.38,7.96,7.96,7.96,7.96
vllm::maybe_chunk_residual,,,5.166,5.166,0,0,0,0
_C_ascend::npu_add_rms_norm_bias,,,14.503,25.109,0,15.1605,0,0
aten::empty,,,0.995,3.018,0,0,0,0
empty_tensor,,,2.023,2.023,0,0,0,0
aten::empty,,,0.242,1.526,0,0,0,0
empty_tensor,,,1.284,1.284,0,0,0,0
aten::empty,,,0.195,1.002,0,0,0,0
empty_tensor,,,0.807,0.807,0,0,0,0
aten::empty,,,0.427,2.238,0,0,0,0
empty_tensor,,,1.811,1.811,0,0,0,0
aclnnAddRmsNormBias,,,2.822,2.822,15.1605,15.1605,0,0
vllm::unquantized_gemm,,,4.008,14.707,0,23.321,0,23.321
aten::linear,,,0.979,10.699,0,23.321,0,23.321
aten::t,,,0.755,2.195,0,0,0,0
aten::transpose,,,0.496,1.44,0,0,0,0
aten::as_strided,,,0.944,0.944,0,0,0,0
aten::matmul,,,3.749,7.525,0,23.321,0,23.321
empty_tensor,,,1.405,1.405,0,0,0,0
aclnnMatmul,,,2.371,2.371,23.321,23.321,23.321,23.321
npu::npu_swiglu,,,11.222,14.807,0,16.781,0,0
empty_tensor,,,1.182,1.182,0,0,0,0
aclnnSwiGlu,,,2.403,2.403,16.781,16.781,0,0
vllm::unquantized_gemm,,,3.538,18.841,0,22.061,0,22.061
aten::linear,,,0.852,15.303,0,22.061,0,22.061
aten::t,,,0.562,1.614,0,0,0,0
aten::transpose,,,0.36,1.052,0,0,0,0
aten::as_strided,,,0.692,0.692,0,0,0,0
aten::matmul,,,2.478,12.837,0,22.061,0,22.061
empty_tensor,,,1.432,1.432,0,0,0,0
aclnnMatmul,,,8.927,8.927,22.061,22.061,22.061,22.061
vllm::maybe_chunk_residual,,,4.217,4.217,0,0,0,0
_C_ascend::npu_add_rms_norm_bias,,,9.187,17.614,0,13.0005,0,0
aten::empty,,,0.348,1.546,0,0,0,0
empty_tensor,,,1.198,1.198,0,0,0,0
aten::empty,,,0.257,1.539,0,0,0,0
empty_tensor,,,1.282,1.282,0,0,0,0
aten::empty,,,0.409,1.097,0,0,0,0
empty_tensor,,,0.688,0.688,0,0,0,0
aten::empty,,,0.315,1.627,0,0,0,0
empty_tensor,,,1.312,1.312,0,0,0,0
aclnnAddRmsNormBias,,,2.618,2.618,13.0005,13.0005,0,0
vllm::unquantized_gemm,,,4.365,16.97,0,11.0605,0,9.7205
aten::linear,,,1.073,12.605,0,11.0605,0,9.7205
aten::t,,,0.802,1.752,0,0,0,0
aten::transpose,,,0.387,0.95,0,0,0,0
aten::as_strided,,,0.563,0.563,0,0,0,0
aten::addmm,,,5.899,9.78,0,11.0605,0,9.7205
empty_tensor,,,1.381,1.381,0,0,0,0
aclnnAddmm,,,2.5,2.5,11.0605,11.0605,9.7205,9.7205
aten::split_with_sizes,,,1.555,3.077,0,0,0,0
aten::as_strided,,,0.702,0.702,0,0,0,0
aten::as_strided,,,0.395,0.395,0,0,0,0
aten::as_strided,,,0.425,0.425,0,0,0,0
vllm::npu_rotary_embedding,,,206.877,228.04,0,18.4405,0,0
aten::view,,,1.207,1.207,0,0,0,0
aten::view,,,0.325,0.325,0,0,0,0
aten::contiguous,,,0.874,9.272,0,2.9,0,0
aten::clone,,,1.203,8.398,0,2.9,0,0
empty_tensor,,,1.492,1.492,0,0,0,0
aten::copy_,,,3.051,5.703,0,2.9,0,0
aclnnInplaceCopy,,,2.652,2.652,2.9,2.9,0,0
aten::contiguous,,,0.366,5.101,0,2.88,0,0
aten::clone,,,0.698,4.735,0,2.88,0,0
empty_tensor,,,0.938,0.938,0,0,0,0
aten::copy_,,,1.548,3.099,0,2.88,0,0
aclnnInplaceCopy,,,1.551,1.551,2.88,2.88,0,0
_triton_rope,,,3.4,3.4,12.6605,12.6605,0,0
aten::view,,,1.18,1.18,0,0,0,0
aten::view,,,0.678,0.678,0,0,0,0
aten::empty,,,0.622,2.678,0,0,0,0
empty_tensor,,,2.056,2.056,0,0,0,0
aten::view,,,0.844,0.844,0,0,0,0
aten::view,,,0.582,0.582,0,0,0,0
aten::view,,,0.688,0.688,0,0,0,0
aten::view,,,0.599,0.599,0,0,0,0
vllm::unified_attention_with_output,,,96.753,866.624,0,46.122,0,0
P12/B/0216/attention,,,312.066,769.871,0,46.122,0,0
aten::slice,,,1.149,2.43,0,0,0,0
aten::as_strided,,,1.281,1.281,0,0,0,0
aten::slice,,,0.5,0.937,0,0,0,0
aten::as_strided,,,0.437,0.437,0,0,0,0
aten::slice,,,2.23,2.987,0,0,0,0
aten::as_strided,,,0.757,0.757,0,0,0,0
P12/B/0217/cache_write,,,97.441,148.52,0,12.299999999999999,0,0
atb::_npu_reshape_and_cache,,,26.252,51.079,0,12.299999999999999,0,0
aten::contiguous,,,0.852,17.193,0,2.94,0,0
aten::clone,,,2.352,16.341,0,2.94,0,0
empty_tensor,,,3.052,3.052,0,0,0,0
aten::copy_,,,7.458,10.937,0,2.94,0,0
aclnnInplaceCopy,,,3.479,3.479,2.94,2.94,0,0
ReshapeCacheOperation,,,7.634,7.634,9.36,9.36,0,0
P12/B/0218/fia,,,191.849,286.254,0,33.822,0,0
aten::slice,,,1.012,2.385,0,0,0,0
aten::as_strided,,,1.373,1.373,0,0,0,0
aten::slice,,,0.393,0.887,0,0,0,0
aten::as_strided,,,0.494,0.494,0,0,0,0
aten::slice,,,0.425,1.098,0,0,0,0
aten::as_strided,,,0.673,0.673,0,0,0,0
npu::npu_fused_infer_attention_score,,,64.779,74.149,0,32.822,0,0
empty_tensor,,,3.092,3.092,0,0,0,0
empty_tensor,,,1.072,1.072,0,0,0,0
empty_tensor,,,0.971,0.971,0,0,0,0
empty_tensor,,,0.952,0.952,0,0,0,0
aclnnFusedInferAttentionScoreV3,,,3.283,3.283,32.822,32.822,0,0
aten::view,,,1.472,1.472,0,0,0,0
aten::slice,,,0.52,1.356,0,0,0,0
aten::as_strided,,,0.836,0.836,0,0,0,0
aten::copy_,,,12.063,13.058,0,1.0,0,0
aclnnInplaceCopy,,,0.995,0.995,1.0,1.0,0,0
aten::slice,,,0.548,1.458,0,0,0,0
aten::as_strided,,,0.91,0.91,0,0,0,0
aten::copy_,,,9.853,15.219,0,0,0,0
aclnnInplaceCopy,,,5.366,5.366,0,0,0,0
aten::view,,,1.442,1.442,0,0,0,0
vllm::unquantized_gemm,,,7.173,27.008,0,8.0205,0,8.0205
aten::linear,,,1.684,19.835,0,8.0205,0,8.0205
aten::t,,,2.311,4.568,0,0,0,0
aten::transpose,,,1.186,2.257,0,0,0,0
aten::as_strided,,,1.071,1.071,0,0,0,0
aten::matmul,,,6.92,13.583,0,8.0205,0,8.0205
empty_tensor,,,3.041,3.041,0,0,0,0
aclnnMatmul,,,3.622,3.622,8.0205,8.0205,8.0205,8.0205
vllm::maybe_chunk_residual,,,5.425,5.425,0,0,0,0
_C_ascend::npu_add_rms_norm_bias,,,15.073,26.778,0,13.3405,0,0
aten::empty,,,0.934,3.012,0,0,0,0
empty_tensor,,,2.078,2.078,0,0,0,0
aten::empty,,,0.258,1.712,0,0,0,0
empty_tensor,,,1.454,1.454,0,0,0,0
aten::empty,,,0.38,1.302,0,0,0,0
empty_tensor,,,0.922,0.922,0,0,0,0
aten::empty,,,0.374,2.398,0,0,0,0
empty_tensor,,,2.024,2.024,0,0,0,0
aclnnAddRmsNormBias,,,3.281,3.281,13.3405,13.3405,0,0
vllm::unquantized_gemm,,,4.266,15.231,0,22.781,0,22.781
aten::linear,,,0.718,10.965,0,22.781,0,22.781
aten::t,,,0.791,2.412,0,0,0,0
aten::transpose,,,0.7,1.621,0,0,0,0
aten::as_strided,,,0.921,0.921,0,0,0,0
aten::matmul,,,3.703,7.835,0,22.781,0,22.781
empty_tensor,,,1.531,1.531,0,0,0,0
aclnnMatmul,,,2.601,2.601,22.781,22.781,22.781,22.781
npu::npu_swiglu,,,10.884,14.74,0,20.961,0,0
empty_tensor,,,1.345,1.345,0,0,0,0
aclnnSwiGlu,,,2.511,2.511,20.961,20.961,0,0
vllm::unquantized_gemm,,,3.676,19.081,0,22.201,0,22.201
aten::linear,,,0.676,15.405,0,22.201,0,22.201
aten::t,,,0.626,1.732,0,0,0,0
aten::transpose,,,0.439,1.106,0,0,0,0
aten::as_strided,,,0.667,0.667,0,0,0,0
aten::matmul,,,2.561,12.997,0,22.201,0,22.201
empty_tensor,,,1.364,1.364,0,0,0,0
aclnnMatmul,,,9.072,9.072,22.201,22.201,22.201,22.201
vllm::maybe_chunk_residual,,,4.27,4.27,0,0,0,0
_C_ascend::npu_add_rms_norm_bias,,,9.006,18.082,0,11.5005,0,0
aten::empty,,,0.386,1.766,0,0,0,0
empty_tensor,,,1.38,1.38,0,0,0,0
aten::empty,,,0.231,1.419,0,0,0,0
empty_tensor,,,1.188,1.188,0,0,0,0
aten::empty,,,0.375,1.72,0,0,0,0
empty_tensor,,,1.345,1.345,0,0,0,0
aten::empty,,,0.323,1.678,0,0,0,0
empty_tensor,,,1.355,1.355,0,0,0,0
aclnnAddRmsNormBias,,,2.493,2.493,11.5005,11.5005,0,0
vllm::unquantized_gemm,,,4.432,17.096,0,11.3605,0,10.0205
aten::linear,,,1.012,12.664,0,11.3605,0,10.0205
aten::t,,,0.628,1.62,0,0,0,0
aten::transpose,,,0.337,0.992,0,0,0,0
aten::as_strided,,,0.655,0.655,0,0,0,0
aten::addmm,,,6.14,10.032,0,11.3605,0,10.0205
empty_tensor,,,1.473,1.473,0,0,0,0
aclnnAddmm,,,2.419,2.419,11.3605,11.3605,10.0205,10.0205
aten::split_with_sizes,,,1.545,3.165,0,0,0,0
aten::as_strided,,,0.728,0.728,0,0,0,0
aten::as_strided,,,0.436,0.436,0,0,0,0
aten::as_strided,,,0.456,0.456,0,0,0,0
vllm::npu_rotary_embedding,,,207.2,228.835,0,18.421,0,0
aten::view,,,1.288,1.288,0,0,0,0
aten::view,,,0.703,0.703,0,0,0,0
aten::contiguous,,,0.905,9.357,0,2.88,0,0
aten::clone,,,1.294,8.452,0,2.88,0,0
empty_tensor,,,1.271,1.271,0,0,0,0
aten::copy_,,,3.409,5.887,0,2.88,0,0
aclnnInplaceCopy,,,2.478,2.478,2.88,2.88,0,0
aten::contiguous,,,0.526,4.46,0,2.8005,0,0
aten::clone,,,0.407,3.934,0,2.8005,0,0
empty_tensor,,,1.003,1.003,0,0,0,0
aten::copy_,,,1.511,2.524,0,2.8005,0,0
aclnnInplaceCopy,,,1.013,1.013,2.8005,2.8005,0,0
_triton_rope,,,3.806,3.806,12.7405,12.7405,0,0
aten::view,,,1.305,1.305,0,0,0,0
aten::view,,,0.716,0.716,0,0,0,0
aten::empty,,,0.61,2.648,0,0,0,0
empty_tensor,,,2.038,2.038,0,0,0,0
aten::view,,,0.968,0.968,0,0,0,0
aten::view,,,0.491,0.491,0,0,0,0
aten::view,,,0.448,0.448,0,0,0,0
aten::view,,,0.576,0.576,0,0,0,0
vllm::unified_attention_with_output,,,100.605,860.814,0,46.983000000000004,0,0
P12/B/0219/attention,,,303.995,760.209,0,46.983000000000004,0,0
aten::slice,,,1.083,2.401,0,0,0,0
aten::as_strided,,,1.318,1.318,0,0,0,0
aten::slice,,,0.521,1.057,0,0,0,0
aten::as_strided,,,0.536,0.536,0,0,0,0
aten::slice,,,2.342,3.046,0,0,0,0
aten::as_strided,,,0.704,0.704,0,0,0,0
P12/B/0220/cache_write,,,100.964,144.827,0,12.520999999999999,0,0
atb::_npu_reshape_and_cache,,,21.956,43.863,0,12.520999999999999,0,0
aten::contiguous,,,0.755,14.408,0,3.1405,0,0
aten::clone,,,1.295,13.653,0,3.1405,0,0
empty_tensor,,,3.903,3.903,0,0,0,0
aten::copy_,,,5.258,8.455,0,3.1405,0,0
aclnnInplaceCopy,,,3.197,3.197,3.1405,3.1405,0,0
ReshapeCacheOperation,,,7.499,7.499,9.3805,9.3805,0,0
P12/B/0221/fia,,,196.606,291.342,0,34.462,0,0
aten::slice,,,1.047,2.409,0,0,0,0
aten::as_strided,,,1.362,1.362,0,0,0,0
aten::slice,,,0.446,1.44,0,0,0,0
aten::as_strided,,,0.994,0.994,0,0,0,0
aten::slice,,,0.434,0.969,0,0,0,0
aten::as_strided,,,0.535,0.535,0,0,0,0
npu::npu_fused_infer_attention_score,,,63.961,73.958,0,33.382000000000005,0,0
empty_tensor,,,3.042,3.042,0,0,0,0
empty_tensor,,,1.056,1.056,0,0,0,0
empty_tensor,,,0.742,0.742,0,0,0,0
empty_tensor,,,0.952,0.952,0,0,0,0
aclnnFusedInferAttentionScoreV3,,,4.205,4.205,33.382000000000005,33.382000000000005,0,0
aten::view,,,1.457,1.457,0,0,0,0
aten::slice,,,0.476,1.319,0,0,0,0
aten::as_strided,,,0.843,0.843,0,0,0,0
aten::copy_,,,12.25,13.184,0,1.08,0,0
aclnnInplaceCopy,,,0.934,0.934,1.08,1.08,0,0
aten::slice,,,0.607,1.388,0,0,0,0
aten::as_strided,,,0.781,0.781,0,0,0,0
aten::copy_,,,9.46,12.153,0,0,0,0
aclnnInplaceCopy,,,2.693,2.693,0,0,0,0
aten::view,,,1.437,1.437,0,0,0,0
vllm::unquantized_gemm,,,6.933,25.506,0,8.06,0,8.06
aten::linear,,,1.624,18.573,0,8.06,0,8.06
aten::t,,,2.327,4.511,0,0,0,0
aten::transpose,,,1.183,2.184,0,0,0,0
aten::as_strided,,,1.001,1.001,0,0,0,0
aten::matmul,,,6.737,12.438,0,8.06,0,8.06
empty_tensor,,,3.243,3.243,0,0,0,0
aclnnMatmul,,,2.458,2.458,8.06,8.06,8.06,8.06
vllm::maybe_chunk_residual,,,5.246,5.246,0,0,0,0
_C_ascend::npu_add_rms_norm_bias,,,14.942,28.722,0,13.7205,0,0
aten::empty,,,0.912,3.078,0,0,0,0
empty_tensor,,,2.166,2.166,0,0,0,0
aten::empty,,,0.214,1.57,0,0,0,0
empty_tensor,,,1.356,1.356,0,0,0,0
aten::empty,,,0.196,1.782,0,0,0,0
empty_tensor,,,1.586,1.586,0,0,0,0
aten::empty,,,0.336,2.381,0,0,0,0
empty_tensor,,,2.045,2.045,0,0,0,0
aclnnAddRmsNormBias,,,4.969,4.969,13.7205,13.7205,0,0
vllm::unquantized_gemm,,,3.933,16.403,0,23.301,0,23.301
aten::linear,,,0.812,12.47,0,23.301,0,23.301
aten::t,,,1.026,4.008,0,0,0,0
aten::transpose,,,0.49,2.982,0,0,0,0
aten::as_strided,,,2.492,2.492,0,0,0,0
aten::matmul,,,3.746,7.65,0,23.301,0,23.301
empty_tensor,,,1.335,1.335,0,0,0,0
aclnnMatmul,,,2.569,2.569,23.301,23.301,23.301,23.301
npu::npu_swiglu,,,11.106,15.145,0,19.041,0,0
empty_tensor,,,1.467,1.467,0,0,0,0
aclnnSwiGlu,,,2.572,2.572,19.041,19.041,0,0
vllm::unquantized_gemm,,,3.587,18.425,0,22.581,0,22.581
aten::linear,,,0.593,14.838,0,22.581,0,22.581
aten::t,,,0.718,1.807,0,0,0,0
aten::transpose,,,0.432,1.089,0,0,0,0
aten::as_strided,,,0.657,0.657,0,0,0,0
aten::matmul,,,2.548,12.438,0,22.581,0,22.581
empty_tensor,,,1.407,1.407,0,0,0,0
aclnnMatmul,,,8.483,8.483,22.581,22.581,22.581,22.581
vllm::maybe_chunk_residual,,,4.024,4.024,0,0,0,0
_C_ascend::npu_add_rms_norm_bias,,,9.224,17.768,0,10.9805,0,0
aten::empty,,,0.353,1.64,0,0,0,0
empty_tensor,,,1.287,1.287,0,0,0,0
aten::empty,,,0.221,1.176,0,0,0,0
empty_tensor,,,0.955,0.955,0,0,0,0
aten::empty,,,0.298,1.477,0,0,0,0
empty_tensor,,,1.179,1.179,0,0,0,0
aten::empty,,,0.31,1.874,0,0,0,0
empty_tensor,,,1.564,1.564,0,0,0,0
aclnnAddRmsNormBias,,,2.377,2.377,10.9805,10.9805,0,0
vllm::unquantized_gemm,,,4.286,17.318,0,10.4405,0,9.4005
aten::linear,,,1.392,13.032,0,10.4405,0,9.4005
aten::t,,,0.761,1.86,0,0,0,0
aten::transpose,,,0.428,1.099,0,0,0,0
aten::as_strided,,,0.671,0.671,0,0,0,0
aten::addmm,,,5.883,9.78,0,10.4405,0,9.4005
empty_tensor,,,1.328,1.328,0,0,0,0
aclnnAddmm,,,2.569,2.569,10.4405,10.4405,9.4005,9.4005
aten::split_with_sizes,,,1.481,2.854,0,0,0,0
aten::as_strided,,,0.715,0.715,0,0,0,0
aten::as_strided,,,0.271,0.271,0,0,0,0
aten::as_strided,,,0.387,0.387,0,0,0,0
vllm::npu_rotary_embedding,,,207.242,227.49,0,19.241,0,0
aten::view,,,1.109,1.109,0,0,0,0
aten::view,,,0.356,0.356,0,0,0,0
aten::contiguous,,,0.847,9.139,0,3.06,0,0
aten::clone,,,1.335,8.292,0,3.06,0,0
empty_tensor,,,1.33,1.33,0,0,0,0
aten::copy_,,,3.078,5.627,0,3.06,0,0
aclnnInplaceCopy,,,2.549,2.549,3.06,3.06,0,0
aten::contiguous,,,0.345,4.41,0,2.84,0,0
aten::clone,,,0.562,4.065,0,2.84,0,0
empty_tensor,,,1.023,1.023,0,0,0,0
aten::copy_,,,1.595,2.48,0,2.84,0,0
aclnnInplaceCopy,,,0.885,0.885,2.84,2.84,0,0
_triton_rope,,,3.433,3.433,13.341,13.341,0,0
aten::view,,,1.291,1.291,0,0,0,0
aten::view,,,0.51,0.51,0,0,0,0
aten::empty,,,0.634,3.448,0,0,0,0
empty_tensor,,,2.814,2.814,0,0,0,0
aten::view,,,0.925,0.925,0,0,0,0
aten::view,,,0.458,0.458,0,0,0,0
aten::view,,,0.622,0.622,0,0,0,0
aten::view,,,0.739,0.739,0,0,0,0
vllm::unified_attention_with_output,,,95.428,854.918,0,50.961999999999996,0,0
P12/B/0222/attention,,,303.63,759.49,0,50.961999999999996,0,0
aten::slice,,,1.258,2.437,0,0,0,0
aten::as_strided,,,1.179,1.179,0,0,0,0
aten::slice,,,0.294,0.875,0,0,0,0
aten::as_strided,,,0.581,0.581,0,0,0,0
aten::slice,,,2.155,2.977,0,0,0,0
aten::as_strided,,,0.822,0.822,0,0,0,0
P12/B/0223/cache_write,,,99.749,142.944,0,18.121,0,0
atb::_npu_reshape_and_cache,,,21.922,43.195,0,18.121,0,0
aten::contiguous,,,0.875,13.724,0,3.3,0,0
aten::clone,,,1.282,12.849,0,3.3,0,0
empty_tensor,,,3.107,3.107,0,0,0,0
aten::copy_,,,5.05,8.46,0,3.3,0,0
aclnnInplaceCopy,,,3.41,3.41,3.3,3.3,0,0
ReshapeCacheOperation,,,7.549,7.549,14.821,14.821,0,0
P12/B/0224/fia,,,197.22,292.615,0,32.841,0,0
aten::slice,,,0.944,2.243,0,0,0,0
aten::as_strided,,,1.299,1.299,0,0,0,0
aten::slice,,,0.416,0.832,0,0,0,0
aten::as_strided,,,0.416,0.416,0,0,0,0
aten::slice,,,0.395,0.99,0,0,0,0
aten::as_strided,,,0.595,0.595,0,0,0,0
npu::npu_fused_infer_attention_score,,,64.907,74.835,0,31.820999999999998,0,0
empty_tensor,,,3.569,3.569,0,0,0,0
empty_tensor,,,1.165,1.165,0,0,0,0
empty_tensor,,,0.749,0.749,0,0,0,0
empty_tensor,,,1.061,1.061,0,0,0,0
aclnnFusedInferAttentionScoreV3,,,3.384,3.384,31.820999999999998,31.820999999999998,0,0
aten::view,,,1.427,1.427,0,0,0,0
aten::slice,,,0.674,1.45,0,0,0,0
aten::as_strided,,,0.776,0.776,0,0,0,0
aten::copy_,,,12.443,13.618,0,1.02,0,0
aclnnInplaceCopy,,,1.175,1.175,1.02,1.02,0,0
aten::slice,,,0.487,1.265,0,0,0,0
aten::as_strided,,,0.778,0.778,0,0,0,0
aten::copy_,,,9.904,12.747,0,0,0,0
aclnnInplaceCopy,,,2.843,2.843,0,0,0,0
aten::view,,,1.34,1.34,0,0,0,0
vllm::unquantized_gemm,,,6.994,25.81,0,7.76,0,7.76
aten::linear,,,1.838,18.816,0,7.76,0,7.76
aten::t,,,2.311,4.549,0,0,0,0
aten::transpose,,,1.162,2.238,0,0,0,0
aten::as_strided,,,1.076,1.076,0,0,0,0
aten::matmul,,,6.829,12.429,0,7.76,0,7.76
empty_tensor,,,2.912,2.912,0,0,0,0
aclnnMatmul,,,2.688,2.688,7.76,7.76,7.76,7.76
vllm::maybe_chunk_residual,,,5.316,5.316,0,0,0,0
_C_ascend::npu_add_rms_norm_bias,,,15.059,25.845,0,12.9805,0,0
aten::empty,,,0.96,2.995,0,0,0,0
empty_tensor,,,2.035,2.035,0,0,0,0
aten::empty,,,0.248,1.658,0,0,0,0
empty_tensor,,,1.41,1.41,0,0,0,0
aten::empty,,,0.195,1.213,0,0,0,0
empty_tensor,,,1.018,1.018,0,0,0,0
aten::empty,,,0.393,2.116,0,0,0,0
empty_tensor,,,1.723,1.723,0,0,0,0
aclnnAddRmsNormBias,,,2.804,2.804,12.9805,12.9805,0,0
vllm::unquantized_gemm,,,3.888,17.89,0,23.101,0,23.101
aten::linear,,,0.936,14.002,0,23.101,0,23.101
aten::t,,,0.902,3.953,0,0,0,0
aten::transpose,,,0.582,3.051,0,0,0,0
aten::as_strided,,,2.469,2.469,0,0,0,0
aten::matmul,,,4.21,9.113,0,23.101,0,23.101
empty_tensor,,,1.35,1.35,0,0,0,0
aclnnMatmul,,,3.553,3.553,23.101,23.101,23.101,23.101
npu::npu_swiglu,,,11.065,14.603,0,16.1805,0,0
empty_tensor,,,1.186,1.186,0,0,0,0
aclnnSwiGlu,,,2.352,2.352,16.1805,16.1805,0,0
vllm::unquantized_gemm,,,3.476,19.012,0,22.4005,0,22.4005
aten::linear,,,0.697,15.536,0,22.4005,0,22.4005
aten::t,,,0.618,1.652,0,0,0,0
aten::transpose,,,0.376,1.034,0,0,0,0
aten::as_strided,,,0.658,0.658,0,0,0,0
aten::matmul,,,2.795,13.187,0,22.4005,0,22.4005
empty_tensor,,,1.138,1.138,0,0,0,0
aclnnMatmul,,,9.254,9.254,22.4005,22.4005,22.4005,22.4005
vllm::maybe_chunk_residual,,,4.225,4.225,0,0,0,0
_C_ascend::npu_add_rms_norm_bias,,,9.328,17.895,0,10.9605,0,0
aten::empty,,,0.407,1.687,0,0,0,0
empty_tensor,,,1.28,1.28,0,0,0,0
aten::empty,,,0.233,1.022,0,0,0,0
empty_tensor,,,0.789,0.789,0,0,0,0
aten::empty,,,0.35,1.785,0,0,0,0
empty_tensor,,,1.435,1.435,0,0,0,0
aten::empty,,,0.296,1.693,0,0,0,0
empty_tensor,,,1.397,1.397,0,0,0,0
aclnnAddRmsNormBias,,,2.38,2.38,10.9605,10.9605,0,0
vllm::unquantized_gemm,,,4.405,19.251,0,10.1605,0,9.0805
aten::linear,,,1.277,14.846,0,10.1605,0,9.0805
aten::t,,,0.677,1.956,0,0,0,0
aten::transpose,,,0.419,1.279,0,0,0,0
aten::as_strided,,,0.86,0.86,0,0,0,0
aten::addmm,,,8.067,11.613,0,10.1605,0,9.0805
empty_tensor,,,1.112,1.112,0,0,0,0
aclnnAddmm,,,2.434,2.434,10.1605,10.1605,9.0805,9.0805
aten::split_with_sizes,,,2.056,3.455,0,0,0,0
aten::as_strided,,,0.773,0.773,0,0,0,0
aten::as_strided,,,0.361,0.361,0,0,0,0
aten::as_strided,,,0.265,0.265,0,0,0,0
vllm::npu_rotary_embedding,,,206.608,228.084,0,18.9205,0,0
aten::view,,,1.103,1.103,0,0,0,0
aten::view,,,0.343,0.343,0,0,0,0
aten::contiguous,,,1.135,9.818,0,3.56,0,0
aten::clone,,,1.522,8.683,0,3.56,0,0
empty_tensor,,,1.351,1.351,0,0,0,0
aten::copy_,,,3.286,5.81,0,3.56,0,0
aclnnInplaceCopy,,,2.524,2.524,3.56,3.56,0,0
aten::contiguous,,,0.515,4.697,0,2.86,0,0
aten::clone,,,0.714,4.182,0,2.86,0,0
empty_tensor,,,1.047,1.047,0,0,0,0
aten::copy_,,,1.58,2.421,0,2.86,0,0
aclnnInplaceCopy,,,0.841,0.841,2.86,2.86,0,0
_triton_rope,,,3.652,3.652,12.5005,12.5005,0,0
aten::view,,,1.253,1.253,0,0,0,0
aten::view,,,0.61,0.61,0,0,0,0
aten::empty,,,0.635,2.599,0,0,0,0
empty_tensor,,,1.964,1.964,0,0,0,0
aten::view,,,0.767,0.767,0,0,0,0
aten::view,,,0.45,0.45,0,0,0,0
aten::view,,,0.442,0.442,0,0,0,0
aten::view,,,0.674,0.674,0,0,0,0
vllm::unified_attention_with_output,,,107.88,918.284,0,46.2425,0,0
P12/B/0225/attention,,,317.98,810.404,0,46.2425,0,0
aten::slice,,,1.149,2.388,0,0,0,0
aten::as_strided,,,1.239,1.239,0,0,0,0
aten::slice,,,0.455,1.118,0,0,0,0
aten::as_strided,,,0.663,0.663,0,0,0,0
aten::slice,,,2.176,3.014,0,0,0,0
aten::as_strided,,,0.838,0.838,0,0,0,0
P12/B/0226/cache_write,,,106.896,143.881,0,12.201,0,0
atb::_npu_reshape_and_cache,,,17.851,36.985,0,12.201,0,0
aten::contiguous,,,0.883,13.23,0,2.9605,0,0
aten::clone,,,1.351,12.347,0,2.9605,0,0
empty_tensor,,,2.868,2.868,0,0,0,0
aten::copy_,,,5.08,8.128,0,2.9605,0,0
aclnnInplaceCopy,,,3.048,3.048,2.9605,2.9605,0,0
ReshapeCacheOperation,,,5.904,5.904,9.2405,9.2405,0,0
P12/B/0227/fia,,,231.062,327.646,0,34.0415,0,0
aten::slice,,,1.261,2.77,0,0,0,0
aten::as_strided,,,1.509,1.509,0,0,0,0
aten::slice,,,0.418,0.827,0,0,0,0
aten::as_strided,,,0.409,0.409,0,0,0,0
aten::slice,,,0.229,0.812,0,0,0,0
aten::as_strided,,,0.583,0.583,0,0,0,0
npu::npu_fused_infer_attention_score,,,65.547,75.738,0,33.0015,0,0
empty_tensor,,,3.436,3.436,0,0,0,0
empty_tensor,,,1.029,1.029,0,0,0,0
empty_tensor,,,0.743,0.743,0,0,0,0
empty_tensor,,,1.888,1.888,0,0,0,0
aclnnFusedInferAttentionScoreV3,,,3.095,3.095,33.0015,33.0015,0,0
aten::view,,,1.474,1.474,0,0,0,0
aten::slice,,,0.406,1.121,0,0,0,0
aten::as_strided,,,0.715,0.715,0,0,0,0
aten::copy_,,,12.949,13.842,0,1.04,0,0
aclnnInplaceCopy,,,0.893,0.893,1.04,1.04,0,0
aten::slice,,,0.578,1.5,0,0,0,0
aten::as_strided,,,0.922,0.922,0,0,0,0
aten::copy_,,,10.422,12.877,0,0,0,0
aclnnInplaceCopy,,,2.455,2.455,0,0,0,0
aten::view,,,1.383,1.383,0,0,0,0
vllm::unquantized_gemm,,,7.203,25.796,0,7.7805,0,7.7805
aten::linear,,,1.741,18.593,0,7.7805,0,7.7805
aten::t,,,2.346,4.694,0,0,0,0
aten::transpose,,,1.207,2.348,0,0,0,0
aten::as_strided,,,1.141,1.141,0,0,0,0
aten::matmul,,,6.597,12.158,0,7.7805,0,7.7805
empty_tensor,,,2.935,2.935,0,0,0,0
aclnnMatmul,,,2.626,2.626,7.7805,7.7805,7.7805,7.7805
vllm::maybe_chunk_residual,,,5.34,5.34,0,0,0,0
_C_ascend::npu_add_rms_norm_bias,,,14.841,25.756,0,14.7405,0,0
aten::empty,,,1.011,3.115,0,0,0,0
empty_tensor,,,2.104,2.104,0,0,0,0
aten::empty,,,0.208,1.565,0,0,0,0
empty_tensor,,,1.357,1.357,0,0,0,0
aten::empty,,,0.199,1.096,0,0,0,0
empty_tensor,,,0.897,0.897,0,0,0,0
aten::empty,,,0.344,2.247,0,0,0,0
empty_tensor,,,1.903,1.903,0,0,0,0
aclnnAddRmsNormBias,,,2.892,2.892,14.7405,14.7405,0,0
vllm::unquantized_gemm,,,3.963,15.241,0,23.301,0,23.301
aten::linear,,,0.826,11.278,0,23.301,0,23.301
aten::t,,,0.862,2.314,0,0,0,0
aten::transpose,,,0.513,1.452,0,0,0,0
aten::as_strided,,,0.939,0.939,0,0,0,0
aten::matmul,,,3.53,8.138,0,23.301,0,23.301
empty_tensor,,,1.462,1.462,0,0,0,0
aclnnMatmul,,,3.146,3.146,23.301,23.301,23.301,23.301
npu::npu_swiglu,,,10.729,15.369,0,16.5005,0,0
empty_tensor,,,1.128,1.128,0,0,0,0
aclnnSwiGlu,,,3.512,3.512,16.5005,16.5005,0,0
vllm::unquantized_gemm,,,3.449,18.535,0,22.941,0,22.941
aten::linear,,,0.778,15.086,0,22.941,0,22.941
aten::t,,,0.8,1.855,0,0,0,0
aten::transpose,,,0.38,1.055,0,0,0,0
aten::as_strided,,,0.675,0.675,0,0,0,0
aten::matmul,,,2.757,12.453,0,22.941,0,22.941
empty_tensor,,,1.137,1.137,0,0,0,0
aclnnMatmul,,,8.559,8.559,22.941,22.941,22.941,22.941
vllm::maybe_chunk_residual,,,3.997,3.997,0,0,0,0
_C_ascend::npu_add_rms_norm_bias,,,9.242,17.579,0,12.6205,0,0
aten::empty,,,0.381,1.576,0,0,0,0
empty_tensor,,,1.195,1.195,0,0,0,0
aten::empty,,,0.237,1.711,0,0,0,0
empty_tensor,,,1.474,1.474,0,0,0,0
aten::empty,,,0.198,1.003,0,0,0,0
empty_tensor,,,0.805,0.805,0,0,0,0
aten::empty,,,0.292,1.465,0,0,0,0
empty_tensor,,,1.173,1.173,0,0,0,0
aclnnAddRmsNormBias,,,2.582,2.582,12.6205,12.6205,0,0
vllm::unquantized_gemm,,,4.161,16.575,0,10.8205,0,9.6405
aten::linear,,,1.134,12.414,0,10.8205,0,9.6405
aten::t,,,0.703,1.943,0,0,0,0
aten::transpose,,,0.375,1.24,0,0,0,0
aten::as_strided,,,0.865,0.865,0,0,0,0
aten::addmm,,,5.765,9.337,0,10.8205,0,9.6405
empty_tensor,,,1.182,1.182,0,0,0,0
aclnnAddmm,,,2.39,2.39,10.8205,10.8205,9.6405,9.6405
aten::split_with_sizes,,,1.318,3.429,0,0,0,0
aten::as_strided,,,0.733,0.733,0,0,0,0
aten::as_strided,,,0.893,0.893,0,0,0,0
aten::as_strided,,,0.485,0.485,0,0,0,0
vllm::npu_rotary_embedding,,,207.173,227.48,0,20.081,0,0
aten::view,,,1.182,1.182,0,0,0,0
aten::view,,,0.484,0.484,0,0,0,0
aten::contiguous,,,0.97,8.983,0,2.9805,0,0
aten::clone,,,1.273,8.013,0,2.9805,0,0
empty_tensor,,,1.275,1.275,0,0,0,0
aten::copy_,,,3.204,5.465,0,2.9805,0,0
aclnnInplaceCopy,,,2.261,2.261,2.9805,2.9805,0,0
aten::contiguous,,,0.322,4.409,0,2.92,0,0
aten::clone,,,0.415,4.087,0,2.92,0,0
empty_tensor,,,1.023,1.023,0,0,0,0
aten::copy_,,,1.692,2.649,0,2.92,0,0
aclnnInplaceCopy,,,0.957,0.957,2.92,2.92,0,0
_triton_rope,,,3.339,3.339,14.1805,14.1805,0,0
aten::view,,,1.258,1.258,0,0,0,0
aten::view,,,0.652,0.652,0,0,0,0
aten::empty,,,0.727,2.955,0,0,0,0
empty_tensor,,,2.228,2.228,0,0,0,0
aten::view,,,0.646,0.646,0,0,0,0
aten::view,,,0.55,0.55,0,0,0,0
aten::view,,,0.638,0.638,0,0,0,0
aten::view,,,0.782,0.782,0,0,0,0
vllm::unified_attention_with_output,,,96.523,848.915,0,46.482,0,0
P12/B/0228/attention,,,304.819,752.392,0,46.482,0,0
aten::slice,,,1.015,2.255,0,0,0,0
aten::as_strided,,,1.24,1.24,0,0,0,0
aten::slice,,,0.908,1.394,0,0,0,0
aten::as_strided,,,0.486,0.486,0,0,0,0
aten::slice,,,2.324,3.096,0,0,0,0
aten::as_strided,,,0.772,0.772,0,0,0,0
P12/B/0229/cache_write,,,98.913,137.053,0,12.400500000000001,0,0
atb::_npu_reshape_and_cache,,,18.687,38.14,0,12.400500000000001,0,0
aten::contiguous,,,0.818,13.67,0,3.04,0,0
aten::clone,,,1.393,12.852,0,3.04,0,0
empty_tensor,,,3.086,3.086,0,0,0,0
aten::copy_,,,5.333,8.373,0,3.04,0,0
aclnnInplaceCopy,,,3.04,3.04,3.04,3.04,0,0
ReshapeCacheOperation,,,5.783,5.783,9.3605,9.3605,0,0
P12/B/0230/fia,,,196.51,289.625,0,34.0815,0,0
aten::slice,,,1.017,2.308,0,0,0,0
aten::as_strided,,,1.291,1.291,0,0,0,0
aten::slice,,,0.495,0.952,0,0,0,0
aten::as_strided,,,0.457,0.457,0,0,0,0
aten::slice,,,0.232,0.86,0,0,0,0
aten::as_strided,,,0.628,0.628,0,0,0,0
npu::npu_fused_infer_attention_score,,,63.536,72.272,0,33.080999999999996,0,0
empty_tensor,,,3.051,3.051,0,0,0,0
empty_tensor,,,0.851,0.851,0,0,0,0
empty_tensor,,,0.806,0.806,0,0,0,0
empty_tensor,,,0.782,0.782,0,0,0,0
aclnnFusedInferAttentionScoreV3,,,3.246,3.246,33.080999999999996,33.080999999999996,0,0
aten::view,,,1.451,1.451,0,0,0,0
aten::slice,,,0.442,1.17,0,0,0,0
aten::as_strided,,,0.728,0.728,0,0,0,0
aten::copy_,,,13.189,14.102,0,1.0005,0,0
aclnnInplaceCopy,,,0.913,0.913,1.0005,1.0005,0,0
aten::slice,,,0.622,1.45,0,0,0,0
aten::as_strided,,,0.828,0.828,0,0,0,0
aten::copy_,,,10.093,12.7,0,0,0,0
aclnnInplaceCopy,,,2.607,2.607,0,0,0,0
aten::view,,,1.661,1.661,0,0,0,0
vllm::unquantized_gemm,,,6.965,25.15,0,7.5805,0,7.5805
aten::linear,,,1.858,18.185,0,7.5805,0,7.5805
aten::t,,,2.173,4.419,0,0,0,0
aten::transpose,,,1.137,2.246,0,0,0,0
aten::as_strided,,,1.109,1.109,0,0,0,0
aten::matmul,,,6.438,11.908,0,7.5805,0,7.5805
empty_tensor,,,2.872,2.872,0,0,0,0
aclnnMatmul,,,2.598,2.598,7.5805,7.5805,7.5805,7.5805
vllm::maybe_chunk_residual,,,5.309,5.309,0,0,0,0
_C_ascend::npu_add_rms_norm_bias,,,14.653,25.87,0,12.621,0,0
aten::empty,,,0.97,2.96,0,0,0,0
empty_tensor,,,1.99,1.99,0,0,0,0
aten::empty,,,0.216,1.537,0,0,0,0
empty_tensor,,,1.321,1.321,0,0,0,0
aten::empty,,,0.19,1.322,0,0,0,0
empty_tensor,,,1.132,1.132,0,0,0,0
aten::empty,,,0.404,2.415,0,0,0,0
empty_tensor,,,2.011,2.011,0,0,0,0
aclnnAddRmsNormBias,,,2.983,2.983,12.621,12.621,0,0
vllm::unquantized_gemm,,,3.837,14.222,0,23.261,0,23.261
aten::linear,,,0.76,10.385,0,23.261,0,23.261
aten::t,,,0.848,2.222,0,0,0,0
aten::transpose,,,0.493,1.374,0,0,0,0
aten::as_strided,,,0.881,0.881,0,0,0,0
aten::matmul,,,3.902,7.403,0,23.261,0,23.261
empty_tensor,,,1.299,1.299,0,0,0,0
aclnnMatmul,,,2.202,2.202,23.261,23.261,23.261,23.261
npu::npu_swiglu,,,10.655,14.819,0,15.6205,0,0
empty_tensor,,,1.476,1.476,0,0,0,0
aclnnSwiGlu,,,2.688,2.688,15.6205,15.6205,0,0
vllm::unquantized_gemm,,,3.584,23.664,0,21.881,0,21.881
aten::linear,,,1.186,20.08,0,21.881,0,21.881
aten::t,,,0.743,2.094,0,0,0,0
aten::transpose,,,0.53,1.351,0,0,0,0
aten::as_strided,,,0.821,0.821,0,0,0,0
aten::matmul,,,2.637,16.8,0,21.881,0,21.881
empty_tensor,,,1.193,1.193,0,0,0,0
aclnnMatmul,,,12.97,12.97,21.881,21.881,21.881,21.881
vllm::maybe_chunk_residual,,,4.102,4.102,0,0,0,0
_C_ascend::npu_add_rms_norm_bias,,,9.405,18.472,0,10.9205,0,0
aten::empty,,,0.45,1.773,0,0,0,0
empty_tensor,,,1.323,1.323,0,0,0,0
aten::empty,,,0.225,1.536,0,0,0,0
empty_tensor,,,1.311,1.311,0,0,0,0
aten::empty,,,0.438,1.255,0,0,0,0
empty_tensor,,,0.817,0.817,0,0,0,0
aten::empty,,,0.337,1.709,0,0,0,0
empty_tensor,,,1.372,1.372,0,0,0,0
aclnnAddRmsNormBias,,,2.794,2.794,10.9205,10.9205,0,0
aten::index,,,6.962,11.253,0,8.2405,0,0
empty_tensor,,,0.903,0.903,0,0,0,0
empty_tensor,,,1.166,1.166,0,0,0,0
aclnnIndex,,,2.222,2.222,8.2405,8.2405,0,0
aten::linear,,,0.754,9.073,0,232.2095,0,232.2095
aten::t,,,0.868,2.029,0,0,0,0
aten::transpose,,,0.422,1.161,0,0,0,0
aten::as_strided,,,0.739,0.739,0,0,0,0
aten::matmul,,,3.073,6.29,0,232.2095,0,232.2095
empty_tensor,,,0.96,0.96,0,0,0,0
aclnnMatmul,,,2.257,2.257,232.2095,232.2095,232.2095,232.2095
aten::alias,,,1.027,1.027,0,0,0,0
P12/B/0231/sample,,,725.246,1180.556,0,214.4085,0,0
aten::to,,,0.907,17.262,0,8.7205,0,0
aten::_to_copy,,,2.454,16.355,0,8.7205,0,0
aten::empty,,,1.07,4.767,0,0,0,0
empty_tensor,,,3.697,3.697,0,0,0,0
aten::copy_,,,5.974,9.134,0,8.7205,0,0
aclnnInplaceCopy,,,3.16,3.16,8.7205,8.7205,0,0
aten::lift_fresh,,,0.31,0.31,0,0,0,0
aten::to,,,0.74,0.74,0,0,0,0
aten::pin_memory,,,1.14,22.089,0,0,0,0
aten::is_pinned,,,11.569,11.569,0,0,0,0
aten::_pin_memory,,,4.094,9.38,0,0,0,0
aten::set_,,,1.698,1.698,0,0,0,0
aten::copy_,,,3.588,3.588,0,0,0,0
aten::to,,,0.531,5.069,0,0,0,0
aten::_to_copy,,,1.495,4.538,0,0,0,0
aten::empty_strided,,,1.428,2.673,0,0,0,0
empty_tensor,,,1.245,1.245,0,0,0,0
aten::copy_,,,0.37,0.37,0,0,0,0
aten::eq,,,4.066,7.316,0,0,0,0
empty_tensor,,,0.647,0.647,0,0,0,0
aclnnEqScalar,,,2.603,2.603,0,0,0,0
aten::masked_fill_,,,2.584,4.321,0,0,0,0
aclnnInplaceMaskedFillScalar,,,1.737,1.737,0,0,0,0
aten::zeros,,,1.762,11.871,0,8.34,0,0
empty_tensor,,,1.712,1.712,0,0,0,0
aten::zero_,,,2.583,8.397,0,8.34,0,0
aclnnInplaceZero,,,5.814,5.814,8.34,8.34,0,0
token_bin_counts_and_mask_kernel,,,3.76,3.76,57.6825,57.6825,0,0
aten::gt,,,6.223,10.806,0,25.261,0,0
empty_tensor,,,2.205,2.205,0,0,0,0
aclnnGtScalar,,,2.378,2.378,25.261,25.261,0,0
aten::zeros,,,0.999,6.48,0,2.28,0,0
empty_tensor,,,1.333,1.333,0,0,0,0
aten::zero_,,,2.164,4.148,0,2.28,0,0
aclnnInplaceZero,,,1.984,1.984,2.28,2.28,0,0
aten::gt,,,2.907,5.102,0,13.4005,0,0
empty_tensor,,,1.14,1.14,0,0,0,0
aclnnGtScalar,,,1.055,1.055,13.4005,13.4005,0,0
apply_all_penalties_kernel,,,3.176,3.176,75.903,75.903,0,0
aten::argmax,,,2.628,16.787,0,19.381,0,0
aten::empty,,,0.645,2.645,0,0,0,0
empty_tensor,,,2.0,2.0,0,0,0,0
aten::argmax,,,6.739,11.514,0,19.381,0,0
aten::reshape,,,0.601,2.298,0,0,0,0
aten::view,,,1.697,1.697,0,0,0,0
aclnnArgMax,,,2.477,2.477,19.381,19.381,0,0
aten::view,,,0.635,0.635,0,0,0,0
aten::to,,,0.365,0.365,0,0,0,0
aten::to,,,0.42,7.748,0,1.3,0,0
aten::_to_copy,,,1.109,7.328,0,1.3,0,0
aten::empty,,,0.398,1.608,0,0,0,0
empty_tensor,,,1.21,1.21,0,0,0,0
aten::copy_,,,3.132,4.611,0,1.3,0,0
aclnnInplaceCopy,,,1.479,1.479,1.3,1.3,0,0
aten::unsqueeze,,,1.045,2.428,0,0,0,0
aten::as_strided,,,1.383,1.383,0,0,0,0
P12/B/0232/to_list,,,147.363,325.855,0,2.14,0,0
aten::slice,,,3.908,5.178,0,0,0,0
aten::as_strided,,,1.27,1.27,0,0,0,0
aten::copy_,,,9.712,19.612,0,2.12,0,0
acl_memcpy_device_to_host,,,9.9,9.9,2.12,2.12,0,0
Event::record,,,105.371,110.451,0,0.02,0,0
record_event,,,5.08,5.08,0.02,0.02,0,0
Event::synchronize,,,42.723,42.723,0,0,0,0
aten::resolve_conj,,,0.334,0.334,0,0,0,0
aten::resolve_neg,,,0.194,0.194,0,0,0,0
aten::slice,,,1.145,3.19,0,0,0,0
aten::as_strided,,,2.045,2.045,0,0,0,0
P12/B/0233/allocate,,,179.01,179.01,0,0,0,0
P12/B/0234/runner,,,7969.39,37338.708,0,2418.1725,0,1405.9725
aten::slice,,,4.652,7.977,0,0,0,0
aten::as_strided,,,3.325,3.325,0,0,0,0
aten::slice,,,0.896,2.019,0,0,0,0
aten::as_strided,,,1.123,1.123,0,0,0,0
aten::copy_,,,15.047,21.543,0,2.7405,0,0
acl_memcpy_host_to_device,,,6.496,6.496,2.7405,2.7405,0,0
aten::lift_fresh,,,0.355,0.355,0,0,0,0
aten::lift_fresh,,,0.164,0.164,0,0,0,0
aten::flatten,,,1.112,3.292,0,0,0,0
aten::view,,,2.18,2.18,0,0,0,0
aten::slice,,,1.013,1.523,0,0,0,0
aten::as_strided,,,0.51,0.51,0,0,0,0
aten::index_select,,,2.395,2.395,0,0,0,0
aten::copy_,,,5.038,7.902,0,2.78,0,0
acl_memcpy_host_to_device,,,2.864,2.864,2.78,2.78,0,0
aten::slice,,,0.884,1.193,0,0,0,0
aten::as_strided,,,0.309,0.309,0,0,0,0
aten::lift_fresh,,,0.265,0.265,0,0,0,0
aten::slice,,,0.85,1.158,0,0,0,0
aten::as_strided,,,0.308,0.308,0,0,0,0
aten::add,,,5.2,5.2,0,0,0,0
aten::slice,,,0.723,0.957,0,0,0,0
aten::as_strided,,,0.234,0.234,0,0,0,0
aten::fill_,,,1.9,1.9,0,0,0,0
aten::slice,,,0.857,1.996,0,0,0,0
aten::as_strided,,,1.139,1.139,0,0,0,0
aten::fill_,,,7.757,10.454,0,1.06,0,0
aclnnInplaceFillScalar,,,2.697,2.697,1.06,1.06,0,0
aten::slice,,,0.664,1.138,0,0,0,0
aten::as_strided,,,0.474,0.474,0,0,0,0
aten::slice,,,0.86,1.132,0,0,0,0
aten::as_strided,,,0.272,0.272,0,0,0,0
aten::copy_,,,3.008,4.098,0,2.76,0,0
acl_memcpy_host_to_device,,,1.09,1.09,2.76,2.76,0,0
aten::slice,,,0.619,0.79,0,0,0,0
aten::as_strided,,,0.171,0.171,0,0,0,0
aten::detach,,,1.283,1.283,0,0,0,0
aten::to,,,0.85,0.85,0,0,0,0
aten::resolve_conj,,,0.843,0.843,0,0,0,0
aten::resolve_neg,,,0.25,0.25,0,0,0,0
aten::slice,,,0.668,1.186,0,0,0,0
aten::as_strided,,,0.518,0.518,0,0,0,0
aten::slice,,,1.055,1.392,0,0,0,0
aten::as_strided,,,0.337,0.337,0,0,0,0
aten::copy_,,,0.385,0.385,0,0,0,0
aten::slice,,,0.525,0.9,0,0,0,0
aten::as_strided,,,0.375,0.375,0,0,0,0
aten::slice,,,0.441,0.651,0,0,0,0
aten::as_strided,,,0.21,0.21,0,0,0,0
aten::copy_,,,2.561,5.451,0,2.7405,0,0
acl_memcpy_host_to_device,,,2.89,2.89,2.7405,2.7405,0,0
aten::fill_,,,2.425,7.981,0,1.0,0,0
aclnnInplaceFillScalar,,,5.556,5.556,1.0,1.0,0,0
aten::slice,,,0.797,1.204,0,0,0,0
aten::as_strided,,,0.407,0.407,0,0,0,0
aten::slice,,,0.604,0.746,0,0,0,0
aten::as_strided,,,0.142,0.142,0,0,0,0
aten::copy_,,,1.935,3.525,0,2.8,0,0
acl_memcpy_host_to_device,,,1.59,1.59,2.8,2.8,0,0
aten::slice,,,0.53,0.86,0,0,0,0
aten::as_strided,,,0.33,0.33,0,0,0,0
aten::slice,,,0.661,0.803,0,0,0,0
aten::as_strided,,,0.142,0.142,0,0,0,0
aten::copy_,,,2.14,3.872,0,2.9005,0,0
acl_memcpy_host_to_device,,,1.732,1.732,2.9005,2.9005,0,0
aten::slice,,,0.71,0.988,0,0,0,0
aten::as_strided,,,0.278,0.278,0,0,0,0
aten::slice,,,0.673,1.08,0,0,0,0
aten::as_strided,,,0.407,0.407,0,0,0,0
aten::slice,,,0.729,0.865,0,0,0,0
aten::as_strided,,,0.136,0.136,0,0,0,0
aten::copy_,,,1.917,3.975,0,2.8,0,0
acl_memcpy_host_to_device,,,2.058,2.058,2.8,2.8,0,0
aten::slice,,,0.552,0.869,0,0,0,0
aten::as_strided,,,0.317,0.317,0,0,0,0
aten::slice,,,0.671,0.868,0,0,0,0
aten::as_strided,,,0.197,0.197,0,0,0,0
aten::copy_,,,2.208,4.41,0,2.86,0,0
acl_memcpy_host_to_device,,,2.202,2.202,2.86,2.86,0,0
aten::slice,,,0.541,0.815,0,0,0,0
aten::as_strided,,,0.274,0.274,0,0,0,0
aten::index,,,7.523,15.941,0,9.9805,0,0
empty_tensor,,,2.712,2.712,0,0,0,0
empty_tensor,,,3.294,3.294,0,0,0,0
aclnnIndex,,,2.412,2.412,9.9805,9.9805,0,0
aten::to,,,0.634,9.475,0,0.92,0,0
aten::_to_copy,,,1.884,8.841,0,0.92,0,0
aten::empty,,,0.817,2.195,0,0,0,0
empty_tensor,,,1.378,1.378,0,0,0,0
aten::copy_,,,3.146,4.762,0,0.92,0,0
aclnnInplaceCopy,,,1.616,1.616,0.92,0.92,0,0
aten::slice,,,0.795,1.16,0,0,0,0
aten::as_strided,,,0.365,0.365,0,0,0,0
aten::add,,,4.704,6.935,0,2.12,0,0
empty_tensor,,,0.813,0.813,0,0,0,0
aclnnAdd,,,1.418,1.418,2.12,2.12,0,0
aten::slice,,,0.807,3.748,0,0,0,0
aten::as_strided,,,2.941,2.941,0,0,0,0
aten::copy_,,,22.658,34.064,0,0.62,0,0
aclnnInplaceCopy,,,11.406,11.406,0.62,0.62,0,0
aten::slice,,,0.755,1.117,0,0,0,0
aten::as_strided,,,0.362,0.362,0,0,0,0
aten::add,,,2.715,4.575,0,1.12,0,0
empty_tensor,,,1.088,1.088,0,0,0,0
aclnnAdd,,,0.772,0.772,1.12,1.12,0,0
aten::copy_,,,6.095,8.772,0,0.58,0,0
aclnnInplaceCopy,,,2.677,2.677,0.58,0.58,0,0
aten::slice,,,0.622,0.984,0,0,0,0
aten::as_strided,,,0.362,0.362,0,0,0,0
aten::fill_,,,2.017,3.495,0,0,0,0
aclnnInplaceFillScalar,,,1.478,1.478,0,0,0,0
aten::slice,,,0.629,0.96,0,0,0,0
aten::as_strided,,,0.331,0.331,0,0,0,0
aten::slice,,,0.85,1.335,0,0,0,0
aten::as_strided,,,0.485,0.485,0,0,0,0
_compute_slot_mapping_kernel,,,4.775,4.775,120.185,120.185,0,0
aten::slice,,,1.101,1.845,0,0,0,0
aten::as_strided,,,0.744,0.744,0,0,0,0
aten::sub,,,5.643,11.7,0,1.16,0,0
empty_tensor,,,2.175,2.175,0,0,0,0
aten::item,,,0.689,1.221,0,0,0,0
aten::_local_scalar_dense,,,0.532,0.532,0,0,0,0
aclnnSubs,,,2.661,2.661,1.16,1.16,0,0
aten::detach,,,1.436,1.436,0,0,0,0
aten::to,,,0.654,0.654,0,0,0,0
aten::resolve_conj,,,0.235,0.235,0,0,0,0
aten::resolve_neg,,,0.107,0.107,0,0,0,0
aten::slice,,,1.463,2.752,0,0,0,0
aten::as_strided,,,1.289,1.289,0,0,0,0
aten::slice,,,0.529,1.177,0,0,0,0
aten::as_strided,,,0.648,0.648,0,0,0,0
aten::slice,,,0.688,1.313,0,0,0,0
aten::as_strided,,,0.625,0.625,0,0,0,0
aten::slice,,,1.424,1.834,0,0,0,0
aten::as_strided,,,0.41,0.41,0,0,0,0
aten::fill_,,,4.138,7.209,0,0,0,0
aclnnInplaceFillScalar,,,3.071,3.071,0,0,0,0
aten::slice,,,0.668,1.111,0,0,0,0
aten::as_strided,,,0.443,0.443,0,0,0,0
aten::fill_,,,1.72,2.607,0,0,0,0
aclnnInplaceFillScalar,,,0.887,0.887,0,0,0,0
aten::slice,,,0.706,0.96,0,0,0,0
aten::as_strided,,,0.254,0.254,0,0,0,0
aten::slice,,,0.661,0.971,0,0,0,0
aten::as_strided,,,0.31,0.31,0,0,0,0
aten::lt,,,5.466,5.466,0,0,0,0
aten::lift_fresh,,,0.226,0.226,0,0,0,0
aten::slice,,,0.26,0.568,0,0,0,0
aten::as_strided,,,0.308,0.308,0,0,0,0
aten::fill_,,,0.696,3.225,0,0,0,0
aten::copy_,,,2.529,2.529,0,0,0,0
aten::slice,,,0.501,0.755,0,0,0,0
aten::as_strided,,,0.254,0.254,0,0,0,0
aten::slice,,,0.476,0.931,0,0,0,0
aten::as_strided,,,0.455,0.455,0,0,0,0
aten::slice,,,0.79,1.158,0,0,0,0
aten::as_strided,,,0.368,0.368,0,0,0,0
aten::slice,,,0.436,0.735,0,0,0,0
aten::as_strided,,,0.299,0.299,0,0,0,0
aten::slice,,,1.022,1.192,0,0,0,0
aten::as_strided,,,0.17,0.17,0,0,0,0
aten::slice,,,0.643,0.779,0,0,0,0
aten::as_strided,,,0.136,0.136,0,0,0,0
aten::slice,,,0.75,0.96,0,0,0,0
aten::as_strided,,,0.21,0.21,0,0,0,0
aten::slice,,,0.926,1.143,0,0,0,0
aten::as_strided,,,0.217,0.217,0,0,0,0
aten::slice,,,0.586,1.241,0,0,0,0
aten::as_strided,,,0.655,0.655,0,0,0,0
aten::pin_memory,,,0.95,9.13,0,0,0,0
aten::is_pinned,,,8.18,8.18,0,0,0,0
aten::to,,,0.824,23.369,0,2.74,0,0
aten::_to_copy,,,2.118,22.545,0,2.74,0,0
aten::empty_strided,,,3.808,5.458,0,0,0,0
empty_tensor,,,1.65,1.65,0,0,0,0
aten::copy_,,,4.896,14.969,0,2.74,0,0
acl_memcpy_host_to_device,,,10.073,10.073,2.74,2.74,0,0
aten::resolve_conj,,,0.143,0.143,0,0,0,0
aten::resolve_neg,,,0.187,0.187,0,0,0,0
aten::slice,,,0.766,1.059,0,0,0,0
aten::as_strided,,,0.293,0.293,0,0,0,0
aten::resolve_conj,,,0.246,0.246,0,0,0,0
aten::resolve_neg,,,0.273,0.273,0,0,0,0
aten::slice,,,0.669,1.269,0,0,0,0
aten::as_strided,,,0.6,0.6,0,0,0,0
aten::slice,,,0.583,0.935,0,0,0,0
aten::as_strided,,,0.352,0.352,0,0,0,0
aten::index_select,,,6.959,11.601,0,2.5605,0,0
empty_tensor,,,2.091,2.091,0,0,0,0
aclnnIndexSelect,,,2.551,2.551,2.5605,2.5605,0,0
aten::view,,,1.479,1.479,0,0,0,0
aten::repeat,,,3.425,7.029,0,1.88,0,0
empty_tensor,,,2.071,2.071,0,0,0,0
aclnnRepeat,,,1.533,1.533,1.88,1.88,0,0
aten::chunk,,,1.63,6.76,0,0,0,0
aten::split,,,1.12,5.13,0,0,0,0
aten::narrow,,,1.558,2.97,0,0,0,0
aten::slice,,,0.617,1.412,0,0,0,0
aten::as_strided,,,0.795,0.795,0,0,0,0
aten::narrow,,,0.353,1.04,0,0,0,0
aten::slice,,,0.259,0.687,0,0,0,0
aten::as_strided,,,0.428,0.428,0,0,0,0
aten::slice,,,0.95,1.791,0,0,0,0
aten::as_strided,,,0.841,0.841,0,0,0,0
aten::view,,,0.623,0.623,0,0,0,0
aten::expand,,,1.049,1.553,0,0,0,0
aten::as_strided,,,0.504,0.504,0,0,0,0
aten::copy_,,,21.455,24.055,0,0.48,0,0
aclnnInplaceCopy,,,2.6,2.6,0.48,0.48,0,0
aten::index_select,,,3.435,5.563,0,2.28,0,0
empty_tensor,,,1.217,1.217,0,0,0,0
aclnnIndexSelect,,,0.911,0.911,2.28,2.28,0,0
aten::view,,,0.719,0.719,0,0,0,0
aten::repeat,,,1.979,4.258,0,1.34,0,0
empty_tensor,,,1.025,1.025,0,0,0,0
aclnnRepeat,,,1.254,1.254,1.34,1.34,0,0
aten::chunk,,,0.529,4.205,0,0,0,0
aten::split,,,0.535,3.676,0,0,0,0
aten::narrow,,,0.493,1.618,0,0,0,0
aten::slice,,,0.424,1.125,0,0,0,0
aten::as_strided,,,0.701,0.701,0,0,0,0
aten::narrow,,,0.5,1.523,0,0,0,0
aten::slice,,,0.498,1.023,0,0,0,0
aten::as_strided,,,0.525,0.525,0,0,0,0
aten::slice,,,1.117,1.481,0,0,0,0
aten::as_strided,,,0.364,0.364,0,0,0,0
aten::view,,,0.33,0.33,0,0,0,0
aten::expand,,,0.361,0.66,0,0,0,0
aten::as_strided,,,0.299,0.299,0,0,0,0
aten::copy_,,,7.472,9.774,0,0.5,0,0
aclnnInplaceCopy,,,2.302,2.302,0.5,0.5,0,0
aten::slice,,,0.718,1.078,0,0,0,0
aten::as_strided,,,0.36,0.36,0,0,0,0
aten::slice,,,0.666,1.126,0,0,0,0
aten::as_strided,,,0.46,0.46,0,0,0,0
aten::to,,,0.743,20.905,0,1.06,0,0
aten::_to_copy,,,2.182,20.162,0,1.06,0,0
aten::empty,,,1.193,4.228,0,0,0,0
empty_tensor,,,3.035,3.035,0,0,0,0
aten::copy_,,,5.062,13.752,0,1.06,0,0
aclnnInplaceCopy,,,8.69,8.69,1.06,1.06,0,0
aten::embedding,,,3.767,7.418,0,10.9005,0,0
empty_tensor,,,1.921,1.921,0,0,0,0
aclnnEmbedding,,,1.73,1.73,10.9005,10.9005,0,0
vllm::maybe_pad_and_reduce,,,10.767,10.767,0,0,0,0
npu::npu_rms_norm,,,20.667,25.903,0,5.02,0,0
empty_tensor,,,2.05,2.05,0,0,0,0
empty_tensor,,,0.927,0.927,0,0,0,0
aclnnRmsNorm,,,2.259,2.259,5.02,5.02,0,0
vllm::unquantized_gemm,,,6.17,24.43,0,8.8805,0,7.7805
aten::linear,,,1.708,18.26,0,8.8805,0,7.7805
aten::t,,,1.992,4.657,0,0,0,0
aten::transpose,,,1.131,2.665,0,0,0,0
aten::as_strided,,,1.534,1.534,0,0,0,0
aten::addmm,,,7.486,11.895,0,8.8805,0,7.7805
empty_tensor,,,1.337,1.337,0,0,0,0
aclnnAddmm,,,3.072,3.072,8.8805,8.8805,7.7805,7.7805
aten::split_with_sizes,,,1.46,3.161,0,0,0,0
aten::as_strided,,,0.722,0.722,0,0,0,0
aten::as_strided,,,0.463,0.463,0,0,0,0
aten::as_strided,,,0.516,0.516,0,0,0,0
vllm::npu_rotary_embedding,,,202.878,209.885,0,2.98,0,0
aten::view,,,1.263,1.263,0,0,0,0
aten::view,,,0.466,0.466,0,0,0,0
_triton_rope,,,3.435,3.435,2.98,2.98,0,0
aten::view,,,1.227,1.227,0,0,0,0
aten::view,,,0.616,0.616,0,0,0,0
aten::empty,,,0.742,2.929,0,0,0,0
empty_tensor,,,2.187,2.187,0,0,0,0
aten::view,,,0.952,0.952,0,0,0,0
aten::view,,,0.658,0.658,0,0,0,0
aten::view,,,0.443,0.443,0,0,0,0
aten::view,,,0.423,0.423,0,0,0,0
vllm::unified_attention_with_output,,,181.304,910.242,0,24.081,0,0
P12/B/0235/attention,,,297.001,728.938,0,24.081,0,0
aten::slice,,,1.191,2.549,0,0,0,0
aten::as_strided,,,1.358,1.358,0,0,0,0
aten::slice,,,0.297,0.599,0,0,0,0
aten::as_strided,,,0.302,0.302,0,0,0,0
aten::slice,,,2.044,2.594,0,0,0,0
aten::as_strided,,,0.55,0.55,0,0,0,0
P12/B/0236/cache_write,,,103.293,124.167,0,1.84,0,0
atb::_npu_reshape_and_cache,,,17.333,20.874,0,1.84,0,0
ReshapeCacheOperation,,,3.541,3.541,1.84,1.84,0,0
P12/B/0237/fia,,,198.903,280.47,0,22.241,0,0
aten::view,,,3.038,3.038,0,0,0,0
aten::view,,,0.812,0.812,0,0,0,0
aten::slice,,,0.858,2.035,0,0,0,0
aten::as_strided,,,1.177,1.177,0,0,0,0
npu::npu_fused_infer_attention_score,,,40.538,51.085,0,21.681,0,0
empty_tensor,,,4.651,4.651,0,0,0,0
empty_tensor,,,1.267,1.267,0,0,0,0
empty_tensor,,,0.81,0.81,0,0,0,0
empty_tensor,,,0.761,0.761,0,0,0,0
aclnnFusedInferAttentionScoreV3,,,3.058,3.058,21.681,21.681,0,0
aten::view,,,1.095,1.095,0,0,0,0
aten::slice,,,0.456,1.213,0,0,0,0
aten::as_strided,,,0.757,0.757,0,0,0,0
aten::copy_,,,21.292,22.289,0,0.56,0,0
aclnnInplaceCopy,,,0.997,0.997,0.56,0.56,0,0
aten::slice,,,0.557,1.438,0,0,0,0
aten::as_strided,,,0.881,0.881,0,0,0,0
aten::copy_,,,10.808,20.12,0,0,0,0
aclnnInplaceCopy,,,9.312,9.312,0,0,0,0
aten::view,,,1.237,1.237,0,0,0,0
vllm::unquantized_gemm,,,7.173,25.728,0,5.9405,0,5.9405
aten::linear,,,1.614,18.555,0,5.9405,0,5.9405
aten::t,,,1.886,4.261,0,0,0,0
aten::transpose,,,1.203,2.375,0,0,0,0
aten::as_strided,,,1.172,1.172,0,0,0,0
aten::matmul,,,7.084,12.68,0,5.9405,0,5.9405
empty_tensor,,,3.04,3.04,0,0,0,0
aclnnMatmul,,,2.556,2.556,5.9405,5.9405,5.9405,5.9405
vllm::maybe_chunk_residual,,,5.269,5.269,0,0,0,0
_C_ascend::npu_add_rms_norm_bias,,,15.4,30.834,0,1.96,0,0
aten::empty,,,1.012,2.9,0,0,0,0
empty_tensor,,,1.888,1.888,0,0,0,0
aten::empty,,,2.921,4.777,0,0,0,0
empty_tensor,,,1.856,1.856,0,0,0,0
aten::empty,,,0.387,1.551,0,0,0,0
empty_tensor,,,1.164,1.164,0,0,0,0
aten::empty,,,0.554,2.831,0,0,0,0
empty_tensor,,,2.277,2.277,0,0,0,0
aclnnAddRmsNormBias,,,3.375,3.375,1.96,1.96,0,0
vllm::unquantized_gemm,,,4.124,14.835,0,19.1605,0,19.1605
aten::linear,,,0.846,10.711,0,19.1605,0,19.1605
aten::t,,,0.828,2.245,0,0,0,0
aten::transpose,,,0.479,1.417,0,0,0,0
aten::as_strided,,,0.938,0.938,0,0,0,0
aten::matmul,,,3.684,7.62,0,19.1605,0,19.1605
empty_tensor,,,1.47,1.47,0,0,0,0
aclnnMatmul,,,2.466,2.466,19.1605,19.1605,19.1605,19.1605
npu::npu_swiglu,,,10.218,13.64,0,4.1,0,0
empty_tensor,,,1.234,1.234,0,0,0,0
aclnnSwiGlu,,,2.188,2.188,4.1,4.1,0,0
vllm::unquantized_gemm,,,3.304,12.187,0,16.8805,0,16.8805
aten::linear,,,0.574,8.883,0,16.8805,0,16.8805
aten::t,,,0.63,1.688,0,0,0,0
aten::transpose,,,0.335,1.058,0,0,0,0
aten::as_strided,,,0.723,0.723,0,0,0,0
aten::matmul,,,2.814,6.621,0,16.8805,0,16.8805
empty_tensor,,,1.318,1.318,0,0,0,0
aclnnMatmul,,,2.489,2.489,16.8805,16.8805,16.8805,16.8805
vllm::maybe_chunk_residual,,,4.031,4.031,0,0,0,0
_C_ascend::npu_add_rms_norm_bias,,,8.515,20.25,0,1.7,0,0
aten::empty,,,0.331,1.436,0,0,0,0
empty_tensor,,,1.105,1.105,0,0,0,0
aten::empty,,,0.258,2.07,0,0,0,0
empty_tensor,,,1.812,1.812,0,0,0,0
aten::empty,,,0.518,1.288,0,0,0,0
empty_tensor,,,0.77,0.77,0,0,0,0
aten::empty,,,0.326,1.996,0,0,0,0
empty_tensor,,,1.67,1.67,0,0,0,0
aclnnAddRmsNormBias,,,4.945,4.945,1.7,1.7,0,0
vllm::unquantized_gemm,,,4.317,16.977,0,9.180499999999999,0,8.04
aten::linear,,,1.147,12.66,0,9.180499999999999,0,8.04
aten::t,,,0.575,1.739,0,0,0,0
aten::transpose,,,0.608,1.164,0,0,0,0
aten::as_strided,,,0.556,0.556,0,0,0,0
aten::addmm,,,6.175,9.774,0,9.180499999999999,0,8.04
empty_tensor,,,1.117,1.117,0,0,0,0
aclnnAddmm,,,2.482,2.482,9.180499999999999,9.180499999999999,8.04,8.04
aten::split_with_sizes,,,1.437,2.976,0,0,0,0
aten::as_strided,,,0.674,0.674,0,0,0,0
aten::as_strided,,,0.375,0.375,0,0,0,0
aten::as_strided,,,0.49,0.49,0,0,0,0
vllm::npu_rotary_embedding,,,201.511,208.641,0,2.92,0,0
aten::view,,,1.104,1.104,0,0,0,0
aten::view,,,0.319,0.319,0,0,0,0
_triton_rope,,,3.731,3.731,2.92,2.92,0,0
aten::view,,,1.335,1.335,0,0,0,0
aten::view,,,0.641,0.641,0,0,0,0
aten::empty,,,0.687,3.168,0,0,0,0
empty_tensor,,,2.481,2.481,0,0,0,0
aten::view,,,0.892,0.892,0,0,0,0
aten::view,,,0.722,0.722,0,0,0,0
aten::view,,,0.633,0.633,0,0,0,0
aten::view,,,0.449,0.449,0,0,0,0
vllm::unified_attention_with_output,,,96.301,818.72,0,23.881,0,0
P12/B/0238/attention,,,302.483,722.419,0,23.881,0,0
aten::slice,,,1.319,2.416,0,0,0,0
aten::as_strided,,,1.097,1.097,0,0,0,0
aten::slice,,,0.429,0.824,0,0,0,0
aten::as_strided,,,0.395,0.395,0,0,0,0
aten::slice,,,2.085,2.939,0,0,0,0
aten::as_strided,,,0.854,0.854,0,0,0,0
P12/B/0239/cache_write,,,96.655,116.808,0,1.62,0,0
atb::_npu_reshape_and_cache,,,16.921,20.153,0,1.62,0,0
ReshapeCacheOperation,,,3.232,3.232,1.62,1.62,0,0
P12/B/0240/fia,,,199.147,282.125,0,22.261000000000003,0,0
aten::view,,,2.746,2.746,0,0,0,0
aten::view,,,1.11,1.11,0,0,0,0
aten::slice,,,0.685,1.688,0,0,0,0
aten::as_strided,,,1.003,1.003,0,0,0,0
npu::npu_fused_infer_attention_score,,,39.065,51.6,0,21.661,0,0
empty_tensor,,,4.125,4.125,0,0,0,0
empty_tensor,,,1.273,1.273,0,0,0,0
empty_tensor,,,0.885,0.885,0,0,0,0
empty_tensor,,,1.051,1.051,0,0,0,0
aclnnFusedInferAttentionScoreV3,,,5.201,5.201,21.661,21.661,0,0
aten::view,,,1.053,1.053,0,0,0,0
aten::slice,,,0.502,1.296,0,0,0,0
aten::as_strided,,,0.794,0.794,0,0,0,0
aten::copy_,,,21.784,23.485,0,0.6,0,0
aclnnInplaceCopy,,,1.701,1.701,0.6,0.6,0,0
aten::slice,,,0.601,1.406,0,0,0,0
aten::as_strided,,,0.805,0.805,0,0,0,0
aten::copy_,,,10.89,13.418,0,0,0,0
aclnnInplaceCopy,,,2.528,2.528,0,0,0,0
aten::view,,,1.137,1.137,0,0,0,0
vllm::unquantized_gemm,,,6.709,24.7,0,5.56,0,5.56
aten::linear,,,1.574,17.991,0,5.56,0,5.56
aten::t,,,1.783,4.089,0,0,0,0
aten::transpose,,,1.157,2.306,0,0,0,0
aten::as_strided,,,1.149,1.149,0,0,0,0
aten::matmul,,,6.797,12.328,0,5.56,0,5.56
empty_tensor,,,2.952,2.952,0,0,0,0
aclnnMatmul,,,2.579,2.579,5.56,5.56,5.56,5.56
vllm::maybe_chunk_residual,,,5.007,5.007,0,0,0,0
_C_ascend::npu_add_rms_norm_bias,,,14.988,29.925,0,1.78,0,0
aten::empty,,,0.928,2.823,0,0,0,0
empty_tensor,,,1.895,1.895,0,0,0,0
aten::empty,,,0.257,1.502,0,0,0,0
empty_tensor,,,1.245,1.245,0,0,0,0
aten::empty,,,0.428,1.618,0,0,0,0
empty_tensor,,,1.19,1.19,0,0,0,0
aten::empty,,,0.357,2.354,0,0,0,0
empty_tensor,,,1.997,1.997,0,0,0,0
aclnnAddRmsNormBias,,,6.64,6.64,1.78,1.78,0,0
vllm::unquantized_gemm,,,4.026,15.299,0,19.4005,0,19.4005
aten::linear,,,0.921,11.273,0,19.4005,0,19.4005
aten::t,,,0.847,2.416,0,0,0,0
aten::transpose,,,0.484,1.569,0,0,0,0
aten::as_strided,,,1.085,1.085,0,0,0,0
aten::matmul,,,3.742,7.936,0,19.4005,0,19.4005
empty_tensor,,,1.677,1.677,0,0,0,0
aclnnMatmul,,,2.517,2.517,19.4005,19.4005,19.4005,19.4005
npu::npu_swiglu,,,10.495,14.652,0,3.0,0,0
empty_tensor,,,1.504,1.504,0,0,0,0
aclnnSwiGlu,,,2.653,2.653,3.0,3.0,0,0
vllm::unquantized_gemm,,,3.389,12.173,0,16.5205,0,16.5205
aten::linear,,,1.31,8.784,0,16.5205,0,16.5205
aten::t,,,0.602,1.829,0,0,0,0
aten::transpose,,,0.634,1.227,0,0,0,0
aten::as_strided,,,0.593,0.593,0,0,0,0
aten::matmul,,,2.254,5.645,0,16.5205,0,16.5205
empty_tensor,,,1.074,1.074,0,0,0,0
aclnnMatmul,,,2.317,2.317,16.5205,16.5205,16.5205,16.5205
vllm::maybe_chunk_residual,,,4.03,4.03,0,0,0,0
_C_ascend::npu_add_rms_norm_bias,,,8.833,17.41,0,1.76,0,0
aten::empty,,,0.435,1.65,0,0,0,0
empty_tensor,,,1.215,1.215,0,0,0,0
aten::empty,,,0.195,1.581,0,0,0,0
empty_tensor,,,1.386,1.386,0,0,0,0
aten::empty,,,0.411,1.234,0,0,0,0
empty_tensor,,,0.823,0.823,0,0,0,0
aten::empty,,,0.268,1.585,0,0,0,0
empty_tensor,,,1.317,1.317,0,0,0,0
aclnnAddRmsNormBias,,,2.527,2.527,1.76,1.76,0,0
vllm::unquantized_gemm,,,4.287,16.58,0,8.5205,0,7.3805
aten::linear,,,1.216,12.293,0,8.5205,0,7.3805
aten::t,,,0.607,1.682,0,0,0,0
aten::transpose,,,0.381,1.075,0,0,0,0
aten::as_strided,,,0.694,0.694,0,0,0,0
aten::addmm,,,5.991,9.395,0,8.5205,0,7.3805
empty_tensor,,,1.197,1.197,0,0,0,0
aclnnAddmm,,,2.207,2.207,8.5205,8.5205,7.3805,7.3805
aten::split_with_sizes,,,1.514,2.952,0,0,0,0
aten::as_strided,,,0.616,0.616,0,0,0,0
aten::as_strided,,,0.421,0.421,0,0,0,0
aten::as_strided,,,0.401,0.401,0,0,0,0
vllm::npu_rotary_embedding,,,201.381,208.406,0,2.86,0,0
aten::view,,,1.036,1.036,0,0,0,0
aten::view,,,0.538,0.538,0,0,0,0
_triton_rope,,,3.584,3.584,2.86,2.86,0,0
aten::view,,,1.208,1.208,0,0,0,0
aten::view,,,0.659,0.659,0,0,0,0
aten::empty,,,0.553,2.757,0,0,0,0
empty_tensor,,,2.204,2.204,0,0,0,0
aten::view,,,0.733,0.733,0,0,0,0
aten::view,,,0.49,0.49,0,0,0,0
aten::view,,,0.467,0.467,0,0,0,0
aten::view,,,0.439,0.439,0,0,0,0
vllm::unified_attention_with_output,,,100.622,854.422,0,21.3605,0,0
P12/B/0241/attention,,,323.609,753.8,0,21.3605,0,0
aten::slice,,,1.261,2.587,0,0,0,0
aten::as_strided,,,1.326,1.326,0,0,0,0
aten::slice,,,0.469,0.837,0,0,0,0
aten::as_strided,,,0.368,0.368,0,0,0,0
aten::slice,,,2.087,2.912,0,0,0,0
aten::as_strided,,,0.825,0.825,0,0,0,0
P12/B/0242/cache_write,,,100.99,120.053,0,1.62,0,0
atb::_npu_reshape_and_cache,,,15.993,19.063,0,1.62,0,0
ReshapeCacheOperation,,,3.07,3.07,1.62,1.62,0,0
P12/B/0243/fia,,,200.805,289.01,0,19.740499999999997,0,0
aten::view,,,2.668,2.668,0,0,0,0
aten::view,,,0.943,0.943,0,0,0,0
aten::slice,,,0.769,2.709,0,0,0,0
aten::as_strided,,,1.94,1.94,0,0,0,0
npu::npu_fused_infer_attention_score,,,39.04,56.142,0,19.1605,0,0
empty_tensor,,,4.551,4.551,0,0,0,0
empty_tensor,,,1.293,1.293,0,0,0,0
empty_tensor,,,0.785,0.785,0,0,0,0
empty_tensor,,,0.715,0.715,0,0,0,0
aclnnFusedInferAttentionScoreV3,,,9.758,9.758,19.1605,19.1605,0,0
aten::view,,,1.14,1.14,0,0,0,0
aten::slice,,,0.577,1.386,0,0,0,0
aten::as_strided,,,0.809,0.809,0,0,0,0
aten::copy_,,,20.722,23.217,0,0.58,0,0
aclnnInplaceCopy,,,2.495,2.495,0.58,0.58,0,0
aten::slice,,,0.595,1.453,0,0,0,0
aten::as_strided,,,0.858,0.858,0,0,0,0
aten::copy_,,,10.735,13.339,0,0,0,0
aclnnInplaceCopy,,,2.604,2.604,0,0,0,0
aten::view,,,1.216,1.216,0,0,0,0
vllm::unquantized_gemm,,,7.016,24.715,0,5.7205,0,5.7205
aten::linear,,,1.602,17.699,0,5.7205,0,5.7205
aten::t,,,1.918,4.181,0,0,0,0
aten::transpose,,,1.064,2.263,0,0,0,0
aten::as_strided,,,1.199,1.199,0,0,0,0
aten::matmul,,,6.492,11.916,0,5.7205,0,5.7205
empty_tensor,,,2.872,2.872,0,0,0,0
aclnnMatmul,,,2.552,2.552,5.7205,5.7205,5.7205,5.7205
vllm::maybe_chunk_residual,,,5.118,5.118,0,0,0,0
_C_ascend::npu_add_rms_norm_bias,,,14.863,25.412,0,1.7,0,0
aten::empty,,,0.949,2.717,0,0,0,0
empty_tensor,,,1.768,1.768,0,0,0,0
aten::empty,,,0.24,1.498,0,0,0,0
empty_tensor,,,1.258,1.258,0,0,0,0
aten::empty,,,0.19,1.162,0,0,0,0
empty_tensor,,,0.972,0.972,0,0,0,0
aten::empty,,,0.46,2.304,0,0,0,0
empty_tensor,,,1.844,1.844,0,0,0,0
aclnnAddRmsNormBias,,,2.868,2.868,1.7,1.7,0,0
vllm::unquantized_gemm,,,3.759,15.567,0,19.2205,0,19.2205
aten::linear,,,0.788,11.808,0,19.2205,0,19.2205
aten::t,,,0.795,2.581,0,0,0,0
aten::transpose,,,0.481,1.786,0,0,0,0
aten::as_strided,,,1.305,1.305,0,0,0,0
aten::matmul,,,3.348,8.439,0,19.2205,0,19.2205
empty_tensor,,,1.091,1.091,0,0,0,0
aclnnMatmul,,,4.0,4.0,19.2205,19.2205,19.2205,19.2205
npu::npu_swiglu,,,10.332,13.756,0,3.24,0,0
empty_tensor,,,1.224,1.224,0,0,0,0
aclnnSwiGlu,,,2.2,2.2,3.24,3.24,0,0
vllm::unquantized_gemm,,,3.409,11.926,0,16.541,0,16.541
aten::linear,,,0.602,8.517,0,16.541,0,16.541
aten::t,,,0.762,1.78,0,0,0,0
aten::transpose,,,0.38,1.018,0,0,0,0
aten::as_strided,,,0.638,0.638,0,0,0,0
aten::matmul,,,2.347,6.135,0,16.541,0,16.541
empty_tensor,,,1.329,1.329,0,0,0,0
aclnnMatmul,,,2.459,2.459,16.541,16.541,16.541,16.541
vllm::maybe_chunk_residual,,,4.123,4.123,0,0,0,0
_C_ascend::npu_add_rms_norm_bias,,,8.554,26.473,0,1.74,0,0
aten::empty,,,0.449,1.549,0,0,0,0
empty_tensor,,,1.1,1.1,0,0,0,0
aten::empty,,,0.235,1.26,0,0,0,0
empty_tensor,,,1.025,1.025,0,0,0,0
aten::empty,,,0.353,1.529,0,0,0,0
empty_tensor,,,1.176,1.176,0,0,0,0
aten::empty,,,0.314,1.858,0,0,0,0
empty_tensor,,,1.544,1.544,0,0,0,0
aclnnAddRmsNormBias,,,11.723,11.723,1.74,1.74,0,0
vllm::unquantized_gemm,,,4.501,16.921,0,8.620000000000001,0,7.44
aten::linear,,,1.153,12.42,0,8.620000000000001,0,7.44
aten::t,,,0.576,1.666,0,0,0,0
aten::transpose,,,0.377,1.09,0,0,0,0
aten::as_strided,,,0.713,0.713,0,0,0,0
aten::addmm,,,6.033,9.601,0,8.620000000000001,0,7.44
empty_tensor,,,1.154,1.154,0,0,0,0
aclnnAddmm,,,2.414,2.414,8.620000000000001,8.620000000000001,7.44,7.44
aten::split_with_sizes,,,1.489,2.775,0,0,0,0
aten::as_strided,,,0.547,0.547,0,0,0,0
aten::as_strided,,,0.347,0.347,0,0,0,0
aten::as_strided,,,0.392,0.392,0,0,0,0
vllm::npu_rotary_embedding,,,201.011,207.96,0,2.9,0,0
aten::view,,,0.943,0.943,0,0,0,0
aten::view,,,0.481,0.481,0,0,0,0
_triton_rope,,,3.639,3.639,2.9,2.9,0,0
aten::view,,,1.223,1.223,0,0,0,0
aten::view,,,0.663,0.663,0,0,0,0
aten::empty,,,0.599,2.754,0,0,0,0
empty_tensor,,,2.155,2.155,0,0,0,0
aten::view,,,0.79,0.79,0,0,0,0
aten::view,,,0.445,0.445,0,0,0,0
aten::view,,,0.458,0.458,0,0,0,0
aten::view,,,0.487,0.487,0,0,0,0
vllm::unified_attention_with_output,,,95.579,813.407,0,23.321,0,0
P12/B/0244/attention,,,306.295,717.828,0,23.321,0,0
aten::slice,,,1.082,2.383,0,0,0,0
aten::as_strided,,,1.301,1.301,0,0,0,0
aten::slice,,,0.465,0.945,0,0,0,0
aten::as_strided,,,0.48,0.48,0,0,0,0
aten::slice,,,2.025,2.715,0,0,0,0
aten::as_strided,,,0.69,0.69,0,0,0,0
P12/B/0245/cache_write,,,92.059,113.072,0,1.56,0,0
atb::_npu_reshape_and_cache,,,18.293,21.013,0,1.56,0,0
ReshapeCacheOperation,,,2.72,2.72,1.56,1.56,0,0
P12/B/0246/fia,,,195.888,278.096,0,21.761,0,0
aten::view,,,3.034,3.034,0,0,0,0
aten::view,,,0.79,0.79,0,0,0,0
aten::slice,,,0.67,1.715,0,0,0,0
aten::as_strided,,,1.045,1.045,0,0,0,0
npu::npu_fused_infer_attention_score,,,39.488,50.546,0,21.181,0,0
empty_tensor,,,4.395,4.395,0,0,0,0
empty_tensor,,,1.143,1.143,0,0,0,0
empty_tensor,,,1.144,1.144,0,0,0,0
empty_tensor,,,0.943,0.943,0,0,0,0
aclnnFusedInferAttentionScoreV3,,,3.433,3.433,21.181,21.181,0,0
aten::view,,,1.02,1.02,0,0,0,0
aten::slice,,,0.7,1.546,0,0,0,0
aten::as_strided,,,0.846,0.846,0,0,0,0
aten::copy_,,,21.051,23.557,0,0.58,0,0
aclnnInplaceCopy,,,2.506,2.506,0.58,0.58,0,0
aten::slice,,,0.574,1.48,0,0,0,0
aten::as_strided,,,0.906,0.906,0,0,0,0
aten::copy_,,,10.488,12.842,0,0,0,0
aclnnInplaceCopy,,,2.354,2.354,0,0,0,0
aten::view,,,1.18,1.18,0,0,0,0
vllm::unquantized_gemm,,,6.983,28.413,0,5.68,0,5.68
aten::linear,,,1.424,21.43,0,5.68,0,5.68
aten::t,,,1.864,4.193,0,0,0,0
aten::transpose,,,1.123,2.329,0,0,0,0
aten::as_strided,,,1.206,1.206,0,0,0,0
aten::matmul,,,6.827,15.813,0,5.68,0,5.68
empty_tensor,,,2.915,2.915,0,0,0,0
aclnnMatmul,,,6.071,6.071,5.68,5.68,5.68,5.68
vllm::maybe_chunk_residual,,,5.189,5.189,0,0,0,0
_C_ascend::npu_add_rms_norm_bias,,,15.254,29.936,0,1.68,0,0
aten::empty,,,0.899,3.002,0,0,0,0
empty_tensor,,,2.103,2.103,0,0,0,0
aten::empty,,,3.042,4.292,0,0,0,0
empty_tensor,,,1.25,1.25,0,0,0,0
aten::empty,,,0.407,1.422,0,0,0,0
empty_tensor,,,1.015,1.015,0,0,0,0
aten::empty,,,0.547,2.948,0,0,0,0
empty_tensor,,,2.401,2.401,0,0,0,0
aclnnAddRmsNormBias,,,3.018,3.018,1.68,1.68,0,0
vllm::unquantized_gemm,,,3.906,14.834,0,19.5805,0,19.5805
aten::linear,,,0.758,10.928,0,19.5805,0,19.5805
aten::t,,,0.809,2.289,0,0,0,0
aten::transpose,,,0.486,1.48,0,0,0,0
aten::as_strided,,,0.994,0.994,0,0,0,0
aten::matmul,,,3.941,7.881,0,19.5805,0,19.5805
empty_tensor,,,1.417,1.417,0,0,0,0
aclnnMatmul,,,2.523,2.523,19.5805,19.5805,19.5805,19.5805
npu::npu_swiglu,,,10.439,15.013,0,2.9805,0,0
empty_tensor,,,2.182,2.182,0,0,0,0
aclnnSwiGlu,,,2.392,2.392,2.9805,2.9805,0,0
vllm::unquantized_gemm,,,3.319,12.432,0,16.661,0,16.661
aten::linear,,,0.623,9.113,0,16.661,0,16.661
aten::t,,,0.606,2.075,0,0,0,0
aten::transpose,,,0.717,1.469,0,0,0,0
aten::as_strided,,,0.752,0.752,0,0,0,0
aten::matmul,,,2.618,6.415,0,16.661,0,16.661
empty_tensor,,,1.494,1.494,0,0,0,0
aclnnMatmul,,,2.303,2.303,16.661,16.661,16.661,16.661
vllm::maybe_chunk_residual,,,3.862,3.862,0,0,0,0
_C_ascend::npu_add_rms_norm_bias,,,9.109,17.963,0,1.68,0,0
aten::empty,,,0.32,1.331,0,0,0,0
empty_tensor,,,1.011,1.011,0,0,0,0
aten::empty,,,0.23,1.25,0,0,0,0
empty_tensor,,,1.02,1.02,0,0,0,0
aten::empty,,,0.379,2.083,0,0,0,0
empty_tensor,,,1.704,1.704,0,0,0,0
aten::empty,,,0.275,1.482,0,0,0,0
empty_tensor,,,1.207,1.207,0,0,0,0
aclnnAddRmsNormBias,,,2.708,2.708,1.68,1.68,0,0
vllm::unquantized_gemm,,,4.433,18.455,0,8.76,0,7.64
aten::linear,,,1.258,14.022,0,8.76,0,7.64
aten::t,,,0.599,1.593,0,0,0,0
aten::transpose,,,0.38,0.994,0,0,0,0
aten::as_strided,,,0.614,0.614,0,0,0,0
aten::addmm,,,5.883,11.171,0,8.76,0,7.64
empty_tensor,,,1.038,1.038,0,0,0,0
aclnnAddmm,,,4.25,4.25,8.76,8.76,7.64,7.64
aten::split_with_sizes,,,1.49,3.239,0,0,0,0
aten::as_strided,,,0.713,0.713,0,0,0,0
aten::as_strided,,,0.405,0.405,0,0,0,0
aten::as_strided,,,0.631,0.631,0,0,0,0
vllm::npu_rotary_embedding,,,204.601,221.86,0,2.86,0,0
aten::view,,,1.006,1.006,0,0,0,0
aten::view,,,0.552,0.552,0,0,0,0
_triton_rope,,,13.828,13.828,2.86,2.86,0,0
aten::view,,,1.279,1.279,0,0,0,0
aten::view,,,0.594,0.594,0,0,0,0
aten::empty,,,0.62,3.196,0,0,0,0
empty_tensor,,,2.576,2.576,0,0,0,0
aten::view,,,0.963,0.963,0,0,0,0
aten::view,,,0.687,0.687,0,0,0,0
aten::view,,,0.656,0.656,0,0,0,0
aten::view,,,0.598,0.598,0,0,0,0
vllm::unified_attention_with_output,,,97.066,824.173,0,23.9205,0,0
P12/B/0247/attention,,,310.55,727.107,0,23.9205,0,0
aten::slice,,,1.109,2.394,0,0,0,0
aten::as_strided,,,1.285,1.285,0,0,0,0
aten::slice,,,0.498,0.828,0,0,0,0
aten::as_strided,,,0.33,0.33,0,0,0,0
aten::slice,,,2.126,2.989,0,0,0,0
aten::as_strided,,,0.863,0.863,0,0,0,0
P12/B/0248/cache_write,,,96.064,116.365,0,1.6,0,0
atb::_npu_reshape_and_cache,,,16.807,20.301,0,1.6,0,0
ReshapeCacheOperation,,,3.494,3.494,1.6,1.6,0,0
P12/B/0249/fia,,,196.888,279.027,0,22.3205,0,0
aten::view,,,2.676,2.676,0,0,0,0
aten::view,,,1.166,1.166,0,0,0,0
aten::slice,,,0.723,1.698,0,0,0,0
aten::as_strided,,,0.975,0.975,0,0,0,0
npu::npu_fused_infer_attention_score,,,40.111,50.239,0,21.7605,0,0
empty_tensor,,,4.114,4.114,0,0,0,0
empty_tensor,,,0.862,0.862,0,0,0,0
empty_tensor,,,0.955,0.955,0,0,0,0
empty_tensor,,,0.916,0.916,0,0,0,0
aclnnFusedInferAttentionScoreV3,,,3.281,3.281,21.7605,21.7605,0,0
aten::view,,,1.108,1.108,0,0,0,0
aten::slice,,,0.553,1.351,0,0,0,0
aten::as_strided,,,0.798,0.798,0,0,0,0
aten::copy_,,,21.281,23.901,0,0.56,0,0
aclnnInplaceCopy,,,2.62,2.62,0.56,0.56,0,0
aten::slice,,,0.545,1.415,0,0,0,0
aten::as_strided,,,0.87,0.87,0,0,0,0
aten::copy_,,,10.962,13.539,0,0,0,0
aclnnInplaceCopy,,,2.577,2.577,0,0,0,0
aten::view,,,1.244,1.244,0,0,0,0
vllm::unquantized_gemm,,,7.098,26.288,0,5.88,0,5.88
aten::linear,,,2.307,19.19,0,5.88,0,5.88
aten::t,,,1.823,4.102,0,0,0,0
aten::transpose,,,1.076,2.279,0,0,0,0
aten::as_strided,,,1.203,1.203,0,0,0,0
aten::matmul,,,7.069,12.781,0,5.88,0,5.88
empty_tensor,,,2.907,2.907,0,0,0,0
aclnnMatmul,,,2.805,2.805,5.88,5.88,5.88,5.88
vllm::maybe_chunk_residual,,,5.317,5.317,0,0,0,0
_C_ascend::npu_add_rms_norm_bias,,,14.724,26.338,0,1.9405,0,0
aten::empty,,,0.907,2.798,0,0,0,0
empty_tensor,,,1.891,1.891,0,0,0,0
aten::empty,,,0.217,1.52,0,0,0,0
empty_tensor,,,1.303,1.303,0,0,0,0
aten::empty,,,0.527,1.826,0,0,0,0
empty_tensor,,,1.299,1.299,0,0,0,0
aten::empty,,,0.38,2.557,0,0,0,0
empty_tensor,,,2.177,2.177,0,0,0,0
aclnnAddRmsNormBias,,,2.913,2.913,1.9405,1.9405,0,0
vllm::unquantized_gemm,,,3.764,14.195,0,20.1205,0,20.1205
aten::linear,,,0.985,10.431,0,20.1205,0,20.1205
aten::t,,,0.758,2.18,0,0,0,0
aten::transpose,,,0.47,1.422,0,0,0,0
aten::as_strided,,,0.952,0.952,0,0,0,0
aten::matmul,,,3.519,7.266,0,20.1205,0,20.1205
empty_tensor,,,1.284,1.284,0,0,0,0
aclnnMatmul,,,2.463,2.463,20.1205,20.1205,20.1205,20.1205
npu::npu_swiglu,,,10.694,17.755,0,3.0,0,0
empty_tensor,,,1.312,1.312,0,0,0,0
aclnnSwiGlu,,,5.749,5.749,3.0,3.0,0,0
vllm::unquantized_gemm,,,3.533,12.499,0,16.8605,0,16.8605
aten::linear,,,0.611,8.966,0,16.8605,0,16.8605
aten::t,,,0.58,2.322,0,0,0,0
aten::transpose,,,1.088,1.742,0,0,0,0
aten::as_strided,,,0.654,0.654,0,0,0,0
aten::matmul,,,2.619,6.033,0,16.8605,0,16.8605
empty_tensor,,,1.137,1.137,0,0,0,0
aclnnMatmul,,,2.277,2.277,16.8605,16.8605,16.8605,16.8605
vllm::maybe_chunk_residual,,,3.968,3.968,0,0,0,0
_C_ascend::npu_add_rms_norm_bias,,,8.771,16.523,0,1.7805,0,0
aten::empty,,,0.303,1.383,0,0,0,0
empty_tensor,,,1.08,1.08,0,0,0,0
aten::empty,,,0.198,1.027,0,0,0,0
empty_tensor,,,0.829,0.829,0,0,0,0
aten::empty,,,0.192,1.044,0,0,0,0
empty_tensor,,,0.852,0.852,0,0,0,0
aten::empty,,,0.469,1.944,0,0,0,0
empty_tensor,,,1.475,1.475,0,0,0,0
aclnnAddRmsNormBias,,,2.354,2.354,1.7805,1.7805,0,0
vllm::unquantized_gemm,,,4.091,16.357,0,8.660499999999999,0,7.2805
aten::linear,,,1.101,12.266,0,8.660499999999999,0,7.2805
aten::t,,,0.544,1.465,0,0,0,0
aten::transpose,,,0.373,0.921,0,0,0,0
aten::as_strided,,,0.548,0.548,0,0,0,0
aten::addmm,,,5.961,9.7,0,8.660499999999999,0,7.2805
empty_tensor,,,1.27,1.27,0,0,0,0
aclnnAddmm,,,2.469,2.469,8.660499999999999,8.660499999999999,7.2805,7.2805
aten::split_with_sizes,,,1.494,2.913,0,0,0,0
aten::as_strided,,,0.688,0.688,0,0,0,0
aten::as_strided,,,0.376,0.376,0,0,0,0
aten::as_strided,,,0.355,0.355,0,0,0,0
vllm::npu_rotary_embedding,,,200.774,207.855,0,2.94,0,0
aten::view,,,1.074,1.074,0,0,0,0
aten::view,,,0.424,0.424,0,0,0,0
_triton_rope,,,3.178,3.178,2.94,2.94,0,0
aten::view,,,1.242,1.242,0,0,0,0
aten::view,,,1.163,1.163,0,0,0,0
aten::empty,,,0.538,2.626,0,0,0,0
empty_tensor,,,2.088,2.088,0,0,0,0
aten::view,,,0.692,0.692,0,0,0,0
aten::view,,,0.5,0.5,0,0,0,0
aten::view,,,0.47,0.47,0,0,0,0
aten::view,,,0.55,0.55,0,0,0,0
vllm::unified_attention_with_output,,,101.033,815.837,0,22.9805,0,0
P12/B/0250/attention,,,292.148,714.804,0,22.9805,0,0
aten::slice,,,0.988,2.149,0,0,0,0
aten::as_strided,,,1.161,1.161,0,0,0,0
aten::slice,,,0.477,0.97,0,0,0,0
aten::as_strided,,,0.493,0.493,0,0,0,0
aten::slice,,,2.035,2.875,0,0,0,0
aten::as_strided,,,0.84,0.84,0,0,0,0
P12/B/0251/cache_write,,,96.216,115.803,0,1.64,0,0
atb::_npu_reshape_and_cache,,,16.322,19.587,0,1.64,0,0
ReshapeCacheOperation,,,3.265,3.265,1.64,1.64,0,0
P12/B/0252/fia,,,196.635,279.27,0,21.3405,0,0
aten::view,,,2.668,2.668,0,0,0,0
aten::view,,,1.214,1.214,0,0,0,0
aten::slice,,,0.63,1.585,0,0,0,0
aten::as_strided,,,0.955,0.955,0,0,0,0
npu::npu_fused_infer_attention_score,,,38.323,50.675,0,20.7605,0,0
empty_tensor,,,4.195,4.195,0,0,0,0
empty_tensor,,,1.683,1.683,0,0,0,0
empty_tensor,,,0.844,0.844,0,0,0,0
empty_tensor,,,0.998,0.998,0,0,0,0
aclnnFusedInferAttentionScoreV3,,,4.632,4.632,20.7605,20.7605,0,0
aten::view,,,1.045,1.045,0,0,0,0
aten::slice,,,0.559,1.428,0,0,0,0
aten::as_strided,,,0.869,0.869,0,0,0,0
aten::copy_,,,21.548,24.02,0,0.58,0,0
aclnnInplaceCopy,,,2.472,2.472,0.58,0.58,0,0
aten::slice,,,0.564,1.359,0,0,0,0
aten::as_strided,,,0.795,0.795,0,0,0,0
aten::copy_,,,10.304,20.23,0,0,0,0
aclnnInplaceCopy,,,9.926,9.926,0,0,0,0
aten::view,,,1.256,1.256,0,0,0,0
vllm::unquantized_gemm,,,6.932,25.957,0,5.64,0,5.64
aten::linear,,,1.645,19.025,0,5.64,0,5.64
aten::t,,,1.859,4.171,0,0,0,0
aten::transpose,,,1.118,2.312,0,0,0,0
aten::as_strided,,,1.194,1.194,0,0,0,0
aten::matmul,,,7.132,13.209,0,5.64,0,5.64
empty_tensor,,,3.11,3.11,0,0,0,0
aclnnMatmul,,,2.967,2.967,5.64,5.64,5.64,5.64
vllm::maybe_chunk_residual,,,5.013,5.013,0,0,0,0
_C_ascend::npu_add_rms_norm_bias,,,14.392,25.669,0,1.62,0,0
aten::empty,,,0.978,3.057,0,0,0,0
empty_tensor,,,2.079,2.079,0,0,0,0
aten::empty,,,0.45,1.348,0,0,0,0
empty_tensor,,,0.898,0.898,0,0,0,0
aten::empty,,,0.233,1.218,0,0,0,0
empty_tensor,,,0.985,0.985,0,0,0,0
aten::empty,,,0.437,2.832,0,0,0,0
empty_tensor,,,2.395,2.395,0,0,0,0
aclnnAddRmsNormBias,,,2.822,2.822,1.62,1.62,0,0
vllm::unquantized_gemm,,,3.861,15.301,0,19.2205,0,19.2205
aten::linear,,,0.792,11.44,0,19.2205,0,19.2205
aten::t,,,0.849,2.27,0,0,0,0
aten::transpose,,,0.44,1.421,0,0,0,0
aten::as_strided,,,0.981,0.981,0,0,0,0
aten::matmul,,,4.461,8.378,0,19.2205,0,19.2205
empty_tensor,,,1.571,1.571,0,0,0,0
aclnnMatmul,,,2.346,2.346,19.2205,19.2205,19.2205,19.2205
npu::npu_swiglu,,,10.613,14.297,0,2.88,0,0
empty_tensor,,,1.112,1.112,0,0,0,0
aclnnSwiGlu,,,2.572,2.572,2.88,2.88,0,0
vllm::unquantized_gemm,,,3.587,12.168,0,16.541,0,16.541
aten::linear,,,0.696,8.581,0,16.541,0,16.541
aten::t,,,0.782,1.847,0,0,0,0
aten::transpose,,,0.416,1.065,0,0,0,0
aten::as_strided,,,0.649,0.649,0,0,0,0
aten::matmul,,,2.499,6.038,0,16.541,0,16.541
empty_tensor,,,1.016,1.016,0,0,0,0
aclnnMatmul,,,2.523,2.523,16.541,16.541,16.541,16.541
vllm::maybe_chunk_residual,,,3.819,3.819,0,0,0,0
_C_ascend::npu_add_rms_norm_bias,,,7.813,16.25,0,1.7,0,0
aten::empty,,,0.403,1.56,0,0,0,0
empty_tensor,,,1.157,1.157,0,0,0,0
aten::empty,,,0.231,1.599,0,0,0,0
empty_tensor,,,1.368,1.368,0,0,0,0
aten::empty,,,0.361,1.0,0,0,0,0
empty_tensor,,,0.639,0.639,0,0,0,0
aten::empty,,,0.365,2.101,0,0,0,0
empty_tensor,,,1.736,1.736,0,0,0,0
aclnnAddRmsNormBias,,,2.177,2.177,1.7,1.7,0,0
vllm::unquantized_gemm,,,4.512,19.974,0,8.46,0,7.34
aten::linear,,,1.214,15.462,0,8.46,0,7.34
aten::t,,,0.596,1.659,0,0,0,0
aten::transpose,,,0.348,1.063,0,0,0,0
aten::as_strided,,,0.715,0.715,0,0,0,0
aten::addmm,,,6.08,12.589,0,8.46,0,7.34
empty_tensor,,,1.829,1.829,0,0,0,0
aclnnAddmm,,,4.68,4.68,8.46,8.46,7.34,7.34
aten::split_with_sizes,,,1.447,2.658,0,0,0,0
aten::as_strided,,,0.613,0.613,0,0,0,0
aten::as_strided,,,0.262,0.262,0,0,0,0
aten::as_strided,,,0.336,0.336,0,0,0,0
vllm::npu_rotary_embedding,,,203.684,210.171,0,2.98,0,0
aten::view,,,1.046,1.046,0,0,0,0
aten::view,,,0.497,0.497,0,0,0,0
_triton_rope,,,3.171,3.171,2.98,2.98,0,0
aten::view,,,1.152,1.152,0,0,0,0
aten::view,,,0.621,0.621,0,0,0,0
aten::empty,,,0.706,2.973,0,0,0,0
empty_tensor,,,2.267,2.267,0,0,0,0
aten::view,,,0.64,0.64,0,0,0,0
aten::view,,,0.478,0.478,0,0,0,0
aten::view,,,0.487,0.487,0,0,0,0
aten::view,,,0.429,0.429,0,0,0,0
vllm::unified_attention_with_output,,,94.267,802.865,0,23.901,0,0
P12/B/0253/attention,,,298.888,708.598,0,23.901,0,0
aten::slice,,,1.154,2.336,0,0,0,0
aten::as_strided,,,1.182,1.182,0,0,0,0
aten::slice,,,0.429,0.682,0,0,0,0
aten::as_strided,,,0.253,0.253,0,0,0,0
aten::slice,,,2.105,2.723,0,0,0,0
aten::as_strided,,,0.618,0.618,0,0,0,0
P12/B/0254/cache_write,,,92.335,112.923,0,1.82,0,0
atb::_npu_reshape_and_cache,,,17.272,20.588,0,1.82,0,0
ReshapeCacheOperation,,,3.316,3.316,1.82,1.82,0,0
P12/B/0255/fia,,,195.039,276.666,0,22.081,0,0
aten::view,,,3.319,3.319,0,0,0,0
aten::view,,,1.185,1.185,0,0,0,0
aten::slice,,,0.758,1.752,0,0,0,0
aten::as_strided,,,0.994,0.994,0,0,0,0
npu::npu_fused_infer_attention_score,,,39.674,49.247,0,21.521,0,0
empty_tensor,,,4.106,4.106,0,0,0,0
empty_tensor,,,1.05,1.05,0,0,0,0
empty_tensor,,,0.776,0.776,0,0,0,0
empty_tensor,,,0.743,0.743,0,0,0,0
aclnnFusedInferAttentionScoreV3,,,2.898,2.898,21.521,21.521,0,0
aten::view,,,1.116,1.116,0,0,0,0
aten::slice,,,0.46,1.22,0,0,0,0
aten::as_strided,,,0.76,0.76,0,0,0,0
aten::copy_,,,21.395,23.788,0,0.56,0,0
aclnnInplaceCopy,,,2.393,2.393,0.56,0.56,0,0
aten::slice,,,0.492,1.342,0,0,0,0
aten::as_strided,,,0.85,0.85,0,0,0,0
aten::copy_,,,10.405,13.038,0,0,0,0
aclnnInplaceCopy,,,2.633,2.633,0,0,0,0
aten::view,,,1.193,1.193,0,0,0,0
vllm::unquantized_gemm,,,6.797,24.895,0,5.82,0,5.82
aten::linear,,,1.637,18.098,0,5.82,0,5.82
aten::t,,,1.783,4.068,0,0,0,0
aten::transpose,,,1.094,2.285,0,0,0,0
aten::as_strided,,,1.191,1.191,0,0,0,0
aten::matmul,,,6.917,12.393,0,5.82,0,5.82
empty_tensor,,,2.806,2.806,0,0,0,0
aclnnMatmul,,,2.67,2.67,5.82,5.82,5.82,5.82
vllm::maybe_chunk_residual,,,5.106,5.106,0,0,0,0
_C_ascend::npu_add_rms_norm_bias,,,15.214,33.303,0,1.74,0,0
aten::empty,,,0.821,2.834,0,0,0,0
empty_tensor,,,2.013,2.013,0,0,0,0
aten::empty,,,0.315,4.139,0,0,0,0
empty_tensor,,,3.824,3.824,0,0,0,0
aten::empty,,,0.373,1.796,0,0,0,0
empty_tensor,,,1.423,1.423,0,0,0,0
aten::empty,,,0.49,2.612,0,0,0,0
empty_tensor,,,2.122,2.122,0,0,0,0
aclnnAddRmsNormBias,,,6.708,6.708,1.74,1.74,0,0
vllm::unquantized_gemm,,,4.139,17.924,0,19.381,0,19.381
aten::linear,,,0.727,13.785,0,19.381,0,19.381
aten::t,,,0.923,2.503,0,0,0,0
aten::transpose,,,0.63,1.58,0,0,0,0
aten::as_strided,,,0.95,0.95,0,0,0,0
aten::matmul,,,3.886,10.555,0,19.381,0,19.381
empty_tensor,,,1.416,1.416,0,0,0,0
aclnnMatmul,,,5.253,5.253,19.381,19.381,19.381,19.381
npu::npu_swiglu,,,10.843,14.653,0,3.02,0,0
empty_tensor,,,1.41,1.41,0,0,0,0
aclnnSwiGlu,,,2.4,2.4,3.02,3.02,0,0
vllm::unquantized_gemm,,,3.393,12.388,0,16.761,0,16.761
aten::linear,,,0.743,8.995,0,16.761,0,16.761
aten::t,,,0.852,1.852,0,0,0,0
aten::transpose,,,0.387,1.0,0,0,0,0
aten::as_strided,,,0.613,0.613,0,0,0,0
aten::matmul,,,2.647,6.4,0,16.761,0,16.761
empty_tensor,,,1.439,1.439,0,0,0,0
aclnnMatmul,,,2.314,2.314,16.761,16.761,16.761,16.761
vllm::maybe_chunk_residual,,,4.175,4.175,0,0,0,0
_C_ascend::npu_add_rms_norm_bias,,,9.473,19.102,0,2.14,0,0
aten::empty,,,0.389,1.62,0,0,0,0
empty_tensor,,,1.231,1.231,0,0,0,0
aten::empty,,,0.245,1.423,0,0,0,0
empty_tensor,,,1.178,1.178,0,0,0,0
aten::empty,,,0.453,1.555,0,0,0,0
empty_tensor,,,1.102,1.102,0,0,0,0
aten::empty,,,0.902,2.365,0,0,0,0
empty_tensor,,,1.463,1.463,0,0,0,0
aclnnAddRmsNormBias,,,2.666,2.666,2.14,2.14,0,0
vllm::unquantized_gemm,,,4.35,16.924,0,9.04,0,7.92
aten::linear,,,1.402,12.574,0,9.04,0,7.92
aten::t,,,0.713,1.79,0,0,0,0
aten::transpose,,,0.399,1.077,0,0,0,0
aten::as_strided,,,0.678,0.678,0,0,0,0
aten::addmm,,,5.832,9.382,0,9.04,0,7.92
empty_tensor,,,1.111,1.111,0,0,0,0
aclnnAddmm,,,2.439,2.439,9.04,9.04,7.92,7.92
aten::split_with_sizes,,,1.454,2.643,0,0,0,0
aten::as_strided,,,0.602,0.602,0,0,0,0
aten::as_strided,,,0.325,0.325,0,0,0,0
aten::as_strided,,,0.262,0.262,0,0,0,0
vllm::npu_rotary_embedding,,,201.648,209.989,0,2.86,0,0
aten::view,,,0.871,0.871,0,0,0,0
aten::view,,,0.537,0.537,0,0,0,0
_triton_rope,,,5.002,5.002,2.86,2.86,0,0
aten::view,,,1.24,1.24,0,0,0,0
aten::view,,,0.691,0.691,0,0,0,0
aten::empty,,,0.802,3.077,0,0,0,0
empty_tensor,,,2.275,2.275,0,0,0,0
aten::view,,,0.662,0.662,0,0,0,0
aten::view,,,0.702,0.702,0,0,0,0
aten::view,,,0.648,0.648,0,0,0,0
aten::view,,,0.577,0.577,0,0,0,0
vllm::unified_attention_with_output,,,95.005,834.29,0,25.241,0,0
P12/B/0256/attention,,,311.4,739.285,0,25.241,0,0
aten::slice,,,1.259,2.799,0,0,0,0
aten::as_strided,,,1.54,1.54,0,0,0,0
aten::slice,,,0.532,0.869,0,0,0,0
aten::as_strided,,,0.337,0.337,0,0,0,0
aten::slice,,,2.049,2.747,0,0,0,0
aten::as_strided,,,0.698,0.698,0,0,0,0
P12/B/0257/cache_write,,,102.425,125.934,0,1.54,0,0
atb::_npu_reshape_and_cache,,,20.185,23.509,0,1.54,0,0
ReshapeCacheOperation,,,3.324,3.324,1.54,1.54,0,0
P12/B/0258/fia,,,194.786,280.387,0,23.700999999999997,0,0
aten::view,,,2.813,2.813,0,0,0,0
aten::view,,,0.97,0.97,0,0,0,0
aten::slice,,,0.742,1.834,0,0,0,0
aten::as_strided,,,1.092,1.092,0,0,0,0
npu::npu_fused_infer_attention_score,,,40.257,53.361,0,23.121,0,0
empty_tensor,,,4.215,4.215,0,0,0,0
empty_tensor,,,1.042,1.042,0,0,0,0
empty_tensor,,,0.77,0.77,0,0,0,0
empty_tensor,,,0.772,0.772,0,0,0,0
aclnnFusedInferAttentionScoreV3,,,6.305,6.305,23.121,23.121,0,0
aten::view,,,1.079,1.079,0,0,0,0
aten::slice,,,0.526,1.474,0,0,0,0
aten::as_strided,,,0.948,0.948,0,0,0,0
aten::copy_,,,21.4,24.07,0,0.58,0,0
aclnnInplaceCopy,,,2.67,2.67,0.58,0.58,0,0
aten::slice,,,0.548,1.451,0,0,0,0
aten::as_strided,,,0.903,0.903,0,0,0,0
aten::copy_,,,11.101,13.698,0,0,0,0
aclnnInplaceCopy,,,2.597,2.597,0,0,0,0
aten::view,,,1.206,1.206,0,0,0,0
vllm::unquantized_gemm,,,6.656,25.542,0,5.9805,0,5.9805
aten::linear,,,1.758,18.886,0,5.9805,0,5.9805
aten::t,,,1.827,4.72,0,0,0,0
aten::transpose,,,1.804,2.893,0,0,0,0
aten::as_strided,,,1.089,1.089,0,0,0,0
aten::matmul,,,6.684,12.408,0,5.9805,0,5.9805
empty_tensor,,,3.224,3.224,0,0,0,0
aclnnMatmul,,,2.5,2.5,5.9805,5.9805,5.9805,5.9805
vllm::maybe_chunk_residual,,,5.042,5.042,0,0,0,0
_C_ascend::npu_add_rms_norm_bias,,,14.176,24.838,0,1.7005,0,0
aten::empty,,,0.955,2.851,0,0,0,0
empty_tensor,,,1.896,1.896,0,0,0,0
aten::empty,,,0.207,1.195,0,0,0,0
empty_tensor,,,0.988,0.988,0,0,0,0
aten::empty,,,0.226,1.344,0,0,0,0
empty_tensor,,,1.118,1.118,0,0,0,0
aten::empty,,,0.453,2.348,0,0,0,0
empty_tensor,,,1.895,1.895,0,0,0,0
aclnnAddRmsNormBias,,,2.924,2.924,1.7005,1.7005,0,0
vllm::unquantized_gemm,,,3.851,14.222,0,19.0605,0,19.0605
aten::linear,,,0.748,10.371,0,19.0605,0,19.0605
aten::t,,,0.858,2.16,0,0,0,0
aten::transpose,,,0.421,1.302,0,0,0,0
aten::as_strided,,,0.881,0.881,0,0,0,0
aten::matmul,,,3.706,7.463,0,19.0605,0,19.0605
empty_tensor,,,1.198,1.198,0,0,0,0
aclnnMatmul,,,2.559,2.559,19.0605,19.0605,19.0605,19.0605
npu::npu_swiglu,,,10.617,14.187,0,3.9805,0,0
empty_tensor,,,1.265,1.265,0,0,0,0
aclnnSwiGlu,,,2.305,2.305,3.9805,3.9805,0,0
vllm::unquantized_gemm,,,3.429,12.529,0,16.501,0,16.501
aten::linear,,,0.587,9.1,0,16.501,0,16.501
aten::t,,,1.062,2.267,0,0,0,0
aten::transpose,,,0.456,1.205,0,0,0,0
aten::as_strided,,,0.749,0.749,0,0,0,0
aten::matmul,,,2.376,6.246,0,16.501,0,16.501
empty_tensor,,,1.347,1.347,0,0,0,0
aclnnMatmul,,,2.523,2.523,16.501,16.501,16.501,16.501
vllm::maybe_chunk_residual,,,3.799,3.799,0,0,0,0
_C_ascend::npu_add_rms_norm_bias,,,9.207,24.115,0,1.76,0,0
aten::empty,,,0.341,1.343,0,0,0,0
empty_tensor,,,1.002,1.002,0,0,0,0
aten::empty,,,0.259,1.304,0,0,0,0
empty_tensor,,,1.045,1.045,0,0,0,0
aten::empty,,,0.387,1.209,0,0,0,0
empty_tensor,,,0.822,0.822,0,0,0,0
aten::empty,,,0.274,1.925,0,0,0,0
empty_tensor,,,1.651,1.651,0,0,0,0
aclnnAddRmsNormBias,,,9.127,9.127,1.76,1.76,0,0
vllm::unquantized_gemm,,,4.31,18.705,0,8.840499999999999,0,7.3805
aten::linear,,,1.133,14.395,0,8.840499999999999,0,7.3805
aten::t,,,0.962,2.077,0,0,0,0
aten::transpose,,,0.361,1.115,0,0,0,0
aten::as_strided,,,0.754,0.754,0,0,0,0
aten::addmm,,,6.0,11.185,0,8.840499999999999,0,7.3805
empty_tensor,,,1.498,1.498,0,0,0,0
aclnnAddmm,,,3.687,3.687,8.840499999999999,8.840499999999999,7.3805,7.3805
aten::split_with_sizes,,,1.576,2.927,0,0,0,0
aten::as_strided,,,0.642,0.642,0,0,0,0
aten::as_strided,,,0.32,0.32,0,0,0,0
aten::as_strided,,,0.389,0.389,0,0,0,0
vllm::npu_rotary_embedding,,,210.148,218.002,0,3.16,0,0
aten::view,,,1.26,1.26,0,0,0,0
aten::view,,,0.625,0.625,0,0,0,0
_triton_rope,,,4.071,4.071,3.16,3.16,0,0
aten::view,,,1.197,1.197,0,0,0,0
aten::view,,,0.701,0.701,0,0,0,0
aten::empty,,,0.679,3.607,0,0,0,0
empty_tensor,,,2.928,2.928,0,0,0,0
aten::view,,,0.898,0.898,0,0,0,0
aten::view,,,0.449,0.449,0,0,0,0
aten::view,,,0.443,0.443,0,0,0,0
aten::view,,,0.606,0.606,0,0,0,0
vllm::unified_attention_with_output,,,99.46,853.56,0,22.301000000000002,0,0
P12/B/0259/attention,,,329.599,754.1,0,22.301000000000002,0,0
aten::slice,,,1.265,2.771,0,0,0,0
aten::as_strided,,,1.506,1.506,0,0,0,0
aten::slice,,,0.288,0.658,0,0,0,0
aten::as_strided,,,0.37,0.37,0,0,0,0
aten::slice,,,2.201,3.08,0,0,0,0
aten::as_strided,,,0.879,0.879,0,0,0,0
P12/B/0260/cache_write,,,100.811,122.251,0,1.86,0,0
atb::_npu_reshape_and_cache,,,16.087,21.44,0,1.86,0,0
ReshapeCacheOperation,,,5.353,5.353,1.86,1.86,0,0
P12/B/0261/fia,,,200.964,281.438,0,20.441,0,0
aten::view,,,2.887,2.887,0,0,0,0
aten::view,,,1.009,1.009,0,0,0,0
aten::slice,,,0.67,1.772,0,0,0,0
aten::as_strided,,,1.102,1.102,0,0,0,0
npu::npu_fused_infer_attention_score,,,38.735,49.414,0,19.881,0,0
empty_tensor,,,4.0,4.0,0,0,0,0
empty_tensor,,,1.37,1.37,0,0,0,0
empty_tensor,,,0.984,0.984,0,0,0,0
empty_tensor,,,1.328,1.328,0,0,0,0
aclnnFusedInferAttentionScoreV3,,,2.997,2.997,19.881,19.881,0,0
aten::view,,,1.104,1.104,0,0,0,0
aten::slice,,,0.454,1.241,0,0,0,0
aten::as_strided,,,0.787,0.787,0,0,0,0
aten::copy_,,,21.277,23.047,0,0.56,0,0
aclnnInplaceCopy,,,1.77,1.77,0.56,0.56,0,0
aten::slice,,,0.6,1.512,0,0,0,0
aten::as_strided,,,0.912,0.912,0,0,0,0
aten::copy_,,,10.69,12.791,0,0,0,0
aclnnInplaceCopy,,,2.101,2.101,0,0,0,0
aten::view,,,1.312,1.312,0,0,0,0
vllm::unquantized_gemm,,,6.966,30.325,0,5.64,0,5.64
aten::linear,,,1.639,23.359,0,5.64,0,5.64
aten::t,,,2.012,4.362,0,0,0,0
aten::transpose,,,1.066,2.35,0,0,0,0
aten::as_strided,,,1.284,1.284,0,0,0,0
aten::matmul,,,6.922,17.358,0,5.64,0,5.64
empty_tensor,,,3.015,3.015,0,0,0,0
aclnnMatmul,,,7.421,7.421,5.64,5.64,5.64,5.64
vllm::maybe_chunk_residual,,,5.248,5.248,0,0,0,0
_C_ascend::npu_add_rms_norm_bias,,,14.854,26.536,0,1.8,0,0
aten::empty,,,0.96,3.086,0,0,0,0
empty_tensor,,,2.126,2.126,0,0,0,0
aten::empty,,,0.357,1.678,0,0,0,0
empty_tensor,,,1.321,1.321,0,0,0,0
aten::empty,,,0.372,1.748,0,0,0,0
empty_tensor,,,1.376,1.376,0,0,0,0
aten::empty,,,0.509,2.304,0,0,0,0
empty_tensor,,,1.795,1.795,0,0,0,0
aclnnAddRmsNormBias,,,2.866,2.866,1.8,1.8,0,0
vllm::unquantized_gemm,,,4.108,17.293,0,19.2005,0,19.2005
aten::linear,,,0.834,13.185,0,19.2005,0,19.2005
aten::t,,,0.839,2.361,0,0,0,0
aten::transpose,,,0.527,1.522,0,0,0,0
aten::as_strided,,,0.995,0.995,0,0,0,0
aten::matmul,,,3.608,9.99,0,19.2005,0,19.2005
empty_tensor,,,3.882,3.882,0,0,0,0
aclnnMatmul,,,2.5,2.5,19.2005,19.2005,19.2005,19.2005
npu::npu_swiglu,,,10.403,14.05,0,3.02,0,0
empty_tensor,,,1.263,1.263,0,0,0,0
aclnnSwiGlu,,,2.384,2.384,3.02,3.02,0,0
vllm::unquantized_gemm,,,3.529,11.94,0,16.5405,0,16.5405
aten::linear,,,0.655,8.411,0,16.5405,0,16.5405
aten::t,,,0.563,1.645,0,0,0,0
aten::transpose,,,0.359,1.082,0,0,0,0
aten::as_strided,,,0.723,0.723,0,0,0,0
aten::matmul,,,2.508,6.111,0,16.5405,0,16.5405
empty_tensor,,,1.237,1.237,0,0,0,0
aclnnMatmul,,,2.366,2.366,16.5405,16.5405,16.5405,16.5405
vllm::maybe_chunk_residual,,,4.103,4.103,0,0,0,0
_C_ascend::npu_add_rms_norm_bias,,,8.43,16.905,0,1.64,0,0
aten::empty,,,0.35,1.517,0,0,0,0
empty_tensor,,,1.167,1.167,0,0,0,0
aten::empty,,,0.338,1.378,0,0,0,0
empty_tensor,,,1.04,1.04,0,0,0,0
aten::empty,,,0.295,1.497,0,0,0,0
empty_tensor,,,1.202,1.202,0,0,0,0
aten::empty,,,0.296,1.651,0,0,0,0
empty_tensor,,,1.355,1.355,0,0,0,0
aclnnAddRmsNormBias,,,2.432,2.432,1.64,1.64,0,0
vllm::unquantized_gemm,,,4.04,17.087,0,9.2005,0,8.1005
aten::linear,,,1.142,13.047,0,9.2005,0,8.1005
aten::t,,,0.575,1.733,0,0,0,0
aten::transpose,,,0.45,1.158,0,0,0,0
aten::as_strided,,,0.708,0.708,0,0,0,0
aten::addmm,,,5.991,10.172,0,9.2005,0,8.1005
empty_tensor,,,1.341,1.341,0,0,0,0
aclnnAddmm,,,2.84,2.84,9.2005,9.2005,8.1005,8.1005
aten::split_with_sizes,,,1.511,2.939,0,0,0,0
aten::as_strided,,,0.614,0.614,0,0,0,0
aten::as_strided,,,0.434,0.434,0,0,0,0
aten::as_strided,,,0.38,0.38,0,0,0,0
vllm::npu_rotary_embedding,,,203.022,212.878,0,2.92,0,0
aten::view,,,1.077,1.077,0,0,0,0
aten::view,,,0.442,0.442,0,0,0,0
_triton_rope,,,6.407,6.407,2.92,2.92,0,0
aten::view,,,1.259,1.259,0,0,0,0
aten::view,,,0.671,0.671,0,0,0,0
aten::empty,,,0.572,2.819,0,0,0,0
empty_tensor,,,2.247,2.247,0,0,0,0
aten::view,,,0.765,0.765,0,0,0,0
aten::view,,,0.469,0.469,0,0,0,0
aten::view,,,0.442,0.442,0,0,0,0
aten::view,,,0.436,0.436,0,0,0,0
vllm::unified_attention_with_output,,,97.721,819.75,0,23.141000000000002,0,0
P12/B/0262/attention,,,301.257,722.029,0,23.141000000000002,0,0
aten::slice,,,0.999,2.199,0,0,0,0
aten::as_strided,,,1.2,1.2,0,0,0,0
aten::slice,,,0.37,0.715,0,0,0,0
aten::as_strided,,,0.345,0.345,0,0,0,0
aten::slice,,,2.07,2.77,0,0,0,0
aten::as_strided,,,0.7,0.7,0,0,0,0
P12/B/0263/cache_write,,,90.224,110.474,0,1.56,0,0
atb::_npu_reshape_and_cache,,,17.138,20.25,0,1.56,0,0
ReshapeCacheOperation,,,3.112,3.112,1.56,1.56,0,0
P12/B/0264/fia,,,204.773,289.869,0,21.581,0,0
aten::view,,,2.768,2.768,0,0,0,0
aten::view,,,1.781,1.781,0,0,0,0
aten::slice,,,0.792,1.836,0,0,0,0
aten::as_strided,,,1.044,1.044,0,0,0,0
npu::npu_fused_infer_attention_score,,,40.617,52.465,0,21.001,0,0
empty_tensor,,,4.266,4.266,0,0,0,0
empty_tensor,,,1.115,1.115,0,0,0,0
empty_tensor,,,0.764,0.764,0,0,0,0
empty_tensor,,,0.732,0.732,0,0,0,0
aclnnFusedInferAttentionScoreV3,,,4.971,4.971,21.001,21.001,0,0
aten::view,,,1.041,1.041,0,0,0,0
aten::slice,,,0.478,1.167,0,0,0,0
aten::as_strided,,,0.689,0.689,0,0,0,0
aten::copy_,,,21.651,24.038,0,0.58,0,0
aclnnInplaceCopy,,,2.387,2.387,0.58,0.58,0,0
aten::slice,,,0.722,1.572,0,0,0,0
aten::as_strided,,,0.85,0.85,0,0,0,0
aten::copy_,,,10.428,13.173,0,0,0,0
aclnnInplaceCopy,,,2.745,2.745,0,0,0,0
aten::view,,,1.108,1.108,0,0,0,0
vllm::unquantized_gemm,,,6.802,25.057,0,5.8805,0,5.8805
aten::linear,,,1.648,18.255,0,5.8805,0,5.8805
aten::t,,,1.856,4.09,0,0,0,0
aten::transpose,,,1.151,2.234,0,0,0,0
aten::as_strided,,,1.083,1.083,0,0,0,0
aten::matmul,,,6.829,12.517,0,5.8805,0,5.8805
empty_tensor,,,2.876,2.876,0,0,0,0
aclnnMatmul,,,2.812,2.812,5.8805,5.8805,5.8805,5.8805
vllm::maybe_chunk_residual,,,5.311,5.311,0,0,0,0
_C_ascend::npu_add_rms_norm_bias,,,14.69,29.396,0,1.74,0,0
aten::empty,,,0.908,3.215,0,0,0,0
empty_tensor,,,2.307,2.307,0,0,0,0
aten::empty,,,0.411,1.739,0,0,0,0
empty_tensor,,,1.328,1.328,0,0,0,0
aten::empty,,,0.397,3.9,0,0,0,0
empty_tensor,,,3.503,3.503,0,0,0,0
aten::empty,,,0.463,2.919,0,0,0,0
empty_tensor,,,2.456,2.456,0,0,0,0
aclnnAddRmsNormBias,,,2.933,2.933,1.74,1.74,0,0
vllm::unquantized_gemm,,,3.923,14.782,0,19.3205,0,19.3205
aten::linear,,,0.952,10.859,0,19.3205,0,19.3205
aten::t,,,0.951,2.369,0,0,0,0
aten::transpose,,,0.457,1.418,0,0,0,0
aten::as_strided,,,0.961,0.961,0,0,0,0
aten::matmul,,,3.789,7.538,0,19.3205,0,19.3205
empty_tensor,,,1.123,1.123,0,0,0,0
aclnnMatmul,,,2.626,2.626,19.3205,19.3205,19.3205,19.3205
npu::npu_swiglu,,,10.997,14.953,0,3.18,0,0
empty_tensor,,,1.528,1.528,0,0,0,0
aclnnSwiGlu,,,2.428,2.428,3.18,3.18,0,0
vllm::unquantized_gemm,,,3.395,18.87,0,16.6805,0,16.6805
aten::linear,,,0.786,15.475,0,16.6805,0,16.6805
aten::t,,,0.554,1.554,0,0,0,0
aten::transpose,,,0.35,1.0,0,0,0,0
aten::as_strided,,,0.65,0.65,0,0,0,0
aten::matmul,,,2.67,13.135,0,16.6805,0,16.6805
empty_tensor,,,1.086,1.086,0,0,0,0
aclnnMatmul,,,9.379,9.379,16.6805,16.6805,16.6805,16.6805
vllm::maybe_chunk_residual,,,4.182,4.182,0,0,0,0
_C_ascend::npu_add_rms_norm_bias,,,9.091,18.183,0,1.76,0,0
aten::empty,,,0.41,1.697,0,0,0,0
empty_tensor,,,1.287,1.287,0,0,0,0
aten::empty,,,0.239,1.224,0,0,0,0
empty_tensor,,,0.985,0.985,0,0,0,0
aten::empty,,,0.195,1.492,0,0,0,0
empty_tensor,,,1.297,1.297,0,0,0,0
aten::empty,,,0.327,2.204,0,0,0,0
empty_tensor,,,1.877,1.877,0,0,0,0
aclnnAddRmsNormBias,,,2.475,2.475,1.76,1.76,0,0
vllm::unquantized_gemm,,,4.418,17.338,0,8.820500000000001,0,7.66
aten::linear,,,1.148,12.92,0,8.820500000000001,0,7.66
aten::t,,,0.537,1.575,0,0,0,0
aten::transpose,,,0.345,1.038,0,0,0,0
aten::as_strided,,,0.693,0.693,0,0,0,0
aten::addmm,,,6.066,10.197,0,8.820500000000001,0,7.66
empty_tensor,,,1.563,1.563,0,0,0,0
aclnnAddmm,,,2.568,2.568,8.820500000000001,8.820500000000001,7.66,7.66
aten::split_with_sizes,,,1.462,2.869,0,0,0,0
aten::as_strided,,,0.714,0.714,0,0,0,0
aten::as_strided,,,0.27,0.27,0,0,0,0
aten::as_strided,,,0.423,0.423,0,0,0,0
vllm::npu_rotary_embedding,,,199.945,207.028,0,3.32,0,0
aten::view,,,1.13,1.13,0,0,0,0
aten::view,,,0.489,0.489,0,0,0,0
_triton_rope,,,3.707,3.707,3.32,3.32,0,0
aten::view,,,1.139,1.139,0,0,0,0
aten::view,,,0.618,0.618,0,0,0,0
aten::empty,,,0.575,2.997,0,0,0,0
empty_tensor,,,2.422,2.422,0,0,0,0
aten::view,,,0.899,0.899,0,0,0,0
aten::view,,,0.778,0.778,0,0,0,0
aten::view,,,0.777,0.777,0,0,0,0
aten::view,,,0.422,0.422,0,0,0,0
vllm::unified_attention_with_output,,,94.661,825.077,0,21.881,0,0
P12/B/0265/attention,,,304.836,730.416,0,21.881,0,0
aten::slice,,,0.96,2.123,0,0,0,0
aten::as_strided,,,1.163,1.163,0,0,0,0
aten::slice,,,0.552,1.946,0,0,0,0
aten::as_strided,,,1.394,1.394,0,0,0,0
aten::slice,,,2.24,3.191,0,0,0,0
aten::as_strided,,,0.951,0.951,0,0,0,0
P12/B/0266/cache_write,,,96.52,120.4,0,1.64,0,0
atb::_npu_reshape_and_cache,,,20.724,23.88,0,1.64,0,0
ReshapeCacheOperation,,,3.156,3.156,1.64,1.64,0,0
P12/B/0267/fia,,,195.299,277.484,0,20.241,0,0
aten::view,,,2.688,2.688,0,0,0,0
aten::view,,,0.976,0.976,0,0,0,0
aten::slice,,,0.742,1.805,0,0,0,0
aten::as_strided,,,1.063,1.063,0,0,0,0
npu::npu_fused_infer_attention_score,,,39.263,49.98,0,19.661,0,0
empty_tensor,,,3.981,3.981,0,0,0,0
empty_tensor,,,0.922,0.922,0,0,0,0
empty_tensor,,,0.715,0.715,0,0,0,0
empty_tensor,,,0.754,0.754,0,0,0,0
aclnnFusedInferAttentionScoreV3,,,4.345,4.345,19.661,19.661,0,0
aten::view,,,0.985,0.985,0,0,0,0
aten::slice,,,0.604,1.568,0,0,0,0
aten::as_strided,,,0.964,0.964,0,0,0,0
aten::copy_,,,21.81,24.183,0,0.58,0,0
aclnnInplaceCopy,,,2.373,2.373,0.58,0.58,0,0
aten::slice,,,0.547,1.358,0,0,0,0
aten::as_strided,,,0.811,0.811,0,0,0,0
aten::copy_,,,10.26,19.078,0,0,0,0
aclnnInplaceCopy,,,8.818,8.818,0,0,0,0
aten::view,,,1.093,1.093,0,0,0,0
vllm::unquantized_gemm,,,6.899,25.846,0,5.6,0,5.6
aten::linear,,,1.54,18.947,0,5.6,0,5.6
aten::t,,,2.663,4.974,0,0,0,0
aten::transpose,,,1.116,2.311,0,0,0,0
aten::as_strided,,,1.195,1.195,0,0,0,0
aten::matmul,,,6.932,12.433,0,5.6,0,5.6
empty_tensor,,,2.883,2.883,0,0,0,0
aclnnMatmul,,,2.618,2.618,5.6,5.6,5.6,5.6
vllm::maybe_chunk_residual,,,5.095,5.095,0,0,0,0
_C_ascend::npu_add_rms_norm_bias,,,14.62,26.047,0,1.64,0,0
aten::empty,,,0.875,2.912,0,0,0,0
empty_tensor,,,2.037,2.037,0,0,0,0
aten::empty,,,0.394,1.756,0,0,0,0
empty_tensor,,,1.362,1.362,0,0,0,0
aten::empty,,,0.427,1.31,0,0,0,0
empty_tensor,,,0.883,0.883,0,0,0,0
aten::empty,,,0.533,2.476,0,0,0,0
empty_tensor,,,1.943,1.943,0,0,0,0
aclnnAddRmsNormBias,,,2.973,2.973,1.64,1.64,0,0
vllm::unquantized_gemm,,,4.081,17.143,0,18.881,0,18.881
aten::linear,,,0.826,13.062,0,18.881,0,18.881
aten::t,,,0.882,2.232,0,0,0,0
aten::transpose,,,0.485,1.35,0,0,0,0
aten::as_strided,,,0.865,0.865,0,0,0,0
aten::matmul,,,3.949,10.004,0,18.881,0,18.881
empty_tensor,,,1.542,1.542,0,0,0,0
aclnnMatmul,,,4.513,4.513,18.881,18.881,18.881,18.881
npu::npu_swiglu,,,10.692,14.082,0,2.98,0,0
empty_tensor,,,1.075,1.075,0,0,0,0
aclnnSwiGlu,,,2.315,2.315,2.98,2.98,0,0
vllm::unquantized_gemm,,,3.798,12.732,0,16.6405,0,16.6405
aten::linear,,,0.719,8.934,0,16.6405,0,16.6405
aten::t,,,0.806,2.159,0,0,0,0
aten::transpose,,,0.572,1.353,0,0,0,0
aten::as_strided,,,0.781,0.781,0,0,0,0
aten::matmul,,,2.397,6.056,0,16.6405,0,16.6405
empty_tensor,,,1.315,1.315,0,0,0,0
aclnnMatmul,,,2.344,2.344,16.6405,16.6405,16.6405,16.6405
vllm::maybe_chunk_residual,,,4.089,4.089,0,0,0,0
_C_ascend::npu_add_rms_norm_bias,,,9.63,18.163,0,1.64,0,0
aten::empty,,,0.557,1.685,0,0,0,0
empty_tensor,,,1.128,1.128,0,0,0,0
aten::empty,,,0.24,1.082,0,0,0,0
empty_tensor,,,0.842,0.842,0,0,0,0
aten::empty,,,0.331,1.568,0,0,0,0
empty_tensor,,,1.237,1.237,0,0,0,0
aten::empty,,,0.302,1.53,0,0,0,0
empty_tensor,,,1.228,1.228,0,0,0,0
aclnnAddRmsNormBias,,,2.668,2.668,1.64,1.64,0,0
vllm::unquantized_gemm,,,4.715,17.262,0,8.4205,0,7.2605
aten::linear,,,1.138,12.547,0,8.4205,0,7.2605
aten::t,,,0.721,1.759,0,0,0,0
aten::transpose,,,0.359,1.038,0,0,0,0
aten::as_strided,,,0.679,0.679,0,0,0,0
aten::addmm,,,5.968,9.65,0,8.4205,0,7.2605
empty_tensor,,,1.193,1.193,0,0,0,0
aclnnAddmm,,,2.489,2.489,8.4205,8.4205,7.2605,7.2605
aten::split_with_sizes,,,1.399,2.803,0,0,0,0
aten::as_strided,,,0.695,0.695,0,0,0,0
aten::as_strided,,,0.32,0.32,0,0,0,0
aten::as_strided,,,0.389,0.389,0,0,0,0
vllm::npu_rotary_embedding,,,200.718,213.877,0,2.88,0,0
aten::view,,,1.02,1.02,0,0,0,0
aten::view,,,0.472,0.472,0,0,0,0
_triton_rope,,,9.746,9.746,2.88,2.88,0,0
aten::view,,,1.301,1.301,0,0,0,0
aten::view,,,0.62,0.62,0,0,0,0
aten::empty,,,0.596,2.803,0,0,0,0
empty_tensor,,,2.207,2.207,0,0,0,0
aten::view,,,1.469,1.469,0,0,0,0
aten::view,,,0.517,0.517,0,0,0,0
aten::view,,,0.587,0.587,0,0,0,0
aten::view,,,0.539,0.539,0,0,0,0
vllm::unified_attention_with_output,,,93.486,824.225,0,22.181,0,0
P12/B/0268/attention,,,311.904,730.739,0,22.181,0,0
aten::slice,,,1.366,2.622,0,0,0,0
aten::as_strided,,,1.256,1.256,0,0,0,0
aten::slice,,,0.503,0.817,0,0,0,0
aten::as_strided,,,0.314,0.314,0,0,0,0
aten::slice,,,2.125,3.133,0,0,0,0
aten::as_strided,,,1.008,1.008,0,0,0,0
P12/B/0269/cache_write,,,97.252,117.769,0,1.58,0,0
atb::_npu_reshape_and_cache,,,17.255,20.517,0,1.58,0,0
ReshapeCacheOperation,,,3.262,3.262,1.58,1.58,0,0
P12/B/0270/fia,,,196.614,279.742,0,20.601,0,0
aten::view,,,2.81,2.81,0,0,0,0
aten::view,,,0.948,0.948,0,0,0,0
aten::slice,,,0.782,1.887,0,0,0,0
aten::as_strided,,,1.105,1.105,0,0,0,0
npu::npu_fused_infer_attention_score,,,41.538,51.687,0,20.021,0,0
empty_tensor,,,4.228,4.228,0,0,0,0
empty_tensor,,,1.115,1.115,0,0,0,0
empty_tensor,,,0.718,0.718,0,0,0,0
empty_tensor,,,1.095,1.095,0,0,0,0
aclnnFusedInferAttentionScoreV3,,,2.993,2.993,20.021,20.021,0,0
aten::view,,,1.067,1.067,0,0,0,0
aten::slice,,,0.519,1.276,0,0,0,0
aten::as_strided,,,0.757,0.757,0,0,0,0
aten::copy_,,,21.113,23.453,0,0.58,0,0
aclnnInplaceCopy,,,2.34,2.34,0.58,0.58,0,0
aten::slice,,,0.517,1.314,0,0,0,0
aten::as_strided,,,0.797,0.797,0,0,0,0
aten::copy_,,,10.879,13.438,0,0,0,0
aclnnInplaceCopy,,,2.559,2.559,0,0,0,0
aten::view,,,1.148,1.148,0,0,0,0
vllm::unquantized_gemm,,,6.774,24.223,0,5.7605,0,5.7605
aten::linear,,,1.501,17.449,0,5.7605,0,5.7605
aten::t,,,1.692,3.891,0,0,0,0
aten::transpose,,,0.989,2.199,0,0,0,0
aten::as_strided,,,1.21,1.21,0,0,0,0
aten::matmul,,,6.78,12.057,0,5.7605,0,5.7605
empty_tensor,,,2.872,2.872,0,0,0,0
aclnnMatmul,,,2.405,2.405,5.7605,5.7605,5.7605,5.7605
vllm::maybe_chunk_residual,,,4.825,4.825,0,0,0,0
_C_ascend::npu_add_rms_norm_bias,,,14.935,28.72,0,1.68,0,0
aten::empty,,,0.998,2.978,0,0,0,0
empty_tensor,,,1.98,1.98,0,0,0,0
aten::empty,,,0.392,1.503,0,0,0,0
empty_tensor,,,1.111,1.111,0,0,0,0
aten::empty,,,0.202,0.995,0,0,0,0
empty_tensor,,,0.793,0.793,0,0,0,0
aten::empty,,,0.336,2.304,0,0,0,0
empty_tensor,,,1.968,1.968,0,0,0,0
aclnnAddRmsNormBias,,,6.005,6.005,1.68,1.68,0,0
vllm::unquantized_gemm,,,4.055,14.203,0,19.401,0,19.401
aten::linear,,,0.709,10.148,0,19.401,0,19.401
aten::t,,,0.735,2.036,0,0,0,0
aten::transpose,,,0.409,1.301,0,0,0,0
aten::as_strided,,,0.892,0.892,0,0,0,0
aten::matmul,,,3.632,7.403,0,19.401,0,19.401
empty_tensor,,,1.375,1.375,0,0,0,0
aclnnMatmul,,,2.396,2.396,19.401,19.401,19.401,19.401
npu::npu_swiglu,,,10.785,15.502,0,3.1605,0,0
empty_tensor,,,2.199,2.199,0,0,0,0
aclnnSwiGlu,,,2.518,2.518,3.1605,3.1605,0,0
vllm::unquantized_gemm,,,3.601,12.513,0,16.7805,0,16.7805
aten::linear,,,0.66,8.912,0,16.7805,0,16.7805
aten::t,,,0.671,1.913,0,0,0,0
aten::transpose,,,0.592,1.242,0,0,0,0
aten::as_strided,,,0.65,0.65,0,0,0,0
aten::matmul,,,2.634,6.339,0,16.7805,0,16.7805
empty_tensor,,,1.449,1.449,0,0,0,0
aclnnMatmul,,,2.256,2.256,16.7805,16.7805,16.7805,16.7805
vllm::maybe_chunk_residual,,,4.095,4.095,0,0,0,0
_C_ascend::npu_add_rms_norm_bias,,,9.05,18.934,0,1.74,0,0
aten::empty,,,0.37,1.491,0,0,0,0
empty_tensor,,,1.121,1.121,0,0,0,0
aten::empty,,,0.224,1.287,0,0,0,0
empty_tensor,,,1.063,1.063,0,0,0,0
aten::empty,,,0.371,2.625,0,0,0,0
empty_tensor,,,2.254,2.254,0,0,0,0
aten::empty,,,0.285,2.105,0,0,0,0
empty_tensor,,,1.82,1.82,0,0,0,0
aclnnAddRmsNormBias,,,2.376,2.376,1.74,1.74,0,0
vllm::unquantized_gemm,,,4.257,17.025,0,9.0005,0,7.86
aten::linear,,,1.04,12.768,0,9.0005,0,7.86
aten::t,,,0.548,1.778,0,0,0,0
aten::transpose,,,0.431,1.23,0,0,0,0
aten::as_strided,,,0.799,0.799,0,0,0,0
aten::addmm,,,5.773,9.95,0,9.0005,0,7.86
empty_tensor,,,1.178,1.178,0,0,0,0
aclnnAddmm,,,2.999,2.999,9.0005,9.0005,7.86,7.86
aten::split_with_sizes,,,1.522,3.249,0,0,0,0
aten::as_strided,,,0.697,0.697,0,0,0,0
aten::as_strided,,,0.417,0.417,0,0,0,0
aten::as_strided,,,0.613,0.613,0,0,0,0
vllm::npu_rotary_embedding,,,200.759,208.225,0,2.82,0,0
aten::view,,,1.052,1.052,0,0,0,0
aten::view,,,0.48,0.48,0,0,0,0
_triton_rope,,,4.026,4.026,2.82,2.82,0,0
aten::view,,,1.249,1.249,0,0,0,0
aten::view,,,0.659,0.659,0,0,0,0
aten::empty,,,0.583,2.703,0,0,0,0
empty_tensor,,,2.12,2.12,0,0,0,0
aten::view,,,0.742,0.742,0,0,0,0
aten::view,,,0.585,0.585,0,0,0,0
aten::view,,,0.449,0.449,0,0,0,0
aten::view,,,0.424,0.424,0,0,0,0
vllm::unified_attention_with_output,,,104.263,854.598,0,22.4415,0,0
P12/B/0271/attention,,,318.466,750.335,0,22.4415,0,0
aten::slice,,,1.015,2.212,0,0,0,0
aten::as_strided,,,1.197,1.197,0,0,0,0
aten::slice,,,0.463,0.878,0,0,0,0
aten::as_strided,,,0.415,0.415,0,0,0,0
aten::slice,,,2.102,2.805,0,0,0,0
aten::as_strided,,,0.703,0.703,0,0,0,0
P12/B/0272/cache_write,,,102.625,122.644,0,1.5205,0,0
atb::_npu_reshape_and_cache,,,16.926,20.019,0,1.5205,0,0
ReshapeCacheOperation,,,3.093,3.093,1.5205,1.5205,0,0
P12/B/0273/fia,,,198.594,287.34,0,20.921,0,0
aten::view,,,2.885,2.885,0,0,0,0
aten::view,,,0.991,0.991,0,0,0,0
aten::slice,,,1.168,2.243,0,0,0,0
aten::as_strided,,,1.075,1.075,0,0,0,0
npu::npu_fused_infer_attention_score,,,37.734,47.4,0,20.341,0,0
empty_tensor,,,3.954,3.954,0,0,0,0
empty_tensor,,,1.187,1.187,0,0,0,0
empty_tensor,,,0.731,0.731,0,0,0,0
empty_tensor,,,0.676,0.676,0,0,0,0
aclnnFusedInferAttentionScoreV3,,,3.118,3.118,20.341,20.341,0,0
aten::view,,,1.042,1.042,0,0,0,0
aten::slice,,,0.543,1.302,0,0,0,0
aten::as_strided,,,0.759,0.759,0,0,0,0
aten::copy_,,,20.97,32.883,0,0.58,0,0
aclnnInplaceCopy,,,11.913,11.913,0.58,0.58,0,0
aten::slice,,,0.774,1.659,0,0,0,0
aten::as_strided,,,0.885,0.885,0,0,0,0
aten::copy_,,,11.674,14.331,0,0,0,0
aclnnInplaceCopy,,,2.657,2.657,0,0,0,0
aten::view,,,1.234,1.234,0,0,0,0
vllm::unquantized_gemm,,,6.752,24.77,0,5.86,0,5.86
aten::linear,,,1.628,18.018,0,5.86,0,5.86
aten::t,,,1.768,4.035,0,0,0,0
aten::transpose,,,1.062,2.267,0,0,0,0
aten::as_strided,,,1.205,1.205,0,0,0,0
aten::matmul,,,6.7,12.355,0,5.86,0,5.86
empty_tensor,,,3.003,3.003,0,0,0,0
aclnnMatmul,,,2.652,2.652,5.86,5.86,5.86,5.86
vllm::maybe_chunk_residual,,,5.177,5.177,0,0,0,0
_C_ascend::npu_add_rms_norm_bias,,,14.546,27.928,0,1.6605,0,0
aten::empty,,,0.849,3.045,0,0,0,0
empty_tensor,,,2.196,2.196,0,0,0,0
aten::empty,,,0.441,1.349,0,0,0,0
empty_tensor,,,0.908,0.908,0,0,0,0
aten::empty,,,0.345,1.385,0,0,0,0
empty_tensor,,,1.04,1.04,0,0,0,0
aten::empty,,,2.411,4.549,0,0,0,0
empty_tensor,,,2.138,2.138,0,0,0,0
aclnnAddRmsNormBias,,,3.054,3.054,1.6605,1.6605,0,0
vllm::unquantized_gemm,,,4.045,14.833,0,20.541,0,20.541
aten::linear,,,0.88,10.788,0,20.541,0,20.541
aten::t,,,0.856,2.238,0,0,0,0
aten::transpose,,,0.542,1.382,0,0,0,0
aten::as_strided,,,0.84,0.84,0,0,0,0
aten::matmul,,,3.654,7.67,0,20.541,0,20.541
empty_tensor,,,1.401,1.401,0,0,0,0
aclnnMatmul,,,2.615,2.615,20.541,20.541,20.541,20.541
npu::npu_swiglu,,,12.57,16.282,0,3.0205,0,0
empty_tensor,,,1.194,1.194,0,0,0,0
aclnnSwiGlu,,,2.518,2.518,3.0205,3.0205,0,0
vllm::unquantized_gemm,,,3.409,11.713,0,16.7405,0,16.7405
aten::linear,,,0.679,8.304,0,16.7405,0,16.7405
aten::t,,,0.572,1.583,0,0,0,0
aten::transpose,,,0.346,1.011,0,0,0,0
aten::as_strided,,,0.665,0.665,0,0,0,0
aten::matmul,,,2.438,6.042,0,16.7405,0,16.7405
empty_tensor,,,1.021,1.021,0,0,0,0
aclnnMatmul,,,2.583,2.583,16.7405,16.7405,16.7405,16.7405
vllm::maybe_chunk_residual,,,3.908,3.908,0,0,0,0
_C_ascend::npu_add_rms_norm_bias,,,9.071,23.335,0,2.26,0,0
aten::empty,,,0.347,1.617,0,0,0,0
empty_tensor,,,1.27,1.27,0,0,0,0
aten::empty,,,0.226,1.542,0,0,0,0
empty_tensor,,,1.316,1.316,0,0,0,0
aten::empty,,,0.236,1.109,0,0,0,0
empty_tensor,,,0.873,0.873,0,0,0,0
aten::empty,,,0.506,1.756,0,0,0,0
empty_tensor,,,1.25,1.25,0,0,0,0
aclnnAddRmsNormBias,,,8.24,8.24,2.26,2.26,0,0
vllm::unquantized_gemm,,,4.355,17.636,0,8.8805,0,7.7005
aten::linear,,,1.106,13.281,0,8.8805,0,7.7005
aten::t,,,1.254,2.303,0,0,0,0
aten::transpose,,,0.378,1.049,0,0,0,0
aten::as_strided,,,0.671,0.671,0,0,0,0
aten::addmm,,,6.004,9.872,0,8.8805,0,7.7005
empty_tensor,,,1.15,1.15,0,0,0,0
aclnnAddmm,,,2.718,2.718,8.8805,8.8805,7.7005,7.7005
aten::split_with_sizes,,,1.561,3.353,0,0,0,0
aten::as_strided,,,0.855,0.855,0,0,0,0
aten::as_strided,,,0.465,0.465,0,0,0,0
aten::as_strided,,,0.472,0.472,0,0,0,0
vllm::npu_rotary_embedding,,,201.462,208.845,0,3.04,0,0
aten::view,,,1.032,1.032,0,0,0,0
aten::view,,,0.48,0.48,0,0,0,0
_triton_rope,,,3.804,3.804,3.04,3.04,0,0
aten::view,,,1.383,1.383,0,0,0,0
aten::view,,,0.684,0.684,0,0,0,0
aten::empty,,,0.622,2.842,0,0,0,0
empty_tensor,,,2.22,2.22,0,0,0,0
aten::view,,,0.753,0.753,0,0,0,0
aten::view,,,0.494,0.494,0,0,0,0
aten::view,,,0.503,0.503,0,0,0,0
aten::view,,,0.562,0.562,0,0,0,0
vllm::unified_attention_with_output,,,94.726,814.149,0,23.081,0,0
P12/B/0274/attention,,,296.709,719.423,0,23.081,0,0
aten::slice,,,1.124,2.303,0,0,0,0
aten::as_strided,,,1.179,1.179,0,0,0,0
aten::slice,,,0.44,0.982,0,0,0,0
aten::as_strided,,,0.542,0.542,0,0,0,0
aten::slice,,,2.296,3.705,0,0,0,0
aten::as_strided,,,1.409,1.409,0,0,0,0
P12/B/0275/cache_write,,,93.317,112.606,0,1.76,0,0
atb::_npu_reshape_and_cache,,,16.144,19.289,0,1.76,0,0
ReshapeCacheOperation,,,3.145,3.145,1.76,1.76,0,0
P12/B/0276/fia,,,206.049,288.595,0,21.320999999999998,0,0
aten::view,,,2.817,2.817,0,0,0,0
aten::view,,,0.828,0.828,0,0,0,0
aten::slice,,,0.711,1.748,0,0,0,0
aten::as_strided,,,1.037,1.037,0,0,0,0
npu::npu_fused_infer_attention_score,,,38.556,51.288,0,20.741,0,0
empty_tensor,,,4.104,4.104,0,0,0,0
empty_tensor,,,1.559,1.559,0,0,0,0
empty_tensor,,,0.737,0.737,0,0,0,0
empty_tensor,,,0.842,0.842,0,0,0,0
aclnnFusedInferAttentionScoreV3,,,5.49,5.49,20.741,20.741,0,0
aten::view,,,1.03,1.03,0,0,0,0
aten::slice,,,0.604,1.466,0,0,0,0
aten::as_strided,,,0.862,0.862,0,0,0,0
aten::copy_,,,20.966,23.369,0,0.58,0,0
aclnnInplaceCopy,,,2.403,2.403,0.58,0.58,0,0
aten::slice,,,0.584,1.489,0,0,0,0
aten::as_strided,,,0.905,0.905,0,0,0,0
aten::copy_,,,10.402,13.034,0,0,0,0
aclnnInplaceCopy,,,2.632,2.632,0,0,0,0
aten::view,,,1.214,1.214,0,0,0,0
vllm::unquantized_gemm,,,6.773,25.935,0,5.7405,0,5.7405
aten::linear,,,1.54,19.162,0,5.7405,0,5.7405
aten::t,,,1.805,4.106,0,0,0,0
aten::transpose,,,1.097,2.301,0,0,0,0
aten::as_strided,,,1.204,1.204,0,0,0,0
aten::matmul,,,6.808,13.516,0,5.7405,0,5.7405
empty_tensor,,,3.937,3.937,0,0,0,0
aclnnMatmul,,,2.771,2.771,5.7405,5.7405,5.7405,5.7405
vllm::maybe_chunk_residual,,,4.983,4.983,0,0,0,0
_C_ascend::npu_add_rms_norm_bias,,,14.858,33.229,0,1.68,0,0
aten::empty,,,0.854,2.798,0,0,0,0
empty_tensor,,,1.944,1.944,0,0,0,0
aten::empty,,,0.47,1.58,0,0,0,0
empty_tensor,,,1.11,1.11,0,0,0,0
aten::empty,,,0.312,1.574,0,0,0,0
empty_tensor,,,1.262,1.262,0,0,0,0
aten::empty,,,0.598,2.459,0,0,0,0
empty_tensor,,,1.861,1.861,0,0,0,0
aclnnAddRmsNormBias,,,9.96,9.96,1.68,1.68,0,0
vllm::unquantized_gemm,,,4.156,14.995,0,21.381,0,21.381
aten::linear,,,0.799,10.839,0,21.381,0,21.381
aten::t,,,0.963,2.574,0,0,0,0
aten::transpose,,,0.598,1.611,0,0,0,0
aten::as_strided,,,1.013,1.013,0,0,0,0
aten::matmul,,,3.887,7.466,0,21.381,0,21.381
empty_tensor,,,1.337,1.337,0,0,0,0
aclnnMatmul,,,2.242,2.242,21.381,21.381,21.381,21.381
npu::npu_swiglu,,,10.436,14.184,0,4.08,0,0
empty_tensor,,,1.43,1.43,0,0,0,0
aclnnSwiGlu,,,2.318,2.318,4.08,4.08,0,0
vllm::unquantized_gemm,,,3.365,12.494,0,16.8605,0,16.8605
aten::linear,,,0.595,9.129,0,16.8605,0,16.8605
aten::t,,,0.648,1.621,0,0,0,0
aten::transpose,,,0.343,0.973,0,0,0,0
aten::as_strided,,,0.63,0.63,0,0,0,0
aten::matmul,,,2.875,6.913,0,16.8605,0,16.8605
empty_tensor,,,1.246,1.246,0,0,0,0
aclnnMatmul,,,2.792,2.792,16.8605,16.8605,16.8605,16.8605
vllm::maybe_chunk_residual,,,4.183,4.183,0,0,0,0
_C_ascend::npu_add_rms_norm_bias,,,9.07,17.967,0,1.64,0,0
aten::empty,,,0.399,1.591,0,0,0,0
empty_tensor,,,1.192,1.192,0,0,0,0
aten::empty,,,0.234,1.217,0,0,0,0
empty_tensor,,,0.983,0.983,0,0,0,0
aten::empty,,,0.279,1.459,0,0,0,0
empty_tensor,,,1.18,1.18,0,0,0,0
aten::empty,,,0.315,1.773,0,0,0,0
empty_tensor,,,1.458,1.458,0,0,0,0
aclnnAddRmsNormBias,,,2.857,2.857,1.64,1.64,0,0
vllm::unquantized_gemm,,,4.424,16.547,0,9.0205,0,7.8805
aten::linear,,,1.036,12.123,0,9.0205,0,7.8805
aten::t,,,0.637,1.598,0,0,0,0
aten::transpose,,,0.357,0.961,0,0,0,0
aten::as_strided,,,0.604,0.604,0,0,0,0
aten::addmm,,,6.058,9.489,0,9.0205,0,7.8805
empty_tensor,,,1.035,1.035,0,0,0,0
aclnnAddmm,,,2.396,2.396,9.0205,9.0205,7.8805,7.8805
aten::split_with_sizes,,,1.439,2.852,0,0,0,0
aten::as_strided,,,0.656,0.656,0,0,0,0
aten::as_strided,,,0.39,0.39,0,0,0,0
aten::as_strided,,,0.367,0.367,0,0,0,0
vllm::npu_rotary_embedding,,,201.498,208.217,0,2.94,0,0
aten::view,,,1.003,1.003,0,0,0,0
aten::view,,,0.49,0.49,0,0,0,0
_triton_rope,,,3.329,3.329,2.94,2.94,0,0
aten::view,,,1.229,1.229,0,0,0,0
aten::view,,,0.668,0.668,0,0,0,0
aten::empty,,,0.659,2.933,0,0,0,0
empty_tensor,,,2.274,2.274,0,0,0,0
aten::view,,,0.783,0.783,0,0,0,0
aten::view,,,0.512,0.512,0,0,0,0
aten::view,,,1.023,1.023,0,0,0,0
aten::view,,,0.447,0.447,0,0,0,0
vllm::unified_attention_with_output,,,95.069,821.338,0,23.641000000000002,0,0
P12/B/0277/attention,,,307.745,726.269,0,23.641000000000002,0,0
aten::slice,,,1.175,2.376,0,0,0,0
aten::as_strided,,,1.201,1.201,0,0,0,0
aten::slice,,,0.456,0.741,0,0,0,0
aten::as_strided,,,0.285,0.285,0,0,0,0
aten::slice,,,2.057,2.77,0,0,0,0
aten::as_strided,,,0.713,0.713,0,0,0,0
P12/B/0278/cache_write,,,100.702,122.197,0,1.56,0,0
atb::_npu_reshape_and_cache,,,15.759,21.495,0,1.56,0,0
ReshapeCacheOperation,,,5.736,5.736,1.56,1.56,0,0
P12/B/0279/fia,,,192.643,272.76,0,22.081,0,0
aten::view,,,2.946,2.946,0,0,0,0
aten::view,,,0.86,0.86,0,0,0,0
aten::slice,,,0.699,1.665,0,0,0,0
aten::as_strided,,,0.966,0.966,0,0,0,0
npu::npu_fused_infer_attention_score,,,39.542,49.111,0,21.501,0,0
empty_tensor,,,4.063,4.063,0,0,0,0
empty_tensor,,,1.064,1.064,0,0,0,0
empty_tensor,,,0.8,0.8,0,0,0,0
empty_tensor,,,0.716,0.716,0,0,0,0
aclnnFusedInferAttentionScoreV3,,,2.926,2.926,21.501,21.501,0,0
aten::view,,,1.049,1.049,0,0,0,0
aten::slice,,,0.874,1.671,0,0,0,0
aten::as_strided,,,0.797,0.797,0,0,0,0
aten::copy_,,,21.053,22.815,0,0.58,0,0
aclnnInplaceCopy,,,1.762,1.762,0.58,0.58,0,0
aten::slice,,,0.613,1.483,0,0,0,0
aten::as_strided,,,0.87,0.87,0,0,0,0
aten::copy_,,,11.182,16.197,0,0,0,0
aclnnInplaceCopy,,,5.015,5.015,0,0,0,0
aten::view,,,1.136,1.136,0,0,0,0
vllm::unquantized_gemm,,,6.928,24.738,0,5.6405,0,5.6405
aten::linear,,,1.605,17.81,0,5.6405,0,5.6405
aten::t,,,2.003,4.232,0,0,0,0
aten::transpose,,,1.132,2.229,0,0,0,0
aten::as_strided,,,1.097,1.097,0,0,0,0
aten::matmul,,,6.978,11.973,0,5.6405,0,5.6405
empty_tensor,,,2.71,2.71,0,0,0,0
aclnnMatmul,,,2.285,2.285,5.6405,5.6405,5.6405,5.6405
vllm::maybe_chunk_residual,,,5.003,5.003,0,0,0,0
_C_ascend::npu_add_rms_norm_bias,,,14.023,25.519,0,1.64,0,0
aten::empty,,,0.828,2.858,0,0,0,0
empty_tensor,,,2.03,2.03,0,0,0,0
aten::empty,,,0.354,1.62,0,0,0,0
empty_tensor,,,1.266,1.266,0,0,0,0
aten::empty,,,0.382,1.587,0,0,0,0
empty_tensor,,,1.205,1.205,0,0,0,0
aten::empty,,,0.332,2.453,0,0,0,0
empty_tensor,,,2.121,2.121,0,0,0,0
aclnnAddRmsNormBias,,,2.978,2.978,1.64,1.64,0,0
vllm::unquantized_gemm,,,3.887,16.247,0,18.8405,0,18.8405
aten::linear,,,0.732,12.36,0,18.8405,0,18.8405
aten::t,,,0.814,2.357,0,0,0,0
aten::transpose,,,0.609,1.543,0,0,0,0
aten::as_strided,,,0.934,0.934,0,0,0,0
aten::matmul,,,3.794,9.271,0,18.8405,0,18.8405
empty_tensor,,,1.222,1.222,0,0,0,0
aclnnMatmul,,,4.255,4.255,18.8405,18.8405,18.8405,18.8405
npu::npu_swiglu,,,10.633,14.318,0,3.14,0,0
empty_tensor,,,1.164,1.164,0,0,0,0
aclnnSwiGlu,,,2.521,2.521,3.14,3.14,0,0
vllm::unquantized_gemm,,,3.804,18.69,0,16.541,0,16.541
aten::linear,,,0.662,14.886,0,16.541,0,16.541
aten::t,,,0.611,1.816,0,0,0,0
aten::transpose,,,0.463,1.205,0,0,0,0
aten::as_strided,,,0.742,0.742,0,0,0,0
aten::matmul,,,2.673,12.408,0,16.541,0,16.541
empty_tensor,,,1.18,1.18,0,0,0,0
aclnnMatmul,,,8.555,8.555,16.541,16.541,16.541,16.541
vllm::maybe_chunk_residual,,,4.289,4.289,0,0,0,0
_C_ascend::npu_add_rms_norm_bias,,,9.966,18.937,0,1.7805,0,0
aten::empty,,,0.43,1.595,0,0,0,0
empty_tensor,,,1.165,1.165,0,0,0,0
aten::empty,,,0.224,1.499,0,0,0,0
empty_tensor,,,1.275,1.275,0,0,0,0
aten::empty,,,0.46,1.468,0,0,0,0
empty_tensor,,,1.008,1.008,0,0,0,0
aten::empty,,,0.421,1.939,0,0,0,0
empty_tensor,,,1.518,1.518,0,0,0,0
aclnnAddRmsNormBias,,,2.47,2.47,1.7805,1.7805,0,0
vllm::unquantized_gemm,,,4.24,16.718,0,8.58,0,7.42
aten::linear,,,1.291,12.478,0,8.58,0,7.42
aten::t,,,0.791,1.738,0,0,0,0
aten::transpose,,,0.357,0.947,0,0,0,0
aten::as_strided,,,0.59,0.59,0,0,0,0
aten::addmm,,,6.049,9.449,0,8.58,0,7.42
empty_tensor,,,1.195,1.195,0,0,0,0
aclnnAddmm,,,2.205,2.205,8.58,8.58,7.42,7.42
aten::split_with_sizes,,,1.442,2.912,0,0,0,0
aten::as_strided,,,0.663,0.663,0,0,0,0
aten::as_strided,,,0.397,0.397,0,0,0,0
aten::as_strided,,,0.41,0.41,0,0,0,0
vllm::npu_rotary_embedding,,,201.592,209.246,0,3.14,0,0
aten::view,,,1.492,1.492,0,0,0,0
aten::view,,,0.512,0.512,0,0,0,0
_triton_rope,,,3.785,3.785,3.14,3.14,0,0
aten::view,,,1.205,1.205,0,0,0,0
aten::view,,,0.66,0.66,0,0,0,0
aten::empty,,,0.569,2.838,0,0,0,0
empty_tensor,,,2.269,2.269,0,0,0,0
aten::view,,,0.923,0.923,0,0,0,0
aten::view,,,0.463,0.463,0,0,0,0
aten::view,,,0.441,0.441,0,0,0,0
aten::view,,,0.439,0.439,0,0,0,0
vllm::unified_attention_with_output,,,99.763,843.875,0,22.020999999999997,0,0
P12/B/0280/attention,,,316.38,744.112,0,22.020999999999997,0,0
aten::slice,,,1.064,2.147,0,0,0,0
aten::as_strided,,,1.083,1.083,0,0,0,0
aten::slice,,,0.402,0.862,0,0,0,0
aten::as_strided,,,0.46,0.46,0,0,0,0
aten::slice,,,2.116,2.763,0,0,0,0
aten::as_strided,,,0.647,0.647,0,0,0,0
P12/B/0281/cache_write,,,99.262,118.385,0,1.66,0,0
atb::_npu_reshape_and_cache,,,15.993,19.123,0,1.66,0,0
ReshapeCacheOperation,,,3.13,3.13,1.66,1.66,0,0
P12/B/0282/fia,,,205.786,285.7,0,20.360999999999997,0,0
aten::view,,,2.654,2.654,0,0,0,0
aten::view,,,0.965,0.965,0,0,0,0
aten::slice,,,0.674,1.76,0,0,0,0
aten::as_strided,,,1.086,1.086,0,0,0,0
npu::npu_fused_infer_attention_score,,,39.287,48.952,0,19.781,0,0
empty_tensor,,,3.975,3.975,0,0,0,0
empty_tensor,,,0.975,0.975,0,0,0,0
empty_tensor,,,0.842,0.842,0,0,0,0
empty_tensor,,,0.899,0.899,0,0,0,0
aclnnFusedInferAttentionScoreV3,,,2.974,2.974,19.781,19.781,0,0
aten::view,,,1.038,1.038,0,0,0,0
aten::slice,,,0.49,1.23,0,0,0,0
aten::as_strided,,,0.74,0.74,0,0,0,0
aten::copy_,,,20.873,23.315,0,0.58,0,0
aclnnInplaceCopy,,,2.442,2.442,0.58,0.58,0,0
aten::slice,,,0.69,1.57,0,0,0,0
aten::as_strided,,,0.88,0.88,0,0,0,0
aten::copy_,,,10.801,16.305,0,0,0,0
aclnnInplaceCopy,,,5.504,5.504,0,0,0,0
aten::view,,,1.187,1.187,0,0,0,0
vllm::unquantized_gemm,,,6.967,24.613,0,5.68,0,5.68
aten::linear,,,1.613,17.646,0,5.68,0,5.68
aten::t,,,1.773,4.078,0,0,0,0
aten::transpose,,,1.106,2.305,0,0,0,0
aten::as_strided,,,1.199,1.199,0,0,0,0
aten::matmul,,,6.666,11.955,0,5.68,0,5.68
empty_tensor,,,2.767,2.767,0,0,0,0
aclnnMatmul,,,2.522,2.522,5.68,5.68,5.68,5.68
vllm::maybe_chunk_residual,,,5.03,5.03,0,0,0,0
_C_ascend::npu_add_rms_norm_bias,,,14.541,28.268,0,1.7005,0,0
aten::empty,,,0.809,2.96,0,0,0,0
empty_tensor,,,2.151,2.151,0,0,0,0
aten::empty,,,0.406,1.661,0,0,0,0
empty_tensor,,,1.255,1.255,0,0,0,0
aten::empty,,,0.401,1.501,0,0,0,0
empty_tensor,,,1.1,1.1,0,0,0,0
aten::empty,,,0.555,4.822,0,0,0,0
empty_tensor,,,4.267,4.267,0,0,0,0
aclnnAddRmsNormBias,,,2.783,2.783,1.7005,1.7005,0,0
vllm::unquantized_gemm,,,4.0,14.609,0,18.6205,0,18.6205
aten::linear,,,0.711,10.609,0,18.6205,0,18.6205
aten::t,,,0.841,2.286,0,0,0,0
aten::transpose,,,0.572,1.445,0,0,0,0
aten::as_strided,,,0.873,0.873,0,0,0,0
aten::matmul,,,3.686,7.612,0,18.6205,0,18.6205
empty_tensor,,,1.388,1.388,0,0,0,0
aclnnMatmul,,,2.538,2.538,18.6205,18.6205,18.6205,18.6205
npu::npu_swiglu,,,10.404,14.173,0,2.9405,0,0
empty_tensor,,,1.437,1.437,0,0,0,0
aclnnSwiGlu,,,2.332,2.332,2.9405,2.9405,0,0
vllm::unquantized_gemm,,,3.489,11.8,0,16.6205,0,16.6205
aten::linear,,,0.638,8.311,0,16.6205,0,16.6205
aten::t,,,0.639,1.729,0,0,0,0
aten::transpose,,,0.405,1.09,0,0,0,0
aten::as_strided,,,0.685,0.685,0,0,0,0
aten::matmul,,,2.497,5.944,0,16.6205,0,16.6205
empty_tensor,,,1.032,1.032,0,0,0,0
aclnnMatmul,,,2.415,2.415,16.6205,16.6205,16.6205,16.6205
vllm::maybe_chunk_residual,,,4.08,4.08,0,0,0,0
_C_ascend::npu_add_rms_norm_bias,,,8.394,17.984,0,1.76,0,0
aten::empty,,,0.408,1.708,0,0,0,0
empty_tensor,,,1.3,1.3,0,0,0,0
aten::empty,,,0.19,1.435,0,0,0,0
empty_tensor,,,1.245,1.245,0,0,0,0
aten::empty,,,0.447,1.087,0,0,0,0
empty_tensor,,,0.64,0.64,0,0,0,0
aten::empty,,,0.299,1.865,0,0,0,0
empty_tensor,,,1.566,1.566,0,0,0,0
aclnnAddRmsNormBias,,,3.495,3.495,1.76,1.76,0,0
vllm::unquantized_gemm,,,4.08,17.227,0,9.1005,0,7.6405
aten::linear,,,1.114,13.147,0,9.1005,0,7.6405
aten::t,,,0.761,2.263,0,0,0,0
aten::transpose,,,0.336,1.502,0,0,0,0
aten::as_strided,,,1.166,1.166,0,0,0,0
aten::addmm,,,5.875,9.77,0,9.1005,0,7.6405
empty_tensor,,,1.398,1.398,0,0,0,0
aclnnAddmm,,,2.497,2.497,9.1005,9.1005,7.6405,7.6405
aten::split_with_sizes,,,1.508,3.022,0,0,0,0
aten::as_strided,,,0.594,0.594,0,0,0,0
aten::as_strided,,,0.422,0.422,0,0,0,0
aten::as_strided,,,0.498,0.498,0,0,0,0
vllm::npu_rotary_embedding,,,201.781,215.701,0,2.86,0,0
aten::view,,,1.135,1.135,0,0,0,0
aten::view,,,0.313,0.313,0,0,0,0
_triton_rope,,,10.52,10.52,2.86,2.86,0,0
aten::view,,,1.291,1.291,0,0,0,0
aten::view,,,0.661,0.661,0,0,0,0
aten::empty,,,0.646,2.885,0,0,0,0
empty_tensor,,,2.239,2.239,0,0,0,0
aten::view,,,0.694,0.694,0,0,0,0
aten::view,,,0.506,0.506,0,0,0,0
aten::view,,,0.466,0.466,0,0,0,0
aten::view,,,0.395,0.395,0,0,0,0
vllm::unified_attention_with_output,,,97.206,809.86,0,22.401,0,0
P12/B/0283/attention,,,299.112,712.654,0,22.401,0,0
aten::slice,,,1.113,2.553,0,0,0,0
aten::as_strided,,,1.44,1.44,0,0,0,0
aten::slice,,,0.288,0.592,0,0,0,0
aten::as_strided,,,0.304,0.304,0,0,0,0
aten::slice,,,2.201,2.845,0,0,0,0
aten::as_strided,,,0.644,0.644,0,0,0,0
P12/B/0284/cache_write,,,93.562,113.734,0,1.66,0,0
atb::_npu_reshape_and_cache,,,16.982,20.172,0,1.66,0,0
ReshapeCacheOperation,,,3.19,3.19,1.66,1.66,0,0
P12/B/0285/fia,,,201.27,279.725,0,20.741,0,0
aten::view,,,2.695,2.695,0,0,0,0
aten::view,,,1.062,1.062,0,0,0,0
aten::slice,,,0.727,1.681,0,0,0,0
aten::as_strided,,,0.954,0.954,0,0,0,0
npu::npu_fused_infer_attention_score,,,38.35,48.51,0,20.1805,0,0
empty_tensor,,,4.026,4.026,0,0,0,0
empty_tensor,,,1.02,1.02,0,0,0,0
empty_tensor,,,1.078,1.078,0,0,0,0
empty_tensor,,,0.868,0.868,0,0,0,0
aclnnFusedInferAttentionScoreV3,,,3.168,3.168,20.1805,20.1805,0,0
aten::view,,,0.949,0.949,0,0,0,0
aten::slice,,,0.708,1.416,0,0,0,0
aten::as_strided,,,0.708,0.708,0,0,0,0
aten::copy_,,,21.174,22.142,0,0.5605,0,0
aclnnInplaceCopy,,,0.968,0.968,0.5605,0.5605,0,0
aten::slice,,,0.541,1.373,0,0,0,0
aten::as_strided,,,0.832,0.832,0,0,0,0
aten::copy_,,,10.048,12.72,0,0,0,0
aclnnInplaceCopy,,,2.672,2.672,0,0,0,0
aten::view,,,1.158,1.158,0,0,0,0
vllm::unquantized_gemm,,,6.79,25.523,0,5.86,0,5.86
aten::linear,,,1.466,18.733,0,5.86,0,5.86
aten::t,,,1.844,4.012,0,0,0,0
aten::transpose,,,1.079,2.168,0,0,0,0
aten::as_strided,,,1.089,1.089,0,0,0,0
aten::matmul,,,6.848,13.255,0,5.86,0,5.86
empty_tensor,,,2.846,2.846,0,0,0,0
aclnnMatmul,,,3.561,3.561,5.86,5.86,5.86,5.86
vllm::maybe_chunk_residual,,,5.037,5.037,0,0,0,0
_C_ascend::npu_add_rms_norm_bias,,,14.662,26.218,0,1.8,0,0
aten::empty,,,0.927,3.023,0,0,0,0
empty_tensor,,,2.096,2.096,0,0,0,0
aten::empty,,,0.385,1.701,0,0,0,0
empty_tensor,,,1.316,1.316,0,0,0,0
aten::empty,,,0.215,1.541,0,0,0,0
empty_tensor,,,1.326,1.326,0,0,0,0
aten::empty,,,0.465,2.383,0,0,0,0
empty_tensor,,,1.918,1.918,0,0,0,0
aclnnAddRmsNormBias,,,2.908,2.908,1.8,1.8,0,0
vllm::unquantized_gemm,,,4.341,20.409,0,19.761,0,19.761
aten::linear,,,0.842,16.068,0,19.761,0,19.761
aten::t,,,0.813,4.371,0,0,0,0
aten::transpose,,,0.578,3.558,0,0,0,0
aten::as_strided,,,2.98,2.98,0,0,0,0
aten::matmul,,,3.803,10.855,0,19.761,0,19.761
empty_tensor,,,1.106,1.106,0,0,0,0
aclnnMatmul,,,5.946,5.946,19.761,19.761,19.761,19.761
npu::npu_swiglu,,,10.666,14.305,0,3.2405,0,0
empty_tensor,,,1.286,1.286,0,0,0,0
aclnnSwiGlu,,,2.353,2.353,3.2405,3.2405,0,0
vllm::unquantized_gemm,,,3.577,29.363,0,16.8805,0,16.8805
aten::linear,,,0.604,25.786,0,16.8805,0,16.8805
aten::t,,,0.637,1.624,0,0,0,0
aten::transpose,,,0.321,0.987,0,0,0,0
aten::as_strided,,,0.666,0.666,0,0,0,0
aten::matmul,,,20.22,23.558,0,16.8805,0,16.8805
empty_tensor,,,1.378,1.378,0,0,0,0
aclnnMatmul,,,1.96,1.96,16.8805,16.8805,16.8805,16.8805
vllm::maybe_chunk_residual,,,4.175,4.175,0,0,0,0
_C_ascend::npu_add_rms_norm_bias,,,9.35,17.958,0,1.82,0,0
aten::empty,,,0.408,1.547,0,0,0,0
empty_tensor,,,1.139,1.139,0,0,0,0
aten::empty,,,0.255,1.826,0,0,0,0
empty_tensor,,,1.571,1.571,0,0,0,0
aten::empty,,,0.436,1.286,0,0,0,0
empty_tensor,,,0.85,0.85,0,0,0,0
aten::empty,,,0.364,1.558,0,0,0,0
empty_tensor,,,1.194,1.194,0,0,0,0
aclnnAddRmsNormBias,,,2.391,2.391,1.82,1.82,0,0
vllm::unquantized_gemm,,,4.484,16.89,0,8.5405,0,7.4005
aten::linear,,,1.141,12.406,0,8.5405,0,7.4005
aten::t,,,0.702,1.823,0,0,0,0
aten::transpose,,,0.388,1.121,0,0,0,0
aten::as_strided,,,0.733,0.733,0,0,0,0
aten::addmm,,,5.942,9.442,0,8.5405,0,7.4005
empty_tensor,,,0.964,0.964,0,0,0,0
aclnnAddmm,,,2.536,2.536,8.5405,8.5405,7.4005,7.4005
aten::split_with_sizes,,,1.42,2.982,0,0,0,0
aten::as_strided,,,0.677,0.677,0,0,0,0
aten::as_strided,,,0.451,0.451,0,0,0,0
aten::as_strided,,,0.434,0.434,0,0,0,0
vllm::npu_rotary_embedding,,,201.646,208.23,0,2.86,0,0
aten::view,,,0.967,0.967,0,0,0,0
aten::view,,,0.47,0.47,0,0,0,0
_triton_rope,,,3.255,3.255,2.86,2.86,0,0
aten::view,,,1.24,1.24,0,0,0,0
aten::view,,,0.652,0.652,0,0,0,0
aten::empty,,,0.631,2.807,0,0,0,0
empty_tensor,,,2.176,2.176,0,0,0,0
aten::view,,,0.838,0.838,0,0,0,0
aten::view,,,0.614,0.614,0,0,0,0
aten::view,,,0.47,0.47,0,0,0,0
aten::view,,,0.458,0.458,0,0,0,0
vllm::unified_attention_with_output,,,96.79,834.598,0,23.621000000000002,0,0
P12/B/0286/attention,,,311.042,737.808,0,23.621000000000002,0,0
aten::slice,,,1.202,2.352,0,0,0,0
aten::as_strided,,,1.15,1.15,0,0,0,0
aten::slice,,,0.456,0.715,0,0,0,0
aten::as_strided,,,0.259,0.259,0,0,0,0
aten::slice,,,2.149,2.822,0,0,0,0
aten::as_strided,,,0.673,0.673,0,0,0,0
P12/B/0287/cache_write,,,96.449,122.054,0,1.52,0,0
atb::_npu_reshape_and_cache,,,22.168,25.605,0,1.52,0,0
ReshapeCacheOperation,,,3.437,3.437,1.52,1.52,0,0
P12/B/0288/fia,,,192.28,283.955,0,22.101,0,0
aten::view,,,2.773,2.773,0,0,0,0
aten::view,,,0.903,0.903,0,0,0,0
aten::slice,,,0.719,1.706,0,0,0,0
aten::as_strided,,,0.987,0.987,0,0,0,0
npu::npu_fused_infer_attention_score,,,39.205,50.169,0,21.541,0,0
empty_tensor,,,4.179,4.179,0,0,0,0
empty_tensor,,,1.359,1.359,0,0,0,0
empty_tensor,,,0.795,0.795,0,0,0,0
empty_tensor,,,0.737,0.737,0,0,0,0
aclnnFusedInferAttentionScoreV3,,,3.894,3.894,21.541,21.541,0,0
aten::view,,,0.97,0.97,0,0,0,0
aten::slice,,,0.552,1.352,0,0,0,0
aten::as_strided,,,0.8,0.8,0,0,0,0
aten::copy_,,,21.621,33.802,0,0.56,0,0
aclnnInplaceCopy,,,12.181,12.181,0.56,0.56,0,0
aten::slice,,,0.667,1.485,0,0,0,0
aten::as_strided,,,0.818,0.818,0,0,0,0
aten::copy_,,,10.847,13.383,0,0,0,0
aclnnInplaceCopy,,,2.536,2.536,0,0,0,0
aten::view,,,1.143,1.143,0,0,0,0
vllm::unquantized_gemm,,,6.953,25.35,0,5.62,0,5.62
aten::linear,,,1.691,18.397,0,5.62,0,5.62
aten::t,,,1.803,4.205,0,0,0,0
aten::transpose,,,1.175,2.402,0,0,0,0
aten::as_strided,,,1.227,1.227,0,0,0,0
aten::matmul,,,7.162,12.501,0,5.62,0,5.62
empty_tensor,,,2.943,2.943,0,0,0,0
aclnnMatmul,,,2.396,2.396,5.62,5.62,5.62,5.62
vllm::maybe_chunk_residual,,,5.03,5.03,0,0,0,0
_C_ascend::npu_add_rms_norm_bias,,,14.933,26.597,0,1.6,0,0
aten::empty,,,0.925,2.777,0,0,0,0
empty_tensor,,,1.852,1.852,0,0,0,0
aten::empty,,,0.442,1.704,0,0,0,0
empty_tensor,,,1.262,1.262,0,0,0,0
aten::empty,,,0.406,1.526,0,0,0,0
empty_tensor,,,1.12,1.12,0,0,0,0
aten::empty,,,0.645,2.747,0,0,0,0
empty_tensor,,,2.102,2.102,0,0,0,0
aclnnAddRmsNormBias,,,2.91,2.91,1.6,1.6,0,0
vllm::unquantized_gemm,,,4.089,14.67,0,19.3605,0,19.3605
aten::linear,,,0.897,10.581,0,19.3605,0,19.3605
aten::t,,,0.832,2.281,0,0,0,0
aten::transpose,,,0.517,1.449,0,0,0,0
aten::as_strided,,,0.932,0.932,0,0,0,0
aten::matmul,,,3.776,7.403,0,19.3605,0,19.3605
empty_tensor,,,1.227,1.227,0,0,0,0
aclnnMatmul,,,2.4,2.4,19.3605,19.3605,19.3605,19.3605
npu::npu_swiglu,,,10.541,14.255,0,3.08,0,0
empty_tensor,,,1.241,1.241,0,0,0,0
aclnnSwiGlu,,,2.473,2.473,3.08,3.08,0,0
vllm::unquantized_gemm,,,3.389,12.948,0,16.5205,0,16.5205
aten::linear,,,1.238,9.559,0,16.5205,0,16.5205
aten::t,,,0.549,1.742,0,0,0,0
aten::transpose,,,0.522,1.193,0,0,0,0
aten::as_strided,,,0.671,0.671,0,0,0,0
aten::matmul,,,2.442,6.579,0,16.5205,0,16.5205
empty_tensor,,,1.514,1.514,0,0,0,0
aclnnMatmul,,,2.623,2.623,16.5205,16.5205,16.5205,16.5205
vllm::maybe_chunk_residual,,,4.025,4.025,0,0,0,0
_C_ascend::npu_add_rms_norm_bias,,,9.386,21.117,0,1.66,0,0
aten::empty,,,0.362,1.451,0,0,0,0
empty_tensor,,,1.089,1.089,0,0,0,0
aten::empty,,,0.225,1.501,0,0,0,0
empty_tensor,,,1.276,1.276,0,0,0,0
aten::empty,,,0.352,1.467,0,0,0,0
empty_tensor,,,1.115,1.115,0,0,0,0
aten::empty,,,0.32,1.648,0,0,0,0
empty_tensor,,,1.328,1.328,0,0,0,0
aclnnAddRmsNormBias,,,5.664,5.664,1.66,1.66,0,0
vllm::unquantized_gemm,,,4.829,17.796,0,8.6605,0,7.4805
aten::linear,,,1.303,12.967,0,8.6605,0,7.4805
aten::t,,,0.668,1.857,0,0,0,0
aten::transpose,,,0.505,1.189,0,0,0,0
aten::as_strided,,,0.684,0.684,0,0,0,0
aten::addmm,,,6.325,9.807,0,8.6605,0,7.4805
empty_tensor,,,1.133,1.133,0,0,0,0
aclnnAddmm,,,2.349,2.349,8.6605,8.6605,7.4805,7.4805
aten::split_with_sizes,,,1.773,2.955,0,0,0,0
aten::as_strided,,,0.621,0.621,0,0,0,0
aten::as_strided,,,0.22,0.22,0,0,0,0
aten::as_strided,,,0.341,0.341,0,0,0,0
vllm::npu_rotary_embedding,,,200.765,209.229,0,2.9005,0,0
aten::view,,,0.885,0.885,0,0,0,0
aten::view,,,0.362,0.362,0,0,0,0
_triton_rope,,,5.292,5.292,2.9005,2.9005,0,0
aten::view,,,1.244,1.244,0,0,0,0
aten::view,,,0.681,0.681,0,0,0,0
aten::empty,,,0.648,2.91,0,0,0,0
empty_tensor,,,2.262,2.262,0,0,0,0
aten::view,,,0.878,0.878,0,0,0,0
aten::view,,,0.642,0.642,0,0,0,0
aten::view,,,0.682,0.682,0,0,0,0
aten::view,,,0.587,0.587,0,0,0,0
vllm::unified_attention_with_output,,,98.067,834.19,0,24.401,0,0
P12/B/0289/attention,,,318.321,736.123,0,24.401,0,0
aten::slice,,,1.179,2.386,0,0,0,0
aten::as_strided,,,1.207,1.207,0,0,0,0
aten::slice,,,0.496,0.746,0,0,0,0
aten::as_strided,,,0.25,0.25,0,0,0,0
aten::slice,,,2.013,2.669,0,0,0,0
aten::as_strided,,,0.656,0.656,0,0,0,0
P12/B/0290/cache_write,,,98.801,118.431,0,1.54,0,0
atb::_npu_reshape_and_cache,,,16.587,19.63,0,1.54,0,0
ReshapeCacheOperation,,,3.043,3.043,1.54,1.54,0,0
P12/B/0291/fia,,,200.391,279.189,0,22.860999999999997,0,0
aten::view,,,2.658,2.658,0,0,0,0
aten::view,,,1.044,1.044,0,0,0,0
aten::slice,,,0.686,1.644,0,0,0,0
aten::as_strided,,,0.958,0.958,0,0,0,0
npu::npu_fused_infer_attention_score,,,37.558,47.87,0,22.301,0,0
empty_tensor,,,4.57,4.57,0,0,0,0
empty_tensor,,,1.404,1.404,0,0,0,0
empty_tensor,,,0.958,0.958,0,0,0,0
empty_tensor,,,0.635,0.635,0,0,0,0
aclnnFusedInferAttentionScoreV3,,,2.745,2.745,22.301,22.301,0,0
aten::view,,,1.024,1.024,0,0,0,0
aten::slice,,,0.612,1.458,0,0,0,0
aten::as_strided,,,0.846,0.846,0,0,0,0
aten::copy_,,,20.802,23.1,0,0.56,0,0
aclnnInplaceCopy,,,2.298,2.298,0.56,0.56,0,0
aten::slice,,,0.517,1.289,0,0,0,0
aten::as_strided,,,0.772,0.772,0,0,0,0
aten::copy_,,,10.606,13.092,0,0,0,0
aclnnInplaceCopy,,,2.486,2.486,0,0,0,0
aten::view,,,1.202,1.202,0,0,0,0
vllm::unquantized_gemm,,,6.816,24.616,0,6.0,0,6.0
aten::linear,,,1.614,17.8,0,6.0,0,6.0
aten::t,,,1.786,4.164,0,0,0,0
aten::transpose,,,1.147,2.378,0,0,0,0
aten::as_strided,,,1.231,1.231,0,0,0,0
aten::matmul,,,6.843,12.022,0,6.0,0,6.0
empty_tensor,,,2.693,2.693,0,0,0,0
aclnnMatmul,,,2.486,2.486,6.0,6.0,6.0,6.0
vllm::maybe_chunk_residual,,,4.886,4.886,0,0,0,0
_C_ascend::npu_add_rms_norm_bias,,,14.276,32.098,0,1.8,0,0
aten::empty,,,0.84,2.693,0,0,0,0
empty_tensor,,,1.853,1.853,0,0,0,0
aten::empty,,,0.229,1.46,0,0,0,0
empty_tensor,,,1.231,1.231,0,0,0,0
aten::empty,,,0.468,1.39,0,0,0,0
empty_tensor,,,0.922,0.922,0,0,0,0
aten::empty,,,0.523,2.375,0,0,0,0
empty_tensor,,,1.852,1.852,0,0,0,0
aclnnAddRmsNormBias,,,9.904,9.904,1.8,1.8,0,0
vllm::unquantized_gemm,,,4.001,18.328,0,19.8005,0,19.8005
aten::linear,,,0.837,14.327,0,19.8005,0,19.8005
aten::t,,,0.94,3.314,0,0,0,0
aten::transpose,,,0.561,2.374,0,0,0,0
aten::as_strided,,,1.813,1.813,0,0,0,0
aten::matmul,,,3.953,10.176,0,19.8005,0,19.8005
empty_tensor,,,1.605,1.605,0,0,0,0
aclnnMatmul,,,4.618,4.618,19.8005,19.8005,19.8005,19.8005
npu::npu_swiglu,,,10.894,14.629,0,3.1805,0,0
empty_tensor,,,1.457,1.457,0,0,0,0
aclnnSwiGlu,,,2.278,2.278,3.1805,3.1805,0,0
vllm::unquantized_gemm,,,3.832,15.536,0,16.8405,0,16.8405
aten::linear,,,0.59,11.704,0,16.8405,0,16.8405
aten::t,,,0.792,4.434,0,0,0,0
aten::transpose,,,0.415,3.642,0,0,0,0
aten::as_strided,,,3.227,3.227,0,0,0,0
aten::matmul,,,3.075,6.68,0,16.8405,0,16.8405
empty_tensor,,,1.321,1.321,0,0,0,0
aclnnMatmul,,,2.284,2.284,16.8405,16.8405,16.8405,16.8405
vllm::maybe_chunk_residual,,,4.169,4.169,0,0,0,0
_C_ascend::npu_add_rms_norm_bias,,,8.812,17.45,0,1.94,0,0
aten::empty,,,0.564,1.712,0,0,0,0
empty_tensor,,,1.148,1.148,0,0,0,0
aten::empty,,,0.244,1.412,0,0,0,0
empty_tensor,,,1.168,1.168,0,0,0,0
aten::empty,,,0.417,1.55,0,0,0,0
empty_tensor,,,1.133,1.133,0,0,0,0
aten::empty,,,0.293,1.523,0,0,0,0
empty_tensor,,,1.23,1.23,0,0,0,0
aclnnAddRmsNormBias,,,2.441,2.441,1.94,1.94,0,0
vllm::unquantized_gemm,,,4.031,16.924,0,8.8005,0,7.7
aten::linear,,,1.131,12.893,0,8.8005,0,7.7
aten::t,,,0.71,1.732,0,0,0,0
aten::transpose,,,0.34,1.022,0,0,0,0
aten::as_strided,,,0.682,0.682,0,0,0,0
aten::addmm,,,6.342,10.03,0,8.8005,0,7.7
empty_tensor,,,1.334,1.334,0,0,0,0
aclnnAddmm,,,2.354,2.354,8.8005,8.8005,7.7,7.7
aten::split_with_sizes,,,1.467,2.809,0,0,0,0
aten::as_strided,,,0.592,0.592,0,0,0,0
aten::as_strided,,,0.371,0.371,0,0,0,0
aten::as_strided,,,0.379,0.379,0,0,0,0
vllm::npu_rotary_embedding,,,202.483,209.432,0,2.8,0,0
aten::view,,,1.03,1.03,0,0,0,0
aten::view,,,0.427,0.427,0,0,0,0
_triton_rope,,,3.607,3.607,2.8,2.8,0,0
aten::view,,,1.22,1.22,0,0,0,0
aten::view,,,0.665,0.665,0,0,0,0
aten::empty,,,0.636,2.782,0,0,0,0
empty_tensor,,,2.146,2.146,0,0,0,0
aten::view,,,0.817,0.817,0,0,0,0
aten::view,,,0.731,0.731,0,0,0,0
aten::view,,,0.44,0.44,0,0,0,0
aten::view,,,0.419,0.419,0,0,0,0
vllm::unified_attention_with_output,,,95.847,822.31,0,23.121000000000002,0,0
P12/B/0292/attention,,,301.268,726.463,0,23.121000000000002,0,0
aten::slice,,,0.945,2.15,0,0,0,0
aten::as_strided,,,1.205,1.205,0,0,0,0
aten::slice,,,0.391,0.841,0,0,0,0
aten::as_strided,,,0.45,0.45,0,0,0,0
aten::slice,,,2.04,2.842,0,0,0,0
aten::as_strided,,,0.802,0.802,0,0,0,0
P12/B/0293/cache_write,,,101.879,125.306,0,1.52,0,0
atb::_npu_reshape_and_cache,,,17.08,23.427,0,1.52,0,0
ReshapeCacheOperation,,,6.347,6.347,1.52,1.52,0,0
P12/B/0294/fia,,,198.409,280.19,0,21.601,0,0
aten::view,,,2.85,2.85,0,0,0,0
aten::view,,,1.035,1.035,0,0,0,0
aten::slice,,,0.644,1.636,0,0,0,0
aten::as_strided,,,0.992,0.992,0,0,0,0
npu::npu_fused_infer_attention_score,,,40.119,50.285,0,21.021,0,0
empty_tensor,,,4.144,4.144,0,0,0,0
empty_tensor,,,1.05,1.05,0,0,0,0
empty_tensor,,,0.878,0.878,0,0,0,0
empty_tensor,,,0.938,0.938,0,0,0,0
aclnnFusedInferAttentionScoreV3,,,3.156,3.156,21.021,21.021,0,0
aten::view,,,0.981,0.981,0,0,0,0
aten::slice,,,0.568,1.513,0,0,0,0
aten::as_strided,,,0.945,0.945,0,0,0,0
aten::copy_,,,21.158,23.481,0,0.58,0,0
aclnnInplaceCopy,,,2.323,2.323,0.58,0.58,0,0
aten::slice,,,0.57,1.473,0,0,0,0
aten::as_strided,,,0.903,0.903,0,0,0,0
aten::copy_,,,10.546,12.393,0,0,0,0
aclnnInplaceCopy,,,1.847,1.847,0,0,0,0
aten::view,,,1.157,1.157,0,0,0,0
vllm::unquantized_gemm,,,6.755,24.784,0,5.8005,0,5.8005
aten::linear,,,1.591,18.029,0,5.8005,0,5.8005
aten::t,,,1.867,4.4,0,0,0,0
aten::transpose,,,1.191,2.533,0,0,0,0
aten::as_strided,,,1.342,1.342,0,0,0,0
aten::matmul,,,6.849,12.038,0,5.8005,0,5.8005
empty_tensor,,,2.842,2.842,0,0,0,0
aclnnMatmul,,,2.347,2.347,5.8005,5.8005,5.8005,5.8005
vllm::maybe_chunk_residual,,,4.961,4.961,0,0,0,0
_C_ascend::npu_add_rms_norm_bias,,,14.734,26.57,0,1.84,0,0
aten::empty,,,0.934,2.864,0,0,0,0
empty_tensor,,,1.93,1.93,0,0,0,0
aten::empty,,,1.184,2.665,0,0,0,0
empty_tensor,,,1.481,1.481,0,0,0,0
aten::empty,,,0.222,1.043,0,0,0,0
empty_tensor,,,0.821,0.821,0,0,0,0
aten::empty,,,0.335,2.316,0,0,0,0
empty_tensor,,,1.981,1.981,0,0,0,0
aclnnAddRmsNormBias,,,2.948,2.948,1.84,1.84,0,0
vllm::unquantized_gemm,,,3.963,14.171,0,19.0605,0,19.0605
aten::linear,,,0.822,10.208,0,19.0605,0,19.0605
aten::t,,,0.715,2.098,0,0,0,0
aten::transpose,,,0.562,1.383,0,0,0,0
aten::as_strided,,,0.821,0.821,0,0,0,0
aten::matmul,,,3.75,7.288,0,19.0605,0,19.0605
empty_tensor,,,1.175,1.175,0,0,0,0
aclnnMatmul,,,2.363,2.363,19.0605,19.0605,19.0605,19.0605
npu::npu_swiglu,,,10.511,13.828,0,2.92,0,0
empty_tensor,,,1.035,1.035,0,0,0,0
aclnnSwiGlu,,,2.282,2.282,2.92,2.92,0,0
vllm::unquantized_gemm,,,3.557,19.104,0,16.561,0,16.561
aten::linear,,,0.692,15.547,0,16.561,0,16.561
aten::t,,,0.6,1.898,0,0,0,0
aten::transpose,,,0.599,1.298,0,0,0,0
aten::as_strided,,,0.699,0.699,0,0,0,0
aten::matmul,,,2.414,12.957,0,16.561,0,16.561
empty_tensor,,,1.328,1.328,0,0,0,0
aclnnMatmul,,,9.215,9.215,16.561,16.561,16.561,16.561
vllm::maybe_chunk_residual,,,3.911,3.911,0,0,0,0
_C_ascend::npu_add_rms_norm_bias,,,10.014,19.67,0,1.94,0,0
aten::empty,,,0.428,1.641,0,0,0,0
empty_tensor,,,1.213,1.213,0,0,0,0
aten::empty,,,0.233,1.57,0,0,0,0
empty_tensor,,,1.337,1.337,0,0,0,0
aten::empty,,,0.389,1.837,0,0,0,0
empty_tensor,,,1.448,1.448,0,0,0,0
aten::empty,,,0.307,2.114,0,0,0,0
empty_tensor,,,1.807,1.807,0,0,0,0
aclnnAddRmsNormBias,,,2.494,2.494,1.94,1.94,0,0
vllm::unquantized_gemm,,,4.41,19.186,0,8.620000000000001,0,7.36
aten::linear,,,1.226,14.776,0,8.620000000000001,0,7.36
aten::t,,,0.554,1.717,0,0,0,0
aten::transpose,,,0.406,1.163,0,0,0,0
aten::as_strided,,,0.757,0.757,0,0,0,0
aten::addmm,,,6.329,11.833,0,8.620000000000001,0,7.36
empty_tensor,,,1.342,1.342,0,0,0,0
aclnnAddmm,,,4.162,4.162,8.620000000000001,8.620000000000001,7.36,7.36
aten::split_with_sizes,,,1.581,2.875,0,0,0,0
aten::as_strided,,,0.594,0.594,0,0,0,0
aten::as_strided,,,0.366,0.366,0,0,0,0
aten::as_strided,,,0.334,0.334,0,0,0,0
vllm::npu_rotary_embedding,,,201.533,208.599,0,3.14,0,0
aten::view,,,1.099,1.099,0,0,0,0
aten::view,,,0.485,0.485,0,0,0,0
_triton_rope,,,3.665,3.665,3.14,3.14,0,0
aten::view,,,1.215,1.215,0,0,0,0
aten::view,,,0.602,0.602,0,0,0,0
aten::empty,,,0.607,2.813,0,0,0,0
empty_tensor,,,2.206,2.206,0,0,0,0
aten::view,,,0.798,0.798,0,0,0,0
aten::view,,,0.573,0.573,0,0,0,0
aten::view,,,0.533,0.533,0,0,0,0
aten::view,,,0.559,0.559,0,0,0,0
vllm::unified_attention_with_output,,,96.439,825.095,0,23.560499999999998,0,0
P12/B/0295/attention,,,309.779,728.656,0,23.560499999999998,0,0
aten::slice,,,1.133,2.418,0,0,0,0
aten::as_strided,,,1.285,1.285,0,0,0,0
aten::slice,,,0.52,0.814,0,0,0,0
aten::as_strided,,,0.294,0.294,0,0,0,0
aten::slice,,,2.099,2.799,0,0,0,0
aten::as_strided,,,0.7,0.7,0,0,0,0
P12/B/0296/cache_write,,,98.927,117.931,0,1.68,0,0
atb::_npu_reshape_and_cache,,,16.056,19.004,0,1.68,0,0
ReshapeCacheOperation,,,2.948,2.948,1.68,1.68,0,0
P12/B/0297/fia,,,197.935,280.823,0,21.880499999999998,0,0
aten::view,,,2.86,2.86,0,0,0,0
aten::view,,,1.038,1.038,0,0,0,0
aten::slice,,,0.722,1.714,0,0,0,0
aten::as_strided,,,0.992,0.992,0,0,0,0
npu::npu_fused_infer_attention_score,,,42.099,52.016,0,21.3205,0,0
empty_tensor,,,4.036,4.036,0,0,0,0
empty_tensor,,,0.918,0.918,0,0,0,0
empty_tensor,,,1.13,1.13,0,0,0,0
empty_tensor,,,0.967,0.967,0,0,0,0
aclnnFusedInferAttentionScoreV3,,,2.866,2.866,21.3205,21.3205,0,0
aten::view,,,1.11,1.11,0,0,0,0
aten::slice,,,0.508,1.383,0,0,0,0
aten::as_strided,,,0.875,0.875,0,0,0,0
aten::copy_,,,20.197,22.767,0,0.56,0,0
aclnnInplaceCopy,,,2.57,2.57,0.56,0.56,0,0
aten::slice,,,0.509,1.365,0,0,0,0
aten::as_strided,,,0.856,0.856,0,0,0,0
aten::copy_,,,10.289,12.727,0,0,0,0
aclnnInplaceCopy,,,2.438,2.438,0,0,0,0
aten::view,,,1.145,1.145,0,0,0,0
vllm::unquantized_gemm,,,6.633,31.707,0,5.5205,0,5.5205
aten::linear,,,2.135,25.074,0,5.5205,0,5.5205
aten::t,,,1.772,3.925,0,0,0,0
aten::transpose,,,0.96,2.153,0,0,0,0
aten::as_strided,,,1.193,1.193,0,0,0,0
aten::matmul,,,6.644,19.014,0,5.5205,0,5.5205
empty_tensor,,,2.956,2.956,0,0,0,0
aclnnMatmul,,,9.414,9.414,5.5205,5.5205,5.5205,5.5205
vllm::maybe_chunk_residual,,,5.308,5.308,0,0,0,0
_C_ascend::npu_add_rms_norm_bias,,,14.861,25.519,0,1.78,0,0
aten::empty,,,0.84,2.866,0,0,0,0
empty_tensor,,,2.026,2.026,0,0,0,0
aten::empty,,,0.245,1.553,0,0,0,0
empty_tensor,,,1.308,1.308,0,0,0,0
aten::empty,,,0.394,1.254,0,0,0,0
empty_tensor,,,0.86,0.86,0,0,0,0
aten::empty,,,0.355,2.23,0,0,0,0
empty_tensor,,,1.875,1.875,0,0,0,0
aclnnAddRmsNormBias,,,2.755,2.755,1.78,1.78,0,0
vllm::unquantized_gemm,,,3.966,14.427,0,18.9005,0,18.9005
aten::linear,,,0.863,10.461,0,18.9005,0,18.9005
aten::t,,,0.82,2.23,0,0,0,0
aten::transpose,,,0.441,1.41,0,0,0,0
aten::as_strided,,,0.969,0.969,0,0,0,0
aten::matmul,,,3.625,7.368,0,18.9005,0,18.9005
empty_tensor,,,1.419,1.419,0,0,0,0
aclnnMatmul,,,2.324,2.324,18.9005,18.9005,18.9005,18.9005
npu::npu_swiglu,,,10.737,14.552,0,4.08,0,0
empty_tensor,,,1.12,1.12,0,0,0,0
aclnnSwiGlu,,,2.695,2.695,4.08,4.08,0,0
vllm::unquantized_gemm,,,3.31,12.088,0,16.521,0,16.521
aten::linear,,,0.666,8.778,0,16.521,0,16.521
aten::t,,,0.795,2.209,0,0,0,0
aten::transpose,,,0.752,1.414,0,0,0,0
aten::as_strided,,,0.662,0.662,0,0,0,0
aten::matmul,,,2.48,5.903,0,16.521,0,16.521
empty_tensor,,,1.02,1.02,0,0,0,0
aclnnMatmul,,,2.403,2.403,16.521,16.521,16.521,16.521
vllm::maybe_chunk_residual,,,3.979,3.979,0,0,0,0
_C_ascend::npu_add_rms_norm_bias,,,8.483,17.005,0,1.66,0,0
aten::empty,,,0.366,1.497,0,0,0,0
empty_tensor,,,1.131,1.131,0,0,0,0
aten::empty,,,0.214,0.996,0,0,0,0
empty_tensor,,,0.782,0.782,0,0,0,0
aten::empty,,,0.324,1.616,0,0,0,0
empty_tensor,,,1.292,1.292,0,0,0,0
aten::empty,,,0.253,1.398,0,0,0,0
empty_tensor,,,1.145,1.145,0,0,0,0
aclnnAddRmsNormBias,,,3.015,3.015,1.66,1.66,0,0
vllm::unquantized_gemm,,,4.342,16.945,0,8.9605,0,7.8405
aten::linear,,,1.064,12.603,0,8.9605,0,7.8405
aten::t,,,0.858,1.879,0,0,0,0
aten::transpose,,,0.332,1.021,0,0,0,0
aten::as_strided,,,0.689,0.689,0,0,0,0
aten::addmm,,,6.068,9.66,0,8.9605,0,7.8405
empty_tensor,,,1.122,1.122,0,0,0,0
aclnnAddmm,,,2.47,2.47,8.9605,8.9605,7.8405,7.8405
aten::split_with_sizes,,,1.656,2.915,0,0,0,0
aten::as_strided,,,0.666,0.666,0,0,0,0
aten::as_strided,,,0.285,0.285,0,0,0,0
aten::as_strided,,,0.308,0.308,0,0,0,0
vllm::npu_rotary_embedding,,,200.364,214.043,0,2.86,0,0
aten::view,,,0.821,0.821,0,0,0,0
aten::view,,,0.315,0.315,0,0,0,0
_triton_rope,,,8.832,8.832,2.86,2.86,0,0
aten::view,,,1.361,1.361,0,0,0,0
aten::view,,,2.35,2.35,0,0,0,0
aten::empty,,,0.647,2.902,0,0,0,0
empty_tensor,,,2.255,2.255,0,0,0,0
aten::view,,,0.933,0.933,0,0,0,0
aten::view,,,0.671,0.671,0,0,0,0
aten::view,,,0.728,0.728,0,0,0,0
aten::view,,,0.73,0.73,0,0,0,0
vllm::unified_attention_with_output,,,105.06,960.191,0,21.721,0,0
P12/B/0298/attention,,,358.371,855.131,0,21.721,0,0
aten::slice,,,1.103,2.308,0,0,0,0
aten::as_strided,,,1.205,1.205,0,0,0,0
aten::slice,,,0.423,0.864,0,0,0,0
aten::as_strided,,,0.441,0.441,0,0,0,0
aten::slice,,,2.682,3.387,0,0,0,0
aten::as_strided,,,0.705,0.705,0,0,0,0
P12/B/0299/cache_write,,,104.468,124.105,0,1.54,0,0
atb::_npu_reshape_and_cache,,,16.443,19.637,0,1.54,0,0
ReshapeCacheOperation,,,3.194,3.194,1.54,1.54,0,0
P12/B/0300/fia,,,235.077,345.335,0,20.180999999999997,0,0
aten::view,,,2.701,2.701,0,0,0,0
aten::view,,,0.839,0.839,0,0,0,0
aten::slice,,,1.476,2.846,0,0,0,0
aten::as_strided,,,1.37,1.37,0,0,0,0
npu::npu_fused_infer_attention_score,,,50.946,69.974,0,19.601,0,0
empty_tensor,,,5.767,5.767,0,0,0,0
empty_tensor,,,2.638,2.638,0,0,0,0
empty_tensor,,,1.502,1.502,0,0,0,0
empty_tensor,,,1.43,1.43,0,0,0,0
aclnnFusedInferAttentionScoreV3,,,7.691,7.691,19.601,19.601,0,0
aten::view,,,1.752,1.752,0,0,0,0
aten::slice,,,1.14,2.46,0,0,0,0
aten::as_strided,,,1.32,1.32,0,0,0,0
aten::copy_,,,26.975,29.686,0,0.58,0,0
aclnnInplaceCopy,,,2.711,2.711,0.58,0.58,0,0
aten::slice,,,0.965,2.314,0,0,0,0
aten::as_strided,,,1.349,1.349,0,0,0,0
aten::copy_,,,15.587,18.447,0,0,0,0
aclnnInplaceCopy,,,2.86,2.86,0,0,0,0
aten::view,,,1.387,1.387,0,0,0,0
vllm::unquantized_gemm,,,7.773,29.141,0,5.9,0,5.9
aten::linear,,,1.667,21.368,0,5.9,0,5.9
aten::t,,,2.66,5.212,0,0,0,0
aten::transpose,,,1.137,2.552,0,0,0,0
aten::as_strided,,,1.415,1.415,0,0,0,0
aten::matmul,,,7.538,14.489,0,5.9,0,5.9
empty_tensor,,,4.309,4.309,0,0,0,0
aclnnMatmul,,,2.642,2.642,5.9,5.9,5.9,5.9
vllm::maybe_chunk_residual,,,5.585,5.585,0,0,0,0
_C_ascend::npu_add_rms_norm_bias,,,15.909,28.414,0,1.8005,0,0
aten::empty,,,1.092,3.447,0,0,0,0
empty_tensor,,,2.355,2.355,0,0,0,0
aten::empty,,,0.267,1.603,0,0,0,0
empty_tensor,,,1.336,1.336,0,0,0,0
aten::empty,,,0.464,1.39,0,0,0,0
empty_tensor,,,0.926,0.926,0,0,0,0
aten::empty,,,0.743,2.885,0,0,0,0
empty_tensor,,,2.142,2.142,0,0,0,0
aclnnAddRmsNormBias,,,3.18,3.18,1.8005,1.8005,0,0
vllm::unquantized_gemm,,,3.87,16.035,0,19.2805,0,19.2805
aten::linear,,,0.743,12.165,0,19.2805,0,19.2805
aten::t,,,0.953,2.579,0,0,0,0
aten::transpose,,,0.547,1.626,0,0,0,0
aten::as_strided,,,1.079,1.079,0,0,0,0
aten::matmul,,,4.66,8.843,0,19.2805,0,19.2805
empty_tensor,,,1.523,1.523,0,0,0,0
aclnnMatmul,,,2.66,2.66,19.2805,19.2805,19.2805,19.2805
npu::npu_swiglu,,,10.827,21.585,0,3.08,0,0
empty_tensor,,,1.473,1.473,0,0,0,0
aclnnSwiGlu,,,9.285,9.285,3.08,3.08,0,0
vllm::unquantized_gemm,,,3.394,12.126,0,16.7205,0,16.7205
aten::linear,,,0.754,8.732,0,16.7205,0,16.7205
aten::t,,,0.661,1.584,0,0,0,0
aten::transpose,,,0.363,0.923,0,0,0,0
aten::as_strided,,,0.56,0.56,0,0,0,0
aten::matmul,,,2.607,6.394,0,16.7205,0,16.7205
empty_tensor,,,1.46,1.46,0,0,0,0
aclnnMatmul,,,2.327,2.327,16.7205,16.7205,16.7205,16.7205
vllm::maybe_chunk_residual,,,4.037,4.037,0,0,0,0
_C_ascend::npu_add_rms_norm_bias,,,8.482,17.348,0,1.78,0,0
aten::empty,,,0.376,1.484,0,0,0,0
empty_tensor,,,1.108,1.108,0,0,0,0
aten::empty,,,0.219,1.612,0,0,0,0
empty_tensor,,,1.393,1.393,0,0,0,0
aten::empty,,,0.568,1.55,0,0,0,0
empty_tensor,,,0.982,0.982,0,0,0,0
aten::empty,,,0.433,1.598,0,0,0,0
empty_tensor,,,1.165,1.165,0,0,0,0
aclnnAddRmsNormBias,,,2.622,2.622,1.78,1.78,0,0
vllm::unquantized_gemm,,,4.241,17.216,0,9.0005,0,7.7805
aten::linear,,,1.142,12.975,0,9.0005,0,7.7805
aten::t,,,0.652,1.575,0,0,0,0
aten::transpose,,,0.355,0.923,0,0,0,0
aten::as_strided,,,0.568,0.568,0,0,0,0
aten::addmm,,,5.958,10.258,0,9.0005,0,7.7805
empty_tensor,,,1.833,1.833,0,0,0,0
aclnnAddmm,,,2.467,2.467,9.0005,9.0005,7.7805,7.7805
aten::split_with_sizes,,,1.401,2.871,0,0,0,0
aten::as_strided,,,0.699,0.699,0,0,0,0
aten::as_strided,,,0.415,0.415,0,0,0,0
aten::as_strided,,,0.356,0.356,0,0,0,0
vllm::npu_rotary_embedding,,,204.129,210.692,0,2.8405,0,0
aten::view,,,1.037,1.037,0,0,0,0
aten::view,,,0.305,0.305,0,0,0,0
_triton_rope,,,3.457,3.457,2.8405,2.8405,0,0
aten::view,,,1.155,1.155,0,0,0,0
aten::view,,,0.609,0.609,0,0,0,0
aten::empty,,,0.616,3.001,0,0,0,0
empty_tensor,,,2.385,2.385,0,0,0,0
aten::view,,,0.718,0.718,0,0,0,0
aten::view,,,0.603,0.603,0,0,0,0
aten::view,,,0.628,0.628,0,0,0,0
aten::view,,,0.554,0.554,0,0,0,0
vllm::unified_attention_with_output,,,98.601,861.414,0,21.8805,0,0
P12/B/0301/attention,,,317.923,762.813,0,21.8805,0,0
aten::slice,,,1.222,2.572,0,0,0,0
aten::as_strided,,,1.35,1.35,0,0,0,0
aten::slice,,,0.422,0.695,0,0,0,0
aten::as_strided,,,0.273,0.273,0,0,0,0
aten::slice,,,2.273,3.17,0,0,0,0
aten::as_strided,,,0.897,0.897,0,0,0,0
P12/B/0302/cache_write,,,110.5,130.525,0,1.6,0,0
atb::_npu_reshape_and_cache,,,16.92,20.025,0,1.6,0,0
ReshapeCacheOperation,,,3.105,3.105,1.6,1.6,0,0
P12/B/0303/fia,,,204.11,292.483,0,20.2805,0,0
aten::view,,,3.763,3.763,0,0,0,0
aten::view,,,0.969,0.969,0,0,0,0
aten::slice,,,0.776,1.841,0,0,0,0
aten::as_strided,,,1.065,1.065,0,0,0,0
npu::npu_fused_infer_attention_score,,,39.085,49.18,0,19.7005,0,0
empty_tensor,,,4.391,4.391,0,0,0,0
empty_tensor,,,0.995,0.995,0,0,0,0
empty_tensor,,,0.817,0.817,0,0,0,0
empty_tensor,,,0.704,0.704,0,0,0,0
aclnnFusedInferAttentionScoreV3,,,3.188,3.188,19.7005,19.7005,0,0
aten::view,,,1.06,1.06,0,0,0,0
aten::slice,,,0.564,1.461,0,0,0,0
aten::as_strided,,,0.897,0.897,0,0,0,0
aten::copy_,,,21.536,30.099,0,0.58,0,0
aclnnInplaceCopy,,,8.563,8.563,0.58,0.58,0,0
aten::slice,,,0.558,1.489,0,0,0,0
aten::as_strided,,,0.931,0.931,0,0,0,0
aten::copy_,,,11.322,13.956,0,0,0,0
aclnnInplaceCopy,,,2.634,2.634,0,0,0,0
aten::view,,,1.276,1.276,0,0,0,0
vllm::unquantized_gemm,,,7.152,25.583,0,5.7,0,5.7
aten::linear,,,1.593,18.431,0,5.7,0,5.7
aten::t,,,1.892,4.381,0,0,0,0
aten::transpose,,,1.305,2.489,0,0,0,0
aten::as_strided,,,1.184,1.184,0,0,0,0
aten::matmul,,,6.866,12.457,0,5.7,0,5.7
empty_tensor,,,2.938,2.938,0,0,0,0
aclnnMatmul,,,2.653,2.653,5.7,5.7,5.7,5.7
vllm::maybe_chunk_residual,,,4.969,4.969,0,0,0,0
_C_ascend::npu_add_rms_norm_bias,,,15.344,27.241,0,1.8005,0,0
aten::empty,,,0.896,2.913,0,0,0,0
empty_tensor,,,2.017,2.017,0,0,0,0
aten::empty,,,0.387,2.093,0,0,0,0
empty_tensor,,,1.706,1.706,0,0,0,0
aten::empty,,,0.385,1.433,0,0,0,0
empty_tensor,,,1.048,1.048,0,0,0,0
aten::empty,,,0.415,2.674,0,0,0,0
empty_tensor,,,2.259,2.259,0,0,0,0
aclnnAddRmsNormBias,,,2.784,2.784,1.8005,1.8005,0,0
vllm::unquantized_gemm,,,4.025,15.23,0,18.5605,0,18.5605
aten::linear,,,0.826,11.205,0,18.5605,0,18.5605
aten::t,,,0.852,2.384,0,0,0,0
aten::transpose,,,0.584,1.532,0,0,0,0
aten::as_strided,,,0.948,0.948,0,0,0,0
aten::matmul,,,3.798,7.995,0,18.5605,0,18.5605
empty_tensor,,,1.188,1.188,0,0,0,0
aclnnMatmul,,,3.009,3.009,18.5605,18.5605,18.5605,18.5605
npu::npu_swiglu,,,11.562,14.977,0,3.04,0,0
empty_tensor,,,1.078,1.078,0,0,0,0
aclnnSwiGlu,,,2.337,2.337,3.04,3.04,0,0
vllm::unquantized_gemm,,,3.728,11.65,0,16.6205,0,16.6205
aten::linear,,,0.652,7.922,0,16.6205,0,16.6205
aten::t,,,0.64,1.613,0,0,0,0
aten::transpose,,,0.402,0.973,0,0,0,0
aten::as_strided,,,0.571,0.571,0,0,0,0
aten::matmul,,,2.26,5.657,0,16.6205,0,16.6205
empty_tensor,,,1.055,1.055,0,0,0,0
aclnnMatmul,,,2.342,2.342,16.6205,16.6205,16.6205,16.6205
vllm::maybe_chunk_residual,,,4.107,4.107,0,0,0,0
_C_ascend::npu_add_rms_norm_bias,,,8.374,25.05,0,1.78,0,0
aten::empty,,,0.414,1.517,0,0,0,0
empty_tensor,,,1.103,1.103,0,0,0,0
aten::empty,,,0.217,1.452,0,0,0,0
empty_tensor,,,1.235,1.235,0,0,0,0
aten::empty,,,0.305,1.335,0,0,0,0
empty_tensor,,,1.03,1.03,0,0,0,0
aten::empty,,,0.878,2.306,0,0,0,0
empty_tensor,,,1.428,1.428,0,0,0,0
aclnnAddRmsNormBias,,,10.066,10.066,1.78,1.78,0,0
vllm::unquantized_gemm,,,4.201,16.776,0,8.500499999999999,0,7.3405
aten::linear,,,1.247,12.575,0,8.500499999999999,0,7.3405
aten::t,,,0.676,1.727,0,0,0,0
aten::transpose,,,0.404,1.051,0,0,0,0
aten::as_strided,,,0.647,0.647,0,0,0,0
aten::addmm,,,6.147,9.601,0,8.500499999999999,0,7.3405
empty_tensor,,,1.25,1.25,0,0,0,0
aclnnAddmm,,,2.204,2.204,8.500499999999999,8.500499999999999,7.3405,7.3405
aten::split_with_sizes,,,3.755,5.195,0,0,0,0
aten::as_strided,,,0.692,0.692,0,0,0,0
aten::as_strided,,,0.34,0.34,0,0,0,0
aten::as_strided,,,0.408,0.408,0,0,0,0
vllm::npu_rotary_embedding,,,203.201,209.64,0,2.94,0,0
aten::view,,,1.178,1.178,0,0,0,0
aten::view,,,0.312,0.312,0,0,0,0
_triton_rope,,,3.246,3.246,2.94,2.94,0,0
aten::view,,,1.126,1.126,0,0,0,0
aten::view,,,0.577,0.577,0,0,0,0
aten::empty,,,0.912,2.985,0,0,0,0
empty_tensor,,,2.073,2.073,0,0,0,0
aten::view,,,0.787,0.787,0,0,0,0
aten::view,,,0.473,0.473,0,0,0,0
aten::view,,,0.482,0.482,0,0,0,0
aten::view,,,0.395,0.395,0,0,0,0
vllm::unified_attention_with_output,,,99.607,843.673,0,22.680500000000002,0,0
P12/B/0304/attention,,,323.531,744.066,0,22.680500000000002,0,0
aten::slice,,,0.951,2.932,0,0,0,0
aten::as_strided,,,1.981,1.981,0,0,0,0
aten::slice,,,0.602,1.01,0,0,0,0
aten::as_strided,,,0.408,0.408,0,0,0,0
aten::slice,,,2.092,2.764,0,0,0,0
aten::as_strided,,,0.672,0.672,0,0,0,0
P12/B/0305/cache_write,,,100.263,119.63,0,1.56,0,0
atb::_npu_reshape_and_cache,,,16.346,19.367,0,1.56,0,0
ReshapeCacheOperation,,,3.021,3.021,1.56,1.56,0,0
P12/B/0306/fia,,,201.411,279.57,0,21.1205,0,0
aten::view,,,2.708,2.708,0,0,0,0
aten::view,,,0.837,0.837,0,0,0,0
aten::slice,,,0.628,1.62,0,0,0,0
aten::as_strided,,,0.992,0.992,0,0,0,0
npu::npu_fused_infer_attention_score,,,37.973,47.472,0,20.5605,0,0
empty_tensor,,,4.006,4.006,0,0,0,0
empty_tensor,,,1.027,1.027,0,0,0,0
empty_tensor,,,0.713,0.713,0,0,0,0
empty_tensor,,,0.657,0.657,0,0,0,0
aclnnFusedInferAttentionScoreV3,,,3.096,3.096,20.5605,20.5605,0,0
aten::view,,,1.036,1.036,0,0,0,0
aten::slice,,,0.468,1.223,0,0,0,0
aten::as_strided,,,0.755,0.755,0,0,0,0
aten::copy_,,,20.682,23.263,0,0.56,0,0
aclnnInplaceCopy,,,2.581,2.581,0.56,0.56,0,0
aten::slice,,,0.583,1.424,0,0,0,0
aten::as_strided,,,0.841,0.841,0,0,0,0
aten::copy_,,,10.672,13.205,0,0,0,0
aclnnInplaceCopy,,,2.533,2.533,0,0,0,0
aten::view,,,1.138,1.138,0,0,0,0
vllm::unquantized_gemm,,,6.859,25.532,0,5.6405,0,5.6405
aten::linear,,,1.686,18.673,0,5.6405,0,5.6405
aten::t,,,1.755,4.516,0,0,0,0
aten::transpose,,,1.614,2.761,0,0,0,0
aten::as_strided,,,1.147,1.147,0,0,0,0
aten::matmul,,,6.775,12.471,0,5.6405,0,5.6405
empty_tensor,,,3.216,3.216,0,0,0,0
aclnnMatmul,,,2.48,2.48,5.6405,5.6405,5.6405,5.6405
vllm::maybe_chunk_residual,,,5.216,5.216,0,0,0,0
_C_ascend::npu_add_rms_norm_bias,,,14.037,31.828,0,1.78,0,0
aten::empty,,,0.898,2.808,0,0,0,0
empty_tensor,,,1.91,1.91,0,0,0,0
aten::empty,,,0.23,1.361,0,0,0,0
empty_tensor,,,1.131,1.131,0,0,0,0
aten::empty,,,0.253,1.167,0,0,0,0
empty_tensor,,,0.914,0.914,0,0,0,0
aten::empty,,,0.383,2.66,0,0,0,0
empty_tensor,,,2.277,2.277,0,0,0,0
aclnnAddRmsNormBias,,,9.795,9.795,1.78,1.78,0,0
vllm::unquantized_gemm,,,3.975,14.353,0,19.001,0,19.001
aten::linear,,,0.853,10.378,0,19.001,0,19.001
aten::t,,,0.768,2.135,0,0,0,0
aten::transpose,,,0.478,1.367,0,0,0,0
aten::as_strided,,,0.889,0.889,0,0,0,0
aten::matmul,,,3.729,7.39,0,19.001,0,19.001
empty_tensor,,,1.22,1.22,0,0,0,0
aclnnMatmul,,,2.441,2.441,19.001,19.001,19.001,19.001
npu::npu_swiglu,,,10.567,14.142,0,3.18,0,0
empty_tensor,,,1.228,1.228,0,0,0,0
aclnnSwiGlu,,,2.347,2.347,3.18,3.18,0,0
vllm::unquantized_gemm,,,3.703,13.89,0,16.5005,0,16.5005
aten::linear,,,0.845,10.187,0,16.5005,0,16.5005
aten::t,,,1.858,2.96,0,0,0,0
aten::transpose,,,0.494,1.102,0,0,0,0
aten::as_strided,,,0.608,0.608,0,0,0,0
aten::matmul,,,2.847,6.382,0,16.5005,0,16.5005
empty_tensor,,,1.14,1.14,0,0,0,0
aclnnMatmul,,,2.395,2.395,16.5005,16.5005,16.5005,16.5005
vllm::maybe_chunk_residual,,,4.006,4.006,0,0,0,0
_C_ascend::npu_add_rms_norm_bias,,,9.173,18.724,0,1.68,0,0
aten::empty,,,0.461,1.733,0,0,0,0
empty_tensor,,,1.272,1.272,0,0,0,0
aten::empty,,,0.391,1.461,0,0,0,0
empty_tensor,,,1.07,1.07,0,0,0,0
aten::empty,,,0.301,1.235,0,0,0,0
empty_tensor,,,0.934,0.934,0,0,0,0
aten::empty,,,0.496,2.07,0,0,0,0
empty_tensor,,,1.574,1.574,0,0,0,0
aclnnAddRmsNormBias,,,3.052,3.052,1.68,1.68,0,0
aten::index,,,7.188,13.673,0,8.26,0,0
empty_tensor,,,0.905,0.905,0,0,0,0
empty_tensor,,,1.352,1.352,0,0,0,0
aclnnIndex,,,4.228,4.228,8.26,8.26,0,0
aten::linear,,,0.828,10.206,0,220.389,0,220.389
aten::t,,,0.747,1.992,0,0,0,0
aten::transpose,,,0.463,1.245,0,0,0,0
aten::as_strided,,,0.782,0.782,0,0,0,0
aten::matmul,,,3.055,7.386,0,220.389,0,220.389
empty_tensor,,,1.291,1.291,0,0,0,0
aclnnMatmul,,,3.04,3.04,220.389,220.389,220.389,220.389
aten::alias,,,1.011,1.011,0,0,0,0
P12/B/0307/sample,,,854.542,1367.2,0,370.51500000000004,0,0
aten::to,,,1.062,15.842,0,8.2605,0,0
aten::_to_copy,,,2.308,14.78,0,8.2605,0,0
aten::empty,,,0.83,3.952,0,0,0,0
empty_tensor,,,3.122,3.122,0,0,0,0
aten::copy_,,,5.387,8.52,0,8.2605,0,0
aclnnInplaceCopy,,,3.133,3.133,8.2605,8.2605,0,0
aten::lift_fresh,,,0.313,0.313,0,0,0,0
aten::to,,,0.707,0.707,0,0,0,0
aten::pin_memory,,,3.323,29.501,0,0,0,0
aten::is_pinned,,,11.165,11.165,0,0,0,0
aten::_pin_memory,,,7.608,15.013,0,0,0,0
aten::set_,,,1.8,1.8,0,0,0,0
aten::copy_,,,5.605,5.605,0,0,0,0
aten::to,,,0.707,22.021,0,2.76,0,0
aten::_to_copy,,,1.833,21.314,0,2.76,0,0
aten::empty_strided,,,3.127,4.427,0,0,0,0
empty_tensor,,,1.3,1.3,0,0,0,0
aten::copy_,,,5.157,15.054,0,2.76,0,0
acl_memcpy_host_to_device,,,9.897,9.897,2.76,2.76,0,0
record_event,,,1.686,1.686,0.0,0.0,0,0
aten::eq,,,4.173,6.87,0,2.5205,0,0
empty_tensor,,,1.646,1.646,0,0,0,0
aclnnEqScalar,,,1.051,1.051,2.5205,2.5205,0,0
aten::masked_fill_,,,28.99,31.47,0,76.803,0,0
aclnnInplaceMaskedFillScalar,,,2.48,2.48,76.803,76.803,0,0
aten::zeros,,,1.689,6.949,0,8.26,0,0
empty_tensor,,,1.801,1.801,0,0,0,0
aten::zero_,,,2.585,3.459,0,8.26,0,0
aclnnInplaceZero,,,0.874,0.874,8.26,8.26,0,0
token_bin_counts_and_mask_kernel,,,3.56,3.56,66.683,66.683,0,0
aten::gt,,,5.706,9.709,0,25.041000000000004,0,0
empty_tensor,,,1.836,1.836,0,0,0,0
aclnnGtScalar,,,2.167,2.167,25.041000000000004,25.041000000000004,0,0
aten::zeros,,,0.964,7.998,0,2.26,0,0
empty_tensor,,,1.098,1.098,0,0,0,0
aten::zero_,,,2.209,5.936,0,2.26,0,0
aclnnInplaceZero,,,3.727,3.727,2.26,2.26,0,0
token_bin_counts_and_mask_kernel,,,3.521,3.521,64.8425,64.8425,0,0
aten::gt,,,4.042,7.49,0,13.8005,0,0
empty_tensor,,,1.731,1.731,0,0,0,0
aclnnGtScalar,,,1.717,1.717,13.8005,13.8005,0,0
apply_all_penalties_kernel,,,2.435,2.435,76.183,76.183,0,0
aten::argmax,,,2.595,16.12,0,19.521,0,0
aten::empty,,,0.738,2.569,0,0,0,0
empty_tensor,,,1.831,1.831,0,0,0,0
aten::argmax,,,6.703,10.956,0,19.521,0,0
aten::reshape,,,0.674,2.5,0,0,0,0
aten::view,,,1.826,1.826,0,0,0,0
aclnnArgMax,,,1.753,1.753,19.521,19.521,0,0
aten::view,,,0.63,0.63,0,0,0,0
aten::to,,,0.423,0.423,0,0,0,0
aten::to,,,0.407,7.39,0,1.44,0,0
aten::_to_copy,,,1.136,6.983,0,1.44,0,0
aten::empty,,,0.421,1.633,0,0,0,0
empty_tensor,,,1.212,1.212,0,0,0,0
aten::copy_,,,3.189,4.214,0,1.44,0,0
aclnnInplaceCopy,,,1.025,1.025,1.44,1.44,0,0
aten::unsqueeze,,,1.041,2.413,0,0,0,0
aten::as_strided,,,1.372,1.372,0,0,0,0
P12/B/0308/to_list,,,150.991,332.525,0,2.14,0,0
aten::slice,,,4.124,5.319,0,0,0,0
aten::as_strided,,,1.195,1.195,0,0,0,0
aten::copy_,,,7.955,12.42,0,2.12,0,0
acl_memcpy_device_to_host,,,4.465,4.465,2.12,2.12,0,0
Event::record,,,116.813,119.81,0,0.02,0,0
record_event,,,2.997,2.997,0.02,0.02,0,0
Event::synchronize,,,43.35,43.35,0,0,0,0
aten::resolve_conj,,,0.321,0.321,0,0,0,0
aten::resolve_neg,,,0.314,0.314,0,0,0,0
aten::slice,,,1.132,3.085,0,0,0,0
aten::as_strided,,,1.953,1.953,0,0,0,0
P12/B/0309/manager_free,,,133.116,206.492,0,0,0,0
P12/B/0310/pool_free,,,73.376,73.376,0,0,0,0
aten::slice,,,4.205,6.756,0,0,0,0
aten::as_strided,,,2.551,2.551,0,0,0,0
aten::slice,,,0.786,1.148,0,0,0,0
aten::as_strided,,,0.362,0.362,0,0,0,0
aten::slice,,,0.715,1.055,0,0,0,0
aten::as_strided,,,0.34,0.34,0,0,0,0
