Name,Input Shapes,Call Stack,Host Self Duration(us),Host Total Duration(us),Device Self Duration(us),Device Total Duration(us),Device Self Duration With AICore(us),Device Total Duration With AICore(us)
P13/1025334/00033/runner,,,1825.316,85319.395,0,2871.995,0,1412.734
aten::slice,,,17.772,24.208,0,0,0,0
aten::as_strided,,,6.436,6.436,0,0,0,0
aten::slice,,,2.123,4.367,0,0,0,0
aten::as_strided,,,2.244,2.244,0,0,0,0
aten::copy_,,,25.989,43.161,0,2.7,0,0
acl_memcpy_host_to_device,,,17.172,17.172,2.7,2.7,0,0
aten::slice,,,0.777,1.681,0,0,0,0
aten::as_strided,,,0.904,0.904,0,0,0,0
aten::slice,,,1.028,1.679,0,0,0,0
aten::as_strided,,,0.651,0.651,0,0,0,0
aten::copy_,,,3.524,6.12,0,2.68,0,0
acl_memcpy_host_to_device,,,2.596,2.596,2.68,2.68,0,0
aten::slice,,,0.814,1.227,0,0,0,0
aten::as_strided,,,0.413,0.413,0,0,0,0
aten::slice,,,0.683,0.897,0,0,0,0
aten::as_strided,,,0.214,0.214,0,0,0,0
aten::copy_,,,2.383,3.724,0,2.7,0,0
acl_memcpy_host_to_device,,,1.341,1.341,2.7,2.7,0,0
aten::empty,,,11.766,11.766,0,0,0,0
aten::detach,,,1.931,1.931,0,0,0,0
aten::to,,,1.686,1.686,0,0,0,0
aten::resolve_conj,,,0.524,0.524,0,0,0,0
aten::resolve_neg,,,0.3,0.3,0,0,0,0
aten::to,,,1.237,27.326,0,2.72,0,0
aten::_to_copy,,,4.947,26.089,0,2.72,0,0
aten::empty_strided,,,10.57,15.108,0,0,0,0
empty_tensor,,,4.538,4.538,0,0,0,0
aten::copy_,,,3.396,6.034,0,2.72,0,0
acl_memcpy_host_to_device,,,2.638,2.638,2.72,2.72,0,0
aten::slice,,,0.966,1.567,0,0,0,0
aten::as_strided,,,0.601,0.601,0,0,0,0
aten::slice,,,0.595,1.067,0,0,0,0
aten::as_strided,,,0.472,0.472,0,0,0,0
aten::slice,,,0.442,0.75,0,0,0,0
aten::as_strided,,,0.308,0.308,0,0,0,0
record_event,,,3.652,3.652,0.0,0.0,0,0
P13/1025334/00034/prepare,,,1155.307,2907.377,0,160.467,0,0
P13/1025334/00035/buffer_copy,,,119.238,137.008,0,2.64,0,0
aten::slice,,,1.933,6.813,0,0,0,0
aten::as_strided,,,4.88,4.88,0,0,0,0
aten::slice,,,0.863,1.529,0,0,0,0
aten::as_strided,,,0.666,0.666,0,0,0,0
aten::copy_,,,6.558,9.428,0,2.64,0,0
acl_memcpy_host_to_device,,,2.87,2.87,2.64,2.64,0,0
aten::lift_fresh,,,0.719,0.719,0,0,0,0
aten::lift_fresh,,,0.087,0.087,0,0,0,0
aten::flatten,,,10.389,14.502,0,0,0,0
aten::view,,,4.113,4.113,0,0,0,0
aten::slice,,,1.334,2.109,0,0,0,0
aten::as_strided,,,0.775,0.775,0,0,0,0
aten::index_select,,,5.042,5.042,0,0,0,0
P13/1025334/00036/buffer_copy,,,108.446,120.421,0,2.66,0,0
aten::copy_,,,8.55,11.975,0,2.66,0,0
acl_memcpy_host_to_device,,,3.425,3.425,2.66,2.66,0,0
aten::slice,,,1.92,2.424,0,0,0,0
aten::as_strided,,,0.504,0.504,0,0,0,0
aten::lift_fresh,,,0.171,0.171,0,0,0,0
aten::slice,,,0.801,0.951,0,0,0,0
aten::as_strided,,,0.15,0.15,0,0,0,0
aten::add,,,10.704,10.704,0,0,0,0
aten::slice,,,0.545,0.826,0,0,0,0
aten::as_strided,,,0.281,0.281,0,0,0,0
aten::fill_,,,3.408,3.408,0,0,0,0
aten::slice,,,0.659,2.424,0,0,0,0
aten::as_strided,,,1.765,1.765,0,0,0,0
aten::fill_,,,14.833,22.405,0,0.98,0,0
aclnnInplaceFillScalar,,,7.572,7.572,0.98,0.98,0,0
P13/1025334/00037/buffer_copy,,,87.39,101.191,0,2.66,0,0
aten::slice,,,1.129,2.146,0,0,0,0
aten::as_strided,,,1.017,1.017,0,0,0,0
aten::slice,,,1.882,2.168,0,0,0,0
aten::as_strided,,,0.286,0.286,0,0,0,0
aten::copy_,,,6.408,9.487,0,2.66,0,0
acl_memcpy_host_to_device,,,3.079,3.079,2.66,2.66,0,0
aten::slice,,,1.001,1.318,0,0,0,0
aten::as_strided,,,0.317,0.317,0,0,0,0
aten::detach,,,1.719,1.719,0,0,0,0
aten::to,,,0.737,0.737,0,0,0,0
aten::resolve_conj,,,0.301,0.301,0,0,0,0
aten::resolve_neg,,,0.46,0.46,0,0,0,0
P13/1025334/00038/buffer_copy,,,75.99,80.309,0,0,0,0
aten::slice,,,1.161,2.468,0,0,0,0
aten::as_strided,,,1.307,1.307,0,0,0,0
aten::slice,,,0.752,1.091,0,0,0,0
aten::as_strided,,,0.339,0.339,0,0,0,0
aten::copy_,,,0.76,0.76,0,0,0,0
P13/1025334/00039/buffer_copy,,,71.417,83.714,0,2.68,0,0
aten::slice,,,1.185,2.16,0,0,0,0
aten::as_strided,,,0.975,0.975,0,0,0,0
aten::slice,,,0.63,0.932,0,0,0,0
aten::as_strided,,,0.302,0.302,0,0,0,0
aten::copy_,,,6.243,9.205,0,2.68,0,0
acl_memcpy_host_to_device,,,2.962,2.962,2.68,2.68,0,0
aten::fill_,,,5.425,7.911,0,0.94,0,0
aclnnInplaceFillScalar,,,2.486,2.486,0.94,0.94,0,0
aten::slice,,,1.049,2.088,0,0,0,0
aten::as_strided,,,1.039,1.039,0,0,0,0
aten::slice,,,0.632,0.925,0,0,0,0
aten::as_strided,,,0.293,0.293,0,0,0,0
aten::copy_,,,3.96,4.785,0,2.641,0,0
acl_memcpy_host_to_device,,,0.825,0.825,2.641,2.641,0,0
P13/1025334/00040/buffer_copy,,,72.146,83.235,0,2.66,0,0
aten::slice,,,1.118,2.905,0,0,0,0
aten::as_strided,,,1.787,1.787,0,0,0,0
aten::slice,,,0.691,1.184,0,0,0,0
aten::as_strided,,,0.493,0.493,0,0,0,0
aten::copy_,,,4.486,7.0,0,2.66,0,0
acl_memcpy_host_to_device,,,2.514,2.514,2.66,2.66,0,0
aten::slice,,,0.869,1.7,0,0,0,0
aten::as_strided,,,0.831,0.831,0,0,0,0
P13/1025334/00041/buffer_copy,,,67.764,77.36,0,2.68,0,0
aten::slice,,,0.873,1.617,0,0,0,0
aten::as_strided,,,0.744,0.744,0,0,0,0
aten::slice,,,0.707,1.03,0,0,0,0
aten::as_strided,,,0.323,0.323,0,0,0,0
aten::copy_,,,4.553,6.949,0,2.68,0,0
acl_memcpy_host_to_device,,,2.396,2.396,2.68,2.68,0,0
P13/1025334/00042/buffer_copy,,,70.495,81.344,0,2.66,0,0
aten::slice,,,1.187,2.289,0,0,0,0
aten::as_strided,,,1.102,1.102,0,0,0,0
aten::slice,,,0.592,0.855,0,0,0,0
aten::as_strided,,,0.263,0.263,0,0,0,0
aten::copy_,,,4.94,7.705,0,2.66,0,0
acl_memcpy_host_to_device,,,2.765,2.765,2.66,2.66,0,0
aten::slice,,,0.76,1.531,0,0,0,0
aten::as_strided,,,0.771,0.771,0,0,0,0
aten::index,,,13.368,28.61,0,9.8,0,0
empty_tensor,,,2.85,2.85,0,0,0,0
empty_tensor,,,3.543,3.543,0,0,0,0
aclnnIndex,,,8.849,8.849,9.8,9.8,0,0
aten::to,,,0.968,16.868,0,0.88,0,0
aten::_to_copy,,,2.241,15.9,0,0.88,0,0
aten::empty,,,1.723,6.389,0,0,0,0
empty_tensor,,,4.666,4.666,0,0,0,0
aten::copy_,,,5.123,7.27,0,0.88,0,0
aclnnInplaceCopy,,,2.147,2.147,0.88,0.88,0,0
aten::slice,,,1.659,2.331,0,0,0,0
aten::as_strided,,,0.672,0.672,0,0,0,0
aten::add,,,7.981,10.962,0,2.54,0,0
empty_tensor,,,1.128,1.128,0,0,0,0
aclnnAdd,,,1.853,1.853,2.54,2.54,0,0
aten::slice,,,0.722,1.326,0,0,0,0
aten::as_strided,,,0.604,0.604,0,0,0,0
aten::copy_,,,49.367,51.595,0,0.721,0,0
aclnnInplaceCopy,,,2.228,2.228,0.721,0.721,0,0
aten::slice,,,0.742,1.112,0,0,0,0
aten::as_strided,,,0.37,0.37,0,0,0,0
aten::add,,,3.332,5.013,0,1.22,0,0
empty_tensor,,,0.98,0.98,0,0,0,0
aclnnAdd,,,0.701,0.701,1.22,1.22,0,0
aten::copy_,,,8.043,9.035,0,0.6,0,0
aclnnInplaceCopy,,,0.992,0.992,0.6,0.6,0,0
aten::slice,,,0.63,1.079,0,0,0,0
aten::as_strided,,,0.449,0.449,0,0,0,0
aten::fill_,,,2.824,3.748,0,0,0,0
aclnnInplaceFillScalar,,,0.924,0.924,0,0,0,0
aten::slice,,,0.964,1.398,0,0,0,0
aten::as_strided,,,0.434,0.434,0,0,0,0
aten::slice,,,0.569,1.05,0,0,0,0
aten::as_strided,,,0.481,0.481,0,0,0,0
P13/1025334/00043/jit_run,,,556.289,738.349,0,120.245,0,0
P13/1025334/00044/launch,,,171.518,182.06,0,120.245,0,0
_compute_slot_mapping_kernel,,,10.542,10.542,120.245,120.245,0,0
aten::slice,,,2.962,5.137,0,0,0,0
aten::as_strided,,,2.175,2.175,0,0,0,0
aten::sub,,,10.706,20.628,0,1.26,0,0
empty_tensor,,,4.068,4.068,0,0,0,0
aten::item,,,1.655,2.786,0,0,0,0
aten::_local_scalar_dense,,,1.131,1.131,0,0,0,0
aclnnSubs,,,3.068,3.068,1.26,1.26,0,0
aten::detach,,,1.411,1.411,0,0,0,0
aten::to,,,0.818,0.818,0,0,0,0
aten::resolve_conj,,,0.34,0.34,0,0,0,0
aten::resolve_neg,,,0.136,0.136,0,0,0,0
aten::slice,,,2.112,3.542,0,0,0,0
aten::as_strided,,,1.43,1.43,0,0,0,0
aten::slice,,,1.238,2.216,0,0,0,0
aten::as_strided,,,0.978,0.978,0,0,0,0
aten::slice,,,0.664,1.353,0,0,0,0
aten::as_strided,,,0.689,0.689,0,0,0,0
aten::slice,,,1.295,1.87,0,0,0,0
aten::as_strided,,,0.575,0.575,0,0,0,0
aten::fill_,,,5.337,8.627,0,0,0,0
aclnnInplaceFillScalar,,,3.29,3.29,0,0,0,0
aten::slice,,,0.556,0.953,0,0,0,0
aten::as_strided,,,0.397,0.397,0,0,0,0
aten::fill_,,,1.903,2.909,0,0,0,0
aclnnInplaceFillScalar,,,1.006,1.006,0,0,0,0
aten::slice,,,0.581,0.928,0,0,0,0
aten::as_strided,,,0.347,0.347,0,0,0,0
aten::slice,,,0.917,1.196,0,0,0,0
aten::as_strided,,,0.279,0.279,0,0,0,0
aten::lt,,,8.124,8.124,0,0,0,0
aten::lift_fresh,,,0.257,0.257,0,0,0,0
aten::slice,,,0.285,0.672,0,0,0,0
aten::as_strided,,,0.387,0.387,0,0,0,0
aten::fill_,,,1.083,6.795,0,0,0,0
aten::copy_,,,5.712,5.712,0,0,0,0
aten::slice,,,0.675,0.927,0,0,0,0
aten::as_strided,,,0.252,0.252,0,0,0,0
aten::slice,,,0.747,1.353,0,0,0,0
aten::as_strided,,,0.606,0.606,0,0,0,0
aten::slice,,,0.61,0.952,0,0,0,0
aten::as_strided,,,0.342,0.342,0,0,0,0
aten::slice,,,0.534,1.959,0,0,0,0
aten::as_strided,,,1.425,1.425,0,0,0,0
aten::slice,,,0.899,1.229,0,0,0,0
aten::as_strided,,,0.33,0.33,0,0,0,0
aten::slice,,,0.758,0.957,0,0,0,0
aten::as_strided,,,0.199,0.199,0,0,0,0
aten::slice,,,0.594,0.786,0,0,0,0
aten::as_strided,,,0.192,0.192,0,0,0,0
aten::slice,,,0.863,1.135,0,0,0,0
aten::as_strided,,,0.272,0.272,0,0,0,0
aten::slice,,,0.524,0.802,0,0,0,0
aten::as_strided,,,0.278,0.278,0,0,0,0
aten::sub,,,4.283,4.283,0,0,0,0
aten::gt,,,6.823,15.388,0,0,0,0
aten::to,,,0.688,8.565,0,0,0,0
aten::_to_copy,,,2.914,7.877,0,0,0,0
aten::empty_strided,,,1.934,1.934,0,0,0,0
aten::copy_,,,3.029,3.029,0,0,0,0
aten::any,,,5.392,9.311,0,0,0,0
aten::view_as,,,1.106,1.927,0,0,0,0
aten::view,,,0.821,0.821,0,0,0,0
aten::to,,,0.387,0.387,0,0,0,0
aten::copy_,,,1.605,1.605,0,0,0,0
aten::is_nonzero,,,1.19,2.199,0,0,0,0
aten::item,,,0.569,1.009,0,0,0,0
aten::_local_scalar_dense,,,0.44,0.44,0,0,0,0
aten::to,,,0.317,2.996,0,0,0,0
aten::_to_copy,,,0.548,2.679,0,0,0,0
aten::empty_strided,,,0.495,0.495,0,0,0,0
aten::copy_,,,1.636,1.636,0,0,0,0
aten::argmax,,,2.946,3.251,0,0,0,0
aten::fill_,,,0.305,0.305,0,0,0,0
aten::item,,,0.262,0.496,0,0,0,0
aten::_local_scalar_dense,,,0.234,0.234,0,0,0,0
aten::select,,,3.969,4.288,0,0,0,0
aten::as_strided,,,0.319,0.319,0,0,0,0
aten::item,,,0.309,0.538,0,0,0,0
aten::_local_scalar_dense,,,0.229,0.229,0,0,0,0
aten::slice,,,0.488,0.807,0,0,0,0
aten::as_strided,,,0.319,0.319,0,0,0,0
aten::slice,,,0.732,1.504,0,0,0,0
aten::as_strided,,,0.772,0.772,0,0,0,0
aten::pin_memory,,,1.82,13.087,0,0,0,0
aten::is_pinned,,,11.267,11.267,0,0,0,0
aten::to,,,0.713,27.238,0,2.72,0,0
aten::_to_copy,,,8.387,26.525,0,2.72,0,0
aten::empty_strided,,,5.162,9.098,0,0,0,0
empty_tensor,,,3.936,3.936,0,0,0,0
aten::copy_,,,5.894,9.04,0,2.72,0,0
acl_memcpy_host_to_device,,,3.146,3.146,2.72,2.72,0,0
aten::resolve_conj,,,0.276,0.276,0,0,0,0
aten::resolve_neg,,,0.213,0.213,0,0,0,0
aten::slice,,,0.603,0.868,0,0,0,0
aten::as_strided,,,0.265,0.265,0,0,0,0
aten::resolve_conj,,,0.205,0.205,0,0,0,0
aten::resolve_neg,,,0.06,0.06,0,0,0,0
aten::slice,,,0.783,1.264,0,0,0,0
aten::as_strided,,,0.481,0.481,0,0,0,0
aten::slice,,,0.535,0.927,0,0,0,0
aten::as_strided,,,0.392,0.392,0,0,0,0
aten::index_select,,,10.295,15.536,0,3.86,0,0
empty_tensor,,,2.353,2.353,0,0,0,0
aclnnIndexSelect,,,2.888,2.888,3.86,3.86,0,0
aten::view,,,2.121,2.121,0,0,0,0
aten::repeat,,,5.3,7.785,0,1.74,0,0
empty_tensor,,,1.163,1.163,0,0,0,0
aclnnRepeat,,,1.322,1.322,1.74,1.74,0,0
aten::chunk,,,2.661,10.322,0,0,0,0
aten::split,,,2.193,7.661,0,0,0,0
aten::narrow,,,2.07,4.428,0,0,0,0
aten::slice,,,0.435,2.358,0,0,0,0
aten::as_strided,,,1.923,1.923,0,0,0,0
aten::narrow,,,0.312,1.04,0,0,0,0
aten::slice,,,0.28,0.728,0,0,0,0
aten::as_strided,,,0.448,0.448,0,0,0,0
aten::slice,,,0.66,1.366,0,0,0,0
aten::as_strided,,,0.706,0.706,0,0,0,0
aten::view,,,0.947,0.947,0,0,0,0
aten::expand,,,2.088,2.911,0,0,0,0
aten::as_strided,,,0.823,0.823,0,0,0,0
aten::copy_,,,3.46,5.704,0,2.96,0,0
aclnnInplaceCopy,,,2.244,2.244,2.96,2.96,0,0
aten::index_select,,,3.087,12.709,0,3.66,0,0
empty_tensor,,,1.144,1.144,0,0,0,0
aclnnIndexSelect,,,8.478,8.478,3.66,3.66,0,0
aten::view,,,0.722,0.722,0,0,0,0
aten::repeat,,,2.763,5.413,0,1.8,0,0
empty_tensor,,,0.941,0.941,0,0,0,0
aclnnRepeat,,,1.709,1.709,1.8,1.8,0,0
aten::chunk,,,0.443,3.742,0,0,0,0
aten::split,,,0.534,3.299,0,0,0,0
aten::narrow,,,0.449,1.469,0,0,0,0
aten::slice,,,0.361,1.02,0,0,0,0
aten::as_strided,,,0.659,0.659,0,0,0,0
aten::narrow,,,0.401,1.296,0,0,0,0
aten::slice,,,0.494,0.895,0,0,0,0
aten::as_strided,,,0.401,0.401,0,0,0,0
aten::slice,,,0.7,1.145,0,0,0,0
aten::as_strided,,,0.445,0.445,0,0,0,0
aten::view,,,0.622,0.622,0,0,0,0
aten::expand,,,0.361,0.851,0,0,0,0
aten::as_strided,,,0.49,0.49,0,0,0,0
aten::copy_,,,2.24,4.589,0,2.36,0,0
aclnnInplaceCopy,,,2.349,2.349,2.36,2.36,0,0
aten::slice,,,0.488,0.827,0,0,0,0
aten::as_strided,,,0.339,0.339,0,0,0,0
aten::slice,,,0.544,0.946,0,0,0,0
aten::as_strided,,,0.402,0.402,0,0,0,0
P13/1025334/00045/forward,,,11245.378,80196.676,0,2452.239,0,1191.766
aten::to,,,0.642,16.902,0,0.86,0,0
aten::_to_copy,,,2.279,16.26,0,0.86,0,0
aten::empty,,,1.131,5.18,0,0,0,0
empty_tensor,,,4.049,4.049,0,0,0,0
aten::copy_,,,5.818,8.801,0,0.86,0,0
aclnnInplaceCopy,,,2.983,2.983,0.86,0.86,0,0
aten::embedding,,,6.049,11.584,0,3.641,0,0
empty_tensor,,,3.285,3.285,0,0,0,0
aclnnEmbedding,,,2.25,2.25,3.641,3.641,0,0
vllm::maybe_pad_and_reduce,,,20.398,20.398,0,0,0,0
npu::npu_rms_norm,,,38.979,44.863,0,6.28,0,0
empty_tensor,,,2.278,2.278,0,0,0,0
empty_tensor,,,1.108,1.108,0,0,0,0
aclnnRmsNorm,,,2.498,2.498,6.28,6.28,0,0
vllm::unquantized_gemm,,,96.282,234.088,0,8.461,0,7.321
P13/1025334/00046/linear,,,108.456,137.806,0,8.461,0,7.321
aten::linear,,,3.701,29.35,0,8.461,0,7.321
aten::t,,,3.176,7.464,0,0,0,0
aten::transpose,,,2.334,4.288,0,0,0,0
aten::as_strided,,,1.954,1.954,0,0,0,0
aten::addmm,,,11.403,18.185,0,8.461,0,7.321
empty_tensor,,,3.993,3.993,0,0,0,0
aclnnAddmm,,,2.789,2.789,8.461,8.461,7.321,7.321
aten::split_with_sizes,,,2.067,4.086,0,0,0,0
aten::as_strided,,,1.32,1.32,0,0,0,0
aten::as_strided,,,0.279,0.279,0,0,0,0
aten::as_strided,,,0.42,0.42,0,0,0,0
vllm::npu_rotary_embedding,,,182.493,973.024,0,8.721,0,0
aten::view,,,1.658,1.658,0,0,0,0
aten::view,,,0.56,0.56,0,0,0,0
aten::contiguous,,,5.125,20.13,0,2.1,0,0
aten::clone,,,2.282,15.005,0,2.1,0,0
empty_tensor,,,2.643,2.643,0,0,0,0
aten::copy_,,,4.798,10.08,0,2.1,0,0
aclnnInplaceCopy,,,5.282,5.282,2.1,2.1,0,0
aten::contiguous,,,0.463,6.342,0,1.921,0,0
aten::clone,,,0.853,5.879,0,1.921,0,0
empty_tensor,,,2.024,2.024,0,0,0,0
aten::copy_,,,1.907,3.002,0,1.921,0,0
aclnnInplaceCopy,,,1.095,1.095,1.921,1.921,0,0
P13/1025334/00047/jit_run,,,567.683,758.101,0,4.7,0,0
P13/1025334/00048/launch,,,184.793,190.418,0,4.7,0,0
_triton_rope,,,5.625,5.625,4.7,4.7,0,0
aten::view,,,3.147,3.147,0,0,0,0
aten::view,,,0.593,0.593,0,0,0,0
aten::empty,,,1.42,6.275,0,0,0,0
empty_tensor,,,4.855,4.855,0,0,0,0
aten::view,,,1.032,1.032,0,0,0,0
aten::view,,,0.488,0.488,0,0,0,0
aten::view,,,0.462,0.462,0,0,0,0
aten::view,,,0.952,0.952,0,0,0,0
vllm::unified_attention_with_output,,,167.475,1274.748,0,32.601,0,0
P13/1025334/00049/attention,,,295.839,1107.273,0,32.601,0,0
aten::slice,,,1.559,3.199,0,0,0,0
aten::as_strided,,,1.64,1.64,0,0,0,0
aten::slice,,,0.457,1.478,0,0,0,0
aten::as_strided,,,1.021,1.021,0,0,0,0
aten::slice,,,2.755,4.075,0,0,0,0
aten::as_strided,,,1.32,1.32,0,0,0,0
P13/1025334/00050/cache_write,,,152.312,292.344,0,5.699999999999999,0,0
P13/1025334/00051/torch_api,,,88.949,140.032,0,5.699999999999999,0,0
atb::_npu_reshape_and_cache,,,30.491,51.083,0,5.699999999999999,0,0
aten::contiguous,,,1.062,17.994,0,2.42,0,0
aten::clone,,,1.859,16.932,0,2.42,0,0
empty_tensor,,,3.809,3.809,0,0,0,0
aten::copy_,,,7.517,11.264,0,2.42,0,0
aclnnInplaceCopy,,,3.747,3.747,2.42,2.42,0,0
ReshapeCacheOperation,,,2.598,2.598,3.28,3.28,0,0
P13/1025334/00052/fia,,,237.515,495.423,0,26.901,0,0
aten::slice,,,1.011,2.403,0,0,0,0
aten::as_strided,,,1.392,1.392,0,0,0,0
aten::slice,,,0.38,0.812,0,0,0,0
aten::as_strided,,,0.432,0.432,0,0,0,0
aten::slice,,,0.648,1.219,0,0,0,0
aten::as_strided,,,0.571,0.571,0,0,0,0
P13/1025334/00053/torch_api,,,115.114,226.76,0,26.261000000000003,0,0
npu::npu_fused_infer_attention_score,,,100.677,111.646,0,26.261000000000003,0,0
empty_tensor,,,3.535,3.535,0,0,0,0
empty_tensor,,,1.413,1.413,0,0,0,0
empty_tensor,,,1.478,1.478,0,0,0,0
empty_tensor,,,0.86,0.86,0,0,0,0
aclnnFusedInferAttentionScoreV3,,,3.683,3.683,26.261000000000003,26.261000000000003,0,0
aten::view,,,2.083,2.083,0,0,0,0
aten::slice,,,0.796,1.914,0,0,0,0
aten::as_strided,,,1.118,1.118,0,0,0,0
aten::copy_,,,17.224,22.717,0,0.64,0,0
aclnnInplaceCopy,,,5.493,5.493,0.64,0.64,0,0
aten::slice,,,0.618,1.655,0,0,0,0
aten::as_strided,,,1.037,1.037,0,0,0,0
aten::copy_,,,10.49,13.26,0,0,0,0
aclnnInplaceCopy,,,2.77,2.77,0,0,0,0
aten::view,,,1.362,1.362,0,0,0,0
vllm::unquantized_gemm,,,76.753,198.448,0,6.02,0,6.02
P13/1025334/00054/linear,,,87.386,121.695,0,6.02,0,6.02
aten::linear,,,2.536,34.309,0,6.02,0,6.02
aten::t,,,2.858,6.167,0,0,0,0
aten::transpose,,,1.377,3.309,0,0,0,0
aten::as_strided,,,1.932,1.932,0,0,0,0
aten::matmul,,,10.033,25.606,0,6.02,0,6.02
empty_tensor,,,4.067,4.067,0,0,0,0
aclnnMatmul,,,11.506,11.506,6.02,6.02,6.02,6.02
vllm::maybe_chunk_residual,,,8.148,8.148,0,0,0,0
_C_ascend::npu_add_rms_norm_bias,,,33.987,47.84,0,4.08,0,0
aten::empty,,,1.16,4.22,0,0,0,0
empty_tensor,,,3.06,3.06,0,0,0,0
aten::empty,,,0.364,1.66,0,0,0,0
empty_tensor,,,1.296,1.296,0,0,0,0
aten::empty,,,0.354,1.897,0,0,0,0
empty_tensor,,,1.543,1.543,0,0,0,0
aten::empty,,,0.406,2.882,0,0,0,0
empty_tensor,,,2.476,2.476,0,0,0,0
aclnnAddRmsNormBias,,,3.194,3.194,4.08,4.08,0,0
vllm::unquantized_gemm,,,71.946,174.642,0,19.24,0,19.24
P13/1025334/00055/linear,,,84.724,102.696,0,19.24,0,19.24
aten::linear,,,1.719,17.972,0,19.24,0,19.24
aten::t,,,1.965,4.547,0,0,0,0
aten::transpose,,,0.926,2.582,0,0,0,0
aten::as_strided,,,1.656,1.656,0,0,0,0
aten::matmul,,,6.526,11.706,0,19.24,0,19.24
empty_tensor,,,2.48,2.48,0,0,0,0
aclnnMatmul,,,2.7,2.7,19.24,19.24,19.24,19.24
npu::npu_swiglu,,,18.561,23.089,0,6.58,0,0
empty_tensor,,,1.899,1.899,0,0,0,0
aclnnSwiGlu,,,2.629,2.629,6.58,6.58,0,0
vllm::unquantized_gemm,,,71.774,158.369,0,16.801,0,16.801
P13/1025334/00056/linear,,,73.02,86.595,0,16.801,0,16.801
aten::linear,,,1.159,13.575,0,16.801,0,16.801
aten::t,,,1.313,3.382,0,0,0,0
aten::transpose,,,0.789,2.069,0,0,0,0
aten::as_strided,,,1.28,1.28,0,0,0,0
aten::matmul,,,4.958,9.034,0,16.801,0,16.801
empty_tensor,,,1.897,1.897,0,0,0,0
aclnnMatmul,,,2.179,2.179,16.801,16.801,16.801,16.801
vllm::maybe_chunk_residual,,,7.052,7.052,0,0,0,0
_C_ascend::npu_add_rms_norm_bias,,,12.529,23.68,0,3.46,0,0
aten::empty,,,0.759,2.986,0,0,0,0
empty_tensor,,,2.227,2.227,0,0,0,0
aten::empty,,,0.234,1.584,0,0,0,0
empty_tensor,,,1.35,1.35,0,0,0,0
aten::empty,,,0.408,1.45,0,0,0,0
empty_tensor,,,1.042,1.042,0,0,0,0
aten::empty,,,0.356,2.125,0,0,0,0
empty_tensor,,,1.769,1.769,0,0,0,0
aclnnAddRmsNormBias,,,3.006,3.006,3.46,3.46,0,0
vllm::unquantized_gemm,,,82.628,196.922,0,9.281,0,8.101
P13/1025334/00057/linear,,,95.626,114.294,0,9.281,0,8.101
aten::linear,,,1.731,18.668,0,9.281,0,8.101
aten::t,,,1.37,3.426,0,0,0,0
aten::transpose,,,0.684,2.056,0,0,0,0
aten::as_strided,,,1.372,1.372,0,0,0,0
aten::addmm,,,8.332,13.511,0,9.281,0,8.101
empty_tensor,,,2.184,2.184,0,0,0,0
aclnnAddmm,,,2.995,2.995,9.281,9.281,8.101,8.101
aten::split_with_sizes,,,1.929,3.728,0,0,0,0
aten::as_strided,,,1.268,1.268,0,0,0,0
aten::as_strided,,,0.291,0.291,0,0,0,0
aten::as_strided,,,0.24,0.24,0,0,0,0
vllm::npu_rotary_embedding,,,182.427,906.083,0,8.879999999999999,0,0
aten::view,,,1.576,1.576,0,0,0,0
aten::view,,,0.556,0.556,0,0,0,0
aten::contiguous,,,0.985,15.568,0,2.52,0,0
aten::clone,,,1.892,14.583,0,2.52,0,0
empty_tensor,,,2.282,2.282,0,0,0,0
aten::copy_,,,4.673,10.409,0,2.52,0,0
aclnnInplaceCopy,,,5.736,5.736,2.52,2.52,0,0
aten::contiguous,,,0.346,5.122,0,2.4,0,0
aten::clone,,,0.668,4.776,0,2.4,0,0
empty_tensor,,,1.288,1.288,0,0,0,0
aten::copy_,,,1.703,2.82,0,2.4,0,0
aclnnInplaceCopy,,,1.117,1.117,2.4,2.4,0,0
P13/1025334/00058/jit_run,,,548.764,697.572,0,3.96,0,0
P13/1025334/00059/launch,,,144.613,148.808,0,3.96,0,0
_triton_rope,,,4.195,4.195,3.96,3.96,0,0
aten::view,,,2.72,2.72,0,0,0,0
aten::view,,,0.542,0.542,0,0,0,0
aten::empty,,,1.102,5.589,0,0,0,0
empty_tensor,,,4.487,4.487,0,0,0,0
aten::view,,,0.844,0.844,0,0,0,0
aten::view,,,0.496,0.496,0,0,0,0
aten::view,,,0.449,0.449,0,0,0,0
aten::view,,,0.741,0.741,0,0,0,0
vllm::unified_attention_with_output,,,105.237,1179.923,0,29.160999999999998,0,0
P13/1025334/00060/attention,,,300.717,1074.686,0,29.160999999999998,0,0
aten::slice,,,2.045,3.506,0,0,0,0
aten::as_strided,,,1.461,1.461,0,0,0,0
aten::slice,,,0.634,1.389,0,0,0,0
aten::as_strided,,,0.755,0.755,0,0,0,0
aten::slice,,,2.712,3.469,0,0,0,0
aten::as_strided,,,0.757,0.757,0,0,0,0
P13/1025334/00061/cache_write,,,152.834,285.68,0,5.52,0,0
P13/1025334/00062/torch_api,,,83.062,132.846,0,5.52,0,0
atb::_npu_reshape_and_cache,,,30.1,49.784,0,5.52,0,0
aten::contiguous,,,1.016,17.163,0,2.36,0,0
aten::clone,,,1.613,16.147,0,2.36,0,0
empty_tensor,,,3.974,3.974,0,0,0,0
aten::copy_,,,7.393,10.56,0,2.36,0,0
aclnnInplaceCopy,,,3.167,3.167,2.36,2.36,0,0
ReshapeCacheOperation,,,2.521,2.521,3.16,3.16,0,0
P13/1025334/00063/fia,,,246.242,463.392,0,23.641,0,0
aten::slice,,,1.019,2.498,0,0,0,0
aten::as_strided,,,1.479,1.479,0,0,0,0
aten::slice,,,0.536,1.273,0,0,0,0
aten::as_strided,,,0.737,0.737,0,0,0,0
aten::slice,,,0.422,1.106,0,0,0,0
aten::as_strided,,,0.684,0.684,0,0,0,0
P13/1025334/00064/torch_api,,,109.355,188.29,0,23.041,0,0
npu::npu_fused_infer_attention_score,,,68.069,78.935,0,23.041,0,0
empty_tensor,,,3.728,3.728,0,0,0,0
empty_tensor,,,1.233,1.233,0,0,0,0
empty_tensor,,,1.146,1.146,0,0,0,0
empty_tensor,,,1.223,1.223,0,0,0,0
aclnnFusedInferAttentionScoreV3,,,3.536,3.536,23.041,23.041,0,0
aten::view,,,2.081,2.081,0,0,0,0
aten::slice,,,0.909,2.078,0,0,0,0
aten::as_strided,,,1.169,1.169,0,0,0,0
aten::copy_,,,17.2,19.824,0,0.6,0,0
aclnnInplaceCopy,,,2.624,2.624,0.6,0.6,0,0
aten::slice,,,0.707,1.66,0,0,0,0
aten::as_strided,,,0.953,0.953,0,0,0,0
aten::copy_,,,10.29,14.873,0,0,0,0
aclnnInplaceCopy,,,4.583,4.583,0,0,0,0
aten::view,,,1.375,1.375,0,0,0,0
vllm::unquantized_gemm,,,75.726,186.152,0,6.02,0,6.02
P13/1025334/00065/linear,,,81.252,110.426,0,6.02,0,6.02
aten::linear,,,1.902,29.174,0,6.02,0,6.02
aten::t,,,2.763,5.263,0,0,0,0
aten::transpose,,,1.152,2.5,0,0,0,0
aten::as_strided,,,1.348,1.348,0,0,0,0
aten::matmul,,,7.889,22.009,0,6.02,0,6.02
empty_tensor,,,4.541,4.541,0,0,0,0
aclnnMatmul,,,9.579,9.579,6.02,6.02,6.02,6.02
vllm::maybe_chunk_residual,,,7.71,7.71,0,0,0,0
_C_ascend::npu_add_rms_norm_bias,,,16.266,28.994,0,3.08,0,0
aten::empty,,,1.114,4.109,0,0,0,0
empty_tensor,,,2.995,2.995,0,0,0,0
aten::empty,,,0.298,1.561,0,0,0,0
empty_tensor,,,1.263,1.263,0,0,0,0
aten::empty,,,0.419,1.444,0,0,0,0
empty_tensor,,,1.025,1.025,0,0,0,0
aten::empty,,,0.393,2.461,0,0,0,0
empty_tensor,,,2.068,2.068,0,0,0,0
aclnnAddRmsNormBias,,,3.153,3.153,3.08,3.08,0,0
vllm::unquantized_gemm,,,72.559,168.803,0,20.701,0,20.701
P13/1025334/00066/linear,,,78.251,96.244,0,20.701,0,20.701
aten::linear,,,1.445,17.993,0,20.701,0,20.701
aten::t,,,1.596,3.899,0,0,0,0
aten::transpose,,,0.79,2.303,0,0,0,0
aten::as_strided,,,1.513,1.513,0,0,0,0
aten::matmul,,,5.981,12.649,0,20.701,0,20.701
empty_tensor,,,3.848,3.848,0,0,0,0
aclnnMatmul,,,2.82,2.82,20.701,20.701,20.701,20.701
npu::npu_swiglu,,,14.719,19.473,0,5.4,0,0
empty_tensor,,,2.039,2.039,0,0,0,0
aclnnSwiGlu,,,2.715,2.715,5.4,5.4,0,0
vllm::unquantized_gemm,,,65.422,150.752,0,16.501,0,16.501
P13/1025334/00067/linear,,,71.931,85.33,0,16.501,0,16.501
aten::linear,,,1.038,13.399,0,16.501,0,16.501
aten::t,,,1.165,3.096,0,0,0,0
aten::transpose,,,0.676,1.931,0,0,0,0
aten::as_strided,,,1.255,1.255,0,0,0,0
aten::matmul,,,4.707,9.265,0,16.501,0,16.501
empty_tensor,,,1.874,1.874,0,0,0,0
aclnnMatmul,,,2.684,2.684,16.501,16.501,16.501,16.501
vllm::maybe_chunk_residual,,,7.159,7.159,0,0,0,0
_C_ascend::npu_add_rms_norm_bias,,,12.41,22.67,0,2.88,0,0
aten::empty,,,0.674,2.848,0,0,0,0
empty_tensor,,,2.174,2.174,0,0,0,0
aten::empty,,,0.224,1.182,0,0,0,0
empty_tensor,,,0.958,0.958,0,0,0,0
aten::empty,,,0.217,0.947,0,0,0,0
empty_tensor,,,0.73,0.73,0,0,0,0
aten::empty,,,0.374,2.256,0,0,0,0
empty_tensor,,,1.882,1.882,0,0,0,0
aclnnAddRmsNormBias,,,3.027,3.027,2.88,2.88,0,0
vllm::unquantized_gemm,,,89.946,211.406,0,8.621,0,7.341
P13/1025334/00068/linear,,,101.033,121.46,0,8.621,0,7.341
aten::linear,,,1.554,20.427,0,8.621,0,7.341
aten::t,,,1.406,3.626,0,0,0,0
aten::transpose,,,0.794,2.22,0,0,0,0
aten::as_strided,,,1.426,1.426,0,0,0,0
aten::addmm,,,8.907,15.247,0,8.621,0,7.341
empty_tensor,,,3.685,3.685,0,0,0,0
aclnnAddmm,,,2.655,2.655,8.621,8.621,7.341,7.341
aten::split_with_sizes,,,1.909,3.65,0,0,0,0
aten::as_strided,,,1.207,1.207,0,0,0,0
aten::as_strided,,,0.294,0.294,0,0,0,0
aten::as_strided,,,0.24,0.24,0,0,0,0
vllm::npu_rotary_embedding,,,182.066,910.24,0,9.781,0,0
aten::view,,,1.578,1.578,0,0,0,0
aten::view,,,0.527,0.527,0,0,0,0
aten::contiguous,,,0.898,12.67,0,2.5,0,0
aten::clone,,,1.663,11.772,0,2.5,0,0
empty_tensor,,,2.228,2.228,0,0,0,0
aten::copy_,,,5.074,7.881,0,2.5,0,0
aclnnInplaceCopy,,,2.807,2.807,2.5,2.5,0,0
aten::contiguous,,,0.414,12.605,0,2.48,0,0
aten::clone,,,0.588,12.191,0,2.48,0,0
empty_tensor,,,1.139,1.139,0,0,0,0
aten::copy_,,,1.893,10.464,0,2.48,0,0
aclnnInplaceCopy,,,8.571,8.571,2.48,2.48,0,0
P13/1025334/00069/jit_run,,,548.295,697.497,0,4.801,0,0
P13/1025334/00070/launch,,,144.779,149.202,0,4.801,0,0
_triton_rope,,,4.423,4.423,4.801,4.801,0,0
aten::view,,,2.509,2.509,0,0,0,0
aten::view,,,0.788,0.788,0,0,0,0
aten::empty,,,1.084,5.02,0,0,0,0
empty_tensor,,,3.936,3.936,0,0,0,0
aten::view,,,0.987,0.987,0,0,0,0
aten::view,,,0.535,0.535,0,0,0,0
aten::view,,,0.487,0.487,0,0,0,0
aten::view,,,0.765,0.765,0,0,0,0
vllm::unified_attention_with_output,,,100.22,1154.237,0,28.98,0,0
P13/1025334/00071/attention,,,289.405,1054.017,0,28.98,0,0
aten::slice,,,1.373,2.834,0,0,0,0
aten::as_strided,,,1.461,1.461,0,0,0,0
aten::slice,,,0.593,1.411,0,0,0,0
aten::as_strided,,,0.818,0.818,0,0,0,0
aten::slice,,,2.498,3.479,0,0,0,0
aten::as_strided,,,0.981,0.981,0,0,0,0
P13/1025334/00072/cache_write,,,147.482,277.162,0,5.26,0,0
P13/1025334/00073/torch_api,,,85.53,129.68,0,5.26,0,0
atb::_npu_reshape_and_cache,,,24.431,44.15,0,5.26,0,0
aten::contiguous,,,1.221,16.789,0,2.34,0,0
aten::clone,,,1.998,15.568,0,2.34,0,0
empty_tensor,,,3.317,3.317,0,0,0,0
aten::copy_,,,6.509,10.253,0,2.34,0,0
aclnnInplaceCopy,,,3.744,3.744,2.34,2.34,0,0
ReshapeCacheOperation,,,2.93,2.93,2.92,2.92,0,0
P13/1025334/00074/fia,,,246.503,464.251,0,23.72,0,0
aten::slice,,,0.954,2.437,0,0,0,0
aten::as_strided,,,1.483,1.483,0,0,0,0
aten::slice,,,0.31,0.786,0,0,0,0
aten::as_strided,,,0.476,0.476,0,0,0,0
aten::slice,,,0.421,0.968,0,0,0,0
aten::as_strided,,,0.547,0.547,0,0,0,0
P13/1025334/00075/torch_api,,,110.675,188.921,0,23.1,0,0
npu::npu_fused_infer_attention_score,,,67.617,78.246,0,23.1,0,0
empty_tensor,,,3.757,3.757,0,0,0,0
empty_tensor,,,1.601,1.601,0,0,0,0
empty_tensor,,,0.979,0.979,0,0,0,0
empty_tensor,,,0.907,0.907,0,0,0,0
aclnnFusedInferAttentionScoreV3,,,3.385,3.385,23.1,23.1,0,0
aten::view,,,2.289,2.289,0,0,0,0
aten::slice,,,0.878,2.02,0,0,0,0
aten::as_strided,,,1.142,1.142,0,0,0,0
aten::copy_,,,17.595,20.327,0,0.62,0,0
aclnnInplaceCopy,,,2.732,2.732,0.62,0.62,0,0
aten::slice,,,0.612,1.561,0,0,0,0
aten::as_strided,,,0.949,0.949,0,0,0,0
aten::copy_,,,11.109,13.914,0,0,0,0
aclnnInplaceCopy,,,2.805,2.805,0,0,0,0
aten::view,,,1.355,1.355,0,0,0,0
vllm::unquantized_gemm,,,74.16,190.043,0,6.08,0,6.08
P13/1025334/00076/linear,,,84.115,115.883,0,6.08,0,6.08
aten::linear,,,1.982,31.768,0,6.08,0,6.08
aten::t,,,2.593,6.09,0,0,0,0
aten::transpose,,,1.258,3.497,0,0,0,0
aten::as_strided,,,2.239,2.239,0,0,0,0
aten::matmul,,,7.805,23.696,0,6.08,0,6.08
empty_tensor,,,4.038,4.038,0,0,0,0
aclnnMatmul,,,11.853,11.853,6.08,6.08,6.08,6.08
vllm::maybe_chunk_residual,,,7.852,7.852,0,0,0,0
_C_ascend::npu_add_rms_norm_bias,,,16.501,31.036,0,3.44,0,0
aten::empty,,,1.117,4.064,0,0,0,0
empty_tensor,,,2.947,2.947,0,0,0,0
aten::empty,,,0.297,1.509,0,0,0,0
empty_tensor,,,1.212,1.212,0,0,0,0
aten::empty,,,0.469,1.686,0,0,0,0
empty_tensor,,,1.217,1.217,0,0,0,0
aten::empty,,,0.502,2.89,0,0,0,0
empty_tensor,,,2.388,2.388,0,0,0,0
aclnnAddRmsNormBias,,,4.386,4.386,3.44,3.44,0,0
vllm::unquantized_gemm,,,69.831,165.088,0,20.52,0,20.52
P13/1025334/00077/linear,,,78.2,95.257,0,20.52,0,20.52
aten::linear,,,1.444,17.057,0,20.52,0,20.52
aten::t,,,1.536,4.52,0,0,0,0
aten::transpose,,,0.804,2.984,0,0,0,0
aten::as_strided,,,2.18,2.18,0,0,0,0
aten::matmul,,,6.212,11.093,0,20.52,0,20.52
empty_tensor,,,2.291,2.291,0,0,0,0
aclnnMatmul,,,2.59,2.59,20.52,20.52,20.52,20.52
npu::npu_swiglu,,,14.118,19.06,0,5.56,0,0
empty_tensor,,,2.121,2.121,0,0,0,0
aclnnSwiGlu,,,2.821,2.821,5.56,5.56,0,0
vllm::unquantized_gemm,,,69.983,168.897,0,17.38,0,17.38
P13/1025334/00078/linear,,,84.918,98.914,0,17.38,0,17.38
aten::linear,,,1.029,13.996,0,17.38,0,17.38
aten::t,,,1.209,3.25,0,0,0,0
aten::transpose,,,0.712,2.041,0,0,0,0
aten::as_strided,,,1.329,1.329,0,0,0,0
aten::matmul,,,5.06,9.717,0,17.38,0,17.38
empty_tensor,,,1.937,1.937,0,0,0,0
aclnnMatmul,,,2.72,2.72,17.38,17.38,17.38,17.38
vllm::maybe_chunk_residual,,,7.278,7.278,0,0,0,0
_C_ascend::npu_add_rms_norm_bias,,,12.213,23.205,0,3.3,0,0
aten::empty,,,0.639,2.835,0,0,0,0
empty_tensor,,,2.196,2.196,0,0,0,0
aten::empty,,,0.235,1.417,0,0,0,0
empty_tensor,,,1.182,1.182,0,0,0,0
aten::empty,,,0.391,1.622,0,0,0,0
empty_tensor,,,1.231,1.231,0,0,0,0
aten::empty,,,0.517,2.194,0,0,0,0
empty_tensor,,,1.677,1.677,0,0,0,0
aclnnAddRmsNormBias,,,2.924,2.924,3.3,3.3,0,0
vllm::unquantized_gemm,,,70.818,175.538,0,8.781,0,7.681
P13/1025334/00079/linear,,,86.73,104.72,0,8.781,0,7.681
aten::linear,,,1.502,17.99,0,8.781,0,7.681
aten::t,,,1.212,3.475,0,0,0,0
aten::transpose,,,0.646,2.263,0,0,0,0
aten::as_strided,,,1.617,1.617,0,0,0,0
aten::addmm,,,8.202,13.013,0,8.781,0,7.681
empty_tensor,,,2.247,2.247,0,0,0,0
aclnnAddmm,,,2.564,2.564,8.781,8.781,7.681,7.681
aten::split_with_sizes,,,1.878,3.668,0,0,0,0
aten::as_strided,,,1.263,1.263,0,0,0,0
aten::as_strided,,,0.285,0.285,0,0,0,0
aten::as_strided,,,0.242,0.242,0,0,0,0
vllm::npu_rotary_embedding,,,177.452,923.733,0,9.181000000000001,0,0
aten::view,,,1.506,1.506,0,0,0,0
aten::view,,,0.533,0.533,0,0,0,0
aten::contiguous,,,1.016,13.577,0,2.4,0,0
aten::clone,,,1.67,12.561,0,2.4,0,0
empty_tensor,,,2.167,2.167,0,0,0,0
aten::copy_,,,5.482,8.724,0,2.4,0,0
aclnnInplaceCopy,,,3.242,3.242,2.4,2.4,0,0
aten::contiguous,,,0.424,13.816,0,2.361,0,0
aten::clone,,,0.644,13.392,0,2.361,0,0
empty_tensor,,,1.53,1.53,0,0,0,0
aten::copy_,,,2.251,11.218,0,2.361,0,0
aclnnInplaceCopy,,,8.967,8.967,2.361,2.361,0,0
P13/1025334/00080/jit_run,,,550.297,713.562,0,4.42,0,0
P13/1025334/00081/launch,,,159.1,163.265,0,4.42,0,0
_triton_rope,,,4.165,4.165,4.42,4.42,0,0
aten::view,,,2.689,2.689,0,0,0,0
aten::view,,,0.598,0.598,0,0,0,0
aten::empty,,,1.268,6.036,0,0,0,0
empty_tensor,,,4.768,4.768,0,0,0,0
aten::view,,,0.924,0.924,0,0,0,0
aten::view,,,0.806,0.806,0,0,0,0
aten::view,,,0.523,0.523,0,0,0,0
aten::view,,,0.81,0.81,0,0,0,0
vllm::unified_attention_with_output,,,101.229,1145.067,0,31.922,0,0
P13/1025334/00082/attention,,,287.013,1043.838,0,31.922,0,0
aten::slice,,,1.64,3.15,0,0,0,0
aten::as_strided,,,1.51,1.51,0,0,0,0
aten::slice,,,0.533,1.026,0,0,0,0
aten::as_strided,,,0.493,0.493,0,0,0,0
aten::slice,,,2.646,3.497,0,0,0,0
aten::as_strided,,,0.851,0.851,0,0,0,0
P13/1025334/00083/cache_write,,,145.946,273.146,0,5.5009999999999994,0,0
P13/1025334/00084/torch_api,,,82.249,127.2,0,5.5009999999999994,0,0
atb::_npu_reshape_and_cache,,,25.641,44.951,0,5.5009999999999994,0,0
aten::contiguous,,,1.017,16.425,0,2.46,0,0
aten::clone,,,1.641,15.408,0,2.46,0,0
empty_tensor,,,3.58,3.58,0,0,0,0
aten::copy_,,,6.682,10.187,0,2.46,0,0
aclnnInplaceCopy,,,3.505,3.505,2.46,2.46,0,0
ReshapeCacheOperation,,,2.885,2.885,3.041,3.041,0,0
P13/1025334/00085/fia,,,246.416,460.445,0,26.421000000000003,0,0
aten::slice,,,1.019,2.492,0,0,0,0
aten::as_strided,,,1.473,1.473,0,0,0,0
aten::slice,,,0.446,0.927,0,0,0,0
aten::as_strided,,,0.481,0.481,0,0,0,0
aten::slice,,,0.422,0.918,0,0,0,0
aten::as_strided,,,0.496,0.496,0,0,0,0
P13/1025334/00086/torch_api,,,108.455,185.136,0,25.781000000000002,0,0
npu::npu_fused_infer_attention_score,,,66.528,76.681,0,25.781000000000002,0,0
empty_tensor,,,3.858,3.858,0,0,0,0
empty_tensor,,,1.141,1.141,0,0,0,0
empty_tensor,,,0.929,0.929,0,0,0,0
empty_tensor,,,0.731,0.731,0,0,0,0
aclnnFusedInferAttentionScoreV3,,,3.494,3.494,25.781000000000002,25.781000000000002,0,0
aten::view,,,2.046,2.046,0,0,0,0
aten::slice,,,0.833,1.979,0,0,0,0
aten::as_strided,,,1.146,1.146,0,0,0,0
aten::copy_,,,17.566,20.531,0,0.64,0,0
aclnnInplaceCopy,,,2.965,2.965,0.64,0.64,0,0
aten::slice,,,0.656,1.674,0,0,0,0
aten::as_strided,,,1.018,1.018,0,0,0,0
aten::copy_,,,10.904,13.887,0,0,0,0
aclnnInplaceCopy,,,2.983,2.983,0,0,0,0
aten::view,,,1.388,1.388,0,0,0,0
vllm::unquantized_gemm,,,77.552,190.116,0,5.84,0,5.84
P13/1025334/00087/linear,,,82.538,112.564,0,5.84,0,5.84
aten::linear,,,2.535,30.026,0,5.84,0,5.84
aten::t,,,2.616,5.474,0,0,0,0
aten::transpose,,,1.227,2.858,0,0,0,0
aten::as_strided,,,1.631,1.631,0,0,0,0
aten::matmul,,,8.096,22.017,0,5.84,0,5.84
empty_tensor,,,4.393,4.393,0,0,0,0
aclnnMatmul,,,9.528,9.528,5.84,5.84,5.84,5.84
vllm::maybe_chunk_residual,,,7.828,7.828,0,0,0,0
_C_ascend::npu_add_rms_norm_bias,,,16.864,29.853,0,2.88,0,0
aten::empty,,,1.083,4.134,0,0,0,0
empty_tensor,,,3.051,3.051,0,0,0,0
aten::empty,,,0.273,1.368,0,0,0,0
empty_tensor,,,1.095,1.095,0,0,0,0
aten::empty,,,0.45,1.604,0,0,0,0
empty_tensor,,,1.154,1.154,0,0,0,0
aten::empty,,,0.383,2.756,0,0,0,0
empty_tensor,,,2.373,2.373,0,0,0,0
aclnnAddRmsNormBias,,,3.127,3.127,2.88,2.88,0,0
vllm::unquantized_gemm,,,72.405,170.364,0,19.2,0,19.2
P13/1025334/00088/linear,,,79.756,97.959,0,19.2,0,19.2
aten::linear,,,1.7,18.203,0,19.2,0,19.2
aten::t,,,1.559,4.058,0,0,0,0
aten::transpose,,,0.926,2.499,0,0,0,0
aten::as_strided,,,1.573,1.573,0,0,0,0
aten::matmul,,,6.077,12.445,0,19.2,0,19.2
empty_tensor,,,2.393,2.393,0,0,0,0
aclnnMatmul,,,3.975,3.975,19.2,19.2,19.2,19.2
npu::npu_swiglu,,,14.967,19.758,0,5.26,0,0
empty_tensor,,,2.115,2.115,0,0,0,0
aclnnSwiGlu,,,2.676,2.676,5.26,5.26,0,0
vllm::unquantized_gemm,,,75.338,173.589,0,16.581,0,16.581
P13/1025334/00089/linear,,,83.587,98.251,0,16.581,0,16.581
aten::linear,,,1.003,14.664,0,16.581,0,16.581
aten::t,,,1.225,3.654,0,0,0,0
aten::transpose,,,1.034,2.429,0,0,0,0
aten::as_strided,,,1.395,1.395,0,0,0,0
aten::matmul,,,4.887,10.007,0,16.581,0,16.581
empty_tensor,,,2.321,2.321,0,0,0,0
aclnnMatmul,,,2.799,2.799,16.581,16.581,16.581,16.581
vllm::maybe_chunk_residual,,,7.593,7.593,0,0,0,0
_C_ascend::npu_add_rms_norm_bias,,,13.154,24.472,0,3.02,0,0
aten::empty,,,0.691,3.077,0,0,0,0
empty_tensor,,,2.386,2.386,0,0,0,0
aten::empty,,,0.27,1.338,0,0,0,0
empty_tensor,,,1.068,1.068,0,0,0,0
aten::empty,,,0.48,1.44,0,0,0,0
empty_tensor,,,0.96,0.96,0,0,0,0
aten::empty,,,0.411,2.379,0,0,0,0
empty_tensor,,,1.968,1.968,0,0,0,0
aclnnAddRmsNormBias,,,3.084,3.084,3.02,3.02,0,0
vllm::unquantized_gemm,,,71.851,173.513,0,8.44,0,7.3
P13/1025334/00090/linear,,,83.741,101.662,0,8.44,0,7.3
aten::linear,,,1.695,17.921,0,8.44,0,7.3
aten::t,,,1.174,3.176,0,0,0,0
aten::transpose,,,0.674,2.002,0,0,0,0
aten::as_strided,,,1.328,1.328,0,0,0,0
aten::addmm,,,8.141,13.05,0,8.44,0,7.3
empty_tensor,,,2.126,2.126,0,0,0,0
aclnnAddmm,,,2.783,2.783,8.44,8.44,7.3,7.3
aten::split_with_sizes,,,2.026,4.696,0,0,0,0
aten::as_strided,,,1.242,1.242,0,0,0,0
aten::as_strided,,,0.301,0.301,0,0,0,0
aten::as_strided,,,1.127,1.127,0,0,0,0
vllm::npu_rotary_embedding,,,173.137,906.313,0,9.24,0,0
aten::view,,,1.55,1.55,0,0,0,0
aten::view,,,1.049,1.049,0,0,0,0
aten::contiguous,,,0.94,12.551,0,2.38,0,0
aten::clone,,,1.535,11.611,0,2.38,0,0
empty_tensor,,,2.477,2.477,0,0,0,0
aten::copy_,,,4.864,7.599,0,2.38,0,0
aclnnInplaceCopy,,,2.735,2.735,2.38,2.38,0,0
aten::contiguous,,,0.394,12.114,0,2.46,0,0
aten::clone,,,0.573,11.72,0,2.46,0,0
empty_tensor,,,1.119,1.119,0,0,0,0
aten::copy_,,,2.002,10.028,0,2.46,0,0
aclnnInplaceCopy,,,8.026,8.026,2.46,2.46,0,0
P13/1025334/00091/jit_run,,,551.315,702.602,0,4.4,0,0
P13/1025334/00092/launch,,,147.204,151.287,0,4.4,0,0
_triton_rope,,,4.083,4.083,4.4,4.4,0,0
aten::view,,,2.69,2.69,0,0,0,0
aten::view,,,0.62,0.62,0,0,0,0
aten::empty,,,1.041,7.319,0,0,0,0
empty_tensor,,,6.278,6.278,0,0,0,0
aten::view,,,1.119,1.119,0,0,0,0
aten::view,,,0.68,0.68,0,0,0,0
aten::view,,,0.644,0.644,0,0,0,0
aten::view,,,0.89,0.89,0,0,0,0
vllm::unified_attention_with_output,,,96.765,1146.872,0,27.38,0,0
P13/1025334/00093/attention,,,296.058,1050.107,0,27.38,0,0
aten::slice,,,1.505,3.211,0,0,0,0
aten::as_strided,,,1.706,1.706,0,0,0,0
aten::slice,,,0.464,1.149,0,0,0,0
aten::as_strided,,,0.685,0.685,0,0,0,0
aten::slice,,,2.71,3.636,0,0,0,0
aten::as_strided,,,0.926,0.926,0,0,0,0
P13/1025334/00094/cache_write,,,146.153,273.154,0,5.04,0,0
P13/1025334/00095/torch_api,,,83.391,127.001,0,5.04,0,0
atb::_npu_reshape_and_cache,,,24.209,43.61,0,5.04,0,0
aten::contiguous,,,1.066,16.349,0,2.34,0,0
aten::clone,,,1.546,15.283,0,2.34,0,0
empty_tensor,,,3.554,3.554,0,0,0,0
aten::copy_,,,6.798,10.183,0,2.34,0,0
aclnnInplaceCopy,,,3.385,3.385,2.34,2.34,0,0
ReshapeCacheOperation,,,3.052,3.052,2.7,2.7,0,0
P13/1025334/00096/fia,,,236.715,458.285,0,22.34,0,0
aten::slice,,,1.11,2.596,0,0,0,0
aten::as_strided,,,1.486,1.486,0,0,0,0
aten::slice,,,0.441,0.913,0,0,0,0
aten::as_strided,,,0.472,0.472,0,0,0,0
aten::slice,,,0.23,0.691,0,0,0,0
aten::as_strided,,,0.461,0.461,0,0,0,0
P13/1025334/00097/torch_api,,,114.476,192.963,0,21.72,0,0
npu::npu_fused_infer_attention_score,,,68.302,78.487,0,21.72,0,0
empty_tensor,,,3.648,3.648,0,0,0,0
empty_tensor,,,1.18,1.18,0,0,0,0
empty_tensor,,,0.808,0.808,0,0,0,0
empty_tensor,,,0.718,0.718,0,0,0,0
aclnnFusedInferAttentionScoreV3,,,3.831,3.831,21.72,21.72,0,0
aten::view,,,2.165,2.165,0,0,0,0
aten::slice,,,0.83,2.035,0,0,0,0
aten::as_strided,,,1.205,1.205,0,0,0,0
aten::copy_,,,17.146,20.207,0,0.62,0,0
aclnnInplaceCopy,,,3.061,3.061,0.62,0.62,0,0
aten::slice,,,0.642,1.581,0,0,0,0
aten::as_strided,,,0.939,0.939,0,0,0,0
aten::copy_,,,10.14,13.033,0,0,0,0
aclnnInplaceCopy,,,2.893,2.893,0,0,0,0
aten::view,,,1.387,1.387,0,0,0,0
vllm::unquantized_gemm,,,76.147,180.233,0,5.98,0,5.98
P13/1025334/00098/linear,,,75.735,104.086,0,5.98,0,5.98
aten::linear,,,1.951,28.351,0,5.98,0,5.98
aten::t,,,2.556,5.432,0,0,0,0
aten::transpose,,,1.218,2.876,0,0,0,0
aten::as_strided,,,1.658,1.658,0,0,0,0
aten::matmul,,,7.455,20.968,0,5.98,0,5.98
empty_tensor,,,3.795,3.795,0,0,0,0
aclnnMatmul,,,9.718,9.718,5.98,5.98,5.98,5.98
vllm::maybe_chunk_residual,,,7.73,7.73,0,0,0,0
_C_ascend::npu_add_rms_norm_bias,,,16.936,30.485,0,3.36,0,0
aten::empty,,,1.096,4.15,0,0,0,0
empty_tensor,,,3.054,3.054,0,0,0,0
aten::empty,,,0.346,1.493,0,0,0,0
empty_tensor,,,1.147,1.147,0,0,0,0
aten::empty,,,0.376,1.408,0,0,0,0
empty_tensor,,,1.032,1.032,0,0,0,0
aten::empty,,,0.948,3.299,0,0,0,0
empty_tensor,,,2.351,2.351,0,0,0,0
aclnnAddRmsNormBias,,,3.199,3.199,3.36,3.36,0,0
vllm::unquantized_gemm,,,76.501,186.821,0,19.701,0,19.701
P13/1025334/00099/linear,,,93.455,110.32,0,19.701,0,19.701
aten::linear,,,1.385,16.865,0,19.701,0,19.701
aten::t,,,1.67,4.095,0,0,0,0
aten::transpose,,,0.925,2.425,0,0,0,0
aten::as_strided,,,1.5,1.5,0,0,0,0
aten::matmul,,,6.37,11.385,0,19.701,0,19.701
empty_tensor,,,2.191,2.191,0,0,0,0
aclnnMatmul,,,2.824,2.824,19.701,19.701,19.701,19.701
npu::npu_swiglu,,,14.279,21.682,0,5.081,0,0
empty_tensor,,,2.054,2.054,0,0,0,0
aclnnSwiGlu,,,5.349,5.349,5.081,5.081,0,0
vllm::unquantized_gemm,,,70.617,165.564,0,17.181,0,17.181
P13/1025334/00100/linear,,,80.494,94.947,0,17.181,0,17.181
aten::linear,,,1.209,14.453,0,17.181,0,17.181
aten::t,,,1.392,3.626,0,0,0,0
aten::transpose,,,0.71,2.234,0,0,0,0
aten::as_strided,,,1.524,1.524,0,0,0,0
aten::matmul,,,5.006,9.618,0,17.181,0,17.181
empty_tensor,,,2.024,2.024,0,0,0,0
aclnnMatmul,,,2.588,2.588,17.181,17.181,17.181,17.181
vllm::maybe_chunk_residual,,,7.338,7.338,0,0,0,0
_C_ascend::npu_add_rms_norm_bias,,,13.523,25.453,0,3.501,0,0
aten::empty,,,0.692,2.921,0,0,0,0
empty_tensor,,,2.229,2.229,0,0,0,0
aten::empty,,,0.435,1.396,0,0,0,0
empty_tensor,,,0.961,0.961,0,0,0,0
aten::empty,,,0.244,1.287,0,0,0,0
empty_tensor,,,1.043,1.043,0,0,0,0
aten::empty,,,0.446,3.179,0,0,0,0
empty_tensor,,,2.733,2.733,0,0,0,0
aclnnAddRmsNormBias,,,3.147,3.147,3.501,3.501,0,0
vllm::unquantized_gemm,,,70.554,174.028,0,8.84,0,7.66
P13/1025334/00101/linear,,,85.266,103.474,0,8.84,0,7.66
aten::linear,,,1.398,18.208,0,8.84,0,7.66
aten::t,,,1.261,3.423,0,0,0,0
aten::transpose,,,0.683,2.162,0,0,0,0
aten::as_strided,,,1.479,1.479,0,0,0,0
aten::addmm,,,8.403,13.387,0,8.84,0,7.66
empty_tensor,,,2.243,2.243,0,0,0,0
aclnnAddmm,,,2.741,2.741,8.84,8.84,7.66,7.66
aten::split_with_sizes,,,1.935,3.684,0,0,0,0
aten::as_strided,,,1.231,1.231,0,0,0,0
aten::as_strided,,,0.272,0.272,0,0,0,0
aten::as_strided,,,0.246,0.246,0,0,0,0
vllm::npu_rotary_embedding,,,175.382,900.574,0,9.44,0,0
aten::view,,,1.547,1.547,0,0,0,0
aten::view,,,0.595,0.595,0,0,0,0
aten::contiguous,,,0.961,12.801,0,2.54,0,0
aten::clone,,,1.687,11.84,0,2.54,0,0
empty_tensor,,,2.194,2.194,0,0,0,0
aten::copy_,,,4.957,7.959,0,2.54,0,0
aclnnInplaceCopy,,,3.002,3.002,2.54,2.54,0,0
aten::contiguous,,,0.446,12.424,0,2.6,0,0
aten::clone,,,0.543,11.978,0,2.6,0,0
empty_tensor,,,1.219,1.219,0,0,0,0
aten::copy_,,,2.004,10.216,0,2.6,0,0
aclnnInplaceCopy,,,8.212,8.212,2.6,2.6,0,0
P13/1025334/00102/jit_run,,,538.593,694.74,0,4.3,0,0
P13/1025334/00103/launch,,,151.122,156.147,0,4.3,0,0
_triton_rope,,,5.025,5.025,4.3,4.3,0,0
aten::view,,,2.532,2.532,0,0,0,0
aten::view,,,0.553,0.553,0,0,0,0
aten::empty,,,1.02,5.367,0,0,0,0
empty_tensor,,,4.347,4.347,0,0,0,0
aten::view,,,0.937,0.937,0,0,0,0
aten::view,,,0.473,0.473,0,0,0,0
aten::view,,,0.45,0.45,0,0,0,0
aten::view,,,0.891,0.891,0,0,0,0
vllm::unified_attention_with_output,,,99.381,1161.54,0,30.84,0,0
P13/1025334/00104/attention,,,289.508,1062.159,0,30.84,0,0
aten::slice,,,1.374,2.786,0,0,0,0
aten::as_strided,,,1.412,1.412,0,0,0,0
aten::slice,,,0.426,0.911,0,0,0,0
aten::as_strided,,,0.485,0.485,0,0,0,0
aten::slice,,,2.559,3.442,0,0,0,0
aten::as_strided,,,0.883,0.883,0,0,0,0
P13/1025334/00105/cache_write,,,145.849,273.312,0,5.62,0,0
P13/1025334/00106/torch_api,,,83.334,127.463,0,5.62,0,0
atb::_npu_reshape_and_cache,,,25.802,44.129,0,5.62,0,0
aten::contiguous,,,1.029,15.993,0,2.48,0,0
aten::clone,,,1.657,14.964,0,2.48,0,0
empty_tensor,,,3.434,3.434,0,0,0,0
aten::copy_,,,6.371,9.873,0,2.48,0,0
aclnnInplaceCopy,,,3.502,3.502,2.48,2.48,0,0
ReshapeCacheOperation,,,2.334,2.334,3.14,3.14,0,0
P13/1025334/00107/fia,,,253.786,476.057,0,25.22,0,0
aten::slice,,,0.998,2.408,0,0,0,0
aten::as_strided,,,1.41,1.41,0,0,0,0
aten::slice,,,0.323,1.258,0,0,0,0
aten::as_strided,,,0.935,0.935,0,0,0,0
aten::slice,,,0.591,1.238,0,0,0,0
aten::as_strided,,,0.647,0.647,0,0,0,0
P13/1025334/00108/torch_api,,,109.453,191.983,0,24.599999999999998,0,0
npu::npu_fused_infer_attention_score,,,72.74,82.53,0,24.599999999999998,0,0
empty_tensor,,,3.492,3.492,0,0,0,0
empty_tensor,,,0.951,0.951,0,0,0,0
empty_tensor,,,0.762,0.762,0,0,0,0
empty_tensor,,,0.763,0.763,0,0,0,0
aclnnFusedInferAttentionScoreV3,,,3.822,3.822,24.599999999999998,24.599999999999998,0,0
aten::view,,,2.149,2.149,0,0,0,0
aten::slice,,,0.992,2.178,0,0,0,0
aten::as_strided,,,1.186,1.186,0,0,0,0
aten::copy_,,,18.084,21.057,0,0.62,0,0
aclnnInplaceCopy,,,2.973,2.973,0.62,0.62,0,0
aten::slice,,,0.737,1.868,0,0,0,0
aten::as_strided,,,1.131,1.131,0,0,0,0
aten::copy_,,,11.29,14.275,0,0,0,0
aclnnInplaceCopy,,,2.985,2.985,0,0,0,0
aten::view,,,1.363,1.363,0,0,0,0
vllm::unquantized_gemm,,,75.146,182.682,0,5.72,0,5.72
P13/1025334/00109/linear,,,81.899,107.536,0,5.72,0,5.72
aten::linear,,,2.115,25.637,0,5.72,0,5.72
aten::t,,,2.66,5.377,0,0,0,0
aten::transpose,,,1.245,2.717,0,0,0,0
aten::as_strided,,,1.472,1.472,0,0,0,0
aten::matmul,,,7.814,18.145,0,5.72,0,5.72
empty_tensor,,,3.94,3.94,0,0,0,0
aclnnMatmul,,,6.391,6.391,5.72,5.72,5.72,5.72
vllm::maybe_chunk_residual,,,8.071,8.071,0,0,0,0
_C_ascend::npu_add_rms_norm_bias,,,16.475,31.602,0,3.24,0,0
aten::empty,,,1.158,4.22,0,0,0,0
empty_tensor,,,3.062,3.062,0,0,0,0
aten::empty,,,0.267,1.482,0,0,0,0
empty_tensor,,,1.215,1.215,0,0,0,0
aten::empty,,,2.35,3.422,0,0,0,0
empty_tensor,,,1.072,1.072,0,0,0,0
aten::empty,,,0.409,2.72,0,0,0,0
empty_tensor,,,2.311,2.311,0,0,0,0
aclnnAddRmsNormBias,,,3.283,3.283,3.24,3.24,0,0
vllm::unquantized_gemm,,,71.335,172.891,0,19.801,0,19.801
P13/1025334/00110/linear,,,82.671,101.556,0,19.801,0,19.801
aten::linear,,,1.457,18.885,0,19.801,0,19.801
aten::t,,,1.552,3.935,0,0,0,0
aten::transpose,,,0.875,2.383,0,0,0,0
aten::as_strided,,,1.508,1.508,0,0,0,0
aten::matmul,,,8.449,13.493,0,19.801,0,19.801
empty_tensor,,,2.431,2.431,0,0,0,0
aclnnMatmul,,,2.613,2.613,19.801,19.801,19.801,19.801
npu::npu_swiglu,,,14.389,19.039,0,5.141,0,0
empty_tensor,,,2.006,2.006,0,0,0,0
aclnnSwiGlu,,,2.644,2.644,5.141,5.141,0,0
vllm::unquantized_gemm,,,68.961,174.861,0,16.521,0,16.521
P13/1025334/00111/linear,,,87.85,105.9,0,16.521,0,16.521
aten::linear,,,1.23,18.05,0,16.521,0,16.521
aten::t,,,3.029,5.086,0,0,0,0
aten::transpose,,,0.713,2.057,0,0,0,0
aten::as_strided,,,1.344,1.344,0,0,0,0
aten::matmul,,,4.606,11.734,0,16.521,0,16.521
empty_tensor,,,2.04,2.04,0,0,0,0
aclnnMatmul,,,5.088,5.088,16.521,16.521,16.521,16.521
vllm::maybe_chunk_residual,,,7.293,7.293,0,0,0,0
_C_ascend::npu_add_rms_norm_bias,,,13.22,27.415,0,3.56,0,0
aten::empty,,,0.724,3.127,0,0,0,0
empty_tensor,,,2.403,2.403,0,0,0,0
aten::empty,,,0.266,1.311,0,0,0,0
empty_tensor,,,1.045,1.045,0,0,0,0
aten::empty,,,0.356,4.242,0,0,0,0
empty_tensor,,,3.886,3.886,0,0,0,0
aten::empty,,,0.358,2.18,0,0,0,0
empty_tensor,,,1.822,1.822,0,0,0,0
aclnnAddRmsNormBias,,,3.335,3.335,3.56,3.56,0,0
vllm::unquantized_gemm,,,77.968,191.1,0,8.6,0,7.56
P13/1025334/00112/linear,,,94.591,113.132,0,8.6,0,7.56
aten::linear,,,1.508,18.541,0,8.6,0,7.56
aten::t,,,1.328,3.565,0,0,0,0
aten::transpose,,,0.691,2.237,0,0,0,0
aten::as_strided,,,1.546,1.546,0,0,0,0
aten::addmm,,,8.4,13.468,0,8.6,0,7.56
empty_tensor,,,2.249,2.249,0,0,0,0
aclnnAddmm,,,2.819,2.819,8.6,8.6,7.56,7.56
aten::split_with_sizes,,,1.846,3.863,0,0,0,0
aten::as_strided,,,1.187,1.187,0,0,0,0
aten::as_strided,,,0.291,0.291,0,0,0,0
aten::as_strided,,,0.539,0.539,0,0,0,0
vllm::npu_rotary_embedding,,,182.717,913.78,0,10.181,0,0
aten::view,,,1.769,1.769,0,0,0,0
aten::view,,,0.743,0.743,0,0,0,0
aten::contiguous,,,1.125,14.552,0,2.92,0,0
aten::clone,,,1.73,13.427,0,2.92,0,0
empty_tensor,,,3.374,3.374,0,0,0,0
aten::copy_,,,5.138,8.323,0,2.92,0,0
aclnnInplaceCopy,,,3.185,3.185,2.92,2.92,0,0
aten::contiguous,,,0.328,11.787,0,2.421,0,0
aten::clone,,,0.487,11.459,0,2.421,0,0
empty_tensor,,,0.983,0.983,0,0,0,0
aten::copy_,,,1.964,9.989,0,2.421,0,0
aclnnInplaceCopy,,,8.025,8.025,2.421,2.421,0,0
P13/1025334/00113/jit_run,,,552.872,698.886,0,4.84,0,0
P13/1025334/00114/launch,,,142.228,146.014,0,4.84,0,0
_triton_rope,,,3.786,3.786,4.84,4.84,0,0
aten::view,,,2.748,2.748,0,0,0,0
aten::view,,,0.578,0.578,0,0,0,0
aten::empty,,,1.129,5.24,0,0,0,0
empty_tensor,,,4.111,4.111,0,0,0,0
aten::view,,,0.977,0.977,0,0,0,0
aten::view,,,0.524,0.524,0,0,0,0
aten::view,,,0.438,0.438,0,0,0,0
aten::view,,,0.825,0.825,0,0,0,0
vllm::unified_attention_with_output,,,99.065,1133.624,0,26.841,0,0
P13/1025334/00115/attention,,,280.57,1034.559,0,26.841,0,0
aten::slice,,,1.382,2.805,0,0,0,0
aten::as_strided,,,1.423,1.423,0,0,0,0
aten::slice,,,0.477,1.113,0,0,0,0
aten::as_strided,,,0.636,0.636,0,0,0,0
aten::slice,,,2.591,3.325,0,0,0,0
aten::as_strided,,,0.734,0.734,0,0,0,0
P13/1025334/00116/cache_write,,,148.598,269.277,0,5.72,0,0
P13/1025334/00117/torch_api,,,81.102,120.679,0,5.72,0,0
atb::_npu_reshape_and_cache,,,20.339,39.577,0,5.72,0,0
aten::contiguous,,,1.083,17.662,0,2.38,0,0
aten::clone,,,1.61,16.579,0,2.38,0,0
empty_tensor,,,3.323,3.323,0,0,0,0
aten::copy_,,,6.418,11.646,0,2.38,0,0
aclnnInplaceCopy,,,5.228,5.228,2.38,2.38,0,0
ReshapeCacheOperation,,,1.576,1.576,3.34,3.34,0,0
P13/1025334/00118/fia,,,244.289,462.575,0,21.121,0,0
aten::slice,,,0.9,2.34,0,0,0,0
aten::as_strided,,,1.44,1.44,0,0,0,0
aten::slice,,,0.582,1.065,0,0,0,0
aten::as_strided,,,0.483,0.483,0,0,0,0
aten::slice,,,0.464,1.026,0,0,0,0
aten::as_strided,,,0.562,0.562,0,0,0,0
P13/1025334/00119/torch_api,,,113.729,189.459,0,20.501,0,0
npu::npu_fused_infer_attention_score,,,65.983,75.73,0,20.501,0,0
empty_tensor,,,3.41,3.41,0,0,0,0
empty_tensor,,,1.033,1.033,0,0,0,0
empty_tensor,,,1.067,1.067,0,0,0,0
empty_tensor,,,0.99,0.99,0,0,0,0
aclnnFusedInferAttentionScoreV3,,,3.247,3.247,20.501,20.501,0,0
aten::view,,,2.094,2.094,0,0,0,0
aten::slice,,,0.876,2.12,0,0,0,0
aten::as_strided,,,1.244,1.244,0,0,0,0
aten::copy_,,,17.166,20.182,0,0.62,0,0
aclnnInplaceCopy,,,3.016,3.016,0.62,0.62,0,0
aten::slice,,,0.561,1.588,0,0,0,0
aten::as_strided,,,1.027,1.027,0,0,0,0
aten::copy_,,,10.537,13.306,0,0,0,0
aclnnInplaceCopy,,,2.769,2.769,0,0,0,0
aten::view,,,1.375,1.375,0,0,0,0
vllm::unquantized_gemm,,,73.058,178.122,0,5.84,0,5.84
P13/1025334/00120/linear,,,79.811,105.064,0,5.84,0,5.84
aten::linear,,,1.89,25.253,0,5.84,0,5.84
aten::t,,,2.656,5.211,0,0,0,0
aten::transpose,,,1.171,2.555,0,0,0,0
aten::as_strided,,,1.384,1.384,0,0,0,0
aten::matmul,,,7.606,18.152,0,5.84,0,5.84
empty_tensor,,,4.542,4.542,0,0,0,0
aclnnMatmul,,,6.004,6.004,5.84,5.84,5.84,5.84
vllm::maybe_chunk_residual,,,7.655,7.655,0,0,0,0
_C_ascend::npu_add_rms_norm_bias,,,17.358,30.461,0,3.16,0,0
aten::empty,,,1.067,4.519,0,0,0,0
empty_tensor,,,3.452,3.452,0,0,0,0
aten::empty,,,0.243,1.279,0,0,0,0
empty_tensor,,,1.036,1.036,0,0,0,0
aten::empty,,,0.409,1.533,0,0,0,0
empty_tensor,,,1.124,1.124,0,0,0,0
aten::empty,,,0.56,2.956,0,0,0,0
empty_tensor,,,2.396,2.396,0,0,0,0
aclnnAddRmsNormBias,,,2.816,2.816,3.16,3.16,0,0
vllm::unquantized_gemm,,,74.709,187.663,0,19.0,0,19.0
P13/1025334/00121/linear,,,94.78,112.954,0,19.0,0,19.0
aten::linear,,,1.38,18.174,0,19.0,0,19.0
aten::t,,,1.81,4.564,0,0,0,0
aten::transpose,,,1.107,2.754,0,0,0,0
aten::as_strided,,,1.647,1.647,0,0,0,0
aten::matmul,,,6.846,12.23,0,19.0,0,19.0
empty_tensor,,,2.573,2.573,0,0,0,0
aclnnMatmul,,,2.811,2.811,19.0,19.0,19.0,19.0
npu::npu_swiglu,,,14.107,18.848,0,5.0,0,0
empty_tensor,,,2.103,2.103,0,0,0,0
aclnnSwiGlu,,,2.638,2.638,5.0,5.0,0,0
vllm::unquantized_gemm,,,68.235,160.084,0,16.781,0,16.781
P13/1025334/00122/linear,,,78.205,91.849,0,16.781,0,16.781
aten::linear,,,0.97,13.644,0,16.781,0,16.781
aten::t,,,1.217,3.13,0,0,0,0
aten::transpose,,,0.622,1.913,0,0,0,0
aten::as_strided,,,1.291,1.291,0,0,0,0
aten::matmul,,,4.731,9.544,0,16.781,0,16.781
empty_tensor,,,2.004,2.004,0,0,0,0
aclnnMatmul,,,2.809,2.809,16.781,16.781,16.781,16.781
vllm::maybe_chunk_residual,,,7.126,7.126,0,0,0,0
_C_ascend::npu_add_rms_norm_bias,,,12.466,26.307,0,3.321,0,0
aten::empty,,,0.665,2.963,0,0,0,0
empty_tensor,,,2.298,2.298,0,0,0,0
aten::empty,,,0.268,2.046,0,0,0,0
empty_tensor,,,1.778,1.778,0,0,0,0
aten::empty,,,0.364,1.632,0,0,0,0
empty_tensor,,,1.268,1.268,0,0,0,0
aten::empty,,,0.633,3.445,0,0,0,0
empty_tensor,,,2.812,2.812,0,0,0,0
aclnnAddRmsNormBias,,,3.755,3.755,3.321,3.321,0,0
vllm::unquantized_gemm,,,77.81,175.913,0,9.501000000000001,0,8.361
P13/1025334/00123/linear,,,80.297,98.103,0,9.501000000000001,0,8.361
aten::linear,,,1.428,17.806,0,9.501000000000001,0,8.361
aten::t,,,1.196,3.179,0,0,0,0
aten::transpose,,,0.663,1.983,0,0,0,0
aten::as_strided,,,1.32,1.32,0,0,0,0
aten::addmm,,,8.217,13.199,0,9.501000000000001,0,8.361
empty_tensor,,,2.113,2.113,0,0,0,0
aclnnAddmm,,,2.869,2.869,9.501000000000001,9.501000000000001,8.361,8.361
aten::split_with_sizes,,,1.941,4.009,0,0,0,0
aten::as_strided,,,1.327,1.327,0,0,0,0
aten::as_strided,,,0.302,0.302,0,0,0,0
aten::as_strided,,,0.439,0.439,0,0,0,0
vllm::npu_rotary_embedding,,,173.719,917.454,0,9.280999999999999,0,0
aten::view,,,1.66,1.66,0,0,0,0
aten::view,,,0.415,0.415,0,0,0,0
aten::contiguous,,,1.01,13.269,0,2.68,0,0
aten::clone,,,1.65,12.259,0,2.68,0,0
empty_tensor,,,2.38,2.38,0,0,0,0
aten::copy_,,,4.94,8.229,0,2.68,0,0
aclnnInplaceCopy,,,3.289,3.289,2.68,2.68,0,0
aten::contiguous,,,0.505,13.168,0,2.44,0,0
aten::clone,,,0.75,12.663,0,2.44,0,0
empty_tensor,,,1.724,1.724,0,0,0,0
aten::copy_,,,1.872,10.189,0,2.44,0,0
aclnnInplaceCopy,,,8.317,8.317,2.44,2.44,0,0
P13/1025334/00124/jit_run,,,552.225,711.974,0,4.161,0,0
P13/1025334/00125/launch,,,155.193,159.749,0,4.161,0,0
_triton_rope,,,4.556,4.556,4.161,4.161,0,0
aten::view,,,2.703,2.703,0,0,0,0
aten::view,,,0.546,0.546,0,0,0,0
aten::empty,,,1.017,6.036,0,0,0,0
empty_tensor,,,5.019,5.019,0,0,0,0
aten::view,,,0.809,0.809,0,0,0,0
aten::view,,,0.535,0.535,0,0,0,0
aten::view,,,0.58,0.58,0,0,0,0
aten::view,,,0.86,0.86,0,0,0,0
vllm::unified_attention_with_output,,,101.032,1124.618,0,31.982,0,0
P13/1025334/00126/attention,,,280.009,1023.586,0,31.982,0,0
aten::slice,,,1.508,3.04,0,0,0,0
aten::as_strided,,,1.532,1.532,0,0,0,0
aten::slice,,,0.487,1.059,0,0,0,0
aten::as_strided,,,0.572,0.572,0,0,0,0
aten::slice,,,2.686,3.604,0,0,0,0
aten::as_strided,,,0.918,0.918,0,0,0,0
P13/1025334/00127/cache_write,,,150.951,277.911,0,6.119999999999999,0,0
P13/1025334/00128/torch_api,,,88.572,126.96,0,6.119999999999999,0,0
atb::_npu_reshape_and_cache,,,20.192,38.388,0,6.119999999999999,0,0
aten::contiguous,,,1.09,16.67,0,2.3,0,0
aten::clone,,,1.708,15.58,0,2.3,0,0
empty_tensor,,,4.042,4.042,0,0,0,0
aten::copy_,,,6.322,9.83,0,2.3,0,0
aclnnInplaceCopy,,,3.508,3.508,2.3,2.3,0,0
ReshapeCacheOperation,,,1.526,1.526,3.82,3.82,0,0
P13/1025334/00129/fia,,,229.701,443.685,0,25.862,0,0
aten::slice,,,0.987,2.415,0,0,0,0
aten::as_strided,,,1.428,1.428,0,0,0,0
aten::slice,,,0.442,0.947,0,0,0,0
aten::as_strided,,,0.505,0.505,0,0,0,0
aten::slice,,,0.39,0.812,0,0,0,0
aten::as_strided,,,0.422,0.422,0,0,0,0
P13/1025334/00130/torch_api,,,108.262,185.998,0,25.222,0,0
npu::npu_fused_infer_attention_score,,,66.718,77.736,0,25.222,0,0
empty_tensor,,,3.435,3.435,0,0,0,0
empty_tensor,,,1.025,1.025,0,0,0,0
empty_tensor,,,0.788,0.788,0,0,0,0
empty_tensor,,,0.717,0.717,0,0,0,0
aclnnFusedInferAttentionScoreV3,,,5.053,5.053,25.222,25.222,0,0
aten::view,,,2.076,2.076,0,0,0,0
aten::slice,,,0.828,1.949,0,0,0,0
aten::as_strided,,,1.121,1.121,0,0,0,0
aten::copy_,,,17.013,19.787,0,0.64,0,0
aclnnInplaceCopy,,,2.774,2.774,0.64,0.64,0,0
aten::slice,,,0.603,1.579,0,0,0,0
aten::as_strided,,,0.976,0.976,0,0,0,0
aten::copy_,,,10.056,12.699,0,0,0,0
aclnnInplaceCopy,,,2.643,2.643,0,0,0,0
aten::view,,,1.438,1.438,0,0,0,0
vllm::unquantized_gemm,,,78.417,192.762,0,5.62,0,5.62
P13/1025334/00131/linear,,,88.035,114.345,0,5.62,0,5.62
aten::linear,,,1.974,26.31,0,5.62,0,5.62
aten::t,,,3.329,6.321,0,0,0,0
aten::transpose,,,1.276,2.992,0,0,0,0
aten::as_strided,,,1.716,1.716,0,0,0,0
aten::matmul,,,7.756,18.015,0,5.62,0,5.62
empty_tensor,,,3.911,3.911,0,0,0,0
aclnnMatmul,,,6.348,6.348,5.62,5.62,5.62,5.62
vllm::maybe_chunk_residual,,,7.733,7.733,0,0,0,0
_C_ascend::npu_add_rms_norm_bias,,,15.996,28.856,0,3.141,0,0
aten::empty,,,1.107,3.992,0,0,0,0
empty_tensor,,,2.885,2.885,0,0,0,0
aten::empty,,,0.302,1.502,0,0,0,0
empty_tensor,,,1.2,1.2,0,0,0,0
aten::empty,,,0.293,1.176,0,0,0,0
empty_tensor,,,0.883,0.883,0,0,0,0
aten::empty,,,0.458,2.728,0,0,0,0
empty_tensor,,,2.27,2.27,0,0,0,0
aclnnAddRmsNormBias,,,3.462,3.462,3.141,3.141,0,0
vllm::unquantized_gemm,,,70.193,171.383,0,18.84,0,18.84
P13/1025334/00132/linear,,,85.054,101.19,0,18.84,0,18.84
aten::linear,,,1.392,16.136,0,18.84,0,18.84
aten::t,,,1.558,3.783,0,0,0,0
aten::transpose,,,0.809,2.225,0,0,0,0
aten::as_strided,,,1.416,1.416,0,0,0,0
aten::matmul,,,5.917,10.961,0,18.84,0,18.84
empty_tensor,,,2.189,2.189,0,0,0,0
aclnnMatmul,,,2.855,2.855,18.84,18.84,18.84,18.84
npu::npu_swiglu,,,14.28,18.781,0,5.2,0,0
empty_tensor,,,1.913,1.913,0,0,0,0
aclnnSwiGlu,,,2.588,2.588,5.2,5.2,0,0
vllm::unquantized_gemm,,,69.546,158.711,0,16.461,0,16.461
P13/1025334/00133/linear,,,75.46,89.165,0,16.461,0,16.461
aten::linear,,,0.889,13.705,0,16.461,0,16.461
aten::t,,,1.089,2.941,0,0,0,0
aten::transpose,,,0.679,1.852,0,0,0,0
aten::as_strided,,,1.173,1.173,0,0,0,0
aten::matmul,,,4.724,9.875,0,16.461,0,16.461
empty_tensor,,,2.683,2.683,0,0,0,0
aclnnMatmul,,,2.468,2.468,16.461,16.461,16.461,16.461
vllm::maybe_chunk_residual,,,7.255,7.255,0,0,0,0
_C_ascend::npu_add_rms_norm_bias,,,14.966,25.996,0,3.3,0,0
aten::empty,,,0.723,2.935,0,0,0,0
empty_tensor,,,2.212,2.212,0,0,0,0
aten::empty,,,0.272,1.279,0,0,0,0
empty_tensor,,,1.007,1.007,0,0,0,0
aten::empty,,,0.213,1.331,0,0,0,0
empty_tensor,,,1.118,1.118,0,0,0,0
aten::empty,,,0.534,2.396,0,0,0,0
empty_tensor,,,1.862,1.862,0,0,0,0
aclnnAddRmsNormBias,,,3.089,3.089,3.3,3.3,0,0
vllm::unquantized_gemm,,,79.688,186.286,0,8.879999999999999,0,7.8
P13/1025334/00134/linear,,,87.145,106.598,0,8.879999999999999,0,7.8
aten::linear,,,1.714,19.453,0,8.879999999999999,0,7.8
aten::t,,,1.411,3.702,0,0,0,0
aten::transpose,,,0.737,2.291,0,0,0,0
aten::as_strided,,,1.554,1.554,0,0,0,0
aten::addmm,,,8.354,14.037,0,8.879999999999999,0,7.8
empty_tensor,,,2.501,2.501,0,0,0,0
aclnnAddmm,,,3.182,3.182,8.879999999999999,8.879999999999999,7.8,7.8
aten::split_with_sizes,,,2.088,4.227,0,0,0,0
aten::as_strided,,,1.282,1.282,0,0,0,0
aten::as_strided,,,0.339,0.339,0,0,0,0
aten::as_strided,,,0.518,0.518,0,0,0,0
vllm::npu_rotary_embedding,,,174.328,895.149,0,9.62,0,0
aten::view,,,1.447,1.447,0,0,0,0
aten::view,,,0.466,0.466,0,0,0,0
aten::contiguous,,,1.051,12.622,0,2.38,0,0
aten::clone,,,1.661,11.571,0,2.38,0,0
empty_tensor,,,2.218,2.218,0,0,0,0
aten::copy_,,,4.841,7.692,0,2.38,0,0
aclnnInplaceCopy,,,2.851,2.851,2.38,2.38,0,0
aten::contiguous,,,0.841,11.917,0,2.86,0,0
aten::clone,,,0.565,11.076,0,2.86,0,0
empty_tensor,,,1.137,1.137,0,0,0,0
aten::copy_,,,2.051,9.374,0,2.86,0,0
aclnnInplaceCopy,,,7.323,7.323,2.86,2.86,0,0
P13/1025334/00135/jit_run,,,543.871,691.214,0,4.38,0,0
P13/1025334/00136/launch,,,143.256,147.343,0,4.38,0,0
_triton_rope,,,4.087,4.087,4.38,4.38,0,0
aten::view,,,2.504,2.504,0,0,0,0
aten::view,,,0.651,0.651,0,0,0,0
aten::empty,,,1.127,5.396,0,0,0,0
empty_tensor,,,4.269,4.269,0,0,0,0
aten::view,,,0.992,0.992,0,0,0,0
aten::view,,,0.624,0.624,0,0,0,0
aten::view,,,0.64,0.64,0,0,0,0
aten::view,,,0.918,0.918,0,0,0,0
vllm::unified_attention_with_output,,,96.299,1137.52,0,27.281,0,0
P13/1025334/00137/attention,,,279.829,1041.221,0,27.281,0,0
aten::slice,,,1.337,2.847,0,0,0,0
aten::as_strided,,,1.51,1.51,0,0,0,0
aten::slice,,,0.503,1.179,0,0,0,0
aten::as_strided,,,0.676,0.676,0,0,0,0
aten::slice,,,2.458,3.187,0,0,0,0
aten::as_strided,,,0.729,0.729,0,0,0,0
P13/1025334/00138/cache_write,,,158.805,283.832,0,5.18,0,0
P13/1025334/00139/torch_api,,,84.463,125.027,0,5.18,0,0
atb::_npu_reshape_and_cache,,,22.134,40.564,0,5.18,0,0
aten::contiguous,,,1.193,16.729,0,2.32,0,0
aten::clone,,,1.639,15.536,0,2.32,0,0
empty_tensor,,,3.713,3.713,0,0,0,0
aten::copy_,,,6.712,10.184,0,2.32,0,0
aclnnInplaceCopy,,,3.472,3.472,2.32,2.32,0,0
ReshapeCacheOperation,,,1.701,1.701,2.86,2.86,0,0
P13/1025334/00140/fia,,,243.891,455.64,0,22.101,0,0
aten::slice,,,1.039,2.656,0,0,0,0
aten::as_strided,,,1.617,1.617,0,0,0,0
aten::slice,,,0.468,0.969,0,0,0,0
aten::as_strided,,,0.501,0.501,0,0,0,0
aten::slice,,,0.319,0.818,0,0,0,0
aten::as_strided,,,0.499,0.499,0,0,0,0
P13/1025334/00141/torch_api,,,107.931,183.501,0,21.481,0,0
npu::npu_fused_infer_attention_score,,,66.098,75.57,0,21.481,0,0
empty_tensor,,,3.565,3.565,0,0,0,0
empty_tensor,,,0.961,0.961,0,0,0,0
empty_tensor,,,0.821,0.821,0,0,0,0
empty_tensor,,,0.751,0.751,0,0,0,0
aclnnFusedInferAttentionScoreV3,,,3.374,3.374,21.481,21.481,0,0
aten::view,,,2.113,2.113,0,0,0,0
aten::slice,,,0.759,1.913,0,0,0,0
aten::as_strided,,,1.154,1.154,0,0,0,0
aten::copy_,,,17.222,19.779,0,0.62,0,0
aclnnInplaceCopy,,,2.557,2.557,0.62,0.62,0,0
aten::slice,,,0.607,1.507,0,0,0,0
aten::as_strided,,,0.9,0.9,0,0,0,0
aten::copy_,,,10.427,13.2,0,0,0,0
aclnnInplaceCopy,,,2.773,2.773,0,0,0,0
aten::view,,,1.33,1.33,0,0,0,0
vllm::unquantized_gemm,,,71.927,174.635,0,5.8,0,5.8
P13/1025334/00142/linear,,,77.293,102.708,0,5.8,0,5.8
aten::linear,,,1.81,25.415,0,5.8,0,5.8
aten::t,,,3.553,6.192,0,0,0,0
aten::transpose,,,1.187,2.639,0,0,0,0
aten::as_strided,,,1.452,1.452,0,0,0,0
aten::matmul,,,7.782,17.413,0,5.8,0,5.8
empty_tensor,,,3.853,3.853,0,0,0,0
aclnnMatmul,,,5.778,5.778,5.8,5.8,5.8,5.8
vllm::maybe_chunk_residual,,,7.672,7.672,0,0,0,0
_C_ascend::npu_add_rms_norm_bias,,,16.068,28.719,0,3.361,0,0
aten::empty,,,1.029,3.906,0,0,0,0
empty_tensor,,,2.877,2.877,0,0,0,0
aten::empty,,,0.436,1.651,0,0,0,0
empty_tensor,,,1.215,1.215,0,0,0,0
aten::empty,,,0.438,1.373,0,0,0,0
empty_tensor,,,0.935,0.935,0,0,0,0
aten::empty,,,0.38,2.472,0,0,0,0
empty_tensor,,,2.092,2.092,0,0,0,0
aclnnAddRmsNormBias,,,3.249,3.249,3.361,3.361,0,0
vllm::unquantized_gemm,,,76.071,188.721,0,21.561,0,21.561
P13/1025334/00143/linear,,,95.683,112.65,0,21.561,0,21.561
aten::linear,,,1.397,16.967,0,21.561,0,21.561
aten::t,,,1.728,4.32,0,0,0,0
aten::transpose,,,1.133,2.592,0,0,0,0
aten::as_strided,,,1.459,1.459,0,0,0,0
aten::matmul,,,6.014,11.25,0,21.561,0,21.561
empty_tensor,,,2.347,2.347,0,0,0,0
aclnnMatmul,,,2.889,2.889,21.561,21.561,21.561,21.561
npu::npu_swiglu,,,14.216,18.784,0,5.74,0,0
empty_tensor,,,1.952,1.952,0,0,0,0
aclnnSwiGlu,,,2.616,2.616,5.74,5.74,0,0
vllm::unquantized_gemm,,,67.594,160.483,0,16.681,0,16.681
P13/1025334/00144/linear,,,78.471,92.889,0,16.681,0,16.681
aten::linear,,,0.971,14.418,0,16.681,0,16.681
aten::t,,,1.271,4.019,0,0,0,0
aten::transpose,,,0.693,2.748,0,0,0,0
aten::as_strided,,,2.055,2.055,0,0,0,0
aten::matmul,,,4.721,9.428,0,16.681,0,16.681
empty_tensor,,,1.962,1.962,0,0,0,0
aclnnMatmul,,,2.745,2.745,16.681,16.681,16.681,16.681
vllm::maybe_chunk_residual,,,6.973,6.973,0,0,0,0
_C_ascend::npu_add_rms_norm_bias,,,12.583,23.591,0,3.88,0,0
aten::empty,,,0.778,2.98,0,0,0,0
empty_tensor,,,2.202,2.202,0,0,0,0
aten::empty,,,0.359,1.266,0,0,0,0
empty_tensor,,,0.907,0.907,0,0,0,0
aten::empty,,,0.352,1.558,0,0,0,0
empty_tensor,,,1.206,1.206,0,0,0,0
aten::empty,,,0.379,2.202,0,0,0,0
empty_tensor,,,1.823,1.823,0,0,0,0
aclnnAddRmsNormBias,,,3.002,3.002,3.88,3.88,0,0
vllm::unquantized_gemm,,,70.115,169.487,0,9.540000000000001,0,8.32
P13/1025334/00145/linear,,,81.496,99.372,0,9.540000000000001,0,8.32
aten::linear,,,1.579,17.876,0,9.540000000000001,0,8.32
aten::t,,,1.157,3.162,0,0,0,0
aten::transpose,,,0.76,2.005,0,0,0,0
aten::as_strided,,,1.245,1.245,0,0,0,0
aten::addmm,,,8.313,13.135,0,9.540000000000001,0,8.32
empty_tensor,,,2.196,2.196,0,0,0,0
aclnnAddmm,,,2.626,2.626,9.540000000000001,9.540000000000001,8.32,8.32
aten::split_with_sizes,,,1.728,3.833,0,0,0,0
aten::as_strided,,,1.276,1.276,0,0,0,0
aten::as_strided,,,0.394,0.394,0,0,0,0
aten::as_strided,,,0.435,0.435,0,0,0,0
vllm::npu_rotary_embedding,,,176.711,923.437,0,9.161,0,0
aten::view,,,1.468,1.468,0,0,0,0
aten::view,,,0.359,0.359,0,0,0,0
aten::contiguous,,,0.867,13.133,0,2.42,0,0
aten::clone,,,1.598,12.266,0,2.42,0,0
empty_tensor,,,2.409,2.409,0,0,0,0
aten::copy_,,,5.134,8.259,0,2.42,0,0
aclnnInplaceCopy,,,3.125,3.125,2.42,2.42,0,0
aten::contiguous,,,0.386,12.677,0,2.401,0,0
aten::clone,,,0.55,12.291,0,2.401,0,0
empty_tensor,,,1.361,1.361,0,0,0,0
aten::copy_,,,2.251,10.38,0,2.401,0,0
aclnnInplaceCopy,,,8.129,8.129,2.401,2.401,0,0
P13/1025334/00146/jit_run,,,563.749,715.8,0,4.34,0,0
P13/1025334/00147/launch,,,148.04,152.051,0,4.34,0,0
_triton_rope,,,4.011,4.011,4.34,4.34,0,0
aten::view,,,2.648,2.648,0,0,0,0
aten::view,,,0.641,0.641,0,0,0,0
aten::empty,,,1.05,5.731,0,0,0,0
empty_tensor,,,4.681,4.681,0,0,0,0
aten::view,,,0.923,0.923,0,0,0,0
aten::view,,,0.529,0.529,0,0,0,0
aten::view,,,0.474,0.474,0,0,0,0
aten::view,,,0.87,0.87,0,0,0,0
vllm::unified_attention_with_output,,,97.079,1139.347,0,30.301000000000002,0,0
P13/1025334/00148/attention,,,288.599,1042.268,0,30.301000000000002,0,0
aten::slice,,,1.411,2.855,0,0,0,0
aten::as_strided,,,1.444,1.444,0,0,0,0
aten::slice,,,0.479,1.026,0,0,0,0
aten::as_strided,,,0.547,0.547,0,0,0,0
aten::slice,,,2.686,3.524,0,0,0,0
aten::as_strided,,,0.838,0.838,0,0,0,0
P13/1025334/00149/cache_write,,,158.562,284.15,0,5.32,0,0
P13/1025334/00150/torch_api,,,87.336,125.588,0,5.32,0,0
atb::_npu_reshape_and_cache,,,20.579,38.252,0,5.32,0,0
aten::contiguous,,,1.019,16.214,0,2.48,0,0
aten::clone,,,1.613,15.195,0,2.48,0,0
empty_tensor,,,3.32,3.32,0,0,0,0
aten::copy_,,,6.598,10.262,0,2.48,0,0
aclnnInplaceCopy,,,3.664,3.664,2.48,2.48,0,0
ReshapeCacheOperation,,,1.459,1.459,2.84,2.84,0,0
P13/1025334/00151/fia,,,230.869,447.05,0,24.981,0,0
aten::slice,,,0.968,2.442,0,0,0,0
aten::as_strided,,,1.474,1.474,0,0,0,0
aten::slice,,,0.43,0.98,0,0,0,0
aten::as_strided,,,0.55,0.55,0,0,0,0
aten::slice,,,0.373,1.041,0,0,0,0
aten::as_strided,,,0.668,0.668,0,0,0,0
P13/1025334/00152/torch_api,,,110.853,187.033,0,24.341,0,0
npu::npu_fused_infer_attention_score,,,66.965,76.18,0,24.341,0,0
empty_tensor,,,3.283,3.283,0,0,0,0
empty_tensor,,,0.935,0.935,0,0,0,0
empty_tensor,,,0.772,0.772,0,0,0,0
empty_tensor,,,0.7,0.7,0,0,0,0
aclnnFusedInferAttentionScoreV3,,,3.525,3.525,24.341,24.341,0,0
aten::view,,,2.097,2.097,0,0,0,0
aten::slice,,,0.88,2.025,0,0,0,0
aten::as_strided,,,1.145,1.145,0,0,0,0
aten::copy_,,,17.743,20.563,0,0.64,0,0
aclnnInplaceCopy,,,2.82,2.82,0.64,0.64,0,0
aten::slice,,,0.591,1.575,0,0,0,0
aten::as_strided,,,0.984,0.984,0,0,0,0
aten::copy_,,,10.48,13.489,0,0,0,0
aclnnInplaceCopy,,,3.009,3.009,0,0,0,0
aten::view,,,1.297,1.297,0,0,0,0
vllm::unquantized_gemm,,,71.465,178.139,0,5.621,0,5.621
P13/1025334/00153/linear,,,81.188,106.674,0,5.621,0,5.621
aten::linear,,,2.176,25.486,0,5.621,0,5.621
aten::t,,,2.646,5.464,0,0,0,0
aten::transpose,,,1.275,2.818,0,0,0,0
aten::as_strided,,,1.543,1.543,0,0,0,0
aten::matmul,,,7.733,17.846,0,5.621,0,5.621
empty_tensor,,,3.969,3.969,0,0,0,0
aclnnMatmul,,,6.144,6.144,5.621,5.621,5.621,5.621
vllm::maybe_chunk_residual,,,7.675,7.675,0,0,0,0
_C_ascend::npu_add_rms_norm_bias,,,15.799,28.834,0,3.32,0,0
aten::empty,,,1.14,4.185,0,0,0,0
empty_tensor,,,3.045,3.045,0,0,0,0
aten::empty,,,0.295,1.28,0,0,0,0
empty_tensor,,,0.985,0.985,0,0,0,0
aten::empty,,,0.417,1.557,0,0,0,0
empty_tensor,,,1.14,1.14,0,0,0,0
aten::empty,,,0.538,2.667,0,0,0,0
empty_tensor,,,2.129,2.129,0,0,0,0
aclnnAddRmsNormBias,,,3.346,3.346,3.32,3.32,0,0
vllm::unquantized_gemm,,,76.154,182.656,0,18.781,0,18.781
P13/1025334/00154/linear,,,89.528,106.502,0,18.781,0,18.781
aten::linear,,,1.391,16.974,0,18.781,0,18.781
aten::t,,,1.739,4.033,0,0,0,0
aten::transpose,,,0.876,2.294,0,0,0,0
aten::as_strided,,,1.418,1.418,0,0,0,0
aten::matmul,,,6.182,11.55,0,18.781,0,18.781
empty_tensor,,,2.502,2.502,0,0,0,0
aclnnMatmul,,,2.866,2.866,18.781,18.781,18.781,18.781
npu::npu_swiglu,,,14.231,19.235,0,5.08,0,0
empty_tensor,,,2.302,2.302,0,0,0,0
aclnnSwiGlu,,,2.702,2.702,5.08,5.08,0,0
vllm::unquantized_gemm,,,72.967,165.713,0,16.461,0,16.461
P13/1025334/00155/linear,,,76.36,92.746,0,16.461,0,16.461
aten::linear,,,3.598,16.386,0,16.461,0,16.461
aten::t,,,1.192,3.239,0,0,0,0
aten::transpose,,,0.729,2.047,0,0,0,0
aten::as_strided,,,1.318,1.318,0,0,0,0
aten::matmul,,,4.776,9.549,0,16.461,0,16.461
empty_tensor,,,2.174,2.174,0,0,0,0
aclnnMatmul,,,2.599,2.599,16.461,16.461,16.461,16.461
vllm::maybe_chunk_residual,,,7.159,7.159,0,0,0,0
_C_ascend::npu_add_rms_norm_bias,,,12.327,25.343,0,3.22,0,0
aten::empty,,,0.844,4.491,0,0,0,0
empty_tensor,,,3.647,3.647,0,0,0,0
aten::empty,,,0.261,1.425,0,0,0,0
empty_tensor,,,1.164,1.164,0,0,0,0
aten::empty,,,0.341,1.365,0,0,0,0
empty_tensor,,,1.024,1.024,0,0,0,0
aten::empty,,,0.378,2.229,0,0,0,0
empty_tensor,,,1.851,1.851,0,0,0,0
aclnnAddRmsNormBias,,,3.506,3.506,3.22,3.22,0,0
vllm::unquantized_gemm,,,74.659,174.411,0,8.561,0,7.461
P13/1025334/00156/linear,,,82.619,99.752,0,8.561,0,7.461
aten::linear,,,1.369,17.133,0,8.561,0,7.461
aten::t,,,1.273,3.251,0,0,0,0
aten::transpose,,,0.731,1.978,0,0,0,0
aten::as_strided,,,1.247,1.247,0,0,0,0
aten::addmm,,,7.682,12.513,0,8.561,0,7.461
empty_tensor,,,2.066,2.066,0,0,0,0
aclnnAddmm,,,2.765,2.765,8.561,8.561,7.461,7.461
aten::split_with_sizes,,,1.825,4.423,0,0,0,0
aten::as_strided,,,1.284,1.284,0,0,0,0
aten::as_strided,,,0.312,0.312,0,0,0,0
aten::as_strided,,,1.002,1.002,0,0,0,0
vllm::npu_rotary_embedding,,,175.338,907.054,0,9.281,0,0
aten::view,,,1.477,1.477,0,0,0,0
aten::view,,,0.46,0.46,0,0,0,0
aten::contiguous,,,2.324,14.418,0,2.38,0,0
aten::clone,,,1.553,12.094,0,2.38,0,0
empty_tensor,,,2.189,2.189,0,0,0,0
aten::copy_,,,4.733,8.352,0,2.38,0,0
aclnnInplaceCopy,,,3.619,3.619,2.38,2.38,0,0
aten::contiguous,,,0.439,12.155,0,2.4,0,0
aten::clone,,,0.566,11.716,0,2.4,0,0
empty_tensor,,,1.203,1.203,0,0,0,0
aten::copy_,,,2.011,9.947,0,2.4,0,0
aclnnInplaceCopy,,,7.936,7.936,2.4,2.4,0,0
P13/1025334/00157/jit_run,,,543.293,700.159,0,4.501,0,0
P13/1025334/00158/launch,,,152.353,156.866,0,4.501,0,0
_triton_rope,,,4.513,4.513,4.501,4.501,0,0
aten::view,,,2.462,2.462,0,0,0,0
aten::view,,,0.585,0.585,0,0,0,0
aten::empty,,,1.145,5.502,0,0,0,0
empty_tensor,,,4.357,4.357,0,0,0,0
aten::view,,,0.965,0.965,0,0,0,0
aten::view,,,0.619,0.619,0,0,0,0
aten::view,,,0.559,0.559,0,0,0,0
aten::view,,,0.922,0.922,0,0,0,0
vllm::unified_attention_with_output,,,98.738,1135.129,0,27.001,0,0
P13/1025334/00159/attention,,,280.14,1036.391,0,27.001,0,0
aten::slice,,,1.328,2.699,0,0,0,0
aten::as_strided,,,1.371,1.371,0,0,0,0
aten::slice,,,0.333,0.848,0,0,0,0
aten::as_strided,,,0.515,0.515,0,0,0,0
aten::slice,,,2.68,5.187,0,0,0,0
aten::as_strided,,,2.507,2.507,0,0,0,0
P13/1025334/00160/cache_write,,,160.277,279.752,0,5.76,0,0
P13/1025334/00161/torch_api,,,81.098,119.475,0,5.76,0,0
atb::_npu_reshape_and_cache,,,19.592,38.377,0,5.76,0,0
aten::contiguous,,,1.041,16.936,0,2.46,0,0
aten::clone,,,1.668,15.895,0,2.46,0,0
empty_tensor,,,3.947,3.947,0,0,0,0
aten::copy_,,,6.624,10.28,0,2.46,0,0
aclnnInplaceCopy,,,3.656,3.656,2.46,2.46,0,0
ReshapeCacheOperation,,,1.849,1.849,3.3,3.3,0,0
P13/1025334/00162/fia,,,238.126,452.353,0,21.241,0,0
aten::slice,,,0.958,2.481,0,0,0,0
aten::as_strided,,,1.523,1.523,0,0,0,0
aten::slice,,,0.422,0.928,0,0,0,0
aten::as_strided,,,0.506,0.506,0,0,0,0
aten::slice,,,0.338,0.873,0,0,0,0
aten::as_strided,,,0.535,0.535,0,0,0,0
P13/1025334/00163/torch_api,,,109.013,185.002,0,20.621,0,0
npu::npu_fused_infer_attention_score,,,66.093,75.989,0,20.621,0,0
empty_tensor,,,3.56,3.56,0,0,0,0
empty_tensor,,,1.003,1.003,0,0,0,0
empty_tensor,,,0.79,0.79,0,0,0,0
empty_tensor,,,0.688,0.688,0,0,0,0
aclnnFusedInferAttentionScoreV3,,,3.855,3.855,20.621,20.621,0,0
aten::view,,,2.064,2.064,0,0,0,0
aten::slice,,,0.895,2.046,0,0,0,0
aten::as_strided,,,1.151,1.151,0,0,0,0
aten::copy_,,,17.056,20.833,0,0.62,0,0
aclnnInplaceCopy,,,3.777,3.777,0.62,0.62,0,0
aten::slice,,,0.705,1.664,0,0,0,0
aten::as_strided,,,0.959,0.959,0,0,0,0
aten::copy_,,,11.162,13.748,0,0,0,0
aclnnInplaceCopy,,,2.586,2.586,0,0,0,0
aten::view,,,1.36,1.36,0,0,0,0
vllm::unquantized_gemm,,,72.713,170.673,0,5.6,0,5.6
P13/1025334/00164/linear,,,76.577,97.96,0,5.6,0,5.6
aten::linear,,,1.855,21.383,0,5.6,0,5.6
aten::t,,,2.61,5.354,0,0,0,0
aten::transpose,,,1.195,2.744,0,0,0,0
aten::as_strided,,,1.549,1.549,0,0,0,0
aten::matmul,,,7.506,14.174,0,5.6,0,5.6
empty_tensor,,,3.803,3.803,0,0,0,0
aclnnMatmul,,,2.865,2.865,5.6,5.6,5.6,5.6
vllm::maybe_chunk_residual,,,7.65,7.65,0,0,0,0
_C_ascend::npu_add_rms_norm_bias,,,17.943,40.187,0,3.1,0,0
aten::empty,,,1.132,3.97,0,0,0,0
empty_tensor,,,2.838,2.838,0,0,0,0
aten::empty,,,0.264,1.198,0,0,0,0
empty_tensor,,,0.934,0.934,0,0,0,0
aten::empty,,,0.309,1.458,0,0,0,0
empty_tensor,,,1.149,1.149,0,0,0,0
aten::empty,,,0.869,3.627,0,0,0,0
empty_tensor,,,2.758,2.758,0,0,0,0
aclnnAddRmsNormBias,,,11.991,11.991,3.1,3.1,0,0
vllm::unquantized_gemm,,,77.899,181.326,0,19.561,0,19.561
P13/1025334/00165/linear,,,85.813,103.427,0,19.561,0,19.561
aten::linear,,,1.334,17.614,0,19.561,0,19.561
aten::t,,,1.83,4.272,0,0,0,0
aten::transpose,,,0.939,2.442,0,0,0,0
aten::as_strided,,,1.503,1.503,0,0,0,0
aten::matmul,,,6.649,12.008,0,19.561,0,19.561
empty_tensor,,,2.696,2.696,0,0,0,0
aclnnMatmul,,,2.663,2.663,19.561,19.561,19.561,19.561
npu::npu_swiglu,,,14.118,19.635,0,5.32,0,0
empty_tensor,,,2.272,2.272,0,0,0,0
aclnnSwiGlu,,,3.245,3.245,5.32,5.32,0,0
vllm::unquantized_gemm,,,66.943,155.595,0,16.541,0,16.541
P13/1025334/00166/linear,,,75.533,88.652,0,16.541,0,16.541
aten::linear,,,1.035,13.119,0,16.541,0,16.541
aten::t,,,1.252,3.343,0,0,0,0
aten::transpose,,,0.673,2.091,0,0,0,0
aten::as_strided,,,1.418,1.418,0,0,0,0
aten::matmul,,,4.294,8.741,0,16.541,0,16.541
empty_tensor,,,1.879,1.879,0,0,0,0
aclnnMatmul,,,2.568,2.568,16.541,16.541,16.541,16.541
vllm::maybe_chunk_residual,,,6.954,6.954,0,0,0,0
_C_ascend::npu_add_rms_norm_bias,,,12.966,24.121,0,3.16,0,0
aten::empty,,,0.766,2.91,0,0,0,0
empty_tensor,,,2.144,2.144,0,0,0,0
aten::empty,,,0.275,1.246,0,0,0,0
empty_tensor,,,0.971,0.971,0,0,0,0
aten::empty,,,0.291,1.198,0,0,0,0
empty_tensor,,,0.907,0.907,0,0,0,0
aten::empty,,,0.528,2.603,0,0,0,0
empty_tensor,,,2.075,2.075,0,0,0,0
aclnnAddRmsNormBias,,,3.198,3.198,3.16,3.16,0,0
vllm::unquantized_gemm,,,68.527,165.846,0,8.52,0,7.34
P13/1025334/00167/linear,,,80.317,97.319,0,8.52,0,7.34
aten::linear,,,1.325,17.002,0,8.52,0,7.34
aten::t,,,1.075,3.123,0,0,0,0
aten::transpose,,,0.677,2.048,0,0,0,0
aten::as_strided,,,1.371,1.371,0,0,0,0
aten::addmm,,,7.901,12.554,0,8.52,0,7.34
empty_tensor,,,2.013,2.013,0,0,0,0
aclnnAddmm,,,2.64,2.64,8.52,8.52,7.34,7.34
aten::split_with_sizes,,,2.073,4.167,0,0,0,0
aten::as_strided,,,1.311,1.311,0,0,0,0
aten::as_strided,,,0.288,0.288,0,0,0,0
aten::as_strided,,,0.495,0.495,0,0,0,0
vllm::npu_rotary_embedding,,,169.181,895.684,0,9.061,0,0
aten::view,,,1.584,1.584,0,0,0,0
aten::view,,,0.456,0.456,0,0,0,0
aten::contiguous,,,0.88,12.057,0,2.44,0,0
aten::clone,,,1.535,11.177,0,2.44,0,0
empty_tensor,,,2.07,2.07,0,0,0,0
aten::copy_,,,4.703,7.572,0,2.44,0,0
aclnnInplaceCopy,,,2.869,2.869,2.44,2.44,0,0
aten::contiguous,,,0.418,12.027,0,2.321,0,0
aten::clone,,,0.64,11.609,0,2.321,0,0
empty_tensor,,,1.233,1.233,0,0,0,0
aten::copy_,,,1.892,9.736,0,2.321,0,0
aclnnInplaceCopy,,,7.844,7.844,2.321,2.321,0,0
P13/1025334/00168/jit_run,,,544.336,697.303,0,4.3,0,0
P13/1025334/00169/launch,,,148.418,152.967,0,4.3,0,0
_triton_rope,,,4.549,4.549,4.3,4.3,0,0
aten::view,,,2.562,2.562,0,0,0,0
aten::view,,,0.514,0.514,0,0,0,0
aten::empty,,,1.025,5.403,0,0,0,0
empty_tensor,,,4.378,4.378,0,0,0,0
aten::view,,,0.849,0.849,0,0,0,0
aten::view,,,0.49,0.49,0,0,0,0
aten::view,,,0.449,0.449,0,0,0,0
aten::view,,,0.805,0.805,0,0,0,0
vllm::unified_attention_with_output,,,95.907,1139.823,0,30.983,0,0
P13/1025334/00170/attention,,,283.656,1043.916,0,30.983,0,0
aten::slice,,,1.484,3.006,0,0,0,0
aten::as_strided,,,1.522,1.522,0,0,0,0
aten::slice,,,0.748,1.319,0,0,0,0
aten::as_strided,,,0.571,0.571,0,0,0,0
aten::slice,,,2.582,3.374,0,0,0,0
aten::as_strided,,,0.792,0.792,0,0,0,0
P13/1025334/00171/cache_write,,,152.87,277.225,0,5.381,0,0
P13/1025334/00172/torch_api,,,82.365,124.355,0,5.381,0,0
atb::_npu_reshape_and_cache,,,23.84,41.99,0,5.381,0,0
aten::contiguous,,,1.002,15.761,0,2.461,0,0
aten::clone,,,1.537,14.759,0,2.461,0,0
empty_tensor,,,3.521,3.521,0,0,0,0
aten::copy_,,,6.214,9.701,0,2.461,0,0
aclnnInplaceCopy,,,3.487,3.487,2.461,2.461,0,0
ReshapeCacheOperation,,,2.389,2.389,2.92,2.92,0,0
P13/1025334/00173/fia,,,246.059,459.565,0,25.602,0,0
aten::slice,,,1.015,2.545,0,0,0,0
aten::as_strided,,,1.53,1.53,0,0,0,0
aten::slice,,,0.565,1.401,0,0,0,0
aten::as_strided,,,0.836,0.836,0,0,0,0
aten::slice,,,0.338,0.827,0,0,0,0
aten::as_strided,,,0.489,0.489,0,0,0,0
P13/1025334/00174/torch_api,,,108.546,185.081,0,24.982,0,0
npu::npu_fused_infer_attention_score,,,66.676,76.535,0,24.982,0,0
empty_tensor,,,3.288,3.288,0,0,0,0
empty_tensor,,,0.945,0.945,0,0,0,0
empty_tensor,,,0.771,0.771,0,0,0,0
empty_tensor,,,0.742,0.742,0,0,0,0
aclnnFusedInferAttentionScoreV3,,,4.113,4.113,24.982,24.982,0,0
aten::view,,,2.186,2.186,0,0,0,0
aten::slice,,,0.874,1.924,0,0,0,0
aten::as_strided,,,1.05,1.05,0,0,0,0
aten::copy_,,,16.905,19.542,0,0.62,0,0
aclnnInplaceCopy,,,2.637,2.637,0.62,0.62,0,0
aten::slice,,,0.667,1.627,0,0,0,0
aten::as_strided,,,0.96,0.96,0,0,0,0
aten::copy_,,,11.325,14.144,0,0,0,0
aclnnInplaceCopy,,,2.819,2.819,0,0,0,0
aten::view,,,1.441,1.441,0,0,0,0
vllm::unquantized_gemm,,,70.465,170.981,0,6.0,0,6.0
P13/1025334/00175/linear,,,79.086,100.516,0,6.0,0,6.0
aten::linear,,,1.893,21.43,0,6.0,0,6.0
aten::t,,,2.557,5.101,0,0,0,0
aten::transpose,,,1.238,2.544,0,0,0,0
aten::as_strided,,,1.306,1.306,0,0,0,0
aten::matmul,,,7.643,14.436,0,6.0,0,6.0
empty_tensor,,,3.776,3.776,0,0,0,0
aclnnMatmul,,,3.017,3.017,6.0,6.0,6.0,6.0
vllm::maybe_chunk_residual,,,7.85,7.85,0,0,0,0
_C_ascend::npu_add_rms_norm_bias,,,16.03,35.527,0,3.48,0,0
aten::empty,,,1.129,3.849,0,0,0,0
empty_tensor,,,2.72,2.72,0,0,0,0
aten::empty,,,0.253,1.303,0,0,0,0
empty_tensor,,,1.05,1.05,0,0,0,0
aten::empty,,,0.536,1.512,0,0,0,0
empty_tensor,,,0.976,0.976,0,0,0,0
aten::empty,,,0.459,2.751,0,0,0,0
empty_tensor,,,2.292,2.292,0,0,0,0
aclnnAddRmsNormBias,,,10.082,10.082,3.48,3.48,0,0
vllm::unquantized_gemm,,,75.599,184.433,0,18.981,0,18.981
P13/1025334/00176/linear,,,91.032,108.834,0,18.981,0,18.981
aten::linear,,,1.455,17.802,0,18.981,0,18.981
aten::t,,,1.618,3.955,0,0,0,0
aten::transpose,,,0.799,2.337,0,0,0,0
aten::as_strided,,,1.538,1.538,0,0,0,0
aten::matmul,,,6.174,12.392,0,18.981,0,18.981
empty_tensor,,,2.56,2.56,0,0,0,0
aclnnMatmul,,,3.658,3.658,18.981,18.981,18.981,18.981
npu::npu_swiglu,,,14.515,19.446,0,5.3,0,0
empty_tensor,,,2.294,2.294,0,0,0,0
aclnnSwiGlu,,,2.637,2.637,5.3,5.3,0,0
vllm::unquantized_gemm,,,67.042,157.149,0,16.821,0,16.821
P13/1025334/00177/linear,,,76.671,90.107,0,16.821,0,16.821
aten::linear,,,0.986,13.436,0,16.821,0,16.821
aten::t,,,1.077,3.227,0,0,0,0
aten::transpose,,,0.828,2.15,0,0,0,0
aten::as_strided,,,1.322,1.322,0,0,0,0
aten::matmul,,,4.563,9.223,0,16.821,0,16.821
empty_tensor,,,2.051,2.051,0,0,0,0
aclnnMatmul,,,2.609,2.609,16.821,16.821,16.821,16.821
vllm::maybe_chunk_residual,,,7.144,7.144,0,0,0,0
_C_ascend::npu_add_rms_norm_bias,,,12.443,23.221,0,3.34,0,0
aten::empty,,,0.707,2.967,0,0,0,0
empty_tensor,,,2.26,2.26,0,0,0,0
aten::empty,,,0.24,1.347,0,0,0,0
empty_tensor,,,1.107,1.107,0,0,0,0
aten::empty,,,0.323,1.175,0,0,0,0
empty_tensor,,,0.852,0.852,0,0,0,0
aten::empty,,,0.39,2.2,0,0,0,0
empty_tensor,,,1.81,1.81,0,0,0,0
aclnnAddRmsNormBias,,,3.089,3.089,3.34,3.34,0,0
vllm::unquantized_gemm,,,73.522,181.55,0,8.74,0,7.64
P13/1025334/00178/linear,,,88.504,108.028,0,8.74,0,7.64
aten::linear,,,1.497,19.524,0,8.74,0,7.64
aten::t,,,1.474,3.854,0,0,0,0
aten::transpose,,,0.802,2.38,0,0,0,0
aten::as_strided,,,1.578,1.578,0,0,0,0
aten::addmm,,,8.998,14.173,0,8.74,0,7.64
empty_tensor,,,2.598,2.598,0,0,0,0
aclnnAddmm,,,2.577,2.577,8.74,8.74,7.64,7.64
aten::split_with_sizes,,,1.926,4.136,0,0,0,0
aten::as_strided,,,1.335,1.335,0,0,0,0
aten::as_strided,,,0.317,0.317,0,0,0,0
aten::as_strided,,,0.558,0.558,0,0,0,0
vllm::npu_rotary_embedding,,,176.458,905.696,0,9.14,0,0
aten::view,,,1.566,1.566,0,0,0,0
aten::view,,,0.516,0.516,0,0,0,0
aten::contiguous,,,1.01,12.415,0,2.4,0,0
aten::clone,,,1.574,11.405,0,2.4,0,0
empty_tensor,,,2.142,2.142,0,0,0,0
aten::copy_,,,4.878,7.689,0,2.4,0,0
aclnnInplaceCopy,,,2.811,2.811,2.4,2.4,0,0
aten::contiguous,,,0.388,13.829,0,2.38,0,0
aten::clone,,,0.588,13.441,0,2.38,0,0
empty_tensor,,,1.221,1.221,0,0,0,0
aten::copy_,,,2.045,11.632,0,2.38,0,0
aclnnInplaceCopy,,,9.587,9.587,2.38,2.38,0,0
P13/1025334/00179/jit_run,,,541.041,697.738,0,4.36,0,0
P13/1025334/00180/launch,,,151.355,156.697,0,4.36,0,0
_triton_rope,,,5.342,5.342,4.36,4.36,0,0
aten::view,,,2.556,2.556,0,0,0,0
aten::view,,,0.618,0.618,0,0,0,0
aten::empty,,,1.078,5.194,0,0,0,0
empty_tensor,,,4.116,4.116,0,0,0,0
aten::view,,,0.907,0.907,0,0,0,0
aten::view,,,0.527,0.527,0,0,0,0
aten::view,,,0.485,0.485,0,0,0,0
aten::view,,,0.75,0.75,0,0,0,0
vllm::unified_attention_with_output,,,97.575,1127.148,0,28.383999999999997,0,0
P13/1025334/00181/attention,,,281.366,1029.573,0,28.383999999999997,0,0
aten::slice,,,1.523,3.067,0,0,0,0
aten::as_strided,,,1.544,1.544,0,0,0,0
aten::slice,,,0.658,1.453,0,0,0,0
aten::as_strided,,,0.795,0.795,0,0,0,0
aten::slice,,,2.659,3.613,0,0,0,0
aten::as_strided,,,0.954,0.954,0,0,0,0
P13/1025334/00182/cache_write,,,147.898,266.627,0,5.601,0,0
P13/1025334/00183/torch_api,,,80.867,118.729,0,5.601,0,0
atb::_npu_reshape_and_cache,,,20.273,37.862,0,5.601,0,0
aten::contiguous,,,1.043,16.039,0,2.481,0,0
aten::clone,,,1.601,14.996,0,2.481,0,0
empty_tensor,,,3.356,3.356,0,0,0,0
aten::copy_,,,6.294,10.039,0,2.481,0,0
aclnnInplaceCopy,,,3.745,3.745,2.481,2.481,0,0
ReshapeCacheOperation,,,1.55,1.55,3.12,3.12,0,0
P13/1025334/00184/fia,,,242.011,459.127,0,22.782999999999998,0,0
aten::slice,,,1.081,2.571,0,0,0,0
aten::as_strided,,,1.49,1.49,0,0,0,0
aten::slice,,,0.429,1.069,0,0,0,0
aten::as_strided,,,0.64,0.64,0,0,0,0
aten::slice,,,0.417,0.987,0,0,0,0
aten::as_strided,,,0.57,0.57,0,0,0,0
P13/1025334/00185/torch_api,,,110.491,188.424,0,22.162,0,0
npu::npu_fused_infer_attention_score,,,66.871,77.933,0,22.162,0,0
empty_tensor,,,3.472,3.472,0,0,0,0
empty_tensor,,,1.198,1.198,0,0,0,0
empty_tensor,,,0.795,0.795,0,0,0,0
empty_tensor,,,1.75,1.75,0,0,0,0
aclnnFusedInferAttentionScoreV3,,,3.847,3.847,22.162,22.162,0,0
aten::view,,,1.982,1.982,0,0,0,0
aten::slice,,,0.774,1.842,0,0,0,0
aten::as_strided,,,1.068,1.068,0,0,0,0
aten::copy_,,,17.449,20.241,0,0.621,0,0
aclnnInplaceCopy,,,2.792,2.792,0.621,0.621,0,0
aten::slice,,,0.63,1.577,0,0,0,0
aten::as_strided,,,0.947,0.947,0,0,0,0
aten::copy_,,,9.745,12.743,0,0,0,0
aclnnInplaceCopy,,,2.998,2.998,0,0,0,0
aten::view,,,1.351,1.351,0,0,0,0
vllm::unquantized_gemm,,,71.348,168.627,0,6.0,0,6.0
P13/1025334/00186/linear,,,76.062,97.279,0,6.0,0,6.0
aten::linear,,,1.821,21.217,0,6.0,0,6.0
aten::t,,,2.606,5.229,0,0,0,0
aten::transpose,,,1.155,2.623,0,0,0,0
aten::as_strided,,,1.468,1.468,0,0,0,0
aten::matmul,,,7.425,14.167,0,6.0,0,6.0
empty_tensor,,,3.978,3.978,0,0,0,0
aclnnMatmul,,,2.764,2.764,6.0,6.0,6.0,6.0
vllm::maybe_chunk_residual,,,7.739,7.739,0,0,0,0
_C_ascend::npu_add_rms_norm_bias,,,16.03,36.442,0,3.58,0,0
aten::empty,,,1.131,4.087,0,0,0,0
empty_tensor,,,2.956,2.956,0,0,0,0
aten::empty,,,0.415,1.401,0,0,0,0
empty_tensor,,,0.986,0.986,0,0,0,0
aten::empty,,,0.285,1.655,0,0,0,0
empty_tensor,,,1.37,1.37,0,0,0,0
aten::empty,,,0.509,2.898,0,0,0,0
empty_tensor,,,2.389,2.389,0,0,0,0
aclnnAddRmsNormBias,,,10.371,10.371,3.58,3.58,0,0
vllm::unquantized_gemm,,,81.877,181.622,0,19.021,0,19.021
P13/1025334/00187/linear,,,82.513,99.745,0,19.021,0,19.021
aten::linear,,,1.243,17.232,0,19.021,0,19.021
aten::t,,,1.624,4.017,0,0,0,0
aten::transpose,,,0.919,2.393,0,0,0,0
aten::as_strided,,,1.474,1.474,0,0,0,0
aten::matmul,,,6.75,11.972,0,19.021,0,19.021
empty_tensor,,,2.337,2.337,0,0,0,0
aclnnMatmul,,,2.885,2.885,19.021,19.021,19.021,19.021
npu::npu_swiglu,,,14.577,19.477,0,5.16,0,0
empty_tensor,,,2.332,2.332,0,0,0,0
aclnnSwiGlu,,,2.568,2.568,5.16,5.16,0,0
vllm::unquantized_gemm,,,69.816,166.269,0,16.521,0,16.521
P13/1025334/00188/linear,,,82.379,96.453,0,16.521,0,16.521
aten::linear,,,1.052,14.074,0,16.521,0,16.521
aten::t,,,1.315,3.451,0,0,0,0
aten::transpose,,,0.79,2.136,0,0,0,0
aten::as_strided,,,1.346,1.346,0,0,0,0
aten::matmul,,,4.893,9.571,0,16.521,0,16.521
empty_tensor,,,2.057,2.057,0,0,0,0
aclnnMatmul,,,2.621,2.621,16.521,16.521,16.521,16.521
vllm::maybe_chunk_residual,,,7.334,7.334,0,0,0,0
_C_ascend::npu_add_rms_norm_bias,,,13.369,24.636,0,3.08,0,0
aten::empty,,,0.699,3.047,0,0,0,0
empty_tensor,,,2.348,2.348,0,0,0,0
aten::empty,,,0.374,1.269,0,0,0,0
empty_tensor,,,0.895,0.895,0,0,0,0
aten::empty,,,0.236,1.201,0,0,0,0
empty_tensor,,,0.965,0.965,0,0,0,0
aten::empty,,,0.461,2.601,0,0,0,0
empty_tensor,,,2.14,2.14,0,0,0,0
aclnnAddRmsNormBias,,,3.149,3.149,3.08,3.08,0,0
vllm::unquantized_gemm,,,69.751,171.071,0,8.5,0,7.34
P13/1025334/00189/linear,,,82.933,101.32,0,8.5,0,7.34
aten::linear,,,1.35,18.387,0,8.5,0,7.34
aten::t,,,1.277,3.412,0,0,0,0
aten::transpose,,,0.718,2.135,0,0,0,0
aten::as_strided,,,1.417,1.417,0,0,0,0
aten::addmm,,,8.434,13.625,0,8.5,0,7.34
empty_tensor,,,2.182,2.182,0,0,0,0
aclnnAddmm,,,3.009,3.009,8.5,8.5,7.34,7.34
aten::split_with_sizes,,,1.755,3.504,0,0,0,0
aten::as_strided,,,1.216,1.216,0,0,0,0
aten::as_strided,,,0.292,0.292,0,0,0,0
aten::as_strided,,,0.241,0.241,0,0,0,0
vllm::npu_rotary_embedding,,,171.577,915.192,0,10.521,0,0
aten::view,,,1.604,1.604,0,0,0,0
aten::view,,,0.357,0.357,0,0,0,0
aten::contiguous,,,0.961,12.272,0,2.88,0,0
aten::clone,,,1.569,11.311,0,2.88,0,0
empty_tensor,,,2.04,2.04,0,0,0,0
aten::copy_,,,4.956,7.702,0,2.88,0,0
aclnnInplaceCopy,,,2.746,2.746,2.88,2.88,0,0
aten::contiguous,,,0.419,21.325,0,2.72,0,0
aten::clone,,,0.766,20.906,0,2.72,0,0
empty_tensor,,,1.499,1.499,0,0,0,0
aten::copy_,,,1.973,18.641,0,2.72,0,0
aclnnInplaceCopy,,,16.668,16.668,2.72,2.72,0,0
P13/1025334/00190/jit_run,,,552.196,704.624,0,4.921,0,0
P13/1025334/00191/launch,,,147.57,152.428,0,4.921,0,0
_triton_rope,,,4.858,4.858,4.921,4.921,0,0
aten::view,,,2.808,2.808,0,0,0,0
aten::view,,,0.625,0.625,0,0,0,0
aten::empty,,,1.108,5.943,0,0,0,0
empty_tensor,,,4.835,4.835,0,0,0,0
aten::view,,,1.165,1.165,0,0,0,0
aten::view,,,0.523,0.523,0,0,0,0
aten::view,,,0.537,0.537,0,0,0,0
aten::view,,,1.677,1.677,0,0,0,0
vllm::unified_attention_with_output,,,99.781,1128.889,0,28.761,0,0
P13/1025334/00192/attention,,,286.542,1029.108,0,28.761,0,0
aten::slice,,,1.545,3.003,0,0,0,0
aten::as_strided,,,1.458,1.458,0,0,0,0
aten::slice,,,0.416,0.928,0,0,0,0
aten::as_strided,,,0.512,0.512,0,0,0,0
aten::slice,,,2.761,3.563,0,0,0,0
aten::as_strided,,,0.802,0.802,0,0,0,0
P13/1025334/00193/cache_write,,,143.31,261.404,0,5.34,0,0
P13/1025334/00194/torch_api,,,78.934,118.094,0,5.34,0,0
atb::_npu_reshape_and_cache,,,19.658,39.16,0,5.34,0,0
aten::contiguous,,,1.066,17.826,0,2.32,0,0
aten::clone,,,1.629,16.76,0,2.32,0,0
empty_tensor,,,3.45,3.45,0,0,0,0
aten::copy_,,,6.313,11.681,0,2.32,0,0
aclnnInplaceCopy,,,5.368,5.368,2.32,2.32,0,0
ReshapeCacheOperation,,,1.676,1.676,3.02,3.02,0,0
P13/1025334/00195/fia,,,243.353,458.987,0,23.421,0,0
aten::slice,,,0.882,2.355,0,0,0,0
aten::as_strided,,,1.473,1.473,0,0,0,0
aten::slice,,,0.407,0.895,0,0,0,0
aten::as_strided,,,0.488,0.488,0,0,0,0
aten::slice,,,0.307,0.792,0,0,0,0
aten::as_strided,,,0.485,0.485,0,0,0,0
P13/1025334/00196/torch_api,,,110.224,187.843,0,22.781,0,0
npu::npu_fused_infer_attention_score,,,66.576,77.619,0,22.781,0,0
empty_tensor,,,3.378,3.378,0,0,0,0
empty_tensor,,,1.833,1.833,0,0,0,0
empty_tensor,,,1.022,1.022,0,0,0,0
empty_tensor,,,0.674,0.674,0,0,0,0
aclnnFusedInferAttentionScoreV3,,,4.136,4.136,22.781,22.781,0,0
aten::view,,,2.067,2.067,0,0,0,0
aten::slice,,,0.887,1.958,0,0,0,0
aten::as_strided,,,1.071,1.071,0,0,0,0
aten::copy_,,,16.97,19.724,0,0.64,0,0
aclnnInplaceCopy,,,2.754,2.754,0.64,0.64,0,0
aten::slice,,,0.623,1.598,0,0,0,0
aten::as_strided,,,0.975,0.975,0,0,0,0
aten::copy_,,,10.345,13.083,0,0,0,0
aclnnInplaceCopy,,,2.738,2.738,0,0,0,0
aten::view,,,1.341,1.341,0,0,0,0
vllm::unquantized_gemm,,,77.625,178.58,0,6.0,0,6.0
P13/1025334/00197/linear,,,79.933,100.955,0,6.0,0,6.0
aten::linear,,,1.934,21.022,0,6.0,0,6.0
aten::t,,,2.571,5.083,0,0,0,0
aten::transpose,,,1.183,2.512,0,0,0,0
aten::as_strided,,,1.329,1.329,0,0,0,0
aten::matmul,,,7.382,14.005,0,6.0,0,6.0
empty_tensor,,,3.808,3.808,0,0,0,0
aclnnMatmul,,,2.815,2.815,6.0,6.0,6.0,6.0
vllm::maybe_chunk_residual,,,7.8,7.8,0,0,0,0
_C_ascend::npu_add_rms_norm_bias,,,16.134,35.169,0,3.24,0,0
aten::empty,,,1.161,3.995,0,0,0,0
empty_tensor,,,2.834,2.834,0,0,0,0
aten::empty,,,0.271,1.349,0,0,0,0
empty_tensor,,,1.078,1.078,0,0,0,0
aten::empty,,,0.416,1.395,0,0,0,0
empty_tensor,,,0.979,0.979,0,0,0,0
aten::empty,,,0.433,2.496,0,0,0,0
empty_tensor,,,2.063,2.063,0,0,0,0
aclnnAddRmsNormBias,,,9.8,9.8,3.24,3.24,0,0
vllm::unquantized_gemm,,,71.631,174.174,0,19.0,0,19.0
P13/1025334/00198/linear,,,82.368,102.543,0,19.0,0,19.0
aten::linear,,,1.489,20.175,0,19.0,0,19.0
aten::t,,,1.564,7.47,0,0,0,0
aten::transpose,,,4.468,5.906,0,0,0,0
aten::as_strided,,,1.438,1.438,0,0,0,0
aten::matmul,,,6.075,11.216,0,19.0,0,19.0
empty_tensor,,,2.407,2.407,0,0,0,0
aclnnMatmul,,,2.734,2.734,19.0,19.0,19.0,19.0
npu::npu_swiglu,,,14.374,18.844,0,5.601,0,0
empty_tensor,,,1.981,1.981,0,0,0,0
aclnnSwiGlu,,,2.489,2.489,5.601,5.601,0,0
vllm::unquantized_gemm,,,66.903,155.341,0,16.8,0,16.8
P13/1025334/00199/linear,,,75.074,88.438,0,16.8,0,16.8
aten::linear,,,0.99,13.364,0,16.8,0,16.8
aten::t,,,1.194,3.135,0,0,0,0
aten::transpose,,,0.692,1.941,0,0,0,0
aten::as_strided,,,1.249,1.249,0,0,0,0
aten::matmul,,,4.792,9.239,0,16.8,0,16.8
empty_tensor,,,1.901,1.901,0,0,0,0
aclnnMatmul,,,2.546,2.546,16.8,16.8,16.8,16.8
vllm::maybe_chunk_residual,,,6.915,6.915,0,0,0,0
_C_ascend::npu_add_rms_norm_bias,,,12.463,23.422,0,3.82,0,0
aten::empty,,,0.662,2.881,0,0,0,0
empty_tensor,,,2.219,2.219,0,0,0,0
aten::empty,,,0.264,1.469,0,0,0,0
empty_tensor,,,1.205,1.205,0,0,0,0
aten::empty,,,0.327,1.198,0,0,0,0
empty_tensor,,,0.871,0.871,0,0,0,0
aten::empty,,,0.335,2.237,0,0,0,0
empty_tensor,,,1.902,1.902,0,0,0,0
aclnnAddRmsNormBias,,,3.174,3.174,3.82,3.82,0,0
vllm::unquantized_gemm,,,77.378,197.563,0,9.1,0,7.96
P13/1025334/00200/linear,,,100.181,120.185,0,9.1,0,7.96
aten::linear,,,1.512,20.004,0,9.1,0,7.96
aten::t,,,1.34,5.321,0,0,0,0
aten::transpose,,,2.437,3.981,0,0,0,0
aten::as_strided,,,1.544,1.544,0,0,0,0
aten::addmm,,,8.117,13.171,0,9.1,0,7.96
empty_tensor,,,2.35,2.35,0,0,0,0
aclnnAddmm,,,2.704,2.704,9.1,9.1,7.96,7.96
aten::split_with_sizes,,,1.781,4.247,0,0,0,0
aten::as_strided,,,1.308,1.308,0,0,0,0
aten::as_strided,,,0.293,0.293,0,0,0,0
aten::as_strided,,,0.865,0.865,0,0,0,0
vllm::npu_rotary_embedding,,,180.974,888.845,0,9.22,0,0
aten::view,,,1.746,1.746,0,0,0,0
aten::view,,,0.424,0.424,0,0,0,0
aten::contiguous,,,0.899,12.525,0,2.46,0,0
aten::clone,,,1.477,11.626,0,2.46,0,0
empty_tensor,,,2.497,2.497,0,0,0,0
aten::copy_,,,4.825,7.652,0,2.46,0,0
aclnnInplaceCopy,,,2.827,2.827,2.46,2.46,0,0
aten::contiguous,,,0.334,8.781,0,2.48,0,0
aten::clone,,,0.532,8.447,0,2.48,0,0
empty_tensor,,,0.981,0.981,0,0,0,0
aten::copy_,,,2.571,6.934,0,2.48,0,0
aclnnInplaceCopy,,,4.363,4.363,2.48,2.48,0,0
P13/1025334/00201/jit_run,,,536.096,681.234,0,4.28,0,0
P13/1025334/00202/launch,,,141.036,145.138,0,4.28,0,0
_triton_rope,,,4.102,4.102,4.28,4.28,0,0
aten::view,,,2.632,2.632,0,0,0,0
aten::view,,,0.529,0.529,0,0,0,0
aten::empty,,,1.0,4.904,0,0,0,0
empty_tensor,,,3.904,3.904,0,0,0,0
aten::view,,,3.018,3.018,0,0,0,0
aten::view,,,0.692,0.692,0,0,0,0
aten::view,,,0.607,0.607,0,0,0,0
aten::view,,,1.013,1.013,0,0,0,0
vllm::unified_attention_with_output,,,101.821,1123.861,0,29.781000000000002,0,0
P13/1025334/00203/attention,,,282.092,1022.04,0,29.781000000000002,0,0
aten::slice,,,1.639,3.324,0,0,0,0
aten::as_strided,,,1.685,1.685,0,0,0,0
aten::slice,,,0.729,1.464,0,0,0,0
aten::as_strided,,,0.735,0.735,0,0,0,0
aten::slice,,,2.715,3.726,0,0,0,0
aten::as_strided,,,1.011,1.011,0,0,0,0
P13/1025334/00204/cache_write,,,148.789,273.47,0,5.4399999999999995,0,0
P13/1025334/00205/torch_api,,,85.342,124.681,0,5.4399999999999995,0,0
atb::_npu_reshape_and_cache,,,20.163,39.339,0,5.4399999999999995,0,0
aten::contiguous,,,1.093,16.116,0,2.3,0,0
aten::clone,,,1.62,15.023,0,2.3,0,0
empty_tensor,,,3.283,3.283,0,0,0,0
aten::copy_,,,6.442,10.12,0,2.3,0,0
aclnnInplaceCopy,,,3.678,3.678,2.3,2.3,0,0
ReshapeCacheOperation,,,3.06,3.06,3.14,3.14,0,0
P13/1025334/00206/fia,,,231.157,442.647,0,24.341,0,0
aten::slice,,,0.985,2.376,0,0,0,0
aten::as_strided,,,1.391,1.391,0,0,0,0
aten::slice,,,0.614,1.257,0,0,0,0
aten::as_strided,,,0.643,0.643,0,0,0,0
aten::slice,,,0.487,1.007,0,0,0,0
aten::as_strided,,,0.52,0.52,0,0,0,0
P13/1025334/00207/torch_api,,,105.591,183.381,0,23.681,0,0
npu::npu_fused_infer_attention_score,,,67.491,77.79,0,23.681,0,0
empty_tensor,,,3.827,3.827,0,0,0,0
empty_tensor,,,0.899,0.899,0,0,0,0
empty_tensor,,,0.841,0.841,0,0,0,0
empty_tensor,,,0.95,0.95,0,0,0,0
aclnnFusedInferAttentionScoreV3,,,3.782,3.782,23.681,23.681,0,0
aten::view,,,1.837,1.837,0,0,0,0
aten::slice,,,0.9,1.973,0,0,0,0
aten::as_strided,,,1.073,1.073,0,0,0,0
aten::copy_,,,16.873,19.659,0,0.66,0,0
aclnnInplaceCopy,,,2.786,2.786,0.66,0.66,0,0
aten::slice,,,0.597,1.593,0,0,0,0
aten::as_strided,,,0.996,0.996,0,0,0,0
aten::copy_,,,11.008,13.724,0,0,0,0
aclnnInplaceCopy,,,2.716,2.716,0,0,0,0
aten::view,,,1.331,1.331,0,0,0,0
vllm::unquantized_gemm,,,75.954,184.868,0,5.64,0,5.64
P13/1025334/00208/linear,,,86.376,108.914,0,5.64,0,5.64
aten::linear,,,1.995,22.538,0,5.64,0,5.64
aten::t,,,2.676,5.531,0,0,0,0
aten::transpose,,,1.357,2.855,0,0,0,0
aten::as_strided,,,1.498,1.498,0,0,0,0
aten::matmul,,,7.623,15.012,0,5.64,0,5.64
empty_tensor,,,4.001,4.001,0,0,0,0
aclnnMatmul,,,3.388,3.388,5.64,5.64,5.64,5.64
vllm::maybe_chunk_residual,,,7.584,7.584,0,0,0,0
_C_ascend::npu_add_rms_norm_bias,,,15.922,37.545,0,2.96,0,0
aten::empty,,,1.076,3.935,0,0,0,0
empty_tensor,,,2.859,2.859,0,0,0,0
aten::empty,,,0.251,1.216,0,0,0,0
empty_tensor,,,0.965,0.965,0,0,0,0
aten::empty,,,0.411,1.701,0,0,0,0
empty_tensor,,,1.29,1.29,0,0,0,0
aten::empty,,,0.623,4.294,0,0,0,0
empty_tensor,,,3.671,3.671,0,0,0,0
aclnnAddRmsNormBias,,,10.477,10.477,2.96,2.96,0,0
vllm::unquantized_gemm,,,70.736,172.991,0,18.921,0,18.921
P13/1025334/00209/linear,,,85.381,102.255,0,18.921,0,18.921
aten::linear,,,1.357,16.874,0,18.921,0,18.921
aten::t,,,1.882,4.183,0,0,0,0
aten::transpose,,,0.773,2.301,0,0,0,0
aten::as_strided,,,1.528,1.528,0,0,0,0
aten::matmul,,,6.205,11.334,0,18.921,0,18.921
empty_tensor,,,2.354,2.354,0,0,0,0
aclnnMatmul,,,2.775,2.775,18.921,18.921,18.921,18.921
npu::npu_swiglu,,,14.421,19.283,0,4.6,0,0
empty_tensor,,,2.155,2.155,0,0,0,0
aclnnSwiGlu,,,2.707,2.707,4.6,4.6,0,0
vllm::unquantized_gemm,,,66.836,161.744,0,16.541,0,16.541
P13/1025334/00210/linear,,,81.324,94.908,0,16.541,0,16.541
aten::linear,,,1.017,13.584,0,16.541,0,16.541
aten::t,,,1.256,3.398,0,0,0,0
aten::transpose,,,0.809,2.142,0,0,0,0
aten::as_strided,,,1.333,1.333,0,0,0,0
aten::matmul,,,4.504,9.169,0,16.541,0,16.541
empty_tensor,,,2.188,2.188,0,0,0,0
aclnnMatmul,,,2.477,2.477,16.541,16.541,16.541,16.541
vllm::maybe_chunk_residual,,,7.141,7.141,0,0,0,0
_C_ascend::npu_add_rms_norm_bias,,,12.409,23.371,0,3.76,0,0
aten::empty,,,0.672,2.83,0,0,0,0
empty_tensor,,,2.158,2.158,0,0,0,0
aten::empty,,,0.261,1.186,0,0,0,0
empty_tensor,,,0.925,0.925,0,0,0,0
aten::empty,,,0.284,1.462,0,0,0,0
empty_tensor,,,1.178,1.178,0,0,0,0
aten::empty,,,0.599,2.571,0,0,0,0
empty_tensor,,,1.972,1.972,0,0,0,0
aclnnAddRmsNormBias,,,2.913,2.913,3.76,3.76,0,0
vllm::unquantized_gemm,,,68.631,167.324,0,8.661,0,7.461
P13/1025334/00211/linear,,,81.258,98.693,0,8.661,0,7.461
aten::linear,,,1.429,17.435,0,8.661,0,7.461
aten::t,,,1.101,3.145,0,0,0,0
aten::transpose,,,0.723,2.044,0,0,0,0
aten::as_strided,,,1.321,1.321,0,0,0,0
aten::addmm,,,7.982,12.861,0,8.661,0,7.461
empty_tensor,,,2.078,2.078,0,0,0,0
aclnnAddmm,,,2.801,2.801,8.661,8.661,7.461,7.461
aten::split_with_sizes,,,1.797,3.772,0,0,0,0
aten::as_strided,,,1.286,1.286,0,0,0,0
aten::as_strided,,,0.288,0.288,0,0,0,0
aten::as_strided,,,0.401,0.401,0,0,0,0
vllm::npu_rotary_embedding,,,179.954,912.415,0,9.52,0,0
aten::view,,,1.67,1.67,0,0,0,0
aten::view,,,0.485,0.485,0,0,0,0
aten::contiguous,,,0.984,12.546,0,2.42,0,0
aten::clone,,,1.834,11.562,0,2.42,0,0
empty_tensor,,,2.097,2.097,0,0,0,0
aten::copy_,,,4.771,7.631,0,2.42,0,0
aclnnInplaceCopy,,,2.86,2.86,2.42,2.42,0,0
aten::contiguous,,,0.396,8.594,0,2.36,0,0
aten::clone,,,0.602,8.198,0,2.36,0,0
empty_tensor,,,1.174,1.174,0,0,0,0
aten::copy_,,,1.735,6.422,0,2.36,0,0
aclnnInplaceCopy,,,4.687,4.687,2.36,2.36,0,0
P13/1025334/00212/jit_run,,,556.122,705.919,0,4.74,0,0
P13/1025334/00213/launch,,,145.88,149.797,0,4.74,0,0
_triton_rope,,,3.917,3.917,4.74,4.74,0,0
aten::view,,,2.68,2.68,0,0,0,0
aten::view,,,0.567,0.567,0,0,0,0
aten::empty,,,1.788,6.239,0,0,0,0
empty_tensor,,,4.451,4.451,0,0,0,0
aten::view,,,0.936,0.936,0,0,0,0
aten::view,,,0.522,0.522,0,0,0,0
aten::view,,,0.552,0.552,0,0,0,0
aten::view,,,0.897,0.897,0,0,0,0
vllm::unified_attention_with_output,,,100.215,1163.952,0,31.642,0,0
P13/1025334/00214/attention,,,289.454,1063.737,0,31.642,0,0
aten::slice,,,1.411,2.891,0,0,0,0
aten::as_strided,,,1.48,1.48,0,0,0,0
aten::slice,,,0.479,1.093,0,0,0,0
aten::as_strided,,,0.614,0.614,0,0,0,0
aten::slice,,,2.54,3.287,0,0,0,0
aten::as_strided,,,0.747,0.747,0,0,0,0
P13/1025334/00215/cache_write,,,151.998,286.953,0,5.8,0,0
P13/1025334/00216/torch_api,,,88.987,134.955,0,5.8,0,0
atb::_npu_reshape_and_cache,,,26.935,45.968,0,5.8,0,0
aten::contiguous,,,1.088,16.557,0,2.34,0,0
aten::clone,,,1.654,15.469,0,2.34,0,0
empty_tensor,,,3.455,3.455,0,0,0,0
aten::copy_,,,6.745,10.36,0,2.34,0,0
aclnnInplaceCopy,,,3.615,3.615,2.34,2.34,0,0
ReshapeCacheOperation,,,2.476,2.476,3.46,3.46,0,0
P13/1025334/00217/fia,,,246.043,464.155,0,25.842,0,0
aten::slice,,,0.908,2.42,0,0,0,0
aten::as_strided,,,1.512,1.512,0,0,0,0
aten::slice,,,0.341,0.783,0,0,0,0
aten::as_strided,,,0.442,0.442,0,0,0,0
aten::slice,,,0.571,1.898,0,0,0,0
aten::as_strided,,,1.327,1.327,0,0,0,0
P13/1025334/00218/torch_api,,,110.408,188.525,0,25.201999999999998,0,0
npu::npu_fused_infer_attention_score,,,67.754,78.117,0,25.201999999999998,0,0
empty_tensor,,,3.693,3.693,0,0,0,0
empty_tensor,,,0.889,0.889,0,0,0,0
empty_tensor,,,0.786,0.786,0,0,0,0
empty_tensor,,,0.781,0.781,0,0,0,0
aclnnFusedInferAttentionScoreV3,,,4.214,4.214,25.201999999999998,25.201999999999998,0,0
aten::view,,,2.188,2.188,0,0,0,0
aten::slice,,,0.961,2.127,0,0,0,0
aten::as_strided,,,1.166,1.166,0,0,0,0
aten::copy_,,,17.391,20.171,0,0.64,0,0
aclnnInplaceCopy,,,2.78,2.78,0.64,0.64,0,0
aten::slice,,,0.648,1.664,0,0,0,0
aten::as_strided,,,1.016,1.016,0,0,0,0
aten::copy_,,,11.186,14.24,0,0,0,0
aclnnInplaceCopy,,,3.054,3.054,0,0,0,0
aten::view,,,1.357,1.357,0,0,0,0
vllm::unquantized_gemm,,,73.509,175.331,0,5.8,0,5.8
P13/1025334/00219/linear,,,80.429,101.822,0,5.8,0,5.8
aten::linear,,,1.93,21.393,0,5.8,0,5.8
aten::t,,,2.488,5.244,0,0,0,0
aten::transpose,,,1.18,2.756,0,0,0,0
aten::as_strided,,,1.576,1.576,0,0,0,0
aten::matmul,,,7.385,14.219,0,5.8,0,5.8
empty_tensor,,,3.914,3.914,0,0,0,0
aclnnMatmul,,,2.92,2.92,5.8,5.8,5.8,5.8
vllm::maybe_chunk_residual,,,7.727,7.727,0,0,0,0
_C_ascend::npu_add_rms_norm_bias,,,16.053,36.962,0,3.561,0,0
aten::empty,,,1.079,3.888,0,0,0,0
empty_tensor,,,2.809,2.809,0,0,0,0
aten::empty,,,0.277,1.509,0,0,0,0
empty_tensor,,,1.232,1.232,0,0,0,0
aten::empty,,,0.567,2.351,0,0,0,0
empty_tensor,,,1.784,1.784,0,0,0,0
aten::empty,,,0.369,2.629,0,0,0,0
empty_tensor,,,2.26,2.26,0,0,0,0
aclnnAddRmsNormBias,,,10.532,10.532,3.561,3.561,0,0
vllm::unquantized_gemm,,,73.385,173.468,0,19.36,0,19.36
P13/1025334/00220/linear,,,82.955,100.083,0,19.36,0,19.36
aten::linear,,,1.494,17.128,0,19.36,0,19.36
aten::t,,,1.601,4.04,0,0,0,0
aten::transpose,,,0.788,2.439,0,0,0,0
aten::as_strided,,,1.651,1.651,0,0,0,0
aten::matmul,,,6.077,11.594,0,19.36,0,19.36
empty_tensor,,,2.492,2.492,0,0,0,0
aclnnMatmul,,,3.025,3.025,19.36,19.36,19.36,19.36
npu::npu_swiglu,,,14.552,19.267,0,5.401,0,0
empty_tensor,,,2.2,2.2,0,0,0,0
aclnnSwiGlu,,,2.515,2.515,5.401,5.401,0,0
vllm::unquantized_gemm,,,65.637,152.368,0,16.701,0,16.701
P13/1025334/00221/linear,,,73.616,86.731,0,16.701,0,16.701
aten::linear,,,0.994,13.115,0,16.701,0,16.701
aten::t,,,1.154,3.049,0,0,0,0
aten::transpose,,,0.551,1.895,0,0,0,0
aten::as_strided,,,1.344,1.344,0,0,0,0
aten::matmul,,,4.665,9.072,0,16.701,0,16.701
empty_tensor,,,2.018,2.018,0,0,0,0
aclnnMatmul,,,2.389,2.389,16.701,16.701,16.701,16.701
vllm::maybe_chunk_residual,,,6.84,6.84,0,0,0,0
_C_ascend::npu_add_rms_norm_bias,,,12.587,24.52,0,3.181,0,0
aten::empty,,,0.66,2.855,0,0,0,0
empty_tensor,,,2.195,2.195,0,0,0,0
aten::empty,,,0.262,1.213,0,0,0,0
empty_tensor,,,0.951,0.951,0,0,0,0
aten::empty,,,0.298,1.436,0,0,0,0
empty_tensor,,,1.138,1.138,0,0,0,0
aten::empty,,,0.445,3.054,0,0,0,0
empty_tensor,,,2.609,2.609,0,0,0,0
aclnnAddRmsNormBias,,,3.375,3.375,3.181,3.181,0,0
vllm::unquantized_gemm,,,79.931,190.199,0,8.96,0,7.86
P13/1025334/00222/linear,,,92.255,110.268,0,8.96,0,7.86
aten::linear,,,1.408,18.013,0,8.96,0,7.86
aten::t,,,1.199,3.128,0,0,0,0
aten::transpose,,,0.656,1.929,0,0,0,0
aten::as_strided,,,1.273,1.273,0,0,0,0
aten::addmm,,,8.068,13.477,0,8.96,0,7.86
empty_tensor,,,2.502,2.502,0,0,0,0
aclnnAddmm,,,2.907,2.907,8.96,8.96,7.86,7.86
aten::split_with_sizes,,,1.869,3.962,0,0,0,0
aten::as_strided,,,1.329,1.329,0,0,0,0
aten::as_strided,,,0.296,0.296,0,0,0,0
aten::as_strided,,,0.468,0.468,0,0,0,0
vllm::npu_rotary_embedding,,,174.368,885.704,0,9.26,0,0
aten::view,,,1.525,1.525,0,0,0,0
aten::view,,,0.429,0.429,0,0,0,0
aten::contiguous,,,1.0,12.721,0,2.48,0,0
aten::clone,,,1.672,11.721,0,2.48,0,0
empty_tensor,,,2.255,2.255,0,0,0,0
aten::copy_,,,4.936,7.794,0,2.48,0,0
aclnnInplaceCopy,,,2.858,2.858,2.48,2.48,0,0
aten::contiguous,,,0.386,8.736,0,2.4,0,0
aten::clone,,,0.554,8.35,0,2.4,0,0
empty_tensor,,,1.191,1.191,0,0,0,0
aten::copy_,,,2.058,6.605,0,2.4,0,0
aclnnInplaceCopy,,,4.547,4.547,2.4,2.4,0,0
P13/1025334/00223/jit_run,,,539.902,684.926,0,4.38,0,0
P13/1025334/00224/launch,,,141.32,145.024,0,4.38,0,0
_triton_rope,,,3.704,3.704,4.38,4.38,0,0
aten::view,,,2.425,2.425,0,0,0,0
aten::view,,,0.574,0.574,0,0,0,0
aten::empty,,,1.014,4.925,0,0,0,0
empty_tensor,,,3.911,3.911,0,0,0,0
aten::view,,,0.895,0.895,0,0,0,0
aten::view,,,0.603,0.603,0,0,0,0
aten::view,,,0.596,0.596,0,0,0,0
aten::view,,,0.831,0.831,0,0,0,0
vllm::unified_attention_with_output,,,100.43,1184.216,0,28.360999999999997,0,0
P13/1025334/00225/attention,,,318.799,1083.786,0,28.360999999999997,0,0
aten::slice,,,1.373,2.953,0,0,0,0
aten::as_strided,,,1.58,1.58,0,0,0,0
aten::slice,,,0.349,0.839,0,0,0,0
aten::as_strided,,,0.49,0.49,0,0,0,0
aten::slice,,,2.635,3.524,0,0,0,0
aten::as_strided,,,0.889,0.889,0,0,0,0
P13/1025334/00226/cache_write,,,145.865,274.47,0,5.64,0,0
P13/1025334/00227/torch_api,,,83.657,128.605,0,5.64,0,0
atb::_npu_reshape_and_cache,,,25.218,44.948,0,5.64,0,0
aten::contiguous,,,0.967,17.241,0,2.38,0,0
aten::clone,,,1.599,16.274,0,2.38,0,0
empty_tensor,,,3.359,3.359,0,0,0,0
aten::copy_,,,7.284,11.316,0,2.38,0,0
aclnnInplaceCopy,,,4.032,4.032,2.38,2.38,0,0
ReshapeCacheOperation,,,2.489,2.489,3.26,3.26,0,0
P13/1025334/00228/fia,,,244.093,468.16,0,22.721,0,0
aten::slice,,,1.174,3.011,0,0,0,0
aten::as_strided,,,1.837,1.837,0,0,0,0
aten::slice,,,2.406,2.905,0,0,0,0
aten::as_strided,,,0.499,0.499,0,0,0,0
aten::slice,,,0.427,1.018,0,0,0,0
aten::as_strided,,,0.591,0.591,0,0,0,0
P13/1025334/00229/torch_api,,,113.104,191.449,0,22.101,0,0
npu::npu_fused_infer_attention_score,,,67.413,78.345,0,22.101,0,0
empty_tensor,,,3.973,3.973,0,0,0,0
empty_tensor,,,0.951,0.951,0,0,0,0
empty_tensor,,,0.789,0.789,0,0,0,0
empty_tensor,,,1.108,1.108,0,0,0,0
aclnnFusedInferAttentionScoreV3,,,4.111,4.111,22.101,22.101,0,0
aten::view,,,2.032,2.032,0,0,0,0
aten::slice,,,0.866,1.993,0,0,0,0
aten::as_strided,,,1.127,1.127,0,0,0,0
aten::copy_,,,17.288,21.659,0,0.62,0,0
aclnnInplaceCopy,,,4.371,4.371,0.62,0.62,0,0
aten::slice,,,0.628,1.539,0,0,0,0
aten::as_strided,,,0.911,0.911,0,0,0,0
aten::copy_,,,10.308,13.502,0,0,0,0
aclnnInplaceCopy,,,3.194,3.194,0,0,0,0
aten::view,,,1.448,1.448,0,0,0,0
vllm::unquantized_gemm,,,77.942,182.276,0,5.621,0,5.621
P13/1025334/00230/linear,,,82.39,104.334,0,5.621,0,5.621
aten::linear,,,1.947,21.944,0,5.621,0,5.621
aten::t,,,2.588,5.161,0,0,0,0
aten::transpose,,,1.147,2.573,0,0,0,0
aten::as_strided,,,1.426,1.426,0,0,0,0
aten::matmul,,,7.838,14.836,0,5.621,0,5.621
empty_tensor,,,4.197,4.197,0,0,0,0
aclnnMatmul,,,2.801,2.801,5.621,5.621,5.621,5.621
vllm::maybe_chunk_residual,,,7.569,7.569,0,0,0,0
_C_ascend::npu_add_rms_norm_bias,,,16.985,37.899,0,3.26,0,0
aten::empty,,,1.11,3.962,0,0,0,0
empty_tensor,,,2.852,2.852,0,0,0,0
aten::empty,,,0.46,2.744,0,0,0,0
empty_tensor,,,2.284,2.284,0,0,0,0
aten::empty,,,0.352,1.417,0,0,0,0
empty_tensor,,,1.065,1.065,0,0,0,0
aten::empty,,,0.367,2.622,0,0,0,0
empty_tensor,,,2.255,2.255,0,0,0,0
aclnnAddRmsNormBias,,,10.169,10.169,3.26,3.26,0,0
vllm::unquantized_gemm,,,69.855,166.571,0,19.721,0,19.721
P13/1025334/00231/linear,,,79.982,96.716,0,19.721,0,19.721
aten::linear,,,1.389,16.734,0,19.721,0,19.721
aten::t,,,1.666,4.053,0,0,0,0
aten::transpose,,,0.794,2.387,0,0,0,0
aten::as_strided,,,1.593,1.593,0,0,0,0
aten::matmul,,,6.115,11.292,0,19.721,0,19.721
empty_tensor,,,2.459,2.459,0,0,0,0
aclnnMatmul,,,2.718,2.718,19.721,19.721,19.721,19.721
npu::npu_swiglu,,,14.648,19.621,0,5.1,0,0
empty_tensor,,,2.07,2.07,0,0,0,0
aclnnSwiGlu,,,2.903,2.903,5.1,5.1,0,0
vllm::unquantized_gemm,,,67.709,154.77,0,16.541,0,16.541
P13/1025334/00232/linear,,,74.271,87.061,0,16.541,0,16.541
aten::linear,,,0.944,12.79,0,16.541,0,16.541
aten::t,,,1.093,3.026,0,0,0,0
aten::transpose,,,0.681,1.933,0,0,0,0
aten::as_strided,,,1.252,1.252,0,0,0,0
aten::matmul,,,4.463,8.82,0,16.541,0,16.541
empty_tensor,,,1.778,1.778,0,0,0,0
aclnnMatmul,,,2.579,2.579,16.541,16.541,16.541,16.541
vllm::maybe_chunk_residual,,,7.415,7.415,0,0,0,0
_C_ascend::npu_add_rms_norm_bias,,,12.897,26.153,0,3.32,0,0
aten::empty,,,0.732,2.991,0,0,0,0
empty_tensor,,,2.259,2.259,0,0,0,0
aten::empty,,,0.366,1.34,0,0,0,0
empty_tensor,,,0.974,0.974,0,0,0,0
aten::empty,,,0.267,2.194,0,0,0,0
empty_tensor,,,1.927,1.927,0,0,0,0
aten::empty,,,0.485,2.838,0,0,0,0
empty_tensor,,,2.353,2.353,0,0,0,0
aclnnAddRmsNormBias,,,3.893,3.893,3.32,3.32,0,0
vllm::unquantized_gemm,,,76.929,187.751,0,8.52,0,7.42
P13/1025334/00233/linear,,,92.962,110.822,0,8.52,0,7.42
aten::linear,,,1.453,17.86,0,8.52,0,7.42
aten::t,,,1.216,3.348,0,0,0,0
aten::transpose,,,0.787,2.132,0,0,0,0
aten::as_strided,,,1.345,1.345,0,0,0,0
aten::addmm,,,8.256,13.059,0,8.52,0,7.42
empty_tensor,,,2.227,2.227,0,0,0,0
aclnnAddmm,,,2.576,2.576,8.52,8.52,7.42,7.42
aten::split_with_sizes,,,1.882,3.587,0,0,0,0
aten::as_strided,,,1.202,1.202,0,0,0,0
aten::as_strided,,,0.275,0.275,0,0,0,0
aten::as_strided,,,0.228,0.228,0,0,0,0
vllm::npu_rotary_embedding,,,177.118,899.395,0,9.26,0,0
aten::view,,,1.456,1.456,0,0,0,0
aten::view,,,0.457,0.457,0,0,0,0
aten::contiguous,,,0.961,12.014,0,2.6,0,0
aten::clone,,,1.643,11.053,0,2.6,0,0
empty_tensor,,,2.06,2.06,0,0,0,0
aten::copy_,,,4.833,7.35,0,2.6,0,0
aclnnInplaceCopy,,,2.517,2.517,2.6,2.6,0,0
aten::contiguous,,,0.47,12.084,0,2.42,0,0
aten::clone,,,0.574,11.614,0,2.42,0,0
empty_tensor,,,1.276,1.276,0,0,0,0
aten::copy_,,,2.006,9.764,0,2.42,0,0
aclnnInplaceCopy,,,7.758,7.758,2.42,2.42,0,0
P13/1025334/00234/jit_run,,,544.586,693.152,0,4.24,0,0
P13/1025334/00235/launch,,,143.985,148.566,0,4.24,0,0
_triton_rope,,,4.581,4.581,4.24,4.24,0,0
aten::view,,,2.54,2.54,0,0,0,0
aten::view,,,0.574,0.574,0,0,0,0
aten::empty,,,1.02,5.345,0,0,0,0
empty_tensor,,,4.325,4.325,0,0,0,0
aten::view,,,0.889,0.889,0,0,0,0
aten::view,,,0.594,0.594,0,0,0,0
aten::view,,,0.594,0.594,0,0,0,0
aten::view,,,1.005,1.005,0,0,0,0
vllm::unified_attention_with_output,,,100.772,1132.026,0,29.601000000000003,0,0
P13/1025334/00236/attention,,,288.291,1031.254,0,29.601000000000003,0,0
aten::slice,,,1.37,2.791,0,0,0,0
aten::as_strided,,,1.421,1.421,0,0,0,0
aten::slice,,,0.442,0.928,0,0,0,0
aten::as_strided,,,0.486,0.486,0,0,0,0
aten::slice,,,2.507,3.379,0,0,0,0
aten::as_strided,,,0.872,0.872,0,0,0,0
P13/1025334/00237/cache_write,,,148.716,265.81,0,5.32,0,0
P13/1025334/00238/torch_api,,,80.29,117.094,0,5.32,0,0
atb::_npu_reshape_and_cache,,,19.154,36.804,0,5.32,0,0
aten::contiguous,,,0.919,16.16,0,2.26,0,0
aten::clone,,,1.6,15.241,0,2.26,0,0
empty_tensor,,,3.255,3.255,0,0,0,0
aten::copy_,,,6.877,10.386,0,2.26,0,0
aclnnInplaceCopy,,,3.509,3.509,2.26,2.26,0,0
ReshapeCacheOperation,,,1.49,1.49,3.06,3.06,0,0
P13/1025334/00239/fia,,,243.515,453.573,0,24.281000000000002,0,0
aten::slice,,,0.988,2.345,0,0,0,0
aten::as_strided,,,1.357,1.357,0,0,0,0
aten::slice,,,0.378,0.865,0,0,0,0
aten::as_strided,,,0.487,0.487,0,0,0,0
aten::slice,,,0.404,1.072,0,0,0,0
aten::as_strided,,,0.668,0.668,0,0,0,0
P13/1025334/00240/torch_api,,,106.229,181.722,0,23.641000000000002,0,0
npu::npu_fused_infer_attention_score,,,66.103,75.493,0,23.641000000000002,0,0
empty_tensor,,,3.305,3.305,0,0,0,0
empty_tensor,,,0.907,0.907,0,0,0,0
empty_tensor,,,0.713,0.713,0,0,0,0
empty_tensor,,,0.77,0.77,0,0,0,0
aclnnFusedInferAttentionScoreV3,,,3.695,3.695,23.641000000000002,23.641000000000002,0,0
aten::view,,,2.002,2.002,0,0,0,0
aten::slice,,,0.831,1.985,0,0,0,0
aten::as_strided,,,1.154,1.154,0,0,0,0
aten::copy_,,,17.204,20.067,0,0.64,0,0
aclnnInplaceCopy,,,2.863,2.863,0.64,0.64,0,0
aten::slice,,,0.636,1.689,0,0,0,0
aten::as_strided,,,1.053,1.053,0,0,0,0
aten::copy_,,,10.847,14.793,0,0,0,0
aclnnInplaceCopy,,,3.946,3.946,0,0,0,0
aten::view,,,1.421,1.421,0,0,0,0
vllm::unquantized_gemm,,,72.788,176.988,0,5.82,0,5.82
P13/1025334/00241/linear,,,81.879,104.2,0,5.82,0,5.82
aten::linear,,,1.938,22.321,0,5.82,0,5.82
aten::t,,,2.476,5.161,0,0,0,0
aten::transpose,,,1.19,2.685,0,0,0,0
aten::as_strided,,,1.495,1.495,0,0,0,0
aten::matmul,,,7.908,15.222,0,5.82,0,5.82
empty_tensor,,,4.535,4.535,0,0,0,0
aclnnMatmul,,,2.779,2.779,5.82,5.82,5.82,5.82
vllm::maybe_chunk_residual,,,7.564,7.564,0,0,0,0
_C_ascend::npu_add_rms_norm_bias,,,16.148,36.006,0,3.36,0,0
aten::empty,,,1.138,3.93,0,0,0,0
empty_tensor,,,2.792,2.792,0,0,0,0
aten::empty,,,0.261,1.352,0,0,0,0
empty_tensor,,,1.091,1.091,0,0,0,0
aten::empty,,,0.408,1.608,0,0,0,0
empty_tensor,,,1.2,1.2,0,0,0,0
aten::empty,,,0.407,2.732,0,0,0,0
empty_tensor,,,2.325,2.325,0,0,0,0
aclnnAddRmsNormBias,,,10.236,10.236,3.36,3.36,0,0
vllm::unquantized_gemm,,,70.444,172.163,0,18.961,0,18.961
P13/1025334/00242/linear,,,84.719,101.719,0,18.961,0,18.961
aten::linear,,,1.5,17.0,0,18.961,0,18.961
aten::t,,,1.713,4.195,0,0,0,0
aten::transpose,,,0.909,2.482,0,0,0,0
aten::as_strided,,,1.573,1.573,0,0,0,0
aten::matmul,,,6.225,11.305,0,18.961,0,18.961
empty_tensor,,,2.437,2.437,0,0,0,0
aclnnMatmul,,,2.643,2.643,18.961,18.961,18.961,18.961
npu::npu_swiglu,,,14.895,19.495,0,5.22,0,0
empty_tensor,,,2.135,2.135,0,0,0,0
aclnnSwiGlu,,,2.465,2.465,5.22,5.22,0,0
vllm::unquantized_gemm,,,67.599,162.385,0,17.141,0,17.141
P13/1025334/00243/linear,,,79.699,94.786,0,17.141,0,17.141
aten::linear,,,1.069,15.087,0,17.141,0,17.141
aten::t,,,1.377,3.757,0,0,0,0
aten::transpose,,,0.895,2.38,0,0,0,0
aten::as_strided,,,1.485,1.485,0,0,0,0
aten::matmul,,,4.787,10.261,0,17.141,0,17.141
empty_tensor,,,2.145,2.145,0,0,0,0
aclnnMatmul,,,3.329,3.329,17.141,17.141,17.141,17.141
vllm::maybe_chunk_residual,,,7.177,7.177,0,0,0,0
_C_ascend::npu_add_rms_norm_bias,,,12.786,24.179,0,3.38,0,0
aten::empty,,,0.745,3.067,0,0,0,0
empty_tensor,,,2.322,2.322,0,0,0,0
aten::empty,,,0.252,1.29,0,0,0,0
empty_tensor,,,1.038,1.038,0,0,0,0
aten::empty,,,0.297,1.4,0,0,0,0
empty_tensor,,,1.103,1.103,0,0,0,0
aten::empty,,,0.386,2.571,0,0,0,0
empty_tensor,,,2.185,2.185,0,0,0,0
aclnnAddRmsNormBias,,,3.065,3.065,3.38,3.38,0,0
vllm::unquantized_gemm,,,71.941,171.471,0,9.56,0,8.24
P13/1025334/00244/linear,,,82.35,99.53,0,9.56,0,8.24
aten::linear,,,1.323,17.18,0,9.56,0,8.24
aten::t,,,1.139,3.081,0,0,0,0
aten::transpose,,,0.633,1.942,0,0,0,0
aten::as_strided,,,1.309,1.309,0,0,0,0
aten::addmm,,,7.915,12.776,0,9.56,0,8.24
empty_tensor,,,2.064,2.064,0,0,0,0
aclnnAddmm,,,2.797,2.797,9.56,9.56,8.24,8.24
aten::split_with_sizes,,,1.928,3.959,0,0,0,0
aten::as_strided,,,1.294,1.294,0,0,0,0
aten::as_strided,,,0.3,0.3,0,0,0,0
aten::as_strided,,,0.437,0.437,0,0,0,0
vllm::npu_rotary_embedding,,,173.672,892.127,0,9.26,0,0
aten::view,,,1.472,1.472,0,0,0,0
aten::view,,,0.621,0.621,0,0,0,0
aten::contiguous,,,0.981,11.89,0,2.42,0,0
aten::clone,,,1.505,10.909,0,2.42,0,0
empty_tensor,,,2.118,2.118,0,0,0,0
aten::copy_,,,4.631,7.286,0,2.42,0,0
aclnnInplaceCopy,,,2.655,2.655,2.42,2.42,0,0
aten::contiguous,,,0.554,10.933,0,2.52,0,0
aten::clone,,,0.677,10.379,0,2.52,0,0
empty_tensor,,,3.049,3.049,0,0,0,0
aten::copy_,,,1.819,6.653,0,2.52,0,0
aclnnInplaceCopy,,,4.834,4.834,2.52,2.52,0,0
P13/1025334/00245/jit_run,,,541.714,690.356,0,4.32,0,0
P13/1025334/00246/launch,,,144.729,148.642,0,4.32,0,0
_triton_rope,,,3.913,3.913,4.32,4.32,0,0
aten::view,,,2.609,2.609,0,0,0,0
aten::view,,,0.574,0.574,0,0,0,0
aten::empty,,,1.054,5.165,0,0,0,0
empty_tensor,,,4.111,4.111,0,0,0,0
aten::view,,,0.966,0.966,0,0,0,0
aten::view,,,0.651,0.651,0,0,0,0
aten::view,,,0.552,0.552,0,0,0,0
aten::view,,,0.828,0.828,0,0,0,0
vllm::unified_attention_with_output,,,100.601,1121.045,0,27.681,0,0
P13/1025334/00247/attention,,,280.635,1020.444,0,27.681,0,0
aten::slice,,,1.387,2.922,0,0,0,0
aten::as_strided,,,1.535,1.535,0,0,0,0
aten::slice,,,0.359,0.905,0,0,0,0
aten::as_strided,,,0.546,0.546,0,0,0,0
aten::slice,,,2.576,3.553,0,0,0,0
aten::as_strided,,,0.977,0.977,0,0,0,0
P13/1025334/00248/cache_write,,,143.456,266.813,0,5.58,0,0
P13/1025334/00249/torch_api,,,84.14,123.357,0,5.58,0,0
atb::_npu_reshape_and_cache,,,19.409,39.217,0,5.58,0,0
aten::contiguous,,,1.166,18.063,0,2.44,0,0
aten::clone,,,3.491,16.897,0,2.44,0,0
empty_tensor,,,3.282,3.282,0,0,0,0
aten::copy_,,,6.472,10.124,0,2.44,0,0
aclnnInplaceCopy,,,3.652,3.652,2.44,2.44,0,0
ReshapeCacheOperation,,,1.745,1.745,3.14,3.14,0,0
P13/1025334/00250/fia,,,237.796,450.412,0,22.101,0,0
aten::slice,,,0.884,2.138,0,0,0,0
aten::as_strided,,,1.254,1.254,0,0,0,0
aten::slice,,,0.498,0.979,0,0,0,0
aten::as_strided,,,0.481,0.481,0,0,0,0
aten::slice,,,0.329,0.812,0,0,0,0
aten::as_strided,,,0.483,0.483,0,0,0,0
P13/1025334/00251/torch_api,,,108.18,184.597,0,21.461,0,0
npu::npu_fused_infer_attention_score,,,66.516,76.417,0,21.461,0,0
empty_tensor,,,3.571,3.571,0,0,0,0
empty_tensor,,,1.124,1.124,0,0,0,0
empty_tensor,,,0.785,0.785,0,0,0,0
empty_tensor,,,0.776,0.776,0,0,0,0
aclnnFusedInferAttentionScoreV3,,,3.645,3.645,21.461,21.461,0,0
aten::view,,,1.994,1.994,0,0,0,0
aten::slice,,,0.846,2.044,0,0,0,0
aten::as_strided,,,1.198,1.198,0,0,0,0
aten::copy_,,,16.858,20.052,0,0.64,0,0
aclnnInplaceCopy,,,3.194,3.194,0.64,0.64,0,0
aten::slice,,,0.64,1.595,0,0,0,0
aten::as_strided,,,0.955,0.955,0,0,0,0
aten::copy_,,,10.52,13.609,0,0,0,0
aclnnInplaceCopy,,,3.089,3.089,0,0,0,0
aten::view,,,1.459,1.459,0,0,0,0
vllm::unquantized_gemm,,,73.225,179.031,0,5.961,0,5.961
P13/1025334/00252/linear,,,82.878,105.806,0,5.961,0,5.961
aten::linear,,,1.89,22.928,0,5.961,0,5.961
aten::t,,,2.617,6.209,0,0,0,0
aten::transpose,,,1.237,3.592,0,0,0,0
aten::as_strided,,,2.355,2.355,0,0,0,0
aten::matmul,,,7.843,14.829,0,5.961,0,5.961
empty_tensor,,,4.085,4.085,0,0,0,0
aclnnMatmul,,,2.901,2.901,5.961,5.961,5.961,5.961
vllm::maybe_chunk_residual,,,7.738,7.738,0,0,0,0
_C_ascend::npu_add_rms_norm_bias,,,16.29,41.2,0,3.2,0,0
aten::empty,,,1.163,3.986,0,0,0,0
empty_tensor,,,2.823,2.823,0,0,0,0
aten::empty,,,0.25,1.401,0,0,0,0
empty_tensor,,,1.151,1.151,0,0,0,0
aten::empty,,,0.35,1.38,0,0,0,0
empty_tensor,,,1.03,1.03,0,0,0,0
aten::empty,,,0.575,2.977,0,0,0,0
empty_tensor,,,2.402,2.402,0,0,0,0
aclnnAddRmsNormBias,,,15.166,15.166,3.2,3.2,0,0
vllm::unquantized_gemm,,,70.0,167.671,0,19.24,0,19.24
P13/1025334/00253/linear,,,81.172,97.671,0,19.24,0,19.24
aten::linear,,,1.269,16.499,0,19.24,0,19.24
aten::t,,,1.608,3.875,0,0,0,0
aten::transpose,,,0.795,2.267,0,0,0,0
aten::as_strided,,,1.472,1.472,0,0,0,0
aten::matmul,,,6.196,11.355,0,19.24,0,19.24
empty_tensor,,,2.421,2.421,0,0,0,0
aclnnMatmul,,,2.738,2.738,19.24,19.24,19.24,19.24
npu::npu_swiglu,,,14.295,19.229,0,5.0,0,0
empty_tensor,,,2.133,2.133,0,0,0,0
aclnnSwiGlu,,,2.801,2.801,5.0,5.0,0,0
vllm::unquantized_gemm,,,68.742,184.252,0,16.901,0,16.901
P13/1025334/00254/linear,,,73.367,115.51,0,16.901,0,16.901
aten::linear,,,1.101,42.143,0,16.901,0,16.901
aten::t,,,1.092,2.994,0,0,0,0
aten::transpose,,,0.738,1.902,0,0,0,0
aten::as_strided,,,1.164,1.164,0,0,0,0
aten::matmul,,,33.069,38.048,0,16.901,0,16.901
empty_tensor,,,1.939,1.939,0,0,0,0
aclnnMatmul,,,3.04,3.04,16.901,16.901,16.901,16.901
vllm::maybe_chunk_residual,,,7.531,7.531,0,0,0,0
_C_ascend::npu_add_rms_norm_bias,,,13.834,25.298,0,3.34,0,0
aten::empty,,,0.806,3.395,0,0,0,0
empty_tensor,,,2.589,2.589,0,0,0,0
aten::empty,,,0.209,1.046,0,0,0,0
empty_tensor,,,0.837,0.837,0,0,0,0
aten::empty,,,0.24,1.338,0,0,0,0
empty_tensor,,,1.098,1.098,0,0,0,0
aten::empty,,,0.562,2.566,0,0,0,0
empty_tensor,,,2.004,2.004,0,0,0,0
aclnnAddRmsNormBias,,,3.119,3.119,3.34,3.34,0,0
vllm::unquantized_gemm,,,77.901,198.08,0,8.719999999999999,0,7.64
P13/1025334/00255/linear,,,100.6,120.179,0,8.719999999999999,0,7.64
aten::linear,,,1.473,19.579,0,8.719999999999999,0,7.64
aten::t,,,1.569,3.965,0,0,0,0
aten::transpose,,,0.848,2.396,0,0,0,0
aten::as_strided,,,1.548,1.548,0,0,0,0
aten::addmm,,,8.943,14.141,0,8.719999999999999,0,7.64
empty_tensor,,,2.326,2.326,0,0,0,0
aclnnAddmm,,,2.872,2.872,8.719999999999999,8.719999999999999,7.64,7.64
aten::split_with_sizes,,,1.973,3.909,0,0,0,0
aten::as_strided,,,1.262,1.262,0,0,0,0
aten::as_strided,,,0.268,0.268,0,0,0,0
aten::as_strided,,,0.406,0.406,0,0,0,0
vllm::npu_rotary_embedding,,,182.284,897.635,0,10.061,0,0
aten::view,,,1.519,1.519,0,0,0,0
aten::view,,,0.511,0.511,0,0,0,0
aten::contiguous,,,1.036,13.539,0,2.86,0,0
aten::clone,,,1.549,12.503,0,2.86,0,0
empty_tensor,,,2.156,2.156,0,0,0,0
aten::copy_,,,5.21,8.798,0,2.86,0,0
aclnnInplaceCopy,,,3.588,3.588,2.86,2.86,0,0
aten::contiguous,,,0.419,4.951,0,2.38,0,0
aten::clone,,,0.521,4.532,0,2.38,0,0
empty_tensor,,,1.253,1.253,0,0,0,0
aten::copy_,,,1.753,2.758,0,2.38,0,0
aclnnInplaceCopy,,,1.005,1.005,2.38,2.38,0,0
P13/1025334/00256/jit_run,,,538.587,691.605,0,4.821,0,0
P13/1025334/00257/launch,,,142.233,153.018,0,4.821,0,0
_triton_rope,,,10.785,10.785,4.821,4.821,0,0
aten::view,,,2.628,2.628,0,0,0,0
aten::view,,,0.598,0.598,0,0,0,0
aten::empty,,,1.12,5.58,0,0,0,0
empty_tensor,,,4.46,4.46,0,0,0,0
aten::view,,,0.786,0.786,0,0,0,0
aten::view,,,0.482,0.482,0,0,0,0
aten::view,,,0.446,0.446,0,0,0,0
aten::view,,,0.854,0.854,0,0,0,0
vllm::unified_attention_with_output,,,96.479,1128.842,0,31.782,0,0
P13/1025334/00258/attention,,,289.184,1032.363,0,31.782,0,0
aten::slice,,,1.512,3.012,0,0,0,0
aten::as_strided,,,1.5,1.5,0,0,0,0
aten::slice,,,0.485,1.071,0,0,0,0
aten::as_strided,,,0.586,0.586,0,0,0,0
aten::slice,,,2.617,3.388,0,0,0,0
aten::as_strided,,,0.771,0.771,0,0,0,0
P13/1025334/00259/cache_write,,,157.055,279.856,0,5.521,0,0
P13/1025334/00260/torch_api,,,85.578,122.801,0,5.521,0,0
atb::_npu_reshape_and_cache,,,19.354,37.223,0,5.521,0,0
aten::contiguous,,,1.081,16.414,0,2.3,0,0
aten::clone,,,1.632,15.333,0,2.3,0,0
empty_tensor,,,3.239,3.239,0,0,0,0
aten::copy_,,,6.839,10.462,0,2.3,0,0
aclnnInplaceCopy,,,3.623,3.623,2.3,2.3,0,0
ReshapeCacheOperation,,,1.455,1.455,3.221,3.221,0,0
P13/1025334/00261/fia,,,230.731,440.676,0,26.261000000000003,0,0
aten::slice,,,0.928,2.219,0,0,0,0
aten::as_strided,,,1.291,1.291,0,0,0,0
aten::slice,,,0.462,1.014,0,0,0,0
aten::as_strided,,,0.552,0.552,0,0,0,0
aten::slice,,,0.411,0.944,0,0,0,0
aten::as_strided,,,0.533,0.533,0,0,0,0
P13/1025334/00262/torch_api,,,104.422,181.48,0,25.641000000000002,0,0
npu::npu_fused_infer_attention_score,,,67.067,77.058,0,25.641000000000002,0,0
empty_tensor,,,3.389,3.389,0,0,0,0
empty_tensor,,,1.012,1.012,0,0,0,0
empty_tensor,,,1.094,1.094,0,0,0,0
empty_tensor,,,0.982,0.982,0,0,0,0
aclnnFusedInferAttentionScoreV3,,,3.514,3.514,25.641000000000002,25.641000000000002,0,0
aten::view,,,1.918,1.918,0,0,0,0
aten::slice,,,0.841,1.877,0,0,0,0
aten::as_strided,,,1.036,1.036,0,0,0,0
aten::copy_,,,17.135,20.493,0,0.62,0,0
aclnnInplaceCopy,,,3.358,3.358,0.62,0.62,0,0
aten::slice,,,0.606,1.611,0,0,0,0
aten::as_strided,,,1.005,1.005,0,0,0,0
aten::copy_,,,10.671,13.565,0,0,0,0
aclnnInplaceCopy,,,2.894,2.894,0,0,0,0
aten::view,,,1.348,1.348,0,0,0,0
vllm::unquantized_gemm,,,77.424,187.243,0,5.64,0,5.64
P13/1025334/00263/linear,,,87.723,109.819,0,5.64,0,5.64
aten::linear,,,2.532,22.096,0,5.64,0,5.64
aten::t,,,2.609,5.162,0,0,0,0
aten::transpose,,,1.125,2.553,0,0,0,0
aten::as_strided,,,1.428,1.428,0,0,0,0
aten::matmul,,,7.564,14.402,0,5.64,0,5.64
empty_tensor,,,3.845,3.845,0,0,0,0
aclnnMatmul,,,2.993,2.993,5.64,5.64,5.64,5.64
vllm::maybe_chunk_residual,,,7.615,7.615,0,0,0,0
_C_ascend::npu_add_rms_norm_bias,,,15.514,35.276,0,3.28,0,0
aten::empty,,,1.084,4.055,0,0,0,0
empty_tensor,,,2.971,2.971,0,0,0,0
aten::empty,,,0.23,1.26,0,0,0,0
empty_tensor,,,1.03,1.03,0,0,0,0
aten::empty,,,0.394,1.526,0,0,0,0
empty_tensor,,,1.132,1.132,0,0,0,0
aten::empty,,,0.355,2.835,0,0,0,0
empty_tensor,,,2.48,2.48,0,0,0,0
aclnnAddRmsNormBias,,,10.086,10.086,3.28,3.28,0,0
vllm::unquantized_gemm,,,76.181,180.173,0,18.761,0,18.761
P13/1025334/00264/linear,,,85.332,103.992,0,18.761,0,18.761
aten::linear,,,1.375,18.66,0,18.761,0,18.761
aten::t,,,1.642,4.101,0,0,0,0
aten::transpose,,,0.858,2.459,0,0,0,0
aten::as_strided,,,1.601,1.601,0,0,0,0
aten::matmul,,,6.055,13.184,0,18.761,0,18.761
empty_tensor,,,2.281,2.281,0,0,0,0
aclnnMatmul,,,4.848,4.848,18.761,18.761,18.761,18.761
npu::npu_swiglu,,,14.612,19.335,0,5.1,0,0
empty_tensor,,,2.108,2.108,0,0,0,0
aclnnSwiGlu,,,2.615,2.615,5.1,5.1,0,0
vllm::unquantized_gemm,,,68.34,159.982,0,16.68,0,16.68
P13/1025334/00265/linear,,,77.888,91.642,0,16.68,0,16.68
aten::linear,,,1.0,13.754,0,16.68,0,16.68
aten::t,,,1.306,3.74,0,0,0,0
aten::transpose,,,1.164,2.434,0,0,0,0
aten::as_strided,,,1.27,1.27,0,0,0,0
aten::matmul,,,4.531,9.014,0,16.68,0,16.68
empty_tensor,,,1.868,1.868,0,0,0,0
aclnnMatmul,,,2.615,2.615,16.68,16.68,16.68,16.68
vllm::maybe_chunk_residual,,,7.045,7.045,0,0,0,0
_C_ascend::npu_add_rms_norm_bias,,,12.151,22.955,0,3.34,0,0
aten::empty,,,0.658,2.692,0,0,0,0
empty_tensor,,,2.034,2.034,0,0,0,0
aten::empty,,,0.22,1.222,0,0,0,0
empty_tensor,,,1.002,1.002,0,0,0,0
aten::empty,,,0.325,1.336,0,0,0,0
empty_tensor,,,1.011,1.011,0,0,0,0
aten::empty,,,0.452,2.168,0,0,0,0
empty_tensor,,,1.716,1.716,0,0,0,0
aclnnAddRmsNormBias,,,3.386,3.386,3.34,3.34,0,0
vllm::unquantized_gemm,,,68.29,164.242,0,8.52,0,7.34
P13/1025334/00266/linear,,,78.726,95.952,0,8.52,0,7.34
aten::linear,,,1.501,17.226,0,8.52,0,7.34
aten::t,,,1.131,3.029,0,0,0,0
aten::transpose,,,0.637,1.898,0,0,0,0
aten::as_strided,,,1.261,1.261,0,0,0,0
aten::addmm,,,7.844,12.696,0,8.52,0,7.34
empty_tensor,,,2.118,2.118,0,0,0,0
aclnnAddmm,,,2.734,2.734,8.52,8.52,7.34,7.34
aten::split_with_sizes,,,1.819,4.01,0,0,0,0
aten::as_strided,,,1.287,1.287,0,0,0,0
aten::as_strided,,,0.276,0.276,0,0,0,0
aten::as_strided,,,0.628,0.628,0,0,0,0
vllm::npu_rotary_embedding,,,170.899,952.764,0,9.34,0,0
aten::view,,,1.456,1.456,0,0,0,0
aten::view,,,0.478,0.478,0,0,0,0
aten::contiguous,,,0.963,14.212,0,2.46,0,0
aten::clone,,,1.52,13.249,0,2.46,0,0
empty_tensor,,,3.873,3.873,0,0,0,0
aten::copy_,,,4.81,7.856,0,2.46,0,0
aclnnInplaceCopy,,,3.046,3.046,2.46,2.46,0,0
aten::contiguous,,,0.549,4.814,0,2.5,0,0
aten::clone,,,0.493,4.265,0,2.5,0,0
empty_tensor,,,0.945,0.945,0,0,0,0
aten::copy_,,,1.625,2.827,0,2.5,0,0
aclnnInplaceCopy,,,1.202,1.202,2.5,2.5,0,0
P13/1025334/00267/jit_run,,,596.97,757.477,0,4.38,0,0
P13/1025334/00268/launch,,,151.467,160.507,0,4.38,0,0
_triton_rope,,,9.04,9.04,4.38,4.38,0,0
aten::view,,,2.833,2.833,0,0,0,0
aten::view,,,0.595,0.595,0,0,0,0
aten::empty,,,1.187,5.792,0,0,0,0
empty_tensor,,,4.605,4.605,0,0,0,0
aten::view,,,0.924,0.924,0,0,0,0
aten::view,,,0.519,0.519,0,0,0,0
aten::view,,,0.511,0.511,0,0,0,0
aten::view,,,0.868,0.868,0,0,0,0
vllm::unified_attention_with_output,,,96.599,1143.785,0,28.261,0,0
P13/1025334/00269/attention,,,285.053,1047.186,0,28.261,0,0
aten::slice,,,1.628,3.287,0,0,0,0
aten::as_strided,,,1.659,1.659,0,0,0,0
aten::slice,,,0.327,0.824,0,0,0,0
aten::as_strided,,,0.497,0.497,0,0,0,0
aten::slice,,,2.67,3.511,0,0,0,0
aten::as_strided,,,0.841,0.841,0,0,0,0
P13/1025334/00270/cache_write,,,155.6,286.593,0,5.26,0,0
P13/1025334/00271/torch_api,,,82.24,130.993,0,5.26,0,0
atb::_npu_reshape_and_cache,,,27.976,48.753,0,5.26,0,0
aten::contiguous,,,1.034,18.232,0,2.34,0,0
aten::clone,,,1.715,17.198,0,2.34,0,0
empty_tensor,,,3.389,3.389,0,0,0,0
aten::copy_,,,8.432,12.094,0,2.34,0,0
aclnnInplaceCopy,,,3.662,3.662,2.34,2.34,0,0
ReshapeCacheOperation,,,2.545,2.545,2.92,2.92,0,0
P13/1025334/00272/fia,,,234.314,452.701,0,23.000999999999998,0,0
aten::slice,,,1.099,2.656,0,0,0,0
aten::as_strided,,,1.557,1.557,0,0,0,0
aten::slice,,,0.462,0.952,0,0,0,0
aten::as_strided,,,0.49,0.49,0,0,0,0
aten::slice,,,0.431,1.059,0,0,0,0
aten::as_strided,,,0.628,0.628,0,0,0,0
P13/1025334/00273/torch_api,,,109.446,187.893,0,22.360999999999997,0,0
npu::npu_fused_infer_attention_score,,,68.188,78.447,0,22.360999999999997,0,0
empty_tensor,,,3.668,3.668,0,0,0,0
empty_tensor,,,1.065,1.065,0,0,0,0
empty_tensor,,,1.057,1.057,0,0,0,0
empty_tensor,,,0.724,0.724,0,0,0,0
aclnnFusedInferAttentionScoreV3,,,3.745,3.745,22.360999999999997,22.360999999999997,0,0
aten::view,,,2.016,2.016,0,0,0,0
aten::slice,,,0.91,1.981,0,0,0,0
aten::as_strided,,,1.071,1.071,0,0,0,0
aten::copy_,,,17.484,21.83,0,0.64,0,0
aclnnInplaceCopy,,,4.346,4.346,0.64,0.64,0,0
aten::slice,,,0.651,1.649,0,0,0,0
aten::as_strided,,,0.998,0.998,0,0,0,0
aten::copy_,,,10.594,13.568,0,0,0,0
aclnnInplaceCopy,,,2.974,2.974,0,0,0,0
aten::view,,,1.354,1.354,0,0,0,0
vllm::unquantized_gemm,,,74.358,172.919,0,5.88,0,5.88
P13/1025334/00274/linear,,,77.135,98.561,0,5.88,0,5.88
aten::linear,,,1.924,21.426,0,5.88,0,5.88
aten::t,,,2.547,5.054,0,0,0,0
aten::transpose,,,1.143,2.507,0,0,0,0
aten::as_strided,,,1.364,1.364,0,0,0,0
aten::matmul,,,7.687,14.448,0,5.88,0,5.88
empty_tensor,,,3.79,3.79,0,0,0,0
aclnnMatmul,,,2.971,2.971,5.88,5.88,5.88,5.88
vllm::maybe_chunk_residual,,,7.654,7.654,0,0,0,0
_C_ascend::npu_add_rms_norm_bias,,,16.965,36.084,0,3.36,0,0
aten::empty,,,1.161,4.132,0,0,0,0
empty_tensor,,,2.971,2.971,0,0,0,0
aten::empty,,,0.362,1.53,0,0,0,0
empty_tensor,,,1.168,1.168,0,0,0,0
aten::empty,,,0.419,1.378,0,0,0,0
empty_tensor,,,0.959,0.959,0,0,0,0
aten::empty,,,0.384,2.774,0,0,0,0
empty_tensor,,,2.39,2.39,0,0,0,0
aclnnAddRmsNormBias,,,9.305,9.305,3.36,3.36,0,0
vllm::unquantized_gemm,,,77.58,191.382,0,19.261,0,19.261
P13/1025334/00275/linear,,,96.112,113.802,0,19.261,0,19.261
aten::linear,,,1.56,17.69,0,19.261,0,19.261
aten::t,,,1.69,4.237,0,0,0,0
aten::transpose,,,0.949,2.547,0,0,0,0
aten::as_strided,,,1.598,1.598,0,0,0,0
aten::matmul,,,6.577,11.893,0,19.261,0,19.261
empty_tensor,,,2.564,2.564,0,0,0,0
aclnnMatmul,,,2.752,2.752,19.261,19.261,19.261,19.261
npu::npu_swiglu,,,14.415,20.565,0,5.161,0,0
empty_tensor,,,2.186,2.186,0,0,0,0
aclnnSwiGlu,,,3.964,3.964,5.161,5.161,0,0
vllm::unquantized_gemm,,,69.518,164.542,0,16.801,0,16.801
P13/1025334/00276/linear,,,81.404,95.024,0,16.801,0,16.801
aten::linear,,,1.08,13.62,0,16.801,0,16.801
aten::t,,,1.267,3.44,0,0,0,0
aten::transpose,,,0.79,2.173,0,0,0,0
aten::as_strided,,,1.383,1.383,0,0,0,0
aten::matmul,,,4.613,9.1,0,16.801,0,16.801
empty_tensor,,,1.897,1.897,0,0,0,0
aclnnMatmul,,,2.59,2.59,16.801,16.801,16.801,16.801
vllm::maybe_chunk_residual,,,6.868,6.868,0,0,0,0
_C_ascend::npu_add_rms_norm_bias,,,12.569,24.2,0,3.26,0,0
aten::empty,,,0.696,2.9,0,0,0,0
empty_tensor,,,2.204,2.204,0,0,0,0
aten::empty,,,0.434,1.587,0,0,0,0
empty_tensor,,,1.153,1.153,0,0,0,0
aten::empty,,,0.384,1.162,0,0,0,0
empty_tensor,,,0.778,0.778,0,0,0,0
aten::empty,,,0.369,2.897,0,0,0,0
empty_tensor,,,2.528,2.528,0,0,0,0
aclnnAddRmsNormBias,,,3.085,3.085,3.26,3.26,0,0
vllm::unquantized_gemm,,,72.591,176.95,0,9.301,0,8.121
P13/1025334/00277/linear,,,86.93,104.359,0,9.301,0,8.121
aten::linear,,,1.445,17.429,0,9.301,0,8.121
aten::t,,,1.216,3.24,0,0,0,0
aten::transpose,,,0.676,2.024,0,0,0,0
aten::as_strided,,,1.348,1.348,0,0,0,0
aten::addmm,,,8.138,12.744,0,9.301,0,8.121
empty_tensor,,,2.127,2.127,0,0,0,0
aclnnAddmm,,,2.479,2.479,9.301,9.301,8.121,8.121
aten::split_with_sizes,,,1.914,3.883,0,0,0,0
aten::as_strided,,,1.327,1.327,0,0,0,0
aten::as_strided,,,0.263,0.263,0,0,0,0
aten::as_strided,,,0.379,0.379,0,0,0,0
vllm::npu_rotary_embedding,,,186.581,906.993,0,9.14,0,0
aten::view,,,1.576,1.576,0,0,0,0
aten::view,,,1.053,1.053,0,0,0,0
aten::contiguous,,,1.027,11.953,0,2.4,0,0
aten::clone,,,1.538,10.926,0,2.4,0,0
empty_tensor,,,2.133,2.133,0,0,0,0
aten::copy_,,,4.723,7.255,0,2.4,0,0
aclnnInplaceCopy,,,2.532,2.532,2.4,2.4,0,0
aten::contiguous,,,0.525,5.301,0,2.42,0,0
aten::clone,,,0.694,4.776,0,2.42,0,0
empty_tensor,,,1.245,1.245,0,0,0,0
aten::copy_,,,1.703,2.837,0,2.42,0,0
aclnnInplaceCopy,,,1.134,1.134,2.42,2.42,0,0
P13/1025334/00278/jit_run,,,538.962,697.102,0,4.32,0,0
P13/1025334/00279/launch,,,147.813,158.14,0,4.32,0,0
_triton_rope,,,10.327,10.327,4.32,4.32,0,0
aten::view,,,2.861,2.861,0,0,0,0
aten::view,,,0.566,0.566,0,0,0,0
aten::empty,,,1.123,6.138,0,0,0,0
empty_tensor,,,5.015,5.015,0,0,0,0
aten::view,,,0.911,0.911,0,0,0,0
aten::view,,,0.482,0.482,0,0,0,0
aten::view,,,0.418,0.418,0,0,0,0
aten::view,,,0.782,0.782,0,0,0,0
vllm::unified_attention_with_output,,,98.934,1136.306,0,29.981,0,0
P13/1025334/00280/attention,,,282.663,1037.372,0,29.981,0,0
aten::slice,,,1.483,3.02,0,0,0,0
aten::as_strided,,,1.537,1.537,0,0,0,0
aten::slice,,,0.65,1.42,0,0,0,0
aten::as_strided,,,0.77,0.77,0,0,0,0
aten::slice,,,3.644,4.506,0,0,0,0
aten::as_strided,,,0.862,0.862,0,0,0,0
P13/1025334/00281/cache_write,,,145.113,273.522,0,5.24,0,0
P13/1025334/00282/torch_api,,,89.298,128.409,0,5.24,0,0
atb::_npu_reshape_and_cache,,,20.025,39.111,0,5.24,0,0
aten::contiguous,,,0.932,17.554,0,2.46,0,0
aten::clone,,,1.684,16.622,0,2.46,0,0
empty_tensor,,,3.758,3.758,0,0,0,0
aten::copy_,,,7.098,11.18,0,2.46,0,0
aclnnInplaceCopy,,,4.082,4.082,2.46,2.46,0,0
ReshapeCacheOperation,,,1.532,1.532,2.78,2.78,0,0
P13/1025334/00283/fia,,,238.713,456.409,0,24.741,0,0
aten::slice,,,0.918,2.434,0,0,0,0
aten::as_strided,,,1.516,1.516,0,0,0,0
aten::slice,,,0.44,0.922,0,0,0,0
aten::as_strided,,,0.482,0.482,0,0,0,0
aten::slice,,,0.421,0.895,0,0,0,0
aten::as_strided,,,0.474,0.474,0,0,0,0
P13/1025334/00284/torch_api,,,112.08,188.403,0,24.101000000000003,0,0
npu::npu_fused_infer_attention_score,,,66.509,76.323,0,24.101000000000003,0,0
empty_tensor,,,3.741,3.741,0,0,0,0
empty_tensor,,,0.983,0.983,0,0,0,0
empty_tensor,,,0.84,0.84,0,0,0,0
empty_tensor,,,0.753,0.753,0,0,0,0
aclnnFusedInferAttentionScoreV3,,,3.497,3.497,24.101000000000003,24.101000000000003,0,0
aten::view,,,1.934,1.934,0,0,0,0
aten::slice,,,0.823,1.979,0,0,0,0
aten::as_strided,,,1.156,1.156,0,0,0,0
aten::copy_,,,18.012,21.129,0,0.64,0,0
aclnnInplaceCopy,,,3.117,3.117,0.64,0.64,0,0
aten::slice,,,0.638,1.711,0,0,0,0
aten::as_strided,,,1.073,1.073,0,0,0,0
aten::copy_,,,11.211,14.121,0,0,0,0
aclnnInplaceCopy,,,2.91,2.91,0,0,0,0
aten::view,,,1.279,1.279,0,0,0,0
vllm::unquantized_gemm,,,69.135,166.635,0,6.1,0,6.1
P13/1025334/00285/linear,,,76.05,97.5,0,6.1,0,6.1
aten::linear,,,2.062,21.45,0,6.1,0,6.1
aten::t,,,2.508,5.129,0,0,0,0
aten::transpose,,,1.173,2.621,0,0,0,0
aten::as_strided,,,1.448,1.448,0,0,0,0
aten::matmul,,,7.57,14.259,0,6.1,0,6.1
empty_tensor,,,3.912,3.912,0,0,0,0
aclnnMatmul,,,2.777,2.777,6.1,6.1,6.1,6.1
vllm::maybe_chunk_residual,,,7.472,7.472,0,0,0,0
_C_ascend::npu_add_rms_norm_bias,,,16.148,35.194,0,3.14,0,0
aten::empty,,,1.167,3.908,0,0,0,0
empty_tensor,,,2.741,2.741,0,0,0,0
aten::empty,,,0.24,1.361,0,0,0,0
empty_tensor,,,1.121,1.121,0,0,0,0
aten::empty,,,0.321,1.276,0,0,0,0
empty_tensor,,,0.955,0.955,0,0,0,0
aten::empty,,,0.447,2.661,0,0,0,0
empty_tensor,,,2.214,2.214,0,0,0,0
aclnnAddRmsNormBias,,,9.84,9.84,3.14,3.14,0,0
vllm::unquantized_gemm,,,69.288,164.758,0,19.221,0,19.221
P13/1025334/00286/linear,,,78.766,95.47,0,19.221,0,19.221
aten::linear,,,1.513,16.704,0,19.221,0,19.221
aten::t,,,1.617,3.937,0,0,0,0
aten::transpose,,,0.835,2.32,0,0,0,0
aten::as_strided,,,1.485,1.485,0,0,0,0
aten::matmul,,,6.197,11.254,0,19.221,0,19.221
empty_tensor,,,2.337,2.337,0,0,0,0
aclnnMatmul,,,2.72,2.72,19.221,19.221,19.221,19.221
npu::npu_swiglu,,,15.535,19.996,0,6.1,0,0
empty_tensor,,,2.078,2.078,0,0,0,0
aclnnSwiGlu,,,2.383,2.383,6.1,6.1,0,0
vllm::unquantized_gemm,,,69.786,171.65,0,16.56,0,16.56
P13/1025334/00287/linear,,,85.678,101.864,0,16.56,0,16.56
aten::linear,,,1.117,16.186,0,16.56,0,16.56
aten::t,,,1.19,3.239,0,0,0,0
aten::transpose,,,0.723,2.049,0,0,0,0
aten::as_strided,,,1.326,1.326,0,0,0,0
aten::matmul,,,4.866,11.83,0,16.56,0,16.56
empty_tensor,,,2.303,2.303,0,0,0,0
aclnnMatmul,,,4.661,4.661,16.56,16.56,16.56,16.56
vllm::maybe_chunk_residual,,,7.148,7.148,0,0,0,0
_C_ascend::npu_add_rms_norm_bias,,,14.187,25.679,0,3.941,0,0
aten::empty,,,0.753,3.124,0,0,0,0
empty_tensor,,,2.371,2.371,0,0,0,0
aten::empty,,,0.27,1.59,0,0,0,0
empty_tensor,,,1.32,1.32,0,0,0,0
aten::empty,,,0.397,1.256,0,0,0,0
empty_tensor,,,0.859,0.859,0,0,0,0
aten::empty,,,0.384,2.37,0,0,0,0
empty_tensor,,,1.986,1.986,0,0,0,0
aclnnAddRmsNormBias,,,3.152,3.152,3.941,3.941,0,0
vllm::unquantized_gemm,,,69.643,171.327,0,8.961,0,7.901
P13/1025334/00288/linear,,,84.287,101.684,0,8.961,0,7.901
aten::linear,,,1.449,17.397,0,8.961,0,7.901
aten::t,,,1.155,3.127,0,0,0,0
aten::transpose,,,0.637,1.972,0,0,0,0
aten::as_strided,,,1.335,1.335,0,0,0,0
aten::addmm,,,8.004,12.821,0,8.961,0,7.901
empty_tensor,,,2.173,2.173,0,0,0,0
aclnnAddmm,,,2.644,2.644,8.961,8.961,7.901,7.901
aten::split_with_sizes,,,1.75,5.24,0,0,0,0
aten::as_strided,,,1.206,1.206,0,0,0,0
aten::as_strided,,,0.276,0.276,0,0,0,0
aten::as_strided,,,2.008,2.008,0,0,0,0
vllm::npu_rotary_embedding,,,174.953,905.691,0,9.28,0,0
aten::view,,,2.573,2.573,0,0,0,0
aten::view,,,0.57,0.57,0,0,0,0
aten::contiguous,,,1.063,11.936,0,2.38,0,0
aten::clone,,,1.455,10.873,0,2.38,0,0
empty_tensor,,,2.111,2.111,0,0,0,0
aten::copy_,,,4.702,7.307,0,2.38,0,0
aclnnInplaceCopy,,,2.605,2.605,2.38,2.38,0,0
aten::contiguous,,,0.345,5.099,0,2.4,0,0
aten::clone,,,0.554,4.754,0,2.4,0,0
empty_tensor,,,1.323,1.323,0,0,0,0
aten::copy_,,,1.948,2.877,0,2.4,0,0
aclnnInplaceCopy,,,0.929,0.929,2.4,2.4,0,0
P13/1025334/00289/jit_run,,,548.007,707.271,0,4.5,0,0
P13/1025334/00290/launch,,,148.399,159.264,0,4.5,0,0
_triton_rope,,,10.865,10.865,4.5,4.5,0,0
aten::view,,,2.675,2.675,0,0,0,0
aten::view,,,0.614,0.614,0,0,0,0
aten::empty,,,1.251,5.655,0,0,0,0
empty_tensor,,,4.404,4.404,0,0,0,0
aten::view,,,0.95,0.95,0,0,0,0
aten::view,,,0.631,0.631,0,0,0,0
aten::view,,,0.642,0.642,0,0,0,0
aten::view,,,0.773,0.773,0,0,0,0
vllm::unified_attention_with_output,,,95.949,1157.057,0,28.220999999999997,0,0
P13/1025334/00291/attention,,,291.862,1061.108,0,28.220999999999997,0,0
aten::slice,,,1.523,5.307,0,0,0,0
aten::as_strided,,,3.784,3.784,0,0,0,0
aten::slice,,,0.51,1.214,0,0,0,0
aten::as_strided,,,0.704,0.704,0,0,0,0
aten::slice,,,2.609,3.591,0,0,0,0
aten::as_strided,,,0.982,0.982,0,0,0,0
P13/1025334/00292/cache_write,,,152.685,272.205,0,5.24,0,0
P13/1025334/00293/torch_api,,,82.309,119.52,0,5.24,0,0
atb::_npu_reshape_and_cache,,,19.202,37.211,0,5.24,0,0
aten::contiguous,,,1.137,16.418,0,2.36,0,0
aten::clone,,,1.754,15.281,0,2.36,0,0
empty_tensor,,,3.419,3.419,0,0,0,0
aten::copy_,,,6.497,10.108,0,2.36,0,0
aclnnInplaceCopy,,,3.611,3.611,2.36,2.36,0,0
ReshapeCacheOperation,,,1.591,1.591,2.88,2.88,0,0
P13/1025334/00294/fia,,,252.152,471.012,0,22.980999999999998,0,0
aten::slice,,,0.888,2.467,0,0,0,0
aten::as_strided,,,1.579,1.579,0,0,0,0
aten::slice,,,0.509,0.977,0,0,0,0
aten::as_strided,,,0.468,0.468,0,0,0,0
aten::slice,,,0.427,0.975,0,0,0,0
aten::as_strided,,,0.548,0.548,0,0,0,0
P13/1025334/00295/torch_api,,,109.716,189.127,0,22.360999999999997,0,0
npu::npu_fused_infer_attention_score,,,68.58,79.411,0,22.360999999999997,0,0
empty_tensor,,,3.846,3.846,0,0,0,0
empty_tensor,,,1.08,1.08,0,0,0,0
empty_tensor,,,1.136,1.136,0,0,0,0
empty_tensor,,,1.009,1.009,0,0,0,0
aclnnFusedInferAttentionScoreV3,,,3.76,3.76,22.360999999999997,22.360999999999997,0,0
aten::view,,,2.214,2.214,0,0,0,0
aten::slice,,,0.938,2.006,0,0,0,0
aten::as_strided,,,1.068,1.068,0,0,0,0
aten::copy_,,,18.043,21.094,0,0.62,0,0
aclnnInplaceCopy,,,3.051,3.051,0.62,0.62,0,0
aten::slice,,,0.609,1.574,0,0,0,0
aten::as_strided,,,0.965,0.965,0,0,0,0
aten::copy_,,,11.199,14.343,0,0,0,0
aclnnInplaceCopy,,,3.144,3.144,0,0,0,0
aten::view,,,1.406,1.406,0,0,0,0
vllm::unquantized_gemm,,,74.089,171.548,0,5.78,0,5.78
P13/1025334/00296/linear,,,75.863,97.459,0,5.78,0,5.78
aten::linear,,,1.892,21.596,0,5.78,0,5.78
aten::t,,,2.595,5.228,0,0,0,0
aten::transpose,,,1.107,2.633,0,0,0,0
aten::as_strided,,,1.526,1.526,0,0,0,0
aten::matmul,,,7.474,14.476,0,5.78,0,5.78
empty_tensor,,,4.062,4.062,0,0,0,0
aclnnMatmul,,,2.94,2.94,5.78,5.78,5.78,5.78
vllm::maybe_chunk_residual,,,7.373,7.373,0,0,0,0
_C_ascend::npu_add_rms_norm_bias,,,16.332,32.858,0,3.16,0,0
aten::empty,,,1.116,4.076,0,0,0,0
empty_tensor,,,2.96,2.96,0,0,0,0
aten::empty,,,0.297,1.594,0,0,0,0
empty_tensor,,,1.297,1.297,0,0,0,0
aten::empty,,,0.426,1.66,0,0,0,0
empty_tensor,,,1.234,1.234,0,0,0,0
aten::empty,,,0.541,2.741,0,0,0,0
empty_tensor,,,2.2,2.2,0,0,0,0
aclnnAddRmsNormBias,,,6.455,6.455,3.16,3.16,0,0
vllm::unquantized_gemm,,,76.582,174.408,0,18.92,0,18.92
P13/1025334/00297/linear,,,80.106,97.826,0,18.92,0,18.92
aten::linear,,,1.272,17.72,0,18.92,0,18.92
aten::t,,,1.957,4.373,0,0,0,0
aten::transpose,,,0.822,2.416,0,0,0,0
aten::as_strided,,,1.594,1.594,0,0,0,0
aten::matmul,,,6.106,12.075,0,18.92,0,18.92
empty_tensor,,,3.18,3.18,0,0,0,0
aclnnMatmul,,,2.789,2.789,18.92,18.92,18.92,18.92
npu::npu_swiglu,,,14.965,19.872,0,4.78,0,0
empty_tensor,,,2.191,2.191,0,0,0,0
aclnnSwiGlu,,,2.716,2.716,4.78,4.78,0,0
vllm::unquantized_gemm,,,69.34,161.741,0,16.801,0,16.801
P13/1025334/00298/linear,,,78.965,92.401,0,16.801,0,16.801
aten::linear,,,0.98,13.436,0,16.801,0,16.801
aten::t,,,1.226,3.427,0,0,0,0
aten::transpose,,,0.879,2.201,0,0,0,0
aten::as_strided,,,1.322,1.322,0,0,0,0
aten::matmul,,,4.633,9.029,0,16.801,0,16.801
empty_tensor,,,1.917,1.917,0,0,0,0
aclnnMatmul,,,2.479,2.479,16.801,16.801,16.801,16.801
vllm::maybe_chunk_residual,,,6.832,6.832,0,0,0,0
_C_ascend::npu_add_rms_norm_bias,,,13.194,26.818,0,3.22,0,0
aten::empty,,,0.605,2.813,0,0,0,0
empty_tensor,,,2.208,2.208,0,0,0,0
aten::empty,,,0.237,1.205,0,0,0,0
empty_tensor,,,0.968,0.968,0,0,0,0
aten::empty,,,0.385,1.462,0,0,0,0
empty_tensor,,,1.077,1.077,0,0,0,0
aten::empty,,,0.659,2.854,0,0,0,0
empty_tensor,,,2.195,2.195,0,0,0,0
aclnnAddRmsNormBias,,,5.29,5.29,3.22,3.22,0,0
vllm::unquantized_gemm,,,70.738,175.46,0,9.1,0,7.94
P13/1025334/00299/linear,,,85.907,104.722,0,9.1,0,7.94
aten::linear,,,1.341,18.815,0,9.1,0,7.94
aten::t,,,1.198,3.431,0,0,0,0
aten::transpose,,,0.692,2.233,0,0,0,0
aten::as_strided,,,1.541,1.541,0,0,0,0
aten::addmm,,,8.626,14.043,0,9.1,0,7.94
empty_tensor,,,2.705,2.705,0,0,0,0
aclnnAddmm,,,2.712,2.712,9.1,9.1,7.94,7.94
aten::split_with_sizes,,,1.889,3.877,0,0,0,0
aten::as_strided,,,1.324,1.324,0,0,0,0
aten::as_strided,,,0.295,0.295,0,0,0,0
aten::as_strided,,,0.369,0.369,0,0,0,0
vllm::npu_rotary_embedding,,,177.272,907.018,0,9.06,0,0
aten::view,,,1.487,1.487,0,0,0,0
aten::view,,,0.361,0.361,0,0,0,0
aten::contiguous,,,0.996,13.069,0,2.4,0,0
aten::clone,,,1.765,12.073,0,2.4,0,0
empty_tensor,,,2.248,2.248,0,0,0,0
aten::copy_,,,5.015,8.06,0,2.4,0,0
aclnnInplaceCopy,,,3.045,3.045,2.4,2.4,0,0
aten::contiguous,,,0.358,5.476,0,2.38,0,0
aten::clone,,,0.682,5.118,0,2.38,0,0
empty_tensor,,,1.461,1.461,0,0,0,0
aten::copy_,,,1.728,2.975,0,2.38,0,0
aclnnInplaceCopy,,,1.247,1.247,2.38,2.38,0,0
P13/1025334/00300/jit_run,,,541.565,706.271,0,4.28,0,0
P13/1025334/00301/launch,,,153.527,164.706,0,4.28,0,0
_triton_rope,,,11.179,11.179,4.28,4.28,0,0
aten::view,,,2.493,2.493,0,0,0,0
aten::view,,,0.589,0.589,0,0,0,0
aten::empty,,,1.196,8.813,0,0,0,0
empty_tensor,,,7.617,7.617,0,0,0,0
aten::view,,,0.918,0.918,0,0,0,0
aten::view,,,0.622,0.622,0,0,0,0
aten::view,,,0.629,0.629,0,0,0,0
aten::view,,,0.893,0.893,0,0,0,0
vllm::unified_attention_with_output,,,102.943,1131.835,0,32.361,0,0
P13/1025334/00302/attention,,,277.548,1028.892,0,32.361,0,0
aten::slice,,,1.539,2.99,0,0,0,0
aten::as_strided,,,1.451,1.451,0,0,0,0
aten::slice,,,0.424,0.93,0,0,0,0
aten::as_strided,,,0.506,0.506,0,0,0,0
aten::slice,,,2.708,3.594,0,0,0,0
aten::as_strided,,,0.886,0.886,0,0,0,0
P13/1025334/00303/cache_write,,,145.735,274.684,0,6.46,0,0
P13/1025334/00304/torch_api,,,83.658,128.949,0,6.46,0,0
atb::_npu_reshape_and_cache,,,24.005,45.291,0,6.46,0,0
aten::contiguous,,,1.057,18.525,0,2.76,0,0
aten::clone,,,1.716,17.468,0,2.76,0,0
empty_tensor,,,3.525,3.525,0,0,0,0
aten::copy_,,,7.166,12.227,0,2.76,0,0
aclnnInplaceCopy,,,5.061,5.061,2.76,2.76,0,0
ReshapeCacheOperation,,,2.761,2.761,3.7,3.7,0,0
P13/1025334/00305/fia,,,239.005,454.509,0,25.901,0,0
aten::slice,,,0.942,2.505,0,0,0,0
aten::as_strided,,,1.563,1.563,0,0,0,0
aten::slice,,,0.535,1.141,0,0,0,0
aten::as_strided,,,0.606,0.606,0,0,0,0
aten::slice,,,0.297,0.755,0,0,0,0
aten::as_strided,,,0.458,0.458,0,0,0,0
P13/1025334/00306/torch_api,,,110.527,187.191,0,25.281,0,0
npu::npu_fused_infer_attention_score,,,66.565,76.664,0,25.281,0,0
empty_tensor,,,3.43,3.43,0,0,0,0
empty_tensor,,,0.932,0.932,0,0,0,0
empty_tensor,,,1.31,1.31,0,0,0,0
empty_tensor,,,0.828,0.828,0,0,0,0
aclnnFusedInferAttentionScoreV3,,,3.599,3.599,25.281,25.281,0,0
aten::view,,,1.983,1.983,0,0,0,0
aten::slice,,,0.841,1.9,0,0,0,0
aten::as_strided,,,1.059,1.059,0,0,0,0
aten::copy_,,,17.081,20.029,0,0.62,0,0
aclnnInplaceCopy,,,2.948,2.948,0.62,0.62,0,0
aten::slice,,,0.55,1.476,0,0,0,0
aten::as_strided,,,0.926,0.926,0,0,0,0
aten::copy_,,,10.291,13.161,0,0,0,0
aclnnInplaceCopy,,,2.87,2.87,0,0,0,0
aten::view,,,1.354,1.354,0,0,0,0
vllm::unquantized_gemm,,,74.227,191.917,0,5.66,0,5.66
P13/1025334/00307/linear,,,95.886,117.69,0,5.66,0,5.66
aten::linear,,,1.858,21.804,0,5.66,0,5.66
aten::t,,,2.594,5.394,0,0,0,0
aten::transpose,,,1.203,2.8,0,0,0,0
aten::as_strided,,,1.597,1.597,0,0,0,0
aten::matmul,,,7.732,14.552,0,5.66,0,5.66
empty_tensor,,,3.783,3.783,0,0,0,0
aclnnMatmul,,,3.037,3.037,5.66,5.66,5.66,5.66
vllm::maybe_chunk_residual,,,8.067,8.067,0,0,0,0
_C_ascend::npu_add_rms_norm_bias,,,16.128,34.91,0,3.28,0,0
aten::empty,,,1.159,4.202,0,0,0,0
empty_tensor,,,3.043,3.043,0,0,0,0
aten::empty,,,0.287,1.481,0,0,0,0
empty_tensor,,,1.194,1.194,0,0,0,0
aten::empty,,,0.488,1.557,0,0,0,0
empty_tensor,,,1.069,1.069,0,0,0,0
aten::empty,,,0.397,2.584,0,0,0,0
empty_tensor,,,2.187,2.187,0,0,0,0
aclnnAddRmsNormBias,,,8.958,8.958,3.28,3.28,0,0
vllm::unquantized_gemm,,,79.082,197.602,0,19.161,0,19.161
P13/1025334/00308/linear,,,99.198,118.52,0,19.161,0,19.161
aten::linear,,,1.558,19.322,0,19.161,0,19.161
aten::t,,,2.893,5.559,0,0,0,0
aten::transpose,,,0.943,2.666,0,0,0,0
aten::as_strided,,,1.723,1.723,0,0,0,0
aten::matmul,,,6.808,12.205,0,19.161,0,19.161
empty_tensor,,,2.646,2.646,0,0,0,0
aclnnMatmul,,,2.751,2.751,19.161,19.161,19.161,19.161
npu::npu_swiglu,,,14.721,19.587,0,5.46,0,0
empty_tensor,,,2.276,2.276,0,0,0,0
aclnnSwiGlu,,,2.59,2.59,5.46,5.46,0,0
vllm::unquantized_gemm,,,69.723,170.247,0,16.48,0,16.48
P13/1025334/00309/linear,,,86.793,100.524,0,16.48,0,16.48
aten::linear,,,1.087,13.731,0,16.48,0,16.48
aten::t,,,1.253,3.403,0,0,0,0
aten::transpose,,,0.673,2.15,0,0,0,0
aten::as_strided,,,1.477,1.477,0,0,0,0
aten::matmul,,,4.779,9.241,0,16.48,0,16.48
empty_tensor,,,1.881,1.881,0,0,0,0
aclnnMatmul,,,2.581,2.581,16.48,16.48,16.48,16.48
vllm::maybe_chunk_residual,,,7.115,7.115,0,0,0,0
_C_ascend::npu_add_rms_norm_bias,,,12.878,23.567,0,3.2,0,0
aten::empty,,,0.736,2.83,0,0,0,0
empty_tensor,,,2.094,2.094,0,0,0,0
aten::empty,,,0.253,1.205,0,0,0,0
empty_tensor,,,0.952,0.952,0,0,0,0
aten::empty,,,0.354,1.581,0,0,0,0
empty_tensor,,,1.227,1.227,0,0,0,0
aten::empty,,,0.382,2.061,0,0,0,0
empty_tensor,,,1.679,1.679,0,0,0,0
aclnnAddRmsNormBias,,,3.012,3.012,3.2,3.2,0,0
aten::index,,,8.826,16.941,0,8.421,0,0
empty_tensor,,,1.355,1.355,0,0,0,0
empty_tensor,,,1.75,1.75,0,0,0,0
aclnnIndex,,,5.01,5.01,8.421,8.421,0,0
aten::linear,,,1.388,14.162,0,220.968,0,220.968
aten::t,,,1.415,3.508,0,0,0,0
aten::transpose,,,0.726,2.093,0,0,0,0
aten::as_strided,,,1.367,1.367,0,0,0,0
aten::matmul,,,4.343,9.266,0,220.968,0,220.968
empty_tensor,,,2.312,2.312,0,0,0,0
aclnnMatmul,,,2.611,2.611,220.968,220.968,220.968,220.968
aten::alias,,,1.586,1.586,0,0,0,0
P13/1025334/00310/sample,,,711.06,2929.762,0,233.809,0,0
aten::to,,,1.106,17.263,0,8.08,0,0
aten::_to_copy,,,2.508,16.157,0,8.08,0,0
aten::empty,,,0.878,4.094,0,0,0,0
empty_tensor,,,3.216,3.216,0,0,0,0
aten::copy_,,,6.183,9.555,0,8.08,0,0
aclnnInplaceCopy,,,3.372,3.372,8.08,8.08,0,0
aten::lift_fresh,,,0.322,0.322,0,0,0,0
aten::to,,,0.7,0.7,0,0,0,0
aten::pin_memory,,,1.931,24.392,0,0,0,0
aten::is_pinned,,,10.597,10.597,0,0,0,0
aten::_pin_memory,,,5.814,11.864,0,0,0,0
aten::set_,,,2.385,2.385,0,0,0,0
aten::copy_,,,3.665,3.665,0,0,0,0
aten::to,,,0.546,5.292,0,0,0,0
aten::_to_copy,,,1.68,4.746,0,0,0,0
aten::empty_strided,,,1.384,2.628,0,0,0,0
empty_tensor,,,1.244,1.244,0,0,0,0
aten::copy_,,,0.438,0.438,0,0,0,0
aten::eq,,,5.33,16.786,0,0,0,0
empty_tensor,,,0.804,0.804,0,0,0,0
aclnnEqScalar,,,10.652,10.652,0,0,0,0
aten::masked_fill_,,,3.322,4.295,0,0,0,0
aclnnInplaceMaskedFillScalar,,,0.973,0.973,0,0,0,0
aten::zeros,,,3.194,11.462,0,8.38,0,0
empty_tensor,,,1.943,1.943,0,0,0,0
aten::zero_,,,3.689,6.325,0,8.38,0,0
aclnnInplaceZero,,,2.636,2.636,8.38,8.38,0,0
P13/1025334/00311/jit_run,,,503.842,644.479,0,72.483,0,0
P13/1025334/00312/launch,,,136.28,140.637,0,72.483,0,0
token_bin_counts_and_mask_kernel,,,4.357,4.357,72.483,72.483,0,0
aten::gt,,,9.98,16.881,0,29.302,0,0
empty_tensor,,,4.104,4.104,0,0,0,0
aclnnGtScalar,,,2.797,2.797,29.302,29.302,0,0
aten::zeros,,,1.642,7.503,0,2.32,0,0
empty_tensor,,,1.398,1.398,0,0,0,0
aten::zero_,,,2.758,4.463,0,2.32,0,0
aclnnInplaceZero,,,1.705,1.705,2.32,2.32,0,0
aten::gt,,,2.853,4.776,0,13.36,0,0
empty_tensor,,,0.975,0.975,0,0,0,0
aclnnGtScalar,,,0.948,0.948,13.36,13.36,0,0
P13/1025334/00313/jit_run,,,582.681,745.506,0,77.063,0,0
P13/1025334/00314/launch,,,154.982,162.825,0,77.063,0,0
apply_all_penalties_kernel,,,7.843,7.843,77.063,77.063,0,0
aten::argmax,,,4.167,26.053,0,19.281000000000002,0,0
aten::empty,,,1.13,4.777,0,0,0,0
empty_tensor,,,3.647,3.647,0,0,0,0
aten::argmax,,,11.388,17.109,0,19.281000000000002,0,0
aten::reshape,,,0.737,2.752,0,0,0,0
aten::view,,,2.015,2.015,0,0,0,0
aclnnArgMax,,,2.969,2.969,19.281000000000002,19.281000000000002,0,0
aten::view,,,0.725,0.725,0,0,0,0
aten::to,,,0.426,0.426,0,0,0,0
aten::to,,,0.577,10.489,0,1.38,0,0
aten::_to_copy,,,1.616,9.912,0,1.38,0,0
aten::empty,,,0.397,1.633,0,0,0,0
empty_tensor,,,1.236,1.236,0,0,0,0
aten::copy_,,,4.437,6.663,0,1.38,0,0
aclnnInplaceCopy,,,2.226,2.226,1.38,1.38,0,0
aten::unsqueeze,,,1.487,5.161,0,0,0,0
aten::as_strided,,,3.674,3.674,0,0,0,0
P13/1025334/00315/to_list,,,134.947,672.427,0,2.16,0,0
aten::slice,,,4.093,5.295,0,0,0,0
aten::as_strided,,,1.202,1.202,0,0,0,0
aten::copy_,,,9.577,12.22,0,2.14,0,0
acl_memcpy_device_to_host,,,2.643,2.643,2.14,2.14,0,0
Event::record,,,131.013,313.603,0,0.02,0,0
P13/1025334/00316/event_record,,,178.889,182.59,0,0.02,0,0
record_event,,,3.701,3.701,0.02,0.02,0,0
Event::synchronize,,,127.579,205.782,0,0,0,0
P13/1025334/00317/synchronize,,,78.203,78.203,0,0,0,0
aten::resolve_conj,,,0.443,0.443,0,0,0,0
aten::resolve_neg,,,0.137,0.137,0,0,0,0
aten::slice,,,1.289,3.764,0,0,0,0
aten::as_strided,,,2.475,2.475,0,0,0,0
P13/1025334/00318/runner,,,1265.198,81605.929,0,2432.95,0,1414.276
P13/1025334/00319/prepare,,,1033.019,2595.946,0,160.38500000000002,0,0
P13/1025334/00320/buffer_copy,,,91.84,120.54,0,2.64,0,0
aten::slice,,,4.824,8.093,0,0,0,0
aten::as_strided,,,3.269,3.269,0,0,0,0
aten::slice,,,0.942,2.194,0,0,0,0
aten::as_strided,,,1.252,1.252,0,0,0,0
aten::copy_,,,13.986,18.413,0,2.64,0,0
acl_memcpy_host_to_device,,,4.427,4.427,2.64,2.64,0,0
aten::lift_fresh,,,0.394,0.394,0,0,0,0
aten::lift_fresh,,,0.087,0.087,0,0,0,0
aten::flatten,,,1.321,3.548,0,0,0,0
aten::view,,,2.227,2.227,0,0,0,0
aten::slice,,,1.265,1.792,0,0,0,0
aten::as_strided,,,0.527,0.527,0,0,0,0
aten::index_select,,,2.285,2.285,0,0,0,0
P13/1025334/00321/buffer_copy,,,95.332,109.464,0,2.7,0,0
aten::copy_,,,8.907,14.132,0,2.7,0,0
acl_memcpy_host_to_device,,,5.225,5.225,2.7,2.7,0,0
aten::slice,,,1.828,2.369,0,0,0,0
aten::as_strided,,,0.541,0.541,0,0,0,0
aten::lift_fresh,,,0.266,0.266,0,0,0,0
aten::slice,,,0.825,1.112,0,0,0,0
aten::as_strided,,,0.287,0.287,0,0,0,0
aten::add,,,6.536,6.536,0,0,0,0
aten::slice,,,0.621,0.912,0,0,0,0
aten::as_strided,,,0.291,0.291,0,0,0,0
aten::fill_,,,1.809,1.809,0,0,0,0
aten::slice,,,0.818,2.54,0,0,0,0
aten::as_strided,,,1.722,1.722,0,0,0,0
aten::fill_,,,7.767,10.679,0,1.04,0,0
aclnnInplaceFillScalar,,,2.912,2.912,1.04,1.04,0,0
P13/1025334/00322/buffer_copy,,,84.155,104.281,0,2.64,0,0
aten::slice,,,1.238,2.4,0,0,0,0
aten::as_strided,,,1.162,1.162,0,0,0,0
aten::slice,,,0.937,1.375,0,0,0,0
aten::as_strided,,,0.438,0.438,0,0,0,0
aten::copy_,,,6.608,16.351,0,2.64,0,0
acl_memcpy_host_to_device,,,9.743,9.743,2.64,2.64,0,0
aten::slice,,,1.028,1.332,0,0,0,0
aten::as_strided,,,0.304,0.304,0,0,0,0
aten::detach,,,1.352,1.352,0,0,0,0
aten::to,,,0.782,0.782,0,0,0,0
aten::resolve_conj,,,0.34,0.34,0,0,0,0
aten::resolve_neg,,,0.256,0.256,0,0,0,0
P13/1025334/00323/buffer_copy,,,74.434,78.641,0,0,0,0
aten::slice,,,1.181,2.507,0,0,0,0
aten::as_strided,,,1.326,1.326,0,0,0,0
aten::slice,,,0.825,1.1,0,0,0,0
aten::as_strided,,,0.275,0.275,0,0,0,0
aten::copy_,,,0.6,0.6,0,0,0,0
P13/1025334/00324/buffer_copy,,,71.576,85.183,0,2.68,0,0
aten::slice,,,1.13,2.22,0,0,0,0
aten::as_strided,,,1.09,1.09,0,0,0,0
aten::slice,,,1.709,2.146,0,0,0,0
aten::as_strided,,,0.437,0.437,0,0,0,0
aten::copy_,,,6.399,9.241,0,2.68,0,0
acl_memcpy_host_to_device,,,2.842,2.842,2.68,2.68,0,0
aten::fill_,,,5.256,7.934,0,0.98,0,0
aclnnInplaceFillScalar,,,2.678,2.678,0.98,0.98,0,0
aten::slice,,,0.985,1.799,0,0,0,0
aten::as_strided,,,0.814,0.814,0,0,0,0
aten::slice,,,0.579,1.103,0,0,0,0
aten::as_strided,,,0.524,0.524,0,0,0,0
aten::copy_,,,4.433,5.84,0,2.64,0,0
acl_memcpy_host_to_device,,,1.407,1.407,2.64,2.64,0,0
P13/1025334/00325/buffer_copy,,,70.898,79.981,0,2.66,0,0
aten::slice,,,0.955,1.815,0,0,0,0
aten::as_strided,,,0.86,0.86,0,0,0,0
aten::slice,,,0.707,0.94,0,0,0,0
aten::as_strided,,,0.233,0.233,0,0,0,0
aten::copy_,,,3.889,6.328,0,2.66,0,0
acl_memcpy_host_to_device,,,2.439,2.439,2.66,2.66,0,0
aten::slice,,,0.768,1.501,0,0,0,0
aten::as_strided,,,0.733,0.733,0,0,0,0
P13/1025334/00326/buffer_copy,,,65.466,75.04,0,2.66,0,0
aten::slice,,,0.983,1.703,0,0,0,0
aten::as_strided,,,0.72,0.72,0,0,0,0
aten::slice,,,0.481,0.695,0,0,0,0
aten::as_strided,,,0.214,0.214,0,0,0,0
aten::copy_,,,4.482,7.176,0,2.66,0,0
acl_memcpy_host_to_device,,,2.694,2.694,2.66,2.66,0,0
P13/1025334/00327/buffer_copy,,,69.777,80.713,0,2.66,0,0
aten::slice,,,1.24,2.218,0,0,0,0
aten::as_strided,,,0.978,0.978,0,0,0,0
aten::slice,,,1.248,1.493,0,0,0,0
aten::as_strided,,,0.245,0.245,0,0,0,0
aten::copy_,,,4.794,7.225,0,2.66,0,0
acl_memcpy_host_to_device,,,2.431,2.431,2.66,2.66,0,0
aten::slice,,,0.82,1.537,0,0,0,0
aten::as_strided,,,0.717,0.717,0,0,0,0
aten::index,,,9.592,23.268,0,9.74,0,0
empty_tensor,,,3.4,3.4,0,0,0,0
empty_tensor,,,4.693,4.693,0,0,0,0
aclnnIndex,,,5.583,5.583,9.74,9.74,0,0
aten::to,,,0.834,11.623,0,0.9,0,0
aten::_to_copy,,,2.157,10.789,0,0.9,0,0
aten::empty,,,0.975,2.804,0,0,0,0
empty_tensor,,,1.829,1.829,0,0,0,0
aten::copy_,,,4.125,5.828,0,0.9,0,0
aclnnInplaceCopy,,,1.703,1.703,0.9,0.9,0,0
aten::slice,,,1.024,1.66,0,0,0,0
aten::as_strided,,,0.636,0.636,0,0,0,0
aten::add,,,5.225,7.819,0,2.4,0,0
empty_tensor,,,1.12,1.12,0,0,0,0
aclnnAdd,,,1.474,1.474,2.4,2.4,0,0
aten::slice,,,0.861,1.556,0,0,0,0
aten::as_strided,,,0.695,0.695,0,0,0,0
aten::copy_,,,23.045,25.496,0,0.54,0,0
aclnnInplaceCopy,,,2.451,2.451,0.54,0.54,0,0
aten::slice,,,0.768,1.202,0,0,0,0
aten::as_strided,,,0.434,0.434,0,0,0,0
aten::add,,,2.99,4.451,0,1.2,0,0
empty_tensor,,,0.761,0.761,0,0,0,0
aclnnAdd,,,0.7,0.7,1.2,1.2,0,0
aten::copy_,,,6.209,7.986,0,0.6,0,0
aclnnInplaceCopy,,,1.777,1.777,0.6,0.6,0,0
aten::slice,,,0.749,1.159,0,0,0,0
aten::as_strided,,,0.41,0.41,0,0,0,0
aten::fill_,,,3.511,4.392,0,0,0,0
aclnnInplaceFillScalar,,,0.881,0.881,0,0,0,0
aten::slice,,,0.809,1.226,0,0,0,0
aten::as_strided,,,0.417,0.417,0,0,0,0
aten::slice,,,0.875,1.32,0,0,0,0
aten::as_strided,,,0.445,0.445,0,0,0,0
P13/1025334/00328/jit_run,,,502.632,655.778,0,120.305,0,0
P13/1025334/00329/launch,,,145.238,153.146,0,120.305,0,0
_compute_slot_mapping_kernel,,,7.908,7.908,120.305,120.305,0,0
aten::slice,,,2.727,4.899,0,0,0,0
aten::as_strided,,,2.172,2.172,0,0,0,0
aten::sub,,,8.418,17.144,0,1.4,0,0
empty_tensor,,,4.012,4.012,0,0,0,0
aten::item,,,1.05,1.712,0,0,0,0
aten::_local_scalar_dense,,,0.662,0.662,0,0,0,0
aclnnSubs,,,3.002,3.002,1.4,1.4,0,0
aten::detach,,,1.513,1.513,0,0,0,0
aten::to,,,0.796,0.796,0,0,0,0
aten::resolve_conj,,,0.331,0.331,0,0,0,0
aten::resolve_neg,,,0.135,0.135,0,0,0,0
aten::slice,,,1.72,3.075,0,0,0,0
aten::as_strided,,,1.355,1.355,0,0,0,0
aten::slice,,,0.748,1.604,0,0,0,0
aten::as_strided,,,0.856,0.856,0,0,0,0
aten::slice,,,0.683,1.466,0,0,0,0
aten::as_strided,,,0.783,0.783,0,0,0,0
aten::slice,,,1.05,1.638,0,0,0,0
aten::as_strided,,,0.588,0.588,0,0,0,0
aten::fill_,,,5.46,8.521,0,0,0,0
aclnnInplaceFillScalar,,,3.061,3.061,0,0,0,0
aten::slice,,,0.544,0.964,0,0,0,0
aten::as_strided,,,0.42,0.42,0,0,0,0
aten::fill_,,,1.861,4.147,0,0,0,0
aclnnInplaceFillScalar,,,2.286,2.286,0,0,0,0
aten::slice,,,0.845,1.181,0,0,0,0
aten::as_strided,,,0.336,0.336,0,0,0,0
aten::slice,,,0.782,0.936,0,0,0,0
aten::as_strided,,,0.154,0.154,0,0,0,0
aten::lt,,,6.132,6.132,0,0,0,0
aten::lift_fresh,,,0.284,0.284,0,0,0,0
aten::slice,,,0.275,0.529,0,0,0,0
aten::as_strided,,,0.254,0.254,0,0,0,0
aten::fill_,,,0.971,3.502,0,0,0,0
aten::copy_,,,2.531,2.531,0,0,0,0
aten::slice,,,0.623,0.992,0,0,0,0
aten::as_strided,,,0.369,0.369,0,0,0,0
aten::slice,,,0.479,0.885,0,0,0,0
aten::as_strided,,,0.406,0.406,0,0,0,0
aten::slice,,,0.599,0.792,0,0,0,0
aten::as_strided,,,0.193,0.193,0,0,0,0
aten::slice,,,0.791,1.262,0,0,0,0
aten::as_strided,,,0.471,0.471,0,0,0,0
aten::slice,,,0.546,0.889,0,0,0,0
aten::as_strided,,,0.343,0.343,0,0,0,0
aten::slice,,,0.631,0.753,0,0,0,0
aten::as_strided,,,0.122,0.122,0,0,0,0
aten::slice,,,1.914,2.256,0,0,0,0
aten::as_strided,,,0.342,0.342,0,0,0,0
aten::slice,,,0.526,0.7,0,0,0,0
aten::as_strided,,,0.174,0.174,0,0,0,0
aten::slice,,,0.436,1.166,0,0,0,0
aten::as_strided,,,0.73,0.73,0,0,0,0
aten::pin_memory,,,1.029,10.392,0,0,0,0
aten::is_pinned,,,9.363,9.363,0,0,0,0
aten::to,,,0.962,18.653,0,2.66,0,0
aten::_to_copy,,,2.398,17.691,0,2.66,0,0
aten::empty_strided,,,3.868,6.062,0,0,0,0
empty_tensor,,,2.194,2.194,0,0,0,0
aten::copy_,,,5.166,9.231,0,2.66,0,0
acl_memcpy_host_to_device,,,4.065,4.065,2.66,2.66,0,0
aten::resolve_conj,,,0.174,0.174,0,0,0,0
aten::resolve_neg,,,0.204,0.204,0,0,0,0
aten::slice,,,0.771,1.111,0,0,0,0
aten::as_strided,,,0.34,0.34,0,0,0,0
aten::resolve_conj,,,0.061,0.061,0,0,0,0
aten::resolve_neg,,,0.174,0.174,0,0,0,0
aten::slice,,,0.635,1.162,0,0,0,0
aten::as_strided,,,0.527,0.527,0,0,0,0
aten::slice,,,0.589,0.937,0,0,0,0
aten::as_strided,,,0.348,0.348,0,0,0,0
aten::index_select,,,7.62,12.788,0,2.44,0,0
empty_tensor,,,2.324,2.324,0,0,0,0
aclnnIndexSelect,,,2.844,2.844,2.44,2.44,0,0
aten::view,,,1.441,1.441,0,0,0,0
aten::repeat,,,4.28,7.118,0,1.64,0,0
empty_tensor,,,1.308,1.308,0,0,0,0
aclnnRepeat,,,1.53,1.53,1.64,1.64,0,0
aten::chunk,,,1.471,9.501,0,0,0,0
aten::split,,,1.205,8.03,0,0,0,0
aten::narrow,,,1.718,3.031,0,0,0,0
aten::slice,,,0.485,1.313,0,0,0,0
aten::as_strided,,,0.828,0.828,0,0,0,0
aten::narrow,,,0.398,3.794,0,0,0,0
aten::slice,,,2.887,3.396,0,0,0,0
aten::as_strided,,,0.509,0.509,0,0,0,0
aten::slice,,,0.816,1.628,0,0,0,0
aten::as_strided,,,0.812,0.812,0,0,0,0
aten::view,,,0.727,0.727,0,0,0,0
aten::expand,,,1.007,1.684,0,0,0,0
aten::as_strided,,,0.677,0.677,0,0,0,0
aten::copy_,,,23.887,26.162,0,0.5,0,0
aclnnInplaceCopy,,,2.275,2.275,0.5,0.5,0,0
aten::index_select,,,3.88,10.316,0,2.02,0,0
empty_tensor,,,1.373,1.373,0,0,0,0
aclnnIndexSelect,,,5.063,5.063,2.02,2.02,0,0
aten::view,,,0.881,0.881,0,0,0,0
aten::repeat,,,1.993,3.624,0,1.76,0,0
empty_tensor,,,1.04,1.04,0,0,0,0
aclnnRepeat,,,0.591,0.591,1.76,1.76,0,0
aten::chunk,,,0.693,3.585,0,0,0,0
aten::split,,,0.466,2.892,0,0,0,0
aten::narrow,,,0.405,1.41,0,0,0,0
aten::slice,,,0.37,1.005,0,0,0,0
aten::as_strided,,,0.635,0.635,0,0,0,0
aten::narrow,,,0.307,1.016,0,0,0,0
aten::slice,,,0.244,0.709,0,0,0,0
aten::as_strided,,,0.465,0.465,0,0,0,0
aten::slice,,,0.704,1.243,0,0,0,0
aten::as_strided,,,0.539,0.539,0,0,0,0
aten::view,,,0.365,0.365,0,0,0,0
aten::expand,,,0.424,0.752,0,0,0,0
aten::as_strided,,,0.328,0.328,0,0,0,0
aten::copy_,,,8.068,10.362,0,0.5,0,0
aclnnInplaceCopy,,,2.294,2.294,0.5,0.5,0,0
aten::slice,,,1.404,1.761,0,0,0,0
aten::as_strided,,,0.357,0.357,0,0,0,0
aten::slice,,,0.484,0.792,0,0,0,0
aten::as_strided,,,0.308,0.308,0,0,0,0
P13/1025334/00330/forward,,,10898.541,77543.571,0,2030.757,0,1192.448
aten::to,,,0.81,17.075,0,0.96,0,0
aten::_to_copy,,,2.297,16.265,0,0.96,0,0
aten::empty,,,1.063,4.806,0,0,0,0
empty_tensor,,,3.743,3.743,0,0,0,0
aten::copy_,,,6.129,9.162,0,0.96,0,0
aclnnInplaceCopy,,,3.033,3.033,0.96,0.96,0,0
aten::embedding,,,4.049,7.815,0,10.22,0,0
empty_tensor,,,1.94,1.94,0,0,0,0
aclnnEmbedding,,,1.826,1.826,10.22,10.22,0,0
vllm::maybe_pad_and_reduce,,,15.485,15.485,0,0,0,0
npu::npu_rms_norm,,,22.556,27.629,0,5.041,0,0
empty_tensor,,,2.017,2.017,0,0,0,0
empty_tensor,,,0.883,0.883,0,0,0,0
aclnnRmsNorm,,,2.173,2.173,5.041,5.041,0,0
vllm::unquantized_gemm,,,85.363,215.272,0,8.5,0,7.36
P13/1025334/00331/linear,,,105.787,129.909,0,8.5,0,7.36
aten::linear,,,2.144,24.122,0,8.5,0,7.36
aten::t,,,2.204,5.655,0,0,0,0
aten::transpose,,,1.563,3.451,0,0,0,0
aten::as_strided,,,1.888,1.888,0,0,0,0
aten::addmm,,,8.338,16.323,0,8.5,0,7.36
empty_tensor,,,2.508,2.508,0,0,0,0
aclnnAddmm,,,5.477,5.477,8.5,8.5,7.36,7.36
aten::split_with_sizes,,,1.865,3.732,0,0,0,0
aten::as_strided,,,1.239,1.239,0,0,0,0
aten::as_strided,,,0.235,0.235,0,0,0,0
aten::as_strided,,,0.393,0.393,0,0,0,0
vllm::npu_rotary_embedding,,,166.936,872.563,0,3.06,0,0
aten::view,,,1.422,1.422,0,0,0,0
aten::view,,,0.514,0.514,0,0,0,0
P13/1025334/00332/jit_run,,,544.975,700.758,0,3.06,0,0
P13/1025334/00333/launch,,,144.784,155.783,0,3.06,0,0
_triton_rope,,,10.999,10.999,3.06,3.06,0,0
aten::view,,,2.427,2.427,0,0,0,0
aten::view,,,0.506,0.506,0,0,0,0
aten::empty,,,1.409,6.159,0,0,0,0
empty_tensor,,,4.75,4.75,0,0,0,0
aten::view,,,0.889,0.889,0,0,0,0
aten::view,,,0.694,0.694,0,0,0,0
aten::view,,,0.617,0.617,0,0,0,0
aten::view,,,0.588,0.588,0,0,0,0
vllm::unified_attention_with_output,,,149.99,1162.565,0,25.500999999999998,0,0
P13/1025334/00334/attention,,,293.803,1012.575,0,25.500999999999998,0,0
aten::slice,,,1.31,2.901,0,0,0,0
aten::as_strided,,,1.591,1.591,0,0,0,0
aten::slice,,,0.631,1.127,0,0,0,0
aten::as_strided,,,0.496,0.496,0,0,0,0
aten::slice,,,2.557,3.459,0,0,0,0
aten::as_strided,,,0.902,0.902,0,0,0,0
P13/1025334/00335/cache_write,,,150.388,259.882,0,1.84,0,0
P13/1025334/00336/torch_api,,,86.702,109.494,0,1.84,0,0
atb::_npu_reshape_and_cache,,,17.77,22.792,0,1.84,0,0
ReshapeCacheOperation,,,5.022,5.022,1.84,1.84,0,0
P13/1025334/00337/fia,,,235.132,436.241,0,23.660999999999998,0,0
aten::view,,,3.615,3.615,0,0,0,0
aten::view,,,1.099,1.099,0,0,0,0
aten::slice,,,0.834,1.925,0,0,0,0
aten::as_strided,,,1.091,1.091,0,0,0,0
P13/1025334/00338/torch_api,,,108.966,164.871,0,23.101,0,0
npu::npu_fused_infer_attention_score,,,44.176,55.905,0,23.101,0,0
empty_tensor,,,5.082,5.082,0,0,0,0
empty_tensor,,,1.13,1.13,0,0,0,0
empty_tensor,,,0.975,0.975,0,0,0,0
empty_tensor,,,1.193,1.193,0,0,0,0
aclnnFusedInferAttentionScoreV3,,,3.349,3.349,23.101,23.101,0,0
aten::view,,,1.555,1.555,0,0,0,0
aten::slice,,,0.724,1.88,0,0,0,0
aten::as_strided,,,1.156,1.156,0,0,0,0
aten::copy_,,,23.155,26.164,0,0.56,0,0
aclnnInplaceCopy,,,3.009,3.009,0.56,0.56,0,0
aten::slice,,,0.699,1.687,0,0,0,0
aten::as_strided,,,0.988,0.988,0,0,0,0
aten::copy_,,,10.947,13.475,0,0,0,0
aclnnInplaceCopy,,,2.528,2.528,0,0,0,0
aten::view,,,1.334,1.334,0,0,0,0
vllm::unquantized_gemm,,,75.889,179.29,0,5.68,0,5.68
P13/1025334/00339/linear,,,81.455,103.401,0,5.68,0,5.68
aten::linear,,,1.814,21.946,0,5.68,0,5.68
aten::t,,,2.193,4.818,0,0,0,0
aten::transpose,,,1.175,2.625,0,0,0,0
aten::as_strided,,,1.45,1.45,0,0,0,0
aten::matmul,,,8.345,15.314,0,5.68,0,5.68
empty_tensor,,,4.033,4.033,0,0,0,0
aclnnMatmul,,,2.936,2.936,5.68,5.68,5.68,5.68
vllm::maybe_chunk_residual,,,7.4,7.4,0,0,0,0
_C_ascend::npu_add_rms_norm_bias,,,17.21,31.646,0,2.22,0,0
aten::empty,,,1.062,3.934,0,0,0,0
empty_tensor,,,2.872,2.872,0,0,0,0
aten::empty,,,1.246,2.849,0,0,0,0
empty_tensor,,,1.603,1.603,0,0,0,0
aten::empty,,,0.278,1.176,0,0,0,0
empty_tensor,,,0.898,0.898,0,0,0,0
aten::empty,,,0.553,3.108,0,0,0,0
empty_tensor,,,2.555,2.555,0,0,0,0
aclnnAddRmsNormBias,,,3.369,3.369,2.22,2.22,0,0
vllm::unquantized_gemm,,,69.691,165.979,0,18.741,0,18.741
P13/1025334/00340/linear,,,80.448,96.288,0,18.741,0,18.741
aten::linear,,,1.163,15.84,0,18.741,0,18.741
aten::t,,,1.517,3.946,0,0,0,0
aten::transpose,,,1.026,2.429,0,0,0,0
aten::as_strided,,,1.403,1.403,0,0,0,0
aten::matmul,,,5.876,10.731,0,18.741,0,18.741
empty_tensor,,,2.176,2.176,0,0,0,0
aclnnMatmul,,,2.679,2.679,18.741,18.741,18.741,18.741
npu::npu_swiglu,,,14.559,18.825,0,4.141,0,0
empty_tensor,,,1.766,1.766,0,0,0,0
aclnnSwiGlu,,,2.5,2.5,4.141,4.141,0,0
vllm::unquantized_gemm,,,74.815,170.844,0,16.601,0,16.601
P13/1025334/00341/linear,,,74.983,96.029,0,16.601,0,16.601
aten::linear,,,1.052,21.046,0,16.601,0,16.601
aten::t,,,1.211,2.924,0,0,0,0
aten::transpose,,,0.643,1.713,0,0,0,0
aten::as_strided,,,1.07,1.07,0,0,0,0
aten::matmul,,,4.539,17.07,0,16.601,0,16.601
empty_tensor,,,1.763,1.763,0,0,0,0
aclnnMatmul,,,10.768,10.768,16.601,16.601,16.601,16.601
vllm::maybe_chunk_residual,,,7.051,7.051,0,0,0,0
_C_ascend::npu_add_rms_norm_bias,,,13.264,24.663,0,1.64,0,0
aten::empty,,,0.741,2.986,0,0,0,0
empty_tensor,,,2.245,2.245,0,0,0,0
aten::empty,,,0.299,1.376,0,0,0,0
empty_tensor,,,1.077,1.077,0,0,0,0
aten::empty,,,0.239,1.263,0,0,0,0
empty_tensor,,,1.024,1.024,0,0,0,0
aten::empty,,,0.537,2.375,0,0,0,0
empty_tensor,,,1.838,1.838,0,0,0,0
aclnnAddRmsNormBias,,,3.399,3.399,1.64,1.64,0,0
vllm::unquantized_gemm,,,69.59,166.11,0,9.541,0,8.141
P13/1025334/00342/linear,,,78.71,96.52,0,9.541,0,8.141
aten::linear,,,1.32,17.81,0,9.541,0,8.141
aten::t,,,1.347,3.351,0,0,0,0
aten::transpose,,,0.758,2.004,0,0,0,0
aten::as_strided,,,1.246,1.246,0,0,0,0
aten::addmm,,,8.272,13.139,0,9.541,0,8.141
empty_tensor,,,2.24,2.24,0,0,0,0
aclnnAddmm,,,2.627,2.627,9.541,9.541,8.141,8.141
aten::split_with_sizes,,,1.91,3.467,0,0,0,0
aten::as_strided,,,1.086,1.086,0,0,0,0
aten::as_strided,,,0.249,0.249,0,0,0,0
aten::as_strided,,,0.222,0.222,0,0,0,0
vllm::npu_rotary_embedding,,,168.767,876.797,0,2.82,0,0
aten::view,,,1.44,1.44,0,0,0,0
aten::view,,,0.46,0.46,0,0,0,0
P13/1025334/00343/jit_run,,,543.895,703.181,0,2.82,0,0
P13/1025334/00344/launch,,,154.795,159.286,0,2.82,0,0
_triton_rope,,,4.491,4.491,2.82,2.82,0,0
aten::view,,,2.405,2.405,0,0,0,0
aten::view,,,0.544,0.544,0,0,0,0
aten::empty,,,1.004,6.468,0,0,0,0
empty_tensor,,,5.464,5.464,0,0,0,0
aten::view,,,0.987,0.987,0,0,0,0
aten::view,,,0.675,0.675,0,0,0,0
aten::view,,,0.654,0.654,0,0,0,0
aten::view,,,0.425,0.425,0,0,0,0
vllm::unified_attention_with_output,,,98.986,1117.349,0,22.48,0,0
P13/1025334/00345/attention,,,290.519,1018.363,0,22.48,0,0
aten::slice,,,1.201,2.542,0,0,0,0
aten::as_strided,,,1.341,1.341,0,0,0,0
aten::slice,,,0.492,0.861,0,0,0,0
aten::as_strided,,,0.369,0.369,0,0,0,0
aten::slice,,,2.488,3.193,0,0,0,0
aten::as_strided,,,0.705,0.705,0,0,0,0
P13/1025334/00346/cache_write,,,150.734,259.529,0,1.54,0,0
P13/1025334/00347/torch_api,,,81.885,108.795,0,1.54,0,0
atb::_npu_reshape_and_cache,,,23.269,26.91,0,1.54,0,0
ReshapeCacheOperation,,,3.641,3.641,1.54,1.54,0,0
P13/1025334/00348/fia,,,240.264,437.575,0,20.94,0,0
aten::view,,,3.284,3.284,0,0,0,0
aten::view,,,1.142,1.142,0,0,0,0
aten::slice,,,0.813,1.832,0,0,0,0
aten::as_strided,,,1.019,1.019,0,0,0,0
P13/1025334/00349/torch_api,,,107.936,161.63,0,20.34,0,0
npu::npu_fused_infer_attention_score,,,41.633,53.694,0,20.34,0,0
empty_tensor,,,4.865,4.865,0,0,0,0
empty_tensor,,,1.736,1.736,0,0,0,0
empty_tensor,,,0.856,0.856,0,0,0,0
empty_tensor,,,1.076,1.076,0,0,0,0
aclnnFusedInferAttentionScoreV3,,,3.528,3.528,20.34,20.34,0,0
aten::view,,,1.5,1.5,0,0,0,0
aten::slice,,,0.798,1.817,0,0,0,0
aten::as_strided,,,1.019,1.019,0,0,0,0
aten::copy_,,,23.381,26.106,0,0.6,0,0
aclnnInplaceCopy,,,2.725,2.725,0.6,0.6,0,0
aten::slice,,,0.628,1.538,0,0,0,0
aten::as_strided,,,0.91,0.91,0,0,0,0
aten::copy_,,,11.121,22.606,0,0,0,0
aclnnInplaceCopy,,,11.485,11.485,0,0,0,0
aten::view,,,1.442,1.442,0,0,0,0
vllm::unquantized_gemm,,,80.035,198.715,0,5.98,0,5.98
P13/1025334/00350/linear,,,79.172,118.68,0,5.98,0,5.98
aten::linear,,,1.895,39.508,0,5.98,0,5.98
aten::t,,,2.218,5.015,0,0,0,0
aten::transpose,,,1.217,2.797,0,0,0,0
aten::as_strided,,,1.58,1.58,0,0,0,0
aten::matmul,,,25.183,32.598,0,5.98,0,5.98
empty_tensor,,,4.505,4.505,0,0,0,0
aclnnMatmul,,,2.91,2.91,5.98,5.98,5.98,5.98
vllm::maybe_chunk_residual,,,7.812,7.812,0,0,0,0
_C_ascend::npu_add_rms_norm_bias,,,16.867,30.664,0,1.641,0,0
aten::empty,,,1.258,4.483,0,0,0,0
empty_tensor,,,3.225,3.225,0,0,0,0
aten::empty,,,0.268,1.57,0,0,0,0
empty_tensor,,,1.302,1.302,0,0,0,0
aten::empty,,,0.363,1.711,0,0,0,0
empty_tensor,,,1.348,1.348,0,0,0,0
aten::empty,,,0.371,3.012,0,0,0,0
empty_tensor,,,2.641,2.641,0,0,0,0
aclnnAddRmsNormBias,,,3.021,3.021,1.641,1.641,0,0
vllm::unquantized_gemm,,,73.175,178.229,0,20.64,0,20.64
P13/1025334/00351/linear,,,87.698,105.054,0,20.64,0,20.64
aten::linear,,,1.354,17.356,0,20.64,0,20.64
aten::t,,,1.612,4.612,0,0,0,0
aten::transpose,,,0.852,3.0,0,0,0,0
aten::as_strided,,,2.148,2.148,0,0,0,0
aten::matmul,,,6.325,11.39,0,20.64,0,20.64
empty_tensor,,,2.388,2.388,0,0,0,0
aclnnMatmul,,,2.677,2.677,20.64,20.64,20.64,20.64
npu::npu_swiglu,,,14.625,19.765,0,2.96,0,0
empty_tensor,,,2.51,2.51,0,0,0,0
aclnnSwiGlu,,,2.63,2.63,2.96,2.96,0,0
vllm::unquantized_gemm,,,67.201,157.957,0,16.68,0,16.68
P13/1025334/00352/linear,,,76.692,90.756,0,16.68,0,16.68
aten::linear,,,1.067,14.064,0,16.68,0,16.68
aten::t,,,1.396,3.423,0,0,0,0
aten::transpose,,,0.628,2.027,0,0,0,0
aten::as_strided,,,1.399,1.399,0,0,0,0
aten::matmul,,,4.841,9.574,0,16.68,0,16.68
empty_tensor,,,2.15,2.15,0,0,0,0
aclnnMatmul,,,2.583,2.583,16.68,16.68,16.68,16.68
vllm::maybe_chunk_residual,,,6.866,6.866,0,0,0,0
_C_ascend::npu_add_rms_norm_bias,,,15.448,26.793,0,1.68,0,0
aten::empty,,,0.693,2.924,0,0,0,0
empty_tensor,,,2.231,2.231,0,0,0,0
aten::empty,,,0.27,1.238,0,0,0,0
empty_tensor,,,0.968,0.968,0,0,0,0
aten::empty,,,0.208,1.437,0,0,0,0
empty_tensor,,,1.229,1.229,0,0,0,0
aten::empty,,,0.499,2.523,0,0,0,0
empty_tensor,,,2.024,2.024,0,0,0,0
aclnnAddRmsNormBias,,,3.223,3.223,1.68,1.68,0,0
vllm::unquantized_gemm,,,74.299,173.589,0,8.84,0,7.66
P13/1025334/00353/linear,,,78.987,99.29,0,8.84,0,7.66
aten::linear,,,1.475,20.303,0,8.84,0,7.66
aten::t,,,1.225,5.694,0,0,0,0
aten::transpose,,,0.927,4.469,0,0,0,0
aten::as_strided,,,3.542,3.542,0,0,0,0
aten::addmm,,,7.951,13.134,0,8.84,0,7.66
empty_tensor,,,2.399,2.399,0,0,0,0
aclnnAddmm,,,2.784,2.784,8.84,8.84,7.66,7.66
aten::split_with_sizes,,,1.908,3.526,0,0,0,0
aten::as_strided,,,1.114,1.114,0,0,0,0
aten::as_strided,,,0.249,0.249,0,0,0,0
aten::as_strided,,,0.255,0.255,0,0,0,0
vllm::npu_rotary_embedding,,,169.062,877.756,0,2.96,0,0
aten::view,,,1.432,1.432,0,0,0,0
aten::view,,,0.433,0.433,0,0,0,0
P13/1025334/00354/jit_run,,,547.019,703.782,0,2.96,0,0
P13/1025334/00355/launch,,,146.424,156.763,0,2.96,0,0
_triton_rope,,,10.339,10.339,2.96,2.96,0,0
aten::view,,,2.417,2.417,0,0,0,0
aten::view,,,0.63,0.63,0,0,0,0
aten::empty,,,1.13,6.051,0,0,0,0
empty_tensor,,,4.921,4.921,0,0,0,0
aten::view,,,0.806,0.806,0,0,0,0
aten::view,,,0.536,0.536,0,0,0,0
aten::view,,,0.467,0.467,0,0,0,0
aten::view,,,0.435,0.435,0,0,0,0
vllm::unified_attention_with_output,,,96.33,1105.834,0,22.46,0,0
P13/1025334/00356/attention,,,292.494,1009.504,0,22.46,0,0
aten::slice,,,1.226,2.713,0,0,0,0
aten::as_strided,,,1.487,1.487,0,0,0,0
aten::slice,,,0.515,0.842,0,0,0,0
aten::as_strided,,,0.327,0.327,0,0,0,0
aten::slice,,,4.24,5.071,0,0,0,0
aten::as_strided,,,0.831,0.831,0,0,0,0
P13/1025334/00357/cache_write,,,147.852,261.285,0,1.58,0,0
P13/1025334/00358/torch_api,,,85.427,113.433,0,1.58,0,0
atb::_npu_reshape_and_cache,,,23.806,28.006,0,1.58,0,0
ReshapeCacheOperation,,,4.2,4.2,1.58,1.58,0,0
P13/1025334/00359/fia,,,231.542,431.043,0,20.88,0,0
aten::view,,,3.291,3.291,0,0,0,0
aten::view,,,1.352,1.352,0,0,0,0
aten::slice,,,0.81,1.899,0,0,0,0
aten::as_strided,,,1.089,1.089,0,0,0,0
P13/1025334/00360/torch_api,,,109.436,161.613,0,20.3,0,0
npu::npu_fused_infer_attention_score,,,41.209,52.177,0,20.3,0,0
empty_tensor,,,4.693,4.693,0,0,0,0
empty_tensor,,,1.114,1.114,0,0,0,0
empty_tensor,,,0.908,0.908,0,0,0,0
empty_tensor,,,0.791,0.791,0,0,0,0
aclnnFusedInferAttentionScoreV3,,,3.462,3.462,20.3,20.3,0,0
aten::view,,,1.651,1.651,0,0,0,0
aten::slice,,,0.853,1.923,0,0,0,0
aten::as_strided,,,1.07,1.07,0,0,0,0
aten::copy_,,,23.261,27.772,0,0.58,0,0
aclnnInplaceCopy,,,4.511,4.511,0.58,0.58,0,0
aten::slice,,,0.757,1.825,0,0,0,0
aten::as_strided,,,1.068,1.068,0,0,0,0
aten::copy_,,,11.539,14.231,0,0,0,0
aclnnInplaceCopy,,,2.692,2.692,0,0,0,0
aten::view,,,1.312,1.312,0,0,0,0
vllm::unquantized_gemm,,,74.384,183.176,0,5.701,0,5.701
P13/1025334/00361/linear,,,85.479,108.792,0,5.701,0,5.701
aten::linear,,,1.716,23.313,0,5.701,0,5.701
aten::t,,,2.127,7.2,0,0,0,0
aten::transpose,,,1.06,5.073,0,0,0,0
aten::as_strided,,,4.013,4.013,0,0,0,0
aten::matmul,,,7.801,14.397,0,5.701,0,5.701
empty_tensor,,,3.923,3.923,0,0,0,0
aclnnMatmul,,,2.673,2.673,5.701,5.701,5.701,5.701
vllm::maybe_chunk_residual,,,7.448,7.448,0,0,0,0
_C_ascend::npu_add_rms_norm_bias,,,15.935,32.712,0,1.84,0,0
aten::empty,,,1.066,3.943,0,0,0,0
empty_tensor,,,2.877,2.877,0,0,0,0
aten::empty,,,0.384,1.703,0,0,0,0
empty_tensor,,,1.319,1.319,0,0,0,0
aten::empty,,,0.506,1.655,0,0,0,0
empty_tensor,,,1.149,1.149,0,0,0,0
aten::empty,,,0.419,2.828,0,0,0,0
empty_tensor,,,2.409,2.409,0,0,0,0
aclnnAddRmsNormBias,,,6.648,6.648,1.84,1.84,0,0
vllm::unquantized_gemm,,,72.358,169.965,0,21.001,0,21.001
P13/1025334/00362/linear,,,81.47,97.607,0,21.001,0,21.001
aten::linear,,,1.302,16.137,0,21.001,0,21.001
aten::t,,,1.561,3.706,0,0,0,0
aten::transpose,,,0.728,2.145,0,0,0,0
aten::as_strided,,,1.417,1.417,0,0,0,0
aten::matmul,,,6.118,11.129,0,21.001,0,21.001
empty_tensor,,,2.35,2.35,0,0,0,0
aclnnMatmul,,,2.661,2.661,21.001,21.001,21.001,21.001
npu::npu_swiglu,,,14.416,19.188,0,2.92,0,0
empty_tensor,,,2.054,2.054,0,0,0,0
aclnnSwiGlu,,,2.718,2.718,2.92,2.92,0,0
vllm::unquantized_gemm,,,68.82,170.671,0,16.641,0,16.641
P13/1025334/00363/linear,,,85.694,101.851,0,16.641,0,16.641
aten::linear,,,1.075,16.157,0,16.641,0,16.641
aten::t,,,1.36,4.298,0,0,0,0
aten::transpose,,,0.76,2.938,0,0,0,0
aten::as_strided,,,2.178,2.178,0,0,0,0
aten::matmul,,,4.928,10.784,0,16.641,0,16.641
empty_tensor,,,2.171,2.171,0,0,0,0
aclnnMatmul,,,3.685,3.685,16.641,16.641,16.641,16.641
vllm::maybe_chunk_residual,,,7.15,7.15,0,0,0,0
_C_ascend::npu_add_rms_norm_bias,,,13.225,24.476,0,1.64,0,0
aten::empty,,,0.764,3.166,0,0,0,0
empty_tensor,,,2.402,2.402,0,0,0,0
aten::empty,,,0.25,1.488,0,0,0,0
empty_tensor,,,1.238,1.238,0,0,0,0
aten::empty,,,0.522,1.705,0,0,0,0
empty_tensor,,,1.183,1.183,0,0,0,0
aten::empty,,,0.365,2.037,0,0,0,0
empty_tensor,,,1.672,1.672,0,0,0,0
aclnnAddRmsNormBias,,,2.855,2.855,1.64,1.64,0,0
vllm::unquantized_gemm,,,75.189,176.085,0,8.421,0,7.341
P13/1025334/00364/linear,,,82.136,100.896,0,8.421,0,7.341
aten::linear,,,1.672,18.76,0,8.421,0,7.341
aten::t,,,1.305,3.393,0,0,0,0
aten::transpose,,,0.673,2.088,0,0,0,0
aten::as_strided,,,1.415,1.415,0,0,0,0
aten::addmm,,,8.209,13.695,0,8.421,0,7.341
empty_tensor,,,2.591,2.591,0,0,0,0
aclnnAddmm,,,2.895,2.895,8.421,8.421,7.341,7.341
aten::split_with_sizes,,,1.875,3.51,0,0,0,0
aten::as_strided,,,1.169,1.169,0,0,0,0
aten::as_strided,,,0.274,0.274,0,0,0,0
aten::as_strided,,,0.192,0.192,0,0,0,0
vllm::npu_rotary_embedding,,,167.222,851.574,0,2.92,0,0
aten::view,,,1.337,1.337,0,0,0,0
aten::view,,,0.461,0.461,0,0,0,0
P13/1025334/00365/jit_run,,,534.911,679.727,0,2.92,0,0
P13/1025334/00366/launch,,,140.634,144.816,0,2.92,0,0
_triton_rope,,,4.182,4.182,2.92,2.92,0,0
aten::view,,,2.28,2.28,0,0,0,0
aten::view,,,0.547,0.547,0,0,0,0
aten::empty,,,1.165,5.64,0,0,0,0
empty_tensor,,,4.475,4.475,0,0,0,0
aten::view,,,0.824,0.824,0,0,0,0
aten::view,,,0.578,0.578,0,0,0,0
aten::view,,,0.629,0.629,0,0,0,0
aten::view,,,0.522,0.522,0,0,0,0
vllm::unified_attention_with_output,,,94.584,1098.381,0,21.58,0,0
P13/1025334/00367/attention,,,286.284,1003.797,0,21.58,0,0
aten::slice,,,1.28,2.742,0,0,0,0
aten::as_strided,,,1.462,1.462,0,0,0,0
aten::slice,,,0.661,1.254,0,0,0,0
aten::as_strided,,,0.593,0.593,0,0,0,0
aten::slice,,,2.546,3.423,0,0,0,0
aten::as_strided,,,0.877,0.877,0,0,0,0
P13/1025334/00368/cache_write,,,149.564,257.277,0,2.12,0,0
P13/1025334/00369/torch_api,,,80.777,107.713,0,2.12,0,0
atb::_npu_reshape_and_cache,,,23.325,26.936,0,2.12,0,0
ReshapeCacheOperation,,,3.611,3.611,2.12,2.12,0,0
P13/1025334/00370/fia,,,236.089,437.011,0,19.46,0,0
aten::view,,,3.341,3.341,0,0,0,0
aten::view,,,0.957,0.957,0,0,0,0
aten::slice,,,0.683,1.703,0,0,0,0
aten::as_strided,,,1.02,1.02,0,0,0,0
P13/1025334/00371/torch_api,,,106.002,159.522,0,18.84,0,0
npu::npu_fused_infer_attention_score,,,42.528,53.52,0,18.84,0,0
empty_tensor,,,4.559,4.559,0,0,0,0
empty_tensor,,,1.292,1.292,0,0,0,0
empty_tensor,,,1.124,1.124,0,0,0,0
empty_tensor,,,0.769,0.769,0,0,0,0
aclnnFusedInferAttentionScoreV3,,,3.248,3.248,18.84,18.84,0,0
aten::view,,,1.58,1.58,0,0,0,0
aten::slice,,,0.69,1.694,0,0,0,0
aten::as_strided,,,1.004,1.004,0,0,0,0
aten::copy_,,,23.434,32.125,0,0.62,0,0
aclnnInplaceCopy,,,8.691,8.691,0.62,0.62,0,0
aten::slice,,,0.623,1.627,0,0,0,0
aten::as_strided,,,1.004,1.004,0,0,0,0
aten::copy_,,,11.611,14.179,0,0,0,0
aclnnInplaceCopy,,,2.568,2.568,0,0,0,0
aten::view,,,1.258,1.258,0,0,0,0
vllm::unquantized_gemm,,,71.285,167.576,0,5.62,0,5.62
P13/1025334/00372/linear,,,75.159,96.291,0,5.62,0,5.62
aten::linear,,,1.843,21.132,0,5.62,0,5.62
aten::t,,,2.17,4.954,0,0,0,0
aten::transpose,,,1.159,2.784,0,0,0,0
aten::as_strided,,,1.625,1.625,0,0,0,0
aten::matmul,,,7.543,14.335,0,5.62,0,5.62
empty_tensor,,,3.991,3.991,0,0,0,0
aclnnMatmul,,,2.801,2.801,5.62,5.62,5.62,5.62
vllm::maybe_chunk_residual,,,7.354,7.354,0,0,0,0
_C_ascend::npu_add_rms_norm_bias,,,15.641,29.297,0,1.721,0,0
aten::empty,,,1.021,4.067,0,0,0,0
empty_tensor,,,3.046,3.046,0,0,0,0
aten::empty,,,0.266,1.401,0,0,0,0
empty_tensor,,,1.135,1.135,0,0,0,0
aten::empty,,,0.341,1.659,0,0,0,0
empty_tensor,,,1.318,1.318,0,0,0,0
aten::empty,,,0.347,3.353,0,0,0,0
empty_tensor,,,3.006,3.006,0,0,0,0
aclnnAddRmsNormBias,,,3.176,3.176,1.721,1.721,0,0
vllm::unquantized_gemm,,,76.138,187.387,0,19.001,0,19.001
P13/1025334/00373/linear,,,94.696,111.249,0,19.001,0,19.001
aten::linear,,,1.415,16.553,0,19.001,0,19.001
aten::t,,,1.616,3.961,0,0,0,0
aten::transpose,,,0.78,2.345,0,0,0,0
aten::as_strided,,,1.565,1.565,0,0,0,0
aten::matmul,,,6.162,11.177,0,19.001,0,19.001
empty_tensor,,,2.401,2.401,0,0,0,0
aclnnMatmul,,,2.614,2.614,19.001,19.001,19.001,19.001
npu::npu_swiglu,,,14.811,19.521,0,3.04,0,0
empty_tensor,,,2.191,2.191,0,0,0,0
aclnnSwiGlu,,,2.519,2.519,3.04,3.04,0,0
vllm::unquantized_gemm,,,69.213,161.759,0,16.841,0,16.841
P13/1025334/00374/linear,,,79.067,92.546,0,16.841,0,16.841
aten::linear,,,1.067,13.479,0,16.841,0,16.841
aten::t,,,1.147,3.156,0,0,0,0
aten::transpose,,,0.66,2.009,0,0,0,0
aten::as_strided,,,1.349,1.349,0,0,0,0
aten::matmul,,,4.636,9.256,0,16.841,0,16.841
empty_tensor,,,2.042,2.042,0,0,0,0
aclnnMatmul,,,2.578,2.578,16.841,16.841,16.841,16.841
vllm::maybe_chunk_residual,,,7.001,7.001,0,0,0,0
_C_ascend::npu_add_rms_norm_bias,,,12.885,29.881,0,1.74,0,0
aten::empty,,,0.664,2.904,0,0,0,0
empty_tensor,,,2.24,2.24,0,0,0,0
aten::empty,,,0.265,1.286,0,0,0,0
empty_tensor,,,1.021,1.021,0,0,0,0
aten::empty,,,0.425,1.33,0,0,0,0
empty_tensor,,,0.905,0.905,0,0,0,0
aten::empty,,,0.373,2.259,0,0,0,0
empty_tensor,,,1.886,1.886,0,0,0,0
aclnnAddRmsNormBias,,,9.217,9.217,1.74,1.74,0,0
vllm::unquantized_gemm,,,71.451,175.127,0,9.040000000000001,0,7.86
P13/1025334/00375/linear,,,85.866,103.676,0,9.040000000000001,0,7.86
aten::linear,,,1.42,17.81,0,9.040000000000001,0,7.86
aten::t,,,1.356,3.509,0,0,0,0
aten::transpose,,,0.687,2.153,0,0,0,0
aten::as_strided,,,1.466,1.466,0,0,0,0
aten::addmm,,,8.085,12.881,0,9.040000000000001,0,7.86
empty_tensor,,,2.084,2.084,0,0,0,0
aclnnAddmm,,,2.712,2.712,9.040000000000001,9.040000000000001,7.86,7.86
aten::split_with_sizes,,,1.845,3.509,0,0,0,0
aten::as_strided,,,1.154,1.154,0,0,0,0
aten::as_strided,,,0.247,0.247,0,0,0,0
aten::as_strided,,,0.263,0.263,0,0,0,0
vllm::npu_rotary_embedding,,,170.886,894.331,0,2.82,0,0
aten::view,,,1.326,1.326,0,0,0,0
aten::view,,,0.445,0.445,0,0,0,0
P13/1025334/00376/jit_run,,,549.842,718.27,0,2.82,0,0
P13/1025334/00377/launch,,,161.807,168.428,0,2.82,0,0
_triton_rope,,,6.621,6.621,2.82,2.82,0,0
aten::view,,,2.847,2.847,0,0,0,0
aten::view,,,0.557,0.557,0,0,0,0
aten::empty,,,1.171,6.21,0,0,0,0
empty_tensor,,,5.039,5.039,0,0,0,0
aten::view,,,0.99,0.99,0,0,0,0
aten::view,,,0.67,0.67,0,0,0,0
aten::view,,,0.684,0.684,0,0,0,0
aten::view,,,0.435,0.435,0,0,0,0
vllm::unified_attention_with_output,,,97.199,1121.163,0,26.74,0,0
P13/1025334/00378/attention,,,294.73,1023.964,0,26.74,0,0
aten::slice,,,1.547,3.075,0,0,0,0
aten::as_strided,,,1.528,1.528,0,0,0,0
aten::slice,,,1.034,1.42,0,0,0,0
aten::as_strided,,,0.386,0.386,0,0,0,0
aten::slice,,,2.509,3.444,0,0,0,0
aten::as_strided,,,0.935,0.935,0,0,0,0
P13/1025334/00379/cache_write,,,145.224,259.022,0,2.16,0,0
P13/1025334/00380/torch_api,,,82.055,113.798,0,2.16,0,0
atb::_npu_reshape_and_cache,,,27.826,31.743,0,2.16,0,0
ReshapeCacheOperation,,,3.917,3.917,2.16,2.16,0,0
P13/1025334/00381/fia,,,240.563,446.111,0,24.58,0,0
aten::view,,,3.204,3.204,0,0,0,0
aten::view,,,1.063,1.063,0,0,0,0
aten::slice,,,0.8,1.955,0,0,0,0
aten::as_strided,,,1.155,1.155,0,0,0,0
P13/1025334/00382/torch_api,,,117.167,169.591,0,24.0,0,0
npu::npu_fused_infer_attention_score,,,41.448,52.424,0,24.0,0,0
empty_tensor,,,4.781,4.781,0,0,0,0
empty_tensor,,,1.203,1.203,0,0,0,0
empty_tensor,,,0.84,0.84,0,0,0,0
empty_tensor,,,0.706,0.706,0,0,0,0
aclnnFusedInferAttentionScoreV3,,,3.446,3.446,24.0,24.0,0,0
aten::view,,,1.568,1.568,0,0,0,0
aten::slice,,,0.742,1.795,0,0,0,0
aten::as_strided,,,1.053,1.053,0,0,0,0
aten::copy_,,,23.49,26.372,0,0.58,0,0
aclnnInplaceCopy,,,2.882,2.882,0.58,0.58,0,0
aten::slice,,,0.739,1.72,0,0,0,0
aten::as_strided,,,0.981,0.981,0,0,0,0
aten::copy_,,,11.649,14.442,0,0,0,0
aclnnInplaceCopy,,,2.793,2.793,0,0,0,0
aten::view,,,1.277,1.277,0,0,0,0
vllm::unquantized_gemm,,,72.805,173.019,0,5.821,0,5.821
P13/1025334/00383/linear,,,79.364,100.214,0,5.821,0,5.821
aten::linear,,,1.773,20.85,0,5.821,0,5.821
aten::t,,,2.267,4.887,0,0,0,0
aten::transpose,,,1.217,2.62,0,0,0,0
aten::as_strided,,,1.403,1.403,0,0,0,0
aten::matmul,,,7.456,14.19,0,5.821,0,5.821
empty_tensor,,,3.781,3.781,0,0,0,0
aclnnMatmul,,,2.953,2.953,5.821,5.821,5.821,5.821
vllm::maybe_chunk_residual,,,7.518,7.518,0,0,0,0
_C_ascend::npu_add_rms_norm_bias,,,15.33,34.462,0,1.74,0,0
aten::empty,,,1.063,4.0,0,0,0,0
empty_tensor,,,2.937,2.937,0,0,0,0
aten::empty,,,0.319,1.712,0,0,0,0
empty_tensor,,,1.393,1.393,0,0,0,0
aten::empty,,,0.375,1.393,0,0,0,0
empty_tensor,,,1.018,1.018,0,0,0,0
aten::empty,,,0.408,2.564,0,0,0,0
empty_tensor,,,2.156,2.156,0,0,0,0
aclnnAddRmsNormBias,,,9.463,9.463,1.74,1.74,0,0
vllm::unquantized_gemm,,,74.794,179.694,0,19.361,0,19.361
P13/1025334/00384/linear,,,88.226,104.9,0,19.361,0,19.361
aten::linear,,,1.361,16.674,0,19.361,0,19.361
aten::t,,,1.462,3.918,0,0,0,0
aten::transpose,,,0.867,2.456,0,0,0,0
aten::as_strided,,,1.589,1.589,0,0,0,0
aten::matmul,,,6.06,11.395,0,19.361,0,19.361
empty_tensor,,,2.586,2.586,0,0,0,0
aclnnMatmul,,,2.749,2.749,19.361,19.361,19.361,19.361
npu::npu_swiglu,,,16.004,20.743,0,3.06,0,0
empty_tensor,,,2.186,2.186,0,0,0,0
aclnnSwiGlu,,,2.553,2.553,3.06,3.06,0,0
vllm::unquantized_gemm,,,69.049,163.964,0,16.74,0,16.74
P13/1025334/00385/linear,,,81.044,94.915,0,16.74,0,16.74
aten::linear,,,1.002,13.871,0,16.74,0,16.74
aten::t,,,1.17,3.224,0,0,0,0
aten::transpose,,,0.698,2.054,0,0,0,0
aten::as_strided,,,1.356,1.356,0,0,0,0
aten::matmul,,,4.762,9.645,0,16.74,0,16.74
empty_tensor,,,2.12,2.12,0,0,0,0
aclnnMatmul,,,2.763,2.763,16.74,16.74,16.74,16.74
vllm::maybe_chunk_residual,,,7.035,7.035,0,0,0,0
_C_ascend::npu_add_rms_norm_bias,,,12.924,23.862,0,1.76,0,0
aten::empty,,,0.752,2.987,0,0,0,0
empty_tensor,,,2.235,2.235,0,0,0,0
aten::empty,,,0.355,1.533,0,0,0,0
empty_tensor,,,1.178,1.178,0,0,0,0
aten::empty,,,0.374,1.302,0,0,0,0
empty_tensor,,,0.928,0.928,0,0,0,0
aten::empty,,,0.363,2.031,0,0,0,0
empty_tensor,,,1.668,1.668,0,0,0,0
aclnnAddRmsNormBias,,,3.085,3.085,1.76,1.76,0,0
vllm::unquantized_gemm,,,70.891,167.551,0,9.1,0,7.68
P13/1025334/00386/linear,,,79.567,96.66,0,9.1,0,7.68
aten::linear,,,1.364,17.093,0,9.1,0,7.68
aten::t,,,1.123,3.069,0,0,0,0
aten::transpose,,,0.761,1.946,0,0,0,0
aten::as_strided,,,1.185,1.185,0,0,0,0
aten::addmm,,,7.728,12.66,0,9.1,0,7.68
empty_tensor,,,2.145,2.145,0,0,0,0
aclnnAddmm,,,2.787,2.787,9.1,9.1,7.68,7.68
aten::split_with_sizes,,,2.066,3.736,0,0,0,0
aten::as_strided,,,1.11,1.11,0,0,0,0
aten::as_strided,,,0.251,0.251,0,0,0,0
aten::as_strided,,,0.309,0.309,0,0,0,0
vllm::npu_rotary_embedding,,,171.144,882.264,0,2.9,0,0
aten::view,,,1.4,1.4,0,0,0,0
aten::view,,,2.475,2.475,0,0,0,0
P13/1025334/00387/jit_run,,,548.989,703.909,0,2.9,0,0
P13/1025334/00388/launch,,,149.991,154.92,0,2.9,0,0
_triton_rope,,,4.929,4.929,2.9,2.9,0,0
aten::view,,,2.826,2.826,0,0,0,0
aten::view,,,0.51,0.51,0,0,0,0
aten::empty,,,1.229,6.315,0,0,0,0
empty_tensor,,,5.086,5.086,0,0,0,0
aten::view,,,0.925,0.925,0,0,0,0
aten::view,,,0.658,0.658,0,0,0,0
aten::view,,,0.593,0.593,0,0,0,0
aten::view,,,0.433,0.433,0,0,0,0
vllm::unified_attention_with_output,,,96.913,1116.522,0,25.461,0,0
P13/1025334/00389/attention,,,295.346,1019.609,0,25.461,0,0
aten::slice,,,1.421,2.818,0,0,0,0
aten::as_strided,,,1.397,1.397,0,0,0,0
aten::slice,,,0.455,0.978,0,0,0,0
aten::as_strided,,,0.523,0.523,0,0,0,0
aten::slice,,,2.487,3.233,0,0,0,0
aten::as_strided,,,0.746,0.746,0,0,0,0
P13/1025334/00390/cache_write,,,147.898,259.807,0,1.74,0,0
P13/1025334/00391/torch_api,,,87.636,111.909,0,1.74,0,0
atb::_npu_reshape_and_cache,,,17.306,24.273,0,1.74,0,0
ReshapeCacheOperation,,,6.967,6.967,1.74,1.74,0,0
P13/1025334/00392/fia,,,236.645,440.405,0,23.721,0,0
aten::view,,,3.43,3.43,0,0,0,0
aten::view,,,1.033,1.033,0,0,0,0
aten::slice,,,2.456,3.638,0,0,0,0
aten::as_strided,,,1.182,1.182,0,0,0,0
P13/1025334/00393/torch_api,,,112.161,165.652,0,23.101,0,0
npu::npu_fused_infer_attention_score,,,42.311,53.491,0,23.101,0,0
empty_tensor,,,4.748,4.748,0,0,0,0
empty_tensor,,,1.239,1.239,0,0,0,0
empty_tensor,,,0.797,0.797,0,0,0,0
empty_tensor,,,0.741,0.741,0,0,0,0
aclnnFusedInferAttentionScoreV3,,,3.655,3.655,23.101,23.101,0,0
aten::view,,,1.628,1.628,0,0,0,0
aten::slice,,,0.766,1.841,0,0,0,0
aten::as_strided,,,1.075,1.075,0,0,0,0
aten::copy_,,,23.539,26.538,0,0.62,0,0
aclnnInplaceCopy,,,2.999,2.999,0.62,0.62,0,0
aten::slice,,,0.543,1.513,0,0,0,0
aten::as_strided,,,0.97,0.97,0,0,0,0
aten::copy_,,,10.455,15.509,0,0,0,0
aclnnInplaceCopy,,,5.054,5.054,0,0,0,0
aten::view,,,1.242,1.242,0,0,0,0
vllm::unquantized_gemm,,,73.403,169.738,0,5.661,0,5.661
P13/1025334/00394/linear,,,75.583,96.335,0,5.661,0,5.661
aten::linear,,,1.824,20.752,0,5.661,0,5.661
aten::t,,,2.245,4.914,0,0,0,0
aten::transpose,,,1.175,2.669,0,0,0,0
aten::as_strided,,,1.494,1.494,0,0,0,0
aten::matmul,,,7.539,14.014,0,5.661,0,5.661
empty_tensor,,,3.792,3.792,0,0,0,0
aclnnMatmul,,,2.683,2.683,5.661,5.661,5.661,5.661
vllm::maybe_chunk_residual,,,7.396,7.396,0,0,0,0
_C_ascend::npu_add_rms_norm_bias,,,15.879,29.781,0,1.8,0,0
aten::empty,,,1.074,4.163,0,0,0,0
empty_tensor,,,3.089,3.089,0,0,0,0
aten::empty,,,0.421,1.577,0,0,0,0
empty_tensor,,,1.156,1.156,0,0,0,0
aten::empty,,,0.275,1.911,0,0,0,0
empty_tensor,,,1.636,1.636,0,0,0,0
aten::empty,,,0.423,2.803,0,0,0,0
empty_tensor,,,2.38,2.38,0,0,0,0
aclnnAddRmsNormBias,,,3.448,3.448,1.8,1.8,0,0
vllm::unquantized_gemm,,,69.08,160.808,0,19.94,0,19.94
P13/1025334/00395/linear,,,76.035,91.728,0,19.94,0,19.94
aten::linear,,,1.21,15.693,0,19.94,0,19.94
aten::t,,,1.572,3.651,0,0,0,0
aten::transpose,,,0.756,2.079,0,0,0,0
aten::as_strided,,,1.323,1.323,0,0,0,0
aten::matmul,,,5.708,10.832,0,19.94,0,19.94
empty_tensor,,,2.206,2.206,0,0,0,0
aclnnMatmul,,,2.918,2.918,19.94,19.94,19.94,19.94
npu::npu_swiglu,,,14.429,19.139,0,3.0,0,0
empty_tensor,,,2.084,2.084,0,0,0,0
aclnnSwiGlu,,,2.626,2.626,3.0,3.0,0,0
vllm::unquantized_gemm,,,73.685,178.323,0,16.641,0,16.641
P13/1025334/00396/linear,,,84.106,104.638,0,16.641,0,16.641
aten::linear,,,1.075,20.532,0,16.641,0,16.641
aten::t,,,1.189,3.089,0,0,0,0
aten::transpose,,,0.685,1.9,0,0,0,0
aten::as_strided,,,1.215,1.215,0,0,0,0
aten::matmul,,,4.753,16.368,0,16.641,0,16.641
empty_tensor,,,2.006,2.006,0,0,0,0
aclnnMatmul,,,9.609,9.609,16.641,16.641,16.641,16.641
vllm::maybe_chunk_residual,,,7.28,7.28,0,0,0,0
_C_ascend::npu_add_rms_norm_bias,,,13.504,24.819,0,1.761,0,0
aten::empty,,,0.678,3.025,0,0,0,0
empty_tensor,,,2.347,2.347,0,0,0,0
aten::empty,,,0.26,1.452,0,0,0,0
empty_tensor,,,1.192,1.192,0,0,0,0
aten::empty,,,0.475,1.232,0,0,0,0
empty_tensor,,,0.757,0.757,0,0,0,0
aten::empty,,,0.835,2.523,0,0,0,0
empty_tensor,,,1.688,1.688,0,0,0,0
aclnnAddRmsNormBias,,,3.083,3.083,1.761,1.761,0,0
vllm::unquantized_gemm,,,74.182,179.456,0,8.58,0,7.42
P13/1025334/00397/linear,,,87.723,105.274,0,8.58,0,7.42
aten::linear,,,1.503,17.551,0,8.58,0,7.42
aten::t,,,1.306,3.325,0,0,0,0
aten::transpose,,,0.676,2.019,0,0,0,0
aten::as_strided,,,1.343,1.343,0,0,0,0
aten::addmm,,,7.84,12.723,0,8.58,0,7.42
empty_tensor,,,2.21,2.21,0,0,0,0
aclnnAddmm,,,2.673,2.673,8.58,8.58,7.42,7.42
aten::split_with_sizes,,,1.821,3.539,0,0,0,0
aten::as_strided,,,1.102,1.102,0,0,0,0
aten::as_strided,,,0.24,0.24,0,0,0,0
aten::as_strided,,,0.376,0.376,0,0,0,0
vllm::npu_rotary_embedding,,,168.923,855.633,0,3.1,0,0
aten::view,,,1.403,1.403,0,0,0,0
aten::view,,,0.525,0.525,0,0,0,0
P13/1025334/00398/jit_run,,,532.94,681.721,0,3.1,0,0
P13/1025334/00399/launch,,,144.61,148.781,0,3.1,0,0
_triton_rope,,,4.171,4.171,3.1,3.1,0,0
aten::view,,,2.46,2.46,0,0,0,0
aten::view,,,0.601,0.601,0,0,0,0
aten::empty,,,1.081,5.463,0,0,0,0
empty_tensor,,,4.382,4.382,0,0,0,0
aten::view,,,1.033,1.033,0,0,0,0
aten::view,,,0.546,0.546,0,0,0,0
aten::view,,,0.483,0.483,0,0,0,0
aten::view,,,0.431,0.431,0,0,0,0
vllm::unified_attention_with_output,,,98.388,1099.611,0,22.561,0,0
P13/1025334/00400/attention,,,288.419,1001.223,0,22.561,0,0
aten::slice,,,1.339,2.746,0,0,0,0
aten::as_strided,,,1.407,1.407,0,0,0,0
aten::slice,,,0.439,0.81,0,0,0,0
aten::as_strided,,,0.371,0.371,0,0,0,0
aten::slice,,,2.65,3.366,0,0,0,0
aten::as_strided,,,0.716,0.716,0,0,0,0
P13/1025334/00401/cache_write,,,140.871,240.649,0,2.14,0,0
P13/1025334/00402/torch_api,,,79.314,99.778,0,2.14,0,0
atb::_npu_reshape_and_cache,,,17.171,20.464,0,2.14,0,0
ReshapeCacheOperation,,,3.293,3.293,2.14,2.14,0,0
P13/1025334/00403/fia,,,239.907,446.523,0,20.421,0,0
aten::view,,,3.253,3.253,0,0,0,0
aten::view,,,0.959,0.959,0,0,0,0
aten::slice,,,0.752,1.672,0,0,0,0
aten::as_strided,,,0.92,0.92,0,0,0,0
P13/1025334/00404/torch_api,,,116.757,169.974,0,19.861,0,0
npu::npu_fused_infer_attention_score,,,41.675,53.217,0,19.861,0,0
empty_tensor,,,5.047,5.047,0,0,0,0
empty_tensor,,,1.304,1.304,0,0,0,0
empty_tensor,,,0.801,0.801,0,0,0,0
empty_tensor,,,0.899,0.899,0,0,0,0
aclnnFusedInferAttentionScoreV3,,,3.491,3.491,19.861,19.861,0,0
aten::view,,,1.552,1.552,0,0,0,0
aten::slice,,,0.816,2.511,0,0,0,0
aten::as_strided,,,1.695,1.695,0,0,0,0
aten::copy_,,,23.878,26.695,0,0.56,0,0
aclnnInplaceCopy,,,2.817,2.817,0.56,0.56,0,0
aten::slice,,,0.636,1.649,0,0,0,0
aten::as_strided,,,1.013,1.013,0,0,0,0
aten::copy_,,,11.382,17.061,0,0,0,0
aclnnInplaceCopy,,,5.679,5.679,0,0,0,0
aten::view,,,1.247,1.247,0,0,0,0
vllm::unquantized_gemm,,,72.77,175.846,0,5.78,0,5.78
P13/1025334/00405/linear,,,80.177,103.076,0,5.78,0,5.78
aten::linear,,,1.95,22.899,0,5.78,0,5.78
aten::t,,,2.397,5.315,0,0,0,0
aten::transpose,,,1.178,2.918,0,0,0,0
aten::as_strided,,,1.74,1.74,0,0,0,0
aten::matmul,,,8.265,15.634,0,5.78,0,5.78
empty_tensor,,,4.676,4.676,0,0,0,0
aclnnMatmul,,,2.693,2.693,5.78,5.78,5.78,5.78
vllm::maybe_chunk_residual,,,7.707,7.707,0,0,0,0
_C_ascend::npu_add_rms_norm_bias,,,16.491,30.128,0,1.74,0,0
aten::empty,,,1.164,4.084,0,0,0,0
empty_tensor,,,2.92,2.92,0,0,0,0
aten::empty,,,0.371,1.759,0,0,0,0
empty_tensor,,,1.388,1.388,0,0,0,0
aten::empty,,,0.385,1.65,0,0,0,0
empty_tensor,,,1.265,1.265,0,0,0,0
aten::empty,,,0.43,2.786,0,0,0,0
empty_tensor,,,2.356,2.356,0,0,0,0
aclnnAddRmsNormBias,,,3.358,3.358,1.74,1.74,0,0
vllm::unquantized_gemm,,,75.867,167.972,0,19.421,0,19.421
P13/1025334/00406/linear,,,76.221,92.105,0,19.421,0,19.421
aten::linear,,,1.197,15.884,0,19.421,0,19.421
aten::t,,,1.429,3.766,0,0,0,0
aten::transpose,,,0.755,2.337,0,0,0,0
aten::as_strided,,,1.582,1.582,0,0,0,0
aten::matmul,,,5.694,10.921,0,19.421,0,19.421
empty_tensor,,,2.453,2.453,0,0,0,0
aclnnMatmul,,,2.774,2.774,19.421,19.421,19.421,19.421
npu::npu_swiglu,,,14.618,20.235,0,2.9,0,0
empty_tensor,,,3.025,3.025,0,0,0,0
aclnnSwiGlu,,,2.592,2.592,2.9,2.9,0,0
vllm::unquantized_gemm,,,66.709,157.003,0,16.961,0,16.961
P13/1025334/00407/linear,,,73.486,90.294,0,16.961,0,16.961
aten::linear,,,1.154,16.808,0,16.961,0,16.961
aten::t,,,1.186,3.127,0,0,0,0
aten::transpose,,,0.602,1.941,0,0,0,0
aten::as_strided,,,1.339,1.339,0,0,0,0
aten::matmul,,,4.693,12.527,0,16.961,0,16.961
empty_tensor,,,1.975,1.975,0,0,0,0
aclnnMatmul,,,5.859,5.859,16.961,16.961,16.961,16.961
vllm::maybe_chunk_residual,,,6.944,6.944,0,0,0,0
_C_ascend::npu_add_rms_norm_bias,,,12.644,23.714,0,1.66,0,0
aten::empty,,,0.798,3.113,0,0,0,0
empty_tensor,,,2.315,2.315,0,0,0,0
aten::empty,,,0.257,1.088,0,0,0,0
empty_tensor,,,0.831,0.831,0,0,0,0
aten::empty,,,0.49,1.69,0,0,0,0
empty_tensor,,,1.2,1.2,0,0,0,0
aten::empty,,,0.544,2.216,0,0,0,0
empty_tensor,,,1.672,1.672,0,0,0,0
aclnnAddRmsNormBias,,,2.963,2.963,1.66,1.66,0,0
vllm::unquantized_gemm,,,76.069,185.626,0,9.100999999999999,0,7.941
P13/1025334/00408/linear,,,91.431,109.557,0,9.100999999999999,0,7.941
aten::linear,,,1.52,18.126,0,9.100999999999999,0,7.941
aten::t,,,1.202,3.175,0,0,0,0
aten::transpose,,,0.66,1.973,0,0,0,0
aten::as_strided,,,1.313,1.313,0,0,0,0
aten::addmm,,,8.072,13.431,0,9.100999999999999,0,7.941
empty_tensor,,,2.265,2.265,0,0,0,0
aclnnAddmm,,,3.094,3.094,9.100999999999999,9.100999999999999,7.941,7.941
aten::split_with_sizes,,,1.755,3.562,0,0,0,0
aten::as_strided,,,1.212,1.212,0,0,0,0
aten::as_strided,,,0.258,0.258,0,0,0,0
aten::as_strided,,,0.337,0.337,0,0,0,0
vllm::npu_rotary_embedding,,,168.741,876.326,0,2.94,0,0
aten::view,,,1.317,1.317,0,0,0,0
aten::view,,,0.554,0.554,0,0,0,0
P13/1025334/00409/jit_run,,,553.408,702.673,0,2.94,0,0
P13/1025334/00410/launch,,,138.169,149.265,0,2.94,0,0
_triton_rope,,,11.096,11.096,2.94,2.94,0,0
aten::view,,,2.445,2.445,0,0,0,0
aten::view,,,0.596,0.596,0,0,0,0
aten::empty,,,1.116,5.602,0,0,0,0
empty_tensor,,,4.486,4.486,0,0,0,0
aten::view,,,0.896,0.896,0,0,0,0
aten::view,,,0.563,0.563,0,0,0,0
aten::view,,,0.504,0.504,0,0,0,0
aten::view,,,0.469,0.469,0,0,0,0
vllm::unified_attention_with_output,,,99.973,1088.342,0,23.841,0,0
P13/1025334/00411/attention,,,291.942,988.369,0,23.841,0,0
aten::slice,,,1.199,2.619,0,0,0,0
aten::as_strided,,,1.42,1.42,0,0,0,0
aten::slice,,,0.474,1.002,0,0,0,0
aten::as_strided,,,0.528,0.528,0,0,0,0
aten::slice,,,2.465,3.341,0,0,0,0
aten::as_strided,,,0.876,0.876,0,0,0,0
P13/1025334/00412/cache_write,,,143.259,244.966,0,1.56,0,0
P13/1025334/00413/torch_api,,,78.332,101.707,0,1.56,0,0
atb::_npu_reshape_and_cache,,,18.013,23.375,0,1.56,0,0
ReshapeCacheOperation,,,5.362,5.362,1.56,1.56,0,0
P13/1025334/00414/fia,,,235.535,429.859,0,22.281000000000002,0,0
aten::view,,,3.03,3.03,0,0,0,0
aten::view,,,1.049,1.049,0,0,0,0
aten::slice,,,0.699,1.63,0,0,0,0
aten::as_strided,,,0.931,0.931,0,0,0,0
P13/1025334/00415/torch_api,,,106.221,159.136,0,21.661,0,0
npu::npu_fused_infer_attention_score,,,41.604,52.915,0,21.661,0,0
empty_tensor,,,4.388,4.388,0,0,0,0
empty_tensor,,,1.573,1.573,0,0,0,0
empty_tensor,,,1.015,1.015,0,0,0,0
empty_tensor,,,0.918,0.918,0,0,0,0
aclnnFusedInferAttentionScoreV3,,,3.417,3.417,21.661,21.661,0,0
aten::view,,,1.553,1.553,0,0,0,0
aten::slice,,,0.752,1.819,0,0,0,0
aten::as_strided,,,1.067,1.067,0,0,0,0
aten::copy_,,,23.528,26.107,0,0.62,0,0
aclnnInplaceCopy,,,2.579,2.579,0.62,0.62,0,0
aten::slice,,,0.575,1.587,0,0,0,0
aten::as_strided,,,1.012,1.012,0,0,0,0
aten::copy_,,,10.398,13.053,0,0,0,0
aclnnInplaceCopy,,,2.655,2.655,0,0,0,0
aten::view,,,1.255,1.255,0,0,0,0
vllm::unquantized_gemm,,,79.187,184.368,0,6.06,0,6.06
P13/1025334/00416/linear,,,83.974,105.181,0,6.06,0,6.06
aten::linear,,,1.721,21.207,0,6.06,0,6.06
aten::t,,,2.159,4.919,0,0,0,0
aten::transpose,,,1.1,2.76,0,0,0,0
aten::as_strided,,,1.66,1.66,0,0,0,0
aten::matmul,,,7.593,14.567,0,6.06,0,6.06
empty_tensor,,,3.924,3.924,0,0,0,0
aclnnMatmul,,,3.05,3.05,6.06,6.06,6.06,6.06
vllm::maybe_chunk_residual,,,7.954,7.954,0,0,0,0
_C_ascend::npu_add_rms_norm_bias,,,16.514,32.601,0,1.7,0,0
aten::empty,,,1.124,4.404,0,0,0,0
empty_tensor,,,3.28,3.28,0,0,0,0
aten::empty,,,2.488,3.986,0,0,0,0
empty_tensor,,,1.498,1.498,0,0,0,0
aten::empty,,,0.45,1.474,0,0,0,0
empty_tensor,,,1.024,1.024,0,0,0,0
aten::empty,,,0.614,2.788,0,0,0,0
empty_tensor,,,2.174,2.174,0,0,0,0
aclnnAddRmsNormBias,,,3.435,3.435,1.7,1.7,0,0
vllm::unquantized_gemm,,,70.555,169.37,0,19.121,0,19.121
P13/1025334/00417/linear,,,78.409,98.815,0,19.121,0,19.121
aten::linear,,,1.426,20.406,0,19.121,0,19.121
aten::t,,,1.624,4.174,0,0,0,0
aten::transpose,,,1.018,2.55,0,0,0,0
aten::as_strided,,,1.532,1.532,0,0,0,0
aten::matmul,,,6.181,14.806,0,19.121,0,19.121
empty_tensor,,,2.401,2.401,0,0,0,0
aclnnMatmul,,,6.224,6.224,19.121,19.121,19.121,19.121
npu::npu_swiglu,,,14.68,19.614,0,2.92,0,0
empty_tensor,,,2.153,2.153,0,0,0,0
aclnnSwiGlu,,,2.781,2.781,2.92,2.92,0,0
vllm::unquantized_gemm,,,66.562,154.902,0,16.52,0,16.52
P13/1025334/00418/linear,,,75.217,88.34,0,16.52,0,16.52
aten::linear,,,1.061,13.123,0,16.52,0,16.52
aten::t,,,1.234,3.181,0,0,0,0
aten::transpose,,,0.678,1.947,0,0,0,0
aten::as_strided,,,1.269,1.269,0,0,0,0
aten::matmul,,,4.527,8.881,0,16.52,0,16.52
empty_tensor,,,1.883,1.883,0,0,0,0
aclnnMatmul,,,2.471,2.471,16.52,16.52,16.52,16.52
vllm::maybe_chunk_residual,,,7.325,7.325,0,0,0,0
_C_ascend::npu_add_rms_norm_bias,,,12.905,26.189,0,1.62,0,0
aten::empty,,,0.748,3.087,0,0,0,0
empty_tensor,,,2.339,2.339,0,0,0,0
aten::empty,,,0.272,3.059,0,0,0,0
empty_tensor,,,2.787,2.787,0,0,0,0
aten::empty,,,0.353,1.521,0,0,0,0
empty_tensor,,,1.168,1.168,0,0,0,0
aten::empty,,,0.377,2.482,0,0,0,0
empty_tensor,,,2.105,2.105,0,0,0,0
aclnnAddRmsNormBias,,,3.135,3.135,1.62,1.62,0,0
vllm::unquantized_gemm,,,78.838,198.321,0,8.4,0,7.3
P13/1025334/00419/linear,,,100.614,119.483,0,8.4,0,7.3
aten::linear,,,1.522,18.869,0,8.4,0,7.3
aten::t,,,1.47,3.875,0,0,0,0
aten::transpose,,,0.81,2.405,0,0,0,0
aten::as_strided,,,1.595,1.595,0,0,0,0
aten::addmm,,,8.463,13.472,0,8.4,0,7.3
empty_tensor,,,2.304,2.304,0,0,0,0
aclnnAddmm,,,2.705,2.705,8.4,8.4,7.3,7.3
aten::split_with_sizes,,,1.879,3.684,0,0,0,0
aten::as_strided,,,1.126,1.126,0,0,0,0
aten::as_strided,,,0.239,0.239,0,0,0,0
aten::as_strided,,,0.44,0.44,0,0,0,0
vllm::npu_rotary_embedding,,,169.992,867.973,0,2.8,0,0
aten::view,,,1.38,1.38,0,0,0,0
aten::view,,,0.761,0.761,0,0,0,0
P13/1025334/00420/jit_run,,,544.175,692.503,0,2.8,0,0
P13/1025334/00421/launch,,,142.297,148.328,0,2.8,0,0
_triton_rope,,,6.031,6.031,2.8,2.8,0,0
aten::view,,,2.718,2.718,0,0,0,0
aten::view,,,0.619,0.619,0,0,0,0
aten::empty,,,1.083,5.896,0,0,0,0
empty_tensor,,,4.813,4.813,0,0,0,0
aten::view,,,0.853,0.853,0,0,0,0
aten::view,,,1.242,1.242,0,0,0,0
aten::view,,,0.64,0.64,0,0,0,0
aten::view,,,0.622,0.622,0,0,0,0
vllm::unified_attention_with_output,,,104.545,1121.576,0,21.18,0,0
P13/1025334/00422/attention,,,303.269,1017.031,0,21.18,0,0
aten::slice,,,1.311,2.703,0,0,0,0
aten::as_strided,,,1.392,1.392,0,0,0,0
aten::slice,,,0.635,1.4,0,0,0,0
aten::as_strided,,,0.765,0.765,0,0,0,0
aten::slice,,,2.525,3.414,0,0,0,0
aten::as_strided,,,0.889,0.889,0,0,0,0
P13/1025334/00423/cache_write,,,153.382,256.279,0,2.26,0,0
P13/1025334/00424/torch_api,,,81.653,102.897,0,2.26,0,0
atb::_npu_reshape_and_cache,,,17.735,21.244,0,2.26,0,0
ReshapeCacheOperation,,,3.509,3.509,2.26,2.26,0,0
P13/1025334/00425/fia,,,231.406,433.659,0,18.919999999999998,0,0
aten::view,,,3.203,3.203,0,0,0,0
aten::view,,,0.928,0.928,0,0,0,0
aten::slice,,,0.683,1.662,0,0,0,0
aten::as_strided,,,0.979,0.979,0,0,0,0
P13/1025334/00426/torch_api,,,106.724,160.133,0,18.34,0,0
npu::npu_fused_infer_attention_score,,,42.515,53.409,0,18.34,0,0
empty_tensor,,,4.673,4.673,0,0,0,0
empty_tensor,,,1.222,1.222,0,0,0,0
empty_tensor,,,0.827,0.827,0,0,0,0
empty_tensor,,,1.089,1.089,0,0,0,0
aclnnFusedInferAttentionScoreV3,,,3.083,3.083,18.34,18.34,0,0
aten::view,,,1.52,1.52,0,0,0,0
aten::slice,,,0.675,1.707,0,0,0,0
aten::as_strided,,,1.032,1.032,0,0,0,0
aten::copy_,,,23.544,33.1,0,0.58,0,0
aclnnInplaceCopy,,,9.556,9.556,0.58,0.58,0,0
aten::slice,,,0.682,1.774,0,0,0,0
aten::as_strided,,,1.092,1.092,0,0,0,0
aten::copy_,,,11.949,14.533,0,0,0,0
aclnnInplaceCopy,,,2.584,2.584,0,0,0,0
aten::view,,,1.275,1.275,0,0,0,0
vllm::unquantized_gemm,,,74.465,177.214,0,5.8,0,5.8
P13/1025334/00427/linear,,,81.54,102.749,0,5.8,0,5.8
aten::linear,,,1.825,21.209,0,5.8,0,5.8
aten::t,,,2.271,4.948,0,0,0,0
aten::transpose,,,1.237,2.677,0,0,0,0
aten::as_strided,,,1.44,1.44,0,0,0,0
aten::matmul,,,7.479,14.436,0,5.8,0,5.8
empty_tensor,,,4.064,4.064,0,0,0,0
aclnnMatmul,,,2.893,2.893,5.8,5.8,5.8,5.8
vllm::maybe_chunk_residual,,,7.418,7.418,0,0,0,0
_C_ascend::npu_add_rms_norm_bias,,,15.994,28.516,0,1.641,0,0
aten::empty,,,1.029,4.042,0,0,0,0
empty_tensor,,,3.013,3.013,0,0,0,0
aten::empty,,,0.408,1.548,0,0,0,0
empty_tensor,,,1.14,1.14,0,0,0,0
aten::empty,,,0.212,1.093,0,0,0,0
empty_tensor,,,0.881,0.881,0,0,0,0
aten::empty,,,0.555,2.632,0,0,0,0
empty_tensor,,,2.077,2.077,0,0,0,0
aclnnAddRmsNormBias,,,3.207,3.207,1.641,1.641,0,0
vllm::unquantized_gemm,,,74.782,172.387,0,21.781,0,21.781
P13/1025334/00428/linear,,,79.629,97.605,0,21.781,0,21.781
aten::linear,,,1.386,17.976,0,21.781,0,21.781
aten::t,,,1.523,3.827,0,0,0,0
aten::transpose,,,0.88,2.304,0,0,0,0
aten::as_strided,,,1.424,1.424,0,0,0,0
aten::matmul,,,7.707,12.763,0,21.781,0,21.781
empty_tensor,,,2.296,2.296,0,0,0,0
aclnnMatmul,,,2.76,2.76,21.781,21.781,21.781,21.781
npu::npu_swiglu,,,14.812,19.695,0,4.54,0,0
empty_tensor,,,2.128,2.128,0,0,0,0
aclnnSwiGlu,,,2.755,2.755,4.54,4.54,0,0
vllm::unquantized_gemm,,,66.596,152.006,0,16.601,0,16.601
P13/1025334/00429/linear,,,72.154,85.41,0,16.601,0,16.601
aten::linear,,,0.981,13.256,0,16.601,0,16.601
aten::t,,,1.195,3.204,0,0,0,0
aten::transpose,,,0.734,2.009,0,0,0,0
aten::as_strided,,,1.275,1.275,0,0,0,0
aten::matmul,,,4.586,9.071,0,16.601,0,16.601
empty_tensor,,,2.003,2.003,0,0,0,0
aclnnMatmul,,,2.482,2.482,16.601,16.601,16.601,16.601
vllm::maybe_chunk_residual,,,6.742,6.742,0,0,0,0
_C_ascend::npu_add_rms_norm_bias,,,14.852,30.687,0,2.12,0,0
aten::empty,,,0.92,3.845,0,0,0,0
empty_tensor,,,2.925,2.925,0,0,0,0
aten::empty,,,0.382,1.67,0,0,0,0
empty_tensor,,,1.288,1.288,0,0,0,0
aten::empty,,,0.343,1.584,0,0,0,0
empty_tensor,,,1.241,1.241,0,0,0,0
aten::empty,,,0.666,2.572,0,0,0,0
empty_tensor,,,1.906,1.906,0,0,0,0
aclnnAddRmsNormBias,,,6.164,6.164,2.12,2.12,0,0
vllm::unquantized_gemm,,,70.529,170.938,0,8.94,0,7.68
P13/1025334/00430/linear,,,81.674,100.409,0,8.94,0,7.68
aten::linear,,,1.402,18.735,0,8.94,0,7.68
aten::t,,,1.453,3.679,0,0,0,0
aten::transpose,,,0.799,2.226,0,0,0,0
aten::as_strided,,,1.427,1.427,0,0,0,0
aten::addmm,,,8.943,13.654,0,8.94,0,7.68
empty_tensor,,,2.186,2.186,0,0,0,0
aclnnAddmm,,,2.525,2.525,8.94,8.94,7.68,7.68
aten::split_with_sizes,,,1.911,3.777,0,0,0,0
aten::as_strided,,,1.196,1.196,0,0,0,0
aten::as_strided,,,0.265,0.265,0,0,0,0
aten::as_strided,,,0.405,0.405,0,0,0,0
vllm::npu_rotary_embedding,,,168.388,888.872,0,2.98,0,0
aten::view,,,1.356,1.356,0,0,0,0
aten::view,,,0.502,0.502,0,0,0,0
P13/1025334/00431/jit_run,,,564.042,715.274,0,2.98,0,0
P13/1025334/00432/launch,,,146.497,151.232,0,2.98,0,0
_triton_rope,,,4.735,4.735,2.98,2.98,0,0
aten::view,,,2.699,2.699,0,0,0,0
aten::view,,,0.653,0.653,0,0,0,0
aten::empty,,,1.16,5.954,0,0,0,0
empty_tensor,,,4.794,4.794,0,0,0,0
aten::view,,,0.815,0.815,0,0,0,0
aten::view,,,0.497,0.497,0,0,0,0
aten::view,,,0.444,0.444,0,0,0,0
aten::view,,,0.428,0.428,0,0,0,0
vllm::unified_attention_with_output,,,96.6,1088.405,0,25.221,0,0
P13/1025334/00433/attention,,,289.295,991.805,0,25.221,0,0
aten::slice,,,1.33,2.784,0,0,0,0
aten::as_strided,,,1.454,1.454,0,0,0,0
aten::slice,,,0.364,0.764,0,0,0,0
aten::as_strided,,,0.4,0.4,0,0,0,0
aten::slice,,,2.586,3.378,0,0,0,0
aten::as_strided,,,0.792,0.792,0,0,0,0
P13/1025334/00434/cache_write,,,147.905,251.926,0,1.78,0,0
P13/1025334/00435/torch_api,,,82.524,104.021,0,1.78,0,0
atb::_npu_reshape_and_cache,,,17.852,21.497,0,1.78,0,0
ReshapeCacheOperation,,,3.645,3.645,1.78,1.78,0,0
P13/1025334/00436/fia,,,230.514,427.233,0,23.441000000000003,0,0
aten::view,,,3.349,3.349,0,0,0,0
aten::view,,,1.317,1.317,0,0,0,0
aten::slice,,,0.764,1.784,0,0,0,0
aten::as_strided,,,1.02,1.02,0,0,0,0
P13/1025334/00437/torch_api,,,107.982,160.952,0,22.821,0,0
npu::npu_fused_infer_attention_score,,,41.587,52.97,0,22.821,0,0
empty_tensor,,,4.829,4.829,0,0,0,0
empty_tensor,,,1.191,1.191,0,0,0,0
empty_tensor,,,1.004,1.004,0,0,0,0
empty_tensor,,,0.81,0.81,0,0,0,0
aclnnFusedInferAttentionScoreV3,,,3.549,3.549,22.821,22.821,0,0
aten::view,,,1.551,1.551,0,0,0,0
aten::slice,,,0.722,1.794,0,0,0,0
aten::as_strided,,,1.072,1.072,0,0,0,0
aten::copy_,,,23.332,25.972,0,0.62,0,0
aclnnInplaceCopy,,,2.64,2.64,0.62,0.62,0,0
aten::slice,,,0.619,1.526,0,0,0,0
aten::as_strided,,,0.907,0.907,0,0,0,0
aten::copy_,,,10.604,14.899,0,0,0,0
aclnnInplaceCopy,,,4.295,4.295,0,0,0,0
aten::view,,,1.234,1.234,0,0,0,0
vllm::unquantized_gemm,,,71.297,175.581,0,5.82,0,5.82
P13/1025334/00438/linear,,,82.386,104.284,0,5.82,0,5.82
aten::linear,,,1.794,21.898,0,5.82,0,5.82
aten::t,,,2.263,4.867,0,0,0,0
aten::transpose,,,1.085,2.604,0,0,0,0
aten::as_strided,,,1.519,1.519,0,0,0,0
aten::matmul,,,8.371,15.237,0,5.82,0,5.82
empty_tensor,,,3.85,3.85,0,0,0,0
aclnnMatmul,,,3.016,3.016,5.82,5.82,5.82,5.82
vllm::maybe_chunk_residual,,,7.251,7.251,0,0,0,0
_C_ascend::npu_add_rms_norm_bias,,,16.043,34.951,0,1.74,0,0
aten::empty,,,0.995,3.772,0,0,0,0
empty_tensor,,,2.777,2.777,0,0,0,0
aten::empty,,,0.315,1.377,0,0,0,0
empty_tensor,,,1.062,1.062,0,0,0,0
aten::empty,,,0.208,1.038,0,0,0,0
empty_tensor,,,0.83,0.83,0,0,0,0
aten::empty,,,0.45,2.943,0,0,0,0
empty_tensor,,,2.493,2.493,0,0,0,0
aclnnAddRmsNormBias,,,9.778,9.778,1.74,1.74,0,0
vllm::unquantized_gemm,,,71.089,168.787,0,18.921,0,18.921
P13/1025334/00439/linear,,,80.965,97.698,0,18.921,0,18.921
aten::linear,,,1.531,16.733,0,18.921,0,18.921
aten::t,,,1.54,4.11,0,0,0,0
aten::transpose,,,0.931,2.57,0,0,0,0
aten::as_strided,,,1.639,1.639,0,0,0,0
aten::matmul,,,5.968,11.092,0,18.921,0,18.921
empty_tensor,,,2.372,2.372,0,0,0,0
aclnnMatmul,,,2.752,2.752,18.921,18.921,18.921,18.921
npu::npu_swiglu,,,14.577,19.063,0,2.98,0,0
empty_tensor,,,2.132,2.132,0,0,0,0
aclnnSwiGlu,,,2.354,2.354,2.98,2.98,0,0
vllm::unquantized_gemm,,,65.275,150.448,0,16.921,0,16.921
P13/1025334/00440/linear,,,72.015,85.173,0,16.921,0,16.921
aten::linear,,,1.074,13.158,0,16.921,0,16.921
aten::t,,,1.064,2.952,0,0,0,0
aten::transpose,,,0.674,1.888,0,0,0,0
aten::as_strided,,,1.214,1.214,0,0,0,0
aten::matmul,,,4.889,9.132,0,16.921,0,16.921
empty_tensor,,,1.828,1.828,0,0,0,0
aclnnMatmul,,,2.415,2.415,16.921,16.921,16.921,16.921
vllm::maybe_chunk_residual,,,7.21,7.21,0,0,0,0
_C_ascend::npu_add_rms_norm_bias,,,11.847,22.463,0,1.72,0,0
aten::empty,,,0.623,2.77,0,0,0,0
empty_tensor,,,2.147,2.147,0,0,0,0
aten::empty,,,0.259,1.367,0,0,0,0
empty_tensor,,,1.108,1.108,0,0,0,0
aten::empty,,,0.32,1.462,0,0,0,0
empty_tensor,,,1.142,1.142,0,0,0,0
aten::empty,,,0.441,2.226,0,0,0,0
empty_tensor,,,1.785,1.785,0,0,0,0
aclnnAddRmsNormBias,,,2.791,2.791,1.72,1.72,0,0
vllm::unquantized_gemm,,,70.508,167.27,0,8.96,0,7.86
P13/1025334/00441/linear,,,80.311,96.762,0,8.96,0,7.86
aten::linear,,,1.387,16.451,0,8.96,0,7.86
aten::t,,,1.148,3.042,0,0,0,0
aten::transpose,,,0.619,1.894,0,0,0,0
aten::as_strided,,,1.275,1.275,0,0,0,0
aten::addmm,,,7.734,12.022,0,8.96,0,7.86
empty_tensor,,,1.752,1.752,0,0,0,0
aclnnAddmm,,,2.536,2.536,8.96,8.96,7.86,7.86
aten::split_with_sizes,,,1.856,3.544,0,0,0,0
aten::as_strided,,,1.123,1.123,0,0,0,0
aten::as_strided,,,0.293,0.293,0,0,0,0
aten::as_strided,,,0.272,0.272,0,0,0,0
vllm::npu_rotary_embedding,,,169.46,882.28,0,2.86,0,0
aten::view,,,1.331,1.331,0,0,0,0
aten::view,,,0.36,0.36,0,0,0,0
P13/1025334/00442/jit_run,,,546.183,708.047,0,2.86,0,0
P13/1025334/00443/launch,,,156.999,161.864,0,2.86,0,0
_triton_rope,,,4.865,4.865,2.86,2.86,0,0
aten::view,,,2.543,2.543,0,0,0,0
aten::view,,,0.539,0.539,0,0,0,0
aten::empty,,,3.708,8.666,0,0,0,0
empty_tensor,,,4.958,4.958,0,0,0,0
aten::view,,,0.81,0.81,0,0,0,0
aten::view,,,0.535,0.535,0,0,0,0
aten::view,,,0.653,0.653,0,0,0,0
aten::view,,,0.534,0.534,0,0,0,0
vllm::unified_attention_with_output,,,96.162,1119.04,0,21.361,0,0
P13/1025334/00444/attention,,,295.044,1022.878,0,21.361,0,0
aten::slice,,,1.257,2.794,0,0,0,0
aten::as_strided,,,1.537,1.537,0,0,0,0
aten::slice,,,0.504,0.861,0,0,0,0
aten::as_strided,,,0.357,0.357,0,0,0,0
aten::slice,,,2.584,3.317,0,0,0,0
aten::as_strided,,,0.733,0.733,0,0,0,0
P13/1025334/00445/cache_write,,,151.549,265.271,0,2.12,0,0
P13/1025334/00446/torch_api,,,88.608,113.722,0,2.12,0,0
atb::_npu_reshape_and_cache,,,17.766,25.114,0,2.12,0,0
ReshapeCacheOperation,,,7.348,7.348,2.12,2.12,0,0
P13/1025334/00447/fia,,,242.36,439.924,0,19.241,0,0
aten::view,,,3.569,3.569,0,0,0,0
aten::view,,,1.068,1.068,0,0,0,0
aten::slice,,,0.705,1.801,0,0,0,0
aten::as_strided,,,1.096,1.096,0,0,0,0
P13/1025334/00448/torch_api,,,107.868,161.651,0,18.681,0,0
npu::npu_fused_infer_attention_score,,,41.345,53.783,0,18.681,0,0
empty_tensor,,,5.594,5.594,0,0,0,0
empty_tensor,,,1.388,1.388,0,0,0,0
empty_tensor,,,0.958,0.958,0,0,0,0
empty_tensor,,,0.918,0.918,0,0,0,0
aclnnFusedInferAttentionScoreV3,,,3.58,3.58,18.681,18.681,0,0
aten::view,,,1.496,1.496,0,0,0,0
aten::slice,,,0.81,1.889,0,0,0,0
aten::as_strided,,,1.079,1.079,0,0,0,0
aten::copy_,,,23.438,26.09,0,0.56,0,0
aclnnInplaceCopy,,,2.652,2.652,0.56,0.56,0,0
aten::slice,,,0.604,1.577,0,0,0,0
aten::as_strided,,,0.973,0.973,0,0,0,0
aten::copy_,,,11.628,14.09,0,0,0,0
aclnnInplaceCopy,,,2.462,2.462,0,0,0,0
aten::view,,,1.171,1.171,0,0,0,0
vllm::unquantized_gemm,,,69.052,163.813,0,5.9,0,5.9
P13/1025334/00449/linear,,,74.216,94.761,0,5.9,0,5.9
aten::linear,,,1.706,20.545,0,5.9,0,5.9
aten::t,,,2.164,4.858,0,0,0,0
aten::transpose,,,1.214,2.694,0,0,0,0
aten::as_strided,,,1.48,1.48,0,0,0,0
aten::matmul,,,7.459,13.981,0,5.9,0,5.9
empty_tensor,,,3.709,3.709,0,0,0,0
aclnnMatmul,,,2.813,2.813,5.9,5.9,5.9,5.9
vllm::maybe_chunk_residual,,,7.497,7.497,0,0,0,0
_C_ascend::npu_add_rms_norm_bias,,,15.421,28.055,0,1.66,0,0
aten::empty,,,1.02,3.765,0,0,0,0
empty_tensor,,,2.745,2.745,0,0,0,0
aten::empty,,,0.277,1.651,0,0,0,0
empty_tensor,,,1.374,1.374,0,0,0,0
aten::empty,,,0.557,1.549,0,0,0,0
empty_tensor,,,0.992,0.992,0,0,0,0
aten::empty,,,0.452,2.736,0,0,0,0
empty_tensor,,,2.284,2.284,0,0,0,0
aclnnAddRmsNormBias,,,2.933,2.933,1.66,1.66,0,0
vllm::unquantized_gemm,,,72.326,181.134,0,19.641,0,19.641
P13/1025334/00450/linear,,,90.781,108.808,0,19.641,0,19.641
aten::linear,,,1.319,18.027,0,19.641,0,19.641
aten::t,,,2.551,4.935,0,0,0,0
aten::transpose,,,0.867,2.384,0,0,0,0
aten::as_strided,,,1.517,1.517,0,0,0,0
aten::matmul,,,6.385,11.773,0,19.641,0,19.641
empty_tensor,,,2.459,2.459,0,0,0,0
aclnnMatmul,,,2.929,2.929,19.641,19.641,19.641,19.641
npu::npu_swiglu,,,15.202,19.866,0,3.34,0,0
empty_tensor,,,2.052,2.052,0,0,0,0
aclnnSwiGlu,,,2.612,2.612,3.34,3.34,0,0
vllm::unquantized_gemm,,,70.153,168.827,0,16.76,0,16.76
P13/1025334/00451/linear,,,76.121,98.674,0,16.76,0,16.76
aten::linear,,,0.963,22.553,0,16.76,0,16.76
aten::t,,,1.217,3.031,0,0,0,0
aten::transpose,,,0.61,1.814,0,0,0,0
aten::as_strided,,,1.204,1.204,0,0,0,0
aten::matmul,,,4.497,18.559,0,16.76,0,16.76
empty_tensor,,,1.735,1.735,0,0,0,0
aclnnMatmul,,,12.327,12.327,16.76,16.76,16.76,16.76
vllm::maybe_chunk_residual,,,7.121,7.121,0,0,0,0
_C_ascend::npu_add_rms_norm_bias,,,13.188,24.024,0,1.72,0,0
aten::empty,,,0.726,3.016,0,0,0,0
empty_tensor,,,2.29,2.29,0,0,0,0
aten::empty,,,0.294,1.269,0,0,0,0
empty_tensor,,,0.975,0.975,0,0,0,0
aten::empty,,,0.336,1.38,0,0,0,0
empty_tensor,,,1.044,1.044,0,0,0,0
aten::empty,,,0.405,2.236,0,0,0,0
empty_tensor,,,1.831,1.831,0,0,0,0
aclnnAddRmsNormBias,,,2.935,2.935,1.72,1.72,0,0
vllm::unquantized_gemm,,,70.161,167.668,0,9.5,0,7.88
P13/1025334/00452/linear,,,79.886,97.507,0,9.5,0,7.88
aten::linear,,,1.511,17.621,0,9.5,0,7.88
aten::t,,,1.671,3.514,0,0,0,0
aten::transpose,,,0.626,1.843,0,0,0,0
aten::as_strided,,,1.217,1.217,0,0,0,0
aten::addmm,,,7.973,12.596,0,9.5,0,7.88
empty_tensor,,,2.112,2.112,0,0,0,0
aclnnAddmm,,,2.511,2.511,9.5,9.5,7.88,7.88
aten::split_with_sizes,,,1.755,3.355,0,0,0,0
aten::as_strided,,,1.148,1.148,0,0,0,0
aten::as_strided,,,0.23,0.23,0,0,0,0
aten::as_strided,,,0.222,0.222,0,0,0,0
vllm::npu_rotary_embedding,,,168.083,869.234,0,2.88,0,0
aten::view,,,1.261,1.261,0,0,0,0
aten::view,,,0.505,0.505,0,0,0,0
P13/1025334/00453/jit_run,,,541.136,696.526,0,2.88,0,0
P13/1025334/00454/launch,,,150.804,155.39,0,2.88,0,0
_triton_rope,,,4.586,4.586,2.88,2.88,0,0
aten::view,,,2.32,2.32,0,0,0,0
aten::view,,,0.539,0.539,0,0,0,0
aten::empty,,,1.083,5.38,0,0,0,0
empty_tensor,,,4.297,4.297,0,0,0,0
aten::view,,,0.832,0.832,0,0,0,0
aten::view,,,0.554,0.554,0,0,0,0
aten::view,,,0.55,0.55,0,0,0,0
aten::view,,,0.578,0.578,0,0,0,0
vllm::unified_attention_with_output,,,108.316,1119.923,0,23.919999999999998,0,0
P13/1025334/00455/attention,,,290.409,1011.607,0,23.919999999999998,0,0
aten::slice,,,1.229,2.631,0,0,0,0
aten::as_strided,,,1.402,1.402,0,0,0,0
aten::slice,,,0.492,0.855,0,0,0,0
aten::as_strided,,,0.363,0.363,0,0,0,0
aten::slice,,,3.131,3.974,0,0,0,0
aten::as_strided,,,0.843,0.843,0,0,0,0
P13/1025334/00456/cache_write,,,149.317,256.88,0,1.58,0,0
P13/1025334/00457/torch_api,,,84.197,107.563,0,1.58,0,0
atb::_npu_reshape_and_cache,,,19.607,23.366,0,1.58,0,0
ReshapeCacheOperation,,,3.759,3.759,1.58,1.58,0,0
P13/1025334/00458/fia,,,238.07,441.286,0,22.34,0,0
aten::view,,,3.46,3.46,0,0,0,0
aten::view,,,1.403,1.403,0,0,0,0
aten::slice,,,0.888,2.087,0,0,0,0
aten::as_strided,,,1.199,1.199,0,0,0,0
P13/1025334/00459/torch_api,,,113.899,166.851,0,21.72,0,0
npu::npu_fused_infer_attention_score,,,41.517,52.952,0,21.72,0,0
empty_tensor,,,4.624,4.624,0,0,0,0
empty_tensor,,,1.327,1.327,0,0,0,0
empty_tensor,,,0.983,0.983,0,0,0,0
empty_tensor,,,0.991,0.991,0,0,0,0
aclnnFusedInferAttentionScoreV3,,,3.51,3.51,21.72,21.72,0,0
aten::view,,,1.494,1.494,0,0,0,0
aten::slice,,,0.737,1.793,0,0,0,0
aten::as_strided,,,1.056,1.056,0,0,0,0
aten::copy_,,,23.318,26.128,0,0.62,0,0
aclnnInplaceCopy,,,2.81,2.81,0.62,0.62,0,0
aten::slice,,,0.612,1.583,0,0,0,0
aten::as_strided,,,0.971,0.971,0,0,0,0
aten::copy_,,,11.266,13.989,0,0,0,0
aclnnInplaceCopy,,,2.723,2.723,0,0,0,0
aten::view,,,1.242,1.242,0,0,0,0
vllm::unquantized_gemm,,,72.005,182.746,0,5.94,0,5.94
P13/1025334/00460/linear,,,81.806,110.741,0,5.94,0,5.94
aten::linear,,,1.937,28.935,0,5.94,0,5.94
aten::t,,,2.754,5.317,0,0,0,0
aten::transpose,,,1.11,2.563,0,0,0,0
aten::as_strided,,,1.453,1.453,0,0,0,0
aten::matmul,,,8.23,21.681,0,5.94,0,5.94
empty_tensor,,,4.189,4.189,0,0,0,0
aclnnMatmul,,,9.262,9.262,5.94,5.94,5.94,5.94
vllm::maybe_chunk_residual,,,7.582,7.582,0,0,0,0
_C_ascend::npu_add_rms_norm_bias,,,16.317,29.432,0,1.7,0,0
aten::empty,,,1.127,4.253,0,0,0,0
empty_tensor,,,3.126,3.126,0,0,0,0
aten::empty,,,0.294,1.682,0,0,0,0
empty_tensor,,,1.388,1.388,0,0,0,0
aten::empty,,,0.397,1.196,0,0,0,0
empty_tensor,,,0.799,0.799,0,0,0,0
aten::empty,,,0.431,2.589,0,0,0,0
empty_tensor,,,2.158,2.158,0,0,0,0
aclnnAddRmsNormBias,,,3.395,3.395,1.7,1.7,0,0
vllm::unquantized_gemm,,,69.071,161.655,0,19.301,0,19.301
P13/1025334/00461/linear,,,76.379,92.584,0,19.301,0,19.301
aten::linear,,,1.253,16.205,0,19.301,0,19.301
aten::t,,,1.707,3.89,0,0,0,0
aten::transpose,,,0.737,2.183,0,0,0,0
aten::as_strided,,,1.446,1.446,0,0,0,0
aten::matmul,,,5.92,11.062,0,19.301,0,19.301
empty_tensor,,,2.31,2.31,0,0,0,0
aclnnMatmul,,,2.832,2.832,19.301,19.301,19.301,19.301
npu::npu_swiglu,,,15.608,20.641,0,2.92,0,0
empty_tensor,,,2.113,2.113,0,0,0,0
aclnnSwiGlu,,,2.92,2.92,2.92,2.92,0,0
vllm::unquantized_gemm,,,75.034,173.075,0,16.541,0,16.541
P13/1025334/00462/linear,,,83.872,98.041,0,16.541,0,16.541
aten::linear,,,1.1,14.169,0,16.541,0,16.541
aten::t,,,1.627,3.547,0,0,0,0
aten::transpose,,,0.685,1.92,0,0,0,0
aten::as_strided,,,1.235,1.235,0,0,0,0
aten::matmul,,,4.612,9.522,0,16.541,0,16.541
empty_tensor,,,2.02,2.02,0,0,0,0
aclnnMatmul,,,2.89,2.89,16.541,16.541,16.541,16.541
vllm::maybe_chunk_residual,,,6.935,6.935,0,0,0,0
_C_ascend::npu_add_rms_norm_bias,,,12.727,23.869,0,1.7,0,0
aten::empty,,,0.7,3.12,0,0,0,0
empty_tensor,,,2.42,2.42,0,0,0,0
aten::empty,,,0.25,1.555,0,0,0,0
empty_tensor,,,1.305,1.305,0,0,0,0
aten::empty,,,0.425,1.182,0,0,0,0
empty_tensor,,,0.757,0.757,0,0,0,0
aten::empty,,,0.36,2.063,0,0,0,0
empty_tensor,,,1.703,1.703,0,0,0,0
aclnnAddRmsNormBias,,,3.222,3.222,1.7,1.7,0,0
vllm::unquantized_gemm,,,72.105,170.687,0,8.46,0,7.28
P13/1025334/00463/linear,,,82.252,98.582,0,8.46,0,7.28
aten::linear,,,1.365,16.33,0,8.46,0,7.28
aten::t,,,1.209,3.065,0,0,0,0
aten::transpose,,,0.672,1.856,0,0,0,0
aten::as_strided,,,1.184,1.184,0,0,0,0
aten::addmm,,,7.613,11.9,0,8.46,0,7.28
empty_tensor,,,1.893,1.893,0,0,0,0
aclnnAddmm,,,2.394,2.394,8.46,8.46,7.28,7.28
aten::split_with_sizes,,,1.818,3.327,0,0,0,0
aten::as_strided,,,1.062,1.062,0,0,0,0
aten::as_strided,,,0.25,0.25,0,0,0,0
aten::as_strided,,,0.197,0.197,0,0,0,0
vllm::npu_rotary_embedding,,,169.546,880.513,0,2.88,0,0
aten::view,,,1.467,1.467,0,0,0,0
aten::view,,,0.562,0.562,0,0,0,0
P13/1025334/00464/jit_run,,,541.766,705.807,0,2.88,0,0
P13/1025334/00465/launch,,,150.622,164.041,0,2.88,0,0
_triton_rope,,,13.419,13.419,2.88,2.88,0,0
aten::view,,,2.526,2.526,0,0,0,0
aten::view,,,0.605,0.605,0,0,0,0
aten::empty,,,1.181,6.101,0,0,0,0
empty_tensor,,,4.92,4.92,0,0,0,0
aten::view,,,0.999,0.999,0,0,0,0
aten::view,,,0.547,0.547,0,0,0,0
aten::view,,,0.504,0.504,0,0,0,0
aten::view,,,0.434,0.434,0,0,0,0
vllm::unified_attention_with_output,,,96.796,1107.083,0,23.281000000000002,0,0
P13/1025334/00466/attention,,,290.8,1010.287,0,23.281000000000002,0,0
aten::slice,,,1.289,2.755,0,0,0,0
aten::as_strided,,,1.466,1.466,0,0,0,0
aten::slice,,,0.484,0.824,0,0,0,0
aten::as_strided,,,0.34,0.34,0,0,0,0
aten::slice,,,2.539,3.381,0,0,0,0
aten::as_strided,,,0.842,0.842,0,0,0,0
P13/1025334/00467/cache_write,,,150.061,250.822,0,2.2,0,0
P13/1025334/00468/torch_api,,,79.502,100.761,0,2.2,0,0
atb::_npu_reshape_and_cache,,,17.474,21.259,0,2.2,0,0
ReshapeCacheOperation,,,3.785,3.785,2.2,2.2,0,0
P13/1025334/00469/fia,,,247.852,446.588,0,21.081,0,0
aten::view,,,3.235,3.235,0,0,0,0
aten::view,,,1.07,1.07,0,0,0,0
aten::slice,,,0.703,1.797,0,0,0,0
aten::as_strided,,,1.094,1.094,0,0,0,0
P13/1025334/00470/torch_api,,,110.588,162.136,0,20.521,0,0
npu::npu_fused_infer_attention_score,,,40.992,51.548,0,20.521,0,0
empty_tensor,,,4.518,4.518,0,0,0,0
empty_tensor,,,1.061,1.061,0,0,0,0
empty_tensor,,,0.814,0.814,0,0,0,0
empty_tensor,,,0.738,0.738,0,0,0,0
aclnnFusedInferAttentionScoreV3,,,3.425,3.425,20.521,20.521,0,0
aten::view,,,1.707,1.707,0,0,0,0
aten::slice,,,0.818,1.902,0,0,0,0
aten::as_strided,,,1.084,1.084,0,0,0,0
aten::copy_,,,23.688,26.889,0,0.56,0,0
aclnnInplaceCopy,,,3.201,3.201,0.56,0.56,0,0
aten::slice,,,0.715,1.609,0,0,0,0
aten::as_strided,,,0.894,0.894,0,0,0,0
aten::copy_,,,10.97,13.508,0,0,0,0
aclnnInplaceCopy,,,2.538,2.538,0,0,0,0
aten::view,,,1.207,1.207,0,0,0,0
vllm::unquantized_gemm,,,69.417,165.106,0,5.7,0,5.7
P13/1025334/00471/linear,,,74.302,95.689,0,5.7,0,5.7
aten::linear,,,1.681,21.387,0,5.7,0,5.7
aten::t,,,2.215,5.051,0,0,0,0
aten::transpose,,,1.187,2.836,0,0,0,0
aten::as_strided,,,1.649,1.649,0,0,0,0
aten::matmul,,,7.6,14.655,0,5.7,0,5.7
empty_tensor,,,4.132,4.132,0,0,0,0
aclnnMatmul,,,2.923,2.923,5.7,5.7,5.7,5.7
vllm::maybe_chunk_residual,,,7.375,7.375,0,0,0,0
_C_ascend::npu_add_rms_norm_bias,,,15.511,30.0,0,1.74,0,0
aten::empty,,,1.087,4.033,0,0,0,0
empty_tensor,,,2.946,2.946,0,0,0,0
aten::empty,,,0.322,1.636,0,0,0,0
empty_tensor,,,1.314,1.314,0,0,0,0
aten::empty,,,0.208,1.083,0,0,0,0
empty_tensor,,,0.875,0.875,0,0,0,0
aten::empty,,,2.474,4.605,0,0,0,0
empty_tensor,,,2.131,2.131,0,0,0,0
aclnnAddRmsNormBias,,,3.132,3.132,1.74,1.74,0,0
vllm::unquantized_gemm,,,73.448,172.608,0,18.721,0,18.721
P13/1025334/00472/linear,,,82.981,99.16,0,18.721,0,18.721
aten::linear,,,1.239,16.179,0,18.721,0,18.721
aten::t,,,1.492,3.787,0,0,0,0
aten::transpose,,,0.777,2.295,0,0,0,0
aten::as_strided,,,1.518,1.518,0,0,0,0
aten::matmul,,,5.825,11.153,0,18.721,0,18.721
empty_tensor,,,2.347,2.347,0,0,0,0
aclnnMatmul,,,2.981,2.981,18.721,18.721,18.721,18.721
npu::npu_swiglu,,,15.095,26.271,0,2.98,0,0
empty_tensor,,,2.115,2.115,0,0,0,0
aclnnSwiGlu,,,9.061,9.061,2.98,2.98,0,0
vllm::unquantized_gemm,,,71.84,170.793,0,16.6,0,16.6
P13/1025334/00473/linear,,,84.971,98.953,0,16.6,0,16.6
aten::linear,,,0.982,13.982,0,16.6,0,16.6
aten::t,,,1.259,3.245,0,0,0,0
aten::transpose,,,0.763,1.986,0,0,0,0
aten::as_strided,,,1.223,1.223,0,0,0,0
aten::matmul,,,4.966,9.755,0,16.6,0,16.6
empty_tensor,,,2.164,2.164,0,0,0,0
aclnnMatmul,,,2.625,2.625,16.6,16.6,16.6,16.6
vllm::maybe_chunk_residual,,,7.379,7.379,0,0,0,0
_C_ascend::npu_add_rms_norm_bias,,,13.029,27.085,0,1.76,0,0
aten::empty,,,0.873,3.411,0,0,0,0
empty_tensor,,,2.538,2.538,0,0,0,0
aten::empty,,,0.499,1.298,0,0,0,0
empty_tensor,,,0.799,0.799,0,0,0,0
aten::empty,,,0.213,1.246,0,0,0,0
empty_tensor,,,1.033,1.033,0,0,0,0
aten::empty,,,0.364,4.916,0,0,0,0
empty_tensor,,,4.552,4.552,0,0,0,0
aclnnAddRmsNormBias,,,3.185,3.185,1.76,1.76,0,0
vllm::unquantized_gemm,,,76.287,175.793,0,8.8,0,7.72
P13/1025334/00474/linear,,,81.502,99.506,0,8.8,0,7.72
aten::linear,,,1.36,18.004,0,8.8,0,7.72
aten::t,,,1.336,3.431,0,0,0,0
aten::transpose,,,0.778,2.095,0,0,0,0
aten::as_strided,,,1.317,1.317,0,0,0,0
aten::addmm,,,8.09,13.213,0,8.8,0,7.72
empty_tensor,,,2.442,2.442,0,0,0,0
aclnnAddmm,,,2.681,2.681,8.8,8.8,7.72,7.72
aten::split_with_sizes,,,1.953,3.714,0,0,0,0
aten::as_strided,,,1.234,1.234,0,0,0,0
aten::as_strided,,,0.255,0.255,0,0,0,0
aten::as_strided,,,0.272,0.272,0,0,0,0
vllm::npu_rotary_embedding,,,166.567,867.475,0,3.1,0,0
aten::view,,,1.362,1.362,0,0,0,0
aten::view,,,0.499,0.499,0,0,0,0
P13/1025334/00475/jit_run,,,542.27,696.106,0,3.1,0,0
P13/1025334/00476/launch,,,149.246,153.836,0,3.1,0,0
_triton_rope,,,4.59,4.59,3.1,3.1,0,0
aten::view,,,2.33,2.33,0,0,0,0
aten::view,,,0.611,0.611,0,0,0,0
aten::empty,,,1.0,5.226,0,0,0,0
empty_tensor,,,4.226,4.226,0,0,0,0
aten::view,,,0.883,0.883,0,0,0,0
aten::view,,,0.556,0.556,0,0,0,0
aten::view,,,0.501,0.501,0,0,0,0
aten::view,,,0.437,0.437,0,0,0,0
vllm::unified_attention_with_output,,,99.257,1095.635,0,24.020999999999997,0,0
P13/1025334/00477/attention,,,288.844,996.378,0,24.020999999999997,0,0
aten::slice,,,2.152,3.539,0,0,0,0
aten::as_strided,,,1.387,1.387,0,0,0,0
aten::slice,,,0.527,0.911,0,0,0,0
aten::as_strided,,,0.384,0.384,0,0,0,0
aten::slice,,,2.477,3.358,0,0,0,0
aten::as_strided,,,0.881,0.881,0,0,0,0
P13/1025334/00478/cache_write,,,143.534,247.304,0,1.96,0,0
P13/1025334/00479/torch_api,,,82.177,103.77,0,1.96,0,0
atb::_npu_reshape_and_cache,,,18.143,21.593,0,1.96,0,0
ReshapeCacheOperation,,,3.45,3.45,1.96,1.96,0,0
P13/1025334/00480/fia,,,230.124,435.07,0,22.061,0,0
aten::view,,,3.235,3.235,0,0,0,0
aten::view,,,0.911,0.911,0,0,0,0
aten::slice,,,0.783,1.791,0,0,0,0
aten::as_strided,,,1.008,1.008,0,0,0,0
P13/1025334/00481/torch_api,,,108.567,161.299,0,21.441,0,0
npu::npu_fused_infer_attention_score,,,41.651,52.732,0,21.441,0,0
empty_tensor,,,4.685,4.685,0,0,0,0
empty_tensor,,,1.251,1.251,0,0,0,0
empty_tensor,,,0.813,0.813,0,0,0,0
empty_tensor,,,0.769,0.769,0,0,0,0
aclnnFusedInferAttentionScoreV3,,,3.563,3.563,21.441,21.441,0,0
aten::view,,,1.627,1.627,0,0,0,0
aten::slice,,,0.716,1.769,0,0,0,0
aten::as_strided,,,1.053,1.053,0,0,0,0
aten::copy_,,,23.303,34.314,0,0.62,0,0
aclnnInplaceCopy,,,11.011,11.011,0.62,0.62,0,0
aten::slice,,,0.719,1.654,0,0,0,0
aten::as_strided,,,0.935,0.935,0,0,0,0
aten::copy_,,,11.991,15.698,0,0,0,0
aclnnInplaceCopy,,,3.707,3.707,0,0,0,0
aten::view,,,1.352,1.352,0,0,0,0
vllm::unquantized_gemm,,,70.905,167.565,0,5.821,0,5.821
P13/1025334/00482/linear,,,75.529,96.66,0,5.821,0,5.821
aten::linear,,,1.665,21.131,0,5.821,0,5.821
aten::t,,,2.193,4.769,0,0,0,0
aten::transpose,,,1.058,2.576,0,0,0,0
aten::as_strided,,,1.518,1.518,0,0,0,0
aten::matmul,,,7.757,14.697,0,5.821,0,5.821
empty_tensor,,,4.092,4.092,0,0,0,0
aclnnMatmul,,,2.848,2.848,5.821,5.821,5.821,5.821
vllm::maybe_chunk_residual,,,7.367,7.367,0,0,0,0
_C_ascend::npu_add_rms_norm_bias,,,16.171,29.87,0,1.66,0,0
aten::empty,,,0.992,4.015,0,0,0,0
empty_tensor,,,3.023,3.023,0,0,0,0
aten::empty,,,0.408,1.86,0,0,0,0
empty_tensor,,,1.452,1.452,0,0,0,0
aten::empty,,,0.221,1.312,0,0,0,0
empty_tensor,,,1.091,1.091,0,0,0,0
aten::empty,,,0.538,2.829,0,0,0,0
empty_tensor,,,2.291,2.291,0,0,0,0
aclnnAddRmsNormBias,,,3.683,3.683,1.66,1.66,0,0
vllm::unquantized_gemm,,,73.403,174.123,0,19.06,0,19.06
P13/1025334/00483/linear,,,83.548,100.72,0,19.06,0,19.06
aten::linear,,,1.329,17.172,0,19.06,0,19.06
aten::t,,,1.608,4.101,0,0,0,0
aten::transpose,,,0.919,2.493,0,0,0,0
aten::as_strided,,,1.574,1.574,0,0,0,0
aten::matmul,,,6.24,11.742,0,19.06,0,19.06
empty_tensor,,,2.522,2.522,0,0,0,0
aclnnMatmul,,,2.98,2.98,19.06,19.06,19.06,19.06
npu::npu_swiglu,,,14.59,20.126,0,4.02,0,0
empty_tensor,,,2.141,2.141,0,0,0,0
aclnnSwiGlu,,,3.395,3.395,4.02,4.02,0,0
vllm::unquantized_gemm,,,70.809,166.582,0,16.841,0,16.841
P13/1025334/00484/linear,,,81.593,95.773,0,16.841,0,16.841
aten::linear,,,1.001,14.18,0,16.841,0,16.841
aten::t,,,1.348,3.58,0,0,0,0
aten::transpose,,,0.772,2.232,0,0,0,0
aten::as_strided,,,1.46,1.46,0,0,0,0
aten::matmul,,,4.935,9.599,0,16.841,0,16.841
empty_tensor,,,2.136,2.136,0,0,0,0
aclnnMatmul,,,2.528,2.528,16.841,16.841,16.841,16.841
vllm::maybe_chunk_residual,,,7.388,7.388,0,0,0,0
_C_ascend::npu_add_rms_norm_bias,,,13.298,27.406,0,2.1,0,0
aten::empty,,,0.743,2.979,0,0,0,0
empty_tensor,,,2.236,2.236,0,0,0,0
aten::empty,,,0.266,1.424,0,0,0,0
empty_tensor,,,1.158,1.158,0,0,0,0
aten::empty,,,0.234,1.128,0,0,0,0
empty_tensor,,,0.894,0.894,0,0,0,0
aten::empty,,,0.442,2.586,0,0,0,0
empty_tensor,,,2.144,2.144,0,0,0,0
aclnnAddRmsNormBias,,,5.991,5.991,2.1,2.1,0,0
vllm::unquantized_gemm,,,70.226,168.072,0,9.1,0,7.82
P13/1025334/00485/linear,,,79.94,97.846,0,9.1,0,7.82
aten::linear,,,1.515,17.906,0,9.1,0,7.82
aten::t,,,1.288,3.329,0,0,0,0
aten::transpose,,,0.685,2.041,0,0,0,0
aten::as_strided,,,1.356,1.356,0,0,0,0
aten::addmm,,,8.232,13.062,0,9.1,0,7.82
empty_tensor,,,2.111,2.111,0,0,0,0
aclnnAddmm,,,2.719,2.719,9.1,9.1,7.82,7.82
aten::split_with_sizes,,,1.827,3.453,0,0,0,0
aten::as_strided,,,1.148,1.148,0,0,0,0
aten::as_strided,,,0.254,0.254,0,0,0,0
aten::as_strided,,,0.224,0.224,0,0,0,0
vllm::npu_rotary_embedding,,,172.25,894.21,0,3.481,0,0
aten::view,,,1.323,1.323,0,0,0,0
aten::view,,,0.448,0.448,0,0,0,0
P13/1025334/00486/jit_run,,,559.234,717.021,0,3.481,0,0
P13/1025334/00487/launch,,,152.808,157.787,0,3.481,0,0
_triton_rope,,,4.979,4.979,3.481,3.481,0,0
aten::view,,,2.59,2.59,0,0,0,0
aten::view,,,0.578,0.578,0,0,0,0
aten::empty,,,1.173,6.022,0,0,0,0
empty_tensor,,,4.849,4.849,0,0,0,0
aten::view,,,0.837,0.837,0,0,0,0
aten::view,,,0.616,0.616,0,0,0,0
aten::view,,,0.611,0.611,0,0,0,0
aten::view,,,0.617,0.617,0,0,0,0
vllm::unified_attention_with_output,,,99.4,1093.732,0,20.121,0,0
P13/1025334/00488/attention,,,288.273,994.332,0,20.121,0,0
aten::slice,,,1.288,2.748,0,0,0,0
aten::as_strided,,,1.46,1.46,0,0,0,0
aten::slice,,,0.485,0.949,0,0,0,0
aten::as_strided,,,0.464,0.464,0,0,0,0
aten::slice,,,2.599,3.591,0,0,0,0
aten::as_strided,,,0.992,0.992,0,0,0,0
P13/1025334/00489/cache_write,,,145.602,245.736,0,1.76,0,0
P13/1025334/00490/torch_api,,,78.791,100.134,0,1.76,0,0
atb::_npu_reshape_and_cache,,,17.476,21.343,0,1.76,0,0
ReshapeCacheOperation,,,3.867,3.867,1.76,1.76,0,0
P13/1025334/00491/fia,,,242.014,438.135,0,18.360999999999997,0,0
aten::view,,,3.309,3.309,0,0,0,0
aten::view,,,1.896,1.896,0,0,0,0
aten::slice,,,0.798,1.831,0,0,0,0
aten::as_strided,,,1.033,1.033,0,0,0,0
P13/1025334/00492/torch_api,,,105.952,158.95,0,17.781,0,0
npu::npu_fused_infer_attention_score,,,41.251,52.998,0,17.781,0,0
empty_tensor,,,4.631,4.631,0,0,0,0
empty_tensor,,,1.214,1.214,0,0,0,0
empty_tensor,,,1.047,1.047,0,0,0,0
empty_tensor,,,0.948,0.948,0,0,0,0
aclnnFusedInferAttentionScoreV3,,,3.907,3.907,17.781,17.781,0,0
aten::view,,,1.649,1.649,0,0,0,0
aten::slice,,,0.764,1.951,0,0,0,0
aten::as_strided,,,1.187,1.187,0,0,0,0
aten::copy_,,,23.723,26.535,0,0.58,0,0
aclnnInplaceCopy,,,2.812,2.812,0.58,0.58,0,0
aten::slice,,,0.636,1.607,0,0,0,0
aten::as_strided,,,0.971,0.971,0,0,0,0
aten::copy_,,,10.712,13.293,0,0,0,0
aclnnInplaceCopy,,,2.581,2.581,0,0,0,0
aten::view,,,1.242,1.242,0,0,0,0
vllm::unquantized_gemm,,,71.685,170.078,0,5.68,0,5.68
P13/1025334/00493/linear,,,77.861,98.393,0,5.68,0,5.68
aten::linear,,,1.725,20.532,0,5.68,0,5.68
aten::t,,,2.053,4.693,0,0,0,0
aten::transpose,,,1.182,2.64,0,0,0,0
aten::as_strided,,,1.458,1.458,0,0,0,0
aten::matmul,,,7.642,14.114,0,5.68,0,5.68
empty_tensor,,,3.751,3.751,0,0,0,0
aclnnMatmul,,,2.721,2.721,5.68,5.68,5.68,5.68
vllm::maybe_chunk_residual,,,7.556,7.556,0,0,0,0
_C_ascend::npu_add_rms_norm_bias,,,15.686,45.379,0,1.68,0,0
aten::empty,,,0.99,3.844,0,0,0,0
empty_tensor,,,2.854,2.854,0,0,0,0
aten::empty,,,0.263,2.335,0,0,0,0
empty_tensor,,,2.072,2.072,0,0,0,0
aten::empty,,,0.369,1.275,0,0,0,0
empty_tensor,,,0.906,0.906,0,0,0,0
aten::empty,,,0.44,2.802,0,0,0,0
empty_tensor,,,2.362,2.362,0,0,0,0
aclnnAddRmsNormBias,,,19.437,19.437,1.68,1.68,0,0
vllm::unquantized_gemm,,,71.113,172.899,0,19.221,0,19.221
P13/1025334/00494/linear,,,84.58,101.786,0,19.221,0,19.221
aten::linear,,,1.368,17.206,0,19.221,0,19.221
aten::t,,,1.711,4.256,0,0,0,0
aten::transpose,,,0.913,2.545,0,0,0,0
aten::as_strided,,,1.632,1.632,0,0,0,0
aten::matmul,,,6.194,11.582,0,19.221,0,19.221
empty_tensor,,,2.57,2.57,0,0,0,0
aclnnMatmul,,,2.818,2.818,19.221,19.221,19.221,19.221
npu::npu_swiglu,,,14.839,19.568,0,2.92,0,0
empty_tensor,,,2.186,2.186,0,0,0,0
aclnnSwiGlu,,,2.543,2.543,2.92,2.92,0,0
vllm::unquantized_gemm,,,69.215,158.564,0,16.961,0,16.961
P13/1025334/00495/linear,,,73.827,89.349,0,16.961,0,16.961
aten::linear,,,1.008,15.522,0,16.961,0,16.961
aten::t,,,1.132,3.182,0,0,0,0
aten::transpose,,,0.685,2.05,0,0,0,0
aten::as_strided,,,1.365,1.365,0,0,0,0
aten::matmul,,,4.4,11.332,0,16.961,0,16.961
empty_tensor,,,1.858,1.858,0,0,0,0
aclnnMatmul,,,5.074,5.074,16.961,16.961,16.961,16.961
vllm::maybe_chunk_residual,,,7.284,7.284,0,0,0,0
_C_ascend::npu_add_rms_norm_bias,,,12.542,24.73,0,1.74,0,0
aten::empty,,,0.747,3.074,0,0,0,0
empty_tensor,,,2.327,2.327,0,0,0,0
aten::empty,,,0.275,1.288,0,0,0,0
empty_tensor,,,1.013,1.013,0,0,0,0
aten::empty,,,0.395,2.19,0,0,0,0
empty_tensor,,,1.795,1.795,0,0,0,0
aten::empty,,,0.471,2.397,0,0,0,0
empty_tensor,,,1.926,1.926,0,0,0,0
aclnnAddRmsNormBias,,,3.239,3.239,1.74,1.74,0,0
vllm::unquantized_gemm,,,77.67,179.514,0,8.56,0,7.44
P13/1025334/00496/linear,,,84.217,101.844,0,8.56,0,7.44
aten::linear,,,1.414,17.627,0,8.56,0,7.44
aten::t,,,1.301,3.241,0,0,0,0
aten::transpose,,,0.661,1.94,0,0,0,0
aten::as_strided,,,1.279,1.279,0,0,0,0
aten::addmm,,,7.952,12.972,0,8.56,0,7.44
empty_tensor,,,2.205,2.205,0,0,0,0
aclnnAddmm,,,2.815,2.815,8.56,8.56,7.44,7.44
aten::split_with_sizes,,,1.828,3.756,0,0,0,0
aten::as_strided,,,1.3,1.3,0,0,0,0
aten::as_strided,,,0.259,0.259,0,0,0,0
aten::as_strided,,,0.369,0.369,0,0,0,0
vllm::npu_rotary_embedding,,,164.334,842.826,0,2.88,0,0
aten::view,,,1.41,1.41,0,0,0,0
aten::view,,,0.48,0.48,0,0,0,0
P13/1025334/00497/jit_run,,,532.731,673.499,0,2.88,0,0
P13/1025334/00498/launch,,,136.692,140.768,0,2.88,0,0
_triton_rope,,,4.076,4.076,2.88,2.88,0,0
aten::view,,,2.46,2.46,0,0,0,0
aten::view,,,0.643,0.643,0,0,0,0
aten::empty,,,1.052,5.654,0,0,0,0
empty_tensor,,,4.602,4.602,0,0,0,0
aten::view,,,0.789,0.789,0,0,0,0
aten::view,,,0.521,0.521,0,0,0,0
aten::view,,,0.474,0.474,0,0,0,0
aten::view,,,3.273,3.273,0,0,0,0
vllm::unified_attention_with_output,,,93.572,1105.378,0,24.48,0,0
P13/1025334/00499/attention,,,293.405,1011.806,0,24.48,0,0
aten::slice,,,1.231,2.697,0,0,0,0
aten::as_strided,,,1.466,1.466,0,0,0,0
aten::slice,,,0.505,1.0,0,0,0,0
aten::as_strided,,,0.495,0.495,0,0,0,0
aten::slice,,,2.485,3.37,0,0,0,0
aten::as_strided,,,0.885,0.885,0,0,0,0
P13/1025334/00500/cache_write,,,156.792,263.457,0,1.54,0,0
P13/1025334/00501/torch_api,,,85.48,106.665,0,1.54,0,0
atb::_npu_reshape_and_cache,,,17.699,21.185,0,1.54,0,0
ReshapeCacheOperation,,,3.486,3.486,1.54,1.54,0,0
P13/1025334/00502/fia,,,231.196,432.003,0,22.94,0,0
aten::view,,,3.494,3.494,0,0,0,0
aten::view,,,1.487,1.487,0,0,0,0
aten::slice,,,0.759,1.903,0,0,0,0
aten::as_strided,,,1.144,1.144,0,0,0,0
P13/1025334/00503/torch_api,,,103.953,164.568,0,22.32,0,0
npu::npu_fused_infer_attention_score,,,42.448,60.615,0,22.32,0,0
empty_tensor,,,4.718,4.718,0,0,0,0
empty_tensor,,,1.457,1.457,0,0,0,0
empty_tensor,,,0.829,0.829,0,0,0,0
empty_tensor,,,1.1,1.1,0,0,0,0
aclnnFusedInferAttentionScoreV3,,,10.063,10.063,22.32,22.32,0,0
aten::view,,,1.623,1.623,0,0,0,0
aten::slice,,,0.755,1.777,0,0,0,0
aten::as_strided,,,1.022,1.022,0,0,0,0
aten::copy_,,,23.334,25.955,0,0.62,0,0
aclnnInplaceCopy,,,2.621,2.621,0.62,0.62,0,0
aten::slice,,,0.664,1.707,0,0,0,0
aten::as_strided,,,1.043,1.043,0,0,0,0
aten::copy_,,,11.497,14.167,0,0,0,0
aclnnInplaceCopy,,,2.67,2.67,0,0,0,0
aten::view,,,1.253,1.253,0,0,0,0
vllm::unquantized_gemm,,,69.233,163.899,0,5.66,0,5.66
P13/1025334/00504/linear,,,74.052,94.666,0,5.66,0,5.66
aten::linear,,,1.85,20.614,0,5.66,0,5.66
aten::t,,,2.223,4.771,0,0,0,0
aten::transpose,,,1.15,2.548,0,0,0,0
aten::as_strided,,,1.398,1.398,0,0,0,0
aten::matmul,,,7.692,13.993,0,5.66,0,5.66
empty_tensor,,,3.695,3.695,0,0,0,0
aclnnMatmul,,,2.606,2.606,5.66,5.66,5.66,5.66
vllm::maybe_chunk_residual,,,7.473,7.473,0,0,0,0
_C_ascend::npu_add_rms_norm_bias,,,15.786,28.737,0,1.66,0,0
aten::empty,,,0.966,3.851,0,0,0,0
empty_tensor,,,2.885,2.885,0,0,0,0
aten::empty,,,0.288,1.421,0,0,0,0
empty_tensor,,,1.133,1.133,0,0,0,0
aten::empty,,,0.382,1.496,0,0,0,0
empty_tensor,,,1.114,1.114,0,0,0,0
aten::empty,,,0.512,2.734,0,0,0,0
empty_tensor,,,2.222,2.222,0,0,0,0
aclnnAddRmsNormBias,,,3.449,3.449,1.66,1.66,0,0
vllm::unquantized_gemm,,,74.606,184.653,0,19.741,0,19.741
P13/1025334/00505/linear,,,92.612,110.047,0,19.741,0,19.741
aten::linear,,,1.349,17.435,0,19.741,0,19.741
aten::t,,,1.618,3.963,0,0,0,0
aten::transpose,,,0.778,2.345,0,0,0,0
aten::as_strided,,,1.567,1.567,0,0,0,0
aten::matmul,,,6.086,12.123,0,19.741,0,19.741
empty_tensor,,,3.216,3.216,0,0,0,0
aclnnMatmul,,,2.821,2.821,19.741,19.741,19.741,19.741
npu::npu_swiglu,,,13.927,18.669,0,3.061,0,0
empty_tensor,,,2.075,2.075,0,0,0,0
aclnnSwiGlu,,,2.667,2.667,3.061,3.061,0,0
vllm::unquantized_gemm,,,70.523,171.552,0,16.821,0,16.821
P13/1025334/00506/linear,,,84.04,101.029,0,16.821,0,16.821
aten::linear,,,0.943,16.989,0,16.821,0,16.821
aten::t,,,1.339,3.404,0,0,0,0
aten::transpose,,,0.709,2.065,0,0,0,0
aten::as_strided,,,1.356,1.356,0,0,0,0
aten::matmul,,,4.913,12.642,0,16.821,0,16.821
empty_tensor,,,2.007,2.007,0,0,0,0
aclnnMatmul,,,5.722,5.722,16.821,16.821,16.821,16.821
vllm::maybe_chunk_residual,,,7.081,7.081,0,0,0,0
_C_ascend::npu_add_rms_norm_bias,,,12.226,24.021,0,1.74,0,0
aten::empty,,,0.701,2.999,0,0,0,0
empty_tensor,,,2.298,2.298,0,0,0,0
aten::empty,,,0.248,1.624,0,0,0,0
empty_tensor,,,1.376,1.376,0,0,0,0
aten::empty,,,0.431,1.485,0,0,0,0
empty_tensor,,,1.054,1.054,0,0,0,0
aten::empty,,,0.316,2.137,0,0,0,0
empty_tensor,,,1.821,1.821,0,0,0,0
aclnnAddRmsNormBias,,,3.55,3.55,1.74,1.74,0,0
vllm::unquantized_gemm,,,71.103,169.152,0,8.98,0,7.86
P13/1025334/00507/linear,,,80.491,98.049,0,8.98,0,7.86
aten::linear,,,1.44,17.558,0,8.98,0,7.86
aten::t,,,1.232,3.223,0,0,0,0
aten::transpose,,,0.733,1.991,0,0,0,0
aten::as_strided,,,1.258,1.258,0,0,0,0
aten::addmm,,,7.603,12.895,0,8.98,0,7.86
empty_tensor,,,2.781,2.781,0,0,0,0
aclnnAddmm,,,2.511,2.511,8.98,8.98,7.86,7.86
aten::split_with_sizes,,,1.796,3.464,0,0,0,0
aten::as_strided,,,1.157,1.157,0,0,0,0
aten::as_strided,,,0.274,0.274,0,0,0,0
aten::as_strided,,,0.237,0.237,0,0,0,0
vllm::npu_rotary_embedding,,,172.466,885.166,0,2.84,0,0
aten::view,,,1.381,1.381,0,0,0,0
aten::view,,,0.922,0.922,0,0,0,0
P13/1025334/00508/jit_run,,,557.528,707.284,0,2.84,0,0
P13/1025334/00509/launch,,,142.5,149.756,0,2.84,0,0
_triton_rope,,,7.256,7.256,2.84,2.84,0,0
aten::view,,,2.498,2.498,0,0,0,0
aten::view,,,0.615,0.615,0,0,0,0
aten::empty,,,1.255,6.272,0,0,0,0
empty_tensor,,,5.017,5.017,0,0,0,0
aten::view,,,0.935,0.935,0,0,0,0
aten::view,,,0.562,0.562,0,0,0,0
aten::view,,,0.47,0.47,0,0,0,0
aten::view,,,0.431,0.431,0,0,0,0
vllm::unified_attention_with_output,,,100.061,1111.473,0,24.741,0,0
P13/1025334/00510/attention,,,299.649,1011.412,0,24.741,0,0
aten::slice,,,1.533,2.99,0,0,0,0
aten::as_strided,,,1.457,1.457,0,0,0,0
aten::slice,,,0.442,0.864,0,0,0,0
aten::as_strided,,,0.422,0.422,0,0,0,0
aten::slice,,,2.497,3.294,0,0,0,0
aten::as_strided,,,0.797,0.797,0,0,0,0
P13/1025334/00511/cache_write,,,150.463,257.714,0,1.82,0,0
P13/1025334/00512/torch_api,,,82.903,107.251,0,1.82,0,0
atb::_npu_reshape_and_cache,,,20.388,24.348,0,1.82,0,0
ReshapeCacheOperation,,,3.96,3.96,1.82,1.82,0,0
P13/1025334/00513/fia,,,232.862,427.785,0,22.921,0,0
aten::view,,,3.237,3.237,0,0,0,0
aten::view,,,1.089,1.089,0,0,0,0
aten::slice,,,0.743,1.775,0,0,0,0
aten::as_strided,,,1.032,1.032,0,0,0,0
P13/1025334/00514/torch_api,,,106.463,158.848,0,22.361,0,0
npu::npu_fused_infer_attention_score,,,41.441,52.385,0,22.361,0,0
empty_tensor,,,4.705,4.705,0,0,0,0
empty_tensor,,,1.305,1.305,0,0,0,0
empty_tensor,,,0.885,0.885,0,0,0,0
empty_tensor,,,0.734,0.734,0,0,0,0
aclnnFusedInferAttentionScoreV3,,,3.315,3.315,22.361,22.361,0,0
aten::view,,,1.536,1.536,0,0,0,0
aten::slice,,,0.65,1.715,0,0,0,0
aten::as_strided,,,1.065,1.065,0,0,0,0
aten::copy_,,,23.643,26.723,0,0.56,0,0
aclnnInplaceCopy,,,3.08,3.08,0.56,0.56,0,0
aten::slice,,,0.674,1.686,0,0,0,0
aten::as_strided,,,1.012,1.012,0,0,0,0
aten::copy_,,,11.873,17.43,0,0,0,0
aclnnInplaceCopy,,,5.557,5.557,0,0,0,0
aten::view,,,1.285,1.285,0,0,0,0
vllm::unquantized_gemm,,,79.541,190.903,0,5.88,0,5.88
P13/1025334/00515/linear,,,82.4,111.362,0,5.88,0,5.88
aten::linear,,,1.839,28.962,0,5.88,0,5.88
aten::t,,,2.383,4.868,0,0,0,0
aten::transpose,,,1.121,2.485,0,0,0,0
aten::as_strided,,,1.364,1.364,0,0,0,0
aten::matmul,,,7.665,22.255,0,5.88,0,5.88
empty_tensor,,,4.559,4.559,0,0,0,0
aclnnMatmul,,,10.031,10.031,5.88,5.88,5.88,5.88
vllm::maybe_chunk_residual,,,7.88,7.88,0,0,0,0
_C_ascend::npu_add_rms_norm_bias,,,16.825,30.17,0,1.62,0,0
aten::empty,,,1.074,4.03,0,0,0,0
empty_tensor,,,2.956,2.956,0,0,0,0
aten::empty,,,0.26,1.3,0,0,0,0
empty_tensor,,,1.04,1.04,0,0,0,0
aten::empty,,,0.505,1.611,0,0,0,0
empty_tensor,,,1.106,1.106,0,0,0,0
aten::empty,,,0.6,2.965,0,0,0,0
empty_tensor,,,2.365,2.365,0,0,0,0
aclnnAddRmsNormBias,,,3.439,3.439,1.62,1.62,0,0
vllm::unquantized_gemm,,,70.274,168.717,0,19.821,0,19.821
P13/1025334/00516/linear,,,81.971,98.443,0,19.821,0,19.821
aten::linear,,,1.365,16.472,0,19.821,0,19.821
aten::t,,,1.564,3.749,0,0,0,0
aten::transpose,,,0.779,2.185,0,0,0,0
aten::as_strided,,,1.406,1.406,0,0,0,0
aten::matmul,,,5.975,11.358,0,19.821,0,19.821
empty_tensor,,,2.495,2.495,0,0,0,0
aclnnMatmul,,,2.888,2.888,19.821,19.821,19.821,19.821
npu::npu_swiglu,,,14.168,18.574,0,3.18,0,0
empty_tensor,,,2.05,2.05,0,0,0,0
aclnnSwiGlu,,,2.356,2.356,3.18,3.18,0,0
vllm::unquantized_gemm,,,68.278,157.195,0,16.801,0,16.801
P13/1025334/00517/linear,,,74.927,88.917,0,16.801,0,16.801
aten::linear,,,1.056,13.99,0,16.801,0,16.801
aten::t,,,1.212,3.061,0,0,0,0
aten::transpose,,,0.631,1.849,0,0,0,0
aten::as_strided,,,1.218,1.218,0,0,0,0
aten::matmul,,,4.258,9.873,0,16.801,0,16.801
empty_tensor,,,2.851,2.851,0,0,0,0
aclnnMatmul,,,2.764,2.764,16.801,16.801,16.801,16.801
vllm::maybe_chunk_residual,,,7.123,7.123,0,0,0,0
_C_ascend::npu_add_rms_norm_bias,,,12.307,23.375,0,1.64,0,0
aten::empty,,,0.641,2.835,0,0,0,0
empty_tensor,,,2.194,2.194,0,0,0,0
aten::empty,,,0.257,1.15,0,0,0,0
empty_tensor,,,0.893,0.893,0,0,0,0
aten::empty,,,0.285,1.693,0,0,0,0
empty_tensor,,,1.408,1.408,0,0,0,0
aten::empty,,,0.473,2.394,0,0,0,0
empty_tensor,,,1.921,1.921,0,0,0,0
aclnnAddRmsNormBias,,,2.996,2.996,1.64,1.64,0,0
vllm::unquantized_gemm,,,69.635,168.565,0,8.600999999999999,0,7.401
P13/1025334/00518/linear,,,81.725,98.93,0,8.600999999999999,0,7.401
aten::linear,,,1.45,17.205,0,8.600999999999999,0,7.401
aten::t,,,1.252,3.071,0,0,0,0
aten::transpose,,,0.661,1.819,0,0,0,0
aten::as_strided,,,1.158,1.158,0,0,0,0
aten::addmm,,,7.808,12.684,0,8.600999999999999,0,7.401
empty_tensor,,,2.225,2.225,0,0,0,0
aclnnAddmm,,,2.651,2.651,8.600999999999999,8.600999999999999,7.401,7.401
aten::split_with_sizes,,,1.663,3.327,0,0,0,0
aten::as_strided,,,1.02,1.02,0,0,0,0
aten::as_strided,,,0.251,0.251,0,0,0,0
aten::as_strided,,,0.393,0.393,0,0,0,0
vllm::npu_rotary_embedding,,,168.196,870.01,0,2.92,0,0
aten::view,,,1.344,1.344,0,0,0,0
aten::view,,,0.286,0.286,0,0,0,0
P13/1025334/00519/jit_run,,,544.668,697.227,0,2.92,0,0
P13/1025334/00520/launch,,,145.364,152.559,0,2.92,0,0
_triton_rope,,,7.195,7.195,2.92,2.92,0,0
aten::view,,,2.437,2.437,0,0,0,0
aten::view,,,0.52,0.52,0,0,0,0
aten::empty,,,1.09,6.118,0,0,0,0
empty_tensor,,,5.028,5.028,0,0,0,0
aten::view,,,0.916,0.916,0,0,0,0
aten::view,,,0.608,0.608,0,0,0,0
aten::view,,,0.585,0.585,0,0,0,0
aten::view,,,0.588,0.588,0,0,0,0
vllm::unified_attention_with_output,,,96.672,1105.023,0,23.22,0,0
P13/1025334/00521/attention,,,297.019,1008.351,0,23.22,0,0
aten::slice,,,1.177,2.484,0,0,0,0
aten::as_strided,,,1.307,1.307,0,0,0,0
aten::slice,,,0.447,0.931,0,0,0,0
aten::as_strided,,,0.484,0.484,0,0,0,0
aten::slice,,,2.531,3.387,0,0,0,0
aten::as_strided,,,0.856,0.856,0,0,0,0
P13/1025334/00522/cache_write,,,154.223,260.721,0,1.96,0,0
P13/1025334/00523/torch_api,,,85.69,106.498,0,1.96,0,0
atb::_npu_reshape_and_cache,,,17.142,20.808,0,1.96,0,0
ReshapeCacheOperation,,,3.666,3.666,1.96,1.96,0,0
P13/1025334/00524/fia,,,231.503,426.546,0,21.26,0,0
aten::view,,,3.47,3.47,0,0,0,0
aten::view,,,1.02,1.02,0,0,0,0
aten::slice,,,0.877,1.906,0,0,0,0
aten::as_strided,,,1.029,1.029,0,0,0,0
P13/1025334/00525/torch_api,,,105.542,158.814,0,20.64,0,0
npu::npu_fused_infer_attention_score,,,41.53,53.272,0,20.64,0,0
empty_tensor,,,4.74,4.74,0,0,0,0
empty_tensor,,,1.559,1.559,0,0,0,0
empty_tensor,,,0.81,0.81,0,0,0,0
empty_tensor,,,0.736,0.736,0,0,0,0
aclnnFusedInferAttentionScoreV3,,,3.897,3.897,20.64,20.64,0,0
aten::view,,,1.576,1.576,0,0,0,0
aten::slice,,,0.819,1.824,0,0,0,0
aten::as_strided,,,1.005,1.005,0,0,0,0
aten::copy_,,,23.475,26.433,0,0.62,0,0
aclnnInplaceCopy,,,2.958,2.958,0.62,0.62,0,0
aten::slice,,,0.6,1.587,0,0,0,0
aten::as_strided,,,0.987,0.987,0,0,0,0
aten::copy_,,,11.239,15.676,0,0,0,0
aclnnInplaceCopy,,,4.437,4.437,0,0,0,0
aten::view,,,1.306,1.306,0,0,0,0
vllm::unquantized_gemm,,,72.791,176.502,0,5.66,0,5.66
P13/1025334/00526/linear,,,83.068,103.711,0,5.66,0,5.66
aten::linear,,,1.708,20.643,0,5.66,0,5.66
aten::t,,,2.14,4.996,0,0,0,0
aten::transpose,,,1.29,2.856,0,0,0,0
aten::as_strided,,,1.566,1.566,0,0,0,0
aten::matmul,,,7.383,13.939,0,5.66,0,5.66
empty_tensor,,,3.712,3.712,0,0,0,0
aclnnMatmul,,,2.844,2.844,5.66,5.66,5.66,5.66
vllm::maybe_chunk_residual,,,7.33,7.33,0,0,0,0
_C_ascend::npu_add_rms_norm_bias,,,16.025,28.931,0,1.72,0,0
aten::empty,,,1.089,3.904,0,0,0,0
empty_tensor,,,2.815,2.815,0,0,0,0
aten::empty,,,0.403,1.618,0,0,0,0
empty_tensor,,,1.215,1.215,0,0,0,0
aten::empty,,,0.244,1.03,0,0,0,0
empty_tensor,,,0.786,0.786,0,0,0,0
aten::empty,,,0.342,2.91,0,0,0,0
empty_tensor,,,2.568,2.568,0,0,0,0
aclnnAddRmsNormBias,,,3.444,3.444,1.72,1.72,0,0
vllm::unquantized_gemm,,,68.731,165.155,0,19.201,0,19.201
P13/1025334/00527/linear,,,78.603,96.424,0,19.201,0,19.201
aten::linear,,,1.24,17.821,0,19.201,0,19.201
aten::t,,,1.355,5.663,0,0,0,0
aten::transpose,,,0.781,4.308,0,0,0,0
aten::as_strided,,,3.527,3.527,0,0,0,0
aten::matmul,,,5.782,10.918,0,19.201,0,19.201
empty_tensor,,,2.439,2.439,0,0,0,0
aclnnMatmul,,,2.697,2.697,19.201,19.201,19.201,19.201
npu::npu_swiglu,,,14.595,26.263,0,3.04,0,0
empty_tensor,,,2.025,2.025,0,0,0,0
aclnnSwiGlu,,,9.643,9.643,3.04,3.04,0,0
vllm::unquantized_gemm,,,68.665,174.78,0,16.541,0,16.541
P13/1025334/00528/linear,,,91.547,106.115,0,16.541,0,16.541
aten::linear,,,0.958,14.568,0,16.541,0,16.541
aten::t,,,1.282,3.517,0,0,0,0
aten::transpose,,,0.768,2.235,0,0,0,0
aten::as_strided,,,1.467,1.467,0,0,0,0
aten::matmul,,,5.313,10.093,0,16.541,0,16.541
empty_tensor,,,2.353,2.353,0,0,0,0
aclnnMatmul,,,2.427,2.427,16.541,16.541,16.541,16.541
vllm::maybe_chunk_residual,,,7.208,7.208,0,0,0,0
_C_ascend::npu_add_rms_norm_bias,,,13.487,24.391,0,1.721,0,0
aten::empty,,,0.796,3.098,0,0,0,0
empty_tensor,,,2.302,2.302,0,0,0,0
aten::empty,,,0.236,1.504,0,0,0,0
empty_tensor,,,1.268,1.268,0,0,0,0
aten::empty,,,0.377,1.262,0,0,0,0
empty_tensor,,,0.885,0.885,0,0,0,0
aten::empty,,,0.323,2.022,0,0,0,0
empty_tensor,,,1.699,1.699,0,0,0,0
aclnnAddRmsNormBias,,,3.018,3.018,1.721,1.721,0,0
vllm::unquantized_gemm,,,72.557,169.074,0,8.661,0,7.281
P13/1025334/00529/linear,,,78.832,96.517,0,8.661,0,7.281
aten::linear,,,1.297,17.685,0,8.661,0,7.281
aten::t,,,1.262,3.926,0,0,0,0
aten::transpose,,,0.719,2.664,0,0,0,0
aten::as_strided,,,1.945,1.945,0,0,0,0
aten::addmm,,,7.722,12.462,0,8.661,0,7.281
empty_tensor,,,2.121,2.121,0,0,0,0
aclnnAddmm,,,2.619,2.619,8.661,8.661,7.281,7.281
aten::split_with_sizes,,,2.115,3.937,0,0,0,0
aten::as_strided,,,1.143,1.143,0,0,0,0
aten::as_strided,,,0.27,0.27,0,0,0,0
aten::as_strided,,,0.409,0.409,0,0,0,0
vllm::npu_rotary_embedding,,,164.601,845.2,0,2.84,0,0
aten::view,,,1.338,1.338,0,0,0,0
aten::view,,,0.366,0.366,0,0,0,0
P13/1025334/00530/jit_run,,,538.219,676.117,0,2.84,0,0
P13/1025334/00531/launch,,,133.323,137.898,0,2.84,0,0
_triton_rope,,,4.575,4.575,2.84,2.84,0,0
aten::view,,,2.235,2.235,0,0,0,0
aten::view,,,0.543,0.543,0,0,0,0
aten::empty,,,0.942,5.487,0,0,0,0
empty_tensor,,,4.545,4.545,0,0,0,0
aten::view,,,0.929,0.929,0,0,0,0
aten::view,,,0.64,0.64,0,0,0,0
aten::view,,,0.667,0.667,0,0,0,0
aten::view,,,0.447,0.447,0,0,0,0
vllm::unified_attention_with_output,,,93.361,1071.538,0,23.021,0,0
P13/1025334/00532/attention,,,282.59,978.177,0,23.021,0,0
aten::slice,,,1.189,2.611,0,0,0,0
aten::as_strided,,,1.422,1.422,0,0,0,0
aten::slice,,,0.518,1.039,0,0,0,0
aten::as_strided,,,0.521,0.521,0,0,0,0
aten::slice,,,3.385,4.337,0,0,0,0
aten::as_strided,,,0.952,0.952,0,0,0,0
P13/1025334/00533/cache_write,,,145.982,249.383,0,1.94,0,0
P13/1025334/00534/torch_api,,,80.947,103.401,0,1.94,0,0
atb::_npu_reshape_and_cache,,,18.888,22.454,0,1.94,0,0
ReshapeCacheOperation,,,3.566,3.566,1.94,1.94,0,0
P13/1025334/00535/fia,,,225.865,423.243,0,21.081,0,0
aten::view,,,3.296,3.296,0,0,0,0
aten::view,,,1.015,1.015,0,0,0,0
aten::slice,,,0.726,1.87,0,0,0,0
aten::as_strided,,,1.144,1.144,0,0,0,0
P13/1025334/00536/torch_api,,,106.285,158.031,0,20.501,0,0
npu::npu_fused_infer_attention_score,,,41.089,51.746,0,20.501,0,0
empty_tensor,,,4.51,4.51,0,0,0,0
empty_tensor,,,1.149,1.149,0,0,0,0
empty_tensor,,,0.798,0.798,0,0,0,0
empty_tensor,,,0.712,0.712,0,0,0,0
aclnnFusedInferAttentionScoreV3,,,3.488,3.488,20.501,20.501,0,0
aten::view,,,1.538,1.538,0,0,0,0
aten::slice,,,0.644,1.691,0,0,0,0
aten::as_strided,,,1.047,1.047,0,0,0,0
aten::copy_,,,23.703,29.937,0,0.58,0,0
aclnnInplaceCopy,,,6.234,6.234,0.58,0.58,0,0
aten::slice,,,0.574,1.442,0,0,0,0
aten::as_strided,,,0.868,0.868,0,0,0,0
aten::copy_,,,10.975,13.532,0,0,0,0
aclnnInplaceCopy,,,2.557,2.557,0,0,0,0
aten::view,,,1.283,1.283,0,0,0,0
vllm::unquantized_gemm,,,76.819,173.666,0,6.4,0,6.4
P13/1025334/00537/linear,,,74.623,96.847,0,6.4,0,6.4
aten::linear,,,1.682,22.224,0,6.4,0,6.4
aten::t,,,2.188,5.516,0,0,0,0
aten::transpose,,,1.275,3.328,0,0,0,0
aten::as_strided,,,2.053,2.053,0,0,0,0
aten::matmul,,,7.644,15.026,0,6.4,0,6.4
empty_tensor,,,4.156,4.156,0,0,0,0
aclnnMatmul,,,3.226,3.226,6.4,6.4,6.4,6.4
vllm::maybe_chunk_residual,,,7.477,7.477,0,0,0,0
_C_ascend::npu_add_rms_norm_bias,,,16.329,29.69,0,1.72,0,0
aten::empty,,,1.123,4.2,0,0,0,0
empty_tensor,,,3.077,3.077,0,0,0,0
aten::empty,,,0.393,1.699,0,0,0,0
empty_tensor,,,1.306,1.306,0,0,0,0
aten::empty,,,0.401,1.306,0,0,0,0
empty_tensor,,,0.905,0.905,0,0,0,0
aten::empty,,,0.42,2.421,0,0,0,0
empty_tensor,,,2.001,2.001,0,0,0,0
aclnnAddRmsNormBias,,,3.735,3.735,1.72,1.72,0,0
vllm::unquantized_gemm,,,73.503,178.158,0,19.24,0,19.24
P13/1025334/00538/linear,,,87.917,104.655,0,19.24,0,19.24
aten::linear,,,1.503,16.738,0,19.24,0,19.24
aten::t,,,1.501,3.873,0,0,0,0
aten::transpose,,,0.77,2.372,0,0,0,0
aten::as_strided,,,1.602,1.602,0,0,0,0
aten::matmul,,,6.002,11.362,0,19.24,0,19.24
empty_tensor,,,2.485,2.485,0,0,0,0
aclnnMatmul,,,2.875,2.875,19.24,19.24,19.24,19.24
npu::npu_swiglu,,,14.716,19.894,0,2.98,0,0
empty_tensor,,,2.129,2.129,0,0,0,0
aclnnSwiGlu,,,3.049,3.049,2.98,2.98,0,0
vllm::unquantized_gemm,,,67.115,157.526,0,16.86,0,16.86
P13/1025334/00539/linear,,,75.667,90.411,0,16.86,0,16.86
aten::linear,,,1.064,14.744,0,16.86,0,16.86
aten::t,,,1.136,3.627,0,0,0,0
aten::transpose,,,0.652,2.491,0,0,0,0
aten::as_strided,,,1.839,1.839,0,0,0,0
aten::matmul,,,4.837,10.053,0,16.86,0,16.86
empty_tensor,,,1.899,1.899,0,0,0,0
aclnnMatmul,,,3.317,3.317,16.86,16.86,16.86,16.86
vllm::maybe_chunk_residual,,,7.277,7.277,0,0,0,0
_C_ascend::npu_add_rms_norm_bias,,,12.326,26.835,0,1.72,0,0
aten::empty,,,0.69,2.902,0,0,0,0
empty_tensor,,,2.212,2.212,0,0,0,0
aten::empty,,,0.271,1.247,0,0,0,0
empty_tensor,,,0.976,0.976,0,0,0,0
aten::empty,,,0.412,1.449,0,0,0,0
empty_tensor,,,1.037,1.037,0,0,0,0
aten::empty,,,0.412,2.254,0,0,0,0
empty_tensor,,,1.842,1.842,0,0,0,0
aclnnAddRmsNormBias,,,6.657,6.657,1.72,1.72,0,0
vllm::unquantized_gemm,,,71.103,172.408,0,9.0,0,7.86
P13/1025334/00540/linear,,,83.259,101.305,0,9.0,0,7.86
aten::linear,,,1.552,18.046,0,9.0,0,7.86
aten::t,,,1.263,3.249,0,0,0,0
aten::transpose,,,0.568,1.986,0,0,0,0
aten::as_strided,,,1.418,1.418,0,0,0,0
aten::addmm,,,7.932,13.245,0,9.0,0,7.86
empty_tensor,,,2.538,2.538,0,0,0,0
aclnnAddmm,,,2.775,2.775,9.0,9.0,7.86,7.86
aten::split_with_sizes,,,1.906,3.49,0,0,0,0
aten::as_strided,,,1.104,1.104,0,0,0,0
aten::as_strided,,,0.234,0.234,0,0,0,0
aten::as_strided,,,0.246,0.246,0,0,0,0
vllm::npu_rotary_embedding,,,170.623,892.907,0,3.22,0,0
aten::view,,,1.322,1.322,0,0,0,0
aten::view,,,0.616,0.616,0,0,0,0
P13/1025334/00541/jit_run,,,557.19,716.964,0,3.22,0,0
P13/1025334/00542/launch,,,154.087,159.774,0,3.22,0,0
_triton_rope,,,5.687,5.687,3.22,3.22,0,0
aten::view,,,2.806,2.806,0,0,0,0
aten::view,,,0.576,0.576,0,0,0,0
aten::empty,,,1.078,5.83,0,0,0,0
empty_tensor,,,4.752,4.752,0,0,0,0
aten::view,,,0.832,0.832,0,0,0,0
aten::view,,,0.558,0.558,0,0,0,0
aten::view,,,0.576,0.576,0,0,0,0
aten::view,,,0.559,0.559,0,0,0,0
vllm::unified_attention_with_output,,,98.398,1081.23,0,20.221,0,0
P13/1025334/00543/attention,,,292.398,982.832,0,20.221,0,0
aten::slice,,,1.419,2.904,0,0,0,0
aten::as_strided,,,1.485,1.485,0,0,0,0
aten::slice,,,0.462,1.009,0,0,0,0
aten::as_strided,,,0.547,0.547,0,0,0,0
aten::slice,,,2.578,3.535,0,0,0,0
aten::as_strided,,,0.957,0.957,0,0,0,0
P13/1025334/00544/cache_write,,,141.481,244.708,0,1.62,0,0
P13/1025334/00545/torch_api,,,81.994,103.227,0,1.62,0,0
atb::_npu_reshape_and_cache,,,17.556,21.233,0,1.62,0,0
ReshapeCacheOperation,,,3.677,3.677,1.62,1.62,0,0
P13/1025334/00546/fia,,,228.836,422.666,0,18.601000000000003,0,0
aten::view,,,3.103,3.103,0,0,0,0
aten::view,,,0.979,0.979,0,0,0,0
aten::slice,,,0.699,1.673,0,0,0,0
aten::as_strided,,,0.974,0.974,0,0,0,0
P13/1025334/00547/torch_api,,,105.222,158.577,0,17.981,0,0
npu::npu_fused_infer_attention_score,,,42.681,53.355,0,17.981,0,0
empty_tensor,,,4.543,4.543,0,0,0,0
empty_tensor,,,1.224,1.224,0,0,0,0
empty_tensor,,,0.865,0.865,0,0,0,0
empty_tensor,,,0.749,0.749,0,0,0,0
aclnnFusedInferAttentionScoreV3,,,3.293,3.293,17.981,17.981,0,0
aten::view,,,1.478,1.478,0,0,0,0
aten::slice,,,0.689,1.758,0,0,0,0
aten::as_strided,,,1.069,1.069,0,0,0,0
aten::copy_,,,23.298,26.262,0,0.62,0,0
aclnnInplaceCopy,,,2.964,2.964,0.62,0.62,0,0
aten::slice,,,0.649,1.667,0,0,0,0
aten::as_strided,,,1.018,1.018,0,0,0,0
aten::copy_,,,11.388,13.945,0,0,0,0
aclnnInplaceCopy,,,2.557,2.557,0,0,0,0
aten::view,,,1.3,1.3,0,0,0,0
vllm::unquantized_gemm,,,72.146,170.981,0,5.8,0,5.8
P13/1025334/00548/linear,,,78.134,98.835,0,5.8,0,5.8
aten::linear,,,1.781,20.701,0,5.8,0,5.8
aten::t,,,2.011,4.546,0,0,0,0
aten::transpose,,,1.094,2.535,0,0,0,0
aten::as_strided,,,1.441,1.441,0,0,0,0
aten::matmul,,,7.676,14.374,0,5.8,0,5.8
empty_tensor,,,3.943,3.943,0,0,0,0
aclnnMatmul,,,2.755,2.755,5.8,5.8,5.8,5.8
vllm::maybe_chunk_residual,,,7.375,7.375,0,0,0,0
_C_ascend::npu_add_rms_norm_bias,,,15.758,35.938,0,1.72,0,0
aten::empty,,,1.016,3.98,0,0,0,0
empty_tensor,,,2.964,2.964,0,0,0,0
aten::empty,,,0.398,1.697,0,0,0,0
empty_tensor,,,1.299,1.299,0,0,0,0
aten::empty,,,0.31,1.489,0,0,0,0
empty_tensor,,,1.179,1.179,0,0,0,0
aten::empty,,,0.383,3.517,0,0,0,0
empty_tensor,,,3.134,3.134,0,0,0,0
aclnnAddRmsNormBias,,,9.497,9.497,1.72,1.72,0,0
vllm::unquantized_gemm,,,73.857,170.01,0,19.221,0,19.221
P13/1025334/00549/linear,,,80.216,96.153,0,19.221,0,19.221
aten::linear,,,1.243,15.937,0,19.221,0,19.221
aten::t,,,1.442,3.774,0,0,0,0
aten::transpose,,,0.85,2.332,0,0,0,0
aten::as_strided,,,1.482,1.482,0,0,0,0
aten::matmul,,,5.734,10.92,0,19.221,0,19.221
empty_tensor,,,2.337,2.337,0,0,0,0
aclnnMatmul,,,2.849,2.849,19.221,19.221,19.221,19.221
npu::npu_swiglu,,,14.599,19.363,0,3.06,0,0
empty_tensor,,,2.216,2.216,0,0,0,0
aclnnSwiGlu,,,2.548,2.548,3.06,3.06,0,0
vllm::unquantized_gemm,,,70.138,157.114,0,16.521,0,16.521
P13/1025334/00550/linear,,,74.013,86.976,0,16.521,0,16.521
aten::linear,,,0.969,12.963,0,16.521,0,16.521
aten::t,,,1.15,3.003,0,0,0,0
aten::transpose,,,0.615,1.853,0,0,0,0
aten::as_strided,,,1.238,1.238,0,0,0,0
aten::matmul,,,4.57,8.991,0,16.521,0,16.521
empty_tensor,,,1.915,1.915,0,0,0,0
aclnnMatmul,,,2.506,2.506,16.521,16.521,16.521,16.521
vllm::maybe_chunk_residual,,,6.986,6.986,0,0,0,0
_C_ascend::npu_add_rms_norm_bias,,,13.119,24.621,0,1.64,0,0
aten::empty,,,0.817,3.267,0,0,0,0
empty_tensor,,,2.45,2.45,0,0,0,0
aten::empty,,,0.258,1.267,0,0,0,0
empty_tensor,,,1.009,1.009,0,0,0,0
aten::empty,,,0.284,1.236,0,0,0,0
empty_tensor,,,0.952,0.952,0,0,0,0
aten::empty,,,0.395,2.405,0,0,0,0
empty_tensor,,,2.01,2.01,0,0,0,0
aclnnAddRmsNormBias,,,3.327,3.327,1.64,1.64,0,0
vllm::unquantized_gemm,,,77.998,193.782,0,8.481,0,7.4
P13/1025334/00551/linear,,,97.479,115.784,0,8.481,0,7.4
aten::linear,,,1.427,18.305,0,8.481,0,7.4
aten::t,,,1.469,3.597,0,0,0,0
aten::transpose,,,0.793,2.128,0,0,0,0
aten::as_strided,,,1.335,1.335,0,0,0,0
aten::addmm,,,8.354,13.281,0,8.481,0,7.4
empty_tensor,,,2.226,2.226,0,0,0,0
aclnnAddmm,,,2.701,2.701,8.481,8.481,7.4,7.4
aten::split_with_sizes,,,1.812,3.429,0,0,0,0
aten::as_strided,,,1.148,1.148,0,0,0,0
aten::as_strided,,,0.23,0.23,0,0,0,0
aten::as_strided,,,0.239,0.239,0,0,0,0
vllm::npu_rotary_embedding,,,164.449,855.571,0,2.761,0,0
aten::view,,,1.282,1.282,0,0,0,0
aten::view,,,0.459,0.459,0,0,0,0
P13/1025334/00552/jit_run,,,541.237,686.466,0,2.761,0,0
P13/1025334/00553/launch,,,140.179,145.229,0,2.761,0,0
_triton_rope,,,5.05,5.05,2.761,2.761,0,0
aten::view,,,2.344,2.344,0,0,0,0
aten::view,,,0.571,0.571,0,0,0,0
aten::empty,,,0.962,5.144,0,0,0,0
empty_tensor,,,4.182,4.182,0,0,0,0
aten::view,,,0.778,0.778,0,0,0,0
aten::view,,,0.545,0.545,0,0,0,0
aten::view,,,0.468,0.468,0,0,0,0
aten::view,,,0.437,0.437,0,0,0,0
vllm::unified_attention_with_output,,,95.791,1128.292,0,24.621,0,0
P13/1025334/00554/attention,,,295.538,1032.501,0,24.621,0,0
aten::slice,,,1.357,2.736,0,0,0,0
aten::as_strided,,,1.379,1.379,0,0,0,0
aten::slice,,,2.61,3.126,0,0,0,0
aten::as_strided,,,0.516,0.516,0,0,0,0
aten::slice,,,2.571,3.535,0,0,0,0
aten::as_strided,,,0.964,0.964,0,0,0,0
P13/1025334/00555/cache_write,,,167.692,280.48,0,1.66,0,0
P13/1025334/00556/torch_api,,,89.422,112.788,0,1.66,0,0
atb::_npu_reshape_and_cache,,,19.858,23.366,0,1.66,0,0
ReshapeCacheOperation,,,3.508,3.508,1.66,1.66,0,0
P13/1025334/00557/fia,,,229.539,432.73,0,22.961,0,0
aten::view,,,3.452,3.452,0,0,0,0
aten::view,,,1.021,1.021,0,0,0,0
aten::slice,,,0.759,1.841,0,0,0,0
aten::as_strided,,,1.082,1.082,0,0,0,0
P13/1025334/00558/torch_api,,,108.497,166.672,0,22.381,0,0
npu::npu_fused_infer_attention_score,,,40.929,58.175,0,22.381,0,0
empty_tensor,,,4.829,4.829,0,0,0,0
empty_tensor,,,1.176,1.176,0,0,0,0
empty_tensor,,,0.805,0.805,0,0,0,0
empty_tensor,,,0.733,0.733,0,0,0,0
aclnnFusedInferAttentionScoreV3,,,9.703,9.703,22.381,22.381,0,0
aten::view,,,1.539,1.539,0,0,0,0
aten::slice,,,0.773,1.816,0,0,0,0
aten::as_strided,,,1.043,1.043,0,0,0,0
aten::copy_,,,23.65,26.85,0,0.58,0,0
aclnnInplaceCopy,,,3.2,3.2,0.58,0.58,0,0
aten::slice,,,0.552,1.439,0,0,0,0
aten::as_strided,,,0.887,0.887,0,0,0,0
aten::copy_,,,10.338,12.917,0,0,0,0
aclnnInplaceCopy,,,2.579,2.579,0,0,0,0
aten::view,,,1.241,1.241,0,0,0,0
vllm::unquantized_gemm,,,76.784,190.21,0,5.741,0,5.741
P13/1025334/00559/linear,,,91.853,113.426,0,5.741,0,5.741
aten::linear,,,1.735,21.573,0,5.741,0,5.741
aten::t,,,2.333,5.129,0,0,0,0
aten::transpose,,,1.123,2.796,0,0,0,0
aten::as_strided,,,1.673,1.673,0,0,0,0
aten::matmul,,,7.659,14.709,0,5.741,0,5.741
empty_tensor,,,4.073,4.073,0,0,0,0
aclnnMatmul,,,2.977,2.977,5.741,5.741,5.741,5.741
vllm::maybe_chunk_residual,,,7.747,7.747,0,0,0,0
_C_ascend::npu_add_rms_norm_bias,,,16.331,29.365,0,1.64,0,0
aten::empty,,,0.981,3.901,0,0,0,0
empty_tensor,,,2.92,2.92,0,0,0,0
aten::empty,,,0.37,1.752,0,0,0,0
empty_tensor,,,1.382,1.382,0,0,0,0
aten::empty,,,0.212,1.187,0,0,0,0
empty_tensor,,,0.975,0.975,0,0,0,0
aten::empty,,,0.436,2.959,0,0,0,0
empty_tensor,,,2.523,2.523,0,0,0,0
aclnnAddRmsNormBias,,,3.235,3.235,1.64,1.64,0,0
vllm::unquantized_gemm,,,70.713,168.177,0,19.501,0,19.501
P13/1025334/00560/linear,,,81.727,97.464,0,19.501,0,19.501
aten::linear,,,1.235,15.737,0,19.501,0,19.501
aten::t,,,1.43,3.587,0,0,0,0
aten::transpose,,,0.742,2.157,0,0,0,0
aten::as_strided,,,1.415,1.415,0,0,0,0
aten::matmul,,,5.646,10.915,0,19.501,0,19.501
empty_tensor,,,2.313,2.313,0,0,0,0
aclnnMatmul,,,2.956,2.956,19.501,19.501,19.501,19.501
npu::npu_swiglu,,,14.969,19.918,0,2.94,0,0
empty_tensor,,,2.241,2.241,0,0,0,0
aclnnSwiGlu,,,2.708,2.708,2.94,2.94,0,0
vllm::unquantized_gemm,,,66.52,157.986,0,16.641,0,16.641
P13/1025334/00561/linear,,,75.288,91.466,0,16.641,0,16.641
aten::linear,,,0.976,16.178,0,16.641,0,16.641
aten::t,,,1.15,3.013,0,0,0,0
aten::transpose,,,0.624,1.863,0,0,0,0
aten::as_strided,,,1.239,1.239,0,0,0,0
aten::matmul,,,4.67,12.189,0,16.641,0,16.641
empty_tensor,,,1.922,1.922,0,0,0,0
aclnnMatmul,,,5.597,5.597,16.641,16.641,16.641,16.641
vllm::maybe_chunk_residual,,,6.873,6.873,0,0,0,0
_C_ascend::npu_add_rms_norm_bias,,,12.319,23.525,0,1.66,0,0
aten::empty,,,0.695,2.965,0,0,0,0
empty_tensor,,,2.27,2.27,0,0,0,0
aten::empty,,,0.44,1.56,0,0,0,0
empty_tensor,,,1.12,1.12,0,0,0,0
aten::empty,,,0.427,1.423,0,0,0,0
empty_tensor,,,0.996,0.996,0,0,0,0
aten::empty,,,0.374,2.204,0,0,0,0
empty_tensor,,,1.83,1.83,0,0,0,0
aclnnAddRmsNormBias,,,3.054,3.054,1.66,1.66,0,0
vllm::unquantized_gemm,,,80.682,193.441,0,8.600999999999999,0,7.42
P13/1025334/00562/linear,,,94.627,112.759,0,8.600999999999999,0,7.42
aten::linear,,,1.503,18.132,0,8.600999999999999,0,7.42
aten::t,,,1.318,3.446,0,0,0,0
aten::transpose,,,0.723,2.128,0,0,0,0
aten::as_strided,,,1.405,1.405,0,0,0,0
aten::addmm,,,8.349,13.183,0,8.600999999999999,0,7.42
empty_tensor,,,2.319,2.319,0,0,0,0
aclnnAddmm,,,2.515,2.515,8.600999999999999,8.600999999999999,7.42,7.42
aten::split_with_sizes,,,1.84,3.43,0,0,0,0
aten::as_strided,,,1.17,1.17,0,0,0,0
aten::as_strided,,,0.229,0.229,0,0,0,0
aten::as_strided,,,0.191,0.191,0,0,0,0
vllm::npu_rotary_embedding,,,168.322,856.009,0,2.86,0,0
aten::view,,,1.252,1.252,0,0,0,0
aten::view,,,1.128,1.128,0,0,0,0
P13/1025334/00563/jit_run,,,537.884,682.374,0,2.86,0,0
P13/1025334/00564/launch,,,140.03,144.49,0,2.86,0,0
_triton_rope,,,4.46,4.46,2.86,2.86,0,0
aten::view,,,2.408,2.408,0,0,0,0
aten::view,,,0.525,0.525,0,0,0,0
aten::empty,,,1.13,5.638,0,0,0,0
empty_tensor,,,4.508,4.508,0,0,0,0
aten::view,,,0.861,0.861,0,0,0,0
aten::view,,,0.577,0.577,0,0,0,0
aten::view,,,0.498,0.498,0,0,0,0
aten::view,,,0.452,0.452,0,0,0,0
vllm::unified_attention_with_output,,,102.425,1095.991,0,25.641,0,0
P13/1025334/00565/attention,,,294.865,993.566,0,25.641,0,0
aten::slice,,,1.257,2.679,0,0,0,0
aten::as_strided,,,1.422,1.422,0,0,0,0
aten::slice,,,0.533,0.895,0,0,0,0
aten::as_strided,,,0.362,0.362,0,0,0,0
aten::slice,,,2.473,3.445,0,0,0,0
aten::as_strided,,,0.972,0.972,0,0,0,0
P13/1025334/00566/cache_write,,,148.95,251.547,0,2.12,0,0
P13/1025334/00567/torch_api,,,81.863,102.597,0,2.12,0,0
atb::_npu_reshape_and_cache,,,17.316,20.734,0,2.12,0,0
ReshapeCacheOperation,,,3.418,3.418,2.12,2.12,0,0
P13/1025334/00568/fia,,,228.152,421.532,0,23.521,0,0
aten::view,,,3.141,3.141,0,0,0,0
aten::view,,,0.997,0.997,0,0,0,0
aten::slice,,,1.697,2.831,0,0,0,0
aten::as_strided,,,1.134,1.134,0,0,0,0
P13/1025334/00569/torch_api,,,105.519,157.072,0,22.901,0,0
npu::npu_fused_infer_attention_score,,,41.269,51.553,0,22.901,0,0
empty_tensor,,,4.364,4.364,0,0,0,0
empty_tensor,,,0.985,0.985,0,0,0,0
empty_tensor,,,0.777,0.777,0,0,0,0
empty_tensor,,,0.724,0.724,0,0,0,0
aclnnFusedInferAttentionScoreV3,,,3.434,3.434,22.901,22.901,0,0
aten::view,,,1.429,1.429,0,0,0,0
aten::slice,,,0.705,1.738,0,0,0,0
aten::as_strided,,,1.033,1.033,0,0,0,0
aten::copy_,,,23.186,26.172,0,0.62,0,0
aclnnInplaceCopy,,,2.986,2.986,0.62,0.62,0,0
aten::slice,,,0.675,1.786,0,0,0,0
aten::as_strided,,,1.111,1.111,0,0,0,0
aten::copy_,,,11.873,16.817,0,0,0,0
aclnnInplaceCopy,,,4.944,4.944,0,0,0,0
aten::view,,,1.373,1.373,0,0,0,0
vllm::unquantized_gemm,,,73.782,182.997,0,5.721,0,5.721
P13/1025334/00570/linear,,,80.536,109.215,0,5.721,0,5.721
aten::linear,,,1.779,28.679,0,5.721,0,5.721
aten::t,,,2.301,4.986,0,0,0,0
aten::transpose,,,1.235,2.685,0,0,0,0
aten::as_strided,,,1.45,1.45,0,0,0,0
aten::matmul,,,7.684,21.914,0,5.721,0,5.721
empty_tensor,,,4.073,4.073,0,0,0,0
aclnnMatmul,,,10.157,10.157,5.721,5.721,5.721,5.721
vllm::maybe_chunk_residual,,,7.575,7.575,0,0,0,0
_C_ascend::npu_add_rms_norm_bias,,,16.223,34.34,0,1.6,0,0
aten::empty,,,1.182,4.342,0,0,0,0
empty_tensor,,,3.16,3.16,0,0,0,0
aten::empty,,,0.222,1.619,0,0,0,0
empty_tensor,,,1.397,1.397,0,0,0,0
aten::empty,,,0.221,2.202,0,0,0,0
empty_tensor,,,1.981,1.981,0,0,0,0
aten::empty,,,0.561,3.059,0,0,0,0
empty_tensor,,,2.498,2.498,0,0,0,0
aclnnAddRmsNormBias,,,6.895,6.895,1.6,1.6,0,0
vllm::unquantized_gemm,,,75.797,171.035,0,19.221,0,19.221
P13/1025334/00571/linear,,,79.258,95.238,0,19.221,0,19.221
aten::linear,,,1.212,15.98,0,19.221,0,19.221
aten::t,,,1.57,3.713,0,0,0,0
aten::transpose,,,0.721,2.143,0,0,0,0
aten::as_strided,,,1.422,1.422,0,0,0,0
aten::matmul,,,6.0,11.055,0,19.221,0,19.221
empty_tensor,,,2.241,2.241,0,0,0,0
aclnnMatmul,,,2.814,2.814,19.221,19.221,19.221,19.221
npu::npu_swiglu,,,14.436,19.041,0,4.12,0,0
empty_tensor,,,2.011,2.011,0,0,0,0
aclnnSwiGlu,,,2.594,2.594,4.12,4.12,0,0
vllm::unquantized_gemm,,,66.257,153.401,0,16.52,0,16.52
P13/1025334/00572/linear,,,74.122,87.144,0,16.52,0,16.52
aten::linear,,,0.968,13.022,0,16.52,0,16.52
aten::t,,,1.16,3.066,0,0,0,0
aten::transpose,,,0.667,1.906,0,0,0,0
aten::as_strided,,,1.239,1.239,0,0,0,0
aten::matmul,,,4.618,8.988,0,16.52,0,16.52
empty_tensor,,,1.845,1.845,0,0,0,0
aclnnMatmul,,,2.525,2.525,16.52,16.52,16.52,16.52
vllm::maybe_chunk_residual,,,6.506,6.506,0,0,0,0
_C_ascend::npu_add_rms_norm_bias,,,12.526,23.89,0,2.0,0,0
aten::empty,,,0.6,2.694,0,0,0,0
empty_tensor,,,2.094,2.094,0,0,0,0
aten::empty,,,0.219,1.415,0,0,0,0
empty_tensor,,,1.196,1.196,0,0,0,0
aten::empty,,,0.441,1.336,0,0,0,0
empty_tensor,,,0.895,0.895,0,0,0,0
aten::empty,,,1.222,2.951,0,0,0,0
empty_tensor,,,1.729,1.729,0,0,0,0
aclnnAddRmsNormBias,,,2.968,2.968,2.0,2.0,0,0
vllm::unquantized_gemm,,,70.929,164.329,0,8.52,0,7.38
P13/1025334/00573/linear,,,76.799,93.4,0,8.52,0,7.38
aten::linear,,,1.344,16.601,0,8.52,0,7.38
aten::t,,,1.156,2.982,0,0,0,0
aten::transpose,,,0.613,1.826,0,0,0,0
aten::as_strided,,,1.213,1.213,0,0,0,0
aten::addmm,,,7.528,12.275,0,8.52,0,7.38
empty_tensor,,,2.139,2.139,0,0,0,0
aclnnAddmm,,,2.608,2.608,8.52,8.52,7.38,7.38
aten::split_with_sizes,,,1.809,3.486,0,0,0,0
aten::as_strided,,,1.087,1.087,0,0,0,0
aten::as_strided,,,0.251,0.251,0,0,0,0
aten::as_strided,,,0.339,0.339,0,0,0,0
vllm::npu_rotary_embedding,,,164.354,873.206,0,3.16,0,0
aten::view,,,1.271,1.271,0,0,0,0
aten::view,,,0.559,0.559,0,0,0,0
P13/1025334/00574/jit_run,,,544.894,703.91,0,3.16,0,0
P13/1025334/00575/launch,,,143.121,159.016,0,3.16,0,0
_triton_rope,,,15.895,15.895,3.16,3.16,0,0
aten::view,,,2.491,2.491,0,0,0,0
aten::view,,,0.621,0.621,0,0,0,0
aten::empty,,,1.063,5.881,0,0,0,0
empty_tensor,,,4.818,4.818,0,0,0,0
aten::view,,,0.874,0.874,0,0,0,0
aten::view,,,0.719,0.719,0,0,0,0
aten::view,,,0.474,0.474,0,0,0,0
aten::view,,,0.42,0.42,0,0,0,0
vllm::unified_attention_with_output,,,96.532,1088.283,0,22.160999999999998,0,0
P13/1025334/00576/attention,,,288.321,991.751,0,22.160999999999998,0,0
aten::slice,,,1.424,2.851,0,0,0,0
aten::as_strided,,,1.427,1.427,0,0,0,0
aten::slice,,,0.478,0.992,0,0,0,0
aten::as_strided,,,0.514,0.514,0,0,0,0
aten::slice,,,2.586,3.411,0,0,0,0
aten::as_strided,,,0.825,0.825,0,0,0,0
P13/1025334/00577/cache_write,,,148.824,256.718,0,1.82,0,0
P13/1025334/00578/torch_api,,,86.139,107.894,0,1.82,0,0
atb::_npu_reshape_and_cache,,,17.662,21.755,0,1.82,0,0
ReshapeCacheOperation,,,4.093,4.093,1.82,1.82,0,0
P13/1025334/00579/fia,,,226.455,424.966,0,20.340999999999998,0,0
aten::view,,,3.32,3.32,0,0,0,0
aten::view,,,0.972,0.972,0,0,0,0
aten::slice,,,0.78,1.862,0,0,0,0
aten::as_strided,,,1.082,1.082,0,0,0,0
P13/1025334/00580/torch_api,,,108.634,162.048,0,19.781,0,0
npu::npu_fused_infer_attention_score,,,41.323,53.414,0,19.781,0,0
empty_tensor,,,4.679,4.679,0,0,0,0
empty_tensor,,,1.774,1.774,0,0,0,0
empty_tensor,,,0.836,0.836,0,0,0,0
empty_tensor,,,1.046,1.046,0,0,0,0
aclnnFusedInferAttentionScoreV3,,,3.756,3.756,19.781,19.781,0,0
aten::view,,,1.533,1.533,0,0,0,0
aten::slice,,,0.72,2.268,0,0,0,0
aten::as_strided,,,1.548,1.548,0,0,0,0
aten::copy_,,,23.463,26.508,0,0.56,0,0
aclnnInplaceCopy,,,3.045,3.045,0.56,0.56,0,0
aten::slice,,,0.665,1.551,0,0,0,0
aten::as_strided,,,0.886,0.886,0,0,0,0
aten::copy_,,,10.358,12.941,0,0,0,0
aclnnInplaceCopy,,,2.583,2.583,0,0,0,0
aten::view,,,1.178,1.178,0,0,0,0
vllm::unquantized_gemm,,,69.32,167.797,0,6.32,0,6.32
P13/1025334/00581/linear,,,77.74,98.477,0,6.32,0,6.32
aten::linear,,,1.9,20.737,0,6.32,0,6.32
aten::t,,,2.185,4.797,0,0,0,0
aten::transpose,,,1.082,2.612,0,0,0,0
aten::as_strided,,,1.53,1.53,0,0,0,0
aten::matmul,,,7.446,14.04,0,6.32,0,6.32
empty_tensor,,,3.84,3.84,0,0,0,0
aclnnMatmul,,,2.754,2.754,6.32,6.32,6.32,6.32
vllm::maybe_chunk_residual,,,7.604,7.604,0,0,0,0
_C_ascend::npu_add_rms_norm_bias,,,15.521,28.569,0,1.68,0,0
aten::empty,,,1.068,3.908,0,0,0,0
empty_tensor,,,2.84,2.84,0,0,0,0
aten::empty,,,0.297,1.326,0,0,0,0
empty_tensor,,,1.029,1.029,0,0,0,0
aten::empty,,,0.407,1.638,0,0,0,0
empty_tensor,,,1.231,1.231,0,0,0,0
aten::empty,,,0.611,2.854,0,0,0,0
empty_tensor,,,2.243,2.243,0,0,0,0
aclnnAddRmsNormBias,,,3.322,3.322,1.68,1.68,0,0
vllm::unquantized_gemm,,,73.453,177.589,0,19.241,0,19.241
P13/1025334/00582/linear,,,87.519,104.136,0,19.241,0,19.241
aten::linear,,,1.471,16.617,0,19.241,0,19.241
aten::t,,,1.536,3.896,0,0,0,0
aten::transpose,,,0.935,2.36,0,0,0,0
aten::as_strided,,,1.425,1.425,0,0,0,0
aten::matmul,,,5.965,11.25,0,19.241,0,19.241
empty_tensor,,,2.432,2.432,0,0,0,0
aclnnMatmul,,,2.853,2.853,19.241,19.241,19.241,19.241
npu::npu_swiglu,,,14.469,29.795,0,3.08,0,0
empty_tensor,,,4.783,4.783,0,0,0,0
aclnnSwiGlu,,,10.543,10.543,3.08,3.08,0,0
vllm::unquantized_gemm,,,77.567,202.324,0,16.761,0,16.761
P13/1025334/00583/linear,,,106.702,124.757,0,16.761,0,16.761
aten::linear,,,1.285,18.055,0,16.761,0,16.761
aten::t,,,1.495,3.964,0,0,0,0
aten::transpose,,,0.832,2.469,0,0,0,0
aten::as_strided,,,1.637,1.637,0,0,0,0
aten::matmul,,,5.718,12.806,0,16.761,0,16.761
empty_tensor,,,2.397,2.397,0,0,0,0
aclnnMatmul,,,4.691,4.691,16.761,16.761,16.761,16.761
vllm::maybe_chunk_residual,,,7.195,7.195,0,0,0,0
_C_ascend::npu_add_rms_norm_bias,,,14.779,26.672,0,1.7,0,0
aten::empty,,,0.956,3.52,0,0,0,0
empty_tensor,,,2.564,2.564,0,0,0,0
aten::empty,,,0.234,1.208,0,0,0,0
empty_tensor,,,0.974,0.974,0,0,0,0
aten::empty,,,0.241,1.26,0,0,0,0
empty_tensor,,,1.019,1.019,0,0,0,0
aten::empty,,,0.429,2.497,0,0,0,0
empty_tensor,,,2.068,2.068,0,0,0,0
aclnnAddRmsNormBias,,,3.408,3.408,1.7,1.7,0,0
vllm::unquantized_gemm,,,73.123,173.38,0,8.94,0,7.88
P13/1025334/00584/linear,,,80.99,100.257,0,8.94,0,7.88
aten::linear,,,1.457,19.267,0,8.94,0,7.88
aten::t,,,1.292,3.472,0,0,0,0
aten::transpose,,,0.677,2.18,0,0,0,0
aten::as_strided,,,1.503,1.503,0,0,0,0
aten::addmm,,,8.26,14.338,0,8.94,0,7.88
empty_tensor,,,2.168,2.168,0,0,0,0
aclnnAddmm,,,3.91,3.91,8.94,8.94,7.88,7.88
aten::split_with_sizes,,,1.912,3.518,0,0,0,0
aten::as_strided,,,1.1,1.1,0,0,0,0
aten::as_strided,,,0.282,0.282,0,0,0,0
aten::as_strided,,,0.224,0.224,0,0,0,0
vllm::npu_rotary_embedding,,,171.589,878.307,0,2.9,0,0
aten::view,,,1.395,1.395,0,0,0,0
aten::view,,,0.598,0.598,0,0,0,0
P13/1025334/00585/jit_run,,,542.357,701.687,0,2.9,0,0
P13/1025334/00586/launch,,,154.686,159.33,0,2.9,0,0
_triton_rope,,,4.644,4.644,2.9,2.9,0,0
aten::view,,,2.433,2.433,0,0,0,0
aten::view,,,0.605,0.605,0,0,0,0
aten::empty,,,1.146,5.364,0,0,0,0
empty_tensor,,,4.218,4.218,0,0,0,0
aten::view,,,0.823,0.823,0,0,0,0
aten::view,,,0.52,0.52,0,0,0,0
aten::view,,,0.465,0.465,0,0,0,0
aten::view,,,0.43,0.43,0,0,0,0
vllm::unified_attention_with_output,,,98.08,1109.641,0,24.422,0,0
P13/1025334/00587/attention,,,288.677,1011.561,0,24.422,0,0
aten::slice,,,1.229,2.519,0,0,0,0
aten::as_strided,,,1.29,1.29,0,0,0,0
aten::slice,,,0.307,0.99,0,0,0,0
aten::as_strided,,,0.683,0.683,0,0,0,0
aten::slice,,,2.552,3.343,0,0,0,0
aten::as_strided,,,0.791,0.791,0,0,0,0
P13/1025334/00588/cache_write,,,144.877,251.016,0,1.981,0,0
P13/1025334/00589/torch_api,,,80.89,106.139,0,1.981,0,0
atb::_npu_reshape_and_cache,,,20.864,25.249,0,1.981,0,0
ReshapeCacheOperation,,,4.385,4.385,1.981,1.981,0,0
P13/1025334/00590/fia,,,240.819,443.475,0,22.441000000000003,0,0
aten::view,,,3.329,3.329,0,0,0,0
aten::view,,,1.023,1.023,0,0,0,0
aten::slice,,,0.759,1.782,0,0,0,0
aten::as_strided,,,1.023,1.023,0,0,0,0
P13/1025334/00591/torch_api,,,110.866,166.846,0,21.841,0,0
npu::npu_fused_infer_attention_score,,,42.198,55.98,0,21.841,0,0
empty_tensor,,,5.764,5.764,0,0,0,0
empty_tensor,,,1.81,1.81,0,0,0,0
empty_tensor,,,1.246,1.246,0,0,0,0
empty_tensor,,,1.767,1.767,0,0,0,0
aclnnFusedInferAttentionScoreV3,,,3.195,3.195,21.841,21.841,0,0
aten::view,,,1.671,1.671,0,0,0,0
aten::slice,,,0.85,1.933,0,0,0,0
aten::as_strided,,,1.083,1.083,0,0,0,0
aten::copy_,,,23.161,26.072,0,0.6,0,0
aclnnInplaceCopy,,,2.911,2.911,0.6,0.6,0,0
aten::slice,,,0.696,1.719,0,0,0,0
aten::as_strided,,,1.023,1.023,0,0,0,0
aten::copy_,,,10.865,19.822,0,0,0,0
aclnnInplaceCopy,,,8.957,8.957,0,0,0,0
aten::view,,,1.343,1.343,0,0,0,0
vllm::unquantized_gemm,,,72.515,172.704,0,5.92,0,5.92
P13/1025334/00592/linear,,,78.376,100.189,0,5.92,0,5.92
aten::linear,,,1.749,21.813,0,5.92,0,5.92
aten::t,,,2.548,5.211,0,0,0,0
aten::transpose,,,1.184,2.663,0,0,0,0
aten::as_strided,,,1.479,1.479,0,0,0,0
aten::matmul,,,8.013,14.853,0,5.92,0,5.92
empty_tensor,,,4.093,4.093,0,0,0,0
aclnnMatmul,,,2.747,2.747,5.92,5.92,5.92,5.92
vllm::maybe_chunk_residual,,,7.493,7.493,0,0,0,0
_C_ascend::npu_add_rms_norm_bias,,,16.104,29.864,0,1.68,0,0
aten::empty,,,1.011,3.863,0,0,0,0
empty_tensor,,,2.852,2.852,0,0,0,0
aten::empty,,,1.153,2.367,0,0,0,0
empty_tensor,,,1.214,1.214,0,0,0,0
aten::empty,,,0.421,1.472,0,0,0,0
empty_tensor,,,1.051,1.051,0,0,0,0
aten::empty,,,0.462,3.036,0,0,0,0
empty_tensor,,,2.574,2.574,0,0,0,0
aclnnAddRmsNormBias,,,3.022,3.022,1.68,1.68,0,0
vllm::unquantized_gemm,,,74.689,182.603,0,19.661,0,19.661
P13/1025334/00593/linear,,,90.773,107.914,0,19.661,0,19.661
aten::linear,,,1.466,17.141,0,19.661,0,19.661
aten::t,,,1.506,3.822,0,0,0,0
aten::transpose,,,0.816,2.316,0,0,0,0
aten::as_strided,,,1.5,1.5,0,0,0,0
aten::matmul,,,6.148,11.853,0,19.661,0,19.661
empty_tensor,,,2.582,2.582,0,0,0,0
aclnnMatmul,,,3.123,3.123,19.661,19.661,19.661,19.661
npu::npu_swiglu,,,14.925,19.803,0,2.94,0,0
empty_tensor,,,2.3,2.3,0,0,0,0
aclnnSwiGlu,,,2.578,2.578,2.94,2.94,0,0
vllm::unquantized_gemm,,,68.65,157.559,0,16.481,0,16.481
P13/1025334/00594/linear,,,75.499,88.909,0,16.481,0,16.481
aten::linear,,,0.932,13.41,0,16.481,0,16.481
aten::t,,,1.266,3.203,0,0,0,0
aten::transpose,,,0.702,1.937,0,0,0,0
aten::as_strided,,,1.235,1.235,0,0,0,0
aten::matmul,,,4.595,9.275,0,16.481,0,16.481
empty_tensor,,,1.905,1.905,0,0,0,0
aclnnMatmul,,,2.775,2.775,16.481,16.481,16.481,16.481
vllm::maybe_chunk_residual,,,7.021,7.021,0,0,0,0
_C_ascend::npu_add_rms_norm_bias,,,12.858,27.891,0,1.7,0,0
aten::empty,,,0.716,3.093,0,0,0,0
empty_tensor,,,2.377,2.377,0,0,0,0
aten::empty,,,0.274,2.179,0,0,0,0
empty_tensor,,,1.905,1.905,0,0,0,0
aten::empty,,,0.427,1.334,0,0,0,0
empty_tensor,,,0.907,0.907,0,0,0,0
aten::empty,,,0.387,2.074,0,0,0,0
empty_tensor,,,1.687,1.687,0,0,0,0
aclnnAddRmsNormBias,,,6.353,6.353,1.7,1.7,0,0
aten::index,,,8.193,13.547,0,8.46,0,0
empty_tensor,,,1.231,1.231,0,0,0,0
empty_tensor,,,1.445,1.445,0,0,0,0
aclnnIndex,,,2.678,2.678,8.46,8.46,0,0
aten::linear,,,1.138,12.515,0,221.828,0,221.828
aten::t,,,1.341,3.374,0,0,0,0
aten::transpose,,,0.769,2.033,0,0,0,0
aten::as_strided,,,1.264,1.264,0,0,0,0
aten::matmul,,,4.347,8.003,0,221.828,0,221.828
empty_tensor,,,1.389,1.389,0,0,0,0
aclnnMatmul,,,2.267,2.267,221.828,221.828,221.828,221.828
aten::alias,,,1.105,1.105,0,0,0,0
P13/1025334/00595/sample,,,820.207,3680.005,0,382.535,0,0
aten::to,,,0.948,21.002,0,8.26,0,0
aten::_to_copy,,,2.446,20.054,0,8.26,0,0
aten::empty,,,1.053,5.022,0,0,0,0
empty_tensor,,,3.969,3.969,0,0,0,0
aten::copy_,,,6.737,12.586,0,8.26,0,0
aclnnInplaceCopy,,,5.849,5.849,8.26,8.26,0,0
aten::lift_fresh,,,0.348,0.348,0,0,0,0
aten::to,,,0.704,0.704,0,0,0,0
aten::pin_memory,,,1.282,28.371,0,0,0,0
aten::is_pinned,,,10.841,10.841,0,0,0,0
aten::_pin_memory,,,8.501,16.248,0,0,0,0
aten::set_,,,1.774,1.774,0,0,0,0
aten::copy_,,,5.973,5.973,0,0,0,0
aten::to,,,0.58,15.573,0,2.68,0,0
aten::_to_copy,,,1.735,14.993,0,2.68,0,0
aten::empty_strided,,,3.787,5.072,0,0,0,0
empty_tensor,,,1.285,1.285,0,0,0,0
aten::copy_,,,5.344,8.186,0,2.68,0,0
acl_memcpy_host_to_device,,,2.842,2.842,2.68,2.68,0,0
record_event,,,2.391,2.391,0.0,0.0,0,0
aten::eq,,,4.652,7.692,0,2.16,0,0
empty_tensor,,,1.665,1.665,0,0,0,0
aclnnEqScalar,,,1.375,1.375,2.16,2.16,0,0
aten::masked_fill_,,,33.642,36.22,0,94.043,0,0
aclnnInplaceMaskedFillScalar,,,2.578,2.578,94.043,94.043,0,0
aten::zeros,,,1.875,6.966,0,8.581,0,0
empty_tensor,,,1.672,1.672,0,0,0,0
aten::zero_,,,2.614,3.419,0,8.581,0,0
aclnnInplaceZero,,,0.805,0.805,8.581,8.581,0,0
P13/1025334/00596/jit_run,,,512.376,653.689,0,57.302,0,0
P13/1025334/00597/launch,,,130.362,141.313,0,57.302,0,0
token_bin_counts_and_mask_kernel,,,10.951,10.951,57.302,57.302,0,0
aten::gt,,,8.958,15.926,0,26.261,0,0
empty_tensor,,,4.109,4.109,0,0,0,0
aclnnGtScalar,,,2.859,2.859,26.261,26.261,0,0
aten::zeros,,,1.678,7.756,0,2.36,0,0
empty_tensor,,,1.517,1.517,0,0,0,0
aten::zero_,,,2.575,4.561,0,2.36,0,0
aclnnInplaceZero,,,1.986,1.986,2.36,2.36,0,0
P13/1025334/00598/jit_run,,,476.449,609.816,0,67.663,0,0
P13/1025334/00599/launch,,,127.618,133.367,0,67.663,0,0
token_bin_counts_and_mask_kernel,,,5.749,5.749,67.663,67.663,0,0
aten::gt,,,7.715,14.252,0,13.781,0,0
empty_tensor,,,3.783,3.783,0,0,0,0
aclnnGtScalar,,,2.754,2.754,13.781,13.781,0,0
P13/1025334/00600/jit_run,,,583.99,742.222,0,76.203,0,0
P13/1025334/00601/launch,,,154.392,158.232,0,76.203,0,0
apply_all_penalties_kernel,,,3.84,3.84,76.203,76.203,0,0
aten::argmax,,,3.08,22.728,0,19.761,0,0
aten::empty,,,1.203,5.054,0,0,0,0
empty_tensor,,,3.851,3.851,0,0,0,0
aten::argmax,,,8.926,14.594,0,19.761,0,0
aten::reshape,,,0.647,2.669,0,0,0,0
aten::view,,,2.022,2.022,0,0,0,0
aclnnArgMax,,,2.999,2.999,19.761,19.761,0,0
aten::view,,,0.731,0.731,0,0,0,0
aten::to,,,0.389,0.389,0,0,0,0
aten::to,,,0.604,17.672,0,1.32,0,0
aten::_to_copy,,,1.823,17.068,0,1.32,0,0
aten::empty,,,0.516,2.265,0,0,0,0
empty_tensor,,,1.749,1.749,0,0,0,0
aten::copy_,,,4.319,12.98,0,1.32,0,0
aclnnInplaceCopy,,,8.661,8.661,1.32,1.32,0,0
aten::unsqueeze,,,1.069,2.475,0,0,0,0
aten::as_strided,,,1.406,1.406,0,0,0,0
P13/1025334/00602/to_list,,,139.587,649.492,0,2.16,0,0
aten::slice,,,4.157,5.275,0,0,0,0
aten::as_strided,,,1.118,1.118,0,0,0,0
aten::copy_,,,9.699,12.298,0,2.14,0,0
acl_memcpy_device_to_host,,,2.599,2.599,2.14,2.14,0,0
Event::record,,,128.099,299.642,0,0.02,0,0
P13/1025334/00603/event_record,,,168.099,171.543,0,0.02,0,0
record_event,,,3.444,3.444,0.02,0.02,0,0
Event::synchronize,,,112.389,192.152,0,0,0,0
P13/1025334/00604/synchronize,,,79.763,79.763,0,0,0,0
aten::resolve_conj,,,0.402,0.402,0,0,0,0
aten::resolve_neg,,,0.136,0.136,0,0,0,0
aten::slice,,,1.287,3.383,0,0,0,0
aten::as_strided,,,2.096,2.096,0,0,0,0
P13/1025334/00605/runner,,,1257.807,81057.071,0,2419.959,0,1402.596
P13/1025334/00606/prepare,,,1023.318,2589.293,0,160.447,0,0
P13/1025334/00607/buffer_copy,,,93.292,123.112,0,2.7,0,0
aten::slice,,,4.964,8.171,0,0,0,0
aten::as_strided,,,3.207,3.207,0,0,0,0
aten::slice,,,0.922,2.893,0,0,0,0
aten::as_strided,,,1.971,1.971,0,0,0,0
aten::copy_,,,13.421,18.756,0,2.7,0,0
acl_memcpy_host_to_device,,,5.335,5.335,2.7,2.7,0,0
aten::lift_fresh,,,0.354,0.354,0,0,0,0
aten::lift_fresh,,,0.351,0.351,0,0,0,0
aten::flatten,,,1.194,3.498,0,0,0,0
aten::view,,,2.304,2.304,0,0,0,0
aten::slice,,,1.471,2.018,0,0,0,0
aten::as_strided,,,0.547,0.547,0,0,0,0
aten::index_select,,,2.259,2.259,0,0,0,0
P13/1025334/00608/buffer_copy,,,91.594,104.231,0,2.68,0,0
aten::copy_,,,8.959,12.637,0,2.68,0,0
acl_memcpy_host_to_device,,,3.678,3.678,2.68,2.68,0,0
aten::slice,,,1.448,2.057,0,0,0,0
aten::as_strided,,,0.609,0.609,0,0,0,0
aten::lift_fresh,,,0.229,0.229,0,0,0,0
aten::slice,,,0.577,0.777,0,0,0,0
aten::as_strided,,,0.2,0.2,0,0,0,0
aten::add,,,5.359,5.359,0,0,0,0
aten::slice,,,0.489,0.711,0,0,0,0
aten::as_strided,,,0.222,0.222,0,0,0,0
aten::fill_,,,1.826,1.826,0,0,0,0
aten::slice,,,0.814,2.595,0,0,0,0
aten::as_strided,,,1.781,1.781,0,0,0,0
aten::fill_,,,7.838,10.697,0,1.0,0,0
aclnnInplaceFillScalar,,,2.859,2.859,1.0,1.0,0,0
P13/1025334/00609/buffer_copy,,,82.711,95.829,0,2.64,0,0
aten::slice,,,1.166,2.318,0,0,0,0
aten::as_strided,,,1.152,1.152,0,0,0,0
aten::slice,,,0.687,0.937,0,0,0,0
aten::as_strided,,,0.25,0.25,0,0,0,0
aten::copy_,,,7.209,9.863,0,2.64,0,0
acl_memcpy_host_to_device,,,2.654,2.654,2.64,2.64,0,0
aten::slice,,,0.911,1.225,0,0,0,0
aten::as_strided,,,0.314,0.314,0,0,0,0
aten::detach,,,1.303,1.303,0,0,0,0
aten::to,,,0.793,0.793,0,0,0,0
aten::resolve_conj,,,0.308,0.308,0,0,0,0
aten::resolve_neg,,,0.086,0.086,0,0,0,0
P13/1025334/00610/buffer_copy,,,73.246,76.977,0,0,0,0
aten::slice,,,1.115,2.227,0,0,0,0
aten::as_strided,,,1.112,1.112,0,0,0,0
aten::slice,,,0.662,0.955,0,0,0,0
aten::as_strided,,,0.293,0.293,0,0,0,0
aten::copy_,,,0.549,0.549,0,0,0,0
P13/1025334/00611/buffer_copy,,,66.712,78.634,0,2.68,0,0
aten::slice,,,1.24,2.29,0,0,0,0
aten::as_strided,,,1.05,1.05,0,0,0,0
aten::slice,,,0.958,1.198,0,0,0,0
aten::as_strided,,,0.24,0.24,0,0,0,0
aten::copy_,,,5.668,8.434,0,2.68,0,0
acl_memcpy_host_to_device,,,2.766,2.766,2.68,2.68,0,0
aten::fill_,,,5.011,14.271,0,0.96,0,0
aclnnInplaceFillScalar,,,9.26,9.26,0.96,0.96,0,0
aten::slice,,,1.145,1.965,0,0,0,0
aten::as_strided,,,0.82,0.82,0,0,0,0
aten::slice,,,0.764,1.14,0,0,0,0
aten::as_strided,,,0.376,0.376,0,0,0,0
aten::copy_,,,4.314,5.373,0,2.641,0,0
acl_memcpy_host_to_device,,,1.059,1.059,2.641,2.641,0,0
P13/1025334/00612/buffer_copy,,,74.314,86.748,0,2.76,0,0
aten::slice,,,1.076,1.965,0,0,0,0
aten::as_strided,,,0.889,0.889,0,0,0,0
aten::slice,,,0.926,3.629,0,0,0,0
aten::as_strided,,,2.703,2.703,0,0,0,0
aten::copy_,,,4.442,6.84,0,2.76,0,0
acl_memcpy_host_to_device,,,2.398,2.398,2.76,2.76,0,0
aten::slice,,,0.853,1.634,0,0,0,0
aten::as_strided,,,0.781,0.781,0,0,0,0
P13/1025334/00613/buffer_copy,,,65.709,76.402,0,2.66,0,0
aten::slice,,,1.299,2.215,0,0,0,0
aten::as_strided,,,0.916,0.916,0,0,0,0
aten::slice,,,0.512,0.749,0,0,0,0
aten::as_strided,,,0.237,0.237,0,0,0,0
aten::copy_,,,4.824,7.729,0,2.66,0,0
acl_memcpy_host_to_device,,,2.905,2.905,2.66,2.66,0,0
P13/1025334/00614/buffer_copy,,,65.555,75.569,0,2.66,0,0
aten::slice,,,1.016,1.906,0,0,0,0
aten::as_strided,,,0.89,0.89,0,0,0,0
aten::slice,,,0.702,0.997,0,0,0,0
aten::as_strided,,,0.295,0.295,0,0,0,0
aten::copy_,,,4.592,7.111,0,2.66,0,0
acl_memcpy_host_to_device,,,2.519,2.519,2.66,2.66,0,0
aten::slice,,,0.935,1.645,0,0,0,0
aten::as_strided,,,0.71,0.71,0,0,0,0
aten::index,,,9.134,17.945,0,9.841,0,0
empty_tensor,,,2.93,2.93,0,0,0,0
empty_tensor,,,3.334,3.334,0,0,0,0
aclnnIndex,,,2.547,2.547,9.841,9.841,0,0
aten::to,,,0.753,12.008,0,0.9,0,0
aten::_to_copy,,,2.045,11.255,0,0.9,0,0
aten::empty,,,0.817,2.598,0,0,0,0
empty_tensor,,,1.781,1.781,0,0,0,0
aten::copy_,,,3.856,6.612,0,0.9,0,0
aclnnInplaceCopy,,,2.756,2.756,0.9,0.9,0,0
aten::slice,,,0.774,1.279,0,0,0,0
aten::as_strided,,,0.505,0.505,0,0,0,0
aten::add,,,5.06,11.08,0,2.74,0,0
empty_tensor,,,1.321,1.321,0,0,0,0
aclnnAdd,,,4.699,4.699,2.74,2.74,0,0
aten::slice,,,0.798,1.461,0,0,0,0
aten::as_strided,,,0.663,0.663,0,0,0,0
aten::copy_,,,22.904,25.53,0,0.52,0,0
aclnnInplaceCopy,,,2.626,2.626,0.52,0.52,0,0
aten::slice,,,0.782,1.264,0,0,0,0
aten::as_strided,,,0.482,0.482,0,0,0,0
aten::add,,,3.41,6.314,0,1.16,0,0
empty_tensor,,,1.283,1.283,0,0,0,0
aclnnAdd,,,1.621,1.621,1.16,1.16,0,0
aten::copy_,,,6.741,7.871,0,0.62,0,0
aclnnInplaceCopy,,,1.13,1.13,0.62,0.62,0,0
aten::slice,,,0.588,1.013,0,0,0,0
aten::as_strided,,,0.425,0.425,0,0,0,0
aten::fill_,,,2.65,6.508,0,0,0,0
aclnnInplaceFillScalar,,,3.858,3.858,0,0,0,0
aten::slice,,,0.824,1.329,0,0,0,0
aten::as_strided,,,0.505,0.505,0,0,0,0
aten::slice,,,0.502,1.138,0,0,0,0
aten::as_strided,,,0.636,0.636,0,0,0,0
P13/1025334/00615/jit_run,,,507.634,667.311,0,120.185,0,0
P13/1025334/00616/launch,,,154.972,159.677,0,120.185,0,0
_compute_slot_mapping_kernel,,,4.705,4.705,120.185,120.185,0,0
aten::slice,,,3.195,5.297,0,0,0,0
aten::as_strided,,,2.102,2.102,0,0,0,0
aten::sub,,,8.948,18.651,0,1.1,0,0
empty_tensor,,,4.388,4.388,0,0,0,0
aten::item,,,1.45,2.095,0,0,0,0
aten::_local_scalar_dense,,,0.645,0.645,0,0,0,0
aclnnSubs,,,3.22,3.22,1.1,1.1,0,0
aten::detach,,,1.342,1.342,0,0,0,0
aten::to,,,0.843,0.843,0,0,0,0
aten::resolve_conj,,,0.309,0.309,0,0,0,0
aten::resolve_neg,,,0.145,0.145,0,0,0,0
aten::slice,,,1.998,3.371,0,0,0,0
aten::as_strided,,,1.373,1.373,0,0,0,0
aten::slice,,,0.919,1.771,0,0,0,0
aten::as_strided,,,0.852,0.852,0,0,0,0
aten::slice,,,0.909,1.844,0,0,0,0
aten::as_strided,,,0.935,0.935,0,0,0,0
aten::slice,,,1.092,1.536,0,0,0,0
aten::as_strided,,,0.444,0.444,0,0,0,0
aten::fill_,,,5.155,8.177,0,0,0,0
aclnnInplaceFillScalar,,,3.022,3.022,0,0,0,0
aten::slice,,,0.84,1.43,0,0,0,0
aten::as_strided,,,0.59,0.59,0,0,0,0
aten::fill_,,,2.019,10.911,0,0,0,0
aclnnInplaceFillScalar,,,8.892,8.892,0,0,0,0
aten::slice,,,0.681,0.892,0,0,0,0
aten::as_strided,,,0.211,0.211,0,0,0,0
aten::slice,,,0.794,1.046,0,0,0,0
aten::as_strided,,,0.252,0.252,0,0,0,0
aten::lt,,,5.752,5.752,0,0,0,0
aten::lift_fresh,,,0.262,0.262,0,0,0,0
aten::slice,,,0.432,0.81,0,0,0,0
aten::as_strided,,,0.378,0.378,0,0,0,0
aten::fill_,,,0.864,3.397,0,0,0,0
aten::copy_,,,2.533,2.533,0,0,0,0
aten::slice,,,0.987,1.173,0,0,0,0
aten::as_strided,,,0.186,0.186,0,0,0,0
aten::slice,,,0.847,1.428,0,0,0,0
aten::as_strided,,,0.581,0.581,0,0,0,0
aten::slice,,,0.425,0.65,0,0,0,0
aten::as_strided,,,0.225,0.225,0,0,0,0
aten::slice,,,0.758,1.228,0,0,0,0
aten::as_strided,,,0.47,0.47,0,0,0,0
aten::slice,,,0.629,0.806,0,0,0,0
aten::as_strided,,,0.177,0.177,0,0,0,0
aten::slice,,,0.669,0.784,0,0,0,0
aten::as_strided,,,0.115,0.115,0,0,0,0
aten::slice,,,0.835,1.098,0,0,0,0
aten::as_strided,,,0.263,0.263,0,0,0,0
aten::slice,,,0.647,1.001,0,0,0,0
aten::as_strided,,,0.354,0.354,0,0,0,0
aten::slice,,,0.512,1.03,0,0,0,0
aten::as_strided,,,0.518,0.518,0,0,0,0
aten::pin_memory,,,0.957,10.102,0,0,0,0
aten::is_pinned,,,9.145,9.145,0,0,0,0
aten::to,,,0.975,17.986,0,2.72,0,0
aten::_to_copy,,,2.24,17.011,0,2.72,0,0
aten::empty_strided,,,4.04,6.132,0,0,0,0
empty_tensor,,,2.092,2.092,0,0,0,0
aten::copy_,,,5.548,8.639,0,2.72,0,0
acl_memcpy_host_to_device,,,3.091,3.091,2.72,2.72,0,0
aten::resolve_conj,,,0.179,0.179,0,0,0,0
aten::resolve_neg,,,0.193,0.193,0,0,0,0
aten::slice,,,0.715,1.064,0,0,0,0
aten::as_strided,,,0.349,0.349,0,0,0,0
aten::resolve_conj,,,0.291,0.291,0,0,0,0
aten::resolve_neg,,,0.16,0.16,0,0,0,0
aten::slice,,,0.695,1.244,0,0,0,0
aten::as_strided,,,0.549,0.549,0,0,0,0
aten::slice,,,0.521,0.982,0,0,0,0
aten::as_strided,,,0.461,0.461,0,0,0,0
aten::index_select,,,9.291,14.115,0,2.42,0,0
empty_tensor,,,2.422,2.422,0,0,0,0
aclnnIndexSelect,,,2.402,2.402,2.42,2.42,0,0
aten::view,,,1.578,1.578,0,0,0,0
aten::repeat,,,3.46,6.336,0,1.74,0,0
empty_tensor,,,1.362,1.362,0,0,0,0
aclnnRepeat,,,1.514,1.514,1.74,1.74,0,0
aten::chunk,,,1.348,6.488,0,0,0,0
aten::split,,,1.273,5.14,0,0,0,0
aten::narrow,,,1.355,2.868,0,0,0,0
aten::slice,,,0.542,1.513,0,0,0,0
aten::as_strided,,,0.971,0.971,0,0,0,0
aten::narrow,,,0.342,0.999,0,0,0,0
aten::slice,,,0.242,0.657,0,0,0,0
aten::as_strided,,,0.415,0.415,0,0,0,0
aten::slice,,,0.719,1.53,0,0,0,0
aten::as_strided,,,0.811,0.811,0,0,0,0
aten::view,,,0.811,0.811,0,0,0,0
aten::expand,,,1.024,1.508,0,0,0,0
aten::as_strided,,,0.484,0.484,0,0,0,0
aten::copy_,,,24.342,26.808,0,0.5,0,0
aclnnInplaceCopy,,,2.466,2.466,0.5,0.5,0,0
aten::index_select,,,3.208,5.486,0,2.24,0,0
empty_tensor,,,1.206,1.206,0,0,0,0
aclnnIndexSelect,,,1.072,1.072,2.24,2.24,0,0
aten::view,,,0.696,0.696,0,0,0,0
aten::repeat,,,1.963,4.764,0,1.94,0,0
empty_tensor,,,1.261,1.261,0,0,0,0
aclnnRepeat,,,1.54,1.54,1.94,1.94,0,0
aten::chunk,,,0.544,3.608,0,0,0,0
aten::split,,,0.604,3.064,0,0,0,0
aten::narrow,,,0.496,1.466,0,0,0,0
aten::slice,,,0.405,0.97,0,0,0,0
aten::as_strided,,,0.565,0.565,0,0,0,0
aten::narrow,,,0.325,0.994,0,0,0,0
aten::slice,,,0.278,0.669,0,0,0,0
aten::as_strided,,,0.391,0.391,0,0,0,0
aten::slice,,,0.897,1.381,0,0,0,0
aten::as_strided,,,0.484,0.484,0,0,0,0
aten::view,,,0.326,0.326,0,0,0,0
aten::expand,,,0.35,0.653,0,0,0,0
aten::as_strided,,,0.303,0.303,0,0,0,0
aten::copy_,,,7.304,12.015,0,0.48,0,0
aclnnInplaceCopy,,,4.711,4.711,0.48,0.48,0,0
aten::slice,,,0.557,0.946,0,0,0,0
aten::as_strided,,,0.389,0.389,0,0,0,0
aten::slice,,,0.728,1.149,0,0,0,0
aten::as_strided,,,0.421,0.421,0,0,0,0
P13/1025334/00617/forward,,,10868.353,77004.633,0,2018.523,0,1182.827
aten::to,,,0.798,17.529,0,0.96,0,0
aten::_to_copy,,,2.326,16.731,0,0.96,0,0
aten::empty,,,1.156,5.264,0,0,0,0
empty_tensor,,,4.108,4.108,0,0,0,0
aten::copy_,,,6.046,9.141,0,0.96,0,0
aclnnInplaceCopy,,,3.095,3.095,0.96,0.96,0,0
aten::embedding,,,3.764,8.493,0,10.44,0,0
empty_tensor,,,1.871,1.871,0,0,0,0
aclnnEmbedding,,,2.858,2.858,10.44,10.44,0,0
vllm::maybe_pad_and_reduce,,,15.592,15.592,0,0,0,0
npu::npu_rms_norm,,,21.158,26.668,0,5.38,0,0
empty_tensor,,,2.059,2.059,0,0,0,0
empty_tensor,,,0.844,0.844,0,0,0,0
aclnnRmsNorm,,,2.607,2.607,5.38,5.38,0,0
vllm::unquantized_gemm,,,84.428,207.68,0,9.0,0,7.82
P13/1025334/00618/linear,,,102.452,123.252,0,9.0,0,7.82
aten::linear,,,1.954,20.8,0,9.0,0,7.82
aten::t,,,2.163,5.451,0,0,0,0
aten::transpose,,,1.332,3.288,0,0,0,0
aten::as_strided,,,1.956,1.956,0,0,0,0
aten::addmm,,,8.434,13.395,0,9.0,0,7.82
empty_tensor,,,2.399,2.399,0,0,0,0
aclnnAddmm,,,2.562,2.562,9.0,9.0,7.82,7.82
aten::split_with_sizes,,,1.901,3.598,0,0,0,0
aten::as_strided,,,1.205,1.205,0,0,0,0
aten::as_strided,,,0.255,0.255,0,0,0,0
aten::as_strided,,,0.237,0.237,0,0,0,0
vllm::npu_rotary_embedding,,,175.703,886.096,0,3.02,0,0
aten::view,,,1.351,1.351,0,0,0,0
aten::view,,,0.494,0.494,0,0,0,0
P13/1025334/00619/jit_run,,,551.894,705.453,0,3.02,0,0
P13/1025334/00620/launch,,,148.575,153.559,0,3.02,0,0
_triton_rope,,,4.984,4.984,3.02,3.02,0,0
aten::view,,,2.534,2.534,0,0,0,0
aten::view,,,0.561,0.561,0,0,0,0
aten::empty,,,1.263,6.036,0,0,0,0
empty_tensor,,,4.773,4.773,0,0,0,0
aten::view,,,0.94,0.94,0,0,0,0
aten::view,,,1.64,1.64,0,0,0,0
aten::view,,,0.497,0.497,0,0,0,0
aten::view,,,0.531,0.531,0,0,0,0
vllm::unified_attention_with_output,,,150.816,1154.071,0,26.181,0,0
P13/1025334/00621/attention,,,287.409,1003.255,0,26.181,0,0
aten::slice,,,1.411,2.957,0,0,0,0
aten::as_strided,,,1.546,1.546,0,0,0,0
aten::slice,,,0.379,0.897,0,0,0,0
aten::as_strided,,,0.518,0.518,0,0,0,0
aten::slice,,,2.533,3.287,0,0,0,0
aten::as_strided,,,0.754,0.754,0,0,0,0
P13/1025334/00622/cache_write,,,145.65,247.617,0,2.28,0,0
P13/1025334/00623/torch_api,,,80.7,101.967,0,2.28,0,0
atb::_npu_reshape_and_cache,,,17.695,21.267,0,2.28,0,0
ReshapeCacheOperation,,,3.572,3.572,2.28,2.28,0,0
P13/1025334/00624/fia,,,234.02,445.933,0,23.901,0,0
aten::view,,,3.299,3.299,0,0,0,0
aten::view,,,1.109,1.109,0,0,0,0
aten::slice,,,0.762,1.839,0,0,0,0
aten::as_strided,,,1.077,1.077,0,0,0,0
P13/1025334/00625/torch_api,,,112.576,169.089,0,23.341,0,0
npu::npu_fused_infer_attention_score,,,43.669,56.513,0,23.341,0,0
empty_tensor,,,4.699,4.699,0,0,0,0
empty_tensor,,,1.14,1.14,0,0,0,0
empty_tensor,,,1.188,1.188,0,0,0,0
empty_tensor,,,2.234,2.234,0,0,0,0
aclnnFusedInferAttentionScoreV3,,,3.583,3.583,23.341,23.341,0,0
aten::view,,,1.597,1.597,0,0,0,0
aten::slice,,,0.736,1.857,0,0,0,0
aten::as_strided,,,1.121,1.121,0,0,0,0
aten::copy_,,,23.537,33.123,0,0.56,0,0
aclnnInplaceCopy,,,9.586,9.586,0.56,0.56,0,0
aten::slice,,,0.591,1.701,0,0,0,0
aten::as_strided,,,1.11,1.11,0,0,0,0
aten::copy_,,,10.975,13.454,0,0,0,0
aclnnInplaceCopy,,,2.479,2.479,0,0,0,0
aten::view,,,1.344,1.344,0,0,0,0
vllm::unquantized_gemm,,,74.247,180.777,0,5.581,0,5.581
P13/1025334/00626/linear,,,84.883,106.53,0,5.581,0,5.581
aten::linear,,,1.938,21.647,0,5.581,0,5.581
aten::t,,,2.266,5.0,0,0,0,0
aten::transpose,,,1.194,2.734,0,0,0,0
aten::as_strided,,,1.54,1.54,0,0,0,0
aten::matmul,,,7.996,14.709,0,5.581,0,5.581
empty_tensor,,,4.016,4.016,0,0,0,0
aclnnMatmul,,,2.697,2.697,5.581,5.581,5.581,5.581
vllm::maybe_chunk_residual,,,7.72,7.72,0,0,0,0
_C_ascend::npu_add_rms_norm_bias,,,16.657,29.946,0,2.12,0,0
aten::empty,,,1.139,4.072,0,0,0,0
empty_tensor,,,2.933,2.933,0,0,0,0
aten::empty,,,0.366,1.85,0,0,0,0
empty_tensor,,,1.484,1.484,0,0,0,0
aten::empty,,,0.374,1.13,0,0,0,0
empty_tensor,,,0.756,0.756,0,0,0,0
aten::empty,,,0.423,2.541,0,0,0,0
empty_tensor,,,2.118,2.118,0,0,0,0
aclnnAddRmsNormBias,,,3.696,3.696,2.12,2.12,0,0
vllm::unquantized_gemm,,,73.413,182.446,0,20.06,0,20.06
P13/1025334/00627/linear,,,89.981,109.033,0,20.06,0,20.06
aten::linear,,,1.492,19.052,0,20.06,0,20.06
aten::t,,,3.925,6.28,0,0,0,0
aten::transpose,,,0.825,2.355,0,0,0,0
aten::as_strided,,,1.53,1.53,0,0,0,0
aten::matmul,,,6.013,11.28,0,20.06,0,20.06
empty_tensor,,,2.232,2.232,0,0,0,0
aclnnMatmul,,,3.035,3.035,20.06,20.06,20.06,20.06
npu::npu_swiglu,,,14.762,19.4,0,4.34,0,0
empty_tensor,,,1.771,1.771,0,0,0,0
aclnnSwiGlu,,,2.867,2.867,4.34,4.34,0,0
vllm::unquantized_gemm,,,66.55,156.919,0,16.46,0,16.46
P13/1025334/00628/linear,,,77.07,90.369,0,16.46,0,16.46
aten::linear,,,0.975,13.299,0,16.46,0,16.46
aten::t,,,1.169,3.207,0,0,0,0
aten::transpose,,,0.683,2.038,0,0,0,0
aten::as_strided,,,1.355,1.355,0,0,0,0
aten::matmul,,,4.532,9.117,0,16.46,0,16.46
empty_tensor,,,2.01,2.01,0,0,0,0
aclnnMatmul,,,2.575,2.575,16.46,16.46,16.46,16.46
vllm::maybe_chunk_residual,,,6.997,6.997,0,0,0,0
_C_ascend::npu_add_rms_norm_bias,,,12.488,26.692,0,1.82,0,0
aten::empty,,,0.637,2.821,0,0,0,0
empty_tensor,,,2.184,2.184,0,0,0,0
aten::empty,,,0.254,1.572,0,0,0,0
empty_tensor,,,1.318,1.318,0,0,0,0
aten::empty,,,0.542,1.336,0,0,0,0
empty_tensor,,,0.794,0.794,0,0,0,0
aten::empty,,,0.322,2.092,0,0,0,0
empty_tensor,,,1.77,1.77,0,0,0,0
aclnnAddRmsNormBias,,,6.383,6.383,1.82,1.82,0,0
vllm::unquantized_gemm,,,70.37,174.877,0,8.6,0,7.46
P13/1025334/00629/linear,,,84.78,104.507,0,8.6,0,7.46
aten::linear,,,1.757,19.727,0,8.6,0,7.46
aten::t,,,1.258,4.369,0,0,0,0
aten::transpose,,,0.643,3.111,0,0,0,0
aten::as_strided,,,2.468,2.468,0,0,0,0
aten::addmm,,,8.277,13.601,0,8.6,0,7.46
empty_tensor,,,2.399,2.399,0,0,0,0
aclnnAddmm,,,2.925,2.925,8.6,8.6,7.46,7.46
aten::split_with_sizes,,,2.011,3.673,0,0,0,0
aten::as_strided,,,1.177,1.177,0,0,0,0
aten::as_strided,,,0.257,0.257,0,0,0,0
aten::as_strided,,,0.228,0.228,0,0,0,0
vllm::npu_rotary_embedding,,,172.777,871.701,0,2.8,0,0
aten::view,,,1.542,1.542,0,0,0,0
aten::view,,,0.432,0.432,0,0,0,0
P13/1025334/00630/jit_run,,,545.818,693.723,0,2.8,0,0
P13/1025334/00631/launch,,,143.212,147.905,0,2.8,0,0
_triton_rope,,,4.693,4.693,2.8,2.8,0,0
aten::view,,,2.641,2.641,0,0,0,0
aten::view,,,0.586,0.586,0,0,0,0
aten::empty,,,1.189,6.45,0,0,0,0
empty_tensor,,,5.261,5.261,0,0,0,0
aten::view,,,1.012,1.012,0,0,0,0
aten::view,,,0.789,0.789,0,0,0,0
aten::view,,,0.514,0.514,0,0,0,0
aten::view,,,0.504,0.504,0,0,0,0
vllm::unified_attention_with_output,,,94.588,1084.394,0,22.94,0,0
P13/1025334/00632/attention,,,283.016,989.806,0,22.94,0,0
aten::slice,,,1.435,2.957,0,0,0,0
aten::as_strided,,,1.522,1.522,0,0,0,0
aten::slice,,,0.472,0.972,0,0,0,0
aten::as_strided,,,0.5,0.5,0,0,0,0
aten::slice,,,3.292,4.298,0,0,0,0
aten::as_strided,,,1.006,1.006,0,0,0,0
P13/1025334/00633/cache_write,,,142.638,241.49,0,1.68,0,0
P13/1025334/00634/torch_api,,,78.156,98.852,0,1.68,0,0
atb::_npu_reshape_and_cache,,,17.087,20.696,0,1.68,0,0
ReshapeCacheOperation,,,3.609,3.609,1.68,1.68,0,0
P13/1025334/00635/fia,,,239.154,441.724,0,21.26,0,0
aten::view,,,3.286,3.286,0,0,0,0
aten::view,,,0.847,0.847,0,0,0,0
aten::slice,,,0.69,1.812,0,0,0,0
aten::as_strided,,,1.122,1.122,0,0,0,0
P13/1025334/00636/torch_api,,,111.896,165.553,0,20.66,0,0
npu::npu_fused_infer_attention_score,,,42.075,53.657,0,20.66,0,0
empty_tensor,,,4.995,4.995,0,0,0,0
empty_tensor,,,1.305,1.305,0,0,0,0
empty_tensor,,,0.872,0.872,0,0,0,0
empty_tensor,,,0.958,0.958,0,0,0,0
aclnnFusedInferAttentionScoreV3,,,3.452,3.452,20.66,20.66,0,0
aten::view,,,1.469,1.469,0,0,0,0
aten::slice,,,0.777,1.823,0,0,0,0
aten::as_strided,,,1.046,1.046,0,0,0,0
aten::copy_,,,23.12,27.78,0,0.6,0,0
aclnnInplaceCopy,,,4.66,4.66,0.6,0.6,0,0
aten::slice,,,0.59,1.505,0,0,0,0
aten::as_strided,,,0.915,0.915,0,0,0,0
aten::copy_,,,11.331,13.844,0,0,0,0
aclnnInplaceCopy,,,2.513,2.513,0,0,0,0
aten::view,,,1.239,1.239,0,0,0,0
vllm::unquantized_gemm,,,71.04,166.47,0,5.44,0,5.44
P13/1025334/00637/linear,,,73.979,95.43,0,5.44,0,5.44
aten::linear,,,1.737,21.451,0,5.44,0,5.44
aten::t,,,2.115,5.629,0,0,0,0
aten::transpose,,,1.224,3.514,0,0,0,0
aten::as_strided,,,2.29,2.29,0,0,0,0
aten::matmul,,,7.469,14.085,0,5.44,0,5.44
empty_tensor,,,4.005,4.005,0,0,0,0
aclnnMatmul,,,2.611,2.611,5.44,5.44,5.44,5.44
vllm::maybe_chunk_residual,,,7.52,7.52,0,0,0,0
_C_ascend::npu_add_rms_norm_bias,,,15.863,35.261,0,1.66,0,0
aten::empty,,,0.958,3.57,0,0,0,0
empty_tensor,,,2.612,2.612,0,0,0,0
aten::empty,,,0.281,1.611,0,0,0,0
empty_tensor,,,1.33,1.33,0,0,0,0
aten::empty,,,0.366,1.362,0,0,0,0
empty_tensor,,,0.996,0.996,0,0,0,0
aten::empty,,,0.462,2.901,0,0,0,0
empty_tensor,,,2.439,2.439,0,0,0,0
aclnnAddRmsNormBias,,,9.954,9.954,1.66,1.66,0,0
vllm::unquantized_gemm,,,78.847,185.608,0,21.14,0,21.14
P13/1025334/00638/linear,,,89.875,106.761,0,21.14,0,21.14
aten::linear,,,1.372,16.886,0,21.14,0,21.14
aten::t,,,1.416,3.865,0,0,0,0
aten::transpose,,,0.869,2.449,0,0,0,0
aten::as_strided,,,1.58,1.58,0,0,0,0
aten::matmul,,,6.079,11.649,0,21.14,0,21.14
empty_tensor,,,2.528,2.528,0,0,0,0
aclnnMatmul,,,3.042,3.042,21.14,21.14,21.14,21.14
npu::npu_swiglu,,,14.637,19.526,0,2.98,0,0
empty_tensor,,,2.203,2.203,0,0,0,0
aclnnSwiGlu,,,2.686,2.686,2.98,2.98,0,0
vllm::unquantized_gemm,,,68.212,160.876,0,16.201,0,16.201
P13/1025334/00639/linear,,,78.229,92.664,0,16.201,0,16.201
aten::linear,,,1.077,14.435,0,16.201,0,16.201
aten::t,,,1.086,4.021,0,0,0,0
aten::transpose,,,0.765,2.935,0,0,0,0
aten::as_strided,,,2.17,2.17,0,0,0,0
aten::matmul,,,4.799,9.337,0,16.201,0,16.201
empty_tensor,,,1.958,1.958,0,0,0,0
aclnnMatmul,,,2.58,2.58,16.201,16.201,16.201,16.201
vllm::maybe_chunk_residual,,,7.011,7.011,0,0,0,0
_C_ascend::npu_add_rms_norm_bias,,,38.951,51.443,0,1.64,0,0
aten::empty,,,0.754,2.919,0,0,0,0
empty_tensor,,,2.165,2.165,0,0,0,0
aten::empty,,,0.266,1.238,0,0,0,0
empty_tensor,,,0.972,0.972,0,0,0,0
aten::empty,,,0.425,1.522,0,0,0,0
empty_tensor,,,1.097,1.097,0,0,0,0
aten::empty,,,0.486,3.066,0,0,0,0
empty_tensor,,,2.58,2.58,0,0,0,0
aclnnAddRmsNormBias,,,3.747,3.747,1.64,1.64,0,0
vllm::unquantized_gemm,,,71.057,175.414,0,8.541,0,7.401
P13/1025334/00640/linear,,,86.26,104.357,0,8.541,0,7.401
aten::linear,,,1.423,18.097,0,8.541,0,7.401
aten::t,,,1.44,3.587,0,0,0,0
aten::transpose,,,0.807,2.147,0,0,0,0
aten::as_strided,,,1.34,1.34,0,0,0,0
aten::addmm,,,8.298,13.087,0,8.541,0,7.401
empty_tensor,,,2.292,2.292,0,0,0,0
aclnnAddmm,,,2.497,2.497,8.541,8.541,7.401,7.401
aten::split_with_sizes,,,1.963,3.612,0,0,0,0
aten::as_strided,,,1.187,1.187,0,0,0,0
aten::as_strided,,,0.272,0.272,0,0,0,0
aten::as_strided,,,0.19,0.19,0,0,0,0
vllm::npu_rotary_embedding,,,165.431,874.498,0,2.881,0,0
aten::view,,,1.498,1.498,0,0,0,0
aten::view,,,0.492,0.492,0,0,0,0
P13/1025334/00641/jit_run,,,544.596,703.939,0,2.881,0,0
P13/1025334/00642/launch,,,154.143,159.343,0,2.881,0,0
_triton_rope,,,5.2,5.2,2.881,2.881,0,0
aten::view,,,2.599,2.599,0,0,0,0
aten::view,,,0.539,0.539,0,0,0,0
aten::empty,,,1.111,5.476,0,0,0,0
empty_tensor,,,4.365,4.365,0,0,0,0
aten::view,,,0.946,0.946,0,0,0,0
aten::view,,,0.504,0.504,0,0,0,0
aten::view,,,0.46,0.46,0,0,0,0
aten::view,,,0.449,0.449,0,0,0,0
vllm::unified_attention_with_output,,,96.592,1106.878,0,22.982,0,0
P13/1025334/00643/attention,,,295.468,1010.286,0,22.982,0,0
aten::slice,,,1.354,2.763,0,0,0,0
aten::as_strided,,,1.409,1.409,0,0,0,0
aten::slice,,,0.378,0.76,0,0,0,0
aten::as_strided,,,0.382,0.382,0,0,0,0
aten::slice,,,2.449,3.223,0,0,0,0
aten::as_strided,,,0.774,0.774,0,0,0,0
P13/1025334/00644/cache_write,,,144.553,249.116,0,1.961,0,0
P13/1025334/00645/torch_api,,,78.46,104.563,0,1.961,0,0
atb::_npu_reshape_and_cache,,,16.964,26.103,0,1.961,0,0
ReshapeCacheOperation,,,9.139,9.139,1.961,1.961,0,0
P13/1025334/00646/fia,,,240.591,444.269,0,21.020999999999997,0,0
aten::view,,,3.489,3.489,0,0,0,0
aten::view,,,1.0,1.0,0,0,0,0
aten::slice,,,0.898,1.881,0,0,0,0
aten::as_strided,,,0.983,0.983,0,0,0,0
P13/1025334/00647/torch_api,,,113.386,167.557,0,20.441,0,0
npu::npu_fused_infer_attention_score,,,42.593,54.171,0,20.441,0,0
empty_tensor,,,4.923,4.923,0,0,0,0
empty_tensor,,,1.313,1.313,0,0,0,0
empty_tensor,,,1.073,1.073,0,0,0,0
empty_tensor,,,0.671,0.671,0,0,0,0
aclnnFusedInferAttentionScoreV3,,,3.598,3.598,20.441,20.441,0,0
aten::view,,,1.565,1.565,0,0,0,0
aten::slice,,,0.892,1.983,0,0,0,0
aten::as_strided,,,1.091,1.091,0,0,0,0
aten::copy_,,,23.438,26.203,0,0.58,0,0
aclnnInplaceCopy,,,2.765,2.765,0.58,0.58,0,0
aten::slice,,,0.622,1.655,0,0,0,0
aten::as_strided,,,1.033,1.033,0,0,0,0
aten::copy_,,,10.583,13.032,0,0,0,0
aclnnInplaceCopy,,,2.449,2.449,0,0,0,0
aten::view,,,1.206,1.206,0,0,0,0
vllm::unquantized_gemm,,,71.155,173.898,0,5.7,0,5.7
P13/1025334/00648/linear,,,81.548,102.743,0,5.7,0,5.7
aten::linear,,,1.802,21.195,0,5.7,0,5.7
aten::t,,,2.273,4.834,0,0,0,0
aten::transpose,,,1.196,2.561,0,0,0,0
aten::as_strided,,,1.365,1.365,0,0,0,0
aten::matmul,,,7.886,14.559,0,5.7,0,5.7
empty_tensor,,,3.956,3.956,0,0,0,0
aclnnMatmul,,,2.717,2.717,5.7,5.7,5.7,5.7
vllm::maybe_chunk_residual,,,7.158,7.158,0,0,0,0
_C_ascend::npu_add_rms_norm_bias,,,15.839,29.842,0,1.78,0,0
aten::empty,,,1.004,3.818,0,0,0,0
empty_tensor,,,2.814,2.814,0,0,0,0
aten::empty,,,0.487,1.889,0,0,0,0
empty_tensor,,,1.402,1.402,0,0,0,0
aten::empty,,,0.242,1.277,0,0,0,0
empty_tensor,,,1.035,1.035,0,0,0,0
aten::empty,,,0.5,3.703,0,0,0,0
empty_tensor,,,3.203,3.203,0,0,0,0
aclnnAddRmsNormBias,,,3.316,3.316,1.78,1.78,0,0
vllm::unquantized_gemm,,,68.757,164.745,0,20.481,0,20.481
P13/1025334/00649/linear,,,80.212,95.988,0,20.481,0,20.481
aten::linear,,,1.262,15.776,0,20.481,0,20.481
aten::t,,,1.408,3.662,0,0,0,0
aten::transpose,,,0.816,2.254,0,0,0,0
aten::as_strided,,,1.438,1.438,0,0,0,0
aten::matmul,,,5.843,10.852,0,20.481,0,20.481
empty_tensor,,,2.322,2.322,0,0,0,0
aclnnMatmul,,,2.687,2.687,20.481,20.481,20.481,20.481
npu::npu_swiglu,,,14.04,20.04,0,3.08,0,0
empty_tensor,,,2.116,2.116,0,0,0,0
aclnnSwiGlu,,,3.884,3.884,3.08,3.08,0,0
vllm::unquantized_gemm,,,65.89,159.195,0,16.7,0,16.7
P13/1025334/00650/linear,,,73.457,93.305,0,16.7,0,16.7
aten::linear,,,0.893,19.848,0,16.7,0,16.7
aten::t,,,1.085,2.974,0,0,0,0
aten::transpose,,,0.692,1.889,0,0,0,0
aten::as_strided,,,1.197,1.197,0,0,0,0
aten::matmul,,,4.851,15.981,0,16.7,0,16.7
empty_tensor,,,1.976,1.976,0,0,0,0
aclnnMatmul,,,9.154,9.154,16.7,16.7,16.7,16.7
vllm::maybe_chunk_residual,,,6.975,6.975,0,0,0,0
_C_ascend::npu_add_rms_norm_bias,,,11.929,22.732,0,1.72,0,0
aten::empty,,,0.646,2.864,0,0,0,0
empty_tensor,,,2.218,2.218,0,0,0,0
aten::empty,,,0.26,1.188,0,0,0,0
empty_tensor,,,0.928,0.928,0,0,0,0
aten::empty,,,0.213,1.251,0,0,0,0
empty_tensor,,,1.038,1.038,0,0,0,0
aten::empty,,,0.405,2.321,0,0,0,0
empty_tensor,,,1.916,1.916,0,0,0,0
aclnnAddRmsNormBias,,,3.179,3.179,1.72,1.72,0,0
vllm::unquantized_gemm,,,75.946,187.921,0,8.78,0,7.64
P13/1025334/00651/linear,,,93.852,111.975,0,8.78,0,7.64
aten::linear,,,1.42,18.123,0,8.78,0,7.64
aten::t,,,1.326,3.409,0,0,0,0
aten::transpose,,,0.692,2.083,0,0,0,0
aten::as_strided,,,1.391,1.391,0,0,0,0
aten::addmm,,,8.14,13.294,0,8.78,0,7.64
empty_tensor,,,2.364,2.364,0,0,0,0
aclnnAddmm,,,2.79,2.79,8.78,8.78,7.64,7.64
aten::split_with_sizes,,,1.786,3.346,0,0,0,0
aten::as_strided,,,1.12,1.12,0,0,0,0
aten::as_strided,,,0.214,0.214,0,0,0,0
aten::as_strided,,,0.226,0.226,0,0,0,0
vllm::npu_rotary_embedding,,,166.444,858.457,0,2.9,0,0
aten::view,,,1.268,1.268,0,0,0,0
aten::view,,,0.46,0.46,0,0,0,0
P13/1025334/00652/jit_run,,,540.641,687.107,0,2.9,0,0
P13/1025334/00653/launch,,,142.426,146.466,0,2.9,0,0
_triton_rope,,,4.04,4.04,2.9,2.9,0,0
aten::view,,,2.598,2.598,0,0,0,0
aten::view,,,0.58,0.58,0,0,0,0
aten::empty,,,1.114,5.436,0,0,0,0
empty_tensor,,,4.322,4.322,0,0,0,0
aten::view,,,0.714,0.714,0,0,0,0
aten::view,,,0.636,0.636,0,0,0,0
aten::view,,,0.613,0.613,0,0,0,0
aten::view,,,0.628,0.628,0,0,0,0
vllm::unified_attention_with_output,,,100.284,1124.34,0,21.902,0,0
P13/1025334/00654/attention,,,309.329,1024.056,0,21.902,0,0
aten::slice,,,1.241,2.712,0,0,0,0
aten::as_strided,,,1.471,1.471,0,0,0,0
aten::slice,,,2.846,3.328,0,0,0,0
aten::as_strided,,,0.482,0.482,0,0,0,0
aten::slice,,,2.428,3.43,0,0,0,0
aten::as_strided,,,1.002,1.002,0,0,0,0
P13/1025334/00655/cache_write,,,151.767,259.401,0,2.281,0,0
P13/1025334/00656/torch_api,,,82.384,107.634,0,2.281,0,0
atb::_npu_reshape_and_cache,,,21.244,25.25,0,2.281,0,0
ReshapeCacheOperation,,,4.006,4.006,2.281,2.281,0,0
P13/1025334/00657/fia,,,233.78,426.043,0,19.621000000000002,0,0
aten::view,,,3.058,3.058,0,0,0,0
aten::view,,,0.926,0.926,0,0,0,0
aten::slice,,,0.742,1.756,0,0,0,0
aten::as_strided,,,1.014,1.014,0,0,0,0
P13/1025334/00658/torch_api,,,105.669,156.979,0,19.001,0,0
npu::npu_fused_infer_attention_score,,,41.092,51.31,0,19.001,0,0
empty_tensor,,,4.354,4.354,0,0,0,0
empty_tensor,,,1.042,1.042,0,0,0,0
empty_tensor,,,0.81,0.81,0,0,0,0
empty_tensor,,,0.703,0.703,0,0,0,0
aclnnFusedInferAttentionScoreV3,,,3.309,3.309,19.001,19.001,0,0
aten::view,,,1.4,1.4,0,0,0,0
aten::slice,,,0.685,1.682,0,0,0,0
aten::as_strided,,,0.997,0.997,0,0,0,0
aten::copy_,,,23.491,26.462,0,0.62,0,0
aclnnInplaceCopy,,,2.971,2.971,0.62,0.62,0,0
aten::slice,,,0.638,1.657,0,0,0,0
aten::as_strided,,,1.019,1.019,0,0,0,0
aten::copy_,,,11.968,18.156,0,0,0,0
aclnnInplaceCopy,,,6.188,6.188,0,0,0,0
aten::view,,,1.22,1.22,0,0,0,0
vllm::unquantized_gemm,,,77.279,180.792,0,5.56,0,5.56
P13/1025334/00659/linear,,,81.33,103.513,0,5.56,0,5.56
aten::linear,,,1.863,22.183,0,5.56,0,5.56
aten::t,,,2.393,5.222,0,0,0,0
aten::transpose,,,1.241,2.829,0,0,0,0
aten::as_strided,,,1.588,1.588,0,0,0,0
aten::matmul,,,7.826,15.098,0,5.56,0,5.56
empty_tensor,,,4.394,4.394,0,0,0,0
aclnnMatmul,,,2.878,2.878,5.56,5.56,5.56,5.56
vllm::maybe_chunk_residual,,,7.708,7.708,0,0,0,0
_C_ascend::npu_add_rms_norm_bias,,,16.746,29.81,0,1.68,0,0
aten::empty,,,1.208,4.346,0,0,0,0
empty_tensor,,,3.138,3.138,0,0,0,0
aten::empty,,,0.43,1.762,0,0,0,0
empty_tensor,,,1.332,1.332,0,0,0,0
aten::empty,,,0.21,0.979,0,0,0,0
empty_tensor,,,0.769,0.769,0,0,0,0
aten::empty,,,0.373,2.858,0,0,0,0
empty_tensor,,,2.485,2.485,0,0,0,0
aclnnAddRmsNormBias,,,3.119,3.119,1.68,1.68,0,0
vllm::unquantized_gemm,,,72.26,166.279,0,19.921,0,19.921
P13/1025334/00660/linear,,,77.776,94.019,0,19.921,0,19.921
aten::linear,,,1.474,16.243,0,19.921,0,19.921
aten::t,,,1.547,3.832,0,0,0,0
aten::transpose,,,0.804,2.285,0,0,0,0
aten::as_strided,,,1.481,1.481,0,0,0,0
aten::matmul,,,5.643,10.937,0,19.921,0,19.921
empty_tensor,,,2.548,2.548,0,0,0,0
aclnnMatmul,,,2.746,2.746,19.921,19.921,19.921,19.921
npu::npu_swiglu,,,14.346,19.209,0,3.02,0,0
empty_tensor,,,2.296,2.296,0,0,0,0
aclnnSwiGlu,,,2.567,2.567,3.02,3.02,0,0
vllm::unquantized_gemm,,,64.827,151.639,0,16.461,0,16.461
P13/1025334/00661/linear,,,73.613,86.812,0,16.461,0,16.461
aten::linear,,,0.936,13.199,0,16.461,0,16.461
aten::t,,,1.112,3.091,0,0,0,0
aten::transpose,,,0.722,1.979,0,0,0,0
aten::as_strided,,,1.257,1.257,0,0,0,0
aten::matmul,,,4.523,9.172,0,16.461,0,16.461
empty_tensor,,,1.915,1.915,0,0,0,0
aclnnMatmul,,,2.734,2.734,16.461,16.461,16.461,16.461
vllm::maybe_chunk_residual,,,6.873,6.873,0,0,0,0
_C_ascend::npu_add_rms_norm_bias,,,12.292,23.453,0,1.8,0,0
aten::empty,,,0.659,2.99,0,0,0,0
empty_tensor,,,2.331,2.331,0,0,0,0
aten::empty,,,0.251,1.709,0,0,0,0
empty_tensor,,,1.458,1.458,0,0,0,0
aten::empty,,,0.417,1.524,0,0,0,0
empty_tensor,,,1.107,1.107,0,0,0,0
aten::empty,,,0.495,2.1,0,0,0,0
empty_tensor,,,1.605,1.605,0,0,0,0
aclnnAddRmsNormBias,,,2.838,2.838,1.8,1.8,0,0
vllm::unquantized_gemm,,,76.431,184.494,0,8.881,0,7.681
P13/1025334/00662/linear,,,90.923,108.063,0,8.881,0,7.681
aten::linear,,,1.387,17.14,0,8.881,0,7.681
aten::t,,,1.14,3.291,0,0,0,0
aten::transpose,,,0.729,2.151,0,0,0,0
aten::as_strided,,,1.422,1.422,0,0,0,0
aten::addmm,,,7.673,12.462,0,8.881,0,7.681
empty_tensor,,,2.208,2.208,0,0,0,0
aclnnAddmm,,,2.581,2.581,8.881,8.881,7.681,7.681
aten::split_with_sizes,,,1.678,3.322,0,0,0,0
aten::as_strided,,,1.036,1.036,0,0,0,0
aten::as_strided,,,0.226,0.226,0,0,0,0
aten::as_strided,,,0.382,0.382,0,0,0,0
vllm::npu_rotary_embedding,,,168.113,862.747,0,2.961,0,0
aten::view,,,1.428,1.428,0,0,0,0
aten::view,,,1.165,1.165,0,0,0,0
P13/1025334/00663/jit_run,,,536.938,689.14,0,2.961,0,0
P13/1025334/00664/launch,,,138.983,152.202,0,2.961,0,0
_triton_rope,,,13.219,13.219,2.961,2.961,0,0
aten::view,,,2.344,2.344,0,0,0,0
aten::view,,,0.557,0.557,0,0,0,0
aten::empty,,,1.034,5.689,0,0,0,0
empty_tensor,,,4.655,4.655,0,0,0,0
aten::view,,,0.899,0.899,0,0,0,0
aten::view,,,0.703,0.703,0,0,0,0
aten::view,,,0.603,0.603,0,0,0,0
aten::view,,,0.54,0.54,0,0,0,0
vllm::unified_attention_with_output,,,95.439,1109.933,0,25.701,0,0
P13/1025334/00665/attention,,,296.028,1014.494,0,25.701,0,0
aten::slice,,,1.323,2.781,0,0,0,0
aten::as_strided,,,1.458,1.458,0,0,0,0
aten::slice,,,0.424,0.755,0,0,0,0
aten::as_strided,,,0.331,0.331,0,0,0,0
aten::slice,,,2.58,3.338,0,0,0,0
aten::as_strided,,,0.758,0.758,0,0,0,0
P13/1025334/00666/cache_write,,,150.611,266.772,0,2.36,0,0
P13/1025334/00667/torch_api,,,95.156,116.161,0,2.36,0,0
atb::_npu_reshape_and_cache,,,17.276,21.005,0,2.36,0,0
ReshapeCacheOperation,,,3.729,3.729,2.36,2.36,0,0
P13/1025334/00668/fia,,,228.219,429.689,0,23.340999999999998,0,0
aten::view,,,3.332,3.332,0,0,0,0
aten::view,,,1.08,1.08,0,0,0,0
aten::slice,,,1.446,2.465,0,0,0,0
aten::as_strided,,,1.019,1.019,0,0,0,0
P13/1025334/00669/torch_api,,,109.981,164.58,0,22.761,0,0
npu::npu_fused_infer_attention_score,,,41.228,54.599,0,22.761,0,0
empty_tensor,,,4.851,4.851,0,0,0,0
empty_tensor,,,1.218,1.218,0,0,0,0
empty_tensor,,,0.887,0.887,0,0,0,0
empty_tensor,,,0.952,0.952,0,0,0,0
aclnnFusedInferAttentionScoreV3,,,5.463,5.463,22.761,22.761,0,0
aten::view,,,1.47,1.47,0,0,0,0
aten::slice,,,0.86,1.909,0,0,0,0
aten::as_strided,,,1.049,1.049,0,0,0,0
aten::copy_,,,23.763,26.634,0,0.58,0,0
aclnnInplaceCopy,,,2.871,2.871,0.58,0.58,0,0
aten::slice,,,0.565,1.552,0,0,0,0
aten::as_strided,,,0.987,0.987,0,0,0,0
aten::copy_,,,11.161,13.579,0,0,0,0
aclnnInplaceCopy,,,2.418,2.418,0,0,0,0
aten::view,,,1.239,1.239,0,0,0,0
vllm::unquantized_gemm,,,75.26,174.369,0,5.78,0,5.78
P13/1025334/00670/linear,,,78.46,99.109,0,5.78,0,5.78
aten::linear,,,1.848,20.649,0,5.78,0,5.78
aten::t,,,2.265,4.895,0,0,0,0
aten::transpose,,,1.151,2.63,0,0,0,0
aten::as_strided,,,1.479,1.479,0,0,0,0
aten::matmul,,,7.419,13.906,0,5.78,0,5.78
empty_tensor,,,3.776,3.776,0,0,0,0
aclnnMatmul,,,2.711,2.711,5.78,5.78,5.78,5.78
vllm::maybe_chunk_residual,,,7.426,7.426,0,0,0,0
_C_ascend::npu_add_rms_norm_bias,,,15.993,30.158,0,1.72,0,0
aten::empty,,,1.091,3.836,0,0,0,0
empty_tensor,,,2.745,2.745,0,0,0,0
aten::empty,,,0.265,1.504,0,0,0,0
empty_tensor,,,1.239,1.239,0,0,0,0
aten::empty,,,0.337,2.377,0,0,0,0
empty_tensor,,,2.04,2.04,0,0,0,0
aten::empty,,,0.377,3.243,0,0,0,0
empty_tensor,,,2.866,2.866,0,0,0,0
aclnnAddRmsNormBias,,,3.205,3.205,1.72,1.72,0,0
vllm::unquantized_gemm,,,70.423,166.08,0,19.98,0,19.98
P13/1025334/00671/linear,,,80.139,95.657,0,19.98,0,19.98
aten::linear,,,1.148,15.518,0,19.98,0,19.98
aten::t,,,1.379,3.534,0,0,0,0
aten::transpose,,,0.731,2.155,0,0,0,0
aten::as_strided,,,1.424,1.424,0,0,0,0
aten::matmul,,,5.714,10.836,0,19.98,0,19.98
empty_tensor,,,2.335,2.335,0,0,0,0
aclnnMatmul,,,2.787,2.787,19.98,19.98,19.98,19.98
npu::npu_swiglu,,,14.652,27.259,0,3.061,0,0
empty_tensor,,,1.992,1.992,0,0,0,0
aclnnSwiGlu,,,10.615,10.615,3.061,3.061,0,0
vllm::unquantized_gemm,,,74.137,163.002,0,16.56,0,16.56
P13/1025334/00672/linear,,,75.349,88.865,0,16.56,0,16.56
aten::linear,,,1.036,13.516,0,16.56,0,16.56
aten::t,,,1.095,2.976,0,0,0,0
aten::transpose,,,0.594,1.881,0,0,0,0
aten::as_strided,,,1.287,1.287,0,0,0,0
aten::matmul,,,4.811,9.504,0,16.56,0,16.56
empty_tensor,,,2.135,2.135,0,0,0,0
aclnnMatmul,,,2.558,2.558,16.56,16.56,16.56,16.56
vllm::maybe_chunk_residual,,,6.978,6.978,0,0,0,0
_C_ascend::npu_add_rms_norm_bias,,,13.902,26.056,0,1.8,0,0
aten::empty,,,0.805,3.278,0,0,0,0
empty_tensor,,,2.473,2.473,0,0,0,0
aten::empty,,,0.248,1.341,0,0,0,0
empty_tensor,,,1.093,1.093,0,0,0,0
aten::empty,,,0.4,1.469,0,0,0,0
empty_tensor,,,1.069,1.069,0,0,0,0
aten::empty,,,1.011,2.93,0,0,0,0
empty_tensor,,,1.919,1.919,0,0,0,0
aclnnAddRmsNormBias,,,3.136,3.136,1.8,1.8,0,0
vllm::unquantized_gemm,,,70.182,167.209,0,8.581,0,7.381
P13/1025334/00673/linear,,,79.748,97.027,0,8.581,0,7.381
aten::linear,,,1.369,17.279,0,8.581,0,7.381
aten::t,,,1.447,3.441,0,0,0,0
aten::transpose,,,0.693,1.994,0,0,0,0
aten::as_strided,,,1.301,1.301,0,0,0,0
aten::addmm,,,7.861,12.469,0,8.581,0,7.381
empty_tensor,,,2.14,2.14,0,0,0,0
aclnnAddmm,,,2.468,2.468,8.581,8.581,7.381,7.381
aten::split_with_sizes,,,1.84,3.538,0,0,0,0
aten::as_strided,,,1.099,1.099,0,0,0,0
aten::as_strided,,,0.267,0.267,0,0,0,0
aten::as_strided,,,0.332,0.332,0,0,0,0
vllm::npu_rotary_embedding,,,165.836,855.41,0,2.86,0,0
aten::view,,,1.434,1.434,0,0,0,0
aten::view,,,0.456,0.456,0,0,0,0
P13/1025334/00674/jit_run,,,537.363,684.6,0,2.86,0,0
P13/1025334/00675/launch,,,142.634,147.237,0,2.86,0,0
_triton_rope,,,4.603,4.603,2.86,2.86,0,0
aten::view,,,2.404,2.404,0,0,0,0
aten::view,,,0.68,0.68,0,0,0,0
aten::empty,,,1.129,5.071,0,0,0,0
empty_tensor,,,3.942,3.942,0,0,0,0
aten::view,,,0.873,0.873,0,0,0,0
aten::view,,,0.57,0.57,0,0,0,0
aten::view,,,0.483,0.483,0,0,0,0
aten::view,,,0.429,0.429,0,0,0,0
vllm::unified_attention_with_output,,,98.12,1106.445,0,22.582,0,0
P13/1025334/00676/attention,,,289.449,1008.325,0,22.582,0,0
aten::slice,,,1.314,2.758,0,0,0,0
aten::as_strided,,,1.444,1.444,0,0,0,0
aten::slice,,,0.577,1.333,0,0,0,0
aten::as_strided,,,0.756,0.756,0,0,0,0
aten::slice,,,2.493,3.383,0,0,0,0
aten::as_strided,,,0.89,0.89,0,0,0,0
P13/1025334/00677/cache_write,,,143.915,244.99,0,1.601,0,0
P13/1025334/00678/torch_api,,,79.747,101.075,0,1.601,0,0
atb::_npu_reshape_and_cache,,,17.679,21.328,0,1.601,0,0
ReshapeCacheOperation,,,3.649,3.649,1.601,1.601,0,0
P13/1025334/00679/fia,,,237.047,449.485,0,20.981,0,0
aten::view,,,3.269,3.269,0,0,0,0
aten::view,,,1.114,1.114,0,0,0,0
aten::slice,,,0.727,1.843,0,0,0,0
aten::as_strided,,,1.116,1.116,0,0,0,0
P13/1025334/00680/torch_api,,,111.806,165.931,0,20.361,0,0
npu::npu_fused_infer_attention_score,,,43.065,54.125,0,20.361,0,0
empty_tensor,,,4.713,4.713,0,0,0,0
empty_tensor,,,1.201,1.201,0,0,0,0
empty_tensor,,,0.772,0.772,0,0,0,0
empty_tensor,,,0.801,0.801,0,0,0,0
aclnnFusedInferAttentionScoreV3,,,3.573,3.573,20.361,20.361,0,0
aten::view,,,1.52,1.52,0,0,0,0
aten::slice,,,0.818,4.434,0,0,0,0
aten::as_strided,,,3.616,3.616,0,0,0,0
aten::copy_,,,23.297,34.327,0,0.62,0,0
aclnnInplaceCopy,,,11.03,11.03,0.62,0.62,0,0
aten::slice,,,0.717,1.844,0,0,0,0
aten::as_strided,,,1.127,1.127,0,0,0,0
aten::copy_,,,12.325,15.083,0,0,0,0
aclnnInplaceCopy,,,2.758,2.758,0,0,0,0
aten::view,,,1.368,1.368,0,0,0,0
vllm::unquantized_gemm,,,87.913,191.875,0,5.321,0,5.321
P13/1025334/00681/linear,,,81.922,103.962,0,5.321,0,5.321
aten::linear,,,1.73,22.04,0,5.321,0,5.321
aten::t,,,2.34,5.017,0,0,0,0
aten::transpose,,,1.108,2.677,0,0,0,0
aten::as_strided,,,1.569,1.569,0,0,0,0
aten::matmul,,,8.006,15.293,0,5.321,0,5.321
empty_tensor,,,4.357,4.357,0,0,0,0
aclnnMatmul,,,2.93,2.93,5.321,5.321,5.321,5.321
vllm::maybe_chunk_residual,,,7.484,7.484,0,0,0,0
_C_ascend::npu_add_rms_norm_bias,,,15.882,28.706,0,1.72,0,0
aten::empty,,,1.108,4.275,0,0,0,0
empty_tensor,,,3.167,3.167,0,0,0,0
aten::empty,,,0.323,1.591,0,0,0,0
empty_tensor,,,1.268,1.268,0,0,0,0
aten::empty,,,0.209,1.131,0,0,0,0
empty_tensor,,,0.922,0.922,0,0,0,0
aten::empty,,,0.446,2.734,0,0,0,0
empty_tensor,,,2.288,2.288,0,0,0,0
aclnnAddRmsNormBias,,,3.093,3.093,1.72,1.72,0,0
vllm::unquantized_gemm,,,70.447,167.694,0,20.34,0,20.34
P13/1025334/00682/linear,,,81.632,97.247,0,20.34,0,20.34
aten::linear,,,1.205,15.615,0,20.34,0,20.34
aten::t,,,1.481,3.58,0,0,0,0
aten::transpose,,,0.701,2.099,0,0,0,0
aten::as_strided,,,1.398,1.398,0,0,0,0
aten::matmul,,,5.905,10.83,0,20.34,0,20.34
empty_tensor,,,2.314,2.314,0,0,0,0
aclnnMatmul,,,2.611,2.611,20.34,20.34,20.34,20.34
npu::npu_swiglu,,,15.096,21.828,0,2.9,0,0
empty_tensor,,,3.919,3.919,0,0,0,0
aclnnSwiGlu,,,2.813,2.813,2.9,2.9,0,0
vllm::unquantized_gemm,,,70.556,170.242,0,16.2,0,16.2
P13/1025334/00683/linear,,,85.87,99.686,0,16.2,0,16.2
aten::linear,,,1.248,13.816,0,16.2,0,16.2
aten::t,,,1.333,3.557,0,0,0,0
aten::transpose,,,0.879,2.224,0,0,0,0
aten::as_strided,,,1.345,1.345,0,0,0,0
aten::matmul,,,4.811,9.011,0,16.2,0,16.2
empty_tensor,,,1.79,1.79,0,0,0,0
aclnnMatmul,,,2.41,2.41,16.2,16.2,16.2,16.2
vllm::maybe_chunk_residual,,,6.943,6.943,0,0,0,0
_C_ascend::npu_add_rms_norm_bias,,,12.19,26.442,0,1.76,0,0
aten::empty,,,0.731,2.832,0,0,0,0
empty_tensor,,,2.101,2.101,0,0,0,0
aten::empty,,,0.253,1.374,0,0,0,0
empty_tensor,,,1.121,1.121,0,0,0,0
aten::empty,,,0.353,1.497,0,0,0,0
empty_tensor,,,1.144,1.144,0,0,0,0
aten::empty,,,0.501,2.488,0,0,0,0
empty_tensor,,,1.987,1.987,0,0,0,0
aclnnAddRmsNormBias,,,6.061,6.061,1.76,1.76,0,0
vllm::unquantized_gemm,,,71.305,173.774,0,8.501000000000001,0,7.32
P13/1025334/00684/linear,,,83.218,102.469,0,8.501000000000001,0,7.32
aten::linear,,,1.64,19.251,0,8.501000000000001,0,7.32
aten::t,,,1.198,3.094,0,0,0,0
aten::transpose,,,0.621,1.896,0,0,0,0
aten::as_strided,,,1.275,1.275,0,0,0,0
aten::addmm,,,7.836,14.517,0,8.501000000000001,0,7.32
empty_tensor,,,2.303,2.303,0,0,0,0
aclnnAddmm,,,4.378,4.378,8.501000000000001,8.501000000000001,7.32,7.32
aten::split_with_sizes,,,1.762,3.588,0,0,0,0
aten::as_strided,,,1.154,1.154,0,0,0,0
aten::as_strided,,,0.298,0.298,0,0,0,0
aten::as_strided,,,0.374,0.374,0,0,0,0
vllm::npu_rotary_embedding,,,165.418,881.087,0,3.24,0,0
aten::view,,,1.289,1.289,0,0,0,0
aten::view,,,0.521,0.521,0,0,0,0
P13/1025334/00685/jit_run,,,552.319,710.689,0,3.24,0,0
P13/1025334/00686/launch,,,153.389,158.37,0,3.24,0,0
_triton_rope,,,4.981,4.981,3.24,3.24,0,0
aten::view,,,2.615,2.615,0,0,0,0
aten::view,,,0.555,0.555,0,0,0,0
aten::empty,,,1.011,6.055,0,0,0,0
empty_tensor,,,5.044,5.044,0,0,0,0
aten::view,,,0.898,0.898,0,0,0,0
aten::view,,,0.664,0.664,0,0,0,0
aten::view,,,0.623,0.623,0,0,0,0
aten::view,,,0.607,0.607,0,0,0,0
vllm::unified_attention_with_output,,,101.098,1098.419,0,25.201,0,0
P13/1025334/00687/attention,,,289.061,997.321,0,25.201,0,0
aten::slice,,,1.488,2.945,0,0,0,0
aten::as_strided,,,1.457,1.457,0,0,0,0
aten::slice,,,0.527,0.879,0,0,0,0
aten::as_strided,,,0.352,0.352,0,0,0,0
aten::slice,,,2.557,3.396,0,0,0,0
aten::as_strided,,,0.839,0.839,0,0,0,0
P13/1025334/00688/cache_write,,,140.584,243.587,0,2.2,0,0
P13/1025334/00689/torch_api,,,81.079,103.003,0,2.2,0,0
atb::_npu_reshape_and_cache,,,17.237,21.924,0,2.2,0,0
ReshapeCacheOperation,,,4.687,4.687,2.2,2.2,0,0
P13/1025334/00690/fia,,,240.199,442.294,0,23.000999999999998,0,0
aten::view,,,3.241,3.241,0,0,0,0
aten::view,,,1.002,1.002,0,0,0,0
aten::slice,,,0.708,1.665,0,0,0,0
aten::as_strided,,,0.957,0.957,0,0,0,0
P13/1025334/00691/torch_api,,,113.939,166.086,0,22.421,0,0
npu::npu_fused_infer_attention_score,,,41.469,52.147,0,22.421,0,0
empty_tensor,,,4.386,4.386,0,0,0,0
empty_tensor,,,1.179,1.179,0,0,0,0
empty_tensor,,,0.798,0.798,0,0,0,0
empty_tensor,,,0.733,0.733,0,0,0,0
aclnnFusedInferAttentionScoreV3,,,3.582,3.582,22.421,22.421,0,0
aten::view,,,1.584,1.584,0,0,0,0
aten::slice,,,0.787,1.945,0,0,0,0
aten::as_strided,,,1.158,1.158,0,0,0,0
aten::copy_,,,23.983,26.572,0,0.58,0,0
aclnnInplaceCopy,,,2.589,2.589,0.58,0.58,0,0
aten::slice,,,0.645,1.628,0,0,0,0
aten::as_strided,,,0.983,0.983,0,0,0,0
aten::copy_,,,11.032,13.531,0,0,0,0
aclnnInplaceCopy,,,2.499,2.499,0,0,0,0
aten::view,,,1.222,1.222,0,0,0,0
vllm::unquantized_gemm,,,72.631,172.404,0,5.6,0,5.6
P13/1025334/00692/linear,,,78.977,99.773,0,5.6,0,5.6
aten::linear,,,1.677,20.796,0,5.6,0,5.6
aten::t,,,2.262,4.71,0,0,0,0
aten::transpose,,,0.987,2.448,0,0,0,0
aten::as_strided,,,1.461,1.461,0,0,0,0
aten::matmul,,,7.588,14.409,0,5.6,0,5.6
empty_tensor,,,3.973,3.973,0,0,0,0
aclnnMatmul,,,2.848,2.848,5.6,5.6,5.6,5.6
vllm::maybe_chunk_residual,,,7.308,7.308,0,0,0,0
_C_ascend::npu_add_rms_norm_bias,,,16.035,36.088,0,1.72,0,0
aten::empty,,,1.035,3.713,0,0,0,0
empty_tensor,,,2.678,2.678,0,0,0,0
aten::empty,,,1.228,2.538,0,0,0,0
empty_tensor,,,1.31,1.31,0,0,0,0
aten::empty,,,0.266,1.272,0,0,0,0
empty_tensor,,,1.006,1.006,0,0,0,0
aten::empty,,,0.567,2.649,0,0,0,0
empty_tensor,,,2.082,2.082,0,0,0,0
aclnnAddRmsNormBias,,,9.881,9.881,1.72,1.72,0,0
vllm::unquantized_gemm,,,69.35,164.338,0,20.021,0,20.021
P13/1025334/00693/linear,,,78.758,94.988,0,20.021,0,20.021
aten::linear,,,1.347,16.23,0,20.021,0,20.021
aten::t,,,1.595,3.912,0,0,0,0
aten::transpose,,,0.751,2.317,0,0,0,0
aten::as_strided,,,1.566,1.566,0,0,0,0
aten::matmul,,,5.932,10.971,0,20.021,0,20.021
empty_tensor,,,2.303,2.303,0,0,0,0
aclnnMatmul,,,2.736,2.736,20.021,20.021,20.021,20.021
npu::npu_swiglu,,,14.448,20.735,0,2.96,0,0
empty_tensor,,,2.01,2.01,0,0,0,0
aclnnSwiGlu,,,4.277,4.277,2.96,2.96,0,0
vllm::unquantized_gemm,,,69.934,157.014,0,16.481,0,16.481
P13/1025334/00694/linear,,,73.715,87.08,0,16.481,0,16.481
aten::linear,,,0.948,13.365,0,16.481,0,16.481
aten::t,,,1.205,3.263,0,0,0,0
aten::transpose,,,0.835,2.058,0,0,0,0
aten::as_strided,,,1.223,1.223,0,0,0,0
aten::matmul,,,4.615,9.154,0,16.481,0,16.481
empty_tensor,,,1.89,1.89,0,0,0,0
aclnnMatmul,,,2.649,2.649,16.481,16.481,16.481,16.481
vllm::maybe_chunk_residual,,,25.395,25.395,0,0,0,0
_C_ascend::npu_add_rms_norm_bias,,,13.795,26.354,0,1.66,0,0
aten::empty,,,0.848,3.629,0,0,0,0
empty_tensor,,,2.781,2.781,0,0,0,0
aten::empty,,,0.243,1.825,0,0,0,0
empty_tensor,,,1.582,1.582,0,0,0,0
aten::empty,,,0.428,1.29,0,0,0,0
empty_tensor,,,0.862,0.862,0,0,0,0
aten::empty,,,0.487,2.469,0,0,0,0
empty_tensor,,,1.982,1.982,0,0,0,0
aclnnAddRmsNormBias,,,3.346,3.346,1.66,1.66,0,0
vllm::unquantized_gemm,,,78.309,183.572,0,9.001,0,7.901
P13/1025334/00695/linear,,,86.962,105.263,0,9.001,0,7.901
aten::linear,,,1.546,18.301,0,9.001,0,7.901
aten::t,,,1.374,3.438,0,0,0,0
aten::transpose,,,0.718,2.064,0,0,0,0
aten::as_strided,,,1.346,1.346,0,0,0,0
aten::addmm,,,8.482,13.317,0,9.001,0,7.901
empty_tensor,,,2.298,2.298,0,0,0,0
aclnnAddmm,,,2.537,2.537,9.001,9.001,7.901,7.901
aten::split_with_sizes,,,1.701,3.193,0,0,0,0
aten::as_strided,,,1.032,1.032,0,0,0,0
aten::as_strided,,,0.266,0.266,0,0,0,0
aten::as_strided,,,0.194,0.194,0,0,0,0
vllm::npu_rotary_embedding,,,167.596,853.965,0,2.841,0,0
aten::view,,,1.332,1.332,0,0,0,0
aten::view,,,0.548,0.548,0,0,0,0
P13/1025334/00696/jit_run,,,535.627,681.396,0,2.841,0,0
P13/1025334/00697/launch,,,139.974,145.769,0,2.841,0,0
_triton_rope,,,5.795,5.795,2.841,2.841,0,0
aten::view,,,2.555,2.555,0,0,0,0
aten::view,,,0.538,0.538,0,0,0,0
aten::empty,,,0.967,4.986,0,0,0,0
empty_tensor,,,4.019,4.019,0,0,0,0
aten::view,,,0.964,0.964,0,0,0,0
aten::view,,,0.971,0.971,0,0,0,0
aten::view,,,0.511,0.511,0,0,0,0
aten::view,,,0.444,0.444,0,0,0,0
vllm::unified_attention_with_output,,,95.704,1107.274,0,20.62,0,0
P13/1025334/00698/attention,,,297.354,1011.57,0,20.62,0,0
aten::slice,,,1.415,2.971,0,0,0,0
aten::as_strided,,,1.556,1.556,0,0,0,0
aten::slice,,,0.58,1.253,0,0,0,0
aten::as_strided,,,0.673,0.673,0,0,0,0
aten::slice,,,2.55,3.39,0,0,0,0
aten::as_strided,,,0.84,0.84,0,0,0,0
P13/1025334/00699/cache_write,,,149.062,252.529,0,1.58,0,0
P13/1025334/00700/torch_api,,,82.101,103.467,0,1.58,0,0
atb::_npu_reshape_and_cache,,,17.849,21.366,0,1.58,0,0
ReshapeCacheOperation,,,3.517,3.517,1.58,1.58,0,0
P13/1025334/00701/fia,,,235.192,438.87,0,19.040000000000003,0,0
aten::view,,,3.225,3.225,0,0,0,0
aten::view,,,0.98,0.98,0,0,0,0
aten::slice,,,0.64,1.61,0,0,0,0
aten::as_strided,,,0.97,0.97,0,0,0,0
P13/1025334/00702/torch_api,,,106.676,167.729,0,18.42,0,0
npu::npu_fused_infer_attention_score,,,42.313,61.053,0,18.42,0,0
empty_tensor,,,4.665,4.665,0,0,0,0
empty_tensor,,,1.266,1.266,0,0,0,0
empty_tensor,,,1.011,1.011,0,0,0,0
empty_tensor,,,1.36,1.36,0,0,0,0
aclnnFusedInferAttentionScoreV3,,,10.438,10.438,18.42,18.42,0,0
aten::view,,,1.451,1.451,0,0,0,0
aten::slice,,,0.805,1.872,0,0,0,0
aten::as_strided,,,1.067,1.067,0,0,0,0
aten::copy_,,,23.889,26.811,0,0.62,0,0
aclnnInplaceCopy,,,2.922,2.922,0.62,0.62,0,0
aten::slice,,,0.631,1.537,0,0,0,0
aten::as_strided,,,0.906,0.906,0,0,0,0
aten::copy_,,,11.125,13.666,0,0,0,0
aclnnInplaceCopy,,,2.541,2.541,0,0,0,0
aten::view,,,1.246,1.246,0,0,0,0
vllm::unquantized_gemm,,,69.929,164.433,0,5.66,0,5.66
P13/1025334/00703/linear,,,74.032,94.504,0,5.66,0,5.66
aten::linear,,,1.657,20.472,0,5.66,0,5.66
aten::t,,,2.106,4.57,0,0,0,0
aten::transpose,,,1.065,2.464,0,0,0,0
aten::as_strided,,,1.399,1.399,0,0,0,0
aten::matmul,,,7.653,14.245,0,5.66,0,5.66
empty_tensor,,,3.833,3.833,0,0,0,0
aclnnMatmul,,,2.759,2.759,5.66,5.66,5.66,5.66
vllm::maybe_chunk_residual,,,7.109,7.109,0,0,0,0
_C_ascend::npu_add_rms_norm_bias,,,15.835,28.829,0,1.66,0,0
aten::empty,,,1.005,3.903,0,0,0,0
empty_tensor,,,2.898,2.898,0,0,0,0
aten::empty,,,0.374,1.859,0,0,0,0
empty_tensor,,,1.485,1.485,0,0,0,0
aten::empty,,,0.384,1.112,0,0,0,0
empty_tensor,,,0.728,0.728,0,0,0,0
aten::empty,,,0.346,2.53,0,0,0,0
empty_tensor,,,2.184,2.184,0,0,0,0
aclnnAddRmsNormBias,,,3.59,3.59,1.66,1.66,0,0
vllm::unquantized_gemm,,,75.68,187.852,0,19.061,0,19.061
P13/1025334/00704/linear,,,94.811,112.172,0,19.061,0,19.061
aten::linear,,,1.329,17.361,0,19.061,0,19.061
aten::t,,,1.532,3.794,0,0,0,0
aten::transpose,,,0.814,2.262,0,0,0,0
aten::as_strided,,,1.448,1.448,0,0,0,0
aten::matmul,,,6.714,12.238,0,19.061,0,19.061
empty_tensor,,,2.501,2.501,0,0,0,0
aclnnMatmul,,,3.023,3.023,19.061,19.061,19.061,19.061
npu::npu_swiglu,,,14.546,19.462,0,3.06,0,0
empty_tensor,,,2.202,2.202,0,0,0,0
aclnnSwiGlu,,,2.714,2.714,3.06,3.06,0,0
vllm::unquantized_gemm,,,69.975,169.856,0,16.281,0,16.281
P13/1025334/00705/linear,,,77.686,99.881,0,16.281,0,16.281
aten::linear,,,1.038,22.195,0,16.281,0,16.281
aten::t,,,1.172,3.14,0,0,0,0
aten::transpose,,,0.697,1.968,0,0,0,0
aten::as_strided,,,1.271,1.271,0,0,0,0
aten::matmul,,,4.566,18.017,0,16.281,0,16.281
empty_tensor,,,1.831,1.831,0,0,0,0
aclnnMatmul,,,11.62,11.62,16.281,16.281,16.281,16.281
vllm::maybe_chunk_residual,,,7.109,7.109,0,0,0,0
_C_ascend::npu_add_rms_norm_bias,,,12.475,23.533,0,1.82,0,0
aten::empty,,,0.733,3.011,0,0,0,0
empty_tensor,,,2.278,2.278,0,0,0,0
aten::empty,,,0.247,1.524,0,0,0,0
empty_tensor,,,1.277,1.277,0,0,0,0
aten::empty,,,0.398,1.314,0,0,0,0
empty_tensor,,,0.916,0.916,0,0,0,0
aten::empty,,,0.395,2.131,0,0,0,0
empty_tensor,,,1.736,1.736,0,0,0,0
aclnnAddRmsNormBias,,,3.078,3.078,1.82,1.82,0,0
vllm::unquantized_gemm,,,73.853,171.834,0,8.481,0,7.281
P13/1025334/00706/linear,,,80.056,97.981,0,8.481,0,7.281
aten::linear,,,1.377,17.925,0,8.481,0,7.281
aten::t,,,1.164,3.177,0,0,0,0
aten::transpose,,,0.705,2.013,0,0,0,0
aten::as_strided,,,1.308,1.308,0,0,0,0
aten::addmm,,,8.834,13.371,0,8.481,0,7.281
empty_tensor,,,2.029,2.029,0,0,0,0
aclnnAddmm,,,2.508,2.508,8.481,8.481,7.281,7.281
aten::split_with_sizes,,,1.906,3.652,0,0,0,0
aten::as_strided,,,1.162,1.162,0,0,0,0
aten::as_strided,,,0.231,0.231,0,0,0,0
aten::as_strided,,,0.353,0.353,0,0,0,0
vllm::npu_rotary_embedding,,,166.645,871.783,0,2.82,0,0
aten::view,,,2.843,2.843,0,0,0,0
aten::view,,,0.509,0.509,0,0,0,0
P13/1025334/00707/jit_run,,,544.543,698.693,0,2.82,0,0
P13/1025334/00708/launch,,,148.862,154.15,0,2.82,0,0
_triton_rope,,,5.288,5.288,2.82,2.82,0,0
aten::view,,,2.403,2.403,0,0,0,0
aten::view,,,0.69,0.69,0,0,0,0
aten::empty,,,1.085,5.985,0,0,0,0
empty_tensor,,,4.9,4.9,0,0,0,0
aten::view,,,0.917,0.917,0,0,0,0
aten::view,,,0.742,0.742,0,0,0,0
aten::view,,,0.496,0.496,0,0,0,0
aten::view,,,0.453,0.453,0,0,0,0
vllm::unified_attention_with_output,,,101.152,1115.041,0,25.061,0,0
P13/1025334/00709/attention,,,290.099,1013.889,0,25.061,0,0
aten::slice,,,1.374,2.863,0,0,0,0
aten::as_strided,,,1.489,1.489,0,0,0,0
aten::slice,,,0.346,0.749,0,0,0,0
aten::as_strided,,,0.403,0.403,0,0,0,0
aten::slice,,,2.412,3.209,0,0,0,0
aten::as_strided,,,0.797,0.797,0,0,0,0
P13/1025334/00710/cache_write,,,146.423,255.233,0,2.34,0,0
P13/1025334/00711/torch_api,,,85.112,108.81,0,2.34,0,0
atb::_npu_reshape_and_cache,,,19.977,23.698,0,2.34,0,0
ReshapeCacheOperation,,,3.721,3.721,2.34,2.34,0,0
P13/1025334/00712/fia,,,240.805,446.266,0,22.721,0,0
aten::view,,,3.058,3.058,0,0,0,0
aten::view,,,1.288,1.288,0,0,0,0
aten::slice,,,0.791,1.794,0,0,0,0
aten::as_strided,,,1.003,1.003,0,0,0,0
P13/1025334/00713/torch_api,,,114.727,168.135,0,22.161,0,0
npu::npu_fused_infer_attention_score,,,42.192,53.408,0,22.161,0,0
empty_tensor,,,4.71,4.71,0,0,0,0
empty_tensor,,,1.168,1.168,0,0,0,0
empty_tensor,,,0.736,0.736,0,0,0,0
empty_tensor,,,0.809,0.809,0,0,0,0
aclnnFusedInferAttentionScoreV3,,,3.793,3.793,22.161,22.161,0,0
aten::view,,,1.657,1.657,0,0,0,0
aten::slice,,,0.928,1.984,0,0,0,0
aten::as_strided,,,1.056,1.056,0,0,0,0
aten::copy_,,,24.464,27.545,0,0.56,0,0
aclnnInplaceCopy,,,3.081,3.081,0.56,0.56,0,0
aten::slice,,,0.682,1.65,0,0,0,0
aten::as_strided,,,0.968,0.968,0,0,0,0
aten::copy_,,,11.33,13.82,0,0,0,0
aclnnInplaceCopy,,,2.49,2.49,0,0,0,0
aten::view,,,1.247,1.247,0,0,0,0
vllm::unquantized_gemm,,,73.211,182.182,0,5.4,0,5.4
P13/1025334/00714/linear,,,80.218,108.971,0,5.4,0,5.4
aten::linear,,,1.77,28.753,0,5.4,0,5.4
aten::t,,,2.319,5.143,0,0,0,0
aten::transpose,,,1.187,2.824,0,0,0,0
aten::as_strided,,,1.637,1.637,0,0,0,0
aten::matmul,,,8.595,21.84,0,5.4,0,5.4
empty_tensor,,,4.044,4.044,0,0,0,0
aclnnMatmul,,,9.201,9.201,5.4,5.4,5.4,5.4
vllm::maybe_chunk_residual,,,7.436,7.436,0,0,0,0
_C_ascend::npu_add_rms_norm_bias,,,16.387,29.72,0,1.62,0,0
aten::empty,,,1.143,4.061,0,0,0,0
empty_tensor,,,2.918,2.918,0,0,0,0
aten::empty,,,0.425,1.653,0,0,0,0
empty_tensor,,,1.228,1.228,0,0,0,0
aten::empty,,,0.421,1.484,0,0,0,0
empty_tensor,,,1.063,1.063,0,0,0,0
aten::empty,,,0.495,2.758,0,0,0,0
empty_tensor,,,2.263,2.263,0,0,0,0
aclnnAddRmsNormBias,,,3.377,3.377,1.62,1.62,0,0
vllm::unquantized_gemm,,,70.116,166.33,0,22.261,0,22.261
P13/1025334/00715/linear,,,79.998,96.214,0,22.261,0,22.261
aten::linear,,,1.47,16.216,0,22.261,0,22.261
aten::t,,,1.476,3.875,0,0,0,0
aten::transpose,,,0.843,2.399,0,0,0,0
aten::as_strided,,,1.556,1.556,0,0,0,0
aten::matmul,,,5.824,10.871,0,22.261,0,22.261
empty_tensor,,,2.407,2.407,0,0,0,0
aclnnMatmul,,,2.64,2.64,22.261,22.261,22.261,22.261
npu::npu_swiglu,,,14.549,19.264,0,4.22,0,0
empty_tensor,,,2.139,2.139,0,0,0,0
aclnnSwiGlu,,,2.576,2.576,4.22,4.22,0,0
vllm::unquantized_gemm,,,67.253,158.514,0,16.261,0,16.261
P13/1025334/00716/linear,,,77.065,91.261,0,16.261,0,16.261
aten::linear,,,0.949,14.196,0,16.261,0,16.261
aten::t,,,1.233,3.222,0,0,0,0
aten::transpose,,,0.65,1.989,0,0,0,0
aten::as_strided,,,1.339,1.339,0,0,0,0
aten::matmul,,,5.361,10.025,0,16.261,0,16.261
empty_tensor,,,2.102,2.102,0,0,0,0
aclnnMatmul,,,2.562,2.562,16.261,16.261,16.261,16.261
vllm::maybe_chunk_residual,,,6.736,6.736,0,0,0,0
_C_ascend::npu_add_rms_norm_bias,,,12.632,23.614,0,2.06,0,0
aten::empty,,,0.7,2.844,0,0,0,0
empty_tensor,,,2.144,2.144,0,0,0,0
aten::empty,,,0.271,1.192,0,0,0,0
empty_tensor,,,0.921,0.921,0,0,0,0
aten::empty,,,0.472,1.526,0,0,0,0
empty_tensor,,,1.054,1.054,0,0,0,0
aten::empty,,,0.422,2.395,0,0,0,0
empty_tensor,,,1.973,1.973,0,0,0,0
aclnnAddRmsNormBias,,,3.025,3.025,2.06,2.06,0,0
vllm::unquantized_gemm,,,76.097,182.604,0,9.1,0,7.92
P13/1025334/00717/linear,,,88.656,106.507,0,9.1,0,7.92
aten::linear,,,1.459,17.851,0,9.1,0,7.92
aten::t,,,1.293,3.377,0,0,0,0
aten::transpose,,,0.721,2.084,0,0,0,0
aten::as_strided,,,1.363,1.363,0,0,0,0
aten::addmm,,,7.888,13.015,0,9.1,0,7.92
empty_tensor,,,2.36,2.36,0,0,0,0
aclnnAddmm,,,2.767,2.767,9.1,9.1,7.92,7.92
aten::split_with_sizes,,,1.873,3.38,0,0,0,0
aten::as_strided,,,1.043,1.043,0,0,0,0
aten::as_strided,,,0.231,0.231,0,0,0,0
aten::as_strided,,,0.233,0.233,0,0,0,0
vllm::npu_rotary_embedding,,,171.768,854.102,0,2.961,0,0
aten::view,,,1.233,1.233,0,0,0,0
aten::view,,,0.481,0.481,0,0,0,0
P13/1025334/00718/jit_run,,,531.218,677.8,0,2.961,0,0
P13/1025334/00719/launch,,,139.162,146.582,0,2.961,0,0
_triton_rope,,,7.42,7.42,2.961,2.961,0,0
aten::view,,,2.253,2.253,0,0,0,0
aten::view,,,0.567,0.567,0,0,0,0
aten::empty,,,1.963,6.301,0,0,0,0
empty_tensor,,,4.338,4.338,0,0,0,0
aten::view,,,0.827,0.827,0,0,0,0
aten::view,,,0.733,0.733,0,0,0,0
aten::view,,,0.588,0.588,0,0,0,0
aten::view,,,0.567,0.567,0,0,0,0
vllm::unified_attention_with_output,,,98.232,1107.623,0,25.081,0,0
P13/1025334/00720/attention,,,289.883,1009.391,0,25.081,0,0
aten::slice,,,1.232,2.616,0,0,0,0
aten::as_strided,,,1.384,1.384,0,0,0,0
aten::slice,,,0.489,0.828,0,0,0,0
aten::as_strided,,,0.339,0.339,0,0,0,0
aten::slice,,,2.358,3.133,0,0,0,0
aten::as_strided,,,0.775,0.775,0,0,0,0
P13/1025334/00721/cache_write,,,147.19,254.578,0,1.76,0,0
P13/1025334/00722/torch_api,,,79.705,107.388,0,1.76,0,0
atb::_npu_reshape_and_cache,,,23.75,27.683,0,1.76,0,0
ReshapeCacheOperation,,,3.933,3.933,1.76,1.76,0,0
P13/1025334/00723/fia,,,245.251,443.002,0,23.321,0,0
aten::view,,,3.268,3.268,0,0,0,0
aten::view,,,1.072,1.072,0,0,0,0
aten::slice,,,0.703,1.653,0,0,0,0
aten::as_strided,,,0.95,0.95,0,0,0,0
P13/1025334/00724/torch_api,,,106.597,160.398,0,22.701,0,0
npu::npu_fused_infer_attention_score,,,41.556,53.801,0,22.701,0,0
empty_tensor,,,5.368,5.368,0,0,0,0
empty_tensor,,,1.335,1.335,0,0,0,0
empty_tensor,,,0.991,0.991,0,0,0,0
empty_tensor,,,0.69,0.69,0,0,0,0
aclnnFusedInferAttentionScoreV3,,,3.861,3.861,22.701,22.701,0,0
aten::view,,,1.676,1.676,0,0,0,0
aten::slice,,,0.72,1.726,0,0,0,0
aten::as_strided,,,1.006,1.006,0,0,0,0
aten::copy_,,,24.012,27.958,0,0.62,0,0
aclnnInplaceCopy,,,3.946,3.946,0.62,0.62,0,0
aten::slice,,,0.607,1.56,0,0,0,0
aten::as_strided,,,0.953,0.953,0,0,0,0
aten::copy_,,,10.952,13.791,0,0,0,0
aclnnInplaceCopy,,,2.839,2.839,0,0,0,0
aten::view,,,1.228,1.228,0,0,0,0
vllm::unquantized_gemm,,,76.86,174.513,0,5.7,0,5.7
P13/1025334/00725/linear,,,76.936,97.653,0,5.7,0,5.7
aten::linear,,,1.674,20.717,0,5.7,0,5.7
aten::t,,,2.186,4.785,0,0,0,0
aten::transpose,,,1.202,2.599,0,0,0,0
aten::as_strided,,,1.397,1.397,0,0,0,0
aten::matmul,,,7.464,14.258,0,5.7,0,5.7
empty_tensor,,,4.002,4.002,0,0,0,0
aclnnMatmul,,,2.792,2.792,5.7,5.7,5.7,5.7
vllm::maybe_chunk_residual,,,7.216,7.216,0,0,0,0
_C_ascend::npu_add_rms_norm_bias,,,15.303,28.587,0,1.7,0,0
aten::empty,,,1.135,4.021,0,0,0,0
empty_tensor,,,2.886,2.886,0,0,0,0
aten::empty,,,0.333,1.835,0,0,0,0
empty_tensor,,,1.502,1.502,0,0,0,0
aten::empty,,,0.21,1.132,0,0,0,0
empty_tensor,,,0.922,0.922,0,0,0,0
aten::empty,,,0.534,2.812,0,0,0,0
empty_tensor,,,2.278,2.278,0,0,0,0
aclnnAddRmsNormBias,,,3.484,3.484,1.7,1.7,0,0
vllm::unquantized_gemm,,,77.574,177.687,0,19.401,0,19.401
P13/1025334/00726/linear,,,82.257,100.113,0,19.401,0,19.401
aten::linear,,,1.327,17.856,0,19.401,0,19.401
aten::t,,,2.694,5.192,0,0,0,0
aten::transpose,,,0.869,2.498,0,0,0,0
aten::as_strided,,,1.629,1.629,0,0,0,0
aten::matmul,,,6.024,11.337,0,19.401,0,19.401
empty_tensor,,,2.633,2.633,0,0,0,0
aclnnMatmul,,,2.68,2.68,19.401,19.401,19.401,19.401
npu::npu_swiglu,,,14.761,26.747,0,3.1,0,0
empty_tensor,,,2.245,2.245,0,0,0,0
aclnnSwiGlu,,,9.741,9.741,3.1,3.1,0,0
vllm::unquantized_gemm,,,67.875,157.712,0,16.461,0,16.461
P13/1025334/00727/linear,,,76.362,89.837,0,16.461,0,16.461
aten::linear,,,1.121,13.475,0,16.461,0,16.461
aten::t,,,1.263,3.237,0,0,0,0
aten::transpose,,,0.711,1.974,0,0,0,0
aten::as_strided,,,1.263,1.263,0,0,0,0
aten::matmul,,,4.607,9.117,0,16.461,0,16.461
empty_tensor,,,1.961,1.961,0,0,0,0
aclnnMatmul,,,2.549,2.549,16.461,16.461,16.461,16.461
vllm::maybe_chunk_residual,,,7.167,7.167,0,0,0,0
_C_ascend::npu_add_rms_norm_bias,,,12.874,24.17,0,1.68,0,0
aten::empty,,,0.688,2.783,0,0,0,0
empty_tensor,,,2.095,2.095,0,0,0,0
aten::empty,,,0.28,1.62,0,0,0,0
empty_tensor,,,1.34,1.34,0,0,0,0
aten::empty,,,0.389,1.326,0,0,0,0
empty_tensor,,,0.937,0.937,0,0,0,0
aten::empty,,,0.327,2.176,0,0,0,0
empty_tensor,,,1.849,1.849,0,0,0,0
aclnnAddRmsNormBias,,,3.391,3.391,1.68,1.68,0,0
vllm::unquantized_gemm,,,75.471,177.327,0,8.76,0,7.66
P13/1025334/00728/linear,,,83.817,101.856,0,8.76,0,7.66
aten::linear,,,1.545,18.039,0,8.76,0,7.66
aten::t,,,1.785,3.7,0,0,0,0
aten::transpose,,,0.68,1.915,0,0,0,0
aten::as_strided,,,1.235,1.235,0,0,0,0
aten::addmm,,,7.784,12.794,0,8.76,0,7.66
empty_tensor,,,2.104,2.104,0,0,0,0
aclnnAddmm,,,2.906,2.906,8.76,8.76,7.66,7.66
aten::split_with_sizes,,,1.788,3.434,0,0,0,0
aten::as_strided,,,1.021,1.021,0,0,0,0
aten::as_strided,,,0.27,0.27,0,0,0,0
aten::as_strided,,,0.355,0.355,0,0,0,0
vllm::npu_rotary_embedding,,,167.706,844.856,0,2.82,0,0
aten::view,,,1.369,1.369,0,0,0,0
aten::view,,,0.341,0.341,0,0,0,0
P13/1025334/00729/jit_run,,,528.849,672.403,0,2.82,0,0
P13/1025334/00730/launch,,,137.717,143.554,0,2.82,0,0
_triton_rope,,,5.837,5.837,2.82,2.82,0,0
aten::view,,,2.471,2.471,0,0,0,0
aten::view,,,0.566,0.566,0,0,0,0
aten::empty,,,1.111,5.638,0,0,0,0
empty_tensor,,,4.527,4.527,0,0,0,0
aten::view,,,0.892,0.892,0,0,0,0
aten::view,,,0.666,0.666,0,0,0,0
aten::view,,,0.602,0.602,0,0,0,0
aten::view,,,0.505,0.505,0,0,0,0
vllm::unified_attention_with_output,,,96.986,1087.098,0,22.541,0,0
P13/1025334/00731/attention,,,288.129,990.112,0,22.541,0,0
aten::slice,,,1.307,2.557,0,0,0,0
aten::as_strided,,,1.25,1.25,0,0,0,0
aten::slice,,,0.507,0.98,0,0,0,0
aten::as_strided,,,0.473,0.473,0,0,0,0
aten::slice,,,3.23,4.16,0,0,0,0
aten::as_strided,,,0.93,0.93,0,0,0,0
P13/1025334/00732/cache_write,,,142.989,246.488,0,1.62,0,0
P13/1025334/00733/torch_api,,,81.398,103.499,0,1.62,0,0
atb::_npu_reshape_and_cache,,,18.196,22.101,0,1.62,0,0
ReshapeCacheOperation,,,3.905,3.905,1.62,1.62,0,0
P13/1025334/00734/fia,,,234.075,431.078,0,20.921,0,0
aten::view,,,3.27,3.27,0,0,0,0
aten::view,,,1.092,1.092,0,0,0,0
aten::slice,,,0.712,1.691,0,0,0,0
aten::as_strided,,,0.979,0.979,0,0,0,0
P13/1025334/00735/torch_api,,,106.496,158.022,0,20.341,0,0
npu::npu_fused_infer_attention_score,,,40.729,51.526,0,20.341,0,0
empty_tensor,,,4.228,4.228,0,0,0,0
empty_tensor,,,1.783,1.783,0,0,0,0
empty_tensor,,,0.859,0.859,0,0,0,0
empty_tensor,,,0.85,0.85,0,0,0,0
aclnnFusedInferAttentionScoreV3,,,3.077,3.077,20.341,20.341,0,0
aten::view,,,1.458,1.458,0,0,0,0
aten::slice,,,0.827,1.908,0,0,0,0
aten::as_strided,,,1.081,1.081,0,0,0,0
aten::copy_,,,23.427,29.562,0,0.58,0,0
aclnnInplaceCopy,,,6.135,6.135,0.58,0.58,0,0
aten::slice,,,0.851,1.78,0,0,0,0
aten::as_strided,,,0.929,0.929,0,0,0,0
aten::copy_,,,12.185,14.94,0,0,0,0
aclnnInplaceCopy,,,2.755,2.755,0,0,0,0
aten::view,,,1.216,1.216,0,0,0,0
vllm::unquantized_gemm,,,72.917,179.306,0,5.48,0,5.48
P13/1025334/00736/linear,,,81.197,106.389,0,5.48,0,5.48
aten::linear,,,1.742,25.192,0,5.48,0,5.48
aten::t,,,4.73,7.655,0,0,0,0
aten::transpose,,,1.162,2.925,0,0,0,0
aten::as_strided,,,1.763,1.763,0,0,0,0
aten::matmul,,,8.228,15.795,0,5.48,0,5.48
empty_tensor,,,4.709,4.709,0,0,0,0
aclnnMatmul,,,2.858,2.858,5.48,5.48,5.48,5.48
vllm::maybe_chunk_residual,,,7.677,7.677,0,0,0,0
_C_ascend::npu_add_rms_norm_bias,,,18.177,30.945,0,1.64,0,0
aten::empty,,,1.065,4.067,0,0,0,0
empty_tensor,,,3.002,3.002,0,0,0,0
aten::empty,,,0.564,1.883,0,0,0,0
empty_tensor,,,1.319,1.319,0,0,0,0
aten::empty,,,0.23,1.122,0,0,0,0
empty_tensor,,,0.892,0.892,0,0,0,0
aten::empty,,,0.355,2.491,0,0,0,0
empty_tensor,,,2.136,2.136,0,0,0,0
aclnnAddRmsNormBias,,,3.205,3.205,1.64,1.64,0,0
vllm::unquantized_gemm,,,69.163,162.009,0,18.761,0,18.761
P13/1025334/00737/linear,,,77.316,92.846,0,18.761,0,18.761
aten::linear,,,1.188,15.53,0,18.761,0,18.761
aten::t,,,1.494,3.696,0,0,0,0
aten::transpose,,,0.675,2.202,0,0,0,0
aten::as_strided,,,1.527,1.527,0,0,0,0
aten::matmul,,,5.524,10.646,0,18.761,0,18.761
empty_tensor,,,2.424,2.424,0,0,0,0
aclnnMatmul,,,2.698,2.698,18.761,18.761,18.761,18.761
npu::npu_swiglu,,,14.375,21.262,0,3.04,0,0
empty_tensor,,,2.169,2.169,0,0,0,0
aclnnSwiGlu,,,4.718,4.718,3.04,3.04,0,0
vllm::unquantized_gemm,,,72.692,164.08,0,16.26,0,16.26
P13/1025334/00738/linear,,,77.089,91.388,0,16.26,0,16.26
aten::linear,,,1.027,14.299,0,16.26,0,16.26
aten::t,,,1.88,3.92,0,0,0,0
aten::transpose,,,0.688,2.04,0,0,0,0
aten::as_strided,,,1.352,1.352,0,0,0,0
aten::matmul,,,4.899,9.352,0,16.26,0,16.26
empty_tensor,,,2.064,2.064,0,0,0,0
aclnnMatmul,,,2.389,2.389,16.26,16.26,16.26,16.26
vllm::maybe_chunk_residual,,,6.968,6.968,0,0,0,0
_C_ascend::npu_add_rms_norm_bias,,,12.921,27.217,0,1.68,0,0
aten::empty,,,0.731,3.012,0,0,0,0
empty_tensor,,,2.281,2.281,0,0,0,0
aten::empty,,,0.341,1.455,0,0,0,0
empty_tensor,,,1.114,1.114,0,0,0,0
aten::empty,,,0.409,1.462,0,0,0,0
empty_tensor,,,1.053,1.053,0,0,0,0
aten::empty,,,0.398,2.208,0,0,0,0
empty_tensor,,,1.81,1.81,0,0,0,0
aclnnAddRmsNormBias,,,6.159,6.159,1.68,1.68,0,0
vllm::unquantized_gemm,,,76.383,177.668,0,8.84,0,7.36
P13/1025334/00739/linear,,,83.03,101.285,0,8.84,0,7.36
aten::linear,,,1.502,18.255,0,8.84,0,7.36
aten::t,,,1.245,3.271,0,0,0,0
aten::transpose,,,0.666,2.026,0,0,0,0
aten::as_strided,,,1.36,1.36,0,0,0,0
aten::addmm,,,8.385,13.482,0,8.84,0,7.36
empty_tensor,,,2.282,2.282,0,0,0,0
aclnnAddmm,,,2.815,2.815,8.84,8.84,7.36,7.36
aten::split_with_sizes,,,1.897,3.732,0,0,0,0
aten::as_strided,,,1.235,1.235,0,0,0,0
aten::as_strided,,,0.269,0.269,0,0,0,0
aten::as_strided,,,0.331,0.331,0,0,0,0
vllm::npu_rotary_embedding,,,168.592,855.152,0,2.96,0,0
aten::view,,,1.352,1.352,0,0,0,0
aten::view,,,0.594,0.594,0,0,0,0
P13/1025334/00740/jit_run,,,537.5,681.794,0,2.96,0,0
P13/1025334/00741/launch,,,139.683,144.294,0,2.96,0,0
_triton_rope,,,4.611,4.611,2.96,2.96,0,0
aten::view,,,2.198,2.198,0,0,0,0
aten::view,,,0.622,0.622,0,0,0,0
aten::empty,,,1.164,5.812,0,0,0,0
empty_tensor,,,4.648,4.648,0,0,0,0
aten::view,,,0.861,0.861,0,0,0,0
aten::view,,,0.764,0.764,0,0,0,0
aten::view,,,0.626,0.626,0,0,0,0
aten::view,,,0.611,0.611,0,0,0,0
vllm::unified_attention_with_output,,,96.431,1084.932,0,23.381,0,0
P13/1025334/00742/attention,,,297.386,988.501,0,23.381,0,0
aten::slice,,,1.303,2.748,0,0,0,0
aten::as_strided,,,1.445,1.445,0,0,0,0
aten::slice,,,0.405,0.893,0,0,0,0
aten::as_strided,,,0.488,0.488,0,0,0,0
aten::slice,,,2.824,3.731,0,0,0,0
aten::as_strided,,,0.907,0.907,0,0,0,0
P13/1025334/00743/cache_write,,,139.408,236.926,0,1.92,0,0
P13/1025334/00744/torch_api,,,76.883,97.518,0,1.92,0,0
atb::_npu_reshape_and_cache,,,17.085,20.635,0,1.92,0,0
ReshapeCacheOperation,,,3.55,3.55,1.92,1.92,0,0
P13/1025334/00745/fia,,,233.694,431.524,0,21.461000000000002,0,0
aten::view,,,3.111,3.111,0,0,0,0
aten::view,,,1.036,1.036,0,0,0,0
aten::slice,,,0.769,1.673,0,0,0,0
aten::as_strided,,,0.904,0.904,0,0,0,0
P13/1025334/00746/torch_api,,,107.883,160.087,0,20.841,0,0
npu::npu_fused_infer_attention_score,,,41.21,52.204,0,20.841,0,0
empty_tensor,,,4.684,4.684,0,0,0,0
empty_tensor,,,1.168,1.168,0,0,0,0
empty_tensor,,,0.773,0.773,0,0,0,0
empty_tensor,,,0.865,0.865,0,0,0,0
aclnnFusedInferAttentionScoreV3,,,3.504,3.504,20.841,20.841,0,0
aten::view,,,1.49,1.49,0,0,0,0
aten::slice,,,0.778,1.851,0,0,0,0
aten::as_strided,,,1.073,1.073,0,0,0,0
aten::copy_,,,23.551,28.582,0,0.62,0,0
aclnnInplaceCopy,,,5.031,5.031,0.62,0.62,0,0
aten::slice,,,0.608,1.59,0,0,0,0
aten::as_strided,,,0.982,0.982,0,0,0,0
aten::copy_,,,10.998,13.703,0,0,0,0
aclnnInplaceCopy,,,2.705,2.705,0,0,0,0
aten::view,,,1.207,1.207,0,0,0,0
vllm::unquantized_gemm,,,73.341,170.137,0,5.36,0,5.36
P13/1025334/00747/linear,,,76.831,96.796,0,5.36,0,5.36
aten::linear,,,1.727,19.965,0,5.36,0,5.36
aten::t,,,2.114,4.664,0,0,0,0
aten::transpose,,,1.13,2.55,0,0,0,0
aten::as_strided,,,1.42,1.42,0,0,0,0
aten::matmul,,,7.306,13.574,0,5.36,0,5.36
empty_tensor,,,3.658,3.658,0,0,0,0
aclnnMatmul,,,2.61,2.61,5.36,5.36,5.36,5.36
vllm::maybe_chunk_residual,,,7.355,7.355,0,0,0,0
_C_ascend::npu_add_rms_norm_bias,,,15.558,31.925,0,1.66,0,0
aten::empty,,,1.013,3.942,0,0,0,0
empty_tensor,,,2.929,2.929,0,0,0,0
aten::empty,,,0.371,1.6,0,0,0,0
empty_tensor,,,1.229,1.229,0,0,0,0
aten::empty,,,0.227,0.973,0,0,0,0
empty_tensor,,,0.746,0.746,0,0,0,0
aten::empty,,,1.047,3.613,0,0,0,0
empty_tensor,,,2.566,2.566,0,0,0,0
aclnnAddRmsNormBias,,,6.239,6.239,1.66,1.66,0,0
vllm::unquantized_gemm,,,69.266,165.166,0,19.14,0,19.14
P13/1025334/00748/linear,,,79.643,95.9,0,19.14,0,19.14
aten::linear,,,1.39,16.257,0,19.14,0,19.14
aten::t,,,1.492,3.633,0,0,0,0
aten::transpose,,,0.765,2.141,0,0,0,0
aten::as_strided,,,1.376,1.376,0,0,0,0
aten::matmul,,,5.883,11.234,0,19.14,0,19.14
empty_tensor,,,2.413,2.413,0,0,0,0
aclnnMatmul,,,2.938,2.938,19.14,19.14,19.14,19.14
npu::npu_swiglu,,,14.768,19.723,0,3.02,0,0
empty_tensor,,,2.205,2.205,0,0,0,0
aclnnSwiGlu,,,2.75,2.75,3.02,3.02,0,0
vllm::unquantized_gemm,,,66.115,152.5,0,16.561,0,16.561
P13/1025334/00749/linear,,,72.586,86.385,0,16.561,0,16.561
aten::linear,,,0.962,13.799,0,16.561,0,16.561
aten::t,,,1.291,3.178,0,0,0,0
aten::transpose,,,0.607,1.887,0,0,0,0
aten::as_strided,,,1.28,1.28,0,0,0,0
aten::matmul,,,4.884,9.659,0,16.561,0,16.561
empty_tensor,,,1.908,1.908,0,0,0,0
aclnnMatmul,,,2.867,2.867,16.561,16.561,16.561,16.561
vllm::maybe_chunk_residual,,,7.055,7.055,0,0,0,0
_C_ascend::npu_add_rms_norm_bias,,,12.994,24.802,0,1.72,0,0
aten::empty,,,0.793,3.38,0,0,0,0
empty_tensor,,,2.587,2.587,0,0,0,0
aten::empty,,,0.255,1.264,0,0,0,0
empty_tensor,,,1.009,1.009,0,0,0,0
aten::empty,,,0.2,1.409,0,0,0,0
empty_tensor,,,1.209,1.209,0,0,0,0
aten::empty,,,0.493,2.845,0,0,0,0
empty_tensor,,,2.352,2.352,0,0,0,0
aclnnAddRmsNormBias,,,2.91,2.91,1.72,1.72,0,0
vllm::unquantized_gemm,,,71.714,173.568,0,8.92,0,7.84
P13/1025334/00750/linear,,,84.298,101.854,0,8.92,0,7.84
aten::linear,,,1.447,17.556,0,8.92,0,7.84
aten::t,,,1.363,3.342,0,0,0,0
aten::transpose,,,0.654,1.979,0,0,0,0
aten::as_strided,,,1.325,1.325,0,0,0,0
aten::addmm,,,7.971,12.767,0,8.92,0,7.84
empty_tensor,,,2.19,2.19,0,0,0,0
aclnnAddmm,,,2.606,2.606,8.92,8.92,7.84,7.84
aten::split_with_sizes,,,1.913,3.626,0,0,0,0
aten::as_strided,,,1.068,1.068,0,0,0,0
aten::as_strided,,,0.25,0.25,0,0,0,0
aten::as_strided,,,0.395,0.395,0,0,0,0
vllm::npu_rotary_embedding,,,168.864,869.892,0,2.841,0,0
aten::view,,,1.421,1.421,0,0,0,0
aten::view,,,0.55,0.55,0,0,0,0
P13/1025334/00751/jit_run,,,547.477,695.907,0,2.841,0,0
P13/1025334/00752/launch,,,143.708,148.43,0,2.841,0,0
_triton_rope,,,4.722,4.722,2.841,2.841,0,0
aten::view,,,2.555,2.555,0,0,0,0
aten::view,,,0.595,0.595,0,0,0,0
aten::empty,,,1.072,6.022,0,0,0,0
empty_tensor,,,4.95,4.95,0,0,0,0
aten::view,,,0.999,0.999,0,0,0,0
aten::view,,,0.794,0.794,0,0,0,0
aten::view,,,0.477,0.477,0,0,0,0
aten::view,,,0.438,0.438,0,0,0,0
vllm::unified_attention_with_output,,,96.319,1091.229,0,19.822,0,0
P13/1025334/00753/attention,,,283.095,994.91,0,19.822,0,0
aten::slice,,,2.25,3.659,0,0,0,0
aten::as_strided,,,1.409,1.409,0,0,0,0
aten::slice,,,0.647,1.306,0,0,0,0
aten::as_strided,,,0.659,0.659,0,0,0,0
aten::slice,,,2.612,3.556,0,0,0,0
aten::as_strided,,,0.944,0.944,0,0,0,0
P13/1025334/00754/cache_write,,,139.84,242.721,0,1.621,0,0
P13/1025334/00755/torch_api,,,81.563,102.881,0,1.621,0,0
atb::_npu_reshape_and_cache,,,17.466,21.318,0,1.621,0,0
ReshapeCacheOperation,,,3.852,3.852,1.621,1.621,0,0
P13/1025334/00756/fia,,,234.114,444.815,0,18.200999999999997,0,0
aten::view,,,3.146,3.146,0,0,0,0
aten::view,,,1.072,1.072,0,0,0,0
aten::slice,,,0.663,1.678,0,0,0,0
aten::as_strided,,,1.015,1.015,0,0,0,0
P13/1025334/00757/torch_api,,,114.626,174.261,0,17.621,0,0
npu::npu_fused_infer_attention_score,,,41.403,59.635,0,17.621,0,0
empty_tensor,,,4.596,4.596,0,0,0,0
empty_tensor,,,1.08,1.08,0,0,0,0
empty_tensor,,,0.75,0.75,0,0,0,0
empty_tensor,,,0.771,0.771,0,0,0,0
aclnnFusedInferAttentionScoreV3,,,11.035,11.035,17.621,17.621,0,0
aten::view,,,1.562,1.562,0,0,0,0
aten::slice,,,0.723,1.739,0,0,0,0
aten::as_strided,,,1.016,1.016,0,0,0,0
aten::copy_,,,23.561,27.243,0,0.58,0,0
aclnnInplaceCopy,,,3.682,3.682,0.58,0.58,0,0
aten::slice,,,0.734,1.714,0,0,0,0
aten::as_strided,,,0.98,0.98,0,0,0,0
aten::copy_,,,11.514,14.044,0,0,0,0
aclnnInplaceCopy,,,2.53,2.53,0,0,0,0
aten::view,,,1.302,1.302,0,0,0,0
vllm::unquantized_gemm,,,68.391,164.763,0,6.0,0,6.0
P13/1025334/00758/linear,,,75.501,96.372,0,6.0,0,6.0
aten::linear,,,1.691,20.871,0,6.0,0,6.0
aten::t,,,2.206,4.809,0,0,0,0
aten::transpose,,,1.115,2.603,0,0,0,0
aten::as_strided,,,1.488,1.488,0,0,0,0
aten::matmul,,,7.524,14.371,0,6.0,0,6.0
empty_tensor,,,3.918,3.918,0,0,0,0
aclnnMatmul,,,2.929,2.929,6.0,6.0,6.0,6.0
vllm::maybe_chunk_residual,,,7.24,7.24,0,0,0,0
_C_ascend::npu_add_rms_norm_bias,,,15.542,28.169,0,1.66,0,0
aten::empty,,,1.073,3.742,0,0,0,0
empty_tensor,,,2.669,2.669,0,0,0,0
aten::empty,,,0.264,1.59,0,0,0,0
empty_tensor,,,1.326,1.326,0,0,0,0
aten::empty,,,0.223,1.331,0,0,0,0
empty_tensor,,,1.108,1.108,0,0,0,0
aten::empty,,,0.502,2.559,0,0,0,0
empty_tensor,,,2.057,2.057,0,0,0,0
aclnnAddRmsNormBias,,,3.405,3.405,1.66,1.66,0,0
vllm::unquantized_gemm,,,67.006,157.488,0,20.12,0,20.12
P13/1025334/00759/linear,,,75.656,90.482,0,20.12,0,20.12
aten::linear,,,1.037,14.826,0,20.12,0,20.12
aten::t,,,1.351,3.454,0,0,0,0
aten::transpose,,,0.723,2.103,0,0,0,0
aten::as_strided,,,1.38,1.38,0,0,0,0
aten::matmul,,,5.318,10.335,0,20.12,0,20.12
empty_tensor,,,2.29,2.29,0,0,0,0
aclnnMatmul,,,2.727,2.727,20.12,20.12,20.12,20.12
npu::npu_swiglu,,,14.355,19.745,0,3.02,0,0
empty_tensor,,,2.029,2.029,0,0,0,0
aclnnSwiGlu,,,3.361,3.361,3.02,3.02,0,0
vllm::unquantized_gemm,,,69.328,162.916,0,16.481,0,16.481
P13/1025334/00760/linear,,,77.275,93.588,0,16.481,0,16.481
aten::linear,,,1.085,16.313,0,16.481,0,16.481
aten::t,,,1.27,3.196,0,0,0,0
aten::transpose,,,0.666,1.926,0,0,0,0
aten::as_strided,,,1.26,1.26,0,0,0,0
aten::matmul,,,4.517,12.032,0,16.481,0,16.481
empty_tensor,,,2.133,2.133,0,0,0,0
aclnnMatmul,,,5.382,5.382,16.481,16.481,16.481,16.481
vllm::maybe_chunk_residual,,,7.27,7.27,0,0,0,0
_C_ascend::npu_add_rms_norm_bias,,,12.598,23.409,0,1.66,0,0
aten::empty,,,0.62,2.78,0,0,0,0
empty_tensor,,,2.16,2.16,0,0,0,0
aten::empty,,,0.25,1.368,0,0,0,0
empty_tensor,,,1.118,1.118,0,0,0,0
aten::empty,,,0.476,1.327,0,0,0,0
empty_tensor,,,0.851,0.851,0,0,0,0
aten::empty,,,0.376,2.158,0,0,0,0
empty_tensor,,,1.782,1.782,0,0,0,0
aclnnAddRmsNormBias,,,3.178,3.178,1.66,1.66,0,0
vllm::unquantized_gemm,,,71.943,170.783,0,8.66,0,7.48
P13/1025334/00761/linear,,,82.068,98.84,0,8.66,0,7.48
aten::linear,,,1.435,16.772,0,8.66,0,7.48
aten::t,,,1.126,3.044,0,0,0,0
aten::transpose,,,0.672,1.918,0,0,0,0
aten::as_strided,,,1.246,1.246,0,0,0,0
aten::addmm,,,7.642,12.293,0,8.66,0,7.48
empty_tensor,,,2.13,2.13,0,0,0,0
aclnnAddmm,,,2.521,2.521,8.66,8.66,7.48,7.48
aten::split_with_sizes,,,1.798,3.444,0,0,0,0
aten::as_strided,,,1.134,1.134,0,0,0,0
aten::as_strided,,,0.27,0.27,0,0,0,0
aten::as_strided,,,0.242,0.242,0,0,0,0
vllm::npu_rotary_embedding,,,166.547,874.496,0,3.28,0,0
aten::view,,,1.341,1.341,0,0,0,0
aten::view,,,0.597,0.597,0,0,0,0
P13/1025334/00762/jit_run,,,547.75,702.958,0,3.28,0,0
P13/1025334/00763/launch,,,149.078,155.208,0,3.28,0,0
_triton_rope,,,6.13,6.13,3.28,3.28,0,0
aten::view,,,2.514,2.514,0,0,0,0
aten::view,,,0.539,0.539,0,0,0,0
aten::empty,,,1.192,5.926,0,0,0,0
empty_tensor,,,4.734,4.734,0,0,0,0
aten::view,,,1.042,1.042,0,0,0,0
aten::view,,,0.599,0.599,0,0,0,0
aten::view,,,0.488,0.488,0,0,0,0
aten::view,,,0.467,0.467,0,0,0,0
vllm::unified_attention_with_output,,,95.635,1104.784,0,23.941,0,0
P13/1025334/00764/attention,,,294.424,1009.149,0,23.941,0,0
aten::slice,,,1.418,2.879,0,0,0,0
aten::as_strided,,,1.461,1.461,0,0,0,0
aten::slice,,,0.402,0.893,0,0,0,0
aten::as_strided,,,0.491,0.491,0,0,0,0
aten::slice,,,2.547,3.33,0,0,0,0
aten::as_strided,,,0.783,0.783,0,0,0,0
P13/1025334/00765/cache_write,,,144.469,242.604,0,2.12,0,0
P13/1025334/00766/torch_api,,,77.187,98.135,0,2.12,0,0
atb::_npu_reshape_and_cache,,,17.544,20.948,0,2.12,0,0
ReshapeCacheOperation,,,3.404,3.404,2.12,2.12,0,0
P13/1025334/00767/fia,,,239.657,449.694,0,21.821,0,0
aten::view,,,3.632,3.632,0,0,0,0
aten::view,,,3.413,3.413,0,0,0,0
aten::slice,,,0.979,2.07,0,0,0,0
aten::as_strided,,,1.091,1.091,0,0,0,0
P13/1025334/00768/torch_api,,,113.59,170.045,0,21.201,0,0
npu::npu_fused_infer_attention_score,,,44.313,56.455,0,21.201,0,0
empty_tensor,,,4.892,4.892,0,0,0,0
empty_tensor,,,1.955,1.955,0,0,0,0
empty_tensor,,,0.796,0.796,0,0,0,0
empty_tensor,,,0.716,0.716,0,0,0,0
aclnnFusedInferAttentionScoreV3,,,3.783,3.783,21.201,21.201,0,0
aten::view,,,1.538,1.538,0,0,0,0
aten::slice,,,0.841,1.866,0,0,0,0
aten::as_strided,,,1.025,1.025,0,0,0,0
aten::copy_,,,23.752,27.473,0,0.62,0,0
aclnnInplaceCopy,,,3.721,3.721,0.62,0.62,0,0
aten::slice,,,0.707,1.806,0,0,0,0
aten::as_strided,,,1.099,1.099,0,0,0,0
aten::copy_,,,10.901,13.519,0,0,0,0
aclnnInplaceCopy,,,2.618,2.618,0,0,0,0
aten::view,,,1.33,1.33,0,0,0,0
vllm::unquantized_gemm,,,69.926,175.451,0,5.42,0,5.42
P13/1025334/00769/linear,,,77.454,105.525,0,5.42,0,5.42
aten::linear,,,1.627,28.071,0,5.42,0,5.42
aten::t,,,2.365,5.201,0,0,0,0
aten::transpose,,,1.144,2.836,0,0,0,0
aten::as_strided,,,1.692,1.692,0,0,0,0
aten::matmul,,,7.742,21.243,0,5.42,0,5.42
empty_tensor,,,3.875,3.875,0,0,0,0
aclnnMatmul,,,9.626,9.626,5.42,5.42,5.42,5.42
vllm::maybe_chunk_residual,,,7.326,7.326,0,0,0,0
_C_ascend::npu_add_rms_norm_bias,,,16.009,30.517,0,1.62,0,0
aten::empty,,,1.192,4.255,0,0,0,0
empty_tensor,,,3.063,3.063,0,0,0,0
aten::empty,,,0.387,2.877,0,0,0,0
empty_tensor,,,2.49,2.49,0,0,0,0
aten::empty,,,0.419,1.553,0,0,0,0
empty_tensor,,,1.134,1.134,0,0,0,0
aten::empty,,,0.444,2.72,0,0,0,0
empty_tensor,,,2.276,2.276,0,0,0,0
aclnnAddRmsNormBias,,,3.103,3.103,1.62,1.62,0,0
vllm::unquantized_gemm,,,67.609,160.011,0,19.321,0,19.321
P13/1025334/00770/linear,,,76.609,92.402,0,19.321,0,19.321
aten::linear,,,1.567,15.793,0,19.321,0,19.321
aten::t,,,1.434,3.726,0,0,0,0
aten::transpose,,,0.85,2.292,0,0,0,0
aten::as_strided,,,1.442,1.442,0,0,0,0
aten::matmul,,,5.756,10.5,0,19.321,0,19.321
empty_tensor,,,2.133,2.133,0,0,0,0
aclnnMatmul,,,2.611,2.611,19.321,19.321,19.321,19.321
npu::npu_swiglu,,,13.984,18.477,0,4.3,0,0
empty_tensor,,,2.01,2.01,0,0,0,0
aclnnSwiGlu,,,2.483,2.483,4.3,4.3,0,0
vllm::unquantized_gemm,,,68.453,155.345,0,16.181,0,16.181
P13/1025334/00771/linear,,,73.639,86.892,0,16.181,0,16.181
aten::linear,,,0.87,13.253,0,16.181,0,16.181
aten::t,,,1.282,3.318,0,0,0,0
aten::transpose,,,0.668,2.036,0,0,0,0
aten::as_strided,,,1.368,1.368,0,0,0,0
aten::matmul,,,4.659,9.065,0,16.181,0,16.181
empty_tensor,,,1.883,1.883,0,0,0,0
aclnnMatmul,,,2.523,2.523,16.181,16.181,16.181,16.181
vllm::maybe_chunk_residual,,,6.986,6.986,0,0,0,0
_C_ascend::npu_add_rms_norm_bias,,,12.163,23.846,0,2.02,0,0
aten::empty,,,0.659,2.839,0,0,0,0
empty_tensor,,,2.18,2.18,0,0,0,0
aten::empty,,,0.243,1.479,0,0,0,0
empty_tensor,,,1.236,1.236,0,0,0,0
aten::empty,,,0.383,2.317,0,0,0,0
empty_tensor,,,1.934,1.934,0,0,0,0
aten::empty,,,0.339,2.101,0,0,0,0
empty_tensor,,,1.762,1.762,0,0,0,0
aclnnAddRmsNormBias,,,2.947,2.947,2.02,2.02,0,0
vllm::unquantized_gemm,,,71.627,174.416,0,8.520999999999999,0,7.281
P13/1025334/00772/linear,,,85.344,102.789,0,8.520999999999999,0,7.281
aten::linear,,,1.387,17.445,0,8.520999999999999,0,7.281
aten::t,,,1.287,3.481,0,0,0,0
aten::transpose,,,0.748,2.194,0,0,0,0
aten::as_strided,,,1.446,1.446,0,0,0,0
aten::addmm,,,7.782,12.577,0,8.520999999999999,0,7.281
empty_tensor,,,2.242,2.242,0,0,0,0
aclnnAddmm,,,2.553,2.553,8.520999999999999,8.520999999999999,7.281,7.281
aten::split_with_sizes,,,1.86,3.716,0,0,0,0
aten::as_strided,,,1.108,1.108,0,0,0,0
aten::as_strided,,,0.268,0.268,0,0,0,0
aten::as_strided,,,0.48,0.48,0,0,0,0
vllm::npu_rotary_embedding,,,171.159,849.754,0,2.94,0,0
aten::view,,,1.388,1.388,0,0,0,0
aten::view,,,0.67,0.67,0,0,0,0
P13/1025334/00773/jit_run,,,530.953,673.559,0,2.94,0,0
P13/1025334/00774/launch,,,135.858,142.606,0,2.94,0,0
_triton_rope,,,6.748,6.748,2.94,2.94,0,0
aten::view,,,2.462,2.462,0,0,0,0
aten::view,,,0.516,0.516,0,0,0,0
aten::empty,,,1.137,5.745,0,0,0,0
empty_tensor,,,4.608,4.608,0,0,0,0
aten::view,,,0.899,0.899,0,0,0,0
aten::view,,,0.574,0.574,0,0,0,0
aten::view,,,0.526,0.526,0,0,0,0
aten::view,,,1.106,1.106,0,0,0,0
vllm::unified_attention_with_output,,,97.723,1091.64,0,22.241,0,0
P13/1025334/00775/attention,,,303.625,993.917,0,22.241,0,0
aten::slice,,,1.392,2.83,0,0,0,0
aten::as_strided,,,1.438,1.438,0,0,0,0
aten::slice,,,0.569,0.928,0,0,0,0
aten::as_strided,,,0.359,0.359,0,0,0,0
aten::slice,,,2.499,3.304,0,0,0,0
aten::as_strided,,,0.805,0.805,0,0,0,0
P13/1025334/00776/cache_write,,,145.74,247.178,0,1.9,0,0
P13/1025334/00777/torch_api,,,79.124,101.438,0,1.9,0,0
atb::_npu_reshape_and_cache,,,19.284,22.314,0,1.9,0,0
ReshapeCacheOperation,,,3.03,3.03,1.9,1.9,0,0
P13/1025334/00778/fia,,,230.431,422.056,0,20.340999999999998,0,0
aten::view,,,3.669,3.669,0,0,0,0
aten::view,,,1.107,1.107,0,0,0,0
aten::slice,,,0.814,1.944,0,0,0,0
aten::as_strided,,,1.13,1.13,0,0,0,0
P13/1025334/00779/torch_api,,,104.986,156.865,0,19.781,0,0
npu::npu_fused_infer_attention_score,,,41.851,51.879,0,19.781,0,0
empty_tensor,,,4.675,4.675,0,0,0,0
empty_tensor,,,1.136,1.136,0,0,0,0
empty_tensor,,,0.842,0.842,0,0,0,0
empty_tensor,,,0.641,0.641,0,0,0,0
aclnnFusedInferAttentionScoreV3,,,2.734,2.734,19.781,19.781,0,0
aten::view,,,1.55,1.55,0,0,0,0
aten::slice,,,0.739,1.863,0,0,0,0
aten::as_strided,,,1.124,1.124,0,0,0,0
aten::copy_,,,22.608,24.627,0,0.56,0,0
aclnnInplaceCopy,,,2.019,2.019,0.56,0.56,0,0
aten::slice,,,0.653,1.717,0,0,0,0
aten::as_strided,,,1.064,1.064,0,0,0,0
aten::copy_,,,10.429,12.279,0,0,0,0
aclnnInplaceCopy,,,1.85,1.85,0,0,0,0
aten::view,,,1.181,1.181,0,0,0,0
vllm::unquantized_gemm,,,72.597,174.504,0,5.46,0,5.46
P13/1025334/00780/linear,,,80.569,101.907,0,5.46,0,5.46
aten::linear,,,1.761,21.338,0,5.46,0,5.46
aten::t,,,2.396,5.786,0,0,0,0
aten::transpose,,,1.209,3.39,0,0,0,0
aten::as_strided,,,2.181,2.181,0,0,0,0
aten::matmul,,,7.578,13.791,0,5.46,0,5.46
empty_tensor,,,4.129,4.129,0,0,0,0
aclnnMatmul,,,2.084,2.084,5.46,5.46,5.46,5.46
vllm::maybe_chunk_residual,,,7.568,7.568,0,0,0,0
_C_ascend::npu_add_rms_norm_bias,,,15.008,27.123,0,1.7,0,0
aten::empty,,,1.085,4.019,0,0,0,0
empty_tensor,,,2.934,2.934,0,0,0,0
aten::empty,,,0.293,1.396,0,0,0,0
empty_tensor,,,1.103,1.103,0,0,0,0
aten::empty,,,0.372,1.462,0,0,0,0
empty_tensor,,,1.09,1.09,0,0,0,0
aten::empty,,,0.55,2.618,0,0,0,0
empty_tensor,,,2.068,2.068,0,0,0,0
aclnnAddRmsNormBias,,,2.62,2.62,1.7,1.7,0,0
vllm::unquantized_gemm,,,72.302,167.628,0,19.401,0,19.401
P13/1025334/00781/linear,,,79.515,95.326,0,19.401,0,19.401
aten::linear,,,1.225,15.811,0,19.401,0,19.401
aten::t,,,1.461,3.763,0,0,0,0
aten::transpose,,,0.857,2.302,0,0,0,0
aten::as_strided,,,1.445,1.445,0,0,0,0
aten::matmul,,,5.702,10.823,0,19.401,0,19.401
empty_tensor,,,3.131,3.131,0,0,0,0
aclnnMatmul,,,1.99,1.99,19.401,19.401,19.401,19.401
npu::npu_swiglu,,,13.766,25.815,0,2.98,0,0
empty_tensor,,,2.121,2.121,0,0,0,0
aclnnSwiGlu,,,9.928,9.928,2.98,2.98,0,0
vllm::unquantized_gemm,,,67.697,155.859,0,16.261,0,16.261
P13/1025334/00782/linear,,,75.645,88.162,0,16.261,0,16.261
aten::linear,,,0.95,12.517,0,16.261,0,16.261
aten::t,,,1.301,3.255,0,0,0,0
aten::transpose,,,0.713,1.954,0,0,0,0
aten::as_strided,,,1.241,1.241,0,0,0,0
aten::matmul,,,4.691,8.312,0,16.261,0,16.261
empty_tensor,,,1.875,1.875,0,0,0,0
aclnnMatmul,,,1.746,1.746,16.261,16.261,16.261,16.261
vllm::maybe_chunk_residual,,,6.829,6.829,0,0,0,0
_C_ascend::npu_add_rms_norm_bias,,,11.198,21.347,0,1.66,0,0
aten::empty,,,0.701,2.822,0,0,0,0
empty_tensor,,,2.121,2.121,0,0,0,0
aten::empty,,,0.223,1.208,0,0,0,0
empty_tensor,,,0.985,0.985,0,0,0,0
aten::empty,,,0.266,1.147,0,0,0,0
empty_tensor,,,0.881,0.881,0,0,0,0
aten::empty,,,0.45,2.289,0,0,0,0
empty_tensor,,,1.839,1.839,0,0,0,0
aclnnAddRmsNormBias,,,2.683,2.683,1.66,1.66,0,0
vllm::unquantized_gemm,,,69.068,161.3,0,8.64,0,7.46
P13/1025334/00783/linear,,,75.498,92.232,0,8.64,0,7.46
aten::linear,,,1.327,16.734,0,8.64,0,7.46
aten::t,,,1.083,3.05,0,0,0,0
aten::transpose,,,0.7,1.967,0,0,0,0
aten::as_strided,,,1.267,1.267,0,0,0,0
aten::addmm,,,7.94,12.357,0,8.64,0,7.46
empty_tensor,,,2.636,2.636,0,0,0,0
aclnnAddmm,,,1.781,1.781,8.64,8.64,7.46,7.46
aten::split_with_sizes,,,1.738,3.519,0,0,0,0
aten::as_strided,,,1.147,1.147,0,0,0,0
aten::as_strided,,,0.294,0.294,0,0,0,0
aten::as_strided,,,0.34,0.34,0,0,0,0
vllm::npu_rotary_embedding,,,165.344,859.227,0,2.84,0,0
aten::view,,,2.803,2.803,0,0,0,0
aten::view,,,0.533,0.533,0,0,0,0
P13/1025334/00784/jit_run,,,542.164,687.661,0,2.84,0,0
P13/1025334/00785/launch,,,141.522,145.497,0,2.84,0,0
_triton_rope,,,3.975,3.975,2.84,2.84,0,0
aten::view,,,2.307,2.307,0,0,0,0
aten::view,,,0.579,0.579,0,0,0,0
aten::empty,,,1.08,5.452,0,0,0,0
empty_tensor,,,4.372,4.372,0,0,0,0
aten::view,,,1.064,1.064,0,0,0,0
aten::view,,,0.654,0.654,0,0,0,0
aten::view,,,0.463,0.463,0,0,0,0
aten::view,,,0.452,0.452,0,0,0,0
vllm::unified_attention_with_output,,,94.45,1084.126,0,25.380999999999997,0,0
P13/1025334/00786/attention,,,283.849,989.676,0,25.380999999999997,0,0
aten::slice,,,1.162,2.584,0,0,0,0
aten::as_strided,,,1.422,1.422,0,0,0,0
aten::slice,,,0.424,0.966,0,0,0,0
aten::as_strided,,,0.542,0.542,0,0,0,0
aten::slice,,,2.359,3.068,0,0,0,0
aten::as_strided,,,0.709,0.709,0,0,0,0
P13/1025334/00787/cache_write,,,144.608,243.707,0,2.1,0,0
P13/1025334/00788/torch_api,,,79.278,99.099,0,2.1,0,0
atb::_npu_reshape_and_cache,,,16.956,19.821,0,2.1,0,0
ReshapeCacheOperation,,,2.865,2.865,2.1,2.1,0,0
P13/1025334/00789/fia,,,238.277,435.533,0,23.281,0,0
aten::view,,,3.24,3.24,0,0,0,0
aten::view,,,1.044,1.044,0,0,0,0
aten::slice,,,0.675,1.791,0,0,0,0
aten::as_strided,,,1.116,1.116,0,0,0,0
P13/1025334/00790/torch_api,,,113.926,162.649,0,22.641,0,0
npu::npu_fused_infer_attention_score,,,38.618,48.723,0,22.641,0,0
empty_tensor,,,4.613,4.613,0,0,0,0
empty_tensor,,,1.147,1.147,0,0,0,0
empty_tensor,,,0.831,0.831,0,0,0,0
empty_tensor,,,0.798,0.798,0,0,0,0
aclnnFusedInferAttentionScoreV3,,,2.716,2.716,22.641,22.641,0,0
aten::view,,,1.512,1.512,0,0,0,0
aten::slice,,,0.666,1.762,0,0,0,0
aten::as_strided,,,1.096,1.096,0,0,0,0
aten::copy_,,,22.924,25.258,0,0.64,0,0
aclnnInplaceCopy,,,2.334,2.334,0.64,0.64,0,0
aten::slice,,,0.609,1.575,0,0,0,0
aten::as_strided,,,0.966,0.966,0,0,0,0
aten::copy_,,,10.214,18.394,0,0,0,0
aclnnInplaceCopy,,,8.18,8.18,0,0,0,0
aten::view,,,1.277,1.277,0,0,0,0
vllm::unquantized_gemm,,,79.274,179.589,0,5.46,0,5.46
P13/1025334/00791/linear,,,79.187,100.315,0,5.46,0,5.46
aten::linear,,,1.779,21.128,0,5.46,0,5.46
aten::t,,,2.06,4.613,0,0,0,0
aten::transpose,,,0.986,2.553,0,0,0,0
aten::as_strided,,,1.567,1.567,0,0,0,0
aten::matmul,,,7.8,14.736,0,5.46,0,5.46
empty_tensor,,,4.668,4.668,0,0,0,0
aclnnMatmul,,,2.268,2.268,5.46,5.46,5.46,5.46
vllm::maybe_chunk_residual,,,7.632,7.632,0,0,0,0
_C_ascend::npu_add_rms_norm_bias,,,15.227,27.254,0,1.7,0,0
aten::empty,,,1.071,4.174,0,0,0,0
empty_tensor,,,3.103,3.103,0,0,0,0
aten::empty,,,0.274,1.538,0,0,0,0
empty_tensor,,,1.264,1.264,0,0,0,0
aten::empty,,,0.282,1.048,0,0,0,0
empty_tensor,,,0.766,0.766,0,0,0,0
aten::empty,,,0.417,2.587,0,0,0,0
empty_tensor,,,2.17,2.17,0,0,0,0
aclnnAddRmsNormBias,,,2.68,2.68,1.7,1.7,0,0
vllm::unquantized_gemm,,,67.482,160.106,0,19.401,0,19.401
P13/1025334/00792/linear,,,77.786,92.624,0,19.401,0,19.401
aten::linear,,,1.378,14.838,0,19.401,0,19.401
aten::t,,,1.458,3.695,0,0,0,0
aten::transpose,,,0.784,2.237,0,0,0,0
aten::as_strided,,,1.453,1.453,0,0,0,0
aten::matmul,,,5.909,9.765,0,19.401,0,19.401
empty_tensor,,,2.109,2.109,0,0,0,0
aclnnMatmul,,,1.747,1.747,19.401,19.401,19.401,19.401
npu::npu_swiglu,,,14.109,18.077,0,3.0,0,0
empty_tensor,,,2.085,2.085,0,0,0,0
aclnnSwiGlu,,,1.883,1.883,3.0,3.0,0,0
vllm::unquantized_gemm,,,66.142,151.9,0,16.561,0,16.561
P13/1025334/00793/linear,,,71.731,85.758,0,16.561,0,16.561
aten::linear,,,0.887,14.027,0,16.561,0,16.561
aten::t,,,1.046,2.833,0,0,0,0
aten::transpose,,,0.604,1.787,0,0,0,0
aten::as_strided,,,1.183,1.183,0,0,0,0
aten::matmul,,,4.315,10.307,0,16.561,0,16.561
empty_tensor,,,3.64,3.64,0,0,0,0
aclnnMatmul,,,2.352,2.352,16.561,16.561,16.561,16.561
vllm::maybe_chunk_residual,,,6.805,6.805,0,0,0,0
_C_ascend::npu_add_rms_norm_bias,,,12.602,27.18,0,1.64,0,0
aten::empty,,,0.683,2.876,0,0,0,0
empty_tensor,,,2.193,2.193,0,0,0,0
aten::empty,,,0.255,1.552,0,0,0,0
empty_tensor,,,1.297,1.297,0,0,0,0
aten::empty,,,0.383,1.524,0,0,0,0
empty_tensor,,,1.141,1.141,0,0,0,0
aten::empty,,,0.478,2.551,0,0,0,0
empty_tensor,,,2.073,2.073,0,0,0,0
aclnnAddRmsNormBias,,,6.075,6.075,1.64,1.64,0,0
vllm::unquantized_gemm,,,78.121,198.035,0,8.8,0,7.66
P13/1025334/00794/linear,,,100.29,119.914,0,8.8,0,7.66
aten::linear,,,1.422,19.624,0,8.8,0,7.66
aten::t,,,1.442,3.952,0,0,0,0
aten::transpose,,,0.844,2.51,0,0,0,0
aten::as_strided,,,1.666,1.666,0,0,0,0
aten::addmm,,,8.772,14.25,0,8.8,0,7.66
empty_tensor,,,2.628,2.628,0,0,0,0
aclnnAddmm,,,2.85,2.85,8.8,8.8,7.66,7.66
aten::split_with_sizes,,,2.006,3.554,0,0,0,0
aten::as_strided,,,1.101,1.101,0,0,0,0
aten::as_strided,,,0.212,0.212,0,0,0,0
aten::as_strided,,,0.235,0.235,0,0,0,0
vllm::npu_rotary_embedding,,,169.846,859.648,0,2.94,0,0
aten::view,,,1.421,1.421,0,0,0,0
aten::view,,,0.416,0.416,0,0,0,0
P13/1025334/00795/jit_run,,,540.513,684.873,0,2.94,0,0
P13/1025334/00796/launch,,,139.888,144.36,0,2.94,0,0
_triton_rope,,,4.472,4.472,2.94,2.94,0,0
aten::view,,,2.444,2.444,0,0,0,0
aten::view,,,0.648,0.648,0,0,0,0
aten::empty,,,1.1,6.496,0,0,0,0
empty_tensor,,,5.396,5.396,0,0,0,0
aten::view,,,0.926,0.926,0,0,0,0
aten::view,,,0.582,0.582,0,0,0,0
aten::view,,,0.548,0.548,0,0,0,0
aten::view,,,0.45,0.45,0,0,0,0
vllm::unified_attention_with_output,,,100.893,1070.973,0,22.121,0,0
P13/1025334/00797/attention,,,285.924,970.08,0,22.121,0,0
aten::slice,,,1.189,2.54,0,0,0,0
aten::as_strided,,,1.351,1.351,0,0,0,0
aten::slice,,,0.295,0.693,0,0,0,0
aten::as_strided,,,0.398,0.398,0,0,0,0
aten::slice,,,2.558,3.319,0,0,0,0
aten::as_strided,,,0.761,0.761,0,0,0,0
P13/1025334/00798/cache_write,,,143.737,243.972,0,1.64,0,0
P13/1025334/00799/torch_api,,,79.227,100.235,0,1.64,0,0
atb::_npu_reshape_and_cache,,,17.49,21.008,0,1.64,0,0
ReshapeCacheOperation,,,3.518,3.518,1.64,1.64,0,0
P13/1025334/00800/fia,,,227.214,417.914,0,20.480999999999998,0,0
aten::view,,,3.065,3.065,0,0,0,0
aten::view,,,1.08,1.08,0,0,0,0
aten::slice,,,0.796,1.97,0,0,0,0
aten::as_strided,,,1.174,1.174,0,0,0,0
P13/1025334/00801/torch_api,,,101.988,154.969,0,19.901,0,0
npu::npu_fused_infer_attention_score,,,41.177,52.981,0,19.901,0,0
empty_tensor,,,4.528,4.528,0,0,0,0
empty_tensor,,,2.108,2.108,0,0,0,0
empty_tensor,,,0.856,0.856,0,0,0,0
empty_tensor,,,0.895,0.895,0,0,0,0
aclnnFusedInferAttentionScoreV3,,,3.417,3.417,19.901,19.901,0,0
aten::view,,,1.437,1.437,0,0,0,0
aten::slice,,,0.682,1.687,0,0,0,0
aten::as_strided,,,1.005,1.005,0,0,0,0
aten::copy_,,,23.721,26.492,0,0.58,0,0
aclnnInplaceCopy,,,2.771,2.771,0.58,0.58,0,0
aten::slice,,,0.701,1.67,0,0,0,0
aten::as_strided,,,0.969,0.969,0,0,0,0
aten::copy_,,,11.501,14.048,0,0,0,0
aclnnInplaceCopy,,,2.547,2.547,0,0,0,0
aten::view,,,1.284,1.284,0,0,0,0
vllm::unquantized_gemm,,,71.5,170.969,0,5.7,0,5.7
P13/1025334/00802/linear,,,78.803,99.469,0,5.7,0,5.7
aten::linear,,,1.778,20.666,0,5.7,0,5.7
aten::t,,,2.12,4.771,0,0,0,0
aten::transpose,,,1.12,2.651,0,0,0,0
aten::as_strided,,,1.531,1.531,0,0,0,0
aten::matmul,,,7.455,14.117,0,5.7,0,5.7
empty_tensor,,,4.011,4.011,0,0,0,0
aclnnMatmul,,,2.651,2.651,5.7,5.7,5.7,5.7
vllm::maybe_chunk_residual,,,7.496,7.496,0,0,0,0
_C_ascend::npu_add_rms_norm_bias,,,15.387,31.536,0,1.66,0,0
aten::empty,,,1.147,3.912,0,0,0,0
empty_tensor,,,2.765,2.765,0,0,0,0
aten::empty,,,0.392,1.747,0,0,0,0
empty_tensor,,,1.355,1.355,0,0,0,0
aten::empty,,,0.217,1.338,0,0,0,0
empty_tensor,,,1.121,1.121,0,0,0,0
aten::empty,,,0.509,2.804,0,0,0,0
empty_tensor,,,2.295,2.295,0,0,0,0
aclnnAddRmsNormBias,,,6.348,6.348,1.66,1.66,0,0
vllm::unquantized_gemm,,,69.321,168.231,0,20.021,0,20.021
P13/1025334/00803/linear,,,81.292,98.91,0,20.021,0,20.021
aten::linear,,,1.238,17.618,0,20.021,0,20.021
aten::t,,,1.424,5.349,0,0,0,0
aten::transpose,,,0.807,3.925,0,0,0,0
aten::as_strided,,,3.118,3.118,0,0,0,0
aten::matmul,,,5.779,11.031,0,20.021,0,20.021
empty_tensor,,,2.442,2.442,0,0,0,0
aclnnMatmul,,,2.81,2.81,20.021,20.021,20.021,20.021
npu::npu_swiglu,,,14.531,19.033,0,3.04,0,0
empty_tensor,,,2.102,2.102,0,0,0,0
aclnnSwiGlu,,,2.4,2.4,3.04,3.04,0,0
vllm::unquantized_gemm,,,68.35,153.78,0,16.561,0,16.561
P13/1025334/00804/linear,,,72.406,85.43,0,16.561,0,16.561
aten::linear,,,0.918,13.024,0,16.561,0,16.561
aten::t,,,1.092,3.16,0,0,0,0
aten::transpose,,,0.763,2.068,0,0,0,0
aten::as_strided,,,1.305,1.305,0,0,0,0
aten::matmul,,,4.433,8.946,0,16.561,0,16.561
empty_tensor,,,2.044,2.044,0,0,0,0
aclnnMatmul,,,2.469,2.469,16.561,16.561,16.561,16.561
vllm::maybe_chunk_residual,,,6.899,6.899,0,0,0,0
_C_ascend::npu_add_rms_norm_bias,,,12.362,22.88,0,1.68,0,0
aten::empty,,,0.692,2.942,0,0,0,0
empty_tensor,,,2.25,2.25,0,0,0,0
aten::empty,,,0.271,1.15,0,0,0,0
empty_tensor,,,0.879,0.879,0,0,0,0
aten::empty,,,0.262,1.276,0,0,0,0
empty_tensor,,,1.014,1.014,0,0,0,0
aten::empty,,,0.448,2.135,0,0,0,0
empty_tensor,,,1.687,1.687,0,0,0,0
aclnnAddRmsNormBias,,,3.015,3.015,1.68,1.68,0,0
vllm::unquantized_gemm,,,98.925,192.461,0,8.48,0,7.34
P13/1025334/00805/linear,,,76.051,93.536,0,8.48,0,7.34
aten::linear,,,1.318,17.485,0,8.48,0,7.34
aten::t,,,1.167,3.61,0,0,0,0
aten::transpose,,,0.673,2.443,0,0,0,0
aten::as_strided,,,1.77,1.77,0,0,0,0
aten::addmm,,,7.825,12.557,0,8.48,0,7.34
empty_tensor,,,2.288,2.288,0,0,0,0
aclnnAddmm,,,2.444,2.444,8.48,8.48,7.34,7.34
aten::split_with_sizes,,,1.833,3.609,0,0,0,0
aten::as_strided,,,1.213,1.213,0,0,0,0
aten::as_strided,,,0.256,0.256,0,0,0,0
aten::as_strided,,,0.307,0.307,0,0,0,0
vllm::npu_rotary_embedding,,,168.418,883.615,0,2.88,0,0
aten::view,,,1.478,1.478,0,0,0,0
aten::view,,,0.515,0.515,0,0,0,0
P13/1025334/00806/jit_run,,,556.135,709.988,0,2.88,0,0
P13/1025334/00807/launch,,,148.516,153.853,0,2.88,0,0
_triton_rope,,,5.337,5.337,2.88,2.88,0,0
aten::view,,,2.507,2.507,0,0,0,0
aten::view,,,0.709,0.709,0,0,0,0
aten::empty,,,1.127,5.944,0,0,0,0
empty_tensor,,,4.817,4.817,0,0,0,0
aten::view,,,0.822,0.822,0,0,0,0
aten::view,,,0.541,0.541,0,0,0,0
aten::view,,,0.482,0.482,0,0,0,0
aten::view,,,0.428,0.428,0,0,0,0
vllm::unified_attention_with_output,,,94.887,1095.21,0,24.321,0,0
P13/1025334/00808/attention,,,282.887,1000.323,0,24.321,0,0
aten::slice,,,1.496,3.128,0,0,0,0
aten::as_strided,,,1.632,1.632,0,0,0,0
aten::slice,,,0.479,1.0,0,0,0,0
aten::as_strided,,,0.521,0.521,0,0,0,0
aten::slice,,,3.254,4.032,0,0,0,0
aten::as_strided,,,0.778,0.778,0,0,0,0
P13/1025334/00809/cache_write,,,146.634,259.575,0,2.24,0,0
P13/1025334/00810/torch_api,,,85.369,112.941,0,2.24,0,0
atb::_npu_reshape_and_cache,,,23.815,27.572,0,2.24,0,0
ReshapeCacheOperation,,,3.757,3.757,2.24,2.24,0,0
P13/1025334/00811/fia,,,228.42,434.445,0,22.081000000000003,0,0
aten::view,,,3.284,3.284,0,0,0,0
aten::view,,,1.074,1.074,0,0,0,0
aten::slice,,,0.763,1.809,0,0,0,0
aten::as_strided,,,1.046,1.046,0,0,0,0
P13/1025334/00812/torch_api,,,108.618,167.849,0,21.481,0,0
npu::npu_fused_infer_attention_score,,,42.285,59.231,0,21.481,0,0
empty_tensor,,,4.632,4.632,0,0,0,0
empty_tensor,,,1.357,1.357,0,0,0,0
empty_tensor,,,1.01,1.01,0,0,0,0
empty_tensor,,,0.964,0.964,0,0,0,0
aclnnFusedInferAttentionScoreV3,,,8.983,8.983,21.481,21.481,0,0
aten::view,,,1.652,1.652,0,0,0,0
aten::slice,,,0.754,1.861,0,0,0,0
aten::as_strided,,,1.107,1.107,0,0,0,0
aten::copy_,,,23.602,28.496,0,0.6,0,0
aclnnInplaceCopy,,,4.894,4.894,0.6,0.6,0,0
aten::slice,,,0.642,1.631,0,0,0,0
aten::as_strided,,,0.989,0.989,0,0,0,0
aten::copy_,,,11.089,13.625,0,0,0,0
aclnnInplaceCopy,,,2.536,2.536,0,0,0,0
aten::view,,,1.283,1.283,0,0,0,0
vllm::unquantized_gemm,,,74.734,175.56,0,5.44,0,5.44
P13/1025334/00813/linear,,,78.891,100.826,0,5.44,0,5.44
aten::linear,,,1.725,21.935,0,5.44,0,5.44
aten::t,,,2.269,5.432,0,0,0,0
aten::transpose,,,1.167,3.163,0,0,0,0
aten::as_strided,,,1.996,1.996,0,0,0,0
aten::matmul,,,7.856,14.778,0,5.44,0,5.44
empty_tensor,,,4.07,4.07,0,0,0,0
aclnnMatmul,,,2.852,2.852,5.44,5.44,5.44,5.44
vllm::maybe_chunk_residual,,,7.425,7.425,0,0,0,0
_C_ascend::npu_add_rms_norm_bias,,,15.896,28.434,0,1.661,0,0
aten::empty,,,1.026,3.901,0,0,0,0
empty_tensor,,,2.875,2.875,0,0,0,0
aten::empty,,,0.313,1.435,0,0,0,0
empty_tensor,,,1.122,1.122,0,0,0,0
aten::empty,,,0.24,1.052,0,0,0,0
empty_tensor,,,0.812,0.812,0,0,0,0
aten::empty,,,0.401,2.633,0,0,0,0
empty_tensor,,,2.232,2.232,0,0,0,0
aclnnAddRmsNormBias,,,3.517,3.517,1.661,1.661,0,0
vllm::unquantized_gemm,,,70.375,166.658,0,19.161,0,19.161
P13/1025334/00814/linear,,,81.14,96.283,0,19.161,0,19.161
aten::linear,,,1.208,15.143,0,19.161,0,19.161
aten::t,,,1.547,3.807,0,0,0,0
aten::transpose,,,0.789,2.26,0,0,0,0
aten::as_strided,,,1.471,1.471,0,0,0,0
aten::matmul,,,5.38,10.128,0,19.161,0,19.161
empty_tensor,,,2.025,2.025,0,0,0,0
aclnnMatmul,,,2.723,2.723,19.161,19.161,19.161,19.161
npu::npu_swiglu,,,13.917,18.327,0,3.0,0,0
empty_tensor,,,1.909,1.909,0,0,0,0
aclnnSwiGlu,,,2.501,2.501,3.0,3.0,0,0
vllm::unquantized_gemm,,,73.152,166.545,0,16.341,0,16.341
P13/1025334/00815/linear,,,79.421,93.393,0,16.341,0,16.341
aten::linear,,,1.071,13.972,0,16.341,0,16.341
aten::t,,,1.123,3.893,0,0,0,0
aten::transpose,,,0.636,2.77,0,0,0,0
aten::as_strided,,,2.134,2.134,0,0,0,0
aten::matmul,,,4.577,9.008,0,16.341,0,16.341
empty_tensor,,,1.899,1.899,0,0,0,0
aclnnMatmul,,,2.532,2.532,16.341,16.341,16.341,16.341
vllm::maybe_chunk_residual,,,6.967,6.967,0,0,0,0
_C_ascend::npu_add_rms_norm_bias,,,12.775,29.658,0,1.76,0,0
aten::empty,,,0.834,3.088,0,0,0,0
empty_tensor,,,2.254,2.254,0,0,0,0
aten::empty,,,0.226,1.344,0,0,0,0
empty_tensor,,,1.118,1.118,0,0,0,0
aten::empty,,,0.227,1.264,0,0,0,0
empty_tensor,,,1.037,1.037,0,0,0,0
aten::empty,,,0.503,2.324,0,0,0,0
empty_tensor,,,1.821,1.821,0,0,0,0
aclnnAddRmsNormBias,,,8.863,8.863,1.76,1.76,0,0
vllm::unquantized_gemm,,,71.293,174.706,0,8.879999999999999,0,7.42
P13/1025334/00816/linear,,,85.176,103.413,0,8.879999999999999,0,7.42
aten::linear,,,1.395,18.237,0,8.879999999999999,0,7.42
aten::t,,,1.392,3.399,0,0,0,0
aten::transpose,,,0.642,2.007,0,0,0,0
aten::as_strided,,,1.365,1.365,0,0,0,0
aten::addmm,,,8.031,13.443,0,8.879999999999999,0,7.42
empty_tensor,,,2.491,2.491,0,0,0,0
aclnnAddmm,,,2.921,2.921,8.879999999999999,8.879999999999999,7.42,7.42
aten::split_with_sizes,,,1.788,3.584,0,0,0,0
aten::as_strided,,,1.126,1.126,0,0,0,0
aten::as_strided,,,0.255,0.255,0,0,0,0
aten::as_strided,,,0.415,0.415,0,0,0,0
vllm::npu_rotary_embedding,,,172.79,868.733,0,2.84,0,0
aten::view,,,1.39,1.39,0,0,0,0
aten::view,,,0.553,0.553,0,0,0,0
P13/1025334/00817/jit_run,,,546.919,690.741,0,2.84,0,0
P13/1025334/00818/launch,,,139.122,143.822,0,2.84,0,0
_triton_rope,,,4.7,4.7,2.84,2.84,0,0
aten::view,,,2.566,2.566,0,0,0,0
aten::view,,,0.693,0.693,0,0,0,0
aten::empty,,,1.138,6.058,0,0,0,0
empty_tensor,,,4.92,4.92,0,0,0,0
aten::view,,,0.768,0.768,0,0,0,0
aten::view,,,0.628,0.628,0,0,0,0
aten::view,,,0.585,0.585,0,0,0,0
aten::view,,,0.647,0.647,0,0,0,0
vllm::unified_attention_with_output,,,99.22,1116.234,0,20.241,0,0
P13/1025334/00819/attention,,,294.184,1017.014,0,20.241,0,0
aten::slice,,,1.316,2.951,0,0,0,0
aten::as_strided,,,1.635,1.635,0,0,0,0
aten::slice,,,0.506,1.306,0,0,0,0
aten::as_strided,,,0.8,0.8,0,0,0,0
aten::slice,,,2.454,3.294,0,0,0,0
aten::as_strided,,,0.84,0.84,0,0,0,0
P13/1025334/00820/cache_write,,,147.406,264.959,0,1.9,0,0
P13/1025334/00821/torch_api,,,80.947,117.553,0,1.9,0,0
atb::_npu_reshape_and_cache,,,32.836,36.606,0,1.9,0,0
ReshapeCacheOperation,,,3.77,3.77,1.9,1.9,0,0
P13/1025334/00822/fia,,,236.197,434.64,0,18.340999999999998,0,0
aten::view,,,3.395,3.395,0,0,0,0
aten::view,,,1.043,1.043,0,0,0,0
aten::slice,,,0.787,1.88,0,0,0,0
aten::as_strided,,,1.093,1.093,0,0,0,0
P13/1025334/00823/torch_api,,,103.762,159.219,0,17.781,0,0
npu::npu_fused_infer_attention_score,,,44.16,55.457,0,17.781,0,0
empty_tensor,,,4.745,4.745,0,0,0,0
empty_tensor,,,1.224,1.224,0,0,0,0
empty_tensor,,,1.033,1.033,0,0,0,0
empty_tensor,,,0.989,0.989,0,0,0,0
aclnnFusedInferAttentionScoreV3,,,3.306,3.306,17.781,17.781,0,0
aten::view,,,1.675,1.675,0,0,0,0
aten::slice,,,0.797,1.966,0,0,0,0
aten::as_strided,,,1.169,1.169,0,0,0,0
aten::copy_,,,23.68,29.265,0,0.56,0,0
aclnnInplaceCopy,,,5.585,5.585,0.56,0.56,0,0
aten::slice,,,0.609,1.6,0,0,0,0
aten::as_strided,,,0.991,0.991,0,0,0,0
aten::copy_,,,11.317,14.08,0,0,0,0
aclnnInplaceCopy,,,2.763,2.763,0,0,0,0
aten::view,,,1.232,1.232,0,0,0,0
vllm::unquantized_gemm,,,72.806,179.678,0,5.58,0,5.58
P13/1025334/00824/linear,,,79.933,106.872,0,5.58,0,5.58
aten::linear,,,1.718,26.939,0,5.58,0,5.58
aten::t,,,2.152,4.9,0,0,0,0
aten::transpose,,,1.183,2.748,0,0,0,0
aten::as_strided,,,1.565,1.565,0,0,0,0
aten::matmul,,,7.749,20.321,0,5.58,0,5.58
empty_tensor,,,3.869,3.869,0,0,0,0
aclnnMatmul,,,8.703,8.703,5.58,5.58,5.58,5.58
vllm::maybe_chunk_residual,,,7.511,7.511,0,0,0,0
_C_ascend::npu_add_rms_norm_bias,,,16.086,30.994,0,1.64,0,0
aten::empty,,,1.065,3.972,0,0,0,0
empty_tensor,,,2.907,2.907,0,0,0,0
aten::empty,,,0.691,2.076,0,0,0,0
empty_tensor,,,1.385,1.385,0,0,0,0
aten::empty,,,0.381,1.643,0,0,0,0
empty_tensor,,,1.262,1.262,0,0,0,0
aten::empty,,,0.408,3.826,0,0,0,0
empty_tensor,,,3.418,3.418,0,0,0,0
aclnnAddRmsNormBias,,,3.391,3.391,1.64,1.64,0,0
vllm::unquantized_gemm,,,70.798,170.572,0,19.221,0,19.221
P13/1025334/00825/linear,,,83.115,99.774,0,19.221,0,19.221
aten::linear,,,1.462,16.659,0,19.221,0,19.221
aten::t,,,1.555,4.033,0,0,0,0
aten::transpose,,,0.924,2.478,0,0,0,0
aten::as_strided,,,1.554,1.554,0,0,0,0
aten::matmul,,,5.97,11.164,0,19.221,0,19.221
empty_tensor,,,2.498,2.498,0,0,0,0
aclnnMatmul,,,2.696,2.696,19.221,19.221,19.221,19.221
npu::npu_swiglu,,,14.857,21.662,0,3.12,0,0
empty_tensor,,,2.105,2.105,0,0,0,0
aclnnSwiGlu,,,4.7,4.7,3.12,3.12,0,0
vllm::unquantized_gemm,,,68.635,154.82,0,16.441,0,16.441
P13/1025334/00826/linear,,,72.836,86.185,0,16.441,0,16.441
aten::linear,,,0.975,13.349,0,16.441,0,16.441
aten::t,,,1.158,2.942,0,0,0,0
aten::transpose,,,0.595,1.784,0,0,0,0
aten::as_strided,,,1.189,1.189,0,0,0,0
aten::matmul,,,4.822,9.432,0,16.441,0,16.441
empty_tensor,,,1.995,1.995,0,0,0,0
aclnnMatmul,,,2.615,2.615,16.441,16.441,16.441,16.441
vllm::maybe_chunk_residual,,,6.897,6.897,0,0,0,0
_C_ascend::npu_add_rms_norm_bias,,,12.206,23.575,0,1.74,0,0
aten::empty,,,0.639,2.92,0,0,0,0
empty_tensor,,,2.281,2.281,0,0,0,0
aten::empty,,,0.439,1.339,0,0,0,0
empty_tensor,,,0.9,0.9,0,0,0,0
aten::empty,,,0.206,1.284,0,0,0,0
empty_tensor,,,1.078,1.078,0,0,0,0
aten::empty,,,0.348,2.479,0,0,0,0
empty_tensor,,,2.131,2.131,0,0,0,0
aclnnAddRmsNormBias,,,3.347,3.347,1.74,1.74,0,0
vllm::unquantized_gemm,,,76.65,181.623,0,9.04,0,7.92
P13/1025334/00827/linear,,,87.25,104.973,0,9.04,0,7.92
aten::linear,,,1.354,17.723,0,9.04,0,7.92
aten::t,,,1.174,3.11,0,0,0,0
aten::transpose,,,0.59,1.936,0,0,0,0
aten::as_strided,,,1.346,1.346,0,0,0,0
aten::addmm,,,8.074,13.259,0,9.04,0,7.92
empty_tensor,,,2.316,2.316,0,0,0,0
aclnnAddmm,,,2.869,2.869,9.04,9.04,7.92,7.92
aten::split_with_sizes,,,1.789,3.441,0,0,0,0
aten::as_strided,,,1.136,1.136,0,0,0,0
aten::as_strided,,,0.311,0.311,0,0,0,0
aten::as_strided,,,0.205,0.205,0,0,0,0
vllm::npu_rotary_embedding,,,166.584,853.132,0,3.16,0,0
aten::view,,,1.351,1.351,0,0,0,0
aten::view,,,0.402,0.402,0,0,0,0
P13/1025334/00828/jit_run,,,533.613,681.722,0,3.16,0,0
P13/1025334/00829/launch,,,140.052,148.109,0,3.16,0,0
_triton_rope,,,8.057,8.057,3.16,3.16,0,0
aten::view,,,2.504,2.504,0,0,0,0
aten::view,,,0.569,0.569,0,0,0,0
aten::empty,,,0.905,5.075,0,0,0,0
empty_tensor,,,4.17,4.17,0,0,0,0
aten::view,,,0.823,0.823,0,0,0,0
aten::view,,,0.514,0.514,0,0,0,0
aten::view,,,0.511,0.511,0,0,0,0
aten::view,,,0.441,0.441,0,0,0,0
vllm::unified_attention_with_output,,,98.047,1102.198,0,25.561,0,0
P13/1025334/00830/attention,,,296.148,1004.151,0,25.561,0,0
aten::slice,,,1.361,2.969,0,0,0,0
aten::as_strided,,,1.608,1.608,0,0,0,0
aten::slice,,,1.027,1.379,0,0,0,0
aten::as_strided,,,0.352,0.352,0,0,0,0
aten::slice,,,2.388,3.239,0,0,0,0
aten::as_strided,,,0.851,0.851,0,0,0,0
P13/1025334/00831/cache_write,,,144.047,251.973,0,2.2,0,0
P13/1025334/00832/torch_api,,,83.171,107.926,0,2.2,0,0
atb::_npu_reshape_and_cache,,,21.415,24.755,0,2.2,0,0
ReshapeCacheOperation,,,3.34,3.34,2.2,2.2,0,0
P13/1025334/00833/fia,,,236.373,433.06,0,23.361,0,0
aten::view,,,3.532,3.532,0,0,0,0
aten::view,,,0.884,0.884,0,0,0,0
aten::slice,,,0.885,1.96,0,0,0,0
aten::as_strided,,,1.075,1.075,0,0,0,0
P13/1025334/00834/torch_api,,,108.391,161.04,0,22.741,0,0
npu::npu_fused_infer_attention_score,,,41.035,52.649,0,22.741,0,0
empty_tensor,,,5.012,5.012,0,0,0,0
empty_tensor,,,1.516,1.516,0,0,0,0
empty_tensor,,,0.834,0.834,0,0,0,0
empty_tensor,,,0.679,0.679,0,0,0,0
aclnnFusedInferAttentionScoreV3,,,3.573,3.573,22.741,22.741,0,0
aten::view,,,1.505,1.505,0,0,0,0
aten::slice,,,0.775,1.75,0,0,0,0
aten::as_strided,,,0.975,0.975,0,0,0,0
aten::copy_,,,23.181,26.016,0,0.62,0,0
aclnnInplaceCopy,,,2.835,2.835,0.62,0.62,0,0
aten::slice,,,0.622,1.561,0,0,0,0
aten::as_strided,,,0.939,0.939,0,0,0,0
aten::copy_,,,11.325,13.822,0,0,0,0
aclnnInplaceCopy,,,2.497,2.497,0,0,0,0
aten::view,,,1.264,1.264,0,0,0,0
vllm::unquantized_gemm,,,72.144,169.422,0,5.681,0,5.681
P13/1025334/00835/linear,,,76.171,97.278,0,5.681,0,5.681
aten::linear,,,1.743,21.107,0,5.681,0,5.681
aten::t,,,2.193,4.85,0,0,0,0
aten::transpose,,,1.164,2.657,0,0,0,0
aten::as_strided,,,1.493,1.493,0,0,0,0
aten::matmul,,,7.522,14.514,0,5.681,0,5.681
empty_tensor,,,4.215,4.215,0,0,0,0
aclnnMatmul,,,2.777,2.777,5.681,5.681,5.681,5.681
vllm::maybe_chunk_residual,,,7.473,7.473,0,0,0,0
_C_ascend::npu_add_rms_norm_bias,,,16.262,28.381,0,1.76,0,0
aten::empty,,,1.03,3.776,0,0,0,0
empty_tensor,,,2.746,2.746,0,0,0,0
aten::empty,,,0.303,1.44,0,0,0,0
empty_tensor,,,1.137,1.137,0,0,0,0
aten::empty,,,0.237,1.053,0,0,0,0
empty_tensor,,,0.816,0.816,0,0,0,0
aten::empty,,,0.416,2.526,0,0,0,0
empty_tensor,,,2.11,2.11,0,0,0,0
aclnnAddRmsNormBias,,,3.324,3.324,1.76,1.76,0,0
vllm::unquantized_gemm,,,70.954,169.395,0,18.941,0,18.941
P13/1025334/00836/linear,,,82.602,98.441,0,18.941,0,18.941
aten::linear,,,1.369,15.839,0,18.941,0,18.941
aten::t,,,1.39,3.61,0,0,0,0
aten::transpose,,,0.777,2.22,0,0,0,0
aten::as_strided,,,1.443,1.443,0,0,0,0
aten::matmul,,,5.67,10.86,0,18.941,0,18.941
empty_tensor,,,2.356,2.356,0,0,0,0
aclnnMatmul,,,2.834,2.834,18.941,18.941,18.941,18.941
npu::npu_swiglu,,,14.921,23.107,0,2.96,0,0
empty_tensor,,,2.125,2.125,0,0,0,0
aclnnSwiGlu,,,6.061,6.061,2.96,2.96,0,0
vllm::unquantized_gemm,,,72.057,161.015,0,16.321,0,16.321
P13/1025334/00837/linear,,,75.778,88.958,0,16.321,0,16.321
aten::linear,,,0.919,13.18,0,16.321,0,16.321
aten::t,,,1.084,2.979,0,0,0,0
aten::transpose,,,0.61,1.895,0,0,0,0
aten::as_strided,,,1.285,1.285,0,0,0,0
aten::matmul,,,4.553,9.282,0,16.321,0,16.321
empty_tensor,,,2.293,2.293,0,0,0,0
aclnnMatmul,,,2.436,2.436,16.321,16.321,16.321,16.321
vllm::maybe_chunk_residual,,,7.068,7.068,0,0,0,0
_C_ascend::npu_add_rms_norm_bias,,,13.342,23.621,0,1.84,0,0
aten::empty,,,0.712,2.966,0,0,0,0
empty_tensor,,,2.254,2.254,0,0,0,0
aten::empty,,,0.252,1.313,0,0,0,0
empty_tensor,,,1.061,1.061,0,0,0,0
aten::empty,,,0.254,1.06,0,0,0,0
empty_tensor,,,0.806,0.806,0,0,0,0
aten::empty,,,0.386,2.173,0,0,0,0
empty_tensor,,,1.787,1.787,0,0,0,0
aclnnAddRmsNormBias,,,2.767,2.767,1.84,1.84,0,0
vllm::unquantized_gemm,,,68.742,163.941,0,8.54,0,7.38
P13/1025334/00838/linear,,,78.425,95.199,0,8.54,0,7.38
aten::linear,,,1.343,16.774,0,8.54,0,7.38
aten::t,,,1.215,3.138,0,0,0,0
aten::transpose,,,0.677,1.923,0,0,0,0
aten::as_strided,,,1.246,1.246,0,0,0,0
aten::addmm,,,7.669,12.293,0,8.54,0,7.38
empty_tensor,,,2.011,2.011,0,0,0,0
aclnnAddmm,,,2.613,2.613,8.54,8.54,7.38,7.38
aten::split_with_sizes,,,1.806,3.603,0,0,0,0
aten::as_strided,,,1.156,1.156,0,0,0,0
aten::as_strided,,,0.276,0.276,0,0,0,0
aten::as_strided,,,0.365,0.365,0,0,0,0
vllm::npu_rotary_embedding,,,169.492,873.518,0,2.78,0,0
aten::view,,,1.202,1.202,0,0,0,0
aten::view,,,1.195,1.195,0,0,0,0
P13/1025334/00839/jit_run,,,538.653,698.607,0,2.78,0,0
P13/1025334/00840/launch,,,152.759,159.954,0,2.78,0,0
_triton_rope,,,7.195,7.195,2.78,2.78,0,0
aten::view,,,2.388,2.388,0,0,0,0
aten::view,,,0.634,0.634,0,0,0,0
aten::empty,,,1.023,5.421,0,0,0,0
empty_tensor,,,4.398,4.398,0,0,0,0
aten::view,,,0.901,0.901,0,0,0,0
aten::view,,,0.574,0.574,0,0,0,0
aten::view,,,0.476,0.476,0,0,0,0
aten::view,,,0.48,0.48,0,0,0,0
vllm::unified_attention_with_output,,,100.715,1105.574,0,25.221,0,0
P13/1025334/00841/attention,,,288.135,1004.859,0,25.221,0,0
aten::slice,,,1.144,2.516,0,0,0,0
aten::as_strided,,,1.372,1.372,0,0,0,0
aten::slice,,,0.439,0.88,0,0,0,0
aten::as_strided,,,0.441,0.441,0,0,0,0
aten::slice,,,2.514,3.409,0,0,0,0
aten::as_strided,,,0.895,0.895,0,0,0,0
P13/1025334/00842/cache_write,,,144.784,244.266,0,1.86,0,0
P13/1025334/00843/torch_api,,,78.959,99.482,0,1.86,0,0
atb::_npu_reshape_and_cache,,,16.97,20.523,0,1.86,0,0
ReshapeCacheOperation,,,3.553,3.553,1.86,1.86,0,0
P13/1025334/00844/fia,,,245.453,442.707,0,23.360999999999997,0,0
aten::view,,,2.987,2.987,0,0,0,0
aten::view,,,0.861,0.861,0,0,0,0
aten::slice,,,1.402,2.329,0,0,0,0
aten::as_strided,,,0.927,0.927,0,0,0,0
P13/1025334/00845/torch_api,,,107.703,160.649,0,22.781,0,0
npu::npu_fused_infer_attention_score,,,42.707,52.946,0,22.781,0,0
empty_tensor,,,4.378,4.378,0,0,0,0
empty_tensor,,,1.079,1.079,0,0,0,0
empty_tensor,,,0.732,0.732,0,0,0,0
empty_tensor,,,0.703,0.703,0,0,0,0
aclnnFusedInferAttentionScoreV3,,,3.347,3.347,22.781,22.781,0,0
aten::view,,,1.635,1.635,0,0,0,0
aten::slice,,,0.789,1.845,0,0,0,0
aten::as_strided,,,1.056,1.056,0,0,0,0
aten::copy_,,,23.896,26.948,0,0.58,0,0
aclnnInplaceCopy,,,3.052,3.052,0.58,0.58,0,0
aten::slice,,,0.57,1.522,0,0,0,0
aten::as_strided,,,0.952,0.952,0,0,0,0
aten::copy_,,,11.446,21.424,0,0,0,0
aclnnInplaceCopy,,,9.978,9.978,0,0,0,0
aten::view,,,1.279,1.279,0,0,0,0
vllm::unquantized_gemm,,,72.76,172.874,0,5.46,0,5.46
P13/1025334/00846/linear,,,79.241,100.114,0,5.46,0,5.46
aten::linear,,,1.902,20.873,0,5.46,0,5.46
aten::t,,,2.109,4.721,0,0,0,0
aten::transpose,,,1.141,2.612,0,0,0,0
aten::as_strided,,,1.471,1.471,0,0,0,0
aten::matmul,,,7.588,14.25,0,5.46,0,5.46
empty_tensor,,,3.953,3.953,0,0,0,0
aclnnMatmul,,,2.709,2.709,5.46,5.46,5.46,5.46
vllm::maybe_chunk_residual,,,7.857,7.857,0,0,0,0
_C_ascend::npu_add_rms_norm_bias,,,16.335,33.408,0,1.741,0,0
aten::empty,,,1.149,4.447,0,0,0,0
empty_tensor,,,3.298,3.298,0,0,0,0
aten::empty,,,0.374,1.764,0,0,0,0
empty_tensor,,,1.39,1.39,0,0,0,0
aten::empty,,,0.217,4.31,0,0,0,0
empty_tensor,,,4.093,4.093,0,0,0,0
aten::empty,,,0.569,3.154,0,0,0,0
empty_tensor,,,2.585,2.585,0,0,0,0
aclnnAddRmsNormBias,,,3.398,3.398,1.741,1.741,0,0
vllm::unquantized_gemm,,,70.813,176.191,0,19.16,0,19.16
P13/1025334/00847/linear,,,87.851,105.378,0,19.16,0,19.16
aten::linear,,,1.415,17.527,0,19.16,0,19.16
aten::t,,,1.642,4.159,0,0,0,0
aten::transpose,,,0.887,2.517,0,0,0,0
aten::as_strided,,,1.63,1.63,0,0,0,0
aten::matmul,,,6.636,11.953,0,19.16,0,19.16
empty_tensor,,,2.481,2.481,0,0,0,0
aclnnMatmul,,,2.836,2.836,19.16,19.16,19.16,19.16
npu::npu_swiglu,,,17.157,22.155,0,2.94,0,0
empty_tensor,,,2.373,2.373,0,0,0,0
aclnnSwiGlu,,,2.625,2.625,2.94,2.94,0,0
vllm::unquantized_gemm,,,69.2,160.822,0,16.301,0,16.301
P13/1025334/00848/linear,,,77.452,91.622,0,16.301,0,16.301
aten::linear,,,1.261,14.17,0,16.301,0,16.301
aten::t,,,1.301,3.499,0,0,0,0
aten::transpose,,,0.805,2.198,0,0,0,0
aten::as_strided,,,1.393,1.393,0,0,0,0
aten::matmul,,,4.835,9.41,0,16.301,0,16.301
empty_tensor,,,2.081,2.081,0,0,0,0
aclnnMatmul,,,2.494,2.494,16.301,16.301,16.301,16.301
vllm::maybe_chunk_residual,,,7.172,7.172,0,0,0,0
_C_ascend::npu_add_rms_norm_bias,,,12.88,25.355,0,1.66,0,0
aten::empty,,,0.801,3.009,0,0,0,0
empty_tensor,,,2.208,2.208,0,0,0,0
aten::empty,,,0.278,1.438,0,0,0,0
empty_tensor,,,1.16,1.16,0,0,0,0
aten::empty,,,0.386,1.654,0,0,0,0
empty_tensor,,,1.268,1.268,0,0,0,0
aten::empty,,,1.228,3.145,0,0,0,0
empty_tensor,,,1.917,1.917,0,0,0,0
aclnnAddRmsNormBias,,,3.229,3.229,1.66,1.66,0,0
vllm::unquantized_gemm,,,76.9,179.559,0,9.041,0,7.921
P13/1025334/00849/linear,,,82.204,102.659,0,9.041,0,7.921
aten::linear,,,1.378,20.455,0,9.041,0,7.921
aten::t,,,1.102,3.139,0,0,0,0
aten::transpose,,,0.759,2.037,0,0,0,0
aten::as_strided,,,1.278,1.278,0,0,0,0
aten::addmm,,,7.754,15.938,0,9.041,0,7.921
empty_tensor,,,2.142,2.142,0,0,0,0
aclnnAddmm,,,6.042,6.042,9.041,9.041,7.921,7.921
aten::split_with_sizes,,,1.804,3.571,0,0,0,0
aten::as_strided,,,1.186,1.186,0,0,0,0
aten::as_strided,,,0.257,0.257,0,0,0,0
aten::as_strided,,,0.324,0.324,0,0,0,0
vllm::npu_rotary_embedding,,,165.11,843.078,0,2.86,0,0
aten::view,,,1.491,1.491,0,0,0,0
aten::view,,,0.486,0.486,0,0,0,0
P13/1025334/00850/jit_run,,,530.939,673.11,0,2.86,0,0
P13/1025334/00851/launch,,,137.669,142.171,0,2.86,0,0
_triton_rope,,,4.502,4.502,2.86,2.86,0,0
aten::view,,,2.312,2.312,0,0,0,0
aten::view,,,0.569,0.569,0,0,0,0
aten::empty,,,0.967,5.131,0,0,0,0
empty_tensor,,,4.164,4.164,0,0,0,0
aten::view,,,0.929,0.929,0,0,0,0
aten::view,,,0.701,0.701,0,0,0,0
aten::view,,,0.621,0.621,0,0,0,0
aten::view,,,0.405,0.405,0,0,0,0
vllm::unified_attention_with_output,,,96.739,1083.116,0,22.741,0,0
P13/1025334/00852/attention,,,291.215,986.377,0,22.741,0,0
aten::slice,,,1.349,2.755,0,0,0,0
aten::as_strided,,,1.406,1.406,0,0,0,0
aten::slice,,,0.381,0.751,0,0,0,0
aten::as_strided,,,0.37,0.37,0,0,0,0
aten::slice,,,2.404,3.125,0,0,0,0
aten::as_strided,,,0.721,0.721,0,0,0,0
P13/1025334/00853/cache_write,,,144.73,248.201,0,2.04,0,0
P13/1025334/00854/torch_api,,,83.143,103.471,0,2.04,0,0
atb::_npu_reshape_and_cache,,,17.108,20.328,0,2.04,0,0
ReshapeCacheOperation,,,3.22,3.22,2.04,2.04,0,0
P13/1025334/00855/fia,,,226.384,425.197,0,20.701,0,0
aten::view,,,3.081,3.081,0,0,0,0
aten::view,,,1.001,1.001,0,0,0,0
aten::slice,,,0.759,1.869,0,0,0,0
aten::as_strided,,,1.11,1.11,0,0,0,0
P13/1025334/00856/torch_api,,,107.765,160.024,0,20.081,0,0
npu::npu_fused_infer_attention_score,,,40.545,52.259,0,20.081,0,0
empty_tensor,,,4.671,4.671,0,0,0,0
empty_tensor,,,1.244,1.244,0,0,0,0
empty_tensor,,,1.023,1.023,0,0,0,0
empty_tensor,,,1.381,1.381,0,0,0,0
aclnnFusedInferAttentionScoreV3,,,3.395,3.395,20.081,20.081,0,0
aten::view,,,1.57,1.57,0,0,0,0
aten::slice,,,0.685,2.505,0,0,0,0
aten::as_strided,,,1.82,1.82,0,0,0,0
aten::copy_,,,23.933,28.763,0,0.62,0,0
aclnnInplaceCopy,,,4.83,4.83,0.62,0.62,0,0
aten::slice,,,0.62,1.624,0,0,0,0
aten::as_strided,,,1.004,1.004,0,0,0,0
aten::copy_,,,11.036,13.509,0,0,0,0
aclnnInplaceCopy,,,2.473,2.473,0,0,0,0
aten::view,,,1.294,1.294,0,0,0,0
vllm::unquantized_gemm,,,67.888,162.022,0,5.621,0,5.621
P13/1025334/00857/linear,,,73.363,94.134,0,5.621,0,5.621
aten::linear,,,1.755,20.771,0,5.621,0,5.621
aten::t,,,2.237,4.829,0,0,0,0
aten::transpose,,,1.191,2.592,0,0,0,0
aten::as_strided,,,1.401,1.401,0,0,0,0
aten::matmul,,,7.412,14.187,0,5.621,0,5.621
empty_tensor,,,3.801,3.801,0,0,0,0
aclnnMatmul,,,2.974,2.974,5.621,5.621,5.621,5.621
vllm::maybe_chunk_residual,,,7.406,7.406,0,0,0,0
_C_ascend::npu_add_rms_norm_bias,,,15.678,34.012,0,1.74,0,0
aten::empty,,,1.0,3.709,0,0,0,0
empty_tensor,,,2.709,2.709,0,0,0,0
aten::empty,,,0.414,1.578,0,0,0,0
empty_tensor,,,1.164,1.164,0,0,0,0
aten::empty,,,0.26,1.107,0,0,0,0
empty_tensor,,,0.847,0.847,0,0,0,0
aten::empty,,,0.459,2.89,0,0,0,0
empty_tensor,,,2.431,2.431,0,0,0,0
aclnnAddRmsNormBias,,,9.05,9.05,1.74,1.74,0,0
vllm::unquantized_gemm,,,74.657,181.191,0,19.741,0,19.741
P13/1025334/00858/linear,,,90.433,106.534,0,19.741,0,19.741
aten::linear,,,1.343,16.101,0,19.741,0,19.741
aten::t,,,1.505,3.878,0,0,0,0
aten::transpose,,,0.741,2.373,0,0,0,0
aten::as_strided,,,1.632,1.632,0,0,0,0
aten::matmul,,,5.82,10.88,0,19.741,0,19.741
empty_tensor,,,2.416,2.416,0,0,0,0
aclnnMatmul,,,2.644,2.644,19.741,19.741,19.741,19.741
npu::npu_swiglu,,,14.093,19.533,0,4.18,0,0
empty_tensor,,,2.912,2.912,0,0,0,0
aclnnSwiGlu,,,2.528,2.528,4.18,4.18,0,0
vllm::unquantized_gemm,,,68.925,164.536,0,16.561,0,16.561
P13/1025334/00859/linear,,,81.731,95.611,0,16.561,0,16.561
aten::linear,,,0.999,13.88,0,16.561,0,16.561
aten::t,,,1.327,3.281,0,0,0,0
aten::transpose,,,0.65,1.954,0,0,0,0
aten::as_strided,,,1.304,1.304,0,0,0,0
aten::matmul,,,4.648,9.6,0,16.561,0,16.561
empty_tensor,,,2.175,2.175,0,0,0,0
aclnnMatmul,,,2.777,2.777,16.561,16.561,16.561,16.561
vllm::maybe_chunk_residual,,,7.062,7.062,0,0,0,0
_C_ascend::npu_add_rms_norm_bias,,,12.959,23.922,0,2.08,0,0
aten::empty,,,0.692,2.877,0,0,0,0
empty_tensor,,,2.185,2.185,0,0,0,0
aten::empty,,,0.319,1.37,0,0,0,0
empty_tensor,,,1.051,1.051,0,0,0,0
aten::empty,,,0.36,1.378,0,0,0,0
empty_tensor,,,1.018,1.018,0,0,0,0
aten::empty,,,0.465,2.312,0,0,0,0
empty_tensor,,,1.847,1.847,0,0,0,0
aclnnAddRmsNormBias,,,3.026,3.026,2.08,2.08,0,0
vllm::unquantized_gemm,,,81.501,177.745,0,8.761,0,7.64
P13/1025334/00860/linear,,,79.053,96.244,0,8.761,0,7.64
aten::linear,,,1.408,17.191,0,8.761,0,7.64
aten::t,,,1.155,2.954,0,0,0,0
aten::transpose,,,0.569,1.799,0,0,0,0
aten::as_strided,,,1.23,1.23,0,0,0,0
aten::addmm,,,7.524,12.829,0,8.761,0,7.64
empty_tensor,,,1.939,1.939,0,0,0,0
aclnnAddmm,,,3.366,3.366,8.761,8.761,7.64,7.64
aten::split_with_sizes,,,1.87,3.596,0,0,0,0
aten::as_strided,,,1.133,1.133,0,0,0,0
aten::as_strided,,,0.254,0.254,0,0,0,0
aten::as_strided,,,0.339,0.339,0,0,0,0
vllm::npu_rotary_embedding,,,169.268,882.27,0,2.9,0,0
aten::view,,,4.71,4.71,0,0,0,0
aten::view,,,0.52,0.52,0,0,0,0
P13/1025334/00861/jit_run,,,551.633,704.601,0,2.9,0,0
P13/1025334/00862/launch,,,148.202,152.968,0,2.9,0,0
_triton_rope,,,4.766,4.766,2.9,2.9,0,0
aten::view,,,2.59,2.59,0,0,0,0
aten::view,,,0.581,0.581,0,0,0,0
aten::empty,,,1.264,6.151,0,0,0,0
empty_tensor,,,4.887,4.887,0,0,0,0
aten::view,,,0.927,0.927,0,0,0,0
aten::view,,,0.759,0.759,0,0,0,0
aten::view,,,0.614,0.614,0,0,0,0
aten::view,,,0.652,0.652,0,0,0,0
vllm::unified_attention_with_output,,,96.083,1090.01,0,23.421,0,0
P13/1025334/00863/attention,,,283.219,993.927,0,23.421,0,0
aten::slice,,,1.419,2.82,0,0,0,0
aten::as_strided,,,1.401,1.401,0,0,0,0
aten::slice,,,0.55,1.025,0,0,0,0
aten::as_strided,,,0.475,0.475,0,0,0,0
aten::slice,,,2.446,3.217,0,0,0,0
aten::as_strided,,,0.771,0.771,0,0,0,0
P13/1025334/00864/cache_write,,,143.256,243.73,0,2.36,0,0
P13/1025334/00865/torch_api,,,79.088,100.474,0,2.36,0,0
atb::_npu_reshape_and_cache,,,17.451,21.386,0,2.36,0,0
ReshapeCacheOperation,,,3.935,3.935,2.36,2.36,0,0
P13/1025334/00866/fia,,,238.405,444.864,0,21.061,0,0
aten::view,,,3.129,3.129,0,0,0,0
aten::view,,,1.046,1.046,0,0,0,0
aten::slice,,,0.769,1.772,0,0,0,0
aten::as_strided,,,1.003,1.003,0,0,0,0
P13/1025334/00867/torch_api,,,113.601,169.801,0,20.501,0,0
npu::npu_fused_infer_attention_score,,,40.884,56.2,0,20.501,0,0
empty_tensor,,,4.437,4.437,0,0,0,0
empty_tensor,,,1.256,1.256,0,0,0,0
empty_tensor,,,1.028,1.028,0,0,0,0
empty_tensor,,,0.782,0.782,0,0,0,0
aclnnFusedInferAttentionScoreV3,,,7.813,7.813,20.501,20.501,0,0
aten::view,,,1.696,1.696,0,0,0,0
aten::slice,,,0.8,1.942,0,0,0,0
aten::as_strided,,,1.142,1.142,0,0,0,0
aten::copy_,,,24.007,27.073,0,0.56,0,0
aclnnInplaceCopy,,,3.066,3.066,0.56,0.56,0,0
aten::slice,,,0.669,1.631,0,0,0,0
aten::as_strided,,,0.962,0.962,0,0,0,0
aten::copy_,,,10.85,13.421,0,0,0,0
aclnnInplaceCopy,,,2.571,2.571,0,0,0,0
aten::view,,,1.269,1.269,0,0,0,0
vllm::unquantized_gemm,,,73.271,170.155,0,5.34,0,5.34
P13/1025334/00868/linear,,,76.454,96.884,0,5.34,0,5.34
aten::linear,,,1.651,20.43,0,5.34,0,5.34
aten::t,,,2.149,4.756,0,0,0,0
aten::transpose,,,1.141,2.607,0,0,0,0
aten::as_strided,,,1.466,1.466,0,0,0,0
aten::matmul,,,7.453,14.023,0,5.34,0,5.34
empty_tensor,,,3.687,3.687,0,0,0,0
aclnnMatmul,,,2.883,2.883,5.34,5.34,5.34,5.34
vllm::maybe_chunk_residual,,,7.406,7.406,0,0,0,0
_C_ascend::npu_add_rms_norm_bias,,,15.553,29.747,0,1.7,0,0
aten::empty,,,1.032,3.89,0,0,0,0
empty_tensor,,,2.858,2.858,0,0,0,0
aten::empty,,,1.198,2.684,0,0,0,0
empty_tensor,,,1.486,1.486,0,0,0,0
aten::empty,,,0.268,1.413,0,0,0,0
empty_tensor,,,1.145,1.145,0,0,0,0
aten::empty,,,0.534,3.037,0,0,0,0
empty_tensor,,,2.503,2.503,0,0,0,0
aclnnAddRmsNormBias,,,3.17,3.17,1.7,1.7,0,0
vllm::unquantized_gemm,,,67.709,161.583,0,19.4,0,19.4
P13/1025334/00869/linear,,,78.304,93.874,0,19.4,0,19.4
aten::linear,,,1.234,15.57,0,19.4,0,19.4
aten::t,,,1.543,3.717,0,0,0,0
aten::transpose,,,0.743,2.174,0,0,0,0
aten::as_strided,,,1.431,1.431,0,0,0,0
aten::matmul,,,5.757,10.619,0,19.4,0,19.4
empty_tensor,,,2.112,2.112,0,0,0,0
aclnnMatmul,,,2.75,2.75,19.4,19.4,19.4,19.4
npu::npu_swiglu,,,13.683,20.092,0,2.92,0,0
empty_tensor,,,1.994,1.994,0,0,0,0
aclnnSwiGlu,,,4.415,4.415,2.92,2.92,0,0
vllm::unquantized_gemm,,,67.179,153.585,0,16.301,0,16.301
P13/1025334/00870/linear,,,72.957,86.406,0,16.301,0,16.301
aten::linear,,,0.941,13.449,0,16.301,0,16.301
aten::t,,,1.16,3.189,0,0,0,0
aten::transpose,,,0.635,2.029,0,0,0,0
aten::as_strided,,,1.394,1.394,0,0,0,0
aten::matmul,,,4.696,9.319,0,16.301,0,16.301
empty_tensor,,,2.029,2.029,0,0,0,0
aclnnMatmul,,,2.594,2.594,16.301,16.301,16.301,16.301
vllm::maybe_chunk_residual,,,6.82,6.82,0,0,0,0
_C_ascend::npu_add_rms_norm_bias,,,12.582,30.787,0,1.68,0,0
aten::empty,,,0.702,2.929,0,0,0,0
empty_tensor,,,2.227,2.227,0,0,0,0
aten::empty,,,0.267,1.904,0,0,0,0
empty_tensor,,,1.637,1.637,0,0,0,0
aten::empty,,,0.292,1.228,0,0,0,0
empty_tensor,,,0.936,0.936,0,0,0,0
aten::empty,,,0.539,2.179,0,0,0,0
empty_tensor,,,1.64,1.64,0,0,0,0
aclnnAddRmsNormBias,,,9.965,9.965,1.68,1.68,0,0
vllm::unquantized_gemm,,,77.079,188.991,0,8.621,0,7.401
P13/1025334/00871/linear,,,93.206,111.912,0,8.621,0,7.401
aten::linear,,,1.483,18.706,0,8.621,0,7.401
aten::t,,,1.282,3.592,0,0,0,0
aten::transpose,,,0.748,2.31,0,0,0,0
aten::as_strided,,,1.562,1.562,0,0,0,0
aten::addmm,,,8.489,13.631,0,8.621,0,7.401
empty_tensor,,,2.359,2.359,0,0,0,0
aclnnAddmm,,,2.783,2.783,8.621,8.621,7.401,7.401
aten::split_with_sizes,,,2.079,3.781,0,0,0,0
aten::as_strided,,,1.214,1.214,0,0,0,0
aten::as_strided,,,0.266,0.266,0,0,0,0
aten::as_strided,,,0.222,0.222,0,0,0,0
vllm::npu_rotary_embedding,,,170.687,855.201,0,2.96,0,0
aten::view,,,1.352,1.352,0,0,0,0
aten::view,,,0.358,0.358,0,0,0,0
P13/1025334/00872/jit_run,,,538.445,679.747,0,2.96,0,0
P13/1025334/00873/launch,,,137.233,141.302,0,2.96,0,0
_triton_rope,,,4.069,4.069,2.96,2.96,0,0
aten::view,,,2.476,2.476,0,0,0,0
aten::view,,,0.581,0.581,0,0,0,0
aten::empty,,,1.154,5.872,0,0,0,0
empty_tensor,,,4.718,4.718,0,0,0,0
aten::view,,,0.741,0.741,0,0,0,0
aten::view,,,2.361,2.361,0,0,0,0
aten::view,,,0.507,0.507,0,0,0,0
aten::view,,,0.496,0.496,0,0,0,0
vllm::unified_attention_with_output,,,98.236,1100.441,0,20.660999999999998,0,0
P13/1025334/00874/attention,,,299.199,1002.205,0,20.660999999999998,0,0
aten::slice,,,1.473,3.035,0,0,0,0
aten::as_strided,,,1.562,1.562,0,0,0,0
aten::slice,,,0.377,0.751,0,0,0,0
aten::as_strided,,,0.374,0.374,0,0,0,0
aten::slice,,,2.57,3.299,0,0,0,0
aten::as_strided,,,0.729,0.729,0,0,0,0
P13/1025334/00875/cache_write,,,147.59,253.642,0,1.78,0,0
P13/1025334/00876/torch_api,,,85.054,106.052,0,1.78,0,0
atb::_npu_reshape_and_cache,,,17.501,20.998,0,1.78,0,0
ReshapeCacheOperation,,,3.497,3.497,1.78,1.78,0,0
P13/1025334/00877/fia,,,229.602,426.562,0,18.881,0,0
aten::view,,,3.087,3.087,0,0,0,0
aten::view,,,1.072,1.072,0,0,0,0
aten::slice,,,0.693,1.639,0,0,0,0
aten::as_strided,,,0.946,0.946,0,0,0,0
P13/1025334/00878/torch_api,,,109.022,161.302,0,18.261,0,0
npu::npu_fused_infer_attention_score,,,40.714,52.28,0,18.261,0,0
empty_tensor,,,4.555,4.555,0,0,0,0
empty_tensor,,,1.064,1.064,0,0,0,0
empty_tensor,,,0.894,0.894,0,0,0,0
empty_tensor,,,1.554,1.554,0,0,0,0
aclnnFusedInferAttentionScoreV3,,,3.499,3.499,18.261,18.261,0,0
aten::view,,,1.605,1.605,0,0,0,0
aten::slice,,,0.796,1.793,0,0,0,0
aten::as_strided,,,0.997,0.997,0,0,0,0
aten::copy_,,,23.678,26.462,0,0.62,0,0
aclnnInplaceCopy,,,2.784,2.784,0.62,0.62,0,0
aten::slice,,,0.702,1.598,0,0,0,0
aten::as_strided,,,0.896,0.896,0,0,0,0
aten::copy_,,,11.511,14.119,0,0,0,0
aclnnInplaceCopy,,,2.608,2.608,0,0,0,0
aten::view,,,1.269,1.269,0,0,0,0
vllm::unquantized_gemm,,,73.319,177.036,0,5.34,0,5.34
P13/1025334/00879/linear,,,80.001,103.717,0,5.34,0,5.34
aten::linear,,,1.73,23.716,0,5.34,0,5.34
aten::t,,,2.203,4.75,0,0,0,0
aten::transpose,,,1.069,2.547,0,0,0,0
aten::as_strided,,,1.478,1.478,0,0,0,0
aten::matmul,,,7.539,17.236,0,5.34,0,5.34
empty_tensor,,,3.829,3.829,0,0,0,0
aclnnMatmul,,,5.868,5.868,5.34,5.34,5.34,5.34
vllm::maybe_chunk_residual,,,7.392,7.392,0,0,0,0
_C_ascend::npu_add_rms_norm_bias,,,15.975,28.682,0,1.68,0,0
aten::empty,,,1.057,4.181,0,0,0,0
empty_tensor,,,3.124,3.124,0,0,0,0
aten::empty,,,0.362,1.835,0,0,0,0
empty_tensor,,,1.473,1.473,0,0,0,0
aten::empty,,,0.243,1.133,0,0,0,0
empty_tensor,,,0.89,0.89,0,0,0,0
aten::empty,,,0.41,2.488,0,0,0,0
empty_tensor,,,2.078,2.078,0,0,0,0
aclnnAddRmsNormBias,,,3.07,3.07,1.68,1.68,0,0
vllm::unquantized_gemm,,,69.017,164.028,0,20.021,0,20.021
P13/1025334/00880/linear,,,79.216,95.011,0,20.021,0,20.021
aten::linear,,,1.139,15.795,0,20.021,0,20.021
aten::t,,,1.417,3.424,0,0,0,0
aten::transpose,,,0.688,2.007,0,0,0,0
aten::as_strided,,,1.319,1.319,0,0,0,0
aten::matmul,,,6.409,11.232,0,20.021,0,20.021
empty_tensor,,,2.191,2.191,0,0,0,0
aclnnMatmul,,,2.632,2.632,20.021,20.021,20.021,20.021
npu::npu_swiglu,,,14.017,18.568,0,2.96,0,0
empty_tensor,,,2.042,2.042,0,0,0,0
aclnnSwiGlu,,,2.509,2.509,2.96,2.96,0,0
vllm::unquantized_gemm,,,68.373,160.241,0,16.501,0,16.501
P13/1025334/00881/linear,,,78.419,91.868,0,16.501,0,16.501
aten::linear,,,0.947,13.449,0,16.501,0,16.501
aten::t,,,1.216,3.082,0,0,0,0
aten::transpose,,,0.639,1.866,0,0,0,0
aten::as_strided,,,1.227,1.227,0,0,0,0
aten::matmul,,,4.586,9.42,0,16.501,0,16.501
empty_tensor,,,2.109,2.109,0,0,0,0
aclnnMatmul,,,2.725,2.725,16.501,16.501,16.501,16.501
vllm::maybe_chunk_residual,,,6.745,6.745,0,0,0,0
_C_ascend::npu_add_rms_norm_bias,,,12.559,23.426,0,1.66,0,0
aten::empty,,,0.754,2.881,0,0,0,0
empty_tensor,,,2.127,2.127,0,0,0,0
aten::empty,,,0.231,1.499,0,0,0,0
empty_tensor,,,1.268,1.268,0,0,0,0
aten::empty,,,0.4,1.475,0,0,0,0
empty_tensor,,,1.075,1.075,0,0,0,0
aten::empty,,,0.348,2.002,0,0,0,0
empty_tensor,,,1.654,1.654,0,0,0,0
aclnnAddRmsNormBias,,,3.01,3.01,1.66,1.66,0,0
aten::index,,,7.989,13.617,0,9.18,0,0
empty_tensor,,,1.384,1.384,0,0,0,0
empty_tensor,,,1.455,1.455,0,0,0,0
aclnnIndex,,,2.789,2.789,9.18,9.18,0,0
aten::linear,,,1.182,14.958,0,219.769,0,219.769
aten::t,,,1.215,3.218,0,0,0,0
aten::transpose,,,0.703,2.003,0,0,0,0
aten::as_strided,,,1.3,1.3,0,0,0,0
aten::matmul,,,4.333,10.558,0,219.769,0,219.769
empty_tensor,,,2.213,2.213,0,0,0,0
aclnnMatmul,,,4.012,4.012,219.769,219.769,219.769,219.769
aten::alias,,,1.328,1.328,0,0,0,0
P13/1025334/00882/sample,,,820.287,3636.701,0,405.294,0,0
aten::to,,,0.935,22.544,0,8.22,0,0
aten::_to_copy,,,2.348,21.609,0,8.22,0,0
aten::empty,,,0.735,3.929,0,0,0,0
empty_tensor,,,3.194,3.194,0,0,0,0
aten::copy_,,,5.749,15.332,0,8.22,0,0
aclnnInplaceCopy,,,9.583,9.583,8.22,8.22,0,0
aten::lift_fresh,,,0.304,0.304,0,0,0,0
aten::to,,,0.691,0.691,0,0,0,0
aten::pin_memory,,,1.316,26.303,0,0,0,0
aten::is_pinned,,,10.719,10.719,0,0,0,0
aten::_pin_memory,,,7.969,14.268,0,0,0,0
aten::set_,,,1.455,1.455,0,0,0,0
aten::copy_,,,4.844,4.844,0,0,0,0
aten::to,,,0.543,15.364,0,2.7,0,0
aten::_to_copy,,,1.741,14.821,0,2.7,0,0
aten::empty_strided,,,3.239,4.589,0,0,0,0
empty_tensor,,,1.35,1.35,0,0,0,0
aten::copy_,,,5.031,8.491,0,2.7,0,0
acl_memcpy_host_to_device,,,3.46,3.46,2.7,2.7,0,0
record_event,,,2.164,2.164,0.0,0.0,0,0
aten::eq,,,4.025,6.43,0,2.06,0,0
empty_tensor,,,1.379,1.379,0,0,0,0
aclnnEqScalar,,,1.026,1.026,2.06,2.06,0,0
aten::masked_fill_,,,27.691,29.938,0,116.904,0,0
aclnnInplaceMaskedFillScalar,,,2.247,2.247,116.904,116.904,0,0
aten::zeros,,,1.596,7.411,0,8.641,0,0
empty_tensor,,,1.622,1.622,0,0,0,0
aten::zero_,,,3.451,4.193,0,8.641,0,0
aclnnInplaceZero,,,0.742,0.742,8.641,8.641,0,0
P13/1025334/00883/jit_run,,,503.769,634.905,0,59.422,0,0
P13/1025334/00884/launch,,,126.853,131.136,0,59.422,0,0
token_bin_counts_and_mask_kernel,,,4.283,4.283,59.422,59.422,0,0
aten::gt,,,8.557,17.998,0,25.320999999999998,0,0
empty_tensor,,,3.814,3.814,0,0,0,0
aclnnGtScalar,,,5.627,5.627,25.320999999999998,25.320999999999998,0,0
aten::zeros,,,1.64,8.043,0,2.52,0,0
empty_tensor,,,1.43,1.43,0,0,0,0
aten::zero_,,,2.669,4.973,0,2.52,0,0
aclnnInplaceZero,,,2.304,2.304,2.52,2.52,0,0
P13/1025334/00885/jit_run,,,493.982,624.517,0,67.943,0,0
P13/1025334/00886/launch,,,126.404,130.535,0,67.943,0,0
token_bin_counts_and_mask_kernel,,,4.131,4.131,67.943,67.943,0,0
aten::gt,,,7.728,14.347,0,12.58,0,0
empty_tensor,,,3.811,3.811,0,0,0,0
aclnnGtScalar,,,2.808,2.808,12.58,12.58,0,0
P13/1025334/00887/jit_run,,,580.094,743.957,0,75.763,0,0
P13/1025334/00888/launch,,,159.72,163.863,0,75.763,0,0
apply_all_penalties_kernel,,,4.143,4.143,75.763,75.763,0,0
aten::argmax,,,3.091,22.15,0,19.66,0,0
aten::empty,,,1.116,4.656,0,0,0,0
empty_tensor,,,3.54,3.54,0,0,0,0
aten::argmax,,,8.889,14.403,0,19.66,0,0
aten::reshape,,,0.651,2.702,0,0,0,0
aten::view,,,2.051,2.051,0,0,0,0
aclnnArgMax,,,2.812,2.812,19.66,19.66,0,0
aten::view,,,0.686,0.686,0,0,0,0
aten::to,,,0.407,0.407,0,0,0,0
aten::to,,,0.686,11.369,0,1.38,0,0
aten::_to_copy,,,1.707,10.683,0,1.38,0,0
aten::empty,,,0.383,2.286,0,0,0,0
empty_tensor,,,1.903,1.903,0,0,0,0
aten::copy_,,,4.295,6.69,0,1.38,0,0
aclnnInplaceCopy,,,2.395,2.395,1.38,1.38,0,0
aten::unsqueeze,,,1.101,2.62,0,0,0,0
aten::as_strided,,,1.519,1.519,0,0,0,0
P13/1025334/00889/to_list,,,129.625,620.759,0,2.18,0,0
aten::slice,,,3.918,5.056,0,0,0,0
aten::as_strided,,,1.138,1.138,0,0,0,0
aten::copy_,,,9.48,12.049,0,2.16,0,0
acl_memcpy_device_to_host,,,2.569,2.569,2.16,2.16,0,0
Event::record,,,126.022,293.293,0,0.02,0,0
P13/1025334/00890/event_record,,,156.338,167.271,0,0.02,0,0
record_event,,,10.933,10.933,0.02,0.02,0,0
Event::synchronize,,,111.676,180.215,0,0,0,0
P13/1025334/00891/synchronize,,,68.539,68.539,0,0,0,0
aten::resolve_conj,,,0.412,0.412,0,0,0,0
aten::resolve_neg,,,0.109,0.109,0,0,0,0
aten::slice,,,1.288,3.507,0,0,0,0
aten::as_strided,,,2.219,2.219,0,0,0,0
P13/1025334/00892/runner,,,1277.572,81656.154,0,2407.128,0,1388.464
P13/1025334/00893/prepare,,,1025.509,2598.575,0,159.988,0,0
P13/1025334/00894/buffer_copy,,,99.941,129.58,0,2.7,0,0
aten::slice,,,5.364,8.937,0,0,0,0
aten::as_strided,,,3.573,3.573,0,0,0,0
aten::slice,,,0.753,1.828,0,0,0,0
aten::as_strided,,,1.075,1.075,0,0,0,0
aten::copy_,,,13.978,18.874,0,2.7,0,0
acl_memcpy_host_to_device,,,4.896,4.896,2.7,2.7,0,0
aten::lift_fresh,,,0.353,0.353,0,0,0,0
aten::lift_fresh,,,0.474,0.474,0,0,0,0
aten::flatten,,,1.14,3.484,0,0,0,0
aten::view,,,2.344,2.344,0,0,0,0
aten::slice,,,1.175,1.68,0,0,0,0
aten::as_strided,,,0.505,0.505,0,0,0,0
aten::index_select,,,2.246,2.246,0,0,0,0
P13/1025334/00895/buffer_copy,,,84.959,96.526,0,2.68,0,0
aten::copy_,,,8.223,11.567,0,2.68,0,0
acl_memcpy_host_to_device,,,3.344,3.344,2.68,2.68,0,0
aten::slice,,,1.449,1.832,0,0,0,0
aten::as_strided,,,0.383,0.383,0,0,0,0
aten::lift_fresh,,,1.161,1.161,0,0,0,0
aten::slice,,,0.59,0.76,0,0,0,0
aten::as_strided,,,0.17,0.17,0,0,0,0
aten::add,,,5.285,5.285,0,0,0,0
aten::slice,,,0.528,0.802,0,0,0,0
aten::as_strided,,,0.274,0.274,0,0,0,0
aten::fill_,,,1.805,1.805,0,0,0,0
aten::slice,,,0.97,2.706,0,0,0,0
aten::as_strided,,,1.736,1.736,0,0,0,0
aten::fill_,,,7.966,11.145,0,1.081,0,0
aclnnInplaceFillScalar,,,3.179,3.179,1.081,1.081,0,0
P13/1025334/00896/buffer_copy,,,88.22,100.256,0,2.66,0,0
aten::slice,,,0.977,1.993,0,0,0,0
aten::as_strided,,,1.016,1.016,0,0,0,0
aten::slice,,,0.816,1.091,0,0,0,0
aten::as_strided,,,0.275,0.275,0,0,0,0
aten::copy_,,,6.444,8.952,0,2.66,0,0
acl_memcpy_host_to_device,,,2.508,2.508,2.66,2.66,0,0
aten::slice,,,0.949,1.227,0,0,0,0
aten::as_strided,,,0.278,0.278,0,0,0,0
aten::detach,,,1.353,1.353,0,0,0,0
aten::to,,,0.8,0.8,0,0,0,0
aten::resolve_conj,,,0.337,0.337,0,0,0,0
aten::resolve_neg,,,0.111,0.111,0,0,0,0
P13/1025334/00897/buffer_copy,,,82.036,86.163,0,0,0,0
aten::slice,,,1.226,2.526,0,0,0,0
aten::as_strided,,,1.3,1.3,0,0,0,0
aten::slice,,,0.671,0.978,0,0,0,0
aten::as_strided,,,0.307,0.307,0,0,0,0
aten::copy_,,,0.623,0.623,0,0,0,0
P13/1025334/00898/buffer_copy,,,67.934,81.244,0,2.68,0,0
aten::slice,,,1.057,2.729,0,0,0,0
aten::as_strided,,,1.672,1.672,0,0,0,0
aten::slice,,,0.817,1.219,0,0,0,0
aten::as_strided,,,0.402,0.402,0,0,0,0
aten::copy_,,,6.09,9.362,0,2.68,0,0
acl_memcpy_host_to_device,,,3.272,3.272,2.68,2.68,0,0
aten::fill_,,,5.264,8.514,0,0.9,0,0
aclnnInplaceFillScalar,,,3.25,3.25,0.9,0.9,0,0
aten::slice,,,1.019,1.919,0,0,0,0
aten::as_strided,,,0.9,0.9,0,0,0,0
aten::slice,,,0.648,1.012,0,0,0,0
aten::as_strided,,,0.364,0.364,0,0,0,0
aten::copy_,,,4.186,8.072,0,2.62,0,0
acl_memcpy_host_to_device,,,3.886,3.886,2.62,2.62,0,0
P13/1025334/00899/buffer_copy,,,72.421,92.054,0,2.66,0,0
aten::slice,,,1.084,1.931,0,0,0,0
aten::as_strided,,,0.847,0.847,0,0,0,0
aten::slice,,,0.718,1.011,0,0,0,0
aten::as_strided,,,0.293,0.293,0,0,0,0
aten::copy_,,,4.606,16.691,0,2.66,0,0
acl_memcpy_host_to_device,,,12.085,12.085,2.66,2.66,0,0
aten::slice,,,0.836,1.541,0,0,0,0
aten::as_strided,,,0.705,0.705,0,0,0,0
P13/1025334/00900/buffer_copy,,,70.53,80.456,0,2.68,0,0
aten::slice,,,0.935,1.747,0,0,0,0
aten::as_strided,,,0.812,0.812,0,0,0,0
aten::slice,,,0.496,0.754,0,0,0,0
aten::as_strided,,,0.258,0.258,0,0,0,0
aten::copy_,,,4.805,7.425,0,2.68,0,0
acl_memcpy_host_to_device,,,2.62,2.62,2.68,2.68,0,0
P13/1025334/00901/buffer_copy,,,65.043,75.585,0,2.661,0,0
aten::slice,,,1.335,2.872,0,0,0,0
aten::as_strided,,,1.537,1.537,0,0,0,0
aten::slice,,,0.543,0.83,0,0,0,0
aten::as_strided,,,0.287,0.287,0,0,0,0
aten::copy_,,,4.55,6.84,0,2.661,0,0
acl_memcpy_host_to_device,,,2.29,2.29,2.661,2.661,0,0
aten::slice,,,0.78,1.518,0,0,0,0
aten::as_strided,,,0.738,0.738,0,0,0,0
aten::index,,,8.836,17.862,0,9.381,0,0
empty_tensor,,,2.976,2.976,0,0,0,0
empty_tensor,,,3.37,3.37,0,0,0,0
aclnnIndex,,,2.68,2.68,9.381,9.381,0,0
aten::to,,,0.782,11.216,0,0.88,0,0
aten::_to_copy,,,2.111,10.434,0,0.88,0,0
aten::empty,,,0.797,2.619,0,0,0,0
empty_tensor,,,1.822,1.822,0,0,0,0
aten::copy_,,,3.739,5.704,0,0.88,0,0
aclnnInplaceCopy,,,1.965,1.965,0.88,0.88,0,0
aten::slice,,,0.736,1.327,0,0,0,0
aten::as_strided,,,0.591,0.591,0,0,0,0
aten::add,,,4.902,7.612,0,2.52,0,0
empty_tensor,,,1.098,1.098,0,0,0,0
aclnnAdd,,,1.612,1.612,2.52,2.52,0,0
aten::slice,,,0.985,1.673,0,0,0,0
aten::as_strided,,,0.688,0.688,0,0,0,0
aten::copy_,,,22.97,25.184,0,0.54,0,0
aclnnInplaceCopy,,,2.214,2.214,0.54,0.54,0,0
aten::slice,,,0.796,1.237,0,0,0,0
aten::as_strided,,,0.441,0.441,0,0,0,0
aten::add,,,3.182,13.104,0,1.16,0,0
empty_tensor,,,0.927,0.927,0,0,0,0
aclnnAdd,,,8.995,8.995,1.16,1.16,0,0
aten::copy_,,,6.685,8.155,0,0.62,0,0
aclnnInplaceCopy,,,1.47,1.47,0.62,0.62,0,0
aten::slice,,,0.771,1.22,0,0,0,0
aten::as_strided,,,0.449,0.449,0,0,0,0
aten::fill_,,,2.634,4.111,0,0,0,0
aclnnInplaceFillScalar,,,1.477,1.477,0,0,0,0
aten::slice,,,0.685,1.07,0,0,0,0
aten::as_strided,,,0.385,0.385,0,0,0,0
aten::slice,,,0.526,0.83,0,0,0,0
aten::as_strided,,,0.304,0.304,0,0,0,0
P13/1025334/00902/jit_run,,,510.825,655.649,0,120.325,0,0
P13/1025334/00903/launch,,,140.659,144.824,0,120.325,0,0
_compute_slot_mapping_kernel,,,4.165,4.165,120.325,120.325,0,0
aten::slice,,,2.591,4.347,0,0,0,0
aten::as_strided,,,1.756,1.756,0,0,0,0
aten::sub,,,8.111,16.468,0,1.24,0,0
empty_tensor,,,4.138,4.138,0,0,0,0
aten::item,,,0.814,1.41,0,0,0,0
aten::_local_scalar_dense,,,0.596,0.596,0,0,0,0
aclnnSubs,,,2.809,2.809,1.24,1.24,0,0
aten::detach,,,1.362,1.362,0,0,0,0
aten::to,,,0.826,0.826,0,0,0,0
aten::resolve_conj,,,0.337,0.337,0,0,0,0
aten::resolve_neg,,,0.147,0.147,0,0,0,0
aten::slice,,,1.595,2.879,0,0,0,0
aten::as_strided,,,1.284,1.284,0,0,0,0
aten::slice,,,0.838,1.677,0,0,0,0
aten::as_strided,,,0.839,0.839,0,0,0,0
aten::slice,,,0.613,1.292,0,0,0,0
aten::as_strided,,,0.679,0.679,0,0,0,0
aten::slice,,,0.888,1.324,0,0,0,0
aten::as_strided,,,0.436,0.436,0,0,0,0
aten::fill_,,,4.598,10.72,0,0,0,0
aclnnInplaceFillScalar,,,6.122,6.122,0,0,0,0
aten::slice,,,0.679,1.38,0,0,0,0
aten::as_strided,,,0.701,0.701,0,0,0,0
aten::fill_,,,1.774,3.842,0,0,0,0
aclnnInplaceFillScalar,,,2.068,2.068,0,0,0,0
aten::slice,,,0.78,1.115,0,0,0,0
aten::as_strided,,,0.335,0.335,0,0,0,0
aten::slice,,,0.873,1.132,0,0,0,0
aten::as_strided,,,0.259,0.259,0,0,0,0
aten::lt,,,5.593,5.593,0,0,0,0
aten::lift_fresh,,,0.237,0.237,0,0,0,0
aten::slice,,,0.323,0.68,0,0,0,0
aten::as_strided,,,0.357,0.357,0,0,0,0
aten::fill_,,,0.866,3.572,0,0,0,0
aten::copy_,,,2.706,2.706,0,0,0,0
aten::slice,,,0.718,0.965,0,0,0,0
aten::as_strided,,,0.247,0.247,0,0,0,0
aten::slice,,,0.717,1.167,0,0,0,0
aten::as_strided,,,0.45,0.45,0,0,0,0
aten::slice,,,0.426,0.662,0,0,0,0
aten::as_strided,,,0.236,0.236,0,0,0,0
aten::slice,,,1.156,1.681,0,0,0,0
aten::as_strided,,,0.525,0.525,0,0,0,0
aten::slice,,,0.655,0.896,0,0,0,0
aten::as_strided,,,0.241,0.241,0,0,0,0
aten::slice,,,0.755,1.703,0,0,0,0
aten::as_strided,,,0.948,0.948,0,0,0,0
aten::slice,,,0.893,1.257,0,0,0,0
aten::as_strided,,,0.364,0.364,0,0,0,0
aten::slice,,,0.608,0.802,0,0,0,0
aten::as_strided,,,0.194,0.194,0,0,0,0
aten::slice,,,0.629,1.121,0,0,0,0
aten::as_strided,,,0.492,0.492,0,0,0,0
aten::pin_memory,,,0.937,9.514,0,0,0,0
aten::is_pinned,,,8.577,8.577,0,0,0,0
aten::to,,,0.944,17.051,0,2.68,0,0
aten::_to_copy,,,2.148,16.107,0,2.68,0,0
aten::empty_strided,,,4.088,6.078,0,0,0,0
empty_tensor,,,1.99,1.99,0,0,0,0
aten::copy_,,,5.096,7.881,0,2.68,0,0
acl_memcpy_host_to_device,,,2.785,2.785,2.68,2.68,0,0
aten::resolve_conj,,,0.168,0.168,0,0,0,0
aten::resolve_neg,,,0.22,0.22,0,0,0,0
aten::slice,,,0.72,1.042,0,0,0,0
aten::as_strided,,,0.322,0.322,0,0,0,0
aten::resolve_conj,,,0.055,0.055,0,0,0,0
aten::resolve_neg,,,0.153,0.153,0,0,0,0
aten::slice,,,0.643,1.084,0,0,0,0
aten::as_strided,,,0.441,0.441,0,0,0,0
aten::slice,,,0.589,0.919,0,0,0,0
aten::as_strided,,,0.33,0.33,0,0,0,0
aten::index_select,,,7.205,19.723,0,2.44,0,0
empty_tensor,,,2.519,2.519,0,0,0,0
aclnnIndexSelect,,,9.999,9.999,2.44,2.44,0,0
aten::view,,,1.463,1.463,0,0,0,0
aten::repeat,,,3.508,6.398,0,1.74,0,0
empty_tensor,,,1.275,1.275,0,0,0,0
aclnnRepeat,,,1.615,1.615,1.74,1.74,0,0
aten::chunk,,,1.387,6.851,0,0,0,0
aten::split,,,1.256,5.464,0,0,0,0
aten::narrow,,,1.828,3.066,0,0,0,0
aten::slice,,,0.41,1.238,0,0,0,0
aten::as_strided,,,0.828,0.828,0,0,0,0
aten::narrow,,,0.365,1.142,0,0,0,0
aten::slice,,,0.331,0.777,0,0,0,0
aten::as_strided,,,0.446,0.446,0,0,0,0
aten::slice,,,0.742,1.469,0,0,0,0
aten::as_strided,,,0.727,0.727,0,0,0,0
aten::view,,,0.62,0.62,0,0,0,0
aten::expand,,,1.031,1.61,0,0,0,0
aten::as_strided,,,0.579,0.579,0,0,0,0
aten::copy_,,,24.35,27.874,0,0.5,0,0
aclnnInplaceCopy,,,3.524,3.524,0.5,0.5,0,0
aten::index_select,,,3.778,6.77,0,2.101,0,0
empty_tensor,,,1.293,1.293,0,0,0,0
aclnnIndexSelect,,,1.699,1.699,2.101,2.101,0,0
aten::view,,,0.644,0.644,0,0,0,0
aten::repeat,,,1.993,4.483,0,1.9,0,0
empty_tensor,,,1.062,1.062,0,0,0,0
aclnnRepeat,,,1.428,1.428,1.9,1.9,0,0
aten::chunk,,,0.465,3.62,0,0,0,0
aten::split,,,0.581,3.155,0,0,0,0
aten::narrow,,,0.405,1.452,0,0,0,0
aten::slice,,,0.365,1.047,0,0,0,0
aten::as_strided,,,0.682,0.682,0,0,0,0
aten::narrow,,,0.314,1.122,0,0,0,0
aten::slice,,,0.333,0.808,0,0,0,0
aten::as_strided,,,0.475,0.475,0,0,0,0
aten::slice,,,0.682,1.077,0,0,0,0
aten::as_strided,,,0.395,0.395,0,0,0,0
aten::view,,,0.344,0.344,0,0,0,0
aten::expand,,,0.819,1.28,0,0,0,0
aten::as_strided,,,0.461,0.461,0,0,0,0
aten::copy_,,,7.558,9.844,0,0.5,0,0
aclnnInplaceCopy,,,2.286,2.286,0.5,0.5,0,0
aten::slice,,,0.607,0.961,0,0,0,0
aten::as_strided,,,0.354,0.354,0,0,0,0
aten::slice,,,0.499,0.758,0,0,0,0
aten::as_strided,,,0.259,0.259,0,0,0,0
P13/1025334/00904/forward,,,10829.689,77576.847,0,2006.67,0,1168.275
aten::to,,,0.918,18.699,0,1.16,0,0
aten::_to_copy,,,2.467,17.781,0,1.16,0,0
aten::empty,,,1.226,5.452,0,0,0,0
empty_tensor,,,4.226,4.226,0,0,0,0
aten::copy_,,,6.492,9.862,0,1.16,0,0
aclnnInplaceCopy,,,3.37,3.37,1.16,1.16,0,0
aten::embedding,,,3.824,14.691,0,10.101,0,0
empty_tensor,,,2.071,2.071,0,0,0,0
aclnnEmbedding,,,8.796,8.796,10.101,10.101,0,0
vllm::maybe_pad_and_reduce,,,15.513,15.513,0,0,0,0
npu::npu_rms_norm,,,21.76,27.281,0,5.06,0,0
empty_tensor,,,2.067,2.067,0,0,0,0
empty_tensor,,,1.069,1.069,0,0,0,0
aclnnRmsNorm,,,2.385,2.385,5.06,5.06,0,0
vllm::unquantized_gemm,,,85.407,219.362,0,8.1,0,6.96
P13/1025334/00905/linear,,,109.222,133.955,0,8.1,0,6.96
aten::linear,,,1.956,24.733,0,8.1,0,6.96
aten::t,,,2.317,6.063,0,0,0,0
aten::transpose,,,1.662,3.746,0,0,0,0
aten::as_strided,,,2.084,2.084,0,0,0,0
aten::addmm,,,9.347,16.714,0,8.1,0,6.96
empty_tensor,,,2.717,2.717,0,0,0,0
aclnnAddmm,,,4.65,4.65,8.1,8.1,6.96,6.96
aten::split_with_sizes,,,1.934,3.909,0,0,0,0
aten::as_strided,,,1.293,1.293,0,0,0,0
aten::as_strided,,,0.312,0.312,0,0,0,0
aten::as_strided,,,0.37,0.37,0,0,0,0
vllm::npu_rotary_embedding,,,169.137,869.728,0,3.0,0,0
aten::view,,,1.472,1.472,0,0,0,0
aten::view,,,0.469,0.469,0,0,0,0
P13/1025334/00906/jit_run,,,541.794,695.771,0,3.0,0,0
P13/1025334/00907/launch,,,149.699,153.977,0,3.0,0,0
_triton_rope,,,4.278,4.278,3.0,3.0,0,0
aten::view,,,2.269,2.269,0,0,0,0
aten::view,,,0.61,0.61,0,0,0,0
aten::empty,,,1.276,5.791,0,0,0,0
empty_tensor,,,4.515,4.515,0,0,0,0
aten::view,,,0.815,0.815,0,0,0,0
aten::view,,,0.501,0.501,0,0,0,0
aten::view,,,0.54,0.54,0,0,0,0
aten::view,,,0.457,0.457,0,0,0,0
vllm::unified_attention_with_output,,,152.56,1340.516,0,26.061,0,0
P13/1025334/00908/attention,,,287.861,1187.956,0,26.061,0,0
aten::slice,,,1.336,2.773,0,0,0,0
aten::as_strided,,,1.437,1.437,0,0,0,0
aten::slice,,,0.476,0.932,0,0,0,0
aten::as_strided,,,0.456,0.456,0,0,0,0
aten::slice,,,2.379,3.092,0,0,0,0
aten::as_strided,,,0.713,0.713,0,0,0,0
P13/1025334/00909/cache_write,,,312.265,431.112,0,2.26,0,0
P13/1025334/00910/torch_api,,,96.111,118.847,0,2.26,0,0
atb::_npu_reshape_and_cache,,,18.357,22.736,0,2.26,0,0
ReshapeCacheOperation,,,4.379,4.379,2.26,2.26,0,0
P13/1025334/00911/fia,,,243.515,446.909,0,23.801,0,0
aten::view,,,3.877,3.877,0,0,0,0
aten::view,,,1.035,1.035,0,0,0,0
aten::slice,,,1.009,2.246,0,0,0,0
aten::as_strided,,,1.237,1.237,0,0,0,0
P13/1025334/00912/torch_api,,,110.932,166.519,0,23.241,0,0
npu::npu_fused_infer_attention_score,,,43.895,55.587,0,23.241,0,0
empty_tensor,,,5.052,5.052,0,0,0,0
empty_tensor,,,1.175,1.175,0,0,0,0
empty_tensor,,,0.904,0.904,0,0,0,0
empty_tensor,,,1.068,1.068,0,0,0,0
aclnnFusedInferAttentionScoreV3,,,3.493,3.493,23.241,23.241,0,0
aten::view,,,1.53,1.53,0,0,0,0
aten::slice,,,0.76,1.818,0,0,0,0
aten::as_strided,,,1.058,1.058,0,0,0,0
aten::copy_,,,23.579,26.369,0,0.56,0,0
aclnnInplaceCopy,,,2.79,2.79,0.56,0.56,0,0
aten::slice,,,0.647,1.593,0,0,0,0
aten::as_strided,,,0.946,0.946,0,0,0,0
aten::copy_,,,11.035,13.684,0,0,0,0
aclnnInplaceCopy,,,2.649,2.649,0,0,0,0
aten::view,,,1.26,1.26,0,0,0,0
vllm::unquantized_gemm,,,73.35,184.287,0,5.38,0,5.38
P13/1025334/00913/linear,,,82.368,110.937,0,5.38,0,5.38
aten::linear,,,1.751,28.569,0,5.38,0,5.38
aten::t,,,2.259,4.93,0,0,0,0
aten::transpose,,,1.216,2.671,0,0,0,0
aten::as_strided,,,1.455,1.455,0,0,0,0
aten::matmul,,,8.425,21.888,0,5.38,0,5.38
empty_tensor,,,3.877,3.877,0,0,0,0
aclnnMatmul,,,9.586,9.586,5.38,5.38,5.38,5.38
vllm::maybe_chunk_residual,,,7.893,7.893,0,0,0,0
_C_ascend::npu_add_rms_norm_bias,,,15.97,28.955,0,2.22,0,0
aten::empty,,,1.039,4.022,0,0,0,0
empty_tensor,,,2.983,2.983,0,0,0,0
aten::empty,,,0.369,1.724,0,0,0,0
empty_tensor,,,1.355,1.355,0,0,0,0
aten::empty,,,0.395,1.182,0,0,0,0
empty_tensor,,,0.787,0.787,0,0,0,0
aten::empty,,,0.377,2.71,0,0,0,0
empty_tensor,,,2.333,2.333,0,0,0,0
aclnnAddRmsNormBias,,,3.347,3.347,2.22,2.22,0,0
vllm::unquantized_gemm,,,73.674,175.591,0,19.8,0,19.8
P13/1025334/00914/linear,,,85.426,101.917,0,19.8,0,19.8
aten::linear,,,1.277,16.491,0,19.8,0,19.8
aten::t,,,1.597,4.019,0,0,0,0
aten::transpose,,,0.9,2.422,0,0,0,0
aten::as_strided,,,1.522,1.522,0,0,0,0
aten::matmul,,,6.216,11.195,0,19.8,0,19.8
empty_tensor,,,2.282,2.282,0,0,0,0
aclnnMatmul,,,2.697,2.697,19.8,19.8,19.8,19.8
npu::npu_swiglu,,,14.38,19.114,0,4.12,0,0
empty_tensor,,,2.012,2.012,0,0,0,0
aclnnSwiGlu,,,2.722,2.722,4.12,4.12,0,0
vllm::unquantized_gemm,,,65.219,153.178,0,16.381,0,16.381
P13/1025334/00915/linear,,,73.72,87.959,0,16.381,0,16.381
aten::linear,,,1.362,14.239,0,16.381,0,16.381
aten::t,,,1.642,3.526,0,0,0,0
aten::transpose,,,0.612,1.884,0,0,0,0
aten::as_strided,,,1.272,1.272,0,0,0,0
aten::matmul,,,4.83,9.351,0,16.381,0,16.381
empty_tensor,,,1.889,1.889,0,0,0,0
aclnnMatmul,,,2.632,2.632,16.381,16.381,16.381,16.381
vllm::maybe_chunk_residual,,,7.076,7.076,0,0,0,0
_C_ascend::npu_add_rms_norm_bias,,,14.481,27.728,0,1.66,0,0
aten::empty,,,0.915,3.897,0,0,0,0
empty_tensor,,,2.982,2.982,0,0,0,0
aten::empty,,,0.376,1.788,0,0,0,0
empty_tensor,,,1.412,1.412,0,0,0,0
aten::empty,,,0.554,1.984,0,0,0,0
empty_tensor,,,1.43,1.43,0,0,0,0
aten::empty,,,0.432,2.57,0,0,0,0
empty_tensor,,,2.138,2.138,0,0,0,0
aclnnAddRmsNormBias,,,3.008,3.008,1.66,1.66,0,0
vllm::unquantized_gemm,,,82.012,180.281,0,8.540000000000001,0,7.44
P13/1025334/00916/linear,,,80.108,98.269,0,8.540000000000001,0,7.44
aten::linear,,,1.366,18.161,0,8.540000000000001,0,7.44
aten::t,,,1.236,3.107,0,0,0,0
aten::transpose,,,0.628,1.871,0,0,0,0
aten::as_strided,,,1.243,1.243,0,0,0,0
aten::addmm,,,8.372,13.688,0,8.540000000000001,0,7.44
empty_tensor,,,2.171,2.171,0,0,0,0
aclnnAddmm,,,3.145,3.145,8.540000000000001,8.540000000000001,7.44,7.44
aten::split_with_sizes,,,1.935,3.592,0,0,0,0
aten::as_strided,,,1.188,1.188,0,0,0,0
aten::as_strided,,,0.271,0.271,0,0,0,0
aten::as_strided,,,0.198,0.198,0,0,0,0
vllm::npu_rotary_embedding,,,169.414,883.632,0,2.92,0,0
aten::view,,,1.289,1.289,0,0,0,0
aten::view,,,0.529,0.529,0,0,0,0
P13/1025334/00917/jit_run,,,542.263,709.204,0,2.92,0,0
P13/1025334/00918/launch,,,156.087,166.941,0,2.92,0,0
_triton_rope,,,10.854,10.854,2.92,2.92,0,0
aten::view,,,2.598,2.598,0,0,0,0
aten::view,,,0.598,0.598,0,0,0,0
aten::empty,,,1.124,6.265,0,0,0,0
empty_tensor,,,5.141,5.141,0,0,0,0
aten::view,,,0.897,0.897,0,0,0,0
aten::view,,,0.684,0.684,0,0,0,0
aten::view,,,0.618,0.618,0,0,0,0
aten::view,,,0.659,0.659,0,0,0,0
vllm::unified_attention_with_output,,,97.698,1117.248,0,21.701,0,0
P13/1025334/00919/attention,,,293.982,1019.55,0,21.701,0,0
aten::slice,,,1.502,2.8,0,0,0,0
aten::as_strided,,,1.298,1.298,0,0,0,0
aten::slice,,,0.482,0.85,0,0,0,0
aten::as_strided,,,0.368,0.368,0,0,0,0
aten::slice,,,2.468,3.298,0,0,0,0
aten::as_strided,,,0.83,0.83,0,0,0,0
P13/1025334/00920/cache_write,,,149.145,260.858,0,1.64,0,0
P13/1025334/00921/torch_api,,,84.202,111.713,0,1.64,0,0
atb::_npu_reshape_and_cache,,,23.744,27.511,0,1.64,0,0
ReshapeCacheOperation,,,3.767,3.767,1.64,1.64,0,0
P13/1025334/00922/fia,,,236.306,442.608,0,20.061,0,0
aten::view,,,3.274,3.274,0,0,0,0
aten::view,,,0.888,0.888,0,0,0,0
aten::slice,,,0.797,1.861,0,0,0,0
aten::as_strided,,,1.064,1.064,0,0,0,0
P13/1025334/00923/torch_api,,,111.088,169.75,0,19.441,0,0
npu::npu_fused_infer_attention_score,,,45.36,58.662,0,19.441,0,0
empty_tensor,,,4.724,4.724,0,0,0,0
empty_tensor,,,1.47,1.47,0,0,0,0
empty_tensor,,,0.952,0.952,0,0,0,0
empty_tensor,,,1.16,1.16,0,0,0,0
aclnnFusedInferAttentionScoreV3,,,4.996,4.996,19.441,19.441,0,0
aten::view,,,1.682,1.682,0,0,0,0
aten::slice,,,0.723,1.805,0,0,0,0
aten::as_strided,,,1.082,1.082,0,0,0,0
aten::copy_,,,23.918,27.042,0,0.62,0,0
aclnnInplaceCopy,,,3.124,3.124,0.62,0.62,0,0
aten::slice,,,0.669,1.615,0,0,0,0
aten::as_strided,,,0.946,0.946,0,0,0,0
aten::copy_,,,10.811,13.539,0,0,0,0
aclnnInplaceCopy,,,2.728,2.728,0,0,0,0
aten::view,,,1.312,1.312,0,0,0,0
vllm::unquantized_gemm,,,70.888,168.325,0,5.68,0,5.68
P13/1025334/00924/linear,,,76.688,97.437,0,5.68,0,5.68
aten::linear,,,1.681,20.749,0,5.68,0,5.68
aten::t,,,2.145,4.753,0,0,0,0
aten::transpose,,,1.147,2.608,0,0,0,0
aten::as_strided,,,1.461,1.461,0,0,0,0
aten::matmul,,,7.579,14.315,0,5.68,0,5.68
empty_tensor,,,3.933,3.933,0,0,0,0
aclnnMatmul,,,2.803,2.803,5.68,5.68,5.68,5.68
vllm::maybe_chunk_residual,,,7.495,7.495,0,0,0,0
_C_ascend::npu_add_rms_norm_bias,,,15.224,29.168,0,1.7,0,0
aten::empty,,,0.968,3.681,0,0,0,0
empty_tensor,,,2.713,2.713,0,0,0,0
aten::empty,,,0.305,1.569,0,0,0,0
empty_tensor,,,1.264,1.264,0,0,0,0
aten::empty,,,0.416,1.541,0,0,0,0
empty_tensor,,,1.125,1.125,0,0,0,0
aten::empty,,,0.487,3.766,0,0,0,0
empty_tensor,,,3.279,3.279,0,0,0,0
aclnnAddRmsNormBias,,,3.387,3.387,1.7,1.7,0,0
vllm::unquantized_gemm,,,75.038,183.312,0,20.28,0,20.28
P13/1025334/00925/linear,,,92.424,108.274,0,20.28,0,20.28
aten::linear,,,1.234,15.85,0,20.28,0,20.28
aten::t,,,1.491,3.989,0,0,0,0
aten::transpose,,,0.766,2.498,0,0,0,0
aten::as_strided,,,1.732,1.732,0,0,0,0
aten::matmul,,,5.512,10.627,0,20.28,0,20.28
empty_tensor,,,2.495,2.495,0,0,0,0
aclnnMatmul,,,2.62,2.62,20.28,20.28,20.28,20.28
npu::npu_swiglu,,,14.309,25.646,0,3.04,0,0
empty_tensor,,,2.216,2.216,0,0,0,0
aclnnSwiGlu,,,9.121,9.121,3.04,3.04,0,0
vllm::unquantized_gemm,,,72.381,166.228,0,16.561,0,16.561
P13/1025334/00926/linear,,,78.604,93.847,0,16.561,0,16.561
aten::linear,,,1.0,15.243,0,16.561,0,16.561
aten::t,,,1.233,3.403,0,0,0,0
aten::transpose,,,0.719,2.17,0,0,0,0
aten::as_strided,,,1.451,1.451,0,0,0,0
aten::matmul,,,6.137,10.84,0,16.561,0,16.561
empty_tensor,,,2.04,2.04,0,0,0,0
aclnnMatmul,,,2.663,2.663,16.561,16.561,16.561,16.561
vllm::maybe_chunk_residual,,,7.164,7.164,0,0,0,0
_C_ascend::npu_add_rms_norm_bias,,,12.903,24.276,0,1.66,0,0
aten::empty,,,0.747,2.995,0,0,0,0
empty_tensor,,,2.248,2.248,0,0,0,0
aten::empty,,,0.255,1.251,0,0,0,0
empty_tensor,,,0.996,0.996,0,0,0,0
aten::empty,,,0.445,1.477,0,0,0,0
empty_tensor,,,1.032,1.032,0,0,0,0
aten::empty,,,0.614,2.709,0,0,0,0
empty_tensor,,,2.095,2.095,0,0,0,0
aclnnAddRmsNormBias,,,2.941,2.941,1.66,1.66,0,0
vllm::unquantized_gemm,,,72.159,170.893,0,8.280000000000001,0,7.24
P13/1025334/00927/linear,,,81.413,98.734,0,8.280000000000001,0,7.24
aten::linear,,,1.349,17.321,0,8.280000000000001,0,7.24
aten::t,,,1.127,3.156,0,0,0,0
aten::transpose,,,0.736,2.029,0,0,0,0
aten::as_strided,,,1.293,1.293,0,0,0,0
aten::addmm,,,7.932,12.816,0,8.280000000000001,0,7.24
empty_tensor,,,2.177,2.177,0,0,0,0
aclnnAddmm,,,2.707,2.707,8.280000000000001,8.280000000000001,7.24,7.24
aten::split_with_sizes,,,1.794,3.571,0,0,0,0
aten::as_strided,,,1.155,1.155,0,0,0,0
aten::as_strided,,,0.277,0.277,0,0,0,0
aten::as_strided,,,0.345,0.345,0,0,0,0
vllm::npu_rotary_embedding,,,171.846,887.806,0,2.82,0,0
aten::view,,,1.448,1.448,0,0,0,0
aten::view,,,1.445,1.445,0,0,0,0
P13/1025334/00928/jit_run,,,552.421,709.635,0,2.82,0,0
P13/1025334/00929/launch,,,152.242,157.214,0,2.82,0,0
_triton_rope,,,4.972,4.972,2.82,2.82,0,0
aten::view,,,2.837,2.837,0,0,0,0
aten::view,,,0.595,0.595,0,0,0,0
aten::empty,,,1.185,6.435,0,0,0,0
empty_tensor,,,5.25,5.25,0,0,0,0
aten::view,,,1.017,1.017,0,0,0,0
aten::view,,,0.642,0.642,0,0,0,0
aten::view,,,0.651,0.651,0,0,0,0
aten::view,,,0.648,0.648,0,0,0,0
vllm::unified_attention_with_output,,,96.109,1101.213,0,25.419999999999998,0,0
P13/1025334/00930/attention,,,289.779,1005.104,0,25.419999999999998,0,0
aten::slice,,,1.487,2.978,0,0,0,0
aten::as_strided,,,1.491,1.491,0,0,0,0
aten::slice,,,1.38,1.845,0,0,0,0
aten::as_strided,,,0.465,0.465,0,0,0,0
aten::slice,,,2.78,3.79,0,0,0,0
aten::as_strided,,,1.01,1.01,0,0,0,0
P13/1025334/00931/cache_write,,,150.172,253.118,0,1.98,0,0
P13/1025334/00932/torch_api,,,82.066,102.946,0,1.98,0,0
atb::_npu_reshape_and_cache,,,16.942,20.88,0,1.98,0,0
ReshapeCacheOperation,,,3.938,3.938,1.98,1.98,0,0
P13/1025334/00933/fia,,,237.463,438.071,0,23.439999999999998,0,0
aten::view,,,3.039,3.039,0,0,0,0
aten::view,,,0.94,0.94,0,0,0,0
aten::slice,,,0.815,1.886,0,0,0,0
aten::as_strided,,,1.071,1.071,0,0,0,0
P13/1025334/00934/torch_api,,,106.489,160.091,0,22.88,0,0
npu::npu_fused_infer_attention_score,,,41.876,53.602,0,22.88,0,0
empty_tensor,,,4.764,4.764,0,0,0,0
empty_tensor,,,1.339,1.339,0,0,0,0
empty_tensor,,,1.178,1.178,0,0,0,0
empty_tensor,,,1.043,1.043,0,0,0,0
aclnnFusedInferAttentionScoreV3,,,3.402,3.402,22.88,22.88,0,0
aten::view,,,1.531,1.531,0,0,0,0
aten::slice,,,0.723,1.744,0,0,0,0
aten::as_strided,,,1.021,1.021,0,0,0,0
aten::copy_,,,23.36,31.377,0,0.56,0,0
aclnnInplaceCopy,,,8.017,8.017,0.56,0.56,0,0
aten::slice,,,0.595,1.619,0,0,0,0
aten::as_strided,,,1.024,1.024,0,0,0,0
aten::copy_,,,11.178,13.904,0,0,0,0
aclnnInplaceCopy,,,2.726,2.726,0,0,0,0
aten::view,,,1.204,1.204,0,0,0,0
vllm::unquantized_gemm,,,69.269,165.946,0,5.38,0,5.38
P13/1025334/00935/linear,,,75.741,96.677,0,5.38,0,5.38
aten::linear,,,1.835,20.936,0,5.38,0,5.38
aten::t,,,2.308,4.852,0,0,0,0
aten::transpose,,,1.053,2.544,0,0,0,0
aten::as_strided,,,1.491,1.491,0,0,0,0
aten::matmul,,,7.42,14.249,0,5.38,0,5.38
empty_tensor,,,3.966,3.966,0,0,0,0
aclnnMatmul,,,2.863,2.863,5.38,5.38,5.38,5.38
vllm::maybe_chunk_residual,,,7.729,7.729,0,0,0,0
_C_ascend::npu_add_rms_norm_bias,,,15.922,28.81,0,1.64,0,0
aten::empty,,,0.967,3.85,0,0,0,0
empty_tensor,,,2.883,2.883,0,0,0,0
aten::empty,,,0.413,1.808,0,0,0,0
empty_tensor,,,1.395,1.395,0,0,0,0
aten::empty,,,0.208,1.353,0,0,0,0
empty_tensor,,,1.145,1.145,0,0,0,0
aten::empty,,,0.433,2.584,0,0,0,0
empty_tensor,,,2.151,2.151,0,0,0,0
aclnnAddRmsNormBias,,,3.293,3.293,1.64,1.64,0,0
vllm::unquantized_gemm,,,75.329,186.969,0,20.2,0,20.2
P13/1025334/00936/linear,,,93.796,111.64,0,20.2,0,20.2
aten::linear,,,1.433,17.844,0,20.2,0,20.2
aten::t,,,1.543,3.886,0,0,0,0
aten::transpose,,,0.83,2.343,0,0,0,0
aten::as_strided,,,1.513,1.513,0,0,0,0
aten::matmul,,,5.753,12.525,0,20.2,0,20.2
empty_tensor,,,2.628,2.628,0,0,0,0
aclnnMatmul,,,4.144,4.144,20.2,20.2,20.2,20.2
npu::npu_swiglu,,,14.449,18.989,0,3.0,0,0
empty_tensor,,,2.234,2.234,0,0,0,0
aclnnSwiGlu,,,2.306,2.306,3.0,3.0,0,0
vllm::unquantized_gemm,,,69.726,160.639,0,16.3,0,16.3
P13/1025334/00937/linear,,,77.531,90.913,0,16.3,0,16.3
aten::linear,,,1.151,13.382,0,16.3,0,16.3
aten::t,,,1.144,3.104,0,0,0,0
aten::transpose,,,0.614,1.96,0,0,0,0
aten::as_strided,,,1.346,1.346,0,0,0,0
aten::matmul,,,4.45,9.127,0,16.3,0,16.3
empty_tensor,,,2.147,2.147,0,0,0,0
aclnnMatmul,,,2.53,2.53,16.3,16.3,16.3,16.3
vllm::maybe_chunk_residual,,,6.957,6.957,0,0,0,0
_C_ascend::npu_add_rms_norm_bias,,,12.674,26.723,0,1.68,0,0
aten::empty,,,0.735,2.951,0,0,0,0
empty_tensor,,,2.216,2.216,0,0,0,0
aten::empty,,,0.285,1.191,0,0,0,0
empty_tensor,,,0.906,0.906,0,0,0,0
aten::empty,,,0.222,1.296,0,0,0,0
empty_tensor,,,1.074,1.074,0,0,0,0
aten::empty,,,0.498,2.467,0,0,0,0
empty_tensor,,,1.969,1.969,0,0,0,0
aclnnAddRmsNormBias,,,6.144,6.144,1.68,1.68,0,0
vllm::unquantized_gemm,,,75.117,176.282,0,8.06,0,6.94
P13/1025334/00938/linear,,,83.71,101.165,0,8.06,0,6.94
aten::linear,,,1.45,17.455,0,8.06,0,6.94
aten::t,,,1.243,3.306,0,0,0,0
aten::transpose,,,0.705,2.063,0,0,0,0
aten::as_strided,,,1.358,1.358,0,0,0,0
aten::addmm,,,7.814,12.699,0,8.06,0,6.94
empty_tensor,,,2.16,2.16,0,0,0,0
aclnnAddmm,,,2.725,2.725,8.06,8.06,6.94,6.94
aten::split_with_sizes,,,1.923,3.566,0,0,0,0
aten::as_strided,,,1.096,1.096,0,0,0,0
aten::as_strided,,,0.247,0.247,0,0,0,0
aten::as_strided,,,0.3,0.3,0,0,0,0
vllm::npu_rotary_embedding,,,164.569,860.01,0,3.04,0,0
aten::view,,,1.313,1.313,0,0,0,0
aten::view,,,1.223,1.223,0,0,0,0
P13/1025334/00939/jit_run,,,535.642,689.939,0,3.04,0,0
P13/1025334/00940/launch,,,149.109,154.297,0,3.04,0,0
_triton_rope,,,5.188,5.188,3.04,3.04,0,0
aten::view,,,2.462,2.462,0,0,0,0
aten::view,,,0.504,0.504,0,0,0,0
aten::empty,,,1.013,5.319,0,0,0,0
empty_tensor,,,4.306,4.306,0,0,0,0
aten::view,,,0.927,0.927,0,0,0,0
aten::view,,,0.548,0.548,0,0,0,0
aten::view,,,0.565,0.565,0,0,0,0
aten::view,,,0.527,0.527,0,0,0,0
vllm::unified_attention_with_output,,,97.936,1161.453,0,22.862000000000002,0,0
P13/1025334/00941/attention,,,294.594,1063.517,0,22.862000000000002,0,0
aten::slice,,,1.654,3.193,0,0,0,0
aten::as_strided,,,1.539,1.539,0,0,0,0
aten::slice,,,0.542,1.103,0,0,0,0
aten::as_strided,,,0.561,0.561,0,0,0,0
aten::slice,,,2.578,3.56,0,0,0,0
aten::as_strided,,,0.982,0.982,0,0,0,0
P13/1025334/00942/cache_write,,,144.756,255.431,0,1.701,0,0
P13/1025334/00943/torch_api,,,82.466,110.675,0,1.701,0,0
atb::_npu_reshape_and_cache,,,24.529,28.209,0,1.701,0,0
ReshapeCacheOperation,,,3.68,3.68,1.701,1.701,0,0
P13/1025334/00944/fia,,,273.42,489.645,0,21.161,0,0
aten::view,,,3.8,3.8,0,0,0,0
aten::view,,,0.999,0.999,0,0,0,0
aten::slice,,,1.486,2.682,0,0,0,0
aten::as_strided,,,1.196,1.196,0,0,0,0
P13/1025334/00945/torch_api,,,124.556,178.978,0,20.541,0,0
npu::npu_fused_infer_attention_score,,,42.169,54.422,0,20.541,0,0
empty_tensor,,,5.472,5.472,0,0,0,0
empty_tensor,,,1.504,1.504,0,0,0,0
empty_tensor,,,1.232,1.232,0,0,0,0
empty_tensor,,,0.717,0.717,0,0,0,0
aclnnFusedInferAttentionScoreV3,,,3.328,3.328,20.541,20.541,0,0
aten::view,,,1.559,1.559,0,0,0,0
aten::slice,,,0.756,1.831,0,0,0,0
aten::as_strided,,,1.075,1.075,0,0,0,0
aten::copy_,,,23.742,26.376,0,0.62,0,0
aclnnInplaceCopy,,,2.634,2.634,0.62,0.62,0,0
aten::slice,,,0.995,2.123,0,0,0,0
aten::as_strided,,,1.128,1.128,0,0,0,0
aten::copy_,,,11.322,13.868,0,0,0,0
aclnnInplaceCopy,,,2.546,2.546,0,0,0,0
aten::view,,,1.355,1.355,0,0,0,0
vllm::unquantized_gemm,,,71.34,168.79,0,5.4,0,5.4
P13/1025334/00946/linear,,,76.674,97.45,0,5.4,0,5.4
aten::linear,,,1.9,20.776,0,5.4,0,5.4
aten::t,,,2.318,4.94,0,0,0,0
aten::transpose,,,1.18,2.622,0,0,0,0
aten::as_strided,,,1.442,1.442,0,0,0,0
aten::matmul,,,7.284,13.936,0,5.4,0,5.4
empty_tensor,,,3.818,3.818,0,0,0,0
aclnnMatmul,,,2.834,2.834,5.4,5.4,5.4,5.4
vllm::maybe_chunk_residual,,,7.546,7.546,0,0,0,0
_C_ascend::npu_add_rms_norm_bias,,,16.306,35.841,0,1.68,0,0
aten::empty,,,1.074,4.007,0,0,0,0
empty_tensor,,,2.933,2.933,0,0,0,0
aten::empty,,,0.27,1.668,0,0,0,0
empty_tensor,,,1.398,1.398,0,0,0,0
aten::empty,,,0.348,3.774,0,0,0,0
empty_tensor,,,3.426,3.426,0,0,0,0
aten::empty,,,0.592,3.115,0,0,0,0
empty_tensor,,,2.523,2.523,0,0,0,0
aclnnAddRmsNormBias,,,6.971,6.971,1.68,1.68,0,0
vllm::unquantized_gemm,,,68.16,164.382,0,19.861,0,19.861
P13/1025334/00947/linear,,,79.656,96.222,0,19.861,0,19.861
aten::linear,,,1.461,16.566,0,19.861,0,19.861
aten::t,,,1.617,4.037,0,0,0,0
aten::transpose,,,0.832,2.42,0,0,0,0
aten::as_strided,,,1.588,1.588,0,0,0,0
aten::matmul,,,6.174,11.068,0,19.861,0,19.861
empty_tensor,,,2.272,2.272,0,0,0,0
aclnnMatmul,,,2.622,2.622,19.861,19.861,19.861,19.861
npu::npu_swiglu,,,14.603,19.513,0,2.92,0,0
empty_tensor,,,2.097,2.097,0,0,0,0
aclnnSwiGlu,,,2.813,2.813,2.92,2.92,0,0
vllm::unquantized_gemm,,,66.985,158.173,0,16.461,0,16.461
P13/1025334/00948/linear,,,77.472,91.188,0,16.461,0,16.461
aten::linear,,,1.046,13.716,0,16.461,0,16.461
aten::t,,,1.337,3.287,0,0,0,0
aten::transpose,,,0.698,1.95,0,0,0,0
aten::as_strided,,,1.252,1.252,0,0,0,0
aten::matmul,,,4.836,9.383,0,16.461,0,16.461
empty_tensor,,,1.931,1.931,0,0,0,0
aclnnMatmul,,,2.616,2.616,16.461,16.461,16.461,16.461
vllm::maybe_chunk_residual,,,7.185,7.185,0,0,0,0
_C_ascend::npu_add_rms_norm_bias,,,12.905,25.528,0,1.68,0,0
aten::empty,,,0.754,3.03,0,0,0,0
empty_tensor,,,2.276,2.276,0,0,0,0
aten::empty,,,0.251,1.61,0,0,0,0
empty_tensor,,,1.359,1.359,0,0,0,0
aten::empty,,,0.351,1.506,0,0,0,0
empty_tensor,,,1.155,1.155,0,0,0,0
aten::empty,,,1.142,3.187,0,0,0,0
empty_tensor,,,2.045,2.045,0,0,0,0
aclnnAddRmsNormBias,,,3.29,3.29,1.68,1.68,0,0
vllm::unquantized_gemm,,,75.618,184.739,0,8.24,0,7.16
P13/1025334/00949/linear,,,89.305,109.121,0,8.24,0,7.16
aten::linear,,,1.52,19.816,0,8.24,0,7.16
aten::t,,,1.251,3.317,0,0,0,0
aten::transpose,,,0.767,2.066,0,0,0,0
aten::as_strided,,,1.299,1.299,0,0,0,0
aten::addmm,,,8.048,14.979,0,8.24,0,7.16
empty_tensor,,,2.185,2.185,0,0,0,0
aclnnAddmm,,,4.746,4.746,8.24,8.24,7.16,7.16
aten::split_with_sizes,,,1.848,3.459,0,0,0,0
aten::as_strided,,,1.123,1.123,0,0,0,0
aten::as_strided,,,0.253,0.253,0,0,0,0
aten::as_strided,,,0.235,0.235,0,0,0,0
vllm::npu_rotary_embedding,,,168.956,855.863,0,2.861,0,0
aten::view,,,1.341,1.341,0,0,0,0
aten::view,,,0.583,0.583,0,0,0,0
P13/1025334/00950/jit_run,,,535.538,681.984,0,2.861,0,0
P13/1025334/00951/launch,,,142.135,146.446,0,2.861,0,0
_triton_rope,,,4.311,4.311,2.861,2.861,0,0
aten::view,,,2.429,2.429,0,0,0,0
aten::view,,,0.57,0.57,0,0,0,0
aten::empty,,,1.068,5.712,0,0,0,0
empty_tensor,,,4.644,4.644,0,0,0,0
aten::view,,,0.84,0.84,0,0,0,0
aten::view,,,0.545,0.545,0,0,0,0
aten::view,,,0.522,0.522,0,0,0,0
aten::view,,,0.501,0.501,0,0,0,0
vllm::unified_attention_with_output,,,98.523,1116.219,0,23.481,0,0
P13/1025334/00952/attention,,,292.645,1017.696,0,23.481,0,0
aten::slice,,,1.416,2.958,0,0,0,0
aten::as_strided,,,1.542,1.542,0,0,0,0
aten::slice,,,0.386,0.747,0,0,0,0
aten::as_strided,,,0.361,0.361,0,0,0,0
aten::slice,,,2.372,3.272,0,0,0,0
aten::as_strided,,,0.9,0.9,0,0,0,0
P13/1025334/00953/cache_write,,,149.503,257.168,0,2.42,0,0
P13/1025334/00954/torch_api,,,81.954,107.665,0,2.42,0,0
atb::_npu_reshape_and_cache,,,22.031,25.711,0,2.42,0,0
ReshapeCacheOperation,,,3.68,3.68,2.42,2.42,0,0
P13/1025334/00955/fia,,,239.132,445.267,0,21.061,0,0
aten::view,,,3.187,3.187,0,0,0,0
aten::view,,,0.961,0.961,0,0,0,0
aten::slice,,,0.78,1.72,0,0,0,0
aten::as_strided,,,0.94,0.94,0,0,0,0
P13/1025334/00956/torch_api,,,110.056,168.332,0,20.481,0,0
npu::npu_fused_infer_attention_score,,,41.366,58.276,0,20.481,0,0
empty_tensor,,,4.388,4.388,0,0,0,0
empty_tensor,,,1.203,1.203,0,0,0,0
empty_tensor,,,0.834,0.834,0,0,0,0
empty_tensor,,,0.755,0.755,0,0,0,0
aclnnFusedInferAttentionScoreV3,,,9.73,9.73,20.481,20.481,0,0
aten::view,,,1.816,1.816,0,0,0,0
aten::slice,,,0.944,3.028,0,0,0,0
aten::as_strided,,,2.084,2.084,0,0,0,0
aten::copy_,,,24.367,27.091,0,0.58,0,0
aclnnInplaceCopy,,,2.724,2.724,0.58,0.58,0,0
aten::slice,,,0.64,1.668,0,0,0,0
aten::as_strided,,,1.028,1.028,0,0,0,0
aten::copy_,,,11.337,13.971,0,0,0,0
aclnnInplaceCopy,,,2.634,2.634,0,0,0,0
aten::view,,,1.207,1.207,0,0,0,0
vllm::unquantized_gemm,,,87.534,183.441,0,5.66,0,5.66
P13/1025334/00957/linear,,,75.106,95.907,0,5.66,0,5.66
aten::linear,,,1.78,20.801,0,5.66,0,5.66
aten::t,,,2.29,4.969,0,0,0,0
aten::transpose,,,1.192,2.679,0,0,0,0
aten::as_strided,,,1.487,1.487,0,0,0,0
aten::matmul,,,7.488,14.052,0,5.66,0,5.66
empty_tensor,,,3.805,3.805,0,0,0,0
aclnnMatmul,,,2.759,2.759,5.66,5.66,5.66,5.66
vllm::maybe_chunk_residual,,,7.662,7.662,0,0,0,0
_C_ascend::npu_add_rms_norm_bias,,,16.241,30.186,0,1.76,0,0
aten::empty,,,1.131,4.635,0,0,0,0
empty_tensor,,,3.504,3.504,0,0,0,0
aten::empty,,,0.376,1.75,0,0,0,0
empty_tensor,,,1.374,1.374,0,0,0,0
aten::empty,,,0.371,1.63,0,0,0,0
empty_tensor,,,1.259,1.259,0,0,0,0
aten::empty,,,0.491,2.838,0,0,0,0
empty_tensor,,,2.347,2.347,0,0,0,0
aclnnAddRmsNormBias,,,3.092,3.092,1.76,1.76,0,0
vllm::unquantized_gemm,,,74.254,175.383,0,19.521,0,19.521
P13/1025334/00958/linear,,,83.868,101.129,0,19.521,0,19.521
aten::linear,,,1.469,17.261,0,19.521,0,19.521
aten::t,,,1.658,4.301,0,0,0,0
aten::transpose,,,0.918,2.643,0,0,0,0
aten::as_strided,,,1.725,1.725,0,0,0,0
aten::matmul,,,6.161,11.491,0,19.521,0,19.521
empty_tensor,,,2.459,2.459,0,0,0,0
aclnnMatmul,,,2.871,2.871,19.521,19.521,19.521,19.521
npu::npu_swiglu,,,14.918,20.014,0,3.02,0,0
empty_tensor,,,2.552,2.552,0,0,0,0
aclnnSwiGlu,,,2.544,2.544,3.02,3.02,0,0
vllm::unquantized_gemm,,,66.758,156.901,0,16.561,0,16.561
P13/1025334/00959/linear,,,74.549,90.143,0,16.561,0,16.561
aten::linear,,,0.986,15.594,0,16.561,0,16.561
aten::t,,,1.065,2.94,0,0,0,0
aten::transpose,,,0.635,1.875,0,0,0,0
aten::as_strided,,,1.24,1.24,0,0,0,0
aten::matmul,,,4.447,11.668,0,16.561,0,16.561
empty_tensor,,,1.862,1.862,0,0,0,0
aclnnMatmul,,,5.359,5.359,16.561,16.561,16.561,16.561
vllm::maybe_chunk_residual,,,7.001,7.001,0,0,0,0
_C_ascend::npu_add_rms_norm_bias,,,12.153,23.243,0,1.72,0,0
aten::empty,,,0.668,3.021,0,0,0,0
empty_tensor,,,2.353,2.353,0,0,0,0
aten::empty,,,0.262,1.313,0,0,0,0
empty_tensor,,,1.051,1.051,0,0,0,0
aten::empty,,,0.482,1.397,0,0,0,0
empty_tensor,,,0.915,0.915,0,0,0,0
aten::empty,,,0.487,2.187,0,0,0,0
empty_tensor,,,1.7,1.7,0,0,0,0
aclnnAddRmsNormBias,,,3.172,3.172,1.72,1.72,0,0
vllm::unquantized_gemm,,,71.223,174.043,0,8.04,0,6.8
P13/1025334/00960/linear,,,83.979,102.82,0,8.04,0,6.8
aten::linear,,,1.373,18.841,0,8.04,0,6.8
aten::t,,,1.398,3.5,0,0,0,0
aten::transpose,,,0.658,2.102,0,0,0,0
aten::as_strided,,,1.444,1.444,0,0,0,0
aten::addmm,,,8.217,13.968,0,8.04,0,6.8
empty_tensor,,,2.347,2.347,0,0,0,0
aclnnAddmm,,,3.404,3.404,8.04,8.04,6.8,6.8
aten::split_with_sizes,,,1.888,3.53,0,0,0,0
aten::as_strided,,,1.159,1.159,0,0,0,0
aten::as_strided,,,0.249,0.249,0,0,0,0
aten::as_strided,,,0.234,0.234,0,0,0,0
vllm::npu_rotary_embedding,,,170.539,872.457,0,2.88,0,0
aten::view,,,1.376,1.376,0,0,0,0
aten::view,,,0.512,0.512,0,0,0,0
P13/1025334/00961/jit_run,,,541.472,697.049,0,2.88,0,0
P13/1025334/00962/launch,,,150.694,155.577,0,2.88,0,0
_triton_rope,,,4.883,4.883,2.88,2.88,0,0
aten::view,,,2.44,2.44,0,0,0,0
aten::view,,,0.541,0.541,0,0,0,0
aten::empty,,,1.082,5.509,0,0,0,0
empty_tensor,,,4.427,4.427,0,0,0,0
aten::view,,,0.929,0.929,0,0,0,0
aten::view,,,0.743,0.743,0,0,0,0
aten::view,,,0.667,0.667,0,0,0,0
aten::view,,,0.553,0.553,0,0,0,0
vllm::unified_attention_with_output,,,97.822,1111.457,0,21.101,0,0
P13/1025334/00963/attention,,,292.436,1013.635,0,21.101,0,0
aten::slice,,,1.43,2.735,0,0,0,0
aten::as_strided,,,1.305,1.305,0,0,0,0
aten::slice,,,0.465,0.782,0,0,0,0
aten::as_strided,,,0.317,0.317,0,0,0,0
aten::slice,,,2.508,3.421,0,0,0,0
aten::as_strided,,,0.913,0.913,0,0,0,0
P13/1025334/00964/cache_write,,,149.338,262.314,0,2.021,0,0
P13/1025334/00965/torch_api,,,82.851,112.976,0,2.021,0,0
atb::_npu_reshape_and_cache,,,25.279,30.125,0,2.021,0,0
ReshapeCacheOperation,,,4.846,4.846,2.021,2.021,0,0
P13/1025334/00966/fia,,,237.46,436.896,0,19.080000000000002,0,0
aten::view,,,3.484,3.484,0,0,0,0
aten::view,,,0.955,0.955,0,0,0,0
aten::slice,,,0.933,1.973,0,0,0,0
aten::as_strided,,,1.04,1.04,0,0,0,0
P13/1025334/00967/torch_api,,,108.762,163.274,0,18.46,0,0
npu::npu_fused_infer_attention_score,,,41.371,54.512,0,18.46,0,0
empty_tensor,,,4.74,4.74,0,0,0,0
empty_tensor,,,1.256,1.256,0,0,0,0
empty_tensor,,,1.061,1.061,0,0,0,0
empty_tensor,,,0.723,0.723,0,0,0,0
aclnnFusedInferAttentionScoreV3,,,5.361,5.361,18.46,18.46,0,0
aten::view,,,1.542,1.542,0,0,0,0
aten::slice,,,0.779,1.815,0,0,0,0
aten::as_strided,,,1.036,1.036,0,0,0,0
aten::copy_,,,23.493,26.393,0,0.62,0,0
aclnnInplaceCopy,,,2.9,2.9,0.62,0.62,0,0
aten::slice,,,0.612,1.586,0,0,0,0
aten::as_strided,,,0.974,0.974,0,0,0,0
aten::copy_,,,10.79,13.465,0,0,0,0
aclnnInplaceCopy,,,2.675,2.675,0,0,0,0
aten::view,,,1.318,1.318,0,0,0,0
vllm::unquantized_gemm,,,70.988,174.601,0,5.481,0,5.481
P13/1025334/00968/linear,,,76.609,103.613,0,5.481,0,5.481
aten::linear,,,1.644,27.004,0,5.481,0,5.481
aten::t,,,2.079,4.66,0,0,0,0
aten::transpose,,,1.141,2.581,0,0,0,0
aten::as_strided,,,1.44,1.44,0,0,0,0
aten::matmul,,,7.567,20.7,0,5.481,0,5.481
empty_tensor,,,3.767,3.767,0,0,0,0
aclnnMatmul,,,9.366,9.366,5.481,5.481,5.481,5.481
vllm::maybe_chunk_residual,,,7.875,7.875,0,0,0,0
_C_ascend::npu_add_rms_norm_bias,,,16.043,30.015,0,1.72,0,0
aten::empty,,,1.074,4.166,0,0,0,0
empty_tensor,,,3.092,3.092,0,0,0,0
aten::empty,,,1.126,2.431,0,0,0,0
empty_tensor,,,1.305,1.305,0,0,0,0
aten::empty,,,0.244,1.202,0,0,0,0
empty_tensor,,,0.958,0.958,0,0,0,0
aten::empty,,,0.458,2.861,0,0,0,0
empty_tensor,,,2.403,2.403,0,0,0,0
aclnnAddRmsNormBias,,,3.312,3.312,1.72,1.72,0,0
vllm::unquantized_gemm,,,81.556,194.212,0,20.22,0,20.22
P13/1025334/00969/linear,,,94.969,112.656,0,20.22,0,20.22
aten::linear,,,1.364,17.687,0,20.22,0,20.22
aten::t,,,1.688,4.375,0,0,0,0
aten::transpose,,,0.982,2.687,0,0,0,0
aten::as_strided,,,1.705,1.705,0,0,0,0
aten::matmul,,,6.646,11.948,0,20.22,0,20.22
empty_tensor,,,2.602,2.602,0,0,0,0
aclnnMatmul,,,2.7,2.7,20.22,20.22,20.22,20.22
npu::npu_swiglu,,,15.219,19.929,0,2.901,0,0
empty_tensor,,,2.147,2.147,0,0,0,0
aclnnSwiGlu,,,2.563,2.563,2.901,2.901,0,0
vllm::unquantized_gemm,,,72.032,182.042,0,16.241,0,16.241
P13/1025334/00970/linear,,,96.222,110.01,0,16.241,0,16.241
aten::linear,,,0.983,13.788,0,16.241,0,16.241
aten::t,,,1.206,3.241,0,0,0,0
aten::transpose,,,0.642,2.035,0,0,0,0
aten::as_strided,,,1.393,1.393,0,0,0,0
aten::matmul,,,4.938,9.564,0,16.241,0,16.241
empty_tensor,,,2.061,2.061,0,0,0,0
aclnnMatmul,,,2.565,2.565,16.241,16.241,16.241,16.241
vllm::maybe_chunk_residual,,,7.072,7.072,0,0,0,0
_C_ascend::npu_add_rms_norm_bias,,,13.182,24.746,0,1.7,0,0
aten::empty,,,0.702,2.925,0,0,0,0
empty_tensor,,,2.223,2.223,0,0,0,0
aten::empty,,,0.246,2.007,0,0,0,0
empty_tensor,,,1.761,1.761,0,0,0,0
aten::empty,,,0.314,1.373,0,0,0,0
empty_tensor,,,1.059,1.059,0,0,0,0
aten::empty,,,0.366,2.476,0,0,0,0
empty_tensor,,,2.11,2.11,0,0,0,0
aclnnAddRmsNormBias,,,2.783,2.783,1.7,1.7,0,0
vllm::unquantized_gemm,,,78.56,179.915,0,7.920999999999999,0,6.821
P13/1025334/00971/linear,,,83.634,101.355,0,7.920999999999999,0,6.821
aten::linear,,,1.687,17.721,0,7.920999999999999,0,6.821
aten::t,,,1.131,3.261,0,0,0,0
aten::transpose,,,0.761,2.13,0,0,0,0
aten::as_strided,,,1.369,1.369,0,0,0,0
aten::addmm,,,8.195,12.773,0,7.920999999999999,0,6.821
empty_tensor,,,2.215,2.215,0,0,0,0
aclnnAddmm,,,2.363,2.363,7.920999999999999,7.920999999999999,6.821,6.821
aten::split_with_sizes,,,2.01,4.05,0,0,0,0
aten::as_strided,,,1.136,1.136,0,0,0,0
aten::as_strided,,,0.43,0.43,0,0,0,0
aten::as_strided,,,0.474,0.474,0,0,0,0
vllm::npu_rotary_embedding,,,166.409,870.221,0,3.18,0,0
aten::view,,,1.531,1.531,0,0,0,0
aten::view,,,0.616,0.616,0,0,0,0
P13/1025334/00972/jit_run,,,544.093,698.369,0,3.18,0,0
P13/1025334/00973/launch,,,147.064,154.276,0,3.18,0,0
_triton_rope,,,7.212,7.212,3.18,3.18,0,0
aten::view,,,2.706,2.706,0,0,0,0
aten::view,,,0.59,0.59,0,0,0,0
aten::empty,,,1.111,5.529,0,0,0,0
empty_tensor,,,4.418,4.418,0,0,0,0
aten::view,,,0.903,0.903,0,0,0,0
aten::view,,,2.993,2.993,0,0,0,0
aten::view,,,0.697,0.697,0,0,0,0
aten::view,,,0.637,0.637,0,0,0,0
vllm::unified_attention_with_output,,,96.412,1101.684,0,24.821,0,0
P13/1025334/00974/attention,,,295.624,1005.272,0,24.821,0,0
aten::slice,,,1.56,3.021,0,0,0,0
aten::as_strided,,,1.461,1.461,0,0,0,0
aten::slice,,,0.446,0.971,0,0,0,0
aten::as_strided,,,0.525,0.525,0,0,0,0
aten::slice,,,2.552,3.368,0,0,0,0
aten::as_strided,,,0.816,0.816,0,0,0,0
P13/1025334/00975/cache_write,,,143.975,247.838,0,2.4,0,0
P13/1025334/00976/torch_api,,,79.673,103.863,0,2.4,0,0
atb::_npu_reshape_and_cache,,,20.546,24.19,0,2.4,0,0
ReshapeCacheOperation,,,3.644,3.644,2.4,2.4,0,0
P13/1025334/00977/fia,,,239.676,438.972,0,22.421,0,0
aten::view,,,3.065,3.065,0,0,0,0
aten::view,,,1.071,1.071,0,0,0,0
aten::slice,,,0.749,1.752,0,0,0,0
aten::as_strided,,,1.003,1.003,0,0,0,0
P13/1025334/00978/torch_api,,,107.923,163.289,0,21.861,0,0
npu::npu_fused_infer_attention_score,,,41.493,55.366,0,21.861,0,0
empty_tensor,,,4.635,4.635,0,0,0,0
empty_tensor,,,1.168,1.168,0,0,0,0
empty_tensor,,,0.865,0.865,0,0,0,0
empty_tensor,,,1.798,1.798,0,0,0,0
aclnnFusedInferAttentionScoreV3,,,5.407,5.407,21.861,21.861,0,0
aten::view,,,1.559,1.559,0,0,0,0
aten::slice,,,0.912,2.039,0,0,0,0
aten::as_strided,,,1.127,1.127,0,0,0,0
aten::copy_,,,23.775,26.521,0,0.56,0,0
aclnnInplaceCopy,,,2.746,2.746,0.56,0.56,0,0
aten::slice,,,0.634,1.614,0,0,0,0
aten::as_strided,,,0.98,0.98,0,0,0,0
aten::copy_,,,10.996,13.864,0,0,0,0
aclnnInplaceCopy,,,2.868,2.868,0,0,0,0
aten::view,,,1.247,1.247,0,0,0,0
vllm::unquantized_gemm,,,76.158,175.304,0,5.6,0,5.6
P13/1025334/00979/linear,,,78.81,99.146,0,5.6,0,5.6
aten::linear,,,1.75,20.336,0,5.6,0,5.6
aten::t,,,2.058,4.725,0,0,0,0
aten::transpose,,,1.209,2.667,0,0,0,0
aten::as_strided,,,1.458,1.458,0,0,0,0
aten::matmul,,,7.35,13.861,0,5.6,0,5.6
empty_tensor,,,3.872,3.872,0,0,0,0
aclnnMatmul,,,2.639,2.639,5.6,5.6,5.6,5.6
vllm::maybe_chunk_residual,,,7.772,7.772,0,0,0,0
_C_ascend::npu_add_rms_norm_bias,,,15.763,29.212,0,1.8,0,0
aten::empty,,,1.04,3.979,0,0,0,0
empty_tensor,,,2.939,2.939,0,0,0,0
aten::empty,,,0.279,1.235,0,0,0,0
empty_tensor,,,0.956,0.956,0,0,0,0
aten::empty,,,0.567,1.7,0,0,0,0
empty_tensor,,,1.133,1.133,0,0,0,0
aten::empty,,,0.426,3.119,0,0,0,0
empty_tensor,,,2.693,2.693,0,0,0,0
aclnnAddRmsNormBias,,,3.416,3.416,1.8,1.8,0,0
vllm::unquantized_gemm,,,68.763,166.841,0,19.54,0,19.54
P13/1025334/00980/linear,,,79.428,98.078,0,19.54,0,19.54
aten::linear,,,1.447,18.65,0,19.54,0,19.54
aten::t,,,1.489,3.88,0,0,0,0
aten::transpose,,,0.798,2.391,0,0,0,0
aten::as_strided,,,1.593,1.593,0,0,0,0
aten::matmul,,,6.791,13.323,0,19.54,0,19.54
empty_tensor,,,2.407,2.407,0,0,0,0
aclnnMatmul,,,4.125,4.125,19.54,19.54,19.54,19.54
npu::npu_swiglu,,,15.193,30.276,0,2.98,0,0
empty_tensor,,,2.029,2.029,0,0,0,0
aclnnSwiGlu,,,13.054,13.054,2.98,2.98,0,0
vllm::unquantized_gemm,,,66.286,154.951,0,16.421,0,16.421
P13/1025334/00981/linear,,,74.311,88.665,0,16.421,0,16.421
aten::linear,,,0.982,14.354,0,16.421,0,16.421
aten::t,,,1.297,3.26,0,0,0,0
aten::transpose,,,0.695,1.963,0,0,0,0
aten::as_strided,,,1.268,1.268,0,0,0,0
aten::matmul,,,4.986,10.112,0,16.421,0,16.421
empty_tensor,,,2.254,2.254,0,0,0,0
aclnnMatmul,,,2.872,2.872,16.421,16.421,16.421,16.421
vllm::maybe_chunk_residual,,,6.927,6.927,0,0,0,0
_C_ascend::npu_add_rms_norm_bias,,,12.704,23.79,0,1.76,0,0
aten::empty,,,0.692,2.873,0,0,0,0
empty_tensor,,,2.181,2.181,0,0,0,0
aten::empty,,,0.279,1.258,0,0,0,0
empty_tensor,,,0.979,0.979,0,0,0,0
aten::empty,,,0.443,1.678,0,0,0,0
empty_tensor,,,1.235,1.235,0,0,0,0
aten::empty,,,0.418,2.518,0,0,0,0
empty_tensor,,,2.1,2.1,0,0,0,0
aclnnAddRmsNormBias,,,2.759,2.759,1.76,1.76,0,0
vllm::unquantized_gemm,,,78.338,191.945,0,8.54,0,7.38
P13/1025334/00982/linear,,,91.443,113.607,0,8.54,0,7.38
aten::linear,,,1.61,22.164,0,8.54,0,7.38
aten::t,,,1.267,3.314,0,0,0,0
aten::transpose,,,0.708,2.047,0,0,0,0
aten::as_strided,,,1.339,1.339,0,0,0,0
aten::addmm,,,10.25,17.24,0,8.54,0,7.38
empty_tensor,,,3.289,3.289,0,0,0,0
aclnnAddmm,,,3.701,3.701,8.54,8.54,7.38,7.38
aten::split_with_sizes,,,2.03,3.813,0,0,0,0
aten::as_strided,,,1.121,1.121,0,0,0,0
aten::as_strided,,,0.243,0.243,0,0,0,0
aten::as_strided,,,0.419,0.419,0,0,0,0
vllm::npu_rotary_embedding,,,168.938,1034.453,0,2.8,0,0
aten::view,,,1.332,1.332,0,0,0,0
aten::view,,,0.55,0.55,0,0,0,0
P13/1025334/00983/jit_run,,,541.29,859.495,0,2.8,0,0
P13/1025334/00984/launch,,,312.87,318.205,0,2.8,0,0
_triton_rope,,,5.335,5.335,2.8,2.8,0,0
aten::view,,,3.499,3.499,0,0,0,0
aten::view,,,0.639,0.639,0,0,0,0
aten::empty,,,1.4,6.939,0,0,0,0
empty_tensor,,,5.539,5.539,0,0,0,0
aten::view,,,0.787,0.787,0,0,0,0
aten::view,,,0.614,0.614,0,0,0,0
aten::view,,,0.666,0.666,0,0,0,0
aten::view,,,0.52,0.52,0,0,0,0
vllm::unified_attention_with_output,,,102.932,1103.449,0,23.141000000000002,0,0
P13/1025334/00985/attention,,,296.339,1000.517,0,23.141000000000002,0,0
aten::slice,,,1.522,3.203,0,0,0,0
aten::as_strided,,,1.681,1.681,0,0,0,0
aten::slice,,,0.345,0.749,0,0,0,0
aten::as_strided,,,0.404,0.404,0,0,0,0
aten::slice,,,2.736,3.551,0,0,0,0
aten::as_strided,,,0.815,0.815,0,0,0,0
P13/1025334/00986/cache_write,,,147.947,254.401,0,1.84,0,0
P13/1025334/00987/torch_api,,,84.576,106.454,0,1.84,0,0
atb::_npu_reshape_and_cache,,,17.758,21.878,0,1.84,0,0
ReshapeCacheOperation,,,4.12,4.12,1.84,1.84,0,0
P13/1025334/00988/fia,,,229.759,426.592,0,21.301000000000002,0,0
aten::view,,,2.959,2.959,0,0,0,0
aten::view,,,1.055,1.055,0,0,0,0
aten::slice,,,0.685,1.731,0,0,0,0
aten::as_strided,,,1.046,1.046,0,0,0,0
P13/1025334/00989/torch_api,,,104.3,157.895,0,20.681,0,0
npu::npu_fused_infer_attention_score,,,42.518,53.595,0,20.681,0,0
empty_tensor,,,4.788,4.788,0,0,0,0
empty_tensor,,,1.261,1.261,0,0,0,0
empty_tensor,,,0.789,0.789,0,0,0,0
empty_tensor,,,0.774,0.774,0,0,0,0
aclnnFusedInferAttentionScoreV3,,,3.465,3.465,20.681,20.681,0,0
aten::view,,,1.497,1.497,0,0,0,0
aten::slice,,,0.701,1.788,0,0,0,0
aten::as_strided,,,1.087,1.087,0,0,0,0
aten::copy_,,,23.752,29.908,0,0.62,0,0
aclnnInplaceCopy,,,6.156,6.156,0.62,0.62,0,0
aten::slice,,,0.683,1.739,0,0,0,0
aten::as_strided,,,1.056,1.056,0,0,0,0
aten::copy_,,,11.433,13.943,0,0,0,0
aclnnInplaceCopy,,,2.51,2.51,0,0,0,0
aten::view,,,1.255,1.255,0,0,0,0
vllm::unquantized_gemm,,,73.041,174.092,0,5.68,0,5.68
P13/1025334/00990/linear,,,79.294,101.051,0,5.68,0,5.68
aten::linear,,,1.85,21.757,0,5.68,0,5.68
aten::t,,,2.112,4.785,0,0,0,0
aten::transpose,,,1.117,2.673,0,0,0,0
aten::as_strided,,,1.556,1.556,0,0,0,0
aten::matmul,,,8.383,15.122,0,5.68,0,5.68
empty_tensor,,,3.97,3.97,0,0,0,0
aclnnMatmul,,,2.769,2.769,5.68,5.68,5.68,5.68
vllm::maybe_chunk_residual,,,7.638,7.638,0,0,0,0
_C_ascend::npu_add_rms_norm_bias,,,15.996,29.002,0,1.68,0,0
aten::empty,,,0.992,3.957,0,0,0,0
empty_tensor,,,2.965,2.965,0,0,0,0
aten::empty,,,0.281,1.358,0,0,0,0
empty_tensor,,,1.077,1.077,0,0,0,0
aten::empty,,,0.416,1.363,0,0,0,0
empty_tensor,,,0.947,0.947,0,0,0,0
aten::empty,,,0.486,2.967,0,0,0,0
empty_tensor,,,2.481,2.481,0,0,0,0
aclnnAddRmsNormBias,,,3.361,3.361,1.68,1.68,0,0
vllm::unquantized_gemm,,,73.459,166.298,0,19.62,0,19.62
P13/1025334/00991/linear,,,77.581,92.839,0,19.62,0,19.62
aten::linear,,,1.234,15.258,0,19.62,0,19.62
aten::t,,,1.612,3.708,0,0,0,0
aten::transpose,,,0.689,2.096,0,0,0,0
aten::as_strided,,,1.407,1.407,0,0,0,0
aten::matmul,,,5.538,10.316,0,19.62,0,19.62
empty_tensor,,,2.098,2.098,0,0,0,0
aclnnMatmul,,,2.68,2.68,19.62,19.62,19.62,19.62
npu::npu_swiglu,,,14.665,19.332,0,2.94,0,0
empty_tensor,,,1.901,1.901,0,0,0,0
aclnnSwiGlu,,,2.766,2.766,2.94,2.94,0,0
vllm::unquantized_gemm,,,66.166,152.016,0,16.601,0,16.601
P13/1025334/00992/linear,,,71.983,85.85,0,16.601,0,16.601
aten::linear,,,1.155,13.867,0,16.601,0,16.601
aten::t,,,1.126,2.914,0,0,0,0
aten::transpose,,,0.657,1.788,0,0,0,0
aten::as_strided,,,1.131,1.131,0,0,0,0
aten::matmul,,,5.343,9.798,0,16.601,0,16.601
empty_tensor,,,1.99,1.99,0,0,0,0
aclnnMatmul,,,2.465,2.465,16.601,16.601,16.601,16.601
vllm::maybe_chunk_residual,,,6.941,6.941,0,0,0,0
_C_ascend::npu_add_rms_norm_bias,,,12.788,27.143,0,1.74,0,0
aten::empty,,,0.661,2.921,0,0,0,0
empty_tensor,,,2.26,2.26,0,0,0,0
aten::empty,,,0.264,1.417,0,0,0,0
empty_tensor,,,1.153,1.153,0,0,0,0
aten::empty,,,0.453,1.187,0,0,0,0
empty_tensor,,,0.734,0.734,0,0,0,0
aten::empty,,,0.383,2.105,0,0,0,0
empty_tensor,,,1.722,1.722,0,0,0,0
aclnnAddRmsNormBias,,,6.725,6.725,1.74,1.74,0,0
vllm::unquantized_gemm,,,70.147,166.534,0,8.52,0,7.34
P13/1025334/00993/linear,,,78.002,96.387,0,8.52,0,7.34
aten::linear,,,1.467,18.385,0,8.52,0,7.34
aten::t,,,1.403,3.331,0,0,0,0
aten::transpose,,,0.657,1.928,0,0,0,0
aten::as_strided,,,1.271,1.271,0,0,0,0
aten::addmm,,,7.905,13.587,0,8.52,0,7.34
empty_tensor,,,2.016,2.016,0,0,0,0
aclnnAddmm,,,3.666,3.666,8.52,8.52,7.34,7.34
aten::split_with_sizes,,,1.705,3.39,0,0,0,0
aten::as_strided,,,1.069,1.069,0,0,0,0
aten::as_strided,,,0.274,0.274,0,0,0,0
aten::as_strided,,,0.342,0.342,0,0,0,0
vllm::npu_rotary_embedding,,,166.267,876.103,0,2.92,0,0
aten::view,,,1.21,1.21,0,0,0,0
aten::view,,,0.462,0.462,0,0,0,0
P13/1025334/00994/jit_run,,,555.203,705.061,0,2.92,0,0
P13/1025334/00995/launch,,,145.061,149.858,0,2.92,0,0
_triton_rope,,,4.797,4.797,2.92,2.92,0,0
aten::view,,,2.55,2.55,0,0,0,0
aten::view,,,0.553,0.553,0,0,0,0
aten::empty,,,1.624,6.599,0,0,0,0
empty_tensor,,,4.975,4.975,0,0,0,0
aten::view,,,0.943,0.943,0,0,0,0
aten::view,,,0.685,0.685,0,0,0,0
aten::view,,,0.458,0.458,0,0,0,0
aten::view,,,0.403,0.403,0,0,0,0
vllm::unified_attention_with_output,,,93.797,1109.935,0,25.421000000000003,0,0
P13/1025334/00996/attention,,,287.319,1016.138,0,25.421000000000003,0,0
aten::slice,,,1.332,2.764,0,0,0,0
aten::as_strided,,,1.432,1.432,0,0,0,0
aten::slice,,,0.435,0.912,0,0,0,0
aten::as_strided,,,0.477,0.477,0,0,0,0
aten::slice,,,2.551,3.265,0,0,0,0
aten::as_strided,,,0.714,0.714,0,0,0,0
P13/1025334/00997/cache_write,,,150.143,270.849,0,2.38,0,0
P13/1025334/00998/torch_api,,,99.485,120.706,0,2.38,0,0
atb::_npu_reshape_and_cache,,,17.444,21.221,0,2.38,0,0
ReshapeCacheOperation,,,3.777,3.777,2.38,2.38,0,0
P13/1025334/00999/fia,,,235.366,436.512,0,23.041,0,0
aten::view,,,3.576,3.576,0,0,0,0
aten::view,,,1.006,1.006,0,0,0,0
aten::slice,,,0.811,1.836,0,0,0,0
aten::as_strided,,,1.025,1.025,0,0,0,0
P13/1025334/01000/torch_api,,,110.659,164.895,0,22.481,0,0
npu::npu_fused_infer_attention_score,,,41.917,54.236,0,22.481,0,0
empty_tensor,,,5.153,5.153,0,0,0,0
empty_tensor,,,1.235,1.235,0,0,0,0
empty_tensor,,,0.942,0.942,0,0,0,0
empty_tensor,,,1.085,1.085,0,0,0,0
aclnnFusedInferAttentionScoreV3,,,3.904,3.904,22.481,22.481,0,0
aten::view,,,1.593,1.593,0,0,0,0
aten::slice,,,0.794,1.925,0,0,0,0
aten::as_strided,,,1.131,1.131,0,0,0,0
aten::copy_,,,23.379,26.315,0,0.56,0,0
aclnnInplaceCopy,,,2.936,2.936,0.56,0.56,0,0
aten::slice,,,0.608,1.528,0,0,0,0
aten::as_strided,,,0.92,0.92,0,0,0,0
aten::copy_,,,10.406,12.989,0,0,0,0
aclnnInplaceCopy,,,2.583,2.583,0,0,0,0
aten::view,,,1.234,1.234,0,0,0,0
vllm::unquantized_gemm,,,70.882,175.105,0,5.62,0,5.62
P13/1025334/01001/linear,,,82.297,104.223,0,5.62,0,5.62
aten::linear,,,1.831,21.926,0,5.62,0,5.62
aten::t,,,2.31,5.281,0,0,0,0
aten::transpose,,,1.426,2.971,0,0,0,0
aten::as_strided,,,1.545,1.545,0,0,0,0
aten::matmul,,,7.859,14.814,0,5.62,0,5.62
empty_tensor,,,4.042,4.042,0,0,0,0
aclnnMatmul,,,2.913,2.913,5.62,5.62,5.62,5.62
vllm::maybe_chunk_residual,,,7.596,7.596,0,0,0,0
_C_ascend::npu_add_rms_norm_bias,,,15.528,31.641,0,1.68,0,0
aten::empty,,,1.118,4.01,0,0,0,0
empty_tensor,,,2.892,2.892,0,0,0,0
aten::empty,,,0.476,1.793,0,0,0,0
empty_tensor,,,1.317,1.317,0,0,0,0
aten::empty,,,0.229,1.182,0,0,0,0
empty_tensor,,,0.953,0.953,0,0,0,0
aten::empty,,,0.383,2.689,0,0,0,0
empty_tensor,,,2.306,2.306,0,0,0,0
aclnnAddRmsNormBias,,,6.439,6.439,1.68,1.68,0,0
vllm::unquantized_gemm,,,75.478,175.956,0,21.761,0,21.761
P13/1025334/01002/linear,,,80.927,100.478,0,21.761,0,21.761
aten::linear,,,1.276,19.551,0,21.761,0,21.761
aten::t,,,3.991,6.467,0,0,0,0
aten::transpose,,,0.853,2.476,0,0,0,0
aten::as_strided,,,1.623,1.623,0,0,0,0
aten::matmul,,,5.934,11.808,0,21.761,0,21.761
empty_tensor,,,2.665,2.665,0,0,0,0
aclnnMatmul,,,3.209,3.209,21.761,21.761,21.761,21.761
npu::npu_swiglu,,,15.738,20.572,0,4.081,0,0
empty_tensor,,,2.234,2.234,0,0,0,0
aclnnSwiGlu,,,2.6,2.6,4.081,4.081,0,0
vllm::unquantized_gemm,,,68.801,160.723,0,16.481,0,16.481
P13/1025334/01003/linear,,,78.412,91.922,0,16.481,0,16.481
aten::linear,,,0.911,13.51,0,16.481,0,16.481
aten::t,,,1.107,3.08,0,0,0,0
aten::transpose,,,0.651,1.973,0,0,0,0
aten::as_strided,,,1.322,1.322,0,0,0,0
aten::matmul,,,4.942,9.519,0,16.481,0,16.481
empty_tensor,,,1.958,1.958,0,0,0,0
aclnnMatmul,,,2.619,2.619,16.481,16.481,16.481,16.481
vllm::maybe_chunk_residual,,,7.26,7.26,0,0,0,0
_C_ascend::npu_add_rms_norm_bias,,,12.379,24.096,0,2.34,0,0
aten::empty,,,0.709,2.921,0,0,0,0
empty_tensor,,,2.212,2.212,0,0,0,0
aten::empty,,,0.439,1.385,0,0,0,0
empty_tensor,,,0.946,0.946,0,0,0,0
aten::empty,,,0.432,1.716,0,0,0,0
empty_tensor,,,1.284,1.284,0,0,0,0
aten::empty,,,0.46,2.361,0,0,0,0
empty_tensor,,,1.901,1.901,0,0,0,0
aclnnAddRmsNormBias,,,3.334,3.334,2.34,2.34,0,0
vllm::unquantized_gemm,,,71.084,173.806,0,8.440999999999999,0,7.321
P13/1025334/01004/linear,,,84.365,102.722,0,8.440999999999999,0,7.321
aten::linear,,,1.377,18.357,0,8.440999999999999,0,7.321
aten::t,,,1.869,3.981,0,0,0,0
aten::transpose,,,0.714,2.112,0,0,0,0
aten::as_strided,,,1.398,1.398,0,0,0,0
aten::addmm,,,8.174,12.999,0,8.440999999999999,0,7.321
empty_tensor,,,2.239,2.239,0,0,0,0
aclnnAddmm,,,2.586,2.586,8.440999999999999,8.440999999999999,7.321,7.321
aten::split_with_sizes,,,1.836,3.399,0,0,0,0
aten::as_strided,,,1.102,1.102,0,0,0,0
aten::as_strided,,,0.233,0.233,0,0,0,0
aten::as_strided,,,0.228,0.228,0,0,0,0
vllm::npu_rotary_embedding,,,168.559,868.958,0,2.98,0,0
aten::view,,,1.298,1.298,0,0,0,0
aten::view,,,0.633,0.633,0,0,0,0
P13/1025334/01005/jit_run,,,538.882,695.416,0,2.98,0,0
P13/1025334/01006/launch,,,152.123,156.534,0,2.98,0,0
_triton_rope,,,4.411,4.411,2.98,2.98,0,0
aten::view,,,2.502,2.502,0,0,0,0
aten::view,,,0.55,0.55,0,0,0,0
aten::empty,,,1.139,5.471,0,0,0,0
empty_tensor,,,4.332,4.332,0,0,0,0
aten::view,,,0.923,0.923,0,0,0,0
aten::view,,,0.683,0.683,0,0,0,0
aten::view,,,0.448,0.448,0,0,0,0
aten::view,,,0.414,0.414,0,0,0,0
vllm::unified_attention_with_output,,,97.495,1139.68,0,22.941,0,0
P13/1025334/01007/attention,,,293.972,1042.185,0,22.941,0,0
aten::slice,,,1.21,2.65,0,0,0,0
aten::as_strided,,,1.44,1.44,0,0,0,0
aten::slice,,,0.519,0.98,0,0,0,0
aten::as_strided,,,0.461,0.461,0,0,0,0
aten::slice,,,3.389,4.245,0,0,0,0
aten::as_strided,,,0.856,0.856,0,0,0,0
P13/1025334/01008/cache_write,,,169.344,276.268,0,2.1,0,0
P13/1025334/01009/torch_api,,,84.697,106.924,0,2.1,0,0
atb::_npu_reshape_and_cache,,,18.697,22.227,0,2.1,0,0
ReshapeCacheOperation,,,3.53,3.53,2.1,2.1,0,0
P13/1025334/01010/fia,,,236.111,440.523,0,20.841,0,0
aten::view,,,3.749,3.749,0,0,0,0
aten::view,,,0.964,0.964,0,0,0,0
aten::slice,,,0.771,1.95,0,0,0,0
aten::as_strided,,,1.179,1.179,0,0,0,0
P13/1025334/01011/torch_api,,,106.899,167.992,0,20.221,0,0
npu::npu_fused_infer_attention_score,,,41.721,61.093,0,20.221,0,0
empty_tensor,,,5.178,5.178,0,0,0,0
empty_tensor,,,1.243,1.243,0,0,0,0
empty_tensor,,,0.899,0.899,0,0,0,0
empty_tensor,,,0.984,0.984,0,0,0,0
aclnnFusedInferAttentionScoreV3,,,11.068,11.068,20.221,20.221,0,0
aten::view,,,1.662,1.662,0,0,0,0
aten::slice,,,0.831,1.903,0,0,0,0
aten::as_strided,,,1.072,1.072,0,0,0,0
aten::copy_,,,23.463,26.192,0,0.62,0,0
aclnnInplaceCopy,,,2.729,2.729,0.62,0.62,0,0
aten::slice,,,0.583,1.459,0,0,0,0
aten::as_strided,,,0.876,0.876,0,0,0,0
aten::copy_,,,19.757,22.088,0,0,0,0
aclnnInplaceCopy,,,2.331,2.331,0,0,0,0
aten::view,,,1.252,1.252,0,0,0,0
vllm::unquantized_gemm,,,69.469,166.781,0,5.44,0,5.44
P13/1025334/01012/linear,,,74.797,97.312,0,5.44,0,5.44
aten::linear,,,1.85,22.515,0,5.44,0,5.44
aten::t,,,3.268,5.877,0,0,0,0
aten::transpose,,,1.169,2.609,0,0,0,0
aten::as_strided,,,1.44,1.44,0,0,0,0
aten::matmul,,,7.636,14.788,0,5.44,0,5.44
empty_tensor,,,4.4,4.4,0,0,0,0
aclnnMatmul,,,2.752,2.752,5.44,5.44,5.44,5.44
vllm::maybe_chunk_residual,,,7.577,7.577,0,0,0,0
_C_ascend::npu_add_rms_norm_bias,,,15.671,29.251,0,1.68,0,0
aten::empty,,,1.071,3.913,0,0,0,0
empty_tensor,,,2.842,2.842,0,0,0,0
aten::empty,,,0.353,1.627,0,0,0,0
empty_tensor,,,1.274,1.274,0,0,0,0
aten::empty,,,0.342,1.584,0,0,0,0
empty_tensor,,,1.242,1.242,0,0,0,0
aten::empty,,,0.437,2.783,0,0,0,0
empty_tensor,,,2.346,2.346,0,0,0,0
aclnnAddRmsNormBias,,,3.673,3.673,1.68,1.68,0,0
vllm::unquantized_gemm,,,71.909,163.94,0,18.96,0,18.96
P13/1025334/01013/linear,,,76.639,92.031,0,18.96,0,18.96
aten::linear,,,1.173,15.392,0,18.96,0,18.96
aten::t,,,1.463,3.608,0,0,0,0
aten::transpose,,,0.744,2.145,0,0,0,0
aten::as_strided,,,1.401,1.401,0,0,0,0
aten::matmul,,,5.75,10.611,0,18.96,0,18.96
empty_tensor,,,2.232,2.232,0,0,0,0
aclnnMatmul,,,2.629,2.629,18.96,18.96,18.96,18.96
npu::npu_swiglu,,,14.567,19.142,0,2.94,0,0
empty_tensor,,,2.104,2.104,0,0,0,0
aclnnSwiGlu,,,2.471,2.471,2.94,2.94,0,0
vllm::unquantized_gemm,,,70.994,168.15,0,16.2,0,16.2
P13/1025334/01014/linear,,,82.987,97.156,0,16.2,0,16.2
aten::linear,,,1.034,14.169,0,16.2,0,16.2
aten::t,,,1.713,3.658,0,0,0,0
aten::transpose,,,0.698,1.945,0,0,0,0
aten::as_strided,,,1.247,1.247,0,0,0,0
aten::matmul,,,4.604,9.477,0,16.2,0,16.2
empty_tensor,,,2.136,2.136,0,0,0,0
aclnnMatmul,,,2.737,2.737,16.2,16.2,16.2,16.2
vllm::maybe_chunk_residual,,,7.091,7.091,0,0,0,0
_C_ascend::npu_add_rms_norm_bias,,,12.971,31.194,0,1.68,0,0
aten::empty,,,0.702,2.989,0,0,0,0
empty_tensor,,,2.287,2.287,0,0,0,0
aten::empty,,,0.272,1.353,0,0,0,0
empty_tensor,,,1.081,1.081,0,0,0,0
aten::empty,,,0.497,1.462,0,0,0,0
empty_tensor,,,0.965,0.965,0,0,0,0
aten::empty,,,0.411,2.49,0,0,0,0
empty_tensor,,,2.079,2.079,0,0,0,0
aclnnAddRmsNormBias,,,9.929,9.929,1.68,1.68,0,0
vllm::unquantized_gemm,,,72.625,171.141,0,8.02,0,6.78
P13/1025334/01015/linear,,,81.429,98.516,0,8.02,0,6.78
aten::linear,,,1.338,17.087,0,8.02,0,6.78
aten::t,,,1.141,3.084,0,0,0,0
aten::transpose,,,0.644,1.943,0,0,0,0
aten::as_strided,,,1.299,1.299,0,0,0,0
aten::addmm,,,7.822,12.665,0,8.02,0,6.78
empty_tensor,,,2.268,2.268,0,0,0,0
aclnnAddmm,,,2.575,2.575,8.02,8.02,6.78,6.78
aten::split_with_sizes,,,1.839,3.573,0,0,0,0
aten::as_strided,,,1.12,1.12,0,0,0,0
aten::as_strided,,,0.274,0.274,0,0,0,0
aten::as_strided,,,0.34,0.34,0,0,0,0
vllm::npu_rotary_embedding,,,162.579,851.622,0,2.82,0,0
aten::view,,,1.346,1.346,0,0,0,0
aten::view,,,0.776,0.776,0,0,0,0
P13/1025334/01016/jit_run,,,537.597,683.862,0,2.82,0,0
P13/1025334/01017/launch,,,141.872,146.265,0,2.82,0,0
_triton_rope,,,4.393,4.393,2.82,2.82,0,0
aten::view,,,2.531,2.531,0,0,0,0
aten::view,,,0.528,0.528,0,0,0,0
aten::empty,,,1.032,5.568,0,0,0,0
empty_tensor,,,4.536,4.536,0,0,0,0
aten::view,,,0.832,0.832,0,0,0,0
aten::view,,,0.532,0.532,0,0,0,0
aten::view,,,0.478,0.478,0,0,0,0
aten::view,,,0.579,0.579,0,0,0,0
vllm::unified_attention_with_output,,,94.611,1083.964,0,22.621000000000002,0,0
P13/1025334/01018/attention,,,284.604,989.353,0,22.621000000000002,0,0
aten::slice,,,1.285,2.626,0,0,0,0
aten::as_strided,,,1.341,1.341,0,0,0,0
aten::slice,,,0.421,0.945,0,0,0,0
aten::as_strided,,,0.524,0.524,0,0,0,0
aten::slice,,,2.552,3.332,0,0,0,0
aten::as_strided,,,0.78,0.78,0,0,0,0
P13/1025334/01019/cache_write,,,137.473,244.305,0,1.72,0,0
P13/1025334/01020/torch_api,,,78.716,106.832,0,1.72,0,0
atb::_npu_reshape_and_cache,,,24.531,28.116,0,1.72,0,0
ReshapeCacheOperation,,,3.585,3.585,1.72,1.72,0,0
P13/1025334/01021/fia,,,237.721,438.401,0,20.901,0,0
aten::view,,,3.317,3.317,0,0,0,0
aten::view,,,1.08,1.08,0,0,0,0
aten::slice,,,0.829,1.818,0,0,0,0
aten::as_strided,,,0.989,0.989,0,0,0,0
P13/1025334/01022/torch_api,,,110.043,162.12,0,20.341,0,0
npu::npu_fused_infer_attention_score,,,40.81,52.077,0,20.341,0,0
empty_tensor,,,4.513,4.513,0,0,0,0
empty_tensor,,,1.227,1.227,0,0,0,0
empty_tensor,,,1.103,1.103,0,0,0,0
empty_tensor,,,0.975,0.975,0,0,0,0
aclnnFusedInferAttentionScoreV3,,,3.449,3.449,20.341,20.341,0,0
aten::view,,,1.551,1.551,0,0,0,0
aten::slice,,,0.697,1.748,0,0,0,0
aten::as_strided,,,1.051,1.051,0,0,0,0
aten::copy_,,,25.854,29.046,0,0.56,0,0
aclnnInplaceCopy,,,3.192,3.192,0.56,0.56,0,0
aten::slice,,,0.64,1.507,0,0,0,0
aten::as_strided,,,0.867,0.867,0,0,0,0
aten::copy_,,,10.859,13.633,0,0,0,0
aclnnInplaceCopy,,,2.774,2.774,0,0,0,0
aten::view,,,1.22,1.22,0,0,0,0
vllm::unquantized_gemm,,,71.836,178.066,0,5.64,0,5.64
P13/1025334/01023/linear,,,79.583,106.23,0,5.64,0,5.64
aten::linear,,,1.885,26.647,0,5.64,0,5.64
aten::t,,,2.22,4.817,0,0,0,0
aten::transpose,,,1.176,2.597,0,0,0,0
aten::as_strided,,,1.421,1.421,0,0,0,0
aten::matmul,,,7.332,19.945,0,5.64,0,5.64
empty_tensor,,,3.851,3.851,0,0,0,0
aclnnMatmul,,,8.762,8.762,5.64,5.64,5.64,5.64
vllm::maybe_chunk_residual,,,7.894,7.894,0,0,0,0
_C_ascend::npu_add_rms_norm_bias,,,16.107,29.623,0,1.72,0,0
aten::empty,,,1.051,3.972,0,0,0,0
empty_tensor,,,2.921,2.921,0,0,0,0
aten::empty,,,0.289,1.535,0,0,0,0
empty_tensor,,,1.246,1.246,0,0,0,0
aten::empty,,,0.248,1.394,0,0,0,0
empty_tensor,,,1.146,1.146,0,0,0,0
aten::empty,,,1.245,3.609,0,0,0,0
empty_tensor,,,2.364,2.364,0,0,0,0
aclnnAddRmsNormBias,,,3.006,3.006,1.72,1.72,0,0
vllm::unquantized_gemm,,,72.906,169.449,0,19.521,0,19.521
P13/1025334/01024/linear,,,77.739,96.543,0,19.521,0,19.521
aten::linear,,,1.273,18.804,0,19.521,0,19.521
aten::t,,,1.449,3.787,0,0,0,0
aten::transpose,,,0.774,2.338,0,0,0,0
aten::as_strided,,,1.564,1.564,0,0,0,0
aten::matmul,,,6.003,13.744,0,19.521,0,19.521
empty_tensor,,,2.52,2.52,0,0,0,0
aclnnMatmul,,,5.221,5.221,19.521,19.521,19.521,19.521
npu::npu_swiglu,,,13.79,18.698,0,3.06,0,0
empty_tensor,,,2.314,2.314,0,0,0,0
aclnnSwiGlu,,,2.594,2.594,3.06,3.06,0,0
vllm::unquantized_gemm,,,81.395,170.775,0,16.641,0,16.641
P13/1025334/01025/linear,,,76.143,89.38,0,16.641,0,16.641
aten::linear,,,1.13,13.237,0,16.641,0,16.641
aten::t,,,1.059,3.033,0,0,0,0
aten::transpose,,,0.691,1.974,0,0,0,0
aten::as_strided,,,1.283,1.283,0,0,0,0
aten::matmul,,,4.573,9.074,0,16.641,0,16.641
empty_tensor,,,1.974,1.974,0,0,0,0
aclnnMatmul,,,2.527,2.527,16.641,16.641,16.641,16.641
vllm::maybe_chunk_residual,,,7.348,7.348,0,0,0,0
_C_ascend::npu_add_rms_norm_bias,,,13.535,25.443,0,1.72,0,0
aten::empty,,,0.82,3.226,0,0,0,0
empty_tensor,,,2.406,2.406,0,0,0,0
aten::empty,,,0.238,1.397,0,0,0,0
empty_tensor,,,1.159,1.159,0,0,0,0
aten::empty,,,0.428,1.324,0,0,0,0
empty_tensor,,,0.896,0.896,0,0,0,0
aten::empty,,,0.405,2.874,0,0,0,0
empty_tensor,,,2.469,2.469,0,0,0,0
aclnnAddRmsNormBias,,,3.087,3.087,1.72,1.72,0,0
vllm::unquantized_gemm,,,70.717,170.528,0,8.52,0,7.22
P13/1025334/01026/linear,,,81.554,99.811,0,8.52,0,7.22
aten::linear,,,1.486,18.257,0,8.52,0,7.22
aten::t,,,1.199,3.314,0,0,0,0
aten::transpose,,,0.657,2.115,0,0,0,0
aten::as_strided,,,1.458,1.458,0,0,0,0
aten::addmm,,,8.37,13.457,0,8.52,0,7.22
empty_tensor,,,2.279,2.279,0,0,0,0
aclnnAddmm,,,2.808,2.808,8.52,8.52,7.22,7.22
aten::split_with_sizes,,,1.797,3.526,0,0,0,0
aten::as_strided,,,1.147,1.147,0,0,0,0
aten::as_strided,,,0.237,0.237,0,0,0,0
aten::as_strided,,,0.345,0.345,0,0,0,0
vllm::npu_rotary_embedding,,,168.035,859.538,0,2.9,0,0
aten::view,,,1.441,1.441,0,0,0,0
aten::view,,,0.344,0.344,0,0,0,0
P13/1025334/01027/jit_run,,,531.412,686.747,0,2.9,0,0
P13/1025334/01028/launch,,,148.153,155.335,0,2.9,0,0
_triton_rope,,,7.182,7.182,2.9,2.9,0,0
aten::view,,,2.373,2.373,0,0,0,0
aten::view,,,0.598,0.598,0,0,0,0
aten::empty,,,1.01,5.521,0,0,0,0
empty_tensor,,,4.511,4.511,0,0,0,0
aten::view,,,0.907,0.907,0,0,0,0
aten::view,,,0.552,0.552,0,0,0,0
aten::view,,,0.444,0.444,0,0,0,0
aten::view,,,0.412,0.412,0,0,0,0
vllm::unified_attention_with_output,,,98.215,1075.505,0,20.721,0,0
P13/1025334/01029/attention,,,291.803,977.29,0,20.721,0,0
aten::slice,,,3.565,5.025,0,0,0,0
aten::as_strided,,,1.46,1.46,0,0,0,0
aten::slice,,,0.491,0.924,0,0,0,0
aten::as_strided,,,0.433,0.433,0,0,0,0
aten::slice,,,2.666,3.566,0,0,0,0
aten::as_strided,,,0.9,0.9,0,0,0,0
P13/1025334/01030/cache_write,,,142.104,243.849,0,2.0,0,0
P13/1025334/01031/torch_api,,,81.684,101.745,0,2.0,0,0
atb::_npu_reshape_and_cache,,,16.269,20.061,0,2.0,0,0
ReshapeCacheOperation,,,3.792,3.792,2.0,2.0,0,0
P13/1025334/01032/fia,,,226.158,415.793,0,18.721,0,0
aten::view,,,3.214,3.214,0,0,0,0
aten::view,,,0.882,0.882,0,0,0,0
aten::slice,,,0.74,1.695,0,0,0,0
aten::as_strided,,,0.955,0.955,0,0,0,0
P13/1025334/01033/torch_api,,,102.234,154.053,0,18.101,0,0
npu::npu_fused_infer_attention_score,,,40.893,51.819,0,18.101,0,0
empty_tensor,,,4.441,4.441,0,0,0,0
empty_tensor,,,1.391,1.391,0,0,0,0
empty_tensor,,,0.985,0.985,0,0,0,0
empty_tensor,,,0.983,0.983,0,0,0,0
aclnnFusedInferAttentionScoreV3,,,3.126,3.126,18.101,18.101,0,0
aten::view,,,1.494,1.494,0,0,0,0
aten::slice,,,0.683,1.746,0,0,0,0
aten::as_strided,,,1.063,1.063,0,0,0,0
aten::copy_,,,23.01,26.551,0,0.62,0,0
aclnnInplaceCopy,,,3.541,3.541,0.62,0.62,0,0
aten::slice,,,0.812,1.741,0,0,0,0
aten::as_strided,,,0.929,0.929,0,0,0,0
aten::copy_,,,11.776,14.589,0,0,0,0
aclnnInplaceCopy,,,2.813,2.813,0,0,0,0
aten::view,,,1.261,1.261,0,0,0,0
vllm::unquantized_gemm,,,72.067,169.187,0,5.541,0,5.541
P13/1025334/01034/linear,,,76.759,97.12,0,5.541,0,5.541
aten::linear,,,1.704,20.361,0,5.541,0,5.541
aten::t,,,2.263,4.738,0,0,0,0
aten::transpose,,,1.129,2.475,0,0,0,0
aten::as_strided,,,1.346,1.346,0,0,0,0
aten::matmul,,,7.329,13.919,0,5.541,0,5.541
empty_tensor,,,3.955,3.955,0,0,0,0
aclnnMatmul,,,2.635,2.635,5.541,5.541,5.541,5.541
vllm::maybe_chunk_residual,,,7.55,7.55,0,0,0,0
_C_ascend::npu_add_rms_norm_bias,,,15.893,28.262,0,1.7,0,0
aten::empty,,,1.054,4.046,0,0,0,0
empty_tensor,,,2.992,2.992,0,0,0,0
aten::empty,,,0.4,1.722,0,0,0,0
empty_tensor,,,1.322,1.322,0,0,0,0
aten::empty,,,0.226,1.06,0,0,0,0
empty_tensor,,,0.834,0.834,0,0,0,0
aten::empty,,,0.339,2.405,0,0,0,0
empty_tensor,,,2.066,2.066,0,0,0,0
aclnnAddRmsNormBias,,,3.136,3.136,1.7,1.7,0,0
vllm::unquantized_gemm,,,73.156,169.932,0,19.321,0,19.321
P13/1025334/01035/linear,,,80.412,96.776,0,19.321,0,19.321
aten::linear,,,1.662,16.364,0,19.321,0,19.321
aten::t,,,1.479,3.808,0,0,0,0
aten::transpose,,,0.815,2.329,0,0,0,0
aten::as_strided,,,1.514,1.514,0,0,0,0
aten::matmul,,,5.785,10.894,0,19.321,0,19.321
empty_tensor,,,2.349,2.349,0,0,0,0
aclnnMatmul,,,2.76,2.76,19.321,19.321,19.321,19.321
npu::npu_swiglu,,,15.352,27.643,0,3.06,0,0
empty_tensor,,,2.41,2.41,0,0,0,0
aclnnSwiGlu,,,9.881,9.881,3.06,3.06,0,0
vllm::unquantized_gemm,,,66.986,157.589,0,16.24,0,16.24
P13/1025334/01036/linear,,,76.158,90.603,0,16.24,0,16.24
aten::linear,,,1.037,14.445,0,16.24,0,16.24
aten::t,,,1.659,3.785,0,0,0,0
aten::transpose,,,0.705,2.126,0,0,0,0
aten::as_strided,,,1.421,1.421,0,0,0,0
aten::matmul,,,5.037,9.623,0,16.24,0,16.24
empty_tensor,,,2.073,2.073,0,0,0,0
aclnnMatmul,,,2.513,2.513,16.24,16.24,16.24,16.24
vllm::maybe_chunk_residual,,,7.186,7.186,0,0,0,0
_C_ascend::npu_add_rms_norm_bias,,,12.85,23.85,0,1.74,0,0
aten::empty,,,0.714,3.001,0,0,0,0
empty_tensor,,,2.287,2.287,0,0,0,0
aten::empty,,,0.253,1.634,0,0,0,0
empty_tensor,,,1.381,1.381,0,0,0,0
aten::empty,,,0.406,1.458,0,0,0,0
empty_tensor,,,1.052,1.052,0,0,0,0
aten::empty,,,0.392,2.178,0,0,0,0
empty_tensor,,,1.786,1.786,0,0,0,0
aclnnAddRmsNormBias,,,2.729,2.729,1.74,1.74,0,0
vllm::unquantized_gemm,,,70.098,165.41,0,7.94,0,6.86
P13/1025334/01037/linear,,,76.749,95.312,0,7.94,0,6.86
aten::linear,,,1.558,18.563,0,7.94,0,6.86
aten::t,,,1.154,2.993,0,0,0,0
aten::transpose,,,0.552,1.839,0,0,0,0
aten::as_strided,,,1.287,1.287,0,0,0,0
aten::addmm,,,7.382,14.012,0,7.94,0,6.86
empty_tensor,,,2.02,2.02,0,0,0,0
aclnnAddmm,,,4.61,4.61,7.94,7.94,6.86,6.86
aten::split_with_sizes,,,1.81,3.604,0,0,0,0
aten::as_strided,,,1.2,1.2,0,0,0,0
aten::as_strided,,,0.252,0.252,0,0,0,0
aten::as_strided,,,0.342,0.342,0,0,0,0
vllm::npu_rotary_embedding,,,165.422,868.378,0,2.82,0,0
aten::view,,,1.347,1.347,0,0,0,0
aten::view,,,0.422,0.422,0,0,0,0
P13/1025334/01038/jit_run,,,552.229,698.138,0,2.82,0,0
P13/1025334/01039/launch,,,141.24,145.909,0,2.82,0,0
_triton_rope,,,4.669,4.669,2.82,2.82,0,0
aten::view,,,2.53,2.53,0,0,0,0
aten::view,,,0.519,0.519,0,0,0,0
aten::empty,,,1.219,6.223,0,0,0,0
empty_tensor,,,5.004,5.004,0,0,0,0
aten::view,,,0.93,0.93,0,0,0,0
aten::view,,,0.716,0.716,0,0,0,0
aten::view,,,0.508,0.508,0,0,0,0
aten::view,,,0.44,0.44,0,0,0,0
vllm::unified_attention_with_output,,,93.181,1072.889,0,26.261,0,0
P13/1025334/01040/attention,,,278.535,979.708,0,26.261,0,0
aten::slice,,,1.346,2.81,0,0,0,0
aten::as_strided,,,1.464,1.464,0,0,0,0
aten::slice,,,0.616,1.212,0,0,0,0
aten::as_strided,,,0.596,0.596,0,0,0,0
aten::slice,,,2.481,3.278,0,0,0,0
aten::as_strided,,,0.797,0.797,0,0,0,0
P13/1025334/01041/cache_write,,,144.587,250.454,0,1.96,0,0
P13/1025334/01042/torch_api,,,82.017,105.867,0,1.96,0,0
atb::_npu_reshape_and_cache,,,20.197,23.85,0,1.96,0,0
ReshapeCacheOperation,,,3.653,3.653,1.96,1.96,0,0
P13/1025334/01043/fia,,,226.475,421.064,0,24.301,0,0
aten::view,,,3.208,3.208,0,0,0,0
aten::view,,,1.398,1.398,0,0,0,0
aten::slice,,,0.778,1.923,0,0,0,0
aten::as_strided,,,1.145,1.145,0,0,0,0
P13/1025334/01044/torch_api,,,105.48,158.542,0,23.721,0,0
npu::npu_fused_infer_attention_score,,,41.982,53.062,0,23.721,0,0
empty_tensor,,,4.546,4.546,0,0,0,0
empty_tensor,,,1.499,1.499,0,0,0,0
empty_tensor,,,0.797,0.797,0,0,0,0
empty_tensor,,,0.711,0.711,0,0,0,0
aclnnFusedInferAttentionScoreV3,,,3.527,3.527,23.721,23.721,0,0
aten::view,,,1.604,1.604,0,0,0,0
aten::slice,,,0.662,1.785,0,0,0,0
aten::as_strided,,,1.123,1.123,0,0,0,0
aten::copy_,,,23.375,26.129,0,0.58,0,0
aclnnInplaceCopy,,,2.754,2.754,0.58,0.58,0,0
aten::slice,,,0.676,1.658,0,0,0,0
aten::as_strided,,,0.982,0.982,0,0,0,0
aten::copy_,,,11.028,20.697,0,0,0,0
aclnnInplaceCopy,,,9.669,9.669,0,0,0,0
aten::view,,,1.29,1.29,0,0,0,0
vllm::unquantized_gemm,,,68.794,166.662,0,5.3,0,5.3
P13/1025334/01045/linear,,,77.054,97.868,0,5.3,0,5.3
aten::linear,,,1.686,20.814,0,5.3,0,5.3
aten::t,,,2.015,4.534,0,0,0,0
aten::transpose,,,1.107,2.519,0,0,0,0
aten::as_strided,,,1.412,1.412,0,0,0,0
aten::matmul,,,7.639,14.594,0,5.3,0,5.3
empty_tensor,,,4.046,4.046,0,0,0,0
aclnnMatmul,,,2.909,2.909,5.3,5.3,5.3,5.3
vllm::maybe_chunk_residual,,,7.451,7.451,0,0,0,0
_C_ascend::npu_add_rms_norm_bias,,,15.994,29.389,0,1.78,0,0
aten::empty,,,0.953,3.762,0,0,0,0
empty_tensor,,,2.809,2.809,0,0,0,0
aten::empty,,,0.301,2.454,0,0,0,0
empty_tensor,,,2.153,2.153,0,0,0,0
aten::empty,,,0.38,1.438,0,0,0,0
empty_tensor,,,1.058,1.058,0,0,0,0
aten::empty,,,0.46,2.794,0,0,0,0
empty_tensor,,,2.334,2.334,0,0,0,0
aclnnAddRmsNormBias,,,2.947,2.947,1.78,1.78,0,0
vllm::unquantized_gemm,,,74.342,179.73,0,19.04,0,19.04
P13/1025334/01046/linear,,,89.115,105.388,0,19.04,0,19.04
aten::linear,,,1.306,16.273,0,19.04,0,19.04
aten::t,,,1.504,3.885,0,0,0,0
aten::transpose,,,0.877,2.381,0,0,0,0
aten::as_strided,,,1.504,1.504,0,0,0,0
aten::matmul,,,5.883,11.082,0,19.04,0,19.04
empty_tensor,,,2.412,2.412,0,0,0,0
aclnnMatmul,,,2.787,2.787,19.04,19.04,19.04,19.04
npu::npu_swiglu,,,13.726,18.55,0,2.881,0,0
empty_tensor,,,2.003,2.003,0,0,0,0
aclnnSwiGlu,,,2.821,2.821,2.881,2.881,0,0
vllm::unquantized_gemm,,,70.095,159.888,0,16.3,0,16.3
P13/1025334/01047/linear,,,76.705,89.793,0,16.3,0,16.3
aten::linear,,,1.003,13.088,0,16.3,0,16.3
aten::t,,,1.128,3.051,0,0,0,0
aten::transpose,,,0.702,1.923,0,0,0,0
aten::as_strided,,,1.221,1.221,0,0,0,0
aten::matmul,,,4.478,9.034,0,16.3,0,16.3
empty_tensor,,,2.009,2.009,0,0,0,0
aclnnMatmul,,,2.547,2.547,16.3,16.3,16.3,16.3
vllm::maybe_chunk_residual,,,7.063,7.063,0,0,0,0
_C_ascend::npu_add_rms_norm_bias,,,12.082,23.736,0,1.7,0,0
aten::empty,,,0.658,2.992,0,0,0,0
empty_tensor,,,2.334,2.334,0,0,0,0
aten::empty,,,0.238,1.229,0,0,0,0
empty_tensor,,,0.991,0.991,0,0,0,0
aten::empty,,,0.237,2.19,0,0,0,0
empty_tensor,,,1.953,1.953,0,0,0,0
aten::empty,,,0.448,2.126,0,0,0,0
empty_tensor,,,1.678,1.678,0,0,0,0
aclnnAddRmsNormBias,,,3.117,3.117,1.7,1.7,0,0
vllm::unquantized_gemm,,,70.937,170.952,0,8.28,0,7.22
P13/1025334/01048/linear,,,79.124,100.015,0,8.28,0,7.22
aten::linear,,,1.4,20.891,0,8.28,0,7.22
aten::t,,,1.176,3.033,0,0,0,0
aten::transpose,,,0.661,1.857,0,0,0,0
aten::as_strided,,,1.196,1.196,0,0,0,0
aten::addmm,,,7.885,16.458,0,8.28,0,7.22
empty_tensor,,,2.106,2.106,0,0,0,0
aclnnAddmm,,,6.467,6.467,8.28,8.28,7.22,7.22
aten::split_with_sizes,,,1.779,3.414,0,0,0,0
aten::as_strided,,,1.146,1.146,0,0,0,0
aten::as_strided,,,0.248,0.248,0,0,0,0
aten::as_strided,,,0.241,0.241,0,0,0,0
vllm::npu_rotary_embedding,,,177.253,879.312,0,3.22,0,0
aten::view,,,1.483,1.483,0,0,0,0
aten::view,,,0.564,0.564,0,0,0,0
P13/1025334/01049/jit_run,,,546.43,696.912,0,3.22,0,0
P13/1025334/01050/launch,,,145.379,150.482,0,3.22,0,0
_triton_rope,,,5.103,5.103,3.22,3.22,0,0
aten::view,,,2.538,2.538,0,0,0,0
aten::view,,,0.562,0.562,0,0,0,0
aten::empty,,,1.124,5.788,0,0,0,0
empty_tensor,,,4.664,4.664,0,0,0,0
aten::view,,,0.97,0.97,0,0,0,0
aten::view,,,0.696,0.696,0,0,0,0
aten::view,,,0.608,0.608,0,0,0,0
aten::view,,,1.199,1.199,0,0,0,0
vllm::unified_attention_with_output,,,95.627,1106.813,0,24.761000000000003,0,0
P13/1025334/01051/attention,,,278.084,1011.186,0,24.761000000000003,0,0
aten::slice,,,1.362,2.712,0,0,0,0
aten::as_strided,,,1.35,1.35,0,0,0,0
aten::slice,,,0.372,0.897,0,0,0,0
aten::as_strided,,,0.525,0.525,0,0,0,0
aten::slice,,,2.462,3.259,0,0,0,0
aten::as_strided,,,0.797,0.797,0,0,0,0
P13/1025334/01052/cache_write,,,152.178,277.99,0,1.66,0,0
P13/1025334/01053/torch_api,,,105.259,125.812,0,1.66,0,0
atb::_npu_reshape_and_cache,,,17.041,20.553,0,1.66,0,0
ReshapeCacheOperation,,,3.512,3.512,1.66,1.66,0,0
P13/1025334/01054/fia,,,235.387,432.934,0,23.101000000000003,0,0
aten::view,,,3.534,3.534,0,0,0,0
aten::view,,,0.913,0.913,0,0,0,0
aten::slice,,,0.774,1.856,0,0,0,0
aten::as_strided,,,1.082,1.082,0,0,0,0
P13/1025334/01055/torch_api,,,103.566,160.548,0,22.481,0,0
npu::npu_fused_infer_attention_score,,,42.644,56.982,0,22.481,0,0
empty_tensor,,,5.176,5.176,0,0,0,0
empty_tensor,,,1.314,1.314,0,0,0,0
empty_tensor,,,0.902,0.902,0,0,0,0
empty_tensor,,,0.713,0.713,0,0,0,0
aclnnFusedInferAttentionScoreV3,,,6.233,6.233,22.481,22.481,0,0
aten::view,,,1.767,1.767,0,0,0,0
aten::slice,,,0.706,1.82,0,0,0,0
aten::as_strided,,,1.114,1.114,0,0,0,0
aten::copy_,,,24.184,27.109,0,0.62,0,0
aclnnInplaceCopy,,,2.925,2.925,0.62,0.62,0,0
aten::slice,,,0.648,1.596,0,0,0,0
aten::as_strided,,,0.948,0.948,0,0,0,0
aten::copy_,,,10.952,13.714,0,0,0,0
aclnnInplaceCopy,,,2.762,2.762,0,0,0,0
aten::view,,,1.197,1.197,0,0,0,0
vllm::unquantized_gemm,,,72.16,174.836,0,5.601,0,5.601
P13/1025334/01056/linear,,,81.942,102.676,0,5.601,0,5.601
aten::linear,,,1.654,20.734,0,5.601,0,5.601
aten::t,,,2.095,4.639,0,0,0,0
aten::transpose,,,1.122,2.544,0,0,0,0
aten::as_strided,,,1.422,1.422,0,0,0,0
aten::matmul,,,7.828,14.441,0,5.601,0,5.601
empty_tensor,,,3.814,3.814,0,0,0,0
aclnnMatmul,,,2.799,2.799,5.601,5.601,5.601,5.601
vllm::maybe_chunk_residual,,,7.295,7.295,0,0,0,0
_C_ascend::npu_add_rms_norm_bias,,,15.925,32.51,0,1.74,0,0
aten::empty,,,1.061,4.015,0,0,0,0
empty_tensor,,,2.954,2.954,0,0,0,0
aten::empty,,,0.282,1.559,0,0,0,0
empty_tensor,,,1.277,1.277,0,0,0,0
aten::empty,,,0.203,0.905,0,0,0,0
empty_tensor,,,0.702,0.702,0,0,0,0
aten::empty,,,0.407,3.223,0,0,0,0
empty_tensor,,,2.816,2.816,0,0,0,0
aclnnAddRmsNormBias,,,6.883,6.883,1.74,1.74,0,0
vllm::unquantized_gemm,,,70.19,173.433,0,19.801,0,19.801
P13/1025334/01057/linear,,,86.301,103.243,0,19.801,0,19.801
aten::linear,,,1.339,16.942,0,19.801,0,19.801
aten::t,,,1.436,3.844,0,0,0,0
aten::transpose,,,0.819,2.408,0,0,0,0
aten::as_strided,,,1.589,1.589,0,0,0,0
aten::matmul,,,6.263,11.759,0,19.801,0,19.801
empty_tensor,,,2.855,2.855,0,0,0,0
aclnnMatmul,,,2.641,2.641,19.801,19.801,19.801,19.801
npu::npu_swiglu,,,14.687,19.531,0,4.76,0,0
empty_tensor,,,2.089,2.089,0,0,0,0
aclnnSwiGlu,,,2.755,2.755,4.76,4.76,0,0
vllm::unquantized_gemm,,,64.772,151.582,0,16.52,0,16.52
P13/1025334/01058/linear,,,74.131,86.81,0,16.52,0,16.52
aten::linear,,,0.88,12.679,0,16.52,0,16.52
aten::t,,,1.127,3.104,0,0,0,0
aten::transpose,,,0.652,1.977,0,0,0,0
aten::as_strided,,,1.325,1.325,0,0,0,0
aten::matmul,,,4.31,8.695,0,16.52,0,16.52
empty_tensor,,,1.93,1.93,0,0,0,0
aclnnMatmul,,,2.455,2.455,16.52,16.52,16.52,16.52
vllm::maybe_chunk_residual,,,6.777,6.777,0,0,0,0
_C_ascend::npu_add_rms_norm_bias,,,12.21,22.584,0,2.14,0,0
aten::empty,,,0.646,2.943,0,0,0,0
empty_tensor,,,2.297,2.297,0,0,0,0
aten::empty,,,0.247,1.228,0,0,0,0
empty_tensor,,,0.981,0.981,0,0,0,0
aten::empty,,,0.228,1.198,0,0,0,0
empty_tensor,,,0.97,0.97,0,0,0,0
aten::empty,,,0.381,2.051,0,0,0,0
empty_tensor,,,1.67,1.67,0,0,0,0
aclnnAddRmsNormBias,,,2.954,2.954,2.14,2.14,0,0
vllm::unquantized_gemm,,,72.39,168.842,0,8.46,0,7.36
P13/1025334/01059/linear,,,76.709,96.452,0,8.46,0,7.36
aten::linear,,,1.333,19.743,0,8.46,0,7.36
aten::t,,,1.039,2.877,0,0,0,0
aten::transpose,,,0.606,1.838,0,0,0,0
aten::as_strided,,,1.232,1.232,0,0,0,0
aten::addmm,,,7.683,15.533,0,8.46,0,7.36
empty_tensor,,,4.741,4.741,0,0,0,0
aclnnAddmm,,,3.109,3.109,8.46,8.46,7.36,7.36
aten::split_with_sizes,,,2.023,3.791,0,0,0,0
aten::as_strided,,,1.087,1.087,0,0,0,0
aten::as_strided,,,0.252,0.252,0,0,0,0
aten::as_strided,,,0.429,0.429,0,0,0,0
vllm::npu_rotary_embedding,,,166.644,858.844,0,2.9,0,0
aten::view,,,1.316,1.316,0,0,0,0
aten::view,,,0.507,0.507,0,0,0,0
P13/1025334/01060/jit_run,,,534.547,686.929,0,2.9,0,0
P13/1025334/01061/launch,,,147.97,152.382,0,2.9,0,0
_triton_rope,,,4.412,4.412,2.9,2.9,0,0
aten::view,,,2.881,2.881,0,0,0,0
aten::view,,,0.567,0.567,0,0,0,0
aten::empty,,,1.12,6.146,0,0,0,0
empty_tensor,,,5.026,5.026,0,0,0,0
aten::view,,,0.922,0.922,0,0,0,0
aten::view,,,0.673,0.673,0,0,0,0
aten::view,,,0.582,0.582,0,0,0,0
aten::view,,,0.579,0.579,0,0,0,0
vllm::unified_attention_with_output,,,100.38,1086.756,0,22.681,0,0
P13/1025334/01062/attention,,,284.776,986.376,0,22.681,0,0
aten::slice,,,1.335,2.724,0,0,0,0
aten::as_strided,,,1.389,1.389,0,0,0,0
aten::slice,,,0.531,1.064,0,0,0,0
aten::as_strided,,,0.533,0.533,0,0,0,0
aten::slice,,,2.444,3.489,0,0,0,0
aten::as_strided,,,1.045,1.045,0,0,0,0
P13/1025334/01063/cache_write,,,140.527,242.663,0,1.72,0,0
P13/1025334/01064/torch_api,,,81.214,102.136,0,1.72,0,0
atb::_npu_reshape_and_cache,,,17.31,20.922,0,1.72,0,0
ReshapeCacheOperation,,,3.612,3.612,1.72,1.72,0,0
P13/1025334/01065/fia,,,231.439,436.433,0,20.961,0,0
aten::view,,,2.884,2.884,0,0,0,0
aten::view,,,1.002,1.002,0,0,0,0
aten::slice,,,0.723,1.671,0,0,0,0
aten::as_strided,,,0.948,0.948,0,0,0,0
P13/1025334/01066/torch_api,,,114.127,169.478,0,20.381,0,0
npu::npu_fused_infer_attention_score,,,41.462,55.351,0,20.381,0,0
empty_tensor,,,4.689,4.689,0,0,0,0
empty_tensor,,,1.102,1.102,0,0,0,0
empty_tensor,,,0.773,0.773,0,0,0,0
empty_tensor,,,0.679,0.679,0,0,0,0
aclnnFusedInferAttentionScoreV3,,,6.646,6.646,20.381,20.381,0,0
aten::view,,,1.613,1.613,0,0,0,0
aten::slice,,,0.828,1.871,0,0,0,0
aten::as_strided,,,1.043,1.043,0,0,0,0
aten::copy_,,,23.728,26.475,0,0.58,0,0
aclnnInplaceCopy,,,2.747,2.747,0.58,0.58,0,0
aten::slice,,,0.593,1.519,0,0,0,0
aten::as_strided,,,0.926,0.926,0,0,0,0
aten::copy_,,,11.106,13.708,0,0,0,0
aclnnInplaceCopy,,,2.602,2.602,0,0,0,0
aten::view,,,1.244,1.244,0,0,0,0
vllm::unquantized_gemm,,,72.476,183.323,0,5.34,0,5.34
P13/1025334/01067/linear,,,88.643,110.847,0,5.34,0,5.34
aten::linear,,,1.786,22.204,0,5.34,0,5.34
aten::t,,,2.248,4.812,0,0,0,0
aten::transpose,,,1.091,2.564,0,0,0,0
aten::as_strided,,,1.473,1.473,0,0,0,0
aten::matmul,,,7.892,15.606,0,5.34,0,5.34
empty_tensor,,,5.151,5.151,0,0,0,0
aclnnMatmul,,,2.563,2.563,5.34,5.34,5.34,5.34
vllm::maybe_chunk_residual,,,7.626,7.626,0,0,0,0
_C_ascend::npu_add_rms_norm_bias,,,16.242,29.109,0,1.66,0,0
aten::empty,,,1.006,3.992,0,0,0,0
empty_tensor,,,2.986,2.986,0,0,0,0
aten::empty,,,0.274,1.578,0,0,0,0
empty_tensor,,,1.304,1.304,0,0,0,0
aten::empty,,,0.533,1.797,0,0,0,0
empty_tensor,,,1.264,1.264,0,0,0,0
aten::empty,,,0.387,2.437,0,0,0,0
empty_tensor,,,2.05,2.05,0,0,0,0
aclnnAddRmsNormBias,,,3.063,3.063,1.66,1.66,0,0
vllm::unquantized_gemm,,,73.318,169.786,0,19.241,0,19.241
P13/1025334/01068/linear,,,78.558,96.468,0,19.241,0,19.241
aten::linear,,,1.378,17.91,0,19.241,0,19.241
aten::t,,,1.43,3.449,0,0,0,0
aten::transpose,,,0.741,2.019,0,0,0,0
aten::as_strided,,,1.278,1.278,0,0,0,0
aten::matmul,,,5.506,13.083,0,19.241,0,19.241
empty_tensor,,,2.303,2.303,0,0,0,0
aclnnMatmul,,,5.274,5.274,19.241,19.241,19.241,19.241
npu::npu_swiglu,,,14.953,20.091,0,2.94,0,0
empty_tensor,,,2.316,2.316,0,0,0,0
aclnnSwiGlu,,,2.822,2.822,2.94,2.94,0,0
vllm::unquantized_gemm,,,67.59,164.305,0,16.241,0,16.241
P13/1025334/01069/linear,,,81.971,96.715,0,16.241,0,16.241
aten::linear,,,1.003,14.744,0,16.241,0,16.241
aten::t,,,1.275,3.368,0,0,0,0
aten::transpose,,,0.767,2.093,0,0,0,0
aten::as_strided,,,1.326,1.326,0,0,0,0
aten::matmul,,,5.082,10.373,0,16.241,0,16.241
empty_tensor,,,2.867,2.867,0,0,0,0
aclnnMatmul,,,2.424,2.424,16.241,16.241,16.241,16.241
vllm::maybe_chunk_residual,,,6.963,6.963,0,0,0,0
_C_ascend::npu_add_rms_norm_bias,,,12.848,29.949,0,1.72,0,0
aten::empty,,,0.756,2.932,0,0,0,0
empty_tensor,,,2.176,2.176,0,0,0,0
aten::empty,,,0.256,1.374,0,0,0,0
empty_tensor,,,1.118,1.118,0,0,0,0
aten::empty,,,0.402,1.252,0,0,0,0
empty_tensor,,,0.85,0.85,0,0,0,0
aten::empty,,,0.372,2.058,0,0,0,0
empty_tensor,,,1.686,1.686,0,0,0,0
aclnnAddRmsNormBias,,,9.485,9.485,1.72,1.72,0,0
vllm::unquantized_gemm,,,71.159,169.674,0,8.0,0,6.84
P13/1025334/01070/linear,,,80.377,98.515,0,8.0,0,6.84
aten::linear,,,1.503,18.138,0,8.0,0,6.84
aten::t,,,1.27,3.111,0,0,0,0
aten::transpose,,,0.647,1.841,0,0,0,0
aten::as_strided,,,1.194,1.194,0,0,0,0
aten::addmm,,,8.387,13.524,0,8.0,0,6.84
empty_tensor,,,2.343,2.343,0,0,0,0
aclnnAddmm,,,2.794,2.794,8.0,8.0,6.84,6.84
aten::split_with_sizes,,,2.067,3.694,0,0,0,0
aten::as_strided,,,1.14,1.14,0,0,0,0
aten::as_strided,,,0.264,0.264,0,0,0,0
aten::as_strided,,,0.223,0.223,0,0,0,0
vllm::npu_rotary_embedding,,,166.669,861.31,0,2.841,0,0
aten::view,,,1.475,1.475,0,0,0,0
aten::view,,,0.326,0.326,0,0,0,0
P13/1025334/01071/jit_run,,,533.081,689.923,0,2.841,0,0
P13/1025334/01072/launch,,,152.545,156.842,0,2.841,0,0
_triton_rope,,,4.297,4.297,2.841,2.841,0,0
aten::view,,,2.292,2.292,0,0,0,0
aten::view,,,0.625,0.625,0,0,0,0
aten::empty,,,1.109,6.062,0,0,0,0
empty_tensor,,,4.953,4.953,0,0,0,0
aten::view,,,0.807,0.807,0,0,0,0
aten::view,,,0.498,0.498,0,0,0,0
aten::view,,,0.601,0.601,0,0,0,0
aten::view,,,0.527,0.527,0,0,0,0
vllm::unified_attention_with_output,,,97.247,1094.841,0,23.721,0,0
P13/1025334/01073/attention,,,282.225,997.594,0,23.721,0,0
aten::slice,,,1.308,2.664,0,0,0,0
aten::as_strided,,,1.356,1.356,0,0,0,0
aten::slice,,,0.342,0.809,0,0,0,0
aten::as_strided,,,0.467,0.467,0,0,0,0
aten::slice,,,2.561,3.424,0,0,0,0
aten::as_strided,,,0.863,0.863,0,0,0,0
P13/1025334/01074/cache_write,,,143.397,243.097,0,2.36,0,0
P13/1025334/01075/torch_api,,,79.06,99.7,0,2.36,0,0
atb::_npu_reshape_and_cache,,,16.84,20.64,0,2.36,0,0
ReshapeCacheOperation,,,3.8,3.8,2.36,2.36,0,0
P13/1025334/01076/fia,,,243.769,450.469,0,21.361,0,0
aten::view,,,3.129,3.129,0,0,0,0
aten::view,,,1.07,1.07,0,0,0,0
aten::slice,,,0.758,1.749,0,0,0,0
aten::as_strided,,,0.991,0.991,0,0,0,0
P13/1025334/01077/torch_api,,,117.328,170.702,0,20.741,0,0
npu::npu_fused_infer_attention_score,,,41.704,53.374,0,20.741,0,0
empty_tensor,,,4.941,4.941,0,0,0,0
empty_tensor,,,1.582,1.582,0,0,0,0
empty_tensor,,,0.795,0.795,0,0,0,0
empty_tensor,,,0.976,0.976,0,0,0,0
aclnnFusedInferAttentionScoreV3,,,3.376,3.376,20.741,20.741,0,0
aten::view,,,1.689,1.689,0,0,0,0
aten::slice,,,0.911,2.01,0,0,0,0
aten::as_strided,,,1.099,1.099,0,0,0,0
aten::copy_,,,23.712,26.351,0,0.62,0,0
aclnnInplaceCopy,,,2.639,2.639,0.62,0.62,0,0
aten::slice,,,0.582,1.59,0,0,0,0
aten::as_strided,,,1.008,1.008,0,0,0,0
aten::copy_,,,10.543,13.316,0,0,0,0
aclnnInplaceCopy,,,2.773,2.773,0,0,0,0
aten::view,,,1.196,1.196,0,0,0,0
vllm::unquantized_gemm,,,70.647,173.278,0,5.46,0,5.46
P13/1025334/01078/linear,,,76.505,102.631,0,5.46,0,5.46
aten::linear,,,1.832,26.126,0,5.46,0,5.46
aten::t,,,2.156,4.701,0,0,0,0
aten::transpose,,,1.121,2.545,0,0,0,0
aten::as_strided,,,1.424,1.424,0,0,0,0
aten::matmul,,,7.616,19.593,0,5.46,0,5.46
empty_tensor,,,3.922,3.922,0,0,0,0
aclnnMatmul,,,8.055,8.055,5.46,5.46,5.46,5.46
vllm::maybe_chunk_residual,,,7.548,7.548,0,0,0,0
_C_ascend::npu_add_rms_norm_bias,,,15.597,28.392,0,1.64,0,0
aten::empty,,,1.0,3.973,0,0,0,0
empty_tensor,,,2.973,2.973,0,0,0,0
aten::empty,,,0.269,1.57,0,0,0,0
empty_tensor,,,1.301,1.301,0,0,0,0
aten::empty,,,0.226,1.225,0,0,0,0
empty_tensor,,,0.999,0.999,0,0,0,0
aten::empty,,,0.53,2.683,0,0,0,0
empty_tensor,,,2.153,2.153,0,0,0,0
aclnnAddRmsNormBias,,,3.344,3.344,1.64,1.64,0,0
vllm::unquantized_gemm,,,68.101,166.854,0,19.801,0,19.801
P13/1025334/01079/linear,,,81.938,98.753,0,19.801,0,19.801
aten::linear,,,1.285,16.815,0,19.801,0,19.801
aten::t,,,1.699,4.481,0,0,0,0
aten::transpose,,,0.791,2.782,0,0,0,0
aten::as_strided,,,1.991,1.991,0,0,0,0
aten::matmul,,,5.878,11.049,0,19.801,0,19.801
empty_tensor,,,2.43,2.43,0,0,0,0
aclnnMatmul,,,2.741,2.741,19.801,19.801,19.801,19.801
npu::npu_swiglu,,,14.4,18.992,0,2.92,0,0
empty_tensor,,,2.066,2.066,0,0,0,0
aclnnSwiGlu,,,2.526,2.526,2.92,2.92,0,0
vllm::unquantized_gemm,,,64.064,148.197,0,16.381,0,16.381
P13/1025334/01080/linear,,,71.343,84.133,0,16.381,0,16.381
aten::linear,,,0.961,12.79,0,16.381,0,16.381
aten::t,,,1.046,2.79,0,0,0,0
aten::transpose,,,0.596,1.744,0,0,0,0
aten::as_strided,,,1.148,1.148,0,0,0,0
aten::matmul,,,4.653,9.039,0,16.381,0,16.381
empty_tensor,,,1.979,1.979,0,0,0,0
aclnnMatmul,,,2.407,2.407,16.381,16.381,16.381,16.381
vllm::maybe_chunk_residual,,,6.911,6.911,0,0,0,0
_C_ascend::npu_add_rms_norm_bias,,,12.435,23.335,0,1.72,0,0
aten::empty,,,0.698,2.92,0,0,0,0
empty_tensor,,,2.222,2.222,0,0,0,0
aten::empty,,,0.263,1.331,0,0,0,0
empty_tensor,,,1.068,1.068,0,0,0,0
aten::empty,,,0.208,1.107,0,0,0,0
empty_tensor,,,0.899,0.899,0,0,0,0
aten::empty,,,0.369,2.469,0,0,0,0
empty_tensor,,,2.1,2.1,0,0,0,0
aclnnAddRmsNormBias,,,3.073,3.073,1.72,1.72,0,0
vllm::unquantized_gemm,,,80.816,199.551,0,8.16,0,7.12
P13/1025334/01081/linear,,,97.801,118.735,0,8.16,0,7.12
aten::linear,,,1.562,20.934,0,8.16,0,7.12
aten::t,,,1.389,3.938,0,0,0,0
aten::transpose,,,0.68,2.549,0,0,0,0
aten::as_strided,,,1.869,1.869,0,0,0,0
aten::addmm,,,8.378,15.434,0,8.16,0,7.12
empty_tensor,,,2.445,2.445,0,0,0,0
aclnnAddmm,,,4.611,4.611,8.16,8.16,7.12,7.12
aten::split_with_sizes,,,1.947,3.637,0,0,0,0
aten::as_strided,,,1.27,1.27,0,0,0,0
aten::as_strided,,,0.224,0.224,0,0,0,0
aten::as_strided,,,0.196,0.196,0,0,0,0
vllm::npu_rotary_embedding,,,164.716,850.106,0,2.84,0,0
aten::view,,,1.426,1.426,0,0,0,0
aten::view,,,0.634,0.634,0,0,0,0
P13/1025334/01082/jit_run,,,533.357,680.282,0,2.84,0,0
P13/1025334/01083/launch,,,139.293,146.925,0,2.84,0,0
_triton_rope,,,7.632,7.632,2.84,2.84,0,0
aten::view,,,2.385,2.385,0,0,0,0
aten::view,,,0.663,0.663,0,0,0,0
aten::empty,,,1.106,5.79,0,0,0,0
empty_tensor,,,4.684,4.684,0,0,0,0
aten::view,,,0.901,0.901,0,0,0,0
aten::view,,,0.519,0.519,0,0,0,0
aten::view,,,0.465,0.465,0,0,0,0
aten::view,,,0.414,0.414,0,0,0,0
vllm::unified_attention_with_output,,,95.215,1074.988,0,20.441,0,0
P13/1025334/01084/attention,,,291.259,979.773,0,20.441,0,0
aten::slice,,,1.322,2.768,0,0,0,0
aten::as_strided,,,1.446,1.446,0,0,0,0
aten::slice,,,0.544,1.256,0,0,0,0
aten::as_strided,,,0.712,0.712,0,0,0,0
aten::slice,,,4.351,5.368,0,0,0,0
aten::as_strided,,,1.017,1.017,0,0,0,0
P13/1025334/01085/cache_write,,,143.043,245.93,0,1.82,0,0
P13/1025334/01086/torch_api,,,81.869,102.887,0,1.82,0,0
atb::_npu_reshape_and_cache,,,17.33,21.018,0,1.82,0,0
ReshapeCacheOperation,,,3.688,3.688,1.82,1.82,0,0
P13/1025334/01087/fia,,,226.974,417.609,0,18.621,0,0
aten::view,,,3.052,3.052,0,0,0,0
aten::view,,,0.908,0.908,0,0,0,0
aten::slice,,,0.734,1.707,0,0,0,0
aten::as_strided,,,0.973,0.973,0,0,0,0
P13/1025334/01088/torch_api,,,103.846,155.489,0,18.061,0,0
npu::npu_fused_infer_attention_score,,,41.071,51.643,0,18.061,0,0
empty_tensor,,,4.367,4.367,0,0,0,0
empty_tensor,,,1.377,1.377,0,0,0,0
empty_tensor,,,0.849,0.849,0,0,0,0
empty_tensor,,,0.808,0.808,0,0,0,0
aclnnFusedInferAttentionScoreV3,,,3.171,3.171,18.061,18.061,0,0
aten::view,,,1.416,1.416,0,0,0,0
aten::slice,,,0.809,1.943,0,0,0,0
aten::as_strided,,,1.134,1.134,0,0,0,0
aten::copy_,,,23.393,26.12,0,0.56,0,0
aclnnInplaceCopy,,,2.727,2.727,0.56,0.56,0,0
aten::slice,,,0.658,1.64,0,0,0,0
aten::as_strided,,,0.982,0.982,0,0,0,0
aten::copy_,,,11.233,13.943,0,0,0,0
aclnnInplaceCopy,,,2.71,2.71,0,0,0,0
aten::view,,,1.195,1.195,0,0,0,0
vllm::unquantized_gemm,,,71.693,172.367,0,5.7,0,5.7
P13/1025334/01089/linear,,,79.387,100.674,0,5.7,0,5.7
aten::linear,,,1.767,21.287,0,5.7,0,5.7
aten::t,,,1.994,5.289,0,0,0,0
aten::transpose,,,1.138,3.295,0,0,0,0
aten::as_strided,,,2.157,2.157,0,0,0,0
aten::matmul,,,7.47,14.231,0,5.7,0,5.7
empty_tensor,,,3.739,3.739,0,0,0,0
aclnnMatmul,,,3.022,3.022,5.7,5.7,5.7,5.7
vllm::maybe_chunk_residual,,,7.56,7.56,0,0,0,0
_C_ascend::npu_add_rms_norm_bias,,,18.68,32.896,0,1.84,0,0
aten::empty,,,1.14,3.958,0,0,0,0
empty_tensor,,,2.818,2.818,0,0,0,0
aten::empty,,,0.449,1.69,0,0,0,0
empty_tensor,,,1.241,1.241,0,0,0,0
aten::empty,,,0.487,2.348,0,0,0,0
empty_tensor,,,1.861,1.861,0,0,0,0
aten::empty,,,0.425,2.888,0,0,0,0
empty_tensor,,,2.463,2.463,0,0,0,0
aclnnAddRmsNormBias,,,3.332,3.332,1.84,1.84,0,0
vllm::unquantized_gemm,,,71.248,168.659,0,20.46,0,20.46
P13/1025334/01090/linear,,,81.116,97.411,0,20.46,0,20.46
aten::linear,,,1.324,16.295,0,20.46,0,20.46
aten::t,,,1.54,3.839,0,0,0,0
aten::transpose,,,0.82,2.299,0,0,0,0
aten::as_strided,,,1.479,1.479,0,0,0,0
aten::matmul,,,5.909,11.132,0,20.46,0,20.46
empty_tensor,,,2.28,2.28,0,0,0,0
aclnnMatmul,,,2.943,2.943,20.46,20.46,20.46,20.46
npu::npu_swiglu,,,14.706,22.551,0,3.081,0,0
empty_tensor,,,2.096,2.096,0,0,0,0
aclnnSwiGlu,,,5.749,5.749,3.081,3.081,0,0
vllm::unquantized_gemm,,,67.148,160.648,0,16.661,0,16.661
P13/1025334/01091/linear,,,78.758,93.5,0,16.661,0,16.661
aten::linear,,,1.001,14.742,0,16.661,0,16.661
aten::t,,,1.148,3.934,0,0,0,0
aten::transpose,,,0.757,2.786,0,0,0,0
aten::as_strided,,,2.029,2.029,0,0,0,0
aten::matmul,,,4.877,9.807,0,16.661,0,16.661
empty_tensor,,,2.109,2.109,0,0,0,0
aclnnMatmul,,,2.821,2.821,16.661,16.661,16.661,16.661
vllm::maybe_chunk_residual,,,7.104,7.104,0,0,0,0
_C_ascend::npu_add_rms_norm_bias,,,13.137,24.338,0,1.68,0,0
aten::empty,,,0.658,2.924,0,0,0,0
empty_tensor,,,2.266,2.266,0,0,0,0
aten::empty,,,0.281,1.401,0,0,0,0
empty_tensor,,,1.12,1.12,0,0,0,0
aten::empty,,,0.398,1.568,0,0,0,0
empty_tensor,,,1.17,1.17,0,0,0,0
aten::empty,,,0.508,2.349,0,0,0,0
empty_tensor,,,1.841,1.841,0,0,0,0
aclnnAddRmsNormBias,,,2.959,2.959,1.68,1.68,0,0
vllm::unquantized_gemm,,,68.314,161.21,0,7.9,0,6.86
P13/1025334/01092/linear,,,75.727,92.896,0,7.9,0,6.86
aten::linear,,,1.31,17.169,0,7.9,0,6.86
aten::t,,,1.122,3.177,0,0,0,0
aten::transpose,,,0.717,2.055,0,0,0,0
aten::as_strided,,,1.338,1.338,0,0,0,0
aten::addmm,,,7.878,12.682,0,7.9,0,6.86
empty_tensor,,,2.259,2.259,0,0,0,0
aclnnAddmm,,,2.545,2.545,7.9,7.9,6.86,6.86
aten::split_with_sizes,,,1.938,3.507,0,0,0,0
aten::as_strided,,,1.05,1.05,0,0,0,0
aten::as_strided,,,0.328,0.328,0,0,0,0
aten::as_strided,,,0.191,0.191,0,0,0,0
vllm::npu_rotary_embedding,,,170.358,875.799,0,2.9,0,0
aten::view,,,1.401,1.401,0,0,0,0
aten::view,,,0.533,0.533,0,0,0,0
P13/1025334/01093/jit_run,,,540.149,700.367,0,2.9,0,0
P13/1025334/01094/launch,,,155.558,160.218,0,2.9,0,0
_triton_rope,,,4.66,4.66,2.9,2.9,0,0
aten::view,,,2.563,2.563,0,0,0,0
aten::view,,,0.577,0.577,0,0,0,0
aten::empty,,,1.203,5.774,0,0,0,0
empty_tensor,,,4.571,4.571,0,0,0,0
aten::view,,,0.948,0.948,0,0,0,0
aten::view,,,0.716,0.716,0,0,0,0
aten::view,,,0.711,0.711,0,0,0,0
aten::view,,,0.384,0.384,0,0,0,0
vllm::unified_attention_with_output,,,97.635,1095.358,0,24.060000000000002,0,0
P13/1025334/01095/attention,,,283.093,997.723,0,24.060000000000002,0,0
aten::slice,,,1.437,2.83,0,0,0,0
aten::as_strided,,,1.393,1.393,0,0,0,0
aten::slice,,,0.375,0.86,0,0,0,0
aten::as_strided,,,0.485,0.485,0,0,0,0
aten::slice,,,2.47,3.222,0,0,0,0
aten::as_strided,,,0.752,0.752,0,0,0,0
P13/1025334/01096/cache_write,,,147.735,253.876,0,2.16,0,0
P13/1025334/01097/torch_api,,,81.869,106.141,0,2.16,0,0
atb::_npu_reshape_and_cache,,,20.299,24.272,0,2.16,0,0
ReshapeCacheOperation,,,3.973,3.973,2.16,2.16,0,0
P13/1025334/01098/fia,,,238.676,432.227,0,21.900000000000002,0,0
aten::view,,,3.206,3.206,0,0,0,0
aten::view,,,1.033,1.033,0,0,0,0
aten::slice,,,0.721,1.781,0,0,0,0
aten::as_strided,,,1.06,1.06,0,0,0,0
P13/1025334/01099/torch_api,,,104.679,158.156,0,21.28,0,0
npu::npu_fused_infer_attention_score,,,41.509,53.477,0,21.28,0,0
empty_tensor,,,4.735,4.735,0,0,0,0
empty_tensor,,,1.095,1.095,0,0,0,0
empty_tensor,,,0.759,0.759,0,0,0,0
empty_tensor,,,0.821,0.821,0,0,0,0
aclnnFusedInferAttentionScoreV3,,,4.558,4.558,21.28,21.28,0,0
aten::view,,,1.569,1.569,0,0,0,0
aten::slice,,,0.684,1.702,0,0,0,0
aten::as_strided,,,1.018,1.018,0,0,0,0
aten::copy_,,,23.425,26.104,0,0.62,0,0
aclnnInplaceCopy,,,2.679,2.679,0.62,0.62,0,0
aten::slice,,,0.686,1.544,0,0,0,0
aten::as_strided,,,0.858,0.858,0,0,0,0
aten::copy_,,,10.754,20.071,0,0,0,0
aclnnInplaceCopy,,,9.317,9.317,0,0,0,0
aten::view,,,1.288,1.288,0,0,0,0
vllm::unquantized_gemm,,,71.58,165.095,0,5.34,0,5.34
P13/1025334/01100/linear,,,72.851,93.515,0,5.34,0,5.34
aten::linear,,,1.668,20.664,0,5.34,0,5.34
aten::t,,,1.996,4.461,0,0,0,0
aten::transpose,,,1.068,2.465,0,0,0,0
aten::as_strided,,,1.397,1.397,0,0,0,0
aten::matmul,,,7.553,14.535,0,5.34,0,5.34
empty_tensor,,,4.003,4.003,0,0,0,0
aclnnMatmul,,,2.979,2.979,5.34,5.34,5.34,5.34
vllm::maybe_chunk_residual,,,7.612,7.612,0,0,0,0
_C_ascend::npu_add_rms_norm_bias,,,15.801,29.525,0,1.68,0,0
aten::empty,,,0.964,4.036,0,0,0,0
empty_tensor,,,3.072,3.072,0,0,0,0
aten::empty,,,0.408,1.826,0,0,0,0
empty_tensor,,,1.418,1.418,0,0,0,0
aten::empty,,,0.244,1.021,0,0,0,0
empty_tensor,,,0.777,0.777,0,0,0,0
aten::empty,,,0.346,3.608,0,0,0,0
empty_tensor,,,3.262,3.262,0,0,0,0
aclnnAddRmsNormBias,,,3.233,3.233,1.68,1.68,0,0
vllm::unquantized_gemm,,,73.293,176.922,0,19.14,0,19.14
P13/1025334/01101/linear,,,87.269,103.629,0,19.14,0,19.14
aten::linear,,,1.262,16.36,0,19.14,0,19.14
aten::t,,,1.588,3.836,0,0,0,0
aten::transpose,,,0.828,2.248,0,0,0,0
aten::as_strided,,,1.42,1.42,0,0,0,0
aten::matmul,,,6.076,11.262,0,19.14,0,19.14
empty_tensor,,,2.324,2.324,0,0,0,0
aclnnMatmul,,,2.862,2.862,19.14,19.14,19.14,19.14
npu::npu_swiglu,,,14.223,18.837,0,3.02,0,0
empty_tensor,,,2.021,2.021,0,0,0,0
aclnnSwiGlu,,,2.593,2.593,3.02,3.02,0,0
vllm::unquantized_gemm,,,66.719,157.472,0,16.34,0,16.34
P13/1025334/01102/linear,,,78.036,90.753,0,16.34,0,16.34
aten::linear,,,0.897,12.717,0,16.34,0,16.34
aten::t,,,1.182,3.078,0,0,0,0
aten::transpose,,,0.65,1.896,0,0,0,0
aten::as_strided,,,1.246,1.246,0,0,0,0
aten::matmul,,,4.457,8.742,0,16.34,0,16.34
empty_tensor,,,1.856,1.856,0,0,0,0
aclnnMatmul,,,2.429,2.429,16.34,16.34,16.34,16.34
vllm::maybe_chunk_residual,,,6.918,6.918,0,0,0,0
_C_ascend::npu_add_rms_norm_bias,,,12.562,23.767,0,1.78,0,0
aten::empty,,,0.665,2.912,0,0,0,0
empty_tensor,,,2.247,2.247,0,0,0,0
aten::empty,,,0.249,1.394,0,0,0,0
empty_tensor,,,1.145,1.145,0,0,0,0
aten::empty,,,0.403,1.415,0,0,0,0
empty_tensor,,,1.012,1.012,0,0,0,0
aten::empty,,,0.365,2.259,0,0,0,0
empty_tensor,,,1.894,1.894,0,0,0,0
aclnnAddRmsNormBias,,,3.225,3.225,1.78,1.78,0,0
vllm::unquantized_gemm,,,70.638,177.893,0,8.3,0,6.9
P13/1025334/01103/linear,,,86.444,107.255,0,8.3,0,6.9
aten::linear,,,1.52,20.811,0,8.3,0,6.9
aten::t,,,1.393,3.473,0,0,0,0
aten::transpose,,,0.77,2.08,0,0,0,0
aten::as_strided,,,1.31,1.31,0,0,0,0
aten::addmm,,,8.442,15.818,0,8.3,0,6.9
empty_tensor,,,2.076,2.076,0,0,0,0
aclnnAddmm,,,5.3,5.3,8.3,8.3,6.9,6.9
aten::split_with_sizes,,,1.926,3.595,0,0,0,0
aten::as_strided,,,1.178,1.178,0,0,0,0
aten::as_strided,,,0.248,0.248,0,0,0,0
aten::as_strided,,,0.243,0.243,0,0,0,0
vllm::npu_rotary_embedding,,,168.142,862.751,0,2.92,0,0
aten::view,,,1.398,1.398,0,0,0,0
aten::view,,,0.733,0.733,0,0,0,0
P13/1025334/01104/jit_run,,,536.602,689.421,0,2.92,0,0
P13/1025334/01105/launch,,,148.28,152.819,0,2.92,0,0
_triton_rope,,,4.539,4.539,2.92,2.92,0,0
aten::view,,,2.5,2.5,0,0,0,0
aten::view,,,0.557,0.557,0,0,0,0
aten::empty,,,1.307,6.116,0,0,0,0
empty_tensor,,,4.809,4.809,0,0,0,0
aten::view,,,0.988,0.988,0,0,0,0
aten::view,,,0.724,0.724,0,0,0,0
aten::view,,,0.561,0.561,0,0,0,0
aten::view,,,0.46,0.46,0,0,0,0
vllm::unified_attention_with_output,,,95.429,1118.668,0,25.022,0,0
P13/1025334/01106/attention,,,321.118,1023.239,0,25.022,0,0
aten::slice,,,1.176,2.495,0,0,0,0
aten::as_strided,,,1.319,1.319,0,0,0,0
aten::slice,,,1.363,1.741,0,0,0,0
aten::as_strided,,,0.378,0.378,0,0,0,0
aten::slice,,,2.484,3.24,0,0,0,0
aten::as_strided,,,0.756,0.756,0,0,0,0
P13/1025334/01107/cache_write,,,140.02,240.175,0,1.901,0,0
P13/1025334/01108/torch_api,,,79.593,100.155,0,1.901,0,0
atb::_npu_reshape_and_cache,,,16.95,20.562,0,1.901,0,0
ReshapeCacheOperation,,,3.612,3.612,1.901,1.901,0,0
P13/1025334/01109/fia,,,240.217,439.088,0,23.121,0,0
aten::view,,,3.744,3.744,0,0,0,0
aten::view,,,0.91,0.91,0,0,0,0
aten::slice,,,0.814,1.897,0,0,0,0
aten::as_strided,,,1.083,1.083,0,0,0,0
P13/1025334/01110/torch_api,,,108.777,162.599,0,22.561,0,0
npu::npu_fused_infer_attention_score,,,41.855,53.822,0,22.561,0,0
empty_tensor,,,5.378,5.378,0,0,0,0
empty_tensor,,,1.158,1.158,0,0,0,0
empty_tensor,,,1.101,1.101,0,0,0,0
empty_tensor,,,0.715,0.715,0,0,0,0
aclnnFusedInferAttentionScoreV3,,,3.615,3.615,22.561,22.561,0,0
aten::view,,,1.481,1.481,0,0,0,0
aten::slice,,,0.638,1.634,0,0,0,0
aten::as_strided,,,0.996,0.996,0,0,0,0
aten::copy_,,,23.521,26.606,0,0.56,0,0
aclnnInplaceCopy,,,3.085,3.085,0.56,0.56,0,0
aten::slice,,,0.603,1.536,0,0,0,0
aten::as_strided,,,0.933,0.933,0,0,0,0
aten::copy_,,,11.062,13.846,0,0,0,0
aclnnInplaceCopy,,,2.784,2.784,0,0,0,0
aten::view,,,1.289,1.289,0,0,0,0
vllm::unquantized_gemm,,,69.244,168.662,0,5.54,0,5.54
P13/1025334/01111/linear,,,78.261,99.418,0,5.54,0,5.54
aten::linear,,,1.919,21.157,0,5.54,0,5.54
aten::t,,,2.182,4.744,0,0,0,0
aten::transpose,,,1.165,2.562,0,0,0,0
aten::as_strided,,,1.397,1.397,0,0,0,0
aten::matmul,,,7.67,14.494,0,5.54,0,5.54
empty_tensor,,,3.781,3.781,0,0,0,0
aclnnMatmul,,,3.043,3.043,5.54,5.54,5.54,5.54
vllm::maybe_chunk_residual,,,7.669,7.669,0,0,0,0
_C_ascend::npu_add_rms_norm_bias,,,16.04,32.703,0,1.76,0,0
aten::empty,,,1.155,3.941,0,0,0,0
empty_tensor,,,2.786,2.786,0,0,0,0
aten::empty,,,0.369,1.777,0,0,0,0
empty_tensor,,,1.408,1.408,0,0,0,0
aten::empty,,,0.235,1.199,0,0,0,0
empty_tensor,,,0.964,0.964,0,0,0,0
aten::empty,,,0.47,2.935,0,0,0,0
empty_tensor,,,2.465,2.465,0,0,0,0
aclnnAddRmsNormBias,,,6.811,6.811,1.76,1.76,0,0
vllm::unquantized_gemm,,,80.25,191.109,0,18.921,0,18.921
P13/1025334/01112/linear,,,92.182,110.859,0,18.921,0,18.921
aten::linear,,,1.296,18.677,0,18.921,0,18.921
aten::t,,,1.437,3.951,0,0,0,0
aten::transpose,,,0.891,2.514,0,0,0,0
aten::as_strided,,,1.623,1.623,0,0,0,0
aten::matmul,,,6.323,13.43,0,18.921,0,18.921
empty_tensor,,,2.384,2.384,0,0,0,0
aclnnMatmul,,,4.723,4.723,18.921,18.921,18.921,18.921
npu::npu_swiglu,,,14.468,19.122,0,2.94,0,0
empty_tensor,,,2.022,2.022,0,0,0,0
aclnnSwiGlu,,,2.632,2.632,2.94,2.94,0,0
vllm::unquantized_gemm,,,67.769,163.021,0,16.26,0,16.26
P13/1025334/01113/linear,,,81.307,95.252,0,16.26,0,16.26
aten::linear,,,1.29,13.945,0,16.26,0,16.26
aten::t,,,1.22,3.229,0,0,0,0
aten::transpose,,,0.669,2.009,0,0,0,0
aten::as_strided,,,1.34,1.34,0,0,0,0
aten::matmul,,,4.831,9.426,0,16.26,0,16.26
empty_tensor,,,1.975,1.975,0,0,0,0
aclnnMatmul,,,2.62,2.62,16.26,16.26,16.26,16.26
vllm::maybe_chunk_residual,,,7.166,7.166,0,0,0,0
_C_ascend::npu_add_rms_norm_bias,,,12.895,24.426,0,1.68,0,0
aten::empty,,,0.733,3.112,0,0,0,0
empty_tensor,,,2.379,2.379,0,0,0,0
aten::empty,,,0.251,1.544,0,0,0,0
empty_tensor,,,1.293,1.293,0,0,0,0
aten::empty,,,0.392,1.3,0,0,0,0
empty_tensor,,,0.908,0.908,0,0,0,0
aten::empty,,,0.416,2.269,0,0,0,0
empty_tensor,,,1.853,1.853,0,0,0,0
aclnnAddRmsNormBias,,,3.306,3.306,1.68,1.68,0,0
vllm::unquantized_gemm,,,69.173,166.173,0,7.92,0,6.82
P13/1025334/01114/linear,,,79.745,97.0,0,7.92,0,6.82
aten::linear,,,1.364,17.255,0,7.92,0,6.82
aten::t,,,1.186,3.101,0,0,0,0
aten::transpose,,,0.621,1.915,0,0,0,0
aten::as_strided,,,1.294,1.294,0,0,0,0
aten::addmm,,,7.874,12.79,0,7.92,0,6.82
empty_tensor,,,2.065,2.065,0,0,0,0
aclnnAddmm,,,2.851,2.851,7.92,7.92,6.82,6.82
aten::split_with_sizes,,,1.9,3.498,0,0,0,0
aten::as_strided,,,1.106,1.106,0,0,0,0
aten::as_strided,,,0.268,0.268,0,0,0,0
aten::as_strided,,,0.224,0.224,0,0,0,0
vllm::npu_rotary_embedding,,,165.466,876.683,0,3.16,0,0
aten::view,,,1.3,1.3,0,0,0,0
aten::view,,,1.615,1.615,0,0,0,0
P13/1025334/01115/jit_run,,,545.982,705.097,0,3.16,0,0
P13/1025334/01116/launch,,,154.08,159.115,0,3.16,0,0
_triton_rope,,,5.035,5.035,3.16,3.16,0,0
aten::view,,,2.588,2.588,0,0,0,0
aten::view,,,0.617,0.617,0,0,0,0
aten::empty,,,1.194,5.785,0,0,0,0
empty_tensor,,,4.591,4.591,0,0,0,0
aten::view,,,1.145,1.145,0,0,0,0
aten::view,,,0.695,0.695,0,0,0,0
aten::view,,,0.771,0.771,0,0,0,0
aten::view,,,0.594,0.594,0,0,0,0
vllm::unified_attention_with_output,,,95.567,1101.673,0,23.201,0,0
P13/1025334/01117/attention,,,294.865,1006.106,0,23.201,0,0
aten::slice,,,1.433,2.894,0,0,0,0
aten::as_strided,,,1.461,1.461,0,0,0,0
aten::slice,,,0.469,0.956,0,0,0,0
aten::as_strided,,,0.487,0.487,0,0,0,0
aten::slice,,,2.608,3.584,0,0,0,0
aten::as_strided,,,0.976,0.976,0,0,0,0
P13/1025334/01118/cache_write,,,141.272,241.76,0,2.0,0,0
P13/1025334/01119/torch_api,,,78.944,100.488,0,2.0,0,0
atb::_npu_reshape_and_cache,,,17.654,21.544,0,2.0,0,0
ReshapeCacheOperation,,,3.89,3.89,2.0,2.0,0,0
P13/1025334/01120/fia,,,236.803,446.207,0,21.201,0,0
aten::view,,,3.158,3.158,0,0,0,0
aten::view,,,1.053,1.053,0,0,0,0
aten::slice,,,1.69,2.803,0,0,0,0
aten::as_strided,,,1.113,1.113,0,0,0,0
P13/1025334/01121/torch_api,,,112.778,165.524,0,20.581,0,0
npu::npu_fused_infer_attention_score,,,41.413,52.746,0,20.581,0,0
empty_tensor,,,4.685,4.685,0,0,0,0
empty_tensor,,,1.52,1.52,0,0,0,0
empty_tensor,,,0.937,0.937,0,0,0,0
empty_tensor,,,0.656,0.656,0,0,0,0
aclnnFusedInferAttentionScoreV3,,,3.535,3.535,20.581,20.581,0,0
aten::view,,,1.544,1.544,0,0,0,0
aten::slice,,,0.797,1.878,0,0,0,0
aten::as_strided,,,1.081,1.081,0,0,0,0
aten::copy_,,,23.501,33.444,0,0.62,0,0
aclnnInplaceCopy,,,9.943,9.943,0.62,0.62,0,0
aten::slice,,,0.682,1.682,0,0,0,0
aten::as_strided,,,1.0,1.0,0,0,0,0
aten::copy_,,,11.52,14.158,0,0,0,0
aclnnInplaceCopy,,,2.638,2.638,0,0,0,0
aten::view,,,1.248,1.248,0,0,0,0
vllm::unquantized_gemm,,,76.718,179.92,0,5.3,0,5.3
P13/1025334/01122/linear,,,75.823,103.202,0,5.3,0,5.3
aten::linear,,,1.742,27.379,0,5.3,0,5.3
aten::t,,,2.382,4.874,0,0,0,0
aten::transpose,,,1.139,2.492,0,0,0,0
aten::as_strided,,,1.353,1.353,0,0,0,0
aten::matmul,,,13.997,20.763,0,5.3,0,5.3
empty_tensor,,,3.867,3.867,0,0,0,0
aclnnMatmul,,,2.899,2.899,5.3,5.3,5.3,5.3
vllm::maybe_chunk_residual,,,7.748,7.748,0,0,0,0
_C_ascend::npu_add_rms_norm_bias,,,16.352,30.062,0,1.7,0,0
aten::empty,,,1.079,4.148,0,0,0,0
empty_tensor,,,3.069,3.069,0,0,0,0
aten::empty,,,0.416,1.716,0,0,0,0
empty_tensor,,,1.3,1.3,0,0,0,0
aten::empty,,,0.248,1.84,0,0,0,0
empty_tensor,,,1.592,1.592,0,0,0,0
aten::empty,,,0.509,2.906,0,0,0,0
empty_tensor,,,2.397,2.397,0,0,0,0
aclnnAddRmsNormBias,,,3.1,3.1,1.7,1.7,0,0
vllm::unquantized_gemm,,,77.387,185.434,0,19.381,0,19.381
P13/1025334/01123/linear,,,91.306,108.047,0,19.381,0,19.381
aten::linear,,,1.562,16.741,0,19.381,0,19.381
aten::t,,,1.561,3.97,0,0,0,0
aten::transpose,,,0.876,2.409,0,0,0,0
aten::as_strided,,,1.533,1.533,0,0,0,0
aten::matmul,,,6.163,11.209,0,19.381,0,19.381
empty_tensor,,,2.357,2.357,0,0,0,0
aclnnMatmul,,,2.689,2.689,19.381,19.381,19.381,19.381
npu::npu_swiglu,,,14.204,18.713,0,3.02,0,0
empty_tensor,,,2.007,2.007,0,0,0,0
aclnnSwiGlu,,,2.502,2.502,3.02,3.02,0,0
vllm::unquantized_gemm,,,67.007,156.115,0,16.521,0,16.521
P13/1025334/01124/linear,,,75.538,89.108,0,16.521,0,16.521
aten::linear,,,1.018,13.57,0,16.521,0,16.521
aten::t,,,1.313,3.138,0,0,0,0
aten::transpose,,,0.676,1.825,0,0,0,0
aten::as_strided,,,1.149,1.149,0,0,0,0
aten::matmul,,,4.565,9.414,0,16.521,0,16.521
empty_tensor,,,2.005,2.005,0,0,0,0
aclnnMatmul,,,2.844,2.844,16.521,16.521,16.521,16.521
vllm::maybe_chunk_residual,,,6.91,6.91,0,0,0,0
_C_ascend::npu_add_rms_norm_bias,,,12.138,29.609,0,1.7,0,0
aten::empty,,,0.629,2.854,0,0,0,0
empty_tensor,,,2.225,2.225,0,0,0,0
aten::empty,,,0.237,1.285,0,0,0,0
empty_tensor,,,1.048,1.048,0,0,0,0
aten::empty,,,0.282,1.403,0,0,0,0
empty_tensor,,,1.121,1.121,0,0,0,0
aten::empty,,,1.039,2.883,0,0,0,0
empty_tensor,,,1.844,1.844,0,0,0,0
aclnnAddRmsNormBias,,,9.046,9.046,1.7,1.7,0,0
vllm::unquantized_gemm,,,70.468,172.482,0,8.501000000000001,0,7.36
P13/1025334/01125/linear,,,83.777,102.014,0,8.501000000000001,0,7.36
aten::linear,,,1.497,18.237,0,8.501000000000001,0,7.36
aten::t,,,1.267,3.312,0,0,0,0
aten::transpose,,,0.698,2.045,0,0,0,0
aten::as_strided,,,1.347,1.347,0,0,0,0
aten::addmm,,,7.927,13.428,0,8.501000000000001,0,7.36
empty_tensor,,,2.092,2.092,0,0,0,0
aclnnAddmm,,,3.409,3.409,8.501000000000001,8.501000000000001,7.36,7.36
aten::split_with_sizes,,,2.016,3.581,0,0,0,0
aten::as_strided,,,1.113,1.113,0,0,0,0
aten::as_strided,,,0.231,0.231,0,0,0,0
aten::as_strided,,,0.221,0.221,0,0,0,0
vllm::npu_rotary_embedding,,,168.02,863.801,0,2.92,0,0
aten::view,,,1.308,1.308,0,0,0,0
aten::view,,,0.545,0.545,0,0,0,0
P13/1025334/01126/jit_run,,,536.513,690.741,0,2.92,0,0
P13/1025334/01127/launch,,,149.223,154.228,0,2.92,0,0
_triton_rope,,,5.005,5.005,2.92,2.92,0,0
aten::view,,,2.594,2.594,0,0,0,0
aten::view,,,0.593,0.593,0,0,0,0
aten::empty,,,1.201,5.959,0,0,0,0
empty_tensor,,,4.758,4.758,0,0,0,0
aten::view,,,1.001,1.001,0,0,0,0
aten::view,,,0.7,0.7,0,0,0,0
aten::view,,,0.545,0.545,0,0,0,0
aten::view,,,0.619,0.619,0,0,0,0
vllm::unified_attention_with_output,,,97.812,1100.206,0,24.081,0,0
P13/1025334/01128/attention,,,292.175,1002.394,0,24.081,0,0
aten::slice,,,1.431,2.796,0,0,0,0
aten::as_strided,,,1.365,1.365,0,0,0,0
aten::slice,,,0.599,1.056,0,0,0,0
aten::as_strided,,,0.457,0.457,0,0,0,0
aten::slice,,,2.413,3.117,0,0,0,0
aten::as_strided,,,0.704,0.704,0,0,0,0
P13/1025334/01129/cache_write,,,143.329,247.035,0,1.7,0,0
P13/1025334/01130/torch_api,,,80.221,103.706,0,1.7,0,0
atb::_npu_reshape_and_cache,,,18.864,23.485,0,1.7,0,0
ReshapeCacheOperation,,,4.621,4.621,1.7,1.7,0,0
P13/1025334/01131/fia,,,241.069,440.574,0,22.381,0,0
aten::view,,,3.405,3.405,0,0,0,0
aten::view,,,0.875,0.875,0,0,0,0
aten::slice,,,0.775,1.737,0,0,0,0
aten::as_strided,,,0.962,0.962,0,0,0,0
P13/1025334/01132/torch_api,,,109.123,163.071,0,21.82,0,0
npu::npu_fused_infer_attention_score,,,40.757,53.948,0,21.82,0,0
empty_tensor,,,4.677,4.677,0,0,0,0
empty_tensor,,,1.268,1.268,0,0,0,0
empty_tensor,,,0.818,0.818,0,0,0,0
empty_tensor,,,0.837,0.837,0,0,0,0
aclnnFusedInferAttentionScoreV3,,,5.591,5.591,21.82,21.82,0,0
aten::view,,,1.526,1.526,0,0,0,0
aten::slice,,,0.715,2.321,0,0,0,0
aten::as_strided,,,1.606,1.606,0,0,0,0
aten::copy_,,,23.679,26.57,0,0.561,0,0
aclnnInplaceCopy,,,2.891,2.891,0.561,0.561,0,0
aten::slice,,,0.632,1.627,0,0,0,0
aten::as_strided,,,0.995,0.995,0,0,0,0
aten::copy_,,,11.139,14.014,0,0,0,0
aclnnInplaceCopy,,,2.875,2.875,0,0,0,0
aten::view,,,1.329,1.329,0,0,0,0
vllm::unquantized_gemm,,,71.688,170.646,0,5.54,0,5.54
P13/1025334/01133/linear,,,78.302,98.958,0,5.54,0,5.54
aten::linear,,,1.749,20.656,0,5.54,0,5.54
aten::t,,,2.07,4.707,0,0,0,0
aten::transpose,,,1.213,2.637,0,0,0,0
aten::as_strided,,,1.424,1.424,0,0,0,0
aten::matmul,,,7.503,14.2,0,5.54,0,5.54
empty_tensor,,,3.807,3.807,0,0,0,0
aclnnMatmul,,,2.89,2.89,5.54,5.54,5.54,5.54
vllm::maybe_chunk_residual,,,7.635,7.635,0,0,0,0
_C_ascend::npu_add_rms_norm_bias,,,15.413,35.34,0,1.8,0,0
aten::empty,,,1.017,3.875,0,0,0,0
empty_tensor,,,2.858,2.858,0,0,0,0
aten::empty,,,0.285,1.531,0,0,0,0
empty_tensor,,,1.246,1.246,0,0,0,0
aten::empty,,,0.401,1.441,0,0,0,0
empty_tensor,,,1.04,1.04,0,0,0,0
aten::empty,,,0.553,3.173,0,0,0,0
empty_tensor,,,2.62,2.62,0,0,0,0
aclnnAddRmsNormBias,,,9.907,9.907,1.8,1.8,0,0
vllm::unquantized_gemm,,,74.194,170.717,0,19.58,0,19.58
P13/1025334/01134/linear,,,80.217,96.523,0,19.58,0,19.58
aten::linear,,,1.222,16.306,0,19.58,0,19.58
aten::t,,,1.394,3.665,0,0,0,0
aten::transpose,,,0.809,2.271,0,0,0,0
aten::as_strided,,,1.462,1.462,0,0,0,0
aten::matmul,,,6.178,11.419,0,19.58,0,19.58
empty_tensor,,,2.419,2.419,0,0,0,0
aclnnMatmul,,,2.822,2.822,19.58,19.58,19.58,19.58
npu::npu_swiglu,,,14.233,19.503,0,2.98,0,0
empty_tensor,,,2.749,2.749,0,0,0,0
aclnnSwiGlu,,,2.521,2.521,2.98,2.98,0,0
vllm::unquantized_gemm,,,65.43,151.55,0,16.441,0,16.441
P13/1025334/01135/linear,,,73.131,86.12,0,16.441,0,16.441
aten::linear,,,1.101,12.989,0,16.441,0,16.441
aten::t,,,1.17,3.164,0,0,0,0
aten::transpose,,,0.729,1.994,0,0,0,0
aten::as_strided,,,1.265,1.265,0,0,0,0
aten::matmul,,,4.355,8.724,0,16.441,0,16.441
empty_tensor,,,1.992,1.992,0,0,0,0
aclnnMatmul,,,2.377,2.377,16.441,16.441,16.441,16.441
vllm::maybe_chunk_residual,,,6.535,6.535,0,0,0,0
_C_ascend::npu_add_rms_norm_bias,,,12.296,22.648,0,1.66,0,0
aten::empty,,,0.589,2.835,0,0,0,0
empty_tensor,,,2.246,2.246,0,0,0,0
aten::empty,,,0.263,1.094,0,0,0,0
empty_tensor,,,0.831,0.831,0,0,0,0
aten::empty,,,0.35,1.476,0,0,0,0
empty_tensor,,,1.126,1.126,0,0,0,0
aten::empty,,,0.415,2.055,0,0,0,0
empty_tensor,,,1.64,1.64,0,0,0,0
aclnnAddRmsNormBias,,,2.892,2.892,1.66,1.66,0,0
vllm::unquantized_gemm,,,83.611,198.49,0,8.02,0,6.94
P13/1025334/01136/linear,,,95.461,114.879,0,8.02,0,6.94
aten::linear,,,1.499,19.418,0,8.02,0,6.94
aten::t,,,1.279,3.376,0,0,0,0
aten::transpose,,,0.73,2.097,0,0,0,0
aten::as_strided,,,1.367,1.367,0,0,0,0
aten::addmm,,,8.665,14.543,0,8.02,0,6.94
empty_tensor,,,2.523,2.523,0,0,0,0
aclnnAddmm,,,3.355,3.355,8.02,8.02,6.94,6.94
aten::split_with_sizes,,,1.937,3.581,0,0,0,0
aten::as_strided,,,1.049,1.049,0,0,0,0
aten::as_strided,,,0.248,0.248,0,0,0,0
aten::as_strided,,,0.347,0.347,0,0,0,0
vllm::npu_rotary_embedding,,,164.445,864.599,0,2.84,0,0
aten::view,,,1.348,1.348,0,0,0,0
aten::view,,,0.286,0.286,0,0,0,0
P13/1025334/01137/jit_run,,,546.455,695.678,0,2.84,0,0
P13/1025334/01138/launch,,,139.55,149.223,0,2.84,0,0
_triton_rope,,,9.673,9.673,2.84,2.84,0,0
aten::view,,,2.282,2.282,0,0,0,0
aten::view,,,0.56,0.56,0,0,0,0
aten::empty,,,1.147,5.368,0,0,0,0
empty_tensor,,,4.221,4.221,0,0,0,0
aten::view,,,0.777,0.777,0,0,0,0
aten::view,,,0.565,0.565,0,0,0,0
aten::view,,,0.474,0.474,0,0,0,0
aten::view,,,0.413,0.413,0,0,0,0
vllm::unified_attention_with_output,,,101.649,1095.605,0,20.961,0,0
P13/1025334/01139/attention,,,298.138,993.956,0,20.961,0,0
aten::slice,,,1.342,2.762,0,0,0,0
aten::as_strided,,,1.42,1.42,0,0,0,0
aten::slice,,,0.348,0.692,0,0,0,0
aten::as_strided,,,0.344,0.344,0,0,0,0
aten::slice,,,2.535,3.29,0,0,0,0
aten::as_strided,,,0.755,0.755,0,0,0,0
P13/1025334/01140/cache_write,,,149.234,253.942,0,1.92,0,0
P13/1025334/01141/torch_api,,,80.911,104.708,0,1.92,0,0
atb::_npu_reshape_and_cache,,,17.272,23.797,0,1.92,0,0
ReshapeCacheOperation,,,6.525,6.525,1.92,1.92,0,0
P13/1025334/01142/fia,,,226.971,420.778,0,19.041,0,0
aten::view,,,3.093,3.093,0,0,0,0
aten::view,,,1.41,1.41,0,0,0,0
aten::slice,,,0.725,1.75,0,0,0,0
aten::as_strided,,,1.025,1.025,0,0,0,0
P13/1025334/01143/torch_api,,,105.998,158.612,0,18.421,0,0
npu::npu_fused_infer_attention_score,,,41.846,52.614,0,18.421,0,0
empty_tensor,,,4.38,4.38,0,0,0,0
empty_tensor,,,0.88,0.88,0,0,0,0
empty_tensor,,,0.765,0.765,0,0,0,0
empty_tensor,,,0.665,0.665,0,0,0,0
aclnnFusedInferAttentionScoreV3,,,4.078,4.078,18.421,18.421,0,0
aten::view,,,1.4,1.4,0,0,0,0
aten::slice,,,0.645,1.659,0,0,0,0
aten::as_strided,,,1.014,1.014,0,0,0,0
aten::copy_,,,23.13,25.883,0,0.62,0,0
aclnnInplaceCopy,,,2.753,2.753,0.62,0.62,0,0
aten::slice,,,0.582,1.507,0,0,0,0
aten::as_strided,,,0.925,0.925,0,0,0,0
aten::copy_,,,10.324,12.847,0,0,0,0
aclnnInplaceCopy,,,2.523,2.523,0,0,0,0
aten::view,,,1.274,1.274,0,0,0,0
vllm::unquantized_gemm,,,73.423,178.757,0,5.38,0,5.38
P13/1025334/01144/linear,,,83.574,105.334,0,5.38,0,5.38
aten::linear,,,1.767,21.76,0,5.38,0,5.38
aten::t,,,2.075,4.637,0,0,0,0
aten::transpose,,,1.077,2.562,0,0,0,0
aten::as_strided,,,1.485,1.485,0,0,0,0
aten::matmul,,,7.741,15.356,0,5.38,0,5.38
empty_tensor,,,4.318,4.318,0,0,0,0
aclnnMatmul,,,3.297,3.297,5.38,5.38,5.38,5.38
vllm::maybe_chunk_residual,,,7.519,7.519,0,0,0,0
_C_ascend::npu_add_rms_norm_bias,,,15.987,29.529,0,1.66,0,0
aten::empty,,,0.991,3.817,0,0,0,0
empty_tensor,,,2.826,2.826,0,0,0,0
aten::empty,,,1.206,2.65,0,0,0,0
empty_tensor,,,1.444,1.444,0,0,0,0
aten::empty,,,0.411,1.19,0,0,0,0
empty_tensor,,,0.779,0.779,0,0,0,0
aten::empty,,,0.405,2.651,0,0,0,0
empty_tensor,,,2.246,2.246,0,0,0,0
aclnnAddRmsNormBias,,,3.234,3.234,1.66,1.66,0,0
vllm::unquantized_gemm,,,70.625,166.732,0,19.361,0,19.361
P13/1025334/01145/linear,,,80.324,96.107,0,19.361,0,19.361
aten::linear,,,1.226,15.783,0,19.361,0,19.361
aten::t,,,1.306,3.522,0,0,0,0
aten::transpose,,,0.677,2.216,0,0,0,0
aten::as_strided,,,1.539,1.539,0,0,0,0
aten::matmul,,,5.834,11.035,0,19.361,0,19.361
empty_tensor,,,2.32,2.32,0,0,0,0
aclnnMatmul,,,2.881,2.881,19.361,19.361,19.361,19.361
npu::npu_swiglu,,,14.007,18.63,0,4.36,0,0
empty_tensor,,,2.065,2.065,0,0,0,0
aclnnSwiGlu,,,2.558,2.558,4.36,4.36,0,0
vllm::unquantized_gemm,,,65.313,157.046,0,16.201,0,16.201
P13/1025334/01146/linear,,,72.122,91.733,0,16.201,0,16.201
aten::linear,,,1.025,19.611,0,16.201,0,16.201
aten::t,,,1.123,2.839,0,0,0,0
aten::transpose,,,0.583,1.716,0,0,0,0
aten::as_strided,,,1.133,1.133,0,0,0,0
aten::matmul,,,4.441,15.747,0,16.201,0,16.201
empty_tensor,,,1.981,1.981,0,0,0,0
aclnnMatmul,,,9.325,9.325,16.201,16.201,16.201,16.201
vllm::maybe_chunk_residual,,,6.875,6.875,0,0,0,0
_C_ascend::npu_add_rms_norm_bias,,,12.727,24.462,0,2.501,0,0
aten::empty,,,0.62,2.972,0,0,0,0
empty_tensor,,,2.352,2.352,0,0,0,0
aten::empty,,,0.257,2.065,0,0,0,0
empty_tensor,,,1.808,1.808,0,0,0,0
aten::empty,,,0.254,1.23,0,0,0,0
empty_tensor,,,0.976,0.976,0,0,0,0
aten::empty,,,0.492,2.389,0,0,0,0
empty_tensor,,,1.897,1.897,0,0,0,0
aclnnAddRmsNormBias,,,3.079,3.079,2.501,2.501,0,0
vllm::unquantized_gemm,,,69.537,168.03,0,7.88,0,6.76
P13/1025334/01147/linear,,,81.276,98.493,0,7.88,0,6.76
aten::linear,,,1.43,17.217,0,7.88,0,6.76
aten::t,,,1.214,3.264,0,0,0,0
aten::transpose,,,0.61,2.05,0,0,0,0
aten::as_strided,,,1.44,1.44,0,0,0,0
aten::addmm,,,7.835,12.523,0,7.88,0,6.76
empty_tensor,,,2.015,2.015,0,0,0,0
aclnnAddmm,,,2.673,2.673,7.88,7.88,6.76,6.76
aten::split_with_sizes,,,2.082,3.875,0,0,0,0
aten::as_strided,,,1.181,1.181,0,0,0,0
aten::as_strided,,,0.264,0.264,0,0,0,0
aten::as_strided,,,0.348,0.348,0,0,0,0
vllm::npu_rotary_embedding,,,168.052,891.3,0,2.94,0,0
aten::view,,,1.34,1.34,0,0,0,0
aten::view,,,0.499,0.499,0,0,0,0
P13/1025334/01148/jit_run,,,543.818,718.218,0,2.94,0,0
P13/1025334/01149/launch,,,168.921,174.4,0,2.94,0,0
_triton_rope,,,5.479,5.479,2.94,2.94,0,0
aten::view,,,2.641,2.641,0,0,0,0
aten::view,,,0.55,0.55,0,0,0,0
aten::empty,,,1.093,6.39,0,0,0,0
empty_tensor,,,5.297,5.297,0,0,0,0
aten::view,,,0.918,0.918,0,0,0,0
aten::view,,,1.254,1.254,0,0,0,0
aten::view,,,0.641,0.641,0,0,0,0
aten::view,,,0.558,0.558,0,0,0,0
vllm::unified_attention_with_output,,,97.001,1083.065,0,24.881,0,0
P13/1025334/01150/attention,,,286.533,986.064,0,24.881,0,0
aten::slice,,,1.37,2.916,0,0,0,0
aten::as_strided,,,1.546,1.546,0,0,0,0
aten::slice,,,0.464,0.984,0,0,0,0
aten::as_strided,,,0.52,0.52,0,0,0,0
aten::slice,,,2.592,3.377,0,0,0,0
aten::as_strided,,,0.785,0.785,0,0,0,0
P13/1025334/01151/cache_write,,,140.395,240.568,0,2.22,0,0
P13/1025334/01152/torch_api,,,78.251,100.173,0,2.22,0,0
atb::_npu_reshape_and_cache,,,17.833,21.922,0,2.22,0,0
ReshapeCacheOperation,,,4.089,4.089,2.22,2.22,0,0
P13/1025334/01153/fia,,,232.61,430.393,0,22.660999999999998,0,0
aten::view,,,3.11,3.11,0,0,0,0
aten::view,,,0.998,0.998,0,0,0,0
aten::slice,,,0.693,1.711,0,0,0,0
aten::as_strided,,,1.018,1.018,0,0,0,0
P13/1025334/01154/torch_api,,,109.793,162.793,0,22.101,0,0
npu::npu_fused_infer_attention_score,,,41.534,53.0,0,22.101,0,0
empty_tensor,,,4.605,4.605,0,0,0,0
empty_tensor,,,1.28,1.28,0,0,0,0
empty_tensor,,,0.815,0.815,0,0,0,0
empty_tensor,,,1.51,1.51,0,0,0,0
aclnnFusedInferAttentionScoreV3,,,3.256,3.256,22.101,22.101,0,0
aten::view,,,1.464,1.464,0,0,0,0
aten::slice,,,0.732,1.803,0,0,0,0
aten::as_strided,,,1.071,1.071,0,0,0,0
aten::copy_,,,23.222,25.904,0,0.56,0,0
aclnnInplaceCopy,,,2.682,2.682,0.56,0.56,0,0
aten::slice,,,0.661,1.674,0,0,0,0
aten::as_strided,,,1.013,1.013,0,0,0,0
aten::copy_,,,10.907,19.619,0,0,0,0
aclnnInplaceCopy,,,8.712,8.712,0,0,0,0
aten::view,,,1.264,1.264,0,0,0,0
vllm::unquantized_gemm,,,71.802,169.537,0,5.62,0,5.62
P13/1025334/01155/linear,,,76.85,97.735,0,5.62,0,5.62
aten::linear,,,1.702,20.885,0,5.62,0,5.62
aten::t,,,2.258,4.816,0,0,0,0
aten::transpose,,,1.076,2.558,0,0,0,0
aten::as_strided,,,1.482,1.482,0,0,0,0
aten::matmul,,,7.702,14.367,0,5.62,0,5.62
empty_tensor,,,3.872,3.872,0,0,0,0
aclnnMatmul,,,2.793,2.793,5.62,5.62,5.62,5.62
vllm::maybe_chunk_residual,,,7.802,7.802,0,0,0,0
_C_ascend::npu_add_rms_norm_bias,,,15.422,28.034,0,1.66,0,0
aten::empty,,,0.927,3.725,0,0,0,0
empty_tensor,,,2.798,2.798,0,0,0,0
aten::empty,,,0.309,1.56,0,0,0,0
empty_tensor,,,1.251,1.251,0,0,0,0
aten::empty,,,0.342,1.369,0,0,0,0
empty_tensor,,,1.027,1.027,0,0,0,0
aten::empty,,,0.562,2.831,0,0,0,0
empty_tensor,,,2.269,2.269,0,0,0,0
aclnnAddRmsNormBias,,,3.127,3.127,1.66,1.66,0,0
vllm::unquantized_gemm,,,73.625,169.339,0,19.341,0,19.341
P13/1025334/01156/linear,,,77.251,95.714,0,19.341,0,19.341
aten::linear,,,1.332,18.463,0,19.341,0,19.341
aten::t,,,1.402,3.404,0,0,0,0
aten::transpose,,,0.699,2.002,0,0,0,0
aten::as_strided,,,1.303,1.303,0,0,0,0
aten::matmul,,,6.68,13.727,0,19.341,0,19.341
empty_tensor,,,2.298,2.298,0,0,0,0
aclnnMatmul,,,4.749,4.749,19.341,19.341,19.341,19.341
npu::npu_swiglu,,,15.447,20.296,0,2.94,0,0
empty_tensor,,,2.187,2.187,0,0,0,0
aclnnSwiGlu,,,2.662,2.662,2.94,2.94,0,0
vllm::unquantized_gemm,,,73.129,181.604,0,16.561,0,16.561
P13/1025334/01157/linear,,,93.999,108.475,0,16.561,0,16.561
aten::linear,,,1.21,14.476,0,16.561,0,16.561
aten::t,,,1.415,3.54,0,0,0,0
aten::transpose,,,0.719,2.125,0,0,0,0
aten::as_strided,,,1.406,1.406,0,0,0,0
aten::matmul,,,5.161,9.726,0,16.561,0,16.561
empty_tensor,,,2.093,2.093,0,0,0,0
aclnnMatmul,,,2.472,2.472,16.561,16.561,16.561,16.561
vllm::maybe_chunk_residual,,,7.621,7.621,0,0,0,0
_C_ascend::npu_add_rms_norm_bias,,,13.319,24.683,0,1.66,0,0
aten::empty,,,0.734,3.124,0,0,0,0
empty_tensor,,,2.39,2.39,0,0,0,0
aten::empty,,,0.238,1.129,0,0,0,0
empty_tensor,,,0.891,0.891,0,0,0,0
aten::empty,,,0.299,1.642,0,0,0,0
empty_tensor,,,1.343,1.343,0,0,0,0
aten::empty,,,0.384,2.466,0,0,0,0
empty_tensor,,,2.082,2.082,0,0,0,0
aclnnAddRmsNormBias,,,3.003,3.003,1.66,1.66,0,0
vllm::unquantized_gemm,,,69.781,170.04,0,8.52,0,7.2
P13/1025334/01158/linear,,,81.902,100.259,0,8.52,0,7.2
aten::linear,,,1.375,18.357,0,8.52,0,7.2
aten::t,,,1.287,3.135,0,0,0,0
aten::transpose,,,0.62,1.848,0,0,0,0
aten::as_strided,,,1.228,1.228,0,0,0,0
aten::addmm,,,8.762,13.847,0,8.52,0,7.2
empty_tensor,,,2.364,2.364,0,0,0,0
aclnnAddmm,,,2.721,2.721,8.52,8.52,7.2,7.2
aten::split_with_sizes,,,1.998,3.49,0,0,0,0
aten::as_strided,,,1.028,1.028,0,0,0,0
aten::as_strided,,,0.228,0.228,0,0,0,0
aten::as_strided,,,0.236,0.236,0,0,0,0
vllm::npu_rotary_embedding,,,165.437,869.269,0,2.861,0,0
aten::view,,,1.399,1.399,0,0,0,0
aten::view,,,0.511,0.511,0,0,0,0
P13/1025334/01159/jit_run,,,539.156,698.794,0,2.861,0,0
P13/1025334/01160/launch,,,148.948,159.638,0,2.861,0,0
_triton_rope,,,10.69,10.69,2.861,2.861,0,0
aten::view,,,2.526,2.526,0,0,0,0
aten::view,,,0.602,0.602,0,0,0,0
aten::empty,,,1.077,5.523,0,0,0,0
empty_tensor,,,4.446,4.446,0,0,0,0
aten::view,,,0.893,0.893,0,0,0,0
aten::view,,,0.518,0.518,0,0,0,0
aten::view,,,0.586,0.586,0,0,0,0
aten::view,,,0.604,0.604,0,0,0,0
vllm::unified_attention_with_output,,,96.876,1111.903,0,22.681,0,0
P13/1025334/01161/attention,,,304.151,1015.027,0,22.681,0,0
aten::slice,,,1.303,2.658,0,0,0,0
aten::as_strided,,,1.355,1.355,0,0,0,0
aten::slice,,,0.445,0.874,0,0,0,0
aten::as_strided,,,0.429,0.429,0,0,0,0
aten::slice,,,2.636,3.5,0,0,0,0
aten::as_strided,,,0.864,0.864,0,0,0,0
P13/1025334/01162/cache_write,,,140.107,244.645,0,1.64,0,0
P13/1025334/01163/torch_api,,,82.309,104.538,0,1.64,0,0
atb::_npu_reshape_and_cache,,,18.672,22.229,0,1.64,0,0
ReshapeCacheOperation,,,3.557,3.557,1.64,1.64,0,0
P13/1025334/01164/fia,,,241.361,444.299,0,21.041,0,0
aten::view,,,3.64,3.64,0,0,0,0
aten::view,,,1.158,1.158,0,0,0,0
aten::slice,,,0.763,1.955,0,0,0,0
aten::as_strided,,,1.192,1.192,0,0,0,0
P13/1025334/01165/torch_api,,,113.931,166.519,0,20.421,0,0
npu::npu_fused_infer_attention_score,,,41.482,52.588,0,20.421,0,0
empty_tensor,,,4.861,4.861,0,0,0,0
empty_tensor,,,1.296,1.296,0,0,0,0
empty_tensor,,,0.848,0.848,0,0,0,0
empty_tensor,,,0.754,0.754,0,0,0,0
aclnnFusedInferAttentionScoreV3,,,3.347,3.347,20.421,20.421,0,0
aten::view,,,1.539,1.539,0,0,0,0
aten::slice,,,0.701,1.871,0,0,0,0
aten::as_strided,,,1.17,1.17,0,0,0,0
aten::copy_,,,23.355,26.256,0,0.62,0,0
aclnnInplaceCopy,,,2.901,2.901,0.62,0.62,0,0
aten::slice,,,0.577,1.552,0,0,0,0
aten::as_strided,,,0.975,0.975,0,0,0,0
aten::copy_,,,10.826,13.348,0,0,0,0
aclnnInplaceCopy,,,2.522,2.522,0,0,0,0
aten::view,,,1.273,1.273,0,0,0,0
vllm::unquantized_gemm,,,70.644,170.541,0,5.72,0,5.72
P13/1025334/01166/linear,,,78.461,99.897,0,5.72,0,5.72
aten::linear,,,1.776,21.436,0,5.72,0,5.72
aten::t,,,2.274,5.001,0,0,0,0
aten::transpose,,,1.213,2.727,0,0,0,0
aten::as_strided,,,1.514,1.514,0,0,0,0
aten::matmul,,,8.227,14.659,0,5.72,0,5.72
empty_tensor,,,3.827,3.827,0,0,0,0
aclnnMatmul,,,2.605,2.605,5.72,5.72,5.72,5.72
vllm::maybe_chunk_residual,,,7.494,7.494,0,0,0,0
_C_ascend::npu_add_rms_norm_bias,,,15.872,29.397,0,1.74,0,0
aten::empty,,,1.087,4.066,0,0,0,0
empty_tensor,,,2.979,2.979,0,0,0,0
aten::empty,,,0.292,1.735,0,0,0,0
empty_tensor,,,1.443,1.443,0,0,0,0
aten::empty,,,0.209,1.078,0,0,0,0
empty_tensor,,,0.869,0.869,0,0,0,0
aten::empty,,,0.475,3.039,0,0,0,0
empty_tensor,,,2.564,2.564,0,0,0,0
aclnnAddRmsNormBias,,,3.607,3.607,1.74,1.74,0,0
vllm::unquantized_gemm,,,69.962,166.059,0,19.841,0,19.841
P13/1025334/01167/linear,,,77.205,96.097,0,19.841,0,19.841
aten::linear,,,1.235,18.892,0,19.841,0,19.841
aten::t,,,1.502,3.694,0,0,0,0
aten::transpose,,,0.784,2.192,0,0,0,0
aten::as_strided,,,1.408,1.408,0,0,0,0
aten::matmul,,,5.591,13.963,0,19.841,0,19.841
empty_tensor,,,2.378,2.378,0,0,0,0
aclnnMatmul,,,5.994,5.994,19.841,19.841,19.841,19.841
npu::npu_swiglu,,,15.397,20.209,0,3.041,0,0
empty_tensor,,,2.198,2.198,0,0,0,0
aclnnSwiGlu,,,2.614,2.614,3.041,3.041,0,0
vllm::unquantized_gemm,,,73.426,172.94,0,16.261,0,16.261
P13/1025334/01168/linear,,,83.019,99.514,0,16.261,0,16.261
aten::linear,,,1.425,16.495,0,16.261,0,16.261
aten::t,,,1.138,3.144,0,0,0,0
aten::transpose,,,0.69,2.006,0,0,0,0
aten::as_strided,,,1.316,1.316,0,0,0,0
aten::matmul,,,7.154,11.926,0,16.261,0,16.261
empty_tensor,,,2.033,2.033,0,0,0,0
aclnnMatmul,,,2.739,2.739,16.261,16.261,16.261,16.261
vllm::maybe_chunk_residual,,,7.303,7.303,0,0,0,0
_C_ascend::npu_add_rms_norm_bias,,,12.931,24.961,0,1.68,0,0
aten::empty,,,0.718,3.177,0,0,0,0
empty_tensor,,,2.459,2.459,0,0,0,0
aten::empty,,,0.255,1.618,0,0,0,0
empty_tensor,,,1.363,1.363,0,0,0,0
aten::empty,,,0.383,1.658,0,0,0,0
empty_tensor,,,1.275,1.275,0,0,0,0
aten::empty,,,0.466,2.261,0,0,0,0
empty_tensor,,,1.795,1.795,0,0,0,0
aclnnAddRmsNormBias,,,3.316,3.316,1.68,1.68,0,0
aten::index,,,8.012,15.134,0,8.42,0,0
empty_tensor,,,1.219,1.219,0,0,0,0
empty_tensor,,,1.417,1.417,0,0,0,0
aclnnIndex,,,4.486,4.486,8.42,8.42,0,0
aten::linear,,,1.207,12.456,0,220.189,0,220.189
aten::t,,,1.364,3.276,0,0,0,0
aten::transpose,,,0.697,1.912,0,0,0,0
aten::as_strided,,,1.215,1.215,0,0,0,0
aten::matmul,,,4.307,7.973,0,220.189,0,220.189
empty_tensor,,,1.365,1.365,0,0,0,0
aclnnMatmul,,,2.301,2.301,220.189,220.189,220.189,220.189
aten::alias,,,1.206,1.206,0,0,0,0
P13/1025334/01169/sample,,,807.304,3600.024,0,360.035,0,0
aten::to,,,0.892,18.079,0,8.18,0,0
aten::_to_copy,,,2.55,17.187,0,8.18,0,0
aten::empty,,,0.926,4.742,0,0,0,0
empty_tensor,,,3.816,3.816,0,0,0,0
aten::copy_,,,6.399,9.895,0,8.18,0,0
aclnnInplaceCopy,,,3.496,3.496,8.18,8.18,0,0
aten::lift_fresh,,,0.342,0.342,0,0,0,0
aten::to,,,0.686,0.686,0,0,0,0
aten::pin_memory,,,1.42,26.681,0,0,0,0
aten::is_pinned,,,10.411,10.411,0,0,0,0
aten::_pin_memory,,,7.513,14.85,0,0,0,0
aten::set_,,,2.527,2.527,0,0,0,0
aten::copy_,,,4.81,4.81,0,0,0,0
aten::to,,,0.631,17.146,0,2.7,0,0
aten::_to_copy,,,1.635,16.515,0,2.7,0,0
aten::empty_strided,,,3.376,4.583,0,0,0,0
empty_tensor,,,1.207,1.207,0,0,0,0
aten::copy_,,,7.276,10.297,0,2.7,0,0
acl_memcpy_host_to_device,,,3.021,3.021,2.7,2.7,0,0
record_event,,,9.856,9.856,0.02,0.02,0,0
aten::eq,,,4.31,6.842,0,2.12,0,0
empty_tensor,,,1.656,1.656,0,0,0,0
aclnnEqScalar,,,0.876,0.876,2.12,2.12,0,0
aten::masked_fill_,,,26.562,29.043,0,57.182,0,0
aclnnInplaceMaskedFillScalar,,,2.481,2.481,57.182,57.182,0,0
aten::zeros,,,1.842,7.637,0,8.621,0,0
empty_tensor,,,1.974,1.974,0,0,0,0
aten::zero_,,,2.47,3.821,0,8.621,0,0
aclnnInplaceZero,,,1.351,1.351,8.621,8.621,0,0
P13/1025334/01170/jit_run,,,497.868,634.504,0,65.203,0,0
P13/1025334/01171/launch,,,132.383,136.636,0,65.203,0,0
token_bin_counts_and_mask_kernel,,,4.253,4.253,65.203,65.203,0,0
aten::gt,,,9.147,16.032,0,25.662,0,0
empty_tensor,,,3.952,3.952,0,0,0,0
aclnnGtScalar,,,2.933,2.933,25.662,25.662,0,0
aten::zeros,,,1.593,8.509,0,2.76,0,0
empty_tensor,,,2.527,2.527,0,0,0,0
aten::zero_,,,2.656,4.389,0,2.76,0,0
aclnnInplaceZero,,,1.733,1.733,2.76,2.76,0,0
P13/1025334/01172/jit_run,,,470.479,591.87,0,75.543,0,0
P13/1025334/01173/launch,,,114.443,121.391,0,75.543,0,0
token_bin_counts_and_mask_kernel,,,6.948,6.948,75.543,75.543,0,0
aten::gt,,,7.923,14.625,0,12.881,0,0
empty_tensor,,,3.785,3.785,0,0,0,0
aclnnGtScalar,,,2.917,2.917,12.881,12.881,0,0
P13/1025334/01174/jit_run,,,572.489,725.786,0,75.723,0,0
P13/1025334/01175/launch,,,149.183,153.297,0,75.723,0,0
apply_all_penalties_kernel,,,4.114,4.114,75.723,75.723,0,0
aten::argmax,,,3.328,23.154,0,19.92,0,0
aten::empty,,,1.183,5.011,0,0,0,0
empty_tensor,,,3.828,3.828,0,0,0,0
aten::argmax,,,8.792,14.815,0,19.92,0,0
aten::reshape,,,0.632,2.71,0,0,0,0
aten::view,,,2.078,2.078,0,0,0,0
aclnnArgMax,,,3.313,3.313,19.92,19.92,0,0
aten::view,,,0.758,0.758,0,0,0,0
aten::to,,,0.57,0.57,0,0,0,0
aten::to,,,0.631,11.433,0,1.36,0,0
aten::_to_copy,,,1.718,10.802,0,1.36,0,0
aten::empty,,,0.397,2.072,0,0,0,0
empty_tensor,,,1.675,1.675,0,0,0,0
aten::copy_,,,4.504,7.012,0,1.36,0,0
aclnnInplaceCopy,,,2.508,2.508,1.36,1.36,0,0
aten::unsqueeze,,,1.071,2.518,0,0,0,0
aten::as_strided,,,1.447,1.447,0,0,0,0
P13/1025334/01176/to_list,,,143.233,643.314,0,2.16,0,0
aten::slice,,,4.006,5.133,0,0,0,0
aten::as_strided,,,1.127,1.127,0,0,0,0
aten::copy_,,,9.743,13.8,0,2.14,0,0
acl_memcpy_device_to_host,,,4.057,4.057,2.14,2.14,0,0
Event::record,,,127.135,295.874,0,0.02,0,0
P13/1025334/01177/event_record,,,165.245,168.739,0,0.02,0,0
record_event,,,3.494,3.494,0.02,0.02,0,0
Event::synchronize,,,112.262,184.785,0,0,0,0
P13/1025334/01178/synchronize,,,72.523,72.523,0,0,0,0
aten::resolve_conj,,,0.364,0.364,0,0,0,0
aten::resolve_neg,,,0.125,0.125,0,0,0,0
aten::slice,,,1.196,3.335,0,0,0,0
aten::as_strided,,,2.139,2.139,0,0,0,0
aten::slice,,,4.604,7.081,0,0,0,0
aten::as_strided,,,2.477,2.477,0,0,0,0
aten::slice,,,0.733,1.045,0,0,0,0
aten::as_strided,,,0.312,0.312,0,0,0,0
aten::slice,,,0.65,0.988,0,0,0,0
aten::as_strided,,,0.338,0.338,0,0,0,0
