Device_id,Model ID,Task ID,Stream ID,Name,Type,OP State,Accelerator Core,Start Time(us),Duration(us),Wait Time(us),Block Num,Mix Block Num,HF32 Eligible,Input Shapes,Input Data Types,Input Formats,Output Shapes,Output Data Types,Output Formats,Context ID
0,4294967295,1307,46,aclnnInplaceFillScalar_FillAiCore_Fill,Fill,dynamic,AI_VECTOR_CORE,1790170486697235.494	,1.060,0,1,0,NO,"""1;""",INT64;INT32,ND;ND,"""1""",INT32,ND,N/A
0,4294967295,1310,46,aclnnInplaceFillScalar_FillAiCore_Fill,Fill,dynamic,AI_VECTOR_CORE,1790170486697296.577	,0.940,59.940000,1,0,NO,"""1;""",INT64;INT32,ND;ND,"""1""",INT32,ND,N/A
0,4294967295,1315,46,aclnnIndex_IndexAiCore_Index,Index,dynamic,AI_VECTOR_CORE,1790170486697409.361	,8.641,111.810000,48,0,NO,"""1;1;1;126""",INT32;INT64;INT64;INT64,ND;ND;ND;ND,"""126""",INT32,ND,N/A
0,4294967295,1316,46,aclnnInplaceCopy_CastAiCore_Cast,Cast,dynamic,AI_VECTOR_CORE,1790170486697447.303	,1.180,29.359000,1,0,NO,"""126""",INT32,ND,"""126""",INT64,ND,N/A
0,4294967295,1317,46,aclnnAdd_AddAiCore_Add,Add,dynamic,AI_VECTOR_CORE,1790170486697476.064	,2.580,27.570000,1,0,NO,"""126;126""",INT64;INT64,ND;ND,"""126""",INT64,ND,N/A
0,4294967295,1319,46,aclnnAdd_AddAiCore_Add,Add,dynamic,AI_VECTOR_CORE,1790170486697514.605	,1.460,35.920000,1,0,NO,"""1;1""",INT32;INT32,ND;ND,"""1""",INT32,ND,N/A
0,4294967295,1321,46,_compute_slot_mapping_kernel,_compute_slot_mapping_kernel,static,AI_VECTOR_CORE,1790170486697786.636	,120.005,270.790000,2,0,YES,"""2;126;1,1""",3625965952;32620;INT32,ND;ND;ND,"""130""",INT64,ND,N/A
0,4294967295,1322,46,aclnnSubs_SubAiCore_Sub,Sub,dynamic,AI_VECTOR_CORE,1790170486697906.661	,1.340,0.000000,1,0,NO,"""1;""",INT32;INT32,ND;ND,"""1""",INT32,ND,N/A
0,4294967295,1324,46,aclnnIndexSelect_GatherV3AiCore_GatherV3,GatherV3,dynamic,AI_VECTOR_CORE,1790170486698484.584	,11.761,576.410000,48,0,NO,"""32768,64;126;1""",DT_BF16;INT64;INT64,ND;ND;ND,"""126,64""",DT_BF16,ND,N/A
0,4294967295,1325,46,aclnnRepeat_TileAiCore_Tile,Tile,dynamic,AI_VECTOR_CORE,1790170486698496.365	,15.260,0.000000,42,0,NO,"""126,2,32;3""",DT_BF16;INT64,NCL;ND,"""126,2,64""",DT_BF16,ND,N/A
0,4294967295,1326,46,aclnnInplaceCopy_SliceAiCore_Slice,Slice,dynamic,AI_VECTOR_CORE,1790170486698542.787	,3.120,31.240000,12,0,NO,"""126,128;2;2""",DT_BF16;INT64;INT64,NCHW;ND;ND,"""126,64""",DT_BF16,NCHW,N/A
0,4294967295,1327,46,aclnnIndexSelect_GatherV3AiCore_GatherV3,GatherV3,dynamic,AI_VECTOR_CORE,1790170486698545.927	,7.600,0.130000,48,0,NO,"""32768,64;126;1""",DT_BF16;INT64;INT64,ND;ND;ND,"""126,64""",DT_BF16,ND,N/A
0,4294967295,1328,46,aclnnRepeat_TileAiCore_Tile,Tile,dynamic,AI_VECTOR_CORE,1790170486698553.547	,5.380,0.000000,42,0,NO,"""126,2,32;3""",DT_BF16;INT64,NCL;ND,"""126,2,64""",DT_BF16,ND,N/A
0,4294967295,1329,46,aclnnInplaceCopy_SliceAiCore_Slice,Slice,dynamic,AI_VECTOR_CORE,1790170486698579.748	,2.280,20.870000,12,0,NO,"""126,128;2;2""",DT_BF16;INT64;INT64,NCHW;ND;ND,"""126,64""",DT_BF16,NCHW,N/A
0,4294967295,1330,46,aclnnInplaceCopy_CastAiCore_Cast,Cast,dynamic,AI_VECTOR_CORE,1790170486698982.204	,1.280,400.220000,1,0,NO,"""126""",INT32,ND,"""126""",INT64,ND,N/A
0,4294967295,1331,46,aclnnEmbedding_GatherV2AiCore_GatherV2,GatherV2,dynamic,AI_VECTOR_CORE,1790170486699011.605	,10.341,27.970000,42,0,NO,"""151936,896;126;1""",DT_BF16;INT64;INT64,ND;ND;ND,"""126,896""",DT_BF16,ND,N/A
0,4294967295,1332,46,RmsNorm,RmsNorm,dynamic,AI_VECTOR_CORE,1790170486699142.491	,20.360,120.659000,42,0,NO,"""126,896;896""",DT_BF16;DT_BF16,ND;ND,"""126,896;126,1""",DT_BF16;FLOAT,ND;ND,N/A
0,4294967295,1333,46,aclnnAddmm_CastAiCore_Cast,Cast,dynamic,AI_VECTOR_CORE,1790170486699228.294	,1.060,65.390000,2,0,NO,"""1152""",DT_BF16,ND,"""1152""",FLOAT,ND,N/A
0,4294967295,1334,46,aclnnAddmm_MatMulCommon_MatMulV2,MatMulV2,dynamic,AI_CORE,1790170486699230.874	,8.960,1.440000,24,0,NO,"""126,896;1152,896;1152""",DT_BF16;DT_BF16;FLOAT,ND;ND;ND,"""126,1152""",DT_BF16,ND,N/A
0,4294967295,1335,46,aclnnInplaceCopy_SliceAiCore_Slice,Slice,dynamic,AI_VECTOR_CORE,1790170486699311.677	,2.120,72.040000,12,0,NO,"""126,18,64;3;3""",DT_BF16;INT64;INT64,NCL;ND;ND,"""126,14,64""",DT_BF16,NCL,N/A
0,4294967295,1336,46,aclnnInplaceCopy_SliceAiCore_Slice,Slice,dynamic,AI_VECTOR_CORE,1790170486699322.818	,2.480,8.880000,12,0,NO,"""126,18,64;3;3""",DT_BF16;INT64;INT64,NCL;ND;ND,"""126,2,64""",DT_BF16,NCL,N/A
0,4294967295,1337,46,_triton_rope,_triton_rope,static,AI_VECTOR_CORE,1790170486699534.246	,13.361,209.020000,48,0,YES,"""126,14,64;126,2,64;32768,64""",DT_BF16;32620;DT_BF16,ND;ND;ND,"""126,14,64;126,2,64""",DT_BF16;32620,ND;ND,N/A
0,4294967295,1338,46,aclnnInplaceCopy_SliceAiCore_Slice,Slice,dynamic,AI_VECTOR_CORE,1790170486700005.605	,2.560,457.889000,12,0,NO,"""126,18,64;3;3""",DT_BF16;INT64;INT64,NCL;ND;ND,"""126,2,64""",DT_BF16,NCL,N/A
0,4294967295,1339,46,ReshapeAndCacheNdKernel,ReshapeAndCacheNdKernel,dynamic,AI_VECTOR_CORE,1790170486700088.608	,10.361,80.440000,48,0,NO,"""126,2,64;126,2,64;2,128,2,64;2,128,2,64;126""",DT_BF16;DT_BF16;DT_BF16;DT_BF16;INT32,ND;ND;ND;ND;ND,"""2,128,2,64;2,128,2,64""",DT_BF16;DT_BF16,ND;ND,N/A
0,4294967295,1340,46,aclnnContiguous_SliceAiCore_Slice,Slice,dynamic,AI_VECTOR_CORE,1790170486700465.943	,2.401,367.139000,12,0,NO,"""126,18,64;3;3""",DT_BF16;INT64;INT64,NCL;ND;ND,"""126,2,64""",DT_BF16,NCL,N/A
0,4294967295,1341,46,FusedInferAttentionScore,FusedInferAttentionScore,dynamic,MIX_AIC,1790170486700513.725	,29.182,45.349000,24,48,NO,"""126,14,64;126,2,64;126,2,64;;2048,2048;1;1;;;;;;;;;;;;;;;;;;;;;;;;""",DT_BF16;DT_BF16;DT_BF16;DT_UNDEFINED;INT8;INT64;INT64;DT_UNDEFINED;DT_UNDEFINED;DT_UNDEFINED;DT_UNDEFINED;DT_UNDEFINED;DT_UNDEFINED;DT_UNDEFINED;DT_UNDEFINED;DT_UNDEFINED;DT_UNDEFINED;DT_UNDEFINED;DT_UNDEFINED;DT_UNDEFINED;DT_UNDEFINED;DT_UNDEFINED;DT_UNDEFINED;DT_UNDEFINED;DT_UNDEFINED;DT_UNDEFINED;DT_UNDEFINED;DT_UNDEFINED;DT_UNDEFINED;DT_UNDEFINED;DT_UNDEFINED,ND;ND;ND;NULL;ND;ND;ND;NULL;NULL;NULL;NULL;NULL;NULL;NULL;NULL;NULL;NULL;NULL;NULL;NULL;NULL;NULL;NULL;NULL;NULL;NULL;NULL;NULL;NULL;NULL;NULL,"""126,14,64;""",DT_BF16;FLOAT,ND;ND,0
0,4294967295,1343,46,aclnnMatmul_MatMulCommon_MatMulV2,MatMulV2,dynamic,AI_CORE,1790170486700732.994	,8.020,190.068000,24,0,NO,"""126,896;896,896""",DT_BF16;DT_BF16,ND;ND,"""126,896""",DT_BF16,ND,N/A
0,4294967295,1344,46,AddRmsNormBias,AddRmsNormBias,dynamic,AI_VECTOR_CORE,1790170486700823.918	,15.760,82.980000,42,0,NO,"""126,896;126,896;896;""",DT_BF16;DT_BF16;DT_BF16;DT_UNDEFINED,ND;ND;ND;NULL,"""126,896;126,1;126,896""",DT_BF16;FLOAT;DT_BF16,ND;ND;ND,N/A
0,4294967295,1345,46,aclnnMatmul_MatMulCommon_MatMulV2,MatMulV2,dynamic,AI_CORE,1790170486700867.799	,23.801,27.990000,22,0,NO,"""126,896;9728,896""",DT_BF16;DT_BF16,ND;ND,"""126,9728""",DT_BF16,ND,N/A
0,4294967295,1346,46,SwiGlu,SwiGlu,dynamic,AI_VECTOR_CORE,1790170486700913.341	,16.321,21.699000,48,0,NO,"""126,9728""",DT_BF16,ND,"""126,4864""",DT_BF16,ND,N/A
0,4294967295,1347,46,aclnnMatmul_MatMulCommon_MatMulV2,MatMulV2,dynamic,AI_CORE,1790170486700949.023	,21.621,19.429000,24,0,NO,"""126,4864;896,4864""",DT_BF16;DT_BF16,ND;ND,"""126,896""",DT_BF16,ND,N/A
0,4294967295,1348,46,AddRmsNormBias,AddRmsNormBias,dynamic,AI_VECTOR_CORE,1790170486701011.105	,12.681,40.379000,42,0,NO,"""126,896;126,896;896;""",DT_BF16;DT_BF16;DT_BF16;DT_UNDEFINED,ND;ND;ND;NULL,"""126,896;126,1;126,896""",DT_BF16;FLOAT;DT_BF16,ND;ND;ND,N/A
0,4294967295,1349,46,aclnnAddmm_CastAiCore_Cast,Cast,dynamic,AI_VECTOR_CORE,1790170486701056.387	,1.080,32.819000,2,0,NO,"""1152""",DT_BF16,ND,"""1152""",FLOAT,ND,N/A
0,4294967295,1350,46,aclnnAddmm_MatMulCommon_MatMulV2,MatMulV2,dynamic,AI_CORE,1790170486701058.707	,8.440,1.170000,24,0,NO,"""126,896;1152,896;1152""",DT_BF16;DT_BF16;FLOAT,ND;ND;ND,"""126,1152""",DT_BF16,ND,N/A
0,4294967295,1351,46,aclnnInplaceCopy_SliceAiCore_Slice,Slice,dynamic,AI_VECTOR_CORE,1790170486701134.270	,2.540,67.060000,12,0,NO,"""126,18,64;3;3""",DT_BF16;INT64;INT64,NCL;ND;ND,"""126,14,64""",DT_BF16,NCL,N/A
0,4294967295,1352,46,aclnnInplaceCopy_SliceAiCore_Slice,Slice,dynamic,AI_VECTOR_CORE,1790170486701157.411	,2.440,20.710000,12,0,NO,"""126,18,64;3;3""",DT_BF16;INT64;INT64,NCL;ND;ND,"""126,2,64""",DT_BF16,NCL,N/A
0,4294967295,1353,46,_triton_rope,_triton_rope,static,AI_VECTOR_CORE,1790170486701348.919	,12.540,189.060000,48,0,YES,"""126,14,64;126,2,64;32768,64""",DT_BF16;32620;DT_BF16,ND;ND;ND,"""126,14,64;126,2,64""",DT_BF16;32620,ND;ND,N/A
0,4294967295,1354,46,aclnnInplaceCopy_SliceAiCore_Slice,Slice,dynamic,AI_VECTOR_CORE,1790170486701754.595	,2.420,392.960000,12,0,NO,"""126,18,64;3;3""",DT_BF16;INT64;INT64,NCL;ND;ND,"""126,2,64""",DT_BF16,NCL,N/A
0,4294967295,1355,46,ReshapeAndCacheNdKernel,ReshapeAndCacheNdKernel,dynamic,AI_VECTOR_CORE,1790170486701775.736	,10.160,18.830000,48,0,NO,"""126,2,64;126,2,64;2,128,2,64;2,128,2,64;126""",DT_BF16;DT_BF16;DT_BF16;DT_BF16;INT32,ND;ND;ND;ND;ND,"""2,128,2,64;2,128,2,64""",DT_BF16;DT_BF16,ND;ND,N/A
0,4294967295,1356,46,aclnnContiguous_SliceAiCore_Slice,Slice,dynamic,AI_VECTOR_CORE,1790170486702147.071	,2.480,361.090000,12,0,NO,"""126,18,64;3;3""",DT_BF16;INT64;INT64,NCL;ND;ND,"""126,2,64""",DT_BF16,NCL,N/A
0,4294967295,1357,46,FusedInferAttentionScore,FusedInferAttentionScore,dynamic,MIX_AIC,1790170486702174.792	,26.901,25.270000,24,48,NO,"""126,14,64;126,2,64;126,2,64;;2048,2048;1;1;;;;;;;;;;;;;;;;;;;;;;;;""",DT_BF16;DT_BF16;DT_BF16;DT_UNDEFINED;INT8;INT64;INT64;DT_UNDEFINED;DT_UNDEFINED;DT_UNDEFINED;DT_UNDEFINED;DT_UNDEFINED;DT_UNDEFINED;DT_UNDEFINED;DT_UNDEFINED;DT_UNDEFINED;DT_UNDEFINED;DT_UNDEFINED;DT_UNDEFINED;DT_UNDEFINED;DT_UNDEFINED;DT_UNDEFINED;DT_UNDEFINED;DT_UNDEFINED;DT_UNDEFINED;DT_UNDEFINED;DT_UNDEFINED;DT_UNDEFINED;DT_UNDEFINED;DT_UNDEFINED;DT_UNDEFINED,ND;ND;ND;NULL;ND;ND;ND;NULL;NULL;NULL;NULL;NULL;NULL;NULL;NULL;NULL;NULL;NULL;NULL;NULL;NULL;NULL;NULL;NULL;NULL;NULL;NULL;NULL;NULL;NULL;NULL,"""126,14,64;""",DT_BF16;FLOAT,ND;ND,0
0,4294967295,1359,46,aclnnMatmul_MatMulCommon_MatMulV2,MatMulV2,dynamic,AI_CORE,1790170486702424.962	,7.400,223.349000,24,0,NO,"""126,896;896,896""",DT_BF16;DT_BF16,ND;ND,"""126,896""",DT_BF16,ND,N/A
0,4294967295,1360,46,AddRmsNormBias,AddRmsNormBias,dynamic,AI_VECTOR_CORE,1790170486702501.625	,13.520,69.100000,42,0,NO,"""126,896;126,896;896;""",DT_BF16;DT_BF16;DT_BF16;DT_UNDEFINED,ND;ND;ND;NULL,"""126,896;126,1;126,896""",DT_BF16;FLOAT;DT_BF16,ND;ND;ND,N/A
0,4294967295,1361,46,aclnnMatmul_MatMulCommon_MatMulV2,MatMulV2,dynamic,AI_CORE,1790170486702548.247	,23.541,33.230000,22,0,NO,"""126,896;9728,896""",DT_BF16;DT_BF16,ND;ND,"""126,9728""",DT_BF16,ND,N/A
0,4294967295,1362,46,SwiGlu,SwiGlu,dynamic,AI_VECTOR_CORE,1790170486702587.668	,14.561,15.959000,48,0,NO,"""126,9728""",DT_BF16,ND,"""126,4864""",DT_BF16,ND,N/A
0,4294967295,1363,46,aclnnMatmul_MatMulCommon_MatMulV2,MatMulV2,dynamic,AI_CORE,1790170486702620.630	,21.760,18.439000,24,0,NO,"""126,4864;896,4864""",DT_BF16;DT_BF16,ND;ND,"""126,896""",DT_BF16,ND,N/A
0,4294967295,1364,46,AddRmsNormBias,AddRmsNormBias,dynamic,AI_VECTOR_CORE,1790170486702687.632	,10.981,45.240000,42,0,NO,"""126,896;126,896;896;""",DT_BF16;DT_BF16;DT_BF16;DT_UNDEFINED,ND;ND;ND;NULL,"""126,896;126,1;126,896""",DT_BF16;FLOAT;DT_BF16,ND;ND;ND,N/A
0,4294967295,1365,46,aclnnAddmm_CastAiCore_Cast,Cast,dynamic,AI_VECTOR_CORE,1790170486702732.134	,1.120,33.519000,2,0,NO,"""1152""",DT_BF16,ND,"""1152""",FLOAT,ND,N/A
0,4294967295,1366,46,aclnnAddmm_MatMulCommon_MatMulV2,MatMulV2,dynamic,AI_CORE,1790170486702734.694	,9.301,1.380000,24,0,NO,"""126,896;1152,896;1152""",DT_BF16;DT_BF16;FLOAT,ND;ND;ND,"""126,1152""",DT_BF16,ND,N/A
0,4294967295,1367,46,aclnnInplaceCopy_SliceAiCore_Slice,Slice,dynamic,AI_VECTOR_CORE,1790170486702806.417	,2.500,62.449000,12,0,NO,"""126,18,64;3;3""",DT_BF16;INT64;INT64,NCL;ND;ND,"""126,14,64""",DT_BF16,NCL,N/A
0,4294967295,1368,46,aclnnInplaceCopy_SliceAiCore_Slice,Slice,dynamic,AI_VECTOR_CORE,1790170486702820.258	,2.500,11.250000,12,0,NO,"""126,18,64;3;3""",DT_BF16;INT64;INT64,NCL;ND;ND,"""126,2,64""",DT_BF16,NCL,N/A
0,4294967295,1369,46,_triton_rope,_triton_rope,static,AI_VECTOR_CORE,1790170486703009.105	,11.481,186.250000,48,0,YES,"""126,14,64;126,2,64;32768,64""",DT_BF16;32620;DT_BF16,ND;ND;ND,"""126,14,64;126,2,64""",DT_BF16;32620,ND;ND,N/A
0,4294967295,1370,46,aclnnInplaceCopy_SliceAiCore_Slice,Slice,dynamic,AI_VECTOR_CORE,1790170486703381.920	,2.460,361.519000,12,0,NO,"""126,18,64;3;3""",DT_BF16;INT64;INT64,NCL;ND;ND,"""126,2,64""",DT_BF16,NCL,N/A
0,4294967295,1371,46,ReshapeAndCacheNdKernel,ReshapeAndCacheNdKernel,dynamic,AI_VECTOR_CORE,1790170486703413.101	,10.481,28.540000,48,0,NO,"""126,2,64;126,2,64;2,128,2,64;2,128,2,64;126""",DT_BF16;DT_BF16;DT_BF16;DT_BF16;INT32,ND;ND;ND;ND;ND,"""2,128,2,64;2,128,2,64""",DT_BF16;DT_BF16,ND;ND,N/A
0,4294967295,1372,46,aclnnContiguous_SliceAiCore_Slice,Slice,dynamic,AI_VECTOR_CORE,1790170486703777.536	,2.720,354.019000,12,0,NO,"""126,18,64;3;3""",DT_BF16;INT64;INT64,NCL;ND;ND,"""126,2,64""",DT_BF16,NCL,N/A
0,4294967295,1373,46,FusedInferAttentionScore,FusedInferAttentionScore,dynamic,MIX_AIC,1790170486703801.517	,28.421,21.280000,24,48,NO,"""126,14,64;126,2,64;126,2,64;;2048,2048;1;1;;;;;;;;;;;;;;;;;;;;;;;;""",DT_BF16;DT_BF16;DT_BF16;DT_UNDEFINED;INT8;INT64;INT64;DT_UNDEFINED;DT_UNDEFINED;DT_UNDEFINED;DT_UNDEFINED;DT_UNDEFINED;DT_UNDEFINED;DT_UNDEFINED;DT_UNDEFINED;DT_UNDEFINED;DT_UNDEFINED;DT_UNDEFINED;DT_UNDEFINED;DT_UNDEFINED;DT_UNDEFINED;DT_UNDEFINED;DT_UNDEFINED;DT_UNDEFINED;DT_UNDEFINED;DT_UNDEFINED;DT_UNDEFINED;DT_UNDEFINED;DT_UNDEFINED;DT_UNDEFINED;DT_UNDEFINED,ND;ND;ND;NULL;ND;ND;ND;NULL;NULL;NULL;NULL;NULL;NULL;NULL;NULL;NULL;NULL;NULL;NULL;NULL;NULL;NULL;NULL;NULL;NULL;NULL;NULL;NULL;NULL;NULL;NULL,"""126,14,64;""",DT_BF16;FLOAT,ND;ND,0
0,4294967295,1375,46,aclnnMatmul_MatMulCommon_MatMulV2,MatMulV2,dynamic,AI_CORE,1790170486704043.326	,7.421,213.329000,24,0,NO,"""126,896;896,896""",DT_BF16;DT_BF16,ND;ND,"""126,896""",DT_BF16,ND,N/A
0,4294967295,1376,46,AddRmsNormBias,AddRmsNormBias,dynamic,AI_VECTOR_CORE,1790170486704134.370	,14.381,83.579000,42,0,NO,"""126,896;126,896;896;""",DT_BF16;DT_BF16;DT_BF16;DT_UNDEFINED,ND;ND;ND;NULL,"""126,896;126,1;126,896""",DT_BF16;FLOAT;DT_BF16,ND;ND;ND,N/A
0,4294967295,1377,46,aclnnMatmul_MatMulCommon_MatMulV2,MatMulV2,dynamic,AI_CORE,1790170486704175.712	,23.301,27.119000,22,0,NO,"""126,896;9728,896""",DT_BF16;DT_BF16,ND;ND,"""126,9728""",DT_BF16,ND,N/A
0,4294967295,1378,46,SwiGlu,SwiGlu,dynamic,AI_VECTOR_CORE,1790170486704215.833	,15.561,16.699000,48,0,NO,"""126,9728""",DT_BF16,ND,"""126,4864""",DT_BF16,ND,N/A
0,4294967295,1379,46,aclnnMatmul_MatMulCommon_MatMulV2,MatMulV2,dynamic,AI_CORE,1790170486704251.775	,21.941,20.439000,24,0,NO,"""126,4864;896,4864""",DT_BF16;DT_BF16,ND;ND,"""126,896""",DT_BF16,ND,N/A
0,4294967295,1380,46,AddRmsNormBias,AddRmsNormBias,dynamic,AI_VECTOR_CORE,1790170486704313.337	,11.201,39.559000,42,0,NO,"""126,896;126,896;896;""",DT_BF16;DT_BF16;DT_BF16;DT_UNDEFINED,ND;ND;ND;NULL,"""126,896;126,1;126,896""",DT_BF16;FLOAT;DT_BF16,ND;ND;ND,N/A
0,4294967295,1381,46,aclnnAddmm_CastAiCore_Cast,Cast,dynamic,AI_VECTOR_CORE,1790170486704361.779	,1.100,37.299000,2,0,NO,"""1152""",DT_BF16,ND,"""1152""",FLOAT,ND,N/A
0,4294967295,1382,46,aclnnAddmm_MatMulCommon_MatMulV2,MatMulV2,dynamic,AI_CORE,1790170486704364.379	,8.541,1.650000,24,0,NO,"""126,896;1152,896;1152""",DT_BF16;DT_BF16;FLOAT,ND;ND;ND,"""126,1152""",DT_BF16,ND,N/A
0,4294967295,1383,46,aclnnInplaceCopy_SliceAiCore_Slice,Slice,dynamic,AI_VECTOR_CORE,1790170486704421.282	,2.740,48.209000,12,0,NO,"""126,18,64;3;3""",DT_BF16;INT64;INT64,NCL;ND;ND,"""126,14,64""",DT_BF16,NCL,N/A
0,4294967295,1384,46,aclnnInplaceCopy_SliceAiCore_Slice,Slice,dynamic,AI_VECTOR_CORE,1790170486704439.402	,2.460,15.510000,12,0,NO,"""126,18,64;3;3""",DT_BF16;INT64;INT64,NCL;ND;ND,"""126,2,64""",DT_BF16,NCL,N/A
0,4294967295,1385,46,_triton_rope,_triton_rope,static,AI_VECTOR_CORE,1790170486704624.070	,12.140,182.040000,48,0,YES,"""126,14,64;126,2,64;32768,64""",DT_BF16;32620;DT_BF16,ND;ND;ND,"""126,14,64;126,2,64""",DT_BF16;32620,ND;ND,N/A
0,4294967295,1386,46,aclnnInplaceCopy_SliceAiCore_Slice,Slice,dynamic,AI_VECTOR_CORE,1790170486704978.844	,2.500,342.610000,12,0,NO,"""126,18,64;3;3""",DT_BF16;INT64;INT64,NCL;ND;ND,"""126,2,64""",DT_BF16,NCL,N/A
0,4294967295,1387,46,ReshapeAndCacheNdKernel,ReshapeAndCacheNdKernel,dynamic,AI_VECTOR_CORE,1790170486705003.705	,10.540,22.500000,48,0,NO,"""126,2,64;126,2,64;2,128,2,64;2,128,2,64;126""",DT_BF16;DT_BF16;DT_BF16;DT_BF16;INT32,ND;ND;ND;ND;ND,"""2,128,2,64;2,128,2,64""",DT_BF16;DT_BF16,ND;ND,N/A
0,4294967295,1388,46,aclnnContiguous_SliceAiCore_Slice,Slice,dynamic,AI_VECTOR_CORE,1790170486705370.380	,2.480,356.210000,12,0,NO,"""126,18,64;3;3""",DT_BF16;INT64;INT64,NCL;ND;ND,"""126,2,64""",DT_BF16,NCL,N/A
0,4294967295,1389,46,FusedInferAttentionScore,FusedInferAttentionScore,dynamic,MIX_AIC,1790170486705391.120	,27.281,18.020000,24,48,NO,"""126,14,64;126,2,64;126,2,64;;2048,2048;1;1;;;;;;;;;;;;;;;;;;;;;;;;""",DT_BF16;DT_BF16;DT_BF16;DT_UNDEFINED;INT8;INT64;INT64;DT_UNDEFINED;DT_UNDEFINED;DT_UNDEFINED;DT_UNDEFINED;DT_UNDEFINED;DT_UNDEFINED;DT_UNDEFINED;DT_UNDEFINED;DT_UNDEFINED;DT_UNDEFINED;DT_UNDEFINED;DT_UNDEFINED;DT_UNDEFINED;DT_UNDEFINED;DT_UNDEFINED;DT_UNDEFINED;DT_UNDEFINED;DT_UNDEFINED;DT_UNDEFINED;DT_UNDEFINED;DT_UNDEFINED;DT_UNDEFINED;DT_UNDEFINED;DT_UNDEFINED,ND;ND;ND;NULL;ND;ND;ND;NULL;NULL;NULL;NULL;NULL;NULL;NULL;NULL;NULL;NULL;NULL;NULL;NULL;NULL;NULL;NULL;NULL;NULL;NULL;NULL;NULL;NULL;NULL;NULL,"""126,14,64;""",DT_BF16;FLOAT,ND;ND,0
0,4294967295,1391,46,aclnnMatmul_MatMulCommon_MatMulV2,MatMulV2,dynamic,AI_CORE,1790170486705621.910	,7.680,203.719000,24,0,NO,"""126,896;896,896""",DT_BF16;DT_BF16,ND;ND,"""126,896""",DT_BF16,ND,N/A
0,4294967295,1392,46,AddRmsNormBias,AddRmsNormBias,dynamic,AI_VECTOR_CORE,1790170486705712.913	,13.341,83.320000,42,0,NO,"""126,896;126,896;896;""",DT_BF16;DT_BF16;DT_BF16;DT_UNDEFINED,ND;ND;ND;NULL,"""126,896;126,1;126,896""",DT_BF16;FLOAT;DT_BF16,ND;ND;ND,N/A
0,4294967295,1393,46,aclnnMatmul_MatMulCommon_MatMulV2,MatMulV2,dynamic,AI_CORE,1790170486705762.635	,23.081,36.409000,22,0,NO,"""126,896;9728,896""",DT_BF16;DT_BF16,ND;ND,"""126,9728""",DT_BF16,ND,N/A
0,4294967295,1394,46,SwiGlu,SwiGlu,dynamic,AI_VECTOR_CORE,1790170486705791.056	,15.121,5.169000,48,0,NO,"""126,9728""",DT_BF16,ND,"""126,4864""",DT_BF16,ND,N/A
0,4294967295,1395,46,aclnnMatmul_MatMulCommon_MatMulV2,MatMulV2,dynamic,AI_CORE,1790170486705826.878	,22.141,20.879000,24,0,NO,"""126,4864;896,4864""",DT_BF16;DT_BF16,ND;ND,"""126,896""",DT_BF16,ND,N/A
0,4294967295,1396,46,AddRmsNormBias,AddRmsNormBias,dynamic,AI_VECTOR_CORE,1790170486705898.441	,11.300,49.359000,42,0,NO,"""126,896;126,896;896;""",DT_BF16;DT_BF16;DT_BF16;DT_UNDEFINED,ND;ND;ND;NULL,"""126,896;126,1;126,896""",DT_BF16;FLOAT;DT_BF16,ND;ND;ND,N/A
0,4294967295,1397,46,aclnnAddmm_CastAiCore_Cast,Cast,dynamic,AI_VECTOR_CORE,1790170486705942.362	,1.260,32.450000,2,0,NO,"""1152""",DT_BF16,ND,"""1152""",FLOAT,ND,N/A
0,4294967295,1398,46,aclnnAddmm_MatMulCommon_MatMulV2,MatMulV2,dynamic,AI_CORE,1790170486705945.703	,9.480,2.240000,24,0,NO,"""126,896;1152,896;1152""",DT_BF16;DT_BF16;FLOAT,ND;ND;ND,"""126,1152""",DT_BF16,ND,N/A
0,4294967295,1399,46,aclnnInplaceCopy_SliceAiCore_Slice,Slice,dynamic,AI_VECTOR_CORE,1790170486706006.845	,2.560,51.520000,12,0,NO,"""126,18,64;3;3""",DT_BF16;INT64;INT64,NCL;ND;ND,"""126,14,64""",DT_BF16,NCL,N/A
0,4294967295,1400,46,aclnnInplaceCopy_SliceAiCore_Slice,Slice,dynamic,AI_VECTOR_CORE,1790170486706017.685	,2.460,8.440000,12,0,NO,"""126,18,64;3;3""",DT_BF16;INT64;INT64,NCL;ND;ND,"""126,2,64""",DT_BF16,NCL,N/A
0,4294967295,1401,46,_triton_rope,_triton_rope,static,AI_VECTOR_CORE,1790170486706208.553	,12.861,188.290000,48,0,YES,"""126,14,64;126,2,64;32768,64""",DT_BF16;32620;DT_BF16,ND;ND;ND,"""126,14,64;126,2,64""",DT_BF16;32620,ND;ND,N/A
0,4294967295,1402,46,aclnnInplaceCopy_SliceAiCore_Slice,Slice,dynamic,AI_VECTOR_CORE,1790170486706576.688	,2.520,355.389000,12,0,NO,"""126,18,64;3;3""",DT_BF16;INT64;INT64,NCL;ND;ND,"""126,2,64""",DT_BF16,NCL,N/A
0,4294967295,1403,46,ReshapeAndCacheNdKernel,ReshapeAndCacheNdKernel,dynamic,AI_VECTOR_CORE,1790170486706594.008	,9.981,14.730000,48,0,NO,"""126,2,64;126,2,64;2,128,2,64;2,128,2,64;126""",DT_BF16;DT_BF16;DT_BF16;DT_BF16;INT32,ND;ND;ND;ND;ND,"""2,128,2,64;2,128,2,64""",DT_BF16;DT_BF16,ND;ND,N/A
0,4294967295,1404,46,aclnnContiguous_SliceAiCore_Slice,Slice,dynamic,AI_VECTOR_CORE,1790170486706946.523	,2.500,342.519000,12,0,NO,"""126,18,64;3;3""",DT_BF16;INT64;INT64,NCL;ND;ND,"""126,2,64""",DT_BF16,NCL,N/A
0,4294967295,1405,46,FusedInferAttentionScore,FusedInferAttentionScore,dynamic,MIX_AIC,1790170486706974.124	,35.581,25.000000,24,48,NO,"""126,14,64;126,2,64;126,2,64;;2048,2048;1;1;;;;;;;;;;;;;;;;;;;;;;;;""",DT_BF16;DT_BF16;DT_BF16;DT_UNDEFINED;INT8;INT64;INT64;DT_UNDEFINED;DT_UNDEFINED;DT_UNDEFINED;DT_UNDEFINED;DT_UNDEFINED;DT_UNDEFINED;DT_UNDEFINED;DT_UNDEFINED;DT_UNDEFINED;DT_UNDEFINED;DT_UNDEFINED;DT_UNDEFINED;DT_UNDEFINED;DT_UNDEFINED;DT_UNDEFINED;DT_UNDEFINED;DT_UNDEFINED;DT_UNDEFINED;DT_UNDEFINED;DT_UNDEFINED;DT_UNDEFINED;DT_UNDEFINED;DT_UNDEFINED;DT_UNDEFINED,ND;ND;ND;NULL;ND;ND;ND;NULL;NULL;NULL;NULL;NULL;NULL;NULL;NULL;NULL;NULL;NULL;NULL;NULL;NULL;NULL;NULL;NULL;NULL;NULL;NULL;NULL;NULL;NULL;NULL,"""126,14,64;""",DT_BF16;FLOAT,ND;ND,0
0,4294967295,1407,46,aclnnMatmul_MatMulCommon_MatMulV2,MatMulV2,dynamic,AI_CORE,1790170486707210.313	,7.600,200.669000,24,0,NO,"""126,896;896,896""",DT_BF16;DT_BF16,ND;ND,"""126,896""",DT_BF16,ND,N/A
0,4294967295,1408,46,AddRmsNormBias,AddRmsNormBias,dynamic,AI_VECTOR_CORE,1790170486707297.657	,17.500,79.900000,42,0,NO,"""126,896;126,896;896;""",DT_BF16;DT_BF16;DT_BF16;DT_UNDEFINED,ND;ND;ND;NULL,"""126,896;126,1;126,896""",DT_BF16;FLOAT;DT_BF16,ND;ND;ND,N/A
0,4294967295,1409,46,aclnnMatmul_MatMulCommon_MatMulV2,MatMulV2,dynamic,AI_CORE,1790170486707343.858	,22.781,28.500000,22,0,NO,"""126,896;9728,896""",DT_BF16;DT_BF16,ND;ND,"""126,9728""",DT_BF16,ND,N/A
0,4294967295,1410,46,SwiGlu,SwiGlu,dynamic,AI_VECTOR_CORE,1790170486707384.220	,16.541,17.719000,48,0,NO,"""126,9728""",DT_BF16,ND,"""126,4864""",DT_BF16,ND,N/A
0,4294967295,1411,46,aclnnMatmul_MatMulCommon_MatMulV2,MatMulV2,dynamic,AI_CORE,1790170486707421.121	,22.361,20.209000,24,0,NO,"""126,4864;896,4864""",DT_BF16;DT_BF16,ND;ND,"""126,896""",DT_BF16,ND,N/A
0,4294967295,1412,46,AddRmsNormBias,AddRmsNormBias,dynamic,AI_VECTOR_CORE,1790170486707479.404	,13.600,36.139000,42,0,NO,"""126,896;126,896;896;""",DT_BF16;DT_BF16;DT_BF16;DT_UNDEFINED,ND;ND;ND;NULL,"""126,896;126,1;126,896""",DT_BF16;FLOAT;DT_BF16,ND;ND;ND,N/A
0,4294967295,1413,46,aclnnAddmm_CastAiCore_Cast,Cast,dynamic,AI_VECTOR_CORE,1790170486707529.646	,1.280,36.650000,2,0,NO,"""1152""",DT_BF16,ND,"""1152""",FLOAT,ND,N/A
0,4294967295,1414,46,aclnnAddmm_MatMulCommon_MatMulV2,MatMulV2,dynamic,AI_CORE,1790170486707532.806	,8.620,1.720000,24,0,NO,"""126,896;1152,896;1152""",DT_BF16;DT_BF16;FLOAT,ND;ND;ND,"""126,1152""",DT_BF16,ND,N/A
0,4294967295,1415,46,aclnnInplaceCopy_SliceAiCore_Slice,Slice,dynamic,AI_VECTOR_CORE,1790170486707594.628	,2.461,53.380000,12,0,NO,"""126,18,64;3;3""",DT_BF16;INT64;INT64,NCL;ND;ND,"""126,14,64""",DT_BF16,NCL,N/A
0,4294967295,1416,46,aclnnInplaceCopy_SliceAiCore_Slice,Slice,dynamic,AI_VECTOR_CORE,1790170486707608.329	,2.480,11.039000,12,0,NO,"""126,18,64;3;3""",DT_BF16;INT64;INT64,NCL;ND;ND,"""126,2,64""",DT_BF16,NCL,N/A
0,4294967295,1417,46,_triton_rope,_triton_rope,static,AI_VECTOR_CORE,1790170486707796.637	,12.560,186.020000,48,0,YES,"""126,14,64;126,2,64;32768,64""",DT_BF16;32620;DT_BF16,ND;ND;ND,"""126,14,64;126,2,64""",DT_BF16;32620,ND;ND,N/A
0,4294967295,1418,46,aclnnInplaceCopy_SliceAiCore_Slice,Slice,dynamic,AI_VECTOR_CORE,1790170486708162.851	,2.560,353.440000,12,0,NO,"""126,18,64;3;3""",DT_BF16;INT64;INT64,NCL;ND;ND,"""126,2,64""",DT_BF16,NCL,N/A
0,4294967295,1419,46,ReshapeAndCacheNdKernel,ReshapeAndCacheNdKernel,dynamic,AI_VECTOR_CORE,1790170486708181.772	,10.860,16.440000,48,0,NO,"""126,2,64;126,2,64;2,128,2,64;2,128,2,64;126""",DT_BF16;DT_BF16;DT_BF16;DT_BF16;INT32,ND;ND;ND;ND;ND,"""2,128,2,64;2,128,2,64""",DT_BF16;DT_BF16,ND;ND,N/A
0,4294967295,1420,46,aclnnContiguous_SliceAiCore_Slice,Slice,dynamic,AI_VECTOR_CORE,1790170486708556.287	,2.560,363.640000,12,0,NO,"""126,18,64;3;3""",DT_BF16;INT64;INT64,NCL;ND;ND,"""126,2,64""",DT_BF16,NCL,N/A
0,4294967295,1421,46,FusedInferAttentionScore,FusedInferAttentionScore,dynamic,MIX_AIC,1790170486708571.968	,25.741,13.190000,24,48,NO,"""126,14,64;126,2,64;126,2,64;;2048,2048;1;1;;;;;;;;;;;;;;;;;;;;;;;;""",DT_BF16;DT_BF16;DT_BF16;DT_UNDEFINED;INT8;INT64;INT64;DT_UNDEFINED;DT_UNDEFINED;DT_UNDEFINED;DT_UNDEFINED;DT_UNDEFINED;DT_UNDEFINED;DT_UNDEFINED;DT_UNDEFINED;DT_UNDEFINED;DT_UNDEFINED;DT_UNDEFINED;DT_UNDEFINED;DT_UNDEFINED;DT_UNDEFINED;DT_UNDEFINED;DT_UNDEFINED;DT_UNDEFINED;DT_UNDEFINED;DT_UNDEFINED;DT_UNDEFINED;DT_UNDEFINED;DT_UNDEFINED;DT_UNDEFINED;DT_UNDEFINED,ND;ND;ND;NULL;ND;ND;ND;NULL;NULL;NULL;NULL;NULL;NULL;NULL;NULL;NULL;NULL;NULL;NULL;NULL;NULL;NULL;NULL;NULL;NULL;NULL;NULL;NULL;NULL;NULL;NULL,"""126,14,64;""",DT_BF16;FLOAT,ND;ND,0
0,4294967295,1423,46,aclnnMatmul_MatMulCommon_MatMulV2,MatMulV2,dynamic,AI_CORE,1790170486708830.378	,7.680,232.759000,24,0,NO,"""126,896;896,896""",DT_BF16;DT_BF16,ND;ND,"""126,896""",DT_BF16,ND,N/A
0,4294967295,1424,46,AddRmsNormBias,AddRmsNormBias,dynamic,AI_VECTOR_CORE,1790170486708912.861	,13.961,74.570000,42,0,NO,"""126,896;126,896;896;""",DT_BF16;DT_BF16;DT_BF16;DT_UNDEFINED,ND;ND;ND;NULL,"""126,896;126,1;126,896""",DT_BF16;FLOAT;DT_BF16,ND;ND;ND,N/A
0,4294967295,1425,46,aclnnMatmul_MatMulCommon_MatMulV2,MatMulV2,dynamic,AI_CORE,1790170486708964.043	,22.761,37.289000,22,0,NO,"""126,896;9728,896""",DT_BF16;DT_BF16,ND;ND,"""126,9728""",DT_BF16,ND,N/A
0,4294967295,1426,46,SwiGlu,SwiGlu,dynamic,AI_VECTOR_CORE,1790170486708998.865	,17.500,11.989000,48,0,NO,"""126,9728""",DT_BF16,ND,"""126,4864""",DT_BF16,ND,N/A
0,4294967295,1427,46,aclnnMatmul_MatMulCommon_MatMulV2,MatMulV2,dynamic,AI_CORE,1790170486709034.966	,21.561,18.750000,24,0,NO,"""126,4864;896,4864""",DT_BF16;DT_BF16,ND;ND,"""126,896""",DT_BF16,ND,N/A
0,4294967295,1428,46,AddRmsNormBias,AddRmsNormBias,dynamic,AI_VECTOR_CORE,1790170486709097.709	,11.000,41.189000,42,0,NO,"""126,896;126,896;896;""",DT_BF16;DT_BF16;DT_BF16;DT_UNDEFINED,ND;ND;ND;NULL,"""126,896;126,1;126,896""",DT_BF16;FLOAT;DT_BF16,ND;ND;ND,N/A
0,4294967295,1429,46,aclnnAddmm_CastAiCore_Cast,Cast,dynamic,AI_VECTOR_CORE,1790170486709152.171	,1.220,43.500000,2,0,NO,"""1152""",DT_BF16,ND,"""1152""",FLOAT,ND,N/A
0,4294967295,1430,46,aclnnAddmm_MatMulCommon_MatMulV2,MatMulV2,dynamic,AI_CORE,1790170486709154.711	,8.420,1.280000,24,0,NO,"""126,896;1152,896;1152""",DT_BF16;DT_BF16;FLOAT,ND;ND;ND,"""126,1152""",DT_BF16,ND,N/A
0,4294967295,1431,46,aclnnInplaceCopy_SliceAiCore_Slice,Slice,dynamic,AI_VECTOR_CORE,1790170486709225.254	,2.980,62.080000,12,0,NO,"""126,18,64;3;3""",DT_BF16;INT64;INT64,NCL;ND;ND,"""126,14,64""",DT_BF16,NCL,N/A
0,4294967295,1432,46,aclnnInplaceCopy_SliceAiCore_Slice,Slice,dynamic,AI_VECTOR_CORE,1790170486709228.254	,2.440,0.020000,12,0,NO,"""126,18,64;3;3""",DT_BF16;INT64;INT64,NCL;ND;ND,"""126,2,64""",DT_BF16,NCL,N/A
0,4294967295,1433,46,_triton_rope,_triton_rope,static,AI_VECTOR_CORE,1790170486709420.361	,13.081,189.560000,48,0,YES,"""126,14,64;126,2,64;32768,64""",DT_BF16;32620;DT_BF16,ND;ND;ND,"""126,14,64;126,2,64""",DT_BF16;32620,ND;ND,N/A
0,4294967295,1434,46,aclnnInplaceCopy_SliceAiCore_Slice,Slice,dynamic,AI_VECTOR_CORE,1790170486709776.076	,2.380,342.669000,12,0,NO,"""126,18,64;3;3""",DT_BF16;INT64;INT64,NCL;ND;ND,"""126,2,64""",DT_BF16,NCL,N/A
0,4294967295,1435,46,ReshapeAndCacheNdKernel,ReshapeAndCacheNdKernel,dynamic,AI_VECTOR_CORE,1790170486709794.836	,10.201,16.370000,48,0,NO,"""126,2,64;126,2,64;2,128,2,64;2,128,2,64;126""",DT_BF16;DT_BF16;DT_BF16;DT_BF16;INT32,ND;ND;ND;ND;ND,"""2,128,2,64;2,128,2,64""",DT_BF16;DT_BF16,ND;ND,N/A
0,4294967295,1436,46,aclnnContiguous_SliceAiCore_Slice,Slice,dynamic,AI_VECTOR_CORE,1790170486710156.471	,2.460,351.549000,12,0,NO,"""126,18,64;3;3""",DT_BF16;INT64;INT64,NCL;ND;ND,"""126,2,64""",DT_BF16,NCL,N/A
0,4294967295,1437,46,FusedInferAttentionScore,FusedInferAttentionScore,dynamic,MIX_AIC,1790170486710164.991	,28.281,6.040000,24,48,NO,"""126,14,64;126,2,64;126,2,64;;2048,2048;1;1;;;;;;;;;;;;;;;;;;;;;;;;""",DT_BF16;DT_BF16;DT_BF16;DT_UNDEFINED;INT8;INT64;INT64;DT_UNDEFINED;DT_UNDEFINED;DT_UNDEFINED;DT_UNDEFINED;DT_UNDEFINED;DT_UNDEFINED;DT_UNDEFINED;DT_UNDEFINED;DT_UNDEFINED;DT_UNDEFINED;DT_UNDEFINED;DT_UNDEFINED;DT_UNDEFINED;DT_UNDEFINED;DT_UNDEFINED;DT_UNDEFINED;DT_UNDEFINED;DT_UNDEFINED;DT_UNDEFINED;DT_UNDEFINED;DT_UNDEFINED;DT_UNDEFINED;DT_UNDEFINED;DT_UNDEFINED,ND;ND;ND;NULL;ND;ND;ND;NULL;NULL;NULL;NULL;NULL;NULL;NULL;NULL;NULL;NULL;NULL;NULL;NULL;NULL;NULL;NULL;NULL;NULL;NULL;NULL;NULL;NULL;NULL;NULL,"""126,14,64;""",DT_BF16;FLOAT,ND;ND,0
0,4294967295,1439,46,aclnnMatmul_MatMulCommon_MatMulV2,MatMulV2,dynamic,AI_CORE,1790170486710410.001	,7.640,216.719000,24,0,NO,"""126,896;896,896""",DT_BF16;DT_BF16,ND;ND,"""126,896""",DT_BF16,ND,N/A
0,4294967295,1440,46,AddRmsNormBias,AddRmsNormBias,dynamic,AI_VECTOR_CORE,1790170486710498.505	,16.060,80.860000,42,0,NO,"""126,896;126,896;896;""",DT_BF16;DT_BF16;DT_BF16;DT_UNDEFINED,ND;ND;ND;NULL,"""126,896;126,1;126,896""",DT_BF16;FLOAT;DT_BF16,ND;ND;ND,N/A
0,4294967295,1441,46,aclnnMatmul_MatMulCommon_MatMulV2,MatMulV2,dynamic,AI_CORE,1790170486710547.006	,23.441,32.440000,22,0,NO,"""126,896;9728,896""",DT_BF16;DT_BF16,ND;ND,"""126,9728""",DT_BF16,ND,N/A
0,4294967295,1442,46,SwiGlu,SwiGlu,dynamic,AI_VECTOR_CORE,1790170486710580.528	,14.360,10.059000,48,0,NO,"""126,9728""",DT_BF16,ND,"""126,4864""",DT_BF16,ND,N/A
0,4294967295,1443,46,aclnnMatmul_MatMulCommon_MatMulV2,MatMulV2,dynamic,AI_CORE,1790170486710619.009	,21.941,24.140000,24,0,NO,"""126,4864;896,4864""",DT_BF16;DT_BF16,ND;ND,"""126,896""",DT_BF16,ND,N/A
0,4294967295,1444,46,AddRmsNormBias,AddRmsNormBias,dynamic,AI_VECTOR_CORE,1790170486710684.232	,12.500,43.309000,42,0,NO,"""126,896;126,896;896;""",DT_BF16;DT_BF16;DT_BF16;DT_UNDEFINED,ND;ND;ND;NULL,"""126,896;126,1;126,896""",DT_BF16;FLOAT;DT_BF16,ND;ND;ND,N/A
0,4294967295,1445,46,aclnnAddmm_CastAiCore_Cast,Cast,dynamic,AI_VECTOR_CORE,1790170486710733.814	,1.080,37.000000,2,0,NO,"""1152""",DT_BF16,ND,"""1152""",FLOAT,ND,N/A
0,4294967295,1446,46,aclnnAddmm_MatMulCommon_MatMulV2,MatMulV2,dynamic,AI_CORE,1790170486710736.994	,8.540,2.170000,24,0,NO,"""126,896;1152,896;1152""",DT_BF16;DT_BF16;FLOAT,ND;ND;ND,"""126,1152""",DT_BF16,ND,N/A
0,4294967295,1447,46,aclnnInplaceCopy_SliceAiCore_Slice,Slice,dynamic,AI_VECTOR_CORE,1790170486710799.757	,2.580,54.210000,12,0,NO,"""126,18,64;3;3""",DT_BF16;INT64;INT64,NCL;ND;ND,"""126,14,64""",DT_BF16,NCL,N/A
0,4294967295,1448,46,aclnnInplaceCopy_SliceAiCore_Slice,Slice,dynamic,AI_VECTOR_CORE,1790170486710802.557	,2.600,0.170000,12,0,NO,"""126,18,64;3;3""",DT_BF16;INT64;INT64,NCL;ND;ND,"""126,2,64""",DT_BF16,NCL,N/A
0,4294967295,1449,46,_triton_rope,_triton_rope,static,AI_VECTOR_CORE,1790170486710995.244	,12.101,190.150000,48,0,YES,"""126,14,64;126,2,64;32768,64""",DT_BF16;32620;DT_BF16,ND;ND;ND,"""126,14,64;126,2,64""",DT_BF16;32620,ND;ND,N/A
0,4294967295,1450,46,aclnnInplaceCopy_SliceAiCore_Slice,Slice,dynamic,AI_VECTOR_CORE,1790170486711368.299	,2.540,360.899000,12,0,NO,"""126,18,64;3;3""",DT_BF16;INT64;INT64,NCL;ND;ND,"""126,2,64""",DT_BF16,NCL,N/A
0,4294967295,1451,46,ReshapeAndCacheNdKernel,ReshapeAndCacheNdKernel,dynamic,AI_VECTOR_CORE,1790170486711371.319	,15.461,0.460000,48,0,NO,"""126,2,64;126,2,64;2,128,2,64;2,128,2,64;126""",DT_BF16;DT_BF16;DT_BF16;DT_BF16;INT32,ND;ND;ND;ND;ND,"""2,128,2,64;2,128,2,64""",DT_BF16;DT_BF16,ND;ND,N/A
0,4294967295,1452,46,aclnnContiguous_SliceAiCore_Slice,Slice,dynamic,AI_VECTOR_CORE,1790170486711745.114	,2.420,358.289000,12,0,NO,"""126,18,64;3;3""",DT_BF16;INT64;INT64,NCL;ND;ND,"""126,2,64""",DT_BF16,NCL,N/A
0,4294967295,1453,46,FusedInferAttentionScore,FusedInferAttentionScore,dynamic,MIX_AIC,1790170486711753.775	,26.161,6.330000,24,48,NO,"""126,14,64;126,2,64;126,2,64;;2048,2048;1;1;;;;;;;;;;;;;;;;;;;;;;;;""",DT_BF16;DT_BF16;DT_BF16;DT_UNDEFINED;INT8;INT64;INT64;DT_UNDEFINED;DT_UNDEFINED;DT_UNDEFINED;DT_UNDEFINED;DT_UNDEFINED;DT_UNDEFINED;DT_UNDEFINED;DT_UNDEFINED;DT_UNDEFINED;DT_UNDEFINED;DT_UNDEFINED;DT_UNDEFINED;DT_UNDEFINED;DT_UNDEFINED;DT_UNDEFINED;DT_UNDEFINED;DT_UNDEFINED;DT_UNDEFINED;DT_UNDEFINED;DT_UNDEFINED;DT_UNDEFINED;DT_UNDEFINED;DT_UNDEFINED;DT_UNDEFINED,ND;ND;ND;NULL;ND;ND;ND;NULL;NULL;NULL;NULL;NULL;NULL;NULL;NULL;NULL;NULL;NULL;NULL;NULL;NULL;NULL;NULL;NULL;NULL;NULL;NULL;NULL;NULL;NULL;NULL,"""126,14,64;""",DT_BF16;FLOAT,ND;ND,0
0,4294967295,1455,46,aclnnMatmul_MatMulCommon_MatMulV2,MatMulV2,dynamic,AI_CORE,1790170486711995.004	,7.621,215.089000,24,0,NO,"""126,896;896,896""",DT_BF16;DT_BF16,ND;ND,"""126,896""",DT_BF16,ND,N/A
0,4294967295,1456,46,AddRmsNormBias,AddRmsNormBias,dynamic,AI_VECTOR_CORE,1790170486712088.248	,13.881,85.629000,42,0,NO,"""126,896;126,896;896;""",DT_BF16;DT_BF16;DT_BF16;DT_UNDEFINED,ND;ND;ND;NULL,"""126,896;126,1;126,896""",DT_BF16;FLOAT;DT_BF16,ND;ND;ND,N/A
0,4294967295,1457,46,aclnnMatmul_MatMulCommon_MatMulV2,MatMulV2,dynamic,AI_CORE,1790170486712130.650	,24.161,28.619000,22,0,NO,"""126,896;9728,896""",DT_BF16;DT_BF16,ND;ND,"""126,9728""",DT_BF16,ND,N/A
0,4294967295,1458,46,SwiGlu,SwiGlu,dynamic,AI_VECTOR_CORE,1790170486712167.391	,14.281,12.589000,48,0,NO,"""126,9728""",DT_BF16,ND,"""126,4864""",DT_BF16,ND,N/A
0,4294967295,1459,46,aclnnMatmul_MatMulCommon_MatMulV2,MatMulV2,dynamic,AI_CORE,1790170486712197.672	,21.981,15.969000,24,0,NO,"""126,4864;896,4864""",DT_BF16;DT_BF16,ND;ND,"""126,896""",DT_BF16,ND,N/A
0,4294967295,1460,46,AddRmsNormBias,AddRmsNormBias,dynamic,AI_VECTOR_CORE,1790170486712262.595	,10.900,42.769000,42,0,NO,"""126,896;126,896;896;""",DT_BF16;DT_BF16;DT_BF16;DT_UNDEFINED,ND;ND;ND;NULL,"""126,896;126,1;126,896""",DT_BF16;FLOAT;DT_BF16,ND;ND;ND,N/A
0,4294967295,1461,46,aclnnAddmm_CastAiCore_Cast,Cast,dynamic,AI_VECTOR_CORE,1790170486712305.977	,1.240,32.600000,2,0,NO,"""1152""",DT_BF16,ND,"""1152""",FLOAT,ND,N/A
0,4294967295,1462,46,aclnnAddmm_MatMulCommon_MatMulV2,MatMulV2,dynamic,AI_CORE,1790170486712308.957	,8.720,1.760000,24,0,NO,"""126,896;1152,896;1152""",DT_BF16;DT_BF16;FLOAT,ND;ND;ND,"""126,1152""",DT_BF16,ND,N/A
0,4294967295,1463,46,aclnnInplaceCopy_SliceAiCore_Slice,Slice,dynamic,AI_VECTOR_CORE,1790170486712370.239	,3.481,52.530000,12,0,NO,"""126,18,64;3;3""",DT_BF16;INT64;INT64,NCL;ND;ND,"""126,14,64""",DT_BF16,NCL,N/A
0,4294967295,1464,46,aclnnInplaceCopy_SliceAiCore_Slice,Slice,dynamic,AI_VECTOR_CORE,1790170486712373.760	,2.460,0.019000,12,0,NO,"""126,18,64;3;3""",DT_BF16;INT64;INT64,NCL;ND;ND,"""126,2,64""",DT_BF16,NCL,N/A
0,4294967295,1465,46,_triton_rope,_triton_rope,static,AI_VECTOR_CORE,1790170486712562.827	,12.301,186.540000,48,0,YES,"""126,14,64;126,2,64;32768,64""",DT_BF16;32620;DT_BF16,ND;ND;ND,"""126,14,64;126,2,64""",DT_BF16;32620,ND;ND,N/A
0,4294967295,1466,46,aclnnInplaceCopy_SliceAiCore_Slice,Slice,dynamic,AI_VECTOR_CORE,1790170486712929.642	,3.000,354.699000,12,0,NO,"""126,18,64;3;3""",DT_BF16;INT64;INT64,NCL;ND;ND,"""126,2,64""",DT_BF16,NCL,N/A
0,4294967295,1467,46,ReshapeAndCacheNdKernel,ReshapeAndCacheNdKernel,dynamic,AI_VECTOR_CORE,1790170486712937.222	,10.260,4.500000,48,0,NO,"""126,2,64;126,2,64;2,128,2,64;2,128,2,64;126""",DT_BF16;DT_BF16;DT_BF16;DT_BF16;INT32,ND;ND;ND;ND;ND,"""2,128,2,64;2,128,2,64""",DT_BF16;DT_BF16,ND;ND,N/A
0,4294967295,1468,46,aclnnContiguous_SliceAiCore_Slice,Slice,dynamic,AI_VECTOR_CORE,1790170486713324.478	,2.480,376.990000,12,0,NO,"""126,18,64;3;3""",DT_BF16;INT64;INT64,NCL;ND;ND,"""126,2,64""",DT_BF16,NCL,N/A
0,4294967295,1469,46,FusedInferAttentionScore,FusedInferAttentionScore,dynamic,MIX_AIC,1790170486713332.658	,36.341,5.770000,24,48,NO,"""126,14,64;126,2,64;126,2,64;;2048,2048;1;1;;;;;;;;;;;;;;;;;;;;;;;;""",DT_BF16;DT_BF16;DT_BF16;DT_UNDEFINED;INT8;INT64;INT64;DT_UNDEFINED;DT_UNDEFINED;DT_UNDEFINED;DT_UNDEFINED;DT_UNDEFINED;DT_UNDEFINED;DT_UNDEFINED;DT_UNDEFINED;DT_UNDEFINED;DT_UNDEFINED;DT_UNDEFINED;DT_UNDEFINED;DT_UNDEFINED;DT_UNDEFINED;DT_UNDEFINED;DT_UNDEFINED;DT_UNDEFINED;DT_UNDEFINED;DT_UNDEFINED;DT_UNDEFINED;DT_UNDEFINED;DT_UNDEFINED;DT_UNDEFINED;DT_UNDEFINED,ND;ND;ND;NULL;ND;ND;ND;NULL;NULL;NULL;NULL;NULL;NULL;NULL;NULL;NULL;NULL;NULL;NULL;NULL;NULL;NULL;NULL;NULL;NULL;NULL;NULL;NULL;NULL;NULL;NULL,"""126,14,64;""",DT_BF16;FLOAT,ND;ND,0
0,4294967295,1471,46,aclnnMatmul_MatMulCommon_MatMulV2,MatMulV2,dynamic,AI_CORE,1790170486713617.349	,7.301,248.159000,24,0,NO,"""126,896;896,896""",DT_BF16;DT_BF16,ND;ND,"""126,896""",DT_BF16,ND,N/A
0,4294967295,1472,46,AddRmsNormBias,AddRmsNormBias,dynamic,AI_VECTOR_CORE,1790170486713703.673	,14.400,79.199000,42,0,NO,"""126,896;126,896;896;""",DT_BF16;DT_BF16;DT_BF16;DT_UNDEFINED,ND;ND;ND;NULL,"""126,896;126,1;126,896""",DT_BF16;FLOAT;DT_BF16,ND;ND;ND,N/A
0,4294967295,1473,46,aclnnMatmul_MatMulCommon_MatMulV2,MatMulV2,dynamic,AI_CORE,1790170486713748.514	,23.021,30.350000,22,0,NO,"""126,896;9728,896""",DT_BF16;DT_BF16,ND;ND,"""126,9728""",DT_BF16,ND,N/A
0,4294967295,1474,46,SwiGlu,SwiGlu,dynamic,AI_VECTOR_CORE,1790170486713785.696	,15.781,14.229000,48,0,NO,"""126,9728""",DT_BF16,ND,"""126,4864""",DT_BF16,ND,N/A
0,4294967295,1475,46,aclnnMatmul_MatMulCommon_MatMulV2,MatMulV2,dynamic,AI_CORE,1790170486713821.037	,21.821,19.469000,24,0,NO,"""126,4864;896,4864""",DT_BF16;DT_BF16,ND;ND,"""126,896""",DT_BF16,ND,N/A
0,4294967295,1476,46,AddRmsNormBias,AddRmsNormBias,dynamic,AI_VECTOR_CORE,1790170486713881.140	,10.880,38.429000,42,0,NO,"""126,896;126,896;896;""",DT_BF16;DT_BF16;DT_BF16;DT_UNDEFINED,ND;ND;ND;NULL,"""126,896;126,1;126,896""",DT_BF16;FLOAT;DT_BF16,ND;ND;ND,N/A
0,4294967295,1477,46,aclnnAddmm_CastAiCore_Cast,Cast,dynamic,AI_VECTOR_CORE,1790170486713928.602	,1.220,36.370000,2,0,NO,"""1152""",DT_BF16,ND,"""1152""",FLOAT,ND,N/A
0,4294967295,1478,46,aclnnAddmm_MatMulCommon_MatMulV2,MatMulV2,dynamic,AI_CORE,1790170486713931.822	,9.120,2.030000,24,0,NO,"""126,896;1152,896;1152""",DT_BF16;DT_BF16;FLOAT,ND;ND;ND,"""126,1152""",DT_BF16,ND,N/A
0,4294967295,1479,46,aclnnInplaceCopy_SliceAiCore_Slice,Slice,dynamic,AI_VECTOR_CORE,1790170486713995.744	,2.520,54.880000,12,0,NO,"""126,18,64;3;3""",DT_BF16;INT64;INT64,NCL;ND;ND,"""126,14,64""",DT_BF16,NCL,N/A
0,4294967295,1480,46,aclnnInplaceCopy_SliceAiCore_Slice,Slice,dynamic,AI_VECTOR_CORE,1790170486713998.804	,2.501,0.480000,12,0,NO,"""126,18,64;3;3""",DT_BF16;INT64;INT64,NCL;ND;ND,"""126,2,64""",DT_BF16,NCL,N/A
0,4294967295,1481,46,_triton_rope,_triton_rope,static,AI_VECTOR_CORE,1790170486714191.572	,12.721,190.249000,48,0,YES,"""126,14,64;126,2,64;32768,64""",DT_BF16;32620;DT_BF16,ND;ND;ND,"""126,14,64;126,2,64""",DT_BF16;32620,ND;ND,N/A
0,4294967295,1482,46,aclnnInplaceCopy_SliceAiCore_Slice,Slice,dynamic,AI_VECTOR_CORE,1790170486714539.186	,2.480,335.029000,12,0,NO,"""126,18,64;3;3""",DT_BF16;INT64;INT64,NCL;ND;ND,"""126,2,64""",DT_BF16,NCL,N/A
0,4294967295,1483,46,ReshapeAndCacheNdKernel,ReshapeAndCacheNdKernel,dynamic,AI_VECTOR_CORE,1790170486714558.167	,10.720,16.520000,48,0,NO,"""126,2,64;126,2,64;2,128,2,64;2,128,2,64;126""",DT_BF16;DT_BF16;DT_BF16;DT_BF16;INT32,ND;ND;ND;ND;ND,"""2,128,2,64;2,128,2,64""",DT_BF16;DT_BF16,ND;ND,N/A
0,4294967295,1484,46,aclnnContiguous_SliceAiCore_Slice,Slice,dynamic,AI_VECTOR_CORE,1790170486714934.422	,2.480,365.530000,12,0,NO,"""126,18,64;3;3""",DT_BF16;INT64;INT64,NCL;ND;ND,"""126,2,64""",DT_BF16,NCL,N/A
0,4294967295,1485,46,FusedInferAttentionScore,FusedInferAttentionScore,dynamic,MIX_AIC,1790170486714946.762	,25.701,9.770000,24,48,NO,"""126,14,64;126,2,64;126,2,64;;2048,2048;1;1;;;;;;;;;;;;;;;;;;;;;;;;""",DT_BF16;DT_BF16;DT_BF16;DT_UNDEFINED;INT8;INT64;INT64;DT_UNDEFINED;DT_UNDEFINED;DT_UNDEFINED;DT_UNDEFINED;DT_UNDEFINED;DT_UNDEFINED;DT_UNDEFINED;DT_UNDEFINED;DT_UNDEFINED;DT_UNDEFINED;DT_UNDEFINED;DT_UNDEFINED;DT_UNDEFINED;DT_UNDEFINED;DT_UNDEFINED;DT_UNDEFINED;DT_UNDEFINED;DT_UNDEFINED;DT_UNDEFINED;DT_UNDEFINED;DT_UNDEFINED;DT_UNDEFINED;DT_UNDEFINED;DT_UNDEFINED,ND;ND;ND;NULL;ND;ND;ND;NULL;NULL;NULL;NULL;NULL;NULL;NULL;NULL;NULL;NULL;NULL;NULL;NULL;NULL;NULL;NULL;NULL;NULL;NULL;NULL;NULL;NULL;NULL;NULL,"""126,14,64;""",DT_BF16;FLOAT,ND;ND,0
0,4294967295,1487,46,aclnnMatmul_MatMulCommon_MatMulV2,MatMulV2,dynamic,AI_CORE,1790170486715196.112	,7.961,223.549000,24,0,NO,"""126,896;896,896""",DT_BF16;DT_BF16,ND;ND,"""126,896""",DT_BF16,ND,N/A
0,4294967295,1488,46,AddRmsNormBias,AddRmsNormBias,dynamic,AI_VECTOR_CORE,1790170486715281.736	,14.160,77.789000,42,0,NO,"""126,896;126,896;896;""",DT_BF16;DT_BF16;DT_BF16;DT_UNDEFINED,ND;ND;ND;NULL,"""126,896;126,1;126,896""",DT_BF16;FLOAT;DT_BF16,ND;ND;ND,N/A
0,4294967295,1489,46,aclnnMatmul_MatMulCommon_MatMulV2,MatMulV2,dynamic,AI_CORE,1790170486715328.158	,23.421,32.340000,22,0,NO,"""126,896;9728,896""",DT_BF16;DT_BF16,ND;ND,"""126,9728""",DT_BF16,ND,N/A
0,4294967295,1490,46,SwiGlu,SwiGlu,dynamic,AI_VECTOR_CORE,1790170486715364.719	,14.381,13.079000,48,0,NO,"""126,9728""",DT_BF16,ND,"""126,4864""",DT_BF16,ND,N/A
0,4294967295,1491,46,aclnnMatmul_MatMulCommon_MatMulV2,MatMulV2,dynamic,AI_CORE,1790170486715397.100	,21.401,17.869000,24,0,NO,"""126,4864;896,4864""",DT_BF16;DT_BF16,ND;ND,"""126,896""",DT_BF16,ND,N/A
0,4294967295,1492,46,AddRmsNormBias,AddRmsNormBias,dynamic,AI_VECTOR_CORE,1790170486715466.683	,10.781,48.349000,42,0,NO,"""126,896;126,896;896;""",DT_BF16;DT_BF16;DT_BF16;DT_UNDEFINED,ND;ND;ND;NULL,"""126,896;126,1;126,896""",DT_BF16;FLOAT;DT_BF16,ND;ND;ND,N/A
0,4294967295,1493,46,aclnnAddmm_CastAiCore_Cast,Cast,dynamic,AI_VECTOR_CORE,1790170486715514.585	,1.180,36.969000,2,0,NO,"""1152""",DT_BF16,ND,"""1152""",FLOAT,ND,N/A
0,4294967295,1494,46,aclnnAddmm_MatMulCommon_MatMulV2,MatMulV2,dynamic,AI_CORE,1790170486715517.585	,8.741,1.820000,24,0,NO,"""126,896;1152,896;1152""",DT_BF16;DT_BF16;FLOAT,ND;ND;ND,"""126,1152""",DT_BF16,ND,N/A
0,4294967295,1495,46,aclnnInplaceCopy_SliceAiCore_Slice,Slice,dynamic,AI_VECTOR_CORE,1790170486715582.348	,2.780,56.009000,12,0,NO,"""126,18,64;3;3""",DT_BF16;INT64;INT64,NCL;ND;ND,"""126,14,64""",DT_BF16,NCL,N/A
0,4294967295,1496,46,aclnnInplaceCopy_SliceAiCore_Slice,Slice,dynamic,AI_VECTOR_CORE,1790170486715585.168	,2.420,0.220000,12,0,NO,"""126,18,64;3;3""",DT_BF16;INT64;INT64,NCL;ND;ND,"""126,2,64""",DT_BF16,NCL,N/A
0,4294967295,1497,46,_triton_rope,_triton_rope,static,AI_VECTOR_CORE,1790170486715774.155	,12.221,186.580000,48,0,YES,"""126,14,64;126,2,64;32768,64""",DT_BF16;32620;DT_BF16,ND;ND;ND,"""126,14,64;126,2,64""",DT_BF16;32620,ND;ND,N/A
0,4294967295,1498,46,aclnnInplaceCopy_SliceAiCore_Slice,Slice,dynamic,AI_VECTOR_CORE,1790170486716141.570	,2.580,355.029000,12,0,NO,"""126,18,64;3;3""",DT_BF16;INT64;INT64,NCL;ND;ND,"""126,2,64""",DT_BF16,NCL,N/A
0,4294967295,1499,46,ReshapeAndCacheNdKernel,ReshapeAndCacheNdKernel,dynamic,AI_VECTOR_CORE,1790170486716156.511	,10.600,12.420000,48,0,NO,"""126,2,64;126,2,64;2,128,2,64;2,128,2,64;126""",DT_BF16;DT_BF16;DT_BF16;DT_BF16;INT32,ND;ND;ND;ND;ND,"""2,128,2,64;2,128,2,64""",DT_BF16;DT_BF16,ND;ND,N/A
0,4294967295,1500,46,aclnnContiguous_SliceAiCore_Slice,Slice,dynamic,AI_VECTOR_CORE,1790170486716520.565	,2.520,353.400000,12,0,NO,"""126,18,64;3;3""",DT_BF16;INT64;INT64,NCL;ND;ND,"""126,2,64""",DT_BF16,NCL,N/A
0,4294967295,1501,46,FusedInferAttentionScore,FusedInferAttentionScore,dynamic,MIX_AIC,1790170486716531.886	,28.381,8.980000,24,48,NO,"""126,14,64;126,2,64;126,2,64;;2048,2048;1;1;;;;;;;;;;;;;;;;;;;;;;;;""",DT_BF16;DT_BF16;DT_BF16;DT_UNDEFINED;INT8;INT64;INT64;DT_UNDEFINED;DT_UNDEFINED;DT_UNDEFINED;DT_UNDEFINED;DT_UNDEFINED;DT_UNDEFINED;DT_UNDEFINED;DT_UNDEFINED;DT_UNDEFINED;DT_UNDEFINED;DT_UNDEFINED;DT_UNDEFINED;DT_UNDEFINED;DT_UNDEFINED;DT_UNDEFINED;DT_UNDEFINED;DT_UNDEFINED;DT_UNDEFINED;DT_UNDEFINED;DT_UNDEFINED;DT_UNDEFINED;DT_UNDEFINED;DT_UNDEFINED;DT_UNDEFINED,ND;ND;ND;NULL;ND;ND;ND;NULL;NULL;NULL;NULL;NULL;NULL;NULL;NULL;NULL;NULL;NULL;NULL;NULL;NULL;NULL;NULL;NULL;NULL;NULL;NULL;NULL;NULL;NULL;NULL,"""126,14,64;""",DT_BF16;FLOAT,ND;ND,0
0,4294967295,1503,46,aclnnMatmul_MatMulCommon_MatMulV2,MatMulV2,dynamic,AI_CORE,1790170486716775.575	,7.481,215.119000,24,0,NO,"""126,896;896,896""",DT_BF16;DT_BF16,ND;ND,"""126,896""",DT_BF16,ND,N/A
0,4294967295,1504,46,AddRmsNormBias,AddRmsNormBias,dynamic,AI_VECTOR_CORE,1790170486716868.039	,14.001,85.019000,42,0,NO,"""126,896;126,896;896;""",DT_BF16;DT_BF16;DT_BF16;DT_UNDEFINED,ND;ND;ND;NULL,"""126,896;126,1;126,896""",DT_BF16;FLOAT;DT_BF16,ND;ND;ND,N/A
0,4294967295,1505,46,aclnnMatmul_MatMulCommon_MatMulV2,MatMulV2,dynamic,AI_CORE,1790170486716913.081	,23.421,30.999000,22,0,NO,"""126,896;9728,896""",DT_BF16;DT_BF16,ND;ND,"""126,9728""",DT_BF16,ND,N/A
0,4294967295,1506,46,SwiGlu,SwiGlu,dynamic,AI_VECTOR_CORE,1790170486716949.082	,14.461,12.579000,48,0,NO,"""126,9728""",DT_BF16,ND,"""126,4864""",DT_BF16,ND,N/A
0,4294967295,1507,46,aclnnMatmul_MatMulCommon_MatMulV2,MatMulV2,dynamic,AI_CORE,1790170486716984.004	,21.801,20.539000,24,0,NO,"""126,4864;896,4864""",DT_BF16;DT_BF16,ND;ND,"""126,896""",DT_BF16,ND,N/A
0,4294967295,1508,46,AddRmsNormBias,AddRmsNormBias,dynamic,AI_VECTOR_CORE,1790170486717052.127	,11.320,46.449000,42,0,NO,"""126,896;126,896;896;""",DT_BF16;DT_BF16;DT_BF16;DT_UNDEFINED,ND;ND;ND;NULL,"""126,896;126,1;126,896""",DT_BF16;FLOAT;DT_BF16,ND;ND;ND,N/A
0,4294967295,1509,46,aclnnAddmm_CastAiCore_Cast,Cast,dynamic,AI_VECTOR_CORE,1790170486717097.708	,1.200,34.180000,2,0,NO,"""1152""",DT_BF16,ND,"""1152""",FLOAT,ND,N/A
0,4294967295,1510,46,aclnnAddmm_MatMulCommon_MatMulV2,MatMulV2,dynamic,AI_CORE,1790170486717100.748	,9.161,1.800000,24,0,NO,"""126,896;1152,896;1152""",DT_BF16;DT_BF16;FLOAT,ND;ND;ND,"""126,1152""",DT_BF16,ND,N/A
0,4294967295,1511,46,aclnnInplaceCopy_SliceAiCore_Slice,Slice,dynamic,AI_VECTOR_CORE,1790170486717173.011	,2.620,63.089000,12,0,NO,"""126,18,64;3;3""",DT_BF16;INT64;INT64,NCL;ND;ND,"""126,14,64""",DT_BF16,NCL,N/A
0,4294967295,1512,46,aclnnInplaceCopy_SliceAiCore_Slice,Slice,dynamic,AI_VECTOR_CORE,1790170486717176.192	,2.500,0.630000,12,0,NO,"""126,18,64;3;3""",DT_BF16;INT64;INT64,NCL;ND;ND,"""126,2,64""",DT_BF16,NCL,N/A
0,4294967295,1513,46,_triton_rope,_triton_rope,static,AI_VECTOR_CORE,1790170486717488.844	,12.160,310.000000,48,0,YES,"""126,14,64;126,2,64;32768,64""",DT_BF16;32620;DT_BF16,ND;ND;ND,"""126,14,64;126,2,64""",DT_BF16;32620,ND;ND,N/A
0,4294967295,1514,46,aclnnInplaceCopy_SliceAiCore_Slice,Slice,dynamic,AI_VECTOR_CORE,1790170486717859.499	,2.500,358.590000,12,0,NO,"""126,18,64;3;3""",DT_BF16;INT64;INT64,NCL;ND;ND,"""126,2,64""",DT_BF16,NCL,N/A
0,4294967295,1515,46,ReshapeAndCacheNdKernel,ReshapeAndCacheNdKernel,dynamic,AI_VECTOR_CORE,1790170486717877.400	,10.680,15.500000,48,0,NO,"""126,2,64;126,2,64;2,128,2,64;2,128,2,64;126""",DT_BF16;DT_BF16;DT_BF16;DT_BF16;INT32,ND;ND;ND;ND;ND,"""2,128,2,64;2,128,2,64""",DT_BF16;DT_BF16,ND;ND,N/A
0,4294967295,1516,46,aclnnContiguous_SliceAiCore_Slice,Slice,dynamic,AI_VECTOR_CORE,1790170486718257.715	,2.420,369.570000,12,0,NO,"""126,18,64;3;3""",DT_BF16;INT64;INT64,NCL;ND;ND,"""126,2,64""",DT_BF16,NCL,N/A
0,4294967295,1517,46,FusedInferAttentionScore,FusedInferAttentionScore,dynamic,MIX_AIC,1790170486718266.535	,25.741,6.330000,24,48,NO,"""126,14,64;126,2,64;126,2,64;;2048,2048;1;1;;;;;;;;;;;;;;;;;;;;;;;;""",DT_BF16;DT_BF16;DT_BF16;DT_UNDEFINED;INT8;INT64;INT64;DT_UNDEFINED;DT_UNDEFINED;DT_UNDEFINED;DT_UNDEFINED;DT_UNDEFINED;DT_UNDEFINED;DT_UNDEFINED;DT_UNDEFINED;DT_UNDEFINED;DT_UNDEFINED;DT_UNDEFINED;DT_UNDEFINED;DT_UNDEFINED;DT_UNDEFINED;DT_UNDEFINED;DT_UNDEFINED;DT_UNDEFINED;DT_UNDEFINED;DT_UNDEFINED;DT_UNDEFINED;DT_UNDEFINED;DT_UNDEFINED;DT_UNDEFINED;DT_UNDEFINED,ND;ND;ND;NULL;ND;ND;ND;NULL;NULL;NULL;NULL;NULL;NULL;NULL;NULL;NULL;NULL;NULL;NULL;NULL;NULL;NULL;NULL;NULL;NULL;NULL;NULL;NULL;NULL;NULL;NULL,"""126,14,64;""",DT_BF16;FLOAT,ND;ND,0
0,4294967295,1519,46,aclnnMatmul_MatMulCommon_MatMulV2,MatMulV2,dynamic,AI_CORE,1790170486718529.006	,7.700,236.759000,24,0,NO,"""126,896;896,896""",DT_BF16;DT_BF16,ND;ND,"""126,896""",DT_BF16,ND,N/A
0,4294967295,1520,46,AddRmsNormBias,AddRmsNormBias,dynamic,AI_VECTOR_CORE,1790170486718612.069	,13.660,75.300000,42,0,NO,"""126,896;126,896;896;""",DT_BF16;DT_BF16;DT_BF16;DT_UNDEFINED,ND;ND;ND;NULL,"""126,896;126,1;126,896""",DT_BF16;FLOAT;DT_BF16,ND;ND;ND,N/A
0,4294967295,1521,46,aclnnMatmul_MatMulCommon_MatMulV2,MatMulV2,dynamic,AI_CORE,1790170486718658.271	,23.661,32.590000,22,0,NO,"""126,896;9728,896""",DT_BF16;DT_BF16,ND;ND,"""126,9728""",DT_BF16,ND,N/A
0,4294967295,1522,46,SwiGlu,SwiGlu,dynamic,AI_VECTOR_CORE,1790170486718695.272	,15.961,13.339000,48,0,NO,"""126,9728""",DT_BF16,ND,"""126,4864""",DT_BF16,ND,N/A
0,4294967295,1523,46,aclnnMatmul_MatMulCommon_MatMulV2,MatMulV2,dynamic,AI_CORE,1790170486718733.734	,21.721,22.539000,24,0,NO,"""126,4864;896,4864""",DT_BF16;DT_BF16,ND;ND,"""126,896""",DT_BF16,ND,N/A
0,4294967295,1524,46,AddRmsNormBias,AddRmsNormBias,dynamic,AI_VECTOR_CORE,1790170486718797.396	,11.241,42.029000,42,0,NO,"""126,896;126,896;896;""",DT_BF16;DT_BF16;DT_BF16;DT_UNDEFINED,ND;ND;ND;NULL,"""126,896;126,1;126,896""",DT_BF16;FLOAT;DT_BF16,ND;ND;ND,N/A
0,4294967295,1525,46,aclnnAddmm_CastAiCore_Cast,Cast,dynamic,AI_VECTOR_CORE,1790170486718842.998	,1.440,34.259000,2,0,NO,"""1152""",DT_BF16,ND,"""1152""",FLOAT,ND,N/A
0,4294967295,1526,46,aclnnAddmm_MatMulCommon_MatMulV2,MatMulV2,dynamic,AI_CORE,1790170486718845.918	,8.701,1.560000,24,0,NO,"""126,896;1152,896;1152""",DT_BF16;DT_BF16;FLOAT,ND;ND;ND,"""126,1152""",DT_BF16,ND,N/A
0,4294967295,1527,46,aclnnInplaceCopy_SliceAiCore_Slice,Slice,dynamic,AI_VECTOR_CORE,1790170486718909.821	,2.440,55.049000,12,0,NO,"""126,18,64;3;3""",DT_BF16;INT64;INT64,NCL;ND;ND,"""126,14,64""",DT_BF16,NCL,N/A
0,4294967295,1528,46,aclnnInplaceCopy_SliceAiCore_Slice,Slice,dynamic,AI_VECTOR_CORE,1790170486718913.021	,2.520,0.810000,12,0,NO,"""126,18,64;3;3""",DT_BF16;INT64;INT64,NCL;ND;ND,"""126,2,64""",DT_BF16,NCL,N/A
0,4294967295,1529,46,_triton_rope,_triton_rope,static,AI_VECTOR_CORE,1790170486719102.949	,12.140,187.480000,48,0,YES,"""126,14,64;126,2,64;32768,64""",DT_BF16;32620;DT_BF16,ND;ND;ND,"""126,14,64;126,2,64""",DT_BF16;32620,ND;ND,N/A
0,4294967295,1530,46,aclnnInplaceCopy_SliceAiCore_Slice,Slice,dynamic,AI_VECTOR_CORE,1790170486719476.643	,2.481,361.610000,12,0,NO,"""126,18,64;3;3""",DT_BF16;INT64;INT64,NCL;ND;ND,"""126,2,64""",DT_BF16,NCL,N/A
0,4294967295,1531,46,ReshapeAndCacheNdKernel,ReshapeAndCacheNdKernel,dynamic,AI_VECTOR_CORE,1790170486719491.784	,10.120,12.519000,48,0,NO,"""126,2,64;126,2,64;2,128,2,64;2,128,2,64;126""",DT_BF16;DT_BF16;DT_BF16;DT_BF16;INT32,ND;ND;ND;ND;ND,"""2,128,2,64;2,128,2,64""",DT_BF16;DT_BF16,ND;ND,N/A
0,4294967295,1532,46,aclnnContiguous_SliceAiCore_Slice,Slice,dynamic,AI_VECTOR_CORE,1790170486719854.859	,2.680,352.880000,12,0,NO,"""126,18,64;3;3""",DT_BF16;INT64;INT64,NCL;ND;ND,"""126,2,64""",DT_BF16,NCL,N/A
0,4294967295,1533,46,FusedInferAttentionScore,FusedInferAttentionScore,dynamic,MIX_AIC,1790170486719867.399	,34.941,10.070000,24,48,NO,"""126,14,64;126,2,64;126,2,64;;2048,2048;1;1;;;;;;;;;;;;;;;;;;;;;;;;""",DT_BF16;DT_BF16;DT_BF16;DT_UNDEFINED;INT8;INT64;INT64;DT_UNDEFINED;DT_UNDEFINED;DT_UNDEFINED;DT_UNDEFINED;DT_UNDEFINED;DT_UNDEFINED;DT_UNDEFINED;DT_UNDEFINED;DT_UNDEFINED;DT_UNDEFINED;DT_UNDEFINED;DT_UNDEFINED;DT_UNDEFINED;DT_UNDEFINED;DT_UNDEFINED;DT_UNDEFINED;DT_UNDEFINED;DT_UNDEFINED;DT_UNDEFINED;DT_UNDEFINED;DT_UNDEFINED;DT_UNDEFINED;DT_UNDEFINED;DT_UNDEFINED,ND;ND;ND;NULL;ND;ND;ND;NULL;NULL;NULL;NULL;NULL;NULL;NULL;NULL;NULL;NULL;NULL;NULL;NULL;NULL;NULL;NULL;NULL;NULL;NULL;NULL;NULL;NULL;NULL;NULL,"""126,14,64;""",DT_BF16;FLOAT,ND;ND,0
0,4294967295,1535,46,aclnnMatmul_MatMulCommon_MatMulV2,MatMulV2,dynamic,AI_CORE,1790170486720114.129	,7.380,211.809000,24,0,NO,"""126,896;896,896""",DT_BF16;DT_BF16,ND;ND,"""126,896""",DT_BF16,ND,N/A
0,4294967295,1536,46,AddRmsNormBias,AddRmsNormBias,dynamic,AI_VECTOR_CORE,1790170486720199.692	,14.661,78.120000,42,0,NO,"""126,896;126,896;896;""",DT_BF16;DT_BF16;DT_BF16;DT_UNDEFINED,ND;ND;ND;NULL,"""126,896;126,1;126,896""",DT_BF16;FLOAT;DT_BF16,ND;ND;ND,N/A
0,4294967295,1537,46,aclnnMatmul_MatMulCommon_MatMulV2,MatMulV2,dynamic,AI_CORE,1790170486720239.234	,23.361,24.839000,22,0,NO,"""126,896;9728,896""",DT_BF16;DT_BF16,ND;ND,"""126,9728""",DT_BF16,ND,N/A
0,4294967295,1538,46,SwiGlu,SwiGlu,dynamic,AI_VECTOR_CORE,1790170486720277.355	,15.481,14.639000,48,0,NO,"""126,9728""",DT_BF16,ND,"""126,4864""",DT_BF16,ND,N/A
0,4294967295,1539,46,aclnnMatmul_MatMulCommon_MatMulV2,MatMulV2,dynamic,AI_CORE,1790170486720309.917	,22.521,17.269000,24,0,NO,"""126,4864;896,4864""",DT_BF16;DT_BF16,ND;ND,"""126,896""",DT_BF16,ND,N/A
0,4294967295,1540,46,AddRmsNormBias,AddRmsNormBias,dynamic,AI_VECTOR_CORE,1790170486720372.699	,11.201,40.229000,42,0,NO,"""126,896;126,896;896;""",DT_BF16;DT_BF16;DT_BF16;DT_UNDEFINED,ND;ND;ND;NULL,"""126,896;126,1;126,896""",DT_BF16;FLOAT;DT_BF16,ND;ND;ND,N/A
0,4294967295,1541,46,aclnnAddmm_CastAiCore_Cast,Cast,dynamic,AI_VECTOR_CORE,1790170486720421.101	,1.080,37.049000,2,0,NO,"""1152""",DT_BF16,ND,"""1152""",FLOAT,ND,N/A
0,4294967295,1542,46,aclnnAddmm_MatMulCommon_MatMulV2,MatMulV2,dynamic,AI_CORE,1790170486720424.861	,8.641,2.670000,24,0,NO,"""126,896;1152,896;1152""",DT_BF16;DT_BF16;FLOAT,ND;ND;ND,"""126,1152""",DT_BF16,ND,N/A
0,4294967295,1543,46,aclnnInplaceCopy_SliceAiCore_Slice,Slice,dynamic,AI_VECTOR_CORE,1790170486720487.864	,2.440,54.359000,12,0,NO,"""126,18,64;3;3""",DT_BF16;INT64;INT64,NCL;ND;ND,"""126,14,64""",DT_BF16,NCL,N/A
0,4294967295,1544,46,aclnnInplaceCopy_SliceAiCore_Slice,Slice,dynamic,AI_VECTOR_CORE,1790170486720490.924	,2.460,0.810000,12,0,NO,"""126,18,64;3;3""",DT_BF16;INT64;INT64,NCL;ND;ND,"""126,2,64""",DT_BF16,NCL,N/A
0,4294967295,1545,46,_triton_rope,_triton_rope,static,AI_VECTOR_CORE,1790170486720680.032	,12.580,186.540000,48,0,YES,"""126,14,64;126,2,64;32768,64""",DT_BF16;32620;DT_BF16,ND;ND;ND,"""126,14,64;126,2,64""",DT_BF16;32620,ND;ND,N/A
0,4294967295,1546,46,aclnnInplaceCopy_SliceAiCore_Slice,Slice,dynamic,AI_VECTOR_CORE,1790170486721041.866	,2.580,349.170000,12,0,NO,"""126,18,64;3;3""",DT_BF16;INT64;INT64,NCL;ND;ND,"""126,2,64""",DT_BF16,NCL,N/A
0,4294967295,1547,46,ReshapeAndCacheNdKernel,ReshapeAndCacheNdKernel,dynamic,AI_VECTOR_CORE,1790170486721084.188	,10.700,39.920000,48,0,NO,"""126,2,64;126,2,64;2,128,2,64;2,128,2,64;126""",DT_BF16;DT_BF16;DT_BF16;DT_BF16;INT32,ND;ND;ND;ND;ND,"""2,128,2,64;2,128,2,64""",DT_BF16;DT_BF16,ND;ND,N/A
0,4294967295,1548,46,aclnnContiguous_SliceAiCore_Slice,Slice,dynamic,AI_VECTOR_CORE,1790170486721455.763	,2.520,360.800000,12,0,NO,"""126,18,64;3;3""",DT_BF16;INT64;INT64,NCL;ND;ND,"""126,2,64""",DT_BF16,NCL,N/A
0,4294967295,1549,46,FusedInferAttentionScore,FusedInferAttentionScore,dynamic,MIX_AIC,1790170486721483.884	,25.821,25.730000,24,48,NO,"""126,14,64;126,2,64;126,2,64;;2048,2048;1;1;;;;;;;;;;;;;;;;;;;;;;;;""",DT_BF16;DT_BF16;DT_BF16;DT_UNDEFINED;INT8;INT64;INT64;DT_UNDEFINED;DT_UNDEFINED;DT_UNDEFINED;DT_UNDEFINED;DT_UNDEFINED;DT_UNDEFINED;DT_UNDEFINED;DT_UNDEFINED;DT_UNDEFINED;DT_UNDEFINED;DT_UNDEFINED;DT_UNDEFINED;DT_UNDEFINED;DT_UNDEFINED;DT_UNDEFINED;DT_UNDEFINED;DT_UNDEFINED;DT_UNDEFINED;DT_UNDEFINED;DT_UNDEFINED;DT_UNDEFINED;DT_UNDEFINED;DT_UNDEFINED;DT_UNDEFINED,ND;ND;ND;NULL;ND;ND;ND;NULL;NULL;NULL;NULL;NULL;NULL;NULL;NULL;NULL;NULL;NULL;NULL;NULL;NULL;NULL;NULL;NULL;NULL;NULL;NULL;NULL;NULL;NULL;NULL,"""126,14,64;""",DT_BF16;FLOAT,ND;ND,0
0,4294967295,1551,46,aclnnMatmul_MatMulCommon_MatMulV2,MatMulV2,dynamic,AI_CORE,1790170486721740.274	,7.500,230.429000,24,0,NO,"""126,896;896,896""",DT_BF16;DT_BF16,ND;ND,"""126,896""",DT_BF16,ND,N/A
0,4294967295,1552,46,AddRmsNormBias,AddRmsNormBias,dynamic,AI_VECTOR_CORE,1790170486721816.697	,13.741,69.000000,42,0,NO,"""126,896;126,896;896;""",DT_BF16;DT_BF16;DT_BF16;DT_UNDEFINED,ND;ND;ND;NULL,"""126,896;126,1;126,896""",DT_BF16;FLOAT;DT_BF16,ND;ND;ND,N/A
0,4294967295,1553,46,aclnnMatmul_MatMulCommon_MatMulV2,MatMulV2,dynamic,AI_CORE,1790170486721870.199	,23.781,39.759000,22,0,NO,"""126,896;9728,896""",DT_BF16;DT_BF16,ND;ND,"""126,9728""",DT_BF16,ND,N/A
0,4294967295,1554,46,SwiGlu,SwiGlu,dynamic,AI_VECTOR_CORE,1790170486721906.941	,14.800,12.969000,48,0,NO,"""126,9728""",DT_BF16,ND,"""126,4864""",DT_BF16,ND,N/A
0,4294967295,1555,46,aclnnMatmul_MatMulCommon_MatMulV2,MatMulV2,dynamic,AI_CORE,1790170486721939.562	,22.081,17.700000,24,0,NO,"""126,4864;896,4864""",DT_BF16;DT_BF16,ND;ND,"""126,896""",DT_BF16,ND,N/A
0,4294967295,1556,46,AddRmsNormBias,AddRmsNormBias,dynamic,AI_VECTOR_CORE,1790170486722009.765	,11.060,48.169000,42,0,NO,"""126,896;126,896;896;""",DT_BF16;DT_BF16;DT_BF16;DT_UNDEFINED,ND;ND;ND;NULL,"""126,896;126,1;126,896""",DT_BF16;FLOAT;DT_BF16,ND;ND;ND,N/A
0,4294967295,1557,46,aclnnAddmm_CastAiCore_Cast,Cast,dynamic,AI_VECTOR_CORE,1790170486722050.006	,1.100,29.190000,2,0,NO,"""1152""",DT_BF16,ND,"""1152""",FLOAT,ND,N/A
0,4294967295,1558,46,aclnnAddmm_MatMulCommon_MatMulV2,MatMulV2,dynamic,AI_CORE,1790170486722052.626	,9.001,1.650000,24,0,NO,"""126,896;1152,896;1152""",DT_BF16;DT_BF16;FLOAT,ND;ND;ND,"""126,1152""",DT_BF16,ND,N/A
0,4294967295,1559,46,aclnnInplaceCopy_SliceAiCore_Slice,Slice,dynamic,AI_VECTOR_CORE,1790170486722123.309	,2.500,61.499000,12,0,NO,"""126,18,64;3;3""",DT_BF16;INT64;INT64,NCL;ND;ND,"""126,14,64""",DT_BF16,NCL,N/A
0,4294967295,1560,46,aclnnInplaceCopy_SliceAiCore_Slice,Slice,dynamic,AI_VECTOR_CORE,1790170486722125.829	,2.480,0.000000,12,0,NO,"""126,18,64;3;3""",DT_BF16;INT64;INT64,NCL;ND;ND,"""126,2,64""",DT_BF16,NCL,N/A
0,4294967295,1561,46,_triton_rope,_triton_rope,static,AI_VECTOR_CORE,1790170486722317.897	,12.521,189.770000,48,0,YES,"""126,14,64;126,2,64;32768,64""",DT_BF16;32620;DT_BF16,ND;ND;ND,"""126,14,64;126,2,64""",DT_BF16;32620,ND;ND,N/A
0,4294967295,1562,46,aclnnInplaceCopy_SliceAiCore_Slice,Slice,dynamic,AI_VECTOR_CORE,1790170486722675.991	,2.941,345.479000,12,0,NO,"""126,18,64;3;3""",DT_BF16;INT64;INT64,NCL;ND;ND,"""126,2,64""",DT_BF16,NCL,N/A
0,4294967295,1563,46,ReshapeAndCacheNdKernel,ReshapeAndCacheNdKernel,dynamic,AI_VECTOR_CORE,1790170486722702.272	,10.601,23.309000,48,0,NO,"""126,2,64;126,2,64;2,128,2,64;2,128,2,64;126""",DT_BF16;DT_BF16;DT_BF16;DT_BF16;INT32,ND;ND;ND;ND;ND,"""2,128,2,64;2,128,2,64""",DT_BF16;DT_BF16,ND;ND,N/A
0,4294967295,1564,46,aclnnContiguous_SliceAiCore_Slice,Slice,dynamic,AI_VECTOR_CORE,1790170486723071.167	,2.500,358.399000,12,0,NO,"""126,18,64;3;3""",DT_BF16;INT64;INT64,NCL;ND;ND,"""126,2,64""",DT_BF16,NCL,N/A
0,4294967295,1565,46,FusedInferAttentionScore,FusedInferAttentionScore,dynamic,MIX_AIC,1790170486723080.468	,29.161,6.750000,24,48,NO,"""126,14,64;126,2,64;126,2,64;;2048,2048;1;1;;;;;;;;;;;;;;;;;;;;;;;;""",DT_BF16;DT_BF16;DT_BF16;DT_UNDEFINED;INT8;INT64;INT64;DT_UNDEFINED;DT_UNDEFINED;DT_UNDEFINED;DT_UNDEFINED;DT_UNDEFINED;DT_UNDEFINED;DT_UNDEFINED;DT_UNDEFINED;DT_UNDEFINED;DT_UNDEFINED;DT_UNDEFINED;DT_UNDEFINED;DT_UNDEFINED;DT_UNDEFINED;DT_UNDEFINED;DT_UNDEFINED;DT_UNDEFINED;DT_UNDEFINED;DT_UNDEFINED;DT_UNDEFINED;DT_UNDEFINED;DT_UNDEFINED;DT_UNDEFINED;DT_UNDEFINED,ND;ND;ND;NULL;ND;ND;ND;NULL;NULL;NULL;NULL;NULL;NULL;NULL;NULL;NULL;NULL;NULL;NULL;NULL;NULL;NULL;NULL;NULL;NULL;NULL;NULL;NULL;NULL;NULL;NULL,"""126,14,64;""",DT_BF16;FLOAT,ND;ND,0
0,4294967295,1567,46,aclnnMatmul_MatMulCommon_MatMulV2,MatMulV2,dynamic,AI_CORE,1790170486723333.698	,7.680,224.089000,24,0,NO,"""126,896;896,896""",DT_BF16;DT_BF16,ND;ND,"""126,896""",DT_BF16,ND,N/A
0,4294967295,1568,46,AddRmsNormBias,AddRmsNormBias,dynamic,AI_VECTOR_CORE,1790170486723411.881	,13.660,70.570000,42,0,NO,"""126,896;126,896;896;""",DT_BF16;DT_BF16;DT_BF16;DT_UNDEFINED,ND;ND;ND;NULL,"""126,896;126,1;126,896""",DT_BF16;FLOAT;DT_BF16,ND;ND;ND,N/A
0,4294967295,1569,46,aclnnMatmul_MatMulCommon_MatMulV2,MatMulV2,dynamic,AI_CORE,1790170486723459.523	,23.121,33.840000,22,0,NO,"""126,896;9728,896""",DT_BF16;DT_BF16,ND;ND,"""126,9728""",DT_BF16,ND,N/A
0,4294967295,1570,46,SwiGlu,SwiGlu,dynamic,AI_VECTOR_CORE,1790170486723493.824	,17.481,11.129000,48,0,NO,"""126,9728""",DT_BF16,ND,"""126,4864""",DT_BF16,ND,N/A
0,4294967295,1571,46,aclnnMatmul_MatMulCommon_MatMulV2,MatMulV2,dynamic,AI_CORE,1790170486723531.126	,21.660,20.019000,24,0,NO,"""126,4864;896,4864""",DT_BF16;DT_BF16,ND;ND,"""126,896""",DT_BF16,ND,N/A
0,4294967295,1572,46,AddRmsNormBias,AddRmsNormBias,dynamic,AI_VECTOR_CORE,1790170486723598.508	,11.001,45.590000,42,0,NO,"""126,896;126,896;896;""",DT_BF16;DT_BF16;DT_BF16;DT_UNDEFINED,ND;ND;ND;NULL,"""126,896;126,1;126,896""",DT_BF16;FLOAT;DT_BF16,ND;ND;ND,N/A
0,4294967295,1573,46,aclnnAddmm_CastAiCore_Cast,Cast,dynamic,AI_VECTOR_CORE,1790170486723643.990	,1.120,34.499000,2,0,NO,"""1152""",DT_BF16,ND,"""1152""",FLOAT,ND,N/A
0,4294967295,1574,46,aclnnAddmm_MatMulCommon_MatMulV2,MatMulV2,dynamic,AI_CORE,1790170486723647.150	,8.581,2.130000,24,0,NO,"""126,896;1152,896;1152""",DT_BF16;DT_BF16;FLOAT,ND;ND;ND,"""126,1152""",DT_BF16,ND,N/A
0,4294967295,1575,46,aclnnInplaceCopy_SliceAiCore_Slice,Slice,dynamic,AI_VECTOR_CORE,1790170486723704.873	,3.100,48.919000,12,0,NO,"""126,18,64;3;3""",DT_BF16;INT64;INT64,NCL;ND;ND,"""126,14,64""",DT_BF16,NCL,N/A
0,4294967295,1576,46,aclnnInplaceCopy_SliceAiCore_Slice,Slice,dynamic,AI_VECTOR_CORE,1790170486723707.993	,2.440,0.150000,12,0,NO,"""126,18,64;3;3""",DT_BF16;INT64;INT64,NCL;ND;ND,"""126,2,64""",DT_BF16,NCL,N/A
0,4294967295,1577,46,_triton_rope,_triton_rope,static,AI_VECTOR_CORE,1790170486723905.241	,12.680,194.810000,48,0,YES,"""126,14,64;126,2,64;32768,64""",DT_BF16;32620;DT_BF16,ND;ND;ND,"""126,14,64;126,2,64""",DT_BF16;32620,ND;ND,N/A
0,4294967295,1578,46,aclnnInplaceCopy_SliceAiCore_Slice,Slice,dynamic,AI_VECTOR_CORE,1790170486724272.335	,2.540,354.320000,12,0,NO,"""126,18,64;3;3""",DT_BF16;INT64;INT64,NCL;ND;ND,"""126,2,64""",DT_BF16,NCL,N/A
0,4294967295,1579,46,ReshapeAndCacheNdKernel,ReshapeAndCacheNdKernel,dynamic,AI_VECTOR_CORE,1790170486724287.936	,10.300,13.210000,48,0,NO,"""126,2,64;126,2,64;2,128,2,64;2,128,2,64;126""",DT_BF16;DT_BF16;DT_BF16;DT_BF16;INT32,ND;ND;ND;ND;ND,"""2,128,2,64;2,128,2,64""",DT_BF16;DT_BF16,ND;ND,N/A
0,4294967295,1580,46,aclnnContiguous_SliceAiCore_Slice,Slice,dynamic,AI_VECTOR_CORE,1790170486724649.270	,2.460,350.950000,12,0,NO,"""126,18,64;3;3""",DT_BF16;INT64;INT64,NCL;ND;ND,"""126,2,64""",DT_BF16,NCL,N/A
0,4294967295,1581,46,FusedInferAttentionScore,FusedInferAttentionScore,dynamic,MIX_AIC,1790170486724661.731	,26.601,10.040000,24,48,NO,"""126,14,64;126,2,64;126,2,64;;2048,2048;1;1;;;;;;;;;;;;;;;;;;;;;;;;""",DT_BF16;DT_BF16;DT_BF16;DT_UNDEFINED;INT8;INT64;INT64;DT_UNDEFINED;DT_UNDEFINED;DT_UNDEFINED;DT_UNDEFINED;DT_UNDEFINED;DT_UNDEFINED;DT_UNDEFINED;DT_UNDEFINED;DT_UNDEFINED;DT_UNDEFINED;DT_UNDEFINED;DT_UNDEFINED;DT_UNDEFINED;DT_UNDEFINED;DT_UNDEFINED;DT_UNDEFINED;DT_UNDEFINED;DT_UNDEFINED;DT_UNDEFINED;DT_UNDEFINED;DT_UNDEFINED;DT_UNDEFINED;DT_UNDEFINED;DT_UNDEFINED,ND;ND;ND;NULL;ND;ND;ND;NULL;NULL;NULL;NULL;NULL;NULL;NULL;NULL;NULL;NULL;NULL;NULL;NULL;NULL;NULL;NULL;NULL;NULL;NULL;NULL;NULL;NULL;NULL;NULL,"""126,14,64;""",DT_BF16;FLOAT,ND;ND,0
0,4294967295,1583,46,aclnnMatmul_MatMulCommon_MatMulV2,MatMulV2,dynamic,AI_CORE,1790170486724907.701	,7.580,219.399000,24,0,NO,"""126,896;896,896""",DT_BF16;DT_BF16,ND;ND,"""126,896""",DT_BF16,ND,N/A
0,4294967295,1584,46,AddRmsNormBias,AddRmsNormBias,dynamic,AI_VECTOR_CORE,1790170486724984.864	,13.760,69.420000,42,0,NO,"""126,896;126,896;896;""",DT_BF16;DT_BF16;DT_BF16;DT_UNDEFINED,ND;ND;ND;NULL,"""126,896;126,1;126,896""",DT_BF16;FLOAT;DT_BF16,ND;ND;ND,N/A
0,4294967295,1585,46,aclnnMatmul_MatMulCommon_MatMulV2,MatMulV2,dynamic,AI_CORE,1790170486725033.666	,23.761,35.240000,22,0,NO,"""126,896;9728,896""",DT_BF16;DT_BF16,ND;ND,"""126,9728""",DT_BF16,ND,N/A
0,4294967295,1586,46,SwiGlu,SwiGlu,dynamic,AI_VECTOR_CORE,1790170486725066.147	,14.961,8.739000,48,0,NO,"""126,9728""",DT_BF16,ND,"""126,4864""",DT_BF16,ND,N/A
0,4294967295,1587,46,aclnnMatmul_MatMulCommon_MatMulV2,MatMulV2,dynamic,AI_CORE,1790170486725109.349	,21.961,28.039000,24,0,NO,"""126,4864;896,4864""",DT_BF16;DT_BF16,ND;ND,"""126,896""",DT_BF16,ND,N/A
0,4294967295,1588,46,AddRmsNormBias,AddRmsNormBias,dynamic,AI_VECTOR_CORE,1790170486725183.052	,11.000,51.789000,42,0,NO,"""126,896;126,896;896;""",DT_BF16;DT_BF16;DT_BF16;DT_UNDEFINED,ND;ND;ND;NULL,"""126,896;126,1;126,896""",DT_BF16;FLOAT;DT_BF16,ND;ND;ND,N/A
0,4294967295,1589,46,aclnnAddmm_CastAiCore_Cast,Cast,dynamic,AI_VECTOR_CORE,1790170486725233.334	,1.160,39.250000,2,0,NO,"""1152""",DT_BF16,ND,"""1152""",FLOAT,ND,N/A
0,4294967295,1590,46,aclnnAddmm_MatMulCommon_MatMulV2,MatMulV2,dynamic,AI_CORE,1790170486725236.394	,8.920,2.090000,24,0,NO,"""126,896;1152,896;1152""",DT_BF16;DT_BF16;FLOAT,ND;ND;ND,"""126,1152""",DT_BF16,ND,N/A
0,4294967295,1591,46,aclnnInplaceCopy_SliceAiCore_Slice,Slice,dynamic,AI_VECTOR_CORE,1790170486725302.696	,2.581,57.330000,12,0,NO,"""126,18,64;3;3""",DT_BF16;INT64;INT64,NCL;ND;ND,"""126,14,64""",DT_BF16,NCL,N/A
0,4294967295,1592,46,aclnnInplaceCopy_SliceAiCore_Slice,Slice,dynamic,AI_VECTOR_CORE,1790170486725305.837	,2.440,0.419000,12,0,NO,"""126,18,64;3;3""",DT_BF16;INT64;INT64,NCL;ND;ND,"""126,2,64""",DT_BF16,NCL,N/A
0,4294967295,1593,46,_triton_rope,_triton_rope,static,AI_VECTOR_CORE,1790170486725503.524	,12.441,195.310000,48,0,YES,"""126,14,64;126,2,64;32768,64""",DT_BF16;32620;DT_BF16,ND;ND;ND,"""126,14,64;126,2,64""",DT_BF16;32620,ND;ND,N/A
0,4294967295,1594,46,aclnnInplaceCopy_SliceAiCore_Slice,Slice,dynamic,AI_VECTOR_CORE,1790170486725878.639	,2.461,362.809000,12,0,NO,"""126,18,64;3;3""",DT_BF16;INT64;INT64,NCL;ND;ND,"""126,2,64""",DT_BF16,NCL,N/A
0,4294967295,1595,46,ReshapeAndCacheNdKernel,ReshapeAndCacheNdKernel,dynamic,AI_VECTOR_CORE,1790170486725888.080	,10.280,6.789000,48,0,NO,"""126,2,64;126,2,64;2,128,2,64;2,128,2,64;126""",DT_BF16;DT_BF16;DT_BF16;DT_BF16;INT32,ND;ND;ND;ND;ND,"""2,128,2,64;2,128,2,64""",DT_BF16;DT_BF16,ND;ND,N/A
0,4294967295,1596,46,aclnnContiguous_SliceAiCore_Slice,Slice,dynamic,AI_VECTOR_CORE,1790170486726259.355	,2.420,360.970000,12,0,NO,"""126,18,64;3;3""",DT_BF16;INT64;INT64,NCL;ND;ND,"""126,2,64""",DT_BF16,NCL,N/A
0,4294967295,1597,46,FusedInferAttentionScore,FusedInferAttentionScore,dynamic,MIX_AIC,1790170486726268.295	,35.081,6.580000,24,48,NO,"""126,14,64;126,2,64;126,2,64;;2048,2048;1;1;;;;;;;;;;;;;;;;;;;;;;;;""",DT_BF16;DT_BF16;DT_BF16;DT_UNDEFINED;INT8;INT64;INT64;DT_UNDEFINED;DT_UNDEFINED;DT_UNDEFINED;DT_UNDEFINED;DT_UNDEFINED;DT_UNDEFINED;DT_UNDEFINED;DT_UNDEFINED;DT_UNDEFINED;DT_UNDEFINED;DT_UNDEFINED;DT_UNDEFINED;DT_UNDEFINED;DT_UNDEFINED;DT_UNDEFINED;DT_UNDEFINED;DT_UNDEFINED;DT_UNDEFINED;DT_UNDEFINED;DT_UNDEFINED;DT_UNDEFINED;DT_UNDEFINED;DT_UNDEFINED;DT_UNDEFINED,ND;ND;ND;NULL;ND;ND;ND;NULL;NULL;NULL;NULL;NULL;NULL;NULL;NULL;NULL;NULL;NULL;NULL;NULL;NULL;NULL;NULL;NULL;NULL;NULL;NULL;NULL;NULL;NULL;NULL,"""126,14,64;""",DT_BF16;FLOAT,ND;ND,0
0,4294967295,1599,46,aclnnMatmul_MatMulCommon_MatMulV2,MatMulV2,dynamic,AI_CORE,1790170486726535.086	,7.660,231.669000,24,0,NO,"""126,896;896,896""",DT_BF16;DT_BF16,ND;ND,"""126,896""",DT_BF16,ND,N/A
0,4294967295,1600,46,AddRmsNormBias,AddRmsNormBias,dynamic,AI_VECTOR_CORE,1790170486726618.349	,14.621,75.590000,42,0,NO,"""126,896;126,896;896;""",DT_BF16;DT_BF16;DT_BF16;DT_UNDEFINED,ND;ND;ND;NULL,"""126,896;126,1;126,896""",DT_BF16;FLOAT;DT_BF16,ND;ND;ND,N/A
0,4294967295,1601,46,aclnnMatmul_MatMulCommon_MatMulV2,MatMulV2,dynamic,AI_CORE,1790170486726664.811	,22.841,31.879000,22,0,NO,"""126,896;9728,896""",DT_BF16;DT_BF16,ND;ND,"""126,9728""",DT_BF16,ND,N/A
0,4294967295,1602,46,SwiGlu,SwiGlu,dynamic,AI_VECTOR_CORE,1790170486726701.072	,13.941,13.409000,48,0,NO,"""126,9728""",DT_BF16,ND,"""126,4864""",DT_BF16,ND,N/A
0,4294967295,1603,46,aclnnMatmul_MatMulCommon_MatMulV2,MatMulV2,dynamic,AI_CORE,1790170486726737.234	,21.821,22.309000,24,0,NO,"""126,4864;896,4864""",DT_BF16;DT_BF16,ND;ND,"""126,896""",DT_BF16,ND,N/A
0,4294967295,1604,46,AddRmsNormBias,AddRmsNormBias,dynamic,AI_VECTOR_CORE,1790170486726803.036	,10.661,43.929000,42,0,NO,"""126,896;126,896;896;""",DT_BF16;DT_BF16;DT_BF16;DT_UNDEFINED,ND;ND;ND;NULL,"""126,896;126,1;126,896""",DT_BF16;FLOAT;DT_BF16,ND;ND;ND,N/A
0,4294967295,1605,46,aclnnAddmm_CastAiCore_Cast,Cast,dynamic,AI_VECTOR_CORE,1790170486726848.618	,1.060,34.839000,2,0,NO,"""1152""",DT_BF16,ND,"""1152""",FLOAT,ND,N/A
0,4294967295,1606,46,aclnnAddmm_MatMulCommon_MatMulV2,MatMulV2,dynamic,AI_CORE,1790170486726852.298	,8.341,2.690000,24,0,NO,"""126,896;1152,896;1152""",DT_BF16;DT_BF16;FLOAT,ND;ND;ND,"""126,1152""",DT_BF16,ND,N/A
0,4294967295,1607,46,aclnnInplaceCopy_SliceAiCore_Slice,Slice,dynamic,AI_VECTOR_CORE,1790170486726908.741	,2.500,48.159000,12,0,NO,"""126,18,64;3;3""",DT_BF16;INT64;INT64,NCL;ND;ND,"""126,14,64""",DT_BF16,NCL,N/A
0,4294967295,1608,46,aclnnInplaceCopy_SliceAiCore_Slice,Slice,dynamic,AI_VECTOR_CORE,1790170486726911.901	,2.560,0.750000,12,0,NO,"""126,18,64;3;3""",DT_BF16;INT64;INT64,NCL;ND;ND,"""126,2,64""",DT_BF16,NCL,N/A
0,4294967295,1609,46,_triton_rope,_triton_rope,static,AI_VECTOR_CORE,1790170486727319.537	,12.641,404.940000,48,0,YES,"""126,14,64;126,2,64;32768,64""",DT_BF16;32620;DT_BF16,ND;ND;ND,"""126,14,64;126,2,64""",DT_BF16;32620,ND;ND,N/A
0,4294967295,1610,46,aclnnInplaceCopy_SliceAiCore_Slice,Slice,dynamic,AI_VECTOR_CORE,1790170486727665.171	,2.560,333.109000,12,0,NO,"""126,18,64;3;3""",DT_BF16;INT64;INT64,NCL;ND;ND,"""126,2,64""",DT_BF16,NCL,N/A
0,4294967295,1611,46,ReshapeAndCacheNdKernel,ReshapeAndCacheNdKernel,dynamic,AI_VECTOR_CORE,1790170486727692.892	,10.600,25.190000,48,0,NO,"""126,2,64;126,2,64;2,128,2,64;2,128,2,64;126""",DT_BF16;DT_BF16;DT_BF16;DT_BF16;INT32,ND;ND;ND;ND;ND,"""2,128,2,64;2,128,2,64""",DT_BF16;DT_BF16,ND;ND,N/A
0,4294967295,1612,46,aclnnContiguous_SliceAiCore_Slice,Slice,dynamic,AI_VECTOR_CORE,1790170486728044.486	,2.380,340.900000,12,0,NO,"""126,18,64;3;3""",DT_BF16;INT64;INT64,NCL;ND;ND,"""126,2,64""",DT_BF16,NCL,N/A
0,4294967295,1613,46,FusedInferAttentionScore,FusedInferAttentionScore,dynamic,MIX_AIC,1790170486728067.207	,25.241,20.370000,24,48,NO,"""126,14,64;126,2,64;126,2,64;;2048,2048;1;1;;;;;;;;;;;;;;;;;;;;;;;;""",DT_BF16;DT_BF16;DT_BF16;DT_UNDEFINED;INT8;INT64;INT64;DT_UNDEFINED;DT_UNDEFINED;DT_UNDEFINED;DT_UNDEFINED;DT_UNDEFINED;DT_UNDEFINED;DT_UNDEFINED;DT_UNDEFINED;DT_UNDEFINED;DT_UNDEFINED;DT_UNDEFINED;DT_UNDEFINED;DT_UNDEFINED;DT_UNDEFINED;DT_UNDEFINED;DT_UNDEFINED;DT_UNDEFINED;DT_UNDEFINED;DT_UNDEFINED;DT_UNDEFINED;DT_UNDEFINED;DT_UNDEFINED;DT_UNDEFINED;DT_UNDEFINED,ND;ND;ND;NULL;ND;ND;ND;NULL;NULL;NULL;NULL;NULL;NULL;NULL;NULL;NULL;NULL;NULL;NULL;NULL;NULL;NULL;NULL;NULL;NULL;NULL;NULL;NULL;NULL;NULL;NULL,"""126,14,64;""",DT_BF16;FLOAT,ND;ND,0
0,4294967295,1615,46,aclnnMatmul_MatMulCommon_MatMulV2,MatMulV2,dynamic,AI_CORE,1790170486728302.656	,7.581,210.259000,24,0,NO,"""126,896;896,896""",DT_BF16;DT_BF16,ND;ND,"""126,896""",DT_BF16,ND,N/A
0,4294967295,1616,46,AddRmsNormBias,AddRmsNormBias,dynamic,AI_VECTOR_CORE,1790170486728382.100	,15.920,71.669000,42,0,NO,"""126,896;126,896;896;""",DT_BF16;DT_BF16;DT_BF16;DT_UNDEFINED,ND;ND;ND;NULL,"""126,896;126,1;126,896""",DT_BF16;FLOAT;DT_BF16,ND;ND;ND,N/A
0,4294967295,1617,46,aclnnMatmul_MatMulCommon_MatMulV2,MatMulV2,dynamic,AI_CORE,1790170486728428.841	,22.841,30.830000,22,0,NO,"""126,896;9728,896""",DT_BF16;DT_BF16,ND;ND,"""126,9728""",DT_BF16,ND,N/A
0,4294967295,1618,46,SwiGlu,SwiGlu,dynamic,AI_VECTOR_CORE,1790170486728465.703	,15.820,14.159000,48,0,NO,"""126,9728""",DT_BF16,ND,"""126,4864""",DT_BF16,ND,N/A
0,4294967295,1619,46,aclnnMatmul_MatMulCommon_MatMulV2,MatMulV2,dynamic,AI_CORE,1790170486728496.324	,22.361,14.680000,24,0,NO,"""126,4864;896,4864""",DT_BF16;DT_BF16,ND;ND,"""126,896""",DT_BF16,ND,N/A
0,4294967295,1620,46,AddRmsNormBias,AddRmsNormBias,dynamic,AI_VECTOR_CORE,1790170486728563.027	,13.300,44.389000,42,0,NO,"""126,896;126,896;896;""",DT_BF16;DT_BF16;DT_BF16;DT_UNDEFINED,ND;ND;ND;NULL,"""126,896;126,1;126,896""",DT_BF16;FLOAT;DT_BF16,ND;ND;ND,N/A
0,4294967295,1621,46,aclnnAddmm_CastAiCore_Cast,Cast,dynamic,AI_VECTOR_CORE,1790170486728609.449	,1.020,33.200000,2,0,NO,"""1152""",DT_BF16,ND,"""1152""",FLOAT,ND,N/A
0,4294967295,1622,46,aclnnAddmm_MatMulCommon_MatMulV2,MatMulV2,dynamic,AI_CORE,1790170486728612.409	,9.120,1.980000,24,0,NO,"""126,896;1152,896;1152""",DT_BF16;DT_BF16;FLOAT,ND;ND;ND,"""126,1152""",DT_BF16,ND,N/A
0,4294967295,1623,46,aclnnInplaceCopy_SliceAiCore_Slice,Slice,dynamic,AI_VECTOR_CORE,1790170486728672.931	,2.500,51.380000,12,0,NO,"""126,18,64;3;3""",DT_BF16;INT64;INT64,NCL;ND;ND,"""126,14,64""",DT_BF16,NCL,N/A
0,4294967295,1624,46,aclnnInplaceCopy_SliceAiCore_Slice,Slice,dynamic,AI_VECTOR_CORE,1790170486728675.471	,2.640,0.000000,12,0,NO,"""126,18,64;3;3""",DT_BF16;INT64;INT64,NCL;ND;ND,"""126,2,64""",DT_BF16,NCL,N/A
0,4294967295,1625,46,_triton_rope,_triton_rope,static,AI_VECTOR_CORE,1790170486728872.619	,12.161,194.360000,48,0,YES,"""126,14,64;126,2,64;32768,64""",DT_BF16;32620;DT_BF16,ND;ND;ND,"""126,14,64;126,2,64""",DT_BF16;32620,ND;ND,N/A
0,4294967295,1626,46,aclnnInplaceCopy_SliceAiCore_Slice,Slice,dynamic,AI_VECTOR_CORE,1790170486729251.914	,2.580,367.339000,12,0,NO,"""126,18,64;3;3""",DT_BF16;INT64;INT64,NCL;ND;ND,"""126,2,64""",DT_BF16,NCL,N/A
0,4294967295,1627,46,ReshapeAndCacheNdKernel,ReshapeAndCacheNdKernel,dynamic,AI_VECTOR_CORE,1790170486729283.656	,10.300,29.170000,48,0,NO,"""126,2,64;126,2,64;2,128,2,64;2,128,2,64;126""",DT_BF16;DT_BF16;DT_BF16;DT_BF16;INT32,ND;ND;ND;ND;ND,"""2,128,2,64;2,128,2,64""",DT_BF16;DT_BF16,ND;ND,N/A
0,4294967295,1628,46,aclnnContiguous_SliceAiCore_Slice,Slice,dynamic,AI_VECTOR_CORE,1790170486729637.810	,2.460,343.700000,12,0,NO,"""126,18,64;3;3""",DT_BF16;INT64;INT64,NCL;ND;ND,"""126,2,64""",DT_BF16,NCL,N/A
0,4294967295,1629,46,FusedInferAttentionScore,FusedInferAttentionScore,dynamic,MIX_AIC,1790170486729658.491	,28.121,18.290000,24,48,NO,"""126,14,64;126,2,64;126,2,64;;2048,2048;1;1;;;;;;;;;;;;;;;;;;;;;;;;""",DT_BF16;DT_BF16;DT_BF16;DT_UNDEFINED;INT8;INT64;INT64;DT_UNDEFINED;DT_UNDEFINED;DT_UNDEFINED;DT_UNDEFINED;DT_UNDEFINED;DT_UNDEFINED;DT_UNDEFINED;DT_UNDEFINED;DT_UNDEFINED;DT_UNDEFINED;DT_UNDEFINED;DT_UNDEFINED;DT_UNDEFINED;DT_UNDEFINED;DT_UNDEFINED;DT_UNDEFINED;DT_UNDEFINED;DT_UNDEFINED;DT_UNDEFINED;DT_UNDEFINED;DT_UNDEFINED;DT_UNDEFINED;DT_UNDEFINED;DT_UNDEFINED,ND;ND;ND;NULL;ND;ND;ND;NULL;NULL;NULL;NULL;NULL;NULL;NULL;NULL;NULL;NULL;NULL;NULL;NULL;NULL;NULL;NULL;NULL;NULL;NULL;NULL;NULL;NULL;NULL;NULL,"""126,14,64;""",DT_BF16;FLOAT,ND;ND,0
0,4294967295,1631,46,aclnnMatmul_MatMulCommon_MatMulV2,MatMulV2,dynamic,AI_CORE,1790170486729898.100	,7.860,211.379000,24,0,NO,"""126,896;896,896""",DT_BF16;DT_BF16,ND;ND,"""126,896""",DT_BF16,ND,N/A
0,4294967295,1632,46,AddRmsNormBias,AddRmsNormBias,dynamic,AI_VECTOR_CORE,1790170486729981.903	,14.181,76.140000,42,0,NO,"""126,896;126,896;896;""",DT_BF16;DT_BF16;DT_BF16;DT_UNDEFINED,ND;ND;ND;NULL,"""126,896;126,1;126,896""",DT_BF16;FLOAT;DT_BF16,ND;ND;ND,N/A
0,4294967295,1633,46,aclnnMatmul_MatMulCommon_MatMulV2,MatMulV2,dynamic,AI_CORE,1790170486730029.065	,23.381,32.819000,22,0,NO,"""126,896;9728,896""",DT_BF16;DT_BF16,ND;ND,"""126,9728""",DT_BF16,ND,N/A
0,4294967295,1634,46,SwiGlu,SwiGlu,dynamic,AI_VECTOR_CORE,1790170486730066.747	,13.840,14.369000,48,0,NO,"""126,9728""",DT_BF16,ND,"""126,4864""",DT_BF16,ND,N/A
0,4294967295,1635,46,aclnnMatmul_MatMulCommon_MatMulV2,MatMulV2,dynamic,AI_CORE,1790170486730103.188	,21.821,22.660000,24,0,NO,"""126,4864;896,4864""",DT_BF16;DT_BF16,ND;ND,"""126,896""",DT_BF16,ND,N/A
0,4294967295,1636,46,AddRmsNormBias,AddRmsNormBias,dynamic,AI_VECTOR_CORE,1790170486730170.791	,10.640,45.679000,42,0,NO,"""126,896;126,896;896;""",DT_BF16;DT_BF16;DT_BF16;DT_UNDEFINED,ND;ND;ND;NULL,"""126,896;126,1;126,896""",DT_BF16;FLOAT;DT_BF16,ND;ND;ND,N/A
0,4294967295,1637,46,aclnnAddmm_CastAiCore_Cast,Cast,dynamic,AI_VECTOR_CORE,1790170486730215.613	,1.220,34.110000,2,0,NO,"""1152""",DT_BF16,ND,"""1152""",FLOAT,ND,N/A
0,4294967295,1638,46,aclnnAddmm_MatMulCommon_MatMulV2,MatMulV2,dynamic,AI_CORE,1790170486730218.133	,8.220,1.530000,24,0,NO,"""126,896;1152,896;1152""",DT_BF16;DT_BF16;FLOAT,ND;ND;ND,"""126,1152""",DT_BF16,ND,N/A
0,4294967295,1639,46,aclnnInplaceCopy_SliceAiCore_Slice,Slice,dynamic,AI_VECTOR_CORE,1790170486730279.075	,2.460,52.530000,12,0,NO,"""126,18,64;3;3""",DT_BF16;INT64;INT64,NCL;ND;ND,"""126,14,64""",DT_BF16,NCL,N/A
0,4294967295,1640,46,aclnnInplaceCopy_SliceAiCore_Slice,Slice,dynamic,AI_VECTOR_CORE,1790170486730281.555	,2.401,0.040000,12,0,NO,"""126,18,64;3;3""",DT_BF16;INT64;INT64,NCL;ND;ND,"""126,2,64""",DT_BF16,NCL,N/A
0,4294967295,1641,46,_triton_rope,_triton_rope,static,AI_VECTOR_CORE,1790170486730477.003	,16.201,193.099000,48,0,YES,"""126,14,64;126,2,64;32768,64""",DT_BF16;32620;DT_BF16,ND;ND;ND,"""126,14,64;126,2,64""",DT_BF16;32620,ND;ND,N/A
0,4294967295,1642,46,aclnnInplaceCopy_SliceAiCore_Slice,Slice,dynamic,AI_VECTOR_CORE,1790170486730842.318	,2.800,349.049000,12,0,NO,"""126,18,64;3;3""",DT_BF16;INT64;INT64,NCL;ND;ND,"""126,2,64""",DT_BF16,NCL,N/A
0,4294967295,1643,46,ReshapeAndCacheNdKernel,ReshapeAndCacheNdKernel,dynamic,AI_VECTOR_CORE,1790170486730854.298	,10.781,9.200000,48,0,NO,"""126,2,64;126,2,64;2,128,2,64;2,128,2,64;126""",DT_BF16;DT_BF16;DT_BF16;DT_BF16;INT32,ND;ND;ND;ND;ND,"""2,128,2,64;2,128,2,64""",DT_BF16;DT_BF16,ND;ND,N/A
0,4294967295,1644,46,aclnnContiguous_SliceAiCore_Slice,Slice,dynamic,AI_VECTOR_CORE,1790170486731217.893	,2.500,352.969000,12,0,NO,"""126,18,64;3;3""",DT_BF16;INT64;INT64,NCL;ND;ND,"""126,2,64""",DT_BF16,NCL,N/A
0,4294967295,1645,46,FusedInferAttentionScore,FusedInferAttentionScore,dynamic,MIX_AIC,1790170486731240.954	,27.621,20.500000,24,48,NO,"""126,14,64;126,2,64;126,2,64;;2048,2048;1;1;;;;;;;;;;;;;;;;;;;;;;;;""",DT_BF16;DT_BF16;DT_BF16;DT_UNDEFINED;INT8;INT64;INT64;DT_UNDEFINED;DT_UNDEFINED;DT_UNDEFINED;DT_UNDEFINED;DT_UNDEFINED;DT_UNDEFINED;DT_UNDEFINED;DT_UNDEFINED;DT_UNDEFINED;DT_UNDEFINED;DT_UNDEFINED;DT_UNDEFINED;DT_UNDEFINED;DT_UNDEFINED;DT_UNDEFINED;DT_UNDEFINED;DT_UNDEFINED;DT_UNDEFINED;DT_UNDEFINED;DT_UNDEFINED;DT_UNDEFINED;DT_UNDEFINED;DT_UNDEFINED;DT_UNDEFINED,ND;ND;ND;NULL;ND;ND;ND;NULL;NULL;NULL;NULL;NULL;NULL;NULL;NULL;NULL;NULL;NULL;NULL;NULL;NULL;NULL;NULL;NULL;NULL;NULL;NULL;NULL;NULL;NULL;NULL,"""126,14,64;""",DT_BF16;FLOAT,ND;ND,0
0,4294967295,1647,46,aclnnMatmul_MatMulCommon_MatMulV2,MatMulV2,dynamic,AI_CORE,1790170486731493.984	,7.420,225.379000,24,0,NO,"""126,896;896,896""",DT_BF16;DT_BF16,ND;ND,"""126,896""",DT_BF16,ND,N/A
0,4294967295,1648,46,AddRmsNormBias,AddRmsNormBias,dynamic,AI_VECTOR_CORE,1790170486731570.827	,13.161,69.330000,42,0,NO,"""126,896;126,896;896;""",DT_BF16;DT_BF16;DT_BF16;DT_UNDEFINED,ND;ND;ND;NULL,"""126,896;126,1;126,896""",DT_BF16;FLOAT;DT_BF16,ND;ND;ND,N/A
0,4294967295,1649,46,aclnnMatmul_MatMulCommon_MatMulV2,MatMulV2,dynamic,AI_CORE,1790170486731616.349	,23.221,32.339000,22,0,NO,"""126,896;9728,896""",DT_BF16;DT_BF16,ND;ND,"""126,9728""",DT_BF16,ND,N/A
0,4294967295,1650,46,SwiGlu,SwiGlu,dynamic,AI_VECTOR_CORE,1790170486731654.130	,14.861,14.779000,48,0,NO,"""126,9728""",DT_BF16,ND,"""126,4864""",DT_BF16,ND,N/A
0,4294967295,1651,46,aclnnMatmul_MatMulCommon_MatMulV2,MatMulV2,dynamic,AI_CORE,1790170486731687.992	,21.781,18.889000,24,0,NO,"""126,4864;896,4864""",DT_BF16;DT_BF16,ND;ND,"""126,896""",DT_BF16,ND,N/A
0,4294967295,1652,46,AddRmsNormBias,AddRmsNormBias,dynamic,AI_VECTOR_CORE,1790170486731752.574	,11.081,42.719000,42,0,NO,"""126,896;126,896;896;""",DT_BF16;DT_BF16;DT_BF16;DT_UNDEFINED,ND;ND;ND;NULL,"""126,896;126,1;126,896""",DT_BF16;FLOAT;DT_BF16,ND;ND;ND,N/A
0,4294967295,1653,46,aclnnAddmm_CastAiCore_Cast,Cast,dynamic,AI_VECTOR_CORE,1790170486731796.956	,1.060,33.419000,2,0,NO,"""1152""",DT_BF16,ND,"""1152""",FLOAT,ND,N/A
0,4294967295,1654,46,aclnnAddmm_MatMulCommon_MatMulV2,MatMulV2,dynamic,AI_CORE,1790170486731799.476	,9.001,1.440000,24,0,NO,"""126,896;1152,896;1152""",DT_BF16;DT_BF16;FLOAT,ND;ND;ND,"""126,1152""",DT_BF16,ND,N/A
0,4294967295,1655,46,aclnnInplaceCopy_SliceAiCore_Slice,Slice,dynamic,AI_VECTOR_CORE,1790170486731860.519	,2.440,51.999000,12,0,NO,"""126,18,64;3;3""",DT_BF16;INT64;INT64,NCL;ND;ND,"""126,14,64""",DT_BF16,NCL,N/A
0,4294967295,1656,46,aclnnInplaceCopy_SliceAiCore_Slice,Slice,dynamic,AI_VECTOR_CORE,1790170486731862.979	,2.540,0.060000,12,0,NO,"""126,18,64;3;3""",DT_BF16;INT64;INT64,NCL;ND;ND,"""126,2,64""",DT_BF16,NCL,N/A
0,4294967295,1657,46,_triton_rope,_triton_rope,static,AI_VECTOR_CORE,1790170486732058.567	,12.480,192.960000,48,0,YES,"""126,14,64;126,2,64;32768,64""",DT_BF16;32620;DT_BF16,ND;ND;ND,"""126,14,64;126,2,64""",DT_BF16;32620,ND;ND,N/A
0,4294967295,1658,46,aclnnInplaceCopy_SliceAiCore_Slice,Slice,dynamic,AI_VECTOR_CORE,1790170486732423.721	,2.620,352.770000,12,0,NO,"""126,18,64;3;3""",DT_BF16;INT64;INT64,NCL;ND;ND,"""126,2,64""",DT_BF16,NCL,N/A
0,4294967295,1659,46,ReshapeAndCacheNdKernel,ReshapeAndCacheNdKernel,dynamic,AI_VECTOR_CORE,1790170486732445.842	,10.140,19.380000,48,0,NO,"""126,2,64;126,2,64;2,128,2,64;2,128,2,64;126""",DT_BF16;DT_BF16;DT_BF16;DT_BF16;INT32,ND;ND;ND;ND;ND,"""2,128,2,64;2,128,2,64""",DT_BF16;DT_BF16,ND;ND,N/A
0,4294967295,1660,46,aclnnContiguous_SliceAiCore_Slice,Slice,dynamic,AI_VECTOR_CORE,1790170486732801.256	,2.420,345.360000,12,0,NO,"""126,18,64;3;3""",DT_BF16;INT64;INT64,NCL;ND;ND,"""126,2,64""",DT_BF16,NCL,N/A
0,4294967295,1661,46,FusedInferAttentionScore,FusedInferAttentionScore,dynamic,MIX_AIC,1790170486732822.457	,35.441,18.830000,24,48,NO,"""126,14,64;126,2,64;126,2,64;;2048,2048;1;1;;;;;;;;;;;;;;;;;;;;;;;;""",DT_BF16;DT_BF16;DT_BF16;DT_UNDEFINED;INT8;INT64;INT64;DT_UNDEFINED;DT_UNDEFINED;DT_UNDEFINED;DT_UNDEFINED;DT_UNDEFINED;DT_UNDEFINED;DT_UNDEFINED;DT_UNDEFINED;DT_UNDEFINED;DT_UNDEFINED;DT_UNDEFINED;DT_UNDEFINED;DT_UNDEFINED;DT_UNDEFINED;DT_UNDEFINED;DT_UNDEFINED;DT_UNDEFINED;DT_UNDEFINED;DT_UNDEFINED;DT_UNDEFINED;DT_UNDEFINED;DT_UNDEFINED;DT_UNDEFINED;DT_UNDEFINED,ND;ND;ND;NULL;ND;ND;ND;NULL;NULL;NULL;NULL;NULL;NULL;NULL;NULL;NULL;NULL;NULL;NULL;NULL;NULL;NULL;NULL;NULL;NULL;NULL;NULL;NULL;NULL;NULL;NULL,"""126,14,64;""",DT_BF16;FLOAT,ND;ND,0
0,4294967295,1663,46,aclnnMatmul_MatMulCommon_MatMulV2,MatMulV2,dynamic,AI_CORE,1790170486733055.446	,7.841,197.559000,24,0,NO,"""126,896;896,896""",DT_BF16;DT_BF16,ND;ND,"""126,896""",DT_BF16,ND,N/A
0,4294967295,1664,46,AddRmsNormBias,AddRmsNormBias,dynamic,AI_VECTOR_CORE,1790170486733152.910	,13.601,89.659000,42,0,NO,"""126,896;126,896;896;""",DT_BF16;DT_BF16;DT_BF16;DT_UNDEFINED,ND;ND;ND;NULL,"""126,896;126,1;126,896""",DT_BF16;FLOAT;DT_BF16,ND;ND;ND,N/A
0,4294967295,1665,46,aclnnMatmul_MatMulCommon_MatMulV2,MatMulV2,dynamic,AI_CORE,1790170486733228.013	,23.281,61.399000,22,0,NO,"""126,896;9728,896""",DT_BF16;DT_BF16,ND;ND,"""126,9728""",DT_BF16,ND,N/A
0,4294967295,1666,46,SwiGlu,SwiGlu,dynamic,AI_VECTOR_CORE,1790170486733251.314	,15.521,0.000000,48,0,NO,"""126,9728""",DT_BF16,ND,"""126,4864""",DT_BF16,ND,N/A
0,4294967295,1667,46,aclnnMatmul_MatMulCommon_MatMulV2,MatMulV2,dynamic,AI_CORE,1790170486733266.855	,21.781,0.000000,24,0,NO,"""126,4864;896,4864""",DT_BF16;DT_BF16,ND;ND,"""126,896""",DT_BF16,ND,N/A
0,4294967295,1668,46,AddRmsNormBias,AddRmsNormBias,dynamic,AI_VECTOR_CORE,1790170486733335.258	,10.840,46.719000,42,0,NO,"""126,896;126,896;896;""",DT_BF16;DT_BF16;DT_BF16;DT_UNDEFINED,ND;ND;ND;NULL,"""126,896;126,1;126,896""",DT_BF16;FLOAT;DT_BF16,ND;ND;ND,N/A
0,4294967295,1669,46,aclnnAddmm_CastAiCore_Cast,Cast,dynamic,AI_VECTOR_CORE,1790170486733384.520	,1.140,38.410000,2,0,NO,"""1152""",DT_BF16,ND,"""1152""",FLOAT,ND,N/A
0,4294967295,1670,46,aclnnAddmm_MatMulCommon_MatMulV2,MatMulV2,dynamic,AI_CORE,1790170486733387.520	,9.060,1.860000,24,0,NO,"""126,896;1152,896;1152""",DT_BF16;DT_BF16;FLOAT,ND;ND;ND,"""126,1152""",DT_BF16,ND,N/A
0,4294967295,1671,46,aclnnInplaceCopy_SliceAiCore_Slice,Slice,dynamic,AI_VECTOR_CORE,1790170486733449.402	,2.560,52.940000,12,0,NO,"""126,18,64;3;3""",DT_BF16;INT64;INT64,NCL;ND;ND,"""126,14,64""",DT_BF16,NCL,N/A
0,4294967295,1672,46,aclnnInplaceCopy_SliceAiCore_Slice,Slice,dynamic,AI_VECTOR_CORE,1790170486733456.782	,2.561,4.690000,12,0,NO,"""126,18,64;3;3""",DT_BF16;INT64;INT64,NCL;ND;ND,"""126,2,64""",DT_BF16,NCL,N/A
0,4294967295,1673,46,_triton_rope,_triton_rope,static,AI_VECTOR_CORE,1790170486733653.850	,12.341,194.439000,48,0,YES,"""126,14,64;126,2,64;32768,64""",DT_BF16;32620;DT_BF16,ND;ND;ND,"""126,14,64;126,2,64""",DT_BF16;32620,ND;ND,N/A
0,4294967295,1674,46,aclnnInplaceCopy_SliceAiCore_Slice,Slice,dynamic,AI_VECTOR_CORE,1790170486734021.345	,2.460,355.159000,12,0,NO,"""126,18,64;3;3""",DT_BF16;INT64;INT64,NCL;ND;ND,"""126,2,64""",DT_BF16,NCL,N/A
0,4294967295,1675,46,ReshapeAndCacheNdKernel,ReshapeAndCacheNdKernel,dynamic,AI_VECTOR_CORE,1790170486734074.327	,10.561,50.540000,48,0,NO,"""126,2,64;126,2,64;2,128,2,64;2,128,2,64;126""",DT_BF16;DT_BF16;DT_BF16;DT_BF16;INT32,ND;ND;ND;ND;ND,"""2,128,2,64;2,128,2,64""",DT_BF16;DT_BF16,ND;ND,N/A
0,4294967295,1676,46,aclnnContiguous_SliceAiCore_Slice,Slice,dynamic,AI_VECTOR_CORE,1790170486734419.421	,2.440,334.689000,12,0,NO,"""126,18,64;3;3""",DT_BF16;INT64;INT64,NCL;ND;ND,"""126,2,64""",DT_BF16,NCL,N/A
0,4294967295,1677,46,FusedInferAttentionScore,FusedInferAttentionScore,dynamic,MIX_AIC,1790170486734466.343	,26.261,44.310000,24,48,NO,"""126,14,64;126,2,64;126,2,64;;2048,2048;1;1;;;;;;;;;;;;;;;;;;;;;;;;""",DT_BF16;DT_BF16;DT_BF16;DT_UNDEFINED;INT8;INT64;INT64;DT_UNDEFINED;DT_UNDEFINED;DT_UNDEFINED;DT_UNDEFINED;DT_UNDEFINED;DT_UNDEFINED;DT_UNDEFINED;DT_UNDEFINED;DT_UNDEFINED;DT_UNDEFINED;DT_UNDEFINED;DT_UNDEFINED;DT_UNDEFINED;DT_UNDEFINED;DT_UNDEFINED;DT_UNDEFINED;DT_UNDEFINED;DT_UNDEFINED;DT_UNDEFINED;DT_UNDEFINED;DT_UNDEFINED;DT_UNDEFINED;DT_UNDEFINED;DT_UNDEFINED,ND;ND;ND;NULL;ND;ND;ND;NULL;NULL;NULL;NULL;NULL;NULL;NULL;NULL;NULL;NULL;NULL;NULL;NULL;NULL;NULL;NULL;NULL;NULL;NULL;NULL;NULL;NULL;NULL;NULL,"""126,14,64;""",DT_BF16;FLOAT,ND;ND,0
0,4294967295,1679,46,aclnnMatmul_MatMulCommon_MatMulV2,MatMulV2,dynamic,AI_CORE,1790170486734664.451	,7.720,171.989000,24,0,NO,"""126,896;896,896""",DT_BF16;DT_BF16,ND;ND,"""126,896""",DT_BF16,ND,N/A
0,4294967295,1680,46,AddRmsNormBias,AddRmsNormBias,dynamic,AI_VECTOR_CORE,1790170486734742.554	,13.980,70.280000,42,0,NO,"""126,896;126,896;896;""",DT_BF16;DT_BF16;DT_BF16;DT_UNDEFINED,ND;ND;ND;NULL,"""126,896;126,1;126,896""",DT_BF16;FLOAT;DT_BF16,ND;ND;ND,N/A
0,4294967295,1681,46,aclnnMatmul_MatMulCommon_MatMulV2,MatMulV2,dynamic,AI_CORE,1790170486734789.256	,22.861,32.770000,22,0,NO,"""126,896;9728,896""",DT_BF16;DT_BF16,ND;ND,"""126,9728""",DT_BF16,ND,N/A
0,4294967295,1682,46,SwiGlu,SwiGlu,dynamic,AI_VECTOR_CORE,1790170486734827.477	,14.101,15.389000,48,0,NO,"""126,9728""",DT_BF16,ND,"""126,4864""",DT_BF16,ND,N/A
0,4294967295,1683,46,aclnnMatmul_MatMulCommon_MatMulV2,MatMulV2,dynamic,AI_CORE,1790170486734861.959	,21.720,20.399000,24,0,NO,"""126,4864;896,4864""",DT_BF16;DT_BF16,ND;ND,"""126,896""",DT_BF16,ND,N/A
0,4294967295,1684,46,AddRmsNormBias,AddRmsNormBias,dynamic,AI_VECTOR_CORE,1790170486734927.141	,10.621,43.530000,42,0,NO,"""126,896;126,896;896;""",DT_BF16;DT_BF16;DT_BF16;DT_UNDEFINED,ND;ND;ND;NULL,"""126,896;126,1;126,896""",DT_BF16;FLOAT;DT_BF16,ND;ND;ND,N/A
0,4294967295,1685,46,aclnnAddmm_CastAiCore_Cast,Cast,dynamic,AI_VECTOR_CORE,1790170486734969.623	,1.240,31.629000,2,0,NO,"""1152""",DT_BF16,ND,"""1152""",FLOAT,ND,N/A
0,4294967295,1686,46,aclnnAddmm_MatMulCommon_MatMulV2,MatMulV2,dynamic,AI_CORE,1790170486734972.463	,8.700,1.760000,24,0,NO,"""126,896;1152,896;1152""",DT_BF16;DT_BF16;FLOAT,ND;ND;ND,"""126,1152""",DT_BF16,ND,N/A
0,4294967295,1687,46,aclnnInplaceCopy_SliceAiCore_Slice,Slice,dynamic,AI_VECTOR_CORE,1790170486735034.865	,3.001,53.550000,12,0,NO,"""126,18,64;3;3""",DT_BF16;INT64;INT64,NCL;ND;ND,"""126,14,64""",DT_BF16,NCL,N/A
0,4294967295,1688,46,aclnnInplaceCopy_SliceAiCore_Slice,Slice,dynamic,AI_VECTOR_CORE,1790170486735037.886	,2.480,0.249000,12,0,NO,"""126,18,64;3;3""",DT_BF16;INT64;INT64,NCL;ND;ND,"""126,2,64""",DT_BF16,NCL,N/A
0,4294967295,1689,46,_triton_rope,_triton_rope,static,AI_VECTOR_CORE,1790170486735237.674	,12.620,197.270000,48,0,YES,"""126,14,64;126,2,64;32768,64""",DT_BF16;32620;DT_BF16,ND;ND;ND,"""126,14,64;126,2,64""",DT_BF16;32620,ND;ND,N/A
0,4294967295,1690,46,aclnnInplaceCopy_SliceAiCore_Slice,Slice,dynamic,AI_VECTOR_CORE,1790170486735588.208	,2.520,337.880000,12,0,NO,"""126,18,64;3;3""",DT_BF16;INT64;INT64,NCL;ND;ND,"""126,2,64""",DT_BF16,NCL,N/A
0,4294967295,1691,46,ReshapeAndCacheNdKernel,ReshapeAndCacheNdKernel,dynamic,AI_VECTOR_CORE,1790170486735607.868	,10.461,16.980000,48,0,NO,"""126,2,64;126,2,64;2,128,2,64;2,128,2,64;126""",DT_BF16;DT_BF16;DT_BF16;DT_BF16;INT32,ND;ND;ND;ND;ND,"""2,128,2,64;2,128,2,64""",DT_BF16;DT_BF16,ND;ND,N/A
0,4294967295,1692,46,aclnnContiguous_SliceAiCore_Slice,Slice,dynamic,AI_VECTOR_CORE,1790170486735963.563	,2.440,345.289000,12,0,NO,"""126,18,64;3;3""",DT_BF16;INT64;INT64,NCL;ND;ND,"""126,2,64""",DT_BF16,NCL,N/A
0,4294967295,1693,46,FusedInferAttentionScore,FusedInferAttentionScore,dynamic,MIX_AIC,1790170486735989.104	,27.841,23.060000,24,48,NO,"""126,14,64;126,2,64;126,2,64;;2048,2048;1;1;;;;;;;;;;;;;;;;;;;;;;;;""",DT_BF16;DT_BF16;DT_BF16;DT_UNDEFINED;INT8;INT64;INT64;DT_UNDEFINED;DT_UNDEFINED;DT_UNDEFINED;DT_UNDEFINED;DT_UNDEFINED;DT_UNDEFINED;DT_UNDEFINED;DT_UNDEFINED;DT_UNDEFINED;DT_UNDEFINED;DT_UNDEFINED;DT_UNDEFINED;DT_UNDEFINED;DT_UNDEFINED;DT_UNDEFINED;DT_UNDEFINED;DT_UNDEFINED;DT_UNDEFINED;DT_UNDEFINED;DT_UNDEFINED;DT_UNDEFINED;DT_UNDEFINED;DT_UNDEFINED;DT_UNDEFINED,ND;ND;ND;NULL;ND;ND;ND;NULL;NULL;NULL;NULL;NULL;NULL;NULL;NULL;NULL;NULL;NULL;NULL;NULL;NULL;NULL;NULL;NULL;NULL;NULL;NULL;NULL;NULL;NULL;NULL,"""126,14,64;""",DT_BF16;FLOAT,ND;ND,0
0,4294967295,1695,46,aclnnMatmul_MatMulCommon_MatMulV2,MatMulV2,dynamic,AI_CORE,1790170486736218.613	,7.500,201.659000,24,0,NO,"""126,896;896,896""",DT_BF16;DT_BF16,ND;ND,"""126,896""",DT_BF16,ND,N/A
0,4294967295,1696,46,AddRmsNormBias,AddRmsNormBias,dynamic,AI_VECTOR_CORE,1790170486736296.856	,13.720,70.750000,42,0,NO,"""126,896;126,896;896;""",DT_BF16;DT_BF16;DT_BF16;DT_UNDEFINED,ND;ND;ND;NULL,"""126,896;126,1;126,896""",DT_BF16;FLOAT;DT_BF16,ND;ND;ND,N/A
0,4294967295,1697,46,aclnnMatmul_MatMulCommon_MatMulV2,MatMulV2,dynamic,AI_CORE,1790170486736347.218	,23.381,36.780000,22,0,NO,"""126,896;9728,896""",DT_BF16;DT_BF16,ND;ND,"""126,9728""",DT_BF16,ND,N/A
0,4294967295,1698,46,SwiGlu,SwiGlu,dynamic,AI_VECTOR_CORE,1790170486736384.279	,14.501,13.619000,48,0,NO,"""126,9728""",DT_BF16,ND,"""126,4864""",DT_BF16,ND,N/A
0,4294967295,1699,46,aclnnMatmul_MatMulCommon_MatMulV2,MatMulV2,dynamic,AI_CORE,1790170486736424.161	,22.221,25.499000,24,0,NO,"""126,4864;896,4864""",DT_BF16;DT_BF16,ND;ND,"""126,896""",DT_BF16,ND,N/A
0,4294967295,1700,46,AddRmsNormBias,AddRmsNormBias,dynamic,AI_VECTOR_CORE,1790170486736497.384	,11.360,51.029000,42,0,NO,"""126,896;126,896;896;""",DT_BF16;DT_BF16;DT_BF16;DT_UNDEFINED,ND;ND;ND;NULL,"""126,896;126,1;126,896""",DT_BF16;FLOAT;DT_BF16,ND;ND;ND,N/A
0,4294967295,1701,46,aclnnAddmm_CastAiCore_Cast,Cast,dynamic,AI_VECTOR_CORE,1790170486736533.745	,1.260,24.890000,2,0,NO,"""1152""",DT_BF16,ND,"""1152""",FLOAT,ND,N/A
0,4294967295,1702,46,aclnnAddmm_MatMulCommon_MatMulV2,MatMulV2,dynamic,AI_CORE,1790170486736536.766	,9.520,1.740000,24,0,NO,"""126,896;1152,896;1152""",DT_BF16;DT_BF16;FLOAT,ND;ND;ND,"""126,1152""",DT_BF16,ND,N/A
0,4294967295,1703,46,aclnnInplaceCopy_SliceAiCore_Slice,Slice,dynamic,AI_VECTOR_CORE,1790170486736598.968	,2.520,52.730000,12,0,NO,"""126,18,64;3;3""",DT_BF16;INT64;INT64,NCL;ND;ND,"""126,14,64""",DT_BF16,NCL,N/A
0,4294967295,1704,46,aclnnInplaceCopy_SliceAiCore_Slice,Slice,dynamic,AI_VECTOR_CORE,1790170486736602.188	,2.480,0.730000,12,0,NO,"""126,18,64;3;3""",DT_BF16;INT64;INT64,NCL;ND;ND,"""126,2,64""",DT_BF16,NCL,N/A
0,4294967295,1705,46,_triton_rope,_triton_rope,static,AI_VECTOR_CORE,1790170486736796.236	,11.940,191.520000,48,0,YES,"""126,14,64;126,2,64;32768,64""",DT_BF16;32620;DT_BF16,ND;ND;ND,"""126,14,64;126,2,64""",DT_BF16;32620,ND;ND,N/A
0,4294967295,1706,46,aclnnInplaceCopy_SliceAiCore_Slice,Slice,dynamic,AI_VECTOR_CORE,1790170486737147.350	,2.540,339.060000,12,0,NO,"""126,18,64;3;3""",DT_BF16;INT64;INT64,NCL;ND;ND,"""126,2,64""",DT_BF16,NCL,N/A
0,4294967295,1707,46,ReshapeAndCacheNdKernel,ReshapeAndCacheNdKernel,dynamic,AI_VECTOR_CORE,1790170486737171.351	,10.720,21.460000,48,0,NO,"""126,2,64;126,2,64;2,128,2,64;2,128,2,64;126""",DT_BF16;DT_BF16;DT_BF16;DT_BF16;INT32,ND;ND;ND;ND;ND,"""2,128,2,64;2,128,2,64""",DT_BF16;DT_BF16,ND;ND,N/A
0,4294967295,1708,46,aclnnContiguous_SliceAiCore_Slice,Slice,dynamic,AI_VECTOR_CORE,1790170486737527.125	,2.440,345.030000,12,0,NO,"""126,18,64;3;3""",DT_BF16;INT64;INT64,NCL;ND;ND,"""126,2,64""",DT_BF16,NCL,N/A
0,4294967295,1709,46,FusedInferAttentionScore,FusedInferAttentionScore,dynamic,MIX_AIC,1790170486737554.186	,26.761,24.810000,24,48,NO,"""126,14,64;126,2,64;126,2,64;;2048,2048;1;1;;;;;;;;;;;;;;;;;;;;;;;;""",DT_BF16;DT_BF16;DT_BF16;DT_UNDEFINED;INT8;INT64;INT64;DT_UNDEFINED;DT_UNDEFINED;DT_UNDEFINED;DT_UNDEFINED;DT_UNDEFINED;DT_UNDEFINED;DT_UNDEFINED;DT_UNDEFINED;DT_UNDEFINED;DT_UNDEFINED;DT_UNDEFINED;DT_UNDEFINED;DT_UNDEFINED;DT_UNDEFINED;DT_UNDEFINED;DT_UNDEFINED;DT_UNDEFINED;DT_UNDEFINED;DT_UNDEFINED;DT_UNDEFINED;DT_UNDEFINED;DT_UNDEFINED;DT_UNDEFINED;DT_UNDEFINED,ND;ND;ND;NULL;ND;ND;ND;NULL;NULL;NULL;NULL;NULL;NULL;NULL;NULL;NULL;NULL;NULL;NULL;NULL;NULL;NULL;NULL;NULL;NULL;NULL;NULL;NULL;NULL;NULL;NULL,"""126,14,64;""",DT_BF16;FLOAT,ND;ND,0
0,4294967295,1711,46,aclnnMatmul_MatMulCommon_MatMulV2,MatMulV2,dynamic,AI_CORE,1790170486737780.535	,7.721,199.489000,24,0,NO,"""126,896;896,896""",DT_BF16;DT_BF16,ND;ND,"""126,896""",DT_BF16,ND,N/A
0,4294967295,1712,46,AddRmsNormBias,AddRmsNormBias,dynamic,AI_VECTOR_CORE,1790170486737863.779	,13.780,75.529000,42,0,NO,"""126,896;126,896;896;""",DT_BF16;DT_BF16;DT_BF16;DT_UNDEFINED,ND;ND;ND;NULL,"""126,896;126,1;126,896""",DT_BF16;FLOAT;DT_BF16,ND;ND;ND,N/A
0,4294967295,1713,46,aclnnMatmul_MatMulCommon_MatMulV2,MatMulV2,dynamic,AI_CORE,1790170486737928.241	,23.301,50.720000,22,0,NO,"""126,896;9728,896""",DT_BF16;DT_BF16,ND;ND,"""126,9728""",DT_BF16,ND,N/A
0,4294967295,1714,46,SwiGlu,SwiGlu,dynamic,AI_VECTOR_CORE,1790170486737958.962	,15.701,7.449000,48,0,NO,"""126,9728""",DT_BF16,ND,"""126,4864""",DT_BF16,ND,N/A
0,4294967295,1715,46,aclnnMatmul_MatMulCommon_MatMulV2,MatMulV2,dynamic,AI_CORE,1790170486737997.924	,21.661,23.299000,24,0,NO,"""126,4864;896,4864""",DT_BF16;DT_BF16,ND;ND,"""126,896""",DT_BF16,ND,N/A
0,4294967295,1716,46,AddRmsNormBias,AddRmsNormBias,dynamic,AI_VECTOR_CORE,1790170486738060.306	,11.421,40.589000,42,0,NO,"""126,896;126,896;896;""",DT_BF16;DT_BF16;DT_BF16;DT_UNDEFINED,ND;ND;ND;NULL,"""126,896;126,1;126,896""",DT_BF16;FLOAT;DT_BF16,ND;ND;ND,N/A
0,4294967295,1717,46,aclnnIndex_IndexAiCore_Index,Index,dynamic,AI_VECTOR_CORE,1790170486738156.610	,8.701,84.829000,48,0,NO,"""126,896;1;2;1""",DT_BF16;INT64;INT64;INT32,ND;ND;ND;ND,"""1,896""",DT_BF16,ND,N/A
0,4294967295,1718,46,aclnnMatmul_MatMulCommon_MatMulV2,MatMulV2,dynamic,AI_CORE,1790170486738195.272	,236.489,30.049000,24,0,NO,"""1,896;151936,896""",DT_BF16;DT_BF16,ND;ND,"""1,151936""",DT_BF16,ND,N/A
0,4294967295,1719,46,aclnnInplaceCopy_CastAiCore_Cast,Cast,dynamic,AI_VECTOR_CORE,1790170486738671.671	,7.200,240.011000,48,0,NO,"""1,151936""",DT_BF16,ND,"""1,151936""",FLOAT,ND,N/A
0,4294967295,1720,46,aclnnInplaceZero_ZerosLikeAiCore_ZerosLike,ZerosLike,dynamic,AI_VECTOR_CORE,1790170486738859.278	,7.361,180.300000,48,0,NO,"""1,151936""",INT32,ND,"""1,151936""",INT32,ND,N/A
0,4294967295,1721,46,token_bin_counts_and_mask_kernel,token_bin_counts_and_mask_kernel,static,AI_VECTOR_CORE,1790170486739010.284	,67.683,143.639000,1,0,YES,"""1,126;1,151936""",INT64;FLOAT,ND;ND,"""1,151936""",FLOAT,ND,N/A
0,4294967295,1722,46,aclnnGtScalar_CastAiCore_Cast,Cast,dynamic,AI_VECTOR_CORE,1790170486739078.007	,8.200,0.067000,48,0,NO,"""1,151936""",INT32,ND,"""1,151936""",INT64,ND,N/A
0,4294967295,1723,46,aclnnGtScalar_GreaterAiCore_Greater,Greater,dynamic,AI_VECTOR_CORE,1790170486739086.227	,15.841,0.050000,48,0,NO,"""1,151936;""",INT64;INT64,ND;ND,"""1,151936""",BOOL,ND,N/A
0,4294967295,1724,46,aclnnInplaceZero_ZerosLikeAiCore_ZerosLike,ZerosLike,dynamic,AI_VECTOR_CORE,1790170486739102.108	,2.480,0.000000,48,0,NO,"""1,151936""",INT32,ND,"""1,151936""",INT32,ND,N/A
0,4294967295,1725,46,aclnnGtScalar_CastAiCore_Cast,Cast,dynamic,AI_VECTOR_CORE,1790170486739104.608	,2.740,0.020000,48,0,NO,"""1,151936""",INT32,ND,"""1,151936""",INT64,ND,N/A
0,4294967295,1726,46,aclnnGtScalar_GreaterAiCore_Greater,Greater,dynamic,AI_VECTOR_CORE,1790170486739107.368	,9.541,0.010000,48,0,NO,"""1,151936;""",INT64;INT64,ND;ND,"""1,151936""",BOOL,ND,N/A
0,4294967295,1727,46,apply_all_penalties_kernel,apply_all_penalties_kernel,static,AI_VECTOR_CORE,1790170486739241.074	,76.543,124.209000,1,0,YES,"""1,151936;1,151936;1,151936;1,151936""",FLOAT;BOOL;BOOL;INT32,ND;ND;ND;ND,"""1,151936""",FLOAT,ND,N/A
0,4294967295,1728,46,aclnnArgMax_ArgMaxV2AiCore_ArgMaxV2,ArgMaxV2,dynamic,AI_VECTOR_CORE,1790170486739317.637	,18.660,0.207000,1,0,NO,"""1,151936;""",FLOAT;INT64,ND;ND,"""1""",INT32,ND,N/A
0,4294967295,1729,46,aclnnArgMax_CastAiCore_Cast,Cast,dynamic,AI_VECTOR_CORE,1790170486739336.317	,0.740,0.000000,1,0,NO,"""1""",INT32,ND,"""1""",INT64,ND,N/A
0,4294967295,1730,46,aclnnInplaceCopy_CastAiCore_Cast,Cast,dynamic,AI_VECTOR_CORE,1790170486739337.077	,1.261,0.010000,1,0,NO,"""1""",INT64,ND,"""1""",INT32,ND,N/A
0,4294967295,1735,46,aclnnInplaceFillScalar_FillAiCore_Fill,Fill,dynamic,AI_VECTOR_CORE,1790170486741852.638	,1.080,2514.489000,1,0,NO,"""1;""",INT64;INT32,ND;ND,"""1""",INT32,ND,N/A
0,4294967295,1738,46,aclnnInplaceFillScalar_FillAiCore_Fill,Fill,dynamic,AI_VECTOR_CORE,1790170486741951.102	,0.940,97.170000,1,0,NO,"""1;""",INT64;INT32,ND;ND,"""1""",INT32,ND,N/A
0,4294967295,1743,46,aclnnIndex_IndexAiCore_Index,Index,dynamic,AI_VECTOR_CORE,1790170486742023.085	,8.840,71.060000,48,0,NO,"""1;1;1;1""",INT32;INT64;INT64;INT64,ND;ND;ND;ND,"""1""",INT32,ND,N/A
0,4294967295,1744,46,aclnnInplaceCopy_CastAiCore_Cast,Cast,dynamic,AI_VECTOR_CORE,1790170486742036.025	,0.860,4.160000,1,0,NO,"""1""",INT32,ND,"""1""",INT64,ND,N/A
0,4294967295,1745,46,aclnnAdd_AddAiCore_Add,Add,dynamic,AI_VECTOR_CORE,1790170486742053.306	,2.280,16.390000,1,0,NO,"""1;1""",INT64;INT64,ND;ND,"""1""",INT64,ND,N/A
0,4294967295,1747,46,aclnnAdd_AddAiCore_Add,Add,dynamic,AI_VECTOR_CORE,1790170486742099.168	,1.200,43.720000,1,0,NO,"""1;1""",INT32;INT32,ND;ND,"""1""",INT32,ND,N/A
0,4294967295,1749,46,_compute_slot_mapping_kernel,_compute_slot_mapping_kernel,static,AI_VECTOR_CORE,1790170486742321.097	,120.345,220.550000,2,0,YES,"""2;1;1,1""",3625965952;32620;INT32,ND;ND;ND,"""130""",INT64,ND,N/A
0,4294967295,1750,46,aclnnSubs_SubAiCore_Sub,Sub,dynamic,AI_VECTOR_CORE,1790170486742441.462	,1.160,0.155000,1,0,NO,"""1;""",INT32;INT32,ND;ND,"""1""",INT32,ND,N/A
0,4294967295,1752,46,aclnnIndexSelect_GatherV3AiCore_GatherV3,GatherV3,dynamic,AI_VECTOR_CORE,1790170486742830.477	,2.420,387.840000,1,0,NO,"""32768,64;1;1""",DT_BF16;INT64;INT64,ND;ND;ND,"""1,64""",DT_BF16,ND,N/A
0,4294967295,1753,46,aclnnRepeat_TileAiCore_Tile,Tile,dynamic,AI_VECTOR_CORE,1790170486742838.137	,1.621,5.330000,1,0,NO,"""1,2,32;3""",DT_BF16;INT64,NCL;ND,"""1,2,64""",DT_BF16,ND,N/A
0,4294967295,1755,46,aclnnIndexSelect_GatherV3AiCore_GatherV3,GatherV3,dynamic,AI_VECTOR_CORE,1790170486742897.560	,2.140,57.629000,1,0,NO,"""32768,64;1;1""",DT_BF16;INT64;INT64,ND;ND;ND,"""1,64""",DT_BF16,ND,N/A
0,4294967295,1756,46,aclnnRepeat_TileAiCore_Tile,Tile,dynamic,AI_VECTOR_CORE,1790170486742917.761	,1.800,18.110000,1,0,NO,"""1,2,32;3""",DT_BF16;INT64,NCL;ND,"""1,2,64""",DT_BF16,ND,N/A
0,4294967295,1758,46,aclnnInplaceCopy_CastAiCore_Cast,Cast,dynamic,AI_VECTOR_CORE,1790170486743288.475	,1.001,368.950000,1,0,NO,"""1""",INT32,ND,"""1""",INT64,ND,N/A
0,4294967295,1759,46,aclnnEmbedding_GatherV2AiCore_GatherV2,GatherV2,dynamic,AI_VECTOR_CORE,1790170486743311.656	,11.421,22.249000,48,0,NO,"""151936,896;1;1""",DT_BF16;INT64;INT64,ND;ND;ND,"""1,896""",DT_BF16,ND,N/A
0,4294967295,1760,46,RmsNorm,RmsNorm,dynamic,AI_VECTOR_CORE,1790170486743392.520	,4.880,69.329000,1,0,NO,"""1,896;896""",DT_BF16;DT_BF16,ND;ND,"""1,896;1,1""",DT_BF16;FLOAT,ND;ND,N/A
0,4294967295,1761,46,aclnnAddmm_CastAiCore_Cast,Cast,dynamic,AI_VECTOR_CORE,1790170486743456.922	,1.260,59.620000,2,0,NO,"""1152""",DT_BF16,ND,"""1152""",FLOAT,ND,N/A
0,4294967295,1762,46,aclnnAddmm_MatMulCommon_MatMulV2,MatMulV2,dynamic,AI_CORE,1790170486743460.082	,7.181,1.740000,24,0,NO,"""1,896;1152,896;1152""",DT_BF16;DT_BF16;FLOAT,ND;ND;ND,"""1,1152""",DT_BF16,ND,N/A
0,4294967295,1763,46,_triton_rope,_triton_rope,static,AI_VECTOR_CORE,1790170486743705.172	,3.080,238.069000,1,0,YES,"""1,14,64;1,2,64;32768,64""",DT_BF16;32620;DT_BF16,ND;ND;ND,"""1,14,64;1,2,64""",DT_BF16;32620,ND;ND,N/A
0,4294967295,1764,46,ReshapeAndCacheNdKernel,ReshapeAndCacheNdKernel,dynamic,AI_VECTOR_CORE,1790170486744188.491	,1.821,480.170000,1,0,NO,"""1,2,64;1,2,64;2,128,2,64;2,128,2,64;1""",DT_BF16;DT_BF16;DT_BF16;DT_BF16;INT32,ND;ND;ND;ND;ND,"""2,128,2,64;2,128,2,64""",DT_BF16;DT_BF16,ND;ND,N/A
0,4294967295,1765,46,FusedInferAttentionScore,FusedInferAttentionScore,dynamic,MIX_AIC,1790170486744536.485	,20.421,346.179000,24,48,NO,"""1,14,64;2,128,128;2,128,128;;2048,2048;1;1;;;;;;;;1,1;;;;;;;;;;;;;;;;""",DT_BF16;DT_BF16;DT_BF16;DT_UNDEFINED;INT8;INT64;INT64;DT_UNDEFINED;DT_UNDEFINED;DT_UNDEFINED;DT_UNDEFINED;DT_UNDEFINED;DT_UNDEFINED;DT_UNDEFINED;INT32;DT_UNDEFINED;DT_UNDEFINED;DT_UNDEFINED;DT_UNDEFINED;DT_UNDEFINED;DT_UNDEFINED;DT_UNDEFINED;DT_UNDEFINED;DT_UNDEFINED;DT_UNDEFINED;DT_UNDEFINED;DT_UNDEFINED;DT_UNDEFINED;DT_UNDEFINED;DT_UNDEFINED;DT_UNDEFINED,ND;ND;ND;NULL;ND;ND;ND;NULL;NULL;NULL;NULL;NULL;NULL;NULL;ND;NULL;NULL;NULL;NULL;NULL;NULL;NULL;NULL;NULL;NULL;NULL;NULL;NULL;NULL;NULL;NULL,"""1,14,64;""",DT_BF16;FLOAT,ND;ND,0
0,4294967295,1767,46,aclnnMatmul_MatMulCommon_MatMulV2,MatMulV2,dynamic,AI_CORE,1790170486744781.315	,5.580,224.329000,19,0,NO,"""1,896;896,896""",DT_BF16;DT_BF16,ND;ND,"""1,896""",DT_BF16,ND,N/A
0,4294967295,1768,46,AddRmsNormBias,AddRmsNormBias,dynamic,AI_VECTOR_CORE,1790170486744857.678	,2.020,70.920000,1,0,NO,"""1,896;1,896;896;""",DT_BF16;DT_BF16;DT_BF16;DT_UNDEFINED,ND;ND;ND;NULL,"""1,896;1,1;1,896""",DT_BF16;FLOAT;DT_BF16,ND;ND;ND,N/A
0,4294967295,1769,46,aclnnMatmul_MatMulCommon_MatMulV2,MatMulV2,dynamic,AI_CORE,1790170486744898.640	,19.961,38.980000,22,0,NO,"""1,896;9728,896""",DT_BF16;DT_BF16,ND;ND,"""1,9728""",DT_BF16,ND,N/A
0,4294967295,1770,46,SwiGlu,SwiGlu,dynamic,AI_VECTOR_CORE,1790170486744935.241	,4.080,16.539000,1,0,NO,"""1,9728""",DT_BF16,ND,"""1,4864""",DT_BF16,ND,N/A
0,4294967295,1771,46,aclnnMatmul_MatMulCommon_MatMulV2,MatMulV2,dynamic,AI_CORE,1790170486744976.543	,16.561,37.170000,19,0,NO,"""1,4864;896,4864""",DT_BF16;DT_BF16,ND;ND,"""1,896""",DT_BF16,ND,N/A
0,4294967295,1772,46,AddRmsNormBias,AddRmsNormBias,dynamic,AI_VECTOR_CORE,1790170486745037.265	,1.660,44.189000,1,0,NO,"""1,896;1,896;896;""",DT_BF16;DT_BF16;DT_BF16;DT_UNDEFINED,ND;ND;ND;NULL,"""1,896;1,1;1,896""",DT_BF16;FLOAT;DT_BF16,ND;ND;ND,N/A
0,4294967295,1773,46,aclnnAddmm_CastAiCore_Cast,Cast,dynamic,AI_VECTOR_CORE,1790170486745080.267	,1.080,41.340000,2,0,NO,"""1152""",DT_BF16,ND,"""1152""",FLOAT,ND,N/A
0,4294967295,1774,46,aclnnAddmm_MatMulCommon_MatMulV2,MatMulV2,dynamic,AI_CORE,1790170486745083.607	,7.461,2.170000,24,0,NO,"""1,896;1152,896;1152""",DT_BF16;DT_BF16;FLOAT,ND;ND;ND,"""1,1152""",DT_BF16,ND,N/A
0,4294967295,1775,46,_triton_rope,_triton_rope,static,AI_VECTOR_CORE,1790170486745341.398	,2.740,250.539000,1,0,YES,"""1,14,64;1,2,64;32768,64""",DT_BF16;32620;DT_BF16,ND;ND;ND,"""1,14,64;1,2,64""",DT_BF16;32620,ND;ND,N/A
0,4294967295,1776,46,ReshapeAndCacheNdKernel,ReshapeAndCacheNdKernel,dynamic,AI_VECTOR_CORE,1790170486745729.233	,1.520,385.010000,1,0,NO,"""1,2,64;1,2,64;2,128,2,64;2,128,2,64;1""",DT_BF16;DT_BF16;DT_BF16;DT_BF16;INT32,ND;ND;ND;ND;ND,"""2,128,2,64;2,128,2,64""",DT_BF16;DT_BF16,ND;ND,N/A
0,4294967295,1777,46,FusedInferAttentionScore,FusedInferAttentionScore,dynamic,MIX_AIC,1790170486746072.167	,21.901,341.480000,24,48,NO,"""1,14,64;2,128,128;2,128,128;;2048,2048;1;1;;;;;;;;1,1;;;;;;;;;;;;;;;;""",DT_BF16;DT_BF16;DT_BF16;DT_UNDEFINED;INT8;INT64;INT64;DT_UNDEFINED;DT_UNDEFINED;DT_UNDEFINED;DT_UNDEFINED;DT_UNDEFINED;DT_UNDEFINED;DT_UNDEFINED;INT32;DT_UNDEFINED;DT_UNDEFINED;DT_UNDEFINED;DT_UNDEFINED;DT_UNDEFINED;DT_UNDEFINED;DT_UNDEFINED;DT_UNDEFINED;DT_UNDEFINED;DT_UNDEFINED;DT_UNDEFINED;DT_UNDEFINED;DT_UNDEFINED;DT_UNDEFINED;DT_UNDEFINED;DT_UNDEFINED,ND;ND;ND;NULL;ND;ND;ND;NULL;NULL;NULL;NULL;NULL;NULL;NULL;ND;NULL;NULL;NULL;NULL;NULL;NULL;NULL;NULL;NULL;NULL;NULL;NULL;NULL;NULL;NULL;NULL,"""1,14,64;""",DT_BF16;FLOAT,ND;ND,0
0,4294967295,1779,46,aclnnMatmul_MatMulCommon_MatMulV2,MatMulV2,dynamic,AI_CORE,1790170486746338.837	,5.341,244.599000,19,0,NO,"""1,896;896,896""",DT_BF16;DT_BF16,ND;ND,"""1,896""",DT_BF16,ND,N/A
0,4294967295,1780,46,AddRmsNormBias,AddRmsNormBias,dynamic,AI_VECTOR_CORE,1790170486746408.400	,1.740,64.409000,1,0,NO,"""1,896;1,896;896;""",DT_BF16;DT_BF16;DT_BF16;DT_UNDEFINED,ND;ND;ND;NULL,"""1,896;1,1;1,896""",DT_BF16;FLOAT;DT_BF16,ND;ND;ND,N/A
0,4294967295,1781,46,aclnnMatmul_MatMulCommon_MatMulV2,MatMulV2,dynamic,AI_CORE,1790170486746455.322	,19.201,45.010000,22,0,NO,"""1,896;9728,896""",DT_BF16;DT_BF16,ND;ND,"""1,9728""",DT_BF16,ND,N/A
0,4294967295,1782,46,SwiGlu,SwiGlu,dynamic,AI_VECTOR_CORE,1790170486746493.744	,2.980,19.299000,1,0,NO,"""1,9728""",DT_BF16,ND,"""1,4864""",DT_BF16,ND,N/A
0,4294967295,1783,46,aclnnMatmul_MatMulCommon_MatMulV2,MatMulV2,dynamic,AI_CORE,1790170486746527.045	,16.241,30.270000,19,0,NO,"""1,4864;896,4864""",DT_BF16;DT_BF16,ND;ND,"""1,896""",DT_BF16,ND,N/A
0,4294967295,1784,46,AddRmsNormBias,AddRmsNormBias,dynamic,AI_VECTOR_CORE,1790170486746588.627	,1.680,45.509000,1,0,NO,"""1,896;1,896;896;""",DT_BF16;DT_BF16;DT_BF16;DT_UNDEFINED,ND;ND;ND;NULL,"""1,896;1,1;1,896""",DT_BF16;FLOAT;DT_BF16,ND;ND;ND,N/A
0,4294967295,1785,46,aclnnAddmm_CastAiCore_Cast,Cast,dynamic,AI_VECTOR_CORE,1790170486746632.029	,1.160,41.570000,2,0,NO,"""1152""",DT_BF16,ND,"""1152""",FLOAT,ND,N/A
0,4294967295,1786,46,aclnnAddmm_MatMulCommon_MatMulV2,MatMulV2,dynamic,AI_CORE,1790170486746635.129	,6.901,2.090000,24,0,NO,"""1,896;1152,896;1152""",DT_BF16;DT_BF16;FLOAT,ND;ND;ND,"""1,1152""",DT_BF16,ND,N/A
0,4294967295,1787,46,_triton_rope,_triton_rope,static,AI_VECTOR_CORE,1790170486746873.279	,2.760,231.099000,1,0,YES,"""1,14,64;1,2,64;32768,64""",DT_BF16;32620;DT_BF16,ND;ND;ND,"""1,14,64;1,2,64""",DT_BF16;32620,ND;ND,N/A
0,4294967295,1788,46,ReshapeAndCacheNdKernel,ReshapeAndCacheNdKernel,dynamic,AI_VECTOR_CORE,1790170486747237.253	,1.560,361.240000,1,0,NO,"""1,2,64;1,2,64;2,128,2,64;2,128,2,64;1""",DT_BF16;DT_BF16;DT_BF16;DT_BF16;INT32,ND;ND;ND;ND;ND,"""2,128,2,64;2,128,2,64""",DT_BF16;DT_BF16,ND;ND,N/A
0,4294967295,1789,46,FusedInferAttentionScore,FusedInferAttentionScore,dynamic,MIX_AIC,1790170486747588.767	,19.601,349.940000,24,48,NO,"""1,14,64;2,128,128;2,128,128;;2048,2048;1;1;;;;;;;;1,1;;;;;;;;;;;;;;;;""",DT_BF16;DT_BF16;DT_BF16;DT_UNDEFINED;INT8;INT64;INT64;DT_UNDEFINED;DT_UNDEFINED;DT_UNDEFINED;DT_UNDEFINED;DT_UNDEFINED;DT_UNDEFINED;DT_UNDEFINED;INT32;DT_UNDEFINED;DT_UNDEFINED;DT_UNDEFINED;DT_UNDEFINED;DT_UNDEFINED;DT_UNDEFINED;DT_UNDEFINED;DT_UNDEFINED;DT_UNDEFINED;DT_UNDEFINED;DT_UNDEFINED;DT_UNDEFINED;DT_UNDEFINED;DT_UNDEFINED;DT_UNDEFINED;DT_UNDEFINED,ND;ND;ND;NULL;ND;ND;ND;NULL;NULL;NULL;NULL;NULL;NULL;NULL;ND;NULL;NULL;NULL;NULL;NULL;NULL;NULL;NULL;NULL;NULL;NULL;NULL;NULL;NULL;NULL;NULL,"""1,14,64;""",DT_BF16;FLOAT,ND;ND,0
0,4294967295,1791,46,aclnnMatmul_MatMulCommon_MatMulV2,MatMulV2,dynamic,AI_CORE,1790170486747858.718	,5.340,250.399000,19,0,NO,"""1,896;896,896""",DT_BF16;DT_BF16,ND;ND,"""1,896""",DT_BF16,ND,N/A
0,4294967295,1792,46,AddRmsNormBias,AddRmsNormBias,dynamic,AI_VECTOR_CORE,1790170486747934.041	,1.640,69.910000,1,0,NO,"""1,896;1,896;896;""",DT_BF16;DT_BF16;DT_BF16;DT_UNDEFINED,ND;ND;ND;NULL,"""1,896;1,1;1,896""",DT_BF16;FLOAT;DT_BF16,ND;ND;ND,N/A
0,4294967295,1793,46,aclnnMatmul_MatMulCommon_MatMulV2,MatMulV2,dynamic,AI_CORE,1790170486747977.663	,20.001,42.110000,22,0,NO,"""1,896;9728,896""",DT_BF16;DT_BF16,ND;ND,"""1,9728""",DT_BF16,ND,N/A
0,4294967295,1794,46,SwiGlu,SwiGlu,dynamic,AI_VECTOR_CORE,1790170486748019.745	,2.980,21.999000,1,0,NO,"""1,9728""",DT_BF16,ND,"""1,4864""",DT_BF16,ND,N/A
0,4294967295,1795,46,aclnnMatmul_MatMulCommon_MatMulV2,MatMulV2,dynamic,AI_CORE,1790170486748040.165	,16.281,17.520000,19,0,NO,"""1,4864;896,4864""",DT_BF16;DT_BF16,ND;ND,"""1,896""",DT_BF16,ND,N/A
0,4294967295,1796,46,AddRmsNormBias,AddRmsNormBias,dynamic,AI_VECTOR_CORE,1790170486748113.488	,1.680,56.969000,1,0,NO,"""1,896;1,896;896;""",DT_BF16;DT_BF16;DT_BF16;DT_UNDEFINED,ND;ND;ND;NULL,"""1,896;1,1;1,896""",DT_BF16;FLOAT;DT_BF16,ND;ND;ND,N/A
0,4294967295,1797,46,aclnnAddmm_CastAiCore_Cast,Cast,dynamic,AI_VECTOR_CORE,1790170486748156.390	,1.060,41.320000,2,0,NO,"""1152""",DT_BF16,ND,"""1152""",FLOAT,ND,N/A
0,4294967295,1798,46,aclnnAddmm_MatMulCommon_MatMulV2,MatMulV2,dynamic,AI_CORE,1790170486748159.570	,6.880,1.940000,24,0,NO,"""1,896;1152,896;1152""",DT_BF16;DT_BF16;FLOAT,ND;ND;ND,"""1,1152""",DT_BF16,ND,N/A
0,4294967295,1799,46,_triton_rope,_triton_rope,static,AI_VECTOR_CORE,1790170486748391.860	,2.800,225.370000,1,0,YES,"""1,14,64;1,2,64;32768,64""",DT_BF16;32620;DT_BF16,ND;ND;ND,"""1,14,64;1,2,64""",DT_BF16;32620,ND;ND,N/A
0,4294967295,1800,46,ReshapeAndCacheNdKernel,ReshapeAndCacheNdKernel,dynamic,AI_VECTOR_CORE,1790170486748746.994	,1.560,352.450000,1,0,NO,"""1,2,64;1,2,64;2,128,2,64;2,128,2,64;1""",DT_BF16;DT_BF16;DT_BF16;DT_BF16;INT32,ND;ND;ND;ND;ND,"""2,128,2,64;2,128,2,64""",DT_BF16;DT_BF16,ND;ND,N/A
0,4294967295,1801,46,FusedInferAttentionScore,FusedInferAttentionScore,dynamic,MIX_AIC,1790170486749101.988	,20.521,353.440000,24,48,NO,"""1,14,64;2,128,128;2,128,128;;2048,2048;1;1;;;;;;;;1,1;;;;;;;;;;;;;;;;""",DT_BF16;DT_BF16;DT_BF16;DT_UNDEFINED;INT8;INT64;INT64;DT_UNDEFINED;DT_UNDEFINED;DT_UNDEFINED;DT_UNDEFINED;DT_UNDEFINED;DT_UNDEFINED;DT_UNDEFINED;INT32;DT_UNDEFINED;DT_UNDEFINED;DT_UNDEFINED;DT_UNDEFINED;DT_UNDEFINED;DT_UNDEFINED;DT_UNDEFINED;DT_UNDEFINED;DT_UNDEFINED;DT_UNDEFINED;DT_UNDEFINED;DT_UNDEFINED;DT_UNDEFINED;DT_UNDEFINED;DT_UNDEFINED;DT_UNDEFINED,ND;ND;ND;NULL;ND;ND;ND;NULL;NULL;NULL;NULL;NULL;NULL;NULL;ND;NULL;NULL;NULL;NULL;NULL;NULL;NULL;NULL;NULL;NULL;NULL;NULL;NULL;NULL;NULL;NULL,"""1,14,64;""",DT_BF16;FLOAT,ND;ND,0
0,4294967295,1803,46,aclnnMatmul_MatMulCommon_MatMulV2,MatMulV2,dynamic,AI_CORE,1790170486749374.739	,5.400,252.229000,19,0,NO,"""1,896;896,896""",DT_BF16;DT_BF16,ND;ND,"""1,896""",DT_BF16,ND,N/A
0,4294967295,1804,46,AddRmsNormBias,AddRmsNormBias,dynamic,AI_VECTOR_CORE,1790170486749446.682	,1.840,66.600000,1,0,NO,"""1,896;1,896;896;""",DT_BF16;DT_BF16;DT_BF16;DT_UNDEFINED,ND;ND;ND;NULL,"""1,896;1,1;1,896""",DT_BF16;FLOAT;DT_BF16,ND;ND;ND,N/A
0,4294967295,1805,46,aclnnMatmul_MatMulCommon_MatMulV2,MatMulV2,dynamic,AI_CORE,1790170486749491.143	,19.541,42.660000,22,0,NO,"""1,896;9728,896""",DT_BF16;DT_BF16,ND;ND,"""1,9728""",DT_BF16,ND,N/A
0,4294967295,1806,46,SwiGlu,SwiGlu,dynamic,AI_VECTOR_CORE,1790170486749527.465	,3.040,16.709000,1,0,NO,"""1,9728""",DT_BF16,ND,"""1,4864""",DT_BF16,ND,N/A
0,4294967295,1807,46,aclnnMatmul_MatMulCommon_MatMulV2,MatMulV2,dynamic,AI_CORE,1790170486749564.346	,16.241,33.710000,19,0,NO,"""1,4864;896,4864""",DT_BF16;DT_BF16,ND;ND,"""1,896""",DT_BF16,ND,N/A
0,4294967295,1808,46,AddRmsNormBias,AddRmsNormBias,dynamic,AI_VECTOR_CORE,1790170486749634.269	,1.740,53.759000,1,0,NO,"""1,896;1,896;896;""",DT_BF16;DT_BF16;DT_BF16;DT_UNDEFINED,ND;ND;ND;NULL,"""1,896;1,1;1,896""",DT_BF16;FLOAT;DT_BF16,ND;ND;ND,N/A
0,4294967295,1809,46,aclnnAddmm_CastAiCore_Cast,Cast,dynamic,AI_VECTOR_CORE,1790170486749675.791	,1.160,39.760000,2,0,NO,"""1152""",DT_BF16,ND,"""1152""",FLOAT,ND,N/A
0,4294967295,1810,46,aclnnAddmm_MatMulCommon_MatMulV2,MatMulV2,dynamic,AI_CORE,1790170486749680.411	,7.360,3.590000,24,0,NO,"""1,896;1152,896;1152""",DT_BF16;DT_BF16;FLOAT,ND;ND;ND,"""1,1152""",DT_BF16,ND,N/A
0,4294967295,1811,46,_triton_rope,_triton_rope,static,AI_VECTOR_CORE,1790170486749914.760	,2.721,226.890000,1,0,YES,"""1,14,64;1,2,64;32768,64""",DT_BF16;32620;DT_BF16,ND;ND;ND,"""1,14,64;1,2,64""",DT_BF16;32620,ND;ND,N/A
0,4294967295,1812,46,ReshapeAndCacheNdKernel,ReshapeAndCacheNdKernel,dynamic,AI_VECTOR_CORE,1790170486750272.975	,1.420,355.529000,1,0,NO,"""1,2,64;1,2,64;2,128,2,64;2,128,2,64;1""",DT_BF16;DT_BF16;DT_BF16;DT_BF16;INT32,ND;ND;ND;ND;ND,"""2,128,2,64;2,128,2,64""",DT_BF16;DT_BF16,ND;ND,N/A
0,4294967295,1813,46,FusedInferAttentionScore,FusedInferAttentionScore,dynamic,MIX_AIC,1790170486750607.388	,21.421,333.080000,24,48,NO,"""1,14,64;2,128,128;2,128,128;;2048,2048;1;1;;;;;;;;1,1;;;;;;;;;;;;;;;;""",DT_BF16;DT_BF16;DT_BF16;DT_UNDEFINED;INT8;INT64;INT64;DT_UNDEFINED;DT_UNDEFINED;DT_UNDEFINED;DT_UNDEFINED;DT_UNDEFINED;DT_UNDEFINED;DT_UNDEFINED;INT32;DT_UNDEFINED;DT_UNDEFINED;DT_UNDEFINED;DT_UNDEFINED;DT_UNDEFINED;DT_UNDEFINED;DT_UNDEFINED;DT_UNDEFINED;DT_UNDEFINED;DT_UNDEFINED;DT_UNDEFINED;DT_UNDEFINED;DT_UNDEFINED;DT_UNDEFINED;DT_UNDEFINED;DT_UNDEFINED,ND;ND;ND;NULL;ND;ND;ND;NULL;NULL;NULL;NULL;NULL;NULL;NULL;ND;NULL;NULL;NULL;NULL;NULL;NULL;NULL;NULL;NULL;NULL;NULL;NULL;NULL;NULL;NULL;NULL,"""1,14,64;""",DT_BF16;FLOAT,ND;ND,0
0,4294967295,1815,46,aclnnMatmul_MatMulCommon_MatMulV2,MatMulV2,dynamic,AI_CORE,1790170486750852.078	,5.600,223.079000,19,0,NO,"""1,896;896,896""",DT_BF16;DT_BF16,ND;ND,"""1,896""",DT_BF16,ND,N/A
0,4294967295,1816,46,AddRmsNormBias,AddRmsNormBias,dynamic,AI_VECTOR_CORE,1790170486750933.741	,1.820,76.150000,1,0,NO,"""1,896;1,896;896;""",DT_BF16;DT_BF16;DT_BF16;DT_UNDEFINED,ND;ND;ND;NULL,"""1,896;1,1;1,896""",DT_BF16;FLOAT;DT_BF16,ND;ND;ND,N/A
0,4294967295,1817,46,aclnnMatmul_MatMulCommon_MatMulV2,MatMulV2,dynamic,AI_CORE,1790170486750976.343	,20.361,40.680000,22,0,NO,"""1,896;9728,896""",DT_BF16;DT_BF16,ND;ND,"""1,9728""",DT_BF16,ND,N/A
0,4294967295,1818,46,SwiGlu,SwiGlu,dynamic,AI_VECTOR_CORE,1790170486751013.144	,3.100,16.639000,1,0,NO,"""1,9728""",DT_BF16,ND,"""1,4864""",DT_BF16,ND,N/A
0,4294967295,1819,46,aclnnMatmul_MatMulCommon_MatMulV2,MatMulV2,dynamic,AI_CORE,1790170486751047.606	,16.540,31.150000,19,0,NO,"""1,4864;896,4864""",DT_BF16;DT_BF16,ND;ND,"""1,896""",DT_BF16,ND,N/A
0,4294967295,1820,46,AddRmsNormBias,AddRmsNormBias,dynamic,AI_VECTOR_CORE,1790170486751112.168	,1.720,48.210000,1,0,NO,"""1,896;1,896;896;""",DT_BF16;DT_BF16;DT_BF16;DT_UNDEFINED,ND;ND;ND;NULL,"""1,896;1,1;1,896""",DT_BF16;FLOAT;DT_BF16,ND;ND;ND,N/A
0,4294967295,1821,46,aclnnAddmm_CastAiCore_Cast,Cast,dynamic,AI_VECTOR_CORE,1790170486751152.290	,1.160,38.280000,2,0,NO,"""1152""",DT_BF16,ND,"""1152""",FLOAT,ND,N/A
0,4294967295,1822,46,aclnnAddmm_MatMulCommon_MatMulV2,MatMulV2,dynamic,AI_CORE,1790170486751155.430	,7.200,2.090000,24,0,NO,"""1,896;1152,896;1152""",DT_BF16;DT_BF16;FLOAT,ND;ND;ND,"""1,1152""",DT_BF16,ND,N/A
0,4294967295,1823,46,_triton_rope,_triton_rope,static,AI_VECTOR_CORE,1790170486751391.739	,2.841,229.050000,1,0,YES,"""1,14,64;1,2,64;32768,64""",DT_BF16;32620;DT_BF16,ND;ND;ND,"""1,14,64;1,2,64""",DT_BF16;32620,ND;ND,N/A
0,4294967295,1824,46,ReshapeAndCacheNdKernel,ReshapeAndCacheNdKernel,dynamic,AI_VECTOR_CORE,1790170486751755.434	,1.580,360.909000,1,0,NO,"""1,2,64;1,2,64;2,128,2,64;2,128,2,64;1""",DT_BF16;DT_BF16;DT_BF16;DT_BF16;INT32,ND;ND;ND;ND;ND,"""2,128,2,64;2,128,2,64""",DT_BF16;DT_BF16,ND;ND,N/A
0,4294967295,1825,46,FusedInferAttentionScore,FusedInferAttentionScore,dynamic,MIX_AIC,1790170486752106.888	,17.021,349.920000,24,48,NO,"""1,14,64;2,128,128;2,128,128;;2048,2048;1;1;;;;;;;;1,1;;;;;;;;;;;;;;;;""",DT_BF16;DT_BF16;DT_BF16;DT_UNDEFINED;INT8;INT64;INT64;DT_UNDEFINED;DT_UNDEFINED;DT_UNDEFINED;DT_UNDEFINED;DT_UNDEFINED;DT_UNDEFINED;DT_UNDEFINED;INT32;DT_UNDEFINED;DT_UNDEFINED;DT_UNDEFINED;DT_UNDEFINED;DT_UNDEFINED;DT_UNDEFINED;DT_UNDEFINED;DT_UNDEFINED;DT_UNDEFINED;DT_UNDEFINED;DT_UNDEFINED;DT_UNDEFINED;DT_UNDEFINED;DT_UNDEFINED;DT_UNDEFINED;DT_UNDEFINED,ND;ND;ND;NULL;ND;ND;ND;NULL;NULL;NULL;NULL;NULL;NULL;NULL;ND;NULL;NULL;NULL;NULL;NULL;NULL;NULL;NULL;NULL;NULL;NULL;NULL;NULL;NULL;NULL;NULL,"""1,14,64;""",DT_BF16;FLOAT,ND;ND,0
0,4294967295,1827,46,aclnnMatmul_MatMulCommon_MatMulV2,MatMulV2,dynamic,AI_CORE,1790170486752361.438	,5.360,237.479000,19,0,NO,"""1,896;896,896""",DT_BF16;DT_BF16,ND;ND,"""1,896""",DT_BF16,ND,N/A
0,4294967295,1828,46,AddRmsNormBias,AddRmsNormBias,dynamic,AI_VECTOR_CORE,1790170486752433.821	,1.760,66.890000,1,0,NO,"""1,896;1,896;896;""",DT_BF16;DT_BF16;DT_BF16;DT_UNDEFINED,ND;ND;ND;NULL,"""1,896;1,1;1,896""",DT_BF16;FLOAT;DT_BF16,ND;ND;ND,N/A
0,4294967295,1829,46,aclnnMatmul_MatMulCommon_MatMulV2,MatMulV2,dynamic,AI_CORE,1790170486752476.603	,19.961,40.990000,22,0,NO,"""1,896;9728,896""",DT_BF16;DT_BF16,ND;ND,"""1,9728""",DT_BF16,ND,N/A
0,4294967295,1830,46,SwiGlu,SwiGlu,dynamic,AI_VECTOR_CORE,1790170486752512.844	,3.100,16.289000,1,0,NO,"""1,9728""",DT_BF16,ND,"""1,4864""",DT_BF16,ND,N/A
0,4294967295,1831,46,aclnnMatmul_MatMulCommon_MatMulV2,MatMulV2,dynamic,AI_CORE,1790170486752550.766	,16.220,34.900000,19,0,NO,"""1,4864;896,4864""",DT_BF16;DT_BF16,ND;ND,"""1,896""",DT_BF16,ND,N/A
0,4294967295,1832,46,AddRmsNormBias,AddRmsNormBias,dynamic,AI_VECTOR_CORE,1790170486752612.948	,1.820,46.030000,1,0,NO,"""1,896;1,896;896;""",DT_BF16;DT_BF16;DT_BF16;DT_UNDEFINED,ND;ND;ND;NULL,"""1,896;1,1;1,896""",DT_BF16;FLOAT;DT_BF16,ND;ND;ND,N/A
0,4294967295,1833,46,aclnnAddmm_CastAiCore_Cast,Cast,dynamic,AI_VECTOR_CORE,1790170486752655.050	,1.280,40.180000,2,0,NO,"""1152""",DT_BF16,ND,"""1152""",FLOAT,ND,N/A
0,4294967295,1834,46,aclnnAddmm_MatMulCommon_MatMulV2,MatMulV2,dynamic,AI_CORE,1790170486752658.110	,7.180,1.720000,24,0,NO,"""1,896;1152,896;1152""",DT_BF16;DT_BF16;FLOAT,ND;ND;ND,"""1,1152""",DT_BF16,ND,N/A
0,4294967295,1835,46,_triton_rope,_triton_rope,static,AI_VECTOR_CORE,1790170486752887.539	,2.880,222.320000,1,0,YES,"""1,14,64;1,2,64;32768,64""",DT_BF16;32620;DT_BF16,ND;ND;ND,"""1,14,64;1,2,64""",DT_BF16;32620,ND;ND,N/A
0,4294967295,1836,46,ReshapeAndCacheNdKernel,ReshapeAndCacheNdKernel,dynamic,AI_VECTOR_CORE,1790170486753265.134	,1.640,374.870000,1,0,NO,"""1,2,64;1,2,64;2,128,2,64;2,128,2,64;1""",DT_BF16;DT_BF16;DT_BF16;DT_BF16;INT32,ND;ND;ND;ND;ND,"""2,128,2,64;2,128,2,64""",DT_BF16;DT_BF16,ND;ND,N/A
0,4294967295,1837,46,FusedInferAttentionScore,FusedInferAttentionScore,dynamic,MIX_AIC,1790170486753619.308	,22.161,352.360000,24,48,NO,"""1,14,64;2,128,128;2,128,128;;2048,2048;1;1;;;;;;;;1,1;;;;;;;;;;;;;;;;""",DT_BF16;DT_BF16;DT_BF16;DT_UNDEFINED;INT8;INT64;INT64;DT_UNDEFINED;DT_UNDEFINED;DT_UNDEFINED;DT_UNDEFINED;DT_UNDEFINED;DT_UNDEFINED;DT_UNDEFINED;INT32;DT_UNDEFINED;DT_UNDEFINED;DT_UNDEFINED;DT_UNDEFINED;DT_UNDEFINED;DT_UNDEFINED;DT_UNDEFINED;DT_UNDEFINED;DT_UNDEFINED;DT_UNDEFINED;DT_UNDEFINED;DT_UNDEFINED;DT_UNDEFINED;DT_UNDEFINED;DT_UNDEFINED;DT_UNDEFINED,ND;ND;ND;NULL;ND;ND;ND;NULL;NULL;NULL;NULL;NULL;NULL;NULL;ND;NULL;NULL;NULL;NULL;NULL;NULL;NULL;NULL;NULL;NULL;NULL;NULL;NULL;NULL;NULL;NULL,"""1,14,64;""",DT_BF16;FLOAT,ND;ND,0
0,4294967295,1839,46,aclnnMatmul_MatMulCommon_MatMulV2,MatMulV2,dynamic,AI_CORE,1790170486753900.340	,5.300,258.839000,19,0,NO,"""1,896;896,896""",DT_BF16;DT_BF16,ND;ND,"""1,896""",DT_BF16,ND,N/A
0,4294967295,1840,46,AddRmsNormBias,AddRmsNormBias,dynamic,AI_VECTOR_CORE,1790170486753974.003	,1.740,68.450000,1,0,NO,"""1,896;1,896;896;""",DT_BF16;DT_BF16;DT_BF16;DT_UNDEFINED,ND;ND;ND;NULL,"""1,896;1,1;1,896""",DT_BF16;FLOAT;DT_BF16,ND;ND;ND,N/A
0,4294967295,1841,46,aclnnMatmul_MatMulCommon_MatMulV2,MatMulV2,dynamic,AI_CORE,1790170486754019.905	,21.460,44.260000,22,0,NO,"""1,896;9728,896""",DT_BF16;DT_BF16,ND;ND,"""1,9728""",DT_BF16,ND,N/A
0,4294967295,1842,46,SwiGlu,SwiGlu,dynamic,AI_VECTOR_CORE,1790170486754056.106	,3.020,14.540000,1,0,NO,"""1,9728""",DT_BF16,ND,"""1,4864""",DT_BF16,ND,N/A
0,4294967295,1843,46,aclnnMatmul_MatMulCommon_MatMulV2,MatMulV2,dynamic,AI_CORE,1790170486754091.067	,16.521,31.980000,19,0,NO,"""1,4864;896,4864""",DT_BF16;DT_BF16,ND;ND,"""1,896""",DT_BF16,ND,N/A
0,4294967295,1844,46,AddRmsNormBias,AddRmsNormBias,dynamic,AI_VECTOR_CORE,1790170486754153.410	,1.700,45.979000,1,0,NO,"""1,896;1,896;896;""",DT_BF16;DT_BF16;DT_BF16;DT_UNDEFINED,ND;ND;ND;NULL,"""1,896;1,1;1,896""",DT_BF16;FLOAT;DT_BF16,ND;ND;ND,N/A
0,4294967295,1845,46,aclnnAddmm_CastAiCore_Cast,Cast,dynamic,AI_VECTOR_CORE,1790170486754196.292	,1.180,41.050000,2,0,NO,"""1152""",DT_BF16,ND,"""1152""",FLOAT,ND,N/A
0,4294967295,1846,46,aclnnAddmm_MatMulCommon_MatMulV2,MatMulV2,dynamic,AI_CORE,1790170486754199.292	,7.420,1.820000,24,0,NO,"""1,896;1152,896;1152""",DT_BF16;DT_BF16;FLOAT,ND;ND;ND,"""1,1152""",DT_BF16,ND,N/A
0,4294967295,1847,46,_triton_rope,_triton_rope,static,AI_VECTOR_CORE,1790170486754434.661	,3.300,228.080000,1,0,YES,"""1,14,64;1,2,64;32768,64""",DT_BF16;32620;DT_BF16,ND;ND;ND,"""1,14,64;1,2,64""",DT_BF16;32620,ND;ND,N/A
0,4294967295,1848,46,ReshapeAndCacheNdKernel,ReshapeAndCacheNdKernel,dynamic,AI_VECTOR_CORE,1790170486754786.875	,1.520,348.950000,1,0,NO,"""1,2,64;1,2,64;2,128,2,64;2,128,2,64;1""",DT_BF16;DT_BF16;DT_BF16;DT_BF16;INT32,ND;ND;ND;ND;ND,"""2,128,2,64;2,128,2,64""",DT_BF16;DT_BF16,ND;ND,N/A
0,4294967295,1849,46,FusedInferAttentionScore,FusedInferAttentionScore,dynamic,MIX_AIC,1790170486755128.469	,23.941,339.980000,24,48,NO,"""1,14,64;2,128,128;2,128,128;;2048,2048;1;1;;;;;;;;1,1;;;;;;;;;;;;;;;;""",DT_BF16;DT_BF16;DT_BF16;DT_UNDEFINED;INT8;INT64;INT64;DT_UNDEFINED;DT_UNDEFINED;DT_UNDEFINED;DT_UNDEFINED;DT_UNDEFINED;DT_UNDEFINED;DT_UNDEFINED;INT32;DT_UNDEFINED;DT_UNDEFINED;DT_UNDEFINED;DT_UNDEFINED;DT_UNDEFINED;DT_UNDEFINED;DT_UNDEFINED;DT_UNDEFINED;DT_UNDEFINED;DT_UNDEFINED;DT_UNDEFINED;DT_UNDEFINED;DT_UNDEFINED;DT_UNDEFINED;DT_UNDEFINED;DT_UNDEFINED,ND;ND;ND;NULL;ND;ND;ND;NULL;NULL;NULL;NULL;NULL;NULL;NULL;ND;NULL;NULL;NULL;NULL;NULL;NULL;NULL;NULL;NULL;NULL;NULL;NULL;NULL;NULL;NULL;NULL,"""1,14,64;""",DT_BF16;FLOAT,ND;ND,0
0,4294967295,1851,46,aclnnMatmul_MatMulCommon_MatMulV2,MatMulV2,dynamic,AI_CORE,1790170486755383.999	,5.560,231.559000,19,0,NO,"""1,896;896,896""",DT_BF16;DT_BF16,ND;ND,"""1,896""",DT_BF16,ND,N/A
0,4294967295,1852,46,AddRmsNormBias,AddRmsNormBias,dynamic,AI_VECTOR_CORE,1790170486755457.882	,1.660,68.440000,1,0,NO,"""1,896;1,896;896;""",DT_BF16;DT_BF16;DT_BF16;DT_UNDEFINED,ND;ND;ND;NULL,"""1,896;1,1;1,896""",DT_BF16;FLOAT;DT_BF16,ND;ND;ND,N/A
0,4294967295,1853,46,aclnnMatmul_MatMulCommon_MatMulV2,MatMulV2,dynamic,AI_CORE,1790170486755501.144	,22.921,41.590000,22,0,NO,"""1,896;9728,896""",DT_BF16;DT_BF16,ND;ND,"""1,9728""",DT_BF16,ND,N/A
0,4294967295,1854,46,SwiGlu,SwiGlu,dynamic,AI_VECTOR_CORE,1790170486755546.406	,3.020,22.329000,1,0,NO,"""1,9728""",DT_BF16,ND,"""1,4864""",DT_BF16,ND,N/A
0,4294967295,1855,46,aclnnMatmul_MatMulCommon_MatMulV2,MatMulV2,dynamic,AI_CORE,1790170486755583.767	,16.361,34.230000,19,0,NO,"""1,4864;896,4864""",DT_BF16;DT_BF16,ND;ND,"""1,896""",DT_BF16,ND,N/A
0,4294967295,1856,46,AddRmsNormBias,AddRmsNormBias,dynamic,AI_VECTOR_CORE,1790170486755653.170	,2.060,53.139000,1,0,NO,"""1,896;1,896;896;""",DT_BF16;DT_BF16;DT_BF16;DT_UNDEFINED,ND;ND;ND;NULL,"""1,896;1,1;1,896""",DT_BF16;FLOAT;DT_BF16,ND;ND;ND,N/A
0,4294967295,1857,46,aclnnAddmm_CastAiCore_Cast,Cast,dynamic,AI_VECTOR_CORE,1790170486755694.611	,1.241,39.190000,2,0,NO,"""1152""",DT_BF16,ND,"""1152""",FLOAT,ND,N/A
0,4294967295,1858,46,aclnnAddmm_MatMulCommon_MatMulV2,MatMulV2,dynamic,AI_CORE,1790170486755697.872	,6.760,2.009000,24,0,NO,"""1,896;1152,896;1152""",DT_BF16;DT_BF16;FLOAT,ND;ND;ND,"""1,1152""",DT_BF16,ND,N/A
0,4294967295,1859,46,_triton_rope,_triton_rope,static,AI_VECTOR_CORE,1790170486755926.601	,2.840,221.990000,1,0,YES,"""1,14,64;1,2,64;32768,64""",DT_BF16;32620;DT_BF16,ND;ND;ND,"""1,14,64;1,2,64""",DT_BF16;32620,ND;ND,N/A
0,4294967295,1860,46,ReshapeAndCacheNdKernel,ReshapeAndCacheNdKernel,dynamic,AI_VECTOR_CORE,1790170486756284.055	,1.700,354.660000,1,0,NO,"""1,2,64;1,2,64;2,128,2,64;2,128,2,64;1""",DT_BF16;DT_BF16;DT_BF16;DT_BF16;INT32,ND;ND;ND;ND;ND,"""2,128,2,64;2,128,2,64""",DT_BF16;DT_BF16,ND;ND,N/A
0,4294967295,1861,46,FusedInferAttentionScore,FusedInferAttentionScore,dynamic,MIX_AIC,1790170486756632.629	,20.401,347.050000,24,48,NO,"""1,14,64;2,128,128;2,128,128;;2048,2048;1;1;;;;;;;;1,1;;;;;;;;;;;;;;;;""",DT_BF16;DT_BF16;DT_BF16;DT_UNDEFINED;INT8;INT64;INT64;DT_UNDEFINED;DT_UNDEFINED;DT_UNDEFINED;DT_UNDEFINED;DT_UNDEFINED;DT_UNDEFINED;DT_UNDEFINED;INT32;DT_UNDEFINED;DT_UNDEFINED;DT_UNDEFINED;DT_UNDEFINED;DT_UNDEFINED;DT_UNDEFINED;DT_UNDEFINED;DT_UNDEFINED;DT_UNDEFINED;DT_UNDEFINED;DT_UNDEFINED;DT_UNDEFINED;DT_UNDEFINED;DT_UNDEFINED;DT_UNDEFINED;DT_UNDEFINED,ND;ND;ND;NULL;ND;ND;ND;NULL;NULL;NULL;NULL;NULL;NULL;NULL;ND;NULL;NULL;NULL;NULL;NULL;NULL;NULL;NULL;NULL;NULL;NULL;NULL;NULL;NULL;NULL;NULL,"""1,14,64;""",DT_BF16;FLOAT,ND;ND,0
0,4294967295,1863,46,aclnnMatmul_MatMulCommon_MatMulV2,MatMulV2,dynamic,AI_CORE,1790170486756908.960	,5.220,255.849000,19,0,NO,"""1,896;896,896""",DT_BF16;DT_BF16,ND;ND,"""1,896""",DT_BF16,ND,N/A
0,4294967295,1864,46,AddRmsNormBias,AddRmsNormBias,dynamic,AI_VECTOR_CORE,1790170486756981.143	,1.820,67.030000,1,0,NO,"""1,896;1,896;896;""",DT_BF16;DT_BF16;DT_BF16;DT_UNDEFINED,ND;ND;ND;NULL,"""1,896;1,1;1,896""",DT_BF16;FLOAT;DT_BF16,ND;ND;ND,N/A
0,4294967295,1865,46,aclnnMatmul_MatMulCommon_MatMulV2,MatMulV2,dynamic,AI_CORE,1790170486757020.944	,19.121,37.930000,22,0,NO,"""1,896;9728,896""",DT_BF16;DT_BF16,ND;ND,"""1,9728""",DT_BF16,ND,N/A
0,4294967295,1866,46,SwiGlu,SwiGlu,dynamic,AI_VECTOR_CORE,1790170486757057.506	,4.220,17.379000,1,0,NO,"""1,9728""",DT_BF16,ND,"""1,4864""",DT_BF16,ND,N/A
0,4294967295,1867,46,aclnnMatmul_MatMulCommon_MatMulV2,MatMulV2,dynamic,AI_CORE,1790170486757097.748	,16.300,36.030000,19,0,NO,"""1,4864;896,4864""",DT_BF16;DT_BF16,ND;ND,"""1,896""",DT_BF16,ND,N/A
0,4294967295,1868,46,AddRmsNormBias,AddRmsNormBias,dynamic,AI_VECTOR_CORE,1790170486757176.111	,1.720,61.950000,1,0,NO,"""1,896;1,896;896;""",DT_BF16;DT_BF16;DT_BF16;DT_UNDEFINED,ND;ND;ND;NULL,"""1,896;1,1;1,896""",DT_BF16;FLOAT;DT_BF16,ND;ND;ND,N/A
0,4294967295,1869,46,aclnnAddmm_CastAiCore_Cast,Cast,dynamic,AI_VECTOR_CORE,1790170486757215.352	,1.180,37.530000,2,0,NO,"""1152""",DT_BF16,ND,"""1152""",FLOAT,ND,N/A
0,4294967295,1870,46,aclnnAddmm_MatMulCommon_MatMulV2,MatMulV2,dynamic,AI_CORE,1790170486757217.732	,6.881,1.320000,24,0,NO,"""1,896;1152,896;1152""",DT_BF16;DT_BF16;FLOAT,ND;ND;ND,"""1,1152""",DT_BF16,ND,N/A
0,4294967295,1871,46,_triton_rope,_triton_rope,static,AI_VECTOR_CORE,1790170486757454.322	,3.220,229.619000,1,0,YES,"""1,14,64;1,2,64;32768,64""",DT_BF16;32620;DT_BF16,ND;ND;ND,"""1,14,64;1,2,64""",DT_BF16;32620,ND;ND,N/A
0,4294967295,1872,46,ReshapeAndCacheNdKernel,ReshapeAndCacheNdKernel,dynamic,AI_VECTOR_CORE,1790170486757822.157	,1.580,364.780000,1,0,NO,"""1,2,64;1,2,64;2,128,2,64;2,128,2,64;1""",DT_BF16;DT_BF16;DT_BF16;DT_BF16;INT32,ND;ND;ND;ND;ND,"""2,128,2,64;2,128,2,64""",DT_BF16;DT_BF16,ND;ND,N/A
0,4294967295,1873,46,FusedInferAttentionScore,FusedInferAttentionScore,dynamic,MIX_AIC,1790170486758168.870	,21.781,344.920000,24,48,NO,"""1,14,64;2,128,128;2,128,128;;2048,2048;1;1;;;;;;;;1,1;;;;;;;;;;;;;;;;""",DT_BF16;DT_BF16;DT_BF16;DT_UNDEFINED;INT8;INT64;INT64;DT_UNDEFINED;DT_UNDEFINED;DT_UNDEFINED;DT_UNDEFINED;DT_UNDEFINED;DT_UNDEFINED;DT_UNDEFINED;INT32;DT_UNDEFINED;DT_UNDEFINED;DT_UNDEFINED;DT_UNDEFINED;DT_UNDEFINED;DT_UNDEFINED;DT_UNDEFINED;DT_UNDEFINED;DT_UNDEFINED;DT_UNDEFINED;DT_UNDEFINED;DT_UNDEFINED;DT_UNDEFINED;DT_UNDEFINED;DT_UNDEFINED;DT_UNDEFINED,ND;ND;ND;NULL;ND;ND;ND;NULL;NULL;NULL;NULL;NULL;NULL;NULL;ND;NULL;NULL;NULL;NULL;NULL;NULL;NULL;NULL;NULL;NULL;NULL;NULL;NULL;NULL;NULL;NULL,"""1,14,64;""",DT_BF16;FLOAT,ND;ND,0
0,4294967295,1875,46,aclnnMatmul_MatMulCommon_MatMulV2,MatMulV2,dynamic,AI_CORE,1790170486758435.501	,5.500,244.969000,19,0,NO,"""1,896;896,896""",DT_BF16;DT_BF16,ND;ND,"""1,896""",DT_BF16,ND,N/A
0,4294967295,1876,46,AddRmsNormBias,AddRmsNormBias,dynamic,AI_VECTOR_CORE,1790170486758507.524	,1.740,66.500000,1,0,NO,"""1,896;1,896;896;""",DT_BF16;DT_BF16;DT_BF16;DT_UNDEFINED,ND;ND;ND;NULL,"""1,896;1,1;1,896""",DT_BF16;FLOAT;DT_BF16,ND;ND;ND,N/A
0,4294967295,1877,46,aclnnMatmul_MatMulCommon_MatMulV2,MatMulV2,dynamic,AI_CORE,1790170486758554.006	,19.901,44.760000,22,0,NO,"""1,896;9728,896""",DT_BF16;DT_BF16,ND;ND,"""1,9728""",DT_BF16,ND,N/A
0,4294967295,1878,46,SwiGlu,SwiGlu,dynamic,AI_VECTOR_CORE,1790170486758590.127	,3.040,16.349000,1,0,NO,"""1,9728""",DT_BF16,ND,"""1,4864""",DT_BF16,ND,N/A
0,4294967295,1879,46,aclnnMatmul_MatMulCommon_MatMulV2,MatMulV2,dynamic,AI_CORE,1790170486758620.728	,16.421,27.460000,19,0,NO,"""1,4864;896,4864""",DT_BF16;DT_BF16,ND;ND,"""1,896""",DT_BF16,ND,N/A
0,4294967295,1880,46,AddRmsNormBias,AddRmsNormBias,dynamic,AI_VECTOR_CORE,1790170486758689.431	,1.740,52.329000,1,0,NO,"""1,896;1,896;896;""",DT_BF16;DT_BF16;DT_BF16;DT_UNDEFINED,ND;ND;ND;NULL,"""1,896;1,1;1,896""",DT_BF16;FLOAT;DT_BF16,ND;ND;ND,N/A
0,4294967295,1881,46,aclnnAddmm_CastAiCore_Cast,Cast,dynamic,AI_VECTOR_CORE,1790170486758737.813	,1.120,46.510000,2,0,NO,"""1152""",DT_BF16,ND,"""1152""",FLOAT,ND,N/A
0,4294967295,1882,46,aclnnAddmm_MatMulCommon_MatMulV2,MatMulV2,dynamic,AI_CORE,1790170486758740.893	,7.301,2.130000,24,0,NO,"""1,896;1152,896;1152""",DT_BF16;DT_BF16;FLOAT,ND;ND;ND,"""1,1152""",DT_BF16,ND,N/A
0,4294967295,1883,46,_triton_rope,_triton_rope,static,AI_VECTOR_CORE,1790170486758968.122	,2.880,219.699000,1,0,YES,"""1,14,64;1,2,64;32768,64""",DT_BF16;32620;DT_BF16,ND;ND;ND,"""1,14,64;1,2,64""",DT_BF16;32620,ND;ND,N/A
0,4294967295,1884,46,ReshapeAndCacheNdKernel,ReshapeAndCacheNdKernel,dynamic,AI_VECTOR_CORE,1790170486759315.756	,1.640,344.870000,1,0,NO,"""1,2,64;1,2,64;2,128,2,64;2,128,2,64;1""",DT_BF16;DT_BF16;DT_BF16;DT_BF16;INT32,ND;ND;ND;ND;ND,"""2,128,2,64;2,128,2,64""",DT_BF16;DT_BF16,ND;ND,N/A
0,4294967295,1885,46,FusedInferAttentionScore,FusedInferAttentionScore,dynamic,MIX_AIC,1790170486759668.870	,18.361,351.360000,24,48,NO,"""1,14,64;2,128,128;2,128,128;;2048,2048;1;1;;;;;;;;1,1;;;;;;;;;;;;;;;;""",DT_BF16;DT_BF16;DT_BF16;DT_UNDEFINED;INT8;INT64;INT64;DT_UNDEFINED;DT_UNDEFINED;DT_UNDEFINED;DT_UNDEFINED;DT_UNDEFINED;DT_UNDEFINED;DT_UNDEFINED;INT32;DT_UNDEFINED;DT_UNDEFINED;DT_UNDEFINED;DT_UNDEFINED;DT_UNDEFINED;DT_UNDEFINED;DT_UNDEFINED;DT_UNDEFINED;DT_UNDEFINED;DT_UNDEFINED;DT_UNDEFINED;DT_UNDEFINED;DT_UNDEFINED;DT_UNDEFINED;DT_UNDEFINED;DT_UNDEFINED,ND;ND;ND;NULL;ND;ND;ND;NULL;NULL;NULL;NULL;NULL;NULL;NULL;ND;NULL;NULL;NULL;NULL;NULL;NULL;NULL;NULL;NULL;NULL;NULL;NULL;NULL;NULL;NULL;NULL,"""1,14,64;""",DT_BF16;FLOAT,ND;ND,0
0,4294967295,1887,46,aclnnMatmul_MatMulCommon_MatMulV2,MatMulV2,dynamic,AI_CORE,1790170486759925.641	,5.600,238.639000,19,0,NO,"""1,896;896,896""",DT_BF16;DT_BF16,ND;ND,"""1,896""",DT_BF16,ND,N/A
0,4294967295,1888,46,AddRmsNormBias,AddRmsNormBias,dynamic,AI_VECTOR_CORE,1790170486759996.063	,1.821,64.650000,1,0,NO,"""1,896;1,896;896;""",DT_BF16;DT_BF16;DT_BF16;DT_UNDEFINED,ND;ND;ND;NULL,"""1,896;1,1;1,896""",DT_BF16;FLOAT;DT_BF16,ND;ND;ND,N/A
0,4294967295,1889,46,aclnnMatmul_MatMulCommon_MatMulV2,MatMulV2,dynamic,AI_CORE,1790170486760043.845	,19.501,45.929000,22,0,NO,"""1,896;9728,896""",DT_BF16;DT_BF16,ND;ND,"""1,9728""",DT_BF16,ND,N/A
0,4294967295,1890,46,SwiGlu,SwiGlu,dynamic,AI_VECTOR_CORE,1790170486760080.687	,3.060,17.499000,1,0,NO,"""1,9728""",DT_BF16,ND,"""1,4864""",DT_BF16,ND,N/A
0,4294967295,1891,46,aclnnMatmul_MatMulCommon_MatMulV2,MatMulV2,dynamic,AI_CORE,1790170486760117.928	,16.241,34.190000,19,0,NO,"""1,4864;896,4864""",DT_BF16;DT_BF16,ND;ND,"""1,896""",DT_BF16,ND,N/A
0,4294967295,1892,46,AddRmsNormBias,AddRmsNormBias,dynamic,AI_VECTOR_CORE,1790170486760180.971	,1.660,46.759000,1,0,NO,"""1,896;1,896;896;""",DT_BF16;DT_BF16;DT_BF16;DT_UNDEFINED,ND;ND;ND;NULL,"""1,896;1,1;1,896""",DT_BF16;FLOAT;DT_BF16,ND;ND;ND,N/A
0,4294967295,1893,46,aclnnAddmm_CastAiCore_Cast,Cast,dynamic,AI_VECTOR_CORE,1790170486760225.993	,1.260,43.340000,2,0,NO,"""1152""",DT_BF16,ND,"""1152""",FLOAT,ND,N/A
0,4294967295,1894,46,aclnnAddmm_MatMulCommon_MatMulV2,MatMulV2,dynamic,AI_CORE,1790170486760228.893	,6.840,1.740000,24,0,NO,"""1,896;1152,896;1152""",DT_BF16;DT_BF16;FLOAT,ND;ND;ND,"""1,1152""",DT_BF16,ND,N/A
0,4294967295,1895,46,_triton_rope,_triton_rope,static,AI_VECTOR_CORE,1790170486760461.662	,2.720,225.910000,1,0,YES,"""1,14,64;1,2,64;32768,64""",DT_BF16;32620;DT_BF16,ND;ND;ND,"""1,14,64;1,2,64""",DT_BF16;32620,ND;ND,N/A
0,4294967295,1896,46,ReshapeAndCacheNdKernel,ReshapeAndCacheNdKernel,dynamic,AI_VECTOR_CORE,1790170486760823.577	,1.560,359.030000,1,0,NO,"""1,2,64;1,2,64;2,128,2,64;2,128,2,64;1""",DT_BF16;DT_BF16;DT_BF16;DT_BF16;INT32,ND;ND;ND;ND;ND,"""2,128,2,64;2,128,2,64""",DT_BF16;DT_BF16,ND;ND,N/A
0,4294967295,1897,46,FusedInferAttentionScore,FusedInferAttentionScore,dynamic,MIX_AIC,1790170486761204.192	,22.661,379.190000,24,48,NO,"""1,14,64;2,128,128;2,128,128;;2048,2048;1;1;;;;;;;;1,1;;;;;;;;;;;;;;;;""",DT_BF16;DT_BF16;DT_BF16;DT_UNDEFINED;INT8;INT64;INT64;DT_UNDEFINED;DT_UNDEFINED;DT_UNDEFINED;DT_UNDEFINED;DT_UNDEFINED;DT_UNDEFINED;DT_UNDEFINED;INT32;DT_UNDEFINED;DT_UNDEFINED;DT_UNDEFINED;DT_UNDEFINED;DT_UNDEFINED;DT_UNDEFINED;DT_UNDEFINED;DT_UNDEFINED;DT_UNDEFINED;DT_UNDEFINED;DT_UNDEFINED;DT_UNDEFINED;DT_UNDEFINED;DT_UNDEFINED;DT_UNDEFINED;DT_UNDEFINED,ND;ND;ND;NULL;ND;ND;ND;NULL;NULL;NULL;NULL;NULL;NULL;NULL;ND;NULL;NULL;NULL;NULL;NULL;NULL;NULL;NULL;NULL;NULL;NULL;NULL;NULL;NULL;NULL;NULL,"""1,14,64;""",DT_BF16;FLOAT,ND;ND,0
0,4294967295,1899,46,aclnnMatmul_MatMulCommon_MatMulV2,MatMulV2,dynamic,AI_CORE,1790170486761480.043	,5.300,253.089000,19,0,NO,"""1,896;896,896""",DT_BF16;DT_BF16,ND;ND,"""1,896""",DT_BF16,ND,N/A
0,4294967295,1900,46,AddRmsNormBias,AddRmsNormBias,dynamic,AI_VECTOR_CORE,1790170486761552.166	,1.680,66.950000,1,0,NO,"""1,896;1,896;896;""",DT_BF16;DT_BF16;DT_BF16;DT_UNDEFINED,ND;ND;ND;NULL,"""1,896;1,1;1,896""",DT_BF16;FLOAT;DT_BF16,ND;ND;ND,N/A
0,4294967295,1901,46,aclnnMatmul_MatMulCommon_MatMulV2,MatMulV2,dynamic,AI_CORE,1790170486761598.948	,19.180,45.070000,22,0,NO,"""1,896;9728,896""",DT_BF16;DT_BF16,ND;ND,"""1,9728""",DT_BF16,ND,N/A
0,4294967295,1902,46,SwiGlu,SwiGlu,dynamic,AI_VECTOR_CORE,1790170486761635.909	,3.000,17.820000,1,0,NO,"""1,9728""",DT_BF16,ND,"""1,4864""",DT_BF16,ND,N/A
0,4294967295,1903,46,aclnnMatmul_MatMulCommon_MatMulV2,MatMulV2,dynamic,AI_CORE,1790170486761671.010	,16.241,32.000000,19,0,NO,"""1,4864;896,4864""",DT_BF16;DT_BF16,ND;ND,"""1,896""",DT_BF16,ND,N/A
0,4294967295,1904,46,AddRmsNormBias,AddRmsNormBias,dynamic,AI_VECTOR_CORE,1790170486761730.813	,1.720,43.509000,1,0,NO,"""1,896;1,896;896;""",DT_BF16;DT_BF16;DT_BF16;DT_UNDEFINED,ND;ND;ND;NULL,"""1,896;1,1;1,896""",DT_BF16;FLOAT;DT_BF16,ND;ND;ND,N/A
0,4294967295,1905,46,aclnnAddmm_CastAiCore_Cast,Cast,dynamic,AI_VECTOR_CORE,1790170486761779.855	,1.200,47.280000,2,0,NO,"""1152""",DT_BF16,ND,"""1152""",FLOAT,ND,N/A
0,4294967295,1906,46,aclnnAddmm_MatMulCommon_MatMulV2,MatMulV2,dynamic,AI_CORE,1790170486761783.095	,7.120,2.050000,24,0,NO,"""1,896;1152,896;1152""",DT_BF16;DT_BF16;FLOAT,ND;ND;ND,"""1,1152""",DT_BF16,ND,N/A
0,4294967295,1907,46,_triton_rope,_triton_rope,static,AI_VECTOR_CORE,1790170486762014.824	,2.840,224.630000,1,0,YES,"""1,14,64;1,2,64;32768,64""",DT_BF16;32620;DT_BF16,ND;ND;ND,"""1,14,64;1,2,64""",DT_BF16;32620,ND;ND,N/A
0,4294967295,1908,46,ReshapeAndCacheNdKernel,ReshapeAndCacheNdKernel,dynamic,AI_VECTOR_CORE,1790170486762383.559	,1.580,365.910000,1,0,NO,"""1,2,64;1,2,64;2,128,2,64;2,128,2,64;1""",DT_BF16;DT_BF16;DT_BF16;DT_BF16;INT32,ND;ND;ND;ND;ND,"""2,128,2,64;2,128,2,64""",DT_BF16;DT_BF16,ND;ND,N/A
0,4294967295,1909,46,FusedInferAttentionScore,FusedInferAttentionScore,dynamic,MIX_AIC,1790170486762732.213	,21.421,347.170000,24,48,NO,"""1,14,64;2,128,128;2,128,128;;2048,2048;1;1;;;;;;;;1,1;;;;;;;;;;;;;;;;""",DT_BF16;DT_BF16;DT_BF16;DT_UNDEFINED;INT8;INT64;INT64;DT_UNDEFINED;DT_UNDEFINED;DT_UNDEFINED;DT_UNDEFINED;DT_UNDEFINED;DT_UNDEFINED;DT_UNDEFINED;INT32;DT_UNDEFINED;DT_UNDEFINED;DT_UNDEFINED;DT_UNDEFINED;DT_UNDEFINED;DT_UNDEFINED;DT_UNDEFINED;DT_UNDEFINED;DT_UNDEFINED;DT_UNDEFINED;DT_UNDEFINED;DT_UNDEFINED;DT_UNDEFINED;DT_UNDEFINED;DT_UNDEFINED;DT_UNDEFINED,ND;ND;ND;NULL;ND;ND;ND;NULL;NULL;NULL;NULL;NULL;NULL;NULL;ND;NULL;NULL;NULL;NULL;NULL;NULL;NULL;NULL;NULL;NULL;NULL;NULL;NULL;NULL;NULL;NULL,"""1,14,64;""",DT_BF16;FLOAT,ND;ND,0
0,4294967295,1911,46,aclnnMatmul_MatMulCommon_MatMulV2,MatMulV2,dynamic,AI_CORE,1790170486762995.043	,5.521,241.329000,19,0,NO,"""1,896;896,896""",DT_BF16;DT_BF16,ND;ND,"""1,896""",DT_BF16,ND,N/A
0,4294967295,1912,46,AddRmsNormBias,AddRmsNormBias,dynamic,AI_VECTOR_CORE,1790170486763065.566	,1.820,64.979000,1,0,NO,"""1,896;1,896;896;""",DT_BF16;DT_BF16;DT_BF16;DT_UNDEFINED,ND;ND;ND;NULL,"""1,896;1,1;1,896""",DT_BF16;FLOAT;DT_BF16,ND;ND;ND,N/A
0,4294967295,1913,46,aclnnMatmul_MatMulCommon_MatMulV2,MatMulV2,dynamic,AI_CORE,1790170486763109.548	,19.381,42.180000,22,0,NO,"""1,896;9728,896""",DT_BF16;DT_BF16,ND;ND,"""1,9728""",DT_BF16,ND,N/A
0,4294967295,1914,46,SwiGlu,SwiGlu,dynamic,AI_VECTOR_CORE,1790170486763157.550	,2.940,28.619000,1,0,NO,"""1,9728""",DT_BF16,ND,"""1,4864""",DT_BF16,ND,N/A
0,4294967295,1915,46,aclnnMatmul_MatMulCommon_MatMulV2,MatMulV2,dynamic,AI_CORE,1790170486763178.651	,16.560,18.310000,19,0,NO,"""1,4864;896,4864""",DT_BF16;DT_BF16,ND;ND,"""1,896""",DT_BF16,ND,N/A
0,4294967295,1916,46,AddRmsNormBias,AddRmsNormBias,dynamic,AI_VECTOR_CORE,1790170486763249.994	,1.700,54.690000,1,0,NO,"""1,896;1,896;896;""",DT_BF16;DT_BF16;DT_BF16;DT_UNDEFINED,ND;ND;ND;NULL,"""1,896;1,1;1,896""",DT_BF16;FLOAT;DT_BF16,ND;ND;ND,N/A
0,4294967295,1917,46,aclnnAddmm_CastAiCore_Cast,Cast,dynamic,AI_VECTOR_CORE,1790170486763294.275	,1.080,42.550000,2,0,NO,"""1152""",DT_BF16,ND,"""1152""",FLOAT,ND,N/A
0,4294967295,1918,46,aclnnAddmm_MatMulCommon_MatMulV2,MatMulV2,dynamic,AI_CORE,1790170486763297.455	,7.341,2.170000,24,0,NO,"""1,896;1152,896;1152""",DT_BF16;DT_BF16;FLOAT,ND;ND;ND,"""1,1152""",DT_BF16,ND,N/A
0,4294967295,1919,46,_triton_rope,_triton_rope,static,AI_VECTOR_CORE,1790170486763531.525	,2.960,226.659000,1,0,YES,"""1,14,64;1,2,64;32768,64""",DT_BF16;32620;DT_BF16,ND;ND;ND,"""1,14,64;1,2,64""",DT_BF16;32620,ND;ND,N/A
0,4294967295,1920,46,ReshapeAndCacheNdKernel,ReshapeAndCacheNdKernel,dynamic,AI_VECTOR_CORE,1790170486763918.540	,1.560,384.040000,1,0,NO,"""1,2,64;1,2,64;2,128,2,64;2,128,2,64;1""",DT_BF16;DT_BF16;DT_BF16;DT_BF16;INT32,ND;ND;ND;ND;ND,"""2,128,2,64;2,128,2,64""",DT_BF16;DT_BF16,ND;ND,N/A
0,4294967295,1921,46,FusedInferAttentionScore,FusedInferAttentionScore,dynamic,MIX_AIC,1790170486764263.954	,20.201,343.940000,24,48,NO,"""1,14,64;2,128,128;2,128,128;;2048,2048;1;1;;;;;;;;1,1;;;;;;;;;;;;;;;;""",DT_BF16;DT_BF16;DT_BF16;DT_UNDEFINED;INT8;INT64;INT64;DT_UNDEFINED;DT_UNDEFINED;DT_UNDEFINED;DT_UNDEFINED;DT_UNDEFINED;DT_UNDEFINED;DT_UNDEFINED;INT32;DT_UNDEFINED;DT_UNDEFINED;DT_UNDEFINED;DT_UNDEFINED;DT_UNDEFINED;DT_UNDEFINED;DT_UNDEFINED;DT_UNDEFINED;DT_UNDEFINED;DT_UNDEFINED;DT_UNDEFINED;DT_UNDEFINED;DT_UNDEFINED;DT_UNDEFINED;DT_UNDEFINED;DT_UNDEFINED,ND;ND;ND;NULL;ND;ND;ND;NULL;NULL;NULL;NULL;NULL;NULL;NULL;ND;NULL;NULL;NULL;NULL;NULL;NULL;NULL;NULL;NULL;NULL;NULL;NULL;NULL;NULL;NULL;NULL,"""1,14,64;""",DT_BF16;FLOAT,ND;ND,0
0,4294967295,1923,46,aclnnMatmul_MatMulCommon_MatMulV2,MatMulV2,dynamic,AI_CORE,1790170486764521.304	,5.761,237.049000,19,0,NO,"""1,896;896,896""",DT_BF16;DT_BF16,ND;ND,"""1,896""",DT_BF16,ND,N/A
0,4294967295,1924,46,AddRmsNormBias,AddRmsNormBias,dynamic,AI_VECTOR_CORE,1790170486764603.908	,1.680,76.989000,1,0,NO,"""1,896;1,896;896;""",DT_BF16;DT_BF16;DT_BF16;DT_UNDEFINED,ND;ND;ND;NULL,"""1,896;1,1;1,896""",DT_BF16;FLOAT;DT_BF16,ND;ND;ND,N/A
0,4294967295,1925,46,aclnnMatmul_MatMulCommon_MatMulV2,MatMulV2,dynamic,AI_CORE,1790170486764649.469	,19.881,43.820000,22,0,NO,"""1,896;9728,896""",DT_BF16;DT_BF16,ND;ND,"""1,9728""",DT_BF16,ND,N/A
0,4294967295,1926,46,SwiGlu,SwiGlu,dynamic,AI_VECTOR_CORE,1790170486764686.071	,3.020,16.619000,1,0,NO,"""1,9728""",DT_BF16,ND,"""1,4864""",DT_BF16,ND,N/A
0,4294967295,1927,46,aclnnMatmul_MatMulCommon_MatMulV2,MatMulV2,dynamic,AI_CORE,1790170486764721.092	,16.561,31.980000,19,0,NO,"""1,4864;896,4864""",DT_BF16;DT_BF16,ND;ND,"""1,896""",DT_BF16,ND,N/A
0,4294967295,1928,46,AddRmsNormBias,AddRmsNormBias,dynamic,AI_VECTOR_CORE,1790170486764786.795	,2.140,49.189000,1,0,NO,"""1,896;1,896;896;""",DT_BF16;DT_BF16;DT_BF16;DT_UNDEFINED,ND;ND;ND;NULL,"""1,896;1,1;1,896""",DT_BF16;FLOAT;DT_BF16,ND;ND;ND,N/A
0,4294967295,1929,46,aclnnAddmm_CastAiCore_Cast,Cast,dynamic,AI_VECTOR_CORE,1790170486764835.957	,1.140,47.110000,2,0,NO,"""1152""",DT_BF16,ND,"""1152""",FLOAT,ND,N/A
0,4294967295,1930,46,aclnnAddmm_MatMulCommon_MatMulV2,MatMulV2,dynamic,AI_CORE,1790170486764839.137	,7.120,2.110000,24,0,NO,"""1,896;1152,896;1152""",DT_BF16;DT_BF16;FLOAT,ND;ND;ND,"""1,1152""",DT_BF16,ND,N/A
0,4294967295,1931,46,_triton_rope,_triton_rope,static,AI_VECTOR_CORE,1790170486765071.786	,2.800,225.380000,1,0,YES,"""1,14,64;1,2,64;32768,64""",DT_BF16;32620;DT_BF16,ND;ND;ND,"""1,14,64;1,2,64""",DT_BF16;32620,ND;ND,N/A
0,4294967295,1932,46,ReshapeAndCacheNdKernel,ReshapeAndCacheNdKernel,dynamic,AI_VECTOR_CORE,1790170486765458.282	,1.640,383.700000,1,0,NO,"""1,2,64;1,2,64;2,128,2,64;2,128,2,64;1""",DT_BF16;DT_BF16;DT_BF16;DT_BF16;INT32,ND;ND;ND;ND;ND,"""2,128,2,64;2,128,2,64""",DT_BF16;DT_BF16,ND;ND,N/A
0,4294967295,1933,46,FusedInferAttentionScore,FusedInferAttentionScore,dynamic,MIX_AIC,1790170486765807.776	,20.261,347.860000,24,48,NO,"""1,14,64;2,128,128;2,128,128;;2048,2048;1;1;;;;;;;;1,1;;;;;;;;;;;;;;;;""",DT_BF16;DT_BF16;DT_BF16;DT_UNDEFINED;INT8;INT64;INT64;DT_UNDEFINED;DT_UNDEFINED;DT_UNDEFINED;DT_UNDEFINED;DT_UNDEFINED;DT_UNDEFINED;DT_UNDEFINED;INT32;DT_UNDEFINED;DT_UNDEFINED;DT_UNDEFINED;DT_UNDEFINED;DT_UNDEFINED;DT_UNDEFINED;DT_UNDEFINED;DT_UNDEFINED;DT_UNDEFINED;DT_UNDEFINED;DT_UNDEFINED;DT_UNDEFINED;DT_UNDEFINED;DT_UNDEFINED;DT_UNDEFINED;DT_UNDEFINED,ND;ND;ND;NULL;ND;ND;ND;NULL;NULL;NULL;NULL;NULL;NULL;NULL;ND;NULL;NULL;NULL;NULL;NULL;NULL;NULL;NULL;NULL;NULL;NULL;NULL;NULL;NULL;NULL;NULL,"""1,14,64;""",DT_BF16;FLOAT,ND;ND,0
0,4294967295,1935,46,aclnnMatmul_MatMulCommon_MatMulV2,MatMulV2,dynamic,AI_CORE,1790170486766073.066	,5.581,244.989000,19,0,NO,"""1,896;896,896""",DT_BF16;DT_BF16,ND;ND,"""1,896""",DT_BF16,ND,N/A
0,4294967295,1936,46,AddRmsNormBias,AddRmsNormBias,dynamic,AI_VECTOR_CORE,1790170486766151.370	,1.680,72.669000,1,0,NO,"""1,896;1,896;896;""",DT_BF16;DT_BF16;DT_BF16;DT_UNDEFINED,ND;ND;ND;NULL,"""1,896;1,1;1,896""",DT_BF16;FLOAT;DT_BF16,ND;ND;ND,N/A
0,4294967295,1937,46,aclnnMatmul_MatMulCommon_MatMulV2,MatMulV2,dynamic,AI_CORE,1790170486766195.291	,19.301,42.320000,22,0,NO,"""1,896;9728,896""",DT_BF16;DT_BF16,ND;ND,"""1,9728""",DT_BF16,ND,N/A
0,4294967295,1938,46,SwiGlu,SwiGlu,dynamic,AI_VECTOR_CORE,1790170486766231.513	,3.940,16.949000,1,0,NO,"""1,9728""",DT_BF16,ND,"""1,4864""",DT_BF16,ND,N/A
0,4294967295,1939,46,aclnnMatmul_MatMulCommon_MatMulV2,MatMulV2,dynamic,AI_CORE,1790170486766262.554	,16.361,27.060000,19,0,NO,"""1,4864;896,4864""",DT_BF16;DT_BF16,ND;ND,"""1,896""",DT_BF16,ND,N/A
0,4294967295,1940,46,AddRmsNormBias,AddRmsNormBias,dynamic,AI_VECTOR_CORE,1790170486766330.717	,1.680,51.889000,1,0,NO,"""1,896;1,896;896;""",DT_BF16;DT_BF16;DT_BF16;DT_UNDEFINED,ND;ND;ND;NULL,"""1,896;1,1;1,896""",DT_BF16;FLOAT;DT_BF16,ND;ND;ND,N/A
0,4294967295,1941,46,aclnnAddmm_CastAiCore_Cast,Cast,dynamic,AI_VECTOR_CORE,1790170486766372.598	,1.420,40.070000,2,0,NO,"""1152""",DT_BF16,ND,"""1152""",FLOAT,ND,N/A
0,4294967295,1942,46,aclnnAddmm_MatMulCommon_MatMulV2,MatMulV2,dynamic,AI_CORE,1790170486766375.598	,6.881,1.580000,24,0,NO,"""1,896;1152,896;1152""",DT_BF16;DT_BF16;FLOAT,ND;ND;ND,"""1,1152""",DT_BF16,ND,N/A
0,4294967295,1943,46,_triton_rope,_triton_rope,static,AI_VECTOR_CORE,1790170486766600.667	,2.981,218.369000,1,0,YES,"""1,14,64;1,2,64;32768,64""",DT_BF16;32620;DT_BF16,ND;ND;ND,"""1,14,64;1,2,64""",DT_BF16;32620,ND;ND,N/A
0,4294967295,1944,46,ReshapeAndCacheNdKernel,ReshapeAndCacheNdKernel,dynamic,AI_VECTOR_CORE,1790170486766957.762	,1.640,354.019000,1,0,NO,"""1,2,64;1,2,64;2,128,2,64;2,128,2,64;1""",DT_BF16;DT_BF16;DT_BF16;DT_BF16;INT32,ND;ND;ND;ND;ND,"""2,128,2,64;2,128,2,64""",DT_BF16;DT_BF16,ND;ND,N/A
0,4294967295,1945,46,FusedInferAttentionScore,FusedInferAttentionScore,dynamic,MIX_AIC,1790170486767307.356	,19.681,347.860000,24,48,NO,"""1,14,64;2,128,128;2,128,128;;2048,2048;1;1;;;;;;;;1,1;;;;;;;;;;;;;;;;""",DT_BF16;DT_BF16;DT_BF16;DT_UNDEFINED;INT8;INT64;INT64;DT_UNDEFINED;DT_UNDEFINED;DT_UNDEFINED;DT_UNDEFINED;DT_UNDEFINED;DT_UNDEFINED;DT_UNDEFINED;INT32;DT_UNDEFINED;DT_UNDEFINED;DT_UNDEFINED;DT_UNDEFINED;DT_UNDEFINED;DT_UNDEFINED;DT_UNDEFINED;DT_UNDEFINED;DT_UNDEFINED;DT_UNDEFINED;DT_UNDEFINED;DT_UNDEFINED;DT_UNDEFINED;DT_UNDEFINED;DT_UNDEFINED;DT_UNDEFINED,ND;ND;ND;NULL;ND;ND;ND;NULL;NULL;NULL;NULL;NULL;NULL;NULL;ND;NULL;NULL;NULL;NULL;NULL;NULL;NULL;NULL;NULL;NULL;NULL;NULL;NULL;NULL;NULL;NULL,"""1,14,64;""",DT_BF16;FLOAT,ND;ND,0
0,4294967295,1947,46,aclnnMatmul_MatMulCommon_MatMulV2,MatMulV2,dynamic,AI_CORE,1790170486767569.566	,5.520,242.569000,19,0,NO,"""1,896;896,896""",DT_BF16;DT_BF16,ND;ND,"""1,896""",DT_BF16,ND,N/A
0,4294967295,1948,46,AddRmsNormBias,AddRmsNormBias,dynamic,AI_VECTOR_CORE,1790170486767641.309	,1.700,66.230000,1,0,NO,"""1,896;1,896;896;""",DT_BF16;DT_BF16;DT_BF16;DT_UNDEFINED,ND;ND;ND;NULL,"""1,896;1,1;1,896""",DT_BF16;FLOAT;DT_BF16,ND;ND;ND,N/A
0,4294967295,1949,46,aclnnMatmul_MatMulCommon_MatMulV2,MatMulV2,dynamic,AI_CORE,1790170486767685.771	,19.341,42.800000,22,0,NO,"""1,896;9728,896""",DT_BF16;DT_BF16,ND;ND,"""1,9728""",DT_BF16,ND,N/A
0,4294967295,1950,46,SwiGlu,SwiGlu,dynamic,AI_VECTOR_CORE,1790170486767722.152	,2.940,17.159000,1,0,NO,"""1,9728""",DT_BF16,ND,"""1,4864""",DT_BF16,ND,N/A
0,4294967295,1951,46,aclnnMatmul_MatMulCommon_MatMulV2,MatMulV2,dynamic,AI_CORE,1790170486767759.614	,16.160,34.310000,19,0,NO,"""1,4864;896,4864""",DT_BF16;DT_BF16,ND;ND,"""1,896""",DT_BF16,ND,N/A
0,4294967295,1952,46,AddRmsNormBias,AddRmsNormBias,dynamic,AI_VECTOR_CORE,1790170486767830.437	,1.760,54.840000,1,0,NO,"""1,896;1,896;896;""",DT_BF16;DT_BF16;DT_BF16;DT_UNDEFINED,ND;ND;ND;NULL,"""1,896;1,1;1,896""",DT_BF16;FLOAT;DT_BF16,ND;ND;ND,N/A
0,4294967295,1953,46,aclnnAddmm_CastAiCore_Cast,Cast,dynamic,AI_VECTOR_CORE,1790170486767874.158	,1.060,41.990000,2,0,NO,"""1152""",DT_BF16,ND,"""1152""",FLOAT,ND,N/A
0,4294967295,1954,46,aclnnAddmm_MatMulCommon_MatMulV2,MatMulV2,dynamic,AI_CORE,1790170486767877.359	,7.360,1.940000,24,0,NO,"""1,896;1152,896;1152""",DT_BF16;DT_BF16;FLOAT,ND;ND;ND,"""1,1152""",DT_BF16,ND,N/A
0,4294967295,1955,46,_triton_rope,_triton_rope,static,AI_VECTOR_CORE,1790170486768113.468	,2.780,228.890000,1,0,YES,"""1,14,64;1,2,64;32768,64""",DT_BF16;32620;DT_BF16,ND;ND;ND,"""1,14,64;1,2,64""",DT_BF16;32620,ND;ND,N/A
0,4294967295,1956,46,ReshapeAndCacheNdKernel,ReshapeAndCacheNdKernel,dynamic,AI_VECTOR_CORE,1790170486768471.202	,1.600,354.970000,1,0,NO,"""1,2,64;1,2,64;2,128,2,64;2,128,2,64;1""",DT_BF16;DT_BF16;DT_BF16;DT_BF16;INT32,ND;ND;ND;ND;ND,"""2,128,2,64;2,128,2,64""",DT_BF16;DT_BF16,ND;ND,N/A
0,4294967295,1957,46,FusedInferAttentionScore,FusedInferAttentionScore,dynamic,MIX_AIC,1790170486768810.936	,21.941,338.150000,24,48,NO,"""1,14,64;2,128,128;2,128,128;;2048,2048;1;1;;;;;;;;1,1;;;;;;;;;;;;;;;;""",DT_BF16;DT_BF16;DT_BF16;DT_UNDEFINED;INT8;INT64;INT64;DT_UNDEFINED;DT_UNDEFINED;DT_UNDEFINED;DT_UNDEFINED;DT_UNDEFINED;DT_UNDEFINED;DT_UNDEFINED;INT32;DT_UNDEFINED;DT_UNDEFINED;DT_UNDEFINED;DT_UNDEFINED;DT_UNDEFINED;DT_UNDEFINED;DT_UNDEFINED;DT_UNDEFINED;DT_UNDEFINED;DT_UNDEFINED;DT_UNDEFINED;DT_UNDEFINED;DT_UNDEFINED;DT_UNDEFINED;DT_UNDEFINED;DT_UNDEFINED,ND;ND;ND;NULL;ND;ND;ND;NULL;NULL;NULL;NULL;NULL;NULL;NULL;ND;NULL;NULL;NULL;NULL;NULL;NULL;NULL;NULL;NULL;NULL;NULL;NULL;NULL;NULL;NULL;NULL,"""1,14,64;""",DT_BF16;FLOAT,ND;ND,0
0,4294967295,1959,46,aclnnMatmul_MatMulCommon_MatMulV2,MatMulV2,dynamic,AI_CORE,1790170486769068.566	,5.680,235.559000,19,0,NO,"""1,896;896,896""",DT_BF16;DT_BF16,ND;ND,"""1,896""",DT_BF16,ND,N/A
0,4294967295,1960,46,AddRmsNormBias,AddRmsNormBias,dynamic,AI_VECTOR_CORE,1790170486769150.889	,1.681,76.820000,1,0,NO,"""1,896;1,896;896;""",DT_BF16;DT_BF16;DT_BF16;DT_UNDEFINED,ND;ND;ND;NULL,"""1,896;1,1;1,896""",DT_BF16;FLOAT;DT_BF16,ND;ND;ND,N/A
0,4294967295,1961,46,aclnnMatmul_MatMulCommon_MatMulV2,MatMulV2,dynamic,AI_CORE,1790170486769196.811	,19.421,44.069000,22,0,NO,"""1,896;9728,896""",DT_BF16;DT_BF16,ND;ND,"""1,9728""",DT_BF16,ND,N/A
0,4294967295,1962,46,SwiGlu,SwiGlu,dynamic,AI_VECTOR_CORE,1790170486769233.653	,3.060,17.579000,1,0,NO,"""1,9728""",DT_BF16,ND,"""1,4864""",DT_BF16,ND,N/A
0,4294967295,1963,46,aclnnMatmul_MatMulCommon_MatMulV2,MatMulV2,dynamic,AI_CORE,1790170486769264.174	,16.501,27.440000,19,0,NO,"""1,4864;896,4864""",DT_BF16;DT_BF16,ND;ND,"""1,896""",DT_BF16,ND,N/A
0,4294967295,1964,46,AddRmsNormBias,AddRmsNormBias,dynamic,AI_VECTOR_CORE,1790170486769333.777	,1.680,52.999000,1,0,NO,"""1,896;1,896;896;""",DT_BF16;DT_BF16;DT_BF16;DT_UNDEFINED,ND;ND;ND;NULL,"""1,896;1,1;1,896""",DT_BF16;FLOAT;DT_BF16,ND;ND;ND,N/A
0,4294967295,1965,46,aclnnAddmm_CastAiCore_Cast,Cast,dynamic,AI_VECTOR_CORE,1790170486769378.699	,1.100,43.320000,2,0,NO,"""1152""",DT_BF16,ND,"""1152""",FLOAT,ND,N/A
0,4294967295,1966,46,aclnnAddmm_MatMulCommon_MatMulV2,MatMulV2,dynamic,AI_CORE,1790170486769382.079	,7.140,2.150000,24,0,NO,"""1,896;1152,896;1152""",DT_BF16;DT_BF16;FLOAT,ND;ND;ND,"""1,1152""",DT_BF16,ND,N/A
0,4294967295,1967,46,_triton_rope,_triton_rope,static,AI_VECTOR_CORE,1790170486769614.288	,2.860,225.110000,1,0,YES,"""1,14,64;1,2,64;32768,64""",DT_BF16;32620;DT_BF16,ND;ND;ND,"""1,14,64;1,2,64""",DT_BF16;32620,ND;ND,N/A
0,4294967295,1968,46,ReshapeAndCacheNdKernel,ReshapeAndCacheNdKernel,dynamic,AI_VECTOR_CORE,1790170486769985.943	,1.660,368.890000,1,0,NO,"""1,2,64;1,2,64;2,128,2,64;2,128,2,64;1""",DT_BF16;DT_BF16;DT_BF16;DT_BF16;INT32,ND;ND;ND;ND;ND,"""2,128,2,64;2,128,2,64""",DT_BF16;DT_BF16,ND;ND,N/A
0,4294967295,1969,46,FusedInferAttentionScore,FusedInferAttentionScore,dynamic,MIX_AIC,1790170486770339.637	,23.601,352.090000,24,48,NO,"""1,14,64;2,128,128;2,128,128;;2048,2048;1;1;;;;;;;;1,1;;;;;;;;;;;;;;;;""",DT_BF16;DT_BF16;DT_BF16;DT_UNDEFINED;INT8;INT64;INT64;DT_UNDEFINED;DT_UNDEFINED;DT_UNDEFINED;DT_UNDEFINED;DT_UNDEFINED;DT_UNDEFINED;DT_UNDEFINED;INT32;DT_UNDEFINED;DT_UNDEFINED;DT_UNDEFINED;DT_UNDEFINED;DT_UNDEFINED;DT_UNDEFINED;DT_UNDEFINED;DT_UNDEFINED;DT_UNDEFINED;DT_UNDEFINED;DT_UNDEFINED;DT_UNDEFINED;DT_UNDEFINED;DT_UNDEFINED;DT_UNDEFINED;DT_UNDEFINED,ND;ND;ND;NULL;ND;ND;ND;NULL;NULL;NULL;NULL;NULL;NULL;NULL;ND;NULL;NULL;NULL;NULL;NULL;NULL;NULL;NULL;NULL;NULL;NULL;NULL;NULL;NULL;NULL;NULL,"""1,14,64;""",DT_BF16;FLOAT,ND;ND,0
0,4294967295,1971,46,aclnnMatmul_MatMulCommon_MatMulV2,MatMulV2,dynamic,AI_CORE,1790170486770599.887	,5.401,236.649000,19,0,NO,"""1,896;896,896""",DT_BF16;DT_BF16,ND;ND,"""1,896""",DT_BF16,ND,N/A
0,4294967295,1972,46,AddRmsNormBias,AddRmsNormBias,dynamic,AI_VECTOR_CORE,1790170486770679.591	,1.700,74.099000,1,0,NO,"""1,896;1,896;896;""",DT_BF16;DT_BF16;DT_BF16;DT_UNDEFINED,ND;ND;ND;NULL,"""1,896;1,1;1,896""",DT_BF16;FLOAT;DT_BF16,ND;ND;ND,N/A
0,4294967295,1973,46,aclnnMatmul_MatMulCommon_MatMulV2,MatMulV2,dynamic,AI_CORE,1790170486770722.772	,19.241,41.550000,22,0,NO,"""1,896;9728,896""",DT_BF16;DT_BF16,ND;ND,"""1,9728""",DT_BF16,ND,N/A
0,4294967295,1974,46,SwiGlu,SwiGlu,dynamic,AI_VECTOR_CORE,1790170486770766.314	,3.100,24.259000,1,0,NO,"""1,9728""",DT_BF16,ND,"""1,4864""",DT_BF16,ND,N/A
0,4294967295,1975,46,aclnnMatmul_MatMulCommon_MatMulV2,MatMulV2,dynamic,AI_CORE,1790170486770785.215	,16.240,15.900000,19,0,NO,"""1,4864;896,4864""",DT_BF16;DT_BF16,ND;ND,"""1,896""",DT_BF16,ND,N/A
0,4294967295,1976,46,AddRmsNormBias,AddRmsNormBias,dynamic,AI_VECTOR_CORE,1790170486770860.198	,1.700,58.760000,1,0,NO,"""1,896;1,896;896;""",DT_BF16;DT_BF16;DT_BF16;DT_UNDEFINED,ND;ND;ND;NULL,"""1,896;1,1;1,896""",DT_BF16;FLOAT;DT_BF16,ND;ND;ND,N/A
0,4294967295,1977,46,aclnnAddmm_CastAiCore_Cast,Cast,dynamic,AI_VECTOR_CORE,1790170486770904.780	,1.060,42.800000,2,0,NO,"""1152""",DT_BF16,ND,"""1152""",FLOAT,ND,N/A
0,4294967295,1978,46,aclnnAddmm_MatMulCommon_MatMulV2,MatMulV2,dynamic,AI_CORE,1790170486770907.980	,6.880,2.190000,24,0,NO,"""1,896;1152,896;1152""",DT_BF16;DT_BF16;FLOAT,ND;ND;ND,"""1,1152""",DT_BF16,ND,N/A
0,4294967295,1979,46,_triton_rope,_triton_rope,static,AI_VECTOR_CORE,1790170486771139.049	,3.300,224.120000,1,0,YES,"""1,14,64;1,2,64;32768,64""",DT_BF16;32620;DT_BF16,ND;ND;ND,"""1,14,64;1,2,64""",DT_BF16;32620,ND;ND,N/A
0,4294967295,1980,46,ReshapeAndCacheNdKernel,ReshapeAndCacheNdKernel,dynamic,AI_VECTOR_CORE,1790170486771481.423	,1.560,339.200000,1,0,NO,"""1,2,64;1,2,64;2,128,2,64;2,128,2,64;1""",DT_BF16;DT_BF16;DT_BF16;DT_BF16;INT32,ND;ND;ND;ND;ND,"""2,128,2,64;2,128,2,64""",DT_BF16;DT_BF16,ND;ND,N/A
0,4294967295,1981,46,FusedInferAttentionScore,FusedInferAttentionScore,dynamic,MIX_AIC,1790170486771820.016	,24.921,336.940000,24,48,NO,"""1,14,64;2,128,128;2,128,128;;2048,2048;1;1;;;;;;;;1,1;;;;;;;;;;;;;;;;""",DT_BF16;DT_BF16;DT_BF16;DT_UNDEFINED;INT8;INT64;INT64;DT_UNDEFINED;DT_UNDEFINED;DT_UNDEFINED;DT_UNDEFINED;DT_UNDEFINED;DT_UNDEFINED;DT_UNDEFINED;INT32;DT_UNDEFINED;DT_UNDEFINED;DT_UNDEFINED;DT_UNDEFINED;DT_UNDEFINED;DT_UNDEFINED;DT_UNDEFINED;DT_UNDEFINED;DT_UNDEFINED;DT_UNDEFINED;DT_UNDEFINED;DT_UNDEFINED;DT_UNDEFINED;DT_UNDEFINED;DT_UNDEFINED;DT_UNDEFINED,ND;ND;ND;NULL;ND;ND;ND;NULL;NULL;NULL;NULL;NULL;NULL;NULL;ND;NULL;NULL;NULL;NULL;NULL;NULL;NULL;NULL;NULL;NULL;NULL;NULL;NULL;NULL;NULL;NULL,"""1,14,64;""",DT_BF16;FLOAT,ND;ND,0
0,4294967295,1983,46,aclnnMatmul_MatMulCommon_MatMulV2,MatMulV2,dynamic,AI_CORE,1790170486772079.147	,5.360,234.329000,19,0,NO,"""1,896;896,896""",DT_BF16;DT_BF16,ND;ND,"""1,896""",DT_BF16,ND,N/A
0,4294967295,1984,46,AddRmsNormBias,AddRmsNormBias,dynamic,AI_VECTOR_CORE,1790170486772156.590	,1.780,71.890000,1,0,NO,"""1,896;1,896;896;""",DT_BF16;DT_BF16;DT_BF16;DT_UNDEFINED,ND;ND;ND;NULL,"""1,896;1,1;1,896""",DT_BF16;FLOAT;DT_BF16,ND;ND;ND,N/A
0,4294967295,1985,46,aclnnMatmul_MatMulCommon_MatMulV2,MatMulV2,dynamic,AI_CORE,1790170486772199.451	,19.281,41.220000,22,0,NO,"""1,896;9728,896""",DT_BF16;DT_BF16,ND;ND,"""1,9728""",DT_BF16,ND,N/A
0,4294967295,1986,46,SwiGlu,SwiGlu,dynamic,AI_VECTOR_CORE,1790170486772233.293	,3.060,14.469000,1,0,NO,"""1,9728""",DT_BF16,ND,"""1,4864""",DT_BF16,ND,N/A
0,4294967295,1987,46,aclnnMatmul_MatMulCommon_MatMulV2,MatMulV2,dynamic,AI_CORE,1790170486772267.514	,16.421,31.190000,19,0,NO,"""1,4864;896,4864""",DT_BF16;DT_BF16,ND;ND,"""1,896""",DT_BF16,ND,N/A
0,4294967295,1988,46,AddRmsNormBias,AddRmsNormBias,dynamic,AI_VECTOR_CORE,1790170486772328.336	,1.721,44.329000,1,0,NO,"""1,896;1,896;896;""",DT_BF16;DT_BF16;DT_BF16;DT_UNDEFINED,ND;ND;ND;NULL,"""1,896;1,1;1,896""",DT_BF16;FLOAT;DT_BF16,ND;ND;ND,N/A
0,4294967295,1989,46,aclnnAddmm_CastAiCore_Cast,Cast,dynamic,AI_VECTOR_CORE,1790170486772375.798	,1.300,45.779000,2,0,NO,"""1152""",DT_BF16,ND,"""1152""",FLOAT,ND,N/A
0,4294967295,1990,46,aclnnAddmm_MatMulCommon_MatMulV2,MatMulV2,dynamic,AI_CORE,1790170486772378.999	,7.180,1.950000,24,0,NO,"""1,896;1152,896;1152""",DT_BF16;DT_BF16;FLOAT,ND;ND;ND,"""1,1152""",DT_BF16,ND,N/A
0,4294967295,1991,46,_triton_rope,_triton_rope,static,AI_VECTOR_CORE,1790170486772610.928	,2.860,224.820000,1,0,YES,"""1,14,64;1,2,64;32768,64""",DT_BF16;32620;DT_BF16,ND;ND;ND,"""1,14,64;1,2,64""",DT_BF16;32620,ND;ND,N/A
0,4294967295,1992,46,ReshapeAndCacheNdKernel,ReshapeAndCacheNdKernel,dynamic,AI_VECTOR_CORE,1790170486772986.083	,1.700,372.140000,1,0,NO,"""1,2,64;1,2,64;2,128,2,64;2,128,2,64;1""",DT_BF16;DT_BF16;DT_BF16;DT_BF16;INT32,ND;ND;ND;ND;ND,"""2,128,2,64;2,128,2,64""",DT_BF16;DT_BF16,ND;ND,N/A
0,4294967295,1993,46,FusedInferAttentionScore,FusedInferAttentionScore,dynamic,MIX_AIC,1790170486773336.957	,20.101,349.300000,24,48,NO,"""1,14,64;2,128,128;2,128,128;;2048,2048;1;1;;;;;;;;1,1;;;;;;;;;;;;;;;;""",DT_BF16;DT_BF16;DT_BF16;DT_UNDEFINED;INT8;INT64;INT64;DT_UNDEFINED;DT_UNDEFINED;DT_UNDEFINED;DT_UNDEFINED;DT_UNDEFINED;DT_UNDEFINED;DT_UNDEFINED;INT32;DT_UNDEFINED;DT_UNDEFINED;DT_UNDEFINED;DT_UNDEFINED;DT_UNDEFINED;DT_UNDEFINED;DT_UNDEFINED;DT_UNDEFINED;DT_UNDEFINED;DT_UNDEFINED;DT_UNDEFINED;DT_UNDEFINED;DT_UNDEFINED;DT_UNDEFINED;DT_UNDEFINED;DT_UNDEFINED,ND;ND;ND;NULL;ND;ND;ND;NULL;NULL;NULL;NULL;NULL;NULL;NULL;ND;NULL;NULL;NULL;NULL;NULL;NULL;NULL;NULL;NULL;NULL;NULL;NULL;NULL;NULL;NULL;NULL,"""1,14,64;""",DT_BF16;FLOAT,ND;ND,0
0,4294967295,1995,46,aclnnMatmul_MatMulCommon_MatMulV2,MatMulV2,dynamic,AI_CORE,1790170486773584.207	,5.600,227.149000,19,0,NO,"""1,896;896,896""",DT_BF16;DT_BF16,ND;ND,"""1,896""",DT_BF16,ND,N/A
0,4294967295,1996,46,AddRmsNormBias,AddRmsNormBias,dynamic,AI_VECTOR_CORE,1790170486773676.610	,2.200,86.650000,1,0,NO,"""1,896;1,896;896;""",DT_BF16;DT_BF16;DT_BF16;DT_UNDEFINED,ND;ND;ND;NULL,"""1,896;1,1;1,896""",DT_BF16;FLOAT;DT_BF16,ND;ND;ND,N/A
0,4294967295,1997,46,aclnnMatmul_MatMulCommon_MatMulV2,MatMulV2,dynamic,AI_CORE,1790170486773721.992	,19.381,43.300000,22,0,NO,"""1,896;9728,896""",DT_BF16;DT_BF16,ND;ND,"""1,9728""",DT_BF16,ND,N/A
0,4294967295,1998,46,SwiGlu,SwiGlu,dynamic,AI_VECTOR_CORE,1790170486773756.654	,2.960,15.369000,1,0,NO,"""1,9728""",DT_BF16,ND,"""1,4864""",DT_BF16,ND,N/A
0,4294967295,1999,46,aclnnMatmul_MatMulCommon_MatMulV2,MatMulV2,dynamic,AI_CORE,1790170486773789.675	,16.521,30.040000,19,0,NO,"""1,4864;896,4864""",DT_BF16;DT_BF16,ND;ND,"""1,896""",DT_BF16,ND,N/A
0,4294967295,2000,46,AddRmsNormBias,AddRmsNormBias,dynamic,AI_VECTOR_CORE,1790170486773858.158	,1.640,51.979000,1,0,NO,"""1,896;1,896;896;""",DT_BF16;DT_BF16;DT_BF16;DT_UNDEFINED,ND;ND;ND;NULL,"""1,896;1,1;1,896""",DT_BF16;FLOAT;DT_BF16,ND;ND;ND,N/A
0,4294967295,2001,46,aclnnAddmm_CastAiCore_Cast,Cast,dynamic,AI_VECTOR_CORE,1790170486773900.059	,1.180,40.110000,2,0,NO,"""1152""",DT_BF16,ND,"""1152""",FLOAT,ND,N/A
0,4294967295,2002,46,aclnnAddmm_MatMulCommon_MatMulV2,MatMulV2,dynamic,AI_CORE,1790170486773903.219	,6.761,2.070000,24,0,NO,"""1,896;1152,896;1152""",DT_BF16;DT_BF16;FLOAT,ND;ND;ND,"""1,1152""",DT_BF16,ND,N/A
0,4294967295,2003,46,_triton_rope,_triton_rope,static,AI_VECTOR_CORE,1790170486774138.949	,2.740,228.989000,1,0,YES,"""1,14,64;1,2,64;32768,64""",DT_BF16;32620;DT_BF16,ND;ND;ND,"""1,14,64;1,2,64""",DT_BF16;32620,ND;ND,N/A
0,4294967295,2004,46,ReshapeAndCacheNdKernel,ReshapeAndCacheNdKernel,dynamic,AI_VECTOR_CORE,1790170486774492.963	,1.800,351.260000,1,0,NO,"""1,2,64;1,2,64;2,128,2,64;2,128,2,64;1""",DT_BF16;DT_BF16;DT_BF16;DT_BF16;INT32,ND;ND;ND;ND;ND,"""2,128,2,64;2,128,2,64""",DT_BF16;DT_BF16,ND;ND,N/A
0,4294967295,2005,46,FusedInferAttentionScore,FusedInferAttentionScore,dynamic,MIX_AIC,1790170486774833.877	,20.660,339.200000,24,48,NO,"""1,14,64;2,128,128;2,128,128;;2048,2048;1;1;;;;;;;;1,1;;;;;;;;;;;;;;;;""",DT_BF16;DT_BF16;DT_BF16;DT_UNDEFINED;INT8;INT64;INT64;DT_UNDEFINED;DT_UNDEFINED;DT_UNDEFINED;DT_UNDEFINED;DT_UNDEFINED;DT_UNDEFINED;DT_UNDEFINED;INT32;DT_UNDEFINED;DT_UNDEFINED;DT_UNDEFINED;DT_UNDEFINED;DT_UNDEFINED;DT_UNDEFINED;DT_UNDEFINED;DT_UNDEFINED;DT_UNDEFINED;DT_UNDEFINED;DT_UNDEFINED;DT_UNDEFINED;DT_UNDEFINED;DT_UNDEFINED;DT_UNDEFINED;DT_UNDEFINED,ND;ND;ND;NULL;ND;ND;ND;NULL;NULL;NULL;NULL;NULL;NULL;NULL;ND;NULL;NULL;NULL;NULL;NULL;NULL;NULL;NULL;NULL;NULL;NULL;NULL;NULL;NULL;NULL;NULL,"""1,14,64;""",DT_BF16;FLOAT,ND;ND,0
0,4294967295,2007,46,aclnnMatmul_MatMulCommon_MatMulV2,MatMulV2,dynamic,AI_CORE,1790170486775084.867	,5.420,230.090000,19,0,NO,"""1,896;896,896""",DT_BF16;DT_BF16,ND;ND,"""1,896""",DT_BF16,ND,N/A
0,4294967295,2008,46,AddRmsNormBias,AddRmsNormBias,dynamic,AI_VECTOR_CORE,1790170486775157.950	,1.640,67.830000,1,0,NO,"""1,896;1,896;896;""",DT_BF16;DT_BF16;DT_BF16;DT_UNDEFINED,ND;ND;ND;NULL,"""1,896;1,1;1,896""",DT_BF16;FLOAT;DT_BF16,ND;ND;ND,N/A
0,4294967295,2009,46,aclnnMatmul_MatMulCommon_MatMulV2,MatMulV2,dynamic,AI_CORE,1790170486775196.551	,19.701,36.860000,22,0,NO,"""1,896;9728,896""",DT_BF16;DT_BF16,ND;ND,"""1,9728""",DT_BF16,ND,N/A
0,4294967295,2010,46,SwiGlu,SwiGlu,dynamic,AI_VECTOR_CORE,1790170486775239.173	,4.040,23.049000,1,0,NO,"""1,9728""",DT_BF16,ND,"""1,4864""",DT_BF16,ND,N/A
0,4294967295,2011,46,aclnnMatmul_MatMulCommon_MatMulV2,MatMulV2,dynamic,AI_CORE,1790170486775274.754	,16.381,31.460000,19,0,NO,"""1,4864;896,4864""",DT_BF16;DT_BF16,ND;ND,"""1,896""",DT_BF16,ND,N/A
0,4294967295,2012,46,AddRmsNormBias,AddRmsNormBias,dynamic,AI_VECTOR_CORE,1790170486775343.597	,1.780,52.369000,1,0,NO,"""1,896;1,896;896;""",DT_BF16;DT_BF16;DT_BF16;DT_UNDEFINED,ND;ND;ND;NULL,"""1,896;1,1;1,896""",DT_BF16;FLOAT;DT_BF16,ND;ND;ND,N/A
0,4294967295,2013,46,aclnnAddmm_CastAiCore_Cast,Cast,dynamic,AI_VECTOR_CORE,1790170486775391.439	,1.380,46.220000,2,0,NO,"""1152""",DT_BF16,ND,"""1152""",FLOAT,ND,N/A
0,4294967295,2014,46,aclnnAddmm_MatMulCommon_MatMulV2,MatMulV2,dynamic,AI_CORE,1790170486775394.819	,7.100,1.870000,24,0,NO,"""1,896;1152,896;1152""",DT_BF16;DT_BF16;FLOAT,ND;ND;ND,"""1,1152""",DT_BF16,ND,N/A
0,4294967295,2015,46,_triton_rope,_triton_rope,static,AI_VECTOR_CORE,1790170486775629.368	,2.801,227.400000,1,0,YES,"""1,14,64;1,2,64;32768,64""",DT_BF16;32620;DT_BF16,ND;ND;ND,"""1,14,64;1,2,64""",DT_BF16;32620,ND;ND,N/A
0,4294967295,2016,46,ReshapeAndCacheNdKernel,ReshapeAndCacheNdKernel,dynamic,AI_VECTOR_CORE,1790170486775994.363	,1.500,362.199000,1,0,NO,"""1,2,64;1,2,64;2,128,2,64;2,128,2,64;1""",DT_BF16;DT_BF16;DT_BF16;DT_BF16;INT32,ND;ND;ND;ND;ND,"""2,128,2,64;2,128,2,64""",DT_BF16;DT_BF16,ND;ND,N/A
0,4294967295,2017,46,FusedInferAttentionScore,FusedInferAttentionScore,dynamic,MIX_AIC,1790170486776330.176	,19.021,334.500000,24,48,NO,"""1,14,64;2,128,128;2,128,128;;2048,2048;1;1;;;;;;;;1,1;;;;;;;;;;;;;;;;""",DT_BF16;DT_BF16;DT_BF16;DT_UNDEFINED;INT8;INT64;INT64;DT_UNDEFINED;DT_UNDEFINED;DT_UNDEFINED;DT_UNDEFINED;DT_UNDEFINED;DT_UNDEFINED;DT_UNDEFINED;INT32;DT_UNDEFINED;DT_UNDEFINED;DT_UNDEFINED;DT_UNDEFINED;DT_UNDEFINED;DT_UNDEFINED;DT_UNDEFINED;DT_UNDEFINED;DT_UNDEFINED;DT_UNDEFINED;DT_UNDEFINED;DT_UNDEFINED;DT_UNDEFINED;DT_UNDEFINED;DT_UNDEFINED;DT_UNDEFINED,ND;ND;ND;NULL;ND;ND;ND;NULL;NULL;NULL;NULL;NULL;NULL;NULL;ND;NULL;NULL;NULL;NULL;NULL;NULL;NULL;NULL;NULL;NULL;NULL;NULL;NULL;NULL;NULL;NULL,"""1,14,64;""",DT_BF16;FLOAT,ND;ND,0
0,4294967295,2019,46,aclnnMatmul_MatMulCommon_MatMulV2,MatMulV2,dynamic,AI_CORE,1790170486776583.707	,5.720,234.479000,19,0,NO,"""1,896;896,896""",DT_BF16;DT_BF16,ND;ND,"""1,896""",DT_BF16,ND,N/A
0,4294967295,2020,46,AddRmsNormBias,AddRmsNormBias,dynamic,AI_VECTOR_CORE,1790170486776653.869	,1.740,64.280000,1,0,NO,"""1,896;1,896;896;""",DT_BF16;DT_BF16;DT_BF16;DT_UNDEFINED,ND;ND;ND;NULL,"""1,896;1,1;1,896""",DT_BF16;FLOAT;DT_BF16,ND;ND;ND,N/A
0,4294967295,2021,46,aclnnMatmul_MatMulCommon_MatMulV2,MatMulV2,dynamic,AI_CORE,1790170486776697.051	,19.361,41.510000,22,0,NO,"""1,896;9728,896""",DT_BF16;DT_BF16,ND;ND,"""1,9728""",DT_BF16,ND,N/A
0,4294967295,2022,46,SwiGlu,SwiGlu,dynamic,AI_VECTOR_CORE,1790170486776734.673	,2.960,18.389000,1,0,NO,"""1,9728""",DT_BF16,ND,"""1,4864""",DT_BF16,ND,N/A
0,4294967295,2023,46,aclnnMatmul_MatMulCommon_MatMulV2,MatMulV2,dynamic,AI_CORE,1790170486776766.554	,16.401,28.790000,19,0,NO,"""1,4864;896,4864""",DT_BF16;DT_BF16,ND;ND,"""1,896""",DT_BF16,ND,N/A
0,4294967295,2024,46,AddRmsNormBias,AddRmsNormBias,dynamic,AI_VECTOR_CORE,1790170486776837.857	,1.640,54.849000,1,0,NO,"""1,896;1,896;896;""",DT_BF16;DT_BF16;DT_BF16;DT_UNDEFINED,ND;ND;ND;NULL,"""1,896;1,1;1,896""",DT_BF16;FLOAT;DT_BF16,ND;ND;ND,N/A
0,4294967295,2025,46,aclnnAddmm_CastAiCore_Cast,Cast,dynamic,AI_VECTOR_CORE,1790170486776882.039	,1.080,42.610000,2,0,NO,"""1152""",DT_BF16,ND,"""1152""",FLOAT,ND,N/A
0,4294967295,2026,46,aclnnAddmm_MatMulCommon_MatMulV2,MatMulV2,dynamic,AI_CORE,1790170486776885.199	,7.320,2.170000,24,0,NO,"""1,896;1152,896;1152""",DT_BF16;DT_BF16;FLOAT,ND;ND;ND,"""1,1152""",DT_BF16,ND,N/A
0,4294967295,2027,46,_triton_rope,_triton_rope,static,AI_VECTOR_CORE,1790170486777119.908	,3.020,227.430000,1,0,YES,"""1,14,64;1,2,64;32768,64""",DT_BF16;32620;DT_BF16,ND;ND;ND,"""1,14,64;1,2,64""",DT_BF16;32620,ND;ND,N/A
0,4294967295,2028,46,ReshapeAndCacheNdKernel,ReshapeAndCacheNdKernel,dynamic,AI_VECTOR_CORE,1790170486777511.644	,1.700,388.730000,1,0,NO,"""1,2,64;1,2,64;2,128,2,64;2,128,2,64;1""",DT_BF16;DT_BF16;DT_BF16;DT_BF16;INT32,ND;ND;ND;ND;ND,"""2,128,2,64;2,128,2,64""",DT_BF16;DT_BF16,ND;ND,N/A
0,4294967295,2029,46,FusedInferAttentionScore,FusedInferAttentionScore,dynamic,MIX_AIC,1790170486777867.558	,20.761,354.050000,24,48,NO,"""1,14,64;2,128,128;2,128,128;;2048,2048;1;1;;;;;;;;1,1;;;;;;;;;;;;;;;;""",DT_BF16;DT_BF16;DT_BF16;DT_UNDEFINED;INT8;INT64;INT64;DT_UNDEFINED;DT_UNDEFINED;DT_UNDEFINED;DT_UNDEFINED;DT_UNDEFINED;DT_UNDEFINED;DT_UNDEFINED;INT32;DT_UNDEFINED;DT_UNDEFINED;DT_UNDEFINED;DT_UNDEFINED;DT_UNDEFINED;DT_UNDEFINED;DT_UNDEFINED;DT_UNDEFINED;DT_UNDEFINED;DT_UNDEFINED;DT_UNDEFINED;DT_UNDEFINED;DT_UNDEFINED;DT_UNDEFINED;DT_UNDEFINED;DT_UNDEFINED,ND;ND;ND;NULL;ND;ND;ND;NULL;NULL;NULL;NULL;NULL;NULL;NULL;ND;NULL;NULL;NULL;NULL;NULL;NULL;NULL;NULL;NULL;NULL;NULL;NULL;NULL;NULL;NULL;NULL,"""1,14,64;""",DT_BF16;FLOAT,ND;ND,0
0,4294967295,2031,46,aclnnMatmul_MatMulCommon_MatMulV2,MatMulV2,dynamic,AI_CORE,1790170486778138.389	,5.620,250.239000,19,0,NO,"""1,896;896,896""",DT_BF16;DT_BF16,ND;ND,"""1,896""",DT_BF16,ND,N/A
0,4294967295,2032,46,AddRmsNormBias,AddRmsNormBias,dynamic,AI_VECTOR_CORE,1790170486778202.091	,1.680,57.880000,1,0,NO,"""1,896;1,896;896;""",DT_BF16;DT_BF16;DT_BF16;DT_UNDEFINED,ND;ND;ND;NULL,"""1,896;1,1;1,896""",DT_BF16;FLOAT;DT_BF16,ND;ND;ND,N/A
0,4294967295,2033,46,aclnnMatmul_MatMulCommon_MatMulV2,MatMulV2,dynamic,AI_CORE,1790170486778251.293	,20.421,47.570000,22,0,NO,"""1,896;9728,896""",DT_BF16;DT_BF16,ND;ND,"""1,9728""",DT_BF16,ND,N/A
0,4294967295,2034,46,SwiGlu,SwiGlu,dynamic,AI_VECTOR_CORE,1790170486778288.095	,3.020,16.329000,1,0,NO,"""1,9728""",DT_BF16,ND,"""1,4864""",DT_BF16,ND,N/A
0,4294967295,2035,46,aclnnMatmul_MatMulCommon_MatMulV2,MatMulV2,dynamic,AI_CORE,1790170486778332.177	,16.220,41.230000,19,0,NO,"""1,4864;896,4864""",DT_BF16;DT_BF16,ND;ND,"""1,896""",DT_BF16,ND,N/A
0,4294967295,2036,46,AddRmsNormBias,AddRmsNormBias,dynamic,AI_VECTOR_CORE,1790170486778393.019	,1.680,44.530000,1,0,NO,"""1,896;1,896;896;""",DT_BF16;DT_BF16;DT_BF16;DT_UNDEFINED,ND;ND;ND;NULL,"""1,896;1,1;1,896""",DT_BF16;FLOAT;DT_BF16,ND;ND;ND,N/A
0,4294967295,2037,46,aclnnAddmm_CastAiCore_Cast,Cast,dynamic,AI_VECTOR_CORE,1790170486778435.441	,1.060,40.820000,2,0,NO,"""1152""",DT_BF16,ND,"""1152""",FLOAT,ND,N/A
0,4294967295,2038,46,aclnnAddmm_MatMulCommon_MatMulV2,MatMulV2,dynamic,AI_CORE,1790170486778438.681	,6.780,2.190000,24,0,NO,"""1,896;1152,896;1152""",DT_BF16;DT_BF16;FLOAT,ND;ND;ND,"""1,1152""",DT_BF16,ND,N/A
0,4294967295,2039,46,_triton_rope,_triton_rope,static,AI_VECTOR_CORE,1790170486778670.330	,2.760,224.720000,1,0,YES,"""1,14,64;1,2,64;32768,64""",DT_BF16;32620;DT_BF16,ND;ND;ND,"""1,14,64;1,2,64""",DT_BF16;32620,ND;ND,N/A
0,4294967295,2040,46,ReshapeAndCacheNdKernel,ReshapeAndCacheNdKernel,dynamic,AI_VECTOR_CORE,1790170486779017.224	,1.460,344.240000,1,0,NO,"""1,2,64;1,2,64;2,128,2,64;2,128,2,64;1""",DT_BF16;DT_BF16;DT_BF16;DT_BF16;INT32,ND;ND;ND;ND;ND,"""2,128,2,64;2,128,2,64""",DT_BF16;DT_BF16,ND;ND,N/A
0,4294967295,2041,46,FusedInferAttentionScore,FusedInferAttentionScore,dynamic,MIX_AIC,1790170486779361.098	,24.021,342.290000,24,48,NO,"""1,14,64;2,128,128;2,128,128;;2048,2048;1;1;;;;;;;;1,1;;;;;;;;;;;;;;;;""",DT_BF16;DT_BF16;DT_BF16;DT_UNDEFINED;INT8;INT64;INT64;DT_UNDEFINED;DT_UNDEFINED;DT_UNDEFINED;DT_UNDEFINED;DT_UNDEFINED;DT_UNDEFINED;DT_UNDEFINED;INT32;DT_UNDEFINED;DT_UNDEFINED;DT_UNDEFINED;DT_UNDEFINED;DT_UNDEFINED;DT_UNDEFINED;DT_UNDEFINED;DT_UNDEFINED;DT_UNDEFINED;DT_UNDEFINED;DT_UNDEFINED;DT_UNDEFINED;DT_UNDEFINED;DT_UNDEFINED;DT_UNDEFINED;DT_UNDEFINED,ND;ND;ND;NULL;ND;ND;ND;NULL;NULL;NULL;NULL;NULL;NULL;NULL;ND;NULL;NULL;NULL;NULL;NULL;NULL;NULL;NULL;NULL;NULL;NULL;NULL;NULL;NULL;NULL;NULL,"""1,14,64;""",DT_BF16;FLOAT,ND;ND,0
0,4294967295,2043,46,aclnnMatmul_MatMulCommon_MatMulV2,MatMulV2,dynamic,AI_CORE,1790170486779619.728	,5.360,234.729000,19,0,NO,"""1,896;896,896""",DT_BF16;DT_BF16,ND;ND,"""1,896""",DT_BF16,ND,N/A
0,4294967295,2044,46,AddRmsNormBias,AddRmsNormBias,dynamic,AI_VECTOR_CORE,1790170486779692.791	,1.820,67.640000,1,0,NO,"""1,896;1,896;896;""",DT_BF16;DT_BF16;DT_BF16;DT_UNDEFINED,ND;ND;ND;NULL,"""1,896;1,1;1,896""",DT_BF16;FLOAT;DT_BF16,ND;ND;ND,N/A
0,4294967295,2045,46,aclnnMatmul_MatMulCommon_MatMulV2,MatMulV2,dynamic,AI_CORE,1790170486779734.253	,19.720,39.680000,22,0,NO,"""1,896;9728,896""",DT_BF16;DT_BF16,ND;ND,"""1,9728""",DT_BF16,ND,N/A
0,4294967295,2046,46,SwiGlu,SwiGlu,dynamic,AI_VECTOR_CORE,1790170486779771.974	,3.040,18.030000,1,0,NO,"""1,9728""",DT_BF16,ND,"""1,4864""",DT_BF16,ND,N/A
0,4294967295,2047,46,aclnnMatmul_MatMulCommon_MatMulV2,MatMulV2,dynamic,AI_CORE,1790170486779806.855	,16.241,31.710000,19,0,NO,"""1,4864;896,4864""",DT_BF16;DT_BF16,ND;ND,"""1,896""",DT_BF16,ND,N/A
0,4294967295,2048,46,AddRmsNormBias,AddRmsNormBias,dynamic,AI_VECTOR_CORE,1790170486779869.538	,1.780,46.509000,1,0,NO,"""1,896;1,896;896;""",DT_BF16;DT_BF16;DT_BF16;DT_UNDEFINED,ND;ND;ND;NULL,"""1,896;1,1;1,896""",DT_BF16;FLOAT;DT_BF16,ND;ND;ND,N/A
0,4294967295,2049,46,aclnnIndex_IndexAiCore_Index,Index,dynamic,AI_VECTOR_CORE,1790170486779959.702	,8.880,88.470000,48,0,NO,"""1,896;1;2;1""",DT_BF16;INT64;INT64;INT32,ND;ND;ND;ND,"""1,896""",DT_BF16,ND,N/A
0,4294967295,2050,46,aclnnMatmul_MatMulCommon_MatMulV2,MatMulV2,dynamic,AI_CORE,1790170486780001.763	,218.449,33.120000,24,0,NO,"""1,896;151936,896""",DT_BF16;DT_BF16,ND;ND,"""1,151936""",DT_BF16,ND,N/A
0,4294967295,2051,46,aclnnInplaceCopy_CastAiCore_Cast,Cast,dynamic,AI_VECTOR_CORE,1790170486780466.322	,7.380,246.051000,48,0,NO,"""1,151936""",DT_BF16,ND,"""1,151936""",FLOAT,ND,N/A
0,4294967295,2054,46,aclnnEqScalar_EqualAiCore_Equal,Equal,dynamic,AI_VECTOR_CORE,1790170486780567.526	,2.500,93.870000,1,0,NO,"""1,1;""",INT64;INT64,ND;ND,"""1,1""",BOOL,ND,N/A
0,4294967295,2055,46,aclnnInplaceMaskedFillScalar_MaskedFillAiCpu_MaskedFill,MaskedFill,dynamic,AI_CPU,1790170486780637.209	,120.224,67.250000,0,0,NO,"""1,1;1,1;""",INT64;BOOL;INT64,ND;ND;ND,"""1,1""",INT64,ND,N/A
0,4294967295,2056,46,aclnnInplaceZero_ZerosLikeAiCore_ZerosLike,ZerosLike,dynamic,AI_VECTOR_CORE,1790170486780757.453	,7.381,0.026000,48,0,NO,"""1,151936""",INT32,ND,"""1,151936""",INT32,ND,N/A
0,4294967295,2057,46,token_bin_counts_and_mask_kernel,token_bin_counts_and_mask_kernel,static,AI_VECTOR_CORE,1790170486780830.996	,61.343,66.119000,1,0,NO,"""1,126;1,151936""",INT64;FLOAT,ND;ND,"""1,151936""",FLOAT,ND,N/A
0,4294967295,2058,46,aclnnGtScalar_CastAiCore_Cast,Cast,dynamic,AI_VECTOR_CORE,1790170486780892.359	,8.400,0.000000,48,0,NO,"""1,151936""",INT32,ND,"""1,151936""",INT64,ND,N/A
0,4294967295,2059,46,aclnnGtScalar_GreaterAiCore_Greater,Greater,dynamic,AI_VECTOR_CORE,1790170486780900.799	,16.081,0.100000,48,0,NO,"""1,151936;""",INT64;INT64,ND;ND,"""1,151936""",BOOL,ND,N/A
0,4294967295,2060,46,aclnnInplaceZero_ZerosLikeAiCore_ZerosLike,ZerosLike,dynamic,AI_VECTOR_CORE,1790170486780916.920	,2.780,0.169000,48,0,NO,"""1,151936""",INT32,ND,"""1,151936""",INT32,ND,N/A
0,4294967295,2061,46,token_bin_counts_and_mask_kernel,token_bin_counts_and_mask_kernel,static,AI_VECTOR_CORE,1790170486781004.023	,65.443,84.220000,1,0,NO,"""1,1;1,151936""",INT64;FLOAT,ND;ND,"""1,151936""",FLOAT,ND,N/A
0,4294967295,2062,46,aclnnGtScalar_CastAiCore_Cast,Cast,dynamic,AI_VECTOR_CORE,1790170486781069.506	,2.800,0.057000,48,0,NO,"""1,151936""",INT32,ND,"""1,151936""",INT64,ND,N/A
0,4294967295,2063,46,aclnnGtScalar_GreaterAiCore_Greater,Greater,dynamic,AI_VECTOR_CORE,1790170486781072.326	,10.440,0.000000,48,0,NO,"""1,151936;""",INT64;INT64,ND;ND,"""1,151936""",BOOL,ND,N/A
0,4294967295,2064,46,apply_all_penalties_kernel,apply_all_penalties_kernel,static,AI_VECTOR_CORE,1790170486781207.551	,76.984,124.810000,1,0,YES,"""1,151936;1,151936;1,151936;1,151936""",FLOAT;BOOL;BOOL;INT32,ND;ND;ND;ND,"""1,151936""",FLOAT,ND,N/A
0,4294967295,2065,46,aclnnArgMax_ArgMaxV2AiCore_ArgMaxV2,ArgMaxV2,dynamic,AI_VECTOR_CORE,1790170486781284.555	,19.040,0.016000,1,0,NO,"""1,151936;""",FLOAT;INT64,ND;ND,"""1""",INT32,ND,N/A
0,4294967295,2066,46,aclnnArgMax_CastAiCore_Cast,Cast,dynamic,AI_VECTOR_CORE,1790170486781303.615	,0.860,0.000000,1,0,NO,"""1""",INT32,ND,"""1""",INT64,ND,N/A
0,4294967295,2067,46,aclnnInplaceCopy_CastAiCore_Cast,Cast,dynamic,AI_VECTOR_CORE,1790170486781304.495	,1.260,0.140000,1,0,NO,"""1""",INT64,ND,"""1""",INT32,ND,N/A
0,4294967295,2077,46,aclnnInplaceFillScalar_FillAiCore_Fill,Fill,dynamic,AI_VECTOR_CORE,1790170486789681.550	,0.960,8375.740000,1,0,NO,"""1;""",INT64;INT32,ND;ND,"""1""",INT32,ND,N/A
0,4294967295,2080,46,aclnnInplaceFillScalar_FillAiCore_Fill,Fill,dynamic,AI_VECTOR_CORE,1790170486789738.793	,0.900,56.290000,1,0,NO,"""1;""",INT64;INT32,ND;ND,"""1""",INT32,ND,N/A
0,4294967295,2085,46,aclnnIndex_IndexAiCore_Index,Index,dynamic,AI_VECTOR_CORE,1790170486789840.717	,9.040,101.100000,48,0,NO,"""1;1;1;126""",INT32;INT64;INT64;INT64,ND;ND;ND;ND,"""126""",INT32,ND,N/A
0,4294967295,2086,46,aclnnInplaceCopy_CastAiCore_Cast,Cast,dynamic,AI_VECTOR_CORE,1790170486789849.777	,1.160,0.000000,1,0,NO,"""126""",INT32,ND,"""126""",INT64,ND,N/A
0,4294967295,2087,46,aclnnAdd_AddAiCore_Add,Add,dynamic,AI_VECTOR_CORE,1790170486789858.317	,2.500,7.340000,1,0,NO,"""126;126""",INT64;INT64,ND;ND,"""126""",INT64,ND,N/A
0,4294967295,2089,46,aclnnAdd_AddAiCore_Add,Add,dynamic,AI_VECTOR_CORE,1790170486789906.619	,1.140,45.750000,1,0,NO,"""1;1""",INT32;INT32,ND;ND,"""1""",INT32,ND,N/A
0,4294967295,2091,46,_compute_slot_mapping_kernel,_compute_slot_mapping_kernel,static,AI_VECTOR_CORE,1790170486790128.688	,119.965,221.110000,2,0,YES,"""2;126;1,1""",3625965952;32620;INT32,ND;ND;ND,"""130""",INT64,ND,N/A
0,4294967295,2092,46,aclnnSubs_SubAiCore_Sub,Sub,dynamic,AI_VECTOR_CORE,1790170486790248.673	,1.240,0.035000,1,0,NO,"""1;""",INT32;INT32,ND;ND,"""1""",INT32,ND,N/A
0,4294967295,2094,46,aclnnIndexSelect_GatherV3AiCore_GatherV3,GatherV3,dynamic,AI_VECTOR_CORE,1790170486790698.171	,11.060,448.260000,48,0,NO,"""32768,64;126;1""",DT_BF16;INT64;INT64,ND;ND;ND,"""126,64""",DT_BF16,ND,N/A
0,4294967295,2095,46,aclnnRepeat_TileAiCore_Tile,Tile,dynamic,AI_VECTOR_CORE,1790170486790716.172	,9.600,6.940000,42,0,NO,"""126,2,32;3""",DT_BF16;INT64,NCL;ND,"""126,2,64""",DT_BF16,ND,N/A
0,4294967295,2096,46,aclnnInplaceCopy_SliceAiCore_Slice,Slice,dynamic,AI_VECTOR_CORE,1790170486790752.093	,2.920,26.150000,12,0,NO,"""126,128;2;2""",DT_BF16;INT64;INT64,NCHW;ND;ND,"""126,64""",DT_BF16,NCHW,N/A
0,4294967295,2097,46,aclnnIndexSelect_GatherV3AiCore_GatherV3,GatherV3,dynamic,AI_VECTOR_CORE,1790170486790755.053	,8.461,0.080000,48,0,NO,"""32768,64;126;1""",DT_BF16;INT64;INT64,ND;ND;ND,"""126,64""",DT_BF16,ND,N/A
0,4294967295,2098,46,aclnnRepeat_TileAiCore_Tile,Tile,dynamic,AI_VECTOR_CORE,1790170486790763.534	,4.580,0.039000,42,0,NO,"""126,2,32;3""",DT_BF16;INT64,NCL;ND,"""126,2,64""",DT_BF16,ND,N/A
0,4294967295,2099,46,aclnnInplaceCopy_SliceAiCore_Slice,Slice,dynamic,AI_VECTOR_CORE,1790170486790777.114	,2.420,8.920000,12,0,NO,"""126,128;2;2""",DT_BF16;INT64;INT64,NCHW;ND;ND,"""126,64""",DT_BF16,NCHW,N/A
0,4294967295,2100,46,aclnnInplaceCopy_CastAiCore_Cast,Cast,dynamic,AI_VECTOR_CORE,1790170486791115.308	,1.140,335.830000,1,0,NO,"""126""",INT32,ND,"""126""",INT64,ND,N/A
0,4294967295,2101,46,aclnnEmbedding_GatherV2AiCore_GatherV2,GatherV2,dynamic,AI_VECTOR_CORE,1790170486791145.309	,10.260,28.860000,42,0,NO,"""151936,896;126;1""",DT_BF16;INT64;INT64,ND;ND;ND,"""126,896""",DT_BF16,ND,N/A
0,4294967295,2102,46,RmsNorm,RmsNorm,dynamic,AI_VECTOR_CORE,1790170486791216.592	,17.200,60.990000,42,0,NO,"""126,896;896""",DT_BF16;DT_BF16,ND;ND,"""126,896;126,1""",DT_BF16;FLOAT,ND;ND,N/A
0,4294967295,2103,46,aclnnAddmm_CastAiCore_Cast,Cast,dynamic,AI_VECTOR_CORE,1790170486791276.154	,1.180,42.550000,2,0,NO,"""1152""",DT_BF16,ND,"""1152""",FLOAT,ND,N/A
0,4294967295,2104,46,aclnnAddmm_MatMulCommon_MatMulV2,MatMulV2,dynamic,AI_CORE,1790170486791278.614	,9.340,1.070000,24,0,NO,"""126,896;1152,896;1152""",DT_BF16;DT_BF16;FLOAT,ND;ND;ND,"""126,1152""",DT_BF16,ND,N/A
0,4294967295,2105,46,aclnnInplaceCopy_SliceAiCore_Slice,Slice,dynamic,AI_VECTOR_CORE,1790170486791352.397	,2.240,64.660000,12,0,NO,"""126,18,64;3;3""",DT_BF16;INT64;INT64,NCL;ND;ND,"""126,14,64""",DT_BF16,NCL,N/A
0,4294967295,2106,46,aclnnInplaceCopy_SliceAiCore_Slice,Slice,dynamic,AI_VECTOR_CORE,1790170486791355.777	,2.420,1.010000,12,0,NO,"""126,18,64;3;3""",DT_BF16;INT64;INT64,NCL;ND;ND,"""126,2,64""",DT_BF16,NCL,N/A
0,4294967295,2107,46,_triton_rope,_triton_rope,static,AI_VECTOR_CORE,1790170486791539.905	,13.580,181.830000,48,0,YES,"""126,14,64;126,2,64;32768,64""",DT_BF16;32620;DT_BF16,ND;ND;ND,"""126,14,64;126,2,64""",DT_BF16;32620,ND;ND,N/A
0,4294967295,2108,46,aclnnInplaceCopy_SliceAiCore_Slice,Slice,dynamic,AI_VECTOR_CORE,1790170486791974.042	,2.560,420.420000,12,0,NO,"""126,18,64;3;3""",DT_BF16;INT64;INT64,NCL;ND;ND,"""126,2,64""",DT_BF16,NCL,N/A
0,4294967295,2109,46,ReshapeAndCacheNdKernel,ReshapeAndCacheNdKernel,dynamic,AI_VECTOR_CORE,1790170486791988.843	,10.340,12.190000,48,0,NO,"""126,2,64;126,2,64;2,128,2,64;2,128,2,64;126""",DT_BF16;DT_BF16;DT_BF16;DT_BF16;INT32,ND;ND;ND;ND;ND,"""2,128,2,64;2,128,2,64""",DT_BF16;DT_BF16,ND;ND,N/A
0,4294967295,2110,46,aclnnContiguous_SliceAiCore_Slice,Slice,dynamic,AI_VECTOR_CORE,1790170486792360.217	,2.160,361.160000,12,0,NO,"""126,18,64;3;3""",DT_BF16;INT64;INT64,NCL;ND;ND,"""126,2,64""",DT_BF16,NCL,N/A
0,4294967295,2111,46,FusedInferAttentionScore,FusedInferAttentionScore,dynamic,MIX_AIC,1790170486792395.279	,28.981,32.840000,24,48,NO,"""126,14,64;126,2,64;126,2,64;;2048,2048;1;1;;;;;;;;;;;;;;;;;;;;;;;;""",DT_BF16;DT_BF16;DT_BF16;DT_UNDEFINED;INT8;INT64;INT64;DT_UNDEFINED;DT_UNDEFINED;DT_UNDEFINED;DT_UNDEFINED;DT_UNDEFINED;DT_UNDEFINED;DT_UNDEFINED;DT_UNDEFINED;DT_UNDEFINED;DT_UNDEFINED;DT_UNDEFINED;DT_UNDEFINED;DT_UNDEFINED;DT_UNDEFINED;DT_UNDEFINED;DT_UNDEFINED;DT_UNDEFINED;DT_UNDEFINED;DT_UNDEFINED;DT_UNDEFINED;DT_UNDEFINED;DT_UNDEFINED;DT_UNDEFINED;DT_UNDEFINED,ND;ND;ND;NULL;ND;ND;ND;NULL;NULL;NULL;NULL;NULL;NULL;NULL;NULL;NULL;NULL;NULL;NULL;NULL;NULL;NULL;NULL;NULL;NULL;NULL;NULL;NULL;NULL;NULL;NULL,"""126,14,64;""",DT_BF16;FLOAT,ND;ND,0
0,4294967295,2113,46,aclnnMatmul_MatMulCommon_MatMulV2,MatMulV2,dynamic,AI_CORE,1790170486792628.628	,8.040,204.519000,24,0,NO,"""126,896;896,896""",DT_BF16;DT_BF16,ND;ND,"""126,896""",DT_BF16,ND,N/A
0,4294967295,2114,46,AddRmsNormBias,AddRmsNormBias,dynamic,AI_VECTOR_CORE,1790170486792703.471	,14.601,66.710000,42,0,NO,"""126,896;126,896;896;""",DT_BF16;DT_BF16;DT_BF16;DT_UNDEFINED,ND;ND;ND;NULL,"""126,896;126,1;126,896""",DT_BF16;FLOAT;DT_BF16,ND;ND;ND,N/A
0,4294967295,2115,46,aclnnMatmul_MatMulCommon_MatMulV2,MatMulV2,dynamic,AI_CORE,1790170486792748.853	,23.481,30.649000,22,0,NO,"""126,896;9728,896""",DT_BF16;DT_BF16,ND;ND,"""126,9728""",DT_BF16,ND,N/A
0,4294967295,2116,46,SwiGlu,SwiGlu,dynamic,AI_VECTOR_CORE,1790170486792786.794	,16.081,14.519000,48,0,NO,"""126,9728""",DT_BF16,ND,"""126,4864""",DT_BF16,ND,N/A
0,4294967295,2117,46,aclnnMatmul_MatMulCommon_MatMulV2,MatMulV2,dynamic,AI_CORE,1790170486792815.776	,22.280,12.919000,24,0,NO,"""126,4864;896,4864""",DT_BF16;DT_BF16,ND;ND,"""126,896""",DT_BF16,ND,N/A
0,4294967295,2118,46,AddRmsNormBias,AddRmsNormBias,dynamic,AI_VECTOR_CORE,1790170486792885.438	,11.581,47.470000,42,0,NO,"""126,896;126,896;896;""",DT_BF16;DT_BF16;DT_BF16;DT_UNDEFINED,ND;ND;ND;NULL,"""126,896;126,1;126,896""",DT_BF16;FLOAT;DT_BF16,ND;ND;ND,N/A
0,4294967295,2119,46,aclnnAddmm_CastAiCore_Cast,Cast,dynamic,AI_VECTOR_CORE,1790170486792929.160	,1.080,32.169000,2,0,NO,"""1152""",DT_BF16,ND,"""1152""",FLOAT,ND,N/A
0,4294967295,2120,46,aclnnAddmm_MatMulCommon_MatMulV2,MatMulV2,dynamic,AI_CORE,1790170486792932.260	,9.361,1.920000,24,0,NO,"""126,896;1152,896;1152""",DT_BF16;DT_BF16;FLOAT,ND;ND;ND,"""126,1152""",DT_BF16,ND,N/A
0,4294967295,2121,46,aclnnInplaceCopy_SliceAiCore_Slice,Slice,dynamic,AI_VECTOR_CORE,1790170486792993.743	,2.580,52.139000,12,0,NO,"""126,18,64;3;3""",DT_BF16;INT64;INT64,NCL;ND;ND,"""126,14,64""",DT_BF16,NCL,N/A
0,4294967295,2122,46,aclnnInplaceCopy_SliceAiCore_Slice,Slice,dynamic,AI_VECTOR_CORE,1790170486792996.983	,2.360,0.670000,12,0,NO,"""126,18,64;3;3""",DT_BF16;INT64;INT64,NCL;ND;ND,"""126,2,64""",DT_BF16,NCL,N/A
0,4294967295,2123,46,_triton_rope,_triton_rope,static,AI_VECTOR_CORE,1790170486793193.451	,12.800,194.140000,48,0,YES,"""126,14,64;126,2,64;32768,64""",DT_BF16;32620;DT_BF16,ND;ND;ND,"""126,14,64;126,2,64""",DT_BF16;32620,ND;ND,N/A
0,4294967295,2124,46,aclnnInplaceCopy_SliceAiCore_Slice,Slice,dynamic,AI_VECTOR_CORE,1790170486793564.626	,2.560,358.450000,12,0,NO,"""126,18,64;3;3""",DT_BF16;INT64;INT64,NCL;ND;ND,"""126,2,64""",DT_BF16,NCL,N/A
0,4294967295,2125,46,ReshapeAndCacheNdKernel,ReshapeAndCacheNdKernel,dynamic,AI_VECTOR_CORE,1790170486793588.386	,10.041,21.190000,48,0,NO,"""126,2,64;126,2,64;2,128,2,64;2,128,2,64;126""",DT_BF16;DT_BF16;DT_BF16;DT_BF16;INT32,ND;ND;ND;ND;ND,"""2,128,2,64;2,128,2,64""",DT_BF16;DT_BF16,ND;ND,N/A
0,4294967295,2126,46,aclnnContiguous_SliceAiCore_Slice,Slice,dynamic,AI_VECTOR_CORE,1790170486793958.061	,2.580,359.459000,12,0,NO,"""126,18,64;3;3""",DT_BF16;INT64;INT64,NCL;ND;ND,"""126,2,64""",DT_BF16,NCL,N/A
0,4294967295,2127,46,FusedInferAttentionScore,FusedInferAttentionScore,dynamic,MIX_AIC,1790170486793974.682	,27.741,14.170000,24,48,NO,"""126,14,64;126,2,64;126,2,64;;2048,2048;1;1;;;;;;;;;;;;;;;;;;;;;;;;""",DT_BF16;DT_BF16;DT_BF16;DT_UNDEFINED;INT8;INT64;INT64;DT_UNDEFINED;DT_UNDEFINED;DT_UNDEFINED;DT_UNDEFINED;DT_UNDEFINED;DT_UNDEFINED;DT_UNDEFINED;DT_UNDEFINED;DT_UNDEFINED;DT_UNDEFINED;DT_UNDEFINED;DT_UNDEFINED;DT_UNDEFINED;DT_UNDEFINED;DT_UNDEFINED;DT_UNDEFINED;DT_UNDEFINED;DT_UNDEFINED;DT_UNDEFINED;DT_UNDEFINED;DT_UNDEFINED;DT_UNDEFINED;DT_UNDEFINED;DT_UNDEFINED,ND;ND;ND;NULL;ND;ND;ND;NULL;NULL;NULL;NULL;NULL;NULL;NULL;NULL;NULL;NULL;NULL;NULL;NULL;NULL;NULL;NULL;NULL;NULL;NULL;NULL;NULL;NULL;NULL;NULL,"""126,14,64;""",DT_BF16;FLOAT,ND;ND,0
0,4294967295,2129,46,aclnnMatmul_MatMulCommon_MatMulV2,MatMulV2,dynamic,AI_CORE,1790170486794238.932	,7.901,236.509000,24,0,NO,"""126,896;896,896""",DT_BF16;DT_BF16,ND;ND,"""126,896""",DT_BF16,ND,N/A
0,4294967295,2130,46,AddRmsNormBias,AddRmsNormBias,dynamic,AI_VECTOR_CORE,1790170486794316.796	,14.220,69.849000,42,0,NO,"""126,896;126,896;896;""",DT_BF16;DT_BF16;DT_BF16;DT_UNDEFINED,ND;ND;ND;NULL,"""126,896;126,1;126,896""",DT_BF16;FLOAT;DT_BF16,ND;ND;ND,N/A
0,4294967295,2131,46,aclnnMatmul_MatMulCommon_MatMulV2,MatMulV2,dynamic,AI_CORE,1790170486794360.217	,22.801,29.280000,22,0,NO,"""126,896;9728,896""",DT_BF16;DT_BF16,ND;ND,"""126,9728""",DT_BF16,ND,N/A
0,4294967295,2132,46,SwiGlu,SwiGlu,dynamic,AI_VECTOR_CORE,1790170486794392.959	,17.100,9.949000,48,0,NO,"""126,9728""",DT_BF16,ND,"""126,4864""",DT_BF16,ND,N/A
0,4294967295,2133,46,aclnnMatmul_MatMulCommon_MatMulV2,MatMulV2,dynamic,AI_CORE,1790170486794428.080	,22.161,17.900000,24,0,NO,"""126,4864;896,4864""",DT_BF16;DT_BF16,ND;ND,"""126,896""",DT_BF16,ND,N/A
0,4294967295,2134,46,AddRmsNormBias,AddRmsNormBias,dynamic,AI_VECTOR_CORE,1790170486794496.623	,10.560,46.339000,42,0,NO,"""126,896;126,896;896;""",DT_BF16;DT_BF16;DT_BF16;DT_UNDEFINED,ND;ND;ND;NULL,"""126,896;126,1;126,896""",DT_BF16;FLOAT;DT_BF16,ND;ND;ND,N/A
0,4294967295,2135,46,aclnnAddmm_CastAiCore_Cast,Cast,dynamic,AI_VECTOR_CORE,1790170486794539.124	,1.101,31.940000,2,0,NO,"""1152""",DT_BF16,ND,"""1152""",FLOAT,ND,N/A
0,4294967295,2136,46,aclnnAddmm_MatMulCommon_MatMulV2,MatMulV2,dynamic,AI_CORE,1790170486794542.325	,9.160,2.149000,24,0,NO,"""126,896;1152,896;1152""",DT_BF16;DT_BF16;FLOAT,ND;ND;ND,"""126,1152""",DT_BF16,ND,N/A
0,4294967295,2137,46,aclnnInplaceCopy_SliceAiCore_Slice,Slice,dynamic,AI_VECTOR_CORE,1790170486794605.067	,2.540,53.590000,12,0,NO,"""126,18,64;3;3""",DT_BF16;INT64;INT64,NCL;ND;ND,"""126,14,64""",DT_BF16,NCL,N/A
0,4294967295,2138,46,aclnnInplaceCopy_SliceAiCore_Slice,Slice,dynamic,AI_VECTOR_CORE,1790170486794608.367	,2.400,0.710000,12,0,NO,"""126,18,64;3;3""",DT_BF16;INT64;INT64,NCL;ND;ND,"""126,2,64""",DT_BF16,NCL,N/A
0,4294967295,2139,46,_triton_rope,_triton_rope,static,AI_VECTOR_CORE,1790170486794798.075	,11.620,187.350000,48,0,YES,"""126,14,64;126,2,64;32768,64""",DT_BF16;32620;DT_BF16,ND;ND;ND,"""126,14,64;126,2,64""",DT_BF16;32620,ND;ND,N/A
0,4294967295,2140,46,aclnnInplaceCopy_SliceAiCore_Slice,Slice,dynamic,AI_VECTOR_CORE,1790170486795161.109	,2.420,351.380000,12,0,NO,"""126,18,64;3;3""",DT_BF16;INT64;INT64,NCL;ND;ND,"""126,2,64""",DT_BF16,NCL,N/A
0,4294967295,2141,46,ReshapeAndCacheNdKernel,ReshapeAndCacheNdKernel,dynamic,AI_VECTOR_CORE,1790170486795172.170	,10.480,8.830000,48,0,NO,"""126,2,64;126,2,64;2,128,2,64;2,128,2,64;126""",DT_BF16;DT_BF16;DT_BF16;DT_BF16;INT32,ND;ND;ND;ND;ND,"""2,128,2,64;2,128,2,64""",DT_BF16;DT_BF16,ND;ND,N/A
0,4294967295,2142,46,aclnnContiguous_SliceAiCore_Slice,Slice,dynamic,AI_VECTOR_CORE,1790170486795533.304	,2.420,350.520000,12,0,NO,"""126,18,64;3;3""",DT_BF16;INT64;INT64,NCL;ND;ND,"""126,2,64""",DT_BF16,NCL,N/A
0,4294967295,2143,46,FusedInferAttentionScore,FusedInferAttentionScore,dynamic,MIX_AIC,1790170486795541.965	,26.121,6.330000,24,48,NO,"""126,14,64;126,2,64;126,2,64;;2048,2048;1;1;;;;;;;;;;;;;;;;;;;;;;;;""",DT_BF16;DT_BF16;DT_BF16;DT_UNDEFINED;INT8;INT64;INT64;DT_UNDEFINED;DT_UNDEFINED;DT_UNDEFINED;DT_UNDEFINED;DT_UNDEFINED;DT_UNDEFINED;DT_UNDEFINED;DT_UNDEFINED;DT_UNDEFINED;DT_UNDEFINED;DT_UNDEFINED;DT_UNDEFINED;DT_UNDEFINED;DT_UNDEFINED;DT_UNDEFINED;DT_UNDEFINED;DT_UNDEFINED;DT_UNDEFINED;DT_UNDEFINED;DT_UNDEFINED;DT_UNDEFINED;DT_UNDEFINED;DT_UNDEFINED;DT_UNDEFINED,ND;ND;ND;NULL;ND;ND;ND;NULL;NULL;NULL;NULL;NULL;NULL;NULL;NULL;NULL;NULL;NULL;NULL;NULL;NULL;NULL;NULL;NULL;NULL;NULL;NULL;NULL;NULL;NULL;NULL,"""126,14,64;""",DT_BF16;FLOAT,ND;ND,0
0,4294967295,2145,46,aclnnMatmul_MatMulCommon_MatMulV2,MatMulV2,dynamic,AI_CORE,1790170486795808.715	,8.281,240.629000,24,0,NO,"""126,896;896,896""",DT_BF16;DT_BF16,ND;ND,"""126,896""",DT_BF16,ND,N/A
0,4294967295,2146,46,AddRmsNormBias,AddRmsNormBias,dynamic,AI_VECTOR_CORE,1790170486795875.378	,14.260,58.469000,42,0,NO,"""126,896;126,896;896;""",DT_BF16;DT_BF16;DT_BF16;DT_UNDEFINED,ND;ND;ND;NULL,"""126,896;126,1;126,896""",DT_BF16;FLOAT;DT_BF16,ND;ND;ND,N/A
0,4294967295,2147,46,aclnnMatmul_MatMulCommon_MatMulV2,MatMulV2,dynamic,AI_CORE,1790170486795923.480	,23.321,33.740000,22,0,NO,"""126,896;9728,896""",DT_BF16;DT_BF16,ND;ND,"""126,9728""",DT_BF16,ND,N/A
0,4294967295,2148,46,SwiGlu,SwiGlu,dynamic,AI_VECTOR_CORE,1790170486795961.101	,15.181,14.179000,48,0,NO,"""126,9728""",DT_BF16,ND,"""126,4864""",DT_BF16,ND,N/A
0,4294967295,2149,46,aclnnMatmul_MatMulCommon_MatMulV2,MatMulV2,dynamic,AI_CORE,1790170486795995.043	,22.141,18.819000,24,0,NO,"""126,4864;896,4864""",DT_BF16;DT_BF16,ND;ND,"""126,896""",DT_BF16,ND,N/A
0,4294967295,2150,46,AddRmsNormBias,AddRmsNormBias,dynamic,AI_VECTOR_CORE,1790170486796058.245	,10.221,41.109000,42,0,NO,"""126,896;126,896;896;""",DT_BF16;DT_BF16;DT_BF16;DT_UNDEFINED,ND;ND;ND;NULL,"""126,896;126,1;126,896""",DT_BF16;FLOAT;DT_BF16,ND;ND;ND,N/A
0,4294967295,2151,46,aclnnAddmm_CastAiCore_Cast,Cast,dynamic,AI_VECTOR_CORE,1790170486796106.687	,1.080,38.279000,2,0,NO,"""1152""",DT_BF16,ND,"""1152""",FLOAT,ND,N/A
0,4294967295,2152,46,aclnnAddmm_MatMulCommon_MatMulV2,MatMulV2,dynamic,AI_CORE,1790170486796109.887	,9.261,2.170000,24,0,NO,"""126,896;1152,896;1152""",DT_BF16;DT_BF16;FLOAT,ND;ND;ND,"""126,1152""",DT_BF16,ND,N/A
0,4294967295,2153,46,aclnnInplaceCopy_SliceAiCore_Slice,Slice,dynamic,AI_VECTOR_CORE,1790170486796174.010	,2.520,54.739000,12,0,NO,"""126,18,64;3;3""",DT_BF16;INT64;INT64,NCL;ND;ND,"""126,14,64""",DT_BF16,NCL,N/A
0,4294967295,2154,46,aclnnInplaceCopy_SliceAiCore_Slice,Slice,dynamic,AI_VECTOR_CORE,1790170486796177.150	,2.440,0.730000,12,0,NO,"""126,18,64;3;3""",DT_BF16;INT64;INT64,NCL;ND;ND,"""126,2,64""",DT_BF16,NCL,N/A
0,4294967295,2155,46,_triton_rope,_triton_rope,static,AI_VECTOR_CORE,1790170486796357.517	,12.301,177.810000,48,0,YES,"""126,14,64;126,2,64;32768,64""",DT_BF16;32620;DT_BF16,ND;ND;ND,"""126,14,64;126,2,64""",DT_BF16;32620,ND;ND,N/A
0,4294967295,2156,46,aclnnInplaceCopy_SliceAiCore_Slice,Slice,dynamic,AI_VECTOR_CORE,1790170486796724.272	,2.520,354.449000,12,0,NO,"""126,18,64;3;3""",DT_BF16;INT64;INT64,NCL;ND;ND,"""126,2,64""",DT_BF16,NCL,N/A
0,4294967295,2157,46,ReshapeAndCacheNdKernel,ReshapeAndCacheNdKernel,dynamic,AI_VECTOR_CORE,1790170486796737.032	,10.241,10.230000,48,0,NO,"""126,2,64;126,2,64;2,128,2,64;2,128,2,64;126""",DT_BF16;DT_BF16;DT_BF16;DT_BF16;INT32,ND;ND;ND;ND;ND,"""2,128,2,64;2,128,2,64""",DT_BF16;DT_BF16,ND;ND,N/A
0,4294967295,2158,46,aclnnContiguous_SliceAiCore_Slice,Slice,dynamic,AI_VECTOR_CORE,1790170486797091.847	,2.900,344.509000,12,0,NO,"""126,18,64;3;3""",DT_BF16;INT64;INT64,NCL;ND;ND,"""126,2,64""",DT_BF16,NCL,N/A
0,4294967295,2159,46,FusedInferAttentionScore,FusedInferAttentionScore,dynamic,MIX_AIC,1790170486797104.047	,35.781,9.350000,24,48,NO,"""126,14,64;126,2,64;126,2,64;;2048,2048;1;1;;;;;;;;;;;;;;;;;;;;;;;;""",DT_BF16;DT_BF16;DT_BF16;DT_UNDEFINED;INT8;INT64;INT64;DT_UNDEFINED;DT_UNDEFINED;DT_UNDEFINED;DT_UNDEFINED;DT_UNDEFINED;DT_UNDEFINED;DT_UNDEFINED;DT_UNDEFINED;DT_UNDEFINED;DT_UNDEFINED;DT_UNDEFINED;DT_UNDEFINED;DT_UNDEFINED;DT_UNDEFINED;DT_UNDEFINED;DT_UNDEFINED;DT_UNDEFINED;DT_UNDEFINED;DT_UNDEFINED;DT_UNDEFINED;DT_UNDEFINED;DT_UNDEFINED;DT_UNDEFINED;DT_UNDEFINED,ND;ND;ND;NULL;ND;ND;ND;NULL;NULL;NULL;NULL;NULL;NULL;NULL;NULL;NULL;NULL;NULL;NULL;NULL;NULL;NULL;NULL;NULL;NULL;NULL;NULL;NULL;NULL;NULL;NULL,"""126,14,64;""",DT_BF16;FLOAT,ND;ND,0
0,4294967295,2161,46,aclnnMatmul_MatMulCommon_MatMulV2,MatMulV2,dynamic,AI_CORE,1790170486797395.319	,7.760,255.469000,24,0,NO,"""126,896;896,896""",DT_BF16;DT_BF16,ND;ND,"""126,896""",DT_BF16,ND,N/A
0,4294967295,2162,46,AddRmsNormBias,AddRmsNormBias,dynamic,AI_VECTOR_CORE,1790170486797477.242	,14.801,74.240000,42,0,NO,"""126,896;126,896;896;""",DT_BF16;DT_BF16;DT_BF16;DT_UNDEFINED,ND;ND;ND;NULL,"""126,896;126,1;126,896""",DT_BF16;FLOAT;DT_BF16,ND;ND;ND,N/A
0,4294967295,2163,46,aclnnMatmul_MatMulCommon_MatMulV2,MatMulV2,dynamic,AI_CORE,1790170486797523.664	,23.081,31.699000,22,0,NO,"""126,896;9728,896""",DT_BF16;DT_BF16,ND;ND,"""126,9728""",DT_BF16,ND,N/A
0,4294967295,2164,46,SwiGlu,SwiGlu,dynamic,AI_VECTOR_CORE,1790170486797553.385	,14.381,6.669000,48,0,NO,"""126,9728""",DT_BF16,ND,"""126,4864""",DT_BF16,ND,N/A
0,4294967295,2165,46,aclnnMatmul_MatMulCommon_MatMulV2,MatMulV2,dynamic,AI_CORE,1790170486797590.466	,22.221,22.619000,24,0,NO,"""126,4864;896,4864""",DT_BF16;DT_BF16,ND;ND,"""126,896""",DT_BF16,ND,N/A
0,4294967295,2166,46,AddRmsNormBias,AddRmsNormBias,dynamic,AI_VECTOR_CORE,1790170486797655.529	,10.200,42.779000,42,0,NO,"""126,896;126,896;896;""",DT_BF16;DT_BF16;DT_BF16;DT_UNDEFINED,ND;ND;ND;NULL,"""126,896;126,1;126,896""",DT_BF16;FLOAT;DT_BF16,ND;ND;ND,N/A
0,4294967295,2167,46,aclnnAddmm_CastAiCore_Cast,Cast,dynamic,AI_VECTOR_CORE,1790170486797699.351	,1.140,33.550000,2,0,NO,"""1152""",DT_BF16,ND,"""1152""",FLOAT,ND,N/A
0,4294967295,2168,46,aclnnAddmm_MatMulCommon_MatMulV2,MatMulV2,dynamic,AI_CORE,1790170486797702.631	,8.900,2.360000,24,0,NO,"""126,896;1152,896;1152""",DT_BF16;DT_BF16;FLOAT,ND;ND;ND,"""126,1152""",DT_BF16,ND,N/A
0,4294967295,2169,46,aclnnInplaceCopy_SliceAiCore_Slice,Slice,dynamic,AI_VECTOR_CORE,1790170486797759.873	,2.460,48.100000,12,0,NO,"""126,18,64;3;3""",DT_BF16;INT64;INT64,NCL;ND;ND,"""126,14,64""",DT_BF16,NCL,N/A
0,4294967295,2170,46,aclnnInplaceCopy_SliceAiCore_Slice,Slice,dynamic,AI_VECTOR_CORE,1790170486797762.493	,2.440,0.290000,12,0,NO,"""126,18,64;3;3""",DT_BF16;INT64;INT64,NCL;ND;ND,"""126,2,64""",DT_BF16,NCL,N/A
0,4294967295,2171,46,_triton_rope,_triton_rope,static,AI_VECTOR_CORE,1790170486797954.381	,12.521,189.560000,48,0,YES,"""126,14,64;126,2,64;32768,64""",DT_BF16;32620;DT_BF16,ND;ND;ND,"""126,14,64;126,2,64""",DT_BF16;32620,ND;ND,N/A
0,4294967295,2172,46,aclnnInplaceCopy_SliceAiCore_Slice,Slice,dynamic,AI_VECTOR_CORE,1790170486798302.775	,2.460,335.729000,12,0,NO,"""126,18,64;3;3""",DT_BF16;INT64;INT64,NCL;ND;ND,"""126,2,64""",DT_BF16,NCL,N/A
0,4294967295,2173,46,ReshapeAndCacheNdKernel,ReshapeAndCacheNdKernel,dynamic,AI_VECTOR_CORE,1790170486798317.676	,10.500,12.540000,48,0,NO,"""126,2,64;126,2,64;2,128,2,64;2,128,2,64;126""",DT_BF16;DT_BF16;DT_BF16;DT_BF16;INT32,ND;ND;ND;ND;ND,"""2,128,2,64;2,128,2,64""",DT_BF16;DT_BF16,ND;ND,N/A
0,4294967295,2174,46,aclnnContiguous_SliceAiCore_Slice,Slice,dynamic,AI_VECTOR_CORE,1790170486798691.470	,2.421,363.250000,12,0,NO,"""126,18,64;3;3""",DT_BF16;INT64;INT64,NCL;ND;ND,"""126,2,64""",DT_BF16,NCL,N/A
0,4294967295,2175,46,FusedInferAttentionScore,FusedInferAttentionScore,dynamic,MIX_AIC,1790170486798707.191	,31.961,13.329000,24,48,NO,"""126,14,64;126,2,64;126,2,64;;2048,2048;1;1;;;;;;;;;;;;;;;;;;;;;;;;""",DT_BF16;DT_BF16;DT_BF16;DT_UNDEFINED;INT8;INT64;INT64;DT_UNDEFINED;DT_UNDEFINED;DT_UNDEFINED;DT_UNDEFINED;DT_UNDEFINED;DT_UNDEFINED;DT_UNDEFINED;DT_UNDEFINED;DT_UNDEFINED;DT_UNDEFINED;DT_UNDEFINED;DT_UNDEFINED;DT_UNDEFINED;DT_UNDEFINED;DT_UNDEFINED;DT_UNDEFINED;DT_UNDEFINED;DT_UNDEFINED;DT_UNDEFINED;DT_UNDEFINED;DT_UNDEFINED;DT_UNDEFINED;DT_UNDEFINED;DT_UNDEFINED,ND;ND;ND;NULL;ND;ND;ND;NULL;NULL;NULL;NULL;NULL;NULL;NULL;NULL;NULL;NULL;NULL;NULL;NULL;NULL;NULL;NULL;NULL;NULL;NULL;NULL;NULL;NULL;NULL;NULL,"""126,14,64;""",DT_BF16;FLOAT,ND;ND,0
0,4294967295,2177,46,aclnnMatmul_MatMulCommon_MatMulV2,MatMulV2,dynamic,AI_CORE,1790170486798960.661	,8.221,221.539000,24,0,NO,"""126,896;896,896""",DT_BF16;DT_BF16,ND;ND,"""126,896""",DT_BF16,ND,N/A
0,4294967295,2178,46,AddRmsNormBias,AddRmsNormBias,dynamic,AI_VECTOR_CORE,1790170486799033.424	,14.421,64.529000,42,0,NO,"""126,896;126,896;896;""",DT_BF16;DT_BF16;DT_BF16;DT_UNDEFINED,ND;ND;ND;NULL,"""126,896;126,1;126,896""",DT_BF16;FLOAT;DT_BF16,ND;ND;ND,N/A
0,4294967295,2179,46,aclnnMatmul_MatMulCommon_MatMulV2,MatMulV2,dynamic,AI_CORE,1790170486799079.286	,22.901,31.329000,22,0,NO,"""126,896;9728,896""",DT_BF16;DT_BF16,ND;ND,"""126,9728""",DT_BF16,ND,N/A
0,4294967295,2180,46,SwiGlu,SwiGlu,dynamic,AI_VECTOR_CORE,1790170486799115.487	,14.681,13.349000,48,0,NO,"""126,9728""",DT_BF16,ND,"""126,4864""",DT_BF16,ND,N/A
0,4294967295,2181,46,aclnnMatmul_MatMulCommon_MatMulV2,MatMulV2,dynamic,AI_CORE,1790170486799148.149	,21.881,18.069000,24,0,NO,"""126,4864;896,4864""",DT_BF16;DT_BF16,ND;ND,"""126,896""",DT_BF16,ND,N/A
0,4294967295,2182,46,AddRmsNormBias,AddRmsNormBias,dynamic,AI_VECTOR_CORE,1790170486799217.352	,10.460,47.119000,42,0,NO,"""126,896;126,896;896;""",DT_BF16;DT_BF16;DT_BF16;DT_UNDEFINED,ND;ND;ND;NULL,"""126,896;126,1;126,896""",DT_BF16;FLOAT;DT_BF16,ND;ND;ND,N/A
0,4294967295,2183,46,aclnnAddmm_CastAiCore_Cast,Cast,dynamic,AI_VECTOR_CORE,1790170486799249.213	,1.260,21.540000,2,0,NO,"""1152""",DT_BF16,ND,"""1152""",FLOAT,ND,N/A
0,4294967295,2184,46,aclnnAddmm_MatMulCommon_MatMulV2,MatMulV2,dynamic,AI_CORE,1790170486799251.753	,9.060,1.240000,24,0,NO,"""126,896;1152,896;1152""",DT_BF16;DT_BF16;FLOAT,ND;ND;ND,"""126,1152""",DT_BF16,ND,N/A
0,4294967295,2185,46,aclnnInplaceCopy_SliceAiCore_Slice,Slice,dynamic,AI_VECTOR_CORE,1790170486799326.436	,2.560,65.690000,12,0,NO,"""126,18,64;3;3""",DT_BF16;INT64;INT64,NCL;ND;ND,"""126,14,64""",DT_BF16,NCL,N/A
0,4294967295,2186,46,aclnnInplaceCopy_SliceAiCore_Slice,Slice,dynamic,AI_VECTOR_CORE,1790170486799330.136	,2.400,1.190000,12,0,NO,"""126,18,64;3;3""",DT_BF16;INT64;INT64,NCL;ND;ND,"""126,2,64""",DT_BF16,NCL,N/A
0,4294967295,2187,46,_triton_rope,_triton_rope,static,AI_VECTOR_CORE,1790170486799520.084	,14.140,187.350000,48,0,YES,"""126,14,64;126,2,64;32768,64""",DT_BF16;32620;DT_BF16,ND;ND;ND,"""126,14,64;126,2,64""",DT_BF16;32620,ND;ND,N/A
0,4294967295,2188,46,aclnnInplaceCopy_SliceAiCore_Slice,Slice,dynamic,AI_VECTOR_CORE,1790170486799871.018	,2.520,336.860000,12,0,NO,"""126,18,64;3;3""",DT_BF16;INT64;INT64,NCL;ND;ND,"""126,2,64""",DT_BF16,NCL,N/A
0,4294967295,2189,46,ReshapeAndCacheNdKernel,ReshapeAndCacheNdKernel,dynamic,AI_VECTOR_CORE,1790170486799902.359	,10.500,28.730000,48,0,NO,"""126,2,64;126,2,64;2,128,2,64;2,128,2,64;126""",DT_BF16;DT_BF16;DT_BF16;DT_BF16;INT32,ND;ND;ND;ND;ND,"""2,128,2,64;2,128,2,64""",DT_BF16;DT_BF16,ND;ND,N/A
0,4294967295,2190,46,aclnnContiguous_SliceAiCore_Slice,Slice,dynamic,AI_VECTOR_CORE,1790170486800246.333	,2.520,333.500000,12,0,NO,"""126,18,64;3;3""",DT_BF16;INT64;INT64,NCL;ND;ND,"""126,2,64""",DT_BF16,NCL,N/A
0,4294967295,2191,46,FusedInferAttentionScore,FusedInferAttentionScore,dynamic,MIX_AIC,1790170486800275.354	,26.261,26.480000,24,48,NO,"""126,14,64;126,2,64;126,2,64;;2048,2048;1;1;;;;;;;;;;;;;;;;;;;;;;;;""",DT_BF16;DT_BF16;DT_BF16;DT_UNDEFINED;INT8;INT64;INT64;DT_UNDEFINED;DT_UNDEFINED;DT_UNDEFINED;DT_UNDEFINED;DT_UNDEFINED;DT_UNDEFINED;DT_UNDEFINED;DT_UNDEFINED;DT_UNDEFINED;DT_UNDEFINED;DT_UNDEFINED;DT_UNDEFINED;DT_UNDEFINED;DT_UNDEFINED;DT_UNDEFINED;DT_UNDEFINED;DT_UNDEFINED;DT_UNDEFINED;DT_UNDEFINED;DT_UNDEFINED;DT_UNDEFINED;DT_UNDEFINED;DT_UNDEFINED;DT_UNDEFINED,ND;ND;ND;NULL;ND;ND;ND;NULL;NULL;NULL;NULL;NULL;NULL;NULL;NULL;NULL;NULL;NULL;NULL;NULL;NULL;NULL;NULL;NULL;NULL;NULL;NULL;NULL;NULL;NULL;NULL,"""126,14,64;""",DT_BF16;FLOAT,ND;ND,0
0,4294967295,2193,46,aclnnMatmul_MatMulCommon_MatMulV2,MatMulV2,dynamic,AI_CORE,1790170486800526.264	,8.300,224.739000,24,0,NO,"""126,896;896,896""",DT_BF16;DT_BF16,ND;ND,"""126,896""",DT_BF16,ND,N/A
0,4294967295,2194,46,AddRmsNormBias,AddRmsNormBias,dynamic,AI_VECTOR_CORE,1790170486800607.087	,13.641,72.450000,42,0,NO,"""126,896;126,896;896;""",DT_BF16;DT_BF16;DT_BF16;DT_UNDEFINED,ND;ND;ND;NULL,"""126,896;126,1;126,896""",DT_BF16;FLOAT;DT_BF16,ND;ND;ND,N/A
0,4294967295,2195,46,aclnnMatmul_MatMulCommon_MatMulV2,MatMulV2,dynamic,AI_CORE,1790170486800647.889	,22.901,27.359000,22,0,NO,"""126,896;9728,896""",DT_BF16;DT_BF16,ND;ND,"""126,9728""",DT_BF16,ND,N/A
0,4294967295,2196,46,SwiGlu,SwiGlu,dynamic,AI_VECTOR_CORE,1790170486800683.930	,15.081,13.099000,48,0,NO,"""126,9728""",DT_BF16,ND,"""126,4864""",DT_BF16,ND,N/A
0,4294967295,2197,46,aclnnMatmul_MatMulCommon_MatMulV2,MatMulV2,dynamic,AI_CORE,1790170486800719.152	,22.200,20.169000,24,0,NO,"""126,4864;896,4864""",DT_BF16;DT_BF16,ND;ND,"""126,896""",DT_BF16,ND,N/A
0,4294967295,2198,46,AddRmsNormBias,AddRmsNormBias,dynamic,AI_VECTOR_CORE,1790170486800784.234	,10.261,42.800000,42,0,NO,"""126,896;126,896;896;""",DT_BF16;DT_BF16;DT_BF16;DT_UNDEFINED,ND;ND;ND;NULL,"""126,896;126,1;126,896""",DT_BF16;FLOAT;DT_BF16,ND;ND;ND,N/A
0,4294967295,2199,46,aclnnAddmm_CastAiCore_Cast,Cast,dynamic,AI_VECTOR_CORE,1790170486800827.536	,1.040,32.989000,2,0,NO,"""1152""",DT_BF16,ND,"""1152""",FLOAT,ND,N/A
0,4294967295,2200,46,aclnnAddmm_MatMulCommon_MatMulV2,MatMulV2,dynamic,AI_CORE,1790170486800830.876	,9.740,2.460000,24,0,NO,"""126,896;1152,896;1152""",DT_BF16;DT_BF16;FLOAT,ND;ND;ND,"""126,1152""",DT_BF16,ND,N/A
0,4294967295,2201,46,aclnnInplaceCopy_SliceAiCore_Slice,Slice,dynamic,AI_VECTOR_CORE,1790170486800892.118	,3.041,51.260000,12,0,NO,"""126,18,64;3;3""",DT_BF16;INT64;INT64,NCL;ND;ND,"""126,14,64""",DT_BF16,NCL,N/A
0,4294967295,2202,46,aclnnInplaceCopy_SliceAiCore_Slice,Slice,dynamic,AI_VECTOR_CORE,1790170486800895.199	,2.420,0.209000,12,0,NO,"""126,18,64;3;3""",DT_BF16;INT64;INT64,NCL;ND;ND,"""126,2,64""",DT_BF16,NCL,N/A
0,4294967295,2203,46,_triton_rope,_triton_rope,static,AI_VECTOR_CORE,1790170486801088.346	,12.901,190.580000,48,0,YES,"""126,14,64;126,2,64;32768,64""",DT_BF16;32620;DT_BF16,ND;ND;ND,"""126,14,64;126,2,64""",DT_BF16;32620,ND;ND,N/A
0,4294967295,2204,46,aclnnInplaceCopy_SliceAiCore_Slice,Slice,dynamic,AI_VECTOR_CORE,1790170486801446.041	,2.680,344.849000,12,0,NO,"""126,18,64;3;3""",DT_BF16;INT64;INT64,NCL;ND;ND,"""126,2,64""",DT_BF16,NCL,N/A
0,4294967295,2205,46,ReshapeAndCacheNdKernel,ReshapeAndCacheNdKernel,dynamic,AI_VECTOR_CORE,1790170486801453.681	,10.340,5.070000,48,0,NO,"""126,2,64;126,2,64;2,128,2,64;2,128,2,64;126""",DT_BF16;DT_BF16;DT_BF16;DT_BF16;INT32,ND;ND;ND;ND;ND,"""2,128,2,64;2,128,2,64""",DT_BF16;DT_BF16,ND;ND,N/A
0,4294967295,2206,46,aclnnContiguous_SliceAiCore_Slice,Slice,dynamic,AI_VECTOR_CORE,1790170486801819.076	,2.480,354.910000,12,0,NO,"""126,18,64;3;3""",DT_BF16;INT64;INT64,NCL;ND;ND,"""126,2,64""",DT_BF16,NCL,N/A
0,4294967295,2207,46,FusedInferAttentionScore,FusedInferAttentionScore,dynamic,MIX_AIC,1790170486801831.716	,27.801,10.270000,24,48,NO,"""126,14,64;126,2,64;126,2,64;;2048,2048;1;1;;;;;;;;;;;;;;;;;;;;;;;;""",DT_BF16;DT_BF16;DT_BF16;DT_UNDEFINED;INT8;INT64;INT64;DT_UNDEFINED;DT_UNDEFINED;DT_UNDEFINED;DT_UNDEFINED;DT_UNDEFINED;DT_UNDEFINED;DT_UNDEFINED;DT_UNDEFINED;DT_UNDEFINED;DT_UNDEFINED;DT_UNDEFINED;DT_UNDEFINED;DT_UNDEFINED;DT_UNDEFINED;DT_UNDEFINED;DT_UNDEFINED;DT_UNDEFINED;DT_UNDEFINED;DT_UNDEFINED;DT_UNDEFINED;DT_UNDEFINED;DT_UNDEFINED;DT_UNDEFINED;DT_UNDEFINED,ND;ND;ND;NULL;ND;ND;ND;NULL;NULL;NULL;NULL;NULL;NULL;NULL;NULL;NULL;NULL;NULL;NULL;NULL;NULL;NULL;NULL;NULL;NULL;NULL;NULL;NULL;NULL;NULL;NULL,"""126,14,64;""",DT_BF16;FLOAT,ND;ND,0
0,4294967295,2209,46,aclnnMatmul_MatMulCommon_MatMulV2,MatMulV2,dynamic,AI_CORE,1790170486802094.227	,7.980,234.699000,24,0,NO,"""126,896;896,896""",DT_BF16;DT_BF16,ND;ND,"""126,896""",DT_BF16,ND,N/A
0,4294967295,2210,46,AddRmsNormBias,AddRmsNormBias,dynamic,AI_VECTOR_CORE,1790170486802171.730	,14.260,69.520000,42,0,NO,"""126,896;126,896;896;""",DT_BF16;DT_BF16;DT_BF16;DT_UNDEFINED,ND;ND;ND;NULL,"""126,896;126,1;126,896""",DT_BF16;FLOAT;DT_BF16,ND;ND;ND,N/A
0,4294967295,2211,46,aclnnMatmul_MatMulCommon_MatMulV2,MatMulV2,dynamic,AI_CORE,1790170486802218.051	,22.821,31.990000,22,0,NO,"""126,896;9728,896""",DT_BF16;DT_BF16,ND;ND,"""126,9728""",DT_BF16,ND,N/A
0,4294967295,2212,46,SwiGlu,SwiGlu,dynamic,AI_VECTOR_CORE,1790170486802252.373	,14.480,11.429000,48,0,NO,"""126,9728""",DT_BF16,ND,"""126,4864""",DT_BF16,ND,N/A
0,4294967295,2213,46,aclnnMatmul_MatMulCommon_MatMulV2,MatMulV2,dynamic,AI_CORE,1790170486802288.694	,22.201,22.020000,24,0,NO,"""126,4864;896,4864""",DT_BF16;DT_BF16,ND;ND,"""126,896""",DT_BF16,ND,N/A
0,4294967295,2214,46,AddRmsNormBias,AddRmsNormBias,dynamic,AI_VECTOR_CORE,1790170486802356.057	,10.780,45.049000,42,0,NO,"""126,896;126,896;896;""",DT_BF16;DT_BF16;DT_BF16;DT_UNDEFINED,ND;ND;ND;NULL,"""126,896;126,1;126,896""",DT_BF16;FLOAT;DT_BF16,ND;ND;ND,N/A
0,4294967295,2215,46,aclnnAddmm_CastAiCore_Cast,Cast,dynamic,AI_VECTOR_CORE,1790170486802399.779	,1.060,32.970000,2,0,NO,"""1152""",DT_BF16,ND,"""1152""",FLOAT,ND,N/A
0,4294967295,2216,46,aclnnAddmm_MatMulCommon_MatMulV2,MatMulV2,dynamic,AI_CORE,1790170486802402.979	,9.120,2.190000,24,0,NO,"""126,896;1152,896;1152""",DT_BF16;DT_BF16;FLOAT,ND;ND;ND,"""126,1152""",DT_BF16,ND,N/A
0,4294967295,2217,46,aclnnInplaceCopy_SliceAiCore_Slice,Slice,dynamic,AI_VECTOR_CORE,1790170486802465.521	,2.580,53.380000,12,0,NO,"""126,18,64;3;3""",DT_BF16;INT64;INT64,NCL;ND;ND,"""126,14,64""",DT_BF16,NCL,N/A
0,4294967295,2218,46,aclnnInplaceCopy_SliceAiCore_Slice,Slice,dynamic,AI_VECTOR_CORE,1790170486802468.241	,2.401,0.170000,12,0,NO,"""126,18,64;3;3""",DT_BF16;INT64;INT64,NCL;ND;ND,"""126,2,64""",DT_BF16,NCL,N/A
0,4294967295,2219,46,_triton_rope,_triton_rope,static,AI_VECTOR_CORE,1790170486802657.069	,12.361,186.349000,48,0,YES,"""126,14,64;126,2,64;32768,64""",DT_BF16;32620;DT_BF16,ND;ND;ND,"""126,14,64;126,2,64""",DT_BF16;32620,ND;ND,N/A
0,4294967295,2220,46,aclnnInplaceCopy_SliceAiCore_Slice,Slice,dynamic,AI_VECTOR_CORE,1790170486803013.643	,2.460,344.389000,12,0,NO,"""126,18,64;3;3""",DT_BF16;INT64;INT64,NCL;ND;ND,"""126,2,64""",DT_BF16,NCL,N/A
0,4294967295,2221,46,ReshapeAndCacheNdKernel,ReshapeAndCacheNdKernel,dynamic,AI_VECTOR_CORE,1790170486803042.304	,10.721,26.040000,48,0,NO,"""126,2,64;126,2,64;2,128,2,64;2,128,2,64;126""",DT_BF16;DT_BF16;DT_BF16;DT_BF16;INT32,ND;ND;ND;ND;ND,"""2,128,2,64;2,128,2,64""",DT_BF16;DT_BF16,ND;ND,N/A
0,4294967295,2222,46,aclnnContiguous_SliceAiCore_Slice,Slice,dynamic,AI_VECTOR_CORE,1790170486803392.918	,2.441,340.029000,12,0,NO,"""126,18,64;3;3""",DT_BF16;INT64;INT64,NCL;ND;ND,"""126,2,64""",DT_BF16,NCL,N/A
0,4294967295,2223,46,FusedInferAttentionScore,FusedInferAttentionScore,dynamic,MIX_AIC,1790170486803407.379	,25.941,12.059000,24,48,NO,"""126,14,64;126,2,64;126,2,64;;2048,2048;1;1;;;;;;;;;;;;;;;;;;;;;;;;""",DT_BF16;DT_BF16;DT_BF16;DT_UNDEFINED;INT8;INT64;INT64;DT_UNDEFINED;DT_UNDEFINED;DT_UNDEFINED;DT_UNDEFINED;DT_UNDEFINED;DT_UNDEFINED;DT_UNDEFINED;DT_UNDEFINED;DT_UNDEFINED;DT_UNDEFINED;DT_UNDEFINED;DT_UNDEFINED;DT_UNDEFINED;DT_UNDEFINED;DT_UNDEFINED;DT_UNDEFINED;DT_UNDEFINED;DT_UNDEFINED;DT_UNDEFINED;DT_UNDEFINED;DT_UNDEFINED;DT_UNDEFINED;DT_UNDEFINED;DT_UNDEFINED,ND;ND;ND;NULL;ND;ND;ND;NULL;NULL;NULL;NULL;NULL;NULL;NULL;NULL;NULL;NULL;NULL;NULL;NULL;NULL;NULL;NULL;NULL;NULL;NULL;NULL;NULL;NULL;NULL;NULL,"""126,14,64;""",DT_BF16;FLOAT,ND;ND,0
0,4294967295,2225,46,aclnnMatmul_MatMulCommon_MatMulV2,MatMulV2,dynamic,AI_CORE,1790170486803659.229	,7.760,225.809000,24,0,NO,"""126,896;896,896""",DT_BF16;DT_BF16,ND;ND,"""126,896""",DT_BF16,ND,N/A
0,4294967295,2226,46,AddRmsNormBias,AddRmsNormBias,dynamic,AI_VECTOR_CORE,1790170486803731.992	,14.441,64.990000,42,0,NO,"""126,896;126,896;896;""",DT_BF16;DT_BF16;DT_BF16;DT_UNDEFINED,ND;ND;ND;NULL,"""126,896;126,1;126,896""",DT_BF16;FLOAT;DT_BF16,ND;ND;ND,N/A
0,4294967295,2227,46,aclnnMatmul_MatMulCommon_MatMulV2,MatMulV2,dynamic,AI_CORE,1790170486803776.714	,23.821,30.309000,22,0,NO,"""126,896;9728,896""",DT_BF16;DT_BF16,ND;ND,"""126,9728""",DT_BF16,ND,N/A
0,4294967295,2228,46,SwiGlu,SwiGlu,dynamic,AI_VECTOR_CORE,1790170486803819.696	,16.660,19.179000,48,0,NO,"""126,9728""",DT_BF16,ND,"""126,4864""",DT_BF16,ND,N/A
0,4294967295,2229,46,aclnnMatmul_MatMulCommon_MatMulV2,MatMulV2,dynamic,AI_CORE,1790170486803857.017	,22.381,20.590000,24,0,NO,"""126,4864;896,4864""",DT_BF16;DT_BF16,ND;ND,"""126,896""",DT_BF16,ND,N/A
0,4294967295,2230,46,AddRmsNormBias,AddRmsNormBias,dynamic,AI_VECTOR_CORE,1790170486803925.400	,10.960,46.119000,42,0,NO,"""126,896;126,896;896;""",DT_BF16;DT_BF16;DT_BF16;DT_UNDEFINED,ND;ND;ND;NULL,"""126,896;126,1;126,896""",DT_BF16;FLOAT;DT_BF16,ND;ND;ND,N/A
0,4294967295,2231,46,aclnnAddmm_CastAiCore_Cast,Cast,dynamic,AI_VECTOR_CORE,1790170486803971.042	,1.120,34.540000,2,0,NO,"""1152""",DT_BF16,ND,"""1152""",FLOAT,ND,N/A
0,4294967295,2232,46,aclnnAddmm_MatMulCommon_MatMulV2,MatMulV2,dynamic,AI_CORE,1790170486803974.222	,9.520,2.130000,24,0,NO,"""126,896;1152,896;1152""",DT_BF16;DT_BF16;FLOAT,ND;ND;ND,"""126,1152""",DT_BF16,ND,N/A
0,4294967295,2233,46,aclnnInplaceCopy_SliceAiCore_Slice,Slice,dynamic,AI_VECTOR_CORE,1790170486804036.064	,2.680,52.230000,12,0,NO,"""126,18,64;3;3""",DT_BF16;INT64;INT64,NCL;ND;ND,"""126,14,64""",DT_BF16,NCL,N/A
0,4294967295,2234,46,aclnnInplaceCopy_SliceAiCore_Slice,Slice,dynamic,AI_VECTOR_CORE,1790170486804040.644	,2.940,2.070000,12,0,NO,"""126,18,64;3;3""",DT_BF16;INT64;INT64,NCL;ND;ND,"""126,2,64""",DT_BF16,NCL,N/A
0,4294967295,2235,46,_triton_rope,_triton_rope,static,AI_VECTOR_CORE,1790170486804229.332	,12.420,185.560000,48,0,YES,"""126,14,64;126,2,64;32768,64""",DT_BF16;32620;DT_BF16,ND;ND;ND,"""126,14,64;126,2,64""",DT_BF16;32620,ND;ND,N/A
0,4294967295,2236,46,aclnnInplaceCopy_SliceAiCore_Slice,Slice,dynamic,AI_VECTOR_CORE,1790170486804585.446	,2.640,343.830000,12,0,NO,"""126,18,64;3;3""",DT_BF16;INT64;INT64,NCL;ND;ND,"""126,2,64""",DT_BF16,NCL,N/A
0,4294967295,2237,46,ReshapeAndCacheNdKernel,ReshapeAndCacheNdKernel,dynamic,AI_VECTOR_CORE,1790170486804610.607	,10.241,22.360000,48,0,NO,"""126,2,64;126,2,64;2,128,2,64;2,128,2,64;126""",DT_BF16;DT_BF16;DT_BF16;DT_BF16;INT32,ND;ND;ND;ND;ND,"""2,128,2,64;2,128,2,64""",DT_BF16;DT_BF16,ND;ND,N/A
0,4294967295,2238,46,aclnnContiguous_SliceAiCore_Slice,Slice,dynamic,AI_VECTOR_CORE,1790170486804972.442	,2.440,351.759000,12,0,NO,"""126,18,64;3;3""",DT_BF16;INT64;INT64,NCL;ND;ND,"""126,2,64""",DT_BF16,NCL,N/A
0,4294967295,2239,46,FusedInferAttentionScore,FusedInferAttentionScore,dynamic,MIX_AIC,1790170486804984.182	,36.742,9.310000,24,48,NO,"""126,14,64;126,2,64;126,2,64;;2048,2048;1;1;;;;;;;;;;;;;;;;;;;;;;;;""",DT_BF16;DT_BF16;DT_BF16;DT_UNDEFINED;INT8;INT64;INT64;DT_UNDEFINED;DT_UNDEFINED;DT_UNDEFINED;DT_UNDEFINED;DT_UNDEFINED;DT_UNDEFINED;DT_UNDEFINED;DT_UNDEFINED;DT_UNDEFINED;DT_UNDEFINED;DT_UNDEFINED;DT_UNDEFINED;DT_UNDEFINED;DT_UNDEFINED;DT_UNDEFINED;DT_UNDEFINED;DT_UNDEFINED;DT_UNDEFINED;DT_UNDEFINED;DT_UNDEFINED;DT_UNDEFINED;DT_UNDEFINED;DT_UNDEFINED;DT_UNDEFINED,ND;ND;ND;NULL;ND;ND;ND;NULL;NULL;NULL;NULL;NULL;NULL;NULL;NULL;NULL;NULL;NULL;NULL;NULL;NULL;NULL;NULL;NULL;NULL;NULL;NULL;NULL;NULL;NULL;NULL,"""126,14,64;""",DT_BF16;FLOAT,ND;ND,0
0,4294967295,2241,46,aclnnMatmul_MatMulCommon_MatMulV2,MatMulV2,dynamic,AI_CORE,1790170486805255.613	,7.780,234.508000,24,0,NO,"""126,896;896,896""",DT_BF16;DT_BF16,ND;ND,"""126,896""",DT_BF16,ND,N/A
0,4294967295,2242,46,AddRmsNormBias,AddRmsNormBias,dynamic,AI_VECTOR_CORE,1790170486805328.476	,15.020,65.220000,42,0,NO,"""126,896;126,896;896;""",DT_BF16;DT_BF16;DT_BF16;DT_UNDEFINED,ND;ND;ND;NULL,"""126,896;126,1;126,896""",DT_BF16;FLOAT;DT_BF16,ND;ND;ND,N/A
0,4294967295,2243,46,aclnnMatmul_MatMulCommon_MatMulV2,MatMulV2,dynamic,AI_CORE,1790170486805373.298	,23.661,29.730000,22,0,NO,"""126,896;9728,896""",DT_BF16;DT_BF16,ND;ND,"""126,9728""",DT_BF16,ND,N/A
0,4294967295,2244,46,SwiGlu,SwiGlu,dynamic,AI_VECTOR_CORE,1790170486805407.719	,18.061,10.839000,48,0,NO,"""126,9728""",DT_BF16,ND,"""126,4864""",DT_BF16,ND,N/A
0,4294967295,2245,46,aclnnMatmul_MatMulCommon_MatMulV2,MatMulV2,dynamic,AI_CORE,1790170486805443.640	,22.281,17.939000,24,0,NO,"""126,4864;896,4864""",DT_BF16;DT_BF16,ND;ND,"""126,896""",DT_BF16,ND,N/A
0,4294967295,2246,46,AddRmsNormBias,AddRmsNormBias,dynamic,AI_VECTOR_CORE,1790170486805509.623	,10.180,43.469000,42,0,NO,"""126,896;126,896;896;""",DT_BF16;DT_BF16;DT_BF16;DT_UNDEFINED,ND;ND;ND;NULL,"""126,896;126,1;126,896""",DT_BF16;FLOAT;DT_BF16,ND;ND;ND,N/A
0,4294967295,2247,46,aclnnAddmm_CastAiCore_Cast,Cast,dynamic,AI_VECTOR_CORE,1790170486805553.325	,1.080,33.570000,2,0,NO,"""1152""",DT_BF16,ND,"""1152""",FLOAT,ND,N/A
0,4294967295,2248,46,aclnnAddmm_MatMulCommon_MatMulV2,MatMulV2,dynamic,AI_CORE,1790170486805556.565	,9.040,2.170000,24,0,NO,"""126,896;1152,896;1152""",DT_BF16;DT_BF16;FLOAT,ND;ND;ND,"""126,1152""",DT_BF16,ND,N/A
0,4294967295,2249,46,aclnnInplaceCopy_SliceAiCore_Slice,Slice,dynamic,AI_VECTOR_CORE,1790170486805619.547	,3.001,53.960000,12,0,NO,"""126,18,64;3;3""",DT_BF16;INT64;INT64,NCL;ND;ND,"""126,14,64""",DT_BF16,NCL,N/A
0,4294967295,2250,46,aclnnInplaceCopy_SliceAiCore_Slice,Slice,dynamic,AI_VECTOR_CORE,1790170486805623.148	,2.540,0.749000,12,0,NO,"""126,18,64;3;3""",DT_BF16;INT64;INT64,NCL;ND;ND,"""126,2,64""",DT_BF16,NCL,N/A
0,4294967295,2251,46,_triton_rope,_triton_rope,static,AI_VECTOR_CORE,1790170486805811.895	,12.801,186.210000,48,0,YES,"""126,14,64;126,2,64;32768,64""",DT_BF16;32620;DT_BF16,ND;ND;ND,"""126,14,64;126,2,64""",DT_BF16;32620,ND;ND,N/A
0,4294967295,2252,46,aclnnInplaceCopy_SliceAiCore_Slice,Slice,dynamic,AI_VECTOR_CORE,1790170486806167.369	,2.580,342.449000,12,0,NO,"""126,18,64;3;3""",DT_BF16;INT64;INT64,NCL;ND;ND,"""126,2,64""",DT_BF16,NCL,N/A
0,4294967295,2253,46,ReshapeAndCacheNdKernel,ReshapeAndCacheNdKernel,dynamic,AI_VECTOR_CORE,1790170486806178.310	,10.780,8.420000,48,0,NO,"""126,2,64;126,2,64;2,128,2,64;2,128,2,64;126""",DT_BF16;DT_BF16;DT_BF16;DT_BF16;INT32,ND;ND;ND;ND;ND,"""2,128,2,64;2,128,2,64""",DT_BF16;DT_BF16,ND;ND,N/A
0,4294967295,2254,46,aclnnContiguous_SliceAiCore_Slice,Slice,dynamic,AI_VECTOR_CORE,1790170486806533.504	,2.380,344.470000,12,0,NO,"""126,18,64;3;3""",DT_BF16;INT64;INT64,NCL;ND;ND,"""126,2,64""",DT_BF16,NCL,N/A
0,4294967295,2255,46,FusedInferAttentionScore,FusedInferAttentionScore,dynamic,MIX_AIC,1790170486806545.965	,26.221,10.120000,24,48,NO,"""126,14,64;126,2,64;126,2,64;;2048,2048;1;1;;;;;;;;;;;;;;;;;;;;;;;;""",DT_BF16;DT_BF16;DT_BF16;DT_UNDEFINED;INT8;INT64;INT64;DT_UNDEFINED;DT_UNDEFINED;DT_UNDEFINED;DT_UNDEFINED;DT_UNDEFINED;DT_UNDEFINED;DT_UNDEFINED;DT_UNDEFINED;DT_UNDEFINED;DT_UNDEFINED;DT_UNDEFINED;DT_UNDEFINED;DT_UNDEFINED;DT_UNDEFINED;DT_UNDEFINED;DT_UNDEFINED;DT_UNDEFINED;DT_UNDEFINED;DT_UNDEFINED;DT_UNDEFINED;DT_UNDEFINED;DT_UNDEFINED;DT_UNDEFINED;DT_UNDEFINED,ND;ND;ND;NULL;ND;ND;ND;NULL;NULL;NULL;NULL;NULL;NULL;NULL;NULL;NULL;NULL;NULL;NULL;NULL;NULL;NULL;NULL;NULL;NULL;NULL;NULL;NULL;NULL;NULL;NULL,"""126,14,64;""",DT_BF16;FLOAT,ND;ND,0
0,4294967295,2257,46,aclnnMatmul_MatMulCommon_MatMulV2,MatMulV2,dynamic,AI_CORE,1790170486806797.115	,8.120,224.779000,24,0,NO,"""126,896;896,896""",DT_BF16;DT_BF16,ND;ND,"""126,896""",DT_BF16,ND,N/A
0,4294967295,2258,46,AddRmsNormBias,AddRmsNormBias,dynamic,AI_VECTOR_CORE,1790170486806869.617	,14.021,64.380000,42,0,NO,"""126,896;126,896;896;""",DT_BF16;DT_BF16;DT_BF16;DT_UNDEFINED,ND;ND;ND;NULL,"""126,896;126,1;126,896""",DT_BF16;FLOAT;DT_BF16,ND;ND;ND,N/A
0,4294967295,2259,46,aclnnMatmul_MatMulCommon_MatMulV2,MatMulV2,dynamic,AI_CORE,1790170486806908.359	,23.021,24.729000,22,0,NO,"""126,896;9728,896""",DT_BF16;DT_BF16,ND;ND,"""126,9728""",DT_BF16,ND,N/A
0,4294967295,2260,46,SwiGlu,SwiGlu,dynamic,AI_VECTOR_CORE,1790170486806948.561	,15.060,17.229000,48,0,NO,"""126,9728""",DT_BF16,ND,"""126,4864""",DT_BF16,ND,N/A
0,4294967295,2261,46,aclnnMatmul_MatMulCommon_MatMulV2,MatMulV2,dynamic,AI_CORE,1790170486806983.702	,22.241,20.190000,24,0,NO,"""126,4864;896,4864""",DT_BF16;DT_BF16,ND;ND,"""126,896""",DT_BF16,ND,N/A
0,4294967295,2262,46,AddRmsNormBias,AddRmsNormBias,dynamic,AI_VECTOR_CORE,1790170486807051.445	,10.640,45.509000,42,0,NO,"""126,896;126,896;896;""",DT_BF16;DT_BF16;DT_BF16;DT_UNDEFINED,ND;ND;ND;NULL,"""126,896;126,1;126,896""",DT_BF16;FLOAT;DT_BF16,ND;ND;ND,N/A
0,4294967295,2263,46,aclnnAddmm_CastAiCore_Cast,Cast,dynamic,AI_VECTOR_CORE,1790170486807098.407	,1.100,36.360000,2,0,NO,"""1152""",DT_BF16,ND,"""1152""",FLOAT,ND,N/A
0,4294967295,2264,46,aclnnAddmm_MatMulCommon_MatMulV2,MatMulV2,dynamic,AI_CORE,1790170486807101.467	,9.600,1.900000,24,0,NO,"""126,896;1152,896;1152""",DT_BF16;DT_BF16;FLOAT,ND;ND;ND,"""126,1152""",DT_BF16,ND,N/A
0,4294967295,2265,46,aclnnInplaceCopy_SliceAiCore_Slice,Slice,dynamic,AI_VECTOR_CORE,1790170486807163.369	,2.460,52.150000,12,0,NO,"""126,18,64;3;3""",DT_BF16;INT64;INT64,NCL;ND;ND,"""126,14,64""",DT_BF16,NCL,N/A
0,4294967295,2266,46,aclnnInplaceCopy_SliceAiCore_Slice,Slice,dynamic,AI_VECTOR_CORE,1790170486807166.349	,2.480,0.540000,12,0,NO,"""126,18,64;3;3""",DT_BF16;INT64;INT64,NCL;ND;ND,"""126,2,64""",DT_BF16,NCL,N/A
0,4294967295,2267,46,_triton_rope,_triton_rope,static,AI_VECTOR_CORE,1790170486807353.017	,12.380,184.270000,48,0,YES,"""126,14,64;126,2,64;32768,64""",DT_BF16;32620;DT_BF16,ND;ND;ND,"""126,14,64;126,2,64""",DT_BF16;32620,ND;ND,N/A
0,4294967295,2268,46,aclnnInplaceCopy_SliceAiCore_Slice,Slice,dynamic,AI_VECTOR_CORE,1790170486807710.351	,2.520,344.870000,12,0,NO,"""126,18,64;3;3""",DT_BF16;INT64;INT64,NCL;ND;ND,"""126,2,64""",DT_BF16,NCL,N/A
0,4294967295,2269,46,ReshapeAndCacheNdKernel,ReshapeAndCacheNdKernel,dynamic,AI_VECTOR_CORE,1790170486807713.771	,10.521,0.980000,48,0,NO,"""126,2,64;126,2,64;2,128,2,64;2,128,2,64;126""",DT_BF16;DT_BF16;DT_BF16;DT_BF16;INT32,ND;ND;ND;ND;ND,"""2,128,2,64;2,128,2,64""",DT_BF16;DT_BF16,ND;ND,N/A
0,4294967295,2270,46,aclnnContiguous_SliceAiCore_Slice,Slice,dynamic,AI_VECTOR_CORE,1790170486808091.226	,2.520,366.979000,12,0,NO,"""126,18,64;3;3""",DT_BF16;INT64;INT64,NCL;ND;ND,"""126,2,64""",DT_BF16,NCL,N/A
0,4294967295,2271,46,FusedInferAttentionScore,FusedInferAttentionScore,dynamic,MIX_AIC,1790170486808095.966	,28.762,2.230000,24,48,NO,"""126,14,64;126,2,64;126,2,64;;2048,2048;1;1;;;;;;;;;;;;;;;;;;;;;;;;""",DT_BF16;DT_BF16;DT_BF16;DT_UNDEFINED;INT8;INT64;INT64;DT_UNDEFINED;DT_UNDEFINED;DT_UNDEFINED;DT_UNDEFINED;DT_UNDEFINED;DT_UNDEFINED;DT_UNDEFINED;DT_UNDEFINED;DT_UNDEFINED;DT_UNDEFINED;DT_UNDEFINED;DT_UNDEFINED;DT_UNDEFINED;DT_UNDEFINED;DT_UNDEFINED;DT_UNDEFINED;DT_UNDEFINED;DT_UNDEFINED;DT_UNDEFINED;DT_UNDEFINED;DT_UNDEFINED;DT_UNDEFINED;DT_UNDEFINED;DT_UNDEFINED,ND;ND;ND;NULL;ND;ND;ND;NULL;NULL;NULL;NULL;NULL;NULL;NULL;NULL;NULL;NULL;NULL;NULL;NULL;NULL;NULL;NULL;NULL;NULL;NULL;NULL;NULL;NULL;NULL;NULL,"""126,14,64;""",DT_BF16;FLOAT,ND;ND,0
0,4294967295,2273,46,aclnnMatmul_MatMulCommon_MatMulV2,MatMulV2,dynamic,AI_CORE,1790170486808343.876	,8.101,219.238000,24,0,NO,"""126,896;896,896""",DT_BF16;DT_BF16,ND;ND,"""126,896""",DT_BF16,ND,N/A
0,4294967295,2274,46,AddRmsNormBias,AddRmsNormBias,dynamic,AI_VECTOR_CORE,1790170486808415.859	,14.321,63.649000,42,0,NO,"""126,896;126,896;896;""",DT_BF16;DT_BF16;DT_BF16;DT_UNDEFINED,ND;ND;ND;NULL,"""126,896;126,1;126,896""",DT_BF16;FLOAT;DT_BF16,ND;ND;ND,N/A
0,4294967295,2275,46,aclnnMatmul_MatMulCommon_MatMulV2,MatMulV2,dynamic,AI_CORE,1790170486808462.581	,23.121,32.429000,22,0,NO,"""126,896;9728,896""",DT_BF16;DT_BF16,ND;ND,"""126,9728""",DT_BF16,ND,N/A
0,4294967295,2276,46,SwiGlu,SwiGlu,dynamic,AI_VECTOR_CORE,1790170486808497.963	,16.440,12.379000,48,0,NO,"""126,9728""",DT_BF16,ND,"""126,4864""",DT_BF16,ND,N/A
0,4294967295,2277,46,aclnnMatmul_MatMulCommon_MatMulV2,MatMulV2,dynamic,AI_CORE,1790170486808530.004	,22.401,15.560000,24,0,NO,"""126,4864;896,4864""",DT_BF16;DT_BF16,ND;ND,"""126,896""",DT_BF16,ND,N/A
0,4294967295,2278,46,AddRmsNormBias,AddRmsNormBias,dynamic,AI_VECTOR_CORE,1790170486808605.007	,10.560,52.599000,42,0,NO,"""126,896;126,896;896;""",DT_BF16;DT_BF16;DT_BF16;DT_UNDEFINED,ND;ND;ND;NULL,"""126,896;126,1;126,896""",DT_BF16;FLOAT;DT_BF16,ND;ND;ND,N/A
0,4294967295,2279,46,aclnnAddmm_CastAiCore_Cast,Cast,dynamic,AI_VECTOR_CORE,1790170486808648.649	,1.120,33.190000,2,0,NO,"""1152""",DT_BF16,ND,"""1152""",FLOAT,ND,N/A
0,4294967295,2280,46,aclnnAddmm_MatMulCommon_MatMulV2,MatMulV2,dynamic,AI_CORE,1790170486808651.689	,9.020,1.880000,24,0,NO,"""126,896;1152,896;1152""",DT_BF16;DT_BF16;FLOAT,ND;ND;ND,"""126,1152""",DT_BF16,ND,N/A
0,4294967295,2281,46,aclnnInplaceCopy_SliceAiCore_Slice,Slice,dynamic,AI_VECTOR_CORE,1790170486808712.731	,2.520,51.980000,12,0,NO,"""126,18,64;3;3""",DT_BF16;INT64;INT64,NCL;ND;ND,"""126,14,64""",DT_BF16,NCL,N/A
0,4294967295,2282,46,aclnnInplaceCopy_SliceAiCore_Slice,Slice,dynamic,AI_VECTOR_CORE,1790170486808715.771	,2.360,0.480000,12,0,NO,"""126,18,64;3;3""",DT_BF16;INT64;INT64,NCL;ND;ND,"""126,2,64""",DT_BF16,NCL,N/A
0,4294967295,2283,46,_triton_rope,_triton_rope,static,AI_VECTOR_CORE,1790170486808905.999	,11.980,187.890000,48,0,YES,"""126,14,64;126,2,64;32768,64""",DT_BF16;32620;DT_BF16,ND;ND;ND,"""126,14,64;126,2,64""",DT_BF16;32620,ND;ND,N/A
0,4294967295,2284,46,aclnnInplaceCopy_SliceAiCore_Slice,Slice,dynamic,AI_VECTOR_CORE,1790170486809280.974	,2.460,363.020000,12,0,NO,"""126,18,64;3;3""",DT_BF16;INT64;INT64,NCL;ND;ND,"""126,2,64""",DT_BF16,NCL,N/A
0,4294967295,2285,46,ReshapeAndCacheNdKernel,ReshapeAndCacheNdKernel,dynamic,AI_VECTOR_CORE,1790170486809294.314	,10.701,10.790000,48,0,NO,"""126,2,64;126,2,64;2,128,2,64;2,128,2,64;126""",DT_BF16;DT_BF16;DT_BF16;DT_BF16;INT32,ND;ND;ND;ND;ND,"""2,128,2,64;2,128,2,64""",DT_BF16;DT_BF16,ND;ND,N/A
0,4294967295,2286,46,aclnnContiguous_SliceAiCore_Slice,Slice,dynamic,AI_VECTOR_CORE,1790170486809657.329	,2.520,352.299000,12,0,NO,"""126,18,64;3;3""",DT_BF16;INT64;INT64,NCL;ND;ND,"""126,2,64""",DT_BF16,NCL,N/A
0,4294967295,2287,46,FusedInferAttentionScore,FusedInferAttentionScore,dynamic,MIX_AIC,1790170486809666.209	,26.221,6.480000,24,48,NO,"""126,14,64;126,2,64;126,2,64;;2048,2048;1;1;;;;;;;;;;;;;;;;;;;;;;;;""",DT_BF16;DT_BF16;DT_BF16;DT_UNDEFINED;INT8;INT64;INT64;DT_UNDEFINED;DT_UNDEFINED;DT_UNDEFINED;DT_UNDEFINED;DT_UNDEFINED;DT_UNDEFINED;DT_UNDEFINED;DT_UNDEFINED;DT_UNDEFINED;DT_UNDEFINED;DT_UNDEFINED;DT_UNDEFINED;DT_UNDEFINED;DT_UNDEFINED;DT_UNDEFINED;DT_UNDEFINED;DT_UNDEFINED;DT_UNDEFINED;DT_UNDEFINED;DT_UNDEFINED;DT_UNDEFINED;DT_UNDEFINED;DT_UNDEFINED;DT_UNDEFINED,ND;ND;ND;NULL;ND;ND;ND;NULL;NULL;NULL;NULL;NULL;NULL;NULL;NULL;NULL;NULL;NULL;NULL;NULL;NULL;NULL;NULL;NULL;NULL;NULL;NULL;NULL;NULL;NULL;NULL,"""126,14,64;""",DT_BF16;FLOAT,ND;ND,0
0,4294967295,2289,46,aclnnMatmul_MatMulCommon_MatMulV2,MatMulV2,dynamic,AI_CORE,1790170486809931.160	,7.920,238.779000,24,0,NO,"""126,896;896,896""",DT_BF16;DT_BF16,ND;ND,"""126,896""",DT_BF16,ND,N/A
0,4294967295,2290,46,AddRmsNormBias,AddRmsNormBias,dynamic,AI_VECTOR_CORE,1790170486810009.663	,13.501,70.580000,42,0,NO,"""126,896;126,896;896;""",DT_BF16;DT_BF16;DT_BF16;DT_UNDEFINED,ND;ND;ND;NULL,"""126,896;126,1;126,896""",DT_BF16;FLOAT;DT_BF16,ND;ND;ND,N/A
0,4294967295,2291,46,aclnnMatmul_MatMulCommon_MatMulV2,MatMulV2,dynamic,AI_CORE,1790170486810050.225	,23.401,26.999000,22,0,NO,"""126,896;9728,896""",DT_BF16;DT_BF16,ND;ND,"""126,9728""",DT_BF16,ND,N/A
0,4294967295,2292,46,SwiGlu,SwiGlu,dynamic,AI_VECTOR_CORE,1790170486810090.186	,15.281,16.599000,48,0,NO,"""126,9728""",DT_BF16,ND,"""126,4864""",DT_BF16,ND,N/A
0,4294967295,2293,46,aclnnMatmul_MatMulCommon_MatMulV2,MatMulV2,dynamic,AI_CORE,1790170486810121.847	,22.221,16.219000,24,0,NO,"""126,4864;896,4864""",DT_BF16;DT_BF16,ND;ND,"""126,896""",DT_BF16,ND,N/A
0,4294967295,2294,46,AddRmsNormBias,AddRmsNormBias,dynamic,AI_VECTOR_CORE,1790170486810191.010	,10.341,47.029000,42,0,NO,"""126,896;126,896;896;""",DT_BF16;DT_BF16;DT_BF16;DT_UNDEFINED,ND;ND;ND;NULL,"""126,896;126,1;126,896""",DT_BF16;FLOAT;DT_BF16,ND;ND;ND,N/A
0,4294967295,2295,46,aclnnAddmm_CastAiCore_Cast,Cast,dynamic,AI_VECTOR_CORE,1790170486810234.012	,1.200,32.659000,2,0,NO,"""1152""",DT_BF16,ND,"""1152""",FLOAT,ND,N/A
0,4294967295,2296,46,aclnnAddmm_MatMulCommon_MatMulV2,MatMulV2,dynamic,AI_CORE,1790170486810237.292	,9.680,2.050000,24,0,NO,"""126,896;1152,896;1152""",DT_BF16;DT_BF16;FLOAT,ND;ND;ND,"""126,1152""",DT_BF16,ND,N/A
0,4294967295,2297,46,aclnnInplaceCopy_SliceAiCore_Slice,Slice,dynamic,AI_VECTOR_CORE,1790170486810299.835	,2.700,52.820000,12,0,NO,"""126,18,64;3;3""",DT_BF16;INT64;INT64,NCL;ND;ND,"""126,14,64""",DT_BF16,NCL,N/A
0,4294967295,2298,46,aclnnInplaceCopy_SliceAiCore_Slice,Slice,dynamic,AI_VECTOR_CORE,1790170486810303.115	,2.340,0.550000,12,0,NO,"""126,18,64;3;3""",DT_BF16;INT64;INT64,NCL;ND;ND,"""126,2,64""",DT_BF16,NCL,N/A
0,4294967295,2299,46,_triton_rope,_triton_rope,static,AI_VECTOR_CORE,1790170486810485.522	,12.301,180.160000,48,0,YES,"""126,14,64;126,2,64;32768,64""",DT_BF16;32620;DT_BF16,ND;ND;ND,"""126,14,64;126,2,64""",DT_BF16;32620,ND;ND,N/A
0,4294967295,2300,46,aclnnInplaceCopy_SliceAiCore_Slice,Slice,dynamic,AI_VECTOR_CORE,1790170486810833.436	,2.480,335.699000,12,0,NO,"""126,18,64;3;3""",DT_BF16;INT64;INT64,NCL;ND;ND,"""126,2,64""",DT_BF16,NCL,N/A
0,4294967295,2301,46,ReshapeAndCacheNdKernel,ReshapeAndCacheNdKernel,dynamic,AI_VECTOR_CORE,1790170486810836.716	,10.100,0.770000,48,0,NO,"""126,2,64;126,2,64;2,128,2,64;2,128,2,64;126""",DT_BF16;DT_BF16;DT_BF16;DT_BF16;INT32,ND;ND;ND;ND;ND,"""2,128,2,64;2,128,2,64""",DT_BF16;DT_BF16,ND;ND,N/A
0,4294967295,2302,46,aclnnContiguous_SliceAiCore_Slice,Slice,dynamic,AI_VECTOR_CORE,1790170486811205.511	,2.560,358.650000,12,0,NO,"""126,18,64;3;3""",DT_BF16;INT64;INT64,NCL;ND;ND,"""126,2,64""",DT_BF16,NCL,N/A
0,4294967295,2303,46,FusedInferAttentionScore,FusedInferAttentionScore,dynamic,MIX_AIC,1790170486811218.311	,32.442,10.190000,24,48,NO,"""126,14,64;126,2,64;126,2,64;;2048,2048;1;1;;;;;;;;;;;;;;;;;;;;;;;;""",DT_BF16;DT_BF16;DT_BF16;DT_UNDEFINED;INT8;INT64;INT64;DT_UNDEFINED;DT_UNDEFINED;DT_UNDEFINED;DT_UNDEFINED;DT_UNDEFINED;DT_UNDEFINED;DT_UNDEFINED;DT_UNDEFINED;DT_UNDEFINED;DT_UNDEFINED;DT_UNDEFINED;DT_UNDEFINED;DT_UNDEFINED;DT_UNDEFINED;DT_UNDEFINED;DT_UNDEFINED;DT_UNDEFINED;DT_UNDEFINED;DT_UNDEFINED;DT_UNDEFINED;DT_UNDEFINED;DT_UNDEFINED;DT_UNDEFINED;DT_UNDEFINED,ND;ND;ND;NULL;ND;ND;ND;NULL;NULL;NULL;NULL;NULL;NULL;NULL;NULL;NULL;NULL;NULL;NULL;NULL;NULL;NULL;NULL;NULL;NULL;NULL;NULL;NULL;NULL;NULL;NULL,"""126,14,64;""",DT_BF16;FLOAT,ND;ND,0
0,4294967295,2305,46,aclnnMatmul_MatMulCommon_MatMulV2,MatMulV2,dynamic,AI_CORE,1790170486811479.142	,8.000,228.558000,24,0,NO,"""126,896;896,896""",DT_BF16;DT_BF16,ND;ND,"""126,896""",DT_BF16,ND,N/A
0,4294967295,2306,46,AddRmsNormBias,AddRmsNormBias,dynamic,AI_VECTOR_CORE,1790170486811550.325	,14.820,63.000000,42,0,NO,"""126,896;126,896;896;""",DT_BF16;DT_BF16;DT_BF16;DT_UNDEFINED,ND;ND;ND;NULL,"""126,896;126,1;126,896""",DT_BF16;FLOAT;DT_BF16,ND;ND;ND,N/A
0,4294967295,2307,46,aclnnMatmul_MatMulCommon_MatMulV2,MatMulV2,dynamic,AI_CORE,1790170486811594.906	,23.041,29.930000,22,0,NO,"""126,896;9728,896""",DT_BF16;DT_BF16,ND;ND,"""126,9728""",DT_BF16,ND,N/A
0,4294967295,2308,46,SwiGlu,SwiGlu,dynamic,AI_VECTOR_CORE,1790170486811631.708	,14.860,13.709000,48,0,NO,"""126,9728""",DT_BF16,ND,"""126,4864""",DT_BF16,ND,N/A
0,4294967295,2309,46,aclnnMatmul_MatMulCommon_MatMulV2,MatMulV2,dynamic,AI_CORE,1790170486811664.489	,22.121,17.890000,24,0,NO,"""126,4864;896,4864""",DT_BF16;DT_BF16,ND;ND,"""126,896""",DT_BF16,ND,N/A
0,4294967295,2310,46,AddRmsNormBias,AddRmsNormBias,dynamic,AI_VECTOR_CORE,1790170486811733.932	,11.040,47.379000,42,0,NO,"""126,896;126,896;896;""",DT_BF16;DT_BF16;DT_BF16;DT_UNDEFINED,ND;ND;ND;NULL,"""126,896;126,1;126,896""",DT_BF16;FLOAT;DT_BF16,ND;ND;ND,N/A
0,4294967295,2311,46,aclnnAddmm_CastAiCore_Cast,Cast,dynamic,AI_VECTOR_CORE,1790170486811778.514	,1.160,33.460000,2,0,NO,"""1152""",DT_BF16,ND,"""1152""",FLOAT,ND,N/A
0,4294967295,2312,46,aclnnAddmm_MatMulCommon_MatMulV2,MatMulV2,dynamic,AI_CORE,1790170486811781.734	,9.820,2.090000,24,0,NO,"""126,896;1152,896;1152""",DT_BF16;DT_BF16;FLOAT,ND;ND;ND,"""126,1152""",DT_BF16,ND,N/A
0,4294967295,2313,46,aclnnInplaceCopy_SliceAiCore_Slice,Slice,dynamic,AI_VECTOR_CORE,1790170486811843.076	,2.600,51.430000,12,0,NO,"""126,18,64;3;3""",DT_BF16;INT64;INT64,NCL;ND;ND,"""126,14,64""",DT_BF16,NCL,N/A
0,4294967295,2314,46,aclnnInplaceCopy_SliceAiCore_Slice,Slice,dynamic,AI_VECTOR_CORE,1790170486811846.256	,2.481,0.650000,12,0,NO,"""126,18,64;3;3""",DT_BF16;INT64;INT64,NCL;ND;ND,"""126,2,64""",DT_BF16,NCL,N/A
0,4294967295,2315,46,_triton_rope,_triton_rope,static,AI_VECTOR_CORE,1790170486812034.344	,12.740,185.519000,48,0,YES,"""126,14,64;126,2,64;32768,64""",DT_BF16;32620;DT_BF16,ND;ND;ND,"""126,14,64;126,2,64""",DT_BF16;32620,ND;ND,N/A
0,4294967295,2316,46,aclnnInplaceCopy_SliceAiCore_Slice,Slice,dynamic,AI_VECTOR_CORE,1790170486812398.879	,2.480,352.010000,12,0,NO,"""126,18,64;3;3""",DT_BF16;INT64;INT64,NCL;ND;ND,"""126,2,64""",DT_BF16,NCL,N/A
0,4294967295,2317,46,ReshapeAndCacheNdKernel,ReshapeAndCacheNdKernel,dynamic,AI_VECTOR_CORE,1790170486812401.559	,15.440,0.020000,48,0,NO,"""126,2,64;126,2,64;2,128,2,64;2,128,2,64;126""",DT_BF16;DT_BF16;DT_BF16;DT_BF16;INT32,ND;ND;ND;ND;ND,"""2,128,2,64;2,128,2,64""",DT_BF16;DT_BF16,ND;ND,N/A
0,4294967295,2318,46,aclnnContiguous_SliceAiCore_Slice,Slice,dynamic,AI_VECTOR_CORE,1790170486812770.753	,2.400,353.810000,12,0,NO,"""126,18,64;3;3""",DT_BF16;INT64;INT64,NCL;ND;ND,"""126,2,64""",DT_BF16,NCL,N/A
0,4294967295,2319,46,FusedInferAttentionScore,FusedInferAttentionScore,dynamic,MIX_AIC,1790170486812783.354	,26.061,10.100000,24,48,NO,"""126,14,64;126,2,64;126,2,64;;2048,2048;1;1;;;;;;;;;;;;;;;;;;;;;;;;""",DT_BF16;DT_BF16;DT_BF16;DT_UNDEFINED;INT8;INT64;INT64;DT_UNDEFINED;DT_UNDEFINED;DT_UNDEFINED;DT_UNDEFINED;DT_UNDEFINED;DT_UNDEFINED;DT_UNDEFINED;DT_UNDEFINED;DT_UNDEFINED;DT_UNDEFINED;DT_UNDEFINED;DT_UNDEFINED;DT_UNDEFINED;DT_UNDEFINED;DT_UNDEFINED;DT_UNDEFINED;DT_UNDEFINED;DT_UNDEFINED;DT_UNDEFINED;DT_UNDEFINED;DT_UNDEFINED;DT_UNDEFINED;DT_UNDEFINED;DT_UNDEFINED,ND;ND;ND;NULL;ND;ND;ND;NULL;NULL;NULL;NULL;NULL;NULL;NULL;NULL;NULL;NULL;NULL;NULL;NULL;NULL;NULL;NULL;NULL;NULL;NULL;NULL;NULL;NULL;NULL;NULL,"""126,14,64;""",DT_BF16;FLOAT,ND;ND,0
0,4294967295,2321,46,aclnnMatmul_MatMulCommon_MatMulV2,MatMulV2,dynamic,AI_CORE,1790170486813035.824	,7.940,226.439000,24,0,NO,"""126,896;896,896""",DT_BF16;DT_BF16,ND;ND,"""126,896""",DT_BF16,ND,N/A
0,4294967295,2322,46,AddRmsNormBias,AddRmsNormBias,dynamic,AI_VECTOR_CORE,1790170486813110.187	,14.281,66.560000,42,0,NO,"""126,896;126,896;896;""",DT_BF16;DT_BF16;DT_BF16;DT_UNDEFINED,ND;ND;ND;NULL,"""126,896;126,1;126,896""",DT_BF16;FLOAT;DT_BF16,ND;ND;ND,N/A
0,4294967295,2323,46,aclnnMatmul_MatMulCommon_MatMulV2,MatMulV2,dynamic,AI_CORE,1790170486813162.749	,22.901,38.219000,22,0,NO,"""126,896;9728,896""",DT_BF16;DT_BF16,ND;ND,"""126,9728""",DT_BF16,ND,N/A
0,4294967295,2324,46,SwiGlu,SwiGlu,dynamic,AI_VECTOR_CORE,1790170486813198.150	,14.961,12.599000,48,0,NO,"""126,9728""",DT_BF16,ND,"""126,4864""",DT_BF16,ND,N/A
0,4294967295,2325,46,aclnnMatmul_MatMulCommon_MatMulV2,MatMulV2,dynamic,AI_CORE,1790170486813229.712	,22.081,16.539000,24,0,NO,"""126,4864;896,4864""",DT_BF16;DT_BF16,ND;ND,"""126,896""",DT_BF16,ND,N/A
0,4294967295,2326,46,AddRmsNormBias,AddRmsNormBias,dynamic,AI_VECTOR_CORE,1790170486813304.835	,10.340,52.919000,42,0,NO,"""126,896;126,896;896;""",DT_BF16;DT_BF16;DT_BF16;DT_UNDEFINED,ND;ND;ND;NULL,"""126,896;126,1;126,896""",DT_BF16;FLOAT;DT_BF16,ND;ND;ND,N/A
0,4294967295,2327,46,aclnnAddmm_CastAiCore_Cast,Cast,dynamic,AI_VECTOR_CORE,1790170486813341.336	,1.060,26.160000,2,0,NO,"""1152""",DT_BF16,ND,"""1152""",FLOAT,ND,N/A
0,4294967295,2328,46,aclnnAddmm_MatMulCommon_MatMulV2,MatMulV2,dynamic,AI_CORE,1790170486813343.876	,9.361,1.690000,24,0,NO,"""126,896;1152,896;1152""",DT_BF16;DT_BF16;FLOAT,ND;ND;ND,"""126,1152""",DT_BF16,ND,N/A
0,4294967295,2329,46,aclnnInplaceCopy_SliceAiCore_Slice,Slice,dynamic,AI_VECTOR_CORE,1790170486813411.999	,2.580,58.639000,12,0,NO,"""126,18,64;3;3""",DT_BF16;INT64;INT64,NCL;ND;ND,"""126,14,64""",DT_BF16,NCL,N/A
0,4294967295,2330,46,aclnnInplaceCopy_SliceAiCore_Slice,Slice,dynamic,AI_VECTOR_CORE,1790170486813415.239	,2.460,0.670000,12,0,NO,"""126,18,64;3;3""",DT_BF16;INT64;INT64,NCL;ND;ND,"""126,2,64""",DT_BF16,NCL,N/A
0,4294967295,2331,46,_triton_rope,_triton_rope,static,AI_VECTOR_CORE,1790170486813604.487	,12.340,186.790000,48,0,YES,"""126,14,64;126,2,64;32768,64""",DT_BF16;32620;DT_BF16,ND;ND;ND,"""126,14,64;126,2,64""",DT_BF16;32620,ND;ND,N/A
0,4294967295,2332,46,aclnnInplaceCopy_SliceAiCore_Slice,Slice,dynamic,AI_VECTOR_CORE,1790170486813975.762	,2.520,358.910000,12,0,NO,"""126,18,64;3;3""",DT_BF16;INT64;INT64,NCL;ND;ND,"""126,2,64""",DT_BF16,NCL,N/A
0,4294967295,2333,46,ReshapeAndCacheNdKernel,ReshapeAndCacheNdKernel,dynamic,AI_VECTOR_CORE,1790170486813983.702	,10.240,5.480000,48,0,NO,"""126,2,64;126,2,64;2,128,2,64;2,128,2,64;126""",DT_BF16;DT_BF16;DT_BF16;DT_BF16;INT32,ND;ND;ND;ND;ND,"""2,128,2,64;2,128,2,64""",DT_BF16;DT_BF16,ND;ND,N/A
0,4294967295,2334,46,aclnnContiguous_SliceAiCore_Slice,Slice,dynamic,AI_VECTOR_CORE,1790170486814351.437	,2.480,357.510000,12,0,NO,"""126,18,64;3;3""",DT_BF16;INT64;INT64,NCL;ND;ND,"""126,2,64""",DT_BF16,NCL,N/A
0,4294967295,2335,46,FusedInferAttentionScore,FusedInferAttentionScore,dynamic,MIX_AIC,1790170486814375.158	,27.421,21.270000,24,48,NO,"""126,14,64;126,2,64;126,2,64;;2048,2048;1;1;;;;;;;;;;;;;;;;;;;;;;;;""",DT_BF16;DT_BF16;DT_BF16;DT_UNDEFINED;INT8;INT64;INT64;DT_UNDEFINED;DT_UNDEFINED;DT_UNDEFINED;DT_UNDEFINED;DT_UNDEFINED;DT_UNDEFINED;DT_UNDEFINED;DT_UNDEFINED;DT_UNDEFINED;DT_UNDEFINED;DT_UNDEFINED;DT_UNDEFINED;DT_UNDEFINED;DT_UNDEFINED;DT_UNDEFINED;DT_UNDEFINED;DT_UNDEFINED;DT_UNDEFINED;DT_UNDEFINED;DT_UNDEFINED;DT_UNDEFINED;DT_UNDEFINED;DT_UNDEFINED;DT_UNDEFINED,ND;ND;ND;NULL;ND;ND;ND;NULL;NULL;NULL;NULL;NULL;NULL;NULL;NULL;NULL;NULL;NULL;NULL;NULL;NULL;NULL;NULL;NULL;NULL;NULL;NULL;NULL;NULL;NULL;NULL,"""126,14,64;""",DT_BF16;FLOAT,ND;ND,0
0,4294967295,2337,46,aclnnMatmul_MatMulCommon_MatMulV2,MatMulV2,dynamic,AI_CORE,1790170486814637.588	,7.860,234.829000,24,0,NO,"""126,896;896,896""",DT_BF16;DT_BF16,ND;ND,"""126,896""",DT_BF16,ND,N/A
0,4294967295,2338,46,AddRmsNormBias,AddRmsNormBias,dynamic,AI_VECTOR_CORE,1790170486814706.091	,16.260,60.640000,42,0,NO,"""126,896;126,896;896;""",DT_BF16;DT_BF16;DT_BF16;DT_UNDEFINED,ND;ND;ND;NULL,"""126,896;126,1;126,896""",DT_BF16;FLOAT;DT_BF16,ND;ND;ND,N/A
0,4294967295,2339,46,aclnnMatmul_MatMulCommon_MatMulV2,MatMulV2,dynamic,AI_CORE,1790170486814757.493	,23.161,35.240000,22,0,NO,"""126,896;9728,896""",DT_BF16;DT_BF16,ND;ND,"""126,9728""",DT_BF16,ND,N/A
0,4294967295,2340,46,SwiGlu,SwiGlu,dynamic,AI_VECTOR_CORE,1790170486814789.814	,18.241,9.089000,48,0,NO,"""126,9728""",DT_BF16,ND,"""126,4864""",DT_BF16,ND,N/A
0,4294967295,2341,46,aclnnMatmul_MatMulCommon_MatMulV2,MatMulV2,dynamic,AI_CORE,1790170486814827.256	,22.560,19.259000,24,0,NO,"""126,4864;896,4864""",DT_BF16;DT_BF16,ND;ND,"""126,896""",DT_BF16,ND,N/A
0,4294967295,2342,46,AddRmsNormBias,AddRmsNormBias,dynamic,AI_VECTOR_CORE,1790170486814894.918	,13.021,45.190000,42,0,NO,"""126,896;126,896;896;""",DT_BF16;DT_BF16;DT_BF16;DT_UNDEFINED,ND;ND;ND;NULL,"""126,896;126,1;126,896""",DT_BF16;FLOAT;DT_BF16,ND;ND;ND,N/A
0,4294967295,2343,46,aclnnAddmm_CastAiCore_Cast,Cast,dynamic,AI_VECTOR_CORE,1790170486814939.040	,1.260,30.979000,2,0,NO,"""1152""",DT_BF16,ND,"""1152""",FLOAT,ND,N/A
0,4294967295,2344,46,aclnnAddmm_MatMulCommon_MatMulV2,MatMulV2,dynamic,AI_CORE,1790170486814942.000	,9.501,1.740000,24,0,NO,"""126,896;1152,896;1152""",DT_BF16;DT_BF16;FLOAT,ND;ND;ND,"""126,1152""",DT_BF16,ND,N/A
0,4294967295,2345,46,aclnnInplaceCopy_SliceAiCore_Slice,Slice,dynamic,AI_VECTOR_CORE,1790170486815003.643	,3.140,52.249000,12,0,NO,"""126,18,64;3;3""",DT_BF16;INT64;INT64,NCL;ND;ND,"""126,14,64""",DT_BF16,NCL,N/A
0,4294967295,2346,46,aclnnInplaceCopy_SliceAiCore_Slice,Slice,dynamic,AI_VECTOR_CORE,1790170486815006.803	,2.440,0.000000,12,0,NO,"""126,18,64;3;3""",DT_BF16;INT64;INT64,NCL;ND;ND,"""126,2,64""",DT_BF16,NCL,N/A
0,4294967295,2347,46,_triton_rope,_triton_rope,static,AI_VECTOR_CORE,1790170486815196.850	,12.501,187.560000,48,0,YES,"""126,14,64;126,2,64;32768,64""",DT_BF16;32620;DT_BF16,ND;ND;ND,"""126,14,64;126,2,64""",DT_BF16;32620,ND;ND,N/A
0,4294967295,2348,46,aclnnInplaceCopy_SliceAiCore_Slice,Slice,dynamic,AI_VECTOR_CORE,1790170486815544.564	,2.840,335.249000,12,0,NO,"""126,18,64;3;3""",DT_BF16;INT64;INT64,NCL;ND;ND,"""126,2,64""",DT_BF16,NCL,N/A
0,4294967295,2349,46,ReshapeAndCacheNdKernel,ReshapeAndCacheNdKernel,dynamic,AI_VECTOR_CORE,1790170486815547.544	,10.401,0.160000,48,0,NO,"""126,2,64;126,2,64;2,128,2,64;2,128,2,64;126""",DT_BF16;DT_BF16;DT_BF16;DT_BF16;INT32,ND;ND;ND;ND;ND,"""2,128,2,64;2,128,2,64""",DT_BF16;DT_BF16,ND;ND,N/A
0,4294967295,2350,46,aclnnContiguous_SliceAiCore_Slice,Slice,dynamic,AI_VECTOR_CORE,1790170486815916.299	,2.660,358.349000,12,0,NO,"""126,18,64;3;3""",DT_BF16;INT64;INT64,NCL;ND;ND,"""126,2,64""",DT_BF16,NCL,N/A
0,4294967295,2351,46,FusedInferAttentionScore,FusedInferAttentionScore,dynamic,MIX_AIC,1790170486815925.139	,27.242,6.340000,24,48,NO,"""126,14,64;126,2,64;126,2,64;;2048,2048;1;1;;;;;;;;;;;;;;;;;;;;;;;;""",DT_BF16;DT_BF16;DT_BF16;DT_UNDEFINED;INT8;INT64;INT64;DT_UNDEFINED;DT_UNDEFINED;DT_UNDEFINED;DT_UNDEFINED;DT_UNDEFINED;DT_UNDEFINED;DT_UNDEFINED;DT_UNDEFINED;DT_UNDEFINED;DT_UNDEFINED;DT_UNDEFINED;DT_UNDEFINED;DT_UNDEFINED;DT_UNDEFINED;DT_UNDEFINED;DT_UNDEFINED;DT_UNDEFINED;DT_UNDEFINED;DT_UNDEFINED;DT_UNDEFINED;DT_UNDEFINED;DT_UNDEFINED;DT_UNDEFINED;DT_UNDEFINED,ND;ND;ND;NULL;ND;ND;ND;NULL;NULL;NULL;NULL;NULL;NULL;NULL;NULL;NULL;NULL;NULL;NULL;NULL;NULL;NULL;NULL;NULL;NULL;NULL;NULL;NULL;NULL;NULL;NULL,"""126,14,64;""",DT_BF16;FLOAT,ND;ND,0
0,4294967295,2353,46,aclnnMatmul_MatMulCommon_MatMulV2,MatMulV2,dynamic,AI_CORE,1790170486816184.550	,7.800,232.008000,24,0,NO,"""126,896;896,896""",DT_BF16;DT_BF16,ND;ND,"""126,896""",DT_BF16,ND,N/A
0,4294967295,2354,46,AddRmsNormBias,AddRmsNormBias,dynamic,AI_VECTOR_CORE,1790170486816255.693	,14.560,63.450000,42,0,NO,"""126,896;126,896;896;""",DT_BF16;DT_BF16;DT_BF16;DT_UNDEFINED,ND;ND;ND;NULL,"""126,896;126,1;126,896""",DT_BF16;FLOAT;DT_BF16,ND;ND;ND,N/A
0,4294967295,2355,46,aclnnMatmul_MatMulCommon_MatMulV2,MatMulV2,dynamic,AI_CORE,1790170486816304.415	,23.441,34.190000,22,0,NO,"""126,896;9728,896""",DT_BF16;DT_BF16,ND;ND,"""126,9728""",DT_BF16,ND,N/A
0,4294967295,2356,46,SwiGlu,SwiGlu,dynamic,AI_VECTOR_CORE,1790170486816340.976	,18.141,13.059000,48,0,NO,"""126,9728""",DT_BF16,ND,"""126,4864""",DT_BF16,ND,N/A
0,4294967295,2357,46,aclnnMatmul_MatMulCommon_MatMulV2,MatMulV2,dynamic,AI_CORE,1790170486816375.057	,21.961,15.859000,24,0,NO,"""126,4864;896,4864""",DT_BF16;DT_BF16,ND;ND,"""126,896""",DT_BF16,ND,N/A
0,4294967295,2358,46,AddRmsNormBias,AddRmsNormBias,dynamic,AI_VECTOR_CORE,1790170486816439.320	,9.920,42.289000,42,0,NO,"""126,896;126,896;896;""",DT_BF16;DT_BF16;DT_BF16;DT_UNDEFINED,ND;ND;ND;NULL,"""126,896;126,1;126,896""",DT_BF16;FLOAT;DT_BF16,ND;ND;ND,N/A
0,4294967295,2359,46,aclnnAddmm_CastAiCore_Cast,Cast,dynamic,AI_VECTOR_CORE,1790170486816484.762	,1.300,35.580000,2,0,NO,"""1152""",DT_BF16,ND,"""1152""",FLOAT,ND,N/A
0,4294967295,2360,46,aclnnAddmm_MatMulCommon_MatMulV2,MatMulV2,dynamic,AI_CORE,1790170486816488.062	,9.040,1.950000,24,0,NO,"""126,896;1152,896;1152""",DT_BF16;DT_BF16;FLOAT,ND;ND;ND,"""126,1152""",DT_BF16,ND,N/A
0,4294967295,2361,46,aclnnInplaceCopy_SliceAiCore_Slice,Slice,dynamic,AI_VECTOR_CORE,1790170486816550.224	,2.481,53.210000,12,0,NO,"""126,18,64;3;3""",DT_BF16;INT64;INT64,NCL;ND;ND,"""126,14,64""",DT_BF16,NCL,N/A
0,4294967295,2362,46,aclnnInplaceCopy_SliceAiCore_Slice,Slice,dynamic,AI_VECTOR_CORE,1790170486816553.445	,2.360,0.769000,12,0,NO,"""126,18,64;3;3""",DT_BF16;INT64;INT64,NCL;ND;ND,"""126,2,64""",DT_BF16,NCL,N/A
0,4294967295,2363,46,_triton_rope,_triton_rope,static,AI_VECTOR_CORE,1790170486816740.012	,12.301,184.140000,48,0,YES,"""126,14,64;126,2,64;32768,64""",DT_BF16;32620;DT_BF16,ND;ND;ND,"""126,14,64;126,2,64""",DT_BF16;32620,ND;ND,N/A
0,4294967295,2364,46,aclnnInplaceCopy_SliceAiCore_Slice,Slice,dynamic,AI_VECTOR_CORE,1790170486817102.267	,2.520,349.949000,12,0,NO,"""126,18,64;3;3""",DT_BF16;INT64;INT64,NCL;ND;ND,"""126,2,64""",DT_BF16,NCL,N/A
0,4294967295,2365,46,ReshapeAndCacheNdKernel,ReshapeAndCacheNdKernel,dynamic,AI_VECTOR_CORE,1790170486817140.228	,10.240,35.480000,48,0,NO,"""126,2,64;126,2,64;2,128,2,64;2,128,2,64;126""",DT_BF16;DT_BF16;DT_BF16;DT_BF16;INT32,ND;ND;ND;ND;ND,"""2,128,2,64;2,128,2,64""",DT_BF16;DT_BF16,ND;ND,N/A
0,4294967295,2366,46,aclnnContiguous_SliceAiCore_Slice,Slice,dynamic,AI_VECTOR_CORE,1790170486817499.922	,2.561,349.510000,12,0,NO,"""126,18,64;3;3""",DT_BF16;INT64;INT64,NCL;ND;ND,"""126,2,64""",DT_BF16,NCL,N/A
0,4294967295,2367,46,FusedInferAttentionScore,FusedInferAttentionScore,dynamic,MIX_AIC,1790170486817527.944	,35.161,25.439000,24,48,NO,"""126,14,64;126,2,64;126,2,64;;2048,2048;1;1;;;;;;;;;;;;;;;;;;;;;;;;""",DT_BF16;DT_BF16;DT_BF16;DT_UNDEFINED;INT8;INT64;INT64;DT_UNDEFINED;DT_UNDEFINED;DT_UNDEFINED;DT_UNDEFINED;DT_UNDEFINED;DT_UNDEFINED;DT_UNDEFINED;DT_UNDEFINED;DT_UNDEFINED;DT_UNDEFINED;DT_UNDEFINED;DT_UNDEFINED;DT_UNDEFINED;DT_UNDEFINED;DT_UNDEFINED;DT_UNDEFINED;DT_UNDEFINED;DT_UNDEFINED;DT_UNDEFINED;DT_UNDEFINED;DT_UNDEFINED;DT_UNDEFINED;DT_UNDEFINED;DT_UNDEFINED,ND;ND;ND;NULL;ND;ND;ND;NULL;NULL;NULL;NULL;NULL;NULL;NULL;NULL;NULL;NULL;NULL;NULL;NULL;NULL;NULL;NULL;NULL;NULL;NULL;NULL;NULL;NULL;NULL;NULL,"""126,14,64;""",DT_BF16;FLOAT,ND;ND,0
0,4294967295,2369,46,aclnnMatmul_MatMulCommon_MatMulV2,MatMulV2,dynamic,AI_CORE,1790170486817778.114	,8.140,214.839000,24,0,NO,"""126,896;896,896""",DT_BF16;DT_BF16,ND;ND,"""126,896""",DT_BF16,ND,N/A
0,4294967295,2370,46,AddRmsNormBias,AddRmsNormBias,dynamic,AI_VECTOR_CORE,1790170486817852.097	,14.300,65.860000,42,0,NO,"""126,896;126,896;896;""",DT_BF16;DT_BF16;DT_BF16;DT_UNDEFINED,ND;ND;ND;NULL,"""126,896;126,1;126,896""",DT_BF16;FLOAT;DT_BF16,ND;ND;ND,N/A
0,4294967295,2371,46,aclnnMatmul_MatMulCommon_MatMulV2,MatMulV2,dynamic,AI_CORE,1790170486817894.938	,23.101,28.700000,22,0,NO,"""126,896;9728,896""",DT_BF16;DT_BF16,ND;ND,"""126,9728""",DT_BF16,ND,N/A
0,4294967295,2372,46,SwiGlu,SwiGlu,dynamic,AI_VECTOR_CORE,1790170486817930.160	,15.000,12.149000,48,0,NO,"""126,9728""",DT_BF16,ND,"""126,4864""",DT_BF16,ND,N/A
0,4294967295,2373,46,aclnnMatmul_MatMulCommon_MatMulV2,MatMulV2,dynamic,AI_CORE,1790170486817959.281	,22.361,14.000000,24,0,NO,"""126,4864;896,4864""",DT_BF16;DT_BF16,ND;ND,"""126,896""",DT_BF16,ND,N/A
0,4294967295,2374,46,AddRmsNormBias,AddRmsNormBias,dynamic,AI_VECTOR_CORE,1790170486818027.224	,10.780,45.639000,42,0,NO,"""126,896;126,896;896;""",DT_BF16;DT_BF16;DT_BF16;DT_UNDEFINED,ND;ND;ND;NULL,"""126,896;126,1;126,896""",DT_BF16;FLOAT;DT_BF16,ND;ND;ND,N/A
0,4294967295,2375,46,aclnnAddmm_CastAiCore_Cast,Cast,dynamic,AI_VECTOR_CORE,1790170486818072.025	,1.080,33.970000,2,0,NO,"""1152""",DT_BF16,ND,"""1152""",FLOAT,ND,N/A
0,4294967295,2376,46,aclnnAddmm_MatMulCommon_MatMulV2,MatMulV2,dynamic,AI_CORE,1790170486818075.285	,9.241,2.170000,24,0,NO,"""126,896;1152,896;1152""",DT_BF16;DT_BF16;FLOAT,ND;ND;ND,"""126,1152""",DT_BF16,ND,N/A
0,4294967295,2377,46,aclnnInplaceCopy_SliceAiCore_Slice,Slice,dynamic,AI_VECTOR_CORE,1790170486818137.428	,2.660,53.009000,12,0,NO,"""126,18,64;3;3""",DT_BF16;INT64;INT64,NCL;ND;ND,"""126,14,64""",DT_BF16,NCL,N/A
0,4294967295,2378,46,aclnnInplaceCopy_SliceAiCore_Slice,Slice,dynamic,AI_VECTOR_CORE,1790170486818140.728	,2.460,0.590000,12,0,NO,"""126,18,64;3;3""",DT_BF16;INT64;INT64,NCL;ND;ND,"""126,2,64""",DT_BF16,NCL,N/A
0,4294967295,2379,46,_triton_rope,_triton_rope,static,AI_VECTOR_CORE,1790170486818325.535	,12.521,182.290000,48,0,YES,"""126,14,64;126,2,64;32768,64""",DT_BF16;32620;DT_BF16,ND;ND;ND,"""126,14,64;126,2,64""",DT_BF16;32620,ND;ND,N/A
0,4294967295,2380,46,aclnnInplaceCopy_SliceAiCore_Slice,Slice,dynamic,AI_VECTOR_CORE,1790170486818690.150	,2.620,352.229000,12,0,NO,"""126,18,64;3;3""",DT_BF16;INT64;INT64,NCL;ND;ND,"""126,2,64""",DT_BF16,NCL,N/A
0,4294967295,2381,46,ReshapeAndCacheNdKernel,ReshapeAndCacheNdKernel,dynamic,AI_VECTOR_CORE,1790170486818708.891	,10.700,16.130000,48,0,NO,"""126,2,64;126,2,64;2,128,2,64;2,128,2,64;126""",DT_BF16;DT_BF16;DT_BF16;DT_BF16;INT32,ND;ND;ND;ND;ND,"""2,128,2,64;2,128,2,64""",DT_BF16;DT_BF16,ND;ND,N/A
0,4294967295,2382,46,aclnnContiguous_SliceAiCore_Slice,Slice,dynamic,AI_VECTOR_CORE,1790170486819064.225	,2.480,344.550000,12,0,NO,"""126,18,64;3;3""",DT_BF16;INT64;INT64,NCL;ND;ND,"""126,2,64""",DT_BF16,NCL,N/A
0,4294967295,2383,46,FusedInferAttentionScore,FusedInferAttentionScore,dynamic,MIX_AIC,1790170486819090.066	,25.741,23.270000,24,48,NO,"""126,14,64;126,2,64;126,2,64;;2048,2048;1;1;;;;;;;;;;;;;;;;;;;;;;;;""",DT_BF16;DT_BF16;DT_BF16;DT_UNDEFINED;INT8;INT64;INT64;DT_UNDEFINED;DT_UNDEFINED;DT_UNDEFINED;DT_UNDEFINED;DT_UNDEFINED;DT_UNDEFINED;DT_UNDEFINED;DT_UNDEFINED;DT_UNDEFINED;DT_UNDEFINED;DT_UNDEFINED;DT_UNDEFINED;DT_UNDEFINED;DT_UNDEFINED;DT_UNDEFINED;DT_UNDEFINED;DT_UNDEFINED;DT_UNDEFINED;DT_UNDEFINED;DT_UNDEFINED;DT_UNDEFINED;DT_UNDEFINED;DT_UNDEFINED;DT_UNDEFINED,ND;ND;ND;NULL;ND;ND;ND;NULL;NULL;NULL;NULL;NULL;NULL;NULL;NULL;NULL;NULL;NULL;NULL;NULL;NULL;NULL;NULL;NULL;NULL;NULL;NULL;NULL;NULL;NULL;NULL,"""126,14,64;""",DT_BF16;FLOAT,ND;ND,0
0,4294967295,2385,46,aclnnMatmul_MatMulCommon_MatMulV2,MatMulV2,dynamic,AI_CORE,1790170486819350.396	,8.001,234.759000,24,0,NO,"""126,896;896,896""",DT_BF16;DT_BF16,ND;ND,"""126,896""",DT_BF16,ND,N/A
0,4294967295,2386,46,AddRmsNormBias,AddRmsNormBias,dynamic,AI_VECTOR_CORE,1790170486819427.400	,14.700,68.999000,42,0,NO,"""126,896;126,896;896;""",DT_BF16;DT_BF16;DT_BF16;DT_UNDEFINED,ND;ND;ND;NULL,"""126,896;126,1;126,896""",DT_BF16;FLOAT;DT_BF16,ND;ND;ND,N/A
0,4294967295,2387,46,aclnnMatmul_MatMulCommon_MatMulV2,MatMulV2,dynamic,AI_CORE,1790170486819467.761	,23.381,25.550000,22,0,NO,"""126,896;9728,896""",DT_BF16;DT_BF16,ND;ND,"""126,9728""",DT_BF16,ND,N/A
0,4294967295,2388,46,SwiGlu,SwiGlu,dynamic,AI_VECTOR_CORE,1790170486819505.963	,16.620,14.869000,48,0,NO,"""126,9728""",DT_BF16,ND,"""126,4864""",DT_BF16,ND,N/A
0,4294967295,2389,46,aclnnMatmul_MatMulCommon_MatMulV2,MatMulV2,dynamic,AI_CORE,1790170486819539.024	,22.121,16.380000,24,0,NO,"""126,4864;896,4864""",DT_BF16;DT_BF16,ND;ND,"""126,896""",DT_BF16,ND,N/A
0,4294967295,2390,46,AddRmsNormBias,AddRmsNormBias,dynamic,AI_VECTOR_CORE,1790170486819598.346	,10.801,37.129000,42,0,NO,"""126,896;126,896;896;""",DT_BF16;DT_BF16;DT_BF16;DT_UNDEFINED,ND;ND;ND;NULL,"""126,896;126,1;126,896""",DT_BF16;FLOAT;DT_BF16,ND;ND;ND,N/A
0,4294967295,2391,46,aclnnAddmm_CastAiCore_Cast,Cast,dynamic,AI_VECTOR_CORE,1790170486819645.568	,1.020,36.449000,2,0,NO,"""1152""",DT_BF16,ND,"""1152""",FLOAT,ND,N/A
0,4294967295,2392,46,aclnnAddmm_MatMulCommon_MatMulV2,MatMulV2,dynamic,AI_CORE,1790170486819647.968	,8.921,1.480000,24,0,NO,"""126,896;1152,896;1152""",DT_BF16;DT_BF16;FLOAT,ND;ND;ND,"""126,1152""",DT_BF16,ND,N/A
0,4294967295,2393,46,aclnnInplaceCopy_SliceAiCore_Slice,Slice,dynamic,AI_VECTOR_CORE,1790170486819706.011	,2.580,49.079000,12,0,NO,"""126,18,64;3;3""",DT_BF16;INT64;INT64,NCL;ND;ND,"""126,14,64""",DT_BF16,NCL,N/A
0,4294967295,2394,46,aclnnInplaceCopy_SliceAiCore_Slice,Slice,dynamic,AI_VECTOR_CORE,1790170486819708.611	,2.480,0.000000,12,0,NO,"""126,18,64;3;3""",DT_BF16;INT64;INT64,NCL;ND;ND,"""126,2,64""",DT_BF16,NCL,N/A
0,4294967295,2395,46,_triton_rope,_triton_rope,static,AI_VECTOR_CORE,1790170486819902.779	,12.240,191.770000,48,0,YES,"""126,14,64;126,2,64;32768,64""",DT_BF16;32620;DT_BF16,ND;ND;ND,"""126,14,64;126,2,64""",DT_BF16;32620,ND;ND,N/A
0,4294967295,2396,46,aclnnInplaceCopy_SliceAiCore_Slice,Slice,dynamic,AI_VECTOR_CORE,1790170486820259.693	,2.500,344.760000,12,0,NO,"""126,18,64;3;3""",DT_BF16;INT64;INT64,NCL;ND;ND,"""126,2,64""",DT_BF16,NCL,N/A
0,4294967295,2397,46,ReshapeAndCacheNdKernel,ReshapeAndCacheNdKernel,dynamic,AI_VECTOR_CORE,1790170486820268.433	,10.481,6.250000,48,0,NO,"""126,2,64;126,2,64;2,128,2,64;2,128,2,64;126""",DT_BF16;DT_BF16;DT_BF16;DT_BF16;INT32,ND;ND;ND;ND;ND,"""2,128,2,64;2,128,2,64""",DT_BF16;DT_BF16,ND;ND,N/A
0,4294967295,2398,46,aclnnContiguous_SliceAiCore_Slice,Slice,dynamic,AI_VECTOR_CORE,1790170486820618.947	,2.440,340.019000,12,0,NO,"""126,18,64;3;3""",DT_BF16;INT64;INT64,NCL;ND;ND,"""126,2,64""",DT_BF16,NCL,N/A
0,4294967295,2399,46,FusedInferAttentionScore,FusedInferAttentionScore,dynamic,MIX_AIC,1790170486820648.348	,28.341,26.810000,24,48,NO,"""126,14,64;126,2,64;126,2,64;;2048,2048;1;1;;;;;;;;;;;;;;;;;;;;;;;;""",DT_BF16;DT_BF16;DT_BF16;DT_UNDEFINED;INT8;INT64;INT64;DT_UNDEFINED;DT_UNDEFINED;DT_UNDEFINED;DT_UNDEFINED;DT_UNDEFINED;DT_UNDEFINED;DT_UNDEFINED;DT_UNDEFINED;DT_UNDEFINED;DT_UNDEFINED;DT_UNDEFINED;DT_UNDEFINED;DT_UNDEFINED;DT_UNDEFINED;DT_UNDEFINED;DT_UNDEFINED;DT_UNDEFINED;DT_UNDEFINED;DT_UNDEFINED;DT_UNDEFINED;DT_UNDEFINED;DT_UNDEFINED;DT_UNDEFINED;DT_UNDEFINED,ND;ND;ND;NULL;ND;ND;ND;NULL;NULL;NULL;NULL;NULL;NULL;NULL;NULL;NULL;NULL;NULL;NULL;NULL;NULL;NULL;NULL;NULL;NULL;NULL;NULL;NULL;NULL;NULL;NULL,"""126,14,64;""",DT_BF16;FLOAT,ND;ND,0
0,4294967295,2401,46,aclnnMatmul_MatMulCommon_MatMulV2,MatMulV2,dynamic,AI_CORE,1790170486820894.758	,8.100,218.159000,24,0,NO,"""126,896;896,896""",DT_BF16;DT_BF16,ND;ND,"""126,896""",DT_BF16,ND,N/A
0,4294967295,2402,46,AddRmsNormBias,AddRmsNormBias,dynamic,AI_VECTOR_CORE,1790170486820971.881	,14.281,69.150000,42,0,NO,"""126,896;126,896;896;""",DT_BF16;DT_BF16;DT_BF16;DT_UNDEFINED,ND;ND;ND;NULL,"""126,896;126,1;126,896""",DT_BF16;FLOAT;DT_BF16,ND;ND;ND,N/A
0,4294967295,2403,46,aclnnMatmul_MatMulCommon_MatMulV2,MatMulV2,dynamic,AI_CORE,1790170486821016.003	,23.281,29.719000,22,0,NO,"""126,896;9728,896""",DT_BF16;DT_BF16,ND;ND,"""126,9728""",DT_BF16,ND,N/A
0,4294967295,2404,46,SwiGlu,SwiGlu,dynamic,AI_VECTOR_CORE,1790170486821049.684	,14.681,10.469000,48,0,NO,"""126,9728""",DT_BF16,ND,"""126,4864""",DT_BF16,ND,N/A
0,4294967295,2405,46,aclnnMatmul_MatMulCommon_MatMulV2,MatMulV2,dynamic,AI_CORE,1790170486821087.386	,22.541,23.069000,24,0,NO,"""126,4864;896,4864""",DT_BF16;DT_BF16,ND;ND,"""126,896""",DT_BF16,ND,N/A
0,4294967295,2406,46,AddRmsNormBias,AddRmsNormBias,dynamic,AI_VECTOR_CORE,1790170486821170.089	,10.381,59.959000,42,0,NO,"""126,896;126,896;896;""",DT_BF16;DT_BF16;DT_BF16;DT_UNDEFINED,ND;ND;ND;NULL,"""126,896;126,1;126,896""",DT_BF16;FLOAT;DT_BF16,ND;ND;ND,N/A
0,4294967295,2407,46,aclnnAddmm_CastAiCore_Cast,Cast,dynamic,AI_VECTOR_CORE,1790170486821225.171	,1.360,44.869000,2,0,NO,"""1152""",DT_BF16,ND,"""1152""",FLOAT,ND,N/A
0,4294967295,2408,46,aclnnAddmm_MatMulCommon_MatMulV2,MatMulV2,dynamic,AI_CORE,1790170486821228.472	,9.280,1.890000,24,0,NO,"""126,896;1152,896;1152""",DT_BF16;DT_BF16;FLOAT,ND;ND;ND,"""126,1152""",DT_BF16,ND,N/A
0,4294967295,2409,46,aclnnInplaceCopy_SliceAiCore_Slice,Slice,dynamic,AI_VECTOR_CORE,1790170486821293.954	,2.620,56.220000,12,0,NO,"""126,18,64;3;3""",DT_BF16;INT64;INT64,NCL;ND;ND,"""126,14,64""",DT_BF16,NCL,N/A
0,4294967295,2410,46,aclnnInplaceCopy_SliceAiCore_Slice,Slice,dynamic,AI_VECTOR_CORE,1790170486821296.614	,2.460,0.000000,12,0,NO,"""126,18,64;3;3""",DT_BF16;INT64;INT64,NCL;ND;ND,"""126,2,64""",DT_BF16,NCL,N/A
0,4294967295,2411,46,_triton_rope,_triton_rope,static,AI_VECTOR_CORE,1790170486821488.002	,11.820,189.040000,48,0,YES,"""126,14,64;126,2,64;32768,64""",DT_BF16;32620;DT_BF16,ND;ND;ND,"""126,14,64;126,2,64""",DT_BF16;32620,ND;ND,N/A
0,4294967295,2412,46,aclnnInplaceCopy_SliceAiCore_Slice,Slice,dynamic,AI_VECTOR_CORE,1790170486821852.996	,2.561,353.180000,12,0,NO,"""126,18,64;3;3""",DT_BF16;INT64;INT64,NCL;ND;ND,"""126,2,64""",DT_BF16,NCL,N/A
0,4294967295,2413,46,ReshapeAndCacheNdKernel,ReshapeAndCacheNdKernel,dynamic,AI_VECTOR_CORE,1790170486821860.557	,10.360,4.939000,48,0,NO,"""126,2,64;126,2,64;2,128,2,64;2,128,2,64;126""",DT_BF16;DT_BF16;DT_BF16;DT_BF16;INT32,ND;ND;ND;ND;ND,"""2,128,2,64;2,128,2,64""",DT_BF16;DT_BF16,ND;ND,N/A
0,4294967295,2414,46,aclnnContiguous_SliceAiCore_Slice,Slice,dynamic,AI_VECTOR_CORE,1790170486822224.411	,2.480,353.640000,12,0,NO,"""126,18,64;3;3""",DT_BF16;INT64;INT64,NCL;ND;ND,"""126,2,64""",DT_BF16,NCL,N/A
0,4294967295,2415,46,FusedInferAttentionScore,FusedInferAttentionScore,dynamic,MIX_AIC,1790170486822247.572	,26.341,20.520000,24,48,NO,"""126,14,64;126,2,64;126,2,64;;2048,2048;1;1;;;;;;;;;;;;;;;;;;;;;;;;""",DT_BF16;DT_BF16;DT_BF16;DT_UNDEFINED;INT8;INT64;INT64;DT_UNDEFINED;DT_UNDEFINED;DT_UNDEFINED;DT_UNDEFINED;DT_UNDEFINED;DT_UNDEFINED;DT_UNDEFINED;DT_UNDEFINED;DT_UNDEFINED;DT_UNDEFINED;DT_UNDEFINED;DT_UNDEFINED;DT_UNDEFINED;DT_UNDEFINED;DT_UNDEFINED;DT_UNDEFINED;DT_UNDEFINED;DT_UNDEFINED;DT_UNDEFINED;DT_UNDEFINED;DT_UNDEFINED;DT_UNDEFINED;DT_UNDEFINED;DT_UNDEFINED,ND;ND;ND;NULL;ND;ND;ND;NULL;NULL;NULL;NULL;NULL;NULL;NULL;NULL;NULL;NULL;NULL;NULL;NULL;NULL;NULL;NULL;NULL;NULL;NULL;NULL;NULL;NULL;NULL;NULL,"""126,14,64;""",DT_BF16;FLOAT,ND;ND,0
0,4294967295,2417,46,aclnnMatmul_MatMulCommon_MatMulV2,MatMulV2,dynamic,AI_CORE,1790170486822496.902	,7.881,223.159000,24,0,NO,"""126,896;896,896""",DT_BF16;DT_BF16,ND;ND,"""126,896""",DT_BF16,ND,N/A
0,4294967295,2418,46,AddRmsNormBias,AddRmsNormBias,dynamic,AI_VECTOR_CORE,1790170486822560.285	,13.560,55.369000,42,0,NO,"""126,896;126,896;896;""",DT_BF16;DT_BF16;DT_BF16;DT_UNDEFINED,ND;ND;ND;NULL,"""126,896;126,1;126,896""",DT_BF16;FLOAT;DT_BF16,ND;ND;ND,N/A
0,4294967295,2419,46,aclnnMatmul_MatMulCommon_MatMulV2,MatMulV2,dynamic,AI_CORE,1790170486822608.267	,23.101,34.440000,22,0,NO,"""126,896;9728,896""",DT_BF16;DT_BF16,ND;ND,"""126,9728""",DT_BF16,ND,N/A
0,4294967295,2420,46,SwiGlu,SwiGlu,dynamic,AI_VECTOR_CORE,1790170486822648.788	,14.541,17.399000,48,0,NO,"""126,9728""",DT_BF16,ND,"""126,4864""",DT_BF16,ND,N/A
0,4294967295,2421,46,aclnnMatmul_MatMulCommon_MatMulV2,MatMulV2,dynamic,AI_CORE,1790170486822683.050	,21.841,19.709000,24,0,NO,"""126,4864;896,4864""",DT_BF16;DT_BF16,ND;ND,"""126,896""",DT_BF16,ND,N/A
0,4294967295,2422,46,AddRmsNormBias,AddRmsNormBias,dynamic,AI_VECTOR_CORE,1790170486822740.952	,10.340,36.159000,42,0,NO,"""126,896;126,896;896;""",DT_BF16;DT_BF16;DT_BF16;DT_UNDEFINED,ND;ND;ND;NULL,"""126,896;126,1;126,896""",DT_BF16;FLOAT;DT_BF16,ND;ND;ND,N/A
0,4294967295,2423,46,aclnnAddmm_CastAiCore_Cast,Cast,dynamic,AI_VECTOR_CORE,1790170486822790.934	,1.060,39.660000,2,0,NO,"""1152""",DT_BF16,ND,"""1152""",FLOAT,ND,N/A
0,4294967295,2424,46,aclnnAddmm_MatMulCommon_MatMulV2,MatMulV2,dynamic,AI_CORE,1790170486822794.074	,8.940,1.940000,24,0,NO,"""126,896;1152,896;1152""",DT_BF16;DT_BF16;FLOAT,ND;ND;ND,"""126,1152""",DT_BF16,ND,N/A
0,4294967295,2425,46,aclnnInplaceCopy_SliceAiCore_Slice,Slice,dynamic,AI_VECTOR_CORE,1790170486822855.397	,2.500,52.560000,12,0,NO,"""126,18,64;3;3""",DT_BF16;INT64;INT64,NCL;ND;ND,"""126,14,64""",DT_BF16,NCL,N/A
0,4294967295,2426,46,aclnnInplaceCopy_SliceAiCore_Slice,Slice,dynamic,AI_VECTOR_CORE,1790170486822858.657	,2.480,0.750000,12,0,NO,"""126,18,64;3;3""",DT_BF16;INT64;INT64,NCL;ND;ND,"""126,2,64""",DT_BF16,NCL,N/A
0,4294967295,2427,46,_triton_rope,_triton_rope,static,AI_VECTOR_CORE,1790170486823041.964	,12.261,180.770000,48,0,YES,"""126,14,64;126,2,64;32768,64""",DT_BF16;32620;DT_BF16,ND;ND;ND,"""126,14,64;126,2,64""",DT_BF16;32620,ND;ND,N/A
0,4294967295,2428,46,aclnnInplaceCopy_SliceAiCore_Slice,Slice,dynamic,AI_VECTOR_CORE,1790170486823407.879	,2.460,353.739000,12,0,NO,"""126,18,64;3;3""",DT_BF16;INT64;INT64,NCL;ND;ND,"""126,2,64""",DT_BF16,NCL,N/A
0,4294967295,2429,46,ReshapeAndCacheNdKernel,ReshapeAndCacheNdKernel,dynamic,AI_VECTOR_CORE,1790170486823422.559	,10.161,12.040000,48,0,NO,"""126,2,64;126,2,64;2,128,2,64;2,128,2,64;126""",DT_BF16;DT_BF16;DT_BF16;DT_BF16;INT32,ND;ND;ND;ND;ND,"""2,128,2,64;2,128,2,64""",DT_BF16;DT_BF16,ND;ND,N/A
0,4294967295,2430,46,aclnnContiguous_SliceAiCore_Slice,Slice,dynamic,AI_VECTOR_CORE,1790170486823783.114	,2.460,350.339000,12,0,NO,"""126,18,64;3;3""",DT_BF16;INT64;INT64,NCL;ND;ND,"""126,2,64""",DT_BF16,NCL,N/A
0,4294967295,2431,46,FusedInferAttentionScore,FusedInferAttentionScore,dynamic,MIX_AIC,1790170486823791.854	,31.741,6.290000,24,48,NO,"""126,14,64;126,2,64;126,2,64;;2048,2048;1;1;;;;;;;;;;;;;;;;;;;;;;;;""",DT_BF16;DT_BF16;DT_BF16;DT_UNDEFINED;INT8;INT64;INT64;DT_UNDEFINED;DT_UNDEFINED;DT_UNDEFINED;DT_UNDEFINED;DT_UNDEFINED;DT_UNDEFINED;DT_UNDEFINED;DT_UNDEFINED;DT_UNDEFINED;DT_UNDEFINED;DT_UNDEFINED;DT_UNDEFINED;DT_UNDEFINED;DT_UNDEFINED;DT_UNDEFINED;DT_UNDEFINED;DT_UNDEFINED;DT_UNDEFINED;DT_UNDEFINED;DT_UNDEFINED;DT_UNDEFINED;DT_UNDEFINED;DT_UNDEFINED;DT_UNDEFINED,ND;ND;ND;NULL;ND;ND;ND;NULL;NULL;NULL;NULL;NULL;NULL;NULL;NULL;NULL;NULL;NULL;NULL;NULL;NULL;NULL;NULL;NULL;NULL;NULL;NULL;NULL;NULL;NULL;NULL,"""126,14,64;""",DT_BF16;FLOAT,ND;ND,0
0,4294967295,2433,46,aclnnMatmul_MatMulCommon_MatMulV2,MatMulV2,dynamic,AI_CORE,1790170486824080.306	,7.840,256.759000,24,0,NO,"""126,896;896,896""",DT_BF16;DT_BF16,ND;ND,"""126,896""",DT_BF16,ND,N/A
0,4294967295,2434,46,AddRmsNormBias,AddRmsNormBias,dynamic,AI_VECTOR_CORE,1790170486824155.189	,14.500,67.160000,42,0,NO,"""126,896;126,896;896;""",DT_BF16;DT_BF16;DT_BF16;DT_UNDEFINED,ND;ND;ND;NULL,"""126,896;126,1;126,896""",DT_BF16;FLOAT;DT_BF16,ND;ND;ND,N/A
0,4294967295,2435,46,aclnnMatmul_MatMulCommon_MatMulV2,MatMulV2,dynamic,AI_CORE,1790170486824199.130	,22.921,29.500000,22,0,NO,"""126,896;9728,896""",DT_BF16;DT_BF16,ND;ND,"""126,9728""",DT_BF16,ND,N/A
0,4294967295,2436,46,SwiGlu,SwiGlu,dynamic,AI_VECTOR_CORE,1790170486824237.072	,15.700,14.829000,48,0,NO,"""126,9728""",DT_BF16,ND,"""126,4864""",DT_BF16,ND,N/A
0,4294967295,2437,46,aclnnMatmul_MatMulCommon_MatMulV2,MatMulV2,dynamic,AI_CORE,1790170486824274.053	,22.301,21.300000,24,0,NO,"""126,4864;896,4864""",DT_BF16;DT_BF16,ND;ND,"""126,896""",DT_BF16,ND,N/A
0,4294967295,2438,46,AddRmsNormBias,AddRmsNormBias,dynamic,AI_VECTOR_CORE,1790170486824333.776	,10.260,37.449000,42,0,NO,"""126,896;126,896;896;""",DT_BF16;DT_BF16;DT_BF16;DT_UNDEFINED,ND;ND;ND;NULL,"""126,896;126,1;126,896""",DT_BF16;FLOAT;DT_BF16,ND;ND;ND,N/A
0,4294967295,2439,46,aclnnAddmm_CastAiCore_Cast,Cast,dynamic,AI_VECTOR_CORE,1790170486824379.617	,1.221,35.490000,2,0,NO,"""1152""",DT_BF16,ND,"""1152""",FLOAT,ND,N/A
0,4294967295,2440,46,aclnnAddmm_MatMulCommon_MatMulV2,MatMulV2,dynamic,AI_CORE,1790170486824382.938	,8.900,2.279000,24,0,NO,"""126,896;1152,896;1152""",DT_BF16;DT_BF16;FLOAT,ND;ND;ND,"""126,1152""",DT_BF16,ND,N/A
0,4294967295,2441,46,aclnnInplaceCopy_SliceAiCore_Slice,Slice,dynamic,AI_VECTOR_CORE,1790170486824454.981	,2.540,63.100000,12,0,NO,"""126,18,64;3;3""",DT_BF16;INT64;INT64,NCL;ND;ND,"""126,14,64""",DT_BF16,NCL,N/A
0,4294967295,2442,46,aclnnInplaceCopy_SliceAiCore_Slice,Slice,dynamic,AI_VECTOR_CORE,1790170486824458.201	,2.420,0.710000,12,0,NO,"""126,18,64;3;3""",DT_BF16;INT64;INT64,NCL;ND;ND,"""126,2,64""",DT_BF16,NCL,N/A
0,4294967295,2443,46,_triton_rope,_triton_rope,static,AI_VECTOR_CORE,1790170486824641.188	,14.041,180.580000,48,0,YES,"""126,14,64;126,2,64;32768,64""",DT_BF16;32620;DT_BF16,ND;ND;ND,"""126,14,64;126,2,64""",DT_BF16;32620,ND;ND,N/A
0,4294967295,2444,46,aclnnInplaceCopy_SliceAiCore_Slice,Slice,dynamic,AI_VECTOR_CORE,1790170486824994.002	,2.600,338.709000,12,0,NO,"""126,18,64;3;3""",DT_BF16;INT64;INT64,NCL;ND;ND,"""126,2,64""",DT_BF16,NCL,N/A
0,4294967295,2445,46,ReshapeAndCacheNdKernel,ReshapeAndCacheNdKernel,dynamic,AI_VECTOR_CORE,1790170486825008.703	,10.240,12.150000,48,0,NO,"""126,2,64;126,2,64;2,128,2,64;2,128,2,64;126""",DT_BF16;DT_BF16;DT_BF16;DT_BF16;INT32,ND;ND;ND;ND;ND,"""2,128,2,64;2,128,2,64""",DT_BF16;DT_BF16,ND;ND,N/A
0,4294967295,2446,46,aclnnContiguous_SliceAiCore_Slice,Slice,dynamic,AI_VECTOR_CORE,1790170486825376.597	,2.940,357.510000,12,0,NO,"""126,18,64;3;3""",DT_BF16;INT64;INT64,NCL;ND;ND,"""126,2,64""",DT_BF16,NCL,N/A
0,4294967295,2447,46,FusedInferAttentionScore,FusedInferAttentionScore,dynamic,MIX_AIC,1790170486825402.738	,25.741,23.310000,24,48,NO,"""126,14,64;126,2,64;126,2,64;;2048,2048;1;1;;;;;;;;;;;;;;;;;;;;;;;;""",DT_BF16;DT_BF16;DT_BF16;DT_UNDEFINED;INT8;INT64;INT64;DT_UNDEFINED;DT_UNDEFINED;DT_UNDEFINED;DT_UNDEFINED;DT_UNDEFINED;DT_UNDEFINED;DT_UNDEFINED;DT_UNDEFINED;DT_UNDEFINED;DT_UNDEFINED;DT_UNDEFINED;DT_UNDEFINED;DT_UNDEFINED;DT_UNDEFINED;DT_UNDEFINED;DT_UNDEFINED;DT_UNDEFINED;DT_UNDEFINED;DT_UNDEFINED;DT_UNDEFINED;DT_UNDEFINED;DT_UNDEFINED;DT_UNDEFINED;DT_UNDEFINED,ND;ND;ND;NULL;ND;ND;ND;NULL;NULL;NULL;NULL;NULL;NULL;NULL;NULL;NULL;NULL;NULL;NULL;NULL;NULL;NULL;NULL;NULL;NULL;NULL;NULL;NULL;NULL;NULL;NULL,"""126,14,64;""",DT_BF16;FLOAT,ND;ND,0
0,4294967295,2449,46,aclnnMatmul_MatMulCommon_MatMulV2,MatMulV2,dynamic,AI_CORE,1790170486825643.688	,8.020,215.259000,24,0,NO,"""126,896;896,896""",DT_BF16;DT_BF16,ND;ND,"""126,896""",DT_BF16,ND,N/A
0,4294967295,2450,46,AddRmsNormBias,AddRmsNormBias,dynamic,AI_VECTOR_CORE,1790170486825718.711	,13.561,66.980000,42,0,NO,"""126,896;126,896;896;""",DT_BF16;DT_BF16;DT_BF16;DT_UNDEFINED,ND;ND;ND;NULL,"""126,896;126,1;126,896""",DT_BF16;FLOAT;DT_BF16,ND;ND;ND,N/A
0,4294967295,2451,46,aclnnMatmul_MatMulCommon_MatMulV2,MatMulV2,dynamic,AI_CORE,1790170486825762.693	,22.921,30.439000,22,0,NO,"""126,896;9728,896""",DT_BF16;DT_BF16,ND;ND,"""126,9728""",DT_BF16,ND,N/A
0,4294967295,2452,46,SwiGlu,SwiGlu,dynamic,AI_VECTOR_CORE,1790170486825800.314	,14.901,14.579000,48,0,NO,"""126,9728""",DT_BF16,ND,"""126,4864""",DT_BF16,ND,N/A
0,4294967295,2453,46,aclnnMatmul_MatMulCommon_MatMulV2,MatMulV2,dynamic,AI_CORE,1790170486825836.136	,22.281,21.099000,24,0,NO,"""126,4864;896,4864""",DT_BF16;DT_BF16,ND;ND,"""126,896""",DT_BF16,ND,N/A
0,4294967295,2454,46,AddRmsNormBias,AddRmsNormBias,dynamic,AI_VECTOR_CORE,1790170486825895.158	,10.481,36.719000,42,0,NO,"""126,896;126,896;896;""",DT_BF16;DT_BF16;DT_BF16;DT_UNDEFINED,ND;ND;ND;NULL,"""126,896;126,1;126,896""",DT_BF16;FLOAT;DT_BF16,ND;ND;ND,N/A
0,4294967295,2455,46,aclnnAddmm_CastAiCore_Cast,Cast,dynamic,AI_VECTOR_CORE,1790170486825943.120	,1.120,37.269000,2,0,NO,"""1152""",DT_BF16,ND,"""1152""",FLOAT,ND,N/A
0,4294967295,2456,46,aclnnAddmm_MatMulCommon_MatMulV2,MatMulV2,dynamic,AI_CORE,1790170486825946.460	,9.481,2.380000,24,0,NO,"""126,896;1152,896;1152""",DT_BF16;DT_BF16;FLOAT,ND;ND;ND,"""126,1152""",DT_BF16,ND,N/A
0,4294967295,2457,46,aclnnInplaceCopy_SliceAiCore_Slice,Slice,dynamic,AI_VECTOR_CORE,1790170486826016.203	,3.200,60.269000,12,0,NO,"""126,18,64;3;3""",DT_BF16;INT64;INT64,NCL;ND;ND,"""126,14,64""",DT_BF16,NCL,N/A
0,4294967295,2458,46,aclnnInplaceCopy_SliceAiCore_Slice,Slice,dynamic,AI_VECTOR_CORE,1790170486826019.443	,2.440,0.050000,12,0,NO,"""126,18,64;3;3""",DT_BF16;INT64;INT64,NCL;ND;ND,"""126,2,64""",DT_BF16,NCL,N/A
0,4294967295,2459,46,_triton_rope,_triton_rope,static,AI_VECTOR_CORE,1790170486826205.410	,13.241,183.560000,48,0,YES,"""126,14,64;126,2,64;32768,64""",DT_BF16;32620;DT_BF16,ND;ND;ND,"""126,14,64;126,2,64""",DT_BF16;32620,ND;ND,N/A
0,4294967295,2460,46,aclnnInplaceCopy_SliceAiCore_Slice,Slice,dynamic,AI_VECTOR_CORE,1790170486826570.725	,2.540,352.009000,12,0,NO,"""126,18,64;3;3""",DT_BF16;INT64;INT64,NCL;ND;ND,"""126,2,64""",DT_BF16,NCL,N/A
0,4294967295,2461,46,ReshapeAndCacheNdKernel,ReshapeAndCacheNdKernel,dynamic,AI_VECTOR_CORE,1790170486826573.825	,10.341,0.460000,48,0,NO,"""126,2,64;126,2,64;2,128,2,64;2,128,2,64;126""",DT_BF16;DT_BF16;DT_BF16;DT_BF16;INT32,ND;ND;ND;ND;ND,"""2,128,2,64;2,128,2,64""",DT_BF16;DT_BF16,ND;ND,N/A
0,4294967295,2462,46,aclnnContiguous_SliceAiCore_Slice,Slice,dynamic,AI_VECTOR_CORE,1790170486826935.380	,2.440,351.409000,12,0,NO,"""126,18,64;3;3""",DT_BF16;INT64;INT64,NCL;ND;ND,"""126,2,64""",DT_BF16,NCL,N/A
0,4294967295,2463,46,FusedInferAttentionScore,FusedInferAttentionScore,dynamic,MIX_AIC,1790170486826960.401	,27.321,22.560000,24,48,NO,"""126,14,64;126,2,64;126,2,64;;2048,2048;1;1;;;;;;;;;;;;;;;;;;;;;;;;""",DT_BF16;DT_BF16;DT_BF16;DT_UNDEFINED;INT8;INT64;INT64;DT_UNDEFINED;DT_UNDEFINED;DT_UNDEFINED;DT_UNDEFINED;DT_UNDEFINED;DT_UNDEFINED;DT_UNDEFINED;DT_UNDEFINED;DT_UNDEFINED;DT_UNDEFINED;DT_UNDEFINED;DT_UNDEFINED;DT_UNDEFINED;DT_UNDEFINED;DT_UNDEFINED;DT_UNDEFINED;DT_UNDEFINED;DT_UNDEFINED;DT_UNDEFINED;DT_UNDEFINED;DT_UNDEFINED;DT_UNDEFINED;DT_UNDEFINED;DT_UNDEFINED,ND;ND;ND;NULL;ND;ND;ND;NULL;NULL;NULL;NULL;NULL;NULL;NULL;NULL;NULL;NULL;NULL;NULL;NULL;NULL;NULL;NULL;NULL;NULL;NULL;NULL;NULL;NULL;NULL;NULL,"""126,14,64;""",DT_BF16;FLOAT,ND;ND,0
0,4294967295,2465,46,aclnnMatmul_MatMulCommon_MatMulV2,MatMulV2,dynamic,AI_CORE,1790170486827209.131	,8.000,221.429000,24,0,NO,"""126,896;896,896""",DT_BF16;DT_BF16,ND;ND,"""126,896""",DT_BF16,ND,N/A
0,4294967295,2466,46,AddRmsNormBias,AddRmsNormBias,dynamic,AI_VECTOR_CORE,1790170486827281.354	,14.640,64.000000,42,0,NO,"""126,896;126,896;896;""",DT_BF16;DT_BF16;DT_BF16;DT_UNDEFINED,ND;ND;ND;NULL,"""126,896;126,1;126,896""",DT_BF16;FLOAT;DT_BF16,ND;ND;ND,N/A
0,4294967295,2467,46,aclnnMatmul_MatMulCommon_MatMulV2,MatMulV2,dynamic,AI_CORE,1790170486827327.935	,23.641,32.110000,22,0,NO,"""126,896;9728,896""",DT_BF16;DT_BF16,ND;ND,"""126,9728""",DT_BF16,ND,N/A
0,4294967295,2468,46,SwiGlu,SwiGlu,dynamic,AI_VECTOR_CORE,1790170486827364.177	,14.460,12.609000,48,0,NO,"""126,9728""",DT_BF16,ND,"""126,4864""",DT_BF16,ND,N/A
0,4294967295,2469,46,aclnnMatmul_MatMulCommon_MatMulV2,MatMulV2,dynamic,AI_CORE,1790170486827394.878	,21.881,16.290000,24,0,NO,"""126,4864;896,4864""",DT_BF16;DT_BF16,ND;ND,"""126,896""",DT_BF16,ND,N/A
0,4294967295,2470,46,AddRmsNormBias,AddRmsNormBias,dynamic,AI_VECTOR_CORE,1790170486827468.601	,10.000,51.619000,42,0,NO,"""126,896;126,896;896;""",DT_BF16;DT_BF16;DT_BF16;DT_UNDEFINED,ND;ND;ND;NULL,"""126,896;126,1;126,896""",DT_BF16;FLOAT;DT_BF16,ND;ND;ND,N/A
0,4294967295,2471,46,aclnnAddmm_CastAiCore_Cast,Cast,dynamic,AI_VECTOR_CORE,1790170486827510.203	,1.300,31.750000,2,0,NO,"""1152""",DT_BF16,ND,"""1152""",FLOAT,ND,N/A
0,4294967295,2472,46,aclnnAddmm_MatMulCommon_MatMulV2,MatMulV2,dynamic,AI_CORE,1790170486827513.903	,9.120,2.450000,24,0,NO,"""126,896;1152,896;1152""",DT_BF16;DT_BF16;FLOAT,ND;ND;ND,"""126,1152""",DT_BF16,ND,N/A
0,4294967295,2473,46,aclnnInplaceCopy_SliceAiCore_Slice,Slice,dynamic,AI_VECTOR_CORE,1790170486827581.986	,2.580,58.880000,12,0,NO,"""126,18,64;3;3""",DT_BF16;INT64;INT64,NCL;ND;ND,"""126,14,64""",DT_BF16,NCL,N/A
0,4294967295,2474,46,aclnnInplaceCopy_SliceAiCore_Slice,Slice,dynamic,AI_VECTOR_CORE,1790170486827585.086	,2.500,0.420000,12,0,NO,"""126,18,64;3;3""",DT_BF16;INT64;INT64,NCL;ND;ND,"""126,2,64""",DT_BF16,NCL,N/A
0,4294967295,2475,46,_triton_rope,_triton_rope,static,AI_VECTOR_CORE,1790170486827775.293	,12.061,187.750000,48,0,YES,"""126,14,64;126,2,64;32768,64""",DT_BF16;32620;DT_BF16,ND;ND;ND,"""126,14,64;126,2,64""",DT_BF16;32620,ND;ND,N/A
0,4294967295,2476,46,aclnnInplaceCopy_SliceAiCore_Slice,Slice,dynamic,AI_VECTOR_CORE,1790170486828136.348	,2.500,348.939000,12,0,NO,"""126,18,64;3;3""",DT_BF16;INT64;INT64,NCL;ND;ND,"""126,2,64""",DT_BF16,NCL,N/A
0,4294967295,2477,46,ReshapeAndCacheNdKernel,ReshapeAndCacheNdKernel,dynamic,AI_VECTOR_CORE,1790170486828139.488	,10.680,0.750000,48,0,NO,"""126,2,64;126,2,64;2,128,2,64;2,128,2,64;126""",DT_BF16;DT_BF16;DT_BF16;DT_BF16;INT32,ND;ND;ND;ND;ND,"""2,128,2,64;2,128,2,64""",DT_BF16;DT_BF16,ND;ND,N/A
0,4294967295,2478,46,aclnnContiguous_SliceAiCore_Slice,Slice,dynamic,AI_VECTOR_CORE,1790170486828519.383	,2.460,369.320000,12,0,NO,"""126,18,64;3;3""",DT_BF16;INT64;INT64,NCL;ND;ND,"""126,2,64""",DT_BF16,NCL,N/A
0,4294967295,2479,46,FusedInferAttentionScore,FusedInferAttentionScore,dynamic,MIX_AIC,1790170486828541.704	,25.961,19.790000,24,48,NO,"""126,14,64;126,2,64;126,2,64;;2048,2048;1;1;;;;;;;;;;;;;;;;;;;;;;;;""",DT_BF16;DT_BF16;DT_BF16;DT_UNDEFINED;INT8;INT64;INT64;DT_UNDEFINED;DT_UNDEFINED;DT_UNDEFINED;DT_UNDEFINED;DT_UNDEFINED;DT_UNDEFINED;DT_UNDEFINED;DT_UNDEFINED;DT_UNDEFINED;DT_UNDEFINED;DT_UNDEFINED;DT_UNDEFINED;DT_UNDEFINED;DT_UNDEFINED;DT_UNDEFINED;DT_UNDEFINED;DT_UNDEFINED;DT_UNDEFINED;DT_UNDEFINED;DT_UNDEFINED;DT_UNDEFINED;DT_UNDEFINED;DT_UNDEFINED;DT_UNDEFINED,ND;ND;ND;NULL;ND;ND;ND;NULL;NULL;NULL;NULL;NULL;NULL;NULL;NULL;NULL;NULL;NULL;NULL;NULL;NULL;NULL;NULL;NULL;NULL;NULL;NULL;NULL;NULL;NULL;NULL,"""126,14,64;""",DT_BF16;FLOAT,ND;ND,0
0,4294967295,2481,46,aclnnMatmul_MatMulCommon_MatMulV2,MatMulV2,dynamic,AI_CORE,1790170486828806.514	,8.181,238.789000,24,0,NO,"""126,896;896,896""",DT_BF16;DT_BF16,ND;ND,"""126,896""",DT_BF16,ND,N/A
0,4294967295,2482,46,AddRmsNormBias,AddRmsNormBias,dynamic,AI_VECTOR_CORE,1790170486828878.857	,15.441,64.069000,42,0,NO,"""126,896;126,896;896;""",DT_BF16;DT_BF16;DT_BF16;DT_UNDEFINED,ND;ND;ND;NULL,"""126,896;126,1;126,896""",DT_BF16;FLOAT;DT_BF16,ND;ND;ND,N/A
0,4294967295,2483,46,aclnnMatmul_MatMulCommon_MatMulV2,MatMulV2,dynamic,AI_CORE,1790170486828922.999	,23.101,28.809000,22,0,NO,"""126,896;9728,896""",DT_BF16;DT_BF16,ND;ND,"""126,9728""",DT_BF16,ND,N/A
0,4294967295,2484,46,SwiGlu,SwiGlu,dynamic,AI_VECTOR_CORE,1790170486828959.201	,16.500,13.149000,48,0,NO,"""126,9728""",DT_BF16,ND,"""126,4864""",DT_BF16,ND,N/A
0,4294967295,2485,46,aclnnMatmul_MatMulCommon_MatMulV2,MatMulV2,dynamic,AI_CORE,1790170486828995.502	,22.201,19.750000,24,0,NO,"""126,4864;896,4864""",DT_BF16;DT_BF16,ND;ND,"""126,896""",DT_BF16,ND,N/A
0,4294967295,2486,46,AddRmsNormBias,AddRmsNormBias,dynamic,AI_VECTOR_CORE,1790170486829053.224	,12.661,35.549000,42,0,NO,"""126,896;126,896;896;""",DT_BF16;DT_BF16;DT_BF16;DT_UNDEFINED,ND;ND;ND;NULL,"""126,896;126,1;126,896""",DT_BF16;FLOAT;DT_BF16,ND;ND;ND,N/A
0,4294967295,2487,46,aclnnIndex_IndexAiCore_Index,Index,dynamic,AI_VECTOR_CORE,1790170486829172.909	,8.380,107.089000,48,0,NO,"""126,896;1;2;1""",DT_BF16;INT64;INT64;INT32,ND;ND;ND;ND,"""1,896""",DT_BF16,ND,N/A
0,4294967295,2488,46,aclnnMatmul_MatMulCommon_MatMulV2,MatMulV2,dynamic,AI_CORE,1790170486829213.931	,238.549,32.620000,24,0,NO,"""1,896;151936,896""",DT_BF16;DT_BF16,ND;ND,"""1,151936""",DT_BF16,ND,N/A
0,4294967295,2489,46,aclnnInplaceCopy_CastAiCore_Cast,Cast,dynamic,AI_VECTOR_CORE,1790170486829685.570	,7.040,232.951000,48,0,NO,"""1,151936""",DT_BF16,ND,"""1,151936""",FLOAT,ND,N/A
0,4294967295,2490,46,aclnnInplaceZero_ZerosLikeAiCore_ZerosLike,ZerosLike,dynamic,AI_VECTOR_CORE,1790170486829799.774	,7.260,107.210000,48,0,NO,"""1,151936""",INT32,ND,"""1,151936""",INT32,ND,N/A
0,4294967295,2491,46,token_bin_counts_and_mask_kernel,token_bin_counts_and_mask_kernel,static,AI_VECTOR_CORE,1790170486829971.921	,63.923,164.990000,1,0,YES,"""1,126;1,151936""",INT64;FLOAT,ND;ND,"""1,151936""",FLOAT,ND,N/A
0,4294967295,2492,46,aclnnGtScalar_CastAiCore_Cast,Cast,dynamic,AI_VECTOR_CORE,1790170486830035.864	,8.100,0.000000,48,0,NO,"""1,151936""",INT32,ND,"""1,151936""",INT64,ND,N/A
0,4294967295,2493,46,aclnnGtScalar_GreaterAiCore_Greater,Greater,dynamic,AI_VECTOR_CORE,1790170486830043.984	,16.061,0.150000,48,0,NO,"""1,151936;""",INT64;INT64,ND;ND,"""1,151936""",BOOL,ND,N/A
0,4294967295,2494,46,aclnnInplaceZero_ZerosLikeAiCore_ZerosLike,ZerosLike,dynamic,AI_VECTOR_CORE,1790170486830060.065	,2.520,0.000000,48,0,NO,"""1,151936""",INT32,ND,"""1,151936""",INT32,ND,N/A
0,4294967295,2495,46,aclnnGtScalar_CastAiCore_Cast,Cast,dynamic,AI_VECTOR_CORE,1790170486830062.605	,2.720,0.000000,48,0,NO,"""1,151936""",INT32,ND,"""1,151936""",INT64,ND,N/A
0,4294967295,2496,46,aclnnGtScalar_GreaterAiCore_Greater,Greater,dynamic,AI_VECTOR_CORE,1790170486830065.345	,10.440,0.030000,48,0,NO,"""1,151936;""",INT64;INT64,ND;ND,"""1,151936""",BOOL,ND,N/A
0,4294967295,2497,46,apply_all_penalties_kernel,apply_all_penalties_kernel,static,AI_VECTOR_CORE,1790170486830203.110	,76.523,127.310000,1,0,YES,"""1,151936;1,151936;1,151936;1,151936""",FLOAT;BOOL;BOOL;INT32,ND;ND;ND;ND,"""1,151936""",FLOAT,ND,N/A
0,4294967295,2498,46,aclnnArgMax_ArgMaxV2AiCore_ArgMaxV2,ArgMaxV2,dynamic,AI_VECTOR_CORE,1790170486830279.653	,18.621,0.227000,1,0,NO,"""1,151936;""",FLOAT;INT64,ND;ND,"""1""",INT32,ND,N/A
0,4294967295,2499,46,aclnnArgMax_CastAiCore_Cast,Cast,dynamic,AI_VECTOR_CORE,1790170486830298.294	,0.740,0.000000,1,0,NO,"""1""",INT32,ND,"""1""",INT64,ND,N/A
0,4294967295,2500,46,aclnnInplaceCopy_CastAiCore_Cast,Cast,dynamic,AI_VECTOR_CORE,1790170486830299.054	,1.240,0.010000,1,0,NO,"""1""",INT64,ND,"""1""",INT32,ND,N/A
0,4294967295,2505,46,aclnnInplaceFillScalar_FillAiCore_Fill,Fill,dynamic,AI_VECTOR_CORE,1790170486832692.970	,1.020,2392.760000,1,0,NO,"""1;""",INT64;INT32,ND;ND,"""1""",INT32,ND,N/A
0,4294967295,2508,46,aclnnInplaceFillScalar_FillAiCore_Fill,Fill,dynamic,AI_VECTOR_CORE,1790170486832754.712	,1.080,60.730000,1,0,NO,"""1;""",INT64;INT32,ND;ND,"""1""",INT32,ND,N/A
0,4294967295,2513,46,aclnnIndex_IndexAiCore_Index,Index,dynamic,AI_VECTOR_CORE,1790170486832844.936	,15.701,89.170000,48,0,NO,"""1;1;1;1""",INT32;INT64;INT64;INT64,ND;ND;ND;ND,"""1""",INT32,ND,N/A
0,4294967295,2514,46,aclnnInplaceCopy_CastAiCore_Cast,Cast,dynamic,AI_VECTOR_CORE,1790170486832860.657	,0.880,0.049000,1,0,NO,"""1""",INT32,ND,"""1""",INT64,ND,N/A
0,4294967295,2515,46,aclnnAdd_AddAiCore_Add,Add,dynamic,AI_VECTOR_CORE,1790170486832861.557	,2.400,0.000000,1,0,NO,"""1;1""",INT64;INT64,ND;ND,"""1""",INT64,ND,N/A
0,4294967295,2517,46,aclnnAdd_AddAiCore_Add,Add,dynamic,AI_VECTOR_CORE,1790170486832908.878	,1.221,45.100000,1,0,NO,"""1;1""",INT32;INT32,ND;ND,"""1""",INT32,ND,N/A
0,4294967295,2519,46,_compute_slot_mapping_kernel,_compute_slot_mapping_kernel,static,AI_VECTOR_CORE,1790170486833157.688	,120.345,247.529000,2,0,YES,"""2;1;1,1""",3625965952;32620;INT32,ND;ND;ND,"""130""",INT64,ND,N/A
0,4294967295,2520,46,aclnnSubs_SubAiCore_Sub,Sub,dynamic,AI_VECTOR_CORE,1790170486833278.073	,1.200,0.000000,1,0,NO,"""1;""",INT32;INT32,ND;ND,"""1""",INT32,ND,N/A
0,4294967295,2522,46,aclnnIndexSelect_GatherV3AiCore_GatherV3,GatherV3,dynamic,AI_VECTOR_CORE,1790170486833639.288	,2.620,360.050000,1,0,NO,"""32768,64;1;1""",DT_BF16;INT64;INT64,ND;ND;ND,"""1,64""",DT_BF16,ND,N/A
0,4294967295,2523,46,aclnnRepeat_TileAiCore_Tile,Tile,dynamic,AI_VECTOR_CORE,1790170486833646.368	,1.780,4.380000,1,0,NO,"""1,2,32;3""",DT_BF16;INT64,NCL;ND,"""1,2,64""",DT_BF16,ND,N/A
0,4294967295,2525,46,aclnnIndexSelect_GatherV3AiCore_GatherV3,GatherV3,dynamic,AI_VECTOR_CORE,1790170486833705.430	,2.180,57.470000,1,0,NO,"""32768,64;1;1""",DT_BF16;INT64;INT64,ND;ND;ND,"""1,64""",DT_BF16,ND,N/A
0,4294967295,2526,46,aclnnRepeat_TileAiCore_Tile,Tile,dynamic,AI_VECTOR_CORE,1790170486833708.550	,1.821,0.820000,1,0,NO,"""1,2,32;3""",DT_BF16;INT64,NCL;ND,"""1,2,64""",DT_BF16,ND,N/A
0,4294967295,2528,46,aclnnInplaceCopy_CastAiCore_Cast,Cast,dynamic,AI_VECTOR_CORE,1790170486834074.625	,1.000,364.179000,1,0,NO,"""1""",INT32,ND,"""1""",INT64,ND,N/A
0,4294967295,2529,46,aclnnEmbedding_GatherV2AiCore_GatherV2,GatherV2,dynamic,AI_VECTOR_CORE,1790170486834083.865	,11.581,8.250000,48,0,NO,"""151936,896;1;1""",DT_BF16;INT64;INT64,ND;ND;ND,"""1,896""",DT_BF16,ND,N/A
0,4294967295,2530,46,RmsNorm,RmsNorm,dynamic,AI_VECTOR_CORE,1790170486834173.189	,5.360,77.919000,1,0,NO,"""1,896;896""",DT_BF16;DT_BF16,ND;ND,"""1,896;1,1""",DT_BF16;FLOAT,ND;ND,N/A
0,4294967295,2531,46,aclnnAddmm_CastAiCore_Cast,Cast,dynamic,AI_VECTOR_CORE,1790170486834241.172	,1.080,62.640000,2,0,NO,"""1152""",DT_BF16,ND,"""1152""",FLOAT,ND,N/A
0,4294967295,2532,46,aclnnAddmm_MatMulCommon_MatMulV2,MatMulV2,dynamic,AI_CORE,1790170486834244.272	,7.460,1.920000,24,0,NO,"""1,896;1152,896;1152""",DT_BF16;DT_BF16;FLOAT,ND;ND;ND,"""1,1152""",DT_BF16,ND,N/A
0,4294967295,2533,46,_triton_rope,_triton_rope,static,AI_VECTOR_CORE,1790170486834483.321	,3.081,231.540000,1,0,YES,"""1,14,64;1,2,64;32768,64""",DT_BF16;32620;DT_BF16,ND;ND;ND,"""1,14,64;1,2,64""",DT_BF16;32620,ND;ND,N/A
0,4294967295,2534,46,ReshapeAndCacheNdKernel,ReshapeAndCacheNdKernel,dynamic,AI_VECTOR_CORE,1790170486834918.079	,2.140,431.669000,1,0,NO,"""1,2,64;1,2,64;2,128,2,64;2,128,2,64;1""",DT_BF16;DT_BF16;DT_BF16;DT_BF16;INT32,ND;ND;ND;ND;ND,"""2,128,2,64;2,128,2,64""",DT_BF16;DT_BF16,ND;ND,N/A
0,4294967295,2535,46,FusedInferAttentionScore,FusedInferAttentionScore,dynamic,MIX_AIC,1790170486835257.692	,22.261,337.610000,24,48,NO,"""1,14,64;2,128,128;2,128,128;;2048,2048;1;1;;;;;;;;1,1;;;;;;;;;;;;;;;;""",DT_BF16;DT_BF16;DT_BF16;DT_UNDEFINED;INT8;INT64;INT64;DT_UNDEFINED;DT_UNDEFINED;DT_UNDEFINED;DT_UNDEFINED;DT_UNDEFINED;DT_UNDEFINED;DT_UNDEFINED;INT32;DT_UNDEFINED;DT_UNDEFINED;DT_UNDEFINED;DT_UNDEFINED;DT_UNDEFINED;DT_UNDEFINED;DT_UNDEFINED;DT_UNDEFINED;DT_UNDEFINED;DT_UNDEFINED;DT_UNDEFINED;DT_UNDEFINED;DT_UNDEFINED;DT_UNDEFINED;DT_UNDEFINED;DT_UNDEFINED,ND;ND;ND;NULL;ND;ND;ND;NULL;NULL;NULL;NULL;NULL;NULL;NULL;ND;NULL;NULL;NULL;NULL;NULL;NULL;NULL;NULL;NULL;NULL;NULL;NULL;NULL;NULL;NULL;NULL,"""1,14,64;""",DT_BF16;FLOAT,ND;ND,0
0,4294967295,2537,46,aclnnMatmul_MatMulCommon_MatMulV2,MatMulV2,dynamic,AI_CORE,1790170486835519.263	,5.720,239.239000,19,0,NO,"""1,896;896,896""",DT_BF16;DT_BF16,ND;ND,"""1,896""",DT_BF16,ND,N/A
0,4294967295,2538,46,AddRmsNormBias,AddRmsNormBias,dynamic,AI_VECTOR_CORE,1790170486835602.486	,2.040,77.530000,1,0,NO,"""1,896;1,896;896;""",DT_BF16;DT_BF16;DT_BF16;DT_UNDEFINED,ND;ND;ND;NULL,"""1,896;1,1;1,896""",DT_BF16;FLOAT;DT_BF16,ND;ND;ND,N/A
0,4294967295,2539,46,aclnnMatmul_MatMulCommon_MatMulV2,MatMulV2,dynamic,AI_CORE,1790170486835646.928	,19.301,42.460000,22,0,NO,"""1,896;9728,896""",DT_BF16;DT_BF16,ND;ND,"""1,9728""",DT_BF16,ND,N/A
0,4294967295,2540,46,SwiGlu,SwiGlu,dynamic,AI_VECTOR_CORE,1790170486835683.629	,4.021,17.449000,1,0,NO,"""1,9728""",DT_BF16,ND,"""1,4864""",DT_BF16,ND,N/A
0,4294967295,2541,46,aclnnMatmul_MatMulCommon_MatMulV2,MatMulV2,dynamic,AI_CORE,1790170486835715.491	,16.600,27.729000,19,0,NO,"""1,4864;896,4864""",DT_BF16;DT_BF16,ND;ND,"""1,896""",DT_BF16,ND,N/A
0,4294967295,2542,46,AddRmsNormBias,AddRmsNormBias,dynamic,AI_VECTOR_CORE,1790170486835777.713	,1.700,45.650000,1,0,NO,"""1,896;1,896;896;""",DT_BF16;DT_BF16;DT_BF16;DT_UNDEFINED,ND;ND;ND;NULL,"""1,896;1,1;1,896""",DT_BF16;FLOAT;DT_BF16,ND;ND;ND,N/A
0,4294967295,2543,46,aclnnAddmm_CastAiCore_Cast,Cast,dynamic,AI_VECTOR_CORE,1790170486835818.995	,1.080,39.550000,2,0,NO,"""1152""",DT_BF16,ND,"""1152""",FLOAT,ND,N/A
0,4294967295,2544,46,aclnnAddmm_MatMulCommon_MatMulV2,MatMulV2,dynamic,AI_CORE,1790170486835822.275	,8.280,2.170000,24,0,NO,"""1,896;1152,896;1152""",DT_BF16;DT_BF16;FLOAT,ND;ND;ND,"""1,1152""",DT_BF16,ND,N/A
0,4294967295,2545,46,_triton_rope,_triton_rope,static,AI_VECTOR_CORE,1790170486836056.684	,2.780,226.220000,1,0,YES,"""1,14,64;1,2,64;32768,64""",DT_BF16;32620;DT_BF16,ND;ND;ND,"""1,14,64;1,2,64""",DT_BF16;32620,ND;ND,N/A
0,4294967295,2546,46,ReshapeAndCacheNdKernel,ReshapeAndCacheNdKernel,dynamic,AI_VECTOR_CORE,1790170486836423.919	,1.620,364.470000,1,0,NO,"""1,2,64;1,2,64;2,128,2,64;2,128,2,64;1""",DT_BF16;DT_BF16;DT_BF16;DT_BF16;INT32,ND;ND;ND;ND;ND,"""2,128,2,64;2,128,2,64""",DT_BF16;DT_BF16,ND;ND,N/A
0,4294967295,2547,46,FusedInferAttentionScore,FusedInferAttentionScore,dynamic,MIX_AIC,1790170486836773.193	,20.281,347.630000,24,48,NO,"""1,14,64;2,128,128;2,128,128;;2048,2048;1;1;;;;;;;;1,1;;;;;;;;;;;;;;;;""",DT_BF16;DT_BF16;DT_BF16;DT_UNDEFINED;INT8;INT64;INT64;DT_UNDEFINED;DT_UNDEFINED;DT_UNDEFINED;DT_UNDEFINED;DT_UNDEFINED;DT_UNDEFINED;DT_UNDEFINED;INT32;DT_UNDEFINED;DT_UNDEFINED;DT_UNDEFINED;DT_UNDEFINED;DT_UNDEFINED;DT_UNDEFINED;DT_UNDEFINED;DT_UNDEFINED;DT_UNDEFINED;DT_UNDEFINED;DT_UNDEFINED;DT_UNDEFINED;DT_UNDEFINED;DT_UNDEFINED;DT_UNDEFINED;DT_UNDEFINED,ND;ND;ND;NULL;ND;ND;ND;NULL;NULL;NULL;NULL;NULL;NULL;NULL;ND;NULL;NULL;NULL;NULL;NULL;NULL;NULL;NULL;NULL;NULL;NULL;NULL;NULL;NULL;NULL;NULL,"""1,14,64;""",DT_BF16;FLOAT,ND;ND,0
0,4294967295,2549,46,aclnnMatmul_MatMulCommon_MatMulV2,MatMulV2,dynamic,AI_CORE,1790170486837026.103	,5.880,232.469000,19,0,NO,"""1,896;896,896""",DT_BF16;DT_BF16,ND;ND,"""1,896""",DT_BF16,ND,N/A
0,4294967295,2550,46,AddRmsNormBias,AddRmsNormBias,dynamic,AI_VECTOR_CORE,1790170486837102.146	,1.720,70.370000,1,0,NO,"""1,896;1,896;896;""",DT_BF16;DT_BF16;DT_BF16;DT_UNDEFINED,ND;ND;ND;NULL,"""1,896;1,1;1,896""",DT_BF16;FLOAT;DT_BF16,ND;ND;ND,N/A
0,4294967295,2551,46,aclnnMatmul_MatMulCommon_MatMulV2,MatMulV2,dynamic,AI_CORE,1790170486837149.428	,19.481,45.530000,22,0,NO,"""1,896;9728,896""",DT_BF16;DT_BF16,ND;ND,"""1,9728""",DT_BF16,ND,N/A
0,4294967295,2552,46,SwiGlu,SwiGlu,dynamic,AI_VECTOR_CORE,1790170486837184.609	,3.041,15.519000,1,0,NO,"""1,9728""",DT_BF16,ND,"""1,4864""",DT_BF16,ND,N/A
0,4294967295,2553,46,aclnnMatmul_MatMulCommon_MatMulV2,MatMulV2,dynamic,AI_CORE,1790170486837226.051	,16.741,38.459000,19,0,NO,"""1,4864;896,4864""",DT_BF16;DT_BF16,ND;ND,"""1,896""",DT_BF16,ND,N/A
0,4294967295,2554,46,AddRmsNormBias,AddRmsNormBias,dynamic,AI_VECTOR_CORE,1790170486837294.874	,1.720,52.009000,1,0,NO,"""1,896;1,896;896;""",DT_BF16;DT_BF16;DT_BF16;DT_UNDEFINED,ND;ND;ND;NULL,"""1,896;1,1;1,896""",DT_BF16;FLOAT;DT_BF16,ND;ND;ND,N/A
0,4294967295,2555,46,aclnnAddmm_CastAiCore_Cast,Cast,dynamic,AI_VECTOR_CORE,1790170486837335.335	,1.221,38.780000,2,0,NO,"""1152""",DT_BF16,ND,"""1152""",FLOAT,ND,N/A
0,4294967295,2556,46,aclnnAddmm_MatMulCommon_MatMulV2,MatMulV2,dynamic,AI_CORE,1790170486837338.616	,7.600,2.029000,24,0,NO,"""1,896;1152,896;1152""",DT_BF16;DT_BF16;FLOAT,ND;ND;ND,"""1,1152""",DT_BF16,ND,N/A
0,4294967295,2557,46,_triton_rope,_triton_rope,static,AI_VECTOR_CORE,1790170486837571.185	,2.760,225.150000,1,0,YES,"""1,14,64;1,2,64;32768,64""",DT_BF16;32620;DT_BF16,ND;ND;ND,"""1,14,64;1,2,64""",DT_BF16;32620,ND;ND,N/A
0,4294967295,2558,46,ReshapeAndCacheNdKernel,ReshapeAndCacheNdKernel,dynamic,AI_VECTOR_CORE,1790170486837941.540	,1.620,367.490000,1,0,NO,"""1,2,64;1,2,64;2,128,2,64;2,128,2,64;1""",DT_BF16;DT_BF16;DT_BF16;DT_BF16;INT32,ND;ND;ND;ND;ND,"""2,128,2,64;2,128,2,64""",DT_BF16;DT_BF16,ND;ND,N/A
0,4294967295,2559,46,FusedInferAttentionScore,FusedInferAttentionScore,dynamic,MIX_AIC,1790170486838284.933	,19.761,341.880000,24,48,NO,"""1,14,64;2,128,128;2,128,128;;2048,2048;1;1;;;;;;;;1,1;;;;;;;;;;;;;;;;""",DT_BF16;DT_BF16;DT_BF16;DT_UNDEFINED;INT8;INT64;INT64;DT_UNDEFINED;DT_UNDEFINED;DT_UNDEFINED;DT_UNDEFINED;DT_UNDEFINED;DT_UNDEFINED;DT_UNDEFINED;INT32;DT_UNDEFINED;DT_UNDEFINED;DT_UNDEFINED;DT_UNDEFINED;DT_UNDEFINED;DT_UNDEFINED;DT_UNDEFINED;DT_UNDEFINED;DT_UNDEFINED;DT_UNDEFINED;DT_UNDEFINED;DT_UNDEFINED;DT_UNDEFINED;DT_UNDEFINED;DT_UNDEFINED;DT_UNDEFINED,ND;ND;ND;NULL;ND;ND;ND;NULL;NULL;NULL;NULL;NULL;NULL;NULL;ND;NULL;NULL;NULL;NULL;NULL;NULL;NULL;NULL;NULL;NULL;NULL;NULL;NULL;NULL;NULL;NULL,"""1,14,64;""",DT_BF16;FLOAT,ND;ND,0
0,4294967295,2561,46,aclnnMatmul_MatMulCommon_MatMulV2,MatMulV2,dynamic,AI_CORE,1790170486838564.085	,5.920,259.239000,19,0,NO,"""1,896;896,896""",DT_BF16;DT_BF16,ND;ND,"""1,896""",DT_BF16,ND,N/A
0,4294967295,2562,46,AddRmsNormBias,AddRmsNormBias,dynamic,AI_VECTOR_CORE,1790170486838634.087	,1.680,64.080000,1,0,NO,"""1,896;1,896;896;""",DT_BF16;DT_BF16;DT_BF16;DT_UNDEFINED,ND;ND;ND;NULL,"""1,896;1,1;1,896""",DT_BF16;FLOAT;DT_BF16,ND;ND;ND,N/A
0,4294967295,2563,46,aclnnMatmul_MatMulCommon_MatMulV2,MatMulV2,dynamic,AI_CORE,1790170486838680.709	,19.421,45.070000,22,0,NO,"""1,896;9728,896""",DT_BF16;DT_BF16,ND;ND,"""1,9728""",DT_BF16,ND,N/A
0,4294967295,2564,46,SwiGlu,SwiGlu,dynamic,AI_VECTOR_CORE,1790170486838716.691	,2.920,16.579000,1,0,NO,"""1,9728""",DT_BF16,ND,"""1,4864""",DT_BF16,ND,N/A
0,4294967295,2565,46,aclnnMatmul_MatMulCommon_MatMulV2,MatMulV2,dynamic,AI_CORE,1790170486838749.232	,16.901,29.580000,19,0,NO,"""1,4864;896,4864""",DT_BF16;DT_BF16,ND;ND,"""1,896""",DT_BF16,ND,N/A
0,4294967295,2566,46,AddRmsNormBias,AddRmsNormBias,dynamic,AI_VECTOR_CORE,1790170486838812.735	,1.660,46.599000,1,0,NO,"""1,896;1,896;896;""",DT_BF16;DT_BF16;DT_BF16;DT_UNDEFINED,ND;ND;ND;NULL,"""1,896;1,1;1,896""",DT_BF16;FLOAT;DT_BF16,ND;ND;ND,N/A
0,4294967295,2567,46,aclnnAddmm_CastAiCore_Cast,Cast,dynamic,AI_VECTOR_CORE,1790170486838856.236	,1.100,41.840000,2,0,NO,"""1152""",DT_BF16,ND,"""1152""",FLOAT,ND,N/A
0,4294967295,2568,46,aclnnAddmm_MatMulCommon_MatMulV2,MatMulV2,dynamic,AI_CORE,1790170486838859.356	,7.681,1.900000,24,0,NO,"""1,896;1152,896;1152""",DT_BF16;DT_BF16;FLOAT,ND;ND;ND,"""1,1152""",DT_BF16,ND,N/A
0,4294967295,2569,46,_triton_rope,_triton_rope,static,AI_VECTOR_CORE,1790170486839095.526	,2.720,228.569000,1,0,YES,"""1,14,64;1,2,64;32768,64""",DT_BF16;32620;DT_BF16,ND;ND;ND,"""1,14,64;1,2,64""",DT_BF16;32620,ND;ND,N/A
0,4294967295,2570,46,ReshapeAndCacheNdKernel,ReshapeAndCacheNdKernel,dynamic,AI_VECTOR_CORE,1790170486839450.540	,1.720,352.280000,1,0,NO,"""1,2,64;1,2,64;2,128,2,64;2,128,2,64;1""",DT_BF16;DT_BF16;DT_BF16;DT_BF16;INT32,ND;ND;ND;ND;ND,"""2,128,2,64;2,128,2,64""",DT_BF16;DT_BF16,ND;ND,N/A
0,4294967295,2571,46,FusedInferAttentionScore,FusedInferAttentionScore,dynamic,MIX_AIC,1790170486839793.234	,20.061,341.030000,24,48,NO,"""1,14,64;2,128,128;2,128,128;;2048,2048;1;1;;;;;;;;1,1;;;;;;;;;;;;;;;;""",DT_BF16;DT_BF16;DT_BF16;DT_UNDEFINED;INT8;INT64;INT64;DT_UNDEFINED;DT_UNDEFINED;DT_UNDEFINED;DT_UNDEFINED;DT_UNDEFINED;DT_UNDEFINED;DT_UNDEFINED;INT32;DT_UNDEFINED;DT_UNDEFINED;DT_UNDEFINED;DT_UNDEFINED;DT_UNDEFINED;DT_UNDEFINED;DT_UNDEFINED;DT_UNDEFINED;DT_UNDEFINED;DT_UNDEFINED;DT_UNDEFINED;DT_UNDEFINED;DT_UNDEFINED;DT_UNDEFINED;DT_UNDEFINED;DT_UNDEFINED,ND;ND;ND;NULL;ND;ND;ND;NULL;NULL;NULL;NULL;NULL;NULL;NULL;ND;NULL;NULL;NULL;NULL;NULL;NULL;NULL;NULL;NULL;NULL;NULL;NULL;NULL;NULL;NULL;NULL,"""1,14,64;""",DT_BF16;FLOAT,ND;ND,0
0,4294967295,2573,46,aclnnMatmul_MatMulCommon_MatMulV2,MatMulV2,dynamic,AI_CORE,1790170486840041.404	,5.880,228.189000,19,0,NO,"""1,896;896,896""",DT_BF16;DT_BF16,ND;ND,"""1,896""",DT_BF16,ND,N/A
0,4294967295,2574,46,AddRmsNormBias,AddRmsNormBias,dynamic,AI_VECTOR_CORE,1790170486840110.826	,1.741,63.370000,1,0,NO,"""1,896;1,896;896;""",DT_BF16;DT_BF16;DT_BF16;DT_UNDEFINED,ND;ND;ND;NULL,"""1,896;1,1;1,896""",DT_BF16;FLOAT;DT_BF16,ND;ND;ND,N/A
0,4294967295,2575,46,aclnnMatmul_MatMulCommon_MatMulV2,MatMulV2,dynamic,AI_CORE,1790170486840154.968	,19.441,42.509000,22,0,NO,"""1,896;9728,896""",DT_BF16;DT_BF16,ND;ND,"""1,9728""",DT_BF16,ND,N/A
0,4294967295,2576,46,SwiGlu,SwiGlu,dynamic,AI_VECTOR_CORE,1790170486840200.090	,2.940,25.559000,1,0,NO,"""1,9728""",DT_BF16,ND,"""1,4864""",DT_BF16,ND,N/A
0,4294967295,2577,46,aclnnMatmul_MatMulCommon_MatMulV2,MatMulV2,dynamic,AI_CORE,1790170486840219.251	,16.560,16.310000,19,0,NO,"""1,4864;896,4864""",DT_BF16;DT_BF16,ND;ND,"""1,896""",DT_BF16,ND,N/A
0,4294967295,2578,46,AddRmsNormBias,AddRmsNormBias,dynamic,AI_VECTOR_CORE,1790170486840293.154	,1.720,57.440000,1,0,NO,"""1,896;1,896;896;""",DT_BF16;DT_BF16;DT_BF16;DT_UNDEFINED,ND;ND;ND;NULL,"""1,896;1,1;1,896""",DT_BF16;FLOAT;DT_BF16,ND;ND;ND,N/A
0,4294967295,2579,46,aclnnAddmm_CastAiCore_Cast,Cast,dynamic,AI_VECTOR_CORE,1790170486840336.935	,1.161,42.030000,2,0,NO,"""1152""",DT_BF16,ND,"""1152""",FLOAT,ND,N/A
0,4294967295,2580,46,aclnnAddmm_MatMulCommon_MatMulV2,MatMulV2,dynamic,AI_CORE,1790170486840340.056	,7.560,1.839000,24,0,NO,"""1,896;1152,896;1152""",DT_BF16;DT_BF16;FLOAT,ND;ND;ND,"""1,1152""",DT_BF16,ND,N/A
0,4294967295,2581,46,_triton_rope,_triton_rope,static,AI_VECTOR_CORE,1790170486840576.965	,2.700,229.440000,1,0,YES,"""1,14,64;1,2,64;32768,64""",DT_BF16;32620;DT_BF16,ND;ND;ND,"""1,14,64;1,2,64""",DT_BF16;32620,ND;ND,N/A
0,4294967295,2582,46,ReshapeAndCacheNdKernel,ReshapeAndCacheNdKernel,dynamic,AI_VECTOR_CORE,1790170486840944.920	,1.520,365.300000,1,0,NO,"""1,2,64;1,2,64;2,128,2,64;2,128,2,64;1""",DT_BF16;DT_BF16;DT_BF16;DT_BF16;INT32,ND;ND;ND;ND;ND,"""2,128,2,64;2,128,2,64""",DT_BF16;DT_BF16,ND;ND,N/A
0,4294967295,2583,46,FusedInferAttentionScore,FusedInferAttentionScore,dynamic,MIX_AIC,1790170486841311.814	,21.461,365.230000,24,48,NO,"""1,14,64;2,128,128;2,128,128;;2048,2048;1;1;;;;;;;;1,1;;;;;;;;;;;;;;;;""",DT_BF16;DT_BF16;DT_BF16;DT_UNDEFINED;INT8;INT64;INT64;DT_UNDEFINED;DT_UNDEFINED;DT_UNDEFINED;DT_UNDEFINED;DT_UNDEFINED;DT_UNDEFINED;DT_UNDEFINED;INT32;DT_UNDEFINED;DT_UNDEFINED;DT_UNDEFINED;DT_UNDEFINED;DT_UNDEFINED;DT_UNDEFINED;DT_UNDEFINED;DT_UNDEFINED;DT_UNDEFINED;DT_UNDEFINED;DT_UNDEFINED;DT_UNDEFINED;DT_UNDEFINED;DT_UNDEFINED;DT_UNDEFINED;DT_UNDEFINED,ND;ND;ND;NULL;ND;ND;ND;NULL;NULL;NULL;NULL;NULL;NULL;NULL;ND;NULL;NULL;NULL;NULL;NULL;NULL;NULL;NULL;NULL;NULL;NULL;NULL;NULL;NULL;NULL;NULL,"""1,14,64;""",DT_BF16;FLOAT,ND;ND,0
0,4294967295,2585,46,aclnnMatmul_MatMulCommon_MatMulV2,MatMulV2,dynamic,AI_CORE,1790170486841584.385	,5.621,251.289000,19,0,NO,"""1,896;896,896""",DT_BF16;DT_BF16,ND;ND,"""1,896""",DT_BF16,ND,N/A
0,4294967295,2586,46,AddRmsNormBias,AddRmsNormBias,dynamic,AI_VECTOR_CORE,1790170486841656.908	,1.640,66.879000,1,0,NO,"""1,896;1,896;896;""",DT_BF16;DT_BF16;DT_BF16;DT_UNDEFINED,ND;ND;ND;NULL,"""1,896;1,1;1,896""",DT_BF16;FLOAT;DT_BF16,ND;ND;ND,N/A
0,4294967295,2587,46,aclnnMatmul_MatMulCommon_MatMulV2,MatMulV2,dynamic,AI_CORE,1790170486841700.350	,19.301,41.610000,22,0,NO,"""1,896;9728,896""",DT_BF16;DT_BF16,ND;ND,"""1,9728""",DT_BF16,ND,N/A
0,4294967295,2588,46,SwiGlu,SwiGlu,dynamic,AI_VECTOR_CORE,1790170486841735.911	,2.901,16.449000,1,0,NO,"""1,9728""",DT_BF16,ND,"""1,4864""",DT_BF16,ND,N/A
0,4294967295,2589,46,aclnnMatmul_MatMulCommon_MatMulV2,MatMulV2,dynamic,AI_CORE,1790170486841768.253	,16.620,29.349000,19,0,NO,"""1,4864;896,4864""",DT_BF16;DT_BF16,ND;ND,"""1,896""",DT_BF16,ND,N/A
0,4294967295,2590,46,AddRmsNormBias,AddRmsNormBias,dynamic,AI_VECTOR_CORE,1790170486841836.375	,1.620,51.630000,1,0,NO,"""1,896;1,896;896;""",DT_BF16;DT_BF16;DT_BF16;DT_UNDEFINED,ND;ND;ND;NULL,"""1,896;1,1;1,896""",DT_BF16;FLOAT;DT_BF16,ND;ND;ND,N/A
0,4294967295,2591,46,aclnnAddmm_CastAiCore_Cast,Cast,dynamic,AI_VECTOR_CORE,1790170486841872.917	,1.140,34.880000,2,0,NO,"""1152""",DT_BF16,ND,"""1152""",FLOAT,ND,N/A
0,4294967295,2592,46,aclnnAddmm_MatMulCommon_MatMulV2,MatMulV2,dynamic,AI_CORE,1790170486841875.277	,7.840,1.110000,24,0,NO,"""1,896;1152,896;1152""",DT_BF16;DT_BF16;FLOAT,ND;ND;ND,"""1,1152""",DT_BF16,ND,N/A
0,4294967295,2593,46,_triton_rope,_triton_rope,static,AI_VECTOR_CORE,1790170486842107.166	,2.780,224.160000,1,0,YES,"""1,14,64;1,2,64;32768,64""",DT_BF16;32620;DT_BF16,ND;ND;ND,"""1,14,64;1,2,64""",DT_BF16;32620,ND;ND,N/A
0,4294967295,2594,46,ReshapeAndCacheNdKernel,ReshapeAndCacheNdKernel,dynamic,AI_VECTOR_CORE,1790170486842455.560	,1.600,345.470000,1,0,NO,"""1,2,64;1,2,64;2,128,2,64;2,128,2,64;1""",DT_BF16;DT_BF16;DT_BF16;DT_BF16;INT32,ND;ND;ND;ND;ND,"""2,128,2,64;2,128,2,64""",DT_BF16;DT_BF16,ND;ND,N/A
0,4294967295,2595,46,FusedInferAttentionScore,FusedInferAttentionScore,dynamic,MIX_AIC,1790170486842791.434	,21.540,334.400000,24,48,NO,"""1,14,64;2,128,128;2,128,128;;2048,2048;1;1;;;;;;;;1,1;;;;;;;;;;;;;;;;""",DT_BF16;DT_BF16;DT_BF16;DT_UNDEFINED;INT8;INT64;INT64;DT_UNDEFINED;DT_UNDEFINED;DT_UNDEFINED;DT_UNDEFINED;DT_UNDEFINED;DT_UNDEFINED;DT_UNDEFINED;INT32;DT_UNDEFINED;DT_UNDEFINED;DT_UNDEFINED;DT_UNDEFINED;DT_UNDEFINED;DT_UNDEFINED;DT_UNDEFINED;DT_UNDEFINED;DT_UNDEFINED;DT_UNDEFINED;DT_UNDEFINED;DT_UNDEFINED;DT_UNDEFINED;DT_UNDEFINED;DT_UNDEFINED;DT_UNDEFINED,ND;ND;ND;NULL;ND;ND;ND;NULL;NULL;NULL;NULL;NULL;NULL;NULL;ND;NULL;NULL;NULL;NULL;NULL;NULL;NULL;NULL;NULL;NULL;NULL;NULL;NULL;NULL;NULL;NULL,"""1,14,64;""",DT_BF16;FLOAT,ND;ND,0
0,4294967295,2597,46,aclnnMatmul_MatMulCommon_MatMulV2,MatMulV2,dynamic,AI_CORE,1790170486843051.004	,5.860,237.960000,19,0,NO,"""1,896;896,896""",DT_BF16;DT_BF16,ND;ND,"""1,896""",DT_BF16,ND,N/A
0,4294967295,2598,46,AddRmsNormBias,AddRmsNormBias,dynamic,AI_VECTOR_CORE,1790170486843126.647	,1.740,69.890000,1,0,NO,"""1,896;1,896;896;""",DT_BF16;DT_BF16;DT_BF16;DT_UNDEFINED,ND;ND;ND;NULL,"""1,896;1,1;1,896""",DT_BF16;FLOAT;DT_BF16,ND;ND;ND,N/A
0,4294967295,2599,46,aclnnMatmul_MatMulCommon_MatMulV2,MatMulV2,dynamic,AI_CORE,1790170486843171.569	,20.401,43.010000,22,0,NO,"""1,896;9728,896""",DT_BF16;DT_BF16,ND;ND,"""1,9728""",DT_BF16,ND,N/A
0,4294967295,2600,46,SwiGlu,SwiGlu,dynamic,AI_VECTOR_CORE,1790170486843206.550	,3.040,14.599000,1,0,NO,"""1,9728""",DT_BF16,ND,"""1,4864""",DT_BF16,ND,N/A
0,4294967295,2601,46,aclnnMatmul_MatMulCommon_MatMulV2,MatMulV2,dynamic,AI_CORE,1790170486843241.412	,16.700,31.960000,19,0,NO,"""1,4864;896,4864""",DT_BF16;DT_BF16,ND;ND,"""1,896""",DT_BF16,ND,N/A
0,4294967295,2602,46,AddRmsNormBias,AddRmsNormBias,dynamic,AI_VECTOR_CORE,1790170486843303.814	,1.700,45.550000,1,0,NO,"""1,896;1,896;896;""",DT_BF16;DT_BF16;DT_BF16;DT_UNDEFINED,ND;ND;ND;NULL,"""1,896;1,1;1,896""",DT_BF16;FLOAT;DT_BF16,ND;ND;ND,N/A
0,4294967295,2603,46,aclnnAddmm_CastAiCore_Cast,Cast,dynamic,AI_VECTOR_CORE,1790170486843347.316	,1.300,41.800000,2,0,NO,"""1152""",DT_BF16,ND,"""1152""",FLOAT,ND,N/A
0,4294967295,2604,46,aclnnAddmm_MatMulCommon_MatMulV2,MatMulV2,dynamic,AI_CORE,1790170486843349.976	,7.580,1.450000,24,0,NO,"""1,896;1152,896;1152""",DT_BF16;DT_BF16;FLOAT,ND;ND;ND,"""1,1152""",DT_BF16,ND,N/A
0,4294967295,2605,46,_triton_rope,_triton_rope,static,AI_VECTOR_CORE,1790170486843586.065	,2.920,228.420000,1,0,YES,"""1,14,64;1,2,64;32768,64""",DT_BF16;32620;DT_BF16,ND;ND;ND,"""1,14,64;1,2,64""",DT_BF16;32620,ND;ND,N/A
0,4294967295,2606,46,ReshapeAndCacheNdKernel,ReshapeAndCacheNdKernel,dynamic,AI_VECTOR_CORE,1790170486843948.800	,1.640,359.830000,1,0,NO,"""1,2,64;1,2,64;2,128,2,64;2,128,2,64;1""",DT_BF16;DT_BF16;DT_BF16;DT_BF16;INT32,ND;ND;ND;ND;ND,"""2,128,2,64;2,128,2,64""",DT_BF16;DT_BF16,ND;ND,N/A
0,4294967295,2607,46,FusedInferAttentionScore,FusedInferAttentionScore,dynamic,MIX_AIC,1790170486844319.215	,23.541,368.860000,24,48,NO,"""1,14,64;2,128,128;2,128,128;;2048,2048;1;1;;;;;;;;1,1;;;;;;;;;;;;;;;;""",DT_BF16;DT_BF16;DT_BF16;DT_UNDEFINED;INT8;INT64;INT64;DT_UNDEFINED;DT_UNDEFINED;DT_UNDEFINED;DT_UNDEFINED;DT_UNDEFINED;DT_UNDEFINED;DT_UNDEFINED;INT32;DT_UNDEFINED;DT_UNDEFINED;DT_UNDEFINED;DT_UNDEFINED;DT_UNDEFINED;DT_UNDEFINED;DT_UNDEFINED;DT_UNDEFINED;DT_UNDEFINED;DT_UNDEFINED;DT_UNDEFINED;DT_UNDEFINED;DT_UNDEFINED;DT_UNDEFINED;DT_UNDEFINED;DT_UNDEFINED,ND;ND;ND;NULL;ND;ND;ND;NULL;NULL;NULL;NULL;NULL;NULL;NULL;ND;NULL;NULL;NULL;NULL;NULL;NULL;NULL;NULL;NULL;NULL;NULL;NULL;NULL;NULL;NULL;NULL,"""1,14,64;""",DT_BF16;FLOAT,ND;ND,0
0,4294967295,2609,46,aclnnMatmul_MatMulCommon_MatMulV2,MatMulV2,dynamic,AI_CORE,1790170486844585.945	,5.621,243.209000,19,0,NO,"""1,896;896,896""",DT_BF16;DT_BF16,ND;ND,"""1,896""",DT_BF16,ND,N/A
0,4294967295,2610,46,AddRmsNormBias,AddRmsNormBias,dynamic,AI_VECTOR_CORE,1790170486844660.828	,1.660,69.129000,1,0,NO,"""1,896;1,896;896;""",DT_BF16;DT_BF16;DT_BF16;DT_UNDEFINED,ND;ND;ND;NULL,"""1,896;1,1;1,896""",DT_BF16;FLOAT;DT_BF16,ND;ND;ND,N/A
0,4294967295,2611,46,aclnnMatmul_MatMulCommon_MatMulV2,MatMulV2,dynamic,AI_CORE,1790170486844704.370	,21.521,41.840000,22,0,NO,"""1,896;9728,896""",DT_BF16;DT_BF16,ND;ND,"""1,9728""",DT_BF16,ND,N/A
0,4294967295,2612,46,SwiGlu,SwiGlu,dynamic,AI_VECTOR_CORE,1790170486844740.812	,2.900,14.979000,1,0,NO,"""1,9728""",DT_BF16,ND,"""1,4864""",DT_BF16,ND,N/A
0,4294967295,2613,46,aclnnMatmul_MatMulCommon_MatMulV2,MatMulV2,dynamic,AI_CORE,1790170486844776.993	,16.621,33.350000,19,0,NO,"""1,4864;896,4864""",DT_BF16;DT_BF16,ND;ND,"""1,896""",DT_BF16,ND,N/A
0,4294967295,2614,46,AddRmsNormBias,AddRmsNormBias,dynamic,AI_VECTOR_CORE,1790170486844849.616	,1.680,55.879000,1,0,NO,"""1,896;1,896;896;""",DT_BF16;DT_BF16;DT_BF16;DT_UNDEFINED,ND;ND;ND;NULL,"""1,896;1,1;1,896""",DT_BF16;FLOAT;DT_BF16,ND;ND;ND,N/A
0,4294967295,2615,46,aclnnAddmm_CastAiCore_Cast,Cast,dynamic,AI_VECTOR_CORE,1790170486844892.578	,1.160,41.320000,2,0,NO,"""1152""",DT_BF16,ND,"""1152""",FLOAT,ND,N/A
0,4294967295,2616,46,aclnnAddmm_MatMulCommon_MatMulV2,MatMulV2,dynamic,AI_CORE,1790170486844895.078	,7.360,1.340000,24,0,NO,"""1,896;1152,896;1152""",DT_BF16;DT_BF16;FLOAT,ND;ND;ND,"""1,1152""",DT_BF16,ND,N/A
0,4294967295,2617,46,_triton_rope,_triton_rope,static,AI_VECTOR_CORE,1790170486845129.787	,2.960,227.390000,1,0,YES,"""1,14,64;1,2,64;32768,64""",DT_BF16;32620;DT_BF16,ND;ND;ND,"""1,14,64;1,2,64""",DT_BF16;32620,ND;ND,N/A
0,4294967295,2618,46,ReshapeAndCacheNdKernel,ReshapeAndCacheNdKernel,dynamic,AI_VECTOR_CORE,1790170486845512.482	,1.600,379.790000,1,0,NO,"""1,2,64;1,2,64;2,128,2,64;2,128,2,64;1""",DT_BF16;DT_BF16;DT_BF16;DT_BF16;INT32,ND;ND;ND;ND;ND,"""2,128,2,64;2,128,2,64""",DT_BF16;DT_BF16,ND;ND,N/A
0,4294967295,2619,46,FusedInferAttentionScore,FusedInferAttentionScore,dynamic,MIX_AIC,1790170486845853.636	,25.421,339.650000,24,48,NO,"""1,14,64;2,128,128;2,128,128;;2048,2048;1;1;;;;;;;;1,1;;;;;;;;;;;;;;;;""",DT_BF16;DT_BF16;DT_BF16;DT_UNDEFINED;INT8;INT64;INT64;DT_UNDEFINED;DT_UNDEFINED;DT_UNDEFINED;DT_UNDEFINED;DT_UNDEFINED;DT_UNDEFINED;DT_UNDEFINED;INT32;DT_UNDEFINED;DT_UNDEFINED;DT_UNDEFINED;DT_UNDEFINED;DT_UNDEFINED;DT_UNDEFINED;DT_UNDEFINED;DT_UNDEFINED;DT_UNDEFINED;DT_UNDEFINED;DT_UNDEFINED;DT_UNDEFINED;DT_UNDEFINED;DT_UNDEFINED;DT_UNDEFINED;DT_UNDEFINED,ND;ND;ND;NULL;ND;ND;ND;NULL;NULL;NULL;NULL;NULL;NULL;NULL;ND;NULL;NULL;NULL;NULL;NULL;NULL;NULL;NULL;NULL;NULL;NULL;NULL;NULL;NULL;NULL;NULL,"""1,14,64;""",DT_BF16;FLOAT,ND;ND,0
0,4294967295,2621,46,aclnnMatmul_MatMulCommon_MatMulV2,MatMulV2,dynamic,AI_CORE,1790170486846114.906	,5.601,235.829000,19,0,NO,"""1,896;896,896""",DT_BF16;DT_BF16,ND;ND,"""1,896""",DT_BF16,ND,N/A
0,4294967295,2622,46,AddRmsNormBias,AddRmsNormBias,dynamic,AI_VECTOR_CORE,1790170486846187.809	,1.740,67.149000,1,0,NO,"""1,896;1,896;896;""",DT_BF16;DT_BF16;DT_BF16;DT_UNDEFINED,ND;ND;ND;NULL,"""1,896;1,1;1,896""",DT_BF16;FLOAT;DT_BF16,ND;ND;ND,N/A
0,4294967295,2623,46,aclnnMatmul_MatMulCommon_MatMulV2,MatMulV2,dynamic,AI_CORE,1790170486846233.951	,22.221,44.510000,22,0,NO,"""1,896;9728,896""",DT_BF16;DT_BF16,ND;ND,"""1,9728""",DT_BF16,ND,N/A
0,4294967295,2624,46,SwiGlu,SwiGlu,dynamic,AI_VECTOR_CORE,1790170486846271.373	,2.980,15.029000,1,0,NO,"""1,9728""",DT_BF16,ND,"""1,4864""",DT_BF16,ND,N/A
0,4294967295,2625,46,aclnnMatmul_MatMulCommon_MatMulV2,MatMulV2,dynamic,AI_CORE,1790170486846304.274	,16.681,30.020000,19,0,NO,"""1,4864;896,4864""",DT_BF16;DT_BF16,ND;ND,"""1,896""",DT_BF16,ND,N/A
0,4294967295,2626,46,AddRmsNormBias,AddRmsNormBias,dynamic,AI_VECTOR_CORE,1790170486846370.297	,2.000,49.319000,1,0,NO,"""1,896;1,896;896;""",DT_BF16;DT_BF16;DT_BF16;DT_UNDEFINED,ND;ND;ND;NULL,"""1,896;1,1;1,896""",DT_BF16;FLOAT;DT_BF16,ND;ND;ND,N/A
0,4294967295,2627,46,aclnnAddmm_CastAiCore_Cast,Cast,dynamic,AI_VECTOR_CORE,1790170486846415.218	,1.061,43.000000,2,0,NO,"""1152""",DT_BF16,ND,"""1152""",FLOAT,ND,N/A
0,4294967295,2628,46,aclnnAddmm_MatMulCommon_MatMulV2,MatMulV2,dynamic,AI_CORE,1790170486846417.939	,7.680,1.689000,24,0,NO,"""1,896;1152,896;1152""",DT_BF16;DT_BF16;FLOAT,ND;ND;ND,"""1,1152""",DT_BF16,ND,N/A
0,4294967295,2629,46,_triton_rope,_triton_rope,static,AI_VECTOR_CORE,1790170486846657.008	,2.860,231.320000,1,0,YES,"""1,14,64;1,2,64;32768,64""",DT_BF16;32620;DT_BF16,ND;ND;ND,"""1,14,64;1,2,64""",DT_BF16;32620,ND;ND,N/A
0,4294967295,2630,46,ReshapeAndCacheNdKernel,ReshapeAndCacheNdKernel,dynamic,AI_VECTOR_CORE,1790170486847015.882	,1.701,356.140000,1,0,NO,"""1,2,64;1,2,64;2,128,2,64;2,128,2,64;1""",DT_BF16;DT_BF16;DT_BF16;DT_BF16;INT32,ND;ND;ND;ND;ND,"""2,128,2,64;2,128,2,64""",DT_BF16;DT_BF16,ND;ND,N/A
0,4294967295,2631,46,FusedInferAttentionScore,FusedInferAttentionScore,dynamic,MIX_AIC,1790170486847363.256	,20.761,345.549000,24,48,NO,"""1,14,64;2,128,128;2,128,128;;2048,2048;1;1;;;;;;;;1,1;;;;;;;;;;;;;;;;""",DT_BF16;DT_BF16;DT_BF16;DT_UNDEFINED;INT8;INT64;INT64;DT_UNDEFINED;DT_UNDEFINED;DT_UNDEFINED;DT_UNDEFINED;DT_UNDEFINED;DT_UNDEFINED;DT_UNDEFINED;INT32;DT_UNDEFINED;DT_UNDEFINED;DT_UNDEFINED;DT_UNDEFINED;DT_UNDEFINED;DT_UNDEFINED;DT_UNDEFINED;DT_UNDEFINED;DT_UNDEFINED;DT_UNDEFINED;DT_UNDEFINED;DT_UNDEFINED;DT_UNDEFINED;DT_UNDEFINED;DT_UNDEFINED;DT_UNDEFINED,ND;ND;ND;NULL;ND;ND;ND;NULL;NULL;NULL;NULL;NULL;NULL;NULL;ND;NULL;NULL;NULL;NULL;NULL;NULL;NULL;NULL;NULL;NULL;NULL;NULL;NULL;NULL;NULL;NULL,"""1,14,64;""",DT_BF16;FLOAT,ND;ND,0
0,4294967295,2633,46,aclnnMatmul_MatMulCommon_MatMulV2,MatMulV2,dynamic,AI_CORE,1790170486847626.387	,5.960,242.489000,19,0,NO,"""1,896;896,896""",DT_BF16;DT_BF16,ND;ND,"""1,896""",DT_BF16,ND,N/A
0,4294967295,2634,46,AddRmsNormBias,AddRmsNormBias,dynamic,AI_VECTOR_CORE,1790170486847699.250	,1.760,66.790000,1,0,NO,"""1,896;1,896;896;""",DT_BF16;DT_BF16;DT_BF16;DT_UNDEFINED,ND;ND;ND;NULL,"""1,896;1,1;1,896""",DT_BF16;FLOAT;DT_BF16,ND;ND;ND,N/A
0,4294967295,2635,46,aclnnMatmul_MatMulCommon_MatMulV2,MatMulV2,dynamic,AI_CORE,1790170486847741.692	,19.440,40.740000,22,0,NO,"""1,896;9728,896""",DT_BF16;DT_BF16,ND;ND,"""1,9728""",DT_BF16,ND,N/A
0,4294967295,2636,46,SwiGlu,SwiGlu,dynamic,AI_VECTOR_CORE,1790170486847782.213	,4.240,21.060000,1,0,NO,"""1,9728""",DT_BF16,ND,"""1,4864""",DT_BF16,ND,N/A
0,4294967295,2637,46,aclnnMatmul_MatMulCommon_MatMulV2,MatMulV2,dynamic,AI_CORE,1790170486847814.794	,16.841,28.260000,19,0,NO,"""1,4864;896,4864""",DT_BF16;DT_BF16,ND;ND,"""1,896""",DT_BF16,ND,N/A
0,4294967295,2638,46,AddRmsNormBias,AddRmsNormBias,dynamic,AI_VECTOR_CORE,1790170486847874.497	,1.760,42.909000,1,0,NO,"""1,896;1,896;896;""",DT_BF16;DT_BF16;DT_BF16;DT_UNDEFINED,ND;ND;ND;NULL,"""1,896;1,1;1,896""",DT_BF16;FLOAT;DT_BF16,ND;ND;ND,N/A
0,4294967295,2639,46,aclnnAddmm_CastAiCore_Cast,Cast,dynamic,AI_VECTOR_CORE,1790170486847917.059	,1.080,40.740000,2,0,NO,"""1152""",DT_BF16,ND,"""1152""",FLOAT,ND,N/A
0,4294967295,2640,46,aclnnAddmm_MatMulCommon_MatMulV2,MatMulV2,dynamic,AI_CORE,1790170486847919.479	,7.320,1.420000,24,0,NO,"""1,896;1152,896;1152""",DT_BF16;DT_BF16;FLOAT,ND;ND;ND,"""1,1152""",DT_BF16,ND,N/A
0,4294967295,2641,46,_triton_rope,_triton_rope,static,AI_VECTOR_CORE,1790170486848152.848	,2.720,225.930000,1,0,YES,"""1,14,64;1,2,64;32768,64""",DT_BF16;32620;DT_BF16,ND;ND;ND,"""1,14,64;1,2,64""",DT_BF16;32620,ND;ND,N/A
0,4294967295,2642,46,ReshapeAndCacheNdKernel,ReshapeAndCacheNdKernel,dynamic,AI_VECTOR_CORE,1790170486848506.522	,1.500,351.030000,1,0,NO,"""1,2,64;1,2,64;2,128,2,64;2,128,2,64;1""",DT_BF16;DT_BF16;DT_BF16;DT_BF16;INT32,ND;ND;ND;ND;ND,"""2,128,2,64;2,128,2,64""",DT_BF16;DT_BF16,ND;ND,N/A
0,4294967295,2643,46,FusedInferAttentionScore,FusedInferAttentionScore,dynamic,MIX_AIC,1790170486848844.776	,20.280,336.750000,24,48,NO,"""1,14,64;2,128,128;2,128,128;;2048,2048;1;1;;;;;;;;1,1;;;;;;;;;;;;;;;;""",DT_BF16;DT_BF16;DT_BF16;DT_UNDEFINED;INT8;INT64;INT64;DT_UNDEFINED;DT_UNDEFINED;DT_UNDEFINED;DT_UNDEFINED;DT_UNDEFINED;DT_UNDEFINED;DT_UNDEFINED;INT32;DT_UNDEFINED;DT_UNDEFINED;DT_UNDEFINED;DT_UNDEFINED;DT_UNDEFINED;DT_UNDEFINED;DT_UNDEFINED;DT_UNDEFINED;DT_UNDEFINED;DT_UNDEFINED;DT_UNDEFINED;DT_UNDEFINED;DT_UNDEFINED;DT_UNDEFINED;DT_UNDEFINED;DT_UNDEFINED,ND;ND;ND;NULL;ND;ND;ND;NULL;NULL;NULL;NULL;NULL;NULL;NULL;ND;NULL;NULL;NULL;NULL;NULL;NULL;NULL;NULL;NULL;NULL;NULL;NULL;NULL;NULL;NULL;NULL,"""1,14,64;""",DT_BF16;FLOAT,ND;ND,0
0,4294967295,2645,46,aclnnMatmul_MatMulCommon_MatMulV2,MatMulV2,dynamic,AI_CORE,1790170486849116.666	,5.621,251.720000,19,0,NO,"""1,896;896,896""",DT_BF16;DT_BF16,ND;ND,"""1,896""",DT_BF16,ND,N/A
0,4294967295,2646,46,AddRmsNormBias,AddRmsNormBias,dynamic,AI_VECTOR_CORE,1790170486849196.470	,1.720,74.129000,1,0,NO,"""1,896;1,896;896;""",DT_BF16;DT_BF16;DT_BF16;DT_UNDEFINED,ND;ND;ND;NULL,"""1,896;1,1;1,896""",DT_BF16;FLOAT;DT_BF16,ND;ND;ND,N/A
0,4294967295,2647,46,aclnnMatmul_MatMulCommon_MatMulV2,MatMulV2,dynamic,AI_CORE,1790170486849236.871	,19.081,38.530000,22,0,NO,"""1,896;9728,896""",DT_BF16;DT_BF16,ND;ND,"""1,9728""",DT_BF16,ND,N/A
0,4294967295,2648,46,SwiGlu,SwiGlu,dynamic,AI_VECTOR_CORE,1790170486849273.713	,2.920,17.919000,1,0,NO,"""1,9728""",DT_BF16,ND,"""1,4864""",DT_BF16,ND,N/A
0,4294967295,2649,46,aclnnMatmul_MatMulCommon_MatMulV2,MatMulV2,dynamic,AI_CORE,1790170486849306.914	,16.561,30.330000,19,0,NO,"""1,4864;896,4864""",DT_BF16;DT_BF16,ND;ND,"""1,896""",DT_BF16,ND,N/A
0,4294967295,2650,46,AddRmsNormBias,AddRmsNormBias,dynamic,AI_VECTOR_CORE,1790170486849368.357	,1.740,44.689000,1,0,NO,"""1,896;1,896;896;""",DT_BF16;DT_BF16;DT_BF16;DT_UNDEFINED,ND;ND;ND;NULL,"""1,896;1,1;1,896""",DT_BF16;FLOAT;DT_BF16,ND;ND;ND,N/A
0,4294967295,2651,46,aclnnAddmm_CastAiCore_Cast,Cast,dynamic,AI_VECTOR_CORE,1790170486849415.598	,1.080,45.510000,2,0,NO,"""1152""",DT_BF16,ND,"""1152""",FLOAT,ND,N/A
0,4294967295,2652,46,aclnnAddmm_MatMulCommon_MatMulV2,MatMulV2,dynamic,AI_CORE,1790170486849418.039	,7.420,1.420000,24,0,NO,"""1,896;1152,896;1152""",DT_BF16;DT_BF16;FLOAT,ND;ND;ND,"""1,1152""",DT_BF16,ND,N/A
0,4294967295,2653,46,_triton_rope,_triton_rope,static,AI_VECTOR_CORE,1790170486849656.788	,2.760,231.330000,1,0,YES,"""1,14,64;1,2,64;32768,64""",DT_BF16;32620;DT_BF16,ND;ND;ND,"""1,14,64;1,2,64""",DT_BF16;32620,ND;ND,N/A
0,4294967295,2654,46,ReshapeAndCacheNdKernel,ReshapeAndCacheNdKernel,dynamic,AI_VECTOR_CORE,1790170486850016.562	,1.601,356.990000,1,0,NO,"""1,2,64;1,2,64;2,128,2,64;2,128,2,64;1""",DT_BF16;DT_BF16;DT_BF16;DT_BF16;INT32,ND;ND;ND;ND;ND,"""2,128,2,64;2,128,2,64""",DT_BF16;DT_BF16,ND;ND,N/A
0,4294967295,2655,46,FusedInferAttentionScore,FusedInferAttentionScore,dynamic,MIX_AIC,1790170486850361.196	,18.841,343.149000,24,48,NO,"""1,14,64;2,128,128;2,128,128;;2048,2048;1;1;;;;;;;;1,1;;;;;;;;;;;;;;;;""",DT_BF16;DT_BF16;DT_BF16;DT_UNDEFINED;INT8;INT64;INT64;DT_UNDEFINED;DT_UNDEFINED;DT_UNDEFINED;DT_UNDEFINED;DT_UNDEFINED;DT_UNDEFINED;DT_UNDEFINED;INT32;DT_UNDEFINED;DT_UNDEFINED;DT_UNDEFINED;DT_UNDEFINED;DT_UNDEFINED;DT_UNDEFINED;DT_UNDEFINED;DT_UNDEFINED;DT_UNDEFINED;DT_UNDEFINED;DT_UNDEFINED;DT_UNDEFINED;DT_UNDEFINED;DT_UNDEFINED;DT_UNDEFINED;DT_UNDEFINED,ND;ND;ND;NULL;ND;ND;ND;NULL;NULL;NULL;NULL;NULL;NULL;NULL;ND;NULL;NULL;NULL;NULL;NULL;NULL;NULL;NULL;NULL;NULL;NULL;NULL;NULL;NULL;NULL;NULL,"""1,14,64;""",DT_BF16;FLOAT,ND;ND,0
0,4294967295,2657,46,aclnnMatmul_MatMulCommon_MatMulV2,MatMulV2,dynamic,AI_CORE,1790170486850610.386	,5.840,230.409000,19,0,NO,"""1,896;896,896""",DT_BF16;DT_BF16,ND;ND,"""1,896""",DT_BF16,ND,N/A
0,4294967295,2658,46,AddRmsNormBias,AddRmsNormBias,dynamic,AI_VECTOR_CORE,1790170486850685.409	,1.680,69.160000,1,0,NO,"""1,896;1,896;896;""",DT_BF16;DT_BF16;DT_BF16;DT_UNDEFINED,ND;ND;ND;NULL,"""1,896;1,1;1,896""",DT_BF16;FLOAT;DT_BF16,ND;ND;ND,N/A
0,4294967295,2659,46,aclnnMatmul_MatMulCommon_MatMulV2,MatMulV2,dynamic,AI_CORE,1790170486850739.491	,18.841,52.320000,22,0,NO,"""1,896;9728,896""",DT_BF16;DT_BF16,ND;ND,"""1,9728""",DT_BF16,ND,N/A
0,4294967295,2660,46,SwiGlu,SwiGlu,dynamic,AI_VECTOR_CORE,1790170486850773.613	,3.060,15.159000,1,0,NO,"""1,9728""",DT_BF16,ND,"""1,4864""",DT_BF16,ND,N/A
0,4294967295,2661,46,aclnnMatmul_MatMulCommon_MatMulV2,MatMulV2,dynamic,AI_CORE,1790170486850812.314	,16.781,35.690000,19,0,NO,"""1,4864;896,4864""",DT_BF16;DT_BF16,ND;ND,"""1,896""",DT_BF16,ND,N/A
0,4294967295,2662,46,AddRmsNormBias,AddRmsNormBias,dynamic,AI_VECTOR_CORE,1790170486850876.197	,1.720,47.219000,1,0,NO,"""1,896;1,896;896;""",DT_BF16;DT_BF16;DT_BF16;DT_UNDEFINED,ND;ND;ND;NULL,"""1,896;1,1;1,896""",DT_BF16;FLOAT;DT_BF16,ND;ND;ND,N/A
0,4294967295,2663,46,aclnnAddmm_CastAiCore_Cast,Cast,dynamic,AI_VECTOR_CORE,1790170486850919.419	,1.160,41.530000,2,0,NO,"""1152""",DT_BF16,ND,"""1152""",FLOAT,ND,N/A
0,4294967295,2664,46,aclnnAddmm_MatMulCommon_MatMulV2,MatMulV2,dynamic,AI_CORE,1790170486850921.979	,7.840,1.340000,24,0,NO,"""1,896;1152,896;1152""",DT_BF16;DT_BF16;FLOAT,ND;ND;ND,"""1,1152""",DT_BF16,ND,N/A
0,4294967295,2665,46,_triton_rope,_triton_rope,static,AI_VECTOR_CORE,1790170486851154.328	,2.720,224.410000,1,0,YES,"""1,14,64;1,2,64;32768,64""",DT_BF16;32620;DT_BF16,ND;ND;ND,"""1,14,64;1,2,64""",DT_BF16;32620,ND;ND,N/A
0,4294967295,2666,46,ReshapeAndCacheNdKernel,ReshapeAndCacheNdKernel,dynamic,AI_VECTOR_CORE,1790170486851515.462	,1.500,358.530000,1,0,NO,"""1,2,64;1,2,64;2,128,2,64;2,128,2,64;1""",DT_BF16;DT_BF16;DT_BF16;DT_BF16;INT32,ND;ND;ND;ND;ND,"""2,128,2,64;2,128,2,64""",DT_BF16;DT_BF16,ND;ND,N/A
0,4294967295,2667,46,FusedInferAttentionScore,FusedInferAttentionScore,dynamic,MIX_AIC,1790170486851886.997	,23.841,370.000000,24,48,NO,"""1,14,64;2,128,128;2,128,128;;2048,2048;1;1;;;;;;;;1,1;;;;;;;;;;;;;;;;""",DT_BF16;DT_BF16;DT_BF16;DT_UNDEFINED;INT8;INT64;INT64;DT_UNDEFINED;DT_UNDEFINED;DT_UNDEFINED;DT_UNDEFINED;DT_UNDEFINED;DT_UNDEFINED;DT_UNDEFINED;INT32;DT_UNDEFINED;DT_UNDEFINED;DT_UNDEFINED;DT_UNDEFINED;DT_UNDEFINED;DT_UNDEFINED;DT_UNDEFINED;DT_UNDEFINED;DT_UNDEFINED;DT_UNDEFINED;DT_UNDEFINED;DT_UNDEFINED;DT_UNDEFINED;DT_UNDEFINED;DT_UNDEFINED;DT_UNDEFINED,ND;ND;ND;NULL;ND;ND;ND;NULL;NULL;NULL;NULL;NULL;NULL;NULL;ND;NULL;NULL;NULL;NULL;NULL;NULL;NULL;NULL;NULL;NULL;NULL;NULL;NULL;NULL;NULL;NULL,"""1,14,64;""",DT_BF16;FLOAT,ND;ND,0
0,4294967295,2669,46,aclnnMatmul_MatMulCommon_MatMulV2,MatMulV2,dynamic,AI_CORE,1790170486852135.827	,6.000,224.909000,19,0,NO,"""1,896;896,896""",DT_BF16;DT_BF16,ND;ND,"""1,896""",DT_BF16,ND,N/A
0,4294967295,2670,46,AddRmsNormBias,AddRmsNormBias,dynamic,AI_VECTOR_CORE,1790170486852209.710	,1.620,68.000000,1,0,NO,"""1,896;1,896;896;""",DT_BF16;DT_BF16;DT_BF16;DT_UNDEFINED,ND;ND;ND;NULL,"""1,896;1,1;1,896""",DT_BF16;FLOAT;DT_BF16,ND;ND;ND,N/A
0,4294967295,2671,46,aclnnMatmul_MatMulCommon_MatMulV2,MatMulV2,dynamic,AI_CORE,1790170486852250.392	,19.221,39.130000,22,0,NO,"""1,896;9728,896""",DT_BF16;DT_BF16,ND;ND,"""1,9728""",DT_BF16,ND,N/A
0,4294967295,2672,46,SwiGlu,SwiGlu,dynamic,AI_VECTOR_CORE,1790170486852285.633	,2.920,16.029000,1,0,NO,"""1,9728""",DT_BF16,ND,"""1,4864""",DT_BF16,ND,N/A
0,4294967295,2673,46,aclnnMatmul_MatMulCommon_MatMulV2,MatMulV2,dynamic,AI_CORE,1790170486852317.834	,16.501,29.080000,19,0,NO,"""1,4864;896,4864""",DT_BF16;DT_BF16,ND;ND,"""1,896""",DT_BF16,ND,N/A
0,4294967295,2674,46,AddRmsNormBias,AddRmsNormBias,dynamic,AI_VECTOR_CORE,1790170486852389.897	,1.660,55.749000,1,0,NO,"""1,896;1,896;896;""",DT_BF16;DT_BF16;DT_BF16;DT_UNDEFINED,ND;ND;ND;NULL,"""1,896;1,1;1,896""",DT_BF16;FLOAT;DT_BF16,ND;ND;ND,N/A
0,4294967295,2675,46,aclnnAddmm_CastAiCore_Cast,Cast,dynamic,AI_VECTOR_CORE,1790170486852432.599	,1.080,40.840000,2,0,NO,"""1152""",DT_BF16,ND,"""1152""",FLOAT,ND,N/A
0,4294967295,2676,46,aclnnAddmm_MatMulCommon_MatMulV2,MatMulV2,dynamic,AI_CORE,1790170486852434.939	,7.300,1.420000,24,0,NO,"""1,896;1152,896;1152""",DT_BF16;DT_BF16;FLOAT,ND;ND;ND,"""1,1152""",DT_BF16,ND,N/A
0,4294967295,2677,46,_triton_rope,_triton_rope,static,AI_VECTOR_CORE,1790170486852677.309	,2.840,234.950000,1,0,YES,"""1,14,64;1,2,64;32768,64""",DT_BF16;32620;DT_BF16,ND;ND;ND,"""1,14,64;1,2,64""",DT_BF16;32620,ND;ND,N/A
0,4294967295,2678,46,ReshapeAndCacheNdKernel,ReshapeAndCacheNdKernel,dynamic,AI_VECTOR_CORE,1790170486853055.204	,1.540,375.160000,1,0,NO,"""1,2,64;1,2,64;2,128,2,64;2,128,2,64;1""",DT_BF16;DT_BF16;DT_BF16;DT_BF16;INT32,ND;ND;ND;ND;ND,"""2,128,2,64;2,128,2,64""",DT_BF16;DT_BF16,ND;ND,N/A
0,4294967295,2679,46,FusedInferAttentionScore,FusedInferAttentionScore,dynamic,MIX_AIC,1790170486853419.178	,23.761,362.460000,24,48,NO,"""1,14,64;2,128,128;2,128,128;;2048,2048;1;1;;;;;;;;1,1;;;;;;;;;;;;;;;;""",DT_BF16;DT_BF16;DT_BF16;DT_UNDEFINED;INT8;INT64;INT64;DT_UNDEFINED;DT_UNDEFINED;DT_UNDEFINED;DT_UNDEFINED;DT_UNDEFINED;DT_UNDEFINED;DT_UNDEFINED;INT32;DT_UNDEFINED;DT_UNDEFINED;DT_UNDEFINED;DT_UNDEFINED;DT_UNDEFINED;DT_UNDEFINED;DT_UNDEFINED;DT_UNDEFINED;DT_UNDEFINED;DT_UNDEFINED;DT_UNDEFINED;DT_UNDEFINED;DT_UNDEFINED;DT_UNDEFINED;DT_UNDEFINED;DT_UNDEFINED,ND;ND;ND;NULL;ND;ND;ND;NULL;NULL;NULL;NULL;NULL;NULL;NULL;ND;NULL;NULL;NULL;NULL;NULL;NULL;NULL;NULL;NULL;NULL;NULL;NULL;NULL;NULL;NULL;NULL,"""1,14,64;""",DT_BF16;FLOAT,ND;ND,0
0,4294967295,2681,46,aclnnMatmul_MatMulCommon_MatMulV2,MatMulV2,dynamic,AI_CORE,1790170486853674.769	,5.640,231.739000,19,0,NO,"""1,896;896,896""",DT_BF16;DT_BF16,ND;ND,"""1,896""",DT_BF16,ND,N/A
0,4294967295,2682,46,AddRmsNormBias,AddRmsNormBias,dynamic,AI_VECTOR_CORE,1790170486853747.512	,1.760,67.110000,1,0,NO,"""1,896;1,896;896;""",DT_BF16;DT_BF16;DT_BF16;DT_UNDEFINED,ND;ND;ND;NULL,"""1,896;1,1;1,896""",DT_BF16;FLOAT;DT_BF16,ND;ND;ND,N/A
0,4294967295,2683,46,aclnnMatmul_MatMulCommon_MatMulV2,MatMulV2,dynamic,AI_CORE,1790170486853797.154	,19.040,47.990000,22,0,NO,"""1,896;9728,896""",DT_BF16;DT_BF16,ND;ND,"""1,9728""",DT_BF16,ND,N/A
0,4294967295,2684,46,SwiGlu,SwiGlu,dynamic,AI_VECTOR_CORE,1790170486853833.715	,3.000,17.460000,1,0,NO,"""1,9728""",DT_BF16,ND,"""1,4864""",DT_BF16,ND,N/A
0,4294967295,2685,46,aclnnMatmul_MatMulCommon_MatMulV2,MatMulV2,dynamic,AI_CORE,1790170486853855.436	,16.581,18.750000,19,0,NO,"""1,4864;896,4864""",DT_BF16;DT_BF16,ND;ND,"""1,896""",DT_BF16,ND,N/A
0,4294967295,2686,46,AddRmsNormBias,AddRmsNormBias,dynamic,AI_VECTOR_CORE,1790170486853930.399	,1.720,58.419000,1,0,NO,"""1,896;1,896;896;""",DT_BF16;DT_BF16;DT_BF16;DT_UNDEFINED,ND;ND;ND;NULL,"""1,896;1,1;1,896""",DT_BF16;FLOAT;DT_BF16,ND;ND;ND,N/A
0,4294967295,2687,46,aclnnAddmm_CastAiCore_Cast,Cast,dynamic,AI_VECTOR_CORE,1790170486853973.661	,1.040,41.530000,2,0,NO,"""1152""",DT_BF16,ND,"""1152""",FLOAT,ND,N/A
0,4294967295,2688,46,aclnnAddmm_MatMulCommon_MatMulV2,MatMulV2,dynamic,AI_CORE,1790170486853976.861	,7.380,1.960000,24,0,NO,"""1,896;1152,896;1152""",DT_BF16;DT_BF16;FLOAT,ND;ND;ND,"""1,1152""",DT_BF16,ND,N/A
0,4294967295,2689,46,_triton_rope,_triton_rope,static,AI_VECTOR_CORE,1790170486854222.891	,2.940,238.870000,1,0,YES,"""1,14,64;1,2,64;32768,64""",DT_BF16;32620;DT_BF16,ND;ND;ND,"""1,14,64;1,2,64""",DT_BF16;32620,ND;ND,N/A
0,4294967295,2690,46,ReshapeAndCacheNdKernel,ReshapeAndCacheNdKernel,dynamic,AI_VECTOR_CORE,1790170486854592.465	,1.560,366.560000,1,0,NO,"""1,2,64;1,2,64;2,128,2,64;2,128,2,64;1""",DT_BF16;DT_BF16;DT_BF16;DT_BF16;INT32,ND;ND;ND;ND;ND,"""2,128,2,64;2,128,2,64""",DT_BF16;DT_BF16,ND;ND,N/A
0,4294967295,2691,46,FusedInferAttentionScore,FusedInferAttentionScore,dynamic,MIX_AIC,1790170486854935.919	,20.381,341.940000,24,48,NO,"""1,14,64;2,128,128;2,128,128;;2048,2048;1;1;;;;;;;;1,1;;;;;;;;;;;;;;;;""",DT_BF16;DT_BF16;DT_BF16;DT_UNDEFINED;INT8;INT64;INT64;DT_UNDEFINED;DT_UNDEFINED;DT_UNDEFINED;DT_UNDEFINED;DT_UNDEFINED;DT_UNDEFINED;DT_UNDEFINED;INT32;DT_UNDEFINED;DT_UNDEFINED;DT_UNDEFINED;DT_UNDEFINED;DT_UNDEFINED;DT_UNDEFINED;DT_UNDEFINED;DT_UNDEFINED;DT_UNDEFINED;DT_UNDEFINED;DT_UNDEFINED;DT_UNDEFINED;DT_UNDEFINED;DT_UNDEFINED;DT_UNDEFINED;DT_UNDEFINED,ND;ND;ND;NULL;ND;ND;ND;NULL;NULL;NULL;NULL;NULL;NULL;NULL;ND;NULL;NULL;NULL;NULL;NULL;NULL;NULL;NULL;NULL;NULL;NULL;NULL;NULL;NULL;NULL;NULL,"""1,14,64;""",DT_BF16;FLOAT,ND;ND,0
0,4294967295,2693,46,aclnnMatmul_MatMulCommon_MatMulV2,MatMulV2,dynamic,AI_CORE,1790170486855190.849	,5.801,234.369000,19,0,NO,"""1,896;896,896""",DT_BF16;DT_BF16,ND;ND,"""1,896""",DT_BF16,ND,N/A
0,4294967295,2694,46,AddRmsNormBias,AddRmsNormBias,dynamic,AI_VECTOR_CORE,1790170486855262.812	,1.660,66.199000,1,0,NO,"""1,896;1,896;896;""",DT_BF16;DT_BF16;DT_BF16;DT_UNDEFINED,ND;ND;ND;NULL,"""1,896;1,1;1,896""",DT_BF16;FLOAT;DT_BF16,ND;ND;ND,N/A
0,4294967295,2695,46,aclnnMatmul_MatMulCommon_MatMulV2,MatMulV2,dynamic,AI_CORE,1790170486855305.874	,19.281,41.340000,22,0,NO,"""1,896;9728,896""",DT_BF16;DT_BF16,ND;ND,"""1,9728""",DT_BF16,ND,N/A
0,4294967295,2696,46,SwiGlu,SwiGlu,dynamic,AI_VECTOR_CORE,1790170486855343.255	,3.041,18.219000,1,0,NO,"""1,9728""",DT_BF16,ND,"""1,4864""",DT_BF16,ND,N/A
0,4294967295,2697,46,aclnnMatmul_MatMulCommon_MatMulV2,MatMulV2,dynamic,AI_CORE,1790170486855387.517	,16.501,41.209000,19,0,NO,"""1,4864;896,4864""",DT_BF16;DT_BF16,ND;ND,"""1,896""",DT_BF16,ND,N/A
0,4294967295,2698,46,AddRmsNormBias,AddRmsNormBias,dynamic,AI_VECTOR_CORE,1790170486855446.020	,2.100,41.999000,1,0,NO,"""1,896;1,896;896;""",DT_BF16;DT_BF16;DT_BF16;DT_UNDEFINED,ND;ND;ND;NULL,"""1,896;1,1;1,896""",DT_BF16;FLOAT;DT_BF16,ND;ND;ND,N/A
0,4294967295,2699,46,aclnnAddmm_CastAiCore_Cast,Cast,dynamic,AI_VECTOR_CORE,1790170486855493.361	,1.100,45.150000,2,0,NO,"""1152""",DT_BF16,ND,"""1152""",FLOAT,ND,N/A
0,4294967295,2700,46,aclnnAddmm_MatMulCommon_MatMulV2,MatMulV2,dynamic,AI_CORE,1790170486855496.682	,7.280,2.400000,24,0,NO,"""1,896;1152,896;1152""",DT_BF16;DT_BF16;FLOAT,ND;ND;ND,"""1,1152""",DT_BF16,ND,N/A
0,4294967295,2701,46,_triton_rope,_triton_rope,static,AI_VECTOR_CORE,1790170486855725.191	,2.780,221.220000,1,0,YES,"""1,14,64;1,2,64;32768,64""",DT_BF16;32620;DT_BF16,ND;ND;ND,"""1,14,64;1,2,64""",DT_BF16;32620,ND;ND,N/A
0,4294967295,2702,46,ReshapeAndCacheNdKernel,ReshapeAndCacheNdKernel,dynamic,AI_VECTOR_CORE,1790170486856078.645	,1.620,350.720000,1,0,NO,"""1,2,64;1,2,64;2,128,2,64;2,128,2,64;1""",DT_BF16;DT_BF16;DT_BF16;DT_BF16;INT32,ND;ND;ND;ND;ND,"""2,128,2,64;2,128,2,64""",DT_BF16;DT_BF16,ND;ND,N/A
0,4294967295,2703,46,FusedInferAttentionScore,FusedInferAttentionScore,dynamic,MIX_AIC,1790170486856414.178	,19.961,333.880000,24,48,NO,"""1,14,64;2,128,128;2,128,128;;2048,2048;1;1;;;;;;;;1,1;;;;;;;;;;;;;;;;""",DT_BF16;DT_BF16;DT_BF16;DT_UNDEFINED;INT8;INT64;INT64;DT_UNDEFINED;DT_UNDEFINED;DT_UNDEFINED;DT_UNDEFINED;DT_UNDEFINED;DT_UNDEFINED;DT_UNDEFINED;INT32;DT_UNDEFINED;DT_UNDEFINED;DT_UNDEFINED;DT_UNDEFINED;DT_UNDEFINED;DT_UNDEFINED;DT_UNDEFINED;DT_UNDEFINED;DT_UNDEFINED;DT_UNDEFINED;DT_UNDEFINED;DT_UNDEFINED;DT_UNDEFINED;DT_UNDEFINED;DT_UNDEFINED;DT_UNDEFINED,ND;ND;ND;NULL;ND;ND;ND;NULL;NULL;NULL;NULL;NULL;NULL;NULL;ND;NULL;NULL;NULL;NULL;NULL;NULL;NULL;NULL;NULL;NULL;NULL;NULL;NULL;NULL;NULL;NULL,"""1,14,64;""",DT_BF16;FLOAT,ND;ND,0
0,4294967295,2705,46,aclnnMatmul_MatMulCommon_MatMulV2,MatMulV2,dynamic,AI_CORE,1790170486856677.649	,6.000,243.539000,19,0,NO,"""1,896;896,896""",DT_BF16;DT_BF16,ND;ND,"""1,896""",DT_BF16,ND,N/A
0,4294967295,2706,46,AddRmsNormBias,AddRmsNormBias,dynamic,AI_VECTOR_CORE,1790170486856754.032	,1.700,70.250000,1,0,NO,"""1,896;1,896;896;""",DT_BF16;DT_BF16;DT_BF16;DT_UNDEFINED,ND;ND;ND;NULL,"""1,896;1,1;1,896""",DT_BF16;FLOAT;DT_BF16,ND;ND;ND,N/A
0,4294967295,2707,46,aclnnMatmul_MatMulCommon_MatMulV2,MatMulV2,dynamic,AI_CORE,1790170486856795.393	,18.941,39.800000,22,0,NO,"""1,896;9728,896""",DT_BF16;DT_BF16,ND;ND,"""1,9728""",DT_BF16,ND,N/A
0,4294967295,2708,46,SwiGlu,SwiGlu,dynamic,AI_VECTOR_CORE,1790170486856831.215	,4.240,16.809000,1,0,NO,"""1,9728""",DT_BF16,ND,"""1,4864""",DT_BF16,ND,N/A
0,4294967295,2709,46,aclnnMatmul_MatMulCommon_MatMulV2,MatMulV2,dynamic,AI_CORE,1790170486856867.176	,16.901,31.760000,19,0,NO,"""1,4864;896,4864""",DT_BF16;DT_BF16,ND;ND,"""1,896""",DT_BF16,ND,N/A
0,4294967295,2710,46,AddRmsNormBias,AddRmsNormBias,dynamic,AI_VECTOR_CORE,1790170486856930.339	,1.700,46.099000,1,0,NO,"""1,896;1,896;896;""",DT_BF16;DT_BF16;DT_BF16;DT_UNDEFINED,ND;ND;ND;NULL,"""1,896;1,1;1,896""",DT_BF16;FLOAT;DT_BF16,ND;ND;ND,N/A
0,4294967295,2711,46,aclnnAddmm_CastAiCore_Cast,Cast,dynamic,AI_VECTOR_CORE,1790170486856971.261	,1.360,39.300000,2,0,NO,"""1152""",DT_BF16,ND,"""1152""",FLOAT,ND,N/A
0,4294967295,2712,46,aclnnAddmm_MatMulCommon_MatMulV2,MatMulV2,dynamic,AI_CORE,1790170486856974.381	,7.620,1.890000,24,0,NO,"""1,896;1152,896;1152""",DT_BF16;DT_BF16;FLOAT,ND;ND;ND,"""1,1152""",DT_BF16,ND,N/A
0,4294967295,2713,46,_triton_rope,_triton_rope,static,AI_VECTOR_CORE,1790170486857226.911	,2.960,244.880000,1,0,YES,"""1,14,64;1,2,64;32768,64""",DT_BF16;32620;DT_BF16,ND;ND;ND,"""1,14,64;1,2,64""",DT_BF16;32620,ND;ND,N/A
0,4294967295,2714,46,ReshapeAndCacheNdKernel,ReshapeAndCacheNdKernel,dynamic,AI_VECTOR_CORE,1790170486857581.645	,1.640,351.790000,1,0,NO,"""1,2,64;1,2,64;2,128,2,64;2,128,2,64;1""",DT_BF16;DT_BF16;DT_BF16;DT_BF16;INT32,ND;ND;ND;ND;ND,"""2,128,2,64;2,128,2,64""",DT_BF16;DT_BF16,ND;ND,N/A
0,4294967295,2715,46,FusedInferAttentionScore,FusedInferAttentionScore,dynamic,MIX_AIC,1790170486857936.679	,18.261,353.360000,24,48,NO,"""1,14,64;2,128,128;2,128,128;;2048,2048;1;1;;;;;;;;1,1;;;;;;;;;;;;;;;;""",DT_BF16;DT_BF16;DT_BF16;DT_UNDEFINED;INT8;INT64;INT64;DT_UNDEFINED;DT_UNDEFINED;DT_UNDEFINED;DT_UNDEFINED;DT_UNDEFINED;DT_UNDEFINED;DT_UNDEFINED;INT32;DT_UNDEFINED;DT_UNDEFINED;DT_UNDEFINED;DT_UNDEFINED;DT_UNDEFINED;DT_UNDEFINED;DT_UNDEFINED;DT_UNDEFINED;DT_UNDEFINED;DT_UNDEFINED;DT_UNDEFINED;DT_UNDEFINED;DT_UNDEFINED;DT_UNDEFINED;DT_UNDEFINED;DT_UNDEFINED,ND;ND;ND;NULL;ND;ND;ND;NULL;NULL;NULL;NULL;NULL;NULL;NULL;ND;NULL;NULL;NULL;NULL;NULL;NULL;NULL;NULL;NULL;NULL;NULL;NULL;NULL;NULL;NULL;NULL,"""1,14,64;""",DT_BF16;FLOAT,ND;ND,0
0,4294967295,2717,46,aclnnMatmul_MatMulCommon_MatMulV2,MatMulV2,dynamic,AI_CORE,1790170486858182.689	,5.840,227.739000,19,0,NO,"""1,896;896,896""",DT_BF16;DT_BF16,ND;ND,"""1,896""",DT_BF16,ND,N/A
0,4294967295,2718,46,AddRmsNormBias,AddRmsNormBias,dynamic,AI_VECTOR_CORE,1790170486858259.272	,1.660,70.660000,1,0,NO,"""1,896;1,896;896;""",DT_BF16;DT_BF16;DT_BF16;DT_UNDEFINED,ND;ND;ND;NULL,"""1,896;1,1;1,896""",DT_BF16;FLOAT;DT_BF16,ND;ND;ND,N/A
0,4294967295,2719,46,aclnnMatmul_MatMulCommon_MatMulV2,MatMulV2,dynamic,AI_CORE,1790170486858304.614	,19.521,43.590000,22,0,NO,"""1,896;9728,896""",DT_BF16;DT_BF16,ND;ND,"""1,9728""",DT_BF16,ND,N/A
0,4294967295,2720,46,SwiGlu,SwiGlu,dynamic,AI_VECTOR_CORE,1790170486858340.195	,3.100,16.229000,1,0,NO,"""1,9728""",DT_BF16,ND,"""1,4864""",DT_BF16,ND,N/A
0,4294967295,2721,46,aclnnMatmul_MatMulCommon_MatMulV2,MatMulV2,dynamic,AI_CORE,1790170486858374.957	,16.620,31.650000,19,0,NO,"""1,4864;896,4864""",DT_BF16;DT_BF16,ND;ND,"""1,896""",DT_BF16,ND,N/A
0,4294967295,2722,46,AddRmsNormBias,AddRmsNormBias,dynamic,AI_VECTOR_CORE,1790170486858441.519	,1.780,49.880000,1,0,NO,"""1,896;1,896;896;""",DT_BF16;DT_BF16;DT_BF16;DT_UNDEFINED,ND;ND;ND;NULL,"""1,896;1,1;1,896""",DT_BF16;FLOAT;DT_BF16,ND;ND;ND,N/A
0,4294967295,2723,46,aclnnAddmm_CastAiCore_Cast,Cast,dynamic,AI_VECTOR_CORE,1790170486858486.021	,1.140,42.720000,2,0,NO,"""1152""",DT_BF16,ND,"""1152""",FLOAT,ND,N/A
0,4294967295,2724,46,aclnnAddmm_MatMulCommon_MatMulV2,MatMulV2,dynamic,AI_CORE,1790170486858488.561	,7.360,1.360000,24,0,NO,"""1,896;1152,896;1152""",DT_BF16;DT_BF16;FLOAT,ND;ND;ND,"""1,1152""",DT_BF16,ND,N/A
0,4294967295,2725,46,_triton_rope,_triton_rope,static,AI_VECTOR_CORE,1790170486858724.571	,2.740,228.640000,1,0,YES,"""1,14,64;1,2,64;32768,64""",DT_BF16;32620;DT_BF16,ND;ND;ND,"""1,14,64;1,2,64""",DT_BF16;32620,ND;ND,N/A
0,4294967295,2726,46,ReshapeAndCacheNdKernel,ReshapeAndCacheNdKernel,dynamic,AI_VECTOR_CORE,1790170486859092.025	,1.460,364.760000,1,0,NO,"""1,2,64;1,2,64;2,128,2,64;2,128,2,64;1""",DT_BF16;DT_BF16;DT_BF16;DT_BF16;INT32,ND;ND;ND;ND;ND,"""2,128,2,64;2,128,2,64""",DT_BF16;DT_BF16,ND;ND,N/A
0,4294967295,2727,46,FusedInferAttentionScore,FusedInferAttentionScore,dynamic,MIX_AIC,1790170486859441.339	,22.941,347.790000,24,48,NO,"""1,14,64;2,128,128;2,128,128;;2048,2048;1;1;;;;;;;;1,1;;;;;;;;;;;;;;;;""",DT_BF16;DT_BF16;DT_BF16;DT_UNDEFINED;INT8;INT64;INT64;DT_UNDEFINED;DT_UNDEFINED;DT_UNDEFINED;DT_UNDEFINED;DT_UNDEFINED;DT_UNDEFINED;DT_UNDEFINED;INT32;DT_UNDEFINED;DT_UNDEFINED;DT_UNDEFINED;DT_UNDEFINED;DT_UNDEFINED;DT_UNDEFINED;DT_UNDEFINED;DT_UNDEFINED;DT_UNDEFINED;DT_UNDEFINED;DT_UNDEFINED;DT_UNDEFINED;DT_UNDEFINED;DT_UNDEFINED;DT_UNDEFINED;DT_UNDEFINED,ND;ND;ND;NULL;ND;ND;ND;NULL;NULL;NULL;NULL;NULL;NULL;NULL;ND;NULL;NULL;NULL;NULL;NULL;NULL;NULL;NULL;NULL;NULL;NULL;NULL;NULL;NULL;NULL;NULL,"""1,14,64;""",DT_BF16;FLOAT,ND;ND,0
0,4294967295,2729,46,aclnnMatmul_MatMulCommon_MatMulV2,MatMulV2,dynamic,AI_CORE,1790170486859716.810	,5.661,252.559000,19,0,NO,"""1,896;896,896""",DT_BF16;DT_BF16,ND;ND,"""1,896""",DT_BF16,ND,N/A
0,4294967295,2730,46,AddRmsNormBias,AddRmsNormBias,dynamic,AI_VECTOR_CORE,1790170486859789.253	,1.600,66.839000,1,0,NO,"""1,896;1,896;896;""",DT_BF16;DT_BF16;DT_BF16;DT_UNDEFINED,ND;ND;ND;NULL,"""1,896;1,1;1,896""",DT_BF16;FLOAT;DT_BF16,ND;ND;ND,N/A
0,4294967295,2731,46,aclnnMatmul_MatMulCommon_MatMulV2,MatMulV2,dynamic,AI_CORE,1790170486859833.175	,19.001,42.400000,22,0,NO,"""1,896;9728,896""",DT_BF16;DT_BF16,ND;ND,"""1,9728""",DT_BF16,ND,N/A
0,4294967295,2732,46,SwiGlu,SwiGlu,dynamic,AI_VECTOR_CORE,1790170486859872.216	,3.041,19.999000,1,0,NO,"""1,9728""",DT_BF16,ND,"""1,4864""",DT_BF16,ND,N/A
0,4294967295,2733,46,aclnnMatmul_MatMulCommon_MatMulV2,MatMulV2,dynamic,AI_CORE,1790170486859907.098	,16.601,31.709000,19,0,NO,"""1,4864;896,4864""",DT_BF16;DT_BF16,ND;ND,"""1,896""",DT_BF16,ND,N/A
0,4294967295,2734,46,AddRmsNormBias,AddRmsNormBias,dynamic,AI_VECTOR_CORE,1790170486859976.321	,1.620,52.649000,1,0,NO,"""1,896;1,896;896;""",DT_BF16;DT_BF16;DT_BF16;DT_UNDEFINED,ND;ND;ND;NULL,"""1,896;1,1;1,896""",DT_BF16;FLOAT;DT_BF16,ND;ND;ND,N/A
0,4294967295,2735,46,aclnnAddmm_CastAiCore_Cast,Cast,dynamic,AI_VECTOR_CORE,1790170486860016.502	,1.120,38.630000,2,0,NO,"""1152""",DT_BF16,ND,"""1152""",FLOAT,ND,N/A
0,4294967295,2736,46,aclnnAddmm_MatMulCommon_MatMulV2,MatMulV2,dynamic,AI_CORE,1790170486860018.862	,7.841,1.130000,24,0,NO,"""1,896;1152,896;1152""",DT_BF16;DT_BF16;FLOAT,ND;ND;ND,"""1,1152""",DT_BF16,ND,N/A
0,4294967295,2737,46,_triton_rope,_triton_rope,static,AI_VECTOR_CORE,1790170486860248.112	,2.800,221.409000,1,0,YES,"""1,14,64;1,2,64;32768,64""",DT_BF16;32620;DT_BF16,ND;ND;ND,"""1,14,64;1,2,64""",DT_BF16;32620,ND;ND,N/A
0,4294967295,2738,46,ReshapeAndCacheNdKernel,ReshapeAndCacheNdKernel,dynamic,AI_VECTOR_CORE,1790170486860593.985	,1.540,343.200000,1,0,NO,"""1,2,64;1,2,64;2,128,2,64;2,128,2,64;1""",DT_BF16;DT_BF16;DT_BF16;DT_BF16;INT32,ND;ND;ND;ND;ND,"""2,128,2,64;2,128,2,64""",DT_BF16;DT_BF16,ND;ND,N/A
0,4294967295,2739,46,FusedInferAttentionScore,FusedInferAttentionScore,dynamic,MIX_AIC,1790170486860934.419	,23.261,338.960000,24,48,NO,"""1,14,64;2,128,128;2,128,128;;2048,2048;1;1;;;;;;;;1,1;;;;;;;;;;;;;;;;""",DT_BF16;DT_BF16;DT_BF16;DT_UNDEFINED;INT8;INT64;INT64;DT_UNDEFINED;DT_UNDEFINED;DT_UNDEFINED;DT_UNDEFINED;DT_UNDEFINED;DT_UNDEFINED;DT_UNDEFINED;INT32;DT_UNDEFINED;DT_UNDEFINED;DT_UNDEFINED;DT_UNDEFINED;DT_UNDEFINED;DT_UNDEFINED;DT_UNDEFINED;DT_UNDEFINED;DT_UNDEFINED;DT_UNDEFINED;DT_UNDEFINED;DT_UNDEFINED;DT_UNDEFINED;DT_UNDEFINED;DT_UNDEFINED;DT_UNDEFINED,ND;ND;ND;NULL;ND;ND;ND;NULL;NULL;NULL;NULL;NULL;NULL;NULL;ND;NULL;NULL;NULL;NULL;NULL;NULL;NULL;NULL;NULL;NULL;NULL;NULL;NULL;NULL;NULL;NULL,"""1,14,64;""",DT_BF16;FLOAT,ND;ND,0
0,4294967295,2741,46,aclnnMatmul_MatMulCommon_MatMulV2,MatMulV2,dynamic,AI_CORE,1790170486861206.610	,5.920,248.739000,19,0,NO,"""1,896;896,896""",DT_BF16;DT_BF16,ND;ND,"""1,896""",DT_BF16,ND,N/A
0,4294967295,2742,46,AddRmsNormBias,AddRmsNormBias,dynamic,AI_VECTOR_CORE,1790170486861289.173	,1.800,76.830000,1,0,NO,"""1,896;1,896;896;""",DT_BF16;DT_BF16;DT_BF16;DT_UNDEFINED,ND;ND;ND;NULL,"""1,896;1,1;1,896""",DT_BF16;FLOAT;DT_BF16,ND;ND;ND,N/A
0,4294967295,2743,46,aclnnMatmul_MatMulCommon_MatMulV2,MatMulV2,dynamic,AI_CORE,1790170486861333.935	,19.401,42.950000,22,0,NO,"""1,896;9728,896""",DT_BF16;DT_BF16,ND;ND,"""1,9728""",DT_BF16,ND,N/A
0,4294967295,2744,46,SwiGlu,SwiGlu,dynamic,AI_VECTOR_CORE,1790170486861369.416	,3.120,16.099000,1,0,NO,"""1,9728""",DT_BF16,ND,"""1,4864""",DT_BF16,ND,N/A
0,4294967295,2745,46,aclnnMatmul_MatMulCommon_MatMulV2,MatMulV2,dynamic,AI_CORE,1790170486861405.858	,16.700,33.130000,19,0,NO,"""1,4864;896,4864""",DT_BF16;DT_BF16,ND;ND,"""1,896""",DT_BF16,ND,N/A
0,4294967295,2746,46,AddRmsNormBias,AddRmsNormBias,dynamic,AI_VECTOR_CORE,1790170486861468.960	,1.780,46.550000,1,0,NO,"""1,896;1,896;896;""",DT_BF16;DT_BF16;DT_BF16;DT_UNDEFINED,ND;ND;ND;NULL,"""1,896;1,1;1,896""",DT_BF16;FLOAT;DT_BF16,ND;ND;ND,N/A
0,4294967295,2747,46,aclnnAddmm_CastAiCore_Cast,Cast,dynamic,AI_VECTOR_CORE,1790170486861511.442	,1.020,40.720000,2,0,NO,"""1152""",DT_BF16,ND,"""1152""",FLOAT,ND,N/A
0,4294967295,2748,46,aclnnAddmm_MatMulCommon_MatMulV2,MatMulV2,dynamic,AI_CORE,1790170486861513.902	,7.600,1.480000,24,0,NO,"""1,896;1152,896;1152""",DT_BF16;DT_BF16;FLOAT,ND;ND;ND,"""1,1152""",DT_BF16,ND,N/A
0,4294967295,2749,46,_triton_rope,_triton_rope,static,AI_VECTOR_CORE,1790170486861746.411	,2.801,224.900000,1,0,YES,"""1,14,64;1,2,64;32768,64""",DT_BF16;32620;DT_BF16,ND;ND;ND,"""1,14,64;1,2,64""",DT_BF16;32620,ND;ND,N/A
0,4294967295,2750,46,ReshapeAndCacheNdKernel,ReshapeAndCacheNdKernel,dynamic,AI_VECTOR_CORE,1790170486862120.706	,1.520,371.449000,1,0,NO,"""1,2,64;1,2,64;2,128,2,64;2,128,2,64;1""",DT_BF16;DT_BF16;DT_BF16;DT_BF16;INT32,ND;ND;ND;ND;ND,"""2,128,2,64;2,128,2,64""",DT_BF16;DT_BF16,ND;ND,N/A
0,4294967295,2751,46,FusedInferAttentionScore,FusedInferAttentionScore,dynamic,MIX_AIC,1790170486862464.880	,24.961,342.730000,24,48,NO,"""1,14,64;2,128,128;2,128,128;;2048,2048;1;1;;;;;;;;1,1;;;;;;;;;;;;;;;;""",DT_BF16;DT_BF16;DT_BF16;DT_UNDEFINED;INT8;INT64;INT64;DT_UNDEFINED;DT_UNDEFINED;DT_UNDEFINED;DT_UNDEFINED;DT_UNDEFINED;DT_UNDEFINED;DT_UNDEFINED;INT32;DT_UNDEFINED;DT_UNDEFINED;DT_UNDEFINED;DT_UNDEFINED;DT_UNDEFINED;DT_UNDEFINED;DT_UNDEFINED;DT_UNDEFINED;DT_UNDEFINED;DT_UNDEFINED;DT_UNDEFINED;DT_UNDEFINED;DT_UNDEFINED;DT_UNDEFINED;DT_UNDEFINED;DT_UNDEFINED,ND;ND;ND;NULL;ND;ND;ND;NULL;NULL;NULL;NULL;NULL;NULL;NULL;ND;NULL;NULL;NULL;NULL;NULL;NULL;NULL;NULL;NULL;NULL;NULL;NULL;NULL;NULL;NULL;NULL,"""1,14,64;""",DT_BF16;FLOAT,ND;ND,0
0,4294967295,2753,46,aclnnMatmul_MatMulCommon_MatMulV2,MatMulV2,dynamic,AI_CORE,1790170486862714.370	,5.560,224.289000,19,0,NO,"""1,896;896,896""",DT_BF16;DT_BF16,ND;ND,"""1,896""",DT_BF16,ND,N/A
0,4294967295,2754,46,AddRmsNormBias,AddRmsNormBias,dynamic,AI_VECTOR_CORE,1790170486862783.753	,1.640,63.940000,1,0,NO,"""1,896;1,896;896;""",DT_BF16;DT_BF16;DT_BF16;DT_UNDEFINED,ND;ND;ND;NULL,"""1,896;1,1;1,896""",DT_BF16;FLOAT;DT_BF16,ND;ND;ND,N/A
0,4294967295,2755,46,aclnnMatmul_MatMulCommon_MatMulV2,MatMulV2,dynamic,AI_CORE,1790170486862830.435	,18.921,45.110000,22,0,NO,"""1,896;9728,896""",DT_BF16;DT_BF16,ND;ND,"""1,9728""",DT_BF16,ND,N/A
0,4294967295,2756,46,SwiGlu,SwiGlu,dynamic,AI_VECTOR_CORE,1790170486862867.636	,2.920,18.329000,1,0,NO,"""1,9728""",DT_BF16,ND,"""1,4864""",DT_BF16,ND,N/A
0,4294967295,2757,46,aclnnMatmul_MatMulCommon_MatMulV2,MatMulV2,dynamic,AI_CORE,1790170486862913.698	,16.541,43.080000,19,0,NO,"""1,4864;896,4864""",DT_BF16;DT_BF16,ND;ND,"""1,896""",DT_BF16,ND,N/A
0,4294967295,2758,46,AddRmsNormBias,AddRmsNormBias,dynamic,AI_VECTOR_CORE,1790170486862979.961	,1.660,49.709000,1,0,NO,"""1,896;1,896;896;""",DT_BF16;DT_BF16;DT_BF16;DT_UNDEFINED,ND;ND;ND;NULL,"""1,896;1,1;1,896""",DT_BF16;FLOAT;DT_BF16,ND;ND;ND,N/A
0,4294967295,2759,46,aclnnAddmm_CastAiCore_Cast,Cast,dynamic,AI_VECTOR_CORE,1790170486863025.103	,1.360,43.340000,2,0,NO,"""1152""",DT_BF16,ND,"""1152""",FLOAT,ND,N/A
0,4294967295,2760,46,aclnnAddmm_MatMulCommon_MatMulV2,MatMulV2,dynamic,AI_CORE,1790170486863027.663	,7.420,1.390000,24,0,NO,"""1,896;1152,896;1152""",DT_BF16;DT_BF16;FLOAT,ND;ND;ND,"""1,1152""",DT_BF16,ND,N/A
0,4294967295,2761,46,_triton_rope,_triton_rope,static,AI_VECTOR_CORE,1790170486863260.532	,2.820,225.330000,1,0,YES,"""1,14,64;1,2,64;32768,64""",DT_BF16;32620;DT_BF16,ND;ND;ND,"""1,14,64;1,2,64""",DT_BF16;32620,ND;ND,N/A
0,4294967295,2762,46,ReshapeAndCacheNdKernel,ReshapeAndCacheNdKernel,dynamic,AI_VECTOR_CORE,1790170486863625.607	,1.480,362.180000,1,0,NO,"""1,2,64;1,2,64;2,128,2,64;2,128,2,64;1""",DT_BF16;DT_BF16;DT_BF16;DT_BF16;INT32,ND;ND;ND;ND;ND,"""2,128,2,64;2,128,2,64""",DT_BF16;DT_BF16,ND;ND,N/A
0,4294967295,2763,46,FusedInferAttentionScore,FusedInferAttentionScore,dynamic,MIX_AIC,1790170486863962.120	,20.081,335.020000,24,48,NO,"""1,14,64;2,128,128;2,128,128;;2048,2048;1;1;;;;;;;;1,1;;;;;;;;;;;;;;;;""",DT_BF16;DT_BF16;DT_BF16;DT_UNDEFINED;INT8;INT64;INT64;DT_UNDEFINED;DT_UNDEFINED;DT_UNDEFINED;DT_UNDEFINED;DT_UNDEFINED;DT_UNDEFINED;DT_UNDEFINED;INT32;DT_UNDEFINED;DT_UNDEFINED;DT_UNDEFINED;DT_UNDEFINED;DT_UNDEFINED;DT_UNDEFINED;DT_UNDEFINED;DT_UNDEFINED;DT_UNDEFINED;DT_UNDEFINED;DT_UNDEFINED;DT_UNDEFINED;DT_UNDEFINED;DT_UNDEFINED;DT_UNDEFINED;DT_UNDEFINED,ND;ND;ND;NULL;ND;ND;ND;NULL;NULL;NULL;NULL;NULL;NULL;NULL;ND;NULL;NULL;NULL;NULL;NULL;NULL;NULL;NULL;NULL;NULL;NULL;NULL;NULL;NULL;NULL;NULL,"""1,14,64;""",DT_BF16;FLOAT,ND;ND,0
0,4294967295,2765,46,aclnnMatmul_MatMulCommon_MatMulV2,MatMulV2,dynamic,AI_CORE,1790170486864228.011	,5.580,245.919000,19,0,NO,"""1,896;896,896""",DT_BF16;DT_BF16,ND;ND,"""1,896""",DT_BF16,ND,N/A
0,4294967295,2766,46,AddRmsNormBias,AddRmsNormBias,dynamic,AI_VECTOR_CORE,1790170486864304.054	,2.020,70.420000,1,0,NO,"""1,896;1,896;896;""",DT_BF16;DT_BF16;DT_BF16;DT_UNDEFINED,ND;ND;ND;NULL,"""1,896;1,1;1,896""",DT_BF16;FLOAT;DT_BF16,ND;ND;ND,N/A
0,4294967295,2767,46,aclnnMatmul_MatMulCommon_MatMulV2,MatMulV2,dynamic,AI_CORE,1790170486864347.475	,19.221,41.480000,22,0,NO,"""1,896;9728,896""",DT_BF16;DT_BF16,ND;ND,"""1,9728""",DT_BF16,ND,N/A
0,4294967295,2768,46,SwiGlu,SwiGlu,dynamic,AI_VECTOR_CORE,1790170486864381.977	,2.960,15.279000,1,0,NO,"""1,9728""",DT_BF16,ND,"""1,4864""",DT_BF16,ND,N/A
0,4294967295,2769,46,aclnnMatmul_MatMulCommon_MatMulV2,MatMulV2,dynamic,AI_CORE,1790170486864416.598	,16.701,31.540000,19,0,NO,"""1,4864;896,4864""",DT_BF16;DT_BF16,ND;ND,"""1,896""",DT_BF16,ND,N/A
0,4294967295,2770,46,AddRmsNormBias,AddRmsNormBias,dynamic,AI_VECTOR_CORE,1790170486864478.701	,1.840,45.549000,1,0,NO,"""1,896;1,896;896;""",DT_BF16;DT_BF16;DT_BF16;DT_UNDEFINED,ND;ND;ND;NULL,"""1,896;1,1;1,896""",DT_BF16;FLOAT;DT_BF16,ND;ND;ND,N/A
0,4294967295,2771,46,aclnnAddmm_CastAiCore_Cast,Cast,dynamic,AI_VECTOR_CORE,1790170486864522.222	,1.060,41.660000,2,0,NO,"""1152""",DT_BF16,ND,"""1152""",FLOAT,ND,N/A
0,4294967295,2772,46,aclnnAddmm_MatMulCommon_MatMulV2,MatMulV2,dynamic,AI_CORE,1790170486864525.383	,7.620,2.190000,24,0,NO,"""1,896;1152,896;1152""",DT_BF16;DT_BF16;FLOAT,ND;ND;ND,"""1,1152""",DT_BF16,ND,N/A
0,4294967295,2773,46,_triton_rope,_triton_rope,static,AI_VECTOR_CORE,1790170486864761.152	,2.760,228.130000,1,0,YES,"""1,14,64;1,2,64;32768,64""",DT_BF16;32620;DT_BF16,ND;ND;ND,"""1,14,64;1,2,64""",DT_BF16;32620,ND;ND,N/A
0,4294967295,2774,46,ReshapeAndCacheNdKernel,ReshapeAndCacheNdKernel,dynamic,AI_VECTOR_CORE,1790170486865118.446	,1.700,354.490000,1,0,NO,"""1,2,64;1,2,64;2,128,2,64;2,128,2,64;1""",DT_BF16;DT_BF16;DT_BF16;DT_BF16;INT32,ND;ND;ND;ND;ND,"""2,128,2,64;2,128,2,64""",DT_BF16;DT_BF16,ND;ND,N/A
0,4294967295,2775,46,FusedInferAttentionScore,FusedInferAttentionScore,dynamic,MIX_AIC,1790170486865469.640	,20.601,349.550000,24,48,NO,"""1,14,64;2,128,128;2,128,128;;2048,2048;1;1;;;;;;;;1,1;;;;;;;;;;;;;;;;""",DT_BF16;DT_BF16;DT_BF16;DT_UNDEFINED;INT8;INT64;INT64;DT_UNDEFINED;DT_UNDEFINED;DT_UNDEFINED;DT_UNDEFINED;DT_UNDEFINED;DT_UNDEFINED;DT_UNDEFINED;INT32;DT_UNDEFINED;DT_UNDEFINED;DT_UNDEFINED;DT_UNDEFINED;DT_UNDEFINED;DT_UNDEFINED;DT_UNDEFINED;DT_UNDEFINED;DT_UNDEFINED;DT_UNDEFINED;DT_UNDEFINED;DT_UNDEFINED;DT_UNDEFINED;DT_UNDEFINED;DT_UNDEFINED;DT_UNDEFINED,ND;ND;ND;NULL;ND;ND;ND;NULL;NULL;NULL;NULL;NULL;NULL;NULL;ND;NULL;NULL;NULL;NULL;NULL;NULL;NULL;NULL;NULL;NULL;NULL;NULL;NULL;NULL;NULL;NULL,"""1,14,64;""",DT_BF16;FLOAT,ND;ND,0
0,4294967295,2777,46,aclnnMatmul_MatMulCommon_MatMulV2,MatMulV2,dynamic,AI_CORE,1790170486865727.431	,5.920,237.149000,19,0,NO,"""1,896;896,896""",DT_BF16;DT_BF16,ND;ND,"""1,896""",DT_BF16,ND,N/A
0,4294967295,2778,46,AddRmsNormBias,AddRmsNormBias,dynamic,AI_VECTOR_CORE,1790170486865797.833	,1.680,64.330000,1,0,NO,"""1,896;1,896;896;""",DT_BF16;DT_BF16;DT_BF16;DT_UNDEFINED,ND;ND;ND;NULL,"""1,896;1,1;1,896""",DT_BF16;FLOAT;DT_BF16,ND;ND;ND,N/A
0,4294967295,2779,46,aclnnMatmul_MatMulCommon_MatMulV2,MatMulV2,dynamic,AI_CORE,1790170486865846.355	,19.341,46.820000,22,0,NO,"""1,896;9728,896""",DT_BF16;DT_BF16,ND;ND,"""1,9728""",DT_BF16,ND,N/A
0,4294967295,2780,46,SwiGlu,SwiGlu,dynamic,AI_VECTOR_CORE,1790170486865879.377	,4.520,13.909000,1,0,NO,"""1,9728""",DT_BF16,ND,"""1,4864""",DT_BF16,ND,N/A
0,4294967295,2781,46,aclnnMatmul_MatMulCommon_MatMulV2,MatMulV2,dynamic,AI_CORE,1790170486865913.438	,16.961,29.480000,19,0,NO,"""1,4864;896,4864""",DT_BF16;DT_BF16,ND;ND,"""1,896""",DT_BF16,ND,N/A
0,4294967295,2782,46,AddRmsNormBias,AddRmsNormBias,dynamic,AI_VECTOR_CORE,1790170486865977.581	,1.680,47.039000,1,0,NO,"""1,896;1,896;896;""",DT_BF16;DT_BF16;DT_BF16;DT_UNDEFINED,ND;ND;ND;NULL,"""1,896;1,1;1,896""",DT_BF16;FLOAT;DT_BF16,ND;ND;ND,N/A
0,4294967295,2783,46,aclnnAddmm_CastAiCore_Cast,Cast,dynamic,AI_VECTOR_CORE,1790170486866021.242	,1.260,42.070000,2,0,NO,"""1152""",DT_BF16,ND,"""1152""",FLOAT,ND,N/A
0,4294967295,2784,46,aclnnAddmm_MatMulCommon_MatMulV2,MatMulV2,dynamic,AI_CORE,1790170486866024.442	,7.301,1.990000,24,0,NO,"""1,896;1152,896;1152""",DT_BF16;DT_BF16;FLOAT,ND;ND;ND,"""1,1152""",DT_BF16,ND,N/A
0,4294967295,2785,46,_triton_rope,_triton_rope,static,AI_VECTOR_CORE,1790170486866254.492	,3.240,222.699000,1,0,YES,"""1,14,64;1,2,64;32768,64""",DT_BF16;32620;DT_BF16,ND;ND;ND,"""1,14,64;1,2,64""",DT_BF16;32620,ND;ND,N/A
0,4294967295,2786,46,ReshapeAndCacheNdKernel,ReshapeAndCacheNdKernel,dynamic,AI_VECTOR_CORE,1790170486866608.246	,1.580,350.510000,1,0,NO,"""1,2,64;1,2,64;2,128,2,64;2,128,2,64;1""",DT_BF16;DT_BF16;DT_BF16;DT_BF16;INT32,ND;ND;ND;ND;ND,"""2,128,2,64;2,128,2,64""",DT_BF16;DT_BF16,ND;ND,N/A
0,4294967295,2787,46,FusedInferAttentionScore,FusedInferAttentionScore,dynamic,MIX_AIC,1790170486866934.559	,20.561,324.670000,24,48,NO,"""1,14,64;2,128,128;2,128,128;;2048,2048;1;1;;;;;;;;1,1;;;;;;;;;;;;;;;;""",DT_BF16;DT_BF16;DT_BF16;DT_UNDEFINED;INT8;INT64;INT64;DT_UNDEFINED;DT_UNDEFINED;DT_UNDEFINED;DT_UNDEFINED;DT_UNDEFINED;DT_UNDEFINED;DT_UNDEFINED;INT32;DT_UNDEFINED;DT_UNDEFINED;DT_UNDEFINED;DT_UNDEFINED;DT_UNDEFINED;DT_UNDEFINED;DT_UNDEFINED;DT_UNDEFINED;DT_UNDEFINED;DT_UNDEFINED;DT_UNDEFINED;DT_UNDEFINED;DT_UNDEFINED;DT_UNDEFINED;DT_UNDEFINED;DT_UNDEFINED,ND;ND;ND;NULL;ND;ND;ND;NULL;NULL;NULL;NULL;NULL;NULL;NULL;ND;NULL;NULL;NULL;NULL;NULL;NULL;NULL;NULL;NULL;NULL;NULL;NULL;NULL;NULL;NULL;NULL,"""1,14,64;""",DT_BF16;FLOAT,ND;ND,0
0,4294967295,2789,46,aclnnMatmul_MatMulCommon_MatMulV2,MatMulV2,dynamic,AI_CORE,1790170486867200.909	,5.561,245.939000,19,0,NO,"""1,896;896,896""",DT_BF16;DT_BF16,ND;ND,"""1,896""",DT_BF16,ND,N/A
0,4294967295,2790,46,AddRmsNormBias,AddRmsNormBias,dynamic,AI_VECTOR_CORE,1790170486867274.252	,1.720,67.689000,1,0,NO,"""1,896;1,896;896;""",DT_BF16;DT_BF16;DT_BF16;DT_UNDEFINED,ND;ND;ND;NULL,"""1,896;1,1;1,896""",DT_BF16;FLOAT;DT_BF16,ND;ND;ND,N/A
0,4294967295,2791,46,aclnnMatmul_MatMulCommon_MatMulV2,MatMulV2,dynamic,AI_CORE,1790170486867320.014	,19.241,44.030000,22,0,NO,"""1,896;9728,896""",DT_BF16;DT_BF16,ND;ND,"""1,9728""",DT_BF16,ND,N/A
0,4294967295,2792,46,SwiGlu,SwiGlu,dynamic,AI_VECTOR_CORE,1790170486867357.276	,2.980,18.009000,1,0,NO,"""1,9728""",DT_BF16,ND,"""1,4864""",DT_BF16,ND,N/A
0,4294967295,2793,46,aclnnMatmul_MatMulCommon_MatMulV2,MatMulV2,dynamic,AI_CORE,1790170486867394.817	,16.561,34.520000,19,0,NO,"""1,4864;896,4864""",DT_BF16;DT_BF16,ND;ND,"""1,896""",DT_BF16,ND,N/A
0,4294967295,2794,46,AddRmsNormBias,AddRmsNormBias,dynamic,AI_VECTOR_CORE,1790170486867467.880	,1.700,56.689000,1,0,NO,"""1,896;1,896;896;""",DT_BF16;DT_BF16;DT_BF16;DT_UNDEFINED,ND;ND;ND;NULL,"""1,896;1,1;1,896""",DT_BF16;FLOAT;DT_BF16,ND;ND;ND,N/A
0,4294967295,2795,46,aclnnAddmm_CastAiCore_Cast,Cast,dynamic,AI_VECTOR_CORE,1790170486867507.782	,1.100,38.050000,2,0,NO,"""1152""",DT_BF16,ND,"""1152""",FLOAT,ND,N/A
0,4294967295,2796,46,aclnnAddmm_MatMulCommon_MatMulV2,MatMulV2,dynamic,AI_CORE,1790170486867511.182	,7.320,2.400000,24,0,NO,"""1,896;1152,896;1152""",DT_BF16;DT_BF16;FLOAT,ND;ND;ND,"""1,1152""",DT_BF16,ND,N/A
0,4294967295,2797,46,_triton_rope,_triton_rope,static,AI_VECTOR_CORE,1790170486867745.791	,2.960,227.180000,1,0,YES,"""1,14,64;1,2,64;32768,64""",DT_BF16;32620;DT_BF16,ND;ND;ND,"""1,14,64;1,2,64""",DT_BF16;32620,ND;ND,N/A
0,4294967295,2798,46,ReshapeAndCacheNdKernel,ReshapeAndCacheNdKernel,dynamic,AI_VECTOR_CORE,1790170486868104.886	,1.700,356.290000,1,0,NO,"""1,2,64;1,2,64;2,128,2,64;2,128,2,64;1""",DT_BF16;DT_BF16;DT_BF16;DT_BF16;INT32,ND;ND;ND;ND;ND,"""2,128,2,64;2,128,2,64""",DT_BF16;DT_BF16,ND;ND,N/A
0,4294967295,2799,46,FusedInferAttentionScore,FusedInferAttentionScore,dynamic,MIX_AIC,1790170486868439.999	,21.981,333.300000,24,48,NO,"""1,14,64;2,128,128;2,128,128;;2048,2048;1;1;;;;;;;;1,1;;;;;;;;;;;;;;;;""",DT_BF16;DT_BF16;DT_BF16;DT_UNDEFINED;INT8;INT64;INT64;DT_UNDEFINED;DT_UNDEFINED;DT_UNDEFINED;DT_UNDEFINED;DT_UNDEFINED;DT_UNDEFINED;DT_UNDEFINED;INT32;DT_UNDEFINED;DT_UNDEFINED;DT_UNDEFINED;DT_UNDEFINED;DT_UNDEFINED;DT_UNDEFINED;DT_UNDEFINED;DT_UNDEFINED;DT_UNDEFINED;DT_UNDEFINED;DT_UNDEFINED;DT_UNDEFINED;DT_UNDEFINED;DT_UNDEFINED;DT_UNDEFINED;DT_UNDEFINED,ND;ND;ND;NULL;ND;ND;ND;NULL;NULL;NULL;NULL;NULL;NULL;NULL;ND;NULL;NULL;NULL;NULL;NULL;NULL;NULL;NULL;NULL;NULL;NULL;NULL;NULL;NULL;NULL;NULL,"""1,14,64;""",DT_BF16;FLOAT,ND;ND,0
0,4294967295,2801,46,aclnnMatmul_MatMulCommon_MatMulV2,MatMulV2,dynamic,AI_CORE,1790170486868711.530	,5.860,249.519000,19,0,NO,"""1,896;896,896""",DT_BF16;DT_BF16,ND;ND,"""1,896""",DT_BF16,ND,N/A
0,4294967295,2802,46,AddRmsNormBias,AddRmsNormBias,dynamic,AI_VECTOR_CORE,1790170486868794.753	,1.780,77.390000,1,0,NO,"""1,896;1,896;896;""",DT_BF16;DT_BF16;DT_BF16;DT_UNDEFINED,ND;ND;ND;NULL,"""1,896;1,1;1,896""",DT_BF16;FLOAT;DT_BF16,ND;ND;ND,N/A
0,4294967295,2803,46,aclnnMatmul_MatMulCommon_MatMulV2,MatMulV2,dynamic,AI_CORE,1790170486868835.415	,20.701,38.970000,22,0,NO,"""1,896;9728,896""",DT_BF16;DT_BF16,ND;ND,"""1,9728""",DT_BF16,ND,N/A
0,4294967295,2804,46,SwiGlu,SwiGlu,dynamic,AI_VECTOR_CORE,1790170486868877.157	,3.020,21.049000,1,0,NO,"""1,9728""",DT_BF16,ND,"""1,4864""",DT_BF16,ND,N/A
0,4294967295,2805,46,aclnnMatmul_MatMulCommon_MatMulV2,MatMulV2,dynamic,AI_CORE,1790170486868914.658	,16.761,34.480000,19,0,NO,"""1,4864;896,4864""",DT_BF16;DT_BF16,ND;ND,"""1,896""",DT_BF16,ND,N/A
0,4294967295,2806,46,AddRmsNormBias,AddRmsNormBias,dynamic,AI_VECTOR_CORE,1790170486868977.081	,1.740,45.489000,1,0,NO,"""1,896;1,896;896;""",DT_BF16;DT_BF16;DT_BF16;DT_UNDEFINED,ND;ND;ND;NULL,"""1,896;1,1;1,896""",DT_BF16;FLOAT;DT_BF16,ND;ND;ND,N/A
0,4294967295,2807,46,aclnnAddmm_CastAiCore_Cast,Cast,dynamic,AI_VECTOR_CORE,1790170486869015.682	,1.040,37.010000,2,0,NO,"""1152""",DT_BF16,ND,"""1152""",FLOAT,ND,N/A
0,4294967295,2808,46,aclnnAddmm_MatMulCommon_MatMulV2,MatMulV2,dynamic,AI_CORE,1790170486869018.022	,7.880,1.210000,24,0,NO,"""1,896;1152,896;1152""",DT_BF16;DT_BF16;FLOAT,ND;ND;ND,"""1,1152""",DT_BF16,ND,N/A
0,4294967295,2809,46,_triton_rope,_triton_rope,static,AI_VECTOR_CORE,1790170486869263.672	,2.740,237.870000,1,0,YES,"""1,14,64;1,2,64;32768,64""",DT_BF16;32620;DT_BF16,ND;ND;ND,"""1,14,64;1,2,64""",DT_BF16;32620,ND;ND,N/A
0,4294967295,2810,46,ReshapeAndCacheNdKernel,ReshapeAndCacheNdKernel,dynamic,AI_VECTOR_CORE,1790170486869618.066	,1.560,351.510000,1,0,NO,"""1,2,64;1,2,64;2,128,2,64;2,128,2,64;1""",DT_BF16;DT_BF16;DT_BF16;DT_BF16;INT32,ND;ND;ND;ND;ND,"""2,128,2,64;2,128,2,64""",DT_BF16;DT_BF16,ND;ND,N/A
0,4294967295,2811,46,FusedInferAttentionScore,FusedInferAttentionScore,dynamic,MIX_AIC,1790170486869955.120	,23.581,335.440000,24,48,NO,"""1,14,64;2,128,128;2,128,128;;2048,2048;1;1;;;;;;;;1,1;;;;;;;;;;;;;;;;""",DT_BF16;DT_BF16;DT_BF16;DT_UNDEFINED;INT8;INT64;INT64;DT_UNDEFINED;DT_UNDEFINED;DT_UNDEFINED;DT_UNDEFINED;DT_UNDEFINED;DT_UNDEFINED;DT_UNDEFINED;INT32;DT_UNDEFINED;DT_UNDEFINED;DT_UNDEFINED;DT_UNDEFINED;DT_UNDEFINED;DT_UNDEFINED;DT_UNDEFINED;DT_UNDEFINED;DT_UNDEFINED;DT_UNDEFINED;DT_UNDEFINED;DT_UNDEFINED;DT_UNDEFINED;DT_UNDEFINED;DT_UNDEFINED;DT_UNDEFINED,ND;ND;ND;NULL;ND;ND;ND;NULL;NULL;NULL;NULL;NULL;NULL;NULL;ND;NULL;NULL;NULL;NULL;NULL;NULL;NULL;NULL;NULL;NULL;NULL;NULL;NULL;NULL;NULL;NULL,"""1,14,64;""",DT_BF16;FLOAT,ND;ND,0
0,4294967295,2813,46,aclnnMatmul_MatMulCommon_MatMulV2,MatMulV2,dynamic,AI_CORE,1790170486870208.470	,5.920,229.919000,19,0,NO,"""1,896;896,896""",DT_BF16;DT_BF16,ND;ND,"""1,896""",DT_BF16,ND,N/A
0,4294967295,2814,46,AddRmsNormBias,AddRmsNormBias,dynamic,AI_VECTOR_CORE,1790170486870279.493	,1.680,65.080000,1,0,NO,"""1,896;1,896;896;""",DT_BF16;DT_BF16;DT_BF16;DT_UNDEFINED,ND;ND;ND;NULL,"""1,896;1,1;1,896""",DT_BF16;FLOAT;DT_BF16,ND;ND;ND,N/A
0,4294967295,2815,46,aclnnMatmul_MatMulCommon_MatMulV2,MatMulV2,dynamic,AI_CORE,1790170486870323.914	,19.781,42.820000,22,0,NO,"""1,896;9728,896""",DT_BF16;DT_BF16,ND;ND,"""1,9728""",DT_BF16,ND,N/A
0,4294967295,2816,46,SwiGlu,SwiGlu,dynamic,AI_VECTOR_CORE,1790170486870361.536	,2.940,17.719000,1,0,NO,"""1,9728""",DT_BF16,ND,"""1,4864""",DT_BF16,ND,N/A
0,4294967295,2817,46,aclnnMatmul_MatMulCommon_MatMulV2,MatMulV2,dynamic,AI_CORE,1790170486870404.698	,16.780,40.310000,19,0,NO,"""1,4864;896,4864""",DT_BF16;DT_BF16,ND;ND,"""1,896""",DT_BF16,ND,N/A
0,4294967295,2818,46,AddRmsNormBias,AddRmsNormBias,dynamic,AI_VECTOR_CORE,1790170486870467.100	,1.720,45.470000,1,0,NO,"""1,896;1,896;896;""",DT_BF16;DT_BF16;DT_BF16;DT_UNDEFINED,ND;ND;ND;NULL,"""1,896;1,1;1,896""",DT_BF16;FLOAT;DT_BF16,ND;ND;ND,N/A
0,4294967295,2819,46,aclnnIndex_IndexAiCore_Index,Index,dynamic,AI_VECTOR_CORE,1790170486870554.604	,8.580,85.780000,48,0,NO,"""1,896;1;2;1""",DT_BF16;INT64;INT64;INT32,ND;ND;ND;ND,"""1,896""",DT_BF16,ND,N/A
0,4294967295,2820,46,aclnnMatmul_MatMulCommon_MatMulV2,MatMulV2,dynamic,AI_CORE,1790170486870584.185	,217.928,21.170000,24,0,NO,"""1,896;151936,896""",DT_BF16;DT_BF16,ND;ND,"""1,151936""",DT_BF16,ND,N/A
0,4294967295,2821,46,aclnnInplaceCopy_CastAiCore_Cast,Cast,dynamic,AI_VECTOR_CORE,1790170486871043.463	,7.220,241.322000,48,0,NO,"""1,151936""",DT_BF16,ND,"""1,151936""",FLOAT,ND,N/A
0,4294967295,2824,46,aclnnEqScalar_EqualAiCore_Equal,Equal,dynamic,AI_VECTOR_CORE,1790170486871145.787	,2.360,95.030000,1,0,NO,"""1,1;""",INT64;INT64,ND;ND,"""1,1""",BOOL,ND,N/A
0,4294967295,2825,46,aclnnInplaceMaskedFillScalar_MaskedFillAiCpu_MaskedFill,MaskedFill,dynamic,AI_CPU,1790170486871208.510	,69.542,60.390000,0,0,NO,"""1,1;1,1;""",INT64;BOOL;INT64,ND;ND;ND,"""1,1""",INT64,ND,N/A
0,4294967295,2826,46,aclnnInplaceZero_ZerosLikeAiCore_ZerosLike,ZerosLike,dynamic,AI_VECTOR_CORE,1790170486871278.072	,7.381,0.000000,48,0,NO,"""1,151936""",INT32,ND,"""1,151936""",INT32,ND,N/A
0,4294967295,2827,46,token_bin_counts_and_mask_kernel,token_bin_counts_and_mask_kernel,static,AI_VECTOR_CORE,1790170486871388.217	,66.083,102.869000,1,0,NO,"""1,126;1,151936""",INT64;FLOAT,ND;ND,"""1,151936""",FLOAT,ND,N/A
0,4294967295,2828,46,aclnnGtScalar_CastAiCore_Cast,Cast,dynamic,AI_VECTOR_CORE,1790170486871454.340	,8.540,0.000000,48,0,NO,"""1,151936""",INT32,ND,"""1,151936""",INT64,ND,N/A
0,4294967295,2829,46,aclnnGtScalar_GreaterAiCore_Greater,Greater,dynamic,AI_VECTOR_CORE,1790170486871462.900	,15.701,0.210000,48,0,NO,"""1,151936;""",INT64;INT64,ND;ND,"""1,151936""",BOOL,ND,N/A
0,4294967295,2830,46,aclnnInplaceZero_ZerosLikeAiCore_ZerosLike,ZerosLike,dynamic,AI_VECTOR_CORE,1790170486871478.621	,2.940,0.000000,48,0,NO,"""1,151936""",INT32,ND,"""1,151936""",INT32,ND,N/A
0,4294967295,2831,46,token_bin_counts_and_mask_kernel,token_bin_counts_and_mask_kernel,static,AI_VECTOR_CORE,1790170486871557.804	,73.603,76.310000,1,0,NO,"""1,1;1,151936""",INT64;FLOAT,ND;ND,"""1,151936""",FLOAT,ND,N/A
0,4294967295,2832,46,aclnnGtScalar_CastAiCore_Cast,Cast,dynamic,AI_VECTOR_CORE,1790170486871631.427	,2.840,0.147000,48,0,NO,"""1,151936""",INT32,ND,"""1,151936""",INT64,ND,N/A
0,4294967295,2833,46,aclnnGtScalar_GreaterAiCore_Greater,Greater,dynamic,AI_VECTOR_CORE,1790170486871634.307	,10.440,0.000000,48,0,NO,"""1,151936;""",INT64;INT64,ND;ND,"""1,151936""",BOOL,ND,N/A
0,4294967295,2834,46,apply_all_penalties_kernel,apply_all_penalties_kernel,static,AI_VECTOR_CORE,1790170486871757.652	,76.243,113.060000,1,0,YES,"""1,151936;1,151936;1,151936;1,151936""",FLOAT;BOOL;BOOL;INT32,ND;ND;ND;ND,"""1,151936""",FLOAT,ND,N/A
0,4294967295,2835,46,aclnnArgMax_ArgMaxV2AiCore_ArgMaxV2,ArgMaxV2,dynamic,AI_VECTOR_CORE,1790170486871833.915	,18.640,0.007000,1,0,NO,"""1,151936;""",FLOAT;INT64,ND;ND,"""1""",INT32,ND,N/A
0,4294967295,2836,46,aclnnArgMax_CastAiCore_Cast,Cast,dynamic,AI_VECTOR_CORE,1790170486871852.575	,0.840,0.000000,1,0,NO,"""1""",INT32,ND,"""1""",INT64,ND,N/A
0,4294967295,2837,46,aclnnInplaceCopy_CastAiCore_Cast,Cast,dynamic,AI_VECTOR_CORE,1790170486871853.436	,1.260,0.160000,1,0,NO,"""1""",INT64,ND,"""1""",INT32,ND,N/A
